"chr,position",88,108,139,159,265,350,351,403,410,424,428,430,470,476,484,504,506,531,544,546,628,630,680,681,685,687,728,742,763,765,766,768,772,801,853,854,867,868,870,915,932,991,992,997,1002,1006,1061,1062,1063,1066,1070,1158,1166,1254,1257,1313,1317,1552,1612,1622,1651,1652,1676,1684,1739,1741,1756,1757,1793,1797,1819,1820,1829,1834,1835,1851,1852,1853,1872,1890,1925,1942,1943,1954,2016,2017,2031,2053,2057,2081,2091,2106,2108,2141,2159,2166,2171,2191,2202,2212,2239,2240,2276,2278,2285,2286,2317,2370,2412,4779,4807,4826,4840,4857,4884,4900,4939,4958,5023,5104,5151,5165,5210,5236,5249,5253,5276,5279,5349,5353,5395,5486,5577,5644,5651,5717,5718,5720,5726,5741,5748,5757,5768,5772,5776,5779,5784,5798,5800,5811,5822,5830,5831,5832,5836,5837,5856,5860,5865,5867,5874,5890,5893,5907,5921,5950,5984,5993,6008,6009,6010,6011,6012,6013,6016,6017,6019,6020,6021,6022,6023,6024,6025,6030,6034,6035,6036,6038,6039,6040,6041,6042,6043,6046,6064,6069,6070,6071,6073,6074,6076,6077,6085,6086,6087,6088,6090,6091,6092,6094,6095,6096,6097,6098,6099,6100,6101,6102,6104,6105,6106,6107,6108,6109,6111,6112,6113,6114,6115,6118,6119,6122,6123,6124,6125,6126,6128,6131,6132,6133,6134,6136,6137,6138,6140,6141,6142,6145,6148,6149,6150,6151,6153,6154,6163,6166,6169,6172,6173,6174,6177,6180,6184,6188,6189,6191,6192,6193,6194,6195,6198,6201,6202,6203,6209,6210,6214,6216,6217,6218,6220,6221,6231,6235,6237,6238,6240,6241,6242,6243,6244,6252,6255,6258,6268,6276,6284,6296,6390,6396,6413,6424,6434,6445,6680,6739,6740,6744,6749,6750,6805,6806,6814,6830,6897,6898,6900,6901,6903,6904,6907,6908,6909,6911,6913,6915,6917,6918,6919,6920,6922,6923,6924,6926,6927,6929,6931,6932,6933,6938,6940,6943,6944,6945,6951,6956,6957,6958,6959,6960,6961,6963,6966,6967,6968,6969,6970,6971,6973,6974,6975,6976,6979,6981,6982,6984,6986,6987,6989,6990,6992,6997,7000,7002,7003,7008,7013,7014,7025,7026,7028,7031,7033,7036,7058,7061,7062,7063,7064,7067,7068,7071,7072,7077,7081,7092,7094,7096,7102,7103,7106,7107,7109,7111,7117,7119,7120,7125,7126,7127,7130,7133,7138,7143,7147,7158,7160,7161,7162,7163,7164,7165,7169,7177,7181,7183,7186,7192,7199,7202,7203,7207,7208,7209,7213,7217,7218,7223,7231,7236,7244,7248,7250,7255,7258,7268,7273,7276,7280,7282,7287,7288,7296,7298,7305,7306,7307,7314,7316,7319,7320,7322,7323,7327,7328,7332,7333,7337,7342,7343,7344,7346,7347,7349,7350,7353,7354,7356,7358,7359,7372,7373,7377,7378,7382,7383,7384,7387,7394,7396,7404,7411,7413,7415,7416,7417,7418,7419,7424,7427,7430,7460,7461,7471,7475,7477,7514,7515,7516,7517,7520,7521,7523,7525,7529,7530,7566,7568,7717,7757,7767,7917,7947,8037,8057,8077,8132,8171,8214,8222,8227,8230,8231,8233,8234,8235,8236,8237,8238,8239,8240,8241,8242,8243,8244,8246,8247,8249,8256,8258,8259,8264,8283,8284,8285,8290,8297,8306,8307,8311,8312,8326,8334,8335,8337,8343,8351,8354,8357,8365,8366,8369,8376,8386,8387,8419,8420,8422,8424,8426,8427,8464,8483,8699,8723,9027,9057,9058,9067,9069,9070,9075,9078,9079,9081,9084,9085,9089,9091,9095,9099,9100,9102,9103,9104,9105,9106,9111,9113,9114,9115,9121,9125,9128,9130,9131,9133,9134,9298,9312,9314,9321,9323,9332,9336,9339,9343,9352,9353,9363,9369,9370,9371,9380,9381,9382,9383,9386,9388,9390,9391,9392,9394,9395,9399,9402,9404,9405,9407,9408,9409,9412,9413,9416,9421,9427,9433,9436,9437,9442,9450,9451,9452,9453,9454,9455,9470,9471,9476,9481,9503,9506,9507,9508,9509,9510,9511,9512,9513,9514,9515,9517,9518,9519,9520,9521,9522,9523,9524,9525,9526,9527,9528,9529,9530,9531,9532,9533,9534,9535,9536,9537,9539,9540,9541,9542,9543,9544,9545,9546,9547,9548,9549,9550,9551,9552,9553,9554,9555,9556,9557,9558,9559,9560,9561,9562,9564,9565,9567,9568,9569,9571,9573,9574,9576,9577,9578,9579,9581,9582,9583,9584,9585,9586,9587,9588,9589,9590,9591,9592,9593,9594,9595,9596,9597,9598,9599,9600,9601,9602,9606,9607,9608,9609,9610,9611,9612,9613,9615,9616,9617,9619,9620,9621,9622,9624,9625,9626,9627,9628,9629,9630,9631,9632,9633,9634,9635,9636,9637,9638,9639,9640,9641,9642,9643,9644,9645,9646,9647,9648,9649,9651,9653,9655,9656,9657,9658,9659,9660,9661,9663,9664,9665,9666,9667,9668,9669,9670,9671,9672,9673,9676,9677,9678,9679,9680,9681,9682,9683,9684,9685,9686,9687,9689,9690,9691,9692,9693,9694,9695,9696,9697,9698,9699,9700,9701,9703,9704,9705,9706,9707,9708,9709,9710,9711,9712,9713,9714,9716,9717,9718,9719,9720,9721,9722,9723,9725,9726,9727,9728,9729,9730,9731,9732,9733,9735,9736,9737,9738,9739,9741,9743,9744,9745,9747,9748,9749,9754,9755,9756,9757,9758,9759,9761,9762,9764,9766,9768,9769,9770,9771,9772,9774,9775,9776,9777,9778,9779,9780,9781,9782,9783,9784,9785,9786,9787,9788,9789,9790,9791,9792,9793,9794,9795,9796,9797,9798,9799,9800,9801,9802,9803,9804,9805,9806,9807,9808,9809,9810,9811,9812,9813,9814,9815,9816,9817,9819,9820,9821,9822,9823,9824,9825,9826,9827,9828,9830,9831,9832,9833,9834,9835,9836,9837,9838,9839,9840,9841,9843,9844,9845,9846,9847,9848,9849,9850,9851,9852,9853,9854,9855,9856,9857,9858,9859,9860,9861,9862,9864,9866,9867,9868,9869,9870,9871,9873,9874,9875,9876,9877,9878,9879,9880,9881,9882,9883,9885,9886,9887,9888,9890,9891,9892,9894,9895,9897,9898,9899,9900,9901,9902,9903,9904,9905,9906,9908,9909,9910,9911,9912,9914,9915,9917,9918,9920,9921,9924,9925,9926,9927,9928,9929,9930,9932,9933,9935,9937,9938,9939,9941,9942,9943,9944,9945,9946,9947,9948,9949,9950,9951,9952,9953,9955,9956,9957,9958,9959,9960,9962,9963,9964,9965,9966,9968,9969,9970,9971,9972,9973,9974,9975,9976,9978,9979,9980,9981,9982,9983,9984,9985,9986,9987,9988,9990,9991,9993,9995,9996,9997,9998,9999,10001,10002,10004,10005,10006,10008,10009,10010,10011,10012,10013,10014,10015,10017,10018,10020,10022,10023,10027,14312,14313,14314,14315,14318,14319,15560,15591,15592,15593,18694,18696,19949,19950,19951
"chr1,13050677",3,4,5,6,5,6,-20,7,5,11,2,5,30,30,17,13,15,14,77,61,42,7,48,37,50,36,35,34,13,-20,4,6,12,3,66,65,23,16,19,-20,-20,-20,10,11,20,35,6,55,9,11,12,39,66,35,24,23,52,-20,25,31,39,30,40,28,18,9,24,46,50,19,31,22,32,19,23,44,25,4,-20,14,-20,16,12,13,15,21,29,43,33,18,12,21,24,33,33,28,9,30,-20,45,29,33,4,19,25,37,6,26,28,10,13,-20,30,37,7,-20,41,10,-20,3,5,13,7,7,46,7,3,40,9,13,31,-20,-20,4,33,34,42,-20,5,8,9,8,-20,8,30,-20,6,-20,6,9,4,5,10,16,23,19,3,-20,79,9,4,3,10,4,4,10,12,5,5,14,44,61,19,16,5,22,6,10,14,85,13,13,-20,-20,29,-20,8,14,5,9,18,18,-20,-20,5,10,11,15,14,5,9,23,30,10,51,7,14,60,9,24,37,22,18,22,9,-20,49,10,14,9,-20,14,17,-20,11,6,9,13,33,47,38,19,36,24,9,10,15,14,16,20,39,15,13,16,5,23,12,8,17,19,12,22,-20,-20,-20,-20,14,16,15,7,-20,9,-20,-20,12,12,19,4,26,-20,-20,20,15,27,14,12,47,-20,17,40,-20,-20,5,45,14,26,10,3,4,7,7,21,-20,6,49,30,26,3,7,-20,-20,3,5,5,9,32,19,-20,27,27,41,52,41,61,20,3,-20,-20,8,72,15,-20,15,18,13,11,10,10,10,22,-20,10,-20,6,33,6,6,32,63,17,-20,27,-20,-20,-20,8,6,8,-20,12,-20,10,8,15,-20,8,6,13,17,10,8,20,16,8,-20,-20,11,6,4,7,16,10,16,34,16,11,11,48,10,11,7,8,-20,13,6,4,10,15,7,13,9,13,9,9,-20,6,12,14,-20,5,13,11,-20,13,-20,13,6,4,9,6,6,11,15,11,9,9,15,-20,9,4,10,7,6,7,11,15,10,9,17,16,13,10,89,25,16,8,9,7,14,3,3,18,-20,5,-20,-20,14,4,9,17,68,15,10,9,11,3,8,17,-20,-20,8,7,16,11,22,7,10,6,14,-20,4,-20,7,11,13,4,-20,10,54,28,16,12,12,5,5,7,7,7,5,27,7,8,13,-20,19,18,7,17,4,14,7,4,12,13,53,4,10,8,14,-20,-20,-20,7,5,35,39,32,39,-20,33,34,-20,7,26,25,11,4,39,8,5,-20,7,8,-20,28,5,7,11,-20,9,-20,8,13,17,13,12,8,9,10,17,17,25,-20,10,10,17,12,12,41,18,14,50,20,16,5,4,-20,4,39,16,22,9,-20,18,4,-20,9,-20,20,25,18,50,36,22,22,25,11,27,9,25,6,6,22,5,10,6,10,-20,7,8,5,12,15,10,19,21,3,46,-20,7,5,9,21,13,12,20,13,19,7,4,8,17,10,14,67,17,44,23,24,25,13,27,-20,51,37,7,32,-20,-20,17,49,54,6,9,-20,18,69,15,3,13,6,16,52,15,12,23,16,29,17,43,-20,14,12,54,17,21,18,11,10,15,11,10,17,8,6,10,12,6,-20,10,22,-20,8,8,10,16,13,15,14,-20,11,-20,4,9,8,5,15,9,7,18,9,-20,7,10,20,-20,19,-20,4,4,13,17,-20,8,7,8,17,8,-20,8,20,12,5,-20,-20,8,13,9,8,18,8,15,9,5,9,9,4,11,8,14,20,-20,16,8,13,5,13,19,9,12,15,7,9,5,13,7,11,8,10,8,7,5,8,10,6,10,10,9,11,9,3,11,9,14,6,11,7,6,9,4,10,5,8,7,4,11,10,10,5,-20,9,10,8,6,7,12,7,-20,-20,-20,8,11,16,6,10,11,-20,12,9,11,10,8,9,11,-20,10,8,10,8,15,22,3,11,5,5,6,4,11,12,11,3,33,3,24,15,6,9,7,5,9,7,15,3,6,15,16,12,5,13,10,10,21,10,14,10,13,3,6,5,8,12,6,11,5,6,6,19,11,12,8,-20,5,11,10,5,14,8,12,6,10,9,11,8,9,14,7,8,-20,15,12,5,8,7,16,9,62,4,12,22,12,10,22,7,14,8,11,16,-20,9,12,16,10,15,19,5,12,11,17,15,17,15,9,7,18,18,15,17,6,14,11,12,13,12,4,14,19,6,8,11,7,22,7,12,5,3,5,11,23,12,-20,11,9,9,11,11,7,4,11,9,8,-20,15,9,14,11,11,-20,11,5,4,11,6,13,-20,10,9,6,7,11,8,11,5,6,5,3,3,10,5,-20,11,9,12,-20,12,11,7,6,8,-20,8,10,4,9,15,7,5,9,9,-20,11,5,35,-20,5,12,3,13,8,6,12,12,13,9,-20,15,8,3,-20,15,4,9,5,11,4,5,5,4,-20,8,9,4,4,7,5,10,5,17,11,-20,-20,11,22,15,-20,-20,5,11,5,11,5,-20,5,-20,20,-20,13,7,4,4,3,9,-20,-20,-20,7,-20,14,5,-20,-20,9,-20,8,4,4,6,-20,-20,-20,5,4,3,-20,-20,7,4,6,-20,7,-20,4,3,8,-20,5,2,-20,-20,-20,10,5,-20,7,14,-20,13,4,31,23,10,24,23,31,29,28,51,49,46,37,71,44,58,39,28,43
"chr1,13050678",3,4,-20,6,5,6,-20,7,5,11,2,5,31,29,17,14,17,14,77,61,42,7,49,37,50,36,35,35,13,-20,-20,-20,12,3,65,65,23,16,19,6,8,36,10,11,20,35,6,56,9,11,12,38,65,36,-20,23,52,-20,25,30,39,30,39,28,18,9,24,46,49,19,31,22,32,19,23,45,25,4,-20,14,-20,18,11,13,15,20,29,44,34,18,12,21,24,34,32,28,9,30,-20,45,28,33,4,19,25,36,6,28,28,10,13,-20,27,37,7,4,45,10,-20,3,5,13,7,7,45,7,3,40,9,14,33,4,4,4,33,35,38,-20,5,8,9,8,-20,8,30,-20,6,48,6,9,4,5,10,17,22,20,3,-20,79,9,5,3,10,4,4,10,12,-20,5,15,45,63,19,16,5,24,6,11,-20,85,14,13,-20,-20,32,-20,8,14,5,9,18,19,-20,-20,5,10,13,16,14,5,6,23,30,10,-20,9,15,61,9,25,38,21,20,22,11,-20,47,11,14,9,-20,14,17,-20,10,8,9,15,35,48,38,19,36,24,9,9,15,14,16,18,39,16,13,16,5,23,13,8,15,20,12,21,-20,-20,-20,-20,14,18,15,7,-20,9,-20,-20,12,12,19,4,26,-20,-20,20,15,27,14,12,49,-20,19,38,-20,-20,4,49,14,25,12,3,4,7,7,21,-20,7,46,30,27,3,7,-20,-20,3,5,5,9,31,19,-20,26,28,41,52,40,60,20,3,-20,-20,8,72,15,22,15,18,13,11,10,-20,-20,23,7,10,-20,5,33,6,7,32,63,18,4,27,15,-20,-20,8,6,8,18,12,-20,10,8,17,-20,8,6,12,20,10,8,20,16,7,-20,20,11,5,4,7,16,10,17,34,17,11,12,49,11,11,7,8,-20,13,7,5,10,14,7,13,9,12,9,9,-20,6,12,13,-20,5,13,11,8,13,2,13,6,4,9,6,6,10,15,11,9,9,14,-20,9,4,10,7,6,-20,12,16,10,9,17,17,13,11,92,25,16,9,10,7,14,3,3,17,8,5,-20,-20,14,4,10,18,68,14,10,9,10,3,8,17,-20,-20,8,7,16,11,22,7,10,6,14,-20,4,-20,7,11,13,4,-20,10,53,28,16,10,12,5,5,7,7,7,5,27,7,6,14,-20,20,19,7,17,4,13,8,4,11,13,53,4,11,8,14,-20,-20,-20,7,5,37,38,31,39,-20,33,35,10,7,25,25,11,4,36,6,5,-20,7,8,10,-20,5,7,11,-20,9,-20,9,13,17,11,14,8,9,10,18,17,26,-20,10,10,17,12,13,41,18,14,49,20,16,4,4,-20,4,38,16,22,9,-20,19,4,17,9,10,19,26,18,47,36,22,22,25,11,27,9,26,6,6,22,5,13,6,10,-20,7,9,5,11,15,11,19,21,3,46,-20,7,5,9,21,13,12,20,13,19,6,4,8,17,10,14,68,-20,44,23,-20,26,13,26,-20,53,37,7,30,-20,-20,17,49,57,9,9,-20,21,70,15,3,13,6,17,53,14,12,23,16,28,17,43,-20,14,12,54,17,19,18,10,10,15,11,10,17,8,6,10,12,6,-20,10,22,-20,8,8,10,16,14,15,14,-20,-20,-20,4,9,8,5,15,9,7,18,9,-20,7,10,20,-20,19,-20,4,4,13,17,2,8,7,8,17,8,13,9,20,12,4,-20,-20,8,13,9,8,17,8,15,9,5,9,9,4,12,8,14,20,-20,15,8,13,5,13,20,9,13,15,7,9,5,13,7,11,8,10,-20,7,5,8,10,6,10,10,9,10,9,3,11,9,14,6,11,7,5,-20,4,10,5,8,-20,4,11,10,10,5,-20,9,10,8,6,7,-20,7,-20,-20,-20,8,11,16,6,10,11,-20,12,9,11,10,8,9,11,4,10,8,10,8,14,21,3,11,5,5,6,4,11,12,11,3,33,3,24,15,6,9,7,5,9,7,15,-20,6,15,17,12,5,13,10,10,21,10,14,10,12,3,6,5,8,12,6,11,5,6,7,19,11,12,8,-20,5,10,10,5,15,8,12,6,10,9,11,8,9,14,7,8,24,15,12,5,8,7,16,9,61,4,12,22,12,10,22,7,14,8,11,16,3,9,12,16,10,15,19,5,12,11,18,14,16,15,9,7,17,19,15,17,6,13,11,12,13,12,4,14,19,6,8,11,7,22,7,12,5,3,-20,12,23,12,-20,11,9,9,11,12,9,4,11,9,8,-20,15,10,13,11,11,7,11,5,4,11,6,13,-20,10,9,6,7,11,8,11,5,6,5,3,-20,10,5,-20,11,9,11,-20,12,11,7,6,8,5,8,10,5,-20,15,7,5,9,9,-20,11,5,34,-20,5,12,4,13,8,6,12,12,13,9,4,15,8,3,3,14,4,9,5,11,4,5,5,4,-20,9,9,4,4,-20,5,10,-20,17,11,5,4,12,22,17,-20,-20,4,13,5,11,4,-20,6,-20,19,-20,13,7,3,5,3,9,9,-20,-20,7,5,15,5,-20,-20,9,-20,8,4,4,6,2,4,4,5,3,3,4,-20,8,4,6,-20,6,-20,5,3,7,-20,5,3,-20,-20,-20,10,6,-20,8,14,-20,-20,4,31,21,10,23,23,31,29,29,51,51,46,37,67,45,58,38,27,41
"chr1,13050682",3,4,5,6,4,6,-20,7,5,11,2,5,33,27,17,15,19,15,78,61,43,8,48,37,48,37,35,35,15,-20,4,6,11,3,64,64,23,19,19,6,8,35,10,11,19,37,7,54,9,10,11,36,67,37,26,22,55,-20,24,31,43,34,39,27,18,10,24,46,49,21,31,26,33,18,24,45,26,4,-20,14,-20,22,11,13,17,23,28,45,34,18,15,21,24,33,34,28,12,28,-20,45,28,32,-20,19,26,33,6,32,27,10,13,-20,29,36,7,4,44,10,-20,3,5,14,7,7,46,7,3,43,9,14,35,4,4,4,33,38,40,-20,5,8,9,8,-20,-20,30,-20,6,47,6,10,-20,6,11,18,24,20,3,-20,84,12,-20,3,10,4,4,9,12,5,5,15,42,61,19,17,5,20,7,11,16,79,13,13,-20,-20,32,-20,15,17,6,10,20,24,-20,-20,7,10,13,17,13,6,6,21,29,9,53,11,19,59,10,-20,37,24,22,22,13,-20,49,10,14,9,-20,15,18,-20,9,11,9,15,34,49,43,21,37,23,9,9,15,16,17,23,43,17,10,16,7,23,11,9,14,20,13,20,-20,-20,-20,-20,14,19,17,7,-20,11,-20,-20,13,11,20,12,31,-20,-20,26,17,28,13,12,48,-20,17,37,-20,-20,3,49,13,25,13,3,7,5,7,22,-20,7,47,29,25,3,7,-20,24,3,5,5,9,33,18,-20,26,28,38,53,44,59,20,-20,-20,-20,8,69,17,21,12,19,14,10,13,10,10,26,7,10,-20,6,33,6,6,32,64,18,-20,26,14,-20,-20,7,7,8,17,11,-20,10,9,19,-20,9,6,12,20,-20,7,18,18,9,-20,22,10,4,5,7,12,10,17,34,19,-20,13,50,11,11,6,8,6,13,-20,5,8,13,7,14,9,11,9,9,4,6,12,13,-20,6,12,10,8,17,2,14,6,4,8,6,5,10,16,11,10,10,14,-20,9,4,10,7,6,8,14,16,11,10,18,16,13,11,93,22,18,6,10,8,13,3,-20,18,8,6,-20,4,14,4,10,18,71,15,10,10,11,3,8,18,-20,-20,8,6,16,12,21,8,10,5,14,-20,4,-20,6,13,14,4,3,12,56,28,17,7,13,5,-20,7,-20,10,5,27,7,6,14,-20,18,17,7,18,4,12,8,4,-20,12,53,5,12,8,13,-20,-20,-20,7,5,36,39,32,38,5,38,34,10,7,23,26,11,4,36,6,8,-20,8,9,-20,28,5,7,11,-20,9,4,12,19,17,-20,14,-20,10,12,20,21,25,6,10,10,16,11,17,41,19,14,48,20,17,4,5,-20,5,34,17,21,11,-20,18,5,17,9,13,21,27,20,49,37,22,23,25,11,27,9,26,6,7,21,5,13,5,10,-20,7,8,3,11,14,11,19,21,3,44,-20,7,4,9,22,13,13,20,12,18,6,4,7,16,8,14,65,19,45,26,25,24,13,-20,-20,56,32,6,31,-20,-20,16,52,57,13,10,-20,25,75,15,3,12,10,17,53,16,12,23,17,28,23,48,2,17,12,53,17,19,19,7,13,15,11,10,18,8,6,10,14,-20,-20,10,22,-20,8,8,10,16,14,15,13,-20,10,-20,4,10,8,-20,15,9,8,18,10,-20,7,10,19,-20,19,-20,-20,5,14,18,2,8,7,8,16,8,14,10,20,12,4,-20,-20,9,13,9,8,17,9,15,9,5,9,9,4,11,9,13,20,-20,15,9,13,7,13,20,11,13,15,8,9,5,14,7,11,8,10,8,7,5,8,10,7,10,10,9,11,9,4,11,10,14,6,11,7,5,9,4,10,5,9,8,4,11,10,10,5,-20,10,10,7,6,7,10,8,-20,-20,-20,7,11,16,6,10,10,-20,12,9,11,10,8,10,11,4,10,8,10,8,15,21,4,11,5,5,6,4,11,12,11,3,34,6,24,15,6,10,7,5,9,7,-20,-20,7,15,17,12,5,15,11,10,21,10,14,11,15,3,6,5,7,12,6,11,5,6,7,18,11,12,9,-20,6,11,10,5,15,8,13,7,9,9,12,8,10,14,7,8,24,15,12,5,8,7,16,9,63,5,13,22,12,11,24,7,14,9,12,16,-20,9,12,16,12,14,20,5,12,11,20,15,16,15,10,8,16,19,15,18,-20,14,11,12,14,12,4,14,19,5,8,11,7,22,7,12,5,4,4,12,23,12,-20,10,9,9,11,12,9,4,11,9,9,-20,15,10,14,11,11,7,11,6,4,10,-20,13,-20,10,9,7,7,11,11,11,5,6,5,3,-20,10,5,-20,13,9,11,-20,11,12,7,6,8,-20,6,11,5,8,15,8,5,9,10,-20,11,5,38,-20,5,12,4,13,8,6,12,12,14,9,4,14,8,3,3,15,4,10,5,12,-20,-20,5,-20,-20,9,9,4,4,8,5,10,-20,17,11,7,3,18,22,15,-20,-20,4,13,5,12,-20,3,9,-20,22,3,10,5,4,-20,-20,-20,12,-20,-20,5,6,15,5,3,-20,8,-20,10,4,-20,5,3,-20,-20,5,-20,5,-20,-20,8,3,5,-20,7,-20,4,5,11,-20,4,2,-20,-20,-20,-20,5,-20,8,14,4,13,4,32,18,11,22,22,31,29,-20,49,51,46,37,67,44,56,35,28,42
"chr1,13050685",3,4,-20,7,5,-20,-20,7,5,10,2,4,33,25,18,14,20,16,76,62,44,11,48,37,49,36,34,35,15,3,4,6,11,4,65,65,24,18,20,6,9,36,10,11,19,40,-20,51,9,9,14,36,70,37,26,19,59,-20,24,30,41,34,39,25,18,10,25,46,52,21,31,26,33,18,22,44,29,4,-20,13,-20,23,11,13,20,24,28,44,34,19,16,21,23,34,30,27,12,30,-20,47,28,32,5,22,27,38,6,33,30,11,14,-20,33,37,7,4,45,10,-20,3,3,14,7,6,46,8,4,46,10,12,34,4,4,3,32,39,40,-20,5,9,10,10,-20,-20,30,-20,7,45,6,11,-20,9,12,19,27,20,3,-20,81,14,-20,3,10,4,4,9,12,5,5,17,42,62,19,17,8,21,10,11,18,77,13,13,-20,-20,34,-20,16,18,5,10,19,23,-20,-20,6,9,13,18,12,6,5,21,28,8,53,11,18,60,10,19,41,24,25,23,14,-20,49,9,14,9,-20,24,20,-20,9,11,9,14,33,47,43,21,40,23,10,9,17,16,17,22,44,17,9,16,7,22,13,11,14,-20,15,19,-20,-20,-20,-20,12,19,15,7,-20,10,-20,-20,18,11,21,12,34,-20,-20,28,21,30,14,12,48,-20,16,35,-20,-20,3,47,12,25,13,3,7,6,6,23,-20,7,47,25,28,4,7,-20,24,3,6,5,9,32,20,-20,24,28,36,51,42,64,21,-20,-20,-20,8,65,18,20,12,20,14,10,13,8,10,26,6,9,-20,7,33,6,6,32,66,20,4,28,14,-20,-20,7,7,9,17,14,3,10,8,20,-20,8,6,13,24,9,8,19,19,9,-20,22,10,-20,-20,8,11,10,18,35,19,-20,14,52,15,11,7,9,6,12,7,5,-20,13,-20,14,9,11,9,9,4,6,11,12,-20,7,12,11,8,16,2,12,6,-20,8,6,5,11,15,11,10,10,14,-20,10,4,9,7,6,8,13,16,12,11,19,16,13,11,95,24,19,6,11,8,13,3,-20,16,8,5,-20,5,13,4,11,19,74,14,12,11,11,4,9,19,-20,-20,8,7,14,12,20,8,10,5,14,-20,4,-20,-20,13,14,4,3,12,56,28,19,6,13,5,-20,6,-20,10,4,27,6,6,13,-20,18,18,7,19,4,12,8,4,11,14,52,7,12,8,13,-20,-20,-20,8,6,36,38,30,38,5,39,36,10,7,25,24,13,4,35,6,9,-20,11,9,10,30,5,7,11,-20,9,14,12,19,17,14,15,8,10,12,21,22,26,6,10,10,18,11,19,39,19,14,53,20,17,4,5,-20,5,37,16,23,11,-20,17,5,17,9,15,22,27,19,50,35,24,22,24,14,28,11,26,6,11,20,6,15,9,10,-20,10,8,2,11,13,11,19,19,3,38,-20,7,-20,13,21,17,17,27,12,20,-20,4,9,16,7,14,64,20,46,29,26,21,13,25,-20,53,31,-20,31,-20,-20,18,52,62,14,10,-20,33,72,15,3,12,11,17,53,16,-20,22,20,26,29,46,3,17,10,52,17,17,22,8,14,15,11,10,19,8,8,9,14,10,-20,8,22,-20,8,8,12,21,13,14,13,-20,15,7,4,9,8,-20,15,10,9,16,12,-20,8,9,21,4,21,-20,5,6,13,16,-20,7,7,10,19,8,15,11,21,12,3,-20,-20,9,13,9,7,17,11,15,11,3,11,9,4,12,10,17,20,-20,18,9,15,7,16,20,11,12,15,8,11,9,16,7,10,8,12,8,7,5,9,9,7,10,10,9,11,8,5,13,10,14,6,11,5,5,10,4,9,6,10,9,4,11,11,10,6,4,11,12,7,7,6,10,8,-20,-20,-20,8,9,15,8,10,12,-20,15,10,12,9,9,10,10,-20,10,7,11,9,14,23,4,11,5,5,5,3,10,11,12,3,32,6,25,15,6,10,9,7,10,6,16,-20,7,15,17,12,6,16,10,10,25,11,14,12,16,3,7,6,9,14,7,13,5,6,7,19,12,12,9,-20,8,12,10,5,15,10,13,7,9,10,12,8,11,14,8,7,30,19,12,5,8,6,15,9,64,5,18,27,11,11,27,9,13,10,13,17,-20,10,11,20,14,17,21,5,13,10,19,13,17,15,9,8,17,21,15,16,-20,16,12,12,14,11,5,15,18,4,9,10,7,21,7,16,7,5,5,12,24,11,3,10,9,10,10,15,11,4,10,8,10,-20,14,10,14,11,10,9,12,8,3,8,5,13,-20,9,9,9,8,12,14,11,5,7,7,-20,-20,11,5,-20,14,9,11,-20,11,12,6,6,8,5,7,15,5,7,15,8,5,-20,9,-20,11,6,37,-20,8,12,4,13,8,7,11,16,14,10,10,15,8,3,3,15,3,10,5,11,-20,5,5,-20,-20,10,10,4,4,8,5,12,-20,14,12,8,3,18,21,14,-20,-20,-20,12,5,14,4,4,9,-20,18,-20,12,5,5,7,3,9,14,-20,-20,7,6,15,3,4,-20,9,-20,11,4,-20,-20,3,4,2,6,-20,6,4,-20,7,5,4,-20,7,-20,5,-20,12,-20,4,2,4,-20,-20,8,4,-20,6,11,4,12,4,31,19,11,20,22,31,29,29,46,53,46,37,66,46,61,36,25,41
"chr1,13050689",-20,4,-20,7,5,-20,-20,7,7,10,-20,4,32,26,18,14,23,16,79,60,45,11,49,34,51,38,34,36,15,3,6,6,7,5,64,64,23,18,20,5,-20,34,-20,11,20,38,8,51,9,9,16,34,71,34,24,17,58,-20,24,30,40,36,39,28,14,9,26,49,57,21,31,27,28,22,21,45,29,3,-20,13,-20,24,11,12,20,24,27,45,39,17,14,22,24,34,34,26,12,33,-20,44,27,31,5,20,28,38,6,30,31,12,12,-20,32,35,7,4,44,9,-20,3,-20,14,6,7,46,-20,4,45,8,10,34,4,4,-20,31,38,39,-20,-20,9,9,9,-20,-20,31,-20,8,49,6,10,3,10,12,24,27,21,3,-20,85,14,5,-20,9,4,4,8,11,6,4,16,45,61,19,17,9,24,11,11,16,75,12,13,-20,-20,35,-20,17,17,5,9,19,28,-20,-20,6,9,12,17,15,6,5,23,28,11,54,11,21,64,10,17,42,24,26,21,13,-20,51,9,15,9,-20,26,22,-20,12,11,-20,17,34,43,40,-20,38,24,11,10,18,16,17,24,41,19,9,16,7,19,13,12,11,19,11,25,-20,-20,-20,-20,15,15,20,9,-20,13,-20,-20,20,12,20,14,35,-20,-20,27,27,30,16,11,49,-20,15,39,-20,-20,-20,48,11,23,12,4,7,6,5,21,-20,6,47,26,32,3,6,-20,24,-20,6,5,8,32,19,-20,24,27,33,51,43,64,22,-20,-20,-20,6,67,18,19,12,22,14,10,14,7,9,30,5,-20,-20,8,35,7,6,32,62,19,4,28,13,-20,-20,-20,7,9,19,15,4,10,8,20,4,7,8,13,27,7,9,19,20,11,-20,22,11,-20,6,10,10,9,19,37,20,-20,16,55,16,11,7,9,6,13,7,5,-20,13,7,15,7,10,9,7,4,6,12,13,-20,8,11,11,8,18,6,12,6,-20,7,9,-20,10,16,11,12,11,13,-20,10,4,9,7,6,8,13,17,12,11,20,17,15,11,99,24,20,6,10,7,13,3,-20,16,7,7,-20,5,13,-20,12,18,77,16,12,11,11,4,9,20,-20,-20,8,8,14,13,19,8,10,6,17,-20,4,-20,7,12,13,4,3,13,56,26,19,-20,14,5,-20,-20,-20,10,5,25,6,6,13,-20,19,14,6,16,4,12,8,4,10,14,52,7,12,-20,13,4,-20,-20,8,5,35,42,31,39,6,39,39,11,5,26,24,10,6,40,7,19,-20,13,10,8,27,5,7,12,-20,9,15,17,19,16,14,14,8,10,12,20,23,27,5,10,8,17,12,19,37,19,12,53,21,20,4,5,-20,5,37,14,22,12,-20,17,8,16,10,25,21,30,20,51,36,26,24,26,18,29,11,28,5,11,19,6,15,9,11,-20,9,8,3,12,12,12,19,19,3,39,-20,6,-20,13,20,17,17,25,13,21,-20,5,9,17,8,13,70,21,48,29,25,22,13,24,-20,54,28,-20,32,-20,-20,18,55,61,16,10,-20,34,78,14,-20,12,11,22,53,17,-20,25,23,28,30,48,3,20,10,57,13,18,23,12,14,12,9,14,19,8,8,9,14,9,-20,8,19,-20,8,8,10,20,12,13,13,-20,14,9,4,9,8,-20,14,11,8,13,13,-20,8,9,22,4,20,-20,6,6,12,17,3,7,8,11,-20,10,17,12,21,11,-20,-20,-20,9,14,9,7,15,11,15,12,3,12,11,4,14,10,17,19,4,17,8,13,8,15,20,10,10,14,7,10,9,14,6,10,8,12,8,7,5,9,9,7,10,10,11,10,10,5,13,10,14,6,11,5,6,10,-20,10,5,10,10,5,10,9,11,7,4,10,11,5,7,6,10,6,-20,-20,-20,8,8,14,7,10,12,-20,14,10,12,8,8,11,9,5,10,8,11,8,13,21,5,11,5,6,5,3,10,11,11,3,30,6,23,15,6,8,7,7,10,6,17,-20,7,17,18,13,4,15,10,9,24,12,13,12,16,4,7,5,11,14,5,14,7,7,6,18,12,13,9,-20,8,13,10,6,13,11,12,7,10,11,10,7,9,13,8,6,29,18,12,5,10,7,16,9,66,5,20,25,13,11,25,9,13,10,14,15,3,12,10,19,13,17,23,5,12,9,21,12,15,14,9,10,15,20,16,17,-20,14,11,12,14,11,5,16,16,-20,8,10,6,20,10,15,8,5,5,13,21,11,5,11,7,12,12,14,12,6,11,8,9,-20,13,10,16,12,7,8,12,10,-20,8,5,11,-20,8,10,8,10,12,14,12,5,7,7,-20,-20,11,4,-20,14,9,14,-20,11,13,7,6,8,5,7,12,4,6,13,8,-20,9,9,-20,11,5,36,-20,8,14,4,14,8,7,12,17,14,9,11,15,7,3,3,15,3,10,5,10,-20,4,5,-20,-20,9,10,4,4,8,5,12,-20,11,12,8,3,22,27,20,-20,4,6,16,5,17,5,4,11,3,21,-20,16,7,7,7,4,9,16,-20,-20,7,8,17,-20,4,-20,11,-20,11,4,3,-20,-20,3,2,6,-20,6,4,-20,10,4,6,-20,9,-20,3,5,14,3,6,-20,-20,3,10,11,6,-20,4,15,7,13,5,33,19,11,20,25,32,28,28,46,53,42,37,66,50,59,32,22,38
"chr1,13050692",-20,4,-20,6,5,-20,-20,7,7,9,-20,3,32,27,18,13,22,16,79,58,44,11,47,34,50,37,33,34,17,3,6,5,8,5,62,63,24,18,20,5,8,36,9,11,20,39,-20,48,10,8,14,35,69,35,24,18,57,-20,24,30,38,34,40,26,14,11,26,49,57,20,29,27,28,22,22,47,26,3,-20,13,-20,24,11,12,20,23,27,45,39,16,14,20,23,33,33,27,11,36,-20,43,26,31,5,19,24,35,6,27,33,11,12,-20,33,33,7,4,40,9,-20,3,-20,16,6,7,47,8,4,42,8,9,31,4,5,3,29,36,38,-20,-20,9,8,9,-20,-20,30,-20,9,50,6,10,3,10,11,25,27,22,5,-20,85,14,5,-20,9,4,4,7,10,6,4,17,44,59,23,17,9,24,12,10,21,74,11,13,-20,-20,36,-20,20,16,5,9,22,29,-20,-20,-20,7,11,20,18,6,5,22,28,-20,-20,10,-20,63,8,17,42,23,25,19,-20,-20,51,7,13,10,-20,24,22,-20,-20,-20,6,15,33,41,39,-20,38,22,12,10,-20,14,20,25,42,-20,11,15,9,-20,14,-20,11,19,10,24,-20,-20,-20,-20,17,16,20,11,-20,-20,-20,-20,-20,12,-20,-20,40,-20,-20,27,30,27,17,10,47,-20,14,38,-20,-20,-20,46,11,23,12,4,7,6,6,20,4,6,46,26,40,3,6,-20,24,-20,6,5,7,30,19,-20,24,27,33,48,43,63,21,-20,-20,-20,5,65,18,19,12,-20,-20,10,-20,13,9,28,5,7,-20,8,35,6,4,32,63,19,-20,26,14,-20,-20,7,7,9,18,13,4,10,8,21,4,6,8,13,24,7,9,18,18,9,-20,22,11,-20,9,11,9,9,19,37,19,-20,14,57,15,11,7,9,5,13,6,5,-20,12,9,14,7,10,6,7,4,6,10,13,-20,8,11,12,8,-20,-20,12,6,-20,6,9,-20,11,15,11,12,11,12,-20,10,5,8,6,5,8,13,18,12,11,20,17,15,11,94,24,21,7,10,7,12,3,-20,17,7,-20,-20,5,12,-20,11,19,78,17,12,11,10,4,9,21,-20,-20,8,9,14,13,-20,8,11,6,16,-20,4,-20,7,12,13,4,-20,12,56,30,18,-20,13,5,-20,-20,-20,10,5,-20,6,7,-20,-20,18,-20,6,17,4,11,8,3,10,16,50,8,10,9,16,3,-20,-20,7,5,34,39,29,38,6,39,36,11,5,25,24,10,6,37,8,19,-20,-20,11,7,-20,5,8,11,-20,8,-20,-20,18,15,12,14,-20,10,14,24,25,25,5,11,10,17,13,-20,36,20,11,51,20,22,5,5,-20,4,37,14,22,13,-20,17,9,14,10,-20,21,27,19,50,35,25,23,24,-20,27,-20,25,5,11,18,6,16,10,11,-20,9,8,3,-20,9,13,18,19,-20,36,-20,4,-20,13,18,17,15,26,13,19,-20,6,9,19,8,13,68,20,50,27,24,22,11,25,-20,51,28,-20,32,-20,-20,19,55,59,-20,10,-20,35,75,13,-20,14,12,21,50,15,-20,22,24,-20,31,51,4,-20,10,50,12,20,22,11,14,11,8,14,18,8,7,10,13,9,-20,9,19,-20,7,9,10,19,12,13,11,-20,14,-20,5,10,-20,-20,13,-20,8,13,13,-20,-20,10,21,4,19,-20,6,6,10,16,-20,8,7,11,17,-20,-20,11,19,11,-20,-20,4,-20,11,9,5,13,11,13,13,3,12,-20,4,14,9,17,-20,4,-20,10,12,10,14,18,9,9,11,7,9,-20,14,4,9,8,-20,-20,6,5,8,9,7,10,9,11,9,10,5,14,9,14,6,11,5,5,10,3,9,5,9,10,5,10,9,11,7,4,10,12,4,7,5,9,6,-20,-20,-20,4,8,14,-20,10,11,-20,13,10,12,7,8,12,9,4,8,8,10,9,11,21,5,10,5,-20,5,-20,-20,10,11,3,30,6,22,15,5,8,8,7,9,5,-20,-20,7,16,16,13,4,15,10,9,23,12,12,12,14,-20,7,5,11,14,5,14,7,6,6,17,12,11,7,-20,8,13,9,6,13,11,12,7,10,11,10,-20,9,12,8,5,28,17,12,6,10,7,17,7,68,5,20,24,13,10,25,9,11,10,16,14,-20,12,10,21,13,16,23,5,12,9,22,11,15,13,8,10,15,20,15,18,-20,14,10,13,14,11,5,16,15,-20,8,9,6,19,10,16,7,6,5,12,20,9,6,11,7,12,-20,13,12,5,9,-20,9,-20,13,-20,-20,-20,6,8,12,10,3,7,5,11,-20,8,9,8,10,11,14,12,5,7,7,-20,-20,10,4,-20,13,10,14,-20,11,-20,7,6,7,5,7,12,3,6,12,8,-20,9,9,-20,11,5,36,-20,8,14,4,14,8,7,11,17,14,9,11,16,6,3,3,15,3,10,5,10,-20,4,3,-20,-20,9,10,4,4,8,5,12,-20,7,11,-20,3,-20,29,-20,-20,-20,-20,-20,7,-20,-20,-20,-20,-20,19,5,-20,-20,7,-20,4,8,-20,-20,-20,-20,-20,16,3,-20,-20,-20,-20,-20,4,-20,-20,-20,-20,-20,6,-20,5,4,-20,-20,3,7,-20,9,-20,-20,-20,13,3,7,7,6,3,-20,-20,-20,-20,8,12,4,13,5,29,18,11,18,24,32,27,27,44,53,43,37,64,50,58,33,23,36
"chr1,13050693",-20,4,-20,5,5,-20,-20,7,6,6,3,3,30,27,18,13,25,16,78,59,46,10,47,35,49,37,31,36,17,4,6,5,8,5,66,64,22,19,19,5,8,38,9,11,16,39,8,50,10,8,14,36,70,35,24,18,58,-20,24,31,35,34,40,29,16,11,26,48,56,20,29,28,24,22,23,48,26,3,-20,11,-20,23,10,13,20,23,25,45,39,17,15,21,22,33,34,27,11,37,-20,44,26,31,4,18,24,37,8,29,34,11,11,-20,33,35,7,4,42,10,-20,3,-20,16,5,7,47,8,4,43,8,9,32,5,5,3,27,37,37,-20,-20,10,7,10,-20,-20,30,-20,10,50,5,10,3,10,11,25,25,22,5,-20,86,14,4,-20,9,4,4,6,11,6,4,17,43,55,22,17,9,24,12,10,21,76,-20,12,-20,-20,36,-20,21,16,5,9,22,29,-20,-20,7,7,10,20,18,6,5,23,28,12,52,10,21,61,8,17,44,22,25,19,14,-20,52,7,13,9,-20,26,23,-20,12,13,7,14,36,42,40,19,37,22,12,10,18,14,20,24,43,21,11,14,9,20,14,12,11,18,10,23,-20,-20,-20,-20,17,16,20,11,-20,14,-20,-20,20,12,18,16,39,-20,-20,26,30,28,17,10,48,-20,15,38,-20,-20,-20,46,11,23,12,4,7,4,5,20,4,6,45,26,38,3,6,-20,25,-20,4,5,8,29,18,-20,25,28,33,46,41,65,21,-20,-20,-20,5,66,18,19,13,25,14,10,12,13,10,28,5,5,-20,9,35,6,4,31,62,19,5,26,15,-20,-20,7,7,10,17,14,4,10,8,23,4,7,8,14,25,7,9,18,19,9,-20,24,9,-20,7,11,9,9,19,37,19,-20,14,59,15,11,7,10,5,13,6,5,-20,12,9,14,7,10,5,7,5,6,11,13,-20,8,11,11,8,19,-20,12,6,-20,6,8,-20,11,15,11,12,11,11,-20,10,5,9,6,5,8,13,20,12,10,20,18,15,11,98,24,21,7,10,7,11,3,-20,17,7,7,-20,5,11,-20,11,19,79,16,12,11,10,4,9,21,-20,-20,8,9,14,13,18,8,11,6,17,-20,4,-20,7,12,14,4,-20,12,56,32,19,-20,13,5,-20,-20,-20,10,5,25,6,7,14,-20,18,14,5,17,4,11,8,3,11,17,50,8,10,9,16,3,-20,-20,7,5,35,41,31,40,5,39,39,8,5,27,23,9,6,36,7,19,-20,13,12,-20,27,5,8,12,-20,8,15,18,17,15,12,14,8,10,14,23,25,25,3,11,10,17,13,20,36,18,11,52,20,22,6,5,-20,4,38,14,21,13,-20,16,9,13,10,25,21,26,19,52,36,26,24,25,17,28,11,23,5,12,21,5,15,10,11,-20,10,8,3,13,10,14,19,20,-20,36,-20,4,-20,12,17,17,15,23,13,17,-20,6,11,19,8,13,70,21,50,27,26,22,14,25,-20,51,29,-20,33,-20,-20,19,55,59,20,9,-20,34,74,12,3,14,12,21,52,15,-20,21,24,28,31,44,3,20,-20,49,11,20,21,11,14,12,8,14,14,8,10,10,13,8,-20,9,19,-20,8,9,10,18,12,11,12,-20,12,13,5,10,10,-20,9,13,8,13,13,-20,10,10,16,5,20,-20,6,6,10,15,-20,8,7,10,16,9,17,11,18,10,-20,-20,4,9,13,9,5,12,12,12,13,3,12,9,5,15,10,16,21,4,18,10,13,10,14,20,8,9,11,6,9,-20,13,4,9,8,13,7,6,5,10,9,6,10,8,10,9,11,5,14,8,15,4,10,5,5,8,2,10,4,10,11,5,9,9,12,8,4,10,14,4,6,4,9,6,-20,-20,-20,5,8,13,8,10,10,-20,11,9,12,7,9,12,8,4,8,9,11,9,13,18,5,10,6,-20,5,-20,-20,8,10,3,26,6,21,12,5,8,9,7,9,4,17,-20,6,15,16,14,4,16,11,10,21,9,11,13,14,4,7,5,11,13,5,14,7,7,6,16,11,11,7,-20,8,15,10,6,13,10,-20,5,9,10,10,-20,9,13,8,5,31,19,8,7,11,7,16,7,69,5,20,21,13,9,25,8,11,9,15,13,2,13,8,18,14,15,21,7,11,9,24,11,13,13,8,9,14,21,14,20,-20,15,9,13,14,13,5,18,17,-20,7,8,5,20,10,15,7,7,5,11,21,12,7,11,7,12,-20,13,11,5,9,8,9,-20,13,8,19,14,6,9,13,10,3,7,8,11,-20,7,9,9,9,10,14,12,5,7,8,-20,-20,10,5,-20,13,11,14,-20,12,14,8,5,7,6,7,12,3,11,12,8,-20,9,10,-20,10,5,35,-20,9,14,5,12,8,7,11,17,14,10,11,16,6,3,3,13,3,10,5,9,-20,4,4,-20,-20,9,9,5,4,7,6,12,-20,9,11,12,4,23,31,22,3,4,8,17,7,16,6,4,15,4,22,5,20,7,7,11,4,8,15,-20,-20,6,9,16,-20,-20,-20,12,-20,10,4,3,-20,-20,-20,3,6,-20,5,4,-20,12,7,7,-20,9,-20,5,6,13,3,6,8,5,4,11,10,5,-20,8,13,7,14,5,30,18,12,18,26,32,28,27,46,49,43,37,65,50,57,31,24,38
"chr1,13050696",-20,-20,-20,5,5,-20,-20,6,6,5,3,3,30,29,19,13,23,17,78,57,47,10,47,35,46,36,30,36,18,4,6,5,9,5,67,64,21,18,19,-20,7,39,9,10,15,41,7,50,11,-20,13,35,68,35,24,17,59,-20,24,33,34,35,41,31,17,14,29,50,56,20,29,28,22,22,22,47,24,3,-20,11,-20,21,10,13,20,25,25,44,40,16,15,19,25,33,34,30,10,35,-20,41,26,31,4,18,23,40,10,28,39,12,11,-20,34,36,8,4,41,10,-20,3,3,15,6,7,48,8,4,45,8,10,32,5,5,3,27,36,39,-20,-20,10,7,10,-20,-20,29,-20,10,53,5,9,3,-20,11,25,25,24,5,-20,89,-20,4,-20,9,4,3,6,11,6,4,17,43,59,20,16,9,22,11,8,-20,66,11,11,-20,-20,33,-20,-20,-20,4,9,-20,28,-20,-20,7,7,8,22,14,6,5,24,28,11,-20,10,20,61,9,16,45,21,25,20,17,-20,51,7,14,8,-20,26,21,-20,14,11,8,14,35,42,39,-20,38,22,12,10,19,14,21,-20,43,22,11,15,10,19,17,12,11,20,10,23,-20,-20,-20,-20,17,15,20,10,-20,14,-20,-20,20,12,16,17,-20,-20,-20,29,-20,24,14,9,46,-20,14,40,-20,-20,-20,46,11,24,12,4,8,4,5,20,4,5,48,25,36,3,7,3,24,3,4,5,7,31,19,-20,26,29,34,47,41,65,22,-20,-20,-20,4,69,18,21,-20,29,13,9,11,15,10,26,5,4,-20,7,35,6,4,28,65,17,7,29,15,-20,-20,7,-20,12,16,13,4,9,7,25,-20,-20,9,13,25,7,9,18,18,10,-20,24,10,-20,7,12,9,10,17,42,19,-20,14,56,14,11,7,10,5,14,6,6,-20,12,10,14,7,10,6,8,5,6,11,13,-20,10,11,11,-20,19,-20,12,6,-20,6,-20,-20,11,15,10,15,11,11,-20,9,6,10,5,5,8,13,20,12,10,20,18,15,11,98,23,19,9,10,6,12,-20,-20,18,-20,6,-20,5,12,-20,11,20,80,16,12,12,10,3,8,21,-20,4,9,9,15,13,17,8,10,5,17,-20,4,-20,7,14,15,4,-20,12,56,33,19,-20,13,5,-20,-20,-20,9,5,24,6,7,14,-20,18,15,4,19,4,11,8,3,10,17,50,7,10,8,16,3,-20,-20,7,-20,33,41,30,40,5,39,37,8,5,28,23,8,6,36,9,-20,-20,14,13,6,25,4,-20,12,-20,-20,-20,17,-20,14,11,15,8,9,14,23,25,23,3,11,10,16,13,21,38,18,11,54,19,20,7,5,-20,5,38,13,21,15,-20,15,9,14,10,25,20,25,18,54,35,25,26,25,17,30,11,24,5,12,21,5,16,10,11,-20,10,8,3,14,10,14,20,19,-20,36,-20,4,-20,11,17,18,14,22,13,17,-20,6,11,17,8,12,73,23,48,27,25,22,14,22,-20,49,30,-20,31,-20,-20,17,50,51,21,-20,-20,34,70,11,3,14,12,21,52,15,-20,23,24,29,-20,37,3,25,8,49,11,21,19,12,13,10,7,15,12,8,12,9,15,9,-20,9,18,-20,8,9,10,17,12,10,12,-20,12,13,5,10,9,-20,9,15,8,14,13,-20,11,10,15,5,21,-20,-20,6,10,16,5,9,6,10,16,10,16,11,18,12,-20,-20,4,10,13,9,5,12,12,12,13,3,13,9,5,15,10,16,20,4,20,10,13,10,14,20,8,8,13,7,8,-20,13,4,9,8,13,-20,6,5,-20,8,6,11,8,8,9,11,4,14,9,15,4,10,4,-20,8,2,10,4,11,11,5,9,9,11,8,4,10,14,4,6,4,8,6,-20,-20,-20,5,8,13,8,10,10,-20,11,9,11,7,9,12,8,5,8,9,11,9,13,18,5,11,9,4,5,-20,9,8,10,3,26,6,21,12,5,7,9,7,9,-20,17,-20,6,16,17,14,4,15,11,10,21,8,11,13,14,4,-20,5,11,13,5,14,7,7,5,17,11,11,7,-20,8,13,10,6,13,10,12,5,9,10,10,4,9,13,8,5,31,20,7,7,11,7,17,6,72,5,20,21,13,10,25,8,12,9,15,13,2,13,7,18,14,15,21,7,12,8,25,10,13,12,9,8,14,20,14,20,-20,15,11,13,13,13,5,18,19,-20,8,8,5,19,10,14,7,7,7,11,21,12,7,11,7,12,13,14,11,5,9,8,9,-20,13,9,20,13,6,9,12,9,3,7,8,11,-20,7,9,9,9,10,14,12,5,7,8,-20,-20,8,5,-20,13,11,14,3,12,13,8,5,7,6,6,12,3,-20,11,8,-20,8,10,3,10,5,37,-20,10,13,7,12,8,7,11,17,14,10,11,15,6,3,3,12,3,10,5,9,-20,-20,4,-20,-20,9,9,5,4,7,6,12,-20,9,11,12,5,26,30,20,-20,6,8,20,7,17,5,6,17,4,19,4,18,7,10,10,4,7,13,-20,-20,4,8,17,-20,3,-20,9,-20,10,6,4,-20,4,3,5,8,-20,5,4,3,11,6,5,-20,10,-20,-20,5,15,-20,5,8,6,5,9,9,3,-20,6,10,-20,-20,5,31,18,12,18,26,32,27,29,49,51,43,37,64,51,57,27,21,39
"chr1,13050697",2,-20,-20,5,5,-20,-20,6,6,5,3,3,30,29,19,13,23,16,75,57,47,10,46,35,48,35,33,35,19,4,6,5,9,5,68,66,23,20,18,-20,-20,38,8,10,14,41,7,52,11,7,14,36,67,35,21,-20,59,-20,24,30,34,35,41,31,18,13,29,49,55,19,29,28,22,22,23,47,24,-20,-20,11,-20,21,10,13,20,26,25,45,39,16,16,19,25,34,33,31,10,36,-20,44,26,31,4,17,24,39,10,29,38,12,11,-20,34,36,8,-20,-20,10,-20,3,3,15,6,6,47,8,4,45,8,-20,32,5,-20,3,27,35,39,-20,-20,10,7,10,-20,-20,30,-20,10,-20,-20,9,3,12,11,25,24,24,5,-20,89,15,4,-20,9,4,3,4,11,6,4,16,46,58,19,15,-20,21,12,8,22,64,12,13,-20,-20,32,-20,21,18,5,9,24,30,-20,-20,7,6,7,22,14,6,5,24,24,12,52,10,19,60,9,16,45,21,25,19,17,-20,51,7,13,8,-20,26,20,-20,14,11,9,13,36,41,39,-20,37,21,12,10,19,14,20,26,43,22,12,15,11,20,18,12,12,18,10,23,-20,-20,-20,-20,16,15,22,10,-20,15,-20,-20,20,12,17,16,40,-20,-20,29,30,-20,13,9,46,-20,13,40,-20,-20,-20,45,11,24,11,4,8,4,5,19,4,5,50,24,35,3,7,3,25,3,4,5,7,32,21,-20,26,29,34,47,41,66,23,-20,-20,-20,4,71,19,-20,14,31,13,9,11,14,11,27,5,4,-20,7,36,6,4,29,66,17,7,30,-20,-20,-20,7,7,13,-20,15,4,9,7,25,-20,9,9,14,25,7,9,20,18,10,-20,22,10,-20,7,12,10,10,17,41,19,-20,14,58,15,10,7,10,5,14,6,7,-20,11,11,14,7,10,7,8,5,6,11,13,-20,10,11,12,-20,19,-20,12,6,-20,6,-20,-20,12,16,10,15,11,10,-20,9,6,9,5,5,7,13,20,12,9,20,19,16,11,100,24,19,9,11,6,12,3,-20,17,8,6,-20,5,12,-20,12,19,81,15,12,11,10,3,7,20,-20,4,9,8,14,13,17,7,10,5,17,-20,4,-20,7,14,15,4,-20,11,55,32,18,-20,13,5,-20,-20,-20,8,5,24,6,7,14,-20,19,15,4,20,4,11,8,3,11,17,49,6,10,-20,15,3,-20,-20,7,6,34,42,31,41,5,39,37,8,5,29,24,8,5,38,9,18,-20,14,13,6,25,4,7,12,-20,8,15,17,17,13,11,15,8,9,12,23,25,25,3,11,10,17,13,20,39,18,11,52,19,20,6,5,-20,5,40,15,21,15,-20,14,9,13,10,26,21,26,18,55,34,25,24,25,-20,30,11,24,5,12,21,5,16,10,11,-20,10,6,3,15,10,14,17,17,-20,36,-20,4,-20,11,17,18,15,22,12,17,-20,6,11,17,8,-20,71,23,49,28,26,22,14,22,-20,48,30,-20,32,-20,-20,17,51,53,21,8,-20,34,63,10,3,14,12,22,51,17,-20,23,24,29,35,36,3,24,8,48,11,22,19,12,10,10,7,15,12,8,12,9,14,9,-20,9,17,-20,9,9,11,17,11,10,12,-20,12,13,5,10,-20,-20,9,15,8,13,13,-20,11,9,14,5,21,-20,6,6,10,15,5,9,6,10,16,9,15,11,18,12,-20,-20,4,10,13,9,5,12,12,12,13,3,13,9,5,14,10,16,20,4,20,10,13,10,14,19,7,10,12,7,8,-20,12,4,8,8,12,7,6,5,9,8,-20,11,8,6,9,10,4,14,9,15,4,10,4,-20,8,2,10,4,11,11,5,9,9,11,8,4,10,13,4,6,4,8,7,-20,-20,-20,5,7,12,8,11,10,-20,11,9,9,7,9,11,8,5,7,9,11,9,13,17,5,11,9,4,5,-20,9,8,10,3,23,6,20,12,5,7,9,6,9,-20,17,-20,6,16,17,14,4,15,11,9,21,8,11,13,14,4,6,5,11,13,5,13,7,7,5,17,11,11,6,-20,8,13,10,6,13,10,12,5,9,10,10,4,9,13,8,5,30,18,7,7,11,7,17,6,75,5,20,21,13,-20,24,8,12,8,15,12,2,13,7,18,14,15,22,7,12,8,24,9,13,12,9,8,13,20,14,18,-20,15,10,13,12,13,5,15,19,-20,8,8,5,19,10,14,7,7,7,11,20,12,7,11,7,11,13,13,11,5,7,8,9,-20,12,9,19,12,6,8,13,9,3,6,8,11,-20,7,9,9,9,10,15,11,5,7,8,-20,-20,8,5,-20,13,10,14,3,12,13,8,5,7,7,6,12,3,10,11,8,-20,8,10,3,9,6,34,-20,10,12,7,12,7,5,11,17,12,10,11,15,6,3,-20,12,-20,8,5,9,-20,-20,4,-20,-20,9,9,5,4,7,6,12,-20,9,11,12,5,25,29,22,3,6,10,20,7,16,6,7,18,4,20,4,19,7,-20,10,4,7,15,-20,-20,6,8,16,-20,2,-20,9,-20,12,6,4,-20,4,-20,5,7,-20,5,4,3,11,6,5,-20,10,-20,-20,6,15,4,6,10,5,-20,-20,7,4,-20,7,11,7,14,5,31,19,12,18,27,33,30,29,49,51,42,37,62,52,57,28,20,39
"chr1,13050699",3,-20,-20,5,5,7,3,5,7,5,3,3,31,29,20,12,26,18,79,54,47,10,46,35,51,37,33,35,19,4,6,5,9,5,68,65,22,19,17,-20,7,38,10,10,14,40,7,51,11,7,11,35,68,33,24,16,59,-20,24,31,33,35,41,31,19,12,28,52,55,18,29,29,22,22,21,48,25,-20,-20,12,-20,23,10,10,21,26,27,46,38,16,16,20,26,35,31,32,8,39,-20,44,26,30,4,17,25,41,10,31,37,11,11,-20,37,37,8,2,41,10,5,3,3,14,6,6,45,7,4,44,7,10,32,5,5,-20,27,34,39,-20,-20,10,6,10,-20,-20,30,-20,10,51,-20,9,3,13,11,25,27,24,5,-20,91,16,-20,-20,9,-20,3,4,11,6,-20,16,46,61,19,15,9,21,14,9,22,65,12,14,-20,-20,33,-20,22,18,5,9,24,30,-20,-20,7,6,7,22,14,6,3,24,24,12,53,9,27,60,9,15,44,20,27,17,20,-20,51,7,11,8,-20,30,20,-20,13,11,9,13,37,40,38,-20,37,21,11,9,20,14,20,26,43,25,12,15,11,19,18,13,13,19,9,23,-20,-20,-20,-20,17,14,21,10,-20,16,-20,-20,20,12,17,16,39,-20,-20,28,30,24,12,9,46,-20,14,40,-20,-20,-20,42,11,24,10,4,8,4,5,20,-20,5,46,28,37,3,6,3,25,3,5,5,7,32,22,-20,26,28,35,48,41,62,22,-20,-20,-20,4,70,19,22,14,30,11,9,10,15,10,27,6,4,-20,7,37,5,4,30,66,18,7,29,14,-20,-20,7,6,12,18,14,4,10,7,23,-20,10,9,14,30,7,10,20,17,11,-20,22,10,-20,7,12,9,11,16,40,19,-20,14,60,15,10,7,10,5,15,6,6,-20,11,11,14,7,9,7,8,-20,5,11,13,-20,11,11,12,7,17,9,11,5,-20,6,8,-20,12,17,10,15,11,11,-20,9,4,9,5,5,7,13,22,12,9,19,19,15,10,99,24,17,10,11,5,11,3,-20,15,9,6,-20,5,11,-20,12,20,81,15,12,11,12,4,7,22,-20,4,8,8,14,13,16,7,9,5,17,-20,6,-20,7,14,15,4,-20,12,53,32,19,-20,13,5,-20,-20,-20,9,5,23,6,7,14,-20,18,15,3,21,4,9,8,3,10,17,50,6,-20,8,15,3,-20,-20,7,7,34,42,33,39,4,41,36,8,-20,28,23,8,5,38,9,19,-20,14,13,-20,25,-20,7,14,-20,7,15,17,18,13,11,15,7,9,12,24,24,24,3,9,11,16,14,20,41,18,11,51,19,20,6,5,-20,5,44,14,20,18,-20,14,10,14,11,26,20,27,18,54,35,26,25,25,-20,32,11,23,5,12,22,-20,16,10,10,-20,10,5,3,14,10,15,17,17,-20,33,-20,5,-20,10,17,18,15,21,13,17,-20,6,11,18,8,12,76,24,50,27,26,24,13,24,-20,51,30,-20,31,-20,-20,17,50,48,21,8,-20,32,65,10,3,14,11,22,50,19,-20,24,21,28,39,39,4,25,8,47,9,21,22,16,10,11,7,15,14,8,12,8,14,9,-20,9,15,-20,9,6,10,17,11,10,11,-20,12,13,5,10,-20,-20,9,-20,8,13,14,3,12,9,14,5,22,6,6,6,11,16,5,9,6,8,16,9,16,11,20,12,-20,-20,4,10,12,9,6,12,12,12,13,3,13,9,5,14,10,15,20,4,20,10,13,9,14,19,7,10,11,6,8,-20,13,5,8,8,13,7,6,-20,10,8,-20,11,7,6,9,10,4,14,-20,15,4,11,4,-20,6,2,9,4,11,12,5,9,9,11,8,4,10,13,5,5,4,7,7,-20,-20,-20,5,7,12,-20,11,9,-20,12,9,8,7,9,11,8,5,7,9,10,8,13,17,5,11,9,4,3,-20,9,8,9,3,22,6,18,10,5,6,9,-20,-20,-20,17,-20,6,15,15,15,4,15,11,9,20,8,11,13,14,4,6,5,10,13,5,12,8,7,5,17,10,11,6,-20,7,13,9,6,13,10,12,5,10,10,9,4,9,12,8,5,30,18,7,7,12,7,18,6,75,5,19,20,12,-20,25,8,11,8,15,12,-20,13,7,18,13,14,20,6,12,8,24,9,12,11,8,8,13,18,14,18,-20,14,10,13,10,13,4,16,19,-20,8,7,5,18,10,13,7,7,6,11,21,13,7,11,7,11,12,12,11,5,7,-20,9,5,13,8,20,12,8,8,13,9,3,7,7,10,-20,7,9,9,9,10,14,11,5,7,7,3,-20,9,5,-20,13,11,13,3,13,13,8,5,6,7,7,13,3,10,11,7,-20,-20,10,5,9,6,34,-20,9,12,7,10,7,5,11,17,13,10,11,15,7,3,2,11,-20,7,3,9,-20,-20,5,-20,-20,9,9,5,4,7,6,12,-20,9,10,10,6,23,29,21,3,8,13,20,7,16,6,8,20,4,20,4,20,7,8,11,5,8,16,-20,5,4,10,19,-20,3,-20,-20,-20,11,6,5,-20,4,-20,4,8,3,5,5,5,14,6,7,-20,11,-20,6,8,15,5,7,13,4,4,16,11,6,4,6,11,7,18,5,31,18,12,17,28,32,29,29,47,54,43,37,61,52,54,26,21,38
"chr1,13050701",3,-20,-20,5,6,8,3,5,7,5,3,3,34,27,18,12,27,18,80,58,47,10,46,34,49,37,33,34,19,4,6,4,9,5,67,64,23,19,17,-20,7,42,10,10,14,41,7,52,11,7,11,32,68,33,24,17,60,-20,26,31,34,36,42,29,19,12,27,53,58,18,30,29,22,22,22,48,25,-20,-20,13,-20,23,10,10,21,26,28,47,37,15,16,20,26,35,30,31,10,39,-20,42,26,31,5,17,25,40,10,31,37,11,12,-20,38,37,8,2,40,10,5,3,3,12,6,6,46,7,4,43,7,10,38,5,-20,-20,27,35,39,-20,-20,11,6,9,-20,-20,30,-20,11,50,-20,9,3,14,9,25,28,24,5,-20,91,16,5,-20,9,-20,3,4,11,6,-20,16,41,61,19,15,9,21,15,9,24,64,11,14,-20,-20,31,-20,22,18,5,7,24,30,-20,-20,7,7,7,22,13,6,4,24,24,13,53,9,29,57,10,16,42,20,27,18,20,-20,51,7,10,8,-20,32,20,-20,14,12,9,13,34,40,38,-20,36,21,11,13,23,14,21,25,42,25,11,14,10,16,18,17,13,21,9,23,-20,-20,-20,-20,17,13,21,10,-20,15,-20,-20,25,12,16,17,39,-20,-20,28,31,26,13,10,45,-20,12,39,-20,-20,-20,41,10,26,12,4,8,4,5,20,-20,4,47,26,37,-20,7,4,25,3,6,5,8,35,22,-20,26,27,35,48,39,59,22,-20,-20,-20,4,70,19,22,12,30,11,9,9,14,10,28,6,4,3,7,36,6,4,30,65,17,7,28,13,-20,-20,6,7,13,18,13,4,9,7,24,4,10,8,14,32,7,10,17,18,12,-20,22,10,-20,7,12,9,13,16,40,18,-20,14,60,15,10,7,10,5,15,5,6,-20,8,12,14,7,8,8,8,5,5,13,12,-20,12,11,11,6,15,9,11,5,-20,6,8,-20,13,17,10,15,9,10,-20,10,4,10,5,6,7,13,23,11,9,19,20,16,10,100,23,17,10,11,5,11,3,-20,16,-20,6,-20,5,11,-20,12,18,82,15,12,11,12,4,6,22,-20,4,8,8,14,14,16,7,9,5,19,-20,6,-20,7,14,15,3,-20,12,54,30,19,-20,13,5,-20,-20,-20,8,5,21,6,7,14,-20,17,17,4,22,4,9,8,4,-20,17,49,6,11,8,15,3,-20,-20,8,7,35,44,35,39,4,43,35,8,-20,29,23,8,5,39,9,19,-20,14,14,-20,-20,-20,7,13,-20,8,15,17,18,13,11,17,7,10,13,23,24,23,5,9,11,16,14,22,38,18,11,50,19,21,6,5,-20,-20,43,14,21,18,-20,14,-20,13,11,31,21,28,18,53,32,25,26,25,-20,31,11,23,5,12,25,7,17,11,10,-20,10,6,3,13,10,15,16,16,-20,31,-20,6,-20,10,20,19,16,20,12,16,6,6,11,18,8,-20,75,28,50,25,25,26,15,22,-20,49,30,-20,30,-20,-20,17,47,51,21,9,-20,31,64,11,3,14,14,22,49,20,-20,23,20,-20,40,39,4,27,8,43,12,21,22,17,10,9,9,17,13,8,11,8,14,9,-20,9,15,-20,9,6,10,17,11,12,11,-20,12,13,6,9,8,-20,11,15,7,13,14,3,12,11,14,6,21,6,6,6,12,17,6,9,6,8,18,9,19,13,21,12,-20,-20,4,11,15,10,6,12,13,11,14,3,13,9,6,14,10,16,20,4,19,11,12,8,14,20,7,10,-20,6,9,-20,14,5,8,10,13,7,6,5,10,8,-20,10,7,7,9,11,4,14,9,15,5,9,4,-20,6,2,10,4,11,12,5,9,9,13,8,4,10,13,4,5,5,7,7,-20,-20,-20,5,8,12,9,11,9,-20,12,8,8,7,9,11,6,4,6,9,9,8,13,17,5,12,10,4,3,-20,9,6,10,3,21,6,19,10,5,6,9,-20,-20,-20,16,-20,6,13,14,15,4,15,11,9,20,8,11,14,14,-20,6,3,10,13,4,13,8,8,5,15,9,10,6,-20,6,13,9,5,16,9,12,5,11,9,8,4,9,11,8,5,30,19,7,7,12,7,18,7,74,5,17,19,12,10,25,-20,12,8,15,13,-20,12,7,17,15,13,21,6,12,8,24,10,-20,11,8,9,13,18,14,17,-20,14,10,11,9,13,4,15,18,-20,8,7,5,19,10,13,7,7,6,11,23,13,7,11,8,11,13,11,11,5,7,-20,9,6,12,9,21,11,8,10,14,9,3,6,7,11,-20,6,8,9,9,10,14,11,5,6,8,3,-20,10,5,-20,12,11,11,3,15,14,8,5,6,7,7,13,7,10,11,8,-20,10,10,-20,10,6,34,-20,-20,15,8,10,7,5,11,18,13,11,11,16,8,4,4,12,-20,8,4,9,-20,-20,7,-20,-20,9,9,5,5,8,6,15,-20,9,11,11,6,21,31,23,3,8,13,21,7,15,6,8,20,4,21,3,23,6,7,10,5,9,14,-20,5,5,10,20,-20,3,-20,-20,-20,9,5,-20,-20,4,3,4,8,3,4,6,4,13,5,7,-20,12,-20,6,8,15,5,9,14,5,6,17,12,4,4,7,11,8,17,5,32,18,12,18,28,33,29,29,45,55,36,36,59,52,52,27,22,38
"chr1,13050708",-20,-20,-20,6,4,4,3,-20,7,3,-20,-20,32,23,16,12,24,17,72,55,47,10,46,34,56,37,32,35,20,5,7,5,11,7,66,62,24,18,16,-20,5,38,13,12,15,39,-20,52,9,8,10,26,62,36,21,18,62,-20,31,29,30,39,38,27,18,12,29,51,58,16,28,29,23,22,21,49,24,-20,-20,13,-20,23,11,10,24,26,28,46,35,16,17,21,26,35,30,29,12,41,-20,40,25,29,5,17,26,38,-20,35,39,12,14,-20,38,37,7,2,40,13,3,5,3,11,6,6,51,-20,4,42,9,12,42,6,6,-20,28,35,41,-20,-20,13,7,11,-20,-20,30,-20,9,55,-20,10,-20,21,9,29,31,21,-20,-20,91,19,6,-20,9,-20,3,3,12,6,-20,17,39,62,27,14,11,18,21,8,20,60,12,12,-20,-20,39,-20,23,18,5,11,23,26,-20,-20,9,5,7,23,14,7,5,22,29,13,51,11,29,55,10,17,41,16,27,21,21,-20,49,6,15,-20,-20,36,21,-20,14,26,13,13,32,38,38,-20,35,20,9,13,26,9,18,25,35,31,11,12,10,14,18,18,20,20,9,20,-20,-20,-20,-20,18,9,21,12,-20,16,-20,-20,26,14,16,23,42,-20,-20,26,38,25,14,8,45,-20,13,35,-20,-20,3,43,9,27,9,4,8,7,5,20,4,3,47,33,39,4,8,-20,21,4,-20,-20,7,35,21,-20,28,30,38,44,37,54,21,-20,-20,-20,3,71,20,28,12,29,10,8,10,14,10,26,5,-20,-20,7,31,4,5,28,61,16,7,29,14,-20,-20,5,8,14,20,14,4,9,6,23,4,10,8,18,52,6,11,16,18,12,-20,22,12,-20,7,12,11,13,16,37,18,-20,14,64,16,9,7,9,4,15,-20,7,-20,-20,13,11,8,8,7,8,6,4,14,13,-20,14,10,12,7,14,-20,13,4,-20,5,7,-20,14,18,9,16,9,9,-20,9,6,11,3,9,9,11,27,11,10,22,27,17,10,106,25,14,10,11,5,8,3,-20,15,-20,6,-20,6,9,-20,15,19,83,11,12,12,12,5,6,22,-20,5,8,6,15,14,11,7,9,5,21,-20,5,-20,7,11,17,3,-20,14,49,30,18,-20,12,4,-20,-20,-20,8,7,19,8,8,13,-20,18,19,4,-20,5,9,9,4,10,17,47,9,12,8,14,3,-20,-20,8,8,33,47,37,39,5,42,37,7,-20,30,23,8,6,37,10,18,-20,13,15,-20,22,-20,7,15,-20,8,17,16,19,14,12,17,11,15,12,26,30,24,6,8,12,15,15,24,34,17,10,50,20,22,6,6,-20,6,54,15,22,16,-20,13,9,10,13,36,21,-20,19,51,33,25,28,25,15,28,12,25,-20,11,28,7,16,11,10,-20,10,8,4,15,10,19,17,14,-20,33,-20,6,-20,10,20,18,15,24,11,15,5,5,11,17,7,12,74,31,53,26,25,24,20,25,-20,44,30,-20,29,-20,-20,17,49,45,22,9,-20,31,67,11,4,13,14,21,53,20,-20,23,21,26,38,42,4,26,9,49,14,19,24,17,11,13,12,16,13,7,11,8,12,9,-20,10,18,-20,10,7,11,17,11,10,14,-20,11,15,6,8,9,-20,10,15,8,14,16,3,12,10,12,7,20,6,7,6,14,18,7,12,6,10,20,12,21,14,17,17,-20,-20,4,12,13,9,7,12,13,11,14,4,13,9,-20,15,11,20,19,4,21,11,11,8,14,16,8,13,14,9,6,11,12,5,9,14,-20,9,5,5,10,9,6,10,8,8,9,11,4,13,7,15,-20,9,5,8,-20,-20,10,5,11,11,5,9,9,13,-20,4,9,14,8,4,5,7,6,-20,-20,3,8,8,13,9,13,5,-20,11,7,8,9,10,10,6,4,6,9,10,-20,13,19,4,9,12,-20,3,-20,8,5,9,3,21,6,18,11,-20,6,9,8,6,-20,16,-20,5,13,15,15,4,18,10,10,21,8,12,16,15,3,8,-20,9,12,4,20,10,8,4,16,10,9,6,-20,9,13,9,5,14,8,11,5,11,9,7,-20,7,12,10,5,30,22,5,8,11,7,21,7,77,6,20,19,14,13,26,-20,11,12,18,16,-20,-20,7,17,16,15,20,7,13,8,28,12,16,10,9,10,14,20,15,18,-20,10,10,11,11,13,-20,17,19,-20,6,7,4,21,10,13,-20,7,5,11,24,16,10,11,9,11,21,14,11,6,7,-20,8,6,11,13,33,14,-20,11,19,10,-20,-20,6,11,-20,7,9,10,7,11,15,11,5,7,-20,-20,-20,12,5,-20,15,11,14,6,17,15,7,5,5,9,6,17,7,15,11,8,-20,12,11,6,11,6,38,-20,-20,18,11,12,8,-20,10,19,12,12,11,18,9,4,8,14,-20,10,5,7,-20,-20,8,-20,-20,9,7,5,-20,9,7,16,-20,10,9,13,5,20,27,21,-20,8,12,18,7,15,5,7,19,4,15,5,22,5,9,8,4,7,17,-20,6,-20,10,19,-20,-20,-20,12,6,10,-20,5,-20,4,-20,-20,6,-20,-20,6,6,14,4,6,-20,11,3,5,8,15,-20,8,15,-20,5,13,12,6,7,7,9,5,15,5,32,19,12,17,29,31,27,29,45,55,39,36,65,52,52,27,28,37
"chr1,13050713",-20,-20,-20,6,6,6,3,-20,7,3,-20,3,28,21,17,11,25,17,73,56,48,12,45,34,53,37,36,36,21,4,8,4,16,8,66,60,26,18,15,-20,8,36,15,17,16,41,-20,50,7,10,-20,25,62,36,20,18,68,-20,30,32,28,39,37,25,20,12,27,49,58,16,28,30,22,21,23,53,24,4,-20,11,-20,21,13,8,22,30,27,48,35,15,19,22,27,36,30,26,10,41,-20,36,26,29,4,18,24,39,-20,33,45,8,14,-20,36,35,10,2,39,15,4,5,3,9,6,6,50,6,4,44,8,11,42,7,7,-20,27,37,41,-20,-20,12,8,11,-20,4,28,-20,13,52,-20,7,-20,21,10,28,28,22,5,-20,92,17,7,-20,7,-20,-20,-20,14,6,-20,14,37,60,24,13,11,26,20,8,17,59,12,10,-20,-20,39,-20,23,18,5,11,23,29,-20,-20,8,5,7,22,18,6,5,23,29,15,50,12,28,56,10,15,41,16,27,23,20,-20,51,6,14,-20,-20,35,22,-20,13,30,11,13,37,40,36,21,35,19,10,12,28,9,20,29,30,30,10,12,10,16,17,17,26,22,10,20,-20,-20,-20,-20,17,9,22,10,-20,16,-20,-20,30,15,20,24,41,-20,-20,24,41,26,14,6,44,-20,16,37,-20,-20,3,38,9,28,9,5,8,7,5,21,4,5,47,31,44,4,-20,-20,21,4,7,-20,7,35,20,-20,32,31,37,46,38,55,22,-20,-20,-20,-20,78,18,26,-20,35,10,7,10,13,10,26,5,7,-20,8,30,4,5,27,60,18,8,27,15,-20,-20,5,8,16,21,15,5,8,7,26,4,10,9,21,53,5,12,18,20,12,-20,24,12,-20,6,12,12,14,16,39,21,-20,16,67,16,9,8,7,4,14,-20,7,-20,-20,13,8,8,9,10,8,7,3,14,12,-20,16,11,12,5,12,13,12,4,-20,6,7,-20,14,18,9,14,10,9,-20,11,6,10,-20,9,8,12,28,10,12,23,30,17,12,109,26,11,12,11,6,9,3,-20,13,8,6,-20,6,8,-20,16,18,84,11,13,14,12,5,7,22,-20,5,9,4,15,15,9,5,9,5,21,-20,5,-20,7,15,16,4,-20,14,49,34,18,-20,-20,3,-20,-20,-20,9,9,17,10,9,12,-20,19,21,5,20,4,9,9,4,-20,19,47,10,12,10,14,-20,-20,-20,8,9,32,45,39,38,5,39,38,7,-20,34,25,9,8,37,10,19,-20,13,16,6,22,-20,5,13,-20,8,17,19,20,13,11,14,12,15,12,26,33,25,6,8,11,16,15,25,36,17,10,49,17,20,6,6,-20,6,61,15,24,18,-20,13,8,12,14,35,25,25,16,50,34,21,26,32,15,29,13,23,5,12,29,7,16,14,10,-20,7,10,-20,18,11,21,16,11,-20,32,9,7,-20,10,22,19,19,27,13,17,5,-20,10,15,7,10,76,31,56,28,24,24,20,24,-20,41,29,-20,27,-20,-20,12,52,42,22,9,-20,32,66,11,4,14,14,19,49,19,-20,22,21,29,38,38,4,31,11,49,13,19,23,17,8,12,13,13,13,9,12,-20,13,11,-20,9,16,-20,10,-20,14,16,18,12,15,-20,14,16,6,8,12,-20,10,16,9,-20,17,5,13,8,11,10,20,7,-20,6,13,17,6,12,4,11,20,18,27,14,17,16,-20,5,9,12,15,10,6,13,13,12,14,6,12,8,-20,15,12,19,19,-20,24,11,9,9,13,12,9,13,13,9,6,9,13,-20,7,16,14,9,5,4,11,9,7,8,10,9,7,12,4,11,9,15,5,10,8,8,8,-20,9,5,10,10,6,7,9,15,10,5,9,10,7,4,4,8,7,-20,-20,3,11,7,13,9,14,4,-20,10,6,8,-20,12,9,7,6,8,8,9,8,13,17,5,-20,15,3,3,-20,6,4,7,6,24,5,21,10,-20,6,10,8,5,4,18,-20,6,12,14,15,4,20,7,10,22,9,11,17,17,3,8,5,9,10,4,22,-20,10,6,15,9,7,5,-20,10,13,12,4,15,9,10,5,11,7,6,-20,7,8,10,5,32,24,5,6,10,7,27,7,80,6,26,18,14,14,22,7,11,18,19,18,-20,12,7,19,15,16,20,8,16,10,33,11,20,13,9,10,15,20,14,18,-20,13,10,11,10,13,5,17,18,-20,6,8,6,17,11,13,7,6,5,12,24,17,-20,13,9,8,27,17,12,6,7,-20,7,6,12,14,36,15,8,10,19,10,-20,7,-20,12,5,7,11,10,7,11,16,12,4,7,8,-20,-20,11,6,-20,17,8,16,9,16,17,7,3,7,8,11,14,10,15,13,-20,-20,13,12,-20,12,5,45,-20,12,17,11,11,9,6,10,21,9,12,11,18,-20,4,11,13,2,9,8,6,-20,-20,-20,-20,-20,10,7,3,-20,6,-20,13,-20,11,12,13,5,28,27,20,-20,7,10,18,7,12,5,6,18,4,14,5,20,4,8,6,3,6,15,-20,6,-20,10,18,-20,2,-20,12,6,11,7,4,-20,5,-20,4,3,-20,-20,6,-20,15,5,5,-20,11,3,5,7,17,3,11,14,-20,6,15,10,4,7,6,9,5,16,5,35,19,13,17,29,29,27,30,47,52,24,37,65,47,56,28,28,32
"chr1,13050714",-20,-20,-20,7,6,6,3,-20,7,2,-20,3,30,22,17,11,27,17,73,58,48,11,46,34,52,38,36,37,20,4,8,4,16,8,66,61,26,19,15,-20,8,37,16,17,16,40,-20,51,8,10,9,24,61,36,21,18,65,-20,30,32,28,39,38,24,20,13,27,50,59,16,27,30,23,21,23,55,24,4,-20,13,-20,20,13,10,22,30,27,48,36,15,20,22,27,34,30,26,10,41,-20,35,27,29,4,19,26,38,-20,35,44,8,14,3,35,35,10,2,38,13,4,5,3,9,6,6,50,6,4,44,8,12,40,7,6,-20,27,36,41,-20,-20,13,7,11,-20,4,29,-20,13,53,-20,8,-20,19,10,29,28,21,5,-20,91,17,7,-20,7,-20,-20,-20,14,6,-20,14,38,61,24,13,14,28,20,8,17,56,12,10,-20,-20,39,-20,23,18,5,12,23,31,-20,-20,8,5,7,22,17,6,5,23,29,15,49,12,28,56,12,17,42,17,26,23,20,-20,50,6,21,11,-20,35,24,-20,13,30,12,13,38,39,36,23,36,20,10,12,28,9,20,29,29,30,10,12,10,16,17,17,26,23,10,21,-20,-20,-20,-20,18,10,23,13,-20,17,-20,-20,30,14,20,24,41,-20,-20,24,41,27,13,6,41,-20,16,36,-20,-20,3,39,8,28,9,5,9,7,4,22,6,5,47,34,44,4,9,-20,22,4,7,-20,7,35,20,-20,31,31,37,45,38,56,22,-20,-20,-20,-20,81,18,26,12,36,10,7,10,13,9,24,5,7,-20,8,31,3,6,26,58,18,8,27,15,-20,-20,6,-20,16,20,14,5,7,7,26,4,10,9,21,53,5,12,18,20,12,-20,24,13,-20,6,13,12,14,17,39,21,-20,16,66,16,9,6,7,4,14,-20,7,-20,-20,13,8,8,9,10,8,-20,3,14,12,-20,16,11,12,5,12,14,12,4,-20,-20,7,-20,14,18,9,14,10,9,-20,12,6,10,4,10,9,12,28,10,12,23,30,18,13,111,24,11,11,10,5,11,3,-20,13,8,7,-20,6,8,-20,16,19,84,11,14,14,12,5,8,21,-20,5,9,4,15,14,9,5,9,5,21,-20,5,-20,7,15,16,3,-20,14,49,34,18,-20,11,3,-20,-20,-20,9,9,16,10,9,12,-20,18,-20,5,20,4,9,9,4,10,19,45,10,12,10,15,4,-20,-20,8,9,32,44,37,37,5,39,38,7,-20,34,25,9,9,37,9,19,-20,13,15,6,-20,-20,5,13,-20,8,17,19,20,14,11,15,12,15,12,26,34,25,6,8,11,16,14,25,36,17,10,51,18,22,6,6,-20,7,62,14,24,20,-20,12,8,12,14,36,27,26,15,50,34,23,26,31,12,30,13,23,6,12,30,7,16,14,10,-20,7,10,4,23,11,21,20,11,-20,31,10,7,-20,10,23,19,20,27,14,18,5,5,13,15,7,-20,76,29,54,28,25,25,20,25,-20,41,30,-20,27,-20,-20,13,52,44,22,9,-20,31,64,11,4,14,13,19,48,19,-20,24,21,29,38,37,4,31,11,49,13,18,22,18,8,10,13,14,13,9,12,9,13,12,-20,9,17,-20,10,-20,14,17,19,13,15,-20,14,16,6,8,12,5,11,17,10,18,17,5,15,8,11,10,20,8,-20,6,12,16,6,13,4,11,21,20,28,14,17,16,-20,5,9,12,15,11,7,15,13,14,15,6,13,8,-20,15,14,20,19,4,24,11,9,12,13,13,11,14,13,9,6,9,14,-20,7,20,14,9,7,4,11,9,7,8,10,9,8,12,3,11,10,15,5,10,8,9,8,-20,10,5,10,10,8,7,10,16,10,5,10,10,8,5,4,8,7,-20,-20,-20,12,7,13,9,14,4,-20,10,6,8,9,12,9,7,6,8,8,10,8,13,17,5,-20,17,3,-20,-20,6,4,7,6,24,5,21,-20,-20,6,10,8,5,4,18,7,7,12,13,17,4,20,7,-20,22,9,11,18,17,5,8,5,10,10,6,23,10,10,6,15,9,7,6,-20,10,13,12,4,14,9,10,5,11,7,5,-20,7,7,10,5,33,25,5,7,10,7,28,7,85,6,26,18,15,14,24,8,14,19,20,18,-20,12,7,20,17,17,23,8,16,11,32,11,21,14,10,10,15,20,15,19,-20,13,10,12,11,13,6,17,18,-20,6,8,6,17,13,13,7,6,5,12,24,17,-20,13,9,8,27,18,12,6,7,-20,6,6,12,14,36,15,8,10,21,9,-20,8,-20,13,5,7,11,10,8,11,17,13,4,8,8,-20,-20,11,6,-20,16,8,17,10,16,18,7,3,7,8,12,15,10,17,13,7,-20,13,13,-20,13,5,47,-20,12,17,11,10,9,6,10,21,10,12,13,18,-20,4,11,12,2,10,7,7,-20,-20,-20,-20,-20,10,8,3,-20,6,-20,13,-20,11,12,-20,-20,29,30,24,-20,6,12,15,7,14,5,4,17,-20,16,-20,21,-20,7,-20,4,-20,-20,-20,-20,-20,-20,14,3,-20,-20,11,6,12,-20,-20,-20,6,-20,5,6,-20,-20,6,-20,13,7,5,-20,11,3,-20,7,16,3,-20,15,-20,6,16,-20,-20,-20,-20,9,5,15,5,36,19,13,17,29,29,26,31,44,53,24,37,65,47,57,28,28,32
"chr1,13050717",-20,-20,-20,7,6,6,3,-20,8,-20,-20,3,31,21,17,11,27,17,72,55,51,11,44,34,51,37,35,37,20,5,8,4,16,8,68,56,26,18,15,-20,8,34,15,16,16,44,-20,51,9,10,9,24,61,36,21,-20,64,-20,30,32,27,39,39,25,24,15,27,52,57,16,28,29,24,21,23,57,24,4,-20,12,-20,22,13,10,22,34,26,50,36,14,22,23,29,37,28,26,10,41,-20,37,26,32,4,-20,26,40,-20,32,45,8,15,3,37,35,10,2,36,13,4,5,3,9,6,6,50,6,5,45,8,12,39,7,6,6,29,39,40,-20,-20,13,6,11,-20,4,29,-20,13,54,-20,8,-20,19,10,30,27,21,5,-20,92,17,7,-20,6,-20,-20,-20,13,6,-20,12,42,62,22,12,14,30,21,8,17,52,13,10,-20,-20,40,-20,23,18,6,12,19,31,-20,-20,8,6,6,23,17,6,5,22,26,15,50,12,31,52,11,17,43,15,27,23,19,-20,52,6,20,11,-20,35,25,-20,13,44,14,14,39,38,35,23,35,23,9,10,27,9,20,28,29,28,13,15,10,16,18,17,26,24,11,22,-20,-20,-20,-20,17,11,22,13,-20,18,-20,-20,29,13,21,24,40,-20,-20,24,42,-20,13,6,40,-20,14,34,-20,-20,3,36,8,25,9,4,7,7,4,23,6,4,45,36,44,4,9,9,22,4,8,-20,8,35,21,-20,32,34,37,41,38,58,22,-20,-20,-20,-20,82,17,28,11,34,9,9,10,12,9,27,5,7,3,8,30,3,5,27,58,18,8,26,15,-20,-20,6,8,15,22,15,5,7,7,27,4,10,8,21,53,5,11,17,22,12,-20,24,13,-20,6,13,14,15,18,42,20,-20,17,67,16,10,6,7,4,14,-20,10,-20,-20,15,12,8,11,10,7,7,3,14,12,-20,16,12,11,4,12,15,13,5,-20,7,8,-20,15,18,8,14,10,9,-20,12,6,10,6,10,9,16,27,11,12,24,30,18,11,116,24,10,13,10,7,11,-20,-20,13,8,8,-20,6,6,-20,15,18,84,11,16,13,12,5,8,21,-20,6,9,6,16,13,10,5,10,5,21,-20,6,-20,6,15,15,4,-20,14,49,34,18,-20,11,4,-20,-20,-20,7,10,20,11,9,12,-20,19,23,6,19,4,9,8,4,10,20,44,10,14,11,17,5,-20,-20,9,9,33,44,38,36,5,39,38,7,-20,34,28,10,9,39,11,18,-20,12,16,6,27,-20,5,13,-20,8,17,18,20,16,9,14,12,16,13,24,33,23,6,8,12,16,15,25,36,18,10,48,16,21,6,6,-20,7,60,14,25,19,-20,12,10,12,14,36,26,23,20,49,33,23,27,32,10,30,15,23,-20,12,30,7,16,15,9,-20,7,10,4,24,12,21,21,10,-20,32,11,8,-20,11,23,19,24,29,14,19,5,5,14,15,5,11,76,29,50,27,23,24,20,26,-20,43,30,-20,27,-20,-20,10,53,45,23,9,-20,32,63,11,-20,14,14,18,48,17,-20,22,23,26,37,36,4,31,11,52,13,18,21,18,8,12,14,14,13,9,11,9,12,12,-20,9,16,-20,11,4,14,18,19,13,15,-20,14,16,7,10,12,6,11,17,11,18,17,7,15,8,11,10,22,8,-20,7,13,18,6,13,4,12,22,20,28,14,18,16,-20,6,10,12,15,12,7,16,14,14,16,6,13,8,-20,16,14,20,18,4,26,11,9,12,14,13,13,15,14,9,7,9,14,-20,6,20,14,8,7,5,11,9,7,8,10,9,7,12,4,11,12,15,5,10,8,8,8,-20,10,5,10,11,8,7,10,17,10,5,10,10,8,5,4,8,9,-20,-20,4,12,7,13,9,14,5,-20,10,6,7,8,14,11,7,6,7,8,11,8,13,17,5,10,17,3,3,-20,6,5,7,6,24,6,23,9,-20,10,10,7,5,4,18,8,7,11,13,17,4,20,7,10,22,9,10,20,17,6,8,5,10,10,6,24,9,10,6,14,9,9,6,-20,11,13,12,4,14,9,10,6,11,8,5,-20,7,7,10,5,33,25,4,7,12,8,28,7,85,7,27,18,15,15,24,8,16,19,20,18,-20,14,7,20,19,17,23,9,16,11,35,12,22,14,9,-20,15,22,15,20,-20,13,11,11,11,13,6,17,19,-20,6,8,6,18,13,12,7,6,5,12,24,16,-20,13,9,10,27,18,12,6,7,8,6,6,13,15,36,17,8,-20,21,9,5,8,-20,15,5,8,11,10,8,12,17,14,4,8,8,-20,-20,11,6,-20,17,8,17,10,17,18,7,4,7,8,12,15,10,17,13,7,-20,13,14,-20,13,6,52,-20,12,17,11,10,9,6,10,21,10,12,13,19,-20,3,11,14,-20,10,7,7,-20,-20,-20,-20,-20,10,9,3,-20,6,-20,14,-20,11,14,13,6,28,32,23,-20,9,10,19,7,16,6,5,16,4,16,4,23,7,8,5,4,7,17,-20,6,-20,10,15,4,3,4,13,7,7,-20,4,-20,6,-20,4,6,-20,-20,9,6,11,-20,6,-20,10,3,5,7,21,5,11,15,4,7,18,10,3,-20,6,8,-20,15,4,36,20,11,17,28,29,25,29,44,53,22,37,57,45,57,28,30,31
"chr1,13050718",5,-20,-20,7,6,5,3,-20,-20,-20,-20,3,30,21,18,11,26,17,71,54,49,11,46,33,51,38,35,37,21,5,8,4,16,8,68,58,27,19,15,-20,10,34,17,16,17,44,-20,50,9,10,9,24,60,36,26,19,66,-20,31,32,27,38,38,26,24,15,27,52,56,16,28,29,24,21,23,59,24,4,-20,12,-20,22,13,10,22,34,26,49,35,14,24,23,31,36,28,26,10,41,-20,38,26,31,4,20,27,40,5,33,46,8,14,3,36,34,9,2,37,13,4,5,3,9,5,6,49,6,5,45,8,12,39,7,6,6,29,40,41,-20,3,13,6,11,-20,4,30,-20,13,52,-20,8,-20,19,10,29,28,21,5,-20,90,17,8,-20,5,-20,-20,-20,13,6,-20,12,41,63,22,12,14,30,21,10,17,52,11,11,-20,-20,39,-20,21,18,5,12,18,31,-20,-20,8,6,6,23,18,6,5,21,26,15,49,12,31,52,12,16,43,15,29,21,19,-20,53,7,20,11,-20,34,25,-20,14,44,14,14,37,39,36,24,34,25,8,10,27,9,20,27,30,28,13,15,10,17,18,17,26,24,11,19,-20,-20,-20,-20,18,12,22,13,-20,18,-20,-20,29,14,20,25,39,-20,-20,22,42,27,14,6,40,-20,13,30,-20,-20,3,37,8,25,9,4,7,7,4,23,6,4,45,35,49,4,-20,9,23,4,8,-20,8,34,21,-20,30,34,37,42,38,58,22,-20,-20,-20,-20,81,17,28,10,34,9,9,10,13,9,28,5,7,3,8,30,3,5,27,59,17,-20,26,18,-20,-20,6,8,15,22,16,5,7,7,27,4,11,8,21,53,5,11,17,21,12,-20,24,13,-20,6,13,16,15,18,43,20,-20,17,69,16,10,6,7,4,14,-20,10,-20,-20,15,13,8,11,10,7,7,3,14,12,-20,16,12,11,4,13,15,13,4,-20,6,8,-20,15,18,8,15,9,9,-20,13,6,9,6,10,9,16,29,11,12,22,31,18,11,118,24,10,13,11,7,9,-20,-20,13,8,8,-20,6,7,-20,16,19,84,12,16,15,12,5,8,20,-20,6,9,8,16,14,11,6,11,5,20,-20,6,-20,6,15,15,5,-20,14,50,34,18,-20,11,4,-20,-20,-20,7,10,19,11,9,12,-20,19,24,6,19,4,9,8,4,10,20,46,10,14,11,18,5,-20,-20,9,9,32,43,38,37,5,38,38,7,-20,34,29,10,9,40,11,18,-20,12,16,6,26,-20,5,13,-20,8,17,18,20,16,9,15,12,16,13,24,31,23,6,8,13,17,17,25,37,15,10,47,15,21,6,6,-20,7,59,15,25,21,-20,12,11,12,14,38,26,23,19,49,34,24,27,33,10,31,15,23,-20,12,29,7,17,15,9,-20,7,9,4,24,12,22,21,10,-20,31,13,8,8,11,23,18,24,29,13,19,5,5,14,15,5,11,76,29,50,27,23,24,18,26,-20,42,32,-20,27,-20,-20,10,54,47,22,7,-20,32,62,11,5,14,14,18,48,17,-20,21,22,26,36,36,4,31,11,52,13,18,20,19,8,12,14,13,13,9,11,9,13,12,-20,9,16,-20,11,4,14,18,19,13,15,-20,15,17,7,10,12,6,11,17,11,18,17,7,15,8,10,11,20,8,6,7,13,18,-20,13,4,12,22,19,28,14,18,17,3,6,10,11,15,12,7,15,14,14,17,7,13,8,6,16,14,20,19,4,26,11,9,12,14,13,13,15,13,9,7,9,14,-20,6,19,14,8,5,5,11,9,7,8,-20,9,7,12,4,11,11,15,5,-20,8,7,8,2,10,4,10,11,8,7,10,15,10,5,10,10,8,5,4,8,9,-20,-20,4,12,7,12,9,14,5,-20,10,6,7,8,14,11,6,6,7,8,11,8,13,17,5,10,17,-20,3,-20,6,5,7,6,24,6,23,9,-20,10,10,7,5,5,18,8,7,11,13,17,4,19,7,10,21,9,10,20,18,6,8,5,10,10,6,23,8,11,6,14,-20,9,6,-20,11,13,12,4,14,9,10,6,11,8,5,-20,7,7,10,5,32,24,5,7,12,8,28,7,85,7,26,16,16,15,23,8,16,19,20,18,-20,14,7,20,20,17,24,8,16,11,34,11,22,14,9,10,15,20,15,20,-20,13,11,11,11,12,6,18,19,-20,6,8,6,18,13,12,7,6,5,12,24,17,10,13,9,10,27,18,12,6,7,8,6,6,13,15,38,17,-20,10,21,9,5,8,7,15,5,-20,11,10,8,12,17,14,4,8,8,-20,-20,11,6,-20,17,8,17,10,17,17,7,4,7,8,12,15,10,17,14,7,-20,13,14,6,13,6,51,-20,12,17,11,10,9,6,10,19,10,12,13,18,-20,3,11,14,-20,10,7,7,-20,-20,8,-20,-20,10,9,3,-20,6,5,14,-20,11,13,14,6,28,28,22,-20,10,11,14,7,13,5,6,20,5,15,4,26,7,7,5,4,7,18,-20,7,-20,15,18,4,3,5,15,7,9,9,4,-20,6,-20,3,5,-20,-20,9,6,13,-20,6,-20,11,4,4,8,18,5,11,15,-20,5,18,9,5,7,9,9,-20,14,4,36,20,11,17,27,30,27,30,44,54,22,37,56,44,55,30,30,30
"chr1,13050720",5,4,3,7,6,7,4,-20,8,-20,-20,4,32,22,19,13,28,17,70,56,49,11,43,34,54,36,34,37,21,5,7,4,16,8,68,56,26,19,17,-20,10,33,19,16,17,43,8,50,9,9,9,23,59,37,25,20,64,-20,28,33,26,36,37,26,25,15,28,51,59,16,25,28,24,22,23,59,23,-20,-20,12,-20,21,12,10,22,34,25,50,36,13,26,23,30,36,30,27,11,39,-20,38,27,30,5,20,28,40,4,33,46,8,14,3,35,34,9,2,36,13,4,7,3,9,5,6,50,6,5,42,9,12,39,6,7,6,26,39,39,-20,4,16,6,11,-20,5,30,-20,13,54,-20,8,-20,19,10,32,27,21,4,-20,90,18,8,-20,5,-20,-20,-20,13,8,-20,11,39,60,22,11,14,30,22,9,18,55,11,13,-20,-20,35,-20,23,18,5,12,19,31,-20,-20,9,8,3,23,18,4,5,20,28,17,50,11,35,54,11,16,43,14,28,22,19,-20,56,8,20,-20,-20,36,25,-20,13,48,14,14,35,39,38,24,34,25,9,10,27,9,17,26,29,29,15,15,11,16,18,18,25,24,10,19,-20,-20,-20,-20,18,11,22,12,-20,19,-20,-20,29,14,20,25,38,-20,-20,21,41,29,14,7,40,-20,14,30,-20,-20,3,35,8,25,9,4,7,7,4,23,6,4,49,40,49,5,11,9,24,4,8,-20,8,33,21,-20,30,33,35,42,39,58,22,-20,-20,-20,-20,89,17,29,11,33,8,9,11,13,9,28,4,7,3,7,27,3,5,26,59,16,8,25,18,3,-20,6,8,16,22,16,5,8,7,27,5,10,8,21,56,3,11,17,21,12,-20,26,12,-20,6,13,16,15,17,42,19,-20,17,69,16,9,7,6,5,14,-20,10,-20,-20,15,13,8,10,9,6,7,3,15,12,-20,15,12,11,3,13,15,13,4,-20,6,7,-20,15,18,8,14,10,10,-20,13,5,9,6,10,9,16,29,10,12,23,35,16,11,121,25,9,13,11,7,9,-20,-20,13,-20,8,-20,6,7,-20,16,18,84,11,17,14,12,4,8,21,-20,7,9,10,17,13,11,6,11,6,20,-20,6,-20,7,15,15,5,-20,14,49,35,20,-20,11,4,-20,-20,-20,7,10,18,11,9,-20,-20,19,25,7,19,4,9,8,4,-20,21,44,10,14,11,17,5,-20,-20,8,9,32,42,37,38,5,37,39,9,-20,35,30,11,10,40,11,19,-20,11,17,-20,25,-20,5,14,-20,7,17,18,19,15,10,15,12,15,13,24,29,23,6,8,11,16,17,24,38,15,10,47,15,22,8,6,-20,8,61,15,26,21,-20,11,14,13,14,38,25,22,19,49,32,23,27,33,10,31,15,26,-20,12,29,7,19,16,10,-20,7,9,4,24,15,23,22,10,-20,33,14,10,8,11,24,19,27,28,14,18,5,5,14,15,7,10,74,28,50,26,22,23,20,25,-20,40,30,-20,27,-20,-20,9,53,45,20,6,-20,32,62,11,5,14,15,18,44,16,-20,20,23,28,36,36,4,28,10,52,13,17,18,20,9,12,14,14,15,9,11,8,13,12,-20,9,16,-20,11,4,14,19,20,13,15,-20,17,18,7,12,12,6,11,20,12,18,18,7,18,10,10,11,19,8,-20,8,13,21,8,13,4,13,22,19,28,14,19,17,3,9,12,12,18,12,8,18,13,13,18,8,13,9,10,17,15,20,20,5,25,12,9,12,14,15,12,17,14,12,10,9,15,-20,6,21,13,11,7,6,11,9,8,8,10,9,11,12,5,12,12,16,5,11,8,7,8,3,10,4,9,11,10,7,10,15,11,7,10,10,10,5,4,7,9,-20,-20,4,13,8,13,9,14,6,-20,10,8,7,8,14,11,6,6,7,9,11,9,12,17,7,12,18,-20,3,-20,-20,-20,7,7,24,6,23,9,-20,10,10,7,5,6,19,9,7,12,15,17,4,20,7,11,22,11,11,20,19,6,8,5,10,10,7,23,8,12,7,15,9,9,7,-20,11,13,13,5,15,9,10,6,13,10,6,-20,7,7,10,5,32,25,6,7,12,8,28,7,89,7,28,17,18,15,23,8,16,19,21,20,-20,16,8,20,22,18,25,8,17,12,36,11,22,14,11,10,15,21,15,19,-20,13,13,13,11,12,6,17,19,-20,6,8,6,18,12,12,7,7,8,12,24,16,-20,14,9,10,30,19,14,7,7,11,7,7,13,16,40,19,10,12,22,11,5,8,9,16,5,9,13,13,9,11,17,14,4,9,10,-20,-20,12,6,-20,17,8,18,11,18,17,7,7,7,9,12,18,11,19,17,7,-20,13,14,-20,14,6,53,-20,11,17,11,10,9,8,10,20,12,12,14,18,-20,3,11,14,3,10,8,7,-20,-20,9,-20,-20,10,9,3,-20,6,7,15,-20,12,13,15,5,30,31,25,-20,8,12,16,7,15,7,5,21,-20,14,5,24,6,6,5,6,6,21,-20,7,-20,7,17,-20,3,5,15,9,9,10,4,-20,6,3,5,5,-20,-20,9,5,13,9,7,-20,11,4,4,8,19,5,12,15,5,6,19,8,5,7,12,10,4,15,5,36,19,11,17,26,29,26,30,41,55,22,23,56,43,53,28,30,29
"chr1,13050724",5,6,3,7,6,7,4,-20,7,-20,-20,5,29,20,19,13,29,17,71,51,51,10,43,35,52,35,34,36,21,5,7,4,18,8,68,53,27,22,17,-20,9,28,16,15,13,41,-20,52,9,7,8,24,56,36,24,21,65,-20,29,32,29,36,31,28,25,14,28,51,57,16,23,28,21,23,23,59,23,-20,-20,11,-20,21,12,8,21,36,21,51,37,14,27,24,30,35,28,25,10,43,-20,39,24,29,5,21,28,36,4,32,46,8,14,3,38,34,9,2,36,14,4,7,3,9,5,6,47,4,4,42,9,11,38,4,6,5,26,38,36,-20,4,17,6,11,-20,5,30,-20,13,51,-20,7,-20,19,10,33,28,21,4,-20,89,17,8,-20,4,-20,-20,-20,11,7,-20,11,39,57,21,12,14,29,21,9,17,54,13,13,-20,-20,37,-20,21,18,4,11,19,31,-20,-20,9,8,5,21,18,3,7,19,30,18,47,11,33,61,13,15,41,12,27,19,20,-20,55,7,19,10,-20,36,26,-20,13,48,13,13,35,39,39,23,34,25,9,15,26,9,16,26,27,30,14,13,11,15,19,18,25,27,10,18,-20,-20,-20,-20,18,13,22,11,-20,-20,-20,-20,28,13,18,25,39,-20,-20,26,41,29,14,7,41,-20,15,30,-20,-20,3,33,8,26,8,5,8,6,5,25,6,4,48,32,49,5,11,9,23,4,6,-20,9,34,22,-20,31,32,36,42,43,60,23,-20,-20,-20,-20,89,17,32,11,34,8,9,12,10,8,30,3,7,3,8,27,3,6,21,53,15,8,25,19,4,-20,6,6,17,20,16,5,8,7,27,6,10,7,22,53,-20,12,18,21,13,-20,22,12,-20,8,13,15,15,17,43,16,-20,16,71,17,10,6,6,5,15,-20,10,-20,-20,16,14,8,10,9,5,8,3,15,12,-20,15,14,11,3,-20,17,13,5,-20,6,8,-20,17,17,8,15,10,9,-20,12,5,9,6,10,9,15,29,9,15,23,36,17,12,126,26,8,12,11,8,7,-20,-20,13,-20,7,-20,7,5,-20,17,20,84,10,12,12,12,4,6,21,-20,7,9,9,16,12,7,6,11,6,19,-20,6,-20,5,12,15,5,-20,13,49,34,22,-20,11,3,-20,-20,-20,6,10,12,12,10,-20,-20,20,23,6,19,5,9,9,6,-20,22,45,10,13,12,18,5,-20,-20,8,9,33,46,36,37,5,36,39,8,-20,33,29,11,10,41,11,19,-20,11,15,7,26,-20,5,14,-20,7,16,16,18,13,11,14,12,16,13,25,32,22,6,8,11,15,17,26,37,15,11,42,15,22,10,6,-20,10,62,14,25,21,-20,10,14,13,13,41,25,20,18,51,34,23,28,34,16,29,15,29,-20,12,29,8,17,17,-20,-20,6,11,4,25,15,25,22,10,-20,33,14,10,9,11,25,19,26,28,11,16,5,3,12,16,8,-20,73,29,49,26,22,21,22,24,-20,40,30,-20,24,-20,-20,10,51,46,20,6,-20,32,58,7,6,15,14,19,44,15,-20,20,23,29,35,35,4,31,10,64,11,23,18,21,9,13,12,14,15,-20,11,7,13,14,-20,8,16,-20,10,3,14,19,19,12,12,-20,16,19,7,12,12,6,11,22,12,19,15,7,17,10,11,11,16,8,-20,8,13,22,9,13,4,13,20,19,28,14,17,15,3,10,14,15,18,12,7,18,13,13,17,8,12,10,11,18,17,18,19,6,25,13,10,12,14,15,12,17,14,13,10,9,15,7,6,21,13,11,7,5,10,8,7,6,10,9,10,12,5,12,12,15,4,-20,8,7,8,3,10,4,8,11,10,6,11,14,10,6,10,8,11,4,3,7,8,-20,-20,4,13,7,14,8,16,6,-20,8,8,6,8,11,11,6,7,7,6,11,9,12,15,7,12,18,-20,-20,3,-20,-20,9,7,22,6,19,8,-20,11,11,8,5,5,17,9,8,10,16,16,4,18,5,8,20,11,11,21,18,5,8,7,10,10,7,23,8,14,7,15,7,6,7,-20,11,12,12,5,13,9,9,8,13,12,5,-20,8,7,9,5,29,25,6,7,11,9,31,6,89,7,27,17,16,15,22,8,15,19,21,19,-20,12,7,20,21,18,24,9,15,11,36,9,20,12,10,11,15,21,13,17,-20,12,12,15,11,10,7,18,17,-20,-20,6,5,18,12,12,6,8,8,11,22,16,-20,13,10,10,30,18,14,7,7,10,7,7,13,16,41,19,8,13,21,11,5,9,9,16,6,9,13,12,8,10,17,14,4,9,9,-20,-20,12,6,-20,15,7,18,12,18,17,7,6,7,10,11,19,11,21,16,7,-20,11,14,-20,13,5,52,-20,11,17,11,11,9,7,12,17,12,11,14,19,7,4,11,12,3,10,8,6,-20,-20,9,-20,-20,10,9,3,-20,6,7,15,-20,12,11,17,7,29,33,23,-20,8,13,14,7,18,-20,7,20,-20,18,5,23,8,9,4,7,5,26,3,4,6,7,21,4,3,-20,17,9,8,12,4,-20,6,8,7,7,5,4,12,-20,11,14,7,-20,12,6,6,7,18,5,13,16,-20,7,17,8,4,8,13,10,-20,18,4,36,18,11,20,24,31,25,28,39,49,28,23,50,45,51,29,28,22
"chr1,13050727",7,6,3,7,5,7,4,-20,7,-20,-20,-20,29,20,19,13,29,16,70,50,52,10,43,39,53,35,30,37,20,5,7,4,18,7,68,52,29,22,17,-20,9,28,19,15,13,39,-20,51,9,9,8,22,51,34,25,21,60,-20,29,32,29,37,29,27,24,14,28,48,56,18,23,27,21,24,24,62,23,-20,-20,10,-20,22,15,8,20,35,22,52,37,13,28,25,31,34,28,26,10,45,-20,38,21,29,5,24,27,37,3,32,45,9,14,3,40,32,8,2,37,14,4,6,3,9,5,7,45,2,4,39,9,11,36,4,7,5,28,37,34,-20,6,16,5,12,-20,5,30,-20,13,50,-20,7,-20,19,10,33,27,20,4,-20,89,16,8,-20,-20,-20,-20,-20,10,6,-20,11,41,56,21,10,17,31,23,9,18,51,12,12,-20,-20,40,-20,21,18,5,11,19,31,-20,-20,9,10,4,18,17,3,7,19,34,19,42,12,33,62,13,15,45,11,29,24,20,-20,54,8,19,11,-20,37,23,-20,13,49,15,14,34,36,38,23,33,24,9,14,26,9,15,25,26,28,15,12,13,17,20,18,25,26,10,17,-20,-20,-20,-20,18,12,20,12,-20,20,-20,-20,27,12,20,30,40,-20,-20,31,41,28,13,7,40,-20,15,29,-20,-20,3,32,7,27,8,5,7,6,7,24,6,4,52,31,46,5,11,9,21,4,6,-20,10,34,24,-20,31,31,36,38,40,59,22,-20,-20,-20,-20,84,19,32,11,32,9,8,11,16,8,30,3,7,3,8,28,4,6,22,51,15,-20,25,20,4,-20,6,7,17,21,16,6,8,5,25,6,10,7,22,52,-20,13,17,21,13,-20,22,15,-20,8,12,14,15,19,41,15,-20,15,73,17,9,6,6,5,15,-20,10,-20,-20,17,13,7,10,9,5,9,2,14,13,-20,15,13,11,3,13,18,10,5,-20,6,9,-20,17,17,8,16,9,9,-20,13,5,9,7,9,9,15,31,8,16,23,37,17,12,128,25,8,12,11,8,7,-20,-20,14,-20,7,-20,7,-20,-20,17,20,84,-20,12,11,12,4,6,21,-20,7,9,9,16,12,-20,7,10,6,18,-20,6,-20,6,13,15,5,-20,13,47,33,22,-20,11,3,-20,-20,-20,7,10,9,12,10,5,-20,20,21,6,18,5,8,9,6,8,22,45,10,13,12,25,5,-20,-20,8,9,33,45,34,38,5,37,38,8,-20,33,28,13,10,42,11,20,-20,11,16,7,26,-20,6,13,-20,-20,16,17,16,13,12,15,14,16,16,26,35,23,8,8,12,14,17,26,38,15,11,42,15,23,12,6,-20,10,62,14,22,20,-20,10,14,12,13,40,24,21,18,50,34,25,28,34,17,28,12,30,-20,11,26,9,18,16,11,-20,6,12,5,25,14,25,23,11,-20,33,14,10,9,11,25,19,27,28,11,17,6,5,12,17,8,9,74,30,49,27,20,19,22,24,-20,39,30,-20,25,-20,-20,10,48,45,19,6,-20,32,56,8,6,16,16,19,45,17,-20,20,22,29,35,35,4,30,11,63,11,23,20,21,8,12,11,14,17,10,11,7,13,14,-20,8,16,-20,-20,3,13,16,20,12,12,-20,17,19,7,13,13,6,10,23,13,21,15,7,18,11,11,12,16,9,-20,8,12,22,9,13,4,13,21,19,28,13,16,14,-20,11,15,16,22,13,7,19,14,12,19,8,11,10,12,17,17,18,17,4,24,13,11,12,14,17,13,17,13,12,-20,9,14,7,7,21,13,13,6,-20,10,8,7,6,9,8,12,11,6,12,13,15,4,10,8,7,7,3,10,4,8,11,9,6,13,14,10,6,8,7,12,4,3,7,8,-20,-20,5,12,7,15,8,16,6,-20,9,9,6,8,11,11,6,6,7,6,12,9,12,15,6,11,18,-20,-20,3,-20,-20,9,7,22,6,18,8,4,11,11,7,4,5,17,9,7,10,14,15,5,19,4,7,21,10,-20,21,17,5,8,9,10,10,7,-20,8,13,7,15,7,6,7,-20,10,12,11,5,13,10,6,8,13,11,5,6,10,7,8,5,29,25,6,7,12,8,32,6,88,7,26,19,15,15,22,-20,16,19,22,19,-20,12,7,20,22,17,24,9,15,13,34,9,20,13,10,11,14,22,13,17,-20,12,11,17,11,10,7,18,18,-20,6,6,5,17,12,10,6,8,10,11,25,16,-20,13,10,9,29,18,14,7,7,11,7,7,13,16,44,19,9,13,21,11,4,8,8,19,6,8,13,11,9,10,16,12,4,9,8,-20,-20,12,5,-20,15,7,17,12,17,17,8,7,7,10,12,19,11,23,16,7,-20,12,14,-20,13,5,53,-20,10,18,9,11,8,8,12,20,10,10,14,19,7,4,12,12,3,10,8,6,-20,-20,9,-20,-20,10,9,3,5,6,7,15,-20,14,11,17,8,30,37,23,-20,8,12,12,7,16,-20,5,21,5,16,6,24,6,6,7,7,6,29,4,5,6,6,22,4,3,6,18,13,7,14,4,-20,6,9,7,-20,5,5,14,8,10,14,7,-20,12,7,-20,8,21,6,14,16,-20,8,16,10,4,7,12,9,4,17,5,36,18,11,19,23,29,25,29,42,48,28,23,53,42,49,29,26,22
"chr1,13050731",6,6,3,11,5,7,4,-20,11,-20,4,-20,27,22,19,12,29,16,73,53,53,10,41,41,53,34,31,34,21,5,8,4,17,7,71,49,31,22,17,-20,9,27,20,16,13,40,-20,47,8,10,7,21,48,45,24,20,61,-20,28,31,28,39,28,28,24,14,26,50,52,18,25,31,25,23,24,61,25,-20,-20,11,-20,21,15,8,17,37,23,54,37,14,27,27,28,35,26,27,10,46,-20,38,20,30,5,27,31,37,4,33,44,7,16,3,41,33,7,-20,35,15,5,7,3,10,5,7,45,3,4,38,10,10,37,5,8,5,29,38,33,-20,7,17,5,13,-20,6,33,-20,13,49,-20,7,-20,19,10,34,27,21,4,-20,93,14,8,-20,-20,-20,3,-20,9,7,-20,9,38,50,22,11,20,32,24,8,18,38,13,13,-20,-20,41,-20,22,16,6,12,18,29,-20,-20,-20,10,-20,18,19,3,8,20,34,21,43,15,-20,63,11,13,49,10,30,24,-20,-20,52,8,19,12,-20,-20,23,-20,-20,-20,17,13,36,37,34,25,32,25,7,14,-20,9,14,22,26,-20,15,12,13,17,20,-20,25,25,9,18,-20,-20,-20,-20,19,14,20,12,-20,20,-20,-20,-20,11,21,30,38,-20,-20,34,40,28,13,8,38,-20,14,30,-20,-20,-20,35,7,23,9,5,7,7,7,24,6,5,49,32,47,6,11,10,22,5,6,-20,11,36,24,3,28,31,36,36,41,55,20,-20,-20,-20,-20,91,19,33,12,32,21,9,11,17,8,33,3,9,3,8,31,4,6,22,52,16,8,26,21,4,-20,6,8,17,21,16,6,8,6,25,6,9,7,24,53,-20,14,16,21,14,-20,22,17,-20,13,15,16,16,19,45,16,-20,15,85,17,9,7,8,6,16,6,13,-20,-20,17,11,7,10,10,5,9,-20,14,13,-20,15,14,10,3,9,20,11,7,-20,6,9,-20,17,19,7,16,10,10,-20,12,5,8,8,10,8,18,30,6,15,22,37,16,13,130,25,5,12,12,8,7,-20,-20,14,6,7,-20,7,-20,-20,17,21,84,-20,11,14,12,5,6,22,-20,7,10,9,17,12,-20,8,10,6,17,-20,6,-20,7,14,16,5,-20,13,48,37,25,-20,12,3,-20,-20,-20,7,10,8,12,10,-20,-20,17,19,6,21,5,9,9,6,9,21,39,11,13,12,26,5,-20,-20,9,8,33,46,34,36,5,37,41,10,-20,33,30,13,11,43,11,22,-20,11,15,-20,27,-20,5,12,-20,7,16,-20,20,13,14,14,14,18,17,26,39,25,10,7,12,14,20,-20,37,15,11,43,15,23,15,6,-20,10,62,13,19,20,-20,10,15,13,14,-20,26,21,17,48,34,25,28,35,-20,27,13,31,-20,12,26,9,18,18,11,-20,5,12,7,26,17,25,24,11,-20,37,16,12,10,11,25,20,28,29,13,19,7,5,13,22,9,8,69,30,49,28,18,19,23,24,-20,36,27,-20,28,-20,-20,9,60,44,19,6,-20,32,56,7,5,16,15,19,47,16,-20,20,23,28,35,35,3,32,11,63,10,22,22,21,7,13,13,17,19,11,12,11,16,18,-20,8,19,-20,8,4,13,20,21,13,11,-20,17,20,7,15,14,6,11,26,13,20,18,8,19,11,14,12,16,9,-20,8,11,22,9,15,6,15,22,18,30,14,18,15,5,12,15,17,22,14,12,23,15,11,20,9,9,9,11,17,-20,18,19,4,-20,15,11,14,14,18,14,18,14,12,13,9,16,9,9,25,14,14,8,-20,10,8,8,7,10,9,13,11,7,10,15,16,7,11,7,8,9,3,10,5,8,11,9,8,15,14,11,7,10,8,16,5,4,6,9,-20,-20,5,11,8,16,9,15,6,3,12,7,7,8,13,13,6,6,9,7,12,9,15,20,6,11,18,-20,4,3,-20,-20,9,6,25,6,20,8,5,11,13,11,4,-20,17,10,7,13,15,15,6,19,6,8,23,11,9,21,17,6,7,8,11,-20,8,23,10,14,8,14,6,7,8,-20,11,15,13,5,14,9,7,7,13,13,8,6,11,8,10,5,34,29,7,6,12,9,31,6,90,7,30,21,17,16,23,7,17,20,25,20,7,12,7,21,22,18,27,10,16,14,39,10,22,15,11,11,15,21,14,18,-20,13,13,19,11,10,6,18,20,-20,6,6,5,14,10,11,5,9,11,11,26,18,-20,14,10,10,29,21,14,8,7,11,7,11,12,21,49,20,11,13,22,11,4,10,10,20,7,10,14,12,10,9,15,12,3,10,8,-20,-20,13,5,-20,16,8,17,13,18,17,12,8,7,-20,12,19,11,25,15,7,-20,12,14,-20,15,5,53,-20,11,20,9,14,8,8,17,24,12,11,16,20,8,4,13,14,3,9,8,7,-20,-20,9,-20,-20,12,9,4,4,4,8,15,-20,16,12,19,8,30,36,26,-20,8,13,13,7,16,5,5,23,6,17,7,24,6,8,5,7,-20,30,6,8,6,14,21,3,3,7,17,11,9,14,-20,-20,6,13,6,8,6,5,13,9,13,16,7,-20,12,10,5,7,20,6,14,16,-20,6,17,11,4,9,10,7,-20,20,5,37,20,11,19,23,29,24,29,44,49,-20,43,56,42,46,29,27,20
"chr1,13050734",6,6,3,11,5,7,4,-20,11,-20,5,-20,28,22,20,11,32,16,76,51,49,10,45,41,51,33,31,36,21,5,8,6,16,7,72,49,34,24,18,-20,9,26,20,17,12,41,7,48,8,9,8,21,48,42,24,20,59,-20,27,31,27,41,28,29,24,16,26,48,51,18,29,30,27,23,24,62,26,-20,-20,13,-20,22,17,8,17,37,21,52,36,14,27,27,31,34,23,27,10,46,-20,37,20,29,6,27,32,36,4,32,45,9,16,3,41,36,8,-20,34,15,5,7,3,11,4,7,47,3,4,38,10,10,34,5,8,5,30,38,34,-20,8,17,5,13,-20,6,34,-20,13,49,-20,7,-20,20,11,33,27,21,4,-20,92,17,9,-20,-20,-20,3,-20,9,7,-20,9,41,48,23,10,20,33,24,9,18,34,15,14,-20,-20,41,-20,21,16,6,12,18,29,-20,-20,9,10,-20,18,19,3,8,22,36,21,44,14,37,63,12,13,52,10,29,25,21,-20,50,8,19,12,-20,38,23,-20,14,48,16,12,36,35,34,24,33,22,7,14,28,12,14,23,23,25,16,14,13,17,19,19,25,28,10,17,-20,-20,-20,-20,19,14,19,11,-20,20,-20,-20,26,12,20,31,39,-20,-20,33,40,29,12,8,39,-20,15,30,-20,-20,3,34,6,23,9,5,7,9,7,24,6,5,48,37,51,6,11,10,23,5,6,-20,11,37,24,3,28,30,35,32,37,55,20,3,-20,-20,-20,98,19,31,13,33,19,9,11,17,8,30,4,9,3,11,32,-20,6,25,58,17,9,27,22,4,-20,6,-20,17,22,16,7,-20,6,24,8,9,6,26,54,-20,14,15,21,12,-20,22,19,-20,12,14,17,15,19,46,18,-20,16,83,17,8,7,8,6,17,6,14,-20,-20,18,9,7,10,10,6,-20,-20,14,11,-20,15,13,10,3,8,19,11,6,-20,6,9,-20,17,17,7,17,10,9,-20,12,5,7,8,10,8,19,30,-20,16,22,39,16,14,129,27,4,13,13,9,7,-20,-20,15,6,8,-20,7,-20,-20,19,24,84,6,11,15,12,5,6,22,-20,7,10,8,18,12,-20,8,9,6,19,-20,5,-20,7,15,16,5,-20,13,48,37,29,-20,13,3,-20,-20,-20,8,10,8,12,11,-20,-20,17,19,6,22,5,8,9,8,9,21,41,11,14,12,26,5,-20,-20,8,7,33,43,34,37,5,37,42,10,-20,34,31,13,11,45,11,22,-20,10,17,8,23,-20,6,12,-20,7,16,18,19,13,14,12,13,16,17,26,39,26,13,-20,12,14,22,26,38,14,12,41,15,23,15,6,-20,10,68,13,20,20,-20,10,15,15,15,44,27,21,18,44,31,23,30,34,18,28,11,30,-20,14,28,10,21,19,11,-20,5,12,7,26,17,25,24,11,3,34,16,13,10,11,25,20,28,29,14,19,7,5,12,23,9,-20,70,29,50,32,18,19,24,25,-20,39,26,-20,25,-20,-20,10,61,46,19,6,-20,33,57,8,5,15,15,19,45,16,-20,20,23,25,35,35,3,32,11,64,15,21,21,21,7,13,13,17,19,11,13,12,15,19,-20,8,18,-20,8,5,13,20,21,13,11,-20,17,21,8,15,14,7,11,26,13,19,18,7,19,12,15,10,17,9,-20,8,11,22,9,15,6,15,23,18,30,15,17,16,5,12,15,17,21,14,11,22,15,11,20,9,10,9,11,18,17,18,19,4,25,14,12,14,14,18,15,17,14,12,14,9,18,9,9,25,14,15,8,-20,9,7,8,8,13,9,13,10,7,9,16,16,7,10,9,8,9,3,11,5,8,10,9,8,15,14,11,7,10,8,17,5,5,6,9,-20,-20,5,10,6,16,9,16,6,3,12,7,7,8,13,14,6,6,9,7,12,9,14,20,6,11,19,3,-20,3,-20,-20,10,6,26,6,19,8,5,10,13,10,4,-20,16,11,7,13,13,18,6,19,6,8,23,11,9,20,17,6,7,8,10,10,8,23,10,15,8,14,6,7,8,-20,11,15,13,5,14,9,8,7,15,13,8,6,12,8,10,5,37,28,7,6,14,9,31,6,94,7,30,22,16,16,24,7,18,20,24,20,7,12,7,20,24,18,27,10,17,14,40,10,22,14,11,11,15,22,14,18,-20,14,13,19,12,11,6,17,19,-20,6,6,4,14,10,11,6,9,11,10,26,17,-20,14,10,10,30,21,14,8,7,12,7,11,12,21,49,20,11,14,22,11,4,-20,11,20,7,11,12,12,10,9,15,12,3,11,9,-20,-20,14,5,-20,16,9,17,13,18,16,12,8,7,-20,11,19,11,26,15,8,-20,11,14,-20,15,5,53,-20,11,21,9,14,8,9,17,25,12,10,15,20,8,4,13,13,3,9,8,9,-20,-20,10,-20,3,12,9,4,4,4,8,13,-20,16,12,19,9,29,35,20,-20,7,12,15,7,15,8,5,-20,5,18,7,20,6,6,5,8,6,29,6,7,6,5,18,3,3,7,17,11,8,14,-20,-20,3,13,-20,8,-20,5,13,10,11,15,6,-20,10,8,4,7,22,6,13,15,-20,8,14,11,3,8,10,7,-20,21,5,36,22,11,20,21,29,24,28,44,49,19,42,56,43,43,28,27,20
"chr1,13050735",6,6,3,10,5,7,4,-20,11,-20,5,-20,28,22,19,11,32,16,77,52,48,10,44,40,52,33,30,34,21,5,8,6,16,7,71,49,34,22,18,-20,9,26,20,17,12,40,7,44,8,9,10,21,47,42,25,19,59,-20,26,27,27,41,27,28,26,17,25,46,51,18,30,29,27,25,26,62,26,-20,-20,13,-20,22,17,8,17,37,21,53,35,14,27,27,33,33,23,26,10,46,-20,34,20,29,6,27,31,35,4,32,46,9,15,3,43,37,8,-20,34,14,5,7,3,10,4,7,47,3,4,37,10,10,39,5,8,5,33,38,34,-20,8,17,5,12,-20,6,34,-20,13,49,-20,6,-20,21,11,33,27,21,4,-20,90,21,9,-20,-20,-20,-20,-20,9,7,-20,9,42,52,24,10,20,33,24,9,18,34,16,14,-20,-20,41,-20,21,16,6,12,18,29,-20,-20,9,10,-20,18,21,3,8,22,39,22,44,14,37,63,12,14,52,10,30,28,22,-20,50,8,19,11,-20,38,24,-20,14,47,17,12,37,35,34,26,33,22,7,14,28,12,14,23,23,26,16,13,13,17,18,20,25,27,10,17,-20,-20,-20,-20,19,14,19,10,-20,20,-20,-20,26,11,19,31,39,-20,-20,33,40,27,13,8,40,-20,18,31,-20,-20,3,34,6,23,9,4,7,9,7,24,6,6,48,39,51,6,11,10,22,5,6,-20,11,37,25,3,28,29,35,32,36,52,21,3,-20,-20,-20,100,19,33,13,34,19,9,11,17,8,29,4,9,3,12,34,4,6,25,59,17,9,29,22,5,-20,6,8,17,23,16,7,7,7,25,8,9,6,26,54,-20,14,15,22,12,-20,22,20,-20,12,14,17,15,20,46,18,-20,16,81,17,8,7,9,7,17,6,15,-20,-20,18,9,7,10,10,6,11,-20,14,12,-20,15,14,10,3,8,21,11,6,-20,6,9,-20,17,17,7,17,10,9,-20,13,5,8,8,10,8,19,30,5,16,21,38,16,14,129,28,-20,12,12,9,7,-20,-20,15,6,9,-20,7,-20,-20,19,24,84,-20,11,15,14,5,6,23,-20,7,10,8,18,12,-20,8,9,5,19,-20,5,-20,7,15,16,5,-20,13,48,37,29,-20,13,3,-20,-20,-20,8,10,6,12,11,-20,-20,17,19,6,22,6,8,9,8,9,20,42,11,14,12,31,5,-20,-20,8,7,33,43,34,36,5,38,42,10,-20,34,31,13,11,45,11,22,-20,10,17,8,25,-20,-20,11,-20,7,16,18,19,13,14,14,12,17,17,28,39,25,14,8,12,13,22,26,37,14,11,42,15,23,15,6,-20,10,69,13,21,20,-20,13,15,13,15,44,27,19,18,44,32,23,30,34,18,27,12,30,-20,14,29,9,21,19,11,-20,5,13,7,26,17,25,24,11,3,34,16,13,10,11,25,20,28,29,14,18,7,5,12,22,9,6,67,30,51,32,18,18,24,25,-20,40,25,-20,26,-20,-20,10,60,46,19,6,-20,33,56,8,5,13,15,19,47,16,-20,20,23,26,35,36,3,31,11,64,15,22,23,21,7,12,13,16,18,12,13,11,16,19,-20,8,18,-20,8,5,13,20,21,13,11,-20,17,21,8,15,14,7,11,26,13,19,18,7,19,12,15,11,17,9,-20,8,10,22,9,15,6,15,22,18,30,15,15,16,5,12,15,17,20,14,11,21,15,11,20,9,10,9,10,18,17,18,19,4,25,14,12,14,14,18,15,17,14,12,13,9,18,9,9,25,14,15,8,-20,9,7,8,8,12,9,13,11,7,9,16,16,7,10,9,8,9,3,10,5,8,10,9,8,15,14,11,7,9,8,17,5,5,6,9,-20,-20,5,10,6,16,9,16,6,3,12,7,7,8,13,14,6,6,9,7,12,9,13,20,6,11,19,3,-20,3,-20,-20,10,6,25,6,19,8,5,10,13,10,4,-20,16,11,7,13,13,18,6,19,6,8,23,10,9,20,17,6,7,8,11,10,8,23,10,15,8,14,6,7,8,-20,11,15,12,5,14,9,8,7,15,13,8,6,12,-20,10,5,37,28,7,6,14,11,31,6,93,7,31,22,16,16,22,7,17,19,24,20,7,12,7,20,24,18,27,10,17,14,40,10,22,14,11,11,15,21,14,18,-20,14,13,18,12,11,6,17,19,-20,6,6,4,14,10,11,6,8,11,10,26,19,-20,14,10,10,30,21,14,8,7,12,7,11,12,21,49,20,11,14,22,11,4,10,11,20,7,11,12,12,10,9,15,12,3,11,9,-20,-20,14,5,7,16,9,17,13,18,16,12,8,7,9,11,20,11,26,15,8,-20,12,14,-20,15,5,52,-20,11,20,9,14,7,9,17,25,11,11,15,20,8,4,13,13,3,9,8,9,-20,-20,10,-20,3,12,9,4,4,4,7,12,-20,16,12,18,-20,29,32,20,-20,6,10,16,6,14,-20,5,11,4,15,6,17,5,5,4,8,7,27,6,6,7,6,19,3,-20,3,14,10,8,10,-20,-20,4,13,5,6,6,5,14,10,8,12,5,-20,8,9,4,5,21,6,10,14,-20,8,10,-20,3,6,9,6,-20,16,5,34,21,11,20,21,29,22,29,43,51,19,41,56,41,43,28,26,20
"chr1,13050738",6,6,-20,11,5,7,4,-20,10,-20,4,8,27,22,17,11,31,16,78,51,47,10,44,41,51,34,28,34,22,5,8,7,18,7,75,51,34,24,17,-20,9,25,20,17,10,43,6,46,-20,10,10,22,46,42,25,20,63,-20,25,28,28,41,27,28,26,16,25,46,53,19,29,30,27,25,25,63,28,8,-20,13,-20,23,17,6,18,40,22,51,35,15,29,28,33,31,26,27,12,45,-20,33,22,31,5,24,29,38,4,33,46,9,16,3,44,39,9,-20,35,14,5,7,3,10,4,6,50,3,3,38,10,10,39,5,9,5,33,39,34,3,8,17,5,14,-20,6,33,-20,13,45,-20,7,-20,20,12,32,26,21,5,-20,88,22,10,3,-20,-20,-20,-20,8,6,-20,8,44,52,24,11,21,31,25,11,18,29,17,13,-20,-20,39,-20,21,14,6,12,18,29,-20,-20,11,9,-20,18,26,5,12,18,40,22,43,14,40,55,12,15,50,9,28,27,25,-20,48,9,19,-20,-20,39,23,-20,13,46,17,12,35,38,35,27,33,19,6,14,32,12,17,24,22,25,19,14,13,17,18,19,24,26,10,17,-20,-20,-20,-20,18,14,20,11,-20,20,-20,-20,26,8,17,31,39,-20,-20,34,38,27,13,8,36,-20,19,33,-20,-20,-20,33,6,21,9,3,7,8,6,23,6,7,47,39,51,6,11,10,22,4,6,-20,11,36,27,3,28,30,34,31,36,53,20,5,-20,-20,-20,108,20,35,12,34,33,9,11,17,9,30,5,9,3,12,33,4,5,26,60,18,9,27,25,7,-20,6,8,17,25,16,7,5,8,25,9,9,6,24,50,-20,14,15,22,12,-20,22,19,-20,12,14,17,16,21,48,18,-20,16,81,17,8,6,8,8,18,6,16,-20,-20,18,8,6,10,10,6,11,-20,14,11,-20,14,13,10,3,7,24,11,6,-20,5,10,-20,17,16,6,17,10,8,-20,13,5,8,9,11,7,19,29,6,16,21,41,17,14,130,27,-20,12,12,9,7,-20,-20,16,5,9,-20,7,-20,-20,19,24,84,-20,10,16,14,6,6,23,-20,7,9,7,17,12,6,9,9,5,20,-20,6,-20,8,14,17,5,-20,14,49,36,31,-20,13,4,-20,-20,-20,10,10,6,12,11,-20,-20,16,18,6,22,7,8,9,8,-20,21,40,12,14,12,31,5,-20,-20,9,6,31,45,36,37,5,40,39,11,6,36,30,13,11,46,11,22,-20,10,18,-20,24,-20,6,10,-20,9,16,19,20,12,14,14,11,15,17,27,41,22,13,9,12,14,25,28,39,14,10,41,28,23,14,6,-20,11,70,15,22,21,-20,14,16,11,16,46,27,24,18,46,29,22,30,32,19,28,12,31,7,14,30,10,21,19,11,-20,5,12,7,26,15,26,25,9,3,36,16,13,10,12,24,20,28,29,13,18,7,5,12,24,10,5,68,32,51,32,18,18,22,26,-20,41,24,-20,25,-20,-20,12,63,47,19,6,-20,33,52,7,4,9,14,17,48,17,-20,20,25,25,37,36,3,31,12,63,13,22,26,22,8,15,13,17,18,13,14,11,16,19,-20,8,17,-20,8,5,14,20,21,12,13,-20,17,21,9,15,14,7,11,28,14,18,18,-20,19,13,15,11,16,9,-20,9,9,21,9,15,7,15,22,20,31,15,16,18,5,12,16,17,20,14,11,21,13,11,21,9,11,8,10,18,18,18,20,4,25,13,13,14,14,19,15,16,14,12,14,10,19,8,9,25,14,17,8,-20,10,7,8,8,11,8,12,13,7,9,15,15,7,10,9,8,9,3,10,5,8,10,9,7,15,14,11,7,9,8,18,5,5,6,7,4,-20,5,11,7,16,9,16,6,3,12,7,7,8,13,14,6,6,9,7,12,9,13,19,6,11,19,3,-20,-20,3,-20,11,7,24,5,19,8,5,10,13,11,6,7,16,11,7,13,13,19,6,20,5,8,22,12,7,19,17,7,7,8,11,10,7,24,10,15,8,14,6,7,8,-20,12,16,12,5,15,9,9,7,15,13,8,6,12,8,10,5,38,27,7,7,13,11,31,6,94,7,31,22,16,16,22,7,18,20,24,21,-20,14,7,21,24,18,26,10,16,14,40,10,23,15,11,12,15,21,14,18,-20,14,13,17,12,11,6,17,20,-20,6,6,4,14,10,12,6,9,11,10,26,19,-20,13,11,10,30,23,14,8,5,13,8,12,12,21,51,20,11,14,22,11,5,10,-20,20,8,11,14,12,10,9,14,13,-20,10,9,-20,-20,14,5,7,17,9,17,13,17,16,12,8,7,9,10,19,11,27,16,9,-20,12,12,-20,15,6,52,-20,11,20,9,13,8,10,17,26,12,12,14,20,8,5,13,13,3,11,8,9,-20,-20,9,-20,3,12,9,4,-20,4,7,12,-20,15,13,17,5,32,31,19,4,5,12,17,5,11,9,3,18,5,17,7,15,5,5,5,-20,4,29,6,5,7,6,22,3,-20,7,14,8,8,10,-20,3,4,12,5,8,4,5,12,10,10,13,5,-20,10,8,8,6,19,6,12,14,-20,10,15,9,4,6,7,7,3,15,5,33,21,10,20,20,30,21,28,42,48,19,-20,53,41,42,24,26,18
"chr1,13050741",7,7,5,11,5,7,4,-20,10,-20,4,8,27,23,18,11,31,15,79,53,46,11,44,40,51,33,27,35,21,5,8,8,18,7,76,55,34,25,18,-20,10,24,20,16,11,43,6,44,-20,10,10,23,43,42,25,20,61,-20,24,27,28,41,26,27,26,16,26,45,50,17,31,29,29,26,26,61,28,9,-20,15,-20,22,19,6,20,41,21,51,36,18,26,27,34,30,28,27,13,48,-20,36,22,31,5,24,31,37,4,34,45,10,15,4,44,39,9,-20,30,14,5,7,4,10,5,7,52,3,3,38,10,10,40,5,9,6,32,41,35,3,9,17,-20,14,-20,6,31,-20,13,44,4,7,5,20,12,34,24,21,6,-20,84,24,11,3,-20,-20,-20,-20,8,6,-20,8,45,50,21,9,21,31,25,11,17,26,17,16,-20,-20,39,-20,19,16,6,12,18,25,-20,-20,11,9,3,18,28,5,12,18,36,24,42,14,40,56,13,15,51,9,25,28,25,-20,49,9,18,-20,-20,33,26,-20,13,47,17,12,34,36,31,26,34,24,6,14,31,14,16,23,24,25,18,13,13,17,17,19,21,23,10,19,-20,-20,-20,-20,13,16,18,11,-20,19,-20,-20,25,8,17,30,38,-20,-20,34,37,26,12,7,36,-20,16,26,-20,-20,-20,32,-20,20,8,3,7,9,7,26,6,-20,48,39,53,7,11,10,23,4,6,-20,11,35,27,3,28,28,35,30,36,56,18,5,-20,-20,-20,104,19,34,12,34,30,8,9,17,9,31,5,10,3,12,33,5,5,25,62,15,9,29,25,8,-20,6,8,17,23,16,7,5,10,25,9,9,7,26,48,-20,14,17,23,12,-20,20,19,-20,11,13,16,17,22,47,18,-20,16,80,18,8,6,8,8,18,6,17,-20,5,17,8,5,8,10,7,11,-20,14,11,-20,15,13,11,3,7,25,13,7,-20,5,10,-20,19,17,-20,17,10,7,-20,13,5,8,9,11,9,18,31,6,16,21,42,17,15,127,28,-20,12,12,10,9,-20,-20,16,5,9,-20,7,-20,-20,19,24,84,-20,11,16,14,6,6,22,-20,7,9,-20,20,12,8,9,9,6,20,-20,7,-20,8,12,17,5,-20,15,50,36,30,-20,12,6,-20,-20,-20,10,10,5,12,11,7,-20,15,18,6,22,5,9,9,8,9,21,41,12,14,12,32,7,-20,-20,9,6,31,46,35,37,5,39,37,11,6,36,30,13,11,45,12,22,-20,8,18,6,21,-20,6,9,-20,9,-20,20,20,10,15,15,10,15,16,24,44,23,13,9,12,13,25,26,38,15,9,-20,28,21,13,5,-20,11,73,14,22,20,-20,12,16,11,17,46,25,22,19,44,30,23,28,31,23,28,11,31,6,14,30,11,21,19,12,-20,6,13,7,25,15,27,25,10,6,41,18,15,10,13,24,18,30,29,15,19,8,5,13,25,10,5,66,32,51,30,18,16,23,25,-20,40,25,-20,24,-20,-20,12,61,49,19,6,-20,32,52,4,4,-20,14,18,46,15,-20,19,28,25,36,37,-20,30,12,61,15,22,26,21,8,15,14,16,19,12,13,13,16,19,-20,8,17,-20,8,5,14,20,23,12,14,-20,17,21,9,15,14,7,11,28,15,19,19,7,18,13,16,11,15,9,-20,11,9,21,9,16,7,16,24,22,37,17,16,18,7,13,16,19,20,14,11,21,15,12,23,9,11,8,11,19,18,19,20,6,25,14,13,13,14,20,15,16,14,12,15,9,19,8,11,26,14,17,9,-20,10,7,9,7,12,9,14,13,7,9,15,15,7,10,9,8,9,3,11,4,8,11,9,7,15,15,11,6,10,8,18,5,5,7,7,5,-20,6,11,6,17,6,15,6,3,12,6,8,8,14,15,6,7,9,7,12,10,13,26,6,11,19,-20,-20,-20,-20,-20,11,7,24,4,19,8,5,10,13,12,6,6,16,11,-20,15,12,20,6,19,4,9,22,12,6,20,18,7,8,8,11,11,7,24,10,15,8,14,6,8,7,-20,12,16,14,5,15,11,11,7,16,14,9,6,12,8,10,5,38,26,9,7,14,12,31,7,92,7,32,23,15,14,22,11,18,20,26,19,-20,17,7,25,24,19,28,14,16,-20,44,9,24,15,11,11,16,25,17,21,-20,17,13,19,12,12,6,18,20,-20,6,6,4,15,12,12,7,9,11,9,27,20,-20,13,11,11,33,24,14,10,9,13,8,12,12,21,54,20,12,14,24,11,5,11,11,20,9,12,14,12,10,8,15,13,-20,10,9,-20,-20,19,5,8,18,10,22,13,17,18,11,9,7,9,10,19,11,28,16,10,-20,11,13,-20,18,5,52,-20,11,20,9,12,8,10,17,27,12,12,14,19,9,6,13,15,3,11,8,10,-20,-20,9,-20,3,12,10,5,5,4,7,12,-20,17,14,-20,6,30,30,19,-20,4,10,16,6,12,7,-20,15,5,14,7,15,5,-20,5,-20,-20,25,5,-20,7,-20,-20,5,-20,6,15,8,7,10,-20,-20,-20,11,5,-20,4,5,9,7,8,13,-20,-20,9,8,-20,-20,20,4,-20,7,-20,7,11,-20,-20,5,7,6,-20,11,5,33,21,10,21,18,29,21,29,41,47,-20,-20,50,43,41,24,25,17
"chr1,13050749",7,7,5,11,5,8,6,-20,10,-20,5,10,28,21,18,10,27,16,86,52,48,12,53,43,49,33,25,32,20,4,9,10,19,6,81,54,35,23,15,5,9,26,24,15,10,46,6,46,8,13,16,22,41,38,23,18,61,-20,22,25,26,42,27,24,28,19,22,46,49,15,34,29,27,26,26,62,26,7,-20,14,-20,20,18,7,22,40,23,50,37,18,27,23,35,31,29,27,16,48,-20,35,20,32,5,20,29,41,7,35,44,10,17,5,42,31,8,-20,29,15,5,8,4,10,7,8,48,4,4,39,10,10,44,5,9,7,27,42,35,3,11,19,6,14,-20,7,32,-20,12,42,4,7,6,22,8,34,25,19,6,-20,82,25,11,3,-20,-20,-20,-20,9,8,-20,7,47,51,19,11,21,29,24,-20,23,26,19,16,-20,-20,30,-20,18,13,6,9,17,31,-20,-20,9,9,-20,16,26,6,13,19,32,25,39,14,39,64,11,16,45,9,25,28,24,-20,43,7,19,-20,-20,32,23,-20,12,48,16,12,34,36,33,30,38,27,6,14,33,9,20,22,26,28,21,12,15,15,13,22,20,23,10,18,-20,-20,-20,-20,11,18,19,15,-20,21,-20,-20,25,8,20,30,35,-20,-20,35,35,30,13,7,42,-20,18,27,-20,-20,-20,33,5,20,8,4,-20,9,6,27,7,8,54,45,49,7,11,10,25,4,5,-20,10,34,29,3,26,30,30,29,40,58,15,6,-20,-20,-20,112,20,39,11,41,36,12,7,16,10,32,7,12,3,15,29,3,6,23,66,14,8,30,24,9,-20,6,6,16,26,16,9,5,10,25,10,9,8,25,45,-20,13,21,25,12,-20,20,17,-20,11,14,16,18,19,44,18,-20,18,88,20,7,6,9,10,18,8,17,6,7,16,11,5,7,9,5,12,-20,14,10,-20,16,11,12,4,8,27,13,7,-20,7,12,12,20,17,-20,16,8,7,-20,14,7,8,9,11,9,19,29,7,14,21,42,16,15,116,24,4,15,12,9,8,-20,6,15,5,-20,5,6,5,-20,19,27,81,7,12,13,15,6,6,22,-20,7,10,6,19,12,11,8,9,8,22,-20,8,9,8,12,19,5,-20,14,51,38,29,6,14,7,-20,6,5,10,7,9,13,11,6,6,16,20,6,23,5,8,9,8,7,18,48,12,15,13,28,8,-20,-20,9,7,31,48,31,39,5,39,39,12,6,36,31,14,12,47,11,21,-20,9,17,7,-20,-20,6,8,-20,10,16,20,16,-20,17,17,10,16,16,25,50,26,13,8,13,11,24,25,39,17,9,42,25,21,15,5,-20,11,79,15,20,19,-20,11,17,11,16,47,33,23,20,42,24,24,28,33,24,31,12,31,7,17,32,11,24,20,13,-20,8,17,11,28,16,29,21,10,8,43,19,16,11,14,22,18,30,31,15,19,8,6,14,27,9,6,69,32,56,30,16,16,24,25,-20,39,23,12,27,-20,-20,15,61,53,22,7,-20,34,61,4,4,6,13,18,44,14,13,15,24,28,30,38,3,34,10,62,22,23,27,18,5,13,15,18,19,10,21,14,18,17,4,7,18,-20,9,7,14,21,24,13,15,-20,19,25,10,16,16,9,12,34,15,20,19,11,21,14,18,10,16,11,10,11,10,25,9,18,8,16,27,25,38,17,18,19,10,14,17,24,21,14,13,19,16,12,22,9,11,7,12,18,19,18,22,9,29,15,13,13,12,20,15,16,13,12,18,10,21,-20,14,28,17,16,10,6,10,6,11,7,12,9,15,12,6,9,18,14,8,10,9,10,9,3,12,5,8,12,10,8,13,16,11,6,9,9,20,5,6,9,9,6,5,6,11,7,15,6,15,6,4,12,7,9,8,15,19,7,7,9,8,11,11,14,28,6,13,21,3,-20,2,-20,-20,10,9,23,5,20,9,6,9,13,12,5,9,17,11,9,17,12,21,5,18,4,11,25,13,6,19,18,7,10,8,13,12,-20,23,9,13,9,12,6,7,6,-20,12,16,15,5,15,13,10,10,16,14,8,8,12,8,10,4,38,25,9,8,17,13,30,8,97,6,32,23,15,17,20,13,20,23,25,19,9,20,6,27,24,19,31,14,17,16,45,9,23,17,10,14,15,26,16,20,7,20,14,19,12,13,6,15,19,7,6,-20,4,16,12,13,8,10,12,9,28,18,13,11,10,9,34,22,15,10,10,14,8,14,11,21,57,22,12,13,26,11,5,12,11,21,9,12,12,14,12,8,13,14,-20,10,10,-20,5,19,5,9,17,11,23,15,14,21,10,11,9,9,11,18,13,33,20,12,6,11,10,9,18,6,52,-20,13,18,10,13,8,10,16,26,14,12,16,18,10,8,13,15,4,13,11,11,-20,5,12,12,4,13,10,4,5,4,7,12,10,20,14,20,-20,29,31,21,5,7,12,17,6,12,6,-20,15,7,14,7,17,-20,5,7,10,3,26,-20,7,7,3,21,6,5,6,18,12,5,12,6,8,6,12,6,6,6,5,9,10,12,17,5,-20,14,9,6,-20,19,4,11,12,-20,9,14,9,4,4,14,7,3,11,5,31,21,11,21,17,26,21,28,42,44,19,-20,39,41,41,22,22,14
"chr1,13050752",7,7,5,11,5,8,6,-20,10,-20,5,10,29,20,17,11,27,16,82,52,47,12,52,44,52,33,25,33,20,5,9,10,20,7,76,49,35,25,14,4,9,28,24,15,12,46,4,49,-20,15,17,23,41,37,24,18,58,-20,21,25,26,42,26,24,28,21,22,46,48,13,33,29,27,27,23,63,26,7,-20,14,-20,20,19,7,22,41,24,52,37,17,27,23,34,32,30,25,15,48,-20,35,19,32,5,20,28,41,7,36,45,-20,17,5,42,32,8,-20,29,16,5,8,4,10,7,8,46,4,4,40,10,10,42,5,9,7,24,43,34,3,11,18,6,14,-20,7,29,-20,12,43,4,7,6,22,8,35,26,18,6,-20,76,25,11,3,-20,-20,-20,-20,9,8,-20,7,43,48,19,-20,22,28,24,16,22,26,19,17,-20,-20,28,-20,18,14,6,9,19,30,-20,-20,9,13,-20,15,28,6,13,19,33,29,36,14,41,66,12,14,46,8,24,30,25,-20,43,7,20,10,-20,32,24,-20,13,48,16,12,32,34,34,29,36,26,6,14,32,9,19,20,27,28,23,12,15,14,13,22,20,24,11,18,-20,-20,-20,-20,10,18,19,15,-20,20,-20,-20,25,10,19,30,36,-20,-20,39,33,30,15,7,41,-20,19,35,-20,-20,-20,32,5,20,8,4,8,9,7,27,7,10,51,45,51,7,10,-20,24,4,5,-20,10,34,29,3,25,30,29,28,39,58,15,6,-20,-20,-20,114,21,40,10,45,37,14,7,16,10,31,7,13,4,14,28,3,6,24,64,14,8,29,24,10,-20,6,6,16,30,17,9,-20,9,28,-20,9,8,24,45,-20,13,25,24,12,-20,18,18,2,12,15,16,18,19,45,18,-20,18,86,19,6,6,9,10,16,9,17,6,7,16,13,5,7,9,6,13,-20,14,12,-20,15,11,11,4,9,28,13,7,4,7,13,11,19,17,-20,16,8,8,-20,12,8,8,10,12,9,18,29,7,14,23,42,17,14,115,24,4,15,12,-20,8,-20,6,15,4,10,5,6,7,5,19,27,77,8,12,14,15,6,6,23,-20,8,10,-20,19,13,13,8,9,8,21,-20,9,8,8,12,20,5,-20,15,51,36,28,8,14,7,-20,6,5,10,7,10,11,10,6,6,16,17,6,24,6,8,10,8,7,18,49,12,15,13,26,7,-20,-20,10,9,29,48,32,40,5,38,37,11,6,36,33,14,12,46,11,21,-20,10,18,7,-20,-20,6,9,-20,10,16,20,16,-20,-20,16,10,16,14,25,51,27,13,8,14,11,24,25,40,16,10,44,30,19,18,5,-20,12,81,16,20,19,-20,11,17,10,16,47,33,24,19,41,24,23,28,33,25,29,12,31,6,16,32,11,22,20,13,-20,8,-20,11,28,16,29,21,9,8,43,19,17,11,14,21,18,28,30,15,19,8,6,-20,28,11,6,71,32,56,30,15,-20,22,26,-20,38,23,13,-20,-20,-20,16,60,52,22,8,-20,33,64,9,5,6,13,18,43,14,13,15,26,28,29,38,3,34,10,59,22,25,27,18,5,13,15,19,19,10,21,14,18,16,5,7,17,-20,10,7,14,20,24,13,16,-20,19,25,10,16,16,9,12,34,15,19,19,11,21,14,17,10,16,11,10,11,10,25,-20,18,8,16,27,25,39,17,18,19,10,14,17,23,20,14,13,18,-20,10,22,9,11,7,12,18,19,17,21,-20,29,15,13,13,12,21,14,15,13,12,-20,10,21,9,13,27,17,16,10,5,10,6,11,7,12,9,15,12,6,8,18,14,8,10,9,10,9,3,12,5,8,-20,10,8,13,16,10,6,9,9,20,5,6,9,-20,6,5,6,11,7,16,5,15,6,4,12,7,9,8,15,18,7,7,9,-20,11,11,14,26,6,13,21,3,3,2,-20,-20,10,9,23,5,19,8,6,9,13,12,4,9,17,11,9,18,12,21,5,18,4,12,23,13,6,19,18,7,10,8,13,12,7,23,-20,12,9,12,6,7,6,-20,12,15,15,5,15,12,10,10,14,15,8,8,12,8,10,4,39,25,9,-20,17,14,29,9,94,6,32,23,15,18,19,13,20,23,25,19,9,20,6,26,23,18,30,14,17,14,43,8,23,17,10,14,15,26,17,20,7,19,14,19,12,13,6,14,19,7,5,4,4,16,12,13,8,10,12,9,27,19,13,11,10,9,33,22,15,10,10,13,8,14,11,21,57,21,12,13,28,11,5,12,11,21,9,12,12,14,12,8,13,14,-20,9,10,-20,5,19,5,9,17,10,23,15,14,21,10,11,9,9,11,16,15,33,20,12,6,11,10,9,18,6,52,-20,13,18,10,13,8,10,15,27,14,11,15,18,10,8,13,13,4,13,11,11,-20,5,12,11,4,13,10,4,5,4,7,11,9,20,14,17,7,24,-20,22,6,8,14,23,7,14,5,3,14,7,16,5,16,-20,-20,6,9,4,23,9,-20,7,10,25,6,3,8,13,11,6,11,6,8,-20,12,9,6,6,-20,8,10,13,15,-20,-20,11,10,5,9,14,-20,11,12,-20,7,13,7,4,3,-20,9,4,11,5,33,20,10,22,20,26,19,26,42,42,18,-20,44,40,42,18,22,12
"chr1,13050753",-20,7,5,11,5,8,6,-20,10,-20,5,10,29,19,18,11,27,16,83,53,46,12,51,46,52,33,25,34,20,5,9,10,20,7,75,49,36,25,14,4,9,27,24,15,12,45,4,49,9,16,16,23,41,38,22,18,58,-20,21,25,26,43,26,24,28,21,24,46,49,13,33,29,27,27,24,61,26,7,-20,14,-20,19,19,7,22,41,24,51,37,17,27,24,36,32,30,25,15,49,-20,34,19,32,5,20,28,42,7,37,45,9,17,6,42,31,8,-20,28,17,5,8,4,10,7,8,45,4,4,42,10,10,42,6,9,7,26,43,34,3,11,19,6,14,-20,8,30,-20,12,44,4,7,6,22,8,35,25,18,6,-20,76,25,11,3,-20,-20,-20,-20,9,8,-20,7,43,48,19,11,23,28,25,17,21,26,19,17,-20,-20,28,-20,18,15,6,9,21,30,-20,-20,9,13,-20,16,28,6,13,20,34,30,36,14,41,66,12,15,46,8,24,32,25,-20,43,7,20,10,-20,32,24,-20,13,47,16,11,34,35,35,30,38,26,6,14,32,10,19,20,26,27,23,12,15,13,14,21,20,24,10,18,-20,-20,-20,-20,12,18,20,15,-20,23,-20,-20,25,10,21,30,36,-20,-20,39,33,31,15,7,43,-20,19,36,-20,-20,-20,32,6,20,-20,4,8,9,8,28,7,10,56,44,51,8,10,10,23,4,5,-20,11,33,28,3,26,30,29,27,39,58,15,6,-20,-20,-20,115,21,40,10,44,40,14,7,16,10,30,7,13,4,14,26,3,6,23,64,14,8,29,24,10,-20,6,6,17,30,17,9,-20,10,28,10,9,8,24,45,-20,13,25,23,12,-20,18,18,2,12,16,16,18,19,45,18,-20,17,86,19,5,6,9,10,16,9,17,6,7,17,13,5,7,9,6,13,-20,14,12,-20,15,11,11,4,9,27,13,8,4,7,13,12,19,17,-20,16,8,8,3,13,8,8,10,12,9,18,30,7,14,23,42,18,14,115,24,4,14,12,8,8,-20,6,16,4,10,5,7,7,5,19,27,76,9,12,14,15,6,6,23,-20,8,11,6,20,13,14,8,9,8,20,-20,9,8,8,12,20,5,-20,15,51,36,28,8,14,7,4,6,5,10,7,11,11,11,6,7,17,17,6,24,6,8,11,8,7,18,49,12,16,13,28,7,-20,-20,10,9,30,48,33,42,5,38,38,10,6,37,33,14,13,45,11,21,-20,10,18,7,-20,-20,6,9,-20,10,16,19,16,11,17,16,10,18,15,25,51,27,13,8,13,11,24,25,40,16,10,45,30,18,18,5,-20,12,82,16,21,19,-20,11,17,-20,16,47,35,25,19,42,24,22,28,32,25,29,12,31,6,17,31,11,23,20,13,-20,9,17,11,28,16,29,21,9,8,43,19,17,11,14,22,19,28,31,15,20,9,6,14,28,11,5,72,32,57,30,15,15,23,26,-20,38,22,13,29,-20,-20,17,60,50,22,8,-20,37,64,10,5,6,13,18,43,14,13,15,26,27,30,38,3,34,10,63,22,25,27,18,5,13,15,19,19,9,21,14,18,16,5,7,18,-20,10,10,14,21,24,13,16,-20,19,24,11,16,16,9,12,34,16,19,19,11,21,15,17,10,16,11,10,11,14,25,9,18,8,16,27,23,39,17,18,19,10,14,17,24,21,14,13,19,16,11,22,9,11,7,13,18,19,16,21,-20,29,15,13,13,12,21,14,15,13,12,17,10,21,9,14,27,18,16,10,5,10,6,11,7,12,9,15,12,6,8,18,14,8,10,9,10,9,4,12,5,8,12,10,8,14,16,11,6,9,9,20,5,6,9,9,6,5,6,11,6,16,5,15,6,4,13,7,9,8,15,18,7,7,9,8,11,11,14,26,6,13,21,3,3,2,-20,-20,10,9,23,5,19,8,6,9,13,12,4,10,17,11,9,18,12,21,5,18,4,12,23,13,6,19,18,7,10,8,13,12,8,22,9,12,9,12,6,7,6,-20,12,15,14,5,15,12,10,10,14,15,8,8,12,8,10,4,39,25,9,8,17,13,29,9,95,6,32,23,15,18,18,13,20,25,25,20,9,20,6,27,23,17,30,14,17,14,43,8,23,17,10,15,16,26,17,20,7,19,14,19,12,13,6,15,19,7,5,4,4,16,12,13,8,11,12,9,27,20,13,11,10,9,34,22,15,9,10,14,8,14,11,21,57,21,12,13,28,11,5,12,11,21,9,12,12,14,12,8,13,14,-20,9,10,-20,5,19,4,9,17,10,23,15,14,21,10,11,9,9,11,16,15,34,20,12,6,11,10,9,18,6,52,-20,13,18,10,13,8,10,15,27,15,11,15,18,10,8,13,13,-20,13,11,11,-20,6,12,11,4,13,10,3,5,4,7,12,9,20,13,16,-20,26,33,20,4,7,14,24,7,13,6,-20,11,6,17,5,15,6,5,7,8,4,22,7,6,5,5,24,4,4,7,16,-20,6,11,6,7,6,10,8,-20,5,-20,8,-20,11,13,-20,-20,11,9,-20,9,14,3,13,13,-20,9,11,9,-20,4,13,-20,4,9,4,34,20,9,22,20,25,19,24,42,43,18,-20,43,41,41,19,23,11
"chr1,13050761",8,9,6,12,4,9,6,-20,10,2,-20,11,32,23,20,11,28,17,85,54,51,12,51,49,53,33,25,33,18,7,10,10,19,7,79,51,36,24,13,5,9,28,25,14,14,47,5,50,11,19,14,24,43,39,25,19,61,-20,22,26,31,42,25,24,27,23,25,44,48,14,38,26,28,28,24,64,27,7,-20,14,-20,23,18,8,21,39,25,52,32,17,26,28,38,33,31,24,16,52,-20,40,21,32,5,20,30,43,8,38,52,9,17,8,36,30,12,-20,31,16,5,8,4,11,9,8,42,4,3,41,10,11,40,5,9,8,26,43,39,4,13,19,7,15,-20,9,32,-20,12,43,5,7,6,18,10,33,26,17,7,-20,81,23,11,3,-20,-20,5,-20,9,8,-20,5,42,39,19,8,19,27,25,16,19,30,16,21,-20,-20,44,-20,14,14,5,8,21,29,-20,-20,7,11,3,11,28,7,13,18,33,31,37,14,37,66,12,16,44,8,20,35,22,-20,42,7,21,-20,-20,24,22,-20,16,55,16,9,32,36,36,33,40,27,6,15,26,9,18,18,28,28,24,13,14,12,14,16,20,24,8,20,-20,-20,-20,-20,11,16,17,16,-20,22,-20,-20,18,12,22,23,33,-20,-20,35,27,33,14,8,41,-20,17,38,-20,-20,-20,28,6,21,5,4,6,12,10,29,6,10,50,44,51,7,9,10,25,5,5,-20,11,31,33,5,21,30,31,34,37,60,14,8,-20,-20,-20,126,22,43,10,47,40,13,6,16,11,27,8,14,4,13,27,3,8,22,61,14,7,34,27,12,-20,6,6,16,31,18,8,6,11,30,6,10,10,23,38,-20,12,25,23,14,-20,22,18,4,12,18,17,13,16,50,18,3,16,90,17,6,6,9,9,14,12,21,6,12,16,13,4,8,11,6,-20,-20,14,12,-20,17,11,10,4,12,26,11,8,5,9,13,14,21,16,-20,15,11,9,-20,12,8,8,12,11,8,20,32,10,14,26,39,18,16,113,24,6,16,12,8,10,-20,7,18,-20,12,6,9,9,5,21,25,71,13,13,15,16,7,7,23,-20,9,13,-20,23,12,21,5,11,7,20,-20,9,9,11,12,21,4,3,15,50,34,26,17,13,8,4,6,5,11,7,15,12,12,9,8,16,26,7,28,7,9,10,7,6,18,46,13,15,15,28,6,-20,-20,10,9,28,48,35,43,4,38,36,9,7,39,33,14,12,40,10,19,-20,7,17,9,15,-20,6,10,-20,9,4,14,12,-20,17,15,9,19,14,21,46,26,12,7,14,10,25,19,39,16,7,45,42,16,21,5,-20,13,84,16,23,20,-20,10,17,12,17,39,36,24,20,49,25,27,32,31,25,28,12,31,6,17,34,12,24,20,15,-20,9,19,13,29,19,29,21,8,9,47,22,19,12,14,21,21,28,33,15,17,9,7,15,29,11,5,75,32,52,24,13,15,24,31,-20,42,23,20,28,-20,-20,16,65,51,19,6,-20,23,62,10,5,8,14,15,43,15,12,18,26,26,25,33,-20,32,10,67,27,25,25,14,6,15,15,19,19,11,25,14,16,18,7,8,16,-20,11,11,13,19,27,12,17,-20,20,26,11,17,18,10,12,35,16,22,21,11,21,20,15,12,20,11,13,13,13,28,11,18,8,17,28,26,41,19,17,20,12,16,19,29,22,15,13,15,15,11,22,8,11,9,14,17,22,16,25,9,31,14,11,14,11,25,14,15,13,12,17,10,20,9,14,27,20,16,10,5,11,7,12,8,12,9,18,14,8,9,18,16,8,10,10,11,9,5,13,5,9,12,10,8,15,18,9,6,10,10,23,5,5,11,8,7,5,6,12,6,14,7,13,8,4,10,8,10,9,15,19,8,7,9,10,9,11,14,26,6,12,20,4,-20,-20,-20,-20,12,11,23,5,22,8,6,10,13,13,4,11,17,12,9,18,13,20,5,19,5,12,22,16,7,21,20,7,9,8,14,13,9,26,9,13,8,13,7,9,7,-20,15,15,15,4,17,12,10,11,16,15,-20,8,11,8,11,-20,39,24,8,8,17,13,31,9,91,5,35,23,14,20,20,14,22,27,28,20,11,22,7,25,22,21,32,16,16,15,44,8,24,17,-20,16,16,29,18,19,9,21,17,20,13,13,7,18,19,6,6,3,4,19,11,12,12,11,13,-20,30,19,16,11,8,9,34,21,13,11,10,15,8,14,8,23,61,24,14,13,28,11,5,12,13,20,9,13,11,14,14,9,14,14,-20,10,10,-20,6,20,6,10,18,11,27,15,15,25,10,11,10,9,11,16,14,35,22,12,9,11,10,11,18,8,52,-20,15,20,11,14,9,10,15,27,17,10,15,18,11,8,13,14,4,14,11,10,-20,6,12,11,5,13,10,5,6,5,7,12,9,21,13,17,-20,24,30,21,7,7,13,22,7,13,5,4,11,7,17,5,15,6,6,5,-20,4,21,8,6,-20,6,25,4,4,8,11,9,5,9,8,5,6,-20,8,4,5,-20,7,9,11,10,4,-20,8,11,4,12,15,-20,6,11,-20,10,11,6,-20,-20,10,11,3,10,8,35,24,8,19,20,23,19,28,40,40,18,54,43,44,36,16,22,10
"chr1,13050763",8,9,6,12,4,9,6,-20,10,2,7,12,33,24,21,12,28,17,85,55,52,12,51,50,53,31,24,34,19,7,10,10,18,7,79,51,35,24,13,5,9,26,24,14,14,47,5,50,-20,19,13,24,42,38,25,20,66,-20,22,26,30,41,26,23,27,23,25,42,47,13,38,26,28,28,23,65,27,7,-20,14,-20,23,18,8,21,40,25,55,32,17,26,30,37,33,31,24,16,52,-20,41,22,31,5,19,29,42,8,37,53,9,17,7,34,29,12,-20,33,16,5,8,4,11,9,8,44,4,3,39,10,11,40,5,9,8,25,43,43,4,15,18,7,15,-20,9,35,-20,12,44,5,7,6,18,10,32,25,17,7,-20,75,23,11,3,-20,-20,5,-20,9,8,-20,6,45,39,19,7,20,25,25,15,19,30,16,21,-20,-20,45,-20,14,15,4,8,20,29,-20,-20,7,13,3,11,28,7,13,18,33,32,38,14,37,68,12,17,39,7,19,37,23,-20,38,7,21,-20,-20,24,22,-20,13,54,16,9,29,36,36,34,40,27,5,14,26,12,18,19,27,26,24,13,14,12,14,15,21,27,8,17,-20,-20,-20,-20,10,15,17,15,-20,21,-20,-20,17,12,20,21,33,-20,-20,36,25,33,12,8,41,-20,17,35,-20,-20,-20,25,5,21,3,4,8,12,10,28,5,10,50,42,54,7,9,10,28,5,5,-20,12,31,33,5,20,26,31,31,37,58,13,8,-20,-20,-20,128,22,44,10,46,40,13,7,16,10,28,8,12,4,13,28,3,8,22,54,14,7,31,27,13,-20,6,-20,17,33,16,8,6,12,29,6,10,9,24,34,-20,12,25,24,14,-20,20,18,6,12,18,16,13,17,52,19,3,16,90,16,6,6,9,8,14,12,21,7,13,16,13,4,8,11,7,14,-20,14,12,-20,18,11,10,4,13,27,12,8,5,9,13,16,21,18,-20,15,11,10,4,12,9,8,12,11,8,20,33,10,14,23,39,21,14,111,23,6,16,11,8,10,-20,7,19,-20,12,7,9,10,6,22,25,71,13,13,15,17,7,8,23,-20,10,13,-20,21,11,21,6,11,7,20,-20,9,9,11,12,21,4,3,15,48,34,26,17,14,7,4,6,5,10,7,15,12,12,9,8,16,30,7,28,7,10,9,8,7,17,46,13,16,16,29,6,-20,-20,9,9,27,50,37,40,4,37,37,9,7,40,38,14,12,40,10,19,-20,7,18,9,16,-20,6,11,-20,9,3,14,12,-20,18,15,8,19,14,20,46,27,12,7,14,10,25,18,39,14,6,45,42,13,21,5,-20,13,84,16,23,20,-20,11,14,12,17,34,37,25,19,50,25,26,32,30,22,28,12,31,6,17,33,12,24,19,15,-20,9,18,13,29,18,29,21,8,10,47,22,19,12,14,21,21,28,33,15,17,9,7,15,29,12,6,75,33,52,23,13,14,25,30,-20,43,23,20,29,-20,-20,16,63,49,19,6,-20,21,60,10,4,8,14,13,42,15,12,19,22,27,25,33,-20,30,10,65,29,25,26,11,6,15,15,18,19,11,25,13,16,18,7,8,16,-20,11,11,13,18,27,12,16,-20,20,26,11,17,18,10,12,35,16,22,21,11,20,20,15,12,20,11,13,13,13,27,11,18,8,16,28,26,40,18,17,21,13,16,19,28,21,15,13,15,15,11,22,8,11,9,14,17,22,16,25,9,30,14,11,14,10,24,14,15,13,12,17,10,20,9,12,27,20,15,10,5,11,7,12,8,12,9,17,13,8,9,18,16,8,10,11,11,9,4,13,5,9,12,9,8,14,18,9,6,10,10,23,5,5,11,-20,7,5,6,12,6,14,7,13,8,4,10,6,10,9,15,19,8,7,8,10,9,11,14,26,6,12,20,4,-20,-20,-20,-20,12,11,23,5,21,8,6,10,13,12,4,11,17,12,9,19,13,20,5,19,5,12,22,16,7,21,20,7,9,8,14,12,9,26,9,13,8,12,7,-20,7,-20,15,15,14,4,16,12,10,11,16,15,9,8,11,8,10,-20,39,24,8,8,18,13,31,9,88,5,35,23,14,20,20,14,22,27,28,20,10,22,7,25,22,21,33,16,17,15,44,8,22,16,10,16,16,28,18,19,10,21,17,20,12,13,7,18,19,6,6,3,4,19,11,11,12,11,13,7,29,20,16,11,8,9,34,21,13,11,-20,15,8,14,8,23,61,24,14,13,28,12,5,11,13,20,9,12,11,14,13,9,14,13,-20,10,10,-20,6,20,6,10,18,11,27,15,15,25,10,11,10,8,11,17,14,35,22,11,9,11,10,12,18,8,52,-20,15,20,11,14,9,10,15,27,17,10,15,18,11,8,13,14,4,14,11,10,-20,6,12,11,6,13,10,5,6,5,7,12,9,21,13,16,-20,24,31,19,6,5,9,27,7,14,5,4,9,7,16,3,15,6,4,5,9,3,18,7,8,-20,5,23,-20,4,-20,-20,8,-20,6,7,5,6,-20,6,5,3,-20,9,7,10,7,4,4,9,10,4,12,14,-20,6,10,-20,9,14,6,3,-20,8,10,3,9,8,35,23,8,17,21,25,19,29,40,41,18,54,42,43,34,16,22,10
"chr1,13050764",8,9,6,10,4,9,6,-20,9,2,7,12,34,24,20,12,27,17,86,54,50,12,51,50,54,31,24,34,19,7,10,10,18,7,80,51,36,24,13,5,9,26,24,15,15,47,5,49,-20,19,14,25,43,38,25,20,66,-20,23,28,30,41,28,23,25,23,25,42,45,13,37,26,26,26,23,67,26,7,-20,14,-20,23,18,8,19,40,25,56,32,17,26,30,37,30,31,24,16,51,-20,41,22,30,5,17,29,42,8,36,55,8,15,7,34,28,12,-20,34,16,5,8,4,-20,9,7,44,4,3,39,-20,11,41,5,9,8,26,42,44,4,15,18,7,14,-20,9,33,-20,11,44,5,6,6,19,11,27,25,17,7,-20,76,28,10,3,-20,-20,5,-20,9,8,-20,8,45,38,20,7,20,26,25,15,19,28,16,22,-20,-20,45,-20,12,15,4,8,21,28,-20,-20,7,13,3,11,27,7,13,18,33,33,38,15,35,68,12,17,38,7,19,37,23,-20,37,8,22,9,-20,23,22,-20,13,54,14,9,28,35,37,34,42,27,5,15,25,12,19,18,29,28,26,13,14,12,15,15,21,25,8,14,-20,-20,-20,-20,10,15,18,15,-20,20,-20,-20,16,12,22,21,33,-20,-20,38,23,32,13,8,42,-20,18,35,-20,-20,-20,23,6,22,3,4,8,12,10,28,4,10,48,42,52,7,10,10,28,5,5,-20,13,30,33,5,20,29,31,31,38,59,13,7,-20,-20,-20,129,23,44,10,46,41,14,7,16,10,28,8,12,-20,12,29,3,8,24,54,13,7,32,29,13,-20,6,6,17,33,16,8,7,12,29,6,10,10,24,32,-20,12,24,24,14,-20,20,19,6,13,18,16,12,18,53,19,3,16,89,16,5,6,9,8,14,12,21,9,13,16,13,4,8,11,7,-20,-20,10,12,-20,19,11,11,4,15,27,12,8,5,8,13,16,21,18,4,15,11,10,-20,12,-20,8,12,11,10,20,34,10,14,22,38,21,15,111,23,6,15,11,9,10,-20,6,19,6,12,7,9,10,7,23,23,71,16,13,15,17,7,8,24,-20,10,13,-20,21,10,22,6,12,7,20,-20,9,9,12,11,20,4,3,15,49,34,28,17,14,7,4,7,5,10,9,15,12,11,10,8,15,29,7,28,7,10,9,8,8,18,45,13,15,16,29,6,-20,-20,9,9,28,50,36,40,-20,36,37,8,7,39,38,14,12,39,10,18,-20,8,17,9,16,-20,-20,11,-20,9,3,11,12,-20,18,15,8,21,14,20,46,26,13,7,14,10,24,18,39,13,6,46,42,13,21,6,-20,14,84,16,23,20,-20,11,14,12,17,35,37,24,19,51,25,26,31,30,23,28,11,29,6,16,33,11,23,20,14,-20,9,18,13,29,15,28,22,8,10,47,22,19,12,14,20,18,28,32,15,18,9,7,15,28,13,7,76,34,52,22,11,16,23,28,-20,45,21,20,29,-20,-20,16,63,50,18,6,-20,21,56,10,4,8,11,14,42,16,12,19,22,26,25,33,-20,29,12,63,29,24,26,10,6,16,15,20,18,11,25,14,14,18,7,7,13,-20,11,11,11,17,26,12,15,-20,21,26,11,16,17,10,11,35,16,22,21,11,19,18,15,12,19,11,13,13,13,27,11,17,8,16,26,25,39,17,17,17,13,16,19,29,20,13,13,15,15,11,22,8,9,10,14,17,22,16,25,9,30,14,10,14,10,23,14,14,13,12,17,10,19,9,-20,27,20,15,10,5,10,6,12,7,11,9,17,12,8,7,18,15,8,9,10,11,9,4,13,5,8,12,9,8,14,17,9,6,10,10,22,5,5,10,6,7,5,6,12,6,13,7,12,8,4,10,6,9,9,15,19,7,6,7,9,9,12,14,24,6,12,20,4,-20,-20,-20,-20,12,11,19,5,20,7,6,9,13,12,4,11,16,12,9,17,13,20,5,19,5,12,21,16,7,20,19,7,-20,8,14,12,9,24,9,13,8,6,7,8,7,-20,15,15,15,3,16,12,10,11,16,14,9,8,10,6,9,-20,39,22,7,8,18,13,31,9,85,5,35,23,14,21,19,14,21,26,28,20,10,22,7,25,22,20,32,14,16,14,43,8,23,16,10,15,16,27,17,18,10,21,16,17,9,13,7,17,18,6,6,-20,4,16,12,11,12,11,13,7,27,19,15,11,8,9,33,21,13,11,10,15,7,14,7,22,60,24,15,13,25,11,5,12,13,20,9,12,10,14,14,8,14,14,-20,10,10,-20,6,19,6,10,18,11,27,15,15,25,9,11,9,8,11,16,14,35,24,11,9,11,9,12,18,8,49,-20,15,19,11,11,9,10,15,26,16,9,15,16,11,8,13,14,4,13,9,9,-20,6,12,11,6,12,10,5,6,5,7,12,9,19,13,16,7,25,33,20,7,6,12,28,7,15,5,4,11,7,15,4,16,6,5,5,9,4,18,7,7,-20,4,20,4,3,-20,-20,9,8,6,10,6,5,-20,6,6,5,-20,7,5,10,5,3,4,9,9,4,12,14,-20,5,12,-20,9,12,6,3,-20,10,11,5,10,8,36,23,8,16,21,25,19,28,41,41,18,54,44,46,34,16,22,10
"chr1,13050765",8,9,7,10,4,9,6,-20,10,2,8,12,34,25,20,12,27,17,86,54,50,12,50,48,54,31,23,34,19,7,10,9,19,7,78,52,35,22,12,5,9,27,24,15,14,46,5,49,9,19,14,25,42,38,25,19,65,-20,23,28,29,41,30,23,27,24,24,42,45,13,36,26,25,25,23,68,26,7,-20,15,-20,23,18,8,19,41,25,53,32,17,25,30,36,29,30,24,16,50,-20,41,21,30,5,17,30,42,8,37,55,9,15,7,34,28,12,-20,33,16,5,8,4,10,10,7,43,4,3,39,11,11,40,5,9,8,26,43,44,4,16,19,7,14,-20,9,34,-20,11,44,5,6,6,19,13,31,25,17,8,-20,74,28,10,3,-20,-20,6,-20,9,-20,-20,-20,45,37,18,7,19,26,24,22,19,27,16,22,-20,-20,44,-20,12,15,4,8,24,29,-20,-20,7,13,3,11,26,7,13,18,32,31,39,14,34,67,12,16,37,7,19,37,23,-20,37,8,21,9,-20,23,20,-20,13,55,15,8,29,37,36,34,43,27,5,15,25,12,19,16,29,27,25,13,15,12,15,15,21,28,8,14,-20,-20,-20,-20,9,17,13,15,-20,18,-20,-20,16,11,22,21,34,-20,-20,38,23,34,13,9,41,-20,18,35,-20,-20,-20,24,6,22,3,4,8,12,10,29,4,10,48,42,50,7,10,10,31,6,5,-20,13,30,34,5,21,30,31,32,38,60,14,7,-20,-20,-20,130,21,45,11,46,41,14,7,16,9,28,8,12,4,12,31,3,8,24,55,12,7,32,29,13,-20,6,6,17,33,16,8,7,12,29,6,12,11,24,31,-20,12,24,26,15,-20,20,19,6,13,18,16,15,18,53,19,5,16,86,14,5,6,10,8,14,13,21,9,14,16,14,4,8,11,7,16,-20,10,12,-20,19,11,11,5,15,28,10,8,5,8,13,16,21,18,5,15,11,10,5,12,9,8,13,11,10,20,34,10,14,23,38,21,15,111,23,6,15,11,9,10,-20,7,20,6,11,7,9,11,6,23,23,71,16,13,15,17,7,8,24,-20,10,13,-20,21,11,22,6,12,8,20,-20,9,9,11,11,21,4,3,16,49,32,29,17,14,7,4,7,5,10,9,16,12,11,10,8,15,29,7,28,7,11,9,8,8,18,47,13,14,17,29,6,-20,-20,9,9,28,50,37,42,4,37,36,9,7,41,38,14,12,39,10,9,-20,8,17,11,16,-20,6,11,-20,9,3,11,12,-20,18,15,7,22,14,20,45,26,13,7,14,11,26,18,39,13,6,45,42,13,22,6,-20,14,85,16,22,19,-20,12,14,14,17,30,37,23,18,53,26,26,31,31,24,28,10,30,6,16,33,11,23,20,14,-20,10,18,13,29,16,29,22,8,10,47,22,19,13,14,20,18,28,32,15,18,9,8,15,28,13,-20,73,33,52,22,12,17,24,28,-20,48,20,20,28,-20,-20,15,65,49,18,5,-20,22,57,10,4,8,12,11,41,15,12,19,22,27,25,30,-20,29,12,61,29,26,25,10,6,16,16,20,19,12,25,14,14,19,7,7,13,-20,11,11,12,20,26,12,15,-20,21,26,12,16,19,10,11,37,16,22,21,11,20,18,16,13,19,11,13,14,13,27,11,18,8,16,29,25,43,17,17,17,16,17,19,29,21,12,13,15,16,11,22,8,9,11,14,17,24,17,24,9,28,14,11,14,10,23,14,14,13,12,18,10,20,9,11,27,20,15,10,5,10,6,12,7,11,9,17,13,8,7,19,15,8,9,10,11,9,4,12,5,9,12,9,8,14,17,9,6,10,12,22,5,5,10,6,7,5,6,13,6,13,7,12,9,5,10,6,9,9,15,19,7,6,7,10,9,12,14,24,6,12,20,4,-20,-20,-20,-20,12,11,19,5,20,8,7,9,13,12,4,12,16,12,-20,17,13,20,6,19,6,12,21,16,9,20,19,8,-20,8,14,12,9,23,9,14,8,6,7,8,7,-20,15,15,16,4,18,12,10,13,16,14,9,8,10,7,9,-20,39,25,7,9,18,11,31,9,84,5,36,23,14,21,20,14,21,27,28,20,10,22,7,25,22,21,32,14,17,14,45,9,23,16,11,15,16,27,18,18,10,22,17,18,9,13,7,17,18,6,6,3,4,16,12,12,12,11,13,7,27,19,17,11,8,10,36,22,14,11,10,16,7,16,7,22,61,24,17,13,26,11,5,13,13,20,9,12,12,15,14,8,14,15,-20,10,10,-20,6,19,6,10,17,11,30,15,15,27,9,11,10,8,12,16,13,35,24,12,9,11,9,11,19,8,53,-20,15,19,11,11,9,10,15,26,17,10,15,16,11,8,13,14,4,13,10,9,-20,6,12,11,6,12,10,5,8,5,7,13,9,19,13,11,-20,25,29,21,5,6,10,28,7,15,3,4,11,7,15,-20,15,8,5,4,9,-20,16,6,6,-20,10,21,4,3,-20,-20,6,7,5,10,4,6,-20,6,5,4,-20,9,3,13,5,4,4,10,7,-20,12,13,-20,6,10,-20,6,12,6,3,-20,9,12,6,8,8,37,23,8,17,20,23,19,28,41,40,18,54,44,42,33,16,21,10
"chr1,13050770",9,9,7,10,4,9,6,-20,10,-20,8,12,36,25,21,17,29,16,92,56,49,12,47,47,55,30,22,30,17,8,12,11,18,7,79,56,35,22,13,5,-20,25,23,14,13,44,6,53,10,19,14,28,44,36,24,20,71,-20,21,26,28,44,27,25,25,23,27,43,44,13,36,27,25,25,23,68,24,7,-20,15,-20,24,18,9,19,43,25,56,32,18,22,27,36,27,29,26,13,52,-20,43,21,31,5,17,31,40,8,38,54,9,16,7,35,27,12,-20,32,16,-20,7,3,9,10,7,43,4,3,37,11,10,41,5,9,8,26,44,43,4,18,19,7,12,-20,10,32,-20,11,-20,5,6,6,-20,15,-20,25,17,6,-20,66,-20,10,4,-20,-20,7,-20,9,-20,-20,7,45,34,14,-20,18,26,-20,22,14,40,17,22,-20,-20,41,-20,-20,-20,5,8,19,29,-20,-20,6,16,3,-20,25,7,16,18,32,29,36,17,32,60,13,21,36,-20,22,38,-20,-20,31,9,22,9,-20,21,-20,-20,12,49,16,8,24,35,35,37,42,30,4,15,-20,13,16,-20,31,-20,24,14,13,-20,15,-20,-20,30,11,16,-20,-20,-20,-20,9,18,15,13,-20,-20,-20,-20,-20,12,20,-20,27,-20,-20,37,-20,34,12,9,44,-20,18,38,-20,-20,-20,24,7,18,3,4,8,-20,10,30,3,11,49,42,44,7,9,-20,-20,6,5,-20,12,28,34,5,23,31,35,33,39,62,13,7,-20,-20,-20,137,21,46,10,-20,44,14,7,10,10,26,9,13,4,12,31,3,8,23,55,13,7,34,27,13,-20,-20,5,19,33,15,8,8,12,29,7,12,11,24,-20,-20,10,24,25,15,-20,18,19,7,13,20,16,15,19,50,18,6,18,89,14,4,6,10,8,17,8,23,12,16,16,7,4,9,11,8,17,-20,11,12,-20,17,9,11,-20,14,33,11,9,7,7,13,17,20,18,6,14,11,10,6,12,9,9,11,11,10,21,37,8,13,22,39,22,15,104,24,8,15,12,10,10,-20,7,20,6,12,7,11,12,6,24,23,68,18,14,16,14,7,7,24,-20,11,14,-20,21,14,24,5,12,8,21,-20,8,10,14,12,20,4,4,15,45,33,27,18,14,7,4,10,5,11,10,15,12,10,10,9,14,25,6,30,8,12,8,9,7,17,46,13,16,16,27,5,-20,-20,9,9,27,49,35,41,3,38,35,10,9,41,36,14,12,42,10,8,-20,10,15,11,16,-20,5,11,-20,10,-20,10,-20,-20,20,18,7,23,13,16,47,27,14,7,14,10,26,-20,39,12,7,43,47,12,22,7,-20,13,92,16,22,17,-20,13,12,15,16,-20,38,22,18,57,28,28,34,30,26,29,10,31,6,18,34,12,23,22,14,-20,9,20,13,30,17,28,24,8,10,47,22,19,13,14,22,16,30,32,14,18,9,8,13,26,13,7,78,38,51,-20,-20,16,24,27,-20,45,23,21,26,-20,-20,14,71,44,-20,-20,-20,-20,58,10,4,-20,11,10,43,-20,15,22,23,27,-20,26,-20,-20,14,55,30,25,24,10,6,18,16,19,18,15,25,14,14,19,7,7,13,-20,11,14,12,21,25,11,14,-20,21,27,12,16,19,10,9,37,16,22,21,11,19,18,15,13,18,12,14,14,12,27,13,19,-20,17,29,26,45,17,17,18,19,16,19,29,23,12,13,16,18,11,22,8,9,11,15,17,24,17,24,9,29,14,12,14,11,24,14,14,-20,12,18,11,20,9,11,30,20,15,10,5,10,6,12,7,11,9,17,15,9,8,18,14,8,9,10,11,9,4,13,5,12,12,9,8,14,16,9,6,11,12,22,5,5,11,5,7,5,6,14,7,14,8,12,9,5,12,6,10,10,15,18,7,6,7,10,9,12,14,24,6,13,20,-20,-20,-20,-20,-20,12,11,19,5,20,9,7,9,13,13,4,12,15,13,9,17,13,20,7,19,7,13,20,16,9,20,19,8,9,8,14,14,9,23,10,14,8,7,7,8,7,-20,15,17,17,4,18,12,10,12,17,14,10,8,10,7,9,-20,38,26,7,8,18,13,32,8,85,4,35,23,14,21,21,15,21,26,28,21,11,22,7,26,21,21,33,14,17,14,46,9,23,17,11,15,17,27,20,18,10,23,17,19,9,14,7,17,17,6,6,-20,4,16,12,11,12,11,15,6,25,21,19,11,8,12,37,22,15,11,10,17,6,17,8,21,63,26,17,13,28,11,5,13,13,21,10,11,11,15,13,8,14,15,-20,10,10,-20,7,19,6,10,16,11,31,17,15,28,9,11,9,7,12,16,13,35,24,11,9,11,11,11,18,8,52,-20,16,18,10,11,9,10,16,25,17,11,15,16,11,6,12,15,4,13,10,10,-20,6,13,11,7,12,13,5,9,4,7,13,9,19,13,12,6,-20,27,24,-20,-20,11,32,7,13,-20,3,10,5,16,3,20,8,4,4,8,-20,-20,-20,-20,-20,6,20,4,2,8,-20,-20,-20,-20,8,-20,-20,5,-20,8,4,-20,8,-20,13,-20,4,5,-20,-20,-20,12,-20,-20,-20,8,-20,8,14,6,6,-20,-20,14,5,10,8,42,25,8,17,20,21,19,29,40,40,-20,67,47,46,35,-20,-20,-20
"chr1,13050777",9,9,7,10,4,7,5,-20,10,-20,8,12,36,28,22,20,31,15,91,61,47,10,51,45,59,30,24,30,15,8,11,13,20,7,81,56,38,25,11,5,9,26,23,15,14,46,8,60,12,18,15,29,45,34,26,21,70,-20,21,26,27,38,26,23,25,22,27,47,47,16,37,25,24,28,23,67,23,7,-20,16,-20,25,19,9,20,44,24,49,37,18,25,29,42,29,29,23,13,53,-20,47,23,32,5,17,31,40,8,43,57,-20,14,8,35,25,12,-20,35,16,4,7,4,10,10,8,47,4,3,39,11,9,42,5,10,8,28,46,44,5,18,18,7,12,-20,10,34,-20,12,45,6,5,6,18,17,32,25,17,7,-20,65,26,9,4,-20,-20,7,-20,10,6,-20,7,47,31,17,10,18,27,24,24,14,40,17,20,-20,-20,49,-20,9,13,4,9,18,29,-20,-20,6,15,4,8,27,7,15,17,33,29,30,17,30,63,11,24,40,5,21,36,16,-20,34,9,22,9,-20,17,16,-20,12,54,15,9,27,31,32,35,45,30,5,12,18,12,16,13,29,19,26,16,11,8,14,11,20,30,10,17,-20,-20,-20,-20,8,20,12,17,-20,20,-20,-20,10,13,19,17,26,-20,-20,34,20,39,16,8,42,-20,19,38,-20,-20,3,24,10,18,-20,4,11,-20,11,33,3,13,45,41,41,7,10,10,28,5,6,-20,15,29,33,6,24,33,32,32,43,60,14,9,-20,-20,-20,142,23,45,11,52,44,15,7,9,10,30,10,14,4,12,37,4,8,23,60,17,7,34,29,18,-20,-20,4,19,35,17,9,7,12,28,8,14,11,24,27,-20,11,25,27,12,-20,22,18,6,13,20,15,15,20,52,20,7,20,90,14,5,6,10,8,17,8,23,14,16,17,-20,4,10,12,10,16,-20,10,11,-20,17,9,10,6,15,35,13,9,8,8,14,20,19,18,8,13,11,11,6,12,9,5,13,10,9,22,37,10,14,21,40,20,16,84,23,10,15,11,11,11,-20,7,20,5,13,8,11,14,7,24,22,65,22,14,15,14,8,7,25,-20,13,10,-20,18,13,27,6,11,9,19,-20,9,10,14,13,22,4,4,16,42,34,31,21,12,8,5,14,6,14,9,17,12,11,15,7,15,25,5,31,8,14,8,9,9,16,48,12,18,17,25,5,-20,-20,9,11,27,51,35,47,3,36,37,11,11,44,33,13,13,41,11,7,-20,9,14,-20,19,-20,4,11,-20,8,-20,10,12,-20,20,19,9,22,14,18,50,27,12,7,14,11,29,12,38,9,7,45,45,13,22,6,-20,13,104,20,21,13,-20,13,13,17,13,28,42,26,18,58,29,27,38,30,30,26,9,30,6,18,34,12,20,22,10,-20,9,19,14,30,17,28,23,5,10,51,22,19,13,13,22,15,31,30,16,19,9,8,13,25,17,7,79,38,49,23,10,17,26,27,-20,50,21,25,24,-20,-20,14,77,45,14,4,-20,23,61,10,6,5,10,11,44,12,17,23,24,28,12,28,-20,24,12,60,28,24,21,5,8,18,17,18,19,15,26,14,14,20,7,6,14,-20,12,13,10,21,22,11,14,-20,22,27,12,18,18,10,-20,36,17,22,21,10,20,18,16,14,16,10,15,14,14,25,13,20,8,14,29,27,41,17,14,18,19,17,19,29,26,12,15,13,18,10,23,9,9,11,16,15,23,16,25,9,27,13,11,14,10,23,13,13,12,12,18,10,18,8,12,29,19,17,11,5,10,5,12,7,13,9,16,15,11,8,19,14,10,9,10,10,9,4,14,5,12,11,9,8,15,17,7,-20,10,11,23,5,6,11,6,9,3,5,14,7,14,8,-20,9,6,12,6,9,10,14,19,7,7,6,10,8,12,11,24,4,13,20,4,-20,-20,-20,-20,12,11,19,5,17,9,7,9,13,13,4,12,16,13,8,15,13,18,8,20,7,12,21,15,9,20,20,7,9,8,14,13,9,23,9,14,8,6,7,8,6,-20,14,16,18,4,17,11,9,12,17,14,10,9,10,7,7,-20,38,26,7,10,18,15,30,7,91,3,34,23,13,21,22,15,21,26,29,20,11,23,7,25,21,18,31,14,17,14,44,9,22,16,11,16,17,30,20,20,9,24,17,20,10,14,8,18,15,4,5,3,3,14,12,11,13,11,15,6,24,20,19,13,8,11,36,22,12,11,10,18,7,16,8,21,60,24,17,14,27,10,5,14,14,21,10,11,10,14,13,7,14,13,4,9,10,-20,7,19,5,10,17,11,30,17,15,28,8,11,8,6,12,17,13,37,24,11,8,11,9,11,18,8,51,-20,16,17,12,11,9,10,15,22,16,11,14,16,11,7,12,14,4,11,13,10,-20,6,13,10,7,8,12,5,9,4,7,13,9,19,14,12,7,18,26,23,3,5,12,34,7,15,5,5,10,6,18,4,19,10,5,4,9,4,17,5,10,-20,8,21,6,2,6,14,8,6,5,9,4,-20,5,7,7,4,-20,10,4,14,8,7,4,8,7,4,14,12,4,4,9,3,6,10,9,7,-20,11,15,7,14,13,43,26,8,15,26,17,23,24,38,41,18,75,53,47,34,14,19,-20
"chr1,13050780",9,9,7,10,4,8,5,-20,10,-20,7,12,33,28,23,22,31,14,88,60,46,10,47,47,58,30,22,29,15,8,11,13,20,7,81,59,38,24,11,5,9,-20,23,13,13,45,7,60,11,18,17,30,44,35,26,21,66,-20,23,29,27,37,27,24,25,22,28,49,45,15,37,24,25,28,23,65,24,7,-20,17,-20,21,21,9,20,43,24,49,37,18,25,29,41,30,27,26,13,52,-20,49,23,34,6,17,32,42,8,41,56,10,14,8,34,25,12,-20,35,16,4,7,4,10,10,8,46,4,3,41,11,9,40,5,10,8,31,50,44,5,18,19,7,12,-20,10,39,-20,12,48,6,5,6,15,21,32,24,16,7,-20,69,24,8,4,-20,-20,7,-20,9,6,-20,7,46,30,13,10,17,25,24,24,14,39,20,19,-20,-20,49,-20,7,13,4,10,17,29,-20,-20,6,16,5,6,27,7,14,18,30,28,30,17,34,63,11,27,36,6,21,39,15,-20,36,10,18,9,-20,15,15,-20,12,53,13,15,26,29,32,37,46,30,5,13,18,12,17,12,27,18,27,16,10,8,13,11,19,29,10,16,-20,-20,-20,-20,8,18,14,17,-20,22,-20,-20,10,13,21,13,25,-20,-20,33,20,39,15,9,39,-20,18,38,-20,-20,5,23,11,19,-20,4,11,9,11,33,4,13,41,47,40,8,11,10,29,5,6,-20,16,30,32,6,25,33,34,34,43,61,15,9,-20,-20,-20,147,23,45,13,51,43,15,6,10,11,32,11,14,3,12,39,4,8,24,65,17,8,34,28,18,-20,-20,4,18,35,16,8,7,11,27,8,14,11,24,16,-20,11,24,25,12,-20,26,18,7,12,20,16,15,16,51,18,7,19,93,14,6,6,10,8,18,9,24,15,17,17,9,4,10,12,-20,14,7,10,12,-20,17,10,9,6,17,37,14,9,8,9,13,20,18,18,8,13,11,11,6,12,9,6,14,10,9,19,36,12,14,20,39,18,14,80,23,11,16,10,12,11,-20,7,19,5,13,7,11,14,7,23,21,62,24,14,15,13,9,8,27,-20,13,9,-20,17,12,27,6,11,9,18,-20,9,11,14,14,22,4,-20,16,43,34,31,24,12,8,5,16,-20,15,9,17,12,12,20,7,14,27,5,30,8,14,7,9,9,16,47,12,17,16,24,5,-20,-20,9,11,27,50,34,46,3,34,35,12,11,45,31,13,13,43,11,7,-20,11,13,-20,-20,-20,4,11,-20,-20,-20,10,11,-20,19,17,8,21,15,17,50,25,12,7,15,12,30,11,40,10,7,44,44,12,22,6,-20,14,106,20,21,14,-20,14,14,16,13,29,41,25,20,57,28,28,40,30,33,26,9,29,6,17,35,12,19,21,10,-20,9,19,14,30,19,28,24,5,-20,52,22,19,13,14,22,15,30,30,17,19,9,8,13,26,17,8,82,41,48,21,10,-20,25,28,-20,50,21,25,25,-20,-20,15,79,42,15,4,-20,25,56,10,5,5,9,10,45,14,17,23,25,28,11,29,-20,22,11,58,27,22,22,5,8,18,17,18,19,16,26,14,14,20,7,6,14,-20,13,13,10,21,23,11,13,-20,22,28,12,17,19,11,9,37,17,23,22,10,21,18,16,14,17,10,14,13,15,26,14,20,8,14,29,26,40,15,14,17,23,16,18,31,25,12,15,13,18,10,24,9,9,13,16,15,24,16,26,10,27,14,12,12,11,24,13,13,12,12,19,10,17,8,12,29,18,17,11,5,10,5,13,8,13,9,16,15,11,8,19,14,11,9,10,10,8,4,14,5,12,12,9,8,15,17,7,6,9,11,23,5,6,11,6,10,3,5,14,7,14,8,-20,9,6,12,6,10,11,14,19,7,7,6,11,8,12,10,25,4,13,20,4,-20,-20,-20,-20,12,11,19,5,17,9,7,9,13,13,5,12,15,13,9,15,13,18,8,20,7,12,22,15,9,19,19,8,9,8,14,13,9,23,9,14,8,6,7,8,6,-20,14,16,17,4,16,12,9,12,17,14,10,9,10,8,7,-20,38,26,7,10,18,17,29,7,92,3,33,23,13,20,24,14,21,26,29,21,11,23,8,25,21,18,31,14,17,14,43,9,21,16,11,18,17,29,20,20,8,24,17,20,10,14,8,18,15,5,6,3,3,14,11,11,13,11,15,5,24,21,19,13,8,11,34,22,12,12,11,18,7,16,8,21,62,24,18,14,27,11,5,15,14,21,9,11,11,13,12,7,13,13,4,9,10,-20,7,19,5,10,16,12,30,18,15,28,8,11,8,6,13,17,13,39,25,11,8,11,9,11,18,8,52,-20,16,18,12,11,9,11,16,22,16,11,14,16,11,7,12,14,4,11,13,10,-20,5,13,8,7,7,12,5,9,4,7,13,9,19,14,12,7,17,28,21,4,8,11,35,7,15,6,6,11,5,19,3,18,8,-20,5,7,4,17,-20,7,5,6,21,3,4,5,12,5,6,-20,9,4,5,5,7,8,5,-20,10,4,10,6,6,5,8,6,6,13,12,5,4,9,-20,6,12,10,7,-20,10,14,8,15,13,44,28,9,16,29,17,24,26,39,39,18,74,53,45,32,13,18,9
"chr1,13050785",9,9,8,9,3,7,3,-20,10,2,7,13,32,29,23,25,30,13,81,59,49,7,49,48,58,31,25,27,16,8,-20,14,18,6,78,59,39,23,9,6,9,28,20,12,12,44,6,64,13,19,18,30,46,41,25,22,64,-20,24,30,27,33,29,22,29,21,28,50,43,14,37,24,21,30,21,67,21,7,-20,17,-20,19,21,9,16,44,23,49,37,20,22,27,45,28,28,26,14,53,-20,51,21,34,5,14,31,41,8,40,55,9,13,7,33,26,12,-20,34,16,3,7,4,9,10,8,43,3,2,39,10,9,38,5,10,8,32,52,51,5,18,17,7,10,-20,7,40,-20,11,49,6,3,6,10,21,30,20,17,6,-20,71,24,8,4,-20,-20,7,-20,9,5,-20,7,46,32,11,13,18,26,15,25,15,40,18,20,-20,-20,42,-20,8,12,5,7,22,29,-20,-20,4,23,5,7,23,5,14,20,28,31,26,15,34,59,11,28,32,-20,20,35,16,-20,42,10,19,-20,-20,14,16,-20,13,39,14,16,27,30,35,34,42,30,5,14,16,13,17,13,27,16,27,17,12,-20,15,11,10,31,10,18,-20,-20,-20,-20,9,17,13,17,-20,25,-20,-20,7,14,24,10,24,-20,-20,35,12,40,17,9,38,-20,17,36,-20,-20,6,23,11,18,3,3,11,8,10,31,5,13,47,51,41,7,10,10,30,4,5,-20,16,30,35,6,29,33,32,35,44,56,14,9,-20,-20,-20,161,24,45,12,54,43,15,6,10,12,32,11,16,3,12,38,7,8,27,68,17,8,34,33,18,-20,3,4,16,35,12,10,8,11,27,8,15,12,23,16,-20,10,25,25,11,-20,26,18,7,13,20,16,15,16,58,15,8,17,91,14,7,7,11,8,20,12,26,15,19,18,10,5,10,13,10,-20,6,10,12,-20,18,9,8,6,20,38,15,9,8,9,13,21,18,17,8,11,11,11,7,11,9,6,15,9,10,19,36,13,12,21,42,18,14,74,24,11,16,10,13,10,-20,8,20,6,13,7,10,17,-20,24,19,65,24,12,16,13,8,7,25,-20,14,8,-20,19,13,28,6,9,11,18,-20,9,9,14,14,21,5,-20,13,44,32,32,23,11,8,6,15,6,14,9,20,12,13,19,8,14,28,5,30,7,14,8,9,9,15,46,10,17,16,23,7,-20,-20,8,10,25,50,36,47,3,27,35,12,11,43,31,11,13,43,11,6,-20,10,11,10,20,-20,4,11,-20,8,-20,9,14,-20,17,16,7,19,16,22,46,25,12,7,18,12,29,13,42,8,6,43,44,13,22,6,-20,14,108,21,19,12,-20,13,14,17,13,26,40,25,21,57,28,26,42,31,36,26,7,26,6,13,36,11,17,19,9,-20,7,20,14,30,19,26,24,6,10,52,25,19,13,10,18,11,28,24,17,17,9,9,13,24,17,8,86,42,47,-20,-20,19,26,27,-20,48,21,25,22,-20,-20,17,78,41,12,4,-20,23,54,10,5,-20,8,10,48,14,16,23,29,30,11,24,4,20,10,54,24,22,20,-20,7,17,18,18,17,16,22,13,12,17,11,6,10,-20,13,13,8,16,23,11,13,-20,18,26,12,17,19,11,9,39,14,25,21,10,19,18,14,15,16,10,14,13,14,27,14,20,7,12,26,28,41,14,13,17,23,19,18,30,24,12,17,13,17,10,23,7,7,14,16,14,22,11,26,10,27,12,10,12,8,26,15,13,-20,11,17,7,14,8,12,30,16,17,11,5,9,5,12,8,13,9,15,15,9,5,19,13,10,8,10,11,7,4,13,3,10,10,9,8,13,19,5,4,9,10,23,4,5,12,6,10,3,5,14,7,14,7,-20,8,7,8,5,9,10,14,17,6,6,5,11,6,10,9,23,4,13,19,-20,-20,-20,-20,-20,11,10,18,3,15,7,7,8,11,13,5,13,13,13,10,14,15,18,7,17,7,12,17,14,10,18,16,8,8,7,11,10,8,-20,9,14,8,6,6,7,7,-20,11,13,17,4,13,10,9,11,17,13,-20,9,8,8,6,-20,30,20,8,11,18,18,27,7,90,-20,27,18,11,19,21,11,19,24,26,19,11,22,8,21,18,16,28,15,16,14,40,8,21,16,11,17,14,28,18,20,9,22,16,20,9,14,7,17,15,5,5,-20,3,14,12,6,11,9,14,5,22,22,18,11,9,11,35,20,10,12,10,18,5,13,8,22,64,23,18,12,25,9,5,15,14,19,8,11,11,11,12,6,9,13,4,8,9,-20,7,18,5,10,15,11,30,18,15,28,8,11,8,5,12,14,13,40,25,10,7,11,8,11,17,7,49,-20,13,18,12,11,7,9,15,18,15,10,8,15,11,7,12,15,3,12,13,10,-20,5,13,8,7,6,11,5,9,3,7,11,8,19,13,14,-20,18,30,25,6,6,12,35,7,14,6,6,12,5,17,5,20,8,6,7,8,7,15,-20,9,10,5,20,3,3,-20,12,5,7,-20,7,4,6,5,7,6,6,5,11,4,11,6,11,6,6,7,-20,12,13,5,4,-20,3,-20,9,10,6,-20,-20,11,10,15,13,45,30,-20,17,27,18,23,28,35,37,-20,75,53,44,33,-20,19,-20
"chr1,13050791",9,9,7,13,-20,7,2,-20,8,2,8,13,34,27,24,25,28,13,81,62,47,7,50,48,54,35,25,28,16,8,10,14,21,5,77,58,41,22,11,7,10,27,20,7,12,42,6,68,14,16,19,27,48,46,27,25,64,-20,25,29,28,32,28,21,32,20,28,47,40,14,41,21,19,27,24,66,18,8,-20,15,-20,18,22,8,15,43,22,46,34,19,25,27,43,27,27,26,16,53,-20,53,22,33,6,16,30,39,8,42,55,10,14,6,33,28,12,-20,36,15,3,8,4,10,10,8,43,3,3,42,8,13,38,6,11,8,35,56,48,5,18,17,9,10,-20,6,40,3,10,44,6,3,6,12,20,32,19,17,6,-20,68,27,9,4,-20,-20,7,-20,11,4,-20,7,43,43,14,12,14,24,15,25,15,38,19,20,-20,-20,43,-20,10,12,7,6,26,28,-20,-20,5,26,10,7,20,7,14,17,28,31,23,17,31,54,9,26,30,3,24,33,19,-20,46,10,14,-20,-20,14,14,-20,13,39,16,16,27,32,35,34,40,28,9,14,15,14,17,12,28,18,22,22,14,7,14,11,9,31,10,18,-20,-20,-20,-20,11,18,10,15,-20,23,-20,-20,5,13,25,10,24,-20,-20,35,12,41,18,9,36,-20,14,37,-20,-20,6,24,11,18,3,4,9,8,11,32,4,12,55,44,40,7,11,9,31,4,6,-20,16,31,36,7,29,37,35,36,44,60,15,9,-20,-20,-20,165,22,49,11,53,45,16,6,-20,13,32,11,16,3,11,37,9,9,31,64,16,9,33,34,21,-20,-20,4,21,31,11,10,9,12,27,7,16,10,22,16,-20,10,28,25,9,-20,28,19,7,11,18,14,15,16,59,16,10,14,93,12,9,8,11,8,21,16,26,15,20,19,12,5,11,13,11,13,6,8,11,-20,16,9,8,8,21,35,14,10,8,9,12,21,18,15,10,10,9,12,7,11,10,7,15,8,11,17,35,10,12,18,42,17,16,65,27,12,17,10,14,10,-20,9,19,6,12,7,10,15,9,25,20,64,25,12,16,14,10,7,23,-20,13,11,-20,22,11,28,6,8,10,19,-20,10,9,12,-20,21,4,-20,14,46,30,32,24,10,10,7,16,7,15,9,22,12,15,20,10,14,29,5,30,7,15,9,10,9,14,43,9,19,16,23,6,-20,-20,8,10,27,46,32,46,3,31,35,11,11,46,32,13,-20,40,9,5,-20,11,10,11,17,-20,4,9,-20,11,-20,9,16,-20,19,16,6,20,15,22,45,25,11,6,17,12,29,12,42,10,7,45,45,17,23,8,-20,15,106,22,19,11,-20,12,11,16,12,30,38,26,19,55,28,24,39,30,36,28,8,27,7,14,34,11,16,19,8,-20,7,19,13,31,20,26,25,6,-20,54,24,22,14,11,21,12,29,24,15,19,10,7,13,24,16,-20,76,39,39,19,8,20,25,25,-20,44,24,28,21,-20,-20,20,76,45,15,4,-20,22,60,11,5,4,7,13,52,15,20,21,31,29,13,26,4,18,9,49,25,23,21,-20,7,19,18,14,16,18,25,13,13,17,11,6,12,-20,13,14,9,17,25,14,14,-20,20,24,11,17,-20,10,11,42,17,25,23,10,18,17,15,14,18,9,-20,12,14,22,14,19,7,12,25,29,37,13,13,16,23,19,16,36,23,12,18,14,16,10,24,8,7,13,20,16,23,11,28,9,26,11,10,9,8,23,13,13,11,12,15,7,14,-20,12,28,17,17,13,6,9,4,12,7,12,6,19,13,9,5,20,13,11,10,-20,11,8,5,15,3,13,9,8,8,13,16,5,5,9,9,23,5,5,12,7,10,3,5,13,8,15,7,-20,7,8,10,6,10,10,14,15,6,6,5,11,6,9,8,23,4,13,20,3,-20,-20,-20,-20,11,10,18,3,18,8,7,8,12,12,6,13,15,12,10,14,15,18,7,18,7,13,19,15,11,20,17,10,8,7,11,9,8,23,8,13,8,6,6,7,8,-20,12,13,17,3,14,9,9,11,15,12,10,10,8,8,6,-20,28,20,7,10,17,16,26,7,90,-20,29,21,10,20,25,11,20,23,27,21,12,20,9,21,20,18,28,16,16,15,38,8,21,16,11,17,13,31,19,19,10,23,17,21,11,12,8,18,17,6,4,-20,-20,15,12,5,10,8,14,4,23,22,-20,10,10,10,35,20,9,10,-20,18,5,14,8,20,67,-20,18,12,26,-20,3,14,14,20,8,11,9,11,12,6,9,11,5,8,9,-20,8,18,5,10,15,11,27,19,12,26,7,12,8,5,12,16,13,41,26,10,8,11,8,12,17,7,48,-20,12,19,12,10,6,11,13,19,16,9,11,14,12,7,13,17,5,14,14,14,3,5,13,-20,7,6,13,6,12,-20,7,11,8,20,13,12,-20,18,29,24,7,5,10,35,6,13,8,5,12,4,16,-20,21,8,6,7,7,7,15,-20,9,11,8,23,3,-20,-20,8,5,5,-20,9,5,8,10,4,8,5,6,14,6,12,-20,9,6,6,10,7,8,10,6,6,8,3,-20,8,-20,7,-20,11,8,9,20,13,47,29,10,19,27,17,22,29,35,41,18,75,51,41,34,12,17,7
"chr1,13050795",10,9,7,13,-20,6,2,-20,9,3,8,13,31,26,23,26,27,15,84,60,46,7,51,50,55,35,26,30,16,7,-20,15,20,5,73,61,41,23,11,8,10,31,16,7,12,42,7,65,16,16,19,27,48,48,29,27,66,-20,24,28,28,34,27,19,30,19,28,50,40,14,43,20,22,30,24,64,19,9,-20,15,-20,17,23,8,15,44,21,45,33,18,26,27,41,31,29,29,17,52,-20,55,21,35,7,18,33,40,6,42,53,10,16,6,32,27,11,-20,38,15,3,8,3,8,9,8,43,3,4,43,8,12,39,5,11,8,36,58,46,5,17,16,9,9,-20,7,40,3,9,46,7,3,6,12,20,28,20,14,6,-20,70,29,9,5,-20,-20,7,-20,12,3,-20,7,43,41,15,13,14,27,15,25,15,42,22,21,-20,-20,44,-20,10,14,6,7,35,28,-20,-20,3,25,13,8,20,7,14,15,30,31,23,16,30,59,8,29,27,3,22,39,22,-20,45,9,15,-20,-20,13,15,-20,13,25,16,17,28,32,37,32,40,28,10,14,16,14,16,13,28,18,23,24,13,7,15,11,10,31,10,17,-20,-20,-20,-20,15,18,10,15,-20,30,-20,-20,5,15,24,9,26,-20,-20,36,13,42,17,9,39,-20,14,36,-20,-20,6,26,12,18,3,4,10,8,13,36,4,12,52,43,35,7,11,9,34,4,-20,-20,17,33,38,7,31,35,34,36,43,58,17,9,-20,-20,-20,169,21,49,11,52,47,18,6,-20,11,32,12,16,4,11,37,10,10,32,61,17,9,33,33,21,-20,-20,4,20,30,10,10,9,12,28,7,13,10,20,19,-20,7,28,27,10,-20,24,19,7,11,17,15,14,16,54,17,11,14,96,13,11,8,11,8,20,16,26,16,21,17,10,5,11,13,11,13,7,8,11,-20,15,10,7,7,22,34,15,10,8,9,12,20,17,15,10,9,10,12,-20,11,9,6,15,10,13,18,35,10,11,17,43,17,16,62,27,12,15,11,15,10,-20,9,19,-20,13,6,11,14,11,26,20,64,25,12,17,13,10,7,22,-20,12,11,-20,21,10,28,6,7,10,19,-20,10,9,12,13,21,-20,-20,14,45,26,31,22,10,10,10,16,9,15,10,22,12,14,17,10,15,31,5,29,8,17,11,11,-20,13,44,9,20,16,23,7,-20,-20,8,12,28,43,32,45,3,29,36,11,13,45,32,13,10,43,9,5,-20,11,10,10,21,-20,3,9,-20,11,-20,11,18,-20,18,17,6,22,15,22,46,25,11,8,17,12,27,12,41,10,8,42,47,19,23,9,-20,14,110,21,20,10,-20,11,11,16,12,29,36,28,19,53,29,26,37,31,36,28,9,27,9,13,31,11,15,18,9,-20,6,20,13,33,17,25,25,5,9,53,23,24,11,12,19,13,27,23,16,19,11,7,11,23,14,12,70,39,40,19,7,21,23,25,-20,45,23,31,21,-20,-20,20,76,49,14,5,-20,22,61,11,4,4,7,13,54,16,23,21,36,29,16,27,5,18,11,55,25,24,23,-20,8,18,19,13,17,20,20,13,9,19,10,6,14,-20,12,13,10,18,25,15,14,-20,20,22,11,17,18,8,14,41,17,26,24,11,17,17,16,14,17,9,17,14,13,22,14,18,7,16,24,29,40,13,13,15,23,19,17,35,23,12,16,15,15,11,24,8,7,13,19,18,21,13,28,9,23,10,11,9,8,24,14,13,9,11,16,7,12,8,13,27,21,19,13,6,7,4,13,8,13,8,19,14,9,5,20,13,11,-20,9,11,8,5,13,3,10,10,8,9,13,16,5,5,10,8,23,5,6,12,7,11,3,5,14,8,15,7,-20,7,9,11,7,11,11,14,15,6,7,5,10,5,8,7,23,3,10,18,3,-20,-20,-20,-20,11,10,17,5,22,7,7,8,11,12,6,14,16,13,10,14,15,17,7,16,7,11,23,15,13,19,16,10,7,8,11,9,8,22,8,12,9,6,6,8,8,-20,13,11,16,3,15,9,9,12,16,12,9,10,8,7,6,-20,27,18,9,9,16,17,25,8,92,-20,30,22,12,21,26,11,20,26,28,23,13,17,10,21,20,19,29,16,17,17,38,9,21,16,11,17,12,30,19,18,10,21,16,21,13,10,9,17,15,5,4,-20,-20,18,12,5,11,7,17,4,22,20,15,9,11,12,34,20,9,12,12,18,5,14,6,21,68,23,19,14,27,10,3,13,12,22,9,12,9,10,14,7,9,12,6,9,8,-20,8,18,5,11,14,12,27,19,12,26,6,12,8,4,12,16,13,35,24,10,7,13,-20,12,16,7,47,-20,10,20,11,10,7,13,13,19,17,9,11,14,14,7,13,19,5,14,14,14,6,6,12,8,7,6,13,6,15,4,6,11,8,19,14,14,-20,18,31,24,7,-20,8,34,6,12,7,4,12,4,15,3,23,10,5,5,8,8,18,5,8,11,-20,22,3,-20,4,8,6,6,3,10,5,8,-20,3,7,6,6,15,6,12,9,9,7,8,11,8,-20,11,-20,6,7,3,-20,10,13,-20,4,10,12,9,19,13,45,32,10,22,30,16,22,28,33,42,18,75,54,38,37,-20,16,5
"chr1,13050796",10,9,7,13,-20,6,3,-20,9,3,7,13,31,26,23,26,27,15,87,62,45,8,51,49,55,37,27,30,16,-20,11,15,20,7,71,59,42,23,11,8,17,32,16,7,12,43,7,65,13,16,19,27,49,47,29,27,66,-20,24,28,28,33,27,20,31,20,25,49,40,14,42,19,21,29,24,65,19,9,-20,15,-20,17,23,8,16,44,22,46,33,18,26,27,42,31,28,28,17,52,-20,55,22,35,7,18,33,38,6,43,50,10,15,6,32,26,11,4,38,15,3,8,3,9,10,8,43,3,4,44,8,11,37,6,11,8,37,57,46,5,17,19,10,10,-20,7,41,3,10,44,8,3,6,12,20,29,19,13,6,-20,67,28,9,5,-20,-20,7,-20,13,3,-20,7,44,41,15,13,15,27,15,25,15,42,22,20,-20,-20,44,-20,10,15,6,7,36,25,-20,-20,-20,23,13,8,22,7,14,14,30,28,23,16,30,62,9,30,27,-20,22,42,22,-20,45,9,15,-20,-20,12,18,-20,13,24,16,16,28,32,37,32,39,28,8,12,16,14,17,13,28,18,22,24,13,-20,14,11,10,30,10,17,-20,-20,-20,-20,15,19,10,15,-20,29,-20,-20,5,15,24,9,27,-20,-20,37,15,41,17,8,39,-20,14,36,-20,-20,6,27,12,18,3,5,10,-20,15,36,4,12,52,38,35,7,-20,9,33,4,-20,-20,17,32,38,7,30,35,34,35,43,57,17,9,-20,-20,-20,169,21,48,-20,52,47,18,6,11,11,33,12,16,4,11,37,10,10,32,59,18,9,32,34,21,-20,-20,4,19,31,12,10,9,12,28,6,13,9,20,21,-20,7,27,27,10,-20,24,19,7,11,18,15,14,16,53,18,11,15,96,14,11,8,11,8,19,16,27,16,21,15,11,5,11,13,11,15,7,9,11,-20,15,10,7,7,23,35,15,10,8,9,12,20,17,16,11,9,10,12,8,11,9,5,16,10,14,17,35,10,13,18,43,17,16,62,27,12,16,11,15,12,-20,9,17,-20,13,6,11,14,10,26,19,64,25,12,16,13,10,7,22,-20,12,11,-20,22,10,30,6,7,10,19,-20,10,9,12,13,20,-20,3,14,44,26,32,22,10,10,10,17,9,16,11,22,13,14,17,9,15,29,6,29,8,17,11,11,8,13,44,9,19,16,23,7,-20,-20,8,12,28,45,32,45,4,29,33,12,13,45,33,13,10,43,8,4,-20,12,9,11,21,-20,3,9,-20,10,-20,11,19,-20,18,18,6,23,15,24,47,26,10,7,17,12,27,12,41,10,8,45,47,19,23,9,-20,15,113,20,20,-20,-20,11,9,15,12,29,37,28,19,53,29,26,38,31,36,27,9,27,9,13,30,11,15,18,9,-20,6,20,13,32,17,25,25,6,9,55,23,24,11,12,19,12,28,23,18,19,11,8,11,23,14,12,69,39,40,-20,6,20,22,25,-20,48,23,31,21,-20,-20,20,77,49,14,5,-20,22,65,11,4,-20,7,13,54,16,23,21,36,28,16,27,5,18,11,55,25,24,23,-20,8,18,18,13,17,20,20,13,9,20,10,6,14,-20,12,13,10,18,26,15,14,-20,19,23,11,16,18,8,14,39,18,25,28,12,18,16,16,14,18,9,19,14,13,24,16,20,7,17,23,30,42,15,13,14,23,19,17,35,24,12,18,15,16,11,24,8,7,12,18,19,21,12,28,9,23,10,12,9,7,24,15,13,10,11,16,7,12,10,14,26,21,19,13,6,7,7,13,7,13,8,18,14,10,5,19,14,11,10,9,11,8,6,13,3,10,10,8,9,13,16,5,5,10,8,23,5,6,12,7,11,4,6,14,8,17,7,-20,7,9,11,8,13,11,14,16,7,7,5,10,5,8,7,28,-20,10,16,-20,-20,-20,-20,-20,11,10,16,5,24,8,7,8,11,12,6,14,16,13,11,14,13,17,7,16,9,13,24,15,13,19,17,10,7,8,12,9,9,-20,8,14,9,5,6,8,8,-20,13,11,16,3,15,10,8,12,16,12,10,10,9,7,6,-20,27,18,9,8,16,17,24,10,92,-20,30,24,12,22,27,11,21,26,28,24,13,17,10,21,20,19,31,16,18,18,37,9,22,16,10,18,13,30,20,19,11,21,15,21,13,11,9,17,14,5,3,-20,-20,18,13,5,13,7,16,4,23,20,15,8,11,14,34,19,9,12,12,18,5,14,6,20,67,23,19,15,28,10,3,13,12,24,-20,12,9,11,15,7,9,12,6,9,7,-20,9,18,5,11,14,12,27,20,12,27,7,12,9,4,12,17,14,36,24,11,7,13,7,12,16,7,48,-20,10,21,10,10,7,13,13,19,16,9,14,14,14,7,14,19,5,14,14,16,6,5,12,8,7,6,11,6,16,4,6,11,-20,19,15,-20,-20,20,30,25,-20,-20,8,34,5,13,8,4,12,4,16,4,23,10,5,-20,-20,8,-20,-20,6,11,9,21,2,-20,-20,9,-20,8,-20,-20,-20,7,-20,3,7,6,6,-20,5,13,-20,8,6,-20,-20,-20,8,12,6,-20,-20,3,-20,10,12,8,-20,-20,12,-20,21,13,45,31,10,22,29,16,23,28,31,42,-20,75,54,38,37,-20,-20,-20
"chr1,13050800",9,9,7,13,-20,6,3,-20,8,3,7,13,31,28,22,26,28,16,84,60,48,8,51,46,54,37,23,29,14,7,12,15,18,7,65,58,41,22,11,8,17,31,16,11,12,44,7,66,13,17,18,27,46,46,28,26,71,-20,28,26,28,32,26,24,29,18,26,47,42,14,43,18,21,32,24,70,19,10,-20,14,-20,17,24,8,15,45,24,46,36,18,26,30,40,33,29,29,17,50,-20,54,25,34,7,18,33,38,6,44,50,10,15,6,30,27,11,4,36,15,3,8,3,9,10,8,45,3,4,46,9,11,37,6,11,8,41,59,44,5,16,19,10,10,-20,7,41,3,10,45,8,3,6,13,20,27,17,14,6,-20,74,28,8,5,-20,-20,7,-20,13,3,-20,9,42,39,21,14,14,28,14,25,15,49,25,22,-20,-20,62,-20,10,17,6,7,37,25,-20,-20,-20,25,11,9,23,8,13,14,34,28,27,15,30,62,8,31,26,3,24,44,21,-20,46,9,15,-20,-20,11,16,-20,13,24,17,17,32,32,36,30,39,28,8,10,16,14,15,14,27,16,22,27,15,7,13,11,12,30,11,17,-20,-20,-20,-20,15,20,10,16,-20,28,-20,-20,5,16,24,9,28,-20,-20,31,16,41,19,7,39,-20,13,36,-20,-20,7,28,13,17,3,3,9,8,17,36,4,13,52,47,38,7,10,9,33,4,-20,-20,17,29,35,7,32,35,33,34,43,53,14,10,-20,-20,-20,168,19,49,9,55,50,16,6,13,11,32,12,16,4,13,37,10,11,30,57,19,8,35,35,20,-20,-20,4,18,32,11,10,9,12,27,7,11,9,20,22,-20,6,27,28,10,-20,24,21,8,11,19,17,15,17,53,17,11,16,96,14,12,8,11,7,18,19,25,16,23,15,11,5,10,11,12,15,7,9,10,-20,14,11,6,7,21,37,15,9,9,9,12,19,15,14,12,9,10,14,9,12,8,6,17,-20,14,17,36,10,16,19,43,17,17,58,25,12,16,11,15,12,-20,8,18,-20,13,7,12,14,10,25,19,65,24,11,16,-20,9,8,22,-20,12,10,-20,23,10,32,8,7,11,18,-20,8,9,13,11,20,-20,3,15,44,24,31,22,11,11,10,19,8,16,11,21,12,14,17,8,14,28,6,27,8,17,12,11,8,13,46,9,21,16,20,7,-20,-20,8,10,27,42,30,43,4,30,33,12,13,44,32,13,10,43,8,4,-20,12,9,11,22,-20,3,9,-20,10,-20,9,21,-20,18,15,6,23,17,25,49,24,11,7,15,12,27,9,38,11,8,42,45,19,24,9,-20,16,110,18,20,9,-20,11,8,14,11,25,38,28,19,53,30,29,37,33,30,27,9,26,-20,11,27,10,16,17,9,-20,6,18,13,32,17,24,23,5,9,56,23,23,12,10,19,12,28,21,17,18,11,8,10,22,14,12,74,33,38,18,5,-20,20,23,-20,43,26,30,20,-20,-20,20,73,51,14,5,3,23,64,11,3,3,10,11,59,17,25,23,36,27,17,28,5,15,11,48,26,21,25,-20,9,16,18,12,16,20,20,13,9,19,10,5,14,-20,10,12,9,18,26,15,14,-20,20,22,10,15,18,8,12,38,18,24,28,11,17,16,17,14,17,8,19,14,15,22,16,19,7,17,22,29,42,15,10,14,21,21,17,35,24,11,17,14,15,11,24,8,7,13,17,19,20,13,29,9,23,10,12,9,7,26,14,11,9,10,16,7,11,10,13,25,20,19,13,6,6,7,13,7,13,7,18,14,10,5,19,14,11,10,9,10,8,6,13,3,10,-20,8,9,13,17,5,5,10,8,22,5,5,11,7,11,6,8,14,8,17,7,-20,7,9,10,8,13,12,14,16,7,7,6,10,5,8,7,28,-20,10,16,3,-20,-20,-20,-20,11,10,16,5,25,8,7,8,11,12,6,14,16,11,11,14,14,16,8,15,9,13,23,15,13,19,16,10,7,8,12,10,9,23,7,14,9,6,5,8,8,-20,12,11,16,3,15,10,8,12,15,12,10,10,9,8,6,-20,27,18,9,8,16,18,25,10,92,-20,30,24,11,23,27,13,20,26,28,23,13,17,10,21,19,19,28,16,19,-20,38,9,20,16,11,18,13,30,20,18,11,21,15,20,13,12,9,17,14,4,3,-20,-20,-20,13,5,14,7,16,4,22,19,15,8,11,15,34,19,9,12,12,18,5,15,5,21,65,23,17,14,29,10,3,13,11,23,9,11,9,12,15,7,9,12,6,9,7,-20,9,17,5,11,14,11,27,21,11,27,7,12,8,4,11,16,14,36,23,11,7,12,7,-20,16,6,49,-20,10,18,10,10,7,13,13,19,15,9,14,14,13,7,14,19,5,14,14,16,7,5,11,8,-20,6,12,6,16,4,6,11,8,19,15,13,8,20,28,22,6,12,13,34,8,13,7,4,12,-20,16,4,21,7,4,-20,7,10,22,6,8,10,10,26,2,-20,5,9,5,7,3,9,6,10,11,5,5,5,6,15,5,13,-20,9,5,8,11,7,5,12,5,8,10,4,-20,12,13,7,4,13,11,12,21,13,44,33,10,22,28,16,21,27,31,39,-20,75,57,34,37,12,15,5
"chr1,13050806",8,9,9,12,-20,6,5,-20,-20,4,8,13,30,30,26,27,29,17,88,58,51,10,50,49,49,36,24,28,10,6,12,14,16,7,70,58,41,23,13,9,18,31,13,12,10,46,8,63,15,16,18,27,46,42,33,26,66,-20,22,29,32,30,26,27,28,19,24,49,39,16,43,17,22,33,24,67,20,10,-20,15,-20,17,27,8,14,46,25,45,38,17,25,28,42,31,31,30,16,50,-20,58,25,31,6,17,33,39,6,41,51,10,11,7,30,33,16,5,37,14,-20,7,4,9,14,8,45,3,5,48,9,12,35,5,13,5,43,54,46,7,19,19,9,9,-20,9,42,6,10,43,9,-20,6,15,19,29,12,13,6,-20,76,28,8,7,-20,-20,7,-20,13,4,-20,9,48,39,23,15,10,29,14,26,16,55,26,23,-20,-20,60,-20,10,19,5,6,34,24,-20,-20,3,24,13,12,29,10,12,15,41,30,29,11,24,70,7,30,24,3,21,39,21,-20,50,10,16,8,-20,8,16,-20,13,23,15,16,33,33,36,31,35,28,10,-20,14,14,16,16,31,16,19,32,14,-20,12,10,12,27,11,18,-20,-20,-20,-20,15,18,14,15,-20,28,-20,-20,4,15,24,3,27,-20,-20,27,16,40,20,10,42,-20,16,39,-20,-20,7,26,14,17,4,4,10,8,15,35,4,12,51,57,40,6,10,8,31,7,6,-20,15,29,39,5,30,36,32,37,46,55,14,10,-20,-20,-20,175,21,45,10,55,41,16,4,7,13,31,12,16,4,14,37,10,10,32,61,20,8,34,33,22,-20,-20,-20,18,31,11,13,10,11,27,7,12,9,19,21,-20,6,31,29,10,-20,24,21,9,11,19,16,14,17,53,18,13,17,95,13,12,8,11,7,19,21,24,16,25,15,12,4,9,10,12,-20,7,8,10,-20,12,10,8,7,20,38,15,8,11,9,13,22,15,14,13,8,10,13,8,12,8,7,17,10,15,18,33,9,15,21,40,16,17,50,24,11,17,13,14,11,-20,7,19,7,15,7,11,13,11,26,19,68,23,11,17,9,10,7,23,-20,12,10,-20,23,9,28,7,7,12,19,-20,9,10,12,11,19,-20,3,15,48,27,33,24,10,10,10,20,8,18,11,20,10,13,21,8,13,31,5,28,8,17,13,14,10,14,47,6,21,15,15,7,-20,-20,9,11,26,38,29,43,5,34,36,13,16,43,31,14,10,43,10,5,-20,12,8,10,26,-20,3,8,-20,11,-20,8,20,-20,20,14,5,20,14,23,44,24,10,7,14,12,27,8,42,12,8,44,46,16,28,7,-20,17,118,18,18,8,-20,11,9,17,10,23,37,31,18,52,30,28,35,32,29,25,9,29,11,15,28,11,17,17,11,-20,7,17,13,30,18,21,26,5,12,59,22,23,13,10,19,11,31,20,23,21,10,9,11,17,15,13,68,30,35,14,5,19,18,22,-20,44,27,30,28,-20,-20,20,63,53,14,5,3,26,70,10,3,-20,10,13,58,17,28,25,36,30,19,31,5,15,11,52,26,21,23,-20,12,15,15,18,17,23,20,14,11,18,14,4,11,-20,9,12,7,20,29,13,14,-20,22,24,12,16,19,8,14,39,22,23,33,12,19,17,18,15,17,10,22,19,14,24,17,17,9,-20,24,-20,40,16,9,9,25,20,20,37,26,9,19,16,18,13,24,6,8,16,18,21,18,9,29,10,27,10,14,7,9,28,14,8,-20,8,16,6,9,9,15,-20,21,22,14,6,8,9,12,7,15,7,20,13,10,8,21,13,9,10,8,9,6,8,14,6,10,9,9,11,15,19,-20,-20,11,8,22,5,7,12,8,12,6,6,13,8,16,10,-20,8,9,10,10,13,11,14,17,7,8,6,14,4,8,10,28,-20,9,13,3,-20,-20,-20,-20,9,10,17,5,23,8,6,9,11,13,7,18,18,9,10,18,14,15,7,16,13,15,24,20,12,18,17,11,7,-20,15,9,11,17,6,16,7,7,5,9,8,-20,10,11,19,4,14,9,8,13,13,13,11,7,11,8,4,-20,30,16,9,9,16,20,26,9,90,-20,30,30,10,22,25,14,25,25,25,23,14,18,9,26,20,22,26,15,17,17,38,7,23,15,10,19,11,36,18,20,16,23,16,22,18,13,10,14,15,4,3,-20,-20,15,13,5,17,8,20,-20,20,17,14,8,9,15,31,21,13,11,13,17,7,15,4,19,60,24,17,13,24,14,3,12,9,23,10,10,9,11,16,7,8,15,6,9,5,-20,9,16,5,11,12,12,24,21,7,30,9,13,8,-20,11,14,11,32,25,11,6,10,7,11,18,5,44,-20,8,17,8,9,6,14,12,20,13,8,15,10,11,7,9,17,5,16,12,18,7,7,10,9,6,6,12,7,16,3,-20,6,8,20,15,14,8,19,32,22,5,11,14,27,10,10,8,4,11,3,15,5,19,5,-20,-20,6,-20,21,7,9,8,13,26,-20,-20,7,12,6,9,-20,7,10,9,5,7,2,5,7,13,5,11,9,12,-20,10,9,5,-20,9,5,13,8,3,4,13,12,6,5,13,13,11,19,13,46,36,10,24,30,18,22,28,30,37,-20,75,58,32,37,8,11,-20
"chr1,13050808",7,9,9,12,-20,6,5,-20,7,4,8,13,29,28,27,27,30,17,87,58,50,10,51,49,45,35,23,28,10,6,12,14,16,7,68,59,41,23,13,9,18,31,13,14,10,47,8,66,15,16,18,27,46,45,34,25,68,-20,22,29,32,29,27,28,28,19,23,50,39,17,44,18,22,34,23,66,20,10,-20,15,-20,18,27,8,13,46,24,42,38,16,24,28,44,34,31,30,16,50,-20,57,27,30,6,17,33,40,6,43,50,10,12,7,28,35,16,5,37,14,-20,7,4,8,14,8,45,-20,5,49,9,12,31,5,12,5,43,52,45,7,19,19,9,9,-20,9,41,6,10,47,9,-20,6,13,19,29,12,14,6,-20,82,28,8,7,-20,-20,7,-20,13,4,-20,9,49,42,20,15,11,30,14,25,16,67,26,22,-20,-20,59,-20,10,20,4,9,34,24,-20,-20,-20,25,13,12,30,10,11,15,41,28,30,12,23,70,7,31,24,-20,21,38,21,-20,50,9,16,10,-20,8,16,-20,13,23,14,16,33,33,37,30,35,28,11,11,13,14,16,14,31,15,19,32,14,-20,11,10,14,25,10,22,-20,-20,-20,-20,16,18,14,15,-20,30,-20,-20,3,15,26,3,28,-20,-20,26,16,41,20,9,44,-20,16,40,-20,-20,7,28,15,19,4,4,11,7,15,33,4,12,50,55,37,6,11,8,34,7,6,-20,16,30,40,5,32,34,34,37,47,55,14,10,-20,-20,-20,175,20,45,9,58,41,16,4,7,13,34,13,16,4,14,39,11,11,33,61,20,7,40,32,22,-20,-20,-20,17,31,12,13,10,13,26,7,12,10,19,23,-20,6,31,28,10,-20,24,19,9,13,19,16,12,19,54,17,13,17,98,13,12,8,11,7,18,20,24,16,27,16,12,4,9,11,12,16,7,8,11,-20,11,10,7,7,19,39,15,8,11,9,13,25,14,15,13,9,10,14,8,13,8,7,18,9,15,16,31,10,15,20,39,16,17,49,21,11,17,14,14,11,-20,7,19,7,15,7,11,12,11,24,18,66,22,10,17,9,9,7,22,-20,12,10,-20,24,9,26,9,7,12,17,-20,9,10,12,11,19,6,3,13,49,27,33,22,10,11,10,20,9,18,10,19,9,15,22,8,14,29,5,28,8,18,14,14,10,15,47,6,21,15,15,7,-20,-20,9,11,27,36,31,44,5,35,36,13,19,40,32,14,11,43,9,4,-20,14,9,10,27,-20,3,6,-20,11,-20,8,18,-20,21,14,6,19,14,23,43,24,10,7,14,12,28,8,42,12,9,45,49,17,28,7,-20,18,111,18,18,8,-20,11,8,17,10,22,36,31,18,53,28,27,35,33,28,26,9,29,-20,16,28,11,17,16,12,-20,7,18,13,30,19,23,26,5,12,59,22,23,13,10,19,12,31,20,23,21,11,9,11,16,14,15,69,31,36,13,3,19,18,22,-20,48,28,30,27,-20,-20,20,61,53,14,5,3,26,70,10,3,-20,10,13,59,16,26,25,37,32,20,32,5,14,11,52,26,24,24,-20,12,15,14,18,18,23,20,14,11,18,14,4,11,-20,9,12,7,20,28,13,14,-20,22,25,12,15,19,8,14,39,22,23,31,11,19,17,18,15,17,10,24,19,15,25,17,17,9,18,24,29,41,16,-20,9,26,20,21,36,28,8,19,15,20,13,23,6,9,17,18,19,18,9,30,10,25,9,14,7,9,28,13,8,10,8,17,6,9,9,15,27,22,22,14,6,8,8,12,7,15,7,20,13,10,8,21,13,9,10,8,10,-20,8,14,6,10,9,9,11,15,19,-20,-20,11,8,22,5,7,12,8,12,5,6,13,8,16,10,-20,8,9,10,10,13,11,14,17,7,8,6,14,-20,8,10,27,-20,8,13,3,-20,-20,-20,-20,9,10,17,5,22,8,6,9,11,13,7,18,18,9,10,19,14,15,7,16,13,15,24,20,12,18,17,11,6,-20,15,9,11,17,6,16,7,7,5,9,8,-20,10,11,19,4,14,9,7,12,13,13,11,7,12,8,4,4,31,16,9,9,16,19,25,9,93,-20,29,30,10,21,26,14,25,26,24,23,15,18,9,26,20,23,26,15,17,17,38,6,23,15,11,19,11,38,17,20,16,23,16,22,18,13,10,14,15,4,3,-20,-20,16,13,5,18,8,20,-20,19,17,13,8,9,15,31,21,13,10,12,17,7,15,4,19,59,22,17,13,24,13,3,12,9,24,-20,11,9,11,16,6,8,15,6,9,5,-20,9,16,5,11,11,12,24,21,7,30,-20,13,8,-20,11,13,11,31,23,11,6,10,7,11,18,5,44,-20,8,17,7,9,6,14,12,20,13,8,15,10,11,7,-20,16,6,16,12,18,6,7,10,8,6,6,12,7,16,3,-20,6,7,20,15,13,6,18,29,22,6,12,14,25,11,10,4,3,12,-20,17,5,20,6,-20,7,6,8,18,7,9,10,13,24,-20,-20,10,10,6,9,-20,7,10,10,7,7,-20,4,8,12,3,8,8,13,-20,12,9,6,3,8,6,12,7,-20,4,12,10,9,-20,12,10,12,18,13,46,36,9,24,30,19,23,28,30,37,-20,75,64,31,37,8,6,-20
"chr1,13050811",7,8,9,12,-20,5,8,-20,6,4,8,13,30,28,26,27,29,18,88,55,51,11,49,50,46,35,24,29,9,5,11,14,15,7,69,60,42,22,16,8,19,32,13,15,11,44,-20,66,13,16,18,27,44,41,33,25,62,-20,20,29,31,31,26,27,27,19,22,50,37,18,43,19,22,33,23,71,19,11,-20,16,-20,19,26,8,12,41,25,45,39,16,22,29,45,33,32,31,16,51,-20,58,27,30,7,17,31,40,8,44,49,10,13,7,31,36,17,5,39,17,-20,7,5,9,13,8,42,-20,5,49,9,12,29,4,11,5,43,51,45,6,20,19,9,9,-20,10,40,6,9,50,10,-20,6,12,19,30,12,14,5,-20,79,22,8,7,-20,-20,7,-20,11,4,-20,8,49,43,18,15,11,30,14,26,15,68,24,24,-20,-20,59,-20,10,21,5,9,34,27,-20,-20,-20,25,13,13,30,10,11,15,42,29,29,12,23,69,6,31,23,-20,20,37,18,-20,50,9,15,12,-20,8,15,-20,12,23,14,18,31,33,37,27,34,27,11,11,13,11,17,13,33,15,18,31,14,-20,11,9,14,22,11,22,-20,-20,-20,-20,17,18,14,15,-20,29,-20,-20,3,16,22,3,27,-20,-20,27,15,37,19,9,46,-20,13,39,-20,-20,7,30,15,20,4,4,11,5,15,33,4,11,51,54,37,6,11,9,35,7,6,-20,17,30,41,5,31,33,32,34,47,55,13,10,-20,-20,-20,172,20,41,8,53,41,15,4,7,13,33,12,14,4,14,38,11,12,33,58,20,7,41,33,22,-20,-20,-20,16,29,11,12,10,12,26,7,12,10,18,22,-20,6,30,27,10,-20,22,19,11,13,20,15,12,19,56,15,14,17,97,14,14,8,11,7,18,21,24,17,25,15,11,4,9,10,12,16,7,8,12,-20,10,10,7,7,19,36,15,8,11,10,13,25,14,15,13,10,13,14,8,12,8,8,19,10,15,17,31,8,14,21,36,16,14,47,21,10,16,14,14,12,-20,7,19,7,15,8,13,15,11,23,24,70,24,10,16,11,10,7,21,-20,12,10,-20,24,9,25,9,7,12,20,-20,9,10,12,9,19,5,4,13,52,25,32,18,11,12,10,21,10,18,9,21,8,16,23,6,15,26,7,27,8,19,15,13,10,14,44,6,21,15,13,6,-20,-20,8,11,27,36,29,44,6,34,34,13,18,41,33,13,11,40,10,4,-20,13,7,9,29,-20,-20,7,-20,10,-20,8,19,-20,21,14,6,18,15,23,43,24,9,7,15,12,28,7,43,11,10,46,46,16,28,7,-20,17,112,19,18,7,-20,11,7,17,9,21,36,31,18,54,26,26,37,35,28,27,10,27,10,16,31,10,18,17,11,-20,7,17,13,33,20,22,25,5,12,60,23,24,13,10,20,12,27,20,23,21,11,9,10,16,14,16,71,30,35,12,3,19,16,21,-20,50,28,29,28,-20,-20,19,61,53,14,5,3,25,69,9,3,-20,11,13,61,16,27,23,39,32,21,32,5,14,11,50,22,25,24,3,12,15,14,18,18,24,20,14,9,21,14,5,12,-20,9,12,5,20,27,14,13,-20,22,26,12,18,19,7,14,38,23,24,31,10,20,18,18,15,18,11,23,23,15,-20,17,16,9,18,24,24,44,15,9,9,27,22,21,36,27,7,20,15,22,13,22,5,10,16,18,20,17,9,30,10,25,9,14,7,8,30,13,8,12,7,17,6,-20,9,16,30,23,22,13,6,8,9,11,9,15,7,19,16,10,8,19,13,9,10,8,10,-20,-20,14,6,10,9,8,11,15,21,-20,-20,11,8,22,5,8,13,7,12,5,6,13,8,15,11,-20,9,9,10,10,13,10,16,17,7,6,5,14,-20,7,10,28,-20,8,12,3,-20,-20,-20,-20,9,9,15,5,21,9,5,9,11,14,7,18,17,11,10,18,14,16,7,16,14,15,23,22,12,18,19,11,6,-20,15,9,11,19,7,16,7,7,5,9,8,-20,10,11,19,5,13,9,8,13,14,13,10,8,13,8,4,4,33,16,9,13,16,19,24,9,95,-20,28,30,11,21,28,15,25,27,24,23,15,19,10,26,21,22,29,15,17,17,38,5,22,16,11,21,11,38,19,20,16,24,16,23,18,13,11,15,16,5,3,-20,-20,16,13,6,18,8,20,-20,18,16,14,7,10,15,30,22,13,11,13,18,9,15,3,19,61,-20,18,13,23,13,3,12,8,23,8,11,9,11,17,4,7,14,6,9,5,-20,9,14,5,10,11,12,23,20,7,30,-20,13,8,-20,10,15,11,32,23,11,7,11,6,12,17,5,45,-20,7,18,7,9,6,15,10,20,13,9,15,10,12,7,-20,18,6,16,12,17,6,8,10,8,6,6,11,7,16,5,-20,6,9,21,15,12,6,16,34,21,6,10,13,24,11,10,-20,5,9,-20,19,7,18,5,-20,8,6,8,23,6,6,11,12,23,-20,-20,10,13,5,9,-20,-20,8,11,7,7,-20,4,8,13,-20,-20,9,12,5,10,7,6,3,9,7,11,7,-20,6,13,13,8,5,15,9,8,18,13,41,34,9,25,31,18,23,29,30,37,-20,75,65,31,37,7,-20,-20
"chr1,13050813",7,8,9,11,-20,4,9,-20,6,4,8,12,30,29,28,27,29,19,87,54,49,9,51,51,47,36,24,29,8,5,11,14,14,6,69,59,41,24,15,9,16,31,13,15,11,45,7,66,14,16,18,27,43,44,31,26,63,-20,21,30,32,31,26,28,26,20,22,48,39,19,42,18,24,35,24,69,20,9,-20,15,-20,19,26,8,12,41,26,48,40,16,22,29,50,34,32,30,16,49,-20,56,27,29,7,16,32,40,9,47,42,10,12,7,31,35,14,5,39,16,-20,7,5,9,14,7,42,-20,5,50,10,11,28,5,13,5,44,50,43,6,20,19,9,8,-20,12,40,6,6,52,10,-20,6,12,18,34,12,14,5,-20,80,21,8,7,-20,-20,7,-20,11,5,-20,8,52,41,18,15,11,32,14,26,15,68,23,24,-20,-20,60,-20,10,20,5,9,34,27,-20,-20,-20,25,14,14,25,8,8,15,42,27,29,13,20,70,6,31,23,-20,20,41,14,-20,49,8,14,10,-20,7,15,-20,12,22,15,18,31,33,38,28,32,26,11,12,12,11,13,14,33,14,17,31,14,-20,11,9,13,21,13,22,-20,-20,-20,-20,18,19,15,15,-20,29,-20,-20,3,15,23,3,27,-20,-20,29,16,39,19,11,47,-20,14,37,-20,-20,7,30,15,20,5,4,11,5,15,31,3,11,57,54,38,6,10,-20,33,7,6,-20,17,30,42,5,28,30,32,35,47,58,12,11,-20,-20,-20,170,20,40,8,52,27,17,6,8,13,33,12,14,4,13,38,12,12,33,60,20,6,41,32,22,-20,-20,-20,16,28,12,12,11,12,26,7,12,9,16,22,-20,7,31,26,9,-20,24,19,11,11,21,14,11,19,61,16,14,17,96,14,15,7,11,7,19,21,25,17,26,15,11,4,8,10,12,16,7,10,12,-20,10,10,7,7,19,36,15,8,11,10,14,26,16,14,14,10,13,13,8,11,8,8,18,10,15,17,31,8,15,18,35,15,15,44,21,13,15,14,13,10,-20,7,18,7,15,8,11,15,10,24,23,67,23,9,16,10,10,6,22,-20,13,9,-20,24,8,23,9,7,12,20,-20,9,10,13,-20,19,5,5,13,52,23,31,18,10,12,10,22,12,17,9,22,9,16,22,6,14,24,6,26,9,18,15,13,10,15,44,5,22,14,13,5,-20,-20,8,11,30,37,28,44,6,35,33,13,16,40,33,12,8,40,10,4,-20,14,6,9,28,-20,-20,7,-20,10,-20,7,21,-20,22,16,6,18,14,23,41,23,9,7,17,12,28,6,42,11,10,46,39,18,28,7,-20,18,108,18,17,8,-20,11,7,15,10,19,34,33,18,56,26,25,37,30,27,25,9,27,8,15,27,10,19,15,10,-20,7,16,13,29,21,18,25,5,12,61,21,24,12,9,17,11,26,18,21,21,13,9,10,14,14,18,70,31,36,12,4,20,17,21,-20,50,28,29,-20,-20,-20,17,59,55,14,5,3,24,69,9,3,-20,11,13,61,15,29,24,38,28,20,37,5,13,10,51,25,26,25,-20,12,15,13,18,18,22,18,14,8,19,14,6,14,-20,9,13,4,20,22,11,13,-20,20,26,11,18,16,7,12,37,22,21,32,9,18,19,18,15,19,10,23,23,15,30,20,15,10,20,23,23,38,14,8,8,26,21,17,34,25,7,20,14,21,11,22,4,-20,15,18,20,16,9,31,10,22,8,15,7,7,30,12,5,14,7,15,6,-20,8,17,25,20,21,13,6,8,9,12,9,14,8,19,15,11,9,18,11,11,9,5,11,3,8,13,7,10,8,6,12,15,18,-20,3,11,8,21,4,8,13,7,11,5,6,11,8,16,11,-20,9,9,10,10,11,10,13,18,7,8,4,14,-20,7,11,27,-20,7,10,3,-20,-20,-20,-20,7,7,11,6,21,9,5,7,9,14,8,17,16,11,9,17,15,16,7,14,14,14,24,21,11,14,18,10,7,-20,13,9,10,18,7,14,6,7,5,9,8,-20,10,10,16,5,15,8,8,13,15,15,10,8,13,8,3,4,32,16,9,13,19,19,21,9,97,-20,24,29,10,22,28,16,23,23,24,21,15,19,11,21,22,20,26,14,12,16,34,5,19,13,10,22,10,39,20,18,16,23,17,28,17,11,9,13,13,5,3,-20,-20,16,12,7,18,8,20,-20,16,16,-20,6,10,15,28,19,11,13,12,18,9,15,-20,18,64,21,17,13,24,12,3,12,8,21,8,12,7,11,17,4,6,14,7,9,5,-20,9,14,4,10,8,12,23,19,6,28,-20,13,6,-20,6,15,10,32,22,11,9,10,5,12,16,5,46,-20,7,20,7,9,4,14,10,19,13,9,14,7,13,7,6,18,6,16,10,18,7,9,10,8,6,4,12,7,15,5,-20,6,9,20,13,11,6,15,32,22,-20,13,14,27,13,9,6,6,13,-20,19,7,15,-20,5,6,7,8,20,8,5,11,11,23,-20,-20,9,12,4,8,3,7,10,11,9,7,2,4,8,12,5,11,8,14,5,8,7,6,-20,10,7,12,5,-20,6,12,13,9,-20,13,9,12,-20,13,41,34,9,23,32,18,22,28,28,38,-20,75,62,31,36,6,-20,-20
"chr1,13050814",7,7,9,11,-20,4,9,-20,6,4,8,12,30,29,28,27,29,21,86,54,48,9,51,51,45,36,25,29,8,5,10,13,12,6,69,59,41,23,16,9,16,32,13,16,12,47,7,66,13,15,18,25,45,44,33,26,62,-20,23,31,33,31,27,29,26,21,22,49,39,20,41,17,22,34,23,66,20,9,-20,13,-20,19,26,6,13,41,27,49,39,16,21,30,49,33,31,30,16,51,-20,56,25,29,7,18,33,42,9,46,42,10,13,6,32,37,14,5,39,17,-20,7,5,9,14,7,41,-20,6,51,10,10,28,5,14,5,44,51,41,6,20,18,9,8,-20,12,40,6,6,52,9,-20,6,13,18,34,12,13,4,-20,81,21,8,7,-20,-20,7,-20,11,5,-20,8,53,42,18,14,10,34,15,27,15,68,23,24,-20,-20,60,-20,11,21,5,9,35,27,-20,-20,-20,25,15,14,24,8,7,15,50,30,29,13,19,72,6,31,23,-20,20,42,14,-20,49,8,14,12,-20,7,15,-20,12,22,15,18,31,34,39,27,31,26,11,11,9,12,13,13,34,14,17,31,14,-20,11,8,13,21,15,22,-20,-20,-20,-20,19,20,13,14,-20,30,-20,-20,3,15,23,3,28,-20,-20,29,17,38,19,11,47,-20,14,37,-20,-20,7,32,15,20,5,4,12,5,15,32,3,10,57,54,38,6,11,6,33,7,6,-20,16,30,42,5,28,30,33,35,46,57,11,11,-20,-20,-20,172,20,41,8,53,29,17,6,8,13,32,13,14,4,13,37,12,12,34,60,19,6,41,32,23,-20,-20,-20,16,28,12,13,11,13,26,7,12,9,15,22,-20,7,30,27,9,-20,26,19,12,11,22,13,12,19,60,16,14,16,96,14,15,7,11,7,20,23,25,18,25,15,11,4,8,-20,12,16,7,10,12,-20,11,10,7,7,19,36,15,8,11,10,16,26,16,14,15,10,13,13,8,10,8,8,18,12,15,17,30,8,14,19,35,15,15,43,21,13,15,14,13,8,-20,7,19,8,15,8,11,15,10,25,24,67,23,8,16,10,10,7,22,-20,13,9,-20,25,8,23,9,7,12,21,-20,9,11,13,10,20,5,5,13,51,24,32,17,10,12,10,22,12,18,7,22,9,16,24,6,13,21,6,27,9,17,15,13,10,14,43,5,22,14,12,5,-20,-20,8,11,31,37,29,45,6,35,34,13,16,41,33,14,6,41,10,4,-20,13,6,10,29,-20,-20,7,-20,11,-20,7,20,-20,21,16,6,18,14,23,42,23,9,7,16,12,28,5,43,12,11,46,40,18,28,6,-20,19,113,19,17,9,-20,11,7,15,10,19,33,31,18,56,27,25,37,28,27,26,-20,26,-20,15,28,12,19,15,10,-20,7,16,13,25,21,18,21,5,12,60,18,24,11,8,16,11,25,18,21,20,13,9,8,14,14,17,68,31,37,11,3,20,16,20,-20,48,27,29,27,-20,-20,17,61,53,14,5,3,25,71,9,3,-20,11,13,61,15,29,23,38,29,20,37,5,13,10,52,25,27,27,-20,11,13,13,18,18,21,18,14,8,18,14,6,13,-20,9,13,4,19,21,10,13,-20,21,26,11,18,16,7,11,-20,21,17,32,9,17,19,18,15,19,9,23,22,15,31,20,14,10,20,22,21,37,14,8,8,26,20,17,34,25,5,20,13,21,9,21,4,9,15,17,19,16,13,30,10,22,8,15,5,7,30,13,4,13,-20,15,5,-20,8,17,23,20,22,11,6,8,9,13,9,15,9,19,15,11,9,17,11,11,9,5,10,3,7,13,7,10,9,4,11,14,17,3,3,10,8,21,3,8,13,7,11,5,6,10,8,16,11,-20,9,8,10,10,11,10,13,18,7,8,4,14,-20,7,11,27,-20,6,8,3,-20,-20,-20,-20,7,7,11,6,21,9,5,7,8,14,8,17,17,10,8,17,15,15,7,15,14,14,24,21,11,13,18,10,7,-20,12,9,8,17,7,14,6,7,5,10,7,-20,10,10,16,5,15,8,8,13,15,15,10,7,13,9,3,4,32,16,9,12,20,20,21,9,94,-20,24,29,9,22,26,16,21,22,24,21,15,19,11,20,20,19,27,14,12,17,34,5,18,12,10,22,10,42,20,17,16,23,17,27,16,11,8,12,13,5,3,-20,-20,17,10,7,18,8,20,-20,16,16,15,6,-20,14,28,18,11,13,12,18,9,15,-20,18,65,21,17,13,23,12,-20,11,8,21,8,12,7,11,16,4,5,14,7,8,5,-20,9,15,4,9,8,12,22,19,6,27,-20,13,6,-20,5,15,10,29,22,11,-20,10,4,12,16,5,44,-20,7,20,7,9,4,14,10,19,12,9,12,7,12,7,6,18,6,15,10,17,7,9,10,8,6,4,11,7,15,-20,-20,6,8,20,13,11,6,15,32,22,-20,15,15,24,12,7,6,6,16,-20,18,5,18,7,3,4,7,8,23,8,5,10,14,20,-20,-20,10,13,4,8,-20,9,9,11,9,7,4,5,8,12,4,10,10,15,5,10,7,5,-20,11,7,12,8,-20,6,11,13,8,5,14,9,10,19,13,41,33,9,24,31,18,22,28,28,38,-20,75,63,30,35,6,-20,3
"chr1,13050816",7,7,9,11,-20,4,9,-20,6,4,8,12,31,28,28,27,28,21,87,52,46,9,50,50,47,37,25,27,8,5,10,13,12,6,70,61,42,22,16,9,16,31,12,16,13,51,6,68,13,14,18,25,44,45,32,26,65,-20,24,33,33,32,29,28,24,20,23,49,39,20,42,18,23,34,23,62,20,9,-20,13,-20,19,25,7,13,39,27,49,40,16,20,30,49,35,31,29,16,51,-20,55,25,28,7,17,35,42,9,46,42,10,12,6,31,37,13,5,40,17,-20,7,5,9,14,7,40,-20,5,50,10,10,28,5,14,5,43,54,40,6,20,18,9,8,-20,12,40,6,6,53,9,-20,5,13,20,33,12,14,4,-20,80,18,7,7,-20,-20,7,-20,11,5,-20,8,52,40,18,14,10,34,16,28,15,65,23,23,-20,-20,59,-20,12,21,7,10,36,26,-20,-20,-20,27,15,15,25,8,7,15,50,29,28,13,19,71,5,30,23,-20,20,39,14,-20,51,8,15,12,-20,7,15,-20,10,22,16,19,29,35,40,28,31,25,11,11,9,12,13,15,34,14,17,32,14,-20,10,7,12,20,17,20,-20,-20,-20,-20,20,20,13,14,-20,30,-20,-20,-20,17,22,3,28,-20,-20,31,16,41,20,11,47,-20,15,39,-20,-20,7,33,15,20,5,4,12,4,14,31,3,10,52,54,33,6,11,6,33,7,-20,-20,15,30,42,5,28,29,33,37,46,53,11,12,-20,-20,-20,170,21,40,8,52,29,18,6,8,13,31,13,14,4,13,38,12,11,35,61,20,6,43,33,24,-20,-20,-20,16,29,12,13,11,13,27,6,13,9,15,25,-20,8,31,26,9,-20,26,18,12,11,21,11,12,19,60,17,17,17,99,14,15,7,12,7,21,22,25,18,27,14,11,4,9,10,12,17,8,10,11,-20,12,10,8,7,21,37,16,7,12,10,15,27,15,14,16,9,13,13,8,11,8,8,18,12,15,17,30,9,13,18,36,15,14,38,20,13,15,13,11,8,-20,7,19,8,15,8,12,15,11,25,24,68,20,6,17,9,10,7,22,-20,14,9,-20,23,8,22,8,7,12,21,-20,8,9,13,10,20,5,5,13,50,24,32,18,9,11,9,22,12,18,6,23,9,16,23,6,13,21,5,25,9,18,15,13,10,13,46,4,23,14,13,5,-20,-20,8,11,32,39,30,47,6,35,35,13,16,39,31,13,6,40,10,5,-20,14,6,10,28,-20,-20,6,-20,11,-20,6,21,-20,21,16,5,20,13,26,41,23,9,7,16,12,28,5,43,10,10,46,40,20,29,6,-20,19,114,18,17,9,-20,11,7,15,11,19,31,34,14,57,27,24,37,30,24,26,9,24,7,15,28,12,19,14,10,-20,7,16,13,24,20,19,20,5,11,61,17,23,11,8,16,11,21,18,21,19,13,9,7,13,14,17,69,31,37,11,3,20,16,20,-20,52,29,29,28,-20,-20,19,63,52,14,5,3,25,72,9,5,-20,11,13,63,15,31,23,39,29,19,35,5,13,11,52,25,28,26,-20,11,13,13,18,18,20,18,14,8,18,14,6,13,-20,9,13,4,18,21,-20,13,-20,21,25,10,18,16,6,11,36,20,17,32,9,16,19,18,15,19,9,22,21,15,30,19,13,10,19,22,21,37,14,8,-20,28,20,17,33,24,4,20,13,20,-20,20,4,9,15,16,19,15,12,31,10,20,8,15,5,6,29,12,4,13,7,14,5,-20,7,17,23,21,22,11,6,8,9,13,9,14,-20,18,15,11,9,15,11,-20,8,5,10,3,6,13,7,10,8,4,11,14,16,3,3,10,8,21,3,8,13,6,11,-20,5,10,8,16,11,-20,8,8,10,10,11,10,12,18,7,8,4,14,-20,7,11,27,-20,6,8,3,-20,-20,-20,-20,7,7,11,6,19,9,5,3,8,14,8,17,17,-20,9,17,15,15,7,15,14,14,24,21,11,11,18,9,7,-20,11,9,8,17,6,13,6,7,5,8,7,-20,10,10,16,5,15,8,8,12,15,14,10,8,13,9,3,4,32,15,9,12,20,18,21,9,90,-20,24,29,9,21,26,16,21,22,23,21,15,17,11,20,20,19,27,13,12,17,35,5,16,12,10,22,10,42,20,16,16,23,16,27,16,10,7,12,12,4,3,-20,-20,16,10,7,18,8,20,-20,16,16,-20,6,10,13,28,18,11,13,12,18,9,15,-20,18,65,19,17,13,23,12,-20,11,8,20,8,12,7,11,16,3,5,13,7,8,4,-20,9,15,4,9,7,12,21,19,5,27,-20,13,6,-20,5,15,10,29,23,11,9,10,3,12,16,4,41,-20,7,20,7,9,4,14,10,19,12,9,12,6,12,7,6,17,6,15,10,17,7,8,10,7,6,4,10,7,15,5,-20,5,7,20,12,11,7,16,33,23,-20,14,16,25,12,6,6,5,13,3,21,5,17,8,4,8,7,8,18,6,5,10,11,18,-20,-20,9,12,6,8,-20,8,10,11,8,6,3,5,8,12,6,8,6,15,5,8,7,6,-20,10,7,12,8,2,8,12,14,10,6,11,9,11,19,13,41,33,9,24,31,18,22,30,28,38,-20,75,64,31,35,6,-20,3
"chr1,13050819",9,8,9,13,-20,5,10,-20,6,4,9,12,30,30,27,27,27,22,87,54,45,9,47,53,47,38,25,27,7,5,10,13,12,6,67,62,42,22,15,9,17,31,13,16,11,48,6,71,12,12,15,23,47,46,30,27,67,-20,23,34,34,31,29,26,22,20,22,48,41,23,41,19,23,33,24,61,20,8,-20,14,-20,19,26,7,16,35,27,48,40,17,20,30,46,32,31,28,19,49,-20,54,25,26,6,18,33,42,10,47,42,10,12,6,31,37,13,5,39,17,-20,5,5,9,17,6,37,-20,5,51,10,11,29,5,14,5,44,51,39,8,19,17,11,8,-20,11,40,8,6,53,9,-20,5,12,23,33,11,14,4,-20,83,17,8,7,-20,-20,8,-20,12,5,-20,8,51,42,18,13,10,34,16,29,15,74,24,22,-20,-20,59,-20,12,19,7,10,36,24,-20,-20,-20,28,16,15,24,8,8,15,51,28,31,13,19,70,5,31,22,-20,20,40,13,-20,53,8,14,12,-20,7,14,-20,10,21,16,20,28,34,40,24,30,20,10,11,5,12,12,17,33,12,17,30,14,-20,10,6,13,19,18,20,-20,-20,-20,-20,20,19,12,12,-20,30,-20,-20,-20,18,22,3,28,-20,-20,31,17,38,-20,10,52,-20,13,39,-20,-20,7,32,15,18,5,4,12,4,14,30,3,10,51,50,30,5,10,7,31,8,5,-20,15,29,38,5,28,27,36,38,46,57,11,12,-20,-20,-20,172,23,41,8,55,25,15,6,8,14,29,13,14,3,14,38,11,11,38,61,21,6,41,32,24,-20,-20,-20,16,30,11,13,10,13,26,6,12,9,15,25,-20,8,33,27,9,-20,26,18,12,11,22,10,12,19,56,17,18,16,96,12,15,7,12,7,21,22,23,17,25,13,11,4,7,10,13,18,8,10,12,-20,12,10,9,7,20,37,14,6,12,11,15,27,15,14,16,10,16,12,8,10,9,11,18,12,15,14,31,10,13,18,34,15,14,36,21,12,15,12,12,10,-20,6,18,10,15,8,12,14,12,22,24,67,20,5,15,9,10,7,23,-20,13,9,-20,24,9,20,8,5,12,22,-20,8,9,12,10,20,3,6,13,49,25,31,19,9,12,8,22,12,18,7,23,8,15,23,6,13,21,5,24,9,19,15,13,10,13,45,4,21,13,13,5,-20,-20,6,11,30,43,30,46,6,36,34,11,18,40,29,13,6,42,8,5,-20,14,6,10,27,-20,-20,7,-20,11,-20,6,23,-20,21,16,5,21,14,27,36,23,9,7,15,11,24,5,41,11,10,47,41,21,29,6,-20,18,116,17,16,10,-20,11,7,15,12,19,30,35,15,58,26,23,35,31,23,24,9,24,10,15,32,12,19,15,10,-20,7,18,12,26,19,22,21,6,14,63,18,25,10,8,15,11,21,19,21,19,13,9,7,13,14,19,70,31,37,10,3,19,13,19,-20,53,26,28,27,-20,-20,18,64,50,14,6,3,24,70,9,6,-20,14,14,63,15,28,25,36,29,19,35,5,13,11,53,18,30,25,-20,11,13,14,18,16,20,18,17,7,20,-20,7,15,-20,8,14,4,19,23,15,13,-20,22,29,10,16,17,6,11,42,22,18,33,13,20,18,19,15,17,9,-20,24,18,30,18,14,11,19,21,21,38,15,7,7,29,21,19,35,27,3,20,15,20,13,19,3,9,15,14,19,16,13,33,11,19,8,15,5,8,29,12,-20,13,5,18,7,-20,7,17,28,22,22,10,4,8,9,14,8,17,9,17,18,10,10,16,11,11,7,5,10,3,6,13,10,10,9,4,15,14,18,2,3,10,9,20,3,10,14,6,12,-20,-20,10,9,16,13,-20,7,8,11,10,11,11,11,17,7,10,4,13,-20,6,11,32,-20,5,7,3,-20,-20,-20,-20,7,6,13,5,19,9,6,3,9,15,8,16,18,8,10,18,13,19,7,14,14,17,27,19,11,16,16,9,8,7,11,9,8,17,5,13,5,6,5,10,6,-20,9,10,15,5,14,9,9,12,15,14,10,8,14,12,3,5,31,15,8,15,19,17,23,9,91,-20,23,29,7,21,27,18,22,23,24,21,15,17,14,20,19,19,26,15,13,17,34,4,17,13,9,22,11,40,20,17,17,24,15,25,17,11,9,12,13,7,3,-20,7,17,10,8,18,7,19,-20,18,18,-20,5,10,14,27,20,11,13,13,18,10,14,-20,17,64,19,15,13,22,11,-20,11,6,21,8,12,7,12,17,-20,6,14,7,8,-20,4,8,16,4,9,7,13,20,19,4,29,-20,12,8,-20,5,15,10,29,21,11,9,11,3,-20,18,4,41,-20,7,23,10,9,4,13,10,20,12,9,12,6,13,7,6,18,6,15,11,17,8,8,10,9,5,-20,10,8,15,6,-20,4,8,20,11,11,4,15,31,23,-20,12,17,24,12,-20,6,5,13,4,18,6,14,7,-20,6,6,8,21,9,-20,10,11,18,-20,-20,6,12,7,8,-20,9,11,11,6,6,-20,3,8,13,5,9,6,12,-20,10,5,-20,-20,10,6,10,8,2,8,9,17,-20,-20,16,9,10,18,13,43,34,9,24,33,17,20,31,28,36,-20,75,64,31,36,4,-20,3
"chr1,13050820",9,8,9,13,-20,5,11,-20,6,4,10,12,29,30,26,27,27,22,88,53,44,10,50,51,47,39,24,27,6,6,10,13,13,6,66,64,43,21,15,9,18,30,11,16,11,48,6,70,12,11,12,23,47,46,27,27,68,-20,23,33,33,31,29,26,22,20,22,46,40,23,41,19,23,33,25,58,21,8,-20,16,-20,19,27,7,16,37,26,48,39,17,19,29,46,33,31,28,18,51,-20,52,26,26,6,18,33,42,10,47,42,10,13,6,32,38,13,5,39,17,2,5,5,9,17,6,37,-20,5,51,10,11,29,5,16,-20,44,50,39,8,19,17,11,8,-20,12,43,8,7,52,9,-20,-20,12,23,33,11,14,6,-20,81,17,9,7,-20,-20,8,-20,13,-20,-20,8,53,41,18,13,11,34,16,26,16,75,24,23,-20,-20,59,-20,13,19,-20,10,36,21,-20,-20,-20,28,16,15,25,8,8,15,51,27,31,13,19,67,5,32,20,-20,20,43,13,-20,48,7,15,11,-20,7,14,-20,10,20,17,21,28,35,39,24,30,20,11,10,5,25,12,18,33,12,17,30,14,-20,10,6,13,19,18,20,-20,-20,-20,-20,20,19,12,11,-20,30,-20,-20,-20,18,22,3,29,-20,-20,31,17,39,22,10,51,-20,13,38,-20,-20,7,32,16,15,5,4,12,4,14,29,3,9,50,47,31,5,10,8,-20,8,5,-20,16,29,39,5,28,27,36,37,46,56,11,12,-20,-20,-20,167,22,40,8,54,25,16,6,8,14,29,13,15,3,14,38,11,11,38,60,21,-20,42,32,24,-20,-20,-20,15,29,12,13,9,12,27,6,12,9,15,24,-20,8,34,27,9,-20,26,18,12,11,22,11,12,19,55,17,18,15,96,11,15,6,12,7,22,22,23,17,25,12,11,5,7,10,14,18,8,9,12,-20,12,10,9,7,20,37,14,6,11,11,15,27,15,13,15,10,17,11,8,10,9,11,18,12,15,14,31,11,13,17,33,15,14,34,20,12,16,12,12,11,-20,6,18,-20,15,8,13,14,13,23,24,65,19,4,15,9,11,7,22,-20,13,9,-20,22,-20,20,8,5,12,22,-20,8,10,10,10,19,3,6,13,50,25,31,19,9,12,8,22,12,18,7,22,8,15,24,6,13,21,4,24,9,19,15,13,10,13,45,4,21,13,13,5,-20,-20,6,11,32,42,30,45,6,36,33,11,18,40,29,13,6,41,8,-20,-20,12,6,10,27,-20,-20,-20,-20,11,-20,6,23,-20,20,16,5,22,15,27,36,22,9,7,15,12,24,5,43,11,11,48,40,21,27,6,-20,17,118,17,15,10,-20,11,8,15,11,19,29,35,15,57,26,23,34,31,23,24,10,23,11,17,30,12,19,15,9,-20,7,18,13,31,17,21,26,6,14,65,17,25,10,8,16,11,-20,19,21,21,13,9,10,12,14,19,71,30,37,10,3,18,-20,19,-20,51,27,28,28,-20,-20,18,63,52,14,6,3,24,70,9,6,-20,14,14,64,15,27,27,36,29,18,35,5,13,11,53,18,30,26,-20,11,12,14,17,16,20,18,16,7,20,14,7,16,-20,8,13,4,18,25,17,15,-20,20,29,10,16,17,6,11,40,21,20,33,13,18,19,19,18,18,10,22,26,20,30,18,15,12,19,22,21,38,17,6,7,30,21,19,35,26,3,21,14,21,13,20,3,10,15,14,18,17,13,33,11,20,7,17,5,9,27,13,-20,14,4,17,7,-20,7,18,28,24,20,9,4,9,9,15,9,17,9,18,18,10,10,15,10,12,7,5,11,4,7,13,10,10,9,3,15,15,20,2,-20,11,9,22,3,11,14,6,12,-20,-20,11,8,16,14,-20,8,8,11,8,13,11,11,16,7,11,4,13,-20,6,11,32,-20,4,7,3,-20,-20,-20,-20,7,6,13,5,20,10,6,4,10,14,8,16,20,8,11,16,13,19,7,14,14,16,30,19,11,16,17,9,8,7,11,10,7,17,5,14,7,6,6,11,7,-20,11,10,16,5,14,9,9,12,14,13,10,8,14,12,3,5,30,15,7,15,19,17,23,9,90,-20,24,30,6,21,28,18,23,21,24,21,17,16,15,19,19,18,25,16,14,17,34,4,18,13,9,22,11,41,19,17,18,24,15,26,17,13,9,12,13,7,3,-20,7,17,11,8,19,-20,20,-20,19,18,17,4,10,14,26,20,9,12,13,15,11,16,-20,17,62,18,16,14,23,10,-20,12,6,20,9,11,8,12,16,-20,6,15,8,8,-20,4,9,15,5,9,8,13,21,18,3,30,-20,10,8,-20,5,15,9,30,21,12,9,13,3,12,18,4,43,-20,7,23,10,9,4,13,10,20,10,10,13,6,14,7,6,18,6,15,10,19,9,9,10,9,5,-20,10,8,15,7,-20,4,8,20,11,12,5,14,30,21,-20,13,15,27,12,-20,6,7,13,4,16,6,16,7,-20,3,5,8,21,9,5,8,11,17,-20,-20,8,11,7,8,-20,-20,10,-20,10,6,-20,3,8,10,6,12,8,12,4,13,6,-20,-20,12,5,12,6,-20,8,10,14,9,4,11,-20,7,18,13,43,35,9,24,32,17,20,31,28,35,-20,75,64,29,35,-20,-20,-20
"chr1,13050823",10,9,9,13,-20,5,12,-20,6,6,9,11,30,30,25,27,26,22,87,56,43,10,53,52,44,39,23,27,-20,7,11,12,13,6,66,64,42,20,14,10,20,32,9,16,10,49,7,71,12,10,11,20,50,46,31,27,65,-20,27,33,32,31,30,27,23,20,21,47,39,24,41,19,24,33,26,59,21,7,-20,17,-20,19,27,8,16,38,26,51,37,16,18,30,45,34,32,28,18,52,-20,55,27,27,6,19,33,40,14,47,44,9,13,7,33,41,13,5,41,17,4,6,6,12,19,8,40,-20,5,49,11,12,30,5,16,6,48,49,40,7,19,19,12,8,-20,12,44,9,7,53,9,-20,-20,12,25,32,11,14,6,-20,80,24,10,9,-20,-20,8,-20,15,5,-20,8,54,42,23,12,13,35,16,25,14,80,21,24,-20,-20,60,-20,14,19,9,14,36,22,-20,-20,-20,27,17,15,26,8,11,15,49,30,32,13,19,59,5,32,20,-20,23,46,13,-20,52,7,18,12,-20,6,17,-20,10,20,17,29,31,33,41,23,29,20,11,9,5,25,11,19,32,11,16,30,12,-20,10,5,13,18,20,20,-20,-20,-20,-20,19,19,12,12,-20,35,-20,-20,-20,18,23,3,29,-20,-20,31,17,39,25,10,51,-20,13,39,-20,-20,7,34,16,16,5,6,12,4,15,29,3,11,57,47,35,6,11,11,33,8,5,-20,15,30,40,5,29,29,35,40,43,58,12,12,-20,-20,-20,166,21,40,10,57,25,18,7,10,14,27,13,15,3,14,38,13,11,38,63,21,6,43,31,25,-20,-20,-20,15,30,12,14,10,13,27,6,15,9,13,25,-20,8,37,27,9,-20,24,19,12,12,22,13,12,20,53,17,19,16,94,12,15,6,12,6,22,23,24,16,26,12,11,5,8,9,14,19,8,10,12,-20,14,8,9,7,20,38,14,7,11,11,16,28,15,14,16,9,18,11,9,10,9,11,19,12,14,15,32,12,13,16,32,16,14,25,19,12,17,12,12,11,-20,6,18,9,14,8,13,14,13,24,26,63,16,4,15,9,11,7,22,-20,13,9,-20,25,9,18,8,-20,14,22,-20,8,11,11,11,21,3,7,15,48,24,30,20,10,12,8,23,12,18,7,22,9,16,22,6,13,22,6,23,9,19,15,13,10,12,45,-20,22,13,14,5,-20,-20,6,11,32,38,29,48,6,36,32,11,18,39,28,14,6,39,8,5,-20,12,7,11,28,-20,-20,7,-20,12,-20,6,23,-20,21,15,6,22,15,25,34,21,10,-20,14,12,24,5,45,12,11,46,40,20,24,5,-20,16,121,17,15,9,-20,11,8,13,11,19,30,34,14,55,25,23,35,30,22,24,9,21,13,18,33,12,20,16,12,-20,9,17,13,33,18,23,28,7,17,71,17,26,10,8,17,12,21,20,22,22,13,10,11,12,15,19,76,29,36,9,3,21,13,18,-20,54,27,27,29,-20,-20,16,66,53,12,6,3,24,71,9,6,-20,15,13,66,15,27,28,38,25,19,34,5,11,14,52,21,29,27,-20,11,13,16,21,16,21,19,18,7,21,15,9,17,-20,7,15,4,19,26,17,16,-20,20,30,10,17,20,6,15,43,21,19,37,15,20,19,20,20,21,10,24,26,21,32,18,13,14,20,24,24,38,18,-20,7,30,22,21,35,27,-20,23,15,21,15,20,3,11,17,14,19,19,14,34,11,21,6,17,-20,9,27,16,-20,15,-20,19,7,-20,7,19,30,26,22,9,6,9,10,16,9,17,9,19,19,11,10,15,12,13,9,5,11,4,7,14,-20,10,10,-20,16,15,20,3,-20,14,9,22,4,12,15,6,12,10,6,12,8,17,15,-20,8,10,11,8,14,14,13,18,8,10,5,14,-20,7,11,31,-20,4,6,3,-20,-20,-20,-20,7,-20,15,6,20,11,6,4,8,13,9,16,21,8,12,16,13,19,7,14,15,16,31,21,14,16,17,9,8,6,12,12,7,19,5,14,8,7,6,13,8,-20,13,12,17,5,15,9,9,12,14,12,10,9,15,12,-20,6,32,17,7,16,19,18,21,9,91,-20,24,31,6,22,29,19,24,27,24,22,18,17,16,20,20,18,27,15,17,17,34,4,19,14,9,24,11,43,21,18,19,27,15,30,19,15,10,12,14,12,3,-20,9,19,12,8,20,10,21,-20,21,19,17,4,10,14,27,21,9,12,14,15,11,16,-20,18,63,18,17,15,23,10,-20,12,6,20,10,12,9,12,16,3,8,15,8,8,-20,4,10,16,6,10,9,13,23,20,-20,34,10,11,9,-20,5,14,10,32,20,12,11,13,3,12,18,4,44,-20,9,24,13,10,4,13,10,20,10,10,13,6,14,7,6,20,6,14,12,19,10,9,11,10,5,-20,11,10,18,7,-20,3,8,19,11,11,5,12,34,21,-20,8,13,26,10,-20,6,-20,14,-20,18,4,15,7,-20,4,7,9,22,8,5,7,11,12,-20,-20,11,11,6,8,-20,7,10,10,10,6,4,3,7,14,4,14,10,10,-20,9,6,-20,-20,11,4,10,6,-20,9,12,16,10,-20,12,8,7,17,13,42,35,9,22,32,15,21,31,28,36,-20,75,67,29,40,-20,-20,-20
"chr1,13050826",10,8,9,13,-20,5,11,-20,6,6,9,8,32,28,25,27,26,23,88,58,43,9,53,53,43,41,23,28,-20,8,11,12,11,6,66,63,42,20,14,11,20,34,9,18,10,50,8,72,12,10,9,20,53,46,31,27,68,-20,26,33,31,31,31,25,22,19,21,48,42,22,41,19,25,32,24,56,21,7,-20,17,-20,19,25,7,16,35,26,49,37,17,17,29,44,34,33,29,19,47,-20,61,27,26,6,18,33,43,14,46,45,8,13,7,29,43,13,5,41,16,4,6,6,12,19,8,40,-20,5,50,11,12,31,5,16,7,50,50,37,7,18,18,12,7,-20,12,43,9,7,51,9,-20,-20,11,25,34,-20,12,-20,-20,84,24,11,9,-20,-20,9,-20,15,5,-20,8,54,42,23,12,13,34,15,26,14,81,21,24,-20,-20,62,-20,14,20,9,13,33,21,-20,-20,-20,31,18,17,26,7,10,14,47,28,34,14,19,59,5,33,-20,-20,22,43,13,-20,53,7,19,13,-20,6,18,-20,10,19,17,28,29,34,42,21,27,-20,11,9,5,25,10,19,34,11,13,30,12,-20,10,4,15,15,19,20,-20,-20,-20,-20,18,18,12,10,-20,36,-20,-20,-20,17,26,3,30,-20,-20,30,17,39,28,14,51,-20,12,40,-20,-20,7,34,16,16,7,7,12,4,13,28,3,11,57,47,34,6,11,11,33,8,5,-20,15,32,40,5,29,30,37,39,41,59,13,12,-20,-20,-20,170,20,37,10,59,25,18,7,10,14,27,13,15,3,15,36,13,11,36,69,20,6,42,29,25,-20,-20,-20,14,29,13,15,11,13,27,6,15,8,13,26,-20,9,36,29,11,-20,24,17,11,10,22,14,13,20,51,17,18,15,90,12,15,6,12,6,21,23,28,15,28,12,10,5,8,9,14,18,8,10,12,-20,16,10,9,7,20,40,16,8,12,12,16,29,15,14,17,8,18,12,10,10,9,11,19,11,13,14,32,12,10,17,33,16,14,22,19,10,17,12,11,10,-20,8,18,9,14,7,14,14,13,22,24,65,20,-20,15,9,11,7,24,-20,13,9,3,26,9,16,7,-20,14,24,-20,9,11,10,10,21,3,7,14,48,25,29,18,13,12,8,24,12,18,8,23,9,17,21,9,12,24,6,20,8,19,14,12,10,13,42,-20,22,11,13,5,-20,-20,6,11,32,40,31,46,6,36,32,11,18,41,29,14,6,39,8,5,-20,12,8,12,28,-20,-20,9,-20,11,-20,6,24,-20,20,15,6,24,15,24,34,18,10,8,14,12,24,4,46,14,11,44,43,21,25,5,-20,17,121,17,15,9,-20,11,8,14,10,17,31,36,14,55,22,21,34,29,22,25,9,21,12,18,33,11,21,16,12,-20,9,16,12,30,18,23,28,7,17,71,17,26,10,8,17,11,21,20,22,22,13,10,11,13,16,18,78,29,38,8,-20,25,12,18,-20,56,27,24,27,-20,-20,16,73,54,11,4,3,24,69,4,6,-20,15,13,65,16,27,29,38,27,19,41,5,10,14,51,22,31,27,-20,11,13,16,20,14,20,18,17,-20,20,15,9,17,-20,7,15,4,19,26,17,16,-20,20,31,10,17,21,6,15,42,20,17,36,17,20,19,18,20,21,11,23,27,21,28,18,14,14,19,23,24,38,18,-20,-20,31,20,17,32,23,-20,23,14,20,14,18,3,11,15,13,18,18,14,34,10,21,6,16,-20,9,26,16,-20,15,-20,20,8,-20,7,17,30,26,22,10,6,9,10,16,9,17,9,17,18,11,10,14,12,13,9,-20,11,5,7,14,-20,10,10,-20,15,14,20,3,-20,14,9,22,4,12,14,6,12,10,6,12,8,16,15,-20,8,10,11,8,14,15,13,18,8,10,5,14,-20,7,11,32,-20,4,5,-20,-20,-20,-20,-20,5,-20,15,6,20,10,5,3,7,12,9,16,22,8,11,16,14,20,6,15,15,17,31,21,13,16,17,9,8,3,12,12,7,20,5,12,8,8,7,14,8,-20,13,12,17,5,15,8,9,10,14,12,10,9,14,12,-20,6,32,17,7,16,19,18,19,10,89,-20,24,29,6,22,28,18,23,27,24,22,18,17,16,21,20,18,26,16,16,15,33,4,19,14,9,23,11,42,21,18,19,26,15,29,19,15,10,12,14,12,3,-20,9,19,12,9,20,10,21,-20,22,20,17,4,9,14,27,21,9,12,14,14,11,17,-20,18,63,18,17,14,23,10,-20,11,6,18,10,11,10,12,15,3,-20,15,8,8,-20,4,10,16,6,10,9,13,22,20,-20,34,9,11,9,-20,5,14,10,29,21,12,11,13,-20,12,18,4,43,-20,9,23,13,9,4,13,8,21,10,10,13,5,14,6,6,20,5,14,12,19,10,9,11,10,-20,-20,10,10,18,7,3,-20,-20,17,10,11,5,10,34,26,-20,9,13,20,12,-20,5,7,13,4,18,5,14,8,4,6,7,8,19,-20,4,5,10,14,-20,-20,8,11,6,7,-20,8,7,11,10,6,4,3,6,12,5,14,10,9,-20,7,5,-20,-20,10,6,8,6,-20,9,12,14,9,3,13,10,8,15,13,42,37,8,22,32,16,21,32,27,35,-20,75,71,27,42,-20,-20,-20
"chr1,13050830",8,-20,9,8,-20,5,12,-20,4,5,9,7,37,28,26,26,27,23,90,59,43,9,53,54,43,40,22,31,3,8,11,12,11,5,67,66,43,21,16,11,20,37,8,18,9,51,9,72,14,5,10,-20,56,40,33,26,70,-20,26,32,32,30,33,27,22,20,22,48,44,23,38,17,21,31,24,57,21,6,-20,19,-20,18,24,8,18,36,27,49,37,18,18,26,44,36,32,29,19,47,-20,61,26,27,5,15,35,40,14,45,44,11,14,8,28,44,13,5,43,18,3,5,6,11,18,7,40,-20,5,56,10,11,33,4,15,7,49,50,40,7,16,19,11,6,-20,11,42,9,5,54,7,-20,-20,11,26,32,-20,11,6,-20,86,25,12,9,-20,-20,8,-20,15,5,-20,8,52,42,23,12,11,35,14,25,15,81,23,24,-20,-20,60,-20,12,18,10,13,32,21,-20,-20,-20,28,18,18,24,8,10,14,47,28,36,16,17,63,3,33,-20,-20,28,41,12,-20,53,8,21,11,-20,-20,18,-20,-20,-20,19,30,33,35,43,-20,-20,-20,11,11,-20,36,10,19,34,-20,11,32,12,-20,-20,4,16,-20,21,21,-20,-20,-20,-20,19,19,12,11,-20,34,-20,-20,-20,17,29,-20,29,-20,-20,27,17,41,26,16,50,-20,13,32,-20,-20,7,35,16,17,7,7,13,5,14,32,3,9,58,49,33,6,10,9,34,8,6,-20,13,29,39,5,28,31,36,39,39,61,13,12,-20,-20,-20,177,19,35,9,63,26,17,9,10,15,29,15,15,4,15,34,14,12,35,72,22,6,42,27,25,-20,-20,-20,15,29,14,15,11,13,28,6,14,9,13,25,-20,9,38,29,11,-20,26,14,12,10,23,13,13,19,53,17,19,16,90,12,15,6,12,6,21,25,29,15,30,13,10,6,8,9,14,19,8,9,11,-20,18,9,9,7,20,41,15,8,14,13,15,30,15,14,17,9,17,11,10,10,10,11,19,9,15,13,31,11,10,17,32,17,14,18,19,12,17,13,11,11,-20,10,18,11,15,7,14,14,13,22,24,67,21,-20,14,9,10,7,24,-20,14,8,-20,28,9,17,7,-20,14,24,-20,8,11,9,10,20,4,7,14,50,28,28,16,12,11,9,23,12,19,8,24,10,16,14,10,13,25,7,20,8,17,13,13,11,14,43,-20,21,11,13,5,-20,-20,5,11,32,40,31,48,7,36,32,10,17,41,30,11,6,35,8,5,-20,12,7,12,29,-20,-20,10,-20,-20,-20,6,25,-20,20,16,7,26,16,25,36,17,12,8,14,12,24,-20,44,13,11,47,28,22,24,5,-20,18,123,17,16,9,-20,-20,8,14,10,-20,30,37,15,56,23,24,34,28,21,24,9,21,12,19,34,11,20,14,11,-20,9,16,11,31,18,25,28,6,17,68,16,24,9,8,16,11,20,20,21,20,13,8,11,11,14,21,87,31,38,-20,-20,24,-20,-20,-20,55,26,26,26,-20,-20,15,75,53,-20,5,3,21,72,3,7,-20,15,19,64,16,27,31,35,27,19,43,6,-20,14,51,20,30,27,-20,12,12,16,17,11,21,19,15,7,19,15,10,16,-20,7,17,4,16,26,17,16,-20,21,32,11,14,20,6,14,45,21,16,37,17,19,18,16,19,22,10,23,26,20,27,19,12,14,21,25,24,37,17,-20,-20,30,20,16,33,23,-20,19,12,19,13,18,-20,11,15,14,20,-20,15,34,11,-20,4,14,-20,8,27,17,-20,14,-20,19,8,-20,4,18,27,27,20,9,5,8,10,14,10,16,8,17,18,9,10,12,12,9,8,-20,10,5,7,14,10,11,9,3,13,9,21,-20,-20,13,8,18,5,12,14,5,12,10,5,12,8,14,14,-20,8,11,8,7,15,15,12,17,7,10,-20,15,-20,8,9,28,-20,4,-20,-20,-20,-20,-20,-20,-20,-20,14,-20,19,10,5,3,7,11,9,16,20,7,11,15,13,20,4,14,15,18,28,20,12,15,16,9,7,3,11,12,6,19,5,11,7,8,9,13,6,-20,12,12,16,6,14,9,9,10,13,10,8,8,11,12,-20,6,27,16,7,16,19,17,21,10,89,-20,17,28,4,21,27,20,20,26,20,23,16,17,14,17,18,18,24,15,15,15,33,3,18,13,8,24,12,43,21,18,18,25,13,26,20,16,11,12,12,12,-20,-20,9,18,13,8,18,11,20,-20,17,19,17,-20,7,13,27,22,10,10,14,14,11,13,-20,17,62,15,13,14,25,11,-20,11,-20,18,9,10,12,12,13,3,9,15,8,8,-20,4,11,15,6,-20,7,12,21,22,-20,33,6,9,9,-20,-20,14,10,27,22,12,11,12,-20,12,17,-20,37,-20,8,-20,13,8,4,11,-20,15,10,10,13,4,12,6,4,19,5,12,12,19,12,9,10,10,-20,-20,10,10,18,8,-20,-20,-20,15,12,9,-20,-20,28,24,-20,-20,14,24,12,-20,7,8,15,4,19,6,15,8,4,8,7,10,15,7,-20,6,10,12,-20,2,6,11,5,-20,-20,4,10,9,-20,-20,-20,4,6,11,5,13,10,10,-20,8,5,-20,-20,12,7,-20,7,3,8,11,13,6,3,11,8,9,14,13,42,41,8,22,35,17,23,32,-20,37,-20,55,68,-20,44,-20,-20,-20
"chr1,13050833",8,8,9,8,-20,5,13,-20,-20,5,9,6,38,28,27,25,30,23,86,58,44,9,52,55,44,41,21,31,-20,8,11,10,11,5,61,66,39,21,17,11,21,35,8,19,7,49,9,73,14,4,10,-20,57,41,34,26,69,-20,26,32,31,30,33,26,22,20,22,47,43,23,36,17,20,30,24,56,19,6,-20,16,-20,18,24,10,19,37,27,47,42,17,19,27,44,35,32,27,19,47,-20,60,26,25,5,15,32,41,13,46,46,9,13,8,29,46,13,5,44,18,3,4,8,11,18,7,38,-20,5,65,9,13,42,5,15,7,51,49,41,8,15,17,11,6,-20,10,43,9,5,57,9,-20,-20,13,26,32,-20,13,5,-20,90,26,11,9,-20,-20,-20,-20,15,6,-20,7,53,45,23,12,12,37,14,25,14,81,26,24,-20,-20,55,-20,11,20,11,13,33,20,-20,-20,-20,27,18,19,27,6,10,12,52,28,37,16,-20,64,-20,32,-20,-20,28,38,-20,-20,53,8,20,11,-20,-20,18,-20,-20,-20,18,30,35,35,45,-20,-20,-20,11,11,-20,36,11,19,35,-20,12,31,12,-20,-20,-20,16,14,21,26,-20,-20,-20,-20,20,20,12,9,-20,35,-20,-20,-20,18,27,-20,30,-20,-20,26,17,41,26,16,51,-20,12,33,-20,-20,7,35,18,17,7,8,14,5,14,32,3,8,62,49,29,6,11,9,33,7,6,-20,14,28,38,5,29,31,39,39,41,60,14,14,-20,-20,-20,173,19,34,9,60,26,17,9,10,15,28,14,13,4,15,32,14,12,35,72,21,7,43,28,26,-20,-20,-20,15,31,14,14,11,13,28,-20,16,9,10,26,-20,8,39,31,13,-20,26,14,12,9,22,13,12,18,52,17,19,16,82,12,15,-20,11,7,21,28,27,17,30,13,9,6,8,8,13,18,8,9,11,-20,18,9,9,8,20,39,16,8,14,13,15,30,16,14,19,10,17,10,10,12,10,11,18,11,15,13,30,12,10,16,32,17,12,15,19,12,16,12,11,12,-20,10,19,11,14,7,14,14,14,21,24,69,18,-20,13,9,11,6,23,-20,14,8,3,28,10,17,8,-20,14,24,-20,10,11,8,9,17,4,7,15,49,25,28,18,12,13,9,23,13,18,9,28,10,15,17,11,13,23,8,18,9,17,14,13,11,14,46,-20,22,11,13,6,-20,-20,5,12,31,38,30,50,7,36,31,10,16,38,30,11,6,33,8,5,-20,13,8,12,32,-20,-20,11,-20,10,-20,-20,24,12,19,16,7,25,15,25,37,16,12,8,14,12,23,-20,42,13,11,46,28,22,23,5,-20,18,119,16,17,9,-20,-20,9,13,9,-20,31,35,14,57,24,24,34,33,-20,24,9,22,11,17,32,10,19,14,11,-20,9,16,10,31,18,25,29,6,16,69,15,23,9,8,16,11,20,19,21,21,13,8,11,12,13,22,86,30,38,8,-20,23,-20,-20,-20,55,26,21,26,-20,-20,16,68,54,-20,5,3,22,76,4,-20,-20,13,21,62,17,26,31,35,28,17,43,6,-20,14,46,20,30,23,-20,13,-20,14,17,11,21,18,16,7,17,16,10,14,-20,-20,16,-20,15,24,17,17,-20,21,32,10,14,18,-20,15,44,21,16,39,17,19,20,17,20,20,10,23,27,20,26,20,12,14,22,26,23,38,16,-20,-20,33,19,16,32,25,-20,18,11,20,15,17,-20,11,15,14,21,17,15,32,11,17,-20,14,-20,8,26,15,-20,14,-20,18,8,-20,4,15,28,29,19,8,5,8,10,16,-20,13,9,16,19,9,11,12,12,9,8,-20,11,3,7,13,10,11,10,3,13,9,22,-20,-20,13,7,16,4,-20,14,6,12,10,5,13,8,15,15,-20,8,11,9,7,16,15,11,15,7,10,-20,14,-20,8,9,27,-20,-20,-20,-20,-20,-20,-20,-20,-20,-20,13,6,19,11,4,5,6,6,10,15,20,6,11,14,13,17,5,15,13,17,28,19,12,15,15,9,8,3,11,12,6,19,5,11,7,8,9,13,6,-20,12,11,16,6,15,9,8,11,11,10,9,8,10,12,-20,6,27,15,7,18,17,18,24,9,90,-20,18,27,4,20,27,19,20,28,19,22,14,17,14,17,17,21,23,15,14,14,30,-20,18,12,8,24,12,42,21,17,18,27,12,25,18,15,11,13,12,12,-20,-20,9,19,13,8,18,11,21,-20,17,19,18,-20,7,14,27,21,10,10,14,14,11,14,-20,15,62,15,13,13,25,11,-20,11,-20,15,9,10,12,11,13,-20,9,15,8,7,-20,4,11,14,6,6,7,12,21,21,-20,35,5,10,9,-20,-20,14,13,26,22,11,11,12,-20,12,17,-20,37,-20,8,18,13,7,-20,10,-20,14,10,11,11,-20,14,6,3,20,5,12,12,18,12,9,10,10,-20,-20,10,11,18,8,-20,-20,-20,15,12,8,5,-20,29,22,-20,9,13,23,12,-20,5,8,17,3,19,6,13,8,4,9,8,11,18,8,-20,-20,5,10,-20,2,9,11,5,-20,-20,5,10,9,6,5,3,5,6,-20,7,14,13,11,3,9,6,-20,-20,12,6,6,8,4,6,11,14,-20,3,14,9,8,14,13,40,43,8,21,36,17,23,32,-20,34,-20,54,67,-20,44,-20,-20,-20
"chr1,13050834",8,9,9,8,-20,5,13,-20,-20,5,9,6,38,28,27,25,30,24,85,58,47,9,51,54,46,42,22,30,-20,8,11,9,12,6,62,67,40,21,16,11,21,37,8,19,7,50,9,75,15,4,10,-20,58,41,33,24,69,-20,27,32,32,30,32,26,23,19,22,47,43,22,33,18,20,30,24,56,20,6,-20,15,-20,17,24,10,19,37,27,49,42,17,19,28,43,36,32,29,20,48,-20,61,26,25,5,15,31,42,13,47,44,9,13,8,29,47,12,6,44,17,5,4,8,10,19,7,38,-20,5,65,9,13,41,5,15,7,51,48,42,8,15,17,11,6,-20,10,42,9,5,57,9,-20,-20,13,28,33,-20,13,-20,-20,90,26,10,9,-20,-20,8,-20,15,6,-20,7,52,45,22,12,13,35,15,25,14,81,26,23,-20,-20,56,-20,11,21,11,13,32,19,-20,-20,-20,27,19,19,29,6,10,13,52,27,35,16,-20,61,3,32,-20,-20,27,38,-20,-20,52,7,21,11,-20,-20,18,-20,-20,-20,18,30,34,38,45,-20,-20,-20,11,11,-20,36,11,19,35,-20,12,31,13,-20,-20,-20,16,-20,21,26,-20,-20,-20,-20,20,21,12,9,-20,35,-20,-20,-20,18,30,-20,30,-20,-20,25,17,43,27,16,51,-20,12,33,-20,-20,7,36,18,17,7,8,14,5,14,32,3,8,62,49,30,5,11,9,32,7,6,-20,14,28,39,5,29,31,38,40,40,59,14,14,-20,-20,-20,171,18,36,8,58,26,17,8,11,15,28,14,13,4,13,32,14,12,33,67,20,6,43,27,26,-20,-20,-20,14,28,14,14,11,13,28,6,16,9,10,26,-20,8,39,30,13,-20,26,14,12,10,22,12,12,18,50,15,19,16,81,12,15,-20,12,7,21,28,27,18,30,13,9,5,8,8,13,19,8,9,12,-20,18,9,9,8,20,39,16,7,14,14,15,30,17,14,18,10,17,10,10,11,10,11,19,11,15,13,32,11,9,16,31,18,12,14,19,12,16,11,10,12,-20,10,19,11,14,7,14,13,14,21,22,68,19,-20,12,9,11,7,23,-20,14,8,-20,29,10,16,8,-20,13,22,-20,10,11,8,10,18,-20,7,15,47,26,26,18,11,12,10,23,14,18,-20,29,10,16,17,11,13,23,8,16,9,17,14,11,11,14,45,-20,21,11,13,6,-20,-20,5,12,32,38,30,49,7,37,28,10,16,37,31,11,6,35,8,5,-20,13,8,11,31,-20,-20,11,-20,10,-20,-20,25,12,18,16,7,24,14,26,37,15,12,-20,14,11,23,-20,42,12,11,46,27,22,24,6,-20,18,118,16,15,9,-20,-20,11,14,9,-20,31,35,14,58,24,25,33,32,-20,24,9,24,12,17,36,10,18,14,10,-20,9,15,10,31,18,25,30,6,16,71,15,23,9,8,18,11,20,20,21,20,13,8,11,12,13,22,87,32,39,-20,-20,24,-20,-20,-20,56,26,21,25,-20,-20,15,68,54,-20,5,3,22,75,4,7,-20,13,21,62,17,27,31,36,28,18,45,6,-20,14,46,20,33,25,-20,13,-20,15,17,11,20,18,14,7,17,16,10,14,-20,-20,16,-20,16,24,17,17,-20,21,31,10,14,18,-20,15,44,22,16,38,16,20,20,17,20,20,10,25,28,20,27,21,12,14,22,25,24,38,16,-20,-20,35,19,16,33,25,-20,18,12,20,15,18,-20,11,15,14,20,-20,15,32,11,16,-20,13,-20,8,26,15,-20,14,-20,20,8,-20,5,15,28,29,19,9,5,8,10,16,10,13,9,17,19,9,11,12,12,9,8,-20,11,3,7,12,10,12,10,3,13,11,23,-20,-20,13,7,16,4,11,14,7,12,10,5,13,8,15,15,-20,8,12,9,7,16,15,11,15,7,11,-20,14,-20,8,9,27,-20,-20,-20,-20,-20,-20,-20,-20,-20,-20,13,-20,18,11,4,5,6,6,11,14,20,6,10,15,13,17,5,15,13,16,29,19,12,15,16,10,9,5,11,13,6,19,5,11,8,9,9,13,6,-20,12,15,17,6,15,9,7,10,11,11,10,8,11,13,-20,6,25,15,8,18,17,18,24,9,88,-20,18,27,5,20,27,20,22,27,19,23,17,17,15,17,17,21,22,15,14,14,32,-20,19,12,8,24,12,42,21,17,18,27,12,26,20,15,11,14,12,12,-20,-20,9,19,13,8,18,11,22,-20,17,19,18,-20,7,15,28,22,10,10,14,14,11,15,-20,16,64,15,13,13,24,11,-20,11,-20,15,10,11,12,11,13,-20,9,15,10,7,-20,4,11,14,6,5,7,12,21,21,-20,34,5,10,9,-20,-20,14,13,26,22,11,11,12,-20,13,17,-20,38,-20,8,19,13,7,-20,10,-20,14,12,11,11,-20,14,6,4,21,5,12,12,17,12,9,9,10,-20,-20,10,11,18,8,-20,-20,-20,15,12,8,4,-20,29,23,-20,8,11,24,12,-20,6,8,18,3,16,6,11,7,3,7,7,10,15,8,-20,7,6,10,-20,-20,8,11,6,-20,-20,6,10,8,5,-20,4,4,6,11,7,14,14,11,-20,9,6,-20,-20,12,5,5,8,4,6,-20,11,5,3,12,-20,7,12,12,39,41,9,20,37,17,23,32,-20,37,-20,54,67,-20,45,-20,-20,-20
"chr1,13050837",8,9,8,8,-20,5,13,-20,-20,5,9,6,41,29,27,25,30,24,82,60,50,9,50,56,45,43,20,32,-20,8,11,8,10,6,60,66,42,23,17,10,21,38,7,23,8,49,9,75,16,6,10,-20,59,40,38,25,67,-20,28,32,32,28,33,28,23,17,22,47,41,21,37,18,21,29,23,55,21,6,-20,16,-20,18,23,11,18,37,27,47,43,17,20,28,39,39,32,29,18,48,-20,60,25,24,5,15,32,42,13,46,43,8,13,8,26,46,11,6,43,16,5,4,8,10,19,7,37,-20,5,61,9,16,38,5,15,7,48,51,40,9,15,17,11,5,-20,11,42,9,5,57,9,-20,-20,13,26,32,-20,14,-20,-20,88,26,10,9,-20,-20,7,-20,15,-20,-20,9,53,42,25,13,12,37,12,26,13,82,26,23,-20,-20,40,-20,11,22,12,13,32,20,-20,-20,4,27,18,21,30,7,11,12,52,28,41,15,-20,64,3,32,-20,-20,27,39,-20,-20,61,7,21,11,-20,-20,18,-20,-20,-20,18,30,36,37,45,-20,-20,-20,12,11,-20,36,12,17,35,-20,12,32,12,-20,-20,-20,16,-20,22,24,-20,-20,-20,-20,20,19,11,9,-20,36,-20,-20,-20,19,29,-20,27,-20,-20,27,16,44,27,17,50,-20,12,29,-20,-20,7,37,18,16,8,8,15,-20,13,32,3,9,69,47,30,5,11,9,34,7,7,-20,14,26,41,5,29,31,39,40,41,58,13,13,-20,-20,-20,167,18,35,8,57,25,17,8,11,15,27,13,13,4,12,31,14,12,32,68,20,7,45,27,24,-20,-20,-20,15,26,14,14,13,11,26,6,17,9,11,25,-20,8,38,30,14,-20,26,13,12,11,23,12,11,18,50,15,20,16,82,11,17,-20,11,5,20,29,26,19,30,11,8,5,-20,8,14,18,8,9,13,-20,18,8,8,8,19,37,16,6,15,14,15,32,16,14,19,11,17,10,11,13,10,11,19,11,15,13,32,13,10,15,31,19,13,-20,21,14,16,11,11,12,-20,10,20,11,13,8,14,13,16,21,23,67,20,-20,12,8,11,7,21,-20,14,8,4,29,10,17,9,-20,13,23,-20,10,11,8,10,16,4,7,15,48,26,24,20,11,11,10,24,14,16,10,27,10,16,18,9,13,24,8,17,10,17,14,11,11,13,47,-20,19,13,15,7,-20,-20,5,12,32,38,27,48,7,33,36,9,16,36,30,11,6,35,8,4,-20,12,8,12,32,-20,-20,11,-20,9,-20,-20,24,12,20,14,7,25,14,28,38,14,12,8,13,12,22,-20,43,13,11,47,28,22,24,6,-20,18,115,14,14,7,-20,-20,10,14,9,-20,35,34,16,56,25,25,35,34,-20,22,9,23,12,17,34,9,18,14,11,-20,8,14,10,30,18,24,29,6,16,68,15,23,9,6,18,11,20,20,21,20,13,8,11,10,13,21,89,31,38,6,-20,25,-20,-20,-20,59,26,20,25,-20,-20,15,66,53,-20,5,3,20,72,4,7,-20,13,21,63,17,27,28,34,29,19,45,-20,-20,14,48,19,32,26,-20,11,-20,15,17,11,19,18,14,8,17,16,10,14,-20,-20,18,-20,16,25,17,17,-20,20,31,10,15,18,-20,15,43,22,18,38,17,20,20,17,20,20,10,25,28,20,29,21,12,12,22,27,22,40,16,-20,-20,34,18,15,33,25,-20,18,11,21,16,16,-20,-20,15,14,19,17,15,31,11,17,-20,13,-20,8,25,15,-20,14,-20,22,8,-20,5,16,28,29,17,-20,5,8,10,17,10,13,9,17,20,9,10,12,12,9,8,-20,11,3,7,12,9,12,10,3,13,11,23,-20,-20,13,7,16,4,11,15,7,11,10,5,12,7,15,15,-20,8,12,9,7,16,15,10,15,7,11,-20,13,-20,8,9,27,-20,-20,-20,-20,-20,-20,-20,-20,-20,-20,13,6,19,11,4,5,6,6,9,14,20,6,9,15,13,17,5,14,13,17,28,18,12,15,16,9,9,5,12,13,6,19,5,11,9,9,9,13,6,-20,12,15,17,6,14,9,6,11,11,11,10,8,11,12,-20,6,24,16,8,18,18,18,24,8,83,-20,18,28,6,19,27,20,22,28,20,23,17,15,15,16,16,21,23,14,14,14,32,-20,19,12,8,22,12,42,22,17,17,27,12,27,19,14,11,14,10,12,-20,-20,9,19,13,7,18,10,22,-20,17,19,19,-20,7,16,29,22,10,11,14,14,10,16,-20,15,62,15,13,13,24,11,-20,11,-20,16,10,11,11,12,13,-20,9,15,10,7,-20,4,11,14,6,5,7,12,22,21,-20,35,5,10,10,-20,-20,13,14,26,20,12,11,12,-20,13,16,-20,38,-20,8,19,13,7,-20,10,-20,13,12,10,11,-20,14,5,4,21,5,12,12,17,12,9,9,10,-20,-20,10,11,18,8,3,-20,7,15,11,6,5,-20,28,23,-20,9,13,23,12,-20,6,10,21,3,15,7,12,7,4,7,6,9,12,8,-20,7,6,9,-20,2,4,12,7,-20,-20,6,10,10,5,-20,5,5,5,12,-20,17,13,11,-20,10,6,-20,-20,12,5,5,9,4,5,8,12,4,4,11,8,6,11,12,38,40,8,20,34,16,26,31,-20,38,-20,55,67,-20,48,-20,-20,-20
"chr1,13050846",7,8,9,9,-20,5,14,-20,-20,5,9,5,39,30,28,27,33,22,74,60,51,9,45,57,52,44,26,31,-20,8,8,9,12,6,57,63,40,22,16,12,19,39,9,23,9,49,10,78,16,7,10,-20,65,43,39,29,63,-20,30,33,34,28,30,31,24,17,22,47,43,24,39,19,18,29,23,59,20,-20,-20,16,-20,17,23,12,16,34,30,49,43,14,19,27,41,42,31,28,18,49,-20,56,25,19,5,16,32,36,13,47,43,11,12,7,24,47,12,7,47,15,5,5,8,9,16,8,37,-20,5,58,10,16,36,6,14,8,49,48,40,8,14,17,9,4,-20,12,45,9,6,58,8,-20,-20,8,23,26,-20,17,4,-20,103,23,9,9,-20,-20,7,-20,15,5,-20,5,50,51,23,13,12,40,10,28,13,80,24,23,-20,-20,43,-20,13,22,11,16,27,-20,-20,-20,-20,23,23,23,28,7,9,13,57,24,43,12,-20,59,-20,32,-20,-20,25,41,-20,-20,66,5,26,11,-20,-20,20,-20,-20,-20,20,34,39,35,45,-20,-20,-20,12,10,-20,35,10,18,32,-20,9,32,11,-20,-20,-20,13,-20,22,27,-20,-20,-20,-20,22,22,10,10,-20,38,-20,-20,-20,19,32,-20,29,-20,-20,27,15,41,28,17,48,-20,12,25,-20,-20,8,38,18,21,9,7,15,6,13,30,-20,-20,63,46,30,4,12,9,32,10,7,-20,14,27,41,4,32,30,38,46,42,58,14,11,-20,-20,-20,164,17,35,12,60,22,17,8,12,14,27,12,13,6,12,33,14,12,32,61,20,8,42,28,23,-20,-20,-20,17,24,12,15,14,10,27,3,18,7,11,28,-20,9,32,27,15,-20,28,15,12,11,21,12,8,17,52,13,19,15,76,10,19,-20,10,4,20,27,25,20,27,12,9,5,7,9,14,19,8,8,12,-20,18,7,6,8,14,35,14,6,14,14,16,35,16,14,23,12,17,8,12,14,9,11,19,11,13,13,31,13,10,14,33,19,12,-20,23,17,15,12,10,12,-20,10,18,11,14,9,14,15,15,21,23,66,18,-20,12,10,9,8,21,-20,14,8,4,28,11,15,10,-20,12,25,-20,9,11,6,13,19,5,8,12,46,23,28,22,10,11,9,24,15,17,11,29,9,17,18,13,14,27,8,16,9,18,14,11,10,12,46,-20,21,14,15,7,-20,-20,6,14,33,31,30,50,10,31,35,8,17,35,31,12,6,33,9,5,-20,12,7,10,34,-20,3,12,-20,7,-20,-20,26,9,17,17,9,23,12,29,34,11,10,7,13,11,20,-20,44,14,12,47,23,22,23,8,-20,19,115,12,13,10,-20,-20,11,16,8,-20,36,34,16,55,29,23,33,34,-20,17,7,27,13,16,36,9,16,14,11,-20,9,11,-20,31,18,27,31,6,15,65,12,19,8,6,17,12,18,21,22,17,13,8,10,12,12,22,96,30,37,6,3,28,-20,-20,-20,57,27,21,23,-20,-20,15,61,55,-20,7,3,20,83,5,8,-20,13,21,64,18,24,22,37,31,22,48,3,-20,11,53,17,32,26,-20,14,-20,13,15,10,18,12,14,8,17,16,13,14,-20,-20,18,-20,16,23,18,13,-20,19,29,10,16,18,-20,15,42,20,17,36,20,21,18,18,20,20,13,25,25,18,28,21,11,12,22,28,21,36,15,-20,-20,35,19,20,31,25,-20,16,11,19,15,16,-20,13,16,14,19,14,16,30,8,13,-20,12,-20,11,26,14,-20,15,-20,22,6,-20,5,16,25,28,19,8,3,7,10,17,10,12,8,17,17,9,10,10,12,10,8,-20,11,3,8,11,9,13,9,-20,14,10,22,-20,-20,12,8,15,5,10,12,6,10,10,4,14,8,14,14,5,8,13,9,9,14,16,9,12,8,12,-20,11,-20,6,9,18,-20,-20,-20,-20,-20,-20,-20,-20,-20,-20,15,-20,20,11,4,7,6,8,10,13,21,7,12,14,13,16,8,14,13,18,26,21,12,13,14,9,9,6,10,11,8,19,5,15,10,10,7,12,6,-20,11,13,15,6,15,8,6,12,8,11,10,8,11,13,-20,6,21,18,7,18,18,17,25,9,82,-20,18,27,8,21,28,16,22,22,21,24,16,14,18,11,18,22,22,13,13,14,28,-20,18,12,7,23,11,41,20,18,19,24,13,29,20,14,12,15,11,12,-20,-20,9,19,9,7,20,11,21,-20,20,17,19,-20,6,16,28,19,11,11,12,13,11,14,-20,18,63,13,12,14,24,11,-20,12,-20,16,9,10,13,12,14,-20,8,16,11,7,-20,5,8,10,6,4,7,15,21,22,-20,37,6,9,9,-20,-20,16,14,21,20,9,11,11,-20,13,13,-20,35,-20,8,21,11,7,-20,11,-20,15,9,11,11,-20,13,3,4,19,6,8,11,16,12,7,8,14,-20,-20,8,10,17,8,3,-20,7,12,11,9,4,-20,30,22,-20,9,-20,20,10,-20,3,12,20,4,15,10,13,9,9,8,6,14,16,7,4,4,-20,8,-20,3,6,10,6,-20,-20,6,6,8,6,4,4,5,6,10,8,18,15,7,-20,9,8,-20,-20,15,8,-20,11,4,6,9,11,6,4,12,6,7,12,12,36,41,9,19,37,18,24,29,-20,40,-20,42,69,-20,41,-20,-20,-20
"chr1,13050849",7,8,9,9,-20,4,13,-20,-20,4,9,3,38,30,28,26,35,23,75,62,55,9,43,58,52,47,24,32,-20,8,-20,9,12,6,57,62,39,21,15,12,19,39,8,22,8,48,10,79,16,9,10,-20,66,45,40,29,67,-20,30,37,34,31,31,31,26,18,22,50,43,24,38,18,18,29,23,57,20,5,-20,16,-20,15,22,12,14,36,33,49,42,15,21,26,41,43,28,27,16,52,-20,60,25,17,5,16,32,36,10,48,42,11,12,6,22,45,12,7,48,13,5,5,8,9,16,7,37,-20,4,61,10,15,36,6,14,7,49,49,38,8,12,15,9,4,-20,11,47,-20,6,60,8,-20,-20,9,22,28,-20,17,4,-20,101,25,9,9,-20,-20,6,-20,16,4,-20,5,50,48,24,11,13,45,9,27,14,80,23,24,-20,-20,43,-20,13,22,11,14,27,20,-20,-20,-20,26,24,22,28,7,9,13,59,25,43,12,-20,61,-20,36,-20,-20,25,41,-20,-20,64,5,27,12,-20,-20,20,-20,-20,-20,18,37,38,34,47,-20,-20,-20,11,10,-20,35,10,19,33,-20,9,31,13,-20,-20,-20,13,-20,23,27,-20,-20,-20,-20,22,24,11,9,-20,37,-20,-20,-20,19,30,-20,29,-20,-20,26,15,40,24,17,48,-20,11,23,-20,-20,8,40,17,22,9,7,14,6,13,30,-20,10,62,60,30,4,12,9,34,10,6,-20,15,28,40,3,33,30,40,48,41,58,14,12,-20,-20,-20,161,17,36,13,59,22,15,7,12,15,31,12,13,6,12,34,15,12,32,61,22,8,43,28,23,-20,-20,-20,17,23,13,14,15,13,27,-20,19,6,11,28,-20,9,31,27,15,-20,28,15,12,11,23,12,8,17,53,13,19,15,77,10,20,-20,10,4,19,26,26,20,26,12,8,5,7,8,15,20,8,8,12,-20,18,6,8,8,15,34,13,6,16,14,-20,33,16,13,24,12,17,7,13,14,8,11,19,11,13,14,31,13,10,13,37,19,13,-20,23,16,14,13,10,12,-20,11,18,11,14,9,15,15,16,22,23,66,19,-20,13,11,10,8,20,-20,14,8,4,28,11,11,11,-20,10,25,-20,8,11,7,13,23,5,8,13,44,24,28,23,10,10,9,24,15,16,11,28,9,17,20,13,14,31,8,16,10,16,14,12,10,12,45,-20,20,13,15,9,-20,-20,7,15,33,31,31,53,10,33,35,8,16,34,31,11,5,36,9,5,-20,12,7,9,36,-20,3,13,-20,7,-20,-20,29,8,17,17,9,22,10,27,35,11,10,6,13,11,18,-20,44,13,11,44,24,21,23,9,-20,19,112,13,13,10,-20,-20,12,16,8,-20,35,36,16,56,29,24,34,35,-20,17,7,26,13,15,36,9,15,13,10,-20,7,10,7,30,18,26,30,6,13,60,12,20,8,6,17,13,17,19,22,17,13,8,9,12,12,22,95,29,34,-20,3,28,-20,-20,-20,61,26,20,23,-20,-20,13,62,54,-20,9,3,21,78,-20,8,-20,13,19,67,20,24,23,37,32,22,47,-20,-20,11,57,17,34,27,-20,12,-20,13,15,10,18,12,12,8,17,16,13,12,-20,-20,17,-20,15,20,18,13,-20,19,27,7,16,17,-20,14,41,20,16,36,16,18,17,17,19,19,12,22,26,18,27,21,-20,12,20,27,20,35,15,-20,-20,35,19,18,30,23,-20,16,11,19,16,15,-20,12,17,13,20,14,16,30,7,13,-20,12,-20,11,28,14,-20,15,-20,22,6,-20,4,14,27,28,20,8,3,6,10,15,10,12,8,17,17,9,10,10,11,9,9,-20,10,3,8,11,11,14,8,-20,13,10,21,-20,-20,12,7,14,5,10,12,5,10,10,4,14,-20,11,14,7,8,12,9,8,13,16,9,10,7,-20,-20,12,-20,7,8,18,-20,-20,-20,-20,-20,-20,-20,-20,-20,-20,14,-20,19,10,3,7,5,10,10,11,20,7,11,11,14,16,8,14,13,17,26,21,12,13,14,9,9,6,10,11,8,19,5,15,9,10,7,12,6,-20,12,13,14,6,14,6,6,-20,8,11,10,7,9,13,-20,6,16,18,8,18,18,17,26,10,85,-20,18,26,8,20,27,15,20,21,20,24,15,11,18,11,19,22,20,13,13,14,28,-20,18,10,7,20,11,39,20,17,18,22,12,29,21,13,12,15,11,12,-20,-20,9,18,9,6,19,10,20,-20,19,16,18,-20,7,16,28,18,9,11,12,13,10,14,-20,18,64,12,12,11,21,11,-20,12,-20,14,9,10,14,9,13,-20,7,16,10,6,-20,5,7,10,6,4,7,14,20,20,-20,35,6,8,8,-20,-20,15,13,21,15,7,11,11,-20,13,13,-20,33,-20,-20,22,10,7,-20,11,-20,14,9,11,9,-20,12,3,5,19,5,8,9,15,12,7,6,13,-20,-20,7,10,17,8,3,-20,4,12,10,-20,4,-20,30,20,-20,12,7,24,10,-20,5,11,20,5,12,10,12,9,10,8,6,15,12,8,4,4,4,9,-20,3,7,11,9,-20,-20,-20,-20,-20,6,-20,5,6,3,11,8,20,17,9,-20,11,7,-20,-20,14,8,9,9,3,6,-20,9,6,4,13,6,8,12,12,36,43,9,19,38,18,23,33,-20,41,-20,42,72,-20,40,-20,-20,-20
"chr1,13050850",7,8,9,9,-20,4,14,-20,-20,4,9,3,39,31,27,26,34,24,75,61,53,9,42,58,52,46,26,32,-20,8,8,9,12,5,56,60,39,22,15,12,19,38,8,22,8,48,10,80,15,9,10,-20,65,44,42,29,68,-20,30,37,34,31,31,31,25,18,22,51,43,24,39,18,18,28,23,56,20,6,-20,16,-20,15,22,12,14,36,32,49,42,15,21,27,41,43,28,27,16,52,-20,60,25,17,5,16,32,35,10,48,43,11,12,6,23,46,12,7,48,12,5,5,8,9,16,7,38,-20,4,58,9,15,35,6,14,7,49,49,37,8,12,15,9,4,-20,11,47,9,6,60,8,-20,-20,9,22,28,-20,17,4,-20,102,25,9,9,-20,-20,6,-20,16,-20,-20,5,51,48,24,11,13,44,8,26,14,80,23,24,-20,-20,43,-20,14,22,11,15,27,20,-20,-20,-20,26,24,22,28,7,9,13,59,25,43,12,-20,61,-20,35,-20,-20,25,41,-20,-20,63,5,27,12,-20,-20,21,-20,-20,-20,18,36,40,34,47,-20,-20,-20,10,10,-20,36,10,19,33,-20,9,31,13,-20,-20,-20,13,-20,23,27,-20,-20,-20,-20,23,24,11,7,-20,37,-20,-20,-20,17,29,-20,29,-20,-20,26,16,42,25,17,47,-20,11,23,-20,-20,7,39,18,22,9,8,15,6,13,31,-20,9,62,62,31,4,12,9,-20,10,6,-20,15,28,40,3,34,29,41,48,40,58,15,12,-20,-20,-20,162,17,35,13,59,22,13,6,13,15,30,12,11,6,12,34,15,12,31,61,22,9,42,28,23,-20,-20,-20,17,23,13,14,15,13,28,-20,19,6,12,28,-20,9,31,27,14,-20,30,15,12,11,22,12,8,17,54,13,19,15,75,10,19,-20,10,4,19,24,26,20,24,12,8,5,7,8,15,19,8,8,11,-20,18,6,8,8,15,36,13,6,16,14,15,34,16,13,25,11,17,7,14,14,8,11,19,11,13,14,33,13,10,13,38,19,13,-20,24,16,14,14,10,12,-20,11,18,11,15,9,15,14,17,22,22,67,20,-20,13,11,9,8,20,-20,13,8,4,28,12,11,11,-20,10,24,-20,7,11,6,13,24,5,8,12,44,26,27,25,10,10,9,24,14,16,11,28,8,17,19,13,14,30,8,15,10,16,14,12,10,12,43,-20,20,14,14,9,-20,-20,7,14,33,30,31,51,10,33,36,8,16,34,32,11,5,37,9,5,-20,12,7,9,36,-20,3,13,-20,7,-20,-20,29,8,18,16,9,22,10,27,35,11,10,6,12,11,18,-20,44,13,11,48,24,22,24,10,-20,20,111,13,13,10,-20,-20,12,16,8,-20,35,36,17,56,29,25,35,32,-20,17,8,26,13,15,36,9,15,13,10,-20,7,10,7,33,18,27,30,6,13,59,12,19,8,6,18,12,17,19,23,17,13,8,9,12,12,23,93,28,34,3,3,28,-20,-20,-20,62,26,20,22,-20,-20,14,58,54,-20,9,3,21,76,8,8,-20,13,19,67,20,23,23,37,33,22,46,-20,-20,11,57,18,34,29,-20,12,-20,14,14,10,18,12,13,8,17,16,13,12,-20,-20,17,-20,15,21,18,12,-20,19,27,6,17,17,-20,14,42,20,16,37,19,18,17,17,19,19,12,23,26,17,28,21,10,12,22,27,20,37,15,-20,-20,35,19,19,31,23,-20,16,11,20,16,15,-20,12,17,14,20,14,16,30,8,13,-20,12,-20,11,29,14,-20,15,-20,22,6,-20,4,15,27,28,20,8,3,6,10,15,10,12,8,17,17,9,10,10,11,9,9,-20,10,3,-20,11,12,14,8,-20,13,10,21,-20,2,12,7,15,5,10,12,5,10,-20,4,14,8,11,14,7,8,11,10,8,13,16,9,11,7,12,-20,12,-20,8,8,18,-20,-20,-20,-20,-20,-20,-20,-20,-20,-20,14,-20,19,10,3,7,5,10,10,11,20,7,11,12,14,16,8,15,14,16,26,21,12,13,14,9,10,6,10,11,8,19,5,15,10,10,7,12,6,-20,11,14,14,6,14,6,6,9,-20,10,10,7,9,13,-20,6,17,18,8,18,18,17,26,10,84,-20,18,26,8,19,27,15,21,21,20,24,15,11,18,11,19,22,20,13,13,15,29,-20,17,10,8,20,11,39,20,18,18,22,12,30,21,12,12,15,11,12,-20,-20,9,18,9,6,20,10,20,-20,20,16,18,-20,7,16,28,18,9,11,12,13,10,14,-20,18,65,12,12,11,21,11,-20,13,-20,14,9,10,14,9,13,-20,7,16,10,7,-20,5,7,10,6,4,7,14,19,19,-20,35,7,8,8,-20,-20,15,13,21,15,7,12,11,-20,13,13,-20,34,-20,6,22,10,7,-20,11,-20,13,9,11,9,-20,12,3,5,19,5,8,9,15,12,9,6,15,-20,-20,7,11,17,8,3,-20,4,12,10,9,4,-20,31,21,-20,11,6,27,10,-20,5,11,22,-20,13,9,13,-20,10,8,6,16,14,8,5,3,3,9,-20,3,7,11,9,-20,-20,-20,9,11,6,5,4,6,4,11,8,20,15,8,-20,12,8,-20,-20,14,8,7,6,3,7,9,10,7,5,8,7,8,12,12,35,43,9,19,37,18,23,34,-20,40,-20,42,71,-20,39,-20,-20,-20
"chr1,13050852",7,9,9,9,-20,4,14,-20,-20,4,9,3,38,31,27,25,33,25,78,61,52,9,44,55,49,46,29,32,-20,8,8,10,12,5,56,60,38,21,16,12,18,38,8,22,8,47,10,77,15,9,9,-20,64,44,41,31,68,-20,30,37,35,31,30,31,25,17,20,50,43,24,38,18,18,27,23,56,21,6,-20,16,-20,15,21,12,14,35,31,48,43,17,22,27,42,43,29,27,16,52,-20,58,23,17,5,16,31,35,10,48,44,11,12,6,25,46,12,7,48,12,5,5,8,9,15,7,39,-20,4,58,9,15,36,6,13,7,49,49,39,8,12,15,9,4,-20,11,48,9,6,57,8,-20,-20,9,21,28,-20,18,3,-20,102,26,9,9,-20,-20,6,-20,16,4,-20,5,51,48,26,10,12,47,8,25,14,81,23,23,-20,-20,37,-20,14,23,11,15,26,13,-20,-20,5,26,25,22,27,7,9,13,58,25,44,12,-20,61,-20,37,-20,-20,27,40,-20,-20,63,5,27,12,-20,-20,21,-20,-20,-20,19,35,43,34,44,-20,-20,-20,11,9,-20,37,10,20,33,-20,8,31,14,-20,-20,-20,13,-20,23,28,-20,-20,-20,-20,25,23,12,7,-20,35,-20,-20,-20,17,30,-20,32,-20,-20,26,16,43,28,17,47,-20,13,23,-20,-20,8,41,18,20,9,8,14,6,12,29,-20,8,64,61,31,4,11,9,-20,10,6,-20,15,28,39,3,35,30,39,48,41,59,15,12,-20,-20,-20,158,14,33,14,57,22,15,6,15,14,31,12,11,6,12,34,15,12,33,62,22,9,43,28,23,-20,-20,-20,16,20,14,14,15,13,27,-20,19,6,11,28,-20,9,27,27,13,-20,30,15,12,10,23,13,8,17,51,13,19,15,76,10,20,-20,10,4,19,24,27,21,24,12,8,5,8,8,14,20,7,9,8,-20,18,6,8,8,15,36,13,6,16,13,14,34,15,12,25,11,17,7,13,14,6,11,18,11,13,15,34,14,12,13,39,17,13,-20,24,16,14,14,10,12,-20,12,17,11,15,9,15,15,16,20,22,66,20,-20,13,11,9,8,20,-20,13,8,3,27,11,11,11,-20,10,25,-20,7,11,6,13,24,5,8,12,42,27,27,24,10,10,9,25,14,18,11,27,8,18,19,14,14,29,8,16,9,17,13,12,10,12,42,-20,21,15,15,9,-20,-20,6,14,33,31,31,51,-20,32,36,8,15,33,30,11,-20,39,9,5,-20,12,5,9,34,-20,3,14,-20,6,-20,-20,31,9,17,16,8,21,10,27,31,10,10,5,12,10,18,-20,46,13,10,48,26,20,22,10,-20,20,108,13,11,9,-20,-20,12,17,8,-20,33,-20,17,57,28,25,35,34,-20,18,8,26,12,15,37,8,15,14,10,-20,7,10,7,33,18,28,30,6,13,60,12,19,8,6,17,12,17,19,23,17,13,8,9,12,10,24,91,29,34,3,3,28,-20,-20,-20,62,26,17,20,-20,-20,14,56,52,-20,9,3,19,77,8,6,-20,12,18,65,20,23,26,38,33,22,47,-20,-20,11,56,18,34,29,-20,12,-20,14,14,10,15,12,13,8,17,14,13,12,-20,-20,17,-20,15,21,18,12,-20,19,27,6,17,17,-20,14,44,21,16,37,19,19,17,17,19,20,12,23,26,18,27,21,10,12,23,27,-20,38,15,-20,-20,34,21,19,30,23,-20,17,10,20,15,16,-20,12,17,14,20,14,16,29,8,13,-20,12,-20,11,28,14,-20,15,-20,22,6,-20,4,15,27,28,20,8,3,6,10,15,10,12,7,17,17,9,10,10,11,9,9,-20,10,3,8,11,12,14,8,-20,13,10,21,-20,2,12,7,16,5,10,12,8,10,10,4,14,8,11,14,7,8,12,10,8,14,16,9,11,7,12,-20,12,-20,8,9,18,-20,-20,-20,-20,-20,-20,-20,-20,-20,-20,14,-20,19,10,3,7,5,10,10,11,20,7,11,11,14,16,8,15,14,16,26,21,12,13,14,9,10,6,10,11,8,19,5,15,10,10,7,12,6,-20,11,14,14,6,14,6,6,9,9,10,9,7,9,13,-20,6,16,18,8,18,18,16,26,9,86,-20,18,25,8,19,27,15,21,21,19,25,15,11,18,11,19,22,21,13,13,15,29,-20,17,10,8,20,11,38,20,18,18,22,12,30,21,13,12,15,11,12,-20,-20,9,18,9,6,20,10,20,-20,20,16,16,-20,7,16,29,18,9,11,12,14,10,14,-20,19,67,12,12,11,22,12,-20,13,-20,14,9,10,14,9,13,-20,7,16,10,7,-20,5,7,10,6,4,7,13,19,20,-20,36,7,8,8,-20,-20,15,11,21,15,7,12,11,-20,13,14,-20,34,-20,-20,22,10,7,-20,11,-20,13,9,11,9,-20,12,3,5,19,5,8,9,15,13,9,6,15,-20,-20,7,11,17,8,3,-20,4,13,10,9,-20,-20,29,20,-20,11,5,26,11,-20,5,10,18,-20,12,-20,10,9,10,6,5,15,13,7,4,3,4,9,-20,3,6,10,7,-20,-20,3,7,11,3,5,-20,5,2,12,7,19,16,8,-20,10,7,-20,-20,15,6,7,9,3,6,8,-20,7,3,13,6,8,12,12,35,44,9,19,35,18,23,34,-20,41,-20,42,66,-20,39,-20,-20,-20
