"chr,position",88,108,139,159,265,350,351,403,410,424,428,430,470,476,484,504,506,531,544,546,628,630,680,681,685,687,728,742,763,765,766,768,772,801,853,854,867,868,870,915,932,991,992,997,1002,1006,1061,1062,1063,1066,1070,1158,1166,1254,1257,1313,1317,1552,1612,1622,1651,1652,1676,1684,1739,1741,1756,1757,1793,1797,1819,1820,1829,1834,1835,1851,1852,1853,1872,1890,1925,1942,1943,1954,2016,2017,2031,2053,2057,2081,2091,2106,2108,2141,2159,2166,2171,2191,2202,2212,2239,2240,2276,2278,2285,2286,2317,2370,2412,4779,4807,4826,4840,4857,4884,4900,4939,4958,5023,5104,5151,5165,5210,5236,5249,5253,5276,5279,5349,5353,5395,5486,5577,5644,5651,5717,5718,5720,5726,5741,5748,5757,5768,5772,5776,5779,5784,5798,5800,5811,5822,5830,5831,5832,5836,5837,5856,5860,5865,5867,5874,5890,5893,5907,5921,5950,5984,5993,6008,6009,6010,6011,6012,6013,6016,6017,6019,6020,6021,6022,6023,6024,6025,6030,6034,6035,6036,6038,6039,6040,6041,6042,6043,6046,6064,6069,6070,6071,6073,6074,6076,6077,6085,6086,6087,6088,6090,6091,6092,6094,6095,6096,6097,6098,6099,6100,6101,6102,6104,6105,6106,6107,6108,6109,6111,6112,6113,6114,6115,6118,6119,6122,6123,6124,6125,6126,6128,6131,6132,6133,6134,6136,6137,6138,6140,6141,6142,6145,6148,6149,6150,6151,6153,6154,6163,6166,6169,6172,6173,6174,6177,6180,6184,6188,6189,6191,6192,6193,6194,6195,6198,6201,6202,6203,6209,6210,6214,6216,6217,6218,6220,6221,6231,6235,6237,6238,6240,6241,6242,6243,6244,6252,6255,6258,6268,6276,6284,6296,6390,6396,6413,6424,6434,6445,6680,6739,6740,6744,6749,6750,6805,6806,6814,6830,6897,6898,6900,6901,6903,6904,6907,6908,6909,6911,6913,6915,6917,6918,6919,6920,6922,6923,6924,6926,6927,6929,6931,6932,6933,6938,6940,6943,6944,6945,6951,6956,6957,6958,6959,6960,6961,6963,6966,6967,6968,6969,6970,6971,6973,6974,6975,6976,6979,6981,6982,6984,6986,6987,6989,6990,6992,6997,7000,7002,7003,7008,7013,7014,7025,7026,7028,7031,7033,7036,7058,7061,7062,7063,7064,7067,7068,7071,7072,7077,7081,7092,7094,7096,7102,7103,7106,7107,7109,7111,7117,7119,7120,7125,7126,7127,7130,7133,7138,7143,7147,7158,7160,7161,7162,7163,7164,7165,7169,7177,7181,7183,7186,7192,7199,7202,7203,7207,7208,7209,7213,7217,7218,7223,7231,7236,7244,7248,7250,7255,7258,7268,7273,7276,7280,7282,7287,7288,7296,7298,7305,7306,7307,7314,7316,7319,7320,7322,7323,7327,7328,7332,7333,7337,7342,7343,7344,7346,7347,7349,7350,7353,7354,7356,7358,7359,7372,7373,7377,7378,7382,7383,7384,7387,7394,7396,7404,7411,7413,7415,7416,7417,7418,7419,7424,7427,7430,7460,7461,7471,7475,7477,7514,7515,7516,7517,7520,7521,7523,7525,7529,7530,7566,7568,7717,7757,7767,7917,7947,8037,8057,8077,8132,8171,8214,8222,8227,8230,8231,8233,8234,8235,8236,8237,8238,8239,8240,8241,8242,8243,8244,8246,8247,8249,8256,8258,8259,8264,8283,8284,8285,8290,8297,8306,8307,8311,8312,8326,8334,8335,8337,8343,8351,8354,8357,8365,8366,8369,8376,8386,8387,8419,8420,8422,8424,8426,8427,8464,8483,8699,8723,9027,9057,9058,9067,9069,9070,9075,9078,9079,9081,9084,9085,9089,9091,9095,9099,9100,9102,9103,9104,9105,9106,9111,9113,9114,9115,9121,9125,9128,9130,9131,9133,9134,9298,9312,9314,9321,9323,9332,9336,9339,9343,9352,9353,9363,9369,9370,9371,9380,9381,9382,9383,9386,9388,9390,9391,9392,9394,9395,9399,9402,9404,9405,9407,9408,9409,9412,9413,9416,9421,9427,9433,9436,9437,9442,9450,9451,9452,9453,9454,9455,9470,9471,9476,9481,9503,9506,9507,9508,9509,9510,9511,9512,9513,9514,9515,9517,9518,9519,9520,9521,9522,9523,9524,9525,9526,9527,9528,9529,9530,9531,9532,9533,9534,9535,9536,9537,9539,9540,9541,9542,9543,9544,9545,9546,9547,9548,9549,9550,9551,9552,9553,9554,9555,9556,9557,9558,9559,9560,9561,9562,9564,9565,9567,9568,9569,9571,9573,9574,9576,9577,9578,9579,9581,9582,9583,9584,9585,9586,9587,9588,9589,9590,9591,9592,9593,9594,9595,9596,9597,9598,9599,9600,9601,9602,9606,9607,9608,9609,9610,9611,9612,9613,9615,9616,9617,9619,9620,9621,9622,9624,9625,9626,9627,9628,9629,9630,9631,9632,9633,9634,9635,9636,9637,9638,9639,9640,9641,9642,9643,9644,9645,9646,9647,9648,9649,9651,9653,9655,9656,9657,9658,9659,9660,9661,9663,9664,9665,9666,9667,9668,9669,9670,9671,9672,9673,9676,9677,9678,9679,9680,9681,9682,9683,9684,9685,9686,9687,9689,9690,9691,9692,9693,9694,9695,9696,9697,9698,9699,9700,9701,9703,9704,9705,9706,9707,9708,9709,9710,9711,9712,9713,9714,9716,9717,9718,9719,9720,9721,9722,9723,9725,9726,9727,9728,9729,9730,9731,9732,9733,9735,9736,9737,9738,9739,9741,9743,9744,9745,9747,9748,9749,9754,9755,9756,9757,9758,9759,9761,9762,9764,9766,9768,9769,9770,9771,9772,9774,9775,9776,9777,9778,9779,9780,9781,9782,9783,9784,9785,9786,9787,9788,9789,9790,9791,9792,9793,9794,9795,9796,9797,9798,9799,9800,9801,9802,9803,9804,9805,9806,9807,9808,9809,9810,9811,9812,9813,9814,9815,9816,9817,9819,9820,9821,9822,9823,9824,9825,9826,9827,9828,9830,9831,9832,9833,9834,9835,9836,9837,9838,9839,9840,9841,9843,9844,9845,9846,9847,9848,9849,9850,9851,9852,9853,9854,9855,9856,9857,9858,9859,9860,9861,9862,9864,9866,9867,9868,9869,9870,9871,9873,9874,9875,9876,9877,9878,9879,9880,9881,9882,9883,9885,9886,9887,9888,9890,9891,9892,9894,9895,9897,9898,9899,9900,9901,9902,9903,9904,9905,9906,9908,9909,9910,9911,9912,9914,9915,9917,9918,9920,9921,9924,9925,9926,9927,9928,9929,9930,9932,9933,9935,9937,9938,9939,9941,9942,9943,9944,9945,9946,9947,9948,9949,9950,9951,9952,9953,9955,9956,9957,9958,9959,9960,9962,9963,9964,9965,9966,9968,9969,9970,9971,9972,9973,9974,9975,9976,9978,9979,9980,9981,9982,9983,9984,9985,9986,9987,9988,9990,9991,9993,9995,9996,9997,9998,9999,10001,10002,10004,10005,10006,10008,10009,10010,10011,10012,10013,10014,10015,10017,10018,10020,10022,10023,10027,14312,14313,14314,14315,14318,14319,15560,15591,15592,15593,18694,18696,19949,19950,19951
"chr1,11499502",4,-20,-20,-20,3,6,12,-20,4,7,9,11,40,25,14,20,46,16,68,46,50,8,39,27,60,15,24,18,21,-20,13,11,4,-20,68,45,30,24,19,11,-20,20,5,14,16,59,17,47,12,10,16,-20,-20,19,22,18,50,39,22,39,36,18,28,29,54,39,25,60,47,14,29,18,28,19,32,42,25,5,10,10,15,20,22,6,9,29,15,70,32,10,16,27,28,33,40,35,-20,41,8,37,23,25,5,6,36,30,-20,35,49,9,9,-20,37,38,5,5,54,11,4,13,10,-20,10,7,33,11,-20,47,12,14,23,3,4,8,38,32,39,12,10,14,5,6,10,-20,44,6,7,27,11,5,8,6,14,24,16,-20,5,20,43,24,7,-20,8,6,-20,11,6,5,14,10,41,49,26,11,9,32,6,16,16,79,13,18,6,-20,16,4,14,21,6,10,12,12,4,6,10,13,13,10,21,14,9,19,31,14,35,28,26,39,3,21,24,22,21,30,9,18,27,7,17,16,9,11,14,33,15,8,19,18,38,30,25,23,42,56,8,8,13,19,19,17,31,14,17,18,6,30,8,20,10,21,27,12,13,9,22,16,27,12,15,13,12,22,15,17,13,10,12,17,17,27,16,23,16,17,23,8,36,65,40,35,10,26,4,27,8,25,7,-20,11,-20,7,20,7,11,68,24,35,-20,5,6,19,-20,7,4,12,31,34,-20,31,28,42,40,49,52,9,-20,4,4,-20,81,9,-20,18,21,6,7,3,22,9,30,8,9,10,8,32,10,10,30,82,20,7,51,8,14,10,11,-20,15,29,13,4,11,4,9,6,13,3,16,23,6,12,8,11,9,2,6,11,-20,9,9,9,9,7,42,4,10,8,50,13,5,7,9,5,17,12,11,22,11,8,14,5,7,-20,12,9,5,9,11,80,11,5,7,6,21,21,6,7,10,4,9,18,4,8,19,8,-20,-20,3,15,-20,6,12,14,10,9,25,7,7,25,21,11,3,59,17,10,5,6,9,9,5,5,14,4,11,7,5,16,7,9,8,34,17,5,5,9,10,13,11,8,6,7,13,-20,12,-20,4,6,3,16,10,8,-20,-20,12,9,6,6,-20,50,20,26,12,7,6,2,-20,11,8,12,24,10,-20,24,-20,12,15,5,15,8,7,7,15,11,4,34,5,23,6,5,9,11,36,-20,19,27,31,42,40,16,31,18,4,-20,41,31,7,-20,40,12,6,33,8,-20,6,30,-20,-20,8,14,-20,7,28,29,-20,16,18,5,4,5,12,16,12,9,13,10,11,19,14,35,6,6,31,23,8,16,-20,6,9,-20,4,10,4,19,21,3,-20,5,16,30,34,20,39,42,42,32,23,20,21,24,28,20,7,37,-20,13,14,11,18,13,9,15,21,19,25,26,14,11,45,11,12,6,16,27,22,15,16,34,16,4,7,10,22,22,11,78,32,38,50,37,20,30,33,17,35,37,27,33,36,17,15,58,67,38,10,17,16,69,8,5,10,14,19,49,21,14,20,29,12,31,37,6,16,13,86,28,36,31,31,5,13,-20,17,14,17,15,8,19,15,16,17,11,9,20,19,13,7,13,18,10,10,19,16,11,14,12,7,14,11,16,18,-20,21,9,5,10,12,17,13,8,8,9,19,13,11,14,13,12,7,10,18,13,19,8,3,10,7,15,17,9,7,10,11,15,16,10,17,11,13,10,10,11,8,8,2,10,15,10,18,-20,17,21,10,7,5,-20,9,21,16,12,22,9,5,4,6,11,9,14,5,10,20,7,8,6,6,12,4,10,10,7,3,7,12,17,7,5,5,9,13,8,9,3,9,23,6,12,6,5,5,3,-20,9,8,12,8,6,7,4,14,13,13,11,7,13,6,-20,7,13,15,13,12,15,7,14,12,8,5,-20,10,7,-20,-20,11,-20,18,13,9,23,12,10,11,10,11,13,14,9,12,13,6,15,4,18,17,10,6,7,12,12,14,9,-20,9,4,14,13,14,12,8,5,12,5,18,7,15,10,12,12,10,5,13,14,10,13,9,8,9,4,9,15,-20,14,-20,5,16,15,5,45,7,13,15,13,15,26,18,22,24,23,12,19,16,18,23,16,14,21,18,11,17,33,13,12,12,9,16,16,34,17,12,6,21,15,15,10,5,13,11,12,18,8,12,8,18,6,4,14,-20,13,3,3,6,8,10,7,5,13,17,5,6,11,13,10,10,-20,10,16,4,6,9,12,12,7,12,10,-20,13,9,5,11,7,11,7,13,5,-20,-20,6,-20,5,6,-20,7,-20,14,-20,12,13,10,5,15,8,15,16,16,14,6,8,7,7,7,7,9,-20,46,15,9,-20,11,16,10,11,18,14,6,8,5,9,7,3,9,17,6,3,4,16,10,13,-20,13,8,-20,8,7,19,7,9,24,6,17,-20,8,-20,4,9,-20,7,7,7,9,-20,10,9,5,9,7,8,5,12,-20,-20,9,10,8,8,5,3,11,-20,8,6,-20,9,17,-20,7,9,7,6,4,9,10,8,4,9,-20,10,3,7,9,-20,5,9,13,-20,7,4,4,6,4,14,18,12,4,-20,25,3,5,8,7,8,30,-20,17,24,15,27,36,62,37,38,72,36,49,42,34,26,34
"chr1,11499503",4,-20,-20,-20,3,6,12,-20,4,7,9,11,41,26,14,20,46,15,67,46,49,7,39,27,59,15,23,18,21,-20,13,11,4,-20,66,45,30,24,19,10,-20,19,5,13,14,56,17,47,11,10,17,-20,-20,19,23,17,49,38,22,38,36,18,29,29,54,39,25,59,47,14,28,18,28,19,30,41,25,5,10,10,16,20,22,6,9,29,15,70,32,9,17,28,28,35,40,33,-20,42,8,38,23,24,5,6,35,30,-20,35,50,9,9,-20,35,35,5,5,51,11,4,12,10,-20,10,7,34,11,-20,47,12,14,23,3,4,8,35,32,39,12,10,14,5,6,10,7,43,6,7,28,12,5,8,6,15,24,16,-20,5,20,43,23,7,-20,8,6,-20,11,6,5,15,10,40,47,27,11,9,32,6,16,16,79,12,18,6,-20,16,5,14,20,6,9,12,11,4,6,10,13,11,10,21,12,9,17,31,14,35,28,26,39,3,21,24,22,21,30,9,18,26,7,17,16,8,11,14,31,15,8,18,18,38,30,24,23,43,56,8,6,13,19,19,17,31,14,17,18,6,31,7,20,10,21,27,12,13,9,22,18,26,12,15,13,12,22,16,17,13,10,12,17,17,26,16,22,16,17,23,8,36,65,39,35,10,27,4,26,8,25,7,-20,10,-20,7,19,7,11,67,24,35,-20,5,-20,18,-20,7,4,12,31,34,-20,31,28,40,39,49,53,9,-20,3,5,-20,79,9,-20,18,22,5,7,3,23,9,31,8,-20,10,8,31,10,10,32,84,19,7,48,8,14,10,11,-20,15,29,13,4,11,5,9,6,12,3,16,22,6,12,8,11,9,2,6,11,-20,10,9,9,9,7,42,4,10,8,49,13,5,7,9,5,17,11,10,22,12,8,14,4,7,-20,10,9,5,9,10,80,11,5,7,6,21,21,6,7,10,4,9,17,4,8,19,8,-20,-20,3,15,-20,6,12,14,11,8,25,6,7,25,21,11,3,57,15,11,5,6,9,9,3,5,14,4,10,7,5,16,7,9,8,34,18,5,5,9,10,14,10,8,6,7,13,-20,11,-20,4,6,3,15,10,8,-20,-20,12,9,6,6,-20,50,19,25,12,7,6,2,-20,11,8,11,24,10,-20,24,-20,12,11,6,15,8,7,7,15,11,4,34,5,22,6,5,9,11,36,-20,17,27,31,41,40,16,32,17,4,-20,40,30,7,-20,38,12,6,32,8,-20,6,31,-20,-20,8,14,9,7,28,30,-20,16,18,5,4,5,12,15,12,8,13,10,11,20,14,35,6,6,31,25,8,15,-20,6,9,-20,4,8,4,18,21,3,-20,5,16,29,32,20,38,42,40,32,24,20,21,23,28,21,7,37,-20,13,15,11,18,13,9,15,23,19,26,27,14,12,45,12,11,6,16,29,22,16,16,34,16,4,7,10,21,22,-20,78,32,38,50,35,20,29,33,17,34,37,26,33,36,17,14,59,64,36,10,17,16,67,8,5,10,12,20,48,21,14,20,29,11,31,33,7,17,12,86,29,36,31,31,5,14,-20,17,14,17,15,8,19,14,16,17,11,9,20,19,13,7,13,18,10,10,19,17,11,14,12,7,14,11,17,19,10,21,9,5,-20,12,17,13,8,8,-20,19,13,12,14,14,13,7,10,18,13,19,7,3,10,7,15,18,9,7,10,11,15,15,10,17,11,15,11,11,11,8,8,2,10,15,10,18,-20,18,21,10,7,5,-20,9,21,15,12,22,9,5,4,6,11,9,15,5,10,20,7,8,6,6,12,4,10,10,7,3,7,12,17,7,5,6,9,13,8,9,3,9,23,6,12,6,5,5,3,-20,9,8,12,8,6,7,4,13,13,13,11,7,13,6,-20,7,13,15,13,12,15,7,14,12,8,6,-20,10,7,-20,-20,12,-20,18,13,9,23,12,10,11,10,11,13,14,9,12,14,6,15,4,17,17,10,6,7,12,12,14,9,-20,7,3,14,13,15,11,8,5,12,5,18,7,15,10,12,13,10,5,13,14,10,13,9,9,9,4,-20,15,-20,14,-20,5,16,15,5,45,7,13,15,13,15,26,18,24,24,23,13,19,16,18,23,16,14,21,18,11,17,33,14,12,12,9,16,17,35,17,12,6,21,15,15,10,5,13,11,12,19,8,12,9,18,6,4,14,-20,13,4,4,6,8,10,-20,5,13,17,5,6,12,13,10,10,-20,10,16,4,6,9,12,12,7,12,11,-20,13,9,5,11,7,11,7,13,5,-20,-20,6,-20,6,6,-20,7,-20,14,-20,12,13,10,5,15,8,15,16,17,14,6,8,7,7,7,7,9,-20,46,15,9,-20,11,16,10,11,18,16,6,7,5,9,7,3,9,17,6,3,4,16,-20,13,-20,14,9,-20,9,7,19,7,9,22,6,17,-20,7,-20,4,9,-20,7,6,7,12,2,9,8,5,-20,6,9,5,11,10,-20,11,10,9,8,5,4,7,-20,8,6,-20,9,17,3,6,7,4,8,4,9,10,8,-20,9,-20,11,3,7,10,-20,5,9,13,-20,6,4,5,5,4,14,16,12,3,-20,25,3,5,8,7,8,30,-20,16,24,14,26,37,64,37,38,72,36,50,42,33,26,34
"chr1,11499520",4,-20,-20,-20,-20,5,7,-20,-20,5,8,10,36,20,13,17,40,-20,55,43,38,6,35,25,44,12,25,22,21,-20,10,12,5,-20,54,47,28,22,16,9,-20,17,5,13,16,58,14,44,10,9,14,-20,-20,13,16,12,46,23,20,30,31,19,19,24,49,45,21,51,41,12,21,21,26,15,27,38,22,7,9,6,15,18,19,6,7,26,13,58,27,11,13,28,23,34,36,32,-20,35,7,34,20,23,5,-20,29,29,-20,36,43,8,9,-20,36,27,4,2,44,9,3,8,8,-20,9,7,35,10,-20,35,12,13,18,-20,-20,7,34,34,31,8,8,11,4,5,-20,6,35,4,6,29,10,4,7,6,8,22,16,-20,6,15,43,23,3,-20,4,5,-20,7,4,4,13,9,27,30,27,11,8,24,5,17,10,75,13,12,7,-20,12,6,13,16,4,6,12,-20,3,5,9,15,11,7,20,15,13,15,29,11,-20,19,10,29,3,17,22,21,20,18,7,13,19,8,13,9,8,8,15,25,13,11,13,18,29,27,18,18,39,54,8,9,10,20,14,14,33,12,13,19,7,27,7,23,-20,19,21,11,11,9,18,19,19,6,13,10,10,13,16,13,12,9,12,16,19,30,11,20,12,14,21,8,31,56,31,43,7,29,4,18,7,21,3,3,9,3,4,13,8,10,61,17,34,-20,4,6,16,-20,7,-20,11,24,25,-20,28,23,35,29,39,46,5,-20,4,3,-20,60,6,-20,19,15,6,4,-20,21,4,22,7,-20,8,7,24,10,6,27,71,13,4,51,8,10,8,10,4,10,30,6,4,9,4,6,6,11,3,14,21,5,9,6,8,6,-20,6,12,-20,6,10,7,7,6,35,2,8,8,40,10,3,7,13,5,18,5,11,14,9,7,13,3,6,-20,11,6,5,6,9,75,9,5,-20,5,19,21,5,6,9,3,6,17,4,-20,21,6,-20,5,-20,14,-20,5,12,11,9,8,19,11,7,26,18,13,3,40,12,16,3,5,7,11,-20,8,-20,-20,8,5,5,13,6,8,4,29,11,6,3,9,11,13,8,6,5,4,8,-20,10,-20,5,-20,3,11,7,7,-20,-20,9,10,-20,3,-20,42,18,24,8,5,3,-20,-20,8,6,8,17,9,-20,24,-20,14,9,7,13,6,5,6,13,9,-20,29,5,22,5,4,6,6,23,3,15,20,26,38,33,14,31,15,-20,-20,39,21,8,-20,38,11,4,28,9,-20,-20,27,-20,-20,7,10,10,8,9,27,-20,14,14,7,-20,5,10,9,11,5,10,11,8,17,7,34,5,4,23,28,6,12,-20,5,9,-20,4,6,3,15,26,3,-20,5,10,24,24,18,28,38,37,30,20,13,23,21,22,26,8,32,-20,9,12,8,17,13,7,12,25,16,23,22,18,9,42,13,11,7,13,25,20,15,13,36,16,6,5,12,20,18,9,74,26,33,53,27,15,21,31,15,26,37,22,19,36,19,16,66,55,22,10,13,13,56,13,5,11,11,22,38,21,16,17,27,9,29,31,5,19,13,73,28,37,32,28,7,15,-20,17,9,17,15,8,15,12,14,12,10,7,18,20,10,7,11,16,6,9,16,15,8,12,10,6,10,11,15,21,12,20,9,4,8,9,15,15,6,7,10,17,10,13,12,15,12,7,9,13,-20,18,7,3,7,10,14,15,5,4,11,6,17,16,9,16,9,17,8,12,9,-20,7,-20,10,8,10,14,-20,16,21,9,3,6,-20,7,20,15,13,19,10,3,3,7,11,7,15,6,7,20,6,8,7,6,10,-20,5,10,4,3,6,11,16,7,5,6,8,13,6,7,4,10,22,10,6,8,5,6,3,-20,8,9,9,-20,4,6,6,11,10,11,10,7,10,6,-20,5,12,10,12,11,15,7,13,11,9,5,-20,8,7,-20,-20,12,-20,18,10,9,17,9,11,11,9,12,15,14,8,10,13,6,15,4,19,15,-20,6,6,12,10,11,9,-20,5,3,12,11,16,12,-20,5,7,7,12,6,11,10,11,12,9,4,11,12,-20,11,6,8,6,5,8,11,-20,17,3,6,15,14,4,38,4,10,14,14,12,25,17,21,23,21,15,19,16,15,19,14,13,20,15,11,15,30,14,10,12,8,12,21,30,13,11,-20,16,13,15,10,7,8,10,10,18,7,9,8,16,6,3,14,-20,13,6,6,6,5,10,3,5,11,12,6,7,9,12,11,9,-20,11,13,4,6,7,11,9,7,13,9,-20,11,7,4,10,8,10,6,11,4,-20,-20,5,-20,6,6,-20,6,-20,10,4,14,10,7,7,13,4,14,19,12,12,6,5,7,7,7,6,10,-20,42,12,9,-20,12,14,8,11,13,14,7,7,5,8,7,3,10,16,4,4,4,14,7,12,-20,11,6,-20,8,8,14,6,7,20,5,17,-20,7,2,2,4,-20,5,-20,5,6,-20,4,-20,-20,11,5,10,4,6,10,-20,4,7,7,9,3,5,-20,-20,9,7,-20,5,14,-20,-20,4,-20,3,4,6,9,7,4,7,-20,14,3,11,7,-20,7,14,6,3,5,4,7,7,5,11,14,12,4,-20,21,-20,4,-20,7,7,28,-20,14,24,12,25,36,63,27,51,85,42,40,45,33,25,30
"chr1,11499525",4,-20,-20,-20,-20,5,6,-20,-20,5,8,10,40,19,13,15,40,13,52,46,36,5,32,22,40,11,22,23,22,-20,7,12,4,-20,54,47,26,19,11,8,-20,16,5,13,15,55,13,44,-20,9,11,4,-20,13,16,13,47,23,20,26,30,18,18,24,48,48,20,52,41,13,19,21,23,17,29,36,23,8,10,6,17,16,19,-20,6,25,13,57,27,13,14,26,22,37,40,30,-20,36,6,35,18,25,6,-20,29,28,-20,39,45,8,9,-20,33,25,4,-20,45,9,-20,8,8,-20,8,7,34,10,-20,35,11,12,18,-20,-20,6,31,30,35,8,8,10,4,5,8,6,32,5,5,30,8,3,7,7,8,22,14,-20,7,12,41,22,-20,-20,4,5,-20,4,-20,4,13,8,31,29,25,11,8,23,6,16,13,96,13,12,7,-20,13,5,13,14,3,7,9,8,-20,6,10,16,10,5,18,16,12,13,29,11,35,20,11,25,3,16,21,19,20,19,6,12,18,7,11,10,7,8,11,26,13,9,11,21,29,25,19,18,39,51,4,9,11,19,13,15,34,12,18,18,10,27,7,23,8,20,19,11,8,9,17,19,19,6,13,10,-20,14,16,14,10,8,10,12,22,29,13,21,13,12,20,8,29,47,30,43,7,30,-20,17,-20,20,-20,3,6,4,4,9,8,11,60,25,32,-20,4,5,16,-20,6,-20,11,25,26,-20,30,24,36,28,41,46,6,-20,4,3,-20,64,7,-20,20,13,5,5,-20,20,3,21,7,6,8,5,23,10,5,27,68,12,4,54,8,8,7,10,-20,11,29,8,4,9,5,6,5,12,3,10,19,3,7,6,8,7,-20,4,10,-20,6,9,7,6,6,33,2,6,8,39,11,3,7,13,5,18,7,9,14,6,7,13,3,5,-20,11,5,5,6,7,78,9,5,-20,5,20,20,4,6,8,3,5,16,4,7,21,6,-20,-20,-20,12,-20,5,11,12,8,8,20,11,7,27,19,11,3,34,12,16,3,5,5,8,-20,7,10,-20,5,7,5,10,6,9,3,23,9,6,3,8,11,13,8,6,5,4,7,-20,10,-20,5,-20,3,11,7,7,-20,-20,9,10,-20,3,-20,42,19,24,8,5,3,-20,-20,8,6,7,15,9,-20,23,-20,15,5,7,10,5,5,6,15,6,-20,30,5,23,5,5,6,6,23,3,17,21,24,40,33,12,31,14,-20,-20,36,22,7,-20,34,11,4,27,11,-20,-20,24,-20,-20,7,10,10,6,9,26,-20,14,14,-20,-20,5,10,7,11,5,11,11,8,19,8,35,5,6,23,30,6,12,-20,5,10,-20,3,7,3,14,23,-20,-20,5,10,26,22,15,25,34,41,29,18,11,20,19,23,28,-20,26,-20,7,10,9,16,13,7,11,24,15,23,19,18,8,40,12,10,7,12,25,19,14,13,39,17,6,3,12,14,19,5,74,23,31,54,26,12,21,33,18,32,37,22,18,28,18,16,67,51,24,10,12,16,51,14,4,13,11,21,38,22,20,16,26,9,32,31,5,19,13,74,29,39,34,24,8,15,-20,12,10,13,13,8,15,12,13,9,8,5,15,19,10,6,11,15,5,7,17,15,7,13,10,5,10,11,14,19,12,19,8,4,8,9,14,15,7,7,10,18,12,12,12,15,13,7,9,13,9,16,7,3,7,9,14,14,5,5,12,5,21,17,9,16,8,16,8,14,8,6,8,-20,9,9,8,11,-20,16,20,9,3,7,-20,7,20,11,12,17,10,4,3,7,10,6,15,6,8,20,6,8,7,6,9,5,4,9,4,3,6,11,13,8,5,6,7,12,4,7,3,9,20,9,6,7,5,5,4,-20,8,7,10,9,3,6,6,12,10,9,10,9,8,6,-20,5,12,10,11,9,18,6,13,9,9,4,-20,9,7,-20,-20,12,-20,16,11,9,16,10,12,9,9,12,12,14,7,10,12,5,14,4,15,18,7,5,5,10,10,10,7,-20,4,3,11,11,16,11,7,6,7,6,12,5,11,11,11,12,9,4,13,11,7,10,8,8,5,5,8,10,-20,14,3,6,14,10,4,32,4,9,14,13,13,22,17,20,23,22,17,18,16,15,18,12,15,18,15,13,14,27,12,9,12,7,13,23,28,13,9,5,14,12,16,11,6,9,8,12,17,7,11,8,17,6,4,14,-20,12,7,-20,9,5,10,-20,5,11,10,6,6,8,11,9,11,-20,10,13,4,6,9,11,10,7,15,11,-20,11,7,5,10,7,11,7,11,5,-20,-20,5,-20,5,6,-20,6,-20,11,3,13,10,7,6,13,6,16,19,12,11,8,8,6,7,8,8,10,-20,40,10,9,-20,12,12,5,11,14,14,8,7,5,9,7,-20,9,18,5,4,4,14,7,11,-20,11,6,-20,6,9,12,6,7,20,5,12,-20,8,-20,2,3,-20,6,-20,5,-20,-20,-20,-20,-20,11,3,9,7,6,9,-20,5,6,8,9,3,4,-20,-20,9,6,-20,-20,15,-20,-20,-20,-20,3,-20,5,9,5,-20,8,-20,11,6,12,5,-20,6,11,7,3,5,6,8,6,6,9,13,12,5,-20,21,-20,3,6,7,7,27,3,14,23,12,22,34,57,26,51,96,39,36,44,30,21,27
"chr1,11499526",4,-20,-20,-20,-20,5,6,-20,-20,5,8,10,37,19,13,15,40,-20,53,46,35,5,31,21,39,11,21,23,22,-20,7,12,4,-20,54,47,25,18,11,8,-20,16,5,13,12,55,13,44,8,9,11,-20,-20,13,15,13,45,22,20,26,30,18,16,24,49,48,20,48,41,13,18,20,23,17,27,33,23,7,10,5,17,16,19,-20,6,25,13,56,27,12,14,26,22,36,40,30,-20,36,6,35,17,24,6,-20,28,27,-20,36,45,8,9,-20,33,23,4,-20,44,9,-20,8,8,-20,8,7,34,10,-20,33,11,12,18,-20,-20,6,31,30,35,8,6,10,4,5,-20,6,32,5,5,30,8,3,6,7,8,22,14,-20,7,12,36,21,-20,-20,4,5,-20,4,-20,4,11,8,31,28,23,11,8,22,6,16,14,96,12,12,7,-20,12,5,13,14,3,7,9,6,-20,6,10,16,10,5,18,16,12,12,27,11,-20,20,11,25,3,16,21,19,20,18,5,12,18,7,11,10,7,8,11,25,12,9,10,21,29,26,17,18,38,51,4,9,11,19,13,13,33,12,17,18,10,27,7,23,8,18,19,11,9,8,17,19,19,6,13,10,8,14,16,14,10,-20,10,12,22,30,12,21,13,11,19,7,28,47,28,43,7,29,-20,17,7,20,-20,3,6,4,4,9,8,11,60,25,31,-20,3,5,16,-20,6,-20,11,24,25,-20,28,23,34,27,39,46,5,-20,4,3,-20,61,7,-20,19,13,5,5,-20,20,3,19,7,-20,8,5,23,9,4,27,64,11,4,54,8,8,7,10,-20,11,29,8,4,9,5,6,5,12,3,10,19,3,7,6,8,7,-20,4,10,-20,6,9,7,5,6,32,2,6,8,36,11,3,7,13,5,19,7,9,13,6,7,13,3,5,-20,11,5,5,6,7,79,9,5,-20,5,20,20,4,6,8,3,5,16,3,7,21,6,-20,-20,-20,12,-20,4,10,12,8,8,20,11,6,27,19,11,3,33,12,14,3,5,5,8,-20,7,9,-20,5,7,5,10,5,9,3,23,8,6,3,8,11,13,7,6,4,4,7,-20,10,-20,5,-20,3,9,7,7,-20,-20,9,10,-20,3,-20,41,19,25,7,5,3,-20,-20,8,6,7,14,8,-20,22,-20,15,5,7,10,4,5,6,14,5,3,29,5,23,5,5,6,6,23,2,17,21,24,40,32,12,31,14,-20,-20,36,22,7,-20,33,10,4,27,11,-20,-20,23,-20,-20,7,8,11,6,9,23,-20,13,14,8,-20,5,10,6,11,5,-20,11,8,21,8,35,5,6,23,31,6,12,-20,5,10,-20,3,7,2,13,23,-20,-20,5,10,26,21,15,24,34,40,29,18,11,20,19,23,28,8,26,-20,7,10,9,16,13,7,11,24,15,22,19,18,8,39,12,10,7,12,25,21,14,13,39,16,6,3,12,13,19,5,77,24,30,51,23,12,21,33,18,31,37,21,18,28,18,14,66,53,23,10,11,16,49,13,4,13,11,21,38,21,20,16,25,9,31,31,5,18,13,74,29,38,33,24,8,15,-20,12,10,13,13,8,15,12,13,9,8,5,15,19,10,6,11,16,5,7,16,14,7,13,10,5,9,11,14,19,12,19,7,4,8,9,13,15,7,7,10,18,12,12,12,15,13,7,-20,13,9,16,7,3,7,9,13,13,5,5,12,5,21,18,9,16,8,16,7,14,8,-20,8,-20,9,9,8,11,-20,16,20,9,3,7,-20,7,20,11,12,17,10,4,3,7,10,6,15,5,8,19,6,7,7,6,8,-20,4,9,4,-20,5,11,13,8,5,6,7,11,4,7,3,9,19,9,6,7,5,5,4,-20,8,7,10,-20,3,6,6,12,10,9,10,9,8,6,-20,5,12,10,11,9,18,6,13,9,9,4,-20,9,7,-20,-20,12,-20,15,11,9,16,10,12,9,9,12,11,14,7,10,12,5,13,4,15,18,-20,5,5,10,10,10,7,-20,4,3,11,10,15,12,7,6,6,6,12,5,11,11,10,10,9,4,-20,11,-20,10,8,8,5,5,8,10,-20,13,3,6,13,10,4,32,4,9,14,13,13,22,17,18,23,21,16,18,16,14,18,12,15,18,14,13,14,27,12,9,12,7,13,23,28,13,9,-20,13,12,16,11,6,9,8,12,17,7,11,8,17,6,4,14,-20,12,7,-20,9,5,10,-20,5,10,10,6,6,8,11,9,11,-20,10,13,4,6,9,11,10,7,15,11,-20,10,7,5,10,7,11,7,11,5,-20,-20,5,-20,5,6,-20,6,-20,11,3,13,10,6,6,12,6,17,19,12,11,8,8,6,7,8,8,10,-20,40,10,9,-20,12,12,5,11,14,12,8,7,5,9,7,-20,9,18,5,4,4,14,7,10,-20,10,7,-20,6,9,12,6,7,20,5,12,-20,8,-20,2,3,-20,6,-20,4,-20,-20,-20,3,-20,12,4,10,7,4,6,-20,5,6,9,8,-20,3,-20,-20,10,6,-20,-20,13,-20,-20,-20,-20,4,4,5,9,6,-20,6,-20,12,5,12,4,-20,6,11,-20,3,5,6,8,5,6,-20,13,13,5,-20,17,-20,-20,-20,7,-20,27,3,14,22,12,22,34,54,25,51,96,39,36,44,31,21,26
"chr1,11499530",4,-20,-20,-20,-20,5,4,-20,-20,5,8,7,33,21,14,14,39,11,51,45,36,5,31,22,41,11,20,25,20,-20,7,12,5,-20,53,50,22,17,12,8,-20,18,7,13,15,52,12,42,8,7,19,4,8,14,15,12,40,20,21,25,28,19,16,25,49,44,19,47,43,12,20,19,22,16,28,33,22,8,12,6,19,15,21,-20,6,25,13,57,27,12,13,25,20,39,38,35,-20,34,5,37,16,26,7,-20,27,25,-20,34,46,7,9,-20,33,22,3,-20,46,9,-20,8,10,-20,8,8,33,10,-20,36,11,12,17,-20,-20,6,29,27,40,8,6,10,4,5,8,6,34,-20,5,31,6,3,6,6,-20,19,14,-20,7,9,39,16,-20,-20,3,5,-20,4,-20,4,11,8,29,27,19,9,7,26,8,10,13,104,12,11,6,-20,12,6,15,14,3,8,10,6,-20,-20,11,12,13,4,15,16,12,12,27,12,33,16,10,25,3,12,22,19,19,18,5,14,20,7,10,11,7,5,11,23,11,6,7,21,26,26,17,17,36,48,3,10,11,18,11,12,35,13,15,17,10,28,10,23,8,18,16,11,9,8,18,19,19,5,13,10,-20,15,15,14,10,7,9,12,21,29,13,21,15,10,19,7,32,53,31,43,6,28,3,16,7,20,-20,3,7,4,4,8,10,10,60,27,31,-20,3,5,14,-20,6,-20,10,24,25,-20,25,24,35,27,38,44,6,-20,4,3,-20,61,6,-20,19,13,3,5,-20,20,3,16,6,-20,9,5,22,8,3,29,61,11,4,57,7,6,7,10,-20,10,26,9,3,8,5,5,6,11,-20,9,20,3,6,-20,8,7,-20,-20,11,-20,7,9,5,5,5,28,3,6,7,30,10,3,8,11,4,19,10,11,12,5,5,13,3,6,-20,11,-20,5,7,6,75,9,6,-20,3,18,19,4,8,8,3,5,16,-20,7,20,6,-20,-20,-20,12,-20,3,9,12,9,7,19,11,5,26,18,11,-20,29,12,14,3,4,6,7,-20,7,10,-20,4,7,4,-20,6,10,-20,21,10,6,3,8,11,13,7,6,3,-20,6,-20,9,-20,5,-20,3,11,8,7,-20,-20,8,9,-20,3,-20,39,20,27,6,5,3,-20,-20,7,6,6,13,9,-20,21,-20,16,5,7,9,3,5,6,11,5,3,29,6,24,5,4,5,6,23,2,15,20,24,39,33,12,28,17,-20,-20,37,22,7,-20,31,10,4,25,12,-20,-20,23,-20,-20,10,7,9,6,10,21,-20,14,14,6,-20,5,9,6,11,8,8,11,8,22,7,34,4,7,23,27,6,11,-20,5,10,-20,3,5,3,11,23,-20,-20,5,9,24,21,17,23,31,42,28,19,15,21,19,23,28,8,25,-20,7,10,10,17,14,-20,11,26,16,23,19,18,8,41,11,11,7,11,24,21,12,11,36,16,6,3,12,16,19,7,72,25,35,51,25,13,23,34,18,30,33,23,18,26,16,19,67,58,23,11,11,16,51,15,-20,13,11,23,36,20,20,18,24,8,30,32,6,18,11,76,30,38,34,23,8,13,-20,17,-20,15,13,8,15,10,12,9,7,5,16,19,10,6,12,16,5,7,16,14,7,13,9,6,10,11,14,17,12,18,7,4,8,10,13,14,5,7,9,20,12,13,12,14,13,6,10,13,9,15,7,-20,7,9,13,13,6,6,11,6,20,18,9,16,9,16,8,15,8,6,8,-20,10,-20,8,10,-20,15,21,11,3,7,-20,7,20,9,12,16,9,4,3,7,12,6,15,4,10,20,7,7,7,7,8,5,4,9,4,3,6,9,12,8,5,7,5,12,4,7,2,10,20,9,6,8,5,5,6,-20,8,7,10,9,4,6,6,12,9,9,9,10,7,8,-20,5,11,9,11,7,16,6,13,8,10,4,-20,9,8,-20,-20,13,-20,15,11,9,16,11,12,9,10,12,12,15,9,9,12,4,15,4,14,17,8,4,5,10,9,11,7,-20,4,4,12,10,16,12,7,7,6,7,10,5,13,11,11,10,10,5,13,11,7,10,8,8,5,6,8,10,-20,14,3,5,13,10,4,29,-20,11,12,13,17,22,19,17,23,22,16,19,14,16,19,12,15,19,16,13,12,27,12,10,12,8,14,24,26,13,8,7,14,12,17,12,6,9,8,12,18,8,11,8,21,5,4,14,-20,12,6,8,8,5,10,-20,5,10,10,6,7,8,11,7,11,-20,10,13,4,6,7,10,7,8,15,11,-20,10,7,7,10,7,12,7,10,4,-20,-20,5,-20,5,6,-20,6,-20,11,3,14,10,7,6,13,7,17,17,11,11,7,8,6,7,8,-20,9,-20,36,10,10,-20,11,12,6,11,14,12,8,5,5,8,7,-20,8,20,6,4,4,14,7,10,-20,10,7,-20,7,9,12,6,7,20,5,12,-20,4,-20,-20,4,-20,3,-20,5,-20,-20,-20,-20,-20,11,4,6,6,3,4,-20,5,-20,9,6,-20,-20,-20,-20,10,6,-20,-20,11,-20,-20,-20,-20,3,4,4,-20,3,2,6,-20,8,4,10,-20,-20,5,-20,-20,-20,-20,4,8,-20,5,5,8,9,6,-20,13,3,-20,6,7,-20,28,3,11,22,14,22,34,54,23,50,96,41,40,38,31,22,24
"chr1,11499534",3,-20,-20,-20,-20,-20,3,-20,-20,5,7,7,32,21,12,10,39,12,51,42,36,5,31,22,36,11,19,25,19,-20,6,12,5,-20,52,49,20,16,9,9,-20,17,7,13,15,51,10,40,9,7,15,-20,8,14,10,11,44,19,21,26,25,19,13,29,47,44,19,44,43,10,19,20,17,16,27,31,21,8,10,6,19,15,22,-20,4,22,13,57,23,10,12,24,20,36,39,34,-20,29,5,35,16,24,6,-20,27,23,-20,33,47,7,9,-20,32,22,3,-20,44,9,-20,7,7,-20,7,6,32,8,-20,36,11,7,14,-20,-20,4,25,25,40,-20,5,10,4,-20,-20,6,28,-20,5,27,6,-20,6,6,6,17,13,-20,6,9,39,15,-20,-20,3,5,-20,3,-20,3,11,8,26,27,19,6,7,22,8,10,12,107,12,-20,6,-20,12,6,15,15,4,6,10,-20,-20,-20,11,12,15,4,15,16,12,10,27,12,32,14,9,23,3,9,22,21,16,22,5,15,18,7,8,12,6,5,11,21,10,6,8,22,26,25,17,16,33,48,-20,10,10,17,11,11,34,14,15,18,9,30,10,24,8,18,14,12,9,8,18,18,17,-20,12,9,10,15,15,15,10,8,8,12,21,30,14,21,14,9,18,7,29,50,30,41,6,29,4,17,8,24,-20,3,6,4,3,7,10,9,51,23,31,-20,-20,5,13,-20,6,-20,9,25,23,-20,26,24,34,25,38,44,5,-20,4,3,-20,59,6,-20,20,12,3,5,-20,19,-20,16,6,8,9,5,21,9,4,30,58,11,3,59,7,6,7,10,-20,9,24,8,3,6,7,5,6,10,-20,7,19,3,6,-20,8,7,-20,-20,12,-20,7,7,5,3,5,26,3,4,7,26,10,-20,8,11,5,18,8,10,12,5,5,10,4,6,-20,11,-20,5,6,5,74,8,5,-20,-20,16,19,4,9,7,3,5,16,-20,7,20,6,-20,-20,-20,12,-20,3,8,12,9,7,18,10,5,24,17,11,3,25,11,13,4,3,6,-20,-20,7,11,-20,4,6,4,6,6,10,-20,17,-20,4,-20,9,10,13,6,6,3,-20,6,-20,10,-20,4,-20,-20,10,6,6,-20,-20,8,8,-20,-20,-20,37,21,26,7,4,3,-20,-20,7,6,6,11,7,-20,18,-20,16,5,6,8,3,5,6,10,5,3,29,4,24,5,4,6,7,18,2,14,22,22,39,33,11,29,16,-20,-20,36,23,7,-20,30,9,4,23,12,-20,-20,23,-20,-20,9,6,9,5,8,22,-20,12,12,4,-20,5,7,6,11,8,6,12,7,21,7,33,5,8,22,24,6,9,-20,3,9,-20,3,3,3,11,24,-20,-20,4,9,23,19,17,19,28,41,27,17,14,19,17,21,27,8,23,-20,5,8,9,16,14,7,10,24,12,20,16,16,7,38,9,10,6,11,25,21,12,11,35,15,6,3,12,16,21,-20,76,23,37,50,24,13,17,35,17,29,28,20,17,26,12,20,66,59,21,11,9,15,47,16,-20,16,6,22,34,18,20,18,17,-20,26,31,6,20,10,71,25,36,36,23,8,13,-20,15,10,14,11,8,14,11,11,8,7,4,14,14,8,5,10,16,3,7,12,13,4,10,9,6,11,11,14,17,12,18,6,4,8,9,13,14,-20,6,8,20,9,12,12,13,12,6,9,13,8,13,7,-20,7,9,11,12,5,4,9,6,20,17,6,16,9,13,8,11,8,6,8,-20,9,8,7,10,-20,13,18,11,-20,7,-20,7,20,9,11,13,9,-20,3,7,11,6,14,4,10,17,6,7,7,7,8,5,4,8,-20,3,6,8,12,8,3,7,5,13,4,6,2,9,17,9,6,8,4,6,6,-20,8,7,10,7,-20,5,7,9,7,8,10,10,6,8,-20,-20,10,7,10,5,16,-20,13,8,10,4,-20,8,7,-20,-20,13,-20,13,11,9,14,-20,11,9,10,11,10,13,9,8,11,4,15,3,15,16,8,4,4,9,8,10,7,-20,4,-20,10,11,15,11,5,7,6,7,8,5,11,11,10,10,9,5,13,11,7,9,8,8,3,6,8,8,-20,14,3,-20,13,11,-20,24,-20,13,9,11,14,20,17,14,23,21,15,17,12,11,17,11,15,19,14,12,12,23,12,11,12,8,12,21,24,11,8,6,12,12,17,12,6,9,8,12,15,7,10,6,20,4,3,14,-20,12,6,7,8,5,10,-20,4,9,9,6,7,8,8,6,10,-20,9,12,4,6,7,9,6,8,15,11,-20,9,7,7,10,6,9,5,10,4,-20,-20,5,-20,5,6,-20,-20,3,11,3,9,7,6,5,11,6,16,16,10,8,-20,8,3,5,6,-20,7,-20,33,9,9,-20,11,10,5,11,14,11,8,4,4,7,6,-20,8,20,6,4,4,13,5,9,-20,10,7,-20,6,9,12,4,7,19,4,9,-20,5,-20,-20,-20,-20,4,-20,-20,-20,-20,-20,-20,-20,10,4,6,6,5,6,-20,5,-20,7,7,-20,-20,-20,-20,10,5,-20,-20,10,3,-20,-20,-20,6,4,4,-20,-20,2,6,-20,8,4,11,-20,-20,5,6,5,-20,4,4,8,3,6,4,6,7,6,-20,13,3,-20,7,-20,-20,26,3,9,19,14,22,33,45,24,50,96,39,40,37,29,20,23
"chr1,11499535",3,-20,-20,-20,-20,-20,3,-20,-20,5,6,7,32,22,12,10,40,12,50,43,35,4,32,22,36,11,22,27,19,-20,6,12,5,-20,52,49,18,16,9,9,-20,18,7,11,16,50,10,42,9,5,14,4,8,14,10,11,44,20,20,26,26,19,12,29,46,44,18,43,42,10,19,20,17,16,28,29,19,8,11,-20,18,13,23,-20,4,22,14,54,21,11,12,24,18,35,39,36,-20,28,4,37,15,24,6,-20,28,23,-20,35,47,7,8,-20,32,22,3,-20,44,9,-20,7,7,-20,5,5,32,7,-20,36,11,6,15,-20,-20,4,26,25,41,-20,4,10,4,-20,-20,6,28,3,5,27,5,-20,6,5,7,16,12,-20,6,9,39,15,-20,-20,3,5,-20,3,-20,3,11,7,26,27,19,6,7,23,8,10,10,107,12,9,6,-20,12,6,15,16,4,6,10,-20,-20,-20,10,12,15,5,15,13,12,9,27,11,32,13,9,23,-20,9,22,21,15,22,5,14,18,6,8,12,6,5,11,22,10,6,8,22,28,24,15,15,33,48,-20,11,10,16,11,11,33,14,14,18,8,30,10,23,8,18,14,12,9,7,19,18,16,-20,12,9,10,11,15,15,10,8,8,11,21,28,15,20,13,9,16,7,29,47,30,41,-20,29,4,17,8,24,-20,3,6,4,3,6,9,9,51,23,31,-20,-20,5,13,-20,6,-20,9,26,24,-20,26,24,34,26,38,44,5,-20,4,3,-20,60,6,-20,20,12,3,5,-20,19,-20,16,6,8,9,5,21,9,4,30,60,11,3,59,7,5,7,11,3,9,23,9,3,6,7,6,6,10,-20,-20,18,3,6,6,6,7,-20,-20,12,-20,7,7,5,4,5,23,4,4,7,26,10,-20,8,11,7,18,7,10,12,5,5,10,4,6,-20,11,-20,5,6,5,72,8,4,-20,3,14,19,4,9,7,-20,5,16,-20,7,20,6,-20,-20,-20,12,-20,3,8,11,9,7,17,10,5,24,16,11,3,24,10,14,4,3,6,-20,-20,7,10,-20,4,6,4,5,6,10,-20,16,9,4,-20,9,10,13,6,5,3,-20,6,-20,10,-20,4,-20,-20,10,6,6,-20,-20,8,7,-20,-20,-20,37,22,26,6,4,3,-20,-20,7,6,6,11,7,-20,18,-20,16,4,5,8,-20,5,6,10,5,3,29,4,23,5,4,6,7,18,2,14,21,23,41,34,11,29,16,-20,-20,36,23,7,-20,30,8,4,23,11,-20,-20,23,-20,-20,-20,6,9,4,8,22,-20,11,11,4,-20,5,6,4,11,8,6,12,7,21,7,34,5,-20,22,24,6,9,-20,3,9,-20,-20,3,3,11,24,-20,-20,5,6,24,19,17,21,28,41,27,17,14,19,16,21,27,8,22,-20,4,6,9,16,13,-20,10,22,12,18,16,16,6,35,9,10,6,8,25,20,12,11,34,15,6,3,11,16,21,-20,76,23,37,48,24,14,17,35,18,28,27,20,17,27,12,20,65,59,21,11,11,15,47,17,-20,15,6,23,34,18,20,20,15,8,27,31,6,21,10,68,26,36,36,24,8,14,-20,14,9,13,11,8,14,11,11,8,7,4,12,11,8,5,10,16,3,6,12,13,4,9,9,6,10,11,14,16,12,18,6,3,7,9,13,14,-20,6,8,20,9,12,12,13,12,5,9,13,8,12,7,-20,7,9,11,11,5,4,9,6,19,17,6,15,9,13,8,11,8,6,8,-20,8,8,6,9,-20,13,18,11,-20,7,-20,6,20,9,11,12,9,-20,3,7,11,6,13,4,10,17,6,7,-20,7,8,5,4,8,-20,3,5,8,12,8,3,7,5,13,4,6,2,8,16,9,6,8,4,6,5,-20,8,7,10,7,-20,5,7,9,7,8,10,10,6,7,-20,4,9,7,-20,4,16,-20,12,8,10,4,-20,7,7,-20,-20,13,-20,11,11,9,14,9,11,9,10,11,9,13,9,8,12,4,14,3,14,16,8,4,4,9,8,10,7,-20,4,-20,11,10,14,11,5,7,6,7,8,5,11,10,9,9,8,5,13,11,7,9,8,8,3,6,8,8,-20,13,3,5,11,11,-20,23,-20,12,9,10,13,19,16,12,23,21,15,17,11,11,16,11,15,18,14,12,12,20,12,10,12,7,12,20,24,10,8,6,12,12,16,12,6,9,8,11,15,6,10,6,21,3,3,13,-20,12,6,7,8,5,10,-20,3,9,9,6,7,8,8,6,10,-20,9,10,4,6,6,9,6,8,15,10,-20,9,7,7,10,6,9,4,9,4,-20,-20,5,-20,5,6,-20,4,3,11,3,8,7,6,5,11,6,16,16,8,8,-20,8,3,5,6,-20,7,-20,31,9,9,-20,11,10,5,11,14,11,8,3,4,7,6,-20,8,20,6,4,4,12,5,9,-20,10,7,-20,6,8,12,4,6,19,4,9,-20,5,-20,-20,5,-20,4,-20,-20,-20,-20,-20,-20,-20,12,4,6,7,5,5,-20,5,-20,6,8,-20,3,-20,-20,10,5,-20,-20,10,-20,-20,-20,-20,7,4,4,-20,3,-20,6,-20,9,4,12,-20,-20,7,7,5,-20,-20,4,8,4,7,5,8,8,6,-20,12,3,-20,6,-20,-20,26,3,10,19,14,22,32,45,25,50,96,40,40,37,28,21,22
"chr1,11499537",-20,-20,-20,-20,-20,-20,-20,-20,-20,5,6,7,32,21,13,10,41,11,49,45,35,4,32,23,34,11,22,26,20,-20,6,12,5,-20,49,48,18,15,9,9,-20,17,8,11,16,52,10,39,9,4,15,4,8,12,10,10,44,19,21,26,26,19,12,29,48,45,18,42,44,10,17,19,17,16,27,28,20,8,11,-20,18,13,23,-20,4,22,14,53,20,11,11,24,18,36,40,34,-20,28,4,37,13,24,6,-20,26,21,-20,36,47,-20,8,-20,33,25,3,-20,42,9,-20,7,7,-20,6,5,31,7,-20,35,11,6,15,-20,-20,4,26,24,41,-20,4,10,-20,-20,-20,6,26,3,5,28,5,-20,-20,5,7,16,11,-20,6,9,40,15,-20,-20,3,5,-20,3,-20,3,10,7,26,27,21,6,6,23,8,11,10,107,12,7,6,-20,12,6,15,17,3,7,10,-20,-20,-20,10,12,15,5,16,13,12,9,27,11,32,13,9,23,-20,9,21,21,11,22,5,14,18,6,9,11,7,5,10,20,10,7,8,20,26,23,15,13,33,48,-20,11,11,12,10,11,33,14,15,18,8,30,10,23,8,15,14,10,7,7,18,18,14,-20,11,9,10,11,14,15,10,8,8,11,19,25,15,21,12,9,17,7,29,48,28,40,6,29,4,17,8,26,-20,3,6,4,3,5,9,7,50,23,29,-20,-20,5,12,-20,-20,-20,9,24,23,-20,28,23,33,27,37,44,5,-20,4,3,-20,60,5,-20,18,10,3,5,-20,18,-20,15,6,8,8,5,21,9,4,30,59,11,3,58,7,5,7,11,4,8,22,9,3,6,-20,6,6,10,-20,6,17,3,6,6,6,7,-20,-20,11,-20,7,5,4,-20,5,21,4,4,7,26,9,-20,7,11,7,18,7,10,13,6,4,9,3,6,-20,10,-20,5,6,5,75,8,4,-20,3,10,19,3,9,7,-20,5,16,-20,7,20,6,-20,-20,-20,11,-20,3,8,11,9,7,17,10,5,24,17,12,3,23,11,13,4,3,6,7,-20,6,9,-20,-20,6,4,4,6,10,-20,15,8,4,-20,-20,10,13,6,-20,-20,-20,6,-20,10,-20,4,-20,-20,9,6,6,-20,-20,8,6,-20,-20,-20,35,23,26,9,-20,-20,-20,-20,8,5,6,11,5,-20,18,-20,16,4,5,7,-20,5,6,10,5,3,28,4,23,6,4,6,7,18,-20,14,19,23,40,33,11,28,15,-20,-20,36,23,7,-20,28,7,4,23,11,-20,-20,23,-20,-20,-20,4,10,3,8,22,-20,11,10,4,-20,5,4,4,11,8,6,12,7,21,5,33,5,8,20,23,6,8,-20,3,9,-20,-20,3,3,10,24,-20,-20,5,6,24,19,16,21,28,39,27,16,15,18,16,21,27,7,22,-20,3,6,9,16,13,6,10,22,12,17,16,16,6,35,9,10,6,-20,25,20,12,11,34,14,6,3,11,19,21,-20,77,23,36,47,25,15,16,36,18,29,27,19,16,27,10,20,65,59,21,11,11,14,46,14,-20,15,7,23,35,18,20,20,15,8,26,28,7,21,10,62,30,37,36,24,8,15,-20,14,9,11,11,8,14,10,11,8,7,4,11,11,8,5,10,16,3,6,11,13,4,9,9,6,10,11,14,16,12,18,6,3,7,9,13,14,-20,6,10,19,9,12,12,13,12,5,9,13,8,12,7,-20,7,10,11,11,5,4,9,6,20,17,6,15,9,13,8,11,8,6,8,-20,8,-20,6,8,-20,13,18,11,-20,7,-20,6,20,9,11,12,9,-20,-20,7,11,6,13,4,10,17,6,7,7,7,8,5,4,8,-20,3,-20,8,12,8,3,7,5,13,4,6,2,8,16,9,6,8,4,6,5,-20,8,7,11,7,-20,5,7,9,7,8,10,10,6,7,-20,4,9,7,10,4,17,-20,12,8,10,4,-20,7,7,-20,-20,13,-20,11,11,9,14,9,11,9,10,11,9,13,9,-20,12,4,14,3,14,16,8,4,4,9,8,10,7,-20,4,-20,11,10,15,11,6,7,6,7,8,5,11,10,9,9,8,5,13,11,7,9,8,8,3,6,8,8,-20,14,3,5,10,11,-20,22,-20,12,9,10,13,19,16,11,22,21,15,16,11,11,16,11,15,18,14,12,12,20,13,10,12,7,11,20,24,10,8,6,12,12,16,12,6,9,8,11,15,6,10,6,19,3,3,13,-20,12,6,7,8,5,10,-20,3,9,9,7,7,8,8,6,10,-20,9,10,4,6,6,9,6,8,15,10,-20,9,7,7,10,6,9,4,10,-20,-20,-20,5,-20,4,6,-20,4,3,11,3,7,7,6,5,11,6,16,16,8,8,-20,8,3,5,7,-20,7,-20,31,9,9,-20,11,10,5,11,14,11,7,3,4,7,6,-20,8,20,6,4,4,12,5,9,-20,10,7,-20,6,8,12,4,6,19,4,9,-20,5,-20,-20,5,-20,3,-20,4,-20,-20,-20,-20,-20,12,3,4,6,4,6,-20,3,-20,6,-20,-20,-20,-20,-20,9,5,-20,-20,7,4,-20,-20,-20,-20,5,-20,-20,-20,2,4,-20,6,4,10,-20,-20,5,6,-20,-20,4,-20,7,3,4,5,-20,8,6,-20,13,3,-20,7,-20,-20,24,3,10,17,13,21,32,44,24,50,96,40,34,35,30,21,23
"chr1,11499539",-20,-20,-20,-20,-20,-20,-20,-20,-20,-20,6,7,31,22,13,10,39,12,50,44,35,4,33,21,33,11,20,26,21,-20,6,12,5,-20,52,45,18,12,9,9,-20,18,5,10,16,50,11,39,9,4,15,4,7,12,8,10,49,19,19,26,24,19,12,29,49,45,20,41,42,11,17,20,17,17,26,29,19,8,11,-20,17,12,22,-20,4,21,13,52,19,12,11,25,16,35,40,35,-20,28,4,36,12,23,6,-20,25,20,-20,37,48,7,8,-20,30,25,3,-20,41,9,-20,7,7,-20,6,-20,31,-20,-20,35,11,-20,15,-20,-20,-20,24,24,41,-20,-20,10,-20,-20,-20,-20,25,3,5,25,5,-20,-20,5,7,15,10,-20,6,8,42,14,-20,-20,3,5,-20,-20,-20,3,10,7,25,25,21,6,6,21,8,11,10,101,12,6,6,-20,11,6,15,17,3,7,10,6,-20,-20,9,12,15,5,12,13,12,8,26,11,33,11,8,23,-20,-20,21,21,11,23,5,13,18,6,9,10,6,4,10,20,9,8,8,20,23,23,16,14,33,48,-20,11,11,12,9,11,33,14,15,17,7,29,13,23,8,15,13,9,5,7,17,18,13,-20,11,9,10,11,14,12,10,8,8,10,20,26,15,21,12,9,16,9,28,48,28,40,6,29,4,16,-20,24,3,3,6,4,3,4,8,7,49,30,22,-20,-20,5,11,-20,-20,-20,9,25,21,-20,27,21,33,26,38,44,4,-20,4,3,-20,57,5,-20,17,10,3,5,-20,18,-20,15,7,9,7,5,21,9,4,29,55,10,3,58,7,-20,7,10,4,7,21,9,3,6,7,6,6,9,-20,6,17,3,6,6,5,7,-20,-20,10,-20,7,4,5,-20,5,22,5,4,7,26,8,-20,7,11,6,18,8,9,13,6,4,9,3,6,-20,9,-20,5,6,5,74,8,4,-20,3,10,18,4,9,7,-20,5,16,-20,7,20,6,-20,-20,-20,11,-20,3,8,10,10,7,17,11,5,24,17,12,3,23,13,13,4,4,6,7,-20,6,7,-20,-20,-20,4,5,6,10,-20,12,8,4,-20,-20,11,13,6,-20,-20,-20,7,-20,9,-20,4,-20,-20,10,6,-20,-20,-20,8,6,-20,-20,-20,35,23,25,8,-20,-20,-20,-20,8,5,6,9,5,-20,15,-20,16,4,5,7,-20,6,6,9,7,3,28,4,23,6,4,6,7,16,-20,14,20,23,41,32,11,27,14,-20,-20,35,22,7,-20,27,7,4,22,11,-20,-20,22,-20,-20,-20,5,10,4,7,21,-20,12,9,4,-20,4,5,5,11,8,6,12,7,21,6,35,5,7,-20,25,6,8,-20,3,8,-20,-20,-20,3,10,23,-20,-20,7,6,22,19,16,21,28,40,25,17,14,17,16,22,25,5,20,-20,3,7,9,15,13,6,10,22,13,18,17,16,6,35,9,10,6,9,24,19,12,12,34,15,6,3,11,17,20,-20,72,22,35,42,27,15,13,36,17,29,27,19,15,26,9,22,63,56,21,11,12,13,44,14,-20,14,6,23,33,17,20,19,15,8,26,28,7,20,10,60,28,35,36,24,8,15,-20,13,9,11,11,8,13,10,11,8,7,4,12,11,8,-20,10,16,3,6,12,14,4,10,10,6,10,11,14,16,12,18,6,3,7,9,-20,14,-20,6,10,19,9,11,12,13,12,-20,-20,13,8,12,7,-20,5,11,10,11,5,4,10,6,20,17,6,15,9,13,8,11,8,6,8,-20,8,8,6,8,-20,13,17,11,-20,7,-20,-20,18,7,11,12,9,-20,3,7,11,6,13,4,10,17,6,7,7,7,7,5,-20,8,-20,3,5,8,12,8,3,7,6,12,3,6,2,8,16,9,6,8,4,6,-20,-20,8,7,10,8,-20,5,7,9,7,8,10,10,6,6,-20,4,9,7,10,4,17,-20,12,8,10,4,-20,7,7,-20,-20,14,-20,11,11,10,14,9,11,9,10,11,9,13,10,8,12,4,14,3,15,15,8,4,4,9,8,10,7,-20,4,4,11,10,15,-20,7,7,-20,7,8,5,11,11,9,9,8,5,14,11,7,9,8,8,3,7,8,8,-20,14,3,5,10,10,-20,19,4,12,9,9,14,20,16,11,22,21,15,16,11,11,16,11,15,18,14,12,12,20,13,10,12,7,11,20,23,10,7,6,12,12,16,13,6,9,-20,11,14,6,10,6,20,4,3,13,-20,12,6,7,8,5,10,-20,3,9,9,7,7,8,8,6,10,-20,9,10,4,6,6,9,6,8,15,10,-20,9,7,7,11,6,9,4,10,-20,-20,-20,5,-20,4,6,-20,4,3,11,3,7,9,6,5,11,6,15,18,8,8,-20,8,3,5,7,-20,7,-20,31,9,9,-20,11,10,5,11,14,12,7,3,4,7,7,-20,-20,20,6,-20,4,11,-20,9,-20,10,7,-20,6,8,14,4,6,19,4,9,-20,6,-20,-20,5,-20,3,-20,4,3,-20,-20,-20,-20,10,3,3,6,-20,5,-20,-20,-20,8,3,-20,-20,-20,-20,9,5,-20,-20,5,-20,-20,-20,-20,7,5,-20,-20,-20,-20,5,-20,-20,4,10,-20,-20,5,6,4,-20,3,3,6,4,6,-20,6,8,6,-20,14,3,-20,7,-20,-20,24,4,10,17,10,21,29,42,25,50,111,40,35,34,28,21,23
"chr1,11499540",-20,-20,-20,-20,-20,-20,-20,-20,-20,-20,4,7,29,22,13,11,39,12,50,43,35,4,32,21,34,11,21,26,21,-20,-20,12,6,-20,51,44,18,14,9,9,-20,18,5,10,17,50,11,38,9,4,15,-20,7,9,-20,10,49,18,18,24,24,19,13,29,50,46,20,41,41,11,16,20,15,17,26,29,19,8,10,-20,17,12,22,-20,4,21,13,53,19,11,11,26,16,37,41,37,-20,27,4,36,12,23,5,-20,24,20,-20,36,47,7,8,-20,32,24,-20,-20,40,9,-20,7,7,-20,6,-20,32,-20,-20,35,12,-20,15,-20,-20,-20,24,22,41,-20,-20,11,-20,-20,-20,-20,25,3,5,26,4,-20,-20,5,7,15,11,-20,-20,8,42,14,-20,-20,3,5,-20,-20,-20,3,10,7,25,25,21,6,6,22,8,11,10,103,12,6,6,-20,11,6,15,17,3,7,10,6,-20,-20,9,12,15,5,12,13,12,8,26,11,33,11,8,23,-20,-20,20,21,11,23,5,13,17,6,9,9,6,4,10,21,8,8,7,20,25,22,15,14,33,48,-20,11,11,12,9,11,37,14,15,16,7,30,13,23,8,15,13,9,5,8,16,18,13,-20,12,9,10,11,14,12,10,7,8,9,19,27,15,21,12,10,16,9,28,48,27,39,-20,27,4,16,8,24,3,3,6,5,3,3,8,7,49,30,22,-20,-20,5,12,-20,-20,-20,7,24,21,-20,27,21,33,26,38,44,4,-20,4,3,-20,57,6,-20,18,11,3,5,-20,18,-20,16,7,8,6,5,21,8,-20,29,56,-20,4,59,7,-20,7,10,4,6,21,9,3,6,7,5,5,9,-20,6,17,3,6,6,5,7,-20,-20,10,-20,7,4,5,-20,-20,21,-20,4,7,26,8,-20,7,11,6,19,8,9,12,6,4,10,3,6,-20,9,-20,4,6,5,74,9,5,-20,3,10,18,3,9,7,-20,5,16,-20,7,21,6,-20,-20,-20,11,-20,3,9,10,9,6,16,12,5,24,18,12,3,23,13,13,4,4,6,5,-20,5,7,-20,-20,-20,4,6,6,10,-20,13,8,4,-20,-20,10,13,6,-20,-20,-20,7,-20,9,-20,4,-20,-20,10,5,6,-20,-20,8,6,-20,-20,-20,34,23,24,8,-20,-20,-20,-20,7,5,6,9,5,-20,15,-20,15,4,5,7,-20,6,6,9,8,4,27,4,22,6,4,6,7,17,-20,14,18,25,41,32,11,26,14,-20,-20,33,21,6,-20,29,7,4,21,11,-20,-20,22,-20,-20,-20,5,10,4,7,21,-20,13,7,4,-20,4,5,4,11,-20,6,12,7,19,6,36,5,7,19,25,6,8,-20,3,8,-20,-20,-20,3,9,23,-20,-20,7,6,23,19,16,21,28,40,26,17,14,17,16,22,25,4,20,-20,3,7,8,15,13,6,8,21,12,18,17,16,6,34,9,10,6,9,22,17,12,11,34,16,6,3,11,17,20,-20,73,21,35,42,27,15,14,37,17,28,27,19,15,26,9,22,63,59,22,11,12,13,45,14,-20,14,6,23,34,17,20,19,15,8,26,28,7,19,10,54,27,35,37,23,8,15,-20,14,9,11,10,8,11,10,10,8,8,4,12,10,7,-20,10,16,3,6,11,14,4,-20,9,5,10,11,14,15,11,18,6,2,7,9,-20,14,-20,5,10,19,9,10,12,13,12,-20,9,12,8,12,7,-20,4,11,7,11,4,4,10,7,20,17,5,15,9,11,7,11,8,6,8,-20,7,-20,6,7,-20,13,17,10,-20,6,-20,-20,18,6,11,12,9,-20,3,5,11,6,13,3,10,16,5,7,7,7,6,5,-20,7,-20,2,4,8,12,7,3,7,6,12,3,6,2,8,15,9,6,8,4,6,-20,-20,8,6,10,8,-20,5,7,9,7,8,10,9,6,6,-20,4,9,7,8,-20,17,-20,11,8,10,4,-20,7,7,-20,-20,12,-20,10,10,9,14,9,10,9,10,11,7,13,10,8,11,4,13,3,14,14,8,4,4,9,7,10,7,-20,4,4,11,10,14,10,7,7,-20,7,8,5,10,10,8,9,8,5,14,10,7,9,7,8,3,7,8,8,-20,14,3,5,10,10,-20,17,3,11,-20,9,14,18,14,9,21,20,15,14,10,8,16,11,14,17,13,12,12,19,12,8,12,7,11,20,26,10,-20,5,11,12,15,13,6,9,-20,11,14,6,9,6,20,4,-20,13,-20,12,6,7,8,5,10,-20,3,9,9,7,7,8,8,6,8,-20,8,10,4,6,6,9,6,7,15,10,-20,9,6,7,11,6,8,4,10,-20,-20,-20,5,-20,4,6,-20,4,3,11,3,7,8,6,5,11,6,15,18,8,8,-20,8,3,5,6,-20,7,-20,32,9,9,-20,10,10,5,10,14,12,6,-20,4,7,7,-20,8,20,6,-20,4,11,-20,7,-20,9,7,-20,6,8,11,3,6,19,4,9,-20,6,-20,2,4,-20,3,-20,3,3,-20,-20,-20,-20,12,3,4,-20,-20,6,-20,-20,-20,8,7,-20,-20,-20,-20,10,5,-20,-20,5,4,-20,-20,-20,8,4,-20,-20,-20,3,5,-20,-20,4,10,-20,-20,5,6,-20,-20,-20,3,8,3,6,5,6,8,6,-20,13,3,-20,5,-20,-20,25,4,11,17,11,21,29,41,26,50,111,40,37,35,28,20,23
"chr1,11499544",-20,-20,-20,-20,-20,-20,-20,-20,-20,-20,-20,7,27,21,14,9,37,-20,47,38,34,-20,31,17,32,10,23,24,20,-20,-20,10,6,-20,47,44,18,13,9,10,-20,19,5,10,17,45,10,38,8,4,13,-20,7,9,-20,11,49,19,18,24,22,19,13,28,49,47,17,41,36,11,14,19,13,18,23,29,21,8,10,-20,17,11,21,-20,4,18,13,45,18,-20,11,25,15,37,39,36,-20,26,4,31,10,23,5,-20,24,22,-20,37,47,-20,7,-20,31,21,-20,-20,37,7,-20,7,7,-20,6,-20,32,-20,-20,35,12,-20,14,-20,-20,-20,24,24,37,-20,-20,9,-20,-20,-20,-20,24,3,-20,25,-20,-20,-20,6,7,13,11,-20,6,8,37,11,-20,-20,3,-20,-20,-20,-20,-20,10,5,25,24,17,6,5,19,8,11,10,101,8,6,4,-20,11,5,15,16,-20,7,10,4,-20,3,9,8,14,5,11,12,9,8,24,11,-20,8,7,20,-20,6,20,21,11,22,-20,13,16,6,8,7,6,3,10,21,7,8,-20,17,24,23,16,10,33,38,-20,11,11,12,10,11,38,9,15,14,6,32,11,21,8,12,14,7,5,8,16,17,10,-20,10,7,9,10,7,12,10,6,8,9,18,26,16,18,9,10,15,10,27,44,24,39,5,27,-20,14,8,23,3,4,6,8,5,3,8,6,47,28,21,-20,-20,7,9,-20,-20,-20,9,23,17,-20,24,19,32,25,38,42,-20,-20,4,-20,-20,50,6,4,17,9,3,5,-20,18,-20,16,8,9,7,6,18,9,-20,27,63,-20,4,57,7,-20,7,8,-20,5,22,9,3,5,8,5,4,9,-20,5,18,3,6,5,4,7,-20,-20,10,-20,7,4,5,-20,-20,20,5,3,5,24,6,-20,7,11,5,20,8,9,13,4,4,7,4,6,-20,8,-20,3,6,5,73,9,4,-20,3,5,18,3,-20,5,-20,5,15,-20,7,19,-20,-20,-20,-20,11,-20,3,11,10,8,6,14,13,5,25,21,9,-20,17,10,14,3,3,6,4,-20,5,7,-20,-20,6,4,5,5,10,-20,11,8,4,-20,-20,10,13,8,-20,-20,-20,7,-20,9,-20,4,-20,-20,10,5,5,-20,-20,7,6,-20,-20,-20,34,24,25,8,-20,-20,-20,-20,7,5,3,7,5,-20,11,-20,15,3,5,7,-20,7,6,9,7,4,26,4,22,6,5,7,7,17,-20,15,20,23,41,31,12,24,12,-20,-20,33,20,6,-20,24,7,4,21,10,-20,-20,19,-20,-20,-20,5,10,4,7,18,-20,12,7,4,-20,4,5,5,10,8,-20,12,7,19,5,31,4,7,17,25,6,6,-20,3,7,-20,-20,-20,3,8,25,-20,3,6,5,23,17,14,19,26,38,27,14,12,17,16,23,25,4,21,-20,3,6,8,14,13,5,8,21,12,17,15,15,6,34,9,10,6,9,25,18,13,11,36,17,6,3,10,18,20,5,73,20,33,39,27,13,11,37,16,26,27,18,12,24,9,21,64,61,20,7,7,11,46,14,-20,13,6,22,29,17,21,19,11,8,25,23,6,16,8,50,23,30,41,23,8,15,-20,16,7,10,10,7,10,10,11,9,8,4,11,10,7,-20,9,15,-20,6,13,12,4,10,10,5,10,10,15,18,11,18,6,2,7,9,13,14,-20,5,10,18,11,10,12,13,12,-20,9,12,8,10,6,-20,4,9,6,9,3,4,10,7,21,17,6,15,9,12,8,11,8,-20,7,-20,8,9,8,9,-20,13,17,10,-20,7,-20,-20,20,4,11,13,-20,-20,3,5,11,7,11,4,8,16,5,6,8,6,-20,-20,-20,6,3,2,4,8,10,7,3,7,7,12,4,6,-20,8,13,9,6,8,-20,6,-20,-20,7,6,-20,-20,-20,5,8,7,7,7,11,11,6,6,-20,4,9,6,8,-20,15,-20,10,7,10,4,-20,7,7,-20,-20,12,-20,9,10,9,14,9,10,8,10,13,8,13,10,8,12,4,13,3,14,14,-20,4,4,9,7,10,6,-20,4,4,12,10,13,11,7,7,-20,4,-20,5,10,10,8,7,8,5,-20,10,-20,9,7,8,3,7,8,8,-20,14,3,6,8,10,-20,16,3,11,-20,9,13,18,14,9,22,17,15,13,9,-20,12,11,13,17,13,12,12,19,10,8,12,7,10,20,25,11,6,5,10,12,13,12,7,9,6,11,14,7,9,6,20,3,5,13,-20,11,6,7,7,5,9,-20,3,8,8,8,6,7,5,5,8,-20,8,10,3,5,6,9,6,5,19,9,-20,9,6,7,13,5,8,4,10,-20,-20,-20,5,-20,4,6,-20,4,-20,11,3,7,9,6,5,11,6,16,22,9,8,7,8,-20,5,6,6,7,-20,32,8,8,-20,11,8,5,7,14,13,5,3,4,7,6,-20,8,18,5,-20,4,-20,-20,7,-20,9,6,-20,5,8,11,3,6,18,4,9,3,5,-20,-20,-20,-20,2,-20,-20,-20,-20,2,-20,-20,9,3,3,5,-20,6,-20,-20,-20,6,7,-20,-20,-20,-20,9,3,-20,-20,5,-20,-20,-20,-20,4,4,-20,-20,-20,3,4,-20,5,3,9,-20,-20,-20,-20,3,-20,-20,3,6,-20,6,5,-20,11,8,-20,7,-20,-20,-20,-20,-20,25,4,10,15,11,17,27,40,24,50,121,38,34,34,21,19,20
"chr1,11499546",-20,-20,-20,-20,-20,-20,-20,-20,-20,-20,-20,7,27,21,16,9,38,12,49,39,34,-20,32,17,32,10,23,24,21,-20,-20,10,6,-20,47,43,19,13,11,10,-20,18,5,10,18,46,10,40,9,4,16,5,7,11,3,12,51,16,18,24,21,19,14,29,51,47,17,41,37,11,15,22,13,18,24,30,22,8,10,-20,17,12,22,-20,6,18,14,46,18,12,14,27,16,38,43,37,-20,26,5,32,11,23,5,-20,25,22,-20,39,51,6,7,-20,31,22,-20,-20,35,9,-20,7,7,-20,6,-20,32,-20,-20,35,13,-20,16,-20,-20,-20,23,26,38,-20,-20,9,-20,-20,-20,-20,24,3,-20,26,-20,-20,-20,7,7,11,11,-20,6,10,37,11,-20,-20,-20,-20,-20,-20,-20,-20,9,5,25,24,17,7,5,19,8,13,10,93,8,6,4,-20,11,5,15,16,-20,7,10,5,-20,3,9,8,14,5,11,12,9,8,28,9,34,8,7,21,-20,6,20,22,14,22,-20,12,16,6,8,7,6,2,11,22,7,8,8,17,24,23,17,11,33,38,-20,11,13,12,10,11,37,11,14,14,10,33,11,21,8,11,14,9,5,8,16,16,12,-20,8,7,10,10,7,12,10,6,8,9,20,27,17,18,9,10,16,13,28,44,23,40,5,29,5,15,8,13,4,5,6,8,7,3,8,6,47,31,21,-20,-20,7,9,-20,-20,-20,8,22,18,-20,23,21,33,27,40,42,3,-20,4,-20,-20,52,7,4,19,9,6,6,-20,18,3,16,8,9,7,5,19,9,4,28,71,-20,4,61,7,-20,7,8,4,6,23,8,3,6,8,6,3,10,-20,5,17,3,6,7,4,7,-20,-20,10,-20,7,5,5,-20,-20,19,5,3,5,-20,7,-20,7,11,-20,18,9,9,13,3,4,9,4,5,-20,9,-20,3,7,5,74,9,4,-20,3,8,20,3,8,6,-20,5,16,-20,7,19,-20,-20,3,-20,11,-20,-20,12,9,8,6,16,14,5,25,19,9,3,16,11,14,3,3,6,4,-20,5,7,-20,-20,6,4,5,5,10,-20,10,8,4,-20,-20,11,13,8,-20,-20,3,8,-20,8,5,4,-20,-20,11,6,5,-20,-20,8,7,-20,-20,-20,32,24,26,8,-20,-20,-20,-20,7,5,4,7,5,-20,12,-20,14,3,5,6,3,6,6,7,7,4,26,5,22,6,4,6,7,17,-20,15,21,22,41,34,12,24,13,-20,-20,32,20,6,-20,26,6,3,22,11,-20,-20,20,-20,-20,-20,6,-20,4,7,14,-20,12,8,4,-20,4,5,5,10,8,6,13,7,20,5,32,5,6,18,24,6,6,-20,3,7,-20,-20,-20,4,8,26,-20,3,7,5,24,17,14,19,28,38,29,14,15,16,16,22,25,4,21,-20,3,6,-20,14,13,7,8,24,12,20,15,16,7,35,9,11,6,9,25,19,13,11,36,17,6,4,11,19,19,5,73,19,33,40,28,13,13,38,16,26,29,18,10,24,9,21,62,60,22,7,9,11,48,14,-20,14,3,21,31,18,21,18,13,6,26,23,6,16,8,52,24,34,42,24,11,16,-20,17,7,10,10,7,11,14,11,9,10,3,11,10,7,-20,9,15,-20,6,13,12,4,10,10,5,10,11,15,17,11,18,6,3,7,9,13,14,-20,5,10,17,11,11,14,13,12,-20,9,13,8,11,6,-20,4,10,6,9,3,4,10,6,21,17,7,14,9,12,8,11,8,6,7,-20,9,8,9,9,-20,13,18,10,-20,7,-20,-20,20,4,11,14,12,-20,3,5,12,6,12,5,9,18,6,6,8,9,-20,5,-20,6,3,2,5,8,12,7,3,7,7,13,4,6,-20,9,13,9,6,8,3,6,-20,-20,7,6,10,9,4,7,8,7,7,7,10,11,6,6,-20,4,10,6,8,-20,18,-20,11,8,10,4,-20,7,7,-20,-20,13,-20,9,10,9,14,9,11,8,11,13,8,14,10,8,12,-20,13,3,15,16,10,4,4,9,8,10,7,-20,4,4,12,9,14,11,7,7,-20,6,-20,5,10,10,8,9,8,6,14,10,8,9,7,8,-20,6,8,7,-20,13,3,5,9,10,-20,17,4,11,-20,9,13,18,14,11,22,18,15,15,9,8,14,11,13,18,14,13,12,21,10,8,13,8,11,20,24,12,7,5,10,13,13,12,7,10,6,11,14,7,10,6,19,3,6,11,-20,11,6,8,8,4,11,-20,3,8,8,8,6,7,5,7,7,-20,9,10,3,5,6,9,6,5,19,9,-20,13,5,7,13,5,9,4,10,-20,-20,-20,5,-20,4,7,-20,4,-20,11,3,8,9,6,5,11,9,17,22,9,9,7,8,-20,5,6,7,7,-20,32,8,8,-20,11,8,5,7,16,13,6,3,4,7,7,-20,8,19,5,-20,4,10,-20,7,-20,10,6,-20,7,9,11,3,6,18,4,9,3,6,-20,-20,-20,-20,3,-20,2,-20,2,3,-20,-20,8,3,3,-20,-20,5,-20,-20,-20,7,8,-20,-20,-20,-20,10,-20,-20,-20,4,5,-20,-20,-20,6,3,-20,2,-20,4,4,-20,5,3,11,-20,-20,5,6,3,-20,3,4,6,3,7,5,-20,11,8,-20,7,-20,-20,9,-20,-20,26,-20,9,16,11,17,27,43,26,50,121,38,34,34,24,19,22
"chr1,11499551",-20,-20,-20,-20,-20,-20,-20,-20,-20,-20,-20,7,27,26,15,11,38,12,50,40,34,-20,33,17,30,9,21,22,21,-20,-20,10,7,-20,48,44,17,9,12,8,-20,20,5,12,16,47,10,38,8,4,15,5,7,12,4,13,50,16,16,22,21,19,13,31,51,45,15,43,38,10,15,20,11,18,27,29,23,7,9,-20,13,12,22,-20,7,17,8,45,20,13,16,30,16,38,49,37,-20,28,5,31,12,27,4,-20,28,23,-20,39,49,5,6,-20,29,25,-20,-20,35,8,-20,6,-20,-20,7,5,32,-20,-20,35,10,-20,14,-20,-20,-20,24,26,37,-20,-20,8,-20,-20,-20,-20,24,-20,-20,26,-20,-20,-20,6,6,12,11,-20,9,10,41,11,-20,-20,-20,-20,-20,-20,-20,-20,11,5,25,23,17,6,5,19,8,11,9,88,7,7,4,3,10,5,12,15,-20,7,10,5,-20,-20,8,8,14,4,8,11,5,7,22,8,32,6,7,23,-20,6,15,22,13,19,-20,14,15,6,7,7,7,-20,12,23,7,8,7,18,21,22,17,10,36,36,-20,9,14,10,8,11,37,12,14,11,10,32,11,23,6,13,13,10,5,7,13,18,12,4,5,5,11,8,5,12,9,8,9,10,21,25,17,20,7,9,15,13,31,35,24,36,5,26,5,15,-20,11,7,5,6,9,7,3,8,7,42,31,20,-20,-20,7,7,-20,-20,-20,8,22,18,-20,22,23,33,27,42,40,3,-20,4,-20,-20,52,7,4,20,9,5,6,-20,17,3,16,8,8,7,5,19,9,4,27,69,-20,4,60,6,-20,8,8,-20,6,24,8,4,6,8,6,-20,10,-20,4,12,3,6,7,4,8,-20,-20,10,-20,6,4,5,5,4,19,5,3,5,-20,6,-20,7,10,5,19,10,9,14,3,4,6,4,4,-20,8,3,3,7,3,71,10,4,-20,3,3,18,-20,8,7,-20,4,16,-20,7,20,-20,-20,4,-20,11,-20,-20,10,12,8,6,16,15,5,26,21,10,3,14,11,12,4,3,6,4,-20,6,7,-20,-20,5,5,6,6,10,-20,10,9,4,-20,6,10,11,11,-20,-20,3,8,-20,6,5,4,-20,-20,10,6,4,-20,-20,9,7,-20,-20,-20,33,26,26,7,-20,-20,-20,-20,6,4,4,4,5,-20,-20,-20,14,-20,6,-20,3,6,6,5,7,4,28,5,21,6,4,6,7,18,-20,16,22,22,40,31,13,26,14,-20,-20,30,20,6,-20,25,6,3,24,11,-20,-20,21,-20,-20,-20,6,10,4,6,10,-20,12,9,4,-20,6,5,6,11,7,6,13,7,19,5,32,5,6,13,22,6,5,-20,3,6,-20,-20,-20,4,7,24,-20,3,7,-20,25,16,15,19,26,35,34,12,16,15,14,20,25,6,21,-20,2,6,6,11,13,5,7,22,13,20,14,15,7,32,9,9,5,7,23,18,13,11,38,16,7,4,8,19,21,5,75,19,34,36,26,12,10,38,13,29,30,13,-20,22,12,22,65,59,21,6,11,11,49,14,3,16,3,21,28,17,22,17,13,6,27,27,6,16,10,47,18,33,41,21,10,17,-20,17,7,11,10,4,11,15,11,9,8,3,10,10,8,-20,9,13,-20,4,12,9,-20,9,9,6,10,10,13,15,11,16,7,5,7,10,12,13,3,4,8,16,12,10,-20,11,12,-20,7,11,8,11,4,-20,5,10,4,10,-20,5,9,6,17,16,7,14,7,10,7,9,8,5,6,-20,8,8,10,8,-20,12,17,8,-20,6,-20,-20,20,4,12,14,12,3,3,5,13,6,9,5,10,16,5,4,8,9,-20,4,-20,5,3,-20,-20,8,-20,6,3,7,7,14,4,6,-20,9,11,10,6,8,3,5,5,-20,8,5,9,7,3,5,9,5,6,7,10,11,7,6,-20,4,10,6,-20,-20,17,-20,11,-20,10,4,-20,6,7,-20,-20,13,-20,9,10,9,15,10,11,8,8,13,8,13,10,7,9,-20,10,3,13,17,11,4,3,9,-20,7,5,-20,-20,4,13,7,14,8,7,7,-20,5,-20,5,9,10,7,8,8,6,12,8,8,9,7,8,-20,6,8,7,-20,12,3,5,9,9,3,16,4,11,-20,8,14,17,15,13,19,15,13,13,7,6,13,10,13,14,11,12,-20,18,7,7,12,7,10,20,25,11,5,5,10,12,11,12,7,7,6,11,14,7,9,6,19,3,6,10,-20,11,7,7,9,3,9,-20,-20,8,7,7,5,6,6,8,7,-20,9,10,4,5,5,8,4,4,18,8,-20,12,4,5,12,3,8,4,9,-20,-20,-20,4,-20,4,7,-20,4,-20,8,3,8,9,5,5,11,9,17,20,8,8,6,8,-20,5,6,5,8,-20,27,9,6,-20,9,6,-20,6,12,13,6,4,4,6,7,-20,9,19,5,-20,4,8,-20,7,-20,10,5,-20,7,8,9,3,3,18,3,9,3,7,-20,2,-20,-20,4,-20,-20,3,-20,3,-20,3,10,3,-20,4,-20,6,-20,-20,-20,8,6,-20,3,3,-20,11,-20,-20,-20,5,5,-20,3,-20,7,6,-20,3,-20,4,4,-20,5,4,-20,-20,-20,-20,-20,5,-20,5,4,4,-20,6,6,-20,11,6,-20,7,-20,3,8,5,-20,26,-20,9,16,12,17,28,44,26,50,119,38,36,33,25,20,20
"chr1,11499554",-20,-20,-20,-20,-20,-20,-20,-20,-20,-20,-20,7,27,27,15,10,37,12,49,38,34,-20,31,16,31,10,21,22,20,-20,-20,9,7,3,47,41,18,11,12,8,-20,18,5,13,17,46,9,35,8,-20,15,5,8,12,4,12,51,15,15,24,23,17,14,30,48,43,15,41,40,10,16,21,9,19,26,28,21,6,11,6,14,10,22,-20,9,15,9,43,18,12,16,29,17,38,52,36,-20,27,5,29,12,27,6,-20,25,22,-20,38,48,5,7,-20,29,25,-20,-20,30,8,-20,6,7,-20,8,5,27,-20,-20,29,10,-20,12,-20,-20,-20,22,27,37,-20,-20,8,-20,-20,-20,-20,24,3,-20,26,-20,-20,-20,6,6,11,11,-20,8,10,39,11,-20,-20,-20,-20,-20,-20,-20,-20,11,5,23,23,16,6,5,16,8,11,9,82,7,7,3,4,9,5,11,14,-20,7,10,5,-20,-20,8,8,13,4,7,11,5,6,23,7,27,6,7,22,-20,5,14,20,13,20,5,13,14,5,7,7,8,-20,13,22,7,-20,7,15,-20,20,18,10,36,36,-20,9,15,9,8,10,37,12,13,10,9,32,11,21,6,10,12,10,5,7,14,17,-20,3,6,3,13,8,4,12,10,9,-20,9,21,24,16,19,8,9,12,12,29,30,24,34,3,23,5,13,8,13,7,5,6,9,7,4,7,8,36,30,20,-20,-20,7,6,-20,-20,-20,8,23,18,-20,20,22,33,27,41,39,-20,-20,3,-20,-20,49,7,4,17,9,5,6,-20,17,3,14,7,-20,4,4,18,9,4,29,73,9,4,61,6,-20,6,8,4,5,24,8,4,6,8,6,-20,9,-20,3,10,3,5,6,4,8,3,-20,9,-20,5,4,4,4,4,16,5,3,6,-20,7,-20,7,11,6,18,11,9,13,-20,3,7,4,4,-20,8,-20,-20,7,3,69,10,4,-20,-20,-20,18,3,7,7,-20,4,16,-20,7,20,-20,4,4,-20,10,-20,-20,10,10,7,5,12,15,5,26,22,10,3,15,11,8,4,4,5,4,-20,6,7,-20,-20,4,4,9,6,8,-20,9,7,4,-20,6,8,11,11,-20,-20,4,10,-20,6,7,4,-20,-20,10,4,4,-20,-20,9,-20,-20,-20,-20,33,25,24,6,-20,-20,-20,-20,6,4,3,4,5,-20,-20,-20,13,-20,6,-20,-20,-20,6,5,7,4,29,5,19,6,3,6,7,18,-20,16,19,19,40,33,12,25,15,-20,-20,28,20,6,-20,24,5,4,25,10,-20,-20,-20,-20,-20,-20,6,11,4,4,10,-20,12,9,4,-20,6,5,7,11,5,5,13,7,19,5,31,5,6,13,23,3,-20,-20,-20,6,-20,-20,-20,3,7,23,-20,4,7,-20,26,14,14,17,26,34,36,12,15,13,15,21,28,6,22,-20,2,6,6,11,13,5,5,22,14,21,14,15,7,35,11,8,5,8,29,18,15,13,37,17,5,4,8,17,21,4,80,20,35,32,23,12,-20,36,10,29,30,11,11,21,13,23,60,52,19,6,10,9,49,14,3,16,4,19,25,15,21,15,12,5,24,27,5,16,10,43,14,30,40,20,13,15,-20,17,7,12,11,5,12,14,11,8,7,3,11,11,8,-20,8,12,-20,4,12,9,-20,7,10,7,10,11,13,14,10,15,6,6,7,10,12,13,3,4,10,14,13,11,-20,10,12,-20,7,10,10,10,5,-20,5,12,6,10,-20,5,9,6,18,16,7,14,7,9,6,9,6,5,6,-20,8,10,11,8,-20,11,17,7,-20,7,-20,-20,22,4,12,16,11,4,3,5,14,7,10,4,10,16,7,4,8,8,-20,4,-20,6,-20,-20,-20,9,-20,7,3,6,7,14,-20,7,-20,8,8,9,7,8,3,5,5,-20,-20,5,8,7,3,5,10,8,6,7,10,11,7,6,-20,-20,10,6,-20,-20,17,-20,10,-20,10,4,-20,6,7,-20,-20,13,-20,10,9,9,15,7,10,8,10,13,8,13,9,7,9,-20,11,4,14,19,12,4,4,9,-20,8,5,-20,-20,-20,14,7,14,8,8,7,-20,5,-20,5,7,10,7,8,8,6,12,9,9,8,10,9,-20,6,8,7,-20,11,3,4,5,9,3,17,3,12,-20,8,14,19,16,14,22,16,13,14,7,6,14,-20,12,15,13,12,9,20,7,7,12,6,10,20,26,11,7,5,10,12,12,12,7,9,6,10,15,7,9,5,18,3,6,10,-20,8,9,7,10,-20,9,-20,-20,8,8,7,5,6,6,8,6,-20,9,8,4,6,5,7,-20,5,17,9,-20,12,4,5,14,3,8,4,8,-20,-20,-20,5,-20,4,6,-20,-20,-20,7,3,8,9,6,6,11,9,19,21,8,7,8,8,-20,4,6,7,-20,-20,27,9,6,-20,7,6,-20,7,11,18,6,4,5,6,7,-20,9,17,5,-20,5,8,-20,7,-20,10,6,-20,8,9,8,3,3,18,4,9,4,7,-20,-20,-20,-20,3,-20,-20,3,2,3,-20,-20,8,-20,4,-20,5,6,-20,-20,-20,7,-20,-20,3,-20,-20,11,-20,-20,-20,-20,4,-20,-20,-20,6,-20,-20,4,-20,4,6,-20,4,-20,9,-20,-20,-20,-20,4,-20,-20,3,4,3,5,6,-20,11,6,-20,8,-20,3,10,5,-20,28,-20,10,15,11,16,25,45,26,50,118,38,36,29,27,21,21
"chr1,11499558",-20,-20,-20,-20,-20,-20,-20,-20,-20,-20,-20,6,26,26,12,10,36,13,49,38,33,-20,30,14,31,9,21,23,21,-20,-20,8,5,3,44,39,16,11,10,7,-20,19,5,13,17,47,-20,35,8,3,13,5,8,13,5,12,51,-20,15,22,23,17,15,30,48,43,15,44,37,10,15,21,8,20,25,23,21,6,12,5,13,9,19,-20,8,17,9,40,18,13,14,30,17,37,50,36,-20,26,-20,30,12,26,6,-20,23,23,-20,39,48,3,4,-20,26,22,-20,-20,29,7,-20,5,5,-20,8,5,29,-20,-20,27,9,-20,12,-20,-20,-20,24,25,35,-20,-20,8,-20,-20,-20,-20,24,3,-20,24,-20,-20,-20,6,6,10,12,-20,7,9,38,11,-20,-20,-20,-20,-20,-20,-20,-20,-20,5,22,21,8,6,2,13,9,9,8,76,7,7,3,4,9,4,9,14,-20,7,10,5,-20,-20,7,7,11,4,5,10,5,8,21,7,27,5,7,23,-20,5,13,21,13,19,4,12,13,6,8,7,8,-20,15,20,7,8,8,15,17,20,18,10,38,35,4,8,14,8,10,10,35,13,13,7,9,30,13,20,6,10,11,10,6,7,13,15,9,3,5,3,14,8,4,8,8,7,8,9,20,24,16,18,9,7,11,11,30,26,23,34,5,24,5,14,8,15,7,5,4,9,7,3,7,8,30,31,23,-20,-20,7,7,-20,-20,-20,9,21,18,-20,18,22,35,25,38,37,-20,-20,3,-20,-20,42,7,5,17,9,5,6,-20,11,-20,15,7,8,4,4,17,7,4,30,71,8,4,63,6,-20,6,6,4,5,23,8,4,6,-20,4,-20,10,-20,2,9,-20,6,6,3,7,3,-20,9,-20,5,4,4,4,4,12,5,-20,6,14,7,-20,6,11,5,18,12,9,13,2,4,-20,4,4,-20,8,-20,-20,6,4,67,9,4,-20,-20,4,13,3,7,7,-20,4,16,-20,7,21,-20,7,4,-20,10,-20,-20,10,10,7,5,13,16,5,24,22,10,-20,14,11,8,3,4,4,4,-20,5,6,-20,3,4,4,9,6,7,-20,8,5,5,-20,5,8,9,12,4,-20,4,14,-20,6,7,4,-20,-20,10,3,4,-20,-20,9,8,-20,-20,-20,32,25,24,8,-20,-20,-20,-20,6,4,3,6,3,-20,4,-20,12,-20,6,-20,-20,-20,6,5,7,4,28,5,18,6,3,5,6,18,-20,15,17,16,42,33,12,25,14,-20,-20,23,21,4,-20,24,-20,4,25,10,-20,-20,20,-20,-20,7,6,-20,4,4,8,-20,11,8,4,-20,7,5,6,11,7,4,13,6,17,4,30,4,6,-20,23,-20,3,-20,2,6,4,-20,-20,3,5,25,-20,6,7,-20,24,15,12,17,28,32,36,11,14,14,11,20,24,7,16,-20,3,5,7,12,10,6,4,20,15,17,15,15,5,26,13,8,6,8,29,19,13,11,32,16,5,4,7,18,22,3,75,18,34,31,27,11,-20,35,9,30,26,8,-20,18,14,24,58,48,15,5,12,10,52,16,4,14,4,19,22,15,21,16,11,3,21,27,5,14,8,44,14,24,40,20,13,13,-20,15,7,13,7,5,11,11,11,6,6,3,9,9,6,-20,7,10,-20,4,11,8,-20,8,10,6,8,9,14,14,12,14,6,7,7,6,8,11,-20,-20,9,10,12,10,4,7,12,-20,6,10,8,11,6,-20,5,12,6,7,-20,4,10,6,15,15,7,8,5,9,7,9,4,5,6,-20,8,7,11,6,-20,12,16,7,-20,8,-20,-20,21,4,11,14,9,3,-20,7,14,5,7,6,8,13,8,4,8,8,4,3,-20,6,3,-20,-20,7,-20,6,3,5,8,12,-20,7,-20,9,7,10,5,7,4,5,5,-20,5,2,7,6,-20,6,10,5,5,4,8,10,6,6,-20,-20,10,3,-20,6,19,-20,10,-20,8,4,-20,7,5,-20,-20,13,-20,11,9,8,13,8,8,7,9,11,8,13,6,5,7,-20,10,5,14,21,12,-20,5,5,-20,7,5,-20,4,-20,11,5,12,7,7,7,-20,5,-20,8,8,9,7,8,9,5,12,9,9,8,12,8,-20,6,6,5,-20,11,3,3,6,8,-20,18,3,12,-20,6,14,17,14,13,19,18,11,12,4,5,11,-20,11,10,13,9,11,28,9,5,8,5,7,17,23,-20,5,5,-20,8,11,10,5,9,6,10,15,6,10,4,13,4,6,8,-20,6,7,7,9,-20,7,-20,-20,7,5,7,3,3,4,9,8,-20,10,7,5,5,5,5,4,5,14,10,-20,10,3,4,12,-20,7,3,7,-20,-20,-20,4,-20,-20,6,-20,-20,-20,7,-20,5,11,7,4,-20,10,18,22,8,8,7,7,-20,3,-20,7,7,-20,25,8,-20,4,6,6,4,5,12,18,6,4,5,5,8,-20,6,15,5,-20,5,7,-20,4,-20,10,6,-20,8,7,8,5,3,5,4,4,5,9,-20,-20,-20,-20,-20,-20,-20,-20,-20,3,-20,3,8,-20,3,-20,7,6,-20,-20,-20,7,-20,-20,3,3,-20,12,-20,-20,-20,-20,3,-20,3,4,6,-20,3,5,-20,4,-20,-20,3,-20,7,3,3,-20,4,5,-20,5,3,-20,3,6,6,-20,12,7,-20,8,-20,4,8,4,-20,28,3,9,18,10,16,23,47,26,45,142,40,31,26,25,19,21
"chr1,11499561",-20,-20,-20,-20,-20,-20,-20,-20,-20,-20,-20,-20,26,26,12,9,31,13,48,36,33,-20,28,14,28,9,21,21,22,-20,-20,8,5,3,43,37,15,10,9,7,-20,18,5,13,17,45,-20,34,7,3,13,5,8,11,5,11,46,-20,15,18,23,16,15,30,48,42,15,42,37,10,14,21,8,18,23,23,19,4,12,4,11,9,19,-20,8,15,9,40,18,13,12,27,17,33,47,35,-20,27,-20,26,13,26,5,-20,21,22,-20,38,45,3,4,-20,25,19,-20,-20,28,6,-20,5,5,-20,8,5,28,-20,-20,24,9,-20,10,-20,-20,-20,23,25,31,-20,-20,8,-20,-20,-20,-20,25,3,-20,22,-20,-20,-20,6,6,10,11,-20,7,7,39,11,-20,-20,-20,-20,-20,-20,-20,-20,11,5,21,21,8,6,2,14,7,9,9,84,6,6,3,4,8,3,7,6,-20,7,9,3,-20,-20,7,7,11,4,10,10,5,8,21,-20,24,4,7,23,-20,5,11,21,12,17,3,11,13,5,7,7,7,-20,15,21,3,8,8,14,17,19,17,11,37,34,4,7,13,7,9,10,35,11,13,5,9,29,12,18,2,9,11,10,6,7,12,14,9,3,2,3,12,5,-20,8,8,7,8,8,15,24,16,18,8,7,11,11,33,-20,21,33,5,24,5,12,8,18,-20,5,4,9,7,3,7,8,22,31,18,-20,-20,8,7,-20,-20,-20,8,20,17,-20,16,19,33,23,37,36,-20,-20,2,-20,-20,39,7,5,17,9,4,6,-20,-20,-20,14,7,8,4,3,15,6,3,29,68,6,3,65,6,-20,6,6,-20,4,22,7,4,5,7,4,-20,9,-20,-20,10,-20,6,6,3,8,3,-20,8,-20,5,4,4,-20,4,12,5,-20,6,10,5,-20,-20,11,5,19,12,9,10,2,4,8,4,3,-20,7,-20,-20,6,4,66,8,4,-20,-20,4,13,3,7,7,-20,3,15,-20,6,21,-20,7,4,-20,10,-20,-20,12,10,6,3,11,14,5,23,24,8,-20,11,10,8,3,3,3,4,-20,5,5,-20,3,-20,3,9,6,5,-20,-20,5,5,-20,-20,7,10,11,3,-20,3,14,-20,6,7,4,-20,-20,10,2,-20,-20,-20,9,8,-20,-20,-20,29,23,24,7,-20,-20,-20,-20,-20,4,3,5,3,-20,4,-20,11,5,6,-20,-20,-20,5,5,6,4,28,4,18,6,3,3,6,16,-20,14,17,15,40,32,11,24,14,-20,-20,22,20,4,-20,23,-20,4,25,9,-20,-20,19,-20,-20,7,6,10,4,4,6,-20,11,7,4,-20,7,5,6,10,7,3,13,6,17,3,27,4,6,10,22,3,3,-20,-20,6,-20,-20,-20,3,-20,26,3,6,7,-20,22,12,12,17,28,31,35,9,14,14,9,20,25,7,16,-20,3,4,6,10,-20,6,4,20,16,14,12,15,4,22,11,8,6,8,29,18,12,11,29,17,5,4,7,16,13,-20,79,17,32,28,26,10,-20,35,9,28,-20,7,11,16,15,23,58,51,14,3,10,10,51,16,4,14,-20,18,23,14,20,16,11,3,18,27,5,14,8,42,14,24,37,19,13,13,-20,13,6,11,-20,5,11,11,8,6,6,-20,9,8,6,-20,7,-20,-20,3,11,8,-20,7,10,5,8,8,12,14,11,-20,6,7,7,6,6,11,-20,-20,10,9,12,10,-20,7,-20,-20,6,9,7,11,6,-20,4,12,5,7,-20,3,8,6,15,14,7,7,-20,9,7,9,-20,4,6,-20,7,6,10,6,-20,9,16,7,-20,8,3,-20,19,4,11,12,9,3,-20,6,14,4,8,6,8,12,8,4,8,6,-20,3,-20,5,3,-20,-20,6,10,6,-20,5,8,12,-20,7,-20,8,7,10,5,6,3,5,4,-20,3,2,6,5,-20,6,10,5,5,3,8,10,3,5,-20,-20,7,3,8,5,19,-20,-20,-20,8,3,-20,7,5,-20,-20,13,-20,11,9,8,12,8,7,7,9,11,8,13,6,4,7,-20,10,5,14,20,11,-20,4,5,-20,6,5,-20,4,-20,11,4,11,6,7,7,-20,5,-20,8,8,9,6,7,9,5,11,8,8,8,12,8,-20,6,6,5,-20,11,3,3,-20,8,-20,16,3,11,-20,6,13,14,-20,13,18,17,12,11,4,5,11,-20,11,10,13,8,10,24,9,4,8,5,5,17,22,-20,5,5,-20,8,7,10,4,9,6,-20,14,6,9,4,12,4,6,7,-20,6,8,7,8,-20,7,-20,-20,7,4,7,3,3,4,9,7,-20,10,7,7,5,-20,4,4,5,13,10,-20,10,3,4,11,-20,7,-20,7,-20,-20,-20,5,-20,-20,6,-20,-20,-20,7,-20,-20,10,7,4,-20,9,18,18,8,-20,7,7,-20,2,5,7,7,-20,23,8,-20,-20,6,5,3,5,11,15,6,4,4,5,8,-20,5,15,-20,-20,5,7,-20,4,-20,8,7,-20,7,7,8,5,3,5,3,4,5,8,-20,-20,-20,-20,-20,-20,-20,-20,-20,3,-20,4,6,-20,-20,-20,7,8,-20,-20,-20,8,-20,-20,3,3,-20,11,-20,-20,-20,-20,3,-20,4,4,6,5,-20,5,-20,4,5,-20,5,3,7,3,2,-20,-20,4,-20,4,3,-20,-20,6,6,-20,11,6,-20,8,-20,4,8,4,-20,27,3,9,19,10,15,22,45,24,42,141,36,28,26,25,16,20
"chr1,11499562",-20,-20,-20,-20,-20,-20,-20,-20,-20,-20,-20,6,26,26,10,-20,31,15,48,37,35,-20,28,14,30,9,20,21,23,-20,-20,9,5,3,42,39,15,10,10,7,-20,18,5,13,18,45,5,35,7,-20,14,5,7,13,-20,11,45,14,15,18,23,15,15,31,49,42,15,39,34,10,16,21,10,17,22,22,20,5,10,4,12,9,18,-20,8,14,9,41,19,13,12,26,17,34,48,34,-20,27,-20,26,12,26,5,-20,21,24,-20,39,47,3,4,-20,28,21,-20,-20,28,8,-20,4,6,-20,7,4,29,-20,-20,22,9,-20,-20,-20,-20,-20,23,24,35,-20,-20,7,-20,-20,-20,-20,25,3,-20,23,-20,-20,-20,6,6,8,11,-20,7,7,43,9,-20,-20,-20,-20,-20,-20,-20,-20,10,5,21,21,8,-20,2,14,7,9,9,-20,6,-20,3,-20,8,3,7,15,-20,8,-20,3,-20,-20,7,7,11,-20,8,10,5,8,21,-20,24,4,11,23,-20,4,21,24,14,17,-20,-20,18,5,6,7,6,3,15,21,-20,8,8,13,18,19,18,10,41,32,4,7,13,-20,9,9,36,10,13,-20,9,33,12,21,2,10,12,11,6,7,13,15,9,3,-20,3,12,7,3,8,8,-20,8,9,15,24,16,18,8,9,13,13,35,27,24,33,5,23,5,14,9,18,8,5,4,9,8,3,7,7,21,31,22,-20,-20,8,7,-20,-20,-20,8,19,17,-20,16,19,35,23,34,34,-20,-20,-20,-20,-20,38,7,-20,17,-20,-20,6,-20,9,-20,16,7,-20,5,3,15,6,3,31,68,7,3,65,6,-20,-20,5,5,4,22,7,4,5,-20,5,-20,9,-20,3,11,-20,5,6,3,8,3,-20,8,-20,6,4,5,4,3,11,4,-20,6,9,-20,-20,-20,11,5,19,13,9,10,2,3,10,4,3,-20,7,2,-20,4,4,65,8,4,-20,-20,6,12,3,7,7,-20,3,16,-20,6,21,-20,7,4,-20,10,-20,-20,13,10,6,-20,11,13,5,23,25,8,-20,12,10,8,3,3,3,4,-20,5,-20,-20,3,-20,-20,9,6,5,-20,8,5,5,-20,-20,7,10,11,-20,-20,3,18,-20,6,8,4,-20,-20,11,2,-20,-20,3,9,7,-20,-20,-20,29,22,25,7,-20,-20,-20,-20,7,3,3,-20,3,-20,5,-20,12,5,6,-20,-20,5,5,5,-20,4,27,4,18,6,3,3,6,-20,-20,14,16,16,43,30,10,23,14,-20,-20,23,22,4,-20,24,-20,3,28,9,-20,-20,22,-20,-20,7,7,10,4,5,6,-20,11,8,4,3,7,5,6,10,7,3,13,6,18,3,31,4,6,-20,22,3,3,-20,-20,6,9,-20,-20,-20,9,26,3,6,9,3,21,14,12,17,26,33,35,8,14,14,7,20,24,7,17,-20,5,-20,6,9,11,7,4,21,13,15,10,15,5,23,11,7,6,8,29,18,12,11,29,17,4,4,6,15,13,4,80,18,34,27,27,10,11,36,11,31,-20,7,15,16,14,23,59,46,14,-20,10,10,54,16,4,15,6,18,26,14,20,16,10,3,19,26,5,14,-20,42,15,24,38,20,13,13,-20,13,7,11,8,6,10,11,8,6,6,-20,9,9,6,-20,6,11,-20,4,11,8,-20,7,9,5,8,10,15,14,13,12,7,7,-20,6,5,11,-20,-20,-20,8,12,9,6,7,9,-20,6,8,5,11,6,-20,5,12,6,7,-20,3,9,5,15,14,7,7,5,8,7,10,-20,4,7,-20,8,6,11,-20,-20,10,13,7,-20,8,3,-20,19,4,12,14,9,3,-20,6,14,4,7,6,7,14,9,4,9,6,-20,3,-20,5,3,-20,-20,6,11,5,4,5,8,9,-20,8,-20,8,6,10,-20,7,4,3,3,-20,6,2,8,5,-20,6,10,5,4,5,8,10,6,7,-20,-20,6,3,7,5,20,-20,10,-20,8,3,-20,6,4,-20,-20,14,-20,11,9,7,12,8,7,7,9,10,7,13,5,5,7,-20,11,5,13,21,10,-20,5,5,-20,6,6,-20,-20,-20,11,4,11,6,7,7,-20,5,-20,8,8,9,4,7,10,5,11,8,8,8,12,7,-20,6,4,4,-20,11,3,3,6,8,-20,17,3,11,-20,6,10,11,14,13,17,22,12,13,-20,4,10,-20,11,9,13,8,9,26,9,3,10,5,5,13,23,-20,5,5,-20,8,9,10,4,9,6,9,17,5,9,4,12,4,6,6,-20,5,8,7,8,-20,7,-20,-20,7,3,6,3,3,4,-20,8,-20,10,7,7,5,6,4,5,6,13,11,-20,9,3,3,11,-20,8,4,8,-20,-20,-20,5,-20,-20,6,-20,-20,-20,8,-20,5,10,7,3,-20,9,18,18,7,-20,7,7,-20,2,5,7,7,-20,21,6,-20,-20,6,4,3,-20,13,15,5,4,4,4,8,-20,5,15,5,-20,5,6,-20,3,-20,9,7,-20,7,7,7,5,3,-20,3,-20,5,8,-20,-20,-20,-20,-20,-20,-20,-20,-20,-20,-20,3,6,-20,4,-20,7,8,-20,-20,-20,-20,3,-20,3,6,-20,10,-20,-20,3,-20,-20,-20,4,4,4,5,-20,5,-20,6,5,-20,5,3,6,3,-20,-20,-20,5,-20,7,-20,-20,-20,6,4,-20,-20,6,-20,8,-20,4,8,5,-20,30,3,10,20,10,16,23,45,26,42,143,35,25,26,27,16,22
"chr1,11499563",-20,-20,-20,-20,-20,-20,-20,-20,-20,-20,-20,4,-20,-20,10,-20,28,-20,38,31,-20,-20,26,11,25,-20,19,20,22,-20,-20,-20,5,3,-20,31,14,-20,-20,7,-20,-20,5,13,16,42,-20,32,-20,-20,15,6,7,-20,-20,-20,43,-20,13,16,20,14,14,27,47,-20,-20,32,27,9,-20,19,-20,13,18,-20,-20,5,10,4,-20,7,16,-20,-20,10,9,35,19,13,11,22,-20,31,44,33,-20,25,-20,19,10,20,5,-20,18,-20,-20,35,39,-20,4,-20,-20,19,-20,-20,21,-20,-20,3,6,-20,7,3,-20,-20,-20,-20,8,-20,-20,-20,-20,-20,19,22,30,-20,-20,6,-20,-20,-20,-20,18,3,-20,-20,-20,-20,-20,-20,4,8,-20,-20,6,-20,44,-20,-20,-20,-20,-20,-20,-20,-20,-20,13,-20,-20,-20,-20,-20,2,-20,-20,9,8,-20,5,-20,-20,-20,8,3,6,-20,-20,8,-20,3,-20,-20,5,8,-20,5,8,-20,-20,8,19,8,-20,3,-20,18,-20,-20,-20,-20,-20,12,4,-20,16,-20,6,-20,-20,3,15,-20,-20,6,7,-20,-20,-20,-20,-20,-20,-20,4,-20,11,7,8,8,-20,10,9,6,10,-20,12,20,2,-20,9,10,-20,7,14,-20,-20,3,5,3,11,5,3,6,-20,-20,-20,8,-20,24,-20,16,8,-20,13,14,32,-20,-20,-20,-20,21,5,-20,-20,17,-20,4,4,-20,8,-20,6,5,22,31,-20,-20,-20,8,-20,-20,-20,-20,8,17,-20,-20,16,17,30,19,30,-20,-20,-20,-20,-20,-20,-20,7,6,17,-20,5,-20,-20,-20,-20,15,6,8,5,3,14,6,3,28,-20,-20,3,66,-20,-20,-20,-20,5,4,22,8,4,-20,7,5,-20,11,-20,3,12,-20,-20,6,3,7,3,-20,-20,-20,6,-20,-20,-20,-20,-20,-20,-20,5,-20,-20,-20,-20,11,5,20,-20,-20,-20,2,3,-20,4,-20,-20,-20,2,-20,-20,4,65,8,4,-20,-20,-20,-20,3,7,-20,-20,3,15,-20,-20,20,-20,7,4,-20,10,-20,-20,12,10,6,-20,-20,-20,-20,23,25,-20,-20,-20,-20,8,3,3,-20,4,-20,5,-20,-20,3,5,-20,-20,-20,5,-20,-20,-20,-20,-20,-20,7,10,11,-20,-20,3,-20,-20,5,10,3,-20,-20,-20,2,-20,-20,3,9,7,-20,-20,-20,27,22,26,7,-20,-20,-20,-20,5,-20,-20,-20,3,-20,5,-20,12,4,-20,-20,-20,-20,4,5,6,4,24,-20,-20,6,3,3,-20,-20,-20,-20,14,11,38,25,-20,21,14,-20,-20,20,22,-20,-20,20,-20,3,-20,-20,-20,-20,-20,-20,-20,7,6,8,-20,5,-20,-20,-20,7,4,3,7,-20,-20,10,-20,-20,13,-20,17,-20,-20,5,-20,12,22,3,3,-20,-20,6,10,-20,-20,4,-20,26,3,6,-20,3,-20,-20,9,-20,23,30,33,7,13,12,4,20,24,7,-20,-20,4,-20,6,-20,-20,-20,4,-20,-20,-20,11,-20,5,-20,12,6,-20,8,27,17,12,11,29,17,4,-20,-20,14,-20,5,81,-20,32,-20,-20,8,12,36,12,29,29,-20,-20,-20,-20,23,59,51,12,3,11,-20,47,17,4,14,6,17,25,12,21,-20,8,3,-20,27,5,-20,10,32,-20,20,37,-20,10,12,-20,-20,-20,-20,-20,-20,-20,-20,8,-20,5,-20,-20,-20,6,-20,-20,-20,-20,-20,10,-20,-20,5,9,-20,-20,-20,-20,14,-20,16,-20,-20,-20,6,5,11,-20,-20,10,-20,12,7,-20,6,9,-20,-20,-20,4,11,6,-20,5,-20,-20,7,-20,-20,9,-20,14,14,7,-20,-20,8,-20,10,-20,4,-20,-20,7,6,10,-20,-20,-20,-20,-20,-20,-20,3,-20,19,4,11,-20,-20,3,-20,-20,-20,4,-20,-20,7,14,-20,4,9,6,-20,3,-20,5,2,-20,-20,-20,-20,5,-20,4,-20,7,-20,8,-20,-20,-20,10,-20,-20,-20,-20,3,-20,-20,-20,-20,5,-20,-20,10,5,3,5,7,-20,-20,7,-20,-20,6,3,-20,4,-20,-20,-20,-20,5,3,-20,-20,-20,-20,-20,-20,-20,8,-20,4,-20,-20,6,4,7,10,-20,-20,5,5,7,-20,-20,-20,-20,19,9,-20,-20,5,-20,-20,-20,-20,-20,-20,-20,4,11,6,-20,-20,-20,5,-20,-20,8,-20,-20,-20,-20,4,12,-20,-20,-20,8,7,-20,-20,4,4,-20,-20,3,-20,-20,8,-20,-20,3,-20,-20,-20,-20,9,-20,9,-20,-20,-20,-20,-20,-20,-20,-20,-20,-20,-20,-20,-20,-20,-20,-20,-20,-20,4,-20,-20,-20,5,-20,-20,-20,8,8,3,-20,6,-20,-20,4,-20,-20,9,-20,4,6,-20,-20,8,-20,8,-20,-20,-20,-20,-20,3,-20,-20,3,4,-20,8,-20,9,-20,7,5,-20,-20,5,6,13,-20,-20,-20,-20,3,11,-20,-20,-20,-20,-20,-20,-20,5,-20,-20,-20,-20,-20,-20,-20,-20,-20,-20,-20,3,-20,-20,18,18,6,-20,7,-20,-20,2,-20,6,7,-20,-20,5,-20,-20,-20,3,-20,-20,-20,15,4,4,-20,-20,-20,-20,-20,14,5,-20,5,6,-20,3,-20,8,7,-20,-20,-20,7,-20,3,7,-20,-20,5,7,-20,-20,-20,-20,-20,-20,-20,-20,-20,3,-20,3,6,-20,3,-20,6,6,-20,-20,-20,7,4,-20,-20,-20,-20,9,-20,-20,-20,-20,-20,-20,-20,-20,-20,4,-20,5,-20,-20,4,-20,6,-20,4,3,-20,-20,-20,-20,-20,-20,-20,-20,-20,-20,4,-20,8,5,-20,-20,-20,4,9,-20,-20,29,3,-20,-20,11,-20,-20,43,-20,-20,143,27,22,-20,27,-20,21
"chr1,11499568",-20,-20,-20,-20,-20,-20,-20,-20,-20,-20,-20,6,30,-20,11,14,28,-20,45,35,30,-20,31,13,31,12,24,24,21,-20,-20,8,-20,-20,44,38,18,-20,12,8,-20,-20,6,13,18,42,3,39,5,-20,-20,-20,-20,12,-20,-20,-20,-20,-20,17,22,19,18,32,53,-20,17,39,-20,13,-20,20,-20,-20,21,25,-20,5,12,4,-20,10,-20,-20,-20,-20,13,42,21,14,14,29,-20,34,50,33,-20,31,-20,-20,12,22,6,7,20,-20,-20,38,-20,6,5,-20,-20,24,3,-20,-20,-20,-20,6,6,-20,7,7,35,-20,-20,-20,12,-20,13,-20,-20,-20,-20,27,34,-20,-20,8,-20,-20,-20,-20,18,4,-20,26,-20,-20,7,4,-20,11,14,-20,6,4,-20,9,-20,-20,-20,-20,-20,-20,-20,-20,13,-20,-20,-20,-20,-20,2,-20,6,-20,7,77,-20,-20,-20,3,10,3,-20,-20,-20,9,-20,3,-20,-20,-20,8,9,-20,-20,10,5,10,22,-20,-20,-20,9,20,-20,7,18,-20,-20,15,-20,-20,24,-20,-20,7,-20,-20,16,-20,-20,-20,-20,13,-20,-20,-20,-20,40,-20,5,7,17,-20,-20,7,30,12,-20,-20,12,-20,14,-20,-20,-20,-20,10,5,-20,-20,13,-20,3,-20,3,14,5,-20,8,7,-20,-20,-20,19,26,-20,-20,-20,8,-20,-20,-20,25,22,31,5,24,-20,-20,9,18,8,-20,4,8,8,-20,-20,-20,23,30,-20,-20,-20,8,-20,-20,-20,-20,8,23,21,-20,23,22,32,30,32,-20,-20,-20,-20,-20,-20,-20,7,-20,19,-20,-20,-20,-20,-20,-20,15,6,8,5,4,-20,5,3,-20,-20,-20,-20,63,-20,-20,-20,-20,-20,4,23,-20,4,4,7,5,-20,-20,-20,3,10,-20,2,6,3,8,3,-20,-20,-20,8,-20,4,4,-20,-20,5,-20,5,-20,10,-20,-20,12,6,19,-20,7,-20,2,-20,-20,3,-20,-20,-20,4,-20,-20,-20,68,8,-20,-20,3,-20,11,3,6,-20,-20,-20,14,5,3,19,-20,-20,4,-20,9,-20,-20,13,10,-20,6,-20,9,3,23,21,8,-20,-20,8,-20,3,3,3,-20,-20,6,-20,-20,3,-20,3,10,4,4,-20,7,-20,-20,-20,-20,6,12,11,-20,3,3,-20,-20,5,-20,3,-20,-20,-20,-20,-20,-20,3,9,7,3,-20,-20,31,25,26,10,-20,-20,-20,-20,-20,-20,-20,-20,-20,-20,5,-20,13,6,-20,-20,-20,5,3,5,7,4,27,3,-20,-20,3,3,5,-20,-20,-20,20,-20,40,-20,-20,25,18,-20,-20,21,27,3,-20,22,-20,3,-20,-20,-20,-20,-20,-20,-20,7,6,9,4,5,-20,-20,-20,8,4,3,7,4,6,10,-20,3,12,-20,19,-20,29,5,-20,-20,21,4,3,3,-20,-20,-20,-20,-20,-20,-20,26,3,-20,-20,-20,-20,11,10,19,28,35,39,-20,-20,-20,-20,26,27,8,-20,2,8,-20,10,-20,10,-20,7,-20,-20,-20,12,-20,5,30,12,10,-20,-20,34,22,14,19,29,19,4,-20,5,-20,-20,-20,89,15,31,24,-20,-20,-20,37,-20,30,-20,-20,-20,-20,13,22,55,55,19,-20,13,-20,55,22,6,15,-20,-20,-20,12,24,-20,-20,3,-20,28,5,-20,-20,38,13,-20,36,-20,11,-20,-20,-20,-20,-20,-20,-20,-20,-20,8,-20,6,-20,-20,8,10,-20,-20,-20,-20,-20,15,-20,-20,10,11,-20,-20,-20,14,17,-20,25,6,-20,-20,-20,-20,10,-20,-20,15,-20,11,12,-20,-20,12,3,5,-20,-20,11,9,-20,-20,10,5,-20,-20,-20,9,-20,16,17,-20,10,-20,11,-20,10,-20,4,-20,-20,8,7,11,6,-20,-20,-20,-20,-20,-20,-20,-20,19,6,-20,-20,11,-20,-20,5,-20,-20,-20,-20,-20,-20,-20,5,10,8,-20,4,-20,5,4,3,-20,5,14,5,-20,8,-20,13,8,11,3,-20,-20,11,-20,-20,-20,-20,-20,-20,-20,-20,-20,-20,-20,7,14,5,5,-20,9,15,5,8,-20,-20,11,6,-20,5,-20,5,-20,-20,8,4,-20,-20,-20,-20,-20,-20,-20,16,-20,6,12,-20,12,-20,9,10,-20,11,5,4,9,-20,-20,4,-20,-20,13,-20,-20,-20,-20,-20,-20,-20,-20,-20,-20,-20,15,8,5,-20,-20,4,-20,5,8,-20,-20,6,-20,5,12,-20,-20,-20,-20,10,-20,6,4,4,-20,-20,3,3,-20,8,-20,-20,3,-20,-20,10,14,-20,-20,-20,23,-20,-20,-20,-20,-20,-20,-20,-20,-20,-20,-20,10,-20,11,6,-20,-20,11,-20,-20,-20,-20,-20,-20,11,11,11,7,-20,6,-20,-20,7,-20,-20,14,-20,5,-20,-20,-20,8,-20,8,-20,-20,-20,-20,-20,4,8,-20,6,4,-20,7,-20,12,-20,7,7,-20,-20,-20,6,17,-20,-20,-20,3,-20,12,4,-20,-20,-20,-20,-20,-20,5,-20,-20,-20,-20,-20,-20,7,-20,-20,-20,-20,4,-20,-20,19,19,10,-20,9,-20,-20,3,-20,-20,6,3,-20,6,-20,-20,-20,-20,-20,-20,10,17,5,-20,-20,-20,-20,-20,-20,-20,6,-20,5,6,-20,4,-20,11,8,-20,-20,-20,8,3,4,-20,-20,-20,5,6,-20,-20,-20,-20,-20,-20,-20,-20,-20,-20,-20,5,6,-20,3,-20,-20,8,-20,-20,-20,7,-20,-20,-20,-20,-20,10,-20,-20,-20,-20,-20,-20,4,4,-20,4,-20,6,-20,7,5,-20,-20,-20,6,-20,-20,-20,-20,-20,-20,5,-20,-20,-20,5,4,2,9,6,-20,-20,-20,8,-20,4,-20,-20,3,10,-20,-20,-20,22,-20,23,52,143,-20,30,21,27,16,21
"chr1,11499589",-20,5,-20,-20,-20,-20,8,-20,-20,4,-20,6,38,28,17,26,31,14,63,46,33,-20,33,19,45,15,21,36,17,-20,-20,5,5,7,48,48,25,10,16,-20,3,27,10,12,15,46,5,47,8,8,17,16,16,21,-20,13,59,24,22,25,27,20,19,36,68,41,18,50,40,11,26,27,15,25,25,32,21,9,13,5,13,14,16,-20,10,20,17,47,30,18,19,39,25,50,61,41,7,38,3,31,17,28,5,10,23,28,-20,44,55,-20,7,-20,32,33,4,-20,35,10,7,-20,10,-20,10,9,42,-20,-20,35,12,9,17,10,-20,-20,25,39,48,5,-20,11,-20,-20,9,-20,25,9,6,30,4,3,8,7,6,10,16,-20,8,5,36,7,-20,-20,8,-20,-20,-20,-20,-20,10,10,27,41,17,7,-20,14,6,15,11,57,6,7,5,3,15,-20,3,21,-20,9,10,7,-20,4,9,8,9,8,16,11,-20,12,20,16,28,6,12,10,-20,18,20,21,10,22,3,13,23,7,-20,9,5,5,19,26,5,7,7,10,16,20,30,18,40,29,7,4,18,9,12,4,37,10,20,8,11,29,17,18,8,17,9,11,6,6,19,9,11,5,7,6,11,8,8,6,7,10,11,13,19,23,16,26,7,12,23,14,47,23,21,24,7,26,4,18,7,21,-20,4,6,8,10,9,4,9,21,30,31,-20,3,7,16,4,-20,-20,7,26,28,-20,31,29,36,35,34,42,3,-20,4,-20,-20,39,6,12,18,13,5,9,-20,5,-20,24,6,11,5,5,23,5,5,31,70,7,3,59,12,-20,6,-20,-20,-20,24,14,7,4,8,6,-20,16,-20,4,7,-20,2,6,5,5,3,-20,8,-20,7,7,4,7,-20,13,5,3,4,6,11,-20,5,9,5,19,12,6,13,6,6,17,4,3,-20,4,7,-20,6,3,67,7,4,-20,4,18,14,3,7,5,3,4,16,7,5,19,3,10,3,-20,9,-20,3,11,9,9,8,10,12,3,26,25,8,-20,16,-20,11,3,7,-20,10,-20,4,10,-20,5,6,4,8,3,6,-20,14,22,10,-20,-20,8,10,11,4,4,5,24,-20,7,14,-20,-20,4,12,5,-20,-20,3,6,5,4,3,3,37,32,24,13,3,-20,3,-20,4,3,5,6,-20,-20,8,6,13,6,9,3,-20,5,4,4,-20,6,31,3,12,5,2,3,10,17,-20,16,25,17,45,30,13,28,22,3,3,29,34,8,8,28,3,4,30,11,-20,-20,24,-20,-20,7,11,5,-20,4,4,5,9,10,3,6,-20,-20,6,7,9,-20,11,7,18,3,32,7,7,22,13,-20,3,3,-20,7,17,-20,4,4,14,22,-20,10,8,8,30,13,13,29,38,46,49,10,5,10,-20,27,24,10,30,8,10,4,11,8,10,6,-20,23,14,23,15,13,6,34,12,13,6,8,36,25,10,23,31,19,5,5,6,19,13,10,85,23,42,27,30,8,15,37,19,29,26,14,25,19,10,23,51,54,20,7,13,16,62,21,7,11,14,18,34,12,30,20,18,7,24,32,3,16,14,52,13,29,29,20,13,16,11,20,14,13,7,12,14,9,7,9,11,7,19,8,9,4,12,16,9,7,15,10,8,11,14,12,8,15,11,21,15,25,5,8,3,11,9,9,3,4,14,16,16,13,13,8,12,9,8,17,11,9,9,3,6,11,5,9,6,5,10,10,23,13,15,7,7,13,9,12,-20,-20,9,-20,11,9,13,9,9,7,15,13,5,9,7,4,19,10,11,17,10,5,-20,5,14,9,7,7,7,15,12,8,9,8,-20,10,8,10,7,4,7,6,18,4,4,8,7,17,9,12,-20,10,14,11,5,10,3,6,4,-20,9,-20,11,9,7,8,13,6,8,7,12,20,5,8,-20,5,12,12,14,9,25,6,15,8,10,-20,2,6,7,7,13,17,6,18,15,7,11,7,14,9,11,11,11,15,5,4,17,3,14,3,16,24,12,-20,10,7,14,8,-20,8,7,-20,17,7,18,11,6,8,6,6,8,5,8,13,3,6,9,6,16,8,9,5,12,14,3,7,8,8,15,11,5,-20,9,5,4,23,3,12,8,13,14,21,17,17,23,27,16,19,10,14,22,14,12,13,15,8,10,24,21,11,13,7,12,14,25,14,6,8,10,14,14,13,8,15,5,10,16,8,8,5,17,4,6,9,4,8,11,6,9,9,9,3,-20,7,5,11,6,9,3,12,8,-20,14,13,10,6,9,5,12,9,19,10,-20,11,-20,5,10,-20,10,6,13,-20,8,-20,6,-20,4,4,-20,8,-20,10,5,9,10,9,7,-20,9,20,23,14,8,9,9,-20,5,7,9,6,4,32,6,-20,9,9,-20,-20,6,14,21,8,8,5,7,11,-20,4,21,7,-20,3,7,-20,-20,3,12,9,3,9,6,15,3,-20,7,5,11,5,12,-20,-20,7,2,5,4,3,5,-20,4,7,6,6,3,4,5,9,9,-20,-20,-20,9,6,4,6,-20,-20,9,-20,-20,4,5,4,-20,3,5,8,-20,-20,6,4,5,5,4,4,4,-20,6,3,4,-20,6,4,5,3,-20,3,-20,6,9,6,4,6,7,-20,8,7,5,-20,32,3,12,29,21,18,21,53,26,54,128,31,43,25,29,15,24
"chr1,11499594",-20,5,3,-20,4,-20,9,-20,3,4,4,6,41,29,21,28,32,14,66,47,30,10,31,24,47,17,20,37,15,-20,-20,4,5,7,48,50,27,13,18,10,3,30,10,12,16,46,5,46,7,8,16,13,16,21,20,14,57,28,25,28,27,25,22,35,66,45,20,53,44,12,31,26,15,25,29,35,21,10,12,5,12,14,15,-20,11,18,16,53,33,18,21,43,29,51,59,38,7,38,3,28,19,30,6,10,21,30,-20,48,58,6,8,-20,32,28,5,-20,39,9,-20,8,10,-20,9,9,45,8,3,35,12,9,15,10,8,-20,23,41,48,6,-20,11,6,-20,10,3,23,10,6,32,4,4,8,7,-20,7,16,-20,7,11,37,8,6,-20,8,-20,-20,7,-20,-20,10,10,27,40,17,7,2,13,5,13,11,52,5,9,7,4,12,-20,3,20,-20,8,11,8,-20,4,9,8,8,9,16,11,-20,13,17,19,28,6,12,14,-20,19,26,22,10,21,3,14,25,9,3,9,5,5,20,30,7,9,6,10,18,18,31,21,36,29,7,4,17,7,12,4,36,13,20,8,9,29,17,18,8,16,9,11,6,6,18,9,11,8,7,6,12,8,11,8,8,10,11,15,19,21,16,24,7,14,22,14,51,21,24,27,7,26,5,20,8,21,-20,3,6,7,10,10,4,9,19,26,31,3,3,6,20,5,4,-20,8,26,29,5,31,29,38,37,38,39,3,-20,4,-20,-20,38,7,12,16,14,5,9,-20,5,-20,25,5,11,5,4,23,5,6,35,71,6,3,55,13,-20,7,5,8,-20,23,15,7,6,8,5,-20,17,-20,4,8,-20,2,6,5,5,3,-20,8,-20,7,7,4,7,-20,13,5,3,4,6,12,4,6,8,5,19,16,6,13,9,5,18,4,4,-20,4,6,-20,6,3,64,7,4,-20,4,24,14,4,7,5,3,4,16,7,-20,19,3,11,3,-20,9,-20,3,12,9,8,9,11,11,3,26,27,8,-20,20,6,10,3,7,-20,10,-20,5,11,-20,-20,6,4,9,3,-20,7,15,23,11,-20,-20,7,9,10,4,4,6,27,4,8,19,-20,-20,4,12,5,-20,5,3,5,5,4,3,3,33,34,23,15,3,-20,3,-20,5,3,5,9,-20,-20,8,8,14,8,9,3,-20,5,3,4,9,5,32,3,13,5,2,3,10,20,-20,19,28,17,46,32,13,28,22,3,3,29,33,8,8,28,3,3,32,9,-20,-20,25,-20,-20,7,11,5,-20,7,5,5,9,10,3,6,6,10,8,7,10,-20,11,7,19,3,33,7,7,23,13,-20,4,3,-20,8,19,-20,4,5,15,22,3,12,8,10,31,14,14,28,39,51,53,11,7,12,14,27,24,10,29,8,10,4,11,7,10,6,10,22,15,24,15,13,6,33,11,13,6,8,37,25,10,24,30,19,5,5,6,19,13,12,85,22,42,26,35,-20,18,37,22,29,27,15,26,20,11,24,44,60,18,6,15,15,60,23,7,11,13,17,35,13,29,21,20,7,23,26,3,17,13,53,13,29,28,19,11,18,11,19,14,12,7,12,14,13,10,10,10,7,20,8,9,5,14,17,9,7,14,9,10,11,14,12,10,15,13,22,16,21,5,7,3,13,9,8,3,5,14,17,15,14,13,8,12,9,8,17,12,8,8,3,7,11,4,7,6,6,10,10,23,13,15,7,7,13,9,12,8,6,9,3,12,12,12,9,9,7,15,14,5,7,7,4,20,12,10,17,10,5,4,5,14,9,6,7,8,15,11,8,9,8,3,9,8,11,7,3,7,7,18,4,4,8,7,16,9,11,3,11,14,12,5,9,3,6,4,-20,9,-20,12,9,7,8,13,6,7,7,12,20,6,9,5,5,12,14,14,8,25,6,15,8,10,5,2,5,7,7,13,18,6,18,14,8,11,7,14,8,11,10,10,15,4,4,18,3,14,3,15,24,13,5,10,6,14,8,8,8,7,-20,18,7,19,12,6,8,6,6,8,5,8,13,3,6,9,6,17,8,8,5,13,13,3,7,8,8,15,13,4,-20,9,5,4,26,3,12,8,13,14,21,16,18,23,27,17,19,10,14,22,14,11,12,15,8,10,24,20,11,13,7,12,15,25,14,8,9,11,13,14,13,8,16,5,10,16,8,6,6,16,3,6,8,4,8,11,6,9,9,8,3,-20,7,5,12,6,9,3,11,8,-20,13,14,11,6,9,5,12,9,19,10,-20,11,8,5,11,6,9,6,13,-20,8,-20,5,-20,4,4,-20,8,5,11,5,10,9,9,7,3,9,19,22,14,9,9,9,4,4,7,9,6,4,32,6,5,9,9,6,3,6,14,22,8,8,5,7,11,-20,5,20,7,-20,3,6,-20,5,3,13,8,3,9,6,15,-20,4,6,5,11,5,10,-20,3,8,2,4,5,3,4,-20,4,7,5,8,3,4,6,9,9,5,-20,2,9,5,5,6,-20,-20,5,-20,-20,-20,4,5,-20,4,3,7,-20,-20,6,6,5,4,6,-20,4,3,8,2,4,-20,5,4,7,3,-20,3,-20,7,10,-20,4,5,5,-20,5,7,5,-20,37,3,12,29,22,21,22,52,30,54,128,45,46,27,30,13,23
"chr1,11499595",-20,5,3,-20,4,-20,9,-20,3,4,4,4,41,29,22,28,31,13,63,47,29,10,32,25,45,16,23,37,15,-20,-20,4,5,7,48,49,27,12,18,11,3,28,10,12,15,45,6,47,7,8,16,14,16,23,20,15,58,29,25,31,26,24,19,34,64,46,20,53,42,12,32,25,15,24,29,36,20,10,12,5,12,14,15,-20,11,18,16,52,35,18,21,44,28,56,60,38,7,38,3,28,19,29,6,10,19,28,-20,46,59,5,7,-20,32,28,5,-20,40,9,-20,7,10,-20,9,9,44,8,3,35,11,9,15,-20,8,-20,22,41,48,6,-20,10,6,-20,10,3,24,10,6,31,4,4,8,7,-20,7,17,-20,6,12,37,8,6,-20,8,-20,-20,7,-20,-20,10,11,25,39,17,6,2,13,5,13,12,51,5,9,7,4,11,-20,6,21,-20,8,10,8,-20,4,8,7,8,9,17,11,-20,13,17,20,-20,5,12,11,-20,18,25,23,10,21,3,13,26,9,3,-20,5,5,18,30,7,9,5,8,18,17,32,20,35,29,7,5,15,7,11,3,37,12,19,-20,8,29,16,18,-20,16,8,12,6,6,18,9,11,8,7,6,11,7,10,7,9,10,11,15,19,24,16,23,7,14,22,13,51,18,23,24,7,26,-20,20,8,22,-20,3,6,6,10,10,4,8,18,22,31,3,3,6,19,5,4,-20,8,25,29,5,31,28,39,37,38,40,3,-20,4,-20,-20,40,7,12,16,14,5,9,-20,5,-20,24,5,11,5,4,22,5,6,34,71,6,3,56,13,-20,7,5,-20,-20,23,15,7,7,8,5,-20,17,-20,4,8,-20,2,6,5,5,3,-20,8,-20,7,7,4,7,-20,13,5,3,4,6,11,4,6,8,5,20,16,6,12,9,5,18,4,4,-20,4,6,-20,6,3,64,6,5,-20,4,24,14,4,7,5,3,4,16,8,-20,19,3,11,4,-20,8,-20,3,12,10,8,9,11,12,3,27,28,8,-20,21,4,11,3,7,-20,10,-20,5,11,-20,5,6,4,9,4,4,7,16,26,11,-20,-20,7,10,10,4,4,6,27,4,8,19,-20,-20,4,12,5,-20,5,3,5,5,4,4,3,32,34,23,17,3,-20,3,-20,5,3,5,9,-20,-20,8,8,14,6,9,3,-20,5,2,4,9,-20,32,-20,13,5,2,3,11,21,-20,19,30,19,45,31,12,28,23,3,3,28,33,8,8,28,3,3,33,9,-20,-20,24,-20,-20,7,11,5,-20,7,5,5,9,10,-20,7,6,10,8,7,10,-20,10,6,18,3,33,6,7,22,14,-20,4,3,-20,8,19,-20,4,5,15,22,3,12,8,10,32,14,14,27,39,52,53,12,7,12,14,25,23,9,29,8,10,4,11,7,10,6,10,23,15,23,14,13,6,33,10,13,6,8,35,21,10,24,28,18,5,5,6,19,13,12,88,22,42,24,34,8,18,36,22,28,27,15,26,21,11,25,45,59,16,6,15,14,61,22,7,10,13,17,34,12,29,21,20,8,21,31,3,17,13,51,12,27,28,18,11,18,11,18,14,13,7,11,14,13,9,10,10,7,20,7,8,5,13,17,9,7,12,-20,10,11,14,12,10,15,12,22,16,20,5,7,3,13,9,9,3,5,14,17,15,14,13,8,10,9,8,17,12,8,7,3,7,11,4,7,6,6,10,10,22,13,15,7,7,12,9,12,8,6,9,3,12,12,12,9,9,7,15,15,5,7,7,4,20,11,10,17,10,5,4,5,14,9,6,7,8,14,11,8,9,8,3,-20,8,11,7,3,7,7,18,4,3,8,7,16,9,11,3,10,14,11,5,9,3,6,4,-20,9,-20,12,9,7,8,13,6,7,7,12,20,6,8,5,5,12,13,14,8,25,6,15,8,-20,5,2,5,7,7,13,18,7,19,14,8,11,7,14,8,11,9,10,15,4,4,18,3,14,3,15,24,13,5,10,6,14,8,8,8,-20,-20,18,7,17,11,6,8,6,6,8,4,7,13,3,5,9,6,-20,6,8,5,13,13,3,7,8,8,15,13,4,-20,9,5,4,27,3,12,8,13,13,21,16,18,23,27,17,19,10,13,22,14,11,12,15,8,10,24,20,11,13,7,12,15,26,-20,8,9,11,13,14,13,7,16,5,10,16,8,6,6,16,3,6,8,4,8,11,6,9,9,8,3,-20,7,5,12,6,8,3,11,8,-20,13,-20,10,5,9,5,12,8,19,10,-20,11,8,5,11,6,9,6,13,-20,-20,-20,5,-20,4,4,-20,8,4,11,5,10,-20,9,7,3,9,19,20,15,9,9,8,4,4,7,9,6,4,31,5,5,9,9,6,-20,6,14,20,8,8,-20,7,11,-20,5,20,7,-20,2,6,-20,5,3,13,8,3,9,6,14,-20,3,6,5,11,5,10,-20,3,9,-20,5,5,-20,4,-20,4,-20,5,8,3,-20,6,8,8,3,-20,3,9,6,5,6,-20,-20,7,-20,-20,-20,4,6,-20,4,-20,9,-20,-20,-20,6,5,4,6,3,4,3,7,2,5,-20,-20,3,7,2,-20,3,-20,-20,12,6,2,5,7,-20,6,-20,5,-20,36,3,12,30,22,20,21,51,30,35,128,45,46,26,29,13,23
"chr1,11499598",-20,5,3,-20,4,-20,9,-20,3,4,4,6,42,30,23,28,33,13,67,49,29,10,32,26,49,17,21,41,16,-20,-20,4,5,8,50,49,27,15,18,10,3,30,8,12,18,44,6,44,7,8,16,15,16,24,22,15,56,28,28,34,28,26,21,34,65,49,21,55,42,13,35,25,15,25,31,36,22,10,12,5,11,14,16,-20,11,18,16,55,35,18,21,44,29,60,64,40,8,38,3,28,22,30,6,10,20,30,-20,46,61,5,7,-20,34,29,5,-20,41,9,8,7,10,-20,9,9,45,8,3,35,11,9,17,10,8,-20,22,42,48,6,-20,10,6,-20,10,3,26,10,6,31,4,4,8,6,6,6,16,-20,7,12,36,6,6,-20,8,-20,-20,7,-20,-20,9,11,22,41,17,9,2,14,5,14,12,50,8,9,7,4,11,-20,6,23,-20,8,8,8,-20,5,8,7,8,9,18,10,-20,13,17,20,28,5,11,11,-20,19,26,21,11,20,3,14,27,9,4,-20,5,8,18,30,8,9,6,8,19,17,32,19,36,27,7,5,15,8,15,5,35,13,19,-20,7,29,16,18,8,17,10,12,7,7,19,9,12,8,7,6,12,8,11,6,10,11,12,15,23,25,15,23,5,13,22,14,53,18,22,29,7,26,5,20,7,24,10,3,-20,6,10,11,3,8,18,22,30,3,3,6,18,-20,4,-20,8,26,29,5,33,28,39,37,41,41,3,-20,5,-20,-20,42,7,12,15,14,5,9,-20,4,-20,26,5,10,7,4,19,5,6,34,71,6,3,53,14,7,7,6,7,-20,23,15,7,7,8,5,-20,16,-20,4,-20,-20,2,6,5,5,3,-20,8,-20,7,7,4,7,-20,16,5,3,4,7,11,4,6,8,6,20,16,6,13,11,5,19,4,4,-20,4,6,4,6,3,64,6,5,-20,4,26,14,4,6,5,3,4,17,8,-20,20,3,11,4,-20,7,-20,3,12,11,8,8,11,13,3,28,27,8,-20,23,6,9,4,7,3,10,-20,5,11,-20,5,6,4,9,4,4,6,18,27,11,-20,-20,7,10,10,-20,4,6,28,4,9,21,-20,-20,4,11,5,-20,5,3,5,5,4,4,4,33,33,21,20,3,-20,4,-20,5,3,5,10,-20,-20,10,8,14,6,9,4,-20,6,3,4,8,-20,33,-20,13,5,2,3,11,21,-20,19,31,19,49,33,11,26,24,3,3,29,35,8,8,28,3,4,36,9,-20,-20,23,-20,-20,8,11,5,-20,8,6,5,9,10,-20,9,6,11,8,7,9,-20,9,5,19,3,33,6,7,25,13,-20,4,3,-20,7,20,-20,4,5,15,23,4,11,8,10,33,15,14,27,40,53,54,13,9,12,14,24,23,9,29,8,10,5,10,7,10,6,10,23,15,23,14,13,6,32,10,13,5,8,33,21,8,22,26,-20,5,5,6,19,13,14,86,22,41,26,37,-20,18,36,20,28,25,15,29,26,11,23,47,60,15,5,15,14,62,22,7,12,14,15,35,12,27,22,20,8,24,31,3,17,13,53,12,29,28,19,11,18,11,18,14,14,7,11,14,11,9,11,10,7,20,6,8,5,13,16,-20,7,12,9,10,11,11,12,10,15,12,21,15,20,5,7,3,13,9,8,3,5,13,17,15,14,13,8,9,9,-20,17,12,8,6,3,7,12,4,6,6,6,10,10,22,13,15,7,7,11,9,11,8,5,9,3,12,12,13,9,9,6,15,15,5,7,7,4,20,11,10,17,10,5,4,5,14,9,7,7,8,14,11,8,9,8,3,9,8,11,7,3,7,7,18,4,3,7,7,16,9,11,3,10,14,11,5,9,3,6,4,-20,9,-20,12,-20,7,8,13,6,6,7,11,20,6,8,5,5,12,13,14,8,25,6,15,9,-20,-20,2,5,7,7,13,18,7,19,14,8,11,7,13,8,11,9,10,15,4,4,17,3,14,3,15,24,13,5,10,6,14,8,8,8,7,-20,18,6,17,12,6,8,6,6,8,4,7,13,-20,4,9,6,16,6,8,5,13,13,3,7,-20,8,15,13,-20,-20,9,6,4,31,3,12,8,13,14,21,16,18,21,28,17,19,10,14,21,14,11,12,15,8,10,24,20,11,13,7,12,17,26,14,8,9,12,13,14,13,9,16,5,10,16,8,6,6,16,3,6,7,4,8,11,6,9,9,8,3,-20,7,5,12,6,8,3,11,8,-20,13,14,10,5,9,5,13,9,19,10,6,11,8,5,11,6,-20,6,13,-20,8,-20,5,-20,4,4,-20,8,4,11,5,10,9,9,7,3,9,19,20,15,9,9,8,4,4,7,9,6,4,31,4,5,9,9,6,3,6,14,20,8,8,5,7,11,-20,5,20,7,-20,2,6,-20,5,3,13,8,3,9,6,13,-20,3,6,5,11,5,9,3,3,9,-20,5,5,3,5,-20,5,6,5,7,3,3,5,8,8,4,-20,3,7,6,5,6,4,-20,-20,-20,-20,-20,4,6,-20,5,-20,6,-20,-20,5,6,4,3,6,3,3,-20,7,-20,4,-20,6,3,7,3,3,-20,-20,8,13,6,-20,5,7,-20,6,5,5,-20,37,4,12,30,23,20,22,50,31,34,128,46,48,26,29,12,23
"chr1,11499602",-20,5,3,-20,4,-20,9,-20,3,4,4,8,42,32,24,31,32,14,68,52,29,10,36,27,53,17,21,42,15,-20,-20,4,5,8,52,53,28,15,18,11,3,29,8,12,15,42,6,50,7,8,12,15,15,24,25,17,56,30,29,32,28,31,22,34,64,54,22,56,42,15,35,24,16,27,31,40,23,10,12,5,12,15,17,-20,11,20,17,59,35,19,23,48,29,63,65,42,8,37,3,29,23,31,6,11,21,35,-20,46,61,5,7,-20,34,30,7,-20,44,9,8,8,10,-20,10,10,46,9,3,35,11,10,18,10,8,-20,23,45,49,7,3,10,6,-20,10,3,27,11,6,33,4,5,9,7,6,6,17,-20,7,14,36,-20,6,-20,8,-20,-20,9,-20,-20,9,11,24,37,19,11,2,14,3,14,9,52,8,11,8,4,11,-20,6,23,-20,8,8,8,3,5,9,7,8,9,18,11,-20,15,18,20,26,5,11,11,-20,19,27,23,11,20,5,12,27,9,5,9,5,9,17,34,8,9,5,9,21,22,33,19,38,31,7,5,18,9,15,5,35,13,19,8,8,32,16,19,8,19,11,16,6,8,19,9,11,8,7,6,13,9,13,6,11,12,17,15,22,25,16,23,4,13,24,12,54,18,21,28,7,22,5,20,10,24,10,3,-20,6,10,10,-20,10,26,19,30,3,3,6,19,5,4,-20,8,26,29,7,34,28,40,36,44,41,3,-20,5,-20,-20,46,8,11,14,15,5,9,-20,4,-20,28,5,11,7,4,22,5,8,34,76,9,3,59,15,7,6,6,8,-20,23,16,8,7,8,4,-20,18,-20,4,11,-20,4,6,5,6,3,-20,8,-20,6,7,4,8,-20,17,5,3,4,7,11,4,6,9,6,19,17,6,14,12,7,22,5,4,3,4,7,4,7,4,58,6,5,-20,4,27,13,4,7,5,4,6,16,8,-20,20,3,10,4,-20,6,-20,4,13,10,7,8,11,13,3,26,26,8,-20,24,6,9,4,7,3,10,-20,5,13,-20,5,6,4,4,3,4,8,20,28,11,-20,4,7,11,11,4,4,5,28,4,10,22,7,-20,4,11,8,-20,5,4,6,6,4,4,4,36,35,22,21,3,-20,4,-20,6,4,6,11,-20,-20,11,12,14,6,9,4,-20,6,3,-20,7,-20,35,-20,13,5,2,2,11,22,-20,24,33,21,49,35,13,28,25,3,3,31,37,9,8,28,3,4,34,8,-20,6,22,-20,-20,8,10,6,-20,10,6,5,-20,11,-20,10,6,12,7,6,7,-20,8,5,18,3,35,6,7,24,13,-20,4,3,-20,7,22,-20,4,5,16,23,4,11,9,9,33,15,15,29,41,54,60,14,9,13,14,24,20,9,30,7,10,4,10,7,10,6,10,23,15,22,13,18,5,33,10,14,5,8,34,24,8,21,24,15,7,5,6,18,14,14,95,22,41,25,38,9,21,33,23,31,25,14,31,22,14,24,51,58,15,7,14,15,62,22,6,13,14,16,38,12,26,26,19,9,24,27,4,20,13,58,12,29,25,19,12,19,11,18,14,14,7,11,16,12,10,13,10,7,20,7,7,5,13,17,9,8,12,10,10,11,11,14,10,15,10,21,15,20,6,7,3,16,9,8,3,6,13,18,14,14,14,8,10,10,8,16,13,9,6,3,9,13,6,7,6,6,10,10,22,13,16,6,7,12,8,12,8,5,9,3,11,12,12,9,9,6,15,16,6,-20,8,4,20,10,11,17,9,5,4,5,16,9,7,8,8,14,11,8,9,9,3,10,8,12,7,4,8,8,19,4,3,8,9,17,11,11,3,10,15,11,5,9,3,6,5,-20,11,-20,12,8,7,8,13,7,6,6,11,20,6,8,5,5,16,14,14,9,25,6,15,10,11,4,3,6,7,7,13,19,7,20,14,8,13,9,14,8,13,8,10,15,4,4,17,3,12,3,15,24,15,9,11,8,15,8,8,8,7,-20,23,6,18,12,6,9,8,6,8,4,6,13,3,4,9,7,16,6,8,5,13,14,3,7,8,8,17,13,-20,-20,9,6,4,34,3,12,8,13,16,23,16,18,22,29,17,19,10,15,22,18,13,12,15,8,10,24,20,11,13,8,13,18,26,14,8,10,13,14,15,13,9,17,6,11,15,9,7,5,16,3,6,7,4,10,11,6,9,9,8,4,-20,7,5,12,6,10,3,11,9,-20,12,14,10,5,9,5,13,9,20,9,6,11,9,7,11,6,9,6,14,-20,8,-20,5,-20,4,4,-20,8,5,11,5,10,9,10,7,3,10,19,22,14,9,9,8,4,4,7,10,6,4,31,4,5,9,9,6,3,7,14,19,8,9,5,7,12,-20,5,20,7,-20,-20,8,-20,6,3,12,8,3,9,6,14,-20,3,6,5,12,5,8,3,3,9,-20,5,5,4,6,-20,6,6,6,7,4,4,6,8,7,3,-20,3,7,7,7,5,4,-20,7,-20,-20,-20,5,7,-20,5,5,6,-20,-20,4,5,4,3,7,3,3,4,7,3,6,-20,7,3,6,3,4,4,5,6,13,6,-20,5,-20,-20,8,8,5,-20,38,5,14,31,23,20,21,53,31,35,128,49,50,27,30,17,24
"chr1,11499606",-20,5,3,-20,4,-20,9,-20,3,4,4,8,42,34,22,33,32,15,68,52,34,10,35,30,52,17,22,40,15,-20,-20,6,6,8,55,55,32,16,18,11,3,27,9,12,17,45,8,51,8,6,9,15,15,25,26,17,55,31,29,31,30,34,22,32,65,60,23,55,41,15,35,23,16,28,32,39,22,9,12,5,12,15,20,2,11,22,18,63,35,19,26,47,29,61,66,46,8,39,3,28,26,29,6,11,24,36,-20,43,59,5,7,-20,36,30,7,-20,45,9,8,8,9,-20,10,10,48,9,3,40,11,10,18,10,8,-20,21,46,47,7,3,10,6,-20,9,3,26,11,6,33,-20,5,9,7,8,6,17,-20,6,14,37,6,6,-20,8,-20,-20,9,-20,-20,9,11,25,39,21,13,-20,15,3,14,9,52,9,11,9,4,11,-20,6,24,-20,9,10,9,3,6,6,6,5,10,19,10,-20,16,19,20,26,9,11,15,-20,20,25,22,11,18,5,11,26,9,8,10,5,10,18,32,10,10,5,8,20,23,32,20,39,33,7,8,20,9,16,6,35,12,19,7,8,32,17,19,9,19,11,19,6,9,18,9,14,7,9,6,14,11,13,7,12,11,19,17,24,26,17,24,5,16,25,13,55,17,20,28,9,21,3,20,10,30,-20,3,7,6,10,14,3,10,33,27,33,3,3,6,20,5,4,3,8,24,30,7,34,27,40,40,46,42,4,-20,5,-20,-20,48,7,13,15,15,6,9,-20,4,-20,26,5,12,8,5,25,5,8,36,71,10,3,56,15,7,6,6,7,3,22,16,8,7,8,6,-20,18,-20,4,10,-20,4,6,4,6,4,-20,8,3,6,8,4,8,-20,19,5,4,4,7,11,4,7,9,6,20,16,5,13,15,7,20,4,4,3,-20,7,4,6,5,59,6,7,-20,4,25,15,4,8,6,4,6,17,8,6,21,4,10,3,3,6,-20,4,13,10,7,8,11,15,-20,26,29,8,-20,26,7,14,4,7,-20,10,-20,3,14,3,5,6,3,5,3,5,8,21,28,11,-20,5,8,9,11,4,4,5,27,5,9,25,7,-20,4,11,-20,-20,5,4,7,5,4,4,4,36,35,21,20,4,-20,4,-20,7,4,5,10,-20,-20,14,12,12,5,9,4,-20,6,3,-20,7,6,38,-20,15,6,3,-20,10,22,-20,23,35,23,47,41,13,31,28,3,3,32,39,8,8,27,3,4,35,8,-20,6,22,-20,-20,8,11,7,-20,9,6,5,9,11,3,11,7,13,7,6,9,-20,8,4,18,3,40,7,7,-20,16,-20,4,3,-20,7,23,-20,5,5,16,18,4,12,9,12,30,16,15,31,40,53,59,15,9,12,14,24,21,9,30,7,9,4,10,7,10,6,9,23,16,22,15,18,5,33,9,13,5,8,32,24,6,20,24,15,7,5,6,20,16,16,92,26,40,24,38,-20,21,34,22,32,23,14,33,22,15,19,48,57,16,7,17,16,63,23,6,12,12,14,40,12,27,26,23,9,24,27,4,19,14,57,12,28,23,20,12,19,11,18,13,13,7,11,17,12,12,13,10,7,20,7,7,5,12,17,9,9,12,10,10,11,11,14,10,14,10,19,15,20,6,7,3,16,9,8,3,6,13,18,15,13,15,8,9,10,7,16,13,9,6,3,8,11,-20,8,6,6,10,10,24,13,16,6,8,12,7,11,8,4,9,3,12,12,13,9,9,6,15,16,8,9,8,4,20,10,11,17,9,5,4,5,16,9,7,8,8,14,11,6,8,9,4,10,8,12,8,4,8,8,19,4,3,8,9,18,11,11,3,10,14,11,5,9,3,6,5,-20,11,-20,12,8,7,8,13,7,6,6,11,19,5,8,5,5,16,14,14,9,27,6,15,11,10,5,3,6,7,7,13,19,7,20,14,7,14,10,12,7,13,8,10,15,4,4,16,3,12,3,15,24,15,10,11,9,15,8,8,8,7,-20,23,6,17,12,5,8,8,6,8,4,6,13,3,4,9,7,15,6,8,4,13,13,3,6,8,8,17,12,-20,3,9,6,3,36,3,12,8,13,16,23,15,18,22,28,17,18,10,16,22,18,13,12,13,-20,10,23,21,10,13,8,13,18,26,14,7,11,13,14,15,13,8,18,6,11,15,9,7,5,16,3,6,6,4,10,8,6,9,9,8,4,-20,6,5,12,6,10,3,11,9,-20,12,12,10,4,9,5,12,8,20,9,6,11,9,7,11,6,9,6,14,-20,8,-20,5,-20,4,3,-20,8,5,11,5,10,8,10,7,3,10,18,21,14,9,9,8,4,4,7,10,6,4,31,4,5,9,8,6,3,7,14,18,8,9,5,7,13,-20,5,19,7,-20,-20,8,-20,6,3,12,7,3,9,6,14,-20,-20,8,5,12,5,9,3,4,10,-20,5,6,4,6,-20,6,7,6,-20,5,4,8,8,5,4,-20,3,8,-20,7,5,4,-20,8,-20,-20,-20,5,6,4,5,5,6,-20,-20,4,5,2,3,6,-20,3,4,7,-20,6,-20,6,-20,7,3,4,-20,5,8,14,6,-20,5,12,-20,-20,7,5,-20,38,5,14,28,22,19,22,56,35,30,135,48,54,29,32,16,25
"chr1,11499612",-20,5,3,-20,4,-20,9,-20,3,4,4,8,45,34,22,36,32,18,70,53,36,10,35,28,53,17,23,42,15,-20,3,8,6,8,57,54,31,16,18,11,3,27,8,13,16,45,9,55,9,5,8,15,18,28,26,17,55,35,30,32,30,36,23,33,60,55,24,59,45,14,36,24,16,30,32,41,21,9,13,5,11,19,19,2,12,24,18,64,34,19,28,44,29,62,59,48,8,41,3,29,27,30,6,11,23,35,-20,42,58,5,6,-20,38,34,7,-20,43,9,8,8,9,-20,-20,10,48,9,3,44,11,9,19,10,8,-20,23,44,50,7,3,-20,6,-20,9,3,26,10,6,33,4,5,9,7,7,6,17,-20,7,14,39,4,7,-20,8,-20,-20,9,-20,-20,9,11,27,38,27,14,2,19,3,13,9,49,9,13,10,4,14,-20,7,23,-20,9,13,9,3,5,7,7,4,10,24,10,-20,17,21,20,26,9,10,17,-20,21,24,21,11,17,6,12,28,11,12,12,6,12,18,33,11,9,5,11,23,24,37,21,37,27,8,10,19,9,17,6,35,14,16,7,10,31,18,18,9,22,11,21,5,8,18,10,19,11,9,8,18,11,14,6,13,11,18,18,26,26,17,24,7,19,24,16,56,28,21,43,9,20,3,23,10,27,10,-20,8,11,11,14,3,11,36,28,33,3,3,4,22,5,4,3,6,28,32,7,32,29,38,40,46,44,5,-20,6,-20,-20,54,7,13,13,17,6,9,-20,4,-20,28,6,12,8,5,25,5,8,38,77,10,-20,55,15,7,-20,8,7,4,20,16,7,7,7,6,-20,22,-20,3,11,-20,5,5,4,7,4,-20,7,4,6,8,5,9,-20,24,5,4,4,10,11,5,8,8,7,20,17,6,13,18,8,21,5,5,3,4,7,4,6,5,57,6,6,-20,3,26,16,4,8,7,4,6,18,8,6,16,4,10,3,3,8,-20,4,13,10,7,8,12,18,3,26,28,8,-20,26,7,16,3,9,-20,7,-20,3,15,3,5,6,3,6,3,5,8,25,29,10,-20,-20,6,6,11,4,4,5,24,5,9,29,5,-20,4,10,8,-20,5,4,6,5,4,4,4,38,32,19,21,4,-20,4,-20,8,4,6,11,-20,-20,15,17,14,6,9,4,-20,6,4,-20,-20,6,40,-20,15,6,4,-20,10,22,-20,23,35,24,49,40,13,29,34,3,3,33,39,8,-20,25,3,4,39,10,-20,6,25,-20,-20,7,11,-20,-20,9,8,6,9,13,-20,11,7,14,10,6,12,-20,8,5,16,-20,41,7,6,25,17,3,3,3,-20,6,30,-20,7,5,17,16,5,11,8,14,27,22,16,31,39,54,61,17,12,13,16,24,16,9,31,7,9,4,9,6,11,6,8,23,17,22,13,18,5,33,9,13,5,8,31,23,6,20,19,13,5,4,4,20,19,17,99,26,40,28,46,10,23,30,26,32,22,18,37,24,15,22,53,60,15,7,17,19,72,21,8,12,11,15,43,11,34,23,25,10,22,27,3,23,15,64,13,28,18,21,13,17,11,19,13,14,8,12,18,13,11,13,10,6,20,5,8,5,12,17,9,9,11,8,11,11,11,15,10,14,10,20,18,18,5,7,3,16,8,8,3,6,13,17,14,12,15,8,9,11,7,16,13,9,6,3,9,10,7,7,6,6,8,9,24,10,17,4,7,9,6,11,8,4,8,3,11,11,12,9,10,6,14,16,8,9,7,4,20,11,10,17,8,6,4,3,17,-20,7,8,7,14,11,6,5,9,4,9,9,12,7,4,8,7,19,4,3,8,8,19,11,11,3,9,14,8,5,9,3,6,5,-20,12,-20,12,8,9,8,13,7,6,6,10,17,6,8,5,6,16,14,13,9,26,8,14,10,10,5,3,6,8,8,13,18,7,20,13,7,14,9,13,7,12,6,7,15,4,3,16,4,12,-20,13,24,15,10,11,9,15,7,7,8,7,-20,20,7,16,12,5,7,8,6,8,5,6,13,3,4,8,6,15,6,8,4,13,12,3,6,8,7,17,12,4,3,9,6,3,39,3,11,8,12,16,23,16,17,20,28,17,18,10,16,22,18,12,11,13,7,10,24,21,10,14,8,13,19,25,14,7,11,13,14,14,13,8,17,6,12,13,9,7,5,16,3,6,7,4,10,8,6,9,-20,7,4,-20,6,6,11,5,10,3,10,9,-20,12,12,10,4,9,4,12,8,19,9,6,11,9,7,10,5,10,6,13,3,8,-20,5,-20,4,3,-20,8,5,11,5,10,8,10,6,3,9,18,21,13,9,9,7,4,4,7,12,5,4,30,4,6,9,8,6,3,7,14,17,7,8,5,7,12,-20,4,16,7,-20,4,8,-20,5,3,12,6,3,9,6,14,-20,-20,10,5,13,5,11,3,4,9,-20,5,5,4,8,-20,8,9,4,6,5,4,6,10,6,4,-20,4,7,-20,7,4,5,-20,7,-20,-20,-20,5,7,3,4,5,6,-20,-20,4,3,-20,-20,6,-20,4,-20,7,-20,7,-20,8,-20,6,-20,4,5,7,7,16,7,2,6,13,-20,3,7,9,-20,37,5,17,30,22,21,21,57,36,30,152,48,55,36,31,17,24
"chr1,11499613",-20,5,3,-20,4,-20,9,-20,3,4,4,8,45,35,22,36,29,18,70,50,36,10,35,28,52,17,24,41,14,-20,3,8,6,8,58,54,31,16,18,11,3,25,8,15,17,45,9,53,9,5,8,15,18,28,26,17,55,34,30,32,30,35,23,33,61,55,24,60,46,14,36,23,16,30,32,41,22,9,13,5,11,19,19,2,12,24,17,64,34,19,28,45,29,62,63,47,8,42,3,28,28,30,6,11,23,35,-20,42,58,5,6,-20,37,35,7,-20,42,9,8,8,9,-20,9,10,48,9,3,45,11,9,19,10,8,-20,23,45,51,7,3,10,6,-20,9,3,26,10,6,32,4,5,9,7,7,6,17,-20,-20,14,40,6,7,-20,8,-20,-20,9,-20,-20,9,11,26,37,27,14,2,19,3,13,9,46,9,13,11,4,14,-20,7,23,-20,9,13,9,3,5,7,7,4,10,24,10,-20,16,21,20,25,9,9,17,-20,21,24,20,11,17,7,12,28,12,12,12,6,13,17,33,11,8,5,11,24,23,36,21,37,27,7,10,19,9,17,6,35,14,16,7,10,32,16,18,9,21,11,21,5,8,18,11,19,11,9,8,18,11,14,5,14,11,19,18,26,27,17,24,7,19,24,14,57,28,21,44,9,21,3,22,9,25,10,5,8,13,11,14,3,11,36,23,33,3,3,4,23,5,4,3,6,29,32,7,32,29,38,41,47,44,5,-20,6,-20,-20,54,7,13,13,17,6,9,-20,-20,-20,26,6,12,8,5,25,5,8,38,77,10,-20,55,15,7,6,8,7,4,19,16,7,7,7,6,-20,21,-20,4,11,-20,4,5,4,7,4,-20,7,4,6,7,5,10,-20,24,5,4,3,11,10,5,8,8,7,20,17,6,13,19,8,20,6,5,3,4,7,4,6,5,55,6,7,-20,3,26,16,4,8,7,4,6,18,9,6,16,4,10,3,3,8,-20,4,13,10,6,8,12,18,3,25,28,8,-20,26,7,15,3,9,-20,7,-20,3,15,3,5,7,3,7,3,5,8,26,29,-20,-20,6,6,6,10,4,4,5,23,5,9,29,5,-20,4,10,8,-20,5,3,6,5,4,4,5,38,31,20,20,4,-20,4,-20,8,4,6,11,-20,-20,15,17,14,6,9,4,-20,6,4,-20,6,6,40,-20,15,6,4,-20,10,21,-20,22,34,24,49,38,13,28,34,3,3,32,40,8,8,25,3,4,39,10,-20,6,25,-20,-20,7,11,8,-20,9,8,7,7,13,-20,11,7,13,9,6,12,-20,8,5,16,-20,40,7,6,25,17,3,3,3,-20,5,30,-20,7,5,17,17,5,10,9,14,27,21,16,30,39,56,61,17,12,13,15,24,16,9,31,7,9,4,9,6,11,6,8,23,17,22,13,18,5,33,9,13,5,7,31,23,6,20,19,13,5,4,4,20,21,17,95,26,40,28,45,-20,22,30,27,30,23,18,36,24,18,21,52,59,15,8,17,20,71,21,8,12,11,15,42,11,34,24,26,11,22,27,3,24,15,64,14,28,17,21,13,17,11,19,13,14,8,12,18,13,11,12,10,6,20,5,8,5,12,17,9,9,11,8,11,11,11,15,10,14,10,20,18,18,5,7,3,16,8,7,3,6,13,17,14,12,17,8,9,11,7,16,13,9,6,3,9,10,7,7,6,6,8,9,24,10,17,4,7,9,6,11,8,4,8,3,11,12,12,9,10,6,14,16,8,9,7,4,21,11,10,17,7,6,4,3,17,9,7,8,7,14,11,6,5,9,4,9,9,12,7,4,8,7,19,4,3,8,8,19,11,11,3,-20,14,8,5,9,3,6,5,-20,12,-20,12,8,9,8,13,7,6,6,10,17,6,8,5,6,16,14,13,9,26,8,14,10,10,5,3,6,8,8,14,18,7,19,13,7,14,9,12,7,12,6,7,15,4,3,16,4,12,-20,13,24,15,10,11,9,14,7,7,8,7,-20,20,7,16,12,5,7,8,6,8,5,6,13,3,4,8,6,15,6,8,4,13,12,3,6,8,7,17,12,-20,3,9,8,3,39,3,12,8,12,16,23,16,17,20,29,17,18,10,16,22,18,12,11,13,7,10,24,21,10,14,8,13,19,25,14,7,11,15,14,14,13,8,17,6,12,13,9,7,5,16,3,6,7,4,10,8,6,9,9,7,4,-20,6,6,11,5,10,3,10,9,-20,12,12,10,4,9,4,12,8,19,9,6,11,9,7,10,5,10,6,13,3,8,-20,5,-20,4,3,-20,8,5,11,5,10,8,10,6,3,9,18,21,13,9,9,7,4,4,7,12,5,4,30,4,6,9,8,6,3,7,14,17,7,8,5,7,12,-20,4,16,7,-20,4,8,-20,5,3,12,7,3,9,6,14,-20,-20,10,5,13,5,10,-20,4,9,-20,5,6,2,7,-20,8,9,5,6,5,3,7,9,4,5,-20,4,6,4,7,5,5,-20,7,4,-20,3,6,7,-20,4,5,5,-20,-20,5,-20,-20,-20,6,-20,4,-20,7,-20,7,-20,-20,-20,6,-20,4,5,7,5,15,7,-20,6,13,-20,-20,7,9,-20,37,5,17,30,22,21,21,58,37,30,152,44,55,37,31,17,24
"chr1,11499617",-20,5,3,-20,4,-20,9,-20,3,4,4,9,43,33,22,38,29,18,69,54,36,10,35,29,52,19,24,40,15,-20,3,7,5,7,59,51,34,15,17,11,3,29,8,15,14,42,9,55,10,6,7,17,17,28,26,17,54,36,28,34,28,36,23,32,61,51,25,60,44,15,37,20,16,31,30,41,23,9,13,-20,9,19,18,2,13,24,17,61,34,18,28,45,28,58,63,46,8,41,3,31,28,27,6,11,23,34,-20,41,58,5,7,-20,34,37,7,-20,42,9,8,8,9,-20,9,10,45,10,3,45,11,10,21,11,8,-20,24,44,47,7,3,10,6,-20,10,3,25,10,7,34,4,5,9,6,7,6,16,-20,7,14,37,7,7,-20,8,3,-20,9,-20,-20,9,11,26,36,27,14,-20,21,3,11,9,47,9,12,11,4,15,3,8,24,-20,11,13,9,3,6,7,9,5,-20,24,12,-20,15,23,20,26,9,9,17,-20,19,24,22,10,19,9,13,29,14,12,13,6,13,18,33,11,7,6,11,23,25,36,19,38,27,9,10,21,10,15,6,34,16,17,7,10,33,15,18,8,22,10,20,5,9,18,10,19,10,12,8,17,11,14,5,15,12,22,19,26,24,15,29,6,19,22,15,57,27,21,43,9,22,2,24,8,25,10,5,7,11,10,16,4,11,36,23,32,3,3,4,21,5,4,3,9,29,32,7,35,28,37,42,46,46,5,-20,6,-20,-20,56,6,13,14,18,3,9,3,4,-20,29,6,12,8,5,25,5,8,38,80,10,-20,55,16,7,6,8,-20,4,19,15,7,7,7,6,-20,21,-20,4,12,-20,4,5,4,8,4,-20,8,4,6,7,5,11,-20,23,5,4,3,12,10,5,8,8,7,18,20,6,13,20,8,19,6,5,3,4,7,4,7,6,54,6,7,-20,3,30,16,4,8,7,4,6,17,9,6,16,4,10,-20,3,7,-20,4,13,10,6,7,12,17,3,23,32,8,-20,30,6,19,4,9,-20,7,-20,4,15,3,5,6,4,8,3,5,8,28,28,10,-20,6,6,7,10,4,6,5,22,5,9,30,5,-20,4,9,8,-20,5,3,6,5,4,5,5,38,30,20,23,4,-20,4,-20,8,4,6,16,-20,-20,16,19,14,8,8,4,-20,7,4,-20,6,7,39,-20,15,6,4,-20,10,19,2,21,35,25,49,39,13,24,33,4,3,34,40,7,8,27,3,4,41,10,-20,7,25,-20,-20,7,10,-20,-20,9,10,7,7,13,-20,12,7,12,10,5,12,-20,6,6,15,-20,45,6,6,25,15,3,3,3,-20,5,32,-20,8,6,19,17,5,11,9,15,26,21,16,30,38,53,60,18,12,13,15,24,14,9,29,7,10,5,10,6,11,6,8,24,18,22,13,18,5,31,8,13,5,7,31,23,7,21,19,-20,5,3,4,19,23,16,100,26,40,29,49,-20,24,32,28,33,26,18,38,24,19,20,55,61,13,10,17,21,66,22,8,11,12,16,45,10,37,27,25,12,21,27,4,25,17,61,13,25,18,20,9,19,11,19,-20,13,8,12,17,13,11,12,10,7,19,5,8,5,12,17,-20,9,11,-20,11,9,11,15,10,14,10,20,17,18,6,7,3,16,6,7,3,7,13,17,14,11,16,8,9,11,7,16,13,9,6,3,9,12,6,7,6,5,8,9,22,10,17,5,7,9,6,8,8,4,7,4,11,12,14,11,-20,6,15,17,8,9,7,6,22,11,10,18,7,6,4,4,17,9,7,7,8,15,10,6,7,9,4,9,9,12,7,4,8,6,19,4,3,8,8,19,11,11,3,10,14,7,5,9,3,6,4,-20,12,-20,11,8,11,8,12,8,6,6,10,17,6,8,6,6,15,14,13,9,24,8,14,11,10,-20,3,6,8,8,14,18,7,19,13,7,14,10,13,7,12,6,8,16,4,3,16,4,12,-20,13,24,16,11,11,9,15,8,7,8,7,3,20,7,15,12,5,7,8,5,8,5,6,13,3,4,8,6,13,7,8,4,12,11,3,7,8,8,16,-20,4,-20,9,-20,3,39,3,12,8,12,16,23,16,15,21,29,17,17,10,16,22,19,12,11,13,7,10,23,21,10,14,7,13,19,26,14,8,12,16,13,13,13,8,17,7,11,12,9,6,5,16,3,4,7,4,9,8,-20,9,9,7,4,-20,6,5,11,5,10,3,10,9,-20,11,12,11,4,8,4,11,-20,19,9,6,11,9,8,11,6,10,6,13,3,-20,-20,5,-20,4,3,-20,8,6,11,5,10,8,10,6,3,9,20,18,13,9,9,7,4,4,7,10,5,4,35,4,6,9,8,6,3,7,14,17,7,8,5,6,13,-20,4,16,7,-20,4,9,-20,7,-20,12,8,3,9,6,14,-20,-20,10,6,13,5,10,-20,4,11,-20,-20,6,3,4,-20,8,6,4,6,5,5,7,10,5,6,-20,4,5,-20,7,-20,5,-20,6,5,-20,3,8,-20,3,4,-20,7,3,-20,5,-20,-20,-20,5,-20,3,3,7,3,6,-20,8,-20,7,-20,4,4,8,7,17,8,-20,-20,15,-20,4,7,9,-20,39,5,18,30,24,22,21,60,42,19,167,44,60,42,30,17,25
"chr1,11499621",-20,6,4,-20,4,-20,9,-20,3,4,4,9,42,33,22,38,30,18,69,54,38,10,36,28,53,21,25,40,15,-20,3,7,5,7,62,50,34,15,16,11,3,30,8,14,14,44,9,54,11,6,5,17,21,32,28,17,53,40,30,33,28,37,23,30,62,50,26,61,46,15,39,20,16,31,31,41,23,8,13,-20,9,20,18,2,13,25,17,61,34,16,27,45,27,58,64,44,8,42,3,33,27,27,5,11,25,34,-20,42,56,5,7,-20,35,39,7,-20,44,8,8,8,9,2,9,-20,48,10,3,46,12,10,22,11,8,-20,25,44,43,7,3,10,6,-20,10,3,25,10,7,33,4,5,9,7,7,6,16,-20,5,16,38,8,7,-20,8,3,-20,9,-20,-20,9,11,24,38,27,13,-20,20,3,11,9,37,10,11,11,3,15,3,8,26,-20,11,13,8,3,6,8,9,6,10,25,12,-20,16,24,19,25,11,9,17,-20,22,28,21,10,19,10,13,28,14,15,12,6,14,18,34,11,7,7,11,-20,24,34,19,43,24,9,10,22,10,16,7,33,14,17,7,7,32,17,17,8,23,11,21,5,10,17,12,18,12,12,8,17,11,18,7,15,13,22,17,23,25,15,29,6,19,21,11,58,27,23,42,9,22,-20,25,-20,28,9,4,7,12,11,18,4,11,44,21,34,3,3,4,21,5,4,3,9,30,31,7,35,27,37,43,45,48,6,-20,6,-20,-20,60,5,13,14,17,3,9,3,4,-20,27,6,13,8,5,26,5,7,38,84,11,-20,53,16,7,6,9,8,4,19,15,7,7,7,7,-20,22,-20,-20,12,-20,4,-20,4,7,4,-20,8,4,6,7,5,11,-20,25,6,4,3,11,10,6,8,7,8,19,22,6,13,21,8,19,6,6,3,5,7,4,7,6,51,6,7,3,2,32,16,4,-20,7,4,6,17,9,6,14,5,10,3,-20,7,-20,4,11,10,6,8,11,18,-20,21,33,8,-20,31,7,21,4,9,-20,7,-20,4,14,3,5,5,4,8,3,5,8,30,28,10,-20,6,6,7,10,4,6,5,22,5,10,31,5,-20,4,8,8,-20,5,3,6,5,4,5,5,37,27,19,25,4,-20,4,-20,9,3,6,17,-20,-20,18,19,14,10,8,4,-20,7,4,-20,5,6,40,-20,14,6,4,-20,10,19,2,22,32,28,52,38,13,24,32,4,3,36,42,7,8,27,3,6,42,10,-20,7,25,-20,3,-20,10,-20,-20,9,10,6,9,12,-20,12,7,12,10,5,12,-20,6,6,16,3,44,6,6,25,15,3,3,3,3,4,32,-20,8,6,20,15,5,10,9,16,25,20,15,30,38,52,61,18,11,15,16,23,12,8,29,7,10,6,10,6,11,6,8,24,19,22,13,19,5,30,8,14,5,7,30,23,8,21,19,-20,5,3,4,19,26,20,104,27,40,29,51,-20,23,33,28,32,26,18,40,26,21,20,57,-20,13,10,18,20,68,24,7,11,12,15,47,10,38,28,26,12,23,27,4,28,18,62,13,30,15,20,9,19,15,18,13,14,7,12,17,13,11,12,10,7,18,6,8,5,12,16,9,9,11,8,11,9,11,14,9,14,10,20,17,18,7,7,3,15,6,7,3,7,13,16,13,11,16,8,9,11,6,15,13,-20,6,3,9,12,6,7,6,5,7,9,20,9,17,5,7,9,6,6,8,5,7,4,11,11,14,11,10,7,15,17,8,8,7,6,21,11,11,19,7,5,4,4,15,9,7,7,7,15,11,6,7,10,4,9,9,12,7,4,8,6,19,3,3,8,8,19,11,11,3,9,14,6,5,9,3,5,3,-20,12,3,11,8,11,8,12,8,6,6,10,16,6,8,6,6,16,13,12,9,25,8,14,11,9,5,3,6,8,8,14,18,7,19,12,7,13,9,12,7,12,6,8,14,3,3,16,4,12,-20,13,21,16,11,11,8,16,8,7,9,7,3,21,7,15,12,5,6,8,4,8,5,6,13,-20,4,8,6,13,7,8,4,11,11,3,7,7,8,16,11,4,-20,8,-20,3,39,3,11,8,12,16,23,16,16,20,29,16,18,10,16,22,19,12,11,13,7,10,23,20,10,14,7,12,19,26,14,8,12,16,13,12,12,8,16,7,11,12,9,5,5,13,3,4,7,4,9,8,6,9,9,7,4,-20,6,5,11,4,10,-20,10,8,-20,11,12,10,4,7,4,10,8,17,8,6,10,10,8,11,6,10,6,13,3,8,-20,5,-20,4,3,-20,8,6,10,5,10,8,10,6,3,7,19,18,13,9,8,7,5,4,7,9,5,4,34,4,6,9,8,6,3,7,13,17,7,8,5,6,13,-20,4,16,5,-20,4,9,-20,-20,-20,12,8,3,9,6,14,-20,-20,10,6,13,5,7,-20,4,11,-20,3,6,-20,7,-20,8,5,3,7,5,4,5,-20,2,7,-20,4,3,-20,7,-20,-20,-20,4,5,-20,3,8,6,3,3,3,7,3,4,5,-20,-20,-20,4,-20,3,-20,8,2,6,3,11,-20,6,-20,3,3,8,8,15,10,-20,4,14,-20,4,8,9,-20,41,5,18,31,23,23,21,59,40,19,167,40,61,43,32,18,25
"chr1,11499622",-20,-20,4,-20,4,-20,9,-20,3,4,4,10,42,31,22,38,30,18,69,54,40,10,35,28,54,21,25,40,15,-20,3,7,-20,7,61,50,33,14,16,11,3,31,8,14,14,43,9,55,11,6,5,17,21,32,28,16,54,40,30,32,28,37,23,31,62,49,26,61,46,16,38,19,16,31,31,41,23,7,13,6,9,20,18,2,13,27,17,61,34,16,28,44,27,58,64,42,8,41,3,31,28,26,4,11,24,34,-20,40,56,5,7,-20,35,39,6,-20,44,8,8,9,9,2,9,-20,48,10,3,46,12,10,22,11,8,-20,26,44,41,7,3,10,7,-20,10,3,26,10,7,34,4,5,9,7,7,7,17,-20,5,16,38,8,7,-20,8,3,-20,11,-20,-20,9,11,23,38,27,13,-20,20,4,11,9,44,10,11,11,3,15,3,8,26,-20,11,13,8,3,6,8,9,6,10,26,11,-20,16,24,19,25,11,9,17,-20,22,28,21,10,21,10,13,28,14,15,13,6,14,17,36,11,7,7,11,29,24,34,20,44,24,8,11,21,9,16,7,32,14,17,7,7,31,17,16,8,25,11,20,5,10,17,12,20,12,12,8,16,12,18,7,15,14,22,17,23,25,16,29,6,20,21,11,58,30,23,42,9,23,-20,25,9,28,9,5,7,12,11,19,4,11,47,21,34,3,3,4,20,5,4,3,9,29,31,7,34,26,38,43,46,48,6,-20,6,-20,-20,60,6,14,14,18,3,9,3,4,-20,29,6,13,8,5,26,5,7,38,87,11,-20,53,16,7,6,9,8,4,17,14,7,7,6,7,-20,22,-20,4,12,-20,4,-20,4,7,4,-20,8,4,5,7,5,11,-20,26,6,4,3,11,10,6,8,7,8,20,24,6,13,21,8,19,6,5,3,4,7,4,7,6,50,6,7,3,2,34,16,4,8,7,4,6,16,9,6,14,6,10,3,3,6,-20,4,11,10,7,8,11,18,-20,21,32,8,-20,31,7,21,4,9,-20,7,-20,4,14,3,5,5,4,7,3,4,8,30,27,10,-20,7,7,7,10,4,6,5,21,5,10,32,5,-20,4,7,8,-20,5,3,5,5,4,5,5,37,27,18,26,4,-20,4,-20,9,3,6,17,-20,-20,18,20,13,14,8,4,-20,7,4,-20,6,6,40,-20,14,6,4,-20,10,21,2,22,32,26,52,38,13,24,32,-20,3,36,41,7,8,27,3,6,43,10,-20,7,26,-20,3,-20,10,-20,-20,9,10,6,9,12,-20,12,7,13,10,5,12,-20,6,5,16,3,43,6,6,26,16,3,3,3,3,4,33,-20,8,6,20,15,5,-20,9,17,25,21,15,31,39,50,63,18,11,15,16,23,12,8,29,7,10,6,10,6,11,6,8,24,19,22,13,19,5,30,8,14,5,7,30,23,8,21,18,13,5,-20,4,18,28,21,106,29,39,29,51,11,25,33,29,32,26,20,40,26,21,20,57,60,13,10,20,21,66,24,7,12,12,15,47,10,39,29,24,12,23,27,4,28,18,63,13,30,15,20,9,19,15,18,13,14,7,12,17,13,13,12,10,7,18,6,8,5,12,16,9,9,11,8,11,9,11,15,9,14,10,19,17,18,7,7,3,15,5,8,-20,7,13,17,13,11,16,8,9,11,6,15,13,9,6,3,9,12,6,7,6,5,8,9,18,9,17,4,7,9,6,6,8,5,7,4,11,11,14,11,11,7,15,17,8,8,7,6,21,11,11,19,7,5,4,4,16,9,7,7,7,15,11,6,7,10,4,9,9,12,7,4,8,6,19,3,3,8,8,19,11,11,3,9,14,6,5,9,3,5,3,-20,12,3,10,8,11,8,12,7,6,5,10,16,6,8,6,6,16,13,12,9,25,8,15,11,9,6,3,6,8,8,14,18,7,19,12,7,13,9,13,7,11,6,8,14,3,3,16,4,12,-20,13,21,16,11,10,8,16,8,7,9,7,3,22,-20,15,12,5,6,8,4,8,5,6,13,-20,4,8,5,13,7,8,4,11,11,3,7,7,8,16,11,3,-20,8,-20,3,39,3,11,8,12,17,23,15,16,20,29,15,18,10,15,22,19,11,11,13,7,10,23,21,10,14,7,11,19,26,14,8,12,16,13,13,12,8,16,7,10,12,9,5,5,13,3,4,6,4,8,8,6,8,9,7,4,-20,5,5,11,4,10,-20,10,7,-20,11,11,10,4,7,4,10,8,15,7,6,11,10,7,11,6,10,5,13,3,-20,-20,5,-20,4,-20,-20,9,6,10,5,10,8,10,6,3,7,19,18,13,9,6,5,5,4,7,9,5,4,34,4,6,9,8,6,3,7,13,16,6,8,5,6,13,-20,4,15,5,-20,4,9,-20,7,-20,11,8,3,9,7,14,-20,-20,10,6,12,5,7,3,4,12,-20,3,4,-20,6,-20,8,7,4,7,5,4,6,10,3,7,-20,4,4,-20,6,4,6,-20,4,5,-20,3,9,6,-20,3,3,6,3,5,-20,-20,-20,-20,5,3,-20,-20,7,2,6,3,11,-20,6,-20,4,4,9,6,15,10,-20,5,15,-20,5,8,9,-20,41,5,19,32,23,25,22,61,42,19,167,40,64,45,32,18,25
"chr1,11499632",-20,6,4,-20,4,-20,9,-20,4,4,5,10,43,36,26,38,32,20,78,53,42,11,39,30,53,24,27,42,15,3,3,8,9,7,61,46,35,14,15,10,3,31,7,14,11,43,10,57,10,5,6,22,27,32,34,17,57,48,30,30,29,36,23,30,66,53,29,64,49,17,40,22,14,32,30,41,25,8,9,-20,7,19,17,3,14,30,16,61,36,19,31,45,26,67,62,49,8,43,3,33,30,29,4,11,25,38,-20,39,59,6,8,-20,41,40,7,-20,45,8,8,9,8,-20,9,9,52,11,3,46,11,10,23,11,8,-20,26,44,39,7,3,10,7,-20,10,3,29,9,8,35,4,5,8,10,8,6,19,-20,5,15,37,11,7,-20,9,4,-20,11,-20,-20,8,10,29,39,30,14,-20,22,-20,10,9,40,11,11,11,3,14,3,9,28,2,11,13,7,2,7,8,10,5,9,24,11,-20,14,23,19,25,13,10,21,-20,23,29,23,9,21,11,12,28,17,18,11,6,12,16,36,11,6,7,10,30,25,38,23,48,27,9,15,21,11,17,9,32,18,19,-20,9,30,16,18,9,26,11,22,5,11,21,10,22,14,14,9,15,13,19,7,16,15,23,17,22,25,18,32,7,24,22,10,57,36,28,44,8,19,-20,26,8,28,7,5,7,14,10,19,4,13,44,22,35,-20,3,5,23,5,5,3,7,29,32,7,37,24,37,44,48,51,6,-20,6,-20,-20,74,8,17,14,18,8,10,3,-20,-20,28,6,12,7,5,27,6,6,36,85,12,-20,47,19,7,6,10,8,7,19,15,7,7,7,7,-20,20,-20,-20,14,2,4,-20,4,10,3,4,8,4,5,8,7,13,-20,35,4,5,3,13,11,6,9,6,8,19,23,6,13,23,8,17,5,6,3,4,7,4,6,6,47,6,7,-20,-20,33,15,6,6,6,4,7,18,9,7,16,6,11,3,3,6,-20,8,13,11,10,9,-20,19,3,18,36,8,-20,35,8,21,4,9,3,8,-20,6,14,3,3,5,4,8,3,3,9,37,23,11,-20,10,5,9,11,4,6,5,20,6,10,26,5,-20,4,8,7,2,5,5,6,6,4,5,5,39,27,16,29,4,-20,6,-20,9,3,6,16,-20,-20,25,19,12,15,8,4,-20,7,4,-20,7,6,40,-20,14,6,4,-20,9,23,2,17,35,25,49,38,14,26,33,4,3,34,38,-20,9,28,3,5,45,9,-20,7,29,-20,3,7,10,6,-20,12,12,8,11,12,-20,12,5,15,11,8,11,-20,7,5,13,3,42,6,6,26,17,3,3,-20,-20,4,39,-20,8,7,20,15,5,12,9,18,25,19,16,33,37,48,66,20,10,16,17,26,12,8,29,7,11,6,9,5,13,7,9,24,20,22,14,19,5,29,8,13,5,7,29,22,-20,21,17,14,5,-20,4,21,26,19,102,33,43,36,53,11,26,30,31,29,27,21,47,21,17,21,56,51,13,13,17,22,64,25,5,14,13,17,53,12,41,32,27,15,22,31,4,30,17,73,14,34,21,18,6,19,15,14,13,15,7,12,18,11,16,13,9,7,19,-20,9,5,13,15,10,9,11,8,11,8,15,15,8,15,9,20,16,18,7,7,4,14,6,7,-20,-20,14,16,11,11,16,10,7,10,6,17,13,10,6,3,8,12,7,-20,6,5,8,9,18,7,16,4,9,8,7,6,8,5,9,4,11,11,13,10,11,8,15,15,8,8,8,6,18,14,8,19,8,5,4,-20,17,10,7,8,5,14,11,6,6,9,4,9,9,13,9,4,8,6,19,3,3,7,9,18,11,9,4,9,15,6,6,8,-20,4,3,-20,13,3,11,8,12,8,12,8,6,6,9,20,8,6,6,6,16,13,12,9,25,8,15,11,9,6,3,7,8,9,14,18,8,19,12,7,14,7,13,7,10,7,9,14,-20,3,16,4,13,-20,12,21,16,11,11,8,18,7,7,9,6,4,22,5,16,10,4,5,8,4,9,-20,4,13,3,-20,8,6,12,7,8,4,11,10,3,7,7,8,18,10,3,3,8,6,3,49,-20,10,7,12,17,23,15,16,22,28,15,20,10,15,22,19,11,12,12,7,10,23,20,9,16,6,10,20,25,14,9,11,17,13,12,10,8,17,7,13,13,9,7,5,12,3,4,6,4,8,7,6,8,9,7,4,2,8,5,11,4,11,-20,10,6,-20,11,12,10,4,7,4,11,7,14,8,6,11,10,8,10,6,12,6,14,3,8,-20,5,-20,4,3,-20,9,6,9,5,11,7,10,6,3,8,16,19,13,9,6,5,5,4,7,10,5,4,35,4,6,9,8,6,4,8,13,17,9,8,5,6,15,-20,5,15,5,3,-20,10,-20,7,-20,12,7,-20,9,9,14,-20,3,10,6,13,4,10,4,4,10,-20,-20,4,-20,-20,-20,7,6,5,6,4,4,4,6,2,4,5,5,5,-20,5,3,-20,-20,4,5,-20,-20,9,4,3,3,7,6,4,6,-20,-20,-20,-20,6,3,-20,5,6,-20,5,4,12,-20,8,-20,-20,6,5,7,13,9,-20,3,16,-20,5,8,10,-20,38,7,22,32,23,25,28,61,44,21,166,41,71,46,28,18,23
"chr1,11499640",-20,6,5,-20,6,-20,12,-20,4,6,5,10,43,38,26,39,37,19,77,51,48,11,41,31,52,26,22,44,14,3,3,10,9,8,58,51,36,17,15,10,4,29,7,11,9,44,12,53,11,4,4,26,31,34,36,17,59,51,31,33,28,36,24,29,68,57,28,65,48,16,40,19,16,33,30,41,25,8,11,6,8,21,18,3,14,32,18,62,38,21,33,46,32,73,59,46,7,42,7,34,29,31,4,13,26,36,-20,39,65,6,9,-20,38,38,8,-20,46,8,9,9,8,-20,8,8,53,11,4,52,12,11,26,12,9,-20,29,43,39,7,3,8,8,4,10,5,29,10,9,34,4,5,9,10,8,8,20,-20,6,18,39,13,7,-20,9,4,-20,11,-20,-20,9,9,34,41,32,14,-20,21,-20,12,9,39,13,9,10,3,15,3,9,27,2,11,11,7,-20,6,7,9,7,9,21,11,-20,17,25,22,-20,14,7,22,-20,24,29,22,6,22,13,13,30,17,18,11,6,13,11,37,10,7,8,11,32,27,36,20,46,31,9,16,20,13,18,11,30,17,-20,-20,9,30,16,23,9,28,12,24,5,13,18,13,21,16,11,14,15,14,21,8,19,18,24,16,23,25,17,31,7,27,23,7,58,33,28,48,8,21,4,27,10,24,6,5,7,15,11,23,3,15,43,22,40,-20,3,5,27,7,5,3,8,27,37,7,40,27,38,42,46,55,6,-20,5,5,-20,77,7,16,13,20,9,10,3,-20,-20,29,4,11,7,6,29,6,7,36,70,15,-20,43,20,8,6,12,9,7,20,17,8,7,10,8,-20,23,-20,-20,14,2,5,-20,6,10,3,6,8,4,5,9,7,14,-20,39,5,6,3,15,11,7,9,6,8,21,23,6,14,24,8,19,5,7,3,5,8,4,6,6,48,6,7,-20,-20,35,14,5,6,6,4,9,18,9,-20,17,6,11,3,5,7,-20,8,14,14,9,11,12,14,3,19,34,10,-20,37,8,23,5,8,3,8,-20,7,14,3,3,5,5,9,4,4,9,41,23,11,-20,10,5,10,13,6,6,4,18,7,11,30,5,-20,4,8,8,-20,6,5,5,7,3,5,4,41,28,17,29,5,-20,6,3,8,3,6,17,2,-20,24,16,12,19,8,4,-20,5,5,-20,8,6,42,-20,16,5,4,-20,8,23,2,17,40,24,50,34,14,27,34,3,3,35,38,8,10,24,3,5,46,9,-20,8,31,-20,3,5,9,4,-20,10,14,8,10,11,-20,11,5,17,11,9,11,-20,7,5,12,3,40,6,7,27,17,4,3,-20,6,6,44,-20,10,6,21,13,4,12,6,17,22,22,18,34,38,48,59,20,13,15,17,26,11,7,31,7,12,5,10,6,16,7,12,26,20,24,15,25,5,33,9,14,5,7,32,23,11,23,17,12,7,4,4,20,27,19,102,34,49,40,55,14,26,27,29,30,29,22,50,23,22,21,55,51,15,12,16,25,68,23,5,16,9,18,58,11,38,30,31,16,23,28,4,32,18,77,16,33,21,16,6,14,15,13,-20,16,6,12,19,9,17,13,9,9,19,11,11,5,13,16,10,9,12,10,11,7,14,15,8,13,11,21,17,18,7,8,5,15,7,9,-20,12,12,18,20,13,17,10,8,9,7,17,15,9,6,4,9,12,7,8,6,5,8,8,16,7,16,5,8,9,7,9,8,5,9,4,11,11,12,12,11,8,14,18,9,7,7,5,20,14,7,20,8,5,4,-20,17,11,7,9,6,18,12,6,-20,10,5,9,9,13,10,4,8,6,19,3,4,8,8,22,12,12,5,10,17,6,6,11,-20,5,3,-20,13,3,10,8,12,7,12,9,6,8,12,19,9,7,7,6,16,16,13,9,29,7,17,13,10,6,5,9,9,9,16,17,7,16,11,7,15,7,12,7,10,7,11,16,-20,3,17,4,14,-20,13,21,19,13,12,9,19,11,6,10,7,5,25,5,16,11,3,5,9,4,9,5,4,12,4,-20,10,6,13,8,10,4,11,10,4,7,9,8,20,10,3,-20,8,7,4,54,-20,11,8,12,18,22,17,17,21,28,17,20,10,16,24,21,13,13,10,9,11,22,21,9,17,7,12,22,24,13,9,13,18,14,12,9,9,18,8,14,14,8,7,5,12,3,3,6,4,9,8,6,9,9,7,5,2,9,5,10,6,14,-20,-20,6,-20,11,15,9,4,7,4,12,7,16,9,6,12,14,8,10,6,11,7,14,2,8,2,5,-20,6,-20,-20,10,6,9,6,10,6,12,6,5,9,16,19,13,9,7,6,6,5,8,9,8,-20,37,3,6,10,6,7,4,8,15,16,9,8,5,6,15,-20,5,15,5,-20,6,11,-20,7,4,13,7,-20,9,12,12,-20,6,10,6,14,4,12,4,4,10,-20,4,3,3,7,2,5,6,4,7,-20,8,3,5,3,3,6,5,5,7,4,4,3,-20,-20,5,-20,-20,7,3,-20,-20,6,5,4,7,3,3,-20,3,5,5,3,6,3,-20,5,4,11,-20,6,6,3,5,-20,-20,10,8,-20,5,13,-20,6,8,10,-20,35,7,23,32,23,26,27,60,41,21,150,44,73,46,26,18,21
"chr1,11499643",-20,6,5,3,7,-20,11,-20,4,5,5,11,45,40,26,40,38,21,80,56,49,12,44,34,54,25,21,46,13,3,3,10,8,8,61,53,38,17,14,10,4,29,7,11,9,46,11,56,13,4,-20,27,33,35,35,19,58,50,31,33,29,36,24,34,71,57,30,64,46,15,42,19,16,34,29,46,24,9,11,5,8,19,18,3,13,32,18,64,39,24,32,45,33,73,59,49,7,42,6,38,29,32,4,12,28,40,-20,39,65,6,9,-20,39,39,8,-20,48,4,8,9,8,3,8,8,53,11,4,53,11,11,25,10,9,3,30,43,40,6,3,8,8,-20,9,5,29,10,8,35,5,4,8,11,8,7,20,-20,7,18,43,13,8,-20,9,4,-20,10,-20,-20,9,7,35,41,27,15,-20,20,-20,11,8,38,13,9,10,3,14,3,9,27,2,10,10,8,-20,6,7,9,7,8,20,14,-20,18,24,21,23,15,-20,26,-20,25,29,22,-20,19,14,13,33,16,18,13,5,11,9,38,10,6,9,11,32,28,38,21,49,33,8,16,19,13,18,12,29,17,17,-20,8,31,16,23,9,28,13,25,5,13,18,13,22,17,11,14,14,14,20,9,19,17,25,16,22,24,16,31,6,28,20,7,58,33,27,53,8,19,4,28,10,24,8,4,7,15,11,22,3,14,45,22,39,-20,3,-20,26,7,6,3,8,29,37,7,41,28,41,44,47,56,6,-20,5,5,-20,81,-20,16,14,20,9,10,3,-20,-20,28,4,12,6,5,31,5,7,37,66,15,-20,41,20,9,6,13,9,7,20,17,8,7,9,7,-20,21,-20,-20,15,-20,5,-20,6,10,3,6,9,4,6,9,7,14,-20,40,5,6,3,-20,12,7,10,6,-20,22,20,7,16,24,9,19,4,7,3,7,8,4,5,6,49,5,7,2,-20,34,13,5,5,6,6,10,18,9,9,16,7,12,4,6,7,-20,8,12,14,10,12,11,13,4,19,33,10,-20,38,8,23,5,8,3,9,-20,7,14,2,4,5,4,-20,5,4,9,43,23,11,-20,10,5,11,11,6,5,4,17,7,11,30,5,-20,4,8,8,-20,6,5,5,7,4,6,4,44,28,15,28,5,-20,5,3,8,3,6,16,2,-20,24,16,12,20,9,-20,-20,4,5,-20,8,7,41,-20,17,6,4,-20,9,24,2,16,40,25,51,34,14,30,35,4,-20,37,39,9,10,23,3,5,45,11,-20,8,31,-20,-20,8,9,-20,-20,10,16,9,10,11,-20,11,-20,18,11,10,10,-20,6,5,11,2,41,5,7,30,18,4,3,-20,7,6,45,-20,10,7,21,13,4,11,7,17,22,24,18,37,39,47,62,22,14,17,17,26,11,7,32,7,11,5,10,5,17,5,13,23,20,25,17,24,4,36,9,13,5,7,28,22,10,24,15,13,9,-20,4,20,28,19,104,34,51,40,51,13,25,27,29,27,27,21,48,23,22,20,57,51,13,10,16,23,64,26,4,16,7,19,59,12,39,28,31,17,21,28,4,32,16,77,17,34,21,12,6,15,15,13,15,18,6,12,18,9,16,14,7,10,20,11,11,5,13,16,-20,9,10,9,11,8,13,15,8,12,15,16,19,17,7,-20,6,17,9,10,-20,12,12,18,19,12,17,10,-20,9,7,16,14,8,6,4,10,11,-20,8,7,6,9,8,18,7,15,5,8,9,11,11,8,6,-20,4,9,11,12,12,11,8,14,19,9,7,7,6,20,13,8,19,4,4,4,6,16,11,6,8,7,16,11,6,6,7,5,9,9,13,10,4,7,6,18,3,5,8,8,22,12,12,5,10,17,6,7,11,-20,5,4,-20,13,3,10,7,12,7,11,11,7,8,11,19,9,8,8,6,14,16,13,9,27,7,16,14,10,6,5,10,9,10,14,17,7,18,12,7,16,7,12,7,12,5,12,15,-20,3,14,5,14,-20,12,19,17,13,12,9,19,11,7,11,7,6,25,6,18,10,3,5,8,-20,9,5,-20,13,4,-20,12,5,12,9,12,4,11,10,4,7,9,9,21,10,-20,-20,8,6,4,59,-20,13,8,11,20,21,16,16,19,31,18,19,11,17,20,22,14,12,10,8,11,-20,21,9,16,7,12,22,25,14,11,13,19,13,12,9,10,17,8,16,15,9,8,6,13,3,-20,7,4,9,8,6,-20,9,6,5,2,11,5,8,7,13,-20,10,6,-20,12,15,9,4,8,4,12,-20,11,9,7,10,12,9,9,7,11,8,15,2,8,2,5,-20,6,-20,-20,10,7,9,-20,9,-20,11,6,6,8,16,14,13,8,-20,6,6,5,8,9,7,-20,38,3,6,11,6,8,4,8,12,15,9,8,5,8,14,-20,6,17,5,-20,6,10,-20,7,-20,12,8,4,8,12,12,-20,7,10,6,14,4,12,4,3,11,-20,4,3,-20,-20,2,7,-20,5,6,-20,6,-20,7,3,-20,-20,-20,5,6,-20,4,5,-20,-20,6,-20,4,6,3,-20,2,6,5,4,7,2,4,-20,4,5,5,3,8,3,-20,5,5,13,-20,-20,6,4,-20,-20,3,11,6,-20,5,11,-20,6,6,13,-20,33,7,24,33,25,26,28,61,45,21,129,44,74,47,24,-20,18
"chr1,11499651",-20,6,7,4,8,-20,13,-20,4,-20,6,12,43,45,25,36,40,23,79,57,54,13,46,34,58,26,20,44,12,3,4,15,9,10,60,54,36,17,14,11,-20,31,5,14,9,46,12,57,13,3,4,32,39,34,33,18,57,54,31,35,24,37,24,32,80,62,32,63,46,15,43,20,20,34,30,47,23,9,10,6,7,17,18,3,14,33,22,62,40,23,34,47,35,72,49,48,8,40,6,41,29,30,3,15,27,42,-20,39,65,6,10,-20,40,41,8,-20,57,3,8,11,10,4,6,9,53,12,4,47,11,15,25,11,10,-20,29,42,42,6,3,8,9,-20,12,-20,30,9,7,33,5,7,11,7,8,9,18,-20,8,16,41,13,9,-20,9,4,-20,14,-20,-20,7,6,45,43,27,15,-20,23,-20,10,8,41,12,8,10,-20,16,3,9,21,2,11,12,-20,-20,6,7,7,7,9,19,10,-20,20,24,16,24,15,7,27,-20,24,30,22,7,16,14,13,36,14,18,12,6,11,9,35,10,5,9,10,34,28,42,21,51,37,9,18,20,11,16,17,30,17,17,6,8,35,11,22,3,29,13,22,8,13,17,15,22,18,11,13,14,13,20,8,21,15,24,14,28,21,17,28,6,28,20,7,60,38,31,62,8,22,4,29,9,22,9,4,8,15,12,22,3,12,44,29,37,3,-20,-20,28,8,8,4,7,34,38,6,43,28,43,42,45,56,7,-20,5,6,-20,83,8,17,11,20,9,12,3,-20,-20,29,3,13,6,5,31,5,7,38,74,14,-20,38,21,10,7,14,8,7,18,17,8,7,9,9,-20,20,-20,-20,17,-20,5,-20,6,8,4,6,8,4,-20,9,7,14,-20,43,5,6,-20,19,13,7,11,6,-20,21,19,8,16,20,10,17,4,7,3,9,9,8,5,6,49,6,7,3,-20,31,16,4,6,4,5,9,19,8,11,14,8,12,3,6,6,-20,9,11,13,10,12,9,14,4,18,31,11,-20,44,9,23,4,8,3,10,-20,7,13,-20,4,5,3,10,4,5,9,47,24,13,-20,10,4,13,8,6,4,3,17,7,12,24,7,-20,4,9,-20,2,6,4,5,6,4,7,5,43,25,15,25,5,-20,6,3,8,-20,5,17,3,-20,28,15,12,22,8,-20,-20,4,5,-20,9,8,41,2,18,8,3,-20,9,25,2,16,40,30,54,34,15,29,32,3,-20,38,42,10,12,22,3,6,43,12,-20,8,30,-20,3,7,11,4,3,10,15,11,12,11,2,11,3,15,13,9,8,-20,4,8,12,4,42,6,7,29,18,4,6,-20,8,6,48,3,12,7,22,11,4,13,8,16,25,29,19,39,40,51,56,22,14,21,18,30,13,7,42,8,12,5,9,12,20,-20,14,28,21,28,18,25,4,41,-20,13,6,11,29,21,13,28,16,13,10,-20,4,20,27,18,103,31,49,40,61,15,24,26,28,29,25,19,56,21,21,23,52,53,15,10,18,22,62,24,6,16,9,17,65,14,39,34,25,18,16,24,3,30,15,78,17,33,24,15,-20,18,15,17,16,19,6,15,20,10,16,15,9,16,23,9,11,7,12,16,-20,12,10,11,13,12,16,14,9,14,22,17,18,16,7,-20,7,17,12,12,-20,14,-20,16,21,13,19,10,11,9,9,17,15,12,-20,-20,7,14,11,13,7,5,13,8,20,11,16,6,11,13,12,12,8,7,11,4,11,9,12,14,10,7,15,20,7,7,7,6,22,14,10,21,5,3,4,6,19,13,9,8,7,18,12,6,5,8,5,10,8,14,9,4,7,5,15,-20,5,7,9,16,12,13,6,9,19,6,-20,10,4,5,5,-20,15,7,14,7,13,10,11,12,8,-20,10,19,8,9,9,5,14,16,13,8,33,8,19,15,10,6,6,11,12,11,16,16,8,20,12,6,15,10,12,7,11,-20,15,19,-20,-20,17,4,13,6,12,19,17,13,14,9,17,14,8,14,7,6,25,7,17,10,-20,9,8,-20,7,6,11,14,6,-20,-20,5,11,9,12,4,10,12,5,9,10,10,22,9,4,-20,5,7,4,56,-20,13,9,10,20,23,19,16,20,36,19,21,14,21,-20,23,13,13,12,10,11,25,21,14,17,8,12,22,29,15,16,12,22,11,11,11,11,21,12,18,18,7,7,6,13,-20,-20,9,4,9,9,7,11,8,5,7,2,11,7,10,9,13,-20,11,5,-20,11,-20,8,-20,-20,5,13,11,12,9,9,11,16,9,10,7,15,-20,19,2,-20,3,-20,-20,-20,-20,-20,10,7,8,14,9,-20,12,7,-20,12,18,15,12,10,-20,6,6,-20,8,9,7,-20,39,-20,6,13,9,-20,8,8,15,15,9,7,-20,9,14,-20,6,17,6,-20,5,11,-20,6,-20,13,8,-20,6,10,14,-20,7,13,7,15,3,7,4,3,12,-20,4,3,-20,4,2,6,6,4,9,-20,7,-20,-20,3,-20,6,3,6,9,-20,3,5,-20,4,5,-20,3,9,4,-20,3,6,5,5,5,-20,5,-20,4,8,-20,5,10,4,-20,7,4,11,-20,-20,7,4,6,-20,-20,15,6,-20,4,9,-20,6,7,13,-20,31,7,26,31,25,27,27,70,45,32,108,47,75,51,25,17,22
"chr1,11499652",-20,6,6,4,8,-20,15,-20,4,-20,-20,12,43,45,25,37,40,23,78,58,56,13,46,35,57,26,20,44,12,3,4,15,10,10,59,54,37,15,14,11,-20,30,5,13,9,47,12,59,13,-20,-20,31,38,34,33,18,57,55,31,33,24,38,24,32,80,62,32,63,45,15,43,20,20,34,29,46,23,9,10,-20,7,17,18,3,13,33,21,65,40,23,34,47,33,72,49,48,8,40,6,41,29,30,-20,15,27,43,-20,38,64,6,9,-20,40,40,8,-20,57,-20,8,11,10,-20,5,9,53,12,4,47,10,15,26,-20,10,-20,29,42,42,6,3,9,9,-20,-20,-20,31,9,7,34,5,-20,11,7,9,9,18,-20,-20,16,41,12,9,-20,9,4,-20,14,-20,-20,7,6,45,43,27,16,-20,23,-20,10,8,42,12,8,10,-20,16,3,9,21,2,11,12,8,-20,7,7,7,7,8,21,10,-20,20,24,17,24,15,-20,27,-20,23,30,-20,-20,16,14,13,37,14,18,13,-20,11,5,35,-20,5,8,10,33,28,43,20,49,37,9,18,21,11,17,17,31,17,17,-20,8,35,11,22,3,29,13,23,8,12,17,15,22,18,11,13,14,13,21,8,21,16,24,14,28,21,17,29,6,28,23,7,59,38,33,62,8,22,4,29,10,22,9,4,8,16,13,23,3,12,44,29,36,3,-20,6,28,8,8,4,7,34,38,6,43,29,43,43,46,-20,7,-20,5,6,-20,84,8,17,11,20,9,12,-20,-20,-20,29,3,14,6,5,31,5,8,36,71,14,-20,38,21,10,7,14,8,6,18,17,8,7,9,9,-20,21,-20,-20,17,-20,5,-20,6,8,5,6,8,4,-20,9,7,14,-20,43,5,7,-20,-20,13,7,11,7,7,21,19,8,-20,18,10,-20,4,7,4,10,10,8,5,6,50,5,7,3,-20,31,16,4,-20,4,5,9,19,8,11,14,8,11,3,6,7,-20,9,11,12,10,12,-20,13,4,18,33,11,-20,-20,11,23,4,7,3,-20,-20,7,13,-20,4,5,3,12,4,5,9,47,24,13,-20,12,4,13,8,6,4,3,17,8,12,24,7,-20,4,9,8,2,6,3,5,5,4,7,5,44,25,15,26,5,-20,6,3,8,-20,5,17,4,-20,28,16,12,22,8,-20,-20,-20,5,-20,10,8,42,2,19,8,3,-20,10,25,2,17,41,30,54,35,-20,29,32,3,-20,39,43,10,12,22,3,5,42,12,-20,8,30,-20,3,7,11,4,-20,11,15,11,12,12,2,10,3,15,13,11,8,-20,4,-20,12,-20,43,6,7,28,18,5,-20,-20,8,6,50,-20,12,7,23,11,4,13,8,16,-20,30,19,40,40,51,57,23,14,21,18,29,11,6,39,8,12,5,9,-20,19,-20,14,28,20,28,18,25,-20,41,-20,13,6,10,26,18,13,28,16,12,10,-20,4,20,26,18,103,31,49,42,61,15,24,26,28,-20,24,19,55,21,21,22,51,53,15,10,18,22,63,24,6,17,9,16,65,14,39,33,25,18,16,24,3,30,15,77,17,33,22,-20,3,18,15,17,17,-20,6,-20,19,10,16,14,9,16,21,9,11,7,12,15,-20,12,10,11,-20,13,-20,14,9,-20,22,17,18,17,7,-20,-20,17,12,12,-20,14,-20,16,17,12,19,10,11,9,9,17,15,-20,-20,-20,7,-20,-20,13,6,5,-20,8,19,11,-20,6,11,13,11,14,8,7,-20,4,11,9,12,14,10,5,15,20,7,7,7,6,22,14,10,21,-20,3,4,6,18,12,9,8,7,18,12,6,5,8,5,10,8,13,9,4,7,3,15,-20,5,7,9,16,12,13,6,9,20,6,-20,-20,-20,-20,5,-20,15,-20,14,7,13,10,10,11,8,-20,9,19,8,9,9,5,13,16,12,8,31,5,18,-20,-20,6,6,11,12,11,16,16,8,19,12,-20,15,10,12,7,11,-20,15,19,-20,-20,16,4,11,-20,12,16,17,13,13,9,16,13,8,14,7,6,25,7,17,10,-20,9,8,-20,7,-20,-20,14,-20,-20,-20,5,10,8,12,-20,8,12,4,-20,10,10,22,9,4,-20,5,7,-20,-20,-20,13,-20,10,20,21,18,16,18,35,19,-20,-20,21,-20,23,13,13,10,-20,11,-20,21,14,17,8,12,22,29,-20,15,12,22,11,10,11,11,21,12,-20,-20,7,7,6,13,-20,-20,9,4,9,8,7,-20,8,-20,-20,-20,11,6,10,9,13,-20,-20,5,-20,11,-20,8,-20,-20,5,13,-20,12,9,9,11,16,9,10,7,-20,-20,-20,2,-20,3,-20,4,-20,-20,-20,10,7,6,13,9,-20,11,7,-20,-20,17,15,12,10,-20,-20,6,-20,-20,9,7,-20,39,-20,6,12,9,-20,8,8,-20,15,9,7,-20,9,14,-20,6,17,6,-20,5,10,-20,6,-20,13,8,-20,6,11,14,-20,7,13,6,15,3,8,4,4,12,-20,-20,4,4,6,2,7,6,4,-20,-20,7,-20,7,4,-20,6,-20,6,9,-20,4,5,-20,4,5,-20,3,9,4,-20,4,6,5,4,5,-20,4,3,4,8,5,-20,9,-20,-20,7,7,10,-20,-20,7,4,-20,-20,4,14,6,-20,4,9,-20,6,6,-20,-20,31,7,26,31,24,28,27,70,45,17,108,44,75,52,-20,-20,-20
"chr1,11499672",-20,2,7,4,7,-20,13,-20,5,7,4,10,39,51,28,38,50,20,78,60,63,7,49,39,52,28,20,45,10,3,4,14,10,12,61,53,39,19,9,12,9,32,5,17,-20,59,12,60,15,8,6,36,50,36,27,19,55,57,30,36,29,37,23,28,81,61,37,65,52,16,39,21,11,33,34,48,25,10,9,12,7,20,20,4,11,39,23,62,44,21,36,41,37,72,57,54,4,33,8,38,30,33,-20,9,23,43,-20,45,64,5,12,-20,45,33,8,3,61,3,3,10,12,4,11,4,50,10,3,54,5,14,34,10,9,-20,37,39,47,3,-20,10,8,4,13,5,41,6,7,35,6,11,8,10,9,10,17,-20,7,17,39,14,8,-20,8,7,-20,17,7,-20,9,-20,48,42,21,14,-20,26,-20,5,5,54,14,7,8,2,9,-20,12,23,-20,7,11,9,-20,7,4,7,6,7,19,10,-20,21,19,14,28,10,12,29,4,20,24,25,12,14,15,13,29,11,21,16,8,18,4,35,-20,3,11,9,35,28,37,20,56,39,7,17,20,17,18,17,28,12,11,15,9,35,12,21,6,29,18,20,-20,13,15,15,23,14,12,12,14,15,17,8,17,19,21,12,26,23,16,27,8,32,26,10,49,51,33,61,-20,22,3,32,12,23,9,5,6,17,13,24,-20,9,38,36,30,2,4,5,30,5,8,5,5,34,39,3,46,31,50,38,49,58,8,-20,3,6,-20,89,9,16,13,16,13,11,-20,8,-20,27,3,17,5,6,35,5,9,34,81,15,-20,33,23,12,6,11,11,7,16,18,8,7,10,9,-20,21,-20,-20,16,-20,5,-20,8,10,5,6,8,5,3,7,7,14,-20,52,4,6,-20,26,11,10,11,5,5,19,14,10,16,14,10,14,4,5,-20,10,10,8,-20,5,52,7,7,3,-20,29,15,7,9,5,5,10,21,6,11,14,9,12,3,8,8,-20,9,10,11,10,11,13,11,4,18,35,12,4,56,13,15,6,8,5,9,-20,7,13,3,3,4,-20,13,4,5,7,59,26,13,-20,15,6,19,11,7,4,-20,16,8,11,13,8,-20,-20,7,9,-20,4,3,6,5,2,8,7,42,26,11,23,6,-20,7,4,9,-20,5,17,4,-20,33,8,14,20,4,9,-20,5,4,2,9,10,47,-20,22,8,-20,-20,12,22,4,15,46,34,61,39,14,24,31,6,-20,39,39,10,10,25,-20,5,31,10,-20,9,25,-20,3,9,10,5,3,11,17,10,11,11,-20,5,-20,14,12,12,9,-20,-20,6,13,3,40,5,6,26,19,4,-20,-20,11,5,56,4,17,5,18,13,4,11,12,12,14,35,21,45,38,51,60,22,12,24,18,26,12,5,36,4,6,7,9,17,19,19,9,21,13,23,17,25,5,40,3,15,6,11,12,13,19,21,15,11,10,5,7,20,26,17,98,35,48,42,62,22,26,22,25,31,24,19,48,16,21,18,56,60,15,10,20,22,59,19,4,16,6,15,66,11,25,38,25,22,12,26,5,26,14,78,19,35,27,20,4,13,8,17,14,13,6,10,15,12,16,17,6,13,12,11,8,11,8,8,7,8,6,13,7,12,9,10,7,11,24,13,16,5,6,13,13,15,15,11,-20,15,6,16,20,9,18,8,12,10,-20,15,15,7,-20,6,8,18,10,13,3,9,18,-20,14,11,12,7,8,11,10,13,13,8,13,6,13,8,12,18,7,5,11,14,6,11,5,5,20,15,6,22,7,-20,-20,5,15,12,9,7,8,16,13,-20,7,9,5,12,6,9,8,4,5,-20,9,-20,6,9,8,15,8,14,10,9,15,7,6,12,8,5,5,-20,14,9,15,6,18,8,6,13,5,13,5,16,9,6,9,4,11,13,10,9,31,5,16,14,10,9,9,9,12,13,15,17,10,13,5,-20,15,11,11,10,9,9,17,22,-20,8,19,6,16,6,10,19,14,14,11,10,10,11,8,11,-20,8,31,6,19,10,-20,11,11,-20,15,6,9,10,10,9,11,4,12,9,10,8,-20,10,6,13,11,10,17,-20,8,4,-20,7,4,62,2,11,8,-20,13,13,18,18,17,26,19,17,12,16,12,15,18,12,9,12,-20,27,13,12,11,11,15,17,28,14,22,13,21,12,8,8,10,20,13,19,16,5,9,10,16,-20,-20,9,-20,10,6,8,17,-20,-20,6,4,9,8,6,7,8,5,8,10,-20,9,11,6,-20,4,6,7,10,8,7,9,12,16,7,8,6,21,5,19,3,4,5,-20,6,7,-20,4,4,6,-20,13,9,8,15,4,7,13,9,18,16,8,5,5,7,6,6,13,9,-20,44,4,-20,5,6,3,7,4,15,6,12,3,-20,9,12,-20,10,12,6,8,9,12,-20,4,5,11,8,7,6,12,7,5,7,14,7,17,-20,7,3,4,7,4,-20,-20,4,4,-20,11,-20,2,7,3,6,-20,5,5,-20,8,3,5,-20,2,-20,3,-20,6,-20,-20,3,6,-20,-20,3,3,-20,6,3,-20,6,4,3,5,5,4,7,3,-20,6,9,8,-20,5,5,6,7,2,3,9,9,-20,-20,13,3,4,5,13,-20,32,7,29,34,23,30,26,68,51,32,87,54,77,63,32,25,27
"chr1,11499674",-20,2,7,4,7,-20,12,-20,5,7,4,10,39,51,28,38,49,21,76,56,60,7,49,39,53,28,20,46,10,3,4,14,11,12,62,53,38,19,9,12,9,31,6,17,-20,60,12,58,16,8,6,37,51,35,29,18,55,58,29,37,28,37,23,29,77,59,38,66,52,16,38,19,12,33,33,48,25,11,9,13,7,18,20,4,11,39,23,61,44,19,35,39,40,73,56,55,4,31,8,37,31,34,-20,9,23,43,3,46,65,5,12,-20,43,35,8,3,60,3,3,10,13,4,11,4,48,10,3,53,5,14,32,10,9,-20,38,37,47,3,-20,11,8,4,13,5,40,6,8,35,7,14,9,10,9,11,17,-20,7,17,40,13,8,-20,9,8,-20,17,7,-20,10,-20,48,43,21,12,-20,25,-20,6,5,67,13,6,8,2,9,-20,12,20,-20,9,11,9,-20,6,4,7,6,7,18,10,-20,20,19,14,28,12,12,29,4,21,23,23,12,14,15,13,28,11,20,16,8,14,4,38,-20,3,10,9,36,28,36,20,57,38,7,17,20,16,15,16,29,12,10,15,-20,36,13,21,6,30,18,20,9,14,14,15,22,14,12,12,14,14,18,9,16,19,22,12,23,24,16,27,10,31,26,10,46,55,33,56,-20,21,3,33,12,21,10,5,5,17,13,24,-20,9,38,36,31,2,-20,5,28,5,8,6,7,34,39,3,43,30,48,38,48,56,8,-20,3,6,-20,86,10,17,12,17,13,10,-20,9,-20,28,3,15,4,6,35,5,9,32,85,16,3,34,23,11,6,11,11,6,16,18,8,7,10,9,-20,20,-20,-20,15,-20,5,5,8,11,-20,6,7,5,3,7,7,13,-20,56,4,6,-20,31,11,10,11,5,5,19,11,10,16,13,9,14,4,5,-20,10,10,8,3,5,51,8,7,3,-20,28,14,6,9,5,5,10,21,6,11,14,9,12,3,9,8,-20,9,10,11,10,12,13,11,4,19,35,12,4,57,13,15,6,8,6,9,-20,7,15,3,3,4,-20,14,5,4,5,59,26,14,-20,15,6,22,13,7,4,-20,16,8,9,13,8,-20,-20,6,9,-20,4,3,7,5,-20,9,7,41,25,12,21,5,-20,7,4,9,-20,6,17,4,-20,36,6,15,16,4,9,-20,-20,4,2,-20,10,46,-20,23,8,-20,-20,11,22,4,15,43,32,59,40,15,23,31,6,-20,38,39,12,10,26,-20,4,31,10,-20,9,26,-20,3,9,10,-20,4,10,17,10,10,11,-20,5,-20,13,12,12,8,-20,5,6,13,3,40,4,6,24,18,4,4,-20,10,5,58,4,17,5,17,14,3,11,12,13,16,35,21,43,38,54,61,21,12,23,18,28,13,5,38,4,6,8,-20,16,19,19,9,22,13,23,18,25,5,40,3,17,6,13,13,13,20,21,15,11,10,5,7,21,26,16,95,36,48,40,62,22,25,22,27,31,24,19,46,12,22,18,55,59,16,10,20,22,59,18,5,14,6,16,63,12,26,36,26,22,14,26,5,26,14,79,19,32,28,19,4,14,8,17,14,14,6,10,15,12,17,17,6,13,13,11,12,11,9,8,7,9,9,14,8,12,8,12,7,11,24,13,17,5,7,13,11,16,14,11,-20,15,7,16,20,11,19,8,12,12,5,15,15,7,-20,6,9,18,10,14,3,9,18,-20,14,12,12,7,9,11,10,14,14,9,15,6,14,8,14,18,7,6,10,14,7,12,5,5,20,17,6,23,7,-20,-20,5,15,12,11,7,8,17,13,-20,10,10,6,12,6,10,9,5,5,-20,11,-20,6,9,9,15,8,14,10,9,16,7,7,11,-20,7,5,-20,14,10,16,6,18,9,7,15,5,15,5,17,9,6,10,4,12,13,10,9,33,5,17,14,11,10,10,9,12,13,16,18,10,13,7,5,16,11,10,11,9,9,17,22,-20,8,23,6,17,6,11,20,16,14,12,10,12,13,8,11,-20,8,31,7,21,9,-20,12,12,-20,16,6,9,11,9,9,13,3,12,10,10,9,10,10,6,14,11,10,17,-20,8,4,-20,7,3,64,2,12,9,-20,13,12,19,18,19,27,19,18,12,18,12,17,18,12,10,12,-20,27,15,13,12,11,15,18,30,15,24,13,21,13,8,8,10,21,14,22,17,6,9,10,16,-20,-20,9,-20,10,7,10,17,-20,5,6,5,9,9,6,7,10,5,9,11,-20,10,12,7,-20,4,7,7,11,9,7,9,12,15,7,-20,5,22,4,20,3,4,5,-20,6,7,-20,4,4,6,-20,14,10,10,15,5,8,14,9,17,15,9,9,5,7,5,6,13,9,-20,45,4,-20,5,6,3,8,4,15,7,12,3,-20,9,12,-20,10,13,6,8,9,12,-20,4,5,11,8,7,6,12,7,6,7,16,8,18,-20,7,-20,4,8,3,-20,2,3,4,-20,9,-20,3,6,2,6,-20,5,4,3,6,-20,5,-20,2,3,5,-20,6,-20,-20,-20,6,-20,-20,2,3,8,6,4,-20,6,4,4,5,4,-20,4,3,-20,6,8,5,-20,4,4,5,7,-20,3,9,9,-20,-20,13,3,3,4,13,-20,29,7,29,33,20,29,23,70,49,32,87,53,79,60,30,24,26
"chr1,11499684",-20,2,6,4,7,-20,11,-20,4,7,3,10,32,50,26,28,46,22,70,54,60,6,51,36,49,27,22,40,11,5,4,16,11,10,58,49,40,17,7,13,10,28,7,15,-20,57,10,53,15,8,7,35,49,27,25,18,51,54,26,40,22,35,19,25,74,63,37,61,51,15,36,15,12,25,26,50,22,9,8,15,7,19,22,4,14,36,21,64,40,18,35,38,37,64,52,56,6,32,7,35,30,31,4,7,22,39,3,38,61,5,10,-20,44,32,9,4,56,4,2,11,9,3,11,4,51,9,-20,45,4,11,32,9,6,-20,35,31,41,4,-20,9,6,4,12,6,41,-20,6,39,6,13,10,10,8,12,15,-20,8,16,42,16,8,-20,9,9,-20,17,7,-20,11,6,48,28,10,11,-20,35,-20,6,6,80,13,6,8,3,9,-20,15,23,-20,8,9,10,-20,6,3,9,7,5,18,12,-20,19,15,13,30,8,11,31,4,17,25,24,13,15,14,12,36,11,16,15,10,14,3,39,3,-20,13,10,38,30,35,17,63,36,12,15,15,15,14,18,27,11,12,18,10,38,12,22,5,28,20,12,9,13,11,20,16,12,14,11,14,11,17,11,19,15,19,10,18,27,14,25,9,29,23,9,53,47,38,51,6,21,3,32,11,19,11,5,5,17,16,19,-20,8,27,41,31,-20,4,7,26,4,9,6,7,30,35,3,44,27,45,35,47,60,8,-20,-20,7,-20,96,10,14,11,16,13,8,-20,10,3,25,3,14,-20,7,33,4,10,39,86,18,-20,35,19,9,7,12,12,6,18,17,8,5,10,8,-20,16,-20,-20,15,6,5,11,7,13,7,6,6,6,2,6,9,12,-20,61,4,6,3,34,12,11,10,7,6,21,13,10,14,13,8,12,4,4,-20,10,8,9,4,6,55,7,7,3,-20,27,11,7,8,6,6,9,20,5,10,15,8,11,3,9,8,-20,8,14,11,10,12,15,10,4,17,37,16,7,61,15,19,7,4,6,7,-20,6,13,3,-20,4,3,14,5,6,4,59,23,12,-20,14,5,24,12,5,5,-20,15,-20,8,18,5,-20,-20,7,8,-20,7,-20,6,5,-20,10,7,39,19,11,17,7,-20,8,-20,7,-20,-20,21,5,-20,35,5,15,16,3,14,-20,6,3,-20,12,8,45,-20,25,6,-20,-20,11,23,4,14,44,36,58,39,14,20,30,6,-20,34,40,11,-20,20,-20,5,31,10,-20,7,28,-20,3,9,9,5,5,9,17,10,9,11,-20,3,-20,10,20,15,4,-20,4,6,14,3,37,3,5,22,12,-20,5,-20,13,7,60,7,16,6,19,18,3,-20,11,13,17,35,18,41,35,50,62,21,12,25,16,31,12,6,33,-20,8,8,8,19,17,21,8,22,14,22,15,22,5,41,3,17,6,10,8,11,25,18,12,12,11,5,6,22,26,15,92,38,41,42,62,22,28,21,26,32,22,20,45,13,22,19,55,60,19,10,18,23,52,17,5,15,8,15,61,13,25,38,22,22,22,28,3,23,15,73,18,40,34,16,4,14,7,16,15,13,6,8,14,12,18,14,7,11,11,11,12,10,11,6,7,9,10,14,11,12,7,10,7,14,24,11,20,5,11,14,14,13,16,15,-20,16,8,15,18,11,14,9,11,11,6,12,14,7,-20,8,9,16,10,12,-20,8,17,-20,10,11,12,9,9,9,8,18,12,10,15,7,13,7,14,16,-20,6,10,15,6,12,4,7,18,14,6,24,6,-20,9,5,19,9,11,6,-20,16,12,11,11,11,6,12,6,9,8,6,4,6,8,-20,5,9,9,13,8,14,10,8,14,8,7,10,9,8,5,-20,12,10,18,7,24,8,7,16,3,18,5,15,9,6,9,3,11,12,8,8,30,5,13,14,10,12,11,9,12,11,12,20,-20,11,6,6,14,9,8,10,9,9,16,22,7,8,21,6,17,7,10,17,18,13,10,11,13,12,7,9,-20,6,31,7,21,8,6,10,12,5,12,7,11,10,9,10,15,6,12,11,10,9,8,10,-20,16,10,10,14,8,10,6,-20,9,3,63,2,12,10,-20,14,12,19,16,19,26,18,18,11,21,11,17,18,14,12,12,-20,26,11,12,9,11,14,17,29,14,25,11,20,10,6,7,10,20,17,25,17,4,8,10,13,-20,3,10,3,11,8,11,15,6,3,6,-20,9,8,7,6,15,6,9,12,-20,9,12,6,5,5,6,6,11,13,7,9,13,17,7,8,4,19,5,20,3,3,4,-20,6,7,3,4,4,6,5,13,9,10,14,4,8,13,8,17,14,10,11,4,8,5,5,13,8,7,41,4,5,5,6,3,10,4,15,7,9,3,-20,7,11,-20,10,12,6,10,9,9,5,6,5,10,7,8,6,10,6,7,7,12,7,19,8,7,2,6,6,4,-20,-20,3,4,-20,12,-20,3,8,-20,3,-20,4,4,3,8,4,7,-20,3,3,-20,-20,-20,-20,-20,-20,7,-20,-20,-20,3,8,8,-20,-20,3,4,3,-20,3,-20,3,-20,-20,7,7,3,-20,5,-20,5,6,-20,-20,9,9,4,-20,14,4,-20,3,13,-20,31,7,26,30,23,28,25,68,48,31,77,45,71,62,35,26,28
"chr1,11499686",-20,2,6,4,7,-20,11,-20,4,6,3,10,32,52,25,27,48,20,70,53,59,6,50,34,47,27,21,40,11,5,4,15,12,10,57,49,36,17,7,12,10,27,7,14,-20,56,10,53,16,8,7,34,55,26,27,18,52,53,23,38,21,34,19,23,76,62,36,63,49,16,36,16,12,25,26,48,22,8,8,15,7,18,20,4,15,35,22,64,37,18,34,36,38,62,52,54,6,33,7,34,30,31,4,7,26,38,3,36,59,5,9,-20,44,33,9,4,53,4,-20,10,9,3,11,4,48,9,2,46,4,11,32,8,5,-20,34,31,40,4,-20,8,6,4,13,6,42,-20,6,40,6,13,10,10,10,12,16,-20,8,16,41,16,8,-20,9,9,-20,17,7,-20,11,6,49,28,10,11,-20,33,-20,6,6,-20,14,6,9,3,12,-20,15,25,-20,-20,9,10,-20,6,-20,9,8,5,14,11,-20,19,13,13,28,10,11,32,4,16,26,22,14,15,14,14,36,11,14,15,10,14,3,38,3,-20,13,10,38,27,34,15,66,43,11,15,15,15,15,18,27,9,12,19,9,35,11,22,8,26,21,13,9,14,11,20,16,11,15,11,10,12,17,11,18,16,20,9,20,25,16,25,10,28,25,9,52,50,39,49,7,25,3,30,10,20,9,5,5,12,16,21,-20,8,29,40,30,-20,4,7,25,4,8,6,7,29,34,3,44,29,45,35,46,61,7,3,3,7,-20,97,10,12,13,14,13,7,-20,10,3,22,-20,14,5,7,33,4,9,38,89,17,-20,35,19,8,7,13,10,7,17,15,6,5,9,8,-20,16,-20,-20,15,6,5,11,6,13,7,6,5,6,2,6,8,10,-20,63,4,6,3,36,11,11,10,7,-20,21,12,10,14,12,8,14,4,4,-20,10,-20,9,4,-20,52,7,-20,4,-20,25,10,7,9,6,7,9,20,5,9,16,9,11,3,8,7,-20,8,13,11,-20,11,15,11,4,16,35,16,7,59,15,17,7,3,6,7,-20,6,13,3,-20,5,3,14,5,6,4,58,22,11,-20,14,6,24,12,5,4,-20,15,9,8,20,5,-20,-20,7,8,-20,6,2,6,6,-20,9,6,39,18,14,14,7,-20,8,6,7,-20,-20,21,5,-20,31,6,13,16,3,16,-20,6,3,-20,12,8,44,3,24,7,3,-20,11,23,4,14,44,37,56,41,14,19,30,6,-20,34,40,10,9,20,-20,5,31,12,-20,6,29,-20,3,11,9,-20,5,-20,19,9,9,10,-20,-20,-20,11,21,15,4,-20,4,6,13,5,38,3,-20,22,11,3,4,-20,13,7,60,7,16,6,18,-20,3,11,11,13,16,-20,18,41,34,50,59,22,12,22,16,30,12,5,32,-20,8,8,8,18,17,21,8,24,14,24,15,22,5,40,3,17,6,13,8,10,25,18,13,12,10,5,7,21,26,14,92,-20,41,40,58,21,27,20,24,32,22,18,46,13,22,19,53,51,20,10,20,22,52,17,4,17,8,14,60,13,25,37,23,21,22,28,3,20,16,70,18,40,34,17,4,14,7,16,14,13,6,10,13,12,18,14,7,10,12,11,12,10,11,6,7,10,10,14,11,12,7,9,-20,13,23,10,22,5,11,14,14,13,16,14,-20,17,-20,14,18,11,14,9,11,11,5,12,13,7,-20,8,9,16,10,12,-20,8,18,4,10,11,11,9,9,9,8,17,12,10,15,7,12,7,14,16,10,6,11,15,6,13,4,7,18,14,7,24,6,-20,8,5,19,8,11,6,9,16,13,10,11,11,6,11,6,9,7,6,4,6,8,-20,5,9,9,13,8,14,10,8,14,8,7,10,9,8,5,-20,12,11,17,7,24,8,6,15,3,18,4,14,9,7,-20,3,11,-20,8,8,30,5,13,14,10,12,11,9,12,10,13,20,8,10,6,5,14,9,7,10,8,9,17,22,7,8,20,6,15,7,9,17,18,13,10,11,11,12,7,9,-20,6,30,7,21,8,6,10,11,5,12,7,10,9,9,10,16,6,8,9,10,9,7,8,-20,16,8,9,13,8,9,6,-20,9,3,62,2,12,-20,-20,14,12,18,16,19,27,18,17,11,21,12,17,17,14,12,12,-20,28,11,11,9,11,14,17,29,14,24,11,20,9,6,7,10,19,17,26,17,4,8,10,13,-20,3,8,3,11,7,11,15,7,3,6,4,8,8,7,6,14,6,9,12,-20,8,12,5,5,5,6,6,-20,12,7,7,12,17,7,8,4,19,5,19,3,3,5,-20,6,7,3,4,4,6,5,14,7,10,14,4,8,13,8,17,13,8,12,4,8,5,5,13,7,6,41,4,5,5,6,3,11,5,15,7,8,3,-20,7,11,-20,10,12,6,10,9,9,5,6,5,10,7,8,6,10,6,7,7,12,7,19,8,8,2,6,3,4,-20,3,-20,-20,-20,9,-20,-20,5,-20,-20,2,-20,-20,-20,7,4,7,-20,3,-20,-20,-20,3,-20,-20,-20,6,-20,-20,-20,3,6,9,-20,-20,-20,4,3,4,5,-20,5,3,-20,5,6,4,-20,5,-20,5,-20,-20,-20,9,10,4,-20,14,4,-20,-20,13,4,35,7,27,30,22,28,24,67,45,31,77,45,70,61,35,25,29
"chr1,11499691",-20,2,6,4,7,-20,10,-20,4,7,3,12,33,52,22,25,48,18,64,53,63,6,48,32,40,28,22,34,12,5,5,16,13,9,58,47,33,17,7,10,10,25,7,12,-20,57,10,51,17,8,10,35,56,24,26,18,55,58,22,36,20,33,20,23,81,63,34,60,44,16,30,17,13,25,26,46,23,7,8,15,8,17,20,4,13,32,23,59,35,18,32,36,35,61,43,52,5,30,7,35,28,31,4,7,27,36,3,33,56,5,8,3,45,31,8,4,50,4,-20,8,8,3,9,4,47,8,3,44,4,11,33,7,5,-20,32,25,34,4,-20,7,7,4,12,6,45,-20,6,37,6,14,10,10,10,11,16,-20,8,13,41,15,7,-20,9,9,-20,17,6,-20,12,8,47,31,10,10,-20,34,-20,6,6,85,16,6,9,4,12,-20,16,25,4,7,6,10,2,5,-20,7,7,6,12,10,-20,18,13,13,31,11,11,33,4,15,29,24,16,15,12,13,37,11,12,14,10,11,-20,39,2,3,11,9,39,26,35,14,64,43,10,14,16,14,17,19,25,9,13,21,7,35,11,23,8,24,21,11,10,14,9,19,15,9,17,11,10,12,19,11,17,16,21,8,21,29,18,26,9,27,27,8,51,51,39,44,7,26,3,30,11,20,8,4,3,8,14,21,-20,8,35,41,32,-20,-20,7,22,4,8,6,7,31,36,3,42,27,38,33,44,61,7,3,3,7,-20,96,11,10,13,14,13,7,-20,12,3,26,-20,14,5,5,30,4,9,40,103,16,-20,33,19,8,7,12,11,7,19,12,6,5,9,8,-20,16,-20,-20,19,6,5,12,6,13,8,4,5,5,2,6,8,10,-20,65,4,6,3,39,12,9,10,7,5,19,10,8,15,13,8,14,-20,5,3,9,9,9,4,-20,48,6,7,4,-20,21,10,8,9,6,6,9,19,5,8,15,8,10,4,-20,9,-20,8,13,11,8,10,16,11,5,17,36,16,7,67,15,16,7,3,6,7,-20,6,12,4,-20,5,3,16,5,6,4,55,19,12,-20,13,6,24,11,5,5,-20,16,9,7,15,5,-20,-20,7,8,3,5,2,6,7,-20,9,6,40,15,16,11,7,-20,7,5,7,-20,-20,19,4,-20,31,7,15,14,3,18,3,5,3,-20,14,8,44,3,25,9,3,-20,10,23,4,13,43,37,56,37,13,20,30,6,-20,33,39,10,9,19,-20,5,30,11,-20,5,27,-20,3,11,8,-20,5,9,21,9,9,11,2,-20,-20,12,18,15,4,-20,-20,6,12,4,42,3,5,22,11,3,4,-20,14,6,62,8,15,6,18,18,-20,10,11,12,18,34,19,42,29,49,52,22,12,20,16,29,13,6,31,2,8,8,8,20,17,21,7,23,14,23,15,23,5,40,3,17,7,15,8,10,25,17,12,12,10,5,7,21,20,14,91,33,44,37,57,20,24,19,20,31,25,19,43,12,24,18,55,52,23,7,17,21,55,16,3,20,7,13,57,13,17,38,21,24,23,30,3,19,16,69,17,44,33,20,5,13,8,16,14,13,7,10,14,10,16,13,7,11,12,11,12,9,11,6,7,9,10,15,10,11,7,9,5,13,21,9,21,5,12,14,14,11,14,14,-20,17,8,11,17,10,13,9,11,10,5,12,12,7,-20,8,9,16,10,13,-20,7,17,4,9,11,9,9,10,9,8,17,12,-20,15,7,11,5,15,15,10,6,11,15,6,13,4,8,18,12,7,23,6,-20,7,5,18,8,11,6,8,16,13,10,11,12,5,13,6,8,7,6,4,6,8,-20,5,8,9,13,8,14,10,8,14,7,7,10,8,8,6,-20,12,11,17,7,24,7,5,15,3,18,4,15,8,7,9,3,11,7,8,6,29,5,10,13,10,12,11,9,12,10,13,19,8,10,6,4,13,9,7,10,8,10,16,21,7,6,19,6,14,7,9,17,17,13,10,11,11,11,7,9,-20,6,29,7,19,8,7,10,11,5,12,7,10,8,9,10,16,6,7,9,9,9,6,8,-20,15,7,9,14,7,9,6,-20,9,3,66,2,11,10,-20,15,12,19,16,19,27,18,17,12,21,11,16,17,14,12,11,-20,27,11,10,10,12,14,16,29,13,23,11,20,9,6,7,10,17,15,26,17,4,8,10,12,-20,3,8,3,10,5,11,14,6,3,6,4,9,7,5,6,15,7,9,12,-20,8,12,4,5,6,6,6,11,12,7,-20,13,16,7,7,3,19,5,19,3,3,5,-20,6,9,-20,5,4,-20,4,14,7,10,13,4,8,14,9,17,13,8,12,4,8,5,5,13,7,6,41,4,5,4,6,3,11,6,14,7,8,4,-20,7,10,-20,10,11,6,10,9,9,6,6,5,9,7,8,6,10,7,7,-20,13,7,19,7,11,-20,6,3,4,-20,-20,-20,-20,-20,9,-20,3,5,-20,-20,-20,5,-20,3,7,5,7,4,3,-20,4,-20,-20,-20,-20,-20,5,-20,-20,-20,4,8,9,-20,3,3,3,3,3,4,-20,5,3,-20,5,6,3,-20,5,-20,7,-20,-20,-20,-20,11,4,-20,13,5,-20,4,13,4,37,8,28,27,20,29,24,67,44,31,77,35,70,59,34,25,28
"chr1,11499692",-20,2,6,3,6,-20,10,-20,4,7,3,12,32,52,22,25,47,18,65,53,62,5,48,32,39,28,22,34,12,5,5,17,13,9,58,47,32,18,5,10,10,25,-20,12,-20,57,10,50,17,8,-20,34,55,24,26,17,55,54,21,36,20,32,20,23,81,61,34,60,44,16,30,17,13,25,25,46,23,7,7,15,8,16,20,4,12,32,23,58,35,18,32,34,33,60,43,52,5,29,7,34,28,31,3,7,26,36,3,31,52,4,8,3,46,31,8,4,49,4,-20,8,8,3,9,4,44,7,3,43,4,11,33,7,5,-20,32,24,34,3,-20,7,7,4,12,6,44,-20,6,37,6,13,10,9,10,11,16,-20,8,13,42,14,7,-20,9,9,-20,17,6,-20,12,8,47,31,11,10,-20,34,-20,6,6,84,16,6,9,4,12,-20,15,27,4,7,6,10,2,5,-20,7,7,6,13,10,-20,18,12,14,31,11,11,30,4,15,24,25,16,15,12,13,37,11,12,12,10,11,-20,39,2,3,11,9,37,26,35,14,65,43,10,15,15,14,17,19,24,9,13,21,7,37,10,23,8,24,20,11,10,14,9,20,15,9,17,11,10,12,19,11,17,16,23,7,21,29,17,24,9,27,27,7,50,51,38,44,7,26,3,31,11,20,8,4,3,8,14,21,-20,8,35,41,33,-20,4,7,22,4,8,6,6,31,34,-20,42,27,39,33,44,62,7,3,3,6,-20,97,11,10,13,14,13,7,-20,12,3,27,-20,14,5,5,30,4,8,40,102,16,-20,33,18,7,7,12,11,7,19,12,6,5,9,8,-20,16,-20,-20,19,6,5,13,6,13,8,4,5,5,2,6,8,10,-20,65,4,6,3,39,11,8,10,7,5,19,10,8,15,13,8,14,-20,5,3,9,9,9,-20,-20,49,6,7,4,-20,19,10,8,9,6,6,9,19,5,8,15,8,10,4,8,-20,-20,8,13,11,8,9,16,13,5,17,37,16,7,68,16,17,6,3,6,7,-20,6,12,4,-20,6,3,16,5,6,4,55,19,12,-20,13,6,24,11,5,5,-20,16,9,6,14,5,-20,-20,7,8,3,5,2,6,7,-20,9,6,40,14,17,10,7,-20,7,5,7,-20,7,20,4,-20,31,7,15,12,3,18,3,5,4,4,14,8,42,3,25,9,3,-20,10,23,4,13,43,37,56,36,13,20,28,6,-20,33,39,10,9,19,-20,5,31,11,-20,5,28,-20,3,11,8,6,5,9,21,9,9,11,2,-20,-20,12,18,15,4,-20,4,6,11,4,42,3,5,21,11,3,4,-20,13,6,63,9,15,6,17,17,-20,10,12,12,18,36,18,42,28,47,51,23,12,20,16,29,15,6,31,2,8,8,8,20,17,21,7,23,14,22,15,22,5,40,3,17,7,14,7,10,25,17,12,12,10,5,7,22,18,14,92,33,43,36,57,20,24,18,20,30,25,19,42,12,23,18,54,51,23,8,16,21,55,16,3,20,7,13,56,13,17,35,21,24,23,30,3,19,16,69,16,45,33,19,5,12,8,16,14,13,7,10,14,10,15,13,7,11,12,11,12,9,9,6,7,9,10,15,10,11,7,9,5,13,21,9,20,4,12,14,14,11,14,14,-20,17,8,11,17,10,13,9,11,10,5,12,12,7,-20,8,8,16,10,13,-20,7,17,4,9,11,9,9,10,9,8,17,12,10,15,7,11,6,15,15,10,6,11,14,6,13,4,8,18,12,7,23,6,-20,7,5,18,8,11,6,8,16,13,10,11,12,5,13,6,8,7,6,4,6,8,-20,5,8,9,13,8,14,10,7,14,6,7,10,8,8,6,-20,12,11,17,7,24,7,5,15,3,18,4,15,8,6,9,3,11,6,9,6,29,5,11,13,10,11,11,9,12,10,13,19,8,10,6,4,13,9,7,10,8,10,16,21,7,6,19,6,14,7,9,17,17,11,10,11,11,11,7,9,-20,6,30,7,19,7,7,10,11,5,12,7,10,8,9,10,16,5,7,9,9,9,6,8,-20,15,7,9,14,7,9,6,-20,9,3,67,2,12,10,-20,15,12,19,15,19,27,17,17,12,21,11,16,17,14,12,11,-20,27,11,10,10,12,14,17,29,13,22,10,20,9,6,7,10,17,15,26,17,4,8,10,12,-20,3,8,3,10,5,11,14,6,3,5,4,9,7,5,6,15,7,9,12,-20,8,12,4,5,-20,6,6,11,12,7,7,13,15,6,7,3,19,5,19,3,3,5,-20,6,9,-20,5,4,6,5,14,6,10,13,4,8,14,9,17,13,7,12,4,8,5,5,13,7,6,40,4,5,4,6,3,11,6,14,7,8,4,-20,6,10,-20,-20,11,6,10,9,9,6,6,5,9,7,8,6,10,7,7,7,14,6,19,7,12,-20,6,-20,4,-20,-20,-20,-20,-20,9,-20,-20,5,-20,-20,-20,5,-20,3,7,5,8,4,3,-20,-20,-20,3,-20,-20,-20,5,-20,-20,-20,4,10,9,-20,3,3,3,3,3,4,-20,6,3,-20,5,6,3,-20,5,-20,7,-20,-20,-20,10,11,3,-20,13,4,-20,3,13,4,39,8,28,27,20,28,24,67,41,31,77,31,70,59,35,24,28
"chr1,11499694",-20,2,6,3,6,-20,10,-20,4,7,3,12,32,51,20,24,45,-20,58,52,62,5,48,29,39,-20,21,34,12,5,5,18,13,9,56,46,31,16,5,10,10,23,-20,12,-20,54,10,50,17,8,11,33,57,24,27,17,56,52,20,35,20,31,17,23,80,58,32,58,42,15,23,17,13,23,24,46,22,7,-20,15,8,16,20,4,13,32,22,53,33,17,31,34,30,59,41,51,5,28,7,34,26,29,3,7,26,36,3,31,49,4,8,3,46,30,-20,4,48,4,-20,8,8,3,9,4,43,7,3,42,4,11,32,7,5,-20,32,25,32,3,-20,7,7,4,12,-20,41,-20,6,37,6,13,10,-20,10,11,16,-20,8,9,42,13,7,-20,9,9,-20,17,6,-20,11,-20,45,31,12,10,-20,36,-20,6,7,83,16,6,9,4,12,-20,16,26,4,6,11,9,2,5,-20,5,7,6,14,12,-20,-20,12,14,30,11,10,29,4,15,26,26,16,-20,12,13,35,11,11,-20,12,10,-20,37,2,3,-20,9,39,26,34,14,65,43,-20,15,12,14,17,18,24,8,13,22,7,36,10,21,8,24,19,10,10,14,9,21,13,9,14,11,10,12,19,11,18,16,23,8,21,28,16,23,9,26,29,7,53,54,39,45,7,26,3,31,10,19,8,4,3,8,14,19,-20,8,35,41,34,-20,4,7,21,4,8,6,6,29,33,-20,40,27,35,32,40,-20,-20,-20,-20,6,-20,99,10,10,13,13,14,7,-20,12,3,29,-20,14,5,5,29,4,8,37,100,16,-20,36,18,6,7,12,11,7,18,13,6,5,9,8,-20,15,-20,3,20,6,5,13,6,13,8,4,5,5,-20,6,7,10,-20,67,4,6,3,39,11,-20,9,8,5,20,10,7,16,13,8,12,-20,5,-20,9,9,7,-20,7,48,6,7,3,-20,20,10,8,9,6,5,9,18,-20,8,15,8,10,4,8,-20,-20,8,13,11,8,9,16,13,5,16,36,16,7,66,15,17,-20,3,7,6,-20,5,12,4,2,6,3,16,5,6,4,55,18,12,-20,12,6,23,12,5,5,-20,17,9,6,13,-20,-20,-20,7,8,3,5,-20,6,7,-20,9,6,39,14,18,10,7,-20,7,5,6,-20,7,19,4,-20,30,-20,13,11,3,18,3,5,4,4,13,8,40,3,24,9,3,-20,10,20,4,12,41,37,54,35,13,20,28,6,-20,32,37,10,9,19,-20,5,32,11,-20,4,27,-20,3,11,9,6,5,9,21,9,9,11,-20,-20,-20,13,17,14,4,-20,4,7,10,4,42,3,5,22,11,3,5,-20,13,5,-20,8,15,6,17,15,-20,10,12,13,19,35,17,42,27,40,50,22,12,19,16,28,15,6,31,2,-20,8,8,21,17,20,7,23,13,22,15,22,5,40,3,17,7,-20,7,10,24,17,11,12,10,5,7,22,18,12,92,33,40,36,54,19,23,18,21,31,23,19,43,11,23,20,57,47,23,8,16,21,53,15,-20,21,7,13,57,14,15,34,20,24,23,26,-20,18,15,68,18,45,32,18,5,11,8,16,14,13,7,10,14,10,15,13,7,10,12,11,12,9,9,6,7,9,10,15,9,-20,7,9,5,12,20,9,21,4,12,14,14,11,14,15,-20,16,8,11,16,10,14,8,11,10,5,12,11,6,3,8,-20,16,10,13,-20,7,17,4,9,10,9,-20,10,9,8,-20,12,10,15,7,10,-20,15,17,10,6,10,14,6,13,4,8,18,12,7,22,6,-20,7,5,17,8,11,6,8,16,13,10,11,12,5,-20,6,8,7,-20,4,6,8,3,5,8,9,13,8,13,-20,7,14,6,7,-20,8,8,6,-20,12,11,16,7,22,7,5,15,3,18,4,15,8,5,9,3,11,6,9,6,29,5,11,13,10,10,11,-20,12,10,13,19,8,10,6,4,13,9,7,-20,8,10,16,21,7,6,19,6,14,7,9,17,16,11,10,11,11,11,7,9,-20,6,29,7,18,7,7,10,11,5,12,7,10,8,9,10,16,5,7,-20,9,9,-20,8,-20,15,7,9,14,-20,9,6,-20,9,3,64,-20,12,10,-20,15,11,18,15,18,28,16,17,12,20,11,16,17,14,12,11,-20,27,11,10,10,11,14,17,28,13,22,-20,19,9,6,7,10,17,14,26,17,4,8,-20,12,-20,3,8,3,10,5,11,13,6,3,5,4,9,7,5,6,15,7,9,12,-20,8,12,4,5,-20,6,6,11,12,7,7,13,15,6,6,3,19,5,19,3,-20,5,-20,6,9,-20,5,4,-20,5,14,6,10,13,4,8,14,9,17,13,7,12,4,8,5,5,13,7,6,40,4,5,4,6,3,11,6,14,6,8,4,-20,6,10,-20,-20,10,6,10,9,9,6,6,5,9,7,-20,6,10,7,7,-20,14,6,19,7,7,-20,6,3,4,-20,-20,-20,-20,-20,8,-20,-20,4,-20,-20,-20,-20,3,4,6,5,9,5,-20,-20,-20,-20,-20,-20,-20,-20,5,-20,-20,3,-20,8,7,-20,-20,-20,-20,3,3,4,-20,7,-20,-20,5,5,3,-20,4,-20,6,-20,-20,-20,8,11,-20,-20,8,4,-20,-20,13,4,39,8,29,28,19,26,23,68,40,31,77,31,67,59,34,23,29
"chr1,11499696",-20,2,6,3,6,-20,10,-20,4,8,3,12,29,52,17,23,50,18,64,50,62,5,48,29,41,26,18,32,13,5,5,17,14,8,59,46,32,17,5,9,10,24,8,12,-20,53,10,51,19,8,10,33,57,23,29,16,55,53,17,31,20,30,17,23,87,57,32,58,41,16,24,16,15,24,24,46,22,7,7,16,10,16,20,4,14,33,23,55,32,17,29,33,34,56,41,52,4,28,7,33,25,29,4,7,27,34,3,30,48,4,8,3,46,31,8,4,48,-20,-20,8,9,3,9,4,42,7,3,43,4,10,32,7,5,-20,31,23,33,3,-20,8,7,4,12,7,42,-20,6,35,6,13,10,9,10,11,16,-20,8,8,42,13,7,-20,9,9,-20,17,6,5,12,8,44,30,12,10,-20,36,-20,7,7,89,15,6,10,4,13,-20,16,26,4,7,12,10,2,6,-20,5,8,6,14,13,-20,19,11,16,29,-20,10,29,4,15,26,26,17,15,12,13,35,12,9,14,12,10,-20,37,2,-20,11,11,39,27,33,15,65,42,10,14,11,15,16,19,24,9,13,21,7,38,10,21,8,23,20,12,9,15,9,20,13,7,15,11,10,12,18,10,18,15,23,9,21,29,17,24,9,26,30,7,52,54,37,45,7,25,-20,31,10,19,8,-20,4,8,11,19,-20,9,36,41,33,-20,4,9,23,4,8,6,6,29,34,-20,40,28,37,32,40,61,8,3,2,6,-20,100,11,11,16,13,14,7,-20,12,3,29,-20,14,4,5,29,4,8,36,100,16,-20,35,19,6,6,13,11,7,18,12,6,3,9,8,-20,15,-20,3,23,5,6,14,6,13,8,4,5,5,-20,6,7,10,-20,67,4,7,3,39,11,7,9,8,-20,18,9,7,16,13,8,13,-20,5,-20,9,9,7,-20,7,50,6,6,3,-20,19,10,8,9,6,5,9,18,5,9,15,8,10,3,8,10,-20,8,13,10,8,10,18,12,5,15,35,16,7,65,17,17,-20,3,6,6,-20,5,13,-20,2,6,3,15,4,6,4,56,15,12,-20,12,6,23,13,5,5,-20,17,9,6,17,5,-20,-20,7,8,3,5,-20,7,7,-20,9,8,37,15,17,10,7,-20,7,5,6,-20,7,19,4,-20,25,-20,13,11,5,19,3,5,5,4,14,-20,42,3,25,9,3,-20,9,19,4,12,40,40,54,35,13,22,28,6,-20,32,37,10,9,22,-20,6,28,11,-20,4,28,-20,3,11,9,6,5,9,21,9,10,11,-20,-20,-20,13,17,15,4,-20,5,7,10,4,42,3,6,22,11,3,5,-20,14,5,62,-20,15,6,16,16,-20,11,12,11,19,37,17,45,28,41,52,21,12,19,16,29,15,6,32,2,8,8,8,21,21,20,7,24,13,22,16,22,5,43,3,18,7,14,8,10,24,17,11,13,10,5,8,22,15,13,90,37,41,37,53,20,22,19,21,29,25,19,44,12,24,20,58,49,26,8,17,23,55,13,4,21,6,13,56,15,15,34,21,23,21,29,-20,18,20,73,19,44,33,17,5,11,8,20,14,11,7,10,14,10,16,14,7,11,13,10,12,9,9,6,7,10,10,17,9,13,7,9,5,14,20,11,22,4,12,16,14,12,14,15,-20,16,8,12,19,10,14,10,11,10,5,12,12,6,4,8,8,16,10,13,3,7,17,4,9,10,11,9,11,9,8,20,12,9,15,8,10,6,15,18,10,6,11,14,5,13,3,10,18,12,7,24,6,3,7,5,19,8,10,7,8,16,15,10,11,13,5,14,6,8,7,7,4,7,8,3,5,8,9,14,8,14,10,7,15,6,7,10,8,8,6,-20,13,11,17,7,24,9,5,16,3,18,4,15,8,7,9,3,11,6,9,7,29,5,11,14,10,11,11,10,12,10,13,21,8,10,6,4,13,9,7,11,8,10,16,21,-20,7,19,6,14,7,9,17,15,11,10,-20,11,12,7,9,-20,6,30,7,19,7,8,10,11,5,13,7,12,8,8,10,17,5,8,9,9,9,7,8,-20,15,8,10,14,6,9,6,-20,9,3,65,2,11,10,-20,16,13,20,16,20,29,17,-20,12,23,11,17,17,14,12,11,-20,28,12,11,10,13,14,15,29,14,22,10,19,9,8,7,9,18,14,26,17,5,8,9,12,-20,3,-20,3,10,5,11,14,6,4,5,4,9,8,6,6,15,8,9,12,-20,7,13,4,5,6,6,7,11,12,7,7,13,15,6,6,3,19,5,19,4,-20,5,-20,6,10,-20,5,4,7,8,14,6,12,13,4,8,14,12,17,12,8,12,4,9,5,5,13,7,8,41,4,5,4,6,3,12,6,15,6,9,4,-20,6,10,-20,9,12,6,11,9,10,6,6,5,10,7,8,6,10,7,7,11,14,6,19,7,12,-20,5,4,4,3,-20,-20,-20,-20,9,-20,-20,4,-20,-20,-20,-20,-20,3,6,5,8,5,3,-20,-20,-20,-20,-20,-20,-20,4,-20,-20,3,4,9,9,-20,-20,4,3,-20,3,4,3,7,4,-20,5,-20,-20,-20,6,-20,5,-20,-20,-20,8,10,-20,-20,9,4,-20,4,13,4,35,9,28,29,19,26,23,68,41,31,77,31,70,56,34,26,31
"chr1,11499697",-20,2,6,4,6,-20,11,-20,4,8,3,12,28,51,17,22,46,-20,59,49,62,5,47,26,35,23,17,32,13,5,5,17,13,8,58,44,30,16,6,10,10,-20,-20,12,-20,52,11,-20,18,8,10,35,58,23,29,15,56,56,15,32,19,-20,16,23,82,55,30,57,39,15,22,17,17,24,23,46,20,8,-20,17,11,16,-20,4,14,32,23,50,32,16,28,31,33,53,39,51,4,27,7,31,22,29,4,7,26,33,3,29,46,4,8,3,45,28,-20,4,47,4,-20,8,9,3,9,-20,-20,-20,3,39,-20,13,29,7,5,-20,33,-20,38,3,-20,-20,7,4,12,-20,43,-20,6,-20,6,13,11,8,10,11,-20,-20,8,8,44,13,7,-20,10,10,-20,17,6,5,11,-20,46,30,12,10,3,37,-20,7,7,89,16,7,10,4,13,-20,16,25,5,7,12,10,2,6,-20,5,7,6,15,13,-20,-20,10,15,29,10,10,29,4,14,25,26,17,-20,11,13,32,12,-20,14,12,10,-20,36,2,-20,-20,11,39,-20,33,14,66,42,-20,14,10,15,16,-20,23,-20,12,21,7,38,8,21,8,22,19,-20,9,14,9,20,14,7,15,11,10,12,16,-20,18,15,22,9,21,29,-20,24,10,26,30,7,52,56,37,45,7,25,-20,31,10,18,8,4,4,8,11,19,-20,9,30,-20,33,-20,4,9,22,4,8,6,6,28,33,-20,39,28,35,30,37,-20,-20,3,3,6,-20,100,10,11,16,13,14,-20,-20,11,3,29,-20,15,3,-20,29,4,8,37,101,16,-20,35,17,6,6,13,11,7,18,11,6,3,10,-20,-20,15,-20,3,23,5,6,14,6,13,8,4,6,-20,-20,6,7,10,-20,66,-20,7,3,40,11,-20,9,8,5,18,9,7,16,12,-20,14,-20,5,-20,9,-20,7,-20,7,49,6,6,3,-20,18,10,8,9,7,5,9,18,-20,9,14,8,10,3,8,10,-20,8,14,10,8,11,18,11,5,15,38,16,7,66,15,18,-20,3,6,7,-20,5,11,4,2,6,3,-20,4,6,4,56,-20,12,-20,12,-20,26,13,6,5,-20,17,9,5,17,-20,-20,-20,7,8,4,5,-20,-20,7,-20,9,7,34,14,18,9,7,-20,7,5,-20,-20,7,19,4,-20,26,5,13,10,5,20,3,5,5,4,13,8,38,3,25,9,3,-20,9,19,4,12,37,37,52,34,13,-20,-20,6,-20,29,36,11,9,21,-20,5,28,10,-20,3,27,-20,3,11,9,6,5,9,21,9,10,11,-20,-20,-20,16,17,16,4,-20,5,8,12,4,42,-20,6,22,11,3,5,3,14,5,62,8,15,6,16,16,-20,11,12,11,20,37,16,42,25,39,47,21,12,19,16,29,15,6,32,2,8,7,9,21,21,20,7,24,14,21,17,22,5,44,3,18,-20,15,11,10,24,18,12,14,-20,6,8,23,15,13,94,37,42,36,53,-20,23,21,21,29,25,20,46,11,25,20,58,49,24,8,16,24,51,13,-20,21,6,13,55,15,13,34,20,23,21,29,-20,16,20,70,19,40,33,16,5,11,8,21,14,11,7,10,14,10,16,14,7,11,13,11,12,9,9,6,7,10,11,18,10,-20,7,9,5,14,20,11,22,4,12,17,15,12,14,15,-20,16,8,12,19,11,15,11,12,10,5,13,12,6,4,9,-20,17,11,14,3,7,18,4,10,11,11,-20,11,9,8,-20,12,9,15,8,10,-20,16,18,10,7,12,13,5,13,3,10,17,13,7,24,6,4,7,5,20,8,10,7,8,16,15,10,11,12,6,-20,6,8,7,-20,4,7,8,4,5,8,9,-20,8,13,-20,7,15,6,7,-20,-20,9,6,2,13,11,18,7,22,10,5,17,3,18,4,15,9,7,9,4,11,-20,9,8,30,6,11,14,10,10,11,-20,12,10,13,21,8,10,6,4,13,10,8,10,8,10,16,21,7,8,19,6,14,8,9,18,15,11,10,11,11,12,7,9,3,6,30,7,20,7,8,-20,12,5,13,7,12,8,8,10,18,5,9,-20,10,9,-20,9,-20,15,8,10,14,-20,9,6,-20,9,3,62,2,11,10,-20,16,13,19,16,20,29,16,19,12,22,11,17,17,14,12,11,-20,30,12,11,10,12,14,15,29,14,23,-20,20,9,8,7,8,18,15,27,18,5,8,-20,11,-20,3,8,3,11,5,12,14,6,4,6,4,10,8,6,6,16,8,9,12,-20,7,13,4,5,6,6,8,11,12,7,7,14,16,6,6,3,20,5,19,4,4,5,-20,6,10,-20,5,5,-20,8,14,6,12,13,4,-20,14,12,17,12,8,12,4,9,5,5,14,8,8,44,4,5,4,7,3,13,7,15,6,9,4,-20,6,10,-20,10,11,6,14,9,11,7,6,5,-20,7,8,6,10,7,7,10,16,6,-20,-20,9,3,5,4,4,4,-20,-20,3,-20,9,-20,-20,4,-20,3,-20,-20,-20,4,7,5,9,5,3,-20,-20,-20,-20,-20,-20,-20,-20,-20,-20,3,3,9,9,-20,-20,-20,3,-20,4,4,3,8,4,-20,4,-20,-20,-20,6,-20,4,-20,-20,-20,9,-20,4,-20,-20,4,-20,4,13,4,35,9,28,29,19,26,23,68,40,31,77,31,69,57,35,26,31
"chr1,11499704",-20,2,6,4,6,-20,11,-20,4,8,4,9,30,52,15,19,49,-20,58,45,64,5,46,28,32,25,21,29,13,5,3,17,13,8,53,46,32,17,8,10,10,27,8,10,-20,53,11,41,18,8,10,37,59,21,26,17,59,55,14,28,18,25,19,25,82,47,28,57,44,16,22,17,16,23,20,46,22,9,-20,17,12,15,15,5,14,33,26,52,38,18,27,33,36,48,38,50,-20,27,7,34,20,27,5,6,28,33,3,29,46,4,8,3,51,33,6,4,51,3,-20,7,9,3,8,4,38,6,3,40,-20,13,35,8,6,2,34,26,-20,-20,-20,8,7,4,12,-20,46,-20,5,32,6,12,10,8,9,9,22,-20,7,6,49,14,8,-20,10,9,-20,14,6,5,13,8,44,27,12,12,3,35,6,7,7,86,16,7,15,3,13,4,14,25,4,8,14,6,2,6,-20,5,7,4,16,17,4,-20,11,15,29,8,9,28,4,14,33,23,17,13,11,17,36,11,-20,12,13,12,-20,35,3,9,10,13,41,20,36,13,66,40,7,9,-20,13,15,20,22,5,11,19,6,37,8,19,9,19,23,15,11,14,10,19,12,-20,15,12,9,12,19,12,17,17,14,9,22,27,14,21,10,22,32,8,51,65,41,48,-20,27,-20,30,9,19,10,3,4,6,12,15,-20,8,31,44,32,-20,4,9,23,4,8,4,-20,30,32,-20,39,31,37,33,34,-20,8,3,4,6,-20,96,10,10,-20,12,11,8,-20,11,3,27,-20,15,4,5,28,3,6,36,103,14,-20,36,17,6,6,12,10,6,17,14,7,3,11,-20,-20,14,4,4,22,5,5,14,6,13,8,8,6,5,-20,7,8,9,-20,67,-20,8,3,47,10,-20,10,8,6,20,7,8,15,15,8,18,-20,5,2,10,-20,7,3,7,55,5,6,4,-20,17,14,-20,11,7,7,8,19,6,8,14,9,10,4,7,10,-20,8,13,10,7,11,19,10,5,15,38,17,7,70,14,17,7,3,6,8,-20,5,10,4,2,7,4,15,5,5,-20,58,11,12,-20,13,6,25,14,7,5,-20,16,9,7,19,4,-20,3,7,5,4,5,-20,5,7,2,9,8,43,14,18,9,7,-20,6,5,4,-20,6,14,4,-20,24,7,13,8,5,23,3,6,4,3,15,8,40,3,22,7,3,-20,11,19,4,9,37,40,52,33,12,21,22,6,-20,-20,35,10,9,23,-20,5,28,11,-20,3,29,-20,3,11,9,5,4,8,20,9,11,12,-20,-20,3,14,20,19,4,-20,4,7,12,4,42,-20,6,23,11,4,5,3,17,4,61,9,14,7,12,14,-20,11,11,10,28,36,16,43,26,45,47,21,13,18,16,29,14,6,31,2,7,8,9,21,20,21,7,23,14,22,16,18,6,45,3,18,6,15,10,-20,23,18,12,14,10,6,8,23,15,10,87,34,42,30,49,20,23,21,19,28,26,20,41,13,23,20,53,47,26,7,13,23,50,12,-20,19,8,12,53,17,13,31,21,26,22,27,-20,14,23,69,19,41,32,15,6,13,8,21,14,10,8,10,13,10,13,11,7,11,13,9,11,10,10,6,7,10,11,18,10,14,7,7,5,14,20,15,20,4,11,17,15,9,14,17,-20,15,8,11,18,12,14,10,10,10,-20,13,10,6,4,9,5,16,10,12,3,7,20,4,10,13,10,9,10,10,9,18,12,9,15,9,10,8,15,17,10,7,13,12,3,12,4,10,16,13,5,23,6,4,7,6,20,8,10,6,8,16,14,10,12,12,7,-20,6,8,7,6,3,8,7,4,5,7,8,12,6,14,-20,9,14,6,7,-20,9,9,6,2,12,11,17,7,22,9,5,16,3,18,5,16,9,7,9,4,7,5,9,7,27,6,13,13,8,10,11,-20,12,11,13,20,9,11,6,5,10,9,8,11,8,11,16,20,7,8,20,8,14,8,9,19,13,6,9,9,12,12,7,-20,3,7,24,7,19,6,8,9,11,5,13,6,13,8,8,9,18,5,10,-20,10,8,-20,8,-20,15,8,10,11,-20,9,5,3,7,5,61,-20,11,10,-20,14,12,18,19,19,28,17,19,12,21,11,13,14,14,12,10,-20,29,11,11,10,12,14,13,26,15,23,-20,19,8,7,8,8,20,15,28,18,4,7,-20,11,-20,3,8,4,9,5,9,14,6,4,5,3,11,8,6,6,14,8,9,13,-20,7,14,4,5,6,6,7,10,12,7,7,13,15,4,6,3,20,5,20,4,4,5,-20,7,10,-20,4,5,6,8,13,6,12,12,3,-20,13,12,15,12,9,12,4,9,5,5,13,9,8,42,4,5,5,7,3,13,6,14,5,9,4,-20,6,10,-20,10,11,8,14,9,9,7,5,4,-20,7,8,6,10,6,8,10,16,6,19,7,-20,-20,5,3,5,-20,-20,-20,4,-20,7,-20,-20,4,-20,-20,-20,-20,4,6,5,5,12,7,-20,-20,-20,-20,-20,-20,-20,-20,-20,-20,-20,3,-20,9,7,-20,-20,-20,-20,-20,4,-20,6,11,3,-20,-20,-20,-20,-20,6,-20,3,-20,-20,-20,10,9,-20,-20,-20,4,-20,5,12,4,32,9,26,28,17,26,25,64,39,47,57,35,68,54,38,28,30
"chr1,11499710",3,-20,6,4,6,-20,13,-20,4,9,4,10,32,54,17,16,50,-20,69,48,65,7,47,27,36,25,18,28,14,6,4,14,11,8,56,50,31,18,11,10,10,29,9,12,-20,52,-20,41,-20,8,14,37,60,21,27,19,60,61,15,29,20,25,22,27,86,51,30,60,49,18,20,18,17,28,23,46,22,8,-20,17,14,17,18,5,15,33,26,59,43,18,27,35,37,47,36,51,-20,26,7,35,20,29,5,11,28,34,3,31,56,4,8,3,60,30,7,5,51,3,-20,7,9,4,9,4,39,6,3,48,-20,14,39,9,6,2,38,26,44,3,-20,9,7,5,12,-20,48,-20,5,33,7,12,11,-20,9,8,29,-20,7,7,49,11,7,-20,10,11,-20,19,6,5,-20,8,45,27,9,14,3,37,7,7,9,-20,15,10,16,5,12,5,15,26,4,12,20,6,5,7,-20,4,4,6,21,17,6,19,11,15,32,7,11,25,4,16,32,25,21,13,11,16,37,12,7,11,13,12,-20,33,4,12,10,15,36,21,34,14,64,42,8,10,13,16,17,20,21,5,12,22,6,41,8,15,9,19,23,16,11,12,9,19,13,6,14,9,10,15,22,11,16,17,16,10,24,22,-20,24,10,19,32,8,52,61,31,47,9,29,-20,30,12,17,11,4,4,5,12,16,-20,7,37,53,33,-20,4,9,19,4,8,4,-20,31,35,-20,40,31,44,33,35,-20,9,3,5,5,-20,97,12,13,-20,13,9,10,-20,12,3,29,-20,14,4,5,32,3,6,38,104,13,-20,36,18,9,6,11,12,5,17,18,8,4,12,7,-20,15,4,6,20,5,6,15,7,14,9,8,6,4,-20,6,7,11,-20,72,4,9,4,49,11,-20,9,8,7,18,10,-20,15,13,-20,19,-20,5,2,10,9,8,3,6,60,5,4,4,-20,19,12,12,12,8,7,8,18,8,8,13,8,10,4,5,9,-20,8,12,12,7,11,22,9,5,15,40,16,8,73,17,15,11,3,6,8,-20,5,11,3,2,6,4,16,5,7,-20,61,-20,14,-20,12,7,27,14,5,6,-20,13,10,8,25,4,-20,4,7,5,5,5,2,6,8,-20,9,8,43,15,20,-20,6,-20,7,5,5,-20,6,14,-20,-20,19,6,12,10,5,24,3,8,3,3,15,8,41,3,22,7,4,3,10,19,5,13,42,44,53,35,13,19,20,7,-20,28,34,11,9,28,-20,5,27,15,-20,4,32,-20,3,11,11,6,6,8,19,10,11,16,-20,5,4,13,19,17,5,3,4,-20,12,7,40,3,7,25,-20,4,5,3,19,6,62,8,14,7,11,12,-20,13,12,10,30,31,17,49,31,46,48,20,14,18,14,31,14,8,31,2,8,9,9,21,25,22,7,24,14,21,16,19,9,48,3,18,6,15,10,10,24,18,13,14,10,7,10,22,15,9,80,35,39,36,48,19,24,21,22,25,24,20,41,18,-20,22,59,42,25,6,17,24,49,12,4,18,-20,13,55,20,13,27,21,27,21,29,3,14,23,71,21,44,29,17,7,13,9,20,14,10,7,9,12,9,18,11,7,11,15,9,11,10,-20,6,8,-20,11,18,9,14,7,6,5,14,20,14,17,-20,10,18,15,9,14,17,2,14,8,11,19,14,13,9,11,13,6,15,13,6,4,10,7,16,9,12,3,7,21,5,10,13,11,9,11,10,12,19,12,10,16,9,10,-20,16,17,9,9,12,12,-20,13,4,10,15,14,5,24,6,3,7,9,20,10,10,6,8,18,15,10,13,13,7,-20,5,8,7,6,3,8,8,5,5,7,9,14,7,14,-20,9,15,8,7,12,-20,9,8,2,11,12,19,7,20,9,4,16,3,19,5,16,9,8,9,3,8,6,9,7,27,-20,12,14,8,10,11,10,11,10,12,20,9,11,7,5,11,9,9,11,9,12,19,20,8,7,20,7,15,8,11,20,13,6,9,9,12,12,7,10,3,7,25,6,19,6,8,9,11,6,13,6,13,9,8,10,18,6,12,-20,10,10,-20,8,-20,15,8,11,12,-20,10,5,4,7,6,65,-20,12,11,-20,15,12,20,18,19,30,20,19,13,20,11,13,13,14,12,11,-20,29,12,12,8,13,15,13,28,17,25,-20,21,8,7,7,8,22,16,28,19,5,7,-20,12,-20,3,10,4,10,5,8,14,6,4,5,3,11,9,7,6,12,7,9,13,-20,7,14,5,5,6,7,9,12,14,7,8,13,15,6,7,-20,19,6,20,3,5,4,-20,7,11,-20,4,6,6,11,14,7,13,14,3,8,13,12,17,12,9,12,5,9,5,5,11,10,8,41,5,6,6,8,3,13,7,15,5,9,4,-20,6,11,-20,12,11,8,16,8,11,7,5,4,-20,7,8,5,10,6,8,10,14,6,20,11,9,-20,5,6,5,-20,3,-20,3,-20,-20,-20,3,6,-20,4,-20,5,6,7,6,5,12,11,-20,3,-20,-20,-20,2,-20,-20,-20,4,-20,-20,2,6,8,-20,-20,-20,-20,-20,4,3,8,11,6,3,5,-20,9,3,9,4,-20,-20,-20,3,13,8,-20,-20,-20,3,3,6,12,4,31,10,27,29,19,24,24,67,38,64,57,37,70,56,41,30,32
"chr1,11499721",3,-20,5,-20,6,-20,14,-20,5,9,5,11,33,61,17,15,53,16,78,49,73,9,50,31,43,27,17,30,15,5,5,14,14,8,58,55,33,25,14,11,11,29,9,14,13,48,9,45,18,10,15,38,57,20,25,21,63,54,13,35,21,26,24,29,87,55,30,65,52,21,26,24,17,30,27,50,23,11,9,16,18,14,20,6,14,33,31,64,43,21,29,39,40,50,41,50,7,28,7,43,21,33,6,12,34,42,10,33,59,4,8,4,72,31,8,6,59,8,-20,7,10,4,11,4,38,5,4,47,-20,14,41,9,7,-20,38,30,49,3,-20,11,8,5,11,8,52,3,4,34,10,12,14,8,9,11,32,-20,4,6,49,16,7,-20,12,10,-20,18,6,6,12,9,46,27,7,11,3,37,7,5,10,84,15,12,16,5,12,5,15,32,6,13,18,9,5,-20,6,7,6,8,21,11,6,22,15,15,31,8,12,35,5,16,36,23,22,21,10,14,38,13,12,11,15,13,-20,34,4,12,11,16,38,22,35,18,58,43,8,12,16,19,15,13,24,7,16,25,7,46,13,14,11,19,23,15,11,11,8,15,16,6,18,8,12,17,21,12,20,17,17,10,27,24,19,28,16,22,30,7,48,78,36,37,11,27,-20,33,11,21,10,8,6,5,16,15,-20,7,35,55,38,-20,6,-20,-20,4,9,5,4,35,35,-20,41,33,53,35,48,74,10,5,4,4,-20,101,12,12,17,17,9,-20,-20,14,3,31,4,14,5,7,31,3,6,38,100,16,-20,36,21,11,6,11,15,8,18,20,8,5,14,6,-20,11,4,8,20,6,5,17,9,13,9,-20,8,5,-20,7,8,11,5,83,3,12,5,57,11,7,11,8,6,19,12,12,15,10,10,18,-20,3,2,9,-20,10,-20,7,68,5,5,5,-20,16,15,13,13,7,8,12,18,7,8,12,9,11,4,5,9,-20,6,13,11,8,11,29,8,5,19,37,17,9,87,20,9,12,3,8,10,-20,5,11,5,4,7,3,18,6,9,-20,62,-20,14,-20,14,8,31,13,6,5,2,10,10,-20,27,6,-20,7,7,7,5,5,-20,7,9,2,9,7,48,18,22,17,7,-20,6,5,3,-20,9,13,5,-20,16,10,14,13,6,25,3,8,3,5,14,8,49,3,25,7,6,-20,10,22,5,15,54,43,56,39,15,28,23,8,-20,29,35,11,9,30,-20,5,21,14,-20,4,32,-20,-20,11,13,6,9,9,19,9,15,18,4,5,4,15,21,19,-20,6,4,9,14,6,36,3,5,27,10,7,8,4,20,7,60,10,15,7,14,18,-20,15,11,11,32,34,17,56,35,45,50,26,11,25,15,33,15,8,35,2,9,10,13,19,27,23,10,23,12,26,19,25,10,55,4,20,8,18,15,13,23,16,18,17,13,7,11,20,15,7,79,40,44,31,39,23,26,20,21,30,23,21,42,26,20,22,63,45,30,6,17,25,48,11,4,14,-20,10,54,18,13,33,24,26,17,41,4,18,24,65,-20,49,30,19,9,18,7,20,15,12,7,12,14,8,19,10,9,11,15,10,15,11,10,9,11,10,11,18,12,15,7,9,7,15,22,18,18,7,-20,20,17,13,15,17,4,12,8,18,20,16,14,12,18,12,8,15,19,6,4,12,8,16,10,13,4,8,22,5,10,16,11,12,11,12,15,23,15,9,16,11,13,13,15,14,8,-20,11,15,6,12,3,9,16,15,5,25,9,3,7,9,27,11,11,8,11,19,18,14,11,13,-20,12,8,9,8,6,4,8,9,6,6,9,8,17,9,15,-20,9,19,9,7,13,11,10,8,2,11,11,19,8,20,12,5,18,5,22,9,17,10,11,8,4,11,-20,11,11,29,7,15,13,8,12,11,12,15,10,12,26,8,14,10,7,15,10,13,12,10,12,22,21,12,9,21,7,17,8,11,24,14,6,12,9,14,12,7,9,3,6,28,8,21,6,11,12,11,9,13,7,12,10,8,13,21,7,14,9,12,14,10,9,-20,15,10,11,11,12,12,5,4,6,7,69,-20,15,12,-20,19,16,23,19,21,37,23,22,14,22,11,14,17,16,15,11,-20,34,16,13,10,14,16,19,34,20,27,9,20,12,10,8,11,21,16,31,20,6,11,10,17,-20,3,11,4,12,5,11,13,7,9,6,3,12,12,7,9,12,8,9,15,-20,7,15,6,5,9,6,-20,13,17,8,8,14,16,5,11,-20,16,7,21,4,6,4,-20,9,13,-20,5,7,6,11,15,9,14,15,4,12,14,10,20,17,14,12,5,8,6,7,12,10,9,44,7,7,-20,11,3,14,7,16,7,10,4,4,8,13,-20,12,12,8,18,10,11,7,4,6,11,7,8,6,10,7,8,13,14,6,22,11,10,4,5,-20,2,-20,3,4,3,-20,6,3,4,7,-20,3,3,7,6,9,3,3,12,11,-20,5,4,-20,4,2,-20,-20,-20,7,4,-20,3,6,7,-20,-20,-20,5,-20,4,-20,8,13,7,3,8,3,10,6,9,4,-20,-20,-20,7,13,10,2,5,9,4,4,-20,15,8,31,12,25,27,18,25,21,68,32,64,25,47,70,49,44,36,36
"chr1,11499737",3,-20,-20,4,-20,-20,12,-20,-20,7,4,11,42,58,15,20,53,17,79,50,64,9,46,36,49,30,17,25,15,5,4,14,12,6,62,72,36,25,16,10,10,30,8,13,17,51,8,43,19,10,13,33,50,19,25,19,61,46,13,39,26,35,30,30,88,54,26,67,49,19,27,21,22,32,32,62,24,12,10,16,18,19,19,7,13,31,31,67,39,19,24,45,39,40,44,48,8,28,3,45,27,36,6,12,36,41,10,38,60,3,-20,5,69,32,7,7,68,9,-20,6,12,4,12,5,40,4,3,52,6,13,42,10,7,-20,40,31,54,3,-20,11,7,4,12,9,52,4,3,38,11,12,14,8,7,16,39,-20,3,7,51,15,7,-20,12,9,-20,19,-20,7,11,9,42,27,8,10,5,41,8,4,10,76,14,12,17,6,14,5,15,32,7,12,20,11,5,8,8,6,10,19,24,13,9,20,17,14,35,11,11,37,7,-20,46,26,42,19,8,16,37,13,13,11,13,13,15,35,5,15,9,21,35,22,33,22,59,38,7,18,13,16,19,15,25,9,13,23,8,53,15,13,10,22,21,16,12,8,8,15,12,9,21,8,13,19,19,9,22,17,19,12,20,17,20,34,16,22,21,6,54,71,32,38,14,27,-20,30,11,21,10,-20,4,4,10,14,6,9,56,60,53,-20,6,6,23,-20,9,5,7,41,42,-20,33,39,57,43,49,76,10,5,3,2,-20,101,13,11,18,18,10,12,4,14,3,33,4,19,7,9,32,-20,-20,42,112,15,3,45,21,14,6,12,16,7,19,18,9,5,18,8,-20,15,4,10,17,7,6,18,9,11,10,10,9,7,-20,8,7,10,5,81,5,13,7,61,11,8,13,10,5,17,18,15,14,13,12,15,-20,4,3,9,11,12,3,11,70,5,7,5,5,14,17,14,16,12,8,13,17,9,7,21,7,10,5,5,8,-20,5,14,9,5,13,37,7,3,22,31,20,11,104,23,-20,13,3,8,11,-20,6,14,5,6,8,5,16,7,10,3,70,12,14,-20,10,11,30,13,9,6,-20,13,11,12,22,6,-20,9,9,5,8,4,6,7,8,4,11,7,48,19,21,22,10,-20,8,5,3,-20,9,9,4,4,18,10,15,13,6,29,3,10,6,6,15,9,48,3,25,7,9,4,9,19,6,18,54,50,59,42,13,29,25,9,-20,37,39,10,7,36,-20,7,19,16,-20,5,30,-20,-20,10,17,7,7,16,17,10,19,22,5,5,5,15,25,17,4,8,6,11,17,8,37,2,5,30,12,8,9,5,17,7,66,10,14,10,15,15,-20,16,12,12,35,34,18,63,40,50,53,30,11,32,16,28,10,12,35,3,10,13,13,20,24,21,7,21,12,24,18,26,10,53,-20,17,14,19,13,12,21,16,17,15,12,8,13,20,12,-20,79,36,39,27,29,20,29,22,19,40,25,16,31,27,15,22,59,48,33,7,24,26,64,10,3,12,6,11,54,17,10,23,25,28,22,43,4,24,23,64,24,47,24,23,8,-20,9,22,15,11,11,12,12,6,15,14,9,13,14,4,13,13,8,10,10,9,9,15,14,19,-20,9,7,16,19,19,17,8,11,19,16,12,12,16,4,9,7,19,14,14,15,11,17,13,8,13,17,5,4,9,8,14,8,13,4,10,19,5,15,15,9,12,9,10,12,21,16,9,13,12,14,16,14,14,8,7,11,16,9,12,4,9,16,14,6,21,9,5,9,8,28,9,12,8,10,15,16,15,9,13,8,15,9,8,6,8,6,8,9,7,5,8,9,15,8,12,8,11,16,10,6,13,12,10,10,-20,11,11,18,6,19,12,6,18,-20,21,6,13,8,11,6,6,12,3,10,11,28,9,13,13,9,11,-20,11,14,10,10,25,7,17,11,8,15,10,14,12,11,13,18,18,12,12,22,7,17,9,11,21,15,6,14,8,11,11,7,8,2,4,23,-20,20,6,12,12,10,9,13,6,10,10,6,12,20,7,12,8,11,16,11,11,7,16,9,10,6,15,14,5,3,5,7,65,-20,15,13,-20,18,15,21,19,18,38,26,26,15,19,11,12,16,14,15,10,-20,33,15,16,8,14,16,18,32,21,25,8,18,11,10,8,10,19,16,29,19,7,10,11,18,-20,3,10,4,11,5,11,16,8,9,6,3,8,14,8,-20,10,8,11,18,-20,7,12,6,6,9,6,10,13,14,6,8,13,15,6,10,-20,15,6,22,4,6,3,-20,8,11,-20,6,6,6,10,15,10,15,13,5,11,12,10,18,16,13,11,5,8,6,9,12,7,10,42,7,8,7,11,-20,13,6,16,7,7,3,4,-20,9,-20,11,13,8,18,-20,11,8,5,6,10,8,5,6,4,10,8,10,15,6,21,11,10,5,7,13,5,6,4,5,3,-20,3,4,4,-20,-20,-20,6,11,-20,8,-20,5,10,12,-20,6,7,2,10,-20,3,3,4,9,4,3,-20,5,6,-20,-20,-20,5,6,4,-20,10,6,7,3,9,-20,14,8,8,4,-20,-20,6,6,-20,9,5,6,13,4,5,-20,16,8,26,15,24,27,18,24,21,71,25,66,-20,48,63,48,50,38,44
"chr1,11499738",3,-20,-20,4,-20,-20,12,-20,-20,7,4,11,45,58,15,19,53,17,79,50,65,9,44,36,48,31,17,26,15,6,4,14,10,6,60,71,35,25,16,10,10,29,8,13,17,50,-20,43,19,10,14,33,50,19,25,19,61,46,14,39,26,35,30,31,85,54,28,67,51,19,26,21,22,32,31,62,23,12,10,17,18,19,18,7,13,31,31,67,38,19,24,45,40,38,45,46,8,30,3,45,26,37,6,12,36,42,10,39,59,-20,-20,5,68,30,7,7,66,9,-20,6,12,4,12,5,40,4,3,49,6,13,42,10,9,-20,38,32,54,3,-20,11,7,4,12,9,52,4,3,38,10,12,14,8,7,16,39,-20,3,7,51,15,7,-20,11,9,-20,19,-20,7,14,-20,43,27,8,10,5,40,8,5,9,75,13,12,17,6,14,5,15,31,7,12,23,10,5,8,8,6,10,19,24,16,10,20,18,10,34,11,11,38,6,19,46,26,42,19,8,16,36,12,13,10,13,12,15,32,4,15,9,21,34,23,34,22,60,41,8,18,13,17,17,15,25,9,13,19,8,52,15,13,10,20,21,17,12,-20,7,15,11,11,20,8,13,18,19,9,22,17,20,14,20,17,21,34,16,22,21,7,55,71,32,42,14,27,-20,31,10,21,10,10,5,4,10,15,6,9,55,60,51,-20,6,6,22,-20,9,5,7,40,43,-20,33,38,56,41,49,74,10,5,3,2,-20,103,12,11,-20,18,10,12,4,14,3,32,4,18,7,8,31,-20,8,43,112,15,3,45,21,14,6,12,16,7,19,17,9,5,17,8,-20,15,4,10,17,7,6,19,9,12,10,10,9,7,-20,8,7,10,5,81,5,13,7,61,11,8,13,10,5,16,17,15,14,13,12,14,-20,4,3,8,12,12,3,11,71,5,7,5,5,14,17,14,16,13,8,12,17,8,7,22,7,10,4,5,8,-20,5,14,8,5,12,38,7,4,22,30,18,11,104,23,-20,13,3,8,11,-20,6,15,5,6,8,5,17,7,10,3,72,13,15,-20,10,11,30,13,9,6,-20,12,11,12,21,6,3,9,8,5,8,4,6,7,8,4,11,8,50,20,21,23,10,-20,8,6,3,-20,9,9,4,4,18,10,16,12,6,29,3,10,6,6,15,9,48,3,25,7,9,4,9,20,7,18,53,50,59,42,13,29,24,9,3,37,40,10,7,37,-20,6,19,16,-20,4,31,-20,-20,10,16,7,7,16,23,10,18,22,5,6,5,15,25,17,4,7,6,11,-20,9,38,2,4,29,11,8,9,5,18,7,67,10,13,10,15,14,-20,16,12,12,35,33,18,63,39,51,53,29,11,34,16,29,11,12,35,3,10,13,13,20,24,22,7,21,12,24,18,24,10,53,2,17,14,19,13,12,21,16,17,15,12,8,12,20,11,-20,75,36,40,28,31,20,28,22,19,40,25,14,33,27,15,21,60,46,32,7,23,28,63,10,3,12,7,11,51,17,10,23,25,29,22,43,4,24,23,63,26,47,24,23,9,19,9,22,15,11,11,12,12,5,15,14,9,13,14,4,13,13,8,10,10,9,9,15,14,19,-20,9,7,16,20,19,17,8,11,19,15,12,12,15,4,9,7,19,13,14,15,11,17,13,8,13,17,5,4,9,8,14,8,13,4,10,19,5,14,15,9,12,9,10,12,20,16,8,13,12,15,16,14,14,8,7,12,16,9,12,4,9,16,14,6,21,9,5,9,8,28,-20,12,8,10,15,16,15,9,13,8,15,9,8,6,8,-20,8,9,7,5,8,9,15,8,12,8,11,16,10,6,13,12,10,10,-20,12,11,18,6,19,12,6,18,-20,21,6,13,8,11,6,6,12,3,10,11,28,9,13,13,9,11,9,11,14,10,10,28,7,17,11,8,15,10,14,13,11,13,18,18,12,12,21,7,17,9,11,21,15,6,14,8,11,11,7,8,2,4,23,8,19,6,12,12,10,9,13,5,10,10,6,12,20,7,12,8,11,16,11,11,7,16,9,10,5,15,14,5,3,6,7,65,-20,15,12,-20,18,15,21,19,19,38,26,27,15,18,11,12,17,14,15,10,-20,33,15,16,8,14,16,18,32,21,25,8,17,11,-20,8,10,19,16,29,19,7,10,11,18,-20,3,10,4,11,5,11,16,8,9,6,3,-20,14,8,-20,10,8,11,18,-20,7,12,6,6,9,6,10,13,14,6,8,13,15,6,9,-20,15,6,21,4,6,3,-20,8,11,-20,6,6,6,11,14,10,15,13,5,11,12,10,19,16,13,11,5,8,6,9,12,7,10,42,7,8,7,11,-20,13,6,16,8,7,3,4,5,9,-20,12,13,8,18,8,11,8,5,6,-20,8,5,6,4,10,8,10,15,6,21,11,10,4,-20,12,5,7,3,5,4,-20,4,5,4,10,-20,-20,6,11,8,8,-20,5,8,11,-20,6,7,2,10,-20,3,3,6,9,4,3,-20,6,7,-20,-20,-20,5,6,4,-20,10,5,7,3,10,-20,13,8,-20,4,-20,-20,5,9,10,8,5,6,13,4,6,11,16,8,25,15,23,27,18,24,21,72,25,67,-20,48,63,48,50,39,44
"chr1,11499744",3,-20,-20,-20,-20,-20,11,-20,-20,6,4,10,48,56,15,20,51,17,78,47,66,8,42,33,47,29,19,25,15,6,4,13,10,-20,58,67,34,26,15,9,11,30,11,13,19,50,9,45,18,8,17,31,44,18,26,18,58,48,14,37,26,37,27,26,79,47,29,68,56,22,28,21,22,31,35,59,23,11,10,17,19,19,20,6,11,32,29,63,37,14,22,47,38,31,45,45,7,33,-20,40,28,36,7,10,36,42,10,42,59,-20,-20,6,67,29,6,6,65,9,-20,6,12,3,13,5,39,4,3,45,6,11,41,8,9,-20,37,34,53,4,-20,9,8,4,12,9,50,4,3,37,10,12,13,7,-20,15,40,-20,2,5,49,16,5,-20,11,10,-20,17,-20,7,15,6,40,26,8,10,4,44,9,5,9,79,13,13,18,-20,14,5,10,29,5,12,24,11,5,7,8,6,9,20,25,14,11,18,18,12,32,14,11,30,6,19,45,28,39,26,7,16,36,13,16,9,13,12,17,36,4,17,8,20,33,22,32,23,57,41,9,19,14,15,17,16,24,9,16,21,9,48,18,14,9,18,20,17,12,8,7,14,8,12,21,9,13,19,18,12,19,16,17,14,20,20,20,29,15,17,19,7,55,72,30,40,14,32,-20,32,10,19,11,8,6,4,13,18,6,11,55,78,54,-20,5,6,20,-20,7,5,8,42,41,-20,33,40,54,41,47,70,11,5,3,3,-20,100,12,11,-20,19,6,12,-20,14,3,36,5,20,7,10,27,-20,7,42,115,15,3,45,23,12,5,11,17,8,21,16,9,4,14,10,-20,17,4,10,17,7,4,22,8,12,10,8,7,6,-20,7,7,9,5,86,4,13,7,60,10,8,12,12,5,13,17,16,12,13,10,16,-20,3,3,7,12,12,3,12,69,5,7,4,5,15,17,15,16,14,7,11,17,8,6,18,6,9,6,4,8,-20,-20,14,8,6,12,43,4,3,21,32,20,11,104,24,-20,13,3,8,10,-20,6,15,5,6,8,4,16,5,11,3,70,13,14,-20,10,11,28,12,8,6,-20,12,11,11,20,6,3,10,10,4,8,4,7,7,8,3,11,8,47,23,22,22,9,3,7,7,3,3,9,9,4,4,18,8,17,13,5,29,3,10,5,7,13,8,46,-20,28,6,8,4,9,20,8,17,53,50,58,46,12,27,24,8,-20,37,41,9,6,39,-20,7,-20,16,-20,5,32,-20,-20,10,15,7,7,12,21,14,18,24,5,9,5,16,25,17,6,7,6,11,17,9,35,4,6,30,12,9,9,5,16,5,69,11,13,9,16,15,-20,17,13,13,34,28,18,62,40,54,50,28,16,32,15,27,12,10,31,2,10,12,13,19,19,22,5,17,11,19,17,22,10,48,4,16,14,19,14,11,20,13,16,13,8,8,13,17,9,7,73,36,36,31,33,19,31,21,18,42,25,16,33,28,16,24,63,46,39,8,24,29,72,10,3,14,8,10,46,17,13,24,28,26,26,38,3,24,24,58,27,44,22,17,9,18,8,18,13,9,10,9,12,4,16,14,9,9,13,4,13,12,7,9,9,8,9,15,12,14,6,8,5,16,-20,18,15,8,10,17,14,11,9,13,4,9,7,18,14,14,14,13,18,13,8,12,15,5,4,9,-20,11,6,9,3,9,17,5,13,12,8,12,9,7,8,19,16,7,13,11,15,15,15,11,8,7,11,15,9,11,4,7,14,12,6,21,8,5,9,9,27,10,10,8,8,14,16,16,9,13,7,14,9,-20,6,8,7,8,8,7,5,8,8,14,9,9,8,11,15,9,5,12,12,10,10,-20,11,10,17,6,17,11,6,14,6,21,6,13,-20,9,6,6,10,2,9,12,23,9,12,10,10,11,9,10,14,10,8,28,6,13,10,8,14,9,13,12,8,14,18,14,12,12,21,6,17,8,-20,20,13,6,13,8,11,11,5,6,2,3,25,7,18,-20,12,12,10,9,14,5,10,8,6,11,18,7,12,7,7,16,12,10,7,12,8,9,5,16,14,5,3,6,6,60,-20,13,12,-20,17,14,17,19,18,33,26,24,13,17,8,10,17,14,12,10,-20,30,14,13,7,13,13,18,27,20,21,6,13,11,9,7,8,17,13,27,19,7,9,10,16,-20,3,8,4,11,4,9,14,8,9,6,3,6,14,7,7,9,8,9,18,-20,7,12,6,6,9,5,10,12,15,-20,7,11,12,5,8,-20,14,5,20,4,5,-20,-20,8,11,-20,7,6,6,11,-20,10,14,13,5,10,8,8,21,15,11,10,5,8,-20,9,13,7,12,40,6,8,5,8,-20,13,6,16,8,6,3,6,4,10,-20,11,11,7,16,8,10,8,6,6,11,7,5,4,-20,9,7,9,14,5,20,11,9,-20,10,15,4,8,3,6,5,3,5,5,-20,9,3,3,5,12,10,6,-20,4,8,11,-20,6,7,3,9,3,4,-20,6,10,5,5,-20,4,-20,-20,-20,-20,5,7,-20,-20,12,-20,6,4,9,-20,11,6,6,-20,4,-20,8,7,10,8,4,4,13,4,7,10,16,8,23,13,25,27,18,24,21,72,22,67,-20,51,65,46,51,41,44
"chr1,11499745",3,-20,-20,-20,-20,-20,11,-20,4,6,4,10,49,55,15,20,51,17,79,48,67,8,44,33,46,29,19,25,15,6,4,13,10,-20,58,67,34,26,15,8,11,30,8,12,19,50,-20,45,19,8,17,29,43,18,27,19,58,49,14,37,27,37,27,27,78,47,30,69,57,22,28,21,22,31,35,59,23,11,10,16,20,20,21,6,11,32,29,63,37,14,23,47,38,31,45,44,7,35,-20,40,27,36,7,10,37,42,8,42,59,-20,-20,6,67,28,6,6,61,9,-20,6,12,-20,13,5,39,4,3,46,6,11,41,8,9,-20,37,34,53,4,-20,9,7,4,12,9,52,4,3,36,10,11,13,6,-20,15,41,-20,2,5,49,16,5,-20,11,10,-20,17,-20,7,15,6,40,26,8,10,4,45,9,4,9,79,12,14,18,6,14,5,11,27,5,12,24,11,5,7,8,6,9,20,25,14,11,18,18,11,31,14,12,30,6,20,47,26,39,26,7,15,34,13,16,9,13,12,19,37,4,17,8,20,35,23,32,23,56,40,9,17,14,15,17,16,25,9,16,21,11,49,18,14,11,17,20,19,12,8,7,13,8,13,20,9,13,19,18,12,19,16,18,15,20,20,20,29,15,16,19,6,55,73,30,43,14,32,-20,32,11,19,11,8,6,4,13,19,6,11,63,78,54,-20,5,6,20,-20,7,5,8,43,43,-20,32,40,55,42,47,69,11,5,3,3,-20,102,12,11,18,19,6,13,-20,14,3,35,5,20,8,10,27,-20,7,42,109,15,-20,45,23,14,5,11,17,8,21,17,9,4,14,10,-20,17,5,10,17,7,4,23,8,13,10,8,7,6,-20,7,7,9,5,86,5,14,8,61,10,8,11,12,5,13,17,16,13,13,10,16,-20,3,3,7,11,11,3,11,69,5,7,4,5,15,15,16,16,14,7,11,17,8,6,19,6,9,6,4,8,-20,6,14,9,5,12,43,4,3,21,32,20,10,104,25,4,13,3,8,10,-20,6,15,6,6,8,4,17,5,11,3,70,13,14,-20,10,11,28,13,8,6,-20,12,11,10,20,6,3,10,11,4,-20,4,7,7,8,3,11,8,46,24,22,23,9,3,7,7,3,3,9,9,4,4,18,8,17,14,5,28,3,10,5,7,12,8,46,-20,27,6,8,4,9,22,8,16,52,49,58,48,12,28,25,8,-20,37,41,9,6,39,-20,7,20,16,-20,5,32,-20,-20,10,16,7,7,12,21,14,18,24,5,9,5,15,25,17,6,7,6,11,17,10,35,4,6,30,12,9,9,5,16,5,70,10,13,9,16,16,-20,17,13,15,33,27,18,62,39,54,49,28,16,32,15,26,11,10,29,2,10,12,13,18,19,22,5,17,11,19,17,22,10,48,4,16,14,19,14,11,20,12,16,13,8,8,13,17,9,7,74,36,36,31,31,20,31,21,18,40,25,16,35,27,17,24,62,45,39,8,24,30,76,10,3,14,8,11,47,17,13,24,28,25,26,39,4,26,24,61,26,45,22,16,9,18,8,18,14,-20,10,9,12,4,16,14,9,9,13,4,13,12,7,9,8,8,9,15,12,14,6,8,5,16,-20,18,15,8,11,17,14,11,9,13,4,9,7,18,14,14,14,13,18,13,8,12,15,5,5,9,7,11,6,9,3,9,16,-20,13,12,8,12,9,7,8,19,16,7,13,11,14,16,15,11,8,7,11,15,9,11,4,7,14,12,6,21,8,5,9,9,27,10,10,8,8,14,15,16,9,13,7,14,9,8,6,8,-20,8,8,7,-20,8,8,14,9,9,8,11,15,9,5,12,12,10,10,-20,11,10,16,6,17,11,6,13,6,21,6,13,8,9,6,6,11,2,9,12,23,9,12,10,10,11,9,10,14,10,8,28,6,13,10,8,14,9,13,12,8,14,18,13,12,12,20,6,17,8,10,20,13,5,13,8,11,11,5,5,2,3,25,6,18,-20,12,11,10,9,14,5,10,-20,6,11,18,7,11,7,7,16,12,10,7,12,8,9,5,17,15,6,4,6,6,60,-20,13,11,-20,17,14,17,19,18,33,26,23,13,18,8,10,17,14,12,10,-20,29,14,13,7,13,13,18,27,20,21,6,14,11,9,7,8,17,13,27,19,7,9,10,16,-20,3,9,4,11,3,9,15,8,9,6,3,6,14,7,7,9,8,9,18,-20,7,12,7,6,9,5,10,10,15,7,7,11,12,5,7,-20,14,5,18,4,5,-20,-20,8,11,-20,6,6,6,11,-20,10,14,13,4,10,8,8,21,15,12,10,5,8,-20,9,13,7,12,40,6,8,5,8,-20,13,6,16,8,6,3,6,4,10,-20,11,11,7,16,8,10,8,6,6,11,7,5,4,-20,9,7,9,14,5,20,11,6,3,9,16,4,8,3,5,5,3,4,6,-20,9,3,3,5,12,9,7,-20,4,6,-20,-20,4,6,-20,10,3,4,3,6,11,5,5,-20,5,-20,-20,-20,-20,5,6,3,-20,11,-20,6,4,8,-20,12,6,7,-20,4,-20,6,9,11,8,3,4,14,-20,6,9,16,8,23,13,25,26,18,24,21,67,24,67,-20,51,66,45,52,40,45
"chr1,11499772",-20,-20,-20,3,-20,-20,4,-20,3,4,3,9,49,44,14,24,36,15,84,54,55,5,43,36,52,24,23,20,18,6,8,9,12,-20,52,74,35,24,13,10,7,28,11,12,33,43,-20,42,17,8,11,21,35,21,28,16,71,38,10,40,24,31,33,28,68,42,22,58,59,21,31,19,20,30,30,54,22,8,8,9,19,17,22,10,8,37,24,65,32,17,15,45,36,29,41,41,7,39,-20,44,30,37,4,8,45,47,7,37,64,-20,6,5,60,35,9,6,52,9,4,4,7,-20,7,3,35,-20,3,44,10,8,36,5,8,5,41,37,51,5,-20,7,4,5,5,9,44,6,-20,38,6,-20,11,6,6,20,41,-20,-20,11,52,15,-20,-20,9,8,-20,7,-20,8,-20,-20,20,26,13,-20,8,42,8,-20,11,67,13,19,12,-20,10,-20,13,24,4,-20,25,8,5,5,11,7,10,22,33,11,11,16,25,9,23,16,15,35,4,24,52,21,41,27,-20,15,35,13,19,8,9,12,28,-20,5,19,9,19,36,29,34,22,48,22,7,20,14,17,14,15,23,10,15,20,11,45,14,11,10,14,15,19,7,2,4,3,10,15,20,11,12,18,16,10,16,14,21,18,21,17,20,26,17,14,8,5,49,63,24,44,10,22,-20,29,8,24,10,7,6,4,11,21,6,8,56,77,43,-20,-20,-20,15,-20,3,3,9,38,42,-20,28,42,49,44,48,67,11,5,-20,-20,-20,94,18,10,17,26,4,12,4,13,-20,31,5,19,9,10,27,4,4,35,108,15,5,47,14,17,5,9,14,10,23,21,13,7,17,9,4,19,7,10,11,4,8,28,10,14,12,8,10,6,-20,8,8,6,8,71,7,13,7,57,6,7,9,12,7,12,17,20,11,10,9,13,2,3,-20,6,-20,10,3,11,72,6,9,5,8,14,12,16,14,12,8,11,15,8,5,24,4,4,7,-20,8,-20,10,13,13,5,11,41,6,5,20,27,17,8,87,20,9,13,4,7,6,-20,6,18,6,5,7,6,14,6,9,4,59,19,9,-20,9,12,24,13,10,5,3,10,13,12,8,7,4,10,10,3,10,-20,7,7,9,3,8,7,56,23,21,15,7,4,8,5,3,5,9,13,2,6,15,-20,15,17,6,22,6,8,5,6,8,6,44,-20,21,6,7,5,7,25,7,17,45,47,48,53,5,35,26,9,-20,43,38,8,-20,36,-20,6,25,15,-20,3,30,-20,-20,6,15,8,6,17,21,15,18,23,6,8,3,19,19,17,7,7,9,12,16,9,39,4,7,31,18,10,8,3,16,7,57,8,6,7,18,16,-20,16,6,21,30,18,16,60,37,53,48,27,19,25,9,27,11,13,21,3,13,9,11,16,16,14,5,19,14,10,15,14,7,40,5,8,10,11,14,17,13,9,16,16,8,7,9,11,6,5,75,31,34,30,25,16,25,27,16,31,26,16,30,28,15,24,55,48,27,7,24,24,71,16,-20,12,5,16,49,17,25,23,25,22,26,29,-20,32,12,51,24,36,21,15,7,16,7,17,8,6,10,9,-20,-20,15,8,7,10,10,-20,10,6,5,7,7,5,12,10,10,13,7,8,4,13,8,17,17,10,13,10,8,9,4,12,4,-20,-20,15,15,11,11,14,15,12,8,9,11,5,7,8,11,5,6,11,3,7,11,6,14,8,7,12,5,4,10,16,10,-20,7,10,12,15,13,12,5,7,8,19,9,6,2,6,13,13,5,13,7,6,4,9,23,14,10,8,6,15,8,10,9,13,6,10,9,6,4,7,7,6,9,7,2,7,8,13,7,4,4,9,11,8,-20,10,7,8,12,-20,13,6,11,7,8,11,6,11,4,16,5,12,5,10,-20,4,8,4,6,9,24,9,11,10,7,7,6,11,12,7,7,21,3,13,8,8,10,4,11,10,7,11,14,10,8,10,15,4,11,7,11,12,14,4,13,-20,14,10,4,4,4,-20,14,7,12,5,7,5,6,5,8,5,9,8,3,11,11,9,14,6,8,11,6,9,9,5,6,12,-20,12,12,7,5,6,7,49,-20,10,8,10,20,13,18,11,17,26,24,18,10,12,8,8,13,7,8,6,-20,19,16,10,6,6,11,15,20,18,13,6,11,7,6,9,8,14,10,19,14,7,7,7,12,-20,-20,7,6,6,6,9,8,9,7,6,-20,7,11,7,7,11,4,5,12,-20,8,7,8,5,11,4,11,9,15,6,4,10,8,7,8,4,7,4,14,6,4,-20,-20,6,8,-20,5,6,4,9,5,7,9,8,4,7,6,-20,13,11,12,-20,2,7,5,6,11,-20,9,29,3,7,5,7,3,9,5,11,8,-20,-20,5,3,10,-20,6,11,3,10,8,7,4,9,3,8,5,-20,4,-20,13,4,12,12,4,12,7,8,3,9,13,5,-20,-20,4,-20,3,6,3,4,-20,5,7,-20,8,5,4,5,5,10,8,5,4,6,-20,7,5,7,-20,6,6,-20,9,-20,7,8,-20,4,4,4,3,5,-20,9,8,-20,-20,-20,6,16,-20,6,6,6,-20,7,-20,15,12,5,-20,3,-20,10,11,-20,7,11,14,20,27,16,21,23,63,25,48,47,57,64,40,44,30,34
"chr1,11499773",-20,-20,-20,3,-20,-20,4,-20,3,3,3,9,49,44,14,23,37,15,84,55,54,5,44,35,52,25,23,21,18,6,8,9,11,-20,51,71,34,24,13,10,7,26,11,11,33,42,8,40,16,8,11,19,35,22,26,16,70,37,10,41,23,30,34,28,67,45,22,59,60,21,30,18,19,30,30,55,22,8,8,8,19,17,22,10,8,36,24,64,32,17,15,44,37,28,41,41,7,38,-20,44,30,37,4,8,45,45,7,38,63,-20,6,5,60,33,9,6,52,9,4,4,6,-20,7,3,33,-20,3,44,10,8,36,-20,8,5,41,38,50,4,-20,7,4,5,4,9,46,6,-20,38,5,-20,11,6,6,20,41,-20,-20,11,52,16,-20,-20,8,7,-20,7,-20,7,10,-20,20,25,13,-20,8,42,8,-20,11,65,12,17,12,-20,10,-20,13,23,4,-20,25,8,3,5,11,7,10,22,32,11,11,16,27,9,21,16,15,35,4,24,47,21,41,28,-20,15,35,13,19,9,9,12,29,28,5,18,10,19,35,29,34,20,47,22,7,19,14,17,14,15,22,10,15,20,11,43,15,10,10,13,16,19,6,2,4,3,10,15,21,11,12,18,16,9,16,14,20,18,22,18,20,26,17,14,8,5,49,60,24,45,10,22,-20,28,8,23,10,7,7,4,11,20,6,8,56,77,44,-20,-20,-20,15,-20,3,-20,10,37,41,-20,29,40,50,43,47,-20,11,5,-20,-20,-20,94,17,10,18,26,4,12,4,13,-20,31,5,19,9,9,29,4,4,35,107,15,5,48,14,16,5,9,12,10,21,20,12,7,17,10,4,20,7,10,11,4,8,28,9,14,12,8,10,-20,-20,8,8,6,8,71,7,13,7,57,6,7,9,12,7,12,17,21,11,11,9,12,2,3,-20,6,-20,10,-20,11,72,6,9,5,8,14,11,16,12,12,8,11,15,8,5,23,3,4,7,-20,-20,-20,10,12,13,5,11,41,6,5,20,26,17,8,88,20,9,13,4,7,6,-20,6,19,5,5,7,6,14,6,10,4,58,18,8,-20,9,11,22,13,10,5,3,10,12,12,7,7,4,11,10,3,10,-20,7,8,9,3,8,6,56,22,21,15,7,4,8,5,3,5,9,12,2,6,14,-20,15,17,6,22,6,8,5,6,8,6,44,-20,21,6,7,5,7,25,7,18,45,47,46,53,5,34,26,11,-20,43,39,5,-20,36,-20,6,24,15,-20,3,30,-20,-20,6,15,9,6,18,21,15,18,22,6,8,3,16,19,17,7,7,10,12,15,9,39,4,7,33,18,10,7,3,16,7,57,8,6,7,18,16,-20,15,6,21,29,18,16,60,38,52,48,27,21,25,10,26,11,13,20,-20,13,8,11,16,16,14,5,17,14,11,15,14,7,39,6,7,12,9,13,16,12,-20,16,17,8,7,9,10,6,5,77,33,36,30,25,16,25,27,16,33,26,15,31,29,14,23,55,47,27,7,24,23,72,16,-20,12,5,16,48,17,25,23,25,22,26,29,7,32,12,50,24,35,21,15,8,16,7,17,-20,6,10,9,10,-20,14,8,7,-20,9,-20,10,6,5,7,7,4,-20,-20,9,12,7,7,4,13,8,17,17,10,12,10,8,8,4,12,4,-20,-20,14,-20,10,10,13,15,12,8,8,11,5,7,8,11,5,6,11,3,7,11,5,14,8,7,12,5,6,10,16,10,-20,5,10,12,15,13,12,5,-20,8,19,9,6,2,6,13,13,5,11,7,6,3,9,25,14,-20,9,6,15,8,9,6,12,5,11,9,6,5,6,7,4,9,6,3,7,7,13,7,4,4,10,11,8,-20,10,7,7,12,-20,12,5,11,7,8,10,5,9,6,13,5,13,6,10,-20,4,8,4,6,9,21,9,10,10,6,6,6,10,12,7,7,20,3,14,6,8,10,4,11,9,7,11,13,10,8,10,12,4,11,7,10,11,12,5,12,-20,14,10,4,4,-20,-20,14,7,10,5,6,5,5,5,7,5,9,7,3,11,9,9,13,5,9,10,6,9,9,5,6,12,-20,-20,12,7,5,6,7,-20,-20,9,8,11,21,13,17,12,15,25,24,18,10,11,8,7,13,7,6,-20,-20,19,14,9,5,6,11,14,18,17,11,6,11,6,6,9,8,13,10,16,13,6,7,-20,12,-20,-20,7,6,6,6,7,-20,8,7,6,-20,7,11,7,7,-20,4,4,11,-20,7,6,7,4,11,4,11,8,15,6,4,9,8,7,8,5,6,4,13,5,-20,-20,-20,6,7,-20,5,6,5,8,4,6,9,8,4,7,5,10,13,11,11,-20,2,8,5,6,11,8,9,28,4,7,5,7,3,8,5,11,9,3,3,5,3,10,-20,6,10,3,10,8,7,3,9,3,8,5,-20,4,-20,13,3,12,10,4,13,5,9,3,8,11,5,-20,-20,5,7,3,7,4,4,-20,5,8,-20,-20,5,4,5,5,10,7,6,5,6,-20,-20,5,7,-20,5,5,-20,10,6,7,-20,-20,4,3,3,3,5,-20,8,7,-20,3,5,4,16,-20,7,6,6,-20,8,8,14,14,5,-20,3,-20,11,11,10,-20,10,14,20,27,16,21,23,60,24,58,47,58,64,40,44,30,34
"chr1,11499774",-20,-20,-20,3,-20,-20,4,-20,3,3,3,9,49,44,14,24,37,14,82,55,53,5,44,36,53,25,23,21,18,6,8,9,11,-20,51,71,34,24,13,10,7,28,11,12,34,42,8,42,17,8,11,19,34,23,27,16,71,38,10,41,24,31,34,29,67,47,21,60,61,21,31,18,19,31,31,55,23,7,8,8,19,20,22,10,8,37,24,64,32,18,15,45,36,26,41,41,7,39,-20,44,28,37,5,8,44,48,7,38,62,-20,6,5,61,34,9,6,51,9,4,4,6,-20,7,3,35,-20,3,44,10,8,37,5,8,5,41,39,52,4,-20,7,4,5,4,9,46,6,-20,37,5,-20,10,7,6,20,41,-20,-20,11,51,16,-20,-20,8,7,-20,7,-20,7,10,-20,20,25,13,-20,8,43,6,3,11,55,12,18,12,2,10,-20,13,25,4,-20,25,8,3,5,11,7,10,22,32,11,11,17,29,9,23,17,15,35,4,24,54,20,41,28,-20,15,36,11,19,9,9,11,29,27,5,18,11,18,35,30,34,21,48,20,7,20,14,17,13,16,22,10,15,19,11,46,14,10,9,13,15,19,5,2,4,3,9,15,21,11,12,18,15,9,16,14,22,18,23,18,19,26,15,14,8,5,49,61,24,45,10,22,-20,28,8,23,8,7,7,4,11,21,6,8,56,77,48,-20,-20,-20,16,-20,3,-20,10,37,41,-20,28,40,49,44,49,67,11,5,-20,-20,-20,95,16,10,18,26,4,12,4,13,-20,31,5,19,9,9,30,4,4,34,106,15,5,48,14,17,6,9,13,10,23,21,12,7,17,10,4,20,7,10,11,4,8,29,9,13,12,8,10,6,3,8,9,6,8,71,7,13,7,54,6,7,9,12,7,12,18,22,11,12,8,12,3,3,-20,7,10,10,-20,11,71,6,9,5,8,15,11,16,12,12,8,11,15,8,5,24,4,4,7,-20,8,-20,10,12,14,5,11,41,6,6,20,26,17,8,88,21,11,13,4,7,6,-20,6,18,6,5,7,6,14,5,10,4,58,18,8,-20,9,11,22,13,11,6,3,10,12,12,7,7,4,11,10,3,9,-20,7,8,9,3,7,7,57,23,22,15,7,4,8,4,3,5,10,12,2,6,14,-20,15,18,6,23,6,8,5,6,8,6,45,-20,21,-20,7,5,6,26,7,18,46,47,47,53,7,35,25,11,-20,43,38,5,-20,37,-20,6,24,15,-20,3,28,-20,-20,6,15,9,7,18,21,14,19,23,6,8,3,16,19,17,8,7,10,12,15,9,40,4,7,35,18,11,7,3,15,7,57,9,6,6,18,16,-20,15,6,23,33,20,16,59,39,50,45,28,21,25,10,26,10,13,20,-20,12,8,11,16,16,14,4,17,14,11,15,14,7,39,6,6,12,9,13,16,12,9,16,17,8,7,9,9,5,5,79,33,35,32,23,16,25,28,16,33,28,16,30,29,13,24,55,47,27,7,24,23,72,15,3,12,5,16,49,16,25,23,25,22,27,29,-20,32,12,49,24,36,21,15,8,16,7,17,7,6,10,9,-20,-20,14,8,7,10,9,-20,9,6,4,7,7,4,-20,10,9,12,7,6,4,12,8,18,17,10,12,10,8,8,4,12,3,-20,-20,13,15,10,12,13,15,11,8,8,11,5,8,9,11,5,7,10,3,6,11,5,15,9,8,12,5,6,10,16,9,-20,6,10,11,15,14,12,5,6,8,19,9,9,2,6,13,13,5,13,7,6,3,9,26,14,9,9,6,15,8,9,7,12,5,11,9,5,5,6,7,4,7,6,3,7,7,13,7,4,4,10,11,8,-20,11,7,7,12,-20,12,5,10,7,8,10,5,9,6,14,5,14,6,10,-20,4,7,4,9,9,21,9,10,10,6,6,5,11,12,7,7,20,3,14,6,8,9,4,12,9,7,11,13,10,7,10,11,4,11,7,10,11,12,5,12,-20,13,10,4,4,-20,-20,15,6,10,6,6,4,5,5,6,5,9,7,3,10,9,9,14,5,9,11,6,9,9,5,6,12,-20,12,12,7,5,6,7,45,-20,9,8,11,20,13,17,12,15,25,24,18,10,10,8,6,13,7,6,6,-20,19,14,9,5,6,11,14,18,17,11,6,12,6,6,9,8,13,10,16,13,6,7,8,12,-20,-20,7,6,6,5,7,8,8,7,6,-20,7,10,7,7,-20,4,4,11,-20,7,6,7,4,11,3,11,8,14,6,-20,9,8,7,8,5,7,4,13,5,4,-20,-20,7,7,-20,6,6,5,8,4,6,7,8,3,6,5,10,14,11,11,-20,2,8,5,6,11,8,9,28,4,7,5,7,3,8,5,11,9,3,-20,5,3,10,-20,6,11,3,10,8,7,3,9,3,8,5,-20,4,-20,13,3,12,10,3,13,5,9,3,9,12,5,-20,-20,5,8,3,7,-20,4,-20,4,7,-20,8,5,4,7,3,12,6,5,5,6,-20,8,5,6,-20,6,6,-20,12,6,-20,10,-20,5,3,3,3,5,-20,8,8,-20,3,5,7,16,-20,8,7,5,3,6,8,13,13,5,-20,3,-20,9,9,10,7,9,12,20,27,16,21,24,59,24,58,47,58,63,40,44,31,35
"chr1,11499775",-20,-20,-20,3,-20,-20,4,-20,3,3,3,9,49,44,14,24,38,14,81,55,54,5,44,38,52,24,23,20,18,6,-20,9,11,-20,56,72,36,23,13,10,-20,29,11,12,34,41,8,42,17,8,11,-20,-20,23,27,-20,71,36,10,40,24,31,35,29,67,51,22,60,63,22,31,18,19,33,31,55,23,7,9,8,19,20,22,10,8,36,24,65,32,18,15,46,34,27,42,41,-20,41,-20,43,30,35,5,8,47,47,-20,37,62,-20,6,-20,62,35,9,5,53,9,4,4,6,-20,8,3,36,-20,3,44,10,8,37,5,8,-20,41,39,52,5,-20,7,4,5,4,9,45,6,-20,38,5,-20,10,7,6,20,41,-20,-20,11,51,15,-20,-20,9,7,-20,7,-20,7,10,-20,-20,-20,-20,-20,8,43,6,3,11,50,12,18,-20,-20,10,-20,13,25,4,-20,27,8,-20,-20,10,7,10,23,32,9,11,17,28,-20,-20,17,16,34,4,25,-20,22,41,28,-20,-20,35,-20,20,8,8,10,29,26,-20,17,9,20,36,29,35,21,47,-20,7,20,13,19,14,16,-20,10,16,20,10,46,14,10,9,13,14,19,-20,-20,-20,-20,-20,16,21,12,11,18,15,9,16,15,22,18,23,18,20,27,15,14,-20,-20,49,59,24,45,10,22,-20,28,8,23,8,7,7,-20,11,21,6,8,61,73,48,-20,-20,-20,15,-20,3,-20,9,37,41,-20,28,40,49,45,50,66,11,-20,-20,-20,-20,96,17,-20,19,26,-20,12,4,13,-20,33,5,20,9,9,30,4,4,35,106,14,5,48,14,18,6,9,13,10,23,21,12,7,17,10,3,20,7,10,11,4,-20,30,9,13,10,8,9,6,3,8,9,6,8,66,7,13,7,55,6,7,9,12,7,12,18,23,11,11,7,12,4,3,-20,7,-20,10,-20,11,72,5,9,5,8,15,11,16,12,12,8,11,15,8,5,24,4,-20,7,-20,8,-20,10,12,14,-20,11,41,6,6,19,26,17,8,90,21,11,14,4,6,6,-20,6,18,6,5,7,6,14,5,10,4,60,17,8,-20,9,12,22,12,11,6,3,9,-20,12,7,7,4,11,10,3,9,-20,7,7,9,4,7,7,58,25,21,16,7,4,8,-20,3,6,10,12,2,6,12,-20,15,18,6,21,6,8,5,6,8,-20,47,-20,21,-20,7,5,6,26,7,18,47,47,46,54,8,35,27,13,-20,43,39,5,-20,37,-20,6,22,15,-20,3,28,-20,-20,-20,15,9,8,20,21,-20,19,22,4,8,3,16,20,17,8,7,10,12,16,9,41,4,7,34,18,11,7,3,15,7,57,9,-20,6,17,18,-20,-20,6,23,33,20,17,61,38,49,46,28,21,25,10,26,11,12,20,-20,14,8,11,16,16,14,4,18,14,11,15,14,7,40,6,6,13,9,13,16,11,9,16,17,8,7,9,-20,-20,-20,78,33,35,36,23,16,25,28,16,32,28,15,31,28,13,23,55,46,24,7,24,25,72,15,3,12,5,16,48,16,26,23,25,22,27,29,8,33,13,49,24,36,20,15,8,16,-20,17,-20,7,10,9,-20,-20,14,-20,7,9,9,-20,9,6,-20,-20,7,5,-20,10,9,12,7,6,4,13,8,19,17,10,12,10,8,8,4,12,3,-20,-20,15,16,10,13,13,14,11,7,8,10,5,8,9,11,5,7,10,3,6,11,-20,16,9,8,12,5,6,10,16,9,-20,6,10,11,16,15,12,-20,6,8,19,9,9,-20,6,14,13,6,13,7,6,3,9,26,15,10,9,6,15,8,9,-20,12,5,11,9,5,5,6,7,4,7,6,3,7,7,13,7,4,-20,10,11,8,-20,11,7,7,12,-20,12,6,10,7,8,10,5,9,6,14,5,15,6,10,-20,4,7,4,9,9,21,9,10,10,6,6,5,12,12,-20,-20,22,-20,14,6,8,9,5,12,9,7,11,13,10,-20,10,12,4,11,7,10,11,12,5,13,-20,13,10,4,-20,-20,-20,15,6,10,6,6,-20,5,5,-20,5,9,7,4,10,9,10,13,5,9,11,6,9,9,5,6,12,-20,12,12,7,5,6,7,47,-20,9,9,11,21,13,17,13,17,25,24,19,10,11,8,6,14,-20,6,6,-20,19,14,-20,5,6,11,15,18,17,11,6,12,6,6,9,8,13,10,16,13,6,7,8,13,-20,-20,-20,6,6,5,7,9,8,7,6,-20,7,10,7,7,-20,4,4,11,-20,7,6,7,4,11,3,11,8,14,6,-20,10,8,7,8,5,7,4,13,5,4,-20,-20,7,7,-20,6,6,5,8,4,6,7,7,3,6,5,10,15,10,11,-20,2,8,5,6,11,9,9,28,5,7,-20,6,3,8,7,11,9,3,-20,5,3,10,-20,6,11,3,10,8,7,3,9,-20,8,5,-20,4,-20,13,3,12,10,3,13,-20,11,-20,9,-20,5,-20,-20,4,8,3,-20,4,4,-20,5,8,-20,9,5,3,7,3,10,6,5,5,6,-20,8,-20,6,3,6,5,-20,11,7,-20,10,-20,5,-20,-20,3,-20,-20,8,8,-20,3,5,8,15,3,8,7,-20,-20,7,8,15,13,6,-20,-20,-20,11,10,10,7,-20,12,20,28,-20,-20,24,60,-20,59,47,58,64,-20,42,30,35
"chr1,11499778",3,-20,-20,4,-20,-20,5,-20,3,3,3,9,49,43,14,26,41,13,81,54,52,5,40,40,53,23,22,23,19,5,8,9,11,-20,52,74,37,24,13,10,-20,28,10,12,32,39,-20,39,15,8,11,-20,-20,23,-20,-20,68,37,11,40,24,31,37,28,61,50,22,59,61,21,31,18,19,33,32,53,23,7,9,8,19,21,21,9,8,35,22,64,34,18,15,46,35,28,42,42,-20,40,-20,40,29,34,5,8,46,48,-20,36,65,-20,8,-20,62,36,9,5,56,9,4,5,6,-20,8,3,34,3,3,44,10,8,34,-20,9,-20,40,39,52,5,3,7,4,5,4,-20,46,6,-20,40,5,-20,10,7,6,20,41,-20,-20,13,50,14,-20,-20,9,7,-20,7,-20,7,10,-20,-20,-20,-20,-20,8,42,4,3,11,49,11,17,-20,-20,10,-20,13,25,4,-20,28,8,-20,-20,11,7,-20,23,30,7,10,18,26,-20,-20,17,15,35,4,23,-20,21,40,27,-20,-20,35,-20,22,-20,7,10,31,26,-20,16,9,19,34,30,34,20,45,-20,7,20,15,19,13,14,-20,10,19,19,9,47,14,10,10,13,11,15,-20,-20,-20,-20,-20,15,19,11,11,16,15,9,16,15,21,18,20,17,20,26,15,14,-20,-20,44,54,20,43,10,21,3,28,7,24,8,6,7,-20,11,21,6,8,57,72,47,-20,-20,-20,-20,-20,3,-20,9,37,40,-20,26,38,52,44,49,66,12,-20,-20,3,-20,92,19,-20,18,27,-20,12,4,11,-20,33,5,20,9,8,28,4,4,33,105,14,5,47,13,18,6,9,12,10,21,22,12,7,19,11,4,21,7,11,12,4,-20,26,10,13,10,8,-20,6,4,8,7,5,8,62,7,13,7,58,6,-20,10,11,7,13,17,25,11,13,8,11,4,4,-20,8,-20,-20,-20,11,71,5,9,6,9,15,12,16,12,12,7,10,15,8,6,24,4,-20,7,-20,8,-20,10,13,13,-20,11,43,6,6,18,24,14,6,91,21,10,14,4,6,6,-20,6,17,6,5,10,5,13,5,10,4,62,17,8,-20,9,12,22,12,11,7,3,9,-20,12,9,7,4,10,11,3,9,-20,7,7,10,5,5,7,56,26,22,16,5,4,8,-20,4,6,11,14,2,5,13,-20,14,18,6,20,6,8,5,5,7,-20,43,-20,21,6,7,5,7,26,7,17,49,45,46,53,8,35,26,13,-20,46,35,5,-20,39,-20,6,-20,14,-20,3,27,-20,-20,-20,17,-20,8,19,22,-20,-20,21,4,7,5,16,21,14,8,8,10,12,16,9,40,4,6,35,17,10,9,3,15,6,54,9,-20,6,17,16,-20,-20,6,22,34,19,19,61,36,49,46,28,21,25,10,26,12,13,21,-20,13,8,11,16,16,14,4,18,16,11,15,15,7,39,6,5,13,9,15,16,11,-20,16,17,8,7,9,-20,-20,-20,77,28,36,35,24,14,25,27,16,31,29,14,31,28,14,22,61,47,23,7,24,24,71,15,4,12,4,15,48,16,25,22,25,22,27,27,8,33,12,46,23,32,21,15,8,13,-20,17,-20,7,9,10,-20,-20,14,-20,5,9,9,-20,9,7,-20,-20,7,5,-20,-20,9,12,9,6,4,11,8,-20,17,11,12,11,8,8,4,10,3,-20,-20,17,15,10,13,13,15,11,7,8,10,5,7,8,12,8,7,10,3,6,11,-20,16,9,7,11,6,6,11,17,10,-20,6,10,12,16,15,12,-20,6,8,19,9,8,-20,5,14,13,6,12,9,7,3,9,27,15,10,10,6,15,8,7,7,13,4,-20,9,5,7,6,8,3,6,6,3,8,7,14,7,4,6,10,11,8,-20,11,7,7,12,-20,12,7,9,10,7,10,5,9,6,16,6,15,8,10,-20,4,7,4,9,11,21,10,10,9,6,7,5,12,11,-20,-20,22,-20,15,6,7,11,5,13,10,7,12,13,11,-20,10,11,4,11,8,10,12,11,7,13,-20,13,10,4,-20,-20,-20,15,6,10,6,6,-20,-20,5,-20,4,9,8,4,9,9,9,-20,6,9,11,6,9,9,5,7,12,-20,12,11,7,5,7,6,41,-20,9,9,10,21,12,16,13,18,28,24,19,10,11,9,5,15,-20,9,6,7,19,14,10,5,6,12,15,17,16,12,7,12,7,7,9,8,14,10,17,13,8,7,8,13,-20,-20,-20,-20,6,6,7,9,7,8,6,-20,7,10,6,8,-20,4,4,12,-20,7,6,7,4,11,3,11,8,13,6,-20,10,8,7,8,5,7,5,13,6,-20,-20,-20,7,7,-20,6,6,4,8,4,6,7,7,3,7,5,10,15,10,11,-20,2,7,5,6,11,11,9,28,5,7,-20,6,3,6,7,10,8,3,-20,5,3,9,-20,6,11,-20,10,9,7,3,7,-20,8,5,-20,4,-20,13,3,11,10,3,11,-20,-20,-20,9,-20,5,-20,-20,5,8,3,-20,3,4,-20,5,9,-20,-20,4,4,7,3,-20,5,4,4,8,-20,-20,5,6,-20,6,-20,-20,12,6,8,11,-20,5,5,-20,3,-20,-20,7,7,2,-20,-20,5,12,5,-20,8,-20,-20,7,7,18,14,5,-20,5,-20,9,-20,10,7,-20,12,21,27,-20,-20,24,58,-20,59,47,58,62,-20,44,31,35
"chr1,11499797",-20,-20,-20,4,4,7,5,-20,3,3,4,11,53,44,15,27,39,15,90,64,45,5,44,46,55,22,22,29,19,4,10,5,12,3,56,78,38,21,13,8,8,23,12,8,22,39,-20,42,14,7,8,25,27,26,26,16,61,32,17,39,30,31,40,30,54,55,21,61,72,21,29,20,17,40,37,53,27,8,9,7,14,26,24,10,4,40,24,67,39,19,11,45,32,38,41,46,-20,49,4,43,33,42,5,9,42,50,-20,40,66,4,12,5,65,44,11,5,67,9,4,3,6,3,12,7,37,3,-20,43,16,6,47,6,10,8,35,40,57,6,-20,7,3,7,5,10,43,8,4,37,-20,-20,8,9,8,21,46,-20,-20,13,49,11,-20,-20,6,4,-20,10,-20,7,12,4,20,15,15,7,6,39,5,6,10,46,12,18,11,-20,9,-20,15,21,4,6,34,8,3,4,9,4,8,20,34,11,10,21,24,4,22,18,12,38,-20,26,45,26,36,24,-20,10,32,10,21,7,6,17,28,18,5,9,7,16,32,30,35,19,46,23,6,19,10,13,7,12,20,8,12,16,10,43,12,7,10,15,13,12,3,3,3,7,6,11,15,9,13,9,12,13,8,14,18,20,19,22,17,20,13,17,6,9,32,29,13,29,5,27,4,26,7,18,6,3,9,-20,5,27,4,8,63,68,29,-20,-20,4,14,-20,-20,-20,9,39,38,-20,30,36,58,47,54,59,12,5,5,2,-20,90,21,26,17,30,-20,14,4,10,4,28,5,23,6,9,35,6,5,30,95,12,7,50,16,20,6,7,10,11,20,20,12,-20,24,11,4,23,6,11,11,3,8,24,10,16,9,8,9,8,6,7,7,5,10,54,8,-20,10,56,5,9,12,12,8,12,14,26,10,10,10,10,6,5,-20,10,9,11,-20,12,74,6,10,7,14,13,15,16,-20,14,8,13,12,7,5,27,4,9,8,-20,6,-20,10,8,12,8,9,41,4,5,24,30,20,10,75,21,14,14,5,8,6,-20,7,19,5,7,11,7,11,5,13,6,60,20,12,4,12,12,21,12,12,5,3,9,12,12,14,9,5,8,11,4,10,-20,8,-20,9,6,6,5,64,29,18,15,6,4,10,6,8,10,11,17,-20,4,13,-20,16,13,6,14,5,-20,4,6,6,5,50,-20,19,4,5,2,8,27,7,16,51,44,49,57,14,38,29,16,4,50,44,5,-20,43,-20,7,17,10,-20,3,23,-20,-20,4,19,7,3,18,27,20,23,22,5,9,5,13,16,16,6,6,8,13,16,8,36,6,6,36,19,9,12,6,-20,5,49,8,7,4,15,13,3,12,5,22,38,16,19,63,41,51,49,30,22,25,14,32,12,12,24,4,16,12,15,20,12,19,4,16,16,15,17,15,7,45,11,9,14,6,18,23,13,14,20,17,9,6,8,11,-20,6,77,22,34,32,29,-20,22,23,10,31,24,13,28,24,18,19,58,50,23,9,20,20,82,12,4,15,4,15,47,10,29,22,22,17,28,34,6,29,8,37,17,23,21,15,5,6,11,11,10,11,11,8,8,4,19,15,5,12,8,-20,14,11,3,8,9,-20,8,7,5,12,11,9,5,9,12,20,13,14,10,11,6,8,4,6,5,10,-20,22,14,10,14,14,16,10,10,7,9,6,7,9,13,-20,10,7,7,7,12,4,17,-20,7,12,4,-20,12,16,13,-20,10,9,14,16,17,14,9,4,7,18,9,11,4,3,16,12,8,16,9,6,5,11,23,16,10,10,8,19,7,11,7,18,-20,11,10,7,6,5,9,3,9,7,3,10,10,19,6,-20,10,11,15,9,7,13,6,7,13,-20,13,7,11,10,5,11,6,6,11,14,-20,15,10,9,4,3,10,5,7,9,20,8,11,12,9,7,8,13,11,10,8,20,-20,17,9,9,15,-20,15,10,14,16,14,11,9,9,12,8,10,8,12,15,15,9,16,4,16,14,4,5,-20,-20,21,6,11,10,7,-20,4,7,6,5,8,10,5,9,5,9,12,7,10,11,8,12,8,6,6,13,9,15,11,6,5,7,7,33,-20,17,10,9,23,8,16,14,25,25,27,19,12,7,9,7,18,8,8,9,18,20,13,13,8,8,16,17,25,15,17,10,14,12,6,10,15,14,7,12,12,10,10,10,19,4,-20,7,8,7,8,9,12,14,8,3,3,8,9,5,10,3,-20,5,11,-20,10,5,8,6,10,5,10,10,15,5,-20,7,15,8,10,8,7,7,10,5,6,3,-20,8,7,-20,7,7,6,8,3,9,7,12,9,8,6,7,16,11,13,3,-20,6,6,7,17,13,11,29,-20,8,8,5,8,5,5,11,12,-20,-20,4,4,10,-20,8,15,-20,-20,14,6,-20,8,4,11,6,-20,4,-20,14,6,10,13,3,13,-20,10,4,8,10,3,4,-20,7,8,-20,9,-20,3,13,5,8,6,12,-20,6,6,3,11,4,4,8,9,-20,7,-20,6,6,-20,4,-20,10,-20,7,13,6,7,5,4,-20,8,-20,8,4,5,-20,5,7,11,-20,7,8,-20,3,5,6,12,16,3,-20,11,-20,9,9,6,12,7,12,21,27,14,20,25,61,26,59,80,73,64,44,48,32,36
"chr1,11499803",4,-20,-20,4,4,7,5,-20,3,3,4,10,49,40,15,27,38,16,89,69,47,-20,46,47,57,22,25,29,18,5,10,5,12,3,61,75,35,23,16,8,7,24,12,9,25,38,7,44,14,5,-20,22,25,27,27,17,60,34,17,39,30,32,38,29,54,54,21,59,72,24,29,21,17,40,40,56,28,8,9,7,13,26,26,10,4,37,21,61,38,18,10,45,34,35,44,46,9,48,4,40,34,44,6,9,41,49,-20,37,66,4,12,5,63,46,10,5,67,9,3,4,7,3,13,7,38,3,-20,43,16,6,45,5,9,7,32,37,54,6,5,7,3,7,5,10,45,8,5,38,-20,-20,8,8,8,22,44,2,-20,13,46,11,-20,-20,6,5,-20,10,-20,7,12,3,19,14,15,7,6,37,5,7,12,45,12,19,11,-20,10,-20,15,20,6,6,33,9,3,4,9,5,4,16,37,-20,7,19,24,4,22,17,17,41,-20,30,39,29,33,24,6,11,32,10,21,7,7,15,24,17,5,10,8,15,32,30,32,18,46,22,7,16,10,13,6,11,22,7,13,14,10,43,12,5,10,14,14,11,-20,3,4,9,5,11,13,9,10,7,12,13,7,11,19,20,20,24,19,22,12,17,7,8,30,27,12,29,5,27,5,28,6,19,4,3,10,-20,5,27,-20,10,57,72,19,-20,-20,4,17,-20,-20,-20,10,39,38,-20,30,35,60,47,61,59,12,5,5,2,-20,96,21,28,16,29,-20,12,3,8,5,27,5,24,7,10,35,6,5,28,97,11,8,46,17,19,6,7,10,9,22,18,10,10,23,14,4,23,6,11,12,3,7,26,11,15,9,4,9,8,6,7,9,5,9,51,8,18,10,56,5,8,12,11,8,11,12,27,10,12,12,6,7,6,-20,9,9,12,-20,12,74,7,10,6,15,9,15,14,10,12,10,15,9,7,5,28,5,10,9,-20,6,-20,12,7,11,8,11,42,-20,5,26,28,20,-20,68,21,14,14,5,8,5,-20,8,19,4,7,10,8,11,5,18,7,54,18,12,5,10,12,23,11,10,5,3,11,13,12,15,9,6,8,14,4,10,-20,8,6,9,6,6,5,62,29,17,16,6,4,10,7,8,10,12,18,2,5,9,-20,17,14,6,13,5,8,4,6,7,4,51,-20,19,3,5,-20,9,28,7,16,50,44,49,56,14,36,31,16,5,47,41,5,-20,47,5,7,17,9,-20,5,20,-20,-20,5,19,-20,4,12,28,20,19,24,5,-20,5,15,15,13,7,8,8,13,16,9,34,6,6,36,19,9,12,6,13,4,50,8,7,-20,17,14,3,14,5,23,33,16,20,66,42,48,46,29,24,26,15,34,14,14,26,4,16,12,15,20,12,19,6,16,17,15,18,14,10,47,11,9,14,6,18,24,13,14,22,18,9,6,9,10,6,7,76,21,36,33,30,17,22,22,9,34,24,13,25,24,18,18,66,49,21,9,15,21,77,11,4,16,4,14,48,10,30,24,23,15,26,37,7,25,6,39,17,20,22,17,5,-20,11,11,10,11,11,8,7,4,19,16,5,13,9,-20,14,10,-20,8,9,5,8,6,6,12,11,9,5,9,13,18,14,14,12,12,6,10,4,6,5,10,4,22,13,10,13,14,16,10,10,8,-20,7,9,9,12,9,9,8,8,8,11,4,15,11,7,15,4,13,11,16,14,-20,10,8,14,16,18,14,11,3,6,21,10,11,4,3,17,11,8,16,10,6,5,10,22,16,10,11,7,20,8,11,7,18,-20,13,10,7,6,5,11,3,10,8,3,9,9,19,7,10,11,11,15,9,8,14,6,8,12,-20,13,7,13,10,5,11,6,7,11,14,8,14,10,9,4,5,10,8,7,9,19,7,10,12,10,7,8,14,11,9,11,21,5,16,10,9,14,4,15,11,13,16,14,11,9,10,12,8,11,9,12,14,18,9,16,4,14,14,4,5,-20,4,22,6,12,10,7,7,3,7,6,5,7,12,6,9,5,9,12,7,10,12,8,12,8,6,6,14,9,15,12,5,4,9,7,33,-20,20,10,9,24,9,17,12,25,26,29,20,12,9,9,7,21,8,10,9,17,20,13,14,8,9,15,17,27,13,18,12,15,13,6,9,16,13,10,9,12,10,13,10,20,5,8,7,7,7,9,9,14,16,9,3,5,7,9,5,10,4,-20,5,10,-20,10,4,9,7,10,6,10,10,17,4,-20,9,15,9,9,8,7,8,9,5,7,3,-20,7,7,-20,7,7,6,-20,-20,9,7,13,10,8,-20,7,16,11,13,6,3,6,8,9,18,12,12,29,6,9,8,6,8,5,5,11,12,4,-20,4,4,10,-20,-20,16,-20,-20,14,6,-20,8,-20,13,6,-20,3,-20,14,5,12,13,3,13,10,11,5,8,8,3,6,-20,6,9,-20,10,-20,-20,15,5,8,5,11,4,6,6,4,9,8,4,12,-20,-20,11,2,-20,5,-20,8,-20,12,10,7,12,8,7,6,3,-20,8,3,9,-20,8,2,7,7,8,-20,8,8,-20,-20,6,3,13,14,4,3,13,5,8,7,-20,12,7,11,23,27,14,20,24,63,26,51,90,69,63,48,47,33,34
"chr1,11499812",-20,5,3,4,4,8,5,-20,3,3,3,12,47,37,16,29,38,16,82,69,39,-20,50,52,61,23,24,32,18,5,9,5,12,4,62,66,36,19,16,11,10,25,12,8,21,38,7,44,13,4,12,19,17,27,23,13,54,26,15,39,29,32,39,28,50,55,17,58,66,23,29,20,17,34,37,59,28,8,11,8,12,26,22,9,3,35,24,56,36,17,10,40,31,40,50,40,13,53,4,37,34,44,6,6,39,50,12,38,56,6,12,5,48,46,9,7,63,10,3,4,7,3,12,7,43,3,-20,36,14,7,41,3,9,9,34,35,57,5,4,6,-20,6,5,10,41,12,7,38,3,-20,7,8,7,21,38,2,3,12,43,10,3,-20,6,5,-20,6,-20,8,12,5,18,15,16,7,4,34,5,7,15,53,11,19,9,-20,6,-20,15,16,5,9,33,8,3,3,9,6,4,10,36,-20,7,15,20,5,20,15,16,33,-20,30,34,29,17,20,8,9,32,9,19,6,7,16,20,15,4,-20,8,11,28,31,30,17,47,23,7,16,9,13,4,11,21,5,13,13,10,37,10,5,11,11,13,9,-20,3,4,9,7,8,12,9,11,7,12,13,-20,12,14,18,19,27,16,18,12,18,6,6,29,27,12,22,-20,23,5,25,4,21,-20,-20,12,-20,-20,26,-20,8,51,63,14,-20,-20,5,16,-20,-20,-20,12,38,35,-20,32,38,56,45,60,42,13,4,6,2,-20,95,19,31,16,31,3,10,-20,7,7,26,4,23,7,9,35,6,6,23,99,11,8,44,16,15,8,7,-20,9,20,16,10,8,21,14,4,23,4,11,16,-20,5,22,10,18,9,-20,12,6,5,8,10,3,9,36,8,16,9,54,6,11,10,11,7,12,12,25,11,12,12,7,7,9,-20,8,-20,12,-20,12,66,9,11,9,14,7,17,13,10,10,10,15,11,6,5,27,4,9,12,-20,5,-20,11,8,11,9,12,42,-20,5,24,27,20,7,60,17,13,9,3,8,6,-20,9,20,5,7,10,9,10,5,18,6,49,16,11,7,10,10,25,10,10,3,-20,9,14,-20,14,11,7,7,14,4,11,-20,10,5,9,6,7,5,57,26,15,14,4,5,9,8,7,10,12,15,2,5,12,-20,19,15,6,13,6,6,4,8,-20,5,50,-20,19,3,3,-20,8,29,7,14,46,36,48,54,16,34,28,14,6,48,43,6,6,49,4,5,18,8,-20,7,17,-20,-20,5,16,5,4,10,29,20,20,21,4,8,4,16,12,16,6,9,8,10,14,7,30,5,5,33,19,8,12,7,12,4,45,9,7,-20,17,14,4,12,6,24,30,16,19,60,39,48,50,24,23,22,20,40,15,14,23,4,16,11,17,22,9,21,7,14,21,16,18,13,7,43,14,8,15,6,19,22,16,14,26,22,12,5,9,10,8,6,71,17,36,27,31,16,17,22,9,28,24,13,23,22,20,18,62,46,18,9,11,20,68,13,4,16,-20,15,42,8,32,22,25,11,22,41,6,21,6,35,-20,19,21,13,4,-20,13,12,12,11,13,11,4,-20,15,17,6,14,7,-20,14,13,-20,8,8,6,9,6,-20,14,13,10,6,8,17,17,17,15,12,13,6,9,6,7,6,12,8,20,17,9,12,15,15,8,10,-20,-20,7,10,8,13,7,9,9,9,8,12,6,18,11,7,15,4,12,8,18,17,-20,11,7,15,16,19,14,12,3,10,22,9,9,4,3,18,16,9,20,-20,6,6,10,23,14,12,11,8,17,8,12,6,24,-20,15,10,7,6,5,12,4,9,9,4,11,8,18,6,10,15,11,18,7,8,11,7,10,11,-20,14,8,14,8,5,11,8,8,16,14,9,15,9,6,5,-20,12,8,8,10,19,6,9,12,10,9,10,15,9,13,12,21,4,21,10,9,17,4,17,11,11,16,12,13,8,12,13,7,15,8,12,12,18,11,15,5,14,14,5,6,-20,4,22,9,14,10,7,9,5,6,5,5,8,12,8,9,-20,8,10,9,12,12,8,13,12,7,8,17,13,17,13,6,5,9,7,28,-20,21,9,10,25,10,20,13,28,23,30,20,12,10,11,11,22,8,11,10,19,24,15,17,8,10,15,22,29,14,16,11,13,14,7,12,16,12,10,9,11,11,12,10,25,6,8,5,7,7,9,9,15,16,10,4,5,7,6,4,11,7,8,6,10,-20,10,5,8,8,10,6,10,8,17,4,5,12,15,8,9,9,11,7,11,5,6,3,3,7,6,-20,10,7,8,3,-20,8,6,10,10,10,6,8,17,14,14,7,-20,7,9,8,18,12,12,30,6,9,8,4,9,6,5,11,13,4,-20,4,6,9,-20,8,16,5,10,14,5,-20,8,-20,14,6,-20,2,-20,15,6,12,12,4,11,8,9,6,8,7,3,5,4,5,9,-20,9,-20,-20,14,4,7,5,11,3,7,7,5,9,6,5,9,7,-20,12,3,3,7,-20,7,-20,11,10,7,11,8,-20,3,-20,2,7,2,11,4,9,3,-20,5,10,-20,6,4,-20,-20,4,5,9,12,-20,-20,15,5,5,8,-20,11,6,10,22,27,14,19,24,57,24,26,90,60,61,45,44,29,33
