"chr,position",88,108,139,159,265,350,351,403,410,424,428,430,470,476,484,504,506,531,544,546,628,630,680,681,685,687,728,742,763,765,766,768,772,801,853,854,867,868,870,915,932,991,992,997,1002,1006,1061,1062,1063,1066,1070,1158,1166,1254,1257,1313,1317,1552,1612,1622,1651,1652,1676,1684,1739,1741,1756,1757,1793,1797,1819,1820,1829,1834,1835,1851,1852,1853,1872,1890,1925,1942,1943,1954,2016,2017,2031,2053,2057,2081,2091,2106,2108,2141,2159,2166,2171,2191,2202,2212,2239,2240,2276,2278,2285,2286,2317,2370,2412,4779,4807,4826,4840,4857,4884,4900,4939,4958,5023,5104,5151,5165,5210,5236,5249,5253,5276,5279,5349,5353,5395,5486,5577,5644,5651,5717,5718,5720,5726,5741,5748,5757,5768,5772,5776,5779,5784,5798,5800,5811,5822,5830,5831,5832,5836,5837,5856,5860,5865,5867,5874,5890,5893,5907,5921,5950,5984,5993,6008,6009,6010,6011,6012,6013,6016,6017,6019,6020,6021,6022,6023,6024,6025,6030,6034,6035,6036,6038,6039,6040,6041,6042,6043,6046,6064,6069,6070,6071,6073,6074,6076,6077,6085,6086,6087,6088,6090,6091,6092,6094,6095,6096,6097,6098,6099,6100,6101,6102,6104,6105,6106,6107,6108,6109,6111,6112,6113,6114,6115,6118,6119,6122,6123,6124,6125,6126,6128,6131,6132,6133,6134,6136,6137,6138,6140,6141,6142,6145,6148,6149,6150,6151,6153,6154,6163,6166,6169,6172,6173,6174,6177,6180,6184,6188,6189,6191,6192,6193,6194,6195,6198,6201,6202,6203,6209,6210,6214,6216,6217,6218,6220,6221,6231,6235,6237,6238,6240,6241,6242,6243,6244,6252,6255,6258,6268,6276,6284,6296,6390,6396,6413,6424,6434,6445,6680,6739,6740,6744,6749,6750,6805,6806,6814,6830,6897,6898,6900,6901,6903,6904,6907,6908,6909,6911,6913,6915,6917,6918,6919,6920,6922,6923,6924,6926,6927,6929,6931,6932,6933,6938,6940,6943,6944,6945,6951,6956,6957,6958,6959,6960,6961,6963,6966,6967,6968,6969,6970,6971,6973,6974,6975,6976,6979,6981,6982,6984,6986,6987,6989,6990,6992,6997,7000,7002,7003,7008,7013,7014,7025,7026,7028,7031,7033,7036,7058,7061,7062,7063,7064,7067,7068,7071,7072,7077,7081,7092,7094,7096,7102,7103,7106,7107,7109,7111,7117,7119,7120,7125,7126,7127,7130,7133,7138,7143,7147,7158,7160,7161,7162,7163,7164,7165,7169,7177,7181,7183,7186,7192,7199,7202,7203,7207,7208,7209,7213,7217,7218,7223,7231,7236,7244,7248,7250,7255,7258,7268,7273,7276,7280,7282,7287,7288,7296,7298,7305,7306,7307,7314,7316,7319,7320,7322,7323,7327,7328,7332,7333,7337,7342,7343,7344,7346,7347,7349,7350,7353,7354,7356,7358,7359,7372,7373,7377,7378,7382,7383,7384,7387,7394,7396,7404,7411,7413,7415,7416,7417,7418,7419,7424,7427,7430,7460,7461,7471,7475,7477,7514,7515,7516,7517,7520,7521,7523,7525,7529,7530,7566,7568,7717,7757,7767,7917,7947,8037,8057,8077,8132,8171,8214,8222,8227,8230,8231,8233,8234,8235,8236,8237,8238,8239,8240,8241,8242,8243,8244,8246,8247,8249,8256,8258,8259,8264,8283,8284,8285,8290,8297,8306,8307,8311,8312,8326,8334,8335,8337,8343,8351,8354,8357,8365,8366,8369,8376,8386,8387,8419,8420,8422,8424,8426,8427,8464,8483,8699,8723,9027,9057,9058,9067,9069,9070,9075,9078,9079,9081,9084,9085,9089,9091,9095,9099,9100,9102,9103,9104,9105,9106,9111,9113,9114,9115,9121,9125,9128,9130,9131,9133,9134,9298,9312,9314,9321,9323,9332,9336,9339,9343,9352,9353,9363,9369,9370,9371,9380,9381,9382,9383,9386,9388,9390,9391,9392,9394,9395,9399,9402,9404,9405,9407,9408,9409,9412,9413,9416,9421,9427,9433,9436,9437,9442,9450,9451,9452,9453,9454,9455,9470,9471,9476,9481,9503,9506,9507,9508,9509,9510,9511,9512,9513,9514,9515,9517,9518,9519,9520,9521,9522,9523,9524,9525,9526,9527,9528,9529,9530,9531,9532,9533,9534,9535,9536,9537,9539,9540,9541,9542,9543,9544,9545,9546,9547,9548,9549,9550,9551,9552,9553,9554,9555,9556,9557,9558,9559,9560,9561,9562,9564,9565,9567,9568,9569,9571,9573,9574,9576,9577,9578,9579,9581,9582,9583,9584,9585,9586,9587,9588,9589,9590,9591,9592,9593,9594,9595,9596,9597,9598,9599,9600,9601,9602,9606,9607,9608,9609,9610,9611,9612,9613,9615,9616,9617,9619,9620,9621,9622,9624,9625,9626,9627,9628,9629,9630,9631,9632,9633,9634,9635,9636,9637,9638,9639,9640,9641,9642,9643,9644,9645,9646,9647,9648,9649,9651,9653,9655,9656,9657,9658,9659,9660,9661,9663,9664,9665,9666,9667,9668,9669,9670,9671,9672,9673,9676,9677,9678,9679,9680,9681,9682,9683,9684,9685,9686,9687,9689,9690,9691,9692,9693,9694,9695,9696,9697,9698,9699,9700,9701,9703,9704,9705,9706,9707,9708,9709,9710,9711,9712,9713,9714,9716,9717,9718,9719,9720,9721,9722,9723,9725,9726,9727,9728,9729,9730,9731,9732,9733,9735,9736,9737,9738,9739,9741,9743,9744,9745,9747,9748,9749,9754,9755,9756,9757,9758,9759,9761,9762,9764,9766,9768,9769,9770,9771,9772,9774,9775,9776,9777,9778,9779,9780,9781,9782,9783,9784,9785,9786,9787,9788,9789,9790,9791,9792,9793,9794,9795,9796,9797,9798,9799,9800,9801,9802,9803,9804,9805,9806,9807,9808,9809,9810,9811,9812,9813,9814,9815,9816,9817,9819,9820,9821,9822,9823,9824,9825,9826,9827,9828,9830,9831,9832,9833,9834,9835,9836,9837,9838,9839,9840,9841,9843,9844,9845,9846,9847,9848,9849,9850,9851,9852,9853,9854,9855,9856,9857,9858,9859,9860,9861,9862,9864,9866,9867,9868,9869,9870,9871,9873,9874,9875,9876,9877,9878,9879,9880,9881,9882,9883,9885,9886,9887,9888,9890,9891,9892,9894,9895,9897,9898,9899,9900,9901,9902,9903,9904,9905,9906,9908,9909,9910,9911,9912,9914,9915,9917,9918,9920,9921,9924,9925,9926,9927,9928,9929,9930,9932,9933,9935,9937,9938,9939,9941,9942,9943,9944,9945,9946,9947,9948,9949,9950,9951,9952,9953,9955,9956,9957,9958,9959,9960,9962,9963,9964,9965,9966,9968,9969,9970,9971,9972,9973,9974,9975,9976,9978,9979,9980,9981,9982,9983,9984,9985,9986,9987,9988,9990,9991,9993,9995,9996,9997,9998,9999,10001,10002,10004,10005,10006,10008,10009,10010,10011,10012,10013,10014,10015,10017,10018,10020,10022,10023,10027,14312,14313,14314,14315,14318,14319,15560,15591,15592,15593,18694,18696,19949,19950,19951
"chr3,16538490",-20,6,-20,-20,-20,4,5,9,4,11,-20,5,31,21,15,21,32,10,56,59,44,3,40,21,48,33,18,18,6,9,5,5,5,14,52,39,26,27,21,9,7,30,13,16,21,26,7,43,17,8,14,27,41,26,37,17,41,16,21,26,30,23,33,25,26,39,28,46,37,14,25,23,15,27,17,49,27,7,6,18,10,17,18,14,10,31,16,43,17,14,22,23,28,19,38,36,-20,23,8,32,19,34,10,7,29,35,4,22,26,8,12,3,38,24,12,6,44,12,6,8,9,7,6,-20,29,3,6,43,12,10,29,-20,4,-20,24,36,35,-20,6,10,-20,4,-20,7,31,5,4,41,4,4,7,17,9,23,26,12,17,13,49,13,-20,3,3,8,-20,-20,-20,-20,6,17,24,55,40,18,4,17,10,20,16,48,6,31,18,4,29,9,15,17,8,10,35,9,5,6,6,10,12,15,29,9,10,12,35,16,22,18,15,36,4,28,49,22,24,37,7,21,27,10,8,13,14,9,8,36,11,16,14,30,51,26,33,25,31,8,5,9,7,15,28,15,24,14,11,11,9,31,23,17,4,11,11,13,6,10,14,23,17,8,29,-20,12,24,14,15,12,16,25,8,19,19,20,24,15,24,19,15,35,44,17,36,16,16,6,19,5,17,6,4,7,4,6,20,9,11,43,27,21,8,6,3,25,-20,-20,8,6,25,28,5,31,35,31,46,39,38,5,6,3,7,23,45,8,18,16,19,5,12,-20,9,11,17,6,9,9,8,41,6,12,26,50,15,7,45,7,21,4,21,4,5,6,8,7,4,8,10,-20,9,-20,5,21,8,5,8,8,6,-20,8,12,9,4,13,8,8,7,35,5,8,6,49,11,7,10,8,10,13,20,8,15,17,13,28,7,10,6,7,-20,15,7,4,65,8,7,-20,12,21,12,11,6,6,15,8,19,11,5,34,-20,16,7,4,3,5,9,8,4,9,7,13,12,-20,24,12,11,9,124,12,6,7,7,5,8,12,4,14,5,12,5,7,12,4,24,9,73,20,3,11,6,4,9,6,6,8,4,23,9,8,26,10,8,6,10,7,4,14,9,10,7,11,9,11,43,25,20,15,10,7,9,9,11,11,7,12,7,4,11,14,20,17,6,14,8,5,9,8,5,5,41,20,17,9,3,6,6,26,9,14,30,23,27,27,10,25,39,4,7,26,35,8,9,29,11,9,24,10,-20,6,35,8,-20,13,10,5,7,11,36,6,19,15,8,15,-20,9,13,11,5,6,10,4,13,9,33,11,10,36,22,21,4,8,18,5,65,9,14,4,14,13,-20,-20,8,16,23,36,12,45,32,37,29,28,17,24,11,24,19,12,22,5,10,12,7,14,7,5,11,16,16,15,12,12,8,42,6,15,14,10,14,9,20,21,20,18,-20,6,7,18,24,23,76,28,23,46,31,15,37,17,32,39,20,19,28,23,30,22,49,27,13,4,13,27,57,8,10,5,10,10,50,10,24,27,36,24,15,27,5,16,12,54,28,14,33,16,4,9,18,18,9,14,16,11,9,18,6,9,4,21,11,-20,14,11,5,15,7,8,13,15,9,7,16,9,18,10,21,7,11,15,5,16,5,11,5,17,11,12,6,15,12,-20,8,11,13,23,18,17,7,12,15,9,10,11,8,3,6,11,19,11,13,8,8,4,13,17,7,10,12,14,19,7,9,10,6,20,9,16,18,16,19,8,30,7,12,20,13,14,11,10,9,7,16,9,7,8,9,15,7,-20,-20,-20,7,11,8,8,4,-20,-20,-20,-20,-20,-20,-20,-20,11,5,4,8,6,-20,-20,-20,4,4,10,9,5,-20,14,5,7,8,6,3,8,4,4,15,15,-20,10,6,11,13,22,16,8,23,9,14,12,10,3,3,6,6,14,9,15,4,12,9,11,5,4,12,-20,-20,10,9,9,19,19,19,-20,21,10,13,15,13,8,-20,6,6,7,-20,4,6,9,14,3,12,3,6,3,15,5,17,18,15,30,18,13,7,9,13,16,5,6,7,7,15,10,6,12,24,21,7,6,6,10,8,53,5,17,18,12,11,22,22,17,26,17,16,14,11,15,16,15,11,10,7,17,-20,37,5,10,7,12,15,22,32,16,21,11,19,6,20,8,12,14,14,16,11,6,6,6,13,3,5,15,6,8,13,9,9,28,4,6,11,8,7,10,7,6,10,7,4,5,5,13,9,6,16,15,4,8,12,6,14,25,18,11,7,17,13,10,19,4,5,-20,3,4,3,6,5,6,7,13,10,6,20,17,6,9,10,6,10,10,15,10,15,4,10,9,17,8,13,34,-20,6,9,2,10,-20,12,15,16,3,11,6,6,11,5,8,9,-20,3,7,19,10,4,13,8,5,10,8,10,7,12,3,13,11,14,9,8,4,5,4,-20,3,4,8,6,-20,-20,4,-20,3,4,17,-20,6,4,10,4,7,7,9,4,5,6,4,8,-20,-20,7,6,-20,4,8,8,-20,11,5,4,6,4,10,-20,-20,9,9,-20,9,7,5,13,4,11,7,5,5,-20,7,12,-20,-20,6,12,6,-20,10,4,44,31,5,26,32,17,16,27,44,38,75,54,49,55,47,57,47,57
"chr3,16538493",-20,7,-20,-20,-20,9,6,13,4,11,2,5,35,22,17,22,32,12,58,58,44,3,43,22,48,32,18,17,6,9,6,6,6,17,52,41,29,28,20,9,6,32,13,17,21,27,7,42,17,8,14,27,42,26,38,17,42,15,24,28,30,25,33,27,26,42,28,47,36,14,27,23,14,26,19,51,25,6,8,17,12,16,18,14,9,28,15,45,17,14,24,23,28,21,41,38,-20,25,10,31,20,33,10,7,29,33,4,24,26,8,12,3,38,24,10,6,45,12,6,8,10,7,6,9,32,3,6,46,11,10,29,2,4,-20,24,35,38,2,6,12,-20,4,-20,7,32,7,4,46,-20,4,7,16,9,24,27,12,15,13,52,13,2,4,3,8,-20,9,-20,-20,6,17,24,54,42,18,4,18,9,20,16,49,7,31,18,5,30,9,15,17,8,10,35,9,5,6,6,11,12,16,30,9,10,12,35,15,23,18,15,38,4,27,50,25,24,36,7,21,29,11,8,13,13,9,8,37,11,17,13,31,51,26,32,27,32,8,-20,9,7,15,28,15,24,14,11,9,9,31,23,16,4,11,11,15,7,10,14,21,17,8,27,-20,12,24,13,18,12,18,26,8,19,18,19,22,16,24,20,15,37,45,17,36,16,16,6,19,5,18,6,4,7,4,6,21,9,11,44,27,21,9,6,3,24,5,-20,8,6,25,30,6,30,34,31,44,39,38,5,6,4,7,22,45,-20,18,16,20,5,12,-20,9,11,17,7,-20,9,8,42,6,12,24,50,15,7,45,7,21,4,21,5,5,6,8,-20,4,8,10,-20,8,-20,6,22,9,5,8,8,6,-20,8,12,10,4,13,8,8,7,35,5,8,6,51,11,7,10,-20,10,13,18,8,15,19,13,27,7,9,6,8,-20,14,7,4,67,8,7,-20,12,18,12,11,6,7,15,8,19,11,5,34,-20,17,7,4,3,5,9,9,4,9,7,14,11,-20,23,13,11,9,123,12,7,8,8,5,9,12,4,14,5,12,4,7,12,4,23,10,78,21,3,11,6,4,9,6,6,8,3,23,9,8,24,10,9,6,10,7,4,13,9,11,7,12,10,11,42,24,20,13,11,8,10,10,11,11,8,13,7,4,13,12,19,18,6,14,7,6,7,8,5,5,41,21,17,8,3,5,6,27,9,14,29,24,28,28,10,23,41,-20,7,28,37,8,10,30,12,7,25,10,-20,-20,38,8,-20,13,10,5,8,11,36,6,18,15,7,14,-20,9,13,11,-20,6,11,4,15,9,32,12,9,36,22,20,4,9,18,6,67,9,13,4,14,13,-20,-20,10,17,22,38,12,45,33,37,26,29,19,26,9,23,19,12,24,5,10,12,7,13,7,5,12,16,13,15,12,12,8,41,6,17,15,11,14,10,20,23,23,18,-20,8,8,19,23,23,79,29,24,48,31,15,37,18,33,39,20,18,31,23,28,21,44,26,13,4,13,27,55,7,11,5,9,10,51,9,24,28,36,24,14,27,4,16,12,54,29,14,33,20,4,9,15,16,9,14,16,12,9,19,6,-20,4,22,11,-20,13,12,6,17,9,9,13,14,9,8,16,9,21,10,24,8,11,15,5,14,5,12,4,17,12,10,6,14,11,5,8,11,13,23,18,21,9,11,15,9,9,12,7,3,7,11,16,10,13,8,9,5,13,16,7,10,12,14,21,7,8,10,5,21,10,17,18,15,20,8,30,7,12,21,14,14,15,9,9,6,16,10,8,8,10,17,7,-20,-20,-20,-20,11,8,8,4,-20,-20,-20,-20,-20,-20,-20,-20,11,-20,-20,8,6,-20,-20,-20,4,4,11,9,5,6,14,5,6,8,6,3,8,4,4,15,17,-20,8,6,11,12,24,15,9,26,12,15,13,10,-20,3,6,6,14,8,15,4,12,9,12,5,4,12,3,-20,9,9,9,20,18,20,-20,23,10,13,15,13,8,-20,8,-20,-20,-20,5,6,9,15,3,12,-20,6,3,15,6,17,16,15,31,18,12,7,10,12,16,3,6,9,7,16,10,6,12,25,21,7,6,6,10,9,53,5,17,21,12,11,23,24,16,28,17,15,12,11,16,16,14,10,12,7,17,-20,42,5,9,7,12,17,21,34,16,20,13,21,7,22,8,12,15,14,16,12,6,6,-20,13,3,5,18,-20,8,15,9,9,28,3,6,13,10,6,10,-20,6,10,8,3,5,5,13,10,6,18,15,4,8,12,7,15,29,19,13,7,19,12,11,20,5,5,-20,3,4,3,6,5,4,7,15,10,7,20,19,6,9,-20,6,10,10,16,10,15,4,10,9,17,8,13,35,-20,6,9,2,12,-20,13,15,15,3,10,6,7,11,4,8,9,-20,3,6,20,10,3,11,7,5,11,8,11,5,12,4,13,10,15,9,8,5,4,5,-20,3,4,9,6,-20,-20,4,-20,3,6,17,-20,7,4,8,7,9,7,-20,4,6,8,3,6,-20,-20,-20,6,6,3,6,6,9,11,5,4,6,4,10,4,-20,10,9,8,8,7,-20,12,4,10,7,6,5,6,8,9,4,-20,8,11,6,5,9,4,45,32,5,25,32,17,16,30,45,38,75,54,48,55,45,62,46,59
"chr3,16538496",-20,7,3,-20,-20,9,6,12,4,9,2,5,36,21,17,22,32,12,58,59,44,-20,45,22,47,34,17,17,6,9,7,7,6,17,54,40,29,28,20,9,6,33,11,17,21,28,7,42,17,7,15,28,43,26,39,18,46,17,25,28,30,25,34,28,26,44,28,49,43,15,27,23,14,28,21,53,24,6,8,16,12,16,17,14,12,29,14,44,18,15,25,24,28,24,42,38,-20,25,10,34,21,34,10,7,27,35,4,25,27,8,12,3,38,24,10,6,44,12,6,8,10,7,6,9,29,3,6,49,11,10,29,2,4,-20,25,35,37,2,6,13,-20,4,-20,7,32,7,4,46,5,4,7,16,10,24,27,12,14,13,50,14,2,4,3,8,-20,9,-20,-20,6,18,24,54,42,18,4,19,9,21,18,53,7,31,18,5,31,9,14,15,9,10,34,10,5,6,5,11,10,15,32,9,10,12,35,15,22,21,18,37,4,27,52,26,24,34,8,21,29,12,11,14,13,9,8,39,11,16,13,34,49,25,32,28,32,9,4,9,9,15,28,15,25,14,11,9,9,34,23,15,4,10,11,14,7,-20,14,20,17,8,26,-20,13,25,13,18,11,20,26,10,19,19,19,23,16,23,20,14,36,43,17,39,18,18,6,18,5,18,6,4,6,-20,6,21,9,11,44,27,21,9,6,3,25,5,-20,8,6,25,31,6,35,35,33,43,36,39,5,6,6,7,22,45,9,19,17,20,5,12,-20,9,11,17,7,-20,8,8,42,6,13,24,57,15,7,45,6,22,5,22,5,5,7,8,7,4,8,10,-20,9,2,-20,24,9,5,-20,8,6,-20,8,12,10,4,11,8,8,7,34,5,9,6,56,12,7,10,8,10,13,18,8,18,15,13,28,7,9,6,8,8,15,7,4,70,8,7,-20,12,22,12,11,6,7,16,9,19,11,5,35,-20,16,8,4,3,6,9,8,4,9,7,14,11,-20,25,15,11,11,124,12,7,8,8,5,7,11,5,15,5,13,4,7,12,4,24,10,78,23,3,11,6,5,9,6,6,8,3,22,9,8,26,10,9,6,9,7,4,13,9,10,7,13,10,11,43,27,20,13,11,8,10,11,11,11,8,13,7,5,13,14,19,16,5,17,7,6,8,8,5,5,42,20,17,8,-20,5,6,29,9,14,29,23,28,27,9,25,40,-20,6,30,38,-20,10,32,12,6,26,10,-20,8,39,8,-20,14,10,5,8,11,35,6,19,17,7,16,-20,11,13,11,5,7,11,4,14,9,34,12,9,37,22,20,4,9,18,6,68,9,13,4,14,14,-20,-20,10,19,26,39,12,46,35,36,27,29,21,26,9,23,19,12,25,5,10,12,7,13,7,5,12,16,13,15,12,12,8,40,6,17,15,10,14,10,20,22,23,18,-20,8,8,19,21,23,84,30,24,49,32,18,37,18,33,39,20,21,32,23,27,21,43,27,13,4,13,28,51,8,12,6,10,9,54,8,24,29,37,25,16,19,4,17,12,55,28,15,33,20,4,10,15,16,9,14,17,13,9,18,6,9,4,22,11,-20,13,12,7,16,10,9,13,14,9,8,16,9,21,10,24,8,11,15,5,14,5,12,4,17,12,11,6,14,11,5,8,11,13,24,18,21,9,11,15,9,9,12,7,3,7,10,16,10,13,8,9,5,13,16,7,10,11,14,20,7,8,9,5,22,10,17,18,16,20,8,29,7,11,21,14,14,15,9,9,6,16,10,8,7,9,18,7,-20,-20,-20,10,11,8,8,4,-20,-20,-20,-20,-20,-20,-20,-20,11,-20,4,8,6,-20,-20,-20,4,4,11,9,5,6,14,5,6,7,6,3,8,4,4,15,16,-20,8,6,-20,12,23,15,9,25,12,15,13,10,-20,3,6,6,14,8,15,4,12,9,12,5,4,12,3,-20,9,9,9,19,18,20,-20,23,9,13,15,12,8,-20,8,6,7,-20,5,6,9,14,3,11,-20,6,3,15,6,17,16,14,30,18,12,7,10,12,14,3,6,9,7,16,10,6,12,25,20,7,6,6,10,8,53,5,17,20,11,11,22,25,16,28,17,15,12,11,16,16,14,10,12,7,17,-20,42,5,9,7,12,17,20,34,16,19,13,20,7,19,8,12,15,14,16,12,6,6,8,13,3,5,18,6,8,15,9,9,28,3,5,13,10,6,10,6,6,10,7,-20,5,5,13,10,6,18,15,4,9,12,7,15,29,17,13,7,19,12,11,20,5,5,-20,3,4,3,6,5,4,7,15,10,7,21,19,6,8,10,6,10,10,16,9,15,4,10,9,16,8,13,35,-20,6,9,-20,10,-20,13,15,15,3,9,6,7,11,4,8,9,-20,3,-20,19,10,5,11,7,5,12,8,11,5,12,4,13,9,15,9,9,5,5,6,-20,4,4,9,8,-20,-20,6,-20,4,6,20,-20,6,4,10,6,-20,7,6,5,6,10,3,-20,-20,-20,4,7,-20,3,8,7,-20,11,7,3,6,-20,10,7,-20,-20,9,8,5,9,6,15,3,11,7,7,7,6,8,10,-20,-20,10,9,-20,7,12,4,45,34,5,26,31,16,17,30,49,38,75,54,49,55,48,64,47,62
"chr3,16538499",-20,7,3,-20,-20,9,6,13,4,10,-20,5,37,24,18,22,31,-20,57,59,42,-20,45,22,49,37,15,20,6,9,8,7,7,17,55,39,30,25,19,8,6,33,13,17,21,29,7,42,17,7,15,27,43,25,38,19,47,17,26,29,29,26,30,30,28,46,30,52,44,14,28,22,14,29,21,57,22,6,8,15,10,17,17,14,13,30,14,44,17,15,25,25,28,23,43,39,-20,25,11,35,21,34,9,6,27,37,4,26,28,5,12,3,36,29,10,5,47,12,5,8,7,7,5,9,29,3,6,48,8,9,29,2,4,-20,29,35,37,-20,6,12,-20,5,-20,7,31,7,4,44,5,5,6,16,11,23,27,13,16,13,49,24,2,5,3,7,-20,9,-20,-20,6,17,25,51,41,18,4,17,9,21,19,53,7,31,18,5,26,9,13,15,9,10,35,10,5,6,5,12,10,16,33,9,11,12,34,14,24,22,16,37,4,30,50,26,25,34,9,21,32,14,12,14,13,7,-20,39,11,16,14,33,53,26,33,28,33,9,5,9,9,15,28,15,24,14,12,10,8,36,23,14,7,11,11,14,7,9,13,18,18,8,25,-20,12,25,13,19,11,20,25,11,21,19,19,23,15,25,21,14,36,43,17,41,18,18,7,18,5,18,6,4,6,-20,6,21,9,11,38,24,20,-20,6,3,23,4,-20,8,6,24,31,6,35,35,34,42,37,39,5,6,6,7,22,45,9,20,17,20,5,12,-20,8,12,17,7,-20,8,7,44,6,13,22,60,15,7,45,6,22,5,22,5,5,7,8,7,4,8,10,-20,10,2,8,23,9,5,7,8,6,-20,8,12,12,4,11,9,8,7,34,5,9,6,59,13,7,10,8,12,15,18,8,19,16,12,27,7,10,6,8,-20,15,7,4,72,8,7,-20,11,19,12,11,6,7,16,10,18,11,5,37,-20,16,9,4,3,6,9,8,4,9,7,18,11,-20,25,15,11,11,119,12,7,8,8,5,8,12,5,14,5,13,4,8,9,4,25,10,81,25,3,11,6,5,9,5,6,8,3,20,9,8,28,10,9,6,-20,7,4,12,9,9,7,13,10,11,45,26,20,12,12,8,10,11,11,11,7,15,7,5,13,14,20,16,5,18,8,6,8,8,5,6,43,20,16,8,-20,6,7,29,9,14,30,21,30,26,9,25,39,-20,6,29,40,9,7,32,13,7,27,13,-20,8,38,10,-20,14,10,5,8,13,31,7,19,16,7,17,-20,13,13,11,5,7,11,4,15,9,41,12,10,39,22,21,4,10,18,6,71,10,13,-20,14,14,-20,-20,10,18,30,38,14,44,35,36,29,30,21,27,9,22,18,12,26,5,9,12,7,14,7,5,12,16,13,14,12,12,8,38,6,17,16,10,14,10,20,22,22,17,7,8,8,19,21,23,83,32,24,48,33,21,36,18,33,40,21,21,33,24,30,22,39,26,13,4,13,28,52,8,10,7,9,9,56,8,18,30,38,25,15,18,4,17,12,57,29,14,34,20,5,10,14,17,8,14,16,14,9,19,6,9,4,22,11,-20,12,11,7,16,10,8,13,13,9,9,15,8,20,11,24,8,9,15,5,11,5,12,4,13,12,12,6,15,10,7,8,11,12,23,18,22,9,11,15,7,9,11,7,3,7,10,12,10,13,8,9,5,13,16,7,10,12,15,19,7,8,9,5,23,10,18,21,16,20,7,30,7,12,21,13,14,17,8,-20,5,14,10,5,7,9,16,7,-20,-20,-20,10,10,8,7,4,-20,-20,-20,-20,-20,-20,-20,-20,11,-20,4,8,6,-20,-20,-20,3,4,12,9,5,6,14,5,6,8,6,3,8,4,4,15,17,-20,8,5,9,12,22,14,9,26,13,13,13,10,-20,3,6,6,13,8,15,4,12,8,12,3,-20,12,3,-20,8,9,9,21,19,19,-20,23,8,12,14,11,8,-20,8,6,7,-20,4,6,9,15,3,11,3,6,3,15,6,17,15,13,30,16,12,7,10,12,14,3,6,9,6,17,10,6,12,25,19,7,-20,6,10,9,53,5,17,19,12,11,22,26,15,29,16,15,12,11,17,16,14,10,11,6,16,-20,42,5,9,7,10,18,18,37,16,19,-20,18,7,15,8,12,15,16,12,13,6,6,7,15,3,4,19,6,8,15,9,10,28,3,5,13,11,6,10,5,6,9,7,-20,5,-20,13,10,6,18,15,4,8,12,7,15,27,16,13,7,19,12,10,20,6,5,-20,-20,4,3,7,5,4,7,16,10,9,20,19,6,8,10,6,11,10,16,8,15,4,10,9,17,8,13,35,-20,8,9,-20,9,-20,12,15,16,3,9,6,7,11,4,7,7,-20,3,6,17,10,6,10,7,5,12,7,11,5,12,4,12,9,14,9,8,4,-20,7,-20,4,3,6,7,-20,-20,5,-20,4,6,19,-20,7,3,10,4,-20,9,9,5,8,11,4,10,-20,-20,-20,7,5,-20,7,5,8,13,6,-20,8,-20,9,7,6,9,9,8,5,7,5,12,4,10,5,6,7,6,6,10,-20,-20,8,10,9,5,12,4,39,34,5,29,32,16,17,31,51,41,75,54,52,56,48,64,48,65
"chr3,16538500",-20,8,3,-20,-20,9,6,14,4,11,-20,5,37,25,18,23,33,13,59,61,42,-20,43,23,51,36,15,20,6,9,8,7,8,17,58,40,30,25,19,8,8,33,13,17,21,29,7,40,17,8,13,27,42,26,38,19,47,17,27,30,31,26,32,31,28,46,30,50,43,14,28,20,14,29,24,56,22,6,8,15,10,17,17,12,13,29,13,46,17,15,25,25,28,23,44,39,-20,26,11,38,22,35,9,6,27,38,4,27,29,5,14,3,36,31,10,5,47,13,6,8,7,7,5,9,29,3,6,48,8,9,29,2,4,-20,29,35,38,-20,7,12,-20,5,-20,7,33,8,4,43,5,5,6,16,11,23,27,13,16,13,49,26,2,5,3,7,-20,9,-20,-20,6,20,25,51,40,18,4,18,8,21,19,53,8,32,18,5,26,9,13,15,9,11,34,10,5,6,5,11,10,15,33,9,14,12,35,14,21,22,16,37,4,29,46,26,25,34,9,22,32,15,12,14,13,6,8,38,11,16,14,34,53,26,33,27,32,9,5,9,9,15,28,14,24,14,12,10,9,36,23,14,6,12,11,14,7,9,14,18,18,8,15,-20,13,26,13,18,11,20,25,11,21,19,19,23,14,25,21,13,34,40,18,42,18,18,6,18,5,18,6,4,6,-20,6,22,9,11,38,24,20,9,6,3,25,4,-20,8,6,24,34,6,36,39,35,41,37,40,5,6,7,7,21,44,9,19,18,20,5,12,-20,7,13,17,7,-20,7,-20,44,6,13,22,58,15,7,45,6,22,5,22,5,5,7,8,7,4,8,10,-20,10,2,9,25,9,5,7,8,6,-20,8,12,13,4,11,9,8,7,34,5,9,6,60,11,7,10,8,12,15,19,8,19,18,12,26,8,10,6,8,-20,15,7,4,76,8,7,-20,11,18,12,11,6,7,16,9,18,11,5,36,-20,16,10,4,3,7,9,8,4,9,7,19,12,-20,26,16,12,11,117,12,6,8,8,5,8,12,5,15,5,13,4,8,10,4,25,11,82,25,4,11,6,5,9,5,7,8,4,20,9,8,25,10,9,6,-20,8,3,12,9,8,7,13,10,11,47,25,20,12,12,8,10,11,12,11,7,16,7,5,14,16,20,18,5,18,8,6,8,8,5,6,44,21,16,8,4,6,7,29,10,14,30,22,30,26,9,25,41,-20,6,29,40,9,8,34,13,7,30,13,-20,-20,40,-20,-20,14,10,5,7,13,31,7,19,16,7,18,-20,13,13,11,5,7,12,4,15,9,41,12,10,41,22,21,4,10,18,6,72,10,13,-20,14,15,-20,-20,9,19,29,41,15,44,37,36,29,32,21,27,9,22,18,12,27,5,10,12,7,15,7,5,12,16,13,14,12,12,8,39,6,19,16,10,14,-20,20,22,25,20,7,8,8,19,21,23,86,32,24,49,33,21,36,18,33,40,21,22,32,23,31,22,41,26,12,4,13,28,52,8,10,-20,9,10,54,8,18,30,39,27,15,21,4,17,12,56,29,15,36,20,5,9,14,22,8,14,16,15,9,19,6,9,4,22,11,-20,12,11,7,16,-20,10,13,13,9,10,15,8,20,11,24,7,9,15,5,11,5,12,4,13,12,12,7,15,10,7,8,12,12,23,18,22,8,11,15,7,9,11,7,3,7,11,13,11,13,10,9,5,13,15,7,10,12,15,19,7,8,9,5,23,10,19,21,16,20,7,30,7,12,21,12,15,17,8,9,5,14,10,5,7,9,16,7,-20,-20,-20,10,10,8,7,4,-20,-20,-20,-20,-20,-20,-20,-20,11,-20,4,8,6,-20,-20,-20,3,4,12,9,5,6,14,5,6,8,6,3,8,4,4,15,17,-20,9,5,10,12,23,15,9,24,13,14,13,10,-20,3,6,6,14,8,15,4,13,8,12,3,-20,13,3,-20,8,9,9,21,19,19,-20,23,8,12,14,11,9,-20,8,6,7,-20,4,6,9,15,3,11,3,6,3,15,6,17,16,13,31,16,12,7,10,12,15,3,6,9,6,16,10,6,12,25,22,7,6,6,10,9,54,5,17,19,13,10,22,26,15,29,17,15,12,12,18,16,15,10,12,6,16,-20,43,5,10,8,10,17,18,38,17,19,11,18,7,15,8,12,16,16,13,13,6,6,8,15,3,4,19,6,8,15,9,10,28,3,5,14,11,7,10,5,6,9,7,-20,6,5,13,10,6,18,15,5,8,13,7,15,28,16,14,7,19,12,10,20,6,-20,-20,3,4,3,7,5,4,7,17,10,9,20,19,6,9,10,6,11,10,16,8,15,4,10,9,17,8,13,35,-20,8,9,-20,9,-20,13,15,16,3,9,6,7,11,4,8,8,-20,3,7,18,10,6,10,7,5,12,7,11,5,12,4,12,9,13,9,8,5,5,7,-20,4,3,6,7,-20,2,5,-20,3,6,18,4,7,5,11,6,9,8,9,5,9,11,4,11,-20,-20,4,7,-20,2,8,5,9,13,7,-20,7,-20,9,7,6,9,10,8,5,6,7,15,4,10,8,6,7,7,-20,10,-20,-20,10,11,9,-20,13,4,39,33,5,29,32,15,17,31,51,42,74,54,53,55,50,62,49,66
"chr3,16538502",-20,8,-20,-20,-20,10,7,14,4,11,-20,5,40,27,19,23,34,13,59,63,41,-20,45,23,52,37,15,21,6,9,8,7,8,17,58,37,31,25,18,8,8,34,12,20,21,29,7,39,17,8,13,27,43,26,36,20,49,17,28,32,31,26,31,32,27,46,29,52,42,15,26,20,14,30,23,59,20,6,8,15,10,17,17,12,13,26,13,49,18,17,25,25,30,26,44,40,-20,26,11,39,22,35,9,6,27,39,4,28,29,5,14,3,36,31,9,5,47,13,6,8,7,6,5,9,28,3,6,50,8,9,28,2,4,-20,29,35,38,-20,7,12,-20,5,-20,7,33,7,4,43,5,5,6,16,12,23,27,13,17,13,51,26,2,5,3,7,-20,9,-20,-20,6,19,25,48,38,18,4,20,8,21,20,53,8,31,17,5,26,-20,13,15,9,11,40,10,5,6,5,12,10,14,33,9,14,14,35,15,20,22,16,37,5,30,48,26,26,34,8,22,31,16,12,13,13,6,8,39,11,16,14,33,52,25,32,29,32,9,-20,10,9,15,28,14,25,15,12,9,8,37,23,13,6,13,11,17,7,9,14,18,16,-20,16,-20,13,18,13,18,11,19,25,11,25,19,19,23,14,24,20,13,31,40,18,42,17,17,5,19,5,16,6,-20,6,-20,6,22,9,10,40,24,22,9,6,3,26,4,-20,8,6,24,34,6,35,38,34,41,38,41,5,6,7,7,21,45,9,19,17,20,5,13,-20,7,13,16,7,-20,6,7,45,6,13,20,60,15,7,45,6,23,5,22,5,6,7,8,7,4,8,11,-20,10,2,9,25,9,5,7,8,6,-20,8,12,13,4,10,9,8,7,34,5,9,6,60,11,7,10,8,12,15,19,9,19,16,12,26,8,10,6,8,-20,14,5,4,81,8,8,-20,11,18,12,11,6,7,16,10,19,11,5,37,-20,16,10,4,3,7,9,8,4,9,6,19,10,-20,25,17,12,11,113,12,4,9,8,5,7,12,5,15,5,13,4,8,10,4,26,11,82,24,4,11,6,5,9,5,7,8,4,20,9,8,24,10,9,6,9,8,3,12,9,8,7,13,10,12,48,25,21,11,13,8,10,12,12,10,7,16,7,5,14,16,20,19,5,18,8,6,8,8,-20,6,45,21,17,8,4,5,7,27,10,14,30,23,31,25,9,26,40,-20,5,29,38,8,8,34,14,7,31,13,-20,-20,41,11,-20,14,10,5,8,13,37,7,18,20,6,19,-20,13,13,11,4,7,12,4,16,9,42,12,10,40,22,21,4,10,17,6,72,10,13,-20,14,15,-20,-20,9,20,29,42,15,44,37,36,32,32,21,27,8,23,18,12,27,5,10,12,7,15,7,5,12,16,13,14,12,12,8,41,5,19,16,10,14,10,20,22,24,20,7,8,8,18,20,24,87,32,24,49,33,19,34,18,33,41,23,22,33,23,32,22,41,27,12,4,12,27,50,8,10,9,8,11,54,8,18,30,39,29,15,23,4,-20,11,57,29,15,36,20,6,9,14,23,6,15,15,15,9,19,6,9,4,22,11,-20,13,12,7,13,-20,9,13,12,8,10,15,8,19,11,24,7,9,15,4,11,5,12,4,13,11,12,7,15,10,7,8,12,12,22,18,22,8,11,15,7,9,11,6,3,7,11,12,11,13,10,10,4,12,14,7,10,12,14,19,7,8,9,5,22,10,19,21,16,20,6,31,7,12,21,12,15,17,8,9,5,14,10,5,7,9,16,7,-20,-20,-20,10,11,8,7,4,-20,-20,-20,-20,-20,-20,-20,-20,11,-20,4,8,6,-20,-20,-20,2,4,12,9,5,6,15,5,6,8,6,3,8,4,4,16,17,-20,9,5,10,12,23,15,8,24,13,14,13,10,-20,3,6,6,14,8,15,4,13,8,12,3,-20,13,3,-20,8,8,9,22,20,19,-20,24,8,13,14,10,9,-20,8,6,7,-20,3,-20,9,15,3,11,3,6,3,15,6,17,16,13,31,16,12,7,10,12,15,3,6,9,6,17,10,6,12,25,22,7,6,6,10,9,54,5,17,19,12,11,22,26,15,29,17,15,11,12,18,16,14,11,12,6,16,-20,42,5,10,8,10,18,18,37,17,19,11,20,7,15,8,12,16,16,13,14,6,6,9,15,3,4,19,6,8,16,9,10,28,3,5,15,11,7,10,5,6,8,7,-20,6,5,12,10,6,18,15,5,8,13,7,15,28,16,14,7,19,12,10,20,6,5,-20,3,-20,3,7,5,4,7,16,10,9,20,18,6,8,10,6,11,9,15,8,15,4,10,9,17,8,13,35,-20,8,9,-20,9,-20,13,14,16,3,8,6,7,11,4,8,8,-20,3,7,18,10,6,10,7,5,12,7,11,5,12,4,12,9,12,8,9,5,5,7,-20,4,5,8,8,-20,3,4,-20,3,7,19,4,8,6,12,6,9,9,-20,5,9,12,7,12,3,-20,-20,-20,6,2,8,6,7,11,9,6,7,-20,9,4,6,10,9,7,4,8,8,14,4,9,9,6,7,7,8,8,-20,4,9,9,8,6,15,4,39,32,5,30,32,16,17,28,50,44,95,54,53,56,50,62,50,69
"chr3,16538504",-20,8,-20,-20,-20,10,8,14,4,11,-20,5,40,27,20,24,34,13,56,63,40,-20,45,26,54,35,16,20,6,9,8,7,8,17,59,38,33,26,18,8,8,34,13,22,21,29,-20,37,17,8,11,26,45,26,36,20,48,17,29,31,32,27,30,35,29,47,30,51,41,16,28,20,14,30,22,59,22,6,8,15,9,17,17,12,12,26,14,48,18,17,26,27,31,27,44,38,-20,27,11,39,21,35,9,6,28,38,4,29,31,5,14,3,37,30,9,5,48,13,6,8,6,6,5,9,28,3,6,50,7,9,29,2,4,-20,28,35,38,-20,7,12,-20,5,-20,7,33,7,4,42,5,5,6,14,12,21,27,13,17,13,53,26,2,5,3,7,-20,8,-20,-20,6,16,25,48,38,18,4,21,8,21,20,53,7,29,17,5,27,8,13,15,10,11,31,10,5,6,6,12,10,14,32,9,14,14,37,15,18,22,16,37,6,30,48,27,23,34,9,23,34,16,12,13,12,6,7,37,11,17,14,33,54,25,32,29,32,9,5,10,9,14,28,14,26,14,9,10,8,37,23,12,7,14,11,17,7,9,13,18,16,8,16,-20,15,18,13,18,11,19,26,13,25,20,18,23,14,25,19,12,31,38,17,46,17,18,5,21,5,17,6,-20,6,-20,6,22,9,10,40,24,21,9,6,3,26,4,-20,8,6,23,34,6,35,38,33,42,38,40,5,6,7,7,21,45,-20,19,18,21,5,12,-20,7,14,16,7,10,6,7,45,6,15,20,59,15,7,45,6,23,5,23,5,6,7,7,-20,4,8,11,-20,10,2,9,25,9,5,7,8,6,-20,10,12,13,4,10,9,8,7,34,5,9,6,61,11,7,10,8,11,15,21,9,19,16,13,20,8,10,6,8,-20,14,5,4,84,8,8,-20,11,19,12,11,7,7,16,10,19,11,5,39,-20,15,10,4,3,7,9,8,4,9,6,20,8,-20,26,17,12,11,111,12,4,9,8,5,8,13,5,15,-20,13,4,8,11,4,25,14,81,24,4,11,6,5,9,4,7,8,4,20,9,8,26,10,9,6,9,8,3,12,9,8,7,12,10,12,46,26,23,15,13,8,10,12,12,10,7,16,6,5,14,17,19,22,5,19,8,6,9,8,5,6,48,21,17,8,4,5,7,29,-20,14,32,24,31,25,9,28,40,-20,5,29,38,8,8,34,12,7,34,13,-20,-20,-20,11,-20,15,10,5,9,13,37,7,19,20,7,20,-20,13,14,11,4,8,11,4,16,8,44,12,10,41,22,21,4,9,17,6,73,10,13,-20,14,15,-20,-20,9,21,29,39,15,45,41,36,33,31,23,27,8,23,16,12,27,5,10,12,7,15,7,5,12,16,13,14,12,12,8,41,5,19,16,10,14,10,20,22,23,20,7,8,8,19,20,23,91,33,24,49,34,19,35,16,34,41,23,22,32,24,33,22,36,26,12,4,11,29,52,8,10,9,8,11,53,8,18,30,40,31,14,23,4,13,10,58,29,14,37,19,6,9,13,21,6,15,16,15,9,19,6,9,4,21,11,-20,12,12,7,14,10,10,13,12,8,10,14,8,20,11,24,8,9,15,4,11,5,12,4,13,13,12,7,15,10,-20,8,12,12,22,18,21,8,10,15,7,8,12,6,3,7,11,12,11,13,10,10,4,12,14,7,10,12,13,19,7,8,9,5,22,10,19,21,15,-20,6,31,6,12,21,12,15,17,8,9,5,12,10,6,7,9,16,7,-20,-20,-20,10,11,8,7,4,-20,-20,-20,-20,-20,-20,-20,-20,11,-20,5,8,6,-20,-20,-20,2,4,12,9,5,6,15,5,6,8,6,3,8,4,4,16,17,-20,7,5,10,13,21,15,8,22,13,14,13,10,-20,3,6,6,14,8,15,4,13,8,12,3,4,13,3,-20,8,8,9,22,20,19,5,23,8,13,14,10,9,-20,8,5,7,-20,3,-20,9,15,3,11,3,6,3,16,6,17,16,13,32,16,12,7,10,11,14,3,6,8,6,17,10,6,13,24,-20,7,6,6,10,9,54,5,17,19,13,11,22,26,15,30,17,15,11,12,18,16,14,11,12,6,16,-20,42,6,10,8,10,17,18,37,17,19,11,20,7,15,8,12,16,16,13,13,6,6,-20,13,3,4,19,6,8,16,9,10,28,3,5,15,11,7,10,5,6,8,7,-20,7,5,12,-20,6,18,15,5,8,12,7,16,28,16,14,8,19,12,8,19,6,5,-20,3,4,3,7,5,4,7,16,11,9,20,18,6,10,10,6,11,9,15,8,15,4,10,9,17,8,13,35,-20,8,9,-20,9,-20,13,14,16,3,8,7,6,11,4,8,8,-20,3,7,19,10,6,10,7,5,12,6,11,5,12,4,12,9,12,8,-20,4,-20,8,-20,4,6,6,7,-20,3,5,-20,5,7,19,4,8,6,11,6,-20,10,7,5,8,-20,5,12,3,-20,-20,-20,7,3,8,6,8,12,8,5,7,-20,8,6,7,12,10,7,5,7,9,15,-20,11,8,6,7,5,7,9,-20,4,-20,10,8,7,16,4,40,31,5,33,34,17,18,27,55,44,95,51,53,58,48,61,51,71
"chr3,16538509",-20,9,-20,-20,-20,10,8,14,4,11,-20,5,39,29,19,25,36,13,60,63,42,-20,49,27,56,35,17,27,6,9,7,7,8,18,58,37,34,25,17,7,8,36,11,21,23,33,6,36,18,8,11,26,43,28,33,20,49,15,29,31,33,27,31,35,30,50,29,52,42,16,31,19,14,33,21,58,22,6,8,13,9,18,17,11,13,26,15,47,20,18,24,28,31,27,48,40,-20,27,10,40,25,33,9,6,27,39,4,31,35,5,14,3,38,31,9,5,48,15,5,8,6,5,5,9,28,3,6,53,9,9,30,2,4,-20,27,34,38,-20,7,12,-20,5,-20,7,35,8,4,43,6,6,6,13,12,22,28,13,16,15,54,25,2,6,3,7,-20,8,-20,-20,5,16,25,48,35,16,4,22,7,17,21,53,7,28,17,5,27,8,13,17,9,11,34,10,5,6,6,11,8,15,35,9,14,14,34,16,18,24,15,39,6,30,51,31,22,36,10,23,34,16,12,15,9,6,7,38,10,16,16,25,48,26,32,27,34,10,5,9,9,13,28,14,26,13,10,11,7,39,22,9,7,13,10,18,7,9,13,14,16,-20,15,-20,15,19,12,18,11,18,27,13,27,20,17,22,16,25,16,12,31,38,15,45,14,19,5,22,5,19,6,2,5,3,7,23,7,10,38,21,10,9,6,3,29,-20,-20,8,7,22,34,-20,36,37,35,40,40,37,5,6,7,7,22,45,9,20,17,21,5,14,-20,8,15,18,7,-20,7,7,45,6,15,19,58,15,7,43,8,24,5,24,5,6,8,7,9,4,8,12,-20,11,2,10,24,10,5,7,8,5,-20,10,13,13,4,9,9,8,7,34,5,10,6,60,10,7,10,-20,12,16,20,8,19,15,12,19,8,10,6,8,-20,16,5,5,86,8,-20,3,11,19,11,11,8,8,16,11,17,12,5,40,-20,15,12,4,2,10,9,8,5,9,7,18,6,-20,26,17,13,11,107,12,5,9,8,5,8,14,6,16,5,12,4,8,8,4,25,16,89,24,4,12,6,5,9,4,8,10,5,15,9,7,27,10,9,7,11,8,-20,11,-20,6,7,12,12,12,44,27,24,17,14,8,11,12,12,10,7,17,7,-20,12,15,19,20,5,19,8,6,10,8,5,6,45,22,17,8,4,5,7,28,10,14,31,24,33,26,9,30,39,-20,5,32,36,8,8,32,13,6,36,11,-20,11,41,11,-20,15,11,6,10,13,39,8,19,19,7,21,-20,14,13,11,4,7,13,6,17,8,43,12,10,40,22,20,4,8,16,6,74,9,13,-20,16,16,-20,-20,-20,17,28,41,15,45,41,35,34,32,23,27,8,24,14,13,27,5,10,12,7,16,7,5,13,16,13,14,13,12,7,41,5,19,16,10,14,9,20,22,23,20,6,8,7,19,21,23,89,35,24,43,34,21,35,16,33,42,24,19,32,22,36,20,33,26,13,5,11,31,52,7,9,10,-20,15,56,8,18,33,40,33,16,23,4,15,9,60,26,17,38,19,7,10,14,21,7,16,16,15,8,19,6,10,3,23,11,-20,11,13,7,14,11,10,13,12,8,9,17,9,20,12,24,8,-20,15,5,14,5,12,4,14,13,11,7,15,9,-20,8,11,11,22,15,23,8,10,14,8,8,12,6,3,7,11,14,12,13,10,11,4,11,14,8,10,11,13,17,7,8,8,5,22,11,19,21,14,20,7,33,6,12,21,9,15,17,8,9,6,12,10,6,7,9,17,7,-20,-20,-20,10,11,6,7,4,-20,-20,-20,-20,-20,-20,-20,-20,11,6,5,8,7,-20,-20,-20,2,4,12,9,5,6,14,6,6,8,6,3,6,4,4,16,17,-20,7,4,10,13,22,15,8,23,13,15,12,10,-20,3,7,6,14,7,15,4,12,9,12,3,4,14,3,-20,8,8,9,20,20,19,5,23,8,13,15,10,9,-20,8,5,7,-20,3,6,9,16,3,12,3,6,3,16,6,17,16,13,32,15,12,7,9,11,15,3,6,8,6,15,10,6,12,25,22,7,6,6,10,9,54,5,17,18,13,12,23,27,15,34,17,15,11,11,18,17,14,11,12,6,16,9,44,7,10,8,10,17,16,39,16,19,10,19,7,16,8,12,16,16,13,13,6,6,8,13,3,4,19,7,8,16,9,10,28,3,5,15,11,7,10,5,6,-20,7,-20,7,5,14,12,6,18,14,5,8,12,8,16,29,15,14,9,18,12,6,18,6,5,3,3,3,3,7,5,4,7,15,10,10,21,16,6,12,10,6,11,12,17,8,17,4,10,9,18,9,13,36,-20,8,9,-20,11,-20,12,12,17,4,9,8,6,11,4,8,8,-20,3,8,17,10,6,10,7,4,12,6,10,5,12,4,12,9,12,8,8,3,5,8,-20,5,5,6,8,-20,5,4,-20,8,-20,14,6,8,7,10,-20,-20,10,8,3,4,10,6,12,-20,-20,-20,8,7,-20,6,6,7,9,10,-20,5,-20,7,4,5,8,6,7,5,10,9,15,3,7,7,7,6,4,9,11,5,4,8,9,9,8,16,4,37,31,5,32,35,17,18,27,56,45,89,51,53,62,48,64,50,74
"chr3,16538511",-20,9,-20,4,-20,10,8,14,4,11,-20,5,39,30,19,25,37,12,62,65,43,-20,50,26,56,35,17,27,6,9,7,7,8,18,59,36,33,25,18,7,8,36,10,21,21,32,7,36,18,9,11,24,43,28,32,20,51,-20,29,26,33,26,31,35,30,49,29,51,43,18,30,19,16,33,22,56,23,6,9,13,-20,18,17,11,13,27,16,46,19,19,25,30,31,29,45,40,-20,27,9,39,23,32,9,6,29,38,4,32,37,5,14,3,36,31,10,5,50,14,6,8,6,5,5,9,28,3,6,55,10,9,30,-20,4,-20,28,33,36,-20,7,13,-20,5,-20,7,35,8,4,45,6,8,6,13,11,23,28,13,16,17,54,25,2,6,3,7,-20,7,-20,-20,6,16,25,49,35,16,4,22,7,17,23,54,7,27,17,5,27,8,13,15,9,11,34,10,5,6,6,12,8,13,35,9,14,14,34,14,18,24,16,38,6,30,50,31,22,33,10,22,33,16,12,15,9,6,7,40,10,16,15,17,51,27,31,27,34,10,5,9,9,12,28,15,26,13,9,11,7,39,22,8,7,14,10,19,7,9,13,14,15,6,13,-20,14,19,12,18,11,18,24,12,26,22,15,22,16,23,16,12,32,36,14,42,14,19,5,20,5,18,6,-20,5,3,7,23,7,10,39,19,11,-20,6,3,27,-20,-20,8,7,20,33,6,36,37,35,40,38,38,5,6,7,7,21,46,9,21,19,21,5,14,-20,8,15,18,7,-20,7,7,45,6,-20,19,54,15,9,44,8,26,5,24,5,6,9,7,9,4,8,12,-20,12,2,11,24,11,5,7,8,5,-20,10,13,12,4,9,9,8,7,34,5,10,6,64,10,7,10,7,14,16,23,8,19,15,13,18,8,10,6,8,-20,16,5,5,85,8,8,3,11,17,11,11,8,8,17,11,17,12,5,41,-20,14,12,5,3,10,9,7,5,9,7,18,6,-20,27,17,13,11,106,12,5,9,8,5,8,14,6,16,-20,13,4,8,8,4,25,16,93,23,4,12,6,5,9,4,8,10,5,16,9,7,28,10,10,7,11,8,-20,11,9,5,7,12,12,12,45,27,25,17,14,8,11,11,12,10,7,18,8,5,13,16,19,21,5,20,8,6,10,8,5,6,46,22,18,8,4,5,6,26,9,14,30,24,33,27,11,30,35,-20,5,32,34,8,8,32,12,4,36,11,-20,11,41,11,-20,16,11,6,11,13,38,9,21,19,7,21,-20,13,14,11,4,7,13,6,17,8,43,13,12,40,21,20,4,8,16,6,76,9,13,-20,16,16,-20,-20,9,17,29,41,14,44,41,34,34,30,23,27,8,24,14,14,29,5,10,12,7,16,8,5,13,16,13,14,13,12,8,43,5,18,15,10,16,9,20,22,23,20,7,8,9,19,20,24,87,36,24,44,34,21,38,17,35,43,23,17,34,22,34,18,35,29,13,5,10,29,53,7,9,10,10,15,54,8,18,32,40,32,17,23,6,13,11,60,26,15,37,19,6,7,14,22,7,16,14,14,8,19,6,12,4,23,11,-20,10,13,8,14,11,10,13,12,8,9,18,10,20,12,26,8,9,15,5,13,7,12,4,16,13,12,7,14,10,8,8,12,11,24,16,22,9,10,14,8,8,13,7,3,8,13,13,13,13,10,11,4,12,14,7,9,11,12,18,9,8,8,5,24,11,18,21,14,20,7,33,6,12,20,9,16,17,8,9,6,12,11,8,7,9,16,8,-20,-20,-20,10,12,7,-20,4,-20,-20,-20,-20,-20,-20,-20,-20,11,6,5,9,7,-20,-20,-20,3,4,12,9,5,-20,15,6,6,8,7,3,7,4,4,16,18,-20,9,4,10,12,22,15,8,24,13,15,12,11,-20,3,7,6,15,7,15,4,12,9,13,5,4,14,3,-20,11,9,9,21,18,19,5,23,8,13,15,10,9,-20,9,5,7,-20,3,6,9,17,3,13,4,6,3,16,6,17,16,13,32,15,11,8,9,11,15,4,6,8,6,15,10,6,13,25,22,9,6,6,10,9,54,5,18,20,13,12,23,29,16,34,17,17,12,11,18,19,19,12,12,6,16,11,44,7,10,8,10,16,18,39,16,19,10,19,7,16,8,12,16,16,13,13,8,7,8,14,3,4,19,7,8,16,9,10,28,3,5,15,12,7,12,6,6,8,7,-20,8,6,16,12,6,18,14,5,8,13,-20,16,28,15,14,9,18,12,7,18,6,5,3,3,3,3,7,5,4,7,15,10,10,22,16,6,12,10,5,12,13,17,8,18,4,10,8,17,9,13,36,3,8,9,-20,13,-20,13,12,17,4,9,10,6,11,4,8,8,-20,3,8,19,10,6,11,7,4,11,6,10,5,12,4,11,9,14,8,6,3,6,10,-20,5,6,5,8,-20,-20,4,3,7,-20,14,6,7,7,9,-20,9,10,8,5,5,11,6,12,4,-20,-20,7,6,-20,7,4,7,8,9,6,5,-20,6,6,7,9,8,8,6,9,9,18,-20,9,-20,7,8,-20,9,10,4,4,11,9,9,8,18,4,37,31,5,32,35,16,19,27,57,45,88,57,53,62,48,65,50,73
"chr3,16538512",-20,9,-20,4,-20,10,8,15,4,10,-20,5,38,30,19,25,37,13,63,65,42,-20,52,25,56,35,17,27,6,9,7,7,8,18,60,38,33,25,18,7,8,37,10,21,21,32,7,36,18,9,11,24,43,28,34,20,51,-20,29,27,35,25,30,37,32,49,29,50,42,18,30,22,16,33,23,56,23,6,9,13,9,18,17,11,13,28,16,48,20,18,24,30,31,31,45,40,-20,26,9,39,21,33,10,6,28,39,4,32,36,5,14,3,37,32,10,5,51,14,6,8,-20,5,5,9,28,3,6,55,10,9,30,-20,4,-20,28,32,38,-20,7,14,-20,5,-20,7,36,8,4,45,6,8,6,13,11,23,27,14,15,17,53,24,2,6,3,7,-20,7,-20,-20,6,16,25,49,34,16,4,22,7,17,23,54,8,28,16,5,27,8,13,15,9,11,23,10,5,7,6,11,10,13,33,9,14,14,34,13,18,24,16,39,6,29,50,31,25,31,10,22,33,18,12,16,9,6,7,40,10,16,15,17,50,27,31,27,34,10,5,8,9,12,27,15,27,13,9,11,7,39,22,8,7,13,9,19,7,8,13,14,15,6,13,-20,14,19,12,17,12,18,25,12,25,22,17,13,16,25,17,11,32,36,14,41,14,19,5,20,5,18,6,3,5,3,8,23,7,10,39,19,11,8,6,3,25,-20,-20,8,7,22,32,6,36,37,35,42,39,37,5,6,7,7,21,46,9,21,19,20,5,15,-20,8,15,18,7,-20,7,8,46,6,14,19,58,15,9,44,8,26,5,25,5,6,10,7,9,4,8,12,-20,12,-20,12,25,11,5,7,8,5,-20,10,13,11,4,9,9,8,-20,34,5,10,6,65,10,7,10,7,14,16,24,8,19,15,13,19,8,10,6,8,9,16,5,5,86,8,8,3,11,17,11,11,8,8,17,11,16,12,5,41,-20,14,12,5,3,10,9,6,5,10,7,18,6,-20,28,17,13,11,107,12,5,9,8,5,8,15,6,15,5,13,4,8,9,4,25,17,94,23,4,12,6,5,9,4,8,10,5,16,9,7,28,10,10,7,11,8,-20,11,9,7,7,12,12,12,47,28,25,16,14,8,10,12,12,10,7,18,8,6,12,16,19,21,5,19,8,7,10,8,5,6,48,22,18,8,4,5,7,26,9,14,29,24,34,27,11,29,36,-20,5,33,34,8,8,32,12,4,36,11,-20,11,41,11,-20,17,11,-20,11,14,38,9,20,19,7,22,-20,13,14,11,5,7,15,6,17,8,43,13,12,40,20,17,4,8,15,6,79,9,13,-20,16,17,-20,-20,9,17,31,40,14,44,42,35,34,31,24,28,8,24,14,14,29,5,9,12,7,16,8,5,13,16,13,14,13,12,8,43,5,19,17,10,16,9,20,22,22,20,7,8,9,19,20,24,89,36,24,43,33,21,38,17,36,43,24,18,32,22,34,18,36,29,12,5,10,29,51,7,9,10,9,15,56,8,18,32,40,32,17,22,6,13,11,59,26,15,37,18,6,7,14,22,7,16,16,14,8,19,6,12,4,23,11,-20,11,13,9,14,11,10,13,12,8,9,18,10,20,13,26,9,9,15,5,13,7,12,4,16,13,12,8,15,10,8,8,13,11,24,16,23,-20,10,14,8,7,13,7,3,8,13,13,13,12,10,11,4,12,14,7,9,12,13,18,9,8,8,5,24,12,18,21,14,20,7,33,6,12,20,9,16,17,8,8,6,12,11,8,7,9,16,8,-20,-20,-20,10,12,7,7,4,-20,-20,-20,-20,-20,-20,-20,-20,11,6,6,9,7,-20,-20,-20,3,4,12,9,5,7,15,6,6,8,7,3,7,4,4,16,18,-20,9,4,10,13,22,15,8,25,13,15,12,11,-20,3,7,6,15,7,15,4,12,9,13,5,4,14,3,-20,10,9,9,21,19,19,5,23,8,14,15,10,9,-20,9,5,7,-20,3,6,9,17,3,13,4,6,3,17,6,17,16,14,32,15,11,8,9,11,15,4,6,8,6,15,10,6,13,24,22,9,6,6,10,9,54,5,18,21,13,11,23,29,16,34,17,17,12,11,18,19,19,12,12,6,16,11,44,7,10,8,9,16,18,40,16,19,10,19,7,16,8,12,17,16,13,13,8,7,8,14,3,-20,19,7,8,16,9,10,28,3,5,15,12,7,12,6,7,8,7,-20,8,6,16,12,6,18,14,5,9,13,-20,16,29,15,14,9,18,12,7,18,6,5,3,-20,3,3,7,5,5,7,14,10,10,23,16,6,12,10,5,12,13,17,8,18,4,10,8,17,9,12,36,3,8,8,-20,13,-20,13,12,17,4,9,10,6,11,4,8,8,-20,3,8,19,10,6,10,7,4,11,6,10,5,12,4,12,9,14,8,6,-20,-20,10,-20,4,6,5,6,-20,4,5,3,7,7,15,7,8,7,10,-20,9,9,9,5,7,11,6,13,3,-20,-20,-20,-20,-20,8,5,7,9,9,6,8,-20,6,4,5,9,7,8,6,10,9,17,-20,10,8,6,8,5,10,11,4,4,10,9,9,9,16,4,37,31,5,32,37,16,19,28,56,47,88,57,53,63,49,66,48,76
"chr3,16538514",-20,10,-20,4,-20,10,9,16,4,11,-20,5,39,30,20,24,35,13,63,66,40,-20,50,25,59,35,17,27,5,9,7,7,8,18,57,36,32,24,18,8,8,38,10,21,21,32,7,36,18,9,11,23,42,30,33,20,51,-20,27,27,36,26,31,37,32,49,29,52,42,18,32,22,15,32,23,57,23,6,9,14,10,18,17,12,14,27,16,47,21,18,24,30,27,31,44,40,-20,27,9,42,23,34,13,6,29,38,4,33,38,5,14,3,40,31,10,5,53,15,7,8,7,5,5,10,28,3,6,55,11,9,30,-20,4,-20,30,33,38,-20,7,14,-20,5,-20,7,36,8,4,45,7,9,6,13,11,22,27,14,16,17,57,24,2,6,3,8,-20,7,-20,-20,6,16,25,49,33,13,4,23,7,17,22,44,8,28,17,5,25,8,13,15,9,12,23,10,4,7,6,11,8,13,33,9,14,14,30,14,19,25,16,37,5,29,49,31,25,30,10,23,33,18,13,16,8,6,-20,40,10,15,15,19,54,27,31,25,33,14,5,8,10,11,25,14,28,13,8,10,6,41,22,8,7,14,8,19,6,8,12,14,15,5,13,-20,15,19,12,19,12,18,28,12,22,24,17,13,16,25,17,11,32,38,12,41,14,19,5,20,5,20,6,-20,5,-20,8,23,7,9,39,19,11,8,6,2,26,-20,-20,8,7,22,33,6,34,37,35,44,40,37,5,6,7,7,21,46,9,21,18,21,5,15,-20,8,15,18,6,11,6,8,45,6,15,19,61,15,9,46,7,26,5,25,5,6,10,7,9,4,8,12,-20,12,-20,12,26,11,5,7,8,5,-20,10,13,12,4,13,10,8,7,34,5,10,6,65,9,7,10,7,14,16,24,8,19,15,14,19,8,9,6,8,-20,16,5,5,87,8,7,3,12,15,11,11,8,8,17,11,16,12,5,42,-20,12,12,5,3,10,9,6,5,10,7,19,6,-20,28,17,13,11,110,12,5,9,8,5,8,16,6,16,5,13,4,8,9,4,27,17,95,24,4,12,6,5,9,4,7,10,5,17,9,7,29,9,10,7,11,8,-20,11,10,7,7,12,12,12,50,28,26,17,14,8,10,12,12,10,7,17,8,6,12,16,19,21,5,20,8,7,10,8,5,6,48,23,19,8,4,4,7,28,9,13,30,24,35,27,10,29,38,-20,5,33,37,8,8,33,12,4,35,12,-20,12,40,11,-20,16,12,6,11,14,37,9,21,19,7,20,-20,13,14,11,5,7,15,6,18,8,43,12,12,39,20,16,4,8,16,7,79,9,13,-20,16,17,-20,-20,9,18,33,40,14,44,41,35,35,32,24,28,8,24,14,14,29,5,9,11,7,16,8,5,13,16,14,14,13,11,8,41,5,19,17,10,16,9,20,21,24,20,7,10,9,19,19,22,88,36,24,41,33,21,36,16,35,42,24,18,32,23,34,18,36,28,12,5,10,28,50,7,10,9,9,14,55,7,18,31,39,33,17,22,5,13,11,59,26,15,37,18,6,7,13,23,7,16,20,14,8,20,6,12,4,23,11,-20,11,13,9,14,11,10,13,12,7,9,20,10,20,13,28,9,9,15,7,14,7,13,5,15,14,14,8,15,10,8,9,-20,11,27,16,24,10,10,13,8,7,13,7,3,8,13,14,13,13,10,11,4,12,13,7,9,11,13,19,9,8,7,5,24,12,18,23,14,21,7,33,8,12,21,9,15,17,8,8,6,12,11,8,7,9,15,8,-20,-20,-20,10,13,7,7,4,-20,-20,-20,-20,-20,-20,-20,-20,11,6,6,6,7,-20,-20,-20,3,4,12,9,5,7,15,6,6,8,7,3,6,4,4,16,18,-20,9,4,10,13,22,15,10,25,13,16,12,11,-20,3,7,6,15,7,15,4,12,9,14,5,4,14,3,-20,10,9,9,22,19,20,5,24,8,14,15,10,9,-20,9,5,7,-20,3,7,9,20,3,13,4,6,3,17,6,17,18,14,32,15,13,8,9,13,16,4,6,10,6,17,10,6,13,24,22,9,6,6,10,9,54,6,18,22,13,12,23,29,16,34,17,17,12,11,20,19,19,12,11,6,16,10,43,7,10,8,9,17,18,40,16,20,10,19,7,17,8,12,17,16,13,13,10,7,8,14,-20,-20,21,7,8,16,8,10,30,3,5,15,12,7,13,5,7,9,8,-20,8,6,16,12,6,18,14,5,10,15,8,16,30,17,14,9,18,14,9,18,6,5,3,3,3,3,7,5,-20,6,13,11,10,23,19,6,12,10,5,12,14,17,9,19,4,10,8,18,9,12,36,3,8,7,-20,14,-20,14,12,18,4,9,10,6,11,4,8,8,-20,3,8,19,9,6,11,7,4,10,6,10,5,12,4,12,9,13,8,6,-20,-20,10,-20,4,8,5,6,-20,5,4,3,8,8,16,8,9,8,11,-20,9,8,-20,7,5,10,6,13,4,-20,-20,-20,7,-20,8,5,6,7,10,6,7,-20,6,6,-20,9,-20,7,6,11,11,16,3,8,10,5,7,5,8,10,4,3,-20,8,10,8,17,4,37,31,5,33,36,16,17,28,58,47,88,57,53,61,50,67,49,78
"chr3,16538515",-20,10,4,4,-20,9,9,16,4,11,-20,5,40,31,20,24,35,14,63,65,39,-20,51,24,59,34,19,28,5,9,7,7,8,18,58,36,34,24,18,8,8,39,10,21,21,32,7,36,19,10,12,23,41,30,34,19,51,-20,27,26,36,23,31,37,32,48,30,52,42,18,32,23,15,32,23,57,23,6,9,14,11,18,17,12,14,26,16,48,22,17,24,30,26,30,44,39,-20,27,9,43,24,34,13,6,28,36,4,33,39,5,14,3,42,31,10,5,53,15,6,8,7,6,6,10,28,3,6,57,12,9,30,-20,4,-20,29,33,38,-20,6,15,-20,5,-20,7,36,8,-20,45,7,9,6,13,11,21,27,14,17,18,57,24,2,6,3,8,-20,7,-20,-20,6,16,25,49,32,13,4,23,7,17,21,44,7,28,17,5,25,8,12,15,10,13,20,10,4,7,6,11,8,13,33,9,14,14,30,14,18,23,16,36,5,29,49,32,25,34,10,23,34,17,13,15,9,6,7,39,10,15,14,20,51,27,32,25,34,14,5,7,10,11,24,14,29,12,8,10,5,42,22,7,7,14,8,19,7,8,12,12,15,5,13,-20,15,19,12,19,13,18,26,13,22,23,17,13,16,25,17,11,32,38,12,41,14,19,5,21,5,20,5,-20,5,-20,9,23,7,9,39,19,11,8,6,2,26,5,-20,8,7,21,32,6,35,37,36,44,40,37,5,6,6,7,21,46,9,21,19,21,5,15,-20,7,14,18,6,12,6,8,44,6,15,19,64,15,9,45,7,27,5,25,5,6,12,7,9,4,7,12,-20,12,-20,12,25,11,5,8,7,5,-20,10,13,11,4,13,10,8,7,33,5,10,6,66,9,7,10,7,14,17,23,8,19,14,14,19,8,9,6,7,9,16,5,5,86,8,7,3,12,15,10,11,8,8,17,12,16,12,5,42,-20,12,12,5,3,11,9,6,5,10,8,19,6,-20,28,17,13,11,109,12,5,9,9,5,8,16,6,16,5,13,4,8,9,4,26,17,97,24,4,12,6,5,8,4,7,9,5,17,9,7,29,9,10,7,11,8,-20,11,10,7,7,12,12,12,52,28,26,18,15,8,10,12,12,10,7,17,8,6,12,16,19,22,5,20,8,7,10,8,5,6,48,23,19,8,4,5,7,28,9,13,29,23,35,29,10,31,38,4,5,32,37,8,8,33,12,4,38,12,-20,12,40,11,-20,16,12,6,13,14,37,9,21,19,7,20,-20,13,14,11,5,7,15,6,18,8,42,13,12,40,19,16,4,7,-20,7,79,9,13,-20,16,17,-20,-20,9,18,34,40,14,44,40,35,35,31,23,28,8,25,14,14,29,5,9,12,7,18,8,5,13,16,13,14,13,12,8,41,5,20,17,10,16,9,20,21,24,20,7,10,9,19,19,23,91,37,23,41,32,21,36,17,35,43,24,19,34,22,33,18,36,28,12,5,10,28,51,7,10,10,8,14,55,8,19,31,42,33,17,22,5,13,11,59,26,17,37,18,6,7,11,23,7,15,20,14,8,20,6,12,4,23,10,-20,11,13,9,14,11,10,13,12,7,9,20,10,20,13,28,9,8,15,7,14,7,13,5,15,14,14,8,15,11,8,9,15,11,27,16,21,-20,10,13,7,7,13,7,3,8,13,14,13,13,10,11,4,12,13,7,9,11,13,19,9,8,7,5,24,12,18,23,14,21,7,33,8,12,21,9,16,17,8,8,6,12,11,8,6,9,15,8,-20,-20,-20,10,13,7,7,4,-20,-20,-20,-20,-20,-20,-20,-20,11,6,6,6,7,-20,-20,-20,3,4,12,9,5,7,13,6,6,8,7,3,6,4,4,16,18,3,9,4,10,13,22,15,10,25,13,16,12,11,5,3,-20,6,15,6,15,4,12,9,14,5,4,13,3,-20,10,9,9,22,18,20,5,24,8,14,15,10,9,-20,9,5,7,-20,3,7,9,20,-20,13,4,6,3,16,6,17,18,14,31,15,13,8,9,13,16,4,6,10,6,16,10,6,13,24,21,9,6,6,10,9,54,6,18,22,13,12,24,29,16,34,17,17,12,10,20,19,18,12,11,5,16,10,43,7,10,8,9,17,18,40,16,20,10,19,7,17,8,12,17,16,13,13,10,7,8,14,-20,-20,21,7,8,16,8,9,29,3,5,15,12,7,12,5,7,-20,8,-20,8,6,15,12,6,18,14,5,10,15,8,16,30,17,14,8,18,14,9,18,6,5,3,3,3,3,7,5,6,6,13,11,10,23,19,5,12,10,5,12,14,17,9,19,4,10,8,19,9,12,35,3,8,7,-20,14,-20,14,11,18,4,-20,10,6,11,4,8,8,-20,3,8,20,9,6,11,7,4,10,6,10,5,12,4,12,9,13,8,6,-20,4,11,-20,4,6,5,7,-20,5,-20,3,8,8,13,8,8,8,10,-20,9,-20,8,8,6,-20,4,15,4,-20,3,6,7,-20,7,5,6,7,10,6,5,-20,6,5,-20,8,10,7,5,10,10,16,3,8,9,6,7,5,8,11,4,4,11,10,10,8,17,4,37,31,5,34,36,18,16,27,58,47,87,57,53,61,50,68,48,79
"chr3,16538517",-20,10,4,4,-20,9,9,16,4,10,-20,4,41,32,20,24,35,15,60,64,40,-20,50,25,59,34,20,28,5,9,7,6,7,16,59,38,35,24,18,9,8,37,10,21,21,30,7,36,18,7,12,23,39,31,32,19,51,-20,29,29,37,24,32,38,34,47,31,52,43,18,30,24,15,31,22,57,23,6,9,14,11,17,17,11,14,25,17,49,20,17,24,30,27,31,46,43,-20,30,7,43,24,33,14,6,29,38,4,34,41,6,12,3,43,28,12,5,57,15,6,8,7,6,6,10,28,3,6,56,12,9,29,-20,3,-20,28,32,36,-20,6,14,-20,5,-20,7,35,8,-20,45,7,9,5,13,11,21,27,13,18,18,60,24,2,6,-20,8,-20,7,-20,-20,6,15,25,49,32,13,4,23,7,18,22,43,7,27,16,5,26,8,13,16,10,12,20,9,4,7,6,11,9,13,33,9,14,14,32,14,18,23,16,34,5,30,52,32,24,34,10,22,34,17,13,16,9,5,7,38,10,15,15,19,48,27,32,24,34,14,5,7,10,11,24,13,28,11,7,10,5,42,21,10,7,14,8,19,7,8,12,12,13,5,12,-20,15,20,11,17,13,18,28,13,21,26,15,13,16,26,17,11,32,39,11,41,12,16,5,21,6,20,5,-20,5,-20,9,23,7,7,39,19,11,6,6,-20,25,5,-20,8,7,21,30,6,35,35,37,42,40,36,5,6,6,7,22,46,9,22,18,20,5,15,-20,8,13,19,7,11,6,8,44,5,15,17,65,15,8,43,7,26,5,26,6,6,12,7,8,4,7,12,-20,13,-20,12,22,10,5,9,7,5,-20,10,14,10,3,14,10,8,7,33,5,10,6,68,9,7,11,8,14,17,21,7,19,14,14,16,8,9,6,7,8,16,5,5,84,8,7,3,12,16,10,11,8,8,17,13,16,11,-20,42,-20,12,12,5,4,12,9,6,5,10,8,19,6,-20,28,18,13,10,108,12,7,9,9,5,8,16,7,17,-20,12,4,8,8,4,26,17,100,25,5,12,6,5,9,4,7,9,5,15,9,7,28,9,-20,7,10,8,-20,11,10,7,7,12,10,12,51,28,26,19,15,8,10,12,12,9,7,16,8,6,14,13,19,24,5,20,10,4,10,8,5,6,47,23,19,8,4,5,7,29,9,13,31,21,35,29,11,31,39,3,5,34,38,8,7,33,12,4,39,12,-20,12,40,11,-20,15,12,-20,13,13,40,9,21,19,7,19,-20,12,14,11,5,7,15,6,17,8,42,13,12,39,19,16,4,7,16,7,79,9,13,-20,16,17,-20,-20,9,18,34,40,14,43,39,37,39,30,22,28,8,24,14,14,29,5,-20,11,6,19,7,5,13,15,15,15,14,12,8,40,5,21,17,9,16,8,20,21,23,21,7,10,9,18,18,22,90,37,22,41,32,21,33,18,34,44,23,20,30,22,35,16,36,30,11,5,9,26,52,6,10,10,8,13,54,9,19,30,42,34,17,22,5,13,11,59,26,17,36,18,7,7,12,21,7,16,20,13,7,19,6,13,4,22,9,5,10,13,9,14,11,10,12,11,6,9,19,10,20,13,28,8,8,13,7,13,7,14,5,15,14,14,7,13,13,9,9,15,11,27,16,22,10,10,11,7,7,13,7,3,-20,13,14,11,13,10,11,4,12,13,6,9,11,12,19,9,8,7,5,25,12,16,23,14,21,8,33,8,12,21,9,17,16,8,8,7,13,11,8,6,10,15,8,-20,-20,-20,10,12,6,7,4,-20,-20,-20,-20,-20,-20,-20,-20,12,4,6,6,7,-20,-20,-20,3,4,12,10,3,6,15,7,5,8,7,3,6,4,4,16,18,3,10,4,10,13,21,16,9,24,13,15,12,11,3,3,7,6,16,6,15,4,13,9,14,5,4,14,4,-20,9,9,9,22,20,21,5,24,8,12,15,11,9,-20,9,5,6,-20,3,7,9,19,-20,13,4,5,3,16,6,19,18,14,32,16,12,7,8,11,15,4,6,10,6,16,10,6,13,22,20,8,6,5,9,9,51,6,17,22,13,12,27,29,15,29,16,17,11,10,20,17,19,12,11,5,15,11,42,6,10,8,8,17,18,41,15,19,10,20,7,17,9,12,17,17,13,13,9,7,8,16,-20,-20,19,7,8,16,7,9,25,3,5,16,12,7,12,6,8,8,8,-20,9,6,16,12,6,18,14,5,10,16,10,14,29,17,13,7,18,13,9,18,6,5,3,3,-20,3,6,5,6,6,12,11,12,24,19,5,12,10,5,12,14,17,8,17,4,10,8,19,9,12,32,4,8,7,-20,14,-20,14,13,18,4,-20,10,6,11,4,6,8,-20,3,8,20,9,6,11,6,4,10,6,9,5,11,4,12,9,13,8,7,-20,-20,8,-20,4,8,5,7,-20,5,4,3,8,8,16,8,10,7,10,-20,9,8,8,6,7,8,6,13,3,-20,-20,-20,10,-20,7,4,7,7,8,5,5,-20,-20,4,7,8,10,8,6,10,9,16,-20,8,9,6,7,6,7,11,4,4,12,9,10,9,17,4,37,30,5,32,36,18,17,26,57,45,88,57,46,63,50,68,50,80
"chr3,16538519",-20,10,4,6,-20,9,9,16,4,10,-20,4,41,33,20,25,34,16,58,65,42,-20,50,27,59,34,21,28,5,9,7,6,7,16,62,38,36,24,17,9,7,39,10,23,22,30,8,36,19,7,12,23,40,31,32,19,51,-20,29,29,39,23,34,38,34,49,32,52,41,19,29,22,15,31,22,56,22,6,8,14,11,18,17,11,13,26,18,49,19,15,24,30,27,32,50,44,-20,29,7,42,25,36,14,6,31,35,4,35,43,6,10,3,44,28,12,5,56,15,6,7,7,6,6,10,28,3,6,56,12,9,29,-20,3,-20,28,30,34,-20,6,14,-20,7,-20,7,37,8,-20,45,6,9,5,12,10,18,27,14,18,18,57,25,2,6,-20,9,-20,7,-20,-20,5,14,25,49,30,12,4,23,7,18,22,44,7,27,17,5,26,8,13,16,9,13,19,10,4,7,6,12,7,13,33,9,14,13,35,14,16,23,16,33,5,30,52,32,24,34,10,21,34,17,12,17,9,4,7,38,10,14,16,17,51,28,31,24,35,15,5,7,11,11,22,14,28,10,7,11,5,42,19,9,7,15,8,18,-20,-20,12,11,13,5,12,-20,16,20,11,17,14,18,28,13,19,26,15,12,16,25,17,11,34,39,12,41,12,15,5,21,7,20,5,-20,4,-20,9,22,7,7,39,19,11,6,6,-20,25,5,-20,8,7,21,32,6,35,36,37,43,40,36,5,6,6,7,22,46,8,22,18,22,5,15,-20,8,13,20,6,12,10,8,45,5,15,16,62,15,7,44,7,27,5,27,6,6,13,-20,8,4,7,12,-20,12,-20,12,24,10,5,12,7,5,-20,10,14,9,3,14,11,8,7,33,5,10,5,68,9,7,11,8,13,18,21,7,19,13,14,16,8,11,5,7,9,16,5,5,85,8,7,3,12,13,9,10,8,8,17,14,15,11,-20,41,-20,12,11,5,4,13,7,7,5,10,8,19,-20,-20,30,18,13,10,108,13,7,9,9,5,8,16,7,17,5,12,4,8,8,3,26,17,101,25,5,12,6,5,9,4,7,9,5,15,9,6,28,9,8,7,10,8,-20,11,10,8,7,12,10,12,50,28,26,22,15,8,10,12,12,9,8,17,8,6,14,13,19,24,5,22,10,4,11,8,5,6,49,23,19,8,4,5,7,30,9,13,32,22,36,29,11,31,40,3,5,34,39,8,7,32,13,4,43,13,-20,13,40,11,-20,15,12,7,13,16,38,9,21,21,7,19,-20,12,14,11,5,8,15,7,19,8,41,13,10,37,19,16,4,7,15,7,84,-20,13,-20,17,17,-20,-20,9,18,34,40,15,45,38,36,40,30,21,28,7,24,15,14,29,5,9,11,6,19,7,5,13,15,15,15,14,10,7,40,5,21,17,9,14,8,19,20,22,21,7,9,9,18,18,22,91,39,24,39,32,22,36,18,33,44,23,20,30,22,36,15,34,30,11,5,9,26,50,6,10,12,8,13,54,9,20,31,41,35,19,22,5,12,11,62,25,22,35,19,7,8,12,21,7,16,20,13,7,19,6,13,3,22,9,5,11,13,9,14,10,10,12,11,6,9,19,9,17,13,30,8,8,14,7,13,7,12,5,15,13,14,6,13,13,9,9,15,11,25,14,22,10,11,11,7,7,13,7,3,8,12,14,10,13,9,11,5,12,12,6,7,11,12,19,9,8,7,5,26,12,16,23,14,21,7,31,8,12,20,9,17,16,8,8,7,13,11,7,6,11,13,8,-20,-20,-20,10,12,6,7,4,-20,-20,-20,-20,-20,-20,-20,-20,12,4,6,5,7,-20,-20,-20,-20,4,12,10,3,6,15,7,5,8,7,3,6,4,4,16,18,3,10,4,10,13,21,16,9,24,12,15,12,10,3,2,6,6,16,6,15,4,13,9,14,5,4,14,4,-20,9,9,9,22,19,21,5,24,8,13,15,11,9,-20,9,5,5,-20,3,7,9,19,-20,13,4,5,3,16,5,19,17,14,31,17,12,7,8,11,15,4,6,10,6,16,10,6,13,21,20,8,6,5,8,9,49,6,18,22,12,12,26,29,15,29,16,17,11,10,20,17,19,12,10,5,15,12,41,6,10,8,7,17,18,41,15,18,10,20,7,17,8,11,17,17,14,13,9,6,8,16,-20,-20,19,7,8,16,7,9,25,3,5,17,12,7,12,6,8,8,7,-20,8,6,16,12,6,18,14,5,10,16,10,13,30,17,13,7,17,13,9,17,6,5,3,3,-20,3,6,5,6,6,13,11,12,23,19,5,11,10,5,12,14,16,8,18,4,9,9,19,9,11,30,4,8,7,-20,14,-20,14,13,17,4,-20,10,6,10,4,6,8,-20,-20,8,22,9,6,11,5,4,10,6,9,5,11,4,12,9,13,8,7,-20,-20,12,-20,4,-20,6,5,-20,6,4,3,10,9,15,8,10,6,10,-20,8,10,8,7,-20,13,5,14,4,-20,-20,-20,9,-20,6,3,6,6,9,6,6,-20,-20,4,-20,6,11,7,-20,10,9,17,-20,11,8,6,-20,6,7,-20,5,4,11,8,10,8,19,4,37,30,5,32,36,17,16,27,59,45,82,57,43,63,51,67,50,82
"chr3,16538522",-20,11,5,6,-20,9,10,19,4,-20,-20,-20,42,34,21,25,34,16,61,71,45,-20,51,27,59,35,23,27,6,8,7,6,7,15,63,38,35,24,13,10,7,38,11,23,22,31,9,36,17,7,11,23,39,31,31,19,53,-20,31,30,39,24,35,38,33,48,32,56,44,19,31,24,15,32,24,60,22,5,9,17,11,17,15,11,13,28,21,51,21,16,24,30,26,34,51,45,-20,34,7,44,27,36,12,6,33,41,4,35,42,6,10,3,43,30,13,7,56,14,6,6,7,6,5,10,28,3,6,54,16,10,29,-20,3,-20,29,28,34,-20,7,13,-20,6,-20,6,35,8,-20,45,6,9,4,12,10,18,26,13,17,21,57,26,-20,-20,-20,11,-20,6,-20,-20,5,14,24,47,28,11,3,23,7,18,24,44,8,21,20,4,25,7,13,15,9,13,18,11,-20,8,6,12,7,13,33,8,14,13,30,13,20,22,16,28,5,28,51,33,28,34,11,21,33,17,12,17,10,4,7,39,9,14,16,18,53,31,31,25,34,15,5,8,11,11,21,15,28,9,6,11,5,44,19,10,7,15,8,19,7,8,12,9,13,5,11,-20,17,19,10,16,15,19,26,14,19,27,15,12,16,28,17,11,33,39,12,42,14,15,4,21,7,19,5,-20,4,-20,9,20,5,7,39,17,11,7,5,-20,26,5,-20,8,7,21,32,7,36,36,36,43,43,34,4,6,6,4,23,46,8,22,20,23,5,15,2,8,13,-20,6,11,10,8,45,5,15,16,61,-20,7,42,8,29,5,25,-20,6,13,7,7,3,7,12,-20,13,-20,12,23,10,6,12,7,5,-20,10,14,9,3,14,11,8,7,32,5,9,5,69,9,7,11,8,13,18,20,7,22,13,14,15,8,11,5,8,-20,16,5,5,85,8,7,3,11,13,8,10,8,8,14,15,14,11,-20,37,-20,13,11,4,4,13,6,6,5,10,8,19,6,-20,30,18,13,9,106,12,6,9,9,5,9,16,6,17,4,12,3,8,7,3,27,17,105,24,5,11,6,5,9,4,8,8,5,15,9,6,26,8,8,7,10,7,-20,12,10,8,6,12,10,12,52,31,26,23,15,8,10,12,11,9,8,17,9,6,12,12,21,20,4,23,11,4,11,9,5,6,51,25,18,8,4,5,8,29,10,12,32,22,37,32,11,33,40,4,5,34,39,8,7,32,13,4,44,14,-20,-20,41,13,-20,14,13,7,14,16,37,8,21,19,7,18,-20,12,12,11,6,8,15,8,17,8,45,14,10,38,18,16,4,8,15,7,85,9,13,-20,18,16,-20,-20,9,16,34,42,16,46,38,36,43,28,20,30,7,25,15,14,29,5,9,10,7,18,8,5,12,15,12,15,12,9,7,39,3,22,17,10,13,8,19,23,23,24,8,10,12,20,16,22,87,39,24,39,28,22,33,19,35,44,23,19,30,20,36,14,33,29,12,4,8,26,47,5,10,12,7,14,55,9,20,32,37,35,18,22,5,12,9,61,25,21,36,19,7,7,14,23,7,15,20,12,7,20,7,11,3,23,9,5,10,13,9,14,11,10,12,10,6,9,18,8,13,14,30,8,8,15,7,12,7,12,7,15,13,13,5,11,12,11,7,15,11,28,15,22,10,13,-20,7,7,13,7,3,9,14,14,11,12,9,11,6,12,11,6,7,11,17,20,8,8,5,5,25,10,15,25,13,22,7,31,8,9,19,11,16,17,9,7,8,11,12,8,5,12,15,7,-20,-20,-20,-20,12,6,6,4,-20,-20,-20,-20,-20,-20,-20,-20,12,4,6,5,4,-20,-20,-20,-20,4,13,9,3,6,13,7,5,9,7,3,6,4,4,16,-20,3,12,6,10,11,22,17,13,27,14,15,12,10,3,2,6,5,13,6,14,5,13,9,12,4,4,12,4,-20,9,9,10,23,20,23,5,26,6,13,15,10,9,-20,9,5,6,-20,3,6,7,18,-20,13,4,5,4,14,6,17,18,15,32,18,13,7,8,13,19,3,6,10,5,17,9,6,13,22,21,7,6,5,8,9,44,8,16,27,12,12,29,30,14,34,15,17,11,9,20,17,16,11,11,5,15,12,42,6,10,8,7,17,19,41,13,16,10,24,8,16,8,10,19,18,17,16,11,5,9,18,-20,-20,19,8,8,15,7,9,24,4,5,19,12,7,13,6,7,9,8,-20,8,6,16,12,6,18,14,5,10,17,10,14,31,18,12,7,16,14,9,17,6,4,3,3,3,3,6,5,6,6,12,11,13,23,18,4,13,10,5,9,14,16,-20,18,4,8,9,18,10,10,28,6,8,7,-20,15,-20,15,11,17,4,5,13,5,9,4,5,8,-20,-20,8,25,9,7,11,4,4,10,6,11,6,10,4,11,9,14,8,7,-20,5,13,4,3,7,-20,6,-20,5,5,3,10,8,16,9,10,8,10,4,10,10,8,6,7,13,6,13,4,-20,3,6,11,-20,-20,-20,6,6,11,5,5,-20,-20,3,8,6,8,7,4,6,10,14,-20,-20,8,5,7,6,4,9,5,4,9,8,8,9,17,4,37,27,5,32,37,18,18,27,60,43,92,57,43,66,53,66,49,82
"chr3,16538523",-20,10,5,6,-20,9,10,19,-20,10,-20,-20,43,35,21,25,33,17,62,70,43,-20,52,26,60,34,23,27,5,8,7,6,7,15,62,38,36,22,13,10,7,39,12,21,22,31,9,38,17,8,17,23,38,31,31,19,53,17,30,30,40,25,35,38,33,49,33,54,44,19,31,25,15,32,24,60,22,5,9,17,11,17,16,11,13,29,21,53,22,16,24,30,25,34,52,45,-20,35,7,44,28,37,12,6,32,39,4,35,44,6,9,3,44,31,13,7,55,14,6,6,7,6,5,10,27,3,6,55,16,10,27,-20,3,-20,29,28,31,-20,7,13,-20,6,-20,6,35,8,-20,46,6,9,4,12,10,17,26,12,17,21,58,26,-20,7,-20,11,-20,6,-20,-20,5,14,24,47,27,5,3,24,7,18,25,44,8,21,20,4,23,-20,13,14,8,13,18,11,-20,8,5,12,7,13,33,8,14,12,30,14,20,20,16,28,5,28,50,33,28,34,11,20,32,17,12,17,-20,3,7,40,5,14,16,18,55,31,31,26,33,16,5,7,11,11,22,15,27,9,6,11,5,45,19,11,7,15,7,19,7,8,12,8,11,5,12,-20,17,19,9,15,15,19,27,15,19,27,16,12,16,28,17,11,33,39,12,42,14,15,5,21,7,19,5,-20,4,-20,9,20,5,7,44,17,11,7,5,-20,26,5,-20,8,6,21,33,7,36,37,36,45,44,34,4,6,6,4,23,45,8,22,21,23,5,16,2,8,13,20,6,12,10,8,45,5,15,16,65,16,7,41,8,29,5,26,6,6,13,7,7,3,6,12,-20,13,-20,12,23,10,6,12,7,5,-20,10,13,9,3,14,11,8,7,31,5,9,5,67,9,7,11,8,13,18,19,7,23,13,16,15,8,12,5,8,-20,16,5,5,90,8,7,4,11,14,8,10,8,7,13,15,14,11,-20,37,-20,13,11,4,4,14,6,6,5,10,8,19,6,-20,30,19,13,9,106,11,6,9,9,5,9,15,6,19,4,12,3,8,7,3,27,17,103,24,5,10,6,5,9,4,8,8,5,15,9,5,26,8,8,7,9,7,-20,12,10,8,6,11,10,12,53,31,26,23,15,8,10,12,11,8,8,18,9,6,12,12,21,19,4,23,11,4,11,9,-20,6,52,25,17,8,4,5,8,29,11,12,30,21,36,32,11,32,44,4,5,34,40,8,7,32,14,4,43,14,-20,13,40,13,-20,14,13,-20,14,15,36,8,20,19,7,18,-20,11,11,11,6,8,15,8,18,7,45,14,10,38,18,14,4,8,15,7,84,9,13,-20,18,17,-20,-20,9,16,31,42,16,46,38,37,43,29,21,30,7,30,17,17,34,5,9,10,7,18,7,5,12,15,13,14,12,7,7,38,-20,22,17,10,13,8,19,22,24,23,8,10,12,19,15,21,88,40,23,37,28,22,36,19,34,45,23,20,30,20,37,13,33,28,12,4,7,26,47,5,-20,13,7,14,56,9,20,32,38,34,19,23,5,12,9,61,25,21,37,18,7,7,14,23,7,15,20,13,7,21,7,12,3,23,9,5,10,13,9,13,11,10,12,10,6,9,18,8,14,14,28,8,8,15,7,12,7,12,7,16,13,14,5,11,12,11,7,15,11,27,15,21,11,13,10,7,7,13,7,3,9,14,14,10,12,9,11,6,12,11,6,7,11,18,21,8,8,5,5,26,11,15,24,13,21,7,31,8,9,19,11,15,17,9,7,8,11,12,8,5,12,15,7,-20,-20,-20,10,12,6,6,4,-20,-20,-20,-20,-20,-20,-20,-20,12,4,6,5,4,-20,-20,-20,-20,4,13,9,3,6,13,7,5,9,7,3,7,4,4,15,17,3,14,6,10,12,22,17,15,27,14,15,12,10,3,2,5,5,13,6,14,5,13,9,11,4,3,13,4,-20,9,8,10,23,19,23,5,26,6,12,14,10,9,-20,9,4,7,-20,3,6,7,18,-20,13,4,5,4,14,6,18,18,15,33,18,13,7,8,13,19,3,5,10,5,-20,9,6,13,22,21,7,4,5,8,9,43,8,16,27,12,12,29,30,14,33,15,16,10,9,22,17,16,11,11,5,15,12,41,6,10,8,7,18,21,41,13,16,10,24,8,16,7,10,19,18,17,16,11,5,9,18,-20,-20,19,8,7,15,7,9,24,4,5,19,12,7,13,6,7,9,8,-20,8,6,16,12,6,18,14,5,10,-20,11,14,31,18,12,8,15,14,9,17,6,4,3,3,3,3,6,5,6,6,12,11,13,23,18,4,13,10,5,8,14,14,7,18,4,8,9,19,10,9,28,6,8,6,-20,15,-20,15,11,17,4,5,13,5,8,4,5,8,-20,-20,8,25,9,7,10,4,4,10,6,11,6,10,4,12,9,14,8,8,-20,-20,12,4,4,6,5,6,-20,5,4,3,-20,9,15,9,10,6,9,-20,-20,9,6,6,7,12,6,12,3,-20,3,-20,9,-20,8,4,4,5,10,5,4,-20,-20,4,8,8,13,6,-20,6,12,15,-20,10,8,6,8,7,6,10,5,4,9,9,8,8,18,4,37,27,5,32,36,19,19,27,60,42,92,57,43,70,53,68,51,84
"chr3,16538526",-20,11,4,6,-20,9,10,18,4,10,-20,-20,44,36,21,23,35,17,64,67,42,-20,54,29,58,36,22,27,5,8,7,7,6,16,61,38,39,24,13,11,6,39,11,21,24,33,8,36,17,8,17,22,36,30,32,21,52,17,30,30,39,26,37,39,36,49,34,55,46,19,33,25,15,32,23,62,21,5,10,18,11,18,18,10,13,30,23,55,22,17,25,32,29,33,51,44,-20,39,7,44,28,38,10,5,34,39,4,39,45,7,9,3,44,32,13,7,54,14,6,6,7,5,5,10,29,3,5,53,16,10,25,-20,3,-20,31,27,31,-20,7,13,-20,6,-20,5,34,8,-20,44,6,9,4,11,10,17,26,13,17,21,58,28,-20,7,-20,11,-20,5,-20,-20,6,11,24,49,25,-20,3,26,6,18,25,44,8,18,19,4,13,-20,13,13,9,13,16,11,-20,8,4,13,8,17,29,8,11,13,26,14,23,21,16,27,5,28,50,33,31,35,11,21,31,17,12,16,11,3,7,38,4,13,15,18,57,30,30,25,32,19,5,8,11,12,20,15,27,9,5,12,4,45,19,13,7,15,8,20,7,8,12,8,13,6,12,-20,17,18,11,15,13,20,26,15,19,26,15,11,14,28,15,10,34,40,11,41,12,15,5,20,7,18,5,-20,-20,4,9,20,5,8,44,17,10,7,-20,-20,25,5,-20,8,6,22,34,7,37,38,36,45,42,35,-20,6,5,4,21,39,8,23,20,23,8,17,3,6,13,19,6,12,11,8,43,6,15,15,64,13,6,38,8,30,5,27,7,6,13,-20,5,-20,5,11,-20,13,3,11,21,10,7,12,7,5,-20,12,12,11,3,14,11,8,7,29,5,9,5,69,9,7,10,7,13,19,19,7,23,15,17,14,7,12,5,6,9,16,5,5,89,8,7,5,11,13,8,10,8,7,12,16,14,11,-20,39,-20,13,12,4,6,14,6,6,5,10,9,19,7,-20,32,19,12,12,112,10,7,9,9,-20,-20,14,6,19,3,12,-20,8,6,3,27,19,104,24,5,8,6,5,8,4,7,8,5,14,10,5,24,7,8,8,9,7,-20,12,8,7,6,10,10,12,55,33,28,23,15,8,10,12,9,7,9,18,9,6,13,12,21,19,4,24,11,4,11,9,5,7,54,25,15,8,4,5,8,29,11,13,29,21,39,37,10,33,43,5,5,34,41,8,7,31,12,4,44,14,-20,11,39,13,-20,15,15,-20,13,15,35,7,21,21,7,18,-20,10,11,11,7,-20,15,8,17,7,42,14,9,39,18,13,5,8,14,7,83,8,13,-20,18,16,-20,-20,9,15,32,38,16,46,37,35,45,28,21,29,7,30,17,18,34,5,9,9,6,18,7,5,12,13,13,14,12,8,6,38,-20,22,18,9,14,7,17,22,23,25,10,10,12,24,15,22,90,42,24,35,29,22,36,19,32,46,23,22,29,21,37,13,32,28,13,4,7,24,46,7,9,14,7,14,56,11,19,32,37,34,20,28,5,13,9,57,25,22,37,18,7,9,16,24,6,16,19,13,7,21,8,11,3,21,9,5,-20,11,9,12,11,11,12,10,6,8,17,8,14,14,28,9,9,16,7,12,7,13,7,15,13,14,5,10,12,12,7,15,10,26,13,19,11,12,11,7,8,13,7,3,9,14,14,10,11,10,11,7,12,11,5,7,11,18,22,8,9,5,5,25,11,15,22,13,22,7,32,8,9,18,11,17,17,9,8,-20,11,12,9,4,13,14,7,-20,-20,-20,10,11,7,6,4,-20,-20,-20,-20,-20,-20,-20,-20,11,4,7,5,5,-20,-20,-20,-20,5,13,11,3,6,13,7,5,12,-20,-20,7,5,3,15,17,3,14,5,8,11,20,17,15,26,14,15,12,10,3,3,5,5,12,6,12,5,13,9,12,4,5,14,4,-20,10,8,10,23,19,20,5,24,6,11,12,10,9,-20,9,4,6,-20,5,6,7,19,-20,13,4,5,4,12,6,17,18,15,34,17,14,7,8,13,19,3,6,10,5,16,9,6,10,22,19,7,-20,6,8,8,41,8,15,27,12,12,29,28,14,34,13,15,11,10,21,16,16,10,10,4,14,12,45,6,11,9,6,18,21,39,13,14,10,24,8,15,7,8,19,18,17,16,10,5,9,18,-20,-20,19,8,7,14,7,7,25,4,5,19,11,7,15,7,6,10,8,3,8,6,16,10,6,18,14,6,10,17,10,15,30,19,12,7,15,16,9,17,6,3,3,3,3,3,7,4,8,6,11,11,13,23,18,5,13,10,4,8,14,14,10,17,4,8,9,19,10,8,26,6,8,5,-20,15,-20,15,11,17,4,4,13,6,8,4,5,8,-20,-20,9,24,-20,7,12,4,4,10,6,11,5,10,5,12,8,12,7,7,-20,-20,10,4,4,6,4,5,-20,6,4,-20,10,9,14,8,10,8,11,-20,6,9,8,6,5,12,4,12,4,2,-20,-20,11,-20,8,4,5,7,9,5,4,-20,-20,4,8,8,13,5,5,-20,10,14,-20,10,11,5,5,-20,5,9,6,3,9,8,8,7,18,4,37,26,5,32,37,19,17,25,61,40,104,57,43,69,51,70,48,85
"chr3,16538537",-20,-20,-20,6,-20,12,10,21,4,9,-20,4,49,38,22,20,34,15,70,62,43,-20,61,30,59,37,22,27,4,7,8,7,4,17,65,39,38,21,11,11,7,39,10,18,18,29,8,36,15,9,17,18,33,25,37,18,50,24,32,33,44,29,40,37,41,49,37,58,48,20,30,26,12,31,24,65,20,4,9,16,11,23,20,10,15,31,27,54,26,20,28,35,35,38,57,38,-20,40,7,43,33,38,10,5,34,39,3,45,48,7,9,-20,46,30,12,8,53,15,5,5,5,4,4,10,21,-20,4,45,18,12,23,-20,3,-20,28,21,31,-20,7,12,-20,7,-20,-20,32,8,-20,47,6,9,3,8,7,11,22,14,7,19,56,30,-20,9,-20,11,-20,3,-20,-20,4,8,21,36,27,-20,-20,23,7,12,26,39,8,16,16,4,9,5,9,12,8,8,14,13,-20,8,-20,13,10,14,28,8,10,11,21,13,29,20,19,23,3,28,48,30,31,38,10,23,27,20,13,14,13,7,8,41,3,14,14,21,60,23,27,21,26,18,-20,8,13,12,14,15,27,9,5,11,6,43,16,14,5,13,9,23,5,7,15,7,8,7,11,2,19,16,14,12,13,16,27,16,20,21,19,-20,10,22,14,10,29,48,12,38,11,14,5,19,8,14,-20,-20,-20,9,11,16,-20,6,54,11,8,7,-20,-20,25,4,-20,7,7,21,44,6,40,35,39,41,40,28,3,6,5,3,24,21,6,26,20,20,7,18,4,5,14,18,6,10,11,5,45,4,14,12,59,10,5,33,5,32,5,25,4,5,8,7,5,-20,3,8,-20,14,-20,11,23,9,6,15,4,4,-20,10,9,10,3,14,13,7,7,17,4,8,4,70,10,7,6,6,11,15,20,6,21,15,18,14,7,13,3,6,9,15,5,3,84,6,6,5,8,16,7,10,7,6,12,16,18,11,-20,38,-20,12,14,3,5,15,6,8,5,8,9,20,5,-20,26,19,10,14,111,6,8,4,9,-20,9,10,6,20,3,9,-20,7,5,-20,23,19,107,20,6,7,6,4,7,5,8,8,6,10,8,5,26,-20,7,9,7,5,-20,10,8,7,7,9,7,14,54,31,26,22,15,8,9,9,6,6,12,18,6,5,20,8,20,13,3,23,12,-20,10,-20,5,6,57,22,15,7,4,-20,5,30,9,14,29,22,40,43,8,36,46,5,5,35,39,8,6,26,10,-20,46,16,-20,11,34,13,-20,12,16,8,12,14,34,7,20,20,5,15,-20,11,10,9,7,9,13,8,19,7,44,15,8,40,11,11,4,6,10,5,78,4,10,-20,19,17,-20,-20,5,12,34,40,19,46,36,35,43,26,21,29,5,28,19,18,32,4,8,9,5,17,7,4,10,9,12,14,11,7,5,34,-20,20,18,9,14,5,14,22,23,24,12,10,15,20,8,18,101,49,23,30,25,22,30,18,28,39,20,20,27,16,37,10,34,31,13,6,4,23,45,8,7,16,5,15,57,13,20,31,35,34,24,28,6,14,9,50,16,25,29,15,6,8,15,26,5,13,19,13,7,21,7,10,3,20,8,5,7,10,13,11,12,12,12,11,4,6,19,7,13,13,25,9,11,15,7,12,-20,11,6,15,8,12,5,8,12,12,7,19,9,24,13,15,14,10,10,4,7,14,7,-20,9,12,13,11,9,8,11,7,12,10,4,7,11,18,17,6,8,6,6,25,12,14,22,14,18,5,30,10,8,16,12,19,17,8,7,6,10,12,9,5,11,15,-20,-20,-20,-20,10,9,6,4,4,-20,-20,-20,-20,-20,-20,-20,-20,10,4,7,4,4,-20,-20,-20,-20,5,14,12,3,6,11,7,4,9,7,-20,8,4,3,14,15,3,13,5,7,9,21,16,14,24,14,14,12,10,3,3,6,4,12,5,10,4,10,8,8,4,5,13,4,-20,9,10,11,21,21,20,5,23,5,8,12,9,8,-20,10,5,5,-20,4,6,7,21,-20,13,-20,3,-20,13,8,13,20,11,35,16,14,8,7,11,17,4,6,9,4,17,8,6,6,21,16,5,-20,-20,4,8,30,9,8,27,11,11,29,28,13,33,11,12,8,10,21,15,12,7,11,4,13,14,41,6,8,8,-20,19,21,38,10,11,9,24,7,13,6,6,13,19,19,12,11,-20,9,17,-20,-20,18,8,-20,12,7,6,24,5,5,19,11,7,15,6,6,9,8,3,8,5,16,10,5,17,12,6,11,14,12,16,29,19,12,7,11,15,8,15,8,3,3,-20,-20,3,8,3,8,5,10,11,16,24,16,6,16,10,-20,8,13,14,10,17,4,5,9,20,10,7,26,7,9,4,-20,16,-20,11,8,15,3,-20,15,6,7,-20,3,7,-20,-20,8,24,-20,6,11,3,4,9,6,11,5,9,4,10,7,14,-20,4,-20,3,12,5,3,5,3,7,5,6,4,2,9,4,10,7,11,6,8,4,3,5,10,9,-20,8,-20,10,3,3,4,4,6,-20,11,7,4,4,6,4,-20,3,3,7,4,8,9,4,6,4,7,11,-20,11,9,4,5,4,-20,10,6,-20,4,4,8,6,18,5,34,25,3,36,41,19,15,27,65,37,97,57,37,62,49,74,49,87
"chr3,16538539",-20,10,4,6,-20,12,10,21,4,9,-20,4,48,38,23,23,36,14,70,62,45,-20,60,30,57,38,22,26,3,7,7,6,4,17,64,39,38,22,11,11,7,39,9,18,18,29,8,35,14,9,17,16,32,32,38,17,54,26,31,34,45,30,39,36,41,49,36,59,47,19,29,26,12,31,25,65,20,4,11,16,11,24,20,9,16,31,26,56,26,20,28,35,35,38,57,40,-20,40,7,46,35,39,11,5,33,39,4,46,50,8,9,-20,46,29,12,8,53,15,5,4,5,4,4,12,21,-20,4,45,18,12,21,-20,3,-20,26,21,28,-20,7,13,-20,7,-20,-20,32,8,-20,45,6,9,3,8,8,11,21,14,7,19,57,31,-20,9,-20,11,-20,3,-20,-20,4,10,22,39,30,5,-20,24,7,12,25,37,8,16,18,3,10,5,12,12,8,8,14,13,-20,9,-20,13,16,14,26,8,10,11,20,13,29,21,19,23,3,27,46,30,31,37,10,22,27,21,12,14,14,7,7,41,3,14,13,20,60,23,26,20,26,18,-20,8,13,12,15,15,28,9,5,11,6,42,15,13,5,13,8,24,6,10,19,8,6,7,11,2,18,16,14,13,13,16,26,16,19,21,18,9,10,28,15,11,34,46,16,39,11,15,5,27,8,15,3,3,-20,9,11,16,-20,6,47,11,8,7,-20,-20,24,4,-20,7,7,20,44,6,41,34,34,44,41,26,3,6,6,3,23,21,6,23,19,19,8,18,4,5,14,-20,6,-20,11,5,43,4,14,11,60,9,5,47,5,32,4,24,4,5,8,6,5,-20,-20,7,-20,12,-20,12,24,9,6,15,4,-20,-20,8,9,10,3,14,13,-20,7,17,4,8,4,70,10,7,5,5,11,16,19,6,20,15,17,15,7,13,3,6,9,15,5,3,81,6,6,5,8,16,7,11,6,6,12,16,18,11,-20,40,-20,13,13,3,5,14,6,7,5,11,9,20,4,-20,27,19,10,16,110,6,8,4,7,-20,8,10,6,21,-20,9,-20,7,5,-20,21,19,106,23,6,7,5,4,7,4,7,8,6,10,8,5,29,-20,5,9,7,5,-20,10,8,7,8,7,7,12,56,31,26,19,15,8,10,7,6,6,12,18,7,4,18,7,20,13,3,23,12,-20,11,-20,5,6,54,20,15,7,4,-20,6,31,9,14,27,21,40,46,8,38,45,5,5,35,40,8,6,25,8,-20,46,16,-20,10,32,13,-20,12,15,7,12,14,35,7,19,20,5,14,-20,11,10,8,8,9,14,8,18,5,45,15,8,40,9,11,4,6,10,4,76,4,10,-20,19,16,-20,-20,3,13,32,40,19,43,36,36,43,25,22,29,5,28,16,19,32,4,8,9,5,17,7,4,10,9,12,14,9,8,5,36,-20,19,19,10,14,5,13,22,22,24,12,10,15,19,8,17,102,50,23,28,25,22,29,18,27,38,19,20,27,17,40,10,32,28,14,6,-20,23,43,8,7,16,5,15,58,13,21,26,31,33,25,28,6,14,8,45,16,25,30,15,6,8,15,26,5,14,19,13,6,22,6,10,3,20,9,5,7,10,13,11,11,12,12,11,4,8,19,6,13,13,26,11,11,15,7,13,4,12,7,13,8,13,5,8,12,12,7,20,9,24,13,15,14,10,-20,4,7,14,7,-20,9,12,13,12,9,8,11,7,10,10,3,7,11,19,17,6,8,6,6,25,11,15,22,15,18,5,30,10,6,15,13,20,17,7,7,6,11,14,9,5,10,14,7,-20,-20,-20,10,8,6,4,4,-20,-20,-20,-20,-20,-20,-20,-20,9,6,7,4,4,-20,-20,-20,3,5,13,10,-20,6,11,7,4,9,6,-20,8,4,3,14,15,3,14,5,7,9,20,17,16,26,13,16,11,9,3,3,5,4,11,5,9,4,9,8,8,4,5,13,4,-20,9,11,10,21,24,20,5,22,5,8,10,9,8,-20,10,5,5,-20,5,6,7,22,-20,15,-20,3,-20,13,8,12,20,12,35,16,14,8,7,10,17,4,6,9,3,17,7,6,6,21,16,5,-20,6,4,8,29,8,7,26,12,11,28,27,13,33,11,12,7,10,20,14,12,6,11,4,14,14,42,6,7,9,-20,21,21,39,10,11,9,25,7,13,6,6,12,-20,19,12,11,-20,9,17,-20,-20,18,8,8,13,7,5,24,5,5,19,11,7,15,6,6,9,10,3,8,5,15,10,4,16,12,6,11,13,11,15,27,19,13,7,11,14,7,15,7,3,3,-20,-20,4,7,3,8,5,10,13,16,24,17,6,17,9,-20,8,13,14,11,18,3,5,9,19,9,6,25,8,10,4,-20,15,-20,11,8,15,3,-20,15,6,6,-20,5,7,-20,-20,7,24,-20,-20,12,3,4,9,6,11,6,9,4,10,7,14,4,4,-20,3,12,5,3,6,3,4,5,5,5,2,9,4,10,6,11,5,7,5,3,7,10,8,-20,10,-20,6,3,3,3,3,6,-20,9,6,3,3,7,3,-20,3,4,7,4,7,8,4,-20,5,7,11,-20,10,9,3,5,5,-20,11,6,-20,-20,4,7,-20,17,5,33,23,3,34,41,19,15,28,65,36,101,57,37,61,49,76,51,85
"chr3,16538540",-20,10,4,6,-20,12,10,21,4,9,-20,4,52,38,23,23,36,14,74,62,45,-20,60,29,58,37,22,24,3,7,7,6,4,-20,63,39,39,23,11,11,7,38,9,18,18,29,8,35,16,9,17,16,31,-20,38,17,55,26,32,34,45,29,39,36,41,47,36,60,48,20,32,27,12,33,25,66,20,4,11,16,11,24,20,9,16,30,26,58,26,20,27,35,35,38,56,41,-20,41,7,44,33,39,11,5,32,38,-20,47,50,7,7,-20,47,29,12,8,52,15,5,4,5,4,4,12,21,-20,3,44,18,12,21,-20,-20,-20,28,21,28,-20,7,12,-20,7,-20,-20,32,8,-20,44,6,9,3,8,8,11,21,14,7,19,58,24,-20,9,-20,11,-20,3,-20,-20,4,-20,20,34,-20,-20,-20,23,7,11,25,35,8,16,-20,3,10,5,-20,12,8,8,14,13,-20,9,-20,12,-20,12,29,8,10,11,21,13,29,21,19,23,3,26,46,30,31,34,10,22,27,21,12,14,13,7,7,42,3,15,11,20,60,23,24,21,26,18,-20,8,13,12,14,15,28,9,5,11,6,40,15,12,5,14,8,25,-20,-20,-20,-20,6,7,11,2,17,15,14,12,11,16,26,16,19,21,17,-20,10,-20,13,-20,-20,48,-20,38,9,15,5,-20,8,-20,-20,-20,-20,9,10,16,-20,6,47,11,8,7,-20,-20,24,4,-20,7,7,21,47,6,41,35,34,45,41,25,3,6,-20,3,23,21,6,23,20,20,-20,18,4,5,14,19,6,-20,11,-20,43,4,14,11,57,10,5,-20,5,31,4,22,4,5,8,6,5,-20,-20,7,-20,13,-20,11,24,9,6,15,4,-20,-20,8,9,10,3,15,14,-20,7,17,4,8,4,69,10,7,6,5,11,16,17,6,20,15,17,15,7,13,3,5,8,15,5,3,80,6,6,5,9,16,7,11,6,6,11,16,18,11,-20,40,-20,13,14,3,5,14,6,7,5,-20,9,20,4,-20,27,16,10,16,108,6,10,3,7,-20,8,10,6,22,3,9,-20,7,5,-20,22,18,110,23,5,7,5,4,7,4,7,8,5,9,8,5,29,-20,5,9,7,5,-20,10,8,7,8,7,7,12,56,30,26,19,14,8,9,7,6,6,12,17,7,4,19,7,19,13,3,23,12,-20,11,-20,-20,6,57,20,15,7,4,-20,6,29,9,13,26,22,40,46,8,38,46,5,5,36,40,7,6,25,8,-20,46,16,-20,11,31,12,-20,12,15,7,12,14,34,7,19,21,5,13,-20,11,9,-20,8,9,14,8,18,5,46,15,8,41,9,11,4,6,-20,4,76,4,9,-20,19,16,-20,-20,3,13,35,40,19,44,38,36,44,24,22,29,5,28,15,19,32,4,8,9,5,16,6,4,10,9,12,14,9,7,4,-20,-20,19,19,9,14,4,12,22,22,24,12,10,14,19,8,17,100,49,22,28,24,24,30,18,26,37,17,20,27,19,40,10,32,26,15,6,-20,23,43,8,7,16,5,15,57,13,19,26,31,33,25,28,6,14,8,44,16,26,31,13,6,8,15,26,5,14,19,13,6,22,6,10,3,19,9,5,7,10,13,11,11,12,12,10,4,8,-20,6,13,13,25,11,11,14,7,13,4,11,7,13,7,13,5,8,12,12,6,20,8,22,13,15,14,-20,10,4,6,14,5,-20,9,12,13,12,-20,8,10,7,10,10,3,7,9,19,17,6,8,6,6,25,11,15,22,14,17,5,29,10,-20,15,13,18,17,7,7,6,11,14,8,5,10,14,7,-20,-20,-20,8,8,6,-20,4,-20,-20,-20,-20,-20,-20,-20,-20,8,6,7,3,4,-20,-20,-20,3,4,13,10,-20,6,10,7,4,9,6,-20,8,4,3,14,15,3,14,5,7,9,18,17,16,25,12,16,11,8,3,3,5,4,8,5,-20,4,9,7,8,4,5,12,4,-20,9,11,10,20,23,20,5,22,-20,8,10,7,-20,-20,10,5,5,-20,5,6,7,22,-20,15,-20,3,-20,13,8,12,20,12,35,16,14,8,7,10,17,4,6,9,3,17,5,4,6,20,15,5,-20,6,4,8,28,8,7,24,12,11,28,27,11,33,10,12,7,10,20,12,12,6,11,4,14,13,42,5,7,9,-20,21,20,39,9,11,9,25,7,13,6,6,12,19,19,12,11,-20,9,17,-20,-20,17,6,8,13,7,5,24,5,5,19,10,7,15,6,6,9,10,3,8,5,14,10,4,16,12,6,10,14,11,15,27,19,13,-20,11,14,7,15,7,3,3,-20,-20,4,7,2,8,5,10,13,14,24,17,6,17,9,-20,8,13,13,11,17,3,5,8,20,-20,5,24,8,10,4,-20,15,-20,10,8,14,3,-20,15,6,6,-20,-20,7,-20,-20,7,22,-20,6,12,3,4,9,6,11,6,9,4,10,7,14,-20,4,-20,3,12,5,-20,-20,3,4,5,6,-20,3,8,5,7,6,9,5,6,4,-20,6,9,7,-20,-20,-20,7,2,4,-20,3,6,-20,11,7,3,3,8,4,-20,3,-20,7,-20,7,8,5,5,5,8,10,-20,10,10,-20,5,4,-20,10,6,-20,-20,4,6,6,17,5,33,22,3,33,41,19,16,27,63,36,101,48,37,62,51,73,51,86
"chr3,16538545",-20,10,5,6,-20,12,10,21,-20,8,-20,-20,49,37,23,23,35,13,71,63,44,-20,59,32,58,35,23,24,-20,-20,-20,-20,-20,15,64,41,42,23,-20,11,7,42,9,18,17,-20,11,-20,15,8,15,-20,-20,-20,39,-20,53,31,32,34,43,31,40,38,41,42,36,61,53,20,30,27,-20,33,25,64,20,-20,11,16,11,25,20,9,15,30,27,56,26,20,25,37,35,39,59,41,-20,43,7,44,35,39,10,7,31,36,-20,46,51,7,-20,-20,50,-20,14,8,56,-20,5,-20,5,4,-20,12,-20,-20,-20,-20,19,13,-20,-20,-20,-20,-20,-20,-20,-20,7,13,-20,7,-20,-20,-20,8,-20,38,6,9,-20,-20,8,13,-20,14,-20,19,58,24,-20,9,-20,11,-20,-20,-20,-20,-20,-20,19,-20,-20,-20,-20,25,-20,11,25,32,9,-20,-20,3,14,5,-20,-20,8,-20,14,14,-20,8,-20,13,-20,12,29,-20,12,-20,22,-20,29,19,21,-20,3,27,44,27,32,40,-20,19,-20,18,-20,15,13,-20,-20,46,-20,14,11,18,58,-20,-20,-20,-20,-20,-20,6,-20,10,-20,-20,25,-20,-20,14,-20,35,-20,-20,-20,-20,-20,24,-20,-20,-20,-20,-20,-20,14,-20,16,16,13,12,12,-20,25,20,18,23,16,9,10,-20,13,-20,-20,41,-20,35,8,16,3,-20,7,-20,-20,-20,4,9,12,-20,-20,-20,55,-20,-20,7,-20,-20,-20,4,-20,7,-20,18,48,-20,44,36,36,46,41,-20,3,-20,-20,-20,21,-20,-20,22,19,22,-20,18,4,5,13,-20,7,-20,11,-20,42,4,13,-20,56,-20,-20,-20,-20,32,4,25,4,4,-20,-20,-20,-20,-20,-20,-20,-20,-20,12,25,-20,-20,15,-20,-20,-20,8,9,10,-20,16,14,-20,5,-20,-20,7,-20,66,11,-20,5,6,11,15,-20,-20,18,15,16,-20,8,12,-20,-20,8,15,-20,-20,83,-20,4,5,10,15,-20,9,-20,-20,10,15,17,-20,-20,37,-20,13,15,3,5,13,-20,7,4,-20,9,21,-20,-20,26,16,-20,15,106,-20,-20,-20,7,-20,8,9,-20,21,-20,6,-20,-20,5,-20,21,18,111,19,-20,-20,-20,-20,-20,-20,7,-20,7,-20,-20,-20,-20,-20,-20,8,8,-20,-20,11,-20,7,7,7,7,11,58,28,26,20,15,8,9,-20,-20,-20,13,16,-20,3,20,-20,21,-20,-20,22,11,-20,11,-20,-20,5,57,19,14,8,3,-20,-20,30,9,-20,-20,-20,38,49,-20,40,46,7,-20,38,40,7,5,-20,8,-20,48,15,-20,11,-20,11,-20,12,-20,8,12,-20,32,-20,-20,21,3,13,-20,-20,-20,-20,7,8,-20,-20,16,5,48,14,-20,39,-20,7,-20,7,-20,-20,75,-20,-20,-20,19,18,-20,-20,-20,13,41,41,20,47,39,37,44,-20,25,25,5,28,16,18,29,-20,-20,-20,-20,18,-20,-20,11,-20,-20,-20,-20,-20,-20,-20,-20,19,18,9,-20,-20,-20,21,22,27,12,13,14,18,-20,-20,100,48,-20,-20,-20,22,34,-20,26,-20,-20,-20,-20,18,34,10,-20,-20,14,6,5,29,-20,-20,-20,16,5,15,59,12,-20,28,32,33,24,23,6,-20,7,49,16,27,33,-20,-20,8,15,26,-20,13,19,14,-20,21,-20,-20,-20,19,-20,5,-20,10,13,-20,11,12,12,11,-20,8,17,-20,13,14,25,11,11,13,7,13,-20,12,7,14,7,13,-20,9,-20,12,-20,21,-20,22,13,15,14,10,10,4,-20,13,-20,-20,8,13,13,15,-20,-20,10,7,-20,-20,-20,-20,-20,20,17,6,-20,-20,-20,24,-20,-20,22,14,17,-20,30,10,-20,15,12,18,17,7,-20,6,11,14,8,-20,11,14,-20,-20,-20,-20,8,-20,-20,-20,-20,-20,-20,-20,-20,-20,-20,-20,-20,-20,6,7,3,-20,-20,-20,-20,-20,-20,13,-20,-20,6,-20,-20,-20,10,-20,-20,7,-20,-20,14,14,4,13,6,7,9,19,17,17,26,11,17,11,-20,-20,-20,-20,-20,-20,-20,-20,4,-20,6,8,-20,-20,-20,4,-20,9,-20,10,21,22,20,6,21,-20,-20,-20,-20,-20,-20,10,-20,-20,-20,-20,6,-20,19,-20,16,-20,-20,-20,13,8,-20,21,12,32,15,14,7,-20,10,17,4,-20,9,-20,16,-20,-20,-20,21,-20,-20,-20,-20,-20,9,-20,7,-20,25,-20,-20,30,27,-20,33,-20,-20,-20,-20,21,-20,-20,-20,11,-20,15,14,40,-20,7,-20,-20,21,20,41,-20,-20,9,25,7,13,-20,6,12,17,20,12,11,-20,8,17,-20,-20,17,6,8,13,6,-20,24,5,-20,19,10,7,15,6,6,9,10,4,-20,-20,14,10,-20,14,-20,6,10,14,12,14,26,19,13,8,11,14,7,15,7,3,-20,-20,-20,3,7,-20,8,-20,10,14,14,23,17,-20,16,-20,-20,6,14,13,11,17,-20,-20,8,18,9,-20,-20,9,10,-20,-20,15,-20,11,-20,14,3,-20,15,8,-20,-20,-20,-20,-20,-20,7,23,-20,-20,12,-20,-20,9,-20,11,7,9,4,-20,-20,13,-20,3,-20,-20,13,5,-20,-20,5,4,4,6,-20,3,9,-20,7,-20,8,-20,-20,-20,-20,-20,9,8,-20,-20,-20,5,-20,5,3,3,7,-20,11,6,-20,-20,7,-20,-20,3,5,8,-20,7,9,-20,-20,4,-20,12,-20,9,8,-20,-20,5,-20,-20,8,-20,-20,-20,-20,4,-20,5,-20,22,-20,32,41,21,16,28,66,-20,100,48,-20,62,53,73,50,87
"chr3,16538548",-20,11,5,6,-20,11,10,21,-20,8,-20,-20,51,37,23,22,38,15,73,68,45,-20,59,33,59,35,23,25,-20,-20,-20,-20,-20,14,65,41,44,23,-20,10,-20,43,10,14,17,-20,12,-20,14,9,15,-20,-20,-20,38,-20,56,33,32,34,45,32,42,38,42,42,35,61,54,22,31,27,-20,36,25,65,-20,-20,12,13,10,25,20,8,15,28,27,58,27,20,25,37,37,41,60,41,-20,44,7,43,37,39,11,5,31,39,-20,46,50,9,-20,-20,49,-20,13,8,56,-20,4,-20,8,3,-20,12,-20,-20,-20,-20,18,12,-20,-20,-20,-20,-20,-20,-20,-20,6,13,-20,7,-20,-20,-20,8,-20,36,6,8,-20,-20,8,12,-20,14,7,21,58,25,-20,9,-20,11,-20,-20,-20,-20,-20,-20,-20,-20,-20,-20,-20,24,-20,11,24,-20,9,-20,-20,-20,16,5,-20,-20,8,-20,16,16,-20,8,-20,14,-20,12,33,-20,12,-20,22,-20,31,18,25,-20,-20,30,49,27,36,40,-20,18,-20,19,-20,18,13,-20,-20,47,-20,14,11,19,59,-20,-20,-20,-20,-20,-20,8,-20,10,-20,-20,26,-20,-20,15,-20,37,-20,-20,-20,-20,-20,24,-20,-20,-20,-20,-20,-20,14,-20,16,15,13,10,12,-20,25,21,19,25,16,10,8,-20,13,-20,-20,43,-20,34,8,16,4,-20,8,-20,-20,-20,4,9,12,-20,-20,-20,58,-20,-20,7,-20,-20,-20,4,-20,7,-20,23,49,6,45,38,37,47,41,-20,3,-20,-20,-20,21,-20,-20,22,18,24,-20,18,4,5,13,-20,7,-20,12,-20,42,4,13,-20,60,-20,-20,-20,-20,32,-20,25,4,-20,-20,-20,-20,-20,-20,-20,-20,13,-20,13,25,-20,-20,16,-20,-20,-20,10,6,10,-20,15,15,-20,5,-20,-20,6,-20,66,9,-20,5,6,12,16,-20,-20,17,14,16,-20,7,12,-20,-20,8,14,-20,-20,85,-20,5,5,10,15,-20,8,-20,-20,7,14,18,-20,-20,38,-20,12,14,3,6,13,-20,8,4,-20,8,22,-20,-20,25,17,-20,16,108,-20,-20,-20,7,-20,6,8,-20,21,-20,-20,-20,-20,5,-20,21,19,111,18,-20,-20,-20,-20,-20,-20,8,-20,7,-20,-20,-20,-20,-20,-20,8,8,-20,-20,9,-20,7,8,-20,7,12,58,30,24,22,14,8,9,-20,-20,-20,13,16,8,3,23,-20,21,-20,-20,21,12,-20,11,-20,-20,-20,57,17,13,9,-20,-20,-20,35,9,-20,-20,-20,39,48,-20,40,47,7,-20,38,41,5,5,-20,10,-20,49,17,-20,11,-20,12,-20,12,-20,7,12,-20,34,-20,-20,21,3,13,-20,-20,-20,-20,7,10,14,-20,16,5,49,13,-20,35,-20,-20,-20,7,-20,-20,76,-20,-20,-20,20,19,-20,-20,-20,12,41,44,20,48,39,38,46,-20,25,26,5,25,18,17,32,-20,-20,-20,-20,18,-20,-20,11,-20,-20,-20,-20,-20,-20,-20,-20,19,15,8,-20,-20,-20,21,22,27,12,14,13,18,-20,-20,98,49,-20,-20,-20,24,33,-20,24,-20,-20,-20,-20,18,35,9,-20,-20,14,6,7,29,-20,-20,-20,17,5,15,59,11,-20,27,30,31,23,21,6,-20,7,47,8,26,33,-20,-20,7,15,25,-20,13,20,14,-20,21,-20,-20,-20,17,-20,5,-20,10,13,-20,11,12,11,10,-20,8,17,-20,13,12,25,10,11,12,7,12,-20,12,7,14,7,11,-20,8,-20,-20,-20,19,-20,18,14,16,16,10,9,4,-20,12,-20,-20,8,13,12,15,-20,-20,8,7,-20,-20,-20,-20,-20,19,18,5,-20,-20,-20,21,-20,-20,23,14,17,-20,30,8,-20,13,12,17,17,7,-20,6,10,14,9,-20,11,13,-20,-20,-20,-20,8,-20,-20,-20,-20,-20,-20,-20,-20,-20,-20,-20,-20,-20,7,7,3,-20,-20,-20,-20,-20,-20,11,-20,-20,5,-20,-20,-20,10,-20,-20,7,-20,-20,14,14,4,13,6,7,7,19,14,17,24,9,17,10,-20,-20,-20,-20,-20,-20,-20,-20,4,-20,6,7,-20,-20,-20,4,-20,9,-20,10,20,23,19,6,20,-20,-20,-20,-20,-20,-20,10,-20,-20,-20,-20,6,-20,19,-20,16,-20,-20,-20,13,7,-20,19,11,30,-20,14,7,-20,10,17,4,-20,9,-20,15,-20,-20,-20,20,-20,-20,-20,-20,-20,9,-20,7,-20,26,-20,-20,30,27,-20,32,-20,-20,-20,-20,21,-20,-20,-20,10,-20,14,14,39,-20,-20,-20,-20,20,18,42,-20,-20,8,25,7,12,-20,-20,12,17,20,13,11,-20,8,15,-20,-20,15,6,6,11,6,-20,22,6,-20,19,10,7,15,7,6,9,10,5,-20,-20,12,-20,-20,13,-20,-20,9,14,12,13,25,18,14,-20,10,14,7,15,7,3,-20,-20,-20,2,7,-20,7,-20,9,13,14,24,16,-20,16,-20,-20,7,14,12,11,17,-20,-20,-20,17,9,-20,-20,9,10,-20,-20,15,-20,11,-20,15,3,-20,14,8,-20,-20,-20,-20,-20,-20,6,23,-20,-20,12,-20,-20,9,-20,11,8,7,4,-20,-20,13,-20,3,-20,-20,12,6,-20,-20,5,-20,4,4,5,4,10,-20,7,-20,9,-20,8,-20,-20,-20,6,8,-20,-20,-20,-20,-20,5,-20,3,7,-20,11,6,-20,-20,9,-20,-20,4,7,8,-20,8,6,-20,-20,5,-20,12,3,10,10,3,3,4,-20,-20,9,-20,-20,-20,-20,5,-20,5,-20,21,-20,31,43,21,16,29,70,-20,103,48,-20,65,53,70,49,86
"chr3,16538550",-20,11,5,6,-20,12,10,21,-20,8,-20,6,52,37,22,21,36,14,78,69,45,-20,59,32,58,36,23,25,4,5,9,6,5,16,65,43,44,20,12,10,-20,42,11,14,14,26,13,39,15,9,13,21,39,30,39,18,58,34,31,32,46,31,43,39,41,43,35,62,53,22,31,28,12,36,24,65,24,5,12,13,10,25,20,8,16,28,26,54,27,20,23,39,36,41,61,41,-20,45,7,44,35,39,9,5,31,40,6,46,51,9,9,-20,46,39,13,8,55,15,5,-20,8,3,8,12,25,-20,-20,47,18,12,18,-20,-20,-20,32,18,31,-20,7,12,-20,8,-20,-20,33,9,-20,37,6,8,5,7,8,14,26,14,6,21,58,25,-20,9,-20,12,-20,-20,-20,-20,6,9,13,30,25,4,-20,23,8,7,26,30,9,15,10,-20,16,5,8,16,8,6,16,15,-20,8,-20,15,16,11,33,15,12,11,20,15,32,21,27,27,-20,27,48,29,37,39,12,19,26,18,15,17,13,13,8,46,5,14,12,19,55,22,28,22,39,28,-20,8,16,11,12,17,28,11,7,15,6,35,15,18,8,17,9,23,6,6,17,-20,7,11,14,4,18,18,13,10,11,17,26,20,19,24,19,8,8,23,10,9,31,39,15,33,8,16,4,22,8,15,-20,3,4,9,14,18,-20,7,61,7,15,6,-20,-20,23,4,-20,7,6,24,50,6,45,39,38,46,41,32,3,-20,6,-20,21,25,6,23,17,22,6,18,3,4,13,19,8,10,13,5,41,4,13,14,60,10,-20,38,9,32,-20,26,4,-20,11,7,7,4,-20,11,-20,13,-20,12,23,9,8,17,4,8,-20,8,6,10,6,15,14,-20,4,16,6,-20,4,65,9,6,5,6,12,17,19,6,18,14,15,17,6,12,3,8,7,15,-20,4,86,-20,6,-20,10,15,10,10,6,9,6,15,18,11,-20,35,-20,11,14,3,6,14,-20,9,4,10,8,22,-20,-20,24,17,10,16,111,7,11,5,11,-20,6,7,7,22,-20,-20,-20,8,5,-20,22,19,114,16,7,-20,6,-20,9,6,6,8,7,10,10,8,28,4,6,7,8,-20,-20,9,11,6,8,-20,7,12,57,31,25,22,12,7,7,8,7,6,13,15,8,3,25,12,21,16,-20,22,13,4,11,6,-20,-20,56,17,13,8,-20,-20,9,35,10,9,38,32,39,49,8,37,48,7,6,38,41,5,5,29,12,-20,49,17,-20,12,36,11,-20,11,13,7,14,17,35,-20,24,21,3,12,-20,12,8,9,7,10,13,8,16,5,48,13,9,35,13,-20,6,7,-20,7,76,-20,-20,-20,19,18,-20,-20,4,12,41,42,19,48,38,38,45,32,27,25,-20,25,18,18,31,-20,8,13,4,18,8,6,12,-20,10,16,9,8,6,31,-20,19,12,8,15,6,-20,22,21,26,12,14,13,19,6,-20,97,51,28,29,24,23,32,21,23,35,14,26,23,19,34,9,29,33,15,4,7,29,53,13,7,17,6,18,59,11,19,26,30,33,23,18,6,23,7,43,8,28,32,14,6,6,15,25,7,13,22,14,-20,20,7,11,-20,17,11,5,10,11,13,13,11,12,-20,11,-20,9,17,6,13,13,25,12,10,12,7,12,5,12,8,14,7,11,7,8,15,14,4,20,8,18,13,16,16,9,10,-20,7,13,6,3,8,13,14,15,9,-20,9,7,10,7,6,7,8,19,18,5,8,4,7,21,11,13,23,15,15,7,29,7,8,14,11,18,15,7,-20,6,9,13,9,5,11,13,8,-20,-20,-20,8,7,7,-20,5,-20,-20,-20,-20,-20,-20,-20,-20,9,7,6,3,-20,-20,-20,-20,4,-20,11,9,5,4,11,-20,5,11,6,-20,7,4,5,14,12,4,16,6,6,7,17,14,17,23,9,18,12,7,4,-20,5,-20,10,8,6,4,12,-20,7,7,5,14,4,3,9,13,10,20,22,20,6,19,5,9,12,8,5,-20,11,-20,6,-20,7,6,3,19,3,17,5,-20,-20,13,7,12,19,11,30,12,14,7,7,10,17,4,-20,8,-20,16,-20,-20,8,21,15,8,8,7,9,9,34,6,10,26,14,10,28,27,13,34,10,16,9,8,22,14,14,-20,11,-20,14,14,39,7,-20,10,-20,18,19,41,10,10,8,25,7,12,8,-20,12,15,21,14,12,-20,8,15,-20,-20,16,6,6,12,6,5,20,6,-20,18,10,6,15,7,5,11,10,5,9,7,13,-20,4,13,10,-20,9,14,12,13,23,19,13,5,11,14,8,15,7,3,-20,-20,-20,-20,7,3,7,-20,9,13,14,24,16,6,15,8,-20,7,14,12,11,16,4,5,-20,17,9,10,30,10,10,6,-20,14,-20,11,9,15,-20,5,14,8,11,3,4,6,-20,-20,6,23,-20,8,11,-20,-20,9,6,12,8,7,4,-20,8,13,4,3,4,4,13,7,-20,4,5,4,5,4,4,3,10,3,7,-20,8,-20,6,6,4,7,7,8,3,9,-20,-20,4,5,3,-20,6,-20,11,6,-20,4,9,3,-20,4,-20,8,-20,8,6,5,5,4,7,8,3,10,8,-20,-20,4,-20,11,9,3,-20,5,7,4,13,5,34,22,6,33,44,21,15,27,71,35,102,48,36,65,53,70,48,85
"chr3,16538551",-20,11,6,6,-20,12,10,21,-20,8,-20,6,51,37,23,20,36,14,78,67,45,-20,59,31,55,36,23,25,4,-20,9,-20,5,15,66,43,44,20,12,10,-20,42,11,14,13,26,13,39,14,9,13,21,39,26,39,17,57,34,31,32,46,29,43,39,41,43,34,60,54,22,30,28,12,36,25,64,22,-20,12,12,10,25,18,8,16,28,26,56,27,19,23,40,36,40,61,41,-20,45,7,43,35,40,9,5,31,40,6,46,51,9,9,-20,44,35,13,8,53,-20,5,-20,8,3,-20,12,24,-20,-20,-20,18,12,18,-20,-20,-20,32,18,27,-20,7,12,-20,8,-20,-20,31,9,-20,37,6,8,-20,7,8,14,25,13,6,23,58,26,-20,9,-20,12,-20,-20,-20,-20,6,9,13,30,25,4,-20,24,7,7,25,30,9,14,10,-20,16,5,8,16,8,6,16,15,-20,9,-20,17,16,11,34,15,12,11,20,15,32,21,26,27,-20,29,46,31,37,37,12,20,26,18,15,17,14,13,8,45,5,13,12,19,55,22,28,21,39,-20,-20,8,-20,11,12,16,27,11,7,15,6,35,15,18,8,17,9,23,6,6,16,-20,7,11,15,4,18,19,13,10,11,15,26,21,19,25,19,8,8,23,10,9,30,39,14,34,8,16,4,21,9,15,-20,-20,4,9,12,17,-20,7,66,7,15,6,-20,-20,23,4,-20,7,6,24,49,6,46,39,37,47,41,32,3,-20,6,-20,22,-20,6,23,15,20,6,17,3,4,13,-20,8,10,15,4,40,4,14,14,61,10,-20,38,9,33,-20,27,-20,-20,-20,7,7,4,-20,11,-20,13,-20,13,22,9,8,18,4,8,-20,8,6,10,6,14,14,-20,3,15,6,-20,-20,62,9,-20,5,6,12,17,18,6,18,13,15,17,6,12,3,8,6,15,-20,4,86,-20,7,-20,10,16,9,10,6,9,6,15,18,11,-20,37,-20,11,14,-20,6,14,-20,9,4,9,8,22,-20,-20,23,16,10,16,110,7,11,5,11,-20,6,7,7,22,-20,-20,-20,7,4,-20,22,19,115,17,7,6,5,-20,9,6,6,6,7,10,10,-20,28,4,6,8,8,-20,-20,9,11,6,8,-20,7,13,57,31,25,22,12,7,7,8,7,-20,13,14,8,3,24,10,21,13,-20,23,13,4,11,6,-20,-20,56,17,13,8,-20,-20,-20,37,10,8,37,33,39,48,8,36,47,7,6,39,42,5,5,29,12,-20,49,17,-20,12,36,12,-20,11,11,7,14,-20,35,-20,24,21,3,12,-20,12,8,8,6,10,13,-20,15,4,50,13,9,34,12,-20,-20,6,7,6,75,-20,-20,-20,19,18,-20,-20,4,12,42,43,20,47,39,38,45,31,27,24,-20,25,18,18,30,-20,7,-20,-20,18,8,5,12,6,10,15,9,8,6,29,-20,19,13,8,15,6,-20,22,21,26,12,14,13,19,6,-20,95,50,28,29,24,24,32,21,25,35,14,26,22,19,35,-20,29,32,16,4,7,27,50,13,-20,17,6,19,62,11,19,25,32,32,23,18,6,23,7,43,7,29,31,13,6,6,14,26,7,13,22,15,-20,19,-20,11,-20,17,11,5,10,11,13,13,11,13,-20,11,-20,9,17,6,13,13,25,12,10,12,7,13,-20,11,8,14,7,12,7,-20,15,14,4,20,8,17,13,16,16,9,10,-20,6,13,6,3,8,13,14,15,9,8,9,7,10,7,-20,6,8,19,18,5,8,3,-20,21,10,13,22,16,15,7,29,7,8,15,11,17,15,7,5,6,9,13,9,5,11,13,8,-20,-20,-20,8,7,7,-20,5,-20,-20,-20,-20,-20,-20,-20,-20,9,7,6,-20,5,-20,-20,-20,4,3,11,9,5,-20,-20,-20,5,11,6,-20,7,4,5,-20,12,4,16,6,6,7,17,13,17,23,9,18,12,-20,4,3,5,-20,10,8,6,4,12,-20,7,7,5,14,-20,3,9,13,10,20,22,20,6,19,5,-20,11,8,5,-20,11,-20,-20,-20,7,6,-20,19,3,18,-20,-20,-20,13,7,12,19,13,29,13,14,7,7,10,17,-20,4,8,-20,16,-20,-20,-20,21,-20,-20,8,-20,9,9,33,6,10,26,-20,10,28,27,13,34,10,15,9,8,22,14,14,-20,11,-20,14,14,39,7,6,10,-20,18,19,42,-20,10,8,25,7,12,8,-20,12,15,20,14,12,-20,8,15,-20,-20,17,6,6,12,6,-20,20,6,-20,18,10,6,15,7,5,11,10,5,9,-20,13,-20,4,13,10,-20,9,14,12,13,23,19,13,5,11,14,8,15,7,3,-20,-20,-20,-20,7,3,7,-20,8,14,14,23,16,6,15,8,-20,7,14,14,11,17,4,5,-20,16,8,10,29,10,10,6,-20,15,-20,11,9,15,-20,5,14,8,11,3,4,6,-20,-20,6,23,-20,8,11,-20,-20,9,-20,12,8,7,4,-20,-20,13,4,-20,5,4,13,7,-20,4,6,3,-20,4,3,3,9,4,6,4,10,-20,5,-20,4,5,5,7,2,8,-20,-20,4,6,-20,-20,5,-20,11,6,-20,4,7,3,-20,4,-20,7,-20,8,5,5,5,4,8,9,3,9,7,-20,3,3,-20,10,9,-20,-20,6,-20,-20,-20,5,34,21,6,33,43,21,15,27,70,35,102,-20,-20,67,55,70,47,86
"chr3,16538554",-20,10,6,6,-20,13,10,19,-20,8,-20,-20,52,38,23,18,38,14,74,66,44,-20,57,32,62,37,24,25,-20,-20,-20,-20,-20,15,66,42,44,21,-20,9,-20,43,11,14,11,-20,13,-20,16,9,13,-20,-20,-20,39,-20,60,36,31,36,48,29,42,39,39,43,33,61,53,24,31,27,-20,38,25,66,-20,-20,12,11,10,26,17,7,16,29,28,57,27,19,24,41,35,42,64,41,-20,46,7,43,37,37,9,5,31,43,-20,46,51,10,-20,-20,42,-20,11,8,51,-20,5,-20,8,-20,-20,12,-20,-20,-20,-20,19,12,-20,-20,-20,-20,-20,-20,-20,-20,7,12,-20,8,-20,-20,-20,9,-20,36,7,8,-20,-20,7,14,-20,15,6,23,57,26,-20,9,-20,12,-20,-20,-20,-20,-20,-20,-20,-20,-20,-20,-20,27,-20,8,22,-20,-20,-20,-20,-20,16,3,-20,-20,8,-20,16,16,-20,9,-20,18,-20,11,29,-20,12,-20,20,-20,33,21,28,-20,-20,28,45,31,37,37,-20,19,-20,17,-20,19,13,-20,-20,45,-20,13,13,21,53,-20,-20,-20,-20,-20,-20,8,-20,10,-20,-20,27,-20,-20,17,-20,37,-20,-20,-20,-20,-20,24,-20,-20,-20,-20,-20,-20,17,-20,18,18,13,8,-20,-20,27,20,19,25,18,7,6,-20,-20,-20,-20,39,-20,35,-20,16,3,-20,9,-20,-20,-20,4,9,12,-20,-20,-20,66,-20,-20,6,-20,-20,-20,4,-20,7,-20,24,49,4,43,43,39,46,41,-20,-20,4,-20,-20,22,-20,-20,22,16,20,-20,16,3,3,13,-20,7,-20,15,-20,43,4,15,-20,65,-20,-20,-20,-20,34,-20,26,4,-20,-20,-20,-20,-20,-20,-20,-20,13,-20,12,21,-20,-20,18,-20,-20,-20,8,5,9,-20,13,11,-20,-20,-20,-20,-20,-20,59,8,-20,-20,6,11,17,-20,-20,20,13,15,-20,7,12,-20,-20,5,14,-20,-20,85,-20,7,-20,10,16,-20,10,-20,-20,4,15,16,-20,-20,36,-20,11,14,3,6,15,-20,10,-20,-20,8,21,-20,-20,23,16,-20,17,113,-20,-20,-20,11,-20,6,7,-20,23,-20,-20,-20,-20,-20,-20,22,19,112,16,-20,-20,-20,-20,-20,-20,7,-20,7,-20,-20,-20,-20,-20,-20,8,8,-20,-20,10,-20,6,-20,7,7,13,57,31,27,22,11,7,6,-20,-20,-20,12,13,8,4,22,-20,20,-20,-20,22,12,-20,11,-20,3,-20,56,18,13,7,-20,-20,-20,35,9,7,-20,-20,38,48,-20,36,47,7,-20,38,39,4,5,-20,11,-20,48,17,-20,11,-20,13,-20,11,-20,7,14,-20,35,-20,-20,20,3,11,-20,-20,-20,-20,6,10,13,-20,15,-20,53,13,-20,35,-20,-20,-20,6,6,-20,72,-20,-20,-20,18,19,-20,-20,-20,14,38,44,19,45,39,40,43,-20,28,22,-20,23,17,19,29,-20,-20,-20,-20,16,-20,-20,11,-20,-20,-20,-20,-20,-20,-20,-20,20,12,9,-20,-20,-20,22,21,26,12,13,13,19,-20,-20,95,51,-20,-20,-20,24,33,-20,25,-20,-20,-20,-20,19,31,-20,-20,-20,17,-20,7,30,-20,-20,-20,16,6,17,62,-20,-20,28,32,36,23,-20,4,-20,6,45,7,28,31,-20,-20,7,15,25,-20,13,23,14,-20,20,-20,-20,-20,15,-20,-20,-20,11,13,-20,11,13,-20,11,-20,9,17,-20,12,13,25,12,11,11,7,14,-20,12,-20,14,9,11,-20,8,-20,15,-20,20,-20,19,14,16,17,10,10,-20,-20,10,-20,-20,8,13,13,15,-20,-20,9,6,-20,-20,-20,-20,-20,16,19,4,-20,3,-20,23,-20,-20,22,15,14,-20,29,8,-20,13,12,17,14,6,4,6,8,13,9,-20,11,15,-20,-20,-20,-20,8,-20,-20,-20,-20,-20,-20,-20,-20,-20,-20,-20,-20,-20,7,6,-20,-20,-20,-20,-20,-20,-20,11,-20,-20,-20,-20,-20,-20,11,-20,-20,7,-20,-20,-20,13,4,16,6,6,6,17,15,17,22,11,18,13,-20,-20,3,-20,-20,-20,-20,-20,4,-20,-20,7,-20,5,-20,-20,-20,9,-20,10,20,22,20,6,21,-20,-20,-20,-20,-20,-20,11,-20,-20,-20,-20,-20,-20,18,-20,19,-20,-20,-20,12,-20,-20,19,13,31,13,14,6,-20,11,18,-20,4,9,-20,16,-20,-20,-20,21,-20,-20,-20,-20,-20,9,-20,6,-20,25,-20,-20,29,27,-20,35,-20,-20,-20,-20,22,-20,-20,-20,11,-20,14,14,42,-20,6,-20,-20,17,18,40,-20,-20,8,25,7,12,-20,-20,12,14,19,14,12,-20,8,16,-20,-20,18,6,-20,12,6,-20,20,7,-20,15,10,6,14,7,-20,11,10,5,-20,-20,-20,-20,-20,13,-20,-20,9,14,12,13,24,19,13,-20,12,14,9,15,6,3,-20,-20,-20,-20,7,-20,7,-20,8,14,15,24,16,-20,15,-20,-20,7,15,14,9,15,-20,-20,-20,15,8,-20,-20,10,10,-20,-20,15,-20,11,-20,15,-20,-20,12,8,-20,-20,-20,-20,-20,-20,-20,22,-20,-20,11,-20,-20,8,-20,10,8,6,4,-20,-20,13,-20,-20,-20,-20,13,7,-20,-20,6,-20,5,6,5,3,9,-20,6,-20,11,-20,6,-20,-20,-20,-20,-20,-20,-20,-20,-20,-20,6,-20,-20,4,-20,10,-20,-20,-20,-20,-20,-20,5,8,8,-20,7,6,-20,-20,4,-20,9,3,6,7,-20,-20,-20,-20,-20,9,-20,-20,-20,-20,-20,-20,5,-20,-20,-20,33,41,22,16,27,69,-20,99,-20,-20,69,57,69,47,84
"chr3,16538556",-20,-20,8,6,-20,13,11,19,-20,8,-20,-20,51,37,23,18,37,14,75,66,42,-20,59,33,63,37,25,25,-20,-20,-20,-20,-20,18,66,45,43,22,-20,10,-20,44,11,11,11,-20,12,-20,16,9,13,-20,-20,-20,39,-20,60,37,31,36,51,26,41,39,38,41,34,60,53,24,31,27,-20,38,25,64,-20,-20,12,12,9,25,18,8,15,29,29,59,27,19,25,41,35,43,65,40,-20,47,7,43,37,38,9,5,31,43,-20,48,49,10,-20,-20,42,-20,9,9,49,-20,6,-20,8,-20,-20,13,-20,-20,-20,-20,18,12,-20,-20,-20,-20,-20,-20,-20,-20,8,12,-20,8,-20,-20,-20,9,-20,35,8,9,-20,-20,7,14,-20,15,6,23,61,26,-20,9,-20,11,-20,-20,-20,-20,-20,-20,-20,-20,-20,-20,-20,28,-20,7,20,-20,-20,-20,-20,-20,14,3,-20,-20,8,-20,16,17,-20,5,-20,19,-20,11,29,-20,12,-20,20,-20,32,20,28,-20,-20,29,46,31,35,34,-20,17,-20,16,-20,20,12,-20,-20,44,-20,13,11,21,56,-20,-20,-20,-20,-20,-20,8,-20,-20,-20,-20,28,-20,-20,17,-20,38,-20,-20,-20,-20,-20,24,-20,-20,-20,-20,-20,-20,17,-20,18,18,12,10,-20,-20,27,19,18,23,17,7,6,-20,-20,-20,-20,39,-20,35,-20,16,3,-20,9,-20,-20,-20,-20,9,12,-20,-20,-20,67,-20,-20,8,-20,-20,-20,4,-20,9,-20,24,48,4,41,42,40,46,39,-20,-20,3,-20,-20,23,-20,-20,21,16,21,-20,17,3,-20,13,-20,7,-20,14,-20,43,-20,14,-20,64,-20,-20,-20,-20,34,-20,27,5,-20,-20,-20,-20,-20,-20,-20,-20,12,-20,14,20,-20,-20,17,-20,-20,-20,8,5,11,-20,12,11,-20,-20,-20,-20,-20,-20,57,7,-20,-20,6,11,17,-20,-20,20,14,15,-20,7,11,-20,-20,5,15,-20,-20,82,-20,7,-20,10,17,-20,10,-20,-20,4,16,15,-20,-20,36,-20,12,14,-20,6,15,-20,10,-20,-20,8,21,-20,-20,24,15,-20,18,113,-20,-20,-20,10,-20,7,7,-20,21,-20,-20,-20,-20,-20,-20,21,20,109,18,-20,-20,-20,-20,-20,-20,7,-20,7,-20,-20,-20,-20,-20,-20,8,8,-20,-20,10,-20,6,9,-20,7,13,55,32,26,19,12,7,6,-20,-20,-20,12,-20,8,4,22,-20,20,-20,-20,23,12,-20,11,-20,-20,-20,57,19,12,8,-20,-20,-20,34,9,7,-20,-20,39,48,-20,35,47,7,-20,38,40,6,7,-20,10,-20,48,17,-20,-20,-20,14,-20,11,-20,7,14,-20,35,-20,-20,19,4,11,-20,-20,-20,-20,6,10,14,-20,14,-20,55,12,-20,34,-20,-20,-20,6,6,-20,70,-20,-20,-20,18,22,-20,-20,4,15,40,45,19,46,39,39,43,-20,28,20,-20,24,19,20,33,-20,-20,-20,-20,21,-20,-20,10,-20,-20,-20,-20,-20,-20,-20,-20,20,12,9,-20,-20,-20,26,22,26,13,16,13,14,-20,-20,94,52,-20,-20,-20,25,34,-20,26,-20,-20,-20,-20,19,31,-20,-20,-20,16,-20,5,33,-20,-20,-20,15,-20,16,61,-20,-20,28,31,36,25,-20,4,-20,-20,40,7,28,29,-20,-20,8,14,28,-20,15,23,14,-20,21,-20,-20,-20,15,-20,-20,-20,11,12,-20,11,14,-20,11,-20,9,17,-20,13,13,23,12,12,11,7,15,-20,13,7,13,9,12,-20,12,-20,16,-20,20,-20,19,14,17,17,10,12,-20,-20,11,-20,-20,8,14,11,16,-20,-20,9,6,-20,-20,-20,-20,-20,16,19,4,-20,-20,-20,23,-20,-20,22,16,15,-20,31,12,-20,14,11,16,15,6,4,6,9,14,9,-20,12,15,-20,-20,-20,-20,10,-20,-20,-20,-20,-20,-20,-20,-20,-20,-20,-20,-20,-20,7,6,-20,-20,-20,-20,-20,-20,-20,11,-20,-20,-20,-20,-20,-20,12,-20,-20,6,-20,-20,-20,14,5,16,6,5,6,17,15,19,24,11,18,13,-20,-20,3,-20,-20,-20,-20,-20,3,-20,-20,7,-20,5,-20,4,-20,-20,-20,11,20,25,22,7,22,-20,-20,-20,-20,-20,-20,12,-20,-20,-20,-20,8,-20,17,-20,20,-20,-20,-20,14,7,-20,19,13,33,13,16,5,-20,12,18,-20,4,8,-20,16,-20,-20,-20,23,-20,-20,-20,-20,-20,9,-20,6,-20,27,-20,-20,31,25,-20,33,-20,-20,-20,-20,22,-20,-20,-20,12,-20,15,17,43,-20,6,-20,-20,18,17,43,-20,-20,9,24,7,13,-20,-20,12,14,20,14,14,-20,10,16,-20,-20,18,6,7,12,6,-20,21,7,-20,16,9,-20,15,7,-20,10,12,5,-20,-20,-20,-20,-20,13,-20,-20,10,17,13,13,24,19,13,-20,11,14,10,15,5,3,-20,-20,-20,-20,7,-20,7,-20,8,15,16,24,16,-20,15,-20,-20,7,18,13,9,14,-20,-20,-20,16,10,-20,-20,12,11,-20,-20,15,-20,11,-20,15,-20,-20,12,8,-20,-20,-20,-20,-20,-20,-20,23,-20,-20,10,-20,-20,8,-20,10,9,7,4,-20,-20,14,3,-20,-20,-20,12,7,-20,-20,6,-20,5,-20,-20,3,-20,-20,6,-20,9,-20,5,-20,-20,-20,-20,-20,-20,-20,-20,-20,-20,5,-20,-20,4,-20,11,-20,-20,-20,8,-20,-20,6,8,8,-20,7,4,-20,-20,4,-20,8,3,-20,8,-20,-20,-20,-20,-20,10,-20,-20,-20,-20,-20,-20,5,-20,-20,-20,34,41,23,16,28,69,-20,110,-20,-20,69,58,72,46,85
"chr3,16538563",-20,11,8,6,-20,13,11,19,-20,9,-20,8,51,37,23,18,38,-20,78,68,40,-20,59,36,69,41,24,29,-20,-20,-20,-20,-20,18,69,47,43,23,-20,10,-20,44,11,10,8,-20,12,-20,15,9,9,-20,-20,-20,39,-20,55,39,30,40,48,28,41,40,37,42,34,58,48,25,29,28,-20,39,25,66,-20,-20,12,12,9,27,19,8,15,30,29,65,29,19,25,43,38,42,62,41,-20,48,7,48,36,34,8,-20,31,43,-20,47,54,10,5,-20,42,-20,9,9,49,-20,6,-20,6,-20,5,14,-20,-20,-20,-20,19,12,-20,-20,-20,-20,-20,-20,-20,-20,8,13,-20,8,-20,-20,-20,9,-20,33,8,9,-20,-20,7,12,-20,13,6,22,68,26,-20,9,-20,11,-20,-20,-20,-20,-20,-20,-20,-20,-20,6,-20,30,-20,6,-20,-20,-20,3,6,-20,13,-20,-20,9,9,3,14,15,-20,5,-20,18,9,14,29,10,14,-20,22,11,31,18,22,-20,-20,27,45,32,35,32,3,16,-20,16,5,21,11,8,3,42,-20,11,8,19,57,-20,17,-20,-20,-20,9,6,10,-20,5,-20,26,-20,7,18,4,39,11,10,3,-20,4,25,-20,8,5,-20,6,-20,18,-20,19,16,8,12,-20,-20,29,20,15,24,20,7,5,-20,6,3,-20,41,-20,32,-20,17,6,-20,8,11,3,-20,3,11,10,-20,5,4,73,9,25,8,-20,-20,-20,3,-20,9,6,23,52,4,42,45,38,47,44,-20,-20,-20,-20,-20,24,-20,-20,23,15,22,-20,19,4,-20,12,-20,7,-20,13,-20,43,-20,14,-20,59,-20,-20,-20,12,33,-20,28,6,-20,-20,8,-20,-20,-20,10,-20,13,-20,14,19,-20,-20,15,-20,-20,3,8,-20,11,-20,12,11,-20,-20,-20,-20,-20,-20,57,7,4,-20,6,10,17,5,5,20,18,14,8,7,10,-20,6,4,17,-20,3,85,-20,5,-20,10,22,-20,7,-20,8,-20,17,15,3,-20,33,-20,11,13,3,6,17,-20,10,-20,-20,8,23,8,-20,24,18,-20,18,111,-20,5,4,10,-20,7,7,-20,21,-20,-20,3,-20,-20,-20,21,19,101,18,-20,-20,6,-20,-20,-20,7,-20,6,-20,-20,7,10,-20,-20,7,8,-20,-20,12,-20,5,8,-20,6,14,58,34,25,17,11,5,7,3,-20,3,12,-20,8,3,22,-20,21,-20,-20,25,12,3,9,-20,-20,-20,56,19,14,8,-20,-20,4,34,10,-20,-20,-20,38,48,-20,34,53,7,-20,39,40,6,6,-20,15,-20,49,18,-20,12,-20,14,-20,11,-20,7,14,4,32,-20,14,21,-20,11,-20,3,-20,-20,8,10,15,-20,11,-20,51,12,-20,35,14,-20,-20,6,-20,-20,72,-20,-20,-20,17,20,-20,-20,-20,15,42,42,22,48,41,39,41,-20,29,19,4,24,17,21,33,-20,4,4,-20,21,-20,-20,9,-20,-20,-20,-20,-20,-20,-20,-20,21,12,9,-20,-20,-20,26,19,25,13,16,13,16,-20,-20,86,49,-20,-20,-20,24,35,-20,25,-20,8,-20,10,17,31,-20,15,-20,17,-20,6,31,40,-20,-20,15,-20,17,59,3,-20,31,28,40,25,-20,5,9,6,32,7,27,28,-20,6,9,14,28,-20,16,23,15,-20,20,-20,3,-20,15,-20,-20,-20,11,11,-20,11,15,-20,12,-20,9,17,5,13,13,25,13,13,13,6,15,7,11,7,14,10,12,3,12,-20,15,-20,21,-20,19,12,18,17,10,10,-20,-20,10,-20,-20,8,15,11,16,-20,-20,9,6,-20,-20,-20,5,-20,16,18,-20,-20,-20,-20,21,-20,-20,21,16,14,-20,31,12,-20,14,11,18,15,5,-20,6,9,15,10,-20,12,15,-20,-20,-20,-20,11,-20,-20,-20,-20,-20,-20,-20,-20,-20,-20,-20,-20,-20,7,6,-20,-20,-20,-20,-20,-20,-20,11,-20,3,-20,-20,-20,-20,12,-20,-20,-20,3,-20,-20,14,5,16,6,5,6,17,14,19,25,10,18,13,-20,-20,-20,-20,-20,-20,-20,-20,-20,-20,-20,7,-20,-20,-20,-20,2,-20,-20,10,19,24,22,8,22,2,-20,5,-20,-20,-20,13,-20,-20,-20,-20,8,-20,17,-20,18,4,-20,-20,14,6,7,19,12,33,13,16,5,-20,13,18,-20,-20,8,-20,16,-20,-20,-20,23,-20,-20,8,-20,5,9,-20,7,-20,27,-20,-20,30,24,-20,32,-20,-20,-20,-20,22,-20,-20,-20,12,-20,16,17,42,3,-20,-20,-20,17,16,42,-20,-20,9,24,7,14,-20,-20,12,14,20,16,14,-20,11,16,2,-20,17,6,6,12,-20,-20,19,7,-20,15,9,-20,15,8,-20,10,12,6,-20,-20,-20,-20,-20,13,-20,-20,10,18,13,13,25,18,13,5,10,14,10,13,5,3,-20,-20,-20,-20,6,-20,7,-20,8,16,16,24,16,-20,16,-20,3,7,17,13,9,14,-20,-20,-20,16,10,-20,-20,12,10,4,-20,15,-20,11,-20,15,-20,4,11,8,6,-20,2,3,-20,-20,-20,23,-20,4,10,-20,-20,7,-20,9,9,-20,3,-20,-20,14,3,4,-20,-20,-20,7,-20,3,6,-20,5,6,-20,3,10,-20,3,-20,6,4,5,-20,-20,4,-20,-20,-20,-20,-20,-20,-20,4,-20,3,4,-20,-20,-20,-20,-20,7,-20,-20,4,7,7,-20,6,3,-20,-20,5,-20,7,6,-20,7,-20,-20,-20,-20,-20,12,-20,-20,-20,-20,-20,-20,5,-20,-20,-20,32,39,22,19,29,65,-20,116,-20,23,68,56,70,44,83
"chr3,16538565",-20,11,8,6,-20,13,10,21,-20,9,-20,9,51,38,23,18,38,13,80,68,40,-20,60,35,71,43,25,30,-20,-20,4,-20,-20,18,68,47,44,22,4,12,-20,44,12,12,9,15,12,27,14,9,10,15,24,-20,40,8,56,38,30,42,48,29,42,39,39,38,34,59,49,27,29,28,5,41,24,68,20,-20,12,13,8,27,16,8,17,29,30,66,29,19,25,43,37,43,62,41,-20,48,7,46,36,34,9,-20,31,41,4,47,54,10,7,-20,45,23,9,9,50,3,6,-20,5,-20,6,15,21,-20,-20,30,19,10,8,-20,-20,-20,19,-20,20,-20,8,12,-20,8,-20,-20,15,9,-20,34,7,9,4,4,7,11,12,13,6,22,65,27,-20,12,-20,13,-20,-20,-20,-20,-20,-20,-20,-20,14,6,-20,30,9,6,17,8,5,6,7,-20,14,-20,-20,8,10,4,14,16,-20,6,-20,16,9,14,29,10,14,9,23,11,34,18,22,12,-20,30,45,33,40,32,4,14,11,16,5,21,12,9,3,43,-20,11,-20,21,57,-20,16,11,26,20,10,5,10,-20,5,-20,28,8,9,18,4,39,12,10,3,-20,6,25,-20,9,4,-20,7,-20,18,5,19,16,8,13,3,9,29,19,15,25,20,7,5,12,6,6,-20,38,9,32,-20,17,6,18,8,11,3,-20,3,11,10,7,5,4,68,9,31,9,-20,-20,13,3,-20,-20,6,22,52,4,44,47,38,48,47,21,-20,-20,-20,-20,25,29,-20,21,15,23,3,19,4,-20,12,23,7,-20,13,3,44,5,14,9,59,10,-20,-20,12,34,-20,30,-20,5,-20,-20,5,5,-20,10,-20,13,4,14,18,11,7,16,-20,7,3,10,-20,11,4,12,11,-20,-20,-20,-20,-20,-20,58,8,4,-20,6,10,17,6,4,20,18,14,8,7,10,-20,6,4,16,-20,3,84,-20,5,-20,10,22,-20,7,-20,8,-20,16,15,3,-20,33,-20,9,13,3,6,17,3,10,-20,5,8,24,8,-20,24,20,-20,17,107,7,5,4,10,3,7,7,-20,21,-20,-20,3,5,-20,-20,21,20,102,19,4,-20,6,3,-20,5,7,6,6,9,-20,7,12,-20,-20,6,8,-20,-20,12,5,4,8,5,6,16,58,38,25,16,11,5,7,3,5,4,12,-20,8,4,23,8,20,6,-20,24,13,3,9,4,-20,-20,56,18,12,7,-20,-20,4,33,10,7,25,20,43,49,-20,36,51,7,2,41,43,6,6,17,15,-20,49,18,-20,11,29,14,-20,11,10,7,14,4,28,-20,16,22,-20,9,-20,3,7,-20,8,9,15,-20,11,-20,50,10,-20,37,15,3,10,6,-20,7,73,4,-20,-20,16,18,7,-20,-20,15,43,43,22,49,41,40,42,21,29,19,6,22,17,20,35,-20,4,5,7,20,-20,4,9,6,-20,10,5,-20,-20,15,-20,21,11,10,6,-20,-20,26,20,26,13,16,13,17,8,-20,87,51,19,-20,-20,24,37,15,25,17,-20,11,14,18,33,-20,16,21,19,-20,6,32,43,7,-20,16,9,17,55,3,-20,31,26,39,25,3,5,10,6,32,7,28,28,-20,6,9,14,28,3,16,20,16,-20,22,-20,3,2,17,5,-20,-20,11,11,-20,10,14,4,12,-20,12,17,6,12,11,27,13,13,13,5,15,7,14,6,15,10,13,3,12,-20,16,4,21,-20,17,11,17,17,10,11,5,6,11,-20,-20,8,15,11,16,4,3,9,8,-20,5,4,5,-20,15,21,3,4,3,-20,20,5,5,23,16,12,3,33,10,2,13,11,18,15,6,-20,6,9,15,10,-20,12,15,-20,-20,-20,-20,11,-20,5,-20,-20,-20,-20,-20,-20,-20,-20,-20,-20,3,7,7,-20,3,-20,-20,-20,-20,3,11,4,3,-20,5,-20,-20,12,-20,-20,-20,-20,8,-20,13,6,17,6,6,6,17,13,20,27,12,16,12,-20,2,-20,3,3,5,-20,5,-20,7,-20,6,5,-20,8,-20,2,5,-20,11,18,22,20,8,21,-20,-20,6,3,5,-20,12,-20,5,-20,5,-20,-20,18,-20,20,4,-20,-20,13,6,9,17,12,33,13,17,6,-20,13,17,-20,-20,8,-20,18,-20,-20,-20,21,14,5,8,-20,6,8,-20,7,7,28,-20,6,30,21,-20,29,5,10,6,-20,22,-20,5,-20,13,-20,17,18,41,3,-20,6,-20,16,17,41,4,-20,10,24,8,15,-20,-20,14,15,20,16,13,-20,12,14,2,6,17,6,7,11,-20,-20,19,6,-20,15,10,-20,17,7,-20,10,13,6,6,-20,-20,-20,-20,13,-20,-20,10,17,13,13,24,19,13,5,11,14,10,12,5,3,-20,-20,-20,2,7,3,7,-20,7,15,17,23,18,4,19,-20,4,7,17,13,8,15,-20,-20,-20,17,9,6,15,12,10,-20,-20,14,4,11,3,16,-20,4,12,9,6,-20,3,3,-20,-20,-20,22,-20,4,11,4,-20,7,4,11,10,-20,3,-20,-20,12,3,-20,4,-20,11,7,-20,4,5,-20,5,5,-20,4,10,4,3,-20,6,4,5,-20,-20,3,-20,-20,3,-20,-20,-20,-20,4,-20,-20,4,-20,9,3,3,4,6,2,2,5,6,7,-20,5,3,5,-20,5,-20,-20,5,-20,7,-20,3,-20,3,5,13,-20,-20,3,-20,-20,3,5,10,-20,5,32,38,23,20,28,63,-20,122,-20,23,70,56,70,42,80
"chr3,16538574",-20,12,10,6,-20,12,13,22,-20,8,-20,10,51,41,25,18,36,13,78,67,43,-20,61,36,71,48,24,32,7,3,5,3,2,19,71,50,44,20,8,13,5,42,13,12,9,19,13,35,11,9,11,17,31,13,38,10,60,39,29,41,45,27,44,39,37,36,35,60,53,28,25,26,12,41,25,69,18,-20,12,17,11,27,18,8,19,32,32,63,31,20,25,46,39,46,60,41,-20,47,-20,50,40,34,10,6,34,41,5,51,58,10,10,-20,44,26,8,8,49,7,6,-20,8,-20,6,14,25,-20,-20,31,21,15,9,-20,-20,-20,19,12,28,-20,8,14,-20,8,-20,-20,19,7,-20,37,14,8,5,4,7,13,14,15,6,19,63,15,-20,14,-20,13,-20,-20,-20,-20,3,-20,11,21,12,8,-20,34,24,5,18,13,-20,6,8,-20,12,-20,-20,8,6,4,12,17,-20,7,4,16,11,14,23,10,13,9,25,13,40,14,19,10,-20,36,55,33,39,34,4,15,12,14,12,22,13,11,6,38,4,10,7,20,55,13,18,13,32,24,10,5,11,8,8,5,23,12,9,22,4,39,12,11,6,13,10,22,-20,10,4,3,8,7,20,4,19,18,12,9,4,9,30,16,13,28,20,3,-20,18,7,6,24,41,11,28,-20,16,6,20,7,12,3,-20,3,11,14,6,5,4,62,13,35,8,-20,-20,20,4,-20,-20,7,22,47,7,46,47,44,51,47,27,-20,3,-20,-20,26,39,10,28,14,25,3,19,4,-20,10,25,7,5,13,4,46,-20,13,13,60,10,-20,40,11,34,-20,28,6,-20,8,9,6,6,-20,10,-20,16,5,15,19,11,8,17,7,6,3,8,3,10,6,10,11,-20,-20,13,5,-20,3,62,8,3,-20,6,11,18,8,6,21,23,14,13,6,9,-20,6,5,16,-20,3,84,-20,6,-20,10,21,-20,7,2,8,3,17,14,4,-20,33,-20,11,13,4,6,18,6,10,-20,-20,9,25,8,-20,23,22,8,14,101,9,5,4,8,3,7,6,-20,21,-20,3,3,5,5,3,18,20,97,23,5,7,7,3,9,6,7,6,7,18,10,-20,11,2,3,6,7,-20,-20,15,6,4,7,7,8,16,58,36,27,16,13,6,7,4,5,6,11,6,6,4,25,9,21,10,-20,23,12,4,10,4,6,-20,51,17,13,6,-20,-20,8,35,9,9,27,23,40,49,7,39,53,9,4,42,41,-20,10,20,15,-20,50,18,-20,12,28,13,-20,12,12,7,12,-20,32,5,17,20,-20,7,-20,3,7,-20,8,11,18,-20,12,-20,51,9,5,35,16,3,9,5,-20,7,76,4,-20,-20,18,19,7,-20,4,12,47,42,18,51,41,43,48,21,24,22,-20,31,15,21,33,-20,6,10,9,21,-20,6,11,7,6,12,7,4,3,24,-20,23,12,10,9,5,3,27,21,24,14,17,14,16,9,9,90,55,25,19,17,23,34,14,27,22,10,12,22,20,32,5,23,26,21,-20,8,35,53,10,-20,14,8,22,62,5,7,34,27,41,26,7,6,9,10,24,4,31,31,5,7,11,20,33,4,14,19,15,3,25,-20,3,5,18,6,-20,14,9,11,8,12,15,6,13,-20,14,14,10,9,15,26,14,14,14,5,14,9,14,6,15,11,12,4,17,8,16,6,21,10,16,11,17,18,9,12,5,10,11,2,4,9,15,14,19,6,5,9,9,7,8,4,6,5,20,23,3,5,-20,5,18,6,-20,23,18,11,2,38,11,3,13,14,19,19,6,4,7,10,15,11,3,11,18,3,-20,-20,-20,12,4,7,-20,-20,-20,-20,-20,-20,-20,-20,-20,-20,3,8,7,4,4,-20,-20,-20,4,3,10,5,3,-20,6,4,-20,12,3,-20,4,-20,10,-20,11,6,17,7,6,7,18,13,23,28,12,20,10,-20,3,-20,5,4,-20,7,5,-20,8,-20,7,5,4,10,-20,5,12,10,10,20,22,23,8,23,6,5,13,4,6,-20,13,3,10,-20,10,10,-20,18,-20,23,5,-20,-20,14,6,9,19,12,30,13,17,7,3,17,20,-20,-20,9,7,21,-20,-20,13,22,16,6,8,7,6,8,32,7,5,28,-20,6,32,24,8,30,7,9,7,8,28,9,7,-20,15,-20,16,21,43,8,4,10,3,23,18,43,7,9,12,26,11,16,4,-20,15,18,16,20,12,-20,12,15,-20,6,15,7,7,9,-20,4,16,6,-20,17,12,-20,17,7,-20,11,13,7,9,6,9,4,-20,11,10,-20,13,16,12,10,25,21,13,5,12,16,10,11,5,-20,-20,-20,-20,-20,7,5,7,-20,8,15,17,22,17,-20,16,-20,4,7,16,16,8,14,2,-20,-20,15,10,6,22,11,17,-20,-20,15,3,10,6,17,-20,5,12,8,8,3,4,3,-20,-20,6,20,-20,4,12,6,-20,-20,3,11,8,-20,4,5,-20,12,4,4,4,-20,9,7,3,4,6,-20,5,8,-20,7,9,4,6,-20,5,4,7,-20,-20,4,7,-20,4,5,-20,-20,-20,3,3,-20,4,-20,6,6,4,4,9,-20,-20,5,6,3,3,5,7,6,6,4,3,7,6,-20,10,-20,3,-20,5,7,10,-20,3,3,-20,-20,-20,5,12,7,7,31,33,22,22,28,64,15,122,-20,27,68,59,73,41,77
"chr3,16538580",-20,12,10,5,-20,12,13,24,-20,10,-20,11,46,42,21,18,38,17,81,65,46,-20,58,38,70,47,22,31,8,-20,7,3,2,20,71,53,47,24,8,15,6,42,13,-20,10,20,12,39,11,8,12,18,33,15,35,11,62,43,29,45,47,26,44,41,37,36,31,63,55,29,28,26,13,44,27,70,18,-20,12,19,10,29,16,9,22,33,33,61,34,21,24,47,43,47,56,38,-20,49,-20,51,39,37,11,6,36,41,-20,50,58,9,10,2,50,27,8,9,51,11,7,-20,8,-20,8,14,31,4,-20,34,20,18,12,-20,-20,-20,20,14,27,-20,9,15,-20,8,-20,-20,20,7,-20,34,15,9,5,4,6,13,16,14,5,17,61,13,-20,14,-20,14,-20,-20,-20,-20,3,-20,14,29,14,9,-20,32,36,5,18,13,7,8,9,-20,11,-20,-20,12,5,5,-20,17,-20,7,3,16,12,13,25,8,8,10,22,15,41,13,19,9,-20,33,54,35,39,37,4,13,14,10,14,23,13,12,6,34,4,9,7,19,58,15,19,16,32,24,10,4,14,13,8,5,22,11,8,21,4,39,13,15,7,14,9,19,-20,13,6,5,9,12,19,6,17,16,12,9,6,10,29,17,-20,30,24,-20,-20,20,9,9,26,40,11,26,-20,16,8,19,8,13,3,-20,3,12,14,7,5,7,58,20,31,8,-20,-20,22,4,-20,-20,10,21,49,7,49,47,43,49,47,34,-20,-20,-20,-20,24,43,11,29,13,25,7,15,4,-20,10,30,7,-20,14,4,45,7,13,16,60,11,-20,40,12,29,-20,30,7,-20,-20,9,8,7,3,10,-20,18,5,14,16,11,8,18,5,6,4,10,3,11,7,11,12,-20,-20,15,5,-20,-20,64,8,6,-20,5,11,16,9,7,21,23,12,12,6,10,-20,7,6,15,4,3,81,-20,5,-20,8,23,6,8,2,8,3,16,14,6,-20,32,-20,11,13,6,5,19,6,9,-20,-20,11,22,10,-20,22,23,8,14,104,9,7,5,9,4,9,5,3,22,-20,3,3,4,6,4,19,21,91,24,5,7,7,3,10,6,7,6,7,19,11,10,12,2,3,8,7,-20,3,15,6,4,6,7,8,15,54,37,25,16,12,6,7,7,5,8,11,8,8,4,25,9,21,10,-20,24,11,4,9,4,-20,-20,52,16,15,6,-20,-20,-20,35,9,10,28,27,39,58,7,40,51,8,7,42,41,6,-20,21,15,-20,49,17,-20,13,27,14,-20,12,15,9,10,5,32,5,16,19,-20,4,-20,4,11,-20,9,13,18,-20,13,-20,53,8,-20,35,16,3,10,5,-20,7,74,4,3,-20,15,18,8,-20,5,10,46,42,20,53,40,48,53,23,22,23,-20,34,17,21,34,-20,6,12,9,26,8,6,11,-20,7,14,8,8,-20,29,-20,24,13,10,10,4,5,27,19,24,14,17,13,15,13,10,85,51,23,25,20,24,37,16,27,26,11,13,25,21,27,5,23,29,25,-20,8,33,54,9,-20,13,9,20,58,5,9,34,24,40,27,10,5,8,11,-20,-20,32,26,5,7,13,23,34,4,14,20,17,4,23,-20,3,-20,18,6,-20,16,8,14,-20,14,16,8,15,-20,15,14,11,10,16,29,13,17,14,5,16,9,13,6,16,12,13,4,18,10,17,9,21,12,17,12,16,19,12,10,7,11,13,4,4,10,15,14,19,8,5,7,10,7,9,6,6,8,19,22,3,5,-20,6,19,6,-20,23,18,12,4,40,13,5,13,14,21,19,8,-20,8,10,14,12,4,11,20,5,-20,-20,-20,12,5,7,-20,3,-20,-20,-20,-20,-20,-20,-20,-20,-20,9,8,6,7,-20,-20,-20,4,3,9,6,3,6,7,4,3,12,7,-20,-20,6,9,-20,14,8,17,8,6,-20,17,16,23,31,13,23,10,-20,4,-20,7,4,9,8,5,-20,8,-20,6,7,-20,11,-20,7,-20,11,11,22,23,24,7,24,6,9,14,-20,7,-20,14,3,12,-20,11,10,7,18,6,25,5,-20,-20,9,6,12,20,12,27,14,17,7,3,18,20,3,-20,9,7,21,-20,-20,13,22,15,7,8,7,7,7,38,7,5,30,-20,8,32,25,11,30,-20,12,-20,12,27,10,11,3,16,-20,17,20,45,12,-20,10,4,24,20,47,10,10,-20,29,11,18,5,-20,16,19,18,21,12,-20,13,16,-20,7,18,7,7,9,-20,5,18,8,-20,18,14,-20,18,7,-20,11,15,7,10,7,9,4,-20,11,9,4,13,17,13,9,23,21,15,7,12,15,10,13,5,-20,-20,-20,-20,-20,8,5,7,4,9,15,17,25,19,5,17,-20,4,7,16,15,10,14,3,-20,3,15,10,6,29,12,18,-20,-20,16,3,11,7,16,-20,5,12,9,7,3,4,3,-20,-20,6,20,2,5,12,6,-20,6,3,11,8,-20,4,5,-20,12,5,4,3,-20,-20,7,3,3,3,-20,5,7,-20,6,7,2,5,-20,4,4,7,4,-20,3,8,3,3,5,-20,-20,3,4,-20,-20,5,-20,6,5,4,7,-20,6,-20,5,7,-20,4,-20,7,6,8,4,5,10,6,3,10,-20,4,-20,5,5,7,-20,-20,3,-20,3,3,5,22,7,8,30,31,23,22,30,62,16,131,-20,30,63,58,66,37,76
"chr3,16538581",-20,12,10,5,-20,12,13,23,-20,10,-20,11,46,42,20,18,39,18,79,64,47,-20,58,36,70,47,21,31,8,-20,7,3,3,20,69,53,45,23,8,15,-20,41,13,-20,10,20,13,39,11,9,12,18,33,15,36,11,63,43,28,44,46,28,44,41,37,35,31,64,55,29,27,26,14,44,28,69,18,-20,12,18,10,29,16,9,22,32,32,58,34,22,24,47,42,47,57,38,-20,49,-20,51,39,37,11,5,37,42,-20,51,58,9,10,2,49,28,8,9,51,11,7,-20,8,-20,8,14,32,4,-20,34,20,18,12,-20,-20,-20,20,14,27,-20,9,15,-20,8,-20,-20,20,7,-20,34,15,9,5,4,6,13,17,14,5,17,61,13,-20,14,-20,14,-20,-20,-20,-20,3,-20,14,31,14,9,-20,32,36,5,17,13,7,10,10,-20,11,-20,-20,13,5,5,-20,17,-20,6,3,16,12,13,25,8,8,10,22,15,41,13,19,9,-20,34,52,35,39,37,4,13,16,10,14,23,13,12,6,33,4,10,7,19,56,15,19,16,32,24,10,4,14,13,8,5,22,11,10,21,4,36,13,15,7,15,9,19,-20,14,6,5,9,12,19,6,17,16,13,9,6,11,30,17,-20,30,24,-20,-20,20,9,8,26,40,11,27,-20,16,8,19,9,12,3,-20,3,12,14,7,5,7,54,20,31,8,-20,-20,22,4,-20,8,10,21,48,7,49,46,43,51,47,34,-20,-20,-20,-20,24,43,11,31,14,25,8,14,4,3,10,31,7,-20,14,4,48,7,13,17,59,12,-20,40,13,29,-20,30,7,-20,10,9,8,7,3,10,-20,18,5,13,16,11,8,18,5,6,3,10,3,10,7,11,12,-20,-20,15,5,-20,-20,61,8,6,-20,5,11,16,8,6,20,23,12,12,6,9,-20,7,6,16,4,3,79,-20,5,-20,8,23,7,8,2,8,3,16,12,6,-20,31,-20,11,13,-20,5,18,6,9,-20,-20,10,23,10,-20,22,24,8,14,106,-20,7,5,9,4,9,5,3,23,-20,3,3,4,6,4,20,20,92,24,5,7,7,3,10,6,7,6,7,21,11,10,11,2,3,8,7,-20,3,15,6,4,6,7,8,15,54,37,24,16,12,6,7,7,5,8,11,8,8,4,24,9,21,12,-20,24,11,4,10,4,-20,-20,52,16,14,8,-20,-20,9,34,9,10,28,26,39,57,7,39,52,8,7,42,41,6,9,21,15,-20,51,17,-20,12,29,15,-20,12,15,9,11,5,32,5,16,19,-20,3,-20,4,11,-20,9,13,16,-20,13,-20,54,8,-20,36,17,3,10,5,-20,7,72,5,3,-20,15,18,8,-20,5,9,45,43,21,52,40,48,55,24,24,23,-20,34,17,21,34,-20,6,12,9,27,7,6,11,-20,7,14,8,8,-20,29,-20,24,13,10,11,4,5,27,19,24,14,17,13,15,13,10,85,51,23,25,20,24,38,17,27,26,11,13,26,21,26,5,24,29,25,-20,8,31,54,9,-20,13,10,18,57,5,9,33,25,39,27,15,5,8,11,-20,-20,32,25,5,6,13,23,34,4,15,20,17,4,23,-20,3,-20,18,-20,-20,16,8,13,8,14,16,8,15,-20,15,14,11,10,15,29,13,17,14,5,16,9,13,6,16,12,13,4,18,10,17,8,22,12,17,12,16,19,12,10,7,11,13,4,4,10,15,11,19,8,5,7,10,7,9,6,6,8,19,21,3,5,-20,6,19,7,-20,23,18,12,4,40,13,6,13,14,21,19,8,-20,8,10,14,11,4,11,20,5,-20,-20,-20,12,5,7,5,3,-20,-20,-20,-20,-20,-20,-20,-20,-20,9,8,6,7,-20,-20,-20,4,3,9,6,3,6,7,4,3,12,7,-20,-20,7,10,-20,14,8,17,8,6,-20,17,16,23,31,13,22,10,-20,4,-20,7,4,10,8,5,-20,8,-20,6,7,-20,11,-20,7,16,11,11,22,23,24,7,24,6,9,12,5,7,-20,13,3,12,-20,11,10,7,18,6,25,5,-20,-20,9,6,12,20,12,27,14,17,6,3,18,20,3,-20,9,7,21,-20,-20,13,21,15,7,8,7,7,7,40,6,5,30,-20,8,33,25,12,30,-20,12,10,12,28,11,11,3,16,-20,17,22,45,12,-20,10,4,23,20,47,10,10,14,29,10,18,5,4,16,19,18,21,12,-20,13,16,-20,7,18,7,7,8,6,5,18,8,-20,18,14,-20,18,7,-20,11,15,7,10,7,9,4,-20,11,9,4,13,17,13,7,23,21,15,7,12,15,10,12,5,-20,-20,-20,-20,-20,8,5,7,4,9,16,17,25,19,5,17,-20,4,8,16,15,10,14,3,-20,3,15,10,6,29,12,18,-20,-20,16,3,11,7,16,-20,5,12,9,7,3,4,4,-20,-20,6,20,2,5,12,6,-20,6,3,10,8,9,4,5,-20,12,4,4,3,-20,-20,7,3,4,4,3,5,6,5,6,7,2,7,3,5,-20,6,4,-20,3,-20,4,-20,5,-20,-20,4,4,-20,-20,5,-20,5,6,-20,6,8,7,-20,5,6,-20,4,-20,7,6,8,-20,5,-20,7,3,10,-20,4,-20,5,5,8,-20,-20,4,-20,3,4,4,23,7,8,30,32,22,22,30,63,16,139,-20,32,64,59,67,39,75
"chr3,16538583",-20,13,10,5,-20,12,12,24,-20,10,-20,11,46,39,20,18,41,18,79,68,47,-20,61,34,72,45,20,31,8,-20,7,4,-20,20,68,52,45,23,7,15,6,43,13,-20,9,19,13,42,11,9,15,19,32,15,37,12,63,43,27,44,47,28,44,40,39,35,31,62,55,30,28,23,14,43,30,69,18,-20,12,19,10,28,14,8,20,31,31,61,35,22,22,47,41,46,57,37,-20,48,-20,52,41,36,11,5,36,42,-20,51,59,10,10,4,52,25,8,-20,50,10,6,-20,8,4,8,13,30,4,-20,35,21,17,11,-20,-20,-20,20,13,27,-20,8,15,-20,8,-20,-20,19,7,-20,34,16,9,5,4,6,13,16,14,5,17,62,16,-20,14,-20,13,-20,-20,-20,-20,3,-20,14,31,15,10,-20,31,36,5,21,13,8,11,10,-20,11,-20,-20,14,5,5,-20,16,-20,6,3,16,12,13,27,8,8,10,22,15,45,13,19,11,-20,36,52,36,39,39,4,14,16,11,14,23,13,11,6,33,4,9,8,19,55,16,17,15,32,24,10,4,14,14,8,5,21,11,11,19,4,35,15,17,7,17,9,18,-20,14,5,7,9,12,19,6,17,16,13,10,6,12,30,17,-20,30,24,-20,-20,19,9,9,27,38,12,26,-20,16,8,20,9,12,3,-20,-20,12,13,7,5,7,54,20,30,8,-20,-20,23,4,-20,8,10,20,46,7,48,45,42,51,47,32,-20,-20,-20,-20,25,42,11,31,14,24,9,13,4,3,10,28,7,-20,14,4,48,7,13,17,58,14,-20,40,-20,26,-20,29,7,3,10,9,8,8,3,8,-20,17,4,14,16,11,8,18,5,6,-20,10,3,10,7,13,13,-20,-20,17,6,-20,-20,62,8,6,-20,5,11,17,9,7,20,22,13,11,6,9,-20,7,6,16,-20,3,76,-20,5,-20,8,22,7,9,2,8,3,18,12,6,-20,34,-20,10,13,7,5,18,6,9,-20,-20,10,23,12,-20,22,23,8,14,108,9,6,5,8,4,10,5,3,23,-20,3,3,4,6,5,20,20,89,24,4,6,7,4,10,6,7,6,7,21,11,11,11,-20,3,8,7,-20,-20,15,6,5,6,7,8,15,54,37,23,15,13,7,7,7,5,8,10,7,8,4,20,7,19,15,-20,24,12,4,9,4,-20,-20,54,15,15,8,-20,-20,9,31,9,10,28,-20,38,58,7,38,52,8,7,45,40,6,9,21,14,-20,50,17,-20,13,30,15,-20,12,15,9,11,5,30,5,16,19,3,3,-20,3,11,-20,9,14,16,-20,13,-20,53,9,-20,36,17,3,11,5,-20,7,72,6,-20,-20,17,18,8,-20,5,9,44,43,20,52,40,47,56,22,24,23,-20,35,17,21,33,-20,6,13,10,25,9,6,10,-20,7,13,8,-20,-20,29,-20,23,12,11,13,4,5,26,19,22,13,17,12,15,13,10,85,50,22,22,20,25,38,16,25,28,9,13,26,21,26,5,22,28,25,-20,9,32,54,9,-20,12,11,18,56,5,9,32,24,38,26,-20,5,7,11,-20,-20,30,25,6,6,13,23,34,4,12,19,16,4,19,-20,3,-20,18,6,-20,15,8,13,8,11,16,8,14,-20,15,12,11,9,15,27,14,18,16,5,16,9,13,6,17,12,13,-20,19,9,17,8,22,12,17,12,17,19,12,9,7,13,14,7,-20,10,15,11,20,8,5,7,10,7,9,5,6,8,17,22,3,5,-20,6,17,6,-20,23,18,11,4,40,13,8,12,13,20,17,8,-20,10,10,13,12,4,10,20,5,-20,-20,-20,12,5,7,6,3,-20,-20,-20,-20,-20,-20,-20,-20,-20,8,7,6,8,-20,-20,-20,4,3,9,6,3,6,-20,5,3,12,7,-20,-20,7,10,-20,13,8,17,8,6,-20,16,19,23,30,13,22,10,-20,4,-20,7,4,9,7,5,-20,8,-20,6,7,-20,11,-20,7,16,11,9,20,23,23,5,22,6,9,11,6,7,-20,13,-20,12,-20,11,10,7,18,6,26,4,-20,-20,9,6,12,19,12,24,14,17,5,-20,18,21,3,-20,9,7,21,-20,-20,13,20,15,7,8,7,6,7,39,5,5,29,-20,9,32,22,12,28,-20,12,10,12,27,11,-20,-20,15,-20,17,21,44,12,-20,10,4,23,21,44,10,10,14,27,9,18,-20,-20,17,18,18,21,12,3,13,16,-20,7,18,8,7,10,7,5,17,7,-20,18,14,-20,17,7,-20,11,16,7,10,7,9,4,-20,12,10,4,12,18,13,6,22,21,14,7,11,16,10,11,4,-20,-20,-20,-20,-20,8,5,8,4,9,16,17,24,19,4,17,-20,4,6,16,14,10,13,3,-20,3,15,-20,6,-20,12,18,-20,-20,17,3,11,7,16,-20,5,12,9,7,3,4,4,-20,-20,6,20,2,5,12,7,-20,5,3,10,8,8,4,5,-20,11,4,4,3,-20,8,7,3,-20,4,-20,5,6,5,6,6,2,6,3,-20,4,8,4,-20,4,9,4,-20,5,2,-20,4,3,-20,-20,5,3,4,5,4,-20,9,9,-20,5,5,-20,3,-20,7,-20,7,4,5,-20,5,-20,10,-20,4,-20,6,5,8,-20,-20,5,-20,-20,-20,5,22,9,8,30,32,23,22,30,65,17,114,-20,32,63,61,70,39,73
"chr3,16538584",-20,15,10,5,-20,12,11,26,-20,11,-20,11,48,38,21,19,41,18,82,67,48,-20,61,34,70,46,20,31,8,-20,7,4,-20,21,68,52,45,23,9,15,9,44,13,11,9,20,13,44,12,9,15,19,33,15,37,12,63,43,26,44,49,30,44,41,40,34,30,64,55,29,28,23,15,45,30,69,18,-20,13,21,10,27,15,8,20,31,31,60,35,21,20,47,41,46,56,37,-20,50,-20,53,41,35,11,5,35,42,-20,51,59,10,10,5,54,28,8,9,48,-20,7,-20,8,5,9,12,33,4,-20,37,21,17,16,-20,-20,-20,19,17,30,-20,7,15,-20,7,-20,-20,20,7,-20,34,16,9,5,4,6,13,16,14,5,17,58,16,-20,15,4,12,-20,-20,-20,-20,4,-20,16,33,19,12,-20,30,36,5,21,31,8,12,10,3,11,-20,-20,14,5,5,-20,16,-20,7,3,17,12,12,27,8,8,10,23,15,45,13,19,11,-20,36,53,36,39,39,5,14,17,11,15,23,13,11,6,32,5,9,6,19,56,15,17,15,34,24,10,4,14,14,8,5,20,11,11,19,4,34,16,18,9,18,9,19,-20,14,5,8,9,14,19,6,19,17,13,10,6,12,28,17,-20,31,25,-20,-20,22,9,9,27,36,12,30,-20,16,8,20,9,12,3,-20,3,12,13,7,6,7,54,20,30,8,-20,-20,24,4,-20,8,10,19,46,8,48,46,42,49,47,37,7,-20,-20,-20,24,41,11,30,13,23,9,14,4,3,10,32,6,7,14,3,48,7,13,18,55,14,-20,40,14,26,-20,28,7,3,-20,10,8,8,3,8,-20,17,4,14,15,11,9,19,5,6,-20,10,3,10,7,13,13,3,-20,17,6,3,-20,63,8,6,-20,5,11,17,11,8,20,21,13,11,6,9,-20,7,6,14,5,3,76,-20,5,5,8,21,9,9,2,8,3,18,12,7,-20,34,-20,11,13,7,5,18,6,10,-20,-20,10,21,12,-20,21,25,8,14,104,11,7,5,8,4,10,5,3,23,-20,3,3,4,7,5,20,19,90,24,4,6,8,4,10,6,7,7,7,22,12,11,13,3,3,9,7,-20,3,15,6,5,6,7,8,16,55,37,23,16,14,6,8,7,5,8,10,8,8,4,20,11,18,21,-20,24,12,3,10,4,-20,-20,54,17,15,8,-20,-20,9,29,9,13,29,31,40,56,10,37,52,9,7,45,38,6,-20,22,14,-20,49,17,-20,13,31,16,-20,12,15,9,10,5,31,5,14,19,3,4,-20,3,12,9,9,14,15,-20,13,-20,52,9,-20,36,17,4,11,5,-20,7,73,6,-20,-20,15,18,8,-20,5,9,43,43,20,51,40,49,56,26,24,25,-20,35,20,22,33,-20,6,13,10,26,10,-20,10,10,7,15,8,10,-20,30,-20,23,12,11,15,4,6,26,21,23,13,19,13,15,13,10,86,50,24,27,21,26,37,18,25,29,11,12,32,22,23,5,25,27,26,-20,9,31,54,9,-20,12,10,17,56,5,10,32,27,37,25,19,6,10,11,-20,-20,30,25,6,6,14,25,35,4,13,18,16,6,20,-20,3,7,20,8,-20,15,9,15,10,12,16,8,15,-20,15,12,12,10,16,27,15,19,16,5,16,9,13,7,17,13,14,7,20,9,17,8,23,13,17,11,18,19,12,10,7,14,14,7,5,9,15,11,21,8,6,7,11,5,10,5,7,8,19,21,4,6,-20,8,17,6,-20,24,17,12,6,43,14,9,12,13,22,18,10,-20,10,12,14,12,4,11,20,5,-20,-20,-20,13,5,8,8,3,-20,-20,-20,-20,-20,-20,-20,-20,5,9,8,6,-20,-20,-20,-20,4,3,9,9,3,7,-20,6,3,12,7,-20,-20,7,11,-20,15,8,18,9,6,-20,16,18,23,35,13,21,10,-20,4,-20,8,6,9,7,5,-20,8,-20,6,7,-20,11,-20,7,16,11,9,18,23,22,5,23,6,10,14,8,8,-20,12,4,12,-20,11,10,7,19,5,27,6,-20,-20,9,7,14,17,11,23,14,17,6,-20,17,20,3,-20,9,8,21,-20,-20,12,21,14,7,8,7,6,7,42,5,5,30,-20,10,33,23,-20,28,-20,12,11,12,27,13,11,5,15,-20,17,20,45,13,-20,11,4,22,21,45,11,10,14,27,10,16,5,4,17,20,19,22,12,4,14,17,-20,8,20,9,7,10,7,-20,17,7,-20,18,13,-20,17,7,-20,12,16,9,10,8,9,5,-20,11,11,4,11,19,13,6,24,19,14,8,11,16,10,11,4,-20,-20,-20,-20,-20,8,5,8,4,9,17,18,26,18,4,16,-20,4,6,16,14,10,13,3,-20,3,16,-20,9,32,13,18,-20,-20,18,3,11,8,14,-20,6,12,9,7,-20,6,5,-20,-20,6,20,-20,5,12,9,-20,5,4,11,9,9,4,5,-20,14,-20,4,3,-20,9,7,-20,4,5,3,5,6,6,6,7,2,7,3,-20,3,8,3,-20,4,8,-20,3,5,2,-20,4,3,2,-20,5,-20,6,6,3,6,8,9,-20,5,5,-20,4,-20,5,6,7,4,5,10,6,6,9,-20,4,-20,5,5,9,-20,-20,3,-20,3,-20,4,24,9,8,30,32,23,22,30,64,17,114,-20,30,63,61,68,41,75
"chr3,16538591",-20,11,8,-20,-20,9,9,22,6,9,-20,10,46,38,21,25,39,23,83,71,47,-20,65,35,67,46,22,34,9,3,7,4,-20,19,69,51,43,19,9,14,9,43,14,11,8,20,14,45,11,6,16,21,35,11,38,14,62,46,26,39,48,31,38,42,41,36,28,68,55,29,27,24,17,42,30,69,21,-20,12,19,7,26,14,-20,19,33,34,64,39,20,18,46,36,47,50,30,-20,48,-20,51,44,31,10,6,32,46,-20,54,58,9,10,5,53,33,7,8,51,-20,7,3,8,5,10,6,37,4,-20,30,19,16,17,-20,-20,-20,21,22,32,-20,7,11,-20,7,-20,-20,21,9,-20,28,17,9,5,4,6,14,18,14,5,13,66,17,-20,13,7,9,-20,4,4,-20,5,6,18,35,21,10,-20,33,35,4,20,30,8,11,11,4,11,-20,-20,13,4,12,-20,16,-20,6,4,19,11,13,28,8,10,11,26,14,46,12,20,12,-20,34,52,39,36,35,6,16,24,10,16,23,13,10,6,31,6,11,6,17,55,16,21,17,38,24,11,4,14,15,10,5,21,11,11,20,-20,36,18,22,10,18,13,20,-20,16,9,14,9,15,19,6,20,19,15,9,7,11,27,16,-20,33,24,-20,-20,23,9,9,31,35,14,32,-20,16,8,22,9,14,3,3,5,12,11,9,6,7,64,23,34,7,-20,-20,24,4,-20,5,9,20,50,9,45,47,43,51,41,38,7,-20,-20,-20,22,52,11,29,14,29,12,12,3,3,10,37,5,-20,15,3,42,9,10,17,72,17,3,42,13,23,-20,27,7,3,10,10,10,9,4,12,-20,15,5,16,15,11,8,18,6,6,-20,10,5,11,7,12,14,3,-20,24,6,3,-20,61,8,6,4,5,9,16,13,9,20,20,15,12,6,10,-20,5,7,13,6,3,73,-20,6,6,7,25,11,10,2,11,4,18,11,7,-20,35,-20,9,14,7,6,20,7,9,-20,-20,10,23,13,-20,22,23,8,14,101,11,7,5,9,5,10,5,3,23,4,3,3,4,8,5,23,20,85,22,5,7,9,4,11,5,8,7,8,26,13,11,13,3,4,10,6,-20,3,13,-20,5,6,7,8,15,56,35,22,19,13,6,6,9,7,8,11,8,10,5,20,10,17,20,-20,25,12,-20,9,4,8,-20,53,13,14,10,-20,3,10,31,8,14,29,31,39,59,9,39,48,9,7,44,37,4,8,27,14,-20,47,17,-20,14,36,17,-20,10,14,10,8,5,30,6,18,19,4,3,-20,3,14,10,8,14,16,2,14,-20,51,8,7,39,18,4,17,5,6,7,72,8,-20,-20,15,16,8,-20,-20,9,44,42,20,51,41,45,59,28,24,22,8,33,17,16,28,-20,7,15,9,25,12,6,6,10,7,15,9,11,2,34,5,19,11,10,15,5,9,21,22,19,9,17,13,18,21,12,86,49,25,32,25,24,39,20,23,28,13,12,34,22,26,6,31,32,25,3,9,31,61,7,-20,11,8,18,60,7,14,34,24,38,25,30,4,12,13,-20,-20,30,23,7,6,14,21,34,5,13,14,17,6,14,-20,5,7,18,9,4,16,9,14,11,10,13,7,12,-20,13,9,14,10,16,21,14,17,13,6,15,9,10,8,19,11,12,8,18,10,19,8,20,13,17,12,16,14,11,9,7,16,11,7,8,-20,13,12,19,8,7,5,13,5,9,5,7,8,19,19,5,7,-20,8,12,7,11,20,12,9,7,38,14,9,10,13,19,18,-20,6,7,11,11,15,5,10,19,4,-20,-20,-20,9,4,9,8,3,-20,-20,-20,-20,-20,-20,-20,-20,7,7,7,6,8,-20,-20,-20,4,6,-20,9,3,7,5,7,-20,11,7,-20,7,9,12,4,11,6,16,10,7,-20,13,15,21,37,14,18,7,4,4,-20,9,7,10,7,10,6,6,-20,-20,8,8,12,-20,6,16,11,8,20,21,16,3,19,6,11,15,9,7,-20,11,6,12,-20,11,7,7,18,5,26,5,-20,-20,6,5,12,13,12,21,13,14,5,4,15,12,3,-20,7,8,18,-20,-20,12,15,15,6,10,7,7,7,48,5,5,26,11,9,28,18,-20,26,-20,16,11,12,23,13,9,6,12,6,12,20,34,13,7,12,4,19,19,32,11,10,12,23,10,15,-20,4,14,16,16,18,12,4,11,14,3,10,16,7,7,8,6,-20,14,7,-20,14,12,-20,14,-20,4,10,14,9,8,9,8,5,-20,9,10,5,14,16,11,6,21,15,12,6,10,12,9,6,3,-20,-20,-20,-20,-20,7,5,7,4,10,14,15,23,16,5,15,-20,6,6,14,10,9,10,3,-20,4,12,8,9,34,13,18,-20,-20,14,-20,8,10,10,-20,6,10,9,7,-20,5,5,-20,7,7,17,-20,5,11,10,-20,-20,4,11,13,6,3,7,-20,15,5,-20,4,-20,6,6,-20,-20,3,-20,4,5,5,5,-20,3,7,-20,3,4,8,3,-20,4,11,5,2,4,-20,-20,4,-20,3,-20,6,-20,6,7,-20,6,4,8,3,4,3,-20,4,3,-20,6,7,5,7,12,4,4,8,-20,5,-20,-20,5,8,-20,3,6,-20,6,6,4,-20,15,7,32,31,25,27,30,67,20,123,3,37,63,61,63,42,70
"chr3,16538593",-20,12,8,-20,6,7,8,19,6,8,-20,10,44,38,19,24,41,23,85,69,48,-20,66,34,68,45,22,34,8,3,7,4,4,15,72,53,44,19,9,14,9,44,14,13,8,20,14,49,11,6,16,25,36,11,36,14,61,49,25,37,49,28,39,42,41,34,28,68,55,26,27,24,17,42,33,71,21,-20,10,19,7,25,14,7,19,34,34,63,40,20,18,47,36,49,48,29,-20,47,4,54,44,32,10,6,32,49,-20,51,58,9,10,5,60,33,7,8,50,-20,7,3,7,5,10,6,38,4,-20,31,19,16,18,-20,-20,-20,24,24,34,-20,7,10,-20,7,-20,-20,23,7,-20,23,16,9,5,4,6,15,18,14,4,13,66,17,-20,12,7,9,-20,4,4,-20,5,7,18,35,21,11,-20,37,35,3,19,30,8,9,11,4,11,-20,-20,13,4,12,-20,16,-20,7,4,19,11,13,28,6,10,12,26,14,46,14,20,12,-20,37,52,36,36,35,7,17,26,9,17,23,13,10,6,31,7,11,7,18,56,16,21,19,39,23,12,6,15,15,11,5,22,12,11,20,-20,36,17,20,10,18,13,21,-20,16,9,14,11,15,19,6,20,18,16,9,7,11,26,15,-20,32,26,-20,-20,24,9,10,32,37,15,33,-20,16,10,24,9,14,4,3,4,12,11,8,6,7,64,37,35,6,-20,-20,23,3,-20,5,10,19,49,8,45,46,44,52,41,37,7,4,-20,-20,22,53,12,28,14,27,12,12,3,3,12,38,4,11,15,3,42,10,9,21,73,19,3,39,13,23,-20,26,7,4,10,9,9,9,3,12,-20,17,5,16,16,10,9,17,6,6,-20,10,5,10,7,12,14,3,-20,24,6,-20,6,61,8,7,4,5,9,17,13,9,20,19,14,14,6,10,-20,6,7,14,6,3,73,-20,6,7,7,25,12,10,2,12,4,18,11,7,-20,37,-20,8,16,7,6,20,7,8,-20,-20,10,23,13,-20,22,24,8,14,99,10,8,5,9,5,9,5,3,23,4,3,3,4,8,5,24,19,83,22,5,7,10,4,11,5,8,6,8,26,13,11,16,3,3,10,6,-20,3,13,-20,5,6,7,7,15,56,34,22,20,14,5,6,10,7,8,10,8,9,5,20,11,17,20,-20,25,12,-20,9,4,9,5,52,12,14,10,-20,3,10,31,8,13,30,36,40,60,9,39,48,9,7,43,35,4,8,26,13,-20,45,17,-20,15,35,17,-20,10,15,10,9,5,30,6,18,18,4,3,-20,3,14,10,8,14,18,2,13,-20,51,7,6,40,18,4,17,4,5,7,72,8,-20,-20,14,16,8,-20,-20,9,45,44,20,51,41,46,59,30,24,22,8,33,18,16,25,-20,7,15,9,25,12,6,6,10,7,14,9,11,2,34,5,17,9,10,14,5,9,20,20,20,9,17,12,19,21,12,88,50,28,33,26,26,40,22,23,27,13,14,33,23,24,6,31,33,25,3,9,35,61,7,-20,10,8,16,60,7,14,34,24,39,24,29,5,8,13,-20,-20,30,23,10,6,14,21,33,-20,13,13,14,6,15,-20,-20,7,17,8,-20,16,8,13,11,9,12,7,12,-20,12,9,14,8,16,19,14,17,11,6,14,9,9,7,19,10,12,8,17,10,19,8,20,13,14,12,12,13,12,9,7,16,11,7,8,7,13,12,19,8,7,4,13,5,9,5,7,8,18,17,5,7,-20,8,12,7,11,20,11,8,7,39,14,9,9,12,19,14,9,6,7,11,10,14,5,9,16,-20,-20,-20,-20,7,4,9,8,3,-20,-20,-20,-20,-20,-20,-20,-20,7,7,7,6,8,-20,-20,-20,4,6,6,9,3,7,5,7,-20,11,7,-20,7,9,12,4,11,6,15,10,7,10,11,15,20,35,10,17,6,4,4,-20,9,7,9,7,10,6,6,-20,-20,7,8,12,-20,6,16,11,8,18,21,14,3,18,6,11,15,8,7,-20,9,6,11,-20,11,7,7,17,5,26,5,-20,-20,6,4,12,13,11,20,12,13,5,4,15,12,3,-20,5,8,17,-20,3,12,12,16,6,10,7,8,6,47,5,5,23,11,9,26,16,13,25,-20,15,11,12,21,12,-20,6,12,6,11,17,31,13,7,12,4,18,19,30,10,10,10,20,8,12,-20,4,13,16,16,17,12,4,10,14,-20,9,13,7,7,6,6,-20,14,7,2,14,10,-20,14,6,4,9,13,9,8,9,8,5,-20,7,10,5,14,16,11,6,22,15,8,6,8,12,8,5,3,-20,-20,-20,-20,2,6,5,7,4,8,15,14,21,15,5,15,-20,6,6,14,10,9,10,3,-20,4,11,8,9,35,13,18,6,3,14,-20,7,10,10,-20,6,10,8,7,-20,5,5,-20,7,7,17,-20,5,9,10,-20,3,4,10,13,6,3,7,-20,14,5,-20,5,-20,7,5,-20,-20,4,3,-20,6,5,5,9,3,5,4,5,7,10,5,-20,4,11,-20,3,5,-20,2,4,-20,3,3,5,-20,-20,6,5,7,4,9,3,3,3,3,4,3,9,6,7,6,6,12,4,6,8,-20,5,-20,-20,5,9,-20,4,5,-20,7,6,4,43,16,8,32,31,25,26,29,68,21,123,16,35,63,64,58,40,69
"chr3,16538594",-20,12,8,-20,5,7,8,19,6,8,-20,10,42,38,18,24,41,22,86,71,47,-20,66,34,71,46,22,35,8,3,7,4,5,15,71,52,42,19,9,14,9,45,14,14,8,19,14,48,-20,6,16,25,36,11,39,14,63,47,24,38,47,28,39,42,40,34,29,67,54,27,27,23,17,43,31,68,21,-20,10,19,7,25,14,7,19,34,34,62,41,22,18,47,36,46,46,30,-20,47,4,54,44,31,10,6,32,49,-20,51,58,9,10,5,60,33,7,8,50,-20,7,3,7,5,10,6,38,4,-20,32,18,16,18,-20,-20,-20,24,25,36,-20,7,10,-20,7,-20,-20,23,7,-20,23,16,9,5,4,6,15,18,14,4,13,66,16,-20,12,7,9,-20,4,4,-20,5,7,18,35,22,11,4,37,35,3,20,30,8,9,11,4,11,-20,-20,13,4,12,-20,16,-20,7,4,19,11,13,28,6,10,12,23,14,46,14,20,11,-20,36,52,36,36,36,7,17,26,9,17,24,13,10,6,30,7,12,7,18,56,16,24,19,38,23,12,6,15,15,11,6,22,12,11,20,-20,34,17,22,10,19,12,21,-20,16,9,14,13,17,19,6,19,18,16,10,8,10,26,17,-20,31,26,-20,-20,23,9,10,33,39,17,33,3,14,10,24,9,14,4,3,4,12,11,8,6,7,64,37,35,6,-20,-20,23,3,-20,5,10,19,48,8,45,48,44,52,41,37,7,4,-20,-20,21,54,11,29,14,26,12,12,3,-20,12,36,4,11,15,3,42,10,10,22,69,20,3,39,13,23,-20,26,6,4,10,9,9,9,3,12,-20,16,5,15,15,10,8,17,7,6,-20,10,5,10,7,12,14,3,-20,24,6,3,6,57,8,7,4,5,9,17,13,10,20,20,14,14,6,9,-20,7,7,14,6,3,75,-20,6,7,7,25,12,10,2,12,4,18,13,7,-20,37,-20,8,17,7,6,20,7,8,-20,-20,10,23,13,-20,22,25,8,15,100,10,8,4,9,5,9,5,3,22,4,3,3,4,9,5,23,19,80,21,6,7,10,4,11,5,9,6,8,27,13,11,16,3,3,10,6,-20,3,13,-20,-20,7,7,7,16,55,35,22,21,14,5,6,10,7,8,10,8,9,5,18,11,17,20,-20,25,12,-20,9,-20,-20,5,53,12,14,10,-20,3,10,31,8,13,32,35,40,58,9,39,47,9,7,43,35,4,8,25,13,-20,48,18,-20,14,37,16,-20,10,15,9,9,5,30,6,18,17,4,3,-20,3,14,-20,8,14,17,3,12,3,50,7,6,41,19,4,16,4,5,7,73,8,-20,-20,13,16,8,-20,-20,9,42,44,20,51,40,46,59,31,24,22,8,33,18,16,25,-20,7,15,9,25,12,6,6,10,7,14,-20,11,2,34,5,17,9,10,14,5,9,20,20,20,9,17,12,22,21,13,83,50,28,34,26,27,40,22,23,29,13,14,32,23,24,6,31,32,26,4,9,37,62,7,-20,10,10,17,56,7,14,36,24,39,24,29,5,9,13,-20,-20,26,23,10,6,13,19,33,5,13,13,14,6,15,-20,-20,7,17,8,-20,16,8,13,11,9,12,7,12,-20,12,9,14,8,16,19,14,17,11,6,14,8,9,7,19,10,12,8,17,10,19,8,20,15,16,11,12,13,12,9,7,16,11,7,8,7,13,12,19,8,7,4,13,5,9,5,7,8,18,17,5,7,-20,8,12,7,11,20,11,8,7,39,14,9,9,13,19,14,9,6,7,11,10,14,5,9,16,-20,-20,-20,-20,7,4,9,8,3,-20,-20,-20,-20,-20,-20,-20,-20,7,7,7,6,8,-20,-20,-20,4,6,6,9,3,7,5,7,-20,11,8,-20,7,-20,12,4,11,6,15,10,7,10,11,15,20,35,10,17,6,4,4,-20,9,7,9,7,10,6,-20,-20,-20,6,8,12,-20,-20,18,11,8,17,21,14,3,18,6,11,15,8,7,-20,9,6,11,-20,11,7,7,17,5,26,5,-20,-20,6,4,12,13,11,20,12,13,5,4,15,12,3,-20,5,8,17,-20,3,12,12,16,6,10,7,9,6,48,5,5,23,-20,9,27,15,13,25,-20,15,11,12,21,12,9,6,12,6,11,-20,31,13,7,12,4,18,19,30,10,10,10,20,8,12,-20,4,13,16,16,17,12,4,10,-20,-20,7,13,7,7,6,6,7,14,7,2,14,10,-20,14,6,4,9,13,9,8,9,8,5,-20,7,10,6,14,16,11,6,22,15,8,6,-20,12,8,5,3,-20,-20,-20,-20,2,6,5,7,4,8,15,14,21,15,5,15,-20,6,6,14,10,9,10,-20,-20,4,11,8,8,35,13,18,6,3,14,-20,7,10,10,-20,6,10,8,7,-20,5,5,-20,7,7,17,-20,5,9,10,-20,3,4,11,13,6,3,7,-20,14,5,5,4,-20,6,5,-20,-20,5,3,-20,5,4,5,9,-20,7,4,5,6,9,5,-20,4,10,-20,3,-20,-20,-20,4,-20,3,3,6,-20,5,6,6,7,4,9,3,3,3,3,4,3,6,5,7,6,7,11,-20,6,8,-20,5,-20,5,5,9,-20,4,7,-20,-20,6,4,43,16,8,32,31,25,26,29,69,23,123,16,38,63,64,58,41,66
"chr3,16538601",-20,11,8,-20,6,7,8,18,7,7,-20,9,41,37,16,24,39,28,90,73,48,4,67,36,72,46,21,32,8,3,8,4,5,15,68,53,45,22,10,12,10,43,13,16,5,19,14,47,12,5,13,27,35,11,38,12,60,52,24,39,52,28,38,41,40,35,25,68,50,25,30,23,18,40,27,67,21,-20,10,18,7,27,15,8,16,35,37,70,42,26,19,49,40,47,49,31,-20,49,3,48,42,36,9,6,33,49,4,50,58,9,10,5,64,30,7,7,54,10,6,3,7,6,10,7,36,4,-20,42,18,16,18,3,-20,-20,24,29,31,5,7,10,-20,6,4,-20,21,6,-20,29,17,8,5,5,8,14,18,13,6,13,63,14,-20,11,8,9,-20,4,5,-20,6,7,21,30,16,14,5,36,34,4,17,35,9,10,13,5,13,-20,-20,17,4,12,-20,15,-20,7,4,20,10,9,28,8,10,12,26,18,45,14,21,20,-20,34,52,42,32,35,8,15,26,10,19,23,11,11,8,33,6,13,8,19,59,18,25,22,36,24,14,5,15,16,13,6,23,11,12,22,6,31,17,23,10,17,16,19,5,16,10,20,12,20,22,6,19,19,15,13,8,12,24,15,-20,35,28,-20,-20,24,10,12,36,47,18,27,3,15,9,26,10,12,4,3,5,9,15,9,5,7,66,34,34,6,-20,-20,22,3,-20,5,11,22,46,9,41,46,47,52,42,40,11,4,3,-20,22,61,12,29,12,27,12,13,-20,4,11,38,4,11,16,3,40,11,10,24,76,21,-20,37,15,23,-20,29,6,5,18,6,9,8,5,-20,-20,15,5,16,15,10,6,20,6,9,-20,12,5,8,8,12,13,3,-20,27,6,3,5,57,8,7,5,6,9,16,16,12,17,20,16,15,4,9,-20,6,7,12,6,4,66,-20,7,5,8,25,13,10,2,12,3,16,16,8,-20,39,-20,8,14,7,6,18,7,9,3,-20,10,19,15,-20,21,24,8,14,96,12,11,6,10,3,9,6,3,21,6,3,3,4,10,5,20,20,79,24,6,7,12,4,11,4,9,6,7,33,12,14,18,3,3,10,5,9,3,13,9,-20,7,7,7,15,52,34,27,20,13,6,6,10,7,7,10,11,9,5,15,13,21,21,-20,22,11,2,10,-20,11,6,57,11,16,10,-20,4,11,31,9,14,31,35,41,63,9,39,48,9,7,43,37,3,7,28,12,-20,43,17,-20,13,36,17,-20,11,14,9,8,5,33,8,17,18,5,-20,-20,3,17,11,7,14,16,4,16,4,44,6,5,38,20,5,16,3,5,8,75,9,5,-20,14,16,8,-20,6,11,42,44,19,52,35,47,56,33,21,23,8,32,19,14,23,-20,9,16,9,23,13,6,6,9,9,14,9,11,3,35,5,14,8,9,14,5,11,20,20,17,9,15,12,23,22,15,74,46,30,40,24,23,45,22,22,27,15,18,37,24,25,9,31,30,24,4,11,36,66,4,-20,9,9,19,54,10,15,37,24,36,22,38,7,10,13,-20,-20,26,24,12,8,14,21,29,6,13,12,13,6,13,3,5,7,16,6,-20,15,8,13,12,9,10,7,12,-20,11,9,14,8,16,20,15,19,11,6,14,9,9,8,19,10,11,8,18,12,18,7,20,14,15,11,10,13,12,9,9,16,11,7,8,9,13,11,19,7,8,5,13,6,10,5,7,7,17,19,5,6,-20,8,9,8,11,17,12,8,7,38,15,8,10,14,18,13,9,5,7,11,10,16,5,9,15,5,-20,-20,-20,7,4,8,8,3,-20,-20,-20,-20,-20,-20,-20,-20,8,6,8,6,7,-20,-20,-20,4,5,6,9,-20,7,5,7,-20,10,9,3,6,9,12,7,11,6,14,10,6,10,10,14,20,33,9,17,6,6,4,-20,9,7,9,6,10,6,5,-20,4,6,7,12,6,6,17,10,8,15,20,14,3,17,6,13,15,7,8,-20,9,5,10,-20,9,7,7,16,5,26,5,-20,-20,6,5,12,13,10,23,12,12,5,4,14,11,3,4,5,9,15,4,3,13,12,14,6,9,6,8,6,51,5,5,23,12,9,27,14,12,26,11,14,10,11,20,12,10,7,11,6,11,18,29,13,6,11,5,17,20,25,11,10,9,19,9,13,4,5,12,14,16,16,12,4,9,15,-20,7,12,7,7,5,7,7,14,6,2,13,9,-20,15,7,4,9,13,10,9,9,8,5,4,7,12,6,13,15,11,6,20,16,7,5,8,12,8,5,-20,-20,-20,-20,-20,2,5,5,7,4,6,15,13,20,15,4,14,4,6,5,15,11,9,10,3,-20,4,10,9,7,35,13,16,6,3,13,3,7,10,9,-20,7,10,8,8,4,5,6,-20,7,7,16,-20,7,9,10,-20,-20,4,11,15,6,2,7,-20,15,-20,6,6,-20,4,4,-20,4,4,4,-20,7,6,5,7,3,8,5,5,6,12,6,-20,6,9,5,3,8,-20,4,-20,-20,4,4,-20,-20,5,3,5,6,5,5,2,3,-20,5,5,3,11,4,-20,5,7,10,4,6,6,-20,5,4,-20,5,8,-20,5,5,-20,6,6,4,48,18,-20,29,34,27,28,29,69,25,123,39,43,61,58,62,38,62
"chr3,16538604",-20,10,8,-20,6,6,7,18,8,7,-20,9,39,35,15,23,38,29,93,74,50,4,65,35,70,44,21,31,8,3,7,4,5,15,67,55,45,21,10,12,9,41,13,16,7,20,14,49,12,6,13,27,36,13,41,10,58,55,23,37,53,28,38,39,41,36,25,69,52,25,32,23,20,41,28,66,21,3,10,18,7,27,17,8,16,37,37,68,41,24,18,51,41,44,51,36,-20,49,3,47,44,37,9,6,32,48,8,50,58,9,9,5,64,31,7,7,57,10,6,3,7,6,10,7,39,5,-20,37,17,16,19,3,-20,-20,24,29,30,5,7,10,-20,6,4,-20,20,6,-20,28,18,9,5,6,8,14,18,14,5,13,61,15,-20,11,8,9,-20,4,-20,-20,6,11,21,36,16,14,5,35,34,4,17,36,8,10,13,5,14,3,-20,17,3,12,-20,15,-20,9,4,18,11,7,27,8,10,12,27,18,46,15,22,19,-20,38,61,42,32,33,7,15,24,10,20,21,11,11,8,36,6,14,8,19,55,18,25,23,38,27,14,-20,15,19,13,6,22,12,12,23,8,30,16,25,10,18,17,18,7,16,10,20,12,22,23,7,20,19,14,13,9,12,26,16,-20,38,28,-20,-20,25,10,12,34,37,20,31,3,14,9,23,10,13,4,3,5,8,15,10,5,8,70,34,34,6,-20,-20,22,3,-20,5,11,24,44,9,41,46,50,52,43,42,13,3,3,3,22,67,12,29,14,27,11,13,-20,5,12,38,4,13,15,6,38,11,10,25,77,21,-20,39,17,23,-20,29,6,5,17,6,9,7,5,14,-20,14,5,15,14,10,5,20,7,9,-20,12,5,7,8,13,14,3,-20,29,6,3,5,55,8,8,5,6,8,18,19,12,18,19,16,17,4,9,3,6,7,13,6,4,63,-20,7,6,8,25,14,10,2,12,3,17,14,9,-20,39,-20,8,14,7,6,18,8,10,3,-20,11,19,18,-20,21,24,9,14,95,11,15,6,11,3,8,7,2,19,6,3,3,5,10,5,21,17,81,23,6,5,12,4,11,4,9,7,7,33,12,13,19,3,3,11,5,9,3,13,8,-20,7,8,7,13,50,35,27,20,13,6,6,10,8,7,10,10,9,5,16,14,21,23,-20,21,11,2,10,-20,11,7,56,11,14,10,-20,4,11,31,-20,14,31,33,40,66,10,40,50,9,6,45,39,3,7,28,12,-20,44,18,3,12,38,18,-20,10,14,9,7,6,31,11,18,18,6,4,-20,-20,19,11,7,14,15,5,16,4,43,7,6,37,19,5,17,3,6,7,76,9,6,-20,15,17,8,-20,7,11,43,42,19,54,33,52,55,32,21,23,8,32,20,15,23,-20,10,15,8,23,13,4,6,9,10,13,8,11,3,36,5,14,8,9,14,5,11,20,20,18,9,16,12,20,22,15,78,47,31,42,24,25,44,22,23,25,15,18,36,24,24,9,33,33,24,4,12,37,65,5,-20,7,9,20,52,11,20,34,22,35,22,42,7,16,13,-20,-20,25,24,12,8,15,21,29,6,12,12,13,6,14,3,5,6,16,6,-20,16,7,13,12,8,9,7,12,-20,11,10,14,8,16,20,15,19,11,6,14,8,9,8,19,8,11,9,18,12,18,7,20,15,16,12,11,13,12,10,11,17,11,7,8,9,13,10,20,7,9,4,13,6,11,5,-20,8,18,18,5,6,-20,7,9,8,15,17,13,8,7,37,14,8,10,14,18,13,9,5,7,11,10,15,5,9,15,5,-20,-20,-20,8,4,8,8,3,-20,-20,-20,-20,-20,-20,-20,-20,8,6,7,6,7,-20,-20,-20,4,5,6,9,-20,7,3,7,-20,11,9,3,5,9,12,7,11,7,14,10,6,9,10,14,20,33,9,17,6,6,3,3,10,7,10,6,10,6,5,4,4,5,7,12,5,6,18,11,8,15,20,14,3,17,5,13,17,8,8,-20,9,5,10,-20,10,7,7,16,5,27,5,-20,-20,6,5,12,13,10,23,12,12,5,3,15,11,3,4,5,9,14,4,3,13,12,14,5,9,6,9,7,55,5,3,24,12,8,27,13,10,25,10,14,9,11,20,13,10,7,12,6,11,18,30,14,6,10,5,17,20,26,10,8,9,18,9,13,4,5,12,14,16,15,12,4,9,15,-20,7,12,7,7,7,7,7,15,6,2,12,9,-20,16,7,4,9,14,11,9,8,9,5,4,7,12,6,13,15,11,5,23,16,7,4,8,12,8,6,-20,-20,-20,-20,-20,2,5,4,7,4,6,14,13,20,15,3,12,4,5,5,15,13,9,9,3,-20,4,11,9,7,33,13,16,6,3,13,3,7,9,9,-20,6,9,8,7,3,5,5,-20,7,7,15,-20,7,9,10,-20,-20,4,12,15,6,2,7,5,15,5,6,7,-20,3,6,-20,4,4,4,-20,7,5,-20,6,3,8,5,5,7,12,6,-20,6,9,5,-20,7,-20,5,-20,-20,5,4,4,-20,5,5,8,6,5,7,3,3,4,5,4,4,10,4,3,6,-20,11,5,6,3,-20,6,4,4,5,8,-20,7,4,-20,6,7,4,53,18,10,28,34,26,27,29,67,25,103,40,43,63,58,63,36,60
"chr3,16538611",-20,8,8,-20,7,7,8,18,8,8,-20,7,44,36,15,26,39,33,91,74,52,4,63,37,74,43,20,26,8,3,8,4,5,16,73,56,46,23,10,12,9,40,15,17,7,22,14,52,11,5,12,29,43,12,37,11,56,54,20,38,50,28,38,41,40,35,27,72,52,24,31,22,20,39,29,74,19,4,10,18,9,27,18,8,16,42,39,69,44,24,21,52,42,50,48,37,-20,47,4,48,43,38,10,6,34,52,8,50,53,10,9,5,62,41,6,8,56,10,5,3,7,6,7,7,42,6,-20,44,15,18,25,3,-20,-20,24,33,30,6,8,9,-20,6,4,-20,24,6,-20,31,16,7,4,5,8,14,18,14,5,9,64,15,4,9,8,9,3,4,5,-20,7,11,21,38,23,13,6,36,36,4,15,48,8,10,16,4,15,-20,4,17,5,11,-20,14,-20,10,6,17,11,8,27,8,8,11,27,18,46,14,18,23,-20,40,59,40,34,22,9,14,24,13,22,21,13,10,8,36,9,13,7,19,56,21,30,28,36,24,12,7,13,20,14,5,23,13,11,23,10,28,15,25,7,19,18,16,7,15,12,21,10,22,27,6,19,18,14,12,12,16,28,15,4,39,28,12,-20,27,10,15,40,38,21,35,3,14,9,22,10,13,3,3,6,4,14,12,5,10,70,33,40,6,-20,-20,27,2,-20,5,11,26,49,10,39,44,50,51,40,47,14,4,-20,4,21,75,14,29,14,26,12,13,-20,4,10,38,4,13,15,8,39,11,9,26,87,24,-20,43,21,21,-20,28,6,5,17,7,8,10,8,14,-20,12,4,16,13,10,5,24,7,9,-20,-20,5,7,8,13,16,3,-20,33,5,3,5,54,8,8,5,7,7,19,20,13,19,16,15,18,5,8,3,8,7,13,6,4,65,-20,7,6,8,22,16,10,4,11,-20,16,15,9,-20,36,-20,8,12,6,6,16,8,10,3,-20,10,18,18,-20,17,24,9,15,94,12,17,6,11,3,9,4,2,20,6,3,3,4,11,5,21,15,74,27,7,4,11,4,12,4,8,8,7,32,14,15,19,3,3,10,5,10,3,13,10,6,7,10,5,13,51,33,25,24,12,7,5,9,8,7,9,10,9,6,19,13,20,26,4,20,11,3,8,-20,11,7,57,11,14,9,-20,5,11,31,8,18,32,37,45,62,11,35,49,9,7,46,41,4,7,34,12,-20,45,16,3,11,37,18,-20,10,15,11,8,7,38,13,23,19,6,5,-20,-20,18,12,7,14,13,9,16,4,45,8,7,37,18,4,19,3,9,9,77,10,7,3,19,14,8,-20,6,13,42,42,20,55,31,54,57,31,20,23,11,32,21,14,21,3,10,15,8,23,13,8,5,9,10,17,8,9,3,36,6,16,9,9,16,5,11,20,21,18,8,16,9,23,24,17,79,49,31,42,28,27,42,22,23,26,15,20,39,29,25,8,36,34,26,5,12,37,60,5,4,8,9,20,55,15,21,35,25,36,22,42,7,17,13,21,7,26,26,15,9,15,21,28,9,13,12,14,6,14,4,5,6,13,6,-20,17,7,12,11,8,9,7,13,3,12,9,15,8,14,17,15,19,13,5,13,8,9,8,16,8,9,9,20,11,17,9,20,15,14,12,10,13,12,11,11,17,10,8,9,8,11,10,20,10,9,4,13,6,13,5,6,8,18,20,5,6,3,7,10,8,17,18,14,6,11,37,14,11,10,14,18,14,9,5,6,11,11,14,5,9,16,5,-20,-20,-20,8,4,8,8,-20,-20,-20,-20,-20,-20,-20,-20,-20,8,6,6,7,7,-20,-20,-20,5,5,5,11,-20,7,5,7,-20,12,10,3,5,9,12,7,10,9,12,10,6,9,10,14,19,30,9,17,6,6,3,3,10,7,11,6,11,6,6,4,4,6,7,15,6,7,19,11,9,15,20,14,4,18,5,14,19,8,8,-20,10,5,12,-20,10,6,7,15,5,24,5,3,-20,6,5,13,11,9,23,12,12,5,3,14,10,3,4,6,10,17,4,3,11,13,14,5,7,5,10,8,62,6,5,23,12,9,26,11,10,23,13,14,10,11,20,13,9,7,11,6,11,18,28,14,7,10,6,16,19,25,10,9,10,17,9,13,3,6,12,14,17,17,11,6,9,15,-20,7,13,6,11,7,8,7,13,6,2,13,8,-20,13,6,4,9,14,11,9,8,8,6,4,7,12,8,12,15,10,-20,22,16,7,4,8,10,7,6,-20,-20,-20,-20,-20,2,5,4,8,5,6,14,12,18,15,6,11,4,5,4,12,11,7,6,3,-20,4,10,8,7,34,12,20,7,3,9,3,7,9,9,-20,6,6,8,7,4,5,7,-20,11,10,17,-20,7,8,10,-20,3,4,12,14,6,3,7,5,14,7,8,5,-20,4,7,-20,4,3,5,-20,6,4,-20,5,-20,10,6,8,7,10,5,-20,-20,6,5,-20,7,-20,6,-20,-20,4,3,6,-20,6,4,9,6,4,-20,4,4,-20,5,-20,4,9,8,-20,7,8,9,4,4,-20,3,-20,4,5,5,9,-20,6,5,-20,6,10,4,57,18,10,28,34,29,25,28,68,27,103,40,50,63,60,69,43,61
"chr3,16538618",-20,12,7,-20,8,9,7,16,8,10,-20,7,46,37,15,26,41,34,91,76,60,4,66,42,75,40,22,30,10,3,8,5,5,18,80,55,45,28,13,11,12,38,14,21,7,26,12,53,9,6,15,32,46,10,39,10,55,56,21,40,50,36,39,41,41,40,29,69,54,29,36,17,25,38,30,74,22,5,15,18,7,31,18,10,21,46,40,73,40,24,23,54,42,49,48,40,-20,48,5,44,44,35,10,6,36,53,8,48,49,9,12,5,57,42,5,10,51,11,5,5,7,6,6,7,45,8,5,48,16,21,29,5,-20,-20,29,36,31,6,8,7,-20,6,7,-20,24,8,-20,34,19,7,4,6,6,12,21,16,5,9,55,14,5,13,10,8,3,6,6,-20,-20,11,24,42,24,14,7,34,37,4,15,48,7,11,19,4,14,-20,4,19,6,10,-20,15,-20,9,9,17,11,9,23,8,8,13,24,19,46,15,15,29,-20,40,57,39,29,27,8,17,29,-20,24,21,15,10,8,40,12,11,9,18,55,23,33,30,38,24,12,7,14,21,14,4,21,14,16,23,12,25,14,28,7,20,18,12,8,14,13,21,10,24,31,9,20,20,13,11,13,20,26,15,7,39,31,14,-20,29,10,14,46,36,25,36,4,15,10,27,10,16,3,3,8,5,12,13,7,10,70,39,43,9,-20,-20,28,3,-20,5,11,27,51,12,41,48,49,50,39,51,16,6,-20,-20,23,83,15,32,16,27,12,13,-20,5,10,44,3,13,17,9,40,13,10,27,88,26,4,42,21,21,-20,28,7,5,17,8,8,12,8,16,-20,11,5,16,13,10,8,24,8,9,-20,12,5,9,8,10,15,4,-20,41,7,4,6,57,10,6,5,6,9,20,21,16,20,16,13,17,5,9,4,10,5,13,7,7,68,2,8,7,7,23,17,10,4,11,3,14,16,9,-20,37,-20,9,12,9,5,14,8,11,3,-20,9,19,19,-20,18,23,11,16,91,15,17,7,12,5,10,-20,5,20,8,-20,3,5,12,5,19,16,71,25,8,5,12,4,9,5,8,9,7,26,13,16,21,2,3,10,7,10,3,15,10,4,7,11,6,13,52,36,26,24,11,7,6,11,9,8,13,14,9,-20,18,15,22,29,5,21,10,4,8,-20,13,7,58,11,15,9,-20,5,11,36,8,19,33,46,46,62,12,35,46,8,8,46,38,5,11,35,14,-20,43,17,3,12,39,20,-20,8,16,10,8,10,37,13,24,19,7,6,-20,4,18,15,5,14,14,10,14,5,47,7,9,38,15,4,18,-20,10,8,81,13,9,3,17,17,8,-20,6,16,41,45,19,58,36,53,53,31,19,25,14,31,23,15,22,4,11,18,10,21,14,15,7,11,14,20,11,15,5,40,7,17,7,10,19,7,12,23,23,18,12,15,10,23,26,21,75,47,35,46,31,27,44,25,21,27,19,19,41,28,21,8,41,38,27,6,14,31,61,5,-20,7,11,21,56,14,23,33,27,36,20,44,6,21,13,25,8,26,26,17,9,16,21,29,10,12,13,15,6,15,6,5,9,15,7,3,18,11,14,11,8,13,8,14,6,14,9,15,8,14,-20,17,20,15,3,16,8,10,8,18,-20,11,7,19,13,16,11,18,12,12,13,10,12,12,12,12,19,10,8,8,9,12,10,20,12,14,5,14,8,13,6,7,9,20,22,8,8,4,9,11,9,19,15,16,7,14,41,15,11,13,15,18,17,11,5,5,12,14,16,7,8,15,4,-20,-20,-20,11,3,11,8,2,-20,-20,-20,-20,-20,-20,3,-20,13,6,6,7,9,-20,-20,-20,5,7,-20,11,-20,8,6,9,3,16,13,4,7,13,12,7,12,13,12,11,8,9,13,14,20,35,9,17,7,8,3,3,11,9,11,8,13,8,10,4,4,7,9,17,8,6,21,14,12,19,26,11,5,18,6,17,21,9,8,-20,12,6,15,5,13,7,9,13,8,25,6,4,-20,7,8,17,12,9,24,12,13,5,3,12,10,4,5,5,11,16,4,8,16,20,14,4,7,5,10,8,70,6,5,23,17,10,28,15,14,24,15,17,11,14,18,16,12,11,12,6,11,21,32,14,10,12,9,16,20,26,17,12,12,19,9,13,8,8,11,15,18,18,12,8,9,14,-20,9,12,8,11,7,8,7,13,8,3,11,8,-20,12,6,4,8,14,11,8,8,9,7,5,7,14,8,15,12,9,-20,24,14,7,4,9,8,6,9,-20,3,-20,-20,-20,2,5,4,7,5,6,13,10,18,12,6,15,6,5,4,13,14,6,7,-20,-20,5,10,11,10,40,11,20,7,3,9,-20,7,11,10,-20,6,6,9,6,4,6,10,-20,11,10,18,7,6,7,12,3,2,5,13,15,6,4,10,5,16,8,9,4,2,-20,6,-20,5,5,-20,-20,3,4,-20,5,3,9,-20,7,9,11,5,4,5,5,-20,-20,5,-20,4,-20,2,5,5,5,-20,4,5,9,5,-20,-20,3,4,3,4,6,4,15,7,-20,6,8,8,6,8,-20,5,7,4,5,7,8,-20,9,5,-20,5,8,5,65,22,12,27,29,27,28,32,71,32,107,40,50,63,62,73,43,60
