"chr,position",88,108,139,159,265,350,351,403,410,424,428,430,470,476,484,504,506,531,544,546,628,630,680,681,685,687,728,742,763,765,766,768,772,801,853,854,867,868,870,915,932,991,992,997,1002,1006,1061,1062,1063,1066,1070,1158,1166,1254,1257,1313,1317,1552,1612,1622,1651,1652,1676,1684,1739,1741,1756,1757,1793,1797,1819,1820,1829,1834,1835,1851,1852,1853,1872,1890,1925,1942,1943,1954,2016,2017,2031,2053,2057,2081,2091,2106,2108,2141,2159,2166,2171,2191,2202,2212,2239,2240,2276,2278,2285,2286,2317,2370,2412,4779,4807,4826,4840,4857,4884,4900,4939,4958,5023,5104,5151,5165,5210,5236,5249,5253,5276,5279,5349,5353,5395,5486,5577,5644,5651,5717,5718,5720,5726,5741,5748,5757,5768,5772,5776,5779,5784,5798,5800,5811,5822,5830,5831,5832,5836,5837,5856,5860,5865,5867,5874,5890,5893,5907,5921,5950,5984,5993,6008,6009,6010,6011,6012,6013,6016,6017,6019,6020,6021,6022,6023,6024,6025,6030,6034,6035,6036,6038,6039,6040,6041,6042,6043,6046,6064,6069,6070,6071,6073,6074,6076,6077,6085,6086,6087,6088,6090,6091,6092,6094,6095,6096,6097,6098,6099,6100,6101,6102,6104,6105,6106,6107,6108,6109,6111,6112,6113,6114,6115,6118,6119,6122,6123,6124,6125,6126,6128,6131,6132,6133,6134,6136,6137,6138,6140,6141,6142,6145,6148,6149,6150,6151,6153,6154,6163,6166,6169,6172,6173,6174,6177,6180,6184,6188,6189,6191,6192,6193,6194,6195,6198,6201,6202,6203,6209,6210,6214,6216,6217,6218,6220,6221,6231,6235,6237,6238,6240,6241,6242,6243,6244,6252,6255,6258,6268,6276,6284,6296,6390,6396,6413,6424,6434,6445,6680,6739,6740,6744,6749,6750,6805,6806,6814,6830,6897,6898,6900,6901,6903,6904,6907,6908,6909,6911,6913,6915,6917,6918,6919,6920,6922,6923,6924,6926,6927,6929,6931,6932,6933,6938,6940,6943,6944,6945,6951,6956,6957,6958,6959,6960,6961,6963,6966,6967,6968,6969,6970,6971,6973,6974,6975,6976,6979,6981,6982,6984,6986,6987,6989,6990,6992,6997,7000,7002,7003,7008,7013,7014,7025,7026,7028,7031,7033,7036,7058,7061,7062,7063,7064,7067,7068,7071,7072,7077,7081,7092,7094,7096,7102,7103,7106,7107,7109,7111,7117,7119,7120,7125,7126,7127,7130,7133,7138,7143,7147,7158,7160,7161,7162,7163,7164,7165,7169,7177,7181,7183,7186,7192,7199,7202,7203,7207,7208,7209,7213,7217,7218,7223,7231,7236,7244,7248,7250,7255,7258,7268,7273,7276,7280,7282,7287,7288,7296,7298,7305,7306,7307,7314,7316,7319,7320,7322,7323,7327,7328,7332,7333,7337,7342,7343,7344,7346,7347,7349,7350,7353,7354,7356,7358,7359,7372,7373,7377,7378,7382,7383,7384,7387,7394,7396,7404,7411,7413,7415,7416,7417,7418,7419,7424,7427,7430,7460,7461,7471,7475,7477,7514,7515,7516,7517,7520,7521,7523,7525,7529,7530,7566,7568,7717,7757,7767,7917,7947,8037,8057,8077,8132,8171,8214,8222,8227,8230,8231,8233,8234,8235,8236,8237,8238,8239,8240,8241,8242,8243,8244,8246,8247,8249,8256,8258,8259,8264,8283,8284,8285,8290,8297,8306,8307,8311,8312,8326,8334,8335,8337,8343,8351,8354,8357,8365,8366,8369,8376,8386,8387,8419,8420,8422,8424,8426,8427,8464,8483,8699,8723,9027,9057,9058,9067,9069,9070,9075,9078,9079,9081,9084,9085,9089,9091,9095,9099,9100,9102,9103,9104,9105,9106,9111,9113,9114,9115,9121,9125,9128,9130,9131,9133,9134,9298,9312,9314,9321,9323,9332,9336,9339,9343,9352,9353,9363,9369,9370,9371,9380,9381,9382,9383,9386,9388,9390,9391,9392,9394,9395,9399,9402,9404,9405,9407,9408,9409,9412,9413,9416,9421,9427,9433,9436,9437,9442,9450,9451,9452,9453,9454,9455,9470,9471,9476,9481,9503,9506,9507,9508,9509,9510,9511,9512,9513,9514,9515,9517,9518,9519,9520,9521,9522,9523,9524,9525,9526,9527,9528,9529,9530,9531,9532,9533,9534,9535,9536,9537,9539,9540,9541,9542,9543,9544,9545,9546,9547,9548,9549,9550,9551,9552,9553,9554,9555,9556,9557,9558,9559,9560,9561,9562,9564,9565,9567,9568,9569,9571,9573,9574,9576,9577,9578,9579,9581,9582,9583,9584,9585,9586,9587,9588,9589,9590,9591,9592,9593,9594,9595,9596,9597,9598,9599,9600,9601,9602,9606,9607,9608,9609,9610,9611,9612,9613,9615,9616,9617,9619,9620,9621,9622,9624,9625,9626,9627,9628,9629,9630,9631,9632,9633,9634,9635,9636,9637,9638,9639,9640,9641,9642,9643,9644,9645,9646,9647,9648,9649,9651,9653,9655,9656,9657,9658,9659,9660,9661,9663,9664,9665,9666,9667,9668,9669,9670,9671,9672,9673,9676,9677,9678,9679,9680,9681,9682,9683,9684,9685,9686,9687,9689,9690,9691,9692,9693,9694,9695,9696,9697,9698,9699,9700,9701,9703,9704,9705,9706,9707,9708,9709,9710,9711,9712,9713,9714,9716,9717,9718,9719,9720,9721,9722,9723,9725,9726,9727,9728,9729,9730,9731,9732,9733,9735,9736,9737,9738,9739,9741,9743,9744,9745,9747,9748,9749,9754,9755,9756,9757,9758,9759,9761,9762,9764,9766,9768,9769,9770,9771,9772,9774,9775,9776,9777,9778,9779,9780,9781,9782,9783,9784,9785,9786,9787,9788,9789,9790,9791,9792,9793,9794,9795,9796,9797,9798,9799,9800,9801,9802,9803,9804,9805,9806,9807,9808,9809,9810,9811,9812,9813,9814,9815,9816,9817,9819,9820,9821,9822,9823,9824,9825,9826,9827,9828,9830,9831,9832,9833,9834,9835,9836,9837,9838,9839,9840,9841,9843,9844,9845,9846,9847,9848,9849,9850,9851,9852,9853,9854,9855,9856,9857,9858,9859,9860,9861,9862,9864,9866,9867,9868,9869,9870,9871,9873,9874,9875,9876,9877,9878,9879,9880,9881,9882,9883,9885,9886,9887,9888,9890,9891,9892,9894,9895,9897,9898,9899,9900,9901,9902,9903,9904,9905,9906,9908,9909,9910,9911,9912,9914,9915,9917,9918,9920,9921,9924,9925,9926,9927,9928,9929,9930,9932,9933,9935,9937,9938,9939,9941,9942,9943,9944,9945,9946,9947,9948,9949,9950,9951,9952,9953,9955,9956,9957,9958,9959,9960,9962,9963,9964,9965,9966,9968,9969,9970,9971,9972,9973,9974,9975,9976,9978,9979,9980,9981,9982,9983,9984,9985,9986,9987,9988,9990,9991,9993,9995,9996,9997,9998,9999,10001,10002,10004,10005,10006,10008,10009,10010,10011,10012,10013,10014,10015,10017,10018,10020,10022,10023,10027,14312,14313,14314,14315,14318,14319,15560,15591,15592,15593,18694,18696,19949,19950,19951
"chr1,22084289",6,7,11,5,14,12,17,12,5,8,6,17,42,32,21,14,59,10,96,86,64,10,60,44,93,38,30,41,27,7,10,11,25,13,101,71,49,38,23,10,14,39,23,20,11,42,12,87,14,27,34,37,50,32,38,24,51,43,35,42,38,70,45,34,21,17,24,71,71,14,47,35,14,42,30,48,27,10,14,12,8,28,24,7,12,45,35,67,53,29,32,27,40,44,34,34,17,60,7,57,39,44,10,14,48,49,6,45,40,12,10,8,31,49,6,14,48,11,-20,6,14,7,12,5,51,5,7,57,10,20,34,9,11,11,37,53,54,6,5,13,9,7,11,13,56,6,-20,47,17,12,6,13,26,19,52,13,6,38,75,26,13,7,-20,8,8,25,13,6,16,8,67,51,48,24,15,43,19,17,26,120,28,16,28,13,23,-20,30,36,17,22,53,39,6,9,14,14,19,27,40,8,15,23,53,39,58,24,27,107,17,50,90,34,39,40,31,26,82,15,35,25,17,24,27,47,32,18,24,37,38,37,45,42,60,53,19,14,30,20,28,26,30,32,25,30,13,47,16,27,48,28,28,27,13,23,24,23,22,33,25,28,23,25,29,25,26,22,46,20,47,28,53,41,35,42,40,22,47,99,40,81,19,14,11,45,11,32,16,7,14,15,23,35,6,19,99,57,79,9,13,8,29,12,8,4,9,44,55,3,45,48,52,62,45,70,14,11,8,17,27,139,30,41,15,37,24,20,9,25,24,33,8,23,11,17,56,8,24,29,118,13,13,43,32,13,14,23,11,18,34,12,6,5,20,21,10,21,9,20,20,9,12,25,13,13,8,18,15,11,11,21,17,15,8,62,12,14,14,103,12,19,28,13,10,27,16,17,17,23,17,16,11,21,13,14,6,18,-20,13,99,19,13,9,11,21,22,22,23,26,16,14,18,9,20,29,17,5,12,6,10,8,8,23,17,13,11,44,19,12,26,31,21,11,96,32,13,14,9,8,-20,16,6,16,7,7,18,15,21,14,22,24,79,22,11,7,14,12,17,22,10,9,9,14,29,12,25,13,8,21,17,13,3,16,17,17,16,19,7,16,50,47,34,27,12,12,8,10,16,13,15,19,16,9,23,14,20,25,8,22,8,18,14,16,-20,12,57,14,14,17,11,-20,22,45,4,13,45,59,75,76,9,42,61,5,13,50,50,13,10,48,15,6,59,20,3,15,47,12,7,13,26,-20,15,51,32,5,24,24,8,23,19,27,26,21,17,10,12,7,17,20,40,18,14,52,24,21,16,12,32,18,46,18,18,8,18,30,9,16,17,27,41,40,25,69,43,46,35,43,15,58,8,38,14,12,37,6,13,17,16,27,-20,19,6,36,23,30,31,24,21,67,29,28,16,20,24,16,33,21,32,22,12,10,14,46,27,21,91,42,61,54,50,21,52,41,51,62,34,43,51,66,24,21,81,46,34,5,55,30,93,31,13,19,20,31,59,21,31,42,48,38,54,58,3,39,15,110,26,35,45,39,26,34,24,29,16,21,13,16,8,23,20,20,14,9,17,9,29,14,21,13,13,10,19,23,9,16,19,12,12,11,15,21,8,16,14,10,19,17,11,14,8,14,14,26,19,15,14,14,7,16,18,11,11,25,18,11,22,11,9,8,7,16,10,24,14,16,12,13,11,17,19,17,12,12,17,19,12,13,10,15,15,14,28,13,-20,14,12,11,18,21,16,25,15,9,11,13,15,11,8,11,11,28,8,8,11,19,16,10,17,11,10,-20,15,8,16,8,11,13,7,16,6,10,7,14,18,9,7,9,10,17,10,5,17,9,16,7,9,11,10,14,10,17,18,16,17,8,12,9,10,12,13,16,21,13,12,14,11,18,10,10,12,15,11,15,12,28,11,6,16,19,17,14,9,11,16,13,12,22,14,6,18,8,20,17,15,14,13,14,10,12,12,7,10,18,20,9,19,9,10,14,11,8,14,15,16,12,11,11,7,8,12,14,20,-20,17,7,12,6,-20,20,27,18,7,12,15,13,11,96,12,29,18,18,16,19,16,31,29,25,20,16,16,22,26,21,25,27,19,24,23,43,18,25,13,14,24,27,41,22,25,12,22,20,24,17,20,8,14,17,17,10,7,7,23,11,-20,6,10,19,17,14,22,16,7,8,14,14,21,12,8,7,20,20,17,18,14,19,12,18,12,9,14,3,16,12,13,20,18,13,13,17,19,4,17,6,-20,4,8,7,-20,5,9,5,7,11,9,16,19,18,20,19,15,15,12,18,13,16,11,7,13,15,19,13,14,50,17,14,8,8,21,9,12,20,13,4,11,21,11,8,-20,8,21,6,11,8,20,16,18,6,9,-20,5,12,4,11,12,6,15,5,9,6,15,-20,10,12,12,7,9,-20,20,3,8,5,12,14,4,13,3,13,10,6,7,4,6,9,8,4,7,7,14,5,10,-20,3,12,4,10,7,7,14,8,9,4,4,3,9,3,11,18,8,7,7,8,16,7,16,4,7,7,11,5,27,15,8,9,12,-20,8,18,12,64,27,14,32,28,16,32,31,67,49,68,37,58,39,52,74,36,50
"chr1,22084293",6,7,10,5,14,12,18,13,6,8,7,17,41,32,21,14,59,10,98,86,63,11,61,44,92,42,32,34,27,6,8,10,22,13,102,70,50,38,25,10,14,37,24,21,10,43,11,86,14,26,35,36,48,34,42,23,53,43,36,43,39,68,45,33,22,14,21,68,70,16,49,36,14,40,30,49,23,12,15,12,9,27,25,9,14,47,36,70,51,30,33,27,41,46,36,34,16,65,7,57,39,40,-20,15,46,52,5,46,39,12,9,8,30,47,7,16,47,13,-20,6,16,6,13,5,46,5,7,58,10,23,35,8,10,-20,36,55,55,7,5,17,9,7,12,13,57,10,-20,47,15,12,7,13,28,20,55,13,7,32,76,23,13,6,9,9,8,27,13,7,17,9,67,50,42,24,15,47,18,19,27,129,28,19,30,13,22,9,27,36,13,22,53,40,6,10,15,12,19,28,42,12,17,24,48,36,57,25,33,105,15,48,90,33,40,44,30,26,78,13,36,29,20,28,29,49,33,19,23,34,40,38,47,40,59,60,17,16,29,21,27,26,30,32,25,31,11,48,16,35,52,27,31,29,12,21,25,24,26,35,24,28,23,25,32,25,26,22,43,18,48,32,56,40,35,44,40,25,49,98,43,77,19,15,12,42,10,30,14,7,13,16,23,35,7,20,92,71,81,9,13,10,31,13,8,4,9,44,57,3,47,50,50,60,46,67,14,11,8,16,26,141,31,42,14,34,19,21,10,22,26,34,8,21,11,14,57,10,25,27,122,14,13,52,32,13,14,23,11,18,34,13,6,4,21,18,9,21,10,20,20,9,12,25,12,13,7,20,13,11,10,23,18,16,8,65,12,14,14,109,11,20,27,13,11,27,18,16,16,21,18,17,10,21,13,14,6,16,-20,12,100,20,13,8,11,23,20,19,23,23,12,13,18,10,16,29,19,7,12,6,10,9,8,24,17,12,11,43,18,13,26,30,22,10,97,32,14,13,-20,9,-20,16,6,16,7,7,20,14,21,12,20,26,77,20,13,7,13,12,19,21,10,9,9,16,28,11,26,13,7,22,18,12,-20,16,15,16,17,17,7,17,51,49,35,26,12,12,8,9,15,13,15,22,12,9,23,11,20,23,8,21,7,17,12,14,15,12,60,13,15,17,12,-20,21,47,4,13,45,58,74,76,11,43,63,5,12,48,50,14,11,48,14,7,62,19,3,16,43,12,8,12,24,10,14,51,32,4,23,24,8,24,20,27,25,21,17,9,13,8,21,21,39,13,12,48,27,18,16,12,33,19,50,16,17,9,18,31,10,15,18,29,37,44,24,68,44,46,39,42,17,58,10,42,15,13,41,6,15,16,17,28,11,19,8,40,25,31,30,25,20,74,33,28,13,20,23,15,35,23,33,22,12,12,13,49,28,-20,93,41,60,55,52,23,52,41,51,67,34,45,53,64,25,19,80,43,33,8,55,32,93,30,13,19,20,32,58,22,35,41,50,37,55,56,3,39,13,104,22,35,45,42,25,33,22,35,16,20,16,15,8,25,20,20,15,10,16,11,31,13,22,13,14,10,19,21,10,16,22,12,12,11,16,20,9,16,14,8,21,17,10,14,7,14,15,27,21,15,15,17,10,17,19,11,14,22,20,12,24,11,9,8,6,16,11,25,13,14,12,13,12,19,17,14,13,12,16,20,13,15,11,16,15,14,26,13,7,13,11,12,18,21,16,26,14,10,9,13,13,14,8,10,11,27,9,10,12,18,16,11,17,11,-20,-20,13,9,16,9,11,16,8,17,6,12,6,14,20,10,7,10,10,16,8,5,17,9,16,7,10,9,10,12,9,17,21,17,16,9,12,10,10,14,14,17,24,13,12,14,12,16,13,10,12,14,11,16,11,28,12,6,16,19,16,14,11,12,17,14,12,24,16,8,19,8,19,21,17,14,13,14,10,16,10,9,11,19,22,9,18,11,9,17,13,9,16,16,15,11,13,11,8,9,15,14,21,10,15,8,13,5,-20,21,26,17,8,12,14,13,10,96,12,32,21,20,17,21,17,32,29,26,21,17,16,23,27,22,27,29,19,19,25,49,16,28,13,15,25,27,45,20,26,17,24,22,26,19,22,8,15,16,16,10,7,6,22,13,-20,6,10,21,16,16,21,16,7,8,14,16,22,12,8,8,20,22,16,20,14,21,13,18,12,7,14,5,18,12,13,21,17,12,14,18,20,4,18,6,-20,4,9,9,-20,5,9,8,8,11,10,16,18,18,18,21,15,16,13,16,13,17,10,7,10,15,18,16,13,52,16,16,9,8,22,9,14,21,16,4,11,22,11,9,-20,8,23,6,11,10,19,16,17,7,10,9,6,13,4,11,13,6,15,5,9,6,14,-20,10,14,10,8,6,8,17,3,7,7,13,15,6,13,3,13,9,-20,7,-20,8,8,9,6,6,6,13,6,8,3,3,11,4,10,-20,9,16,9,8,4,4,3,13,5,10,8,9,4,9,9,19,7,18,4,-20,9,10,8,24,19,7,7,16,-20,-20,20,14,66,29,14,29,28,18,30,32,68,47,66,37,62,38,51,74,35,49
"chr1,22084311",5,11,7,6,12,14,18,12,8,13,7,19,39,34,23,19,56,12,114,107,60,12,63,39,83,48,32,37,26,6,9,11,18,12,99,67,51,38,22,11,18,41,28,21,16,46,15,88,13,18,38,38,50,35,45,25,50,50,40,36,44,61,49,32,22,14,26,78,77,19,50,34,15,39,32,59,22,15,17,10,11,22,23,6,13,49,37,71,49,26,41,24,41,53,33,44,17,69,11,54,45,39,14,17,40,52,5,45,36,9,11,6,36,43,7,17,58,14,-20,9,19,6,15,4,51,5,7,54,9,22,35,7,12,9,42,69,47,8,7,15,12,5,16,11,51,15,4,47,14,16,9,14,27,25,51,-20,-20,29,89,23,10,6,12,9,8,31,10,9,20,13,62,66,29,20,14,54,20,22,30,155,24,19,35,12,20,8,30,33,12,18,52,33,6,8,16,15,19,22,45,23,16,25,53,29,56,32,33,75,19,43,90,36,37,42,29,24,80,19,36,30,20,27,31,49,34,19,27,36,42,34,48,42,51,65,19,24,31,28,34,30,33,27,18,24,12,53,23,39,41,27,31,38,13,26,28,33,27,29,24,37,21,30,32,24,26,23,40,15,41,29,53,48,32,49,39,23,49,105,33,72,21,21,12,43,10,33,15,11,16,12,16,32,6,17,91,72,81,10,15,11,31,14,9,3,8,47,57,3,48,51,47,65,47,62,15,12,6,13,22,146,29,47,15,37,21,22,6,17,24,30,8,-20,14,14,57,10,23,32,107,15,13,49,36,17,14,24,8,12,31,11,8,4,19,21,9,20,10,22,25,11,10,25,11,14,7,24,10,12,7,22,22,14,7,73,12,15,16,107,12,20,26,15,10,27,20,13,17,24,17,18,7,18,9,11,7,13,6,11,106,17,15,10,12,23,22,15,26,23,14,11,18,13,16,31,17,7,15,-20,11,10,6,18,17,14,12,40,11,14,26,32,22,9,103,27,16,14,10,9,3,14,8,16,7,8,18,15,26,9,19,25,72,25,14,7,9,12,19,24,10,8,8,13,28,16,26,11,8,22,16,14,-20,15,12,14,20,14,6,12,56,54,39,21,10,9,9,10,13,15,21,24,14,11,21,9,22,29,9,19,4,17,12,14,19,10,60,9,12,15,10,-20,19,43,5,9,47,63,72,77,11,42,60,7,14,50,53,13,13,48,16,8,63,27,5,18,46,13,-20,10,25,-20,17,54,28,8,26,26,11,23,19,30,25,21,20,10,15,-20,25,24,39,15,14,51,26,19,16,13,34,20,64,20,18,12,12,27,12,17,16,27,40,40,25,66,41,45,38,48,20,57,13,35,15,15,40,6,14,17,18,28,7,20,9,36,25,29,29,22,19,67,29,21,10,17,27,16,34,23,25,23,10,11,14,47,29,19,88,40,63,60,43,21,63,45,51,58,31,37,50,58,29,24,69,43,36,7,56,35,97,31,11,19,18,40,51,17,33,31,40,34,54,55,3,36,20,95,30,46,54,39,18,21,20,29,16,22,15,16,7,27,19,20,13,10,14,10,26,10,20,13,20,12,18,23,11,15,15,12,13,10,17,13,10,16,15,5,21,14,15,16,8,16,17,24,22,15,16,16,9,18,19,10,19,26,16,11,19,11,12,9,5,18,12,21,15,13,15,11,14,22,17,19,12,10,14,14,13,17,11,19,15,17,21,13,11,15,14,16,17,19,16,23,13,10,11,12,14,18,6,9,10,24,10,10,13,16,17,9,14,11,11,-20,14,-20,11,10,12,14,7,15,6,16,7,14,24,8,7,9,10,18,10,4,11,10,13,11,10,12,9,14,5,13,24,17,18,8,14,10,16,14,15,14,23,14,10,18,7,10,15,-20,12,12,10,11,8,28,15,9,17,21,12,9,14,11,17,16,14,25,17,10,20,11,13,22,17,13,16,18,10,17,7,11,10,13,23,10,20,12,8,18,12,5,18,14,11,11,10,9,7,9,15,14,23,7,17,11,11,6,4,21,22,15,6,11,16,16,10,103,12,30,22,21,22,23,13,34,25,22,19,18,17,25,32,19,26,35,22,20,24,48,14,29,14,17,24,21,45,23,16,13,21,24,25,18,19,7,18,21,18,11,7,9,23,15,5,6,12,19,16,16,21,15,8,14,15,16,20,10,8,10,21,16,13,17,17,20,17,12,17,5,13,8,15,12,12,21,20,13,13,19,24,-20,19,6,-20,5,7,6,-20,6,8,7,7,11,9,16,20,16,18,17,16,15,17,14,13,12,12,9,10,18,22,14,11,41,14,14,16,7,23,9,14,21,19,5,9,18,9,9,-20,8,21,7,9,7,15,14,17,8,15,8,6,13,-20,14,15,8,15,8,11,5,13,4,11,14,13,10,4,10,18,-20,8,7,10,13,9,14,2,13,7,-20,10,5,10,9,9,5,8,6,11,8,5,-20,9,12,6,15,10,7,11,5,10,4,-20,9,13,5,14,6,7,3,12,13,22,10,24,-20,7,6,10,7,25,18,8,10,17,15,11,13,14,67,32,15,30,28,18,31,34,67,47,82,51,74,39,44,69,39,53
"chr1,22084328",5,12,7,-20,10,14,16,13,9,14,11,16,32,32,26,20,59,14,108,104,61,13,65,38,83,52,36,37,26,6,12,13,17,12,93,71,49,42,23,9,19,42,25,14,18,46,11,77,14,17,39,37,46,31,45,25,61,47,42,39,39,66,41,40,17,13,25,86,78,22,52,29,16,35,29,61,21,14,19,12,11,26,20,6,17,47,42,74,41,22,35,20,47,42,35,35,21,64,12,45,40,36,14,17,45,54,5,40,32,8,14,7,44,41,6,17,64,16,2,8,19,6,15,5,47,4,7,53,8,23,35,6,11,9,49,60,47,6,8,15,11,5,16,14,52,18,4,47,14,16,-20,11,16,26,51,11,10,30,80,25,11,5,12,10,8,33,10,9,18,15,58,59,34,23,11,51,28,25,23,135,17,19,34,6,20,7,24,27,11,12,41,30,5,7,17,19,23,17,36,23,15,23,53,27,49,29,38,61,18,47,80,39,36,42,22,26,78,23,35,29,20,28,23,47,32,19,21,31,40,26,49,42,49,68,17,21,35,27,31,31,28,23,16,20,12,50,26,36,37,25,28,40,15,24,30,35,25,31,19,34,27,26,26,22,26,17,37,12,35,36,53,48,29,49,27,27,49,94,35,61,16,21,9,41,10,34,14,10,17,22,18,28,5,16,87,93,76,11,14,11,34,14,-20,3,10,47,57,-20,50,48,43,67,49,60,19,8,-20,7,27,144,26,47,16,35,24,28,4,14,18,37,8,21,12,12,58,11,23,28,123,14,15,48,32,19,13,26,7,11,35,16,10,4,21,24,7,20,10,19,22,12,12,23,10,14,8,24,11,16,10,21,16,14,8,70,12,12,18,101,13,18,23,15,11,24,23,14,21,19,15,23,8,12,4,10,9,20,7,12,109,18,15,11,10,21,18,13,26,21,12,13,16,14,17,34,17,9,13,10,7,10,4,23,18,9,13,41,15,17,27,30,28,10,111,30,18,9,14,11,3,17,10,18,6,12,19,15,25,8,15,20,69,26,16,7,6,17,19,21,7,10,6,13,31,19,25,13,8,18,17,12,3,12,10,13,18,16,9,12,63,55,39,16,12,9,10,14,12,15,21,27,11,10,19,8,23,18,9,21,6,17,10,13,19,10,66,9,14,11,8,2,17,40,6,10,44,73,77,73,12,46,60,8,15,48,51,13,15,42,12,8,55,30,4,19,46,13,8,12,26,9,19,48,28,-20,30,24,12,15,22,27,26,19,19,9,16,10,29,21,39,18,16,47,28,21,18,13,38,19,77,24,16,9,11,25,12,14,21,28,46,43,25,64,44,38,34,47,28,54,18,37,15,15,41,7,15,16,20,28,7,19,9,37,24,29,26,25,20,65,22,21,9,17,26,18,36,21,26,28,10,13,16,45,31,17,83,47,59,61,37,20,52,41,51,57,35,30,54,60,29,28,72,44,34,10,53,28,97,30,10,22,25,33,52,23,40,21,45,31,46,69,3,36,19,87,33,41,42,37,14,23,20,27,15,24,14,15,9,33,17,19,14,11,17,11,25,8,18,13,21,12,17,20,10,15,15,14,12,11,18,14,12,20,13,5,20,14,16,16,10,14,18,23,28,16,14,14,9,15,21,10,18,22,15,11,21,10,10,8,4,16,15,21,17,13,13,11,14,22,16,20,12,12,16,15,14,19,15,18,13,14,21,10,13,17,14,15,16,20,18,21,12,9,11,13,17,17,5,9,9,26,9,9,12,15,17,11,11,11,13,4,11,10,12,9,9,12,7,17,5,18,7,-20,22,7,8,7,12,19,9,5,13,11,12,11,11,13,9,14,7,14,27,17,18,8,12,10,17,15,14,14,24,14,8,19,7,14,16,11,11,13,12,10,11,29,13,10,17,20,10,8,11,13,18,15,18,29,16,10,17,11,12,22,18,13,15,16,9,17,9,13,9,12,21,11,22,14,7,16,13,7,18,13,11,12,11,9,7,9,14,13,23,4,14,12,9,7,5,20,21,13,6,12,18,14,9,99,12,30,20,21,22,22,15,37,27,23,20,21,17,25,29,24,26,30,23,20,24,44,15,28,13,17,22,19,42,23,17,16,19,25,25,17,20,8,15,19,18,11,9,9,22,14,7,8,11,17,18,17,22,16,10,16,16,18,22,10,10,10,22,16,14,16,17,16,16,13,15,9,16,7,15,10,11,23,19,14,12,17,27,-20,18,5,-20,8,9,6,-20,5,9,9,9,10,9,17,19,14,17,16,14,17,17,15,11,16,12,9,12,19,20,14,10,41,13,17,20,10,29,8,12,22,21,6,8,18,9,8,-20,8,22,7,8,6,17,14,17,10,14,9,5,12,-20,14,14,9,18,9,13,4,12,3,7,16,11,8,5,5,19,-20,9,-20,8,10,10,12,-20,11,7,8,7,9,14,9,9,6,4,3,16,9,4,4,9,7,-20,13,10,9,10,6,11,4,4,8,10,4,13,8,7,5,10,9,19,11,17,-20,3,7,-20,6,21,9,-20,6,7,9,9,10,14,62,28,15,25,28,17,31,28,66,55,53,51,70,39,41,71,39,56
"chr1,22084342",6,12,9,10,11,15,12,14,9,14,11,13,27,37,25,18,58,13,121,100,73,14,62,44,77,54,39,37,24,7,14,9,15,11,91,73,48,39,27,11,20,44,21,20,17,49,12,78,13,14,38,35,48,31,52,29,59,57,43,32,38,63,42,45,20,11,30,86,75,23,46,31,16,30,36,60,20,14,18,14,13,22,24,7,15,52,46,77,42,22,33,19,44,40,37,35,26,66,12,51,38,39,15,20,48,60,8,41,37,-20,19,9,45,42,10,19,69,18,6,9,21,6,15,5,44,6,8,45,9,24,35,7,12,10,46,62,40,7,10,19,11,4,17,17,52,22,6,54,20,19,10,9,15,29,54,15,13,29,87,24,13,6,11,9,9,35,11,10,18,21,63,71,33,23,8,51,37,27,25,139,13,20,36,5,21,8,19,26,8,10,42,25,-20,7,17,19,20,13,41,23,15,23,45,26,46,20,38,67,20,43,87,39,35,44,20,28,76,18,31,28,18,24,21,47,26,24,17,29,42,29,49,49,48,66,12,25,35,32,36,29,25,23,15,23,10,54,21,35,29,34,25,35,12,22,24,36,24,26,14,32,32,26,27,22,22,13,36,14,32,37,48,43,28,47,19,26,50,96,33,46,16,23,11,46,11,32,14,9,15,20,21,28,4,15,77,99,72,10,19,14,32,17,13,4,10,45,55,4,53,45,47,63,51,63,21,9,6,7,27,155,23,43,18,36,21,28,6,16,15,39,10,23,11,11,47,12,21,36,118,19,15,50,37,24,15,29,7,11,33,20,11,5,20,24,5,23,9,20,29,15,11,25,10,16,6,24,12,13,11,21,16,12,9,68,13,14,17,91,13,17,21,10,12,21,19,15,21,16,15,20,7,16,7,9,12,19,7,10,100,15,10,10,10,22,20,13,23,18,13,14,16,14,15,33,19,10,11,10,9,11,3,24,15,9,15,35,10,21,28,27,27,11,112,37,14,11,13,11,3,15,9,21,7,13,17,13,26,8,16,22,65,24,17,8,7,17,25,25,9,12,6,12,29,21,18,13,8,14,15,13,3,15,11,11,19,13,11,15,70,58,41,12,15,10,10,15,12,18,18,21,12,11,17,7,20,17,9,21,7,13,9,14,19,9,61,8,13,14,10,3,15,38,6,11,41,71,85,71,18,46,60,7,15,47,50,15,18,44,11,12,63,31,4,16,40,14,9,11,29,9,16,27,27,-20,32,21,12,13,18,25,27,23,24,9,18,13,29,19,39,15,13,39,29,17,15,14,33,16,90,25,15,11,6,24,10,15,21,27,45,47,16,63,48,39,33,47,24,52,19,41,18,19,44,8,19,18,20,31,13,24,10,40,28,36,36,30,20,74,27,21,10,19,34,24,41,24,28,32,-20,15,17,37,39,19,91,51,54,64,43,22,55,36,62,61,36,33,61,51,35,30,74,58,30,10,48,24,82,21,13,24,26,31,51,25,37,24,40,32,43,70,-20,34,24,77,31,41,41,32,15,21,19,33,17,23,16,14,10,35,20,20,19,12,19,12,23,9,20,15,18,12,22,22,13,17,16,14,19,15,23,16,12,19,18,5,19,16,19,15,13,20,19,28,37,18,15,15,11,20,24,11,19,26,19,15,23,10,14,10,6,14,14,24,17,13,19,15,16,24,20,19,19,13,18,18,19,19,19,21,17,15,22,11,15,16,17,22,17,23,18,23,14,10,13,12,15,17,5,12,10,28,9,9,13,15,20,14,16,13,15,5,16,14,14,10,13,12,9,17,6,20,6,21,26,8,10,9,12,20,9,5,17,12,11,11,14,13,9,14,9,23,30,19,19,7,14,10,22,19,12,15,26,16,11,20,7,14,16,13,12,13,16,11,10,29,11,11,21,22,15,10,16,14,22,19,20,33,18,9,19,13,14,27,20,17,16,22,11,20,9,16,10,13,25,8,20,13,8,18,13,8,20,12,14,11,11,13,10,9,18,12,23,-20,14,11,17,10,5,23,21,14,8,9,17,14,8,109,16,33,27,22,27,29,16,42,27,30,24,25,22,27,31,31,25,31,23,25,23,56,19,28,18,17,24,19,46,24,23,17,21,30,27,17,24,13,22,25,22,12,11,9,22,13,7,9,12,19,22,19,24,15,9,16,18,17,23,10,12,12,25,17,16,16,18,19,16,12,17,-20,19,8,16,17,9,25,20,13,14,19,31,-20,18,8,-20,9,8,5,4,7,7,14,10,12,10,17,23,14,18,15,15,16,19,17,11,20,14,10,16,22,19,15,13,46,14,22,22,11,28,9,11,27,22,7,8,24,15,10,6,8,24,9,7,7,21,16,23,10,16,11,6,14,-20,13,13,11,18,11,12,7,8,6,5,14,13,7,6,4,14,4,11,10,8,16,7,14,5,9,8,7,-20,7,13,10,-20,7,7,-20,12,6,4,4,14,6,7,12,8,5,11,8,15,-20,5,5,11,7,11,8,7,5,12,3,18,11,9,5,3,6,10,6,21,7,-20,8,5,5,9,8,13,55,33,13,24,28,20,26,30,61,56,66,56,63,44,43,68,39,59
"chr1,22084355",5,11,9,13,12,14,14,16,10,15,11,11,30,41,23,17,53,16,122,95,73,11,59,38,81,56,34,39,23,-20,14,8,17,9,100,70,50,39,30,11,17,48,19,20,15,54,12,71,14,17,34,40,45,34,49,24,62,66,45,31,35,58,41,44,23,12,31,85,74,24,44,29,24,27,31,61,19,12,19,17,11,25,25,7,17,52,43,71,29,17,32,18,46,39,40,37,29,68,10,49,30,40,16,16,38,60,9,38,42,-20,22,9,53,42,14,17,75,18,6,9,21,4,14,7,43,11,7,48,20,29,42,9,13,11,54,63,40,9,11,20,13,5,23,17,45,20,9,53,23,18,9,11,9,34,57,16,14,29,85,28,14,15,14,12,8,37,16,10,14,25,65,79,36,21,9,49,35,31,27,136,11,18,40,5,17,9,16,27,5,7,52,18,2,7,13,17,21,15,46,23,17,23,46,22,45,22,38,52,16,41,87,41,36,40,16,21,66,19,28,26,21,26,21,48,29,25,15,26,45,27,48,46,49,70,10,31,27,29,33,29,24,19,14,26,9,50,25,32,30,30,24,30,12,17,23,36,29,29,18,35,32,27,28,24,23,13,34,17,34,41,42,38,22,43,21,37,56,87,31,53,17,22,12,46,13,39,15,10,16,17,29,31,7,16,66,101,69,9,19,12,39,17,13,-20,8,43,53,-20,49,46,50,52,56,62,20,9,8,7,27,149,19,40,21,37,18,26,7,20,18,38,11,20,12,10,47,13,25,31,108,19,12,54,37,27,17,33,7,11,32,18,12,5,19,26,6,22,8,15,31,12,11,26,9,17,8,22,10,13,10,17,16,8,8,64,8,14,15,88,13,16,21,11,12,25,19,12,20,14,14,25,8,14,6,8,12,18,8,8,93,16,13,10,9,20,20,12,21,14,11,11,16,11,21,32,17,8,13,11,9,12,-20,27,16,12,16,35,13,22,25,26,23,13,119,35,15,12,11,-20,6,15,8,19,5,16,18,12,18,10,16,22,65,21,16,8,8,16,26,21,8,13,6,14,23,21,18,13,6,16,16,12,4,11,12,12,21,13,10,15,72,58,38,21,13,8,9,16,11,20,18,21,12,12,18,6,18,16,10,17,7,10,9,16,17,8,61,-20,13,11,11,2,15,34,4,13,43,70,75,74,21,44,54,11,16,47,41,10,18,44,10,13,59,27,4,18,40,16,11,12,28,8,18,26,26,10,31,22,14,-20,18,20,27,18,24,10,17,14,25,15,37,13,8,39,31,18,18,10,30,16,92,23,17,11,6,21,12,17,20,29,46,43,18,59,43,37,30,46,21,50,21,48,15,20,51,7,19,16,21,35,12,26,11,37,26,36,41,29,17,71,23,24,10,20,30,19,43,25,24,28,-20,16,14,40,36,18,97,53,56,62,49,22,49,34,57,66,34,31,64,36,32,33,79,56,23,10,40,23,78,21,13,21,24,31,49,25,33,20,37,24,44,62,-20,30,26,76,30,40,46,32,9,18,14,30,18,19,14,15,9,37,23,17,16,13,17,15,24,9,22,14,20,13,24,20,15,14,19,15,20,15,22,24,15,23,17,5,19,12,21,16,16,19,21,27,41,17,17,18,14,19,28,12,24,23,20,14,20,9,11,9,9,13,19,25,15,15,19,14,15,20,18,21,23,15,17,14,19,19,22,25,11,12,25,12,21,16,21,23,16,23,22,23,13,12,18,10,15,18,8,-20,10,24,5,7,14,16,17,14,21,14,14,6,16,17,15,9,12,12,10,15,8,20,6,19,24,9,6,11,11,21,9,7,15,11,12,16,14,19,5,14,11,21,26,17,19,8,14,14,22,20,11,12,36,17,15,17,8,18,16,13,18,14,18,13,13,26,11,11,20,20,20,11,17,18,20,18,26,37,16,8,21,14,15,28,23,15,16,20,12,18,12,21,12,14,24,10,18,17,9,18,17,8,18,8,12,11,10,13,11,9,21,8,24,9,14,12,17,14,8,26,18,10,9,8,13,16,7,118,12,37,27,28,31,30,17,42,26,33,23,25,23,29,31,29,26,31,28,24,29,55,20,33,15,15,24,18,53,21,27,19,21,26,26,18,24,17,22,30,25,14,8,11,17,15,7,9,12,23,23,20,21,11,8,16,21,18,21,7,12,13,27,14,12,15,17,17,14,10,19,10,17,10,18,20,6,25,20,13,13,17,31,-20,14,9,-20,7,8,6,5,10,8,17,11,16,15,17,26,16,16,18,17,14,20,16,16,26,13,9,17,22,24,22,13,57,16,22,26,12,29,9,11,23,23,7,11,19,14,13,7,4,23,9,10,9,18,14,24,11,19,10,6,15,-20,16,16,14,22,12,17,-20,5,8,4,10,10,5,6,3,13,5,11,7,7,15,7,15,4,13,10,8,5,9,11,11,6,5,8,-20,13,-20,7,4,-20,8,7,12,8,5,13,11,8,3,6,-20,11,7,8,14,8,3,16,2,13,11,7,6,7,7,10,9,18,9,-20,7,7,-20,7,10,9,36,32,14,22,27,21,30,28,63,55,68,56,66,51,40,67,42,65
"chr1,22084363",5,12,7,15,11,12,15,18,9,16,10,8,32,41,24,16,49,18,127,96,74,10,61,38,85,52,36,41,23,3,15,11,15,11,101,70,48,41,25,13,19,53,20,20,15,61,13,67,13,20,30,36,42,32,45,20,62,65,41,34,36,54,41,47,23,14,31,84,76,22,41,31,25,26,31,66,20,13,19,16,16,24,24,8,16,50,39,78,31,18,33,18,48,37,38,38,31,66,13,52,31,41,14,16,39,64,11,37,44,-20,19,10,47,43,15,16,75,18,8,10,17,4,14,10,43,11,6,51,22,33,43,10,12,9,56,61,41,9,12,21,13,5,24,20,50,19,9,58,21,18,11,14,9,34,60,16,14,26,81,28,18,14,14,12,9,37,17,14,15,29,61,74,35,19,8,50,34,39,26,152,5,18,39,5,19,10,17,26,6,7,44,15,3,6,12,14,18,9,42,32,16,21,44,23,44,20,38,50,13,37,93,40,38,33,15,21,67,20,24,27,20,26,19,49,21,23,16,30,46,29,44,44,46,69,10,32,19,27,31,25,-20,20,15,24,-20,45,27,32,30,30,25,30,11,20,23,38,32,26,20,38,33,29,32,24,21,14,34,20,31,40,43,38,26,40,17,34,59,84,32,54,17,19,10,44,11,36,16,11,17,19,26,24,7,15,78,80,71,9,17,14,41,13,12,3,8,44,54,8,48,42,49,55,59,66,20,9,7,7,28,153,20,40,24,32,19,24,6,16,17,47,12,17,10,11,44,13,23,29,104,20,12,54,39,29,17,33,7,12,29,-20,9,5,13,25,7,23,8,16,34,12,13,28,9,16,8,24,11,13,11,18,16,7,6,62,7,14,15,86,12,15,21,11,11,25,21,11,20,14,14,23,6,13,6,10,12,17,9,7,86,14,12,10,10,20,21,14,20,15,10,10,17,12,21,34,17,-20,17,9,12,12,-20,25,19,14,16,38,15,20,25,28,25,14,129,30,11,15,11,10,7,15,7,21,5,14,19,11,20,13,14,20,68,23,17,7,8,16,23,21,8,14,6,14,25,20,16,14,8,15,15,10,4,12,15,10,20,13,10,14,66,53,38,19,13,8,8,16,9,20,14,19,13,13,20,6,20,20,8,19,8,13,7,13,19,10,63,-20,13,11,11,3,17,33,4,13,39,70,72,71,22,43,53,11,15,50,43,10,20,41,11,14,59,28,-20,18,38,17,10,11,25,6,16,25,23,-20,29,23,12,7,17,18,27,18,24,10,15,12,25,16,37,12,8,42,30,17,13,11,32,18,86,25,17,11,7,19,11,15,22,29,47,40,18,56,43,43,31,44,23,46,20,49,14,17,48,8,19,18,21,34,12,25,10,38,26,39,38,27,-20,73,23,31,8,20,33,22,46,27,27,26,-20,17,13,40,44,16,92,50,55,61,47,25,47,33,50,70,31,39,62,37,34,28,74,56,20,11,36,22,81,19,14,22,18,27,50,21,32,20,36,-20,43,64,-20,26,26,73,31,57,48,34,9,13,16,27,18,21,17,16,8,34,24,16,19,12,17,18,26,11,24,13,23,14,24,14,16,13,18,17,22,14,21,26,16,24,16,5,16,11,21,17,16,21,19,28,41,19,15,18,18,21,29,10,28,23,16,12,20,13,12,10,9,16,22,25,16,16,23,13,16,20,20,23,22,14,17,10,19,20,22,27,10,14,29,14,24,18,22,20,15,22,22,23,14,11,19,8,17,21,9,7,8,25,7,6,14,14,17,12,21,14,12,7,17,17,16,11,13,12,13,17,9,20,6,18,25,7,6,12,9,22,12,6,16,11,10,12,12,19,4,12,9,19,23,14,14,9,14,14,20,19,11,14,38,17,16,15,10,21,16,15,17,14,17,13,13,26,12,8,20,16,22,10,16,23,23,18,24,35,-20,8,19,14,14,26,22,15,17,20,10,19,12,21,12,13,21,8,17,18,9,21,17,7,19,-20,-20,-20,-20,13,11,9,24,10,21,10,13,15,20,15,10,26,15,13,12,8,15,17,8,117,12,38,27,33,33,28,19,38,30,33,23,29,26,29,30,30,26,30,29,26,28,54,22,33,16,14,24,18,54,23,26,19,20,24,24,20,27,16,25,33,25,18,9,12,18,14,8,14,12,21,23,24,18,12,8,14,25,20,20,8,13,14,23,13,10,15,20,18,15,9,18,10,16,10,21,20,7,29,18,13,14,18,28,-20,14,9,-20,8,9,6,7,10,8,16,12,16,16,16,23,14,16,16,17,11,23,17,15,30,20,9,19,24,26,26,12,58,18,20,24,13,27,10,10,23,23,7,13,18,14,13,8,6,24,10,14,10,17,14,23,14,19,10,9,15,-20,16,16,13,18,11,19,7,7,6,4,10,9,5,5,-20,12,5,9,-20,6,15,6,13,5,12,10,9,9,9,12,13,6,7,7,4,17,-20,7,-20,10,9,5,16,12,3,14,12,5,8,4,-20,7,8,6,14,9,5,13,-20,11,12,10,6,7,10,11,9,13,10,-20,8,9,-20,6,10,9,35,31,15,19,22,16,31,26,57,52,77,56,88,48,38,67,46,66
"chr1,22084366",5,11,7,16,11,12,14,17,10,17,10,8,32,40,26,16,44,19,128,93,75,11,61,36,86,51,33,42,22,3,15,13,14,14,100,71,48,42,24,13,20,56,21,20,17,59,14,70,14,22,30,37,41,30,45,19,62,67,42,34,35,54,44,46,26,14,31,81,69,21,40,28,25,26,32,65,18,13,20,15,17,24,25,8,17,50,40,75,31,19,32,18,50,37,38,39,31,62,13,53,31,41,15,15,38,61,11,35,42,3,20,10,43,41,16,14,76,17,8,10,16,3,15,10,40,-20,7,49,21,32,42,10,12,9,56,60,38,9,12,21,12,5,25,20,48,18,9,58,21,19,11,15,10,35,57,17,13,26,81,31,17,14,15,12,10,38,17,14,18,26,59,74,34,19,8,43,34,37,24,154,5,18,36,5,18,10,17,26,6,6,54,15,4,6,12,13,20,10,40,31,18,20,43,24,46,18,38,51,13,37,91,41,34,35,15,22,66,21,23,26,22,24,19,47,21,22,14,31,44,28,46,42,49,76,11,31,17,27,30,25,23,20,15,23,-20,45,28,31,28,28,23,32,10,20,24,39,30,22,19,38,33,28,32,20,23,15,30,19,31,40,41,41,30,39,22,33,56,87,32,53,16,19,14,44,10,35,17,11,17,21,28,27,8,15,79,73,65,9,16,12,38,14,12,3,8,46,54,10,49,43,47,56,58,65,20,8,7,7,28,155,21,40,23,31,21,23,7,17,15,48,12,14,10,10,40,12,25,27,101,20,12,57,34,30,16,33,7,11,29,19,-20,5,11,26,-20,19,9,16,33,12,12,25,9,15,9,24,11,13,10,16,16,7,4,59,6,14,15,85,12,15,21,10,11,25,24,11,20,15,12,20,6,13,7,10,12,17,8,7,81,13,16,10,10,20,21,14,20,13,10,10,16,11,22,33,16,11,17,-20,12,11,-20,23,18,14,17,38,13,20,24,30,25,15,131,32,11,15,10,10,7,15,6,21,5,13,19,11,17,13,14,21,66,23,20,7,8,16,23,21,8,14,4,16,27,20,19,15,7,14,16,10,4,12,16,10,20,13,10,14,66,52,38,21,14,7,8,16,10,19,14,18,13,13,21,5,20,20,8,19,8,12,7,13,19,9,61,-20,12,8,11,3,17,35,4,13,42,71,68,68,24,41,51,12,15,56,43,9,20,39,12,15,58,28,-20,17,39,19,13,10,25,7,17,24,22,11,29,22,13,8,19,18,29,18,23,10,14,12,24,17,36,11,8,40,27,17,14,10,31,17,82,23,17,11,8,19,12,15,21,27,48,39,18,55,46,42,29,46,23,45,19,50,13,16,47,8,19,18,21,34,13,25,10,39,27,39,39,27,18,74,23,32,8,20,32,22,50,27,28,27,7,17,13,38,46,16,92,48,55,61,50,25,45,36,48,70,32,38,-20,33,34,27,81,57,21,9,32,23,83,20,12,22,17,30,49,24,31,18,36,22,45,66,-20,26,25,79,31,58,49,29,9,15,15,27,18,19,18,14,8,35,23,15,19,12,17,18,29,12,24,14,24,14,22,14,15,13,-20,17,22,14,22,26,16,24,16,5,17,12,23,17,16,21,19,26,41,20,12,18,19,19,28,10,29,24,17,14,21,15,12,10,9,15,22,24,17,15,22,14,16,21,19,25,22,14,17,10,19,19,19,29,10,14,27,14,24,18,22,20,15,23,23,23,15,11,19,9,17,20,9,7,8,26,7,6,11,15,16,11,20,14,12,7,18,17,15,11,13,12,13,18,9,20,6,18,25,7,6,12,8,22,14,6,16,11,13,12,12,18,4,12,10,19,25,14,15,10,14,15,19,19,11,14,37,18,16,16,9,21,17,14,17,13,18,15,13,26,12,8,20,16,23,12,17,23,23,17,23,35,15,8,21,14,13,25,19,14,17,22,10,20,12,21,12,12,-20,8,16,17,9,22,18,7,20,-20,-20,-20,-20,13,11,9,27,10,22,9,12,15,20,16,10,30,14,13,12,8,16,17,8,118,13,37,27,36,33,28,21,39,30,33,23,29,26,29,30,31,26,31,29,26,28,56,21,35,15,14,24,18,53,24,26,19,20,25,25,22,26,16,26,33,26,19,8,12,17,13,8,14,11,21,22,24,18,13,7,15,25,24,19,8,12,14,23,14,10,15,20,19,15,9,19,10,16,11,19,20,8,30,18,14,15,19,32,-20,14,9,-20,8,10,6,7,10,7,17,14,15,16,17,22,13,16,15,19,13,24,17,14,32,21,9,20,23,26,27,12,55,18,21,25,13,28,10,11,22,23,7,14,18,14,13,8,6,24,10,14,10,17,14,21,15,19,10,7,15,-20,15,16,13,18,13,18,8,7,5,6,9,-20,5,4,-20,11,6,-20,-20,7,13,8,14,5,11,9,-20,10,11,12,11,7,7,8,3,16,-20,6,-20,10,7,5,20,10,3,13,11,4,7,5,-20,8,-20,8,14,-20,6,16,-20,8,10,10,-20,9,8,11,-20,13,10,-20,8,8,-20,4,14,11,37,31,14,19,22,16,30,25,59,52,83,73,85,50,38,64,47,67
"chr1,22084372",4,10,6,16,9,11,11,17,10,16,8,9,34,42,26,15,47,19,129,97,73,9,63,35,85,49,33,41,23,-20,13,15,13,14,100,71,48,39,22,11,18,58,18,19,16,58,16,67,11,28,26,37,43,23,52,20,61,64,43,31,36,51,43,49,24,14,29,79,67,20,39,28,22,26,30,65,18,11,20,-20,17,24,24,5,17,50,36,80,33,20,30,19,49,33,42,40,29,59,11,52,32,43,14,16,35,62,9,32,42,3,20,8,45,45,15,14,80,18,7,9,14,3,13,9,41,11,7,44,19,28,41,8,9,9,57,63,37,9,12,18,10,5,25,19,44,19,10,58,18,16,11,15,11,37,58,19,14,24,79,31,15,14,16,12,10,35,15,13,17,25,60,68,33,21,7,40,34,32,22,144,5,16,35,3,20,10,15,29,7,7,54,17,5,5,14,14,16,15,38,29,17,20,39,24,49,14,30,61,15,37,89,41,30,29,15,20,67,21,19,25,20,21,15,48,20,24,15,25,45,27,50,42,49,75,15,30,19,22,32,26,27,23,17,26,-20,37,35,26,24,29,25,29,11,21,25,35,27,22,21,39,32,28,28,20,24,12,26,22,30,40,37,46,28,42,21,34,58,88,29,54,17,18,12,37,12,39,18,9,14,25,28,30,6,18,77,64,63,7,14,11,37,13,11,3,10,44,52,10,50,41,46,54,56,65,19,8,7,9,30,158,23,39,25,27,24,20,6,16,17,45,11,14,11,9,39,11,24,29,95,22,12,54,35,30,17,29,8,13,32,19,9,6,11,28,4,19,9,16,32,12,11,22,8,12,8,20,11,12,10,16,15,7,5,60,6,12,16,83,11,12,19,10,14,21,22,10,20,15,13,19,6,13,7,10,13,18,8,7,77,12,16,12,11,20,22,11,20,9,10,10,15,11,20,32,17,11,16,9,13,12,-20,20,20,15,16,40,11,19,25,27,27,13,129,32,9,15,11,8,6,13,7,20,3,12,16,13,18,13,15,21,64,18,19,8,7,16,21,23,7,12,5,14,27,19,20,15,9,12,17,10,4,10,17,-20,21,10,10,15,60,46,35,23,14,5,8,16,11,19,13,11,10,14,18,3,22,19,8,20,8,11,6,13,18,9,57,-20,10,9,12,4,15,35,6,13,43,69,66,65,24,39,51,12,13,57,43,8,19,40,11,13,57,25,-20,15,38,18,13,11,22,-20,15,27,20,11,29,15,13,8,19,20,31,-20,22,9,14,11,22,18,37,12,9,44,26,16,14,12,31,15,80,23,16,8,6,19,9,12,21,27,50,38,17,54,47,41,32,44,23,45,19,50,11,16,47,6,19,14,18,34,12,23,9,35,23,37,35,22,13,64,17,30,6,17,29,20,49,26,28,25,7,15,10,36,51,15,86,49,53,61,49,25,43,33,48,75,34,39,62,30,38,32,83,53,20,9,32,19,85,24,13,26,15,27,42,22,29,21,32,25,41,54,-20,25,22,85,32,56,50,29,11,20,15,24,17,18,16,14,8,31,23,13,19,-20,13,17,27,9,22,12,23,12,22,14,14,11,18,15,21,13,22,25,16,22,16,5,15,11,22,16,15,20,18,21,36,19,10,18,18,17,29,9,28,22,17,15,17,14,11,10,8,13,20,23,15,13,19,13,15,18,15,21,22,14,13,7,18,19,18,26,11,14,26,12,24,16,20,21,11,23,18,22,13,10,19,9,13,20,8,3,8,23,7,7,11,13,16,11,17,13,12,7,17,15,13,10,10,10,12,15,8,18,5,16,24,6,6,12,7,19,14,5,14,8,10,12,11,18,3,8,9,16,24,12,13,8,14,15,19,19,12,13,35,17,16,13,7,19,17,12,16,10,17,13,13,20,12,8,19,15,21,11,14,21,23,17,23,32,11,7,19,13,11,23,18,12,14,19,11,17,11,21,12,12,20,7,16,16,6,20,16,6,19,8,11,10,9,13,11,9,26,10,22,9,10,15,20,15,9,29,12,12,12,9,16,17,6,119,14,33,26,31,32,26,18,35,26,30,22,28,25,22,25,27,24,28,23,24,26,51,22,30,14,14,24,15,50,24,25,20,18,21,22,20,25,16,24,28,25,15,8,12,13,9,7,13,10,18,17,24,18,9,7,14,24,22,17,8,11,14,23,13,7,13,19,19,15,9,19,10,14,11,18,20,8,28,14,13,14,18,30,9,14,9,-20,8,10,5,7,9,7,16,13,15,14,16,21,11,12,16,18,11,21,15,11,31,20,8,19,19,24,23,11,53,16,21,26,12,26,-20,12,19,22,6,13,15,13,11,-20,5,23,10,14,9,14,13,20,14,16,8,7,13,4,14,15,13,17,11,17,7,6,6,6,-20,-20,4,3,-20,14,6,7,6,9,12,8,-20,4,9,11,-20,9,9,8,12,9,7,8,3,17,-20,5,-20,9,9,4,17,10,4,14,9,4,9,5,3,8,9,9,10,9,7,14,-20,6,10,9,5,6,-20,14,8,13,14,-20,5,8,5,-20,16,11,37,34,15,25,23,16,29,27,59,58,74,73,81,44,37,67,45,67
"chr1,22084384",4,9,8,15,7,10,11,14,10,16,8,8,33,42,25,13,39,22,134,92,71,8,65,36,82,54,28,45,25,3,14,16,14,16,100,63,46,39,22,11,15,56,14,22,19,58,15,63,13,31,18,34,43,25,52,20,57,67,47,27,40,53,42,50,25,12,28,80,73,22,43,24,24,26,29,69,17,12,18,15,17,19,25,6,18,49,38,84,37,21,28,21,48,37,45,42,30,61,13,51,31,44,14,14,37,60,9,36,47,3,19,10,49,45,16,14,82,18,7,9,13,3,11,10,42,12,6,47,20,28,45,8,-20,11,56,60,41,9,10,18,11,6,22,16,44,19,9,54,17,14,12,16,14,35,55,18,13,30,78,29,15,14,16,11,11,35,14,14,17,22,54,71,29,24,8,40,30,31,16,141,-20,14,29,5,21,8,17,32,10,9,55,20,5,7,16,14,28,20,31,27,16,24,33,27,50,15,28,61,12,32,79,41,26,32,14,23,63,15,21,28,17,17,12,41,21,30,18,25,38,32,48,40,48,76,13,24,23,26,24,27,26,23,23,28,6,30,29,24,24,30,18,28,8,20,25,29,23,20,20,33,31,21,36,17,25,15,23,25,32,45,36,52,29,36,23,32,55,72,29,51,15,18,14,34,11,36,18,5,12,27,28,31,8,19,90,65,63,6,15,11,35,12,8,5,10,39,58,12,47,41,44,53,56,64,18,8,6,9,29,153,25,38,25,28,20,19,6,16,20,39,11,11,11,10,36,13,25,35,108,29,12,58,31,31,15,28,11,18,30,18,8,6,15,28,6,19,11,15,29,11,9,25,8,12,7,20,14,14,10,16,14,7,6,53,9,12,19,77,10,7,16,8,15,21,22,6,24,16,8,23,7,15,8,8,12,18,8,7,80,11,14,14,12,19,23,12,19,13,10,11,13,10,22,34,19,11,15,10,12,13,5,19,16,14,18,36,15,21,27,28,32,13,139,27,7,15,13,7,7,15,6,23,4,12,15,14,13,14,16,18,63,18,20,9,12,17,21,24,7,11,5,16,27,21,21,20,9,13,17,12,4,10,16,9,21,10,9,13,62,47,42,22,15,6,9,13,12,16,13,13,8,13,19,4,23,20,8,18,8,10,5,10,23,13,63,3,11,10,13,4,18,41,5,16,44,69,66,68,25,43,53,12,11,54,40,8,17,40,-20,11,57,19,-20,15,36,18,14,9,18,9,13,24,21,13,26,14,17,9,20,18,34,16,23,8,13,14,22,21,37,13,13,45,27,17,13,12,33,16,83,23,15,6,10,22,8,15,20,22,51,42,19,53,44,42,30,46,25,46,20,50,11,19,47,7,17,15,18,32,11,23,11,35,21,36,31,19,12,68,18,30,6,15,29,21,49,23,28,22,7,15,10,49,45,18,84,41,48,56,53,23,41,30,43,74,31,41,61,24,37,32,83,55,21,11,37,19,79,26,17,31,15,24,46,24,38,21,33,30,41,49,3,30,17,94,28,45,50,25,9,20,19,25,14,16,19,15,8,26,21,11,19,11,12,18,27,10,23,15,24,13,24,14,13,14,19,16,21,13,20,25,17,21,15,4,14,10,20,16,14,19,17,17,36,21,11,18,19,16,30,9,25,21,18,16,17,15,11,10,7,18,21,23,15,13,22,15,14,20,13,19,22,15,11,6,20,18,21,25,11,14,25,12,23,14,22,19,12,21,21,22,15,10,16,10,14,22,10,4,7,25,7,6,10,12,17,13,16,13,13,7,16,16,12,10,11,11,12,18,7,18,5,17,24,7,6,14,7,18,15,5,14,9,11,11,12,18,-20,9,8,16,23,15,12,10,14,14,18,19,11,13,36,17,21,13,7,19,18,12,19,9,16,12,12,20,11,8,19,14,21,10,14,24,21,16,24,33,11,7,18,16,13,25,19,12,13,21,11,18,12,23,12,12,21,11,15,15,6,20,17,7,19,9,13,13,10,11,12,10,26,12,22,11,10,17,19,14,9,32,12,13,11,11,15,17,7,117,17,34,26,31,30,24,18,35,27,36,20,27,27,20,25,25,21,29,23,26,25,50,21,29,15,11,23,15,50,21,28,23,17,21,23,24,22,16,22,31,26,14,8,11,13,9,7,12,9,14,17,24,17,10,7,15,24,21,17,8,10,14,20,12,8,14,22,18,14,9,20,10,16,12,17,19,9,26,13,14,15,17,30,8,14,8,-20,7,8,5,7,10,6,16,13,13,12,14,20,12,12,17,16,12,20,15,11,28,18,8,18,19,25,24,12,50,16,22,26,11,24,10,12,22,22,6,14,13,14,14,8,5,28,8,15,10,14,13,19,17,14,9,8,12,5,16,16,13,17,11,16,-20,5,6,7,5,13,-20,4,2,9,4,4,-20,7,12,9,12,3,11,10,11,5,8,10,9,-20,3,7,4,12,-20,6,-20,-20,8,5,18,8,4,15,8,-20,7,5,2,6,5,9,8,-20,5,10,2,6,12,6,4,3,-20,11,8,18,16,-20,3,8,6,7,18,10,35,32,15,24,23,17,31,30,63,53,77,73,86,43,34,70,46,62
"chr1,22084388",4,9,8,16,6,10,12,12,9,15,9,7,37,43,26,15,39,23,136,91,74,8,64,38,83,55,28,43,26,3,13,17,13,16,98,64,46,41,22,10,16,52,14,22,16,56,16,66,13,32,18,35,44,25,50,24,59,65,44,29,44,53,42,49,29,13,29,79,74,23,47,26,24,29,29,68,18,12,19,15,17,20,24,6,16,50,38,88,38,21,30,22,48,40,45,43,29,57,13,50,32,43,13,13,36,62,9,37,48,5,19,10,49,44,16,12,80,14,6,10,12,3,11,10,39,12,7,44,20,27,46,8,10,11,56,60,41,7,10,18,10,6,19,15,41,19,9,54,15,12,12,18,15,36,52,17,13,27,82,31,13,14,15,10,11,34,15,13,17,21,53,76,27,20,8,42,31,30,19,139,-20,13,28,4,20,8,17,34,9,9,45,28,6,8,17,15,25,20,37,18,14,23,37,29,52,14,28,62,12,31,78,41,27,31,14,22,67,17,21,28,17,15,14,45,20,29,13,24,38,31,47,41,44,70,13,24,22,25,19,27,26,26,21,25,9,30,29,22,26,35,18,25,9,22,24,29,24,17,20,29,32,18,36,16,24,13,25,28,32,46,36,56,28,36,25,30,60,71,30,53,14,17,12,32,11,37,18,5,11,28,23,32,9,20,87,64,63,5,14,11,36,12,8,5,9,41,57,12,44,42,43,52,58,64,16,8,6,10,31,152,24,37,26,25,21,21,5,18,19,43,12,10,10,10,38,12,24,38,115,31,13,56,30,33,15,29,12,18,26,-20,8,-20,14,28,7,19,11,13,28,11,10,25,9,13,7,16,14,13,10,17,14,8,6,54,9,12,20,72,10,6,16,7,15,21,21,6,26,15,8,23,7,17,8,9,15,18,8,7,81,10,15,16,13,18,23,13,19,14,10,11,14,10,22,34,17,11,14,9,12,14,5,19,16,13,18,37,15,20,28,29,32,12,139,27,7,16,13,7,7,13,-20,25,5,12,15,13,13,14,16,19,67,16,20,10,11,13,20,24,7,11,4,15,27,21,21,20,9,13,17,11,4,10,16,10,21,10,10,13,61,48,40,22,15,6,9,14,12,15,13,13,8,14,19,4,22,23,8,20,8,12,6,10,23,12,63,3,11,10,11,4,19,40,5,16,44,68,70,68,23,45,52,12,11,53,41,7,18,40,12,13,56,19,7,15,35,16,15,10,18,9,13,22,22,13,25,16,18,7,21,14,34,18,18,7,12,15,20,19,39,14,13,43,29,17,13,11,32,15,86,23,16,7,10,23,8,16,18,25,50,40,20,53,45,43,34,46,31,47,20,50,11,19,43,-20,18,15,17,30,11,22,11,34,20,35,31,18,11,64,18,29,6,14,30,20,47,21,24,23,7,14,8,51,45,17,86,39,48,57,53,24,42,30,41,75,28,46,64,25,33,33,82,56,20,11,38,20,94,20,17,30,19,21,51,25,35,22,33,29,39,43,3,30,19,99,29,47,50,23,11,24,18,25,12,16,16,16,7,28,21,10,18,11,13,17,27,10,20,15,24,12,24,14,13,15,18,15,19,13,21,24,16,22,17,4,14,9,20,15,15,17,14,17,32,21,12,17,19,16,29,10,25,20,18,16,16,15,11,10,7,18,21,21,14,13,22,15,14,18,13,19,20,15,12,6,20,17,21,23,12,15,23,12,23,14,23,19,11,21,21,22,14,10,15,10,14,22,10,4,7,24,7,6,8,12,17,13,16,13,13,6,16,16,10,10,10,11,12,18,7,18,5,15,23,7,4,13,7,18,15,5,13,8,9,10,12,18,3,10,8,16,22,14,12,10,15,14,17,16,11,13,33,18,20,13,7,19,18,12,19,9,16,12,13,21,11,7,19,12,21,9,13,24,21,16,23,33,11,7,17,16,13,24,19,11,13,21,10,20,12,22,13,11,19,11,15,15,6,20,17,7,19,8,12,14,9,12,12,8,24,12,21,13,9,16,19,13,9,32,13,13,11,11,14,15,7,112,19,32,25,30,30,25,17,36,27,32,18,26,26,18,25,25,19,29,22,27,25,49,21,28,15,10,22,15,48,21,29,23,16,21,23,23,21,16,22,31,24,14,8,10,14,8,7,13,9,15,18,22,15,9,6,15,24,22,17,8,9,14,20,12,9,12,21,20,14,8,19,10,16,13,18,18,8,26,13,12,15,17,28,8,13,8,-20,7,7,5,7,10,6,16,12,14,12,13,18,14,10,17,15,11,20,15,11,29,19,8,19,20,23,23,12,50,16,22,25,11,24,10,12,21,20,6,14,13,14,13,8,5,28,7,15,9,14,10,19,17,15,7,8,12,5,16,16,11,16,11,16,8,6,7,6,6,12,7,-20,-20,14,4,5,7,8,14,-20,13,-20,14,11,13,9,9,10,9,10,3,5,4,10,-20,6,-20,10,8,5,17,7,6,11,9,9,7,5,4,4,6,8,-20,8,6,11,-20,6,10,6,4,4,8,11,11,16,17,-20,5,11,8,7,18,10,35,32,16,26,24,18,31,32,60,53,77,73,76,43,37,67,47,64
"chr1,22084406",-20,11,12,22,-20,12,14,16,9,16,9,9,33,37,26,10,44,23,135,83,75,10,62,41,86,53,27,45,27,3,14,17,17,19,93,67,46,43,26,11,14,57,17,19,20,61,12,65,12,32,25,35,48,25,50,25,62,59,38,44,45,51,37,48,31,12,41,80,75,20,49,24,29,31,28,64,20,13,19,22,17,20,29,6,20,45,39,78,42,28,30,22,55,33,42,44,30,59,11,54,31,46,10,10,44,60,10,31,53,8,23,13,48,51,14,9,81,14,8,11,12,5,11,14,45,16,11,48,23,26,46,7,10,11,62,56,42,5,14,19,9,9,17,24,45,15,8,60,12,13,12,25,18,42,52,18,9,29,91,32,14,18,16,12,-20,35,16,14,17,19,60,66,31,20,6,48,20,29,18,125,11,10,20,11,18,7,15,38,13,10,47,35,5,13,14,12,22,26,39,23,23,21,35,31,55,17,22,69,18,33,73,39,24,37,17,20,67,15,21,26,18,13,22,45,22,34,14,24,38,38,50,42,52,53,14,24,24,33,19,31,26,22,18,26,15,22,31,23,35,32,19,28,8,25,20,32,19,18,24,31,29,21,40,16,33,11,25,27,30,47,36,55,34,31,30,30,57,74,33,48,8,16,15,35,13,41,15,6,7,16,24,35,11,26,86,52,62,6,14,11,31,15,7,6,14,41,52,13,43,39,49,61,52,62,16,8,-20,12,30,151,25,42,24,36,22,21,7,17,18,39,15,16,11,10,45,12,28,40,120,31,16,62,31,31,13,28,14,18,31,21,7,9,15,24,7,20,14,15,28,9,13,24,12,13,9,12,16,13,12,13,12,13,8,51,12,11,19,62,9,5,15,7,17,26,18,9,22,18,7,18,7,18,10,11,17,18,7,8,66,12,15,17,14,23,24,13,27,13,11,11,16,6,23,29,14,13,12,10,13,12,5,18,18,11,19,42,19,17,27,29,37,12,138,25,12,18,17,7,7,14,7,25,7,11,14,13,13,16,17,17,71,18,19,10,14,14,19,28,7,12,5,15,27,20,23,21,8,12,18,13,4,16,18,11,21,10,13,12,64,45,35,14,15,5,13,16,14,15,15,20,10,12,17,6,23,20,8,21,10,13,9,9,17,13,57,9,11,14,13,3,19,43,4,17,44,76,73,69,21,47,43,15,13,57,43,9,17,41,11,15,52,18,8,10,39,15,18,13,22,-20,14,13,18,11,24,17,20,16,16,20,31,16,25,13,9,15,24,22,41,12,12,27,31,15,14,14,34,13,80,22,19,11,9,23,10,16,22,22,56,34,21,63,44,50,33,44,25,47,21,60,16,20,44,11,19,22,19,37,13,26,8,40,24,38,39,23,16,79,15,34,4,14,37,26,43,24,34,30,11,15,9,57,41,17,95,43,41,59,59,27,30,25,45,78,25,40,61,25,30,33,73,62,21,9,33,21,97,25,17,27,12,22,56,17,31,19,29,25,36,30,7,31,27,99,30,48,58,21,16,25,23,29,15,18,23,15,12,27,21,10,18,15,21,18,26,14,18,15,25,16,28,21,13,18,21,17,21,13,23,28,23,25,22,7,16,11,19,17,26,17,16,23,38,27,14,16,16,20,25,11,28,21,18,19,18,13,12,11,8,20,22,28,21,16,21,17,17,13,14,22,22,17,17,11,20,17,21,22,11,18,26,15,28,19,25,19,13,22,22,28,14,11,13,13,17,19,12,7,9,30,8,4,13,15,17,12,20,15,13,7,15,17,14,8,14,13,11,24,11,17,5,15,21,7,6,19,7,19,12,8,15,11,16,17,20,16,7,17,17,17,17,14,12,12,19,17,14,16,10,12,34,21,22,15,10,20,12,12,24,14,19,15,19,24,13,7,23,11,26,9,18,26,22,13,20,37,13,5,20,18,18,28,24,15,12,24,12,17,13,22,13,15,16,14,19,15,13,17,16,10,20,7,23,21,9,17,11,6,20,13,23,17,9,18,19,13,13,35,13,15,17,10,13,14,5,101,20,36,27,37,30,28,23,34,32,35,24,35,25,17,29,34,22,27,22,30,27,46,27,30,22,13,22,14,48,18,36,18,18,29,22,21,25,26,25,33,26,17,10,11,22,7,11,17,9,20,19,22,15,14,6,13,23,24,22,10,14,17,25,15,13,10,16,27,10,10,21,17,19,10,20,20,12,25,19,15,19,19,31,13,16,7,-20,9,5,4,12,12,11,14,12,14,17,17,20,21,13,19,15,10,24,20,11,32,23,3,20,21,14,24,15,70,24,22,22,17,25,12,11,22,17,11,20,11,19,13,7,4,36,7,19,13,14,12,21,17,15,7,9,10,9,18,19,8,23,13,16,11,8,6,9,7,12,6,6,9,17,-20,3,8,5,10,5,12,-20,15,11,12,-20,8,13,9,8,3,11,-20,15,5,5,7,12,6,3,13,-20,11,10,3,12,5,7,5,7,6,8,13,7,5,8,6,-20,15,9,4,9,7,8,8,15,16,3,3,-20,6,11,14,7,39,36,17,27,23,18,30,27,60,54,58,58,85,48,40,78,53,63
"chr1,22084410",-20,8,12,21,9,7,12,16,9,12,8,9,32,37,26,9,48,22,130,80,77,9,60,40,84,51,28,45,27,4,14,17,17,21,90,69,42,42,26,11,15,58,18,21,20,58,12,61,13,36,27,41,48,24,48,27,60,59,38,48,45,52,34,46,32,13,37,78,70,19,48,26,28,35,27,62,20,13,19,20,16,21,27,7,21,47,38,79,44,29,30,22,52,30,40,41,32,59,11,51,30,46,10,8,46,59,11,29,53,8,24,14,43,50,15,9,77,13,9,9,8,4,12,15,51,18,11,50,24,23,45,5,8,11,60,51,44,5,13,18,9,8,17,25,44,13,7,63,13,11,12,23,20,42,53,18,9,29,98,33,14,17,15,11,8,34,14,13,18,20,60,66,30,21,6,53,11,28,18,119,12,12,20,13,17,7,14,38,14,10,46,34,4,14,12,13,24,26,38,24,19,21,33,30,57,18,22,67,19,29,73,39,25,42,17,19,67,15,21,25,17,16,23,44,21,35,16,25,38,37,45,-20,49,53,13,25,24,32,20,28,28,24,17,26,18,25,31,22,33,37,18,29,7,22,20,33,19,17,25,29,28,20,39,15,32,11,23,26,30,44,42,56,34,28,31,31,58,73,33,52,-20,14,13,35,13,39,17,6,6,16,23,37,11,29,95,60,59,6,14,10,29,17,7,6,14,40,54,16,38,41,47,62,54,63,13,7,-20,12,28,146,27,46,24,38,22,19,7,17,17,35,14,16,10,9,46,11,26,39,114,29,16,60,32,30,12,27,15,19,31,20,8,9,15,26,7,19,14,14,27,8,12,24,11,11,10,12,17,13,12,13,11,12,6,49,12,13,17,62,9,4,15,7,15,24,17,12,23,19,11,17,7,18,10,11,17,18,6,8,68,12,15,16,13,22,25,14,27,14,9,13,15,6,23,29,15,12,12,10,12,12,6,19,17,11,19,42,18,17,26,27,37,14,133,24,14,16,19,7,7,13,7,27,5,10,14,13,12,16,18,17,68,17,17,11,14,13,17,27,8,11,5,16,25,19,23,20,7,12,18,13,4,14,19,10,21,11,13,13,64,45,33,14,15,6,12,16,15,14,14,22,11,12,14,8,21,18,8,20,10,13,9,9,18,13,58,10,11,15,13,3,20,41,4,17,43,77,74,67,22,48,42,15,11,58,43,10,17,42,10,16,56,18,9,10,38,13,19,15,22,10,14,15,19,9,21,17,20,16,16,30,34,16,22,13,9,15,25,27,41,11,13,27,30,16,13,14,31,14,81,22,20,9,9,26,11,18,22,24,52,35,22,58,44,49,33,45,27,49,20,57,15,18,43,11,19,21,19,35,16,24,7,40,23,36,43,20,16,80,14,33,4,16,33,25,38,26,31,30,11,15,8,60,38,17,95,43,42,60,58,27,28,25,41,80,25,40,61,27,30,34,75,59,22,9,32,21,97,24,17,26,11,22,54,17,30,21,30,25,37,27,8,33,27,106,31,47,56,22,16,27,23,29,-20,17,23,14,11,26,17,9,16,14,20,17,27,15,18,15,19,15,27,19,13,15,18,17,21,14,21,29,23,25,19,6,14,11,16,16,24,14,16,23,35,24,14,14,15,19,25,10,22,21,14,19,20,13,13,10,10,20,22,28,19,16,21,16,16,11,12,21,23,16,17,11,18,18,20,24,11,17,25,13,29,20,21,20,12,21,20,27,14,10,13,13,15,18,12,7,8,30,8,4,15,14,18,12,19,16,11,8,16,21,15,7,12,15,12,23,12,17,6,14,20,6,6,18,8,17,12,8,15,11,16,13,21,15,6,15,17,17,14,13,12,12,15,19,11,16,8,12,35,22,21,13,9,23,12,11,23,15,19,18,21,22,10,6,21,10,25,-20,17,25,25,12,21,36,12,3,20,-20,19,28,23,16,10,21,10,16,11,21,12,13,15,14,18,13,13,17,15,10,19,6,21,20,7,16,11,6,20,12,23,18,7,14,20,12,11,34,11,10,16,10,12,12,-20,100,20,33,26,35,29,28,21,33,31,35,24,34,21,19,28,35,23,24,19,30,23,43,28,32,18,15,21,14,47,-20,37,20,20,26,19,21,26,27,25,31,24,16,9,9,20,6,11,17,8,23,19,21,11,14,8,9,24,26,22,11,15,14,23,15,13,11,15,25,8,10,18,19,18,8,15,20,12,25,15,12,21,20,32,13,16,8,-20,8,5,5,11,12,12,14,12,13,18,18,19,-20,14,19,15,9,24,15,14,34,22,5,20,19,12,26,15,66,25,21,21,18,28,11,12,21,19,12,18,10,18,11,8,5,35,6,18,16,14,14,22,16,13,8,9,7,10,17,17,8,24,11,18,11,9,4,10,8,10,5,6,7,16,-20,4,9,5,7,-20,16,-20,15,10,11,3,9,13,8,6,-20,8,-20,14,6,5,7,11,2,3,10,-20,13,8,3,11,3,8,5,8,4,7,16,8,6,6,8,8,14,11,5,10,7,9,11,13,15,3,-20,7,6,10,12,7,41,35,17,27,21,18,28,26,60,50,62,42,81,52,41,74,58,63
"chr1,22084411",-20,9,12,21,9,8,12,16,9,12,8,9,32,37,23,9,48,22,127,79,77,-20,61,40,81,51,29,47,26,4,14,17,18,21,91,69,43,42,26,11,15,58,17,21,20,60,12,65,13,36,27,41,45,24,47,27,62,58,37,46,44,54,34,46,32,13,35,77,70,19,47,25,28,34,28,60,22,12,19,20,17,19,27,7,21,46,36,80,43,29,30,22,51,29,41,40,33,59,11,50,30,47,9,9,45,60,11,28,53,9,24,14,44,51,15,9,75,14,9,9,8,5,13,15,51,18,12,50,24,23,43,5,8,11,60,51,43,5,14,18,9,9,18,26,44,14,7,61,13,12,12,23,20,44,52,18,9,30,93,33,14,17,15,11,8,34,13,13,17,21,60,63,30,21,6,53,11,28,20,120,12,12,20,15,16,-20,14,38,14,10,39,34,4,14,12,13,24,26,37,24,19,21,33,30,59,18,22,68,20,31,73,42,25,40,17,19,67,15,21,26,17,16,23,43,21,35,18,27,37,36,47,40,48,49,14,27,24,32,21,30,27,24,18,27,18,23,31,22,33,38,17,31,7,24,20,32,20,16,26,27,28,20,39,16,32,10,20,26,30,45,42,56,34,28,30,32,58,75,33,51,7,13,12,33,13,39,17,6,6,16,23,37,11,29,92,60,65,6,14,-20,31,17,7,7,14,39,52,15,37,41,47,61,55,62,14,7,-20,12,27,144,26,45,24,38,22,20,7,15,18,37,14,15,10,9,46,10,26,36,112,29,16,59,32,30,13,27,16,19,31,19,8,10,15,26,7,20,14,14,28,8,13,24,11,11,10,12,16,13,12,13,8,12,7,49,12,13,17,60,10,4,17,6,16,24,16,12,23,18,10,19,7,18,10,11,17,18,6,9,67,12,13,16,12,22,25,13,27,13,10,13,14,6,23,29,13,12,11,10,12,12,6,19,18,10,19,42,18,17,26,28,38,14,132,24,14,16,19,7,7,13,7,26,5,10,15,14,12,16,18,17,68,15,17,11,14,13,17,27,8,11,5,17,24,19,22,20,7,12,18,13,4,14,19,10,21,11,13,13,62,45,33,15,15,6,12,16,15,14,14,21,10,12,14,8,21,20,7,21,10,13,9,9,17,12,58,10,11,15,13,3,20,40,4,16,42,76,73,68,23,48,42,15,11,59,43,10,18,42,10,16,56,18,9,10,36,13,19,15,22,10,14,15,19,9,21,17,20,16,17,30,34,16,21,13,9,15,23,27,42,11,13,30,30,15,13,14,34,14,80,21,20,9,10,25,11,18,22,23,53,36,21,58,44,49,34,44,27,50,20,63,15,18,47,10,20,21,19,35,16,25,9,40,24,35,42,21,16,78,14,33,4,17,34,25,39,25,31,30,12,15,8,60,38,17,95,42,42,59,58,27,29,25,41,80,27,40,59,26,30,36,73,58,22,9,33,21,98,25,17,25,11,25,56,18,30,21,30,25,36,27,8,33,27,109,31,47,54,20,15,29,23,29,14,17,23,14,10,28,17,9,17,14,19,17,28,15,18,15,19,15,27,20,13,17,18,19,22,14,22,28,22,25,19,6,14,11,16,16,24,13,16,24,35,25,15,14,15,19,25,10,22,21,14,18,20,13,14,10,10,19,22,28,19,16,20,16,17,12,11,21,23,17,17,11,18,19,20,24,11,17,25,15,29,19,21,21,12,21,20,27,14,10,13,12,15,18,12,8,9,30,8,4,16,14,18,12,19,16,11,8,15,21,15,7,12,16,13,23,12,17,6,14,20,6,8,18,8,17,12,8,15,12,16,13,21,15,7,15,17,17,14,16,12,12,15,19,11,16,10,12,35,22,21,13,9,23,11,11,25,16,19,18,20,22,10,6,21,10,25,9,17,26,24,12,23,36,12,3,21,17,19,28,22,16,10,21,11,16,11,21,12,14,16,14,18,12,14,16,15,11,19,6,21,20,7,16,11,7,20,12,23,18,7,16,20,12,11,35,13,10,17,10,12,11,5,96,20,33,26,35,28,30,22,33,31,37,24,33,22,19,28,36,24,24,19,30,23,43,29,32,18,14,21,15,48,13,37,20,19,26,20,22,26,27,25,31,24,15,9,9,20,6,12,17,8,23,20,19,11,14,8,9,24,26,23,11,16,14,24,15,13,11,15,25,8,11,19,19,18,8,16,20,13,24,15,12,21,20,32,13,16,9,-20,8,5,5,11,12,12,14,12,13,19,18,18,19,14,19,14,9,23,15,15,34,22,5,20,19,13,27,15,66,26,21,21,18,28,11,12,21,19,12,19,10,18,12,8,6,35,6,22,16,14,14,23,16,13,9,8,7,10,17,17,8,24,11,18,11,9,5,-20,8,12,4,6,8,15,-20,4,8,4,7,4,17,-20,15,9,9,5,9,13,8,6,-20,10,3,14,6,5,-20,13,4,3,13,-20,13,10,4,11,3,7,5,6,4,7,18,7,6,8,8,9,13,11,5,10,5,9,10,15,14,3,4,8,4,9,13,7,41,34,18,27,21,16,27,26,62,50,62,58,80,50,41,74,57,63
"chr1,22084420",3,-20,11,21,10,8,12,16,8,13,8,10,33,37,19,10,46,24,127,79,77,8,62,36,90,47,24,50,27,5,14,18,21,22,88,69,48,41,25,12,13,56,16,19,20,58,12,71,13,33,27,44,47,27,47,29,55,55,36,44,40,53,35,39,33,14,36,70,72,16,53,27,28,36,29,58,21,12,18,20,17,21,29,9,19,48,32,81,42,28,27,24,44,30,38,41,28,61,12,52,33,45,8,10,45,60,13,28,55,10,23,14,39,56,14,8,72,13,10,9,-20,5,13,15,57,18,12,48,24,22,43,-20,8,10,51,52,46,5,14,19,9,9,18,23,42,13,7,63,13,12,11,26,20,44,58,20,6,29,96,32,12,17,15,9,12,32,13,12,19,17,64,67,39,19,5,52,11,25,20,115,11,14,15,-20,13,-20,16,38,14,11,41,33,4,15,12,11,25,30,32,25,20,23,37,33,65,18,18,98,20,30,73,41,22,39,17,15,63,19,23,25,19,16,22,44,20,28,16,31,41,36,43,40,50,49,15,23,24,32,20,27,28,23,20,26,19,26,30,19,33,39,16,31,7,22,22,31,23,19,26,27,29,20,35,18,29,12,25,27,41,45,40,59,33,30,35,28,64,74,37,60,6,15,11,36,11,40,14,7,6,16,20,36,11,29,92,63,67,8,14,9,29,18,7,7,15,40,56,15,36,46,50,57,51,62,11,8,-20,12,27,143,32,43,25,38,21,19,7,15,18,33,14,13,10,10,45,10,25,41,112,28,15,61,34,30,14,28,17,17,32,16,9,9,16,23,7,18,14,17,25,8,14,27,12,11,9,14,17,11,11,16,9,13,9,48,12,11,16,61,9,7,18,7,17,26,12,13,21,17,11,22,8,18,14,11,19,18,6,7,72,13,12,17,11,21,28,15,25,14,11,15,17,8,20,25,14,11,10,10,14,12,8,18,21,9,18,42,20,16,25,29,36,14,127,20,16,17,16,5,7,13,5,29,6,8,14,14,14,16,18,21,64,16,17,11,14,11,18,30,8,10,6,17,23,16,19,19,7,13,19,14,4,15,19,10,22,10,12,14,62,46,31,12,13,7,-20,11,16,15,13,26,10,13,14,9,20,17,6,22,8,11,8,10,20,14,50,10,9,15,13,-20,20,40,4,16,49,66,72,73,22,45,41,17,11,61,45,11,15,41,9,13,56,17,10,10,38,14,19,14,23,12,16,16,19,-20,22,18,18,17,18,30,34,15,20,13,11,15,24,30,42,9,14,27,28,17,13,14,32,15,83,19,19,9,12,27,9,19,19,23,45,36,21,61,41,49,33,40,32,48,17,61,16,17,46,9,23,21,19,35,17,25,9,43,24,35,44,18,17,78,15,32,5,16,36,22,38,25,30,31,12,13,10,58,31,17,95,41,40,56,54,24,31,28,31,78,23,35,54,32,28,40,66,48,24,8,33,27,117,27,16,28,11,30,59,18,30,18,28,28,37,36,8,31,27,113,29,53,50,18,19,30,24,29,15,16,23,16,10,27,16,6,16,15,18,15,30,15,17,15,20,14,27,19,13,16,16,16,22,13,24,27,22,22,19,5,13,10,16,15,22,12,16,24,40,24,15,12,15,20,23,10,21,21,15,17,19,13,13,11,10,19,22,27,17,16,24,17,17,11,13,22,25,15,13,11,17,17,20,24,11,17,23,15,26,20,20,21,13,20,20,29,14,10,13,10,14,18,13,8,9,31,8,5,16,13,18,11,20,17,11,8,16,20,13,6,12,16,12,22,12,15,7,15,22,7,8,19,7,17,13,8,13,11,16,13,18,15,8,16,16,16,11,19,11,13,16,17,10,15,10,13,35,23,22,13,9,22,11,11,25,16,19,18,19,21,10,-20,22,9,28,10,17,23,24,12,23,34,12,-20,23,16,-20,28,21,17,11,22,11,15,12,20,12,13,17,14,15,11,14,17,15,11,18,-20,22,20,-20,18,13,8,22,12,22,20,7,16,19,13,11,33,12,11,17,11,11,12,5,97,19,33,26,38,27,30,22,34,33,38,24,33,22,18,29,32,25,23,16,31,21,43,29,32,18,13,20,16,47,12,36,18,20,28,17,23,24,26,25,32,24,15,7,8,18,6,11,17,8,24,19,20,9,14,-20,10,23,24,24,11,16,13,22,15,11,11,14,25,6,11,19,18,17,8,17,21,13,23,15,13,19,21,31,12,14,9,-20,6,4,6,12,12,11,12,11,13,19,19,17,17,14,18,14,8,23,16,15,31,21,4,19,17,14,28,17,65,27,18,17,15,25,12,12,21,20,11,18,10,18,13,8,6,34,6,20,19,15,13,22,16,13,8,8,7,10,19,16,7,21,12,18,11,-20,-20,9,9,11,-20,6,9,13,-20,5,-20,6,7,7,18,3,14,7,10,-20,10,12,8,5,-20,-20,-20,13,9,-20,5,15,6,-20,16,2,11,6,4,8,3,10,5,-20,-20,7,18,6,6,4,7,11,12,12,-20,10,7,-20,9,16,15,3,7,8,5,-20,-20,7,40,37,16,28,22,21,26,28,67,50,58,58,88,52,44,75,51,66
"chr1,22084424",3,10,11,21,10,8,12,15,8,13,6,11,33,34,18,9,46,25,128,80,75,8,61,39,91,47,23,50,26,5,14,17,20,22,88,68,49,40,25,12,14,54,15,17,20,62,11,70,11,32,26,44,48,27,45,31,53,50,37,44,41,50,35,37,33,14,38,71,74,16,51,26,27,37,31,57,21,12,16,18,17,20,28,9,17,47,31,82,44,29,28,26,44,32,37,41,27,64,10,51,32,43,8,9,44,62,15,29,56,10,21,13,39,53,13,8,73,14,10,9,-20,6,14,15,55,18,12,51,23,22,44,5,8,10,51,54,45,5,14,19,9,8,18,22,39,12,7,63,14,12,11,27,21,40,56,22,8,29,98,30,11,17,15,9,12,33,13,12,21,16,69,71,36,19,4,48,10,26,19,120,13,14,16,15,13,-20,17,41,16,13,43,31,4,15,11,10,25,30,29,24,19,24,40,33,64,18,18,102,20,33,70,41,22,43,19,16,65,20,25,27,19,16,20,46,22,27,16,27,41,36,41,39,49,49,14,21,28,31,20,28,29,25,20,24,22,27,29,20,33,44,16,31,6,22,21,32,24,21,25,25,29,20,35,17,28,12,24,24,43,43,42,54,33,29,32,24,64,73,35,57,9,16,12,37,11,32,15,7,4,16,19,36,10,32,96,67,69,7,15,9,28,18,7,7,16,40,56,15,35,45,52,55,47,64,11,8,-20,13,25,146,32,43,24,40,22,20,7,16,18,34,15,13,10,10,43,10,25,42,112,28,15,61,34,29,14,28,17,19,31,16,7,9,17,23,9,18,15,15,24,7,12,32,15,13,9,14,19,13,12,17,9,12,9,52,12,12,16,65,9,7,19,8,17,25,11,13,19,18,12,20,7,17,14,11,17,17,6,7,74,17,12,17,10,20,28,15,23,16,11,14,17,8,17,25,14,10,10,10,14,12,8,16,21,11,19,45,20,15,25,29,35,15,131,22,18,18,14,5,7,12,5,28,6,8,15,15,14,16,19,21,66,19,15,11,16,10,17,30,9,9,5,16,26,17,18,19,7,14,18,14,4,15,19,9,23,11,13,14,61,45,31,17,15,7,10,13,14,15,15,30,9,14,15,11,21,17,7,22,8,11,7,10,21,14,50,10,10,17,13,3,20,42,5,17,48,70,72,78,23,44,41,16,10,61,47,12,15,42,9,15,58,18,10,9,43,14,19,15,24,12,15,13,21,10,22,20,17,18,17,31,35,14,21,11,11,14,27,30,41,7,14,31,28,16,12,15,36,17,83,19,19,9,13,29,10,19,19,23,42,35,21,62,43,47,32,41,30,45,15,63,17,18,45,8,20,23,18,35,18,25,9,39,23,34,44,18,16,76,15,32,5,16,35,21,39,25,30,28,12,14,9,63,34,17,97,40,41,57,58,23,28,29,29,77,22,37,56,36,28,42,66,50,23,7,34,29,125,30,16,28,14,32,60,18,30,21,27,27,37,36,8,30,24,112,28,52,45,16,20,33,24,29,-20,16,25,16,12,28,16,6,15,15,17,15,30,16,18,14,20,13,25,19,12,16,16,16,22,13,24,29,21,21,19,7,13,10,16,14,21,13,15,25,40,24,15,12,15,20,24,10,19,23,14,19,20,13,13,12,-20,19,21,27,17,16,23,16,16,11,13,19,25,15,14,10,18,17,19,24,9,17,25,16,26,21,21,22,13,22,19,30,13,10,13,10,12,17,13,7,9,29,8,5,16,11,18,12,20,16,9,-20,15,20,14,6,13,17,13,21,11,15,6,15,22,7,8,19,6,16,14,8,13,11,17,13,-20,16,8,15,15,15,10,19,13,13,16,18,10,14,9,13,33,23,22,12,9,21,12,11,27,17,18,18,19,21,10,6,22,9,29,10,17,25,24,11,19,34,12,-20,23,16,20,27,20,17,11,22,11,15,10,19,11,12,18,12,15,10,14,16,15,10,18,7,22,19,-20,17,13,8,22,12,23,20,7,16,18,13,10,34,12,11,17,11,13,12,5,98,17,33,25,38,29,30,23,31,33,37,24,32,22,18,29,30,24,23,15,31,22,44,30,33,18,13,21,16,49,12,36,19,20,27,17,23,25,26,25,31,24,15,7,7,17,6,10,16,9,24,19,19,9,13,-20,8,23,24,22,12,15,13,22,15,13,10,15,25,6,12,19,16,17,8,17,21,13,22,15,14,19,21,29,12,14,9,-20,6,4,7,12,12,10,12,10,13,19,16,17,18,15,18,14,7,23,15,15,31,21,4,19,18,15,27,17,65,25,20,18,15,24,10,13,20,18,10,18,11,18,15,9,6,34,5,21,19,13,12,21,14,13,9,9,6,11,19,15,7,21,11,18,11,6,-20,10,-20,11,5,8,9,14,-20,7,8,7,8,8,17,3,13,6,-20,-20,8,11,10,5,3,-20,-20,13,11,5,7,15,5,-20,16,4,14,-20,6,7,3,9,6,-20,4,7,20,7,5,4,6,10,12,12,-20,9,10,-20,8,16,16,3,6,7,6,9,13,7,40,37,16,30,24,20,26,28,69,48,58,60,87,52,47,79,52,66
"chr1,22084427",3,10,11,21,10,9,12,15,8,13,7,11,35,34,22,9,42,25,125,79,74,8,61,39,90,48,24,50,26,5,14,17,20,22,88,68,50,39,25,12,13,53,14,18,20,60,12,71,-20,29,26,43,50,29,47,30,53,50,37,44,44,50,38,32,34,14,37,70,73,16,53,27,27,37,33,55,21,12,16,18,17,22,28,9,17,47,31,82,44,27,27,26,45,34,35,40,29,63,11,57,34,43,7,9,42,63,15,31,56,10,21,14,38,51,13,9,70,14,10,10,10,6,13,15,58,17,12,52,24,22,45,5,8,10,49,54,47,5,14,20,9,9,19,22,38,11,8,59,14,12,11,26,22,45,58,22,8,29,93,27,11,16,14,9,12,33,13,12,18,14,73,71,36,22,4,49,10,24,19,119,13,13,14,16,12,-20,17,43,16,13,45,31,4,15,11,10,24,30,28,24,19,25,40,35,63,20,20,101,21,34,69,40,20,40,21,16,66,19,24,28,15,16,20,47,22,27,16,28,41,37,42,38,48,49,14,21,28,32,20,28,28,25,20,27,22,31,24,22,35,43,15,29,10,22,23,32,24,20,24,25,27,21,37,17,30,14,24,23,43,41,46,55,31,32,35,23,64,84,35,55,11,16,11,38,10,29,15,7,7,16,18,35,9,32,96,63,72,7,15,9,28,18,7,7,16,42,55,14,36,44,52,54,46,63,10,9,-20,12,24,149,32,43,23,40,21,21,7,12,19,33,15,14,10,10,43,10,25,42,111,27,14,59,34,29,13,26,17,20,32,16,7,9,16,22,9,18,15,15,25,6,12,33,14,13,9,14,19,14,11,16,10,12,9,54,12,12,14,67,7,8,19,8,17,25,12,12,20,18,11,18,7,16,14,11,18,15,6,8,73,16,12,15,9,20,29,15,23,16,10,16,16,8,17,26,11,10,10,-20,14,11,8,17,19,11,18,46,19,15,25,30,33,15,131,21,19,17,14,6,8,11,6,29,6,7,14,16,14,13,19,21,69,19,15,10,17,8,18,31,9,9,5,16,24,16,15,20,7,14,18,15,3,15,18,9,24,11,12,12,65,43,32,18,15,7,11,13,13,15,15,29,9,13,16,9,21,17,7,22,8,12,7,9,22,15,48,10,11,17,12,3,20,43,4,17,49,65,68,77,23,42,42,16,10,60,44,12,15,42,9,14,57,18,10,8,43,13,19,15,25,12,14,13,23,11,22,20,17,17,17,30,34,15,21,12,12,12,26,30,43,9,12,34,25,17,12,15,34,17,80,19,19,9,13,29,9,18,17,25,41,33,20,62,44,46,33,40,32,46,14,63,17,18,45,8,20,24,18,35,18,25,9,39,23,34,44,18,16,76,15,31,5,16,34,21,40,25,29,27,12,14,9,59,37,-20,103,40,42,54,60,24,31,29,28,76,23,38,53,37,29,40,65,51,21,7,34,32,131,29,16,29,15,33,60,19,32,22,24,27,34,40,8,32,24,110,26,52,44,15,21,34,24,29,14,17,25,16,12,28,22,6,15,14,18,15,31,16,18,15,19,13,25,19,12,16,16,16,22,14,25,29,21,20,21,7,13,13,17,14,21,12,15,25,38,24,15,14,14,21,23,10,20,24,14,19,20,13,13,12,10,18,21,25,17,16,23,16,15,11,13,19,27,15,14,10,18,19,18,24,9,18,25,16,27,22,20,21,12,22,18,30,13,10,13,10,12,17,14,8,9,30,8,8,16,12,18,13,20,16,9,8,14,20,14,6,13,18,13,21,11,15,6,15,22,8,8,19,6,16,14,8,13,11,16,13,17,16,8,15,15,15,10,19,13,13,16,18,10,14,10,12,33,23,22,12,9,20,13,11,27,17,17,18,18,21,10,-20,23,9,29,10,17,25,23,12,19,35,12,-20,23,16,20,27,21,16,11,22,11,15,10,20,12,12,19,12,14,10,14,16,15,10,18,7,22,19,10,17,13,8,23,12,23,20,8,16,18,13,10,34,11,12,17,11,13,13,5,97,18,33,24,37,29,30,23,31,33,37,24,33,22,18,29,30,25,24,16,32,22,45,32,33,17,13,21,15,49,14,37,19,20,27,17,23,26,26,25,31,24,16,7,7,17,6,10,16,9,25,20,20,9,13,4,8,23,24,22,12,16,13,22,16,13,10,14,25,6,12,19,15,18,8,17,22,14,22,15,13,19,21,27,12,14,9,-20,5,4,7,12,13,10,12,9,13,19,17,16,19,16,18,14,7,23,15,15,31,21,5,19,17,15,28,17,63,27,20,18,15,25,10,13,20,18,10,18,11,18,14,9,6,34,8,21,19,13,12,22,14,13,9,10,6,11,20,15,7,20,11,18,11,6,-20,9,8,12,4,-20,-20,16,-20,6,9,7,-20,-20,14,-20,14,6,7,-20,8,9,10,6,4,6,-20,12,10,5,8,11,5,-20,19,4,11,7,5,9,6,12,4,-20,5,6,20,7,4,-20,6,11,13,12,5,8,10,-20,11,17,19,3,6,6,6,-20,-20,7,39,39,15,29,24,21,25,29,70,49,58,60,86,52,50,76,51,63
"chr1,22084440",4,14,12,19,14,11,13,15,8,15,8,12,41,32,25,9,39,26,114,76,65,15,55,40,88,44,24,45,24,4,16,18,22,23,95,70,51,42,23,13,13,52,10,16,27,61,12,66,12,30,26,41,50,25,42,26,47,46,33,40,42,46,35,33,33,16,35,70,70,16,58,23,31,35,33,57,18,16,20,23,15,23,29,12,23,46,31,84,46,25,34,29,43,37,30,39,33,63,11,54,31,44,7,8,41,58,14,32,52,15,21,14,42,48,12,10,64,16,11,12,9,11,20,16,55,17,13,55,28,22,38,-20,15,15,56,53,53,8,14,18,12,12,24,25,39,14,11,54,16,15,11,22,28,52,54,25,8,29,92,33,13,17,20,8,15,37,15,10,18,9,68,61,37,25,-20,46,11,15,19,123,18,16,14,13,11,4,19,44,17,14,45,32,-20,17,11,11,30,31,27,17,18,23,47,33,70,24,21,104,25,29,65,42,21,48,22,18,59,20,22,27,13,15,19,42,15,26,17,30,36,37,42,40,55,58,13,21,32,33,25,25,29,26,16,28,20,34,22,23,30,41,14,34,11,21,21,35,26,29,26,26,26,18,39,20,31,18,26,24,41,44,43,50,29,37,40,25,62,82,36,53,11,16,10,36,9,34,13,6,7,15,15,36,8,32,89,63,71,11,15,6,28,18,-20,6,14,44,59,15,40,48,49,55,47,54,10,11,4,13,26,137,32,55,25,41,18,19,4,12,23,35,15,13,11,12,49,12,27,43,111,28,17,58,29,26,12,23,16,19,34,18,7,8,15,22,10,16,14,13,21,9,13,31,18,12,9,12,17,15,10,16,8,14,11,59,12,12,13,66,6,6,19,9,15,28,11,13,19,21,10,20,6,13,12,11,13,17,8,9,78,14,19,15,8,18,30,18,24,18,10,14,17,8,21,23,10,12,11,9,13,14,8,14,22,10,19,45,19,12,33,33,31,15,134,19,20,16,15,6,8,9,5,27,9,8,14,15,14,13,19,19,68,20,16,13,14,7,19,24,9,9,5,21,24,17,18,19,9,17,19,16,3,12,16,9,21,10,11,14,67,39,28,21,15,6,10,14,14,13,16,31,12,16,16,15,21,18,9,23,8,12,7,5,24,14,47,12,11,16,12,-20,19,38,5,16,49,68,66,83,20,44,43,18,14,59,42,16,16,45,11,14,50,17,11,9,44,14,20,13,20,12,13,14,22,12,24,23,16,16,15,36,35,15,22,10,13,12,25,31,40,11,11,39,19,17,16,13,36,19,77,18,22,11,13,27,11,18,21,22,44,35,21,63,39,46,34,35,33,43,19,65,22,20,43,9,24,27,21,41,19,26,9,42,30,40,37,21,17,91,14,31,12,16,36,20,42,29,35,28,14,17,11,54,33,17,102,38,41,54,57,24,26,31,25,72,19,36,54,39,25,40,71,40,28,9,40,33,127,26,16,32,17,34,58,20,37,25,30,27,38,34,6,34,28,111,29,38,48,11,23,36,30,29,14,18,29,16,15,26,19,10,13,14,22,14,34,17,18,16,25,11,29,22,15,17,17,15,30,14,32,33,25,17,18,6,14,11,20,17,25,11,18,28,41,28,17,13,22,22,28,11,22,25,22,16,21,15,16,17,14,19,22,29,19,17,26,17,16,16,13,19,30,18,14,17,16,20,18,22,10,19,30,18,27,22,22,20,18,25,27,34,15,9,15,10,13,19,17,9,11,31,10,10,17,11,18,13,24,18,10,9,10,17,15,8,13,24,14,24,13,15,10,16,23,9,-20,21,6,16,17,11,12,10,16,12,19,18,11,19,16,11,14,19,18,15,19,19,13,11,14,10,37,26,23,10,14,19,13,14,29,17,16,24,17,22,11,8,22,8,30,10,15,28,22,11,20,37,17,3,26,22,20,31,30,14,9,19,13,18,11,21,12,12,29,14,21,12,14,16,15,9,21,7,25,20,12,23,13,13,21,15,23,24,9,17,15,19,12,33,13,12,16,8,15,16,4,92,15,39,27,45,25,30,25,28,37,49,27,30,26,25,30,30,30,29,20,31,24,47,36,35,21,15,26,17,53,18,39,21,19,24,20,25,29,28,21,35,24,21,9,8,16,10,11,18,14,25,15,18,8,15,6,9,23,24,26,13,18,14,21,14,14,13,17,25,8,16,26,14,22,14,16,28,18,23,18,13,22,22,25,15,17,9,-20,4,4,7,13,12,10,11,12,16,17,18,23,20,19,24,14,15,22,18,18,29,26,10,17,17,15,32,16,64,31,19,23,19,28,13,18,21,23,10,24,8,15,13,12,8,38,8,23,20,16,12,19,17,16,12,9,6,14,21,14,7,25,13,19,12,4,-20,13,9,-20,5,7,8,16,-20,5,9,10,8,8,18,3,10,4,5,4,6,-20,12,7,4,7,-20,8,8,5,5,12,7,5,21,5,11,9,6,10,5,12,3,7,6,6,18,6,5,3,8,11,10,12,6,6,13,4,10,17,16,6,-20,10,-20,11,13,7,45,43,16,30,22,20,25,26,71,44,54,60,89,45,49,78,50,54
"chr1,22084443",4,14,11,13,14,11,12,13,7,15,7,12,38,30,25,8,38,25,111,80,62,15,53,39,85,40,23,46,26,4,14,18,22,23,92,65,51,41,20,13,12,51,8,16,30,60,12,65,11,30,25,42,51,24,43,24,46,42,33,43,43,48,37,31,35,17,33,71,70,16,59,24,28,34,31,59,15,16,18,21,14,20,26,13,22,43,30,79,45,26,34,29,43,38,30,39,29,60,11,52,34,44,6,7,37,57,11,33,53,14,18,13,46,47,10,8,62,15,10,12,8,11,19,16,56,14,12,53,24,20,38,-20,12,14,54,51,51,7,14,13,11,12,22,23,36,12,8,52,11,12,10,21,27,51,51,22,8,32,93,30,12,12,20,7,13,33,13,10,17,8,67,65,39,27,-20,51,10,16,19,124,19,19,14,13,11,4,21,42,18,14,36,32,-20,17,11,11,29,31,27,16,16,24,49,33,72,24,23,107,22,29,62,43,22,47,23,20,60,19,21,27,12,16,20,43,15,26,18,29,30,36,41,34,53,58,13,19,35,33,23,25,29,25,13,28,19,32,20,23,30,39,12,35,11,21,21,34,28,32,26,28,26,16,39,20,27,19,25,23,39,44,41,50,29,37,37,24,63,81,37,51,12,14,10,34,9,30,13,7,7,13,14,37,8,29,86,61,71,10,12,5,30,15,-20,5,14,44,56,12,37,47,48,53,47,55,7,11,4,12,25,138,31,56,25,38,16,18,4,14,23,32,15,15,11,12,50,12,27,39,108,26,15,54,27,26,12,22,-20,19,33,17,6,8,14,23,10,16,14,13,21,9,12,31,17,10,9,12,17,15,10,16,8,14,11,55,11,11,14,63,5,6,18,9,14,30,13,12,21,20,11,20,6,12,10,11,13,16,8,9,79,14,19,16,8,17,30,19,23,18,10,15,19,8,21,22,11,-20,11,10,15,15,8,14,22,10,16,43,19,12,33,35,32,15,138,18,20,15,15,6,6,9,5,28,9,8,12,15,15,13,19,17,68,21,14,13,13,9,15,24,6,9,5,18,21,17,16,19,9,17,21,14,3,13,15,9,21,9,10,12,62,37,27,22,14,6,10,13,13,14,16,26,12,16,15,13,21,19,9,23,8,12,7,5,22,13,47,12,10,15,11,4,19,40,5,16,48,66,64,84,16,43,42,17,11,59,40,14,13,45,11,13,50,17,12,10,41,13,16,13,19,13,12,16,23,11,21,21,15,14,12,37,32,16,22,9,13,12,26,29,37,12,12,41,19,18,16,12,36,19,74,19,22,11,15,27,10,18,21,20,44,33,21,63,37,44,34,36,34,43,16,59,22,17,36,9,20,26,17,39,16,23,9,39,29,36,34,15,16,85,14,24,11,15,32,17,39,32,32,24,12,15,11,53,30,18,95,36,42,50,59,22,26,31,24,72,19,38,51,39,30,39,65,41,28,9,42,33,124,23,15,32,20,31,56,16,38,28,31,28,38,32,7,35,26,105,30,44,46,12,23,36,29,26,14,18,28,16,15,20,15,10,8,11,21,14,31,19,18,15,22,10,26,20,12,13,17,14,25,9,26,28,22,17,14,6,15,11,17,15,23,9,15,24,33,25,16,13,20,20,22,9,19,23,19,15,19,15,14,15,11,19,20,27,19,15,24,15,16,16,12,17,26,15,11,15,16,19,16,19,8,18,27,17,22,20,20,19,18,22,24,31,13,9,11,10,10,17,16,8,10,25,10,10,14,10,17,11,19,17,8,8,10,16,14,6,9,24,12,22,12,13,10,12,22,7,8,19,5,14,15,9,10,9,15,8,15,14,11,19,16,6,10,19,18,15,17,18,10,9,14,9,29,24,20,11,11,17,13,13,26,17,10,22,17,21,11,9,19,6,27,8,13,27,20,10,18,30,14,3,20,23,18,25,26,14,9,18,12,15,8,18,10,9,26,13,19,12,14,14,13,7,20,7,22,20,12,21,10,13,21,15,19,23,7,18,10,18,10,29,13,11,13,9,15,16,4,85,15,33,21,38,18,26,24,25,37,47,24,29,23,24,27,27,29,27,18,26,21,44,32,32,20,14,22,15,45,17,35,16,17,20,15,25,27,25,19,29,21,18,9,6,14,10,11,18,12,23,15,15,-20,16,5,9,20,23,23,14,15,13,17,14,13,12,16,24,9,15,24,13,19,14,15,23,17,20,17,13,21,22,23,15,15,7,-20,4,4,6,13,9,9,7,12,15,16,17,20,20,18,21,12,15,20,17,16,26,24,10,16,15,10,28,17,61,28,16,19,17,25,12,18,17,20,8,21,6,14,11,9,-20,36,8,23,19,14,12,17,16,12,10,9,4,12,21,12,5,22,12,18,11,-20,-20,12,8,8,5,8,8,16,-20,6,8,9,7,7,13,4,8,4,5,4,5,7,13,7,-20,-20,-20,8,7,3,-20,8,9,6,21,5,-20,9,8,10,-20,11,4,7,6,5,15,4,4,4,8,9,11,11,7,8,12,4,9,15,17,6,5,11,4,11,14,7,45,45,16,30,22,21,24,27,70,43,54,50,93,43,50,79,50,52
"chr1,22084444",4,14,11,14,14,11,13,13,6,15,7,12,36,28,26,9,38,25,111,80,62,16,53,39,86,42,23,45,26,4,14,19,22,23,92,66,51,41,20,13,12,51,9,16,30,59,13,67,12,29,26,43,51,27,41,23,48,41,33,42,43,47,39,32,33,15,32,73,71,16,60,24,26,35,31,62,15,16,18,21,14,19,27,13,22,45,31,80,46,26,34,30,42,38,29,39,29,60,11,49,33,44,5,7,38,57,11,34,53,13,17,14,46,45,10,8,60,15,10,12,8,11,19,16,54,14,12,53,24,19,38,-20,12,14,54,49,52,6,14,13,11,12,20,22,36,12,7,52,11,12,10,21,29,52,52,22,9,32,93,30,12,10,18,7,12,31,13,9,17,8,66,69,38,28,-20,51,10,15,22,124,19,18,14,13,12,4,22,43,18,14,36,31,-20,17,11,11,29,30,27,18,16,25,49,33,76,24,22,111,23,28,61,44,24,47,23,20,61,18,21,27,12,17,20,42,15,26,19,31,34,35,41,35,52,56,13,20,34,33,23,25,29,26,13,28,20,35,18,24,30,40,13,35,12,22,21,37,28,31,25,28,26,14,36,20,27,19,24,23,38,43,42,48,29,40,40,23,64,81,37,52,12,15,10,35,9,30,14,7,8,13,14,38,8,28,94,63,67,11,12,5,31,16,-20,5,15,44,57,13,38,48,47,54,47,55,7,11,4,12,23,142,31,56,25,38,19,19,4,14,24,31,15,14,10,12,50,11,28,40,109,27,14,55,28,26,12,23,15,17,31,17,6,8,14,23,11,16,14,14,23,10,11,31,18,10,9,12,17,15,9,15,8,14,11,54,11,11,15,63,5,6,18,10,14,30,13,13,21,20,12,23,6,12,11,11,16,16,8,9,77,13,19,17,9,21,30,20,23,18,10,15,20,9,20,21,11,10,11,10,15,16,8,13,22,10,16,42,17,12,33,35,32,15,137,17,20,14,15,6,6,9,5,28,9,9,12,15,15,13,18,19,70,20,13,13,13,10,13,24,7,9,5,19,21,16,15,20,9,17,22,14,2,13,15,9,20,9,11,12,62,37,27,23,14,6,10,13,13,14,18,25,12,14,15,14,21,19,10,25,8,13,7,5,21,13,48,13,10,15,11,4,19,41,5,17,49,65,63,85,16,46,43,17,11,60,42,14,12,47,12,13,50,16,10,10,41,13,16,-20,20,-20,14,17,23,12,22,22,15,15,13,33,33,15,22,9,13,12,26,29,37,12,12,40,20,17,17,13,36,19,74,18,22,11,15,28,10,17,21,22,44,33,21,62,40,44,34,36,36,42,16,57,22,18,34,9,21,27,17,38,16,23,9,37,28,34,33,14,16,84,14,24,11,15,32,17,37,31,33,24,12,15,11,54,30,18,95,34,40,52,58,23,27,32,26,71,19,37,50,41,30,37,61,41,28,9,44,33,125,23,15,30,21,32,56,17,40,29,32,27,39,34,7,33,26,101,30,44,43,13,25,39,29,26,14,18,28,15,15,22,15,10,8,11,20,14,32,19,18,16,22,10,26,20,12,13,17,14,25,8,26,29,21,17,13,6,12,11,17,15,24,9,15,24,33,25,16,12,20,22,22,9,19,24,19,14,19,15,14,15,10,20,18,27,19,14,25,14,16,16,12,17,25,15,11,16,16,19,16,19,8,18,27,17,22,20,19,18,18,22,24,32,11,9,11,10,10,17,16,8,11,26,10,10,14,10,17,11,18,17,7,8,9,16,14,6,9,23,11,22,12,13,11,12,21,7,8,19,5,13,15,9,10,10,15,-20,15,14,11,19,15,6,10,19,16,15,17,16,10,8,14,9,30,24,20,11,11,19,13,13,26,17,10,23,17,21,11,9,19,6,25,7,13,28,20,9,16,30,14,3,20,23,19,23,26,14,9,17,12,15,7,18,11,9,27,14,20,12,14,12,12,7,19,7,22,20,12,21,10,12,19,14,18,23,7,18,11,18,10,26,14,12,13,9,16,16,4,86,16,34,23,40,16,25,24,25,38,47,23,28,23,23,26,26,29,26,17,26,20,44,32,32,20,14,22,16,44,17,35,17,16,20,15,25,27,24,20,29,20,18,9,6,14,10,11,18,12,23,15,15,7,16,5,9,20,22,23,14,15,13,17,14,14,12,16,24,9,15,24,13,19,14,15,21,17,21,17,13,21,22,23,15,15,7,-20,4,4,6,13,9,8,7,12,14,16,17,19,19,18,21,12,15,21,17,16,26,24,10,17,15,10,28,17,61,28,16,19,17,25,12,19,17,20,8,20,6,14,11,10,8,37,8,23,19,13,12,18,16,11,10,9,4,12,20,11,5,20,12,18,11,5,5,12,8,9,4,9,7,18,-20,6,7,10,7,6,18,-20,10,5,6,4,7,9,12,7,4,4,-20,7,7,5,3,10,10,6,22,5,11,9,-20,10,4,10,4,7,-20,6,16,6,6,5,7,-20,11,12,-20,8,12,4,11,16,15,5,6,10,2,13,12,7,46,43,16,29,21,19,23,27,70,41,52,50,99,40,50,80,48,52
"chr1,22084452",4,14,18,12,11,12,13,12,6,18,8,11,38,28,28,7,41,24,111,79,57,16,60,37,83,35,24,45,24,5,14,18,18,21,85,67,49,40,23,15,11,46,13,16,29,58,12,68,12,21,26,40,51,24,39,24,45,38,34,44,43,46,42,29,32,16,30,72,68,14,57,25,22,39,31,64,16,15,18,19,12,23,27,13,22,46,30,73,52,27,34,31,43,34,24,37,27,64,11,50,33,43,4,10,38,54,11,36,54,13,16,12,41,45,9,9,55,13,10,12,8,11,20,16,52,12,13,51,22,18,33,-20,12,15,47,50,49,4,15,14,10,10,17,21,36,12,10,52,12,12,11,21,31,49,51,25,12,30,90,33,11,8,19,6,11,30,13,11,17,9,64,67,36,25,6,44,17,15,24,118,19,21,13,14,9,7,20,40,17,15,39,32,5,16,7,9,29,30,31,18,17,25,51,32,69,25,19,111,21,30,59,43,24,51,24,21,59,17,23,26,13,16,21,37,16,26,20,33,33,34,42,35,48,53,9,21,32,30,24,24,29,27,8,25,20,35,17,22,28,40,13,30,12,24,24,35,28,33,25,27,25,15,35,21,27,18,24,17,43,40,48,43,32,43,36,21,62,80,37,53,14,13,10,35,7,29,12,7,10,8,14,32,8,27,91,69,62,10,13,5,28,16,-20,5,15,47,59,12,35,46,44,59,47,59,8,12,6,13,22,135,27,51,23,33,16,17,4,17,21,30,16,15,9,12,48,10,27,42,108,28,14,55,28,24,10,20,16,17,30,18,7,7,16,23,13,16,14,17,25,8,10,36,18,9,7,10,18,15,12,17,9,16,12,59,13,12,16,59,5,6,17,7,14,31,15,15,22,16,14,21,4,10,12,9,15,15,7,10,80,9,18,17,10,18,32,18,21,20,11,14,20,8,19,20,11,10,7,10,14,16,-20,13,22,12,15,42,16,11,35,32,34,13,135,17,21,15,15,5,5,9,5,28,9,9,12,13,15,10,17,19,73,18,13,14,11,10,14,24,8,10,4,20,22,16,14,21,9,15,24,13,3,12,12,6,22,11,9,11,61,39,25,25,15,5,11,12,12,13,17,22,12,15,15,15,21,17,10,25,9,13,6,4,23,14,50,12,7,14,13,3,18,43,6,18,45,62,67,79,18,49,45,17,8,62,41,14,11,45,10,13,53,17,7,9,42,13,18,17,21,12,15,14,24,-20,21,20,14,14,12,33,30,16,25,8,12,13,26,36,39,14,14,38,21,19,17,15,42,18,73,20,22,13,15,32,11,18,20,22,41,32,20,60,41,42,33,32,33,45,18,58,21,19,35,9,20,27,15,36,15,20,9,39,31,32,32,13,14,85,16,25,12,14,32,17,35,31,32,24,11,17,13,48,28,19,93,33,37,48,52,21,27,30,24,67,25,38,38,45,28,38,62,42,26,6,44,36,129,23,13,27,27,35,55,19,38,27,36,28,39,35,7,34,30,102,29,47,41,18,24,37,29,28,13,21,26,14,16,21,15,10,8,10,22,11,28,17,17,16,22,9,30,17,11,14,16,13,25,10,24,28,21,16,14,7,11,12,15,12,23,9,14,25,32,25,15,11,19,22,20,11,16,23,18,16,20,17,16,15,12,20,21,26,19,14,25,13,15,19,12,19,27,12,10,17,14,19,16,19,9,18,27,20,21,18,17,18,19,23,24,29,12,8,9,10,11,13,16,10,12,28,10,9,13,10,17,11,17,15,7,7,10,18,15,6,10,25,10,25,10,12,13,12,21,7,11,16,5,15,17,8,11,11,16,7,15,11,11,19,16,6,10,19,16,13,14,16,13,10,14,9,28,18,17,12,11,17,11,15,24,17,10,24,16,21,11,9,18,7,24,7,13,23,22,9,16,28,15,5,23,21,19,22,25,14,10,18,12,15,6,19,9,12,31,13,20,9,14,13,11,8,18,8,24,22,11,21,10,12,19,12,19,20,6,20,11,14,11,26,16,14,14,8,17,15,3,83,15,31,25,41,12,26,24,23,38,49,27,26,22,21,24,25,27,24,15,25,20,44,33,26,20,12,21,17,47,17,36,18,14,21,13,24,29,25,21,28,22,15,8,7,13,10,13,22,10,21,14,15,12,18,6,9,24,22,23,14,15,14,15,19,15,13,18,21,-20,15,26,13,18,17,12,22,20,22,16,14,22,22,24,15,16,8,-20,5,-20,6,14,11,8,6,13,15,12,18,19,19,20,18,12,16,21,18,12,24,23,12,15,16,11,28,15,52,31,18,20,16,24,13,19,19,21,7,20,6,17,11,10,8,40,8,19,16,13,12,18,16,12,13,9,-20,12,24,9,6,19,13,13,14,4,6,13,7,8,5,7,7,15,-20,6,8,10,13,7,12,-20,11,6,5,5,6,8,9,-20,-20,6,-20,8,10,-20,-20,6,11,5,19,5,11,12,7,9,-20,9,3,10,4,5,9,4,4,-20,8,8,8,12,7,7,12,3,11,18,12,7,3,-20,3,9,17,8,47,38,17,30,21,20,22,27,69,41,53,55,103,37,50,82,50,48
"chr1,22084454",4,14,19,12,11,12,12,13,6,17,8,11,37,28,28,7,40,24,108,76,58,16,60,38,82,34,24,49,24,5,14,18,19,21,83,67,47,35,26,13,11,47,13,13,25,60,13,67,12,21,26,39,52,26,39,24,42,38,36,44,44,48,44,30,33,16,30,72,70,13,56,25,21,36,31,65,15,14,18,18,12,24,27,13,22,48,28,71,52,27,37,31,42,34,24,40,25,63,12,50,31,44,4,10,38,54,11,36,53,12,15,13,42,44,9,9,54,13,10,13,8,11,20,13,56,10,12,51,21,18,32,-20,12,15,48,51,51,4,14,14,10,10,17,21,37,12,10,52,11,12,11,20,31,47,50,26,12,30,90,33,11,9,18,6,11,30,13,11,18,9,64,64,37,28,4,42,17,29,24,120,18,20,12,14,9,7,22,41,15,15,37,33,5,15,7,9,32,25,34,18,19,25,50,31,69,26,18,113,21,27,59,42,27,53,25,22,63,19,21,30,12,16,21,37,16,20,18,32,33,34,43,34,48,52,9,20,33,30,25,22,29,27,8,24,22,34,17,23,29,40,13,30,12,23,23,34,30,33,25,27,25,15,34,19,27,19,21,15,42,39,47,40,32,46,34,24,60,79,37,53,14,13,9,35,7,29,12,5,10,8,14,32,7,26,91,69,59,12,13,5,27,16,-20,5,15,46,61,12,36,47,48,59,44,61,8,13,6,13,23,136,29,51,23,33,16,19,4,16,21,30,16,15,8,12,48,10,27,42,109,27,14,55,30,24,11,19,16,18,32,19,7,8,17,23,12,15,14,17,23,8,10,35,17,9,7,8,18,15,12,17,9,17,12,59,13,12,16,64,5,6,16,7,13,30,19,15,23,15,13,22,4,10,12,9,14,14,7,10,81,9,18,17,10,18,33,18,19,20,12,14,20,8,18,22,11,10,7,-20,13,16,5,12,21,11,15,40,17,12,35,32,34,12,135,17,19,15,15,5,5,8,5,28,9,7,12,13,15,9,16,19,73,18,12,14,11,11,14,24,8,10,6,21,22,17,16,21,9,15,25,13,3,13,11,6,21,11,9,13,62,40,25,24,15,5,11,13,11,13,18,22,13,15,13,14,20,16,10,24,9,13,6,5,23,14,50,12,8,16,13,3,18,45,7,18,46,63,68,83,18,49,46,16,8,63,44,14,11,43,10,13,51,17,7,9,42,13,16,17,22,12,15,14,24,10,24,20,13,15,11,33,30,17,25,8,12,13,26,37,37,15,14,37,20,18,16,15,40,17,74,20,23,14,17,31,11,19,20,22,41,30,20,59,42,42,33,32,32,44,16,60,21,19,34,9,21,28,14,35,15,20,7,39,28,33,30,13,14,87,17,24,11,13,31,17,32,30,33,24,9,17,12,48,31,20,91,35,34,47,52,22,28,30,23,67,25,39,40,45,27,35,68,43,27,6,42,36,132,24,13,25,26,34,55,20,37,31,37,28,40,35,7,34,29,106,26,48,40,19,24,36,28,27,12,21,26,13,16,20,18,9,8,10,21,11,29,18,15,15,20,9,33,18,11,14,16,13,24,10,24,27,21,13,14,8,9,12,15,11,23,9,16,25,31,27,13,11,20,22,22,10,16,23,18,16,20,17,17,14,12,20,20,25,19,13,26,13,14,20,12,19,26,13,10,17,13,17,16,20,10,19,28,18,20,17,17,18,18,23,23,29,12,7,9,10,11,13,15,10,11,28,10,9,12,10,17,11,16,12,7,7,10,18,16,6,10,25,10,25,13,12,12,12,20,8,11,16,5,15,19,8,10,11,14,7,15,11,11,18,15,6,10,18,16,13,15,16,13,10,16,9,29,18,16,11,11,17,11,15,22,17,10,23,17,20,11,-20,17,7,23,7,13,21,22,11,14,28,15,5,23,22,20,22,26,13,10,18,12,15,5,18,8,11,30,12,20,8,12,14,10,8,18,8,24,22,12,21,10,12,17,12,19,20,6,18,11,14,11,27,16,14,14,8,17,15,3,83,15,32,24,41,13,25,23,25,38,51,27,24,21,21,25,26,26,23,16,26,17,43,32,25,21,13,22,17,42,17,34,17,15,20,13,25,29,25,20,27,21,15,8,6,13,9,13,23,10,21,14,15,11,18,7,9,24,23,23,14,15,13,14,19,15,13,17,20,-20,15,27,12,18,15,12,23,20,21,15,13,22,22,23,16,16,7,-20,5,-20,5,15,11,8,6,13,16,12,18,19,17,20,18,9,17,21,19,13,23,23,12,14,16,9,26,14,48,30,18,18,16,22,13,18,19,22,7,20,6,16,10,9,8,40,8,19,16,12,12,18,16,12,13,9,-20,12,22,9,6,19,13,13,14,-20,-20,13,7,6,6,6,8,15,-20,4,8,12,14,8,12,-20,11,7,5,6,6,9,9,8,-20,-20,-20,8,10,6,-20,6,10,5,18,5,9,12,6,9,-20,9,4,10,5,5,11,5,4,6,8,7,8,11,7,6,12,4,10,18,13,8,3,10,-20,8,14,8,49,37,17,31,21,21,23,27,70,41,54,55,102,37,50,80,50,47
"chr1,22084455",4,14,19,12,11,12,12,13,6,17,8,11,37,28,28,7,40,23,112,76,58,16,59,39,80,34,24,49,24,5,14,18,19,20,80,68,47,36,26,13,11,48,13,13,25,58,13,70,12,21,26,41,52,24,41,24,41,39,35,44,45,47,43,30,31,16,30,73,70,14,56,25,21,38,31,65,15,14,18,18,12,24,27,13,21,47,27,72,51,27,38,32,42,35,23,42,25,62,12,49,32,43,4,10,38,56,11,36,52,12,16,13,41,43,9,9,52,13,10,12,8,11,19,12,55,10,12,51,21,18,32,-20,12,15,49,52,50,5,15,14,10,11,17,21,37,12,10,52,11,12,11,18,31,46,50,25,12,30,88,33,11,9,18,6,11,30,12,11,18,9,63,64,37,28,4,40,16,29,23,121,18,20,12,14,9,8,22,41,15,15,37,32,5,15,-20,8,30,26,37,19,18,24,54,31,69,26,21,111,21,28,61,42,27,52,24,20,63,20,21,30,11,17,21,35,16,22,18,33,33,34,42,35,50,52,9,21,33,30,25,25,29,27,8,24,21,34,17,23,27,41,13,29,12,21,25,36,32,33,26,26,25,15,34,21,27,20,21,15,40,39,45,39,33,45,35,22,60,79,37,54,13,14,9,36,7,29,12,5,10,8,14,32,7,28,97,67,58,12,13,5,26,16,-20,5,16,46,61,12,36,48,48,59,44,60,8,13,6,13,23,132,28,53,24,33,18,20,4,16,19,33,16,15,8,12,48,10,27,42,109,27,15,54,30,24,11,18,-20,17,31,19,7,8,17,23,12,15,14,17,23,8,10,35,18,9,7,8,18,15,12,17,8,17,12,59,13,12,17,63,5,8,17,7,13,30,19,14,23,16,14,23,4,10,12,9,14,14,7,10,82,9,17,17,10,17,33,18,19,20,12,14,20,8,18,21,11,10,7,10,14,16,5,13,21,11,15,40,17,12,36,32,34,13,133,16,19,15,15,5,5,8,5,28,9,7,11,13,16,9,16,20,72,18,12,14,11,11,14,24,7,10,6,21,22,17,16,20,9,15,25,13,3,13,11,7,21,11,9,13,61,38,23,24,15,5,11,13,11,13,18,22,12,15,14,14,20,16,10,24,9,13,6,5,22,14,49,12,8,16,13,3,18,43,7,16,45,62,68,82,19,49,47,16,8,60,44,14,11,42,10,13,49,17,7,8,42,12,-20,17,21,12,15,14,23,10,24,19,14,16,11,33,31,17,25,9,12,13,23,36,37,14,14,35,20,19,16,15,42,18,75,20,23,14,17,31,11,19,20,22,43,33,20,64,42,42,33,32,32,44,17,59,21,19,34,8,21,28,14,36,15,20,7,40,30,33,28,14,14,87,17,25,11,13,31,17,32,31,33,25,9,17,12,46,32,20,92,36,35,49,54,22,28,30,24,66,25,38,39,44,28,35,68,42,27,6,40,35,131,24,13,23,26,35,55,20,37,31,37,28,41,31,6,34,30,107,26,47,40,20,24,36,28,26,11,21,26,14,16,22,18,9,8,10,23,12,28,18,14,15,21,9,32,18,11,15,16,12,24,10,24,28,21,13,13,8,9,12,15,11,23,9,16,26,31,26,13,11,22,22,22,10,16,22,18,17,20,17,18,14,12,20,19,25,19,13,25,13,15,20,12,19,26,13,10,17,13,17,15,20,10,19,27,18,20,17,17,18,19,23,23,29,12,7,8,10,12,13,15,10,11,28,10,9,12,10,17,11,16,12,7,7,10,18,16,6,10,25,10,25,13,12,12,13,20,8,11,16,5,16,19,8,11,-20,14,7,15,11,11,18,16,6,10,18,16,13,15,16,12,10,15,9,28,18,16,11,11,17,11,15,21,17,10,23,17,20,11,9,17,7,23,7,13,21,22,11,14,28,15,5,23,22,20,22,26,13,10,18,12,15,5,19,8,11,32,12,20,8,12,15,11,8,18,9,24,22,12,21,10,12,17,12,20,20,6,18,11,14,11,27,16,14,14,8,17,14,3,83,15,33,24,40,13,26,23,25,38,49,27,25,21,21,25,26,28,23,16,26,17,43,32,25,21,13,22,17,42,17,35,17,15,21,13,25,29,25,20,27,21,15,8,6,13,9,13,23,10,21,14,15,11,18,7,9,24,23,23,14,15,13,13,19,15,13,16,20,-20,15,27,13,18,15,12,24,20,21,15,14,22,22,23,16,16,8,-20,5,-20,5,15,11,8,6,13,16,12,18,20,17,20,18,9,17,21,19,13,23,23,12,14,15,9,26,14,48,30,18,18,16,22,13,19,19,23,7,21,6,16,10,9,9,40,8,19,16,12,12,18,16,12,13,9,4,12,22,9,5,19,13,13,14,4,7,12,-20,6,6,7,-20,16,-20,4,8,13,14,6,14,3,9,6,4,6,7,9,9,8,3,4,-20,7,9,7,-20,6,11,5,19,5,11,12,6,9,-20,-20,3,11,5,5,10,4,6,-20,8,8,8,11,7,-20,13,3,10,20,14,8,3,10,3,9,13,8,49,37,17,31,20,22,23,27,69,41,56,55,103,39,50,80,50,47
"chr1,22084461",6,12,23,13,10,12,12,14,6,17,11,10,35,27,25,8,40,23,106,74,60,18,56,39,70,31,27,47,23,5,13,15,18,19,79,68,45,37,27,12,-20,43,14,11,24,58,13,71,12,19,27,39,50,24,41,24,41,40,35,42,45,49,45,29,33,14,30,68,72,17,57,24,20,36,33,63,15,13,16,19,9,24,25,13,21,51,28,69,50,26,38,30,46,37,24,45,24,64,10,50,35,47,5,10,40,54,11,36,46,12,19,11,42,41,9,10,55,15,8,10,8,11,22,13,61,12,14,49,23,17,29,-20,14,17,46,53,54,7,14,13,9,10,18,16,41,14,10,50,12,11,9,17,28,45,51,23,10,29,100,32,10,9,19,9,12,33,11,7,16,8,67,59,29,26,4,41,17,28,23,105,18,19,12,15,8,8,20,40,16,17,43,33,4,15,6,9,19,27,35,18,19,24,51,29,75,30,29,111,23,31,59,42,28,48,24,20,71,21,21,31,14,18,24,37,16,23,18,29,36,34,46,38,47,50,8,21,30,26,27,23,25,24,8,22,19,36,17,24,32,40,16,30,14,22,25,36,35,34,29,25,31,18,33,21,25,19,21,13,40,33,46,35,28,45,38,24,57,98,39,52,15,13,9,37,7,27,13,5,10,7,15,33,6,24,100,70,59,12,14,4,26,17,-20,4,16,49,60,12,37,51,48,61,39,61,10,14,6,12,21,122,27,57,21,36,17,19,4,14,18,30,17,17,8,9,48,9,29,43,109,25,15,57,27,25,9,21,14,17,30,19,9,8,16,22,11,14,14,17,24,8,7,33,18,11,7,6,17,16,11,17,8,16,12,62,13,12,17,60,5,-20,17,7,13,31,21,15,22,14,13,24,4,9,13,7,13,15,9,10,81,10,15,16,9,17,32,16,19,20,11,13,19,9,14,20,13,11,7,11,14,17,5,14,18,12,15,39,18,12,36,28,32,13,131,16,18,15,15,5,6,7,5,29,9,7,11,12,17,9,15,19,67,19,9,14,13,11,15,25,7,10,6,21,20,18,16,19,7,14,24,12,3,13,8,6,21,12,9,13,62,40,22,24,16,6,11,15,12,13,17,22,12,18,19,13,18,19,9,26,9,7,7,5,21,14,52,15,8,13,12,4,18,42,8,15,45,62,70,83,18,51,45,17,8,58,46,14,9,42,11,12,53,17,7,9,40,14,13,17,20,12,16,14,22,11,27,19,9,16,9,34,35,16,28,9,12,13,25,35,38,15,15,36,17,18,14,15,40,17,81,20,24,13,17,31,10,18,20,20,42,34,22,69,44,38,29,31,31,44,18,58,21,20,36,8,20,25,17,36,15,20,9,40,28,29,27,16,12,81,16,28,13,12,29,15,31,28,28,25,11,18,14,44,29,21,95,36,36,46,51,20,31,28,27,61,26,41,40,43,28,30,69,43,26,5,41,37,126,22,11,25,28,35,54,18,34,36,42,33,39,34,6,31,31,99,25,46,37,22,25,39,25,27,12,21,24,16,15,22,20,8,5,12,21,10,25,15,13,17,21,9,33,19,11,15,16,11,23,-20,25,29,23,12,14,10,10,14,15,10,24,8,15,24,33,26,14,14,20,21,26,10,17,24,17,18,21,15,17,14,14,17,16,24,19,11,22,13,13,18,13,20,28,17,12,19,12,18,14,18,10,24,28,19,20,16,17,16,20,26,23,26,13,7,6,12,11,12,12,11,15,29,9,12,13,11,15,10,15,16,8,7,10,16,14,4,10,24,10,25,12,12,12,16,18,7,12,16,5,16,18,10,12,14,13,10,18,11,12,25,17,7,10,23,18,16,15,15,11,14,17,9,27,16,16,12,10,14,10,14,23,17,14,26,17,21,13,9,17,9,20,6,13,19,22,14,16,30,17,6,25,21,19,26,27,11,9,18,14,16,6,20,10,14,33,13,24,7,12,15,10,10,19,10,24,26,14,22,9,12,17,13,18,19,10,17,11,16,12,30,22,14,10,8,15,13,3,80,16,34,25,40,14,27,25,22,36,52,27,26,19,21,24,25,27,22,16,24,16,44,29,22,23,13,25,17,47,20,36,17,16,22,14,23,26,23,23,25,22,10,7,6,15,9,12,18,10,20,14,14,16,19,7,9,21,22,25,14,15,13,14,15,15,13,12,20,8,14,28,13,16,15,14,23,22,19,14,14,18,24,24,13,17,8,-20,6,-20,6,16,13,10,5,15,20,13,19,23,17,19,17,11,19,17,20,13,18,19,12,14,13,9,26,14,45,29,20,19,16,20,12,21,18,25,7,21,5,18,9,8,9,42,8,14,16,14,13,17,12,12,15,6,4,12,21,7,5,22,12,11,14,5,7,12,8,6,6,5,10,19,-20,4,5,13,15,5,12,-20,11,6,4,5,7,9,7,9,-20,6,2,7,10,5,-20,6,10,5,16,6,10,9,8,8,-20,7,5,8,-20,5,11,6,4,7,7,8,11,14,-20,8,11,5,10,17,13,8,-20,8,3,8,12,9,57,37,15,33,21,22,25,26,72,37,46,55,89,41,53,79,50,47
"chr1,22084464",6,11,22,13,10,10,12,14,5,17,11,10,33,25,26,8,39,24,105,76,60,18,55,37,68,31,27,48,23,5,11,14,19,19,76,68,46,37,27,12,9,41,15,10,25,54,-20,73,10,20,28,40,55,24,42,24,40,38,35,42,42,47,45,29,33,14,31,66,72,18,54,24,23,37,35,62,15,13,18,19,9,24,26,12,21,48,27,72,50,26,36,30,47,36,23,44,24,66,10,49,35,47,5,11,40,55,11,36,45,12,20,11,40,41,9,10,54,15,8,11,8,11,24,13,61,12,14,50,23,16,29,-20,14,17,46,51,51,7,14,13,9,10,16,16,37,14,10,50,13,11,9,16,27,45,51,24,10,28,98,32,11,9,18,9,12,33,11,7,16,8,66,59,28,28,4,42,16,28,23,98,16,19,14,15,9,8,19,38,16,16,42,31,5,16,7,8,20,25,33,18,19,23,48,27,75,31,26,106,23,33,58,42,30,48,24,25,71,20,24,32,14,17,22,39,15,24,18,28,38,33,46,37,48,48,9,21,31,26,28,21,27,25,8,21,18,37,16,24,29,38,16,33,15,21,27,34,36,34,29,25,30,18,31,21,26,19,20,11,40,32,44,34,28,42,40,24,60,97,37,54,16,13,9,36,7,25,11,5,10,7,14,34,5,24,96,70,61,13,15,5,25,18,-20,4,16,48,58,12,34,51,47,59,37,58,9,14,6,12,20,124,23,55,21,35,19,18,4,15,18,31,17,17,8,9,49,10,29,42,105,26,15,54,28,24,8,21,14,16,31,18,10,8,16,22,10,16,13,17,24,8,7,32,17,11,7,10,17,16,11,17,7,17,12,63,13,12,17,60,5,11,16,7,13,32,21,15,22,12,14,22,4,10,13,7,12,15,9,10,81,10,16,16,9,17,34,16,20,20,11,13,19,10,14,18,13,11,6,10,11,17,6,14,19,12,17,41,20,12,36,29,30,12,130,15,18,15,15,4,6,6,5,29,9,7,10,12,16,6,16,20,69,18,9,14,14,10,15,24,7,10,6,19,20,17,16,20,7,13,25,15,4,13,7,7,19,13,10,13,61,42,21,24,16,6,11,15,12,14,17,21,11,18,20,13,22,17,9,24,9,7,7,5,-20,13,50,15,8,16,13,4,15,43,8,15,48,62,69,83,18,53,46,17,8,59,46,14,9,41,10,9,55,17,7,9,37,13,13,16,22,12,16,13,23,-20,25,20,9,16,9,33,36,15,28,9,12,11,26,36,37,15,14,38,17,16,15,14,43,16,83,-20,22,12,17,32,10,18,18,19,38,36,23,71,45,41,29,30,28,44,18,59,23,21,36,9,21,25,17,36,15,21,9,39,28,28,29,16,12,81,16,25,13,12,29,15,32,30,29,25,11,21,17,44,29,23,96,36,36,44,50,19,32,25,29,62,31,38,43,47,28,33,69,44,27,5,42,32,123,25,11,24,26,35,56,17,34,38,42,34,39,37,6,31,28,95,24,44,34,24,26,37,26,27,12,21,24,15,15,21,20,8,5,12,22,10,23,15,13,17,21,9,32,19,11,15,17,11,24,9,25,30,23,12,14,11,10,14,15,9,25,9,17,24,36,26,15,14,19,22,26,10,17,24,18,18,21,13,19,14,14,18,17,24,18,12,22,14,14,17,14,20,28,18,12,19,12,16,15,17,10,25,28,19,20,16,17,16,20,26,22,27,13,7,6,12,10,12,12,11,15,29,9,12,13,11,17,10,15,17,9,7,8,16,14,4,10,24,8,25,13,13,12,16,20,7,12,16,5,15,18,10,13,13,13,10,18,11,12,25,18,9,10,23,19,16,15,15,12,14,17,8,27,16,19,12,10,15,10,15,23,18,15,25,17,21,14,9,18,9,20,6,13,19,22,14,16,29,18,7,25,21,18,27,27,11,9,19,16,16,6,21,10,14,33,13,24,6,12,15,10,10,20,9,25,27,15,22,9,12,17,12,18,19,10,17,12,15,12,30,22,14,10,9,15,14,3,84,16,32,26,40,13,27,24,22,35,51,27,27,19,22,25,26,27,22,16,24,16,44,29,22,25,14,25,17,47,20,38,17,16,21,13,23,26,23,23,26,22,10,8,7,20,9,12,18,11,20,14,13,17,19,7,10,23,22,27,14,15,13,14,16,15,13,12,21,11,-20,29,13,17,15,14,23,21,19,-20,14,18,25,24,12,17,8,-20,6,-20,6,15,13,10,6,15,20,13,20,23,17,19,17,10,18,17,20,14,18,17,12,15,13,9,25,17,45,30,21,19,16,21,12,21,18,27,7,22,5,18,9,8,9,43,7,14,16,15,14,17,11,12,15,6,4,12,21,7,5,23,12,12,15,6,-20,12,9,-20,-20,5,12,20,4,4,4,12,14,4,11,4,10,7,5,4,6,11,7,11,-20,7,-20,6,9,5,-20,5,10,5,16,5,-20,11,10,8,-20,6,5,8,7,4,10,8,4,7,7,6,11,14,8,6,10,4,6,15,10,7,3,-20,-20,9,-20,8,61,38,17,33,23,22,25,25,76,41,38,55,83,37,55,79,49,49
"chr1,22084469",6,11,22,16,11,15,13,15,6,18,12,10,31,26,25,10,45,26,107,81,66,20,55,38,69,30,28,44,25,5,11,12,21,17,74,68,47,35,28,15,11,40,13,9,26,56,10,71,12,21,26,39,56,24,38,25,40,36,34,42,43,46,41,29,30,14,30,69,76,19,55,24,24,38,36,60,16,13,16,20,-20,27,27,12,24,51,27,72,50,28,36,27,47,34,22,42,24,66,10,48,38,46,4,10,42,53,13,36,47,12,20,12,41,42,10,10,50,17,9,12,8,12,26,14,63,11,15,55,27,19,27,-20,16,17,45,49,54,7,17,15,10,11,16,16,36,15,9,52,15,12,9,15,23,45,53,22,10,28,107,31,11,11,18,9,11,36,11,6,14,7,61,58,25,27,4,45,17,29,24,106,17,20,15,15,8,10,19,40,13,17,42,33,5,17,6,12,23,24,31,18,18,25,49,27,71,31,30,105,22,32,55,41,27,46,23,22,75,18,25,28,12,18,22,37,12,23,22,27,39,32,43,38,47,38,9,22,33,27,28,19,24,27,8,24,19,36,17,24,31,39,16,30,14,22,27,26,37,31,29,26,31,16,30,19,23,18,20,14,38,34,44,32,30,40,40,25,61,101,38,56,17,15,7,36,5,24,10,5,10,8,10,29,5,26,95,70,62,14,15,6,28,20,-20,4,16,48,56,12,33,52,49,58,40,57,9,15,6,12,20,115,25,56,19,34,20,18,4,16,17,31,19,19,8,8,55,10,27,40,97,26,13,48,28,24,9,21,12,15,31,20,12,8,16,22,10,15,12,17,23,7,9,31,19,14,5,10,17,17,10,14,7,17,12,60,12,12,15,63,6,12,15,7,9,31,18,15,23,13,13,21,4,9,12,9,13,15,10,10,79,11,15,17,11,15,37,16,20,19,11,14,22,10,13,19,13,11,6,12,10,18,6,14,20,12,15,40,18,12,35,30,32,10,128,11,16,14,15,5,8,6,5,31,9,7,10,12,15,8,15,20,71,18,7,15,14,10,17,26,7,10,5,19,18,-20,15,21,6,13,24,16,5,14,6,-20,18,14,10,14,60,44,22,24,14,7,10,15,10,15,19,19,11,19,19,12,23,18,11,22,9,7,6,5,-20,15,52,17,10,16,12,5,17,39,7,14,43,60,73,86,17,53,48,16,10,54,48,16,11,40,9,10,54,16,8,-20,37,10,11,14,23,12,13,15,22,9,24,19,6,17,12,34,37,15,28,8,11,12,24,32,38,15,12,37,18,15,15,12,46,16,85,21,22,11,16,32,10,19,18,22,40,41,24,71,42,42,33,28,27,44,20,61,23,20,39,11,23,25,18,41,20,22,10,41,29,34,31,20,13,85,20,26,14,15,32,17,31,33,30,27,-20,22,17,48,28,23,96,36,36,53,51,20,38,25,28,65,27,39,47,49,27,29,74,40,24,3,43,31,126,26,10,23,26,37,57,20,25,39,44,34,40,47,5,30,24,93,20,45,35,27,23,36,28,31,13,20,23,19,16,20,21,10,8,14,23,13,22,15,16,17,22,11,34,18,15,14,24,12,23,11,25,30,24,12,13,11,11,14,13,8,27,11,17,25,38,26,16,15,18,25,31,11,20,25,19,16,21,14,23,14,17,17,17,28,21,12,25,14,15,19,15,21,28,19,17,20,13,17,16,16,11,24,31,21,21,20,17,16,20,23,25,29,13,8,8,11,13,14,15,13,18,28,12,14,15,11,17,11,16,19,9,8,13,17,16,4,11,26,8,27,14,16,14,18,23,8,16,17,5,16,19,10,17,15,12,13,16,11,12,28,19,13,11,23,19,18,15,16,17,14,20,10,28,18,22,12,11,15,9,16,23,19,16,25,19,23,15,9,17,10,20,6,12,22,23,16,17,33,18,7,28,22,22,30,29,12,11,19,16,19,7,24,11,13,38,16,27,7,13,14,9,10,22,9,25,27,15,25,9,13,15,11,19,21,11,18,13,19,12,27,24,19,10,10,14,14,3,86,14,36,26,38,14,30,24,21,37,57,27,29,22,22,29,27,32,23,19,27,16,43,30,25,26,16,26,18,48,20,39,16,20,23,13,23,24,26,26,28,23,10,9,8,23,10,14,18,13,20,15,14,21,17,8,9,27,23,28,16,17,15,15,16,14,15,14,23,11,-20,29,13,18,15,17,26,21,20,-20,17,19,27,23,14,18,8,-20,6,-20,7,16,13,12,5,14,21,15,20,28,17,21,19,12,18,16,21,14,17,19,14,14,18,13,25,16,51,30,19,17,18,21,13,23,17,29,10,21,6,20,10,10,9,43,7,16,19,17,16,19,11,13,17,6,4,14,20,7,8,24,13,13,15,5,7,11,-20,5,5,5,-20,15,4,4,4,11,12,4,12,3,11,7,6,5,6,10,7,10,-20,5,3,6,10,5,-20,5,10,4,9,4,9,11,-20,-20,-20,-20,-20,10,-20,5,10,-20,-20,8,8,9,11,15,4,7,9,4,6,14,8,5,2,8,-20,-20,11,8,61,38,17,31,24,22,26,23,71,41,38,23,84,38,53,79,50,51
"chr1,22084473",6,11,21,15,10,14,11,14,6,18,12,9,29,27,25,10,41,27,101,80,66,20,55,38,70,29,28,45,23,6,11,11,21,16,68,66,51,36,27,14,11,39,13,12,24,57,10,69,12,21,24,37,56,23,38,25,40,34,30,41,43,46,39,26,32,15,30,70,77,19,53,24,24,37,36,64,15,13,18,20,10,29,26,12,23,56,29,67,49,28,35,27,42,37,22,43,24,64,10,48,39,42,4,10,43,51,13,35,47,13,20,12,39,42,10,10,50,16,9,12,8,12,26,15,62,11,15,57,27,18,29,-20,17,17,45,46,54,7,17,15,10,10,16,16,35,15,9,53,15,12,9,10,22,45,54,20,10,30,104,26,11,11,17,9,11,35,11,6,13,6,60,55,25,26,4,46,16,28,24,101,18,22,18,17,9,11,19,41,14,18,42,32,5,16,7,12,22,24,31,17,16,27,47,28,69,31,33,102,21,35,53,40,27,44,22,24,78,20,24,31,14,18,20,41,12,24,22,27,37,32,40,38,48,36,9,23,35,22,27,16,23,27,8,23,19,40,18,26,21,35,18,33,14,20,25,26,37,31,30,27,29,13,-20,19,21,18,20,14,41,30,42,30,25,40,41,25,60,98,36,57,17,14,7,35,5,15,9,5,10,8,10,29,6,30,95,71,60,14,15,6,30,19,-20,3,14,47,56,12,32,52,47,60,39,54,10,14,6,10,20,110,23,55,20,36,19,19,4,16,15,31,19,20,10,7,56,10,28,37,96,25,14,48,27,24,9,19,13,13,29,21,10,8,16,22,9,16,13,15,25,7,10,32,20,14,5,10,17,16,11,15,8,16,13,59,14,13,14,64,6,-20,16,7,9,33,20,15,23,13,14,20,4,9,12,9,13,15,10,10,82,11,14,17,10,17,35,16,21,20,11,14,22,10,14,18,14,11,6,11,10,18,6,15,19,12,15,39,19,12,35,31,30,12,130,11,-20,14,15,5,8,6,5,32,9,9,10,12,17,9,15,22,75,19,7,14,14,10,17,24,7,8,5,17,17,19,15,21,5,13,23,15,5,14,6,-20,18,13,10,13,64,45,22,23,14,7,10,15,10,14,19,17,12,18,21,13,21,16,11,23,9,7,6,7,20,16,57,17,10,15,13,5,17,42,6,16,40,62,72,81,18,55,48,16,10,51,48,15,11,39,9,10,54,15,8,11,38,9,12,16,23,12,15,16,23,9,24,17,7,14,12,36,36,15,20,8,10,11,26,33,38,14,12,36,21,16,15,13,44,16,87,20,22,9,15,32,10,18,17,22,40,41,25,67,43,41,32,29,27,45,20,61,23,19,37,9,22,25,17,40,19,21,9,41,29,33,31,20,12,84,20,25,14,15,32,17,31,33,30,26,10,22,17,41,28,23,89,37,35,50,53,21,36,22,25,66,27,39,44,48,33,30,75,40,22,3,42,31,121,26,9,23,26,35,55,22,29,42,42,37,40,43,4,27,22,93,22,44,39,27,22,36,28,31,14,20,23,19,17,20,21,10,8,11,23,13,22,15,15,19,22,10,34,18,15,13,24,13,23,11,25,31,24,10,13,12,11,14,14,-20,27,11,17,25,37,25,16,14,17,25,30,11,19,25,18,16,21,14,22,13,18,15,17,28,21,12,25,15,15,19,14,21,28,19,17,20,13,17,15,15,10,23,31,20,21,20,15,16,20,22,24,30,13,8,8,11,13,14,15,13,18,28,12,13,15,11,17,10,16,19,9,8,13,17,16,4,11,26,8,25,13,16,14,18,22,8,16,17,5,16,19,10,17,15,12,13,17,11,12,28,19,13,12,23,19,18,15,16,17,14,19,10,32,18,21,12,11,15,10,16,23,19,16,26,19,23,15,8,17,10,20,6,12,22,23,15,17,31,18,7,28,23,23,30,28,13,11,18,15,19,7,24,11,13,40,16,27,7,13,14,9,10,20,9,24,27,15,25,9,13,15,10,19,21,11,17,13,19,12,27,23,19,-20,9,14,14,3,88,15,34,27,38,14,30,24,21,38,56,27,28,23,23,29,27,32,23,19,27,16,42,30,26,26,15,25,17,50,20,38,16,20,22,13,22,24,25,26,27,23,10,10,8,23,9,14,18,13,20,15,15,21,15,8,9,26,23,28,16,18,15,14,16,14,16,15,22,11,14,29,13,18,14,16,26,21,20,15,17,19,27,23,13,18,8,-20,6,3,7,16,12,12,5,14,22,15,20,28,16,21,18,12,18,16,21,14,17,19,13,14,17,13,25,17,50,29,19,15,17,20,13,23,17,27,10,21,6,20,10,10,9,43,7,16,19,17,16,19,12,13,17,6,4,14,20,7,8,24,14,13,15,5,-20,10,9,-20,6,5,11,21,3,4,3,12,12,6,11,-20,10,7,5,5,6,11,6,-20,-20,9,3,6,10,4,-20,6,9,-20,9,3,10,13,8,5,-20,6,5,8,4,-20,-20,-20,4,9,7,11,10,15,5,6,9,3,8,15,8,7,4,7,-20,-20,11,8,63,38,17,28,24,20,25,24,71,36,36,23,81,38,52,72,50,50
"chr1,22084477",5,12,23,15,11,15,11,15,6,19,12,8,34,29,24,10,41,26,101,82,67,19,57,42,69,29,27,47,23,6,11,11,20,15,66,69,50,36,28,14,11,39,12,11,23,57,8,71,13,20,23,36,58,24,38,25,40,-20,28,41,41,45,38,25,29,16,27,76,76,18,52,21,23,39,36,62,15,14,17,19,14,28,26,11,24,57,29,67,48,27,33,27,45,34,23,42,26,62,8,48,37,43,4,10,42,52,13,34,49,13,20,11,38,43,11,9,54,17,9,12,8,11,26,14,60,10,15,55,26,18,28,-20,17,14,42,46,48,7,16,15,9,10,16,16,33,13,8,53,15,12,7,10,22,46,55,20,-20,29,103,26,11,13,16,9,10,34,11,5,12,-20,-20,-20,-20,26,5,43,16,29,22,94,15,25,24,14,9,11,19,41,15,19,38,30,5,13,7,11,36,23,35,15,13,25,47,28,70,30,33,99,22,37,53,41,25,43,-20,23,83,20,20,28,13,14,19,42,15,23,21,27,39,-20,38,35,48,32,11,23,33,16,27,16,23,27,-20,22,15,39,15,23,20,37,16,34,14,22,25,24,37,30,27,23,28,-20,37,20,21,16,19,14,42,32,39,28,22,38,42,27,60,105,34,58,17,14,7,-20,-20,-20,-20,-20,9,9,11,32,7,29,91,64,54,16,14,-20,30,20,-20,3,15,44,55,10,34,52,46,64,37,-20,10,14,-20,-20,18,114,22,53,19,35,15,18,-20,16,16,30,18,20,9,6,56,11,27,-20,87,27,15,49,28,25,9,20,-20,12,29,23,10,9,15,23,10,15,14,16,26,8,10,31,20,13,6,10,15,16,10,16,9,15,13,58,13,14,12,65,5,15,16,7,8,33,19,15,22,13,15,20,3,8,11,9,12,15,10,-20,79,10,16,14,8,19,39,14,21,20,11,14,21,10,14,16,14,10,7,12,10,18,7,16,19,13,14,41,21,12,36,32,30,13,125,-20,-20,15,14,5,10,5,6,27,10,9,11,11,21,8,14,23,78,17,5,14,13,10,15,24,7,8,6,18,17,20,14,20,5,13,20,15,5,16,7,-20,17,13,11,13,67,44,21,18,14,6,11,15,9,13,20,16,12,18,18,12,19,17,11,23,10,8,7,7,-20,15,58,16,10,15,12,5,16,35,6,15,41,63,70,75,18,53,48,15,12,51,50,15,11,40,9,9,50,14,8,10,36,-20,12,16,23,13,14,21,23,7,25,18,7,13,12,37,36,15,21,8,10,11,25,32,36,14,11,34,21,16,15,12,46,16,80,20,24,7,16,33,8,17,19,25,40,43,21,67,40,41,30,26,25,45,20,60,23,19,37,8,22,24,18,40,20,22,10,42,29,33,31,21,12,81,19,24,13,15,33,15,31,33,30,26,10,22,17,41,28,22,90,36,36,52,50,22,35,21,26,70,25,40,45,50,34,33,71,40,22,3,39,31,120,25,9,23,25,36,54,22,32,42,40,37,40,47,3,28,22,104,23,41,39,31,20,38,24,28,14,20,20,19,17,20,22,10,11,12,23,14,22,14,15,17,22,10,33,19,15,13,23,13,24,12,25,32,25,10,13,12,10,15,14,8,27,13,18,26,36,24,16,13,18,24,28,10,21,25,17,15,20,14,22,12,20,13,16,25,19,12,25,15,15,19,14,21,29,18,17,20,12,16,15,13,9,23,32,21,21,20,16,17,21,23,23,29,13,7,8,10,14,12,13,13,21,27,12,13,15,11,16,10,15,18,9,8,12,17,16,3,11,26,7,25,13,16,13,17,23,7,16,17,5,15,19,11,17,14,11,-20,17,10,12,28,19,13,12,21,19,16,14,17,17,14,19,10,33,18,20,11,11,13,9,17,23,19,16,25,19,23,15,8,17,9,20,6,12,21,23,17,16,30,19,7,29,21,23,29,27,13,11,18,15,19,7,23,10,12,37,17,27,7,13,15,10,10,22,8,24,26,14,26,8,12,13,-20,18,19,10,16,13,20,13,24,22,20,10,8,15,13,2,85,15,32,28,38,14,30,23,20,37,54,27,29,18,25,30,27,30,21,18,27,15,41,30,27,25,16,23,17,49,23,38,16,21,20,13,20,24,25,27,25,25,10,10,8,23,9,12,18,13,21,14,15,23,15,8,7,24,23,27,16,18,15,15,16,15,14,12,22,10,14,28,14,18,14,20,25,20,22,16,16,19,27,22,14,18,9,-20,7,3,7,16,12,12,5,16,22,15,21,31,16,19,18,12,16,16,21,14,17,19,13,15,17,13,24,16,53,30,17,15,18,20,13,23,-20,26,10,21,7,19,8,10,-20,38,-20,17,18,17,16,18,10,13,15,7,3,13,20,6,8,24,14,13,17,4,5,11,9,-20,7,4,9,20,3,3,-20,13,13,6,-20,3,13,9,6,4,5,14,5,-20,3,-20,3,9,9,5,-20,7,10,6,9,2,10,13,8,5,-20,5,5,7,5,5,9,10,-20,8,6,-20,10,14,5,5,10,-20,8,15,8,7,4,-20,-20,-20,12,8,63,37,16,28,24,22,25,25,72,38,42,23,83,39,53,72,48,51
"chr1,22084479",5,12,23,15,11,15,11,15,-20,19,12,8,36,28,25,10,42,26,99,81,67,19,60,42,69,27,27,50,22,6,11,11,19,14,68,71,53,36,28,14,11,39,13,11,22,56,-20,72,11,20,22,37,60,26,41,24,40,-20,27,40,43,44,39,25,28,17,27,79,75,17,54,22,23,39,37,60,17,14,18,19,14,28,28,11,23,58,29,68,49,27,31,25,45,34,23,42,24,63,8,48,39,42,4,10,42,54,13,34,48,13,20,10,37,42,11,9,53,17,9,12,8,12,26,14,61,10,15,57,26,18,27,-20,17,15,41,46,47,7,16,14,9,10,16,15,32,12,8,54,14,12,7,10,24,45,56,20,-20,27,103,26,11,13,16,9,10,32,10,5,12,-20,-20,-20,-20,25,5,43,16,29,22,94,16,25,24,14,12,11,19,41,14,21,37,30,5,13,7,11,35,21,37,15,13,25,47,27,71,31,31,99,22,37,55,41,25,44,-20,22,76,21,21,28,13,14,19,39,16,23,23,28,40,-20,39,35,52,32,12,22,31,15,27,19,23,28,-20,23,14,39,15,24,23,38,17,33,14,23,25,24,38,28,27,22,27,-20,38,20,17,15,18,14,41,34,41,30,21,40,42,28,60,102,37,57,18,14,7,-20,-20,-20,-20,-20,9,10,11,30,8,28,91,62,57,15,14,-20,30,20,-20,3,15,46,54,10,36,52,45,64,37,-20,11,13,-20,-20,18,116,23,53,19,35,17,19,-20,16,17,31,18,21,9,6,56,10,27,-20,90,25,15,48,29,25,9,20,12,12,29,26,10,9,15,24,10,16,14,16,25,8,9,31,20,12,6,10,16,15,10,16,9,15,13,58,13,12,13,63,4,15,16,7,7,33,19,17,21,13,15,19,4,8,9,10,13,15,10,-20,78,11,16,14,8,19,38,14,21,20,11,14,21,10,14,17,14,10,8,12,10,19,7,16,21,13,13,41,22,12,36,31,30,14,126,-20,-20,15,13,5,10,6,6,25,9,8,11,11,20,8,14,20,78,18,5,14,11,10,14,23,7,8,6,18,17,19,15,20,5,12,20,14,5,16,7,-20,17,13,11,13,67,42,19,16,14,6,11,15,9,13,20,16,12,18,19,12,21,16,11,22,10,8,7,7,19,14,57,16,9,15,13,5,18,36,7,14,43,65,71,78,18,56,50,15,12,50,51,15,11,42,9,11,52,14,7,10,38,-20,11,16,22,13,14,22,23,7,25,18,7,11,12,37,39,16,21,7,10,12,26,31,37,14,11,36,21,16,15,12,46,14,78,20,23,7,16,32,8,19,19,24,40,43,21,66,39,41,30,29,25,44,20,60,24,19,37,8,22,24,18,41,19,22,9,42,28,33,31,21,11,82,18,23,13,15,33,15,29,33,30,27,10,22,17,41,28,22,91,39,38,54,50,21,38,23,28,70,26,40,45,48,31,33,72,39,23,4,38,32,117,24,7,23,25,37,51,23,33,42,38,37,40,47,3,26,22,99,22,41,40,34,22,38,24,27,14,20,19,18,17,19,22,10,11,12,24,-20,21,14,13,16,22,10,32,19,15,12,21,13,24,12,25,32,24,12,13,11,10,15,14,8,27,13,18,22,36,24,16,12,18,24,28,10,21,25,17,15,20,14,22,12,20,13,16,25,20,12,25,15,15,19,14,21,27,18,17,20,11,16,13,13,9,23,32,21,21,20,16,17,21,23,22,28,13,7,8,10,14,12,13,13,22,27,11,13,15,11,16,10,-20,18,9,8,12,17,16,3,10,25,7,25,13,16,13,17,23,7,16,17,5,14,18,11,16,14,11,-20,17,10,12,28,19,13,12,21,19,16,12,16,17,13,19,9,31,18,18,11,11,13,9,17,23,19,16,26,19,23,15,8,18,11,20,6,12,21,23,17,14,29,19,7,31,19,23,29,26,13,11,18,15,19,7,23,10,12,37,17,27,7,12,14,10,10,22,8,23,25,14,26,8,12,13,-20,18,19,10,16,13,20,13,23,21,20,10,9,15,14,2,91,15,32,28,38,14,31,23,20,36,53,28,30,19,25,30,27,31,21,18,26,15,41,30,27,25,16,23,16,49,23,38,16,21,20,15,20,24,25,27,26,25,10,10,8,23,9,12,18,13,21,14,15,21,15,8,7,24,23,27,16,18,14,15,16,15,14,12,22,10,16,28,14,17,14,20,25,20,22,16,16,18,27,20,14,19,9,-20,7,3,7,16,12,12,5,16,22,15,21,31,16,19,18,12,16,16,21,14,17,19,13,15,17,13,24,16,53,30,17,15,18,20,13,23,-20,26,10,21,7,19,8,10,9,38,7,17,18,17,16,18,9,13,15,7,3,13,20,-20,8,24,14,12,16,5,5,11,7,4,8,6,9,16,3,3,3,16,14,6,8,4,12,9,8,6,6,13,-20,10,4,8,5,8,10,5,-20,9,11,6,11,-20,11,9,7,4,-20,-20,4,8,5,5,9,11,4,10,7,12,10,16,6,4,7,5,9,16,7,8,5,4,3,-20,11,8,65,38,16,29,25,22,25,24,70,37,42,23,83,40,54,69,49,54
"chr1,22084480",5,12,23,15,11,15,10,15,-20,19,12,8,37,27,24,10,42,26,99,80,67,19,60,43,67,28,27,50,21,6,11,11,19,14,67,72,52,35,28,14,11,40,13,11,20,57,7,71,11,20,22,37,59,24,40,24,39,-20,27,41,44,45,39,25,28,18,27,79,76,17,54,21,23,40,37,59,17,14,18,19,14,28,28,11,23,58,28,66,49,27,30,26,47,35,25,42,24,62,8,48,39,42,4,10,42,55,13,37,47,13,20,10,35,42,11,9,55,17,9,12,8,12,26,14,61,10,15,56,26,18,26,-20,17,15,41,47,47,7,16,14,9,10,16,15,33,13,8,54,14,12,7,10,24,42,59,20,-20,27,104,26,11,13,16,9,10,34,11,4,12,-20,-20,-20,-20,25,5,43,16,29,22,93,16,24,24,15,12,11,19,37,14,21,36,32,6,13,7,11,35,21,38,15,12,25,45,26,70,26,37,98,22,36,55,39,25,38,-20,22,75,21,21,27,14,14,19,42,15,22,25,29,41,-20,42,34,52,32,12,25,31,15,27,18,22,28,-20,23,14,39,15,21,23,38,17,31,14,23,26,24,37,28,30,22,27,-20,39,20,17,15,18,14,41,34,41,29,21,40,41,25,59,103,37,57,18,14,7,-20,-20,-20,-20,-20,9,9,14,28,8,26,91,62,57,16,14,-20,29,20,-20,3,15,46,53,10,36,51,44,63,36,-20,11,13,-20,-20,18,120,23,53,18,35,18,19,-20,15,16,31,18,19,9,7,55,10,27,-20,93,25,16,49,30,26,9,20,12,12,28,25,10,9,14,24,10,16,14,16,23,8,9,31,20,12,6,10,16,15,10,16,9,15,13,57,13,12,13,63,4,15,17,7,6,32,20,17,21,13,15,19,4,8,9,10,12,15,10,-20,76,11,16,13,8,19,38,13,21,20,10,14,21,10,14,17,14,10,8,13,10,19,7,15,20,13,13,41,21,12,37,30,28,14,126,-20,-20,14,13,5,10,6,6,25,9,8,11,11,19,8,13,21,78,19,5,14,11,9,14,24,7,8,6,16,17,19,14,20,5,12,21,13,5,16,7,9,17,13,11,13,67,39,18,16,14,6,9,15,10,13,20,16,12,17,19,11,21,16,11,22,10,8,-20,7,20,13,59,16,9,15,13,5,18,35,7,14,44,64,73,77,18,56,50,15,12,52,54,15,11,42,9,10,49,13,7,10,39,-20,10,16,22,13,14,22,24,7,24,17,7,11,12,36,39,16,20,7,10,13,25,31,37,14,11,38,21,16,15,12,50,15,78,19,23,7,16,32,8,18,19,23,40,41,21,64,40,42,30,29,27,44,20,60,24,19,37,8,22,24,18,41,19,22,9,42,28,33,31,21,11,82,19,23,13,15,33,15,29,33,30,27,10,22,17,41,28,22,93,38,37,54,51,22,38,22,28,68,26,42,46,48,31,34,74,38,22,4,38,32,117,24,7,22,24,37,49,23,34,43,38,37,40,47,3,26,20,99,21,40,40,32,21,38,24,28,14,20,19,18,17,19,22,10,11,12,24,14,21,14,14,16,22,10,32,19,15,13,22,13,24,12,25,32,24,12,-20,12,10,15,14,8,27,13,18,23,36,23,16,13,18,24,27,10,21,25,17,15,20,14,22,12,20,13,16,25,20,12,25,15,15,19,14,21,28,18,17,20,11,15,14,13,9,23,32,21,21,20,16,17,21,23,23,28,13,7,8,10,14,12,13,13,22,27,11,13,15,11,16,10,16,18,9,8,12,17,16,3,10,25,7,25,13,16,12,17,23,7,16,17,5,14,18,11,16,14,11,-20,16,10,12,28,19,13,12,21,19,16,12,17,17,13,19,9,31,18,18,11,11,13,9,17,23,19,16,26,19,23,15,8,18,11,20,6,12,21,23,17,14,29,19,7,31,19,23,29,27,13,11,18,15,19,-20,23,10,12,36,17,27,7,12,14,10,10,22,8,23,26,14,26,8,12,13,-20,18,19,10,16,13,20,13,23,21,20,10,9,14,14,2,90,15,32,28,38,14,31,23,20,37,53,28,30,19,25,30,27,31,21,18,26,15,41,30,27,25,16,23,16,50,23,38,16,21,20,15,20,24,25,27,26,25,10,10,8,23,9,12,18,13,21,14,15,23,15,8,7,24,23,27,16,18,14,15,16,15,14,12,22,10,16,28,13,17,14,20,25,20,22,16,16,18,27,20,14,19,9,-20,7,3,7,16,12,12,5,16,22,14,21,30,16,18,18,12,15,16,21,14,17,19,13,15,17,13,24,16,53,30,17,15,18,20,13,23,-20,26,10,21,7,19,8,10,9,38,7,17,18,17,16,18,9,13,15,7,3,13,20,-20,8,24,14,13,16,6,3,11,7,4,8,5,8,14,3,3,3,17,14,6,9,4,13,9,8,6,6,14,6,10,-20,8,5,8,9,6,-20,8,12,7,9,2,12,13,8,4,-20,-20,6,7,4,5,9,12,4,12,6,11,10,15,6,6,-20,6,9,16,6,9,5,-20,-20,-20,9,8,64,38,16,29,25,22,24,24,70,38,42,23,83,40,54,70,49,53
"chr1,22084498",5,12,21,15,11,15,10,14,4,16,9,10,35,31,22,11,44,24,105,83,65,21,54,50,68,34,28,39,19,6,10,10,19,11,73,70,48,34,25,13,13,37,15,11,18,58,6,68,11,15,23,37,53,25,49,21,45,38,30,39,34,46,47,29,24,18,26,84,69,18,50,20,24,32,35,59,16,12,17,16,17,27,25,11,23,63,31,63,52,23,26,27,42,33,26,41,25,64,9,55,37,42,5,12,35,53,16,43,41,9,21,10,47,38,10,9,38,17,9,10,8,10,24,15,60,10,14,58,25,20,25,-20,19,15,41,44,54,8,16,15,11,11,19,14,40,12,10,57,14,10,5,7,25,38,50,22,10,25,85,27,11,11,15,11,10,31,8,6,13,5,77,53,40,22,6,42,20,28,22,115,17,20,27,15,10,10,17,39,10,18,27,32,6,8,6,12,35,19,37,17,14,28,40,29,62,26,41,-20,20,33,58,35,29,35,23,22,70,24,30,29,14,17,15,40,19,26,22,29,48,33,45,33,53,35,12,25,30,20,30,22,25,24,17,25,10,37,18,22,28,39,15,34,15,27,27,18,30,21,32,19,23,25,43,24,26,18,18,21,35,35,35,32,24,46,41,23,55,101,36,53,20,13,5,36,8,25,10,7,10,13,14,25,9,24,96,55,56,16,15,7,33,16,-20,10,11,43,53,10,46,47,45,63,34,71,13,14,8,10,14,99,20,60,17,32,17,20,5,14,16,35,16,21,9,8,56,11,24,33,65,19,16,48,33,25,11,15,12,12,21,23,11,8,14,23,5,22,11,13,26,9,9,29,18,12,6,12,18,16,11,17,11,17,15,60,14,13,11,77,5,19,17,6,10,31,19,16,22,20,14,11,-20,10,8,7,12,13,13,9,73,10,18,12,5,20,39,13,14,15,9,15,18,12,14,17,15,13,10,13,10,21,7,16,20,14,11,40,21,10,34,35,25,15,119,15,15,12,13,7,11,-20,6,30,10,8,11,11,22,6,17,19,76,28,7,13,9,11,19,23,10,8,5,12,18,18,15,18,5,15,25,12,4,16,8,5,19,13,9,13,62,42,13,16,15,7,9,12,9,14,19,20,14,18,20,9,20,12,11,20,8,6,4,9,16,13,57,14,14,15,10,4,16,36,8,13,43,58,71,81,18,59,49,17,14,55,55,15,10,39,11,7,56,14,5,13,38,11,-20,14,19,12,13,24,25,6,22,17,10,12,10,26,33,14,26,9,12,14,23,23,31,13,11,46,22,15,15,12,51,13,81,16,22,7,15,30,8,15,20,24,33,48,19,58,43,42,33,26,27,47,21,55,24,17,33,5,19,26,14,42,22,17,12,42,32,34,28,24,10,79,19,21,17,16,35,15,29,32,29,25,7,25,18,38,29,24,83,34,36,52,49,19,46,26,36,75,29,48,56,48,36,25,77,39,24,6,38,28,90,26,4,18,26,29,44,20,40,45,41,35,37,50,-20,34,15,97,26,40,45,40,20,37,20,31,16,19,17,22,17,21,23,13,10,12,24,14,21,18,14,16,21,13,29,18,13,11,23,14,22,16,26,33,25,-20,10,12,12,18,15,8,25,13,16,27,33,27,18,18,19,22,28,8,20,26,16,12,25,15,20,14,25,14,15,28,16,11,24,18,16,21,15,21,33,19,14,26,11,11,15,13,7,24,31,19,19,18,15,20,22,21,24,34,13,7,12,9,17,12,16,12,25,37,12,15,12,14,17,10,15,17,10,10,13,19,16,4,10,22,13,26,12,16,19,18,23,9,16,14,6,15,20,-20,19,14,11,12,12,10,12,28,17,12,16,20,22,14,12,15,18,14,20,10,38,18,21,13,12,16,9,18,19,23,17,32,20,21,14,11,17,16,26,10,10,27,22,18,15,31,19,8,36,18,23,30,31,11,13,15,14,18,8,22,8,11,38,17,22,6,15,20,11,11,25,7,20,21,17,24,10,12,15,12,19,18,11,16,12,19,13,22,24,22,7,10,15,15,5,96,13,35,31,42,16,26,22,19,41,52,30,28,18,24,34,27,31,20,22,22,16,42,28,25,23,23,23,18,52,23,33,18,26,19,15,20,23,25,29,28,25,13,12,8,23,12,13,18,15,20,14,16,22,13,10,10,22,20,28,19,15,12,17,14,14,17,14,17,15,16,28,14,18,14,23,26,20,22,14,18,19,27,21,15,18,10,-20,10,4,8,14,11,12,5,18,22,17,20,33,14,20,18,14,15,17,25,14,17,21,16,15,18,11,23,19,61,28,18,20,21,20,17,29,17,29,9,21,9,18,9,11,11,36,12,16,18,19,20,19,11,11,17,7,4,15,20,-20,12,24,13,11,18,5,4,7,-20,3,6,8,5,17,-20,-20,5,9,14,6,13,4,12,9,10,9,5,9,10,9,4,7,7,-20,5,5,-20,10,9,3,7,5,14,11,10,5,5,8,3,4,7,4,9,13,8,11,5,12,8,13,9,5,5,9,10,15,8,7,4,3,4,5,7,8,58,36,21,27,21,22,25,22,67,37,31,38,80,41,49,67,47,48
"chr1,22084503",5,12,21,14,12,16,10,12,-20,16,10,8,34,32,21,12,40,24,107,83,62,19,56,44,69,35,27,43,25,-20,12,10,20,11,75,74,47,34,21,13,11,33,15,11,19,54,6,71,10,15,22,39,50,24,45,23,41,42,28,36,34,43,47,28,23,17,23,77,68,20,47,22,21,35,39,59,18,7,14,16,15,29,27,11,22,63,31,62,57,21,25,28,43,37,25,39,24,62,9,54,34,42,5,17,32,53,15,46,41,9,18,9,46,36,11,9,45,15,9,10,7,10,25,12,59,8,11,55,25,20,22,-20,20,15,38,44,55,9,14,13,10,12,18,11,36,13,10,54,14,9,7,10,25,34,52,22,11,31,85,36,9,10,15,10,10,26,6,5,15,7,75,58,34,20,6,42,21,26,22,115,18,20,29,19,10,11,18,34,11,17,27,29,7,9,7,12,35,19,45,17,16,26,45,27,60,25,44,98,17,36,57,34,31,36,20,24,65,26,31,31,13,18,15,42,20,26,22,30,52,35,45,34,51,33,12,28,33,20,31,20,25,24,20,25,12,38,17,19,28,40,16,34,16,26,26,17,30,24,31,21,25,24,40,23,25,19,17,22,34,33,33,34,26,46,37,23,57,87,34,61,18,14,5,35,9,24,11,7,9,13,14,24,8,25,91,65,55,15,13,5,31,12,-20,11,11,45,52,10,47,48,48,57,32,70,15,15,10,11,16,92,20,56,18,28,17,20,5,14,16,31,18,19,8,7,54,12,23,31,71,20,14,45,35,23,12,16,12,15,21,21,10,8,13,23,6,21,11,11,29,9,8,27,17,12,6,10,18,15,12,16,10,15,14,58,13,14,9,76,4,21,17,6,9,29,16,18,22,23,15,12,-20,10,7,7,12,13,12,6,71,9,18,10,5,21,38,14,15,16,9,15,18,12,14,17,16,10,11,10,8,22,8,15,18,15,11,40,21,10,35,35,23,14,122,14,16,12,14,7,10,-20,5,31,-20,9,10,9,21,6,19,19,78,29,7,12,8,11,19,22,8,9,5,13,16,16,19,17,5,14,25,12,4,13,8,5,17,13,9,12,61,41,16,14,15,6,9,12,8,14,16,23,14,18,19,8,20,14,12,19,7,6,6,9,14,13,58,11,13,12,11,4,18,34,8,14,44,56,68,79,18,60,50,13,12,54,53,12,9,39,11,13,61,14,5,13,37,12,-20,12,19,11,15,25,24,-20,24,17,10,12,10,25,34,14,24,-20,10,16,21,23,33,11,11,46,21,19,15,10,49,14,83,19,22,7,15,25,8,15,18,22,30,51,19,55,43,40,34,25,28,42,19,52,23,17,31,5,17,23,13,35,22,17,10,38,29,34,31,19,11,67,16,21,17,16,32,12,28,33,24,20,6,22,18,34,25,23,81,34,39,55,49,21,49,24,36,72,28,47,53,45,39,27,77,33,26,6,40,23,87,24,5,18,23,25,44,20,38,47,44,35,36,44,-20,34,15,99,25,42,46,41,21,34,17,27,14,21,15,19,14,20,23,12,11,12,19,12,18,14,13,19,20,12,31,14,13,8,20,13,23,16,27,31,22,-20,8,10,11,17,12,9,25,14,15,22,35,21,16,17,18,24,30,7,16,31,16,12,23,12,20,13,25,13,15,23,14,11,23,16,13,20,15,18,33,18,13,25,10,11,12,12,10,20,33,19,19,17,15,18,25,19,25,32,12,6,12,7,14,11,16,12,23,30,10,16,11,11,17,11,14,17,8,9,11,18,15,4,8,21,13,22,12,11,21,18,22,9,13,11,4,12,21,9,17,12,10,9,9,9,9,23,11,10,18,18,22,13,8,-20,20,14,19,11,35,17,20,10,11,14,9,16,19,21,14,28,17,18,13,10,16,16,25,9,8,23,19,20,14,25,16,7,32,17,22,26,28,8,16,12,14,16,7,21,7,9,43,15,22,6,10,19,10,8,21,8,15,17,17,23,10,14,15,12,15,16,11,12,10,21,10,18,19,19,5,10,13,15,6,100,13,30,30,36,18,25,18,18,37,50,28,23,18,28,31,20,30,23,20,18,17,39,26,21,22,22,26,19,45,24,32,22,26,18,16,19,19,24,27,27,22,11,10,7,18,11,11,13,13,16,12,15,25,13,9,10,23,20,24,13,16,13,15,17,13,16,15,17,17,14,25,10,17,15,24,25,20,18,13,17,18,26,18,15,17,10,-20,9,4,8,13,10,10,3,20,21,12,17,31,11,19,15,14,16,19,21,13,14,19,16,15,15,12,22,15,53,23,19,19,19,17,15,27,18,28,6,15,10,16,10,11,10,30,11,14,13,18,16,20,10,12,18,5,5,14,21,-20,12,17,11,10,17,4,2,4,-20,-20,5,9,-20,17,-20,8,-20,9,15,4,15,3,12,9,9,-20,5,7,12,-20,4,-20,6,8,5,5,4,8,10,3,-20,4,11,12,8,3,5,8,-20,5,5,4,9,9,8,9,-20,14,8,14,7,5,6,10,11,14,9,5,3,5,-20,6,9,7,58,36,21,26,21,20,22,23,67,34,39,38,77,44,49,67,45,49
"chr1,22084504",5,12,20,13,12,16,10,12,-20,17,10,8,35,32,21,12,41,24,108,82,60,19,56,47,68,35,27,43,27,6,13,10,20,10,76,72,47,33,21,13,11,33,15,11,19,53,6,68,10,19,24,40,51,24,47,23,42,43,28,38,34,43,47,28,23,17,23,78,67,20,47,23,21,35,39,58,17,7,14,16,15,30,27,11,22,62,31,60,57,21,25,29,43,37,26,39,24,63,9,55,34,42,5,17,32,54,15,47,44,9,17,9,46,36,11,9,45,15,9,9,7,10,25,12,58,8,11,59,25,20,22,-20,20,15,41,44,55,9,13,13,10,12,18,11,37,13,11,53,14,9,7,10,26,32,52,22,11,32,85,37,9,10,15,10,10,26,-20,5,15,7,75,59,34,20,5,42,22,26,23,111,19,20,31,19,11,10,16,34,11,17,27,28,7,9,7,11,36,19,45,17,16,25,42,27,59,26,46,98,17,36,55,35,32,36,20,24,66,26,31,29,13,18,14,41,20,26,21,29,52,35,47,33,52,29,12,28,33,20,31,20,25,24,21,25,12,38,15,19,30,40,16,33,16,26,25,20,29,25,32,17,25,23,40,22,25,19,17,22,34,34,33,34,26,47,35,23,59,91,34,60,18,14,5,35,-20,24,11,7,9,13,15,24,8,23,104,64,55,15,13,5,32,12,-20,12,11,45,53,10,48,48,45,57,33,69,15,15,10,11,17,93,20,54,18,30,20,20,4,14,16,31,18,19,8,7,53,12,22,30,72,20,14,44,34,23,13,16,11,15,21,22,10,8,12,23,6,20,11,11,29,9,8,26,17,12,6,10,18,15,12,16,10,14,14,58,13,13,10,74,3,21,16,6,9,28,12,18,24,24,15,11,4,10,7,7,11,13,12,6,73,-20,17,10,5,22,36,14,14,18,9,15,18,12,14,17,16,10,11,10,8,22,8,14,17,15,11,44,20,10,35,35,24,14,120,14,16,12,14,7,10,7,5,32,10,9,10,9,22,6,19,18,79,31,6,13,8,11,19,22,8,10,5,14,16,18,17,17,5,14,25,14,4,13,8,5,16,12,9,12,60,40,16,15,15,6,8,12,8,15,16,24,13,18,18,8,20,14,12,19,7,6,6,9,15,13,58,11,13,12,10,5,17,36,8,13,42,55,67,77,18,60,48,13,12,53,53,12,9,40,11,13,62,14,5,12,33,12,-20,12,18,11,15,27,24,6,26,16,10,12,10,23,33,15,23,8,11,15,-20,22,34,11,11,47,21,16,15,11,49,15,84,20,21,7,15,27,7,13,19,22,31,51,17,55,44,40,33,25,26,41,19,52,23,17,31,6,16,23,13,36,23,17,10,38,28,34,31,19,10,67,16,21,17,16,30,12,26,32,24,20,6,22,18,34,25,23,80,34,40,54,49,24,46,24,35,74,28,46,52,46,39,26,76,32,26,5,41,23,89,24,5,18,23,27,45,20,38,47,44,37,34,46,-20,34,15,103,25,43,42,42,21,34,16,27,14,22,14,19,14,20,23,12,11,12,19,12,18,14,14,19,20,12,31,14,13,8,18,13,23,16,25,31,22,-20,8,10,11,17,12,9,25,13,15,22,34,21,16,18,17,24,30,7,17,31,16,12,23,12,20,13,25,13,15,24,14,11,22,16,13,20,15,18,33,18,13,25,10,11,12,11,10,20,33,19,18,17,15,17,25,18,25,31,11,6,12,7,14,11,16,12,23,29,10,16,11,11,17,11,13,17,8,9,11,18,15,4,8,23,12,22,12,11,21,18,22,9,13,11,4,12,21,9,17,12,-20,9,9,9,9,23,11,10,18,18,22,13,8,12,20,14,19,12,35,17,20,10,11,14,9,16,19,21,14,28,17,18,13,10,16,16,25,9,8,22,19,19,16,25,16,7,33,17,21,26,28,7,16,12,14,17,7,21,7,9,44,15,22,6,10,19,10,8,21,8,13,16,17,23,10,13,15,12,15,16,11,12,10,21,10,18,19,19,5,11,12,14,6,99,13,30,30,36,17,25,18,18,37,50,28,23,18,28,30,20,30,23,20,19,17,39,25,21,22,22,26,19,45,24,33,22,26,18,16,19,19,24,26,27,22,10,10,7,18,11,11,13,13,16,12,15,25,13,9,10,23,19,24,13,15,13,15,17,13,17,15,17,17,14,25,10,17,14,24,24,20,18,12,17,18,26,18,15,15,10,-20,9,4,8,13,10,-20,3,20,21,12,17,31,11,19,15,13,16,19,21,13,14,19,16,15,15,12,21,15,53,23,18,19,19,17,16,27,18,28,6,14,10,16,10,11,10,30,11,13,13,18,16,20,10,12,17,5,5,14,21,-20,12,17,11,10,17,4,2,4,-20,-20,5,8,3,14,-20,-20,4,9,13,-20,16,-20,11,8,9,9,5,9,12,8,-20,8,7,8,-20,6,4,10,9,3,7,4,12,12,8,4,-20,9,-20,4,5,4,10,9,8,11,3,12,8,15,8,4,7,10,11,14,-20,6,4,5,3,6,8,7,58,35,21,27,20,20,22,24,68,35,38,38,78,44,49,67,45,48
"chr1,22084506",5,11,19,15,12,15,10,11,-20,17,10,8,35,32,21,12,41,23,107,86,61,19,55,48,67,35,27,45,26,6,13,9,21,12,79,72,50,35,21,13,11,33,15,12,15,51,6,72,10,19,24,41,53,24,49,22,41,42,26,38,36,44,49,28,24,17,20,81,66,21,48,22,22,38,39,57,17,7,14,18,15,29,28,11,22,63,32,61,55,22,25,27,44,37,27,40,24,61,9,54,33,43,5,18,32,56,15,47,45,9,18,9,47,40,11,10,44,16,10,9,8,-20,26,12,57,8,12,58,27,20,22,-20,19,16,42,44,57,9,13,13,10,12,18,11,38,14,12,52,15,9,7,10,26,32,51,22,11,32,86,36,9,10,15,10,10,27,5,7,16,7,74,62,28,20,4,42,21,26,21,113,20,19,31,19,11,10,18,34,11,15,25,26,7,9,7,11,34,18,45,17,16,25,45,26,58,26,46,99,17,35,53,34,32,31,19,25,66,25,32,31,12,18,14,40,20,27,21,28,54,33,48,32,53,29,12,27,33,20,29,20,25,23,21,25,12,38,16,18,28,36,16,32,16,26,22,20,30,24,32,15,23,25,38,23,25,20,17,25,34,34,31,34,25,47,34,23,58,98,34,60,19,14,5,36,8,23,11,6,9,13,16,23,8,22,103,58,63,17,14,5,33,12,-20,12,11,45,54,11,48,46,43,57,33,70,14,16,10,11,17,92,20,55,18,32,21,20,4,14,16,29,18,19,8,6,52,10,20,30,74,21,14,44,34,23,14,16,11,15,22,23,11,7,12,23,6,21,12,10,27,9,7,27,17,11,6,12,18,15,11,16,10,13,14,55,13,13,10,73,3,23,17,6,8,27,11,17,24,23,15,11,5,10,6,9,13,13,12,6,75,8,18,10,5,24,36,14,15,17,9,15,18,13,13,17,17,10,10,10,8,22,8,14,17,15,11,48,21,10,34,37,25,14,120,14,16,12,13,8,9,7,5,32,11,9,10,9,20,6,19,17,80,30,6,13,8,11,20,22,8,10,6,14,16,17,17,16,5,14,24,13,4,13,8,6,16,13,9,12,58,39,16,14,15,6,9,13,9,15,16,24,13,17,18,8,20,16,13,19,7,6,5,9,16,13,58,12,14,11,10,5,19,35,8,15,45,56,67,78,19,60,49,14,12,55,54,12,9,38,11,12,63,15,4,12,34,12,8,13,19,13,14,32,24,6,26,18,8,14,10,22,33,15,23,-20,11,15,19,22,35,11,11,46,21,18,14,12,50,15,83,19,21,7,16,27,7,13,19,22,31,53,17,53,44,39,33,28,27,42,20,52,23,17,31,6,16,23,13,34,23,17,10,42,31,36,30,19,12,66,16,20,18,16,31,11,28,34,27,22,6,22,19,34,25,23,82,34,40,55,50,24,47,26,37,74,27,49,53,44,41,27,77,33,24,4,40,23,87,24,5,19,25,26,46,21,37,46,42,37,35,49,-20,34,15,101,24,42,38,42,21,33,18,29,14,22,14,18,16,20,23,12,12,12,21,12,18,14,13,19,19,12,31,14,13,9,-20,13,21,16,24,31,22,-20,8,11,12,17,12,9,23,13,15,22,35,22,17,18,18,24,32,7,17,31,16,12,23,12,20,14,26,12,16,25,14,12,23,15,13,20,15,19,33,18,14,27,9,11,12,13,12,20,33,19,18,16,15,18,27,19,26,30,12,6,12,7,15,10,17,13,22,28,10,18,10,13,17,12,14,19,8,9,11,20,17,4,8,23,15,22,11,11,21,20,25,9,13,11,4,12,22,9,17,12,11,10,9,10,10,26,11,10,19,18,22,14,8,13,20,14,19,14,37,16,20,11,11,14,9,16,19,23,14,29,18,21,13,10,17,16,25,10,8,22,19,19,16,25,16,7,33,18,21,26,28,7,16,12,15,17,8,22,8,10,44,16,22,6,10,21,11,8,21,8,12,16,18,24,10,14,15,14,15,16,11,14,10,22,10,20,22,20,6,11,11,16,6,101,12,29,31,35,18,24,18,18,37,50,31,25,20,29,30,20,29,25,20,20,18,40,26,20,22,23,27,21,48,24,34,22,26,18,17,20,19,26,26,28,22,10,10,7,20,11,11,12,13,15,11,15,25,14,9,10,23,19,24,13,15,13,14,19,13,17,15,17,17,14,26,10,18,16,25,25,20,18,12,18,18,26,18,15,15,10,-20,10,4,8,13,11,10,3,21,22,12,18,31,11,18,15,15,16,19,22,14,15,19,16,14,15,13,21,15,55,24,18,19,19,17,17,27,18,29,6,16,10,15,10,11,10,30,12,16,12,18,16,22,10,12,18,5,5,15,21,-20,13,18,11,10,17,4,4,4,-20,-20,4,6,3,16,-20,-20,3,10,14,-20,16,-20,12,10,9,8,5,-20,12,8,5,-20,5,8,-20,6,4,10,8,3,7,5,12,12,10,4,5,9,-20,4,4,4,9,8,7,12,4,13,8,15,8,5,-20,9,11,15,10,6,4,5,3,6,7,7,59,33,21,27,21,19,23,25,64,34,39,38,78,44,49,67,47,53
"chr1,22084509",5,11,19,15,12,15,9,12,-20,17,10,6,35,33,20,13,41,23,110,86,60,19,55,48,69,36,26,43,25,6,12,10,22,12,77,70,50,33,19,13,10,33,15,12,10,53,6,74,10,16,25,43,54,25,49,21,41,41,27,37,37,43,49,28,24,18,16,79,69,25,48,22,21,35,40,57,20,7,14,18,20,29,28,10,24,61,30,58,55,24,27,27,44,40,29,40,24,64,9,54,35,43,6,18,31,54,13,49,45,9,18,10,47,42,11,10,50,16,9,9,9,10,24,12,53,8,12,59,26,20,25,-20,20,17,45,46,57,10,14,12,10,12,18,11,41,13,12,55,14,10,7,9,26,30,51,21,10,32,78,39,9,13,15,9,10,27,5,8,16,8,72,61,30,21,4,41,23,26,23,111,20,19,32,19,12,10,17,33,11,15,21,26,7,9,7,10,35,15,45,15,17,26,45,28,57,27,47,103,14,33,50,35,31,28,20,26,65,24,32,29,12,19,15,39,20,27,23,26,54,32,49,37,56,29,12,28,32,21,27,20,24,24,22,24,12,37,19,18,26,34,15,29,16,27,23,17,29,23,33,14,22,25,38,23,26,22,17,22,32,33,33,35,25,50,36,24,60,101,32,55,18,14,5,34,-20,28,11,6,9,13,16,23,8,20,95,57,65,16,14,5,34,12,-20,12,10,43,55,11,51,50,47,59,33,72,14,16,8,10,18,89,19,55,18,29,21,20,6,14,15,31,17,19,8,6,51,10,20,32,74,20,14,47,32,25,14,18,10,15,23,23,11,6,12,24,5,23,13,11,28,9,7,27,16,12,8,12,16,16,12,16,10,14,16,57,13,12,10,75,3,23,17,6,8,27,12,15,24,24,16,11,5,9,6,9,12,14,10,6,74,9,19,10,5,27,36,14,15,16,9,13,19,13,13,17,17,11,10,10,8,23,8,13,17,15,11,45,21,9,33,37,24,13,118,15,14,12,13,11,9,7,6,31,10,9,11,9,24,6,19,17,81,33,8,12,8,11,20,21,7,10,6,12,16,18,19,20,5,14,24,14,4,13,7,6,17,12,9,13,58,39,16,15,14,5,9,14,9,13,16,23,14,17,17,9,20,14,13,20,7,5,6,9,16,13,56,12,15,11,10,4,21,35,8,15,45,53,66,77,20,61,46,14,12,53,55,12,8,41,11,11,63,14,4,12,36,12,7,14,18,12,14,33,20,6,27,20,8,16,10,20,30,17,21,7,12,15,18,22,36,12,13,47,21,21,14,10,51,14,79,19,21,7,16,27,5,12,19,22,30,51,17,58,44,39,33,28,29,41,21,55,25,19,34,6,16,24,12,35,23,16,10,40,32,37,30,19,12,65,16,23,20,16,34,11,29,36,28,22,7,20,19,39,28,22,86,36,38,57,51,25,50,27,36,72,27,48,52,45,42,27,75,34,23,4,43,28,85,23,4,16,25,26,46,21,34,46,44,38,33,50,-20,31,14,101,25,39,37,44,21,35,17,28,14,22,12,19,16,19,24,12,12,12,22,12,20,15,15,19,19,12,32,14,13,9,18,12,21,15,24,28,23,-20,8,11,12,17,12,10,23,13,14,23,37,21,16,18,18,25,34,7,18,30,17,13,23,13,19,13,26,12,16,24,14,13,25,16,13,20,15,18,33,18,14,26,9,13,13,13,12,20,33,20,18,18,15,16,26,18,26,29,11,6,12,7,15,10,17,13,22,30,10,18,10,13,17,12,14,18,8,8,12,17,17,4,7,23,14,21,10,10,21,21,25,9,13,12,4,12,22,9,17,12,11,10,10,10,10,26,11,10,19,19,21,15,8,13,22,14,19,13,35,15,21,11,11,14,9,16,19,23,13,29,17,21,14,9,17,16,25,10,9,22,18,20,15,25,16,7,34,19,21,26,28,7,16,12,15,16,8,23,8,10,44,15,21,6,10,21,11,8,22,8,12,18,18,24,10,14,15,14,15,16,12,12,12,22,10,21,22,20,6,11,11,16,7,105,12,30,32,35,18,27,18,18,40,50,33,24,21,29,30,20,32,27,20,20,19,41,25,21,24,23,29,22,50,24,35,22,25,19,19,21,19,25,29,28,22,10,10,7,20,11,11,12,12,14,11,14,25,14,9,10,23,19,24,12,15,13,13,19,14,18,15,17,17,15,26,9,17,16,25,24,19,19,11,19,19,26,19,15,15,9,-20,10,4,8,13,11,9,3,20,22,12,17,30,12,18,15,15,16,21,23,12,15,19,16,13,16,13,21,17,55,22,18,18,19,16,17,26,18,28,6,16,10,15,10,11,9,30,12,16,11,19,15,23,10,11,18,5,6,15,21,8,14,18,11,-20,18,3,5,5,-20,-20,5,8,4,16,-20,5,4,10,18,5,16,5,12,11,11,10,5,8,14,6,4,6,6,10,5,5,4,11,9,4,8,5,13,14,9,4,5,9,-20,5,6,4,11,7,7,12,5,15,9,15,8,6,6,10,13,16,11,7,6,5,3,6,10,8,64,34,21,27,22,19,23,25,65,37,41,38,78,43,51,69,43,51
"chr1,22084510",5,11,19,15,12,15,9,12,-20,16,10,6,36,34,20,13,43,24,110,86,60,19,56,49,69,36,27,45,25,6,12,10,22,10,80,69,51,35,19,13,10,35,15,14,10,53,6,75,10,16,26,39,52,25,47,21,41,41,27,38,36,43,49,30,23,18,17,80,69,25,48,20,21,34,40,56,21,7,14,17,20,28,28,10,22,62,30,59,53,24,26,27,44,41,29,41,21,64,9,53,35,44,6,18,32,53,13,50,45,9,15,9,46,43,11,10,50,16,8,9,9,10,23,12,53,6,11,58,25,20,26,-20,20,17,47,47,58,10,13,11,9,12,17,9,41,11,12,55,13,9,5,9,26,29,51,20,10,32,76,38,9,12,14,9,10,27,5,7,16,8,73,61,28,18,4,41,23,26,23,111,19,19,31,19,12,10,17,32,11,15,21,25,7,8,7,10,35,15,45,14,18,27,45,28,57,27,48,103,14,36,50,35,31,30,19,25,66,23,32,29,13,19,15,39,20,26,22,26,54,32,48,37,57,29,12,28,32,21,28,19,23,26,22,24,12,35,19,18,26,34,15,31,16,27,24,18,29,22,34,15,22,24,39,22,26,22,18,22,31,35,34,35,24,49,35,23,59,98,31,55,20,14,5,34,9,28,11,6,9,13,16,23,8,20,98,61,66,16,14,5,34,11,-20,12,10,41,54,8,51,48,47,59,32,72,14,16,9,10,18,88,18,53,18,29,21,21,6,14,15,32,17,20,8,6,50,11,20,32,75,21,14,47,31,25,12,18,10,14,22,23,10,6,12,24,5,23,13,11,28,9,7,26,16,12,8,12,16,16,13,16,10,14,16,57,13,11,10,74,3,23,17,6,8,28,11,15,24,24,12,11,5,10,6,9,12,15,10,7,72,10,19,10,5,27,37,13,16,16,9,13,19,13,14,17,17,11,10,10,8,23,7,13,17,15,11,45,21,9,33,37,25,13,117,15,14,12,13,12,9,7,6,31,9,9,11,9,24,7,19,17,80,35,8,12,8,11,20,23,7,10,7,12,16,17,19,20,5,14,24,14,4,13,7,6,17,12,9,13,58,38,17,15,14,5,9,14,9,13,17,21,14,17,18,8,20,13,13,20,7,5,6,8,16,13,56,11,16,12,9,4,20,36,8,15,43,54,68,80,19,61,49,14,12,53,55,11,7,40,11,11,62,14,4,12,36,12,7,14,19,12,14,33,21,6,26,20,8,16,10,19,30,17,21,7,12,15,18,20,36,12,13,47,21,21,15,10,53,14,79,19,20,7,16,27,5,12,20,22,32,51,16,59,44,40,33,27,29,40,19,50,25,19,30,6,16,24,11,35,22,15,10,38,32,37,27,20,11,63,15,22,20,14,33,9,27,32,28,21,7,21,19,38,28,22,88,34,41,59,51,25,50,27,37,74,27,47,55,45,42,27,77,34,23,4,44,28,85,23,4,18,25,26,45,21,34,46,44,37,33,50,-20,31,14,102,26,40,36,45,18,35,17,27,14,21,12,19,16,19,24,12,12,12,22,12,18,15,15,18,19,12,32,14,13,8,18,11,21,15,24,28,21,-20,7,11,12,17,11,10,23,13,14,22,36,21,16,18,18,24,34,7,18,29,17,13,22,13,19,13,24,12,15,24,15,12,23,16,13,19,15,18,32,18,14,26,10,12,13,12,13,20,33,21,17,18,15,16,26,18,25,27,10,5,12,7,15,10,17,13,22,28,10,18,9,13,16,12,14,17,8,7,12,15,15,4,6,23,14,20,10,10,20,21,23,9,13,12,3,12,22,9,17,12,11,10,8,10,10,25,11,10,19,19,21,15,8,10,22,13,19,13,35,15,21,10,11,9,9,16,19,21,14,27,17,21,14,9,16,15,25,10,9,22,14,20,13,24,17,7,33,19,21,24,27,8,16,11,15,16,8,23,8,10,44,15,21,6,9,21,11,-20,22,8,12,17,18,24,9,13,14,15,12,15,11,13,11,22,10,20,22,20,6,10,11,17,7,105,12,29,31,34,17,27,18,17,39,48,31,24,21,25,30,20,29,28,20,19,18,40,25,18,23,22,29,21,49,24,34,21,24,19,19,18,18,24,28,25,22,10,10,7,19,10,11,12,12,11,10,14,27,13,8,10,22,17,23,12,14,13,13,19,14,17,15,17,17,15,26,8,17,16,25,23,19,19,10,19,17,25,18,15,14,6,-20,9,4,7,13,11,9,3,20,22,11,16,30,12,17,15,15,16,19,23,10,14,18,14,13,16,13,20,17,55,22,18,17,18,14,17,26,17,28,5,16,10,14,10,10,9,30,12,16,11,19,15,21,10,11,17,5,6,14,20,8,14,17,11,8,18,3,5,5,-20,-20,4,7,4,15,-20,6,4,10,19,6,15,5,14,9,10,9,5,9,14,7,5,7,6,10,4,5,5,12,7,5,8,4,13,12,10,3,8,9,3,4,7,4,11,6,7,12,5,15,-20,15,9,5,6,10,12,15,10,6,5,5,3,6,9,8,65,33,21,27,23,19,23,27,66,36,41,38,78,41,50,71,41,52
"chr1,22084525",5,13,20,15,13,16,13,15,-20,18,8,7,35,36,20,14,39,19,114,81,57,20,59,48,64,38,32,41,22,4,9,8,17,14,80,64,45,36,19,12,12,38,10,15,6,48,7,75,12,17,30,39,52,23,45,17,43,39,26,35,41,36,48,34,23,17,19,80,61,30,39,23,22,36,41,53,20,-20,18,19,21,27,24,9,24,64,30,54,53,26,28,25,40,38,30,37,23,66,12,56,31,50,6,17,29,50,15,55,39,8,15,8,48,39,13,13,51,18,7,10,9,9,22,13,53,8,12,54,24,22,30,-20,23,19,49,43,53,11,14,15,9,12,20,14,43,11,12,56,14,12,7,10,15,23,48,18,10,34,83,36,11,15,14,-20,8,27,8,9,13,13,65,58,31,14,3,38,19,24,20,102,17,13,33,19,15,9,16,31,7,14,25,30,5,7,9,11,37,12,44,17,20,27,41,31,56,24,48,67,17,35,49,31,38,23,19,22,64,32,38,26,15,21,13,42,25,23,21,23,51,37,53,42,58,30,14,22,29,24,28,21,26,23,25,23,13,32,21,20,32,35,14,32,13,23,21,16,25,19,36,13,23,26,38,26,24,20,19,23,37,33,32,35,18,43,38,25,58,101,34,70,16,11,-20,32,8,32,12,6,6,14,13,23,10,20,86,67,60,15,13,6,32,14,4,12,11,38,49,10,54,46,46,55,33,67,15,17,9,12,21,69,17,54,20,24,20,20,7,8,14,32,16,21,10,6,47,14,18,29,77,24,13,45,26,25,13,15,9,15,25,24,10,7,11,21,-20,19,11,9,29,9,6,22,12,11,9,10,15,14,12,13,10,16,15,49,13,9,10,68,5,24,15,5,9,26,13,14,23,28,11,9,4,12,-20,10,13,12,10,6,64,6,21,9,5,31,40,13,17,14,8,12,19,11,13,15,17,13,13,-20,8,22,7,13,13,13,8,38,19,10,32,30,23,12,112,13,9,12,12,12,9,6,6,32,-20,9,8,7,24,8,19,18,82,35,9,11,7,9,20,23,6,11,6,14,10,15,18,19,7,12,22,16,3,14,11,7,12,11,9,13,52,31,13,13,12,5,10,14,9,17,16,21,13,15,16,12,17,16,13,18,10,6,6,7,16,11,57,14,15,10,9,2,18,39,8,14,41,57,62,70,22,62,44,12,11,49,54,10,11,36,11,11,68,14,-20,14,32,11,6,11,16,9,12,30,25,-20,24,16,-20,16,15,19,34,19,22,9,8,14,14,17,35,13,11,36,19,14,15,9,52,11,81,18,19,8,17,25,5,14,21,21,35,50,18,57,46,42,35,27,25,43,17,54,23,21,34,6,17,23,12,39,23,21,12,36,32,40,32,24,12,79,14,24,25,17,35,13,26,41,31,20,6,19,21,33,25,23,80,33,37,56,46,25,50,26,35,76,33,51,59,42,42,28,86,44,22,3,40,29,90,29,5,14,17,26,43,22,33,35,35,40,32,57,4,25,13,100,25,32,34,44,15,31,16,29,17,24,12,17,16,19,20,11,13,12,26,14,22,19,17,21,21,16,38,14,14,9,18,11,24,17,20,30,22,-20,9,11,13,17,8,12,24,15,15,25,33,25,20,21,22,24,39,7,17,28,-20,13,25,15,20,13,23,17,16,31,13,12,22,17,14,19,14,18,28,18,15,27,10,14,15,12,13,16,33,18,16,17,16,15,27,18,23,27,12,6,15,7,16,10,19,13,22,26,10,15,8,17,19,14,14,19,10,7,15,17,18,5,7,25,14,24,11,11,20,22,23,-20,13,12,3,15,21,7,20,13,11,10,13,8,9,26,12,11,22,15,20,15,9,11,24,15,16,15,33,19,24,13,15,10,10,19,20,25,14,31,17,22,16,8,15,16,26,10,11,26,16,25,13,23,21,7,41,25,24,27,29,8,20,10,16,14,11,22,10,13,40,16,22,8,12,21,13,7,26,11,14,18,19,24,6,12,13,16,16,12,12,12,12,20,12,23,23,20,5,9,10,18,6,105,14,29,34,33,18,29,19,23,37,52,37,25,23,25,36,25,31,30,23,19,18,43,20,19,24,27,31,23,58,27,37,21,25,18,19,18,16,23,31,28,25,-20,14,8,22,9,11,11,12,9,11,18,30,14,9,9,26,18,21,11,12,17,12,20,13,20,15,19,19,17,25,10,17,17,29,22,21,19,10,18,20,27,24,16,14,7,-20,9,4,8,12,12,12,3,24,23,10,15,35,12,17,18,18,22,21,22,9,17,20,14,11,18,12,20,16,64,22,18,18,21,12,22,26,20,33,6,16,9,15,8,11,9,32,11,11,9,19,18,22,13,14,17,3,7,15,16,8,14,20,11,7,20,-20,6,4,-20,-20,3,7,4,9,-20,5,5,5,13,5,10,-20,15,6,7,8,7,6,14,5,5,9,-20,11,7,3,3,7,5,3,9,5,8,12,8,5,-20,5,-20,8,5,6,8,6,-20,8,-20,8,13,16,6,3,6,-20,11,12,16,4,4,9,5,5,9,11,69,24,23,24,21,17,27,27,64,40,102,19,70,46,50,65,47,55
"chr1,22084526",5,14,19,15,13,15,13,15,-20,17,8,7,35,38,18,14,40,19,114,81,60,19,58,50,63,39,32,41,22,4,9,8,16,14,80,64,45,34,20,12,12,39,9,15,6,48,7,75,13,17,27,40,51,21,45,17,43,41,26,35,40,36,46,34,23,16,19,80,63,30,38,22,22,38,38,57,20,10,18,20,21,27,24,9,24,62,30,52,53,26,28,25,39,39,31,40,23,66,12,54,32,49,6,17,29,47,15,55,39,8,15,8,47,40,13,13,51,19,7,9,9,9,22,14,53,8,12,55,24,22,31,-20,23,19,49,42,50,11,15,14,8,12,20,14,42,11,11,56,14,12,7,10,13,23,47,17,9,33,84,42,11,15,14,9,7,27,8,9,13,13,68,60,31,14,-20,38,19,24,20,102,17,13,31,19,15,7,16,29,7,14,25,30,5,7,9,11,37,12,44,17,20,27,40,30,56,24,48,67,18,36,49,29,37,23,19,22,63,32,39,25,15,23,13,42,25,24,20,22,54,37,54,42,57,30,14,22,29,24,29,20,27,19,26,24,13,34,21,20,33,36,15,34,14,23,19,16,25,18,36,13,25,26,38,27,23,19,19,24,36,33,32,36,16,42,39,25,57,97,34,70,16,11,-20,32,8,32,13,6,4,14,14,23,10,22,80,67,60,15,13,6,31,14,4,12,10,38,50,10,53,47,48,56,34,66,15,17,9,12,21,68,16,52,21,25,20,18,7,8,14,32,16,20,10,6,48,14,18,29,77,25,13,47,26,25,13,16,9,14,25,23,10,8,11,21,-20,19,11,9,28,9,6,20,12,11,9,10,14,13,12,13,10,16,15,47,13,9,11,69,6,24,15,5,9,26,13,14,22,29,11,9,4,12,-20,10,12,12,10,6,64,6,21,9,5,31,39,13,17,15,8,11,20,11,14,15,15,13,13,10,9,23,7,12,13,13,8,38,18,9,31,30,23,12,111,14,9,12,12,11,9,6,5,31,-20,9,8,7,26,8,19,18,81,35,9,11,8,9,20,22,6,11,6,13,10,17,19,19,7,12,22,15,3,14,12,7,11,11,9,14,53,31,12,12,12,5,9,14,9,17,16,20,13,15,18,12,17,16,13,18,10,5,6,7,17,12,57,14,16,10,8,2,18,39,8,15,40,56,62,70,23,63,43,12,11,49,55,10,11,38,11,11,65,13,-20,13,30,11,6,11,16,9,13,31,27,8,23,16,10,17,15,18,34,18,23,9,8,14,14,15,33,12,11,35,19,14,15,9,53,11,80,18,19,7,17,25,5,14,21,21,36,49,19,56,47,42,35,29,24,41,18,53,23,21,34,6,17,23,12,40,23,21,12,36,32,40,32,23,12,79,13,24,24,17,36,13,25,41,30,20,6,19,21,32,23,23,80,34,37,56,40,26,50,26,35,75,34,48,58,42,42,27,88,46,21,3,37,30,94,28,5,14,17,26,42,23,32,35,34,41,35,55,5,26,13,98,24,31,33,43,15,29,16,30,17,24,11,17,16,18,21,11,13,12,26,14,23,19,17,21,21,16,37,14,14,9,18,12,24,17,20,30,22,-20,-20,11,13,17,8,12,24,15,15,25,33,25,20,21,21,24,39,7,16,27,20,13,26,15,20,13,25,17,16,31,13,13,26,18,15,19,14,18,27,18,15,27,10,14,15,12,13,16,33,18,16,17,16,14,27,18,23,27,12,6,16,7,16,10,19,13,22,26,10,15,8,17,19,14,15,19,10,7,15,17,18,5,7,25,14,24,11,10,20,22,23,8,13,11,3,15,21,7,20,13,11,10,13,8,9,26,12,11,22,15,20,15,-20,11,24,15,16,15,33,19,24,14,15,10,10,19,20,25,14,31,17,22,17,8,15,15,26,10,11,26,17,25,13,23,21,7,41,26,24,27,29,8,20,10,16,14,11,22,10,13,40,16,22,8,12,21,13,7,26,11,14,19,19,24,6,12,13,16,16,12,12,12,12,20,12,23,23,20,5,8,10,18,-20,106,13,29,34,33,19,29,19,23,37,50,37,23,23,25,36,26,32,30,23,19,18,43,20,19,25,27,31,24,58,26,36,22,25,18,19,17,16,23,31,28,25,12,14,8,22,9,11,11,12,10,11,18,30,14,9,9,26,18,21,11,12,17,13,20,13,20,15,19,18,17,25,10,16,17,30,24,20,18,12,18,20,27,24,16,14,7,-20,9,4,-20,12,12,12,3,24,23,10,15,34,12,17,18,19,22,21,22,9,17,20,14,11,18,12,20,16,64,22,18,18,21,12,23,26,20,33,6,16,9,17,8,11,9,33,11,11,10,21,18,20,14,14,17,3,7,15,16,8,14,20,11,7,22,-20,6,4,-20,-20,3,7,-20,10,-20,6,3,5,12,6,8,3,15,6,8,8,7,6,16,4,5,9,4,11,6,4,3,7,4,4,-20,3,5,13,8,5,-20,7,-20,10,4,8,10,6,-20,8,3,10,13,15,6,4,-20,7,11,11,16,4,4,10,5,5,9,11,70,23,23,24,21,17,27,29,64,39,102,20,70,46,50,68,48,56
"chr1,22084528",5,14,19,15,14,15,13,15,-20,17,8,8,34,38,17,14,40,18,117,82,60,20,57,50,63,38,32,43,22,4,9,9,16,14,80,65,45,38,20,12,14,39,8,15,6,47,7,75,14,16,29,40,54,21,43,17,42,41,28,38,37,37,46,34,22,16,20,82,63,30,37,22,23,40,38,60,20,11,18,20,22,25,23,9,23,62,30,51,53,26,29,25,44,37,32,41,24,66,12,49,31,49,6,17,30,48,15,52,39,8,16,8,49,42,14,13,53,19,7,8,9,9,23,14,50,9,12,59,24,22,30,-20,24,20,49,43,50,11,15,14,8,12,21,14,46,11,11,57,14,13,7,10,13,22,46,17,9,33,82,42,12,16,14,9,7,27,8,9,13,13,68,60,29,14,3,37,19,23,20,97,19,13,31,19,14,6,16,30,7,14,25,30,5,7,9,11,37,12,44,18,19,27,42,29,57,24,48,65,18,36,46,28,37,23,16,22,64,32,39,24,13,23,13,44,25,23,19,21,54,38,53,38,56,33,14,22,28,24,28,21,27,22,25,24,10,32,21,23,33,36,15,35,12,21,19,16,25,18,37,13,25,26,38,25,25,18,19,24,31,32,31,34,18,45,38,25,55,97,35,70,16,11,-20,32,8,32,13,6,3,14,13,23,10,23,79,61,62,15,13,6,33,14,4,12,10,34,50,10,55,44,46,58,35,69,15,15,9,12,20,66,17,53,21,26,20,19,7,7,14,33,17,20,10,6,48,14,18,31,83,25,15,48,26,26,13,16,9,14,23,24,10,8,10,21,-20,19,11,9,28,9,6,20,12,11,9,12,15,14,12,13,9,16,15,45,14,9,11,71,6,23,15,6,9,26,13,17,21,28,11,9,4,13,-20,10,13,12,10,6,66,6,21,9,5,28,40,14,18,14,-20,10,22,11,14,14,16,13,14,10,9,23,7,12,13,13,8,40,17,10,31,31,23,12,112,14,9,12,11,11,9,6,6,31,11,9,8,6,22,8,19,17,81,38,10,12,7,9,21,21,6,11,6,15,10,16,20,19,7,12,22,17,3,14,13,7,11,12,10,14,55,32,13,12,12,5,11,14,9,18,16,20,13,16,18,14,19,17,15,19,11,5,6,7,16,11,58,14,16,10,8,2,19,39,8,18,43,56,63,70,24,65,41,12,11,49,54,10,12,40,11,11,66,17,-20,14,31,11,-20,11,16,10,13,31,27,-20,23,16,10,16,16,18,34,18,24,9,8,15,13,12,33,11,11,34,19,14,15,9,54,13,80,18,21,7,16,25,5,14,21,21,36,48,18,58,47,41,37,28,25,42,19,55,24,21,35,6,18,23,12,41,23,22,13,37,33,40,32,25,12,77,15,24,27,18,36,13,25,42,30,21,6,19,21,32,24,24,82,36,37,57,41,26,50,26,35,78,35,51,58,46,40,27,86,46,22,3,38,31,91,30,5,15,19,26,42,21,32,33,32,43,36,53,5,24,10,96,29,31,34,43,14,30,16,30,18,25,12,17,17,19,20,12,13,13,26,15,23,19,17,22,23,17,38,14,14,9,18,12,25,17,20,30,23,-20,10,12,13,17,8,13,24,16,15,26,32,26,20,22,22,25,40,7,18,27,20,13,26,16,20,13,25,17,16,31,13,13,26,20,15,19,14,18,27,19,15,27,10,16,15,12,13,16,32,19,16,17,16,14,27,19,25,27,13,7,16,7,17,10,19,13,22,26,10,16,8,17,19,14,15,19,10,7,15,17,19,5,9,25,14,24,11,11,20,22,23,8,14,11,3,15,21,8,20,14,11,10,13,8,9,27,12,12,22,15,20,15,9,11,24,15,16,15,35,19,24,15,15,10,10,20,20,26,15,32,17,23,17,8,15,16,27,10,12,29,18,23,13,24,21,7,41,27,24,27,29,8,22,10,16,14,11,22,11,14,41,16,23,9,12,21,14,7,26,11,17,20,19,25,6,13,13,16,16,13,12,12,12,21,11,23,24,20,5,8,10,18,6,109,13,29,35,34,19,29,19,23,37,51,38,25,24,25,35,27,32,30,23,20,18,44,20,20,23,27,31,25,59,27,36,22,25,18,19,18,18,23,31,29,25,12,14,8,22,9,11,11,12,10,12,18,30,17,10,9,27,18,21,11,12,17,13,22,14,23,14,19,19,17,25,11,17,17,30,24,20,20,13,19,20,28,24,16,14,7,-20,9,4,9,12,13,12,3,24,23,10,15,35,12,17,18,19,23,21,22,9,17,20,14,11,19,12,20,17,65,22,18,18,22,13,23,26,20,35,6,16,9,17,8,11,9,33,11,11,10,21,18,22,14,14,17,3,7,15,16,8,14,20,12,7,22,-20,4,6,-20,-20,3,5,4,12,-20,6,4,4,11,5,10,-20,15,7,7,8,6,8,13,5,5,7,3,10,6,3,-20,7,6,4,7,4,7,11,7,5,7,-20,-20,10,5,8,9,6,-20,10,4,10,13,15,8,5,5,7,10,10,16,4,6,10,5,5,10,11,70,24,21,24,21,17,28,29,63,41,101,20,64,45,50,67,49,58
"chr1,22084532",5,13,18,15,13,15,13,16,-20,16,8,8,32,36,17,14,42,18,117,84,62,21,56,51,63,40,31,41,25,5,5,9,16,13,73,64,46,36,21,10,13,38,8,15,6,46,7,77,13,17,30,40,52,19,46,20,50,43,27,40,38,39,44,33,21,16,23,78,63,29,35,24,23,42,38,63,21,10,18,20,23,23,27,-20,21,61,30,48,51,26,27,22,45,36,33,42,23,64,11,53,30,49,6,16,30,46,15,51,38,8,16,8,52,42,13,13,54,17,7,6,8,5,21,13,51,9,10,60,21,21,29,6,21,16,45,46,50,11,14,14,8,12,20,13,44,9,11,59,11,12,6,12,14,22,48,17,9,34,84,42,11,16,12,9,6,26,6,9,12,14,73,62,29,11,3,38,18,10,22,118,18,14,36,17,14,5,16,31,7,11,23,31,5,7,8,11,33,12,38,17,18,28,38,32,50,23,41,67,15,36,48,30,34,20,16,21,66,31,42,28,14,21,11,46,23,23,18,20,57,37,55,35,55,33,14,24,30,26,28,19,27,22,25,25,13,32,23,22,34,31,16,36,12,21,18,14,22,19,33,13,25,27,38,22,25,19,18,25,31,33,32,34,17,44,38,22,53,94,36,70,19,11,-20,29,8,32,11,5,4,14,11,23,10,21,62,52,59,15,13,6,34,13,4,12,10,35,46,10,51,45,44,57,33,69,14,14,8,12,21,65,18,48,21,25,18,19,7,8,17,32,16,20,10,6,46,12,19,31,76,24,15,47,26,25,12,17,10,13,21,22,10,9,10,18,-20,20,11,11,28,8,7,21,12,11,9,12,15,14,12,13,9,17,15,49,14,8,12,71,7,23,15,6,9,26,14,14,21,28,11,9,4,13,-20,10,13,12,9,6,63,7,-20,9,4,29,41,15,17,14,9,10,24,11,13,14,16,12,13,10,9,18,8,13,12,13,7,40,15,10,31,29,24,11,115,14,10,12,10,11,8,8,6,32,10,10,10,7,22,9,19,16,80,36,9,11,7,9,20,21,6,12,6,15,8,17,21,19,7,11,21,17,3,14,11,7,12,12,10,12,56,33,14,12,12,6,11,14,9,17,15,23,13,17,17,14,19,17,14,18,10,5,6,7,16,10,58,14,16,11,8,-20,19,37,7,18,41,54,62,67,22,65,39,9,9,50,53,10,12,39,9,12,67,18,-20,15,33,11,-20,10,15,10,13,33,29,-20,22,14,9,16,15,21,32,17,21,10,-20,13,13,12,33,10,-20,35,23,14,14,10,55,12,80,18,19,6,14,25,5,14,21,21,36,47,18,56,46,40,37,29,26,43,17,51,20,20,33,5,15,19,10,36,20,21,14,34,29,38,32,25,13,71,14,22,22,16,34,12,24,40,29,19,-20,17,19,34,23,22,82,33,39,57,39,23,53,25,35,78,35,45,56,47,42,28,77,48,23,3,37,30,88,32,7,17,19,26,46,22,28,29,30,43,38,53,5,24,10,89,32,30,38,44,15,31,12,28,18,24,8,18,16,17,20,9,13,13,25,15,19,18,17,21,22,17,32,12,13,9,16,12,20,17,19,25,22,-20,12,13,13,17,7,11,21,12,15,23,31,23,17,26,21,23,36,7,15,24,19,12,25,15,19,10,23,15,13,28,12,13,21,20,14,19,13,17,25,18,15,23,9,15,15,11,13,16,34,18,17,16,14,13,25,17,20,24,13,7,15,7,16,7,18,13,19,25,9,13,6,16,18,12,14,18,10,7,15,16,17,4,9,20,14,24,11,11,19,23,20,6,14,10,2,14,20,6,19,14,10,10,11,5,8,25,11,12,23,14,19,14,8,11,22,16,16,15,35,18,21,15,15,10,10,18,19,25,15,31,17,22,17,7,15,16,29,8,12,29,17,24,12,22,19,5,38,23,23,24,27,7,21,8,16,14,11,20,11,13,39,17,20,6,11,21,14,7,25,9,15,18,19,24,6,9,12,16,15,12,11,10,11,19,9,24,22,18,5,8,10,19,6,109,13,30,32,30,17,29,19,21,35,49,39,23,18,22,32,25,30,27,21,18,18,37,16,18,24,26,27,24,58,29,34,20,23,18,19,17,15,21,31,24,27,12,11,8,21,7,10,8,9,10,10,18,32,14,9,8,27,18,20,10,9,17,13,21,14,22,13,19,19,16,22,11,16,14,29,24,17,19,13,19,17,27,23,16,12,7,-20,9,4,9,12,12,12,3,23,21,10,14,30,11,16,18,18,20,24,20,8,16,19,10,10,16,12,16,17,61,23,17,16,20,11,23,23,20,28,6,15,8,16,7,9,10,32,11,11,11,20,18,22,14,10,16,3,6,14,14,8,13,18,12,7,20,-20,6,7,-20,-20,4,5,5,10,-20,4,4,5,12,6,10,4,14,7,-20,5,5,9,17,5,4,-20,-20,12,6,4,-20,8,6,5,9,4,-20,11,6,6,9,7,3,9,3,8,11,5,-20,9,3,8,13,12,6,4,6,7,11,12,18,3,6,9,-20,4,-20,11,68,25,21,23,24,19,29,29,62,43,102,20,64,43,48,72,52,60
"chr1,22084535",4,11,18,15,9,14,13,13,-20,15,6,8,31,36,15,14,40,18,117,84,61,17,56,50,67,40,31,42,25,5,5,9,16,13,72,66,47,37,21,9,12,37,8,15,5,44,7,76,12,18,30,40,54,20,41,20,52,42,25,40,38,38,44,31,21,14,21,78,67,29,36,22,22,42,36,64,21,8,17,15,22,24,24,6,19,61,30,49,53,25,25,20,46,37,34,41,21,64,11,53,28,46,5,14,29,45,15,49,38,3,16,8,50,42,12,12,54,17,4,7,9,5,18,12,52,9,9,59,19,21,28,6,18,14,44,46,47,8,14,14,7,10,18,10,43,7,10,57,10,11,6,13,14,21,47,15,8,32,79,41,9,15,7,8,3,20,-20,8,13,14,71,60,28,12,3,41,19,10,22,114,18,17,37,15,14,5,15,32,6,10,19,32,5,7,8,10,33,10,38,17,18,28,35,30,45,16,40,65,15,34,48,30,33,22,15,22,64,30,41,29,12,19,7,45,23,21,19,20,58,37,54,39,53,30,13,24,30,23,27,17,27,22,23,24,13,31,21,21,31,31,17,36,11,19,17,14,23,20,29,18,25,26,37,23,25,18,18,24,34,33,33,33,17,43,34,21,56,83,35,67,20,11,-20,29,8,32,-20,5,4,17,12,23,10,24,60,60,59,13,13,6,32,12,4,13,10,36,47,10,50,44,47,54,30,70,14,14,7,11,20,63,17,43,20,24,18,19,7,8,16,31,15,-20,10,5,48,12,16,31,75,23,15,46,26,24,13,15,11,12,21,20,11,9,10,18,-20,18,11,11,27,8,6,20,11,11,9,12,16,14,12,13,8,18,14,45,14,7,12,71,8,23,14,5,-20,25,14,15,20,23,11,10,-20,12,-20,10,12,12,8,8,59,7,20,9,4,27,41,13,16,15,9,10,25,11,12,14,15,11,13,-20,8,19,8,14,12,13,7,39,16,8,28,29,24,11,115,13,8,12,9,10,8,8,6,33,9,9,9,8,24,8,17,16,78,39,9,8,7,9,18,20,6,12,7,14,7,17,23,20,6,10,20,18,3,12,11,7,12,13,11,12,56,34,14,12,12,6,11,12,8,17,15,22,11,15,17,13,18,16,14,18,10,7,6,8,15,11,58,12,15,10,8,-20,20,36,7,17,39,54,62,67,22,65,40,9,7,49,51,9,12,38,9,12,70,18,-20,15,32,12,7,11,14,10,12,33,28,-20,24,14,9,14,14,19,31,17,21,10,8,14,13,12,32,10,10,36,25,12,13,10,53,13,79,18,17,7,15,24,7,16,22,21,32,47,19,55,48,40,37,30,27,43,14,49,19,17,29,5,11,15,10,33,20,19,13,29,25,35,32,21,10,57,13,21,20,16,30,11,23,36,25,18,4,18,19,32,23,22,79,37,37,58,38,24,54,26,33,74,37,44,52,47,41,29,73,47,25,3,36,30,85,32,8,14,-20,25,50,21,32,28,31,42,38,48,5,26,9,92,32,29,36,44,16,27,10,26,17,24,6,16,15,15,19,9,13,12,24,16,18,16,16,18,17,16,27,13,10,9,14,12,16,15,14,23,20,-20,12,13,14,16,4,9,19,12,12,21,27,19,15,27,18,21,32,7,13,22,16,12,24,16,18,7,23,14,11,27,9,13,21,17,15,18,13,15,20,14,16,20,8,16,13,9,12,14,31,18,16,15,12,12,27,15,17,21,11,6,14,5,15,7,17,12,18,24,9,13,6,15,16,12,12,15,8,6,15,16,17,5,9,20,14,22,10,9,19,20,18,6,13,9,2,15,19,-20,19,12,10,10,11,4,7,22,10,11,18,13,14,13,7,10,20,15,14,14,33,14,21,14,11,10,9,16,17,25,14,25,16,21,16,7,13,16,29,8,10,27,16,22,11,19,17,5,37,22,22,22,20,6,20,7,13,11,10,18,9,12,31,15,17,6,11,19,14,7,22,9,12,17,17,18,5,7,12,16,14,9,10,10,11,16,9,21,21,18,5,8,-20,16,5,110,12,27,30,29,17,25,17,17,29,39,33,21,16,16,29,23,26,26,20,16,15,31,13,17,18,25,25,23,53,24,31,18,21,19,15,14,14,19,30,24,24,9,11,7,21,7,10,8,9,9,10,18,31,14,8,8,25,17,19,9,9,15,13,21,15,21,13,18,16,16,20,10,17,13,29,-20,16,17,13,18,17,25,21,15,12,7,-20,9,4,9,9,13,12,3,20,20,10,13,28,8,13,15,17,17,23,18,6,15,19,9,10,18,12,14,19,58,19,16,12,18,9,17,20,20,28,6,14,8,15,7,8,-20,27,10,10,10,17,18,21,14,9,15,3,6,13,14,8,12,14,-20,7,18,-20,6,8,-20,-20,3,4,4,7,-20,-20,3,6,11,6,10,3,12,7,6,5,5,7,16,3,5,5,-20,11,7,-20,-20,10,4,5,10,-20,5,-20,6,5,6,8,3,8,3,8,-20,6,-20,13,3,8,11,12,5,-20,8,4,9,11,19,3,8,11,3,5,-20,11,69,26,20,22,24,20,33,28,62,44,93,20,65,43,48,72,51,60
"chr1,22084539",5,11,18,15,10,14,14,16,-20,15,6,8,31,36,15,15,43,19,116,82,60,16,58,50,67,39,27,43,24,5,5,9,17,11,77,66,45,37,20,9,12,35,6,15,5,45,6,78,13,18,27,40,56,21,46,23,54,44,29,40,39,39,46,33,24,15,21,78,69,28,31,24,22,43,35,67,23,9,18,14,23,28,26,6,19,59,31,45,53,25,26,20,49,35,33,41,22,62,13,51,30,44,5,14,30,45,15,46,38,4,17,8,48,43,12,13,58,17,4,8,9,5,18,12,54,9,9,55,20,21,31,6,16,14,43,44,47,8,14,14,7,9,17,10,46,7,11,55,11,11,6,15,15,20,47,14,7,34,77,44,10,14,7,7,4,21,-20,8,13,14,64,63,29,10,3,36,19,10,20,124,18,17,35,14,13,7,15,33,6,10,19,37,4,6,6,10,37,10,37,19,17,28,37,31,46,15,40,65,15,34,51,30,27,21,15,18,66,29,37,30,15,20,9,44,23,21,18,20,58,37,54,39,53,31,11,22,30,22,25,17,28,21,23,24,13,32,23,23,29,29,17,34,12,23,15,15,19,19,29,16,20,31,37,25,24,19,18,24,34,33,34,34,15,42,33,20,58,86,33,60,19,11,3,27,9,31,9,5,4,17,12,24,11,24,59,66,57,13,14,6,32,13,4,13,10,36,46,11,50,45,46,54,33,69,12,13,6,9,20,60,16,43,18,26,16,18,7,8,17,30,14,20,9,5,46,11,15,32,71,26,16,46,27,23,13,14,11,12,20,19,12,9,10,20,-20,18,10,11,29,8,6,20,10,12,-20,12,16,13,12,13,8,17,16,48,15,7,12,71,8,24,14,5,10,25,13,16,19,22,10,11,4,12,-20,10,-20,12,9,7,57,7,18,9,4,27,38,13,15,16,9,10,24,10,11,14,15,13,14,11,9,18,8,13,12,13,7,40,15,10,28,31,23,11,110,14,10,11,9,10,8,8,6,33,8,9,10,10,23,8,17,18,83,36,9,9,7,9,19,21,6,12,7,15,8,17,22,21,6,10,19,18,3,13,11,7,12,12,12,11,50,35,14,11,12,6,12,13,9,17,17,18,12,12,17,12,19,15,14,18,9,7,7,8,14,11,59,12,16,10,7,-20,21,37,9,15,41,56,61,65,21,64,41,9,7,53,51,10,11,40,9,12,71,17,-20,15,33,12,6,13,15,10,12,35,27,8,24,15,8,14,14,21,25,15,20,8,8,16,14,9,35,10,10,35,25,13,15,10,51,12,79,15,18,7,14,24,7,14,20,21,37,48,19,55,50,40,38,30,26,43,15,54,19,16,29,6,12,15,9,31,22,20,14,32,24,35,33,22,11,59,13,22,21,16,31,12,22,39,26,18,3,19,19,30,23,24,80,34,38,58,37,26,56,26,33,73,37,45,55,45,43,26,77,49,27,3,41,29,82,27,8,14,21,25,51,21,33,25,32,40,39,46,5,27,9,94,32,29,35,44,14,25,12,25,18,22,7,16,16,15,19,8,14,15,24,17,18,16,17,18,18,17,28,11,10,9,13,12,16,15,16,25,21,-20,12,13,14,17,5,9,18,13,11,21,29,20,15,28,19,22,34,7,13,25,15,12,23,16,18,7,22,15,12,26,9,12,23,17,17,18,14,17,20,15,17,21,11,16,15,9,12,13,32,18,16,15,15,13,29,17,18,22,12,8,14,5,17,7,16,13,18,25,10,15,5,16,18,11,10,15,8,6,15,16,19,4,9,19,14,22,9,11,19,21,18,7,13,8,2,15,19,6,21,12,10,10,11,4,8,22,12,12,18,14,15,14,6,10,23,17,13,14,33,14,22,15,13,10,9,17,17,25,14,26,16,19,16,7,15,16,30,8,11,28,16,23,11,19,17,5,36,23,23,21,22,6,20,7,14,13,11,18,9,12,30,16,17,6,11,19,14,8,24,9,12,18,16,19,5,7,16,17,14,9,11,10,11,17,9,22,22,18,5,8,9,16,6,111,13,29,30,30,18,28,16,18,30,40,35,23,17,16,29,25,29,25,22,18,18,31,15,16,18,27,24,23,55,27,32,19,21,22,17,15,15,19,31,24,25,9,10,7,21,7,10,8,8,9,10,19,30,14,8,8,26,17,18,9,10,15,13,21,16,22,14,17,17,17,21,11,16,10,30,20,19,18,12,18,17,24,22,13,11,7,-20,9,4,10,9,13,12,3,20,20,9,15,29,10,13,14,20,17,23,18,6,15,18,9,9,19,12,14,20,61,20,16,13,18,11,17,22,23,28,6,14,8,15,7,7,9,26,10,11,10,16,18,21,14,9,16,3,6,13,14,9,12,15,9,7,18,-20,4,8,-20,-20,4,5,6,9,-20,4,3,6,14,6,-20,4,12,7,7,-20,4,8,15,4,7,5,-20,12,8,-20,-20,9,6,4,12,3,4,9,5,5,7,7,3,10,4,9,11,5,-20,11,-20,10,11,13,5,5,7,3,10,9,19,-20,9,11,6,5,10,11,68,25,20,22,25,22,33,30,65,44,93,20,71,43,46,69,54,61
"chr1,22084541",5,10,16,15,10,13,14,16,-20,15,6,7,32,36,15,16,44,18,116,83,61,17,59,49,64,38,26,43,26,5,5,9,15,11,76,66,45,35,20,9,12,37,6,16,5,46,5,78,13,18,30,38,54,21,47,24,55,44,28,42,39,36,47,31,24,15,20,76,70,29,31,25,23,41,34,67,23,9,18,13,23,29,27,6,18,59,31,46,53,24,26,20,50,36,33,38,21,62,13,50,33,45,5,14,31,44,15,46,40,4,16,8,46,43,12,12,61,16,4,8,9,4,18,12,54,9,9,52,19,21,31,6,17,13,43,43,48,8,13,14,7,9,17,10,45,7,11,54,11,11,6,15,14,19,47,13,6,33,75,44,10,15,7,7,4,21,-20,8,13,14,63,64,30,10,-20,34,20,11,19,126,18,17,34,13,13,8,14,31,6,11,19,37,4,6,6,9,38,10,37,18,17,29,36,30,44,15,38,62,16,35,52,29,27,20,15,16,64,29,38,28,15,20,9,45,23,21,19,20,57,35,53,39,52,31,13,21,30,22,25,17,28,22,23,24,12,31,23,25,29,30,17,36,12,23,17,15,21,19,27,17,20,31,37,24,22,17,18,22,34,33,34,34,15,41,33,20,60,88,31,62,18,11,3,27,9,31,9,5,4,16,12,22,11,23,65,68,56,13,13,7,31,13,4,13,10,36,43,11,48,45,46,56,34,70,13,14,7,9,20,58,16,44,18,25,17,19,7,8,19,30,14,20,9,5,48,12,14,35,72,26,13,47,27,22,11,14,11,12,20,19,13,9,10,20,-20,20,10,11,30,8,6,20,9,12,9,12,15,12,12,13,9,15,16,47,15,7,12,70,8,24,14,5,10,25,14,19,20,21,10,12,4,12,-20,10,14,13,9,6,56,7,19,9,4,28,38,13,15,17,8,9,23,9,10,15,15,13,14,12,9,18,8,14,12,13,7,40,15,11,27,30,24,11,106,13,10,12,9,10,8,8,7,34,8,9,10,10,24,8,17,17,84,36,9,8,7,7,19,20,6,11,7,16,8,17,21,21,6,9,19,17,3,14,12,7,12,13,12,12,53,34,15,14,13,6,12,12,9,18,17,18,11,14,17,12,20,17,14,16,9,7,7,8,14,12,60,12,16,9,7,-20,21,37,9,16,40,56,61,61,22,62,39,9,7,53,54,9,11,38,10,13,71,19,-20,15,31,12,7,13,14,10,12,33,27,8,24,16,8,13,12,21,25,15,20,9,7,16,15,10,34,9,10,35,24,13,13,10,52,12,78,16,18,7,14,25,8,16,20,21,37,47,19,56,50,38,36,31,26,43,15,55,20,17,28,6,12,14,10,30,22,20,14,33,24,32,33,22,11,61,13,22,20,16,30,11,22,37,26,17,3,20,20,27,25,23,78,35,38,57,35,25,55,26,31,72,36,45,55,44,42,27,77,48,28,3,42,28,76,26,8,15,22,25,51,19,34,23,32,40,37,39,5,26,9,94,32,28,33,44,14,26,12,25,18,22,7,16,15,16,19,8,14,15,23,17,17,15,16,18,17,16,27,11,9,8,13,13,16,14,16,25,21,-20,12,13,13,17,5,9,18,13,10,22,28,21,16,28,17,22,34,6,13,25,12,11,24,16,17,7,21,15,11,26,9,10,23,16,17,18,15,17,18,16,16,21,10,16,15,9,11,13,28,16,15,15,15,12,29,17,19,21,12,8,14,5,17,7,15,12,18,25,10,15,5,16,16,11,10,15,8,6,15,16,18,4,9,20,13,22,9,11,17,21,19,7,13,8,-20,16,19,6,21,12,11,10,11,4,7,22,10,11,18,15,15,14,6,10,23,17,13,13,31,15,22,15,14,10,9,19,17,25,14,27,16,19,17,7,15,16,30,8,11,28,16,23,11,18,17,5,36,21,23,21,22,6,21,7,13,13,11,17,9,12,30,16,17,6,11,19,14,8,25,9,12,18,16,19,5,7,15,16,14,9,11,11,12,17,10,22,22,18,5,8,9,15,7,107,13,25,29,32,18,30,16,19,30,39,34,23,17,16,29,24,28,25,23,18,19,28,14,16,19,27,25,23,55,26,31,19,21,21,17,15,15,19,31,26,25,7,10,7,21,7,10,7,7,9,10,19,30,14,8,8,26,17,18,9,10,14,12,21,16,22,13,17,18,18,20,11,16,9,31,22,19,18,12,18,18,23,22,13,11,7,-20,9,4,10,9,13,12,-20,20,19,9,15,28,11,12,14,20,16,22,18,6,15,17,8,9,19,12,15,20,60,19,16,13,18,11,18,21,22,27,6,13,8,15,7,7,9,27,9,13,10,16,16,20,13,9,16,4,6,12,13,9,12,15,9,7,18,4,5,7,-20,-20,4,4,6,8,-20,4,3,6,12,6,11,4,10,7,8,-20,5,8,13,5,6,6,-20,11,7,-20,-20,9,6,4,13,4,-20,7,5,6,6,7,3,11,5,10,13,5,3,12,4,8,9,14,3,5,5,-20,9,10,18,-20,9,7,6,4,-20,11,68,25,20,23,25,22,34,32,65,45,93,20,71,44,48,68,57,62
"chr1,22084548",6,10,14,16,11,15,16,19,-20,13,6,7,30,35,14,15,46,16,114,79,60,17,60,46,66,38,24,42,23,3,4,9,14,12,74,64,43,34,18,11,12,41,5,19,4,47,-20,74,13,16,31,35,56,22,49,25,57,47,28,37,39,36,38,30,22,14,22,77,65,30,31,27,24,40,34,62,26,9,16,16,23,29,25,5,18,57,27,48,49,23,26,19,51,39,31,38,23,62,13,50,33,48,5,12,29,41,15,43,40,4,14,8,48,44,13,12,59,19,5,8,10,5,19,12,60,12,9,54,17,19,31,9,18,11,43,42,44,8,12,15,8,9,17,11,46,8,8,55,11,11,7,16,16,19,49,11,6,31,79,44,11,17,9,-20,6,22,6,8,13,14,64,61,21,11,5,29,19,10,21,123,17,18,30,11,13,6,14,31,5,11,20,37,4,5,7,7,32,10,39,16,17,28,36,30,43,18,37,60,15,33,57,26,31,19,15,16,64,29,40,30,14,19,10,45,22,21,21,25,57,35,53,40,50,35,11,19,28,22,27,17,28,22,24,26,12,26,22,28,27,35,16,35,12,22,17,17,21,19,28,15,18,28,38,25,22,17,20,20,36,33,35,39,18,34,33,22,57,86,30,60,19,13,4,27,11,35,11,3,6,17,13,23,12,21,67,90,52,13,12,8,27,14,5,15,9,35,41,11,48,43,48,55,30,72,13,14,7,7,22,46,16,40,18,26,16,21,6,7,18,31,12,19,10,5,44,12,12,34,72,23,13,47,27,24,11,14,11,12,17,21,12,9,10,18,-20,19,9,10,24,8,7,18,7,12,9,10,13,12,11,12,8,14,15,48,15,6,11,68,9,24,13,4,10,19,13,19,17,18,10,12,4,12,-20,11,14,14,11,6,49,7,19,7,-20,26,37,12,17,18,8,9,19,10,9,16,18,14,14,11,7,17,8,14,12,11,6,39,12,12,25,28,23,11,99,14,11,12,8,10,8,9,-20,34,9,8,10,10,26,11,16,16,80,35,9,7,8,5,19,20,6,10,7,17,7,15,17,20,6,11,18,18,-20,14,13,7,13,14,12,13,53,36,15,14,14,7,12,15,11,17,15,21,10,14,21,16,21,18,14,15,9,6,8,8,13,12,58,13,17,8,6,-20,20,34,9,15,39,57,53,59,26,56,38,8,8,49,55,10,11,33,10,14,71,22,-20,14,31,11,6,12,11,10,12,37,31,11,25,17,7,11,11,23,25,15,19,9,7,16,14,12,34,7,8,35,24,13,12,8,48,13,79,16,17,7,14,24,10,15,19,17,37,47,22,59,52,39,36,30,26,47,16,56,21,20,33,7,11,13,11,30,24,23,14,34,26,34,35,25,15,59,13,19,19,18,33,11,23,37,29,17,3,20,19,25,26,20,79,36,37,54,35,27,51,24,32,74,33,46,56,44,34,28,72,55,30,-20,40,35,73,31,9,16,24,28,51,20,31,21,33,38,42,39,5,30,13,94,33,27,25,45,15,24,13,27,22,19,10,18,17,19,19,13,15,16,22,18,22,15,17,15,20,19,24,12,8,8,14,12,16,14,14,26,22,-20,13,13,12,18,6,9,17,15,10,24,33,21,16,31,17,20,32,7,15,25,14,13,25,14,17,8,23,13,11,27,8,12,23,18,17,20,16,16,19,16,19,21,10,15,15,8,12,15,28,16,19,17,15,11,29,19,17,20,12,14,13,6,16,6,15,11,18,21,10,18,5,18,20,13,10,16,10,7,16,14,17,5,10,18,16,23,9,12,17,23,19,10,13,10,3,15,21,6,21,12,10,11,13,5,7,25,10,-20,21,17,15,14,8,8,23,18,13,15,28,20,23,14,14,9,8,17,18,26,15,25,16,23,17,7,16,16,33,10,11,26,14,24,11,18,17,4,35,21,22,24,26,5,20,8,14,16,13,17,10,9,28,16,16,7,13,20,18,9,26,10,14,18,18,18,5,6,15,17,16,10,11,7,13,17,9,23,20,17,6,8,8,16,6,107,11,26,30,30,17,30,15,21,34,36,34,25,18,20,33,27,29,29,26,22,23,31,13,18,18,26,25,21,51,28,30,18,26,22,17,15,15,24,30,28,23,8,13,7,24,7,8,4,9,9,8,18,28,13,9,7,25,15,18,8,11,14,14,19,15,19,13,17,18,19,19,14,16,7,35,24,18,18,9,16,19,22,20,12,11,6,-20,8,3,10,10,13,12,-20,19,19,9,16,31,13,9,15,21,17,25,18,7,16,19,10,9,19,14,16,18,65,17,19,14,19,10,18,18,19,27,6,14,9,14,9,7,8,24,11,14,10,16,17,21,13,8,14,5,5,12,9,11,11,15,8,7,17,-20,5,6,-20,-20,5,4,7,10,-20,4,-20,4,9,7,12,3,9,6,9,-20,5,8,13,-20,6,5,-20,-20,6,-20,-20,10,5,5,12,3,5,9,4,11,6,6,3,12,6,9,12,4,3,12,4,9,8,12,4,7,5,-20,12,5,12,-20,9,11,7,4,6,10,66,30,20,21,24,22,32,32,65,47,90,20,61,44,49,66,53,61
"chr1,22084552",6,11,15,15,12,15,15,20,-20,11,6,7,30,34,12,17,46,16,116,79,58,16,59,47,65,40,23,42,23,3,5,9,15,12,75,62,44,33,18,9,14,41,7,19,5,44,3,75,13,16,27,34,55,24,52,26,57,50,29,39,39,36,39,30,21,14,23,74,61,30,33,27,23,40,34,61,24,9,19,17,25,27,23,5,18,51,26,49,49,22,25,17,49,39,31,36,23,57,14,50,33,47,5,11,28,39,16,45,38,5,15,9,47,45,12,11,64,19,6,8,12,7,20,11,58,12,9,60,17,18,32,9,18,10,43,43,45,9,12,15,9,11,17,12,46,8,8,58,11,11,6,16,17,19,49,11,6,33,83,44,13,17,6,7,6,21,6,7,11,15,61,65,24,12,5,28,19,9,22,124,19,20,26,11,11,6,14,25,5,9,21,39,3,4,-20,7,26,12,37,25,19,28,33,29,42,19,36,63,17,35,55,25,30,20,15,14,64,29,40,28,14,19,10,46,27,21,20,25,54,34,51,41,52,33,9,19,30,23,26,19,27,22,24,26,11,27,22,30,31,32,17,34,12,21,17,18,22,20,28,16,18,29,29,23,21,17,18,20,35,30,36,40,17,34,30,20,57,79,31,63,19,13,4,24,12,36,12,3,6,18,12,25,10,19,72,89,54,12,12,8,27,14,5,15,9,33,41,11,48,44,47,55,30,72,13,14,6,7,22,43,15,40,19,25,16,21,7,10,18,29,12,19,11,5,46,12,12,36,75,22,12,47,25,24,11,15,11,13,17,20,12,11,9,18,-20,19,9,9,24,6,7,16,7,12,8,10,12,12,12,12,8,15,15,48,13,6,11,66,9,26,12,4,10,19,13,18,16,18,9,13,4,12,-20,12,13,15,12,6,48,8,20,6,-20,22,37,11,17,16,8,9,22,10,9,16,18,16,14,10,7,17,9,12,10,9,6,39,9,13,25,29,22,10,98,15,11,13,8,10,8,9,7,34,8,7,9,10,27,11,17,18,79,32,9,6,8,5,20,21,5,9,7,16,7,14,15,21,6,13,17,18,-20,14,14,7,13,-20,12,15,53,33,14,15,15,7,12,16,11,16,15,19,10,13,24,17,21,17,14,15,9,6,8,8,13,11,56,13,18,10,5,-20,21,33,9,16,37,57,54,58,25,56,38,8,9,45,55,10,11,32,10,15,73,22,-20,14,30,12,6,12,11,10,10,34,31,11,22,16,8,11,11,22,27,15,18,8,7,16,14,-20,33,6,7,35,24,13,14,9,44,13,79,15,17,7,12,24,10,15,18,15,36,49,22,59,55,39,36,31,29,47,16,59,23,19,35,7,12,14,11,29,24,22,13,34,23,35,35,26,15,62,11,21,19,19,34,10,25,36,29,16,-20,20,18,27,27,22,81,37,42,47,32,-20,49,24,31,78,32,44,54,43,36,29,72,56,31,-20,40,35,72,31,9,17,27,27,53,19,29,18,36,38,40,35,5,31,16,94,30,32,28,45,15,24,15,26,21,19,10,19,17,19,18,13,17,16,22,18,22,16,19,15,19,20,23,11,8,7,14,12,18,15,15,26,21,-20,12,11,13,18,8,9,17,15,10,25,34,22,16,31,17,20,36,6,17,26,16,13,27,12,16,7,21,12,11,27,8,14,21,20,17,19,16,15,19,15,21,21,11,13,15,8,12,14,26,16,19,17,15,12,28,20,17,19,12,15,13,5,17,6,14,13,17,21,10,18,5,19,19,14,10,16,9,8,17,14,17,6,11,18,16,20,8,13,18,23,19,11,11,10,4,14,21,6,19,12,10,13,13,8,7,26,13,17,20,17,16,14,7,9,20,15,13,15,27,21,24,14,16,12,8,17,19,25,16,26,16,24,16,7,14,15,34,10,11,27,13,22,13,19,17,4,34,22,22,25,26,5,20,7,14,17,13,17,11,9,26,16,15,10,13,19,19,9,27,10,13,17,19,18,4,6,16,18,14,11,11,7,11,17,10,25,18,19,7,8,7,15,6,107,11,27,29,29,17,30,16,20,33,38,32,25,19,21,32,26,29,31,26,22,21,31,12,19,18,27,25,18,50,28,32,18,27,23,16,15,15,23,28,30,22,8,14,6,25,7,9,8,10,10,8,19,30,14,7,6,22,19,18,8,12,14,12,19,17,18,12,17,18,20,17,14,16,6,35,25,17,15,9,16,18,23,21,12,10,6,-20,9,3,14,9,12,11,-20,21,19,9,14,31,14,11,15,23,17,26,19,7,14,19,10,10,18,15,17,18,68,15,17,13,21,-20,19,20,20,27,7,14,9,13,9,8,9,25,10,14,11,16,18,20,14,8,13,5,6,16,11,11,13,18,8,10,15,4,6,7,-20,3,4,4,6,10,-20,4,6,4,12,-20,8,3,6,6,10,-20,-20,8,14,4,4,4,-20,11,6,-20,4,13,6,3,17,5,5,5,3,11,7,6,4,12,6,6,12,5,3,12,4,-20,8,12,4,7,-20,-20,8,8,12,-20,8,8,8,4,6,11,58,29,21,23,23,21,35,32,64,47,89,15,56,43,52,67,50,62
"chr1,22084554",5,11,14,14,12,15,16,20,-20,11,7,7,28,33,12,17,46,16,118,79,57,17,60,47,62,39,28,36,22,3,5,9,15,12,75,62,44,37,15,9,14,41,7,19,5,42,3,74,13,16,27,34,57,22,52,26,60,49,27,39,37,36,36,32,20,15,25,71,60,32,34,27,23,40,33,60,24,9,20,17,24,27,23,5,20,50,26,51,49,24,23,16,49,39,31,33,23,55,14,51,31,47,5,11,29,37,16,43,37,5,16,8,47,44,12,12,64,19,6,7,12,7,19,11,57,12,9,63,17,17,32,9,18,10,41,42,43,9,12,15,9,10,17,12,44,8,8,57,11,11,6,15,18,16,48,9,6,33,83,45,13,16,6,7,6,21,5,7,12,16,61,62,22,13,4,28,21,9,21,126,19,17,26,10,11,7,14,26,4,9,23,36,3,4,7,7,24,15,35,25,19,29,30,31,43,20,36,62,16,35,53,25,30,26,15,14,61,29,41,28,14,19,10,47,25,21,22,23,55,34,53,39,52,35,-20,20,31,23,31,18,27,24,23,24,12,30,22,32,31,32,17,33,12,20,19,20,21,20,28,16,17,29,33,23,22,16,18,20,37,27,34,40,18,29,29,21,58,78,31,63,18,13,5,23,12,39,13,3,6,18,12,23,10,18,72,85,55,12,12,8,26,14,5,14,9,33,39,11,50,41,44,53,30,73,13,13,7,7,21,42,14,41,19,26,16,20,7,10,16,29,12,19,11,5,45,12,11,36,76,22,12,44,23,23,10,15,-20,14,16,19,12,11,7,19,-20,18,10,8,24,-20,7,15,7,12,8,10,12,12,12,12,7,13,16,47,13,6,11,62,9,26,13,4,9,20,12,17,16,18,8,10,4,12,-20,12,12,15,12,6,47,8,21,7,-20,22,37,11,17,15,7,9,22,10,10,15,18,16,14,10,7,17,9,12,10,8,8,41,10,12,23,31,22,10,98,15,10,13,8,10,8,9,7,33,8,7,9,11,27,12,17,19,80,30,-20,6,8,5,20,23,5,9,5,16,7,13,14,21,6,13,17,18,-20,13,14,7,11,11,12,14,53,35,14,17,16,7,12,17,11,16,14,18,9,12,26,17,22,20,14,16,9,6,8,7,15,11,55,13,18,9,4,-20,21,31,8,16,38,59,54,52,25,56,36,8,9,45,54,-20,11,36,10,13,72,22,-20,14,31,11,6,13,12,9,11,36,31,11,21,16,8,11,11,21,24,14,22,8,7,18,14,10,33,6,7,36,22,13,14,9,44,12,78,15,17,7,12,24,9,15,18,15,36,48,21,57,54,40,34,31,28,47,16,55,23,19,35,7,12,14,11,29,24,23,13,34,24,33,34,26,15,63,10,19,18,18,33,10,27,35,28,16,4,20,18,29,29,21,82,36,44,44,29,31,50,24,29,78,34,43,53,44,39,30,73,54,32,4,40,34,72,32,9,17,29,25,53,18,28,18,36,38,40,38,-20,30,16,97,30,33,28,45,13,24,15,26,21,19,10,18,17,18,15,13,17,16,23,17,24,15,19,15,19,20,20,10,8,7,14,12,18,16,15,26,21,-20,12,10,13,18,8,9,17,15,10,25,34,21,16,30,17,20,33,6,17,25,16,14,27,12,16,7,21,12,11,27,8,14,20,20,17,18,17,14,18,14,21,21,10,13,15,8,11,13,26,14,18,17,15,12,27,20,17,19,12,15,13,-20,17,6,14,13,17,21,9,16,5,19,19,14,9,16,9,8,16,14,17,6,11,18,16,20,6,13,18,24,19,10,11,10,4,14,20,6,19,12,10,13,13,8,7,26,13,17,20,17,16,13,7,9,20,15,11,15,27,20,24,14,16,12,8,17,19,25,16,27,15,24,17,7,15,15,33,10,11,26,14,21,13,19,16,4,34,21,21,24,25,5,20,7,14,18,13,17,11,9,26,16,16,10,13,18,19,9,27,10,13,17,18,18,4,6,16,18,14,11,11,7,11,18,10,24,18,19,7,8,7,15,6,106,11,26,28,27,17,30,16,19,33,37,32,24,19,21,30,25,29,31,24,21,21,31,12,20,17,27,23,19,49,28,28,18,26,23,15,15,15,23,28,30,22,8,14,6,25,7,9,9,10,10,8,19,30,14,7,6,23,18,18,8,13,14,12,18,18,18,12,17,18,20,16,14,17,6,35,25,16,16,9,16,19,23,21,11,-20,6,-20,9,3,14,8,12,12,3,20,20,9,14,31,14,10,15,23,17,27,17,6,14,18,10,10,18,15,17,18,68,15,16,13,22,10,19,19,20,26,7,13,9,13,9,8,9,25,10,14,11,16,18,20,14,8,12,5,6,17,10,11,13,17,8,10,15,4,6,7,-20,3,4,4,6,7,-20,3,4,3,9,4,8,-20,7,6,8,-20,-20,7,12,-20,3,4,-20,12,7,-20,4,13,6,3,14,6,4,6,3,9,6,7,4,11,6,8,14,5,3,11,2,-20,7,11,4,8,6,-20,8,8,10,-20,8,8,8,4,-20,11,59,29,20,22,23,21,35,31,61,48,89,15,57,43,50,69,51,62
"chr1,22084557",4,14,13,14,13,17,18,24,-20,10,3,7,28,34,15,17,45,16,119,81,56,18,61,46,64,38,28,35,23,3,6,9,15,12,75,62,44,37,18,8,18,41,8,17,5,44,-20,73,13,16,26,33,57,23,51,27,60,48,29,41,37,37,35,32,19,15,26,71,64,32,35,27,22,41,31,59,24,11,20,21,25,25,23,6,21,50,26,52,50,24,22,16,48,41,30,30,25,55,16,55,32,44,5,11,29,37,16,43,37,6,12,9,48,43,12,15,61,23,9,9,12,9,18,9,56,14,8,63,19,18,33,9,17,10,40,41,43,9,10,16,12,11,15,15,41,8,11,57,16,13,7,15,17,13,51,9,6,33,82,44,15,17,7,8,8,21,6,9,13,15,62,58,21,11,4,27,21,9,23,127,18,17,26,10,9,7,14,27,4,7,26,35,3,4,7,7,26,14,33,25,19,29,31,32,45,18,30,70,16,33,53,27,32,27,16,15,58,28,42,28,13,19,10,45,24,21,21,23,57,34,51,37,53,37,10,18,32,22,31,20,28,25,25,22,12,30,22,32,34,31,15,31,11,19,16,22,20,20,25,17,17,30,30,23,22,14,19,21,36,25,35,38,19,31,30,23,58,79,29,62,18,12,5,21,12,39,15,4,8,16,8,25,11,18,86,85,61,13,16,10,25,14,7,17,8,33,39,11,51,40,45,53,30,70,13,13,6,7,22,39,14,37,18,27,14,19,7,10,16,24,12,18,10,5,48,12,11,35,76,22,12,44,24,24,11,14,11,14,16,19,14,10,7,21,-20,19,11,8,26,4,7,13,7,12,8,10,12,13,13,12,8,13,18,47,14,5,9,63,9,23,14,4,8,20,13,17,16,18,8,9,4,12,-20,12,12,15,12,6,47,8,21,8,-20,20,36,11,17,15,8,9,23,11,9,15,18,16,14,11,7,17,9,11,10,8,8,36,11,11,22,33,22,11,96,16,10,12,8,10,-20,9,7,32,-20,7,9,12,27,12,16,17,80,29,-20,6,8,5,22,24,5,9,5,18,7,12,15,21,6,13,16,18,-20,14,14,6,11,11,12,13,54,36,14,16,14,6,12,17,12,17,14,21,9,12,29,17,22,18,14,17,9,6,8,7,13,12,53,12,18,8,6,-20,20,31,8,16,35,57,54,53,25,55,36,8,11,46,52,11,12,37,9,13,72,24,-20,14,29,10,6,12,12,9,11,35,30,10,20,15,8,11,12,23,23,15,22,7,7,-20,14,10,34,6,6,35,22,13,16,9,44,11,75,16,16,7,14,24,10,13,19,15,33,47,22,55,56,37,34,31,27,51,13,57,24,21,37,8,14,18,10,27,26,25,13,32,26,33,39,24,16,70,10,19,19,19,34,10,32,36,32,16,3,19,-20,32,33,22,82,35,43,41,26,31,49,25,30,79,33,42,59,43,41,27,72,52,31,3,43,33,73,32,9,18,30,25,54,16,27,19,38,34,38,38,6,30,16,97,34,29,27,44,14,24,17,29,20,20,16,18,19,18,20,17,18,15,23,19,25,16,18,16,19,23,19,10,9,7,13,12,20,16,16,26,22,-20,13,-20,13,19,10,13,16,15,15,28,36,25,17,28,16,22,33,5,23,29,17,13,28,16,16,6,21,14,13,27,8,17,21,19,17,20,20,15,18,14,21,20,12,14,19,8,11,11,29,15,18,15,15,14,26,17,14,18,11,14,14,3,23,9,16,12,13,22,8,17,9,19,20,15,10,16,9,10,17,13,18,6,12,20,17,20,6,13,19,19,22,10,12,12,6,16,20,7,19,10,9,11,15,7,6,22,14,17,23,14,15,13,8,8,20,18,12,12,32,21,22,18,21,11,10,18,19,25,16,28,12,22,16,7,14,16,37,11,14,29,11,20,11,22,13,3,36,22,23,27,27,5,21,6,15,23,13,19,13,9,26,17,16,11,14,15,21,12,26,9,13,16,20,19,4,11,13,18,14,13,8,7,12,17,10,30,17,20,9,8,7,15,6,103,12,25,25,29,18,31,14,23,35,42,34,26,22,22,35,26,29,32,25,25,21,33,15,23,19,28,21,19,51,27,25,18,28,23,17,16,14,24,27,30,24,13,17,8,26,8,10,10,10,13,9,20,30,14,8,7,24,19,16,7,14,12,14,19,20,24,14,15,20,20,16,15,17,9,37,25,18,17,9,16,18,20,22,13,14,5,-20,10,3,14,7,13,11,4,20,18,8,16,29,15,12,16,24,18,29,17,10,14,20,10,8,18,18,17,18,70,15,18,12,24,14,21,20,21,26,8,13,9,12,10,8,7,28,10,15,11,15,19,21,15,11,16,7,7,20,12,12,15,17,8,10,14,5,-20,7,-20,-20,3,-20,5,10,-20,3,5,4,8,6,6,-20,5,5,9,-20,-20,6,11,4,4,5,-20,11,7,-20,4,13,10,3,17,8,3,6,3,11,5,9,-20,10,-20,8,18,5,3,6,3,8,7,12,4,8,9,4,-20,9,10,-20,6,9,-20,3,4,11,58,30,20,25,24,21,34,33,67,51,95,15,53,41,50,70,50,58
"chr1,22084569",3,18,14,8,14,13,17,21,-20,9,5,8,28,34,14,16,43,13,119,69,50,17,63,43,65,36,24,43,22,5,7,9,15,15,79,61,43,34,16,6,18,40,10,20,8,40,5,70,11,18,22,34,52,25,54,26,60,45,29,38,41,40,37,32,19,15,24,73,62,29,31,28,20,43,28,52,24,12,21,25,22,22,22,9,20,49,35,56,48,22,23,21,39,41,33,30,27,56,20,52,27,45,6,11,26,40,11,43,37,8,12,8,45,43,12,14,57,19,9,7,12,10,13,7,54,16,6,66,16,19,33,12,14,-20,39,44,42,9,9,15,11,11,18,16,42,12,16,51,14,12,8,11,14,16,51,9,4,34,74,42,14,16,8,6,9,15,-20,10,12,16,59,68,21,12,3,25,22,12,22,137,14,16,26,6,13,6,13,23,7,6,23,39,-20,3,9,5,24,12,40,28,16,24,30,26,42,15,31,71,13,28,52,28,31,29,14,15,47,24,31,28,14,15,12,47,26,16,22,19,54,34,51,40,55,36,10,11,25,18,26,18,27,23,23,25,10,32,22,31,32,36,16,27,9,19,15,29,22,24,24,19,15,27,22,17,15,17,19,20,30,25,38,36,17,34,28,23,55,80,27,57,20,12,6,21,13,33,13,4,7,21,7,23,11,17,93,74,55,11,14,11,26,12,8,16,9,30,37,9,47,40,44,51,31,62,10,11,6,11,25,30,14,36,20,22,18,18,6,7,16,27,11,17,12,6,42,14,7,33,73,23,11,43,24,26,12,17,10,14,15,20,9,10,8,21,-20,18,10,6,27,4,8,13,7,8,8,12,12,12,12,12,12,13,19,47,15,8,10,62,8,21,14,3,10,15,19,20,17,16,7,10,5,11,-20,12,13,16,10,4,43,8,19,8,-20,14,35,9,15,14,10,8,24,10,9,17,14,16,12,10,7,18,7,10,8,5,7,32,15,12,21,29,21,11,93,16,14,13,9,11,5,9,8,31,7,9,8,11,22,11,17,16,82,29,9,6,7,6,21,24,5,9,6,20,8,12,13,20,7,14,14,16,-20,13,14,4,10,9,11,16,59,32,13,21,12,5,11,16,14,16,12,22,11,9,25,20,15,25,13,17,8,7,7,5,10,9,50,11,22,6,5,-20,20,30,8,16,38,56,49,48,25,50,33,9,11,44,48,12,10,41,10,14,68,29,-20,15,36,13,7,11,11,-20,13,34,26,8,19,17,10,11,14,25,22,15,15,8,6,20,14,11,34,6,7,36,30,15,14,8,38,15,72,12,14,6,11,19,8,17,21,15,30,43,23,51,54,34,31,34,22,51,15,54,25,20,39,5,12,22,13,31,21,24,11,33,29,32,35,22,17,70,7,17,18,18,39,13,30,32,34,13,5,14,15,34,34,17,76,39,40,46,27,31,39,28,27,75,29,44,48,44,40,30,73,58,32,-20,35,32,66,29,10,18,29,26,57,18,30,19,40,30,34,39,6,30,14,91,31,31,23,39,11,18,17,28,-20,24,18,15,19,18,21,17,16,13,23,18,27,20,15,17,16,23,17,10,8,12,6,13,26,17,12,26,17,-20,13,9,13,16,9,15,16,13,13,31,35,27,16,30,16,22,26,6,21,26,15,13,29,16,11,9,16,15,12,25,5,15,18,17,15,21,19,19,19,9,17,25,10,15,17,10,16,10,29,15,17,14,18,15,26,20,15,20,10,15,15,-20,24,6,14,12,9,25,6,20,7,21,19,14,9,13,7,11,15,13,18,7,11,19,-20,18,5,12,19,17,18,12,8,10,8,15,20,5,15,9,10,7,18,9,5,21,11,13,24,14,14,10,9,7,16,15,9,12,35,24,20,18,20,12,11,17,19,26,13,33,12,22,13,7,13,16,40,11,12,27,9,19,9,18,12,-20,33,22,22,23,23,4,19,3,13,25,13,17,12,7,23,14,13,10,12,18,22,11,23,9,14,18,17,19,-20,11,16,19,13,12,7,7,12,14,10,29,15,16,9,8,9,15,6,97,12,23,26,25,14,32,11,27,39,39,34,23,20,27,34,23,27,29,25,27,23,30,18,18,21,25,20,19,51,25,24,20,26,21,21,18,15,21,24,30,22,16,15,8,21,10,8,10,8,16,7,17,24,15,8,8,19,13,12,6,12,12,14,22,21,25,14,16,19,18,19,19,14,9,34,24,17,14,7,14,21,18,20,17,12,5,-20,10,-20,15,6,11,9,5,19,20,6,15,23,18,12,15,22,19,31,19,11,15,18,8,6,11,14,21,17,65,15,17,14,22,14,23,20,23,26,7,11,8,10,11,7,7,26,9,13,8,13,15,21,19,13,14,7,7,20,12,14,13,14,6,9,13,5,6,-20,-20,4,-20,-20,-20,16,-20,3,9,4,8,5,9,-20,4,5,8,-20,6,6,14,4,4,6,-20,8,5,-20,6,12,7,4,15,6,-20,-20,4,11,4,7,3,9,5,7,16,7,5,6,3,9,5,14,8,9,12,5,8,9,8,-20,6,9,5,6,3,11,57,30,20,24,23,22,30,36,66,49,111,-20,68,41,48,66,48,61
"chr1,22084571",3,19,15,8,15,14,17,20,3,9,5,8,29,35,15,15,41,12,114,68,51,17,64,45,63,38,24,44,23,5,8,9,14,16,81,58,39,34,16,6,18,38,9,20,8,40,-20,70,11,19,22,33,51,24,56,25,60,46,29,40,42,42,35,31,17,15,24,73,60,29,31,29,20,43,29,53,23,13,20,25,22,20,24,9,20,45,34,57,50,22,23,21,38,40,32,30,27,55,21,52,27,45,7,11,26,39,11,44,37,8,14,8,46,42,13,16,58,22,9,8,12,10,13,10,55,17,8,63,17,20,33,12,14,10,37,44,44,10,10,14,11,12,18,17,43,14,16,51,15,13,8,12,16,15,53,10,4,37,75,44,14,16,9,6,10,15,7,10,12,16,62,67,24,11,3,24,20,12,19,137,14,15,26,6,13,6,13,21,7,6,23,39,-20,3,10,6,24,12,40,31,14,23,30,25,42,16,28,71,13,27,53,26,30,-20,14,15,46,24,30,27,14,13,11,45,24,16,21,15,55,33,52,40,55,35,10,12,25,20,27,18,27,24,22,25,10,28,22,31,32,37,15,25,10,19,15,27,22,24,25,21,14,25,22,18,14,17,19,18,34,26,38,34,17,34,28,25,55,83,28,58,21,12,6,21,14,33,15,5,10,21,7,25,10,16,78,72,55,11,14,11,25,13,8,16,9,31,35,9,46,39,47,52,31,61,10,11,6,11,25,30,14,37,21,22,17,20,6,8,16,29,11,17,10,6,39,14,6,34,77,23,11,43,23,25,11,17,10,14,15,19,9,10,8,21,-20,17,11,5,26,4,6,13,7,8,8,12,12,12,11,11,13,13,19,46,14,8,10,63,8,21,13,3,10,16,19,22,17,15,6,9,5,10,-20,11,-20,14,12,4,41,8,19,7,-20,14,33,9,14,15,10,8,25,11,9,18,14,17,12,10,7,18,8,10,7,3,7,32,14,12,21,30,20,11,95,16,15,13,10,10,5,9,9,30,7,9,8,12,23,10,15,16,79,29,10,6,8,5,21,24,5,9,7,21,8,9,13,18,7,13,13,17,-20,13,13,4,9,9,11,14,54,32,14,23,12,5,11,16,14,15,11,21,10,9,25,18,16,22,13,-20,8,6,7,5,9,8,46,12,22,6,5,-20,20,32,9,15,39,59,46,48,25,51,34,11,14,46,47,12,10,38,10,14,69,28,-20,13,35,14,6,11,11,7,13,29,24,8,20,18,7,11,14,27,25,15,16,8,5,-20,14,11,34,8,7,38,29,15,15,6,38,15,72,12,13,6,11,20,9,18,20,14,30,44,24,56,52,35,29,34,23,51,15,56,25,20,39,5,12,22,13,31,23,24,11,33,30,35,36,21,17,74,7,17,18,18,40,13,30,32,35,13,6,14,14,35,35,17,77,35,41,45,29,32,37,28,28,71,28,41,46,38,35,30,74,61,32,-20,32,32,65,29,11,17,30,26,58,18,31,17,40,28,33,37,7,27,14,90,29,30,24,39,11,17,17,28,18,23,18,15,18,18,19,17,17,13,23,19,27,23,15,18,16,24,17,10,10,12,6,13,26,18,13,26,16,-20,13,10,13,16,9,15,16,14,14,32,36,28,18,32,19,23,26,6,21,27,15,13,29,16,11,10,17,15,12,26,5,-20,18,17,16,21,19,19,20,9,17,27,11,15,18,11,16,10,32,17,18,15,19,15,26,20,15,22,10,16,15,-20,24,7,15,12,9,25,6,19,7,20,21,16,9,13,7,11,16,13,18,8,11,19,18,18,5,13,19,18,19,13,9,10,-20,16,19,5,15,9,11,8,18,10,5,22,11,13,25,14,14,10,10,9,16,16,11,12,34,24,21,18,21,12,10,17,20,26,14,33,12,23,13,7,13,16,40,12,12,27,9,20,9,21,12,-20,33,22,21,26,23,4,19,3,14,25,13,17,12,10,23,13,12,11,13,18,23,12,25,9,14,19,18,19,-20,11,16,17,13,12,8,7,12,15,10,29,17,18,9,8,9,15,6,95,12,26,25,27,15,33,11,30,39,41,34,22,20,26,34,26,28,31,26,27,24,30,18,18,22,25,22,20,52,25,26,20,26,21,21,18,15,22,24,31,22,16,14,8,22,10,10,10,8,16,7,17,24,15,8,8,21,14,12,5,12,12,14,22,21,27,15,16,20,21,19,19,14,9,35,24,17,16,8,14,21,19,20,18,12,5,-20,10,-20,15,7,11,9,5,19,20,6,15,24,18,13,15,22,20,33,19,12,17,19,8,6,11,14,20,17,65,-20,18,14,23,14,23,22,24,28,7,12,8,10,11,7,7,26,9,13,9,14,16,23,19,14,14,7,7,20,12,14,14,15,5,9,14,6,-20,6,-20,4,-20,5,-20,15,-20,3,8,4,11,5,9,-20,4,6,7,-20,6,5,13,5,-20,7,-20,7,4,-20,6,11,6,4,17,9,5,8,4,10,-20,9,3,-20,4,8,15,6,4,4,4,9,5,13,6,8,12,5,7,10,6,-20,5,9,5,5,4,11,55,31,20,26,24,23,30,34,66,50,111,-20,69,42,47,67,48,59
"chr1,22084574",3,19,13,8,15,14,17,20,4,9,5,8,30,33,14,15,42,10,108,67,52,18,62,45,66,40,23,42,24,7,9,10,15,16,83,59,38,34,16,6,18,41,9,18,8,43,6,70,11,19,22,32,52,23,55,24,62,45,30,41,46,43,36,30,17,14,25,74,59,27,31,30,20,43,29,52,23,13,20,25,22,20,26,9,20,39,36,60,50,21,24,20,38,39,32,29,28,57,21,51,25,44,6,10,27,40,11,46,38,7,14,8,47,40,13,16,58,23,9,9,12,10,13,10,54,17,8,63,17,20,34,12,13,10,37,45,42,10,10,15,11,12,18,17,44,14,16,50,16,13,8,12,15,15,52,9,4,34,75,46,15,16,9,6,10,16,8,10,12,15,63,72,24,10,3,23,15,11,19,146,16,15,25,6,13,6,14,21,7,7,28,38,-20,3,10,6,22,13,39,31,11,23,31,25,43,16,25,70,15,27,56,30,34,31,13,15,46,22,29,-20,14,13,10,49,23,16,21,15,54,32,52,41,54,32,11,12,24,20,26,18,26,25,22,23,9,27,21,29,32,36,14,25,10,21,15,28,23,24,24,22,11,24,22,18,11,17,19,15,34,22,36,33,18,38,28,24,55,81,28,55,18,12,6,22,13,32,16,5,10,21,7,23,10,18,79,72,52,11,14,12,26,13,-20,16,9,31,34,9,46,41,48,51,31,60,9,11,5,10,24,28,15,37,20,23,15,20,7,10,17,31,11,17,10,5,40,14,6,38,80,21,9,40,24,25,10,18,10,14,16,19,9,10,8,20,-20,17,11,6,26,5,4,14,6,10,8,12,13,12,12,11,14,13,19,46,13,8,10,64,8,22,13,3,10,16,17,22,18,14,9,9,5,10,6,11,13,15,12,5,42,10,20,6,-20,12,34,10,15,14,9,8,24,11,9,18,13,17,12,10,6,16,8,10,7,4,7,32,14,12,23,33,18,10,95,16,15,14,9,10,5,9,10,31,8,8,8,12,23,9,15,16,82,28,10,6,8,6,20,23,5,10,7,21,8,11,12,19,7,14,13,17,-20,13,14,5,9,10,11,15,54,33,15,23,13,6,11,16,15,14,11,24,10,9,25,18,19,22,13,16,8,6,7,4,9,9,48,13,23,-20,5,4,20,30,9,15,38,57,51,52,25,50,33,11,14,46,48,12,11,42,10,13,73,26,-20,15,33,15,7,11,11,7,13,29,24,8,22,18,7,10,13,28,24,16,18,10,5,20,13,12,33,8,8,39,26,15,15,6,39,15,71,13,13,5,11,19,9,18,20,9,31,44,24,56,53,36,29,34,23,49,15,55,26,20,40,5,11,23,12,32,23,24,11,33,31,35,36,22,17,71,7,17,18,19,41,13,30,33,35,13,6,14,15,39,39,17,76,39,41,41,26,29,37,28,28,70,29,37,48,38,35,32,72,62,30,-20,30,32,70,30,11,18,29,25,59,19,27,16,38,28,31,37,6,26,15,90,31,27,27,36,10,16,17,28,17,24,18,15,17,18,19,17,17,13,23,19,27,23,17,16,15,23,17,10,10,11,6,13,26,18,13,26,16,-20,13,10,13,16,8,15,16,15,14,32,36,29,18,32,19,23,24,6,21,28,14,12,29,16,11,10,17,15,14,26,5,15,18,17,16,20,19,19,20,8,16,27,10,15,17,11,16,10,34,16,18,15,19,15,26,20,14,22,11,16,15,-20,24,7,15,12,-20,24,6,20,7,21,21,16,9,13,7,11,16,13,18,8,11,18,18,20,5,13,19,17,19,13,9,9,8,17,19,5,15,9,10,8,17,10,5,22,12,13,24,14,15,10,10,10,16,17,11,12,33,24,21,18,21,12,10,16,20,26,14,33,12,23,13,7,13,16,40,12,12,26,9,21,9,22,12,-20,33,21,20,26,23,-20,19,3,14,26,12,17,12,10,24,13,12,11,13,18,22,12,25,9,14,19,18,19,-20,11,17,18,13,12,8,7,12,15,10,29,17,19,9,9,9,15,6,95,11,26,26,27,15,30,11,29,40,41,33,23,19,27,35,26,29,31,26,27,24,30,18,19,21,25,22,20,51,25,26,20,26,22,21,18,15,22,24,32,22,16,14,8,22,10,10,10,8,16,7,16,24,16,9,8,21,15,11,5,11,12,14,22,21,26,14,16,20,21,20,19,15,9,36,24,17,16,8,15,21,19,20,18,12,5,-20,10,-20,15,7,11,9,6,19,21,6,15,24,18,13,15,22,20,33,19,12,17,19,8,6,11,15,22,17,65,14,18,14,23,14,23,22,24,29,7,12,8,10,10,7,7,26,9,13,9,15,16,23,19,14,14,7,7,20,12,14,14,15,5,9,14,7,5,7,-20,4,-20,5,-20,14,-20,-20,9,3,11,5,8,3,-20,7,7,-20,7,5,15,7,4,8,-20,6,6,-20,5,11,-20,4,19,8,7,10,3,11,-20,11,3,-20,5,7,14,5,4,6,4,7,5,15,6,7,11,4,9,10,6,-20,6,10,5,5,6,11,53,31,19,25,23,22,30,32,66,49,111,-20,71,41,47,73,47,60
"chr1,22084576",3,18,14,10,15,14,17,20,5,9,5,8,31,33,14,15,42,11,111,63,52,18,60,44,68,39,25,44,24,7,9,10,15,17,84,59,39,34,21,9,18,42,12,18,7,43,6,68,10,18,25,32,53,24,54,23,64,47,32,41,48,44,37,31,18,13,25,71,58,28,29,32,21,43,30,51,21,13,21,25,18,21,26,-20,20,37,35,57,49,21,26,19,39,41,32,28,30,56,22,48,25,42,6,10,26,39,11,45,36,7,14,8,47,40,12,17,54,22,10,9,12,11,13,11,54,17,9,63,17,23,33,12,13,10,39,47,44,10,10,16,11,13,18,18,41,14,16,48,17,13,8,10,14,14,51,9,3,32,73,43,15,15,10,8,11,17,8,10,12,15,65,72,24,9,3,21,15,10,21,144,15,15,24,6,13,6,10,22,6,7,27,39,2,2,9,7,22,13,38,30,12,25,30,26,44,18,22,68,15,25,58,29,36,30,13,15,43,21,26,28,14,13,10,48,22,16,21,15,53,32,50,40,56,32,9,11,23,21,24,18,26,25,24,22,8,28,21,28,30,35,14,25,10,21,16,28,23,21,25,22,9,24,22,19,14,16,19,15,32,22,34,30,18,37,29,23,55,84,28,55,15,12,6,22,13,32,17,5,9,21,7,24,10,18,92,71,54,11,14,12,24,16,9,17,8,31,33,9,45,40,47,47,30,61,9,11,4,10,26,23,15,37,20,23,15,20,7,10,16,28,11,19,10,5,40,14,5,40,78,20,7,40,24,24,-20,19,-20,14,15,20,9,11,8,21,-20,16,11,6,25,5,4,14,-20,10,8,10,13,11,12,11,14,14,19,46,13,8,10,65,9,22,13,4,10,16,17,23,17,14,8,9,5,9,6,11,12,15,12,5,43,10,18,6,-20,11,30,10,16,17,9,7,25,11,9,19,13,17,12,10,6,17,8,9,8,4,7,29,13,12,23,32,20,9,96,18,15,14,8,10,5,9,10,31,8,8,9,12,24,9,15,16,83,27,10,6,9,6,20,22,5,11,7,21,7,12,14,19,7,14,13,16,-20,13,13,5,9,10,10,15,52,33,14,22,13,6,11,17,15,14,10,24,10,10,24,19,20,22,14,15,7,5,7,5,9,10,48,15,25,11,5,3,20,28,8,15,39,58,53,50,24,49,33,11,13,47,49,12,11,43,11,13,72,25,-20,15,35,15,7,11,11,-20,13,28,24,9,21,16,7,10,13,28,23,15,18,10,5,21,13,14,33,8,9,37,26,15,15,6,41,15,73,13,14,6,11,19,9,18,19,9,32,46,24,56,55,34,31,31,22,47,15,54,26,20,40,5,12,23,14,30,23,23,10,35,35,37,37,22,19,71,8,18,18,20,43,14,30,33,37,12,6,15,16,39,41,17,74,39,44,37,27,28,38,28,31,68,30,35,50,37,35,31,71,63,29,-20,30,32,72,31,11,16,29,26,60,19,30,17,38,29,29,37,6,27,15,90,31,27,27,35,9,16,17,30,18,25,18,15,18,18,19,17,16,14,23,19,27,24,17,17,15,25,17,11,10,12,6,13,25,17,18,27,15,-20,13,10,13,15,8,16,17,15,14,32,36,29,18,33,20,24,28,6,20,29,14,-20,29,-20,10,11,17,16,14,29,5,15,19,18,16,20,19,20,18,12,16,29,10,15,18,11,19,9,36,16,18,14,20,16,27,19,15,21,9,16,17,-20,22,7,15,11,-20,25,6,20,7,23,21,15,11,13,7,11,16,13,20,8,11,20,18,20,6,14,21,17,22,13,9,11,8,17,19,5,16,9,11,8,19,10,5,22,12,13,24,14,15,12,10,10,16,17,11,12,33,25,21,19,21,12,10,16,20,26,14,34,12,24,13,7,13,15,41,14,13,27,9,21,9,22,11,-20,34,21,20,31,24,-20,18,-20,15,27,12,18,13,12,28,13,12,11,15,18,23,11,23,9,14,19,18,19,-20,12,17,19,14,12,8,8,11,14,9,30,17,18,10,9,8,15,6,95,11,27,26,27,16,33,12,31,40,44,34,25,20,26,35,27,32,32,28,28,28,32,18,19,20,24,22,23,53,24,25,21,25,22,20,18,16,23,28,35,22,16,14,8,24,10,10,11,9,16,8,16,25,16,9,8,22,15,11,5,12,13,14,25,20,30,15,16,22,21,19,19,14,9,37,25,17,16,8,16,21,19,20,18,15,4,-20,10,-20,15,7,11,9,6,20,21,7,16,25,18,13,15,22,20,32,19,12,21,19,9,6,12,14,22,17,64,14,18,15,24,15,23,22,24,29,7,12,8,10,10,7,8,26,9,13,9,15,16,24,19,14,14,7,-20,20,-20,15,14,15,5,9,12,7,5,7,-20,4,-20,5,-20,15,-20,3,-20,3,10,5,6,3,5,7,6,-20,7,5,15,6,5,7,-20,8,7,-20,4,-20,5,5,17,-20,8,8,3,10,-20,11,3,10,5,6,15,5,4,6,4,9,4,15,6,8,11,5,7,9,7,-20,5,11,4,4,5,11,49,31,19,25,23,21,30,30,65,49,105,-20,71,40,46,71,47,59
"chr1,22084581",3,18,14,10,15,14,17,20,5,9,5,8,25,33,14,16,38,11,108,65,53,18,56,39,68,41,25,39,24,8,9,10,16,17,80,56,35,31,19,9,19,42,17,17,7,42,6,64,11,14,25,33,56,25,52,22,58,48,33,41,46,42,38,34,17,12,25,64,59,28,30,31,21,41,29,56,23,13,22,25,18,21,23,9,20,37,36,56,51,21,28,20,35,41,32,32,28,60,22,54,23,40,6,10,26,38,11,41,36,7,14,8,52,41,10,17,56,22,10,9,12,11,12,11,56,17,9,61,18,23,34,12,13,9,39,46,42,10,9,16,11,12,18,18,42,14,16,48,17,13,8,12,13,15,49,11,3,35,80,37,15,15,10,9,11,17,8,9,12,13,61,75,22,11,3,20,13,9,23,145,12,17,21,-20,14,5,11,22,6,7,25,37,-20,-20,10,8,21,13,30,33,12,24,24,29,38,18,18,73,16,27,58,28,36,25,14,15,44,21,24,27,14,15,12,48,23,15,20,14,52,29,51,45,53,29,-20,10,21,21,26,20,24,24,23,22,7,30,21,28,30,32,18,27,9,21,15,27,24,17,26,20,11,23,23,19,16,18,21,11,32,23,32,36,19,37,31,23,57,71,28,51,15,14,6,25,13,31,16,5,9,21,6,24,10,16,82,57,48,9,14,12,23,17,9,17,8,30,35,9,43,45,49,44,30,62,8,13,5,9,28,-20,13,37,22,25,14,20,5,8,17,26,11,19,10,5,38,13,-20,40,76,19,7,37,21,24,10,21,10,13,15,20,9,11,8,19,-20,16,11,5,22,5,5,14,7,-20,7,10,11,9,12,10,13,13,18,48,13,7,9,65,9,21,12,4,-20,17,19,24,17,15,8,8,-20,9,7,11,13,13,12,6,46,9,19,6,-20,9,29,13,15,19,10,7,25,12,11,20,15,17,11,-20,6,17,8,9,7,4,7,29,17,12,21,33,19,9,88,21,16,13,8,11,4,8,10,33,8,8,9,12,24,9,15,15,83,29,9,6,9,6,19,21,5,12,6,20,7,13,18,17,7,13,-20,16,-20,11,14,4,11,12,10,16,52,32,14,24,12,7,11,18,14,14,10,25,10,10,23,21,19,21,14,16,9,8,6,7,9,11,46,15,24,11,4,3,19,30,8,15,39,56,52,51,24,49,33,11,12,46,46,12,11,43,11,8,69,25,-20,15,34,15,7,14,13,-20,12,26,27,11,22,17,10,9,13,28,24,15,19,10,5,19,15,16,32,9,9,35,26,11,15,8,37,14,73,17,12,6,11,16,9,15,18,13,35,46,26,62,55,33,32,29,20,45,16,56,25,20,37,5,12,23,13,30,23,25,10,34,35,36,39,23,19,72,8,18,18,21,41,14,30,32,36,13,7,15,16,40,41,16,72,36,44,31,22,29,38,26,31,68,32,31,46,37,33,29,67,59,28,-20,24,32,72,32,13,16,29,24,59,16,30,16,37,30,28,33,6,27,14,83,33,25,27,36,9,15,17,30,18,25,17,14,18,19,19,17,15,13,23,19,26,24,18,17,15,24,18,10,-20,13,6,12,27,17,18,26,16,-20,13,10,12,15,9,14,18,13,12,35,36,29,18,32,20,24,29,6,20,30,14,13,30,16,11,11,17,17,15,29,5,15,19,18,16,20,19,20,17,12,16,28,11,15,17,11,19,-20,35,18,18,14,20,14,27,18,15,23,9,16,17,-20,22,-20,15,11,-20,26,-20,20,7,23,21,15,10,12,6,11,16,13,20,8,11,20,18,20,6,15,21,17,22,13,9,11,8,17,19,4,16,9,12,8,19,10,6,21,12,14,24,14,15,12,10,9,16,17,11,12,33,25,22,19,21,14,10,16,19,26,14,35,12,24,13,-20,12,13,40,14,14,28,10,22,9,22,11,-20,32,21,20,32,25,-20,18,-20,16,28,12,18,13,12,29,13,12,11,15,18,24,11,23,9,14,19,18,19,-20,12,17,20,14,13,8,8,12,14,9,30,18,18,10,8,8,15,6,90,10,27,26,26,17,35,13,30,39,43,33,24,20,26,35,26,32,32,28,28,28,33,18,20,20,23,22,23,53,23,25,20,25,22,20,19,16,23,28,35,20,17,14,8,26,10,10,11,10,15,8,17,25,16,9,8,22,15,11,5,12,13,13,25,20,30,15,17,20,19,19,19,15,9,34,23,17,15,8,16,21,18,20,18,12,4,-20,10,-20,16,7,11,9,6,19,21,7,16,22,18,13,16,22,20,32,20,14,21,19,9,-20,12,14,22,17,63,14,19,17,24,15,23,22,24,29,7,12,8,10,10,7,8,26,9,12,9,15,16,25,19,14,14,6,9,21,11,15,14,15,5,9,12,6,6,7,-20,3,-20,-20,-20,13,-20,3,10,4,9,-20,-20,4,4,6,6,-20,7,8,16,8,3,7,-20,7,8,-20,5,10,-20,5,18,6,6,8,3,11,-20,10,4,9,6,7,17,5,4,7,3,13,6,15,6,8,12,8,7,9,8,-20,4,10,4,5,6,8,50,31,19,25,23,20,30,32,67,50,105,-20,81,39,46,73,45,60
"chr1,22084583",3,18,14,10,15,14,14,20,5,9,5,8,24,34,17,17,37,10,111,66,52,17,53,39,67,41,24,41,23,8,8,10,16,17,78,55,35,29,19,9,19,41,18,16,6,38,-20,62,11,15,26,34,55,26,52,23,58,48,33,40,46,42,36,38,17,12,23,66,59,28,31,29,21,41,27,55,21,13,22,25,18,21,22,9,20,39,35,56,53,21,27,21,34,40,29,32,28,61,22,54,24,39,6,10,25,35,11,41,35,7,14,9,53,40,11,17,57,22,9,9,12,12,12,11,58,17,9,68,18,23,37,12,13,9,39,48,46,10,9,15,11,12,18,18,42,14,16,47,17,13,8,12,13,15,50,11,-20,35,78,37,15,15,10,9,11,17,8,9,12,13,64,81,22,11,3,20,12,-20,21,161,12,17,20,-20,15,6,9,26,5,7,27,36,-20,3,11,8,22,13,30,32,12,23,23,29,42,20,15,71,16,27,60,28,36,25,14,15,44,21,24,26,14,14,12,50,24,16,20,13,50,29,47,43,50,-20,11,9,23,22,26,20,25,25,22,22,7,30,20,27,30,31,17,28,8,21,16,27,24,17,27,20,13,23,23,20,17,18,21,13,35,25,31,37,19,38,30,23,59,68,27,52,15,15,6,25,12,29,16,5,10,21,6,25,10,16,82,58,44,9,14,12,23,16,9,17,8,31,34,9,41,46,50,44,29,62,8,12,5,8,29,-20,13,35,22,25,14,20,4,8,15,27,11,18,11,5,37,13,-20,41,77,19,6,34,21,25,10,22,10,13,16,20,9,11,8,18,-20,14,11,5,22,5,5,14,8,9,7,10,10,8,12,9,13,12,18,48,13,7,10,63,10,20,12,4,9,17,17,23,17,14,8,10,4,9,7,11,12,13,12,7,47,9,19,6,-20,-20,28,12,15,19,9,7,25,13,11,21,15,17,11,8,6,17,7,10,7,5,8,29,17,12,22,33,18,9,87,20,16,11,7,11,4,8,10,33,7,8,9,12,23,9,14,16,83,28,9,7,9,6,19,22,5,12,7,20,-20,13,16,18,7,13,-20,16,-20,11,14,4,12,12,10,16,53,32,14,24,12,7,10,17,14,15,9,25,11,10,24,21,19,21,15,16,9,8,6,7,-20,11,43,15,26,11,4,3,19,30,8,14,39,54,53,51,24,48,30,11,12,46,46,12,11,44,10,8,68,25,-20,14,33,15,7,13,13,6,12,21,27,11,22,17,10,8,-20,28,24,15,19,9,5,18,14,15,33,9,9,33,27,11,16,8,37,13,74,16,12,6,11,16,9,-20,18,13,34,46,24,63,54,34,32,27,20,45,16,52,24,18,38,4,12,23,12,29,22,24,10,34,34,36,38,23,18,68,8,18,18,21,41,14,30,32,37,13,7,15,16,39,40,16,77,37,44,-20,22,27,36,26,32,69,29,30,47,36,32,29,74,60,28,-20,24,31,73,32,12,16,27,25,58,16,30,16,36,29,27,32,6,26,16,81,35,25,30,36,8,13,17,31,17,25,18,14,17,19,19,17,15,13,22,19,25,24,18,17,14,24,18,10,9,13,6,11,27,17,17,26,15,-20,13,10,12,15,9,13,18,14,12,36,36,29,18,31,20,24,28,6,20,30,14,12,29,16,10,11,16,16,15,29,-20,15,19,17,16,20,19,20,19,12,16,26,11,15,18,11,19,8,36,18,18,14,20,15,27,18,15,23,9,16,17,-20,22,7,15,11,-20,26,-20,20,7,23,21,15,10,12,6,11,16,12,20,8,11,20,18,20,6,15,21,17,22,13,9,12,-20,17,18,4,16,8,11,8,19,10,6,21,12,15,24,14,13,12,10,9,15,16,11,12,33,25,21,19,21,14,10,-20,19,26,14,35,11,24,13,-20,12,13,40,14,14,28,10,21,9,22,11,-20,30,21,20,31,25,-20,18,-20,16,27,12,18,13,13,30,13,12,11,15,18,23,11,23,9,14,18,18,19,-20,12,17,19,14,13,8,8,12,13,9,30,17,18,10,8,8,15,6,90,10,27,26,25,17,34,13,30,37,44,32,24,20,26,35,26,32,32,27,28,28,33,19,19,20,21,22,23,51,23,25,20,25,22,20,19,16,23,28,35,20,17,14,8,26,10,10,12,10,16,8,17,25,16,9,8,22,15,10,5,12,13,13,25,20,30,16,17,21,18,18,19,15,9,33,23,17,15,8,15,21,18,20,18,13,4,4,10,4,16,7,11,9,6,19,21,7,16,22,16,13,16,22,20,31,19,14,21,20,9,-20,12,13,22,17,63,13,19,17,24,15,23,22,24,29,7,12,8,10,10,7,8,26,10,12,-20,16,16,26,19,14,14,6,10,21,11,14,14,15,5,9,12,7,5,7,-20,-20,-20,4,-20,15,-20,-20,8,4,8,-20,7,4,4,7,7,-20,-20,9,17,7,3,8,-20,6,6,-20,6,11,-20,4,16,8,8,7,4,9,-20,10,4,8,5,7,17,6,3,6,3,11,6,13,6,-20,13,9,6,9,8,-20,4,9,3,-20,10,8,50,31,19,25,23,18,30,33,66,48,105,-20,80,39,47,72,45,62
"chr1,22084588",3,19,16,11,16,15,13,18,6,9,6,8,26,34,18,15,36,11,114,63,49,17,52,39,67,40,25,42,25,8,8,10,13,17,76,58,36,29,19,9,17,41,17,16,11,38,-20,65,10,13,21,31,57,25,51,26,51,45,34,38,49,44,37,34,17,11,23,61,60,31,29,29,21,40,26,55,21,14,21,27,18,24,24,9,19,40,37,56,51,20,27,22,34,38,30,29,28,60,24,54,23,41,6,10,25,35,10,39,35,7,15,9,51,44,11,16,58,22,9,10,13,13,13,10,59,18,10,68,18,23,36,12,13,9,41,51,53,9,10,15,11,14,17,20,41,16,16,48,18,12,7,13,13,15,50,10,-20,35,76,33,17,15,11,7,13,16,8,9,11,12,55,81,23,12,5,21,12,-20,20,159,11,18,21,7,12,6,-20,24,5,8,20,40,-20,3,9,7,22,14,31,33,10,23,23,24,39,19,18,69,18,28,57,26,34,23,14,13,48,21,24,26,12,13,11,50,23,16,17,17,47,35,46,44,51,-20,-20,9,22,22,27,20,23,26,22,19,8,31,19,27,31,31,16,28,9,22,15,27,22,17,27,21,13,22,22,23,15,17,18,13,34,22,32,37,18,39,31,24,63,59,25,49,13,15,6,26,12,28,17,5,10,20,6,26,9,16,83,57,45,9,15,13,24,15,9,14,9,32,37,9,39,48,52,43,28,65,8,14,4,8,32,-20,12,32,20,26,13,19,5,8,14,24,9,19,12,5,33,12,-20,40,77,19,6,33,21,22,10,22,10,12,16,19,8,13,8,16,-20,13,11,-20,21,3,5,16,8,10,7,10,9,8,11,8,14,11,17,49,12,6,11,62,10,21,12,4,-20,18,18,23,18,14,9,10,4,9,7,12,11,12,11,8,50,9,19,6,-20,-20,28,12,15,19,9,6,26,12,11,20,15,17,11,6,6,17,8,9,6,8,8,31,15,10,21,33,16,9,88,17,16,12,6,12,5,9,10,29,7,8,10,11,22,9,14,16,81,27,9,7,9,7,21,21,4,11,7,20,-20,15,17,17,8,11,-20,16,-20,10,13,3,12,12,10,15,56,31,15,25,11,-20,10,18,14,15,9,27,11,11,22,21,21,22,14,16,9,8,5,7,8,11,43,17,25,12,5,3,17,25,9,13,39,54,49,49,24,47,31,11,12,44,45,12,11,45,11,8,65,25,-20,15,31,15,6,14,13,-20,13,17,28,12,22,18,10,6,-20,28,26,15,20,9,5,20,15,16,28,8,8,31,27,8,18,8,38,13,76,18,11,6,10,16,9,15,17,15,34,42,24,63,49,31,32,27,21,47,16,54,26,18,41,5,12,23,16,30,24,25,10,35,34,36,41,22,18,74,9,19,18,21,42,14,30,31,37,13,7,13,14,39,39,15,75,37,43,-20,-20,25,36,26,31,63,28,27,45,35,31,30,72,59,30,-20,20,28,66,31,13,15,29,25,56,16,32,15,39,29,27,39,5,25,14,80,30,31,33,32,9,11,18,30,20,27,18,14,19,18,18,18,16,14,24,19,28,23,20,18,17,23,17,10,12,12,6,11,33,12,17,26,15,-20,12,13,11,15,11,15,19,16,12,38,36,29,16,30,20,25,28,5,22,28,15,13,31,17,10,12,19,20,15,30,-20,14,21,18,16,19,18,23,18,13,18,26,11,15,19,13,20,-20,38,18,16,13,21,14,25,20,15,20,12,16,18,-20,21,9,13,10,-20,25,-20,20,6,24,22,15,10,13,5,11,17,12,19,10,12,21,15,21,6,17,21,17,22,14,9,11,-20,17,18,-20,16,8,9,8,19,12,6,21,12,15,24,15,15,11,11,9,15,17,11,12,35,25,23,18,21,16,11,18,20,24,14,32,12,24,14,-20,10,13,38,15,15,28,11,21,-20,23,-20,-20,29,22,20,30,23,-20,18,-20,17,27,13,18,14,12,28,15,12,12,15,17,25,10,23,9,15,17,19,22,-20,12,17,19,15,13,7,11,11,15,9,31,19,18,9,5,9,17,6,85,10,26,25,23,18,34,16,31,38,44,33,23,20,26,33,26,30,33,28,29,26,36,22,21,19,19,23,21,53,23,24,20,23,22,20,22,16,24,29,34,19,17,14,8,26,11,8,12,8,17,10,19,28,15,10,8,21,16,-20,5,15,13,13,26,21,33,16,18,23,19,19,18,17,9,31,24,17,17,8,17,20,18,21,17,15,-20,4,9,4,16,8,12,9,6,19,22,6,17,20,17,14,18,24,20,30,21,14,21,18,9,-20,12,15,25,17,60,12,20,17,24,17,23,23,25,32,10,12,9,10,11,9,8,27,8,12,9,16,17,25,19,14,13,6,9,20,11,15,14,14,4,9,12,7,3,8,-20,3,-20,4,-20,17,3,3,10,4,8,-20,6,4,4,7,4,-20,7,8,-20,7,4,8,-20,8,-20,-20,5,-20,-20,3,14,5,8,6,4,7,-20,10,4,10,7,6,18,6,5,8,-20,11,6,12,4,10,11,4,6,-20,7,-20,5,9,3,7,10,7,46,31,21,27,23,18,30,31,69,51,105,-20,84,36,51,70,46,61
"chr1,22084593",3,19,16,11,17,13,13,17,6,9,8,8,26,35,18,17,37,13,115,61,50,17,51,35,61,41,29,43,28,9,8,11,14,16,72,58,31,28,19,9,16,45,17,12,13,43,-20,67,11,15,28,34,58,28,48,27,50,45,33,33,52,44,33,36,19,12,23,58,61,30,29,27,20,42,25,57,22,15,21,27,18,22,26,9,19,40,36,54,47,21,27,20,37,39,27,32,29,61,23,52,22,39,5,10,27,35,8,40,34,7,14,9,44,41,11,16,59,23,9,10,13,14,13,9,60,17,10,63,17,20,36,12,12,8,39,51,50,8,10,12,11,14,16,20,39,17,17,49,20,12,8,13,14,15,51,9,-20,36,80,31,17,15,10,8,14,16,8,10,9,10,53,87,25,13,5,21,13,-20,20,151,13,17,19,7,13,5,-20,23,6,9,20,42,-20,3,9,6,22,16,26,31,9,23,24,25,44,16,21,70,16,23,61,26,37,23,13,14,47,19,23,26,12,12,11,46,20,16,16,15,41,39,48,45,50,-20,12,10,24,21,25,18,22,26,22,20,-20,31,21,28,32,30,18,28,9,23,16,27,25,16,25,23,12,23,27,23,16,16,22,12,39,24,28,37,21,35,30,23,63,56,28,45,13,16,6,27,12,31,18,6,11,18,8,23,8,17,80,60,48,9,15,13,22,14,7,13,9,35,34,9,36,48,50,46,27,65,8,13,4,8,32,-20,14,25,20,26,13,16,5,8,15,25,12,19,12,4,29,12,-20,42,82,17,7,33,16,23,12,22,8,11,15,20,8,12,9,17,-20,13,10,6,20,3,5,18,8,9,6,12,9,7,13,8,14,12,19,47,12,6,10,61,9,20,10,4,-20,20,17,23,17,14,9,8,4,9,8,11,10,13,11,9,47,12,17,4,-20,-20,25,12,14,19,10,8,29,13,10,21,14,16,9,6,6,13,6,-20,4,10,10,28,18,10,22,32,14,6,92,18,20,13,5,11,5,4,10,28,8,9,8,11,20,10,12,18,80,25,9,7,9,7,22,19,4,11,8,20,-20,13,17,18,9,11,-20,15,-20,9,11,3,12,13,11,16,57,32,15,23,12,9,-20,18,15,14,10,29,11,10,23,22,21,21,13,16,11,8,5,8,9,9,44,17,23,12,5,3,16,28,9,12,39,51,49,46,26,45,33,9,12,44,41,11,12,48,10,8,58,24,-20,14,35,15,5,16,14,-20,14,18,26,14,23,18,9,6,-20,28,25,16,18,8,4,22,15,18,28,9,7,34,27,9,17,8,32,13,73,19,10,6,9,18,9,13,17,15,34,36,25,61,51,30,31,27,23,46,15,52,24,17,40,5,13,23,15,31,23,24,8,34,33,32,40,23,18,73,9,18,18,21,42,13,28,33,37,12,7,14,14,38,38,17,69,37,43,-20,-20,28,32,26,31,67,28,28,38,37,32,29,67,62,29,-20,5,30,66,28,12,18,31,24,56,16,32,16,41,30,26,45,3,25,15,80,30,31,38,35,7,13,17,29,20,28,18,15,17,20,19,18,18,13,19,17,27,22,19,18,16,23,18,9,12,11,4,11,33,12,18,21,16,-20,13,13,9,14,11,15,19,16,12,37,33,28,15,31,20,25,27,5,20,26,17,14,27,17,9,10,17,19,15,29,-20,15,21,16,14,18,18,21,17,11,18,27,11,13,20,12,20,-20,37,18,17,12,21,16,25,20,15,18,12,16,15,-20,20,9,12,10,-20,20,-20,20,6,22,24,14,8,12,5,10,16,10,18,10,10,23,13,21,5,16,18,17,22,14,8,11,9,15,18,6,17,7,8,6,19,11,6,19,12,16,22,15,15,11,12,9,14,17,11,10,34,25,22,18,20,15,11,18,18,23,14,29,12,21,14,-20,11,10,37,12,13,25,11,21,-20,24,-20,-20,28,23,19,29,21,-20,19,-20,16,27,13,16,14,11,28,13,12,12,12,15,24,10,24,9,14,18,17,20,-20,14,15,18,15,12,7,11,13,15,10,31,18,17,9,5,10,16,6,84,11,27,25,20,16,33,15,31,36,42,32,23,21,26,30,27,28,32,28,29,24,35,20,23,20,16,23,20,51,23,25,21,22,20,19,21,16,23,26,33,19,17,13,11,26,9,8,12,8,19,11,19,26,16,9,7,21,15,-20,3,16,14,13,27,19,31,17,18,20,19,21,20,16,10,31,21,16,18,8,17,18,19,22,16,15,-20,4,8,3,15,7,12,8,7,18,21,6,17,19,18,13,18,24,20,29,21,13,20,17,9,-20,10,16,24,17,53,12,19,14,25,17,21,21,24,32,10,13,8,10,10,8,10,26,5,12,9,16,15,25,19,14,13,6,9,20,10,13,10,16,4,8,11,8,3,7,-20,3,-20,4,6,15,5,4,11,4,8,-20,6,4,4,5,4,-20,8,7,15,7,5,6,-20,6,8,-20,5,5,-20,3,13,6,7,6,4,5,-20,-20,-20,7,5,5,16,3,6,7,-20,11,6,11,4,10,11,5,4,11,7,-20,4,9,-20,6,11,7,47,32,20,28,23,18,28,33,70,51,105,-20,75,41,47,68,48,60
"chr1,22084594",2,18,16,10,16,12,13,17,8,-20,8,8,26,35,18,17,36,14,112,62,51,15,53,34,61,41,29,44,28,9,8,11,14,16,76,56,31,28,19,9,16,43,17,13,13,43,-20,65,11,15,28,35,58,28,46,27,49,44,33,35,52,45,32,36,19,12,22,57,59,29,28,27,20,43,24,60,23,15,21,26,17,22,26,9,18,36,36,54,47,21,27,20,37,39,27,32,29,62,22,51,21,38,4,10,27,35,8,39,35,7,13,9,45,41,11,16,62,23,9,10,13,14,12,9,63,17,10,64,17,19,36,12,10,8,40,51,51,8,10,12,11,13,15,19,39,17,16,52,19,11,8,13,14,15,52,9,-20,35,80,28,17,15,9,9,14,15,-20,10,9,11,55,88,25,12,6,22,13,-20,18,144,12,14,19,7,13,5,9,24,6,9,20,43,-20,3,9,5,21,16,26,31,9,23,25,25,44,16,21,68,19,24,60,26,37,24,12,14,48,19,23,26,12,12,11,49,19,18,16,15,39,39,52,45,48,-20,12,10,25,21,24,18,22,27,22,20,7,32,20,28,32,32,18,29,9,21,15,28,26,17,24,21,12,23,28,23,17,18,21,12,40,25,28,36,21,32,29,21,62,56,27,45,13,16,6,28,12,33,18,6,11,18,7,23,8,17,75,56,47,9,14,12,23,14,-20,12,9,35,32,9,36,47,50,44,28,62,9,13,4,8,32,-20,14,26,20,27,13,16,-20,8,15,25,12,19,12,4,27,12,-20,43,82,17,7,32,16,23,12,22,8,11,15,-20,8,12,9,17,-20,12,10,6,20,2,5,18,8,9,6,12,9,7,13,8,14,12,19,47,11,6,10,59,10,19,10,3,-20,20,17,23,17,14,9,8,3,9,8,11,11,12,10,9,47,12,18,4,-20,-20,25,13,14,19,10,8,29,13,10,21,13,15,9,6,6,13,6,8,5,11,10,29,18,10,23,32,14,6,93,18,20,13,5,11,4,4,9,28,8,9,8,11,20,10,13,18,80,25,8,7,9,8,22,19,5,12,8,20,-20,13,17,18,10,11,-20,15,-20,9,11,3,12,13,11,16,56,32,15,23,13,9,12,18,15,14,9,29,11,11,23,22,21,20,13,16,11,9,5,8,-20,9,44,16,22,12,5,3,17,26,9,11,39,53,49,44,26,44,35,9,12,44,40,11,11,47,11,8,58,24,-20,13,37,15,5,16,14,-20,14,18,26,14,23,18,-20,7,-20,29,25,17,18,8,4,22,15,17,28,9,7,36,27,8,17,8,33,13,73,20,10,5,9,18,9,14,17,16,33,36,25,60,49,30,29,27,23,45,14,52,24,17,40,5,13,22,15,32,19,24,8,32,32,31,39,23,18,73,9,18,16,20,39,13,27,31,34,13,7,14,12,38,38,17,68,38,43,-20,-20,-20,32,26,30,65,28,27,37,36,32,29,68,63,27,-20,5,30,65,28,12,18,31,23,57,16,32,16,41,30,27,41,4,24,18,81,31,31,38,33,7,15,18,28,20,28,18,13,17,20,19,14,18,13,21,15,24,21,20,17,16,21,18,8,12,12,4,11,33,12,18,22,16,-20,13,13,9,13,11,15,18,15,11,34,32,27,14,27,20,24,27,-20,19,24,17,14,23,17,8,11,16,20,15,27,-20,15,21,16,14,16,18,21,17,10,18,23,11,14,20,13,20,-20,33,18,17,12,21,16,24,20,15,19,12,16,14,-20,21,7,12,10,-20,19,-20,20,6,21,23,14,8,11,5,9,15,9,18,9,10,23,12,19,5,16,18,17,23,12,8,11,9,14,17,-20,15,7,8,5,19,11,5,17,11,16,20,14,13,11,11,9,14,17,9,10,34,25,19,16,19,15,11,15,17,22,13,30,11,19,12,-20,11,8,36,11,13,24,12,20,-20,22,-20,-20,27,23,18,26,21,-20,20,-20,16,25,11,14,14,11,30,13,11,12,12,12,24,10,23,9,13,18,15,20,-20,13,13,17,14,10,7,12,13,15,10,31,18,16,8,5,10,17,6,84,11,25,25,18,15,33,13,31,35,42,33,22,21,26,29,26,29,33,28,28,23,34,20,24,19,17,24,19,51,23,24,19,21,20,19,22,18,22,24,33,18,17,12,11,25,9,6,12,7,19,9,20,26,15,9,-20,20,15,-20,-20,16,13,11,26,20,30,16,18,19,17,21,20,16,9,29,21,16,17,8,16,17,17,22,16,15,-20,4,8,3,14,7,10,8,7,18,20,6,16,18,18,11,18,23,20,28,20,13,19,16,8,-20,10,16,24,15,54,12,19,12,24,16,21,19,24,30,10,12,7,11,10,8,9,23,5,12,8,15,15,24,16,12,12,5,9,20,9,12,10,16,5,8,11,7,4,7,-20,3,-20,-20,6,17,5,4,10,3,8,-20,6,5,6,5,4,-20,8,7,15,7,-20,9,-20,6,7,-20,3,6,-20,3,11,6,8,6,4,6,-20,8,-20,8,7,5,16,4,6,7,-20,12,6,11,5,11,10,6,5,10,7,-20,4,9,-20,6,11,7,46,32,20,29,24,16,29,33,70,50,105,-20,75,42,48,68,49,61
"chr1,22084598",-20,19,17,-20,18,12,14,17,8,10,8,8,27,35,21,17,35,14,105,60,45,15,55,32,63,40,27,43,28,8,8,10,13,17,80,58,34,30,19,9,17,44,20,13,15,40,-20,70,11,13,28,35,59,32,47,27,52,45,32,36,53,46,30,38,22,14,23,59,64,26,26,26,20,43,23,62,26,16,23,26,18,22,26,10,17,34,35,55,48,23,28,18,41,41,28,31,29,58,22,52,19,37,4,8,26,35,8,40,39,7,13,8,44,38,11,17,64,23,8,10,15,15,12,9,61,17,11,67,17,19,40,13,10,8,38,53,57,8,11,11,11,12,16,19,34,17,15,53,21,11,9,14,15,15,55,10,-20,33,79,26,16,14,9,9,13,15,10,9,8,10,53,89,25,12,6,21,10,-20,18,143,12,16,18,6,13,4,11,25,5,9,19,44,-20,-20,9,5,22,18,28,29,10,22,24,25,43,17,21,65,15,28,57,28,34,26,11,13,41,18,21,26,10,12,15,48,19,17,15,16,42,41,54,43,51,-20,11,10,22,18,25,19,21,26,22,23,9,33,27,30,29,33,19,27,9,24,15,27,26,14,25,21,12,23,23,22,18,16,23,14,40,27,32,40,22,34,25,23,58,58,27,46,18,16,7,32,12,33,17,6,12,18,10,24,8,17,81,57,47,9,15,12,22,13,7,11,8,34,35,8,36,48,50,41,29,55,8,13,4,10,33,-20,15,24,20,27,13,16,6,8,16,23,13,19,11,5,25,13,-20,44,88,18,8,34,15,25,11,23,-20,10,14,18,8,11,8,18,4,12,10,6,21,3,5,18,8,10,7,14,9,7,13,8,14,10,19,46,11,7,9,57,10,17,10,4,8,21,18,23,16,15,9,10,3,9,8,10,-20,12,10,9,45,14,19,4,2,-20,25,12,14,20,10,9,30,14,10,24,13,15,8,5,6,13,8,8,5,11,10,28,19,10,22,31,15,6,95,17,19,13,5,11,4,4,10,26,7,9,8,11,17,10,13,17,80,24,9,7,8,8,20,21,5,12,8,23,-20,13,15,17,9,11,-20,14,-20,10,12,3,11,13,10,17,53,32,15,20,15,9,12,18,15,15,9,29,11,10,22,19,20,21,15,15,10,9,5,9,7,9,44,17,20,12,5,3,16,27,9,13,39,53,52,46,26,46,36,9,13,45,43,11,11,50,9,8,55,23,-20,14,38,13,5,16,14,4,13,20,23,14,19,18,11,8,-20,28,23,18,19,8,5,23,15,17,28,8,9,39,29,9,17,7,32,13,72,20,11,5,9,17,9,14,17,16,34,37,25,58,55,32,28,27,20,45,13,50,23,15,41,5,14,20,15,30,17,23,7,31,32,30,40,24,19,72,8,18,16,19,40,12,27,31,35,13,7,14,11,38,38,19,69,38,40,-20,-20,28,31,23,29,66,28,23,40,34,31,26,61,66,28,-20,5,27,66,28,11,18,29,23,57,17,31,15,45,27,29,38,5,24,18,82,31,36,41,35,8,12,18,27,19,26,17,13,18,18,18,14,18,12,20,15,24,21,21,17,16,19,19,10,13,12,5,11,33,13,17,23,16,-20,13,12,7,14,11,16,16,15,13,34,31,27,13,28,19,22,28,-20,19,25,16,14,24,16,8,12,16,19,15,26,-20,15,20,15,13,17,19,21,16,10,19,23,10,14,20,13,20,-20,37,18,15,11,21,17,25,21,14,18,12,16,14,-20,20,7,12,10,-20,16,-20,20,6,21,22,14,8,11,6,11,15,9,18,9,10,23,11,18,5,16,18,16,24,12,8,12,9,16,16,5,13,7,8,5,19,10,5,17,11,17,21,14,14,11,10,8,14,16,9,10,33,22,19,16,20,14,11,15,17,22,13,31,12,19,13,-20,14,8,34,11,12,25,12,19,-20,24,-20,-20,28,23,16,27,20,-20,18,-20,16,25,12,16,16,11,29,13,11,13,12,13,24,10,22,9,15,19,15,20,-20,14,13,16,13,11,8,12,13,15,8,33,19,18,8,6,12,16,7,84,11,25,25,19,14,37,14,30,35,43,33,21,23,25,30,28,30,32,25,28,23,38,21,25,19,15,22,19,53,24,25,18,22,21,19,21,18,20,24,34,17,18,13,11,25,8,6,12,7,19,9,18,26,18,8,-20,21,14,-20,-20,15,12,12,29,18,31,16,16,18,16,22,22,14,12,27,21,19,17,8,16,17,17,19,16,16,-20,4,6,3,14,6,9,9,8,15,19,4,16,18,18,11,16,22,21,30,20,13,23,15,10,-20,13,16,24,15,53,13,20,13,18,15,21,17,21,28,10,12,7,12,10,7,9,24,5,12,8,14,12,24,16,12,13,5,10,18,7,10,9,16,5,9,9,9,4,7,-20,3,-20,4,7,14,5,5,11,-20,8,-20,6,6,9,5,4,-20,8,7,17,6,3,6,-20,5,8,-20,-20,6,3,3,10,-20,8,7,4,7,-20,10,-20,5,9,7,12,5,7,7,5,10,6,11,-20,10,14,6,4,10,10,-20,3,9,-20,9,12,7,46,32,20,28,25,17,28,32,71,51,105,-20,77,40,53,67,48,58
"chr1,22084599",-20,19,16,12,17,11,15,17,8,10,8,7,26,33,21,17,36,15,102,59,46,15,55,32,63,39,27,45,29,8,8,9,13,18,79,58,33,29,18,9,18,45,20,13,15,41,-20,68,11,14,29,34,58,31,46,28,52,43,31,34,54,45,30,37,21,13,24,59,66,25,25,28,20,43,22,61,27,16,24,25,18,22,26,10,17,33,35,55,48,23,27,18,42,41,28,31,30,58,22,50,19,37,4,9,27,36,8,38,40,7,13,9,41,38,11,16,64,23,8,10,17,15,12,9,63,17,11,67,17,19,40,13,10,9,38,53,57,8,12,11,11,11,17,21,34,16,14,54,21,11,9,14,15,15,55,9,-20,34,77,25,16,13,9,9,13,14,12,9,8,10,53,90,25,12,6,21,10,-20,18,139,12,14,18,-20,13,4,10,27,5,8,17,46,-20,-20,9,4,22,17,28,29,10,22,27,24,43,17,24,63,15,25,58,31,32,26,11,13,43,18,18,24,11,11,15,46,21,16,15,16,38,40,53,39,50,-20,11,10,23,17,26,18,22,27,22,24,9,33,26,29,28,31,19,26,10,22,15,26,26,14,25,21,13,23,22,20,18,16,22,14,37,25,32,40,21,33,25,23,59,58,25,44,16,16,6,31,11,35,18,6,12,18,10,24,8,17,81,57,47,9,16,12,20,13,7,11,9,34,35,8,38,48,50,41,29,55,8,13,5,10,33,-20,15,22,20,27,13,16,6,8,15,22,13,19,10,5,25,13,-20,44,86,18,8,33,15,23,11,23,9,10,15,17,8,11,8,18,4,12,10,7,21,3,5,18,7,9,7,14,9,7,13,8,14,10,19,46,11,7,9,59,10,17,11,4,8,21,18,23,16,14,9,10,3,9,8,10,9,12,10,9,45,14,18,4,2,-20,25,12,14,20,11,10,30,14,11,24,13,15,8,5,7,13,8,9,5,11,10,27,19,10,20,28,15,6,96,17,19,13,5,11,4,4,10,25,-20,8,9,11,17,10,14,16,78,23,9,7,8,8,20,22,4,12,8,22,-20,14,16,17,9,11,-20,14,-20,10,12,3,11,13,10,17,53,31,15,21,15,9,12,18,15,15,9,27,10,10,19,17,21,21,15,15,10,9,5,8,7,9,44,17,21,10,5,3,16,24,9,13,38,53,51,45,26,46,35,9,13,41,45,11,11,48,9,8,54,23,-20,14,38,12,5,16,15,4,13,19,24,14,21,18,12,-20,-20,27,23,17,19,8,6,23,15,18,30,8,9,36,28,9,16,7,33,13,72,20,12,5,9,15,-20,13,17,17,33,34,24,57,56,32,27,27,20,45,13,52,24,15,41,5,15,20,16,32,17,24,7,33,33,31,40,24,19,71,8,17,17,19,41,11,28,31,36,14,7,14,11,38,37,19,70,38,40,-20,-20,28,28,23,28,66,27,21,38,36,31,27,61,66,28,-20,5,26,66,28,12,18,27,24,57,17,34,16,44,30,27,34,5,26,17,80,31,36,42,33,8,12,18,26,20,25,17,13,18,18,18,14,18,11,21,15,24,21,22,17,17,19,21,10,13,12,5,10,34,13,17,23,16,-20,14,14,7,14,13,17,16,15,12,34,32,26,13,27,19,22,28,-20,19,25,17,14,24,16,10,12,17,20,14,26,-20,15,20,15,13,18,19,20,18,12,19,23,10,14,20,12,20,-20,35,16,15,10,21,17,25,21,14,18,12,16,14,-20,20,7,12,10,-20,16,-20,19,6,21,22,14,8,11,6,11,15,9,18,9,10,23,10,18,5,16,20,16,24,12,9,12,9,16,18,6,13,7,9,5,19,10,5,18,11,17,20,13,14,11,10,8,14,16,9,10,32,23,20,16,21,14,12,15,18,22,12,30,12,20,14,-20,14,9,34,11,12,25,12,19,-20,23,-20,-20,30,23,16,26,20,-20,16,-20,16,25,12,16,16,11,29,13,10,12,12,13,24,10,22,9,15,20,15,21,-20,15,13,16,13,11,8,13,12,14,9,33,20,18,8,6,12,16,7,84,10,24,26,19,13,37,16,30,36,44,32,22,23,25,30,28,30,32,26,28,23,37,21,24,20,17,24,19,52,23,26,18,22,22,19,21,19,19,24,34,16,18,13,12,24,8,6,12,7,19,9,18,26,18,8,-20,21,15,-20,-20,15,12,12,29,19,31,16,16,19,16,23,22,14,12,27,21,21,16,9,15,17,16,19,16,16,-20,4,9,3,15,6,9,9,8,16,19,5,17,19,17,11,16,21,21,29,21,13,23,14,10,-20,13,16,24,15,52,14,20,13,19,15,22,17,22,28,10,12,7,12,10,7,9,25,5,12,8,14,12,24,16,12,14,5,10,18,6,10,9,17,5,9,9,10,3,6,-20,-20,-20,-20,7,12,5,5,8,-20,9,-20,4,6,8,6,4,-20,6,6,15,7,3,6,-20,5,8,-20,-20,-20,3,3,10,5,9,7,4,6,-20,10,-20,4,8,6,10,5,6,7,4,8,6,11,-20,9,14,5,-20,10,8,-20,3,10,-20,8,13,7,44,33,20,28,26,18,29,33,71,51,105,-20,80,40,53,68,49,59
"chr1,22084612",-20,22,14,10,22,11,16,15,11,10,11,8,31,36,19,17,32,15,97,57,46,15,49,33,66,41,27,43,26,9,7,9,9,19,73,59,32,27,21,8,18,44,22,16,15,45,-20,71,11,14,29,30,63,35,45,26,55,43,33,33,54,51,28,38,20,13,24,58,64,20,26,28,20,45,24,60,23,17,24,28,16,21,21,9,20,36,39,55,47,19,24,24,39,42,27,31,30,56,19,50,18,37,3,5,33,42,-20,31,35,7,12,8,43,33,11,14,57,23,8,10,12,17,13,9,62,-20,10,63,14,21,34,15,8,13,33,61,60,6,13,12,13,11,16,20,35,16,14,52,23,10,7,13,16,18,64,9,-20,25,84,24,18,13,11,9,12,18,14,7,12,10,58,81,24,13,5,17,11,-20,19,150,15,14,20,7,18,4,9,29,9,8,16,46,-20,4,10,7,24,18,30,29,11,22,28,26,53,22,22,65,15,27,73,31,36,35,13,16,47,14,16,30,12,12,18,49,20,16,15,17,38,35,53,40,40,-20,13,14,21,20,31,22,25,25,29,23,7,35,27,22,31,32,20,26,12,25,15,34,29,14,25,17,11,18,24,20,17,15,24,15,36,28,35,41,26,29,26,27,56,60,29,48,12,15,10,35,10,38,18,7,12,15,15,27,8,17,99,51,59,7,15,12,20,13,7,9,10,40,37,7,37,43,42,39,29,54,9,14,5,8,27,-20,14,24,20,28,13,12,4,13,17,27,12,19,10,6,29,7,-20,39,78,18,11,32,13,21,11,20,8,7,15,15,7,10,9,15,5,14,8,9,17,3,7,21,10,10,5,14,11,8,14,7,15,9,19,48,8,6,9,63,11,16,11,5,10,-20,16,24,18,15,7,15,-20,12,10,9,9,11,10,10,39,11,21,5,3,-20,27,13,12,19,13,10,28,14,11,25,14,14,8,-20,9,13,8,10,7,12,10,26,14,11,23,29,14,9,105,18,21,13,5,8,5,7,11,18,7,6,10,14,14,9,12,15,80,21,-20,7,11,7,17,19,4,12,7,17,-20,14,19,13,9,10,-20,10,-20,12,14,5,9,16,9,16,48,36,11,21,15,10,9,16,15,16,9,26,10,12,16,14,24,17,13,16,10,11,5,10,7,10,46,16,19,11,12,3,13,24,9,11,43,56,50,43,21,43,37,11,14,47,45,10,12,42,9,11,55,17,-20,12,39,10,5,16,15,-20,11,20,24,15,23,16,15,8,-20,31,27,18,19,8,5,21,17,20,25,7,8,45,23,8,16,6,31,11,77,17,12,5,8,18,11,12,18,15,28,33,25,59,62,34,25,31,20,49,12,48,22,13,45,6,13,21,17,33,17,26,7,35,34,26,33,25,17,73,10,13,16,18,39,12,26,34,33,13,8,16,10,44,34,21,76,40,41,-20,-20,23,31,21,33,59,28,19,44,30,35,32,65,63,26,-20,4,26,63,19,10,18,20,26,57,15,39,16,42,26,28,41,7,24,18,77,34,39,40,31,15,17,17,23,18,21,18,14,16,19,-20,17,17,11,18,15,21,22,21,15,17,18,16,9,14,9,7,10,35,15,19,28,14,-20,10,14,6,18,17,16,19,15,12,34,27,28,11,24,19,21,25,-20,18,21,17,14,22,18,11,13,19,19,19,26,-20,17,18,14,15,18,19,21,16,14,16,21,10,17,-20,9,15,-20,35,17,15,11,23,17,23,22,13,25,16,15,18,-20,19,7,10,8,-20,16,-20,19,8,23,21,11,5,8,5,12,17,11,18,8,10,24,11,17,8,15,19,14,21,15,12,12,10,20,18,-20,12,8,9,5,17,11,5,15,11,18,20,13,13,11,12,8,13,15,11,9,33,23,20,20,19,16,10,15,19,18,14,27,7,19,11,-20,15,16,33,11,13,28,12,16,-20,22,-20,-20,24,23,18,30,23,-20,15,-20,15,25,12,16,15,11,27,12,14,13,12,10,21,12,22,12,17,16,14,20,-20,16,14,14,13,12,5,11,11,13,9,32,21,19,8,5,14,16,6,68,11,27,23,22,19,32,21,31,31,49,28,21,21,19,31,30,29,26,28,28,18,37,20,30,17,17,21,17,54,20,30,16,19,23,14,18,22,15,22,34,16,20,13,12,24,9,5,16,6,18,9,18,24,14,10,-20,20,15,-20,-20,16,11,12,25,20,27,19,17,17,18,22,22,15,11,29,23,22,16,9,14,15,15,19,15,19,-20,5,9,4,16,6,9,9,9,14,19,5,16,24,16,12,14,18,22,28,21,14,19,17,12,-20,15,16,26,13,52,13,26,15,18,16,18,18,17,23,10,13,6,12,10,7,11,30,6,8,10,10,11,20,16,13,14,6,9,15,9,9,7,17,6,10,9,8,6,7,-20,2,-20,-20,9,10,5,7,10,-20,10,-20,9,10,7,6,-20,-20,7,8,12,10,3,-20,-20,6,6,-20,-20,6,6,-20,-20,4,6,6,3,-20,-20,6,2,5,11,8,10,10,4,8,5,10,7,9,8,8,13,6,4,8,7,-20,3,10,-20,7,9,11,27,33,21,27,24,19,30,27,68,54,84,-20,81,37,58,64,47,59
"chr1,22084614",-20,23,13,10,21,10,16,14,11,7,11,7,31,36,19,16,33,16,95,58,46,15,47,33,66,40,28,41,27,9,8,9,10,17,73,60,30,27,21,9,17,45,24,16,15,44,-20,70,11,14,29,30,63,35,43,26,54,42,33,33,53,54,28,38,21,13,22,63,63,20,27,28,21,45,21,62,24,16,21,28,17,22,22,9,20,37,39,54,46,19,23,26,38,42,27,30,27,56,18,50,19,37,3,5,35,42,7,31,35,6,13,7,43,34,10,13,55,18,9,10,12,18,13,8,62,16,10,61,13,19,33,12,6,12,33,62,61,5,11,11,14,10,13,18,37,15,14,52,23,8,10,13,16,18,66,8,3,26,82,24,19,13,11,9,12,16,15,7,11,10,58,83,24,13,5,19,11,-20,19,152,15,14,19,8,18,4,10,32,9,8,16,-20,-20,4,10,7,20,20,29,29,11,22,28,25,53,22,24,65,15,28,73,31,38,33,13,16,47,14,16,28,12,12,17,50,20,15,15,17,39,34,51,38,41,-20,13,14,23,21,31,23,22,25,29,23,7,34,31,20,33,32,20,26,12,25,15,33,28,13,25,17,10,18,23,18,20,15,24,15,36,26,34,41,28,30,26,27,56,60,28,48,13,15,10,35,-20,38,17,7,12,15,15,27,7,18,97,47,58,6,15,12,19,13,7,9,10,40,37,6,37,43,42,41,29,53,9,15,5,8,28,-20,14,24,19,28,13,12,6,13,15,26,12,19,10,6,30,7,-20,38,76,20,11,30,13,21,11,20,8,6,14,16,6,10,9,16,5,15,8,10,16,3,7,21,10,11,-20,14,12,8,14,7,13,9,19,48,9,7,9,66,-20,16,11,5,-20,21,15,23,18,15,6,14,-20,12,10,9,8,12,12,10,38,11,21,5,3,-20,26,13,14,19,13,10,29,13,11,26,14,14,7,7,9,13,8,10,7,13,9,27,13,10,22,29,14,-20,107,18,20,14,5,8,5,7,11,18,7,6,9,14,14,9,11,15,81,22,9,7,11,7,18,17,4,12,7,16,-20,14,19,14,9,11,-20,9,-20,12,14,5,9,16,10,16,48,38,11,22,15,10,8,16,15,16,9,26,-20,12,16,14,24,21,13,15,9,11,5,10,7,10,47,16,19,11,13,3,14,22,8,10,42,55,50,43,17,40,37,11,15,46,46,10,8,43,9,11,54,19,-20,12,39,10,5,17,15,-20,11,18,24,15,22,16,15,9,-20,31,27,18,19,8,6,21,17,21,25,7,8,44,23,9,15,6,30,11,75,17,12,5,9,16,11,13,20,15,28,33,25,59,63,35,26,31,20,49,13,45,20,13,45,7,12,20,15,29,16,26,-20,35,32,24,32,23,17,60,9,12,13,17,37,10,29,29,29,12,8,14,7,43,36,20,78,39,41,-20,-20,24,30,21,34,58,28,19,42,29,35,35,66,62,23,-20,-20,27,64,19,10,19,19,26,57,16,39,17,38,24,28,41,7,25,18,75,34,39,41,30,16,16,17,22,18,18,20,14,16,20,17,19,17,10,15,14,19,20,20,13,17,19,15,9,15,8,11,10,34,15,18,26,13,-20,11,13,6,17,18,16,19,17,11,34,27,26,9,20,20,20,26,-20,17,21,18,17,20,18,11,13,19,19,18,24,-20,17,17,16,14,18,18,21,16,13,16,20,9,15,22,10,16,-20,35,17,15,11,23,17,23,20,14,22,17,16,18,-20,19,7,8,6,-20,16,-20,19,10,21,20,11,5,8,3,12,17,10,15,8,10,22,10,18,10,14,18,15,20,15,12,12,10,20,18,8,12,9,8,5,16,11,5,15,10,21,19,14,13,10,10,8,13,15,11,6,33,19,18,18,19,15,10,14,19,17,13,25,7,19,10,-20,22,16,31,11,12,24,10,16,-20,25,-20,-20,23,22,17,28,21,-20,14,-20,14,25,10,17,15,10,28,11,14,12,14,11,21,12,21,11,16,16,13,22,-20,16,13,11,13,12,5,11,11,13,8,30,22,19,9,-20,14,16,7,65,11,27,22,21,20,29,22,29,29,46,25,19,20,18,27,27,28,26,26,26,18,34,21,30,18,16,20,17,44,21,28,16,18,21,14,20,21,16,21,35,15,19,11,13,21,9,5,16,6,17,12,19,24,13,9,-20,20,15,-20,-20,15,11,12,25,19,29,20,18,17,19,23,22,14,11,27,22,24,16,9,14,14,15,14,16,19,-20,5,9,4,14,6,9,7,10,14,19,6,16,24,16,12,14,17,18,27,20,16,17,17,12,-20,14,15,26,14,45,12,26,18,17,17,17,18,16,20,10,12,7,11,9,5,11,29,5,9,10,11,9,22,15,11,13,6,10,14,9,10,7,18,5,10,7,8,6,12,-20,2,-20,-20,9,10,5,8,9,-20,8,-20,11,10,7,6,3,3,6,7,12,10,3,5,-20,7,6,-20,-20,7,4,9,-20,8,4,6,4,-20,-20,5,-20,5,10,8,12,10,4,9,4,10,7,10,8,9,12,6,3,9,6,-20,3,9,-20,6,9,12,27,33,21,27,23,19,29,26,68,52,63,-20,81,36,58,62,47,59
"chr1,22084615",-20,22,13,10,22,9,15,14,11,7,11,7,31,36,19,16,33,16,96,59,44,15,48,33,66,40,28,42,28,9,9,9,10,17,72,60,31,26,21,9,17,44,24,16,15,43,-20,72,11,14,29,31,63,35,43,26,53,43,33,32,54,54,28,38,21,12,23,62,64,19,26,28,21,45,22,62,24,16,21,28,17,22,22,-20,20,35,39,59,47,18,22,27,38,41,29,30,27,55,18,49,19,37,3,5,34,42,6,31,36,6,13,7,43,36,10,13,54,18,9,10,12,18,13,8,62,16,10,60,14,19,32,12,6,12,33,62,62,5,11,10,14,10,13,17,39,15,14,53,23,8,10,13,16,19,66,7,3,27,82,24,18,13,11,9,12,16,17,7,12,10,58,82,24,13,5,18,11,-20,19,152,15,15,19,-20,18,5,10,32,10,8,15,47,-20,3,11,7,20,20,32,27,11,22,27,25,52,22,30,65,15,27,73,30,38,33,13,16,49,14,16,28,9,12,17,47,20,15,15,17,40,33,52,40,41,-20,12,14,24,21,31,23,23,24,29,23,7,34,31,20,34,32,19,26,12,24,15,33,29,13,25,18,11,16,23,18,20,16,24,15,36,26,34,40,29,29,27,27,55,58,31,48,13,15,10,35,11,38,17,7,12,15,15,29,7,18,95,56,59,6,15,12,21,13,7,10,10,40,37,6,37,43,42,42,28,54,9,15,5,8,28,-20,15,22,18,25,12,12,6,12,15,27,12,19,10,6,30,7,-20,38,77,19,11,32,13,20,11,20,8,6,14,15,6,10,9,16,5,15,8,10,16,3,7,20,10,11,-20,14,12,8,14,7,14,9,20,50,9,7,9,67,11,16,-20,5,-20,21,15,23,18,15,6,17,-20,12,11,9,8,12,12,10,37,11,21,5,3,-20,26,13,14,18,13,10,29,13,11,26,15,14,7,-20,9,12,8,9,7,13,9,27,13,10,23,29,14,-20,107,19,19,15,5,9,4,7,11,18,-20,6,9,14,13,10,11,14,81,23,9,7,11,7,17,17,4,13,7,15,-20,14,20,14,10,12,-20,8,-20,11,14,5,9,16,10,16,47,37,11,22,16,10,8,16,15,14,9,26,10,12,19,16,25,23,13,16,9,11,5,10,7,10,47,16,19,11,13,3,14,21,8,10,42,55,51,43,17,39,37,11,15,46,46,10,8,42,9,11,52,21,-20,12,38,10,5,16,14,-20,11,18,24,14,23,16,15,-20,-20,29,26,20,19,8,6,21,18,20,26,7,8,45,23,9,16,6,31,11,74,17,13,5,8,16,11,11,20,16,27,33,24,57,64,35,27,29,20,49,13,44,21,12,44,7,12,20,14,27,16,26,-20,36,32,24,31,24,17,62,10,12,13,17,38,11,29,29,30,12,8,14,7,43,36,21,77,39,41,-20,-20,24,30,20,34,56,28,20,40,30,35,37,69,62,23,-20,-20,27,65,19,10,19,20,26,56,18,39,17,39,24,28,41,7,25,18,73,36,39,41,30,16,19,18,23,18,19,18,14,15,20,17,19,17,10,15,14,19,20,20,14,17,19,14,10,15,8,12,10,34,15,18,26,13,-20,12,13,6,18,18,16,19,18,11,34,27,26,9,20,19,19,26,-20,17,20,18,17,20,18,10,14,18,19,18,25,-20,18,17,16,14,18,18,22,17,14,15,20,10,15,21,10,16,-20,35,16,15,11,23,15,23,20,14,22,18,16,18,-20,19,8,7,6,-20,16,-20,19,10,22,20,11,5,8,3,12,17,10,15,8,10,23,10,18,11,14,18,15,20,15,12,12,10,20,18,8,13,9,8,5,16,11,5,16,10,22,18,14,13,10,10,10,14,15,11,6,33,19,18,19,19,15,10,14,18,16,13,25,7,19,11,-20,22,16,29,11,12,24,10,16,-20,25,-20,-20,23,22,17,28,22,-20,13,-20,14,26,10,17,15,10,29,10,14,12,14,11,21,12,21,10,15,16,13,22,-20,16,13,11,13,13,5,10,11,13,8,32,22,20,9,5,14,17,7,65,11,27,21,20,21,28,22,30,29,45,23,19,19,18,27,28,28,26,26,26,18,34,21,30,18,16,19,17,43,20,28,16,18,21,14,20,22,16,22,35,15,19,11,13,21,9,5,16,6,17,11,19,24,13,9,-20,20,15,-20,-20,15,12,12,24,20,30,22,18,17,20,23,23,15,11,27,23,24,16,10,14,13,14,14,16,19,-20,5,9,4,14,6,8,7,10,13,19,6,16,24,15,12,14,16,18,27,20,16,17,17,12,-20,14,16,26,16,46,13,25,18,16,18,17,18,17,20,10,13,7,12,9,5,11,29,5,9,-20,11,9,22,15,11,12,6,11,14,9,10,7,18,5,-20,7,7,7,12,-20,2,-20,-20,9,11,5,7,8,-20,8,-20,11,12,7,4,3,3,7,7,9,10,2,4,-20,7,5,-20,-20,7,5,-20,5,9,5,6,2,-20,-20,5,2,5,11,9,10,10,5,8,5,8,7,10,8,8,11,6,2,8,8,-20,4,9,-20,8,12,12,27,33,20,27,23,18,26,26,67,52,57,-20,78,36,58,65,48,60
"chr1,22084627",-20,24,13,11,20,9,14,13,13,8,12,7,29,33,17,16,31,19,93,61,48,16,50,35,60,40,27,45,31,8,14,10,10,14,78,59,30,26,20,10,-20,42,22,13,13,45,-20,68,11,21,26,29,60,41,47,31,56,43,38,32,47,51,28,37,22,15,21,66,66,18,32,28,21,43,26,62,24,13,23,27,19,22,22,7,22,35,39,57,45,18,20,28,39,42,28,28,23,47,16,47,21,33,3,10,32,43,-20,31,39,6,13,7,40,33,11,10,60,19,9,10,14,17,15,8,64,15,10,59,15,21,32,13,5,10,35,63,67,5,12,11,14,10,12,17,42,15,15,54,22,8,8,25,18,24,68,7,8,28,79,29,17,9,12,10,11,16,16,7,12,10,57,83,28,19,4,26,12,-20,19,163,15,14,23,11,20,6,13,38,14,7,16,50,-20,4,10,12,23,20,34,25,13,20,30,32,54,18,31,69,21,22,82,30,33,42,16,19,49,13,12,29,12,16,18,43,27,17,16,15,39,29,51,35,44,-20,11,16,25,22,31,24,21,25,30,20,10,34,29,21,35,31,19,29,10,26,19,33,33,18,26,20,11,16,26,18,26,19,24,20,37,25,39,40,30,31,23,28,58,68,38,53,13,20,10,38,12,35,14,9,11,16,17,30,6,20,89,46,66,9,14,11,-20,12,8,10,9,43,40,5,40,41,43,47,29,58,13,14,6,7,29,-20,13,27,16,29,17,16,6,9,13,23,11,18,12,5,28,7,-20,38,80,19,11,32,12,19,9,18,8,7,16,16,8,7,8,19,7,14,10,11,21,5,9,19,12,10,2,14,13,8,16,7,16,8,22,53,9,7,10,67,9,11,9,3,8,21,14,25,20,14,8,19,3,10,12,9,9,10,12,11,30,11,19,4,4,-20,25,11,12,17,12,8,30,12,10,28,15,12,6,7,7,12,8,7,9,14,9,33,14,10,24,32,14,9,109,17,16,16,7,9,7,7,14,18,6,7,-20,13,16,9,11,14,79,26,10,8,9,8,19,18,4,13,5,18,-20,13,25,13,8,11,-20,9,4,11,12,4,8,14,9,17,54,35,11,20,17,12,7,15,18,14,10,25,11,12,25,11,25,21,11,14,8,10,-20,10,5,12,48,17,20,11,15,5,-20,26,10,10,41,60,61,47,16,36,37,14,16,46,44,10,7,49,9,10,48,24,7,11,43,10,6,20,16,-20,13,18,24,13,22,17,16,15,-20,28,22,22,19,5,5,21,17,21,21,7,10,46,22,13,17,7,34,11,73,17,14,4,8,17,12,14,20,20,25,38,24,59,63,35,22,29,19,50,13,43,20,12,44,7,14,20,15,26,16,25,7,36,34,24,29,23,18,61,10,14,8,16,44,11,31,32,29,12,8,14,7,46,36,19,74,35,46,-20,-20,24,32,20,30,55,20,20,42,24,35,33,78,63,24,-20,-20,30,67,13,11,17,20,23,58,20,49,20,35,24,28,40,9,23,11,74,42,41,46,27,19,22,20,24,15,19,18,14,16,22,16,18,16,10,16,13,19,20,24,13,18,17,15,9,15,9,12,9,33,14,19,26,13,-20,12,11,6,18,18,14,19,20,10,33,29,24,11,20,15,20,22,-20,19,19,16,14,22,16,11,15,18,20,18,22,-20,17,16,13,15,18,18,22,19,15,16,21,10,11,21,11,16,-20,35,14,17,13,27,18,22,18,15,26,16,16,17,-20,19,13,5,7,-20,16,-20,22,10,23,20,12,5,8,4,11,15,10,13,10,8,22,10,20,12,17,22,14,20,14,15,12,11,18,18,7,12,7,11,6,15,12,5,16,16,20,18,15,15,10,10,9,12,18,15,7,34,20,18,20,17,19,12,14,16,17,14,26,7,21,10,-20,23,16,29,11,13,23,8,13,-20,28,-20,-20,21,18,19,29,21,-20,10,-20,15,29,10,21,13,10,29,14,16,11,12,11,20,13,22,8,13,14,12,19,-20,16,15,13,12,16,5,10,11,16,8,33,20,18,9,5,14,19,10,60,11,27,21,23,21,28,27,35,30,42,21,20,20,19,24,24,29,30,29,29,20,39,19,27,21,15,16,12,39,24,29,17,20,21,13,22,23,21,24,33,13,18,11,16,23,11,6,18,8,19,12,18,21,12,9,-20,19,13,-20,-20,18,15,13,23,25,28,21,18,16,20,28,22,19,11,26,23,24,16,10,12,10,16,14,15,18,-20,5,9,3,13,7,8,6,10,13,18,5,16,23,18,16,14,16,19,25,21,17,19,14,13,-20,15,15,29,16,51,12,23,17,15,20,14,21,18,18,9,14,6,9,11,8,11,33,9,9,7,10,11,21,15,13,13,6,13,15,12,12,7,18,6,10,6,6,7,-20,-20,-20,-20,4,10,14,5,9,-20,6,10,-20,10,11,6,5,-20,5,8,4,9,11,-20,3,-20,8,4,5,4,8,9,7,-20,7,8,6,4,-20,-20,6,2,6,9,-20,12,11,-20,7,-20,13,7,10,8,6,13,5,-20,8,10,-20,4,-20,-20,5,14,14,28,35,20,35,19,16,27,23,71,49,41,-20,79,33,55,60,44,55
"chr1,22084629",-20,24,12,11,20,9,14,12,13,8,12,6,29,32,16,16,31,19,93,62,46,16,49,34,57,40,26,44,32,-20,14,9,10,14,75,59,32,24,19,10,15,43,24,13,14,45,-20,67,10,23,26,29,60,41,47,31,57,42,36,31,50,54,27,37,21,15,20,64,64,19,31,29,19,41,26,60,26,13,23,27,19,20,22,7,22,35,38,57,46,18,20,29,36,43,27,29,24,43,16,47,20,31,3,10,33,40,-20,31,41,6,13,7,38,34,11,10,60,19,9,10,14,17,16,8,64,15,10,55,16,21,32,13,5,10,35,61,67,6,12,11,14,10,13,17,40,16,14,54,22,7,8,25,16,24,70,7,9,27,82,30,17,8,12,10,11,16,17,7,12,9,56,85,26,20,4,29,10,-20,19,163,14,17,23,12,22,5,12,39,14,9,17,47,5,4,10,12,23,18,34,25,13,21,31,30,54,17,31,68,21,24,80,31,32,42,16,20,50,13,13,29,13,17,18,43,22,17,15,25,34,29,50,34,43,-20,12,15,22,22,30,23,21,23,30,21,12,35,28,21,37,35,19,29,9,27,19,33,32,18,26,19,11,16,25,19,27,18,24,22,36,26,39,41,30,30,23,29,61,68,38,54,13,20,9,37,11,32,14,10,11,14,17,28,5,21,90,49,66,9,14,11,23,12,9,10,9,43,40,5,38,41,43,44,28,51,14,14,6,7,29,-20,12,27,16,28,17,15,6,9,13,22,11,17,12,5,30,7,-20,36,76,18,9,31,13,19,9,18,7,7,16,15,8,7,8,18,8,15,10,11,20,5,9,19,13,10,-20,12,13,7,16,7,16,8,22,52,8,6,10,65,9,12,8,3,-20,22,14,23,22,12,8,19,3,10,12,9,10,10,12,11,28,11,19,5,4,-20,24,10,11,17,12,8,28,12,10,27,15,12,5,-20,7,13,8,7,9,14,9,31,14,9,24,30,14,9,109,17,16,16,7,9,7,7,13,17,6,8,9,14,16,9,11,14,81,22,8,7,9,8,19,18,4,13,5,19,-20,13,22,13,8,11,-20,-20,4,11,11,5,8,13,9,17,49,34,12,20,17,13,7,15,18,13,10,23,11,11,24,10,24,21,11,13,8,10,-20,10,6,11,45,17,19,11,15,5,13,25,11,8,39,60,63,46,16,37,36,14,16,46,44,9,7,48,10,10,47,24,7,-20,43,10,6,21,16,-20,12,12,23,13,22,17,19,16,-20,29,22,22,18,5,5,21,17,23,21,7,10,45,22,12,18,7,33,9,71,16,13,4,9,17,14,14,20,19,24,38,24,57,64,35,21,29,19,52,13,43,20,12,45,7,13,20,14,27,16,24,8,36,34,24,28,23,18,59,10,14,8,17,45,12,31,31,29,12,8,14,7,45,37,18,73,35,44,-20,-20,24,30,20,31,57,18,21,40,28,35,32,81,64,25,-20,-20,31,66,14,12,17,20,22,53,20,47,21,35,23,28,37,9,22,11,69,44,42,44,27,19,22,20,24,15,19,17,13,13,22,16,18,15,10,16,12,19,21,24,13,17,15,16,-20,15,9,12,9,34,15,18,26,11,-20,12,11,6,18,18,14,19,20,10,34,29,24,12,21,15,20,22,-20,19,21,16,13,22,17,11,16,18,20,18,23,-20,16,15,13,15,18,18,22,19,15,15,21,11,12,20,11,16,-20,35,14,17,14,27,18,21,18,16,27,16,15,17,-20,19,14,5,7,-20,15,-20,22,10,23,20,12,4,8,4,11,15,10,14,11,8,22,10,22,12,16,21,13,20,14,14,12,11,18,18,7,12,7,11,6,15,12,5,16,16,20,18,16,15,10,10,9,12,18,15,7,34,22,18,20,17,19,12,13,16,17,14,26,7,21,10,-20,23,16,29,12,14,21,9,13,-20,28,-20,-20,21,18,19,30,19,-20,9,-20,15,28,10,21,13,9,29,14,15,11,12,11,21,13,22,7,11,14,14,19,-20,17,15,13,12,16,5,10,12,15,8,33,20,18,9,5,14,18,10,58,11,27,22,22,21,28,26,35,31,42,22,20,20,19,26,24,30,31,30,30,21,41,20,27,21,14,18,12,40,24,30,17,20,22,13,23,23,21,23,34,13,18,12,16,23,11,6,18,8,19,12,18,21,11,9,-20,19,13,-20,-20,19,15,13,22,26,28,21,18,16,20,28,22,19,11,24,23,24,16,10,12,10,17,14,16,18,-20,6,9,3,13,7,8,7,9,13,17,5,16,23,18,17,14,16,19,24,21,17,20,14,13,-20,16,15,29,15,50,12,23,17,15,21,14,22,18,17,9,14,6,9,11,8,11,33,9,9,7,12,11,21,15,13,13,6,13,15,12,12,7,18,7,10,6,6,7,10,-20,-20,-20,4,8,13,5,10,5,6,10,-20,11,10,5,5,-20,5,7,5,-20,10,-20,-20,3,7,4,5,4,7,7,8,-20,6,9,8,4,-20,-20,6,2,6,10,9,14,10,-20,6,6,13,7,11,8,6,11,5,6,-20,8,-20,4,7,5,5,14,14,29,36,20,36,18,16,27,23,72,46,41,-20,79,33,57,61,43,52
"chr1,22084630",-20,22,12,11,20,9,14,12,13,8,12,6,29,33,16,16,29,19,93,60,45,15,52,34,58,39,26,47,31,8,13,8,10,14,78,59,32,24,18,10,15,43,24,13,14,44,-20,67,-20,23,26,32,59,40,47,30,50,41,37,29,49,52,27,37,20,16,20,63,64,18,32,28,20,41,26,59,25,13,22,26,18,20,22,7,21,36,38,57,44,18,21,29,35,43,28,30,23,44,16,45,21,31,3,10,33,42,-20,31,41,6,11,6,40,34,11,10,60,19,10,10,14,17,15,8,64,15,10,54,16,20,31,13,6,10,35,60,67,6,12,10,15,10,13,17,39,16,14,53,22,7,8,25,18,24,70,7,9,27,86,29,16,8,12,10,11,16,16,7,11,8,56,84,26,21,4,28,10,-20,19,134,14,18,23,12,24,5,12,40,14,9,14,50,4,4,10,12,23,17,33,24,14,21,31,31,54,17,31,69,21,23,77,31,30,36,16,18,50,13,13,29,14,17,19,44,23,17,15,25,38,29,48,34,43,-20,12,15,24,21,27,23,21,24,30,21,12,34,28,21,37,35,19,30,9,26,19,31,33,18,26,19,11,15,22,19,28,18,24,22,35,26,38,40,30,31,23,29,61,68,39,53,13,20,9,37,12,32,14,10,11,18,17,29,5,21,89,48,63,9,14,11,23,12,9,10,9,43,40,5,38,40,43,44,28,53,14,14,6,7,29,-20,12,27,16,25,15,15,6,10,11,21,11,17,13,5,29,7,-20,36,78,18,9,32,14,19,9,18,7,7,17,14,8,7,8,18,8,14,11,10,20,5,-20,17,13,10,2,12,13,8,16,7,17,8,22,50,8,6,10,64,8,12,8,4,-20,22,15,23,22,12,8,19,4,10,12,9,-20,12,13,11,28,10,18,5,4,-20,25,10,11,17,12,9,27,12,10,27,15,13,5,-20,7,13,-20,7,9,15,9,31,12,9,24,29,14,9,106,18,16,16,8,9,7,7,13,16,6,8,8,14,14,8,12,14,82,20,8,7,9,8,19,17,4,13,5,19,-20,12,23,13,7,11,-20,7,4,11,12,5,8,12,10,18,49,33,11,20,18,13,7,15,18,13,-20,24,9,10,24,9,24,21,10,13,8,10,-20,10,6,11,45,17,19,11,14,5,13,24,11,7,39,58,63,47,16,36,36,13,16,46,45,8,7,48,9,-20,49,23,7,9,43,10,6,22,16,-20,12,12,24,13,21,16,19,16,-20,28,23,22,17,5,4,21,17,23,20,7,11,42,22,13,18,6,33,9,70,17,13,4,9,17,14,14,20,20,24,37,24,56,64,35,21,28,19,52,13,42,20,12,44,7,13,20,14,28,16,24,7,35,34,24,27,23,17,59,10,14,8,17,44,12,31,30,27,12,8,14,7,45,35,18,75,35,45,-20,-20,23,31,21,31,60,18,21,39,28,36,34,78,64,26,-20,-20,31,66,14,12,17,20,22,53,20,48,21,35,23,28,37,9,23,11,76,43,42,46,27,19,22,19,24,-20,17,17,11,12,22,15,18,15,10,15,12,19,20,24,13,18,15,18,9,15,9,12,9,34,16,18,26,11,-20,12,10,6,18,17,14,19,20,11,35,26,24,11,17,16,19,22,-20,19,21,16,13,22,17,11,16,-20,20,18,23,-20,17,15,13,14,18,18,22,19,15,15,21,11,13,21,11,16,-20,35,14,17,13,28,18,18,18,16,27,-20,16,17,-20,19,14,5,7,-20,15,-20,22,10,23,-20,12,5,8,4,11,15,10,14,11,8,22,10,22,11,16,21,13,20,14,14,12,11,18,18,-20,12,7,11,6,15,12,5,16,16,19,17,16,15,10,11,9,11,18,15,7,34,21,18,20,17,19,12,13,16,17,14,26,7,21,10,-20,22,17,28,12,14,22,9,13,-20,29,-20,-20,21,18,18,30,19,-20,9,-20,15,28,10,21,13,9,28,13,15,11,12,10,20,13,20,7,11,14,14,19,-20,17,15,14,12,16,6,10,12,15,8,31,20,18,9,6,14,18,11,58,11,25,21,22,22,27,27,35,31,41,22,19,20,19,26,24,30,33,30,30,20,41,20,27,21,11,19,12,39,25,30,17,20,22,14,23,22,22,23,34,12,18,12,16,23,11,6,18,8,18,12,17,19,11,9,-20,18,13,-20,-20,19,15,13,23,25,28,21,18,15,20,27,22,19,11,24,23,23,15,10,12,10,15,14,16,18,-20,6,9,3,13,7,8,7,10,14,17,5,16,22,18,17,14,16,19,22,21,17,20,13,13,-20,16,15,29,13,49,10,24,17,14,21,14,23,17,18,9,14,6,9,11,-20,11,31,9,9,6,12,10,21,14,13,13,6,13,15,12,12,7,18,7,10,6,6,7,11,-20,-20,-20,6,9,14,5,10,6,6,10,-20,10,9,7,5,-20,-20,7,6,5,9,-20,3,-20,7,4,5,3,7,9,8,-20,5,9,8,3,-20,-20,5,2,6,9,8,13,11,-20,6,5,13,7,11,9,6,10,5,7,10,8,-20,3,6,5,5,14,14,29,35,19,36,18,13,28,23,70,47,41,-20,79,32,56,60,43,52
"chr1,22084631",-20,23,12,11,20,9,14,12,13,8,12,6,29,33,17,16,29,19,92,62,45,15,53,33,58,41,26,48,33,9,14,8,10,14,80,56,31,27,18,10,15,46,25,13,14,47,-20,66,10,23,28,32,59,43,44,29,51,40,37,30,50,52,27,38,21,17,19,63,65,19,34,31,20,40,27,56,25,13,22,26,18,21,21,7,22,38,37,56,45,19,21,31,34,44,27,30,23,45,16,44,21,31,3,10,34,43,-20,31,41,6,11,6,40,34,11,10,59,19,10,10,14,17,15,8,64,15,10,54,16,20,32,13,6,10,35,60,66,6,12,10,15,10,13,17,40,16,14,53,22,7,8,25,18,24,67,7,9,27,85,31,16,8,12,10,11,16,17,7,12,8,56,84,26,22,4,29,10,-20,19,144,14,18,26,12,23,5,13,41,14,9,12,52,5,4,10,12,21,18,33,25,15,22,32,35,56,16,30,74,23,25,79,30,29,37,16,20,51,16,13,26,15,17,21,43,26,17,14,25,38,29,50,37,43,-20,11,16,24,21,27,25,22,25,30,21,12,36,29,22,39,37,19,30,10,28,19,34,33,18,26,19,13,15,23,18,29,18,23,21,35,27,38,42,32,32,23,29,61,67,42,56,12,21,9,37,12,32,15,11,9,18,17,28,5,20,90,55,61,9,13,11,25,12,9,10,9,43,40,4,38,41,44,45,29,53,14,14,7,7,28,-20,12,27,16,26,15,15,7,11,10,20,11,16,14,5,30,7,-20,38,79,19,9,32,14,20,9,18,7,7,16,14,8,8,7,18,8,14,11,10,19,5,9,17,13,10,2,12,13,8,16,7,17,7,23,50,8,6,9,66,7,12,8,4,-20,22,13,24,22,13,8,19,4,11,12,9,-20,12,13,11,28,10,17,6,4,-20,25,10,11,18,12,8,27,12,11,27,15,12,5,7,7,14,7,6,9,15,9,34,11,9,24,32,12,9,109,17,15,16,8,9,7,6,14,15,-20,8,7,13,14,8,12,14,83,21,8,7,9,8,19,18,4,13,6,17,-20,11,24,13,7,11,-20,7,4,11,12,6,8,12,10,18,50,34,11,19,19,12,8,15,17,13,9,24,10,11,24,9,24,20,-20,13,8,11,-20,10,6,11,45,17,18,11,14,5,13,24,12,7,40,59,65,49,16,37,34,13,16,47,45,8,7,49,9,10,50,24,7,9,44,10,5,22,15,-20,13,12,25,13,21,17,20,16,-20,27,24,21,17,6,4,21,17,23,20,7,11,46,22,14,19,6,32,9,70,16,13,5,10,16,13,13,19,21,23,39,24,56,63,34,21,29,21,51,13,42,20,12,44,7,13,20,15,27,16,24,7,36,34,23,27,23,17,60,10,14,8,17,44,12,31,30,27,12,7,14,7,48,35,19,76,36,44,-20,-20,25,29,21,35,59,20,20,39,29,36,35,77,66,28,-20,-20,31,67,14,14,16,19,22,54,20,47,19,34,25,29,37,8,21,11,77,38,43,45,26,19,26,19,24,15,18,17,12,12,21,16,18,15,10,13,12,19,21,24,13,18,15,18,9,15,9,12,9,33,16,18,26,11,-20,12,10,6,18,18,14,19,20,11,35,27,23,12,17,16,19,22,-20,19,21,16,13,21,17,11,16,18,20,18,23,-20,17,14,13,14,18,18,22,19,15,15,22,11,13,21,11,16,-20,32,14,16,13,27,18,18,17,16,27,16,16,17,-20,19,14,5,7,-20,16,-20,22,10,23,20,12,5,8,4,11,15,10,13,11,8,21,10,22,11,16,21,13,20,14,14,11,11,18,18,7,12,7,11,6,15,12,5,16,16,20,17,16,15,10,11,9,11,18,15,7,32,21,18,20,17,19,12,13,16,17,14,25,7,21,10,-20,22,17,28,12,14,22,-20,13,-20,29,-20,-20,21,17,18,30,19,-20,9,-20,15,28,9,21,13,9,28,13,15,11,12,10,20,13,20,7,11,14,14,19,-20,17,15,14,12,16,6,10,12,15,8,31,20,18,9,6,14,18,11,63,11,24,22,22,22,28,27,35,31,40,22,19,20,19,26,23,28,33,30,30,19,40,20,27,21,11,19,12,39,23,30,17,20,22,14,23,24,22,23,34,12,18,12,16,23,11,6,18,8,18,12,17,19,11,9,-20,18,13,-20,-20,19,15,13,23,24,28,21,18,15,20,27,22,19,11,24,24,23,15,10,11,10,15,14,16,18,-20,6,9,3,13,7,8,7,10,14,17,5,16,22,18,16,14,16,19,20,21,17,20,13,13,-20,16,15,29,13,50,10,24,17,14,21,14,23,17,18,9,14,6,9,11,8,10,31,9,9,6,12,10,21,14,13,13,6,12,15,12,12,7,18,7,10,6,6,7,11,-20,-20,-20,6,9,13,5,10,6,6,10,-20,10,10,8,4,-20,-20,10,5,8,11,-20,3,3,7,4,6,3,8,6,8,-20,5,8,8,4,-20,-20,6,2,6,11,9,13,11,-20,6,5,15,7,11,8,6,10,4,7,9,10,-20,4,-20,5,5,14,14,29,34,19,36,19,13,27,22,70,47,41,-20,82,35,58,60,43,51
"chr1,22084634",-20,23,13,11,20,10,14,11,13,8,12,6,29,32,17,15,28,19,90,61,42,16,55,34,57,39,27,50,32,8,14,8,9,14,82,55,30,25,20,10,14,43,23,13,16,47,-20,68,10,22,28,31,60,42,47,29,50,38,37,29,50,53,26,39,21,17,18,64,65,19,30,32,22,38,27,57,26,12,23,26,18,21,21,7,22,39,37,56,47,20,21,31,33,45,28,29,23,46,17,42,21,31,4,10,37,45,-20,30,41,8,11,6,39,34,11,10,59,18,-20,10,13,17,14,8,62,15,9,56,19,19,32,13,-20,11,35,60,67,6,11,10,15,11,13,17,43,16,14,54,23,7,8,25,18,24,68,7,9,27,90,36,16,8,13,10,10,17,19,-20,12,8,52,79,24,21,4,29,9,-20,18,141,17,19,28,12,23,5,14,40,14,10,12,51,5,4,10,13,21,19,35,25,18,24,34,34,55,16,32,76,23,26,77,31,29,35,16,18,55,16,17,27,18,18,21,45,25,17,14,25,38,30,50,35,44,-20,11,18,26,18,27,24,21,23,27,22,12,35,29,22,36,37,19,33,10,25,21,33,31,17,25,19,14,14,25,19,29,19,-20,21,35,27,35,43,30,36,24,27,60,66,43,57,12,21,9,37,11,35,16,10,9,20,21,27,5,19,86,63,60,10,14,11,26,13,9,10,9,44,40,4,38,41,43,44,30,55,14,14,7,8,29,-20,11,28,17,27,15,14,6,12,9,22,11,18,13,5,30,7,-20,38,84,18,9,32,14,21,8,17,6,8,16,13,-20,9,7,18,8,14,11,10,19,5,8,18,11,10,2,12,13,8,16,8,18,8,23,54,8,6,9,66,6,12,7,5,8,24,15,25,22,14,8,18,4,11,12,9,12,12,13,12,28,10,16,6,4,-20,23,9,11,17,11,9,29,13,10,26,16,14,5,8,7,15,7,7,9,16,9,35,10,9,26,34,12,10,111,17,14,15,8,9,7,6,14,16,6,7,7,14,14,8,13,13,85,22,10,7,9,7,19,17,4,12,6,18,-20,12,23,14,9,12,-20,7,4,11,12,6,7,12,10,18,48,33,11,18,19,12,8,14,17,15,10,26,10,12,28,9,26,22,11,13,8,10,8,11,6,11,44,17,20,11,13,5,14,24,12,7,41,60,64,49,17,37,36,13,17,47,45,7,8,48,9,10,47,21,8,10,44,9,5,21,16,-20,12,12,25,13,21,17,20,14,-20,26,23,22,18,7,4,21,17,23,20,7,11,48,22,16,19,6,33,11,73,18,13,5,10,17,12,15,19,22,23,39,24,58,66,37,21,29,21,50,15,44,20,12,43,7,14,20,16,29,16,24,7,36,33,23,31,23,18,59,10,14,8,17,44,12,31,31,28,12,8,14,7,48,32,18,74,36,45,-20,-20,25,28,18,34,63,18,21,42,29,40,37,79,66,29,-20,-20,31,71,16,14,15,20,24,54,20,47,18,33,25,33,37,8,21,12,80,38,44,45,30,20,27,19,24,15,19,17,12,13,24,16,18,19,10,14,14,20,21,26,13,18,15,18,-20,15,9,13,9,34,19,18,26,13,-20,-20,10,-20,18,18,14,19,20,12,34,28,24,13,19,15,21,22,-20,19,22,16,12,19,15,12,15,18,20,18,22,-20,18,14,13,11,21,18,22,20,15,14,22,10,13,21,11,18,-20,30,14,15,14,27,17,18,17,17,27,15,16,17,-20,19,15,5,7,-20,17,-20,22,10,23,20,12,5,9,4,12,15,10,13,11,8,21,10,22,13,16,21,13,21,14,14,12,11,19,18,7,12,8,11,6,15,12,5,16,17,20,17,16,15,10,11,10,12,17,15,9,33,21,18,20,19,21,12,13,16,17,14,26,7,22,10,-20,22,17,26,13,14,22,9,14,-20,31,-20,-20,24,18,20,31,19,-20,9,-20,15,29,9,21,13,9,30,14,15,12,11,10,20,13,21,7,12,13,14,21,-20,17,14,15,12,16,6,11,12,14,8,31,21,18,9,6,14,17,11,62,11,21,23,22,22,30,27,35,34,41,23,20,20,19,27,26,28,34,30,31,21,42,20,26,21,11,20,12,39,24,31,17,20,22,14,24,24,23,23,31,12,18,13,16,23,14,6,18,8,19,12,18,19,10,9,-20,18,14,-20,-20,20,15,16,24,23,31,21,19,15,20,27,23,18,11,24,25,23,17,11,12,11,15,15,13,18,-20,7,11,4,14,6,8,7,12,15,17,6,15,23,20,17,15,18,20,23,21,17,20,13,13,-20,17,15,29,14,51,10,25,17,14,22,15,24,17,20,10,15,6,9,12,8,10,29,9,9,6,12,12,20,13,13,13,6,13,16,12,12,7,18,8,11,7,4,7,12,-20,-20,-20,6,8,12,4,9,6,6,10,-20,10,12,7,5,-20,5,8,7,5,11,-20,-20,3,7,3,6,4,8,7,8,-20,5,10,7,4,-20,-20,6,2,7,9,-20,13,11,-20,6,3,15,6,9,8,-20,11,5,-20,11,9,-20,5,6,7,3,-20,14,29,37,18,36,18,14,24,23,71,49,42,11,87,35,57,60,42,53
"chr1,22084635",-20,23,13,11,20,10,14,11,13,8,12,6,29,32,17,15,28,18,88,60,43,16,55,34,56,41,27,50,32,8,15,8,9,14,83,53,31,26,20,10,14,46,23,15,16,47,-20,68,10,21,28,30,60,42,47,29,49,41,38,29,50,52,26,39,21,17,18,63,62,19,32,32,21,39,28,56,26,12,23,26,18,20,22,7,22,40,37,57,47,19,21,31,32,44,27,29,23,45,17,42,20,32,4,10,37,46,-20,31,41,8,11,6,37,34,11,10,58,18,10,10,12,17,15,8,61,15,9,58,19,19,34,13,-20,11,37,60,65,6,11,10,15,11,12,17,43,16,14,53,22,7,8,25,17,23,69,7,9,27,90,36,16,8,13,10,10,17,19,9,12,8,53,80,24,21,4,30,9,-20,19,141,16,19,28,12,23,5,14,41,14,10,15,50,5,4,10,14,21,20,34,25,18,24,34,34,55,16,32,76,23,26,76,29,29,33,16,18,55,14,17,27,18,18,21,44,22,16,15,26,39,30,50,35,44,-20,12,18,26,18,28,24,21,23,27,22,12,36,30,22,36,38,19,33,10,25,20,33,31,17,26,19,14,14,25,19,29,20,23,22,35,27,35,41,29,36,24,27,60,68,42,59,12,21,9,37,12,36,16,10,9,19,21,28,5,20,84,63,62,10,13,11,26,13,9,10,9,44,39,4,38,41,43,44,30,54,14,14,-20,8,28,-20,11,28,17,27,15,15,6,12,9,22,11,19,13,5,32,7,-20,38,85,18,9,32,13,21,8,17,6,8,17,13,-20,9,7,18,8,14,11,10,19,5,9,18,11,10,2,12,12,7,17,9,18,8,21,52,8,6,9,64,6,12,7,5,8,24,16,24,23,13,8,17,4,11,12,9,12,12,13,12,28,10,15,6,4,-20,24,9,11,17,12,9,29,13,9,26,16,13,5,8,7,14,7,6,8,16,9,34,10,9,25,34,12,10,114,17,14,16,8,9,7,7,15,16,6,7,8,13,14,8,13,13,85,22,10,7,9,7,19,17,4,12,6,19,-20,12,21,11,9,12,-20,6,4,11,13,6,7,12,10,17,48,32,11,18,18,13,8,14,17,15,10,25,10,12,28,9,26,22,10,13,8,9,8,11,6,11,44,17,21,11,13,5,13,24,12,7,41,60,65,47,16,38,34,12,17,47,46,7,7,48,9,10,48,21,8,-20,44,9,5,21,16,-20,12,12,26,13,21,16,19,14,-20,25,23,22,18,7,4,21,17,23,20,7,11,49,21,15,20,6,31,11,74,18,13,5,10,16,12,15,19,23,23,37,23,58,67,37,22,29,21,50,15,43,20,12,44,7,14,19,16,29,16,24,7,36,34,23,31,23,18,59,10,14,8,17,44,12,31,30,27,12,8,13,7,50,32,19,74,35,47,-20,-20,26,30,20,35,66,18,21,44,29,40,37,83,67,29,-20,-20,31,72,16,14,16,20,25,52,20,44,18,35,25,33,37,8,22,12,80,38,44,44,30,21,26,19,24,15,19,17,12,13,23,16,18,19,10,13,13,19,21,26,13,18,15,18,9,14,9,13,9,34,19,18,26,13,-20,10,10,5,18,18,13,18,19,12,35,27,24,12,19,15,21,22,-20,19,22,16,12,20,15,12,16,18,20,18,23,-20,18,14,13,11,21,18,22,20,15,14,22,10,13,21,11,18,-20,29,13,15,14,27,17,18,16,17,27,15,16,17,-20,19,14,5,7,-20,17,-20,22,10,22,20,12,5,9,4,11,15,10,14,-20,8,21,10,21,13,16,21,13,21,14,14,13,11,19,18,7,11,8,11,6,15,12,5,16,17,20,17,16,15,10,11,10,12,18,14,9,32,21,18,19,19,21,12,13,16,17,14,27,7,22,10,-20,22,17,25,13,14,22,9,14,-20,29,-20,-20,24,18,20,31,19,-20,9,-20,15,29,9,21,13,9,30,14,15,12,11,10,20,13,21,7,12,14,15,21,-20,17,14,15,12,16,6,11,12,14,8,31,21,18,9,6,14,17,11,62,11,23,22,23,22,30,26,35,34,43,23,19,20,19,27,26,27,34,30,31,21,41,20,26,21,11,20,12,39,24,31,17,20,22,14,25,24,23,23,31,12,18,13,15,23,13,6,18,8,19,12,18,19,10,9,-20,18,14,-20,-20,20,16,16,24,23,31,20,17,15,20,26,23,17,11,24,25,23,17,11,12,11,15,15,14,17,-20,7,11,4,14,6,8,7,12,15,17,6,15,23,20,17,15,18,20,23,20,17,20,13,13,-20,16,15,29,14,51,10,25,17,14,22,15,24,17,20,10,15,6,9,12,8,10,29,9,9,6,12,12,21,14,13,12,6,13,16,12,12,7,18,8,11,6,5,7,12,-20,-20,-20,6,9,13,4,8,6,6,9,-20,10,9,7,-20,-20,4,8,8,7,10,-20,-20,3,8,3,6,3,8,9,8,-20,5,11,7,-20,-20,-20,5,2,7,10,10,14,11,-20,6,4,14,5,10,8,5,11,4,9,11,11,-20,3,5,7,4,11,14,29,37,18,36,19,14,24,23,71,49,44,11,81,34,57,59,43,54
"chr1,22084636",-20,22,12,11,20,9,13,10,13,8,12,6,30,31,17,15,29,18,89,59,43,16,58,35,54,42,27,50,32,8,15,8,9,14,81,53,30,26,-20,10,-20,48,22,15,16,47,-20,68,10,21,28,30,60,42,49,29,49,42,38,30,50,52,26,38,22,17,18,61,62,19,31,32,21,39,28,55,26,11,23,25,18,20,22,7,24,39,38,58,44,19,22,32,31,40,27,29,23,45,17,41,20,33,4,10,36,46,-20,31,41,7,11,6,38,34,11,10,57,18,10,10,12,17,15,8,65,15,9,58,19,19,34,12,-20,11,37,59,64,6,11,10,15,11,13,17,42,16,13,54,23,7,8,34,19,22,65,7,10,29,91,34,16,8,13,10,-20,17,19,9,-20,8,55,79,27,22,4,30,9,-20,19,141,16,19,28,12,22,5,14,43,14,10,15,49,6,4,11,14,21,21,32,25,18,24,34,32,55,15,33,74,22,27,77,28,29,33,17,18,57,14,17,27,18,19,21,46,22,16,15,29,41,30,51,35,43,-20,12,18,26,19,27,24,22,23,28,21,12,36,30,22,36,38,19,33,10,24,20,34,32,21,26,19,13,14,25,18,28,19,23,22,34,25,35,41,29,37,24,26,60,68,41,60,12,21,9,37,11,36,16,10,9,20,21,28,5,19,85,61,59,10,13,11,25,13,9,10,9,44,38,4,38,40,42,47,31,54,14,14,6,7,29,-20,11,28,17,27,15,17,6,12,9,22,11,19,13,4,31,8,-20,38,85,18,9,32,13,21,8,17,6,8,17,13,-20,10,7,18,8,14,12,10,18,5,9,18,12,10,2,12,13,7,17,9,17,7,21,53,8,6,11,64,6,13,-20,5,8,24,16,24,23,13,7,17,4,11,12,9,13,12,-20,10,28,10,15,6,4,-20,25,10,11,15,12,9,29,13,9,27,16,14,6,-20,7,14,8,6,8,17,9,34,11,9,25,34,12,10,116,17,13,16,8,9,7,8,15,16,6,7,8,13,13,8,13,13,85,21,10,7,10,7,19,17,4,12,6,20,-20,12,21,12,9,12,-20,6,4,11,13,6,7,12,10,17,49,33,10,19,18,13,8,14,18,16,10,25,10,12,28,9,28,22,10,12,8,9,8,11,6,10,45,17,21,12,13,5,13,24,12,8,41,59,65,46,17,38,32,12,17,47,46,7,7,48,10,10,47,21,8,-20,44,9,5,21,16,-20,12,12,26,13,21,17,19,14,-20,25,25,22,18,7,4,21,17,21,20,7,11,45,20,16,20,6,31,11,72,19,13,6,11,16,12,15,19,23,23,40,23,57,68,37,24,29,21,51,13,41,20,12,44,6,14,19,16,28,16,23,7,35,34,23,31,23,18,60,10,14,8,16,44,11,28,30,28,12,8,12,7,50,31,19,75,36,45,-20,-20,24,30,20,32,64,18,21,42,30,39,37,82,66,29,-20,-20,32,76,16,14,16,20,27,52,20,46,18,34,25,32,40,8,21,12,77,38,42,45,31,22,26,19,24,15,19,17,12,13,23,15,17,18,9,13,13,20,21,25,13,18,15,18,9,14,9,13,9,33,19,19,26,13,-20,10,10,5,18,18,13,18,20,12,35,26,24,13,19,15,20,22,-20,19,21,16,12,20,15,12,16,18,19,18,23,-20,18,14,12,11,20,18,22,20,15,14,21,10,13,21,11,18,-20,30,13,15,14,25,16,17,16,17,28,-20,15,17,-20,19,14,5,7,-20,17,-20,22,10,21,19,12,5,9,4,12,15,10,14,10,8,21,10,21,13,15,21,13,22,14,14,13,11,19,18,7,11,8,11,6,14,12,4,16,16,20,17,14,15,10,11,10,12,17,14,9,33,21,18,19,19,21,12,12,16,17,14,27,7,22,10,-20,22,17,25,13,-20,22,9,14,-20,30,-20,-20,24,18,19,31,19,-20,9,-20,15,29,9,21,13,9,30,14,15,12,10,10,20,12,21,7,12,14,15,21,-20,17,13,15,12,15,6,11,12,-20,8,30,21,18,9,6,14,17,11,62,11,23,22,23,22,30,27,35,33,43,23,19,20,19,27,26,27,34,31,31,21,41,20,26,21,11,20,12,39,22,31,17,20,19,14,25,24,22,22,31,12,17,13,16,-20,13,6,18,8,19,12,18,19,10,9,-20,18,14,-20,-20,20,16,16,24,23,30,20,18,15,20,24,23,17,11,24,25,23,17,11,11,11,15,15,14,17,-20,7,11,4,13,6,8,7,12,15,17,6,15,22,20,17,15,18,20,22,20,-20,20,13,12,-20,14,15,29,14,49,10,25,-20,14,22,15,24,17,20,10,14,-20,9,12,8,10,29,9,9,6,12,12,21,14,13,12,6,13,16,12,12,7,-20,8,10,6,4,7,10,-20,-20,-20,5,9,12,3,8,7,5,8,-20,12,8,6,4,-20,5,8,7,7,11,-20,-20,-20,8,-20,6,5,8,6,8,-20,-20,10,7,-20,-20,-20,6,2,7,10,9,13,10,-20,5,4,12,5,9,7,7,10,-20,-20,10,10,-20,3,5,6,-20,12,14,30,39,18,36,20,14,25,22,71,49,44,11,78,34,57,58,41,54
"chr1,22084637",-20,22,12,11,20,10,13,9,14,9,12,-20,29,32,17,14,27,17,92,59,44,17,57,35,57,41,27,50,32,8,15,8,10,14,83,52,29,28,21,10,14,47,24,15,16,48,-20,68,10,21,29,29,59,42,46,28,48,39,37,31,50,51,26,39,21,17,17,61,62,21,32,34,22,39,28,55,25,11,21,26,19,19,21,7,24,40,37,60,45,19,22,33,30,40,27,29,22,43,15,40,20,33,6,10,36,44,-20,31,43,7,11,6,38,36,11,8,55,17,10,10,13,17,15,8,65,15,11,58,20,18,34,13,-20,11,38,59,66,6,12,10,18,11,13,17,39,16,12,55,22,7,8,36,19,22,65,7,10,27,90,35,15,8,13,11,-20,17,19,9,12,9,55,84,27,22,5,31,9,-20,20,141,16,20,28,13,22,5,14,44,13,10,14,48,6,4,11,14,21,21,32,23,20,24,34,32,57,17,33,75,23,26,77,28,29,33,17,18,59,13,17,27,18,19,21,47,23,14,15,29,40,29,51,34,42,-20,14,18,26,19,27,25,20,22,30,20,13,35,30,23,36,38,20,34,9,24,20,33,32,22,26,17,13,13,26,21,28,20,23,22,36,26,34,41,27,37,24,26,59,59,41,62,10,20,9,37,12,36,16,7,9,20,21,27,6,19,82,61,64,10,10,10,27,12,10,10,9,44,39,4,38,39,44,48,29,53,14,15,-20,8,29,-20,11,28,17,27,11,17,6,12,9,22,11,19,13,4,32,8,-20,37,85,17,9,31,15,21,8,17,6,8,18,13,-20,10,7,17,8,14,12,10,18,5,10,18,12,10,2,14,13,7,17,9,17,7,21,53,9,6,11,68,6,14,7,5,8,24,16,24,23,13,7,17,4,11,12,9,13,12,13,10,28,10,15,6,4,-20,23,10,11,16,12,10,29,13,8,28,16,12,5,7,7,14,8,6,7,17,9,33,16,8,27,34,12,10,117,17,13,17,8,9,8,9,15,17,-20,8,8,13,14,8,14,12,82,22,10,7,10,8,18,16,4,12,6,20,-20,12,22,12,9,12,-20,6,4,10,13,6,8,12,11,17,49,32,10,21,17,13,7,14,18,16,10,25,10,13,29,9,28,21,12,13,8,9,7,11,6,10,46,17,22,12,13,5,12,23,13,8,40,57,67,47,17,39,34,12,18,45,46,7,8,45,10,11,48,18,8,10,43,9,5,21,16,-20,12,13,26,13,21,17,19,14,-20,25,25,22,20,8,4,21,18,22,21,7,11,47,20,13,19,7,31,12,74,19,12,6,-20,17,13,15,20,23,23,41,22,55,68,38,24,29,22,52,12,42,20,13,44,6,14,19,16,29,14,23,6,33,33,23,30,23,17,60,10,14,7,20,44,10,31,27,29,12,8,14,7,51,31,19,74,38,46,-20,-20,24,32,20,34,66,18,20,42,31,37,37,83,65,28,-20,-20,33,78,16,13,16,20,27,52,20,47,18,36,27,31,40,8,21,13,77,39,41,46,31,22,26,17,25,15,19,18,12,13,24,17,18,18,8,13,12,20,21,30,13,19,15,19,10,15,9,13,10,33,17,19,25,12,-20,11,10,6,17,17,13,18,21,12,35,24,25,13,19,17,21,22,-20,20,21,15,14,20,15,12,17,18,19,18,24,-20,18,15,12,10,19,18,20,20,15,15,21,10,13,20,13,19,-20,29,12,15,15,24,17,17,16,16,29,17,15,17,-20,18,15,5,-20,-20,19,-20,21,10,21,18,13,5,-20,6,12,15,10,12,11,8,23,12,22,13,14,21,12,22,15,14,14,11,18,17,7,10,8,11,6,15,12,4,17,16,24,18,15,14,9,11,10,11,18,14,13,36,21,18,19,17,21,12,12,16,19,14,27,7,23,10,-20,21,17,24,13,13,21,9,14,-20,31,-20,-20,24,17,21,31,17,-20,10,-20,14,29,9,21,13,9,30,15,15,12,11,10,21,13,20,7,12,15,15,21,-20,17,13,16,12,15,5,12,12,15,8,31,20,19,9,6,13,18,11,63,11,23,21,23,22,29,27,35,35,44,24,19,20,19,27,24,25,35,28,30,20,42,23,26,21,12,20,14,41,23,31,15,22,19,15,24,23,21,23,32,13,18,13,17,23,13,7,21,9,20,12,18,18,11,9,-20,20,14,-20,-20,20,16,17,25,24,33,19,18,17,18,24,22,17,11,24,27,24,19,12,11,14,15,16,14,18,-20,7,11,5,15,6,8,7,12,16,19,6,15,24,19,19,16,16,22,22,20,16,20,14,13,-20,16,15,30,14,52,12,25,19,15,23,15,23,14,23,10,15,7,9,12,9,11,29,9,8,6,14,12,22,14,14,11,7,12,17,12,11,9,18,8,10,6,5,7,12,-20,-20,-20,6,9,13,4,10,7,6,9,-20,11,11,6,5,-20,5,8,7,8,10,-20,-20,2,-20,3,6,5,8,7,7,-20,5,12,8,4,-20,-20,7,-20,8,9,-20,14,10,-20,7,3,14,4,10,7,6,12,4,10,11,10,-20,4,6,7,4,12,14,29,38,18,35,19,15,27,21,69,49,49,12,79,33,58,58,39,54
"chr1,22084638",-20,22,12,11,20,12,13,9,15,9,12,6,30,32,17,14,29,16,90,58,44,17,55,36,57,41,28,48,31,-20,15,8,10,14,83,50,28,27,21,10,13,49,23,13,16,48,-20,68,10,22,29,29,58,43,48,27,48,40,36,31,49,51,26,38,21,17,18,58,63,21,32,34,22,39,28,56,25,11,21,26,19,18,21,9,24,40,36,61,47,19,22,33,29,41,25,28,22,45,15,40,21,33,6,10,36,46,-20,32,43,7,11,6,38,35,11,8,54,16,10,9,13,17,15,8,64,14,11,58,21,19,34,13,-20,11,38,59,66,6,12,11,17,11,13,17,39,16,13,53,22,7,8,36,20,22,68,7,10,27,90,34,15,9,13,11,9,17,20,9,12,9,55,82,27,22,5,30,7,-20,19,141,16,20,29,13,22,5,14,47,13,12,14,46,6,4,11,14,22,22,31,23,20,24,34,32,60,17,33,80,23,26,76,29,28,33,18,18,59,14,17,25,17,19,19,48,23,17,15,28,41,30,50,34,42,-20,13,18,25,19,27,25,20,22,31,21,13,35,30,23,38,34,20,34,9,24,20,33,30,21,28,17,15,13,27,20,28,19,22,22,37,26,34,41,25,36,23,26,58,59,40,63,10,20,9,37,11,36,17,7,9,20,21,27,6,18,85,61,65,11,12,10,26,12,10,10,9,44,40,3,39,38,43,49,28,53,14,15,6,9,28,-20,11,27,17,27,11,17,7,12,9,22,11,19,14,4,33,7,-20,37,86,18,9,30,15,21,9,18,6,8,18,13,-20,10,7,17,8,14,12,10,19,5,10,17,12,10,2,16,13,8,16,9,17,8,21,51,8,6,11,67,6,13,7,5,-20,24,16,24,23,14,7,19,4,11,12,9,13,12,13,10,26,-20,15,6,4,-20,25,10,10,16,12,10,30,14,8,27,16,12,5,7,7,14,8,6,7,17,9,34,16,7,26,34,12,10,119,17,13,16,8,9,8,9,15,17,-20,8,9,12,14,8,14,11,80,22,10,7,10,10,18,16,4,12,6,20,-20,12,22,13,10,12,-20,6,4,10,14,6,8,12,12,17,50,30,10,22,17,13,7,14,17,16,9,24,10,13,30,9,29,21,12,13,8,9,7,11,6,10,48,18,21,13,15,5,13,23,12,8,40,57,65,45,17,40,35,12,18,44,45,7,8,47,10,11,49,18,8,9,44,9,5,20,16,-20,12,14,25,13,21,17,19,14,-20,25,23,22,18,9,4,21,18,22,21,8,11,47,19,14,20,7,31,12,75,18,12,6,10,17,13,14,20,23,22,41,23,56,66,38,22,29,22,52,13,42,19,13,43,5,15,19,18,29,13,23,6,33,34,23,30,23,16,60,10,14,7,20,43,13,33,28,28,12,-20,15,7,52,31,19,74,38,46,-20,-20,24,32,20,34,67,18,20,40,30,38,35,84,64,27,-20,-20,35,79,16,13,16,22,28,51,21,47,15,35,28,31,40,8,20,14,76,40,40,47,30,22,26,17,27,16,19,18,13,13,25,17,16,18,8,13,12,21,21,31,13,22,15,19,10,15,9,13,10,33,16,19,25,13,-20,11,10,6,16,18,14,17,21,12,35,29,24,13,19,17,21,22,-20,21,21,15,14,20,15,13,17,18,18,18,24,-20,18,15,12,10,19,18,20,19,15,15,22,11,13,20,13,19,-20,29,12,15,15,25,18,18,15,15,31,17,16,17,-20,18,15,5,-20,-20,20,-20,21,10,21,18,13,5,10,6,11,15,12,12,11,8,23,12,23,13,14,21,11,22,15,14,15,10,19,18,7,10,8,11,6,15,12,4,18,16,25,19,15,14,9,11,10,11,17,14,13,36,21,18,19,17,21,12,12,16,19,14,27,7,24,10,-20,21,18,24,13,13,21,9,14,-20,32,-20,-20,24,18,21,32,17,-20,10,-20,13,29,9,22,13,9,30,16,15,12,11,10,22,13,20,7,12,16,15,21,-20,17,13,16,12,15,5,12,13,15,8,32,20,18,9,6,13,18,11,63,11,23,20,23,22,31,27,35,35,44,24,19,20,19,27,24,25,36,29,32,21,42,23,26,22,12,20,14,44,23,31,15,22,19,15,24,23,21,24,32,13,19,13,17,23,13,7,21,9,20,12,18,18,11,10,-20,21,14,-20,-20,20,16,18,24,25,33,19,18,17,18,24,22,17,11,25,28,24,19,12,11,14,15,16,14,18,-20,7,11,5,-20,6,8,7,12,16,20,7,15,25,19,19,16,16,22,23,21,16,20,15,14,-20,16,15,30,14,53,12,25,19,16,23,16,23,15,24,10,16,7,9,12,10,11,29,9,8,6,14,11,22,14,14,11,7,13,17,13,11,9,18,8,10,6,-20,8,11,-20,-20,-20,6,8,14,4,10,6,6,10,-20,11,11,7,5,3,5,8,7,8,11,-20,-20,-20,8,4,6,5,8,5,8,-20,5,13,8,4,-20,-20,8,-20,8,8,9,14,9,-20,6,3,15,5,10,6,7,11,5,10,11,12,-20,4,5,6,5,13,14,30,39,18,35,19,14,26,21,70,48,49,12,80,32,58,57,39,55
"chr1,22084639",-20,23,12,11,20,12,12,9,15,9,12,6,30,32,17,14,27,16,92,58,45,16,56,35,56,40,28,47,31,8,15,8,11,14,85,50,28,25,21,10,13,49,23,13,15,46,-20,70,10,22,29,29,55,42,45,27,47,37,35,33,49,50,26,38,24,15,20,58,63,22,32,34,22,39,28,56,26,11,21,26,19,16,21,9,24,39,36,61,47,18,21,32,29,43,27,28,22,46,15,39,22,35,6,10,36,45,-20,30,43,7,10,6,38,35,11,8,50,16,10,10,13,17,15,8,63,14,11,55,21,19,33,13,-20,11,38,59,67,6,12,11,17,10,13,17,40,16,13,53,22,-20,7,36,21,22,70,7,10,27,90,35,14,9,13,11,9,17,20,9,12,9,56,82,27,22,5,28,7,-20,19,132,16,21,28,13,21,5,14,46,13,12,14,49,6,4,11,14,22,22,31,23,20,24,34,32,62,17,35,78,23,24,80,30,31,33,19,19,57,14,17,-20,17,19,19,48,23,16,14,27,40,31,51,35,42,-20,14,19,25,20,26,26,21,23,31,21,13,35,28,22,38,36,19,36,9,24,20,31,30,21,29,19,15,13,27,19,28,19,21,22,37,27,35,41,25,37,22,26,57,61,41,63,10,19,9,37,11,35,17,7,9,20,21,28,7,19,85,61,65,11,12,10,26,11,10,10,9,45,40,3,38,38,42,48,27,53,14,15,5,9,28,-20,12,27,18,25,11,17,7,12,9,22,11,19,14,4,36,7,-20,35,85,18,10,30,13,21,9,18,7,8,17,13,-20,10,7,17,8,14,12,10,19,5,11,16,12,10,-20,16,13,8,16,9,17,8,22,51,8,6,11,69,6,13,8,5,-20,24,16,23,22,14,7,19,4,11,12,-20,12,12,-20,11,25,10,15,-20,4,-20,25,10,11,13,12,10,30,14,10,27,16,12,-20,-20,6,15,8,6,7,17,9,34,16,7,27,33,12,10,118,18,12,15,8,9,8,9,16,17,6,8,9,12,13,8,14,11,81,21,10,7,10,-20,18,16,4,12,6,20,-20,12,23,12,10,12,-20,6,4,10,15,6,8,12,12,17,50,29,10,23,17,13,7,14,17,16,8,24,10,13,29,9,29,23,12,14,8,9,7,11,7,10,47,18,22,13,14,5,13,22,12,8,39,57,67,49,18,40,35,12,18,43,45,7,8,46,10,11,47,18,8,9,42,9,5,20,15,-20,12,15,25,13,21,17,19,13,-20,25,23,22,18,9,4,20,17,22,18,8,11,-20,17,13,20,7,32,12,76,18,13,7,10,17,13,13,20,23,21,41,23,55,66,37,23,29,22,54,12,42,21,13,43,5,15,20,18,32,13,23,6,33,35,23,30,23,17,61,10,14,6,19,42,12,33,28,27,12,8,15,8,51,31,17,71,37,45,-20,-20,24,31,20,35,67,18,20,37,30,39,35,82,63,27,-20,-20,34,81,17,15,15,21,28,50,22,47,16,35,28,31,40,8,19,14,76,39,40,47,33,22,27,17,27,16,19,18,13,13,23,17,16,18,8,13,12,21,21,31,13,22,15,19,10,15,9,13,10,33,16,19,24,14,-20,11,10,-20,16,18,14,17,21,12,35,29,24,13,19,17,21,22,-20,21,20,15,12,18,15,13,17,18,18,18,24,-20,18,15,12,10,19,18,20,19,14,15,22,10,13,19,13,19,-20,29,12,15,15,24,18,17,15,14,31,17,16,17,-20,18,14,5,-20,-20,20,-20,21,10,22,18,13,5,10,6,11,15,12,12,11,8,23,13,23,13,14,21,11,22,15,14,15,10,19,18,7,10,9,11,6,15,12,4,18,16,26,19,15,14,9,11,-20,11,17,14,13,36,21,18,19,17,21,12,11,16,19,14,28,7,24,10,-20,21,18,24,13,13,21,9,14,-20,32,-20,-20,24,18,21,32,17,-20,10,-20,13,29,9,22,13,9,30,15,15,12,11,10,22,13,20,7,12,16,15,19,-20,17,13,16,12,15,5,12,13,14,8,32,20,18,9,6,13,18,11,64,10,23,20,22,22,31,27,35,35,43,24,19,20,19,27,24,25,35,29,32,21,42,20,26,22,12,20,14,44,23,31,15,22,19,14,23,23,21,25,30,13,19,13,17,23,13,7,21,9,20,12,18,18,11,10,-20,21,14,-20,-20,20,16,18,24,25,32,19,18,17,18,24,22,17,11,24,28,24,19,12,11,14,15,16,14,18,-20,7,11,5,15,6,8,7,12,15,20,7,15,25,18,19,14,16,21,23,21,16,20,15,14,-20,16,15,30,14,53,12,24,19,16,23,16,23,15,24,10,16,8,9,12,-20,10,29,9,8,6,14,11,22,14,14,11,7,13,17,13,11,9,18,8,10,6,4,7,11,-20,-20,-20,6,9,14,3,9,6,6,-20,-20,13,10,7,-20,3,-20,8,8,-20,12,-20,-20,3,6,3,6,4,8,6,7,-20,5,13,8,-20,-20,-20,7,-20,7,7,8,10,9,-20,6,3,13,5,-20,5,8,9,4,10,14,11,-20,3,6,6,7,11,14,30,40,18,34,19,13,26,22,69,48,49,12,79,32,58,58,40,57
"chr1,22084649",5,23,12,9,22,11,11,7,14,10,12,7,31,36,17,15,27,16,85,59,48,15,48,41,56,42,29,48,31,9,15,9,10,14,88,53,27,28,22,10,13,46,22,14,13,48,-20,69,9,23,27,34,52,38,40,24,45,36,34,33,48,51,33,41,26,17,21,57,65,22,34,30,22,41,30,54,24,15,22,25,23,14,22,11,28,38,39,62,53,19,22,31,29,43,32,26,24,47,15,45,21,35,-20,10,35,44,-20,29,40,11,13,10,36,39,12,8,57,19,10,8,13,16,11,8,61,13,12,64,23,23,31,15,6,12,40,60,75,-20,13,13,17,12,16,19,45,15,14,51,23,8,8,37,25,23,70,8,11,28,92,33,15,7,11,11,10,16,19,9,13,7,56,88,21,24,7,27,8,-20,18,131,15,25,28,11,21,5,16,49,12,14,11,44,8,7,11,29,25,22,32,15,20,20,37,32,60,20,34,79,20,26,72,30,30,33,19,21,62,15,19,28,24,19,19,47,21,20,16,34,40,30,52,38,44,-20,13,19,24,22,21,25,21,23,34,20,14,37,31,26,35,36,21,35,11,24,21,32,26,20,31,18,20,13,28,22,32,19,21,19,29,29,37,43,28,42,23,24,59,59,40,69,7,18,9,40,-20,32,15,7,7,12,23,27,8,21,83,61,68,9,13,8,29,12,10,10,10,43,42,5,36,38,44,52,30,53,13,14,7,9,26,-20,10,30,21,24,15,14,6,11,9,22,10,19,14,4,37,7,-20,34,81,21,10,30,13,19,10,20,7,10,18,13,6,11,7,15,8,14,12,10,18,5,12,19,13,9,-20,16,14,8,14,10,17,8,23,50,8,6,10,70,9,14,9,5,8,24,16,23,23,14,6,21,5,13,11,7,11,10,11,12,23,11,15,6,5,-20,25,9,10,16,13,10,29,12,10,26,15,11,5,7,7,16,9,10,9,17,9,40,14,6,26,31,11,9,121,23,7,14,8,9,8,9,17,17,6,9,10,12,14,5,14,13,85,22,10,8,10,9,22,16,3,14,7,18,-20,15,24,13,10,11,-20,6,4,8,13,6,6,13,11,17,47,29,10,28,14,12,8,13,16,21,7,27,11,12,28,9,26,21,12,13,9,10,6,11,7,9,49,18,23,16,15,3,15,23,10,7,43,55,70,51,14,42,32,12,18,46,43,6,12,44,8,11,46,16,8,8,47,9,5,21,15,-20,16,15,28,11,17,18,19,14,-20,21,22,24,17,-20,4,19,17,22,20,8,11,44,23,13,19,8,33,12,76,19,13,8,11,17,12,14,20,26,16,37,22,57,64,39,26,27,22,55,11,40,21,9,41,6,16,19,21,31,12,22,7,29,35,22,27,18,14,54,10,16,6,20,42,16,31,28,27,14,8,15,10,42,30,23,79,36,44,-20,-20,23,33,20,31,70,21,23,40,30,41,35,90,57,29,-20,-20,35,82,16,14,13,19,26,48,20,52,15,40,29,31,34,7,21,15,82,41,42,47,39,26,29,20,28,16,22,16,14,12,20,15,14,19,8,14,14,15,20,32,14,22,11,21,11,15,9,12,12,33,17,22,25,16,-20,14,11,7,14,23,15,16,21,14,35,26,24,13,18,18,21,26,-20,19,20,16,13,18,15,15,19,18,20,21,22,-20,18,16,13,10,13,16,21,20,17,12,25,11,13,21,14,20,-20,29,14,13,13,26,16,21,12,18,34,16,11,17,-20,19,18,6,8,-20,21,-20,19,10,20,15,10,7,9,5,10,12,11,16,11,5,23,12,23,13,14,21,10,25,15,14,16,8,21,16,7,10,7,12,3,14,11,5,17,16,19,16,11,14,9,10,11,14,18,15,13,40,17,20,20,17,21,11,-20,18,18,13,26,6,22,-20,-20,23,20,22,11,13,20,12,11,-20,32,-20,-20,24,17,22,35,17,-20,9,-20,14,27,6,23,11,10,32,15,15,12,10,10,17,14,21,6,13,20,-20,23,-20,18,13,16,10,14,7,12,13,15,6,33,22,16,10,6,13,19,10,62,10,21,19,22,23,33,29,37,33,42,23,18,21,17,23,23,27,30,27,30,19,43,21,24,22,13,20,17,46,21,30,15,19,20,15,23,23,16,24,27,19,19,14,17,22,12,9,21,8,21,14,15,19,10,10,-20,23,14,-20,-20,20,17,16,24,24,32,20,19,16,16,23,19,19,14,22,26,24,19,16,12,15,18,16,13,18,-20,-20,12,-20,16,4,7,6,11,15,21,7,19,20,17,21,15,17,21,23,21,17,19,14,14,-20,19,13,22,14,49,12,24,20,15,24,19,24,14,24,13,15,10,12,12,8,13,33,7,5,9,16,10,21,13,15,14,5,12,14,16,10,-20,17,8,9,5,5,6,8,-20,-20,-20,9,8,17,3,10,5,6,8,-20,12,8,7,4,3,6,9,5,7,8,4,-20,4,5,4,6,4,7,9,5,3,2,15,8,7,-20,-20,10,-20,6,7,7,12,5,-20,7,3,18,4,11,3,7,13,4,10,13,12,-20,4,7,8,7,11,14,28,41,16,33,18,13,27,20,71,46,43,35,87,36,56,61,40,58
"chr1,22084651",5,22,12,9,22,11,12,7,15,11,12,9,33,36,17,16,29,18,86,60,52,15,49,40,54,43,29,49,31,10,15,9,11,17,85,52,27,29,22,11,13,46,21,15,15,48,-20,67,10,24,27,35,53,36,37,24,48,39,35,32,47,51,32,42,27,17,21,58,66,22,32,30,23,40,30,54,23,15,22,24,24,15,23,11,28,40,39,62,52,19,22,31,29,43,32,27,26,47,14,46,22,35,-20,11,37,45,-20,30,41,10,13,11,36,40,12,8,53,20,11,8,13,15,13,8,63,13,12,62,25,23,33,15,7,12,43,62,77,-20,13,16,18,12,15,19,46,16,14,51,22,8,8,37,25,23,67,8,11,26,98,31,15,6,11,11,10,16,19,9,13,7,56,87,21,26,7,31,8,-20,17,132,15,24,29,11,23,5,15,49,12,15,10,45,8,7,11,28,25,21,33,15,20,20,39,32,62,19,33,76,20,24,72,30,24,34,19,19,61,15,19,28,24,19,19,48,21,20,17,34,42,31,52,37,43,-20,13,19,24,21,22,25,21,23,33,20,14,36,31,26,38,36,20,35,11,25,21,34,25,20,30,17,20,12,28,22,32,19,22,19,29,29,37,43,28,43,22,24,58,57,40,71,-20,18,9,41,8,32,12,7,7,11,24,27,7,19,81,66,66,10,14,8,27,12,10,10,10,44,42,5,37,35,44,53,30,55,13,14,7,9,26,-20,10,32,19,25,16,13,6,10,9,24,11,20,14,4,37,7,-20,33,77,21,11,31,11,19,10,19,6,10,18,15,6,10,7,15,9,14,12,10,18,5,12,18,15,9,-20,16,13,8,14,9,17,8,23,49,8,6,10,72,9,12,9,5,8,24,18,24,23,14,6,22,5,13,12,8,11,11,11,12,23,10,13,6,5,-20,24,10,9,16,13,11,28,12,11,26,15,11,6,7,7,18,9,11,9,17,9,41,14,5,28,31,11,9,124,22,7,14,8,10,8,10,18,18,6,9,10,12,13,6,15,12,87,21,10,8,10,10,22,16,3,14,7,19,-20,15,25,12,10,10,-20,6,4,8,14,6,6,13,12,17,51,28,10,25,13,12,8,13,16,21,7,26,11,12,29,11,26,20,12,14,8,10,6,11,-20,9,49,18,23,15,16,3,16,23,11,7,43,56,71,51,14,42,31,12,18,47,45,6,12,45,8,11,46,17,8,8,47,9,5,21,17,-20,15,15,27,11,18,19,19,14,-20,21,22,25,17,-20,4,18,17,19,20,7,12,43,22,13,20,8,34,11,78,19,13,7,11,17,12,13,20,26,18,37,22,58,61,38,27,28,25,56,12,39,21,9,40,6,16,19,20,31,12,22,8,27,34,22,27,18,15,56,10,16,6,20,41,17,29,30,27,14,7,15,11,43,26,22,79,35,43,-20,-20,23,34,19,30,71,22,23,44,30,40,32,93,58,28,-20,-20,35,86,17,14,13,19,26,50,23,53,15,40,29,32,34,7,21,15,82,43,42,46,39,27,31,20,28,16,22,16,14,12,20,15,15,19,8,14,14,15,20,33,14,24,11,22,12,15,9,12,12,33,18,22,24,16,-20,15,11,7,14,24,15,16,22,14,35,25,24,14,18,18,22,25,-20,20,21,15,13,18,15,15,19,18,20,21,22,-20,18,17,12,12,13,16,22,20,19,11,25,13,13,21,13,20,-20,32,14,14,13,26,17,21,15,18,34,16,11,17,-20,19,20,6,7,-20,20,-20,19,10,19,-20,10,7,9,5,11,12,11,16,11,5,24,12,24,13,14,21,10,25,15,14,16,8,21,17,7,10,7,12,3,14,10,5,17,16,19,16,11,14,9,10,12,14,18,15,13,40,17,20,20,18,21,11,11,18,18,13,26,6,22,8,-20,23,20,21,11,13,21,12,12,-20,32,-20,-20,25,17,22,35,17,-20,8,-20,15,27,7,23,11,10,31,15,16,13,10,11,18,14,23,7,14,20,13,23,-20,18,14,16,11,15,7,12,12,15,7,33,23,16,10,6,13,20,10,61,10,22,21,23,22,32,29,37,34,39,23,19,22,17,23,23,27,30,27,30,19,43,21,24,25,13,21,17,48,22,31,16,20,19,18,23,24,16,25,27,19,20,14,17,22,12,9,21,8,20,15,16,20,11,10,-20,24,14,-20,-20,20,18,16,26,23,32,20,19,17,17,23,19,21,14,25,26,23,19,16,12,15,18,16,14,18,-20,7,12,-20,16,4,7,6,11,14,22,7,19,19,18,21,15,17,22,23,22,17,19,14,14,-20,20,13,24,14,51,12,24,21,14,24,20,23,13,26,13,15,10,13,13,8,13,33,7,5,8,17,10,21,13,14,14,6,12,14,17,10,-20,16,9,9,5,6,5,10,-20,-20,-20,7,9,18,3,10,5,4,9,-20,11,6,5,3,3,5,8,4,7,8,4,3,5,7,4,6,4,8,8,6,3,2,15,8,7,-20,-20,10,-20,7,7,9,12,6,-20,7,-20,17,4,11,-20,9,10,4,11,13,12,-20,4,8,10,6,10,14,28,39,16,33,19,13,24,20,70,45,56,35,87,36,55,64,41,59
"chr1,22084658",6,17,9,9,19,10,10,5,15,9,11,11,32,36,15,15,30,18,88,62,54,13,49,40,61,41,25,49,32,9,12,10,10,19,90,54,28,26,17,12,10,47,14,16,19,47,-20,71,10,24,25,35,51,36,39,23,47,38,38,31,46,49,38,42,29,16,20,58,61,23,36,30,22,39,32,55,23,14,19,20,22,16,24,13,22,40,38,57,54,18,20,32,34,43,33,28,20,47,10,46,20,34,7,12,36,49,-20,27,40,10,12,10,35,40,13,4,55,16,8,8,14,12,12,7,62,11,11,60,25,25,32,15,9,11,45,64,77,5,14,18,18,12,18,17,49,15,11,56,17,7,7,36,26,23,68,8,11,25,96,36,14,7,11,11,9,13,19,9,11,9,61,79,29,28,7,37,7,-20,17,122,15,24,29,8,20,5,16,48,11,15,10,47,9,7,10,28,24,23,33,12,19,20,38,27,61,15,34,69,22,25,70,27,23,42,18,24,63,15,18,27,24,18,18,47,21,19,18,34,41,30,55,38,39,-20,14,19,22,22,21,24,20,21,28,18,19,33,28,27,40,35,20,34,14,25,23,36,28,26,33,16,17,13,31,21,27,18,22,17,32,26,38,37,27,44,19,23,58,55,43,70,5,20,10,41,8,34,16,7,7,14,25,24,9,17,73,79,62,10,12,6,29,13,8,8,11,47,42,5,38,41,47,51,28,53,15,14,7,12,26,-20,13,32,19,26,13,13,6,11,9,24,12,19,13,4,35,7,-20,34,76,21,12,30,12,20,10,17,6,9,19,14,4,10,8,13,7,14,10,11,20,5,14,18,16,10,3,16,14,8,12,9,15,10,20,49,6,5,11,77,10,14,10,5,9,26,22,26,28,14,7,20,6,17,12,9,10,10,8,12,25,10,13,4,5,-20,23,9,10,19,12,11,30,14,10,26,14,12,6,8,9,19,9,10,9,18,7,42,12,7,31,28,12,7,129,21,7,12,8,10,7,10,18,18,8,11,10,12,13,7,15,12,88,21,11,8,10,10,18,14,4,15,7,18,-20,14,24,13,12,10,-20,8,4,5,14,6,6,14,13,16,51,31,12,26,14,14,7,12,15,19,8,30,12,13,29,9,26,24,11,14,8,11,6,11,6,9,53,17,22,15,15,3,14,22,11,6,44,57,76,55,12,41,31,12,17,49,45,5,12,40,10,11,44,14,8,10,48,8,6,21,15,-20,16,16,24,11,19,18,14,12,-20,23,22,28,17,7,4,19,18,19,22,7,12,47,21,14,18,9,37,13,77,18,15,7,12,21,12,14,20,24,19,38,21,55,61,44,26,31,31,53,14,44,19,7,38,6,16,16,20,29,12,18,10,27,34,24,28,17,15,47,9,13,4,20,40,18,25,33,26,13,7,12,11,43,29,21,86,36,40,-20,-20,18,42,17,31,65,24,24,41,33,38,35,85,59,29,-20,-20,33,89,18,12,13,22,25,50,24,50,18,38,31,33,38,7,22,15,93,40,42,41,36,26,33,15,24,16,20,11,14,13,24,14,14,17,9,14,11,15,20,35,13,24,7,23,13,12,8,13,13,29,19,25,28,16,-20,15,11,8,13,20,-20,15,22,9,31,22,20,13,15,17,23,21,-20,14,18,16,12,19,11,13,20,21,19,19,26,-20,15,18,10,11,11,10,23,22,18,12,26,15,12,19,15,21,-20,34,12,13,13,24,14,24,12,20,35,16,10,16,-20,10,19,6,7,-20,21,-20,18,6,18,13,9,7,10,6,10,10,11,16,11,6,25,13,24,13,12,23,10,24,15,12,15,5,18,17,5,14,6,13,5,11,10,4,15,13,21,14,14,12,9,9,12,22,15,13,13,36,19,23,16,12,21,8,10,17,17,12,22,8,25,10,-20,26,17,17,13,11,20,10,13,-20,28,-20,-20,19,16,21,34,15,-20,8,-20,12,22,8,20,8,12,30,16,13,11,9,11,15,12,24,6,18,16,11,22,-20,14,13,19,13,13,8,11,11,14,-20,25,23,17,7,5,15,22,10,67,11,23,24,21,18,28,33,38,28,34,20,15,20,15,23,23,25,29,24,24,19,43,17,20,27,13,20,15,43,20,31,12,17,18,17,22,25,16,24,24,18,17,14,14,20,11,7,18,6,20,15,15,18,8,11,-20,21,14,-20,-20,16,19,14,25,19,28,20,18,14,18,20,19,21,11,23,25,25,17,17,12,13,19,17,13,17,-20,6,9,8,12,6,6,5,10,13,18,7,19,22,18,18,15,14,23,22,21,14,19,14,13,-20,23,8,23,12,52,13,21,25,12,21,20,22,12,25,13,15,12,15,13,9,14,25,7,4,7,20,11,20,-20,11,11,6,10,8,15,11,-20,13,10,8,8,4,4,10,-20,-20,-20,9,9,15,-20,7,3,-20,9,-20,11,6,10,4,6,4,7,6,8,-20,6,-20,-20,4,-20,5,3,14,8,6,3,2,14,9,7,-20,-20,8,-20,5,6,7,7,5,-20,8,6,17,4,9,3,10,8,-20,9,15,13,-20,2,10,10,6,10,11,21,38,16,33,18,13,23,19,68,44,59,35,86,40,54,64,45,65
"chr1,22084659",6,17,9,9,20,10,10,5,15,9,11,11,32,36,15,14,31,18,87,62,55,13,48,40,59,42,24,48,32,9,12,10,10,20,88,53,28,25,19,12,9,48,14,16,19,47,-20,72,9,23,24,36,52,34,39,23,46,36,38,31,45,48,39,42,28,16,20,57,59,23,35,29,24,38,32,56,23,14,19,21,22,15,24,12,24,41,38,56,54,19,21,32,35,43,32,28,20,47,10,46,21,34,7,12,37,49,-20,27,40,10,15,10,37,41,13,4,55,16,8,8,14,12,13,7,61,11,11,59,25,26,31,15,9,11,46,65,78,5,14,20,18,12,17,17,49,15,12,56,17,8,7,36,26,23,69,8,11,26,93,36,14,7,11,11,9,13,19,9,11,9,61,77,29,28,8,40,7,-20,16,122,16,24,30,8,19,4,17,45,11,15,12,46,9,7,10,28,24,23,35,12,19,21,37,27,61,15,34,66,22,25,70,29,23,42,18,23,63,15,18,27,24,18,18,44,21,19,18,34,40,28,55,38,39,-20,14,19,21,21,20,24,20,24,28,18,19,32,27,27,41,35,20,33,14,24,23,39,28,28,31,16,17,13,31,20,28,18,24,17,32,25,38,38,29,45,20,22,60,61,43,70,5,20,10,40,7,34,16,7,6,14,25,24,9,17,72,79,62,10,13,6,28,12,8,8,11,45,41,5,38,40,48,52,28,53,15,14,7,12,26,-20,13,32,19,26,13,13,7,11,9,24,12,19,13,4,36,8,-20,33,79,21,12,30,14,20,10,15,6,9,19,13,-20,10,8,13,7,15,10,10,20,5,14,18,16,10,3,16,14,8,12,9,15,10,20,49,6,5,11,78,10,13,10,5,9,26,22,26,28,16,7,20,5,17,12,9,10,10,8,12,26,10,13,4,6,-20,23,9,10,19,11,11,30,14,10,26,14,12,6,8,9,19,9,10,9,18,7,43,11,7,31,28,12,9,130,21,7,12,9,10,7,10,18,17,8,9,10,12,13,8,15,12,89,19,11,8,10,10,18,13,4,14,7,19,-20,14,24,12,11,10,-20,8,4,5,15,6,6,14,13,16,51,31,11,25,14,14,7,12,14,19,8,28,12,13,27,9,26,24,11,15,8,11,6,11,6,9,52,17,22,15,16,-20,15,21,11,-20,44,58,78,55,13,42,30,12,17,48,46,5,12,41,10,11,43,15,10,10,45,-20,-20,21,15,-20,16,16,24,11,19,16,14,12,-20,23,22,28,18,7,4,20,18,20,22,7,11,45,21,14,18,9,38,13,75,-20,15,7,12,20,12,14,20,24,19,38,22,54,60,44,26,31,31,53,14,47,19,9,42,6,17,16,20,29,12,19,10,27,34,24,28,17,16,46,9,14,4,20,40,18,26,33,27,13,7,11,11,43,29,21,87,37,40,-20,-20,18,41,17,30,66,24,24,42,35,38,35,84,59,32,-20,-20,33,92,18,14,13,23,27,50,25,51,18,40,32,33,38,7,22,15,94,39,43,41,36,26,33,17,23,16,18,11,14,13,24,14,15,17,9,14,11,15,20,35,13,25,7,23,13,13,8,14,12,29,19,26,28,16,-20,15,11,9,13,20,10,15,22,9,31,22,19,13,15,17,24,20,-20,15,18,17,12,20,11,13,20,20,19,19,26,-20,14,18,10,12,11,10,23,23,20,12,26,16,13,20,15,21,-20,34,12,13,13,25,14,23,12,20,36,16,10,14,-20,10,19,6,7,-20,22,-20,19,6,19,13,9,7,10,6,10,9,11,16,11,7,25,13,24,13,12,23,10,24,15,12,15,5,18,17,5,14,6,13,5,11,10,4,15,14,22,15,12,12,9,10,12,22,15,13,13,36,19,23,16,12,21,8,10,17,18,12,22,8,26,11,-20,26,16,17,13,11,20,10,13,-20,27,-20,-20,20,16,22,34,15,-20,8,-20,12,22,8,21,8,12,30,16,13,11,9,10,14,12,24,6,18,18,12,23,-20,14,14,20,13,13,8,11,11,14,9,25,23,17,8,5,13,22,11,66,11,26,24,21,18,29,33,38,28,34,20,15,20,15,23,23,24,29,25,23,20,43,19,20,27,13,20,14,43,20,30,13,17,20,17,22,24,16,24,25,19,17,15,16,20,11,8,18,7,18,15,15,18,8,11,-20,21,14,-20,-20,16,19,14,25,19,28,20,18,14,18,21,20,21,11,23,25,25,18,18,13,14,20,17,13,17,-20,7,9,8,12,7,6,5,10,13,18,8,20,24,18,19,15,15,23,22,21,14,20,14,13,-20,23,8,23,12,53,13,21,26,12,20,20,21,14,26,12,16,12,16,13,9,14,25,8,4,7,20,11,19,10,12,11,-20,10,8,15,11,-20,13,10,8,9,3,4,9,-20,-20,-20,8,9,13,-20,6,3,5,8,-20,12,6,-20,4,6,3,7,6,8,9,4,5,-20,3,4,6,3,12,8,-20,3,-20,15,9,8,-20,-20,8,-20,5,6,8,9,5,3,7,4,17,5,10,5,12,8,3,9,12,-20,-20,-20,11,-20,6,11,11,22,37,15,33,18,13,23,18,68,44,59,35,85,40,54,66,44,64
