"chr,position",88,108,139,159,265,350,351,403,410,424,428,430,470,476,484,504,506,531,544,546,628,630,680,681,685,687,728,742,763,765,766,768,772,801,853,854,867,868,870,915,932,991,992,997,1002,1006,1061,1062,1063,1066,1070,1158,1166,1254,1257,1313,1317,1552,1612,1622,1651,1652,1676,1684,1739,1741,1756,1757,1793,1797,1819,1820,1829,1834,1835,1851,1852,1853,1872,1890,1925,1942,1943,1954,2016,2017,2031,2053,2057,2081,2091,2106,2108,2141,2159,2166,2171,2191,2202,2212,2239,2240,2276,2278,2285,2286,2317,2370,2412,4779,4807,4826,4840,4857,4884,4900,4939,4958,5023,5104,5151,5165,5210,5236,5249,5253,5276,5279,5349,5353,5395,5486,5577,5644,5651,5717,5718,5720,5726,5741,5748,5757,5768,5772,5776,5779,5784,5798,5800,5811,5822,5830,5831,5832,5836,5837,5856,5860,5865,5867,5874,5890,5893,5907,5921,5950,5984,5993,6008,6009,6010,6011,6012,6013,6016,6017,6019,6020,6021,6022,6023,6024,6025,6030,6034,6035,6036,6038,6039,6040,6041,6042,6043,6046,6064,6069,6070,6071,6073,6074,6076,6077,6085,6086,6087,6088,6090,6091,6092,6094,6095,6096,6097,6098,6099,6100,6101,6102,6104,6105,6106,6107,6108,6109,6111,6112,6113,6114,6115,6118,6119,6122,6123,6124,6125,6126,6128,6131,6132,6133,6134,6136,6137,6138,6140,6141,6142,6145,6148,6149,6150,6151,6153,6154,6163,6166,6169,6172,6173,6174,6177,6180,6184,6188,6189,6191,6192,6193,6194,6195,6198,6201,6202,6203,6209,6210,6214,6216,6217,6218,6220,6221,6231,6235,6237,6238,6240,6241,6242,6243,6244,6252,6255,6258,6268,6276,6284,6296,6390,6396,6413,6424,6434,6445,6680,6739,6740,6744,6749,6750,6805,6806,6814,6830,6897,6898,6900,6901,6903,6904,6907,6908,6909,6911,6913,6915,6917,6918,6919,6920,6922,6923,6924,6926,6927,6929,6931,6932,6933,6938,6940,6943,6944,6945,6951,6956,6957,6958,6959,6960,6961,6963,6966,6967,6968,6969,6970,6971,6973,6974,6975,6976,6979,6981,6982,6984,6986,6987,6989,6990,6992,6997,7000,7002,7003,7008,7013,7014,7025,7026,7028,7031,7033,7036,7058,7061,7062,7063,7064,7067,7068,7071,7072,7077,7081,7092,7094,7096,7102,7103,7106,7107,7109,7111,7117,7119,7120,7125,7126,7127,7130,7133,7138,7143,7147,7158,7160,7161,7162,7163,7164,7165,7169,7177,7181,7183,7186,7192,7199,7202,7203,7207,7208,7209,7213,7217,7218,7223,7231,7236,7244,7248,7250,7255,7258,7268,7273,7276,7280,7282,7287,7288,7296,7298,7305,7306,7307,7314,7316,7319,7320,7322,7323,7327,7328,7332,7333,7337,7342,7343,7344,7346,7347,7349,7350,7353,7354,7356,7358,7359,7372,7373,7377,7378,7382,7383,7384,7387,7394,7396,7404,7411,7413,7415,7416,7417,7418,7419,7424,7427,7430,7460,7461,7471,7475,7477,7514,7515,7516,7517,7520,7521,7523,7525,7529,7530,7566,7568,7717,7757,7767,7917,7947,8037,8057,8077,8132,8171,8214,8222,8227,8230,8231,8233,8234,8235,8236,8237,8238,8239,8240,8241,8242,8243,8244,8246,8247,8249,8256,8258,8259,8264,8283,8284,8285,8290,8297,8306,8307,8311,8312,8326,8334,8335,8337,8343,8351,8354,8357,8365,8366,8369,8376,8386,8387,8419,8420,8422,8424,8426,8427,8464,8483,8699,8723,9027,9057,9058,9067,9069,9070,9075,9078,9079,9081,9084,9085,9089,9091,9095,9099,9100,9102,9103,9104,9105,9106,9111,9113,9114,9115,9121,9125,9128,9130,9131,9133,9134,9298,9312,9314,9321,9323,9332,9336,9339,9343,9352,9353,9363,9369,9370,9371,9380,9381,9382,9383,9386,9388,9390,9391,9392,9394,9395,9399,9402,9404,9405,9407,9408,9409,9412,9413,9416,9421,9427,9433,9436,9437,9442,9450,9451,9452,9453,9454,9455,9470,9471,9476,9481,9503,9506,9507,9508,9509,9510,9511,9512,9513,9514,9515,9517,9518,9519,9520,9521,9522,9523,9524,9525,9526,9527,9528,9529,9530,9531,9532,9533,9534,9535,9536,9537,9539,9540,9541,9542,9543,9544,9545,9546,9547,9548,9549,9550,9551,9552,9553,9554,9555,9556,9557,9558,9559,9560,9561,9562,9564,9565,9567,9568,9569,9571,9573,9574,9576,9577,9578,9579,9581,9582,9583,9584,9585,9586,9587,9588,9589,9590,9591,9592,9593,9594,9595,9596,9597,9598,9599,9600,9601,9602,9606,9607,9608,9609,9610,9611,9612,9613,9615,9616,9617,9619,9620,9621,9622,9624,9625,9626,9627,9628,9629,9630,9631,9632,9633,9634,9635,9636,9637,9638,9639,9640,9641,9642,9643,9644,9645,9646,9647,9648,9649,9651,9653,9655,9656,9657,9658,9659,9660,9661,9663,9664,9665,9666,9667,9668,9669,9670,9671,9672,9673,9676,9677,9678,9679,9680,9681,9682,9683,9684,9685,9686,9687,9689,9690,9691,9692,9693,9694,9695,9696,9697,9698,9699,9700,9701,9703,9704,9705,9706,9707,9708,9709,9710,9711,9712,9713,9714,9716,9717,9718,9719,9720,9721,9722,9723,9725,9726,9727,9728,9729,9730,9731,9732,9733,9735,9736,9737,9738,9739,9741,9743,9744,9745,9747,9748,9749,9754,9755,9756,9757,9758,9759,9761,9762,9764,9766,9768,9769,9770,9771,9772,9774,9775,9776,9777,9778,9779,9780,9781,9782,9783,9784,9785,9786,9787,9788,9789,9790,9791,9792,9793,9794,9795,9796,9797,9798,9799,9800,9801,9802,9803,9804,9805,9806,9807,9808,9809,9810,9811,9812,9813,9814,9815,9816,9817,9819,9820,9821,9822,9823,9824,9825,9826,9827,9828,9830,9831,9832,9833,9834,9835,9836,9837,9838,9839,9840,9841,9843,9844,9845,9846,9847,9848,9849,9850,9851,9852,9853,9854,9855,9856,9857,9858,9859,9860,9861,9862,9864,9866,9867,9868,9869,9870,9871,9873,9874,9875,9876,9877,9878,9879,9880,9881,9882,9883,9885,9886,9887,9888,9890,9891,9892,9894,9895,9897,9898,9899,9900,9901,9902,9903,9904,9905,9906,9908,9909,9910,9911,9912,9914,9915,9917,9918,9920,9921,9924,9925,9926,9927,9928,9929,9930,9932,9933,9935,9937,9938,9939,9941,9942,9943,9944,9945,9946,9947,9948,9949,9950,9951,9952,9953,9955,9956,9957,9958,9959,9960,9962,9963,9964,9965,9966,9968,9969,9970,9971,9972,9973,9974,9975,9976,9978,9979,9980,9981,9982,9983,9984,9985,9986,9987,9988,9990,9991,9993,9995,9996,9997,9998,9999,10001,10002,10004,10005,10006,10008,10009,10010,10011,10012,10013,10014,10015,10017,10018,10020,10022,10023,10027,14312,14313,14314,14315,14318,14319,15560,15591,15592,15593,18694,18696,19949,19950,19951
"chr2,10356736",14,16,6,-20,24,19,14,14,10,9,4,16,19,27,13,17,34,12,106,71,60,18,64,36,86,27,18,18,35,18,16,12,30,27,76,44,38,32,10,6,13,42,26,32,26,51,10,65,10,31,46,35,68,33,24,23,64,33,22,29,40,34,43,30,30,22,41,57,61,24,39,38,37,29,32,72,16,15,12,26,18,16,23,16,14,36,21,70,43,11,16,21,33,31,19,31,13,57,8,51,36,20,9,21,35,52,21,28,33,13,18,7,49,33,23,5,43,21,8,6,15,16,12,4,32,18,10,63,25,30,20,14,23,19,32,35,55,20,12,18,15,9,26,11,47,17,14,36,14,10,14,31,25,53,38,20,30,68,209,32,10,9,18,10,12,25,17,12,5,27,114,164,75,58,21,41,25,30,29,184,44,35,35,21,45,16,20,67,44,35,80,100,22,26,21,32,26,37,64,29,26,20,52,44,111,57,42,195,24,20,143,29,51,74,39,40,124,41,36,13,37,41,41,25,52,48,23,37,29,34,55,18,45,125,21,26,35,51,31,32,27,35,37,57,17,33,41,33,39,24,46,57,21,19,22,56,40,34,61,66,38,36,78,23,58,30,15,58,60,39,40,74,47,26,38,61,36,94,36,96,25,11,18,40,4,32,23,19,19,61,36,23,14,42,133,102,100,14,15,8,13,6,17,8,19,36,36,8,43,50,44,52,41,55,13,21,20,20,24,209,16,32,23,19,20,31,26,25,16,24,23,20,18,19,38,27,16,40,52,25,14,35,25,27,17,21,8,26,20,13,31,15,5,24,17,17,15,19,56,29,31,19,34,16,14,22,31,22,22,26,10,18,11,88,19,15,22,85,22,24,13,18,9,28,12,35,32,14,10,18,5,30,19,17,5,17,8,20,113,18,12,12,18,11,31,20,26,26,26,16,23,20,18,37,19,11,12,9,22,10,21,13,14,25,17,36,10,12,36,32,46,13,171,30,18,28,33,25,12,24,8,20,10,15,16,14,20,20,29,14,75,15,10,19,25,11,32,18,12,19,4,14,23,12,19,17,11,11,27,16,-20,12,20,17,26,12,16,12,53,43,38,14,23,12,8,30,26,26,20,23,16,20,16,13,29,13,10,31,22,17,16,17,5,14,61,7,10,14,30,20,29,13,13,20,47,67,52,60,15,43,51,-20,15,47,46,13,17,32,13,37,41,38,27,8,26,11,12,33,18,6,56,36,55,10,12,10,32,24,35,49,62,21,18,5,17,13,16,46,36,16,12,31,63,42,17,15,34,17,106,16,31,33,23,43,22,11,17,68,17,30,32,57,46,27,40,34,37,78,14,53,23,20,31,20,22,17,9,24,8,28,16,51,55,32,33,23,12,80,19,26,23,26,38,25,40,35,28,37,10,9,13,44,40,15,55,23,52,54,40,15,36,20,60,64,43,46,24,62,50,34,118,43,39,19,55,40,154,68,16,26,25,37,37,31,36,39,48,26,58,61,22,45,42,128,37,45,69,35,39,28,28,27,28,11,17,23,19,23,7,9,24,15,15,34,25,19,8,20,27,19,25,23,12,27,-20,21,34,27,27,26,15,19,6,14,22,27,19,14,6,22,14,18,24,23,19,21,26,19,24,13,18,18,34,21,23,16,14,19,15,17,17,12,24,5,23,13,10,16,31,21,9,29,24,21,14,25,17,26,17,31,47,19,20,11,17,19,20,25,30,26,14,12,7,15,17,13,12,9,20,18,11,13,10,9,16,14,14,10,5,13,11,18,19,9,7,7,13,34,16,10,11,19,24,8,16,16,12,21,21,5,8,15,20,10,14,17,13,20,16,10,17,22,13,10,9,9,25,19,18,18,58,19,19,21,17,17,10,7,28,28,26,18,16,25,16,2,17,12,28,18,10,25,18,15,21,28,23,10,26,17,16,19,15,16,26,3,20,14,-20,21,12,10,19,3,14,14,16,10,10,6,36,20,23,33,18,26,14,12,18,8,24,23,8,15,12,9,10,26,18,26,17,13,23,19,17,101,16,24,30,23,16,30,9,38,29,40,22,13,20,25,25,26,29,28,15,28,25,47,29,19,18,22,24,24,32,30,34,15,29,26,31,21,23,19,29,21,26,14,20,9,11,9,-20,17,-20,20,25,27,39,23,22,16,21,27,25,21,12,29,8,15,14,30,25,5,20,23,20,26,18,4,27,21,29,31,23,19,33,24,22,11,32,11,11,7,9,12,5,9,14,10,17,24,19,13,-20,25,23,7,14,29,29,10,22,17,11,19,19,12,-20,26,15,42,25,22,31,27,33,13,27,26,40,17,12,19,21,21,6,6,24,7,12,9,22,12,19,17,9,12,10,11,9,21,4,8,25,8,31,18,19,5,25,30,37,6,7,9,28,19,29,13,5,31,6,20,5,46,6,7,8,9,5,37,3,3,-20,15,32,9,13,3,44,4,11,24,4,18,32,3,4,4,13,7,10,7,18,12,5,4,20,8,-20,9,19,6,4,13,-20,7,37,26,16,4,8,27,6,34,36,14,35,12,18,26,11,30,31,57,40,111,78,98,35,37,54,37,52
"chr2,10356738",14,16,7,9,22,19,14,14,10,9,4,16,19,27,13,17,33,11,104,72,61,18,66,35,83,27,18,18,35,18,17,12,28,26,77,45,38,29,10,6,13,36,26,25,26,50,10,66,9,29,46,34,67,35,25,24,60,33,23,29,39,35,43,30,28,20,41,57,62,24,36,39,37,27,33,71,18,15,12,26,17,17,22,16,13,36,23,69,44,9,16,18,33,31,19,29,13,54,8,53,35,22,9,21,35,52,20,28,33,13,18,7,47,34,22,5,43,21,8,6,15,15,12,3,31,18,10,62,25,30,19,14,22,19,34,35,59,20,12,18,15,9,26,13,45,17,13,36,14,10,14,29,25,52,38,20,28,68,212,33,10,10,18,10,12,25,18,12,5,27,113,165,74,57,20,46,27,31,28,184,47,36,35,21,46,15,20,65,47,35,80,101,22,25,20,33,25,36,64,28,28,19,49,42,103,59,39,193,25,20,142,28,55,81,40,40,124,42,38,12,36,42,40,24,50,48,28,37,32,33,53,20,46,122,19,26,35,52,32,32,27,37,36,56,18,35,44,33,42,24,53,55,21,17,21,56,37,35,62,67,37,37,90,23,60,27,14,58,63,38,41,73,46,30,41,61,36,94,34,97,25,11,18,40,3,33,23,19,19,63,35,23,13,38,137,104,99,14,15,8,13,6,17,8,19,37,37,8,41,50,46,51,41,53,13,21,20,20,24,210,16,33,23,19,19,31,29,31,17,26,21,19,18,19,38,27,17,40,54,24,14,33,26,27,16,19,8,26,20,13,31,15,5,25,17,17,16,17,58,29,30,19,34,16,14,22,31,21,23,25,11,18,11,85,19,12,23,85,22,25,14,17,9,27,13,34,31,15,11,18,5,28,19,17,5,17,8,20,116,18,12,13,18,10,31,20,26,25,30,16,23,20,19,37,18,10,12,8,24,11,22,13,14,25,19,35,10,11,35,33,45,13,170,28,19,28,33,25,12,21,8,19,9,14,16,14,22,20,29,15,75,15,10,20,24,-20,31,19,10,19,4,15,23,12,20,14,11,10,28,16,6,12,18,17,25,10,16,13,52,42,37,14,23,12,8,32,26,26,21,23,16,19,16,12,31,13,10,30,22,17,16,17,5,14,60,6,10,14,33,19,29,12,13,19,45,66,56,59,15,44,51,-20,15,48,49,12,16,33,13,37,37,38,26,9,26,11,12,31,18,6,57,40,52,10,12,11,32,24,32,56,61,20,19,5,18,14,14,48,35,16,12,30,59,41,17,15,30,16,106,16,30,33,25,44,22,11,16,67,17,31,32,57,45,27,40,33,37,78,14,54,23,20,31,19,21,17,10,24,8,28,16,50,56,33,31,23,12,80,19,27,22,26,37,25,42,35,26,36,10,8,14,46,42,14,55,24,51,54,41,14,36,22,62,62,42,43,23,64,46,34,121,43,38,20,53,39,159,70,17,27,26,34,37,31,36,42,48,27,57,74,21,46,42,127,36,47,72,34,39,28,28,26,28,11,17,23,19,23,7,9,24,14,15,34,25,19,8,20,28,18,25,23,13,26,-20,20,34,27,27,25,15,18,6,14,21,27,19,11,6,22,14,18,24,22,19,20,26,19,24,10,18,18,34,22,24,16,14,19,15,16,16,12,23,5,22,13,10,17,31,20,8,29,24,21,14,24,17,25,17,31,46,19,20,11,16,18,20,25,30,26,14,12,7,14,16,12,12,9,18,18,11,12,10,9,16,14,14,10,5,12,11,18,19,10,7,8,13,34,16,10,11,18,23,8,15,16,12,19,21,5,8,15,20,10,14,17,13,20,16,11,17,22,13,10,9,9,25,19,18,17,56,20,18,21,18,17,10,7,28,27,26,19,16,24,15,2,17,12,26,18,9,25,17,15,21,28,23,9,26,17,16,20,14,16,26,3,20,15,-20,21,12,10,20,3,14,14,16,10,-20,6,36,20,23,32,18,26,14,12,18,8,23,23,8,15,12,9,11,26,18,26,17,13,22,19,17,103,18,24,30,24,16,30,9,38,29,39,22,13,20,25,25,26,29,26,14,28,26,47,29,19,18,21,24,26,32,30,34,15,28,24,31,21,23,19,28,21,26,14,20,8,12,8,-20,17,-20,20,25,28,37,23,22,16,21,28,25,21,12,28,7,14,14,29,24,5,20,23,20,26,17,4,27,21,29,32,22,19,31,24,21,11,32,11,12,7,9,12,5,9,14,10,17,24,19,13,-20,25,23,7,15,29,29,10,21,17,11,18,18,12,-20,26,15,41,25,22,32,27,33,13,26,26,40,17,12,20,21,21,6,6,23,7,12,8,22,12,19,17,9,12,10,11,9,21,4,9,25,8,31,17,19,5,26,29,36,7,5,9,25,18,29,14,6,30,5,22,4,42,5,6,9,8,5,36,3,5,-20,15,31,9,13,3,47,4,10,22,3,17,29,4,4,3,11,7,10,8,18,14,5,5,19,7,-20,8,23,6,6,13,-20,6,40,27,14,5,5,25,5,35,36,15,36,12,18,26,11,29,33,58,42,111,78,97,35,37,50,37,52
"chr2,10356742",13,17,7,11,24,18,14,15,10,10,5,15,20,26,13,15,33,12,104,68,64,17,67,36,84,27,16,17,29,18,17,12,29,26,80,45,37,34,10,6,15,35,26,25,27,49,8,66,8,29,46,34,65,35,25,22,55,36,24,28,39,37,43,30,27,22,40,63,56,26,38,37,38,25,32,71,18,16,14,27,18,17,21,18,13,34,19,64,45,9,17,19,30,31,20,30,16,51,8,52,34,23,9,25,36,52,21,30,31,13,19,7,50,33,22,6,41,24,9,6,15,17,13,3,32,19,11,59,26,33,19,14,24,19,34,35,57,20,14,20,15,11,27,15,42,17,13,36,16,10,13,29,21,55,35,20,27,65,208,32,10,10,18,10,12,28,19,12,5,28,112,157,73,49,17,45,24,31,28,185,46,35,38,18,47,14,19,67,45,34,82,101,23,26,21,34,29,36,64,30,30,19,44,43,98,62,37,188,21,20,142,29,59,87,40,41,124,38,43,14,36,39,40,23,49,48,25,38,32,34,52,19,47,123,19,26,37,50,31,33,27,43,37,54,20,34,46,32,43,25,46,54,21,16,23,50,38,35,63,69,39,37,89,24,61,28,12,47,60,34,44,77,46,29,48,56,38,91,37,92,24,15,21,41,5,33,25,21,21,59,35,23,15,39,134,102,94,17,16,10,13,6,17,7,19,37,37,10,40,53,46,53,40,54,12,21,21,22,23,204,16,34,23,20,19,30,30,33,17,25,18,21,17,18,39,28,17,39,52,24,14,31,27,27,17,19,7,28,20,12,31,15,5,23,19,16,15,18,54,30,30,20,37,18,15,22,29,22,21,27,12,17,12,84,19,10,21,82,20,24,14,16,10,25,12,36,30,15,11,16,5,29,20,16,-20,17,6,19,116,18,10,13,18,10,33,20,28,24,29,16,28,19,19,37,19,10,12,9,21,12,22,11,15,24,19,39,12,11,34,34,43,13,173,24,18,27,32,24,13,19,9,18,9,14,18,13,21,21,29,13,71,16,10,19,23,11,33,19,9,21,4,15,22,13,21,12,11,10,28,16,7,12,16,17,25,13,16,12,55,43,37,14,22,13,7,31,28,21,20,21,16,17,16,12,30,14,10,28,20,15,16,17,5,11,60,6,10,15,33,16,29,13,11,19,46,67,53,54,17,43,47,-20,16,50,50,12,14,34,12,31,-20,35,30,-20,25,12,12,29,15,6,52,40,52,10,11,12,29,26,33,55,63,21,19,4,17,15,15,46,36,17,11,32,52,41,16,15,31,16,107,16,30,30,25,46,23,11,17,69,16,34,30,59,45,27,39,33,41,76,-20,55,22,-20,-20,21,-20,16,9,24,8,-20,16,55,54,37,31,24,12,81,19,29,23,27,41,25,41,35,30,38,10,10,14,48,46,12,56,22,51,51,42,13,36,21,65,65,39,43,25,59,41,34,116,45,35,20,59,41,159,67,19,26,29,39,35,32,32,45,47,26,58,79,22,48,42,132,33,50,72,35,39,30,25,28,29,14,17,24,21,25,7,11,25,17,15,33,25,19,9,20,28,18,27,24,13,26,7,20,33,29,27,27,19,19,7,14,20,27,18,12,6,22,16,16,23,25,21,21,26,21,25,12,18,18,35,22,23,17,15,18,17,17,19,14,25,8,23,13,10,17,32,21,9,31,25,20,14,23,19,26,17,32,46,19,17,14,19,19,23,25,31,27,16,11,7,14,15,12,13,9,18,21,12,13,11,9,16,15,14,11,6,12,11,18,20,10,7,9,14,33,17,10,13,18,23,8,14,17,14,19,22,5,8,15,23,10,14,18,13,20,16,12,19,22,12,10,9,9,27,20,19,17,60,23,17,21,18,17,10,7,27,30,26,20,18,24,15,2,18,14,27,17,10,26,19,17,22,28,25,9,24,20,18,24,16,16,25,3,23,15,-20,21,12,10,23,2,16,15,17,10,11,7,37,21,25,32,18,25,17,11,18,8,22,24,9,-20,12,10,11,27,18,26,16,12,22,20,18,103,18,25,30,25,18,30,10,38,28,40,23,15,19,26,25,26,29,27,14,28,26,47,32,21,19,22,24,26,33,30,38,16,29,25,35,21,23,20,30,24,26,14,20,9,12,8,-20,19,-20,22,25,28,39,25,23,18,24,25,26,21,13,30,9,13,18,31,26,9,20,26,20,28,18,4,28,20,29,31,23,19,34,25,20,11,31,11,15,8,9,10,6,9,15,10,17,24,19,15,13,26,24,8,15,28,29,11,22,17,11,19,18,12,-20,27,16,46,24,26,33,27,33,14,27,25,43,17,13,21,24,22,6,6,27,8,14,12,23,14,19,18,10,13,9,11,10,21,4,10,24,9,31,18,23,6,25,26,32,7,7,9,22,20,31,12,-20,27,5,23,4,42,7,6,8,9,5,34,4,4,-20,18,35,8,15,4,48,4,10,21,-20,15,34,6,4,3,10,7,10,8,18,13,5,7,20,11,-20,7,26,6,6,12,-20,-20,38,26,15,-20,-20,22,6,34,34,15,35,12,18,25,12,30,32,55,43,107,78,95,36,38,49,38,53
"chr2,10356748",11,15,7,11,22,22,15,16,10,10,-20,13,19,25,12,15,31,11,108,72,64,16,68,37,88,27,13,19,31,17,16,12,31,27,80,38,39,35,10,6,19,34,30,27,28,48,6,71,7,30,48,37,65,38,18,22,55,39,25,27,40,39,46,30,32,22,40,62,56,25,37,39,36,24,35,73,-20,15,11,27,18,18,19,17,16,33,22,65,43,9,16,19,30,34,19,25,16,51,7,50,34,24,8,21,31,51,20,26,27,16,20,8,49,36,19,6,44,22,9,6,15,16,13,-20,33,20,13,54,25,31,21,14,24,20,34,36,55,19,13,20,14,10,27,16,38,18,12,36,15,11,12,31,19,47,33,20,23,67,219,33,10,10,18,10,11,30,21,12,-20,26,111,168,76,51,20,53,26,28,31,176,51,35,40,18,51,20,17,69,43,34,71,98,22,28,18,37,36,39,72,26,27,20,42,42,101,65,38,177,23,21,124,29,58,83,40,38,112,37,45,13,36,40,40,23,45,42,29,36,33,34,52,18,48,128,25,27,40,45,36,30,24,42,38,59,20,34,43,34,47,19,50,57,21,15,23,48,39,36,77,73,39,40,71,25,59,29,13,49,59,30,42,74,48,24,48,58,40,88,36,92,25,15,20,41,5,25,19,19,21,64,35,20,16,39,134,83,108,17,18,11,12,7,18,8,21,37,32,11,44,54,48,56,41,52,15,17,24,23,23,201,15,35,23,16,21,25,32,31,17,25,19,20,18,15,38,25,19,38,48,25,14,31,28,26,16,18,6,28,21,11,31,13,5,23,20,17,15,18,65,29,28,22,36,19,15,22,30,22,19,27,15,17,12,85,20,12,21,85,18,24,15,14,9,28,14,35,32,14,10,16,6,29,19,15,5,16,6,20,117,18,9,15,17,9,34,21,27,21,31,16,28,19,20,35,21,10,13,9,18,14,20,12,15,26,17,39,16,12,35,36,42,15,180,27,17,30,32,24,13,18,9,18,10,12,20,12,21,20,30,14,70,14,11,20,23,15,31,17,9,22,4,15,23,14,23,12,10,11,29,15,9,13,15,18,26,14,18,11,58,45,35,17,22,13,7,28,28,23,22,21,15,17,20,12,28,15,10,30,23,14,15,15,4,11,59,5,11,17,36,17,27,11,11,20,43,68,54,53,17,44,46,2,16,45,46,12,14,34,13,26,35,32,34,10,23,13,12,34,15,-20,51,39,49,10,12,11,28,25,30,53,65,21,22,4,16,14,18,45,38,15,10,30,55,41,18,17,31,18,108,16,28,33,22,47,26,13,19,71,19,36,27,58,44,30,36,30,43,63,12,54,22,16,29,22,26,16,9,24,8,24,16,55,54,34,28,24,14,79,19,29,23,25,42,23,40,33,28,38,11,12,14,50,47,12,58,26,53,51,40,13,32,22,66,61,38,42,26,56,41,38,116,45,37,21,56,46,159,68,21,23,26,39,35,26,33,46,45,26,63,90,19,48,40,138,31,55,72,31,38,36,25,24,-20,13,16,25,22,25,6,11,27,17,15,32,24,20,9,21,25,21,26,26,13,24,8,18,31,29,29,26,17,20,7,14,20,26,18,12,6,22,17,17,24,26,19,21,26,23,26,11,17,18,32,24,26,18,15,19,18,18,18,13,25,7,22,13,11,16,31,20,9,32,25,22,15,25,20,25,19,32,47,19,17,13,18,17,20,27,30,28,15,11,7,14,15,12,13,8,19,21,12,14,9,9,17,13,14,11,6,11,10,18,22,12,7,10,15,33,16,11,13,20,24,9,14,15,14,20,20,6,8,15,24,10,14,17,13,18,15,14,19,21,12,10,9,8,25,20,18,16,57,22,17,20,17,14,9,7,28,32,25,21,19,26,13,3,17,14,30,19,10,26,19,18,22,29,27,8,21,20,19,26,17,13,28,4,25,16,-20,22,12,10,25,4,15,16,18,9,11,6,39,21,24,32,18,25,17,11,18,8,21,25,9,15,13,10,11,27,20,25,16,9,20,22,16,101,17,27,30,24,20,30,9,35,27,38,22,12,20,26,25,23,28,24,14,30,25,47,32,20,19,22,23,25,33,29,41,16,28,23,35,21,22,19,30,23,24,14,19,9,9,9,-20,18,-20,22,25,29,39,25,23,18,23,25,30,25,11,31,9,12,18,31,27,10,22,26,19,28,17,5,25,21,28,31,23,18,35,24,22,12,28,11,13,-20,9,10,6,9,14,11,17,25,19,15,12,28,25,8,15,28,28,11,22,16,9,18,19,12,-20,25,15,42,23,25,34,26,32,17,28,25,42,18,13,23,24,23,5,7,28,10,15,12,23,14,21,19,11,14,9,12,9,19,5,10,24,11,34,18,20,6,31,27,27,7,4,7,21,22,32,11,4,27,6,20,6,44,7,6,8,7,6,31,8,5,-20,26,33,8,14,5,42,3,14,19,4,15,34,4,4,5,10,6,9,7,22,15,7,5,17,17,-20,8,23,6,5,13,5,7,36,22,15,4,6,21,6,31,30,14,38,11,18,26,16,31,34,50,37,104,77,89,40,36,50,38,54
"chr2,10356767",-20,15,7,12,23,22,11,19,10,10,6,12,17,21,9,16,30,10,112,68,63,14,68,34,79,27,15,22,35,21,15,15,26,21,87,42,40,32,10,6,17,36,31,19,24,48,10,63,9,29,46,46,53,39,19,23,61,45,27,27,37,38,40,28,31,21,36,58,57,23,39,30,35,26,31,70,16,15,11,24,15,16,15,14,11,36,25,56,46,10,15,22,32,32,17,22,14,50,9,49,36,25,10,19,33,49,19,28,25,16,19,9,43,36,16,6,48,19,9,6,14,13,14,-20,34,18,15,51,20,26,27,13,20,17,29,29,51,16,13,22,14,9,21,14,38,19,14,32,15,11,11,24,30,46,32,17,24,59,232,43,11,12,16,11,12,28,16,11,9,18,111,172,74,40,20,54,54,21,44,177,48,48,39,14,55,19,16,61,37,37,55,107,19,34,21,39,36,40,75,17,17,22,40,29,108,78,52,179,26,25,138,28,93,80,36,45,114,35,42,11,42,34,41,23,81,32,42,60,32,31,50,16,50,106,20,34,39,48,41,39,19,42,43,70,23,39,44,39,52,19,49,50,23,18,25,41,37,38,80,79,42,31,77,33,58,24,15,48,48,30,43,87,37,19,55,42,42,84,41,104,21,14,17,45,5,43,23,22,18,53,24,19,15,37,125,64,104,14,12,10,-20,7,19,6,19,41,31,12,44,56,43,52,41,55,13,20,29,20,29,208,14,35,22,14,21,24,29,37,15,29,16,19,18,15,41,27,17,30,46,29,17,34,30,29,20,25,7,32,25,11,27,17,6,28,26,22,17,19,69,20,28,20,38,21,17,32,28,21,20,23,21,21,15,81,23,11,24,87,20,23,14,14,-20,24,15,28,27,11,13,16,5,26,15,13,7,19,4,20,122,17,13,16,16,6,33,20,31,29,32,13,33,21,22,31,22,7,15,-20,13,19,18,17,14,22,19,45,17,12,36,33,39,17,185,34,15,25,27,23,14,19,10,12,10,13,21,16,23,23,25,18,79,11,9,15,29,16,30,20,12,20,4,13,26,14,19,13,10,8,27,15,9,13,18,17,34,15,18,12,62,37,35,19,17,15,7,31,25,19,23,21,17,21,14,8,23,10,9,29,19,15,15,18,-20,20,54,3,13,17,46,16,29,14,12,19,42,65,49,51,18,49,43,2,15,46,51,12,12,26,11,33,34,34,47,12,22,15,10,41,16,5,45,47,80,9,10,15,29,45,31,68,73,24,30,4,16,15,16,46,31,17,9,32,63,44,19,15,35,19,119,11,29,40,34,48,33,12,20,74,19,34,29,49,44,33,25,32,33,101,10,52,18,16,34,21,25,13,9,24,8,20,16,47,47,33,30,25,13,79,15,25,18,22,41,25,34,30,29,36,12,10,12,49,46,10,61,26,55,44,38,13,27,26,69,57,39,39,23,56,58,41,126,57,49,20,52,57,142,58,24,19,38,48,35,27,38,52,45,32,71,89,18,48,31,144,48,53,65,33,32,40,25,24,25,10,14,24,23,20,11,13,22,13,16,28,19,17,10,17,25,22,28,20,15,22,11,19,35,26,25,27,15,24,7,13,19,25,12,14,6,24,15,15,21,23,18,21,25,21,27,13,18,14,29,24,26,16,14,23,16,17,17,15,16,10,15,12,12,14,27,20,11,28,23,23,11,26,20,30,19,29,38,18,15,10,17,17,18,27,25,31,12,10,8,16,13,13,14,9,16,19,10,14,9,9,16,11,16,10,4,11,9,16,22,10,6,8,16,32,16,10,14,17,20,9,10,17,13,13,19,5,4,18,16,6,11,14,13,16,12,17,14,20,13,10,7,9,21,19,16,14,54,20,13,20,16,15,9,8,25,28,25,20,18,23,13,4,17,16,29,21,15,24,15,18,23,25,26,6,22,20,16,30,14,10,29,5,28,14,-20,23,14,12,24,5,16,15,13,10,13,4,35,19,19,28,18,21,16,9,15,9,16,27,10,11,11,11,10,26,16,24,13,6,19,23,12,119,15,28,29,21,23,27,14,36,21,37,19,13,20,29,25,27,22,26,11,25,25,46,29,19,14,19,19,22,39,27,38,15,31,24,33,21,18,17,32,23,23,14,17,8,5,8,4,16,-20,21,23,24,38,21,20,16,22,27,27,27,9,27,12,13,17,29,27,12,18,24,21,28,17,5,26,19,29,29,22,17,31,24,23,11,35,9,17,7,8,10,5,7,14,11,14,24,20,17,15,27,26,9,17,24,21,12,24,17,11,18,19,12,8,23,19,45,23,24,33,20,28,16,24,26,42,16,9,21,23,22,5,8,21,9,17,12,19,16,18,18,9,14,9,12,11,13,4,9,21,11,36,12,28,5,33,29,30,4,5,9,24,27,31,11,8,31,7,27,-20,42,8,6,5,7,9,38,8,7,6,24,34,5,11,4,38,-20,16,29,6,15,38,-20,4,10,9,5,10,7,22,-20,9,9,15,17,-20,6,31,9,6,8,5,8,54,23,19,6,-20,24,-20,43,29,16,30,9,20,27,20,24,35,52,34,111,99,69,41,37,58,33,47
"chr2,10356779",8,16,8,12,18,23,11,19,10,10,8,11,15,21,5,14,33,10,107,73,57,15,68,29,71,28,15,24,34,21,16,18,26,21,88,42,37,35,13,4,14,29,37,19,26,47,10,66,10,24,65,48,47,40,19,19,72,41,28,30,37,35,40,26,34,23,37,56,54,23,37,34,34,33,32,64,-20,16,9,24,15,14,13,13,12,32,23,52,44,7,12,17,36,34,20,19,13,51,14,48,40,31,10,17,28,49,19,25,24,16,24,11,47,37,17,6,45,19,10,6,15,13,17,-20,34,22,14,50,26,27,27,15,20,17,30,31,58,15,11,24,18,8,22,16,40,15,13,42,13,10,12,31,30,50,33,17,25,53,230,49,11,12,19,-20,16,28,23,12,9,22,109,169,82,39,21,59,57,28,43,153,59,47,44,27,49,15,10,57,36,31,62,104,14,33,23,44,40,40,71,15,12,23,43,31,106,95,49,190,30,26,146,26,96,101,45,49,112,31,44,12,45,31,42,23,77,39,40,65,33,33,53,16,57,112,23,36,42,57,41,40,21,35,34,66,23,37,48,32,51,15,49,56,19,21,29,51,40,44,80,101,39,35,68,31,57,23,14,53,50,36,51,83,50,20,56,39,45,81,52,109,19,17,22,45,5,52,22,24,18,36,23,24,14,39,117,83,112,13,13,12,17,7,19,5,19,43,29,12,41,54,36,42,39,57,14,26,29,23,31,205,16,36,19,17,24,20,30,36,13,28,19,21,18,18,43,29,18,31,51,29,17,28,31,28,22,23,7,35,24,12,31,19,7,29,25,18,18,23,64,20,29,20,37,23,14,20,27,20,20,24,19,21,13,83,26,13,28,91,25,24,12,14,9,24,16,30,30,11,17,16,4,32,15,15,-20,24,5,20,110,19,12,16,17,11,27,19,33,35,31,13,32,21,26,31,19,8,17,5,15,18,14,15,14,21,19,45,18,12,40,34,39,17,187,37,11,21,25,24,12,21,10,10,9,16,21,18,22,24,27,18,94,9,6,17,30,17,28,22,14,20,5,11,23,14,18,13,12,8,28,16,10,14,20,18,34,16,19,21,58,42,36,17,16,17,5,31,27,22,19,20,20,21,19,5,29,10,10,30,20,15,16,20,-20,18,61,-20,13,17,47,19,28,17,13,19,44,69,56,46,17,45,43,4,15,42,43,11,13,26,12,33,30,31,55,13,27,12,11,38,9,4,48,54,120,9,14,14,32,45,33,74,69,28,28,5,17,14,17,44,33,20,12,29,54,44,18,15,31,19,120,-20,27,37,31,49,39,9,20,69,20,33,32,46,47,31,25,29,38,102,12,55,19,21,32,21,27,16,13,21,7,18,18,53,57,33,31,21,14,78,15,25,21,24,40,26,35,31,30,36,11,9,14,56,44,14,66,25,55,36,37,10,24,22,65,56,35,43,24,58,62,45,137,59,48,13,58,61,150,61,23,27,35,55,36,27,40,49,42,35,71,92,20,38,25,137,57,52,64,33,38,40,28,22,-20,11,16,28,27,22,13,18,25,17,15,26,20,17,9,24,24,22,27,22,14,21,13,20,33,25,27,28,18,22,7,18,21,24,13,18,9,21,19,20,24,26,20,21,25,23,27,13,18,18,32,22,29,17,15,22,13,18,20,17,19,12,17,11,11,20,21,28,15,30,24,29,13,26,18,31,18,32,30,16,14,13,17,18,19,33,22,29,12,9,8,15,14,23,11,12,17,17,11,10,11,12,18,11,17,8,6,12,10,15,22,12,8,10,17,31,15,10,15,18,23,10,8,18,10,12,19,5,9,19,17,7,10,16,18,20,12,18,13,19,13,12,6,9,18,17,16,16,49,20,10,17,16,15,12,9,29,27,26,18,14,25,13,5,16,16,29,19,18,26,14,17,22,27,27,8,23,18,17,30,14,11,32,8,26,14,-20,27,18,12,26,9,19,14,-20,9,12,6,34,21,18,32,22,22,15,8,16,11,20,29,10,9,13,12,9,26,18,16,16,6,20,24,13,129,14,33,28,19,23,34,17,36,27,37,21,12,25,30,24,31,22,27,11,26,28,52,33,23,17,16,21,20,46,31,40,19,32,22,35,20,23,20,29,23,21,16,14,6,6,6,5,18,6,25,24,24,31,20,20,17,24,25,31,26,10,28,16,10,20,32,23,14,20,21,24,29,17,3,26,21,33,27,25,17,27,28,20,13,32,10,16,-20,9,12,6,-20,14,13,14,24,22,19,16,25,26,9,15,25,21,14,23,18,10,15,20,16,10,22,27,47,27,25,31,21,26,16,26,31,34,19,11,22,23,23,7,9,22,8,22,17,21,21,16,16,9,13,9,15,10,9,6,10,20,12,34,12,27,6,35,43,24,4,7,8,22,23,26,10,4,38,10,33,5,41,8,8,4,7,12,44,6,10,6,27,32,8,8,-20,34,-20,19,29,4,13,38,3,5,11,7,5,9,7,22,11,8,8,18,19,-20,6,33,9,5,12,-20,7,50,26,18,4,13,21,9,39,30,16,29,8,19,27,20,23,37,55,37,121,110,69,43,39,58,34,48
"chr2,10356788",8,16,8,12,19,21,12,16,-20,9,11,12,15,19,-20,13,35,11,99,71,59,14,68,35,71,29,23,24,30,20,15,20,27,21,87,45,38,37,11,4,13,30,36,14,22,45,12,66,10,21,63,43,40,38,18,15,76,40,29,26,35,33,42,29,31,22,36,54,59,23,40,35,32,36,33,62,13,16,12,16,15,13,10,15,10,31,25,49,47,9,11,17,30,34,19,20,21,50,14,49,40,36,11,17,32,50,20,22,23,15,22,10,45,41,17,6,43,19,10,7,16,13,12,-20,33,19,13,46,27,28,24,14,14,18,31,33,63,12,10,24,16,8,22,17,38,17,14,42,13,8,12,30,25,51,33,22,23,38,237,45,11,14,-20,9,16,26,21,14,10,30,110,178,85,51,20,64,75,25,43,142,58,49,45,25,45,13,11,51,34,34,70,95,14,43,23,43,39,34,71,12,10,22,46,24,100,98,43,179,27,24,156,25,100,111,49,48,114,27,44,12,45,32,33,23,78,40,46,82,33,34,53,17,60,110,25,40,39,58,37,42,21,34,37,64,25,42,46,39,58,15,46,59,18,20,29,48,38,43,82,99,39,33,73,30,79,26,12,59,48,40,51,68,53,19,54,37,50,75,51,111,23,17,22,43,6,46,21,23,17,37,24,28,13,43,106,100,112,14,14,12,21,6,17,4,20,46,26,12,42,60,40,41,35,63,13,26,28,28,31,188,14,36,18,17,24,19,27,44,12,27,19,24,18,16,47,29,21,30,49,26,19,29,32,32,25,22,6,40,28,12,31,17,8,29,25,22,16,20,68,21,28,18,39,21,13,26,29,21,22,24,19,21,11,81,29,12,28,89,25,22,15,14,8,21,15,31,29,14,16,15,5,29,18,16,-20,27,5,22,114,22,12,15,15,10,30,16,33,38,30,14,32,24,24,33,20,7,18,5,15,19,11,14,16,22,20,46,19,14,38,35,41,22,195,40,10,21,26,23,11,24,12,11,10,16,22,18,15,26,26,18,92,11,4,15,30,17,26,27,14,23,5,13,23,13,15,15,12,11,28,17,12,14,21,18,38,16,19,24,58,43,37,15,13,18,7,31,26,24,18,25,18,21,17,3,34,9,13,32,22,16,16,21,-20,16,58,-20,13,14,41,18,29,17,12,18,44,68,57,45,17,43,36,3,15,44,45,12,13,25,12,29,33,33,60,12,28,15,12,39,12,4,45,48,116,8,15,15,35,48,33,71,70,24,27,5,15,17,15,40,36,20,13,32,56,39,16,16,32,19,131,9,24,37,30,45,38,9,20,87,22,30,31,46,48,27,25,28,44,104,9,49,12,20,33,19,26,11,17,19,7,20,16,48,52,30,26,22,14,70,14,20,19,22,34,25,39,30,28,35,11,11,12,59,49,16,66,24,53,33,36,11,20,23,64,55,31,38,20,62,62,38,135,59,46,12,56,62,142,68,23,27,30,56,34,22,37,44,41,37,67,90,21,42,25,131,55,47,62,38,40,37,27,21,22,10,16,26,25,21,16,17,22,17,14,24,19,18,11,23,24,21,30,22,16,24,15,17,31,23,30,25,19,21,12,18,22,24,14,17,10,21,20,19,26,27,21,20,20,19,30,13,16,18,25,22,28,15,15,20,15,19,23,17,18,14,18,12,12,19,17,34,17,32,21,31,11,23,18,33,18,30,30,16,14,14,16,20,22,30,21,29,14,9,10,15,14,23,12,10,18,17,10,11,11,13,17,15,18,9,5,12,10,15,22,13,7,11,15,30,14,10,15,19,22,9,9,18,7,12,16,6,8,17,18,-20,8,13,16,20,12,17,14,19,14,11,7,8,15,13,16,16,45,21,11,18,15,14,11,8,33,23,24,17,15,25,11,5,15,13,29,19,16,24,12,15,24,24,25,8,22,19,15,31,13,13,31,8,24,14,-20,25,15,14,27,-20,17,16,8,6,12,8,35,21,15,36,28,18,12,8,15,11,20,27,10,9,13,9,7,26,20,14,15,6,21,28,16,134,11,32,26,21,19,32,18,40,22,38,19,10,22,28,25,29,17,29,10,26,27,51,29,22,19,15,22,21,49,30,41,16,25,20,33,20,23,19,25,20,19,14,17,6,6,7,6,21,8,29,23,21,30,19,16,15,28,29,32,30,12,24,16,9,21,38,20,15,17,24,22,28,13,3,28,24,31,25,21,17,24,28,20,12,32,11,17,6,-20,14,6,-20,11,11,9,19,20,19,18,25,23,10,17,20,25,10,23,19,9,14,20,13,14,23,26,49,25,25,32,25,27,12,23,33,32,17,11,21,24,22,8,9,18,8,21,16,22,20,16,14,8,12,9,14,10,9,6,10,22,12,33,10,28,6,35,42,29,-20,8,11,21,27,29,10,-20,42,9,36,-20,43,-20,11,7,10,15,52,3,6,3,23,29,11,8,5,41,-20,21,32,5,13,42,5,5,10,16,7,10,8,18,14,7,9,17,12,-20,5,32,8,3,10,-20,11,47,28,20,6,19,19,10,43,33,17,28,8,18,26,22,20,38,53,41,115,124,66,43,37,53,35,45
"chr2,10356793",5,15,-20,12,15,19,11,17,11,9,10,12,13,19,6,14,34,11,97,71,60,13,65,35,70,27,25,21,32,20,18,20,28,20,96,47,38,38,12,4,14,31,34,15,22,45,12,66,10,20,63,39,38,37,21,17,76,39,29,26,35,31,40,27,32,19,35,55,63,25,41,35,30,36,32,62,12,16,12,14,14,11,11,15,9,29,25,46,44,13,13,17,29,31,18,21,20,54,14,50,41,34,13,16,29,53,16,21,22,15,21,7,43,41,17,6,44,19,10,6,15,11,11,-20,36,17,13,46,27,28,27,14,11,18,33,32,59,14,11,23,14,8,19,19,39,16,13,41,13,8,12,30,27,49,33,23,24,32,256,53,11,13,18,8,14,26,19,11,12,32,113,179,93,51,21,60,74,26,40,139,62,49,49,21,33,14,11,50,33,33,72,94,11,42,22,44,35,35,70,10,13,23,46,26,104,99,45,169,29,24,154,27,95,108,46,48,114,28,47,13,40,31,37,23,82,41,45,85,33,31,50,17,63,102,26,43,38,61,38,42,17,35,38,65,28,44,42,41,56,16,44,59,18,22,32,44,39,40,80,98,33,30,73,31,78,28,14,49,50,45,52,63,48,20,61,34,51,84,59,115,28,17,23,39,6,46,20,22,16,37,25,27,12,41,94,97,119,13,13,11,20,6,18,4,20,46,29,11,40,60,41,41,37,65,13,28,28,29,34,198,13,38,19,18,24,21,25,43,11,27,20,26,17,16,50,32,22,29,49,29,18,31,29,31,24,23,8,41,31,11,29,18,9,30,25,21,17,20,69,20,28,19,40,22,14,30,28,24,21,25,18,21,11,78,29,14,29,91,25,24,15,14,8,21,14,33,29,13,16,16,5,30,19,16,10,28,5,22,116,24,11,14,14,10,32,18,29,39,28,15,33,27,23,34,18,7,18,5,15,18,11,15,16,21,20,47,17,14,40,32,43,21,199,38,10,19,28,24,11,23,12,11,10,18,22,19,15,26,22,18,97,9,5,19,30,18,23,29,13,24,5,12,21,13,11,15,13,10,27,17,12,14,20,17,38,19,19,26,58,43,36,16,14,19,6,29,26,26,19,31,17,19,20,3,32,8,12,34,21,15,15,23,-20,17,60,-20,14,14,45,16,29,18,13,16,42,70,52,46,16,48,37,5,12,47,45,11,12,25,12,27,32,30,65,12,27,13,13,39,13,4,43,54,114,7,16,14,35,47,35,74,76,25,31,5,14,17,16,40,38,22,13,32,55,41,16,17,31,19,136,8,26,39,32,47,38,8,20,84,23,24,31,50,50,28,28,29,50,101,9,44,11,16,32,15,25,15,17,18,8,19,16,45,49,31,25,21,16,63,13,18,19,21,32,25,39,33,28,27,10,10,12,60,49,17,70,24,55,29,37,11,21,23,61,47,27,36,22,56,59,36,134,58,54,12,58,71,147,63,24,31,36,55,38,24,38,43,41,36,65,90,20,43,25,132,66,44,62,39,40,41,24,21,18,9,16,24,23,20,18,18,21,16,14,21,17,16,13,23,20,20,29,22,15,22,16,14,34,24,29,23,19,20,12,17,21,22,16,17,10,20,21,21,25,24,19,20,19,19,33,13,17,20,23,21,25,16,13,18,14,20,22,17,15,14,21,11,13,15,15,34,16,32,19,29,12,19,16,30,18,23,26,16,15,14,18,21,21,33,18,26,15,7,9,16,15,22,11,8,18,16,8,7,9,14,16,12,18,10,5,11,9,13,19,13,6,10,15,27,12,7,15,14,22,7,8,17,7,13,15,5,7,18,20,7,9,13,15,21,11,16,12,15,14,7,6,7,13,12,14,16,39,23,10,15,17,11,11,8,29,25,21,-20,14,24,10,5,13,12,27,18,14,20,12,14,23,23,25,9,18,22,14,30,13,13,28,8,21,14,-20,23,17,13,24,11,17,12,-20,6,14,8,32,19,18,34,25,17,13,9,15,11,19,25,10,10,13,8,8,23,18,14,14,5,19,29,16,139,12,29,25,23,18,29,19,37,25,37,13,10,23,28,24,30,16,30,7,22,25,49,30,21,16,17,22,20,46,31,42,16,28,21,30,23,20,19,25,19,18,13,17,8,5,5,6,22,8,30,24,19,29,19,14,14,28,28,28,30,13,25,18,9,24,35,22,16,14,22,21,23,12,5,24,23,30,25,21,16,22,29,21,12,32,9,18,7,8,15,5,-20,11,9,8,16,22,19,20,25,23,9,17,19,26,11,22,24,9,12,17,13,14,23,27,46,21,22,33,23,25,11,17,28,32,17,11,19,23,21,7,9,18,9,21,14,23,19,12,13,8,13,8,14,10,8,6,9,20,10,32,11,29,7,36,46,33,5,11,12,22,24,30,8,4,43,10,38,-20,55,8,9,7,11,18,52,3,6,3,25,32,12,9,5,43,-20,20,38,4,15,40,7,5,10,18,8,8,7,25,13,6,10,21,10,-20,3,33,8,-20,11,-20,11,54,27,23,5,20,21,9,44,33,17,27,8,19,25,23,20,36,53,41,114,132,70,44,37,55,31,51
"chr2,10356794",5,15,9,12,15,19,11,17,11,9,10,12,13,18,6,14,35,11,97,71,61,13,67,35,70,28,26,21,32,20,18,20,27,20,97,47,38,37,12,4,14,30,31,15,23,45,12,66,10,20,63,38,37,37,20,17,75,39,29,27,35,31,40,28,33,19,34,54,65,24,42,35,30,36,33,63,12,16,11,14,14,11,11,15,9,30,27,47,45,13,13,17,30,31,18,21,20,55,14,51,39,35,11,16,29,53,14,20,22,15,21,7,41,41,16,6,42,19,10,6,15,11,11,-20,36,17,13,46,27,28,28,14,11,18,33,33,58,14,10,23,14,8,19,18,40,16,13,42,13,8,12,30,27,47,33,22,24,32,261,54,11,13,18,8,14,26,18,10,12,34,116,179,94,49,20,60,74,27,40,138,63,53,51,20,34,14,11,50,35,33,72,93,12,43,22,44,36,35,70,10,13,23,47,26,103,97,45,168,29,23,151,28,96,98,46,47,113,28,46,13,39,31,37,23,82,41,46,85,34,30,50,-20,64,101,26,43,38,61,37,42,17,36,38,64,28,44,41,42,55,16,44,58,18,22,33,44,39,39,76,98,32,31,73,31,61,28,14,49,47,43,51,64,47,19,65,34,52,86,59,112,28,17,22,39,6,45,20,22,17,36,25,27,12,41,88,97,119,13,12,11,21,6,18,4,20,46,29,11,40,61,40,42,35,65,13,28,28,29,34,198,13,38,19,18,24,20,24,43,10,28,19,26,16,16,47,32,22,29,49,29,18,30,29,30,24,23,8,41,-20,11,29,18,9,31,25,21,17,20,68,20,28,18,39,22,14,30,28,24,21,25,18,21,12,78,29,14,28,90,25,24,15,16,8,21,11,33,29,12,16,16,5,31,19,16,10,27,5,23,116,24,11,14,13,10,32,19,28,37,30,15,33,27,23,34,19,7,18,6,15,18,11,15,16,21,20,46,16,14,39,33,42,21,201,38,9,18,27,24,11,23,12,11,10,19,22,18,15,27,22,17,98,9,5,19,30,18,23,29,15,23,6,11,23,13,10,15,13,10,26,16,12,14,21,17,38,19,20,26,57,43,36,17,14,19,6,29,26,26,19,30,17,18,19,3,29,9,12,34,21,15,14,23,-20,16,59,-20,14,14,43,16,28,18,14,16,42,69,52,44,16,48,36,5,12,46,44,11,12,25,13,27,33,30,65,12,27,12,13,38,13,4,42,54,114,7,16,15,35,45,35,76,75,26,30,5,15,17,16,39,37,21,13,32,53,40,16,18,31,19,134,-20,26,39,32,48,38,8,21,84,22,24,30,50,51,28,28,28,50,100,9,42,10,16,30,15,24,14,17,18,8,20,16,44,45,30,25,21,16,60,13,18,19,20,30,24,39,33,28,27,10,10,12,59,49,17,70,23,55,30,35,11,20,23,60,48,27,39,20,53,59,36,134,57,54,12,58,70,148,63,24,33,37,54,38,24,38,42,42,35,67,87,19,42,27,128,63,43,62,40,41,42,24,21,18,-20,16,23,23,20,18,18,21,15,14,21,17,16,13,22,19,20,28,20,15,22,17,14,34,23,29,24,18,20,12,17,22,22,16,17,10,19,21,21,23,24,18,19,18,18,33,13,17,20,22,21,25,16,13,18,13,20,22,17,14,13,21,-20,12,15,15,32,16,29,19,26,12,19,16,30,18,23,24,16,15,14,18,20,21,33,18,26,14,7,9,16,15,22,11,8,18,16,8,7,9,14,16,12,18,10,5,11,-20,13,19,13,6,10,15,25,12,7,15,14,22,7,8,16,7,12,15,5,7,19,20,7,9,13,14,20,11,16,11,14,14,7,6,7,13,12,13,16,38,23,9,15,17,11,10,8,29,25,21,-20,14,23,10,5,12,12,26,18,14,20,12,15,22,23,25,9,18,22,14,30,13,13,28,8,20,14,-20,22,17,13,24,11,16,12,9,6,14,8,31,19,17,33,25,16,13,9,15,11,19,25,10,10,13,8,8,23,18,13,14,5,19,29,16,138,12,29,24,23,17,28,18,35,25,37,13,10,23,28,24,29,16,30,7,22,23,48,30,21,16,17,21,20,45,30,42,16,28,21,30,23,20,19,24,19,17,13,16,8,5,5,7,22,8,30,24,18,29,19,14,14,25,28,28,27,13,23,18,9,23,35,21,16,14,23,20,23,12,5,24,22,30,24,21,16,22,29,21,12,32,9,18,7,-20,14,5,-20,-20,9,8,16,22,19,20,25,23,9,15,19,25,11,21,23,9,12,16,13,14,23,27,47,21,21,32,23,24,11,17,26,32,16,11,19,23,21,7,9,18,9,21,14,23,18,12,13,8,13,8,14,10,7,6,9,20,10,32,11,28,7,32,42,32,4,11,11,19,24,29,9,-20,38,11,34,-20,46,6,10,6,11,17,51,3,8,4,23,28,12,13,6,39,3,20,35,4,11,35,5,5,8,17,7,5,5,24,14,5,11,18,12,-20,4,30,6,3,8,-20,10,44,25,21,4,19,21,11,43,34,17,27,9,20,26,23,21,37,52,40,114,132,71,44,37,55,31,52
"chr2,10356795",6,14,8,11,15,18,10,16,11,9,10,12,13,18,6,14,36,10,99,71,59,11,67,35,68,27,26,21,32,20,17,21,28,21,97,47,37,37,13,4,13,30,30,16,23,45,12,66,9,20,63,38,36,37,21,18,80,39,29,28,35,31,37,27,31,19,31,55,68,24,40,35,29,36,33,63,12,16,12,15,14,11,11,15,9,31,27,47,43,13,14,17,28,31,18,20,20,52,13,51,41,36,11,14,29,53,14,20,20,13,23,7,41,40,15,6,43,19,9,7,15,11,11,-20,36,16,12,46,24,27,29,13,12,17,32,33,57,15,8,22,12,8,17,19,39,17,10,42,13,8,12,30,27,54,32,23,24,32,260,52,11,13,-20,7,13,27,18,10,12,34,118,175,93,49,21,61,73,27,40,138,62,52,51,20,31,-20,12,50,37,32,70,91,11,44,22,43,41,35,69,10,11,22,47,28,106,97,45,169,29,24,151,27,92,96,46,49,112,28,44,13,37,31,39,23,83,41,48,83,34,30,48,16,64,100,26,42,40,61,37,40,17,36,38,62,28,45,38,41,55,16,44,58,18,22,33,43,38,38,76,98,32,31,73,31,62,28,15,49,47,43,51,64,48,19,60,33,52,93,58,112,29,17,22,40,7,45,20,22,18,36,26,28,12,41,88,91,118,14,12,11,20,6,17,4,20,46,29,11,40,60,39,41,37,64,13,27,29,30,32,198,13,39,19,18,24,20,26,43,11,28,20,26,17,16,49,31,22,29,49,29,18,31,29,30,24,23,8,41,31,10,29,17,9,32,25,21,17,19,66,19,27,18,40,22,14,30,26,24,21,25,18,21,12,77,29,14,26,86,25,24,16,16,8,21,10,32,29,12,15,14,5,32,19,16,-20,27,-20,24,113,24,11,14,13,10,31,19,30,39,29,15,32,27,22,33,19,7,18,6,15,18,11,15,16,21,20,47,16,15,40,34,43,21,199,39,9,19,26,24,11,23,12,11,-20,19,22,19,14,27,22,17,99,9,5,19,29,18,21,29,15,23,6,11,23,13,10,14,13,10,27,16,12,14,22,16,38,19,20,26,55,44,35,16,14,19,6,29,26,27,19,30,17,18,16,3,29,9,12,33,21,15,14,22,-20,17,59,-20,14,14,46,17,29,19,15,16,41,67,52,44,14,49,34,5,12,46,42,11,12,24,13,27,32,30,65,12,27,12,12,40,13,4,44,57,114,6,16,14,34,46,35,74,76,25,30,5,15,17,16,41,38,20,14,33,53,46,15,18,31,19,134,8,26,39,32,46,38,8,21,85,22,26,29,49,51,27,27,29,49,99,8,42,9,16,29,14,22,14,17,18,8,20,16,42,45,29,24,20,16,56,12,16,18,19,25,25,36,31,28,25,8,10,12,60,49,16,69,24,55,30,35,11,22,23,54,47,27,39,20,53,59,36,130,57,55,12,57,68,149,63,23,34,37,53,37,25,38,42,42,35,69,87,19,42,25,131,63,43,61,40,41,42,19,19,16,9,15,23,23,20,18,18,21,15,14,19,17,15,12,22,16,18,27,19,15,21,17,14,30,24,29,22,17,19,12,15,20,20,14,17,11,19,22,21,23,22,17,20,17,18,34,12,17,20,22,21,25,15,13,19,13,19,22,16,14,13,21,-20,12,15,15,31,15,28,18,26,13,17,14,28,18,23,23,17,15,14,18,18,21,31,17,24,14,7,9,13,14,20,11,8,17,15,8,7,7,14,15,12,17,9,5,11,10,13,18,13,6,11,12,22,11,6,13,14,23,7,7,16,6,11,15,5,6,17,18,6,9,13,14,19,8,17,10,14,13,6,6,6,13,12,13,15,38,19,7,15,16,11,10,7,28,24,21,12,14,24,10,5,12,11,27,16,14,19,13,14,20,24,22,9,18,22,12,30,-20,11,28,7,20,15,-20,22,16,12,25,11,16,12,9,6,14,8,30,18,17,32,24,17,13,9,16,11,16,24,9,10,13,8,8,21,16,13,14,5,18,30,16,140,12,26,24,22,17,29,19,35,24,36,13,9,21,27,23,28,16,28,7,19,24,44,28,19,-20,16,20,20,42,27,42,14,28,21,31,22,21,18,22,20,18,12,14,8,5,5,7,22,9,30,21,18,28,19,13,11,25,26,25,27,13,21,18,9,25,35,20,16,15,22,19,22,11,5,24,22,29,23,20,16,19,27,20,11,29,9,18,6,8,12,5,-20,8,8,8,15,21,18,20,25,25,9,14,18,26,11,20,23,9,12,16,13,15,22,26,46,19,20,30,23,23,8,16,25,31,13,10,18,23,20,7,9,15,8,19,14,23,17,12,12,8,12,8,13,10,7,5,9,19,10,31,11,31,-20,34,44,34,5,12,12,20,24,30,8,4,45,9,37,-20,54,8,10,6,11,18,53,-20,8,4,-20,33,12,11,7,41,3,21,40,5,15,39,6,5,8,18,8,7,5,25,14,6,10,20,11,-20,-20,32,7,3,-20,-20,12,54,28,24,5,22,22,11,43,34,17,26,9,20,26,23,22,37,51,41,113,132,73,44,36,55,31,53
"chr2,10356798",-20,15,8,11,14,18,10,17,11,10,10,12,12,18,6,14,36,10,99,70,59,11,70,34,68,28,27,21,31,20,17,20,28,22,99,46,38,38,12,4,15,30,29,16,24,43,12,64,11,24,58,37,38,36,21,19,80,39,28,25,35,29,39,28,30,18,32,54,69,24,41,37,30,36,34,64,12,15,12,15,13,13,9,14,10,34,28,47,45,13,15,18,27,28,16,19,23,53,13,51,39,38,11,16,29,53,14,20,20,14,23,7,44,41,16,6,44,19,9,8,14,12,12,-20,37,16,13,43,25,28,27,14,12,16,35,33,58,16,10,22,13,7,18,18,38,19,11,39,14,8,13,29,29,60,33,22,23,32,256,51,11,14,17,6,14,29,18,9,13,33,119,180,75,50,20,60,75,27,51,142,63,50,52,20,31,15,12,49,34,23,70,86,11,45,22,43,40,33,69,-20,13,24,47,30,105,96,39,165,34,24,153,26,93,96,46,52,115,28,47,10,35,33,38,21,84,42,48,83,32,31,49,16,66,105,24,39,40,57,38,40,18,35,38,62,29,46,38,41,57,15,48,55,18,20,33,43,31,38,73,97,31,34,70,32,62,28,14,52,49,42,48,65,48,21,64,32,50,109,59,117,29,17,21,40,9,49,17,19,20,37,23,26,12,41,104,87,113,15,12,11,20,7,16,4,20,44,29,13,39,57,39,39,38,66,13,26,28,32,30,196,14,42,18,18,24,20,26,42,11,26,23,24,18,17,49,32,24,28,52,27,18,30,28,31,25,23,6,40,31,12,31,18,9,32,25,20,16,18,67,18,27,18,41,22,14,34,27,24,21,26,18,21,12,78,28,14,27,82,24,25,16,15,8,21,10,32,29,12,15,13,5,32,19,16,10,28,7,26,112,24,11,13,12,10,31,18,32,38,26,14,36,27,22,35,19,8,17,6,16,18,11,16,15,20,20,47,14,17,38,35,41,20,199,40,8,18,27,24,11,24,12,12,-20,20,21,19,15,27,22,18,97,9,8,19,28,17,21,29,14,22,6,10,24,13,9,15,13,9,27,17,12,17,23,16,41,18,19,27,58,45,34,15,10,19,6,28,26,27,19,32,17,17,17,-20,30,9,12,33,23,15,14,23,-20,17,57,-20,15,14,46,17,29,-20,15,17,42,66,52,46,14,51,32,6,12,49,42,11,13,23,13,28,33,27,67,11,29,12,-20,39,12,4,44,57,115,6,16,-20,33,46,35,69,75,25,31,5,15,17,17,40,38,19,14,33,58,49,14,18,30,19,134,9,25,39,30,47,38,8,20,87,24,26,29,45,52,29,26,29,46,96,7,42,8,17,29,14,20,14,20,18,8,20,16,46,47,28,29,20,16,60,14,18,17,21,27,24,46,33,29,27,6,11,13,61,46,16,63,26,55,31,35,10,21,22,52,44,28,39,19,51,56,35,137,56,60,11,61,68,144,61,23,33,37,56,39,27,31,41,41,35,71,107,18,40,25,130,63,43,58,42,42,41,20,18,15,11,15,23,23,19,19,19,21,15,16,19,16,14,13,22,17,18,26,20,16,20,17,14,33,23,29,23,21,17,15,14,20,22,14,20,12,19,24,21,23,22,18,20,16,21,33,12,17,20,21,20,25,17,13,19,12,18,21,20,15,13,21,10,14,15,15,33,16,27,19,24,12,18,14,27,19,21,23,16,14,13,19,20,20,31,16,25,14,7,9,15,14,20,11,8,16,16,9,8,7,15,16,13,17,9,6,12,12,17,19,14,6,12,12,24,11,6,15,13,23,9,7,16,8,11,14,9,6,17,19,7,9,12,14,20,10,16,12,13,13,7,6,6,14,13,12,14,38,21,6,17,16,9,10,7,30,22,22,12,13,25,9,5,12,13,30,16,14,19,14,15,21,26,21,10,18,22,14,33,9,11,29,8,21,15,-20,22,15,11,27,13,16,10,10,7,13,9,30,17,17,34,23,16,11,10,16,10,17,23,9,9,13,8,8,23,17,13,15,-20,18,29,14,138,12,27,24,25,17,30,19,36,25,39,15,10,22,28,21,27,17,30,9,20,24,44,29,20,17,17,21,22,42,25,44,14,28,20,33,24,22,18,21,20,18,12,16,8,7,6,8,23,9,30,21,17,29,19,11,11,25,25,26,26,14,25,16,10,24,38,21,17,14,23,20,24,9,5,25,22,27,23,21,14,20,28,22,10,31,9,16,6,7,12,5,-20,9,8,8,18,21,19,22,26,27,11,13,19,26,11,20,23,10,13,17,13,17,23,27,44,20,23,30,21,24,11,17,27,35,13,-20,18,23,20,8,9,15,10,18,14,25,19,12,13,8,13,8,14,10,7,5,9,19,10,33,10,26,-20,35,47,33,-20,12,12,21,25,30,9,-20,43,9,35,3,55,8,9,10,7,20,52,3,7,-20,26,33,11,10,7,36,4,17,35,5,12,39,6,5,8,20,-20,8,6,23,14,6,9,19,12,-20,4,33,6,-20,11,4,13,53,27,20,5,21,24,11,45,35,17,23,8,19,27,24,21,37,52,40,100,142,70,45,33,57,29,52
"chr2,10356806",-20,14,9,12,12,18,9,15,-20,11,12,12,12,22,4,13,38,10,101,77,61,11,75,33,68,30,28,22,31,22,18,22,25,21,95,47,40,35,13,3,18,30,28,20,26,47,12,58,12,26,52,37,40,33,20,18,77,36,30,26,34,29,36,27,31,19,37,56,67,23,46,37,27,36,34,61,12,15,10,14,14,14,10,16,11,33,31,56,47,12,16,20,25,29,16,18,26,59,12,49,41,40,10,14,29,57,14,20,16,11,24,6,42,43,15,5,43,16,6,7,18,13,12,-20,37,18,13,46,23,27,27,15,12,16,33,32,54,13,9,19,12,5,14,20,37,20,12,39,17,10,8,34,31,63,36,22,27,31,263,55,9,13,11,5,14,32,19,10,11,33,116,157,77,43,20,61,77,33,54,165,62,57,55,20,40,21,7,44,38,21,76,74,7,43,20,47,38,31,69,15,14,25,53,30,101,88,40,172,34,26,135,25,94,94,49,48,117,26,51,9,29,38,46,21,82,47,50,81,29,32,51,18,68,95,21,44,43,50,36,38,20,34,39,58,25,41,36,38,59,15,50,51,18,21,26,46,33,39,72,93,31,32,67,32,65,28,13,67,49,45,47,65,54,21,65,34,49,103,56,116,29,16,25,40,9,50,22,21,20,39,19,27,12,39,102,80,100,16,11,11,-20,7,20,4,20,42,31,11,39,60,37,45,38,64,10,24,28,27,31,203,14,43,18,17,28,22,26,44,13,25,25,25,17,18,51,35,22,29,56,32,20,31,30,31,26,23,7,40,28,11,31,20,9,35,27,20,16,16,66,-20,27,16,43,23,12,34,27,26,20,27,18,16,13,81,28,16,26,79,27,25,15,13,8,19,8,31,28,14,15,14,6,29,20,17,8,27,6,26,111,23,12,11,12,11,30,20,31,45,25,15,35,28,23,36,18,8,18,8,16,19,11,18,14,18,18,45,15,16,38,31,37,18,197,43,12,18,24,20,11,23,12,13,-20,21,25,18,14,28,23,15,98,10,9,19,31,20,18,31,14,20,8,9,24,10,10,17,15,9,27,16,13,16,24,13,36,17,20,31,57,44,36,12,11,19,7,30,27,28,18,30,19,18,18,3,27,8,13,32,22,15,9,22,-20,17,55,3,16,15,50,19,26,20,15,15,43,62,56,47,11,51,31,6,12,48,44,9,11,28,14,23,31,29,68,-20,29,11,14,38,12,3,41,63,121,5,17,15,29,46,39,62,69,24,29,5,13,17,19,34,35,18,14,34,63,47,12,20,26,21,133,12,25,40,28,44,35,9,15,82,24,25,27,45,50,26,26,26,48,93,6,43,11,18,34,14,22,15,21,17,8,21,13,52,49,28,29,18,15,53,14,17,12,20,32,22,44,31,32,28,6,13,10,59,43,15,64,25,58,34,35,-20,20,23,51,43,26,39,16,53,58,34,138,52,54,11,55,67,133,58,25,37,40,61,36,25,30,41,38,32,68,114,14,38,20,138,62,47,48,41,45,43,21,18,12,12,14,22,25,21,22,21,20,14,16,15,20,12,22,23,12,17,27,20,14,19,21,17,34,20,26,20,17,18,18,14,20,19,11,21,12,20,23,21,22,23,17,23,16,21,35,13,19,23,19,18,23,18,12,18,13,18,23,20,15,13,20,12,14,16,17,34,16,28,19,28,13,20,15,27,17,20,19,19,14,15,16,22,21,30,17,22,14,8,9,14,15,19,8,10,14,15,8,10,7,15,13,16,16,10,8,16,10,16,21,14,5,12,11,17,9,5,12,12,22,9,8,17,7,12,11,9,8,14,14,7,9,8,15,19,11,17,10,13,15,7,6,2,15,13,10,13,44,22,6,20,16,7,7,8,30,17,20,12,13,22,9,7,13,13,31,14,13,21,14,14,20,-20,18,11,18,23,15,34,11,10,28,8,21,14,-20,21,12,12,27,15,18,8,8,7,15,10,29,17,17,33,21,18,12,10,15,10,15,22,9,8,10,7,8,20,17,14,12,7,18,29,14,135,10,29,20,21,14,29,23,34,25,42,18,10,24,26,18,23,18,28,10,18,24,44,27,21,16,15,21,26,45,27,41,16,25,21,31,22,25,17,16,20,13,12,16,-20,7,7,8,25,9,28,19,18,29,19,12,8,27,20,25,24,14,21,18,11,26,34,22,18,13,24,19,26,7,6,20,27,29,24,20,12,22,26,20,12,29,9,17,-20,6,12,8,-20,8,9,9,18,23,17,27,24,28,10,14,22,25,12,18,24,13,13,18,12,17,22,28,46,19,22,31,18,27,11,20,27,37,14,12,18,21,20,7,6,19,11,23,13,22,19,12,19,8,13,10,15,8,6,5,8,16,11,30,10,32,6,34,51,33,6,13,12,19,24,29,8,4,49,9,37,6,63,10,15,10,9,18,59,7,8,5,24,34,9,11,5,42,9,22,37,10,-20,43,9,8,6,17,12,7,7,26,22,6,11,23,12,-20,-20,33,4,-20,16,6,11,53,28,22,8,24,22,10,47,29,13,19,8,22,28,22,23,43,57,43,105,143,85,48,30,64,31,50
"chr2,10356811",5,13,11,11,12,19,10,16,13,11,13,12,12,22,4,13,36,11,100,77,64,9,74,31,72,29,32,23,32,20,19,22,25,21,95,45,43,34,14,4,17,28,32,19,25,46,12,55,12,24,50,34,40,32,19,19,74,35,26,26,32,30,37,28,33,18,38,57,70,19,43,37,26,39,30,58,11,18,10,16,16,12,10,16,10,31,33,55,44,10,15,20,25,29,18,19,27,54,12,49,39,39,9,15,25,56,13,19,14,12,26,9,39,44,16,6,41,18,6,7,18,15,14,-20,38,18,14,44,26,31,27,15,12,17,33,30,52,14,12,20,13,5,13,22,37,19,11,36,17,10,8,34,34,64,37,21,26,36,257,55,10,13,13,5,15,31,19,10,11,38,113,153,74,39,22,55,76,30,55,157,56,56,62,19,42,24,6,41,37,22,74,71,7,43,21,46,38,29,61,11,15,24,50,31,102,86,37,175,34,23,128,23,96,89,46,48,120,26,55,7,29,34,42,20,84,46,47,85,28,31,48,19,68,93,20,41,43,47,36,38,22,33,37,58,25,41,36,37,60,16,48,48,16,22,25,43,29,41,66,72,38,31,65,31,65,28,13,74,50,48,43,70,54,23,74,33,50,100,55,120,27,17,25,39,9,50,25,19,19,32,20,26,19,40,108,79,94,15,11,12,19,8,22,6,20,40,33,11,40,58,38,49,37,64,10,25,28,28,31,203,15,46,15,19,29,21,25,46,13,24,23,24,17,18,53,36,23,29,52,33,21,29,30,30,25,22,7,42,29,-20,32,20,8,35,28,21,19,16,63,19,26,17,45,20,12,34,26,26,22,27,19,16,15,79,27,16,28,81,27,24,17,15,8,20,8,35,28,11,15,15,7,28,21,18,8,28,6,27,110,25,13,11,12,10,28,20,31,46,26,15,39,29,22,32,19,8,18,-20,16,18,10,19,14,19,16,41,16,14,38,31,36,19,191,45,12,19,24,22,12,23,14,14,10,22,24,20,14,28,21,15,97,10,9,17,31,20,18,35,15,22,7,11,24,12,6,17,15,10,27,18,13,15,24,13,37,19,20,29,54,43,37,12,11,19,7,28,29,28,20,32,19,18,18,-20,33,9,15,33,21,15,11,24,-20,18,57,5,17,16,49,21,28,20,15,16,43,63,58,48,10,50,29,6,13,49,44,9,15,27,14,22,31,27,73,10,26,11,12,42,15,3,35,54,124,5,17,16,37,43,38,57,73,25,28,4,13,14,15,32,35,19,16,32,60,47,12,22,26,23,133,12,22,37,28,43,37,9,14,80,26,23,27,43,49,24,27,26,50,96,7,42,10,18,35,-20,25,16,24,17,8,20,13,52,49,28,28,17,17,51,15,19,12,24,30,20,45,30,33,26,5,12,10,61,40,17,61,22,56,36,33,10,20,21,48,42,28,38,13,55,60,36,132,53,56,12,56,67,127,58,25,34,41,60,38,26,28,45,35,31,62,109,13,33,25,146,63,45,48,45,41,40,22,19,14,13,14,24,27,24,23,21,21,15,18,15,22,14,22,23,13,16,29,20,12,20,20,16,33,24,24,22,19,18,20,15,20,18,11,23,12,19,24,21,22,26,17,24,18,21,39,15,19,23,22,19,25,16,12,20,13,17,23,20,17,13,19,13,15,15,23,35,19,27,22,29,14,19,14,32,17,21,21,19,13,16,17,21,20,29,17,22,13,8,9,14,16,18,11,9,16,14,8,10,8,16,15,16,16,10,8,17,10,14,23,14,6,14,13,19,9,5,16,14,22,10,9,14,8,10,10,9,10,15,14,7,9,8,14,18,16,19,11,13,15,7,6,2,15,14,10,15,42,21,8,20,17,8,7,8,31,18,21,12,14,23,8,6,14,12,31,14,13,22,14,14,21,27,16,11,22,23,15,34,12,13,27,8,20,15,-20,21,13,12,26,15,19,10,8,8,14,10,30,16,18,33,21,18,13,11,15,9,17,23,9,8,11,7,8,22,17,10,13,7,18,31,14,141,12,33,22,22,14,32,24,37,26,41,20,11,24,26,18,21,19,29,11,19,23,45,28,21,16,15,23,25,48,27,40,16,26,20,30,23,26,17,15,20,14,14,17,8,7,7,7,28,9,29,22,17,29,19,13,9,27,21,27,26,15,-20,18,11,27,30,22,20,14,23,19,28,8,5,23,29,30,23,22,13,21,26,21,13,29,-20,18,5,6,12,10,-20,9,9,9,19,23,17,25,26,29,11,15,22,24,12,19,24,15,12,21,12,19,24,27,49,23,24,32,20,32,11,20,26,40,12,12,19,22,19,6,10,20,12,24,13,21,17,14,19,10,14,10,16,10,6,5,8,11,11,32,11,34,7,31,48,32,5,15,11,20,22,27,9,4,54,-20,33,6,63,10,15,10,7,20,59,10,8,6,27,37,7,11,8,42,9,20,40,8,11,42,13,6,3,13,15,5,8,23,19,4,14,22,11,-20,-20,31,6,-20,14,8,11,52,29,25,8,20,25,7,45,29,14,16,6,21,27,20,26,43,52,42,111,165,88,47,28,65,32,45
"chr2,10356812",5,12,12,12,12,18,10,16,13,11,13,12,12,23,3,12,34,11,96,77,61,10,74,31,70,28,32,23,31,20,20,22,24,20,91,43,42,34,14,4,18,27,32,19,25,46,12,54,12,26,53,35,39,32,18,18,74,35,25,27,32,30,37,28,32,19,38,56,68,19,43,38,24,40,30,59,11,18,10,16,17,12,10,16,10,29,33,54,44,10,15,19,25,29,19,19,26,57,12,49,39,39,8,14,24,53,13,19,14,12,26,9,40,43,16,6,41,18,6,7,18,14,14,-20,38,17,13,42,26,31,27,14,12,16,33,30,51,14,12,19,13,5,13,22,36,18,11,36,17,9,8,31,35,62,37,20,24,36,257,55,9,13,12,5,13,30,19,10,11,38,115,149,72,40,21,53,76,30,53,165,55,56,61,18,42,24,6,43,35,22,74,74,7,43,21,46,37,29,63,12,15,23,49,33,96,86,37,171,34,23,124,22,95,89,46,51,124,23,54,7,29,34,42,19,84,42,48,85,28,30,47,20,65,94,21,41,43,46,35,37,22,33,35,50,26,41,36,35,61,16,48,47,15,22,25,42,29,42,65,71,38,32,65,31,63,28,13,74,50,48,46,73,55,23,73,32,52,98,54,119,27,17,23,40,9,49,25,19,19,31,21,26,18,39,106,86,92,16,10,12,19,8,20,6,20,41,34,11,41,58,39,48,36,65,10,25,28,28,32,202,15,47,15,19,28,20,25,44,12,22,24,22,17,18,53,34,23,29,49,33,21,29,30,30,25,22,7,42,29,11,29,20,8,34,28,21,19,15,64,20,27,17,45,20,12,32,26,25,22,27,19,16,15,80,27,16,27,79,27,20,16,15,8,20,9,35,28,11,14,15,5,28,21,18,8,29,6,28,110,25,13,11,11,10,28,-20,31,46,26,14,39,29,23,32,19,8,18,-20,16,18,9,19,14,20,16,41,16,15,39,32,36,20,196,47,12,17,24,22,11,22,14,14,10,22,24,20,14,28,21,15,96,10,8,17,30,20,18,35,15,21,7,11,24,11,6,17,15,10,26,18,13,15,24,13,37,19,20,31,56,42,38,12,11,19,7,29,28,28,20,34,19,18,18,-20,33,9,15,32,22,14,12,24,-20,18,54,5,19,16,49,21,26,19,14,-20,42,65,59,48,11,49,27,6,13,48,42,9,13,27,14,22,32,26,73,13,26,11,12,42,15,3,34,54,123,5,17,15,37,43,39,57,71,24,27,4,13,14,15,32,36,19,16,-20,55,47,12,22,26,23,132,12,22,39,28,44,37,8,14,80,25,22,27,43,50,24,26,26,49,100,7,40,12,19,36,13,26,16,23,18,8,22,13,53,48,27,27,17,16,50,14,19,12,23,30,21,45,30,32,25,5,12,10,62,40,18,61,21,53,37,33,11,21,22,45,43,27,38,11,57,60,36,136,52,57,13,56,66,128,53,25,33,39,61,40,26,30,46,35,30,61,108,13,33,25,141,63,45,48,45,41,40,22,19,14,13,13,24,26,23,23,21,21,15,18,13,22,14,22,23,13,16,30,19,12,20,21,16,32,23,24,21,19,18,19,15,20,18,11,23,12,18,24,21,21,25,17,24,17,21,38,15,18,23,22,18,25,17,11,20,14,17,22,20,17,13,18,13,15,16,23,35,19,27,21,29,14,20,11,32,16,21,22,19,13,16,16,21,19,28,17,21,13,8,9,14,16,18,11,9,15,13,8,10,8,16,15,16,16,10,8,16,10,14,23,14,6,14,13,19,9,5,16,14,21,10,8,14,8,10,10,6,10,15,13,7,9,7,14,17,15,19,11,13,15,7,6,2,14,14,9,15,42,21,8,20,16,5,7,8,31,18,20,11,13,23,8,6,14,12,31,14,13,21,14,14,21,26,15,10,22,22,15,34,12,13,27,8,20,14,-20,21,13,12,25,15,18,9,8,8,14,10,30,16,18,32,21,18,13,11,15,9,17,21,9,8,11,7,8,22,17,9,13,7,18,31,14,140,13,33,22,21,14,31,24,37,26,41,20,11,24,25,18,21,19,29,10,19,23,43,28,20,15,14,23,24,46,28,40,15,24,19,29,23,26,17,15,19,14,14,17,8,-20,7,7,27,9,29,22,16,29,19,13,9,27,21,26,23,15,19,18,11,27,30,22,21,14,22,19,27,8,5,21,29,29,22,21,13,20,26,21,12,29,9,18,5,6,12,10,-20,9,9,9,19,22,17,25,26,29,11,15,21,23,12,19,23,15,11,20,12,19,24,27,49,21,24,32,20,32,11,20,25,39,11,11,18,22,19,6,10,20,12,24,13,21,17,14,19,10,14,10,16,10,6,5,8,11,11,32,11,30,6,29,50,29,5,11,10,19,22,28,-20,5,47,11,33,6,59,9,10,9,6,20,54,-20,7,6,31,34,8,11,-20,43,9,20,41,8,12,42,12,6,3,15,16,6,8,23,22,4,14,22,9,-20,-20,34,5,-20,15,8,12,47,29,22,9,21,25,8,45,30,14,17,6,21,27,20,26,45,54,42,110,174,86,45,28,63,32,45
"chr2,10356813",5,12,12,12,12,18,10,17,12,11,13,12,13,22,3,11,34,11,96,77,64,10,76,31,69,30,33,23,31,19,20,22,24,19,89,44,43,35,14,4,18,25,34,20,27,47,12,54,12,26,53,35,40,32,19,19,74,34,25,27,30,29,37,28,31,21,37,56,66,19,43,37,24,38,29,57,10,17,10,16,17,11,10,16,10,29,34,54,43,10,15,19,24,29,19,19,27,55,12,48,40,40,8,14,24,53,13,19,14,13,26,9,40,43,15,7,40,18,6,7,18,14,14,-20,40,17,13,44,26,30,27,14,12,15,33,31,52,14,12,18,13,5,13,22,35,17,11,37,16,9,7,31,35,61,36,21,24,36,266,55,9,14,12,5,13,31,19,9,10,38,115,151,72,41,23,53,75,30,52,162,53,56,63,19,42,24,6,44,34,22,74,71,7,42,21,47,38,31,65,12,13,22,50,32,99,85,37,173,33,23,125,22,94,85,46,53,125,23,52,7,31,36,42,20,84,42,47,85,29,30,48,20,65,95,21,40,45,46,35,36,22,31,35,52,25,41,33,34,61,16,43,47,17,22,25,43,32,42,65,71,40,35,60,30,60,29,13,74,48,48,48,73,60,23,74,33,50,96,55,116,27,17,23,39,9,49,24,18,18,31,21,24,18,40,113,81,88,15,11,12,19,8,19,6,19,40,34,11,41,56,40,48,36,66,10,24,29,27,33,205,15,46,14,19,29,20,23,41,14,23,24,23,19,19,53,34,24,28,48,33,20,29,31,30,25,21,6,42,28,10,31,21,8,34,29,20,19,14,64,20,26,17,45,18,11,36,28,25,22,29,19,16,15,80,28,16,28,80,27,22,17,15,8,19,10,36,29,12,15,15,5,28,21,18,-20,29,6,27,106,24,13,12,9,10,28,20,31,47,26,15,40,29,22,32,19,8,18,-20,16,18,9,19,15,20,16,39,17,15,39,33,38,20,196,48,12,17,24,21,10,23,14,13,11,23,24,21,15,29,21,18,94,10,8,18,30,20,17,36,15,20,7,11,24,11,6,17,15,10,27,16,12,15,23,12,37,20,20,31,59,44,37,12,11,19,7,30,28,28,22,32,20,19,18,-20,33,11,15,32,23,15,14,24,-20,18,56,6,19,16,50,21,27,-20,15,15,43,64,60,48,10,50,29,6,12,47,41,7,13,28,14,22,31,27,74,-20,26,12,12,39,15,-20,35,53,123,5,17,14,37,43,39,54,70,24,27,4,13,14,15,33,37,20,16,32,55,48,13,22,26,22,133,12,23,40,28,45,37,8,13,81,24,23,27,42,50,24,26,25,49,103,7,39,-20,19,36,13,26,16,24,18,8,22,14,54,46,28,30,17,17,55,13,21,12,20,31,20,45,31,32,25,5,12,10,65,40,19,62,22,53,37,32,-20,22,22,44,41,26,41,11,58,61,36,139,51,58,12,60,66,129,52,24,33,41,61,39,28,35,45,34,30,63,97,12,32,25,144,64,44,45,44,40,40,24,19,15,13,13,24,27,22,23,20,19,14,16,14,20,14,23,23,14,16,30,19,12,17,21,15,32,23,25,18,19,18,20,12,21,18,11,22,12,19,23,21,21,26,17,21,17,20,36,15,18,23,23,18,25,17,13,20,14,17,22,20,17,13,18,13,16,16,23,36,19,27,21,29,14,20,12,29,16,20,23,19,13,16,16,21,18,28,18,21,13,8,10,13,16,18,11,10,15,12,8,10,8,15,15,16,16,11,8,15,10,12,22,14,6,14,13,18,9,5,15,14,21,10,9,14,8,10,10,6,10,14,13,7,10,7,14,17,16,18,12,13,14,7,5,2,15,15,11,15,41,21,8,20,14,5,7,7,32,19,19,13,13,23,7,6,12,11,30,12,13,21,14,14,21,22,15,10,21,21,15,32,12,13,26,8,20,14,-20,21,12,12,27,15,19,9,8,8,14,10,27,14,18,33,20,17,13,12,15,9,17,-20,9,8,11,7,8,22,17,9,13,8,18,33,13,142,12,32,22,21,14,31,25,37,25,39,20,10,23,24,18,21,19,29,10,19,23,43,28,20,15,14,22,23,47,28,37,15,21,20,28,25,26,17,14,19,14,14,17,8,7,6,7,28,9,30,21,15,28,19,13,9,27,22,26,23,14,18,18,11,27,30,21,22,12,21,19,27,8,5,22,29,28,23,20,13,21,24,20,12,29,9,18,5,6,12,12,-20,9,9,8,19,21,16,26,25,30,11,15,20,23,13,18,22,15,11,18,12,19,24,26,46,21,25,32,21,31,11,21,25,38,12,10,18,22,19,6,10,19,13,24,13,21,17,14,20,10,14,9,16,10,6,5,8,11,11,29,11,29,6,28,52,29,6,13,13,19,22,28,12,5,51,11,33,-20,62,9,11,12,8,20,56,9,-20,6,30,34,8,10,9,44,10,19,44,8,12,43,13,-20,2,14,15,7,7,24,20,4,13,24,11,-20,-20,34,6,-20,13,8,11,51,28,25,9,20,23,8,42,30,14,17,6,21,26,20,27,45,54,42,115,174,86,46,28,65,33,44
"chr2,10356815",5,12,11,11,12,17,9,-20,12,11,13,10,13,21,3,9,33,11,98,74,62,10,73,29,66,31,32,23,31,20,19,21,24,19,88,45,44,34,14,4,18,23,34,21,32,48,12,52,12,26,52,34,38,30,19,20,73,31,23,27,32,30,37,27,29,21,34,53,67,19,40,37,24,38,29,55,-20,17,10,16,17,11,12,15,9,29,32,58,44,10,14,20,24,29,20,18,-20,54,12,46,38,41,8,14,23,50,11,19,14,13,25,9,38,40,15,7,39,18,6,8,17,14,14,-20,37,16,13,45,27,31,25,14,11,15,33,29,54,15,11,18,14,6,13,21,38,16,11,38,16,9,7,34,35,59,38,21,25,36,267,63,9,14,12,5,13,31,19,9,10,39,114,152,77,43,22,52,74,29,50,162,52,53,59,19,43,24,6,45,33,22,74,68,7,42,20,45,38,31,65,12,13,24,47,34,95,81,39,173,36,20,127,23,93,77,46,54,130,24,48,7,31,35,42,19,86,42,45,85,-20,30,48,19,67,87,23,40,43,45,36,36,23,32,34,53,23,41,31,35,58,-20,44,50,17,20,25,40,32,40,61,69,40,39,61,30,59,30,13,74,47,45,51,73,60,-20,66,30,51,96,54,114,29,17,20,41,9,51,24,18,18,29,20,22,18,42,119,82,89,14,11,11,19,-20,20,6,19,43,34,11,41,56,41,46,33,61,10,25,25,27,33,202,15,47,14,20,35,19,23,33,14,23,23,22,19,19,51,35,22,27,48,32,18,29,33,31,25,21,6,41,28,10,30,22,8,33,28,20,19,14,-20,20,26,17,46,19,10,36,23,23,20,28,19,15,15,81,27,16,26,79,27,19,18,12,8,18,11,35,30,14,15,15,5,30,20,17,-20,28,6,27,104,25,13,12,8,11,27,19,30,47,27,16,41,28,21,32,18,8,18,8,17,18,9,18,16,19,16,39,18,15,39,33,39,21,195,48,12,18,24,20,10,22,13,13,10,23,25,21,15,31,20,16,96,10,8,18,29,20,17,35,16,20,7,11,24,12,6,17,13,10,28,16,12,15,22,13,37,20,21,29,58,43,38,11,11,19,7,31,29,28,21,32,20,19,18,4,32,10,15,33,23,14,14,23,-20,19,55,6,18,16,47,20,28,18,13,13,44,62,59,49,11,48,30,7,12,46,38,7,13,28,14,22,28,27,73,13,25,11,13,40,15,3,37,50,122,4,17,15,38,42,37,50,72,24,25,5,12,12,15,33,34,21,16,30,57,47,12,24,23,21,132,11,21,39,28,45,35,9,13,83,24,19,28,46,49,25,26,24,47,104,7,39,12,19,37,13,24,16,23,17,8,24,14,53,46,28,30,17,17,54,13,21,12,20,30,18,44,31,31,25,5,12,10,58,38,-20,59,21,53,37,28,-20,20,22,44,41,20,39,11,58,62,35,137,48,59,12,56,67,130,51,25,32,38,63,40,27,34,46,34,30,63,90,11,36,25,148,62,43,45,44,39,41,24,18,15,13,12,22,26,21,22,21,19,14,17,13,21,15,23,22,14,18,28,-20,12,17,22,15,30,23,23,19,18,18,20,12,22,17,11,22,12,-20,22,21,21,26,-20,22,16,21,37,14,17,24,23,-20,25,17,12,19,14,17,22,19,18,13,16,14,16,16,23,36,19,27,20,28,13,19,12,29,15,19,20,18,13,16,16,21,18,28,18,22,13,8,10,12,15,19,11,11,15,12,8,10,8,16,13,16,15,10,-20,15,10,12,22,15,7,14,13,18,9,4,15,15,20,10,9,13,8,10,10,6,10,13,12,7,10,7,13,17,16,18,12,13,14,6,6,-20,14,14,12,15,40,19,7,20,15,5,7,7,30,21,20,12,13,23,7,6,11,11,30,12,13,21,14,14,21,22,15,10,21,21,15,31,12,13,28,8,20,14,-20,21,11,12,28,15,19,9,8,8,14,10,27,14,18,32,20,17,13,12,15,9,17,19,-20,8,11,7,7,22,17,9,13,9,19,31,13,141,13,31,19,21,13,30,25,34,25,39,20,10,23,24,18,21,21,28,10,19,23,44,29,21,16,14,24,23,49,28,38,16,22,19,27,25,25,15,14,19,14,16,16,10,7,7,7,25,9,30,19,14,28,18,14,-20,26,22,27,23,13,16,18,11,27,30,20,21,14,20,19,28,8,5,22,30,27,22,20,11,21,23,19,11,29,-20,18,5,6,12,12,-20,9,9,8,19,21,16,27,27,30,11,14,19,21,14,17,22,-20,11,18,13,19,21,27,47,21,25,33,21,30,11,20,25,35,11,11,17,22,19,7,10,18,13,24,13,21,17,14,20,9,14,8,16,10,6,5,7,11,11,31,9,30,5,28,45,26,6,10,12,17,20,25,10,5,38,9,32,6,59,7,13,7,8,19,51,10,8,-20,28,33,6,10,7,41,11,17,36,8,10,37,13,5,4,13,17,7,5,19,19,4,15,22,9,-20,-20,30,7,-20,12,7,11,42,30,22,8,20,25,8,43,30,14,17,5,21,26,21,26,46,55,41,103,161,83,44,28,62,34,44
"chr2,10356816",4,12,11,11,13,17,9,17,13,11,13,9,13,21,3,9,34,11,99,74,62,10,74,31,68,31,35,23,30,20,19,21,24,19,88,47,40,35,14,4,18,23,32,19,31,50,11,52,12,25,55,34,38,30,18,21,71,33,24,25,32,31,36,26,29,21,34,55,67,20,44,36,24,40,29,55,9,17,10,16,17,11,12,15,9,29,32,56,44,10,14,20,24,28,20,18,27,55,12,41,40,41,8,16,21,51,10,18,14,13,25,9,36,40,15,7,37,18,7,8,17,14,14,-20,40,17,13,46,27,31,26,14,11,15,33,32,54,15,11,19,14,6,14,21,38,16,13,37,16,9,8,34,36,59,38,21,25,36,265,66,9,15,12,4,13,31,19,9,10,39,114,153,77,43,23,51,74,30,48,172,53,52,60,20,42,24,6,47,33,21,74,72,7,42,20,47,39,31,64,12,12,25,49,33,95,78,40,181,38,21,127,23,94,74,45,54,131,26,47,7,30,35,43,20,85,41,46,88,25,30,50,20,68,87,25,40,41,44,38,38,23,31,36,49,24,41,31,36,59,14,46,49,16,22,24,41,31,39,56,67,37,39,61,31,60,28,13,72,46,47,52,75,59,21,65,30,50,97,56,113,29,17,20,41,9,51,21,17,19,29,20,23,20,41,119,82,92,14,11,11,19,8,20,6,20,43,34,10,41,57,41,47,33,65,10,25,24,27,33,204,15,47,15,19,34,19,23,34,13,23,22,20,19,20,52,33,22,27,46,32,18,28,33,30,24,19,6,40,26,-20,30,22,8,35,29,20,19,14,60,20,26,16,45,19,10,36,25,23,19,28,19,15,15,78,28,16,27,78,27,19,18,12,8,18,10,36,30,14,15,15,5,30,20,17,8,29,6,27,104,25,13,10,8,11,28,19,31,45,27,16,41,30,21,33,18,8,18,-20,17,18,9,18,16,19,16,41,21,15,40,34,39,21,196,45,12,18,25,20,10,21,13,13,8,23,24,21,13,30,19,19,95,8,8,17,29,20,18,36,16,20,7,11,24,11,6,16,13,10,27,16,12,15,22,13,37,20,21,31,59,45,38,10,12,18,8,31,28,28,21,32,20,19,18,4,32,9,15,33,23,15,15,23,-20,19,55,6,19,16,47,22,28,17,13,13,44,61,61,49,11,47,28,7,12,48,41,7,14,28,15,23,28,27,73,13,28,13,11,39,15,3,37,50,122,4,17,15,38,42,39,50,72,24,23,6,12,13,13,36,35,20,15,31,58,48,13,24,25,22,128,12,21,40,29,44,35,9,13,83,24,20,27,45,48,24,23,23,50,106,7,43,13,19,37,13,24,16,24,18,8,23,13,56,46,29,30,17,17,55,15,21,12,23,32,17,44,31,31,25,5,12,10,59,36,17,60,21,53,36,30,-20,22,22,41,41,20,39,12,56,63,36,138,52,60,12,54,66,129,52,23,32,38,61,41,27,34,43,34,30,65,90,10,37,25,144,63,44,45,45,40,39,23,21,15,11,12,24,26,22,23,22,21,16,17,14,22,15,23,22,14,18,30,19,12,18,23,15,30,25,23,19,19,17,20,12,22,16,11,22,12,19,23,21,21,25,18,22,17,21,38,14,17,24,24,18,25,17,13,19,14,18,22,21,18,14,16,14,15,16,22,36,19,26,21,29,13,21,14,30,15,19,23,18,14,16,15,21,18,29,17,22,15,8,10,13,15,19,11,11,15,12,7,10,8,16,13,16,15,11,9,15,10,11,22,15,7,14,15,18,9,4,15,15,22,11,9,13,8,10,10,6,11,13,13,7,10,9,13,17,16,18,12,13,14,6,6,3,15,14,12,15,40,19,7,20,14,5,7,7,29,22,20,12,13,23,7,6,12,11,30,12,13,22,15,14,19,22,16,10,23,22,15,31,14,13,27,8,20,14,-20,21,12,12,28,16,19,10,8,9,13,10,27,14,19,32,21,17,13,14,15,9,17,19,10,8,11,7,8,21,17,9,13,8,19,30,14,142,12,33,21,21,13,31,26,36,26,39,21,10,24,24,18,21,21,28,11,19,25,44,29,21,16,13,24,25,49,28,38,16,24,19,29,25,26,16,15,19,15,17,16,10,7,7,7,26,9,30,19,17,28,18,14,9,27,22,27,23,13,17,19,11,27,30,20,21,13,21,19,28,9,5,22,30,27,22,19,12,21,24,20,11,29,9,18,5,8,11,12,-20,11,9,-20,19,21,15,27,27,30,11,14,20,23,14,18,23,15,11,18,13,19,22,26,50,20,25,33,21,31,12,21,26,33,11,12,19,22,19,7,11,20,13,26,13,21,17,14,20,9,14,8,15,10,6,5,7,12,11,32,9,32,5,28,49,31,6,12,12,21,20,25,12,5,46,9,37,6,62,10,14,8,6,19,51,10,8,5,30,34,8,11,9,45,10,20,40,8,11,38,13,5,4,15,17,7,9,25,21,-20,14,22,9,-20,-20,29,6,-20,13,8,14,51,30,25,-20,23,23,9,45,30,14,17,5,20,26,20,27,46,55,41,104,162,84,44,28,64,32,45
"chr2,10356819",4,12,11,11,12,18,7,16,13,11,13,9,13,22,3,9,32,12,101,73,60,10,74,28,67,30,35,22,30,19,17,21,25,18,88,46,36,34,15,4,18,25,32,19,31,49,10,49,13,23,63,33,35,28,20,22,71,31,23,27,32,32,33,29,32,23,34,58,69,20,45,39,20,40,28,56,9,16,10,16,18,11,12,13,9,27,32,56,45,9,13,20,24,27,19,19,26,54,12,43,36,39,8,16,23,51,10,19,14,13,25,9,37,40,15,9,35,18,7,8,16,14,13,-20,38,17,12,45,27,31,30,14,11,15,30,32,54,15,11,19,13,6,14,21,38,14,13,37,16,10,8,33,37,65,38,20,26,36,258,72,9,14,10,5,13,31,18,9,10,47,113,152,86,42,20,52,75,30,50,164,53,54,64,19,42,24,6,55,32,25,77,64,7,40,20,49,40,31,63,14,14,25,45,37,97,80,40,169,43,18,127,23,91,74,49,53,131,29,44,7,31,37,41,21,83,42,47,86,25,28,50,19,65,91,26,38,43,47,40,38,25,27,41,47,23,42,32,40,67,14,43,49,15,22,24,45,34,41,57,70,40,41,61,30,59,29,11,70,49,47,53,74,60,21,66,29,51,98,56,113,30,17,21,39,9,52,26,17,18,27,20,22,20,44,113,84,91,14,11,11,19,8,20,6,22,43,32,11,41,56,43,47,31,-20,11,26,23,27,30,204,15,46,15,20,36,20,25,35,11,21,22,21,18,20,51,33,23,24,44,32,19,29,32,31,24,17,5,42,26,9,26,23,8,32,30,19,18,12,57,19,26,17,42,17,10,38,24,22,19,27,20,16,16,78,26,18,26,75,27,20,19,13,8,21,10,37,30,14,15,16,5,31,20,17,8,28,5,25,109,24,13,10,7,12,29,19,32,43,27,18,42,27,22,31,15,8,17,-20,18,19,10,20,14,19,16,40,20,17,41,35,38,23,196,47,11,18,26,21,10,21,13,13,8,24,24,21,13,30,20,20,99,7,8,17,30,19,18,36,17,18,7,12,22,13,7,15,13,10,27,15,12,14,22,13,37,21,21,32,61,43,37,9,11,17,7,31,26,29,20,30,21,20,18,4,31,9,14,35,23,15,16,22,-20,19,56,6,21,16,48,21,30,17,10,14,44,62,60,48,11,48,26,7,12,48,40,7,14,27,16,24,30,27,74,13,29,13,-20,40,16,3,40,56,124,-20,18,16,41,43,37,48,75,24,33,6,13,13,13,38,38,20,16,32,58,46,13,24,23,22,128,12,23,41,29,44,35,9,13,84,23,20,27,49,49,23,21,24,52,105,7,40,13,19,36,12,25,16,24,18,7,21,11,53,44,29,31,16,16,55,14,21,11,23,31,17,43,30,28,25,5,12,9,58,41,16,58,20,53,36,30,9,23,24,41,38,20,41,12,56,60,34,141,54,62,12,53,65,130,53,25,35,37,59,41,28,35,46,38,30,58,90,9,35,23,145,63,45,44,44,40,37,22,21,14,12,12,24,26,21,24,22,20,16,16,13,22,15,23,22,14,18,29,18,12,18,23,14,27,25,21,19,19,17,18,11,22,15,11,22,12,18,22,21,21,25,18,20,17,20,38,14,18,22,24,17,25,16,13,19,14,18,22,21,16,14,16,13,15,16,22,36,19,25,21,30,13,21,14,28,15,19,22,18,12,16,15,22,16,29,18,22,15,-20,10,13,14,19,11,11,15,11,7,10,9,15,12,14,14,11,9,15,10,11,22,13,7,14,15,18,9,4,15,16,20,11,9,12,8,9,9,6,11,13,13,7,10,9,12,15,16,18,11,13,14,6,6,3,14,14,12,14,40,19,7,18,13,5,8,7,29,22,22,12,12,23,6,4,11,11,30,13,13,22,14,14,17,22,15,9,21,20,15,31,14,13,27,8,20,14,-20,21,13,12,28,15,17,10,8,9,13,10,27,14,18,30,21,17,13,14,15,9,16,16,9,8,11,7,8,21,17,8,12,9,19,30,14,145,13,33,23,20,13,31,26,35,26,38,21,10,24,24,17,19,20,28,11,19,25,43,30,21,14,14,24,26,48,27,38,17,24,17,29,25,24,14,16,19,15,16,16,10,7,7,7,26,9,29,19,17,26,17,14,9,25,22,28,23,13,17,19,11,28,30,20,21,14,20,18,29,8,5,20,29,27,21,19,12,23,24,20,11,29,9,18,5,8,10,12,-20,11,8,8,19,21,16,28,25,28,11,13,20,23,14,18,23,15,11,18,11,19,20,26,49,22,25,-20,20,29,12,20,26,34,11,12,19,21,18,7,11,20,13,26,13,21,17,13,20,9,14,8,14,10,6,5,7,12,11,32,9,32,3,27,50,34,7,11,12,23,22,25,10,6,43,8,41,7,56,10,9,9,5,18,52,12,8,5,27,35,8,11,8,43,10,22,37,7,9,39,15,6,-20,14,17,9,10,22,18,4,11,21,11,-20,3,32,7,-20,12,-20,12,51,30,21,9,20,26,10,44,30,14,16,5,21,26,20,27,45,55,40,98,162,80,42,26,61,34,45
"chr2,10356821",4,10,11,11,13,19,7,14,13,10,13,9,12,21,4,9,37,12,105,72,59,8,70,27,66,29,36,21,32,19,18,22,25,21,86,49,38,35,15,5,18,24,33,20,31,49,10,51,13,24,64,31,33,26,20,22,68,29,22,23,32,32,32,31,32,25,32,57,67,19,44,39,21,41,30,57,10,16,10,17,18,12,12,13,9,27,32,57,45,9,14,20,25,27,20,21,27,54,12,43,38,40,8,15,24,49,10,19,14,13,26,9,36,40,14,8,35,19,-20,8,16,13,14,-20,37,16,12,45,27,31,29,14,11,16,32,33,53,14,11,18,14,7,13,20,36,13,14,38,16,12,7,34,37,67,40,20,27,35,257,70,9,14,11,5,13,31,19,9,10,47,118,148,90,42,22,49,73,30,51,164,51,55,62,18,42,29,6,53,32,25,77,61,7,39,21,48,41,28,62,14,14,26,42,38,92,78,39,169,43,18,131,25,88,75,47,53,137,31,46,7,31,36,41,21,82,41,46,87,26,27,49,18,66,96,23,40,41,46,38,37,25,28,39,46,23,42,31,37,63,15,38,44,15,22,25,43,34,42,49,68,39,38,62,29,68,29,11,67,49,48,52,74,59,21,71,31,49,95,57,108,30,17,23,39,9,54,25,19,19,27,20,24,18,44,112,89,89,15,11,11,19,8,21,6,22,44,32,11,39,52,45,47,29,62,11,26,27,29,31,203,15,47,15,20,35,19,28,35,11,22,21,-20,18,19,51,33,22,24,44,33,18,31,32,31,23,18,5,42,25,-20,25,21,8,34,31,19,17,12,57,18,25,17,42,18,11,38,23,22,17,27,20,16,14,76,26,18,27,73,27,19,19,13,8,19,10,37,30,13,15,18,5,31,20,17,7,27,5,26,107,24,13,10,7,9,29,19,31,44,25,20,43,27,22,32,15,8,16,8,18,20,10,20,13,17,16,40,20,17,38,34,35,23,195,46,11,17,26,21,11,20,13,13,8,26,24,19,12,29,18,20,97,6,8,17,29,19,18,36,17,17,8,11,22,12,8,14,13,10,28,15,12,14,23,13,36,22,21,32,61,44,36,10,10,17,6,31,24,29,20,29,24,20,18,4,30,9,14,35,23,15,14,22,-20,19,57,7,20,15,47,21,29,17,9,14,42,61,57,49,11,48,27,8,14,49,39,6,14,24,16,24,28,26,77,12,31,13,9,42,15,3,37,57,124,4,19,16,42,44,41,48,76,28,31,6,14,13,14,39,37,19,15,30,58,46,13,24,23,22,129,12,23,41,29,45,34,9,13,84,25,22,26,49,49,23,22,23,50,110,6,41,-20,19,35,12,27,16,24,18,7,24,11,56,43,28,31,18,17,57,15,21,11,22,28,16,44,33,27,28,5,11,13,56,40,17,57,21,54,36,31,9,22,24,39,38,23,41,12,56,59,33,140,53,60,12,59,61,133,58,26,35,37,58,39,28,32,42,41,30,59,89,9,34,24,140,63,44,45,43,40,37,22,22,15,14,12,24,23,21,26,22,20,17,15,16,22,16,23,22,14,19,29,19,11,18,23,15,26,25,20,19,19,17,18,12,23,15,11,22,12,19,23,20,23,25,18,20,18,19,37,14,18,22,24,17,25,16,13,19,14,18,22,21,16,15,16,13,15,16,22,36,20,25,21,32,13,21,12,27,14,20,22,18,12,15,15,22,18,28,16,22,15,8,10,12,14,19,11,11,15,10,7,10,10,15,12,15,14,12,8,14,10,10,22,12,7,15,14,18,10,6,15,14,20,12,8,11,8,9,8,6,11,13,13,7,10,8,13,15,17,20,12,14,13,6,6,-20,15,14,12,14,40,18,7,19,14,5,7,8,27,22,24,12,12,23,5,4,12,11,28,13,13,22,14,14,18,22,15,10,21,20,16,31,14,14,26,9,20,14,-20,23,13,12,28,14,18,11,8,10,16,11,26,14,18,28,21,17,13,15,16,11,16,15,9,9,12,7,10,21,18,7,13,9,16,31,14,146,14,33,24,20,14,32,26,34,26,38,21,10,23,23,18,19,20,29,11,19,25,47,28,20,14,14,23,26,48,29,41,18,23,17,29,26,24,14,16,19,14,16,18,10,7,6,7,27,9,28,18,16,25,15,14,9,25,22,30,22,13,17,19,12,28,30,21,23,14,20,18,29,6,5,18,30,28,21,19,11,22,23,22,11,29,9,18,5,8,11,12,3,10,7,7,20,21,17,27,26,29,11,13,21,21,14,18,24,15,11,18,11,19,20,26,52,24,28,30,21,31,12,19,26,34,11,13,18,23,18,7,11,20,12,25,14,20,17,12,20,9,14,8,15,10,6,5,8,13,11,31,11,33,4,26,43,33,8,13,12,19,23,27,10,6,45,9,39,8,60,11,12,8,5,18,54,13,8,4,25,34,7,10,9,44,11,20,37,7,9,38,14,6,5,14,13,8,11,25,18,4,12,21,11,-20,3,35,7,2,14,8,9,55,31,22,8,20,29,10,44,30,14,15,5,21,26,20,28,44,55,42,95,162,79,41,27,59,34,47
"chr2,10356823",6,10,12,11,14,19,7,13,14,10,13,9,11,20,4,9,36,11,107,68,59,9,70,25,67,26,36,21,32,19,18,22,24,21,81,52,38,35,16,5,18,24,30,18,30,51,9,50,13,25,69,30,33,27,19,19,69,29,22,23,31,31,32,30,31,24,34,57,68,18,40,39,23,40,29,58,10,16,10,18,19,12,12,14,11,26,32,55,45,9,15,17,26,26,19,21,27,54,13,44,36,41,8,15,24,49,12,19,14,12,26,9,33,39,14,8,34,19,-20,8,16,13,14,-20,38,18,12,45,27,32,29,15,12,18,31,33,52,13,13,20,14,7,14,23,36,13,15,39,17,13,7,33,37,68,40,20,27,35,251,69,9,14,12,6,14,32,19,-20,11,48,117,149,90,42,20,48,73,31,48,168,51,53,60,18,36,23,6,51,31,25,76,61,8,38,21,47,38,27,68,14,14,26,47,39,95,74,38,170,42,18,133,25,94,77,49,53,133,32,44,7,29,38,43,21,80,43,45,87,27,28,50,19,63,96,22,41,39,46,38,37,26,29,37,43,22,40,36,35,62,15,37,46,15,22,25,42,33,43,54,68,43,37,62,27,69,30,11,69,49,48,52,75,59,19,72,29,48,95,57,116,27,19,23,38,9,53,24,19,19,27,20,24,18,44,114,90,87,16,10,11,18,8,21,6,22,45,31,11,39,50,44,49,29,60,10,26,26,29,30,197,14,46,15,20,38,19,27,33,11,21,22,-20,17,18,51,33,23,24,46,33,19,31,32,32,22,18,6,43,25,9,-20,21,8,33,31,22,16,13,51,18,26,17,42,20,12,38,21,22,19,27,21,15,14,77,25,18,25,73,25,19,19,13,9,20,11,36,29,11,15,14,5,31,21,14,7,25,5,26,101,23,13,10,7,9,30,18,32,44,27,19,43,27,22,32,17,8,16,8,19,20,10,20,13,17,16,40,22,17,37,34,35,23,194,45,13,16,24,21,11,19,13,13,-20,25,24,18,13,29,18,20,97,7,8,17,27,18,18,36,18,19,8,12,24,12,9,14,13,10,26,14,12,15,24,16,36,20,22,32,60,45,37,9,10,14,6,32,24,29,20,29,26,19,19,4,30,8,14,34,21,14,14,23,-20,20,57,7,20,15,45,20,31,18,9,13,42,58,57,51,11,47,27,8,14,48,42,6,14,26,17,29,28,26,74,10,31,13,9,41,13,3,39,59,125,4,18,16,43,43,41,53,79,27,34,7,15,12,15,39,37,19,14,31,56,45,13,24,23,22,126,12,23,42,27,46,31,9,13,115,23,21,26,49,50,23,21,24,47,107,6,41,16,19,36,12,26,16,26,18,7,27,12,57,43,30,30,20,18,56,15,22,11,22,29,17,46,32,29,28,5,11,15,55,43,16,56,21,54,35,31,9,22,25,38,37,25,39,12,57,59,33,142,52,63,11,59,61,135,53,26,35,37,60,40,30,34,44,44,31,60,86,9,36,24,139,64,47,44,43,37,35,22,22,15,14,12,25,24,21,26,23,20,18,17,16,22,17,25,21,15,20,30,18,11,18,24,15,26,25,21,20,22,17,18,13,24,15,11,23,12,19,23,22,24,25,19,21,19,19,37,14,19,22,24,17,25,16,12,19,14,18,23,21,19,15,17,13,15,17,23,38,20,26,19,33,13,22,12,28,16,21,23,18,13,16,15,23,18,28,17,23,16,8,11,12,15,19,11,11,15,11,7,11,11,15,12,15,14,13,8,14,9,11,23,13,7,16,13,20,10,6,15,14,20,12,11,11,8,10,8,6,11,14,13,7,10,8,14,15,17,20,12,14,13,4,6,-20,14,14,11,14,42,19,9,21,14,5,7,8,30,24,23,11,12,25,5,5,12,11,28,14,13,22,15,15,19,23,17,11,21,19,17,30,14,14,26,9,20,16,-20,23,14,12,30,15,20,11,8,10,16,11,28,14,16,28,21,18,13,15,17,12,16,19,9,9,12,-20,10,21,18,8,14,9,15,30,13,146,14,32,24,21,15,33,26,32,28,39,21,10,23,22,17,21,21,30,11,20,24,48,30,20,15,15,23,26,50,29,42,19,26,17,28,27,23,14,18,21,14,17,18,10,7,6,7,27,9,29,18,17,25,15,15,10,24,22,31,22,13,18,19,13,28,31,23,24,14,20,20,31,7,5,19,30,32,21,22,13,24,25,22,12,30,9,18,5,8,12,14,5,10,8,8,19,21,17,28,26,29,11,13,21,23,15,18,24,16,11,18,10,19,20,27,51,24,28,33,22,31,13,21,27,33,14,14,18,24,17,7,13,23,12,27,14,20,16,13,20,11,15,9,14,10,8,5,8,14,11,34,11,30,-20,26,50,36,8,12,10,18,22,27,12,5,41,9,38,7,56,10,11,-20,4,17,52,13,7,6,28,33,6,11,8,39,11,19,39,7,-20,33,14,5,6,10,14,7,11,24,18,4,7,21,11,-20,3,33,8,3,13,7,10,43,29,16,9,18,30,-20,44,31,13,15,5,21,25,20,27,44,54,41,101,175,83,43,28,56,35,48
"chr2,10356831",6,10,10,12,12,19,6,13,13,12,13,9,10,16,5,8,33,12,109,65,56,9,73,23,57,27,35,19,33,18,17,24,23,17,80,51,41,34,17,5,19,27,34,23,30,49,9,45,14,27,72,29,37,27,19,19,69,30,27,20,34,33,33,28,30,26,33,57,62,20,41,38,23,36,27,54,9,13,10,18,19,13,14,15,12,27,33,53,45,8,14,17,22,22,19,21,27,53,11,45,35,38,8,17,23,47,12,17,14,14,24,10,-20,37,13,9,33,22,6,7,14,16,13,-20,40,17,11,44,24,28,30,15,12,16,32,35,47,11,13,17,16,7,13,22,38,11,14,41,15,12,9,37,50,65,38,22,26,29,246,71,11,14,12,7,11,28,20,10,11,49,119,144,87,45,16,54,67,32,50,167,-20,59,60,17,32,24,7,54,34,20,78,58,8,34,24,41,39,38,69,14,17,23,49,47,88,78,46,159,48,17,126,24,74,75,50,50,131,34,44,8,28,39,40,24,33,42,48,88,22,32,45,17,67,102,23,35,40,44,38,36,27,29,33,35,19,36,37,33,70,14,34,46,15,26,23,41,34,42,47,67,48,36,59,22,68,27,11,93,54,48,50,82,62,21,71,31,45,90,55,106,27,17,22,40,9,45,25,16,20,43,19,25,23,45,119,101,94,14,11,12,16,8,19,5,20,42,33,10,40,49,42,47,31,58,10,23,25,29,32,193,15,47,13,21,39,19,29,25,11,22,22,19,17,18,48,31,22,22,42,35,19,26,33,34,19,18,-20,50,23,11,26,23,8,33,25,20,15,14,53,16,25,-20,43,20,12,38,22,18,17,27,19,15,14,68,25,17,27,72,24,21,20,14,7,22,12,37,25,16,16,18,5,31,24,13,9,27,5,25,100,23,12,8,4,9,34,16,31,43,26,19,42,24,23,35,21,8,17,8,19,18,12,21,10,15,17,42,23,16,35,34,31,23,195,44,11,13,23,21,11,19,12,14,9,24,22,18,12,30,20,23,96,9,12,16,26,18,17,35,18,18,10,11,21,12,10,14,11,12,23,14,12,17,22,17,36,19,20,34,60,42,33,13,11,15,7,31,23,27,20,34,26,18,19,7,29,10,14,34,20,13,14,20,3,19,57,8,21,16,48,21,29,15,9,17,42,53,56,56,12,43,24,9,13,47,42,6,14,29,15,24,26,28,78,11,29,11,9,43,15,3,41,51,126,3,18,15,41,35,43,48,79,25,32,6,18,13,13,38,34,19,16,29,55,49,14,21,21,19,125,11,21,38,24,43,32,11,15,114,21,23,27,49,52,20,21,22,49,104,7,39,17,18,37,11,28,18,25,17,8,27,11,56,40,29,24,19,16,51,16,21,10,21,27,16,41,30,30,25,5,11,14,55,46,16,55,17,54,32,30,10,20,26,39,33,27,36,11,55,54,33,138,53,61,9,57,58,144,53,24,33,35,55,40,31,32,51,49,33,57,72,7,38,25,138,51,44,46,37,39,31,21,27,11,13,11,24,24,21,22,19,23,17,17,18,20,17,25,21,16,20,34,21,14,18,19,16,25,26,20,19,23,13,17,12,18,16,13,22,11,19,23,21,20,25,21,19,17,21,36,14,18,21,22,17,21,16,12,18,13,17,23,20,18,16,16,16,14,15,20,41,18,29,16,32,10,21,12,28,15,20,21,17,14,16,15,23,18,22,16,24,14,8,8,12,13,17,9,9,12,15,7,12,12,16,12,14,13,13,9,14,7,11,22,13,7,17,14,19,9,7,14,15,21,12,12,13,9,10,7,6,11,13,13,7,8,7,15,12,14,21,12,11,13,6,6,3,11,9,9,15,36,19,9,20,12,3,7,9,28,22,22,12,11,25,6,5,12,9,28,13,13,22,15,13,17,22,18,11,23,17,15,30,16,15,23,10,20,15,-20,22,14,12,28,15,18,11,9,10,15,13,23,13,14,28,19,15,9,14,17,12,16,18,9,10,14,6,10,21,14,8,13,9,15,27,14,138,15,31,23,21,15,33,23,26,27,34,21,10,20,22,17,22,19,28,10,18,23,47,26,19,14,17,21,22,47,30,39,20,23,17,28,26,23,14,17,20,10,18,16,8,7,5,7,27,10,27,17,15,24,15,16,10,25,16,29,22,13,17,19,12,25,30,22,24,16,16,17,28,6,6,19,31,32,22,22,12,25,24,18,13,31,9,19,6,9,12,15,-20,8,9,5,20,20,16,26,23,28,10,14,20,18,13,16,21,14,9,18,11,21,19,25,50,23,29,36,24,31,13,22,27,34,16,13,19,23,17,6,14,22,10,26,13,16,17,12,20,9,15,9,14,8,7,4,7,14,10,35,11,27,3,29,52,33,7,12,9,19,20,30,12,5,44,8,39,9,56,6,10,6,3,15,44,13,10,6,23,32,4,8,10,43,14,20,36,9,8,33,14,6,7,6,13,12,8,20,17,7,9,20,10,-20,5,40,9,7,16,8,9,42,34,16,9,15,30,7,37,31,13,11,5,21,27,17,27,45,52,42,111,175,90,43,27,60,36,51
"chr2,10356833",7,-20,11,11,12,20,7,12,12,12,13,9,9,16,5,9,33,11,110,65,57,8,71,24,59,27,35,21,33,18,18,24,22,15,79,53,40,36,17,6,19,27,35,23,30,46,9,45,14,28,70,28,37,25,19,19,72,27,26,21,33,32,34,27,30,26,34,56,64,20,41,37,28,37,28,55,-20,15,9,19,18,13,13,15,13,27,34,53,44,8,15,16,22,22,19,23,26,53,11,44,32,38,8,19,24,48,12,16,15,15,24,12,-20,38,11,9,33,21,5,6,14,16,13,3,39,17,10,45,24,29,31,11,11,17,32,36,47,11,14,16,16,6,13,23,40,12,14,43,15,-20,8,34,48,65,38,20,25,29,251,71,13,14,11,8,12,31,20,10,11,49,120,146,91,47,15,54,65,32,49,164,49,58,59,14,32,23,-20,55,34,19,75,60,8,36,23,41,39,36,68,14,17,23,51,45,87,73,45,159,48,17,125,23,76,71,48,46,137,28,44,8,26,38,40,24,32,41,49,86,23,32,45,14,67,106,22,33,40,44,38,35,27,30,33,36,18,35,38,33,72,14,34,47,13,25,22,45,36,39,51,66,47,36,61,21,68,28,10,93,54,45,49,81,61,19,74,31,46,87,55,105,25,16,21,40,8,45,25,17,20,45,18,22,24,49,113,100,91,14,11,13,17,7,19,5,19,41,35,10,39,49,42,46,33,58,9,22,27,31,33,189,15,49,12,21,39,19,27,24,10,22,22,18,18,17,48,32,23,23,42,35,19,26,33,33,19,18,7,47,23,9,26,23,8,34,24,21,15,14,50,16,26,17,43,19,13,38,23,18,17,27,19,16,14,67,25,16,26,70,24,20,19,15,7,20,12,36,25,15,16,18,5,32,24,13,9,26,5,25,98,23,13,8,4,9,33,16,31,42,25,18,41,24,23,37,21,8,17,-20,19,19,12,20,9,15,15,43,23,17,32,33,31,23,191,45,10,11,22,21,10,18,12,14,10,24,22,18,13,29,20,21,94,8,12,16,26,18,17,35,19,19,10,10,19,12,10,14,11,12,28,15,14,17,23,17,36,18,19,34,62,43,33,14,11,15,7,32,23,25,21,30,26,18,19,7,31,9,14,33,20,14,14,21,3,20,58,8,21,15,46,22,28,15,10,17,42,52,55,56,12,43,22,10,13,45,42,8,14,28,16,25,26,28,77,10,28,11,9,43,15,3,41,51,124,3,17,15,41,33,42,46,78,25,30,6,18,14,14,38,36,18,17,28,55,48,14,20,22,19,126,12,20,37,25,40,32,11,15,120,21,21,27,50,52,20,21,24,48,102,8,39,17,18,37,11,29,19,26,17,9,26,9,56,38,27,24,19,14,49,17,24,15,21,26,17,46,31,27,23,-20,12,14,54,44,16,56,16,54,33,30,-20,18,25,42,31,29,35,12,53,52,35,142,51,59,9,57,54,142,57,24,31,34,53,39,31,29,51,51,34,55,72,7,39,25,137,52,41,46,35,38,32,18,26,-20,14,12,25,25,22,22,18,25,16,18,19,19,16,27,24,16,19,36,20,14,17,19,15,25,24,17,20,23,12,15,13,18,14,15,22,11,21,24,21,19,25,20,19,18,21,37,14,18,21,22,17,24,17,15,18,14,16,24,20,18,15,17,19,14,14,18,41,18,25,17,31,9,20,13,27,15,20,22,16,11,17,16,22,19,23,17,22,14,8,9,13,11,15,9,9,10,18,10,12,12,14,12,13,11,13,9,13,8,12,22,13,8,18,14,20,10,7,13,15,21,11,11,13,9,10,-20,6,11,12,13,7,-20,8,17,12,14,21,12,11,14,7,6,4,11,9,9,14,40,20,9,19,13,4,6,8,27,23,21,12,13,26,6,5,12,10,29,13,12,22,14,12,17,21,19,11,25,17,16,32,16,15,23,10,21,15,-20,23,13,12,28,15,19,10,9,10,15,13,22,12,12,26,19,15,9,15,18,12,16,18,8,10,12,6,10,21,13,8,12,9,15,27,14,135,16,31,25,20,14,30,22,27,28,35,21,10,21,20,16,21,19,28,10,18,23,48,27,20,14,16,21,22,49,29,41,21,25,17,27,26,22,14,15,19,9,19,15,9,7,6,7,26,9,26,17,15,24,13,15,10,23,16,30,23,14,16,17,12,25,32,20,26,14,16,16,26,7,6,19,29,32,21,21,12,26,24,20,13,30,10,19,-20,9,13,14,5,8,9,6,19,19,18,24,22,28,9,13,20,18,12,14,22,16,9,18,-20,20,18,24,51,21,29,35,25,29,14,21,27,33,17,13,19,22,16,6,14,22,10,21,13,18,17,12,20,-20,14,9,13,7,9,4,7,14,12,37,11,26,-20,30,48,35,9,11,9,19,20,28,11,6,44,9,40,9,59,7,12,12,4,18,38,13,10,6,24,28,4,10,11,44,12,20,34,11,8,31,15,6,7,6,13,11,8,23,15,7,7,19,13,-20,6,37,9,9,15,7,11,46,33,21,6,17,33,7,36,28,12,11,5,22,27,17,26,43,52,44,108,175,97,42,27,59,36,50
"chr2,10356840",7,10,10,12,15,20,-20,16,13,13,14,11,9,15,7,10,33,10,100,59,51,8,70,26,57,27,32,22,32,18,16,24,21,15,77,49,39,35,19,6,20,29,37,26,31,48,9,45,13,29,76,26,39,24,18,20,70,27,28,21,35,32,29,29,33,26,31,50,60,19,39,37,29,36,25,51,8,15,10,22,19,11,12,15,16,29,30,50,43,9,15,18,24,21,17,25,26,52,11,40,33,34,7,19,24,45,13,11,16,16,24,15,37,35,12,10,32,21,6,6,16,16,15,4,40,16,10,40,28,30,31,12,11,17,27,34,41,12,14,15,16,6,16,22,37,12,16,41,15,14,8,37,47,68,34,22,24,27,249,63,14,13,11,7,12,32,18,-20,10,49,122,150,88,48,16,51,47,34,31,167,46,50,55,14,43,25,7,59,43,21,90,53,8,26,17,40,35,37,62,15,21,24,60,42,84,56,41,148,47,15,119,21,76,60,47,42,121,32,44,9,24,45,40,24,31,39,47,71,20,29,43,13,67,117,21,29,36,47,37,35,28,25,36,31,15,36,31,34,69,13,29,42,15,27,22,40,32,39,47,63,48,42,48,23,69,27,-20,92,55,48,43,75,61,18,68,31,52,97,55,106,28,15,22,38,7,33,23,17,19,51,24,21,22,52,111,104,94,14,10,15,16,7,19,6,18,37,33,11,44,44,41,46,29,57,10,21,23,25,33,181,13,51,13,20,36,21,22,25,11,21,21,19,17,18,47,30,23,27,37,34,20,27,32,35,18,18,-20,46,25,-20,25,25,9,34,23,23,14,16,46,14,25,17,41,17,15,42,23,17,16,26,16,15,13,70,24,17,27,72,24,20,22,14,5,24,9,29,27,12,15,13,6,32,23,12,7,23,5,24,99,21,13,8,5,10,32,15,33,43,22,19,42,25,20,35,21,9,16,7,17,17,11,19,9,15,17,40,17,17,31,29,31,22,194,44,10,15,21,19,10,17,12,14,11,26,24,19,9,29,21,22,98,-20,12,18,26,18,15,36,21,20,11,7,19,11,12,16,11,12,25,11,13,18,23,15,35,20,21,33,57,41,31,14,10,16,7,31,21,21,20,28,27,16,16,6,31,10,15,33,19,13,16,25,4,19,56,8,16,15,41,24,26,14,11,18,39,51,55,57,9,40,26,10,14,41,39,8,13,28,15,21,22,25,72,10,26,9,-20,41,15,3,45,51,123,4,16,14,39,27,38,41,78,26,39,6,14,14,13,37,34,18,16,28,50,50,12,19,19,19,122,11,18,36,25,36,25,11,17,145,21,17,31,46,50,20,22,19,44,94,9,38,18,19,38,13,30,21,25,18,8,24,9,55,38,26,24,20,13,49,20,28,17,22,30,17,42,32,26,24,6,13,14,59,47,16,53,16,55,34,31,9,19,26,42,33,29,37,11,43,47,32,137,48,51,8,61,50,145,55,21,34,35,49,40,30,27,49,47,32,65,69,8,39,25,139,45,44,43,36,39,31,24,29,11,11,12,24,28,19,22,17,24,16,18,21,17,16,28,24,16,18,35,22,15,17,18,14,26,26,19,20,23,11,15,13,18,15,16,23,11,21,23,25,-20,22,20,19,19,19,38,14,19,22,22,20,26,17,15,19,12,14,24,20,16,15,17,19,12,15,19,38,19,26,18,37,12,18,12,29,14,22,23,17,15,17,13,25,19,23,15,25,16,8,9,13,11,17,8,9,12,19,12,13,12,14,14,13,13,15,9,14,9,13,22,13,8,19,14,20,9,7,12,18,23,10,11,13,11,11,7,6,11,13,14,7,-20,8,17,13,14,19,11,10,14,7,7,5,12,11,11,14,38,19,11,20,12,4,7,11,28,24,19,12,13,25,6,7,13,9,31,13,11,22,16,13,18,23,21,12,25,16,15,29,15,13,24,10,21,14,-20,22,13,12,28,16,18,9,9,11,16,13,24,12,13,26,19,15,11,17,17,13,17,20,9,12,13,5,10,22,13,10,11,9,14,29,14,132,12,32,24,20,14,32,24,27,32,38,21,9,22,23,17,23,24,30,9,18,23,49,28,18,14,15,24,24,52,33,43,24,30,17,28,28,21,14,15,19,12,20,15,9,7,6,8,26,9,26,17,20,23,13,14,12,24,15,28,23,13,16,19,12,23,33,21,29,15,15,16,26,9,6,20,30,38,19,21,11,28,25,21,14,32,10,16,6,10,13,16,5,9,9,6,18,21,19,23,20,29,10,12,22,18,12,16,23,18,11,17,10,21,18,25,52,24,29,36,24,30,13,19,29,37,19,15,17,24,16,6,14,22,10,19,11,22,17,14,20,9,13,11,14,8,11,4,6,15,13,36,12,28,4,27,46,34,9,11,7,27,25,31,14,5,45,10,38,8,62,8,14,10,6,15,43,12,7,6,19,22,-20,10,12,47,11,18,38,-20,7,32,10,5,8,4,12,13,7,21,15,-20,8,22,15,-20,7,36,9,8,13,7,7,43,36,22,5,19,32,-20,39,27,11,13,4,20,28,18,27,40,52,46,106,195,93,40,28,61,38,45
"chr2,10356841",7,10,10,12,15,21,9,16,13,13,14,11,9,17,7,9,32,11,99,57,51,8,67,25,53,27,32,21,31,18,17,23,20,16,76,48,38,34,19,6,20,29,36,26,31,48,10,47,12,29,72,25,41,23,19,20,72,23,28,21,34,32,30,29,33,25,30,49,60,19,40,36,29,37,25,50,7,15,10,22,19,12,12,15,16,29,29,48,42,9,15,19,24,21,18,26,26,52,11,40,35,34,7,19,24,45,13,11,15,16,24,15,37,35,12,10,32,21,6,6,16,16,15,5,40,17,10,40,27,30,32,12,11,18,27,35,41,12,14,15,16,6,16,22,38,12,15,41,15,14,8,37,47,67,34,21,23,27,251,63,14,13,11,7,12,32,18,10,10,50,122,150,87,48,19,49,45,34,31,166,46,50,52,14,43,25,7,57,42,19,95,55,8,25,17,40,34,36,60,15,20,24,59,42,85,54,33,148,47,15,123,22,76,60,46,42,123,32,44,-20,24,45,40,22,30,38,46,69,19,28,44,13,64,114,23,23,35,52,35,33,29,25,36,29,16,35,32,34,68,11,30,42,15,27,22,41,33,40,47,63,48,40,48,20,68,26,11,92,52,44,42,74,63,18,68,28,51,100,54,109,27,14,22,37,-20,33,22,18,19,49,24,22,22,51,110,104,91,14,10,15,-20,-20,19,6,18,37,34,11,44,43,41,46,30,57,10,20,22,25,31,179,13,49,14,20,37,21,23,25,11,21,20,18,17,18,47,29,23,25,36,34,20,27,33,35,18,18,7,45,25,10,25,25,-20,34,23,23,14,16,43,14,24,16,41,16,15,44,24,16,16,26,17,15,13,69,24,17,27,71,24,21,22,14,5,23,10,29,26,12,15,13,7,31,23,12,6,23,5,24,97,21,13,9,4,9,31,15,31,42,22,19,40,24,20,34,21,9,16,7,17,17,12,19,8,14,17,39,16,17,30,31,32,22,196,45,8,14,21,19,10,17,13,15,11,26,25,19,9,28,22,22,97,7,12,18,26,18,15,36,21,18,12,7,19,10,12,17,10,12,25,11,13,18,23,15,36,21,22,34,53,41,31,13,10,15,9,32,21,22,21,27,27,16,16,5,31,10,15,33,20,13,17,25,4,19,56,8,16,14,42,22,27,14,11,17,40,50,56,58,9,41,24,10,14,41,39,8,13,27,15,18,21,25,72,10,25,9,8,40,16,3,45,49,123,-20,16,14,38,27,38,43,76,26,37,6,14,15,13,37,35,17,16,29,49,52,12,18,18,19,123,12,18,37,26,36,22,10,17,146,21,17,31,44,49,20,23,19,44,90,9,38,19,19,39,12,33,21,25,18,8,25,9,55,36,26,25,20,13,50,20,28,17,22,29,17,42,32,26,24,5,13,14,59,46,16,54,16,55,34,31,9,19,26,46,35,29,39,11,43,44,31,139,48,52,8,61,50,143,55,21,34,33,49,43,31,27,49,47,31,64,69,8,35,30,136,42,43,40,36,39,30,24,29,11,12,12,24,28,20,23,17,24,16,18,22,17,16,28,24,16,18,35,22,15,17,18,14,26,26,19,20,23,11,16,13,19,15,16,23,11,20,23,26,20,22,19,18,19,20,38,14,19,22,22,20,26,17,16,18,12,14,24,20,16,17,17,20,12,15,19,38,19,26,18,38,12,18,12,29,14,22,23,17,15,17,13,25,18,23,15,25,16,8,9,13,11,17,8,9,12,18,12,13,12,14,14,13,13,15,9,14,9,13,22,13,8,19,14,20,9,6,12,18,23,10,11,12,11,11,7,6,11,13,14,7,8,8,17,13,14,19,11,10,14,7,7,5,12,12,11,14,37,19,11,20,13,4,7,11,28,24,19,12,12,25,6,7,13,9,31,13,11,22,16,12,18,23,20,12,24,15,15,29,15,13,24,10,19,14,-20,22,13,12,28,15,18,9,9,11,16,13,24,12,13,26,19,15,11,17,18,13,17,20,9,11,13,5,9,22,12,10,11,9,14,29,12,130,12,31,25,20,14,31,25,27,32,38,21,9,22,23,17,22,24,30,9,17,23,49,28,17,14,15,24,24,52,33,43,24,30,17,28,28,21,14,15,19,13,20,15,9,-20,6,8,26,9,25,17,20,22,13,14,12,22,14,29,23,14,17,19,12,23,33,21,30,15,15,16,26,9,6,20,30,37,19,21,11,28,24,20,14,31,11,16,6,10,12,16,5,9,9,6,18,21,19,23,20,29,10,12,22,18,13,16,23,19,11,17,10,21,18,24,51,23,28,36,24,30,13,20,29,36,19,15,17,24,16,6,14,22,10,19,11,22,17,14,21,9,12,11,14,8,11,4,6,15,13,36,12,27,4,29,42,36,9,11,6,27,26,29,14,6,42,9,39,7,61,7,13,-20,6,16,42,13,7,-20,19,23,-20,11,11,50,11,16,36,10,-20,33,12,6,7,-20,12,13,9,22,14,6,9,25,13,-20,7,36,10,8,14,6,8,44,32,20,6,19,31,4,41,27,11,13,5,20,28,18,27,40,51,45,103,196,93,38,27,60,40,44
"chr2,10356846",7,8,10,9,13,18,9,15,13,13,13,12,11,17,9,10,33,10,94,61,54,8,67,26,51,24,34,22,31,18,17,24,19,16,74,49,37,34,20,5,17,30,31,24,31,47,10,41,13,25,73,22,40,19,17,21,72,20,28,22,31,30,29,28,29,27,28,46,63,16,39,35,29,37,24,49,-20,14,10,21,18,12,13,14,13,33,29,50,42,10,16,19,24,20,19,27,23,53,11,42,35,35,7,16,24,44,13,10,15,15,24,14,33,34,11,9,31,18,5,6,16,14,13,5,36,16,9,44,27,27,32,12,10,17,28,32,42,12,13,15,15,5,15,20,40,11,15,42,13,14,8,37,47,57,35,23,24,32,228,59,14,13,11,8,10,27,17,10,11,49,120,139,98,49,22,52,45,36,32,174,44,49,54,16,42,28,7,60,43,20,77,56,10,27,17,44,38,33,56,15,20,26,58,40,80,42,35,146,43,15,121,21,72,53,46,41,130,31,45,8,19,47,34,23,30,36,42,58,20,30,43,-20,63,107,21,25,38,47,29,30,29,23,36,27,15,35,29,30,69,14,38,39,15,26,18,34,32,41,43,64,61,39,47,17,68,21,-20,101,52,42,41,73,59,17,69,32,48,97,46,109,27,17,22,38,6,28,24,16,18,51,29,21,24,53,108,88,95,13,9,13,16,6,19,6,19,38,34,9,42,39,39,41,31,55,-20,20,18,23,31,171,13,49,13,19,42,21,25,22,10,21,19,-20,17,16,47,28,20,25,36,34,21,25,33,34,18,18,6,44,24,10,26,26,8,34,22,21,16,16,44,14,23,16,39,16,15,42,25,15,16,24,17,15,12,68,22,16,27,69,25,20,22,14,6,23,10,28,25,9,15,13,8,30,21,13,6,21,5,24,95,22,15,9,4,7,30,14,30,44,19,17,37,22,21,33,19,9,16,-20,20,16,12,18,8,-20,17,42,14,14,29,29,34,21,187,45,10,13,21,21,9,19,12,13,11,26,24,18,9,24,23,22,96,7,11,19,28,16,15,41,22,17,14,6,20,10,9,16,10,12,23,10,11,18,24,16,36,21,21,33,55,40,32,12,10,17,9,33,20,21,21,24,26,16,12,6,31,11,14,32,19,12,17,23,5,18,53,8,17,15,43,20,24,11,11,15,43,46,59,53,8,46,27,9,13,41,41,8,14,25,16,15,25,25,68,9,26,8,7,41,16,4,45,46,98,4,15,15,35,23,35,39,80,22,37,5,14,14,12,36,37,16,17,29,46,56,11,17,15,20,119,14,16,35,23,31,21,7,15,139,19,14,34,43,46,21,25,18,41,99,9,39,17,18,39,12,32,21,25,19,8,23,11,47,33,21,24,19,12,46,21,26,15,21,27,17,42,32,23,23,5,9,15,58,49,17,52,15,54,35,30,11,19,26,50,31,32,36,11,38,35,27,143,51,51,9,66,50,139,51,21,37,35,45,41,37,25,48,46,32,62,76,11,41,30,137,39,43,41,35,38,31,24,28,-20,12,11,24,26,19,24,17,23,16,17,25,17,17,27,24,15,16,34,21,15,17,17,14,28,23,19,19,20,11,-20,13,17,15,16,22,11,23,20,25,19,20,19,17,17,20,37,14,19,20,20,18,25,16,15,17,12,12,23,20,15,16,17,19,12,14,19,36,18,24,18,35,11,20,10,29,13,22,23,17,14,15,12,24,16,23,15,27,15,-20,9,14,11,18,7,9,12,16,11,11,10,14,12,12,13,14,9,13,9,13,18,11,8,17,13,20,9,6,11,17,22,9,11,13,10,11,7,5,11,12,11,7,7,8,16,13,14,18,11,9,14,7,7,-20,10,11,10,13,37,18,10,20,13,4,7,11,28,23,19,11,13,24,6,7,11,9,28,12,11,21,16,10,17,22,17,12,25,14,14,26,12,13,22,10,17,12,-20,24,13,12,26,15,19,9,8,11,15,13,22,12,12,26,19,16,8,15,16,11,17,18,8,11,12,5,10,19,11,10,11,10,14,26,12,132,14,28,24,19,11,30,24,24,33,35,21,8,21,21,17,22,24,29,9,17,23,49,26,18,11,13,23,25,50,33,39,22,29,17,25,28,20,14,14,18,13,18,15,8,7,5,8,26,9,22,17,18,21,13,13,11,23,13,29,21,14,15,18,12,22,32,18,26,14,11,15,25,9,5,19,29,38,18,20,11,25,24,19,13,31,12,15,-20,10,13,15,5,9,8,6,17,22,17,22,19,28,9,12,22,17,12,16,24,19,9,18,11,19,18,24,47,25,27,34,22,29,12,19,27,34,19,15,17,22,14,6,13,22,7,20,9,20,15,14,21,9,11,11,13,7,11,-20,5,14,11,37,11,26,4,29,36,29,10,8,-20,24,29,29,13,4,36,8,38,3,47,4,8,10,8,10,37,10,7,-20,13,21,-20,-20,8,42,11,13,31,8,9,29,9,6,5,-20,8,12,7,19,9,-20,7,20,-20,-20,7,35,9,-20,7,5,8,31,24,17,5,10,34,6,38,24,12,13,4,19,26,15,27,37,52,44,84,181,97,36,28,57,35,42
"chr2,10356850",11,9,9,9,16,20,9,16,17,15,13,12,12,17,11,11,36,11,97,60,55,8,67,27,54,23,34,21,32,18,16,24,20,16,76,51,36,33,20,7,15,32,33,24,31,46,10,43,14,30,59,22,46,19,18,21,66,19,29,24,36,27,25,29,28,30,32,45,60,17,39,35,29,37,23,47,9,14,11,20,21,12,13,16,15,32,28,52,45,10,17,20,22,21,18,25,23,50,12,44,36,34,7,17,23,44,14,11,15,18,27,14,35,32,10,10,31,22,6,6,17,14,14,5,34,16,7,44,28,29,34,13,14,18,27,28,42,13,15,18,18,5,15,20,35,13,17,41,13,17,12,35,43,55,33,23,23,32,225,55,15,14,11,9,13,26,16,11,11,47,113,135,90,47,23,47,45,35,29,173,36,51,56,16,46,27,6,62,44,17,78,56,12,26,16,44,33,33,51,19,20,25,63,43,74,42,38,157,42,14,115,21,77,47,41,43,132,34,41,9,19,44,35,24,32,39,41,56,21,28,43,14,62,106,17,24,37,44,32,27,31,21,38,26,17,35,26,28,69,12,42,44,13,25,16,35,31,37,41,58,58,37,43,18,70,21,10,101,51,43,38,76,63,18,67,32,45,93,43,103,27,18,20,35,6,19,25,16,15,47,32,21,24,49,108,94,102,15,8,12,17,6,22,5,19,33,36,8,40,36,41,44,26,56,7,20,17,23,30,169,13,49,15,19,38,21,24,21,10,19,19,20,15,16,50,30,17,25,34,33,22,27,30,33,18,19,7,44,24,10,25,24,9,35,21,21,16,15,46,17,23,14,39,12,15,40,24,15,16,24,15,18,11,63,21,16,25,71,24,18,22,14,5,22,10,28,24,11,14,16,7,31,21,15,7,20,5,22,91,22,13,8,5,9,28,14,29,43,18,17,35,23,21,33,19,10,15,-20,21,16,12,15,8,17,17,41,15,12,29,32,33,18,191,45,12,14,20,20,10,19,12,12,10,26,20,17,10,26,22,22,96,7,10,20,27,11,18,40,22,17,14,7,21,12,11,18,10,12,25,10,11,16,23,15,35,20,19,33,57,41,29,13,10,16,8,34,21,21,19,23,26,15,13,7,30,13,16,32,19,12,16,22,5,18,53,9,16,16,44,18,24,10,10,16,43,47,59,53,11,46,26,9,12,42,45,10,15,24,15,13,26,27,64,8,26,8,-20,39,16,4,43,43,72,4,15,15,31,22,33,41,76,22,36,7,14,13,11,37,35,16,16,28,50,53,10,15,13,20,116,15,18,33,25,31,20,7,14,137,20,13,34,45,44,20,29,18,35,100,13,42,18,18,41,13,30,19,28,21,9,27,12,53,38,21,24,19,14,46,20,29,15,25,27,20,47,36,25,27,5,10,16,60,46,17,53,15,54,37,28,11,19,26,49,33,36,35,10,33,32,26,145,50,48,9,59,52,140,43,19,34,31,39,38,37,21,46,45,32,58,76,9,41,32,134,38,48,41,34,33,30,25,32,12,13,13,22,28,19,24,18,23,19,19,24,21,18,27,24,15,15,34,23,16,16,18,14,30,24,20,24,23,15,19,12,18,17,19,22,13,24,21,26,19,21,19,18,21,21,35,16,20,21,23,18,21,17,17,17,12,11,22,20,18,19,18,19,14,17,21,35,18,24,22,39,13,22,10,28,12,23,30,19,14,13,11,25,18,26,16,26,17,8,10,16,12,19,7,11,11,15,11,10,11,17,13,13,14,15,10,12,11,13,21,10,8,20,14,20,9,6,12,17,24,10,11,15,10,10,7,5,12,12,11,7,10,8,17,16,14,16,12,11,15,9,7,7,11,12,11,12,35,20,9,21,15,6,9,12,27,27,19,10,14,21,6,8,12,10,25,13,13,23,19,12,18,24,20,14,26,16,14,26,12,13,22,10,18,12,-20,19,17,11,28,15,20,9,7,13,18,13,23,11,13,25,19,19,9,14,16,11,18,19,8,13,15,7,9,23,14,11,12,10,14,26,13,131,14,31,27,18,13,34,25,30,36,37,23,9,24,22,18,27,27,32,11,16,23,50,26,20,13,14,25,23,52,33,40,28,30,23,25,30,20,17,15,20,15,17,14,8,8,5,8,29,8,24,19,17,22,13,14,13,27,15,25,21,14,16,18,14,21,32,20,28,14,13,15,25,9,6,18,30,38,20,21,11,24,23,23,13,30,12,14,3,13,13,17,5,8,9,6,17,24,17,23,21,26,9,13,25,22,13,16,27,20,10,19,10,21,19,26,49,26,27,31,23,35,10,20,25,37,20,16,20,22,13,7,14,26,7,21,10,22,16,16,21,9,11,10,16,7,14,4,5,17,9,36,12,22,5,31,39,30,8,10,-20,27,29,28,9,5,43,8,37,-20,47,6,10,10,7,-20,39,11,7,-20,15,24,-20,8,8,37,9,15,33,6,9,31,6,6,8,5,12,12,7,23,11,-20,6,19,10,-20,-20,33,9,11,9,5,7,35,23,15,4,-20,33,6,34,23,12,13,4,19,27,16,31,36,52,45,85,192,94,37,32,55,35,42
"chr2,10356856",11,9,10,9,18,20,9,14,17,16,14,11,13,17,12,11,33,11,102,58,55,-20,63,26,55,25,32,22,35,15,16,23,19,18,72,49,37,35,19,7,15,26,30,23,27,44,7,41,13,31,49,20,45,19,14,19,63,17,30,24,37,26,26,28,28,32,31,42,61,18,37,34,31,33,26,49,13,14,11,22,21,12,14,17,15,35,27,58,43,9,19,20,24,21,16,26,24,48,12,44,34,35,7,18,19,38,14,11,18,18,27,14,38,33,11,10,31,22,6,6,18,14,16,5,34,17,7,46,28,31,36,13,13,18,30,26,45,12,15,18,19,5,16,21,35,12,17,40,14,18,12,35,45,59,34,22,21,32,220,56,15,14,11,-20,12,26,18,11,11,42,112,131,81,44,21,44,42,30,32,166,37,53,56,9,45,29,5,60,44,19,64,56,11,23,18,43,36,33,57,18,22,23,59,46,77,42,50,149,40,13,108,18,68,42,37,53,132,35,38,9,17,47,35,22,29,35,38,40,22,27,39,14,61,108,15,22,30,43,35,25,31,20,41,22,16,34,27,32,61,13,41,45,12,21,19,32,25,30,36,23,57,37,42,20,71,21,10,87,49,38,33,75,54,18,62,33,45,95,39,96,28,16,16,33,6,19,27,16,16,46,33,22,23,44,101,103,98,15,8,13,13,5,22,6,19,32,35,9,41,37,41,46,31,52,-20,18,15,20,29,168,13,48,15,18,34,19,25,24,11,18,16,20,13,14,49,31,18,24,34,31,23,27,30,36,13,17,6,42,21,11,25,23,9,35,15,18,16,13,45,17,16,14,40,16,12,34,23,16,15,25,14,19,10,62,20,14,26,68,21,15,23,14,4,24,10,29,23,11,13,15,5,28,21,15,7,16,5,21,88,20,12,7,6,13,28,15,27,42,18,16,32,25,18,30,18,10,15,-20,22,15,13,13,8,15,17,39,17,12,31,34,34,18,187,44,13,15,18,17,10,20,11,12,11,26,21,16,11,26,22,22,89,8,11,19,24,13,18,38,19,18,14,9,20,10,11,15,11,12,25,10,13,17,20,13,34,23,19,31,57,45,32,15,9,12,7,34,23,20,16,25,23,14,15,8,30,16,16,34,18,12,16,21,6,16,54,9,14,13,40,17,25,9,11,15,42,49,61,50,11,48,26,10,12,43,45,10,15,26,18,13,24,27,61,9,24,8,7,36,16,5,41,56,63,-20,15,14,32,24,29,32,72,23,33,8,13,12,-20,36,35,17,18,29,52,56,7,13,17,19,115,15,18,32,26,29,17,7,13,132,18,12,30,49,42,20,28,18,33,99,14,42,18,19,40,12,32,21,29,23,9,27,14,56,40,20,24,19,14,48,19,29,15,25,26,21,46,37,25,26,7,11,17,61,45,17,47,17,54,38,31,10,19,28,52,30,43,35,9,32,33,20,125,48,52,9,55,50,138,39,19,29,31,34,37,39,20,45,46,29,58,64,9,40,32,132,30,47,37,30,32,35,27,33,12,14,13,22,29,18,26,17,24,19,18,23,21,17,28,24,15,15,32,23,15,17,21,12,31,24,18,26,23,17,19,12,19,20,19,22,12,23,21,24,18,20,20,20,19,21,35,17,20,23,23,19,19,17,18,17,13,10,21,20,19,22,19,19,14,17,22,36,19,25,23,39,13,22,10,31,12,23,31,22,14,14,11,24,19,27,18,26,16,9,10,16,12,19,6,11,11,15,11,10,10,18,13,15,15,15,10,15,12,13,22,10,8,20,14,22,10,7,12,16,25,10,12,15,10,10,8,5,13,14,11,7,10,8,17,16,15,17,10,12,18,12,8,7,11,13,11,12,36,22,9,23,15,6,11,12,27,28,20,10,15,23,6,8,13,11,24,15,12,23,20,12,18,24,20,14,26,17,15,26,12,13,23,10,18,12,-20,25,17,11,29,15,20,9,7,13,18,14,24,11,13,26,19,19,10,14,16,10,20,18,4,13,17,-20,8,26,14,11,14,10,14,27,14,129,15,31,27,18,14,34,25,28,37,37,23,9,24,19,19,25,27,32,12,19,22,51,25,21,13,14,24,27,53,32,41,27,29,22,26,30,20,17,16,17,14,16,14,8,8,5,9,28,8,24,19,19,23,14,14,14,28,17,28,21,15,15,21,14,21,34,20,30,15,14,14,23,8,7,16,31,38,18,22,12,25,26,25,13,28,12,13,3,13,13,18,5,9,8,6,18,23,18,22,20,26,13,13,24,23,14,18,29,19,10,18,12,22,20,24,52,26,28,32,21,36,14,20,24,37,19,16,20,21,12,7,12,29,7,23,10,24,16,15,21,9,11,10,17,7,14,4,5,18,10,35,12,21,6,27,39,29,9,12,-20,27,30,30,11,4,43,8,34,5,40,4,14,10,8,-20,36,-20,6,-20,16,20,-20,5,7,42,10,16,30,6,11,35,9,4,6,4,7,9,7,25,12,9,8,22,12,-20,8,39,9,9,7,5,9,42,28,19,5,10,29,4,34,22,12,15,-20,18,26,16,31,37,49,45,84,164,116,38,33,57,37,43
"chr2,10356857",11,9,10,10,18,20,9,14,17,17,15,11,12,17,12,11,33,12,102,58,55,10,63,25,53,25,32,21,35,15,16,23,19,18,72,49,37,35,19,6,14,28,30,23,28,44,7,44,13,31,49,19,45,19,15,19,62,14,30,22,37,28,26,29,29,32,31,42,61,18,36,34,30,32,28,47,13,14,11,23,21,14,14,17,15,35,27,58,43,9,18,20,24,22,17,26,24,48,10,45,34,35,6,17,19,38,14,12,18,18,27,15,38,34,12,10,30,23,6,7,17,12,16,5,33,16,8,46,28,31,35,13,13,18,30,26,46,13,15,19,19,7,16,21,36,12,17,40,13,17,12,35,43,59,33,22,21,32,217,56,15,15,11,9,12,25,18,11,10,36,113,131,81,40,21,45,42,29,32,169,38,52,56,10,45,28,5,60,42,20,64,-20,11,23,19,41,36,30,57,17,22,24,59,46,77,39,55,147,41,14,108,18,67,38,33,54,130,35,38,8,18,48,35,23,29,34,37,39,22,28,39,13,61,108,16,22,29,43,34,24,31,20,39,22,16,34,28,31,54,13,40,46,13,21,21,32,25,32,35,24,58,38,42,20,70,21,11,87,49,41,33,75,54,20,62,31,45,92,38,96,27,16,16,35,6,19,27,16,17,44,35,21,22,44,99,102,97,15,8,13,-20,5,22,6,18,33,34,9,40,36,40,45,31,51,7,18,15,20,29,166,13,49,15,18,35,19,25,23,10,18,16,20,13,13,49,31,18,25,31,28,22,26,30,36,12,17,7,40,20,11,25,23,9,34,16,16,14,13,42,17,16,13,41,16,11,34,23,16,15,24,14,17,9,63,21,14,25,68,21,15,23,14,4,23,11,28,23,11,13,16,5,28,21,15,7,18,5,20,86,20,12,7,6,16,28,14,25,44,18,16,32,25,18,30,18,10,14,7,21,15,13,12,9,15,17,38,18,12,32,33,34,18,185,43,14,15,18,17,10,19,11,12,11,26,21,16,11,26,22,22,86,9,11,19,23,13,19,38,20,18,14,8,20,10,11,15,11,13,25,10,12,18,21,13,34,22,19,30,58,44,29,15,9,12,7,33,23,19,15,25,23,13,17,8,30,17,17,35,18,12,17,20,-20,15,55,10,15,13,40,17,23,9,11,15,43,51,60,49,11,48,26,10,12,43,45,10,15,26,18,13,23,27,61,-20,23,8,-20,35,16,5,40,56,62,-20,15,14,31,24,30,33,73,23,35,8,13,11,10,35,36,17,18,28,51,55,7,13,17,19,114,15,18,31,25,29,19,-20,13,124,17,12,30,48,42,19,27,19,33,95,15,41,18,17,40,12,32,20,29,22,9,28,14,57,41,20,22,19,15,47,19,30,15,26,27,24,48,38,26,27,8,10,20,58,44,17,47,16,53,39,31,10,19,28,52,32,43,35,10,32,32,20,119,47,52,9,55,48,137,42,20,29,30,34,37,39,20,45,46,29,58,64,10,40,31,130,30,46,37,30,32,36,30,34,12,15,13,22,29,18,24,18,23,19,18,23,21,17,28,24,15,15,32,22,15,16,23,12,29,23,18,27,23,17,20,12,19,20,21,22,12,25,21,24,18,20,19,19,18,23,34,17,20,22,23,18,19,17,17,15,15,9,21,20,19,21,20,20,14,18,21,36,18,27,23,39,13,22,11,31,12,23,30,22,14,14,12,25,19,27,19,26,16,9,10,16,13,20,6,11,11,15,11,10,9,18,12,15,15,15,10,15,12,13,20,11,8,20,14,22,9,7,12,16,25,10,13,15,10,10,8,5,13,13,11,8,11,8,18,16,15,21,10,12,18,13,8,7,11,13,11,12,38,23,9,23,16,6,11,12,27,29,15,10,16,23,6,8,12,11,25,13,12,24,21,12,17,24,21,14,27,18,15,26,12,12,23,11,18,13,-20,24,17,11,29,15,21,9,7,14,19,14,25,11,13,26,18,19,8,15,16,10,20,18,4,13,17,6,8,25,14,11,15,10,14,27,14,129,16,31,27,18,15,35,25,29,36,36,25,7,22,19,20,25,26,33,12,20,22,52,24,21,13,14,23,29,54,31,40,28,28,23,26,29,21,18,16,17,14,15,13,9,8,5,9,28,8,24,19,19,23,15,14,15,29,18,28,23,14,15,21,13,21,35,20,30,15,14,14,22,9,8,16,31,36,18,23,12,26,25,25,14,28,12,14,3,14,13,18,5,9,7,6,18,24,20,23,19,26,13,13,24,23,15,20,29,19,11,17,13,23,19,25,52,26,28,33,21,37,14,19,25,39,19,16,20,22,13,7,12,29,7,25,11,24,18,15,21,9,11,10,16,7,14,4,6,20,12,38,14,23,5,26,42,31,10,13,-20,30,29,32,10,5,44,8,32,5,41,5,14,11,7,9,37,9,6,-20,13,18,-20,6,6,45,11,15,32,7,10,33,10,5,6,4,8,9,7,22,12,8,8,19,13,-20,8,37,9,10,7,5,-20,46,29,21,6,8,31,4,37,22,12,15,5,18,26,16,31,36,49,45,83,163,119,38,32,55,36,44
"chr2,10356860",11,8,10,10,18,19,9,14,16,17,15,10,-20,17,12,10,32,12,103,60,58,11,59,27,48,23,33,21,35,15,15,24,18,18,69,49,40,32,19,6,13,27,30,23,28,43,6,40,13,32,53,17,44,18,-20,18,61,-20,31,23,38,29,26,27,28,33,32,43,60,18,34,34,30,33,28,48,14,14,11,23,21,14,14,17,16,32,25,55,41,10,18,19,22,21,17,25,22,45,10,45,34,36,6,18,20,37,16,11,18,17,28,13,35,32,12,10,30,23,6,7,19,11,15,6,33,16,7,47,26,31,33,13,14,17,31,27,46,13,15,20,17,6,17,21,37,12,16,38,13,16,10,37,42,56,31,22,20,35,199,60,14,16,10,9,13,26,18,9,11,33,112,128,81,39,20,43,41,28,34,169,35,53,56,11,52,27,5,59,39,19,61,53,11,17,17,41,37,28,62,18,21,24,59,50,74,38,53,142,40,-20,103,18,67,34,34,55,128,35,40,-20,19,49,39,23,28,37,36,37,21,28,38,12,62,105,16,20,31,43,37,24,33,20,39,25,19,32,-20,31,54,13,41,46,10,22,20,40,25,32,32,20,58,43,40,20,69,19,-20,90,59,36,34,75,50,-20,65,31,45,100,41,94,25,16,16,34,5,19,29,16,15,43,36,20,22,43,95,88,95,15,8,12,13,5,22,7,17,33,34,10,41,38,39,45,35,56,-20,19,16,19,28,158,13,51,14,17,33,18,23,17,11,17,16,18,13,13,46,31,19,24,31,28,24,26,29,34,10,16,7,38,20,10,25,21,9,32,16,14,14,11,39,16,13,13,39,15,11,34,23,14,14,25,14,16,9,63,21,14,24,67,21,14,23,15,4,22,14,26,23,13,12,17,5,26,21,15,7,17,5,21,84,20,13,6,6,16,26,14,26,40,18,16,32,23,18,30,18,10,13,7,21,11,14,11,9,14,15,36,20,12,32,32,34,18,180,39,16,15,19,17,10,16,10,13,10,27,23,13,10,24,22,21,86,9,11,18,21,13,20,37,19,15,14,8,20,10,12,13,11,14,26,9,13,18,20,13,32,21,20,30,57,46,29,16,9,12,8,30,24,18,15,24,22,14,19,9,30,17,16,32,18,12,18,20,7,15,56,11,15,14,41,15,24,8,11,15,43,50,61,44,10,47,25,10,12,41,45,10,15,27,18,13,22,26,62,-20,23,8,7,37,15,5,38,58,61,4,15,12,33,22,30,35,71,24,35,8,13,13,11,35,36,17,18,27,52,54,7,15,-20,17,114,14,18,30,25,28,18,7,15,125,18,10,28,47,40,19,24,22,30,99,15,44,17,18,39,15,33,21,30,22,9,29,14,56,40,19,21,18,16,45,19,31,15,23,27,25,48,37,26,29,8,11,21,55,43,17,49,16,52,35,26,10,18,27,52,31,39,37,11,30,33,22,116,46,51,12,56,48,138,41,19,29,32,37,37,39,22,43,48,27,63,61,10,38,31,123,30,45,36,30,28,34,31,32,12,15,13,22,29,19,26,18,21,19,19,26,21,18,26,23,17,15,32,22,15,16,22,11,25,23,17,24,23,16,20,11,16,22,21,23,12,24,21,25,18,19,18,19,19,22,32,17,20,23,19,17,19,17,18,14,14,9,20,20,19,21,20,20,14,18,20,37,17,27,22,37,13,20,12,25,11,23,30,22,14,15,11,27,18,23,20,25,17,9,10,-20,12,20,6,10,11,15,10,10,9,16,12,15,15,15,10,14,12,12,19,12,8,20,14,22,9,7,12,16,26,11,13,15,10,11,7,6,14,12,12,8,10,8,17,15,16,20,10,13,18,13,8,7,12,12,10,12,37,21,9,22,16,6,11,12,26,29,15,10,14,23,6,7,12,11,25,13,11,24,21,12,17,24,22,14,25,17,15,26,13,12,21,11,15,14,-20,24,16,11,27,15,21,10,8,14,17,14,27,10,13,25,17,-20,9,15,17,10,21,17,6,13,17,5,8,25,14,11,15,9,14,28,13,122,17,30,26,18,13,37,24,29,36,35,24,7,22,17,21,23,27,30,12,20,21,49,24,20,14,17,23,26,52,30,39,27,28,22,24,28,19,18,16,17,14,15,13,9,8,5,8,28,8,24,19,19,25,13,14,15,31,17,28,21,14,14,22,15,20,36,19,30,15,16,15,21,9,7,15,32,35,17,22,12,26,24,25,13,25,12,14,-20,14,13,18,5,-20,7,5,18,21,21,24,19,26,12,13,23,23,17,19,27,18,10,16,12,22,17,22,46,26,28,32,22,38,13,19,24,39,19,17,18,21,11,7,12,29,7,25,11,26,19,15,19,9,11,10,16,6,14,5,6,20,12,38,14,21,6,28,40,27,7,11,-20,30,30,31,-20,5,41,8,28,4,32,5,12,8,9,8,35,7,7,-20,15,18,-20,5,-20,40,8,16,25,7,8,31,9,5,5,4,8,8,8,18,10,9,7,18,10,-20,9,34,8,7,6,6,8,39,25,25,4,7,30,4,38,23,13,15,5,16,26,15,30,34,51,42,78,164,120,37,31,53,36,41
"chr2,10356863",12,7,10,10,19,19,9,13,15,17,14,12,11,16,12,10,32,14,100,58,62,11,61,26,51,20,31,23,36,16,15,24,21,18,68,47,41,33,20,7,13,-20,30,23,28,44,-20,40,12,30,52,18,43,16,16,18,61,11,30,24,37,30,26,28,30,33,32,42,59,19,36,38,29,34,30,49,15,14,11,23,21,15,14,17,16,32,29,56,43,12,17,19,21,21,17,24,25,45,10,41,36,36,5,18,20,36,16,10,20,16,28,13,35,30,12,10,30,23,6,7,19,11,15,6,32,16,8,44,26,31,32,13,14,16,31,29,44,13,15,19,17,6,17,22,37,12,16,39,13,17,10,35,49,55,32,22,22,35,202,59,14,15,10,9,13,25,18,9,10,32,106,127,80,34,20,40,42,29,31,168,35,56,56,10,52,27,4,54,40,18,64,50,11,17,17,43,38,29,64,19,20,24,65,51,78,38,52,140,40,13,100,18,66,35,31,52,131,37,40,7,18,47,39,23,34,35,34,26,21,33,40,12,63,102,13,20,30,43,37,27,31,21,35,27,19,30,24,27,54,12,43,47,10,22,23,39,26,36,33,22,60,39,33,18,47,23,9,92,58,36,37,75,47,17,65,32,44,96,44,99,25,15,14,32,5,18,29,16,16,41,36,19,20,36,95,79,92,15,8,12,12,5,22,7,16,35,37,10,40,37,40,47,33,56,9,19,14,20,27,158,14,53,13,16,33,16,24,18,11,16,15,17,11,10,46,31,18,23,30,27,24,24,30,35,11,16,7,37,20,9,26,20,8,33,16,12,13,10,43,16,15,13,39,16,11,36,20,14,13,23,14,16,9,62,22,14,22,68,20,14,22,14,5,22,15,26,24,14,12,19,5,25,22,13,6,17,5,21,86,21,13,6,6,16,29,16,25,37,19,16,30,23,18,29,18,10,10,7,22,11,14,11,10,14,14,34,21,12,32,34,35,18,183,40,16,15,20,17,11,16,8,13,10,26,23,15,10,24,22,21,89,9,11,17,21,13,20,35,21,16,14,9,19,10,13,14,11,14,26,10,13,18,20,11,30,21,20,30,56,47,31,16,9,13,8,31,24,18,17,22,20,11,20,8,30,17,16,30,17,10,19,18,8,12,57,11,16,14,40,15,24,9,11,15,42,53,60,44,11,49,26,10,11,40,46,9,15,28,18,14,22,26,59,11,23,8,8,36,15,5,38,55,57,4,15,12,34,24,29,37,72,23,35,8,13,13,11,37,36,18,17,24,-20,54,8,15,-20,18,115,13,17,30,26,28,17,7,16,122,21,-20,27,48,42,20,24,24,27,87,15,42,18,19,41,15,34,21,30,22,9,29,14,56,38,19,21,19,16,45,19,30,16,27,26,25,47,37,26,29,8,11,20,53,44,16,-20,13,52,41,23,10,17,27,49,33,42,35,10,26,40,23,117,44,54,13,61,44,142,41,20,27,31,34,37,39,21,42,45,27,62,59,10,36,32,123,30,46,36,31,26,36,30,30,12,15,14,23,28,22,26,18,21,19,19,26,21,18,26,23,17,15,31,22,15,17,23,11,25,23,17,23,23,16,20,13,16,23,21,23,12,24,19,25,18,20,18,19,19,22,34,16,20,23,19,17,19,16,15,14,14,9,20,20,19,21,20,18,14,17,20,37,16,26,21,37,13,19,12,26,11,24,31,22,14,15,11,27,19,24,20,25,17,9,10,14,12,21,6,10,11,16,10,9,9,15,12,15,15,15,10,14,12,12,19,12,8,21,14,22,9,8,13,16,26,11,13,15,10,12,7,6,14,11,12,-20,10,10,17,16,16,22,10,13,18,13,8,-20,12,13,10,12,37,22,11,22,16,6,10,11,25,29,15,10,14,21,6,6,12,11,23,13,10,25,20,12,18,24,22,15,25,17,15,26,14,12,20,11,14,14,-20,23,16,11,28,15,21,10,8,14,18,14,28,10,14,26,17,21,9,16,17,10,21,17,7,13,17,5,9,25,14,11,15,10,13,26,12,123,17,31,25,18,13,37,25,29,36,36,25,7,22,17,22,25,27,30,12,21,21,47,26,20,14,18,23,27,51,30,39,27,29,20,25,29,19,18,16,18,14,16,13,9,8,5,6,28,8,24,20,19,25,14,13,16,31,19,28,21,14,16,22,15,20,36,19,31,15,16,15,21,9,7,15,32,37,16,23,12,26,24,27,13,25,12,15,-20,14,13,18,5,10,8,5,19,21,21,23,20,26,12,13,23,23,16,20,27,18,10,16,13,24,17,22,45,25,28,31,22,39,13,18,23,38,19,18,18,21,10,7,12,29,7,26,13,28,18,16,19,9,11,10,16,6,13,-20,6,20,12,39,14,17,-20,26,36,28,8,-20,-20,26,30,31,-20,4,30,6,24,3,30,4,12,-20,6,5,34,5,-20,-20,14,19,3,6,-20,32,6,13,29,6,9,28,7,3,4,5,6,-20,9,17,-20,8,6,16,10,-20,8,28,8,7,7,6,-20,33,16,22,3,-20,28,4,29,23,13,16,5,15,27,14,30,33,52,43,78,147,120,35,31,53,38,43
"chr2,10356867",12,7,10,10,18,18,10,14,16,15,13,13,12,16,11,10,35,13,96,58,58,14,59,27,52,21,31,24,35,19,12,23,20,-20,67,46,42,32,20,8,13,26,29,21,29,44,-20,45,13,31,55,19,45,14,-20,17,60,10,29,23,38,33,27,28,27,32,32,42,60,18,34,36,26,36,33,46,13,12,11,23,18,16,14,17,17,31,30,59,44,13,16,20,20,23,17,25,25,45,9,42,34,33,-20,19,19,36,15,10,20,18,27,13,-20,30,12,9,28,27,6,4,19,15,13,6,33,16,7,48,27,31,30,13,15,17,30,33,46,13,14,19,15,7,16,22,39,12,14,41,11,17,10,36,48,60,33,21,19,35,200,52,13,13,10,10,12,24,19,9,10,33,105,119,66,34,23,38,26,29,34,145,32,56,54,11,50,27,4,50,38,19,71,44,8,17,15,41,35,27,64,18,18,24,66,52,77,35,50,135,37,-20,101,18,67,34,31,50,128,34,39,-20,17,50,43,24,33,35,39,23,23,33,43,11,61,101,14,17,28,39,36,27,34,23,31,30,20,27,28,24,57,-20,45,46,9,22,20,45,35,35,30,25,59,42,34,18,50,25,7,-20,60,31,35,77,48,17,66,33,46,96,39,93,25,15,13,33,5,19,27,16,15,41,35,14,20,41,109,73,88,15,7,13,12,5,21,7,18,34,37,9,39,41,39,52,32,55,9,16,17,21,25,162,13,53,14,16,34,18,23,16,11,16,16,16,10,9,43,29,17,23,32,27,23,24,31,33,12,14,7,38,19,10,26,20,9,31,16,12,12,10,41,17,14,12,42,16,11,36,19,15,14,22,12,17,8,63,22,13,21,69,21,14,22,13,-20,23,16,26,24,14,12,20,5,24,23,14,9,17,5,21,84,21,15,7,6,18,28,15,23,36,20,16,31,24,19,27,19,9,9,7,22,12,13,9,11,15,12,39,21,12,33,34,34,19,181,39,16,14,19,16,9,16,6,13,10,25,22,15,8,23,21,19,88,10,12,17,22,13,20,33,21,15,15,11,17,10,14,12,11,14,27,11,12,17,20,12,29,19,21,30,55,46,28,16,10,13,9,32,23,20,17,21,20,11,20,9,31,17,16,29,17,8,19,18,8,12,59,11,18,14,35,13,25,11,10,15,42,54,59,45,10,49,22,10,11,41,44,9,15,28,18,17,-20,28,58,12,19,7,8,37,14,5,38,49,55,4,12,-20,31,26,25,34,71,23,33,8,12,14,10,35,37,19,16,-20,43,54,8,15,13,18,110,13,17,29,27,29,18,7,16,118,21,12,27,49,42,17,25,24,25,80,16,40,18,17,36,13,34,19,29,20,9,28,15,53,39,19,20,17,15,42,19,28,15,28,25,22,48,37,26,29,8,12,20,54,46,16,-20,17,50,41,22,-20,20,27,53,32,41,37,-20,28,42,26,117,-20,54,13,58,36,136,54,20,24,31,38,39,40,24,45,44,28,62,60,10,40,31,120,28,45,33,32,23,32,29,28,12,19,14,24,28,21,24,18,20,18,19,29,19,17,27,26,16,13,29,24,15,16,21,11,23,23,18,24,22,13,20,12,17,23,20,21,12,23,19,25,18,19,16,17,20,22,31,14,17,23,19,17,19,15,15,14,14,9,19,19,19,22,20,18,14,17,20,35,16,23,21,36,12,19,11,26,10,24,29,-20,15,15,10,25,20,24,19,23,17,8,9,14,12,19,5,10,11,14,10,9,-20,15,13,15,14,16,9,13,12,12,17,11,8,21,14,22,8,8,13,-20,24,10,13,12,-20,12,8,6,15,11,11,7,10,10,17,16,16,20,10,13,17,13,7,-20,10,12,9,11,39,22,13,22,14,7,10,11,27,28,15,9,12,22,5,7,14,13,24,12,9,24,19,12,18,25,23,15,25,17,15,22,14,10,19,10,12,12,-20,24,14,10,27,14,21,11,8,13,17,14,27,9,14,28,18,21,9,17,18,11,22,15,7,12,15,-20,10,26,14,9,15,9,14,26,13,122,17,31,25,18,10,31,22,28,36,38,25,-20,21,15,19,25,26,28,11,20,19,44,23,19,14,17,22,26,49,28,37,26,25,21,25,29,19,15,15,18,14,16,13,8,8,5,6,27,7,22,20,20,27,15,13,14,30,17,28,21,14,16,20,13,20,36,18,33,16,17,15,20,8,7,16,29,37,15,24,12,27,23,27,12,24,12,14,-20,13,12,18,5,9,8,5,18,20,16,21,20,23,12,11,20,23,16,19,28,18,11,16,13,21,16,21,44,26,27,31,22,38,12,18,26,37,20,18,17,23,10,7,12,28,7,27,13,26,15,16,19,9,12,11,15,6,13,-20,6,-20,13,37,17,18,8,26,37,26,10,10,-20,30,30,26,10,4,34,6,28,3,29,5,11,6,7,4,34,7,5,-20,12,21,5,5,3,31,9,13,24,6,10,30,8,3,6,4,8,7,8,21,12,7,6,16,-20,-20,9,29,8,8,-20,-20,6,32,22,23,5,8,25,5,29,22,12,17,5,14,27,15,30,33,47,42,87,147,113,36,33,53,39,43
"chr2,10356870",13,7,11,12,19,17,11,13,16,15,13,14,12,14,12,10,34,13,98,53,58,14,57,26,53,20,32,20,36,17,13,22,20,-20,64,44,41,31,19,8,13,27,30,21,29,43,9,44,13,32,60,20,44,15,16,18,59,11,30,22,37,31,26,27,26,33,33,40,56,19,33,35,27,35,31,46,15,12,11,23,18,16,17,17,18,33,32,57,42,12,16,20,18,22,14,25,25,45,9,40,32,36,-20,19,20,33,14,10,16,18,26,13,-20,28,12,10,26,27,6,6,18,16,12,8,33,17,7,46,28,31,30,12,16,18,27,34,42,13,14,19,15,7,16,22,38,12,15,39,13,17,10,35,46,60,33,21,19,35,208,53,13,13,12,11,12,23,18,8,12,29,106,128,67,34,25,39,25,30,34,135,32,49,50,11,49,27,5,51,35,23,67,46,10,18,16,43,33,26,63,18,21,24,66,53,82,39,48,128,37,12,111,18,67,34,31,52,125,33,38,8,19,52,40,25,39,33,38,21,23,31,42,11,63,110,13,15,28,40,35,28,35,21,33,28,19,29,29,21,57,15,47,46,10,19,21,45,35,34,29,28,59,41,35,18,49,24,7,89,60,29,32,75,44,18,54,39,45,84,34,93,20,16,14,32,5,19,28,16,15,39,34,15,20,41,107,70,92,16,7,12,10,4,21,7,19,33,36,9,41,40,39,52,31,54,9,15,16,20,24,160,12,54,13,15,32,17,25,15,11,16,16,15,12,9,39,30,17,25,30,29,23,21,31,33,14,13,6,35,18,10,24,21,8,28,17,15,11,10,43,17,16,12,44,16,12,38,18,15,12,23,13,17,8,61,23,14,19,66,20,14,23,14,5,23,15,26,25,14,13,19,5,23,21,13,10,17,7,21,87,21,15,7,-20,16,30,15,21,33,19,16,30,23,20,26,19,10,8,7,22,12,15,9,11,14,13,39,21,12,34,37,33,19,175,37,17,15,19,15,10,16,6,13,10,25,21,16,9,21,22,18,88,10,13,16,22,12,21,34,20,15,13,12,16,10,14,13,11,13,27,11,13,18,20,13,29,20,21,30,59,45,29,16,11,14,9,30,23,21,17,21,18,11,21,9,31,18,16,29,17,7,19,18,8,12,59,12,18,15,35,13,26,10,10,13,41,54,56,45,11,45,25,11,12,40,44,9,13,29,17,16,25,27,55,12,19,9,-20,30,15,5,39,49,54,4,12,-20,29,28,28,32,70,21,33,8,12,12,10,37,38,19,15,26,44,48,8,15,13,19,106,12,16,27,27,27,18,-20,16,118,21,12,27,47,40,16,25,24,19,83,18,45,18,15,37,14,32,19,29,19,9,26,15,57,40,17,20,19,13,41,20,27,15,27,27,23,51,41,27,29,9,13,21,53,46,15,50,17,49,41,21,10,21,29,52,32,41,35,10,31,42,28,117,40,46,13,59,37,132,59,19,20,33,36,41,39,26,42,43,27,65,63,10,40,30,118,28,46,35,32,23,31,30,28,14,21,14,23,30,23,26,18,21,17,19,30,19,17,27,29,17,14,29,24,15,17,21,11,25,23,18,27,23,14,22,13,17,23,20,21,12,22,17,23,20,20,16,19,20,23,32,15,17,24,19,17,22,17,15,15,15,12,18,18,18,22,22,19,12,18,20,37,16,23,21,36,12,19,10,26,10,25,29,21,16,15,10,25,21,26,22,26,16,9,9,14,12,21,6,11,13,14,10,9,-20,16,13,15,14,15,9,13,13,12,18,11,8,21,15,23,8,8,14,20,27,10,15,12,10,12,8,6,16,11,12,7,11,11,17,18,17,21,11,13,17,15,8,8,12,11,9,12,39,24,13,24,14,6,12,12,30,27,16,11,17,23,5,7,12,13,25,14,9,27,20,12,19,25,22,15,28,18,15,23,15,10,21,12,12,12,-20,24,14,11,28,17,21,12,-20,13,20,14,27,11,18,28,20,20,9,18,19,11,22,16,-20,14,15,6,10,28,17,10,17,8,13,26,13,120,16,29,28,19,12,33,25,31,36,41,27,8,21,16,19,25,27,29,12,21,19,47,25,20,14,18,22,28,50,28,38,26,26,21,26,30,17,16,15,19,14,17,13,9,8,5,7,29,6,23,19,21,31,16,13,16,30,17,29,22,14,18,19,13,20,41,18,33,16,17,17,22,9,7,16,29,36,16,24,12,29,24,28,13,25,13,14,-20,15,12,19,6,11,9,7,19,21,17,23,20,22,12,12,23,27,16,20,31,19,12,18,13,20,17,24,46,27,27,30,24,40,11,18,25,37,22,20,17,22,11,7,12,28,7,27,12,27,15,17,19,10,13,13,15,7,15,-20,5,19,13,37,18,18,6,27,31,30,10,10,3,27,29,24,10,4,27,5,28,3,32,3,11,-20,8,3,32,8,5,-20,10,18,6,4,-20,31,10,16,24,5,11,30,7,-20,5,4,7,4,10,22,14,7,7,17,10,-20,10,29,8,7,6,3,6,35,22,20,5,8,25,-20,33,22,12,18,5,15,27,14,30,33,46,41,81,147,108,37,34,49,41,44
"chr2,10356874",13,7,11,11,19,17,11,12,16,14,12,13,12,13,12,11,33,14,97,55,58,14,58,26,57,21,31,20,37,18,14,22,19,-20,61,47,41,30,20,8,13,24,30,27,28,44,-20,-20,12,29,65,20,44,13,-20,21,56,-20,30,22,37,32,28,28,24,35,34,39,53,21,30,33,24,36,31,49,14,10,11,22,18,16,18,17,18,36,37,60,42,11,16,19,19,22,16,25,26,42,8,39,33,38,-20,19,21,34,14,10,17,17,26,13,34,27,11,10,26,28,5,6,16,16,12,8,35,16,7,47,26,31,31,11,17,17,26,34,40,12,14,18,14,7,14,22,43,12,15,39,13,17,10,35,47,51,31,21,19,44,204,54,13,12,11,11,11,25,17,8,13,29,109,122,65,34,22,40,27,31,24,128,31,50,49,11,50,27,4,55,35,26,69,45,11,18,11,44,25,25,65,16,18,23,64,52,86,36,53,126,32,11,113,19,68,31,32,50,121,30,35,8,19,52,38,-20,36,32,34,22,-20,30,40,10,63,105,13,16,27,42,34,28,31,20,34,29,18,29,30,19,60,-20,42,47,12,20,25,47,33,34,30,26,61,36,38,17,48,24,-20,86,63,30,33,77,41,15,55,39,44,66,33,93,21,14,15,32,6,14,31,15,12,38,33,15,20,46,97,79,85,16,7,9,-20,4,15,7,18,33,38,9,41,39,39,53,28,53,10,16,17,20,26,162,12,52,-20,13,33,18,28,20,11,17,16,15,12,11,39,30,18,24,35,27,20,17,32,33,13,14,6,35,18,11,23,20,8,29,14,16,11,7,41,17,17,12,42,15,11,40,17,16,12,23,13,17,8,59,20,12,19,69,19,14,24,15,5,22,16,27,26,17,13,18,7,23,20,13,-20,16,6,20,85,20,16,9,5,18,29,15,19,33,17,16,31,23,19,25,18,12,8,7,19,14,15,10,11,14,13,36,18,13,30,37,30,20,181,37,14,15,21,15,10,18,8,13,10,24,24,14,9,21,23,19,86,11,13,14,22,13,23,30,19,14,14,12,18,10,14,13,9,13,27,11,12,16,20,12,31,22,19,27,61,45,31,18,12,13,9,30,23,16,17,19,18,11,20,10,30,18,16,28,16,6,18,18,8,13,54,14,19,15,28,12,25,10,10,13,42,53,56,44,12,45,25,11,12,43,44,9,13,28,17,21,-20,-20,53,12,20,10,8,28,16,5,35,43,56,4,12,-20,30,28,26,35,66,20,32,7,13,12,10,36,39,18,15,-20,37,43,9,16,-20,20,105,13,15,26,24,31,19,7,16,113,21,-20,26,46,43,17,25,26,20,80,17,44,18,14,37,14,33,19,30,18,9,26,14,55,40,16,18,19,14,38,20,25,15,26,26,24,50,41,25,29,8,13,22,56,47,16,45,-20,48,46,24,10,19,28,54,29,40,33,-20,34,39,34,118,39,39,14,59,36,142,59,20,21,33,32,-20,36,27,42,41,26,60,44,10,42,30,115,34,47,37,32,22,34,28,31,13,19,10,21,30,23,25,16,18,14,18,31,17,17,26,25,14,12,30,25,15,17,20,10,24,23,15,25,23,14,21,11,17,22,20,18,12,23,17,22,18,20,16,15,20,22,29,15,16,24,18,17,21,16,14,14,15,10,19,16,17,21,22,18,12,19,19,37,15,25,21,35,12,19,10,26,10,21,27,20,15,12,10,26,19,22,23,25,-20,9,9,15,11,21,6,11,12,14,9,9,7,15,13,14,13,15,8,12,13,12,18,12,7,21,15,22,7,8,13,21,26,10,15,11,10,11,8,-20,14,9,11,8,10,12,14,16,18,20,11,12,17,15,8,8,12,13,9,11,38,23,13,26,14,6,11,12,30,26,16,12,16,23,5,7,14,13,23,14,9,24,20,11,20,24,20,15,27,18,14,20,15,10,21,11,12,13,-20,23,12,11,27,15,18,12,-20,13,19,14,24,10,18,25,19,20,9,18,19,9,23,15,-20,14,14,6,10,28,16,10,17,8,14,26,10,119,18,28,28,19,11,35,23,29,33,42,28,6,20,14,17,23,26,29,12,20,16,47,24,20,13,20,21,28,49,26,38,26,26,21,27,29,14,14,14,20,-20,16,13,9,5,5,7,28,6,21,18,21,30,15,13,16,28,17,24,21,13,17,18,13,18,41,17,34,14,17,16,22,9,7,16,28,35,15,22,12,27,21,27,11,24,13,12,-20,14,13,19,6,11,9,7,19,17,16,23,20,22,11,12,21,26,15,19,31,18,13,18,12,20,17,21,45,26,25,30,22,40,11,18,23,35,21,19,16,20,10,6,11,27,-20,21,10,24,14,17,19,10,13,12,14,6,15,5,3,18,13,37,18,14,7,25,33,29,9,7,6,25,30,27,-20,3,26,4,-20,-20,28,5,8,-20,9,5,29,8,6,-20,18,20,6,4,3,31,6,15,16,-20,14,31,6,-20,5,8,-20,-20,12,21,13,6,7,14,9,-20,8,24,10,8,-20,-20,4,31,20,21,5,6,29,3,29,22,12,20,5,15,25,14,29,32,46,41,81,125,105,39,34,49,40,43
"chr2,10356875",12,8,10,11,19,17,11,12,16,14,12,13,12,13,12,11,32,14,97,55,57,14,61,26,58,21,31,20,37,17,14,22,17,-20,61,48,39,29,19,8,13,27,30,26,28,43,10,43,11,26,65,19,44,13,16,21,52,11,30,24,37,32,30,28,24,33,33,39,54,21,30,33,25,35,31,49,14,10,11,22,18,16,18,18,18,33,36,59,42,11,16,20,19,21,16,24,26,42,8,39,32,36,-20,19,21,34,14,11,18,17,26,13,-20,27,11,10,27,28,5,6,16,16,12,8,35,16,7,48,27,30,30,11,17,17,27,34,40,12,14,18,14,7,14,22,42,13,14,39,13,17,11,35,46,49,32,20,19,45,204,55,13,12,11,10,11,25,18,8,13,29,109,115,65,34,23,40,26,31,24,129,30,49,49,11,47,27,4,58,35,26,62,48,13,18,13,44,25,25,64,16,18,21,65,52,84,36,53,125,33,11,113,21,68,-20,33,51,120,31,36,8,20,52,37,-20,37,31,34,21,29,30,41,11,63,106,13,13,26,42,36,29,31,20,34,29,18,29,31,19,59,17,40,48,13,20,24,47,34,35,31,26,61,36,37,17,48,23,9,86,63,29,33,78,40,15,56,40,44,63,34,98,21,14,14,32,6,14,31,14,12,39,33,16,20,46,94,79,84,17,7,9,13,4,15,7,17,33,39,9,43,40,39,55,28,53,10,16,16,20,25,164,12,52,13,13,31,18,27,20,11,16,15,14,12,11,39,31,18,24,37,26,21,18,31,33,15,14,-20,35,18,11,23,21,8,29,13,16,11,7,41,16,16,12,43,15,11,44,18,16,11,23,13,17,8,55,20,13,19,70,19,14,24,14,5,22,18,27,25,16,13,17,7,23,20,13,10,16,6,20,86,20,16,9,5,18,30,14,18,33,17,16,31,24,19,25,18,12,8,-20,19,15,14,10,11,13,13,35,18,13,30,37,31,21,180,37,15,15,22,15,10,16,8,13,9,23,23,14,9,20,23,19,82,11,14,14,22,13,23,30,19,15,14,12,18,10,15,13,7,12,26,11,12,16,19,12,32,22,20,26,60,43,31,18,12,13,9,30,23,16,17,20,16,11,20,9,29,18,15,27,16,6,18,17,8,13,53,16,20,15,27,12,24,10,10,13,40,53,56,43,12,46,25,11,12,44,44,9,13,29,17,21,28,-20,52,11,20,10,8,29,16,-20,35,39,51,4,12,-20,29,29,26,36,66,20,32,7,13,12,11,36,38,18,16,26,39,44,9,16,11,19,104,13,15,25,24,30,20,8,16,115,21,15,26,45,42,16,25,25,18,79,17,45,18,13,36,15,33,19,30,18,9,26,14,54,40,16,-20,19,14,38,20,25,15,26,26,23,50,41,24,29,8,13,22,56,46,15,48,14,49,42,26,9,20,30,55,31,40,35,12,37,35,34,118,39,39,14,59,38,140,62,21,21,31,33,41,35,28,41,41,25,64,45,10,42,28,120,33,47,37,31,21,34,27,32,13,21,10,20,30,23,24,17,18,14,18,31,18,17,27,24,14,12,29,25,15,17,20,9,25,22,15,25,22,14,21,11,17,22,20,18,12,23,17,22,18,19,16,15,20,22,28,15,16,23,19,17,21,16,14,14,15,12,19,16,17,20,22,18,12,18,19,37,16,25,21,34,12,19,10,28,10,21,27,20,14,12,10,26,19,21,20,25,18,9,9,15,11,21,6,11,12,16,9,10,-20,15,13,14,13,14,8,12,13,12,18,12,7,21,15,23,7,8,13,21,25,10,15,11,10,12,8,-20,14,10,11,8,10,12,14,17,18,20,11,12,17,15,8,8,12,13,9,11,38,23,13,26,14,6,11,12,30,26,16,13,16,22,5,7,13,13,23,14,9,24,20,11,19,24,22,14,28,18,14,20,15,10,21,11,12,13,-20,23,12,11,27,15,18,12,-20,13,19,14,24,10,18,25,19,20,9,18,19,11,23,15,7,14,14,6,10,28,16,10,17,8,15,28,9,118,19,28,28,19,11,36,23,27,33,43,28,6,20,14,17,23,26,29,12,20,16,47,25,19,13,20,20,29,48,26,38,27,26,21,27,29,14,14,14,21,14,16,13,9,6,5,7,28,-20,20,18,20,30,15,13,16,27,17,24,21,13,19,18,13,18,40,17,34,14,17,16,22,9,7,16,28,35,15,22,12,27,21,27,13,24,13,12,-20,14,13,19,6,11,9,7,19,17,17,23,20,22,11,12,21,25,15,19,31,18,14,18,12,20,16,21,43,26,24,30,21,40,11,18,23,35,21,19,16,19,10,6,11,29,7,21,10,24,15,17,19,10,13,12,14,6,15,4,3,18,13,37,18,16,7,28,34,34,10,6,7,24,30,26,13,3,34,5,28,4,30,5,8,-20,11,5,32,8,6,-20,12,20,7,4,4,31,9,15,22,-20,14,29,6,4,5,8,7,6,11,22,12,4,6,13,7,-20,8,28,10,8,6,3,4,33,22,21,5,5,27,5,35,21,11,20,5,15,25,14,28,31,45,41,81,125,106,37,30,49,40,43
"chr2,10356876",12,6,9,11,19,16,11,11,14,13,12,12,13,13,13,11,32,15,97,55,57,13,62,26,57,21,30,18,37,17,16,22,16,-20,60,48,39,30,19,8,14,27,29,26,30,44,10,42,11,26,65,18,44,11,16,20,48,11,30,23,36,33,30,28,23,33,33,39,54,21,31,32,24,33,31,49,14,10,11,22,17,16,17,18,18,35,37,61,43,11,16,21,15,21,18,25,24,42,-20,40,31,36,-20,19,21,34,14,11,18,17,26,12,36,25,11,10,27,28,5,6,16,15,12,8,35,16,7,49,24,30,28,10,17,17,27,33,38,11,14,18,13,7,13,20,43,13,13,35,13,17,11,34,46,48,33,20,17,45,205,55,13,12,11,10,10,24,17,8,14,29,109,117,61,36,22,39,27,31,24,129,30,49,50,10,45,27,3,59,34,25,63,44,13,15,13,46,30,25,64,15,18,21,64,52,83,38,50,125,33,10,110,23,68,36,32,52,120,30,36,8,20,50,36,28,38,31,33,21,29,29,40,11,63,106,12,16,22,42,36,28,32,20,34,29,18,28,29,18,59,18,42,48,13,20,24,47,34,35,30,26,61,36,38,16,48,23,9,85,63,29,33,79,38,15,55,40,43,63,34,101,23,14,14,34,6,13,29,14,12,38,34,16,20,45,94,79,84,17,7,9,12,4,15,7,18,34,38,9,43,36,38,55,28,52,11,14,17,20,25,164,12,51,13,13,31,18,28,20,11,16,15,14,11,11,37,31,19,24,36,26,23,19,31,34,14,14,6,35,19,10,23,21,8,29,12,16,11,7,40,17,16,10,43,15,11,44,18,16,11,23,14,16,8,55,20,13,18,71,19,14,24,13,5,22,16,28,26,14,13,17,7,22,18,13,10,16,6,19,86,20,17,9,5,16,31,12,18,33,17,17,31,25,19,24,18,12,8,7,19,15,14,11,11,13,13,34,16,13,31,35,31,21,178,37,15,16,22,15,10,16,8,12,10,23,23,14,10,19,21,18,82,11,13,14,22,13,23,30,19,14,14,13,18,10,16,13,7,12,26,10,12,16,19,12,31,22,20,26,59,41,31,19,12,13,9,30,23,17,17,19,16,11,19,10,28,18,16,27,16,6,19,17,8,13,52,16,20,15,27,11,24,10,10,13,39,53,54,44,12,45,25,11,12,45,45,9,13,29,17,21,28,30,52,10,19,10,-20,29,16,-20,33,39,49,4,12,-20,30,29,26,36,66,19,32,7,12,12,11,34,39,17,15,25,41,43,9,16,12,19,105,13,15,23,24,29,20,8,16,119,21,15,26,46,43,17,24,25,15,79,17,42,18,13,35,15,31,19,27,18,8,26,13,54,34,16,-20,19,14,36,19,25,15,26,26,23,48,39,24,27,8,13,21,55,47,15,47,15,49,39,26,9,20,30,55,30,40,35,11,39,35,34,118,37,39,14,59,40,138,62,21,19,33,32,39,33,30,42,41,26,59,46,10,41,28,119,33,48,38,30,21,31,27,32,13,20,10,19,27,21,22,16,19,14,18,31,18,17,27,23,14,12,30,23,15,16,18,9,24,22,15,23,22,14,21,11,17,22,18,18,12,22,16,22,18,18,15,16,20,21,27,15,16,22,16,17,21,15,14,14,14,12,17,16,17,20,21,18,12,17,19,35,16,22,22,32,12,19,10,28,9,20,28,20,14,12,10,22,19,21,20,26,17,9,9,15,11,13,7,11,12,15,9,10,8,15,13,13,13,15,8,12,13,12,18,11,6,18,14,24,7,8,13,19,25,10,15,11,10,12,8,-20,14,-20,11,7,10,10,13,17,17,20,11,11,15,15,8,8,12,12,9,11,37,22,13,24,14,6,11,12,28,25,16,13,16,22,6,7,11,13,22,14,9,23,20,10,18,22,22,15,27,18,14,19,15,8,21,9,12,13,-20,21,12,11,27,15,17,12,6,13,19,13,25,10,18,23,16,19,9,18,18,11,20,14,7,14,12,6,10,27,16,10,17,8,15,28,9,119,19,25,27,19,11,32,23,28,33,43,26,6,19,14,17,24,26,28,11,18,17,44,24,19,13,20,20,29,48,26,37,24,25,20,26,28,14,13,12,20,13,15,12,9,6,5,7,25,6,19,17,19,30,15,12,15,26,17,23,20,13,18,18,13,18,38,17,34,13,16,16,22,9,7,16,27,34,14,22,11,27,19,27,12,22,13,12,-20,14,12,19,6,11,10,7,18,17,15,23,20,21,11,11,19,24,14,19,30,18,14,19,11,20,16,20,41,26,23,30,22,40,11,17,21,35,19,19,16,19,10,6,10,27,7,21,9,24,15,16,19,10,13,11,13,6,15,4,3,18,13,36,18,18,8,28,36,33,9,7,8,31,29,27,15,3,35,6,27,4,31,6,11,-20,13,5,32,7,6,-20,11,22,6,5,4,31,10,15,20,-20,14,31,5,5,7,-20,9,5,11,22,12,5,6,16,9,-20,8,28,11,8,6,3,5,34,23,22,5,8,28,5,35,21,11,20,5,16,25,14,28,30,45,41,71,125,109,36,30,50,38,43
"chr2,10356879",13,6,8,10,19,15,11,11,14,13,10,10,13,13,14,10,28,15,100,52,57,11,59,24,57,20,31,17,31,15,15,21,16,-20,60,48,36,30,16,8,12,27,30,25,30,45,10,42,11,25,64,18,45,10,16,20,48,11,28,25,36,33,32,24,23,32,33,37,53,20,31,32,24,30,30,50,15,10,10,20,15,17,17,19,18,34,37,60,43,11,17,23,16,21,20,24,25,43,6,39,33,35,-20,19,21,35,15,12,20,17,23,11,33,23,10,10,29,27,5,6,16,14,10,8,34,13,7,45,25,29,28,8,14,17,25,33,34,11,14,16,10,-20,11,17,41,12,13,28,13,19,9,37,48,49,31,17,17,48,204,51,13,12,10,10,10,22,13,7,14,29,103,120,62,35,22,41,19,28,23,129,31,46,53,10,44,26,3,59,36,26,63,46,13,15,13,45,30,24,63,15,19,19,58,48,85,39,49,122,31,-20,111,21,68,36,31,49,116,30,31,8,20,52,39,26,35,32,36,21,28,28,38,12,60,104,15,14,22,40,34,32,30,21,31,30,17,28,34,17,61,17,40,50,13,22,24,47,33,37,31,28,62,36,44,15,53,25,8,86,61,25,31,80,38,15,57,36,43,59,36,97,21,15,13,33,6,15,28,15,12,35,34,15,20,43,94,79,82,16,6,9,13,4,15,7,18,33,36,7,42,34,37,51,30,49,10,13,19,21,24,163,11,49,14,13,31,16,28,20,11,16,14,12,10,9,36,28,17,22,31,26,22,19,32,34,14,14,6,35,18,10,25,22,7,27,9,17,10,7,40,17,14,10,42,14,11,42,16,16,10,21,16,15,8,59,19,13,16,71,16,15,25,16,4,21,16,29,26,10,11,16,8,21,15,15,-20,15,-20,18,86,19,17,9,5,16,30,11,18,32,19,16,30,26,17,23,16,10,8,-20,19,12,14,11,9,13,11,33,16,13,28,34,30,22,176,36,15,18,22,14,11,15,8,12,10,22,22,14,10,18,21,18,78,9,14,16,21,12,23,31,18,12,14,13,19,9,17,12,7,12,24,11,12,14,18,11,31,22,21,23,59,41,30,15,12,14,9,29,19,16,16,18,15,12,17,10,27,17,14,28,17,6,18,17,-20,10,47,15,19,14,26,11,21,11,10,13,40,50,54,42,9,43,24,9,10,46,44,7,12,29,11,20,26,27,48,9,18,10,-20,29,15,4,30,40,44,4,11,-20,30,33,24,37,72,19,32,-20,13,12,11,30,40,18,14,28,41,45,9,15,12,21,99,13,14,24,24,30,19,7,15,120,20,14,26,49,42,19,24,24,16,79,17,37,20,10,34,14,30,17,24,17,8,24,12,47,28,15,14,19,15,34,19,25,11,26,27,21,46,39,22,25,8,14,20,55,49,12,42,15,49,38,29,11,19,30,57,31,40,39,-20,34,32,34,111,35,39,13,57,40,138,63,21,21,28,31,38,32,31,42,41,25,58,41,11,39,29,115,29,48,38,30,16,31,27,29,13,19,10,16,24,18,23,13,21,13,18,28,18,15,26,19,15,12,29,24,15,14,17,8,23,21,14,21,21,12,20,8,16,23,19,16,11,22,13,19,13,16,14,16,19,20,27,14,16,20,16,15,20,13,13,14,14,11,15,16,16,20,18,18,12,14,16,29,15,21,18,27,12,19,10,25,8,18,26,17,12,-20,10,21,19,17,20,27,16,9,7,14,8,11,8,9,11,15,9,9,7,13,13,12,11,12,7,12,11,11,16,11,6,16,12,23,5,7,12,18,22,9,14,9,9,12,8,-20,11,9,-20,6,10,10,12,14,17,20,11,10,13,14,8,7,12,13,8,10,38,21,13,25,14,6,9,11,23,26,14,14,16,21,5,7,11,11,19,13,7,24,19,9,17,21,19,12,27,17,12,18,15,9,20,8,9,13,-20,17,11,10,26,13,16,11,5,13,18,11,23,7,17,20,14,18,9,17,17,10,17,13,7,13,11,5,9,28,14,10,14,9,14,26,9,115,20,24,26,17,11,28,21,27,30,39,22,6,15,15,18,23,23,26,11,16,16,37,19,17,12,20,15,27,45,23,29,24,24,17,25,25,13,11,12,22,14,14,12,9,6,4,6,23,4,18,16,17,31,17,12,15,26,17,23,18,12,20,17,14,16,37,16,32,10,14,15,21,9,7,14,26,33,13,22,9,25,13,28,12,20,13,12,-20,13,9,18,6,11,8,7,17,17,14,22,16,23,11,10,19,26,15,19,30,19,15,17,8,20,14,17,34,24,23,27,21,41,11,16,19,35,19,17,14,19,8,4,9,27,7,23,8,24,10,16,19,10,12,11,12,6,15,4,3,15,11,35,16,19,7,27,36,34,8,4,-20,29,29,29,13,-20,32,5,25,3,33,6,11,3,12,3,26,7,6,-20,10,19,-20,5,3,30,5,16,18,5,11,32,6,-20,7,8,9,5,12,21,14,5,6,15,8,-20,8,26,11,5,5,4,4,31,18,21,4,-20,26,3,35,21,11,20,5,16,23,15,28,29,45,40,71,122,107,35,28,49,37,42
"chr2,10356884",13,8,10,10,17,14,-20,10,14,14,8,10,12,13,15,13,25,15,99,56,55,11,55,25,59,20,-20,16,30,17,14,16,16,-20,53,49,35,32,17,8,11,25,32,23,27,43,9,38,11,23,59,19,47,13,-20,20,45,12,29,21,36,29,29,22,23,28,33,34,49,19,-20,30,25,25,27,49,14,11,9,19,16,18,15,17,19,35,31,61,37,10,15,24,16,18,20,21,18,39,6,35,30,36,-20,19,22,30,12,12,18,15,23,12,33,22,9,10,29,26,6,5,14,12,10,8,36,11,7,41,23,25,29,8,13,13,24,27,29,12,14,15,10,7,11,17,44,10,14,27,12,-20,9,33,42,53,30,17,17,52,198,46,13,10,9,10,-20,19,11,4,13,-20,93,107,58,38,23,39,31,23,25,127,30,43,44,6,41,22,3,58,32,25,58,44,13,17,15,33,31,24,66,12,19,20,55,49,82,40,44,121,34,11,105,22,66,37,28,48,117,31,23,8,16,46,37,-20,38,31,35,19,27,28,39,10,55,108,18,13,22,39,32,30,31,20,28,35,-20,23,35,15,59,17,39,55,14,20,23,43,30,39,32,28,58,39,43,14,47,24,11,72,59,23,28,75,33,16,50,38,44,54,39,89,17,-20,14,35,5,22,29,16,13,35,31,-20,14,46,84,83,91,16,7,-20,11,5,15,7,17,32,34,6,38,34,35,52,31,48,10,14,19,21,25,158,11,46,15,13,35,17,27,17,10,19,-20,14,9,-20,37,26,14,24,33,26,18,19,32,33,14,13,-20,39,18,12,22,20,5,26,6,16,9,7,35,17,17,-20,43,13,11,40,18,16,9,24,17,13,9,61,-20,11,18,71,17,15,23,16,3,21,17,27,25,11,10,17,8,18,16,14,-20,15,-20,15,85,19,15,-20,6,16,29,-20,16,31,19,15,29,22,18,22,14,9,7,7,18,11,12,12,8,13,9,34,16,12,29,34,31,18,172,34,14,18,19,13,10,12,7,12,-20,21,18,16,10,16,21,16,75,11,12,16,19,13,21,28,16,13,13,16,16,-20,20,11,8,9,23,12,13,13,19,11,28,22,22,20,58,37,30,14,11,12,8,27,19,13,12,16,16,12,18,11,20,18,12,27,17,-20,18,18,9,10,43,14,18,15,22,8,20,12,10,12,34,45,55,41,10,44,28,10,10,47,40,6,12,30,12,23,25,27,39,9,-20,9,9,28,13,4,35,47,36,4,13,-20,30,34,22,42,71,17,32,7,13,10,11,28,38,16,14,23,40,37,10,14,15,22,92,12,15,18,23,29,21,8,15,110,-20,12,26,48,41,18,23,23,22,82,17,37,21,-20,32,13,26,16,22,16,7,22,11,45,28,12,13,18,16,29,17,24,10,27,26,21,42,37,21,21,9,11,18,54,47,10,40,-20,51,35,29,14,19,29,53,31,39,39,-20,36,28,33,111,30,39,14,55,40,136,62,20,18,28,28,37,33,34,45,36,25,56,56,11,40,28,120,35,44,42,36,14,34,25,24,14,18,10,16,23,18,21,12,23,13,-20,27,-20,15,27,18,13,12,27,23,13,13,17,-20,24,21,14,19,20,11,15,8,17,22,17,12,9,21,10,18,16,15,12,16,17,19,27,14,15,19,15,15,20,10,13,14,13,10,15,15,16,18,14,17,11,14,15,26,13,19,17,27,14,17,9,21,8,15,28,15,13,8,8,19,18,18,20,23,14,9,6,14,8,11,9,10,11,15,9,7,7,12,12,10,10,11,7,11,11,11,17,12,6,16,13,21,4,7,12,17,20,9,13,9,8,13,8,4,11,9,9,8,10,12,12,12,17,19,-20,10,13,14,8,8,11,13,9,10,36,21,12,23,14,6,-20,11,20,23,11,15,16,18,5,6,11,10,17,14,6,21,19,-20,14,21,17,12,25,15,11,15,14,8,20,8,9,12,-20,18,11,8,25,12,15,10,5,12,18,10,21,7,15,18,15,18,8,17,16,17,16,13,7,13,14,6,8,25,14,10,13,10,13,24,7,115,21,23,26,17,12,27,19,24,30,38,21,7,13,15,17,20,20,22,13,15,16,34,18,14,11,19,16,27,43,21,29,25,24,17,22,22,12,11,12,21,15,14,11,7,5,4,5,24,3,17,15,17,31,17,12,14,23,14,23,18,10,20,15,15,14,35,14,32,9,12,15,19,9,7,13,19,29,13,21,9,24,15,25,11,18,13,11,-20,11,9,18,6,11,8,7,17,15,15,23,15,23,10,9,19,21,16,19,29,21,15,16,8,19,13,16,32,21,22,26,18,41,12,15,16,32,19,17,15,21,8,3,9,27,7,23,9,23,11,16,20,10,11,11,13,6,14,4,3,17,10,35,16,18,9,31,35,27,7,4,9,27,31,24,10,-20,21,5,25,-20,26,5,7,3,13,3,19,5,5,3,12,21,7,4,3,22,5,13,21,4,9,28,5,3,-20,9,9,3,10,16,-20,4,4,14,6,-20,6,16,9,4,5,6,-20,29,15,20,-20,7,22,-20,32,20,10,21,5,16,23,12,29,29,45,37,86,131,115,33,28,48,36,44
"chr2,10356885",13,8,9,9,17,13,10,12,14,15,8,9,14,13,15,13,25,15,103,58,55,11,58,25,60,20,27,16,30,18,14,18,17,-20,55,49,36,30,17,8,11,24,35,23,28,44,-20,40,11,23,61,19,47,15,15,19,46,12,30,22,36,28,30,24,24,29,34,34,48,19,28,31,25,27,28,51,15,11,9,20,16,16,18,17,19,35,31,63,39,11,14,24,16,20,21,22,18,41,6,34,30,37,-20,19,21,31,12,12,18,16,23,12,34,23,11,9,29,26,6,5,14,12,11,8,38,11,7,42,23,27,31,8,12,13,26,29,30,12,16,15,10,6,12,17,42,10,14,28,12,18,9,33,44,53,31,16,17,52,194,46,13,10,10,10,10,21,11,5,12,26,94,111,56,41,25,43,31,23,24,149,32,42,43,6,42,21,-20,57,41,25,58,47,14,17,15,33,30,25,64,14,19,19,58,51,81,40,44,128,35,-20,103,21,64,42,28,48,117,30,24,7,16,45,37,27,38,32,36,17,28,26,38,11,55,117,20,14,25,40,31,29,30,20,29,35,19,25,35,16,60,17,40,58,14,23,23,45,32,39,34,30,58,40,42,14,51,24,11,68,61,24,30,73,32,15,52,39,43,56,41,91,18,-20,14,34,5,22,27,16,13,35,31,13,16,47,86,83,93,16,7,9,10,6,15,-20,17,34,34,-20,37,32,34,53,31,48,10,14,20,21,24,159,12,46,14,14,35,17,26,17,10,19,14,14,9,9,39,27,14,23,33,26,18,19,33,37,14,13,6,38,19,12,21,20,5,26,5,16,9,8,36,17,18,9,44,13,12,40,19,18,9,24,18,13,10,62,19,11,18,72,17,15,23,16,3,21,15,27,26,11,10,17,8,18,16,14,7,16,-20,15,87,19,15,8,6,15,29,12,17,31,19,15,29,22,18,22,14,10,7,7,18,12,13,11,8,13,9,36,16,12,29,33,29,17,173,33,14,18,19,14,11,12,7,12,9,21,18,18,10,14,21,16,73,11,13,16,19,13,21,28,16,13,13,16,16,9,20,11,8,9,24,12,13,13,19,11,28,23,22,21,59,37,30,14,11,12,8,28,19,13,12,16,16,13,18,12,20,18,12,28,16,-20,18,18,9,10,42,14,18,15,23,8,20,11,10,12,34,47,55,44,11,46,27,10,10,47,39,-20,12,29,11,23,26,27,43,8,17,9,9,27,14,-20,37,47,37,-20,12,-20,31,34,22,42,69,18,33,7,14,11,11,29,37,17,14,26,39,42,11,14,16,22,89,12,15,18,24,30,21,-20,15,112,18,13,25,50,42,19,23,23,25,82,17,36,21,9,31,12,28,16,21,16,7,21,12,45,30,-20,-20,18,16,-20,17,24,10,27,27,22,42,36,19,23,9,11,18,53,48,10,43,13,50,36,29,13,19,29,56,32,39,40,12,40,31,33,115,33,36,14,55,40,136,61,20,18,26,28,37,34,34,44,37,24,57,56,11,41,26,126,35,44,45,36,14,34,26,25,13,18,10,17,24,18,21,11,23,13,16,27,17,15,28,17,13,12,27,23,13,17,18,8,25,22,12,21,20,12,15,8,17,23,18,13,9,22,11,19,17,16,12,16,20,19,26,14,17,19,16,15,22,10,13,14,14,10,16,15,16,18,15,19,11,15,16,27,14,19,19,27,13,16,9,21,8,16,28,16,13,7,8,19,17,20,20,25,13,9,6,15,8,12,9,10,12,15,9,7,7,13,11,10,12,11,7,11,11,12,17,13,7,17,12,21,5,7,13,18,20,9,13,9,9,14,8,7,12,10,9,8,10,13,12,12,17,19,11,10,13,14,8,8,11,13,9,11,36,21,14,24,15,6,-20,13,20,24,12,15,16,18,5,6,11,11,19,14,6,21,19,11,15,22,18,12,26,15,12,15,14,8,20,7,10,11,-20,18,13,8,26,12,15,11,5,12,18,10,21,7,16,19,15,18,7,18,16,17,16,12,-20,13,15,6,8,28,13,11,12,10,13,23,-20,115,21,23,27,17,12,28,20,25,32,38,21,7,14,15,18,20,22,22,13,13,17,31,19,16,11,19,16,27,44,21,28,25,24,17,21,22,12,11,12,21,16,15,11,8,5,4,5,26,3,16,15,17,32,17,12,14,23,15,23,18,9,22,15,15,13,34,14,32,10,12,15,19,9,7,14,19,29,13,23,9,24,15,26,11,19,13,11,-20,11,9,18,-20,12,8,7,17,15,15,23,15,24,10,9,20,23,16,18,30,23,15,16,8,20,14,16,33,23,23,25,18,42,12,15,16,32,20,17,15,22,8,3,9,27,7,23,9,22,11,15,20,11,11,11,13,6,14,4,3,17,10,35,16,20,9,33,34,33,8,6,11,27,31,28,10,-20,25,5,22,2,27,-20,7,3,14,3,18,5,6,-20,11,23,5,4,4,27,5,17,20,3,11,31,5,3,6,9,9,4,10,19,16,5,5,15,7,-20,6,22,10,4,7,6,4,30,15,22,-20,9,25,-20,32,20,10,21,5,17,22,13,29,27,47,37,84,134,116,35,28,52,37,45
"chr2,10356892",14,7,9,8,15,14,11,15,12,15,9,9,19,13,16,13,26,15,104,60,54,11,55,22,61,21,30,16,29,17,15,17,17,-20,59,47,37,30,17,8,10,21,38,22,20,44,11,43,13,24,60,20,49,16,13,18,43,15,28,25,35,29,30,23,26,28,33,37,47,17,37,32,24,28,28,50,16,13,8,20,15,15,19,18,18,35,31,66,37,10,15,25,18,21,22,23,18,39,5,37,28,35,-20,17,21,30,12,12,21,18,22,14,36,24,9,9,28,27,5,5,14,12,13,9,42,10,8,43,23,28,31,9,15,12,23,31,32,12,16,17,13,6,11,16,41,11,14,30,12,17,9,31,42,54,34,15,19,50,173,41,10,-20,9,11,13,21,14,4,13,22,102,121,57,38,25,43,30,25,27,160,34,48,40,7,43,26,5,53,41,25,72,50,14,15,16,30,31,26,67,16,24,20,60,49,82,52,40,131,31,10,115,18,60,48,30,45,109,29,24,6,20,44,37,27,38,41,32,18,33,28,37,12,53,112,18,18,24,50,34,34,33,28,28,41,17,24,32,17,60,17,40,64,14,23,24,48,29,35,41,36,56,37,46,13,47,19,15,70,60,27,25,69,27,16,51,40,39,54,42,102,18,15,13,36,-20,21,28,19,13,33,33,16,15,45,75,91,92,15,9,8,-20,6,14,7,18,34,32,9,41,31,32,54,33,47,9,15,20,17,22,153,11,45,15,13,30,15,22,19,10,21,14,13,9,10,37,24,17,23,35,28,17,19,33,38,14,14,6,37,16,13,20,19,6,24,5,18,9,6,28,18,17,8,39,13,11,32,18,14,8,24,19,13,11,60,20,12,17,72,20,12,23,16,5,23,17,26,24,11,10,16,8,19,17,15,8,16,-20,13,85,17,14,9,7,14,30,11,17,29,18,14,30,20,19,17,14,13,9,7,19,13,14,10,8,10,10,37,16,13,30,31,26,15,181,29,13,22,17,13,9,9,6,12,9,21,16,19,10,13,21,16,72,12,14,16,16,12,22,29,14,13,14,18,17,11,20,10,8,8,26,12,12,13,17,12,24,25,23,18,58,36,29,11,11,12,5,32,21,13,13,19,16,14,18,11,20,17,10,27,17,-20,15,-20,10,14,44,14,17,16,29,6,21,12,11,11,35,52,54,41,11,47,32,8,8,42,41,-20,13,30,14,23,22,27,35,9,18,7,9,26,16,4,35,47,37,4,13,-20,31,37,20,43,75,17,31,8,12,10,-20,24,34,17,15,26,34,39,12,17,16,18,87,11,15,15,25,30,23,8,16,109,13,15,24,52,48,22,23,23,26,83,16,40,19,11,29,13,30,13,19,17,6,22,11,44,27,-20,-20,17,13,-20,18,24,13,25,25,20,39,36,20,23,9,12,19,52,47,8,43,14,47,41,30,14,20,31,57,31,41,38,12,40,33,34,124,36,34,12,53,35,147,61,18,21,31,28,36,32,27,48,41,26,54,56,13,40,24,114,38,44,55,40,17,33,27,26,14,19,11,15,26,19,20,11,24,14,21,29,16,15,26,17,12,15,28,24,13,18,18,10,27,22,10,28,21,14,17,7,16,21,17,15,8,23,10,22,24,14,12,14,19,19,29,16,20,18,15,14,20,9,13,15,15,9,17,14,16,19,12,16,13,15,19,28,15,23,19,26,13,16,8,21,8,19,32,19,11,8,7,17,15,22,18,25,12,7,6,16,8,12,-20,10,11,19,9,7,7,13,9,9,12,10,8,10,12,14,18,12,7,17,15,22,5,7,13,17,21,9,16,11,10,15,8,7,13,10,7,8,8,13,11,11,16,21,10,10,12,15,8,9,12,12,10,9,36,18,12,26,11,6,9,13,22,25,13,15,19,17,4,6,14,10,24,15,5,22,20,10,15,20,20,12,27,13,14,14,15,11,18,7,9,10,-20,16,11,6,27,11,15,12,5,13,16,9,20,6,15,14,13,16,7,17,15,20,17,14,9,12,16,6,8,27,11,11,12,10,14,23,8,119,20,25,28,16,14,27,22,27,34,37,20,7,14,15,18,20,23,23,16,12,18,31,19,17,10,19,18,28,41,20,28,27,23,17,21,21,11,14,13,21,17,15,8,6,5,5,8,24,3,16,14,17,34,18,13,15,22,15,25,17,9,20,15,16,13,35,13,32,12,13,15,18,10,6,14,19,27,15,24,12,27,15,26,12,19,12,11,-20,12,11,16,6,19,9,6,18,16,17,20,18,24,11,9,24,22,16,19,28,21,14,16,10,22,12,17,36,23,25,25,20,41,14,15,20,34,19,19,15,20,7,3,8,28,9,24,8,23,12,15,20,10,12,11,14,-20,18,3,3,15,10,32,18,21,8,30,34,29,4,3,10,31,31,30,11,-20,21,3,26,-20,29,5,-20,4,11,-20,22,11,7,3,11,26,8,5,5,21,5,14,19,3,12,25,4,5,5,8,9,6,10,17,11,4,4,13,10,-20,7,22,-20,4,-20,5,3,27,11,23,-20,-20,19,-20,32,21,9,20,5,17,21,12,28,27,50,36,86,153,125,34,32,54,36,44
"chr2,10356893",14,7,9,8,16,14,11,15,10,16,10,9,19,13,18,13,26,15,105,61,54,12,56,21,64,22,30,16,29,17,15,18,17,-20,56,46,37,29,18,8,10,24,37,22,20,44,11,41,13,27,56,20,48,17,12,18,41,15,29,27,36,29,29,23,26,31,33,37,49,18,36,31,23,28,28,51,17,13,8,20,15,15,20,17,18,34,30,68,38,10,14,23,18,21,23,23,17,39,5,37,30,35,-20,17,21,29,12,12,21,18,21,14,34,27,9,9,26,26,5,5,14,12,13,9,42,10,8,44,23,29,31,7,16,12,23,31,32,12,16,17,12,6,11,16,41,11,14,28,12,17,9,31,41,55,33,15,19,50,170,40,10,10,9,11,13,21,13,4,12,22,103,122,51,37,25,41,30,25,27,152,33,46,39,7,43,25,5,59,43,26,70,51,14,15,16,31,30,26,66,14,24,18,60,47,83,52,39,130,28,11,115,19,61,47,30,43,110,27,25,6,20,42,37,30,37,40,31,18,32,28,37,11,53,112,17,19,22,50,34,35,33,27,27,42,18,24,31,15,61,17,41,64,14,23,25,49,28,34,40,34,53,38,46,12,48,19,13,69,61,27,27,71,25,14,48,40,39,54,39,101,19,15,12,36,-20,21,26,19,13,32,33,17,15,45,74,95,93,15,9,8,8,6,14,7,18,34,31,9,41,32,30,53,32,46,9,15,19,17,26,150,11,43,15,13,30,15,22,18,10,20,13,13,9,10,35,24,17,23,35,27,17,19,31,39,14,14,5,38,17,12,20,19,6,25,5,18,9,6,29,18,16,8,40,13,11,32,19,13,8,24,19,13,11,60,20,11,17,71,20,11,21,16,5,22,16,27,24,13,10,17,8,19,17,15,8,16,-20,13,86,17,14,9,8,14,31,12,17,28,18,14,29,18,19,16,14,12,9,-20,19,15,13,10,7,10,10,40,17,13,30,33,26,15,174,31,12,21,16,12,9,9,6,12,9,21,19,19,10,13,22,16,70,12,14,16,16,11,21,30,14,13,14,17,17,11,21,11,7,8,25,12,12,13,19,12,24,24,23,18,57,37,27,12,11,12,5,33,21,12,13,18,16,14,19,10,21,17,10,25,17,-20,16,-20,10,14,44,15,19,15,30,6,21,12,10,11,36,49,54,42,11,48,32,8,8,41,41,-20,14,30,15,25,23,28,36,9,19,7,9,26,16,4,34,46,37,4,13,-20,29,37,19,45,74,17,31,8,13,10,9,23,34,16,15,25,33,38,12,18,15,17,84,11,14,15,23,29,22,-20,16,105,14,16,23,53,47,22,17,24,25,83,16,40,19,12,29,13,30,14,19,17,6,22,11,43,26,-20,-20,18,13,-20,18,25,13,24,25,20,39,34,20,24,11,12,19,53,45,8,47,14,46,41,30,14,21,31,57,31,41,39,12,40,33,34,123,38,33,11,51,35,144,65,18,20,30,29,35,33,26,48,40,26,57,56,13,42,25,116,38,42,55,43,16,34,27,26,15,19,11,15,26,19,19,11,24,14,22,28,16,15,26,18,12,16,27,25,13,18,17,10,27,21,10,28,21,13,17,7,17,22,17,15,9,22,-20,21,23,15,12,14,19,20,28,16,20,17,16,14,21,10,14,15,15,9,18,15,16,19,12,17,12,14,18,29,17,24,19,26,13,16,8,21,8,19,33,19,11,8,7,17,18,20,19,24,12,7,6,17,8,12,-20,10,11,19,9,-20,7,12,9,9,12,10,8,10,12,13,18,12,7,17,15,22,-20,7,13,17,21,9,15,11,10,14,8,7,13,9,7,9,8,13,11,10,16,21,11,10,12,15,8,9,12,12,10,9,36,18,12,26,11,6,9,13,23,25,14,14,19,17,4,6,14,10,24,16,5,23,22,10,15,20,22,11,27,13,14,15,15,14,18,-20,9,10,-20,16,11,6,28,11,16,13,5,13,17,10,20,6,15,14,13,16,7,18,14,18,17,14,9,12,16,6,8,28,12,11,12,10,14,23,8,116,20,25,28,16,14,27,22,27,34,37,20,7,15,15,17,19,25,22,15,14,19,30,19,17,10,21,18,28,44,19,28,26,22,17,21,22,11,14,13,21,17,15,8,6,5,5,8,24,3,13,14,18,33,18,13,15,21,15,24,17,8,20,15,16,13,35,13,32,12,13,16,18,10,6,14,20,27,15,27,12,28,14,25,12,18,12,11,-20,12,11,16,6,21,9,6,20,17,17,20,18,24,11,9,23,22,17,18,26,21,13,15,10,22,12,17,35,23,25,26,20,42,14,14,20,32,20,19,15,21,7,3,8,28,9,24,8,23,12,15,20,10,12,11,14,7,18,-20,3,14,10,32,18,20,8,31,32,34,4,4,11,30,29,30,10,-20,21,4,28,-20,32,4,-20,4,15,4,19,11,5,-20,10,25,8,5,5,22,3,16,18,3,14,24,4,4,6,8,8,6,10,16,-20,5,6,13,10,-20,7,19,6,4,-20,5,3,33,14,19,-20,7,20,-20,34,21,9,20,5,16,20,12,28,27,51,36,86,153,128,35,32,53,36,42
"chr2,10356902",14,9,8,8,20,14,13,15,7,15,10,11,20,13,20,16,27,14,103,62,56,13,55,25,66,24,28,18,30,15,15,21,18,-20,59,48,37,30,19,12,-20,23,35,24,25,39,9,43,16,26,50,22,49,21,15,17,40,18,31,26,38,29,32,24,27,27,30,41,53,21,40,32,23,28,26,52,19,12,8,21,15,19,25,18,20,31,29,68,38,10,14,22,18,22,25,21,18,35,5,36,26,38,-20,15,23,35,13,14,23,18,23,13,35,28,9,9,28,26,7,5,13,13,15,12,44,11,7,50,23,31,30,9,17,13,25,35,32,13,13,17,12,7,11,19,39,9,14,25,12,17,10,28,44,52,30,17,16,47,163,37,9,11,12,11,15,19,15,-20,12,15,107,132,44,44,24,39,30,27,25,145,31,46,36,9,47,17,3,61,43,31,72,56,12,15,13,28,30,26,64,13,24,17,55,44,86,51,50,139,27,9,109,19,65,56,24,41,115,29,26,6,23,42,33,34,37,36,30,19,37,28,38,12,55,111,20,21,25,46,33,36,28,30,26,43,24,28,26,16,54,19,40,63,12,20,28,47,30,29,39,41,55,36,51,14,43,18,12,64,69,29,29,72,24,13,53,44,40,92,42,102,17,17,14,32,4,20,21,15,15,20,32,13,13,39,87,108,87,13,11,9,10,7,13,-20,19,37,34,9,39,34,29,55,32,49,11,14,21,15,25,165,9,42,16,12,29,15,23,23,11,23,14,14,7,12,36,20,20,26,29,28,20,17,29,39,12,15,6,38,18,13,20,17,6,23,8,19,10,8,32,19,18,10,38,14,11,28,19,14,8,23,19,15,11,62,24,10,18,71,20,14,21,18,7,26,18,27,24,16,13,14,8,16,16,15,8,17,3,12,82,17,15,9,9,14,33,10,16,29,16,14,32,17,19,16,13,12,9,-20,17,19,12,10,9,12,11,48,16,10,30,30,24,16,178,31,10,22,14,14,11,9,6,11,10,20,21,17,10,13,21,18,71,16,11,15,17,12,24,31,14,12,13,16,17,11,22,13,9,9,29,12,12,12,16,12,24,22,21,18,59,40,30,13,9,12,5,32,21,12,13,20,17,17,20,11,20,16,11,28,16,-20,16,13,9,15,47,14,21,17,30,7,20,12,9,13,41,49,50,46,11,43,34,8,9,34,41,-20,14,33,15,25,22,24,36,9,20,9,7,27,16,6,33,50,39,-20,15,-20,27,39,15,39,64,17,20,8,13,11,10,21,35,19,16,27,40,31,14,18,16,19,86,9,13,20,24,30,23,7,17,79,13,19,23,62,45,22,17,22,26,84,17,47,24,14,32,13,32,18,19,18,6,20,13,43,33,-20,-20,17,16,-20,16,24,15,23,25,18,34,35,22,26,12,8,21,57,35,-20,44,17,43,44,29,15,23,31,54,32,46,40,15,40,37,37,118,38,31,10,47,42,140,63,12,21,43,31,39,34,27,42,34,32,60,64,12,38,25,122,38,39,58,44,20,29,25,26,18,19,11,16,29,20,20,13,25,13,22,28,18,18,24,19,14,18,31,25,11,18,19,10,22,19,13,35,20,15,18,-20,17,22,19,14,10,25,7,23,27,21,10,14,15,19,26,16,22,22,19,16,23,11,14,17,15,11,19,17,15,19,13,17,19,13,20,26,18,24,19,27,13,18,7,23,9,23,36,21,13,7,9,16,19,23,18,28,13,8,5,18,7,15,7,12,16,20,10,11,8,13,9,13,13,13,9,12,10,10,20,12,8,18,20,23,6,8,13,20,22,8,16,11,13,15,9,5,14,12,7,10,10,17,13,13,17,21,9,10,14,15,8,9,11,10,11,9,39,17,14,26,11,6,12,14,26,26,14,15,20,18,4,4,14,8,22,18,5,29,22,11,15,19,23,10,31,19,13,14,17,-20,18,7,12,10,-20,17,11,5,28,9,23,15,6,12,19,10,24,7,15,20,14,17,9,17,13,20,17,13,10,13,17,7,11,31,15,11,12,10,13,22,10,119,22,28,29,15,17,27,16,31,32,39,20,-20,17,16,17,23,24,22,14,13,20,41,22,20,8,23,17,26,43,21,28,30,23,18,23,24,14,14,16,24,20,17,8,7,5,5,6,24,-20,14,14,19,34,22,12,16,22,16,23,18,8,18,17,18,13,36,15,33,14,15,17,16,12,7,11,19,27,18,28,14,34,15,29,13,19,10,11,-20,11,14,18,7,21,8,9,15,19,17,17,16,24,10,11,23,26,21,19,27,21,15,16,10,20,11,18,49,23,23,27,19,42,15,17,21,31,20,22,13,24,7,-20,8,29,9,24,9,21,14,16,20,15,13,10,15,10,20,5,3,16,11,31,20,20,7,33,37,33,-20,6,11,27,27,27,14,-20,16,5,28,-20,31,7,4,5,16,-20,28,13,6,-20,11,24,5,4,-20,19,3,-20,24,4,11,26,4,6,6,11,7,-20,-20,16,15,6,5,15,9,-20,4,25,8,3,-20,4,4,30,14,24,-20,7,18,5,31,21,10,23,7,15,18,13,24,28,52,32,90,142,126,33,30,48,33,42
"chr2,10356903",15,9,8,8,20,12,13,15,6,15,10,11,20,13,20,16,27,14,102,62,57,13,54,25,65,24,29,18,31,15,16,21,18,-20,59,50,37,31,19,12,10,24,34,20,25,41,9,43,16,26,45,22,52,23,15,18,40,18,31,27,39,30,32,23,28,27,30,41,56,21,42,33,23,29,25,53,19,12,8,21,15,19,27,18,20,30,30,66,37,10,14,22,19,24,26,21,17,35,5,37,29,39,-20,15,22,35,13,14,23,18,23,13,35,30,9,9,28,26,7,5,14,13,15,12,44,11,7,53,23,31,31,9,17,13,26,35,34,13,13,17,12,7,11,19,38,9,14,25,12,17,10,27,43,51,31,17,15,47,162,37,9,11,12,11,15,19,15,-20,11,16,107,130,44,44,24,39,30,28,25,152,31,44,36,9,48,18,3,61,43,31,72,56,13,16,13,28,30,29,62,13,24,17,55,44,87,52,49,140,27,8,121,18,63,56,22,41,116,29,28,-20,22,41,34,34,38,35,30,20,37,30,39,11,55,111,20,22,26,48,33,36,28,31,27,44,24,27,26,15,51,19,42,64,12,20,28,51,30,29,39,39,54,37,50,16,43,20,12,47,63,30,28,74,24,13,51,44,42,92,42,103,17,17,14,31,5,20,23,15,15,21,32,12,13,39,81,108,87,13,11,9,10,7,13,7,21,37,34,9,37,34,29,56,32,48,11,14,21,15,25,166,9,42,16,12,28,15,23,23,12,21,14,14,7,13,36,20,20,27,27,28,20,17,30,39,12,15,6,39,-20,13,21,18,6,23,8,19,10,8,32,18,18,10,37,14,11,30,20,14,8,23,19,15,10,58,24,10,18,70,19,13,20,18,7,27,18,28,23,18,15,14,7,16,16,15,-20,17,-20,12,84,16,15,9,10,14,32,10,16,29,16,14,31,17,19,16,13,12,9,6,17,19,11,11,9,13,11,48,16,10,29,31,24,16,177,31,9,21,14,14,11,9,6,11,10,20,21,17,9,13,21,18,70,15,11,15,17,12,24,32,14,12,13,16,17,10,23,13,9,9,29,12,12,12,16,12,24,21,21,19,60,43,30,12,10,12,5,32,21,12,14,20,17,17,19,10,20,15,11,28,15,-20,18,13,9,15,48,15,21,17,30,6,21,12,9,13,40,48,52,47,11,43,34,8,9,35,41,-20,14,32,15,25,22,24,35,9,19,9,7,27,16,6,33,58,38,5,15,-20,27,39,14,39,64,17,19,8,12,11,10,21,34,19,16,27,41,28,15,18,17,18,86,-20,13,18,24,31,23,-20,18,75,13,19,23,64,44,22,19,25,26,86,17,47,25,14,32,13,32,18,18,18,6,19,13,42,32,-20,-20,16,16,-20,15,23,15,23,26,18,34,35,21,26,12,8,21,57,36,7,45,18,42,45,29,16,23,31,54,34,46,43,14,39,37,38,118,39,31,10,46,42,139,63,12,21,41,32,38,34,29,42,36,29,58,71,12,38,26,120,38,41,58,46,20,29,25,25,18,18,11,16,29,19,20,13,25,13,22,28,17,19,24,18,12,18,31,25,11,18,19,11,22,19,13,35,20,15,16,10,17,22,19,14,10,24,7,22,27,21,10,13,15,18,26,16,22,22,19,16,23,9,14,17,14,11,18,16,15,19,13,16,19,10,20,26,18,24,19,27,13,18,7,23,9,23,36,21,13,7,9,17,20,23,17,27,13,8,5,17,7,15,7,12,16,20,10,11,8,13,9,12,13,13,9,12,10,10,18,12,8,18,20,23,6,8,13,20,22,8,15,11,13,15,9,5,14,12,7,10,10,17,13,13,17,21,9,10,14,15,8,9,11,10,11,9,37,17,15,26,11,6,12,14,26,26,14,13,20,18,4,4,14,-20,22,18,4,29,22,11,15,19,23,10,31,17,12,14,17,-20,18,7,12,10,-20,17,11,5,27,9,22,15,6,12,19,10,24,8,15,19,14,16,9,17,11,20,17,13,9,13,17,7,11,30,16,11,12,10,13,22,10,121,22,28,30,15,17,27,16,31,31,38,20,6,15,16,17,21,24,22,14,14,20,41,21,18,8,23,18,26,43,21,28,29,23,17,22,24,14,14,16,24,19,17,8,7,5,5,6,24,5,14,13,19,34,22,12,16,22,16,23,18,8,18,17,18,13,36,14,32,14,14,17,16,12,7,10,20,27,18,28,13,33,15,29,12,19,10,11,-20,11,14,18,7,21,8,9,15,19,17,17,16,25,10,10,23,27,21,19,27,21,15,16,10,20,11,18,49,23,22,26,19,42,15,18,21,31,20,21,13,23,7,-20,8,29,9,22,9,21,14,16,20,15,13,10,14,10,20,5,3,17,11,31,20,-20,5,29,32,35,-20,6,9,24,27,26,14,-20,14,5,28,-20,28,5,3,3,13,6,28,-20,-20,-20,13,24,-20,4,5,19,-20,18,26,3,10,25,4,-20,5,10,6,8,4,14,14,6,6,17,7,-20,3,20,4,3,5,4,5,28,12,22,-20,6,16,5,29,18,9,22,7,15,18,13,24,27,52,32,90,142,126,33,30,48,33,41
"chr2,10356915",14,8,6,7,19,9,12,14,6,14,10,14,24,15,20,19,30,16,98,75,53,14,56,26,65,24,31,20,29,16,16,19,19,-20,67,50,40,31,17,13,8,25,30,16,28,37,9,44,17,26,38,25,53,24,14,18,43,16,32,25,40,34,32,27,21,26,31,46,56,21,41,36,24,29,30,54,19,8,7,17,11,18,28,14,22,32,31,70,39,13,14,24,21,25,26,19,13,32,7,37,29,40,3,16,26,43,13,18,22,17,21,13,35,29,9,6,37,18,7,4,10,11,13,13,46,8,5,60,18,24,30,8,17,14,27,40,37,10,10,13,12,7,12,19,41,8,11,26,9,16,9,34,33,42,28,16,22,56,167,36,11,9,10,10,15,15,11,5,15,21,111,134,40,39,22,37,41,27,22,130,36,41,35,11,46,17,4,54,37,30,76,58,15,19,15,31,31,21,65,14,25,17,49,49,94,52,54,116,24,8,118,19,55,64,25,44,103,28,30,8,21,39,32,31,40,40,18,24,38,35,43,12,52,108,22,26,27,47,31,35,27,28,24,44,24,32,34,17,47,21,44,65,11,16,29,49,32,30,38,41,51,37,58,19,43,20,12,43,69,28,26,62,27,14,55,46,40,105,38,115,18,16,14,32,6,19,22,15,13,10,29,14,11,39,88,100,85,13,12,8,12,6,11,7,22,38,39,11,39,36,31,55,33,46,12,17,24,15,25,169,10,35,15,12,26,15,23,29,11,21,18,15,7,15,33,21,20,26,34,26,20,15,32,38,13,14,9,37,22,13,19,17,6,25,11,20,8,10,38,19,17,12,36,17,12,30,19,15,8,25,20,15,11,62,22,10,14,75,18,12,20,15,7,28,19,23,20,18,15,11,12,20,16,16,7,17,3,9,91,14,15,11,9,8,35,9,12,26,13,12,26,20,20,22,13,14,12,5,17,19,9,9,10,12,12,46,21,10,30,30,20,14,159,30,8,19,15,13,10,11,7,10,8,19,23,20,14,14,22,15,64,19,12,16,17,16,20,31,15,10,13,15,16,9,27,13,8,11,25,9,11,13,16,12,23,23,24,20,60,43,29,15,13,18,7,29,18,12,14,22,15,15,21,11,18,19,7,27,17,-20,13,12,8,16,49,12,21,16,34,8,21,16,9,13,38,52,52,48,12,44,38,8,7,36,44,-20,9,33,17,26,22,30,36,9,19,-20,8,23,16,7,32,58,41,-20,15,-20,34,47,22,40,60,16,9,9,12,12,11,21,34,20,16,28,50,23,15,19,17,18,79,8,13,20,26,30,22,6,18,49,14,21,27,65,47,24,24,26,31,73,16,51,23,12,26,11,32,17,17,16,7,18,11,38,29,-20,-20,15,15,-20,18,18,15,20,20,16,31,33,24,29,11,9,23,48,39,8,56,18,47,40,31,14,21,29,49,40,45,37,17,43,39,39,112,40,33,15,54,50,140,68,11,21,42,36,37,34,32,42,32,34,53,83,15,-20,24,131,43,42,57,52,23,27,23,28,13,19,12,16,30,17,19,12,23,12,20,25,10,18,-20,16,13,16,29,28,11,16,17,10,21,13,12,33,18,13,20,10,13,20,18,11,10,26,7,24,25,20,7,10,14,14,24,16,21,20,15,18,20,10,15,12,12,-20,19,14,12,19,12,14,18,11,15,23,15,25,18,22,14,18,6,18,9,25,40,18,11,6,10,21,19,28,19,24,16,7,3,17,6,17,3,8,15,21,9,13,5,11,7,10,14,11,6,10,9,8,15,10,6,16,18,20,6,8,8,20,22,6,16,10,12,15,8,5,10,13,7,11,11,20,16,13,10,18,9,8,13,15,7,10,6,10,8,6,30,16,14,25,10,5,14,13,20,24,13,12,18,18,4,4,11,9,20,17,4,28,21,10,13,16,24,9,28,17,10,11,13,15,14,8,11,8,-20,18,12,5,24,9,20,13,6,12,22,9,23,8,15,20,14,14,9,17,11,20,14,13,9,12,17,9,10,29,18,12,12,10,15,19,10,126,19,24,27,13,17,27,17,30,33,33,17,10,14,14,17,23,20,20,11,15,20,47,20,16,9,25,17,22,37,16,27,27,21,15,22,22,11,16,20,27,19,12,8,7,4,3,9,22,7,16,13,17,29,21,11,18,19,15,19,15,8,20,15,16,9,35,14,28,15,15,16,15,9,6,9,16,22,18,27,13,35,14,31,9,15,9,9,-20,11,14,14,6,20,10,9,13,14,18,18,13,24,13,11,20,25,19,19,28,19,14,14,10,20,9,17,49,19,20,23,18,34,18,16,18,28,22,20,11,19,9,-20,6,26,7,21,10,21,12,14,13,13,13,9,13,9,18,5,3,17,11,28,19,18,6,29,36,32,3,5,9,26,22,23,-20,6,19,6,29,-20,35,-20,-20,5,9,10,29,9,5,-20,7,24,5,-20,-20,27,-20,12,27,4,11,19,6,5,4,6,-20,13,-20,14,11,6,6,14,8,-20,-20,21,7,-20,5,8,-20,34,12,16,-20,7,16,5,30,19,12,19,7,15,18,15,24,24,51,36,91,115,127,34,34,44,34,46
"chr2,10356919",16,9,6,8,22,9,14,16,8,17,11,15,22,18,21,19,30,15,100,75,55,14,57,26,68,21,32,24,29,17,18,18,18,-20,67,48,41,31,16,14,7,28,30,17,31,44,9,45,17,28,35,28,55,30,13,16,43,16,32,25,39,34,34,25,21,26,33,42,58,20,41,34,27,28,33,57,20,8,7,19,10,19,28,14,25,34,31,67,42,16,14,23,25,25,25,22,14,32,7,37,29,39,4,15,26,49,13,21,24,17,21,13,35,30,10,7,38,20,6,4,10,11,13,13,44,9,6,59,18,24,30,9,17,16,27,38,37,10,9,12,12,7,12,19,41,9,12,28,8,16,10,35,36,43,27,16,21,52,171,36,14,8,10,9,16,16,11,4,16,23,111,121,41,39,22,35,42,28,22,118,39,43,39,10,47,18,4,53,38,33,63,57,15,19,16,30,29,21,59,14,27,19,48,49,96,61,61,113,25,7,123,19,51,67,28,45,105,35,32,8,17,42,30,33,44,38,19,25,39,36,44,13,50,102,23,25,30,42,31,37,26,28,21,43,24,36,37,18,49,22,43,67,11,17,28,48,35,31,37,43,42,48,59,19,44,20,12,34,62,27,26,62,26,15,50,48,44,106,37,111,22,17,14,33,7,20,23,15,13,9,24,16,12,35,97,107,91,18,13,8,13,6,13,8,22,40,41,12,44,34,31,55,32,48,12,16,24,16,29,169,10,35,16,11,25,15,25,31,12,22,18,16,7,15,35,22,20,27,36,25,20,15,35,35,15,15,11,36,23,13,20,16,8,26,12,18,8,12,42,17,17,13,37,17,12,32,22,15,8,25,19,15,11,59,22,10,15,76,18,11,19,15,8,27,17,19,22,16,16,10,12,21,16,16,8,17,3,9,88,16,15,11,9,7,34,9,12,28,15,13,27,21,21,20,15,16,12,5,18,20,8,11,12,12,14,47,19,11,29,30,20,14,161,31,8,19,14,13,9,12,7,11,8,18,23,19,14,16,22,16,63,22,14,16,17,15,21,32,15,10,13,15,17,-20,26,13,8,12,27,8,11,13,17,12,24,22,24,18,61,43,30,17,15,17,6,30,19,12,14,23,14,16,23,10,20,18,7,27,16,-20,13,12,8,15,52,12,22,16,34,10,20,16,9,13,40,55,55,47,12,43,41,8,8,34,45,5,8,33,16,28,22,29,38,11,19,10,9,24,16,7,31,58,42,9,16,-20,36,48,24,41,61,16,8,8,-20,13,12,23,35,20,15,27,46,25,15,17,17,19,83,8,12,21,26,30,21,6,18,53,15,22,27,67,48,25,27,26,35,73,16,54,23,13,26,10,30,17,18,16,7,18,14,38,32,11,13,15,17,-20,16,20,15,19,20,16,32,33,25,32,13,19,23,47,38,8,59,20,47,40,30,14,19,27,45,40,47,36,17,51,43,43,115,38,34,16,56,45,139,73,12,21,39,35,40,31,32,43,37,35,55,91,16,31,21,134,43,48,62,48,21,28,23,26,13,18,12,17,32,19,20,13,21,11,20,28,11,19,17,16,14,16,31,29,13,19,20,13,21,13,14,37,18,13,21,11,13,20,19,11,10,26,7,24,23,23,8,11,14,15,23,17,24,20,15,19,21,13,16,12,13,10,19,15,11,19,12,15,18,12,16,24,14,27,19,23,14,18,6,22,10,24,39,19,12,8,11,21,23,29,23,26,15,8,6,20,6,18,3,8,17,22,9,14,5,12,8,11,14,11,7,11,10,8,17,10,6,17,17,19,-20,8,8,21,22,7,18,10,12,16,8,5,10,13,8,12,11,20,18,16,10,20,9,9,16,15,7,9,7,12,8,8,39,18,14,27,11,5,13,13,20,26,15,14,20,19,5,4,11,11,22,18,5,29,22,-20,14,18,25,9,27,17,11,13,12,16,16,9,11,8,-20,19,11,7,25,9,19,13,7,13,24,14,23,8,16,20,14,15,9,15,11,20,15,12,8,14,18,9,9,31,18,14,13,9,14,20,10,126,19,25,26,16,19,30,17,33,33,34,18,11,15,15,18,23,22,22,10,15,22,53,22,19,10,26,18,21,41,18,29,30,20,16,23,24,13,16,20,28,20,12,8,8,5,3,10,23,7,18,12,17,34,22,11,17,19,15,19,15,8,21,17,16,8,35,16,29,14,15,16,15,10,8,10,17,23,19,29,11,34,15,32,9,16,10,11,-20,9,14,14,6,19,10,10,14,15,19,17,12,24,13,11,21,26,20,20,29,20,14,15,11,21,9,17,48,20,21,24,18,37,16,17,21,30,22,24,9,20,15,-20,5,25,7,19,10,22,14,14,17,14,13,9,15,9,22,5,3,17,11,30,20,17,7,30,40,37,3,7,9,23,20,25,10,6,23,6,30,-20,38,6,3,7,7,10,32,8,5,-20,14,27,6,6,-20,29,-20,12,29,5,13,17,7,-20,4,6,-20,15,5,13,11,7,4,19,8,-20,-20,21,8,-20,-20,6,7,39,14,17,-20,9,18,6,30,18,12,17,6,16,22,16,26,25,56,37,89,115,134,40,36,44,34,44
"chr2,10356927",12,9,5,11,22,8,16,16,-20,16,11,15,22,22,24,22,27,16,98,79,56,12,59,26,70,22,33,24,28,18,19,15,18,-20,72,48,38,31,20,13,9,27,29,20,33,46,8,42,18,28,39,31,56,31,14,15,46,14,30,24,41,35,40,28,21,30,34,45,59,17,43,35,28,31,32,59,-20,8,8,18,9,19,27,14,24,37,31,65,44,19,14,27,27,26,30,21,14,34,8,41,28,38,4,16,28,54,13,23,25,17,21,14,42,33,15,8,38,22,6,4,10,10,13,13,44,9,8,62,18,22,29,7,18,14,25,38,44,10,7,15,12,6,12,17,44,9,12,27,8,14,11,33,32,50,27,15,21,52,170,47,14,8,11,10,16,13,12,4,17,27,104,122,37,40,25,43,40,26,22,113,37,40,36,11,46,20,4,50,41,36,63,56,13,20,17,45,32,23,60,10,28,20,49,48,106,58,61,123,31,-20,117,17,50,72,34,48,91,36,32,6,22,41,24,30,41,38,24,24,37,36,47,14,56,103,22,22,33,46,28,39,23,30,21,46,26,40,39,17,51,22,42,68,12,17,29,47,36,34,40,49,41,58,58,20,54,20,13,34,63,32,24,62,26,14,53,45,50,111,38,118,27,16,14,32,9,30,22,16,13,10,22,17,13,34,99,99,85,15,13,10,14,10,14,9,20,41,40,12,44,33,27,64,35,47,12,15,26,17,28,167,10,34,16,11,28,13,22,38,9,24,17,16,6,15,40,18,19,31,45,25,20,13,37,36,14,13,8,35,20,13,25,12,9,29,14,16,7,11,48,17,16,12,35,20,9,34,21,15,7,24,20,16,9,57,20,14,15,74,17,11,16,14,8,26,16,21,23,18,15,11,11,23,15,18,8,17,4,11,89,-20,15,10,10,10,31,9,12,29,14,9,24,18,20,21,9,15,13,5,15,21,8,12,11,11,14,44,20,10,31,32,20,14,157,30,8,19,14,12,10,13,7,12,8,-20,24,19,11,17,22,17,68,22,12,15,17,15,23,33,14,10,13,16,17,10,23,13,8,11,26,8,11,12,16,8,20,21,22,19,63,43,30,16,17,17,6,29,18,13,14,20,14,16,21,11,19,16,7,28,15,-20,12,10,10,15,55,13,20,18,34,13,19,15,10,12,47,56,59,44,13,45,40,6,8,42,44,8,-20,30,16,28,22,30,42,12,18,12,9,17,15,-20,33,53,39,9,16,-20,38,44,27,43,63,14,7,8,10,14,9,24,37,19,18,28,44,25,16,19,16,19,84,8,14,27,28,26,24,6,22,51,15,18,27,68,51,26,25,26,40,67,17,56,21,12,25,12,30,15,20,16,8,18,13,37,30,15,16,12,15,-20,14,22,16,20,20,16,30,32,27,31,15,19,18,39,34,8,57,21,42,43,32,14,14,24,48,42,38,36,17,53,51,51,101,37,36,14,54,43,141,70,13,24,38,40,37,24,31,44,43,31,67,85,16,28,21,139,46,43,69,48,21,27,26,25,-20,18,12,18,31,22,21,16,19,10,19,24,13,18,17,18,15,16,34,-20,14,19,20,11,22,12,14,35,14,13,21,12,12,19,20,11,9,25,8,21,22,25,6,10,12,15,26,16,25,24,15,21,22,14,18,11,-20,10,19,16,13,19,16,15,20,12,17,24,15,27,19,22,16,17,7,21,9,27,42,19,17,8,10,20,25,29,24,26,15,9,-20,19,7,20,4,9,17,23,9,14,3,12,8,12,17,9,8,10,11,8,16,9,6,17,18,18,6,8,9,20,23,7,15,11,12,15,11,6,11,13,8,16,15,21,16,16,9,20,8,10,18,14,7,9,-20,13,9,10,38,17,13,25,12,7,13,12,17,28,15,13,20,17,6,3,13,11,24,17,5,34,22,8,12,17,23,9,28,17,10,14,13,16,16,9,13,6,-20,18,10,7,23,10,17,12,9,15,21,13,23,7,19,24,15,15,11,14,12,18,15,7,10,11,18,9,10,32,18,13,14,9,13,19,10,121,20,25,25,14,17,28,19,35,34,35,17,12,17,16,21,22,21,21,13,17,22,54,23,19,9,25,19,21,42,14,29,32,18,17,22,21,13,20,19,31,21,10,6,9,7,4,-20,23,7,-20,14,18,35,24,10,17,21,15,18,16,10,22,16,16,12,36,13,27,16,15,16,15,9,9,11,19,20,19,26,-20,34,14,32,12,15,10,12,3,9,12,12,3,21,11,10,17,15,18,17,11,24,13,10,20,28,21,22,31,22,15,15,13,22,9,17,51,19,21,26,15,35,16,16,21,31,20,23,9,16,16,-20,-20,22,10,17,11,24,13,14,18,13,12,7,14,10,21,6,3,16,12,29,20,20,7,31,43,36,4,6,9,24,20,23,8,8,28,5,32,-20,40,7,3,7,7,12,38,6,6,-20,11,27,6,10,5,33,-20,14,33,6,12,19,6,7,4,8,-20,13,6,13,15,9,6,21,10,-20,8,22,9,3,-20,7,12,42,12,17,4,11,15,8,36,18,11,20,7,20,20,17,30,24,59,35,85,117,130,38,35,42,31,44
"chr2,10356928",12,9,5,11,22,8,16,17,7,17,11,15,24,22,24,22,27,17,97,76,57,14,59,24,68,23,33,24,29,19,20,15,18,-20,73,49,39,33,19,14,10,27,28,20,33,44,8,41,18,28,38,31,55,31,14,15,45,14,29,23,42,36,40,29,21,30,34,46,59,17,44,35,32,31,32,60,-20,8,8,18,9,19,28,12,24,36,31,64,45,20,16,29,27,27,30,22,13,35,8,44,28,40,4,15,29,53,13,24,25,18,21,14,41,36,15,8,38,22,6,-20,10,10,13,13,44,10,7,62,18,23,30,7,18,14,26,38,45,10,7,17,12,6,12,17,45,9,13,26,8,15,11,33,33,51,26,15,21,53,170,46,14,9,12,11,17,13,12,4,17,26,103,120,39,39,23,42,41,25,22,113,37,39,36,11,44,20,4,50,41,35,67,52,11,21,17,46,31,23,60,10,28,20,49,45,106,55,60,123,31,-20,116,18,50,74,35,47,92,39,32,6,21,41,25,29,41,40,26,24,39,35,47,14,55,102,24,23,32,44,26,37,23,30,20,48,24,40,39,17,51,21,41,71,12,17,29,47,39,33,39,48,40,58,59,20,56,20,12,34,67,32,24,61,26,13,53,44,48,111,39,117,28,16,14,29,9,30,21,15,13,10,21,17,13,34,105,99,83,15,13,9,14,10,14,9,20,40,39,11,42,34,28,65,35,47,13,15,27,17,27,168,10,33,16,11,28,13,24,38,9,24,17,15,6,15,40,18,19,31,45,23,20,13,35,39,14,13,8,34,20,14,25,12,9,29,14,16,8,11,49,17,16,12,36,20,9,34,20,15,7,23,20,16,9,57,21,14,15,74,18,11,17,13,8,26,16,23,23,20,15,12,11,23,16,18,8,17,4,10,90,16,15,9,10,10,31,9,12,31,14,9,24,18,20,22,-20,15,13,5,15,21,8,12,11,11,15,47,20,11,31,31,21,14,157,31,8,19,15,13,10,13,7,12,-20,18,25,19,11,17,22,17,68,22,13,16,16,15,23,34,14,10,13,17,17,10,21,13,8,11,25,8,10,11,16,8,21,21,22,19,61,45,31,16,16,17,6,29,18,15,15,20,13,16,21,11,19,17,7,27,15,-20,12,10,-20,14,56,13,19,18,35,13,18,15,10,12,48,56,58,44,13,46,40,6,9,43,43,8,8,30,16,28,22,31,42,12,18,12,9,17,15,6,33,63,40,9,16,12,38,45,27,41,66,13,11,8,9,13,-20,25,38,19,17,28,44,25,16,19,17,19,81,8,14,28,27,25,25,6,22,51,15,19,28,68,51,26,25,25,40,66,17,55,21,12,25,12,31,14,21,16,8,18,13,37,33,16,16,13,16,-20,15,22,16,20,20,16,29,32,27,31,15,19,19,38,34,8,57,21,42,45,31,14,15,25,48,42,37,33,16,54,51,51,102,38,36,16,54,41,143,68,13,24,38,40,38,23,31,43,43,30,66,85,16,28,20,139,46,42,67,50,20,26,26,25,-20,20,12,18,30,23,21,17,19,10,19,24,13,18,17,18,16,16,35,30,13,20,21,11,22,12,14,36,13,15,22,12,12,19,20,11,9,26,8,21,24,25,6,10,13,15,26,15,27,24,15,21,22,14,19,11,15,12,19,16,13,18,15,14,20,14,17,25,15,26,19,22,16,17,5,22,9,26,41,20,16,8,11,20,25,30,25,27,15,9,-20,20,7,20,5,9,17,22,9,14,3,13,8,12,17,9,8,10,11,8,17,9,6,17,18,18,6,-20,9,20,23,7,15,10,12,15,12,6,11,12,8,16,16,20,17,16,9,20,8,10,18,14,7,9,7,13,9,10,39,17,14,25,12,7,13,12,18,27,15,13,21,17,6,3,13,11,25,18,5,34,22,7,12,17,23,10,28,17,11,14,14,16,15,10,13,6,-20,18,10,7,23,11,19,12,8,14,21,13,23,7,19,23,16,15,11,15,12,18,15,7,11,10,18,10,10,33,19,13,14,9,13,19,10,121,20,26,25,14,17,28,19,35,34,34,17,14,17,16,21,22,20,21,13,17,23,53,23,19,9,25,19,22,42,14,29,30,18,17,23,21,13,20,19,31,21,10,6,9,7,6,10,23,7,-20,14,19,37,24,10,17,20,15,16,16,10,22,16,16,12,36,13,27,16,17,16,15,9,9,12,19,20,19,27,10,34,15,32,14,15,9,11,3,9,12,13,3,22,11,11,17,15,18,17,12,26,13,11,20,28,21,22,31,23,15,15,13,21,9,16,51,19,21,26,14,35,17,16,21,31,20,23,9,17,16,-20,-20,22,10,17,11,23,13,14,18,13,13,7,15,10,21,6,4,16,13,29,20,20,7,30,39,38,5,5,9,23,20,22,7,8,30,7,32,-20,38,7,4,7,8,12,38,8,5,-20,13,24,6,11,6,34,2,12,35,-20,10,19,6,-20,6,8,-20,14,6,13,16,8,7,21,9,-20,8,24,9,3,-20,8,14,41,13,17,3,-20,15,6,37,18,11,21,7,21,21,17,30,24,58,35,80,115,125,38,36,42,31,45
"chr2,10356931",12,9,7,9,21,9,16,16,7,16,11,15,24,22,23,24,27,17,97,80,58,13,57,27,72,23,35,22,28,18,20,15,19,-20,75,51,37,33,19,15,9,26,31,20,33,44,8,42,17,25,40,31,54,31,14,15,49,12,25,25,40,37,41,29,23,31,34,48,57,15,42,37,31,31,31,59,22,9,8,21,10,20,29,16,23,38,31,67,45,20,17,30,29,27,29,22,13,41,11,42,28,41,4,13,30,54,13,24,27,16,22,14,42,36,14,7,42,20,6,4,10,9,13,13,44,10,7,63,18,23,31,7,16,15,26,39,45,11,7,16,12,5,12,17,45,9,13,26,8,15,9,32,37,50,25,14,22,55,165,45,14,8,11,11,16,14,11,4,18,25,99,117,50,39,25,43,40,26,21,113,40,36,35,11,45,24,4,50,42,34,67,54,12,22,18,46,28,21,52,14,25,20,49,46,105,56,56,120,30,-20,115,17,56,69,37,40,91,41,32,-20,18,37,25,28,42,44,27,26,36,35,48,15,58,97,23,23,34,41,26,38,25,29,22,48,26,42,38,16,53,22,42,68,12,18,32,53,38,33,40,49,40,58,61,17,56,19,12,34,66,30,24,61,26,14,54,43,50,102,41,113,30,16,14,29,9,35,23,14,13,10,21,18,14,35,107,84,83,15,13,7,14,10,14,10,17,41,37,11,39,36,28,64,34,47,12,15,27,17,27,160,11,33,17,9,28,13,23,34,-20,24,16,15,8,16,40,18,19,33,45,26,19,13,39,36,14,13,8,37,20,13,25,12,9,28,15,18,7,10,52,17,16,13,36,21,9,38,21,15,-20,22,21,17,9,57,19,13,16,74,17,13,15,11,8,24,16,27,24,20,13,12,11,24,15,18,8,19,5,10,89,16,15,9,10,10,31,9,11,30,13,9,25,20,19,21,9,15,13,4,15,20,7,13,12,10,14,46,20,11,31,28,21,13,152,31,9,19,12,13,-20,14,8,12,8,18,25,19,13,17,21,16,67,24,-20,16,16,14,24,33,14,10,13,17,17,10,21,14,8,-20,26,7,10,11,17,9,19,21,21,21,60,44,32,18,16,17,6,30,19,16,15,22,12,14,21,11,19,17,7,28,14,-20,12,-20,9,14,56,13,19,17,38,14,20,15,9,10,46,60,55,44,13,50,40,6,9,41,42,8,6,30,15,28,24,34,43,13,19,12,8,18,15,6,33,59,37,9,16,15,36,43,27,44,67,13,14,8,9,13,8,24,38,19,17,28,43,24,17,18,18,19,79,8,15,31,26,23,24,7,21,51,17,20,28,68,52,26,26,25,42,63,15,54,20,12,24,11,29,14,20,14,8,19,12,35,33,16,19,13,16,-20,14,23,15,18,21,15,29,32,25,31,15,19,19,28,32,-20,60,21,44,46,31,16,14,24,46,44,38,34,17,53,49,54,110,-20,33,18,53,40,142,65,14,24,38,37,37,23,31,47,40,28,65,80,15,27,22,143,44,48,71,50,25,24,28,21,15,20,14,17,29,22,21,18,18,11,16,22,13,18,16,16,16,17,32,28,11,18,21,10,21,12,16,37,16,15,22,12,13,21,17,12,9,25,8,18,24,25,5,11,12,16,26,16,26,24,16,22,22,13,16,11,16,12,17,16,14,18,16,13,20,14,17,25,17,25,18,19,16,15,5,20,9,28,40,19,18,9,12,20,25,29,25,27,15,8,-20,20,7,20,5,9,17,18,9,13,2,12,9,12,17,9,7,10,10,8,17,8,5,16,18,19,7,8,9,20,24,6,14,10,12,16,12,6,10,13,7,16,17,20,17,17,10,17,7,10,17,13,6,9,9,13,8,10,39,16,14,24,12,7,13,11,19,28,16,12,21,14,5,3,13,12,25,17,5,34,21,7,14,18,23,10,27,17,10,15,13,16,15,9,13,6,-20,20,10,6,23,11,19,11,7,14,20,11,23,8,19,23,15,15,12,15,11,20,12,-20,12,-20,16,11,10,33,18,12,14,9,12,19,11,119,20,25,25,14,17,29,18,35,33,34,18,14,16,15,20,23,21,22,17,17,22,54,23,18,10,23,19,21,43,13,29,31,19,16,22,20,13,19,19,31,22,10,6,9,7,6,10,21,7,20,14,19,39,23,8,17,22,15,17,16,9,21,15,19,12,35,15,27,14,18,16,16,11,8,14,17,19,18,27,11,35,16,33,14,15,9,9,3,9,12,13,4,23,11,11,15,15,18,17,12,25,13,10,20,28,23,21,33,24,15,14,13,18,-20,16,49,19,21,24,15,37,18,15,21,30,19,23,7,15,17,-20,-20,22,10,18,13,25,13,15,18,14,12,7,14,10,20,6,4,18,13,28,20,19,7,30,40,38,5,5,10,22,17,25,-20,8,28,8,29,-20,39,6,-20,5,-20,12,36,5,4,3,15,26,7,11,6,34,-20,12,29,7,12,20,5,7,6,9,-20,14,5,13,15,9,4,22,10,-20,8,23,9,-20,-20,8,12,43,14,15,4,9,13,8,30,18,11,22,-20,20,19,19,31,24,60,38,76,116,131,40,36,42,35,42
"chr2,10356934",12,9,6,10,21,9,15,16,7,16,11,15,25,25,23,24,27,16,100,82,58,14,54,27,72,23,34,22,29,17,21,15,19,-20,77,51,36,35,19,14,9,27,34,20,34,45,8,41,17,27,41,32,54,31,14,15,48,13,25,25,40,39,38,30,21,31,33,49,57,15,43,40,24,30,30,57,21,7,8,22,12,19,29,15,25,38,30,68,45,20,18,31,30,28,27,21,13,40,11,42,30,41,4,11,30,52,13,23,27,16,21,12,43,38,14,7,42,21,6,5,11,11,14,11,44,10,7,62,19,22,31,7,15,15,28,35,45,11,7,15,11,5,14,16,46,9,13,24,7,14,9,31,37,54,28,14,22,55,164,45,13,8,10,10,15,13,12,4,18,28,99,113,49,39,23,46,40,26,21,117,43,38,34,10,36,25,4,55,41,37,74,53,14,21,20,44,30,21,55,14,26,20,50,48,104,56,56,129,34,9,117,19,56,70,39,39,91,38,29,6,20,36,25,26,42,45,32,25,37,38,49,16,58,106,23,27,35,41,25,37,27,31,25,44,23,43,36,16,56,21,41,69,12,19,35,53,37,30,40,50,41,58,62,16,55,20,12,32,61,28,23,63,28,16,56,46,46,112,42,116,32,16,14,31,8,36,23,13,14,13,18,18,14,35,118,99,87,15,13,7,15,11,16,10,17,42,35,11,41,38,28,67,32,48,12,15,28,16,27,157,10,30,18,-20,30,13,22,35,10,22,16,14,7,16,45,18,18,31,44,25,19,13,38,37,14,13,8,37,19,12,23,12,9,27,16,18,7,12,55,18,17,11,34,22,9,36,22,14,8,20,21,16,10,56,21,12,16,74,18,13,15,11,8,24,15,25,25,20,13,10,12,23,19,18,8,19,5,10,92,16,15,9,10,10,31,9,12,30,14,8,24,21,19,20,9,16,14,4,15,17,-20,12,12,10,12,49,25,11,30,29,20,15,151,30,9,18,12,12,12,15,8,11,7,17,25,19,13,17,21,16,67,23,10,16,16,14,23,32,12,9,13,17,16,10,18,14,8,10,24,7,8,11,16,10,19,21,21,21,62,44,30,17,16,17,6,30,20,15,14,23,12,13,20,11,17,18,7,27,14,-20,13,12,-20,14,56,13,18,17,41,17,21,14,8,8,46,59,54,43,13,53,42,7,9,42,42,8,6,31,14,31,26,33,42,14,18,11,8,19,-20,5,32,59,38,8,17,15,31,41,30,39,65,13,14,8,9,12,8,23,35,17,18,29,43,27,18,20,21,19,82,7,15,32,23,21,23,7,22,50,17,20,26,68,55,25,25,25,41,65,14,57,20,12,24,-20,28,14,19,15,7,21,14,33,33,18,20,13,15,-20,13,21,10,18,22,16,26,34,26,31,14,19,20,29,33,9,60,22,46,44,29,15,16,23,47,42,36,32,17,53,47,58,115,38,33,18,53,41,135,66,13,24,38,42,38,28,32,48,38,31,65,80,13,28,25,152,44,48,70,50,27,25,28,22,14,20,12,16,29,23,21,20,19,11,17,20,14,18,15,15,18,18,30,28,10,19,19,11,21,12,16,37,15,15,23,12,14,21,17,12,9,22,8,16,24,25,6,11,12,17,25,17,25,23,15,20,22,13,15,11,15,13,17,15,15,18,15,11,20,13,18,25,16,24,16,20,16,16,6,20,8,30,39,20,19,8,13,19,23,30,26,24,13,8,-20,19,7,20,5,9,17,18,6,13,2,12,9,13,17,10,8,11,10,7,19,8,6,16,18,18,7,8,9,20,24,6,14,10,14,16,10,6,10,13,7,16,18,25,18,17,9,17,7,10,17,13,5,9,9,13,9,11,35,17,15,25,13,6,12,10,20,28,16,12,19,14,5,4,12,12,23,17,5,33,20,8,14,20,23,10,28,16,10,13,14,16,15,9,12,5,-20,20,11,5,23,11,20,13,7,14,21,11,23,9,18,26,15,16,12,15,12,22,12,7,12,11,17,11,10,32,18,12,14,9,12,19,11,119,18,25,23,15,18,30,18,35,32,33,19,14,15,16,20,23,22,22,18,16,23,54,22,20,10,24,19,23,42,14,30,31,18,17,22,22,13,19,19,28,22,12,6,8,7,5,10,22,7,20,14,20,38,25,8,19,22,15,16,15,7,22,14,19,13,34,15,25,14,18,16,18,11,9,15,17,18,20,25,11,34,16,34,15,15,8,8,3,11,12,13,4,23,11,10,16,16,17,17,12,25,13,12,20,27,23,21,33,22,15,16,14,18,11,16,52,19,21,26,15,40,18,15,21,28,16,22,7,14,16,-20,3,28,11,18,13,22,14,14,18,14,13,7,14,11,20,6,4,19,11,28,20,23,7,30,41,41,5,4,10,21,19,28,9,7,29,-20,28,-20,35,8,-20,6,-20,11,36,4,5,3,11,25,5,11,4,34,-20,14,34,8,13,24,6,8,6,10,-20,12,4,16,13,8,3,25,11,-20,7,26,7,3,4,7,13,44,18,15,4,10,15,8,35,18,11,24,7,20,20,19,32,26,57,35,76,152,119,42,37,45,34,44
"chr2,10356947",10,8,7,10,16,7,12,13,6,14,9,13,25,27,17,22,25,13,106,86,59,20,57,28,75,21,32,26,24,13,20,14,18,17,78,54,36,37,20,13,8,29,32,21,39,45,-20,-20,18,25,43,38,51,31,16,15,52,10,28,23,40,41,48,-20,19,30,37,55,63,14,43,40,28,32,30,57,-20,10,6,18,10,18,30,13,21,33,31,64,51,20,17,37,31,30,27,24,14,46,13,41,31,40,5,11,34,56,10,26,29,14,18,-20,42,40,16,6,49,19,6,7,7,13,12,10,42,11,8,61,20,23,29,6,12,15,27,36,48,10,7,12,9,4,11,15,46,7,11,25,7,12,7,34,31,49,30,10,19,51,161,36,14,8,-20,8,12,15,11,4,16,34,93,113,68,41,20,48,36,20,25,110,41,37,28,8,34,23,4,55,49,32,68,-20,11,19,18,48,33,28,56,12,31,19,53,37,100,63,63,132,32,9,107,22,75,78,40,40,79,37,26,4,18,29,16,-20,35,42,30,25,33,40,45,14,65,102,23,23,30,36,31,29,27,29,26,39,23,39,31,16,61,17,38,67,11,22,31,38,31,25,46,45,39,55,55,18,51,-20,13,35,51,33,22,69,29,13,53,37,45,102,40,114,29,12,14,32,11,48,20,17,18,15,18,17,15,34,96,95,71,12,13,6,-20,14,12,12,20,45,40,11,48,43,34,63,31,53,11,14,22,11,24,164,13,30,-20,9,27,10,18,35,7,22,13,13,6,12,43,18,-20,30,46,27,15,15,34,33,14,15,9,36,21,11,20,10,9,23,22,17,4,11,48,21,17,12,33,21,-20,28,18,14,8,18,17,12,13,49,23,13,12,71,19,13,15,12,7,21,14,25,23,20,14,11,11,21,21,14,9,18,8,12,95,18,12,6,-20,9,30,8,10,30,14,8,21,22,17,22,-20,18,14,4,12,18,5,16,13,6,8,49,24,12,34,30,14,15,127,24,11,10,11,12,11,15,8,10,5,14,18,17,13,18,19,17,61,25,12,13,14,15,22,27,9,7,9,15,12,9,15,-20,10,8,25,-20,-20,11,15,10,19,20,17,19,59,42,31,17,17,12,6,27,19,16,13,17,10,14,23,11,17,17,5,25,10,-20,11,-20,5,14,55,12,18,14,39,18,19,14,8,11,45,60,53,45,13,48,39,8,9,47,45,10,6,30,13,25,-20,35,40,12,-20,14,8,17,14,8,27,58,33,8,17,15,31,41,33,41,69,16,17,10,10,12,10,21,36,17,17,-20,41,23,20,19,22,13,78,5,16,32,-20,25,23,8,22,42,19,20,22,67,55,23,25,27,34,60,10,49,22,13,18,9,25,12,18,10,6,19,14,34,32,25,22,14,17,35,9,18,13,18,20,15,25,35,29,26,13,22,18,33,42,9,57,-20,44,40,27,14,16,21,39,31,38,29,17,50,38,55,104,35,34,16,49,43,112,59,19,24,37,39,-20,27,42,51,38,35,63,79,16,23,24,159,32,53,66,48,30,25,22,17,-20,22,-20,16,23,22,17,20,24,-20,-20,18,16,19,13,13,22,15,29,26,9,19,23,10,18,12,12,33,19,13,20,10,14,22,17,10,11,19,7,20,24,29,8,12,13,17,22,17,24,25,11,20,21,12,14,11,14,13,16,16,14,15,16,16,20,14,17,33,16,22,10,15,11,17,8,24,13,29,32,19,-20,9,15,16,21,30,24,27,9,8,5,18,8,17,6,11,-20,21,4,16,4,12,8,13,13,9,8,8,10,6,15,10,7,12,15,21,10,9,9,17,27,5,15,7,15,17,11,7,12,13,9,20,15,23,16,13,10,21,5,9,16,14,6,10,9,12,9,12,38,15,17,24,14,8,10,8,19,27,15,15,19,15,6,-20,11,12,23,17,3,35,21,6,15,20,22,9,31,16,11,11,18,19,16,11,14,8,-20,21,6,6,19,12,21,13,8,14,22,13,26,8,16,25,14,14,10,14,12,23,11,6,11,9,13,9,9,25,17,15,13,6,12,17,9,124,19,24,23,18,17,24,-20,33,28,33,17,15,17,13,22,16,21,17,17,19,23,55,18,20,11,23,17,17,35,14,29,29,15,13,22,19,15,21,20,28,19,14,5,-20,8,5,9,18,6,21,13,14,37,28,7,13,18,17,18,13,11,26,14,20,14,37,13,21,17,-20,19,21,12,10,15,16,15,16,27,12,30,15,28,16,-20,6,10,6,9,11,9,4,21,13,11,18,13,18,17,12,26,12,14,18,24,23,18,32,19,11,13,15,17,16,13,52,14,24,30,14,32,19,17,20,25,15,20,3,16,18,-20,3,21,14,15,12,21,13,10,16,13,12,6,12,11,18,5,4,15,11,27,21,22,7,28,38,34,5,3,9,18,-20,31,8,6,29,9,25,-20,38,5,-20,-20,-20,10,31,5,5,4,11,21,8,10,5,32,-20,12,26,-20,7,16,2,4,6,7,-20,8,5,16,-20,5,-20,19,6,-20,7,18,6,4,-20,5,10,39,19,12,5,15,18,9,30,15,11,20,8,21,22,22,34,29,59,34,87,176,121,44,41,47,34,46
"chr2,10356952",11,10,8,10,17,7,12,13,8,14,9,13,24,29,17,19,25,13,106,89,60,21,60,27,79,22,33,26,24,11,21,15,18,18,78,57,34,38,20,13,9,26,37,16,37,45,-20,38,19,27,40,37,47,33,17,16,52,11,27,23,41,43,50,28,22,32,34,56,69,15,44,41,28,34,32,61,20,9,7,20,9,18,31,13,22,34,34,64,49,21,15,33,32,30,28,24,17,49,13,40,32,40,5,10,36,57,10,27,29,18,21,10,39,39,17,7,48,21,6,9,9,13,12,10,47,10,10,60,22,26,28,6,13,17,29,36,49,10,7,13,10,4,13,17,45,7,12,26,8,13,7,33,33,52,30,12,19,53,159,40,15,7,14,9,12,15,11,5,17,34,95,115,76,45,19,49,39,20,26,111,43,39,27,-20,37,22,4,49,47,31,64,47,12,17,18,46,26,27,55,14,31,18,52,37,101,63,58,133,32,9,108,25,82,74,36,37,83,34,24,3,20,28,15,27,34,46,29,22,34,39,48,15,61,97,24,19,28,34,34,28,28,28,25,40,23,40,32,17,58,19,37,65,12,23,29,36,29,22,47,45,40,58,51,18,54,21,16,35,46,34,23,69,23,13,46,36,47,105,45,109,28,11,13,33,12,51,21,19,19,13,17,18,17,32,95,88,68,12,13,6,13,15,13,11,20,46,39,11,50,43,36,63,32,54,11,14,19,11,25,161,14,30,16,-20,27,10,17,36,6,20,14,13,7,13,44,18,18,29,48,26,17,15,36,33,14,16,8,35,23,11,19,10,10,24,23,19,3,13,40,19,17,12,32,21,7,30,19,15,8,19,16,13,13,50,21,13,14,74,20,15,17,11,8,22,11,25,25,16,14,10,11,20,22,13,9,18,8,11,94,18,14,8,8,16,31,8,10,33,13,9,22,21,18,22,9,18,14,5,12,20,6,16,13,6,8,50,20,12,32,31,15,14,134,22,15,11,12,11,11,16,8,10,5,16,18,15,9,17,21,16,61,21,12,12,14,15,23,27,10,7,9,16,13,8,13,12,10,10,24,9,7,15,17,9,21,20,16,21,55,44,31,15,19,14,6,25,20,14,13,19,11,14,19,12,19,14,6,26,9,-20,12,9,6,14,55,12,19,14,39,19,20,13,8,-20,50,62,57,47,12,53,40,8,10,45,45,-20,6,32,12,19,24,32,39,13,22,14,7,16,16,8,27,61,31,8,19,15,30,38,33,39,69,15,19,7,11,12,12,23,35,17,17,29,32,27,21,19,20,12,85,4,14,41,18,26,26,7,22,34,17,21,21,66,57,25,27,28,24,58,10,49,24,14,19,9,26,12,19,10,8,22,14,38,33,24,23,15,18,37,11,17,13,18,22,16,27,35,34,29,13,22,20,32,42,10,59,21,43,37,28,14,17,20,35,33,33,28,18,49,26,49,107,34,35,15,46,39,114,55,18,24,41,42,46,29,38,57,39,40,59,81,17,24,24,157,29,56,66,52,30,24,24,20,13,23,10,15,24,26,19,21,27,9,19,19,18,21,15,13,24,15,28,28,9,20,25,11,19,11,13,32,19,12,20,13,16,22,23,10,12,20,10,26,27,30,8,13,14,17,25,17,25,25,13,20,22,14,17,10,15,13,19,18,15,17,16,20,21,16,18,37,16,20,13,15,16,16,9,32,14,32,32,19,25,11,16,16,21,30,26,30,9,8,5,19,8,18,6,11,18,21,4,17,5,15,9,13,15,9,8,9,11,6,17,11,7,11,17,23,9,8,10,17,25,5,15,7,15,19,11,8,12,12,9,21,15,26,18,12,11,21,5,11,15,13,6,12,9,12,10,12,40,16,17,23,14,12,11,10,19,26,15,16,19,15,6,-20,13,13,24,17,4,38,20,8,15,22,22,9,31,17,10,12,19,21,17,10,15,10,-20,26,7,6,19,14,24,13,8,16,22,13,27,8,17,26,15,15,10,14,13,25,12,6,11,11,14,9,10,28,18,14,14,6,12,19,8,132,19,27,26,19,17,24,19,34,30,35,19,16,16,15,22,17,22,19,21,19,25,55,19,22,15,24,17,20,38,18,30,31,15,13,26,19,15,20,23,29,19,14,5,10,9,6,10,19,6,23,14,14,40,29,7,14,18,17,20,13,11,28,15,22,16,39,13,23,17,17,20,22,12,10,19,15,17,16,30,13,30,19,28,16,16,6,10,6,10,11,9,4,23,13,11,19,15,18,17,13,28,15,19,18,25,24,22,33,20,14,13,16,17,15,14,56,16,25,32,13,31,19,17,20,23,15,21,3,16,17,-20,5,21,14,15,12,21,14,10,16,14,12,8,12,11,20,5,5,15,11,29,21,23,8,30,39,37,6,-20,9,16,15,27,10,4,33,8,33,-20,43,8,-20,-20,-20,11,33,7,5,5,12,21,10,12,6,41,-20,12,39,6,6,23,4,7,7,8,3,10,6,17,11,5,-20,25,9,-20,-20,21,9,5,14,6,10,46,22,12,-20,18,18,8,37,14,10,24,9,23,22,20,30,30,63,34,111,205,126,47,35,47,32,45
"chr2,10356959",11,10,7,9,13,7,12,13,10,12,7,14,23,30,18,21,26,15,100,90,60,20,59,29,79,22,33,26,24,9,19,15,16,15,80,59,30,37,22,13,10,-20,29,14,38,47,-20,34,18,29,41,35,46,34,14,17,61,11,31,23,43,43,50,26,21,28,33,56,70,15,43,45,27,33,-20,62,17,9,6,18,9,15,32,13,22,29,32,60,49,21,18,30,31,28,27,23,16,52,12,42,33,40,5,10,37,60,-20,27,29,18,19,-20,34,39,17,7,46,22,7,7,8,13,10,9,45,11,8,61,21,24,28,6,11,17,27,38,46,8,-20,12,9,3,11,17,43,7,12,26,8,13,7,30,28,47,26,12,21,53,162,38,16,4,13,9,11,14,9,5,14,30,97,115,61,41,17,50,25,19,27,101,42,37,25,11,41,22,6,50,47,30,62,43,11,16,19,45,27,28,52,14,32,16,56,37,104,57,64,131,32,9,105,-20,87,80,31,36,81,31,23,6,18,24,10,-20,26,39,30,22,32,38,49,-20,63,98,20,17,29,36,33,28,30,28,27,38,22,40,30,17,43,19,35,66,-20,21,25,33,28,17,45,41,39,55,43,24,47,21,15,28,43,30,24,66,20,12,40,32,49,116,36,104,30,12,12,28,15,47,18,14,17,14,19,20,16,27,104,81,67,12,12,6,15,15,12,10,20,45,37,10,50,41,36,62,27,49,13,10,19,10,26,150,13,28,16,11,21,8,18,34,7,19,15,14,7,13,43,15,18,28,49,26,19,12,35,32,13,18,-20,35,24,9,18,10,9,24,23,19,3,12,40,14,16,12,32,18,7,30,18,15,7,20,17,11,13,49,21,13,11,74,16,16,15,10,8,19,12,24,26,12,11,11,11,19,23,13,9,19,8,10,96,17,11,7,-20,20,34,7,9,30,13,9,20,19,19,22,9,19,13,5,11,20,7,15,13,8,10,51,17,12,29,29,13,14,135,20,14,10,12,10,12,14,8,11,6,-20,19,14,9,16,22,18,58,19,11,11,16,13,21,26,10,7,9,15,13,8,-20,11,10,8,25,10,7,14,17,8,18,18,15,21,52,43,29,11,19,12,7,23,16,14,13,23,13,14,18,14,18,15,6,22,8,8,12,-20,6,14,60,10,20,13,37,21,19,14,10,-20,46,57,56,50,13,52,38,8,10,41,43,12,5,34,9,20,22,34,40,11,21,15,-20,16,16,8,18,55,36,8,21,14,26,31,32,38,60,11,21,6,11,11,14,22,37,16,17,-20,33,22,21,18,21,13,81,5,14,35,-20,25,25,6,21,31,-20,19,23,60,56,26,28,26,17,41,8,48,24,13,18,7,23,12,19,11,7,20,14,37,32,22,23,13,17,35,12,15,-20,17,23,12,25,33,32,26,10,22,16,29,41,10,54,21,41,35,25,-20,16,24,-20,32,32,24,17,49,27,48,104,-20,34,14,51,38,113,56,18,21,39,42,44,27,32,49,40,-20,58,67,16,24,23,144,23,52,60,55,32,22,18,18,12,19,10,14,23,22,15,19,24,9,17,18,18,20,15,14,20,19,30,26,8,19,20,13,16,10,12,26,20,11,19,13,19,18,21,-20,12,17,10,24,26,30,8,11,13,17,23,15,24,25,15,18,20,13,16,9,12,13,20,18,13,13,15,20,20,18,16,34,15,18,15,14,16,16,6,30,15,35,31,16,25,10,14,15,20,30,24,27,9,8,5,20,8,17,7,10,18,23,4,17,5,14,9,11,13,10,8,7,11,5,15,9,7,11,17,20,9,7,9,17,24,4,15,7,15,17,10,8,12,12,9,20,14,27,18,12,9,15,5,10,13,9,7,12,8,11,10,11,36,13,18,21,14,10,12,11,21,25,14,16,19,10,7,3,15,13,25,16,4,37,18,6,15,23,19,9,31,15,9,11,20,23,17,10,16,8,-20,24,7,7,19,16,23,14,7,17,21,13,23,8,19,25,15,14,8,14,12,26,10,6,10,12,15,9,11,27,20,15,11,7,11,19,8,123,16,26,24,18,17,21,19,35,28,33,17,17,15,16,19,17,22,18,21,16,25,52,19,20,15,21,18,17,32,20,28,31,14,12,25,18,14,17,21,29,20,14,5,10,9,6,-20,20,6,22,13,12,38,29,7,12,14,14,16,11,11,28,11,19,19,36,15,23,15,15,19,24,13,8,19,13,20,16,26,12,26,20,27,15,16,5,8,7,10,10,8,4,22,13,11,20,15,16,15,12,26,12,19,20,26,23,19,32,19,13,13,14,17,14,13,52,17,24,32,13,31,16,17,20,19,15,21,3,16,16,-20,5,19,13,10,12,17,11,11,14,14,14,8,12,10,20,5,5,13,7,27,19,20,5,29,38,39,7,-20,5,-20,14,27,11,4,30,9,-20,-20,37,5,-20,-20,-20,-20,37,6,5,-20,15,25,-20,14,8,-20,3,11,28,6,-20,24,-20,6,7,7,6,11,8,22,9,5,9,19,8,-20,6,23,7,4,12,-20,11,42,26,10,-20,20,16,7,30,15,10,29,-20,25,21,20,29,32,65,34,111,211,107,47,35,47,33,44
"chr2,10356963",12,10,7,9,12,7,14,15,-20,11,6,12,23,31,18,23,26,15,100,90,58,20,59,30,79,21,31,23,25,9,16,14,16,17,80,58,30,37,22,11,10,29,30,17,38,48,-20,36,17,28,46,36,50,33,14,17,59,11,31,24,43,44,50,25,22,25,28,57,69,15,45,44,28,34,31,59,17,9,6,19,10,16,33,13,22,30,31,60,49,19,18,31,33,29,29,25,18,55,12,42,33,38,6,10,37,61,10,26,27,18,19,9,37,39,17,8,47,22,7,8,8,14,12,8,48,11,8,63,22,26,29,7,12,17,29,38,45,10,7,13,9,3,11,17,42,7,13,27,8,13,7,33,29,48,30,12,22,46,166,36,16,4,11,9,10,13,9,6,14,30,94,114,66,39,20,46,25,20,27,109,45,34,27,12,42,24,7,49,37,29,62,41,10,19,19,45,24,26,46,11,31,16,56,37,100,56,65,131,27,9,105,26,91,80,31,36,82,28,20,6,19,23,11,23,24,35,29,22,33,36,47,16,63,103,18,16,22,34,32,28,29,26,29,40,23,44,30,17,40,20,38,61,10,18,25,37,31,16,44,39,38,52,41,24,44,19,17,31,46,30,23,69,21,-20,35,32,49,119,36,105,30,12,13,29,14,50,19,17,16,14,21,21,15,28,100,82,72,12,12,6,15,16,12,10,22,42,37,10,49,38,35,61,24,49,12,11,19,-20,28,140,14,29,17,11,20,10,19,36,6,20,15,15,7,14,45,14,18,27,47,25,20,13,33,31,12,15,7,33,24,10,21,10,9,24,24,20,2,14,40,14,14,14,35,18,7,28,18,15,7,25,16,11,13,49,21,13,12,72,16,15,15,10,6,19,13,24,26,13,11,12,11,19,22,13,9,19,8,9,93,14,11,7,7,21,32,6,8,32,12,9,22,18,18,22,9,18,13,5,12,20,7,15,13,8,9,48,16,13,28,33,12,14,128,20,12,10,13,9,11,14,8,10,5,13,19,13,8,16,25,18,59,17,11,11,18,12,21,27,10,5,9,18,13,8,7,10,10,-20,23,11,7,15,16,8,19,18,15,23,51,43,29,12,19,12,6,24,16,16,12,23,14,13,18,14,19,13,6,20,8,6,11,8,5,15,62,12,18,14,38,21,17,13,10,10,46,55,54,50,13,52,38,8,11,41,43,12,6,35,11,22,22,34,42,10,22,14,5,15,18,8,18,54,39,9,19,14,26,32,35,38,59,13,20,6,12,10,14,23,40,15,18,29,30,25,21,18,21,13,76,5,12,36,15,29,21,6,20,31,17,19,23,59,56,25,30,25,17,44,8,46,23,13,20,7,23,12,18,12,7,19,14,36,30,23,22,13,17,35,13,15,13,16,23,13,26,33,32,25,10,23,17,29,40,10,55,21,40,34,29,17,12,26,32,31,29,21,17,46,24,50,104,34,37,14,55,38,108,55,18,22,38,42,50,27,33,46,37,38,62,77,16,22,23,144,22,54,56,54,35,25,20,19,12,19,11,12,25,24,14,21,25,11,17,15,18,21,15,13,21,19,30,28,8,20,18,14,16,13,13,28,20,13,19,12,19,18,22,9,12,16,-20,27,26,32,9,11,13,17,23,15,24,24,15,18,20,14,16,10,13,14,19,19,13,14,16,21,22,19,16,36,16,20,14,16,18,13,6,29,15,34,31,16,26,10,15,17,18,32,26,28,9,8,5,22,8,17,7,11,18,24,4,17,5,15,9,11,13,11,8,7,11,6,15,9,7,10,17,20,9,6,8,17,24,4,15,7,15,17,10,8,12,13,9,21,14,27,18,12,9,15,5,10,13,11,7,12,10,10,11,13,39,13,18,21,15,10,12,11,21,26,14,16,19,-20,7,3,15,13,27,16,4,37,18,6,14,24,20,8,31,16,9,15,19,24,17,10,16,8,-20,24,7,7,18,16,23,14,7,17,20,14,23,10,18,25,15,12,8,14,13,26,10,6,9,12,14,9,10,27,21,15,10,6,10,18,8,124,16,25,24,20,17,24,18,34,30,34,16,18,15,15,19,18,23,19,21,16,26,52,21,22,15,21,19,16,33,20,30,32,15,11,23,-20,14,17,20,30,19,13,7,10,10,6,10,21,7,25,12,12,37,28,8,12,14,14,16,13,11,27,12,19,20,36,16,24,15,14,20,25,14,8,19,13,19,17,27,13,26,22,26,16,20,6,7,7,10,11,10,4,23,12,11,20,15,14,17,11,28,12,18,21,24,23,19,31,20,13,14,14,15,18,13,52,17,21,33,13,30,18,17,20,22,16,21,-20,17,16,-20,5,20,13,10,10,15,11,12,15,14,15,8,12,11,22,6,5,15,7,25,19,21,7,26,39,36,7,4,8,16,18,26,11,4,31,11,35,3,40,6,13,-20,-20,9,26,5,6,-20,13,22,11,15,7,39,4,14,28,4,4,26,5,4,6,7,8,9,5,23,6,4,8,21,11,-20,5,24,7,5,16,5,12,38,23,10,-20,17,18,8,33,15,9,32,-20,25,20,19,28,32,62,33,111,213,112,46,35,47,32,46
"chr2,10356965",11,11,7,9,13,-20,13,15,10,11,6,12,24,33,19,23,24,15,99,90,59,20,58,34,74,22,30,25,22,9,16,14,18,15,79,59,30,34,22,11,11,-20,29,18,36,45,-20,-20,17,32,43,37,48,34,14,17,59,10,32,24,43,44,48,26,22,25,28,57,64,14,41,41,27,30,30,61,16,9,6,19,10,16,31,13,22,31,26,61,48,19,19,31,35,28,29,25,20,54,12,38,30,37,6,10,37,59,10,25,27,19,19,-20,38,40,17,8,45,19,7,8,9,12,12,9,49,11,8,63,22,26,29,7,12,17,29,35,43,10,7,13,9,4,12,16,42,7,14,24,8,13,7,31,28,48,29,12,22,45,160,32,16,4,11,9,10,15,9,6,14,30,94,113,60,36,21,45,26,19,27,98,45,32,26,-20,39,23,6,49,35,29,60,-20,10,20,17,39,24,27,48,10,31,16,52,35,106,48,70,119,26,-20,100,27,87,75,31,37,78,24,21,7,16,21,-20,21,22,31,28,19,-20,38,46,-20,61,103,19,15,23,27,31,24,29,26,27,40,23,44,30,18,39,19,34,56,11,18,22,39,31,-20,42,35,37,53,39,23,46,19,16,31,48,28,23,67,19,11,35,31,49,115,35,108,30,12,13,29,15,50,20,17,16,14,16,19,15,28,98,80,70,12,11,6,-20,16,11,-20,19,40,37,11,50,37,37,60,25,45,11,11,16,11,28,138,13,27,17,10,17,10,19,33,6,19,14,15,7,13,46,14,17,27,46,24,20,11,34,31,12,16,7,32,-20,10,20,10,9,23,20,19,2,14,35,-20,14,14,32,18,7,28,18,14,-20,25,16,10,15,46,19,14,12,70,15,15,15,-20,6,20,11,23,25,12,10,10,11,18,21,12,9,20,8,9,90,14,-20,7,-20,21,32,6,8,30,11,9,22,18,18,20,8,17,13,5,11,20,7,15,13,8,9,47,11,-20,27,33,12,14,126,18,12,-20,12,10,12,15,8,11,6,13,21,14,8,16,25,19,58,16,11,10,15,11,22,26,10,5,10,18,13,8,7,12,9,-20,23,11,-20,15,15,-20,20,18,14,23,53,43,29,10,18,11,6,25,15,15,13,22,14,13,17,14,19,11,6,19,8,5,11,-20,-20,15,58,12,17,14,34,21,17,14,10,11,43,52,53,51,13,53,36,9,11,41,42,12,6,34,11,25,21,29,42,10,23,15,6,15,17,8,17,53,34,9,19,13,23,26,35,37,56,13,19,7,13,10,14,23,38,15,18,-20,29,25,20,18,19,12,75,5,12,34,-20,28,-20,6,21,26,16,19,23,59,55,24,30,24,17,39,8,44,23,13,21,7,23,12,19,12,7,17,14,37,33,23,24,13,17,37,13,16,13,-20,23,12,27,34,32,25,10,22,18,30,39,-20,-20,18,40,32,28,15,12,27,-20,31,29,21,-20,46,26,49,93,-20,38,14,55,37,107,56,18,24,39,42,47,27,33,41,36,-20,57,76,16,23,25,142,21,57,48,55,39,25,20,19,12,18,11,11,24,24,12,20,26,11,18,14,18,22,14,14,22,19,31,28,8,21,18,15,20,13,13,28,20,13,19,12,18,18,22,-20,13,15,10,27,27,32,9,11,13,16,22,14,21,24,15,18,17,14,16,-20,14,15,20,19,14,14,16,21,23,19,16,36,14,19,14,15,16,14,6,28,15,35,32,15,23,10,15,17,18,32,25,28,9,8,5,22,8,18,7,11,19,24,4,17,8,15,9,13,13,10,-20,7,11,6,15,9,7,10,16,19,9,6,7,16,24,4,15,7,15,17,9,8,12,14,9,21,14,27,18,12,10,16,4,10,13,11,7,12,10,10,11,13,38,13,18,20,15,10,12,11,21,26,15,19,18,10,7,3,15,12,27,16,4,37,19,6,14,23,19,8,30,16,9,14,19,24,16,10,16,8,-20,24,8,7,19,16,22,14,7,18,20,14,23,10,16,23,14,12,9,14,14,26,10,6,10,11,15,9,10,27,22,15,10,-20,9,18,8,116,16,26,24,21,17,24,17,34,30,31,16,19,15,16,18,18,23,17,21,17,26,51,20,25,15,21,19,18,32,20,30,31,15,11,23,17,14,18,21,31,19,14,7,10,10,6,10,21,7,25,12,12,38,29,8,12,13,14,17,12,11,27,13,18,21,38,16,24,15,14,20,25,13,8,18,13,19,17,27,12,27,22,25,16,20,6,7,7,10,11,10,4,23,12,11,20,16,14,17,11,29,12,18,21,24,23,18,29,20,11,14,15,15,17,13,51,18,23,34,13,30,18,17,20,24,14,22,-20,17,17,3,5,19,13,10,10,15,11,12,15,14,15,8,13,12,23,6,6,15,7,26,18,20,8,25,34,38,3,-20,7,18,-20,25,10,3,29,11,29,4,39,-20,-20,-20,-20,-20,27,6,6,4,11,20,-20,15,8,35,-20,13,27,-20,-20,26,5,4,3,6,8,6,6,23,-20,5,9,17,6,-20,7,21,6,5,13,5,12,35,25,-20,-20,16,18,-20,28,15,9,33,-20,26,20,18,28,33,63,34,99,217,113,45,33,47,30,43
"chr2,10356972",11,12,7,6,12,8,11,17,11,10,6,12,21,33,16,24,26,17,101,91,59,18,59,34,74,24,30,26,20,7,16,15,19,16,85,63,35,38,21,12,11,23,30,17,31,48,-20,37,18,39,48,35,47,33,13,15,59,12,33,24,44,41,49,25,22,26,30,62,71,13,45,41,28,30,27,65,14,10,6,19,14,18,29,13,21,32,24,67,49,19,20,32,39,29,29,24,21,53,11,37,33,36,6,9,38,63,10,25,30,17,20,9,41,45,19,6,45,18,7,6,9,10,12,9,47,10,8,58,19,25,29,8,11,16,33,34,43,10,6,14,9,4,12,16,42,7,13,24,9,12,7,31,26,46,28,13,20,41,156,30,16,4,10,7,10,15,9,7,14,32,88,117,60,32,19,48,30,17,25,104,44,27,31,12,37,18,5,40,36,25,64,-20,9,21,15,38,24,28,40,10,24,16,49,32,102,44,71,126,24,9,91,24,88,69,31,36,85,26,22,7,20,21,13,23,22,26,28,-20,23,42,46,17,59,95,20,11,23,26,29,21,28,24,29,38,26,42,29,18,36,-20,34,51,12,17,21,34,30,17,39,29,39,59,36,21,48,20,18,32,53,30,23,68,19,15,32,32,50,103,40,105,29,13,13,29,15,48,19,16,16,15,15,19,12,28,96,69,71,13,11,5,16,16,12,9,18,37,36,9,51,40,40,57,29,45,12,10,19,13,25,131,13,25,16,11,11,10,19,29,7,-20,15,16,8,13,45,14,15,25,44,23,21,12,32,29,9,16,-20,32,25,9,23,11,10,23,23,14,-20,15,36,12,11,14,32,18,6,24,17,13,5,23,13,12,15,43,18,12,12,74,11,16,15,8,7,18,10,22,23,10,12,13,11,18,20,12,8,20,7,8,92,14,11,8,8,19,35,7,-20,30,12,9,21,16,16,23,8,15,13,5,-20,21,-20,16,14,7,9,46,16,13,26,39,9,11,121,16,13,7,10,-20,11,-20,7,16,7,15,20,14,9,16,23,18,70,18,10,10,-20,12,20,28,12,5,9,18,15,7,7,13,9,9,24,11,7,16,12,-20,19,18,15,22,56,42,30,10,16,12,-20,26,18,12,14,17,17,10,21,16,20,13,8,19,8,5,10,10,6,14,60,11,18,15,29,19,16,14,9,12,45,48,53,53,13,55,36,8,11,42,44,12,7,35,11,21,16,29,40,10,20,13,6,14,15,9,19,61,38,9,16,14,25,33,32,34,53,14,19,-20,13,11,15,24,41,16,18,-20,28,29,20,17,-20,11,73,5,12,34,-20,27,21,7,21,25,16,19,22,64,52,24,30,27,20,42,6,41,20,14,20,6,22,12,21,12,7,20,13,35,34,24,26,12,18,39,12,18,14,15,21,12,25,35,29,25,9,21,17,27,43,-20,53,19,44,31,28,16,14,27,30,30,36,19,15,49,26,52,94,37,33,15,53,37,107,54,19,23,35,40,48,26,32,41,33,38,54,85,13,19,27,138,19,59,51,46,38,28,20,21,12,20,13,11,20,22,13,21,23,11,18,15,17,22,17,12,22,19,31,26,8,23,17,16,18,15,11,25,19,12,17,14,17,16,25,8,12,16,11,27,26,31,7,10,11,16,24,13,23,20,15,17,14,13,16,10,14,15,20,20,14,13,14,21,23,17,16,32,14,19,14,15,14,14,6,29,17,35,33,17,25,10,14,16,17,32,26,29,9,7,5,20,7,17,7,9,20,25,3,17,8,14,8,15,14,11,8,8,11,6,15,9,8,12,16,18,10,6,9,15,22,4,13,7,17,16,9,8,10,15,10,21,14,28,18,11,10,15,6,9,14,10,6,10,10,9,10,13,35,11,17,17,15,10,11,9,18,27,15,16,15,9,7,4,16,10,26,14,3,33,18,8,12,25,19,9,31,13,9,18,19,25,15,8,16,8,-20,24,8,6,17,14,20,12,7,20,19,15,24,8,14,22,15,12,9,11,14,25,10,7,11,10,15,10,10,24,19,16,9,6,8,18,10,111,14,27,21,23,16,24,16,31,31,30,13,18,15,15,19,18,24,21,22,16,25,49,20,23,15,19,20,16,31,19,30,32,14,13,22,18,15,18,21,29,22,12,8,9,10,6,10,19,7,25,11,11,32,25,7,10,12,13,18,12,11,25,15,18,21,33,18,21,14,15,18,23,13,9,19,13,22,15,27,13,26,21,26,17,18,5,7,8,9,12,10,5,22,12,10,20,15,15,18,11,27,13,17,21,24,24,18,26,18,10,12,15,16,17,11,53,15,23,34,11,26,19,17,21,23,14,20,3,15,16,3,5,21,13,9,9,14,11,11,15,15,15,8,14,12,21,6,6,15,6,29,15,22,9,25,34,35,-20,3,6,16,15,26,12,3,29,12,29,4,37,-20,12,-20,-20,11,25,6,6,-20,15,20,9,15,8,41,6,12,26,5,3,26,8,4,3,5,8,12,7,24,7,5,9,17,9,-20,6,27,7,6,15,7,14,35,22,8,3,14,21,5,28,15,8,35,-20,27,18,20,32,33,64,34,108,243,121,47,35,47,32,44
"chr2,10356983",10,11,5,6,13,10,11,17,12,10,6,12,23,30,17,22,24,15,101,85,62,18,57,37,71,24,27,23,21,7,14,13,15,17,83,55,35,37,22,11,13,24,27,16,32,48,3,40,18,35,48,34,47,35,16,16,64,10,34,21,48,44,44,26,20,29,25,65,72,14,49,41,27,33,30,64,15,9,8,20,16,17,29,11,22,30,19,58,50,21,21,29,39,29,25,25,21,55,11,34,37,30,5,11,39,68,7,24,24,21,21,9,41,47,20,6,39,19,6,6,9,10,13,9,35,9,8,56,17,23,26,11,12,15,29,39,45,9,6,14,11,5,12,14,39,6,11,24,9,9,7,31,18,42,27,11,17,29,141,43,16,6,11,7,10,17,9,7,14,27,87,112,54,19,19,46,29,18,24,103,45,22,33,9,36,17,5,38,37,23,52,-20,8,24,17,33,20,33,48,13,22,17,53,30,98,41,67,135,25,11,106,21,80,62,27,40,85,22,25,8,22,21,14,22,17,26,30,15,23,42,47,17,65,83,17,13,20,30,24,13,29,30,30,40,23,44,25,17,38,17,21,56,8,14,22,37,23,17,36,28,33,49,29,19,49,19,16,33,54,30,19,66,20,15,35,32,48,72,38,101,28,12,14,26,16,47,19,15,15,14,20,22,13,30,96,63,66,12,11,5,16,16,13,10,18,35,36,8,51,43,40,54,26,47,10,8,14,14,25,117,14,24,17,11,18,9,13,26,6,16,13,15,-20,13,42,13,16,27,38,22,20,13,31,26,7,19,-20,26,23,8,21,-20,11,23,18,11,2,16,35,8,12,13,31,19,5,24,15,10,5,23,14,13,16,38,16,12,10,61,10,13,13,5,7,19,14,22,28,11,10,11,10,17,17,10,9,18,8,7,91,11,9,7,8,21,36,7,7,30,8,8,20,15,15,22,8,13,12,5,11,20,4,13,14,7,10,44,14,14,24,41,9,7,102,15,17,5,7,9,12,14,7,13,8,15,18,13,-20,14,24,19,60,16,9,7,14,11,18,28,14,4,7,15,14,7,11,12,6,10,24,11,7,15,-20,-20,16,14,15,23,58,42,28,10,16,11,8,21,15,13,13,18,18,-20,16,18,20,13,8,20,6,6,9,10,6,14,61,7,17,15,23,19,16,11,9,11,42,47,47,54,12,60,35,11,12,41,43,11,7,33,11,23,16,23,40,-20,21,13,6,15,14,9,18,50,40,8,15,14,24,28,32,34,52,16,20,7,13,14,13,27,40,15,18,23,22,30,20,17,24,9,68,-20,10,26,-20,22,18,8,20,24,15,20,25,63,47,27,34,28,24,39,6,41,16,14,24,8,20,13,25,13,7,21,13,41,37,23,29,14,18,40,11,19,13,12,23,-20,23,34,29,28,8,21,19,24,40,10,51,21,43,34,24,-20,12,29,36,26,36,15,14,53,36,51,104,42,37,18,53,30,109,62,20,22,28,36,46,20,31,36,29,36,54,59,12,25,31,122,19,62,49,48,40,28,20,17,12,19,13,11,16,21,14,20,21,11,17,14,16,27,16,13,24,21,33,27,10,22,14,17,17,18,14,26,19,13,16,16,18,15,27,9,17,14,12,27,22,31,11,-20,13,16,22,13,22,21,16,17,14,14,19,10,14,15,21,19,14,13,16,24,26,19,17,31,17,22,14,17,11,12,7,27,19,35,31,19,25,11,14,14,15,31,30,27,7,7,5,20,10,17,6,9,20,23,-20,18,8,14,6,16,14,12,8,9,10,6,14,6,9,12,16,16,10,6,7,15,19,6,14,7,16,15,11,7,11,13,9,18,13,26,20,11,9,17,-20,9,13,13,7,10,11,8,9,13,38,10,17,17,16,11,12,9,22,28,18,15,16,14,9,4,14,11,30,13,6,34,19,7,12,24,20,9,28,12,11,20,19,23,14,10,15,11,-20,26,7,6,15,15,23,12,7,20,20,15,25,10,15,24,14,12,9,11,15,19,9,7,11,10,14,11,10,23,17,15,10,5,-20,17,9,101,10,29,22,27,18,21,16,32,29,29,15,19,15,16,18,19,25,23,20,18,24,51,21,26,16,16,20,-20,32,19,28,29,14,15,23,19,14,18,25,23,17,12,8,9,10,7,10,21,6,26,12,11,29,22,6,9,12,13,16,12,12,23,17,20,22,34,18,20,15,18,14,21,15,9,20,12,22,17,26,15,29,23,21,18,21,6,8,8,12,13,10,5,21,11,10,19,15,15,22,10,23,13,19,24,26,25,19,24,12,7,10,15,16,19,10,53,17,24,33,13,23,17,17,22,27,13,21,-20,-20,18,3,5,20,14,6,8,18,12,11,13,16,14,8,13,11,21,7,6,13,11,30,15,24,9,26,30,37,8,-20,8,18,12,22,7,3,27,7,29,6,30,6,12,5,-20,11,24,4,7,-20,10,18,5,14,9,44,10,17,22,5,4,25,9,5,3,7,-20,10,7,23,6,4,7,11,10,-20,6,28,9,8,14,8,13,31,19,10,3,16,22,6,22,15,7,34,5,23,19,21,31,34,63,35,100,254,112,48,35,48,31,41
"chr2,10356984",10,10,5,5,13,10,11,17,12,10,6,12,23,30,15,23,25,15,100,84,60,17,58,36,69,24,27,23,-20,7,14,12,15,16,83,55,36,36,23,11,13,23,26,16,31,46,-20,39,18,35,48,33,48,34,15,16,62,-20,34,21,47,46,44,25,21,29,25,64,71,14,48,41,28,32,30,65,-20,9,8,20,15,17,29,11,23,30,19,59,52,21,21,24,39,29,24,25,21,55,11,34,37,29,5,11,36,67,-20,24,24,21,21,9,41,45,21,6,37,19,6,6,10,10,13,9,36,-20,8,56,19,23,26,11,12,15,27,40,43,9,6,14,11,6,12,15,39,6,10,25,10,9,7,29,20,42,26,11,15,28,134,42,16,6,11,7,-20,18,9,7,14,25,81,104,54,19,19,45,28,20,23,-20,45,22,33,8,29,17,5,40,36,-20,52,39,7,19,17,33,21,33,48,13,22,17,54,30,95,40,66,123,23,-20,-20,21,82,64,26,38,79,18,23,-20,22,-20,12,20,16,24,31,13,22,42,46,-20,65,82,16,13,20,28,24,13,29,30,28,40,22,44,23,18,38,17,20,55,8,13,22,38,23,-20,37,27,32,49,-20,18,50,19,15,33,54,31,20,69,18,15,35,31,47,61,36,94,31,12,15,24,16,45,19,15,15,14,20,22,13,29,96,63,64,12,11,5,15,16,13,10,18,35,35,9,51,42,39,54,26,48,10,8,14,14,24,113,14,23,18,11,-20,8,13,25,7,14,13,15,7,12,41,13,16,27,35,21,19,13,30,26,7,19,-20,25,23,7,21,-20,10,22,18,11,2,17,35,-20,-20,12,32,19,5,22,14,-20,5,23,13,13,16,-20,16,12,10,60,10,13,12,5,7,19,14,22,28,13,-20,10,10,16,16,10,-20,18,8,7,88,10,-20,7,8,21,37,-20,7,29,8,8,18,14,16,22,8,13,12,5,-20,20,4,12,14,7,10,44,13,14,24,40,9,7,94,15,17,-20,7,9,13,13,7,13,8,-20,17,13,-20,15,23,21,59,15,9,6,14,11,18,28,13,4,7,15,14,7,-20,12,6,10,24,11,7,15,8,9,16,-20,14,22,58,42,26,11,16,11,8,21,16,12,13,19,16,10,18,18,20,14,8,20,6,6,-20,10,7,14,60,7,16,15,24,19,15,12,9,11,43,47,48,55,12,59,36,11,12,41,44,10,7,33,10,22,-20,20,37,9,22,14,6,15,14,-20,19,47,-20,-20,15,14,23,29,31,34,50,16,20,7,13,13,13,26,40,15,19,24,20,28,20,16,-20,8,66,7,9,24,-20,-20,17,8,19,23,15,19,25,64,47,27,34,30,-20,37,6,41,16,14,24,9,20,15,25,14,7,22,13,40,37,23,29,15,18,40,11,20,13,12,22,11,22,34,29,26,8,21,20,24,40,-20,48,21,42,34,24,13,13,28,-20,25,36,15,14,49,-20,48,99,40,36,18,55,30,102,63,19,22,30,36,44,20,31,34,28,36,57,58,12,25,33,111,16,62,48,48,40,27,22,17,-20,21,12,11,16,21,14,19,21,11,17,15,16,27,16,13,25,22,33,26,10,22,14,18,17,18,14,26,18,13,16,17,17,16,27,10,17,14,13,27,23,31,12,10,13,16,21,14,22,20,16,19,13,13,21,10,14,16,21,19,14,13,16,24,25,20,17,31,17,21,14,17,11,12,7,26,20,36,32,20,25,10,14,14,15,32,31,28,7,6,6,20,10,17,6,8,19,24,-20,18,9,14,6,16,14,12,8,9,10,6,14,6,9,12,16,16,10,6,7,16,19,6,14,7,16,14,11,6,11,13,9,18,13,26,19,11,9,17,-20,10,13,14,7,10,11,8,9,13,38,9,18,17,16,11,12,9,22,29,19,15,17,14,9,4,14,11,32,13,8,36,19,7,12,24,22,9,28,12,12,20,19,23,15,10,16,11,-20,25,8,6,15,15,23,12,7,21,20,17,25,10,15,24,14,12,9,11,15,15,9,8,11,11,12,11,10,23,17,15,10,4,9,18,8,99,-20,30,22,29,18,23,17,32,28,29,15,19,15,17,19,19,25,23,21,18,24,51,20,27,16,16,21,15,35,20,28,29,15,17,23,20,14,18,25,24,17,13,8,-20,10,8,10,20,6,26,12,11,30,22,6,9,11,13,16,11,12,23,18,18,22,34,18,20,15,18,14,21,16,9,20,13,22,17,25,15,30,23,21,18,21,6,8,8,12,13,10,5,21,11,10,19,15,16,23,10,23,13,19,24,26,24,19,24,12,7,10,15,16,19,10,55,17,24,34,14,24,17,16,22,27,13,21,-20,16,18,3,6,21,14,6,8,18,11,12,13,16,15,8,15,11,21,7,6,14,11,32,15,25,9,27,25,39,-20,-20,8,15,12,21,8,3,28,8,26,5,29,6,12,4,-20,11,27,5,-20,-20,-20,22,4,15,8,39,-20,18,22,5,4,25,9,6,-20,7,7,10,7,24,-20,4,6,11,11,-20,5,28,-20,7,15,6,13,25,22,-20,-20,-20,23,3,17,15,7,34,5,23,20,21,31,33,64,34,102,254,113,47,35,50,31,42
"chr2,10356991",-20,9,5,7,13,9,11,14,12,9,6,12,22,30,15,20,26,15,94,81,61,17,55,35,60,24,26,24,19,-20,14,-20,-20,13,81,55,34,34,24,12,13,-20,-20,12,26,47,-20,-20,17,29,45,32,48,30,-20,19,64,-20,36,19,46,46,43,23,19,27,26,61,69,14,43,38,27,33,33,64,15,9,8,17,15,16,26,10,22,29,21,57,51,18,20,25,37,30,21,22,20,55,11,31,37,27,5,10,35,69,7,25,25,18,22,8,44,43,18,6,37,18,6,6,10,9,11,9,33,9,7,56,18,22,25,11,11,16,26,38,41,9,5,13,8,6,12,16,35,5,11,23,12,9,7,21,21,42,-20,10,13,-20,-20,41,15,6,10,7,8,19,6,6,12,-20,-20,-20,55,17,-20,50,15,18,23,-20,40,21,31,7,31,12,4,43,33,17,47,40,-20,22,15,32,13,31,46,12,24,14,45,-20,95,38,60,-20,20,10,-20,-20,86,57,-20,-20,-20,-20,-20,-20,-20,-20,14,-20,-20,23,-20,-20,-20,42,47,-20,66,-20,-20,14,19,23,23,-20,29,-20,24,42,22,44,26,-20,39,-20,-20,54,8,14,-20,38,-20,-20,32,-20,33,48,22,13,51,20,10,31,48,32,18,75,-20,-20,29,-20,47,59,39,82,28,12,12,-20,16,43,19,12,18,20,23,19,14,29,96,61,59,12,9,5,-20,16,12,9,17,33,35,8,48,41,42,52,23,50,10,-20,14,13,19,101,13,23,-20,9,17,9,12,21,-20,16,-20,16,6,-20,40,11,-20,27,35,16,-20,15,29,24,6,-20,10,23,18,5,20,-20,-20,23,19,12,-20,16,31,-20,-20,13,30,19,5,26,14,-20,5,20,11,13,15,38,11,10,10,59,7,13,12,4,7,18,14,24,28,-20,-20,12,10,15,17,10,11,16,8,6,86,-20,-20,-20,6,21,31,-20,4,26,8,7,18,16,15,23,8,11,11,4,-20,-20,3,12,12,9,9,41,10,12,24,44,-20,7,86,15,-20,-20,7,6,13,13,6,15,6,-20,16,11,-20,16,23,24,58,18,9,-20,16,11,16,25,14,4,7,19,-20,6,-20,-20,5,11,22,-20,6,14,6,-20,16,-20,-20,23,60,43,-20,-20,15,-20,-20,17,14,12,13,-20,14,-20,-20,19,20,15,7,17,6,-20,-20,-20,6,-20,60,8,15,14,29,17,-20,11,8,-20,43,40,48,56,12,57,33,12,13,42,43,10,6,33,-20,22,-20,16,38,9,-20,15,6,-20,14,7,-20,49,30,-20,15,13,-20,25,29,32,49,14,16,6,13,10,13,27,41,12,15,-20,-20,-20,19,13,21,7,62,7,9,21,-20,-20,-20,7,18,-20,15,16,25,66,51,22,35,31,-20,31,6,39,17,13,24,8,17,15,25,13,7,20,13,38,37,23,25,14,17,37,11,19,12,11,21,10,22,29,29,26,7,20,19,26,43,-20,-20,-20,39,32,-20,11,-20,25,-20,-20,34,15,-20,58,38,49,-20,-20,39,14,52,26,-20,56,18,22,28,34,41,21,29,34,28,-20,50,55,12,27,36,97,19,57,40,45,38,32,24,14,11,19,13,11,16,21,13,17,21,9,12,13,17,26,17,15,26,17,31,26,10,16,14,15,16,16,16,22,18,11,14,18,14,14,25,11,17,13,12,25,17,32,12,9,12,15,20,13,18,22,15,20,12,12,21,9,13,16,19,21,14,11,15,21,19,18,16,28,14,18,13,16,11,11,7,22,18,33,28,20,25,9,14,11,16,27,34,27,8,6,6,18,11,15,6,8,20,21,-20,19,9,16,6,15,12,12,6,9,9,4,12,6,7,10,-20,14,9,6,9,15,20,6,11,6,17,13,11,4,9,12,8,17,13,23,20,11,9,15,9,11,13,13,6,10,13,9,9,12,37,9,16,18,16,11,11,7,20,27,20,16,14,12,9,5,13,11,28,12,9,35,19,7,12,22,20,7,27,12,9,22,17,22,16,10,16,11,-20,25,6,6,15,15,22,10,8,19,19,17,24,10,15,24,12,13,9,12,14,13,9,7,10,10,10,11,12,21,17,14,10,-20,-20,14,6,95,-20,29,18,25,16,23,15,30,20,30,15,18,14,16,16,19,21,25,18,17,21,47,19,26,14,14,20,15,34,21,26,26,15,18,24,18,15,15,25,25,16,14,8,8,10,11,7,20,6,26,10,10,28,20,5,8,10,12,13,11,11,24,18,18,20,29,16,20,14,18,14,22,14,8,18,11,22,14,22,12,26,21,20,18,20,7,7,8,11,9,11,6,13,12,10,17,13,15,24,10,19,13,20,20,24,24,17,22,12,7,10,13,12,19,9,48,19,23,32,11,22,15,18,19,26,13,20,-20,15,18,3,8,22,12,6,10,16,10,11,11,15,11,7,14,12,19,7,7,13,11,31,12,20,8,22,21,33,-20,5,7,-20,10,22,7,-20,25,-20,19,5,27,4,10,-20,-20,-20,22,-20,-20,-20,11,15,-20,13,6,32,9,15,20,-20,6,20,9,5,5,5,-20,8,5,21,5,-20,-20,11,9,-20,5,-20,8,-20,6,-20,12,24,24,-20,-20,12,22,5,-20,14,6,33,5,23,20,21,29,33,61,33,100,221,105,48,35,51,31,42
"chr2,10357006",9,7,6,8,17,8,12,10,11,8,3,12,20,37,15,21,24,18,94,74,60,16,50,33,58,24,16,19,17,-20,13,-20,18,12,74,58,34,29,22,10,11,19,35,10,32,45,3,33,14,30,40,35,43,25,14,19,57,10,34,21,46,49,42,25,23,28,29,58,63,12,37,34,29,32,33,59,15,9,8,16,13,13,23,13,19,30,17,51,46,19,19,29,35,26,22,26,19,52,12,36,39,28,3,12,41,61,8,22,25,19,17,8,36,35,20,5,35,19,5,6,13,9,7,9,32,8,8,53,17,18,28,9,8,16,26,38,38,8,5,15,9,6,12,14,35,4,11,26,13,10,7,20,15,34,24,-20,14,33,130,35,12,4,10,6,4,17,7,4,10,26,88,89,54,19,19,50,15,22,22,84,36,20,33,5,34,5,4,44,31,11,56,29,4,17,12,24,9,32,38,11,22,14,40,25,86,31,51,108,26,13,91,19,79,56,21,34,59,14,19,6,25,16,19,18,16,23,24,19,14,42,44,20,64,94,18,19,14,24,28,12,30,29,23,42,27,44,24,14,41,13,21,44,10,15,19,41,20,20,37,24,31,46,32,10,35,-20,14,27,38,31,28,72,10,15,26,24,44,74,40,80,19,9,11,31,12,35,23,10,20,18,26,19,12,32,81,77,74,11,5,4,14,16,13,9,16,33,34,7,48,36,40,45,23,50,8,5,9,12,16,79,13,26,15,8,19,8,10,14,9,17,12,12,6,9,36,10,14,25,42,15,14,14,28,20,4,21,-20,21,13,5,18,9,9,21,17,15,3,16,23,4,12,10,28,18,6,22,13,12,4,19,11,15,13,38,6,10,5,62,9,10,12,4,6,9,18,24,30,19,9,13,10,13,16,11,12,15,8,4,70,7,10,6,2,16,28,4,3,22,10,5,15,17,16,19,7,12,13,3,9,11,4,10,13,5,6,34,14,11,25,40,7,6,75,13,12,3,5,3,12,13,8,16,-20,10,16,8,11,14,22,23,54,19,9,6,9,7,15,19,15,-20,7,15,14,6,16,8,5,12,17,10,4,14,10,7,18,11,11,20,61,35,28,11,12,10,6,17,15,12,15,18,11,9,20,13,19,13,5,15,-20,8,3,5,-20,6,50,6,14,12,29,10,14,11,6,8,37,38,49,49,14,60,31,13,14,41,40,12,6,32,11,22,-20,16,39,8,16,14,-20,17,14,5,13,38,32,-20,14,14,18,23,29,30,38,15,18,5,14,8,11,20,41,13,-20,14,27,20,16,10,21,7,55,-20,8,15,12,23,19,8,17,20,16,13,27,55,56,23,31,30,13,27,6,33,14,8,27,7,12,12,26,12,12,19,11,28,29,24,30,21,14,42,7,13,13,11,23,15,19,31,18,22,5,19,15,31,46,11,39,21,41,30,23,11,-20,26,34,20,33,24,12,60,37,41,112,41,37,9,65,39,71,65,18,15,35,38,41,21,28,36,21,37,50,67,11,34,35,93,26,51,34,47,39,34,23,17,9,19,12,12,9,18,13,15,20,11,11,13,18,22,17,16,27,13,24,21,11,17,13,12,12,14,14,15,18,13,7,14,14,16,25,9,15,9,12,22,16,22,16,12,15,14,20,11,16,20,10,17,12,10,20,10,13,14,15,14,12,12,16,22,16,19,14,25,11,17,14,16,11,9,10,20,16,29,24,17,25,10,12,11,10,24,33,22,5,6,6,15,11,13,6,6,14,19,-20,12,11,14,5,11,12,10,6,4,11,3,12,7,7,8,8,14,9,7,10,12,17,7,8,4,14,10,10,4,9,6,7,13,13,20,21,8,7,13,7,11,10,13,9,10,14,9,8,13,30,10,16,15,17,10,6,9,15,27,17,17,14,12,7,6,13,13,22,7,10,33,12,8,11,22,18,7,22,7,8,22,17,18,14,12,11,13,-20,23,7,-20,13,16,14,10,8,18,16,14,20,8,15,14,13,14,7,9,17,16,10,6,7,9,9,12,9,16,15,13,9,-20,10,13,5,80,8,24,15,25,12,22,17,23,21,25,16,18,11,15,17,17,19,28,20,18,17,33,17,23,16,9,17,17,30,19,26,23,14,17,21,18,13,15,26,22,14,12,7,7,11,12,4,16,3,26,12,8,27,22,5,9,10,11,17,11,11,21,14,18,18,24,17,19,11,13,11,18,10,8,18,15,23,9,24,9,22,22,17,17,19,9,8,8,10,9,8,6,11,10,7,16,10,17,20,11,16,16,20,16,19,17,16,20,11,4,10,13,13,19,7,42,18,20,31,10,21,15,15,16,23,12,18,-20,10,20,3,8,22,11,4,10,15,7,12,9,12,8,7,13,8,22,5,8,12,9,28,10,19,6,26,19,33,4,5,8,19,12,17,8,-20,17,4,19,-20,22,5,12,-20,3,8,22,4,-20,-20,13,15,-20,11,-20,28,-20,14,20,-20,6,19,8,4,4,-20,7,5,-20,19,6,4,5,11,10,-20,10,22,7,4,5,6,10,21,17,14,2,9,23,4,19,17,4,34,5,23,21,17,30,35,56,35,90,234,93,51,36,57,36,42
"chr2,10357013",8,8,-20,9,16,9,13,10,11,10,5,10,17,35,14,20,22,18,95,70,60,17,53,36,52,26,15,18,14,3,11,10,17,14,70,61,31,28,21,8,-20,16,32,9,31,46,3,36,14,29,35,32,39,24,15,19,62,13,37,20,49,46,42,25,26,23,31,58,58,12,37,31,26,27,35,64,-20,11,8,17,12,13,21,12,16,28,19,47,46,19,21,28,35,26,21,26,20,53,12,36,38,28,3,8,39,57,12,24,23,21,16,7,39,36,21,5,34,19,5,6,13,-20,8,8,34,8,8,52,15,20,28,9,9,15,27,42,41,8,5,16,9,5,11,13,33,4,12,23,12,9,8,20,19,24,26,9,13,27,111,36,11,5,11,8,4,18,11,5,9,18,93,77,50,16,21,53,15,25,17,87,37,17,32,6,31,4,4,42,31,8,48,27,5,15,12,23,10,31,36,8,24,16,35,20,83,25,52,112,28,14,93,20,64,43,-20,30,57,16,14,-20,21,15,20,17,13,25,21,18,13,41,41,20,65,107,18,21,16,29,26,12,32,27,22,35,22,39,24,13,37,11,22,44,10,16,16,42,20,19,30,26,23,40,35,9,37,19,14,25,36,29,26,70,10,15,28,21,42,60,44,74,20,11,10,30,11,32,24,7,18,16,26,19,12,34,78,65,76,10,6,6,-20,16,13,14,15,29,30,4,47,33,37,47,23,53,8,4,8,15,16,68,12,27,15,10,19,8,9,10,11,14,6,12,7,8,37,10,12,27,44,14,11,15,29,18,4,22,7,19,13,7,19,8,9,23,17,16,3,17,26,6,10,10,23,16,5,24,14,9,3,17,11,14,13,37,6,12,5,56,7,10,10,4,6,10,19,25,31,20,8,13,7,10,14,7,13,14,8,3,70,-20,10,4,2,15,25,2,-20,17,10,3,14,15,12,16,6,10,10,3,8,11,4,9,10,5,5,38,16,10,25,40,7,8,70,12,15,4,8,2,11,12,7,15,9,8,14,8,15,12,23,23,54,19,8,6,8,4,21,19,14,6,6,13,14,6,24,11,8,11,18,10,3,15,13,7,16,8,8,17,58,34,24,13,11,6,5,19,13,10,14,11,11,8,18,15,19,15,6,15,5,8,3,6,8,2,54,7,14,12,29,10,11,15,6,7,40,39,46,49,12,59,33,13,14,40,42,12,6,32,10,20,17,19,40,6,19,15,-20,17,14,5,15,39,27,8,14,16,17,20,25,33,30,20,17,5,14,8,13,25,47,12,13,16,26,16,17,11,20,7,50,6,6,12,10,21,22,8,18,20,15,9,23,53,53,23,32,33,17,23,6,28,17,9,29,8,10,12,25,14,13,17,12,31,32,26,33,25,14,54,7,13,16,15,22,16,19,36,18,22,6,18,17,34,40,11,42,20,34,30,23,11,9,30,40,21,32,22,14,64,35,35,104,40,36,9,61,41,68,54,16,14,37,36,42,18,28,32,29,33,48,66,12,35,29,76,24,46,34,44,37,34,22,18,10,18,16,17,8,18,13,17,21,11,14,14,19,24,18,19,33,16,25,22,8,21,13,12,11,15,18,16,19,14,9,15,14,18,29,-20,18,6,14,23,21,22,17,14,17,14,25,10,17,19,10,18,11,12,18,11,13,17,15,12,12,12,16,22,16,24,14,25,16,15,19,18,12,8,11,20,18,28,27,16,25,11,13,8,11,22,33,25,5,6,7,14,13,11,7,-20,12,21,-20,11,13,15,4,13,12,9,6,5,14,5,13,8,9,9,11,13,14,8,10,12,18,7,8,-20,15,9,13,5,12,7,8,13,16,18,19,9,7,14,11,11,11,15,9,10,16,9,10,15,32,14,22,15,19,13,4,10,16,28,22,20,14,14,8,6,16,13,23,9,11,35,13,10,15,26,20,9,21,6,8,22,18,17,17,11,13,16,-20,27,5,-20,16,16,14,10,10,19,12,15,18,9,15,15,13,17,8,8,17,16,11,7,9,9,12,13,10,19,17,15,10,-20,6,15,6,71,9,27,19,27,14,27,15,27,23,28,18,17,11,16,20,15,22,28,21,20,18,31,16,24,18,9,16,18,28,22,24,27,18,17,22,14,15,15,24,25,18,13,6,-20,-20,12,5,19,3,21,10,7,30,24,4,10,10,11,18,16,11,22,15,20,20,24,18,19,11,12,14,18,11,10,18,16,24,8,26,7,22,22,13,21,20,9,11,9,13,10,8,6,12,10,8,17,15,15,20,12,14,14,21,18,21,22,15,18,11,7,8,13,16,20,10,47,21,18,-20,11,26,13,18,17,23,10,17,-20,12,16,4,7,22,11,5,10,16,7,12,9,12,7,9,16,7,24,7,7,13,9,30,11,15,3,30,21,34,6,5,6,22,14,16,7,-20,17,3,19,-20,20,8,12,3,3,8,20,-20,3,-20,13,16,-20,12,-20,30,4,17,12,-20,6,14,7,-20,4,6,6,7,7,17,6,4,3,17,10,-20,10,21,9,3,4,5,9,23,13,10,3,10,16,-20,23,18,-20,33,4,23,19,18,29,33,56,31,104,223,94,53,36,58,36,40
"chr2,10357022",7,6,9,7,13,9,9,8,10,8,4,9,19,34,14,20,22,18,92,69,59,16,53,35,50,29,14,15,18,6,9,11,17,17,62,65,32,27,20,8,11,-20,32,10,25,41,3,37,15,26,35,28,39,17,-20,18,62,11,39,27,47,46,44,19,31,23,26,52,55,14,34,33,23,28,34,66,13,15,9,13,12,12,20,9,13,26,22,50,45,18,20,28,29,25,24,24,18,55,14,38,38,28,-20,8,40,53,11,17,19,20,16,10,31,36,20,4,29,17,5,6,12,11,9,7,36,6,6,51,16,21,25,9,10,12,29,45,44,8,6,17,11,6,11,15,28,4,12,23,11,9,6,22,21,31,24,10,12,24,107,34,8,5,-20,6,3,17,10,5,10,17,89,77,44,16,19,46,14,26,15,86,34,16,33,7,33,3,-20,44,28,12,41,-20,5,14,13,26,16,23,34,8,21,13,35,25,75,23,47,101,26,12,77,20,62,38,18,23,63,17,14,-20,19,13,18,-20,14,23,20,16,-20,41,36,19,63,101,19,20,17,30,25,10,31,27,20,34,21,36,26,15,32,11,21,39,11,14,16,43,18,17,27,24,24,41,35,8,34,20,-20,24,30,28,26,66,14,11,26,14,40,63,41,74,21,9,11,30,9,27,23,-20,17,16,27,17,11,40,81,72,84,9,4,7,14,16,10,13,15,27,31,4,40,38,37,45,24,54,6,4,8,18,15,68,14,25,15,10,17,6,10,14,13,16,5,12,8,6,35,10,11,23,39,13,12,18,27,18,3,21,4,20,13,8,18,8,7,19,15,14,3,17,26,-20,11,10,20,14,6,20,9,9,3,22,11,12,11,37,7,10,6,54,8,10,10,4,8,14,17,31,29,19,9,11,7,9,15,10,11,16,7,3,67,-20,11,3,-20,17,25,3,2,14,10,-20,15,19,16,17,3,9,11,4,7,8,6,-20,11,6,5,41,10,11,25,40,6,8,62,13,14,-20,7,3,11,9,5,15,9,7,13,-20,17,9,20,23,57,15,7,6,9,4,21,20,14,5,7,15,12,5,30,10,8,9,17,9,-20,15,14,7,15,7,8,17,58,32,20,13,8,7,4,19,13,9,16,10,9,7,17,16,16,15,6,15,6,7,3,8,8,3,51,8,13,12,27,9,11,12,6,9,36,35,45,54,14,66,29,13,12,40,42,11,7,32,11,25,-20,15,38,5,20,13,2,16,20,4,9,44,25,5,13,13,15,18,20,33,24,20,18,-20,14,8,14,21,40,13,11,20,26,17,15,-20,19,7,46,4,5,13,11,18,18,8,16,25,17,-20,19,52,55,19,28,33,14,24,6,25,16,8,27,7,9,12,23,15,14,16,9,29,29,20,28,24,12,51,9,16,18,14,24,16,17,34,20,18,-20,9,18,40,34,10,-20,22,34,29,23,10,-20,31,36,-20,32,24,13,57,33,28,100,37,39,10,58,41,59,53,14,22,37,33,38,23,19,32,28,35,45,71,11,36,29,79,26,47,39,38,40,32,27,19,10,18,14,17,10,18,10,15,21,11,14,12,20,22,18,19,34,13,23,20,7,16,14,11,11,13,15,15,18,16,8,17,15,20,28,11,19,8,16,24,24,22,17,15,17,11,26,11,15,17,11,19,9,9,15,11,14,16,14,12,11,12,15,23,14,20,13,25,17,16,19,15,14,12,11,20,17,28,25,16,22,9,13,9,9,21,29,25,-20,6,3,13,13,13,8,7,12,22,-20,11,16,15,4,13,11,9,-20,7,12,6,11,8,9,8,8,15,13,-20,13,11,17,4,7,-20,14,8,12,4,12,8,6,13,14,15,15,7,7,13,14,9,8,16,9,12,16,6,11,12,25,11,22,14,16,12,4,11,16,25,17,19,12,13,6,7,17,10,24,-20,12,33,11,10,16,24,18,9,22,6,8,21,16,17,15,12,12,16,-20,26,6,5,16,16,15,9,8,15,10,10,17,10,14,15,14,14,8,9,17,16,10,7,8,8,11,14,12,18,16,15,9,-20,6,15,5,67,9,26,20,27,13,24,13,27,23,24,18,16,8,16,20,16,20,26,22,17,14,27,13,22,19,8,16,17,28,21,21,25,18,16,23,13,14,12,22,24,18,12,7,7,12,12,5,16,3,17,11,6,23,22,5,9,9,11,17,14,12,20,13,17,20,28,15,18,11,11,14,20,10,8,19,17,24,7,24,8,21,22,14,18,21,8,8,8,15,9,7,6,9,11,7,16,14,15,19,13,17,15,21,17,20,21,13,19,10,6,8,12,17,21,12,45,19,15,31,11,21,16,19,-20,23,10,14,-20,12,10,5,7,24,9,5,9,15,6,11,6,11,8,9,14,8,20,5,6,15,-20,29,10,12,6,24,19,43,5,3,7,16,13,16,6,-20,17,5,15,-20,17,4,12,-20,5,7,17,-20,3,-20,12,15,-20,10,-20,26,-20,16,11,3,9,11,7,3,5,4,6,8,9,14,4,4,-20,14,9,-20,9,19,8,3,3,3,-20,23,11,-20,4,8,13,-20,19,20,-20,36,4,20,17,19,30,34,52,33,103,224,95,51,35,58,34,39
"chr2,10357028",7,8,8,9,13,9,7,10,10,6,5,9,22,33,14,20,19,17,81,67,60,15,54,35,46,28,12,15,16,6,10,12,18,17,61,60,34,25,18,8,9,18,31,11,28,40,3,33,14,29,33,26,39,15,12,21,67,12,36,30,46,45,42,21,33,22,25,47,55,13,34,33,16,27,32,62,14,16,8,13,11,14,16,7,13,26,24,50,45,16,17,23,32,26,23,28,18,54,12,35,36,28,-20,8,41,50,10,17,21,17,16,9,29,32,17,5,31,16,5,7,12,12,8,7,37,6,4,46,17,22,26,10,10,12,30,46,35,8,6,10,11,-20,11,12,27,4,10,23,12,9,6,23,20,29,23,11,10,24,106,33,8,5,8,4,-20,16,10,5,8,16,97,69,39,12,19,44,12,27,14,93,30,19,31,-20,29,3,-20,43,28,12,44,24,4,15,11,26,19,26,29,9,21,13,39,27,67,21,45,97,25,13,86,21,49,41,21,19,63,18,13,6,21,13,20,19,16,18,19,15,-20,39,36,20,61,109,21,20,18,33,21,11,34,27,20,33,20,39,26,12,31,12,25,38,10,14,17,44,17,19,25,21,26,42,34,8,32,17,16,21,27,29,26,63,14,15,25,15,38,71,43,71,20,10,9,28,9,27,22,5,16,16,30,17,11,36,82,75,87,9,5,4,15,13,10,12,14,27,32,5,39,39,38,43,20,54,7,4,10,18,16,70,13,24,15,9,22,6,7,14,14,18,5,13,9,6,34,12,12,24,40,12,12,20,24,17,5,20,-20,19,16,9,14,7,7,17,14,15,3,15,26,-20,11,12,19,12,6,18,10,8,4,24,10,11,11,43,8,7,6,52,9,9,10,4,9,14,17,30,30,18,9,14,8,10,12,11,11,12,8,-20,62,-20,10,-20,-20,17,25,3,2,13,10,-20,19,18,17,14,5,8,11,4,7,9,7,10,12,8,6,42,11,11,24,38,8,10,56,13,13,7,8,3,11,8,5,12,9,7,13,9,17,9,18,24,55,18,7,7,8,4,19,18,14,5,6,14,10,6,27,11,8,9,20,9,2,15,14,7,15,8,9,18,58,32,18,18,7,7,4,16,12,9,15,13,8,8,16,17,20,12,6,14,6,7,4,7,7,3,50,9,15,10,24,10,9,12,6,11,31,31,45,54,14,68,28,15,10,36,41,9,7,37,11,24,14,14,39,5,-20,11,-20,16,18,4,-20,49,23,8,18,11,16,18,21,32,24,18,18,3,13,10,14,22,38,13,9,18,25,20,15,14,19,7,45,4,3,10,11,19,17,7,16,24,16,-20,18,57,52,20,29,30,13,25,5,24,15,8,29,7,8,12,22,16,13,16,10,30,27,21,27,24,11,49,11,16,18,14,26,17,18,33,20,19,-20,9,18,41,30,-20,39,22,37,27,24,-20,11,30,37,23,31,25,-20,59,30,29,99,38,39,11,64,39,62,54,13,25,34,37,40,26,20,35,28,35,39,74,10,35,30,81,22,48,40,33,42,30,24,19,11,15,15,16,12,14,9,15,20,10,14,11,20,25,17,17,31,13,19,21,7,15,13,11,11,14,14,14,17,15,9,17,18,22,27,12,20,7,16,24,22,22,17,15,17,11,26,14,13,16,12,14,10,8,12,12,14,15,15,14,10,10,13,24,14,18,13,25,18,13,19,15,12,11,12,19,17,26,23,16,21,9,11,9,7,22,28,25,-20,5,4,15,13,12,6,7,13,23,-20,10,17,17,-20,11,9,9,3,8,12,7,11,8,8,7,7,15,14,6,13,11,16,5,8,-20,13,8,9,4,12,8,6,10,11,14,16,8,7,14,14,8,7,16,10,12,16,6,11,12,23,12,21,13,16,12,6,12,16,25,17,19,11,12,9,7,17,11,21,-20,13,29,12,10,17,25,19,7,21,5,6,22,14,16,16,12,11,17,-20,27,8,5,18,15,14,9,7,15,12,11,17,10,11,15,13,17,8,8,16,17,10,7,8,9,11,13,13,18,16,17,8,-20,5,16,5,71,10,24,21,26,13,28,12,25,23,23,18,15,7,14,18,16,20,27,22,16,15,23,12,23,19,9,15,17,29,23,18,24,19,15,21,13,16,12,20,23,17,12,7,6,14,9,5,17,4,20,11,4,22,21,6,8,7,10,15,16,11,19,15,17,19,26,18,19,10,11,12,18,11,7,-20,14,22,9,23,8,20,22,16,16,20,8,8,7,15,9,6,6,-20,-20,6,15,14,14,19,11,16,16,21,18,19,20,12,16,9,-20,9,12,15,21,10,46,19,18,28,11,20,15,19,19,23,9,14,-20,12,10,4,9,24,8,6,8,14,7,12,6,11,8,8,13,9,24,7,6,15,6,27,8,12,4,25,26,43,5,6,9,13,10,17,9,-20,15,6,12,-20,19,-20,11,4,7,7,18,-20,3,-20,11,17,4,8,-20,27,4,13,-20,3,11,13,10,3,6,4,5,8,-20,12,5,5,-20,13,9,-20,11,17,8,5,3,5,9,22,9,11,4,10,13,-20,24,18,-20,33,5,22,21,18,26,32,54,30,103,212,89,53,37,55,35,40
"chr2,10357032",7,8,7,9,13,9,6,10,11,8,5,9,20,31,14,17,19,16,79,66,59,15,53,34,45,29,11,20,17,6,10,13,17,17,60,61,32,23,18,7,7,17,34,11,29,44,4,35,14,31,36,25,39,17,12,20,64,12,37,31,44,44,42,23,33,21,26,45,55,14,34,30,17,29,37,64,13,16,8,13,12,13,17,6,14,28,25,50,43,15,14,21,30,25,24,28,19,48,9,33,33,25,-20,8,40,50,10,15,21,17,14,8,27,27,18,5,28,16,5,7,13,13,7,7,36,6,4,47,16,21,24,10,10,11,30,43,33,8,7,10,10,7,12,12,25,4,10,24,12,9,6,25,19,25,23,10,10,27,107,29,9,5,8,4,-20,14,10,6,8,16,102,70,43,13,18,46,13,29,14,91,29,18,38,11,29,3,-20,43,26,10,46,23,5,14,12,25,17,23,31,10,21,13,39,27,74,24,44,102,21,14,89,19,47,42,21,-20,62,21,12,-20,-20,16,21,-20,15,17,17,11,16,37,34,19,60,111,19,20,19,31,23,10,31,24,22,32,19,39,24,13,30,12,24,39,12,13,19,44,16,15,28,22,27,41,40,7,30,20,15,20,27,30,29,63,17,13,23,20,41,74,45,79,21,10,9,29,8,26,23,-20,17,16,37,18,10,35,82,85,80,9,5,4,16,13,11,11,14,26,31,5,40,35,40,41,20,55,6,4,-20,18,14,73,12,23,14,10,23,7,9,13,14,20,5,14,8,8,32,11,11,22,47,9,12,20,23,13,6,20,-20,14,18,8,15,8,6,18,14,10,3,15,24,-20,14,10,20,11,6,16,10,8,5,23,11,10,10,46,8,7,7,51,9,8,9,5,9,14,15,25,29,17,8,16,8,10,10,12,12,12,7,-20,62,6,8,-20,-20,15,28,5,2,12,10,-20,21,17,18,13,4,9,11,4,5,8,7,8,10,8,6,37,10,12,23,40,8,10,56,12,12,-20,8,3,12,8,5,15,10,4,12,9,22,9,19,24,52,20,7,8,8,4,17,17,14,6,6,14,10,6,31,11,8,9,20,10,3,14,12,8,13,-20,9,16,60,30,16,19,8,8,4,16,11,9,14,11,8,8,13,15,23,14,6,13,6,7,4,7,7,3,48,8,17,9,24,12,9,13,7,12,29,30,46,53,13,65,26,14,10,33,42,9,7,34,12,22,12,12,37,5,19,9,-20,17,19,-20,8,45,23,-20,18,10,17,17,21,34,25,19,18,3,13,11,14,25,41,14,9,19,25,22,14,14,-20,7,46,4,4,10,10,20,13,8,15,24,17,11,18,56,51,20,33,31,15,25,5,24,15,8,31,7,9,11,22,16,14,16,10,30,27,21,24,26,11,50,11,14,18,15,25,16,18,35,20,19,-20,9,18,39,32,8,39,20,34,30,25,10,-20,31,37,21,27,26,-20,55,31,27,100,38,39,11,60,38,60,54,14,26,35,40,42,28,25,37,35,37,47,82,10,36,29,78,18,54,38,28,42,29,22,18,10,15,15,17,13,14,9,14,18,8,15,10,19,22,17,17,32,12,20,22,7,15,13,11,11,14,14,13,16,15,9,17,17,21,28,11,20,7,17,24,21,23,19,13,18,9,27,13,13,15,11,11,10,8,12,12,13,18,15,16,9,11,15,23,14,19,14,25,17,13,19,19,12,11,11,20,18,24,24,16,23,9,11,8,7,21,26,26,-20,5,4,14,13,12,6,-20,14,23,4,11,17,17,-20,11,11,9,3,8,11,7,10,8,8,7,7,15,13,6,14,11,14,5,8,-20,12,7,9,4,12,7,6,10,11,14,16,8,7,15,13,8,7,16,10,11,14,6,11,13,24,12,22,12,16,12,7,13,15,24,17,20,12,14,10,7,17,10,22,-20,14,28,12,11,15,25,20,7,23,4,9,20,13,16,16,13,11,16,-20,23,9,5,17,15,14,9,7,15,13,12,15,9,14,16,13,17,8,8,16,16,10,7,12,9,11,11,13,17,16,17,8,3,6,18,5,69,9,26,20,26,14,27,12,25,24,22,17,15,7,14,17,16,17,26,17,16,16,23,13,23,19,9,15,17,28,24,18,24,15,15,21,13,15,12,21,23,16,10,7,5,14,9,5,16,4,19,11,4,20,23,6,9,7,10,14,16,11,17,13,18,20,26,17,17,10,10,12,17,10,7,15,14,22,9,26,8,19,22,14,14,19,9,8,7,15,9,6,5,9,7,6,17,15,14,19,11,19,17,21,18,20,18,12,14,9,8,9,12,16,21,14,45,19,19,28,11,19,14,17,21,23,9,13,-20,12,12,4,9,24,8,6,6,12,7,11,6,10,8,8,13,9,24,7,6,14,6,27,8,14,-20,27,27,44,7,7,7,15,11,21,7,-20,19,6,13,-20,22,2,11,4,6,7,20,-20,4,-20,12,17,4,6,-20,25,4,14,9,-20,14,14,7,3,6,3,6,7,-20,10,5,3,-20,13,8,-20,11,18,7,4,4,4,9,22,10,6,4,9,12,-20,23,18,-20,34,6,24,22,17,25,31,53,30,101,224,90,49,35,57,32,42
"chr2,10357033",7,8,7,8,13,8,6,9,11,8,5,9,20,31,15,17,19,16,83,67,59,15,53,34,45,28,11,20,17,6,10,13,17,17,60,62,32,22,17,7,7,-20,34,11,29,43,4,37,15,32,35,25,40,17,10,20,66,12,37,32,45,44,42,22,34,22,26,45,57,15,35,29,17,29,38,64,13,15,8,10,10,13,17,6,11,29,24,49,44,17,13,21,30,25,25,28,19,50,9,33,34,26,-20,8,40,50,10,15,21,17,14,8,27,27,18,5,29,15,5,6,12,11,6,7,36,5,4,47,13,21,24,10,10,11,29,44,36,8,6,10,10,7,10,12,24,3,10,26,12,7,6,26,19,26,24,11,9,27,105,29,9,4,8,4,-20,14,9,6,9,18,99,72,44,13,18,46,13,29,11,90,29,18,38,11,35,3,-20,43,25,10,45,23,5,14,12,24,17,23,31,12,20,13,41,27,75,24,42,105,21,12,88,19,46,44,20,20,62,21,11,-20,22,18,26,21,15,18,15,10,17,36,34,19,60,107,19,20,18,32,24,10,29,25,21,31,19,39,22,14,30,12,24,40,13,13,-20,44,16,-20,28,22,28,42,39,7,30,20,15,18,28,30,28,66,18,13,24,19,43,74,47,81,20,10,9,29,8,26,24,-20,17,16,36,17,10,35,81,85,80,9,5,4,16,13,9,12,13,27,31,5,39,37,39,40,20,52,6,4,11,18,14,73,12,23,14,10,22,7,9,13,14,20,6,15,8,7,29,11,11,22,45,9,12,20,29,14,6,20,-20,14,18,8,16,8,6,18,14,11,3,15,24,-20,14,10,19,10,6,16,-20,9,5,23,10,10,-20,47,-20,7,-20,52,9,8,9,5,9,14,13,25,29,17,8,16,7,10,8,12,13,14,7,-20,61,6,9,-20,-20,16,28,5,2,13,10,-20,21,17,18,15,3,9,11,4,5,8,7,9,10,8,6,36,10,13,23,39,8,10,55,11,12,7,9,3,10,8,5,15,10,5,12,9,25,9,19,24,52,22,7,8,8,4,17,16,14,6,6,15,10,6,31,11,8,9,21,11,2,14,13,8,13,6,-20,16,61,32,15,19,8,8,4,17,10,-20,14,10,8,8,13,16,23,14,6,14,6,7,5,8,-20,3,51,8,15,9,28,13,9,13,7,12,32,30,47,54,13,65,30,12,10,33,42,9,7,35,-20,22,13,12,39,5,19,8,-20,18,18,4,8,46,23,11,18,10,17,17,21,34,27,19,20,4,13,11,14,25,41,14,9,18,26,22,13,14,15,7,49,4,5,10,10,20,13,8,15,25,17,11,18,54,51,19,33,30,15,25,5,23,15,8,31,-20,9,10,22,15,14,14,8,29,27,20,23,26,11,50,11,14,18,15,23,14,16,32,19,20,-20,8,15,40,32,-20,41,20,34,31,22,10,-20,33,38,-20,27,26,15,57,30,25,99,38,41,13,60,38,64,56,14,26,34,41,44,29,32,36,34,37,46,82,10,36,29,92,19,54,39,29,41,29,22,17,10,15,15,17,13,14,9,13,16,8,14,10,18,22,17,17,31,11,19,21,7,14,12,10,11,13,14,13,16,15,8,17,15,21,26,11,20,7,17,24,21,23,19,13,17,8,26,12,13,15,11,12,10,8,11,12,13,17,14,16,8,11,15,23,14,19,12,25,17,13,19,17,12,11,10,20,18,23,23,15,23,9,10,7,7,20,24,26,-20,4,4,14,13,12,6,7,14,22,4,11,17,17,-20,10,11,8,-20,7,9,7,8,8,7,6,7,14,13,6,14,10,14,5,8,-20,11,7,9,4,12,7,6,10,10,10,13,8,7,15,13,9,7,15,10,-20,14,5,10,12,23,11,22,11,14,12,7,13,14,22,17,20,12,14,10,6,17,10,22,5,14,28,12,11,15,23,20,7,19,4,9,20,13,16,15,13,11,16,-20,23,8,5,17,15,12,8,7,14,12,11,14,9,14,13,13,16,8,7,14,15,10,7,12,8,11,11,13,18,15,17,8,3,6,19,5,71,-20,26,20,25,12,26,12,25,22,20,16,15,7,12,16,16,16,25,17,16,16,20,13,21,19,8,15,15,27,23,16,22,15,13,21,12,15,11,21,23,16,8,6,5,14,9,5,16,4,19,11,4,20,23,6,7,7,9,14,16,11,15,13,18,19,25,17,17,10,10,12,15,11,6,14,14,22,8,26,8,18,22,12,14,18,9,8,7,13,9,6,5,9,7,6,16,14,13,19,10,19,16,19,17,20,18,12,13,9,7,-20,10,16,18,14,41,19,19,26,10,16,13,16,21,23,9,13,-20,12,12,4,9,19,7,6,6,12,7,10,6,9,8,8,13,9,23,7,6,14,6,26,8,14,4,25,25,42,7,7,8,13,11,22,10,-20,19,6,12,-20,21,3,11,3,7,7,20,-20,4,-20,12,15,4,7,-20,25,4,15,9,3,14,14,7,3,-20,3,5,-20,6,12,7,3,-20,13,6,-20,10,17,6,4,4,4,8,25,11,9,4,10,-20,-20,28,18,-20,31,6,24,22,16,24,30,53,31,101,224,91,49,37,56,33,38
"chr2,10357037",6,8,7,8,13,7,7,9,12,8,5,9,20,28,15,18,20,17,82,64,61,15,52,33,45,29,11,-20,20,7,10,13,17,16,58,61,34,22,18,7,7,16,31,10,30,43,4,35,15,33,28,26,39,18,11,23,65,12,37,33,46,43,41,24,35,22,25,44,56,16,32,31,18,30,40,65,12,15,8,10,11,13,17,6,11,30,22,48,45,16,12,21,27,23,25,29,19,52,10,35,33,27,-20,11,40,50,12,16,21,18,16,8,27,25,18,5,29,15,6,6,13,11,6,10,33,-20,4,45,15,21,23,10,11,12,27,44,34,9,6,10,10,6,11,14,23,4,10,28,12,7,6,26,23,26,24,11,12,28,99,28,-20,4,8,4,-20,14,9,6,9,19,97,66,44,14,18,46,13,29,12,103,28,18,40,9,34,3,-20,41,22,10,41,-20,4,14,9,22,16,23,33,14,18,15,41,25,78,22,42,97,22,11,81,19,41,42,19,19,64,23,11,-20,22,19,22,20,15,19,16,10,18,35,39,20,56,94,17,24,18,31,26,9,28,29,17,27,21,38,22,12,28,13,24,38,12,15,16,41,17,17,31,26,26,43,38,6,30,21,14,18,28,28,31,64,21,14,28,24,42,67,45,79,19,10,9,29,9,23,25,-20,19,19,37,19,9,36,69,81,95,9,5,4,16,12,9,13,13,27,29,6,37,37,37,39,21,52,5,4,12,16,14,68,12,23,15,10,23,7,10,12,12,20,7,15,8,7,28,11,13,20,52,9,12,19,29,14,6,20,-20,14,20,7,14,8,7,19,13,10,3,14,23,3,12,9,21,9,6,16,11,8,5,24,12,10,11,45,9,7,8,56,10,8,9,5,9,15,12,24,30,15,8,16,7,10,7,14,13,14,7,6,59,6,8,-20,3,14,28,5,-20,15,9,-20,22,16,16,15,4,8,10,3,5,8,7,-20,8,8,6,35,13,13,24,38,10,10,60,12,14,7,9,5,10,6,4,14,10,6,12,9,26,9,21,24,52,21,7,7,9,3,20,16,15,6,5,16,12,8,29,10,8,9,19,10,2,14,14,7,12,7,11,17,60,32,16,18,7,8,4,16,11,11,15,12,7,8,14,17,23,14,7,14,6,7,5,8,-20,3,51,8,15,8,24,13,9,13,6,13,32,30,50,52,12,65,31,12,11,29,44,9,7,37,13,22,12,13,34,6,20,7,-20,17,19,-20,8,45,22,13,18,11,17,19,19,34,30,17,20,4,13,10,14,25,41,15,7,18,25,22,13,13,15,7,45,3,5,9,11,19,12,8,16,24,17,13,16,55,51,20,33,31,16,23,4,23,13,9,34,7,7,9,22,17,14,16,8,33,26,17,28,28,11,54,10,14,19,16,24,14,19,31,20,20,-20,9,15,40,32,-20,43,21,34,31,24,10,8,32,37,22,25,26,14,58,32,24,101,38,45,12,60,39,65,56,12,27,40,40,47,30,33,39,37,31,47,76,10,36,27,92,18,52,35,27,42,30,22,17,10,16,16,19,13,12,9,13,16,9,14,10,17,22,16,20,32,11,19,22,7,15,14,11,10,16,14,14,15,18,8,17,14,21,28,11,21,9,17,23,23,22,18,12,15,8,29,14,13,20,10,12,12,9,12,15,13,17,16,17,8,11,15,22,13,18,13,24,17,14,19,17,12,11,10,19,19,23,22,16,22,10,11,7,-20,21,23,27,-20,5,4,16,13,13,6,7,15,22,4,11,19,17,-20,10,11,7,-20,7,10,8,8,8,7,6,9,14,14,9,14,11,17,6,8,3,11,9,10,5,12,7,6,12,12,10,14,9,7,16,14,10,7,16,11,10,14,5,9,12,23,11,21,11,14,13,9,14,20,23,18,20,12,14,11,7,17,11,22,6,15,30,12,11,17,23,22,7,19,7,9,21,14,17,16,13,12,16,-20,23,8,6,19,15,16,8,7,17,13,11,14,10,16,15,13,16,8,7,14,15,10,9,13,8,11,12,13,18,16,18,8,3,6,20,6,71,9,26,21,25,15,29,13,25,24,22,16,15,9,12,16,15,16,27,19,16,19,23,14,21,19,8,16,18,27,23,17,23,15,15,22,13,15,12,21,23,16,9,6,5,15,11,6,16,5,20,11,4,19,23,6,7,7,10,15,16,11,16,11,17,19,25,17,17,9,9,13,16,11,6,15,14,22,9,28,8,20,22,12,14,20,9,8,7,14,10,6,5,9,7,6,16,15,15,19,11,19,16,20,17,20,21,12,14,11,7,7,10,16,17,15,44,20,20,25,10,16,13,16,21,24,9,13,-20,12,14,5,9,20,7,6,6,13,6,11,6,11,9,8,13,9,25,6,6,14,7,27,8,17,6,26,23,42,-20,4,8,13,15,20,9,3,19,7,16,-20,25,4,10,4,7,5,19,4,4,-20,8,16,3,8,-20,26,-20,16,10,3,15,15,7,3,6,3,5,8,6,10,8,3,2,17,7,-20,10,18,6,4,3,3,9,24,12,7,3,10,10,3,30,20,6,35,6,24,21,16,22,31,50,29,101,178,89,49,41,51,32,38
"chr2,10357040",8,7,-20,8,13,8,8,10,12,9,5,9,20,27,15,18,19,17,77,64,57,14,52,32,44,30,11,19,20,6,9,13,14,17,57,61,35,22,18,8,9,16,34,8,30,42,4,36,15,32,27,23,36,15,10,24,67,12,37,33,45,42,39,23,35,22,25,44,54,16,32,32,17,30,40,65,13,14,8,11,13,13,17,6,11,31,24,45,44,16,12,20,28,21,23,30,19,52,8,34,34,27,-20,10,42,51,12,15,20,17,16,8,25,25,18,-20,26,14,-20,5,14,11,6,10,33,-20,4,44,13,20,22,9,11,10,28,46,35,6,6,9,13,7,12,13,24,5,9,28,11,6,6,26,22,25,22,10,10,28,96,27,-20,4,7,6,4,12,9,6,8,17,93,57,45,15,17,49,14,28,11,97,26,18,38,-20,35,3,-20,37,22,8,40,25,4,13,9,21,20,23,31,14,19,15,39,25,76,21,37,91,22,9,69,17,40,42,19,16,66,22,10,8,20,19,22,18,14,24,18,9,17,34,37,19,52,91,18,24,17,32,25,8,28,27,14,26,18,39,20,11,27,14,24,41,13,14,16,38,18,18,29,26,26,43,38,6,29,21,14,17,24,32,31,60,20,14,28,24,42,64,44,81,19,10,8,27,8,21,24,-20,18,21,36,19,9,35,67,86,93,10,6,5,16,9,10,10,13,24,31,7,35,36,36,40,22,49,4,4,12,17,14,60,12,22,15,10,27,9,9,9,11,20,-20,13,8,8,28,11,12,19,55,9,12,20,29,15,6,19,-20,14,20,7,14,7,7,17,13,9,4,13,22,3,11,10,21,9,7,16,11,9,5,24,11,10,11,44,9,7,7,56,8,8,9,5,9,15,11,24,30,16,8,14,7,10,6,13,12,13,6,6,52,5,8,-20,3,14,28,5,-20,13,7,-20,22,15,15,14,4,6,10,3,4,8,7,5,7,8,6,35,11,13,23,39,10,9,55,11,14,7,8,-20,13,6,4,15,10,6,12,-20,25,9,20,23,48,18,7,7,9,4,20,17,14,6,5,15,12,8,28,11,7,9,18,10,2,12,14,6,12,7,10,16,58,33,16,17,9,7,3,16,11,11,14,12,7,9,14,17,24,14,9,14,6,6,5,8,6,3,54,8,14,7,23,14,-20,13,6,13,31,27,46,52,11,64,31,11,11,28,45,8,5,35,14,19,13,14,30,7,20,7,6,17,17,-20,8,50,23,13,18,10,17,20,20,35,30,18,20,-20,13,10,11,22,43,14,7,16,26,20,14,14,15,7,44,3,4,10,11,19,12,8,17,25,17,12,17,54,49,19,32,29,16,22,5,25,13,9,34,6,8,11,22,17,14,16,8,32,26,14,29,27,9,51,11,13,14,16,23,16,21,32,18,19,-20,8,15,40,32,6,42,20,34,34,22,10,8,31,34,22,27,29,14,59,30,24,91,37,43,12,59,39,66,51,12,25,36,38,45,29,33,39,37,30,52,87,10,39,25,89,19,50,36,27,35,27,23,17,-20,15,14,18,11,10,9,15,16,9,16,14,14,22,17,20,33,10,22,21,6,15,12,14,9,15,13,14,15,17,8,18,16,19,29,11,21,11,18,19,23,22,20,15,17,10,28,13,14,18,11,11,13,8,13,17,13,18,17,18,8,9,17,23,11,18,13,20,14,14,22,15,12,10,9,21,19,20,22,17,21,11,10,7,10,23,26,28,-20,6,4,15,12,13,8,-20,18,22,4,9,18,16,5,10,12,6,-20,7,9,8,8,6,7,5,9,12,12,-20,14,11,16,7,6,4,9,10,10,5,12,8,7,7,12,12,13,9,6,15,16,9,7,18,11,6,15,6,8,12,21,10,22,11,16,12,9,13,22,24,17,22,10,14,11,7,17,11,25,4,16,26,11,12,14,24,20,7,21,5,10,21,13,13,17,15,11,16,-20,22,8,5,20,14,17,8,6,15,12,10,12,11,17,15,16,17,8,5,16,13,12,8,13,8,11,12,15,20,15,16,8,3,6,19,6,70,9,25,21,24,12,32,16,25,24,22,20,13,8,12,14,16,18,27,19,14,19,26,16,27,19,9,14,19,29,20,16,21,15,14,21,12,14,9,19,23,17,10,6,4,15,11,6,17,6,19,12,6,18,24,6,8,6,9,13,15,7,19,13,16,17,22,19,15,8,8,9,15,11,6,14,13,25,9,26,9,20,24,14,13,22,9,8,8,13,10,6,5,10,10,5,14,16,15,16,9,19,15,18,16,23,22,12,13,11,7,7,11,16,16,15,40,19,20,23,10,17,13,18,22,24,8,12,-20,9,16,5,8,20,6,5,6,11,-20,14,5,11,9,8,14,11,22,6,6,13,7,28,5,18,5,26,25,42,6,6,8,11,15,21,8,3,20,9,17,-20,25,4,10,4,7,6,18,3,-20,-20,5,15,3,9,-20,24,-20,16,13,3,13,16,6,4,7,4,-20,8,6,12,7,4,3,15,-20,-20,9,21,5,4,3,4,8,22,12,-20,-20,12,14,3,29,19,6,35,6,24,21,15,22,31,51,28,90,178,83,46,41,48,34,36
"chr2,10357051",4,7,6,8,13,10,10,-20,-20,8,5,10,20,24,19,18,16,17,75,61,53,10,48,30,46,26,10,16,18,7,8,10,11,19,47,58,43,18,18,11,8,16,31,11,31,47,3,29,13,33,28,22,31,15,-20,21,70,14,37,33,41,41,32,24,35,17,22,41,52,14,30,31,18,26,38,61,13,14,6,12,13,13,16,7,9,30,24,44,45,16,15,21,25,22,23,27,13,47,9,33,32,23,-20,10,36,49,11,16,20,12,14,9,28,22,15,8,22,15,5,3,13,10,8,11,29,5,4,44,11,18,19,9,9,9,32,42,33,6,6,9,11,7,11,11,24,5,9,23,10,5,6,20,22,33,19,-20,10,26,99,22,5,5,8,5,-20,17,8,-20,8,17,87,58,41,15,17,50,11,31,14,86,24,16,38,9,38,-20,-20,37,23,9,29,24,6,11,11,21,19,16,37,13,21,18,37,20,68,23,32,76,22,-20,65,12,40,41,16,13,67,22,11,7,16,20,20,15,15,34,16,11,17,36,37,19,56,86,18,24,15,31,20,8,23,32,17,25,15,42,18,13,28,13,26,37,17,11,16,35,20,18,29,22,26,41,29,7,22,19,11,21,18,34,28,66,20,15,27,21,40,64,47,84,20,11,9,24,5,18,26,-20,18,23,38,18,12,34,69,75,97,11,6,4,14,8,11,10,8,24,26,7,32,40,34,37,23,49,4,4,13,15,11,56,14,21,16,10,27,6,9,11,11,22,8,11,8,7,30,-20,10,19,61,-20,5,21,26,15,7,13,-20,13,15,-20,15,5,5,16,11,11,-20,15,19,-20,9,11,20,7,5,18,10,8,6,24,8,13,9,48,-20,7,9,51,-20,7,7,5,10,13,7,28,28,12,9,12,5,10,-20,11,14,9,7,5,48,5,8,-20,4,11,26,4,5,11,6,6,21,13,18,11,4,6,10,2,3,6,7,5,5,9,5,41,12,9,20,36,9,9,53,12,14,6,8,4,14,7,4,14,9,6,9,11,22,7,16,26,46,17,6,8,7,4,23,15,15,7,7,13,9,7,25,13,-20,9,18,11,4,9,14,4,7,7,13,18,57,29,17,19,10,5,2,14,9,8,13,9,5,8,16,16,21,12,8,-20,7,7,5,7,5,4,55,8,-20,4,27,10,6,14,3,12,35,28,44,49,12,59,33,11,10,32,40,7,5,35,11,22,14,14,31,6,20,5,7,16,18,-20,8,50,26,14,17,11,15,15,16,40,28,16,19,-20,11,8,9,22,40,13,6,19,24,22,13,13,17,4,38,5,4,-20,12,15,11,6,11,32,18,12,20,56,49,18,30,30,16,23,6,26,14,9,35,6,8,15,26,18,12,12,7,31,23,15,29,28,10,48,11,13,15,17,23,16,21,27,11,20,-20,10,18,46,26,6,42,22,34,28,16,11,10,32,32,19,25,25,-20,54,29,16,87,35,45,12,59,38,65,45,13,26,38,40,36,30,35,38,37,26,44,81,12,41,26,97,27,36,37,30,30,28,22,17,11,14,14,20,16,10,14,16,14,7,18,11,12,25,15,20,28,10,24,24,5,15,11,14,11,15,16,13,13,15,8,16,14,21,23,12,17,10,17,17,24,22,21,15,15,10,25,13,16,18,10,11,14,8,11,18,13,18,15,14,5,10,20,17,10,19,11,14,14,13,20,15,-20,8,9,10,16,15,22,18,19,9,12,-20,9,24,23,28,-20,6,4,16,11,14,7,6,15,23,4,7,20,13,5,11,12,6,2,7,10,8,7,5,6,7,11,11,11,8,15,10,15,8,7,6,10,6,11,5,10,10,7,7,12,9,12,12,5,15,17,8,7,16,11,6,14,5,7,12,18,11,20,13,14,7,8,10,24,23,20,25,11,14,12,7,16,10,27,5,19,25,11,12,14,20,19,7,19,6,9,23,15,12,17,14,9,18,-20,18,7,6,18,13,16,7,8,14,10,11,13,11,16,15,17,15,9,7,15,12,11,8,13,6,11,11,16,20,15,13,7,5,5,21,4,59,10,22,20,27,12,34,16,24,25,19,24,12,9,12,13,16,14,28,17,17,16,22,16,25,16,10,16,18,25,19,14,21,13,13,19,13,13,12,20,22,15,9,6,5,17,10,5,18,7,18,11,-20,20,21,5,7,5,13,11,14,6,18,16,14,15,19,17,15,5,9,9,12,13,5,11,14,24,10,24,9,19,18,16,11,19,11,9,6,12,13,-20,6,8,9,5,12,14,12,21,8,15,15,14,14,24,24,9,13,11,5,9,8,17,15,14,39,15,20,21,11,20,17,18,24,29,8,12,-20,10,15,5,6,17,4,8,9,10,12,16,7,11,8,5,12,12,21,6,6,16,6,26,5,18,4,27,27,42,-20,3,6,16,17,23,7,5,15,7,14,-20,19,4,10,3,7,4,19,7,-20,-20,7,18,5,9,3,22,-20,16,15,4,13,13,10,7,-20,3,6,12,-20,-20,10,5,2,18,3,-20,-20,28,4,3,3,-20,9,19,12,-20,3,13,10,3,30,18,11,31,7,24,22,14,20,29,52,27,68,130,83,40,35,52,34,37
"chr2,10357052",4,7,6,8,13,10,10,9,8,8,5,10,21,24,19,18,17,17,77,63,51,10,43,32,47,26,12,15,19,7,8,10,12,19,48,55,43,17,20,11,7,15,30,10,31,47,3,28,13,33,28,22,32,15,-20,21,71,14,38,35,39,41,31,24,33,17,21,42,50,14,30,32,18,26,38,59,12,14,7,12,13,13,16,7,9,30,23,44,44,16,14,20,26,22,23,28,14,45,9,29,30,24,-20,10,39,48,11,17,20,13,14,9,28,23,14,7,24,14,5,3,13,10,8,11,29,5,4,43,11,18,19,9,9,9,32,41,31,6,7,9,11,7,11,11,27,5,9,23,10,5,6,21,25,33,20,10,9,26,101,22,5,5,-20,5,5,17,8,5,8,16,87,54,40,15,18,53,11,33,14,90,22,15,40,9,38,-20,-20,39,24,9,29,24,6,12,11,21,19,15,35,15,22,20,37,20,70,23,32,75,22,-20,65,12,41,41,15,11,69,22,12,6,15,20,20,16,16,33,15,11,16,39,35,18,57,86,19,22,16,30,21,8,23,30,18,25,16,43,20,13,28,13,27,37,17,12,15,34,19,17,31,22,27,44,31,6,23,18,-20,25,17,33,27,65,20,14,27,23,41,64,47,87,20,11,9,24,6,17,26,-20,19,23,37,17,12,33,63,75,97,11,6,4,14,7,11,-20,8,22,26,7,31,41,35,37,22,48,4,4,-20,15,11,57,14,22,-20,10,27,7,9,11,11,22,7,11,8,7,29,10,10,19,61,-20,6,21,28,15,7,12,-20,13,15,8,14,4,5,17,-20,11,-20,15,19,-20,9,11,20,7,5,20,11,8,6,23,9,14,9,48,7,7,-20,50,6,7,6,5,10,13,7,28,28,12,9,12,5,11,-20,11,-20,9,7,6,52,5,7,2,4,11,25,3,6,11,7,6,21,12,17,11,4,6,10,2,3,8,7,5,6,9,5,43,11,8,20,34,9,9,53,13,13,7,8,4,14,7,4,14,9,6,9,11,23,8,16,26,46,17,6,8,7,4,23,15,14,7,7,13,9,7,26,13,7,8,18,11,4,9,14,4,7,7,13,16,58,28,18,19,9,4,2,14,9,8,13,9,6,9,16,16,21,12,8,17,7,7,5,7,5,4,58,-20,13,4,26,10,6,14,5,12,32,26,41,51,12,58,35,11,10,33,37,7,5,35,10,23,15,14,30,5,-20,5,-20,16,18,-20,8,50,25,14,16,9,14,18,16,40,31,16,17,-20,10,8,-20,21,42,14,7,19,24,21,13,15,-20,4,38,5,4,13,12,14,11,6,12,31,18,12,20,53,49,19,30,30,17,22,6,27,14,9,34,6,8,15,26,18,12,12,7,31,24,15,29,28,9,49,11,13,15,17,23,16,22,27,11,20,-20,10,17,47,26,6,42,22,33,28,-20,12,10,32,32,-20,25,24,12,57,31,16,91,32,45,12,59,41,67,37,13,26,40,40,35,31,35,39,37,25,45,87,12,39,24,100,26,38,37,30,30,28,21,16,11,14,14,20,16,11,13,17,14,7,18,11,12,26,15,20,28,10,24,24,5,15,10,14,10,14,15,13,12,16,8,15,14,21,23,12,17,10,17,17,24,21,21,-20,15,10,27,13,15,18,9,11,14,8,11,18,14,18,15,14,5,10,19,17,11,-20,11,14,14,13,19,15,8,8,9,11,17,15,22,17,19,-20,12,9,9,24,23,31,-20,6,4,16,11,14,7,6,15,23,4,7,20,13,5,11,12,6,2,7,11,8,7,5,6,7,11,10,11,8,15,10,15,8,7,6,10,6,11,4,10,10,7,7,12,9,12,12,5,15,18,8,7,16,11,6,14,5,7,12,18,11,20,13,14,5,9,11,24,23,20,25,11,14,12,7,16,10,27,5,19,23,11,12,13,21,19,7,18,6,9,23,15,13,17,14,9,17,-20,18,7,6,18,14,16,7,8,14,10,11,13,11,16,15,17,16,9,7,15,12,11,8,13,6,11,11,15,20,15,13,7,5,4,21,4,58,10,22,20,27,11,33,18,24,25,20,24,12,9,12,14,16,14,28,16,17,16,23,16,26,16,11,16,18,25,19,14,21,13,13,19,13,13,12,19,22,14,9,6,5,17,10,5,18,7,18,11,-20,20,21,5,7,5,14,12,14,6,18,16,14,15,19,17,15,5,9,10,12,13,5,11,14,24,10,24,10,19,19,15,11,19,11,9,6,13,13,8,6,8,9,5,12,14,12,21,8,15,15,14,14,24,24,9,14,11,5,9,8,17,15,14,38,15,19,21,11,20,17,18,24,28,8,12,-20,11,15,5,6,17,4,8,9,10,12,16,7,11,8,5,12,12,21,6,7,16,6,25,5,17,5,27,25,37,-20,5,6,16,17,23,7,4,16,9,12,-20,22,4,11,3,7,4,15,9,3,-20,6,19,5,9,2,27,-20,16,17,-20,12,-20,10,6,3,-20,4,11,-20,8,9,5,3,19,-20,-20,9,27,3,3,3,-20,4,20,12,7,-20,12,11,3,28,18,11,31,8,24,21,14,20,30,52,28,68,109,81,40,35,51,36,36
"chr2,10357053",4,7,6,8,13,10,10,9,10,8,6,10,21,23,19,17,16,17,79,62,50,10,44,32,45,26,12,16,17,7,8,9,12,19,47,55,43,18,20,11,7,16,30,11,31,46,3,-20,13,32,26,22,33,15,12,21,66,14,38,35,41,42,32,24,34,18,21,41,49,14,29,32,19,26,39,60,12,14,8,13,14,13,15,8,9,29,23,44,45,16,14,20,27,22,22,28,14,45,10,30,30,24,-20,10,38,47,11,17,20,16,14,9,28,25,14,8,24,14,5,3,15,12,9,11,30,5,4,42,11,18,19,9,-20,10,31,42,32,6,9,9,11,7,11,12,27,5,9,23,10,5,6,22,25,33,18,-20,9,26,99,22,4,5,9,5,5,18,8,5,8,16,82,52,38,16,18,53,11,35,14,89,20,15,40,9,38,-20,-20,37,23,-20,29,23,6,11,10,21,19,13,36,15,22,20,37,19,66,22,32,80,22,10,64,12,40,42,15,10,66,22,13,6,15,20,20,15,16,30,15,11,17,38,36,18,58,85,19,23,16,29,19,8,23,29,18,23,15,43,21,12,25,12,27,36,17,12,15,34,18,18,31,22,27,45,30,5,23,19,-20,25,-20,32,28,65,20,13,27,23,41,63,47,88,20,11,8,24,6,17,26,4,19,23,37,18,11,33,66,73,95,11,6,4,13,7,11,10,8,22,26,7,31,41,36,36,22,47,4,4,12,15,11,57,13,21,-20,10,27,8,9,12,-20,22,7,11,8,7,29,-20,10,18,61,10,6,21,28,14,7,12,-20,13,15,8,15,4,5,17,8,11,-20,15,19,-20,9,11,19,6,5,20,-20,8,6,22,-20,13,9,49,7,7,10,50,6,-20,6,5,10,15,7,29,27,12,8,12,-20,11,6,11,14,9,7,6,52,5,7,2,-20,11,25,-20,6,11,7,6,21,12,17,12,4,-20,10,2,3,-20,8,-20,-20,9,5,39,11,8,19,34,9,9,51,13,12,-20,-20,4,14,-20,4,14,9,6,-20,11,23,8,16,25,45,15,6,8,7,4,23,15,14,7,7,12,-20,8,26,13,-20,8,18,10,4,9,14,4,-20,7,12,17,59,27,18,19,8,4,2,13,9,8,13,9,6,9,16,16,23,12,8,17,7,7,5,7,4,4,57,8,14,4,26,11,6,14,5,12,29,27,40,49,13,57,37,12,10,33,36,6,5,34,10,22,14,14,31,-20,17,5,7,16,17,-20,8,50,22,14,17,9,14,17,15,40,33,16,17,4,10,8,-20,19,43,13,-20,19,23,22,13,15,17,4,38,5,4,-20,-20,12,11,6,11,30,18,13,20,53,49,19,30,29,17,23,6,27,14,9,34,6,8,15,27,17,12,12,9,32,25,15,29,29,9,50,11,13,16,17,22,17,23,27,11,21,-20,10,17,46,25,6,39,21,33,28,16,11,-20,31,31,19,25,22,12,57,30,15,91,34,50,12,59,40,66,38,13,26,39,41,34,31,35,38,37,25,44,87,12,39,24,99,26,36,33,30,30,25,22,17,11,17,15,20,16,11,13,17,15,7,17,12,12,26,15,20,29,11,25,24,5,15,11,13,10,16,16,13,13,15,9,16,14,21,23,12,22,10,17,17,24,21,20,16,14,11,27,13,16,18,10,11,14,8,10,19,13,18,15,14,5,10,19,17,11,19,11,14,13,12,20,15,8,9,10,12,17,15,21,19,20,9,12,-20,10,23,22,31,-20,6,5,16,11,16,7,-20,16,23,4,7,19,13,7,10,12,6,3,8,12,9,9,5,6,7,11,11,11,8,15,11,15,10,7,6,10,6,11,4,11,10,10,7,12,9,12,12,6,16,17,8,7,16,11,6,14,5,7,13,18,11,20,13,14,6,9,11,24,23,20,25,12,14,13,7,16,11,27,5,19,23,11,12,14,21,17,8,18,7,11,24,14,14,17,15,9,17,-20,18,7,6,19,14,15,7,8,14,10,11,13,11,16,15,17,16,9,7,16,12,11,8,13,6,12,11,16,20,16,13,7,5,4,21,4,59,-20,23,20,27,11,33,18,24,25,20,25,11,9,12,16,18,14,29,17,17,16,23,17,25,17,12,16,17,26,20,14,22,13,13,20,13,13,12,19,23,14,9,6,-20,17,11,5,18,7,17,11,-20,22,23,6,7,6,14,12,14,7,18,16,14,15,19,17,17,5,9,11,12,13,5,10,15,24,10,24,10,19,19,14,11,20,11,9,7,13,13,8,6,8,9,5,12,14,12,21,8,16,15,14,15,24,24,9,14,11,5,9,8,17,17,13,40,15,19,22,10,21,19,18,24,30,8,12,-20,11,14,5,6,17,4,8,-20,10,12,15,7,11,8,5,12,12,21,6,8,16,6,25,5,18,5,28,25,38,-20,5,8,17,16,24,6,5,15,9,13,-20,23,4,10,3,7,4,17,8,-20,-20,-20,20,5,10,3,26,-20,15,17,-20,11,15,10,6,-20,3,5,10,4,9,12,5,3,19,5,-20,10,28,3,-20,4,3,7,22,13,9,3,13,12,3,32,18,11,31,8,24,21,14,19,30,53,29,68,109,81,39,36,51,36,36
"chr2,10357063",5,8,9,8,17,9,-20,8,9,7,6,9,20,20,17,15,17,14,85,61,45,11,47,32,48,24,13,18,19,6,9,7,15,20,48,54,43,18,19,12,7,-20,34,12,24,43,4,29,17,33,43,22,35,12,13,21,69,15,35,35,39,38,31,27,40,17,22,40,50,14,34,30,22,28,36,62,11,15,8,16,15,16,14,9,11,32,22,47,43,16,12,21,28,24,20,26,14,46,10,31,29,25,3,8,44,41,10,21,19,20,14,11,26,23,11,9,24,16,4,4,17,14,7,11,28,5,4,42,12,22,23,6,12,10,27,41,33,5,10,8,13,7,10,16,32,-20,9,24,10,4,8,18,33,31,-20,10,9,30,98,18,5,4,11,7,6,18,10,5,9,16,87,46,40,21,14,50,11,31,16,100,25,12,42,9,32,3,-20,40,18,-20,28,28,4,11,11,20,23,21,38,13,21,21,31,17,60,22,34,79,20,-20,70,15,36,36,13,10,70,22,12,6,18,21,20,-20,17,28,11,9,19,35,36,19,54,83,15,23,17,32,23,11,19,30,15,14,12,40,20,12,28,10,25,30,17,14,13,20,19,15,29,21,24,44,32,5,18,17,8,28,14,30,25,54,19,15,25,21,36,57,47,83,17,10,10,28,-20,14,28,4,15,23,37,17,9,28,63,59,94,11,8,4,13,6,10,11,7,24,28,6,29,42,34,41,21,49,4,3,11,15,13,61,13,21,14,10,26,10,9,12,10,22,6,12,10,8,30,12,10,18,73,11,5,21,29,17,-20,13,6,13,14,8,13,5,7,20,6,12,4,16,16,-20,-20,11,17,7,6,24,10,8,7,22,10,13,9,50,7,6,10,49,8,6,7,6,10,15,6,30,28,13,8,11,6,9,9,11,-20,8,8,6,52,6,5,3,7,11,20,3,-20,12,6,6,21,11,15,13,5,7,9,3,4,7,8,6,-20,8,6,39,6,9,23,34,10,10,57,16,6,5,9,4,13,-20,4,14,7,6,10,12,16,9,18,20,42,13,6,8,6,4,27,16,10,7,7,9,10,7,19,14,-20,10,17,12,5,13,12,4,-20,8,15,13,60,27,18,18,8,5,2,14,9,9,13,10,8,9,15,11,21,14,10,16,7,6,5,7,-20,4,47,6,16,6,22,11,7,15,5,12,32,30,38,45,10,51,36,12,12,34,36,5,5,36,9,20,17,15,33,6,-20,4,7,14,18,-20,10,52,27,13,17,9,12,16,16,37,31,16,17,3,10,8,-20,19,43,14,8,20,22,23,15,14,16,3,48,5,5,14,10,13,16,7,14,28,19,12,18,55,49,20,27,31,15,25,7,34,-20,8,35,7,8,19,33,18,14,13,-20,41,23,19,33,32,11,54,15,15,20,17,25,17,24,33,14,26,3,10,18,45,26,7,42,-20,37,31,-20,-20,11,27,32,-20,19,23,-20,47,26,16,94,25,48,10,51,39,73,32,13,23,35,34,38,36,34,35,41,26,40,87,11,36,25,107,23,32,36,23,27,21,26,21,11,19,16,23,18,13,15,17,16,6,19,13,13,28,18,20,31,9,22,29,9,16,11,11,9,17,18,14,15,16,9,19,13,20,24,12,22,13,20,13,24,20,20,17,14,12,29,14,23,17,11,15,17,8,11,17,16,18,15,15,9,10,20,19,12,18,12,16,15,13,23,14,10,12,10,15,17,14,28,22,22,11,12,12,13,27,22,30,-20,8,6,13,13,21,8,6,17,21,5,11,22,16,10,13,12,9,6,8,14,9,11,7,11,8,10,15,13,9,19,13,17,10,9,6,10,7,12,3,12,10,14,-20,16,7,14,12,8,18,19,10,8,16,11,10,13,5,8,13,17,9,21,17,14,7,12,13,22,23,20,32,11,13,13,-20,16,12,28,10,19,27,14,13,20,22,17,9,17,7,12,23,16,14,18,18,11,22,-20,22,7,5,20,15,17,6,8,16,13,10,12,9,15,21,18,17,11,5,16,13,13,11,16,5,13,13,16,23,16,14,8,7,5,22,3,61,11,25,23,28,12,36,22,26,30,24,33,16,11,13,17,18,14,30,22,19,21,25,12,28,17,11,17,19,29,20,16,24,17,14,22,17,18,19,22,23,15,13,4,5,19,13,7,18,7,23,-20,7,25,23,7,9,7,17,14,15,12,19,14,17,17,24,14,19,10,14,14,15,13,6,10,17,18,12,29,8,21,19,16,10,20,12,9,7,13,13,6,7,7,10,7,14,17,17,23,10,19,17,13,16,27,25,9,15,15,9,9,12,17,15,16,42,13,21,28,12,26,21,22,26,32,8,11,-20,12,14,6,6,18,6,8,8,12,12,13,8,11,7,6,13,13,22,5,11,15,5,21,5,14,-20,25,26,35,-20,3,5,13,13,22,5,5,17,7,15,-20,26,3,7,-20,6,5,16,9,4,-20,6,24,4,8,-20,21,5,14,16,4,8,18,7,6,5,-20,6,11,-20,12,-20,6,-20,21,5,-20,-20,26,-20,-20,6,-20,10,23,16,7,3,14,16,-20,24,21,14,32,9,26,22,18,22,30,52,33,74,118,82,39,39,56,47,41
"chr2,10357067",5,7,10,8,16,9,10,7,9,7,6,9,21,20,16,14,15,12,84,59,47,10,47,29,48,24,14,17,19,6,-20,8,15,19,47,52,44,18,19,12,7,15,32,12,28,43,3,30,17,32,42,20,34,16,17,22,69,17,33,36,37,40,33,29,42,17,23,40,48,14,35,28,22,28,35,61,13,15,8,19,14,13,14,9,10,32,22,48,42,17,11,21,27,23,21,25,12,48,11,32,27,25,3,9,43,42,12,22,15,20,14,13,25,21,11,9,24,15,5,4,17,14,7,10,27,5,4,41,12,23,23,6,15,11,29,42,35,6,10,9,13,6,12,17,30,5,8,26,9,6,8,18,30,30,22,10,9,28,106,17,5,5,11,7,7,19,9,4,8,15,89,42,38,28,13,49,11,32,17,101,24,14,40,9,32,3,-20,36,18,9,24,25,6,11,-20,20,22,21,39,16,16,21,33,18,64,25,33,82,21,-20,72,15,32,38,14,10,72,20,14,-20,20,20,20,17,18,30,11,11,19,34,36,21,54,81,16,19,16,33,22,10,18,31,14,14,12,42,20,13,27,11,24,31,16,15,12,23,19,14,28,23,26,45,30,6,15,14,-20,28,9,31,25,52,21,15,23,22,40,57,48,82,17,10,10,31,7,16,26,4,16,17,34,18,7,28,67,61,92,10,8,4,13,6,9,11,7,24,26,5,31,42,32,39,21,47,4,3,11,14,13,64,13,19,14,11,27,13,9,14,11,22,6,13,9,8,32,11,9,21,75,11,5,23,29,18,8,14,7,13,14,8,13,5,5,22,6,13,4,13,15,-20,9,10,16,7,6,24,10,10,6,23,9,14,9,52,8,5,10,50,8,5,7,6,10,16,6,29,27,11,8,12,6,12,9,11,13,8,7,7,51,6,6,3,7,10,19,5,-20,12,7,6,22,12,14,13,5,7,9,3,4,7,9,7,7,8,6,40,7,9,24,34,11,11,65,15,5,5,8,5,12,7,5,15,6,7,9,13,16,11,18,18,46,13,6,7,7,4,27,17,11,7,7,10,10,6,17,11,7,10,16,15,5,13,12,4,7,9,14,12,57,28,20,21,8,5,2,12,8,10,13,13,10,9,16,10,20,14,10,17,7,6,5,7,4,4,48,6,16,6,23,13,7,14,5,12,37,33,41,42,10,50,37,12,13,34,36,4,4,35,9,19,-20,14,30,-20,19,3,7,13,21,3,11,48,26,13,17,9,12,14,18,38,32,16,17,3,9,9,10,18,44,13,8,23,18,25,15,14,19,3,51,5,8,12,10,16,15,6,15,27,18,14,19,57,50,20,28,30,14,26,6,35,17,7,37,9,-20,18,31,21,14,12,8,40,22,19,31,32,11,54,15,17,20,17,26,17,23,31,15,28,3,10,19,46,30,7,44,19,36,34,13,-20,13,24,29,18,20,20,12,37,26,17,90,29,45,10,51,39,81,33,13,29,33,35,41,33,36,35,39,28,43,96,11,31,22,112,22,34,35,19,32,22,26,21,11,17,15,21,18,13,15,16,15,6,19,13,13,28,17,20,31,10,22,30,8,16,11,11,6,17,18,15,15,17,9,20,13,20,23,15,23,13,21,13,23,19,21,18,14,14,28,14,24,17,13,15,16,8,11,18,16,18,12,17,7,11,22,20,12,19,13,17,13,13,26,14,11,11,10,18,16,17,27,19,22,12,12,12,14,26,22,30,-20,8,6,15,13,20,8,6,16,21,6,12,20,15,11,9,13,8,7,7,15,11,11,7,10,7,10,15,12,9,17,12,17,11,9,6,9,8,13,3,12,8,13,6,18,5,12,15,7,21,20,11,7,15,11,10,12,6,8,13,21,10,21,18,14,7,14,14,22,22,19,30,12,13,14,6,14,12,28,10,19,27,13,12,20,23,18,8,18,7,13,22,16,14,18,18,11,23,-20,22,6,5,20,14,17,6,9,15,12,11,12,9,15,23,16,18,10,5,17,13,14,9,16,5,15,13,18,25,15,15,9,7,5,22,4,62,11,23,22,25,10,34,24,26,32,20,33,17,13,12,18,18,18,31,22,18,23,25,12,24,17,11,17,17,29,21,16,24,17,12,21,16,18,19,22,24,13,13,3,5,19,12,7,17,7,25,12,7,24,29,7,10,7,17,13,16,11,20,14,19,17,23,16,21,10,14,13,17,13,6,11,17,17,13,30,8,20,20,16,11,20,12,9,7,14,11,5,6,7,10,6,13,16,16,22,11,19,18,14,16,24,24,10,15,17,11,8,11,17,15,15,43,12,22,28,11,28,21,24,25,33,7,12,-20,13,14,5,7,18,7,8,9,13,12,13,8,9,7,3,12,11,21,5,10,15,6,19,6,15,-20,25,24,35,-20,3,7,14,12,20,6,4,14,9,16,-20,25,3,5,-20,7,6,19,8,4,-20,6,22,4,10,-20,15,5,12,19,5,7,15,6,4,3,-20,3,12,-20,10,10,4,-20,20,4,-20,5,26,-20,3,-20,-20,9,21,17,7,-20,9,18,-20,25,22,14,32,9,23,25,17,24,28,52,35,75,103,73,38,42,55,48,46
"chr2,10357069",5,7,9,9,16,9,10,6,9,6,6,10,20,20,17,13,16,12,87,60,45,10,44,28,49,27,14,18,20,6,10,9,16,18,48,51,43,20,19,12,8,-20,31,11,22,42,4,-20,17,32,41,21,34,16,-20,21,69,-20,34,38,36,40,38,28,42,16,23,40,48,14,31,29,22,27,34,58,14,17,8,19,13,13,15,9,10,34,22,46,42,19,11,21,28,22,22,25,11,46,12,33,27,25,4,9,44,43,12,22,15,20,14,13,25,24,10,9,23,16,5,4,17,15,7,10,26,6,4,39,13,21,23,5,14,10,28,43,34,6,10,8,13,5,12,18,28,5,8,27,9,6,9,17,31,31,-20,9,9,28,105,17,5,5,11,8,7,18,9,4,9,15,89,37,41,27,13,47,13,29,17,96,23,16,39,9,30,3,-20,30,15,11,24,22,7,11,9,22,22,21,40,16,15,21,33,20,63,26,30,78,19,-20,68,17,30,33,15,10,72,20,14,-20,23,21,20,17,17,29,12,15,-20,35,37,-20,54,78,14,19,14,33,21,10,17,30,-20,13,-20,45,18,15,26,-20,22,27,16,16,14,23,20,14,28,22,26,45,29,6,15,14,-20,31,11,33,21,51,21,17,25,21,41,62,48,86,17,10,10,30,7,14,26,5,15,16,31,17,7,31,67,53,86,10,8,3,-20,6,9,11,7,25,28,5,30,40,33,39,21,45,5,3,9,17,12,66,13,21,-20,11,28,12,-20,12,11,21,6,14,9,8,31,10,9,22,76,11,5,23,29,19,10,14,-20,12,14,8,11,5,5,23,6,13,4,14,13,-20,9,10,13,7,6,24,10,11,6,23,12,14,9,51,-20,5,11,51,8,7,7,6,10,16,6,29,27,11,8,12,6,12,9,10,-20,-20,7,7,48,8,-20,3,7,8,19,5,-20,11,7,7,22,11,15,12,5,7,-20,4,4,6,9,7,6,8,6,39,6,8,23,30,11,10,65,16,7,5,8,5,12,7,5,12,7,7,8,13,17,11,20,17,42,14,7,7,8,5,27,15,12,7,9,10,11,-20,19,11,8,10,16,15,5,12,12,4,8,9,14,12,54,29,21,22,8,5,3,12,9,10,12,14,9,9,14,10,21,13,10,16,7,6,6,7,4,4,49,7,16,7,23,12,7,14,5,12,36,34,42,41,10,52,35,12,12,34,35,4,-20,37,9,18,18,15,32,8,-20,3,7,14,20,3,12,50,26,13,18,9,11,14,18,36,33,16,16,3,9,9,10,17,45,14,8,22,18,24,15,14,-20,4,52,6,8,12,-20,15,15,7,15,28,19,-20,20,56,52,22,27,28,14,24,6,34,17,7,36,9,-20,18,33,20,14,12,8,40,21,20,30,31,11,54,15,16,19,18,26,18,23,30,-20,27,3,11,19,45,28,-20,39,-20,32,34,-20,8,12,25,29,-20,-20,20,-20,36,22,17,90,-20,43,10,49,38,79,35,13,29,33,37,43,31,37,36,38,-20,41,98,10,34,22,111,21,32,30,18,31,21,25,23,11,18,16,21,18,13,15,16,15,-20,20,14,13,29,16,17,31,10,22,28,8,16,11,10,6,17,18,15,18,17,8,20,14,19,22,14,22,13,20,15,23,18,19,18,13,14,29,14,24,17,12,15,17,8,11,19,17,18,11,16,7,11,22,19,14,19,13,20,13,14,26,13,11,11,11,16,15,19,27,21,21,12,12,11,13,26,22,30,-20,8,6,15,13,20,8,6,18,20,6,12,20,15,11,9,12,8,7,7,14,11,10,7,10,7,10,16,13,9,17,12,17,11,9,6,9,8,12,3,12,8,13,6,18,5,12,15,7,21,20,11,8,15,11,10,12,6,8,11,21,10,21,17,16,7,14,14,24,24,16,31,11,13,15,6,14,13,28,10,21,27,13,12,20,23,18,8,17,8,13,21,16,14,18,18,11,23,-20,22,7,5,21,13,17,6,9,15,12,11,12,9,15,23,16,18,10,5,17,13,14,9,17,5,15,12,17,25,15,15,9,8,5,21,4,60,11,23,22,25,11,33,27,25,31,21,33,17,12,12,18,17,17,31,22,18,23,25,12,23,17,11,17,19,28,21,18,25,17,12,21,16,18,20,25,25,13,13,3,5,19,12,7,17,7,24,13,-20,24,30,8,11,8,17,13,15,12,20,14,20,16,24,15,21,10,13,13,18,13,6,11,17,17,14,33,10,20,19,17,11,20,12,10,7,14,11,5,6,6,10,7,13,16,19,24,12,19,17,14,17,24,23,11,15,18,11,8,11,17,15,15,43,12,22,28,10,28,23,25,25,33,6,13,-20,13,14,5,7,18,7,8,8,13,12,13,8,-20,9,3,12,11,21,5,11,15,7,18,6,11,-20,23,25,35,-20,3,9,13,12,19,5,4,15,6,19,-20,23,3,6,3,5,6,19,7,5,-20,6,25,3,10,3,18,5,15,19,6,5,18,6,8,2,-20,5,11,3,10,10,5,-20,19,5,-20,-20,26,-20,3,7,5,10,27,17,7,-20,11,19,-20,26,21,15,31,10,24,27,17,24,27,53,36,63,104,69,38,41,56,49,49
"chr2,10357073",5,7,12,10,17,11,10,7,9,7,-20,-20,20,22,16,14,17,12,87,63,46,10,45,27,49,27,16,20,21,5,11,8,14,18,47,50,40,18,18,12,7,-20,33,12,22,40,-20,-20,16,31,42,23,34,21,-20,24,71,-20,32,37,34,42,40,29,42,16,21,38,50,15,30,29,21,27,33,61,16,17,9,19,11,14,16,9,10,30,22,45,39,19,10,20,26,23,22,27,11,48,12,32,31,25,5,8,44,45,13,22,15,21,18,14,24,20,10,9,28,18,5,-20,16,14,8,9,29,7,4,40,15,22,23,5,15,12,26,43,33,6,10,9,14,5,12,18,29,6,8,25,7,6,9,16,29,33,-20,9,9,-20,115,17,5,4,11,10,7,20,9,4,9,16,89,34,40,26,12,45,-20,28,16,96,25,19,37,8,29,3,-20,33,-20,12,22,25,7,13,9,22,22,20,39,19,14,21,32,18,66,24,29,79,21,-20,71,16,32,31,16,-20,79,20,14,-20,20,20,25,-20,20,27,13,15,21,34,40,-20,54,86,15,21,13,32,-20,11,17,29,13,-20,-20,45,19,16,27,-20,26,-20,16,-20,-20,20,18,14,27,21,28,41,26,7,-20,16,-20,-20,12,-20,20,47,27,-20,-20,20,40,65,48,85,16,8,9,28,8,14,28,5,15,-20,29,19,7,28,74,53,76,11,8,3,-20,10,10,12,6,25,27,4,31,39,33,40,23,45,5,3,9,-20,15,73,14,22,-20,11,27,13,7,12,10,28,7,14,9,-20,34,10,8,22,78,11,11,27,30,19,9,15,7,12,16,8,10,6,5,23,-20,13,4,13,12,-20,9,10,15,7,6,22,11,11,7,23,13,14,-20,53,-20,5,11,49,8,7,7,6,9,17,6,32,30,11,8,10,6,12,-20,10,13,-20,7,7,52,-20,-20,4,7,10,21,5,8,12,-20,6,22,12,15,15,6,7,8,4,4,6,-20,-20,6,8,6,38,6,-20,23,31,11,11,70,17,7,4,7,5,12,7,-20,12,6,-20,9,13,16,11,20,-20,39,12,8,6,9,5,29,16,12,7,9,9,12,6,-20,12,8,11,15,15,5,11,11,4,13,10,14,11,54,29,23,20,8,6,3,14,11,10,12,16,10,10,14,9,23,12,10,16,7,6,6,9,4,4,50,9,16,9,20,11,7,-20,5,14,36,32,46,41,12,52,34,15,12,35,34,4,4,38,9,18,18,14,29,7,-20,5,7,16,20,-20,11,48,24,13,18,8,12,13,14,35,33,15,17,7,9,11,12,17,44,15,9,24,17,24,15,13,-20,5,50,6,9,10,11,13,19,8,14,28,18,-20,19,56,56,24,28,26,13,22,6,38,19,7,-20,9,-20,20,33,22,15,12,9,40,21,19,31,32,14,52,15,16,19,18,27,17,24,32,17,28,3,11,19,43,27,8,47,-20,34,34,-20,-20,-20,24,30,-20,13,19,13,34,20,18,91,-20,41,10,48,36,80,34,12,29,32,36,43,31,36,35,38,29,-20,95,10,35,22,113,21,38,25,16,30,19,25,27,14,19,16,20,19,17,16,18,16,6,21,16,14,31,14,17,32,10,24,32,-20,15,10,10,8,16,20,13,20,20,8,19,15,19,23,15,22,13,20,15,24,17,19,18,14,14,28,15,25,17,13,14,21,7,12,17,17,17,14,16,7,11,23,20,14,21,14,19,14,16,25,14,11,11,11,17,18,20,27,22,21,12,12,12,15,25,21,31,-20,8,6,16,13,21,8,6,18,20,6,13,21,17,11,9,11,9,7,7,16,11,11,7,10,7,11,17,14,9,19,13,16,13,10,6,10,9,13,3,11,8,13,6,18,4,12,14,8,23,20,11,8,16,11,11,11,6,9,12,21,11,22,19,17,7,14,14,24,26,17,31,11,12,16,6,16,13,30,10,21,29,13,12,19,25,21,8,20,9,13,19,16,17,20,18,11,23,-20,26,7,5,22,12,16,7,9,14,12,11,11,10,14,24,19,19,-20,6,17,13,15,9,18,5,17,12,20,25,15,15,9,-20,5,25,4,63,11,22,22,24,11,31,28,25,30,19,34,17,12,13,18,17,17,30,22,18,24,26,13,24,18,11,18,21,28,22,18,27,18,12,22,17,18,18,24,25,14,14,3,5,20,13,6,18,7,26,13,9,24,30,9,11,7,19,15,16,13,20,12,22,16,23,16,22,11,12,15,18,13,7,11,15,17,16,33,11,20,19,18,10,21,12,11,7,14,12,5,6,7,12,7,13,17,20,23,13,20,17,15,17,24,25,12,15,20,11,8,12,16,17,13,46,13,23,29,9,31,23,26,27,33,7,13,4,14,14,5,7,20,7,8,9,11,13,15,8,9,11,3,11,11,23,6,11,15,7,17,6,10,-20,26,17,29,3,4,11,10,11,15,5,3,10,-20,17,-20,19,2,3,-20,5,5,16,6,5,-20,-20,22,4,8,2,16,-20,12,16,5,2,10,-20,6,3,-20,-20,9,3,9,7,4,-20,16,3,-20,-20,16,-20,3,-20,5,6,20,17,8,-20,6,17,-20,22,21,16,30,11,22,27,18,19,27,57,39,58,100,85,37,39,56,47,48
"chr2,10357074",5,7,11,-20,17,11,10,-20,9,7,6,11,20,22,16,14,17,12,88,64,48,10,49,25,49,27,16,20,21,5,11,8,16,18,48,50,41,18,18,12,7,20,33,13,21,40,-20,28,17,32,43,24,34,21,-20,23,69,16,32,37,31,43,41,28,43,16,24,38,50,17,34,30,21,28,36,59,-20,17,9,19,11,14,16,9,10,30,21,48,39,18,9,21,27,25,23,28,11,51,12,32,29,28,5,8,42,45,14,22,16,19,18,14,23,19,10,9,28,18,5,4,15,13,8,9,32,7,4,41,15,21,24,5,15,12,26,45,34,6,10,9,13,5,12,18,29,6,8,26,7,6,10,17,29,33,20,9,11,33,118,17,-20,4,11,10,-20,20,9,4,9,17,92,40,42,24,12,46,12,28,16,105,25,19,38,8,29,3,-20,34,18,12,22,24,7,14,9,24,22,19,41,22,15,21,32,19,68,26,34,83,18,-20,76,17,32,28,17,10,81,20,15,7,27,21,25,-20,20,28,12,15,23,35,38,20,52,93,17,22,13,40,21,11,16,29,14,15,10,46,20,17,26,14,28,31,15,15,14,19,19,15,29,24,31,43,27,7,18,17,8,30,15,31,20,48,27,19,28,27,39,69,48,90,16,8,9,32,8,13,28,8,15,19,30,20,7,28,75,53,78,10,8,3,14,-20,-20,12,6,25,28,4,32,39,34,41,25,46,5,3,9,17,15,74,14,22,-20,11,26,13,7,12,10,27,7,14,9,8,35,10,8,21,77,11,11,26,30,19,9,14,7,12,16,8,10,6,5,23,6,13,4,13,13,-20,9,11,15,7,5,22,11,11,7,23,13,15,10,53,7,5,11,48,8,7,7,6,8,17,8,32,29,12,8,13,6,12,9,10,13,8,-20,7,52,8,8,4,7,10,21,-20,8,12,-20,6,22,12,15,15,7,7,9,4,4,6,11,8,5,8,6,37,9,8,25,32,11,11,72,17,11,-20,8,5,12,7,5,13,6,7,9,12,15,11,20,15,40,11,8,6,9,5,29,16,12,7,9,11,13,6,18,12,8,12,15,15,5,11,10,4,13,10,14,10,53,31,23,20,8,6,3,14,11,10,12,17,10,10,16,10,23,13,10,16,7,7,6,9,4,4,50,8,17,8,19,11,7,14,5,13,36,33,46,44,12,56,35,14,12,35,34,4,4,39,9,18,19,15,31,7,17,5,-20,16,20,-20,11,48,24,13,18,8,12,14,18,37,33,14,17,7,9,10,11,19,44,15,9,26,17,25,15,14,-20,5,53,6,-20,11,11,14,22,8,15,29,19,-20,19,55,59,26,30,29,13,27,-20,37,-20,7,-20,9,-20,19,33,23,15,12,9,39,21,19,30,32,14,50,15,16,19,18,27,16,24,32,17,28,4,11,19,44,27,8,46,20,33,35,12,10,15,23,30,19,15,20,-20,36,20,18,94,35,45,10,50,33,84,39,12,28,32,36,46,32,36,38,39,29,41,98,10,36,22,115,23,41,25,18,30,22,24,26,-20,19,16,20,19,17,15,18,16,6,23,16,15,31,14,16,30,10,24,30,8,15,10,11,8,16,20,13,19,20,8,18,14,-20,22,15,22,12,21,15,24,17,19,20,14,15,27,14,25,17,13,14,20,7,12,17,17,18,13,16,7,11,23,20,15,19,14,20,15,16,26,14,11,11,11,17,19,21,26,23,21,12,11,12,15,24,21,31,-20,8,6,17,13,21,-20,6,17,20,-20,13,21,17,11,9,10,9,7,7,16,11,11,7,10,7,12,17,14,10,19,13,16,13,10,-20,10,9,12,-20,11,8,13,6,18,4,12,14,8,23,19,11,8,16,11,12,10,6,9,12,23,11,22,18,-20,-20,-20,-20,-20,26,17,31,11,12,-20,-20,15,12,31,10,20,29,13,12,20,25,21,8,21,9,13,20,15,16,19,18,11,22,-20,26,7,5,22,13,15,7,9,14,12,10,10,10,15,25,19,19,10,6,17,12,15,9,18,5,17,12,20,24,14,14,-20,8,5,25,5,64,11,20,20,25,11,33,28,25,32,20,-20,17,12,12,18,17,17,31,22,17,24,26,13,23,17,11,18,21,27,22,18,27,18,12,23,17,17,19,26,24,14,14,3,5,20,14,7,18,8,25,13,9,24,30,9,11,7,18,15,16,13,21,12,22,16,23,16,23,11,11,15,18,13,7,11,16,16,16,36,10,20,20,18,12,21,12,11,7,14,12,5,-20,7,12,7,13,17,20,24,13,20,17,15,17,25,25,12,16,20,11,8,-20,16,17,14,46,13,23,29,9,31,23,25,27,33,7,12,4,13,14,5,7,20,7,-20,9,10,13,14,-20,-20,12,3,11,11,23,6,11,14,6,17,6,15,-20,24,24,33,3,3,12,11,12,14,5,3,15,6,21,2,21,3,-20,-20,5,6,19,7,4,-20,8,24,4,8,2,15,4,14,21,7,4,14,5,7,3,-20,-20,8,4,12,7,5,-20,17,3,-20,-20,24,-20,3,7,5,8,26,19,9,-20,10,22,-20,28,21,16,31,11,24,27,18,20,27,60,38,59,99,84,37,43,57,48,47
"chr2,10357079",6,7,12,11,15,9,10,7,8,7,5,10,17,22,17,13,18,12,86,65,49,10,47,25,50,28,16,20,22,5,12,8,15,18,55,52,41,19,17,12,6,21,34,13,23,38,5,32,17,35,40,22,32,20,18,24,69,18,30,39,34,39,40,27,46,18,29,37,49,16,32,27,21,27,36,57,15,17,7,18,10,16,15,9,11,28,24,48,43,20,10,22,25,27,25,28,11,48,12,33,30,30,5,8,43,40,14,27,17,20,15,13,24,20,10,10,30,19,5,5,14,14,8,10,33,8,5,40,15,23,26,4,15,13,27,43,33,6,12,9,14,5,13,18,28,6,8,29,7,7,9,21,31,33,24,10,11,36,124,11,5,5,10,10,7,18,10,4,8,20,93,40,43,27,12,41,11,26,16,113,24,19,40,9,24,4,-20,34,17,14,18,27,8,13,10,24,23,19,39,22,15,20,31,23,65,27,30,90,17,11,76,20,34,31,20,10,84,19,18,7,31,27,31,18,22,30,12,15,27,36,41,22,51,95,14,22,10,38,17,11,19,27,16,21,9,44,20,19,22,14,24,30,16,14,15,17,17,14,26,36,32,36,27,10,24,17,8,30,20,30,22,49,28,19,36,28,38,69,43,90,15,7,10,30,7,11,24,8,13,19,34,20,8,29,87,49,76,10,9,4,16,10,10,11,7,25,30,5,31,39,38,42,25,50,5,3,8,14,15,82,12,23,12,11,26,13,8,17,10,28,6,15,10,8,37,10,9,20,76,11,11,24,30,20,10,13,8,12,16,8,10,6,5,23,5,14,4,14,18,-20,9,12,15,7,5,22,12,9,7,22,13,14,10,54,8,5,13,54,10,7,9,5,8,16,9,31,28,11,8,12,5,13,8,10,12,8,6,7,50,9,-20,5,6,10,19,7,8,11,7,6,21,12,14,14,7,7,10,5,4,6,12,9,4,8,6,37,8,9,24,31,14,12,75,17,10,5,8,5,12,7,5,15,6,7,10,12,16,11,20,14,41,9,8,7,9,5,31,16,12,6,9,11,14,7,19,11,8,11,15,15,5,11,12,5,12,10,12,10,53,34,26,15,9,6,3,13,11,11,13,15,10,10,14,10,22,15,10,19,7,7,7,9,4,4,54,8,17,9,21,11,7,13,5,13,40,34,51,44,12,56,31,14,12,32,34,3,4,40,11,18,20,15,33,7,19,5,6,14,24,3,10,48,23,13,17,9,12,15,18,35,37,15,16,8,9,10,13,22,43,16,9,25,18,25,14,14,24,5,53,-20,10,10,10,14,19,8,15,29,19,14,19,55,58,24,29,27,13,28,-20,37,18,7,-20,9,-20,18,34,22,19,12,10,38,19,20,31,33,13,52,15,17,20,19,26,17,26,35,18,27,5,11,18,46,27,-20,49,22,34,34,15,7,15,22,29,21,13,19,15,39,22,20,92,34,42,9,47,33,97,33,12,31,30,40,48,34,39,40,39,28,37,94,8,33,23,118,23,43,29,20,26,19,25,26,13,19,17,21,19,16,15,18,16,6,24,18,13,27,17,16,28,8,22,29,6,15,11,8,9,17,16,12,22,20,10,17,14,20,22,14,23,13,21,17,25,20,16,18,11,15,28,14,26,16,13,13,20,8,10,14,16,17,14,16,6,12,21,18,15,19,13,20,16,12,25,14,12,11,10,18,18,20,30,21,21,12,12,14,14,26,20,32,-20,8,7,16,12,22,9,5,17,20,6,14,20,19,12,9,14,9,8,7,17,14,11,7,9,7,11,17,15,10,19,13,17,13,9,6,10,10,14,3,11,8,13,7,18,4,14,14,8,21,21,12,8,15,10,12,10,6,9,13,25,11,22,18,15,6,16,13,21,27,15,29,13,10,17,6,17,13,29,12,20,30,12,12,21,27,20,8,22,8,14,20,16,18,21,19,12,22,-20,24,7,6,23,12,17,7,9,15,11,11,10,8,14,26,17,19,10,7,18,14,15,9,19,5,17,10,21,24,15,14,8,7,4,24,7,66,11,21,22,22,11,34,27,25,35,21,32,17,13,13,19,16,18,31,23,17,24,28,12,23,17,14,17,22,27,24,17,29,19,11,22,17,20,19,26,24,13,15,3,5,21,15,7,18,9,27,11,8,25,29,10,11,8,20,15,16,12,21,12,23,14,25,16,22,11,12,16,19,11,7,10,18,15,14,39,9,20,19,19,11,21,10,11,7,12,10,5,7,8,13,7,14,17,19,25,14,20,20,16,20,25,22,13,17,19,11,10,12,17,16,14,47,11,22,30,8,30,27,27,27,32,6,10,4,15,13,6,7,21,7,7,10,11,12,14,8,9,10,3,12,11,25,5,11,16,6,17,5,14,-20,27,27,41,3,4,12,13,13,15,6,3,17,5,22,-20,25,-20,6,4,6,6,20,7,4,5,9,27,4,10,-20,20,-20,14,20,5,4,16,6,8,4,4,-20,7,4,16,7,6,-20,20,8,-20,-20,30,-20,3,11,6,8,33,20,7,-20,5,26,-20,27,22,17,27,11,26,26,18,22,27,62,38,57,101,89,38,44,57,47,47
"chr2,10357081",6,7,11,11,15,9,10,7,8,7,5,9,17,22,17,12,19,12,95,65,46,10,46,25,49,26,16,20,21,5,12,9,13,18,52,52,40,18,17,14,6,22,34,13,22,39,6,31,17,36,38,23,32,20,17,24,69,20,29,41,33,38,41,27,48,20,29,36,49,16,32,29,21,27,36,58,15,17,7,18,10,16,15,9,11,29,25,49,41,20,11,21,25,25,24,27,11,47,11,33,32,31,5,6,41,41,14,28,17,19,15,13,26,19,10,10,31,19,5,5,14,13,8,10,33,9,-20,39,15,21,26,4,15,13,26,41,34,6,11,9,14,5,12,18,31,6,8,29,7,7,9,22,29,33,25,9,11,33,122,11,5,5,10,-20,7,18,10,4,9,19,90,39,49,26,12,43,10,25,16,119,26,19,39,9,23,4,-20,35,18,14,21,28,8,13,12,24,23,18,40,24,15,19,30,25,63,28,29,90,17,10,73,20,35,30,21,9,85,18,18,7,32,27,35,18,21,28,13,14,26,37,41,22,51,92,17,21,10,37,17,10,19,27,15,19,10,44,19,18,22,14,24,27,16,14,15,19,15,15,26,36,31,32,27,10,22,17,8,29,26,31,21,52,28,20,37,28,38,66,43,90,16,9,10,28,7,13,24,9,13,19,34,22,8,29,91,44,80,10,9,4,-20,10,10,11,6,26,31,5,31,40,39,42,25,50,5,3,7,14,17,83,12,23,11,11,25,13,8,17,11,27,6,16,10,7,37,10,9,19,75,10,11,25,30,20,-20,12,8,12,16,7,10,6,5,23,5,14,4,15,17,-20,9,11,15,7,5,22,13,9,7,22,13,14,10,53,7,5,13,57,9,7,10,5,8,16,9,30,30,12,8,11,5,12,9,10,12,-20,6,7,51,9,9,6,7,10,19,7,-20,11,6,5,21,11,14,13,7,7,10,5,4,6,12,9,5,8,6,36,9,9,24,31,14,12,76,17,10,6,8,6,12,7,-20,15,6,6,9,12,13,11,20,15,40,9,8,7,10,5,31,14,11,6,9,11,14,7,17,11,8,12,15,15,5,11,11,5,12,9,12,10,52,34,26,14,9,-20,3,14,11,10,12,16,11,10,13,9,22,16,9,19,7,7,7,9,4,5,55,8,17,10,21,13,7,13,5,13,40,35,51,43,11,54,33,13,11,30,34,3,4,41,10,17,19,13,35,7,19,5,6,14,24,3,10,55,23,12,16,9,12,15,18,34,39,16,14,9,9,9,14,21,42,15,9,25,15,25,14,14,23,6,52,8,10,9,11,15,17,7,15,30,19,13,19,55,57,24,28,28,13,27,-20,36,18,7,-20,8,-20,18,33,23,19,12,9,38,19,20,30,33,13,52,15,17,21,19,26,17,26,35,18,27,5,10,18,46,27,8,48,20,34,34,15,7,14,22,26,21,13,18,15,39,21,20,90,34,42,9,47,34,95,32,12,33,30,43,46,34,39,39,39,29,36,93,9,33,24,115,23,40,30,17,25,20,24,26,13,20,16,21,20,16,15,18,16,7,22,18,13,27,17,15,28,8,20,29,6,15,11,-20,9,16,20,12,21,20,10,17,14,20,21,14,23,13,21,17,25,21,16,18,11,15,28,15,26,16,13,12,20,8,10,14,16,16,13,17,6,12,21,18,16,19,13,19,16,12,25,14,12,11,10,18,16,20,30,20,22,11,12,14,14,26,20,33,-20,8,7,16,12,22,9,5,16,19,6,14,20,19,12,10,14,11,8,7,17,14,11,7,9,7,11,17,15,10,19,13,18,13,9,6,10,10,14,3,11,8,13,7,18,4,14,14,8,21,20,12,8,14,10,11,9,6,10,12,25,11,22,18,14,8,15,13,21,24,15,30,13,10,17,6,17,13,29,12,19,31,12,12,21,27,21,8,22,8,14,20,16,19,21,19,12,22,-20,25,8,6,24,12,17,7,9,15,11,11,10,8,13,26,18,19,10,7,20,14,15,9,19,5,17,10,21,24,15,14,8,6,4,24,7,67,11,20,22,22,11,34,27,25,36,21,31,18,14,14,20,16,18,31,23,17,24,30,12,23,18,14,17,22,27,23,17,29,19,11,23,16,21,18,24,24,13,15,3,5,21,15,7,18,9,27,10,8,25,29,10,11,8,20,15,16,12,21,12,23,14,25,16,22,11,12,15,19,11,7,10,17,15,14,37,9,19,19,19,11,21,10,11,7,12,10,5,7,8,13,7,14,17,19,23,14,20,20,16,20,24,22,13,17,19,11,10,12,18,16,14,47,11,22,30,8,29,27,26,27,33,6,10,4,16,13,6,7,21,7,7,10,11,12,15,8,9,10,3,12,11,26,5,11,16,6,16,5,17,-20,33,25,39,4,3,11,16,15,18,5,4,18,4,22,2,26,-20,7,4,6,5,19,6,5,5,10,26,4,8,3,22,-20,17,22,6,4,11,-20,-20,4,4,-20,8,4,15,8,6,-20,19,-20,-20,3,29,-20,3,12,5,7,31,20,6,-20,6,27,-20,28,22,18,26,11,26,26,18,23,27,63,35,57,85,90,38,44,56,46,46
"chr2,10357082",6,7,11,11,15,8,10,7,8,8,5,9,17,21,17,12,19,12,93,65,46,10,48,24,48,26,15,20,21,4,12,9,12,18,53,51,40,18,17,14,6,-20,33,13,23,39,-20,-20,17,34,38,23,32,18,-20,24,69,-20,29,43,31,37,41,27,47,20,29,35,49,16,29,28,21,27,35,58,16,17,8,18,10,16,15,9,10,29,26,49,41,19,11,20,25,24,23,27,11,46,11,34,32,30,5,6,42,41,14,27,17,18,15,14,24,20,10,10,32,19,5,5,13,13,8,10,33,9,4,38,14,20,26,4,14,13,26,42,34,6,11,9,14,5,11,18,31,6,8,29,7,7,9,20,30,33,22,9,-20,-20,118,12,5,5,10,10,7,18,10,-20,9,20,85,37,52,26,11,40,10,24,16,117,26,19,39,-20,30,6,-20,36,17,-20,25,28,-20,16,12,22,26,18,41,29,14,19,29,25,58,28,29,-20,17,11,72,19,35,29,20,9,90,18,18,7,30,25,38,-20,20,26,12,15,-20,36,42,-20,52,89,15,20,-20,36,17,-20,19,27,15,-20,-20,43,18,19,22,-20,23,27,16,14,15,17,14,14,24,34,32,31,23,10,-20,16,-20,29,26,30,21,52,28,-20,36,28,39,65,43,91,16,9,10,28,-20,13,24,9,12,19,34,22,7,29,92,43,77,10,9,4,-20,9,10,10,6,25,31,5,30,40,38,42,24,49,-20,3,8,-20,16,82,12,24,10,10,25,12,-20,17,12,27,8,16,10,7,37,10,8,19,73,10,11,25,30,21,10,12,8,12,16,-20,10,6,5,21,6,13,4,15,16,-20,8,11,14,8,-20,20,12,-20,7,21,13,14,10,53,7,3,14,57,8,7,10,4,8,15,-20,27,29,-20,8,11,5,12,8,10,11,7,6,7,50,9,9,6,7,10,17,6,8,12,6,4,21,12,14,14,7,7,12,-20,4,6,11,9,5,8,5,35,-20,9,24,31,13,12,75,16,-20,6,8,6,12,6,-20,16,6,6,8,12,8,12,20,14,38,-20,8,7,-20,5,31,14,11,6,9,12,14,7,16,11,-20,11,15,15,5,11,9,5,11,9,12,9,51,33,24,14,8,6,3,14,11,11,11,16,11,10,13,-20,22,-20,9,19,6,7,7,9,4,-20,53,8,16,10,21,13,7,13,5,13,40,36,52,43,11,52,33,12,11,30,34,3,4,40,10,17,-20,13,35,8,-20,5,6,13,23,3,10,54,23,12,16,9,10,14,18,34,39,16,14,9,-20,9,13,23,41,14,9,23,14,24,14,14,-20,5,51,8,9,9,11,-20,17,7,15,27,19,-20,18,54,56,24,28,26,12,27,-20,36,18,6,-20,8,-20,18,32,23,19,-20,9,40,19,20,29,32,13,50,14,17,21,19,26,17,26,33,18,25,6,10,18,47,25,-20,-20,-20,34,35,-20,7,14,21,24,-20,-20,16,-20,-20,23,20,85,-20,43,8,46,35,95,31,12,33,29,42,45,35,45,37,-20,-20,35,90,9,35,24,112,21,39,30,19,25,17,24,26,15,20,16,21,20,16,15,18,16,7,23,17,13,27,17,15,28,8,20,28,6,15,11,8,9,17,20,12,22,20,10,17,15,20,20,14,21,13,22,17,25,21,17,18,10,15,28,15,26,16,12,12,19,8,10,14,16,16,13,17,6,12,21,17,16,19,13,19,15,12,25,14,12,11,10,-20,16,19,30,20,22,11,12,14,14,26,18,33,-20,8,7,16,12,21,9,5,15,20,6,13,20,22,12,10,14,11,8,7,17,14,11,7,9,7,10,17,15,10,18,12,17,12,9,6,10,10,13,3,10,8,13,7,18,4,14,14,8,21,18,12,8,14,9,10,9,5,10,13,24,11,21,18,14,8,15,13,22,25,14,30,13,-20,17,6,17,13,28,12,19,30,12,13,21,26,21,8,22,8,14,19,16,18,21,18,12,21,-20,25,8,6,24,12,16,8,9,15,11,11,11,8,12,26,18,19,10,7,20,14,15,9,19,5,17,11,21,24,15,14,8,6,3,23,7,66,11,18,21,22,11,35,27,25,37,21,33,18,14,14,20,16,19,29,23,18,24,31,13,23,18,14,17,22,25,22,17,27,19,11,23,17,21,18,21,24,13,15,3,5,21,15,7,18,10,28,10,8,25,29,10,10,8,20,15,16,12,21,11,23,13,25,16,23,11,12,14,19,10,7,10,17,15,14,37,9,18,18,18,10,20,10,11,7,12,10,5,7,8,13,7,14,17,19,23,14,19,20,16,20,24,22,13,17,19,11,10,12,18,16,14,45,10,22,30,8,28,27,27,26,32,6,10,4,16,13,6,7,20,8,8,10,10,12,15,8,9,10,3,13,11,26,5,12,16,6,16,5,15,-20,29,24,37,5,-20,12,19,14,15,5,-20,16,4,20,-20,22,-20,-20,2,6,7,15,6,6,-20,8,27,-20,7,2,18,3,16,18,-20,-20,10,-20,4,4,4,-20,6,4,15,-20,5,-20,18,7,-20,3,25,-20,-20,12,6,-20,26,21,5,-20,5,25,-20,28,23,18,27,11,26,25,18,24,27,61,36,57,85,90,38,42,54,47,47
"chr2,10357085",6,-20,10,10,15,8,10,7,9,8,5,8,18,21,17,11,18,15,95,65,45,10,48,24,48,26,15,21,22,4,13,9,12,17,51,53,39,16,16,14,6,-20,32,13,23,39,6,32,17,35,37,24,34,19,-20,24,69,20,28,44,32,36,42,27,48,19,29,37,49,17,29,31,19,28,35,58,15,17,8,18,8,17,15,9,9,29,26,48,39,19,10,21,26,25,22,28,10,40,11,36,32,31,5,6,44,41,14,27,18,-20,15,14,24,21,9,10,32,18,5,5,13,13,-20,10,33,9,4,38,12,22,25,4,13,13,27,39,35,6,11,9,12,5,12,17,30,5,8,30,6,7,9,22,30,35,-20,9,8,25,122,13,5,5,10,10,-20,16,9,4,9,20,84,40,53,26,13,41,12,24,16,121,26,17,40,-20,30,6,-20,41,16,16,25,30,7,16,13,24,26,17,39,32,13,19,34,25,59,30,31,88,15,11,76,19,35,31,22,8,92,18,18,7,29,24,40,-20,20,25,12,14,24,36,43,21,55,89,16,18,10,33,20,10,21,26,-20,19,9,42,17,20,24,14,26,24,15,13,16,18,15,17,28,34,32,31,23,9,20,17,-20,30,28,30,20,53,29,21,33,27,38,73,39,91,14,9,10,28,6,13,22,9,13,19,34,24,7,28,92,48,71,10,-20,5,15,8,10,10,7,24,31,4,29,40,40,44,25,48,5,-20,12,13,18,87,12,25,-20,11,29,12,7,18,13,28,8,16,10,-20,38,9,9,20,80,11,11,25,30,21,10,14,8,12,16,7,10,6,5,20,6,13,4,13,17,-20,9,11,15,8,5,22,11,9,7,23,13,15,9,53,7,-20,14,59,8,7,11,4,8,15,-20,29,27,13,7,11,6,12,10,11,12,7,6,8,50,10,9,6,7,10,18,7,8,13,5,4,25,13,14,14,6,7,11,5,6,9,11,9,6,8,6,37,8,9,24,33,15,12,79,16,11,5,9,7,11,-20,7,17,6,7,8,12,8,12,19,14,40,7,8,6,10,5,29,15,10,5,9,-20,14,7,-20,11,8,13,15,16,5,11,9,5,13,10,14,10,50,32,23,14,8,6,4,14,12,12,12,17,11,10,-20,-20,21,13,9,19,8,6,7,9,4,3,55,8,16,10,20,14,7,14,5,13,40,36,50,44,10,54,32,12,11,29,33,3,-20,40,10,17,18,13,31,8,18,5,5,13,24,3,9,56,26,13,16,10,10,15,20,31,39,18,14,9,9,9,14,20,42,15,9,24,15,27,15,15,-20,6,57,8,9,9,11,14,15,7,16,30,18,14,18,53,57,24,25,25,19,27,-20,34,17,6,-20,7,-20,16,29,22,19,-20,9,40,19,19,29,30,13,50,15,16,21,18,26,16,26,34,18,25,6,10,17,48,25,-20,50,19,36,37,-20,7,14,22,25,16,-20,-20,15,38,24,19,84,-20,45,7,47,38,95,30,12,34,32,45,45,34,44,37,35,29,39,101,8,37,23,106,24,36,28,20,25,17,22,25,15,20,16,21,19,16,15,18,17,7,23,19,13,27,17,15,27,9,20,31,6,15,11,8,9,16,20,12,22,20,10,16,15,19,20,13,20,13,20,16,22,21,16,16,10,15,28,15,25,16,13,12,20,8,9,13,16,16,13,17,6,12,21,17,16,17,13,19,14,12,25,14,12,12,10,18,14,21,28,20,22,10,12,14,14,24,18,32,-20,8,6,16,11,21,9,5,15,19,6,13,19,22,12,10,14,11,8,7,17,13,11,7,9,7,10,17,15,10,17,12,17,12,-20,6,10,10,13,3,10,8,13,7,16,4,13,14,8,21,20,11,8,13,9,10,9,5,10,13,24,11,20,18,15,10,15,13,22,25,15,31,12,8,17,6,17,13,26,12,16,27,12,13,21,26,21,8,22,8,13,19,16,18,20,17,12,20,-20,24,7,6,24,12,16,8,9,15,11,8,11,8,13,25,18,18,10,7,19,14,15,8,19,-20,17,11,20,25,15,14,-20,5,3,21,7,70,11,19,22,20,11,33,26,24,39,20,33,18,14,13,19,14,19,28,22,19,23,29,12,21,17,14,16,21,22,22,17,27,19,11,23,15,21,18,20,23,13,14,3,5,-20,14,-20,18,10,27,11,8,24,28,9,11,8,20,15,15,12,21,9,22,14,25,15,23,11,12,14,19,10,8,11,17,13,15,35,9,17,18,18,10,20,10,11,7,13,10,5,7,8,13,7,14,16,16,20,14,20,20,16,20,23,22,13,17,19,11,10,11,18,15,14,45,11,22,28,8,29,27,27,27,32,7,10,4,16,13,6,6,18,-20,8,10,10,11,14,8,9,10,3,12,11,26,5,12,15,4,14,5,14,-20,32,25,36,-20,3,11,19,14,14,5,4,20,3,21,-20,25,-20,6,3,7,8,16,6,6,5,13,24,4,9,-20,22,3,15,18,5,3,15,6,6,4,4,-20,9,4,14,6,5,-20,19,7,-20,4,28,4,3,13,6,-20,30,22,7,-20,-20,29,-20,26,23,20,26,11,27,25,21,27,26,59,37,54,99,89,40,45,52,46,47
"chr2,10357086",-20,7,10,11,15,8,10,-20,-20,-20,5,8,17,21,15,11,18,15,91,63,44,11,-20,24,47,25,-20,20,20,4,13,-20,12,17,51,-20,37,-20,16,14,6,-20,33,13,24,39,-20,31,16,33,37,24,34,18,16,24,64,20,27,42,30,34,42,27,47,20,-20,38,49,16,28,31,19,-20,33,57,15,17,8,18,-20,-20,15,9,10,28,24,46,39,18,-20,21,28,-20,21,28,10,42,11,36,32,30,5,6,43,38,14,25,-20,19,15,14,24,-20,9,10,32,19,5,5,13,13,9,10,31,9,4,40,12,22,25,-20,12,12,-20,37,33,6,10,9,12,5,11,16,29,5,8,29,6,-20,9,-20,29,36,-20,-20,8,-20,112,13,5,5,10,10,7,17,9,4,9,-20,79,-20,52,32,-20,40,-20,21,16,-20,26,17,40,9,28,6,-20,-20,-20,14,25,31,7,15,-20,23,27,17,36,31,13,19,35,26,55,30,28,90,15,11,-20,19,35,33,21,9,87,16,-20,7,28,25,41,-20,20,25,12,16,-20,36,42,21,57,86,-20,-20,10,-20,19,-20,20,26,-20,-20,-20,-20,15,19,20,-20,21,-20,16,-20,-20,-20,15,16,29,33,32,27,24,9,-20,15,-20,-20,26,27,18,52,28,20,-20,26,41,-20,37,84,15,9,-20,26,6,-20,21,9,-20,16,33,24,7,26,86,47,76,10,8,5,-20,7,10,10,-20,25,30,4,28,38,38,44,24,-20,5,-20,11,13,-20,79,12,25,-20,11,29,12,6,17,13,28,-20,15,10,-20,36,9,9,20,80,10,-20,25,29,21,-20,14,8,11,17,7,10,6,5,19,6,13,4,12,17,-20,-20,11,15,-20,5,22,10,-20,8,23,-20,15,-20,52,-20,4,13,57,-20,-20,11,5,8,15,-20,28,26,-20,-20,-20,6,11,9,11,12,-20,6,8,50,-20,-20,-20,7,-20,17,7,8,12,5,4,26,12,14,14,6,7,-20,5,6,9,-20,9,6,8,6,37,-20,-20,24,33,15,11,80,15,-20,5,9,7,11,-20,7,17,6,6,8,12,8,12,19,14,39,7,8,6,10,5,28,15,-20,5,9,-20,13,7,-20,-20,8,12,17,16,-20,11,9,-20,12,10,14,-20,51,29,-20,14,-20,6,4,14,11,11,11,16,11,9,-20,-20,21,-20,9,19,8,-20,8,9,-20,3,54,8,16,-20,21,13,7,12,5,13,40,35,48,-20,12,54,30,12,11,27,33,3,-20,41,10,17,18,12,32,8,-20,5,-20,13,22,-20,9,55,26,14,16,10,10,14,18,31,38,18,14,-20,10,9,14,19,42,14,9,-20,14,26,16,14,22,-20,55,8,9,10,10,13,-20,-20,-20,30,17,-20,18,53,55,24,24,24,19,-20,-20,36,18,6,-20,7,-20,16,29,22,19,-20,9,40,18,19,30,30,-20,51,15,16,21,18,25,16,26,33,-20,25,-20,10,17,47,25,-20,48,-20,36,36,-20,-20,14,23,22,-20,12,-20,-20,-20,26,-20,81,33,40,7,45,33,-20,28,-20,34,30,43,44,33,41,36,32,-20,36,95,10,36,23,96,23,-20,-20,19,25,16,22,24,-20,19,15,21,19,15,16,17,16,7,22,18,-20,27,16,15,27,9,19,31,6,14,-20,8,9,16,20,12,21,20,10,16,15,19,20,12,19,13,-20,17,21,22,-20,18,10,16,-20,15,25,15,13,11,19,8,-20,14,16,16,14,17,6,12,20,15,16,15,-20,17,-20,12,24,14,-20,11,10,17,14,21,26,-20,21,10,12,14,12,23,17,32,-20,8,6,16,11,21,9,5,15,19,6,14,18,21,12,-20,14,11,8,7,17,13,11,7,9,7,10,17,15,10,18,12,17,12,9,6,10,10,13,3,10,8,13,7,16,4,14,14,8,21,20,11,8,13,9,11,9,5,10,12,24,11,20,18,14,-20,15,12,21,24,15,30,12,8,-20,6,17,13,25,11,15,27,11,13,19,26,21,8,21,8,13,19,16,18,20,17,12,-20,-20,23,7,6,23,12,16,8,9,16,11,-20,11,-20,11,26,18,18,10,-20,18,14,15,8,19,-20,17,10,19,25,15,13,8,-20,3,21,-20,63,10,19,22,20,12,33,25,24,38,20,31,18,13,13,-20,14,19,28,22,18,22,29,13,20,17,13,15,19,22,22,-20,27,19,11,23,15,21,18,19,22,12,14,3,5,-20,14,7,18,10,27,11,8,24,28,9,11,8,19,15,15,12,20,10,22,-20,25,14,22,11,11,14,18,10,-20,10,17,-20,15,-20,9,16,-20,18,-20,20,-20,11,7,13,10,5,7,8,13,7,14,16,16,19,14,20,20,16,20,23,21,13,16,19,11,10,12,17,15,14,43,11,22,28,9,30,26,28,27,31,-20,10,5,16,13,6,6,18,-20,8,10,10,11,14,8,9,10,3,12,10,26,5,12,15,4,14,5,12,-20,34,21,-20,6,2,12,20,15,16,-20,4,20,-20,21,-20,24,-20,-20,4,7,-20,-20,6,5,5,11,28,4,6,3,18,-20,16,17,6,4,14,6,5,5,4,-20,9,4,13,6,-20,-20,19,-20,-20,4,28,4,3,13,4,-20,29,21,8,-20,-20,28,-20,24,21,20,28,11,27,25,21,27,24,59,37,55,96,88,40,47,51,48,46
"chr2,10357087",7,7,11,10,15,9,10,7,9,8,5,9,18,20,15,11,18,15,94,65,46,10,47,23,50,27,15,20,22,4,13,9,13,17,53,52,39,14,15,15,7,21,33,13,24,39,6,34,16,34,40,24,33,19,16,24,65,-20,28,42,32,37,45,27,48,20,30,37,49,17,30,31,19,27,34,58,15,17,8,19,8,17,15,9,10,28,23,49,41,19,10,21,29,24,21,28,10,45,12,37,33,33,5,6,46,42,14,25,18,19,15,14,22,22,9,10,33,20,5,5,13,13,9,10,33,9,4,42,12,22,27,5,13,12,29,40,34,6,11,10,12,5,12,17,32,5,8,30,6,7,9,20,29,36,23,9,-20,25,129,13,5,5,10,10,7,18,9,4,9,19,87,44,51,33,13,39,11,23,16,118,24,17,39,9,31,6,-20,44,13,15,29,32,7,16,13,24,27,19,37,31,13,19,35,25,57,31,28,89,17,11,79,21,37,33,21,9,91,16,18,-20,32,29,42,-20,20,28,11,16,25,36,41,22,55,95,14,16,8,35,20,12,21,25,14,21,9,41,15,20,22,13,22,24,15,13,16,19,15,15,28,34,32,30,24,10,23,16,8,29,29,28,18,51,28,-20,32,30,40,80,41,98,16,11,10,27,5,12,23,9,13,16,34,25,8,28,91,48,77,10,8,5,14,7,10,10,7,25,32,4,30,40,39,45,25,47,5,-20,12,14,18,89,12,25,10,11,29,12,6,17,12,27,9,16,10,7,40,8,8,20,83,11,11,25,29,20,11,14,8,12,16,7,10,6,5,20,6,13,4,12,17,-20,9,11,16,8,-20,22,11,9,8,23,15,15,9,53,7,4,13,58,8,7,11,5,8,15,11,28,27,15,7,10,7,12,10,12,12,8,6,8,51,10,9,6,-20,11,19,7,8,13,5,4,26,13,14,15,6,7,9,5,7,10,11,8,6,7,6,37,9,9,25,33,15,12,80,16,15,5,9,7,11,6,7,17,6,6,8,11,8,12,20,13,41,8,8,-20,11,5,29,15,10,5,9,10,14,7,18,11,8,13,17,17,5,12,9,6,13,10,13,10,54,34,23,16,9,6,4,14,12,12,11,16,11,9,17,6,21,14,9,19,9,5,8,9,4,3,55,8,16,10,20,13,8,13,5,13,40,36,50,43,12,57,32,12,11,27,33,3,4,40,10,17,18,14,34,8,18,5,5,13,23,3,9,55,26,14,16,10,10,15,19,30,41,18,14,10,10,9,14,21,42,15,9,23,14,27,16,15,25,7,59,8,9,11,10,13,16,7,17,31,18,13,17,54,55,25,25,25,20,28,-20,36,18,6,-20,7,-20,16,29,22,20,-20,10,41,18,20,30,30,13,51,15,17,21,18,26,16,26,34,19,25,6,10,17,48,25,6,52,19,37,35,-20,7,14,23,23,17,13,18,15,37,26,22,81,-20,44,7,49,34,94,30,11,34,28,44,46,33,47,37,35,28,38,104,10,37,23,113,23,37,26,20,25,17,24,26,15,20,16,21,20,16,16,19,17,7,23,19,13,26,17,16,28,9,21,30,6,16,11,8,9,17,20,12,22,20,10,16,15,19,20,13,20,13,20,17,23,22,16,18,11,16,29,15,26,16,13,11,20,9,9,14,17,17,14,18,6,13,21,16,16,16,13,18,13,12,25,14,12,12,11,20,15,21,30,20,22,10,12,14,14,26,17,32,-20,8,6,16,11,22,9,5,15,19,6,13,19,21,12,10,14,11,8,7,17,13,11,7,9,7,10,17,14,10,17,12,19,12,9,6,10,10,13,3,10,8,12,7,15,4,14,15,8,22,20,11,8,14,9,11,9,5,10,13,24,12,21,18,15,10,15,13,22,25,16,31,12,8,17,6,16,13,26,12,16,27,12,13,20,27,22,8,22,8,13,19,16,18,20,18,12,20,-20,24,7,6,23,12,16,8,9,16,11,8,11,8,11,26,19,18,10,7,19,14,16,8,19,-20,17,12,20,25,15,14,8,6,4,22,7,71,11,19,23,20,12,33,26,25,40,20,34,19,14,13,19,14,20,28,22,19,24,29,13,22,18,14,16,21,22,22,16,27,19,11,22,15,21,18,20,23,13,14,3,5,20,14,-20,18,-20,27,11,8,24,28,10,10,8,20,15,16,12,21,10,23,14,25,15,23,11,12,15,18,10,8,11,17,15,15,35,9,16,19,19,10,20,9,11,7,13,10,5,7,9,13,8,14,16,16,19,13,19,20,17,20,24,22,13,17,20,11,10,12,18,15,14,46,11,22,29,9,31,27,28,27,31,7,10,5,16,14,6,6,19,-20,8,10,11,11,15,8,9,10,3,12,10,26,5,12,15,4,14,5,13,-20,36,26,36,5,3,11,19,15,18,6,4,18,-20,23,-20,15,-20,6,4,8,7,19,6,-20,5,6,26,4,8,3,23,-20,13,20,6,4,13,6,6,6,4,-20,9,4,13,-20,5,-20,22,7,-20,4,35,4,3,14,-20,-20,28,23,7,-20,-20,29,-20,28,23,21,30,11,27,25,21,27,25,60,39,58,99,90,42,47,54,48,49
"chr2,10357088",7,8,11,-20,15,9,10,7,9,8,5,9,18,20,15,11,17,15,93,65,46,10,48,24,50,26,15,20,22,4,13,9,13,17,53,52,39,16,15,15,7,22,34,13,23,39,6,32,16,34,40,27,31,19,16,23,65,19,28,41,32,37,46,27,49,20,30,37,50,17,30,31,19,27,34,60,15,17,8,19,8,17,15,9,10,27,24,48,42,19,10,21,30,24,22,27,10,45,12,36,32,33,5,7,46,41,14,25,18,19,14,14,23,21,9,10,33,20,5,7,13,14,9,10,33,9,4,42,12,22,27,5,12,12,29,40,34,6,11,10,12,6,11,17,34,5,8,31,7,7,9,20,28,36,24,9,8,26,129,10,5,5,10,10,7,18,-20,4,8,19,87,45,51,34,14,38,10,23,15,121,25,17,39,9,30,6,-20,45,12,14,29,30,7,16,13,23,26,19,37,31,11,20,36,26,56,31,25,90,16,11,80,21,37,32,20,9,92,16,18,-20,32,28,42,18,20,28,11,16,26,35,41,22,57,94,15,16,-20,34,20,12,21,32,15,22,8,42,16,20,22,-20,23,23,15,14,16,19,15,15,29,33,32,30,22,10,24,16,-20,28,29,27,18,51,28,20,33,31,39,79,39,100,-20,11,10,28,5,11,23,9,15,16,33,25,8,28,88,48,75,10,9,6,15,7,10,10,8,26,33,4,30,39,40,45,25,47,5,-20,12,14,18,90,11,25,10,11,31,12,6,16,12,26,9,16,10,7,40,8,9,20,82,11,10,25,29,21,11,14,-20,12,17,7,10,8,5,20,6,-20,4,12,17,-20,9,10,16,8,6,22,11,9,7,24,15,14,9,53,-20,4,13,59,9,6,10,6,8,16,11,30,28,15,7,9,9,12,11,12,11,8,6,8,51,10,9,6,9,11,19,7,8,12,5,4,25,14,14,15,7,7,9,5,7,9,11,8,6,7,6,37,9,9,24,33,15,12,84,16,15,5,9,7,11,6,7,17,6,6,8,11,6,12,20,13,41,8,8,8,11,5,29,15,10,4,9,10,14,7,18,11,10,13,16,16,5,12,9,6,13,10,12,10,56,34,23,15,9,7,4,14,12,12,11,15,11,9,16,6,21,15,9,20,9,5,8,9,-20,3,55,8,16,10,21,15,8,13,5,13,40,36,50,43,12,56,32,12,11,28,33,3,4,41,10,17,19,14,36,8,18,5,5,13,23,3,9,55,28,14,16,10,10,14,19,34,42,18,13,10,9,-20,14,21,42,15,11,25,14,27,16,15,24,-20,59,8,-20,10,11,13,17,7,17,30,18,14,17,53,54,25,25,26,21,28,-20,37,18,6,-20,7,-20,16,29,22,20,-20,10,41,19,21,30,30,14,51,15,17,21,19,27,16,26,34,19,25,6,10,17,49,25,-20,51,20,38,36,16,7,13,23,23,-20,13,19,14,37,25,22,84,32,44,8,48,33,95,30,11,34,24,45,48,31,47,39,38,29,39,105,11,36,23,113,25,39,27,20,24,17,24,26,14,20,16,21,20,16,17,19,18,7,22,19,13,27,17,16,27,9,21,30,6,17,11,8,9,17,21,11,21,20,10,16,15,19,20,12,20,13,21,17,23,22,16,18,11,16,29,15,26,16,13,11,20,9,9,14,17,17,14,18,6,13,21,16,16,17,13,18,15,12,24,14,12,12,11,22,15,21,30,20,22,10,12,14,14,26,19,31,-20,8,6,17,10,22,9,5,15,19,6,14,19,21,12,10,15,11,8,7,17,13,11,7,9,7,10,17,15,10,17,12,19,12,9,6,-20,10,13,3,10,9,13,7,15,4,14,15,8,22,19,11,8,14,9,-20,9,5,10,13,24,12,21,18,16,10,15,13,22,25,15,31,12,7,17,7,15,13,27,12,17,27,11,13,20,27,22,8,22,9,13,20,15,18,19,18,12,20,-20,26,7,6,23,12,16,8,8,-20,11,8,11,8,11,26,19,18,10,8,19,14,17,8,19,-20,17,11,20,26,15,14,8,6,4,23,7,71,11,20,23,19,12,33,26,25,40,20,34,20,14,13,21,14,20,27,22,19,24,30,13,22,18,14,16,22,22,22,17,28,19,12,22,15,21,18,20,23,13,14,3,5,20,14,7,18,10,27,11,-20,25,28,11,11,8,20,16,16,12,21,9,23,14,26,15,23,11,12,14,18,10,10,11,17,15,16,34,9,16,19,19,10,20,10,11,7,14,10,5,7,10,13,8,14,16,16,19,13,19,19,16,20,24,22,13,17,20,11,10,12,18,17,14,46,10,21,30,9,31,27,27,27,33,7,11,5,16,14,6,6,19,8,8,10,12,11,15,8,9,10,3,12,10,26,5,12,15,4,15,5,15,-20,36,23,38,5,-20,11,21,13,19,6,-20,18,3,24,-20,23,-20,7,3,7,-20,21,6,6,6,6,27,5,7,3,22,-20,15,21,6,3,13,6,6,6,4,-20,10,4,14,7,4,-20,20,6,-20,4,34,4,-20,15,-20,-20,26,18,8,-20,-20,30,-20,26,23,21,30,11,27,25,21,27,25,59,39,58,99,90,42,47,54,48,46
"chr2,10357093",7,8,11,10,15,8,8,7,8,7,7,11,18,19,15,10,16,15,96,67,48,10,48,21,50,31,20,21,22,5,14,-20,13,18,58,50,38,17,17,13,7,23,32,13,24,38,-20,32,15,30,40,28,32,19,14,22,67,16,25,49,33,36,45,30,46,21,30,36,52,16,29,35,21,28,32,57,16,16,7,19,9,17,16,7,10,29,25,52,44,19,13,20,30,24,22,27,10,46,12,36,35,35,5,8,45,43,13,24,18,18,14,13,21,20,7,10,34,21,5,7,13,16,9,11,33,10,4,39,12,21,28,5,12,12,29,40,36,5,11,8,11,5,11,14,-20,6,7,31,6,5,9,20,34,34,21,9,7,24,129,11,5,5,9,9,7,17,9,3,8,23,83,54,50,34,14,35,11,22,16,122,22,17,40,8,31,6,-20,45,13,18,28,32,7,17,15,20,23,19,39,34,9,20,37,24,56,35,29,101,15,9,81,21,35,34,20,12,93,17,22,7,35,31,42,17,20,28,11,17,24,34,39,20,54,91,15,16,15,33,23,-20,23,29,15,23,12,42,19,23,24,13,26,25,15,12,18,19,16,15,33,35,31,28,21,10,25,16,7,26,33,28,17,49,29,20,37,33,40,76,39,96,15,11,10,22,6,15,25,-20,13,17,34,25,8,26,82,50,82,10,8,5,15,7,12,10,8,26,37,4,30,42,42,50,26,49,6,-20,10,14,15,93,15,27,10,10,32,12,6,19,12,26,10,14,10,10,42,8,10,19,79,12,11,24,30,22,14,13,8,13,19,8,10,8,5,23,6,11,4,12,16,4,10,11,15,8,6,26,10,-20,7,25,15,15,10,53,8,4,14,55,9,7,11,6,8,17,12,28,28,14,7,11,9,12,12,11,11,8,6,8,53,9,-20,6,9,11,19,7,8,12,7,-20,24,15,13,17,7,7,9,6,7,-20,12,8,6,-20,6,36,9,9,22,30,18,14,89,16,17,5,-20,7,10,6,5,18,5,6,-20,12,7,11,23,14,40,10,7,8,11,7,29,16,10,4,10,10,14,7,18,12,-20,12,16,15,-20,12,8,6,15,9,12,9,55,33,22,18,11,8,4,13,11,13,13,16,13,9,17,6,20,15,9,20,10,5,8,10,-20,3,59,7,16,11,22,15,-20,12,-20,16,39,42,49,44,12,56,32,11,10,27,32,4,4,43,10,14,18,16,36,8,20,-20,4,14,22,3,10,52,28,14,13,13,10,17,21,32,44,16,12,11,9,10,13,20,42,14,11,25,18,27,16,14,21,7,63,8,9,10,11,14,17,8,18,29,18,13,21,55,54,28,25,28,22,30,-20,36,18,-20,-20,7,-20,17,27,24,18,-20,10,42,18,22,32,30,14,53,16,17,21,19,27,16,27,33,22,24,8,10,18,44,26,-20,49,18,35,38,15,-20,14,24,22,15,12,19,13,42,24,23,92,32,39,8,51,27,97,34,11,34,23,47,50,29,47,35,37,27,43,103,11,32,22,120,24,40,23,23,24,14,21,25,17,20,16,18,20,16,18,19,17,7,24,18,11,27,14,15,27,9,22,29,5,15,11,8,11,17,19,11,21,21,10,15,14,17,21,13,18,12,21,17,23,25,15,19,12,17,25,17,25,17,14,11,19,10,9,13,15,17,13,17,7,13,20,16,17,17,13,18,15,11,21,17,12,13,12,22,15,19,29,18,20,11,11,15,13,26,19,32,-20,7,6,18,10,22,10,5,14,19,6,14,17,21,12,10,15,11,8,7,16,12,10,6,9,7,10,17,16,11,17,13,19,12,9,6,9,11,12,3,9,9,15,8,17,4,14,15,9,23,19,10,8,14,9,10,9,6,10,14,24,10,21,15,17,10,16,13,22,24,15,30,11,8,18,6,14,12,27,12,16,27,11,14,21,26,24,9,21,9,13,18,16,17,19,17,11,19,-20,25,7,6,21,12,16,6,7,16,14,9,12,8,10,25,19,15,10,6,18,12,16,8,19,-20,17,12,19,24,14,13,8,6,-20,25,-20,70,14,19,24,18,11,33,24,23,42,20,36,20,14,13,22,16,20,24,22,18,23,29,12,20,19,14,15,20,24,20,17,28,18,10,22,15,20,18,19,21,13,14,4,4,23,10,8,16,10,26,10,8,25,29,11,11,-20,20,16,15,13,19,11,23,13,26,15,21,11,12,14,18,11,-20,10,16,15,16,30,10,15,17,19,9,20,9,10,6,14,10,4,6,10,11,8,15,16,16,19,13,19,19,18,21,24,22,13,17,20,11,11,12,19,18,13,44,10,22,29,8,31,27,27,27,32,7,12,5,17,13,6,4,18,7,8,8,12,12,16,9,-20,10,3,12,9,24,5,11,16,7,15,7,16,-20,39,23,40,6,-20,11,19,13,18,7,-20,25,-20,24,3,25,3,9,-20,7,6,21,4,6,-20,9,26,4,-20,-20,22,5,13,21,6,-20,18,4,4,6,4,3,9,6,14,4,4,3,17,8,-20,4,33,4,-20,13,-20,-20,31,24,6,-20,-20,25,-20,25,23,22,29,11,23,26,22,30,27,63,38,58,104,93,40,47,48,49,45
"chr2,10357120",3,8,9,8,11,7,5,6,5,4,5,13,15,14,15,10,17,12,100,63,60,6,45,26,49,28,29,23,19,4,17,13,17,21,52,39,39,21,20,12,8,-20,35,13,21,41,9,31,17,23,28,27,34,32,13,23,63,-20,20,40,27,35,37,32,38,25,28,39,50,21,26,34,21,29,28,51,14,10,9,17,11,17,12,8,11,31,23,48,48,14,13,19,33,23,17,29,7,41,7,35,37,30,5,9,43,38,8,22,13,15,15,11,30,24,6,10,41,23,5,7,11,13,8,9,29,13,4,28,13,17,26,2,11,11,31,34,28,3,10,9,6,6,10,13,42,5,-20,31,5,5,7,19,32,29,22,14,13,27,131,32,5,5,7,8,8,19,-20,-20,8,25,73,73,50,38,14,35,15,22,22,111,22,17,37,6,31,9,-20,47,14,32,40,47,7,20,16,27,29,24,36,30,14,17,66,23,63,35,47,130,20,11,86,23,35,35,27,21,100,18,27,8,40,34,53,-20,28,22,21,26,26,31,48,20,47,69,21,24,28,24,21,23,25,27,15,26,17,46,26,21,38,15,30,23,15,8,22,30,17,-20,42,30,33,17,25,11,30,19,11,28,48,17,14,48,26,25,53,26,40,87,32,102,22,11,12,24,8,10,22,8,14,16,23,23,10,28,83,73,79,7,9,4,16,6,11,5,9,27,39,5,30,51,47,51,26,46,8,4,10,12,20,111,14,30,10,12,19,16,11,19,8,26,6,16,10,6,42,6,13,15,67,13,11,17,28,22,14,18,9,13,21,7,10,13,5,25,10,12,3,11,32,7,6,14,13,6,5,26,10,10,9,26,12,12,10,58,-20,-20,12,60,8,9,10,6,7,15,15,27,25,13,10,7,11,13,12,9,10,10,8,7,54,8,-20,5,13,11,22,11,11,11,10,6,20,10,9,14,10,7,9,-20,12,12,11,7,11,11,6,27,-20,9,18,36,20,11,110,16,13,9,-20,8,9,6,5,17,3,8,16,10,9,13,20,14,45,13,7,9,15,8,21,19,10,4,8,-20,17,6,11,15,9,10,22,15,5,9,7,5,20,11,10,16,48,37,28,12,13,7,-20,17,10,12,7,14,14,8,9,7,22,10,9,26,-20,-20,10,8,3,6,56,5,20,9,36,14,10,13,7,13,35,43,49,49,8,46,31,8,7,37,35,6,4,43,12,18,14,21,43,6,14,-20,5,13,18,4,16,40,30,13,12,14,10,23,21,30,50,15,12,13,8,9,12,14,42,14,11,23,19,24,16,6,25,11,80,-20,12,12,15,14,25,5,17,27,15,16,22,55,52,22,19,27,32,28,-20,31,17,5,-20,5,-20,15,24,24,10,-20,11,40,15,18,23,25,17,41,14,14,14,15,25,12,23,28,18,21,6,12,16,39,18,6,55,19,37,36,21,11,10,23,28,16,16,24,15,35,36,26,104,40,33,8,41,32,110,44,12,24,20,37,47,24,46,46,40,25,38,82,11,34,17,100,39,47,32,29,23,15,22,24,15,17,12,12,16,12,14,18,17,6,19,14,9,26,13,14,19,10,19,35,-20,12,10,13,16,13,15,10,22,20,13,16,12,14,16,13,10,7,12,13,14,23,11,17,10,20,19,15,25,17,13,7,20,11,9,16,10,16,13,17,7,12,21,15,20,11,10,19,16,9,16,19,7,13,6,18,15,18,22,20,14,12,8,13,10,24,23,27,-20,6,7,16,13,22,8,8,13,16,5,12,11,21,13,6,11,9,7,5,9,11,11,-20,9,4,9,13,9,7,16,10,17,11,7,-20,6,11,11,-20,7,7,17,8,13,6,10,15,11,21,15,13,7,10,8,7,8,7,9,12,22,9,16,12,18,10,18,11,21,19,15,28,11,8,20,6,10,15,29,13,12,19,8,13,17,26,23,6,21,11,14,17,15,14,16,14,9,19,-20,23,10,3,15,10,19,5,4,15,11,9,19,7,13,20,17,14,8,7,17,9,13,10,15,-20,13,9,16,18,12,11,5,9,4,22,7,74,10,18,18,14,8,26,23,20,38,21,32,14,19,15,17,14,16,23,20,12,26,26,10,18,15,13,15,18,19,16,14,26,16,7,20,14,18,17,18,13,11,12,3,-20,19,8,7,16,8,25,6,10,25,23,12,8,6,21,14,9,12,19,10,16,10,21,10,22,10,14,13,16,9,7,8,12,8,14,26,13,13,12,14,4,15,8,7,5,9,6,4,5,10,11,5,13,13,14,18,15,14,14,15,17,20,17,11,12,17,8,9,11,15,19,10,38,7,21,29,6,24,25,25,20,29,5,13,6,18,12,6,7,15,5,7,6,13,12,15,10,7,12,-20,10,9,17,3,11,12,11,8,7,21,3,37,28,41,-20,-20,-20,-20,9,16,7,3,31,4,30,5,31,4,11,-20,4,-20,20,6,7,4,10,31,6,6,-20,32,-20,10,21,-20,6,19,7,4,9,9,-20,11,3,15,7,4,5,13,6,-20,5,22,10,3,11,-20,4,33,28,12,-20,-20,23,5,27,24,22,19,13,30,24,20,33,27,66,43,88,149,113,35,52,43,52,40
"chr2,10357121",3,9,9,8,11,7,5,6,4,4,5,14,14,15,14,10,17,12,102,60,60,6,45,28,51,28,28,20,19,4,17,12,17,21,55,40,39,19,20,12,8,19,35,14,19,40,9,32,16,23,30,26,32,32,14,23,63,19,20,40,28,34,37,32,39,24,27,39,52,20,27,34,19,29,29,51,14,11,9,17,11,19,12,9,11,32,23,48,49,14,13,19,33,24,17,28,7,40,7,36,37,30,5,9,43,37,8,22,15,15,15,11,31,25,6,10,42,23,5,7,11,13,8,9,30,13,4,30,13,17,26,2,11,11,32,35,28,4,10,9,6,5,9,13,42,5,-20,32,5,5,7,22,32,29,23,14,13,29,131,32,5,5,7,8,8,20,7,-20,8,25,73,86,46,38,14,34,15,23,21,116,22,18,38,7,27,10,-20,46,14,33,40,50,7,20,16,28,29,26,36,31,12,18,67,24,67,37,48,151,21,13,87,23,35,36,28,24,97,18,27,8,40,33,53,16,28,22,20,23,25,32,48,19,47,69,21,24,27,24,22,24,25,25,16,24,18,50,26,21,38,14,32,26,15,10,22,33,17,10,42,30,31,19,31,11,31,17,11,24,47,16,15,46,25,27,53,25,40,91,28,99,22,11,11,25,9,14,21,9,15,16,23,25,10,31,87,72,85,-20,8,4,16,6,10,5,9,26,38,5,30,49,48,50,26,46,8,4,10,13,19,111,14,29,10,12,19,16,12,19,8,25,6,15,11,6,42,6,12,15,67,13,10,17,28,21,14,18,9,13,20,7,10,14,5,24,10,12,4,10,33,7,6,13,13,7,5,24,10,10,9,25,13,13,10,60,8,5,12,62,9,9,10,6,7,15,15,27,26,13,10,7,10,13,12,9,10,10,8,8,54,8,9,5,14,11,22,11,11,11,12,6,20,11,9,13,11,7,9,5,13,12,11,8,11,11,8,28,10,9,20,35,20,11,110,15,13,9,9,8,9,7,-20,16,4,8,16,10,9,14,20,14,47,14,7,9,15,8,21,17,10,4,8,9,19,5,10,15,9,11,23,15,5,9,7,7,21,11,10,17,49,38,29,12,11,8,6,16,9,12,8,14,15,8,12,7,22,10,9,26,10,6,10,8,3,6,53,5,20,9,39,13,12,12,7,11,38,43,49,48,8,45,32,8,7,38,37,6,4,45,12,18,12,20,41,7,14,-20,5,12,18,4,16,40,29,13,12,14,12,22,24,29,49,14,14,14,9,9,12,14,42,16,11,22,21,27,17,6,24,12,84,10,12,12,15,14,26,-20,17,29,15,16,25,54,53,21,20,27,32,28,-20,31,16,5,-20,5,-20,14,24,25,10,-20,11,40,15,17,23,25,17,41,14,13,13,15,25,12,23,28,19,21,6,12,16,42,18,6,57,20,37,36,21,11,-20,23,29,17,15,25,15,37,38,26,106,40,36,8,43,32,111,45,10,23,19,40,49,25,47,50,41,25,38,83,14,35,20,101,38,46,32,30,23,16,20,24,15,17,12,12,16,12,14,18,17,5,19,14,9,25,13,14,18,10,19,35,7,12,10,13,16,13,15,10,23,20,13,16,12,14,18,12,12,7,12,13,14,23,11,17,9,21,18,15,26,17,13,7,20,11,9,16,10,16,12,16,7,12,21,15,20,13,10,19,16,9,16,18,7,13,6,18,15,18,22,20,13,12,7,13,10,24,23,27,-20,6,7,16,13,22,8,8,13,16,5,12,11,21,13,6,11,9,7,5,9,11,11,-20,9,4,9,12,9,7,16,10,16,11,7,-20,6,11,11,-20,7,7,17,8,13,6,10,15,11,20,15,13,7,10,8,7,8,7,9,12,22,9,16,13,18,10,19,11,21,19,15,28,11,8,20,6,11,15,29,12,11,19,8,13,18,26,23,6,21,11,13,17,15,14,16,14,9,19,-20,23,10,3,14,10,19,5,4,15,11,9,19,7,13,21,17,14,8,7,17,10,13,10,13,-20,13,9,16,18,12,11,5,10,4,23,7,76,11,17,18,14,8,26,21,20,38,21,32,15,19,15,17,14,16,23,20,12,26,26,10,18,15,13,15,18,19,15,14,26,16,7,20,14,18,17,18,13,11,12,3,-20,19,8,-20,17,8,25,6,10,25,23,12,8,6,21,14,9,12,19,10,16,11,20,10,22,10,14,13,17,9,7,8,12,8,14,26,13,13,12,13,4,15,8,7,5,9,6,4,5,10,11,5,14,13,14,18,15,13,14,14,17,20,17,11,12,18,8,9,11,15,19,10,39,7,21,29,6,24,25,24,-20,27,5,14,6,18,12,6,7,15,5,7,6,13,12,15,10,7,12,2,10,9,16,-20,11,12,11,8,8,23,3,38,28,37,-20,-20,-20,21,9,15,7,3,32,4,29,6,33,-20,12,5,-20,2,19,4,6,5,11,30,6,-20,4,29,5,10,21,-20,5,20,6,3,10,8,-20,12,5,17,9,-20,4,12,7,-20,-20,22,10,4,12,-20,6,33,32,12,-20,-20,-20,7,24,24,22,19,13,27,24,21,32,27,67,43,87,149,113,36,51,43,53,39
"chr2,10357124",3,7,-20,6,10,6,5,4,4,4,4,12,13,13,12,11,19,13,105,58,58,6,44,29,51,27,28,20,20,3,17,12,20,20,53,43,42,21,19,9,8,21,37,14,18,42,10,38,16,23,30,26,32,33,13,22,60,19,19,39,28,34,37,31,42,24,28,38,53,19,26,34,19,29,30,50,13,9,9,17,11,19,13,9,11,32,21,47,49,14,14,20,34,27,19,29,7,39,7,35,37,32,4,8,41,38,7,21,15,15,14,10,33,26,5,9,42,21,4,6,11,11,8,9,29,11,4,30,13,17,26,-20,9,11,32,33,24,3,10,9,6,5,8,12,42,4,-20,32,5,4,6,25,32,30,22,14,13,28,128,32,3,4,7,8,7,20,7,-20,8,26,80,86,50,35,15,35,31,22,20,127,22,18,34,7,26,10,-20,44,19,34,40,49,7,20,17,27,35,24,34,31,12,16,68,27,68,37,47,150,22,12,84,21,36,40,28,25,95,18,25,8,40,35,54,17,28,24,22,22,-20,31,48,18,44,66,21,21,28,27,24,24,24,25,18,25,20,47,25,22,43,14,37,27,13,11,21,31,16,10,42,30,31,21,34,12,30,18,10,25,48,17,15,46,24,25,53,25,41,91,28,94,24,15,11,25,9,14,21,10,15,17,22,24,13,29,85,69,82,8,6,4,16,6,9,5,8,26,39,5,30,49,49,51,27,42,8,5,11,16,19,114,13,30,-20,11,21,16,12,19,-20,23,7,14,11,8,40,5,12,15,65,15,10,16,28,22,14,20,9,15,19,5,9,14,5,25,11,12,3,10,34,8,-20,17,11,7,5,26,9,10,9,22,13,14,11,61,8,-20,13,61,9,10,10,6,5,15,15,25,26,13,10,7,11,13,12,9,11,10,7,9,54,10,9,5,14,8,20,12,11,13,13,7,21,10,9,13,11,7,7,6,14,13,10,7,11,-20,7,28,8,9,19,35,20,12,113,16,13,10,8,8,8,7,6,16,4,8,16,11,9,13,19,14,47,14,6,9,15,6,21,17,10,5,9,8,18,5,10,15,9,11,24,15,4,9,8,7,23,11,10,17,48,38,30,14,13,8,7,16,9,12,8,13,15,8,12,5,20,10,9,26,9,6,10,-20,-20,6,51,3,19,10,41,13,11,13,7,12,38,42,49,48,7,44,33,7,7,39,38,5,4,46,11,19,13,19,41,7,14,-20,5,12,16,-20,15,38,31,12,10,14,13,25,25,29,47,15,14,14,9,10,12,12,42,-20,11,21,20,27,17,7,25,12,83,10,13,12,15,17,27,3,18,30,15,17,25,53,53,21,19,28,30,29,6,31,15,5,-20,5,-20,13,24,23,9,-20,10,38,14,14,23,26,16,35,10,13,12,16,25,11,22,26,18,20,6,11,14,45,20,7,53,19,35,37,21,11,11,23,33,-20,15,25,14,35,43,28,105,39,36,8,45,32,108,45,9,24,20,40,46,24,47,47,39,26,41,87,13,33,18,95,37,50,34,28,23,16,18,24,14,15,11,12,14,11,14,16,16,4,18,13,8,23,12,13,17,11,18,32,-20,12,10,12,15,11,15,10,22,19,12,14,10,12,18,11,12,6,11,13,12,24,12,16,8,21,16,13,24,17,12,7,19,11,9,16,-20,14,10,16,7,12,18,15,20,14,9,18,14,9,15,16,6,12,5,16,15,-20,21,19,13,12,7,13,10,24,23,27,-20,6,7,14,13,21,7,8,12,14,5,12,10,20,13,6,11,9,7,-20,9,11,11,-20,9,4,9,12,8,7,16,10,15,10,6,-20,6,10,10,-20,7,7,17,8,13,6,8,14,12,18,15,13,-20,10,7,7,7,7,9,9,22,-20,16,13,17,10,19,11,21,17,15,28,11,8,18,6,11,15,28,12,-20,18,7,14,16,25,20,5,19,11,14,14,14,14,15,12,8,18,-20,22,7,3,12,-20,16,5,4,15,11,8,19,7,13,18,15,12,6,7,16,8,12,10,12,-20,12,9,15,18,12,10,5,9,4,25,7,76,10,16,16,14,7,23,22,17,36,21,32,13,17,14,16,14,15,21,19,12,25,25,10,18,13,11,13,17,15,15,13,25,17,7,20,13,16,15,17,11,11,12,3,-20,18,8,6,16,8,23,6,10,25,23,11,8,5,20,14,8,12,18,9,18,10,19,8,20,9,13,13,16,8,7,8,12,6,13,24,14,13,11,12,4,14,8,7,5,9,6,4,5,10,11,5,11,12,14,17,14,13,11,13,16,18,15,11,12,17,7,8,10,15,18,-20,34,7,17,28,5,25,21,22,17,26,5,14,6,16,11,6,5,14,5,6,6,13,11,14,10,6,12,2,10,7,16,-20,11,12,11,8,8,22,5,36,28,38,-20,-20,3,17,9,16,8,2,28,-20,32,7,30,5,11,4,-20,2,15,-20,4,-20,11,29,6,8,4,30,-20,11,18,-20,8,19,4,4,12,7,-20,12,-20,18,9,-20,4,12,6,-20,4,21,11,4,12,-20,9,27,28,10,-20,3,21,6,23,24,22,19,13,26,21,21,31,28,64,45,87,162,111,36,53,42,55,36
"chr2,10357125",3,7,9,6,10,6,5,4,4,4,4,12,13,13,12,9,19,13,108,57,58,6,43,30,51,28,30,19,20,3,16,12,21,19,54,43,40,20,18,9,8,21,37,14,19,42,11,37,16,22,25,27,32,36,13,21,56,19,19,39,27,35,35,30,40,24,29,40,56,21,28,34,20,27,30,52,13,9,9,17,11,19,12,9,10,32,21,50,48,14,14,20,34,28,19,26,7,40,7,34,39,32,4,8,40,38,7,20,16,15,14,10,34,27,5,9,42,21,4,6,11,11,8,9,28,11,4,31,14,17,26,-20,9,11,32,36,24,3,10,9,6,4,7,12,40,4,3,34,5,4,6,27,30,28,21,14,16,28,128,31,3,4,7,8,7,20,-20,-20,8,22,85,88,50,35,16,37,32,20,20,133,21,18,35,7,29,10,-20,44,19,34,40,47,7,20,17,28,35,24,34,31,15,16,67,28,69,35,47,150,21,12,83,21,36,40,28,26,94,18,25,8,40,36,53,18,27,25,22,20,24,32,50,20,44,67,21,21,28,27,24,24,23,25,20,28,20,47,24,23,44,14,36,28,14,11,21,35,16,10,43,30,32,22,34,12,31,17,10,28,47,16,16,55,26,24,53,25,42,91,28,94,23,14,11,24,11,14,20,9,15,17,22,24,12,29,85,69,79,8,6,4,16,6,9,5,8,26,40,5,29,49,47,50,27,42,8,6,12,16,19,114,12,31,-20,10,21,17,12,18,8,23,7,14,10,8,40,6,12,14,65,15,10,16,26,22,13,20,9,14,18,5,9,14,5,25,12,12,3,-20,34,8,6,17,12,7,5,26,10,11,9,23,14,16,11,61,8,6,13,63,10,10,9,6,5,15,16,26,26,13,10,8,11,15,12,-20,11,10,7,9,55,11,8,5,14,9,20,12,11,13,13,7,20,10,10,13,10,7,7,6,14,13,11,7,10,11,7,29,8,9,18,35,19,12,114,15,13,10,8,8,8,7,7,15,-20,8,16,10,8,13,19,-20,48,14,6,9,15,6,21,18,10,5,9,8,18,-20,10,14,9,11,25,15,4,9,9,7,23,11,10,17,48,39,32,14,13,7,7,16,8,12,8,13,15,9,10,5,21,-20,9,27,-20,6,-20,8,4,6,55,3,19,10,41,13,11,13,6,11,38,44,47,48,7,44,32,7,7,39,37,5,4,45,11,18,13,18,41,7,14,7,5,12,15,5,15,38,31,11,10,15,12,25,26,27,48,15,14,14,9,10,11,12,42,16,11,22,22,27,17,7,24,12,83,10,13,12,14,17,28,3,17,30,16,17,25,53,52,21,16,29,33,29,-20,31,15,5,-20,5,-20,13,24,23,8,-20,10,39,14,14,23,26,16,37,10,12,12,15,25,11,22,26,19,20,6,-20,14,44,19,7,54,20,34,37,21,11,12,23,33,18,15,25,13,37,43,28,105,41,35,8,45,32,107,45,9,24,20,41,47,25,47,47,39,26,40,87,13,32,18,95,35,52,33,27,23,16,18,24,14,15,11,12,15,13,14,16,16,4,19,14,8,23,12,13,16,11,17,33,7,13,10,12,15,10,15,-20,22,20,12,14,10,12,17,11,12,6,11,13,12,23,12,16,8,21,15,14,23,16,11,7,19,11,9,16,10,14,10,16,7,12,18,15,20,14,9,18,14,9,15,16,6,12,5,16,14,-20,21,18,12,12,7,13,10,24,23,27,-20,6,6,14,13,21,7,8,12,14,5,12,10,19,13,6,12,9,7,5,9,11,11,-20,9,4,9,13,8,7,16,10,15,10,6,-20,6,10,11,-20,7,7,17,8,13,6,8,14,12,18,15,13,6,10,7,7,7,7,8,9,22,8,16,13,17,10,17,10,22,17,15,28,11,8,18,6,11,15,28,12,10,18,7,14,16,25,20,5,19,11,13,14,13,14,14,12,8,19,-20,22,7,3,13,-20,15,5,4,15,10,8,19,7,12,18,15,12,6,7,16,8,12,10,12,-20,11,9,15,18,12,10,5,9,4,25,7,76,10,15,16,14,6,23,22,17,36,20,32,13,18,15,16,14,15,21,17,12,24,25,10,18,13,11,13,17,15,15,-20,25,17,7,-20,13,16,-20,-20,11,10,12,3,-20,18,8,6,15,8,23,6,10,24,23,11,8,5,20,15,8,12,-20,8,18,9,19,8,20,9,13,13,17,8,7,8,12,6,13,23,14,13,11,12,5,14,8,7,-20,10,6,4,5,10,11,7,11,12,13,17,14,13,12,13,16,18,15,11,12,17,7,9,10,15,18,10,33,-20,17,28,5,25,21,22,17,26,5,14,6,16,11,6,5,14,5,6,6,-20,11,14,10,6,13,2,10,7,15,-20,11,12,11,8,8,21,3,36,27,39,-20,-20,5,18,10,14,9,2,31,-20,32,7,35,8,12,5,5,2,15,5,7,-20,11,32,6,9,4,27,-20,9,20,-20,7,20,3,4,11,8,-20,10,-20,17,10,-20,5,11,6,-20,4,21,10,4,11,-20,-20,31,27,10,-20,3,21,6,24,24,22,19,13,26,23,21,31,29,64,45,91,160,115,36,53,42,53,36
"chr2,10357126",3,7,9,6,10,6,5,5,5,5,4,12,13,13,10,8,19,13,106,59,58,6,42,29,50,29,30,19,20,3,16,13,22,20,54,43,40,20,18,10,8,21,37,14,19,41,11,39,17,20,28,27,32,36,14,20,54,-20,19,37,28,36,34,32,40,24,29,40,55,21,27,34,21,27,29,49,13,9,10,17,11,18,12,9,11,31,20,49,47,13,14,19,30,27,18,26,7,39,7,34,39,34,4,8,40,39,7,21,15,16,14,10,33,27,6,9,43,21,5,6,11,11,8,9,31,11,4,30,14,17,26,2,9,11,31,36,24,3,10,9,6,4,9,12,41,4,3,33,6,5,6,27,29,30,23,13,16,28,127,31,3,4,8,8,7,21,8,-20,8,22,85,87,51,35,15,35,32,20,19,133,21,19,35,7,29,10,-20,44,19,34,40,51,7,21,17,27,35,24,34,31,15,16,67,30,69,35,47,152,21,13,81,21,37,40,28,26,94,19,26,8,40,37,54,17,27,25,22,21,23,32,52,19,46,67,22,21,29,30,24,24,23,25,20,26,20,46,24,23,44,14,36,28,13,11,21,36,18,7,40,31,31,19,34,12,31,17,10,26,47,15,17,56,28,25,53,25,42,98,28,91,23,15,11,24,11,14,19,9,15,19,23,23,13,29,80,69,80,8,7,4,16,6,9,5,8,25,41,5,29,51,48,50,27,44,8,6,12,15,19,114,11,31,8,11,21,17,12,18,8,22,7,14,9,8,41,6,13,14,68,15,10,16,27,23,13,20,9,14,18,5,8,14,-20,25,12,12,3,-20,34,8,5,16,12,7,5,26,10,11,9,22,14,16,11,61,8,6,13,64,10,10,9,6,5,15,14,26,26,12,9,7,10,15,12,10,11,10,7,9,55,11,8,5,14,8,19,12,11,14,13,7,21,10,10,14,10,7,7,7,14,13,10,7,10,10,7,29,9,8,18,35,19,11,115,15,13,10,8,8,8,7,7,15,-20,8,16,10,9,14,19,14,49,14,6,9,15,6,21,18,10,6,9,8,18,5,10,14,9,11,25,14,4,9,10,7,23,11,10,17,49,37,32,15,13,7,7,16,8,12,8,13,14,9,10,5,21,10,-20,27,9,6,10,9,4,7,55,3,19,10,40,13,11,14,6,12,38,44,52,48,7,43,34,7,7,38,36,5,4,45,12,18,13,18,41,7,14,7,5,13,15,5,15,38,31,11,10,15,12,24,30,27,47,15,14,14,8,10,11,13,42,16,11,22,22,25,18,6,26,12,84,10,15,12,14,18,27,3,16,30,17,17,25,50,50,22,17,28,34,28,6,31,16,5,-20,6,-20,14,24,23,-20,-20,11,39,14,15,23,26,16,41,10,13,12,17,25,11,22,25,21,20,6,11,14,45,19,7,53,21,35,37,21,11,13,25,33,17,15,25,14,37,45,28,108,39,35,7,44,33,105,45,9,24,21,41,48,27,47,47,40,25,42,87,14,32,18,95,31,54,33,23,23,17,18,25,14,15,11,12,15,15,14,19,17,6,18,14,8,23,12,13,16,11,17,32,7,14,12,12,15,11,15,10,22,19,12,14,10,13,17,11,12,6,11,14,12,24,12,15,8,21,16,14,25,18,13,8,19,12,11,16,10,15,11,16,7,12,17,15,20,14,8,18,14,9,15,16,6,12,6,18,15,18,21,21,12,13,7,13,10,24,24,26,-20,6,6,14,13,21,7,8,12,14,5,12,10,20,13,6,13,9,7,5,9,11,11,3,9,4,9,13,8,7,16,9,15,10,6,-20,6,10,11,-20,7,7,17,8,13,6,8,17,12,18,15,13,6,10,7,7,7,9,9,10,23,9,16,13,17,10,18,10,22,17,15,29,13,8,19,6,11,15,28,12,12,18,7,14,17,26,21,5,22,11,14,14,14,14,14,12,8,20,-20,22,7,3,13,-20,17,5,4,15,10,8,19,7,13,18,16,13,6,7,17,8,12,10,11,-20,14,9,15,18,12,10,5,9,4,25,7,78,11,15,16,14,6,23,22,19,36,22,34,14,18,15,17,14,15,22,17,12,23,25,11,18,13,11,13,17,14,15,13,25,18,7,20,13,16,15,17,11,9,12,4,-20,18,8,6,15,8,23,6,10,25,23,11,8,6,22,15,9,12,18,8,18,9,21,8,21,9,13,13,17,7,7,8,12,6,13,22,14,14,10,12,5,15,8,7,5,10,6,4,5,10,11,-20,11,12,14,17,16,14,12,13,18,17,16,13,12,17,8,9,10,15,18,10,34,9,17,29,5,25,21,22,17,26,5,14,6,16,11,6,5,14,5,6,7,13,11,14,10,8,13,2,11,7,15,-20,11,12,12,9,8,20,5,38,25,40,-20,-20,5,16,10,14,9,2,33,4,28,6,35,7,10,4,4,2,17,5,8,-20,9,32,6,6,4,27,-20,10,19,-20,7,22,3,4,8,8,-20,-20,-20,19,9,-20,3,12,6,-20,-20,21,10,5,12,-20,9,30,28,9,6,3,21,6,26,24,22,20,13,26,22,21,31,29,63,45,91,160,115,35,54,44,53,37
"chr2,10357133",3,7,10,8,10,7,5,6,4,6,3,12,14,13,11,8,22,15,111,55,57,5,43,32,52,27,28,16,20,4,18,15,22,21,55,45,42,21,19,11,8,21,37,12,24,37,13,39,16,18,26,29,32,35,-20,23,51,18,19,33,28,37,37,30,41,25,30,41,58,19,29,36,26,26,24,45,13,8,10,17,11,19,12,11,12,32,26,56,50,14,14,19,30,28,19,23,6,45,8,35,39,33,5,10,40,35,7,19,12,16,14,11,34,25,7,9,45,20,5,7,10,13,10,10,32,11,4,33,14,24,25,4,9,12,29,39,25,4,9,10,5,4,9,11,40,5,3,37,6,5,7,25,22,32,24,14,16,28,146,29,-20,5,-20,9,9,23,8,-20,7,21,87,85,53,37,17,34,32,19,19,124,21,23,27,11,29,15,-20,49,21,44,41,72,7,24,18,29,38,19,32,30,19,16,60,34,70,36,50,143,24,15,71,20,30,46,31,30,92,20,29,7,39,36,53,16,25,23,25,22,26,34,49,19,46,65,22,18,31,28,27,22,25,28,19,29,20,43,20,22,39,13,36,28,12,13,23,34,17,9,37,32,32,17,34,12,31,18,14,24,51,18,18,53,32,27,54,23,37,98,31,92,26,15,10,25,12,15,16,9,18,16,24,23,10,31,91,69,77,9,-20,4,17,6,10,5,8,29,41,5,30,52,48,49,30,43,7,7,13,16,20,119,13,29,-20,11,24,15,15,23,9,22,7,15,9,9,43,9,13,13,64,14,10,18,25,27,13,22,8,13,15,5,8,14,6,28,12,11,3,10,37,8,5,15,12,8,4,26,11,10,7,24,14,16,10,59,-20,6,13,62,10,10,10,6,4,16,11,26,25,10,10,7,9,-20,13,11,11,8,7,9,53,9,9,6,12,8,16,12,11,13,13,7,22,12,9,14,11,9,6,-20,13,10,10,8,11,12,8,29,9,8,19,31,17,10,124,15,13,12,7,7,7,7,7,15,3,8,15,9,11,13,19,12,50,13,7,8,14,6,20,18,7,7,8,7,18,6,8,16,9,10,24,14,3,12,11,7,24,8,10,15,47,38,33,15,10,7,6,16,9,11,6,10,14,8,10,6,21,10,10,23,10,5,9,-20,3,8,57,3,19,13,37,11,11,14,7,13,37,46,51,43,8,40,34,7,7,41,34,5,4,43,10,21,-20,19,44,-20,14,9,5,12,15,5,13,37,32,-20,11,14,15,21,34,26,44,14,15,13,-20,9,12,15,41,15,13,22,26,27,16,5,25,14,86,9,14,11,15,24,30,2,15,31,22,16,26,50,54,21,14,31,40,25,5,32,16,4,-20,7,-20,14,23,21,10,-20,14,39,15,19,25,27,16,44,-20,15,13,17,32,14,24,26,20,20,6,12,13,46,20,8,56,20,38,34,26,12,14,23,38,18,16,27,15,42,50,28,102,48,28,7,41,31,105,44,9,27,19,43,45,25,47,52,38,24,47,78,15,30,22,94,33,56,36,25,26,19,20,26,15,16,14,13,17,18,15,19,18,6,20,16,9,25,12,14,14,11,20,33,9,15,12,11,15,9,16,10,22,21,14,17,9,14,19,13,16,6,14,17,12,27,16,15,6,21,15,13,28,18,15,12,19,11,12,16,12,16,13,17,7,12,20,16,23,16,11,22,14,10,15,14,8,15,6,19,18,19,21,21,11,15,9,13,11,24,23,27,-20,-20,8,12,14,20,7,8,14,16,4,15,10,24,14,7,10,11,8,6,10,10,15,4,9,5,9,14,6,-20,15,9,14,10,5,-20,6,10,13,-20,7,9,18,9,14,6,8,18,12,19,14,11,-20,12,-20,-20,7,11,-20,11,25,9,16,13,17,9,18,10,24,20,14,28,15,7,16,8,13,16,26,15,15,23,12,15,17,27,20,6,20,13,10,16,15,16,15,11,10,20,-20,22,6,3,15,12,18,6,4,16,11,10,20,7,13,19,16,16,6,9,17,7,12,12,9,-20,15,-20,16,21,14,10,6,9,6,26,8,77,11,16,17,16,8,23,22,20,35,22,36,15,19,14,19,15,15,24,18,15,23,28,11,17,13,11,14,17,15,17,15,24,18,9,22,17,17,17,19,13,11,12,4,-20,16,11,6,18,8,22,7,9,25,18,11,-20,7,23,16,12,12,18,5,17,9,22,8,24,10,14,14,19,10,8,10,14,6,13,19,15,13,9,11,5,14,8,7,6,9,7,5,7,10,11,8,10,14,13,17,20,12,12,15,18,19,13,14,11,17,7,12,13,16,19,-20,35,-20,16,28,8,26,22,21,20,32,7,-20,10,17,10,7,5,15,5,5,7,13,10,13,12,9,13,4,11,5,15,-20,12,14,13,16,9,21,5,40,26,36,-20,3,6,18,12,20,7,3,33,4,28,5,37,7,11,4,3,3,16,3,8,4,10,31,4,7,4,31,4,-20,18,-20,-20,19,5,-20,10,8,-20,10,4,20,10,3,4,15,6,-20,7,22,6,5,12,-20,-20,25,28,10,6,4,19,5,28,23,21,19,13,27,23,23,34,28,64,45,98,165,122,31,48,45,53,42
"chr2,10357143",4,7,8,8,8,6,7,6,4,4,3,12,11,17,9,8,22,14,108,61,58,5,50,33,52,29,27,23,16,4,19,15,20,20,57,49,36,20,18,10,8,19,32,11,24,40,14,39,18,18,18,27,34,35,-20,18,44,21,22,34,27,37,37,31,44,28,32,42,61,20,27,33,23,26,20,50,13,8,11,17,7,21,14,10,13,29,27,60,45,13,13,20,31,30,21,26,-20,44,6,35,35,32,5,8,41,35,5,21,11,18,10,10,36,30,8,5,50,20,4,10,-20,12,13,7,33,11,-20,35,11,24,27,4,8,11,30,40,25,-20,6,10,5,4,12,12,45,4,-20,34,8,5,8,24,20,34,30,15,15,28,146,28,-20,5,9,11,6,19,9,-20,6,21,85,88,42,33,22,41,44,21,24,123,27,24,27,11,31,15,-20,56,27,44,40,81,7,23,20,27,35,20,31,29,20,13,59,37,77,32,57,159,35,14,77,23,35,52,32,33,89,22,30,6,-20,41,54,17,23,19,27,22,27,40,49,18,48,70,22,23,30,27,28,25,31,26,19,31,25,42,21,22,40,14,43,31,10,12,22,42,14,11,50,31,29,25,41,12,29,21,16,26,55,17,18,62,29,26,64,29,34,91,31,105,27,18,13,27,12,21,15,11,18,18,22,26,11,34,92,72,72,7,10,3,17,6,10,5,8,25,43,4,36,50,50,51,30,49,7,7,17,19,20,120,12,31,10,12,27,16,16,23,11,25,8,14,6,9,44,-20,14,13,57,15,11,18,22,29,15,23,6,13,16,7,10,16,6,25,20,12,-20,9,36,8,4,14,10,9,5,30,10,8,8,23,12,15,9,60,7,8,12,64,11,10,10,7,7,18,9,25,23,10,9,7,9,19,12,11,11,9,10,10,54,10,10,7,12,8,20,17,12,16,14,6,24,11,8,17,14,-20,6,7,14,9,10,9,11,12,8,29,11,8,21,35,15,11,133,15,8,13,5,5,3,6,9,17,3,9,17,9,15,16,19,12,54,13,9,9,14,6,16,20,8,8,7,6,20,7,12,18,8,9,22,15,3,13,12,7,24,9,13,17,48,36,32,13,10,8,6,17,9,7,7,11,14,8,9,6,25,11,8,23,11,6,10,10,-20,7,52,5,19,14,36,9,11,18,8,17,33,45,57,43,9,43,32,8,7,48,33,6,4,45,12,27,16,22,42,-20,17,10,4,12,18,7,12,35,33,12,11,14,18,24,32,26,45,15,23,13,10,9,10,16,43,14,13,21,27,26,14,5,31,16,90,10,18,14,16,25,30,3,15,28,21,18,24,50,51,19,17,32,45,27,5,30,16,10,-20,7,8,12,21,20,11,-20,15,38,14,22,20,24,15,40,15,17,14,21,28,12,16,26,26,21,6,12,12,53,17,6,66,28,39,32,30,10,17,25,33,19,15,28,16,38,48,30,101,52,28,7,38,38,112,46,8,21,19,41,45,24,43,61,42,26,47,60,15,-20,20,102,30,51,33,27,19,19,20,23,14,15,14,13,18,23,16,19,16,6,20,14,9,21,12,13,11,11,20,30,13,14,13,8,15,14,17,11,21,18,13,16,9,15,16,13,16,5,13,20,13,23,12,12,6,18,15,13,28,16,13,12,17,11,11,15,11,10,9,18,7,11,21,14,24,14,11,23,15,13,13,17,9,16,6,19,15,20,20,18,8,13,7,13,11,21,20,25,-20,-20,8,11,14,19,7,7,13,13,6,18,8,27,12,7,8,12,9,8,10,12,15,-20,8,-20,6,16,6,6,15,6,18,9,5,-20,7,7,12,-20,9,9,20,10,14,5,7,18,14,16,10,13,10,10,9,9,6,12,10,11,24,9,17,15,18,9,18,11,18,20,14,24,14,7,18,7,14,14,24,15,14,25,12,12,17,25,21,6,22,11,12,17,12,19,11,9,8,17,-20,21,7,6,17,10,15,7,5,16,12,12,15,8,14,20,14,18,7,9,15,7,12,12,9,-20,14,11,15,26,15,13,7,9,6,23,7,74,12,17,16,18,6,17,21,21,30,20,30,16,20,16,20,13,13,22,20,15,22,25,14,16,15,11,13,15,15,16,17,23,16,12,19,16,19,16,21,12,14,10,-20,-20,16,9,7,17,5,24,7,7,25,17,13,8,7,20,16,13,12,14,6,15,11,20,8,24,10,17,13,21,12,9,9,14,6,12,17,15,13,7,11,4,15,6,7,-20,9,6,5,8,11,7,9,10,11,13,18,18,14,10,13,19,20,9,13,8,15,-20,11,11,14,19,8,38,11,12,30,8,26,20,20,18,31,7,17,11,18,7,6,6,21,6,5,6,13,9,13,12,10,13,4,12,3,13,-20,12,12,11,13,11,26,8,39,20,33,4,5,7,18,12,26,8,3,29,-20,21,6,42,6,10,4,3,6,23,-20,4,5,12,35,5,8,-20,28,-20,15,13,-20,7,20,7,5,8,7,-20,-20,5,18,9,4,4,14,4,-20,8,21,6,4,5,6,12,30,22,14,6,7,16,5,24,18,24,19,13,29,20,24,33,28,61,47,108,181,127,34,50,49,48,42
"chr2,10357147",4,7,-20,8,9,7,7,6,5,4,3,13,12,19,8,10,23,13,109,63,55,5,50,33,47,28,27,22,17,3,19,15,18,20,62,48,34,20,17,9,9,19,31,11,24,39,14,39,17,18,18,26,35,36,15,18,44,21,22,32,26,36,39,33,43,27,33,41,60,21,27,33,26,26,18,50,-20,9,11,17,6,19,14,8,13,26,26,62,42,13,13,20,31,30,21,26,-20,44,6,36,36,32,-20,8,41,35,5,20,13,17,10,9,33,30,9,5,49,17,3,9,8,13,16,8,32,9,-20,36,12,24,28,5,9,11,26,40,25,5,8,11,-20,5,11,12,45,4,-20,35,7,6,-20,23,18,34,31,15,15,27,141,31,-20,4,9,10,5,18,10,-20,6,20,86,90,44,34,22,42,44,22,26,121,32,21,33,12,30,15,-20,55,27,43,39,86,8,19,21,25,33,23,30,26,20,12,60,38,83,31,56,155,33,13,78,24,33,60,29,35,90,24,29,-20,28,39,51,17,24,19,27,20,25,35,49,19,51,73,23,24,30,29,27,24,32,26,19,35,30,40,20,19,41,13,45,31,10,11,20,42,14,11,48,38,30,27,41,14,30,22,15,25,51,19,17,63,24,29,63,30,37,81,30,102,27,18,13,28,14,26,-20,13,18,16,22,26,11,32,95,77,76,7,9,3,17,7,9,5,9,27,44,5,34,45,49,51,29,50,8,8,19,17,19,121,13,30,9,12,27,16,19,22,12,26,9,15,7,10,50,-20,14,15,55,15,11,14,22,29,15,25,6,13,17,7,10,17,5,23,22,10,4,8,37,-20,4,15,9,9,5,32,11,9,10,25,12,16,10,59,7,7,10,66,11,8,9,-20,6,18,11,25,22,10,10,-20,10,17,10,11,11,9,8,13,54,10,10,8,11,8,19,17,11,17,17,5,22,11,8,20,14,9,6,7,14,10,9,10,11,11,8,25,16,10,21,32,15,10,138,15,6,13,5,5,3,6,9,19,3,9,18,9,14,17,19,10,55,11,10,9,16,6,16,20,8,8,6,4,18,-20,11,19,9,9,23,11,3,14,12,7,23,9,12,17,49,37,33,12,9,-20,5,18,9,7,8,10,16,9,8,6,22,10,7,23,10,5,11,10,5,7,53,-20,19,13,33,9,12,18,8,18,32,47,55,44,10,44,34,-20,7,46,35,6,4,44,13,26,16,21,42,8,19,12,6,15,18,8,14,34,32,11,10,15,18,23,35,26,46,16,22,13,10,10,-20,15,43,15,13,20,29,25,15,4,35,16,92,9,17,15,16,25,30,-20,16,31,20,18,24,49,52,21,20,30,44,31,5,33,15,10,-20,7,9,12,23,21,12,-20,15,34,16,21,21,23,16,38,15,16,13,21,27,11,16,27,26,23,6,11,11,52,17,6,67,27,36,33,31,11,-20,26,35,19,17,28,17,36,49,29,101,52,28,7,40,36,111,39,8,24,18,37,46,25,46,61,46,29,54,80,14,27,20,98,33,46,35,31,19,19,20,26,14,14,16,13,19,25,14,22,15,6,20,13,9,20,12,12,12,-20,20,30,14,16,14,8,15,15,17,11,22,19,14,16,8,15,15,13,17,6,12,19,10,23,13,14,6,15,17,12,28,14,13,13,16,10,12,15,11,10,10,18,9,11,20,15,22,15,10,24,16,13,13,18,10,17,5,18,15,20,18,19,7,14,7,13,10,21,21,23,-20,-20,7,11,13,19,8,6,13,13,6,18,7,27,12,7,8,16,8,9,9,13,14,-20,8,-20,4,16,6,8,14,6,17,9,-20,-20,-20,7,13,-20,8,8,21,9,13,6,8,16,15,15,10,12,10,10,10,-20,6,12,10,11,27,10,17,16,21,9,18,9,19,20,13,22,11,7,19,7,14,14,25,14,12,28,13,11,17,25,21,6,23,12,11,17,11,19,12,8,6,16,-20,18,8,5,18,10,13,8,6,15,11,12,17,8,15,21,15,18,8,10,15,-20,13,14,10,-20,14,11,13,27,16,14,7,8,5,22,6,78,11,18,17,15,8,15,21,20,31,19,30,14,18,14,22,14,13,22,20,16,23,24,15,15,16,11,12,17,17,15,17,22,18,12,19,18,19,16,22,14,14,11,4,-20,15,9,-20,14,5,26,7,7,25,16,13,8,7,19,17,14,12,14,-20,16,12,21,7,23,10,17,16,19,13,8,9,14,6,14,17,14,13,6,12,8,17,5,5,-20,8,-20,6,8,11,7,9,10,10,13,18,18,14,9,14,18,20,-20,13,9,13,-20,9,11,-20,17,9,40,12,12,31,11,26,17,18,21,29,9,17,9,17,7,5,6,23,6,3,6,13,8,14,11,10,13,4,12,3,14,-20,11,12,12,14,11,25,9,36,15,29,4,6,9,19,-20,27,8,-20,28,-20,25,4,46,5,10,-20,-20,7,21,-20,5,5,12,36,6,8,-20,31,-20,14,15,-20,6,18,6,6,6,5,-20,7,9,17,9,4,3,15,5,-20,11,20,7,4,5,6,10,29,24,17,9,8,19,6,24,19,23,19,12,29,20,23,35,28,61,47,108,181,125,36,52,49,45,44
"chr2,10357152",5,7,9,10,10,11,8,7,5,4,-20,14,14,22,10,11,23,16,112,66,51,5,55,34,45,26,28,25,17,4,18,15,16,23,63,49,34,18,15,9,9,21,33,10,24,41,14,40,18,18,17,27,36,34,13,20,45,20,22,34,27,36,43,34,41,29,30,44,60,21,29,33,29,26,17,48,12,9,10,18,10,18,14,9,14,29,25,65,44,16,11,19,31,27,22,26,-20,43,7,34,36,34,-20,10,39,36,-20,20,15,19,8,9,31,27,12,5,50,18,3,11,9,17,16,9,34,11,4,35,13,24,29,5,9,13,27,42,26,5,7,10,-20,5,11,12,42,5,5,36,11,7,8,22,20,33,32,14,16,29,129,32,-20,6,9,10,5,20,10,-20,6,21,81,95,41,33,23,41,44,24,30,123,33,20,33,12,28,16,-20,52,24,40,33,90,7,19,19,27,34,23,29,25,20,10,64,37,81,26,73,154,34,14,81,26,33,66,29,33,85,24,36,7,23,37,44,17,21,19,25,19,26,34,48,20,50,79,23,24,34,27,31,25,32,26,20,34,31,41,21,19,38,13,39,33,7,13,19,47,15,16,51,36,31,27,39,13,32,22,17,24,48,19,14,65,25,28,57,24,38,81,30,105,27,16,12,29,15,28,18,12,19,16,22,26,11,34,80,87,83,8,9,4,17,7,10,5,9,29,43,4,32,42,49,53,32,51,8,8,20,17,23,125,13,34,9,13,29,15,18,23,10,25,9,14,-20,10,50,-20,15,15,56,17,12,17,22,29,15,27,7,14,17,7,10,17,6,24,24,10,4,7,38,13,5,16,10,9,6,32,9,9,10,24,14,14,10,62,7,8,10,67,12,8,12,9,8,18,9,26,23,13,10,4,11,20,13,12,15,10,8,12,54,10,11,8,11,8,20,17,10,18,18,5,22,11,7,19,18,11,7,-20,12,10,8,10,12,10,9,20,16,9,22,32,15,11,150,14,6,13,5,5,5,5,9,19,4,9,19,8,14,17,18,9,59,9,10,9,16,6,14,22,9,8,7,3,20,8,10,18,-20,8,24,14,3,14,13,7,22,9,11,16,47,38,32,12,9,9,5,20,8,9,8,11,16,9,8,6,24,11,8,26,9,6,11,12,-20,8,54,-20,18,13,35,11,13,18,6,18,30,44,57,46,11,47,31,7,8,48,38,-20,5,42,14,24,16,20,38,9,19,12,6,15,21,-20,14,38,37,13,11,14,19,28,36,25,47,13,23,13,10,13,10,14,43,16,9,21,29,25,14,4,34,19,89,8,18,17,15,26,27,-20,15,30,25,21,24,51,53,24,20,32,48,30,5,33,14,10,-20,7,11,10,21,20,13,13,16,35,20,20,22,25,18,42,14,18,16,24,29,11,16,24,26,23,6,11,8,51,19,6,66,25,37,30,33,10,15,26,39,20,19,27,17,38,47,31,101,54,29,8,40,34,110,39,7,24,20,37,46,25,45,55,46,33,58,84,17,30,17,95,30,44,38,30,20,18,20,33,-20,13,15,11,18,26,13,21,15,10,18,16,9,20,13,11,12,16,21,30,15,15,12,10,16,17,15,11,22,21,15,18,8,16,16,14,17,6,12,22,-20,25,13,14,7,17,19,16,28,14,15,15,15,10,15,15,12,12,11,19,8,13,19,18,21,16,11,23,15,15,15,16,-20,18,5,19,17,21,22,18,9,14,12,13,12,23,22,18,-20,-20,7,10,15,19,8,4,14,14,6,19,7,27,11,8,10,15,-20,10,11,12,16,6,8,-20,5,16,7,8,15,9,20,12,-20,-20,8,8,13,-20,11,11,23,11,15,5,8,16,15,16,11,12,12,11,8,-20,6,12,10,14,27,9,17,18,21,12,18,10,21,19,14,22,12,10,18,6,14,16,24,17,12,31,12,10,19,30,24,5,26,12,11,21,10,18,12,9,8,17,-20,20,8,-20,20,13,14,8,7,17,15,10,17,10,17,20,16,20,8,12,16,7,16,14,10,-20,16,12,14,27,16,17,7,9,4,24,6,73,11,18,21,16,9,14,20,20,34,21,30,15,20,18,23,14,14,22,23,15,24,26,16,17,16,12,15,22,20,17,20,23,21,11,23,20,21,14,21,20,15,14,5,-20,16,9,7,14,5,25,10,10,24,18,11,9,6,19,17,13,12,17,-20,16,14,22,-20,22,11,17,14,21,12,8,11,16,6,12,15,14,18,6,11,11,16,4,6,-20,8,-20,6,9,11,9,10,11,10,14,20,18,15,9,12,20,19,-20,14,6,12,11,10,14,-20,15,-20,44,11,15,31,11,25,16,18,23,32,10,17,8,17,7,5,6,23,6,-20,6,16,8,12,11,9,13,4,14,4,15,-20,11,14,12,13,11,23,11,32,15,34,5,6,10,20,10,22,8,4,26,-20,24,4,45,6,10,4,3,6,24,-20,5,5,13,35,4,9,-20,37,3,18,18,5,9,20,8,5,7,4,-20,7,8,20,11,4,-20,15,5,-20,12,18,6,3,5,6,13,32,20,17,8,9,22,6,27,19,22,21,13,28,18,23,34,27,61,48,107,181,127,37,52,50,51,42
"chr2,10357156",4,8,9,10,9,11,9,6,4,4,-20,13,15,23,11,11,24,18,110,73,53,5,54,31,47,24,26,23,19,7,20,15,16,24,65,50,34,19,15,9,9,26,32,13,21,40,13,40,15,18,20,29,37,34,14,21,45,21,23,35,29,33,41,32,43,24,33,46,62,26,30,37,28,28,19,44,11,9,13,17,9,17,14,9,15,28,26,65,46,16,13,19,30,27,23,27,-20,48,7,31,35,35,-20,10,39,39,-20,17,17,15,8,8,32,26,12,4,51,17,3,11,6,14,16,9,35,12,4,34,13,23,30,-20,9,10,29,40,27,5,5,10,-20,5,12,10,37,6,5,37,11,7,9,24,22,36,34,16,16,29,132,32,-20,5,7,13,6,19,9,3,6,20,85,94,40,29,21,43,43,24,33,113,35,24,29,13,26,21,-20,54,27,38,31,92,10,20,18,27,38,26,33,25,22,11,69,33,79,26,80,160,33,14,80,26,33,64,29,32,86,24,36,7,19,37,45,18,23,21,25,20,27,35,48,20,54,82,18,24,33,30,32,26,34,27,20,33,33,40,19,18,40,14,38,32,9,13,19,49,15,15,53,24,32,30,47,13,31,20,16,25,44,19,15,65,22,26,55,25,37,82,33,104,27,16,11,31,15,27,18,12,18,14,17,25,11,33,84,95,77,10,10,4,17,9,11,5,9,31,42,4,34,44,50,54,33,53,8,9,20,20,24,127,12,34,8,12,29,13,19,19,11,24,9,14,7,10,46,7,14,18,59,18,11,17,23,29,14,27,6,14,19,8,12,16,6,24,28,9,4,8,35,15,5,16,11,9,7,32,10,10,9,25,14,17,10,62,6,8,8,70,12,8,15,9,8,17,9,26,26,15,11,5,11,20,13,12,17,11,8,12,58,10,10,-20,10,9,22,15,10,17,19,6,23,14,8,20,19,10,7,8,12,-20,6,9,13,10,9,21,19,10,23,33,17,11,150,15,5,13,5,5,5,5,9,21,6,9,18,8,16,18,18,10,61,8,11,8,17,6,17,19,9,10,8,3,20,8,11,20,9,7,24,13,-20,13,13,7,23,9,11,16,46,39,30,15,10,8,5,22,10,11,7,13,17,9,9,7,22,11,7,25,8,6,12,11,6,9,55,-20,18,15,35,9,14,18,6,16,34,46,58,47,9,48,33,6,8,49,41,-20,4,43,14,23,18,21,36,-20,17,12,6,18,21,8,14,35,35,15,12,12,19,27,37,26,46,13,22,15,11,13,10,13,41,16,8,19,28,26,14,5,35,17,92,8,18,18,13,28,29,-20,14,29,26,21,24,53,53,26,21,31,48,28,6,35,15,12,25,9,11,11,19,18,14,14,13,28,24,20,22,23,18,44,13,18,15,24,29,12,14,23,26,21,6,10,8,48,19,6,64,26,36,30,33,13,14,26,42,18,24,30,19,43,50,31,105,56,29,8,36,35,108,38,9,22,17,36,49,29,47,59,46,36,65,82,17,29,17,92,36,43,43,28,21,19,14,34,17,11,16,11,17,24,11,22,14,11,18,16,11,16,-20,13,13,16,21,26,16,15,13,10,16,16,20,13,20,20,14,18,8,14,17,15,13,7,13,21,13,24,14,15,7,16,23,17,27,14,15,14,17,14,15,16,10,16,11,19,10,14,19,16,19,18,10,22,15,16,13,18,10,16,7,15,20,21,19,17,11,14,12,11,12,25,20,18,-20,-20,8,10,14,15,9,4,13,15,7,15,6,26,7,9,11,15,8,10,11,15,16,5,6,-20,5,15,8,9,12,10,20,12,-20,-20,8,10,12,-20,10,12,20,12,12,6,7,17,13,15,9,12,15,10,8,-20,8,12,9,13,26,9,16,18,21,10,16,9,23,22,14,21,12,10,18,5,18,15,25,16,13,31,12,11,18,29,25,5,27,13,14,21,12,19,12,6,-20,17,-20,19,8,-20,20,11,17,9,10,19,13,10,18,11,19,18,16,19,9,11,15,6,15,14,-20,-20,14,16,15,27,15,18,7,11,4,24,6,75,10,17,22,18,9,13,17,20,34,22,28,14,22,18,21,14,14,20,20,16,23,27,16,17,14,11,17,22,22,16,21,24,19,9,22,20,19,14,20,20,15,12,8,-20,19,8,10,14,6,26,10,10,24,16,10,9,4,17,18,15,12,18,-20,16,13,21,-20,17,10,13,13,21,10,7,12,13,9,12,14,14,19,6,8,11,13,4,6,-20,8,2,6,9,11,10,9,11,7,12,20,18,15,9,14,19,18,4,13,7,11,12,9,14,10,17,8,46,14,14,30,10,24,13,20,27,32,10,20,10,16,7,6,6,22,6,3,7,15,9,12,11,9,14,4,13,8,15,-20,8,13,15,14,11,23,-20,30,14,35,5,7,10,18,10,23,9,5,30,3,27,3,48,-20,7,6,5,7,25,-20,5,5,15,34,4,-20,-20,40,3,16,15,5,7,27,-20,6,5,4,-20,7,8,18,10,5,-20,16,3,-20,11,19,6,4,5,6,10,35,22,17,10,7,24,5,26,19,21,20,11,27,21,21,34,26,59,45,107,209,124,37,50,46,50,45
"chr2,10357159",4,8,8,10,7,11,9,6,4,5,-20,14,16,23,11,11,23,18,109,76,53,5,54,32,47,25,25,27,18,7,20,15,15,24,66,50,37,18,15,8,9,26,33,13,22,41,13,36,15,19,23,28,37,34,16,22,44,21,25,35,31,37,41,31,41,23,30,47,60,27,29,36,28,29,18,42,11,8,15,15,9,16,14,8,15,28,26,64,46,15,14,21,31,25,23,26,-20,50,7,31,36,34,6,10,40,38,-20,18,17,13,9,7,32,27,12,3,53,16,3,11,6,12,16,9,34,12,4,33,13,22,29,7,8,10,29,39,27,5,5,10,6,5,12,10,35,7,4,39,11,7,9,25,21,36,32,15,16,29,133,31,-20,5,7,13,5,17,8,3,6,19,82,95,34,31,23,44,42,24,34,106,38,26,29,12,22,18,-20,51,29,36,24,90,10,21,18,27,34,26,31,18,24,11,70,34,77,25,79,155,33,14,79,21,33,65,26,32,86,24,36,8,17,37,40,19,27,21,26,20,27,33,48,21,55,82,17,23,34,30,33,27,34,29,22,34,33,42,20,16,38,15,36,34,9,12,18,49,14,15,52,23,33,31,47,13,31,21,16,25,40,18,13,68,22,26,56,25,36,80,34,105,27,15,13,29,15,29,18,9,17,14,18,25,-20,35,86,100,72,10,10,4,16,9,11,5,9,28,42,4,35,44,50,54,32,49,-20,9,21,19,23,128,13,33,8,13,24,12,19,21,12,25,9,13,7,10,46,7,14,19,57,17,12,24,24,29,14,26,6,14,21,8,11,17,-20,24,29,9,4,8,34,16,5,17,10,9,7,32,10,10,9,24,15,17,10,63,4,8,8,69,12,9,16,8,10,19,10,26,26,15,12,7,11,23,13,12,17,12,8,12,57,10,10,7,10,9,22,15,10,17,19,6,23,14,9,22,20,9,8,-20,11,10,6,8,13,10,9,21,22,10,23,35,17,11,154,14,5,13,5,4,5,5,9,23,6,9,18,9,16,18,16,10,63,9,11,8,17,6,16,18,9,8,9,5,20,8,12,20,9,5,23,14,3,12,13,7,23,8,9,14,47,39,28,14,10,7,6,23,11,10,8,16,18,11,9,7,23,12,7,28,8,6,13,10,6,8,55,-20,18,14,34,9,13,18,6,17,34,48,59,50,9,45,36,6,7,49,39,7,4,45,14,22,18,22,33,9,17,12,7,18,20,-20,14,25,34,15,13,13,19,25,37,26,46,12,21,15,10,12,10,13,39,14,8,21,29,26,14,5,36,17,94,8,18,20,16,28,29,-20,13,27,25,21,23,54,53,28,21,33,48,27,7,35,15,-20,25,9,11,11,18,18,14,14,16,26,25,22,23,23,17,44,11,20,13,22,29,13,14,20,27,20,6,11,8,48,20,5,63,27,36,29,34,13,15,26,42,20,24,29,20,40,53,34,106,61,30,8,38,33,107,39,9,21,15,33,48,31,45,58,46,37,64,77,17,29,16,94,38,44,43,27,22,18,17,32,17,10,14,10,15,24,13,22,14,12,17,16,10,17,6,13,13,16,20,25,15,18,13,10,16,16,20,13,21,21,15,18,9,14,16,13,14,7,13,21,13,24,15,15,7,16,24,17,27,15,17,14,18,14,15,16,11,16,11,19,8,15,19,16,18,19,11,21,16,16,13,18,9,15,7,15,20,20,20,19,11,13,12,11,12,25,18,18,-20,-20,10,9,14,12,9,4,13,15,7,14,-20,26,7,8,11,14,8,10,11,15,18,5,5,-20,5,16,8,-20,12,10,20,13,-20,5,8,10,12,-20,9,10,20,12,12,7,7,18,13,16,9,12,15,9,8,10,7,12,8,13,28,9,16,17,21,10,14,9,23,21,14,21,12,10,18,5,16,14,23,14,14,31,11,10,17,32,26,5,27,13,13,21,12,20,12,6,7,14,-20,18,8,-20,19,10,17,9,-20,17,12,9,19,11,19,18,16,20,9,11,15,6,15,13,-20,-20,14,16,15,28,14,18,6,11,5,22,6,76,10,17,22,17,10,14,17,20,31,20,26,14,24,16,21,13,13,20,20,16,20,27,14,17,15,11,15,21,23,15,20,23,18,9,22,19,19,12,19,20,15,12,8,-20,17,8,9,13,6,24,11,10,24,15,10,8,4,14,19,15,11,18,-20,14,12,20,-20,15,9,13,13,23,10,7,11,12,10,12,15,14,19,7,9,10,14,4,6,4,8,2,6,8,10,10,9,9,7,12,20,17,16,9,15,18,17,-20,13,5,11,12,10,14,-20,16,8,47,14,16,29,9,22,13,20,27,34,10,18,11,17,7,6,6,23,-20,3,7,15,9,12,10,9,13,4,13,8,14,-20,6,13,15,14,10,23,10,27,12,30,5,6,9,17,9,22,9,5,23,3,24,3,43,7,7,5,5,7,24,-20,-20,-20,16,34,3,11,4,39,3,15,13,7,6,25,8,-20,5,-20,-20,5,8,12,10,-20,-20,15,5,-20,11,19,6,4,-20,5,12,28,18,18,7,9,24,3,33,19,21,19,12,26,22,22,35,27,59,45,115,215,120,37,51,47,44,45
"chr2,10357160",4,8,7,10,7,11,9,6,4,5,-20,14,17,24,11,12,23,18,107,77,54,5,53,32,47,25,25,28,19,7,21,15,15,23,66,49,36,20,15,8,8,27,33,14,22,42,13,35,14,19,23,27,37,33,16,22,44,21,25,35,31,38,41,31,38,23,32,49,61,27,27,36,27,28,18,43,11,8,15,14,10,16,15,8,13,28,26,64,46,14,13,21,31,25,25,26,-20,48,7,31,36,34,6,10,42,39,-20,18,16,12,9,7,32,27,12,3,54,15,3,11,5,12,16,9,35,12,4,33,13,21,29,7,9,10,29,39,27,5,5,10,6,5,12,9,35,7,4,39,11,7,9,25,21,34,34,15,16,29,133,31,-20,5,7,12,5,17,8,3,6,18,81,96,34,32,23,47,42,24,34,108,37,26,28,12,21,18,-20,49,30,36,24,93,10,21,18,25,34,27,31,17,24,12,69,34,79,23,79,160,33,13,80,24,33,66,29,32,87,24,36,-20,20,37,42,20,28,21,27,21,27,33,49,20,54,84,17,24,34,29,31,27,34,31,23,34,32,43,20,16,38,14,35,34,9,9,17,51,15,15,52,24,34,32,50,13,32,21,18,29,42,20,13,68,22,27,56,25,37,81,35,106,27,15,13,28,14,29,18,9,17,14,18,25,10,35,87,100,74,10,10,4,-20,9,11,5,9,27,41,4,35,46,50,54,32,50,8,9,20,19,23,128,14,33,8,13,24,12,19,22,12,25,9,13,8,9,43,6,15,19,55,16,12,24,24,29,14,26,6,13,22,8,11,17,5,25,29,9,4,8,35,16,5,17,10,9,7,32,10,9,9,24,14,17,10,63,4,8,8,69,12,8,16,8,10,20,10,25,25,15,12,7,11,24,13,11,17,13,8,13,60,10,11,7,10,9,22,16,10,17,18,6,23,14,9,22,20,9,8,-20,11,10,6,9,14,10,9,21,22,10,22,34,17,11,154,13,5,13,5,4,5,5,7,24,6,9,18,9,17,19,16,10,63,9,11,8,17,6,16,18,9,8,9,5,20,8,12,20,9,5,23,15,2,12,13,7,23,8,9,15,47,40,27,16,11,7,6,23,11,10,8,17,18,11,9,7,24,12,7,28,8,6,14,11,6,8,55,11,18,14,34,8,13,18,7,16,34,46,58,50,9,46,36,6,7,49,39,7,4,45,15,22,17,22,33,-20,16,12,7,18,20,8,13,24,31,15,13,13,19,26,37,27,43,12,21,16,10,12,-20,13,38,15,8,22,31,26,13,5,35,17,93,9,20,20,16,28,29,-20,13,26,25,20,22,54,53,28,21,34,48,27,7,34,14,11,25,9,11,11,18,18,13,13,16,25,25,22,21,23,17,44,11,20,12,24,29,13,14,19,25,19,6,11,7,49,22,5,62,27,36,26,33,-20,15,26,39,20,24,29,20,41,54,34,108,61,29,8,36,33,105,38,9,20,15,35,46,33,50,58,43,36,64,69,17,29,16,95,38,45,46,27,21,18,16,35,16,9,14,10,16,23,13,22,15,13,17,16,10,16,-20,13,14,15,20,23,14,18,13,10,16,15,19,13,20,21,15,18,9,14,16,13,14,7,11,21,13,24,15,14,7,16,24,17,25,14,17,14,18,13,15,16,11,16,11,19,7,15,18,15,18,19,11,20,16,16,12,18,8,13,7,15,20,20,20,19,11,13,12,11,11,24,19,18,-20,4,10,9,13,13,9,4,13,15,7,14,6,26,7,8,11,13,7,10,11,13,17,4,4,-20,5,14,7,-20,12,10,19,13,-20,5,7,11,12,-20,9,10,20,12,10,7,5,18,13,16,9,12,15,9,10,9,7,12,7,13,28,8,15,17,20,10,14,9,23,21,14,20,12,10,18,5,16,14,22,13,14,31,10,10,16,32,26,4,26,13,13,20,12,20,11,6,7,14,-20,18,8,10,18,10,16,9,10,16,12,9,19,11,18,18,16,20,9,11,15,6,14,12,-20,-20,14,16,14,27,14,18,6,10,5,22,6,74,10,15,22,17,10,15,17,20,28,20,24,13,22,16,21,13,13,19,19,16,20,26,14,17,15,11,16,20,23,15,20,23,17,9,21,18,19,10,19,21,14,12,7,-20,17,8,9,13,6,24,10,10,23,15,10,8,4,14,19,15,11,18,-20,14,12,20,12,15,9,12,13,23,10,7,11,13,10,12,15,14,19,7,9,10,13,3,6,3,7,2,6,8,10,10,9,8,7,11,20,17,15,8,15,18,17,-20,13,4,10,12,10,14,-20,16,8,47,14,15,27,9,22,13,20,27,33,10,18,11,17,7,6,6,23,6,3,7,14,9,12,10,9,13,4,13,7,13,-20,6,13,15,14,10,24,11,28,15,32,4,7,10,18,9,26,-20,5,25,4,24,3,48,7,7,4,5,8,25,-20,7,4,14,32,4,12,4,42,3,15,13,7,6,26,8,6,5,-20,-20,5,9,14,11,4,-20,15,7,-20,12,19,6,3,7,7,12,28,17,19,7,11,25,3,32,17,21,19,12,26,22,21,34,26,59,45,115,228,121,38,52,48,44,46
"chr2,10357164",5,7,7,10,7,11,9,7,5,6,3,13,17,24,13,12,23,18,108,82,55,-20,55,32,47,23,26,29,19,7,21,14,15,22,69,51,39,18,16,9,9,26,31,14,21,42,13,35,15,20,23,28,37,32,16,23,43,23,27,33,32,41,40,32,37,25,33,49,61,28,29,37,30,28,18,46,-20,10,15,13,9,18,14,8,11,27,28,67,47,13,12,25,29,26,25,30,-20,45,8,31,37,34,6,11,39,41,-20,18,16,13,10,7,33,30,14,3,52,16,3,11,4,12,16,10,37,11,4,34,17,22,28,8,8,10,27,38,30,5,5,9,6,5,12,-20,34,7,4,37,12,7,9,27,24,35,31,15,16,31,134,28,3,6,8,11,6,18,8,3,6,19,84,103,33,24,21,47,44,24,35,100,37,26,30,14,23,19,-20,43,32,36,19,-20,9,20,19,25,33,28,29,17,24,11,69,34,77,25,84,156,31,16,80,24,34,66,29,33,79,24,37,-20,20,34,39,18,28,22,28,20,25,37,49,22,53,82,19,29,37,28,31,29,36,28,25,33,34,39,21,15,39,18,35,37,11,10,17,49,16,15,48,26,36,36,52,15,34,24,16,30,45,23,15,72,24,27,57,21,36,72,34,95,29,18,13,26,15,29,20,9,16,15,17,24,9,35,87,100,75,11,10,-20,16,10,11,5,10,26,43,5,36,46,50,51,31,50,9,9,19,19,24,126,16,32,-20,11,22,12,21,29,13,26,9,13,10,9,43,7,15,19,57,17,11,24,26,27,13,26,5,14,20,9,11,17,-20,25,29,9,3,8,38,16,5,18,11,9,7,28,10,8,10,24,14,16,10,66,5,10,10,70,12,7,17,10,10,21,13,24,24,15,12,7,9,25,13,13,16,14,10,13,60,10,11,7,8,10,24,17,11,19,18,7,23,14,9,22,21,10,8,-20,11,9,6,8,14,11,9,22,23,9,21,35,16,10,157,11,5,13,4,5,5,5,7,-20,6,9,18,7,17,17,16,11,66,9,13,9,17,8,14,19,9,7,9,6,18,11,14,21,7,5,24,14,2,15,14,7,23,8,8,16,53,39,26,16,12,6,6,23,14,9,9,17,18,12,8,6,26,12,7,28,8,4,14,10,6,7,58,12,18,14,36,8,13,19,7,14,32,46,61,52,10,50,36,7,6,50,39,8,4,46,15,24,17,23,32,8,18,13,6,22,20,8,14,24,30,16,13,12,21,24,37,25,44,14,19,16,11,15,8,11,37,14,8,19,34,26,14,5,35,16,91,10,20,19,15,27,27,-20,15,25,26,18,25,52,55,30,21,33,45,30,7,-20,16,11,24,9,11,10,16,18,15,13,16,23,26,22,21,23,17,42,10,20,12,22,27,12,12,22,27,20,5,11,6,48,25,5,58,28,36,27,34,13,12,23,41,23,27,27,24,41,52,36,103,57,30,7,35,32,110,39,8,21,15,37,47,34,46,59,38,34,61,72,14,30,16,97,37,46,45,29,22,21,15,31,16,14,14,10,16,22,13,23,16,13,18,18,11,16,-20,12,15,15,20,24,15,16,15,11,20,15,20,12,18,21,15,15,-20,15,18,12,17,6,11,20,12,26,15,15,7,13,24,17,25,13,17,14,18,14,15,15,10,15,14,17,8,12,20,15,18,18,11,21,19,15,10,20,8,19,7,17,20,22,23,18,10,13,12,10,12,28,19,17,-20,5,10,12,14,12,10,4,12,15,8,14,5,26,8,8,12,13,6,11,12,15,15,4,5,-20,5,13,7,13,13,10,19,13,-20,8,7,9,13,-20,8,10,20,11,9,7,5,16,13,16,7,11,15,9,10,7,8,13,7,13,25,8,14,16,19,10,14,10,23,21,14,21,14,10,19,5,16,14,22,13,14,31,11,13,14,34,27,5,27,14,13,22,10,20,10,6,6,12,-20,19,8,11,18,11,17,8,10,16,12,9,20,13,20,17,15,20,8,10,16,7,12,12,-20,-20,12,16,14,28,17,18,6,10,5,23,4,75,9,16,24,18,11,16,18,19,28,19,25,12,23,18,22,14,12,21,19,14,22,25,14,17,17,13,17,21,27,14,19,21,18,10,20,18,21,12,16,20,17,13,8,-20,16,7,9,13,6,23,10,9,25,12,11,8,4,14,20,14,7,16,-20,13,12,18,12,17,9,11,15,21,13,7,10,14,9,11,14,14,20,8,8,13,13,3,-20,4,7,3,6,8,12,9,9,9,9,9,21,18,14,7,14,19,17,-20,11,6,9,10,12,12,-20,15,9,45,15,13,-20,8,21,13,19,25,32,10,18,12,20,8,6,7,22,5,3,7,13,9,13,11,10,14,6,12,7,13,-20,6,14,14,15,11,19,9,27,18,33,3,7,8,18,9,26,11,6,27,5,22,3,43,8,8,4,6,8,29,-20,6,-20,19,28,5,9,4,43,-20,16,18,6,8,25,-20,4,5,2,3,5,6,14,12,5,-20,16,9,-20,13,21,5,4,8,6,13,31,18,17,6,15,26,-20,35,16,21,17,12,24,20,21,35,26,61,46,108,218,130,39,54,46,42,46
"chr2,10357171",6,7,6,11,6,8,9,9,8,7,-20,11,17,24,12,11,24,18,106,84,58,6,56,30,47,26,31,27,18,7,20,15,15,27,68,48,39,18,19,10,8,23,28,12,16,45,14,34,17,19,23,31,35,28,15,23,42,22,27,30,36,41,34,33,35,25,32,48,62,26,29,35,31,30,20,47,11,9,14,14,9,16,14,9,11,26,28,63,45,10,13,26,28,26,24,25,-20,49,6,30,35,31,6,11,40,42,-20,19,16,14,8,5,32,26,16,3,52,16,2,11,3,12,18,10,34,11,4,40,15,22,26,9,-20,9,24,38,27,4,6,8,5,5,13,8,34,7,4,40,12,6,8,30,21,36,30,17,16,26,129,24,3,6,-20,12,6,17,9,3,6,18,82,98,33,24,22,43,42,20,34,122,40,26,31,13,29,20,5,39,31,30,19,-20,8,21,16,28,29,28,30,16,26,11,55,33,72,22,73,153,30,16,70,22,33,63,28,33,78,23,35,8,17,31,36,20,27,25,29,18,25,34,45,23,54,85,18,29,29,29,31,28,37,28,24,33,33,36,19,13,35,23,31,31,12,9,13,46,23,17,44,28,36,33,52,19,32,24,16,30,46,24,12,74,23,24,54,19,34,62,33,93,30,21,14,26,12,38,15,12,16,13,16,25,11,32,92,94,70,13,11,-20,17,6,10,4,10,26,43,6,32,45,48,56,29,-20,9,9,19,19,22,126,14,33,12,12,19,11,17,25,11,26,8,12,11,10,43,9,15,16,52,17,11,24,24,23,13,24,5,15,24,9,10,18,5,25,29,10,6,12,38,16,7,18,11,9,8,28,13,10,9,22,12,18,11,65,7,10,12,70,12,7,20,11,11,20,13,24,21,16,11,8,10,23,13,17,-20,13,11,13,60,8,14,6,7,11,25,-20,10,20,18,6,21,10,8,21,23,11,9,9,11,9,3,9,14,12,9,23,19,9,21,34,16,9,155,12,7,13,5,7,6,6,7,-20,5,8,19,7,17,14,13,11,64,7,10,9,15,8,13,18,6,7,8,9,17,10,16,20,7,5,27,12,3,16,16,8,23,8,8,15,58,40,21,14,13,6,6,26,13,8,9,17,17,11,7,5,24,12,6,32,7,6,15,11,6,7,57,10,20,12,31,7,13,18,10,15,30,42,55,49,9,51,36,3,6,51,36,9,5,44,17,23,17,20,37,9,19,13,5,23,19,6,11,24,28,15,14,12,22,22,35,23,42,14,16,15,10,15,8,14,35,13,-20,18,32,24,16,5,29,15,91,9,19,21,17,25,26,6,15,27,26,17,24,52,54,29,20,31,44,27,-20,30,16,10,23,7,9,11,13,17,15,13,15,25,26,20,22,24,14,43,10,19,13,23,28,13,15,-20,26,17,7,10,4,46,31,5,56,27,38,27,34,12,12,21,42,21,27,28,22,36,50,37,87,55,29,8,36,36,111,38,7,22,15,33,49,33,44,60,37,33,60,60,13,-20,17,103,42,53,41,24,24,24,16,26,14,12,16,10,15,22,13,23,14,13,16,16,9,15,-20,12,14,14,22,22,15,15,18,12,-20,15,18,11,17,17,16,13,-20,17,17,12,15,6,10,22,12,29,18,13,9,17,25,17,22,15,15,15,17,16,15,14,-20,17,13,17,11,13,19,14,16,20,12,20,21,15,8,21,8,19,8,15,18,19,23,15,14,11,15,-20,11,28,-20,17,-20,7,12,9,15,10,9,5,11,14,7,15,6,23,-20,9,12,13,6,11,10,15,15,5,5,3,3,14,8,13,12,10,19,12,6,9,8,8,11,-20,10,11,21,11,-20,8,-20,16,15,10,8,11,13,8,10,5,8,16,7,13,28,9,15,13,19,11,12,10,22,20,14,19,15,11,17,5,14,14,21,16,12,31,11,13,16,35,28,6,20,13,11,21,12,18,8,5,6,11,-20,16,9,12,18,11,17,8,-20,18,11,11,21,12,21,15,12,19,9,11,14,-20,10,12,4,-20,9,15,12,28,18,-20,5,9,7,22,5,71,10,18,26,19,11,20,15,21,29,19,25,13,24,18,23,14,8,21,24,17,22,25,21,18,18,13,16,19,29,14,18,19,19,11,22,17,21,11,18,20,18,12,9,-20,16,6,9,13,6,19,9,8,25,8,10,6,4,16,17,15,5,16,-20,10,14,17,12,16,7,12,16,18,13,6,8,19,12,8,11,10,19,7,7,14,12,3,3,3,5,-20,6,9,11,9,-20,10,9,7,20,20,-20,7,14,19,20,-20,15,7,7,12,12,11,-20,14,11,43,16,12,26,10,18,10,18,30,30,9,17,12,19,9,6,6,19,4,4,5,13,9,11,12,11,12,6,14,-20,12,-20,5,15,13,16,11,24,9,29,17,37,5,-20,8,12,9,28,8,7,22,5,21,4,42,6,7,7,6,9,28,-20,4,-20,-20,27,5,10,5,41,-20,19,18,5,9,23,7,-20,6,5,4,5,5,14,8,6,-20,18,6,-20,-20,21,5,-20,9,-20,14,31,17,17,7,14,24,-20,34,17,21,17,12,26,16,22,34,28,60,42,111,225,122,42,56,45,46,40
"chr2,10357180",5,7,6,9,6,8,10,9,8,6,-20,13,19,22,14,11,28,21,110,87,60,7,58,33,52,28,32,28,21,7,18,16,18,29,67,49,41,21,19,10,9,24,23,12,16,49,13,33,17,16,27,35,40,30,19,22,39,24,35,29,36,39,34,31,37,23,31,50,63,26,33,36,31,30,22,47,11,9,16,14,10,17,17,9,10,27,30,67,41,13,13,28,33,25,25,25,10,49,6,32,30,34,6,12,41,41,-20,17,22,14,-20,6,32,32,16,2,60,13,3,10,3,12,19,9,30,12,3,45,15,21,27,9,7,8,31,34,28,4,4,8,6,6,14,8,35,7,4,41,12,7,7,29,25,36,29,20,17,25,121,26,3,5,9,12,6,15,9,3,6,20,86,100,30,22,25,42,42,26,32,115,44,30,36,12,26,20,6,42,30,29,13,90,8,21,15,28,28,25,35,15,27,11,55,36,73,26,62,160,31,15,73,21,32,65,29,30,78,23,36,7,14,32,29,21,30,27,23,18,23,37,41,25,54,69,15,32,29,35,32,30,35,25,25,31,30,37,17,14,34,22,30,29,11,8,16,46,23,19,42,32,39,37,55,23,30,23,18,28,42,29,12,74,22,24,51,20,36,74,35,79,32,23,13,26,12,44,15,16,19,14,17,26,13,26,104,78,74,13,10,2,13,6,8,5,10,32,41,4,32,47,45,57,30,51,10,10,18,15,23,119,15,32,12,12,17,12,14,26,11,24,8,13,11,11,44,10,16,15,51,18,10,25,23,24,16,27,3,19,28,12,11,16,5,25,25,10,7,11,31,16,8,20,8,12,9,28,13,12,9,24,13,19,13,70,6,10,11,72,10,8,20,11,11,24,15,23,20,18,12,9,10,27,15,19,12,13,11,16,61,10,14,8,8,15,21,16,8,20,19,8,21,8,9,22,22,11,10,11,14,9,4,11,16,12,9,25,19,10,27,31,18,11,161,14,6,14,7,8,4,7,7,22,6,9,17,9,18,12,14,14,68,7,11,10,16,9,11,21,5,9,8,9,21,-20,17,21,6,5,27,16,3,16,14,7,23,8,7,16,59,33,23,11,12,7,6,28,12,9,8,15,17,13,9,4,29,15,6,30,7,8,16,8,5,7,54,11,21,14,32,12,14,21,11,17,31,40,53,58,12,53,37,3,7,54,36,9,5,47,13,20,20,19,41,8,20,14,7,24,19,-20,9,25,32,15,13,11,22,21,38,21,40,15,16,13,-20,16,7,16,33,13,10,22,35,21,19,5,35,16,95,8,19,20,15,26,24,7,12,24,27,21,24,52,59,30,22,36,47,30,6,32,16,10,22,7,9,12,13,17,11,13,13,24,27,23,26,21,14,44,11,20,13,22,26,13,13,15,26,15,5,13,-20,45,35,7,53,27,34,26,38,13,12,27,35,24,28,34,25,36,47,34,91,57,31,10,37,35,113,34,7,25,16,33,56,35,42,60,34,29,58,61,13,35,16,106,41,51,40,30,25,28,13,26,14,12,17,9,17,22,14,22,14,13,14,13,7,14,-20,13,14,13,23,23,15,18,20,11,20,15,15,11,17,17,14,12,10,18,20,14,15,5,10,21,15,26,17,12,9,18,25,17,20,15,15,13,17,15,16,15,10,18,13,16,13,14,20,10,14,22,12,19,20,15,8,20,7,21,11,13,18,16,19,14,13,12,17,10,12,28,19,17,-20,7,11,8,14,9,7,5,10,14,7,13,6,22,8,8,10,13,6,10,9,13,16,6,6,3,5,14,8,15,12,11,19,11,6,11,8,6,10,-20,11,11,23,12,8,9,9,16,15,12,10,13,15,6,10,5,8,17,6,12,22,9,18,13,18,10,10,10,21,16,13,21,12,12,13,5,13,12,19,14,13,27,11,12,16,33,26,6,19,13,10,22,11,15,7,4,5,11,-20,16,9,12,16,11,15,8,10,17,12,11,21,12,22,15,12,19,9,10,13,7,11,12,5,4,8,17,10,29,20,18,4,12,8,22,7,72,11,19,26,20,11,19,17,22,26,19,25,13,23,18,22,13,8,23,22,16,23,23,22,19,18,11,15,20,30,11,19,17,17,13,24,15,19,12,19,20,20,12,10,-20,17,5,8,12,5,19,9,8,23,8,9,7,4,15,18,15,4,15,-20,6,13,14,11,18,8,13,16,18,14,7,7,17,12,10,10,10,18,6,8,15,11,3,-20,3,5,-20,6,8,11,7,9,9,10,9,17,20,12,4,14,17,18,-20,14,6,7,16,12,10,5,13,11,40,16,13,25,10,19,5,16,32,30,9,16,12,18,8,5,6,19,2,4,4,13,11,12,11,10,11,6,13,8,11,3,6,15,13,16,12,16,5,32,21,40,-20,7,13,16,12,27,5,7,22,6,20,6,41,7,10,6,5,8,32,-20,6,4,15,25,5,9,6,39,-20,15,-20,6,15,31,8,-20,5,4,5,5,5,19,7,6,3,20,9,-20,7,20,3,-20,8,8,14,31,16,16,5,12,27,-20,41,15,20,14,10,24,19,21,32,28,57,44,117,212,117,41,55,45,52,41
"chr2,10357181",5,7,6,9,6,8,10,9,8,6,-20,12,19,22,14,12,27,21,105,89,60,7,58,32,52,28,32,28,21,7,18,15,18,29,68,48,41,21,19,8,9,25,25,10,16,49,13,35,17,16,27,34,38,30,18,22,42,25,37,27,37,39,33,31,37,23,30,50,61,26,34,37,31,32,22,47,11,9,16,14,10,19,17,9,10,30,30,65,42,13,14,28,34,25,26,25,11,49,6,33,28,33,6,12,41,41,-20,17,22,14,-20,6,32,32,16,2,60,13,3,10,3,12,19,9,31,11,3,45,15,21,27,9,7,8,31,34,28,4,4,7,6,6,14,8,34,7,4,42,12,7,8,29,25,36,30,20,16,24,121,26,3,5,9,12,6,15,9,3,6,20,86,99,27,22,25,45,42,28,31,109,43,29,37,12,26,20,6,46,30,28,13,88,7,21,15,26,28,26,34,15,27,11,54,37,71,26,65,160,32,16,75,21,32,64,29,31,78,23,36,7,14,31,32,21,30,28,24,18,24,39,42,28,53,67,15,33,29,36,33,30,35,25,25,33,30,37,17,12,33,23,29,30,11,9,16,47,23,20,40,34,38,36,54,23,31,23,19,28,42,30,12,74,22,25,49,20,36,73,35,79,31,22,13,26,12,44,16,16,19,16,17,26,13,28,109,84,78,13,10,2,14,6,8,5,11,31,39,4,32,45,45,57,30,50,10,10,19,15,22,122,15,32,11,14,17,13,14,26,11,25,8,13,11,11,44,10,16,16,57,18,10,25,23,24,16,27,3,19,26,12,11,17,6,25,25,10,8,11,31,16,8,20,9,12,9,28,13,12,9,25,13,19,13,74,6,10,12,71,10,9,20,12,11,23,15,23,20,19,12,11,10,27,15,19,12,13,11,16,63,-20,14,8,8,15,21,16,8,19,19,8,21,8,9,22,22,11,10,11,15,9,4,11,16,12,10,26,19,10,28,31,18,11,162,15,6,14,7,8,4,7,7,22,-20,9,17,9,18,12,14,13,69,7,11,10,16,10,11,23,5,9,8,9,21,9,16,20,6,5,27,16,3,16,14,7,23,8,7,16,59,31,23,11,12,7,6,27,12,8,8,15,16,13,9,4,29,14,6,30,7,8,16,8,5,7,53,11,21,14,33,12,14,22,12,18,32,40,53,59,12,54,37,3,7,55,37,9,5,45,13,20,21,19,42,8,21,15,7,23,19,-20,8,23,33,15,14,11,23,21,39,22,41,15,16,13,10,16,7,14,33,14,10,23,35,22,19,5,34,16,94,8,19,20,15,25,22,7,12,24,27,21,24,53,60,30,22,37,44,32,6,34,16,10,20,8,10,12,13,19,11,14,13,23,27,23,26,21,14,45,11,20,13,22,25,13,13,15,27,14,5,13,-20,45,36,7,54,27,34,26,41,14,13,27,34,24,28,34,25,35,47,35,91,58,32,10,37,35,108,34,7,26,16,35,56,35,42,60,34,31,60,58,13,39,16,106,38,53,41,36,25,28,13,26,14,12,17,9,17,22,14,22,14,13,14,13,7,13,-20,13,14,13,23,23,15,18,20,11,21,15,14,11,17,17,14,12,10,19,20,14,15,5,10,21,14,25,17,12,9,18,25,17,20,15,15,14,17,15,16,15,10,18,13,17,13,14,19,10,13,22,12,19,20,15,9,20,7,21,11,13,18,17,19,14,14,12,17,10,11,28,19,17,-20,7,11,8,14,9,7,-20,11,13,7,13,6,22,8,7,10,11,6,-20,9,13,16,6,6,3,5,14,8,16,12,11,20,11,6,11,8,6,10,-20,11,11,23,12,8,9,9,16,15,12,12,14,15,6,11,5,8,18,6,12,23,9,18,13,17,9,10,10,20,16,14,20,12,12,13,5,13,13,19,14,13,26,11,13,16,33,26,6,19,13,10,22,12,16,7,4,5,11,-20,16,8,12,15,11,15,9,10,17,12,11,21,12,22,15,12,19,9,11,12,7,13,12,5,4,8,17,10,29,20,18,4,12,8,23,6,72,11,19,26,20,11,19,17,22,25,19,26,12,22,17,21,13,8,23,22,16,23,22,22,19,18,11,14,20,30,11,19,17,17,13,23,15,19,12,19,20,20,12,10,-20,17,5,8,12,5,20,9,8,23,8,8,-20,4,15,18,15,4,15,-20,6,13,14,11,18,8,13,16,18,14,7,7,17,12,10,9,10,18,7,8,15,12,3,-20,3,5,-20,6,8,11,7,9,9,10,9,17,20,12,4,14,17,18,-20,14,6,8,16,12,11,5,14,11,40,16,13,25,10,19,5,17,32,29,10,16,12,17,8,5,6,19,2,4,4,14,11,12,11,10,11,6,13,8,10,3,6,15,13,16,12,18,5,33,22,43,-20,6,12,16,13,27,8,7,22,5,22,6,39,7,10,6,5,8,29,-20,8,5,14,27,4,12,5,38,-20,15,22,8,14,31,9,4,7,5,5,4,5,17,9,7,4,21,11,-20,7,23,5,3,6,7,14,31,17,15,5,12,26,-20,41,16,20,14,10,23,19,21,32,28,58,44,126,212,115,42,56,47,53,41
"chr2,10357183",5,7,6,9,6,8,10,10,8,5,-20,12,20,23,14,15,27,21,104,90,59,7,56,32,53,27,32,27,23,8,18,15,17,29,70,49,39,20,20,8,9,25,22,7,16,50,13,35,17,16,26,34,40,30,19,22,44,26,35,26,38,40,33,32,37,23,31,51,61,26,34,34,31,32,22,49,10,-20,15,14,10,19,17,9,9,32,29,64,42,12,13,28,35,25,27,26,11,49,6,30,27,34,6,12,39,40,-20,17,22,14,8,5,32,32,17,2,57,13,3,10,3,12,19,9,30,11,3,46,15,21,26,9,7,8,33,34,36,4,4,7,6,6,14,8,34,7,4,43,12,7,8,32,25,37,30,21,15,26,121,24,3,5,9,12,6,15,9,3,5,21,84,101,26,23,25,49,42,28,33,108,43,28,36,12,25,19,6,45,30,27,11,87,8,21,16,26,26,27,36,12,27,13,51,39,71,26,66,154,31,16,72,21,29,62,27,29,72,24,35,7,15,32,31,21,30,26,24,18,24,39,41,27,51,67,13,29,26,37,34,31,34,25,25,34,28,38,16,12,33,24,30,31,11,10,16,41,23,20,43,37,39,37,53,22,32,24,19,28,42,30,12,75,22,25,50,20,35,73,34,77,34,23,13,29,12,44,16,16,19,16,17,24,13,28,109,79,80,13,10,3,16,6,8,5,11,30,39,4,32,47,44,55,30,51,10,10,17,16,22,125,15,32,12,13,17,13,14,27,11,24,7,13,11,11,43,10,16,16,58,18,10,25,23,22,16,28,3,20,29,12,11,17,-20,26,26,10,8,11,29,16,8,21,9,11,9,28,12,13,-20,25,12,19,12,75,6,10,10,71,10,9,18,12,11,23,16,24,19,19,12,11,10,28,15,19,11,12,11,16,63,10,13,8,7,14,21,16,8,18,19,9,21,9,9,22,22,11,8,12,15,9,4,11,16,12,10,26,18,10,28,30,18,11,160,15,6,13,6,8,4,7,7,21,6,9,17,9,21,12,15,13,69,7,11,10,15,10,11,23,6,11,8,9,22,9,16,21,6,5,27,16,3,16,14,8,23,8,8,15,58,30,22,12,13,7,6,27,12,9,8,15,15,13,13,4,30,14,6,31,7,9,16,8,5,7,53,11,21,13,33,11,14,22,12,18,33,40,51,60,12,52,38,3,7,55,36,9,5,46,13,18,22,20,44,8,21,14,6,23,19,8,7,24,33,16,14,11,23,20,40,21,41,13,16,13,10,17,8,15,31,15,10,23,38,23,19,5,37,15,93,9,19,21,15,25,22,8,13,25,29,21,25,57,59,30,22,37,42,32,6,34,16,10,20,8,10,12,12,17,11,14,14,21,26,23,27,21,14,46,11,20,13,22,25,13,13,15,27,14,5,13,-20,47,36,7,53,27,34,27,41,14,12,26,34,25,28,35,27,34,46,37,92,57,32,10,36,36,109,30,7,26,18,37,57,34,42,60,34,31,61,58,13,38,16,107,38,50,44,36,25,27,13,26,12,12,17,9,17,22,15,22,14,13,13,12,7,13,5,13,14,13,23,22,15,20,20,11,21,15,15,11,18,17,14,12,9,19,20,14,15,5,10,21,14,25,18,13,9,18,25,18,20,15,15,14,17,15,16,15,10,18,12,17,13,14,20,10,13,22,12,19,20,15,10,20,7,21,12,13,18,17,19,14,14,12,17,10,12,28,19,18,-20,7,11,8,14,9,7,5,11,13,7,13,6,19,8,7,10,11,6,11,9,14,16,6,6,3,5,13,8,16,12,12,20,11,6,11,8,6,10,-20,11,11,23,12,8,9,9,16,15,12,12,14,15,6,11,5,8,18,6,12,23,9,18,13,17,7,10,10,20,16,14,19,12,12,14,5,13,13,19,14,13,27,11,12,16,33,26,6,19,13,10,22,12,16,7,4,6,11,-20,16,8,12,15,12,15,9,10,17,12,11,21,12,21,15,14,19,9,11,12,7,13,13,5,4,8,16,10,29,20,20,4,12,8,24,6,75,12,19,26,20,11,19,17,22,25,19,25,12,22,17,21,13,7,23,22,16,23,21,21,19,18,11,15,20,30,10,18,16,18,14,23,15,19,12,19,20,20,12,10,-20,17,5,8,12,4,18,9,8,23,8,8,7,4,15,18,15,4,15,-20,6,13,14,11,18,8,12,16,18,14,6,7,17,14,11,9,10,18,7,8,15,12,3,-20,3,5,-20,6,8,11,7,9,9,10,9,17,20,12,4,14,17,18,11,14,7,8,16,12,11,13,14,12,39,15,13,25,10,20,5,16,32,28,10,16,12,17,8,5,6,19,-20,3,4,14,11,12,10,10,11,7,10,8,10,3,5,15,13,16,12,16,4,35,21,43,4,6,12,13,13,27,9,7,23,6,21,5,40,8,7,7,5,6,29,5,8,6,14,22,5,9,6,40,-20,17,20,8,-20,31,9,4,7,4,5,5,5,21,8,7,5,21,10,-20,7,25,4,3,7,9,15,28,17,15,4,11,28,-20,42,16,19,15,10,23,19,19,30,29,59,47,136,212,115,42,58,45,55,40
"chr2,10357192",4,6,6,9,8,7,10,10,-20,6,-20,11,19,27,16,15,27,20,109,90,59,6,59,33,58,27,34,28,22,8,20,15,18,32,64,51,45,22,19,8,9,27,18,12,17,53,12,41,16,17,29,31,40,30,20,22,43,28,37,19,37,43,34,30,37,18,30,49,65,25,35,34,28,30,24,51,-20,9,15,14,8,16,16,9,8,35,31,65,45,15,12,32,34,23,24,30,13,48,5,30,26,31,7,10,38,37,-20,20,20,14,8,5,31,33,19,3,60,10,4,8,3,10,18,8,32,11,3,47,17,21,25,8,7,8,34,42,44,4,4,8,6,5,14,9,32,6,5,44,-20,7,9,34,24,39,31,18,10,28,126,21,4,7,9,12,6,14,-20,4,-20,18,86,93,31,23,23,50,37,26,33,104,43,28,37,12,26,20,6,46,26,24,7,84,8,16,17,26,21,25,31,22,23,14,37,34,68,27,58,155,26,18,70,24,31,63,24,24,75,24,34,9,18,28,28,26,29,25,22,17,24,37,43,27,50,58,12,28,24,38,33,27,33,24,28,38,27,41,15,12,42,26,31,40,13,12,19,36,23,20,42,36,31,39,52,22,31,24,19,27,45,28,18,77,19,26,51,19,33,72,35,81,34,24,13,33,12,46,15,15,18,15,15,23,16,27,117,84,81,12,-20,3,18,8,6,5,10,31,36,4,31,47,38,53,31,53,10,11,16,15,23,129,13,29,12,14,16,14,14,25,11,31,6,11,11,10,40,11,17,14,61,18,10,25,24,21,20,26,5,20,26,10,13,16,-20,29,27,7,8,14,28,18,9,22,9,14,8,24,13,14,9,23,12,19,14,83,6,10,12,70,8,9,16,9,12,23,18,23,18,19,13,14,10,29,15,17,12,-20,12,17,66,11,14,8,-20,13,21,15,12,21,17,10,21,9,11,24,23,11,9,12,14,7,5,11,13,13,10,26,19,11,28,27,16,9,156,18,5,13,-20,6,6,7,8,18,6,9,20,8,20,14,15,14,69,8,13,8,15,11,11,24,7,12,10,8,20,8,16,20,8,-20,24,15,3,16,15,7,25,8,9,14,53,35,24,16,12,7,5,27,16,13,11,11,14,13,16,6,32,14,6,30,4,12,16,9,5,8,49,11,22,13,31,10,16,19,10,19,35,44,50,61,11,52,43,4,7,61,39,8,5,46,12,17,23,21,44,-20,22,16,5,24,20,9,9,21,37,17,14,11,22,16,40,21,36,14,16,11,9,18,11,19,30,16,12,25,33,24,19,3,38,17,87,8,18,19,14,25,22,7,15,25,37,24,25,57,59,26,23,36,42,29,7,30,17,10,20,7,12,12,12,16,11,16,14,19,28,21,27,21,14,44,11,19,14,19,25,13,12,16,23,17,-20,15,-20,46,42,-20,55,28,35,26,41,15,16,28,33,28,31,34,28,31,44,37,102,55,30,7,39,42,100,27,9,32,19,37,58,34,39,58,27,31,58,64,13,30,18,106,38,52,44,40,25,29,13,26,-20,12,16,10,19,22,13,21,12,13,12,11,9,14,8,13,18,12,25,21,14,18,21,11,18,18,18,11,16,20,13,16,9,18,19,14,15,4,10,22,15,21,19,11,9,15,24,15,18,16,14,13,18,15,17,16,10,17,12,15,12,13,23,10,16,23,12,17,19,18,12,16,7,20,11,10,20,15,21,14,19,13,17,-20,12,30,17,19,-20,7,11,7,14,8,6,-20,11,14,8,11,8,18,-20,8,10,11,6,13,9,14,17,6,6,3,7,15,8,15,13,12,18,11,6,11,9,6,11,4,12,10,21,11,9,9,9,15,14,13,11,15,17,5,13,5,8,16,6,12,23,9,16,13,16,7,10,10,23,15,14,19,13,11,13,5,12,13,17,15,12,30,11,11,15,33,26,7,21,12,10,20,13,17,9,4,5,13,-20,14,8,12,19,14,18,9,10,17,9,10,22,11,22,15,13,22,9,11,13,-20,13,13,5,4,8,15,9,30,21,18,4,11,8,22,6,78,11,18,26,20,10,18,18,26,21,21,24,12,22,17,18,11,6,22,23,16,22,19,23,21,18,11,15,20,30,12,21,13,17,14,22,14,19,12,20,19,20,11,11,-20,15,5,7,14,4,19,8,11,23,7,6,7,3,16,16,14,3,16,11,6,14,14,12,17,8,12,15,18,14,5,7,17,13,11,8,10,20,7,5,17,12,2,-20,3,-20,-20,7,7,11,8,9,7,9,10,19,19,11,5,13,16,19,14,15,7,7,16,11,11,13,11,13,41,19,10,22,9,17,6,15,33,26,10,14,11,16,7,5,6,19,-20,3,4,12,11,11,10,14,13,7,12,8,13,4,5,14,12,16,10,16,3,33,22,46,5,5,11,14,14,27,9,-20,22,-20,20,4,43,6,9,7,4,6,29,5,6,6,12,24,4,-20,4,42,3,14,18,7,14,24,9,5,5,-20,4,5,5,20,9,8,6,21,11,-20,-20,25,6,3,6,7,15,28,17,14,4,16,22,-20,41,15,15,18,12,27,20,18,26,30,63,45,141,201,111,41,58,49,62,42
"chr2,10357193",4,6,6,9,8,7,10,10,7,6,-20,11,20,27,16,16,27,20,109,90,61,6,58,33,58,27,33,28,22,8,19,15,18,32,64,52,45,23,19,8,9,27,18,14,17,54,12,41,17,18,30,29,41,30,22,22,44,28,37,20,37,43,34,29,36,18,31,51,65,25,35,35,28,31,24,51,9,9,16,14,8,17,16,9,8,34,30,63,45,15,12,32,34,24,25,31,13,48,5,30,25,32,-20,10,38,36,-20,20,22,14,8,5,32,36,19,3,58,10,4,8,3,10,18,8,32,11,3,47,17,21,25,8,7,8,33,41,44,4,4,8,6,5,14,-20,31,6,5,44,10,7,9,35,23,41,30,18,11,28,126,21,4,7,9,11,6,-20,-20,4,-20,18,85,93,32,23,26,49,35,26,34,104,42,26,40,11,26,20,6,44,25,19,7,88,8,15,19,25,23,25,31,22,23,14,37,35,68,27,58,152,29,17,72,24,31,61,23,23,75,24,34,10,18,28,27,27,29,26,22,19,25,39,43,26,51,58,12,28,23,38,34,27,33,24,28,39,27,43,15,13,42,25,31,40,13,12,20,35,23,23,45,39,29,44,51,21,32,24,21,28,44,29,18,77,18,26,51,19,33,73,36,79,34,24,14,33,12,46,15,14,19,15,16,23,16,27,115,80,86,11,10,3,19,8,6,5,10,32,36,4,31,46,38,54,31,53,9,9,16,16,23,129,13,27,12,13,16,14,14,27,11,31,6,10,11,-20,41,11,17,15,61,18,-20,25,25,21,20,26,5,20,26,-20,13,14,5,29,27,7,8,14,28,17,8,22,9,14,9,22,13,14,9,24,12,18,14,82,6,9,12,68,8,11,16,9,12,23,18,23,18,19,12,13,10,29,16,17,11,10,12,17,66,11,14,8,-20,13,20,15,12,21,16,10,21,9,11,24,23,11,9,12,15,6,6,12,12,13,12,27,19,11,28,29,16,9,159,18,6,12,4,6,6,7,8,18,6,9,18,8,20,14,15,13,71,7,12,8,14,11,11,24,8,12,10,8,20,8,16,21,8,4,24,16,3,16,15,7,23,8,9,14,51,35,24,16,11,7,5,26,16,13,10,12,15,13,16,6,32,14,6,30,4,12,16,9,5,8,47,11,21,13,27,11,15,21,10,18,36,42,49,63,10,52,42,4,7,61,40,8,5,44,12,17,23,21,45,8,24,16,5,24,21,-20,9,20,37,17,13,11,22,16,40,22,36,13,16,11,8,18,11,19,30,15,14,24,32,23,19,3,39,17,88,8,18,17,14,25,20,7,15,26,38,24,25,56,56,24,24,36,42,29,7,30,17,10,20,7,12,12,12,15,11,16,14,19,28,21,27,21,14,45,11,19,14,19,25,13,12,16,23,18,-20,15,-20,48,41,10,55,28,36,28,38,15,17,29,32,29,31,34,28,30,44,38,101,55,32,7,40,42,103,25,9,31,17,38,60,36,39,57,27,30,58,64,14,30,16,103,36,54,46,39,20,27,12,26,11,12,17,10,19,22,13,20,11,13,12,11,9,14,8,13,16,12,25,20,14,18,22,11,18,18,17,11,17,19,13,16,9,17,20,14,15,4,10,22,16,21,19,10,9,16,24,15,18,16,14,13,18,15,17,15,10,17,12,16,12,13,23,10,16,23,12,17,21,18,12,16,7,20,11,10,20,15,19,13,18,13,17,9,12,30,16,19,-20,7,11,7,14,8,6,-20,11,14,8,11,8,19,8,8,10,11,6,13,9,14,17,6,6,3,-20,15,8,15,13,12,18,11,6,11,9,6,11,4,12,10,21,11,9,9,9,15,14,13,11,15,16,5,13,-20,8,16,7,12,23,9,17,13,16,7,10,10,23,15,14,19,13,11,13,5,12,13,17,15,11,30,11,11,15,33,26,7,20,12,10,20,13,17,9,4,-20,14,-20,15,8,13,19,13,17,9,10,-20,9,10,22,11,22,15,12,22,9,11,13,7,13,13,5,4,8,-20,9,30,20,18,4,11,8,23,6,78,11,18,25,20,10,18,18,26,20,21,23,12,22,16,18,10,6,21,23,16,22,18,23,21,18,11,15,20,30,11,21,13,16,14,22,14,19,12,20,19,20,11,11,-20,15,5,7,14,4,19,8,11,23,7,6,7,3,16,16,14,3,16,11,6,14,14,12,17,8,12,15,18,14,5,7,17,13,11,8,10,20,7,5,17,12,2,-20,3,-20,-20,7,7,11,8,9,7,9,10,19,19,11,5,13,16,19,14,15,8,7,16,11,11,13,11,13,41,19,10,22,8,17,6,15,33,26,10,14,11,16,7,4,6,19,-20,3,4,12,11,11,10,14,13,7,12,8,13,4,5,14,12,16,10,18,2,33,22,46,4,4,10,12,15,27,10,7,25,7,21,-20,41,6,9,6,4,6,28,4,9,5,9,25,4,7,4,40,-20,17,23,7,15,27,9,5,5,3,-20,5,5,19,11,8,6,20,12,-20,-20,26,6,3,7,8,13,26,17,11,4,18,24,-20,40,15,15,18,11,27,21,18,26,30,63,45,141,201,111,41,59,49,60,44
"chr2,10357200",4,7,5,13,8,9,7,10,7,6,-20,12,20,24,17,15,26,20,118,94,59,7,61,33,58,33,31,27,20,7,20,13,15,29,63,54,45,23,21,9,9,31,23,17,19,50,11,47,17,18,29,29,40,28,20,20,47,27,37,21,36,44,35,28,33,22,32,50,66,23,38,33,27,33,29,53,10,10,15,15,9,17,18,11,9,32,28,57,45,17,12,32,34,26,25,28,15,49,5,31,28,35,7,10,38,40,4,23,23,14,7,6,34,37,21,4,58,10,4,10,3,10,18,9,33,12,3,49,17,20,25,8,7,9,35,39,47,4,4,6,7,4,16,10,35,7,5,45,12,7,10,28,28,43,31,19,10,25,123,21,4,6,10,12,7,15,7,5,5,21,83,97,29,22,26,46,23,22,33,103,41,27,36,14,25,19,6,40,21,19,12,89,9,14,22,23,20,22,30,31,25,12,37,31,68,27,56,155,31,17,77,25,34,56,21,20,77,27,36,12,21,30,26,28,25,25,23,31,30,44,40,25,53,52,12,28,22,35,32,24,28,23,25,37,26,40,22,8,50,30,28,38,13,13,16,37,24,22,41,38,26,41,46,21,34,20,20,26,42,27,21,80,20,25,47,17,33,64,38,73,28,22,11,35,13,44,16,12,17,19,15,22,12,25,107,70,89,10,11,6,17,8,7,6,10,30,34,4,36,48,37,57,32,51,10,11,15,17,23,130,13,30,13,13,12,12,11,24,11,29,8,10,10,12,42,14,19,14,57,20,12,27,30,21,22,24,5,17,26,9,13,14,5,28,26,10,9,15,29,17,9,23,9,15,8,22,16,16,10,25,13,18,13,82,8,8,13,65,9,10,15,9,13,24,16,26,19,22,11,12,12,29,16,17,11,9,12,17,66,12,13,8,3,16,19,14,15,26,15,10,23,9,11,24,22,11,11,12,14,8,6,12,11,12,11,24,18,13,28,28,17,10,160,20,6,11,7,6,7,5,6,20,-20,10,15,8,21,14,16,14,75,7,11,9,15,11,12,28,10,12,11,10,17,8,21,20,10,6,27,18,-20,18,15,6,23,9,9,13,61,34,23,16,13,8,5,26,15,15,11,16,16,16,20,6,32,16,7,30,4,14,16,9,5,9,45,11,24,15,23,14,15,20,10,19,39,39,47,62,10,54,45,5,7,63,45,8,6,42,11,16,26,22,48,12,25,19,7,22,23,8,9,21,37,16,13,13,20,18,39,20,37,14,15,9,12,17,11,20,27,14,15,28,30,23,19,4,42,18,95,8,18,17,15,27,21,-20,15,30,38,25,21,57,58,28,22,36,43,31,7,33,15,10,22,8,13,12,15,14,12,17,16,19,29,21,27,21,15,46,12,18,16,18,22,14,15,15,22,16,5,16,-20,40,38,13,56,30,34,29,40,13,18,29,32,33,32,33,29,30,37,35,96,52,29,7,46,43,103,23,8,29,18,36,62,35,38,52,26,32,58,67,11,31,14,105,41,53,46,45,26,25,13,26,11,12,16,11,17,22,15,20,10,14,13,11,9,14,10,12,19,13,30,19,15,19,24,11,17,19,19,13,18,20,13,16,9,20,21,12,16,4,13,23,20,19,20,12,9,19,25,15,18,15,16,14,19,15,19,15,-20,17,12,16,12,13,21,12,15,23,12,14,21,20,16,16,7,22,11,12,19,13,21,13,21,12,16,-20,12,31,16,20,7,7,10,7,12,7,7,3,10,16,8,12,8,18,-20,10,12,12,6,13,7,15,17,8,5,3,8,17,8,15,-20,13,20,14,7,12,8,6,11,6,11,10,19,10,10,8,9,14,15,13,-20,15,17,6,14,5,9,15,6,13,22,11,18,15,16,6,9,10,24,15,16,20,16,11,12,5,13,15,17,12,13,30,12,10,12,31,24,6,19,12,10,22,15,14,9,5,7,14,-20,16,8,13,22,15,18,9,10,18,10,9,23,10,19,18,13,21,11,12,14,6,15,13,5,7,10,14,9,30,20,18,4,12,6,21,5,76,10,19,28,18,11,21,-20,24,19,16,22,11,23,20,22,10,5,20,24,15,23,19,25,21,21,10,18,20,32,12,23,10,17,16,23,14,21,13,19,22,19,11,11,-20,16,6,7,14,5,22,9,10,25,13,6,6,3,17,17,16,4,18,9,7,16,17,14,15,8,10,17,17,16,5,10,19,15,12,12,7,20,9,6,17,19,2,-20,3,3,3,6,7,9,10,10,7,8,9,19,20,12,8,12,18,18,16,14,11,7,17,13,13,13,12,15,42,20,11,22,9,17,6,13,31,26,11,13,12,15,6,4,7,17,-20,3,4,11,14,12,11,14,13,7,12,9,13,5,6,18,12,17,11,17,4,32,21,44,4,5,-20,14,12,19,10,5,25,6,25,6,39,5,7,8,-20,5,26,-20,7,2,9,28,4,11,4,32,4,18,25,6,14,29,9,5,7,-20,-20,6,4,20,13,8,7,14,9,-20,-20,28,7,2,8,11,13,26,-20,14,2,14,27,5,37,18,-20,20,12,23,21,18,25,30,59,40,137,200,100,39,59,49,63,47
"chr2,10357201",4,7,5,13,8,9,7,10,7,6,-20,12,21,24,17,15,26,20,117,95,57,7,62,34,58,34,30,28,19,7,20,13,15,29,65,54,46,23,22,9,9,30,23,17,18,50,-20,46,18,18,29,29,38,28,22,20,50,27,37,20,37,44,35,28,33,23,30,50,66,23,39,33,27,33,29,52,10,10,16,15,9,17,18,11,9,34,29,61,45,17,12,32,34,26,25,28,15,50,5,32,30,35,7,10,39,39,4,23,23,14,7,6,32,37,21,4,60,10,4,10,3,10,18,9,34,12,3,50,18,20,24,8,7,9,35,39,47,4,4,5,8,4,16,10,36,7,5,45,12,7,10,26,28,43,32,20,12,25,121,21,4,6,10,12,7,15,7,5,5,21,84,97,29,22,25,46,23,22,33,102,43,27,35,14,22,19,6,40,21,18,13,87,9,15,22,22,20,22,31,31,24,12,36,30,69,27,56,155,31,19,76,24,32,55,21,20,77,26,36,13,21,29,28,28,26,25,23,31,30,44,40,26,55,52,12,28,21,35,32,24,28,23,23,34,27,41,22,8,50,31,29,37,12,13,16,34,25,22,40,38,25,41,46,22,33,20,18,22,43,27,21,72,20,24,47,17,33,64,38,72,27,20,11,36,14,45,16,12,18,19,15,22,11,26,106,70,89,11,10,6,-20,8,7,6,10,29,34,4,36,47,38,59,32,48,10,12,15,17,23,130,13,28,13,12,12,12,11,25,11,28,8,10,9,11,43,14,19,14,61,22,12,27,30,21,22,24,4,18,26,9,12,14,5,28,27,10,9,15,29,17,9,24,10,15,8,20,15,16,10,24,13,18,13,82,8,8,13,65,10,10,16,9,14,24,16,26,19,21,12,12,12,29,16,17,11,9,12,17,66,11,13,8,3,16,19,13,16,25,14,10,23,9,11,25,22,11,11,11,13,8,6,11,11,12,11,23,17,13,28,27,17,10,163,20,7,10,7,6,-20,5,6,20,-20,11,15,8,20,14,16,14,74,7,11,9,16,11,13,30,9,12,11,10,17,8,21,20,10,6,27,19,-20,18,15,6,22,9,9,14,62,35,24,17,14,8,5,26,15,15,11,17,16,16,19,5,32,16,8,30,4,14,16,9,-20,9,45,11,24,15,23,14,15,21,10,19,37,39,47,61,10,56,47,5,7,63,44,8,6,42,11,16,27,22,46,12,26,17,7,21,24,8,10,22,38,16,13,14,20,18,37,22,38,13,16,9,12,17,11,21,26,15,16,27,30,22,18,4,42,18,92,8,17,17,16,27,24,8,15,31,37,26,21,57,56,28,22,35,41,31,7,34,15,10,21,8,13,12,15,14,12,17,16,18,29,21,27,21,15,46,12,18,16,18,22,14,15,15,23,16,5,16,-20,40,38,12,54,29,34,30,39,14,19,29,33,35,33,33,27,30,37,34,98,52,29,7,46,43,106,28,8,29,17,35,61,35,38,53,26,33,59,68,11,30,17,106,41,51,46,45,26,25,13,27,11,12,16,12,17,22,15,20,10,15,12,11,9,13,11,12,19,13,32,19,15,19,24,11,17,19,19,13,18,20,13,17,9,20,21,12,16,4,12,23,20,20,20,12,9,19,26,15,18,15,16,14,20,15,19,16,10,17,12,17,12,13,21,12,15,23,11,15,21,20,16,16,7,22,11,12,19,14,21,13,21,12,17,-20,11,30,15,21,7,7,10,7,12,7,7,2,9,17,8,12,8,18,-20,10,12,12,6,14,7,15,16,8,5,3,8,17,8,15,10,13,20,14,7,12,8,6,11,6,11,10,19,10,10,-20,9,13,15,14,10,15,17,6,14,5,9,15,6,13,25,11,19,16,16,6,9,10,25,16,16,20,16,11,13,5,13,16,17,12,13,30,12,10,12,31,24,6,19,12,10,22,15,14,10,5,7,14,-20,15,8,13,22,14,18,9,10,18,10,9,23,10,20,18,13,21,10,11,14,7,15,13,5,7,10,14,9,31,19,18,-20,12,6,20,5,75,10,19,28,18,11,21,19,24,20,16,22,12,23,19,22,10,5,20,24,15,24,20,25,21,21,10,18,20,32,12,23,10,18,16,23,14,21,13,19,22,18,11,11,-20,16,6,7,14,5,22,9,10,25,13,6,6,3,18,17,16,4,18,8,7,16,17,14,15,8,10,17,17,16,5,10,19,15,12,12,8,20,-20,6,17,19,2,3,3,3,3,6,7,9,10,10,7,8,9,19,21,12,8,14,18,19,16,14,11,7,17,13,13,13,12,15,42,20,11,22,-20,17,6,13,31,26,11,13,12,15,6,4,7,17,-20,3,4,11,14,13,10,14,13,7,13,10,13,5,6,18,12,17,11,18,3,31,25,44,5,4,9,17,13,21,11,5,25,6,23,5,34,5,8,8,-20,5,24,-20,8,3,10,26,4,13,3,33,-20,17,27,5,17,31,10,5,9,-20,-20,5,6,21,12,7,5,15,10,-20,-20,29,8,2,8,9,11,26,16,11,-20,14,27,5,35,22,15,20,13,23,22,18,24,29,62,42,137,201,100,39,57,49,64,46
"chr2,10357204",4,7,5,12,8,9,6,11,7,6,-20,12,22,23,17,15,25,19,120,98,56,9,60,36,60,34,32,28,20,7,20,11,14,29,67,55,48,21,18,9,10,30,23,22,19,51,-20,46,16,19,31,30,40,28,22,19,51,27,39,22,37,45,34,27,33,26,31,52,66,21,43,35,26,34,29,52,-20,11,18,16,11,17,19,12,9,33,28,59,45,21,12,33,33,26,23,27,15,48,5,33,26,35,7,10,40,44,4,23,24,14,6,6,35,38,21,4,57,9,3,10,5,10,18,9,31,11,3,51,17,20,25,8,7,10,38,40,48,4,4,5,8,4,16,10,37,7,5,47,12,7,11,26,30,40,33,18,11,25,123,19,4,6,10,12,7,15,8,5,4,21,81,89,26,24,27,47,25,22,31,102,43,26,34,14,26,19,7,36,21,14,13,92,9,14,22,21,20,24,33,35,23,13,37,27,64,28,54,162,28,19,74,25,30,56,20,18,73,26,33,13,21,27,29,27,26,25,24,31,32,42,40,25,54,57,13,31,21,32,31,22,28,22,24,34,26,38,22,10,51,30,34,39,14,14,16,36,24,20,38,38,25,41,46,22,31,20,19,23,44,27,20,73,20,24,48,19,33,59,39,75,27,22,11,36,14,50,16,12,18,17,13,24,11,26,102,73,90,11,9,6,18,8,7,6,10,32,36,4,37,50,37,56,32,51,10,11,15,17,23,136,13,29,13,12,9,12,9,33,11,26,8,11,8,11,43,15,18,15,59,20,12,27,29,20,21,25,4,19,27,9,10,12,6,28,24,10,9,14,32,17,10,24,10,16,9,20,16,16,9,24,13,17,13,85,9,9,13,66,10,10,15,9,13,23,16,24,20,20,12,14,13,27,16,17,12,10,11,17,72,11,13,8,3,16,21,17,16,25,16,9,22,-20,11,26,22,11,11,12,13,8,7,12,12,12,11,25,19,12,29,27,19,10,167,21,8,9,8,6,8,5,7,19,7,10,16,8,18,15,17,14,75,8,12,10,15,11,13,28,9,12,11,11,17,8,19,20,10,7,27,19,-20,16,15,7,23,9,10,13,62,31,25,17,15,9,6,24,15,17,11,18,16,16,21,6,32,11,7,29,5,13,17,8,5,10,47,12,24,15,28,15,15,21,9,17,37,40,43,60,10,56,47,5,6,62,44,7,6,42,11,19,26,21,46,11,26,18,9,20,24,7,11,23,37,16,15,14,18,18,35,20,36,14,16,9,12,17,11,23,25,12,16,28,28,21,19,5,40,19,90,10,17,17,17,27,21,9,15,31,37,27,22,58,57,29,25,36,41,31,7,34,14,10,22,8,12,12,15,13,13,19,17,19,29,22,27,21,16,46,14,17,16,16,21,14,17,14,23,16,6,15,-20,42,39,12,56,31,34,30,42,15,18,28,36,36,32,31,27,28,37,35,95,55,33,8,52,44,108,27,8,27,21,33,65,34,35,55,26,33,57,79,12,32,19,107,46,49,45,46,31,28,15,27,10,13,16,11,18,22,15,20,10,15,13,11,10,14,11,13,19,12,31,17,15,19,23,10,17,19,20,13,17,20,13,18,10,21,21,12,16,4,12,22,20,19,20,11,8,19,26,15,18,14,16,14,19,15,19,16,10,19,10,18,13,16,20,12,15,23,11,16,19,20,16,16,7,22,11,12,19,15,21,12,19,11,17,10,12,30,12,20,7,7,10,7,11,6,7,2,9,17,6,12,9,18,6,10,13,13,7,13,7,15,17,8,5,3,8,17,8,16,11,14,20,14,8,12,8,6,10,6,12,10,17,10,10,8,10,13,16,13,10,13,17,6,14,5,9,15,6,12,26,12,20,16,14,7,10,10,26,14,15,21,14,11,13,5,14,13,17,12,13,29,12,9,12,31,24,7,19,12,10,21,15,13,11,5,7,12,-20,14,8,13,24,15,19,9,10,20,-20,9,21,10,20,18,14,22,9,12,14,-20,15,12,5,7,10,14,10,28,20,18,-20,13,6,22,5,74,11,19,28,18,12,23,20,24,20,15,24,12,24,19,23,10,5,20,23,16,24,18,27,20,20,10,18,19,32,12,23,9,20,17,22,12,22,14,20,23,17,11,12,-20,16,6,6,12,6,24,11,9,26,12,6,6,3,16,17,16,5,18,8,8,16,17,13,17,8,11,17,18,17,5,10,18,15,13,12,10,19,8,6,17,18,-20,3,4,3,3,6,7,9,11,10,8,8,9,19,21,12,8,14,19,20,16,14,11,7,17,13,12,13,11,16,44,20,11,20,9,18,5,13,31,26,11,13,11,15,6,5,8,15,-20,3,4,11,14,13,10,14,12,7,13,10,13,5,6,17,12,17,11,15,3,29,25,45,5,4,8,17,12,24,10,5,28,4,23,7,38,3,5,7,-20,3,26,9,8,4,10,27,-20,14,-20,35,5,23,24,7,12,30,11,6,8,6,7,5,6,20,15,8,7,14,9,-20,-20,30,8,-20,9,9,12,32,19,15,3,17,30,5,39,24,16,19,13,25,22,18,25,31,60,44,145,180,111,41,57,49,63,49
"chr2,10357210",-20,8,5,13,7,10,9,12,7,7,3,11,24,26,16,17,28,18,121,96,60,10,56,34,65,36,31,32,22,7,20,12,16,27,64,53,44,20,19,12,10,40,22,22,16,48,8,42,17,21,28,32,38,30,22,22,53,29,38,24,39,43,37,27,31,24,29,52,65,20,41,35,23,34,33,54,11,10,20,17,12,17,19,12,8,39,25,59,45,22,11,34,32,25,22,25,17,56,6,33,29,35,8,10,37,43,4,23,30,14,7,5,33,39,21,5,60,9,3,10,7,11,19,10,32,11,-20,48,20,20,27,10,6,11,37,37,49,8,5,-20,9,4,15,13,30,7,5,48,12,6,11,28,36,39,35,16,15,27,128,21,6,7,10,12,6,15,9,6,5,21,89,87,27,25,24,42,27,20,33,104,43,23,35,11,27,14,8,34,26,11,13,98,11,13,22,21,18,24,36,34,20,13,47,27,62,26,51,154,28,19,75,26,33,51,19,16,90,23,33,13,18,28,34,31,26,27,23,46,30,40,40,27,56,60,14,31,22,30,28,23,29,21,22,37,27,39,24,16,52,35,38,39,14,12,14,39,25,21,40,38,23,44,41,24,29,19,16,23,43,27,19,71,21,25,46,22,32,57,35,70,26,23,10,39,13,52,19,13,14,17,14,24,13,27,88,73,96,14,11,7,19,8,8,6,10,33,30,4,41,49,35,57,33,-20,10,13,13,15,25,141,15,28,16,13,6,11,10,31,11,27,8,13,8,12,39,16,20,18,61,21,13,29,28,20,22,27,6,19,28,9,11,11,5,29,20,9,11,13,26,17,10,24,14,20,8,18,18,15,-20,23,14,18,12,80,9,-20,12,68,9,10,16,10,12,22,14,27,18,18,13,13,13,23,16,18,13,10,12,18,69,9,11,8,4,15,21,13,15,25,19,12,22,10,10,27,23,11,11,13,12,9,9,12,13,11,11,24,12,13,31,29,20,12,162,20,11,8,9,7,-20,7,8,18,9,10,17,9,17,18,19,13,79,8,13,12,14,12,15,31,9,14,12,11,19,9,16,19,10,7,24,19,-20,16,14,6,25,8,11,12,63,32,27,17,14,8,5,25,16,16,11,16,14,15,23,7,31,11,7,30,6,13,17,9,5,10,48,12,24,15,25,17,15,19,9,17,34,39,46,53,13,54,48,6,9,61,44,4,4,40,12,20,30,20,46,12,29,15,7,22,23,-20,10,23,38,17,16,12,18,19,33,18,37,14,14,7,14,17,11,20,28,11,18,30,27,20,18,6,49,17,87,10,19,16,18,26,18,8,15,33,34,25,21,55,54,30,25,37,33,35,6,33,14,9,24,8,13,12,14,14,16,19,17,20,29,22,29,21,14,47,16,16,14,16,22,13,21,17,26,17,6,17,6,41,46,12,56,31,39,30,45,16,22,25,40,38,35,29,30,28,33,34,100,55,34,9,57,39,105,27,10,30,23,33,72,37,34,52,27,35,53,79,14,35,15,101,43,50,43,51,35,25,15,27,10,13,18,15,16,23,15,18,10,14,12,11,12,14,11,14,22,10,31,22,15,21,25,11,18,20,18,16,14,19,10,19,9,21,21,12,16,5,12,23,21,21,20,10,14,19,26,17,19,13,14,14,20,13,19,15,11,18,13,16,13,18,20,12,17,22,11,18,18,20,16,16,7,22,11,12,19,17,22,-20,21,13,17,9,12,30,13,22,-20,8,9,-20,-20,6,7,-20,10,17,8,14,9,19,6,9,13,14,7,12,8,15,16,9,3,3,9,20,-20,19,11,14,23,13,10,13,8,6,12,-20,12,9,16,11,10,9,-20,14,18,14,11,15,18,7,12,7,10,16,6,14,24,14,19,17,14,7,12,10,25,15,14,19,15,11,14,-20,13,15,16,14,12,33,14,12,14,32,24,10,20,12,9,23,15,12,10,6,8,11,-20,14,7,13,26,16,20,10,11,18,10,12,19,12,19,21,14,22,10,11,16,8,13,11,7,7,13,15,10,28,19,18,-20,12,7,24,5,76,12,20,29,18,15,26,20,27,22,15,22,11,23,18,22,11,5,20,22,16,22,19,27,23,21,9,16,23,34,12,25,8,20,19,23,11,25,14,21,24,20,12,13,3,19,8,7,12,-20,24,12,10,29,12,7,7,3,18,17,18,5,17,9,7,-20,16,14,18,9,13,20,20,18,5,10,20,16,14,12,15,22,8,6,17,20,3,3,5,3,3,5,8,10,11,10,7,8,9,19,20,15,7,15,21,20,16,15,10,8,19,13,12,14,12,17,45,23,11,-20,12,18,6,14,33,26,12,13,13,15,7,7,9,16,-20,3,5,9,15,12,12,16,11,6,12,10,14,5,6,17,13,19,10,15,3,31,30,46,4,4,9,16,15,22,10,4,27,4,21,5,35,-20,4,5,-20,-20,30,7,8,4,7,29,5,13,-20,31,5,20,27,5,11,27,9,3,7,5,6,6,5,20,13,7,7,14,10,-20,6,30,7,-20,8,8,11,28,16,11,3,9,27,6,36,26,18,19,14,24,22,20,24,30,61,45,126,207,111,42,59,52,64,51
