"chr,position",88,108,139,159,265,350,351,403,410,424,428,430,470,476,484,504,506,531,544,546,628,630,680,681,685,687,728,742,763,765,766,768,772,801,853,854,867,868,870,915,932,991,992,997,1002,1006,1061,1062,1063,1066,1070,1158,1166,1254,1257,1313,1317,1552,1612,1622,1651,1652,1676,1684,1739,1741,1756,1757,1793,1797,1819,1820,1829,1834,1835,1851,1852,1853,1872,1890,1925,1942,1943,1954,2016,2017,2031,2053,2057,2081,2091,2106,2108,2141,2159,2166,2171,2191,2202,2212,2239,2240,2276,2278,2285,2286,2317,2370,2412,4779,4807,4826,4840,4857,4884,4900,4939,4958,5023,5104,5151,5165,5210,5236,5249,5253,5276,5279,5349,5353,5395,5486,5577,5644,5651,5717,5718,5720,5726,5741,5748,5757,5768,5772,5776,5779,5784,5798,5800,5811,5822,5830,5831,5832,5836,5837,5856,5860,5865,5867,5874,5890,5893,5907,5921,5950,5984,5993,6008,6009,6010,6011,6012,6013,6016,6017,6019,6020,6021,6022,6023,6024,6025,6030,6034,6035,6036,6038,6039,6040,6041,6042,6043,6046,6064,6069,6070,6071,6073,6074,6076,6077,6085,6086,6087,6088,6090,6091,6092,6094,6095,6096,6097,6098,6099,6100,6101,6102,6104,6105,6106,6107,6108,6109,6111,6112,6113,6114,6115,6118,6119,6122,6123,6124,6125,6126,6128,6131,6132,6133,6134,6136,6137,6138,6140,6141,6142,6145,6148,6149,6150,6151,6153,6154,6163,6166,6169,6172,6173,6174,6177,6180,6184,6188,6189,6191,6192,6193,6194,6195,6198,6201,6202,6203,6209,6210,6214,6216,6217,6218,6220,6221,6231,6235,6237,6238,6240,6241,6242,6243,6244,6252,6255,6258,6268,6276,6284,6296,6390,6396,6413,6424,6434,6445,6680,6739,6740,6744,6749,6750,6805,6806,6814,6830,6897,6898,6900,6901,6903,6904,6907,6908,6909,6911,6913,6915,6917,6918,6919,6920,6922,6923,6924,6926,6927,6929,6931,6932,6933,6938,6940,6943,6944,6945,6951,6956,6957,6958,6959,6960,6961,6963,6966,6967,6968,6969,6970,6971,6973,6974,6975,6976,6979,6981,6982,6984,6986,6987,6989,6990,6992,6997,7000,7002,7003,7008,7013,7014,7025,7026,7028,7031,7033,7036,7058,7061,7062,7063,7064,7067,7068,7071,7072,7077,7081,7092,7094,7096,7102,7103,7106,7107,7109,7111,7117,7119,7120,7125,7126,7127,7130,7133,7138,7143,7147,7158,7160,7161,7162,7163,7164,7165,7169,7177,7181,7183,7186,7192,7199,7202,7203,7207,7208,7209,7213,7217,7218,7223,7231,7236,7244,7248,7250,7255,7258,7268,7273,7276,7280,7282,7287,7288,7296,7298,7305,7306,7307,7314,7316,7319,7320,7322,7323,7327,7328,7332,7333,7337,7342,7343,7344,7346,7347,7349,7350,7353,7354,7356,7358,7359,7372,7373,7377,7378,7382,7383,7384,7387,7394,7396,7404,7411,7413,7415,7416,7417,7418,7419,7424,7427,7430,7460,7461,7471,7475,7477,7514,7515,7516,7517,7520,7521,7523,7525,7529,7530,7566,7568,7717,7757,7767,7917,7947,8037,8057,8077,8132,8171,8214,8222,8227,8230,8231,8233,8234,8235,8236,8237,8238,8239,8240,8241,8242,8243,8244,8246,8247,8249,8256,8258,8259,8264,8283,8284,8285,8290,8297,8306,8307,8311,8312,8326,8334,8335,8337,8343,8351,8354,8357,8365,8366,8369,8376,8386,8387,8419,8420,8422,8424,8426,8427,8464,8483,8699,8723,9027,9057,9058,9067,9069,9070,9075,9078,9079,9081,9084,9085,9089,9091,9095,9099,9100,9102,9103,9104,9105,9106,9111,9113,9114,9115,9121,9125,9128,9130,9131,9133,9134,9298,9312,9314,9321,9323,9332,9336,9339,9343,9352,9353,9363,9369,9370,9371,9380,9381,9382,9383,9386,9388,9390,9391,9392,9394,9395,9399,9402,9404,9405,9407,9408,9409,9412,9413,9416,9421,9427,9433,9436,9437,9442,9450,9451,9452,9453,9454,9455,9470,9471,9476,9481,9503,9506,9507,9508,9509,9510,9511,9512,9513,9514,9515,9517,9518,9519,9520,9521,9522,9523,9524,9525,9526,9527,9528,9529,9530,9531,9532,9533,9534,9535,9536,9537,9539,9540,9541,9542,9543,9544,9545,9546,9547,9548,9549,9550,9551,9552,9553,9554,9555,9556,9557,9558,9559,9560,9561,9562,9564,9565,9567,9568,9569,9571,9573,9574,9576,9577,9578,9579,9581,9582,9583,9584,9585,9586,9587,9588,9589,9590,9591,9592,9593,9594,9595,9596,9597,9598,9599,9600,9601,9602,9606,9607,9608,9609,9610,9611,9612,9613,9615,9616,9617,9619,9620,9621,9622,9624,9625,9626,9627,9628,9629,9630,9631,9632,9633,9634,9635,9636,9637,9638,9639,9640,9641,9642,9643,9644,9645,9646,9647,9648,9649,9651,9653,9655,9656,9657,9658,9659,9660,9661,9663,9664,9665,9666,9667,9668,9669,9670,9671,9672,9673,9676,9677,9678,9679,9680,9681,9682,9683,9684,9685,9686,9687,9689,9690,9691,9692,9693,9694,9695,9696,9697,9698,9699,9700,9701,9703,9704,9705,9706,9707,9708,9709,9710,9711,9712,9713,9714,9716,9717,9718,9719,9720,9721,9722,9723,9725,9726,9727,9728,9729,9730,9731,9732,9733,9735,9736,9737,9738,9739,9741,9743,9744,9745,9747,9748,9749,9754,9755,9756,9757,9758,9759,9761,9762,9764,9766,9768,9769,9770,9771,9772,9774,9775,9776,9777,9778,9779,9780,9781,9782,9783,9784,9785,9786,9787,9788,9789,9790,9791,9792,9793,9794,9795,9796,9797,9798,9799,9800,9801,9802,9803,9804,9805,9806,9807,9808,9809,9810,9811,9812,9813,9814,9815,9816,9817,9819,9820,9821,9822,9823,9824,9825,9826,9827,9828,9830,9831,9832,9833,9834,9835,9836,9837,9838,9839,9840,9841,9843,9844,9845,9846,9847,9848,9849,9850,9851,9852,9853,9854,9855,9856,9857,9858,9859,9860,9861,9862,9864,9866,9867,9868,9869,9870,9871,9873,9874,9875,9876,9877,9878,9879,9880,9881,9882,9883,9885,9886,9887,9888,9890,9891,9892,9894,9895,9897,9898,9899,9900,9901,9902,9903,9904,9905,9906,9908,9909,9910,9911,9912,9914,9915,9917,9918,9920,9921,9924,9925,9926,9927,9928,9929,9930,9932,9933,9935,9937,9938,9939,9941,9942,9943,9944,9945,9946,9947,9948,9949,9950,9951,9952,9953,9955,9956,9957,9958,9959,9960,9962,9963,9964,9965,9966,9968,9969,9970,9971,9972,9973,9974,9975,9976,9978,9979,9980,9981,9982,9983,9984,9985,9986,9987,9988,9990,9991,9993,9995,9996,9997,9998,9999,10001,10002,10004,10005,10006,10008,10009,10010,10011,10012,10013,10014,10015,10017,10018,10020,10022,10023,10027,14312,14313,14314,14315,14318,14319,15560,15591,15592,15593,18694,18696,19949,19950,19951
"chr5,10943903",-20,8,5,4,9,5,7,7,10,-20,7,11,54,38,41,39,48,33,62,57,54,4,61,37,63,34,35,57,10,-20,8,4,6,10,64,59,37,25,22,10,11,45,8,16,17,54,16,66,15,20,14,34,55,20,48,27,41,53,31,35,39,34,29,27,30,37,27,51,51,19,33,31,18,31,37,38,24,-20,12,18,10,24,24,8,15,36,31,73,28,17,36,44,42,38,43,38,13,58,9,48,21,32,-20,6,21,44,-20,40,53,7,16,-20,39,38,10,-20,49,7,4,4,6,3,8,-20,63,8,4,59,7,14,28,4,11,5,35,56,50,3,4,9,5,4,-20,5,49,11,-20,39,4,5,5,12,18,17,48,-20,-20,14,36,13,7,-20,4,7,3,10,5,3,6,6,27,67,27,6,11,40,11,12,19,79,9,4,9,-20,16,-20,9,22,3,5,10,7,-20,3,5,13,-20,-20,21,16,9,18,16,25,22,10,15,43,3,42,52,24,27,12,10,13,33,15,13,21,8,11,9,58,10,11,4,8,42,18,48,55,43,21,9,10,11,11,23,11,30,18,10,11,9,40,14,17,19,27,7,14,14,17,19,12,16,-20,19,11,7,11,27,14,15,21,14,12,30,29,11,43,11,38,24,18,59,50,28,37,13,21,-20,-20,-20,-20,-20,-20,7,8,3,29,5,13,41,36,38,4,4,5,41,4,7,4,9,36,49,-20,53,34,45,56,43,52,11,4,-20,-20,13,71,17,23,19,23,12,12,-20,9,9,41,7,14,12,4,31,6,8,28,97,13,5,35,9,16,-20,19,6,8,-20,8,8,12,8,10,6,16,3,9,13,20,7,12,9,5,-20,18,14,6,7,4,7,11,4,52,7,8,4,42,4,7,13,11,8,7,20,11,13,22,4,13,9,9,11,5,-20,6,6,8,43,-20,4,7,9,20,11,8,5,11,8,10,10,8,5,20,10,11,5,5,3,11,14,6,-20,7,11,19,16,5,19,30,15,6,84,10,13,14,-20,12,5,10,-20,12,9,4,-20,7,19,13,9,13,45,22,6,8,14,-20,13,10,7,3,6,23,-20,12,14,7,6,4,10,-20,-20,8,11,-20,3,4,7,3,60,38,19,20,11,8,-20,9,7,6,5,17,-20,9,14,14,14,20,3,20,-20,5,7,9,9,-20,44,8,13,14,8,3,7,21,8,15,43,38,46,46,13,46,27,11,6,37,46,8,11,37,8,6,28,14,-20,6,40,7,3,18,12,6,6,14,15,8,15,9,3,8,5,10,16,16,9,7,12,8,11,10,34,6,10,43,20,12,16,-20,32,7,40,10,10,6,36,15,3,13,8,21,17,34,19,49,44,42,61,31,11,27,3,25,5,12,18,-20,4,15,8,9,13,17,12,9,22,15,23,16,7,40,-20,14,6,8,16,14,9,15,16,14,6,8,5,-20,14,19,86,44,47,55,37,38,41,26,21,64,27,26,50,16,11,17,63,57,28,5,21,14,70,16,8,6,10,11,49,15,14,34,24,44,20,31,-20,26,16,65,16,22,38,22,12,22,18,24,11,12,14,14,7,13,12,11,8,7,8,-20,11,12,14,20,12,-20,9,13,7,19,6,5,9,14,16,15,8,11,9,12,12,12,5,12,8,10,10,16,12,10,16,8,13,7,22,18,9,-20,18,6,11,6,4,11,-20,13,13,16,14,15,8,10,12,20,9,15,10,12,17,10,10,9,17,14,13,9,18,13,3,6,18,8,15,16,15,12,10,9,7,6,7,14,7,7,7,12,4,11,15,16,12,9,11,12,3,6,-20,7,9,6,-20,10,11,12,9,-20,10,6,17,3,8,18,9,9,9,6,-20,3,10,10,8,3,6,10,6,7,6,18,9,11,7,6,4,12,10,11,17,5,11,10,11,-20,11,10,14,14,13,28,9,17,14,7,18,9,12,7,9,12,10,13,11,-20,19,5,21,9,13,16,16,12,12,9,10,11,10,8,11,-20,13,8,12,8,9,14,12,3,12,7,9,11,5,9,6,8,9,13,8,9,10,7,7,-20,5,17,25,15,9,3,8,7,5,69,5,24,17,8,14,10,13,17,13,19,10,21,11,11,9,7,15,18,7,9,8,21,13,13,15,8,18,10,23,9,18,10,21,6,13,12,14,9,10,7,8,8,6,-20,11,4,6,6,7,7,8,9,11,12,5,3,10,5,5,9,6,5,6,5,7,8,10,13,-20,6,9,8,11,4,11,8,14,8,8,7,9,7,7,5,12,-20,3,5,4,6,-20,4,-20,7,6,15,12,13,14,-20,8,5,6,14,9,8,5,5,6,4,8,9,11,7,7,23,13,6,8,11,7,-20,9,4,7,8,11,8,11,4,10,6,14,9,6,8,20,10,13,9,5,5,3,5,9,12,7,-20,11,7,22,9,-20,-20,-20,9,-20,-20,4,-20,-20,2,6,8,4,7,-20,5,-20,6,4,-20,5,-20,9,4,7,-20,4,-20,3,4,-20,-20,9,-20,-20,8,3,3,10,6,-20,-20,4,7,4,4,5,8,4,3,9,-20,7,4,18,-20,4,-20,4,-20,6,13,-20,-20,9,-20,4,10,5,63,28,24,21,31,19,29,40,55,50,59,91,83,48,43,50,43,47
"chr5,10943904",-20,8,5,4,9,5,7,7,10,-20,7,12,55,38,41,40,49,31,63,57,52,4,62,37,64,33,36,56,10,-20,8,4,6,10,64,59,37,25,22,10,11,44,11,16,17,54,16,70,15,18,14,33,55,19,48,26,41,53,31,35,39,34,30,27,29,36,26,50,48,20,31,31,19,30,38,38,23,-20,12,18,10,23,24,8,15,35,31,72,28,17,37,46,42,38,42,37,13,59,9,48,22,32,-20,6,21,45,-20,38,56,7,16,-20,35,38,10,-20,48,7,4,4,6,3,8,-20,62,8,4,59,7,14,28,4,11,5,35,57,50,3,4,9,5,4,6,5,50,11,-20,39,4,5,5,12,18,17,47,-20,-20,14,36,13,7,-20,4,7,3,10,5,3,6,6,26,72,26,6,10,40,11,12,19,79,9,-20,7,-20,16,-20,9,22,3,5,10,7,-20,3,5,12,-20,-20,24,16,9,18,16,24,22,10,13,45,3,42,51,24,28,12,9,13,34,16,13,21,8,11,9,56,11,11,5,9,42,19,49,57,43,21,10,10,11,11,23,11,30,17,13,10,9,41,14,18,18,27,7,14,14,17,18,12,16,10,19,11,6,12,25,15,14,21,14,12,30,29,10,43,12,36,24,18,59,52,28,37,13,21,7,-20,-20,-20,-20,-20,7,8,3,29,5,13,42,36,38,4,4,5,43,4,7,4,9,38,49,-20,52,34,46,56,44,54,11,4,-20,-20,13,67,17,23,17,23,12,14,-20,8,9,41,7,15,12,4,31,6,8,29,98,13,5,36,9,17,-20,19,6,8,19,8,8,12,8,10,6,16,3,9,13,21,7,12,9,5,-20,18,14,6,7,4,8,12,4,54,7,8,5,43,4,7,11,12,7,7,20,11,12,22,4,13,9,9,11,5,9,6,6,7,44,-20,5,7,9,20,13,8,5,11,8,-20,10,9,5,20,9,12,5,5,3,11,14,6,-20,7,11,19,15,5,19,29,14,6,84,11,13,14,-20,12,5,10,-20,12,9,4,-20,7,18,13,9,13,46,22,6,8,14,-20,13,10,7,3,6,23,-20,14,15,7,6,4,9,-20,-20,8,10,-20,3,4,7,3,59,38,19,19,11,9,-20,9,7,6,5,17,-20,9,14,15,15,21,3,20,-20,5,7,9,10,-20,44,8,11,14,8,3,7,21,8,16,43,37,46,46,13,47,25,11,6,37,46,8,11,38,9,6,30,14,-20,6,41,7,3,19,12,-20,6,14,14,7,16,9,3,8,6,10,15,16,9,7,11,-20,11,10,33,6,11,44,20,12,15,-20,32,8,38,10,11,6,38,15,3,13,8,21,17,35,19,48,44,42,60,32,12,26,3,26,5,12,18,-20,4,15,8,9,13,18,12,9,22,15,23,16,7,40,-20,14,6,8,16,14,9,15,16,14,6,8,5,-20,16,19,87,44,48,55,37,37,40,26,21,64,30,28,50,16,11,17,61,58,28,5,21,14,68,16,9,6,10,11,50,15,14,34,24,43,21,31,-20,27,17,65,16,23,39,21,12,22,18,24,11,12,14,15,7,13,12,11,8,8,8,-20,11,12,15,20,12,-20,9,13,7,19,6,5,9,14,16,15,8,-20,9,12,12,12,5,11,8,10,10,16,12,10,17,8,13,7,22,18,9,-20,19,6,11,6,4,11,-20,13,13,16,13,15,8,10,12,20,9,15,10,12,17,10,10,9,17,14,13,9,19,13,3,6,18,8,15,17,15,11,10,9,7,6,7,14,7,7,9,12,4,12,15,16,12,9,11,12,3,6,-20,7,9,6,-20,10,11,12,9,-20,10,6,18,3,8,18,9,9,9,6,-20,3,10,11,8,3,6,10,6,7,6,18,9,11,7,6,4,12,10,11,17,5,11,10,11,-20,11,10,14,14,13,27,9,17,14,8,18,9,12,7,9,12,9,13,11,-20,19,5,21,9,13,16,17,12,12,9,10,11,10,8,11,-20,13,8,12,8,9,14,12,3,12,7,9,11,5,9,6,8,9,13,-20,9,11,7,7,-20,5,17,25,15,9,3,8,8,5,69,5,24,17,8,14,10,13,17,13,19,10,21,11,11,9,7,15,18,7,9,8,21,13,13,14,8,18,10,23,9,18,10,21,6,13,12,14,9,10,7,8,8,6,-20,11,4,-20,6,7,7,8,9,11,12,5,3,10,5,5,9,6,5,6,5,7,8,9,13,-20,6,9,8,11,4,11,8,14,8,8,7,9,7,7,5,12,-20,3,5,4,6,-20,4,-20,7,6,15,12,13,14,8,8,5,6,13,9,8,5,5,6,4,8,9,10,7,7,23,13,6,8,11,7,-20,9,4,7,8,11,8,12,4,10,6,12,9,6,8,20,10,13,9,5,5,3,5,9,12,7,-20,11,7,23,9,7,-20,8,8,7,-20,4,-20,6,2,6,7,3,7,-20,5,-20,6,4,-20,4,-20,8,4,8,4,4,3,2,6,3,-20,9,-20,-20,9,-20,4,9,5,-20,3,3,8,4,5,5,8,4,4,6,-20,6,5,18,-20,3,-20,4,5,7,9,-20,-20,8,-20,5,9,5,63,29,24,22,31,19,30,39,57,52,59,91,82,49,43,53,45,52
"chr5,10943931",-20,5,6,5,9,-20,4,8,6,7,6,11,60,42,39,36,39,28,71,57,62,3,69,41,72,32,34,54,6,-20,8,4,8,8,60,64,35,26,17,9,7,44,10,15,12,54,15,66,17,17,15,35,55,22,37,19,45,53,39,39,35,31,24,29,24,28,20,60,62,18,32,25,13,33,38,35,20,-20,13,16,7,21,25,7,12,34,37,61,32,15,32,46,34,39,37,33,12,53,4,38,19,34,-20,10,33,38,-20,33,55,6,15,-20,27,44,11,-20,49,7,-20,4,7,3,8,-20,53,8,4,57,7,16,20,5,-20,6,26,58,28,5,3,6,-20,6,4,7,46,9,-20,28,5,3,-20,9,9,10,49,3,-20,15,45,14,6,4,7,4,4,7,5,4,5,10,21,71,25,6,7,41,10,14,27,83,6,4,6,4,13,5,10,24,3,10,8,8,-20,7,8,15,-20,-20,26,9,7,19,12,21,23,7,25,39,6,37,50,33,24,16,16,16,45,19,23,17,11,14,13,55,10,17,4,10,33,23,47,50,44,21,12,8,15,13,19,10,29,20,18,16,12,29,13,16,14,27,-20,19,11,14,23,17,15,9,20,10,9,16,25,17,13,20,13,8,34,21,17,43,12,29,13,18,49,57,27,40,18,20,6,-20,-20,-20,-20,-20,5,-20,3,30,8,18,56,27,37,6,-20,3,40,5,-20,-20,8,36,45,-20,51,32,38,60,39,55,9,4,7,5,12,68,17,25,19,27,16,10,-20,6,9,39,7,14,9,6,27,7,8,28,91,9,5,31,12,17,-20,16,6,11,20,6,5,10,9,8,-20,16,4,13,11,20,8,15,-20,5,-20,18,14,8,5,6,9,11,4,51,5,7,5,45,5,6,12,9,-20,6,8,10,11,14,4,11,6,6,10,5,-20,6,6,7,45,3,5,9,9,18,16,-20,4,6,11,9,11,7,-20,16,9,10,5,4,4,7,16,7,-20,10,7,14,11,6,22,29,16,8,80,11,10,12,3,11,7,10,-20,14,9,-20,3,7,17,11,15,-20,37,16,5,11,11,-20,19,14,4,-20,5,22,6,14,18,4,6,4,11,-20,4,12,10,-20,2,2,6,3,55,38,19,15,9,11,-20,12,7,6,5,19,4,8,14,11,12,23,4,19,4,4,7,9,7,3,40,6,7,14,13,5,8,22,6,16,54,37,46,45,11,47,32,8,6,39,46,6,-20,29,11,3,30,17,2,-20,54,6,4,17,12,6,4,8,15,11,14,5,6,9,8,11,12,13,-20,8,23,8,8,15,32,6,9,51,24,9,14,-20,36,5,35,10,9,12,32,14,-20,14,8,22,14,39,21,55,41,31,53,29,14,27,-20,24,13,9,13,4,-20,19,3,13,20,16,4,9,22,18,-20,15,10,37,4,13,9,5,13,11,8,8,13,18,6,-20,5,-20,35,19,91,43,54,46,31,35,37,27,20,64,25,20,43,20,12,19,65,53,18,8,19,16,66,14,13,6,11,15,52,23,21,34,26,39,22,48,-20,25,15,59,15,25,36,23,18,20,15,20,11,9,-20,-20,12,11,8,11,9,7,5,-20,15,8,15,10,8,-20,9,15,4,17,4,7,7,11,16,10,6,7,9,14,8,10,4,15,9,9,8,17,18,9,14,6,12,5,22,14,7,-20,15,5,13,3,4,14,-20,12,13,16,11,14,7,7,9,18,4,18,7,7,11,5,13,9,22,9,10,9,19,11,-20,7,18,7,14,18,-20,11,8,7,5,6,9,15,6,12,-20,16,5,13,10,15,5,6,9,14,7,6,4,9,8,7,-20,8,11,12,10,5,8,6,22,3,6,20,7,7,15,5,-20,6,9,-20,8,-20,5,14,6,10,6,11,8,12,9,5,8,7,11,10,17,10,10,12,7,5,12,9,15,12,14,30,10,18,17,8,14,10,12,5,17,12,11,15,10,-20,17,7,17,-20,13,12,11,11,14,13,12,-20,8,6,11,-20,16,8,14,9,6,10,15,3,15,7,8,7,9,9,4,-20,6,9,10,8,9,4,-20,-20,-20,20,25,15,11,5,5,6,6,61,-20,15,21,6,13,12,11,12,21,19,12,13,9,10,12,12,11,25,10,6,9,18,-20,15,13,5,14,18,20,7,17,18,16,8,10,14,8,7,8,8,8,5,6,6,5,5,6,9,6,13,11,9,7,7,5,3,12,7,4,8,6,-20,6,6,4,8,9,12,-20,8,9,11,13,4,12,8,13,10,8,4,10,7,6,8,13,-20,7,7,6,2,-20,6,-20,11,4,10,11,13,12,7,6,6,7,12,11,10,7,5,7,4,7,10,14,8,5,25,8,8,7,12,8,-20,9,5,6,7,3,5,13,-20,7,4,8,8,3,5,17,8,15,7,7,5,4,8,10,7,8,-20,12,5,18,7,3,-20,11,9,10,4,-20,4,11,-20,5,6,-20,11,-20,3,-20,8,2,2,6,-20,3,4,7,5,-20,-20,4,-20,4,5,9,-20,5,8,-20,4,11,-20,-20,-20,4,7,4,3,9,5,4,5,10,3,7,-20,9,-20,3,-20,4,2,-20,9,3,-20,-20,8,5,5,4,44,39,23,28,28,25,25,45,64,60,65,89,74,56,41,50,43,39
"chr5,10943937",-20,6,6,5,8,-20,4,8,5,7,5,11,58,44,39,33,38,23,75,58,56,3,68,40,66,31,34,53,7,-20,7,5,7,6,58,65,35,24,13,9,8,44,10,17,13,54,15,64,16,16,17,35,51,23,36,17,40,46,39,40,34,28,24,27,28,28,19,60,63,19,31,25,15,32,38,38,20,-20,13,19,8,21,23,8,12,32,38,60,32,14,32,48,36,39,37,32,11,55,4,40,18,34,-20,9,35,40,-20,32,54,6,15,-20,25,45,8,-20,49,8,-20,4,6,-20,-20,3,50,8,3,53,7,18,20,6,10,4,22,56,27,4,3,5,5,7,-20,8,45,8,-20,29,5,3,-20,10,9,12,46,3,-20,15,43,14,6,5,8,-20,3,7,4,4,-20,12,23,74,23,7,7,38,7,13,30,86,8,7,6,4,16,5,9,22,5,10,8,8,-20,7,9,15,-20,-20,23,7,7,21,14,18,29,8,24,39,6,36,46,32,21,17,16,16,43,15,23,-20,12,15,11,51,9,17,4,10,33,24,43,47,43,20,15,10,14,13,17,10,31,17,17,19,12,33,13,14,14,27,-20,20,10,14,24,14,15,10,23,10,10,16,25,15,12,18,16,8,33,18,18,41,12,26,14,18,51,52,29,40,19,20,7,-20,-20,-20,-20,-20,4,6,3,31,10,15,52,27,35,6,-20,3,41,5,6,-20,8,33,43,-20,53,33,38,58,39,58,9,4,7,5,15,66,16,25,21,25,15,9,-20,-20,8,38,6,14,8,6,29,6,8,29,85,9,5,31,13,17,3,15,6,11,20,6,4,10,9,8,-20,14,3,13,11,16,8,15,6,5,-20,18,12,8,7,6,8,11,5,47,-20,7,6,42,5,5,13,10,-20,6,6,9,11,16,4,11,7,4,11,5,8,6,5,7,47,3,6,9,10,16,15,10,5,6,10,9,10,7,-20,14,8,11,5,4,4,7,15,6,-20,9,5,11,10,6,23,30,15,8,79,11,9,16,3,11,8,9,-20,13,10,-20,3,-20,19,10,13,15,35,16,6,11,10,-20,16,14,4,-20,4,22,6,13,18,4,5,4,11,-20,4,10,9,-20,-20,2,6,4,57,39,18,17,9,12,-20,12,7,6,4,18,4,7,12,8,10,22,5,19,4,4,7,9,7,3,37,6,8,13,12,5,9,22,5,16,52,36,42,49,9,47,31,7,5,38,46,5,10,28,9,3,28,15,2,-20,53,6,4,17,12,6,4,7,13,11,16,6,5,-20,8,10,13,13,9,7,22,8,8,14,35,6,9,49,21,6,14,-20,31,5,34,9,8,11,24,15,-20,16,8,21,13,37,22,54,36,30,48,29,14,23,6,26,12,7,12,4,-20,18,3,11,19,17,-20,12,21,18,-20,16,9,37,4,11,12,-20,14,11,7,12,13,18,5,-20,5,-20,34,18,90,45,52,44,31,37,36,26,18,58,25,19,47,22,12,18,65,52,15,8,19,16,70,15,14,6,10,15,50,23,20,32,26,41,23,50,-20,24,14,62,16,25,37,21,15,18,16,20,12,10,11,-20,13,12,7,11,-20,6,7,-20,14,8,12,-20,11,-20,9,16,3,14,3,7,8,12,14,8,7,-20,9,13,7,10,5,17,8,9,11,19,18,11,15,4,12,4,22,13,6,-20,13,-20,12,3,4,12,-20,12,13,14,11,14,8,7,7,15,4,16,8,5,12,7,14,11,24,8,11,-20,20,12,-20,-20,18,-20,14,18,15,12,8,6,5,8,9,16,6,12,-20,14,7,17,11,14,5,6,8,12,7,5,4,7,8,6,-20,7,9,14,11,5,9,8,18,-20,8,19,9,8,14,5,-20,6,7,-20,-20,-20,5,15,5,9,8,10,10,12,9,4,8,6,10,10,16,11,10,14,6,6,13,10,17,14,13,34,9,18,16,10,15,10,14,5,18,11,12,15,11,-20,17,8,22,-20,12,12,14,13,12,14,11,11,-20,7,11,-20,19,8,16,7,5,11,13,3,14,8,-20,7,10,9,4,-20,6,9,9,7,8,3,7,-20,-20,21,22,16,8,6,4,6,6,58,-20,15,18,5,9,12,11,12,21,17,12,14,8,13,13,13,11,24,11,-20,-20,20,-20,15,14,4,13,19,21,6,19,17,18,7,10,15,8,8,8,7,8,5,6,8,-20,5,6,10,4,15,12,7,10,9,5,3,9,7,3,9,5,-20,5,6,3,10,11,12,-20,9,10,10,13,4,11,9,11,7,7,4,9,8,7,8,15,-20,7,7,6,2,-20,5,-20,11,-20,-20,12,14,13,9,6,7,10,14,10,11,-20,6,8,3,8,8,14,6,4,21,6,8,9,12,7,-20,8,4,7,6,3,4,13,-20,-20,3,-20,6,-20,5,18,6,11,10,7,5,6,9,9,7,9,4,13,4,21,10,-20,3,13,9,10,-20,-20,4,10,-20,3,6,-20,11,-20,4,-20,-20,-20,2,4,5,3,-20,5,-20,-20,-20,3,7,3,4,-20,-20,5,6,3,4,9,3,-20,-20,3,6,4,-20,8,4,-20,-20,8,4,4,6,-20,-20,4,-20,4,-20,7,7,-20,8,4,7,4,6,4,46,36,23,30,27,23,25,43,63,63,69,89,68,57,42,50,43,36
"chr5,10943938",-20,6,6,5,8,-20,4,8,5,8,5,11,57,43,39,32,39,23,76,59,56,-20,68,40,67,31,34,54,7,-20,7,5,7,6,58,64,35,25,13,9,8,45,10,17,13,54,15,63,16,16,19,35,51,24,34,17,40,49,38,40,34,27,23,28,28,28,19,61,62,19,29,25,15,33,38,37,20,-20,14,19,8,21,23,8,12,32,38,60,32,14,33,48,35,38,37,30,11,57,4,40,17,33,-20,9,35,39,-20,31,54,6,15,-20,26,44,8,-20,48,8,-20,4,6,-20,8,3,52,8,3,54,7,18,20,6,10,4,22,55,27,4,3,5,5,7,-20,8,44,8,-20,31,5,3,8,10,9,13,44,3,-20,12,43,14,6,5,8,-20,3,7,4,4,-20,14,23,74,23,7,7,38,7,13,30,86,8,7,6,4,16,5,9,22,6,10,8,7,-20,7,11,15,-20,-20,24,7,6,21,19,18,29,8,24,39,5,35,45,32,21,18,16,16,43,15,24,-20,12,16,11,53,9,17,4,9,33,24,43,47,45,20,15,11,14,12,18,10,31,18,19,20,11,33,14,16,14,27,-20,20,10,13,24,14,15,11,23,10,10,16,25,15,12,18,16,8,29,17,18,43,12,27,20,18,51,52,29,40,18,20,7,-20,-20,-20,-20,-20,4,6,3,31,10,15,52,27,35,6,-20,2,42,5,-20,-20,8,32,42,-20,53,33,38,60,39,57,8,4,8,5,15,63,16,24,21,26,15,8,3,6,-20,36,6,14,8,7,28,6,-20,27,89,9,5,32,13,17,3,15,6,11,20,-20,4,10,9,8,-20,13,3,13,11,16,9,15,6,5,-20,18,12,8,7,6,8,11,6,47,-20,7,6,44,5,5,13,9,5,6,6,9,11,15,4,12,7,4,11,5,8,6,5,8,47,3,6,9,9,16,15,10,5,6,10,9,10,7,-20,15,8,11,5,4,4,7,17,6,-20,9,5,11,10,6,23,30,15,8,76,11,9,15,3,11,8,9,-20,13,10,-20,3,-20,18,10,13,15,36,16,6,11,10,-20,15,14,4,-20,4,21,6,13,18,4,4,4,11,-20,5,10,9,-20,-20,2,6,4,57,38,19,17,9,12,-20,12,6,6,4,16,4,7,13,8,9,22,5,18,4,4,7,9,7,3,36,6,8,13,12,5,9,21,5,17,53,36,40,47,-20,47,30,7,5,38,45,5,-20,27,9,3,28,15,-20,-20,52,6,4,17,12,6,4,7,13,11,15,6,5,10,8,10,13,13,8,7,23,8,8,14,35,6,9,49,21,6,14,-20,31,5,34,9,8,11,26,16,-20,15,8,21,-20,36,22,54,36,30,49,29,14,23,-20,26,12,7,12,4,-20,18,3,11,19,16,5,12,21,18,-20,16,9,39,4,11,12,-20,15,11,7,13,13,18,5,-20,5,-20,35,18,90,43,52,45,32,36,36,26,18,60,25,19,47,22,12,18,66,48,15,8,19,16,73,15,14,6,9,15,51,23,20,32,26,41,23,53,-20,24,14,62,16,25,36,21,17,18,16,20,12,10,11,-20,13,12,7,11,10,6,7,-20,15,8,12,-20,11,-20,9,16,3,13,3,7,8,12,14,8,7,9,9,13,7,10,-20,17,8,9,10,19,18,11,15,4,12,4,22,13,6,-20,13,-20,12,3,4,12,-20,12,13,14,11,14,8,7,7,15,4,16,8,5,13,7,15,11,24,8,10,9,20,13,-20,8,18,-20,14,18,15,12,8,6,5,8,9,16,6,12,-20,14,7,17,11,14,5,6,8,12,7,5,4,7,8,6,-20,7,9,14,11,5,9,8,19,-20,8,19,9,8,14,-20,-20,6,7,-20,9,4,5,15,5,9,8,10,10,12,9,4,8,6,10,10,16,11,10,14,6,6,13,10,17,14,13,34,9,18,16,10,15,10,14,5,18,11,12,15,11,-20,17,8,22,-20,12,13,14,13,12,14,11,11,-20,7,-20,-20,19,8,16,7,5,11,14,3,14,8,10,7,10,9,4,-20,6,9,9,7,8,3,7,-20,-20,21,21,16,8,6,4,7,5,58,-20,15,19,5,9,12,11,12,21,17,12,14,8,13,13,13,11,24,11,-20,10,20,-20,15,14,4,13,19,21,6,19,17,18,7,10,15,8,-20,8,7,8,5,6,9,-20,5,6,10,4,15,12,7,10,-20,5,3,9,7,3,9,5,-20,5,6,3,10,11,12,-20,9,10,10,13,4,11,9,11,7,7,4,9,8,7,8,15,-20,7,7,6,2,-20,5,-20,11,4,10,12,14,13,9,6,7,10,14,10,11,-20,7,8,3,8,8,14,6,4,21,6,8,9,12,7,-20,8,5,7,6,3,4,13,-20,-20,3,9,6,-20,5,18,6,11,10,7,5,6,9,9,7,9,4,13,4,21,10,-20,-20,12,-20,10,-20,-20,4,-20,-20,4,-20,-20,11,-20,3,-20,8,-20,-20,5,-20,-20,4,4,-20,-20,-20,3,5,2,4,6,-20,6,6,3,5,7,2,-20,-20,4,6,3,-20,8,5,3,-20,9,3,4,5,7,-20,-20,-20,4,3,8,8,-20,7,4,8,4,6,4,46,35,23,30,27,24,26,45,62,62,62,87,68,56,40,52,42,36
"chr5,10943939",-20,6,6,5,8,-20,4,8,5,8,5,11,57,43,39,30,39,21,73,60,56,3,68,40,68,30,33,53,7,-20,7,5,7,6,58,64,35,23,13,9,8,45,11,17,12,54,15,64,15,16,19,35,51,24,34,17,39,50,38,39,33,26,24,28,28,28,19,59,61,18,30,25,15,33,39,38,20,-20,14,19,8,21,24,8,12,33,38,60,32,14,32,48,34,37,36,30,11,57,4,40,19,33,-20,9,36,40,-20,32,53,6,15,-20,27,43,10,-20,49,8,-20,4,6,-20,8,3,53,8,3,54,7,18,23,6,-20,4,21,55,30,4,3,5,5,7,-20,8,44,8,-20,31,5,3,8,10,9,13,45,3,-20,12,42,15,6,5,8,-20,3,7,4,4,-20,13,23,73,23,7,7,38,6,13,30,86,8,7,6,4,16,4,9,22,6,10,8,7,-20,7,11,14,-20,-20,25,7,6,21,21,18,30,8,24,39,5,36,45,33,21,18,16,16,43,15,25,18,12,16,11,53,9,16,4,8,34,24,43,49,45,20,14,11,15,12,17,10,31,17,18,20,10,33,14,16,12,27,-20,20,10,13,24,13,15,11,23,10,10,18,25,14,12,18,15,8,29,17,18,43,12,25,20,18,52,52,29,42,19,20,7,-20,-20,-20,-20,-20,4,7,3,32,10,15,50,27,35,6,-20,2,40,5,-20,-20,8,31,43,-20,52,33,38,60,38,57,8,4,8,5,15,65,16,23,21,26,14,8,3,9,-20,39,6,14,9,7,28,6,8,27,88,8,5,35,13,17,4,15,6,11,22,-20,5,10,9,8,-20,13,3,14,11,16,9,14,6,5,-20,18,12,9,6,6,8,11,6,48,-20,7,6,43,5,5,13,9,5,6,6,9,11,15,4,12,7,4,11,5,8,6,5,8,47,3,6,9,9,15,15,10,5,6,11,9,10,7,-20,15,8,11,5,4,4,7,17,6,-20,9,5,11,11,6,24,30,16,8,76,11,10,15,3,12,8,9,-20,13,10,-20,3,-20,19,10,13,14,36,16,6,11,10,-20,16,14,4,-20,4,22,6,14,16,4,4,4,11,-20,5,10,9,-20,-20,2,6,4,57,39,19,17,9,12,-20,12,6,6,4,19,5,7,13,8,9,21,5,18,4,4,7,9,7,4,37,5,8,13,11,5,9,21,5,17,54,36,41,48,9,49,32,7,5,39,45,5,-20,26,10,3,27,15,-20,-20,52,7,4,17,12,-20,4,7,14,11,16,6,5,11,7,10,13,13,8,6,23,8,9,14,37,6,9,49,21,6,14,-20,33,5,33,9,8,11,26,15,-20,15,8,22,-20,39,21,55,36,30,49,28,14,25,6,26,12,7,12,4,-20,18,3,11,19,16,5,12,21,18,-20,16,9,39,4,12,12,-20,15,11,7,13,13,18,5,-20,5,-20,35,17,91,43,54,45,32,37,38,26,18,59,25,19,48,22,12,18,66,47,15,8,19,16,73,14,14,6,10,15,51,23,20,32,27,41,23,53,-20,24,15,60,16,28,37,23,16,18,16,20,12,-20,11,-20,13,12,7,11,10,6,7,-20,15,9,12,-20,12,-20,10,16,3,14,3,7,8,12,14,8,7,9,9,13,7,10,5,17,8,9,10,18,19,11,15,4,12,4,22,13,6,-20,13,-20,12,3,-20,12,-20,12,13,14,11,14,8,7,7,15,4,16,8,5,13,7,15,11,24,8,11,9,20,14,-20,7,17,-20,14,18,15,12,8,6,5,8,9,17,6,11,-20,14,7,17,11,14,5,6,8,12,7,5,4,7,8,6,-20,7,9,14,11,5,9,8,19,-20,8,19,9,8,14,-20,-20,6,7,-20,9,4,5,15,5,9,8,10,-20,12,9,4,8,6,10,10,16,11,10,14,6,6,13,11,17,14,13,34,9,18,16,10,15,10,14,5,18,11,12,15,11,-20,17,8,22,-20,12,13,13,14,12,14,11,11,-20,7,-20,-20,19,8,16,7,5,11,14,3,14,8,10,7,10,9,4,-20,6,9,9,7,8,3,7,-20,-20,21,22,16,8,5,4,-20,5,60,-20,15,20,5,9,12,11,12,21,17,12,14,8,13,13,13,11,24,11,-20,10,20,-20,15,14,4,13,19,21,6,19,17,18,7,10,15,8,9,8,7,8,5,6,9,-20,5,6,10,4,15,12,7,10,-20,5,3,9,7,3,9,5,-20,5,6,3,10,11,12,-20,9,10,-20,13,4,11,9,11,7,7,4,9,8,7,8,15,-20,7,7,6,-20,-20,5,-20,11,4,10,12,14,13,9,6,7,10,14,10,11,7,7,8,3,8,8,14,6,4,21,6,7,9,12,7,-20,8,5,7,6,3,4,13,-20,-20,3,9,6,-20,5,18,6,11,10,7,5,6,9,9,7,9,4,13,4,21,10,-20,3,14,10,11,-20,-20,4,10,-20,-20,5,-20,10,-20,4,-20,-20,-20,-20,4,5,3,4,4,5,-20,-20,3,6,3,5,6,-20,6,6,3,5,6,3,-20,-20,3,5,4,3,9,6,3,-20,10,4,4,5,8,-20,2,-20,4,4,8,7,3,7,4,8,-20,6,4,46,35,23,30,28,24,27,45,61,63,62,88,68,57,40,54,42,38
"chr5,10943948",-20,6,4,5,7,-20,5,8,4,-20,4,10,51,47,34,27,36,20,69,54,54,3,62,37,66,34,33,54,6,-20,7,5,7,6,51,63,36,24,10,10,8,42,14,14,13,54,16,67,13,12,16,32,51,25,34,19,35,55,32,40,31,27,22,29,26,29,20,58,61,17,30,21,12,30,38,39,19,5,14,19,8,22,23,9,9,32,37,52,35,13,29,48,37,37,38,31,12,56,6,39,17,33,-20,-20,36,41,-20,34,53,6,12,-20,28,41,13,-20,48,6,-20,3,5,-20,8,-20,54,5,-20,53,8,19,22,3,7,3,26,54,30,5,3,5,5,7,-20,8,41,7,-20,34,4,-20,8,9,7,12,42,-20,-20,12,38,16,5,5,9,3,3,3,5,3,-20,15,26,76,26,6,5,25,6,9,36,81,7,8,8,-20,14,3,10,21,6,8,9,7,-20,4,10,13,-20,-20,26,7,6,21,22,19,30,7,24,29,7,35,42,36,20,18,12,16,43,11,23,17,11,14,13,49,8,17,-20,9,37,27,43,44,45,23,-20,-20,15,12,15,10,35,21,19,20,-20,30,11,18,10,25,-20,22,11,10,23,13,-20,11,27,-20,10,18,23,14,12,17,18,7,21,13,14,40,12,-20,19,18,54,52,27,41,18,20,7,-20,-20,-20,-20,-20,4,-20,3,30,10,13,40,29,36,7,-20,2,39,4,-20,-20,8,32,44,-20,53,32,35,58,33,54,8,3,7,5,16,63,15,28,-20,27,13,8,4,9,5,40,6,13,9,5,28,5,10,25,78,11,4,32,15,18,3,13,5,13,21,5,5,9,8,7,-20,13,3,16,10,13,9,11,8,5,-20,12,10,9,8,6,7,11,6,46,-20,6,6,47,6,4,16,7,-20,7,11,9,12,16,4,13,6,-20,11,4,7,7,5,-20,41,3,5,8,8,13,13,11,-20,-20,8,8,8,7,3,15,8,9,4,4,3,7,15,7,-20,9,4,9,12,6,24,29,15,7,77,13,14,18,3,13,9,9,-20,15,9,-20,4,-20,16,9,12,16,36,13,6,10,9,-20,14,13,6,-20,4,21,6,13,20,3,4,3,11,-20,5,8,8,-20,-20,2,5,3,54,36,18,16,7,12,-20,12,6,7,5,15,5,8,14,12,8,20,6,18,5,5,8,8,8,4,37,4,9,14,10,5,6,25,5,17,52,38,40,48,11,41,31,7,6,36,42,5,8,28,9,3,26,12,-20,4,50,8,3,17,13,7,4,5,14,10,16,9,5,11,7,10,15,8,9,5,22,9,-20,14,38,6,9,45,20,7,14,-20,32,4,29,9,7,10,24,15,-20,15,7,22,-20,36,20,56,32,29,46,30,13,24,7,23,12,6,14,5,-20,15,3,10,18,12,4,13,21,19,-20,20,8,33,7,14,10,-20,15,13,9,14,11,19,5,-20,6,-20,31,16,87,41,57,44,34,35,40,24,19,64,21,17,49,17,12,16,64,45,-20,9,17,19,69,11,14,5,-20,15,50,21,24,30,26,38,23,40,-20,25,16,56,11,27,30,25,17,18,17,14,11,11,12,-20,13,12,6,9,9,4,6,3,18,8,11,-20,12,-20,10,14,3,14,3,6,10,9,11,6,8,7,9,13,-20,7,6,13,8,7,10,-20,20,12,15,6,13,4,24,11,6,-20,-20,-20,15,3,5,11,-20,12,11,18,10,-20,8,7,8,16,6,16,8,-20,12,7,16,12,26,11,11,10,19,11,-20,7,16,-20,13,15,15,11,-20,3,5,10,8,18,4,11,-20,12,9,16,11,17,3,5,5,11,7,7,4,6,7,6,-20,6,9,17,12,5,8,7,20,-20,8,23,8,7,14,-20,4,6,7,-20,9,3,-20,16,4,8,12,10,13,-20,10,-20,9,5,8,10,16,11,10,12,6,6,10,11,20,14,12,32,10,20,15,9,13,10,12,7,19,11,13,11,10,-20,14,8,22,4,12,10,14,15,13,13,9,11,-20,7,-20,3,18,8,15,7,5,10,16,3,15,9,10,7,11,9,4,-20,7,9,10,8,8,-20,8,-20,-20,21,22,17,5,5,-20,6,5,61,4,10,20,6,10,13,12,14,23,17,15,15,9,13,16,13,9,23,12,3,10,19,-20,16,14,4,9,20,21,11,19,17,14,7,10,16,-20,6,8,7,11,6,7,8,4,4,4,10,6,16,12,7,9,10,6,-20,-20,7,3,9,7,-20,6,7,4,9,11,13,-20,8,11,9,13,3,14,10,10,9,7,5,10,8,6,5,14,-20,10,5,7,-20,-20,5,-20,10,3,10,12,13,9,6,6,6,10,6,7,10,8,7,7,3,9,8,16,-20,5,23,-20,7,10,10,8,-20,4,5,4,-20,3,4,14,-20,5,-20,11,6,-20,7,17,6,10,9,9,8,6,9,8,8,10,4,12,4,19,-20,4,-20,14,9,11,-20,-20,-20,13,-20,4,5,-20,9,-20,5,-20,6,-20,-20,3,5,3,7,-20,6,4,-20,4,4,3,4,9,3,6,-20,4,3,6,4,-20,-20,3,6,4,3,12,-20,5,-20,7,4,7,4,7,-20,2,-20,4,5,-20,8,-20,-20,5,5,6,8,4,46,32,22,29,29,27,28,40,62,66,71,88,74,58,42,49,50,39
"chr5,10943950",-20,6,5,5,7,-20,5,8,4,-20,4,11,53,48,34,27,35,19,72,53,54,3,64,38,68,35,32,52,6,3,6,5,7,6,52,65,38,22,10,10,8,42,14,14,12,55,17,67,14,14,16,33,51,25,35,19,35,56,32,38,31,27,23,28,25,29,20,59,60,16,31,21,13,30,36,37,19,5,14,19,8,22,22,8,9,35,37,50,35,13,32,48,36,38,38,32,12,54,7,39,18,30,-20,8,37,41,-20,34,54,6,12,-20,28,40,13,-20,47,6,-20,3,5,-20,8,-20,55,5,-20,53,8,21,22,4,7,3,25,54,31,5,4,5,5,7,-20,8,39,7,-20,30,4,-20,8,9,4,13,42,5,-20,12,33,15,-20,5,9,4,3,3,5,3,-20,15,26,77,27,7,6,25,8,8,35,79,8,8,8,-20,14,-20,9,21,7,11,9,7,-20,-20,9,14,-20,-20,24,8,6,20,19,19,29,7,25,27,7,34,42,37,17,18,12,15,43,11,23,15,11,14,14,48,10,16,-20,10,38,29,42,42,46,23,18,10,16,13,14,10,36,20,18,18,9,27,12,19,10,25,-20,20,11,10,25,13,16,11,26,10,9,18,23,14,11,17,18,7,23,14,16,41,12,-20,17,19,53,48,29,39,18,23,7,-20,-20,-20,-20,-20,4,8,3,31,10,11,40,27,36,7,-20,-20,35,4,-20,-20,8,31,44,-20,55,34,36,59,32,54,10,4,7,6,16,65,14,28,18,30,13,8,4,7,5,39,6,13,9,6,30,5,10,23,82,12,4,33,16,17,3,14,5,13,22,-20,5,9,8,7,-20,13,3,15,10,12,9,11,8,5,-20,16,13,8,9,7,7,12,6,47,-20,6,5,47,6,4,16,7,7,8,12,8,12,16,5,13,6,-20,10,4,7,7,5,8,44,3,5,8,8,13,13,11,4,-20,8,9,9,6,3,15,9,-20,5,4,3,7,15,7,-20,9,4,9,14,5,25,28,14,7,79,13,13,19,3,14,9,10,-20,15,-20,-20,4,-20,16,10,12,15,37,14,6,10,9,-20,14,15,6,-20,5,22,6,12,19,3,4,-20,11,-20,5,8,8,4,-20,2,5,3,53,40,18,19,7,12,-20,12,6,-20,4,15,5,8,17,12,8,18,6,16,5,5,8,8,8,4,36,4,8,14,11,5,6,25,5,16,53,39,41,47,11,40,32,7,6,35,42,5,8,27,9,3,29,12,-20,4,49,8,4,18,11,7,5,-20,14,11,16,9,4,11,6,10,15,8,10,5,24,9,7,15,38,6,9,45,19,6,14,-20,33,4,29,8,7,10,26,14,-20,16,7,23,-20,39,21,58,34,30,47,32,14,26,6,24,12,6,14,5,-20,15,3,10,18,11,4,13,22,19,-20,20,8,36,7,15,10,-20,15,13,9,14,11,19,5,-20,7,-20,31,17,90,41,56,44,33,33,45,24,19,63,21,16,51,17,13,14,66,46,19,9,17,22,67,10,14,5,-20,15,49,20,24,30,26,38,24,40,-20,25,14,59,11,28,33,23,18,19,17,14,11,11,12,-20,13,12,6,9,8,4,8,3,19,8,11,-20,12,-20,10,14,3,15,3,6,10,9,13,6,8,7,9,14,-20,7,6,13,8,7,9,19,20,13,16,6,14,5,26,11,6,-20,-20,6,15,4,5,12,-20,12,11,18,10,13,8,7,8,17,6,16,8,-20,12,7,17,12,26,11,11,11,19,11,-20,7,16,-20,13,15,15,12,8,-20,5,10,8,18,4,11,-20,12,9,16,11,17,3,5,5,11,7,7,4,6,8,6,-20,6,10,16,12,5,9,7,19,-20,8,23,8,7,14,-20,4,6,7,-20,9,3,-20,16,4,8,12,11,13,10,10,-20,9,5,8,11,16,11,10,12,6,6,-20,11,20,14,12,34,10,21,15,9,13,10,13,7,19,11,13,11,10,-20,14,8,22,4,12,10,14,15,13,13,9,11,-20,7,-20,3,18,8,15,7,5,10,16,3,16,9,10,7,11,9,5,-20,7,10,10,8,9,-20,8,-20,-20,22,22,17,5,5,-20,6,5,61,4,9,19,6,10,13,12,15,22,18,15,15,9,13,16,13,9,23,12,3,10,19,-20,16,-20,4,-20,20,21,11,19,16,14,7,10,16,-20,6,7,7,11,6,7,8,4,4,4,10,6,16,12,7,9,10,7,-20,9,7,3,9,6,-20,6,7,4,9,12,13,-20,8,11,10,13,3,16,10,12,9,7,5,10,9,6,5,14,-20,11,7,7,-20,-20,6,-20,10,4,10,12,13,9,5,6,6,10,6,7,10,8,7,7,3,9,8,16,-20,5,23,-20,7,10,10,9,-20,4,5,4,4,3,4,14,-20,5,3,11,6,-20,7,17,6,10,9,9,8,6,9,8,8,10,-20,12,4,19,-20,4,-20,13,6,11,-20,-20,-20,10,-20,4,6,3,7,-20,4,-20,6,-20,-20,-20,4,-20,6,-20,6,3,-20,5,-20,-20,4,10,3,7,-20,5,-20,4,4,-20,-20,2,7,-20,3,13,6,5,-20,7,4,6,4,8,-20,-20,-20,4,5,10,6,-20,-20,5,-20,6,7,4,47,33,21,28,31,27,28,40,61,66,71,88,74,62,39,51,51,39
"chr5,10943957",-20,7,5,5,7,-20,4,8,4,8,3,12,48,47,33,22,36,21,71,49,-20,3,62,36,64,32,33,45,7,3,6,3,7,6,51,60,40,22,13,9,10,42,14,10,11,52,18,64,14,11,15,28,45,23,33,20,33,53,30,35,29,27,22,26,26,24,16,60,55,15,30,21,15,27,33,40,18,-20,15,18,7,24,21,6,10,33,37,47,32,14,24,43,39,37,33,34,12,53,-20,35,18,27,-20,9,40,39,-20,33,51,4,17,-20,26,42,14,-20,45,5,-20,3,4,4,8,3,53,-20,-20,52,12,18,22,4,6,5,31,47,32,6,4,-20,4,8,-20,10,39,7,3,30,4,3,7,-20,-20,11,38,5,-20,13,33,13,6,6,9,4,3,6,5,4,-20,14,26,75,27,6,5,28,9,9,33,58,9,8,9,5,12,2,11,22,8,11,7,7,-20,6,-20,11,-20,-20,22,9,12,22,22,19,29,7,28,28,13,29,37,39,-20,20,12,19,42,11,23,17,10,14,17,44,7,18,-20,-20,38,33,43,38,44,16,14,-20,17,14,16,9,36,21,16,23,-20,32,10,21,10,25,-20,-20,11,8,25,11,-20,-20,30,11,-20,18,19,13,10,19,20,6,-20,13,-20,35,11,-20,18,19,48,49,28,36,15,22,6,-20,-20,-20,-20,-20,4,-20,3,30,9,11,37,31,30,8,4,-20,34,3,5,4,8,31,46,3,51,36,36,54,28,-20,10,4,7,6,16,67,15,30,15,27,12,9,3,9,4,40,6,11,11,7,28,4,8,22,79,10,3,31,19,18,4,9,4,12,20,8,6,8,8,9,-20,12,5,16,10,-20,12,11,8,6,-20,16,12,7,9,6,8,12,5,45,-20,5,5,43,6,4,17,7,8,8,13,8,12,13,4,11,6,-20,9,7,7,-20,8,9,45,3,7,9,9,17,16,11,4,-20,8,9,10,8,-20,16,7,10,5,4,4,8,14,9,-20,8,4,-20,16,6,24,25,15,6,66,14,15,18,3,14,9,8,-20,15,9,-20,4,5,12,8,12,14,40,16,7,10,8,-20,13,15,7,-20,4,18,8,14,16,3,4,3,10,-20,6,7,8,5,-20,3,-20,4,54,39,13,16,6,10,-20,11,7,6,4,12,5,7,19,11,9,14,6,14,6,6,7,8,8,4,31,6,8,14,11,6,6,22,5,16,48,41,42,46,9,42,31,-20,6,37,38,6,-20,28,11,4,29,-20,-20,4,43,5,-20,15,13,8,5,-20,15,12,16,10,5,11,7,10,16,7,11,6,25,8,7,15,41,6,10,43,18,5,12,-20,35,3,30,8,-20,11,26,-20,4,15,8,26,-20,36,20,51,31,22,43,32,15,24,9,26,14,-20,12,6,-20,15,3,11,18,10,5,17,21,19,-20,18,10,33,9,16,13,5,14,16,11,16,13,22,6,-20,7,-20,32,20,80,36,53,47,31,33,39,27,19,63,20,13,46,16,12,15,66,45,21,8,-20,23,62,10,12,5,-20,15,45,20,25,28,26,37,20,44,-20,-20,14,54,9,27,30,23,21,13,15,11,-20,11,14,-20,12,12,-20,7,9,-20,10,3,18,5,10,-20,13,-20,11,21,-20,-20,4,8,13,9,14,6,8,7,10,18,-20,6,6,-20,8,-20,7,16,23,13,15,8,16,6,22,13,6,-20,-20,5,15,5,4,12,-20,11,12,18,13,11,8,7,10,19,7,20,8,-20,11,7,19,11,24,8,10,10,21,11,5,7,18,6,15,19,14,11,-20,-20,4,10,8,20,6,11,-20,14,9,16,9,19,-20,10,9,16,8,7,4,7,10,6,-20,7,10,18,14,6,9,8,17,-20,9,21,9,9,16,5,4,6,9,-20,12,3,-20,19,7,8,16,10,-20,8,10,3,9,6,8,9,15,11,10,12,9,6,9,8,20,16,14,34,10,19,17,11,12,10,12,8,18,10,13,11,15,-20,17,8,25,4,-20,12,8,15,13,13,10,12,-20,8,-20,4,22,12,16,5,-20,10,15,2,15,8,10,10,12,9,4,4,8,9,9,12,12,-20,9,-20,-20,21,23,17,5,6,-20,6,6,64,4,13,19,10,10,14,15,17,24,17,17,13,13,12,19,12,12,26,14,3,-20,16,-20,14,16,-20,12,23,23,9,20,16,17,8,12,17,9,10,7,9,12,9,-20,9,3,5,4,10,8,16,11,7,9,12,7,-20,7,9,3,11,7,-20,7,8,5,10,12,15,-20,7,10,10,15,3,17,9,13,14,7,5,13,8,8,8,14,-20,10,5,7,-20,-20,7,-20,10,5,10,8,10,11,6,3,6,12,5,8,10,8,8,6,4,8,8,13,4,5,22,-20,6,-20,11,5,-20,4,8,5,4,5,4,17,-20,6,3,15,6,-20,8,17,5,9,10,10,8,5,12,7,8,9,4,12,6,18,7,-20,-20,10,7,12,-20,-20,3,-20,-20,4,4,-20,8,-20,-20,-20,5,-20,-20,3,5,-20,4,-20,6,5,-20,4,-20,-20,3,-20,3,6,4,5,-20,6,5,3,-20,-20,7,4,-20,12,5,5,-20,8,5,7,5,-20,3,3,-20,3,4,8,-20,-20,5,3,-20,7,7,5,-20,31,19,28,30,24,28,41,62,66,69,86,75,63,34,53,48,35
"chr5,10943962",-20,5,6,6,4,-20,3,6,5,8,3,11,46,45,33,20,32,19,72,51,60,3,55,37,64,31,27,44,7,3,5,3,5,5,52,62,38,22,13,7,8,43,14,11,13,50,17,67,15,10,16,26,41,27,31,21,30,53,27,37,31,27,22,26,28,21,18,58,60,16,30,23,15,28,34,41,19,-20,15,-20,6,25,21,-20,10,33,30,49,35,11,25,40,37,35,33,32,11,50,-20,38,18,24,-20,6,41,39,3,29,49,4,-20,-20,22,40,11,3,45,-20,-20,2,4,6,9,3,53,6,-20,48,11,16,22,3,5,5,31,44,32,6,3,-20,4,-20,-20,9,42,7,4,30,4,-20,9,11,-20,12,36,5,-20,13,36,14,5,6,8,4,-20,-20,5,-20,5,12,26,73,26,6,5,26,7,10,31,66,9,8,9,4,11,-20,13,21,8,12,9,9,-20,-20,10,11,-20,-20,21,-20,12,24,25,17,30,7,28,28,15,28,36,39,-20,19,15,18,41,9,24,-20,10,14,20,40,8,17,-20,8,37,30,42,33,42,14,15,10,17,15,15,-20,37,23,16,23,6,32,9,19,10,28,-20,22,10,6,25,10,15,14,31,12,10,17,21,14,8,18,21,7,22,11,19,36,10,-20,19,17,50,47,22,40,14,20,6,-20,-20,-20,-20,-20,5,-20,4,31,9,14,36,30,29,8,5,2,35,5,6,4,9,27,44,4,48,37,33,52,26,52,10,4,7,6,18,73,15,32,17,24,12,10,4,8,3,39,6,11,11,7,29,4,8,23,72,10,3,32,20,16,5,9,4,11,19,10,6,7,7,9,-20,-20,4,16,9,-20,11,10,-20,6,-20,18,11,6,9,6,8,11,5,37,-20,5,6,44,6,-20,17,7,6,8,16,8,12,12,4,9,6,-20,11,7,-20,-20,-20,9,40,3,7,8,9,16,17,9,5,-20,9,8,9,8,-20,14,7,9,5,5,-20,7,12,12,-20,-20,-20,-20,18,6,22,25,14,6,63,13,16,18,3,13,10,9,-20,-20,-20,-20,5,3,11,8,12,12,36,14,5,10,9,-20,13,14,6,-20,4,16,8,14,12,2,4,3,11,-20,6,7,9,5,-20,3,-20,4,50,36,13,18,6,9,-20,12,8,6,4,11,4,6,21,11,9,11,-20,-20,6,6,7,7,8,4,27,-20,8,15,11,6,-20,22,5,16,48,40,39,47,8,42,28,3,7,35,41,5,6,25,13,5,29,-20,-20,4,40,5,6,15,14,7,5,-20,17,12,16,12,5,11,7,9,14,8,10,6,23,7,8,19,42,6,11,41,19,6,14,2,-20,-20,31,-20,8,11,26,13,4,14,8,24,-20,38,18,53,31,20,41,31,16,27,10,27,12,-20,16,5,-20,14,3,10,18,10,5,-20,20,16,-20,17,-20,35,-20,17,12,6,17,-20,11,15,12,-20,6,-20,7,-20,34,21,84,35,53,46,32,28,42,28,17,59,20,11,46,15,13,18,57,48,20,9,-20,23,62,9,13,6,-20,15,48,21,21,28,27,38,21,53,-20,17,11,55,10,24,33,23,21,13,13,12,9,-20,14,-20,12,11,-20,-20,7,-20,-20,4,18,7,8,-20,11,-20,9,21,2,12,4,8,13,8,13,6,7,7,10,17,-20,5,-20,12,6,-20,4,15,24,13,15,8,13,7,14,13,7,-20,-20,5,14,4,4,11,-20,11,11,17,12,8,9,-20,9,18,8,19,7,-20,10,6,16,10,24,7,9,9,24,-20,6,5,16,7,-20,19,17,12,6,-20,5,10,5,18,5,12,-20,-20,8,17,7,18,-20,11,-20,-20,9,7,4,7,10,6,-20,-20,10,18,13,6,-20,7,18,-20,9,22,9,-20,-20,5,5,6,-20,-20,13,3,-20,-20,8,8,-20,12,15,-20,9,5,11,6,7,10,17,12,-20,12,9,6,10,9,18,15,13,38,10,15,15,12,14,10,13,9,20,11,11,11,-20,-20,17,7,-20,4,15,12,10,14,-20,11,10,12,-20,8,-20,4,21,11,15,3,6,9,16,2,16,10,10,12,11,8,4,5,8,9,9,-20,11,-20,9,-20,-20,22,-20,18,4,6,-20,6,6,61,4,-20,18,-20,10,-20,-20,18,-20,14,-20,14,-20,11,19,12,-20,22,-20,3,-20,15,-20,15,14,-20,-20,19,20,9,19,15,-20,-20,10,18,-20,11,-20,-20,9,-20,7,-20,-20,5,4,10,7,20,10,-20,12,9,9,-20,7,10,3,8,9,-20,8,10,6,10,12,17,-20,7,11,10,15,5,18,8,14,17,8,3,13,8,-20,7,15,-20,11,5,8,-20,-20,6,-20,9,-20,10,9,11,11,7,3,5,12,5,8,10,7,8,6,-20,7,8,12,5,5,20,-20,4,8,11,10,-20,4,10,6,4,-20,4,13,-20,-20,3,-20,4,-20,8,-20,4,8,13,-20,7,6,12,6,6,9,7,10,7,18,6,7,-20,11,6,11,-20,-20,3,10,-20,5,3,-20,5,-20,4,-20,6,-20,-20,2,5,-20,4,-20,7,5,-20,4,-20,-20,3,11,3,-20,-20,3,-20,6,4,6,-20,4,6,7,-20,10,6,4,-20,8,5,7,5,9,5,-20,-20,3,4,7,-20,-20,5,3,3,7,8,5,15,30,20,28,26,25,24,42,59,64,60,-20,75,64,31,49,49,37
"chr5,10943963",-20,5,6,5,4,-20,3,6,5,8,3,11,44,45,33,19,32,18,71,51,61,3,56,36,60,30,26,42,8,3,5,3,5,5,52,59,38,20,13,7,8,42,14,11,-20,50,17,68,15,9,15,25,41,-20,31,22,30,52,27,36,31,27,22,26,28,20,18,56,58,16,29,23,15,28,35,40,19,-20,15,-20,6,25,21,6,10,33,30,46,33,10,25,39,37,34,32,32,11,48,6,38,17,24,-20,6,41,38,3,29,47,4,-20,-20,22,40,12,3,44,-20,-20,2,4,6,9,3,53,6,-20,47,11,16,22,3,5,4,30,44,32,6,3,-20,4,-20,-20,9,42,7,4,31,4,-20,9,11,-20,13,36,5,-20,13,36,14,5,6,8,4,-20,-20,5,-20,5,12,25,73,-20,6,5,26,7,10,30,66,10,8,9,4,11,-20,13,21,8,12,9,9,-20,6,-20,11,-20,-20,20,-20,11,23,25,17,30,7,25,27,15,28,35,39,-20,19,15,-20,41,9,24,16,10,13,20,40,-20,17,-20,-20,34,32,43,33,42,14,-20,-20,17,14,15,9,37,22,15,23,6,29,8,21,10,26,-20,21,10,6,24,10,-20,14,30,-20,10,17,19,13,8,18,21,7,-20,10,18,33,-20,-20,19,16,49,47,22,38,13,20,6,-20,-20,-20,-20,-20,5,8,-20,30,9,13,35,30,29,8,5,2,36,5,6,4,9,28,42,4,47,37,32,50,25,51,10,4,7,6,17,74,13,32,17,23,12,10,4,8,3,39,6,11,11,-20,29,4,7,23,71,10,3,32,20,16,5,9,4,11,19,10,6,8,-20,9,-20,-20,4,16,9,-20,10,9,-20,-20,-20,18,10,6,9,6,9,11,5,39,-20,4,6,44,6,-20,17,7,6,8,16,6,12,12,4,9,6,-20,11,7,7,-20,-20,9,40,3,7,8,9,17,17,9,5,-20,-20,-20,9,7,-20,13,7,9,5,5,-20,7,12,12,-20,-20,-20,-20,17,6,22,25,13,6,63,14,14,18,3,13,-20,9,-20,-20,8,-20,5,3,12,-20,12,12,36,13,5,10,8,-20,13,14,6,-20,4,15,-20,14,12,2,4,3,11,-20,6,7,-20,5,-20,3,-20,4,50,35,13,17,6,9,-20,12,8,6,4,11,3,6,20,11,9,11,-20,-20,6,6,7,7,8,4,27,-20,8,-20,11,6,7,22,-20,15,48,39,38,45,8,41,27,3,7,35,41,5,6,24,13,5,27,-20,-20,4,40,4,-20,12,13,7,-20,-20,17,12,16,13,5,12,7,9,13,8,10,6,21,-20,8,18,42,5,10,43,19,6,14,2,36,-20,31,-20,8,10,24,12,-20,14,8,24,-20,34,18,53,30,20,41,30,15,-20,10,25,12,-20,16,-20,-20,-20,-20,10,-20,-20,5,-20,20,16,-20,17,-20,35,-20,-20,12,6,17,-20,11,15,11,-20,6,-20,7,-20,33,20,83,34,52,46,30,26,43,29,17,60,20,13,48,14,13,17,55,46,19,9,-20,21,62,8,13,6,-20,15,49,21,22,27,28,38,22,53,-20,17,11,56,10,24,32,23,21,13,13,12,-20,10,13,-20,12,11,-20,-20,7,-20,10,4,18,-20,8,-20,11,-20,8,21,2,12,4,8,13,8,13,6,7,7,10,17,-20,5,5,12,6,-20,4,15,24,13,15,8,13,7,14,13,7,-20,-20,5,14,4,4,12,-20,11,11,18,12,-20,9,-20,9,17,8,19,6,-20,11,6,16,10,24,7,9,9,25,10,-20,5,16,7,17,19,18,11,6,-20,4,10,5,17,5,12,-20,-20,8,14,7,18,-20,10,-20,-20,9,7,4,7,10,6,-20,-20,10,17,12,6,8,7,18,-20,9,21,9,-20,-20,5,5,6,9,-20,13,3,-20,-20,8,8,-20,12,15,7,9,5,11,6,7,10,17,12,-20,12,9,6,10,9,18,15,14,37,10,15,15,12,13,10,14,9,20,11,11,11,-20,-20,17,7,-20,4,15,12,10,14,-20,11,10,12,-20,8,-20,4,21,11,15,3,6,9,16,2,16,9,10,12,10,8,4,5,8,9,9,-20,9,-20,9,-20,-20,21,23,17,4,7,-20,6,6,61,4,-20,18,-20,10,-20,-20,18,-20,14,15,13,-20,11,19,12,-20,21,-20,3,-20,14,-20,14,14,-20,-20,19,19,9,19,15,-20,-20,10,18,-20,11,-20,-20,9,-20,7,-20,-20,5,4,10,6,20,10,-20,12,9,9,-20,7,10,3,8,-20,-20,8,10,6,10,12,17,-20,7,11,10,15,5,18,9,14,17,8,3,13,8,-20,-20,15,-20,11,5,8,-20,-20,6,-20,9,5,9,9,11,10,7,3,5,12,5,8,10,7,8,6,-20,6,8,12,5,5,21,-20,4,7,11,10,-20,4,10,6,4,-20,4,13,-20,-20,3,-20,4,-20,8,-20,4,8,13,-20,7,6,12,6,6,9,7,10,7,17,6,-20,-20,11,7,11,-20,-20,-20,10,-20,6,-20,-20,6,-20,4,-20,7,-20,-20,-20,6,-20,4,-20,7,4,3,5,-20,-20,3,10,3,5,5,4,-20,4,4,6,-20,4,4,6,-20,11,4,4,-20,-20,5,-20,5,9,5,-20,-20,-20,3,-20,-20,-20,-20,-20,3,6,7,5,15,30,21,28,26,25,24,40,58,64,59,-20,67,63,30,49,49,37
"chr5,10943971",-20,5,6,4,4,-20,5,6,3,7,3,11,40,39,-20,16,32,20,70,49,62,3,54,33,64,31,24,39,9,4,6,5,7,4,54,57,37,22,14,7,7,42,11,10,16,47,17,64,16,9,15,27,41,28,26,-20,30,52,28,38,31,29,22,30,28,19,20,61,58,13,28,26,15,26,34,43,19,9,14,19,7,23,20,6,9,31,31,50,35,7,19,36,36,31,39,33,12,47,6,37,20,25,-20,6,39,40,3,27,53,3,19,-20,21,38,12,3,42,7,3,2,3,6,9,3,54,5,-20,45,11,15,24,3,3,4,29,45,31,6,3,-20,4,7,-20,8,39,7,4,28,4,4,9,11,-20,17,28,4,-20,9,34,10,5,6,8,4,-20,8,5,4,6,12,24,66,30,7,-20,25,7,8,27,69,10,9,10,3,14,-20,12,20,11,13,9,12,-20,7,10,10,-20,-20,17,9,11,25,28,18,36,6,24,25,15,28,36,38,-20,18,16,16,38,11,27,17,11,11,21,36,9,19,-20,12,35,33,40,30,44,9,12,9,17,16,13,-20,34,23,17,23,7,26,8,14,11,29,-20,21,8,6,18,11,15,11,27,14,12,16,19,12,-20,18,20,6,19,13,21,31,12,-20,21,19,44,41,20,41,15,18,6,-20,-20,-20,-20,-20,6,-20,4,26,9,12,34,28,28,6,6,2,31,4,7,4,9,27,44,4,44,36,35,45,28,50,10,3,-20,6,20,76,11,32,-20,24,11,11,4,-20,4,41,6,10,8,8,31,4,8,19,81,-20,4,33,21,14,6,10,3,12,18,-20,-20,10,8,10,-20,16,3,15,9,-20,10,11,10,6,-20,16,11,4,11,7,9,8,5,37,-20,4,5,49,7,7,15,7,-20,8,16,7,12,14,4,11,4,-20,10,7,8,-20,8,7,35,3,9,8,11,17,-20,10,6,-20,11,9,10,7,3,13,7,9,6,5,6,7,10,10,5,8,-20,-20,17,-20,22,22,13,5,65,15,18,15,3,13,10,9,-20,24,8,3,9,3,12,8,11,11,35,16,4,10,8,-20,14,13,7,-20,-20,14,9,14,9,2,3,4,11,-20,5,7,12,5,-20,3,-20,4,47,34,12,15,9,9,-20,13,6,5,3,13,4,6,17,10,9,-20,7,21,7,6,7,5,6,4,25,6,8,18,13,-20,8,21,5,12,44,38,42,50,8,41,26,2,7,32,46,5,6,27,15,5,32,-20,-20,6,36,5,8,12,16,6,5,-20,-20,12,20,13,-20,15,6,-20,17,-20,11,7,21,8,5,19,44,7,10,48,18,7,15,2,36,-20,30,9,7,12,24,12,4,16,8,25,-20,39,19,50,31,23,42,33,13,25,8,25,12,-20,16,5,-20,-20,3,10,19,11,5,20,16,15,-20,18,10,30,10,16,10,6,17,19,12,16,10,23,6,-20,7,-20,35,19,81,31,53,44,32,27,40,31,15,61,20,10,51,10,15,19,53,43,16,9,-20,25,73,8,13,6,-20,15,49,20,26,25,23,34,-20,51,4,14,9,49,-20,25,32,24,-20,11,14,12,-20,10,13,-20,12,11,-20,9,7,-20,9,5,15,7,8,-20,11,-20,8,20,3,12,4,8,13,8,13,-20,7,8,10,17,-20,5,5,11,7,12,5,14,24,14,15,8,10,7,14,12,7,-20,-20,-20,13,4,4,12,-20,11,13,18,14,-20,9,9,9,16,6,17,8,-20,11,4,14,10,24,7,8,8,22,8,7,5,16,7,18,19,16,10,-20,-20,4,10,5,16,5,13,-20,-20,7,15,7,17,-20,11,13,17,10,7,4,7,9,6,-20,6,10,17,11,6,8,7,18,-20,9,21,10,9,18,5,5,6,9,-20,14,3,-20,22,8,8,18,11,13,8,9,4,11,6,6,10,13,12,9,13,9,6,10,8,16,14,14,34,9,14,16,13,11,10,12,9,20,12,11,10,18,-20,17,6,26,4,16,13,10,13,14,11,-20,12,-20,7,11,4,23,10,16,3,6,10,16,2,17,9,9,12,11,-20,4,5,6,9,8,10,8,-20,9,-20,-20,21,22,16,4,9,-20,5,8,62,4,13,18,12,12,14,16,18,27,15,16,13,17,12,19,11,13,20,17,3,14,15,-20,14,12,-20,15,21,19,9,21,15,18,9,10,16,7,12,7,12,9,10,6,10,5,5,4,11,6,19,10,-20,12,9,9,-20,6,11,3,8,9,-20,7,10,7,10,10,17,-20,7,10,11,15,4,18,7,11,16,7,3,13,7,10,-20,14,-20,11,5,7,-20,-20,5,-20,8,-20,8,9,11,11,-20,3,4,12,5,7,9,7,7,6,7,6,7,11,4,5,22,-20,5,8,10,10,-20,3,11,5,3,4,4,14,-20,6,3,16,3,-20,-20,17,3,8,14,9,7,6,11,4,6,9,7,10,6,16,5,11,-20,8,9,10,-20,-20,-20,7,-20,8,3,-20,5,-20,4,4,6,-20,-20,3,7,5,5,-20,7,5,-20,4,-20,-20,-20,14,4,5,-20,4,-20,4,4,7,-20,4,5,6,-20,10,-20,-20,3,6,5,7,6,8,4,-20,-20,-20,-20,10,7,-20,5,-20,-20,6,-20,5,13,29,20,27,22,23,26,41,58,56,60,121,75,65,28,52,49,39
"chr5,10943972",-20,5,-20,4,4,-20,5,6,3,7,3,11,41,39,28,16,32,20,69,51,62,3,56,33,64,31,24,39,9,4,6,6,7,4,56,57,38,22,14,7,7,41,10,10,16,48,17,61,15,9,15,27,42,28,27,18,32,53,28,39,32,30,22,31,29,19,20,62,59,13,28,26,14,26,35,43,19,9,14,19,7,23,21,6,9,31,31,50,35,7,19,36,36,32,38,33,12,47,6,37,20,25,3,6,39,40,3,27,53,3,19,-20,22,38,13,3,42,7,3,2,3,6,9,3,54,5,-20,45,11,15,24,3,3,4,30,46,31,6,3,-20,4,7,-20,8,41,7,4,28,4,4,9,11,-20,18,28,4,-20,9,34,10,5,6,8,4,-20,8,5,4,6,12,25,66,30,7,5,25,7,11,28,69,10,10,10,3,14,3,12,23,11,12,10,12,-20,-20,10,9,-20,-20,20,9,11,24,28,17,36,6,24,25,15,30,37,38,-20,18,16,17,38,10,26,16,11,11,21,36,9,19,-20,12,34,33,40,28,44,9,12,9,17,16,13,7,34,21,17,23,-20,27,8,14,11,27,-20,21,8,-20,-20,11,14,12,28,-20,13,17,20,12,6,18,21,7,19,13,21,32,11,-20,23,19,44,41,20,41,15,18,6,-20,-20,-20,-20,-20,6,9,4,28,9,11,34,28,28,6,6,2,34,4,-20,4,9,27,44,4,44,38,35,45,28,50,10,3,-20,6,20,73,10,32,18,24,11,9,5,9,4,38,6,10,8,8,32,4,8,20,81,7,4,32,22,15,6,10,3,12,18,11,5,11,8,10,-20,18,3,15,9,-20,10,11,10,6,-20,16,10,4,11,7,9,8,5,40,-20,4,5,52,7,8,15,7,7,8,16,7,12,14,4,12,4,-20,10,7,8,-20,8,7,35,3,9,8,11,18,17,10,6,3,10,10,10,7,3,14,7,9,6,5,6,7,10,10,5,8,-20,-20,17,6,22,22,14,5,64,16,18,15,3,13,-20,9,-20,25,-20,3,9,3,12,9,11,12,35,17,4,10,8,-20,14,13,7,-20,-20,14,9,14,9,2,3,4,11,-20,5,7,12,5,-20,3,-20,4,47,34,12,15,9,10,-20,12,6,5,3,13,5,6,16,10,9,9,7,21,7,6,7,5,6,4,26,6,9,18,13,-20,8,21,5,12,44,38,42,50,8,41,26,2,6,32,48,5,6,27,15,5,32,-20,-20,6,36,5,8,12,16,6,6,-20,15,12,19,13,-20,-20,6,-20,17,6,11,7,20,8,5,18,43,7,10,46,18,8,15,2,37,3,31,9,7,12,24,12,4,16,7,26,-20,37,18,51,31,24,42,34,13,26,8,25,12,-20,16,5,-20,14,3,10,19,11,5,20,16,14,-20,18,10,31,10,16,10,6,17,20,12,16,10,24,6,-20,7,-20,35,19,83,32,53,45,32,27,41,31,15,61,20,-20,50,10,14,22,51,43,17,9,-20,24,72,8,13,6,-20,15,49,20,26,25,23,34,19,51,4,14,8,52,-20,25,33,24,16,10,14,12,8,10,13,-20,12,11,-20,9,7,-20,9,5,15,8,8,-20,11,-20,8,19,3,12,4,8,13,8,13,6,7,8,10,-20,-20,5,5,11,7,12,5,14,24,14,14,8,10,7,14,12,7,-20,-20,5,13,4,4,12,-20,11,13,18,14,-20,9,9,9,15,6,17,8,-20,10,4,14,10,24,7,8,8,22,8,-20,5,17,7,18,19,16,9,-20,-20,4,10,5,16,5,13,-20,13,7,15,7,17,-20,11,13,17,10,7,4,7,9,6,-20,6,10,17,11,6,8,7,18,-20,9,20,10,9,18,5,5,6,9,-20,14,3,-20,23,8,8,18,11,14,8,9,4,11,6,6,10,13,12,9,13,9,6,10,8,16,14,14,34,9,14,16,13,11,10,12,9,20,12,11,10,18,-20,17,6,26,4,16,13,10,13,14,11,-20,12,-20,7,11,4,23,10,16,3,6,10,16,2,17,9,9,12,11,-20,4,5,6,9,8,10,8,-20,9,-20,-20,20,21,16,4,9,-20,5,8,62,4,13,18,11,12,14,16,18,27,15,16,13,18,12,19,11,14,20,17,3,14,15,-20,13,12,-20,15,21,18,9,21,15,18,9,10,16,7,12,7,12,9,10,-20,10,5,5,4,11,6,19,10,7,12,9,9,-20,6,11,3,8,9,-20,7,10,7,10,10,17,-20,7,11,11,15,4,18,7,11,16,7,3,13,7,10,7,14,-20,11,5,7,-20,-20,5,-20,8,-20,8,9,11,11,6,3,4,12,5,7,9,7,7,6,7,6,7,11,4,5,22,-20,5,8,10,10,-20,3,11,5,3,4,4,14,-20,6,3,16,3,-20,6,17,3,8,14,8,8,6,11,4,6,9,7,10,6,16,5,11,-20,8,-20,11,-20,-20,-20,7,-20,-20,3,-20,5,-20,4,3,6,-20,-20,3,7,5,6,-20,6,5,-20,4,-20,-20,-20,13,4,4,6,4,-20,6,4,-20,-20,4,6,6,-20,9,4,-20,-20,6,7,-20,6,-20,4,-20,-20,-20,5,-20,7,-20,4,-20,-20,6,-20,5,13,29,21,27,22,23,26,41,59,54,60,121,75,63,29,52,49,40
"chr5,10943974",3,5,6,4,4,-20,5,6,3,7,3,10,43,39,28,17,32,20,70,53,60,3,56,32,64,30,24,37,9,4,6,6,7,4,55,58,38,22,14,7,8,42,10,10,17,48,17,60,17,11,14,28,44,28,25,18,34,54,28,41,33,31,23,28,28,19,19,63,60,13,29,26,15,25,35,44,19,9,14,19,7,23,21,6,7,30,31,50,35,7,19,38,38,33,40,33,12,48,6,37,20,25,4,6,40,40,3,27,54,3,19,-20,23,41,13,3,43,7,3,2,4,6,11,3,54,5,-20,50,11,15,26,3,3,-20,30,46,32,6,3,-20,4,7,-20,8,42,7,4,28,4,4,-20,11,-20,19,28,4,-20,8,37,10,5,6,8,4,-20,8,5,4,7,12,29,66,30,7,5,24,7,11,28,72,10,10,10,3,13,3,12,25,10,13,10,14,-20,7,10,9,-20,-20,20,-20,11,24,32,16,36,7,24,25,14,30,37,36,-20,20,17,17,38,10,27,18,11,13,21,36,-20,19,-20,11,34,32,40,29,44,9,11,-20,17,-20,13,7,35,22,17,24,10,30,8,16,11,25,-20,21,8,7,19,11,15,11,28,-20,13,18,22,12,6,17,21,7,-20,-20,-20,27,11,-20,23,18,44,41,19,40,15,18,6,-20,-20,-20,-20,-20,6,9,4,28,8,11,36,28,28,6,6,2,30,4,7,4,9,28,45,4,43,39,36,46,28,52,10,4,6,6,19,75,11,33,18,24,11,9,5,11,4,39,7,10,6,8,32,4,8,19,74,7,4,33,23,16,8,11,4,12,18,13,5,11,8,10,-20,18,3,15,12,-20,10,11,10,6,-20,16,10,4,11,8,9,8,5,40,-20,4,5,52,7,9,15,7,7,7,16,7,11,-20,4,13,5,-20,10,7,8,5,8,7,37,3,9,8,11,19,16,11,6,3,11,11,10,7,3,14,7,9,6,5,8,6,10,10,5,8,-20,-20,17,6,22,21,15,6,63,17,16,16,3,12,-20,9,-20,25,8,3,8,3,12,10,11,13,35,-20,4,10,8,-20,14,13,6,-20,-20,15,9,14,9,2,3,4,11,-20,5,7,12,5,-20,3,-20,5,47,35,11,14,9,10,-20,12,6,5,4,13,5,6,16,-20,9,10,7,22,7,6,7,5,6,4,25,6,8,18,13,5,9,21,5,12,44,39,43,51,-20,43,27,2,6,33,48,5,6,28,17,5,31,-20,-20,7,37,6,10,11,15,6,-20,-20,16,12,19,13,-20,-20,6,11,17,7,11,7,20,9,5,19,44,7,-20,47,16,8,15,2,36,3,31,9,6,12,24,12,-20,14,7,27,-20,37,18,52,31,25,41,35,14,-20,8,25,12,-20,15,5,-20,14,3,-20,20,11,-20,20,16,14,-20,18,10,31,10,16,10,6,17,20,12,16,10,24,7,-20,7,-20,36,20,83,32,56,44,33,28,43,28,15,61,21,-20,49,12,13,22,54,43,16,8,-20,26,71,7,13,6,-20,16,49,22,26,26,23,34,18,51,4,15,8,50,-20,26,33,26,17,11,14,12,8,10,13,-20,12,11,-20,9,7,-20,9,5,15,-20,8,-20,11,-20,8,18,3,12,4,8,13,9,13,6,7,8,10,16,-20,5,5,11,7,12,5,14,24,14,15,8,10,7,14,12,8,-20,-20,5,14,4,4,12,-20,10,13,17,14,-20,8,9,9,16,6,16,8,-20,10,4,14,10,24,7,8,8,22,8,7,5,17,8,18,19,16,9,-20,-20,4,10,5,16,5,12,-20,13,7,14,7,16,-20,11,13,17,10,7,4,7,-20,6,-20,6,10,16,11,6,8,7,18,2,9,21,10,9,18,5,5,6,9,-20,14,3,-20,23,8,8,17,11,14,7,9,4,11,6,6,9,12,12,9,13,10,6,9,8,16,14,13,33,9,14,16,12,11,10,12,9,21,12,11,10,18,-20,18,6,26,5,16,13,10,14,14,11,9,12,-20,7,11,4,23,10,16,3,-20,10,16,2,17,9,9,12,12,7,4,5,6,9,8,10,8,-20,-20,-20,-20,20,22,16,4,9,-20,6,8,64,4,13,18,12,12,14,16,18,27,14,16,13,18,12,19,11,14,21,17,3,15,15,-20,13,11,-20,14,21,18,9,21,14,18,9,11,16,7,12,7,12,9,10,6,10,5,5,4,12,6,18,10,7,11,9,9,-20,6,11,3,8,9,-20,8,10,7,10,-20,16,-20,8,11,11,14,4,17,7,12,16,7,3,13,7,10,7,14,-20,11,5,6,-20,-20,5,-20,8,-20,8,9,11,11,6,3,4,13,5,7,9,8,7,6,7,6,7,12,4,5,22,-20,6,8,10,11,-20,3,11,5,3,4,4,14,-20,6,3,17,3,-20,6,18,3,8,14,8,8,-20,11,4,6,9,7,10,5,16,5,12,3,-20,9,11,3,-20,-20,6,-20,8,3,3,5,-20,4,3,-20,-20,-20,-20,6,-20,4,-20,7,4,-20,4,-20,-20,-20,14,-20,4,8,4,-20,7,3,6,-20,3,5,8,-20,-20,3,-20,-20,6,6,7,6,8,4,-20,-20,-20,5,11,7,-20,5,3,-20,6,9,5,13,31,21,27,23,24,27,42,62,53,65,120,72,61,30,52,50,41
"chr5,10943976",3,5,6,4,5,-20,5,7,3,7,3,11,43,40,26,16,32,20,72,52,61,3,55,33,63,31,23,33,8,5,6,7,8,4,52,57,38,23,14,7,9,41,10,10,17,51,17,58,16,10,13,27,46,27,27,18,33,56,27,39,34,30,23,27,28,17,19,61,60,13,29,26,15,26,34,46,20,9,14,19,7,22,21,6,7,31,35,52,35,7,19,38,38,31,39,35,12,44,6,35,21,25,4,6,40,40,3,26,54,3,19,-20,22,41,13,3,42,7,3,2,4,6,11,3,52,5,-20,51,12,15,27,3,3,4,30,46,30,6,3,-20,4,7,-20,8,41,7,4,28,4,4,9,12,-20,21,28,4,-20,5,36,12,5,6,8,4,-20,8,5,4,7,12,30,67,26,7,5,26,7,10,27,77,10,10,10,3,13,3,12,24,-20,13,10,15,-20,-20,-20,9,-20,-20,20,-20,10,26,32,12,38,9,23,24,12,31,35,36,-20,19,17,17,41,11,26,16,-20,13,21,36,-20,19,-20,11,35,33,40,25,44,-20,-20,-20,16,-20,13,7,34,21,-20,23,10,31,7,18,-20,26,-20,-20,8,7,17,12,12,12,28,13,-20,18,19,12,-20,18,21,7,-20,-20,-20,-20,11,-20,21,-20,44,41,19,38,15,18,6,-20,-20,-20,-20,-20,6,-20,4,28,7,11,37,28,26,6,6,2,30,5,7,4,10,28,45,4,43,40,35,45,28,52,10,5,-20,7,20,76,10,32,16,23,11,9,5,11,4,36,7,9,7,10,33,4,8,19,73,-20,4,33,22,16,8,14,4,12,19,13,6,11,8,10,-20,19,3,15,13,-20,10,11,10,6,-20,16,10,4,11,8,9,9,6,45,-20,4,5,53,7,9,15,7,-20,7,-20,7,10,-20,4,12,5,-20,10,7,8,5,8,7,38,3,9,8,11,-20,16,11,6,3,12,9,8,7,3,14,7,9,6,5,8,6,10,10,5,9,-20,-20,16,7,23,22,15,6,62,18,15,16,3,11,-20,8,-20,25,8,3,8,3,-20,10,11,12,37,-20,4,10,8,-20,14,13,6,-20,4,-20,9,13,10,2,3,3,11,-20,5,7,13,5,-20,4,-20,5,47,38,13,-20,10,10,-20,12,6,6,5,12,5,7,-20,-20,10,-20,7,23,7,5,7,6,6,4,25,6,8,19,13,5,-20,22,4,12,43,39,45,51,6,44,27,2,6,30,48,5,6,30,17,5,32,-20,-20,7,38,6,-20,-20,15,7,-20,-20,15,13,19,12,4,12,6,11,19,7,11,7,20,-20,5,17,41,7,10,47,15,6,15,2,38,4,31,9,6,12,-20,12,-20,15,6,27,-20,34,16,51,33,26,39,35,-20,-20,8,25,12,-20,17,5,-20,14,3,11,20,11,5,20,16,15,-20,17,10,31,10,16,10,6,17,20,12,17,10,24,7,-20,7,-20,38,21,83,32,56,38,34,28,42,28,14,61,17,-20,47,11,-20,23,54,45,16,9,11,25,69,6,12,6,-20,17,52,21,26,22,20,33,-20,48,4,16,8,51,8,26,31,25,17,11,14,12,8,10,13,-20,12,11,-20,8,7,-20,9,7,15,8,8,-20,11,-20,8,18,3,12,4,8,13,9,13,6,7,8,10,16,-20,5,5,11,7,12,5,14,24,14,15,8,10,7,-20,12,8,-20,-20,5,14,4,4,13,-20,11,13,18,14,-20,8,9,9,16,6,17,7,-20,10,4,14,10,24,7,8,8,22,8,-20,5,18,8,18,20,16,9,-20,-20,4,10,5,16,5,12,-20,13,7,15,7,16,-20,11,13,17,10,7,4,7,9,6,-20,6,10,16,11,6,9,7,18,2,9,20,10,9,18,5,5,6,9,-20,14,3,-20,23,8,9,17,11,14,-20,9,4,11,6,6,9,12,12,9,14,10,6,9,8,16,14,12,34,9,13,16,12,11,10,12,9,20,13,11,10,18,-20,18,6,26,5,16,13,10,14,14,11,9,12,-20,7,11,4,25,10,17,3,6,10,16,2,17,10,9,13,11,7,4,5,6,9,8,10,8,-20,9,-20,-20,20,22,16,4,9,-20,6,7,66,4,14,19,12,12,15,16,18,27,14,16,13,18,12,20,11,15,21,17,3,-20,15,-20,14,11,-20,15,21,18,9,21,14,18,9,11,16,7,12,7,13,9,10,6,10,5,5,4,12,6,18,10,7,11,9,9,-20,6,11,3,8,9,-20,8,10,7,10,10,16,-20,8,11,11,13,4,18,7,12,16,7,3,13,7,10,7,14,-20,11,5,6,-20,-20,5,-20,8,3,8,9,11,11,6,3,4,13,5,7,9,-20,7,6,7,6,7,12,4,5,22,-20,6,8,-20,11,-20,3,10,5,3,4,4,14,3,6,3,16,3,-20,6,18,-20,8,14,8,8,6,11,4,6,9,7,10,5,16,5,10,3,-20,9,11,3,-20,-20,7,-20,8,3,3,4,-20,4,-20,-20,-20,-20,3,6,6,-20,-20,-20,5,-20,4,-20,-20,-20,-20,-20,5,7,4,-20,7,3,-20,-20,4,-20,8,-20,9,-20,-20,2,4,5,-20,6,-20,4,-20,-20,3,-20,-20,7,-20,-20,3,-20,6,-20,5,13,30,21,29,24,25,29,43,63,52,65,99,72,63,28,52,50,45
"chr5,10943977",3,5,6,4,5,-20,5,7,3,7,3,11,44,42,28,17,32,23,74,55,64,3,55,33,64,32,23,35,8,5,6,7,8,4,49,59,38,23,13,7,9,41,10,10,17,52,17,59,17,10,13,27,44,28,27,18,34,57,26,40,35,30,25,26,27,18,19,62,59,13,28,24,15,26,34,46,21,9,14,-20,7,22,21,6,7,31,35,52,33,7,19,38,37,32,37,36,11,44,6,35,21,25,4,6,39,41,3,29,54,3,19,-20,22,41,12,3,42,-20,3,2,4,6,11,3,54,5,-20,51,12,15,26,3,3,4,31,48,32,6,3,-20,4,7,-20,-20,43,7,-20,27,4,4,9,12,3,23,29,4,-20,5,37,12,5,6,-20,4,-20,8,5,4,8,12,31,67,26,7,5,28,7,10,26,72,10,9,10,3,14,3,13,26,8,13,10,15,-20,7,10,7,-20,-20,19,8,11,26,32,14,38,9,23,24,13,31,35,40,-20,20,17,18,41,11,27,18,10,13,21,36,9,19,-20,12,37,34,40,28,44,9,14,9,18,16,14,6,33,23,17,25,12,32,7,18,-20,28,-20,21,7,7,19,12,14,12,29,16,13,18,21,12,6,18,21,7,25,14,22,27,11,-20,24,18,44,42,19,36,15,17,6,-20,-20,-20,-20,-20,7,8,4,27,7,11,37,28,26,6,6,2,33,5,7,4,10,27,48,4,43,40,35,45,26,53,10,5,5,7,20,75,11,32,17,22,11,9,5,11,4,35,7,10,6,-20,34,4,8,19,73,-20,4,33,24,16,8,14,4,13,19,13,7,-20,8,10,-20,19,3,15,14,-20,10,10,10,6,-20,-20,10,4,9,9,10,9,6,46,-20,4,5,53,8,9,16,7,8,7,16,6,10,14,3,-20,5,-20,10,7,8,5,8,7,39,3,9,8,10,19,16,11,-20,3,12,10,8,7,3,14,6,9,6,5,8,6,10,10,5,10,-20,-20,17,7,23,22,15,7,62,20,15,16,4,11,10,8,-20,24,8,3,8,3,12,10,11,12,38,17,4,-20,8,-20,14,13,6,-20,4,15,9,13,10,2,3,3,11,-20,5,7,14,5,-20,4,-20,5,47,38,13,17,10,10,-20,12,6,7,5,12,5,6,18,10,10,10,-20,23,7,5,7,6,6,4,25,-20,8,19,13,5,9,22,-20,12,42,40,42,51,6,44,28,2,6,30,48,5,6,27,17,5,33,-20,-20,7,39,6,10,12,15,7,9,-20,15,14,19,12,4,13,6,10,16,7,12,7,21,-20,5,19,41,7,10,47,18,6,14,2,39,4,33,9,6,12,24,13,6,15,6,26,-20,36,16,52,33,32,40,35,16,28,8,24,13,-20,17,5,-20,13,3,11,20,10,4,20,-20,15,-20,17,-20,31,10,15,10,6,18,20,12,17,10,24,7,-20,7,-20,37,20,84,32,55,40,34,28,41,30,17,62,18,10,49,11,13,24,53,46,17,10,-20,25,71,6,12,6,6,17,52,21,29,22,20,33,19,50,4,16,9,52,8,26,31,28,17,12,14,12,8,10,13,-20,12,10,-20,8,7,-20,9,7,-20,8,8,-20,11,-20,8,19,3,12,4,8,12,-20,12,6,7,8,10,16,-20,5,5,11,7,12,5,14,24,13,15,8,10,7,14,11,8,-20,-20,5,14,4,4,13,-20,11,13,18,13,-20,8,-20,9,16,6,17,7,-20,10,4,14,10,23,7,8,8,22,8,-20,5,17,-20,18,19,-20,9,-20,-20,4,10,6,17,-20,-20,-20,13,7,14,7,16,-20,11,13,17,-20,7,4,7,10,-20,-20,6,-20,16,11,6,-20,7,18,2,9,21,10,9,18,5,-20,6,-20,-20,14,3,-20,23,-20,9,18,11,15,7,9,4,11,6,6,9,12,13,9,14,10,6,9,8,16,14,13,34,-20,12,16,12,11,10,12,-20,21,13,11,10,18,-20,18,6,25,5,15,13,10,14,14,11,9,12,-20,7,11,4,24,10,16,3,6,-20,16,2,17,10,9,13,11,7,4,5,6,9,8,10,8,-20,9,-20,-20,21,21,15,4,10,-20,6,7,67,4,14,19,12,13,14,16,17,27,13,16,13,18,12,20,11,15,-20,17,3,15,14,-20,14,11,-20,15,21,18,9,21,14,18,9,11,-20,7,12,7,12,-20,-20,6,10,5,5,4,11,-20,18,-20,7,12,9,10,-20,6,11,3,8,9,-20,8,10,7,10,10,16,-20,8,11,11,14,4,18,7,12,16,7,3,13,7,10,7,14,-20,11,5,6,-20,-20,5,-20,8,3,8,9,12,11,6,3,4,13,5,7,9,8,7,6,7,6,7,12,4,5,22,-20,6,8,10,11,-20,3,11,5,3,4,4,14,3,6,3,16,-20,-20,-20,18,3,8,14,8,9,6,11,4,6,9,7,10,5,15,5,11,3,10,10,11,-20,-20,-20,8,-20,8,4,3,5,-20,4,3,7,3,-20,2,7,-20,6,-20,9,5,3,4,3,-20,-20,15,-20,5,8,5,-20,7,3,6,3,-20,5,8,-20,8,3,-20,-20,6,5,7,6,9,4,-20,-20,-20,5,11,6,-20,-20,-20,-20,6,9,4,13,31,21,29,24,25,29,43,64,53,65,98,75,60,28,51,49,45
"chr5,10943978",3,5,6,4,5,-20,6,7,3,7,3,13,45,42,28,17,33,23,74,54,64,3,53,32,65,31,23,34,8,5,6,7,8,4,50,59,38,23,14,7,9,40,10,8,17,51,17,60,17,10,13,27,46,28,27,19,34,55,27,40,34,30,26,25,26,19,19,61,57,13,28,22,15,25,35,46,22,9,14,19,7,22,21,6,7,31,35,51,33,7,19,38,32,31,39,36,12,44,6,34,22,26,4,6,39,42,3,29,53,3,19,-20,20,40,13,3,43,7,3,2,4,6,11,3,55,5,-20,49,12,15,26,3,3,4,30,49,34,6,3,-20,4,7,-20,8,43,7,4,28,5,4,9,12,3,24,29,4,-20,5,37,12,5,6,8,4,-20,8,5,4,8,16,31,72,30,10,5,27,7,10,27,72,9,9,10,3,14,2,13,26,8,13,10,14,-20,7,10,8,-20,-20,19,8,10,26,32,14,38,9,23,23,13,30,43,42,-20,20,17,18,41,11,27,19,11,13,21,35,9,19,-20,12,38,34,37,29,44,9,14,9,16,14,14,6,34,23,17,25,14,31,7,17,-20,29,-20,21,7,6,20,12,14,14,29,16,13,18,21,12,6,19,21,7,26,15,22,27,11,-20,23,17,44,41,17,37,15,17,5,-20,-20,-20,-20,-20,7,8,4,25,7,11,37,27,26,6,6,2,31,5,7,4,10,30,46,4,42,40,35,45,25,55,10,5,6,7,20,75,10,33,17,22,11,9,4,11,4,36,7,8,5,10,35,4,8,19,77,8,4,34,24,16,8,13,4,12,19,13,8,-20,7,10,-20,19,3,15,15,-20,10,10,10,7,-20,16,9,3,10,9,10,9,6,46,-20,4,5,54,8,9,16,7,8,8,17,5,10,14,3,11,4,-20,11,7,8,4,8,8,39,3,9,8,10,19,16,11,7,3,12,10,8,8,3,14,5,9,7,5,8,6,10,9,6,10,-20,-20,18,7,24,22,16,7,63,20,15,17,4,11,10,8,-20,24,8,3,8,3,11,10,10,12,36,19,4,10,8,-20,14,13,6,-20,4,15,9,14,9,2,3,3,11,-20,6,7,14,5,-20,4,-20,5,48,37,13,16,10,10,-20,12,6,7,5,13,5,6,18,9,10,9,7,23,7,5,7,5,6,4,24,6,8,18,12,5,9,22,-20,12,41,39,43,52,6,44,28,2,6,30,47,5,6,28,16,5,32,-20,-20,7,39,6,10,11,15,7,9,-20,15,15,19,13,4,14,6,10,16,7,12,7,20,10,5,19,41,7,10,50,18,7,14,2,36,4,33,8,6,12,25,14,6,15,6,27,-20,36,17,52,34,32,39,34,17,27,8,24,13,-20,17,5,-20,14,3,11,20,10,4,20,16,15,-20,17,10,31,10,15,10,6,18,20,12,17,10,24,7,-20,7,-20,36,-20,86,33,55,40,32,28,44,30,17,59,18,10,50,11,13,24,52,44,17,10,11,26,70,6,12,6,6,17,50,21,29,22,20,33,19,51,6,16,9,51,8,26,28,28,17,12,14,12,8,10,13,-20,12,11,-20,8,7,-20,9,7,15,8,8,-20,11,-20,8,19,3,12,4,8,13,9,13,6,7,8,10,16,-20,5,5,11,7,12,5,14,24,14,15,8,10,7,14,12,8,-20,-20,5,14,4,4,13,-20,11,13,18,14,-20,8,9,9,16,6,18,7,-20,11,4,14,10,24,7,8,8,22,8,7,5,18,8,18,19,16,9,-20,-20,4,10,6,17,5,12,-20,13,7,14,7,16,-20,11,13,17,10,7,4,7,10,6,-20,6,-20,16,11,6,9,7,18,2,9,21,10,9,18,5,5,6,9,-20,14,3,-20,23,8,9,18,11,15,7,9,4,11,6,6,9,12,13,9,14,10,6,9,9,16,14,13,36,9,13,16,12,11,10,13,9,21,13,11,10,18,-20,18,6,26,5,16,13,10,14,14,11,10,12,-20,7,11,4,25,10,17,3,-20,10,16,-20,17,10,9,13,11,7,4,5,6,9,8,10,8,-20,9,-20,-20,21,22,16,4,10,-20,6,7,65,5,14,19,12,14,15,16,18,28,13,16,13,18,12,20,11,15,22,17,3,15,15,-20,14,11,-20,15,21,19,9,21,14,18,9,11,17,7,12,7,13,9,10,6,10,5,5,4,12,6,18,10,7,12,9,10,-20,6,11,3,8,9,-20,8,10,7,10,11,17,-20,8,11,11,14,4,18,7,12,16,7,3,13,7,10,7,14,-20,11,5,6,-20,-20,5,-20,8,3,8,9,12,11,6,3,4,13,5,7,9,8,7,6,7,6,7,12,4,5,22,-20,6,8,10,10,-20,3,11,5,3,4,4,15,3,6,3,17,-20,-20,7,18,3,8,14,8,9,6,11,4,6,9,7,12,5,15,5,11,3,10,9,10,3,-20,-20,7,-20,6,-20,-20,5,-20,4,4,5,3,-20,-20,6,7,6,-20,8,4,3,4,3,-20,-20,15,-20,4,9,5,-20,5,3,7,3,5,6,8,-20,-20,3,-20,3,6,7,7,5,10,4,-20,-20,-20,4,11,7,-20,-20,-20,-20,6,10,4,13,30,21,29,25,25,28,42,63,53,65,99,75,63,29,52,48,45
"chr5,10943979",3,5,6,4,5,-20,6,7,3,7,3,13,46,43,28,16,32,22,72,55,64,3,53,33,64,30,22,33,8,5,6,7,-20,4,50,59,38,23,14,7,9,39,10,8,17,51,17,58,16,10,13,28,47,28,29,20,34,56,27,40,34,32,25,25,26,21,19,63,53,13,29,22,15,25,34,47,22,9,14,19,7,22,21,6,7,31,35,52,33,8,20,39,34,31,38,36,12,43,6,35,22,26,4,6,39,40,3,29,53,3,19,-20,19,39,13,3,42,7,3,2,4,6,11,3,55,5,-20,49,12,15,25,3,3,4,31,50,34,6,3,-20,4,7,-20,8,42,7,4,28,5,4,9,12,3,22,29,4,-20,6,38,12,5,6,7,4,-20,8,5,4,8,16,31,71,30,9,5,25,6,10,26,81,9,9,10,3,18,2,13,26,8,13,10,15,-20,7,10,8,-20,-20,19,8,10,26,33,13,36,10,23,21,13,31,41,43,-20,20,17,18,43,11,26,19,11,14,21,34,9,18,4,12,38,34,39,29,44,9,14,9,16,14,14,6,33,22,17,24,14,31,7,17,-20,29,-20,23,-20,6,20,13,13,14,27,15,13,18,21,12,6,17,22,7,26,16,22,27,11,-20,23,17,45,41,17,37,15,17,5,-20,-20,-20,-20,-20,7,10,4,26,7,13,40,24,25,6,6,2,31,5,7,4,11,33,45,4,44,41,33,44,25,57,10,5,6,7,20,74,10,33,17,22,11,9,4,11,4,35,8,8,5,10,35,4,8,20,74,8,4,34,24,16,8,14,4,12,19,13,9,-20,7,10,-20,19,3,15,15,-20,10,10,10,7,-20,16,9,3,10,9,10,9,6,46,-20,4,5,53,8,9,16,7,8,7,17,5,10,14,3,11,4,-20,11,7,8,4,8,9,41,3,9,7,10,19,16,11,7,5,12,10,8,9,3,14,5,9,8,5,8,5,10,9,6,10,-20,-20,19,7,23,22,16,8,62,21,15,17,4,11,10,8,-20,23,8,3,8,3,11,10,11,13,36,19,4,10,8,-20,14,13,6,-20,5,15,9,14,8,2,3,3,11,-20,6,7,14,6,-20,4,-20,5,47,36,13,16,10,10,-20,12,6,7,5,13,5,5,18,9,13,9,7,23,7,5,6,6,6,4,25,6,8,17,12,5,9,21,-20,11,41,38,43,51,6,45,29,2,6,33,47,5,6,28,16,5,32,-20,-20,7,39,5,10,11,15,-20,9,-20,15,15,17,14,-20,14,6,10,17,7,12,6,20,10,4,18,41,7,11,50,19,6,14,3,38,4,33,9,6,12,25,14,6,14,6,27,-20,35,17,53,32,33,38,32,17,27,7,24,12,-20,17,5,-20,14,3,11,20,11,4,20,15,15,-20,17,10,31,10,15,10,6,18,20,12,16,10,24,7,-20,7,-20,40,20,86,33,56,39,32,29,43,29,17,63,18,10,49,11,13,24,52,44,18,10,11,26,71,6,11,6,7,16,52,21,29,21,19,33,20,51,6,17,9,53,9,26,26,28,17,12,14,12,8,10,13,-20,12,11,-20,8,7,-20,9,7,15,8,8,-20,11,-20,8,19,3,12,4,8,13,9,13,6,7,8,10,16,-20,5,5,11,7,12,5,16,24,14,15,8,10,7,14,12,8,-20,-20,5,14,4,4,13,-20,11,13,18,14,-20,8,10,9,16,7,18,7,-20,11,4,14,10,24,7,8,8,21,-20,7,5,18,8,18,19,16,9,-20,-20,4,10,6,17,5,12,-20,13,7,15,7,16,-20,11,13,17,10,7,4,7,10,6,-20,6,10,16,11,6,9,7,18,2,9,21,10,9,18,5,5,6,9,-20,14,3,-20,23,8,9,18,11,15,7,9,4,11,6,6,9,12,13,9,14,10,6,9,9,16,14,13,37,9,13,16,12,11,10,13,9,21,13,11,10,18,-20,18,6,26,5,16,13,10,14,14,11,10,11,-20,7,11,4,25,10,17,3,6,10,16,-20,17,10,9,13,11,7,4,5,6,9,8,10,8,-20,9,-20,-20,21,22,16,4,10,-20,6,7,66,5,14,19,12,13,15,16,18,28,14,16,13,18,12,20,11,15,22,17,3,15,15,-20,14,11,-20,14,21,19,9,21,14,18,9,11,17,7,12,7,13,9,10,6,10,5,5,4,12,6,18,10,7,12,9,10,-20,6,11,3,8,9,-20,8,10,7,10,10,17,-20,8,11,11,14,4,18,7,12,16,7,3,13,7,10,7,14,-20,11,5,6,-20,-20,5,-20,8,3,8,9,12,11,6,3,4,13,5,7,9,8,7,6,7,6,7,12,4,5,22,-20,6,8,10,10,-20,3,11,5,3,4,4,15,3,6,3,17,-20,-20,-20,18,3,8,14,8,9,6,11,4,6,9,7,12,5,16,5,11,3,8,8,8,4,-20,-20,9,-20,6,4,3,6,-20,4,4,6,-20,-20,3,6,7,6,-20,8,5,3,4,4,-20,3,15,-20,-20,10,4,-20,7,3,7,3,5,6,6,-20,9,-20,-20,-20,7,8,8,5,10,4,-20,-20,-20,5,12,6,-20,5,-20,-20,6,10,4,13,30,21,29,24,25,28,42,63,55,65,99,74,63,29,51,48,45
"chr5,10943981",3,5,6,4,5,-20,6,6,-20,7,3,13,47,43,28,16,30,21,71,57,-20,3,54,34,64,31,24,32,8,5,6,7,7,4,51,60,38,23,14,7,9,39,8,8,17,49,17,60,16,9,13,27,44,28,30,18,35,56,27,40,34,32,27,24,25,21,19,65,54,14,29,21,15,26,35,48,22,9,14,19,7,19,20,6,7,34,35,47,34,8,19,39,33,30,36,36,12,43,6,35,23,25,4,6,39,40,3,28,53,3,19,-20,21,38,13,3,41,7,3,-20,4,6,11,3,53,5,-20,49,12,15,27,3,3,4,29,51,35,6,3,-20,4,7,-20,8,39,7,4,28,5,4,9,12,3,21,31,4,-20,7,38,12,5,6,7,4,-20,8,5,4,-20,18,30,76,31,8,4,23,7,10,25,84,9,9,10,3,18,2,13,25,8,13,9,15,-20,7,11,8,-20,-20,14,8,10,25,35,12,37,10,24,21,14,30,40,43,11,20,17,18,46,10,25,20,11,12,23,33,9,18,5,10,37,33,39,26,44,9,12,9,16,14,14,11,33,20,12,26,14,32,7,15,-20,27,-20,22,7,6,20,12,15,13,25,15,12,15,20,10,6,19,22,8,26,14,22,26,-20,-20,24,15,46,40,18,38,15,17,5,-20,-20,-20,-20,-20,7,9,4,25,7,12,39,15,24,6,6,2,31,5,7,4,11,34,43,4,47,43,34,43,24,55,9,6,6,6,20,80,12,34,18,23,13,9,4,12,5,32,8,7,6,9,39,3,9,20,72,9,5,34,24,16,8,14,4,12,20,13,8,-20,7,9,-20,18,3,15,16,-20,10,8,10,7,-20,16,9,3,10,9,10,9,6,47,-20,3,4,55,8,10,16,8,8,6,17,6,10,15,3,12,4,-20,11,6,7,6,-20,9,45,-20,9,8,10,18,16,11,6,5,12,10,8,9,3,15,6,9,9,4,8,5,10,10,6,10,-20,-20,20,7,23,23,16,9,61,21,15,17,4,11,10,8,3,23,8,3,9,3,13,10,11,14,35,19,4,11,7,-20,14,14,6,-20,6,15,10,14,10,2,4,4,11,-20,6,7,15,6,-20,4,-20,5,46,39,14,16,10,10,-20,12,7,7,5,13,5,5,18,9,13,10,7,23,7,5,6,6,6,4,24,6,6,18,14,-20,9,21,-20,10,40,40,41,51,6,46,28,2,6,34,48,5,6,28,16,4,32,-20,-20,10,39,5,10,12,12,-20,9,-20,15,14,20,14,5,14,4,11,17,8,12,6,20,10,3,18,40,6,11,49,17,8,13,3,38,-20,33,9,6,12,26,14,7,15,7,23,-20,35,17,56,33,33,38,31,16,27,8,24,12,-20,17,5,-20,14,3,11,20,11,4,20,16,15,-20,17,10,32,10,15,10,6,18,20,12,16,10,24,7,-20,7,-20,37,19,84,32,57,36,31,30,41,29,17,62,18,11,48,11,14,24,51,43,17,10,11,26,70,6,9,6,7,15,52,20,29,18,17,32,19,57,7,16,8,54,9,25,27,-20,17,12,14,12,8,10,13,-20,12,11,-20,8,7,-20,9,7,15,8,8,-20,11,-20,8,19,3,14,4,8,14,10,13,6,7,8,10,17,-20,5,5,11,7,12,5,16,23,14,16,8,10,8,14,12,8,-20,-20,5,14,4,4,13,-20,11,13,18,14,-20,8,10,9,16,7,17,7,-20,11,4,14,10,23,7,8,9,21,8,-20,5,17,8,18,19,16,8,-20,-20,4,10,6,17,5,12,-20,13,7,15,7,16,-20,11,13,17,10,7,4,7,11,6,-20,5,10,16,10,6,9,7,18,2,9,21,10,9,18,5,5,6,9,-20,14,3,-20,23,8,9,18,11,15,7,9,4,11,6,6,9,12,13,9,14,10,6,9,9,16,14,13,39,9,13,16,12,11,10,13,9,21,13,11,10,18,-20,18,6,26,5,16,13,10,14,15,11,10,-20,-20,7,11,4,25,10,17,3,6,11,16,-20,17,10,9,13,11,7,4,5,6,9,8,10,8,-20,9,-20,-20,21,22,16,4,10,-20,6,7,65,5,14,19,12,14,14,16,18,28,14,15,13,19,12,20,11,15,22,17,3,15,15,-20,14,11,-20,14,21,19,9,21,14,18,9,11,17,7,12,7,13,9,10,6,10,5,5,4,12,6,18,10,7,12,9,10,-20,6,11,3,8,9,-20,8,10,7,10,11,17,-20,8,11,11,14,4,18,7,12,16,7,3,13,7,10,7,14,-20,11,5,6,-20,-20,5,-20,8,3,8,9,12,11,6,3,4,13,5,7,9,8,7,6,7,6,7,12,4,5,21,-20,6,8,10,10,-20,3,11,5,3,4,4,15,3,6,3,17,4,-20,7,18,3,8,13,8,9,6,11,4,6,9,7,12,5,16,5,11,3,10,9,9,4,-20,-20,7,-20,7,4,3,7,-20,-20,5,8,3,-20,3,4,4,4,-20,7,5,-20,4,4,-20,-20,15,5,-20,9,4,-20,8,5,7,4,5,5,7,-20,-20,-20,-20,-20,7,7,7,6,10,4,-20,-20,3,4,10,6,-20,-20,-20,-20,6,8,4,13,31,21,30,24,26,29,42,62,56,65,99,78,63,29,49,48,46
"chr5,10943983",3,5,6,3,5,-20,6,6,3,7,4,12,49,45,28,18,30,22,69,58,63,3,55,34,63,33,24,33,8,5,6,7,8,3,53,59,38,24,14,7,9,37,9,8,17,51,17,57,15,9,12,27,43,33,30,18,35,58,29,39,33,32,28,24,25,22,18,66,51,14,32,21,15,26,33,46,21,9,16,19,7,19,20,6,7,33,38,47,33,8,19,39,32,31,34,37,12,42,6,33,23,26,4,7,39,39,3,27,54,3,19,-20,21,38,14,3,40,7,3,-20,4,6,11,3,56,5,-20,52,12,16,27,3,3,4,28,50,35,6,3,-20,4,7,-20,8,37,7,4,28,5,5,9,12,4,22,28,4,-20,7,37,13,5,7,7,4,-20,8,5,4,8,18,35,78,30,8,4,22,8,9,25,84,8,10,10,3,18,3,15,23,8,13,9,14,-20,6,11,9,-20,-20,14,8,10,25,35,12,37,10,24,22,16,30,38,44,11,19,19,20,46,9,22,19,12,12,23,33,9,18,5,11,38,34,41,26,43,9,11,9,15,16,17,12,33,24,11,30,14,32,6,15,-20,28,-20,22,-20,7,21,7,15,14,29,15,13,14,20,10,5,19,23,8,26,17,22,22,-20,-20,23,15,48,44,22,37,18,17,5,-20,-20,-20,-20,-20,7,9,4,24,7,12,37,16,24,6,6,2,29,5,7,4,11,36,44,4,47,44,32,42,22,52,8,8,6,5,19,80,12,34,19,23,11,9,4,11,5,33,7,8,6,10,40,4,9,20,68,9,6,34,24,15,8,15,4,13,20,11,8,11,7,9,-20,18,3,15,17,-20,11,8,11,7,-20,16,10,4,10,9,11,9,5,48,-20,3,4,55,7,9,16,8,7,5,19,7,10,14,3,12,4,-20,9,7,7,6,8,9,48,5,9,8,10,20,17,10,6,6,12,11,7,9,3,18,6,9,11,4,8,5,10,11,6,10,-20,-20,20,7,24,22,18,8,61,22,15,15,4,11,10,8,3,23,8,3,9,3,11,9,12,14,37,20,4,10,6,-20,14,12,6,-20,6,15,8,14,11,2,4,4,11,-20,6,7,16,7,-20,3,-20,5,47,38,14,15,10,10,-20,12,7,7,5,15,5,5,19,10,13,10,7,23,7,5,8,5,6,4,23,6,6,17,14,5,9,20,-20,10,39,41,41,50,6,46,28,2,6,34,46,6,6,28,16,4,31,-20,-20,10,37,6,9,12,12,6,8,-20,16,15,21,15,4,15,4,14,17,8,12,6,18,9,4,18,38,6,11,46,18,8,14,3,37,-20,33,11,6,11,26,15,7,19,6,24,-20,34,18,56,34,35,41,32,14,27,8,24,12,-20,17,5,-20,14,3,12,21,10,-20,20,16,15,-20,17,10,34,10,15,10,8,19,19,12,17,10,26,7,-20,7,-20,36,19,84,31,59,35,29,27,40,26,18,62,19,11,47,11,14,25,54,43,17,7,11,27,68,6,8,7,7,16,50,18,25,17,17,32,19,54,7,16,9,55,10,24,28,31,15,11,14,11,8,10,13,-20,12,11,-20,8,7,-20,9,7,15,8,7,-20,12,-20,8,21,3,14,4,9,14,10,13,6,7,8,10,17,-20,-20,5,11,8,12,5,16,25,13,16,8,10,8,14,13,7,-20,-20,5,14,4,4,12,-20,10,14,17,14,-20,7,11,9,16,7,18,7,3,12,-20,14,10,24,6,-20,9,25,8,-20,5,18,8,19,18,16,8,-20,-20,4,10,7,17,5,12,-20,13,7,15,7,16,-20,11,13,18,11,7,4,7,11,7,-20,5,11,16,10,6,9,7,19,2,9,21,10,9,18,5,5,6,9,-20,14,3,-20,23,8,9,18,11,15,7,9,4,11,6,6,9,12,13,10,14,10,6,9,10,16,14,13,39,9,13,16,12,12,10,14,9,22,14,11,10,19,-20,18,6,26,6,18,13,10,14,15,11,10,-20,-20,7,11,5,25,10,17,3,6,10,15,-20,17,10,9,13,12,7,4,5,6,9,7,10,8,-20,9,-20,-20,23,22,18,4,10,-20,6,7,64,5,14,19,12,14,14,16,18,28,14,15,14,19,12,19,11,15,22,17,3,15,15,-20,14,12,-20,14,21,20,9,21,14,18,10,11,17,7,12,7,13,9,10,7,10,5,-20,5,12,6,18,10,7,12,9,10,-20,7,11,3,8,9,-20,9,10,7,10,11,17,-20,8,11,11,15,4,18,8,12,17,7,3,13,7,10,7,14,-20,11,5,7,-20,-20,5,-20,-20,3,8,9,12,12,6,3,4,13,5,7,9,8,7,6,7,6,7,13,5,5,20,-20,6,8,10,10,-20,3,10,5,3,4,4,15,3,6,4,17,4,-20,7,18,3,8,14,9,9,6,11,4,6,9,7,12,7,16,5,11,3,11,8,10,4,-20,-20,6,-20,6,4,4,6,2,4,4,8,3,-20,3,5,7,4,-20,8,5,-20,4,4,-20,3,14,-20,3,8,4,-20,7,5,8,5,5,4,8,-20,10,-20,-20,-20,7,-20,9,6,9,4,-20,-20,3,4,10,6,-20,-20,-20,-20,7,9,4,13,30,21,29,25,26,28,42,62,56,65,99,83,61,28,47,49,45
"chr5,10943984",3,5,6,3,-20,-20,6,6,3,7,4,12,49,45,27,17,28,22,72,57,64,3,55,34,63,33,24,37,8,5,6,7,8,3,55,60,38,23,14,7,10,36,8,8,16,50,17,58,16,9,12,26,43,33,29,18,36,54,29,39,32,32,28,26,27,21,18,68,51,14,31,20,14,26,32,45,21,9,15,19,7,19,19,6,7,33,38,46,30,8,18,39,33,31,33,34,13,45,6,33,23,27,4,7,39,38,3,27,53,3,19,-20,21,38,14,3,42,7,3,-20,4,6,12,3,56,5,3,52,12,16,27,3,4,4,28,49,35,6,3,-20,5,7,-20,8,37,7,4,28,5,5,9,12,4,22,30,4,-20,7,36,12,5,7,7,4,-20,8,5,4,8,18,35,79,29,8,4,22,8,9,25,93,8,11,11,3,18,3,15,22,9,13,9,14,-20,6,12,9,-20,-20,14,8,12,24,34,10,37,10,24,22,15,30,39,43,11,19,20,20,45,10,22,19,12,12,24,32,9,19,5,11,36,34,42,26,45,9,10,9,15,16,17,11,33,25,13,30,14,32,5,15,-20,28,-20,22,7,6,20,8,14,13,26,14,13,14,21,10,6,19,22,7,25,16,22,21,9,-20,23,16,49,44,22,35,17,17,5,-20,-20,-20,-20,-20,7,9,4,23,8,12,36,16,23,6,6,2,30,5,7,4,11,35,44,4,47,45,30,42,23,51,9,8,6,5,18,82,12,34,19,23,11,9,4,10,5,33,6,8,6,10,40,4,9,21,67,9,6,34,25,15,8,15,4,13,20,13,8,11,7,9,-20,18,3,16,17,-20,11,8,11,7,-20,16,10,4,10,10,11,9,5,50,-20,3,4,56,9,9,17,8,8,5,19,7,9,13,3,11,4,-20,9,6,7,6,8,9,48,5,9,8,10,22,18,10,6,6,13,11,7,9,3,18,7,9,11,4,8,5,10,11,6,10,-20,-20,21,7,24,23,18,8,64,22,15,15,4,11,10,8,3,23,9,3,9,3,11,10,12,15,38,20,4,10,6,-20,16,14,6,-20,6,15,8,14,11,2,4,4,11,-20,6,7,16,7,-20,4,-20,5,47,38,15,15,10,9,-20,12,7,7,5,15,5,5,19,9,13,11,7,23,7,5,8,5,6,4,24,6,6,16,14,5,9,20,-20,10,38,41,38,50,6,46,28,2,7,33,48,6,6,28,16,4,32,-20,-20,10,37,6,-20,12,12,6,9,-20,16,15,21,15,3,15,4,14,17,8,12,6,18,8,4,17,38,6,11,48,19,8,14,3,36,-20,34,11,7,9,25,15,7,19,6,24,-20,35,18,57,34,35,43,31,14,27,8,24,12,-20,17,5,-20,14,-20,12,22,10,5,20,15,16,-20,18,10,34,10,15,11,8,19,20,13,17,10,25,7,-20,7,-20,36,18,86,31,58,36,30,29,42,27,18,61,19,11,49,12,14,25,54,42,17,7,11,26,70,-20,8,7,6,16,47,18,26,17,16,31,19,55,7,17,9,54,11,24,28,30,14,11,14,10,8,10,13,-20,12,11,-20,9,7,-20,9,7,15,10,8,-20,12,-20,7,22,3,14,4,11,14,10,14,6,7,8,10,17,-20,7,5,11,8,12,5,17,25,13,16,8,10,8,14,13,7,-20,-20,7,14,4,4,12,-20,10,13,17,14,-20,7,12,11,16,7,18,7,3,12,7,14,-20,25,6,8,9,25,8,8,5,19,8,19,18,16,8,-20,-20,4,10,7,17,5,12,-20,13,7,17,7,17,-20,11,13,18,12,7,4,7,11,8,-20,5,11,17,10,6,9,7,19,2,9,22,10,9,17,5,4,6,9,-20,14,3,-20,23,8,9,17,11,15,7,9,4,11,6,7,9,12,13,10,14,10,6,9,10,16,14,13,40,9,13,16,12,11,10,14,8,22,14,11,10,19,-20,18,7,27,6,18,13,10,15,15,11,10,-20,-20,8,11,5,25,11,17,3,6,9,15,-20,17,10,9,12,12,7,4,5,6,9,7,10,8,-20,9,-20,-20,23,22,18,4,10,-20,7,7,64,5,14,19,12,14,15,15,18,28,14,15,15,19,12,19,11,15,22,16,4,14,15,-20,14,12,-20,15,21,20,10,21,14,18,10,11,17,7,12,7,13,9,10,7,10,5,5,5,12,6,19,10,8,12,9,10,-20,7,11,3,8,9,-20,9,10,7,10,11,18,-20,8,11,12,15,4,17,9,12,18,7,3,13,7,11,7,14,-20,11,5,7,-20,-20,5,-20,8,3,8,9,12,14,6,3,4,14,5,7,9,8,7,6,7,6,8,14,5,5,21,-20,6,10,10,10,-20,3,10,5,3,4,4,15,3,7,4,17,4,-20,7,18,3,8,14,9,9,6,11,4,7,9,7,12,7,16,5,11,3,11,8,9,4,-20,2,8,-20,6,3,4,7,2,4,5,7,4,-20,4,6,6,5,-20,8,5,-20,3,4,-20,2,15,4,3,8,5,-20,9,5,7,5,5,4,8,-20,8,4,-20,-20,7,8,-20,6,9,4,-20,-20,3,3,10,6,-20,-20,5,-20,5,-20,4,13,29,21,29,25,25,27,42,62,59,65,99,84,62,28,47,48,45
"chr5,10943986",3,5,7,3,5,-20,7,6,3,7,6,13,49,45,27,18,29,23,75,61,64,3,59,34,61,32,24,39,8,5,6,7,8,-20,57,59,37,24,15,9,10,36,9,8,16,52,15,53,14,11,12,25,43,35,26,18,36,53,29,39,32,35,30,27,27,20,18,67,53,14,32,20,14,27,32,46,20,9,16,22,7,20,20,6,7,34,38,44,32,8,19,39,33,30,33,34,12,46,6,35,23,28,4,7,39,39,6,27,53,3,19,-20,21,38,14,3,43,7,3,-20,4,6,13,3,56,5,3,50,14,17,27,3,4,4,27,50,34,6,3,-20,5,7,-20,8,36,8,4,28,5,5,9,12,4,22,29,4,-20,7,39,11,5,7,7,4,3,8,6,4,-20,18,35,78,31,9,4,22,8,9,24,91,8,11,11,3,18,3,15,23,9,12,9,15,-20,7,11,8,-20,-20,14,10,12,23,36,10,36,10,24,20,15,28,39,46,-20,19,20,20,45,10,20,20,11,12,24,31,9,18,5,11,37,35,42,26,47,9,11,9,14,18,17,11,33,26,13,30,14,32,-20,14,-20,28,-20,21,7,6,20,8,12,13,26,15,13,16,17,10,6,18,23,8,25,15,22,21,9,-20,23,16,49,44,22,38,17,15,6,-20,-20,-20,-20,-20,7,9,4,23,8,12,35,16,22,7,6,2,28,5,7,4,10,36,45,4,46,45,31,40,23,50,11,8,6,5,19,83,12,34,19,24,11,10,4,11,6,34,8,8,6,9,40,4,9,23,66,10,6,31,26,16,8,16,3,13,19,13,8,12,7,9,-20,18,3,16,17,-20,11,8,11,8,-20,16,9,4,11,10,12,9,5,52,-20,3,4,60,9,10,18,8,8,5,19,7,9,12,3,11,4,-20,9,6,8,6,8,9,49,-20,9,7,10,22,19,10,6,7,13,11,9,9,3,19,7,9,10,4,8,6,10,11,6,11,4,-20,20,7,24,22,19,8,65,22,15,15,4,12,10,9,3,23,8,3,10,3,10,10,11,15,41,18,4,12,6,-20,16,14,6,-20,6,15,8,13,10,3,4,4,11,-20,6,7,16,7,-20,4,-20,5,46,38,15,14,9,9,-20,11,7,7,6,15,5,4,19,10,14,11,7,23,7,5,8,5,7,4,23,6,6,16,11,5,9,21,-20,10,38,43,39,48,6,45,28,-20,7,34,48,6,6,27,16,4,31,-20,-20,10,36,6,9,11,12,6,9,-20,17,15,21,16,3,15,3,15,17,8,12,5,18,8,4,17,38,5,11,49,19,8,14,3,38,-20,34,10,6,9,26,15,7,18,6,24,-20,35,19,57,33,37,41,31,15,28,8,24,13,-20,17,5,-20,14,-20,12,22,12,5,20,16,16,-20,18,10,35,10,15,11,8,19,21,13,18,10,25,8,-20,7,-20,36,17,84,30,58,37,31,28,37,27,17,62,19,11,47,12,14,26,54,41,17,7,-20,27,65,-20,9,7,6,16,46,18,25,19,17,30,18,53,6,14,8,58,11,25,29,31,12,11,16,11,10,10,13,-20,11,11,-20,9,8,-20,9,7,15,10,8,-20,14,-20,7,22,3,15,5,12,14,10,14,6,7,8,10,17,-20,7,6,11,8,12,5,17,25,13,19,8,10,8,18,13,7,-20,-20,7,14,4,4,12,-20,11,13,17,14,-20,7,13,10,16,7,18,7,4,12,8,16,10,26,7,9,9,25,7,7,5,19,8,19,19,17,8,-20,-20,4,10,7,18,5,12,-20,15,7,18,7,17,-20,11,13,19,12,7,5,7,11,9,-20,5,11,17,10,6,9,7,19,2,9,23,10,11,19,5,6,6,9,-20,15,3,-20,23,9,10,17,11,16,7,9,4,11,6,7,9,13,14,10,13,10,6,9,11,17,15,13,43,9,13,17,12,12,10,15,10,22,14,11,11,19,-20,18,8,28,6,18,16,10,15,15,14,11,12,-20,9,11,5,26,11,17,3,6,10,16,-20,19,10,10,13,12,7,4,5,6,10,7,10,8,-20,10,-20,-20,23,23,18,4,9,-20,7,7,66,5,17,21,11,16,16,16,18,29,14,15,16,20,13,19,11,17,23,18,5,14,18,-20,14,12,-20,15,21,21,12,22,14,21,10,11,17,7,12,10,13,9,10,8,10,5,6,5,12,6,20,11,8,13,9,10,-20,7,11,3,8,9,-20,10,10,7,10,11,19,-20,8,11,13,14,4,17,9,12,18,7,3,14,7,11,7,14,-20,11,5,7,-20,-20,6,-20,8,3,10,9,12,15,6,3,4,14,5,7,9,8,8,6,7,6,9,13,6,5,22,-20,6,10,10,12,-20,4,10,5,3,4,4,16,3,8,5,22,-20,-20,8,20,3,8,14,9,9,6,11,4,7,9,7,12,7,17,6,11,3,10,8,10,3,-20,2,7,-20,7,-20,5,7,2,6,4,9,4,-20,-20,5,6,5,-20,6,7,-20,3,4,-20,2,13,4,3,8,5,-20,10,-20,7,5,5,3,7,-20,4,-20,-20,-20,8,8,10,6,9,4,-20,-20,3,5,10,7,-20,-20,5,-20,7,10,4,13,29,21,31,24,24,26,42,59,59,65,99,73,62,27,47,49,46
"chr5,10943988",3,5,7,3,5,-20,7,6,3,7,6,13,46,46,28,18,29,23,74,60,64,3,61,34,60,32,26,39,8,5,6,6,8,-20,59,62,37,24,15,9,10,39,10,8,18,52,15,54,17,11,10,25,46,37,27,17,36,50,30,40,33,35,30,27,27,21,15,67,52,15,30,20,14,26,31,47,21,9,16,22,7,20,20,6,7,35,38,43,30,8,20,38,33,29,35,34,13,44,6,35,21,29,4,7,41,41,6,26,56,3,19,-20,21,37,14,3,43,7,3,-20,4,7,13,3,54,5,3,51,14,18,28,3,4,4,27,47,34,6,3,-20,5,7,-20,8,33,9,4,26,5,5,9,12,4,24,29,4,-20,7,40,12,5,7,8,4,3,8,6,4,10,18,35,75,30,9,4,22,8,8,24,88,8,11,10,3,21,3,13,25,9,12,9,16,-20,8,10,9,-20,-20,14,10,12,22,36,10,36,11,17,20,15,27,33,48,-20,18,21,20,44,8,20,21,9,12,24,32,8,17,6,12,37,35,42,26,46,9,11,8,14,18,17,11,33,26,11,30,16,35,9,14,4,26,-20,21,6,7,18,8,12,14,26,15,13,16,17,9,6,20,23,9,27,15,23,20,8,-20,23,18,50,44,22,40,17,15,5,-20,-20,-20,-20,-20,7,12,6,24,8,12,36,15,22,8,6,2,29,5,7,4,10,38,44,4,46,44,30,43,24,49,11,8,6,4,19,79,11,33,18,24,11,11,4,11,6,36,7,9,6,9,40,4,9,25,68,10,7,31,27,15,8,17,3,12,18,13,8,12,7,9,-20,18,3,15,17,-20,12,-20,12,8,-20,16,9,4,11,10,13,9,5,52,-20,3,4,59,9,10,18,8,8,5,18,7,9,13,3,12,3,-20,9,6,9,6,8,9,48,-20,10,7,10,22,20,10,6,7,13,11,9,9,3,19,7,9,9,4,7,6,10,12,6,11,3,-20,21,8,25,22,19,8,61,22,15,15,4,12,10,10,3,23,-20,3,10,3,10,10,11,15,44,18,4,12,6,-20,16,15,6,-20,5,15,8,13,12,3,3,4,11,-20,6,7,16,7,-20,4,-20,5,47,37,16,15,10,9,-20,10,7,6,6,14,6,4,19,11,14,10,7,22,6,5,8,6,7,4,23,6,6,17,11,3,8,22,-20,9,36,43,38,48,7,45,29,-20,7,34,47,6,6,27,17,5,31,-20,-20,10,36,7,9,12,12,6,9,-20,19,15,23,15,3,14,3,16,17,9,13,5,16,8,4,17,38,5,13,47,19,9,13,3,39,-20,36,10,6,10,25,16,7,19,6,24,-20,33,21,60,33,38,41,32,16,28,8,26,13,-20,19,5,-20,14,3,14,23,12,6,21,17,16,-20,18,-20,36,10,16,11,8,19,21,14,18,10,25,8,-20,7,-20,36,17,84,30,59,38,30,28,37,27,17,65,19,11,50,11,14,25,58,43,19,7,-20,26,63,6,9,7,6,15,44,18,26,17,17,30,18,53,6,16,8,56,11,26,27,31,12,11,16,11,10,10,12,-20,11,11,-20,9,8,-20,9,7,15,10,8,-20,14,-20,7,22,3,15,5,12,14,10,14,6,7,8,10,17,-20,7,6,11,8,13,5,17,25,13,19,8,10,8,18,13,7,-20,-20,7,14,4,4,13,-20,11,13,17,13,-20,7,13,10,15,7,18,7,4,13,8,16,10,27,-20,9,9,25,7,7,9,20,8,19,19,17,8,-20,-20,4,10,7,18,5,12,-20,15,7,18,7,17,-20,11,13,19,13,7,5,9,11,9,-20,5,11,17,10,6,9,7,19,2,9,23,10,11,18,5,6,7,9,-20,15,4,-20,24,9,10,18,11,16,9,9,4,11,6,7,10,14,14,10,13,10,6,9,10,18,16,13,43,9,13,18,12,12,10,16,10,22,14,11,11,19,-20,18,8,29,6,18,16,10,15,15,13,11,12,-20,10,11,5,26,11,17,3,6,10,16,-20,21,10,10,14,12,7,4,5,6,11,8,10,8,-20,-20,-20,-20,24,24,19,4,9,-20,7,7,66,5,18,21,11,16,17,16,18,29,15,15,17,19,14,20,13,17,23,18,5,13,19,-20,14,12,-20,15,20,22,12,22,14,22,10,11,17,7,12,10,14,9,10,8,10,5,6,5,12,6,20,12,8,13,9,10,-20,7,11,3,8,9,-20,13,10,7,10,11,19,-20,8,11,13,14,4,16,9,12,18,8,3,14,6,11,7,14,-20,11,5,8,-20,-20,6,-20,8,3,10,9,12,15,6,3,4,14,5,7,9,8,8,6,7,6,9,14,6,5,23,-20,6,10,10,12,-20,4,10,5,3,4,4,17,4,8,5,22,4,-20,8,20,3,8,13,-20,9,6,12,4,7,9,7,13,7,17,6,10,3,10,9,11,4,-20,3,7,-20,7,-20,4,7,3,6,5,8,4,-20,4,6,6,5,-20,7,6,-20,3,4,-20,-20,13,4,5,10,4,-20,8,-20,7,5,6,5,8,-20,4,-20,-20,2,6,8,11,6,10,4,-20,-20,3,5,10,6,-20,-20,6,-20,6,9,4,13,30,20,31,26,23,26,42,59,58,65,99,73,63,26,47,47,45
"chr5,10943997",3,3,6,3,4,-20,7,5,3,6,5,13,45,41,32,20,29,21,74,56,65,3,63,30,56,24,25,40,8,6,3,6,8,-20,51,58,36,22,14,6,10,38,11,9,16,48,14,48,15,13,14,23,44,35,28,20,36,47,29,39,34,39,31,30,26,21,15,62,48,18,35,17,13,22,27,45,16,9,19,21,7,20,21,6,9,31,37,42,30,8,18,34,33,28,34,32,13,44,5,35,22,26,4,7,35,35,6,25,50,3,14,-20,26,35,14,3,41,7,-20,-20,-20,7,13,2,49,5,2,50,12,16,31,3,3,4,25,48,34,4,4,-20,5,5,-20,7,37,-20,4,28,5,5,8,9,13,23,31,4,-20,4,39,13,5,6,8,4,3,9,6,4,9,17,37,59,26,7,3,23,6,10,21,84,9,12,13,3,22,4,13,24,9,13,9,20,-20,8,12,10,-20,-20,13,10,13,24,49,9,39,13,17,23,16,25,33,44,21,20,26,20,39,7,19,22,8,12,26,25,12,14,7,-20,33,35,36,22,49,13,10,12,16,19,19,11,31,25,12,30,18,35,9,14,5,24,11,21,3,9,14,8,12,14,28,13,26,16,19,10,5,21,22,9,23,18,18,21,17,-20,28,17,52,45,24,42,14,11,6,-20,-20,-20,-20,-20,6,11,8,25,5,11,38,16,17,9,6,2,-20,4,8,4,11,39,39,4,46,43,31,47,24,54,12,9,5,4,20,86,-20,32,18,24,10,11,4,10,8,28,8,10,10,10,35,3,10,30,60,-20,10,28,28,15,8,19,2,10,16,13,9,11,8,10,-20,18,3,16,15,12,14,12,14,7,-20,20,8,4,11,10,13,8,6,55,-20,-20,6,63,12,11,17,7,6,7,17,8,11,19,3,14,3,3,12,5,-20,6,8,9,56,-20,11,8,8,24,20,11,8,8,12,8,13,12,3,21,7,10,10,4,5,7,10,13,7,12,3,8,19,8,25,21,16,9,63,22,15,14,-20,12,11,9,4,26,8,3,10,-20,11,11,13,15,47,17,4,10,6,-20,16,14,8,-20,3,15,7,14,12,-20,4,5,12,-20,7,8,14,7,4,6,5,4,47,34,14,16,8,9,-20,12,9,6,5,14,7,8,16,14,14,16,6,22,6,-20,9,8,8,3,22,8,7,17,8,5,9,21,-20,10,36,46,39,43,10,40,25,-20,7,37,48,6,6,26,17,9,30,-20,3,11,35,7,8,10,13,7,11,3,19,15,25,16,4,14,3,16,26,11,16,7,16,10,5,17,35,8,13,41,21,10,15,3,40,5,36,12,10,11,26,14,9,18,7,30,16,30,21,62,31,36,42,34,16,24,8,24,12,5,19,4,6,13,3,13,20,12,5,23,14,16,-20,20,10,36,10,16,12,8,19,21,14,19,9,22,8,3,6,-20,33,17,80,28,54,38,29,28,35,26,14,67,15,15,59,10,16,29,51,41,19,7,18,33,60,8,7,7,6,14,44,14,21,15,23,24,17,49,6,15,9,64,19,28,27,32,13,11,15,9,9,8,10,-20,11,10,5,9,8,-20,9,7,19,10,7,-20,15,-20,8,24,3,17,5,11,15,9,12,6,6,6,11,17,-20,7,7,11,7,13,5,17,25,12,20,8,14,7,19,14,6,-20,-20,8,17,4,4,12,-20,10,14,17,12,8,7,14,11,16,6,17,7,4,11,7,17,11,23,7,6,8,23,7,8,9,19,8,19,19,17,10,7,-20,4,8,5,19,5,10,-20,16,7,19,5,-20,3,9,14,18,13,6,5,9,12,9,-20,4,11,19,7,7,9,7,21,3,9,19,11,11,18,6,6,8,10,-20,15,4,7,24,10,10,18,7,16,10,10,4,10,6,8,9,16,12,9,13,10,7,10,12,17,16,14,42,5,14,18,12,9,10,13,10,23,12,10,11,20,-20,17,8,29,6,20,16,11,15,15,14,11,12,-20,10,11,5,28,11,16,-20,4,12,17,-20,24,10,9,15,12,7,4,7,7,11,9,10,10,-20,10,-20,-20,22,24,18,6,9,-20,10,7,68,7,18,22,13,15,18,16,18,29,15,16,19,21,12,19,15,16,22,20,5,13,23,-20,12,13,3,13,20,22,12,22,14,24,10,11,16,7,13,12,13,10,10,8,9,7,5,5,13,6,21,12,8,12,10,11,2,9,11,-20,8,7,-20,12,11,7,12,9,19,-20,5,11,11,15,4,13,8,11,16,7,3,13,7,10,7,14,-20,12,5,8,-20,-20,8,-20,7,3,9,9,11,14,-20,3,4,16,5,7,9,8,8,6,7,6,7,13,6,5,24,6,6,9,11,12,-20,-20,11,5,3,4,4,17,5,8,5,22,3,-20,8,20,3,9,14,9,9,5,12,-20,6,8,6,10,7,17,6,11,3,11,8,9,4,5,3,6,-20,8,3,6,-20,7,5,4,14,4,-20,8,7,5,7,9,4,6,-20,-20,4,-20,-20,12,3,6,10,-20,5,8,3,6,6,6,6,7,-20,6,7,-20,-20,8,7,13,4,10,-20,-20,-20,3,5,12,6,-20,-20,7,3,3,11,4,12,24,18,27,25,24,30,42,62,53,54,99,71,62,25,50,41,44
"chr5,10943998",3,3,6,3,4,-20,7,5,3,6,5,14,43,43,33,20,28,21,74,56,65,3,63,32,58,25,24,40,8,6,4,7,8,-20,52,58,34,22,14,6,10,39,11,9,18,48,14,52,13,13,12,23,44,36,29,20,36,46,30,39,34,39,31,30,27,21,15,60,51,18,36,17,13,23,29,50,16,9,19,21,7,20,21,6,9,33,37,41,30,8,20,36,33,30,37,32,11,44,5,35,23,26,4,7,34,34,6,24,52,3,14,-20,26,35,14,3,41,7,3,-20,-20,7,13,2,48,5,2,50,12,16,32,3,3,4,24,49,36,4,4,-20,5,5,-20,7,36,10,4,27,5,5,8,9,13,23,32,4,-20,4,39,12,5,6,8,4,3,9,6,4,9,18,37,59,28,7,4,23,6,10,22,87,9,13,14,3,20,4,13,24,9,13,10,19,-20,9,12,8,-20,-20,13,9,13,24,49,10,39,13,14,22,15,27,35,44,21,21,26,19,37,7,18,24,11,13,25,25,12,15,7,8,33,34,37,21,49,13,11,13,17,18,18,11,32,24,12,30,18,33,9,14,5,23,11,20,3,9,16,5,13,14,28,13,26,16,19,9,6,21,23,9,23,18,17,21,18,-20,27,17,53,44,26,42,15,11,6,-20,-20,-20,-20,-20,7,11,8,24,5,10,36,16,16,9,6,2,29,4,8,4,12,40,40,4,44,42,32,47,25,56,14,10,5,4,21,87,9,35,18,24,10,11,4,9,10,28,8,10,11,10,37,3,9,29,60,-20,10,28,28,14,8,19,-20,11,16,14,9,11,8,10,-20,18,3,15,15,12,14,13,15,7,-20,22,8,4,11,11,13,7,6,58,-20,-20,7,61,12,13,17,7,6,7,15,8,11,19,3,14,3,3,11,6,-20,6,8,9,58,-20,11,8,9,24,20,11,8,8,12,8,13,12,3,21,7,10,10,4,5,8,10,13,7,13,4,8,19,8,25,20,16,9,64,22,16,14,-20,11,10,9,-20,27,8,3,10,-20,11,10,13,14,49,17,4,10,6,-20,16,15,7,-20,3,15,7,15,13,-20,4,5,13,-20,7,8,13,7,4,6,5,3,47,33,14,15,8,9,-20,13,9,7,5,16,8,8,16,13,13,19,6,21,6,5,9,8,8,3,24,8,7,17,8,5,9,22,-20,9,36,45,41,44,10,40,25,-20,7,37,47,6,6,28,19,9,31,-20,3,11,36,7,8,10,12,7,11,3,20,15,25,16,4,13,3,16,26,13,16,7,15,10,5,17,37,8,13,38,20,10,16,3,41,5,36,13,11,11,25,13,10,19,6,29,16,30,21,62,30,35,41,34,17,25,8,24,13,5,19,4,6,13,3,13,20,-20,5,22,14,16,-20,20,9,36,9,16,12,8,20,20,14,19,9,22,8,3,6,-20,33,17,81,29,55,38,28,27,36,27,15,65,15,15,55,9,13,30,50,41,20,7,19,34,63,8,7,7,6,12,42,15,22,15,23,24,15,43,6,16,9,65,19,29,28,30,13,11,15,9,8,8,10,-20,11,10,5,9,8,-20,9,7,19,-20,7,-20,15,-20,8,24,3,17,5,11,16,8,11,6,6,6,11,17,-20,7,7,11,7,13,5,17,26,12,20,7,14,7,17,14,6,-20,-20,8,17,4,4,12,-20,10,14,17,12,-20,7,14,11,15,6,16,7,4,10,7,17,11,23,7,6,8,22,7,8,9,18,8,20,21,17,10,-20,-20,3,8,5,19,5,9,-20,16,7,19,5,17,-20,9,14,18,13,6,5,9,12,9,-20,4,11,18,7,6,9,7,20,3,9,19,11,11,18,6,6,8,-20,-20,15,4,7,24,10,10,18,7,15,11,10,4,10,6,8,9,15,12,9,13,10,7,10,12,17,16,14,39,5,13,17,12,9,10,14,10,23,12,10,10,19,-20,17,8,29,6,20,16,11,15,15,13,11,12,-20,10,11,5,28,11,16,-20,4,12,17,-20,23,10,9,15,12,7,4,7,7,10,9,10,10,-20,10,-20,-20,22,24,17,6,9,-20,10,7,68,7,18,22,13,15,18,16,16,29,15,16,20,21,11,19,14,16,22,20,5,12,22,-20,12,13,3,13,20,22,12,21,14,24,10,11,16,6,13,11,13,10,10,8,9,7,5,5,13,5,21,11,8,12,10,11,2,9,11,-20,8,7,-20,12,10,7,12,8,18,-20,5,10,12,15,4,13,8,11,15,7,-20,13,7,10,7,13,-20,11,5,8,-20,-20,8,-20,7,3,9,9,11,14,6,3,4,16,5,7,8,8,7,6,7,6,7,13,6,5,24,5,6,9,11,12,-20,4,11,5,3,4,3,17,5,8,5,22,3,-20,8,20,3,9,14,9,9,-20,12,-20,5,8,6,10,7,17,6,10,3,10,8,9,-20,4,2,7,-20,8,3,6,7,7,5,5,12,4,-20,10,6,5,8,8,4,6,-20,-20,4,-20,-20,11,5,7,12,-20,5,8,3,-20,7,6,6,7,-20,6,8,-20,3,8,9,12,5,10,-20,-20,-20,4,6,12,6,-20,-20,6,3,4,11,4,12,25,17,27,25,25,31,42,62,54,54,103,71,62,26,50,42,45
"chr5,10944007",3,2,4,3,4,-20,6,4,-20,6,5,12,41,40,32,20,28,22,86,57,61,3,62,36,62,26,23,38,7,8,5,8,13,-20,55,61,33,19,11,4,10,40,12,9,19,52,13,47,16,13,14,22,42,31,35,21,37,46,30,35,35,38,30,26,28,24,16,63,57,16,36,20,14,26,32,53,14,9,16,19,5,20,18,5,9,32,36,44,34,9,21,35,35,29,39,34,12,46,4,29,24,27,4,4,33,36,-20,25,46,3,13,-20,30,35,14,-20,41,7,3,-20,2,6,11,-20,52,5,-20,52,13,14,33,3,-20,6,26,49,37,3,3,-20,4,5,-20,-20,39,9,4,27,3,4,7,10,14,25,35,6,-20,4,44,15,5,5,4,4,-20,8,5,-20,9,17,39,49,30,14,5,24,7,13,17,98,10,17,15,-20,23,4,12,24,11,10,10,18,-20,9,13,12,-20,-20,14,9,12,23,49,12,35,11,9,18,15,28,35,44,22,26,26,16,36,9,19,24,12,13,26,27,12,11,7,9,38,26,38,23,46,13,10,13,12,18,19,16,32,22,15,30,16,34,13,18,13,21,11,16,4,10,13,9,13,18,29,20,26,15,21,8,5,25,25,10,27,21,19,18,18,-20,27,16,55,32,31,38,13,11,10,-20,-20,-20,-20,-20,9,17,9,25,6,14,44,23,17,7,6,-20,27,4,8,5,12,38,39,4,45,39,35,50,27,63,13,12,5,19,22,98,9,35,21,25,6,10,4,10,13,25,11,7,12,10,40,4,6,38,64,16,10,30,29,16,12,18,-20,12,16,12,11,10,10,11,-20,16,3,19,15,13,16,17,14,9,-20,22,10,3,11,12,12,8,6,57,-20,4,8,68,15,13,17,-20,8,8,14,10,13,21,6,14,4,6,7,7,-20,10,8,10,58,6,10,10,9,24,20,10,9,9,11,8,13,11,3,24,8,7,10,4,5,9,9,13,9,12,6,10,11,10,27,18,18,9,75,22,14,18,9,10,9,11,5,32,7,4,13,-20,15,11,13,11,52,18,3,-20,5,5,12,18,8,3,3,15,7,12,14,-20,4,7,17,-20,7,6,14,7,5,7,7,3,45,35,17,9,8,9,-20,15,8,6,5,16,8,7,16,13,18,21,5,20,7,7,10,11,8,4,29,7,6,16,7,6,11,24,3,8,39,49,42,50,11,37,26,-20,6,39,47,6,6,27,16,9,33,-20,6,11,37,8,-20,-20,12,6,10,4,19,12,26,16,6,12,3,17,26,15,15,7,16,10,4,17,41,8,14,38,22,11,14,5,45,5,42,13,13,10,28,13,-20,19,7,31,16,30,21,60,29,40,42,34,18,27,7,20,13,5,16,4,6,13,-20,11,17,9,8,21,15,13,-20,20,7,28,9,15,13,7,18,19,12,19,7,22,5,3,5,-20,30,17,84,29,56,36,36,25,38,27,17,64,10,15,56,8,17,32,47,39,19,7,22,34,72,9,7,8,6,15,38,14,22,17,18,29,15,42,7,18,10,62,32,26,32,30,13,12,17,9,6,8,10,-20,9,9,6,8,6,-20,8,7,18,9,9,-20,12,-20,9,25,3,16,5,10,13,6,11,5,7,4,9,16,-20,8,8,10,6,11,5,17,20,12,18,7,13,8,-20,13,5,-20,-20,8,17,4,4,11,-20,-20,15,13,11,-20,10,12,9,17,6,18,7,4,8,7,15,10,21,6,5,7,22,6,7,8,14,8,16,21,14,9,8,-20,3,8,5,19,4,6,-20,13,6,20,5,19,3,9,12,15,10,5,-20,7,10,8,-20,4,11,18,7,4,7,6,18,3,6,16,10,9,15,6,7,6,8,-20,15,4,8,19,8,9,17,7,14,13,9,6,9,6,7,8,17,10,9,10,9,5,7,12,15,16,12,38,4,13,16,12,8,9,14,9,20,11,9,8,19,-20,14,7,24,6,18,12,11,16,14,14,10,12,-20,9,11,5,25,11,13,-20,3,10,13,-20,21,9,7,12,11,7,4,7,6,11,9,10,10,-20,9,-20,-20,20,23,16,5,10,-20,9,6,74,8,-20,21,13,13,18,13,16,24,14,14,18,18,10,16,14,14,18,16,5,13,19,-20,13,13,4,13,22,20,10,21,11,24,9,10,12,6,9,11,12,8,9,8,8,7,5,7,12,4,17,9,8,12,11,9,2,12,9,-20,7,7,-20,11,7,9,12,8,14,-20,6,9,11,14,4,13,6,9,14,5,3,14,6,8,6,12,-20,9,4,7,-20,-20,7,-20,7,4,8,8,10,12,6,3,3,16,-20,6,7,8,8,6,6,5,7,12,8,4,22,4,7,10,9,13,-20,4,12,5,4,4,4,17,5,8,5,23,-20,-20,7,18,-20,8,15,9,7,4,11,-20,4,4,7,6,7,15,7,12,-20,10,10,8,-20,5,3,-20,6,9,6,6,9,7,7,4,16,6,-20,-20,5,5,14,9,5,6,-20,4,-20,-20,-20,9,6,7,11,5,6,9,3,5,6,7,8,4,3,9,10,4,4,12,8,11,5,9,-20,-20,-20,4,3,16,9,-20,-20,-20,7,5,10,4,12,29,18,27,26,24,37,47,62,51,53,97,78,62,28,50,38,47
"chr5,10944008",3,-20,-20,3,4,-20,6,4,-20,6,5,11,40,40,32,21,29,22,83,57,62,3,62,36,61,26,23,37,7,8,5,8,13,-20,54,60,33,19,11,4,10,40,12,9,19,51,13,46,16,13,14,22,42,31,35,21,37,50,30,34,34,39,30,28,29,24,17,62,57,15,34,-20,14,29,32,52,13,9,13,18,4,19,18,5,9,32,35,46,34,9,21,33,36,27,39,33,12,47,4,29,24,26,4,4,30,37,-20,25,47,4,12,-20,30,34,13,-20,39,8,3,-20,2,6,11,-20,52,4,-20,55,13,14,32,-20,-20,6,24,50,37,-20,3,-20,4,5,-20,6,38,9,4,27,4,4,7,8,14,26,32,6,-20,4,48,15,-20,5,4,4,-20,8,5,3,-20,16,38,49,30,14,5,24,7,14,15,98,13,18,15,-20,23,4,12,25,11,9,10,19,-20,9,13,12,-20,-20,15,9,12,24,48,12,35,11,9,20,16,28,35,43,22,26,26,16,33,9,19,24,12,13,28,26,12,11,6,10,38,26,36,23,46,20,12,13,12,19,20,16,33,23,15,30,16,35,13,18,13,21,11,15,4,10,13,9,13,18,29,20,26,14,20,8,5,25,26,10,26,21,19,18,18,-20,26,16,55,32,31,38,10,11,10,-20,-20,-20,-20,-20,9,17,9,25,6,14,45,23,17,6,6,-20,26,5,8,5,12,36,39,4,43,39,35,51,29,65,13,12,4,19,22,100,9,36,20,25,6,10,4,11,13,25,11,-20,12,11,38,5,6,38,61,16,10,32,30,16,12,18,2,13,16,11,11,10,11,12,-20,17,3,19,15,13,16,18,13,9,-20,22,10,3,11,12,12,7,6,57,-20,4,8,69,14,13,16,8,9,8,13,10,13,20,6,14,5,6,7,7,-20,10,8,10,58,7,9,10,9,24,20,10,9,9,11,8,13,11,3,24,8,7,10,4,5,9,10,14,9,12,6,10,12,10,26,18,19,10,75,24,13,18,9,10,10,11,5,32,7,4,13,-20,14,12,13,12,52,18,3,10,5,5,12,18,8,3,3,15,7,12,13,-20,4,7,17,-20,8,6,14,7,7,7,7,3,43,38,18,9,8,9,-20,15,9,6,5,16,8,8,18,12,18,21,6,20,8,7,10,11,-20,5,29,7,6,16,7,6,11,24,3,8,37,50,42,47,11,38,25,-20,6,39,48,6,6,27,16,-20,33,-20,7,11,37,8,10,9,12,5,10,4,19,12,26,15,6,12,3,18,26,16,15,7,15,10,4,17,41,8,14,37,25,11,14,5,44,5,44,13,13,9,27,13,8,19,7,31,17,30,21,61,28,40,43,32,18,27,7,20,13,5,16,4,6,12,-20,11,16,9,8,22,14,13,-20,20,7,32,9,14,13,7,17,19,12,18,6,22,5,3,4,-20,25,18,86,30,55,37,37,23,38,27,17,65,10,14,56,8,17,32,44,40,19,7,22,34,72,9,6,7,6,15,39,14,23,17,19,29,15,41,7,18,12,62,33,27,31,28,13,13,17,9,6,8,10,-20,9,9,6,8,6,-20,8,7,18,9,9,-20,12,-20,9,26,4,16,-20,10,13,6,11,6,7,4,9,16,-20,8,8,10,6,10,5,17,20,11,17,7,13,-20,16,12,5,-20,-20,8,16,4,4,10,-20,9,15,13,10,8,10,12,9,17,6,18,7,4,9,7,15,9,19,6,5,8,22,5,7,8,14,8,16,22,13,9,8,-20,3,8,5,19,4,6,-20,12,6,20,5,19,3,9,11,15,10,5,-20,7,10,8,-20,4,11,19,7,4,7,6,18,3,6,16,10,9,15,6,7,6,8,-20,15,4,8,18,8,9,17,7,14,13,8,6,9,6,7,8,17,10,9,10,9,5,7,12,15,16,12,39,4,13,16,12,8,9,13,9,19,11,9,8,19,-20,15,7,24,6,18,12,11,16,13,14,8,12,-20,9,11,5,24,11,11,-20,3,10,13,-20,21,9,7,12,11,7,4,7,6,11,9,10,11,-20,9,-20,-20,20,23,16,5,10,-20,9,6,73,9,19,20,13,13,18,12,16,24,14,14,18,18,10,16,14,14,18,16,5,13,19,-20,13,13,4,13,22,21,10,21,10,24,9,11,12,6,9,11,12,8,9,8,7,7,5,6,12,4,18,9,8,11,11,9,-20,12,8,-20,7,8,-20,11,7,9,12,7,14,-20,6,9,11,14,4,12,6,9,14,5,3,14,6,8,6,12,-20,8,4,7,-20,-20,7,-20,6,4,8,8,11,12,6,-20,3,16,5,5,7,8,8,6,6,5,6,12,8,4,23,4,7,10,9,13,-20,4,12,6,4,4,4,17,5,8,5,23,-20,-20,7,18,-20,8,15,9,7,4,12,-20,4,4,7,6,7,12,8,11,3,11,11,8,-20,7,3,7,5,-20,5,6,-20,7,8,3,13,-20,-20,9,6,5,12,9,7,-20,-20,4,-20,-20,-20,7,5,5,-20,4,6,7,3,4,6,7,8,-20,3,9,8,4,4,10,7,11,5,9,-20,-20,-20,3,4,15,-20,3,-20,-20,8,5,-20,4,12,29,18,28,26,22,38,47,61,48,52,97,78,62,28,51,38,47
"chr5,10944018",3,-20,4,3,4,-20,6,3,-20,-20,5,15,37,42,31,20,35,21,82,56,61,-20,61,36,59,25,24,41,10,9,8,9,16,-20,57,60,30,21,11,8,9,42,12,7,16,57,13,52,16,13,14,22,39,29,36,21,35,47,27,32,33,36,34,29,28,22,19,59,53,20,33,21,15,30,33,51,17,10,17,18,4,19,19,5,11,36,34,43,31,10,22,38,37,33,41,37,13,44,4,35,26,27,3,3,29,43,6,26,48,4,12,-20,37,33,14,-20,44,8,3,-20,-20,5,11,-20,52,4,3,60,13,14,35,4,-20,7,28,46,48,-20,3,7,4,6,-20,6,35,10,-20,25,5,5,7,9,19,28,38,6,-20,7,52,12,4,-20,4,-20,3,8,6,4,9,14,37,52,42,24,6,31,8,17,12,103,13,22,14,-20,30,4,13,28,9,10,10,21,3,9,13,13,-20,-20,24,8,14,24,43,11,28,12,17,23,17,28,36,42,22,22,29,19,30,8,19,24,12,14,28,27,18,11,7,11,36,27,34,25,44,29,12,13,14,22,22,17,33,21,16,27,16,39,16,19,15,20,9,19,5,10,18,9,13,17,29,21,26,12,19,6,5,23,26,17,32,26,16,19,29,29,21,15,57,41,32,42,14,10,10,-20,-20,-20,-20,-20,9,15,10,24,4,18,50,20,24,8,8,-20,26,7,10,6,12,37,41,4,42,40,33,51,35,62,14,12,7,22,25,104,10,33,21,32,7,7,3,10,13,30,10,8,13,12,39,5,6,41,78,18,13,35,30,15,12,17,3,14,16,13,12,13,14,12,-20,20,5,20,17,18,12,17,15,12,-20,20,10,3,13,12,14,9,8,62,2,6,10,68,17,17,16,9,10,10,10,11,14,23,6,14,5,8,9,9,11,10,8,10,61,7,11,12,10,21,20,9,10,11,13,8,14,10,3,27,7,6,10,4,8,8,9,13,10,12,9,11,10,11,28,17,19,11,88,26,12,19,9,11,8,11,4,32,3,6,15,-20,15,13,16,15,53,18,4,11,7,6,16,18,8,3,4,13,12,15,13,8,8,7,17,-20,8,-20,13,7,8,7,7,3,47,39,15,7,7,12,-20,13,11,8,6,16,10,9,16,13,17,20,7,18,8,8,9,13,9,-20,38,8,7,17,10,9,12,24,3,10,39,49,37,48,11,45,26,-20,5,34,44,7,7,30,19,9,28,-20,10,13,32,8,11,10,18,8,10,6,21,11,26,17,7,11,6,19,27,15,11,5,11,10,8,17,40,7,15,35,26,16,14,4,45,5,48,13,13,13,26,12,8,21,8,31,20,30,20,61,32,44,43,34,22,28,6,22,13,6,19,4,8,16,3,9,14,9,8,24,14,13,-20,22,6,35,-20,12,15,9,24,24,12,18,8,22,5,3,5,-20,31,19,87,28,66,42,39,26,33,26,21,67,9,15,52,10,18,33,44,39,19,8,25,31,71,9,7,7,5,19,35,14,26,18,19,31,16,39,7,19,10,68,39,30,37,29,12,15,19,8,7,9,12,-20,9,8,7,8,4,-20,9,8,24,8,11,-20,13,-20,7,27,4,17,4,9,15,6,14,9,6,6,9,17,-20,8,7,11,9,11,5,18,18,11,20,9,12,8,18,-20,6,-20,-20,7,17,5,4,8,-20,10,15,15,10,10,11,15,11,18,8,16,9,7,8,8,15,7,19,8,5,11,19,7,7,9,17,10,17,15,12,9,8,-20,4,10,5,17,3,7,-20,12,7,19,7,17,-20,12,11,14,11,5,4,7,10,8,-20,5,11,17,7,-20,8,6,18,5,7,15,10,9,16,6,8,6,9,-20,14,3,10,16,8,6,17,8,12,12,7,6,9,6,6,9,20,8,11,11,8,-20,9,10,15,16,10,39,6,16,13,14,11,8,14,10,17,10,12,8,19,-20,13,8,24,4,18,12,12,14,14,15,9,11,-20,10,12,6,22,8,13,-20,4,13,14,-20,23,10,8,14,10,6,4,8,6,13,11,12,10,-20,8,-20,-20,21,27,17,6,9,3,-20,7,75,10,18,21,13,13,18,13,17,27,12,13,19,17,10,16,17,17,18,15,7,-20,23,-20,14,14,3,12,20,21,14,19,11,27,11,9,12,6,10,16,11,8,9,7,5,7,8,6,13,5,19,6,8,12,11,10,2,13,9,-20,7,8,-20,11,8,9,17,9,12,-20,7,11,11,13,-20,12,8,10,14,6,3,16,5,8,6,12,-20,9,6,7,-20,-20,7,-20,6,4,12,10,11,11,5,-20,-20,14,-20,5,-20,7,8,6,6,6,6,10,9,5,22,5,7,9,10,13,-20,3,13,6,4,7,-20,19,5,8,6,25,-20,-20,7,15,-20,8,16,9,6,4,10,-20,7,7,6,8,7,13,8,10,-20,10,8,9,-20,6,4,5,7,8,7,7,15,8,11,3,16,-20,-20,10,6,6,18,7,7,6,-20,5,-20,4,-20,9,-20,9,9,6,8,-20,5,5,6,6,8,4,3,11,13,7,4,17,10,12,3,12,-20,5,-20,5,4,16,10,-20,2,6,8,5,12,5,12,26,18,28,26,23,35,47,60,46,47,92,81,60,31,49,40,51
"chr5,10944033",-20,-20,3,-20,6,-20,6,4,3,-20,3,16,33,35,33,20,39,21,86,51,58,-20,56,33,55,24,23,36,11,10,9,9,15,-20,60,60,29,22,14,9,7,43,8,6,15,53,13,59,18,15,16,24,38,27,40,20,44,47,22,36,37,36,34,29,30,20,22,58,48,21,35,21,18,33,33,54,18,10,16,18,6,17,21,5,11,33,35,47,35,13,21,39,39,30,43,32,13,44,5,39,27,27,4,3,29,42,3,29,45,4,13,-20,35,39,13,3,43,7,4,-20,3,5,10,-20,53,3,-20,59,13,15,38,-20,4,5,28,51,54,-20,-20,9,-20,5,-20,8,43,9,-20,27,-20,7,6,8,29,32,38,5,-20,7,51,12,3,-20,5,2,4,8,5,6,-20,14,36,53,40,28,4,30,4,18,8,92,16,32,15,8,29,4,11,26,9,9,9,21,4,10,17,12,-20,-20,24,5,10,24,41,14,35,11,17,27,9,32,39,42,21,19,28,15,31,10,18,22,13,13,25,26,19,11,9,17,34,28,40,28,48,36,11,19,15,21,26,17,35,17,19,19,18,42,21,16,16,19,10,20,5,12,14,11,13,20,24,21,24,15,21,5,9,25,25,18,29,31,16,16,28,28,24,16,61,37,31,46,16,9,10,-20,-20,-20,-20,-20,11,16,12,26,4,20,53,17,25,8,7,-20,25,10,9,5,12,40,47,4,39,40,35,45,37,57,14,16,8,23,21,117,13,28,22,31,8,9,6,10,13,34,11,11,15,12,37,6,8,43,76,19,13,36,31,15,14,20,-20,14,-20,15,10,13,13,12,4,21,-20,21,19,17,13,19,15,13,-20,20,10,2,15,13,15,8,9,65,2,7,8,64,15,22,17,10,11,12,10,10,16,24,7,14,4,11,10,9,10,10,6,10,74,8,12,13,9,17,20,11,9,13,13,9,16,11,5,31,8,4,13,3,8,7,9,13,10,11,-20,16,5,15,29,22,21,12,104,29,12,18,9,12,7,11,5,33,4,7,17,-20,12,14,15,12,59,18,-20,11,8,10,9,18,8,3,6,10,11,19,15,9,7,6,17,10,8,3,17,4,10,8,6,-20,48,41,18,6,7,11,-20,13,10,8,6,13,10,8,20,13,19,28,6,17,8,12,8,13,10,10,40,9,7,20,11,12,13,22,4,13,38,48,37,48,12,47,24,-20,5,31,46,9,-20,34,19,9,30,4,11,13,29,8,11,9,18,6,15,4,24,10,23,15,8,16,7,17,28,23,10,4,11,11,10,17,43,7,13,42,27,16,17,5,45,9,50,14,16,11,24,13,9,21,11,26,23,31,17,55,38,48,45,36,22,32,7,23,11,5,23,-20,8,11,3,7,16,11,7,24,13,14,-20,23,5,40,15,11,16,10,24,21,14,16,10,19,7,4,-20,-20,29,19,89,31,59,44,42,27,35,26,17,65,9,23,52,21,20,35,51,38,18,7,25,30,75,14,7,7,5,21,37,14,26,17,19,33,14,42,5,19,10,67,44,28,40,31,6,19,15,10,8,8,11,9,8,11,7,7,4,4,10,8,20,8,9,11,10,-20,6,25,6,17,4,11,13,7,13,9,11,6,6,14,8,10,6,-20,7,9,6,11,19,11,16,9,13,9,17,10,7,-20,5,6,17,5,4,8,-20,11,18,14,12,10,10,16,10,17,8,9,11,7,9,9,14,9,21,9,5,12,17,6,5,5,17,9,16,17,13,9,9,-20,4,-20,3,13,-20,8,9,14,6,18,6,18,4,12,10,15,10,-20,3,6,9,7,-20,5,10,16,7,8,10,5,15,5,10,12,10,14,11,4,6,4,10,-20,12,-20,10,16,-20,4,16,7,12,10,7,7,8,5,7,8,19,7,11,9,11,-20,7,11,17,14,13,39,-20,17,13,13,10,-20,10,11,15,9,12,7,21,-20,11,7,23,4,19,13,13,12,12,13,7,7,-20,15,8,10,22,7,14,-20,-20,11,13,-20,18,9,6,17,6,4,4,7,4,10,9,12,10,-20,7,-20,-20,16,25,17,8,10,3,10,7,78,10,18,19,13,10,13,15,20,21,15,15,19,20,11,21,16,19,18,15,7,9,24,-20,14,14,4,12,16,26,17,18,8,30,9,11,12,6,14,21,12,9,10,10,6,6,6,7,9,-20,16,7,8,13,10,9,-20,10,10,5,9,6,-20,13,8,9,16,5,12,-20,8,9,8,11,5,14,10,8,13,9,4,17,4,10,6,13,-20,7,-20,5,3,-20,7,-20,-20,-20,10,8,11,11,5,3,-20,16,7,-20,7,5,11,6,5,-20,5,11,10,6,24,5,7,10,9,13,-20,8,11,7,2,7,5,22,5,7,6,24,4,-20,7,13,-20,8,15,9,8,3,9,3,9,6,4,8,6,16,7,9,-20,10,13,10,3,4,4,7,-20,10,7,5,15,7,11,-20,17,5,-20,-20,5,6,17,4,7,5,-20,8,-20,4,-20,7,-20,8,15,6,-20,11,-20,3,4,6,6,-20,3,14,12,5,5,21,-20,13,-20,14,-20,7,-20,5,5,10,8,4,-20,7,11,5,13,7,19,28,16,27,30,21,38,48,57,36,36,77,81,60,36,50,43,53
"chr5,10944036",-20,-20,3,-20,8,-20,6,6,-20,-20,4,18,34,37,34,21,36,22,86,53,60,-20,55,36,57,24,25,38,11,10,10,8,16,-20,59,63,29,21,14,9,6,47,8,5,11,53,13,57,17,15,16,23,36,30,38,21,44,48,23,38,37,36,37,30,30,23,23,58,50,22,36,22,18,33,32,51,20,9,15,15,7,17,21,6,10,34,36,51,35,13,22,39,39,30,44,31,10,43,6,40,28,28,5,5,29,43,3,29,43,5,-20,-20,36,39,14,-20,45,8,-20,-20,3,6,11,-20,53,-20,-20,60,13,13,38,-20,4,5,30,52,53,-20,3,9,-20,4,-20,-20,44,9,-20,30,6,9,6,8,29,32,40,5,-20,7,51,12,3,-20,4,-20,4,9,5,-20,-20,16,37,49,39,28,4,31,5,17,9,102,16,33,14,8,30,10,11,27,11,10,7,21,4,10,17,12,-20,-20,24,5,11,21,39,16,33,11,17,27,8,30,39,44,23,18,25,14,31,12,17,22,13,13,22,28,18,11,10,17,34,26,40,26,45,37,10,19,16,22,27,18,34,20,21,20,19,39,22,15,17,19,11,18,5,12,15,12,14,19,22,21,22,15,22,5,8,26,25,18,31,32,15,17,28,27,22,19,60,40,31,44,16,10,10,-20,-20,-20,-20,-20,11,16,12,28,4,20,54,17,25,8,7,-20,28,10,8,5,12,39,46,-20,40,39,38,47,37,61,14,15,9,23,21,119,12,29,22,32,8,10,7,10,13,34,10,11,15,12,34,6,9,44,79,21,13,35,32,16,14,20,-20,15,19,16,12,13,13,12,5,20,6,22,20,18,14,19,17,13,-20,22,10,4,13,14,15,8,10,68,2,7,8,65,15,25,17,9,11,14,15,11,16,24,7,18,3,12,10,9,-20,10,7,10,77,8,15,13,8,21,22,10,10,14,13,8,17,11,4,32,8,3,13,4,-20,9,9,13,10,11,-20,15,7,15,28,22,21,12,109,30,14,17,9,12,7,12,5,32,4,7,17,-20,14,14,15,12,59,23,-20,10,8,10,9,18,8,3,6,11,11,19,16,10,7,6,19,12,8,-20,16,4,11,8,6,-20,50,40,18,9,7,13,-20,13,10,10,6,13,10,8,22,14,22,27,5,17,8,12,9,13,10,10,41,9,8,18,12,12,12,20,5,11,40,52,39,49,13,50,23,-20,5,31,48,9,-20,33,19,9,31,4,11,13,29,8,11,9,17,6,15,5,22,10,22,14,8,16,8,17,28,24,11,4,12,11,9,15,44,8,14,45,26,17,16,6,45,9,55,15,21,11,24,13,9,21,11,24,24,30,20,56,40,47,47,38,22,32,7,20,10,5,22,-20,7,11,4,8,16,9,6,22,13,18,-20,21,-20,39,-20,12,13,9,22,24,15,16,10,22,7,6,-20,-20,29,18,90,30,62,43,43,26,37,26,17,65,9,24,50,21,20,34,56,39,20,6,27,29,70,15,7,6,5,21,40,17,26,17,17,33,13,34,4,19,10,67,43,28,37,32,5,20,17,12,8,-20,11,8,8,-20,7,7,3,7,8,11,20,8,10,12,8,-20,7,23,6,16,5,11,13,7,13,9,12,5,7,13,7,11,7,11,8,-20,4,10,22,10,16,9,12,8,17,13,7,-20,4,6,16,5,5,9,-20,12,20,16,11,11,9,16,11,16,8,11,10,9,8,7,14,8,20,11,4,14,15,5,5,5,15,6,17,17,11,8,10,-20,-20,11,3,12,-20,8,9,15,5,14,6,18,3,13,12,15,11,-20,3,6,8,7,-20,-20,10,17,7,9,10,-20,16,5,-20,14,11,13,12,4,8,7,11,-20,13,-20,9,16,7,4,16,7,14,9,7,7,-20,6,7,10,19,5,13,9,11,-20,6,11,17,14,12,36,-20,18,14,11,11,-20,10,12,13,9,12,7,20,-20,10,7,25,5,19,15,12,14,10,12,8,5,-20,15,-20,10,22,7,14,-20,-20,11,12,-20,18,11,6,18,8,6,4,7,5,-20,8,13,10,3,8,-20,5,17,26,16,8,12,3,10,9,81,11,18,20,14,9,12,17,27,23,19,16,17,22,12,21,16,20,19,14,8,11,24,-20,16,13,5,14,14,25,19,20,9,31,9,12,11,6,15,25,14,9,11,11,-20,6,6,7,9,-20,16,6,7,10,8,8,-20,12,12,-20,9,7,-20,13,10,11,14,5,12,-20,10,9,7,11,-20,14,10,10,16,9,4,18,3,10,7,12,-20,7,-20,5,4,-20,7,-20,-20,5,10,7,11,11,7,3,-20,14,5,-20,6,5,9,8,5,7,5,10,11,7,26,4,-20,10,8,14,-20,-20,11,7,2,7,6,22,5,8,7,24,5,-20,-20,14,-20,8,14,10,10,-20,8,4,11,-20,5,8,6,20,6,9,-20,9,12,11,4,6,4,9,10,10,-20,5,18,-20,10,-20,16,6,-20,8,-20,8,17,-20,8,-20,3,9,-20,4,-20,8,6,8,13,5,-20,11,5,4,3,-20,7,-20,4,14,9,-20,6,18,5,11,-20,16,-20,-20,-20,4,5,11,8,4,-20,-20,12,-20,10,7,19,27,17,26,31,21,35,47,59,36,35,90,85,61,33,51,48,51
"chr5,10944045",-20,-20,4,-20,8,3,7,-20,3,-20,6,17,33,32,33,25,34,23,80,52,63,7,54,36,56,25,25,36,11,10,11,8,17,7,61,70,25,23,16,10,6,47,8,8,7,53,12,57,17,15,17,25,37,30,39,20,46,47,29,37,37,39,37,29,29,25,21,57,46,21,37,24,16,34,35,51,23,8,14,13,8,14,21,6,10,31,35,53,37,14,22,42,40,31,45,29,10,44,7,37,30,30,4,6,26,44,3,27,43,5,13,-20,35,37,11,-20,49,7,-20,-20,3,7,11,3,50,-20,-20,57,11,12,35,6,6,5,28,55,53,5,3,9,-20,4,-20,8,45,10,5,34,6,11,8,6,37,35,46,5,-20,10,52,12,4,5,3,-20,-20,11,5,6,8,18,42,54,42,27,3,30,8,17,11,103,20,34,13,9,27,10,11,26,11,11,10,21,3,8,15,13,-20,-20,26,10,13,19,38,15,30,13,17,28,6,33,45,46,27,16,25,13,30,10,19,22,15,14,18,30,19,12,10,15,35,25,42,24,49,37,12,24,18,21,27,18,34,21,27,21,19,40,23,16,19,24,15,17,5,11,16,14,16,21,20,17,23,14,25,8,9,25,23,18,35,31,16,17,26,20,24,18,61,53,31,50,16,11,11,-20,-20,-20,-20,-20,10,15,12,29,3,17,59,17,22,8,5,5,29,10,7,6,12,41,48,-20,38,38,39,47,37,62,14,17,9,26,19,123,12,25,24,34,9,11,6,9,14,33,12,11,16,13,36,7,11,46,81,23,13,30,32,17,14,25,3,14,21,17,12,13,14,13,3,18,6,23,28,16,14,19,16,18,-20,26,10,4,15,14,17,8,9,70,3,8,10,73,17,23,21,11,12,16,12,12,15,20,8,18,4,14,12,10,10,10,6,9,83,9,16,13,8,19,25,12,11,14,14,9,17,13,5,34,8,3,14,4,9,10,8,14,13,12,11,15,8,15,26,27,24,13,121,32,12,17,11,11,5,12,6,32,3,8,17,-20,12,14,16,15,60,23,7,12,8,10,10,19,8,3,6,14,14,17,17,10,6,7,21,15,-20,3,17,7,13,8,7,7,57,39,21,13,8,14,-20,13,12,10,8,15,10,8,24,13,24,24,5,18,10,12,9,15,-20,11,43,9,8,23,10,12,12,21,7,13,42,50,38,50,13,49,23,3,4,37,49,10,7,36,19,8,33,5,12,11,31,7,10,8,15,6,14,5,24,9,21,13,10,13,8,15,44,31,11,5,13,10,8,15,42,8,15,47,25,20,19,6,49,9,69,14,24,11,26,17,7,21,12,24,24,30,22,54,42,48,50,37,21,30,6,25,10,6,22,2,6,12,5,9,16,9,6,25,14,16,10,18,-20,44,13,12,14,8,20,21,16,12,11,19,5,8,5,-20,26,19,91,33,61,47,46,25,33,27,23,62,12,25,49,25,21,29,54,36,23,6,25,30,68,17,5,6,5,22,40,17,29,17,18,37,15,44,4,20,11,68,41,28,37,30,6,19,14,13,8,5,10,7,8,-20,6,8,5,7,8,12,18,7,11,14,8,-20,7,23,8,15,8,11,14,7,14,9,11,6,5,11,-20,10,6,10,9,9,5,9,19,9,16,11,11,8,14,15,7,-20,6,5,14,4,3,9,-20,12,22,14,10,11,9,14,12,14,7,12,9,9,9,7,14,7,19,11,3,15,16,6,5,7,15,6,18,15,13,8,8,-20,3,8,4,11,-20,8,8,19,4,15,8,13,-20,13,12,14,11,5,3,6,8,6,-20,7,12,14,7,9,10,-20,14,7,10,10,11,14,12,4,9,7,10,-20,14,2,7,15,8,5,11,8,9,10,6,7,-20,5,9,11,20,6,12,9,13,-20,6,10,13,15,12,36,5,16,14,12,12,4,11,11,13,8,12,6,20,-20,9,7,23,5,18,13,10,10,8,11,9,4,4,16,7,9,21,7,15,-20,6,12,-20,-20,22,9,6,16,7,5,4,8,5,9,9,14,10,3,10,-20,5,15,26,15,8,11,3,12,9,88,12,19,20,14,9,13,19,26,22,20,14,15,20,9,18,15,17,19,13,10,9,25,3,16,10,7,12,13,26,16,18,-20,28,8,12,10,-20,16,25,13,7,10,12,-20,5,5,7,10,4,19,8,8,11,5,9,2,12,11,8,8,7,-20,15,9,11,14,5,10,2,11,8,8,11,6,14,10,10,16,10,3,19,3,11,7,11,-20,4,4,4,5,-20,6,-20,-20,-20,10,5,11,13,8,3,-20,12,5,-20,7,3,11,7,6,7,8,13,12,9,21,4,-20,9,8,14,-20,-20,10,8,3,8,5,24,5,8,7,20,5,-20,7,13,7,8,12,8,6,-20,8,4,10,7,7,8,6,17,5,8,-20,9,14,13,3,6,6,10,13,11,7,9,17,3,9,-20,11,8,-20,8,4,10,15,5,4,-20,-20,12,-20,6,-20,7,5,-20,13,5,2,14,7,-20,3,-20,8,4,4,12,18,7,5,16,7,16,-20,19,-20,4,-20,7,8,-20,10,-20,-20,11,12,5,10,7,24,27,14,27,28,20,34,49,58,34,32,106,85,56,37,49,46,53
"chr5,10944058",-20,-20,6,-20,9,5,6,8,5,-20,8,18,31,30,34,23,36,19,76,55,54,10,56,39,51,27,25,36,12,9,12,9,19,9,65,65,21,22,13,10,6,41,8,10,7,51,11,56,17,14,20,33,38,27,38,18,52,46,30,33,39,35,36,33,27,28,21,54,47,21,35,22,11,39,37,52,23,6,14,13,7,13,21,8,10,27,35,55,38,14,22,40,40,29,41,31,12,50,8,36,28,27,4,5,25,44,4,24,40,7,6,-20,37,30,9,5,47,10,-20,-20,5,7,9,7,48,-20,3,51,9,11,35,6,-20,6,20,49,47,4,-20,7,-20,-20,-20,7,41,10,3,32,8,10,7,5,37,29,50,5,-20,11,59,22,5,-20,7,7,4,6,5,7,6,15,39,48,46,27,5,28,8,15,11,102,22,36,11,9,34,9,12,22,10,21,9,23,4,8,16,14,-20,-20,31,11,13,18,32,15,26,11,18,28,3,30,45,43,21,18,22,12,27,13,15,18,15,12,17,35,21,12,6,16,-20,19,40,28,45,43,15,26,22,24,25,15,31,17,26,18,13,44,25,13,26,-20,14,14,4,10,19,13,15,22,19,20,26,17,23,10,14,22,20,17,26,29,17,16,29,24,23,18,58,47,31,51,14,11,13,-20,-20,-20,-20,-20,11,15,13,28,5,15,49,17,24,11,7,4,31,11,7,5,13,42,43,4,40,31,42,52,38,55,14,17,10,24,23,135,11,25,24,37,9,10,6,5,14,33,12,12,-20,12,37,7,12,47,82,24,14,31,29,20,13,28,3,16,20,15,12,14,15,12,-20,18,5,21,26,17,13,20,17,19,-20,24,10,5,12,13,16,8,11,76,5,-20,11,74,18,24,21,11,9,17,18,10,18,15,9,15,4,15,13,9,11,10,4,9,92,9,14,13,8,17,24,8,11,15,17,10,19,13,5,36,11,-20,12,3,8,9,7,12,13,14,12,17,9,15,27,31,25,14,128,32,9,18,12,10,3,13,7,26,4,8,19,5,12,16,16,14,55,22,8,13,7,10,12,20,5,5,6,9,16,15,15,12,6,6,22,14,7,5,18,7,13,8,7,9,49,39,24,23,8,15,-20,13,13,11,9,13,10,7,28,12,25,21,3,17,10,15,6,15,11,10,40,9,9,26,8,14,11,21,7,12,48,48,34,47,13,47,21,4,7,40,48,9,8,34,17,8,27,2,12,12,37,7,6,6,14,6,11,5,21,-20,21,12,8,14,8,11,45,29,13,5,12,12,10,13,38,10,15,46,27,17,24,5,40,9,76,16,25,11,24,18,6,19,11,25,25,29,20,60,46,48,47,31,20,28,7,17,9,9,24,-20,5,10,-20,10,14,9,8,21,13,19,11,12,6,49,13,8,12,9,20,16,21,11,13,14,4,8,5,-20,23,16,86,35,61,52,40,22,31,24,29,62,12,27,46,24,26,25,66,32,25,5,23,27,71,17,3,6,6,21,39,16,24,24,23,36,13,40,3,18,9,68,37,30,37,24,6,20,17,15,11,6,9,8,11,6,7,6,8,-20,5,14,16,6,14,16,-20,-20,10,13,8,12,9,11,13,10,12,11,16,8,5,6,10,11,-20,11,10,6,8,13,15,13,17,8,12,7,11,12,8,-20,8,4,15,3,-20,9,-20,12,24,13,10,10,8,14,12,11,8,11,9,9,12,6,11,10,24,13,5,13,14,7,5,12,14,7,12,13,10,8,9,5,3,7,-20,8,6,8,11,16,6,11,8,9,4,8,6,5,17,6,5,9,8,6,3,-20,15,17,9,13,9,-20,16,8,8,11,13,14,9,-20,12,7,9,4,11,4,6,8,6,7,7,3,10,14,4,5,-20,6,10,11,24,6,13,11,8,4,9,9,12,14,10,28,8,18,12,9,10,7,11,11,11,7,14,7,16,-20,4,7,13,6,16,11,8,11,9,12,9,3,5,16,-20,8,20,5,12,-20,8,14,11,4,20,7,9,14,6,5,4,5,5,9,11,10,7,7,10,-20,6,23,25,14,8,11,3,13,-20,88,12,15,26,11,10,14,14,19,20,22,15,13,16,10,15,15,14,18,9,12,9,25,5,19,11,9,7,14,29,18,11,15,24,7,10,8,3,13,26,12,9,7,12,4,10,4,7,10,-20,21,9,5,10,-20,5,2,12,12,10,6,6,-20,18,8,11,16,8,8,2,14,14,9,7,5,10,9,7,12,9,5,18,3,9,7,12,-20,-20,-20,4,7,-20,5,-20,-20,4,9,5,7,10,7,4,3,11,6,6,11,4,8,9,-20,6,8,13,12,10,24,4,14,13,12,12,-20,13,8,8,3,7,6,18,4,6,7,15,4,3,3,9,8,6,11,7,7,3,7,7,10,10,-20,10,4,20,6,10,-20,8,12,16,4,6,5,11,10,14,6,10,15,-20,9,-20,11,9,6,-20,5,7,10,3,5,4,-20,14,3,4,-20,9,6,6,-20,3,-20,13,8,5,-20,-20,4,3,4,11,13,5,4,13,4,13,5,16,-20,3,-20,5,5,8,11,3,-20,9,12,4,11,9,34,30,15,24,24,19,34,43,52,37,42,97,64,51,41,52,48,52
"chr5,10944059",-20,-20,6,-20,9,5,6,8,5,3,8,18,31,30,34,23,38,20,75,60,55,10,55,39,53,28,26,36,12,9,13,9,19,9,65,64,21,22,13,10,6,42,7,10,7,51,10,54,16,14,22,33,38,29,41,18,52,46,29,34,39,33,36,33,27,28,21,53,46,21,35,20,14,38,36,52,22,6,13,13,7,12,21,8,10,27,36,54,37,14,23,40,40,29,41,31,12,51,8,35,28,28,4,5,24,44,5,23,40,7,6,-20,37,30,9,5,48,10,-20,-20,5,7,11,7,47,-20,3,51,9,11,35,6,7,6,21,49,47,4,3,7,-20,-20,-20,7,43,10,3,32,8,10,7,6,37,28,50,5,-20,11,59,21,5,-20,7,7,4,6,5,7,6,15,39,48,50,27,5,28,7,15,11,99,22,36,11,9,34,9,12,22,10,21,9,24,4,8,16,14,-20,-20,31,11,14,16,37,15,28,13,18,28,3,30,45,44,20,17,21,11,27,12,15,18,15,13,17,35,22,13,6,19,39,19,40,29,45,43,15,24,23,24,23,15,31,16,26,18,13,43,25,13,26,29,14,14,4,10,17,13,21,21,19,20,24,17,23,10,14,23,20,17,26,30,17,16,29,25,23,18,58,47,28,54,12,11,13,-20,-20,-20,-20,-20,12,18,13,28,5,15,49,20,24,11,7,5,31,11,7,5,13,43,42,4,41,31,42,52,36,56,14,17,10,24,22,135,11,25,25,36,10,11,6,5,14,33,12,12,15,12,39,6,12,49,81,24,14,30,29,18,13,29,3,16,20,15,12,13,15,12,3,16,-20,21,26,18,13,19,17,19,-20,24,10,5,12,13,16,8,11,76,5,10,10,75,18,25,21,11,9,17,18,10,18,15,9,15,4,15,13,9,11,10,4,9,93,9,14,12,8,17,23,9,11,15,17,10,20,13,5,35,11,-20,12,3,8,9,7,10,13,14,12,17,8,15,27,30,25,14,128,31,9,18,12,10,3,13,7,27,-20,8,19,5,12,16,16,15,56,23,8,13,7,10,12,20,5,5,6,9,16,15,15,14,6,6,22,14,7,5,18,7,13,8,7,9,49,39,25,23,8,15,-20,13,13,11,9,13,10,7,26,12,27,21,3,18,10,15,6,15,11,10,40,9,9,27,8,14,12,21,7,12,48,43,34,47,12,44,21,4,7,41,49,9,8,32,18,8,27,2,12,12,38,7,6,6,13,5,11,5,22,-20,21,12,8,14,8,11,45,28,14,5,12,12,10,12,37,10,15,49,29,17,23,5,40,9,76,15,25,11,24,18,6,19,12,28,24,30,20,60,46,48,48,35,20,28,7,17,9,9,25,-20,5,10,8,10,14,-20,8,21,13,19,12,12,6,49,13,8,12,9,20,17,21,11,13,14,4,8,5,-20,22,15,84,33,60,54,39,25,32,24,28,66,13,27,47,24,28,26,63,33,25,5,23,27,71,17,3,5,6,21,39,16,26,26,21,38,13,40,3,17,9,67,37,29,37,26,7,21,17,16,11,6,9,8,11,6,7,6,8,9,5,14,17,6,14,16,8,-20,10,13,8,12,9,11,13,10,12,11,16,7,5,6,10,11,9,11,-20,6,8,13,15,13,17,8,12,7,11,12,8,-20,8,-20,15,3,5,8,-20,12,24,13,11,10,8,13,12,11,8,11,9,9,12,6,11,11,24,13,5,13,14,8,5,12,15,6,13,14,10,8,9,5,3,7,-20,8,7,8,11,16,6,10,8,9,4,8,6,5,16,6,5,9,8,6,3,6,15,17,9,13,9,-20,16,8,8,12,13,14,9,-20,12,7,9,4,11,4,6,8,6,7,7,3,10,14,4,5,-20,6,10,11,23,6,13,11,8,4,9,9,12,14,10,28,8,18,13,9,10,8,11,10,11,7,14,7,16,-20,4,7,14,6,16,11,8,11,9,12,9,3,7,16,-20,8,20,5,12,-20,8,14,11,4,20,7,9,13,6,5,4,5,5,9,11,-20,7,7,10,-20,6,24,25,13,8,11,3,13,9,87,13,14,26,11,10,14,14,19,20,22,15,13,16,10,15,15,14,18,9,12,7,25,5,19,11,9,7,14,29,17,11,15,24,7,10,7,3,13,26,12,9,7,12,4,11,4,7,10,-20,21,9,5,10,-20,5,2,12,12,10,6,6,-20,17,8,11,17,8,8,2,14,14,9,7,5,10,9,7,13,9,5,18,3,9,7,11,-20,-20,3,4,7,-20,5,-20,-20,4,9,5,7,11,7,4,4,11,6,6,11,4,8,9,-20,6,8,13,13,10,24,4,14,13,12,12,-20,14,8,8,3,7,6,18,4,6,7,15,4,3,3,9,8,6,11,7,7,3,7,7,10,10,6,10,4,20,6,-20,-20,8,12,17,5,7,5,11,10,16,-20,10,16,3,9,-20,13,10,6,10,5,-20,12,3,4,5,-20,16,3,6,-20,10,7,7,8,4,-20,14,9,5,-20,-20,4,4,4,12,16,6,5,14,5,13,5,15,-20,3,-20,6,4,9,12,4,-20,-20,10,5,11,9,34,30,15,24,25,19,34,43,53,37,42,96,63,50,41,53,48,53
"chr5,10944061",-20,3,-20,-20,9,5,6,9,5,4,8,17,30,29,33,23,37,19,75,56,51,11,54,38,50,28,25,36,12,9,13,9,19,9,65,62,19,21,14,-20,6,42,6,10,7,52,10,54,17,14,22,32,39,25,40,17,52,42,29,32,36,33,37,32,28,28,21,50,44,22,37,20,15,39,36,52,23,8,14,13,7,14,21,8,11,27,37,49,37,14,23,39,38,30,42,32,12,52,9,36,26,28,4,5,26,42,-20,23,38,7,7,-20,37,31,10,5,48,10,-20,-20,5,7,11,7,48,-20,4,48,10,11,34,6,7,6,20,49,47,4,3,7,-20,-20,-20,7,42,10,3,31,8,10,7,6,37,28,52,5,-20,11,63,20,5,-20,7,7,4,6,5,6,-20,15,39,48,48,26,5,28,7,27,11,96,24,35,10,9,34,9,13,21,8,23,12,24,4,7,15,15,-20,-20,33,10,12,17,36,17,29,13,18,29,3,31,45,45,20,17,21,11,27,11,16,19,14,13,15,35,22,13,6,19,40,20,40,30,45,43,15,25,24,20,22,15,29,18,26,18,13,45,25,13,26,28,15,14,4,10,19,12,21,21,20,20,24,17,22,10,13,25,20,16,26,30,18,18,29,23,24,17,54,48,28,54,12,11,12,-20,-20,-20,-20,-20,12,17,13,28,-20,14,49,20,23,11,8,5,31,11,7,5,13,43,44,-20,41,30,42,51,37,56,14,17,10,25,22,137,12,25,23,35,10,11,7,5,14,33,12,12,15,12,37,6,12,49,83,23,15,29,29,19,12,29,3,17,20,13,12,13,15,12,3,14,5,20,26,18,14,18,15,19,-20,22,10,5,12,14,17,8,11,77,4,11,10,76,18,25,21,11,9,17,19,10,19,16,9,14,4,15,12,9,12,10,4,9,97,9,15,12,9,16,23,9,11,15,17,11,21,13,6,35,12,-20,12,3,6,9,7,9,13,13,13,18,9,15,28,31,25,14,127,32,9,18,12,10,3,13,7,23,5,8,18,5,11,16,16,15,56,24,8,13,6,11,12,20,6,4,6,8,18,15,15,14,6,6,22,14,8,5,18,7,14,8,7,9,47,38,24,23,-20,15,-20,11,12,10,9,13,10,7,26,10,27,21,3,14,10,15,6,15,10,10,41,9,9,27,8,13,13,21,8,12,47,43,34,41,13,46,22,4,6,42,45,11,8,33,18,7,26,3,12,12,38,7,6,6,13,5,10,6,21,9,20,9,8,16,8,11,47,29,15,5,12,12,10,12,38,-20,15,47,29,17,22,5,41,9,76,14,25,11,24,18,6,19,13,27,-20,30,20,60,46,47,48,35,20,28,7,19,11,9,25,-20,5,10,10,9,14,9,8,22,14,20,12,13,6,49,13,8,12,10,19,17,24,12,13,16,4,-20,6,-20,24,15,85,33,62,51,39,24,30,22,26,64,13,27,48,22,28,24,63,33,25,5,22,29,69,17,-20,5,6,21,40,16,25,23,21,37,13,45,3,16,9,66,37,27,37,26,8,22,17,16,11,6,9,8,13,6,7,5,8,-20,5,16,17,6,14,16,8,-20,10,13,8,12,9,11,13,10,12,12,16,7,5,6,10,12,9,12,10,5,8,13,17,13,17,8,12,6,11,12,8,-20,8,4,15,4,5,8,-20,14,24,13,11,10,9,13,12,11,8,13,9,9,12,7,11,11,27,16,-20,14,14,8,5,12,16,7,14,14,10,8,9,7,4,7,-20,7,7,8,11,18,7,11,8,11,4,9,6,5,16,6,5,9,8,6,3,6,15,18,9,13,10,4,15,8,8,12,13,15,10,-20,12,7,9,4,11,4,6,10,6,8,7,4,10,14,4,5,-20,6,10,11,24,6,14,11,8,4,9,10,13,14,11,29,8,19,13,9,10,8,12,11,12,6,15,8,16,-20,5,7,17,6,17,11,8,11,10,12,10,3,7,18,-20,8,20,6,12,8,9,14,13,4,19,9,9,13,6,5,4,5,5,9,11,10,7,7,12,-20,6,24,25,14,9,11,3,13,9,88,14,14,26,12,10,17,14,19,23,21,15,13,16,10,16,15,14,19,9,14,7,27,5,19,11,9,7,16,29,19,11,18,24,7,10,7,3,13,27,12,9,7,12,5,9,4,7,10,-20,23,9,5,10,-20,5,2,14,12,11,6,6,-20,17,8,14,17,8,8,2,14,14,11,7,5,-20,9,7,13,10,5,18,2,10,7,11,-20,-20,3,4,7,-20,5,-20,-20,5,9,5,8,11,6,4,4,11,6,6,11,4,8,10,-20,6,9,13,13,10,26,3,14,13,12,13,-20,14,9,8,5,7,6,18,4,6,7,16,5,3,3,11,8,6,11,7,7,3,7,7,11,10,6,10,4,20,6,12,-20,8,12,17,4,8,5,11,10,16,-20,9,16,3,10,-20,11,8,5,9,5,-20,13,2,3,4,2,15,-20,6,-20,10,6,7,7,3,-20,15,9,4,-20,-20,4,4,5,12,17,-20,3,13,5,12,6,12,-20,-20,-20,7,5,8,13,4,-20,10,-20,5,11,9,34,30,15,25,25,19,33,43,55,36,48,61,62,51,40,51,46,53
