"chr,position",88,108,139,159,265,350,351,403,410,424,428,430,470,476,484,504,506,531,544,546,628,630,680,681,685,687,728,742,763,765,766,768,772,801,853,854,867,868,870,915,932,991,992,997,1002,1006,1061,1062,1063,1066,1070,1158,1166,1254,1257,1313,1317,1552,1612,1622,1651,1652,1676,1684,1739,1741,1756,1757,1793,1797,1819,1820,1829,1834,1835,1851,1852,1853,1872,1890,1925,1942,1943,1954,2016,2017,2031,2053,2057,2081,2091,2106,2108,2141,2159,2166,2171,2191,2202,2212,2239,2240,2276,2278,2285,2286,2317,2370,2412,4779,4807,4826,4840,4857,4884,4900,4939,4958,5023,5104,5151,5165,5210,5236,5249,5253,5276,5279,5349,5353,5395,5486,5577,5644,5651,5717,5718,5720,5726,5741,5748,5757,5768,5772,5776,5779,5784,5798,5800,5811,5822,5830,5831,5832,5836,5837,5856,5860,5865,5867,5874,5890,5893,5907,5921,5950,5984,5993,6008,6009,6010,6011,6012,6013,6016,6017,6019,6020,6021,6022,6023,6024,6025,6030,6034,6035,6036,6038,6039,6040,6041,6042,6043,6046,6064,6069,6070,6071,6073,6074,6076,6077,6085,6086,6087,6088,6090,6091,6092,6094,6095,6096,6097,6098,6099,6100,6101,6102,6104,6105,6106,6107,6108,6109,6111,6112,6113,6114,6115,6118,6119,6122,6123,6124,6125,6126,6128,6131,6132,6133,6134,6136,6137,6138,6140,6141,6142,6145,6148,6149,6150,6151,6153,6154,6163,6166,6169,6172,6173,6174,6177,6180,6184,6188,6189,6191,6192,6193,6194,6195,6198,6201,6202,6203,6209,6210,6214,6216,6217,6218,6220,6221,6231,6235,6237,6238,6240,6241,6242,6243,6244,6252,6255,6258,6268,6276,6284,6296,6390,6396,6413,6424,6434,6445,6680,6739,6740,6744,6749,6750,6805,6806,6814,6830,6897,6898,6900,6901,6903,6904,6907,6908,6909,6911,6913,6915,6917,6918,6919,6920,6922,6923,6924,6926,6927,6929,6931,6932,6933,6938,6940,6943,6944,6945,6951,6956,6957,6958,6959,6960,6961,6963,6966,6967,6968,6969,6970,6971,6973,6974,6975,6976,6979,6981,6982,6984,6986,6987,6989,6990,6992,6997,7000,7002,7003,7008,7013,7014,7025,7026,7028,7031,7033,7036,7058,7061,7062,7063,7064,7067,7068,7071,7072,7077,7081,7092,7094,7096,7102,7103,7106,7107,7109,7111,7117,7119,7120,7125,7126,7127,7130,7133,7138,7143,7147,7158,7160,7161,7162,7163,7164,7165,7169,7177,7181,7183,7186,7192,7199,7202,7203,7207,7208,7209,7213,7217,7218,7223,7231,7236,7244,7248,7250,7255,7258,7268,7273,7276,7280,7282,7287,7288,7296,7298,7305,7306,7307,7314,7316,7319,7320,7322,7323,7327,7328,7332,7333,7337,7342,7343,7344,7346,7347,7349,7350,7353,7354,7356,7358,7359,7372,7373,7377,7378,7382,7383,7384,7387,7394,7396,7404,7411,7413,7415,7416,7417,7418,7419,7424,7427,7430,7460,7461,7471,7475,7477,7514,7515,7516,7517,7520,7521,7523,7525,7529,7530,7566,7568,7717,7757,7767,7917,7947,8037,8057,8077,8132,8171,8214,8222,8227,8230,8231,8233,8234,8235,8236,8237,8238,8239,8240,8241,8242,8243,8244,8246,8247,8249,8256,8258,8259,8264,8283,8284,8285,8290,8297,8306,8307,8311,8312,8326,8334,8335,8337,8343,8351,8354,8357,8365,8366,8369,8376,8386,8387,8419,8420,8422,8424,8426,8427,8464,8483,8699,8723,9027,9057,9058,9067,9069,9070,9075,9078,9079,9081,9084,9085,9089,9091,9095,9099,9100,9102,9103,9104,9105,9106,9111,9113,9114,9115,9121,9125,9128,9130,9131,9133,9134,9298,9312,9314,9321,9323,9332,9336,9339,9343,9352,9353,9363,9369,9370,9371,9380,9381,9382,9383,9386,9388,9390,9391,9392,9394,9395,9399,9402,9404,9405,9407,9408,9409,9412,9413,9416,9421,9427,9433,9436,9437,9442,9450,9451,9452,9453,9454,9455,9470,9471,9476,9481,9503,9506,9507,9508,9509,9510,9511,9512,9513,9514,9515,9517,9518,9519,9520,9521,9522,9523,9524,9525,9526,9527,9528,9529,9530,9531,9532,9533,9534,9535,9536,9537,9539,9540,9541,9542,9543,9544,9545,9546,9547,9548,9549,9550,9551,9552,9553,9554,9555,9556,9557,9558,9559,9560,9561,9562,9564,9565,9567,9568,9569,9571,9573,9574,9576,9577,9578,9579,9581,9582,9583,9584,9585,9586,9587,9588,9589,9590,9591,9592,9593,9594,9595,9596,9597,9598,9599,9600,9601,9602,9606,9607,9608,9609,9610,9611,9612,9613,9615,9616,9617,9619,9620,9621,9622,9624,9625,9626,9627,9628,9629,9630,9631,9632,9633,9634,9635,9636,9637,9638,9639,9640,9641,9642,9643,9644,9645,9646,9647,9648,9649,9651,9653,9655,9656,9657,9658,9659,9660,9661,9663,9664,9665,9666,9667,9668,9669,9670,9671,9672,9673,9676,9677,9678,9679,9680,9681,9682,9683,9684,9685,9686,9687,9689,9690,9691,9692,9693,9694,9695,9696,9697,9698,9699,9700,9701,9703,9704,9705,9706,9707,9708,9709,9710,9711,9712,9713,9714,9716,9717,9718,9719,9720,9721,9722,9723,9725,9726,9727,9728,9729,9730,9731,9732,9733,9735,9736,9737,9738,9739,9741,9743,9744,9745,9747,9748,9749,9754,9755,9756,9757,9758,9759,9761,9762,9764,9766,9768,9769,9770,9771,9772,9774,9775,9776,9777,9778,9779,9780,9781,9782,9783,9784,9785,9786,9787,9788,9789,9790,9791,9792,9793,9794,9795,9796,9797,9798,9799,9800,9801,9802,9803,9804,9805,9806,9807,9808,9809,9810,9811,9812,9813,9814,9815,9816,9817,9819,9820,9821,9822,9823,9824,9825,9826,9827,9828,9830,9831,9832,9833,9834,9835,9836,9837,9838,9839,9840,9841,9843,9844,9845,9846,9847,9848,9849,9850,9851,9852,9853,9854,9855,9856,9857,9858,9859,9860,9861,9862,9864,9866,9867,9868,9869,9870,9871,9873,9874,9875,9876,9877,9878,9879,9880,9881,9882,9883,9885,9886,9887,9888,9890,9891,9892,9894,9895,9897,9898,9899,9900,9901,9902,9903,9904,9905,9906,9908,9909,9910,9911,9912,9914,9915,9917,9918,9920,9921,9924,9925,9926,9927,9928,9929,9930,9932,9933,9935,9937,9938,9939,9941,9942,9943,9944,9945,9946,9947,9948,9949,9950,9951,9952,9953,9955,9956,9957,9958,9959,9960,9962,9963,9964,9965,9966,9968,9969,9970,9971,9972,9973,9974,9975,9976,9978,9979,9980,9981,9982,9983,9984,9985,9986,9987,9988,9990,9991,9993,9995,9996,9997,9998,9999,10001,10002,10004,10005,10006,10008,10009,10010,10011,10012,10013,10014,10015,10017,10018,10020,10022,10023,10027,14312,14313,14314,14315,14318,14319,15560,15591,15592,15593,18694,18696,19949,19950,19951
"chr4,4889466",-20,-20,-20,-20,-20,-20,-20,-20,-20,-20,-20,5,30,26,17,19,42,13,87,58,-20,-20,53,36,58,35,17,33,27,11,6,7,7,-20,65,45,38,33,-20,-20,3,-20,-20,13,13,-20,7,-20,6,8,-20,15,44,-20,-20,-20,37,-20,26,28,21,35,27,19,24,28,45,45,51,21,31,26,15,32,33,60,22,6,12,8,11,27,15,-20,7,41,24,48,35,14,10,33,45,29,33,28,19,58,8,59,30,21,7,-20,28,55,-20,23,29,-20,7,-20,19,5,-20,8,-20,-20,-20,-20,-20,5,6,-20,-20,-20,-20,29,-20,-20,-20,6,-20,-20,-20,-20,-20,-20,-20,9,-20,-20,-20,6,-20,-20,3,-20,-20,-20,-20,6,-20,-20,-20,9,6,-20,-20,-20,-20,-20,-20,-20,-20,8,-20,-20,13,6,37,33,28,10,6,19,-20,-20,6,14,-20,-20,13,-20,6,-20,10,15,7,-20,11,38,4,-20,7,12,7,8,-20,13,-20,-20,-20,-20,5,14,-20,-20,8,-20,-20,-20,-20,4,-20,13,-20,-20,-20,-20,7,-20,-20,-20,-20,13,9,10,22,-20,-20,-20,-20,18,-20,-20,3,4,-20,-20,-20,-20,3,4,-20,10,-20,-20,3,9,-20,-20,6,-20,13,11,16,5,5,12,3,22,-20,-20,15,8,19,-20,-20,16,-20,-20,-20,15,4,5,48,23,28,27,-20,7,-20,18,7,20,6,4,7,-20,10,-20,-20,-20,-20,-20,56,-20,-20,-20,-20,-20,-20,-20,-20,27,32,-20,41,51,24,49,27,48,-20,-20,4,5,-20,-20,7,12,12,24,18,-20,3,7,5,30,13,-20,4,-20,32,10,8,25,-20,15,6,22,-20,-20,-20,11,8,-20,-20,-20,-20,-20,4,-20,-20,-20,-20,-20,10,13,4,-20,5,-20,-20,-20,-20,15,-20,-20,5,-20,5,27,8,8,5,82,-20,3,-20,-20,15,-20,-20,-20,22,14,-20,14,-20,-20,6,-20,-20,-20,10,4,74,-20,-20,-20,-20,8,-20,10,9,-20,7,-20,5,-20,15,-20,-20,-20,17,8,-20,7,6,10,-20,-20,7,17,-20,-20,-20,-20,14,5,-20,9,16,-20,-20,-20,-20,-20,3,18,-20,9,12,6,6,11,11,15,43,23,-20,5,10,-20,-20,-20,-20,-20,-20,-20,5,-20,-20,-20,-20,3,-20,-20,-20,4,8,-20,-20,-20,-20,7,42,32,-20,4,9,-20,-20,-20,10,-20,-20,6,-20,5,-20,7,25,12,5,-20,6,-20,3,-20,8,2,47,-20,13,-20,-20,-20,-20,-20,6,-20,44,39,54,42,11,32,43,11,-20,39,38,3,4,34,4,-20,-20,7,6,13,24,-20,-20,10,-20,-20,-20,3,19,-20,-20,18,-20,8,-20,-20,-20,-20,-20,-20,-20,-20,8,7,24,-20,-20,-20,-20,-20,-20,7,25,9,-20,10,8,-20,-20,12,-20,8,-20,-20,22,-20,19,50,34,19,25,23,21,9,3,-20,-20,-20,-20,-20,-20,6,6,-20,6,-20,3,-20,-20,-20,-20,-20,-20,-20,-20,-20,-20,-20,12,8,7,9,5,8,-20,-20,-20,20,30,4,-20,-20,-20,-20,-20,15,-20,18,15,-20,26,-20,22,16,-20,17,31,32,-20,-20,6,-20,8,-20,-20,-20,-20,13,44,-20,21,18,19,21,24,10,-20,-20,7,-20,16,30,23,-20,3,-20,7,-20,6,-20,-20,3,-20,6,3,-20,-20,-20,-20,-20,-20,-20,-20,-20,-20,-20,-20,19,3,-20,5,-20,-20,-20,-20,-20,-20,3,-20,-20,-20,-20,-20,-20,-20,-20,-20,-20,-20,10,6,-20,-20,-20,-20,-20,-20,-20,-20,4,11,-20,-20,-20,-20,-20,9,9,-20,-20,-20,-20,-20,-20,-20,-20,6,-20,10,-20,-20,-20,-20,-20,-20,3,-20,-20,-20,4,5,-20,-20,4,-20,-20,10,3,9,5,8,6,-20,3,7,9,4,11,8,12,7,5,-20,4,-20,-20,6,6,4,4,12,7,4,12,4,4,12,5,5,6,10,-20,-20,-20,-20,4,-20,-20,5,-20,4,-20,-20,-20,-20,-20,-20,13,8,8,5,-20,5,5,11,3,9,4,13,5,6,7,4,17,12,-20,-20,9,-20,10,4,3,10,3,9,-20,8,-20,-20,-20,6,3,-20,3,-20,-20,-20,-20,-20,-20,-20,6,-20,-20,6,-20,5,-20,-20,8,7,-20,-20,-20,3,-20,6,-20,5,8,4,4,-20,3,7,5,-20,10,4,3,6,4,5,8,-20,-20,-20,8,-20,-20,-20,-20,13,7,-20,11,-20,13,-20,-20,-20,8,7,4,4,5,-20,-20,-20,-20,-20,11,3,22,-20,-20,-20,-20,-20,-20,-20,-20,6,-20,10,-20,8,7,-20,-20,5,8,-20,-20,-20,-20,-20,-20,3,-20,-20,4,-20,-20,-20,-20,7,-20,5,-20,-20,5,-20,-20,-20,-20,-20,-20,-20,7,4,-20,-20,6,3,-20,-20,-20,-20,-20,5,-20,-20,-20,-20,9,-20,-20,-20,-20,-20,-20,-20,-20,-20,-20,-20,-20,4,-20,-20,5,-20,-20,-20,10,-20,6,5,4,3,-20,-20,-20,10,3,5,-20,-20,8,10,-20,-20,-20,4,-20,-20,-20,4,7,-20,-20,-20,-20,-20,-20,-20,8,-20,-20,11,4,-20,4,-20,-20,-20,8,-20,10,8,-20,-20,8,17,-20,-20,-20,-20,-20,-20,-20,-20,-20,-20,4,-20,7,-20,13,-20,-20,-20,6,-20,-20,-20,-20,-20,-20,-20,-20,-20,-20,-20,-20,-20,-20,-20,9,-20,-20,9,-20,-20,-20,-20,-20,-20,-20,-20,-20,8,-20,-20,7,-20,-20,5,-20,-20,-20,-20,-20,-20,13,-20,-20,-20,-20,-20,-20,-20,73,-20,-20,16,23,18,17,17,29,33,41,51,-20,30,27,31,24,27
"chr4,4889470",-20,-20,-20,-20,-20,-20,-20,-20,-20,-20,-20,6,31,28,20,19,42,14,88,57,-20,-20,52,31,55,36,17,35,29,11,6,8,7,-20,66,43,38,33,-20,-20,3,-20,-20,13,13,-20,-20,-20,6,8,-20,15,44,-20,-20,-20,37,-20,24,28,22,36,27,22,25,29,45,43,55,21,31,28,14,30,35,61,23,-20,13,8,12,27,16,-20,7,45,25,49,34,14,11,31,43,29,33,26,19,58,8,56,31,22,7,-20,27,57,-20,24,28,-20,7,-20,19,5,-20,8,-20,-20,-20,-20,-20,5,6,-20,-20,-20,-20,31,-20,-20,-20,6,-20,-20,-20,-20,-20,-20,-20,11,-20,-20,-20,6,-20,-20,3,-20,-20,-20,-20,6,-20,-20,-20,10,7,-20,-20,-20,-20,-20,-20,-20,-20,8,-20,-20,13,6,40,36,31,10,7,25,-20,-20,-20,14,-20,-20,13,-20,7,-20,11,16,7,-20,11,35,4,-20,7,14,7,11,-20,14,-20,-20,-20,-20,5,14,-20,-20,8,-20,-20,-20,-20,-20,-20,13,-20,-20,-20,-20,9,-20,-20,-20,-20,14,10,11,20,-20,-20,-20,-20,19,-20,-20,3,4,-20,-20,-20,-20,3,4,-20,11,-20,-20,3,9,-20,-20,6,3,13,11,14,8,-20,14,3,22,-20,-20,15,9,19,-20,-20,17,-20,-20,-20,17,4,7,51,23,32,30,-20,8,-20,18,8,20,7,5,11,-20,8,-20,-20,-20,-20,-20,57,-20,-20,-20,-20,-20,-20,-20,-20,29,33,-20,38,49,25,51,28,52,-20,-20,4,5,-20,-20,7,13,11,25,18,-20,5,7,5,27,13,-20,4,-20,30,10,9,26,-20,14,6,21,-20,-20,-20,11,9,-20,-20,-20,-20,-20,4,-20,-20,-20,-20,-20,11,13,4,-20,5,-20,-20,-20,-20,14,-20,-20,5,-20,5,28,9,8,5,86,-20,3,-20,-20,15,-20,6,-20,23,15,-20,-20,-20,-20,6,-20,-20,-20,10,4,73,-20,-20,-20,-20,11,-20,10,9,-20,7,-20,6,-20,14,-20,-20,-20,16,8,-20,7,6,11,-20,-20,7,17,-20,-20,-20,-20,13,4,-20,9,18,-20,-20,-20,-20,-20,3,17,-20,9,12,6,7,11,12,15,43,21,-20,5,10,-20,-20,-20,-20,-20,-20,-20,5,-20,-20,-20,-20,3,-20,-20,-20,4,8,-20,-20,-20,-20,8,42,31,-20,6,9,-20,-20,-20,11,-20,-20,8,-20,5,-20,-20,27,13,5,-20,6,-20,3,-20,7,3,47,-20,14,-20,-20,-20,-20,-20,6,-20,43,39,54,43,11,31,44,11,-20,36,38,3,4,34,5,-20,-20,6,6,14,26,5,-20,10,-20,-20,-20,-20,21,-20,-20,16,-20,7,-20,-20,-20,-20,-20,-20,-20,6,9,8,26,-20,-20,-20,-20,-20,-20,8,28,9,-20,10,11,-20,-20,12,-20,8,-20,-20,22,-20,21,48,36,19,25,22,23,10,3,-20,-20,-20,-20,-20,-20,7,6,-20,6,-20,3,-20,-20,-20,-20,-20,-20,-20,-20,-20,-20,-20,12,8,7,10,5,8,-20,-20,-20,21,30,6,-20,-20,-20,-20,-20,16,-20,19,16,-20,28,-20,21,17,-20,18,33,33,-20,-20,6,-20,8,-20,-20,-20,-20,12,43,-20,22,20,22,23,24,10,-20,-20,7,-20,16,29,23,-20,4,-20,9,-20,7,-20,-20,3,-20,6,3,-20,-20,-20,-20,-20,-20,-20,-20,-20,-20,-20,-20,20,3,-20,5,-20,-20,-20,-20,-20,-20,3,-20,-20,-20,-20,-20,6,5,-20,-20,-20,-20,10,-20,-20,-20,-20,-20,9,-20,4,-20,4,11,-20,-20,-20,-20,-20,10,9,-20,-20,-20,-20,-20,-20,-20,-20,7,-20,12,-20,-20,-20,-20,-20,-20,6,-20,-20,-20,4,6,-20,-20,7,-20,-20,11,3,10,5,8,6,-20,3,7,10,4,12,9,12,8,5,-20,4,-20,-20,6,5,5,4,12,8,6,12,5,4,13,5,5,6,11,-20,-20,-20,-20,4,-20,-20,5,-20,4,-20,-20,-20,-20,-20,-20,13,8,8,5,-20,5,5,11,4,13,5,14,5,7,7,4,19,13,-20,-20,10,-20,10,4,4,10,3,9,-20,9,-20,-20,-20,7,6,-20,3,-20,-20,-20,-20,-20,-20,-20,6,-20,-20,6,-20,5,-20,-20,8,7,-20,-20,-20,4,-20,7,-20,5,8,4,4,-20,4,8,5,-20,10,5,3,6,6,5,9,-20,-20,-20,9,-20,-20,-20,-20,13,7,-20,11,-20,12,-20,-20,-20,-20,7,6,5,5,-20,-20,-20,-20,-20,11,3,23,-20,-20,-20,-20,-20,-20,-20,-20,7,-20,10,-20,8,7,-20,-20,5,8,-20,-20,-20,-20,-20,-20,3,-20,-20,4,-20,-20,-20,-20,9,-20,5,-20,-20,5,-20,-20,-20,-20,-20,-20,-20,9,4,-20,-20,6,3,-20,-20,-20,-20,-20,6,-20,-20,-20,-20,11,-20,-20,-20,-20,-20,-20,-20,-20,-20,-20,-20,-20,4,-20,-20,5,-20,-20,-20,10,-20,6,6,6,4,-20,-20,-20,10,3,5,-20,-20,9,12,-20,-20,-20,5,-20,-20,-20,4,7,-20,-20,-20,-20,-20,-20,3,10,-20,-20,10,5,-20,4,-20,-20,-20,9,-20,10,9,-20,-20,8,19,-20,-20,-20,2,-20,-20,-20,-20,-20,-20,-20,-20,7,-20,14,-20,10,4,-20,-20,-20,-20,-20,-20,-20,-20,-20,-20,-20,-20,-20,-20,-20,-20,11,-20,-20,9,-20,-20,-20,-20,-20,-20,-20,-20,-20,8,-20,-20,6,-20,-20,-20,-20,-20,-20,-20,-20,-20,12,-20,-20,-20,-20,-20,-20,-20,73,-20,-20,18,23,18,17,18,30,37,41,49,-20,36,32,30,28,29
"chr4,4889478",-20,-20,-20,-20,-20,-20,-20,-20,-20,-20,-20,7,33,30,22,20,43,14,88,61,-20,-20,52,32,57,36,17,31,32,13,6,9,7,-20,65,46,36,33,-20,4,3,-20,-20,12,14,-20,6,-20,5,10,-20,19,44,-20,-20,-20,38,-20,24,29,21,35,25,24,25,29,41,47,57,20,31,31,14,29,36,59,23,6,15,6,12,27,19,-20,7,41,25,49,33,17,12,29,41,29,34,27,18,59,8,57,33,22,7,-20,25,59,-20,32,31,-20,7,-20,20,5,-20,10,-20,-20,-20,-20,-20,4,6,-20,-20,-20,-20,34,-20,3,-20,6,-20,-20,-20,-20,-20,-20,-20,10,-20,-20,4,4,-20,-20,3,-20,-20,-20,-20,7,-20,-20,-20,11,7,-20,-20,-20,-20,-20,-20,3,-20,8,-20,-20,13,3,41,40,30,11,5,26,-20,-20,9,15,-20,-20,22,-20,9,-20,9,15,8,-20,15,42,4,3,6,16,10,11,-20,15,-20,-20,-20,-20,5,14,-20,-20,6,-20,-20,-20,-20,4,-20,17,-20,-20,-20,-20,9,-20,-20,-20,-20,15,13,10,22,-20,-20,-20,-20,21,-20,-20,3,4,-20,-20,-20,-20,3,4,-20,12,-20,-20,3,11,-20,-20,6,3,11,13,17,9,8,13,3,22,-20,-20,16,9,21,-20,-20,17,-20,-20,-20,17,4,10,54,31,32,33,-20,8,-20,18,8,18,8,6,15,-20,9,-20,-20,-20,-20,-20,56,-20,-20,-20,-20,-20,-20,-20,-20,33,35,-20,40,52,28,53,31,62,-20,-20,5,6,-20,-20,6,14,10,30,18,-20,7,9,6,32,16,-20,4,-20,29,11,13,29,-20,14,6,32,-20,-20,-20,13,9,-20,-20,-20,-20,2,5,-20,-20,-20,-20,-20,11,13,4,-20,6,-20,-20,-20,-20,11,-20,-20,8,-20,6,32,9,7,5,88,-20,3,-20,-20,14,-20,6,-20,23,14,-20,13,-20,-20,-20,-20,-20,-20,9,4,87,-20,-20,-20,-20,11,-20,9,13,-20,10,-20,7,-20,14,-20,-20,-20,16,9,-20,8,6,11,-20,-20,7,18,-20,-20,-20,-20,17,6,-20,11,13,-20,-20,-20,-20,-20,-20,15,-20,8,12,7,7,10,12,15,54,20,-20,5,9,-20,-20,-20,-20,-20,-20,5,5,-20,3,-20,-20,3,-20,-20,-20,5,8,-20,-20,-20,-20,8,44,29,-20,6,6,-20,-20,-20,11,-20,-20,9,-20,5,-20,8,26,11,6,-20,5,-20,3,-20,-20,3,47,-20,16,-20,-20,-20,-20,-20,6,-20,41,35,53,42,10,31,45,9,-20,41,39,3,4,35,8,-20,-20,7,7,13,29,4,-20,12,-20,-20,-20,3,21,-20,-20,17,-20,8,-20,-20,-20,-20,-20,-20,-20,9,10,9,31,-20,-20,-20,-20,-20,-20,10,30,10,-20,11,12,-20,-20,11,-20,-20,-20,-20,25,-20,21,42,36,21,27,20,25,11,2,-20,-20,-20,-20,-20,-20,7,7,-20,7,-20,3,-20,-20,-20,-20,-20,-20,-20,-20,-20,-20,-20,11,9,6,9,6,8,-20,-20,-20,23,32,6,-20,-20,-20,-20,-20,19,-20,21,16,-20,28,-20,21,16,-20,19,46,33,-20,-20,6,-20,8,-20,-20,-20,-20,15,49,-20,22,20,20,29,27,10,-20,-20,7,-20,16,30,29,-20,4,-20,15,-20,8,-20,-20,3,5,6,3,5,-20,-20,-20,-20,-20,-20,-20,-20,-20,-20,-20,19,3,-20,5,-20,-20,-20,-20,-20,-20,2,-20,-20,-20,-20,-20,5,6,-20,-20,-20,-20,9,6,-20,-20,-20,-20,9,-20,4,-20,4,11,-20,-20,-20,-20,-20,9,10,-20,-20,-20,-20,-20,-20,-20,-20,8,-20,13,-20,-20,-20,-20,-20,-20,12,-20,-20,-20,4,7,-20,-20,7,-20,-20,11,3,11,5,9,6,-20,3,6,9,4,14,9,16,6,5,-20,4,-20,3,5,5,5,3,10,8,6,12,5,5,15,5,5,7,11,9,-20,-20,-20,4,-20,-20,5,-20,3,-20,-20,-20,-20,-20,-20,14,7,8,6,-20,5,9,10,4,15,4,15,5,9,-20,4,19,13,-20,-20,11,-20,10,4,4,9,3,9,4,9,-20,-20,-20,7,6,-20,5,3,-20,-20,-20,-20,-20,-20,5,-20,-20,7,-20,-20,-20,-20,7,8,-20,-20,-20,4,-20,7,4,6,10,4,7,-20,4,8,6,-20,10,4,3,6,8,5,9,-20,-20,-20,9,-20,-20,-20,-20,16,7,-20,11,-20,13,-20,-20,-20,10,7,5,6,4,-20,-20,-20,-20,-20,10,-20,22,-20,-20,-20,-20,-20,-20,-20,-20,7,-20,10,-20,7,7,-20,-20,7,7,-20,-20,-20,-20,-20,-20,-20,-20,-20,5,-20,-20,-20,-20,9,-20,5,-20,-20,5,-20,-20,3,-20,-20,-20,-20,9,5,-20,-20,6,3,-20,-20,-20,-20,-20,5,-20,-20,-20,-20,11,-20,-20,-20,-20,-20,-20,-20,-20,-20,-20,-20,-20,4,-20,-20,6,-20,-20,-20,8,-20,5,6,6,4,-20,-20,-20,10,4,5,-20,-20,10,11,-20,-20,-20,6,-20,-20,-20,5,7,-20,-20,-20,-20,-20,-20,3,9,-20,-20,8,5,-20,4,-20,-20,-20,8,-20,10,8,-20,-20,8,20,-20,-20,-20,5,-20,-20,-20,-20,-20,4,-20,-20,5,-20,12,-20,12,-20,9,-20,-20,-20,-20,-20,-20,-20,-20,-20,-20,-20,-20,7,-20,-20,14,-20,-20,9,-20,-20,-20,-20,-20,-20,-20,-20,-20,8,-20,-20,6,-20,-20,-20,-20,-20,-20,-20,-20,-20,-20,-20,-20,-20,-20,-20,-20,-20,71,-20,-20,23,25,20,16,20,34,40,48,49,-20,41,36,29,32,33
"chr4,4889484",-20,-20,-20,-20,-20,-20,-20,-20,-20,-20,-20,7,37,32,24,20,40,14,92,63,-20,-20,55,29,57,37,19,33,35,14,6,9,7,-20,69,45,34,34,-20,4,4,-20,-20,15,10,-20,6,-20,7,13,-20,21,45,-20,-20,-20,38,-20,25,29,19,35,26,21,25,29,39,48,58,20,30,28,15,28,35,60,22,6,16,8,15,28,20,-20,6,39,25,48,31,15,13,29,40,28,37,27,19,62,8,57,33,22,6,-20,26,57,-20,31,34,-20,8,-20,22,5,-20,11,-20,-20,3,4,-20,4,7,-20,-20,-20,-20,39,-20,5,-20,8,-20,-20,-20,-20,-20,-20,-20,11,-20,-20,4,3,-20,-20,3,-20,-20,-20,-20,9,-20,-20,-20,11,6,-20,-20,-20,-20,-20,6,4,-20,9,-20,-20,16,5,45,44,52,12,5,32,-20,-20,10,19,-20,2,25,-20,10,-20,10,17,8,-20,15,44,4,3,7,16,12,12,-20,13,-20,-20,-20,-20,5,14,-20,-20,8,-20,-20,-20,-20,4,-20,17,-20,-20,-20,-20,10,-20,-20,-20,-20,16,14,9,24,-20,-20,-20,-20,24,-20,-20,3,4,-20,-20,-20,-20,3,4,-20,13,-20,-20,3,12,-20,-20,6,-20,15,15,16,10,10,12,-20,19,-20,-20,22,9,21,-20,-20,19,-20,-20,-20,18,5,12,54,32,32,37,-20,-20,-20,22,7,21,9,7,14,-20,8,-20,-20,-20,-20,-20,59,-20,-20,-20,-20,-20,4,-20,-20,31,35,-20,40,48,33,55,31,64,-20,-20,5,6,-20,-20,7,14,11,33,20,-20,7,13,7,27,15,-20,4,-20,29,14,13,31,-20,15,10,35,-20,-20,-20,14,9,-20,-20,-20,-20,3,5,-20,-20,-20,-20,-20,12,15,5,-20,8,-20,-20,-20,-20,10,-20,-20,9,-20,7,41,11,7,5,90,-20,3,-20,-20,15,-20,6,-20,25,15,-20,15,-20,-20,6,-20,-20,-20,10,7,84,-20,-20,-20,-20,11,-20,10,12,-20,11,-20,9,-20,14,-20,-20,-20,16,9,-20,8,6,11,-20,-20,8,17,-20,-20,-20,-20,18,7,-20,12,13,-20,-20,-20,-20,-20,4,14,-20,9,13,6,7,10,14,16,55,19,-20,5,11,-20,-20,-20,-20,-20,-20,5,7,-20,3,-20,-20,3,-20,-20,-20,5,8,-20,-20,-20,-20,10,47,33,-20,6,8,-20,-20,-20,12,-20,3,9,-20,6,-20,9,24,13,6,-20,6,-20,6,-20,10,3,47,-20,17,-20,-20,-20,-20,-20,5,-20,43,37,51,42,11,30,45,7,-20,43,39,4,7,36,9,-20,-20,9,7,13,30,4,-20,12,-20,-20,-20,3,25,-20,-20,17,-20,8,-20,-20,2,-20,-20,-20,-20,10,12,10,34,-20,-20,-20,-20,-20,-20,10,30,11,-20,-20,12,-20,-20,11,-20,13,-20,-20,27,-20,23,43,36,20,27,23,25,12,4,-20,-20,-20,-20,-20,-20,8,7,-20,10,-20,5,-20,-20,-20,-20,-20,-20,-20,-20,-20,-20,-20,13,10,9,10,6,12,-20,-20,-20,20,35,5,-20,-20,-20,-20,-20,18,-20,23,20,-20,27,-20,21,18,-20,17,48,32,-20,-20,6,-20,8,-20,-20,-20,-20,18,50,-20,25,20,26,32,27,10,-20,-20,6,-20,15,33,31,-20,4,-20,16,-20,8,-20,-20,5,7,8,4,6,-20,-20,-20,-20,-20,-20,-20,-20,-20,-20,-20,24,5,-20,5,-20,-20,-20,-20,-20,-20,4,-20,-20,-20,-20,-20,5,7,-20,-20,-20,-20,9,9,-20,-20,-20,-20,11,-20,5,-20,5,13,-20,-20,-20,-20,-20,13,11,-20,-20,-20,-20,-20,-20,-20,-20,9,-20,14,-20,-20,-20,-20,-20,-20,13,-20,-20,-20,4,8,-20,-20,7,-20,-20,13,3,13,5,10,8,-20,3,7,10,5,16,9,17,6,8,5,-20,4,-20,6,6,6,3,10,8,7,14,5,5,19,7,7,7,14,9,-20,-20,-20,4,-20,-20,-20,-20,3,-20,-20,-20,-20,-20,-20,17,9,8,7,-20,6,9,10,6,18,5,21,7,11,9,4,21,13,2,-20,12,-20,10,6,4,12,3,11,4,9,-20,3,-20,8,10,-20,5,4,-20,-20,-20,-20,-20,-20,6,-20,-20,7,-20,3,-20,-20,8,8,-20,-20,-20,5,-20,8,4,8,10,4,9,-20,6,9,8,-20,10,5,4,6,8,5,12,-20,-20,-20,9,-20,-20,-20,-20,16,8,-20,11,-20,13,-20,-20,-20,10,7,6,9,5,-20,-20,-20,-20,-20,12,-20,26,-20,-20,-20,-20,-20,-20,-20,-20,15,-20,11,-20,6,10,-20,-20,10,8,-20,-20,-20,-20,-20,-20,4,-20,-20,5,-20,-20,-20,-20,9,-20,8,3,-20,6,-20,-20,3,-20,-20,-20,-20,9,5,-20,-20,7,6,-20,-20,-20,-20,-20,7,-20,-20,-20,-20,12,-20,-20,-20,-20,-20,-20,-20,-20,-20,-20,-20,-20,4,-20,-20,8,-20,-20,-20,9,-20,8,7,6,4,-20,-20,-20,11,5,5,-20,-20,10,12,-20,-20,-20,8,-20,-20,-20,6,7,-20,-20,-20,-20,-20,-20,4,12,-20,-20,12,5,-20,5,-20,-20,-20,8,-20,11,13,-20,-20,8,-20,-20,-20,-20,5,-20,-20,-20,-20,-20,-20,-20,-20,-20,-20,11,-20,10,-20,-20,-20,-20,-20,-20,-20,-20,-20,-20,-20,-20,-20,-20,9,-20,-20,13,-20,-20,-20,-20,-20,-20,-20,-20,-20,-20,-20,-20,-20,-20,-20,-20,-20,-20,-20,-20,-20,-20,-20,-20,-20,-20,-20,-20,-20,-20,-20,-20,-20,70,-20,-20,24,25,20,18,23,38,43,39,63,-20,38,39,34,34,36
"chr4,4889491",-20,-20,-20,-20,-20,-20,-20,-20,-20,-20,-20,7,36,31,24,23,39,17,93,64,-20,-20,57,31,50,36,21,37,-20,-20,6,-20,7,-20,74,42,34,36,-20,4,4,-20,-20,21,9,-20,5,-20,8,13,-20,20,44,-20,-20,-20,38,-20,27,29,20,32,25,22,28,30,41,49,60,20,30,29,14,26,33,65,22,3,17,10,14,28,22,-20,6,40,26,44,32,15,15,26,42,31,40,26,19,62,8,60,36,27,6,-20,25,58,-20,31,35,-20,8,-20,25,5,-20,11,-20,-20,3,3,-20,3,7,-20,-20,-20,-20,41,-20,6,-20,9,-20,-20,-20,-20,-20,-20,-20,12,-20,-20,4,3,-20,-20,3,-20,-20,-20,-20,11,-20,-20,-20,11,6,-20,-20,-20,-20,-20,6,4,-20,9,-20,-20,16,4,42,46,51,14,6,30,-20,-20,-20,19,-20,-20,25,-20,10,-20,11,17,9,-20,19,43,5,3,8,18,13,14,-20,13,-20,-20,-20,-20,5,16,-20,-20,8,-20,-20,-20,-20,4,-20,19,-20,-20,-20,-20,12,-20,-20,-20,-20,17,14,9,28,-20,-20,-20,-20,28,-20,-20,3,4,-20,-20,-20,-20,3,4,-20,13,-20,-20,3,12,-20,-20,8,-20,-20,16,17,9,12,13,-20,17,-20,-20,22,10,21,-20,-20,18,-20,-20,-20,20,5,14,-20,-20,-20,-20,-20,10,-20,22,8,23,10,8,14,-20,8,-20,-20,-20,-20,-20,-20,-20,-20,-20,-20,-20,5,-20,-20,32,38,-20,39,49,36,58,29,-20,-20,-20,5,7,-20,-20,7,14,11,36,20,-20,8,13,7,27,14,-20,4,-20,30,14,-20,35,-20,17,10,37,-20,-20,-20,14,9,-20,-20,-20,-20,3,5,-20,-20,-20,-20,-20,14,15,5,-20,9,-20,-20,-20,-20,12,-20,-20,9,-20,7,45,11,7,5,95,-20,3,-20,-20,16,-20,-20,-20,25,-20,-20,-20,-20,-20,6,-20,-20,-20,9,7,90,-20,-20,-20,-20,-20,-20,13,10,-20,11,-20,11,-20,14,-20,-20,-20,18,8,-20,10,7,11,-20,-20,10,15,-20,-20,-20,-20,19,-20,-20,14,-20,-20,-20,-20,-20,-20,5,15,-20,11,12,8,-20,10,14,14,61,-20,-20,6,12,-20,-20,-20,-20,-20,3,-20,10,-20,3,-20,-20,3,-20,-20,-20,-20,9,-20,-20,-20,-20,10,47,40,-20,-20,9,-20,-20,-20,14,-20,3,-20,-20,5,-20,-20,26,14,7,-20,5,-20,7,-20,9,3,47,-20,19,-20,-20,-20,-20,-20,7,-20,45,38,49,43,11,32,44,7,-20,44,41,4,8,36,9,-20,-20,10,8,13,31,6,-20,13,-20,-20,-20,3,24,-20,-20,15,-20,8,-20,-20,-20,-20,-20,-20,-20,9,13,11,37,-20,-20,-20,-20,-20,-20,11,29,12,-20,11,12,-20,-20,11,-20,15,-20,-20,28,-20,23,49,37,20,26,23,24,14,4,-20,-20,-20,-20,-20,-20,8,7,-20,10,-20,5,-20,-20,-20,-20,-20,-20,-20,-20,-20,-20,-20,13,7,8,12,11,13,-20,-20,-20,21,40,6,-20,-20,-20,-20,-20,18,-20,22,-20,-20,30,-20,25,18,-20,19,48,32,-20,-20,6,-20,8,-20,-20,-20,-20,17,53,-20,25,24,24,38,24,10,-20,-20,-20,-20,17,30,31,-20,3,-20,16,-20,8,-20,-20,5,6,7,4,7,-20,-20,-20,-20,-20,-20,-20,-20,-20,-20,-20,24,5,-20,5,-20,-20,-20,-20,-20,-20,4,-20,-20,-20,-20,-20,7,7,3,-20,-20,-20,8,-20,-20,-20,3,-20,11,-20,6,-20,6,-20,-20,-20,-20,-20,-20,12,11,-20,-20,-20,-20,-20,-20,-20,-20,10,-20,14,-20,-20,-20,-20,-20,-20,13,-20,-20,-20,4,8,-20,-20,7,-20,-20,14,4,-20,6,10,8,-20,3,7,10,5,18,-20,-20,6,8,7,-20,4,-20,3,6,6,4,-20,-20,10,-20,5,-20,21,7,7,7,-20,9,-20,-20,-20,4,-20,-20,7,-20,-20,-20,-20,-20,-20,-20,-20,17,9,8,6,-20,6,9,9,5,19,5,21,7,12,10,4,24,14,2,-20,15,-20,10,5,4,13,-20,11,6,9,-20,5,-20,10,10,-20,5,5,-20,-20,-20,-20,-20,-20,5,-20,2,7,-20,3,-20,-20,8,9,4,-20,-20,6,-20,9,5,9,10,4,10,-20,7,9,7,-20,8,5,5,-20,-20,5,17,-20,-20,-20,-20,-20,-20,-20,-20,-20,8,-20,10,-20,14,-20,-20,-20,10,10,-20,10,6,-20,-20,-20,-20,-20,13,-20,26,-20,-20,-20,-20,-20,-20,-20,-20,16,-20,12,-20,6,10,-20,-20,11,8,-20,-20,-20,-20,-20,-20,5,-20,-20,5,-20,-20,-20,-20,10,-20,8,3,-20,6,-20,-20,3,-20,-20,-20,-20,9,5,-20,-20,7,6,-20,-20,-20,-20,-20,7,-20,-20,-20,-20,13,-20,-20,-20,-20,-20,-20,-20,-20,-20,-20,-20,-20,3,-20,-20,9,-20,-20,-20,10,-20,7,7,6,5,-20,-20,-20,11,5,4,-20,-20,10,-20,-20,-20,-20,12,-20,-20,-20,6,6,-20,-20,-20,-20,-20,-20,4,13,-20,-20,11,5,-20,6,-20,-20,-20,6,-20,11,13,-20,-20,10,13,-20,-20,-20,6,-20,-20,-20,-20,-20,-20,-20,-20,-20,-20,12,-20,-20,-20,-20,-20,-20,-20,-20,-20,-20,-20,-20,-20,-20,-20,-20,-20,-20,-20,12,-20,-20,-20,-20,-20,-20,-20,-20,-20,-20,-20,-20,-20,-20,-20,-20,-20,4,-20,-20,-20,-20,-20,-20,-20,-20,-20,-20,-20,-20,-20,-20,-20,73,-20,-20,26,26,22,18,27,41,44,35,63,-20,46,41,35,42,37
"chr4,4889492",-20,-20,-20,-20,-20,-20,-20,-20,-20,-20,-20,7,38,30,25,22,40,17,92,64,-20,-20,57,30,51,36,22,37,-20,-20,6,-20,7,-20,74,44,33,37,-20,4,4,-20,-20,21,9,-20,5,-20,8,13,-20,20,43,-20,-20,-20,38,-20,28,29,20,32,26,22,26,30,41,49,62,20,29,29,14,26,33,65,22,3,17,10,14,29,22,-20,7,40,26,46,32,15,16,27,42,31,40,28,19,63,8,59,36,27,6,-20,25,59,-20,31,35,-20,8,-20,26,5,-20,11,-20,-20,3,3,-20,3,7,-20,-20,-20,-20,42,-20,6,-20,9,-20,-20,-20,-20,-20,-20,-20,12,-20,-20,4,3,-20,-20,3,-20,-20,-20,-20,11,-20,-20,-20,12,6,-20,-20,-20,-20,-20,6,4,-20,9,-20,-20,16,4,46,46,52,14,6,30,-20,-20,-20,19,-20,-20,26,-20,10,-20,11,17,9,-20,19,44,5,3,8,18,14,14,-20,13,-20,-20,-20,-20,5,16,-20,-20,8,-20,-20,-20,-20,4,-20,19,-20,-20,-20,-20,12,-20,-20,-20,-20,17,14,9,28,-20,-20,-20,-20,28,-20,-20,3,4,-20,-20,-20,-20,3,4,-20,15,-20,-20,3,13,-20,-20,8,-20,-20,16,17,9,11,13,-20,17,-20,-20,22,10,21,-20,-20,19,-20,-20,-20,19,5,14,-20,-20,-20,-20,-20,10,-20,22,8,23,-20,-20,11,-20,8,-20,-20,-20,-20,-20,-20,-20,-20,-20,-20,-20,5,-20,-20,32,39,-20,40,48,37,55,29,-20,-20,-20,5,7,-20,-20,7,14,11,37,20,-20,7,13,7,27,13,-20,4,-20,30,14,-20,36,-20,17,10,41,-20,-20,-20,15,9,-20,-20,-20,-20,3,6,-20,-20,-20,-20,-20,14,15,5,-20,9,-20,-20,-20,-20,12,-20,-20,9,-20,7,45,11,7,5,99,-20,3,-20,-20,17,-20,6,-20,25,-20,-20,19,-20,-20,7,-20,-20,-20,9,7,92,-20,-20,-20,-20,11,-20,13,10,-20,11,-20,11,-20,13,-20,-20,-20,18,8,-20,10,7,11,-20,-20,10,15,-20,-20,-20,-20,19,-20,-20,14,21,-20,-20,-20,-20,-20,5,15,-20,11,12,8,7,11,14,16,62,21,-20,6,13,-20,-20,-20,-20,-20,4,5,10,-20,3,-20,-20,3,-20,-20,-20,-20,9,-20,-20,-20,-20,10,45,40,-20,6,9,-20,-20,-20,14,-20,3,9,-20,5,-20,-20,25,14,7,-20,5,-20,7,-20,9,3,52,-20,20,-20,-20,-20,-20,-20,7,-20,44,33,46,43,11,32,43,6,-20,45,41,4,8,36,10,-20,-20,10,8,-20,32,6,-20,13,-20,-20,-20,3,23,-20,-20,16,-20,8,-20,-20,-20,-20,-20,-20,-20,9,13,11,37,-20,-20,-20,-20,-20,-20,11,29,12,-20,11,12,-20,-20,11,-20,15,-20,-20,28,-20,24,49,37,20,25,24,24,15,4,-20,-20,-20,-20,-20,-20,8,7,-20,10,-20,5,-20,-20,-20,-20,-20,-20,-20,-20,-20,-20,-20,13,6,8,12,11,13,-20,-20,-20,19,38,6,-20,-20,-20,-20,-20,18,-20,22,-20,-20,30,-20,25,17,-20,19,47,32,-20,-20,6,-20,8,-20,-20,-20,-20,15,52,-20,25,24,23,39,22,10,-20,-20,6,-20,17,30,31,-20,3,-20,16,-20,8,-20,-20,5,6,7,4,-20,-20,-20,-20,-20,-20,-20,-20,-20,-20,-20,-20,24,5,-20,5,-20,-20,-20,-20,-20,-20,4,-20,-20,-20,-20,-20,7,7,3,-20,-20,-20,8,9,-20,-20,3,-20,11,-20,6,-20,6,-20,-20,-20,-20,-20,-20,12,11,-20,-20,-20,-20,-20,-20,-20,-20,10,-20,13,-20,-20,-20,-20,-20,-20,13,-20,-20,-20,4,8,-20,-20,7,-20,-20,14,4,-20,6,10,8,-20,3,7,10,5,17,-20,-20,6,8,7,-20,4,-20,3,6,6,4,-20,-20,10,-20,5,-20,22,7,7,7,-20,9,-20,-20,-20,4,-20,-20,7,-20,-20,-20,-20,-20,-20,-20,-20,17,9,8,6,-20,6,9,9,5,19,5,21,7,13,10,4,24,14,2,-20,15,-20,10,5,4,13,5,11,6,9,-20,5,-20,10,10,-20,5,5,-20,-20,-20,-20,-20,-20,4,-20,2,7,-20,4,-20,-20,8,8,-20,-20,-20,6,-20,9,5,9,10,4,10,-20,7,9,8,-20,8,5,5,-20,-20,5,17,-20,-20,-20,-20,-20,-20,-20,-20,-20,-20,-20,10,-20,14,-20,-20,-20,10,10,-20,10,6,-20,-20,-20,-20,-20,13,-20,26,-20,-20,-20,-20,-20,-20,-20,-20,16,-20,12,-20,6,10,-20,-20,11,10,-20,-20,-20,-20,-20,-20,5,-20,-20,5,-20,-20,-20,-20,10,-20,8,3,-20,6,-20,-20,3,-20,-20,-20,-20,9,5,-20,-20,7,6,-20,-20,-20,-20,-20,7,-20,-20,-20,-20,13,-20,-20,-20,-20,-20,-20,-20,-20,-20,-20,-20,-20,3,-20,-20,9,-20,-20,-20,10,-20,7,7,5,5,-20,-20,-20,11,5,4,-20,-20,10,-20,-20,-20,-20,12,-20,-20,-20,6,6,-20,-20,-20,-20,-20,-20,4,13,-20,-20,12,5,-20,6,-20,-20,-20,6,-20,11,13,-20,-20,9,12,-20,-20,-20,-20,-20,-20,-20,-20,-20,5,-20,-20,-20,-20,13,-20,-20,-20,-20,-20,-20,-20,-20,-20,-20,-20,-20,-20,-20,-20,-20,10,-20,-20,-20,-20,-20,8,-20,-20,-20,-20,-20,-20,-20,-20,-20,-20,-20,-20,3,-20,3,-20,-20,-20,-20,-20,-20,-20,-20,-20,-20,-20,-20,-20,-20,-20,72,-20,-20,26,26,22,20,27,42,43,35,63,-20,47,40,35,42,37
"chr4,4889497",-20,-20,-20,-20,-20,-20,-20,-20,-20,-20,-20,7,38,32,23,22,42,17,93,64,-20,-20,57,34,48,38,20,38,37,16,8,13,7,-20,75,45,35,37,-20,5,7,-20,-20,21,6,-20,5,-20,8,11,-20,21,44,-20,-20,-20,35,-20,28,30,21,32,28,27,28,31,41,49,60,20,31,29,19,23,32,68,23,-20,17,10,12,30,24,-20,8,38,32,47,31,16,17,26,40,32,41,26,17,66,8,58,34,28,6,-20,26,57,-20,32,35,-20,8,-20,27,-20,4,11,-20,-20,3,4,-20,4,7,-20,-20,-20,-20,43,-20,7,-20,9,-20,-20,-20,-20,-20,-20,-20,12,-20,-20,4,3,-20,-20,3,-20,-20,-20,-20,18,-20,-20,-20,12,6,-20,-20,-20,-20,-20,6,5,-20,10,-20,-20,17,5,50,46,51,14,5,30,-20,-20,11,19,-20,-20,25,-20,11,-20,12,19,9,-20,20,44,5,4,10,19,17,13,-20,13,-20,-20,-20,-20,5,17,-20,-20,8,-20,-20,-20,-20,4,-20,23,-20,-20,-20,-20,14,-20,-20,-20,-20,17,14,10,29,-20,-20,-20,-20,26,-20,-20,-20,4,-20,-20,-20,-20,3,4,-20,14,-20,-20,3,12,-20,-20,9,-20,16,18,16,8,13,12,-20,18,-20,-20,22,12,22,-20,-20,19,-20,-20,-20,20,5,14,60,43,39,44,-20,11,-20,24,8,23,9,8,11,-20,8,-20,-20,-20,-20,-20,59,-20,-20,-20,-20,-20,-20,-20,-20,33,40,-20,39,46,38,52,29,64,-20,-20,6,9,-20,-20,6,15,10,40,18,-20,8,12,6,29,15,-20,4,-20,30,15,14,37,-20,18,10,40,-20,-20,-20,17,11,-20,-20,-20,-20,4,7,-20,-20,-20,-20,-20,15,16,4,-20,9,-20,-20,-20,-20,13,-20,-20,10,-20,7,47,11,8,7,98,-20,3,-20,-20,15,-20,6,-20,26,11,-20,19,-20,-20,7,-20,-20,-20,11,6,89,-20,-20,-20,-20,11,-20,12,9,-20,11,-20,10,-20,12,-20,-20,-20,18,9,-20,10,8,11,-20,-20,11,19,-20,-20,-20,-20,19,8,-20,15,21,-20,-20,-20,-20,-20,5,17,-20,-20,13,9,7,11,13,17,68,21,-20,5,14,-20,-20,-20,-20,-20,4,5,10,-20,3,-20,-20,3,-20,-20,-20,7,11,-20,-20,-20,-20,10,47,40,-20,6,9,-20,-20,-20,14,-20,3,9,-20,5,-20,9,28,15,7,-20,6,-20,7,-20,9,3,51,-20,19,2,-20,-20,-20,-20,7,-20,45,36,46,45,11,29,44,6,-20,48,40,4,7,36,11,-20,-20,10,7,13,34,8,-20,14,-20,-20,-20,3,22,-20,-20,18,-20,9,-20,-20,-20,-20,-20,-20,-20,8,13,12,39,-20,-20,-20,-20,-20,-20,11,29,14,-20,11,13,-20,-20,10,-20,16,-20,-20,33,-20,27,48,36,22,26,24,25,17,4,-20,-20,-20,-20,-20,-20,8,7,-20,11,-20,5,-20,-20,-20,-20,-20,-20,-20,-20,-20,-20,-20,13,7,9,13,13,13,-20,-20,-20,21,45,6,-20,-20,-20,-20,-20,17,-20,24,21,-20,33,-20,22,20,-20,19,49,32,-20,-20,7,-20,8,-20,-20,-20,-20,16,51,-20,26,26,25,39,21,-20,-20,-20,6,-20,16,30,30,-20,-20,-20,19,-20,9,-20,-20,5,6,7,4,-20,-20,-20,-20,-20,-20,-20,-20,-20,-20,-20,-20,25,7,-20,5,6,-20,-20,-20,-20,-20,4,-20,-20,-20,-20,7,7,-20,3,-20,-20,-20,10,10,-20,-20,6,-20,11,-20,6,-20,7,15,-20,-20,-20,-20,-20,13,11,-20,-20,-20,-20,-20,-20,-20,-20,10,-20,12,-20,-20,-20,-20,-20,-20,14,-20,-20,-20,4,7,-20,-20,7,-20,-20,14,4,12,6,9,8,-20,3,7,11,6,17,12,18,8,8,8,-20,4,4,4,7,6,4,10,11,12,15,5,6,21,-20,7,7,14,9,-20,-20,-20,4,-20,-20,8,-20,-20,-20,-20,-20,-20,-20,-20,18,7,9,6,-20,6,9,7,6,20,6,22,7,14,10,5,24,19,2,-20,17,-20,12,5,4,14,5,11,6,9,-20,5,-20,10,10,-20,4,6,-20,-20,-20,-20,-20,-20,4,-20,3,7,-20,4,-20,-20,8,8,4,-20,-20,6,4,10,5,9,13,5,11,-20,7,9,9,-20,8,5,5,6,-20,5,17,-20,-20,-20,13,-20,-20,-20,-20,16,8,-20,11,-20,16,-20,-20,-20,11,11,6,10,6,-20,-20,-20,-20,-20,13,4,27,-20,-20,-20,-20,-20,2,-20,-20,15,-20,12,-20,7,11,-20,-20,11,10,-20,-20,-20,-20,-20,-20,5,-20,-20,6,-20,-20,-20,-20,10,-20,8,3,-20,9,-20,-20,3,-20,-20,-20,-20,11,5,-20,-20,7,6,-20,-20,-20,-20,-20,10,-20,-20,-20,-20,13,-20,-20,-20,-20,-20,-20,-20,-20,-20,-20,-20,-20,3,-20,-20,9,-20,-20,-20,11,-20,8,7,5,5,-20,-20,-20,10,5,5,-20,-20,10,13,-20,-20,-20,12,-20,-20,-20,7,6,-20,-20,-20,-20,-20,-20,4,14,-20,-20,13,5,-20,8,-20,-20,-20,6,-20,10,14,-20,-20,9,12,-20,-20,-20,7,-20,-20,-20,-20,-20,4,6,-20,-20,-20,13,-20,12,-20,9,-20,2,-20,-20,-20,-20,-20,-20,-20,-20,-20,-20,11,-20,-20,-20,-20,-20,9,3,-20,-20,7,-20,-20,-20,-20,-20,-20,-20,-20,3,-20,3,-20,6,8,-20,-20,-20,-20,-20,-20,-20,-20,-20,-20,14,-20,60,-20,-20,25,27,22,20,27,49,44,36,63,-20,51,43,39,42,37
"chr4,4889500",-20,-20,-20,-20,-20,-20,-20,-20,-20,-20,-20,7,39,35,24,22,38,17,99,66,-20,-20,56,35,51,37,20,39,35,17,8,14,9,-20,73,45,35,38,-20,5,7,-20,-20,20,6,-20,5,-20,8,11,-20,19,47,-20,-20,-20,38,-20,28,31,20,32,29,27,30,31,39,49,61,19,31,31,21,23,32,68,20,3,17,10,14,31,25,-20,8,37,32,47,35,17,17,25,36,31,42,28,16,65,8,60,33,28,6,-20,26,57,-20,32,36,-20,8,-20,28,-20,4,11,-20,-20,3,-20,-20,4,7,-20,-20,-20,-20,43,-20,7,-20,9,-20,-20,-20,-20,-20,-20,-20,12,-20,-20,4,4,-20,-20,3,-20,-20,-20,-20,18,-20,-20,-20,12,6,-20,-20,-20,-20,-20,6,5,-20,12,-20,-20,17,5,-20,52,51,14,5,32,-20,-20,13,19,-20,-20,25,-20,9,-20,11,19,9,-20,20,43,5,4,10,19,15,14,-20,13,-20,-20,-20,-20,-20,15,-20,-20,8,-20,-20,-20,-20,4,-20,22,-20,-20,-20,-20,15,-20,-20,-20,-20,16,14,10,29,-20,-20,-20,-20,26,-20,-20,3,4,-20,-20,-20,-20,3,4,-20,-20,-20,-20,3,13,-20,-20,9,-20,-20,18,15,8,15,12,-20,18,-20,-20,18,12,22,-20,-20,19,-20,-20,-20,21,6,15,58,-20,-20,-20,-20,11,-20,25,8,23,-20,-20,-20,-20,8,-20,-20,-20,-20,-20,59,-20,-20,-20,-20,-20,5,-20,-20,32,40,-20,39,45,40,52,29,65,-20,-20,6,9,-20,-20,7,15,10,39,17,-20,8,12,6,27,14,-20,4,-20,31,14,14,40,-20,19,10,41,-20,-20,-20,17,11,-20,-20,-20,-20,4,7,-20,-20,-20,-20,-20,15,16,4,-20,9,-20,-20,-20,-20,13,-20,-20,10,-20,6,47,10,8,8,96,-20,3,-20,-20,15,-20,6,-20,26,10,-20,16,-20,-20,7,-20,-20,-20,11,6,89,-20,-20,-20,-20,9,-20,12,9,-20,11,-20,11,-20,12,-20,-20,-20,18,9,-20,10,8,11,-20,-20,11,20,-20,-20,-20,-20,19,7,-20,15,21,-20,-20,-20,-20,-20,5,17,-20,9,14,10,7,13,13,16,68,21,-20,5,14,-20,-20,-20,-20,-20,4,-20,10,-20,4,-20,-20,3,-20,-20,-20,7,11,-20,-20,-20,-20,9,44,40,-20,6,9,-20,-20,-20,14,-20,3,8,-20,5,-20,10,27,14,8,-20,6,-20,7,-20,9,6,48,-20,19,2,-20,-20,-20,-20,8,-20,44,33,46,44,11,31,45,6,-20,50,41,4,8,35,11,-20,-20,-20,7,12,34,9,-20,17,-20,-20,-20,3,20,-20,-20,18,-20,8,-20,-20,-20,-20,-20,-20,-20,9,13,12,40,-20,-20,-20,-20,-20,-20,11,30,14,-20,11,13,-20,-20,8,-20,16,-20,-20,33,-20,26,48,36,22,26,22,25,17,3,-20,-20,-20,-20,-20,-20,11,7,-20,12,-20,5,-20,-20,-20,-20,-20,-20,-20,-20,-20,-20,-20,15,8,10,13,13,12,-20,-20,-20,22,46,6,-20,-20,-20,-20,-20,17,-20,-20,-20,-20,33,-20,24,20,-20,17,48,33,-20,-20,-20,-20,8,-20,-20,-20,-20,16,49,-20,27,25,26,38,21,-20,-20,-20,-20,-20,17,30,28,-20,-20,-20,19,-20,9,-20,-20,5,8,8,4,11,-20,-20,-20,-20,-20,-20,-20,-20,-20,-20,-20,25,-20,-20,5,6,-20,-20,-20,-20,-20,4,-20,-20,-20,-20,7,7,-20,4,-20,-20,-20,10,12,-20,-20,7,3,11,-20,6,-20,7,14,-20,-20,-20,-20,-20,14,12,-20,-20,-20,-20,-20,-20,-20,-20,11,-20,13,-20,-20,-20,-20,-20,-20,15,-20,-20,-20,4,8,-20,-20,7,-20,-20,14,4,12,6,8,8,-20,3,7,12,7,17,13,17,9,8,9,-20,4,5,5,7,7,4,10,11,12,16,5,6,21,7,8,7,15,9,-20,-20,-20,4,-20,-20,9,-20,-20,-20,-20,-20,-20,-20,-20,19,8,10,8,-20,7,9,6,6,22,7,23,8,14,10,6,25,19,-20,-20,18,-20,13,5,4,14,6,11,7,9,-20,5,-20,10,11,-20,4,6,-20,-20,-20,-20,-20,-20,4,-20,3,8,-20,5,-20,-20,8,10,4,-20,-20,6,4,11,6,9,15,5,10,-20,7,9,9,-20,8,5,6,6,9,5,18,-20,-20,-20,14,-20,-20,-20,-20,16,9,-20,11,-20,17,-20,-20,-20,12,11,-20,12,6,-20,-20,-20,-20,-20,13,5,27,-20,-20,-20,-20,-20,2,-20,-20,17,-20,12,-20,9,12,-20,-20,10,11,-20,-20,-20,-20,-20,-20,5,-20,-20,8,-20,-20,-20,-20,11,-20,9,3,-20,9,-20,-20,3,-20,-20,-20,-20,12,6,-20,-20,7,7,-20,-20,-20,-20,-20,10,-20,-20,-20,-20,14,-20,-20,-20,-20,-20,-20,-20,-20,-20,-20,-20,-20,3,-20,-20,10,-20,-20,-20,12,-20,8,8,5,5,-20,-20,-20,10,-20,5,-20,-20,10,13,-20,-20,-20,13,-20,-20,-20,7,6,-20,-20,-20,-20,-20,-20,4,14,-20,-20,13,6,-20,8,-20,-20,-20,6,-20,10,15,-20,-20,10,11,-20,-20,-20,6,-20,-20,-20,-20,-20,4,6,4,-20,5,15,-20,10,-20,-20,-20,-20,-20,-20,-20,2,-20,-20,-20,-20,-20,-20,10,-20,-20,11,-20,-20,11,3,-20,-20,8,-20,-20,-20,-20,5,-20,-20,-20,4,-20,4,-20,6,8,-20,-20,-20,-20,-20,-20,-20,-20,-20,-20,14,-20,60,-20,-20,26,26,22,22,26,50,44,37,63,-20,52,44,40,42,39
"chr4,4889501",-20,-20,-20,-20,-20,-20,-20,-20,-20,-20,-20,7,39,36,24,22,40,15,98,68,-20,-20,55,34,54,36,21,38,35,17,8,14,9,-20,74,43,36,37,-20,5,8,-20,-20,19,6,-20,5,-20,8,12,-20,19,48,-20,-20,-20,42,-20,26,33,19,32,28,27,30,33,36,49,60,19,31,31,22,22,31,69,20,3,18,10,15,31,24,-20,8,38,33,47,38,17,17,24,35,32,42,29,16,62,8,62,33,28,6,-20,26,57,-20,32,36,-20,8,-20,28,-20,4,11,-20,-20,3,4,-20,4,7,-20,-20,-20,-20,42,-20,7,-20,9,-20,-20,-20,-20,-20,-20,-20,13,-20,-20,4,4,-20,-20,3,-20,-20,-20,-20,18,-20,-20,-20,12,6,-20,-20,-20,-20,-20,6,5,-20,12,-20,-20,17,5,50,52,55,14,5,32,-20,-20,13,22,-20,-20,26,-20,9,-20,11,19,9,-20,14,44,5,4,10,21,15,14,-20,13,-20,-20,-20,-20,5,15,-20,-20,8,-20,-20,-20,-20,4,-20,21,-20,-20,-20,-20,15,-20,-20,-20,-20,16,11,8,30,-20,-20,-20,-20,26,-20,-20,3,4,-20,-20,-20,-20,3,4,-20,17,-20,-20,3,13,-20,-20,9,-20,17,18,14,8,15,13,-20,20,-20,-20,18,12,23,-20,-20,19,-20,-20,-20,20,7,16,64,41,40,47,-20,13,-20,25,8,23,9,9,11,-20,8,-20,-20,-20,-20,-20,59,-20,-20,-20,-20,-20,5,-20,-20,33,39,-20,40,47,39,52,29,66,-20,-20,6,9,-20,-20,7,16,10,39,18,-20,8,13,6,27,15,-20,4,-20,32,14,14,39,-20,20,10,41,-20,-20,-20,18,10,-20,-20,-20,-20,4,7,-20,-20,-20,-20,-20,16,16,5,-20,9,-20,-20,-20,-20,13,-20,-20,10,-20,6,47,10,8,8,98,-20,3,-20,-20,15,-20,6,-20,26,10,-20,16,-20,-20,7,-20,-20,-20,11,6,90,-20,-20,-20,-20,9,-20,11,9,-20,11,-20,11,-20,12,-20,-20,-20,18,9,-20,-20,8,11,-20,-20,11,20,-20,-20,-20,-20,19,7,-20,15,-20,-20,-20,-20,-20,-20,5,17,-20,9,14,10,7,13,13,16,69,24,-20,5,15,-20,-20,-20,-20,-20,4,-20,10,-20,4,-20,-20,3,-20,-20,-20,7,11,-20,-20,-20,-20,10,45,40,-20,3,9,-20,-20,-20,15,-20,3,8,-20,5,-20,10,27,15,8,-20,5,-20,7,-20,9,6,49,-20,19,2,-20,-20,-20,-20,8,-20,46,35,45,47,11,31,43,6,-20,49,40,4,8,36,11,-20,-20,10,7,13,34,9,-20,16,-20,-20,-20,3,20,-20,-20,18,-20,8,-20,-20,-20,-20,-20,-20,-20,9,13,12,40,-20,-20,-20,-20,-20,-20,10,31,15,-20,11,13,-20,-20,9,-20,16,-20,-20,36,-20,27,50,37,21,26,22,25,19,3,-20,-20,-20,-20,-20,-20,11,9,-20,12,-20,5,-20,-20,-20,-20,-20,-20,-20,-20,-20,-20,-20,16,8,11,13,13,12,-20,-20,-20,24,46,-20,-20,-20,-20,-20,-20,17,-20,24,24,-20,34,-20,25,20,-20,15,45,33,-20,-20,8,-20,8,-20,-20,-20,-20,15,51,-20,26,25,27,38,20,-20,-20,-20,4,-20,18,30,28,-20,-20,-20,19,-20,9,-20,-20,5,8,8,4,11,-20,-20,-20,-20,-20,-20,-20,-20,-20,-20,-20,25,-20,-20,5,8,-20,-20,-20,-20,-20,4,-20,-20,-20,-20,7,8,8,4,-20,-20,-20,10,13,-20,-20,7,3,11,-20,6,-20,7,14,-20,-20,-20,-20,-20,14,12,-20,-20,-20,-20,-20,-20,-20,-20,11,-20,13,-20,-20,-20,-20,-20,-20,15,-20,-20,-20,4,8,-20,-20,8,-20,-20,14,4,13,6,8,8,3,4,8,12,9,19,17,18,9,8,9,-20,4,6,5,7,7,4,10,11,12,16,5,6,21,7,8,7,16,9,-20,-20,-20,4,-20,-20,9,-20,-20,-20,-20,-20,-20,-20,-20,19,8,10,8,-20,7,9,6,6,22,7,23,8,15,10,6,26,20,2,-20,18,-20,13,5,4,14,6,11,8,10,-20,5,-20,10,11,-20,4,6,-20,-20,-20,-20,-20,-20,5,-20,3,8,-20,5,-20,-20,8,11,4,-20,-20,6,4,13,6,9,15,5,11,-20,7,9,9,-20,8,5,6,6,9,5,18,-20,-20,-20,13,-20,-20,-20,-20,16,9,-20,12,-20,17,-20,-20,-20,12,11,7,12,6,-20,-20,-20,-20,-20,13,5,29,-20,-20,-20,-20,-20,2,-20,-20,18,-20,12,-20,10,12,-20,-20,10,11,-20,-20,-20,-20,-20,-20,5,-20,-20,8,-20,-20,-20,-20,11,2,10,3,-20,9,-20,-20,3,-20,-20,-20,-20,13,6,-20,-20,7,9,-20,-20,-20,-20,-20,10,-20,-20,-20,-20,14,-20,-20,-20,-20,-20,-20,-20,-20,-20,-20,-20,-20,3,-20,-20,10,-20,-20,-20,12,-20,8,8,5,5,-20,-20,-20,10,5,5,-20,-20,10,13,-20,-20,-20,13,-20,-20,-20,7,8,-20,-20,-20,-20,-20,-20,4,14,-20,-20,13,6,-20,8,-20,-20,-20,8,-20,10,15,-20,-20,11,11,-20,-20,-20,6,-20,-20,-20,-20,-20,4,6,4,4,5,16,3,-20,-20,9,-20,-20,-20,-20,-20,-20,-20,-20,-20,-20,-20,-20,10,-20,-20,13,-20,-20,13,3,-20,-20,8,-20,-20,-20,-20,6,-20,-20,-20,5,-20,4,-20,7,9,5,-20,-20,-20,-20,-20,-20,-20,-20,-20,14,-20,61,-20,-20,27,27,22,22,27,52,45,37,62,-20,52,44,43,43,41
"chr4,4889510",-20,-20,-20,-20,-20,-20,-20,-20,-20,-20,-20,7,47,38,23,21,41,15,97,66,-20,-20,50,34,53,35,25,42,38,17,8,16,9,-20,68,44,35,33,-20,5,11,-20,-20,14,5,-20,5,-20,8,11,-20,22,48,-20,-20,-20,52,-20,26,37,21,32,24,23,30,30,33,47,58,20,34,28,18,24,27,63,22,4,17,11,18,31,29,-20,7,38,34,48,41,17,19,22,28,33,41,28,14,66,6,56,36,29,6,-20,27,56,-20,33,37,-20,8,-20,26,-20,4,11,-20,-20,4,5,-20,4,7,-20,-20,-20,-20,41,-20,9,-20,8,-20,3,-20,-20,-20,-20,-20,14,-20,-20,5,5,-20,-20,3,-20,-20,-20,-20,18,-20,-20,-20,12,5,-20,-20,-20,-20,-20,6,5,-20,12,-20,3,17,6,52,54,56,7,5,34,-20,-20,12,31,-20,-20,26,-20,9,-20,17,18,4,-20,27,38,4,4,8,20,13,14,-20,8,-20,-20,-20,-20,4,16,-20,-20,6,-20,-20,-20,-20,-20,-20,23,-20,-20,-20,-20,15,-20,-20,-20,-20,14,11,8,31,-20,-20,-20,-20,26,-20,-20,-20,-20,-20,-20,-20,-20,-20,-20,-20,-20,-20,-20,-20,13,-20,-20,9,-20,22,19,14,9,17,14,-20,20,-20,-20,22,14,22,-20,-20,17,-20,-20,-20,23,6,17,66,34,42,47,-20,13,3,25,8,14,8,9,-20,-20,5,-20,-20,-20,-20,-20,62,-20,-20,-20,-20,-20,5,-20,-20,36,38,-20,39,45,39,47,30,67,-20,-20,5,10,-20,-20,8,18,11,43,17,-20,9,13,6,29,13,-20,5,-20,35,14,15,42,-20,22,11,42,-20,-20,-20,20,11,-20,-20,-20,-20,4,7,-20,-20,-20,-20,-20,14,16,7,-20,12,-20,-20,-20,-20,13,-20,-20,10,-20,6,50,11,8,7,96,-20,4,-20,-20,15,-20,-20,-20,24,16,-20,19,-20,-20,7,-20,-20,-20,11,6,88,-20,-20,-20,-20,-20,-20,12,11,-20,11,-20,12,-20,9,-20,-20,-20,18,8,3,8,9,10,-20,-20,11,29,-20,-20,-20,-20,22,8,-20,15,19,-20,-20,-20,-20,-20,8,20,-20,8,12,11,-20,13,14,18,74,21,-20,7,15,-20,-20,-20,-20,-20,5,-20,12,-20,-20,-20,-20,4,-20,-20,-20,7,12,-20,-20,-20,-20,11,49,44,-20,3,8,-20,-20,-20,15,-20,3,-20,-20,6,7,13,24,18,7,-20,5,-20,8,-20,12,7,48,-20,21,2,-20,-20,-20,-20,9,-20,43,38,42,47,9,34,40,7,-20,51,40,5,8,36,11,-20,-20,12,5,11,35,10,-20,17,-20,-20,-20,-20,16,-20,-20,19,-20,6,-20,-20,-20,-20,-20,-20,-20,12,14,10,40,-20,-20,-20,-20,-20,-20,9,31,15,-20,-20,14,-20,-20,8,-20,18,-20,-20,36,-20,28,48,42,21,32,26,21,21,3,-20,-20,-20,-20,-20,-20,11,10,-20,12,-20,6,-20,-20,-20,-20,-20,-20,-20,-20,-20,-20,-20,16,8,11,14,13,12,-20,-20,-20,18,44,8,-20,-20,-20,-20,-20,15,-20,26,25,-20,31,-20,27,17,-20,15,45,35,-20,-20,-20,-20,-20,-20,-20,-20,-20,18,54,-20,21,26,32,38,16,-20,-20,-20,-20,-20,19,30,31,-20,-20,-20,20,-20,9,-20,-20,5,9,8,4,12,-20,-20,-20,-20,-20,-20,-20,-20,-20,-20,-20,28,8,-20,5,11,-20,-20,-20,-20,-20,3,-20,-20,-20,-20,7,10,9,4,-20,-20,-20,11,15,-20,-20,6,4,12,-20,6,-20,7,13,-20,-20,-20,-20,-20,17,12,-20,-20,-20,-20,-20,-20,-20,-20,11,-20,14,-20,-20,-20,-20,-20,-20,15,-20,-20,-20,4,9,-20,-20,8,-20,-20,13,4,13,7,8,8,4,5,8,13,9,20,17,22,9,9,9,3,5,7,5,7,6,-20,11,10,13,17,5,9,24,8,11,7,16,9,-20,-20,-20,4,-20,-20,9,-20,-20,-20,-20,-20,-20,-20,-20,20,8,10,8,-20,7,9,7,9,27,7,26,9,15,10,-20,31,20,2,-20,18,-20,13,6,4,13,6,11,10,10,-20,5,-20,10,11,-20,5,6,-20,-20,-20,-20,-20,4,5,-20,3,9,-20,5,-20,-20,9,10,5,-20,-20,6,4,14,6,8,15,-20,10,-20,8,9,9,-20,9,5,7,6,11,5,21,-20,-20,-20,15,-20,-20,-20,-20,18,10,-20,10,-20,16,-20,-20,-20,16,12,7,15,8,-20,-20,-20,-20,-20,12,-20,32,-20,-20,-20,-20,-20,2,-20,-20,20,-20,13,-20,10,11,-20,-20,14,12,-20,-20,-20,-20,-20,-20,6,-20,-20,8,-20,-20,-20,-20,11,2,10,3,-20,9,-20,-20,4,-20,-20,-20,-20,14,6,-20,-20,7,9,-20,-20,-20,-20,-20,11,-20,-20,-20,-20,14,-20,-20,-20,-20,-20,-20,3,-20,-20,-20,-20,-20,3,-20,-20,11,-20,-20,-20,12,-20,8,6,6,5,-20,-20,-20,10,4,5,-20,-20,10,13,-20,-20,-20,13,-20,-20,-20,7,8,-20,-20,-20,-20,-20,-20,4,15,-20,-20,13,7,-20,6,-20,-20,-20,9,-20,9,15,-20,-20,12,10,-20,-20,11,6,4,6,-20,-20,-20,-20,4,4,6,5,13,3,11,-20,13,12,-20,4,-20,-20,6,-20,-20,-20,-20,-20,3,-20,-20,3,12,-20,5,12,-20,-20,-20,6,-20,-20,-20,-20,6,-20,5,-20,6,13,-20,6,8,12,6,4,-20,10,-20,-20,-20,8,-20,-20,16,-20,66,-20,-20,28,27,23,23,32,55,48,39,59,-20,56,46,47,46,43
"chr4,4889515",-20,-20,-20,-20,-20,-20,-20,-20,-20,-20,-20,7,45,39,24,23,38,16,99,66,-20,-20,50,32,53,38,23,40,39,17,8,17,9,-20,71,43,33,32,-20,5,11,-20,-20,15,5,-20,5,-20,8,11,-20,22,48,-20,-20,-20,55,-20,24,39,22,30,25,23,31,29,30,48,59,22,32,27,16,23,28,64,24,4,16,11,18,31,30,-20,8,36,37,48,42,16,19,20,30,36,41,27,12,62,7,58,33,30,5,-20,24,55,-20,32,40,-20,7,-20,29,-20,5,10,-20,-20,4,5,-20,4,7,-20,-20,-20,-20,41,-20,10,-20,8,-20,3,-20,-20,-20,-20,-20,14,-20,-20,5,5,-20,-20,3,-20,-20,-20,-20,19,-20,-20,-20,14,5,-20,-20,-20,-20,-20,6,5,-20,11,-20,3,18,8,48,54,58,8,3,30,-20,-20,16,32,-20,-20,30,-20,11,-20,19,19,11,-20,28,32,4,4,9,20,15,15,-20,7,-20,-20,-20,-20,4,15,-20,-20,6,-20,-20,-20,-20,-20,-20,22,-20,-20,-20,-20,15,-20,-20,-20,-20,11,11,9,31,-20,-20,-20,-20,25,-20,-20,-20,-20,-20,-20,-20,-20,-20,-20,-20,-20,-20,-20,-20,13,-20,-20,9,-20,-20,16,13,9,15,13,-20,20,-20,-20,22,15,23,-20,-20,17,-20,-20,-20,23,6,-20,-20,34,-20,-20,-20,13,3,25,7,20,9,9,-20,-20,3,-20,-20,-20,-20,-20,56,-20,-20,-20,-20,-20,5,-20,-20,32,39,-20,39,46,38,45,31,70,-20,-20,6,10,-20,-20,9,19,11,45,-20,-20,8,12,5,30,12,-20,5,-20,36,14,16,44,-20,22,11,46,-20,-20,-20,23,13,-20,-20,-20,-20,4,7,-20,-20,-20,-20,-20,17,14,7,-20,14,-20,-20,-20,-20,14,-20,-20,10,-20,6,51,12,8,8,94,-20,4,-20,-20,14,-20,-20,-20,21,17,-20,16,-20,-20,8,-20,-20,-20,11,6,91,-20,-20,-20,-20,-20,-20,11,11,-20,13,-20,15,-20,8,-20,-20,-20,15,7,4,8,9,12,-20,-20,11,33,-20,-20,-20,-20,24,8,-20,15,20,-20,-20,-20,-20,-20,8,21,-20,8,13,12,-20,14,14,20,79,21,-20,7,15,-20,-20,-20,-20,-20,5,-20,12,-20,-20,-20,-20,4,-20,-20,-20,7,11,-20,-20,-20,-20,11,50,44,-20,-20,8,-20,-20,-20,15,-20,4,-20,-20,6,-20,12,23,20,7,-20,6,-20,8,-20,11,8,47,-20,21,3,-20,-20,-20,-20,8,-20,40,39,40,44,8,32,41,6,-20,50,41,5,7,33,12,-20,-20,-20,4,10,35,11,-20,17,-20,-20,-20,-20,16,-20,-20,19,-20,6,-20,-20,-20,-20,-20,-20,-20,13,14,9,40,-20,-20,-20,-20,-20,-20,9,31,15,-20,10,14,-20,-20,8,-20,18,-20,-20,36,-20,29,50,39,25,31,25,23,19,3,-20,-20,-20,-20,-20,-20,11,11,-20,12,-20,6,-20,-20,-20,-20,-20,-20,-20,-20,-20,-20,-20,16,9,11,14,13,11,-20,-20,-20,16,45,8,-20,-20,-20,-20,-20,15,-20,24,-20,-20,33,-20,27,16,-20,15,51,37,-20,-20,-20,-20,-20,-20,-20,-20,-20,19,56,-20,19,33,30,39,15,-20,-20,-20,-20,-20,17,27,33,-20,-20,-20,20,-20,7,-20,-20,6,9,7,4,13,-20,-20,-20,-20,-20,-20,-20,-20,-20,-20,-20,28,8,-20,5,11,-20,-20,-20,-20,-20,4,-20,-20,-20,-20,8,10,9,4,-20,-20,-20,11,15,-20,-20,6,4,12,-20,7,-20,7,13,-20,-20,-20,-20,-20,17,12,-20,-20,-20,-20,-20,-20,-20,-20,11,-20,14,-20,-20,-20,-20,-20,-20,15,-20,-20,-20,4,9,-20,-20,8,-20,-20,14,4,13,8,8,8,4,-20,8,13,9,20,15,21,9,9,9,4,5,7,5,7,6,4,11,10,13,17,5,9,24,7,11,7,16,9,-20,-20,-20,4,-20,-20,9,-20,-20,-20,-20,-20,-20,-20,-20,21,8,10,8,3,7,10,7,9,26,8,25,9,16,10,-20,31,20,2,-20,22,-20,13,-20,4,13,5,11,11,11,-20,5,-20,10,11,-20,5,8,-20,-20,-20,-20,-20,4,5,-20,3,9,-20,5,-20,-20,9,12,7,-20,-20,6,4,15,6,8,15,5,10,-20,8,10,9,-20,9,5,7,6,11,5,22,-20,-20,-20,17,-20,-20,-20,-20,18,10,-20,11,-20,16,-20,-20,-20,16,12,7,16,8,-20,-20,-20,-20,-20,14,5,32,-20,-20,-20,-20,-20,2,-20,-20,20,-20,13,-20,10,11,-20,-20,15,12,-20,-20,-20,-20,-20,-20,6,-20,-20,9,-20,-20,-20,-20,11,2,10,3,-20,9,-20,-20,4,-20,-20,-20,-20,15,6,-20,-20,7,-20,-20,-20,-20,-20,-20,11,-20,-20,-20,-20,16,-20,-20,-20,-20,-20,-20,3,-20,-20,-20,-20,-20,3,-20,-20,11,-20,-20,-20,12,-20,8,6,6,5,-20,-20,-20,10,4,5,-20,-20,10,13,-20,-20,-20,13,-20,-20,-20,7,8,-20,-20,-20,-20,-20,-20,6,15,-20,-20,12,7,-20,6,-20,-20,-20,9,-20,8,15,-20,-20,12,-20,-20,-20,12,-20,6,6,-20,-20,-20,-20,7,-20,8,5,14,-20,-20,-20,10,11,-20,3,10,-20,5,-20,-20,-20,-20,-20,4,10,3,6,12,-20,8,12,-20,-20,-20,8,-20,-20,-20,-20,4,-20,6,-20,6,11,-20,8,10,12,5,6,3,-20,10,-20,-20,9,-20,-20,18,-20,72,-20,-20,28,31,24,23,34,54,53,45,59,-20,57,48,48,47,43
"chr4,4889520",-20,-20,-20,-20,-20,-20,-20,-20,-20,-20,-20,7,48,36,26,23,36,14,98,66,-20,-20,49,37,50,41,23,43,41,16,8,17,-20,-20,77,40,33,31,-20,5,12,-20,-20,15,5,-20,6,-20,7,12,-20,26,53,-20,-20,-20,55,-20,26,38,26,28,27,23,32,29,29,48,59,21,33,27,15,21,27,58,24,4,15,16,19,28,29,-20,8,33,37,52,41,17,20,20,28,32,41,29,12,63,7,58,33,30,6,-20,23,52,-20,35,42,-20,8,-20,31,-20,5,8,-20,-20,4,5,-20,4,7,-20,-20,-20,-20,42,-20,10,-20,8,-20,3,-20,-20,-20,-20,-20,14,-20,-20,5,-20,-20,-20,3,-20,-20,-20,-20,19,-20,-20,-20,15,6,-20,-20,-20,-20,-20,6,5,-20,10,-20,3,19,8,46,53,59,8,3,33,-20,-20,13,32,-20,-20,32,-20,10,-20,14,15,15,-20,32,24,4,4,8,19,15,16,-20,3,-20,-20,-20,-20,4,12,-20,-20,5,-20,-20,-20,-20,-20,-20,21,-20,-20,-20,-20,16,-20,-20,-20,-20,9,11,10,30,-20,-20,-20,-20,26,-20,-20,-20,-20,-20,-20,-20,-20,-20,-20,-20,-20,-20,-20,-20,12,-20,-20,10,-20,-20,16,16,9,15,13,-20,17,-20,-20,21,16,22,-20,-20,17,-20,-20,-20,24,5,-20,60,30,34,-20,-20,14,4,23,7,19,9,8,-20,-20,3,-20,-20,-20,-20,-20,52,-20,-20,-20,-20,-20,6,-20,-20,30,40,-20,37,46,37,41,31,70,-20,-20,6,9,-20,-20,9,20,12,45,-20,-20,8,13,5,30,12,-20,5,-20,36,14,16,44,-20,21,12,47,-20,-20,-20,23,13,-20,-20,-20,-20,4,7,-20,-20,-20,-20,-20,18,11,7,-20,16,-20,-20,-20,-20,13,-20,-20,9,-20,6,55,12,9,9,97,-20,4,-20,-20,13,-20,-20,-20,20,17,-20,15,-20,-20,9,-20,-20,-20,11,6,90,-20,-20,-20,-20,-20,-20,11,10,-20,13,-20,15,-20,8,-20,-20,-20,15,9,5,9,9,12,-20,-20,11,33,-20,-20,-20,-20,25,8,-20,16,18,-20,4,-20,-20,-20,9,22,-20,8,11,13,-20,13,14,19,78,26,-20,7,15,-20,-20,-20,-20,-20,5,-20,13,-20,-20,-20,-20,4,-20,-20,-20,7,12,-20,-20,-20,-20,12,51,42,-20,-20,8,-20,-20,-20,15,-20,4,-20,-20,6,-20,11,22,19,8,-20,6,-20,8,-20,11,8,47,-20,20,3,-20,-20,-20,-20,6,-20,42,36,40,45,9,35,41,7,-20,48,40,5,8,34,12,-20,-20,-20,3,11,35,12,-20,17,-20,-20,-20,-20,17,-20,-20,20,-20,6,-20,-20,-20,-20,-20,-20,-20,12,15,10,40,-20,-20,-20,-20,-20,-20,8,31,16,-20,11,14,-20,-20,10,-20,18,-20,-20,38,-20,28,50,38,26,30,25,22,19,3,-20,-20,-20,-20,-20,-20,9,10,-20,12,-20,7,-20,-20,-20,-20,-20,-20,-20,-20,-20,-20,-20,16,10,10,15,14,13,-20,-20,-20,19,41,8,-20,-20,-20,-20,-20,16,-20,24,-20,-20,38,-20,27,15,-20,15,54,37,-20,-20,-20,-20,-20,-20,-20,-20,-20,18,56,-20,20,34,30,39,13,-20,-20,-20,-20,-20,19,27,31,-20,-20,-20,20,-20,8,-20,-20,5,9,7,4,13,-20,-20,-20,-20,-20,-20,-20,-20,-20,-20,-20,28,9,-20,5,11,-20,-20,-20,-20,-20,4,-20,-20,-20,-20,9,11,10,4,-20,-20,-20,11,15,-20,-20,6,4,12,-20,9,-20,8,12,-20,-20,-20,-20,-20,17,12,-20,-20,-20,-20,-20,-20,-20,-20,11,-20,14,-20,-20,-20,-20,-20,-20,13,-20,-20,-20,4,9,-20,-20,8,-20,-20,12,5,12,8,8,8,4,-20,8,13,9,21,15,20,9,9,9,5,5,8,7,9,6,4,11,10,13,17,6,9,24,7,12,8,16,9,-20,-20,-20,-20,-20,-20,8,-20,-20,-20,-20,-20,-20,-20,-20,22,8,10,8,4,8,9,7,10,26,8,25,8,16,9,4,30,21,-20,-20,22,-20,12,-20,4,10,5,10,11,11,-20,5,-20,10,12,-20,5,8,-20,-20,-20,-20,-20,7,5,-20,3,9,-20,7,-20,-20,8,12,7,-20,-20,6,4,16,7,8,14,5,9,-20,8,8,10,-20,8,5,8,6,12,4,21,-20,-20,-20,17,-20,-20,-20,-20,17,10,-20,13,-20,15,-20,-20,-20,14,12,7,16,8,-20,-20,-20,-20,-20,13,5,34,-20,-20,-20,-20,-20,2,-20,-20,21,-20,13,-20,11,11,-20,-20,15,11,-20,-20,-20,-20,-20,-20,6,-20,-20,9,-20,-20,-20,-20,10,2,10,3,-20,8,-20,-20,4,-20,-20,-20,-20,16,-20,-20,-20,7,9,-20,-20,-20,-20,-20,11,-20,-20,-20,-20,16,-20,-20,-20,-20,-20,-20,-20,-20,-20,-20,-20,-20,3,-20,-20,11,-20,-20,-20,10,-20,9,7,6,5,-20,-20,-20,12,3,6,-20,-20,9,14,-20,-20,-20,14,-20,-20,-20,9,8,-20,-20,-20,-20,-20,-20,6,15,-20,-20,13,7,-20,6,-20,-20,-20,9,-20,5,14,-20,-20,13,8,-20,-20,12,5,5,4,-20,-20,-20,-20,8,6,9,-20,11,-20,11,-20,8,12,-20,6,11,-20,5,-20,-20,-20,-20,-20,-20,12,4,6,9,-20,7,12,-20,-20,-20,8,-20,-20,-20,-20,4,-20,4,-20,6,12,-20,-20,9,14,5,7,-20,9,8,-20,-20,5,-20,-20,16,-20,66,-20,-20,28,32,28,22,32,58,52,45,32,-20,57,48,51,47,45
"chr4,4889521",-20,-20,-20,-20,-20,-20,-20,-20,-20,-20,-20,7,48,37,26,23,35,13,95,67,-20,-20,51,37,48,41,23,45,40,16,8,16,9,-20,78,40,32,31,-20,5,12,-20,-20,15,5,-20,6,-20,8,12,-20,25,52,-20,-20,-20,55,-20,26,38,27,28,28,23,32,32,29,48,58,21,30,27,15,21,27,59,23,4,15,16,19,28,29,-20,8,33,38,51,40,18,20,20,28,32,40,30,12,63,7,59,32,30,6,-20,23,53,-20,36,42,-20,8,-20,31,-20,5,8,-20,-20,4,5,-20,4,7,-20,-20,-20,-20,43,-20,11,-20,8,-20,3,-20,-20,-20,-20,-20,13,-20,-20,5,-20,-20,-20,3,-20,-20,-20,-20,19,-20,-20,-20,15,6,-20,-20,-20,-20,-20,6,5,-20,10,-20,3,19,9,46,53,59,8,-20,33,-20,-20,13,32,-20,-20,32,-20,10,-20,14,15,15,-20,29,25,4,3,7,19,15,16,-20,3,-20,-20,-20,-20,4,12,-20,-20,5,-20,-20,-20,-20,-20,-20,21,-20,-20,-20,-20,16,-20,-20,-20,-20,9,10,10,27,-20,-20,-20,-20,26,-20,-20,-20,-20,-20,-20,-20,-20,-20,-20,-20,-20,-20,-20,-20,10,-20,-20,10,-20,-20,16,14,9,21,12,-20,21,-20,-20,21,16,22,-20,-20,16,-20,-20,-20,24,5,-20,58,30,29,-20,-20,14,4,22,8,18,10,8,-20,-20,3,-20,-20,-20,-20,-20,50,-20,-20,-20,-20,-20,6,-20,-20,31,40,-20,37,47,37,41,31,70,-20,-20,6,9,-20,-20,9,20,11,44,-20,-20,-20,13,5,30,12,-20,6,-20,36,14,17,44,-20,19,12,47,-20,-20,-20,23,12,-20,-20,-20,-20,5,7,-20,-20,-20,-20,-20,20,11,7,-20,16,-20,-20,-20,-20,13,-20,-20,9,-20,6,56,12,8,10,93,-20,4,-20,-20,14,-20,-20,-20,20,17,-20,15,-20,-20,9,-20,-20,-20,11,6,93,-20,-20,-20,-20,-20,-20,10,10,-20,12,-20,15,-20,7,-20,-20,-20,14,9,5,9,9,12,-20,-20,11,33,-20,-20,-20,-20,26,8,-20,16,18,-20,4,-20,-20,-20,9,22,-20,8,11,13,-20,13,14,19,76,26,-20,7,15,-20,-20,-20,-20,-20,5,-20,13,-20,-20,-20,-20,4,-20,-20,-20,7,11,-20,-20,-20,-20,12,50,43,-20,-20,8,-20,-20,-20,15,-20,4,-20,-20,7,-20,11,22,18,8,-20,6,-20,8,-20,11,8,47,-20,20,3,-20,-20,-20,-20,6,-20,43,32,43,42,10,35,39,7,-20,48,40,5,8,34,12,-20,-20,-20,3,11,34,12,-20,17,-20,-20,-20,-20,15,-20,-20,20,-20,6,-20,-20,-20,-20,-20,-20,-20,12,15,10,40,-20,-20,-20,-20,-20,-20,8,31,16,-20,11,14,-20,-20,12,-20,18,-20,-20,38,-20,28,49,38,26,32,24,22,20,3,-20,-20,-20,-20,-20,-20,9,10,-20,12,-20,7,-20,-20,-20,-20,-20,-20,-20,-20,-20,-20,-20,16,10,9,14,14,13,-20,-20,-20,19,40,8,-20,-20,-20,-20,-20,16,-20,26,-20,-20,38,-20,28,15,-20,-20,52,35,-20,-20,-20,-20,-20,-20,-20,-20,-20,18,56,-20,19,33,28,37,12,-20,-20,-20,-20,-20,18,27,30,-20,-20,-20,20,-20,8,-20,-20,5,9,7,4,13,-20,-20,-20,-20,-20,-20,-20,-20,-20,-20,-20,28,8,-20,4,11,-20,-20,-20,-20,-20,4,-20,-20,-20,-20,9,11,10,4,-20,-20,-20,11,15,-20,-20,6,4,12,-20,9,-20,7,12,-20,-20,-20,-20,-20,17,12,-20,-20,-20,-20,-20,-20,-20,-20,11,-20,14,-20,-20,-20,-20,-20,-20,13,-20,-20,-20,4,9,-20,-20,8,-20,-20,11,-20,12,8,8,8,4,-20,8,12,9,21,15,20,9,9,9,5,5,8,7,9,6,4,10,10,13,17,6,9,24,7,12,8,16,9,-20,-20,-20,-20,-20,-20,8,-20,-20,-20,-20,-20,-20,-20,-20,20,8,10,8,4,8,9,7,10,26,7,25,8,16,9,4,30,19,-20,-20,22,-20,12,-20,4,10,5,11,11,11,-20,5,-20,10,12,-20,5,8,-20,-20,-20,-20,-20,7,6,-20,3,8,-20,7,-20,-20,8,11,7,-20,-20,6,4,16,7,8,14,5,9,-20,8,8,10,-20,8,5,8,6,12,4,21,-20,-20,-20,16,-20,-20,-20,-20,15,10,-20,13,-20,15,-20,-20,-20,14,12,7,16,8,-20,-20,-20,-20,-20,13,5,34,-20,-20,-20,-20,-20,2,-20,-20,21,-20,13,-20,10,11,-20,-20,15,11,-20,-20,-20,-20,-20,-20,6,-20,-20,8,-20,-20,-20,-20,10,2,9,3,-20,8,-20,-20,4,-20,-20,-20,-20,16,8,-20,-20,7,9,-20,-20,-20,-20,-20,11,-20,-20,-20,-20,16,-20,-20,-20,-20,-20,-20,-20,-20,-20,-20,-20,-20,3,-20,-20,11,-20,-20,-20,10,-20,9,7,6,5,-20,-20,-20,12,3,6,-20,-20,9,14,-20,-20,-20,14,-20,-20,-20,9,8,-20,-20,-20,-20,-20,-20,6,15,-20,-20,13,7,-20,6,-20,-20,-20,9,-20,5,14,-20,-20,13,9,-20,-20,13,4,5,4,-20,-20,-20,-20,7,-20,-20,-20,12,-20,10,-20,8,7,-20,6,11,-20,4,-20,3,-20,-20,-20,-20,12,4,6,10,-20,7,12,-20,-20,-20,8,-20,-20,-20,-20,5,-20,4,-20,7,12,-20,7,9,14,5,6,-20,9,7,-20,-20,5,-20,-20,15,-20,66,-20,-20,28,33,28,22,34,60,50,45,32,-20,55,48,50,48,43
"chr4,4889522",-20,-20,-20,-20,-20,-20,-20,-20,-20,-20,-20,7,48,36,26,23,33,13,97,67,-20,-20,50,38,47,41,23,46,40,16,8,16,9,-20,77,40,32,30,-20,5,12,-20,-20,16,5,-20,6,-20,8,12,-20,25,52,-20,-20,-20,55,-20,26,39,27,27,28,23,32,31,29,48,59,21,33,27,15,21,26,58,23,4,15,16,19,28,29,-20,8,33,38,53,41,18,20,17,27,32,39,30,12,62,7,60,33,30,6,-20,23,54,-20,35,42,-20,8,-20,31,-20,5,8,-20,-20,4,5,-20,4,7,-20,-20,-20,-20,42,-20,11,-20,8,-20,3,-20,-20,-20,-20,-20,13,-20,-20,5,-20,-20,-20,3,-20,-20,-20,-20,19,-20,-20,-20,17,6,-20,-20,-20,-20,-20,6,5,-20,10,-20,3,19,9,47,53,57,8,-20,33,-20,-20,13,32,-20,-20,32,-20,10,-20,14,15,15,-20,29,23,4,3,8,19,15,16,-20,6,-20,-20,-20,-20,4,12,-20,-20,5,-20,-20,-20,-20,-20,-20,21,-20,-20,-20,-20,16,-20,-20,-20,-20,9,11,10,26,-20,-20,-20,-20,23,-20,-20,-20,-20,-20,-20,-20,-20,-20,-20,-20,-20,-20,-20,-20,10,-20,-20,10,-20,-20,16,13,9,21,12,-20,21,-20,-20,21,16,22,-20,-20,15,-20,-20,-20,24,5,-20,58,30,29,-20,-20,14,4,22,8,19,10,8,-20,-20,4,-20,-20,-20,-20,-20,50,-20,-20,-20,-20,-20,6,-20,-20,32,41,-20,37,47,37,42,31,70,-20,-20,6,-20,-20,-20,9,20,11,45,-20,-20,8,13,5,28,13,-20,6,-20,35,14,17,43,-20,19,12,49,-20,-20,-20,23,12,-20,-20,-20,-20,5,6,-20,-20,-20,-20,-20,21,11,6,-20,16,-20,-20,-20,-20,13,-20,-20,9,-20,6,56,12,8,10,93,-20,4,-20,-20,14,-20,-20,-20,20,16,-20,15,-20,-20,9,-20,-20,-20,11,6,96,-20,-20,-20,-20,-20,-20,11,10,-20,13,-20,15,-20,7,-20,-20,-20,14,9,5,10,8,12,-20,-20,11,32,-20,-20,-20,-20,27,8,-20,16,17,-20,5,-20,-20,-20,9,22,-20,8,11,13,-20,13,14,19,76,26,-20,7,15,-20,-20,-20,-20,-20,5,-20,13,-20,-20,-20,-20,4,-20,-20,-20,7,10,-20,-20,-20,-20,12,50,41,-20,-20,8,-20,-20,-20,15,-20,4,-20,-20,7,-20,-20,25,18,7,-20,6,-20,8,-20,11,8,47,-20,19,3,-20,-20,-20,-20,6,-20,43,35,44,40,10,33,41,7,-20,46,40,5,8,34,12,-20,-20,-20,3,11,33,13,-20,16,-20,-20,-20,-20,15,-20,-20,20,-20,6,-20,-20,-20,-20,-20,-20,-20,12,14,10,40,-20,-20,-20,-20,-20,-20,8,32,16,-20,10,14,-20,-20,13,-20,18,-20,-20,37,-20,28,49,40,26,32,24,20,21,3,-20,-20,-20,-20,-20,-20,9,10,-20,12,-20,7,-20,-20,-20,-20,-20,-20,-20,-20,-20,-20,-20,16,11,9,14,14,13,-20,-20,-20,19,41,9,-20,-20,-20,-20,-20,16,-20,27,-20,-20,38,-20,28,15,-20,-20,51,35,-20,-20,-20,-20,-20,-20,-20,-20,-20,18,56,-20,20,33,27,36,12,-20,-20,-20,-20,-20,18,26,30,-20,-20,-20,19,-20,8,-20,-20,5,9,7,4,13,-20,-20,-20,-20,-20,-20,-20,-20,-20,-20,-20,28,8,-20,4,11,-20,-20,-20,-20,-20,4,-20,-20,-20,-20,9,11,10,4,-20,-20,-20,11,15,-20,-20,6,4,12,-20,9,-20,7,11,-20,-20,-20,-20,-20,17,12,-20,-20,-20,-20,-20,-20,-20,-20,11,-20,14,-20,-20,-20,-20,-20,-20,13,-20,-20,-20,4,10,-20,-20,8,-20,-20,12,5,12,8,8,8,4,-20,7,12,9,21,15,19,9,8,9,5,5,8,7,8,6,4,9,10,13,17,6,9,24,7,12,7,16,9,-20,-20,-20,-20,-20,-20,8,-20,-20,-20,-20,-20,-20,-20,-20,20,8,10,8,4,8,9,7,11,24,7,25,8,16,9,4,30,20,-20,-20,22,-20,12,-20,4,10,5,11,11,11,-20,5,-20,10,12,-20,5,8,-20,-20,-20,-20,-20,7,6,-20,3,8,-20,7,-20,-20,8,11,7,-20,-20,6,4,16,7,10,14,5,9,-20,8,8,10,-20,8,5,8,6,13,4,21,-20,-20,-20,17,-20,-20,-20,-20,15,10,-20,13,-20,15,-20,-20,-20,14,11,7,16,8,-20,-20,-20,-20,-20,13,5,34,-20,-20,-20,-20,-20,2,-20,-20,21,-20,13,-20,10,11,-20,-20,15,11,-20,-20,-20,-20,-20,-20,6,-20,-20,8,-20,-20,-20,-20,10,2,9,3,-20,7,-20,-20,4,-20,-20,-20,-20,16,8,-20,-20,7,9,-20,-20,-20,-20,-20,11,-20,-20,-20,-20,15,-20,-20,-20,-20,-20,-20,-20,-20,-20,-20,-20,-20,3,-20,-20,11,-20,-20,-20,10,-20,9,7,6,5,-20,-20,-20,12,3,6,-20,-20,9,14,-20,-20,-20,14,-20,-20,-20,9,8,-20,-20,-20,-20,-20,-20,6,15,-20,-20,13,6,-20,6,-20,-20,-20,9,-20,5,14,-20,-20,13,9,-20,-20,13,4,5,4,-20,-20,-20,-20,7,-20,9,-20,12,-20,9,-20,9,10,-20,5,11,-20,5,-20,-20,-20,-20,-20,-20,12,-20,6,10,-20,7,10,-20,-20,-20,5,-20,-20,-20,-20,5,-20,4,-20,7,11,-20,6,9,13,5,6,-20,9,8,-20,-20,5,3,-20,18,-20,66,-20,-20,29,33,27,20,35,60,49,45,32,-20,57,47,52,45,44
"chr4,4889523",-20,-20,-20,-20,-20,-20,-20,-20,-20,-20,-20,7,48,37,26,23,34,13,98,66,-20,-20,51,37,46,42,23,45,40,16,8,15,9,-20,75,40,32,31,-20,5,12,-20,-20,16,5,-20,5,-20,8,12,-20,25,50,-20,-20,-20,56,-20,26,40,27,28,28,23,32,31,30,45,59,21,33,27,14,21,26,56,23,4,15,16,19,30,29,-20,8,34,38,53,41,18,20,18,27,33,41,30,12,61,7,63,32,31,6,-20,22,54,-20,38,43,-20,8,-20,30,-20,5,8,-20,-20,4,5,-20,4,7,-20,-20,-20,-20,42,-20,11,-20,-20,-20,3,-20,-20,-20,-20,-20,13,-20,-20,-20,-20,-20,-20,3,-20,-20,-20,-20,20,-20,-20,-20,17,-20,-20,-20,-20,-20,-20,6,5,-20,10,-20,3,19,12,48,53,57,8,-20,33,-20,-20,13,31,-20,-20,32,-20,10,-20,14,15,15,-20,29,23,-20,3,8,19,15,17,-20,6,-20,-20,-20,-20,-20,12,-20,-20,5,-20,-20,-20,-20,-20,-20,21,-20,-20,-20,-20,-20,-20,-20,-20,-20,9,11,10,26,-20,-20,-20,-20,-20,-20,-20,-20,-20,-20,-20,-20,-20,-20,-20,-20,-20,-20,-20,-20,9,-20,-20,9,-20,23,17,13,9,21,11,-20,22,-20,-20,21,16,22,-20,-20,15,-20,-20,-20,-20,5,16,64,31,31,43,-20,14,4,22,8,20,9,8,-20,-20,4,-20,-20,-20,-20,-20,48,-20,-20,-20,-20,-20,6,-20,-20,32,41,-20,36,45,39,42,31,70,-20,-20,6,9,-20,-20,9,20,11,44,15,-20,8,13,-20,28,13,-20,6,-20,35,14,-20,43,-20,18,12,49,-20,-20,-20,23,13,-20,-20,-20,-20,5,6,-20,-20,-20,-20,-20,21,14,6,-20,15,-20,-20,-20,-20,13,-20,-20,9,-20,6,55,12,8,10,-20,-20,4,-20,-20,14,-20,-20,-20,20,16,-20,16,-20,-20,9,-20,-20,-20,11,7,98,-20,-20,-20,-20,-20,-20,11,10,-20,15,-20,15,-20,7,-20,-20,-20,14,9,5,10,8,12,-20,-20,11,32,-20,-20,-20,-20,26,8,-20,16,17,-20,5,-20,-20,-20,9,22,-20,8,11,12,-20,13,14,19,76,24,-20,7,14,-20,-20,-20,-20,-20,5,-20,13,-20,-20,-20,-20,4,-20,-20,-20,7,11,-20,-20,-20,-20,12,52,40,-20,-20,8,-20,-20,-20,15,-20,4,-20,-20,7,-20,12,25,18,7,-20,6,-20,8,-20,12,8,46,-20,19,3,-20,-20,-20,-20,6,-20,43,36,44,41,10,31,41,6,-20,45,43,5,8,34,12,-20,-20,-20,3,11,35,14,-20,16,-20,-20,-20,-20,15,-20,-20,18,-20,6,-20,-20,-20,-20,-20,-20,-20,12,13,10,41,-20,-20,-20,-20,-20,-20,8,32,15,-20,11,14,-20,-20,13,-20,18,-20,-20,37,-20,27,49,40,26,32,24,19,24,3,-20,-20,-20,-20,-20,-20,9,10,-20,12,-20,7,-20,-20,-20,-20,-20,-20,-20,-20,-20,-20,-20,16,11,9,14,14,13,-20,-20,-20,19,39,9,-20,-20,-20,-20,-20,16,-20,27,25,-20,38,-20,26,15,-20,14,50,35,-20,-20,4,-20,-20,-20,-20,-20,-20,18,55,-20,20,33,27,35,15,-20,-20,-20,-20,-20,19,26,30,-20,-20,-20,19,-20,8,-20,-20,5,-20,7,4,14,-20,-20,-20,-20,-20,-20,-20,-20,-20,-20,-20,-20,8,-20,4,11,-20,-20,-20,-20,-20,4,-20,-20,-20,-20,9,11,9,4,-20,-20,-20,12,15,-20,-20,6,4,12,-20,9,-20,7,11,-20,-20,-20,-20,-20,17,12,-20,-20,-20,-20,-20,-20,-20,-20,11,-20,14,-20,-20,-20,-20,-20,-20,-20,-20,-20,-20,4,10,-20,-20,7,-20,-20,-20,5,12,8,8,8,4,-20,7,12,9,21,16,20,9,-20,10,5,5,8,7,8,6,3,8,10,13,17,6,9,-20,7,12,7,17,9,-20,-20,-20,-20,-20,-20,8,-20,-20,-20,-20,-20,-20,-20,-20,20,8,10,8,-20,7,9,7,11,23,7,25,8,16,9,4,30,20,-20,-20,22,-20,12,5,5,10,-20,12,11,10,-20,5,-20,10,12,-20,5,8,-20,-20,-20,-20,-20,7,7,-20,3,8,-20,7,-20,-20,8,10,6,-20,-20,6,4,16,7,10,14,4,9,-20,8,8,10,-20,8,4,8,6,13,3,21,-20,-20,-20,17,-20,-20,-20,-20,15,10,-20,-20,-20,15,-20,-20,-20,15,11,-20,15,8,-20,-20,-20,-20,-20,13,5,34,-20,-20,-20,-20,-20,-20,-20,-20,21,-20,13,-20,11,11,-20,-20,15,11,-20,-20,-20,-20,-20,-20,6,-20,-20,8,-20,-20,-20,-20,10,2,9,3,-20,6,-20,-20,4,-20,-20,-20,-20,16,8,-20,-20,9,-20,-20,-20,-20,-20,-20,11,-20,-20,-20,-20,15,-20,-20,-20,-20,-20,-20,-20,-20,-20,-20,-20,-20,3,-20,-20,10,-20,-20,-20,10,-20,9,7,6,5,-20,-20,-20,12,3,6,-20,-20,9,-20,-20,-20,-20,14,-20,-20,3,9,8,-20,-20,-20,-20,-20,-20,6,15,-20,-20,13,6,-20,6,-20,-20,-20,9,-20,5,14,-20,-20,13,-20,-20,-20,14,4,5,3,-20,-20,-20,-20,-20,-20,9,-20,13,3,10,-20,-20,9,-20,4,11,-20,5,-20,-20,-20,-20,-20,4,-20,3,6,-20,-20,8,11,-20,-20,-20,4,-20,-20,-20,-20,6,-20,4,-20,-20,12,-20,7,-20,15,5,6,3,-20,-20,-20,-20,5,3,-20,17,-20,66,-20,-20,30,33,28,20,-20,58,48,45,32,-20,57,46,52,48,43
"chr4,4889526",-20,-20,-20,-20,-20,-20,-20,-20,-20,-20,-20,8,46,37,26,22,34,11,99,69,-20,-20,49,37,47,43,25,44,39,17,8,17,8,-20,73,42,33,30,-20,5,12,-20,-20,16,5,-20,3,-20,8,12,-20,25,48,-20,-20,-20,58,-20,25,39,28,27,29,24,32,30,29,45,60,22,34,28,15,20,26,59,22,4,15,16,19,30,28,-20,8,33,40,52,39,18,20,18,28,34,40,29,15,60,7,64,32,31,6,-20,20,54,-20,36,44,-20,6,-20,33,-20,5,7,-20,-20,4,3,-20,5,6,-20,-20,-20,-20,45,-20,11,-20,8,-20,3,-20,-20,-20,-20,-20,12,-20,-20,5,7,-20,-20,4,-20,-20,-20,-20,20,-20,-20,-20,17,8,-20,-20,-20,-20,-20,6,5,-20,9,-20,3,20,12,48,54,59,9,-20,34,-20,-20,13,30,-20,-20,33,-20,12,-20,14,19,14,-20,29,23,4,3,10,24,15,16,-20,5,-20,-20,-20,-20,4,12,-20,-20,5,-20,-20,-20,-20,-20,-20,19,-20,-20,-20,-20,17,-20,-20,-20,-20,9,10,9,27,-20,-20,-20,-20,24,-20,-20,-20,-20,-20,-20,-20,-20,-20,-20,-20,-20,-20,-20,-20,8,-20,-20,8,-20,24,18,14,9,21,10,-20,22,-20,-20,21,15,20,-20,-20,14,-20,-20,-20,23,6,17,64,35,32,47,-20,14,4,22,9,20,10,7,-20,-20,4,-20,-20,-20,-20,-20,52,-20,-20,-20,-20,-20,6,-20,-20,33,40,-20,37,47,43,46,30,68,-20,-20,4,8,-20,-20,8,20,11,42,16,-20,8,12,6,25,13,-20,6,-20,36,14,18,43,-20,18,12,46,-20,-20,-20,24,13,-20,-20,-20,-20,5,5,-20,-20,-20,-20,-20,22,16,6,-20,14,-20,-20,-20,-20,13,-20,-20,9,-20,6,58,11,8,10,90,-20,4,-20,-20,13,-20,-20,-20,20,17,-20,15,-20,-20,9,-20,-20,-20,10,7,97,-20,-20,-20,-20,-20,-20,11,11,-20,15,-20,16,-20,8,-20,-20,-20,13,9,5,11,8,12,-20,-20,11,33,-20,-20,-20,-20,27,8,-20,16,19,-20,8,-20,-20,-20,11,22,-20,8,11,12,-20,12,15,19,77,24,-20,7,15,-20,-20,-20,-20,-20,5,-20,15,-20,-20,-20,-20,4,-20,-20,-20,6,13,-20,-20,-20,-20,12,49,41,-20,-20,9,-20,-20,-20,13,-20,5,-20,-20,6,-20,12,24,19,7,-20,6,-20,9,-20,12,8,47,-20,19,4,-20,-20,-20,-20,6,-20,41,34,45,41,10,31,46,6,-20,42,45,5,9,35,13,-20,-20,13,3,14,36,14,-20,16,-20,-20,-20,-20,15,-20,-20,17,-20,6,-20,-20,-20,-20,-20,-20,-20,12,16,10,41,-20,-20,-20,-20,-20,-20,6,32,15,-20,10,15,-20,-20,13,-20,17,-20,-20,37,-20,28,50,43,27,35,24,19,24,2,-20,-20,-20,-20,-20,-20,10,10,-20,12,-20,7,-20,-20,-20,-20,-20,-20,-20,-20,-20,-20,-20,17,12,11,15,13,12,-20,-20,-20,18,35,11,-20,-20,-20,-20,-20,15,-20,26,22,-20,43,-20,25,16,-20,16,48,36,-20,-20,6,-20,-20,-20,-20,-20,-20,17,51,-20,20,34,26,34,17,-20,-20,-20,-20,-20,19,22,30,-20,-20,-20,19,-20,7,-20,-20,5,11,7,5,15,-20,-20,-20,-20,-20,-20,-20,-20,-20,-20,-20,29,8,-20,4,11,-20,-20,-20,-20,-20,3,-20,-20,-20,-20,9,12,9,4,-20,-20,-20,12,17,-20,-20,8,4,12,-20,9,-20,7,11,-20,-20,-20,-20,-20,16,10,-20,-20,-20,-20,-20,-20,-20,-20,11,-20,14,-20,-20,-20,-20,-20,-20,14,-20,-20,-20,-20,10,-20,-20,7,-20,-20,10,5,9,7,8,8,5,4,8,11,8,21,15,19,9,8,11,6,6,8,7,9,7,-20,7,10,13,17,6,8,23,7,12,7,17,9,-20,-20,-20,-20,-20,-20,8,-20,-20,-20,-20,-20,-20,-20,-20,22,7,10,8,4,6,8,7,11,25,7,25,7,16,8,-20,30,19,-20,-20,22,-20,13,-20,5,10,4,12,11,11,-20,5,-20,9,14,-20,4,8,-20,-20,-20,-20,-20,7,7,-20,3,9,-20,8,-20,-20,8,12,6,-20,-20,6,4,16,7,8,12,5,8,-20,7,9,10,-20,-20,4,8,5,13,3,23,-20,-20,-20,17,-20,-20,-20,-20,14,10,-20,10,-20,16,-20,-20,-20,14,12,7,16,8,-20,-20,-20,-20,-20,13,5,34,-20,-20,-20,-20,-20,-20,-20,-20,21,-20,13,-20,12,14,-20,-20,15,10,-20,-20,-20,-20,-20,-20,6,-20,-20,8,-20,-20,-20,-20,11,2,9,3,-20,7,-20,-20,4,-20,-20,-20,-20,17,7,-20,-20,9,7,-20,-20,-20,-20,-20,12,-20,-20,-20,-20,14,-20,-20,-20,-20,-20,-20,-20,-20,-20,-20,-20,-20,3,-20,-20,10,-20,-20,-20,9,-20,9,8,5,5,-20,-20,-20,11,3,5,-20,-20,8,14,-20,-20,-20,14,-20,-20,3,9,8,-20,-20,-20,-20,-20,-20,4,15,-20,-20,12,5,-20,6,-20,-20,-20,8,-20,5,15,-20,-20,14,7,-20,-20,13,5,4,4,-20,-20,-20,-20,5,6,11,3,10,-20,11,-20,8,7,-20,6,11,-20,6,-20,-20,-20,-20,2,-20,-20,4,5,12,-20,7,12,-20,-20,-20,6,-20,-20,-20,-20,5,-20,5,-20,7,12,-20,7,12,16,6,5,4,9,8,-20,-20,5,3,-20,17,-20,65,-20,-20,30,30,27,20,35,58,50,45,32,-20,57,44,53,49,48
"chr4,4889527",-20,-20,-20,-20,-20,-20,-20,-20,-20,-20,-20,8,45,37,26,22,34,12,99,70,-20,-20,49,37,47,43,25,45,40,17,9,17,8,-20,73,43,33,30,-20,5,12,-20,-20,12,5,-20,3,-20,8,12,-20,27,48,-20,-20,-20,58,-20,23,39,29,29,30,24,32,31,29,46,59,23,36,28,15,21,26,60,22,4,15,16,19,29,28,-20,8,34,39,53,40,18,20,18,28,35,41,29,15,58,7,61,31,31,6,-20,20,53,-20,36,42,-20,6,-20,33,-20,-20,7,-20,-20,4,3,-20,5,6,-20,-20,-20,-20,46,-20,11,-20,8,-20,3,-20,-20,-20,-20,-20,12,-20,-20,5,7,-20,-20,4,-20,-20,-20,-20,20,-20,-20,-20,17,8,-20,-20,-20,-20,-20,6,5,-20,9,-20,3,20,12,48,55,61,10,-20,34,-20,-20,13,30,-20,-20,33,-20,12,-20,14,19,14,-20,29,23,4,3,10,24,15,16,-20,5,-20,-20,-20,-20,4,12,-20,-20,6,-20,-20,-20,-20,-20,-20,19,-20,-20,-20,-20,17,-20,-20,-20,-20,9,10,9,26,-20,-20,-20,-20,26,-20,-20,-20,-20,-20,-20,-20,-20,-20,-20,-20,-20,-20,-20,-20,8,-20,-20,8,-20,24,18,14,9,22,10,-20,22,-20,-20,25,15,19,-20,-20,14,-20,-20,-20,23,6,17,63,37,31,48,-20,14,4,22,9,19,10,7,-20,-20,4,-20,-20,-20,-20,-20,55,-20,-20,-20,-20,-20,6,-20,-20,33,39,-20,38,48,44,46,30,68,-20,-20,4,8,-20,-20,9,20,12,43,18,-20,8,12,6,25,14,-20,6,-20,34,14,17,44,-20,19,12,45,-20,-20,-20,24,12,-20,-20,-20,-20,5,5,-20,-20,-20,-20,-20,21,16,6,-20,14,-20,-20,-20,-20,13,-20,-20,9,-20,6,56,11,8,10,91,-20,4,-20,-20,13,-20,-20,-20,20,17,-20,15,-20,-20,9,-20,-20,-20,10,7,96,-20,-20,-20,-20,-20,-20,11,11,-20,15,-20,16,-20,8,-20,-20,-20,14,9,5,10,8,14,-20,-20,11,33,-20,-20,-20,-20,27,8,-20,16,19,-20,8,-20,-20,-20,11,22,-20,8,12,12,-20,12,16,18,77,24,-20,7,15,-20,-20,-20,-20,-20,5,-20,16,-20,-20,-20,-20,4,-20,-20,-20,6,13,-20,-20,-20,-20,12,49,42,-20,-20,10,-20,-20,-20,13,-20,5,-20,-20,6,-20,11,23,19,7,-20,8,-20,9,-20,12,8,48,-20,19,4,-20,-20,-20,-20,6,-20,41,35,45,42,10,32,45,6,-20,41,44,5,9,34,13,-20,-20,14,3,14,36,13,-20,16,-20,-20,-20,-20,15,-20,-20,16,-20,6,-20,-20,-20,-20,-20,-20,-20,12,16,10,41,-20,-20,-20,-20,-20,-20,6,32,15,-20,11,15,-20,-20,13,-20,17,-20,-20,37,-20,28,49,44,27,34,24,19,24,2,-20,-20,-20,-20,-20,-20,10,10,-20,12,-20,7,-20,-20,-20,-20,-20,-20,-20,-20,-20,-20,-20,17,11,11,15,13,12,-20,-20,-20,19,36,11,-20,-20,-20,-20,-20,16,-20,26,22,-20,45,-20,24,17,-20,13,48,36,-20,-20,6,-20,-20,-20,-20,-20,-20,17,51,-20,20,33,26,34,17,-20,-20,-20,-20,-20,19,22,31,-20,-20,-20,19,-20,7,-20,-20,5,11,7,5,15,-20,-20,-20,-20,-20,-20,-20,-20,-20,-20,-20,29,8,-20,4,11,-20,-20,-20,-20,-20,3,-20,-20,-20,-20,9,12,9,4,-20,-20,-20,12,17,-20,-20,8,4,12,-20,9,-20,7,11,-20,-20,-20,-20,-20,16,10,-20,-20,-20,-20,-20,-20,-20,-20,11,-20,14,-20,-20,-20,-20,-20,-20,14,-20,-20,-20,-20,10,-20,-20,7,-20,-20,11,5,9,7,8,8,5,4,8,11,8,21,15,19,9,-20,11,6,6,8,7,9,7,-20,7,10,13,17,6,8,23,7,12,7,17,9,-20,-20,-20,-20,-20,-20,8,-20,-20,-20,-20,-20,-20,-20,-20,22,7,10,8,4,6,8,7,11,26,7,25,7,16,8,-20,30,19,-20,-20,22,-20,13,5,5,10,4,12,11,11,-20,5,-20,9,14,-20,4,8,-20,-20,-20,-20,-20,7,7,-20,3,9,-20,8,-20,-20,8,12,6,-20,-20,6,4,16,7,8,12,5,8,-20,7,9,10,-20,9,4,8,5,13,3,23,-20,-20,-20,17,-20,-20,-20,-20,14,10,-20,10,-20,15,-20,-20,-20,14,12,7,16,8,-20,-20,-20,-20,-20,13,5,34,-20,-20,-20,-20,-20,-20,-20,-20,21,-20,13,-20,12,14,-20,-20,15,10,-20,-20,-20,-20,-20,-20,6,-20,-20,8,-20,-20,-20,-20,11,2,9,3,-20,7,-20,-20,4,-20,-20,-20,-20,17,7,-20,-20,10,7,-20,-20,-20,-20,-20,12,-20,-20,-20,-20,14,-20,-20,-20,-20,-20,-20,-20,-20,-20,-20,-20,-20,3,-20,-20,11,-20,-20,-20,9,-20,9,9,5,5,-20,-20,-20,11,3,5,-20,-20,8,14,-20,-20,-20,14,-20,-20,3,8,8,-20,-20,-20,-20,-20,-20,4,15,-20,-20,12,5,-20,6,-20,-20,-20,8,-20,5,15,-20,-20,14,9,-20,-20,13,5,4,4,-20,-20,-20,-20,5,7,10,-20,9,-20,11,-20,8,9,-20,6,10,-20,6,-20,3,-20,-20,3,-20,10,-20,7,10,-20,7,11,-20,-20,-20,6,-20,-20,-20,-20,5,-20,5,-20,9,14,-20,7,9,17,5,6,4,-20,8,-20,-20,5,3,-20,14,-20,66,-20,-20,31,30,26,20,36,58,50,45,32,-20,57,45,53,47,48
"chr4,4889528",-20,-20,-20,-20,-20,-20,-20,-20,-20,-20,-20,8,44,37,26,21,34,12,96,70,-20,-20,51,36,47,44,25,45,40,17,9,16,8,-20,74,42,33,29,-20,5,12,-20,-20,13,5,-20,3,-20,-20,12,-20,26,47,-20,-20,-20,58,-20,23,36,29,28,28,23,32,31,29,46,59,22,37,28,15,22,26,61,22,4,15,16,18,30,27,-20,8,34,38,54,40,19,20,18,27,35,41,27,15,59,7,63,29,30,6,-20,20,54,-20,36,43,-20,6,-20,33,-20,5,7,-20,-20,4,3,-20,5,6,-20,-20,-20,-20,45,-20,11,-20,8,-20,3,-20,-20,-20,-20,-20,12,-20,-20,5,7,-20,-20,-20,-20,-20,-20,-20,20,-20,-20,-20,17,8,-20,-20,-20,-20,-20,6,5,-20,9,-20,3,20,12,-20,55,61,-20,-20,35,-20,-20,13,30,-20,-20,33,-20,12,-20,14,20,14,-20,30,24,4,5,10,23,15,16,-20,5,-20,-20,-20,-20,4,12,-20,-20,6,-20,-20,-20,-20,-20,-20,19,-20,-20,-20,-20,17,-20,-20,-20,-20,9,10,9,27,-20,-20,-20,-20,26,-20,-20,-20,-20,-20,-20,-20,-20,-20,-20,-20,-20,-20,-20,-20,6,-20,-20,8,-20,-20,18,14,9,22,10,-20,22,-20,-20,25,15,19,-20,-20,13,-20,-20,-20,22,6,-20,58,-20,-20,-20,-20,14,4,22,9,20,10,6,-20,-20,4,-20,-20,-20,-20,-20,51,-20,-20,-20,-20,-20,6,-20,-20,32,39,-20,38,47,44,47,31,67,-20,-20,4,-20,-20,-20,9,20,12,43,-20,-20,8,10,6,27,14,-20,6,-20,35,13,17,44,-20,20,12,44,-20,-20,-20,23,11,-20,-20,-20,-20,5,6,-20,-20,-20,-20,-20,21,15,6,-20,14,-20,-20,-20,-20,13,-20,-20,9,-20,6,54,11,8,11,93,-20,4,-20,-20,12,-20,-20,-20,21,20,-20,15,-20,-20,9,-20,-20,-20,10,7,97,-20,-20,-20,-20,-20,-20,11,13,-20,15,-20,16,-20,7,-20,-20,-20,15,9,5,9,8,14,-20,-20,11,34,-20,-20,-20,-20,27,8,-20,15,19,-20,8,-20,-20,-20,11,21,-20,7,12,12,-20,12,16,18,78,24,-20,7,15,-20,-20,-20,-20,-20,6,-20,16,-20,-20,-20,-20,4,-20,-20,-20,6,13,-20,-20,-20,-20,12,50,43,-20,-20,10,-20,-20,-20,13,-20,5,-20,-20,6,-20,11,22,19,7,-20,8,-20,9,-20,11,8,48,-20,19,4,-20,-20,-20,-20,6,-20,40,35,45,42,10,32,45,6,-20,40,44,5,9,35,13,-20,-20,-20,3,15,36,14,-20,16,-20,-20,-20,-20,14,-20,-20,17,-20,6,-20,-20,-20,-20,-20,-20,-20,13,16,10,41,-20,-20,-20,-20,-20,-20,6,32,15,-20,11,15,-20,-20,13,-20,17,-20,-20,37,-20,28,50,47,28,34,24,16,22,2,-20,-20,-20,-20,-20,-20,10,10,-20,12,-20,7,-20,-20,-20,-20,-20,-20,-20,-20,-20,-20,-20,17,12,11,15,13,12,-20,-20,-20,20,36,12,-20,-20,-20,-20,-20,16,-20,25,-20,-20,44,-20,24,17,-20,-20,51,36,-20,-20,-20,-20,-20,-20,-20,-20,-20,17,51,-20,20,33,25,34,17,-20,-20,-20,-20,-20,19,23,30,-20,-20,-20,19,-20,7,-20,-20,5,11,7,5,15,-20,-20,-20,-20,-20,-20,-20,-20,-20,-20,-20,29,8,-20,4,11,-20,-20,-20,-20,-20,3,-20,-20,-20,-20,9,12,9,4,-20,-20,-20,12,17,-20,-20,8,4,12,-20,9,-20,7,11,-20,-20,-20,-20,-20,16,10,-20,-20,-20,-20,-20,-20,-20,-20,11,-20,14,-20,-20,-20,-20,-20,-20,14,-20,-20,-20,-20,10,-20,-20,7,-20,-20,11,5,9,7,8,8,5,-20,8,11,8,20,14,18,9,8,11,6,6,8,7,9,7,-20,7,10,13,17,6,8,23,7,12,7,16,9,-20,-20,-20,-20,-20,-20,8,-20,-20,-20,-20,-20,-20,-20,-20,22,7,10,8,4,6,8,7,11,26,7,25,7,16,8,-20,30,19,-20,-20,22,-20,13,-20,5,10,4,12,11,11,-20,5,-20,9,14,-20,4,8,-20,-20,-20,-20,-20,7,7,-20,3,9,-20,8,-20,-20,8,12,6,-20,-20,6,4,16,7,8,12,5,8,-20,7,9,10,-20,9,4,8,5,13,3,23,-20,-20,-20,17,-20,-20,-20,-20,13,10,-20,-20,-20,15,-20,-20,-20,13,12,7,16,8,-20,-20,-20,-20,-20,13,5,34,-20,-20,-20,-20,-20,-20,-20,-20,21,-20,12,-20,12,14,-20,-20,15,10,-20,-20,-20,-20,-20,-20,6,-20,-20,8,-20,-20,-20,-20,11,2,9,3,-20,7,-20,-20,4,-20,-20,-20,-20,17,7,-20,-20,10,7,-20,-20,-20,-20,-20,12,-20,-20,-20,-20,13,-20,-20,-20,-20,-20,-20,-20,-20,-20,-20,-20,-20,3,-20,-20,11,-20,-20,-20,9,-20,9,9,5,5,-20,-20,-20,11,3,5,-20,-20,8,14,-20,-20,-20,14,-20,-20,3,8,8,-20,-20,-20,-20,-20,-20,4,15,-20,-20,12,5,-20,6,-20,-20,-20,8,-20,5,15,-20,-20,14,9,-20,-20,13,5,5,4,-20,-20,-20,-20,6,7,11,-20,8,-20,11,-20,8,9,-20,7,10,-20,6,-20,-20,-20,-20,3,-20,11,3,7,-20,-20,7,-20,-20,-20,-20,6,-20,-20,-20,-20,6,-20,-20,-20,9,14,-20,7,9,17,6,6,4,9,8,-20,-20,5,3,-20,15,-20,66,-20,-20,31,29,26,20,37,61,50,45,32,-20,57,44,51,48,48
"chr4,4889530",-20,-20,-20,-20,-20,-20,-20,-20,-20,-20,-20,8,43,38,26,22,32,12,97,72,-20,-20,50,37,48,43,23,44,40,17,9,16,9,-20,76,39,34,29,-20,5,12,-20,-20,13,6,-20,3,-20,8,12,-20,27,49,-20,-20,-20,59,-20,24,37,29,27,28,21,28,30,31,46,58,22,34,27,15,22,26,64,22,4,15,17,19,24,27,-20,9,34,41,55,41,19,21,16,26,36,37,27,15,56,7,61,32,32,6,-20,20,56,-20,36,45,-20,5,-20,33,-20,6,7,-20,-20,4,3,-20,6,6,-20,-20,-20,-20,44,-20,11,-20,8,-20,3,-20,-20,-20,-20,-20,11,-20,-20,5,7,-20,-20,-20,-20,-20,-20,-20,21,-20,-20,-20,16,8,-20,-20,-20,-20,-20,6,5,-20,9,-20,3,19,12,-20,50,61,-20,-20,34,-20,-20,13,31,-20,-20,34,-20,13,-20,14,21,14,-20,30,24,4,5,9,23,15,14,-20,-20,-20,-20,-20,-20,4,12,-20,-20,6,-20,-20,-20,-20,-20,-20,17,-20,-20,-20,-20,17,-20,-20,-20,-20,9,10,9,27,-20,-20,-20,-20,26,-20,-20,-20,-20,-20,-20,-20,-20,-20,-20,-20,-20,-20,-20,-20,6,-20,-20,8,-20,-20,19,15,9,24,10,-20,21,-20,-20,25,14,17,-20,-20,12,-20,-20,-20,21,6,-20,-20,-20,-20,-20,-20,14,4,23,9,20,10,6,-20,-20,4,-20,-20,-20,-20,-20,46,-20,-20,-20,-20,-20,6,-20,-20,31,39,-20,37,49,42,51,31,68,-20,-20,3,8,-20,-20,10,20,12,44,-20,-20,9,-20,7,26,14,-20,6,-20,33,13,17,44,-20,20,12,43,-20,-20,-20,23,11,-20,-20,-20,-20,5,6,-20,-20,-20,-20,-20,20,14,-20,-20,14,-20,-20,-20,-20,13,-20,-20,9,-20,6,55,13,9,11,91,-20,4,-20,-20,12,-20,-20,-20,20,20,-20,15,-20,-20,9,-20,-20,-20,11,-20,93,-20,-20,-20,-20,-20,-20,11,13,-20,13,-20,15,-20,8,-20,-20,-20,14,-20,5,9,8,13,-20,-20,11,34,-20,-20,-20,-20,28,8,-20,14,19,-20,8,-20,-20,-20,11,21,-20,8,13,13,-20,12,17,17,78,26,-20,6,15,-20,-20,-20,-20,-20,6,-20,16,-20,-20,-20,-20,4,-20,-20,-20,-20,11,-20,-20,-20,-20,12,53,42,-20,-20,11,-20,-20,-20,13,-20,6,-20,-20,6,-20,10,22,19,7,-20,8,-20,9,-20,11,8,48,-20,22,5,-20,-20,-20,-20,6,-20,42,34,46,41,10,32,46,6,-20,40,44,5,9,34,13,-20,-20,-20,3,15,34,13,-20,16,-20,-20,-20,-20,13,-20,-20,15,-20,6,-20,-20,-20,-20,-20,-20,-20,13,16,11,39,-20,-20,-20,-20,-20,-20,7,30,15,-20,10,15,-20,-20,13,-20,16,-20,-20,34,-20,28,52,48,27,34,24,14,22,2,-20,-20,-20,-20,-20,-20,10,9,-20,12,-20,7,-20,-20,-20,-20,-20,-20,-20,-20,-20,-20,-20,17,12,12,14,13,12,-20,-20,-20,22,36,11,-20,-20,-20,-20,-20,16,-20,25,-20,-20,46,-20,21,18,-20,-20,52,36,-20,-20,-20,-20,-20,-20,-20,-20,-20,17,50,-20,21,32,27,34,18,-20,-20,-20,-20,-20,20,23,30,-20,-20,-20,19,-20,7,-20,-20,5,11,7,5,15,-20,-20,-20,-20,-20,-20,-20,-20,-20,-20,-20,30,8,-20,4,12,-20,-20,-20,-20,-20,3,-20,-20,-20,-20,9,12,9,4,-20,-20,-20,10,16,-20,-20,8,-20,12,-20,10,-20,7,10,-20,-20,-20,-20,-20,-20,10,-20,-20,-20,-20,-20,-20,-20,-20,11,-20,13,-20,-20,-20,-20,-20,-20,14,-20,-20,-20,-20,10,-20,-20,7,-20,-20,11,5,9,9,8,8,5,-20,8,10,8,19,14,18,9,8,11,6,6,8,7,9,7,-20,7,10,13,17,-20,8,21,8,11,8,16,9,-20,-20,-20,-20,-20,-20,8,-20,-20,-20,-20,-20,-20,-20,-20,22,8,10,8,-20,6,8,7,11,26,7,25,7,17,9,-20,31,20,-20,-20,23,-20,13,-20,5,11,4,13,10,12,-20,5,-20,11,14,-20,4,8,-20,-20,-20,-20,-20,7,6,-20,3,9,-20,-20,-20,-20,8,11,7,-20,-20,6,4,18,7,8,13,5,9,-20,7,9,11,-20,9,4,9,5,14,-20,22,-20,-20,-20,16,-20,-20,-20,-20,14,10,-20,-20,-20,15,-20,-20,-20,14,12,7,15,8,-20,-20,-20,-20,-20,13,6,34,-20,-20,-20,-20,-20,-20,-20,-20,21,-20,12,-20,12,14,-20,-20,15,10,-20,-20,-20,-20,-20,-20,9,-20,-20,8,-20,-20,-20,-20,11,2,9,3,-20,7,-20,-20,4,-20,-20,-20,-20,17,7,-20,-20,10,7,-20,-20,-20,-20,-20,12,-20,-20,-20,-20,12,-20,-20,-20,-20,-20,-20,4,-20,-20,-20,-20,-20,-20,-20,-20,11,-20,-20,-20,9,-20,9,9,5,5,-20,-20,-20,10,3,7,-20,-20,8,14,-20,-20,-20,14,-20,-20,3,8,8,-20,-20,-20,-20,-20,-20,4,15,-20,-20,12,5,-20,5,-20,-20,-20,8,-20,5,15,-20,-20,14,8,-20,-20,13,5,4,4,-20,-20,-20,-20,6,7,10,-20,8,-20,11,-20,7,8,-20,6,7,-20,7,-20,-20,-20,-20,-20,-20,11,4,7,-20,-20,7,-20,-20,-20,-20,6,-20,-20,-20,-20,6,-20,5,-20,-20,13,-20,7,9,15,5,6,4,9,8,-20,-20,5,4,-20,14,-20,61,-20,-20,29,29,27,21,35,60,48,45,32,-20,55,45,52,47,47
"chr4,4889538",-20,-20,-20,-20,-20,-20,-20,-20,-20,-20,-20,7,50,39,27,21,29,12,95,74,-20,-20,54,36,43,44,24,43,39,16,8,15,9,-20,74,43,36,28,-20,5,12,-20,-20,12,5,-20,-20,-20,6,15,-20,32,45,-20,-20,-20,64,-20,25,37,27,30,26,19,32,30,30,50,57,21,36,29,16,22,31,66,22,4,14,16,17,21,25,-20,12,31,40,59,39,19,19,16,24,33,37,29,16,55,7,65,29,28,6,-20,21,50,-20,36,49,-20,5,-20,32,-20,7,7,-20,-20,4,3,-20,7,6,-20,-20,-20,-20,47,-20,11,-20,8,-20,3,-20,-20,-20,-20,-20,14,-20,-20,5,9,3,-20,-20,-20,-20,-20,-20,23,-20,-20,-20,16,8,-20,-20,-20,-20,-20,6,4,-20,6,-20,3,16,12,52,53,56,14,-20,37,-20,-20,16,46,-20,-20,34,-20,15,-20,13,19,15,-20,31,24,3,6,8,23,14,12,-20,-20,-20,-20,-20,-20,7,13,-20,-20,4,-20,-20,-20,-20,-20,-20,15,-20,-20,-20,-20,18,-20,-20,-20,-20,8,10,5,25,-20,-20,-20,6,29,-20,-20,-20,-20,-20,-20,-20,-20,-20,-20,-20,22,-20,-20,-20,8,-20,-20,8,-20,26,18,16,12,24,9,-20,21,-20,-20,24,11,17,-20,-20,12,-20,-20,-20,18,5,20,63,43,28,50,-20,10,6,22,10,22,10,6,9,-20,7,-20,-20,-20,-20,-20,44,-20,-20,-20,-20,-20,6,-20,-20,32,40,-20,41,47,45,50,31,67,-20,-20,5,7,-20,-20,11,20,11,44,17,-20,11,18,7,25,15,-20,5,-20,35,11,19,42,-20,21,14,40,-20,-20,-20,23,9,-20,-20,-20,-20,5,5,-20,-20,-20,-20,-20,20,16,6,-20,14,-20,-20,-20,-20,12,-20,-20,11,-20,7,59,12,12,13,93,-20,4,-20,-20,13,-20,-20,-20,20,22,-20,11,-20,-20,10,-20,-20,-20,11,8,98,-20,-20,-20,-20,-20,-20,11,13,-20,13,-20,16,-20,9,-20,-20,-20,13,10,5,8,7,12,-20,-20,9,33,-20,-20,-20,-20,32,8,-20,14,13,-20,9,-20,-20,-20,10,19,-20,7,14,13,-20,11,17,17,76,26,-20,7,15,-20,-20,-20,-20,-20,7,-20,14,-20,-20,-20,-20,2,-20,-20,-20,6,12,-20,-20,-20,-20,13,55,40,-20,-20,10,-20,-20,-20,10,-20,7,-20,-20,5,-20,12,21,15,8,-20,8,-20,8,-20,10,7,47,-20,26,5,-20,-20,-20,-20,6,-20,42,34,43,42,11,33,44,6,-20,39,44,4,8,35,13,-20,-20,-20,3,14,34,12,-20,15,-20,-20,-20,-20,12,-20,-20,15,-20,3,-20,4,3,-20,-20,-20,-20,14,14,9,35,-20,-20,-20,-20,-20,-20,5,31,11,-20,-20,15,-20,-20,13,-20,16,-20,-20,31,-20,28,47,44,26,37,27,10,21,-20,-20,-20,-20,-20,-20,-20,9,9,-20,12,-20,6,-20,-20,-20,-20,-20,-20,-20,-20,-20,-20,-20,18,13,14,16,13,13,-20,-20,-20,19,34,11,-20,-20,-20,-20,-20,16,-20,28,25,-20,54,-20,17,18,-20,13,56,42,-20,-20,6,-20,-20,-20,-20,-20,-20,20,50,-20,22,27,27,26,21,-20,-20,-20,-20,-20,14,23,31,-20,-20,-20,15,-20,7,-20,-20,6,-20,8,5,14,-20,-20,-20,-20,-20,-20,-20,-20,-20,-20,-20,29,-20,-20,-20,13,-20,-20,-20,-20,-20,4,-20,-20,-20,-20,10,13,11,4,-20,-20,-20,11,16,-20,-20,8,5,14,-20,11,-20,6,14,-20,-20,-20,-20,-20,17,7,-20,-20,-20,-20,-20,-20,-20,-20,12,-20,12,-20,-20,-20,-20,-20,-20,14,-20,-20,-20,-20,12,-20,-20,8,-20,-20,12,5,11,8,8,11,5,5,8,11,8,21,17,22,9,8,11,6,6,8,8,10,6,-20,6,10,12,13,5,10,20,8,12,7,15,10,-20,-20,-20,-20,-20,-20,9,-20,-20,-20,-20,-20,-20,-20,-20,20,7,9,8,5,5,7,8,10,28,9,20,7,17,11,3,31,20,2,-20,24,-20,15,5,5,13,6,14,12,11,-20,5,-20,11,13,-20,3,9,-20,-20,-20,-20,-20,13,7,-20,4,11,-20,8,-20,-20,7,10,7,-20,-20,6,5,18,7,10,15,6,10,-20,7,10,11,-20,9,4,-20,6,15,-20,23,-20,-20,-20,19,-20,-20,-20,-20,14,11,-20,10,-20,16,-20,-20,-20,13,17,8,17,8,-20,-20,-20,-20,-20,13,5,33,-20,-20,-20,-20,-20,-20,-20,-20,23,-20,12,-20,13,14,-20,-20,15,9,-20,-20,-20,-20,-20,4,9,-20,-20,9,-20,-20,-20,-20,10,-20,12,3,-20,7,-20,-20,4,-20,-20,-20,-20,14,8,-20,-20,11,8,-20,-20,-20,-20,-20,13,-20,-20,-20,-20,11,-20,-20,-20,-20,-20,-20,5,-20,-20,-20,-20,-20,-20,-20,-20,9,-20,-20,-20,9,-20,9,11,5,5,-20,-20,-20,10,3,8,-20,-20,9,15,-20,-20,-20,14,-20,-20,5,7,8,-20,-20,-20,-20,-20,-20,8,17,-20,-20,14,6,-20,5,-20,-20,-20,8,-20,5,17,-20,-20,14,11,-20,-20,12,4,5,3,-20,-20,-20,-20,3,6,10,-20,10,-20,9,2,3,6,-20,7,14,-20,5,-20,-20,-20,-20,4,3,10,-20,7,7,-20,7,10,-20,-20,-20,3,-20,-20,-20,-20,5,-20,7,-20,9,13,-20,8,7,16,8,4,3,3,9,-20,-20,3,4,-20,12,-20,65,-20,-20,27,27,26,22,39,60,42,31,47,-20,55,39,56,49,45
"chr4,4889539",-20,-20,-20,-20,-20,-20,-20,-20,-20,-20,-20,7,51,39,27,21,27,12,94,72,-20,-20,52,36,44,44,23,42,39,17,7,15,9,-20,76,45,36,29,-20,5,11,-20,-20,12,5,-20,-20,-20,5,15,-20,32,44,-20,-20,-20,64,-20,25,38,27,32,26,19,32,30,28,51,54,23,33,29,16,22,30,65,22,4,13,16,15,21,26,-20,10,33,41,59,40,19,18,17,22,33,38,29,16,55,-20,61,30,29,6,-20,20,51,-20,37,49,-20,5,-20,33,-20,7,5,-20,-20,3,3,-20,6,6,-20,-20,-20,-20,46,-20,11,-20,7,-20,3,-20,-20,-20,-20,-20,13,-20,-20,5,7,3,-20,-20,-20,-20,-20,-20,23,-20,-20,-20,16,8,-20,-20,-20,-20,-20,6,4,-20,5,-20,3,15,12,53,51,54,14,-20,36,-20,-20,16,46,-20,-20,35,-20,14,-20,13,19,15,-20,31,25,3,6,8,23,14,13,-20,-20,-20,-20,-20,-20,7,14,-20,-20,4,-20,-20,-20,-20,-20,-20,15,-20,-20,-20,-20,18,-20,-20,-20,-20,8,10,5,26,-20,-20,-20,6,29,-20,-20,-20,-20,-20,-20,-20,-20,-20,-20,-20,22,-20,-20,-20,8,-20,-20,8,-20,25,18,16,12,24,9,-20,21,-20,-20,24,11,17,-20,-20,12,-20,-20,-20,18,5,20,61,44,29,50,-20,10,6,23,10,22,10,6,9,-20,8,-20,-20,-20,-20,-20,46,-20,-20,-20,-20,-20,6,-20,-20,32,39,-20,42,47,45,50,31,68,-20,-20,5,7,-20,-20,11,20,11,45,17,-20,-20,17,7,25,15,-20,5,-20,34,11,17,41,-20,19,14,38,-20,-20,-20,23,9,-20,-20,-20,-20,5,-20,-20,-20,-20,-20,-20,19,16,6,-20,14,-20,-20,-20,-20,12,-20,-20,11,-20,7,57,12,11,12,93,-20,4,-20,-20,13,-20,-20,-20,20,22,-20,11,-20,-20,10,-20,-20,-20,10,8,99,-20,-20,-20,-20,-20,-20,12,13,-20,13,-20,16,-20,9,-20,-20,-20,12,10,5,8,6,12,-20,-20,9,33,-20,-20,-20,-20,32,8,-20,14,13,-20,9,-20,-20,-20,10,19,-20,7,14,13,-20,11,17,17,76,26,-20,-20,13,-20,-20,-20,-20,-20,7,-20,13,-20,-20,-20,-20,2,-20,-20,-20,6,14,-20,-20,-20,-20,13,54,38,-20,-20,10,-20,-20,-20,10,-20,7,-20,-20,5,-20,12,21,15,8,-20,8,-20,9,-20,11,7,48,-20,26,5,-20,-20,-20,-20,6,-20,41,33,44,42,11,33,44,6,-20,39,44,4,8,34,13,-20,-20,15,3,15,32,12,-20,15,-20,-20,-20,-20,12,-20,-20,14,-20,3,-20,4,3,-20,-20,-20,-20,14,13,9,34,-20,-20,-20,-20,-20,-20,5,31,11,-20,-20,15,-20,-20,14,-20,15,-20,-20,32,-20,28,47,44,27,37,28,10,21,-20,-20,-20,-20,-20,-20,-20,-20,9,-20,11,-20,6,-20,-20,-20,-20,-20,-20,-20,-20,-20,-20,-20,17,12,14,15,13,13,-20,-20,-20,19,35,11,-20,-20,-20,-20,-20,16,-20,27,26,-20,54,-20,-20,18,-20,13,56,41,-20,-20,6,-20,-20,-20,-20,-20,-20,20,50,-20,22,28,28,27,23,-20,-20,-20,-20,-20,15,23,32,-20,-20,-20,15,-20,7,-20,-20,5,10,8,-20,14,-20,-20,-20,-20,-20,-20,-20,-20,-20,-20,-20,28,8,-20,-20,13,-20,-20,-20,-20,-20,4,-20,-20,-20,-20,10,13,11,4,-20,-20,-20,10,16,-20,-20,8,5,11,-20,11,-20,5,13,-20,-20,-20,-20,-20,18,7,-20,-20,-20,-20,-20,-20,-20,-20,12,-20,12,-20,-20,-20,-20,-20,-20,14,-20,-20,-20,-20,12,-20,-20,8,-20,-20,11,4,10,7,7,10,5,5,8,11,7,21,17,21,9,8,11,6,6,8,8,10,6,-20,4,10,12,12,5,10,20,8,11,6,15,10,-20,-20,-20,-20,-20,-20,8,-20,-20,-20,-20,-20,-20,-20,-20,19,6,8,8,5,5,7,8,9,28,9,20,7,17,10,3,30,19,2,-20,24,-20,13,4,4,13,6,14,12,11,-20,5,-20,11,13,-20,3,9,-20,-20,-20,-20,-20,13,7,-20,3,10,-20,8,-20,-20,6,10,7,-20,-20,6,4,17,7,10,14,5,10,-20,7,8,11,-20,8,4,9,6,14,-20,22,-20,-20,-20,19,-20,-20,-20,-20,15,11,-20,10,-20,16,-20,-20,-20,13,16,8,17,8,-20,-20,-20,-20,-20,12,5,33,-20,-20,-20,-20,-20,-20,-20,-20,23,-20,12,-20,12,14,-20,-20,14,8,-20,-20,-20,-20,-20,4,9,-20,-20,9,-20,-20,-20,-20,9,3,12,3,-20,7,-20,-20,4,-20,-20,-20,-20,15,8,-20,-20,11,8,-20,-20,-20,-20,-20,13,-20,-20,-20,-20,11,-20,-20,-20,-20,-20,-20,5,-20,-20,-20,-20,-20,-20,-20,-20,9,-20,-20,-20,9,-20,9,11,5,4,-20,-20,-20,10,3,8,-20,-20,9,14,-20,-20,-20,14,-20,-20,5,7,8,-20,-20,-20,-20,-20,-20,8,15,-20,-20,14,6,-20,5,-20,-20,-20,8,-20,5,16,-20,-20,11,11,-20,-20,10,3,6,5,-20,-20,-20,-20,3,6,10,-20,8,-20,11,2,5,-20,-20,7,12,-20,4,-20,-20,-20,-20,3,3,10,-20,8,8,-20,8,8,-20,-20,-20,3,-20,-20,-20,-20,6,-20,8,-20,9,14,-20,-20,6,16,6,5,4,-20,10,-20,-20,-20,4,-20,12,-20,65,-20,-20,28,27,25,20,38,62,40,33,46,-20,55,36,58,48,45
"chr4,4889542",-20,-20,-20,-20,-20,-20,-20,-20,-20,-20,-20,7,51,37,27,21,27,12,99,72,-20,-20,51,36,44,43,27,42,38,16,7,14,9,-20,73,46,34,29,-20,5,11,-20,-20,12,5,-20,3,-20,5,16,-20,33,45,-20,-20,-20,63,-20,27,35,27,33,26,20,30,31,27,54,54,23,32,30,16,21,29,64,21,5,15,16,16,21,27,-20,10,30,40,61,41,19,16,17,24,35,37,30,16,54,7,60,30,30,7,-20,22,50,-20,38,47,-20,4,-20,33,-20,7,5,-20,-20,-20,3,-20,6,5,-20,-20,-20,-20,48,-20,10,-20,7,-20,3,-20,-20,-20,-20,-20,12,-20,-20,5,7,3,-20,-20,-20,-20,-20,-20,23,-20,-20,-20,18,8,-20,-20,-20,-20,-20,6,4,-20,5,-20,3,13,12,54,51,55,14,-20,37,-20,-20,16,46,-20,-20,38,-20,13,-20,13,20,16,-20,31,25,3,6,8,21,14,13,-20,5,-20,-20,-20,-20,-20,14,-20,-20,-20,-20,-20,-20,-20,-20,-20,17,-20,-20,-20,-20,16,-20,-20,-20,-20,8,10,9,27,-20,-20,-20,6,29,-20,-20,-20,-20,-20,-20,-20,-20,-20,-20,-20,-20,-20,-20,-20,9,-20,-20,8,-20,26,18,16,12,24,12,-20,23,-20,-20,24,10,19,-20,-20,12,-20,-20,-20,17,5,22,59,46,30,51,-20,11,6,22,12,21,8,6,9,-20,8,-20,-20,-20,-20,-20,46,-20,-20,-20,-20,-20,5,-20,-20,31,39,-20,43,46,45,50,33,68,-20,-20,6,7,-20,-20,13,20,13,43,17,-20,9,16,7,25,14,-20,5,-20,32,11,18,43,-20,18,16,36,-20,-20,-20,25,8,-20,-20,-20,-20,6,5,-20,-20,-20,-20,-20,20,16,6,-20,13,-20,-20,-20,-20,12,-20,-20,10,-20,8,58,11,11,12,96,-20,3,-20,-20,12,-20,-20,-20,19,21,-20,11,-20,-20,10,-20,-20,-20,10,8,97,-20,-20,-20,-20,-20,-20,10,13,-20,15,-20,16,-20,9,-20,-20,-20,12,10,5,9,5,11,-20,-20,9,35,-20,-20,-20,-20,32,8,-20,15,10,-20,9,-20,-20,-20,10,17,-20,6,14,15,-20,13,16,16,73,27,-20,7,12,-20,-20,-20,-20,-20,7,-20,14,-20,-20,-20,-20,2,-20,-20,-20,6,15,-20,-20,-20,-20,13,56,40,-20,-20,12,-20,-20,-20,11,-20,7,-20,-20,5,-20,17,20,15,8,-20,8,-20,9,-20,11,7,49,-20,27,5,-20,-20,-20,-20,6,-20,42,31,43,41,14,32,46,5,-20,38,45,3,8,36,13,-20,-20,15,4,15,31,12,-20,14,-20,-20,-20,-20,12,-20,-20,14,-20,3,-20,4,3,-20,-20,-20,-20,14,14,9,33,-20,-20,-20,-20,-20,-20,5,28,10,-20,8,15,-20,-20,14,-20,14,-20,-20,32,-20,28,45,46,24,37,28,9,22,-20,-20,-20,-20,-20,-20,-20,9,9,-20,11,-20,6,-20,-20,-20,-20,-20,-20,-20,-20,-20,-20,-20,17,12,13,14,11,13,-20,-20,-20,20,34,11,-20,-20,-20,-20,-20,15,-20,27,27,-20,55,-20,18,18,-20,-20,56,40,-20,-20,6,-20,-20,-20,-20,-20,-20,23,51,-20,20,28,29,26,23,-20,-20,-20,-20,-20,15,21,32,-20,-20,-20,16,-20,7,-20,-20,7,11,8,6,14,-20,-20,-20,-20,-20,-20,-20,-20,-20,-20,-20,27,8,-20,-20,13,-20,-20,-20,-20,-20,4,-20,-20,-20,-20,11,16,12,3,-20,-20,-20,-20,13,-20,-20,8,5,11,-20,11,-20,5,13,-20,-20,-20,-20,-20,17,6,-20,-20,-20,-20,-20,-20,-20,-20,12,-20,11,-20,-20,-20,-20,-20,-20,14,-20,-20,-20,-20,13,-20,-20,8,-20,-20,9,4,11,8,7,-20,6,5,7,9,7,18,17,21,8,9,11,8,7,7,9,8,6,-20,4,10,13,11,4,11,20,9,10,6,14,-20,-20,-20,-20,-20,-20,-20,8,-20,-20,-20,-20,-20,-20,-20,-20,20,6,7,8,5,5,6,8,10,27,10,19,8,16,9,3,29,19,2,-20,22,-20,12,4,3,11,8,12,12,10,-20,6,-20,13,13,-20,3,9,-20,-20,-20,-20,-20,14,8,-20,3,9,-20,8,-20,-20,6,10,7,-20,-20,5,4,18,7,10,14,5,11,-20,7,8,11,-20,9,4,8,6,14,-20,22,-20,-20,-20,19,-20,-20,-20,-20,15,12,-20,11,-20,14,-20,-20,-20,15,18,8,16,8,-20,-20,-20,-20,-20,13,6,30,-20,-20,-20,-20,-20,-20,-20,-20,21,-20,11,-20,12,16,-20,-20,15,8,-20,-20,-20,-20,-20,4,7,-20,-20,9,-20,-20,-20,-20,9,3,13,3,-20,7,-20,-20,4,-20,-20,-20,-20,13,8,-20,-20,10,8,-20,-20,-20,-20,-20,11,-20,-20,-20,-20,11,-20,-20,-20,-20,-20,-20,5,-20,-20,-20,-20,-20,-20,-20,-20,8,-20,-20,-20,8,-20,9,11,4,-20,-20,-20,-20,10,-20,9,-20,-20,6,16,-20,-20,-20,13,-20,-20,5,7,8,-20,-20,-20,-20,-20,-20,8,14,-20,-20,14,6,-20,5,-20,-20,-20,8,-20,5,15,-20,-20,11,12,-20,-20,9,3,6,3,-20,-20,-20,-20,4,6,11,-20,8,-20,10,3,4,6,-20,7,12,-20,3,-20,-20,-20,-20,4,-20,9,-20,7,5,-20,7,6,-20,-20,-20,4,-20,-20,-20,-20,5,-20,10,-20,12,14,-20,9,6,15,8,7,5,3,10,-20,-20,-20,4,-20,13,-20,65,-20,-20,27,24,27,19,38,63,39,45,46,-20,55,37,57,50,46
"chr4,4889543",-20,-20,-20,-20,-20,-20,-20,-20,-20,-20,-20,7,50,37,27,21,26,12,96,72,-20,-20,51,36,43,42,26,43,38,14,-20,14,9,-20,72,45,36,28,-20,5,11,-20,-20,12,5,-20,-20,-20,5,16,-20,33,46,-20,-20,-20,63,-20,25,35,28,34,26,20,31,31,26,53,53,23,31,31,16,21,27,64,22,6,15,16,16,21,27,-20,10,30,40,62,42,19,16,18,22,35,36,29,16,53,7,61,29,30,7,-20,22,51,-20,37,48,-20,4,-20,34,-20,7,5,-20,-20,-20,3,-20,6,7,-20,-20,-20,-20,47,-20,10,-20,7,-20,3,-20,-20,-20,-20,-20,13,-20,-20,5,7,3,-20,-20,-20,-20,-20,-20,22,-20,-20,-20,18,6,-20,-20,-20,-20,-20,7,4,-20,5,-20,3,13,12,-20,-20,51,-20,3,35,-20,-20,16,50,-20,-20,-20,-20,12,-20,13,24,16,-20,31,27,3,6,6,20,14,12,-20,9,-20,-20,-20,-20,-20,13,-20,-20,-20,-20,-20,-20,-20,-20,-20,17,-20,-20,-20,-20,15,-20,-20,-20,-20,8,10,10,-20,-20,-20,-20,6,22,-20,-20,-20,-20,-20,-20,-20,-20,-20,-20,-20,-20,-20,-20,-20,9,-20,-20,8,-20,-20,17,16,11,24,11,-20,25,-20,-20,26,10,-20,-20,-20,12,-20,-20,-20,17,5,-20,-20,-20,-20,-20,-20,10,-20,23,12,21,8,5,-20,-20,8,-20,-20,-20,-20,-20,45,-20,-20,-20,-20,-20,5,-20,-20,32,38,-20,43,45,45,49,33,64,-20,-20,6,7,-20,-20,13,20,13,42,-20,-20,8,-20,8,24,14,-20,3,-20,33,-20,18,44,-20,16,16,36,-20,-20,-20,24,8,-20,-20,-20,-20,6,5,-20,-20,-20,-20,-20,20,17,7,-20,13,-20,-20,-20,-20,11,-20,-20,10,-20,8,57,10,9,12,92,-20,3,-20,-20,11,-20,-20,-20,20,23,-20,11,-20,-20,10,-20,-20,-20,9,7,93,-20,-20,-20,-20,-20,-20,10,12,-20,14,-20,16,-20,9,-20,-20,-20,11,10,5,8,5,-20,-20,-20,8,35,-20,-20,-20,-20,30,8,-20,14,9,-20,8,-20,-20,-20,-20,16,-20,6,14,15,-20,13,16,15,72,26,-20,7,11,-20,-20,-20,-20,-20,7,-20,13,-20,3,-20,-20,2,-20,-20,-20,6,15,-20,-20,-20,-20,13,56,39,-20,-20,12,-20,-20,-20,11,-20,7,-20,-20,5,-20,19,20,15,9,-20,8,-20,9,-20,10,7,48,-20,27,6,-20,-20,-20,-20,6,-20,42,33,41,41,15,33,46,5,-20,39,44,3,8,36,10,-20,-20,-20,-20,15,-20,12,-20,14,-20,-20,-20,-20,11,-20,-20,15,-20,-20,-20,4,-20,-20,-20,-20,-20,14,14,9,33,-20,-20,-20,-20,-20,-20,6,27,9,-20,8,14,-20,-20,14,-20,14,-20,-20,33,-20,28,46,48,23,37,27,9,23,-20,-20,-20,-20,-20,-20,-20,9,9,-20,11,-20,6,-20,-20,-20,-20,-20,-20,-20,-20,-20,-20,-20,17,12,14,14,11,14,-20,-20,-20,19,30,10,-20,-20,-20,-20,-20,13,-20,25,-20,-20,55,-20,-20,18,-20,13,52,36,-20,-20,-20,-20,-20,-20,-20,-20,-20,24,46,-20,20,28,26,26,24,-20,-20,-20,-20,-20,15,21,32,-20,-20,-20,17,-20,7,-20,-20,7,11,8,6,13,-20,-20,-20,-20,-20,-20,3,-20,-20,-20,-20,29,-20,-20,-20,13,-20,-20,-20,-20,-20,4,-20,-20,-20,-20,11,16,12,4,-20,-20,-20,11,13,-20,-20,9,-20,11,-20,12,-20,5,14,-20,-20,-20,-20,-20,18,6,-20,-20,-20,-20,-20,-20,-20,-20,12,-20,13,-20,-20,-20,-20,-20,-20,14,-20,-20,-20,-20,13,-20,-20,10,-20,-20,9,4,11,9,7,8,6,-20,8,9,7,18,17,20,8,9,11,9,7,9,-20,8,6,-20,4,10,13,11,4,-20,20,9,10,6,13,-20,-20,-20,-20,-20,-20,-20,-20,-20,-20,-20,-20,-20,-20,-20,-20,20,6,8,8,5,5,6,9,10,26,10,20,9,17,11,5,32,19,2,-20,21,-20,11,-20,4,11,8,12,12,12,-20,6,-20,13,13,-20,3,9,-20,-20,-20,-20,-20,14,8,-20,3,8,-20,8,-20,-20,7,10,7,-20,-20,5,4,18,8,10,14,5,11,-20,7,8,11,-20,10,4,8,6,14,-20,22,-20,-20,-20,18,-20,-20,-20,-20,13,12,-20,11,-20,14,-20,-20,-20,15,19,8,16,8,-20,-20,-20,-20,-20,13,6,30,-20,-20,-20,-20,-20,-20,-20,-20,20,-20,11,-20,13,15,-20,-20,14,8,-20,-20,-20,-20,-20,4,7,-20,-20,-20,-20,-20,-20,-20,9,3,14,3,-20,7,-20,-20,4,-20,-20,-20,-20,13,8,-20,-20,11,9,-20,-20,-20,-20,-20,13,-20,-20,-20,-20,10,-20,-20,-20,-20,-20,-20,5,-20,-20,-20,-20,-20,-20,-20,-20,8,-20,-20,-20,8,-20,10,11,4,-20,-20,-20,-20,10,-20,9,-20,-20,6,18,-20,-20,-20,13,-20,-20,5,7,8,-20,-20,-20,-20,-20,-20,8,14,-20,-20,14,6,-20,5,-20,-20,-20,8,-20,5,15,-20,-20,12,11,-20,-20,9,3,3,5,-20,-20,-20,-20,-20,7,11,-20,-20,-20,10,3,2,6,-20,6,12,-20,3,-20,-20,-20,-20,3,-20,10,-20,6,6,-20,6,5,-20,-20,-20,5,-20,-20,-20,-20,6,-20,9,-20,11,13,-20,9,5,15,10,8,4,3,9,-20,-20,3,3,-20,-20,-20,65,-20,-20,29,25,25,19,-20,63,38,45,46,-20,55,39,56,51,45
"chr4,4889544",-20,-20,-20,-20,-20,-20,-20,-20,-20,-20,-20,7,50,37,27,20,27,12,99,73,-20,-20,50,35,46,42,26,42,38,13,-20,14,9,-20,72,44,35,28,-20,5,11,-20,-20,12,5,-20,-20,-20,-20,-20,-20,32,45,-20,-20,-20,63,-20,24,34,28,33,26,19,31,31,25,54,52,23,31,32,16,22,27,68,23,6,15,16,17,20,27,-20,10,31,41,60,43,19,16,18,22,34,31,29,15,53,7,60,28,29,7,-20,22,50,-20,37,49,-20,4,-20,33,-20,7,5,-20,-20,-20,3,-20,6,7,-20,-20,-20,-20,47,-20,10,-20,7,-20,3,-20,-20,-20,-20,-20,13,-20,-20,5,7,3,-20,-20,-20,-20,-20,-20,23,-20,-20,-20,18,6,-20,-20,-20,-20,-20,7,4,-20,5,-20,3,13,12,54,47,54,14,3,35,-20,-20,16,55,-20,-20,38,-20,12,-20,12,24,16,-20,31,27,4,6,6,20,14,11,-20,9,-20,-20,-20,-20,7,13,-20,-20,-20,-20,-20,-20,-20,-20,-20,17,-20,-20,-20,-20,14,-20,-20,-20,-20,8,9,9,-20,-20,5,-20,6,23,-20,-20,-20,-20,-20,-20,-20,-20,-20,-20,-20,25,-20,-20,-20,9,-20,-20,7,-20,26,17,16,11,24,11,-20,25,-20,-20,25,10,-20,-20,-20,12,-20,-20,-20,16,7,21,58,54,28,52,-20,11,6,22,11,20,8,5,7,-20,8,-20,-20,-20,-20,-20,46,-20,-20,-20,-20,-20,5,-20,-20,33,38,-20,44,48,47,47,34,66,-20,-20,6,7,-20,-20,12,21,13,40,17,-20,8,16,7,25,14,-20,-20,-20,32,11,17,45,-20,16,15,35,-20,-20,-20,24,7,-20,-20,-20,-20,6,5,-20,-20,-20,-20,-20,19,17,7,-20,13,-20,-20,-20,-20,11,-20,-20,10,-20,8,57,10,9,12,92,-20,3,-20,-20,11,-20,-20,-20,19,23,-20,11,-20,-20,10,-20,-20,-20,9,7,95,-20,-20,-20,-20,-20,-20,11,13,-20,14,-20,15,-20,9,-20,-20,-20,10,10,5,8,5,9,-20,-20,9,34,-20,-20,-20,-20,30,8,-20,14,8,-20,8,-20,-20,-20,-20,16,-20,6,13,15,-20,11,-20,15,72,26,-20,7,10,-20,-20,-20,-20,-20,7,-20,13,-20,3,-20,-20,2,-20,-20,-20,6,15,-20,-20,-20,-20,13,56,38,-20,-20,12,-20,-20,-20,9,-20,7,-20,-20,5,-20,17,20,15,9,-20,10,-20,9,-20,11,7,48,-20,28,5,-20,-20,-20,-20,6,-20,42,33,41,41,15,34,47,5,-20,40,45,3,8,35,10,-20,-20,17,-20,13,28,12,-20,13,-20,-20,-20,-20,10,-20,-20,15,-20,4,-20,4,3,-20,-20,-20,-20,14,14,9,33,-20,-20,-20,-20,-20,-20,6,-20,9,-20,-20,14,-20,-20,14,-20,14,-20,-20,32,-20,28,46,48,23,36,28,9,23,-20,-20,-20,-20,-20,-20,-20,9,9,-20,10,-20,6,-20,-20,-20,-20,-20,-20,-20,-20,-20,-20,-20,17,11,14,14,11,14,-20,-20,-20,18,33,10,-20,-20,-20,-20,-20,12,-20,28,26,-20,53,-20,17,18,-20,13,56,38,-20,-20,7,-20,-20,-20,-20,-20,-20,24,48,-20,20,30,27,24,25,-20,-20,-20,-20,-20,15,21,31,-20,-20,-20,17,-20,6,-20,-20,7,11,8,6,14,-20,-20,-20,-20,-20,-20,3,-20,-20,-20,-20,28,8,-20,-20,13,-20,-20,-20,-20,-20,4,-20,-20,-20,-20,11,15,12,4,-20,-20,-20,11,13,-20,-20,-20,6,12,-20,12,-20,5,14,-20,-20,-20,-20,-20,17,5,-20,-20,-20,-20,-20,-20,-20,-20,12,-20,13,-20,-20,-20,-20,-20,-20,14,-20,-20,-20,-20,13,-20,-20,10,-20,-20,10,4,11,10,7,8,6,5,8,9,7,18,18,20,8,9,11,9,7,9,9,8,6,-20,4,10,15,11,4,12,20,10,10,6,14,-20,-20,-20,-20,-20,-20,-20,9,-20,-20,-20,-20,-20,-20,-20,-20,20,6,8,8,5,5,6,9,10,26,10,20,9,17,11,5,33,19,2,-20,23,-20,11,4,-20,11,8,12,12,12,-20,6,-20,14,13,-20,3,9,-20,-20,-20,-20,-20,14,8,-20,3,8,-20,8,-20,-20,7,10,7,-20,-20,5,4,18,8,10,14,5,11,-20,7,8,10,-20,10,4,8,6,13,-20,22,-20,-20,-20,18,-20,-20,-20,-20,14,12,-20,12,-20,14,-20,-20,-20,15,19,8,16,8,-20,-20,-20,-20,-20,14,7,29,-20,-20,-20,-20,-20,-20,-20,-20,20,-20,11,-20,13,14,-20,-20,14,8,-20,-20,-20,-20,-20,4,7,-20,-20,9,-20,-20,-20,-20,9,2,14,3,-20,6,-20,-20,4,-20,-20,-20,-20,13,8,-20,-20,11,9,-20,-20,-20,-20,-20,13,-20,-20,-20,-20,11,-20,-20,-20,-20,-20,-20,5,-20,-20,-20,-20,-20,-20,-20,-20,8,-20,-20,-20,8,-20,10,11,5,-20,-20,-20,-20,10,-20,9,-20,-20,6,18,-20,-20,-20,13,-20,-20,5,7,9,-20,-20,-20,-20,-20,-20,8,14,-20,-20,14,6,-20,5,-20,-20,-20,8,-20,5,15,-20,-20,11,11,-20,-20,9,4,5,-20,-20,-20,-20,-20,-20,7,9,3,-20,-20,8,3,3,3,-20,7,10,-20,-20,-20,-20,-20,-20,3,3,11,-20,6,8,-20,6,6,-20,-20,-20,5,-20,-20,-20,-20,6,-20,8,-20,11,14,-20,10,5,14,-20,9,4,5,-20,-20,-20,-20,4,-20,11,-20,66,-20,-20,29,26,25,19,37,63,37,45,45,-20,55,39,55,51,46
"chr4,4889547",-20,-20,-20,-20,-20,-20,-20,-20,-20,-20,-20,6,47,38,30,19,28,13,99,70,-20,-20,53,36,46,42,29,43,-20,12,-20,14,9,-20,71,45,36,28,-20,-20,11,-20,-20,13,-20,-20,-20,-20,5,15,-20,33,42,-20,-20,-20,63,-20,25,30,28,31,25,19,32,28,25,54,53,21,31,31,16,25,27,70,24,5,15,14,15,20,27,-20,10,30,42,62,42,20,16,17,23,35,30,28,15,50,7,60,29,32,7,-20,22,48,-20,39,50,-20,4,-20,33,-20,8,6,-20,-20,-20,3,-20,6,7,-20,-20,-20,-20,46,-20,10,-20,6,-20,3,-20,-20,-20,-20,-20,13,-20,-20,5,7,3,-20,-20,-20,-20,-20,-20,22,-20,-20,-20,16,6,-20,-20,-20,-20,-20,7,3,-20,5,-20,3,11,12,51,49,52,16,2,31,-20,-20,13,55,-20,-20,35,-20,13,-20,13,25,16,-20,31,27,4,6,6,19,14,11,-20,7,-20,-20,-20,-20,7,13,-20,-20,4,-20,-20,-20,-20,-20,-20,16,-20,-20,-20,-20,12,-20,-20,-20,-20,8,9,9,-20,-20,5,-20,6,23,-20,-20,-20,-20,-20,-20,-20,-20,-20,-20,-20,27,-20,-20,-20,8,-20,-20,7,-20,25,18,15,10,25,11,-20,24,-20,-20,24,11,17,-20,-20,15,-20,-20,-20,19,7,20,64,50,28,49,-20,10,6,20,12,21,7,5,6,-20,8,-20,-20,-20,-20,-20,49,-20,-20,-20,-20,-20,5,-20,-20,33,39,-20,45,50,48,50,35,-20,-20,-20,6,7,-20,-20,14,20,12,40,17,-20,8,16,-20,22,12,-20,-20,-20,35,11,-20,41,-20,16,13,36,-20,-20,-20,22,8,-20,-20,-20,-20,5,5,-20,-20,-20,-20,-20,19,16,7,-20,13,-20,-20,-20,-20,9,-20,-20,10,-20,8,57,9,9,13,87,-20,3,-20,-20,11,-20,-20,-20,19,20,-20,11,-20,-20,10,-20,-20,-20,10,7,95,-20,-20,-20,-20,-20,-20,13,13,-20,14,-20,17,-20,9,-20,-20,-20,10,9,5,8,3,8,-20,-20,9,36,-20,-20,-20,-20,28,7,-20,13,7,-20,8,-20,-20,-20,10,14,-20,6,10,14,-20,10,13,14,70,26,-20,7,9,-20,-20,-20,-20,-20,-20,-20,13,-20,3,-20,-20,2,-20,-20,-20,5,16,-20,-20,-20,-20,13,60,38,-20,-20,12,-20,-20,-20,8,-20,7,-20,-20,3,-20,15,21,17,9,-20,9,-20,9,-20,11,8,49,-20,27,5,-20,-20,-20,-20,7,-20,37,34,40,41,15,34,46,4,-20,40,45,3,8,36,10,-20,-20,17,-20,13,-20,12,-20,13,-20,-20,-20,-20,8,-20,-20,15,-20,4,-20,4,3,-20,-20,-20,-20,14,15,8,31,-20,-20,-20,-20,-20,-20,7,29,8,-20,7,14,-20,-20,14,-20,14,-20,-20,33,-20,29,46,45,22,36,30,8,24,2,-20,-20,-20,-20,-20,-20,9,9,-20,10,-20,5,-20,-20,-20,-20,-20,-20,-20,-20,-20,-20,-20,16,12,14,13,11,14,-20,-20,-20,17,36,11,-20,-20,-20,-20,-20,12,-20,27,26,-20,53,-20,16,17,-20,13,54,-20,-20,-20,7,-20,-20,-20,-20,-20,-20,24,49,-20,19,29,29,25,22,-20,-20,-20,-20,-20,15,21,32,-20,-20,-20,19,-20,6,-20,-20,8,12,8,6,14,-20,-20,-20,-20,-20,-20,3,-20,-20,-20,-20,28,8,-20,-20,13,-20,-20,-20,-20,-20,4,-20,-20,-20,-20,11,15,12,4,-20,-20,-20,9,13,-20,-20,-20,6,11,-20,12,-20,5,12,-20,-20,-20,-20,-20,17,6,-20,-20,-20,-20,-20,-20,-20,-20,11,-20,13,-20,-20,-20,-20,-20,-20,15,-20,-20,-20,-20,13,-20,-20,10,-20,-20,10,3,10,-20,7,8,6,5,8,9,9,18,17,18,7,9,11,9,7,9,-20,8,5,-20,3,9,15,11,4,12,20,10,11,5,13,-20,-20,-20,-20,-20,-20,-20,9,-20,-20,-20,-20,-20,-20,-20,-20,21,6,8,7,4,6,6,9,10,26,9,18,10,17,10,5,32,19,2,-20,23,-20,11,5,-20,11,8,11,12,11,-20,7,-20,14,12,-20,3,9,-20,-20,-20,-20,-20,14,8,-20,4,7,-20,8,-20,-20,7,9,7,-20,-20,5,4,16,8,9,13,5,11,-20,7,8,9,-20,10,4,9,5,11,-20,22,-20,-20,-20,15,-20,-20,-20,-20,-20,14,-20,12,-20,13,-20,-20,-20,15,19,8,17,8,-20,-20,-20,-20,-20,11,7,27,-20,-20,-20,-20,-20,-20,-20,-20,19,-20,10,-20,13,14,-20,-20,15,8,-20,-20,-20,-20,-20,3,7,-20,-20,9,-20,-20,-20,-20,8,2,14,-20,-20,6,-20,-20,4,-20,-20,-20,-20,12,8,-20,-20,11,9,-20,-20,-20,-20,-20,12,-20,-20,-20,-20,12,-20,-20,-20,-20,-20,-20,5,-20,-20,-20,-20,-20,-20,-20,-20,9,-20,-20,-20,7,-20,10,11,5,-20,-20,-20,-20,9,2,10,-20,-20,6,19,-20,-20,-20,13,-20,-20,5,8,9,-20,-20,-20,-20,-20,-20,8,13,-20,-20,14,6,-20,5,-20,-20,-20,8,-20,5,14,-20,-20,11,12,-20,-20,11,5,6,8,-20,-20,-20,-20,-20,8,8,3,8,-20,8,3,3,5,-20,9,11,-20,-20,-20,-20,-20,-20,3,3,-20,-20,6,6,-20,5,7,-20,-20,-20,5,-20,-20,-20,-20,7,-20,7,-20,13,10,-20,-20,5,13,-20,9,4,6,8,-20,-20,-20,4,-20,7,-20,68,-20,-20,28,26,25,20,39,66,35,45,55,-20,51,41,55,51,44
"chr4,4889551",-20,-20,-20,-20,-20,-20,-20,-20,-20,-20,-20,6,47,39,29,18,30,14,98,72,-20,-20,51,38,48,42,31,41,39,12,-20,14,9,-20,71,44,36,25,-20,-20,11,-20,-20,13,7,-20,-20,-20,-20,15,-20,33,40,-20,-20,-20,60,-20,27,29,30,30,24,22,31,29,24,53,50,20,31,32,15,25,25,70,25,5,16,14,16,19,25,-20,9,31,43,62,40,20,16,17,24,33,27,27,14,50,8,61,29,33,6,-20,20,48,-20,43,51,-20,4,-20,32,-20,8,5,-20,-20,-20,3,-20,5,8,-20,-20,-20,-20,48,-20,10,-20,5,-20,3,-20,-20,-20,-20,-20,13,-20,-20,3,9,3,-20,3,-20,-20,-20,-20,23,-20,-20,-20,17,6,-20,-20,-20,-20,-20,6,3,-20,5,-20,3,12,13,51,52,56,18,-20,31,-20,-20,13,52,-20,-20,35,-20,12,-20,13,25,16,-20,31,29,3,6,6,19,13,11,-20,7,-20,-20,-20,-20,7,13,-20,-20,4,-20,-20,-20,-20,-20,-20,14,-20,-20,-20,-20,12,-20,-20,-20,-20,7,7,10,29,-20,5,-20,6,24,-20,-20,-20,-20,-20,-20,-20,-20,-20,-20,-20,28,-20,-20,-20,8,-20,-20,8,-20,24,19,15,9,25,11,-20,30,-20,-20,25,13,-20,-20,-20,16,-20,-20,-20,18,7,19,64,44,28,48,-20,13,6,23,12,24,7,5,6,-20,8,-20,-20,-20,-20,-20,46,-20,-20,-20,-20,-20,5,-20,-20,32,38,-20,44,55,47,49,32,66,-20,-20,6,6,-20,-20,14,20,15,45,18,-20,9,14,6,23,10,-20,4,-20,38,11,18,37,-20,16,13,36,-20,-20,-20,23,7,-20,-20,-20,-20,5,5,-20,-20,-20,-20,-20,19,16,9,-20,13,-20,-20,-20,-20,9,-20,-20,-20,-20,8,57,11,9,13,87,-20,3,-20,-20,12,-20,-20,-20,17,18,-20,12,-20,-20,10,-20,-20,-20,9,7,94,-20,-20,-20,-20,-20,-20,13,12,-20,14,-20,17,-20,8,-20,-20,-20,10,-20,6,7,3,8,-20,-20,8,34,-20,-20,-20,-20,29,7,-20,14,6,-20,8,-20,-20,-20,10,16,-20,6,12,14,-20,12,14,14,71,26,-20,6,9,-20,-20,-20,-20,-20,6,-20,13,-20,3,-20,-20,-20,-20,-20,-20,6,15,-20,-20,-20,-20,12,60,37,-20,-20,12,-20,-20,-20,8,-20,7,-20,-20,3,-20,14,19,14,9,-20,10,-20,9,-20,10,8,51,-20,25,6,-20,-20,-20,-20,7,-20,35,33,37,42,15,36,47,4,-20,42,47,3,8,35,10,-20,-20,19,-20,13,27,12,-20,11,-20,-20,-20,-20,7,-20,-20,15,-20,3,-20,4,3,-20,-20,-20,-20,14,19,7,34,-20,-20,-20,-20,-20,-20,7,32,-20,-20,7,16,-20,-20,14,-20,12,-20,-20,33,-20,29,46,44,20,36,29,7,24,3,-20,-20,-20,-20,-20,-20,8,5,-20,11,-20,6,-20,-20,-20,-20,-20,-20,-20,-20,-20,-20,-20,14,11,13,12,10,13,-20,-20,-20,18,38,-20,-20,-20,-20,-20,-20,12,-20,27,29,-20,52,-20,15,17,-20,13,58,32,-20,-20,8,-20,-20,-20,-20,-20,-20,26,46,-20,21,33,28,25,25,-20,-20,-20,-20,-20,14,21,36,-20,-20,-20,22,-20,5,-20,-20,7,10,7,5,12,-20,-20,-20,-20,-20,-20,2,-20,-20,-20,-20,31,8,-20,-20,14,-20,-20,-20,-20,-20,4,-20,-20,-20,-20,11,12,12,4,-20,-20,-20,9,13,-20,-20,9,6,10,-20,11,-20,5,11,-20,-20,-20,-20,-20,16,6,-20,-20,-20,-20,-20,-20,-20,-20,10,-20,13,-20,-20,-20,-20,-20,-20,16,-20,-20,-20,-20,11,-20,-20,10,-20,-20,9,3,10,10,6,8,5,4,6,8,8,16,16,17,7,9,11,10,7,8,7,8,5,-20,3,9,15,12,5,13,18,10,10,4,11,-20,-20,-20,-20,-20,-20,-20,9,-20,-20,-20,-20,-20,-20,-20,-20,19,5,8,6,4,5,6,9,9,28,9,18,9,18,9,6,30,19,2,-20,22,-20,11,5,4,9,8,10,13,10,-20,7,-20,13,12,-20,3,10,-20,-20,-20,-20,-20,14,9,-20,4,6,-20,7,-20,-20,6,9,7,-20,-20,4,4,17,8,9,14,4,11,-20,7,7,9,-20,9,-20,7,3,11,-20,22,-20,-20,-20,15,-20,-20,-20,-20,14,13,-20,11,-20,11,-20,-20,-20,15,19,8,16,8,-20,-20,-20,-20,-20,12,8,24,-20,-20,-20,-20,-20,-20,-20,-20,19,-20,10,-20,13,13,-20,-20,15,6,-20,-20,-20,-20,-20,4,7,-20,-20,9,-20,-20,-20,-20,8,3,12,-20,-20,6,-20,-20,2,-20,-20,-20,-20,12,8,-20,-20,10,9,-20,-20,-20,-20,-20,11,-20,-20,-20,-20,9,-20,-20,-20,-20,-20,-20,5,-20,-20,-20,-20,-20,3,-20,-20,9,-20,-20,-20,7,-20,8,11,5,-20,-20,-20,-20,8,2,9,-20,-20,6,19,-20,-20,-20,13,-20,-20,5,8,10,-20,-20,-20,-20,-20,-20,8,11,-20,-20,13,7,-20,5,-20,-20,-20,7,-20,5,14,-20,-20,10,11,-20,-20,12,5,5,-20,-20,-20,-20,-20,-20,11,7,2,8,-20,10,4,3,-20,-20,9,9,-20,-20,-20,-20,-20,-20,4,4,10,-20,6,6,-20,4,8,-20,-20,-20,4,-20,-20,-20,-20,6,-20,9,-20,15,15,-20,9,-20,10,8,8,4,6,7,-20,-20,-20,5,-20,9,-20,69,-20,-20,29,25,21,21,36,65,34,52,38,-20,48,41,55,51,44
"chr4,4889552",-20,-20,-20,-20,-20,-20,-20,-20,-20,-20,-20,7,48,39,28,18,31,14,98,72,-20,-20,50,38,49,42,33,41,39,12,4,14,9,-20,73,43,35,26,-20,-20,11,-20,-20,13,-20,-20,-20,-20,6,14,-20,33,39,-20,-20,-20,60,-20,27,29,29,30,25,22,31,29,24,54,52,20,31,32,15,25,24,70,25,5,16,14,16,19,25,-20,9,31,43,63,40,20,16,17,23,32,26,26,12,48,8,60,28,33,5,-20,21,51,-20,43,51,-20,4,-20,32,-20,8,5,-20,-20,-20,3,-20,5,6,-20,-20,-20,-20,48,-20,10,-20,5,-20,3,-20,-20,-20,-20,-20,13,-20,-20,-20,9,3,-20,-20,-20,-20,-20,-20,25,-20,-20,-20,17,7,-20,-20,-20,-20,-20,6,3,-20,5,-20,3,13,13,-20,50,52,-20,-20,31,-20,-20,13,52,-20,-20,-20,-20,13,-20,13,25,16,-20,31,29,3,5,6,19,12,11,-20,7,-20,-20,-20,-20,7,13,-20,-20,4,-20,-20,-20,-20,-20,-20,15,-20,-20,-20,-20,14,-20,-20,-20,-20,7,7,14,30,-20,5,-20,6,25,-20,-20,-20,-20,-20,-20,-20,-20,-20,-20,-20,28,-20,-20,-20,8,-20,-20,8,-20,-20,19,15,9,25,11,-20,30,-20,-20,25,15,19,-20,-20,16,-20,-20,-20,18,7,-20,-20,-20,-20,-20,-20,13,6,22,13,24,9,5,6,-20,8,-20,-20,-20,-20,-20,47,-20,-20,-20,-20,-20,4,-20,-20,33,37,-20,44,55,47,49,32,67,-20,-20,6,6,-20,-20,14,20,17,46,-20,-20,9,-20,6,24,10,-20,4,-20,38,11,18,37,-20,16,13,38,-20,-20,-20,23,7,-20,-20,-20,-20,5,5,-20,-20,-20,-20,-20,19,16,9,-20,14,-20,-20,-20,-20,9,-20,-20,10,-20,7,59,11,9,13,89,-20,3,-20,-20,12,-20,-20,-20,17,18,-20,12,-20,-20,10,-20,-20,-20,8,7,93,-20,-20,-20,-20,-20,-20,13,12,-20,14,-20,17,-20,8,-20,-20,-20,10,9,6,7,3,8,-20,-20,8,35,-20,-20,-20,-20,27,6,-20,14,6,-20,8,-20,-20,-20,10,16,-20,6,12,14,-20,12,14,14,70,25,-20,6,9,-20,-20,-20,-20,-20,6,-20,13,-20,3,-20,-20,-20,-20,-20,-20,6,15,-20,-20,-20,-20,12,61,36,-20,-20,11,-20,-20,-20,8,-20,7,-20,-20,3,-20,15,19,13,9,-20,10,-20,9,-20,-20,8,50,-20,25,6,-20,-20,-20,-20,7,-20,34,33,38,42,15,38,46,4,-20,42,47,3,8,37,10,-20,-20,-20,-20,13,28,12,-20,11,-20,-20,-20,-20,7,-20,-20,-20,-20,3,-20,4,3,-20,-20,-20,-20,14,20,8,34,-20,-20,-20,-20,-20,-20,7,32,10,-20,8,16,-20,-20,14,-20,13,-20,-20,34,-20,28,45,43,21,34,30,7,23,3,-20,-20,-20,-20,-20,-20,8,5,-20,11,-20,6,-20,-20,-20,-20,-20,-20,-20,-20,-20,-20,-20,15,11,12,12,10,13,-20,-20,-20,19,39,10,-20,-20,-20,-20,-20,13,-20,-20,-20,-20,54,-20,15,17,-20,13,57,32,-20,-20,-20,-20,-20,-20,-20,-20,-20,27,46,-20,19,35,28,25,26,-20,-20,-20,-20,-20,14,22,36,-20,-20,-20,22,-20,5,-20,-20,7,10,7,5,12,-20,-20,-20,-20,-20,-20,2,-20,-20,-20,-20,31,8,-20,-20,14,-20,-20,-20,-20,-20,4,-20,-20,-20,-20,11,12,12,4,-20,-20,-20,9,12,-20,-20,9,6,-20,-20,11,-20,5,11,-20,-20,-20,-20,-20,16,6,-20,-20,-20,-20,-20,-20,-20,-20,10,-20,13,-20,-20,-20,-20,-20,-20,16,-20,-20,-20,-20,11,-20,-20,10,-20,-20,9,3,10,10,6,7,5,-20,6,8,8,16,15,16,7,9,11,10,7,8,-20,8,5,-20,3,9,14,12,5,-20,17,10,9,3,10,-20,-20,-20,-20,-20,-20,-20,10,-20,-20,-20,-20,-20,-20,-20,-20,19,5,8,6,4,5,-20,9,9,28,9,18,8,17,9,6,30,17,-20,-20,23,-20,10,-20,4,9,8,10,13,10,-20,7,-20,13,12,-20,3,10,-20,-20,-20,-20,-20,14,9,-20,4,6,-20,7,-20,-20,5,9,7,-20,-20,4,3,17,8,9,14,4,11,-20,7,7,9,-20,9,-20,7,3,11,-20,22,-20,-20,-20,15,-20,-20,-20,-20,15,12,-20,10,-20,10,-20,-20,-20,15,19,7,16,8,-20,-20,-20,-20,-20,12,8,24,-20,-20,-20,-20,-20,-20,-20,-20,19,-20,10,-20,13,13,-20,-20,15,7,-20,-20,-20,-20,-20,4,7,-20,-20,10,-20,-20,-20,-20,8,3,12,-20,-20,6,-20,-20,2,-20,-20,-20,-20,12,8,-20,-20,10,9,-20,-20,-20,-20,-20,11,-20,-20,-20,-20,9,-20,-20,-20,-20,-20,-20,5,-20,-20,-20,-20,-20,3,-20,-20,9,-20,-20,-20,6,-20,8,11,5,-20,-20,-20,-20,8,2,9,-20,-20,6,19,-20,-20,-20,13,-20,-20,5,8,-20,-20,-20,-20,-20,-20,-20,8,11,-20,-20,12,7,-20,5,-20,-20,-20,7,-20,5,14,-20,-20,10,11,-20,-20,11,6,5,7,-20,-20,-20,-20,-20,11,7,2,10,2,10,4,3,-20,-20,9,9,-20,3,-20,-20,-20,-20,4,5,9,-20,7,7,-20,4,8,-20,-20,-20,5,-20,-20,-20,-20,6,-20,9,-20,13,14,-20,8,-20,12,7,9,4,6,7,-20,-20,3,5,-20,8,-20,69,-20,-20,30,25,22,21,37,64,34,52,38,-20,45,41,54,52,45
"chr4,4889555",-20,-20,-20,-20,-20,-20,-20,-20,-20,-20,-20,7,50,40,28,20,33,14,97,73,-20,-20,50,40,47,43,33,41,38,12,3,14,9,-20,71,42,35,25,-20,-20,9,-20,-20,13,-20,-20,-20,-20,6,13,-20,31,40,-20,-20,-20,60,-20,26,28,31,30,24,22,30,29,24,55,52,20,32,33,15,26,25,70,24,5,13,15,16,18,24,-20,8,29,43,64,42,19,17,17,26,30,25,25,7,50,8,57,29,35,3,-20,19,50,-20,43,51,-20,4,-20,33,-20,8,5,-20,-20,-20,3,-20,5,6,-20,-20,-20,-20,48,-20,10,-20,4,-20,2,-20,-20,-20,-20,-20,11,-20,-20,-20,9,3,-20,-20,-20,-20,-20,-20,26,-20,-20,-20,17,6,-20,-20,-20,-20,-20,6,3,-20,5,-20,-20,14,13,50,49,56,18,-20,29,-20,-20,14,56,-20,-20,-20,-20,12,-20,13,26,15,-20,27,33,3,5,6,19,10,10,-20,9,-20,-20,-20,-20,-20,12,-20,-20,5,-20,-20,-20,-20,-20,-20,15,-20,-20,-20,-20,14,-20,-20,-20,-20,7,5,13,29,-20,5,-20,6,24,-20,-20,-20,-20,-20,-20,-20,-20,-20,-20,-20,-20,-20,-20,-20,8,-20,-20,8,-20,-20,17,18,10,25,13,-20,29,-20,-20,21,15,16,-20,-20,15,-20,-20,-20,17,6,-20,-20,-20,-20,-20,-20,14,6,23,13,24,8,5,-20,-20,8,-20,-20,-20,-20,-20,46,-20,-20,-20,-20,-20,4,-20,-20,32,35,-20,44,58,48,46,33,61,-20,-20,6,6,-20,-20,14,21,17,49,-20,-20,8,-20,6,23,10,-20,5,-20,42,12,17,36,-20,17,13,36,-20,-20,-20,24,7,-20,-20,-20,-20,6,5,-20,-20,-20,-20,-20,18,14,7,-20,14,-20,-20,-20,-20,9,-20,-20,10,-20,6,55,13,9,13,88,-20,3,-20,-20,12,-20,-20,-20,16,18,-20,11,-20,-20,10,-20,-20,-20,7,8,90,-20,-20,-20,-20,-20,-20,13,12,-20,13,-20,17,-20,8,-20,-20,-20,11,9,6,8,3,8,-20,-20,8,35,-20,-20,-20,-20,27,6,-20,15,3,-20,8,-20,-20,-20,12,16,-20,6,12,14,-20,12,13,13,68,23,-20,6,8,-20,-20,-20,-20,-20,6,-20,13,-20,-20,-20,-20,4,-20,-20,-20,6,15,-20,-20,-20,-20,14,63,36,-20,-20,10,-20,-20,-20,8,-20,7,-20,-20,4,-20,16,19,11,10,-20,11,-20,9,-20,-20,8,49,-20,25,6,-20,-20,-20,-20,7,-20,34,33,38,42,14,38,47,3,-20,42,48,2,7,38,10,-20,-20,-20,-20,13,26,14,-20,11,-20,-20,-20,-20,9,-20,-20,16,-20,4,-20,4,-20,-20,-20,-20,-20,13,20,8,36,-20,-20,-20,-20,-20,-20,8,30,12,-20,7,18,-20,-20,14,-20,11,-20,-20,33,-20,26,45,43,22,34,29,8,23,3,-20,-20,-20,-20,-20,-20,8,5,-20,11,-20,6,-20,-20,-20,-20,-20,-20,-20,-20,-20,-20,-20,14,11,12,11,11,11,-20,-20,-20,20,41,10,-20,-20,-20,-20,-20,13,-20,-20,-20,-20,48,-20,16,16,-20,10,56,32,-20,-20,-20,-20,-20,-20,-20,-20,-20,26,44,-20,19,36,30,26,29,-20,-20,-20,-20,-20,15,22,31,-20,-20,-20,22,-20,5,-20,-20,-20,10,6,6,12,-20,-20,-20,-20,-20,-20,-20,-20,-20,-20,-20,30,8,-20,-20,14,-20,-20,-20,-20,-20,4,-20,-20,-20,-20,11,12,12,4,-20,-20,-20,8,11,-20,-20,10,6,7,-20,-20,-20,5,11,-20,-20,-20,-20,-20,15,5,-20,-20,-20,-20,-20,-20,-20,-20,10,-20,13,-20,-20,-20,-20,-20,-20,16,-20,-20,-20,-20,11,-20,-20,11,-20,-20,8,3,10,-20,6,8,5,-20,5,8,8,17,13,16,5,9,11,10,7,7,-20,7,5,-20,-20,8,13,12,4,-20,15,8,9,3,10,-20,-20,-20,-20,-20,-20,-20,-20,-20,-20,-20,-20,-20,-20,-20,-20,18,5,6,6,4,5,-20,9,9,28,9,18,9,17,9,6,28,15,-20,-20,21,-20,10,-20,4,10,8,9,11,8,-20,8,-20,13,11,-20,4,8,-20,-20,-20,-20,-20,14,9,-20,4,6,-20,7,-20,-20,4,10,7,-20,-20,4,3,17,6,9,13,4,12,-20,7,7,9,-20,8,-20,7,-20,11,-20,19,-20,-20,-20,16,-20,-20,-20,-20,15,13,-20,-20,-20,8,-20,-20,-20,14,20,7,16,7,-20,-20,-20,-20,-20,11,8,22,-20,-20,-20,-20,-20,-20,-20,-20,20,-20,10,-20,13,12,-20,-20,15,7,-20,-20,-20,-20,-20,4,7,-20,-20,9,-20,-20,-20,-20,7,3,11,-20,-20,6,-20,-20,-20,-20,-20,-20,-20,12,6,-20,-20,8,9,-20,-20,-20,-20,-20,11,-20,-20,-20,-20,8,-20,-20,-20,-20,-20,-20,5,-20,-20,-20,-20,-20,-20,-20,-20,9,-20,-20,-20,5,-20,8,11,4,-20,-20,-20,-20,4,2,9,-20,-20,5,19,-20,-20,-20,12,-20,-20,4,7,-20,-20,-20,-20,-20,-20,-20,9,11,-20,-20,12,7,-20,5,-20,-20,-20,5,-20,4,14,-20,-20,10,11,-20,-20,11,5,-20,-20,-20,-20,-20,-20,-20,11,9,2,8,-20,9,4,3,-20,-20,9,-20,-20,2,-20,-20,-20,-20,4,-20,-20,-20,6,6,-20,3,8,-20,-20,-20,4,-20,-20,-20,-20,8,-20,-20,-20,-20,18,-20,7,-20,10,-20,-20,4,6,10,-20,-20,3,5,-20,7,-20,69,-20,-20,30,24,22,19,-20,63,36,43,38,-20,47,40,55,50,44
"chr4,4889556",-20,-20,-20,-20,-20,-20,-20,-20,-20,-20,-20,8,49,40,26,20,32,15,101,70,-20,-20,49,40,48,41,33,39,37,11,3,13,9,-20,65,42,34,26,-20,-20,9,-20,-20,13,5,-20,-20,-20,6,13,-20,32,41,-20,-20,-20,59,-20,26,27,32,31,22,22,33,28,23,56,54,20,32,31,15,25,22,67,24,5,13,16,16,18,25,-20,8,28,44,66,41,20,17,17,28,30,25,24,7,49,8,57,27,34,3,-20,19,52,-20,43,52,-20,4,-20,33,-20,8,5,-20,-20,-20,3,-20,5,6,-20,-20,-20,-20,47,-20,10,-20,4,-20,2,-20,-20,-20,-20,-20,11,-20,-20,-20,9,3,-20,-20,-20,-20,-20,-20,25,-20,-20,-20,15,6,-20,-20,-20,-20,-20,6,3,-20,5,-20,-20,15,12,52,48,50,19,-20,29,-20,-20,15,58,-20,-20,32,-20,12,-20,13,26,15,-20,27,33,3,7,7,19,10,11,-20,9,-20,-20,-20,-20,6,12,-20,-20,4,-20,-20,-20,-20,-20,-20,16,-20,-20,-20,-20,14,-20,-20,-20,-20,10,5,14,28,-20,5,-20,6,25,-20,-20,-20,-20,-20,-20,-20,-20,-20,-20,-20,27,-20,-20,-20,8,-20,-20,8,-20,24,16,20,10,25,13,-20,31,-20,-20,21,14,-20,-20,-20,14,-20,-20,-20,17,-20,16,64,55,29,47,-20,13,6,22,13,21,9,5,5,-20,8,-20,-20,-20,-20,-20,43,-20,-20,-20,-20,-20,4,-20,-20,33,35,-20,43,57,49,49,32,61,-20,-20,6,5,-20,-20,14,21,17,49,17,-20,8,12,6,23,10,-20,5,-20,42,12,18,39,-20,17,13,38,-20,-20,-20,23,7,-20,-20,-20,-20,6,5,-20,-20,-20,-20,-20,18,15,7,-20,14,-20,-20,-20,-20,8,-20,-20,11,-20,6,55,13,8,13,83,-20,3,-20,-20,12,-20,-20,-20,16,17,-20,11,-20,-20,10,-20,-20,-20,7,8,86,-20,-20,-20,-20,-20,-20,12,12,-20,15,-20,18,-20,9,-20,-20,-20,11,9,6,9,-20,8,-20,-20,8,34,-20,-20,-20,-20,26,6,-20,15,4,-20,8,-20,-20,-20,12,15,-20,6,13,15,-20,11,13,12,69,24,-20,6,8,-20,-20,-20,-20,-20,6,-20,13,-20,3,-20,-20,4,-20,-20,-20,6,15,-20,-20,-20,-20,13,63,36,-20,-20,9,-20,-20,-20,8,-20,8,-20,-20,4,-20,15,19,11,10,-20,12,-20,9,-20,9,8,54,-20,27,6,-20,-20,-20,-20,7,-20,34,34,35,43,13,39,49,3,-20,41,49,2,7,38,10,-20,-20,18,-20,12,-20,14,-20,11,-20,-20,-20,-20,8,-20,-20,16,-20,4,-20,4,-20,-20,-20,-20,-20,13,21,8,35,-20,-20,-20,-20,-20,-20,8,31,12,-20,8,18,-20,-20,14,-20,11,-20,-20,32,-20,26,46,44,22,33,30,8,26,3,-20,-20,-20,-20,-20,-20,8,5,-20,11,-20,6,-20,-20,-20,-20,-20,-20,-20,-20,-20,-20,-20,14,11,12,11,11,11,-20,-20,-20,20,40,11,-20,-20,-20,-20,-20,13,-20,28,30,-20,47,-20,-20,17,-20,10,56,30,-20,-20,8,-20,-20,-20,-20,-20,-20,26,42,-20,17,40,30,28,30,-20,-20,-20,-20,-20,14,20,31,-20,-20,-20,22,-20,5,-20,-20,7,10,6,6,12,-20,-20,-20,-20,-20,-20,-20,-20,-20,-20,-20,30,8,-20,-20,14,-20,-20,-20,-20,-20,4,-20,-20,-20,-20,11,11,12,4,-20,-20,-20,9,11,-20,-20,10,-20,7,-20,10,-20,5,11,-20,-20,-20,-20,-20,15,7,-20,-20,-20,-20,-20,-20,-20,-20,10,-20,13,-20,-20,-20,-20,-20,-20,15,-20,-20,-20,-20,11,-20,-20,11,-20,-20,8,3,10,10,6,8,5,4,5,8,8,17,14,17,5,9,11,10,7,7,7,7,5,-20,-20,8,14,12,4,13,15,8,9,3,11,5,-20,-20,-20,-20,-20,-20,9,-20,-20,-20,-20,-20,-20,-20,-20,18,5,5,6,4,5,-20,9,9,28,9,18,9,17,9,6,29,15,2,-20,21,-20,10,4,4,10,7,9,11,8,-20,8,-20,13,11,-20,4,8,-20,-20,-20,-20,-20,14,9,-20,4,6,-20,7,-20,-20,4,10,7,-20,-20,4,3,17,6,9,13,4,12,-20,7,7,8,-20,8,-20,7,-20,11,-20,20,-20,-20,-20,16,-20,-20,-20,-20,15,13,-20,10,-20,8,-20,-20,-20,14,20,7,16,7,-20,-20,-20,-20,-20,12,8,22,-20,-20,-20,-20,-20,-20,-20,-20,19,-20,10,-20,13,12,-20,-20,15,8,-20,-20,-20,-20,-20,4,7,-20,-20,9,-20,-20,-20,-20,7,3,11,-20,-20,6,-20,-20,-20,-20,-20,-20,-20,12,6,-20,-20,8,9,-20,-20,-20,-20,-20,11,-20,-20,-20,-20,8,-20,-20,-20,-20,-20,-20,5,-20,-20,-20,-20,-20,-20,-20,-20,9,-20,-20,-20,5,-20,8,11,4,-20,-20,-20,-20,4,2,-20,-20,-20,5,19,-20,-20,-20,12,-20,-20,4,7,7,-20,-20,-20,-20,-20,-20,9,11,-20,-20,12,7,-20,5,-20,-20,-20,5,-20,4,14,-20,-20,-20,-20,-20,-20,10,6,5,7,-20,-20,-20,-20,-20,-20,10,3,8,-20,7,4,4,-20,-20,7,10,-20,2,-20,-20,3,-20,4,5,7,-20,6,4,-20,3,9,-20,3,-20,4,-20,-20,-20,-20,9,-20,8,-20,11,18,-20,-20,-20,8,9,7,3,7,10,-20,-20,-20,6,-20,7,-20,68,-20,-20,30,25,22,20,37,66,36,43,38,-20,47,40,55,48,45
"chr4,4889557",-20,-20,-20,-20,-20,-20,-20,-20,-20,-20,-20,8,48,41,26,19,32,14,100,71,-20,-20,49,38,48,41,33,39,38,11,3,13,9,-20,68,42,35,26,-20,-20,9,-20,-20,13,5,-20,-20,-20,6,12,-20,33,40,-20,-20,-20,59,-20,25,26,31,31,22,22,32,28,21,56,54,21,32,32,15,26,24,67,24,5,13,16,16,17,25,-20,8,27,44,63,41,20,17,17,28,27,25,24,7,49,8,57,27,33,3,-20,19,53,-20,43,52,-20,4,-20,33,-20,8,7,-20,-20,-20,3,-20,6,6,-20,-20,-20,-20,47,-20,10,-20,4,-20,-20,-20,-20,-20,-20,-20,11,-20,-20,-20,9,3,-20,-20,-20,-20,-20,-20,25,-20,-20,-20,17,6,-20,-20,-20,-20,-20,6,4,-20,5,-20,-20,15,12,53,44,48,19,-20,30,-20,-20,15,56,-20,-20,31,-20,13,-20,13,25,15,-20,27,32,3,8,7,19,10,12,-20,9,-20,-20,-20,-20,6,12,-20,-20,4,-20,-20,-20,-20,-20,-20,16,-20,-20,-20,-20,14,-20,-20,-20,-20,11,5,14,29,-20,5,-20,6,25,-20,-20,-20,-20,-20,-20,-20,-20,-20,-20,-20,29,-20,-20,-20,9,-20,-20,9,-20,23,16,20,10,25,13,-20,31,-20,-20,22,15,16,-20,-20,14,-20,-20,-20,17,-20,16,65,55,29,50,-20,14,6,24,13,21,8,5,5,-20,8,-20,-20,-20,-20,-20,43,-20,-20,-20,-20,-20,4,-20,-20,34,36,-20,43,56,47,51,32,60,-20,-20,6,5,-20,-20,13,20,17,51,17,-20,-20,11,7,24,10,-20,5,-20,43,12,18,41,-20,16,13,39,-20,-20,-20,24,7,-20,-20,-20,-20,6,-20,-20,-20,-20,-20,-20,18,15,7,-20,13,-20,-20,-20,-20,9,-20,-20,11,-20,6,55,13,-20,13,84,-20,4,-20,-20,12,-20,-20,-20,16,15,-20,11,-20,-20,9,-20,-20,-20,7,7,87,-20,-20,-20,-20,-20,-20,12,12,-20,15,-20,18,-20,9,-20,-20,-20,11,9,6,9,-20,8,-20,-20,8,34,-20,-20,-20,-20,26,6,-20,15,4,-20,8,-20,-20,-20,12,15,-20,6,12,15,-20,11,13,13,69,25,-20,6,8,-20,-20,-20,-20,-20,6,-20,13,-20,3,-20,-20,3,-20,-20,-20,6,16,-20,-20,-20,-20,13,64,35,-20,-20,9,-20,-20,-20,8,-20,8,-20,-20,4,-20,15,19,11,10,-20,12,-20,9,-20,10,8,54,-20,26,6,-20,-20,-20,-20,7,-20,34,33,37,42,14,39,47,3,-20,43,49,-20,7,37,10,-20,-20,18,-20,13,26,14,-20,10,-20,-20,-20,-20,8,-20,-20,16,-20,4,-20,4,-20,-20,-20,-20,-20,13,21,8,36,-20,-20,-20,-20,-20,-20,8,31,12,-20,8,18,-20,-20,14,-20,11,-20,-20,36,-20,25,45,45,22,35,33,8,27,3,-20,-20,-20,-20,-20,-20,8,5,-20,11,-20,6,-20,-20,-20,-20,-20,-20,-20,-20,-20,-20,-20,14,11,12,11,11,11,-20,-20,-20,21,41,11,-20,-20,-20,-20,-20,14,-20,28,30,-20,48,-20,-20,17,-20,11,56,30,-20,-20,8,-20,-20,-20,-20,-20,-20,25,45,-20,17,40,30,28,30,-20,-20,-20,-20,-20,15,20,32,-20,-20,-20,22,-20,5,-20,-20,7,10,6,6,12,-20,-20,-20,-20,-20,-20,-20,-20,-20,-20,-20,29,8,-20,-20,14,-20,-20,-20,-20,-20,4,-20,-20,-20,-20,11,12,12,4,-20,-20,-20,10,11,-20,-20,10,-20,7,-20,10,-20,6,11,-20,-20,-20,-20,-20,15,7,-20,-20,-20,-20,-20,-20,-20,-20,10,-20,13,-20,-20,-20,-20,-20,-20,16,-20,-20,-20,-20,11,-20,-20,11,-20,-20,8,3,10,10,6,8,5,5,5,8,8,17,14,17,5,9,11,10,6,7,7,7,5,-20,-20,-20,14,14,4,13,15,8,10,3,11,5,-20,-20,-20,-20,-20,-20,9,-20,-20,-20,-20,-20,-20,-20,-20,18,5,5,6,4,5,-20,9,9,28,9,18,9,17,9,6,29,15,2,-20,21,-20,10,4,4,10,7,9,11,9,-20,9,-20,13,12,-20,4,8,-20,-20,-20,-20,-20,14,9,-20,4,6,-20,7,-20,-20,4,10,7,-20,-20,4,3,17,6,9,13,4,12,-20,7,7,9,-20,8,-20,7,-20,12,-20,22,-20,-20,-20,16,-20,-20,-20,-20,13,13,-20,10,-20,8,-20,-20,-20,14,20,7,17,7,-20,-20,-20,-20,-20,12,9,22,-20,-20,-20,-20,-20,-20,-20,-20,19,-20,10,-20,13,12,-20,-20,15,8,-20,-20,-20,-20,-20,4,7,-20,-20,9,-20,-20,-20,-20,7,-20,11,-20,-20,6,-20,-20,-20,-20,-20,-20,-20,12,6,-20,-20,8,9,-20,-20,-20,-20,-20,11,-20,-20,-20,-20,8,-20,-20,-20,-20,-20,-20,6,-20,-20,-20,-20,-20,-20,-20,-20,9,-20,-20,-20,5,-20,9,11,4,-20,-20,-20,-20,4,-20,9,-20,-20,5,19,-20,-20,-20,12,-20,-20,4,7,7,-20,-20,-20,-20,-20,-20,9,11,-20,-20,12,7,-20,5,-20,-20,-20,6,-20,4,14,-20,-20,10,9,-20,-20,10,6,5,6,-20,-20,-20,-20,-20,8,9,4,7,-20,9,5,-20,-20,-20,8,9,-20,3,-20,-20,-20,-20,3,5,7,-20,5,4,-20,4,6,-20,-20,-20,4,-20,-20,-20,-20,7,-20,5,-20,10,16,-20,8,-20,9,9,7,4,5,10,-20,-20,-20,7,-20,7,-20,70,-20,-20,30,25,22,20,37,65,36,43,-20,-20,49,39,55,48,44
"chr4,4889558",-20,-20,-20,-20,-20,-20,-20,-20,-20,-20,-20,8,48,40,26,19,32,14,105,71,-20,-20,49,39,48,40,33,40,39,12,3,13,9,-20,67,40,34,24,-20,-20,9,-20,-20,13,-20,-20,-20,-20,6,13,-20,32,40,-20,-20,-20,60,-20,26,26,31,30,22,22,32,26,22,56,52,21,32,31,15,25,25,68,24,5,13,16,16,18,25,-20,8,27,44,67,40,20,17,18,28,29,25,23,7,50,8,57,26,33,3,-20,20,55,-20,45,53,-20,4,-20,34,-20,8,7,-20,-20,-20,3,-20,6,6,-20,-20,-20,-20,48,-20,10,-20,4,-20,-20,-20,-20,-20,-20,-20,11,-20,-20,-20,9,-20,-20,-20,-20,-20,-20,-20,25,-20,-20,-20,17,6,-20,-20,-20,-20,-20,6,4,-20,5,-20,-20,17,12,-20,43,-20,-20,-20,27,-20,-20,14,57,-20,-20,-20,-20,13,-20,13,26,15,-20,32,32,3,8,7,20,10,11,-20,9,-20,-20,-20,-20,-20,12,-20,-20,4,-20,-20,-20,-20,-20,-20,16,-20,-20,-20,-20,14,-20,-20,-20,-20,11,5,13,31,-20,5,-20,-20,24,-20,-20,-20,-20,-20,-20,-20,-20,-20,-20,-20,-20,-20,-20,-20,9,-20,-20,9,-20,-20,16,20,9,26,14,-20,31,-20,-20,22,15,16,-20,-20,15,-20,-20,-20,18,-20,-20,-20,-20,-20,-20,-20,13,-20,23,14,21,8,5,-20,-20,8,-20,-20,-20,-20,-20,46,-20,-20,-20,-20,-20,4,-20,-20,34,36,-20,43,57,49,51,35,62,-20,-20,6,5,-20,-20,14,19,18,51,-20,-20,8,-20,8,25,10,-20,5,-20,43,12,19,38,-20,17,12,39,-20,-20,-20,24,6,-20,-20,-20,-20,6,6,-20,-20,-20,-20,-20,18,14,7,-20,14,-20,-20,-20,-20,9,-20,-20,12,-20,6,55,13,8,13,88,-20,3,-20,-20,9,-20,-20,-20,17,15,-20,13,-20,-20,9,-20,-20,-20,7,7,90,-20,-20,-20,-20,-20,-20,12,13,-20,15,-20,18,-20,9,-20,-20,-20,11,9,6,9,-20,8,-20,-20,8,35,-20,-20,-20,-20,26,6,-20,15,4,-20,8,-20,-20,-20,11,15,-20,7,12,15,-20,11,13,13,70,25,-20,7,8,-20,-20,-20,-20,-20,6,-20,13,-20,-20,-20,-20,3,-20,-20,-20,6,15,-20,-20,-20,-20,13,63,36,-20,-20,9,-20,-20,-20,8,-20,8,-20,-20,4,-20,15,19,11,10,-20,12,-20,9,-20,10,8,52,-20,25,6,-20,-20,-20,-20,7,-20,33,33,36,41,14,42,47,3,-20,44,48,-20,7,38,10,-20,-20,-20,-20,13,26,14,-20,11,-20,-20,-20,-20,7,-20,-20,16,-20,4,-20,-20,-20,-20,-20,-20,-20,14,20,8,36,-20,-20,-20,-20,-20,-20,8,31,12,-20,8,18,-20,-20,14,-20,10,-20,-20,34,-20,23,45,45,23,35,32,8,-20,3,-20,-20,-20,-20,-20,-20,8,5,-20,11,-20,6,-20,-20,-20,-20,-20,-20,-20,-20,-20,-20,-20,14,11,12,11,11,11,-20,-20,-20,22,38,10,-20,-20,-20,-20,-20,14,-20,-20,-20,-20,47,-20,-20,15,-20,11,56,29,-20,-20,-20,-20,-20,-20,-20,-20,-20,24,45,-20,18,40,28,28,29,-20,-20,-20,-20,-20,15,19,32,-20,-20,-20,22,-20,5,-20,-20,-20,10,6,6,-20,-20,-20,-20,-20,-20,-20,-20,-20,-20,-20,-20,30,8,-20,-20,14,-20,-20,-20,-20,-20,5,-20,-20,-20,-20,11,12,12,4,-20,-20,-20,10,11,-20,-20,10,5,7,-20,-20,-20,6,11,-20,-20,-20,-20,-20,15,7,-20,-20,-20,-20,-20,-20,-20,-20,10,-20,14,-20,-20,-20,-20,-20,-20,16,-20,-20,-20,-20,11,-20,-20,11,-20,-20,8,3,10,-20,6,8,5,-20,5,9,8,16,13,16,5,9,10,10,6,7,-20,7,5,-20,-20,8,13,14,4,-20,15,8,10,3,10,5,-20,-20,-20,-20,-20,-20,-20,-20,-20,-20,-20,-20,-20,-20,-20,18,5,5,6,4,5,-20,9,9,28,10,18,9,17,9,6,29,15,2,-20,21,-20,-20,-20,4,10,7,9,11,9,-20,9,-20,12,12,-20,4,8,-20,-20,-20,-20,-20,14,9,-20,4,6,-20,7,-20,-20,4,10,7,-20,-20,4,3,17,6,9,13,4,12,-20,7,7,9,-20,7,-20,7,-20,12,-20,21,-20,-20,-20,16,-20,-20,-20,-20,14,13,-20,-20,-20,8,-20,-20,-20,14,20,7,17,7,-20,-20,-20,-20,-20,11,9,21,-20,-20,-20,-20,-20,-20,-20,-20,19,-20,9,-20,13,12,-20,-20,15,-20,-20,-20,-20,-20,-20,4,7,-20,-20,9,-20,-20,-20,-20,7,-20,12,-20,-20,6,-20,-20,-20,-20,-20,-20,-20,12,6,-20,-20,8,9,-20,-20,-20,-20,-20,11,-20,-20,-20,-20,8,-20,-20,-20,-20,-20,-20,6,-20,-20,-20,-20,-20,-20,-20,-20,9,-20,-20,-20,5,-20,9,11,4,-20,-20,-20,-20,4,-20,9,-20,-20,5,19,-20,-20,-20,12,-20,-20,4,7,-20,-20,-20,-20,-20,-20,-20,9,11,-20,-20,12,7,-20,5,-20,-20,-20,6,-20,4,14,-20,-20,10,9,-20,-20,9,6,-20,-20,-20,-20,-20,-20,-20,8,10,4,7,3,9,5,3,-20,-20,6,-20,-20,2,-20,-20,-20,-20,-20,-20,-20,-20,6,5,-20,4,8,-20,-20,-20,4,-20,-20,-20,-20,8,-20,-20,-20,-20,-20,-20,7,-20,-20,-20,8,3,7,11,-20,-20,5,7,-20,7,-20,70,-20,-20,31,24,24,19,-20,65,36,43,-20,-20,51,39,55,46,44
"chr4,4889561",-20,-20,-20,-20,-20,-20,-20,-20,-20,-20,-20,6,47,43,26,19,34,12,101,72,-20,-20,47,39,49,43,34,39,37,12,3,14,9,-20,68,42,33,24,-20,-20,9,-20,-20,14,5,-20,-20,-20,6,14,-20,35,40,-20,-20,-20,61,-20,24,26,31,32,22,22,35,27,21,57,54,21,32,30,15,27,25,65,25,5,13,16,15,16,25,-20,8,27,43,68,39,19,16,18,29,29,26,22,7,50,8,52,27,33,3,-20,22,51,-20,45,50,-20,4,-20,32,-20,8,7,-20,-20,-20,3,-20,6,6,-20,-20,-20,-20,48,-20,11,-20,4,-20,-20,-20,-20,-20,-20,-20,11,-20,-20,-20,8,3,-20,-20,-20,-20,-20,-20,25,-20,-20,-20,17,6,-20,-20,-20,-20,-20,-20,4,-20,5,-20,-20,17,12,54,47,36,17,-20,30,-20,-20,15,69,-20,-20,29,-20,13,-20,13,24,16,-20,32,29,3,8,6,19,14,11,-20,9,-20,-20,-20,-20,-20,14,-20,-20,3,-20,-20,-20,-20,-20,-20,16,-20,-20,-20,-20,15,-20,-20,-20,-20,10,8,15,31,-20,5,-20,6,24,-20,-20,-20,-20,-20,-20,-20,-20,-20,-20,-20,-20,-20,-20,-20,8,-20,-20,8,-20,23,19,19,10,25,14,-20,31,-20,-20,20,16,16,-20,-20,13,-20,-20,-20,20,-20,15,62,55,29,52,-20,13,-20,24,14,20,8,6,-20,-20,8,-20,-20,-20,-20,-20,45,-20,-20,-20,-20,-20,5,-20,-20,36,38,-20,43,57,52,52,36,62,-20,-20,6,4,-20,-20,13,22,19,50,16,-20,8,12,8,27,11,-20,6,-20,43,10,19,41,-20,18,14,40,-20,-20,-20,23,6,-20,-20,-20,-20,6,6,-20,-20,-20,-20,-20,18,17,7,-20,15,-20,-20,-20,-20,9,-20,-20,13,-20,6,57,13,8,12,90,-20,2,-20,-20,10,-20,-20,-20,20,13,-20,12,-20,-20,8,-20,-20,-20,7,7,91,-20,-20,-20,-20,-20,-20,12,14,-20,15,-20,19,-20,9,-20,-20,-20,11,-20,6,10,-20,8,-20,-20,9,33,-20,-20,-20,-20,27,6,-20,15,3,-20,8,-20,-20,-20,11,16,-20,7,14,14,-20,11,12,13,72,26,-20,9,6,-20,-20,-20,-20,-20,6,-20,14,-20,3,-20,-20,3,-20,-20,-20,6,16,-20,-20,-20,-20,14,61,39,-20,-20,9,-20,-20,-20,9,-20,8,-20,-20,3,-20,15,18,10,10,-20,12,-20,9,-20,10,8,49,-20,26,6,-20,-20,-20,-20,7,-20,34,32,38,42,14,44,47,2,-20,46,48,-20,7,37,12,-20,-20,15,3,13,28,13,-20,12,-20,-20,-20,-20,7,-20,-20,16,-20,4,-20,4,-20,-20,-20,-20,-20,15,20,7,35,-20,-20,-20,-20,-20,-20,8,31,12,-20,8,18,-20,-20,15,-20,9,-20,-20,35,-20,23,45,47,23,35,34,7,29,-20,-20,-20,-20,-20,-20,-20,8,5,-20,11,-20,6,-20,-20,-20,-20,-20,-20,-20,-20,-20,-20,-20,14,11,13,12,12,9,-20,-20,-20,25,42,10,-20,-20,-20,-20,-20,14,-20,27,32,-20,49,-20,15,15,-20,13,56,30,-20,-20,-20,-20,-20,-20,-20,-20,-20,24,44,-20,17,42,23,28,29,-20,-20,-20,-20,-20,15,19,32,-20,-20,-20,22,-20,5,-20,-20,-20,10,6,5,12,-20,-20,-20,-20,-20,-20,-20,-20,-20,-20,-20,27,8,-20,-20,16,-20,-20,-20,-20,-20,5,-20,-20,-20,-20,11,12,12,4,-20,-20,-20,10,11,-20,-20,9,6,7,-20,-20,-20,6,12,-20,-20,-20,-20,-20,15,7,-20,-20,-20,-20,-20,-20,-20,-20,10,-20,14,-20,-20,-20,-20,-20,-20,16,-20,-20,-20,-20,11,-20,-20,11,-20,-20,8,2,9,-20,6,8,5,5,5,7,7,16,14,17,5,9,10,10,7,7,7,7,6,-20,-20,8,14,12,4,12,15,8,10,4,12,5,-20,-20,-20,-20,-20,-20,-20,-20,-20,-20,-20,-20,-20,-20,-20,19,5,5,7,4,5,-20,9,9,28,10,18,9,17,9,6,29,15,2,-20,21,-20,10,4,3,10,7,9,12,9,-20,10,-20,11,12,-20,4,8,-20,-20,-20,-20,-20,14,9,-20,4,6,-20,7,-20,-20,4,9,6,-20,-20,4,3,17,6,9,13,4,12,-20,7,7,9,-20,7,-20,7,-20,12,-20,21,-20,-20,-20,16,-20,-20,-20,-20,14,14,-20,-20,-20,8,-20,-20,-20,14,20,8,17,8,-20,-20,-20,-20,-20,10,9,20,-20,-20,-20,-20,-20,-20,-20,-20,19,-20,9,-20,13,13,-20,-20,15,8,-20,-20,-20,-20,-20,4,7,-20,-20,9,-20,-20,-20,-20,7,-20,12,-20,-20,6,-20,-20,-20,-20,-20,-20,-20,13,6,-20,-20,8,9,-20,-20,-20,-20,-20,11,-20,-20,-20,-20,8,-20,-20,-20,-20,-20,-20,6,-20,-20,-20,-20,-20,-20,-20,-20,9,-20,-20,-20,5,-20,9,11,4,-20,-20,-20,-20,4,-20,9,-20,-20,5,18,-20,-20,-20,12,-20,-20,4,7,5,-20,-20,-20,-20,-20,-20,9,11,-20,-20,11,7,-20,5,-20,-20,-20,6,-20,3,14,-20,-20,10,12,-20,-20,10,7,-20,10,-20,-20,-20,-20,-20,6,7,4,6,3,11,6,6,-20,-20,7,10,-20,2,-20,-20,-20,-20,4,5,11,-20,5,-20,-20,3,10,-20,-20,-20,4,-20,-20,-20,-20,10,-20,8,-20,13,17,-20,-20,-20,7,10,7,4,5,11,-20,-20,5,7,-20,6,-20,70,-20,-20,31,22,25,19,-20,66,37,51,-20,-20,52,39,56,45,48
"chr4,4889562",-20,-20,-20,-20,-20,-20,-20,-20,-20,-20,-20,5,47,43,25,18,33,12,100,69,-20,-20,48,39,50,42,34,38,37,12,3,14,9,-20,67,41,32,24,-20,-20,9,-20,-20,11,5,-20,-20,-20,6,14,-20,35,40,-20,-20,-20,60,-20,25,26,31,32,24,22,33,27,21,57,53,21,32,30,15,27,25,65,24,5,12,16,15,16,25,-20,8,27,43,67,38,19,16,18,29,29,26,23,7,52,8,53,27,33,3,-20,22,51,-20,44,50,-20,4,-20,29,-20,8,7,-20,-20,-20,3,-20,6,6,-20,-20,-20,-20,46,-20,11,-20,4,-20,-20,-20,-20,-20,-20,-20,11,-20,-20,-20,8,3,-20,-20,-20,-20,-20,-20,24,-20,-20,-20,17,6,7,-20,-20,-20,-20,-20,4,-20,5,-20,-20,17,11,53,47,35,17,-20,30,-20,-20,14,69,-20,-20,29,-20,13,-20,13,24,17,-20,32,30,3,8,6,19,13,11,-20,9,-20,-20,-20,-20,-20,14,-20,-20,5,-20,-20,-20,-20,-20,-20,16,-20,-20,-20,-20,15,-20,-20,-20,-20,11,8,16,31,-20,5,-20,6,19,-20,-20,-20,-20,-20,-20,-20,-20,-20,-20,-20,-20,-20,-20,-20,8,-20,-20,9,-20,24,19,19,10,25,14,-20,30,-20,-20,20,16,17,-20,-20,13,-20,-20,-20,19,-20,15,62,55,29,51,-20,12,-20,24,14,20,8,6,-20,-20,8,-20,-20,-20,-20,-20,44,-20,-20,-20,-20,-20,5,-20,-20,36,37,-20,43,56,51,52,35,60,-20,-20,6,4,-20,-20,13,23,19,48,16,-20,7,12,8,27,12,-20,7,-20,42,11,19,42,-20,18,14,39,-20,-20,-20,22,7,-20,-20,-20,-20,6,6,-20,-20,-20,-20,-20,18,17,7,-20,15,-20,-20,-20,-20,9,-20,-20,13,-20,5,57,13,8,12,88,-20,2,-20,-20,10,-20,-20,-20,20,14,-20,10,-20,-20,8,-20,-20,-20,7,7,90,-20,-20,-20,-20,-20,-20,13,15,-20,15,-20,21,-20,8,-20,-20,-20,11,8,6,10,-20,8,-20,-20,9,32,-20,-20,-20,-20,27,6,-20,15,3,-20,8,-20,-20,-20,12,18,-20,7,14,13,-20,11,12,13,72,27,-20,9,5,-20,-20,-20,-20,-20,6,-20,14,-20,3,-20,-20,3,-20,-20,-20,6,16,-20,-20,-20,-20,15,62,41,-20,-20,9,-20,-20,-20,9,-20,8,-20,-20,3,-20,16,18,10,10,-20,12,-20,9,-20,10,8,47,-20,26,6,-20,-20,-20,-20,7,-20,33,32,36,41,14,43,45,2,-20,45,48,-20,7,37,13,-20,-20,14,3,14,28,13,-20,11,-20,-20,-20,-20,6,-20,-20,16,-20,4,-20,4,-20,-20,-20,-20,-20,15,19,7,35,-20,-20,-20,-20,-20,-20,8,32,12,-20,6,18,-20,-20,15,-20,9,-20,-20,35,-20,23,46,48,23,35,33,6,30,-20,-20,-20,-20,-20,-20,-20,8,5,-20,11,-20,6,-20,-20,-20,-20,-20,-20,-20,-20,-20,-20,-20,14,11,13,11,12,9,-20,-20,-20,25,39,10,-20,-20,-20,-20,-20,14,-20,28,32,-20,49,-20,16,14,-20,13,56,29,-20,-20,-20,-20,-20,-20,-20,-20,-20,24,41,-20,17,40,23,28,29,-20,-20,-20,-20,-20,15,19,31,-20,-20,-20,22,-20,5,-20,-20,7,10,6,5,12,-20,-20,-20,-20,-20,-20,2,-20,-20,-20,-20,27,8,-20,-20,16,-20,-20,-20,-20,-20,5,-20,-20,-20,-20,11,12,12,4,-20,-20,-20,10,11,-20,-20,9,6,7,-20,9,-20,6,12,-20,-20,-20,-20,-20,14,7,-20,-20,-20,-20,-20,-20,-20,-20,10,-20,13,-20,-20,-20,-20,-20,-20,16,-20,-20,-20,-20,11,-20,-20,10,-20,-20,8,2,9,-20,6,8,5,5,5,7,7,16,14,17,5,9,10,10,7,7,7,7,6,-20,-20,8,14,12,4,12,15,8,10,4,12,5,-20,-20,-20,-20,-20,-20,-20,-20,-20,-20,-20,-20,-20,-20,-20,19,5,5,7,4,5,-20,9,9,28,10,18,9,17,9,6,29,15,2,-20,21,-20,10,4,3,10,7,9,12,9,-20,10,-20,11,12,-20,4,8,-20,-20,-20,-20,-20,14,9,-20,4,6,-20,7,-20,-20,4,9,6,-20,-20,-20,3,17,6,9,13,4,12,-20,7,7,9,-20,7,-20,7,-20,12,-20,21,-20,-20,-20,16,-20,-20,-20,-20,12,14,-20,-20,-20,7,-20,-20,-20,13,20,8,16,8,-20,-20,-20,-20,-20,10,9,20,-20,-20,-20,-20,-20,-20,-20,-20,19,-20,9,-20,13,13,-20,-20,15,8,-20,-20,-20,-20,-20,4,7,-20,-20,8,-20,-20,-20,-20,7,3,12,-20,-20,6,-20,-20,-20,-20,-20,-20,-20,15,6,-20,-20,8,9,-20,-20,-20,-20,-20,11,-20,-20,-20,-20,8,-20,-20,-20,-20,-20,-20,6,-20,-20,-20,-20,-20,-20,-20,-20,9,-20,-20,-20,5,-20,9,11,4,-20,-20,-20,-20,4,-20,9,-20,-20,5,18,-20,-20,-20,12,-20,-20,4,7,5,-20,-20,-20,-20,-20,-20,9,11,-20,-20,11,7,-20,5,-20,-20,-20,6,-20,3,14,-20,-20,10,11,-20,-20,11,7,-20,10,-20,-20,-20,-20,-20,6,8,4,7,3,10,6,-20,-20,-20,6,10,-20,-20,-20,-20,3,-20,4,4,10,-20,5,4,-20,2,9,-20,-20,-20,4,-20,-20,-20,-20,11,-20,9,-20,14,17,-20,-20,-20,7,11,8,4,5,11,-20,-20,5,6,-20,6,-20,69,-20,-20,31,22,24,18,-20,65,36,51,-20,-20,53,38,56,46,48
"chr4,4889567",-20,-20,-20,-20,-20,-20,-20,-20,-20,-20,-20,4,44,39,24,16,33,12,99,72,-20,-20,52,41,46,41,32,37,35,13,-20,15,11,-20,70,39,32,23,-20,-20,9,-20,-20,8,4,-20,-20,-20,6,13,-20,31,37,4,-20,-20,61,-20,24,29,29,31,28,22,34,31,22,56,54,20,33,30,17,27,27,66,24,6,12,16,14,19,27,-20,10,29,43,69,40,20,17,19,28,32,26,21,9,51,8,49,27,34,-20,-20,24,51,-20,45,47,-20,6,-20,30,-20,7,8,-20,-20,3,4,-20,6,8,-20,-20,-20,-20,48,-20,13,-20,5,-20,-20,-20,-20,-20,-20,-20,10,-20,-20,-20,9,3,-20,-20,-20,-20,-20,-20,21,-20,-20,-20,17,6,7,-20,-20,-20,-20,-20,4,-20,7,-20,4,16,11,52,47,37,19,-20,27,-20,-20,14,79,-20,-20,33,-20,15,-20,13,24,17,-20,31,30,3,8,6,17,16,10,-20,13,-20,-20,-20,-20,5,13,-20,-20,5,-20,-20,-20,-20,-20,-20,14,-20,-20,-20,-20,13,-20,-20,-20,-20,11,8,16,32,-20,5,-20,8,20,-20,-20,-20,-20,-20,-20,-20,-20,-20,-20,-20,30,-20,-20,-20,9,-20,-20,9,-20,25,17,16,11,22,13,-20,30,-20,-20,22,15,18,-20,-20,13,-20,-20,-20,18,5,14,59,52,34,49,-20,15,9,25,13,22,7,5,7,-20,9,-20,-20,-20,-20,-20,44,-20,-20,-20,-20,-20,4,-20,-20,38,39,-20,45,55,50,49,36,62,-20,-20,6,4,-20,-20,12,24,18,51,19,-20,7,12,7,30,12,-20,7,-20,43,11,19,40,-20,19,13,43,-20,-20,-20,22,7,-20,-20,-20,-20,6,6,-20,-20,-20,-20,-20,17,17,7,-20,15,-20,-20,-20,-20,9,-20,-20,11,-20,5,58,13,8,12,95,-20,2,-20,-20,10,-20,-20,-20,23,10,-20,14,-20,-20,9,-20,-20,-20,7,7,96,-20,-20,-20,-20,-20,-20,9,14,-20,15,-20,22,-20,8,-20,-20,-20,10,7,8,10,3,8,-20,-20,8,35,-20,-20,-20,-20,27,7,-20,15,-20,-20,8,-20,-20,-20,13,18,-20,8,15,13,-20,10,15,14,72,30,-20,9,6,-20,-20,-20,-20,-20,7,-20,15,-20,3,-20,-20,3,-20,-20,-20,5,15,-20,-20,-20,-20,15,61,41,-20,-20,9,-20,-20,-20,8,-20,8,-20,-20,4,-20,14,18,12,11,-20,11,-20,9,-20,10,8,49,-20,27,5,-20,-20,-20,-20,7,-20,35,29,36,43,14,46,46,2,-20,45,45,3,10,39,13,-20,-20,14,3,17,27,13,-20,10,-20,-20,-20,-20,7,-20,-20,18,-20,4,-20,4,-20,-20,-20,-20,-20,15,20,6,32,-20,-20,-20,-20,-20,-20,8,34,13,-20,7,18,-20,-20,16,-20,9,-20,-20,31,-20,24,44,48,23,31,37,4,29,3,-20,-20,-20,-20,-20,-20,9,6,-20,11,-20,6,-20,-20,-20,-20,-20,-20,-20,-20,-20,-20,-20,15,11,14,12,13,13,-20,-20,-20,25,43,11,-20,-20,-20,-20,-20,12,-20,28,29,-20,50,-20,16,14,-20,18,58,27,-20,-20,8,-20,-20,-20,-20,-20,-20,22,43,-20,17,39,28,27,30,-20,-20,-20,-20,-20,11,20,30,-20,-20,-20,20,-20,5,-20,-20,8,12,6,5,12,-20,-20,-20,-20,-20,-20,2,-20,-20,-20,-20,27,9,-20,-20,15,-20,-20,-20,-20,-20,5,-20,-20,-20,-20,10,12,12,6,-20,-20,-20,-20,12,-20,-20,10,10,7,-20,9,-20,6,8,-20,-20,-20,-20,-20,17,8,-20,-20,-20,-20,-20,-20,-20,-20,-20,-20,14,-20,-20,-20,-20,-20,-20,15,-20,-20,-20,-20,10,-20,-20,9,-20,-20,10,-20,10,11,6,7,6,7,5,7,11,18,14,15,6,9,9,10,7,7,7,7,6,-20,-20,7,12,13,4,14,16,8,10,4,12,5,-20,-20,-20,-20,-20,-20,10,-20,5,-20,-20,-20,-20,-20,-20,19,4,5,8,4,6,-20,8,9,28,11,19,9,18,10,6,33,15,2,-20,21,-20,9,4,3,10,11,10,14,9,-20,11,-20,11,14,-20,4,8,-20,-20,-20,-20,-20,15,11,-20,3,7,-20,8,-20,-20,4,11,8,-20,-20,4,4,19,6,10,12,5,11,-20,7,7,12,-20,7,-20,8,-20,12,3,20,-20,-20,-20,16,-20,-20,-20,-20,12,12,-20,9,-20,9,-20,-20,-20,13,22,9,16,8,-20,-20,-20,-20,-20,14,10,20,-20,-20,-20,-20,-20,-20,-20,-20,20,-20,9,-20,15,13,-20,-20,14,8,-20,-20,-20,-20,-20,5,7,-20,-20,8,-20,-20,-20,-20,7,3,12,-20,-20,6,-20,-20,3,-20,-20,-20,-20,17,6,-20,-20,9,11,-20,-20,-20,-20,-20,11,-20,-20,-20,-20,8,-20,-20,-20,-20,-20,-20,8,-20,-20,-20,-20,-20,3,-20,-20,9,-20,-20,-20,6,-20,11,13,4,-20,-20,-20,-20,4,-20,10,-20,-20,5,17,-20,-20,-20,14,-20,-20,4,8,5,-20,-20,3,-20,-20,-20,12,14,-20,-20,11,7,-20,7,-20,-20,-20,6,-20,-20,13,-20,-20,12,12,-20,-20,9,9,9,9,-20,-20,-20,-20,-20,5,6,3,10,4,10,6,7,-20,-20,6,11,-20,-20,-20,-20,-20,-20,3,7,8,-20,4,4,-20,-20,11,-20,4,-20,4,-20,-20,-20,-20,12,-20,10,-20,15,19,-20,9,3,7,10,8,5,5,10,-20,-20,5,6,-20,4,-20,68,-20,-20,30,21,22,18,39,61,35,47,51,-20,55,40,53,48,52
"chr4,4889568",-20,-20,-20,-20,-20,-20,-20,-20,-20,-20,-20,4,45,41,23,16,33,11,99,68,-20,-20,52,41,47,40,32,35,34,12,-20,14,11,-20,67,37,32,23,-20,-20,9,-20,-20,8,4,-20,-20,-20,6,13,-20,29,38,4,-20,-20,65,-20,24,29,29,30,28,22,32,33,22,58,51,20,34,29,17,26,27,65,23,6,12,15,14,19,26,-20,10,28,41,70,41,20,16,20,28,32,26,21,9,50,8,48,26,33,4,-20,24,51,-20,45,46,-20,6,-20,29,-20,7,8,-20,-20,3,4,-20,6,8,-20,-20,-20,-20,48,-20,13,-20,5,-20,-20,-20,-20,-20,-20,-20,10,-20,-20,-20,9,3,-20,-20,-20,-20,-20,-20,20,-20,-20,-20,17,6,7,-20,-20,-20,-20,7,4,-20,7,-20,4,16,11,51,41,37,19,-20,27,-20,-20,14,79,-20,-20,32,-20,15,-20,13,25,16,-20,35,29,3,8,6,17,15,10,-20,13,-20,-20,-20,-20,5,15,-20,-20,5,-20,-20,-20,-20,-20,-20,14,-20,-20,-20,-20,13,-20,-20,-20,-20,11,8,16,-20,-20,5,-20,8,20,-20,-20,-20,-20,-20,-20,-20,-20,-20,-20,-20,30,-20,-20,-20,10,-20,-20,9,-20,24,17,16,11,22,12,-20,29,-20,-20,22,15,-20,-20,-20,13,-20,-20,-20,18,5,14,60,52,34,48,-20,14,9,25,13,22,7,-20,7,-20,9,-20,-20,-20,-20,-20,44,-20,-20,-20,-20,-20,4,-20,-20,34,38,-20,44,56,49,49,34,61,-20,-20,6,4,-20,-20,12,24,18,48,18,-20,6,12,7,30,12,-20,7,-20,43,11,17,41,-20,19,13,41,-20,-20,-20,23,7,-20,-20,-20,-20,6,6,-20,-20,-20,-20,-20,17,17,7,-20,15,-20,-20,-20,-20,9,-20,-20,10,-20,5,59,12,8,12,89,-20,2,-20,-20,10,-20,-20,-20,22,11,-20,13,-20,-20,9,-20,-20,-20,7,7,94,-20,-20,-20,-20,-20,-20,9,16,-20,15,-20,22,-20,9,-20,-20,-20,10,-20,8,9,3,8,-20,-20,8,35,-20,-20,-20,-20,26,7,-20,15,7,-20,8,-20,-20,-20,13,18,-20,8,15,13,-20,10,15,14,71,26,-20,9,5,-20,-20,-20,-20,-20,7,-20,15,-20,4,-20,-20,3,-20,-20,-20,5,15,-20,-20,-20,-20,14,61,41,-20,-20,9,-20,-20,-20,7,-20,8,-20,-20,4,-20,13,17,11,11,-20,11,-20,9,-20,9,8,47,-20,26,5,-20,-20,-20,-20,7,-20,36,29,36,43,13,45,45,2,-20,46,45,3,10,38,13,-20,-20,11,4,16,25,13,-20,11,-20,-20,-20,-20,7,-20,-20,17,-20,4,-20,4,-20,-20,-20,-20,-20,15,21,6,34,-20,-20,-20,-20,-20,-20,8,32,13,-20,7,18,-20,-20,16,-20,9,-20,-20,30,-20,23,44,46,23,31,37,4,29,3,-20,-20,-20,-20,-20,-20,-20,6,-20,11,-20,6,-20,-20,-20,-20,-20,-20,-20,-20,-20,-20,-20,15,12,14,12,13,13,-20,-20,-20,24,44,-20,-20,-20,-20,-20,-20,13,-20,28,29,-20,48,-20,-20,13,-20,18,59,27,-20,-20,8,-20,-20,-20,-20,-20,-20,22,42,-20,18,38,29,25,30,-20,-20,-20,-20,-20,11,20,29,-20,-20,-20,20,-20,5,-20,-20,8,12,6,5,12,-20,-20,-20,-20,-20,-20,2,-20,-20,-20,-20,27,9,-20,-20,14,-20,-20,-20,-20,-20,5,-20,-20,-20,-20,11,11,11,5,-20,-20,-20,10,11,-20,-20,10,10,7,-20,9,-20,6,8,-20,-20,-20,-20,-20,17,8,-20,-20,-20,-20,-20,-20,-20,-20,10,-20,13,-20,-20,-20,-20,-20,-20,12,-20,-20,-20,-20,10,-20,-20,8,-20,-20,10,-20,10,11,6,8,6,7,5,7,11,18,14,15,6,9,8,10,7,7,7,7,5,-20,-20,7,13,13,4,14,16,8,10,4,12,5,-20,-20,-20,-20,-20,-20,10,-20,5,-20,-20,-20,-20,-20,-20,19,4,5,8,4,6,-20,8,9,28,11,19,9,18,10,7,33,15,2,-20,22,-20,10,4,3,11,11,10,14,9,-20,11,-20,11,14,-20,4,8,-20,-20,-20,-20,-20,15,11,-20,3,7,-20,8,-20,-20,4,11,8,-20,-20,4,4,19,6,10,14,5,11,-20,7,7,12,-20,7,-20,8,-20,12,4,20,-20,-20,-20,16,-20,-20,-20,-20,13,12,-20,9,-20,9,-20,-20,-20,13,22,9,16,8,-20,-20,-20,-20,-20,14,10,20,-20,-20,-20,-20,-20,-20,-20,-20,20,-20,9,-20,15,13,-20,-20,14,8,-20,-20,-20,-20,-20,5,7,-20,-20,8,-20,-20,-20,-20,6,3,12,-20,-20,6,-20,-20,3,-20,-20,-20,-20,17,6,-20,-20,9,10,-20,-20,-20,-20,-20,11,-20,-20,-20,-20,8,-20,-20,-20,-20,-20,-20,8,-20,-20,-20,-20,-20,3,-20,-20,10,-20,-20,-20,6,-20,11,13,4,-20,-20,-20,-20,4,4,10,-20,-20,5,17,-20,-20,-20,14,-20,-20,4,8,5,-20,-20,3,-20,-20,-20,12,14,-20,-20,11,7,-20,6,-20,-20,-20,6,-20,-20,13,-20,-20,12,13,-20,-20,9,9,11,9,-20,-20,-20,-20,-20,5,7,3,9,5,-20,6,8,4,-20,6,9,-20,-20,-20,-20,-20,-20,3,6,8,-20,4,-20,-20,4,11,-20,-20,-20,4,-20,-20,-20,-20,11,-20,9,-20,16,22,-20,11,3,5,9,7,5,7,9,-20,-20,7,8,-20,4,-20,69,4,-20,29,21,22,19,39,62,35,47,51,-20,53,38,53,47,52
"chr4,4889571",-20,-20,-20,-20,-20,-20,-20,-20,-20,-20,-20,6,41,38,19,16,34,11,94,68,-20,-20,51,40,50,37,32,34,34,12,-20,14,10,-20,69,35,32,23,-20,-20,10,-20,-20,8,6,-20,-20,-20,6,12,-20,32,42,4,-20,-20,66,-20,26,29,27,30,29,19,31,34,24,56,49,20,33,27,17,25,26,68,22,8,12,16,14,17,24,-20,9,25,42,68,42,19,15,21,26,31,28,17,9,48,8,49,27,33,4,-20,22,48,-20,39,46,-20,8,-20,29,-20,9,8,-20,-20,3,4,-20,6,8,-20,-20,-20,-20,52,-20,14,-20,5,-20,-20,-20,-20,-20,-20,-20,9,-20,-20,-20,10,3,-20,-20,-20,-20,-20,-20,17,-20,-20,-20,16,6,7,-20,-20,-20,-20,6,-20,-20,7,-20,4,15,12,50,41,39,19,-20,28,-20,-20,14,81,-20,-20,30,-20,14,-20,11,29,17,-20,36,30,3,9,6,14,13,11,-20,14,-20,-20,-20,-20,-20,16,-20,-20,5,-20,-20,-20,-20,-20,-20,10,-20,-20,-20,-20,10,-20,-20,-20,-20,11,9,19,31,-20,6,-20,8,16,-20,-20,-20,-20,-20,-20,-20,-20,-20,-20,-20,-20,-20,-20,-20,10,-20,-20,10,-20,27,18,10,10,19,11,-20,27,-20,-20,25,14,16,-20,-20,11,-20,-20,-20,17,-20,14,59,52,35,50,-20,-20,-20,26,12,20,6,-20,-20,-20,-20,-20,-20,-20,-20,-20,42,-20,-20,-20,-20,-20,4,-20,-20,35,39,-20,43,56,45,46,33,59,-20,-20,5,3,-20,-20,12,23,19,48,19,-20,6,12,7,36,13,-20,7,-20,43,10,17,40,-20,18,14,39,-20,-20,-20,24,7,-20,-20,-20,-20,6,6,-20,-20,-20,-20,-20,17,14,7,-20,15,-20,-20,-20,-20,9,-20,-20,11,-20,5,60,12,8,12,93,-20,2,-20,-20,9,-20,-20,-20,22,11,-20,15,-20,-20,-20,-20,-20,-20,7,7,95,-20,-20,-20,-20,-20,-20,10,17,-20,16,-20,21,-20,10,-20,-20,-20,11,-20,9,9,3,7,-20,-20,8,34,-20,-20,-20,-20,26,7,-20,15,9,-20,8,-20,-20,-20,13,20,-20,8,16,13,-20,10,14,14,74,20,-20,9,6,-20,-20,-20,-20,-20,-20,-20,15,-20,-20,-20,-20,3,-20,-20,-20,5,17,-20,-20,-20,-20,13,62,39,-20,-20,10,-20,-20,-20,7,-20,8,-20,-20,-20,-20,11,16,13,11,-20,11,-20,9,-20,9,7,48,-20,26,5,-20,-20,-20,-20,6,-20,36,31,35,40,12,46,44,-20,-20,45,44,3,10,37,12,-20,-20,8,-20,17,25,13,-20,10,-20,-20,-20,-20,8,-20,-20,18,-20,3,-20,3,-20,-20,-20,-20,-20,15,20,6,33,-20,-20,-20,-20,-20,-20,7,33,13,-20,8,17,-20,-20,14,-20,9,-20,-20,30,-20,22,45,45,23,31,37,-20,28,3,-20,-20,-20,-20,-20,-20,8,6,-20,11,-20,6,-20,-20,-20,-20,-20,-20,-20,-20,-20,-20,-20,15,15,14,13,13,14,-20,-20,-20,23,40,9,-20,-20,4,-20,-20,12,-20,31,29,-20,47,-20,16,11,-20,17,57,27,-20,-20,-20,-20,-20,-20,-20,-20,-20,21,40,-20,16,39,28,-20,32,-20,-20,-20,-20,-20,5,21,29,-20,-20,-20,18,-20,4,-20,-20,-20,13,6,5,11,-20,-20,-20,-20,-20,-20,2,-20,-20,-20,-20,27,9,-20,3,13,-20,-20,-20,-20,-20,6,-20,-20,-20,-20,10,11,9,7,-20,-20,-20,10,11,-20,-20,10,9,7,-20,-20,-20,5,8,-20,-20,-20,-20,-20,14,9,-20,-20,-20,-20,-20,-20,-20,-20,8,-20,13,-20,-20,-20,-20,-20,-20,11,-20,-20,-20,-20,12,-20,-20,5,-20,-20,9,-20,-20,11,5,9,6,7,5,6,11,19,13,15,5,10,8,11,5,7,7,7,6,-20,-20,6,12,13,4,13,16,8,10,4,11,5,-20,-20,-20,-20,-20,-20,10,-20,6,-20,-20,-20,-20,-20,-20,21,4,5,8,4,6,-20,9,10,24,11,18,9,21,10,7,33,17,-20,-20,23,-20,10,4,-20,11,11,10,17,8,-20,12,-20,12,11,-20,5,8,-20,-20,-20,-20,-20,15,11,-20,3,7,-20,8,-20,-20,6,12,9,-20,-20,3,4,17,6,10,15,5,12,-20,6,6,11,-20,7,-20,8,-20,11,6,21,-20,-20,-20,16,-20,-20,-20,-20,12,13,-20,9,-20,8,-20,-20,-20,12,23,9,17,10,-20,-20,-20,-20,-20,13,11,21,-20,-20,-20,-20,-20,-20,-20,-20,19,-20,10,-20,15,13,-20,-20,14,10,-20,-20,-20,-20,-20,5,7,-20,-20,9,-20,-20,-20,-20,5,3,11,-20,-20,6,-20,-20,3,-20,-20,-20,-20,14,6,-20,-20,9,9,-20,-20,-20,-20,-20,11,-20,-20,-20,-20,7,-20,-20,-20,-20,-20,-20,8,-20,-20,-20,-20,-20,4,-20,-20,10,-20,-20,-20,6,-20,11,12,3,-20,-20,-20,-20,6,4,10,-20,-20,6,15,-20,-20,-20,15,-20,-20,4,9,6,-20,-20,-20,-20,-20,-20,13,12,-20,-20,12,6,-20,6,-20,-20,-20,7,-20,-20,12,-20,-20,12,12,-20,-20,8,10,-20,10,-20,-20,-20,-20,-20,6,8,3,10,6,8,5,-20,4,-20,4,-20,-20,3,-20,-20,-20,-20,3,6,8,-20,4,-20,-20,-20,13,-20,-20,-20,4,-20,-20,-20,-20,11,-20,9,-20,15,21,-20,12,-20,6,12,9,5,-20,9,-20,-20,7,8,-20,-20,-20,68,5,-20,30,19,22,19,-20,64,34,47,51,-20,50,36,53,44,49
"chr4,4889572",-20,-20,-20,-20,-20,-20,-20,-20,-20,-20,-20,6,40,36,19,17,33,11,94,67,-20,-20,51,41,49,36,33,34,34,12,-20,13,10,-20,67,34,34,23,-20,-20,10,-20,-20,9,9,-20,-20,-20,6,12,-20,29,39,4,-20,-20,66,-20,26,28,27,29,30,19,31,33,25,56,47,19,31,27,16,26,25,68,23,8,10,17,14,17,24,-20,9,25,41,68,41,19,17,21,24,30,29,17,9,49,8,50,25,36,4,-20,22,47,-20,38,47,-20,8,-20,29,-20,9,8,-20,-20,3,4,-20,6,8,-20,-20,-20,-20,52,-20,13,-20,5,-20,-20,-20,-20,-20,-20,-20,9,-20,-20,-20,10,3,-20,-20,-20,-20,-20,-20,18,-20,-20,-20,16,6,7,-20,-20,-20,-20,6,-20,-20,7,-20,4,16,12,51,43,39,19,-20,31,-20,-20,14,81,-20,-20,30,-20,13,-20,10,29,17,-20,35,31,3,8,6,14,13,12,-20,15,-20,-20,-20,-20,5,17,-20,-20,5,-20,-20,-20,-20,-20,-20,9,-20,-20,-20,-20,11,-20,-20,-20,-20,11,9,18,31,-20,6,-20,8,17,-20,-20,-20,-20,-20,-20,-20,-20,-20,-20,-20,28,-20,-20,-20,10,-20,-20,10,-20,27,18,10,10,19,11,-20,27,-20,-20,25,15,-20,-20,-20,12,-20,-20,-20,17,-20,14,58,44,31,48,-20,14,10,26,12,21,6,-20,8,-20,9,-20,-20,-20,-20,-20,44,-20,-20,-20,-20,-20,4,-20,-20,36,38,-20,42,57,46,45,35,60,-20,-20,6,5,-20,-20,12,22,20,50,20,-20,5,13,7,37,13,-20,7,-20,44,10,18,41,-20,17,14,40,-20,-20,-20,23,7,-20,-20,-20,-20,6,6,-20,-20,-20,-20,-20,17,14,7,-20,15,-20,-20,-20,-20,9,-20,-20,11,-20,5,61,12,8,12,93,-20,2,-20,-20,8,-20,-20,-20,22,11,-20,-20,-20,-20,10,-20,-20,-20,7,7,92,-20,-20,-20,-20,-20,-20,10,18,-20,16,-20,21,-20,11,-20,-20,-20,11,7,10,10,3,7,-20,-20,8,36,-20,-20,-20,-20,25,7,-20,16,-20,-20,8,-20,-20,-20,13,20,-20,8,16,13,-20,10,15,12,74,20,-20,9,6,-20,-20,-20,-20,-20,7,-20,15,-20,-20,-20,-20,3,-20,-20,-20,-20,17,-20,-20,-20,-20,13,61,40,-20,-20,10,-20,-20,-20,8,-20,8,-20,-20,-20,-20,11,17,-20,10,-20,11,-20,9,-20,9,7,49,-20,25,5,-20,-20,-20,-20,6,-20,36,31,36,40,11,47,44,-20,-20,45,44,3,10,37,13,-20,-20,8,5,16,24,13,-20,10,-20,-20,-20,-20,8,-20,-20,18,-20,3,-20,3,-20,-20,-20,-20,-20,15,20,5,30,-20,-20,-20,-20,-20,-20,7,32,12,-20,8,17,-20,-20,-20,-20,9,-20,-20,30,-20,22,46,45,22,30,38,-20,26,3,-20,-20,-20,-20,-20,-20,8,6,-20,11,-20,7,-20,-20,-20,-20,-20,-20,-20,-20,-20,-20,-20,14,15,14,14,13,14,-20,-20,-20,25,42,-20,-20,-20,4,-20,-20,12,-20,31,28,-20,47,-20,16,12,-20,17,57,26,-20,-20,6,-20,-20,-20,-20,-20,-20,20,41,-20,16,38,33,21,32,-20,-20,-20,-20,-20,5,22,31,-20,-20,-20,17,-20,4,-20,-20,8,13,6,5,11,-20,-20,-20,-20,-20,-20,2,-20,-20,-20,-20,27,9,-20,3,12,-20,-20,-20,-20,-20,6,-20,-20,-20,-20,10,11,9,8,-20,-20,-20,10,11,-20,-20,10,9,7,-20,10,-20,5,8,-20,-20,-20,-20,-20,14,10,-20,-20,-20,-20,-20,-20,-20,-20,9,-20,12,-20,-20,-20,-20,-20,-20,11,-20,-20,-20,-20,12,-20,-20,5,-20,-20,9,3,10,12,5,9,6,7,5,6,12,18,14,15,5,10,8,11,5,7,7,8,6,-20,-20,7,12,12,5,13,16,8,10,4,10,5,-20,-20,-20,-20,-20,-20,11,-20,6,-20,-20,-20,-20,-20,-20,21,4,5,8,4,6,-20,9,10,24,11,19,9,21,10,7,34,17,-20,-20,24,-20,10,4,-20,11,11,10,17,8,-20,12,-20,12,11,-20,6,8,-20,-20,-20,-20,-20,15,11,-20,3,7,-20,8,-20,-20,6,11,9,-20,-20,3,4,17,6,10,14,5,12,-20,6,6,13,-20,8,-20,8,-20,11,6,19,-20,-20,-20,16,-20,-20,-20,-20,12,13,-20,-20,-20,8,-20,-20,-20,11,21,9,17,10,-20,-20,-20,-20,-20,14,11,21,-20,-20,-20,-20,-20,-20,-20,-20,19,-20,10,-20,15,13,-20,-20,14,10,-20,-20,-20,-20,-20,5,7,-20,-20,9,-20,-20,-20,-20,5,3,13,-20,-20,6,-20,-20,3,-20,-20,-20,-20,13,6,-20,-20,9,8,-20,-20,-20,-20,-20,11,-20,-20,-20,-20,8,-20,-20,-20,-20,-20,-20,8,-20,-20,-20,-20,-20,4,-20,-20,10,-20,-20,-20,6,-20,11,12,3,-20,-20,-20,-20,6,4,11,-20,-20,6,15,-20,-20,-20,15,-20,-20,4,9,6,-20,-20,3,-20,-20,-20,13,12,-20,-20,12,6,-20,6,-20,-20,-20,7,-20,-20,12,-20,-20,12,15,-20,-20,8,10,-20,12,-20,-20,-20,-20,-20,6,9,3,10,6,8,5,-20,5,-20,5,11,-20,3,-20,-20,-20,-20,3,7,7,-20,4,-20,-20,5,12,-20,-20,-20,4,-20,-20,-20,-20,13,3,9,-20,19,19,-20,11,3,6,12,-20,-20,11,11,-20,-20,7,8,-20,6,-20,67,6,-20,30,21,22,18,37,63,33,47,51,-20,50,35,54,44,49
"chr4,4889575",-20,-20,-20,-20,-20,-20,-20,-20,-20,-20,-20,6,40,36,18,15,32,11,96,65,-20,-20,52,42,49,33,32,37,35,12,-20,13,11,-20,67,33,36,22,-20,-20,10,-20,-20,11,10,-20,3,-20,6,13,-20,30,40,4,3,-20,67,-20,26,28,28,29,32,19,31,33,24,56,49,18,32,27,16,26,25,67,24,-20,11,17,14,16,24,-20,10,26,41,69,41,20,19,21,25,32,32,18,9,50,8,53,26,35,4,-20,22,47,-20,36,45,-20,8,-20,29,-20,8,8,-20,-20,3,3,-20,6,9,-20,-20,-20,-20,48,-20,14,-20,5,-20,-20,-20,-20,-20,-20,-20,9,-20,-20,-20,9,3,-20,-20,-20,-20,-20,-20,18,-20,-20,-20,16,6,7,-20,-20,-20,-20,6,-20,-20,8,-20,5,17,12,54,40,41,19,-20,31,-20,-20,13,81,-20,-20,29,-20,13,-20,10,29,17,-20,36,31,3,8,4,15,12,12,-20,17,-20,-20,-20,-20,5,16,-20,-20,5,-20,-20,-20,-20,-20,-20,8,-20,-20,-20,-20,9,-20,-20,-20,-20,11,9,18,35,-20,6,-20,9,17,-20,-20,-20,-20,-20,-20,-20,-20,-20,-20,-20,28,-20,-20,4,9,-20,-20,10,-20,28,19,10,10,19,23,-20,26,-20,-20,26,16,18,-20,-20,14,-20,-20,-20,17,3,-20,62,46,30,49,-20,16,11,28,11,23,6,-20,8,-20,9,-20,-20,-20,-20,-20,45,-20,-20,-20,-20,-20,4,-20,-20,35,37,-20,41,58,45,44,34,59,-20,-20,6,5,-20,-20,11,25,19,46,-20,-20,4,13,7,31,12,-20,7,-20,44,9,19,40,-20,17,14,37,-20,-20,-20,22,8,-20,-20,-20,-20,6,6,-20,-20,-20,-20,-20,17,14,7,-20,15,-20,-20,-20,-20,9,-20,-20,10,-20,5,64,11,8,12,92,-20,2,-20,-20,8,-20,-20,-20,22,13,-20,21,-20,-20,11,-20,-20,-20,7,7,96,-20,-20,-20,-20,-20,-20,10,17,-20,17,-20,21,-20,11,-20,-20,-20,11,6,10,10,3,7,-20,-20,8,35,-20,-20,-20,-20,25,-20,-20,14,9,-20,8,-20,-20,-20,12,20,-20,7,16,13,-20,10,15,12,71,21,-20,9,6,-20,-20,-20,-20,-20,6,-20,15,-20,-20,-20,-20,3,-20,-20,-20,6,17,-20,-20,-20,-20,13,60,41,-20,-20,10,-20,-20,-20,9,-20,8,4,-20,-20,-20,13,16,13,10,-20,11,-20,9,-20,9,7,47,-20,24,5,-20,-20,-20,-20,8,-20,37,33,36,41,13,47,42,-20,-20,47,44,4,10,35,13,-20,-20,10,6,-20,24,13,-20,10,-20,-20,-20,-20,9,-20,-20,20,-20,3,-20,3,-20,-20,-20,-20,-20,13,20,5,30,-20,-20,-20,-20,-20,-20,6,31,13,-20,7,17,-20,-20,15,-20,8,-20,-20,29,-20,23,46,47,19,31,39,3,29,3,-20,-20,-20,-20,-20,-20,10,7,-20,10,-20,8,-20,3,-20,-20,-20,-20,-20,-20,-20,-20,-20,14,15,17,14,15,15,-20,-20,-20,24,41,9,-20,-20,4,-20,-20,10,-20,31,27,-20,47,-20,14,15,-20,17,61,27,-20,-20,6,-20,-20,-20,-20,-20,-20,21,42,-20,17,38,32,23,33,-20,-20,-20,-20,-20,6,24,32,-20,-20,-20,19,-20,3,-20,-20,8,14,6,6,12,-20,-20,-20,-20,-20,-20,-20,-20,-20,-20,-20,26,-20,-20,3,12,-20,-20,-20,-20,-20,7,-20,-20,-20,-20,10,10,8,8,-20,-20,-20,10,10,-20,-20,10,9,7,-20,10,-20,5,10,-20,-20,-20,-20,-20,16,9,-20,-20,-20,-20,-20,-20,-20,-20,8,-20,14,-20,-20,-20,-20,-20,-20,10,-20,-20,-20,-20,14,-20,-20,5,-20,-20,8,3,-20,12,4,10,6,7,5,7,12,20,15,13,5,11,10,12,6,7,7,8,6,-20,-20,7,12,12,5,13,14,8,13,4,10,6,-20,-20,-20,-20,-20,-20,12,-20,6,-20,-20,-20,-20,-20,-20,22,4,5,8,4,6,-20,8,11,25,11,21,12,24,10,8,38,18,-20,-20,26,-20,10,4,2,14,11,13,17,8,-20,12,-20,12,15,-20,4,8,-20,-20,-20,-20,-20,16,11,-20,3,6,-20,8,-20,-20,6,12,10,-20,-20,3,4,16,7,9,16,5,11,-20,6,7,13,-20,-20,-20,8,-20,9,6,21,-20,-20,-20,15,-20,-20,-20,-20,12,13,-20,8,-20,9,-20,-20,-20,13,22,9,16,10,-20,-20,-20,-20,-20,17,11,26,-20,-20,-20,-20,-20,-20,-20,-20,18,-20,9,-20,16,13,-20,-20,16,10,-20,-20,-20,-20,-20,5,7,-20,-20,9,-20,-20,-20,-20,5,3,15,3,-20,7,-20,-20,5,-20,-20,-20,-20,14,8,-20,-20,-20,8,-20,-20,-20,-20,-20,11,-20,-20,-20,-20,8,-20,-20,-20,-20,-20,-20,9,-20,-20,-20,-20,-20,4,-20,-20,10,-20,-20,-20,-20,-20,12,12,5,-20,-20,-20,-20,6,5,11,-20,-20,6,15,-20,-20,-20,16,-20,-20,4,9,6,-20,-20,3,-20,-20,-20,16,12,-20,-20,12,7,-20,8,-20,-20,-20,8,-20,-20,13,-20,-20,12,13,-20,-20,7,10,11,11,-20,-20,-20,-20,-20,7,8,3,12,6,11,6,11,5,-20,5,11,-20,4,-20,-20,-20,-20,3,5,5,-20,3,-20,-20,7,13,-20,6,-20,4,-20,-20,-20,-20,11,-20,10,-20,17,20,-20,13,-20,6,12,10,7,12,11,-20,3,7,8,-20,7,-20,68,6,-20,29,21,21,20,38,61,35,42,51,-20,49,37,53,42,49
"chr4,4889576",-20,-20,-20,-20,-20,-20,-20,-20,-20,-20,-20,6,39,37,16,15,28,11,92,60,-20,-20,49,40,47,30,31,37,35,11,3,13,11,-20,66,35,35,24,-20,-20,10,-20,-20,10,10,-20,3,-20,7,13,-20,28,39,4,3,-20,67,-20,25,28,29,29,32,19,30,33,23,56,45,18,31,26,16,26,26,64,24,8,11,17,14,16,23,-20,10,27,41,63,40,20,-20,20,26,31,32,17,9,50,8,50,27,36,4,-20,22,46,-20,37,45,-20,8,-20,29,-20,8,7,-20,-20,-20,3,-20,6,9,-20,-20,-20,-20,46,-20,14,-20,5,-20,-20,-20,-20,-20,-20,-20,9,-20,-20,-20,9,3,-20,-20,-20,-20,-20,-20,18,-20,-20,-20,16,5,7,-20,-20,-20,-20,6,-20,-20,8,-20,5,16,12,55,42,41,19,-20,31,-20,-20,12,79,-20,-20,29,-20,12,-20,10,29,17,-20,35,30,3,8,4,15,13,11,-20,16,-20,-20,-20,-20,5,16,-20,-20,5,-20,-20,-20,-20,-20,-20,8,-20,-20,-20,-20,9,-20,-20,-20,-20,11,9,20,33,-20,6,-20,9,16,-20,-20,-20,-20,-20,-20,-20,-20,-20,-20,-20,27,-20,-20,4,10,-20,-20,10,-20,28,19,10,10,19,23,-20,26,-20,-20,26,16,-20,-20,-20,14,-20,-20,-20,16,3,13,61,45,28,47,-20,-20,-20,27,11,22,7,-20,-20,-20,9,-20,-20,-20,-20,-20,47,-20,-20,-20,-20,-20,4,-20,-20,35,37,-20,41,54,47,43,33,58,-20,-20,6,5,-20,-20,11,26,19,46,19,-20,5,14,7,34,11,-20,7,-20,45,9,19,41,-20,17,14,36,-20,-20,-20,22,8,-20,-20,-20,-20,6,6,-20,-20,-20,-20,-20,17,14,7,-20,15,-20,-20,-20,-20,8,-20,-20,10,-20,5,65,11,8,12,93,-20,2,-20,-20,8,-20,-20,-20,21,14,-20,22,-20,-20,11,-20,-20,-20,7,7,94,-20,-20,-20,-20,-20,-20,10,18,-20,16,-20,20,-20,11,-20,-20,-20,11,6,10,10,4,7,-20,-20,8,36,-20,-20,-20,-20,23,10,-20,14,9,-20,9,-20,-20,-20,12,20,-20,7,15,13,-20,10,16,12,69,21,-20,10,6,-20,-20,-20,-20,-20,6,-20,15,-20,-20,-20,-20,3,-20,-20,-20,6,17,-20,-20,-20,-20,13,55,41,-20,-20,10,-20,-20,-20,10,-20,8,4,-20,-20,-20,13,16,13,10,-20,11,-20,9,-20,9,7,48,-20,24,5,-20,-20,-20,-20,8,-20,38,33,36,41,13,45,45,-20,-20,45,44,4,10,37,13,-20,-20,10,-20,17,24,13,-20,10,-20,-20,-20,-20,9,-20,-20,20,-20,3,-20,3,-20,-20,-20,-20,-20,13,20,5,28,-20,-20,-20,-20,-20,-20,6,32,13,-20,7,17,-20,-20,15,-20,8,-20,-20,28,-20,24,44,47,18,32,39,3,28,-20,-20,-20,-20,-20,-20,-20,10,7,-20,11,-20,8,-20,3,-20,-20,-20,-20,-20,-20,-20,-20,-20,13,14,17,14,15,15,-20,-20,-20,24,40,-20,-20,-20,4,-20,-20,11,-20,31,27,-20,47,-20,15,15,-20,17,59,28,-20,-20,6,-20,-20,-20,-20,-20,-20,20,38,-20,17,38,30,20,34,-20,-20,-20,-20,-20,6,24,31,-20,-20,-20,17,-20,3,-20,-20,8,14,6,6,12,-20,-20,-20,-20,-20,-20,-20,-20,-20,-20,-20,26,9,-20,3,12,-20,-20,-20,-20,-20,7,-20,-20,-20,-20,10,10,8,8,-20,-20,-20,10,10,-20,-20,10,9,7,-20,10,-20,5,10,-20,-20,-20,-20,-20,16,10,-20,-20,-20,-20,-20,-20,-20,-20,9,-20,13,-20,-20,-20,-20,-20,-20,10,-20,-20,-20,-20,14,-20,-20,5,-20,-20,8,3,9,12,4,10,6,7,5,7,12,20,15,12,5,11,10,12,6,7,-20,8,6,-20,-20,7,12,12,5,11,15,8,13,4,10,6,-20,-20,-20,-20,-20,-20,12,-20,6,-20,-20,-20,-20,-20,-20,22,4,5,8,4,6,-20,8,10,25,11,21,12,23,10,8,38,18,-20,-20,26,-20,10,4,2,14,11,13,17,8,-20,13,-20,12,15,-20,4,8,-20,-20,-20,-20,-20,16,11,-20,3,6,-20,8,-20,-20,6,11,10,-20,-20,3,4,16,7,9,16,5,10,-20,6,7,12,-20,10,-20,8,-20,9,6,21,-20,-20,-20,15,-20,-20,-20,-20,12,13,-20,8,-20,10,-20,-20,-20,13,19,9,16,10,-20,-20,-20,-20,-20,-20,11,26,-20,-20,-20,-20,-20,-20,-20,-20,18,-20,-20,-20,14,13,-20,-20,15,10,-20,-20,-20,-20,-20,5,7,-20,-20,9,-20,-20,-20,-20,5,3,15,3,-20,7,-20,-20,5,-20,-20,-20,-20,14,8,-20,-20,9,8,-20,-20,-20,-20,-20,11,-20,-20,-20,-20,-20,-20,-20,-20,-20,-20,-20,9,-20,-20,-20,-20,-20,4,-20,-20,10,-20,-20,-20,-20,-20,12,11,5,-20,-20,-20,-20,6,4,11,-20,-20,5,15,-20,-20,-20,16,-20,-20,4,9,6,-20,-20,3,-20,-20,-20,16,12,-20,-20,12,7,-20,8,-20,-20,-20,-20,-20,-20,12,-20,-20,12,13,-20,-20,7,10,11,10,5,-20,-20,-20,-20,7,8,3,14,5,10,6,10,5,-20,4,12,-20,4,-20,-20,-20,-20,3,3,7,-20,3,-20,-20,7,13,-20,-20,-20,4,-20,-20,-20,-20,13,-20,9,-20,19,20,-20,12,-20,6,9,-20,4,12,12,-20,3,7,8,-20,7,-20,68,6,-20,28,20,23,20,39,62,34,43,51,-20,47,36,53,42,49
"chr4,4889581",-20,-20,-20,-20,-20,-20,-20,-20,-20,-20,-20,7,40,38,18,17,30,11,91,58,-20,-20,49,43,53,34,31,41,35,15,4,12,10,-20,65,36,34,24,-20,-20,10,-20,-20,11,-20,-20,4,-20,6,12,-20,29,39,4,3,-20,73,-20,25,32,31,30,33,19,30,33,25,55,44,18,31,27,14,28,26,63,24,8,10,16,10,19,24,-20,10,28,41,70,42,19,21,20,25,31,33,21,9,51,8,49,28,40,4,-20,23,49,-20,33,41,-20,9,-20,30,-20,10,6,-20,-20,3,3,-20,6,9,-20,-20,-20,-20,44,-20,13,-20,4,-20,3,-20,-20,-20,-20,-20,9,-20,-20,-20,9,3,-20,-20,-20,-20,-20,-20,17,-20,-20,-20,16,6,7,-20,-20,-20,-20,6,-20,-20,-20,-20,6,17,12,-20,37,-20,-20,-20,31,-20,-20,13,79,-20,-20,-20,-20,14,-20,8,31,20,-20,24,29,3,8,4,14,16,10,-20,23,-20,-20,-20,-20,-20,17,-20,-20,5,-20,-20,-20,-20,-20,-20,12,-20,-20,-20,-20,9,-20,-20,-20,-20,12,10,23,32,-20,6,-20,9,16,-20,-20,-20,-20,-20,-20,-20,-20,-20,-20,-20,26,-20,-20,-20,13,-20,-20,12,-20,-20,19,10,11,19,22,-20,27,-20,-20,24,16,18,-20,-20,15,-20,-20,-20,16,-20,-20,-20,-20,-20,-20,-20,16,8,25,11,23,9,6,7,-20,-20,-20,-20,-20,-20,-20,50,-20,-20,-20,-20,-20,5,-20,-20,34,36,-20,41,57,47,46,35,58,-20,-20,6,-20,-20,-20,10,28,19,54,15,-20,4,-20,7,-20,11,-20,7,-20,44,8,20,40,-20,20,15,35,-20,-20,-20,24,9,-20,-20,-20,-20,6,5,-20,-20,-20,-20,-20,17,13,7,-20,13,-20,-20,-20,-20,7,-20,-20,8,-20,6,64,12,8,12,101,-20,2,-20,-20,8,-20,-20,-20,19,12,-20,24,-20,-20,10,-20,-20,-20,6,5,93,-20,-20,-20,-20,-20,-20,10,16,-20,16,-20,20,-20,11,-20,-20,-20,13,6,10,11,-20,7,-20,-20,7,38,-20,-20,-20,-20,24,8,-20,14,11,-20,10,-20,-20,-20,10,21,-20,8,13,13,-20,10,16,13,69,22,-20,10,7,-20,-20,-20,-20,-20,6,-20,11,-20,5,-20,-20,3,-20,-20,-20,4,19,-20,-20,-20,-20,13,59,41,-20,-20,11,-20,-20,-20,10,-20,7,4,-20,8,5,16,17,13,11,-20,11,-20,8,-20,7,7,50,-20,22,5,-20,-20,-20,-20,9,-20,40,34,38,43,15,48,45,-20,-20,47,43,3,8,37,11,-20,-20,9,6,18,23,12,-20,-20,-20,-20,-20,-20,11,-20,-20,19,-20,3,-20,3,-20,-20,-20,-20,-20,13,21,4,28,-20,-20,-20,-20,-20,-20,6,-20,12,-20,7,18,-20,-20,20,-20,-20,-20,-20,30,-20,23,48,48,20,30,37,4,-20,3,-20,-20,-20,-20,-20,-20,10,7,-20,11,-20,6,-20,3,-20,-20,-20,-20,-20,-20,-20,-20,-20,12,14,15,15,15,15,-20,-20,-20,29,41,10,-20,-20,4,-20,-20,9,-20,-20,-20,-20,48,-20,15,15,-20,17,67,35,-20,-20,-20,-20,-20,-20,-20,-20,-20,23,43,-20,17,39,31,26,36,-20,-20,-20,-20,-20,4,24,32,-20,-20,-20,13,-20,4,-20,-20,8,14,4,6,13,-20,-20,-20,-20,-20,-20,-20,-20,-20,-20,-20,22,8,-20,3,12,-20,-20,-20,-20,-20,7,-20,-20,-20,-20,8,10,7,8,-20,-20,-20,10,9,-20,-20,11,9,7,-20,9,-20,5,11,-20,-20,-20,-20,-20,15,10,-20,-20,-20,-20,-20,-20,-20,-20,8,-20,15,-20,-20,-20,-20,-20,-20,9,-20,-20,-20,-20,13,-20,-20,5,-20,-20,6,3,7,12,3,8,6,-20,5,8,11,19,15,10,5,10,9,11,6,7,-20,8,5,-20,-20,7,12,16,-20,-20,14,6,12,4,9,6,-20,-20,-20,-20,-20,-20,11,-20,6,-20,-20,-20,-20,-20,-20,21,4,5,6,4,5,-20,8,10,23,11,19,13,21,8,8,35,18,-20,-20,29,-20,10,-20,2,14,12,12,16,9,-20,13,-20,12,13,-20,5,9,-20,-20,-20,-20,-20,15,11,-20,3,7,-20,8,-20,-20,6,12,9,-20,-20,3,4,16,7,8,15,5,9,-20,5,7,11,-20,9,-20,8,3,9,7,19,-20,-20,-20,18,-20,-20,-20,-20,11,13,-20,9,-20,11,-20,-20,-20,13,21,8,15,9,-20,-20,-20,-20,-20,17,12,26,-20,-20,-20,-20,-20,-20,-20,-20,18,-20,9,-20,15,13,-20,-20,12,-20,-20,-20,-20,-20,-20,5,6,-20,-20,9,-20,-20,-20,-20,5,-20,14,3,-20,6,-20,-20,-20,-20,-20,-20,-20,15,7,-20,-20,10,9,-20,-20,-20,-20,-20,9,-20,-20,-20,-20,9,-20,-20,-20,-20,-20,-20,9,-20,-20,-20,-20,-20,4,-20,-20,10,-20,-20,-20,7,-20,11,11,5,-20,-20,-20,-20,5,4,11,-20,-20,5,17,-20,-20,-20,16,-20,-20,4,9,-20,-20,-20,3,-20,-20,-20,17,12,-20,-20,15,7,-20,9,-20,-20,-20,9,-20,-20,9,-20,-20,12,18,-20,-20,8,11,14,12,-20,-20,-20,-20,-20,7,8,5,14,4,11,6,12,6,-20,5,11,-20,8,-20,-20,-20,-20,3,4,6,14,3,10,-20,8,13,-20,7,-20,4,-20,-20,-20,-20,13,-20,8,-20,14,16,-20,13,-20,6,11,8,7,13,11,-20,5,11,8,-20,6,-20,64,-20,-20,28,19,22,23,36,58,32,43,38,-20,50,34,51,42,49
"chr4,4889583",-20,-20,-20,-20,-20,-20,-20,-20,-20,-20,-20,8,38,37,17,17,29,11,92,57,-20,-20,48,43,56,34,31,40,34,14,4,12,9,-20,63,38,35,25,-20,-20,10,-20,-20,11,-20,-20,4,-20,6,11,-20,25,36,4,3,-20,77,-20,26,31,31,29,34,19,30,34,24,54,47,18,31,26,14,29,26,62,24,8,10,17,10,17,24,-20,10,27,41,70,42,19,21,20,24,31,33,21,9,50,8,48,27,40,4,-20,21,50,-20,32,40,-20,9,-20,29,-20,10,6,-20,-20,-20,3,-20,6,9,-20,-20,-20,-20,43,-20,13,-20,4,-20,-20,-20,-20,-20,-20,-20,9,-20,-20,-20,9,3,-20,-20,-20,-20,-20,-20,17,-20,-20,-20,17,6,7,-20,-20,-20,-20,5,3,-20,-20,-20,-20,15,12,-20,35,-20,-20,3,29,-20,-20,13,78,-20,-20,-20,-20,16,-20,7,32,20,-20,22,33,4,8,4,13,15,-20,-20,23,-20,-20,-20,-20,-20,17,-20,-20,5,-20,-20,-20,-20,-20,-20,11,-20,-20,-20,-20,-20,-20,-20,-20,-20,13,10,22,30,-20,6,-20,9,14,-20,-20,-20,-20,-20,-20,-20,-20,-20,-20,-20,22,-20,-20,-20,12,-20,-20,11,-20,-20,18,10,12,19,24,-20,27,-20,-20,20,16,18,-20,-20,16,-20,-20,-20,15,-20,-20,-20,-20,-20,-20,-20,14,8,25,11,22,10,7,9,-20,10,-20,-20,-20,-20,-20,51,-20,-20,-20,-20,-20,5,-20,-20,34,36,-20,40,58,48,45,34,55,-20,-20,6,-20,-20,-20,10,27,18,53,14,-20,4,-20,7,-20,11,-20,6,-20,45,7,20,37,-20,20,16,33,-20,-20,-20,24,8,-20,-20,-20,-20,6,5,-20,-20,-20,-20,-20,17,15,7,-20,14,-20,-20,-20,-20,8,-20,-20,8,-20,6,62,12,9,12,99,-20,3,-20,-20,7,-20,-20,-20,17,11,-20,-20,-20,-20,-20,-20,-20,-20,6,4,94,-20,-20,-20,-20,-20,-20,10,16,-20,15,-20,20,-20,11,-20,-20,-20,11,6,10,11,-20,7,-20,-20,8,38,-20,-20,-20,-20,24,7,-20,14,-20,-20,10,-20,-20,-20,9,21,-20,8,13,13,-20,9,16,13,70,20,-20,9,6,-20,-20,-20,-20,-20,-20,-20,10,-20,-20,-20,-20,3,-20,-20,-20,4,19,-20,-20,-20,-20,12,58,40,-20,-20,10,-20,-20,-20,10,-20,7,-20,-20,8,-20,18,17,-20,11,-20,10,-20,10,-20,7,7,51,-20,22,5,-20,-20,-20,-20,9,-20,39,35,38,43,15,48,43,-20,-20,46,44,-20,8,34,10,-20,-20,9,6,15,22,10,-20,10,-20,-20,-20,-20,12,-20,-20,19,-20,3,-20,3,-20,-20,-20,-20,-20,12,17,4,26,-20,-20,-20,-20,-20,-20,6,-20,12,-20,7,19,-20,-20,21,-20,-20,-20,-20,30,-20,22,48,48,21,29,38,4,-20,-20,-20,-20,-20,-20,-20,-20,9,7,-20,11,-20,6,-20,3,-20,-20,-20,-20,-20,-20,-20,-20,-20,12,14,15,15,15,13,-20,-20,-20,30,40,-20,-20,-20,4,-20,-20,10,-20,-20,-20,-20,51,-20,15,18,-20,17,67,35,-20,-20,-20,-20,-20,-20,-20,-20,-20,26,42,-20,17,39,28,28,37,-20,-20,-20,-20,-20,5,23,32,-20,-20,-20,13,-20,4,-20,-20,-20,13,4,6,12,-20,-20,-20,-20,-20,-20,-20,-20,-20,-20,-20,25,8,-20,3,10,-20,-20,-20,-20,-20,7,-20,-20,-20,-20,7,9,7,8,-20,-20,-20,9,9,-20,-20,11,9,7,-20,-20,-20,5,10,-20,-20,-20,-20,-20,14,10,-20,-20,-20,-20,-20,-20,-20,-20,7,-20,15,-20,-20,-20,-20,-20,-20,-20,-20,-20,-20,-20,13,-20,-20,-20,-20,-20,6,3,-20,10,3,8,6,-20,6,8,11,19,15,10,5,8,9,11,6,8,6,9,5,-20,-20,7,11,15,-20,-20,13,6,12,4,9,6,-20,-20,-20,-20,-20,-20,10,-20,6,-20,-20,-20,-20,-20,-20,21,4,5,6,4,5,-20,8,10,23,11,19,13,21,8,8,35,20,-20,-20,28,-20,10,-20,2,14,11,12,16,9,-20,13,-20,12,13,-20,-20,9,-20,-20,-20,-20,-20,17,11,-20,3,7,-20,8,-20,-20,6,12,10,-20,-20,3,4,14,7,8,16,5,9,-20,6,7,-20,-20,9,-20,8,3,9,7,18,-20,-20,-20,16,-20,-20,-20,-20,12,13,-20,9,-20,11,-20,-20,-20,12,20,8,16,9,-20,-20,-20,-20,-20,16,12,25,-20,-20,-20,-20,-20,-20,-20,-20,-20,-20,9,-20,16,13,-20,-20,12,-20,-20,-20,-20,-20,-20,5,5,-20,-20,9,-20,-20,-20,-20,5,-20,-20,3,-20,6,-20,-20,-20,-20,-20,-20,-20,15,7,-20,-20,9,9,-20,-20,-20,-20,-20,9,-20,-20,-20,-20,11,-20,-20,-20,-20,-20,-20,9,-20,-20,-20,-20,-20,4,-20,-20,-20,-20,-20,-20,-20,-20,11,11,5,-20,-20,-20,-20,5,4,11,-20,-20,5,18,-20,-20,-20,16,-20,-20,3,9,-20,-20,-20,3,-20,-20,-20,17,12,-20,-20,16,7,-20,9,-20,-20,-20,10,-20,-20,9,-20,-20,12,18,-20,-20,7,11,-20,-20,-20,-20,-20,-20,-20,-20,8,4,11,5,12,7,-20,-20,-20,5,-20,-20,-20,-20,-20,-20,-20,3,4,-20,-20,3,-20,-20,-20,12,-20,-20,-20,3,-20,-20,-20,-20,-20,-20,-20,-20,-20,16,-20,-20,-20,-20,-20,-20,-20,-20,11,-20,-20,-20,-20,-20,-20,-20,64,-20,-20,28,-20,23,23,-20,60,32,43,38,-20,52,33,50,43,49
"chr4,4889585",-20,-20,-20,-20,-20,-20,-20,-20,-20,-20,-20,8,38,37,17,20,30,11,92,59,-20,-20,49,43,54,34,28,39,34,14,4,10,9,-20,59,37,35,25,-20,-20,9,-20,-20,11,-20,-20,5,-20,5,11,-20,25,39,4,3,-20,77,-20,25,32,33,29,33,19,30,34,24,54,48,18,29,27,14,27,26,63,24,8,10,16,8,17,24,-20,10,27,41,70,41,20,22,19,23,32,35,22,7,50,8,51,28,41,5,-20,23,51,-20,32,39,-20,9,-20,29,-20,10,5,-20,-20,-20,-20,-20,6,9,-20,-20,-20,-20,40,-20,12,-20,3,-20,-20,-20,-20,-20,-20,-20,8,-20,-20,-20,9,3,-20,-20,-20,-20,-20,-20,17,-20,-20,-20,16,6,7,-20,-20,-20,-20,-20,-20,-20,-20,-20,-20,14,9,-20,35,-20,-20,3,29,-20,-20,13,79,-20,-20,-20,-20,16,-20,8,32,21,-20,24,34,4,8,4,13,16,10,-20,23,-20,-20,-20,-20,-20,15,-20,-20,5,-20,-20,-20,-20,-20,-20,13,-20,-20,-20,-20,10,-20,-20,-20,-20,13,10,22,29,-20,-20,-20,9,15,-20,-20,-20,-20,-20,-20,-20,-20,-20,-20,-20,24,-20,-20,-20,12,-20,-20,12,-20,-20,17,11,12,19,24,-20,27,-20,-20,20,16,18,-20,-20,15,-20,-20,-20,15,-20,-20,-20,-20,-20,46,-20,14,8,25,10,24,-20,7,9,-20,11,-20,-20,-20,-20,-20,50,-20,-20,-20,-20,-20,5,-20,-20,34,38,-20,40,59,47,46,35,55,-20,-20,5,-20,-20,-20,10,27,19,48,14,-20,4,-20,7,-20,11,-20,6,-20,42,7,20,37,-20,22,15,34,-20,-20,-20,24,8,-20,-20,-20,-20,5,4,-20,-20,-20,-20,-20,17,14,6,-20,12,-20,-20,-20,-20,8,-20,-20,8,-20,6,59,10,9,12,96,-20,3,-20,-20,6,-20,-20,-20,17,12,-20,24,-20,-20,10,-20,-20,-20,6,6,95,-20,-20,-20,-20,-20,-20,10,15,-20,15,-20,22,-20,11,-20,-20,-20,11,5,-20,11,-20,7,-20,-20,8,38,-20,-20,-20,-20,24,6,-20,14,12,-20,10,-20,-20,-20,9,20,-20,8,15,13,-20,10,15,14,70,21,-20,9,6,-20,-20,-20,-20,-20,7,-20,10,-20,-20,-20,-20,3,-20,-20,-20,4,19,-20,-20,-20,-20,12,56,39,-20,-20,10,-20,-20,-20,9,-20,7,4,-20,7,5,17,17,14,11,-20,10,-20,9,-20,7,7,49,-20,22,6,-20,-20,-20,-20,9,-20,39,32,40,42,14,49,41,-20,-20,44,44,-20,7,33,11,-20,-20,10,-20,-20,23,11,-20,10,-20,-20,-20,-20,13,-20,-20,18,-20,4,-20,3,-20,-20,-20,-20,-20,12,18,4,26,-20,-20,-20,-20,-20,-20,6,-20,13,-20,7,20,-20,-20,21,-20,-20,-20,-20,28,-20,21,46,50,21,31,36,4,-20,3,-20,-20,-20,-20,-20,-20,9,7,-20,9,-20,6,-20,3,-20,-20,-20,-20,-20,-20,-20,-20,-20,11,13,14,14,15,12,-20,-20,-20,28,38,11,-20,-20,4,-20,-20,10,-20,-20,-20,-20,52,-20,15,18,-20,17,66,-20,-20,-20,-20,-20,-20,-20,-20,-20,-20,27,42,-20,15,39,27,25,37,-20,-20,-20,-20,-20,7,24,32,-20,-20,-20,13,-20,4,-20,-20,6,13,-20,7,12,-20,-20,-20,-20,-20,-20,-20,-20,-20,-20,-20,22,7,-20,3,10,-20,-20,-20,-20,-20,5,-20,-20,-20,-20,6,9,7,8,-20,-20,-20,9,9,-20,-20,11,10,6,-20,10,-20,-20,11,-20,-20,-20,-20,-20,14,11,-20,-20,-20,-20,-20,-20,-20,-20,7,-20,16,-20,-20,-20,-20,-20,-20,8,-20,-20,-20,-20,13,-20,-20,5,-20,-20,-20,3,7,11,3,8,6,-20,6,7,11,17,15,11,5,7,9,11,5,8,5,8,5,-20,-20,7,10,15,-20,-20,11,7,12,4,8,6,-20,-20,-20,-20,-20,-20,11,-20,6,-20,-20,-20,-20,-20,-20,20,-20,5,6,5,5,-20,8,9,22,11,17,12,21,6,8,35,19,-20,-20,27,-20,10,-20,2,12,11,11,16,9,-20,13,-20,12,11,-20,5,9,-20,-20,-20,-20,-20,16,10,-20,3,7,-20,8,-20,-20,5,13,9,-20,-20,-20,4,14,7,8,17,5,11,-20,5,6,10,-20,9,-20,8,3,9,7,18,-20,-20,-20,16,-20,-20,-20,-20,11,13,-20,9,-20,10,-20,-20,-20,14,19,8,15,8,-20,-20,-20,-20,-20,15,12,25,-20,-20,-20,-20,-20,-20,-20,-20,13,-20,8,-20,17,12,-20,-20,11,-20,-20,-20,-20,-20,-20,5,5,-20,-20,10,-20,-20,-20,-20,5,-20,12,3,-20,6,-20,-20,-20,-20,-20,-20,-20,15,7,-20,-20,9,8,-20,-20,-20,-20,-20,8,-20,-20,-20,-20,10,-20,-20,-20,-20,-20,-20,9,-20,-20,-20,-20,-20,5,-20,-20,8,-20,-20,-20,6,-20,10,10,5,-20,-20,-20,-20,5,4,10,-20,-20,5,-20,-20,-20,-20,14,-20,-20,3,9,6,-20,-20,3,-20,-20,-20,16,9,-20,-20,15,7,-20,8,-20,-20,-20,11,-20,-20,7,-20,-20,12,-20,-20,-20,7,11,13,12,-20,-20,-20,-20,-20,4,7,4,13,4,12,7,11,7,-20,4,14,3,7,-20,-20,-20,-20,2,4,7,-20,-20,11,-20,7,13,-20,-20,-20,-20,-20,-20,-20,-20,10,-20,8,-20,14,16,-20,11,-20,7,10,5,6,15,10,-20,6,7,9,-20,-20,-20,63,-20,-20,25,20,23,23,35,62,33,50,38,-20,54,32,50,41,48
"chr4,4889588",-20,-20,-20,-20,-20,-20,-20,-20,-20,-20,-20,11,39,36,16,20,31,11,91,59,-20,-20,50,43,55,35,31,37,35,14,4,12,9,-20,57,38,36,25,-20,-20,9,-20,-20,13,14,-20,7,-20,5,13,-20,29,44,4,3,-20,76,-20,25,33,34,30,35,18,31,35,23,53,46,18,30,27,-20,27,25,62,24,7,-20,13,8,17,24,-20,9,29,40,68,40,21,22,19,22,34,32,22,-20,47,7,50,25,39,5,-20,26,50,-20,34,40,-20,11,-20,29,4,9,6,-20,-20,-20,-20,-20,7,9,-20,-20,-20,-20,39,-20,11,-20,5,-20,-20,-20,-20,-20,-20,-20,8,-20,-20,-20,9,3,-20,-20,-20,-20,-20,-20,17,-20,-20,-20,16,5,8,-20,-20,-20,-20,-20,-20,-20,-20,-20,6,14,10,58,41,39,20,3,32,-20,-20,12,78,-20,-20,25,-20,14,-20,8,35,21,3,24,38,4,8,4,18,20,9,-20,23,-20,-20,-20,-20,-20,17,-20,-20,6,-20,-20,-20,-20,-20,-20,13,-20,-20,-20,-20,10,-20,-20,-20,-20,14,11,27,30,-20,8,-20,8,14,-20,-20,-20,-20,-20,-20,-20,-20,-20,-20,-20,24,-20,-20,5,11,-20,-20,13,-20,21,15,10,12,22,23,-20,27,-20,-20,20,15,18,-20,-20,14,-20,-20,-20,19,-20,11,66,46,29,56,-20,14,8,26,12,24,10,7,10,-20,12,-20,-20,-20,-20,-20,52,-20,-20,-20,-20,-20,4,-20,-20,33,38,-20,43,59,49,44,37,56,-20,-20,4,6,-20,-20,10,28,19,51,14,-20,4,15,8,27,11,-20,6,-20,45,7,20,37,-20,22,15,33,-20,-20,-20,24,8,-20,-20,-20,-20,6,4,-20,-20,-20,-20,-20,19,13,7,-20,12,-20,-20,-20,-20,8,-20,-20,7,-20,6,55,10,10,12,103,-20,3,-20,-20,7,-20,-20,-20,17,10,-20,25,-20,-20,11,-20,-20,-20,5,6,93,-20,-20,-20,-20,-20,-20,9,18,-20,15,-20,22,-20,10,-20,-20,-20,12,5,9,11,-20,9,-20,-20,9,39,-20,-20,-20,-20,25,6,-20,15,15,-20,10,-20,-20,-20,9,20,-20,9,15,12,-20,10,15,15,73,24,-20,8,5,-20,-20,-20,-20,-20,-20,-20,9,-20,-20,-20,-20,3,-20,-20,-20,3,20,-20,-20,-20,-20,10,59,36,-20,-20,11,-20,-20,-20,10,-20,6,5,-20,9,5,21,15,16,10,-20,10,-20,9,-20,8,7,49,-20,21,6,-20,-20,-20,-20,8,-20,39,33,40,41,14,49,44,-20,-20,42,44,-20,7,33,11,-20,-20,11,5,15,22,11,-20,11,-20,-20,-20,-20,13,-20,-20,20,-20,4,-20,3,-20,-20,-20,-20,-20,12,20,5,25,-20,-20,-20,-20,-20,-20,6,38,13,-20,7,19,-20,-20,20,-20,-20,-20,-20,29,-20,19,45,51,21,32,37,4,32,3,-20,-20,-20,-20,-20,-20,9,7,-20,9,-20,6,-20,3,-20,-20,-20,-20,-20,-20,-20,-20,-20,11,12,14,13,11,11,-20,-20,-20,30,38,12,-20,-20,4,-20,-20,12,-20,36,28,-20,51,-20,16,19,-20,16,69,36,-20,-20,4,-20,-20,-20,-20,-20,-20,27,44,-20,16,38,27,24,39,-20,-20,-20,-20,-20,7,24,32,-20,-20,-20,13,-20,5,-20,-20,7,12,4,7,11,-20,-20,-20,-20,-20,-20,-20,-20,-20,-20,-20,22,7,-20,3,11,-20,-20,-20,-20,-20,5,-20,-20,-20,-20,6,9,7,7,-20,-20,-20,13,10,-20,-20,11,11,6,-20,10,-20,4,11,-20,-20,-20,-20,-20,14,13,-20,-20,-20,-20,-20,-20,-20,-20,6,-20,16,-20,-20,-20,-20,-20,-20,8,-20,-20,-20,5,13,-20,-20,5,-20,-20,5,3,7,11,-20,8,6,7,6,8,11,17,17,12,5,9,8,11,6,8,5,8,6,-20,3,8,8,16,5,11,10,7,13,4,8,6,-20,-20,-20,-20,-20,-20,12,-20,7,-20,-20,-20,-20,-20,-20,17,-20,5,6,5,5,-20,8,9,25,11,19,12,22,6,8,34,19,-20,-20,27,-20,11,3,2,12,11,11,14,9,-20,12,-20,10,12,-20,5,8,-20,-20,-20,-20,-20,16,12,-20,3,7,-20,8,-20,-20,5,13,9,-20,-20,-20,4,14,7,8,19,5,12,-20,5,5,11,-20,9,-20,8,3,11,7,17,-20,-20,-20,16,-20,-20,-20,-20,11,13,-20,10,-20,13,-20,-20,-20,15,19,8,14,8,-20,-20,-20,-20,-20,15,12,23,-20,-20,-20,-20,-20,-20,-20,-20,13,-20,8,-20,16,12,-20,-20,12,10,-20,-20,-20,-20,-20,5,4,-20,-20,11,-20,-20,-20,-20,4,-20,13,3,-20,6,-20,-20,6,-20,-20,-20,-20,16,8,-20,-20,9,8,-20,-20,-20,-20,-20,8,-20,-20,-20,-20,10,-20,-20,-20,-20,-20,-20,9,-20,-20,-20,-20,-20,5,-20,-20,7,-20,-20,-20,7,-20,12,10,5,-20,-20,-20,-20,6,4,11,-20,-20,5,17,-20,-20,-20,12,-20,-20,3,11,8,-20,-20,3,-20,-20,-20,16,8,-20,-20,15,7,-20,8,-20,-20,-20,12,-20,-20,9,-20,-20,10,20,-20,-20,8,11,14,10,-20,6,-20,-20,7,5,6,6,14,-20,10,5,12,6,-20,-20,14,3,8,-20,-20,-20,3,3,2,9,12,5,11,-20,7,11,-20,8,-20,3,-20,-20,-20,-20,11,5,-20,-20,15,14,-20,14,-20,7,10,6,7,17,11,-20,6,8,7,-20,8,-20,28,7,-20,26,19,22,22,33,68,32,50,38,-20,50,34,50,37,48
"chr4,4889593",-20,-20,-20,-20,-20,-20,-20,-20,-20,-20,-20,11,39,36,17,20,29,12,93,58,-20,-20,52,47,59,39,31,36,36,12,5,11,9,-20,56,43,39,23,-20,-20,-20,-20,-20,14,15,-20,7,-20,4,13,-20,29,49,5,3,-20,78,-20,25,34,36,30,36,15,33,38,24,53,45,19,31,30,14,30,29,60,23,7,11,13,8,18,27,-20,8,29,39,69,39,24,22,20,25,34,37,23,8,49,7,51,30,38,5,-20,28,53,-20,33,41,-20,13,-20,30,4,8,6,-20,-20,-20,3,-20,6,9,-20,-20,-20,-20,44,-20,11,-20,4,-20,-20,-20,-20,-20,-20,-20,9,-20,-20,-20,9,3,-20,-20,-20,-20,-20,-20,15,-20,-20,-20,17,6,8,-20,-20,-20,-20,-20,-20,-20,6,-20,7,14,8,56,43,40,17,3,33,-20,-20,10,85,-20,-20,22,-20,16,-20,6,31,9,3,26,40,4,10,3,17,20,8,-20,23,-20,-20,-20,-20,-20,17,-20,-20,6,-20,-20,3,-20,-20,-20,14,-20,-20,-20,-20,11,-20,-20,-20,-20,14,11,27,32,-20,7,-20,7,16,-20,-20,-20,-20,-20,-20,-20,-20,-20,-20,-20,20,-20,-20,5,13,-20,-20,-20,-20,22,14,9,14,20,24,-20,26,-20,-20,18,14,18,-20,-20,13,-20,-20,-20,19,-20,10,67,45,29,60,-20,14,8,24,12,23,11,7,15,-20,14,-20,-20,-20,-20,-20,53,-20,-20,-20,-20,-20,4,-20,-20,33,40,-20,44,59,48,43,39,58,-20,-20,4,8,-20,-20,10,27,22,54,12,-20,5,16,8,28,11,-20,6,-20,45,6,21,39,-20,23,17,33,-20,-20,-20,25,8,-20,-20,-20,-20,6,4,-20,-20,-20,-20,-20,17,12,8,-20,11,-20,-20,-20,-20,7,-20,-20,7,-20,6,58,11,10,12,102,-20,3,-20,-20,7,-20,-20,-20,18,12,-20,26,-20,-20,11,-20,-20,-20,4,6,91,-20,-20,-20,-20,-20,-20,8,17,-20,16,-20,24,-20,10,-20,-20,-20,13,4,9,11,3,9,-20,-20,8,40,-20,-20,-20,-20,26,6,-20,14,19,-20,10,-20,-20,-20,8,19,-20,10,15,12,-20,9,16,15,72,-20,-20,8,5,-20,-20,-20,-20,-20,5,-20,6,-20,-20,-20,-20,3,-20,-20,-20,4,18,-20,-20,-20,-20,10,57,36,-20,-20,10,-20,-20,-20,10,-20,7,8,-20,9,9,20,16,22,11,-20,11,-20,7,-20,9,7,48,-20,21,7,-20,-20,-20,-20,9,-20,39,33,42,41,14,52,42,-20,-20,43,43,3,6,33,11,-20,-20,10,6,14,24,10,-20,11,-20,-20,-20,-20,14,-20,-20,20,-20,5,-20,3,-20,-20,-20,-20,-20,12,20,-20,26,-20,-20,-20,-20,-20,-20,5,40,11,-20,7,21,-20,-20,20,-20,5,-20,-20,29,-20,21,50,52,27,32,38,6,34,3,-20,-20,-20,-20,-20,-20,9,7,-20,10,-20,5,-20,3,-20,-20,-20,-20,-20,-20,-20,-20,-20,11,12,16,12,9,12,-20,-20,-20,33,39,13,-20,-20,5,-20,-20,17,-20,36,30,-20,46,-20,19,21,-20,16,70,37,-20,-20,4,-20,-20,-20,-20,-20,-20,26,44,-20,15,35,24,26,42,-20,-20,-20,-20,-20,7,22,33,-20,-20,3,14,-20,5,-20,-20,7,12,4,7,11,-20,-20,-20,-20,-20,-20,-20,-20,-20,-20,-20,23,7,-20,3,13,-20,-20,-20,-20,-20,5,-20,-20,-20,-20,10,10,7,7,-20,-20,-20,12,11,-20,-20,10,10,6,-20,10,-20,4,11,-20,-20,-20,-20,-20,15,13,-20,-20,-20,-20,-20,-20,-20,-20,6,-20,16,-20,-20,-20,-20,-20,-20,7,-20,-20,-20,-20,13,-20,-20,5,-20,-20,5,-20,7,12,3,10,6,7,6,9,10,17,14,15,5,9,8,10,6,8,4,8,6,-20,3,7,7,16,5,11,11,7,13,5,8,6,-20,-20,-20,-20,-20,-20,12,-20,7,-20,-20,-20,-20,-20,-20,17,-20,4,5,5,5,-20,8,10,24,11,16,11,20,7,7,34,17,-20,-20,25,-20,11,3,2,12,11,11,14,8,-20,11,-20,9,12,-20,5,8,-20,-20,-20,-20,-20,16,15,-20,3,6,-20,8,-20,-20,5,11,9,-20,-20,-20,4,13,6,7,21,6,13,-20,6,5,10,-20,9,-20,7,3,11,7,16,-20,-20,-20,18,-20,-20,-20,-20,14,13,-20,10,-20,12,-20,-20,-20,17,19,8,14,8,-20,-20,-20,-20,-20,15,10,25,-20,-20,-20,-20,-20,-20,-20,-20,14,-20,7,-20,18,12,-20,-20,12,10,-20,-20,-20,-20,-20,6,4,-20,-20,11,-20,-20,-20,-20,4,-20,13,5,-20,5,-20,-20,5,-20,-20,-20,-20,16,8,-20,-20,9,9,-20,-20,-20,-20,-20,9,-20,-20,-20,-20,10,-20,-20,-20,-20,-20,-20,9,-20,-20,-20,-20,-20,5,-20,-20,7,-20,-20,-20,7,-20,12,9,5,-20,-20,-20,-20,-20,4,11,-20,-20,5,17,-20,-20,-20,11,-20,-20,3,12,8,-20,-20,3,-20,-20,-20,19,8,-20,-20,13,7,-20,10,-20,-20,-20,12,-20,-20,8,-20,-20,11,20,-20,-20,-20,10,14,11,-20,7,-20,-20,6,4,8,7,14,-20,13,7,13,9,-20,-20,11,3,9,-20,-20,-20,3,4,4,10,-20,-20,-20,-20,9,11,-20,5,-20,3,-20,-20,-20,-20,9,5,8,-20,14,15,-20,15,-20,-20,-20,5,-20,19,-20,-20,6,-20,6,-20,10,-20,28,8,-20,26,19,23,22,35,63,34,58,38,-20,54,35,52,37,50
"chr4,4889596",-20,-20,-20,-20,-20,-20,-20,-20,-20,-20,-20,11,40,33,20,20,27,13,87,59,-20,-20,53,46,60,40,32,34,35,12,5,10,9,-20,56,38,40,23,-20,-20,9,-20,-20,16,16,-20,7,-20,5,13,-20,31,51,5,3,-20,80,-20,25,33,36,31,37,12,30,38,23,53,50,19,26,30,13,31,30,60,25,8,11,13,8,17,26,-20,8,30,35,70,37,23,24,22,26,33,36,23,8,46,6,50,29,39,5,-20,29,51,-20,33,40,-20,13,-20,33,4,9,6,-20,-20,-20,3,-20,-20,9,-20,-20,-20,-20,43,-20,12,-20,4,-20,-20,-20,-20,-20,-20,-20,10,-20,-20,4,9,-20,-20,-20,-20,-20,-20,-20,15,-20,-20,-20,18,5,8,-20,-20,-20,-20,2,-20,-20,5,-20,7,14,8,58,50,39,14,3,33,-20,-20,11,87,-20,-20,21,-20,17,-20,6,33,10,3,26,39,3,10,-20,15,23,7,-20,23,-20,-20,-20,-20,-20,16,-20,-20,6,-20,-20,3,-20,-20,-20,16,-20,-20,-20,-20,8,-20,-20,-20,-20,14,12,26,29,-20,7,-20,7,19,-20,-20,-20,-20,-20,-20,-20,-20,-20,-20,-20,22,-20,-20,5,13,-20,-20,10,-20,21,14,10,15,19,23,-20,25,-20,-20,18,13,15,-20,-20,14,-20,-20,-20,22,-20,10,66,44,29,59,-20,12,7,23,13,22,11,7,15,-20,16,-20,-20,-20,-20,-20,51,-20,-20,-20,-20,-20,4,-20,-20,34,41,-20,45,58,47,43,40,57,-20,-20,4,8,-20,-20,12,26,24,53,11,-20,4,15,8,27,9,3,6,-20,45,6,21,36,-20,23,18,34,-20,-20,-20,24,8,-20,-20,-20,-20,5,4,-20,-20,-20,-20,-20,14,12,7,-20,11,-20,-20,-20,-20,7,-20,-20,7,-20,-20,58,11,8,13,106,-20,3,-20,-20,7,-20,-20,-20,18,13,-20,25,-20,-20,10,-20,-20,-20,3,6,88,-20,-20,-20,-20,-20,-20,8,17,-20,17,-20,22,-20,10,-20,-20,-20,12,-20,8,12,3,11,-20,-20,8,36,-20,-20,-20,-20,26,6,-20,13,21,-20,10,-20,-20,-20,8,18,-20,10,15,11,-20,8,17,14,69,24,-20,8,5,-20,-20,-20,-20,-20,5,-20,7,-20,-20,-20,-20,2,-20,-20,-20,4,16,-20,-20,-20,-20,9,56,38,-20,-20,12,-20,-20,-20,10,-20,6,8,-20,9,9,18,16,21,11,-20,10,-20,6,-20,8,5,46,-20,21,6,-20,-20,-20,-20,9,-20,40,35,44,41,13,53,45,-20,-20,41,44,3,7,35,10,-20,-20,7,6,15,22,8,-20,11,-20,-20,-20,-20,14,-20,-20,22,-20,5,-20,-20,-20,-20,-20,-20,-20,12,19,4,25,-20,-20,-20,-20,-20,-20,5,43,10,-20,7,21,-20,-20,21,-20,5,-20,-20,26,-20,19,49,55,26,30,40,8,34,3,-20,-20,-20,-20,-20,-20,8,7,-20,9,-20,5,-20,3,-20,-20,-20,-20,-20,-20,-20,-20,-20,10,12,17,11,9,12,-20,-20,-20,29,39,-20,-20,-20,5,-20,-20,17,-20,36,31,-20,46,-20,18,21,-20,17,66,39,-20,-20,4,-20,-20,-20,-20,-20,-20,26,47,-20,14,35,24,30,42,-20,-20,-20,-20,-20,6,22,32,-20,-20,3,13,-20,4,-20,-20,6,12,4,7,10,-20,-20,-20,-20,-20,-20,-20,-20,-20,-20,-20,22,5,-20,3,13,-20,-20,-20,-20,-20,6,-20,-20,-20,-20,8,10,7,7,-20,-20,-20,12,11,-20,-20,8,10,6,-20,10,-20,3,11,-20,-20,-20,-20,-20,15,13,-20,-20,-20,-20,-20,-20,-20,-20,6,-20,16,-20,-20,-20,-20,-20,-20,7,-20,-20,-20,5,12,-20,-20,4,-20,-20,5,-20,6,12,3,10,6,-20,6,8,10,17,13,14,3,9,8,10,6,7,5,7,6,-20,3,8,8,16,5,10,11,7,13,5,7,6,-20,-20,-20,-20,-20,-20,11,-20,7,-20,-20,-20,-20,-20,-20,17,-20,4,5,5,5,-20,9,10,22,11,16,11,21,11,8,32,14,-20,-20,24,-20,9,3,-20,11,12,11,14,8,-20,11,-20,9,12,-20,5,9,-20,-20,-20,-20,-20,16,15,-20,2,6,-20,8,-20,-20,5,11,9,-20,-20,-20,4,15,6,7,22,5,12,-20,6,5,11,-20,9,-20,7,3,10,7,15,-20,-20,-20,16,-20,-20,-20,-20,14,13,-20,10,-20,12,-20,-20,-20,18,18,8,14,7,-20,-20,-20,-20,-20,15,10,24,-20,-20,-20,-20,-20,-20,-20,-20,15,-20,7,-20,18,11,-20,-20,11,10,-20,-20,-20,-20,-20,6,4,-20,-20,11,-20,-20,-20,-20,4,-20,13,5,-20,4,-20,-20,5,-20,-20,-20,-20,15,7,-20,-20,11,9,-20,-20,-20,-20,-20,7,-20,-20,-20,-20,10,-20,-20,-20,-20,-20,-20,10,-20,-20,-20,-20,-20,5,-20,-20,6,-20,-20,-20,6,-20,11,9,5,-20,-20,-20,-20,6,4,11,-20,-20,5,18,-20,-20,-20,11,-20,-20,3,12,7,-20,-20,3,-20,-20,-20,18,7,-20,-20,13,7,-20,10,-20,-20,-20,12,-20,-20,-20,-20,-20,11,17,-20,-20,-20,9,14,7,-20,7,-20,-20,-20,5,6,7,13,-20,-20,-20,11,8,-20,-20,11,3,7,-20,-20,-20,-20,2,-20,10,-20,4,-20,-20,-20,9,-20,-20,-20,3,-20,-20,-20,-20,11,6,7,-20,14,12,-20,14,-20,-20,-20,6,-20,15,-20,-20,6,-20,6,-20,10,-20,28,8,-20,26,19,23,22,31,67,36,61,38,-20,54,37,51,37,51
"chr4,4889605",-20,-20,-20,-20,-20,-20,-20,-20,-20,-20,-20,12,39,31,20,24,26,14,88,56,-20,-20,57,40,61,39,35,37,35,13,5,9,11,-20,57,41,38,26,-20,-20,-20,-20,-20,16,14,-20,-20,-20,7,15,-20,30,45,5,-20,-20,71,-20,23,33,36,27,41,13,29,38,26,55,50,20,28,30,9,36,29,55,25,6,10,12,6,17,25,-20,8,35,32,70,33,24,27,23,27,35,38,22,8,44,6,52,27,37,5,-20,29,53,-20,31,38,-20,13,-20,36,4,9,6,-20,-20,-20,-20,-20,6,9,-20,-20,-20,-20,44,-20,11,-20,4,-20,-20,-20,-20,-20,-20,-20,10,-20,-20,4,8,-20,-20,-20,-20,-20,-20,-20,14,-20,-20,-20,18,4,10,-20,-20,-20,-20,2,-20,-20,4,-20,6,15,4,69,46,38,16,2,34,-20,-20,11,77,-20,-20,22,-20,18,-20,10,29,9,3,26,31,4,8,3,14,26,6,-20,20,-20,-20,-20,-20,-20,16,-20,-20,6,-20,-20,-20,-20,-20,-20,17,-20,-20,-20,-20,8,-20,-20,-20,-20,18,-20,-20,30,-20,7,-20,6,19,-20,-20,-20,-20,-20,-20,-20,-20,-20,-20,-20,23,-20,-20,5,16,-20,-20,12,-20,20,13,11,17,22,25,4,24,-20,-20,15,13,-20,-20,-20,12,-20,-20,-20,21,3,9,66,50,29,62,-20,10,8,21,14,23,12,8,15,-20,15,-20,-20,-20,-20,-20,49,-20,-20,-20,-20,-20,4,-20,-20,32,44,-20,42,57,50,47,39,59,-20,-20,-20,8,-20,-20,14,28,24,51,13,-20,-20,13,10,29,9,3,6,-20,40,5,22,34,-20,25,17,34,-20,-20,-20,22,7,-20,-20,-20,-20,6,5,-20,-20,-20,-20,-20,10,16,7,-20,10,-20,-20,-20,-20,6,-20,-20,10,-20,7,63,11,8,13,104,-20,3,-20,-20,8,-20,-20,-20,18,17,-20,-20,-20,-20,11,-20,-20,-20,3,6,86,-20,-20,-20,-20,-20,-20,9,18,-20,19,-20,23,-20,11,-20,-20,-20,12,4,7,14,3,-20,4,-20,8,33,-20,-20,-20,-20,25,-20,-20,16,23,-20,11,-20,-20,-20,10,18,-20,10,15,11,-20,11,19,16,68,23,-20,9,6,-20,-20,-20,-20,-20,-20,-20,9,-20,-20,-20,-20,-20,-20,-20,-20,4,14,-20,-20,-20,-20,8,54,40,-20,-20,13,-20,-20,-20,11,-20,6,8,-20,11,9,17,13,30,10,-20,11,-20,8,-20,-20,4,48,-20,24,6,-20,-20,-20,-20,9,-20,40,39,44,41,13,56,45,-20,-20,41,40,3,7,33,13,-20,-20,7,-20,14,24,7,-20,9,-20,-20,-20,-20,16,-20,-20,24,-20,-20,-20,-20,-20,-20,-20,-20,-20,11,19,-20,26,-20,-20,-20,-20,-20,-20,5,42,12,-20,8,20,-20,-20,22,-20,-20,-20,-20,23,-20,22,48,53,27,34,41,7,34,4,-20,-20,-20,-20,-20,-20,8,5,-20,8,-20,5,-20,3,-20,-20,-20,-20,-20,-20,-20,-20,-20,10,12,16,11,9,12,-20,-20,-20,28,37,10,-20,-20,5,-20,-20,20,-20,35,33,-20,48,-20,-20,21,-20,18,72,43,-20,-20,4,-20,-20,-20,-20,-20,-20,30,47,-20,14,39,24,33,43,-20,-20,-20,-20,-20,7,26,33,-20,-20,4,12,-20,4,-20,-20,7,11,4,8,6,-20,-20,-20,-20,-20,-20,-20,-20,-20,-20,-20,19,5,-20,4,8,-20,-20,-20,-20,-20,6,-20,-20,-20,-20,8,10,4,6,-20,-20,-20,12,9,-20,-20,7,10,5,-20,9,-20,4,11,-20,-20,-20,-20,-20,15,13,-20,-20,-20,-20,-20,-20,-20,-20,4,-20,16,-20,-20,-20,-20,-20,-20,7,-20,-20,-20,6,14,-20,-20,5,-20,-20,5,3,5,11,3,10,4,6,5,7,7,17,10,16,-20,11,7,9,6,6,4,7,7,-20,-20,6,6,14,6,9,8,7,11,5,9,6,-20,-20,-20,-20,-20,-20,9,-20,-20,-20,-20,-20,-20,-20,-20,15,-20,3,4,5,5,-20,8,11,18,10,15,11,20,14,7,30,16,-20,-20,26,-20,8,-20,3,13,11,9,12,7,-20,11,-20,9,14,-20,4,9,-20,-20,-20,-20,-20,15,14,-20,-20,5,-20,7,-20,-20,4,10,9,-20,-20,3,-20,14,5,8,18,5,11,-20,6,5,11,-20,8,-20,5,4,8,8,15,-20,-20,-20,18,-20,-20,-20,-20,13,13,-20,9,-20,10,-20,-20,-20,15,17,7,12,7,-20,-20,-20,-20,-20,17,8,23,-20,-20,-20,-20,-20,-20,-20,-20,12,-20,6,-20,14,10,-20,-20,9,8,-20,-20,-20,-20,-20,6,4,-20,-20,10,-20,-20,-20,-20,3,-20,12,-20,-20,3,-20,-20,4,-20,-20,-20,-20,13,7,-20,-20,11,8,-20,-20,-20,-20,-20,9,-20,-20,-20,-20,9,-20,-20,-20,-20,-20,-20,8,-20,-20,-20,-20,-20,7,-20,-20,7,-20,-20,-20,5,-20,11,9,5,-20,-20,-20,-20,6,4,10,-20,-20,5,18,-20,-20,-20,10,-20,-20,-20,11,6,-20,-20,3,-20,-20,-20,19,8,-20,-20,14,5,-20,8,-20,-20,-20,9,-20,-20,-20,-20,-20,-20,20,-20,-20,-20,-20,11,-20,-20,-20,-20,-20,6,5,-20,8,11,-20,-20,-20,-20,-20,-20,-20,10,-20,9,-20,-20,-20,-20,2,-20,9,-20,4,-20,-20,6,6,-20,7,-20,-20,-20,-20,-20,-20,9,5,-20,-20,11,11,-20,12,-20,-20,-20,-20,-20,21,-20,-20,-20,-20,-20,-20,10,-20,29,8,-20,25,19,28,20,29,65,37,61,38,-20,53,39,51,40,51
"chr4,4889611",-20,-20,-20,-20,-20,-20,-20,-20,-20,-20,-20,13,37,30,20,26,26,15,89,54,-20,-20,59,42,62,40,32,39,33,14,5,8,11,-20,61,41,38,25,-20,-20,-20,-20,-20,16,15,-20,9,-20,7,14,-20,33,49,5,5,-20,69,-20,24,31,39,25,42,13,29,37,27,56,52,18,26,31,10,35,30,55,24,6,10,12,4,20,25,-20,8,33,29,71,27,25,26,24,25,38,39,22,9,40,6,52,26,34,4,-20,30,52,-20,31,37,-20,13,-20,41,4,9,6,-20,-20,-20,-20,-20,6,9,-20,-20,-20,-20,49,-20,10,-20,5,-20,-20,-20,-20,-20,-20,-20,11,-20,3,4,9,-20,-20,-20,-20,-20,-20,-20,14,-20,-20,-20,18,4,11,-20,-20,-20,-20,2,-20,-20,4,-20,6,16,4,71,53,43,15,2,32,-20,-20,10,82,-20,-20,19,-20,18,-20,10,29,9,-20,25,36,4,7,3,15,26,8,-20,22,-20,-20,-20,-20,-20,17,-20,-20,7,-20,-20,3,-20,-20,-20,19,-20,-20,-20,-20,7,-20,-20,-20,-20,17,10,31,35,-20,7,-20,6,22,-20,-20,-20,-20,-20,-20,-20,-20,-20,-20,-20,26,-20,-20,-20,18,-20,-20,12,-20,21,16,12,16,18,25,-20,25,-20,-20,15,11,18,-20,-20,17,-20,-20,-20,23,3,8,67,53,29,59,-20,11,8,24,13,23,15,8,15,-20,15,-20,-20,-20,-20,-20,51,-20,-20,-20,-20,-20,4,-20,-20,34,41,-20,40,60,51,50,41,65,-20,-20,-20,7,-20,-20,12,29,24,53,12,-20,4,10,11,33,7,3,6,-20,43,4,22,37,6,24,17,36,-20,-20,-20,23,7,-20,-20,-20,-20,5,5,-20,-20,-20,-20,-20,7,18,8,-20,11,-20,-20,-20,-20,5,-20,-20,11,-20,7,64,11,8,13,114,-20,2,-20,-20,8,-20,-20,-20,16,18,-20,22,-20,-20,11,-20,-20,-20,4,7,92,-20,-20,-20,-20,-20,-20,9,17,-20,21,-20,23,-20,11,-20,-20,-20,11,4,7,13,3,-20,4,-20,9,29,-20,-20,-20,-20,28,6,-20,17,22,-20,10,-20,-20,-20,10,17,-20,10,16,11,-20,10,19,14,69,23,-20,8,8,-20,-20,-20,-20,-20,10,-20,10,-20,-20,-20,-20,-20,-20,-20,-20,4,15,-20,-20,-20,-20,8,54,40,-20,-20,13,-20,-20,-20,11,-20,8,8,-20,11,9,18,15,32,11,-20,11,-20,7,-20,5,4,49,-20,22,5,-20,-20,-20,-20,-20,-20,48,39,46,40,15,54,41,-20,-20,45,38,-20,7,34,15,-20,-20,10,8,16,23,7,-20,9,-20,-20,-20,-20,16,-20,-20,27,-20,6,-20,-20,-20,-20,-20,-20,-20,7,18,6,29,-20,-20,-20,-20,-20,-20,6,42,15,-20,8,21,-20,-20,23,-20,5,-20,-20,30,-20,23,49,55,27,32,40,7,34,6,-20,-20,-20,-20,-20,-20,8,6,-20,8,-20,6,-20,3,-20,-20,-20,-20,-20,-20,-20,-20,-20,11,13,16,11,11,12,-20,-20,-20,30,40,13,-20,-20,5,-20,-20,20,-20,36,33,-20,48,-20,17,25,-20,22,73,45,-20,-20,5,-20,-20,-20,-20,-20,-20,32,51,-20,12,37,29,34,43,-20,-20,-20,-20,5,7,25,33,-20,-20,4,12,-20,6,-20,-20,6,12,4,8,6,-20,-20,-20,-20,-20,-20,-20,-20,-20,-20,-20,18,4,-20,5,10,-20,-20,-20,-20,-20,6,-20,-20,-20,-20,8,8,6,6,-20,-20,-20,11,8,-20,-20,7,12,5,-20,9,-20,4,11,-20,-20,-20,-20,-20,16,13,-20,-20,-20,-20,-20,-20,-20,-20,5,-20,15,-20,-20,-20,-20,-20,-20,9,-20,-20,-20,6,15,-20,-20,6,-20,-20,7,4,6,11,3,13,4,5,6,9,9,18,14,17,-20,12,8,9,5,5,5,7,7,4,-20,8,6,16,6,-20,9,8,10,6,8,6,-20,-20,-20,-20,-20,-20,11,-20,7,-20,-20,-20,-20,-20,-20,15,-20,4,5,4,6,-20,9,8,18,10,17,10,26,17,7,32,17,-20,-20,30,-20,11,3,3,14,11,14,11,8,-20,12,-20,10,15,-20,6,11,-20,-20,-20,-20,-20,16,14,-20,3,6,-20,8,-20,-20,4,11,9,-20,-20,5,-20,12,5,9,20,5,13,-20,5,5,11,-20,9,-20,6,5,8,9,15,-20,-20,-20,18,-20,-20,-20,-20,12,12,-20,11,-20,10,-20,-20,-20,17,-20,7,12,5,-20,-20,-20,-20,-20,18,8,22,-20,-20,-20,-20,-20,-20,-20,-20,11,-20,6,-20,15,12,-20,-20,7,10,-20,-20,-20,-20,-20,5,-20,-20,-20,10,-20,-20,-20,-20,3,-20,13,8,-20,4,-20,-20,4,-20,-20,-20,-20,13,7,-20,-20,11,12,-20,-20,-20,-20,-20,9,-20,-20,-20,-20,10,-20,-20,-20,-20,-20,-20,8,-20,-20,-20,-20,-20,7,-20,-20,7,-20,-20,-20,7,-20,11,10,6,-20,-20,-20,-20,7,5,10,-20,-20,6,19,-20,-20,-20,10,-20,-20,-20,13,6,-20,-20,4,-20,-20,-20,19,8,-20,-20,14,9,-20,8,-20,-20,-20,9,-20,-20,8,-20,-20,10,20,-20,-20,-20,9,9,11,-20,-20,-20,-20,9,5,-20,8,11,9,-20,-20,9,-20,-20,-20,11,-20,8,-20,-20,-20,-20,3,-20,11,-20,4,-20,-20,-20,8,-20,4,-20,-20,6,-20,-20,-20,11,-20,5,-20,12,12,2,12,-20,-20,7,-20,-20,18,-20,-20,-20,-20,6,-20,11,-20,28,8,-20,29,21,31,24,27,65,37,66,38,-20,54,40,49,39,53
"chr4,4889613",-20,-20,-20,-20,-20,-20,-20,-20,-20,-20,-20,13,37,29,19,25,29,14,89,54,-20,-20,56,44,61,40,32,39,33,15,5,7,11,-20,63,42,38,25,-20,-20,-20,-20,-20,16,15,-20,9,-20,8,14,-20,34,47,5,6,-20,68,-20,25,29,39,26,40,13,30,37,28,56,51,18,25,30,10,36,29,58,22,6,10,12,4,19,25,-20,8,33,29,72,26,25,26,24,25,37,39,22,9,39,6,49,25,35,4,-20,32,51,-20,32,39,-20,13,-20,38,4,8,6,-20,-20,-20,-20,-20,5,9,-20,-20,-20,-20,46,-20,10,-20,5,-20,-20,-20,-20,-20,-20,-20,11,-20,3,4,9,-20,-20,-20,-20,-20,-20,-20,12,-20,-20,-20,16,4,11,-20,-20,-20,-20,2,-20,-20,4,-20,6,16,4,70,53,44,16,-20,31,-20,-20,9,81,-20,-20,23,-20,18,-20,10,29,8,3,24,38,4,7,2,14,26,8,-20,21,-20,-20,-20,-20,-20,19,-20,-20,7,-20,-20,-20,-20,6,-20,19,-20,-20,-20,-20,-20,-20,-20,-20,-20,15,10,30,36,-20,7,-20,6,-20,-20,-20,-20,-20,-20,-20,-20,-20,-20,-20,-20,27,-20,-20,-20,18,-20,-20,12,-20,19,17,12,12,17,24,4,24,-20,-20,13,11,18,-20,-20,19,-20,-20,-20,23,4,8,67,51,29,58,-20,11,8,24,14,22,15,7,15,-20,16,-20,-20,-20,-20,-20,50,-20,-20,-20,-20,-20,4,-20,-20,34,42,-20,41,60,51,47,40,64,-20,-20,-20,7,-20,-20,12,29,24,53,12,-20,4,11,11,35,7,3,6,-20,42,4,22,36,6,26,16,35,-20,-20,-20,21,-20,-20,-20,-20,-20,6,6,-20,-20,-20,-20,-20,10,18,8,-20,11,-20,-20,-20,-20,5,-20,-20,11,-20,7,67,11,8,12,118,-20,2,-20,-20,9,-20,-20,-20,16,17,-20,22,-20,-20,10,-20,-20,-20,4,7,88,-20,-20,-20,-20,-20,-20,9,16,-20,20,-20,21,-20,12,-20,-20,-20,11,5,7,14,3,12,4,-20,9,29,-20,-20,-20,-20,30,-20,-20,17,20,-20,11,-20,-20,-20,10,16,-20,11,15,11,-20,10,19,14,70,22,-20,8,8,-20,-20,-20,-20,-20,10,-20,10,-20,-20,-20,-20,-20,-20,-20,-20,4,15,-20,-20,-20,-20,8,52,40,-20,-20,13,-20,-20,-20,11,-20,7,8,-20,11,9,17,15,31,11,-20,11,-20,7,-20,5,5,50,-20,22,5,-20,-20,-20,-20,9,-20,48,38,47,39,15,54,41,-20,-20,44,38,-20,7,34,-20,-20,-20,10,7,15,23,7,-20,9,-20,-20,-20,-20,15,-20,-20,28,-20,5,-20,-20,-20,-20,-20,-20,-20,7,18,6,28,-20,-20,-20,-20,-20,-20,6,41,16,-20,9,21,-20,-20,23,-20,7,-20,-20,30,-20,23,49,55,28,33,42,6,34,6,-20,-20,-20,-20,-20,-20,9,6,-20,8,-20,6,-20,3,-20,-20,-20,-20,-20,-20,-20,-20,-20,11,13,16,11,11,12,-20,-20,-20,33,40,13,-20,-20,5,-20,-20,20,-20,36,34,-20,46,-20,17,25,-20,24,77,45,-20,-20,-20,-20,-20,-20,-20,-20,-20,33,48,-20,12,37,28,36,41,-20,-20,-20,-20,5,7,26,29,-20,-20,4,12,-20,6,-20,-20,7,12,4,8,6,-20,-20,-20,-20,-20,-20,-20,-20,-20,-20,-20,18,4,-20,4,9,-20,-20,-20,-20,-20,6,-20,-20,-20,-20,8,9,6,6,-20,-20,-20,11,8,-20,-20,7,12,5,-20,9,-20,4,11,-20,-20,-20,-20,-20,16,13,-20,-20,-20,-20,-20,-20,-20,-20,5,-20,15,-20,-20,-20,-20,-20,-20,9,-20,-20,-20,6,15,-20,-20,6,-20,-20,-20,4,6,11,3,13,4,5,6,9,9,17,14,17,-20,12,8,9,5,5,5,7,7,4,4,8,6,16,6,8,9,8,10,6,8,6,-20,-20,-20,-20,-20,-20,11,-20,7,-20,-20,-20,-20,-20,-20,15,-20,4,5,4,6,-20,9,7,18,10,17,10,26,17,7,32,17,-20,-20,30,-20,11,3,3,14,11,14,11,8,-20,12,-20,10,15,-20,6,11,-20,-20,-20,-20,-20,16,14,-20,3,6,-20,8,-20,-20,4,10,9,-20,-20,5,-20,12,5,9,20,5,13,-20,5,5,11,-20,9,-20,6,5,8,9,15,-20,-20,-20,18,-20,-20,-20,-20,12,12,-20,11,-20,10,-20,-20,-20,17,20,7,12,5,-20,-20,-20,-20,-20,17,8,22,-20,-20,-20,-20,-20,-20,-20,-20,11,-20,6,-20,15,12,-20,-20,7,10,-20,-20,-20,-20,-20,5,-20,-20,-20,10,-20,-20,-20,-20,3,-20,-20,8,-20,4,-20,-20,4,-20,-20,-20,-20,12,7,-20,-20,11,12,-20,-20,-20,-20,-20,9,-20,-20,-20,-20,9,-20,-20,-20,-20,-20,-20,8,-20,-20,-20,-20,-20,7,-20,-20,7,-20,-20,-20,7,-20,11,10,6,-20,-20,-20,-20,7,5,10,-20,-20,6,19,-20,-20,-20,10,-20,-20,-20,13,6,-20,-20,4,-20,-20,-20,19,8,-20,-20,14,9,-20,8,-20,-20,-20,9,-20,-20,8,-20,-20,10,22,-20,-20,-20,10,10,-20,-20,-20,-20,-20,9,5,-20,8,11,10,-20,-20,7,-20,-20,-20,10,-20,5,-20,-20,-20,-20,3,6,10,-20,3,-20,-20,-20,8,-20,4,-20,-20,6,3,-20,-20,11,-20,5,-20,12,11,2,11,-20,-20,-20,-20,-20,18,-20,-20,-20,-20,6,-20,11,-20,28,8,-20,31,21,32,25,26,66,35,64,39,-20,53,40,51,38,53
"chr4,4889616",-20,-20,-20,-20,-20,-20,-20,-20,-20,-20,-20,13,37,28,21,26,30,13,90,53,-20,-20,56,44,60,39,31,38,32,15,6,7,12,-20,61,45,38,27,-20,-20,-20,-20,-20,17,15,-20,8,-20,8,12,-20,34,47,5,7,-20,67,-20,25,29,37,26,41,13,31,38,27,54,51,16,26,29,10,36,29,58,21,6,10,9,6,19,24,-20,8,35,26,69,25,26,24,24,26,36,39,22,9,42,4,48,25,33,6,-20,32,54,-20,33,37,-20,12,-20,38,4,9,6,-20,-20,-20,-20,-20,5,10,-20,-20,-20,-20,45,-20,9,-20,6,-20,3,-20,-20,-20,-20,-20,13,-20,3,4,9,-20,-20,-20,-20,-20,-20,-20,12,-20,-20,-20,16,4,11,-20,-20,-20,-20,-20,-20,-20,4,-20,7,16,4,69,52,43,17,-20,32,-20,-20,8,80,-20,-20,21,-20,19,-20,13,31,11,3,28,36,3,6,-20,15,26,8,-20,21,-20,-20,-20,-20,-20,16,-20,-20,6,-20,-20,-20,-20,6,-20,18,-20,-20,-20,-20,5,-20,-20,-20,-20,15,14,28,33,-20,7,-20,6,21,-20,-20,-20,-20,-20,-20,-20,-20,-20,-20,-20,27,-20,-20,-20,19,-20,-20,12,-20,18,15,14,11,16,23,4,31,-20,-20,12,11,17,-20,-20,18,-20,-20,-20,22,3,8,66,48,33,59,-20,11,8,23,14,25,15,7,15,-20,14,-20,-20,-20,-20,-20,51,-20,-20,-20,-20,-20,3,-20,-20,35,42,-20,40,59,54,49,40,65,-20,-20,3,8,-20,-20,12,28,23,53,12,-20,4,10,11,37,7,3,6,-20,42,6,23,37,6,27,16,32,-20,-20,-20,20,7,-20,-20,-20,-20,6,-20,-20,-20,-20,-20,-20,9,18,8,-20,10,-20,-20,-20,-20,5,-20,-20,10,-20,6,70,12,9,12,125,-20,2,-20,-20,10,-20,-20,-20,18,15,-20,21,-20,-20,12,-20,-20,-20,4,7,87,-20,-20,-20,-20,-20,-20,9,16,-20,20,-20,20,-20,12,-20,-20,-20,11,-20,6,15,4,11,3,-20,9,30,-20,-20,-20,-20,28,6,-20,17,16,-20,9,-20,-20,-20,9,16,-20,11,14,13,-20,9,19,15,66,20,-20,8,8,-20,-20,-20,-20,-20,-20,-20,10,-20,-20,-20,-20,-20,-20,-20,-20,6,15,-20,-20,-20,-20,10,54,41,-20,-20,13,-20,-20,-20,11,-20,7,5,-20,11,7,14,15,30,10,-20,10,-20,7,-20,5,5,51,-20,21,5,-20,-20,-20,-20,9,-20,47,38,49,38,16,54,42,-20,-20,42,38,2,6,34,17,-20,-20,12,7,15,23,6,-20,8,-20,-20,-20,-20,13,-20,-20,28,-20,6,-20,-20,-20,-20,-20,-20,-20,6,19,8,29,-20,-20,-20,-20,-20,-20,6,43,17,-20,9,21,-20,-20,19,-20,7,-20,-20,29,-20,23,49,54,26,32,42,11,32,6,-20,-20,-20,-20,-20,-20,-20,6,-20,10,-20,7,-20,-20,-20,-20,-20,-20,-20,-20,-20,-20,-20,12,13,16,12,10,14,-20,-20,-20,33,39,12,-20,-20,5,-20,-20,20,-20,36,32,-20,50,-20,16,29,-20,22,78,45,-20,-20,5,-20,-20,-20,-20,-20,-20,32,48,-20,13,37,29,35,41,-20,-20,-20,-20,5,8,26,27,-20,-20,-20,12,-20,6,-20,-20,8,12,4,8,6,-20,-20,-20,-20,-20,-20,-20,-20,-20,-20,-20,17,4,-20,4,9,-20,-20,-20,-20,-20,6,-20,-20,-20,-20,8,8,-20,6,-20,-20,-20,14,-20,-20,-20,7,12,6,-20,9,-20,4,11,-20,-20,-20,-20,-20,16,16,-20,-20,-20,-20,-20,-20,-20,-20,4,-20,14,-20,-20,-20,-20,-20,-20,9,-20,-20,-20,7,18,-20,-20,6,-20,-20,7,3,6,10,2,14,5,5,7,10,9,18,14,17,-20,13,8,8,6,4,3,5,9,4,5,9,6,19,6,9,9,8,9,6,9,6,-20,-20,-20,-20,-20,-20,11,-20,7,-20,-20,-20,-20,-20,-20,15,-20,3,5,4,6,-20,11,9,19,9,17,10,26,17,8,40,18,-20,-20,27,-20,11,3,3,15,11,14,12,7,-20,13,-20,12,14,-20,7,11,-20,-20,-20,-20,-20,15,13,-20,4,7,-20,8,-20,-20,3,12,7,-20,-20,6,5,11,5,9,20,4,14,-20,5,4,12,-20,9,3,6,5,8,9,14,-20,-20,-20,19,-20,-20,-20,-20,13,14,-20,9,-20,10,-20,-20,-20,19,21,8,11,5,-20,-20,-20,-20,-20,17,10,21,-20,-20,-20,-20,-20,-20,-20,-20,15,-20,6,-20,17,13,-20,-20,9,10,-20,-20,-20,-20,-20,5,-20,-20,-20,10,-20,-20,-20,-20,3,-20,13,8,-20,6,-20,-20,4,-20,-20,-20,-20,12,7,-20,-20,11,11,-20,-20,-20,-20,-20,10,-20,-20,-20,-20,10,-20,-20,-20,-20,-20,-20,8,-20,-20,-20,-20,-20,8,-20,-20,7,-20,-20,-20,7,-20,11,11,6,-20,-20,-20,-20,4,5,10,-20,-20,5,18,-20,-20,-20,10,-20,-20,-20,14,6,-20,-20,4,-20,-20,-20,21,8,-20,-20,14,9,-20,-20,-20,-20,-20,9,-20,-20,-20,-20,-20,-20,21,-20,-20,14,8,-20,-20,-20,-20,-20,-20,8,4,-20,7,12,10,-20,-20,6,-20,-20,-20,10,-20,5,-20,-20,-20,-20,3,6,10,-20,3,-20,-20,-20,7,-20,4,-20,-20,6,-20,-20,-20,10,-20,4,-20,10,11,-20,7,7,-20,-20,-20,-20,17,-20,-20,-20,-20,6,-20,11,-20,28,8,-20,30,20,30,25,26,65,35,60,39,-20,55,40,50,38,54
"chr4,4889617",-20,-20,-20,-20,-20,-20,-20,-20,-20,-20,-20,13,39,29,21,26,30,13,89,53,-20,-20,58,44,60,37,32,37,31,15,6,7,12,-20,61,46,38,26,-20,-20,-20,-20,-20,17,15,-20,8,-20,9,12,-20,32,45,5,7,-20,70,-20,26,29,37,27,39,12,32,38,28,53,52,16,26,29,10,38,28,59,21,6,10,8,7,19,24,-20,8,35,26,67,24,26,25,24,25,36,40,22,10,41,7,48,25,33,6,-20,33,56,-20,33,36,-20,12,-20,37,-20,9,6,-20,-20,-20,-20,-20,5,11,-20,-20,-20,-20,45,-20,10,-20,6,-20,3,-20,-20,-20,-20,-20,14,-20,3,4,10,-20,-20,-20,-20,-20,-20,-20,12,-20,-20,-20,16,3,11,-20,-20,-20,-20,-20,-20,-20,4,-20,7,15,4,-20,-20,-20,-20,-20,30,-20,-20,8,81,-20,-20,18,-20,21,-20,13,30,11,-20,28,39,3,-20,-20,14,25,-20,-20,20,-20,-20,-20,-20,-20,16,-20,-20,6,-20,-20,-20,-20,6,-20,18,-20,-20,-20,-20,-20,-20,-20,-20,-20,15,14,27,35,-20,7,-20,6,-20,-20,-20,-20,-20,-20,-20,-20,-20,-20,-20,-20,26,-20,-20,-20,19,-20,-20,11,-20,-20,20,14,-20,16,23,-20,30,-20,-20,11,11,17,-20,-20,18,-20,-20,-20,21,-20,-20,-20,-20,31,55,-20,11,8,23,14,24,14,7,15,-20,14,-20,-20,-20,-20,-20,48,-20,-20,-20,-20,-20,4,-20,-20,35,42,-20,39,58,52,52,42,65,-20,-20,3,-20,-20,-20,12,28,22,51,12,-20,5,-20,10,37,7,3,6,-20,42,6,22,38,-20,28,16,32,-20,-20,-20,20,-20,-20,-20,-20,-20,6,6,-20,-20,-20,-20,-20,9,18,8,-20,9,-20,-20,-20,-20,5,-20,-20,11,-20,6,70,12,9,11,129,-20,2,-20,-20,11,-20,-20,-20,19,14,-20,17,-20,-20,12,-20,-20,-20,5,7,89,-20,-20,-20,-20,-20,-20,9,16,-20,20,-20,21,-20,11,-20,-20,-20,10,-20,6,15,4,11,3,-20,9,30,-20,-20,-20,-20,28,-20,-20,17,15,-20,8,-20,-20,-20,9,16,-20,11,15,13,-20,9,18,15,67,19,-20,9,8,-20,-20,-20,-20,-20,-20,-20,9,-20,-20,-20,-20,-20,-20,-20,-20,6,14,-20,-20,-20,-20,10,54,43,-20,-20,13,-20,-20,-20,11,-20,7,5,-20,11,7,14,16,25,9,-20,10,-20,7,-20,5,5,52,-20,21,5,-20,-20,-20,-20,9,-20,46,39,48,38,15,55,42,-20,-20,42,40,4,6,34,-20,-20,-20,11,7,14,22,6,-20,8,-20,-20,-20,-20,13,-20,-20,26,-20,6,-20,-20,-20,-20,-20,-20,-20,7,-20,8,29,-20,-20,-20,-20,-20,-20,7,-20,17,-20,9,22,-20,-20,20,-20,8,-20,-20,30,-20,23,48,55,26,33,41,11,-20,6,-20,-20,-20,-20,-20,-20,10,6,-20,10,-20,-20,-20,-20,-20,-20,-20,-20,-20,-20,-20,-20,-20,12,12,16,13,10,14,-20,-20,-20,33,39,-20,-20,-20,5,-20,-20,21,-20,-20,-20,-20,48,-20,15,29,-20,22,79,45,-20,-20,-20,-20,-20,-20,-20,-20,-20,32,50,-20,13,36,27,36,44,-20,-20,-20,-20,5,8,26,29,-20,-20,4,12,-20,6,-20,-20,-20,12,4,8,6,-20,-20,-20,-20,-20,-20,-20,-20,-20,-20,-20,18,4,-20,4,9,-20,-20,-20,-20,-20,6,-20,-20,-20,-20,9,8,-20,6,-20,-20,-20,14,8,-20,-20,7,11,7,-20,-20,-20,4,13,-20,-20,-20,-20,-20,16,18,-20,-20,-20,-20,-20,-20,-20,-20,4,-20,15,-20,-20,-20,-20,-20,-20,-20,-20,-20,-20,7,18,-20,-20,11,-20,-20,7,3,-20,10,2,15,6,5,8,10,10,19,14,18,-20,13,8,8,6,5,3,5,9,4,5,10,-20,19,-20,-20,11,9,10,6,9,6,-20,-20,-20,-20,-20,-20,-20,-20,7,-20,-20,-20,-20,-20,-20,15,-20,3,5,4,6,-20,12,9,22,9,18,10,26,17,8,40,18,-20,-20,28,-20,11,3,3,15,11,15,12,7,-20,13,-20,14,14,-20,-20,11,-20,-20,-20,-20,-20,16,15,-20,4,7,-20,8,-20,-20,3,13,7,-20,-20,6,5,11,5,9,-20,5,14,-20,5,4,-20,-20,9,3,6,5,8,9,15,-20,-20,-20,19,-20,-20,-20,-20,12,13,-20,9,-20,10,-20,-20,-20,21,21,8,12,5,-20,-20,-20,-20,-20,16,10,20,-20,-20,-20,-20,-20,-20,-20,-20,15,-20,6,-20,17,15,-20,-20,9,-20,-20,-20,-20,-20,-20,5,-20,-20,-20,11,-20,-20,-20,-20,3,-20,-20,9,-20,6,-20,-20,4,-20,-20,-20,-20,11,7,-20,-20,11,12,-20,-20,-20,-20,-20,11,-20,-20,-20,-20,12,-20,-20,-20,-20,-20,-20,8,-20,-20,-20,-20,-20,9,-20,-20,-20,-20,-20,-20,7,-20,10,11,6,-20,-20,-20,-20,5,5,12,-20,-20,5,18,-20,-20,-20,10,-20,-20,-20,15,-20,-20,-20,4,-20,-20,-20,23,8,-20,-20,14,9,-20,8,-20,-20,-20,9,-20,-20,8,-20,-20,9,20,-20,-20,14,8,-20,-20,-20,-20,-20,-20,7,4,-20,-20,13,-20,-20,-20,7,-20,-20,-20,11,-20,6,-20,-20,-20,-20,3,6,-20,-20,4,-20,-20,-20,8,2,4,-20,-20,-20,-20,-20,-20,9,-20,-20,-20,11,11,-20,9,-20,-20,-20,-20,-20,15,-20,-20,-20,-20,-20,-20,11,-20,28,-20,-20,30,17,28,24,24,58,35,60,39,-20,56,-20,47,38,54
"chr4,4889623",-20,-20,-20,-20,-20,-20,-20,-20,-20,-20,-20,11,38,28,24,27,38,16,90,54,-20,-20,56,38,64,37,31,33,30,16,8,8,12,-20,57,47,39,26,-20,-20,3,-20,-20,16,15,-20,10,-20,8,11,-20,28,47,7,7,-20,72,-20,25,30,33,33,39,14,29,31,28,55,56,19,24,28,11,40,31,60,22,6,10,8,6,19,24,-20,8,35,26,64,26,24,26,24,27,34,39,21,9,41,9,44,26,34,5,-20,33,53,-20,29,36,-20,12,-20,42,4,9,6,-20,-20,2,-20,-20,5,11,-20,-20,-20,-20,41,-20,-20,-20,6,-20,3,-20,-20,-20,-20,-20,15,-20,3,4,10,-20,-20,-20,-20,-20,-20,-20,13,-20,-20,-20,17,3,11,-20,-20,-20,-20,-20,-20,-20,4,-20,7,17,5,73,54,40,16,4,31,-20,-20,10,84,-20,-20,19,-20,24,-20,13,30,12,3,33,36,4,7,-20,16,26,10,-20,20,-20,-20,-20,-20,-20,19,-20,-20,7,-20,-20,-20,-20,-20,-20,18,-20,-20,-20,-20,5,-20,-20,-20,-20,12,13,21,38,-20,7,-20,6,23,-20,-20,-20,-20,-20,-20,-20,-20,-20,-20,-20,30,-20,-20,-20,21,-20,-20,13,-20,15,19,14,9,10,20,4,41,-20,-20,10,11,-20,-20,-20,17,-20,-20,-20,22,-20,6,68,40,33,59,-20,15,8,23,13,24,19,7,14,-20,15,-20,-20,-20,-20,-20,44,-20,-20,-20,-20,-20,4,-20,-20,36,41,-20,42,58,54,58,43,66,-20,-20,2,5,-20,-20,11,28,23,52,11,-20,5,12,12,39,6,3,5,-20,44,6,23,39,6,29,14,34,-20,-20,-20,20,8,-20,-20,-20,-20,7,6,-20,-20,3,-20,-20,9,16,6,-20,11,-20,-20,-20,-20,4,-20,-20,10,-20,6,67,11,9,12,130,-20,2,-20,-20,11,-20,-20,-20,18,14,-20,10,-20,-20,11,-20,-20,-20,5,7,87,-20,-20,-20,-20,-20,-20,7,18,-20,20,-20,21,-20,12,-20,-20,-20,10,4,7,14,6,10,3,-20,10,34,-20,-20,-20,-20,26,6,-20,16,13,-20,7,-20,-20,-20,8,15,-20,11,15,12,-20,9,18,15,67,19,-20,9,8,-20,-20,-20,-20,-20,11,6,10,-20,-20,-20,-20,-20,-20,-20,-20,7,14,-20,-20,-20,-20,10,58,42,-20,-20,12,-20,-20,-20,11,-20,7,4,-20,11,-20,12,15,24,11,-20,11,-20,7,-20,5,6,50,-20,20,5,-20,-20,-20,-20,9,-20,43,40,46,40,14,53,40,-20,-20,40,39,5,6,37,17,-20,-20,13,6,-20,21,4,-20,8,-20,-20,-20,-20,13,-20,-20,26,-20,6,-20,-20,-20,-20,-20,-20,-20,-20,19,-20,29,-20,-20,-20,-20,-20,-20,6,47,19,-20,-20,21,-20,-20,18,-20,-20,-20,-20,31,-20,23,52,54,27,34,42,13,26,6,-20,-20,-20,-20,-20,-20,9,6,-20,10,-20,7,-20,-20,-20,-20,-20,-20,-20,-20,-20,-20,-20,12,12,16,13,10,14,-20,-20,-20,32,38,12,-20,-20,5,-20,-20,22,-20,34,29,-20,43,-20,19,27,-20,23,75,44,-20,-20,4,-20,-20,-20,-20,-20,-20,33,50,-20,17,32,28,38,48,-20,-20,-20,-20,5,11,29,32,-20,-20,4,12,-20,5,-20,-20,8,12,4,8,6,-20,-20,-20,-20,-20,-20,-20,-20,-20,-20,-20,17,3,-20,4,-20,-20,-20,-20,-20,-20,6,-20,-20,-20,-20,8,9,-20,6,-20,-20,-20,14,10,-20,-20,7,12,7,-20,10,-20,3,12,-20,-20,-20,-20,-20,14,19,-20,-20,-20,-20,-20,-20,-20,-20,4,-20,16,-20,-20,-20,-20,-20,-20,8,-20,-20,-20,7,16,-20,-20,11,-20,-20,7,3,6,11,2,14,5,4,8,11,10,19,13,18,-20,13,8,8,6,5,3,5,9,5,5,10,7,20,6,9,11,9,11,6,10,8,-20,-20,-20,-20,-20,-20,13,-20,7,-20,-20,-20,-20,-20,-20,-20,-20,-20,5,4,5,-20,12,9,22,10,17,12,26,17,8,42,20,-20,-20,28,-20,11,3,-20,15,13,14,12,7,-20,13,-20,14,13,-20,8,11,-20,-20,-20,-20,-20,17,14,-20,-20,7,-20,6,-20,-20,4,13,7,-20,-20,6,5,12,7,8,20,5,14,-20,5,4,12,-20,9,3,6,5,8,9,15,-20,-20,-20,20,-20,-20,-20,-20,16,14,-20,9,-20,11,-20,-20,-20,20,20,8,13,5,-20,-20,-20,-20,-20,17,11,20,-20,-20,-20,-20,-20,-20,-20,-20,15,-20,6,-20,18,14,-20,-20,9,10,-20,-20,-20,-20,-20,6,-20,-20,-20,11,-20,-20,-20,-20,3,-20,13,9,-20,5,-20,-20,4,-20,-20,-20,-20,12,-20,-20,-20,9,11,-20,-20,-20,-20,-20,11,-20,-20,-20,-20,12,-20,-20,-20,-20,-20,-20,8,-20,-20,-20,-20,-20,9,-20,-20,7,-20,-20,-20,7,-20,9,10,6,-20,-20,-20,-20,5,6,11,-20,-20,5,18,-20,-20,-20,9,-20,-20,-20,13,6,-20,-20,4,-20,-20,-20,23,9,-20,-20,14,9,-20,8,-20,-20,-20,9,-20,-20,8,-20,-20,9,19,-20,-20,14,7,-20,-20,-20,-20,-20,-20,7,4,-20,7,11,10,-20,-20,7,-20,-20,-20,10,-20,5,-20,-20,-20,-20,3,7,11,-20,6,-20,-20,5,6,-20,6,-20,-20,-20,-20,-20,-20,-20,-20,-20,-20,8,-20,-20,5,7,-20,6,-20,-20,13,-20,-20,-20,-20,6,-20,8,-20,28,8,-20,27,16,27,24,25,63,36,71,55,-20,57,43,45,38,55
"chr4,4889624",-20,-20,-20,-20,-20,-20,-20,-20,-20,-20,-20,11,37,28,24,28,38,16,88,55,-20,-20,56,40,64,37,30,33,30,16,8,8,12,-20,56,47,39,26,-20,-20,3,-20,-20,16,15,-20,10,-20,8,12,-20,28,47,7,7,-20,74,-20,25,29,33,33,39,14,29,31,31,56,56,19,24,30,10,37,30,59,22,6,-20,7,6,17,24,-20,8,34,25,65,26,24,26,25,26,33,39,21,7,41,8,43,25,33,5,-20,33,52,-20,27,38,-20,12,-20,42,4,9,6,-20,-20,2,-20,-20,4,11,-20,-20,-20,-20,41,-20,9,-20,6,-20,3,-20,-20,-20,-20,-20,15,-20,3,4,10,-20,-20,-20,-20,-20,-20,-20,13,-20,-20,-20,18,3,11,-20,-20,-20,-20,-20,-20,-20,4,-20,7,17,5,74,57,38,17,4,30,-20,-20,10,86,-20,-20,19,-20,24,-20,14,30,12,3,33,35,4,6,-20,16,26,10,-20,20,-20,-20,-20,-20,-20,19,-20,-20,7,-20,-20,-20,-20,-20,-20,18,-20,-20,-20,-20,5,-20,-20,-20,-20,13,13,21,39,-20,7,-20,6,23,-20,-20,-20,-20,-20,-20,-20,-20,-20,-20,-20,30,-20,-20,-20,21,-20,-20,13,-20,14,19,14,9,10,21,3,40,-20,-20,9,11,18,-20,-20,17,-20,-20,-20,22,-20,6,68,44,33,59,-20,15,8,22,13,25,19,7,15,-20,15,-20,-20,-20,-20,-20,46,-20,-20,-20,-20,-20,4,-20,-20,36,41,-20,44,60,50,58,43,66,-20,-20,2,5,-20,-20,11,26,22,51,10,-20,5,-20,12,40,6,3,5,-20,44,6,23,40,6,29,14,33,-20,-20,-20,20,8,-20,-20,-20,-20,7,-20,-20,-20,3,-20,-20,11,16,6,-20,11,-20,-20,-20,-20,5,-20,-20,10,-20,6,66,11,9,12,132,-20,2,-20,-20,12,-20,-20,-20,20,12,-20,9,-20,-20,11,-20,-20,-20,5,6,88,-20,-20,-20,-20,-20,-20,7,18,-20,20,-20,22,-20,12,-20,-20,-20,10,-20,7,14,6,10,3,-20,10,35,-20,-20,-20,-20,26,6,-20,16,13,-20,7,-20,-20,-20,8,15,-20,11,15,12,-20,9,18,15,68,18,-20,9,8,-20,-20,-20,-20,-20,11,6,10,-20,-20,-20,-20,-20,-20,-20,-20,7,14,-20,-20,-20,-20,10,57,44,-20,-20,12,-20,-20,-20,11,-20,8,-20,-20,11,-20,12,15,24,11,-20,11,-20,7,-20,4,6,50,-20,20,5,-20,-20,-20,-20,9,-20,43,40,46,40,14,54,40,-20,-20,40,35,5,5,38,17,-20,-20,13,6,-20,22,4,-20,8,-20,-20,-20,-20,13,-20,-20,28,-20,-20,-20,-20,-20,-20,-20,-20,-20,7,20,-20,30,-20,-20,-20,-20,-20,-20,6,48,19,-20,10,21,-20,-20,18,-20,-20,-20,-20,33,-20,22,54,55,28,34,41,13,27,6,-20,-20,-20,-20,-20,-20,9,6,-20,9,-20,7,-20,-20,-20,-20,-20,-20,-20,-20,-20,-20,-20,10,11,14,13,10,14,-20,-20,-20,32,36,13,-20,-20,5,-20,-20,22,-20,35,27,-20,45,-20,20,29,-20,23,71,45,-20,-20,4,-20,-20,-20,-20,-20,-20,32,50,-20,17,32,28,38,47,-20,-20,-20,-20,-20,12,29,33,-20,-20,4,12,-20,5,-20,-20,9,10,3,7,4,-20,-20,-20,-20,-20,-20,-20,-20,-20,-20,-20,16,2,-20,4,9,-20,-20,-20,-20,-20,6,-20,-20,-20,-20,8,8,-20,6,-20,-20,-20,14,8,-20,-20,6,12,6,-20,10,-20,3,11,-20,-20,-20,-20,-20,15,18,-20,-20,-20,-20,-20,-20,-20,-20,4,-20,16,-20,-20,-20,-20,-20,-20,8,-20,-20,-20,7,16,-20,-20,11,-20,-20,7,3,6,10,2,14,5,4,8,11,10,18,13,18,-20,12,7,7,5,5,3,4,8,5,4,9,-20,20,-20,-20,11,9,11,7,10,8,-20,-20,-20,-20,-20,-20,13,-20,7,-20,-20,-20,-20,-20,-20,12,-20,-20,5,4,5,-20,11,9,20,10,17,12,26,16,8,41,20,-20,-20,28,-20,10,3,-20,15,13,14,12,6,-20,13,-20,14,12,-20,8,11,-20,-20,-20,-20,-20,17,14,-20,-20,6,-20,5,-20,-20,4,11,7,-20,-20,6,5,12,7,7,20,5,14,-20,5,3,12,-20,8,3,6,5,7,9,13,-20,-20,-20,20,-20,-20,-20,-20,15,13,-20,9,-20,10,-20,-20,-20,20,19,8,13,5,-20,-20,-20,-20,-20,16,11,18,-20,-20,-20,-20,-20,-20,-20,-20,15,-20,5,-20,17,12,-20,-20,8,10,-20,-20,-20,-20,-20,5,-20,-20,-20,11,-20,-20,-20,-20,-20,-20,13,9,-20,5,-20,-20,4,-20,-20,-20,-20,11,6,-20,-20,9,12,-20,-20,-20,-20,-20,10,-20,-20,-20,-20,12,-20,-20,-20,-20,-20,-20,7,-20,-20,-20,-20,-20,8,-20,-20,7,-20,-20,-20,7,-20,8,10,6,-20,-20,-20,-20,5,6,11,-20,-20,5,18,-20,-20,-20,9,-20,-20,-20,13,6,-20,-20,4,-20,-20,-20,23,9,-20,-20,14,9,-20,8,-20,-20,-20,9,-20,-20,7,-20,-20,8,17,-20,-20,14,6,-20,-20,-20,-20,-20,-20,6,4,-20,7,13,10,-20,-20,7,-20,-20,-20,11,-20,5,-20,-20,-20,-20,3,6,10,-20,-20,-20,-20,5,6,-20,5,-20,-20,-20,-20,-20,-20,-20,-20,-20,-20,-20,-20,-20,-20,-20,-20,6,-20,-20,15,-20,-20,-20,-20,-20,-20,8,-20,28,8,-20,27,17,28,24,24,64,36,76,55,-20,59,43,46,39,54
"chr4,4889625",-20,-20,-20,-20,-20,-20,-20,-20,-20,-20,-20,11,38,27,24,27,38,16,81,55,-20,-20,54,40,65,37,28,33,31,16,8,8,12,-20,57,48,39,25,-20,-20,3,-20,-20,18,13,-20,10,-20,9,12,-20,28,46,7,6,-20,69,-20,25,29,33,33,39,14,29,34,30,57,56,19,23,30,11,39,29,57,22,6,-20,7,6,18,24,-20,8,34,24,64,26,24,26,24,26,33,37,20,7,42,8,43,27,33,5,-20,32,53,-20,27,40,-20,12,-20,41,-20,9,6,-20,-20,2,-20,-20,4,11,-20,-20,-20,-20,41,-20,-20,-20,6,-20,3,-20,-20,-20,-20,-20,15,-20,3,-20,9,-20,-20,-20,-20,-20,-20,-20,11,-20,-20,-20,18,3,11,-20,-20,-20,-20,-20,-20,-20,4,-20,7,17,6,-20,-20,-20,-20,4,29,-20,-20,10,86,-20,-20,18,-20,24,-20,14,30,12,-20,33,35,4,-20,-20,-20,22,10,-20,20,-20,-20,-20,-20,-20,19,-20,-20,7,-20,-20,-20,-20,6,-20,18,-20,-20,-20,-20,-20,-20,-20,-20,-20,13,12,21,37,-20,-20,-20,6,-20,-20,-20,-20,-20,-20,-20,-20,-20,-20,-20,-20,29,-20,-20,-20,21,-20,-20,13,-20,15,19,14,-20,10,21,-20,38,-20,-20,9,10,18,-20,-20,16,-20,-20,-20,23,-20,4,-20,-20,32,57,-20,15,8,22,13,23,19,7,15,-20,15,-20,-20,-20,-20,-20,46,-20,-20,-20,-20,-20,4,-20,-20,37,43,-20,43,60,51,58,43,66,-20,-20,2,-20,-20,-20,11,26,22,49,13,-20,5,-20,11,-20,6,3,5,-20,43,6,23,40,-20,29,14,34,-20,-20,-20,20,-20,-20,-20,-20,-20,7,6,-20,-20,3,-20,-20,11,16,6,-20,11,-20,-20,-20,-20,5,-20,-20,11,-20,6,66,11,9,11,133,-20,2,-20,-20,12,-20,-20,-20,20,-20,-20,8,-20,-20,11,-20,-20,-20,5,6,86,-20,-20,-20,-20,-20,-20,7,18,-20,20,-20,25,-20,12,-20,-20,-20,10,4,7,14,6,10,3,-20,10,35,-20,-20,-20,-20,26,-20,-20,16,-20,-20,6,-20,-20,-20,8,15,-20,11,14,12,-20,9,17,14,67,-20,-20,9,8,-20,-20,-20,-20,-20,10,-20,10,-20,-20,-20,-20,-20,-20,-20,-20,7,14,-20,-20,-20,-20,11,58,45,-20,-20,12,-20,-20,-20,11,-20,8,-20,-20,11,-20,12,15,-20,11,-20,11,-20,7,-20,4,7,50,-20,20,5,-20,-20,-20,-20,9,-20,43,39,46,40,14,56,38,-20,-20,40,34,5,5,38,-20,-20,-20,14,6,14,21,4,-20,-20,-20,-20,-20,-20,13,-20,-20,28,-20,-20,-20,-20,-20,-20,-20,-20,-20,7,19,-20,29,-20,-20,-20,-20,-20,-20,7,-20,19,-20,-20,21,-20,-20,18,-20,-20,-20,-20,33,-20,23,52,55,28,33,43,14,24,6,-20,-20,-20,-20,-20,-20,9,6,-20,9,-20,-20,-20,-20,-20,-20,-20,-20,-20,-20,-20,-20,-20,10,11,14,12,10,14,-20,-20,-20,31,36,-20,-20,-20,5,-20,-20,20,-20,-20,25,-20,43,-20,-20,29,-20,24,77,44,-20,-20,-20,-20,-20,-20,-20,-20,-20,31,49,-20,18,32,26,38,45,-20,-20,-20,-20,-20,13,28,34,-20,-20,-20,12,-20,5,-20,-20,-20,10,3,7,4,-20,-20,-20,-20,-20,-20,-20,-20,-20,-20,-20,15,2,-20,4,9,-20,-20,-20,-20,-20,6,-20,-20,-20,-20,8,8,-20,6,-20,-20,-20,14,8,-20,-20,5,11,6,-20,-20,-20,3,11,-20,-20,-20,-20,-20,15,18,-20,-20,-20,-20,-20,-20,-20,-20,4,-20,15,-20,-20,-20,-20,-20,-20,-20,-20,-20,-20,7,16,-20,-20,11,-20,-20,7,3,-20,-20,2,14,5,4,8,11,10,18,13,18,-20,12,7,7,5,5,3,4,8,5,4,9,-20,20,-20,-20,11,9,11,7,10,8,-20,-20,-20,-20,-20,-20,-20,-20,7,-20,-20,-20,-20,-20,-20,12,-20,-20,5,4,5,-20,10,9,20,10,16,11,26,16,8,41,20,-20,-20,28,-20,10,3,-20,15,13,14,12,6,-20,12,-20,14,12,-20,-20,11,-20,-20,-20,-20,-20,17,14,-20,-20,6,-20,5,-20,-20,4,11,7,-20,-20,6,5,12,7,7,20,4,14,-20,5,3,-20,-20,8,3,6,5,7,9,13,-20,-20,-20,20,-20,-20,-20,-20,15,13,-20,9,-20,10,-20,-20,-20,20,19,8,12,5,-20,-20,-20,-20,-20,15,11,18,-20,-20,-20,-20,-20,-20,-20,-20,15,-20,5,-20,16,11,-20,-20,8,-20,-20,-20,-20,-20,-20,5,-20,-20,-20,11,-20,-20,-20,-20,-20,-20,-20,9,-20,5,-20,-20,4,-20,-20,-20,-20,11,6,-20,-20,8,12,-20,-20,-20,-20,-20,10,-20,-20,-20,-20,12,-20,-20,-20,-20,-20,-20,7,-20,-20,-20,-20,-20,8,-20,-20,-20,-20,-20,-20,7,-20,8,9,6,-20,-20,-20,-20,5,6,11,-20,-20,4,18,-20,-20,-20,10,-20,-20,-20,13,-20,-20,-20,4,-20,-20,-20,23,9,-20,-20,14,9,-20,8,-20,-20,-20,9,-20,-20,-20,-20,-20,8,15,-20,-20,13,5,-20,-20,-20,-20,-20,-20,5,4,-20,-20,-20,-20,-20,-20,7,-20,-20,-20,10,-20,6,-20,-20,-20,-20,-20,8,-20,-20,-20,-20,-20,5,6,-20,6,-20,-20,-20,-20,-20,-20,-20,-20,-20,-20,9,10,-20,-20,-20,-20,6,-20,-20,14,-20,-20,-20,-20,-20,-20,9,-20,28,-20,-20,27,16,26,24,22,58,35,76,55,-20,58,38,46,37,54
"chr4,4889626",-20,-20,-20,-20,-20,-20,-20,-20,-20,-20,-20,11,39,27,24,26,38,16,86,55,-20,-20,55,38,64,37,29,33,30,17,8,9,12,-20,57,48,40,27,-20,-20,3,-20,-20,18,13,-20,10,-20,9,12,-20,31,52,7,6,-20,70,-20,25,30,33,32,39,14,29,34,32,57,59,19,21,33,11,40,30,59,22,6,10,7,6,18,24,-20,8,34,25,65,27,24,26,24,26,33,40,20,7,42,8,43,27,34,5,-20,33,53,-20,29,39,-20,12,-20,45,4,9,6,-20,-20,2,-20,-20,4,11,-20,-20,-20,-20,41,-20,9,-20,6,-20,3,-20,-20,-20,-20,-20,15,-20,3,4,9,-20,-20,-20,-20,-20,-20,-20,12,-20,-20,-20,18,3,11,-20,-20,-20,-20,-20,-20,-20,5,-20,7,17,6,77,57,38,17,4,31,-20,-20,10,91,-20,-20,19,-20,24,-20,14,30,12,3,33,37,4,7,-20,15,24,9,-20,20,-20,-20,-20,-20,-20,20,-20,-20,7,-20,-20,-20,-20,6,-20,18,-20,-20,-20,-20,5,-20,-20,-20,-20,13,12,26,39,-20,7,-20,6,22,-20,-20,-20,-20,-20,-20,-20,-20,-20,-20,-20,30,-20,-20,-20,22,-20,-20,14,-20,16,19,14,9,10,21,3,36,-20,-20,9,11,17,-20,-20,17,-20,-20,-20,22,-20,4,66,43,32,60,-20,17,8,23,11,24,19,7,15,-20,15,-20,-20,-20,-20,-20,46,-20,-20,-20,-20,-20,4,-20,-20,37,44,-20,41,61,51,55,44,66,-20,-20,2,5,-20,-20,11,27,22,52,13,-20,5,12,11,40,6,3,5,-20,43,6,23,39,6,30,14,33,-20,-20,-20,20,9,-20,-20,-20,-20,6,6,-20,-20,4,-20,-20,11,16,7,-20,11,-20,-20,-20,-20,5,-20,-20,12,-20,6,65,12,9,12,135,-20,2,-20,-20,12,-20,-20,-20,20,12,-20,8,-20,-20,11,-20,-20,-20,5,6,84,-20,-20,-20,-20,-20,-20,7,18,-20,20,-20,25,-20,12,-20,-20,-20,10,4,7,14,6,9,3,-20,10,35,-20,-20,-20,-20,25,7,-20,17,14,-20,6,-20,-20,-20,8,17,-20,11,15,12,-20,9,18,15,69,17,-20,10,7,-20,-20,-20,-20,-20,11,6,12,-20,-20,-20,-20,-20,-20,-20,-20,7,14,-20,-20,-20,-20,11,59,44,-20,-20,12,-20,-20,-20,11,-20,8,4,-20,11,-20,12,15,23,11,-20,11,-20,7,-20,4,7,50,-20,20,5,-20,-20,-20,-20,9,-20,43,41,45,39,14,57,35,-20,-20,40,34,5,5,38,18,-20,-20,14,5,-20,22,5,-20,8,-20,-20,-20,-20,13,-20,-20,28,-20,6,-20,-20,3,-20,-20,-20,-20,7,18,8,30,-20,-20,-20,-20,-20,-20,7,47,19,-20,10,21,-20,-20,18,-20,10,-20,-20,33,-20,23,54,55,28,34,45,14,24,6,-20,-20,-20,-20,-20,-20,9,6,-20,9,-20,7,-20,-20,-20,-20,-20,-20,-20,-20,-20,-20,-20,10,11,14,12,11,14,-20,-20,-20,31,33,13,-20,-20,5,-20,-20,22,-20,34,24,-20,40,-20,19,29,-20,25,75,49,-20,-20,3,-20,-20,-20,-20,-20,-20,32,50,-20,18,30,28,38,47,-20,-20,-20,-20,5,13,29,33,-20,-20,4,12,-20,5,-20,-20,9,-20,3,7,4,-20,-20,-20,-20,-20,-20,-20,-20,-20,-20,-20,15,2,-20,4,9,-20,-20,-20,-20,-20,6,-20,-20,-20,-20,8,8,-20,6,-20,-20,-20,14,8,-20,-20,5,12,7,-20,10,-20,3,11,-20,-20,-20,-20,-20,15,18,-20,-20,-20,-20,-20,-20,-20,-20,4,-20,16,-20,-20,-20,-20,-20,-20,8,-20,-20,-20,7,16,-20,-20,11,-20,-20,7,3,6,10,2,14,5,4,7,11,10,18,13,18,-20,13,7,7,5,5,3,4,8,5,4,9,7,20,6,-20,11,9,11,7,10,8,-20,-20,-20,-20,-20,-20,13,-20,7,-20,-20,-20,-20,-20,-20,13,-20,-20,5,4,5,-20,10,9,19,10,17,11,26,16,8,41,20,-20,-20,27,-20,10,3,-20,15,14,14,12,7,-20,13,-20,16,12,-20,8,11,-20,-20,-20,-20,-20,17,15,-20,-20,6,-20,5,-20,-20,4,11,7,-20,-20,6,5,12,7,7,20,4,14,-20,5,3,13,-20,8,3,6,5,9,9,13,-20,-20,-20,20,-20,-20,-20,-20,16,13,-20,9,-20,10,-20,-20,-20,20,19,8,13,5,-20,-20,-20,-20,-20,16,11,17,-20,-20,-20,-20,-20,-20,-20,-20,15,-20,5,-20,17,11,-20,-20,8,10,-20,-20,-20,-20,-20,5,-20,-20,-20,11,-20,-20,-20,-20,-20,-20,13,9,-20,5,-20,-20,4,-20,-20,-20,-20,11,6,-20,-20,8,11,-20,-20,-20,-20,-20,9,-20,-20,-20,-20,12,-20,-20,-20,-20,-20,-20,7,-20,-20,-20,-20,-20,8,-20,-20,7,-20,-20,-20,7,-20,8,9,6,-20,-20,-20,-20,5,6,11,-20,-20,4,18,-20,-20,-20,10,-20,-20,-20,13,6,-20,-20,4,-20,-20,-20,23,9,-20,-20,15,9,-20,8,-20,-20,-20,9,-20,-20,9,-20,-20,8,15,-20,-20,13,5,-20,-20,-20,-20,-20,-20,7,4,-20,6,14,11,-20,-20,6,-20,-20,-20,10,-20,6,-20,-20,-20,-20,-20,8,10,-20,-20,-20,-20,5,7,-20,6,-20,-20,5,-20,-20,-20,10,-20,5,-20,10,11,-20,8,9,-20,6,-20,-20,12,-20,-20,-20,-20,6,-20,-20,-20,28,8,-20,28,17,29,24,25,62,36,76,55,-20,57,43,45,38,52
"chr4,4889628",-20,-20,-20,-20,-20,-20,-20,-20,-20,-20,-20,11,40,28,25,25,37,17,87,53,-20,-20,54,40,64,36,30,36,30,17,7,10,12,-20,57,44,40,27,-20,-20,3,-20,-20,18,17,-20,10,-20,9,12,-20,30,51,7,-20,-20,71,-20,25,30,33,34,37,14,30,34,31,57,62,18,27,34,11,39,29,58,21,6,10,7,6,18,24,-20,8,34,26,64,29,24,27,25,32,32,39,22,7,41,8,45,26,34,5,-20,34,50,-20,30,40,-20,12,-20,43,-20,9,6,-20,-20,2,-20,-20,4,11,-20,-20,-20,-20,43,-20,9,-20,6,-20,3,-20,-20,-20,-20,-20,15,-20,3,4,9,-20,-20,-20,-20,-20,-20,-20,10,-20,-20,-20,18,2,10,-20,-20,-20,-20,-20,-20,-20,5,-20,7,17,6,79,55,33,18,4,30,-20,-20,10,94,-20,-20,19,-20,22,-20,14,30,12,3,33,36,4,-20,-20,-20,23,9,-20,20,-20,-20,-20,-20,-20,21,-20,-20,7,-20,-20,-20,-20,7,-20,18,-20,-20,-20,-20,-20,-20,-20,-20,-20,15,12,23,41,-20,7,-20,6,-20,-20,-20,-20,-20,-20,-20,-20,-20,-20,-20,-20,29,-20,-20,-20,23,-20,-20,15,-20,17,20,15,-20,10,20,3,35,-20,-20,9,10,18,-20,-20,17,-20,-20,-20,23,-20,6,65,43,31,59,-20,17,8,24,12,22,17,7,15,-20,15,-20,-20,-20,-20,-20,48,-20,-20,-20,-20,-20,4,-20,-20,36,45,-20,39,58,51,57,44,68,-20,-20,-20,4,-20,-20,14,27,23,52,16,-20,5,13,10,39,5,3,5,-20,44,7,22,38,-20,31,14,35,-20,-20,-20,19,-20,-20,-20,-20,-20,7,7,-20,-20,4,-20,-20,11,15,7,-20,12,-20,-20,-20,-20,6,-20,-20,12,-20,6,67,12,9,14,132,-20,2,-20,-20,12,-20,-20,-20,22,12,-20,7,-20,-20,11,-20,-20,-20,5,6,85,-20,-20,-20,-20,-20,-20,7,18,-20,20,-20,25,-20,12,-20,-20,-20,9,4,7,13,6,7,3,-20,10,36,-20,-20,-20,-20,25,-20,-20,19,13,-20,6,-20,-20,-20,8,18,-20,11,15,12,-20,9,16,14,67,17,-20,10,7,-20,-20,-20,-20,-20,10,-20,11,-20,-20,-20,-20,-20,-20,-20,-20,8,13,-20,-20,-20,-20,11,58,43,-20,-20,10,-20,-20,-20,11,-20,8,4,-20,11,-20,12,15,24,11,-20,10,-20,6,-20,5,7,49,-20,20,5,-20,-20,-20,-20,10,-20,44,42,46,39,15,56,34,-20,-20,41,35,5,5,39,-20,-20,-20,13,5,13,22,5,-20,9,-20,-20,-20,-20,16,-20,-20,28,-20,7,-20,-20,-20,-20,-20,-20,-20,7,17,7,29,-20,-20,-20,-20,-20,-20,7,48,19,-20,11,20,-20,-20,18,-20,12,-20,-20,33,-20,23,54,53,28,34,43,14,24,6,-20,-20,-20,-20,-20,-20,9,6,-20,9,-20,-20,-20,-20,-20,-20,-20,-20,-20,-20,-20,-20,-20,10,11,14,12,11,14,-20,-20,-20,30,34,-20,-20,-20,5,-20,-20,24,-20,34,23,-20,37,-20,20,30,-20,25,74,46,-20,-20,3,-20,-20,-20,-20,-20,-20,30,49,-20,17,28,26,38,46,-20,-20,-20,-20,5,13,29,32,-20,-20,4,13,-20,6,-20,-20,9,10,3,7,4,-20,-20,-20,-20,-20,-20,-20,-20,-20,-20,-20,15,2,-20,4,9,-20,-20,-20,-20,-20,6,-20,-20,-20,-20,8,9,-20,6,-20,-20,-20,12,8,-20,-20,5,12,7,-20,10,-20,3,11,-20,-20,-20,-20,-20,14,18,-20,-20,-20,-20,-20,-20,-20,-20,4,-20,16,-20,-20,-20,-20,-20,-20,-20,-20,-20,-20,7,16,-20,-20,11,-20,-20,7,4,-20,-20,2,14,5,5,7,11,10,18,13,18,-20,13,7,7,5,6,3,4,8,5,4,9,7,20,6,9,11,9,11,7,10,8,-20,-20,-20,-20,-20,-20,-20,-20,7,-20,-20,-20,-20,-20,-20,13,-20,-20,5,4,5,-20,10,9,19,10,17,11,26,16,8,42,20,-20,-20,27,-20,10,3,-20,15,14,14,13,7,-20,13,-20,16,12,-20,-20,11,-20,-20,-20,-20,-20,17,15,-20,-20,6,-20,5,-20,-20,4,11,7,-20,-20,6,5,12,7,7,20,4,14,-20,5,3,-20,-20,8,3,6,6,9,9,13,-20,-20,-20,20,-20,-20,-20,-20,16,14,-20,9,-20,10,-20,-20,-20,20,19,8,12,6,-20,-20,-20,-20,-20,15,11,17,-20,-20,-20,-20,-20,-20,-20,-20,15,-20,5,-20,17,10,-20,-20,8,10,-20,-20,-20,-20,-20,5,-20,-20,-20,10,-20,-20,-20,-20,-20,-20,-20,9,-20,5,-20,-20,4,-20,-20,-20,-20,12,6,-20,-20,7,12,-20,-20,-20,-20,-20,9,-20,-20,-20,-20,12,-20,-20,-20,-20,-20,-20,7,-20,-20,-20,-20,-20,8,-20,-20,-20,-20,-20,-20,7,-20,8,8,6,-20,-20,-20,-20,5,6,11,-20,-20,4,18,-20,-20,-20,-20,-20,-20,-20,13,6,-20,-20,4,-20,-20,-20,23,9,-20,-20,15,9,-20,8,-20,-20,-20,9,-20,-20,9,-20,-20,8,16,-20,-20,11,7,-20,-20,-20,-20,-20,-20,6,5,-20,-20,13,10,-20,-20,9,-20,-20,6,10,-20,6,-20,-20,-20,-20,3,8,9,-20,5,-20,-20,6,6,-20,5,-20,-20,5,-20,-20,-20,11,-20,-20,-20,10,10,-20,6,8,7,5,-20,10,13,-20,-20,-20,-20,6,-20,9,-20,28,7,-20,27,16,30,25,22,60,37,76,55,-20,59,44,44,39,53
"chr4,4889637",-20,-20,-20,-20,-20,-20,-20,-20,-20,-20,-20,11,36,27,25,22,38,19,94,48,-20,-20,50,41,68,36,35,37,-20,16,8,11,14,-20,57,45,37,29,-20,-20,3,-20,-20,14,19,-20,-20,-20,11,12,-20,32,51,5,7,-20,69,-20,29,32,34,34,43,16,28,39,32,56,67,18,28,31,10,44,23,53,20,7,9,9,6,18,26,-20,5,35,23,64,31,20,31,27,33,31,39,23,9,42,8,45,25,32,-20,-20,40,57,-20,32,34,-20,11,-20,41,4,7,6,-20,-20,2,-20,-20,3,11,-20,-20,-20,-20,44,-20,9,-20,5,-20,4,-20,-20,-20,-20,-20,16,-20,3,4,9,-20,-20,-20,-20,-20,-20,-20,11,-20,-20,-20,15,4,5,-20,-20,-20,-20,-20,-20,-20,5,-20,7,17,7,-20,-20,32,18,-20,29,-20,-20,11,82,-20,-20,-20,-20,21,-20,14,28,11,-20,32,36,3,4,4,17,21,8,-20,18,-20,-20,-20,-20,3,21,-20,-20,6,-20,-20,-20,-20,7,-20,19,-20,-20,-20,-20,-20,-20,-20,-20,-20,12,13,23,38,-20,-20,-20,4,20,-20,-20,-20,-20,-20,-20,-20,-20,-20,-20,-20,29,-20,-20,-20,23,-20,-20,14,-20,13,18,8,11,11,21,-20,36,-20,-20,8,14,17,-20,-20,16,-20,-20,-20,25,-20,-20,-20,-20,29,57,-20,17,7,24,13,27,16,8,14,-20,14,-20,-20,-20,-20,-20,48,-20,-20,-20,-20,-20,4,-20,-20,35,42,-20,35,56,47,54,42,-20,-20,-20,2,4,-20,-20,13,30,25,53,15,-20,8,-20,13,43,8,3,6,-20,45,7,-20,38,6,28,14,35,-20,-20,-20,21,8,-20,-20,-20,-20,7,6,-20,-20,4,-20,-20,14,14,7,-20,13,-20,-20,-20,-20,6,-20,-20,10,-20,5,64,11,6,-20,143,-20,-20,-20,-20,10,-20,-20,-20,21,14,-20,11,-20,-20,12,-20,-20,-20,5,5,81,-20,-20,-20,-20,-20,-20,7,15,-20,22,-20,32,-20,13,-20,-20,-20,10,4,9,13,7,8,3,-20,10,36,-20,-20,-20,-20,20,9,-20,19,11,-20,5,-20,-20,-20,11,19,-20,10,15,11,-20,8,14,19,65,18,-20,8,10,-20,-20,-20,-20,-20,10,-20,12,-20,-20,-20,-20,-20,-20,-20,-20,8,13,-20,-20,-20,-20,11,50,50,-20,-20,9,-20,-20,-20,10,-20,8,-20,-20,14,-20,8,17,26,10,-20,10,-20,6,-20,-20,7,48,-20,17,4,-20,-20,-20,-20,12,-20,44,46,46,40,14,59,34,-20,-20,44,34,5,5,39,17,-20,-20,13,-20,15,25,8,-20,9,-20,-20,-20,-20,15,-20,-20,27,-20,-20,-20,-20,3,-20,-20,-20,-20,6,17,9,31,-20,-20,-20,-20,-20,-20,6,-20,19,-20,11,19,-20,-20,15,-20,14,-20,-20,37,-20,24,53,58,33,33,38,16,-20,6,-20,-20,-20,-20,-20,-20,9,5,-20,10,-20,7,-20,-20,-20,-20,-20,-20,-20,-20,-20,-20,-20,11,11,11,11,11,12,-20,-20,-20,26,29,16,-20,-20,4,-20,-20,27,-20,-20,22,-20,29,-20,28,28,-20,26,81,46,-20,-20,3,-20,-20,-20,-20,-20,-20,32,49,-20,19,27,27,38,43,-20,-20,-20,-20,-20,16,34,30,-20,-20,-20,14,-20,6,-20,-20,11,10,4,7,5,-20,-20,-20,-20,-20,-20,-20,-20,-20,-20,-20,15,2,-20,4,7,-20,-20,-20,-20,-20,8,-20,-20,-20,-20,7,9,3,7,-20,-20,-20,14,8,-20,-20,6,11,-20,-20,9,-20,3,9,-20,-20,-20,-20,-20,13,18,-20,-20,-20,-20,-20,-20,-20,-20,4,-20,16,-20,-20,-20,-20,-20,-20,7,-20,-20,-20,8,14,-20,-20,10,-20,-20,7,4,6,-20,4,13,6,-20,6,12,10,17,12,18,-20,16,7,8,5,6,4,4,8,5,4,8,-20,19,-20,-20,13,-20,12,6,9,8,-20,-20,-20,-20,-20,-20,12,-20,6,-20,-20,-20,-20,-20,-20,12,-20,-20,4,3,6,3,11,9,16,8,18,11,24,13,7,39,17,-20,-20,27,-20,8,4,-20,12,12,14,12,7,-20,14,-20,14,12,-20,8,11,-20,-20,-20,-20,-20,13,14,-20,2,7,-20,4,-20,-20,5,11,6,-20,-20,6,4,11,8,5,18,3,13,-20,5,-20,12,-20,7,4,6,6,8,8,14,-20,-20,-20,19,-20,-20,-20,-20,-20,13,-20,9,-20,9,-20,-20,-20,18,15,8,12,5,-20,-20,-20,-20,-20,16,10,17,-20,-20,-20,-20,-20,-20,-20,-20,15,-20,4,-20,16,10,-20,-20,9,10,-20,-20,-20,-20,-20,4,-20,-20,-20,10,-20,-20,-20,-20,-20,-20,11,10,-20,5,-20,-20,4,-20,-20,-20,-20,11,5,-20,-20,6,12,-20,-20,-20,-20,-20,10,-20,-20,-20,-20,12,-20,-20,-20,-20,-20,-20,6,-20,-20,-20,-20,-20,8,-20,-20,7,-20,-20,-20,9,-20,9,6,7,-20,-20,-20,-20,5,7,9,-20,-20,6,18,-20,-20,-20,11,-20,-20,-20,12,5,-20,-20,4,-20,-20,-20,19,8,-20,-20,16,7,-20,9,-20,-20,-20,10,-20,-20,-20,-20,-20,7,15,-20,-20,11,7,3,-20,-20,-20,-20,-20,5,4,5,-20,16,-20,-20,-20,-20,-20,-20,-20,13,-20,6,-20,-20,-20,-20,-20,8,9,-20,4,9,-20,5,6,-20,6,-20,-20,-20,-20,-20,-20,-20,-20,-20,-20,6,10,-20,-20,7,9,7,-20,-20,10,8,-20,-20,6,-20,-20,9,-20,28,-20,-20,29,14,29,24,27,61,40,80,55,-20,65,-20,48,40,56
"chr4,4889642",-20,-20,-20,-20,-20,-20,-20,-20,-20,-20,-20,11,36,26,23,21,46,18,92,50,-20,-20,47,44,68,34,35,36,29,17,8,11,17,-20,56,45,38,27,-20,-20,3,-20,-20,14,17,-20,10,-20,11,14,-20,30,50,5,7,-20,71,-20,28,34,37,35,43,17,28,37,34,53,66,18,30,32,12,44,24,51,21,6,7,9,6,19,25,-20,5,33,25,61,31,19,31,27,35,30,37,24,10,41,8,42,26,31,4,-20,39,55,-20,31,33,-20,11,-20,42,-20,7,6,-20,-20,2,-20,-20,3,11,-20,-20,-20,-20,42,-20,8,-20,5,-20,4,-20,-20,-20,-20,-20,15,-20,3,4,9,-20,-20,-20,-20,-20,-20,-20,11,-20,-20,-20,15,4,5,-20,-20,-20,-20,-20,-20,-20,5,-20,7,18,7,81,56,35,18,4,29,-20,-20,13,82,-20,-20,15,-20,19,-20,17,27,10,-20,30,35,3,5,4,17,20,11,-20,18,-20,-20,-20,-20,3,22,-20,-20,4,-20,-20,-20,-20,7,-20,19,-20,-20,-20,-20,-20,-20,-20,-20,-20,11,13,22,40,-20,6,-20,3,22,-20,-20,-20,-20,-20,-20,-20,-20,-20,-20,-20,30,-20,-20,-20,21,-20,-20,14,-20,15,21,10,10,12,19,-20,37,-20,-20,9,16,18,-20,-20,16,-20,-20,-20,26,-20,9,71,37,24,54,-20,15,6,25,10,27,16,9,14,-20,13,-20,-20,-20,-20,-20,47,-20,-20,-20,-20,-20,4,-20,-20,36,43,-20,36,55,48,53,45,66,-20,-20,4,3,-20,-20,14,29,24,51,14,-20,8,12,13,42,8,3,-20,-20,45,6,20,40,6,30,14,35,-20,-20,-20,20,-20,-20,-20,-20,-20,6,6,-20,-20,4,-20,-20,14,14,9,-20,13,-20,-20,-20,-20,6,-20,-20,9,-20,4,65,11,6,15,141,-20,-20,-20,-20,12,-20,-20,-20,19,14,-20,10,-20,-20,12,-20,-20,-20,5,5,83,-20,-20,-20,-20,-20,-20,7,14,-20,19,-20,32,-20,15,-20,-20,-20,10,-20,9,13,8,8,-20,-20,9,34,-20,-20,-20,-20,21,9,-20,18,10,-20,6,-20,-20,-20,12,21,-20,10,15,11,-20,10,14,20,64,14,-20,9,11,-20,-20,-20,-20,-20,9,-20,11,-20,-20,-20,-20,-20,-20,-20,-20,8,12,-20,-20,-20,-20,11,50,49,-20,-20,-20,-20,-20,-20,10,-20,8,-20,-20,14,-20,9,18,23,10,-20,10,-20,6,-20,5,7,46,-20,16,4,-20,-20,-20,-20,12,-20,44,46,45,39,11,60,32,-20,-20,46,32,5,6,37,16,-20,-20,14,7,15,27,10,-20,10,-20,-20,-20,-20,15,-20,-20,26,-20,6,-20,-20,3,-20,-20,-20,-20,7,18,10,33,-20,-20,-20,-20,-20,-20,6,53,20,-20,10,19,-20,-20,15,-20,14,-20,-20,36,-20,24,51,53,34,32,37,17,19,6,-20,-20,-20,-20,-20,-20,8,5,-20,10,-20,7,-20,-20,-20,-20,-20,-20,-20,-20,-20,-20,-20,11,10,11,11,12,12,-20,-20,-20,29,28,17,-20,4,4,-20,-20,28,-20,37,26,-20,31,-20,31,27,-20,22,78,47,-20,-20,5,-20,-20,-20,-20,-20,-20,32,46,-20,18,26,25,39,42,-20,-20,-20,-20,4,22,35,30,-20,-20,-20,13,-20,5,-20,-20,10,9,4,6,5,-20,-20,-20,-20,-20,-20,-20,-20,-20,-20,-20,14,2,-20,4,6,-20,-20,-20,-20,-20,8,-20,-20,-20,-20,6,7,-20,7,-20,-20,-20,13,7,-20,-20,6,11,5,-20,8,-20,3,9,-20,-20,-20,-20,-20,11,18,-20,-20,-20,-20,-20,-20,-20,-20,5,-20,17,-20,-20,-20,-20,-20,-20,7,-20,-20,-20,8,13,-20,-20,10,-20,-20,8,6,7,8,3,12,5,-20,6,12,10,18,11,16,-20,14,7,6,4,6,4,4,7,5,4,8,4,20,6,6,13,9,12,6,9,7,-20,-20,-20,-20,-20,-20,13,-20,4,-20,-20,-20,-20,-20,-20,11,-20,-20,4,3,5,4,11,8,16,7,20,11,25,14,7,38,17,-20,-20,27,-20,8,5,-20,12,10,13,12,7,-20,13,-20,13,12,-20,8,12,-20,-20,-20,-20,-20,12,14,-20,2,7,-20,4,-20,-20,5,11,6,-20,-20,6,4,11,8,6,18,3,12,-20,4,-20,11,-20,7,4,6,-20,9,8,14,-20,-20,-20,20,-20,-20,-20,-20,19,9,-20,7,-20,9,-20,-20,-20,17,12,8,11,4,-20,-20,-20,-20,-20,12,9,15,-20,-20,-20,-20,-20,-20,-20,-20,15,-20,4,-20,16,9,-20,-20,9,10,-20,-20,-20,-20,-20,4,-20,-20,-20,10,-20,-20,-20,-20,-20,-20,10,10,-20,5,-20,-20,4,-20,-20,-20,-20,11,4,-20,-20,5,13,-20,-20,-20,-20,-20,9,-20,-20,-20,-20,12,-20,-20,-20,-20,-20,-20,5,-20,-20,-20,-20,-20,8,-20,-20,7,-20,-20,-20,9,-20,9,5,8,-20,-20,-20,-20,5,7,8,-20,-20,7,17,-20,-20,-20,11,-20,-20,-20,13,4,-20,-20,3,-20,-20,-20,19,8,-20,-20,15,7,-20,8,-20,-20,-20,11,-20,-20,8,-20,-20,6,14,-20,-20,11,7,5,-20,-20,-20,-20,-20,3,3,4,-20,15,6,14,-20,7,9,-20,7,12,-20,6,-20,-20,-20,-20,-20,5,9,-20,4,8,-20,5,7,-20,5,-20,3,-20,-20,-20,-20,9,-20,-20,-20,3,6,-20,-20,7,6,4,-20,-20,11,8,-20,-20,-20,4,-20,9,-20,26,5,-20,30,15,28,25,29,70,40,70,40,-20,68,49,51,43,54
"chr4,4889643",-20,-20,-20,-20,-20,-20,-20,-20,-20,-20,-20,11,36,26,23,21,47,19,92,52,-20,-20,46,44,66,34,33,36,29,-20,8,11,17,-20,57,47,38,27,-20,-20,3,-20,-20,14,17,-20,10,-20,11,14,-20,29,49,5,7,-20,71,-20,27,33,36,34,43,16,28,37,35,54,64,19,29,31,12,44,24,53,20,5,7,9,5,19,24,-20,5,34,25,61,32,19,31,28,36,30,37,23,10,40,8,42,26,29,4,-20,38,54,-20,30,33,-20,11,-20,42,-20,7,6,-20,-20,2,-20,-20,3,9,-20,-20,-20,-20,40,-20,8,-20,5,-20,4,-20,-20,-20,-20,-20,14,-20,3,4,9,-20,-20,-20,-20,-20,-20,-20,-20,-20,-20,-20,14,5,5,-20,-20,-20,-20,-20,-20,-20,5,-20,7,18,8,-20,-20,35,17,4,29,-20,-20,13,74,-20,-20,-20,-20,19,-20,17,27,10,-20,30,33,3,-20,4,-20,19,11,-20,16,-20,-20,-20,-20,-20,21,-20,-20,4,-20,-20,-20,-20,7,-20,19,-20,-20,-20,-20,-20,-20,-20,-20,-20,11,12,21,37,-20,-20,-20,3,-20,-20,-20,-20,-20,-20,-20,-20,-20,-20,-20,-20,28,-20,-20,-20,22,-20,-20,14,-20,14,21,10,10,12,20,-20,37,-20,-20,9,17,18,-20,-20,17,-20,-20,-20,25,-20,9,-20,-20,24,54,-20,15,6,25,10,27,16,9,14,-20,13,-20,-20,-20,-20,-20,47,-20,-20,-20,-20,-20,4,-20,-20,35,43,-20,35,56,49,54,43,67,-20,-20,-20,-20,-20,-20,13,29,25,48,14,-20,9,11,12,-20,8,3,-20,-20,44,6,20,39,-20,29,13,35,-20,-20,-20,19,-20,-20,-20,-20,-20,6,7,-20,-20,4,-20,-20,14,14,9,-20,14,-20,-20,-20,-20,6,-20,-20,9,-20,4,64,11,6,-20,141,-20,-20,-20,-20,12,-20,-20,-20,19,14,-20,10,-20,-20,11,-20,-20,-20,5,5,83,-20,-20,-20,-20,-20,-20,7,14,-20,19,-20,32,-20,-20,-20,-20,-20,10,-20,-20,12,8,8,-20,-20,9,34,-20,-20,-20,-20,22,-20,-20,18,9,-20,6,-20,-20,-20,12,21,-20,10,15,11,-20,10,13,20,64,15,-20,9,11,-20,-20,-20,-20,-20,-20,-20,12,-20,-20,-20,-20,-20,-20,-20,-20,8,12,-20,-20,-20,-20,11,50,49,-20,-20,7,-20,-20,-20,9,-20,8,-20,-20,14,-20,8,17,21,9,-20,10,-20,6,-20,5,7,48,-20,15,4,-20,-20,-20,-20,12,-20,45,46,43,39,10,60,33,-20,-20,44,32,5,6,39,-20,-20,-20,14,7,15,27,10,-20,10,-20,-20,-20,-20,14,-20,-20,27,-20,6,-20,-20,-20,-20,-20,-20,-20,7,17,10,33,-20,-20,-20,-20,-20,-20,6,-20,19,-20,10,19,-20,-20,15,-20,15,-20,-20,36,-20,24,50,52,35,32,36,17,19,6,-20,-20,-20,-20,-20,-20,8,5,-20,10,-20,-20,-20,-20,-20,-20,-20,-20,-20,-20,-20,-20,-20,11,11,10,12,12,12,-20,-20,-20,29,27,16,-20,-20,4,-20,-20,27,-20,-20,25,-20,30,-20,31,27,-20,20,74,47,-20,-20,5,-20,-20,-20,-20,-20,-20,34,45,-20,17,26,23,39,42,-20,-20,-20,-20,-20,22,35,30,-20,-20,-20,12,-20,5,-20,-20,-20,9,4,6,5,-20,-20,-20,-20,-20,-20,-20,-20,-20,-20,-20,13,2,-20,3,6,-20,-20,-20,-20,-20,8,-20,-20,-20,-20,6,7,-20,6,-20,-20,-20,13,7,-20,-20,5,10,5,-20,7,-20,3,8,-20,-20,-20,-20,-20,11,18,-20,-20,-20,-20,-20,-20,-20,-20,5,-20,15,-20,-20,-20,-20,-20,-20,-20,-20,-20,-20,8,13,-20,-20,9,-20,-20,8,6,-20,7,3,12,5,-20,5,12,10,18,10,15,-20,14,7,6,4,4,4,4,7,5,4,8,4,19,-20,6,12,-20,12,6,9,6,-20,-20,-20,-20,-20,-20,11,-20,4,-20,-20,-20,-20,-20,-20,11,-20,-20,4,3,5,4,10,8,16,7,18,10,24,13,6,35,17,-20,-20,28,-20,10,5,-20,12,10,13,12,6,-20,13,-20,13,12,-20,-20,12,-20,-20,-20,-20,-20,12,14,-20,2,7,-20,4,-20,-20,4,11,6,-20,-20,6,4,10,7,6,18,3,13,-20,4,-20,-20,-20,7,4,6,6,9,8,14,-20,-20,-20,21,-20,-20,-20,-20,18,9,-20,7,-20,9,-20,-20,-20,17,11,8,10,4,-20,-20,-20,-20,-20,12,9,16,-20,-20,-20,-20,-20,-20,-20,-20,14,-20,4,-20,13,9,-20,-20,9,-20,-20,-20,-20,-20,-20,4,-20,-20,-20,10,-20,-20,-20,-20,-20,-20,-20,10,-20,5,-20,-20,4,-20,-20,-20,-20,11,4,-20,-20,5,11,-20,-20,-20,-20,-20,8,-20,-20,-20,-20,12,-20,-20,-20,-20,-20,-20,5,-20,-20,-20,-20,-20,8,-20,-20,-20,-20,-20,-20,9,-20,8,5,8,-20,-20,-20,-20,5,6,8,-20,-20,8,17,-20,-20,-20,11,-20,-20,-20,13,4,-20,-20,3,-20,-20,-20,19,8,-20,-20,15,7,-20,8,-20,-20,-20,11,-20,-20,-20,-20,-20,6,12,-20,-20,11,7,5,-20,-20,-20,-20,-20,-20,3,5,-20,13,-20,13,-20,7,-20,-20,5,12,-20,6,-20,-20,-20,-20,-20,6,8,-20,4,8,-20,5,-20,-20,5,-20,-20,-20,-20,-20,-20,7,-20,-20,-20,4,10,-20,-20,7,6,4,-20,-20,10,8,-20,-20,-20,3,-20,9,-20,26,-20,-20,29,13,27,26,28,65,39,70,40,-20,68,-20,52,42,55
"chr4,4889645",-20,-20,-20,-20,-20,-20,-20,-20,-20,-20,-20,11,35,26,22,21,45,17,95,53,-20,-20,46,46,68,34,33,33,29,15,8,11,16,-20,60,45,36,26,-20,-20,3,-20,-20,14,17,-20,-20,-20,10,14,-20,29,50,6,7,-20,71,-20,28,33,36,35,43,16,27,36,36,51,64,19,29,30,12,43,23,48,18,5,7,9,5,19,23,-20,5,33,24,60,31,19,31,27,36,29,39,23,10,39,8,45,26,28,4,-20,38,53,-20,30,31,-20,11,-20,40,-20,7,6,-20,-20,2,-20,-20,3,9,-20,-20,-20,-20,39,-20,8,-20,-20,-20,4,-20,-20,-20,-20,-20,14,-20,3,3,9,-20,-20,-20,-20,-20,-20,-20,10,-20,-20,-20,14,5,5,-20,-20,-20,-20,-20,-20,-20,5,-20,7,16,8,-20,-20,34,-20,4,28,-20,-20,13,75,-20,-20,-20,-20,19,-20,17,25,10,-20,26,31,3,4,4,18,21,10,-20,18,-20,-20,-20,-20,-20,18,-20,-20,4,-20,-20,-20,-20,7,-20,19,-20,-20,-20,-20,3,-20,-20,-20,-20,11,12,22,38,-20,-20,-20,3,22,-20,-20,-20,-20,-20,-20,-20,-20,-20,-20,-20,25,-20,-20,-20,21,-20,-20,14,-20,12,22,-20,11,-20,20,-20,37,-20,-20,8,18,17,-20,-20,16,-20,-20,-20,22,-20,9,-20,-20,21,53,-20,15,5,24,11,27,17,9,14,-20,13,-20,-20,-20,-20,-20,46,-20,-20,-20,-20,-20,4,-20,-20,35,44,-20,34,53,47,54,42,65,-20,-20,-20,-20,-20,-20,13,28,24,50,14,-20,9,13,13,-20,8,3,-20,-20,43,5,20,38,-20,31,13,37,-20,-20,-20,20,-20,-20,-20,-20,-20,6,7,-20,-20,-20,-20,-20,15,13,9,-20,14,-20,-20,-20,-20,6,-20,-20,-20,-20,5,63,11,6,14,-20,-20,-20,-20,-20,12,-20,-20,-20,18,14,-20,10,-20,-20,11,-20,-20,-20,5,5,83,-20,-20,-20,-20,-20,-20,5,13,-20,19,-20,32,-20,-20,-20,-20,-20,10,-20,9,12,8,8,-20,-20,8,37,-20,-20,-20,-20,22,-20,-20,18,9,-20,6,-20,-20,-20,12,21,-20,10,15,10,-20,11,14,20,60,15,-20,9,11,-20,-20,-20,-20,-20,8,-20,12,-20,-20,-20,-20,-20,-20,-20,-20,8,11,-20,-20,-20,-20,11,51,49,-20,-20,8,-20,-20,-20,9,-20,7,-20,-20,14,-20,8,17,21,9,-20,8,-20,6,-20,4,7,48,-20,14,3,-20,-20,-20,-20,12,-20,43,44,41,41,10,58,32,-20,-20,44,30,5,6,40,15,-20,-20,-20,6,15,25,11,-20,10,-20,-20,-20,-20,15,-20,-20,27,-20,6,-20,-20,-20,-20,-20,-20,-20,7,17,10,33,-20,-20,-20,-20,-20,-20,6,-20,19,-20,10,19,-20,-20,16,-20,15,-20,-20,33,-20,23,50,51,35,32,35,17,-20,6,-20,-20,-20,-20,-20,-20,8,5,-20,10,-20,7,-20,-20,-20,-20,-20,-20,-20,-20,-20,-20,-20,11,11,10,12,12,12,-20,-20,-20,31,23,16,-20,4,4,-20,-20,27,-20,-20,22,-20,31,-20,30,26,-20,20,73,47,-20,-20,5,-20,-20,-20,-20,-20,-20,33,48,-20,17,27,22,39,41,-20,-20,-20,-20,-20,22,35,27,-20,-20,-20,12,-20,5,-20,-20,10,9,4,6,5,-20,-20,-20,-20,-20,-20,-20,-20,-20,-20,-20,-20,2,-20,3,6,-20,-20,-20,-20,-20,8,-20,-20,-20,-20,6,7,-20,6,-20,-20,-20,13,7,-20,-20,5,10,4,-20,7,-20,3,8,-20,-20,-20,-20,-20,11,-20,-20,-20,-20,-20,-20,-20,-20,-20,5,-20,14,-20,-20,-20,-20,-20,-20,8,-20,-20,-20,8,13,-20,-20,9,-20,-20,-20,6,5,7,3,12,5,-20,5,12,10,17,10,16,-20,-20,8,6,4,4,4,4,7,5,4,8,3,19,6,6,-20,8,12,-20,9,6,-20,-20,-20,-20,-20,-20,11,-20,4,-20,-20,-20,-20,-20,-20,12,-20,-20,4,3,5,4,-20,8,15,7,18,9,23,13,6,34,17,-20,-20,27,-20,11,5,-20,12,10,14,12,6,-20,13,-20,11,12,-20,8,12,-20,-20,-20,-20,-20,12,14,-20,2,7,-20,4,-20,-20,4,11,6,-20,-20,6,4,10,7,6,18,3,13,-20,4,-20,11,-20,7,4,6,6,9,8,14,-20,-20,-20,21,-20,-20,-20,-20,19,9,-20,7,-20,9,-20,-20,-20,18,11,8,11,-20,-20,-20,-20,-20,-20,12,8,16,-20,-20,-20,-20,-20,-20,-20,-20,15,-20,4,-20,14,9,-20,-20,9,10,-20,-20,-20,-20,-20,4,-20,-20,-20,-20,-20,-20,-20,-20,-20,-20,-20,10,-20,5,-20,-20,6,-20,-20,-20,-20,11,4,-20,-20,5,11,-20,-20,-20,-20,-20,9,-20,-20,-20,-20,12,-20,-20,-20,-20,-20,-20,6,-20,-20,-20,-20,-20,8,-20,-20,7,-20,-20,-20,9,-20,8,-20,7,-20,-20,-20,-20,5,6,8,-20,-20,8,17,-20,-20,-20,11,-20,-20,-20,13,4,-20,-20,3,-20,-20,-20,19,8,-20,-20,15,7,-20,7,-20,-20,-20,11,-20,-20,8,-20,-20,-20,-20,-20,-20,10,7,-20,-20,-20,-20,-20,-20,-20,-20,5,3,13,3,13,-20,-20,6,-20,7,11,-20,6,-20,-20,-20,-20,-20,5,7,-20,5,6,-20,5,6,-20,5,-20,-20,-20,-20,-20,-20,8,-20,-20,-20,4,9,-20,-20,6,-20,-20,-20,-20,9,8,-20,-20,-20,-20,-20,9,-20,26,-20,-20,28,14,28,25,29,69,40,70,31,-20,68,45,52,40,53
"chr4,4889646",-20,-20,-20,-20,-20,-20,-20,-20,-20,-20,-20,11,35,26,23,21,44,18,93,53,-20,-20,45,46,69,33,34,33,31,-20,8,-20,17,-20,59,44,37,25,-20,-20,3,-20,-20,14,17,-20,10,-20,10,14,-20,-20,47,6,7,-20,69,-20,30,33,36,35,45,16,27,38,36,50,64,19,29,29,12,41,24,48,18,5,7,9,5,19,23,-20,5,33,23,61,31,20,31,27,34,29,39,23,10,39,8,44,26,28,4,-20,41,55,-20,33,30,-20,11,-20,43,-20,6,5,-20,-20,2,-20,-20,3,9,-20,-20,-20,-20,40,-20,8,-20,5,-20,4,-20,-20,-20,-20,-20,14,-20,3,3,9,-20,-20,-20,-20,-20,-20,-20,-20,-20,-20,-20,13,5,5,-20,-20,-20,-20,-20,-20,-20,5,-20,7,16,7,90,58,35,20,4,26,-20,-20,12,75,-20,-20,12,-20,18,-20,17,21,10,-20,26,32,3,-20,4,-20,20,9,-20,17,-20,-20,-20,-20,-20,18,-20,-20,4,-20,-20,-20,-20,-20,-20,19,-20,-20,-20,-20,-20,-20,-20,-20,-20,11,11,20,36,-20,6,-20,3,20,-20,-20,-20,-20,-20,-20,-20,-20,-20,-20,-20,26,-20,-20,-20,22,-20,-20,14,-20,13,23,12,12,13,20,-20,37,-20,-20,8,17,17,-20,-20,17,-20,-20,-20,23,-20,9,69,34,22,53,-20,15,5,24,9,27,16,7,14,-20,13,-20,-20,-20,-20,-20,45,-20,-20,-20,-20,-20,3,-20,-20,35,45,-20,32,54,47,53,43,65,-20,-20,5,-20,-20,-20,12,28,24,48,12,-20,10,14,13,42,9,3,-20,-20,42,5,20,38,-20,31,13,36,-20,-20,-20,20,-20,-20,-20,-20,-20,6,7,-20,-20,4,-20,-20,14,14,-20,-20,14,-20,-20,-20,-20,6,-20,-20,-20,-20,6,64,11,6,14,141,-20,-20,-20,-20,13,-20,-20,-20,17,15,-20,10,-20,-20,11,-20,-20,-20,4,5,83,-20,-20,-20,-20,-20,-20,4,13,-20,20,-20,32,-20,16,-20,-20,-20,10,-20,-20,11,8,8,-20,-20,8,35,-20,-20,-20,-20,22,-20,-20,18,8,-20,6,-20,-20,-20,12,22,-20,-20,15,10,-20,11,14,19,60,15,-20,-20,11,-20,-20,-20,-20,-20,8,-20,12,-20,-20,-20,-20,-20,-20,-20,-20,8,11,-20,-20,-20,-20,11,50,48,-20,-20,8,-20,-20,-20,9,-20,7,-20,-20,14,-20,9,16,21,10,-20,8,-20,6,-20,-20,6,48,-20,14,3,-20,-20,-20,-20,12,-20,44,44,41,41,10,58,32,-20,-20,44,30,5,6,39,-20,-20,-20,14,6,15,26,11,-20,10,-20,-20,-20,-20,14,-20,-20,28,-20,6,-20,-20,-20,-20,-20,-20,-20,8,17,-20,34,-20,-20,-20,-20,-20,-20,6,54,19,-20,10,18,-20,-20,16,-20,14,-20,-20,33,-20,23,52,50,35,32,33,17,18,6,-20,-20,-20,-20,-20,-20,8,5,-20,10,-20,-20,-20,-20,-20,-20,-20,-20,-20,-20,-20,-20,-20,11,11,10,14,12,12,-20,-20,-20,31,23,-20,-20,4,4,-20,-20,24,-20,37,22,-20,30,-20,31,27,-20,20,73,48,-20,-20,5,-20,-20,-20,-20,-20,-20,33,48,-20,18,27,20,40,40,-20,-20,-20,-20,-20,22,36,27,-20,-20,-20,10,-20,5,-20,-20,-20,8,4,6,5,-20,-20,-20,-20,-20,-20,-20,-20,-20,-20,-20,13,2,-20,3,6,-20,-20,-20,-20,-20,8,-20,-20,-20,-20,6,7,-20,7,-20,-20,-20,13,7,-20,-20,5,-20,4,-20,7,-20,3,8,-20,-20,-20,-20,-20,11,18,-20,-20,-20,-20,-20,-20,-20,-20,5,-20,14,-20,-20,-20,-20,-20,-20,-20,-20,-20,-20,8,13,-20,-20,8,-20,-20,8,6,-20,7,3,12,5,5,5,12,8,16,-20,-20,-20,14,8,6,4,4,4,4,7,-20,4,-20,3,-20,-20,-20,12,-20,11,6,-20,6,-20,-20,-20,-20,-20,-20,11,-20,4,-20,-20,-20,-20,-20,-20,10,-20,-20,4,3,4,4,-20,8,15,7,19,9,22,13,6,33,17,-20,-20,26,-20,10,4,-20,12,10,14,12,6,-20,11,-20,11,11,-20,-20,12,-20,-20,-20,-20,-20,12,14,-20,-20,7,-20,4,-20,-20,4,10,-20,-20,-20,6,4,10,7,6,18,3,13,-20,4,3,-20,-20,6,-20,5,-20,9,8,13,-20,-20,-20,-20,-20,-20,-20,-20,19,8,-20,7,-20,10,-20,-20,-20,18,10,8,-20,-20,-20,-20,-20,-20,-20,12,8,16,-20,-20,-20,-20,-20,-20,-20,-20,15,-20,4,-20,14,9,-20,-20,8,9,-20,-20,-20,-20,-20,4,-20,-20,-20,10,-20,-20,-20,-20,-20,-20,-20,9,-20,5,-20,-20,6,-20,-20,-20,-20,11,4,-20,-20,5,11,-20,-20,-20,-20,-20,9,-20,-20,-20,-20,11,-20,-20,-20,-20,-20,-20,6,-20,-20,-20,-20,-20,8,-20,-20,-20,-20,-20,-20,9,-20,8,5,7,-20,-20,-20,-20,5,6,7,-20,-20,8,16,-20,-20,-20,11,-20,-20,-20,12,4,-20,-20,3,-20,-20,-20,19,8,-20,-20,15,7,-20,7,-20,-20,-20,11,-20,-20,7,-20,-20,6,12,-20,-20,12,-20,6,-20,-20,-20,-20,-20,-20,-20,4,3,9,4,14,-20,8,-20,-20,-20,12,-20,6,-20,-20,-20,-20,-20,5,8,3,5,6,-20,5,-20,-20,5,-20,-20,-20,-20,-20,-20,5,-20,-20,-20,5,10,-20,-20,6,-20,3,-20,-20,9,7,-20,-20,3,-20,-20,11,-20,25,4,-20,28,13,30,29,27,70,39,70,31,-20,70,51,52,42,53
"chr4,4889648",-20,-20,-20,-20,-20,-20,-20,-20,-20,-20,-20,11,36,25,21,20,44,17,93,52,-20,-20,43,46,71,35,33,33,31,15,8,11,17,-20,59,45,35,26,-20,-20,3,-20,-20,13,14,-20,10,-20,10,14,-20,28,52,6,-20,-20,69,-20,28,35,36,36,48,17,26,36,35,48,66,20,29,30,12,42,22,47,17,5,7,9,5,19,24,-20,5,31,22,60,31,19,31,27,32,28,38,23,10,39,8,45,27,26,4,-20,41,53,-20,32,29,-20,11,-20,42,-20,6,5,-20,-20,2,-20,-20,3,9,-20,-20,-20,-20,41,-20,8,-20,5,-20,5,-20,-20,-20,-20,-20,14,-20,3,3,9,-20,-20,-20,-20,-20,-20,-20,8,-20,-20,-20,14,5,5,-20,-20,-20,-20,-20,-20,-20,5,-20,7,16,7,89,57,32,20,4,23,-20,-20,12,75,-20,-20,17,-20,22,-20,17,21,10,-20,26,33,3,4,4,20,22,10,-20,16,-20,-20,-20,-20,3,17,-20,-20,4,-20,-20,-20,-20,7,-20,19,-20,-20,-20,-20,-20,-20,-20,-20,-20,11,11,22,36,-20,6,-20,3,22,-20,-20,-20,-20,-20,-20,-20,-20,-20,-20,-20,30,-20,-20,-20,22,-20,-20,14,-20,13,20,13,12,13,20,-20,38,-20,-20,8,18,17,-20,-20,19,-20,-20,-20,23,-20,-20,69,29,22,55,-20,15,4,24,8,28,15,-20,13,-20,13,-20,-20,-20,-20,-20,45,-20,-20,-20,-20,-20,3,-20,-20,33,46,-20,32,53,45,52,41,65,-20,-20,5,-20,-20,-20,12,29,24,47,14,-20,10,13,14,42,9,3,-20,-20,41,5,20,37,6,31,14,37,-20,-20,-20,20,9,-20,-20,-20,-20,6,7,-20,-20,4,-20,-20,14,11,8,-20,14,-20,-20,-20,-20,7,-20,-20,9,-20,6,65,11,6,13,142,-20,-20,-20,-20,13,-20,-20,-20,17,14,-20,13,-20,-20,11,-20,-20,-20,4,6,80,-20,-20,-20,-20,-20,-20,3,14,-20,20,-20,31,-20,15,-20,-20,-20,10,3,8,11,8,8,-20,-20,8,35,-20,-20,-20,-20,23,10,-20,18,8,-20,6,-20,-20,-20,12,22,-20,10,15,11,-20,11,15,18,59,15,-20,9,11,-20,-20,-20,-20,-20,8,-20,12,-20,-20,-20,-20,-20,-20,-20,-20,8,11,-20,-20,-20,-20,11,48,48,-20,-20,8,-20,-20,-20,9,-20,5,-20,-20,14,-20,9,16,21,10,-20,8,-20,6,-20,5,5,47,-20,14,3,-20,-20,-20,-20,11,-20,44,46,41,41,12,58,33,-20,-20,44,31,5,6,39,14,-20,-20,14,6,14,28,13,-20,-20,-20,-20,-20,-20,15,-20,-20,30,-20,5,-20,-20,3,-20,-20,-20,-20,8,18,9,33,-20,-20,-20,-20,-20,-20,6,53,18,-20,10,18,-20,-20,15,-20,15,-20,-20,37,-20,22,49,51,38,32,34,17,-20,6,-20,-20,-20,-20,-20,-20,9,5,-20,10,-20,7,-20,-20,-20,-20,-20,-20,-20,-20,-20,-20,-20,11,11,10,14,12,12,-20,-20,-20,29,24,16,-20,4,4,-20,-20,26,-20,38,23,-20,31,-20,31,27,-20,21,74,48,-20,-20,5,-20,-20,-20,-20,-20,-20,33,48,-20,19,29,20,41,41,-20,-20,-20,-20,-20,21,40,27,-20,-20,-20,10,-20,5,-20,-20,10,8,4,6,5,-20,-20,-20,-20,-20,-20,-20,-20,-20,-20,-20,13,2,-20,3,6,-20,-20,-20,-20,-20,8,-20,-20,-20,-20,6,7,-20,-20,-20,-20,-20,13,-20,-20,-20,5,10,4,-20,-20,-20,3,8,-20,-20,-20,-20,-20,10,17,-20,-20,-20,-20,-20,-20,-20,-20,5,-20,14,-20,-20,-20,-20,-20,-20,-20,-20,-20,-20,8,13,-20,-20,9,-20,-20,8,6,5,7,3,12,6,5,7,12,9,17,10,15,-20,15,8,6,4,4,4,5,7,5,4,-20,3,18,7,7,13,8,11,6,9,5,-20,-20,-20,-20,-20,-20,12,-20,3,-20,-20,-20,-20,-20,-20,12,-20,-20,4,3,4,6,10,9,15,7,19,9,23,13,6,33,19,-20,-20,28,-20,10,4,-20,12,10,15,12,7,-20,12,-20,11,13,-20,8,13,-20,-20,-20,-20,-20,12,14,-20,-20,7,-20,4,-20,-20,4,12,6,-20,-20,6,5,10,7,6,18,3,14,-20,4,3,10,-20,6,4,5,8,9,8,14,-20,-20,-20,21,-20,-20,-20,-20,19,8,-20,6,-20,10,-20,-20,-20,18,10,8,10,-20,-20,-20,-20,-20,-20,13,8,16,-20,-20,-20,-20,-20,-20,-20,-20,15,-20,4,-20,14,9,-20,-20,8,9,-20,-20,-20,-20,-20,4,-20,-20,-20,10,-20,-20,-20,-20,-20,-20,9,9,-20,5,-20,-20,6,-20,-20,-20,-20,11,4,-20,-20,5,11,-20,-20,-20,-20,-20,9,-20,-20,-20,-20,11,-20,3,-20,-20,-20,-20,6,-20,-20,-20,-20,-20,8,-20,-20,6,-20,-20,-20,9,-20,8,5,7,-20,-20,-20,-20,5,6,6,-20,-20,8,15,-20,-20,-20,11,-20,-20,-20,12,4,-20,-20,3,-20,-20,-20,21,8,-20,-20,15,7,-20,8,-20,-20,-20,11,-20,-20,7,-20,-20,8,12,-20,-20,14,-20,7,-20,-20,-20,-20,-20,-20,2,4,3,12,4,11,-20,7,7,-20,7,-20,-20,-20,-20,-20,-20,-20,-20,4,8,-20,5,6,-20,4,6,-20,5,-20,3,-20,-20,-20,-20,4,-20,-20,-20,3,9,-20,-20,6,-20,3,-20,-20,8,9,-20,-20,3,-20,-20,10,-20,24,4,-20,30,13,33,28,30,70,40,70,31,-20,69,51,49,41,54
"chr4,4889649",-20,-20,-20,-20,-20,-20,-20,-20,-20,-20,-20,11,35,26,21,19,42,18,97,52,-20,-20,44,47,71,34,33,33,32,15,8,11,17,-20,62,45,35,26,-20,-20,3,-20,-20,15,14,-20,10,-20,10,13,-20,-20,49,6,7,-20,69,-20,27,36,37,36,49,16,27,36,36,50,65,21,28,30,12,40,23,47,17,5,8,9,5,19,25,-20,5,31,22,60,31,19,31,27,31,29,39,23,10,39,8,45,28,27,4,-20,41,53,-20,31,28,-20,11,-20,42,-20,6,6,-20,-20,2,-20,-20,3,9,-20,-20,-20,-20,41,-20,9,-20,6,-20,5,-20,-20,-20,-20,-20,14,-20,3,3,9,-20,-20,-20,-20,-20,-20,-20,8,-20,-20,-20,14,5,5,-20,-20,-20,-20,-20,-20,-20,6,-20,7,16,7,87,59,32,20,4,23,-20,-20,13,74,-20,-20,17,-20,22,-20,17,21,10,-20,25,31,3,4,4,20,22,10,-20,16,-20,-20,-20,-20,3,19,-20,-20,4,-20,-20,-20,-20,7,-20,19,-20,-20,-20,-20,-20,-20,-20,-20,-20,11,11,21,38,-20,6,-20,3,22,-20,-20,-20,-20,-20,-20,-20,-20,-20,-20,-20,29,-20,-20,-20,22,-20,-20,14,-20,12,20,14,13,13,20,-20,38,-20,-20,8,18,17,-20,-20,18,-20,-20,-20,24,-20,9,67,29,23,55,-20,15,4,25,8,28,16,-20,13,-20,13,-20,-20,-20,-20,-20,45,-20,-20,-20,-20,-20,3,-20,-20,33,46,-20,32,54,47,53,41,68,-20,-20,5,-20,-20,-20,12,29,24,47,14,-20,10,14,14,44,9,3,-20,-20,41,5,20,39,6,31,14,36,-20,-20,-20,20,9,-20,-20,-20,-20,6,7,-20,-20,4,-20,-20,14,12,-20,-20,13,-20,-20,-20,-20,7,-20,-20,-20,-20,7,66,10,6,14,142,-20,-20,-20,-20,13,-20,-20,-20,17,14,-20,13,-20,-20,11,-20,-20,-20,4,6,81,-20,-20,-20,-20,-20,-20,4,14,-20,20,-20,31,-20,15,-20,-20,-20,10,3,8,11,8,8,-20,-20,8,35,-20,-20,-20,-20,24,10,-20,18,8,-20,7,-20,-20,-20,11,22,-20,10,15,11,-20,11,15,18,61,15,-20,9,11,-20,-20,-20,-20,-20,8,-20,12,-20,-20,-20,-20,-20,-20,-20,-20,8,11,-20,-20,-20,-20,11,48,48,-20,-20,8,-20,-20,-20,8,-20,5,-20,-20,14,-20,9,16,21,10,-20,8,-20,6,-20,5,5,47,-20,14,-20,-20,-20,-20,-20,11,-20,45,46,42,40,12,57,32,-20,-20,45,31,5,-20,38,16,-20,-20,14,6,14,27,13,-20,10,-20,-20,-20,-20,15,-20,-20,29,-20,6,-20,-20,3,-20,-20,-20,-20,8,18,-20,31,-20,-20,-20,-20,-20,-20,6,55,18,-20,10,18,-20,-20,15,-20,-20,-20,-20,37,-20,22,49,50,38,33,36,17,19,6,-20,-20,-20,-20,-20,-20,9,5,-20,9,-20,7,-20,-20,-20,-20,-20,-20,-20,-20,-20,-20,-20,11,11,10,14,12,12,-20,-20,-20,29,24,16,-20,4,4,-20,-20,26,-20,37,23,-20,31,-20,33,27,-20,22,73,49,-20,-20,5,-20,-20,-20,-20,-20,-20,36,47,-20,18,29,20,41,41,-20,-20,-20,-20,-20,21,41,26,-20,-20,-20,10,-20,5,-20,-20,10,8,4,6,5,-20,-20,-20,-20,-20,-20,-20,-20,-20,-20,-20,13,2,-20,3,6,-20,-20,-20,-20,-20,8,-20,-20,-20,-20,6,7,-20,-20,-20,-20,-20,13,7,-20,-20,4,10,-20,-20,7,-20,3,8,-20,-20,-20,-20,-20,10,17,-20,-20,-20,-20,-20,-20,-20,-20,5,-20,16,-20,-20,-20,-20,-20,-20,8,-20,-20,-20,8,13,-20,-20,9,-20,-20,8,6,5,7,3,12,6,5,7,12,10,17,10,16,-20,15,8,6,4,4,4,5,7,5,5,8,3,18,7,7,13,8,11,8,9,5,-20,-20,-20,-20,-20,-20,12,-20,3,-20,-20,-20,-20,-20,-20,-20,-20,-20,4,3,4,6,10,9,15,7,20,9,22,13,6,34,20,-20,-20,29,-20,10,4,-20,12,11,15,12,7,-20,13,-20,11,13,-20,8,13,-20,-20,-20,-20,-20,12,13,-20,-20,7,-20,4,-20,-20,4,12,6,-20,-20,6,5,10,7,6,19,3,14,-20,4,3,10,-20,6,5,6,8,9,8,14,-20,-20,-20,20,-20,-20,-20,-20,18,8,-20,6,-20,10,-20,-20,-20,18,11,8,11,-20,-20,-20,-20,-20,-20,13,9,16,-20,-20,-20,-20,-20,-20,-20,-20,15,-20,4,-20,15,9,-20,-20,8,9,-20,-20,-20,-20,-20,4,-20,-20,-20,10,-20,-20,-20,-20,-20,-20,9,-20,-20,6,-20,-20,6,-20,-20,-20,-20,11,4,-20,-20,5,11,-20,-20,-20,-20,-20,9,-20,-20,-20,-20,11,-20,3,-20,-20,-20,-20,6,-20,-20,-20,-20,-20,-20,-20,-20,6,-20,-20,-20,9,-20,8,5,7,-20,-20,-20,-20,5,6,6,-20,-20,8,15,-20,-20,-20,11,-20,-20,-20,12,4,-20,-20,3,-20,-20,-20,21,8,-20,-20,14,7,-20,8,-20,-20,-20,11,-20,-20,7,-20,-20,8,11,-20,-20,14,8,7,-20,-20,-20,-20,-20,-20,2,4,3,12,-20,14,3,9,7,-20,5,10,-20,6,-20,-20,-20,-20,-20,3,8,5,5,7,-20,4,7,-20,5,-20,3,-20,-20,-20,-20,6,-20,-20,-20,4,10,-20,-20,6,-20,3,2,-20,8,11,-20,-20,3,-20,-20,11,-20,24,4,-20,29,13,33,28,30,70,40,77,31,-20,70,51,50,40,57
"chr4,4889650",-20,-20,-20,-20,-20,-20,-20,-20,-20,-20,-20,11,35,25,21,20,40,18,96,52,-20,-20,45,46,71,36,32,33,31,15,8,11,17,-20,60,46,35,26,-20,-20,3,-20,-20,13,13,-20,10,-20,11,13,-20,28,52,6,-20,-20,68,-20,27,36,37,37,49,16,27,37,37,52,66,22,27,29,12,40,23,48,17,5,7,-20,4,19,25,-20,5,32,20,59,30,19,30,26,32,29,39,22,10,38,8,44,28,26,4,-20,39,56,-20,31,27,-20,11,-20,43,-20,6,6,-20,-20,-20,-20,-20,3,8,-20,-20,-20,-20,38,-20,9,-20,7,-20,5,-20,-20,-20,-20,-20,14,-20,3,3,8,-20,-20,-20,-20,-20,-20,-20,8,-20,-20,-20,14,-20,5,-20,-20,-20,-20,-20,-20,-20,6,-20,7,16,7,87,60,30,20,-20,24,-20,-20,13,77,-20,-20,-20,-20,22,-20,17,20,10,-20,25,34,3,4,4,20,22,10,-20,15,-20,-20,-20,-20,3,21,-20,-20,4,-20,-20,-20,-20,7,-20,19,-20,-20,-20,-20,-20,-20,-20,-20,-20,11,11,22,37,-20,6,-20,3,21,-20,-20,-20,-20,-20,-20,-20,-20,-20,-20,-20,30,-20,-20,-20,22,-20,-20,13,-20,13,20,15,14,13,11,-20,38,-20,-20,7,18,17,-20,-20,18,-20,-20,-20,24,-20,9,-20,-20,23,55,-20,15,4,26,8,28,16,-20,13,-20,13,-20,-20,-20,-20,-20,48,-20,-20,-20,-20,-20,3,-20,-20,33,48,-20,30,55,48,54,40,68,-20,-20,5,-20,-20,-20,12,29,23,48,14,-20,10,14,14,44,9,3,-20,-20,42,5,20,39,6,32,15,39,-20,-20,-20,20,-20,-20,-20,-20,-20,6,7,-20,-20,4,-20,-20,14,14,-20,-20,13,-20,-20,-20,-20,7,-20,-20,9,-20,7,66,11,6,14,141,-20,-20,-20,-20,13,-20,-20,-20,16,14,-20,14,-20,-20,11,-20,-20,-20,4,6,79,-20,-20,-20,-20,-20,-20,4,14,-20,20,-20,32,-20,15,-20,-20,-20,10,3,8,11,8,8,-20,-20,8,35,-20,-20,-20,-20,24,-20,-20,17,8,-20,6,-20,-20,-20,12,23,-20,10,14,11,-20,11,14,17,58,14,-20,9,11,-20,-20,-20,-20,-20,8,-20,12,-20,-20,-20,-20,5,-20,-20,-20,8,12,-20,-20,-20,-20,10,47,47,-20,-20,8,-20,-20,-20,8,-20,5,-20,-20,14,-20,9,16,19,10,-20,7,-20,6,-20,6,5,45,-20,14,-20,-20,-20,-20,-20,11,-20,45,49,41,40,13,57,29,-20,-20,45,30,5,6,38,16,-20,-20,14,6,14,27,13,-20,10,-20,-20,-20,-20,15,-20,-20,27,-20,6,-20,-20,3,-20,-20,-20,-20,8,15,10,31,-20,-20,-20,-20,-20,-20,7,52,17,-20,10,16,-20,-20,15,-20,15,-20,-20,33,-20,22,49,51,38,33,37,17,19,6,-20,-20,-20,-20,-20,-20,10,5,-20,10,-20,6,-20,-20,-20,-20,-20,-20,-20,-20,-20,-20,-20,12,11,11,14,13,12,-20,-20,-20,29,24,16,-20,4,4,-20,-20,25,-20,37,22,-20,30,-20,32,27,-20,22,73,49,-20,-20,5,-20,-20,-20,-20,-20,-20,35,49,-20,18,30,20,41,39,-20,-20,-20,-20,-20,21,39,26,-20,-20,-20,8,-20,5,-20,-20,10,9,4,6,5,-20,-20,-20,-20,-20,-20,-20,-20,-20,-20,-20,10,2,-20,3,6,-20,-20,-20,-20,-20,8,-20,-20,-20,-20,6,7,-20,-20,-20,-20,-20,13,7,-20,-20,4,10,4,-20,7,-20,3,10,-20,-20,-20,-20,-20,10,17,-20,-20,-20,-20,-20,-20,-20,-20,5,-20,16,-20,-20,-20,-20,-20,-20,8,-20,-20,-20,10,13,-20,-20,9,-20,-20,8,6,6,7,3,14,6,6,7,13,10,18,10,16,-20,15,8,6,4,4,4,5,7,5,6,8,3,18,6,7,13,6,11,8,9,5,-20,-20,-20,-20,-20,-20,11,-20,3,-20,-20,-20,-20,-20,-20,13,-20,-20,4,3,4,6,10,9,13,8,21,10,22,13,6,34,20,-20,-20,30,-20,11,4,-20,12,11,16,11,7,-20,13,-20,11,13,-20,10,12,-20,-20,-20,-20,-20,12,13,-20,-20,8,-20,4,-20,-20,4,12,6,-20,-20,6,5,11,7,7,18,3,13,-20,4,3,10,-20,6,5,6,8,9,8,14,-20,-20,-20,19,-20,-20,-20,-20,18,8,-20,6,-20,10,-20,-20,-20,18,11,8,11,-20,-20,-20,-20,-20,-20,11,8,16,-20,-20,-20,-20,-20,-20,-20,-20,16,-20,5,-20,15,9,-20,-20,8,9,-20,-20,-20,-20,-20,3,-20,-20,-20,10,-20,-20,-20,-20,-20,-20,9,9,-20,6,-20,-20,6,-20,-20,-20,-20,11,5,-20,-20,5,11,-20,-20,-20,-20,-20,9,-20,-20,-20,-20,11,-20,3,-20,-20,-20,-20,6,-20,-20,-20,-20,-20,9,-20,-20,6,-20,-20,-20,9,-20,8,5,7,-20,-20,-20,-20,5,6,6,-20,-20,8,15,-20,-20,-20,11,-20,-20,-20,12,3,-20,-20,3,-20,-20,-20,22,8,-20,-20,15,6,-20,8,-20,-20,-20,11,-20,-20,-20,-20,-20,8,9,-20,-20,12,-20,7,-20,-20,-20,-20,-20,-20,2,4,4,10,-20,14,3,9,6,-20,7,-20,-20,5,-20,-20,-20,-20,-20,5,8,5,5,8,-20,4,-20,-20,5,-20,3,-20,-20,-20,-20,7,-20,-20,-20,4,-20,-20,-20,6,-20,3,2,-20,8,10,-20,-20,3,-20,-20,9,-20,24,3,-20,28,13,34,28,31,71,40,71,31,-20,70,51,50,39,57
"chr4,4889657",-20,-20,-20,-20,-20,-20,-20,-20,-20,-20,-20,10,30,22,21,20,40,16,95,51,-20,-20,48,47,68,32,31,32,29,14,8,16,17,-20,55,49,35,29,-20,-20,4,-20,-20,16,13,-20,11,-20,11,14,-20,26,54,6,8,-20,69,-20,28,37,34,38,52,17,24,38,38,47,63,22,27,27,13,37,23,43,18,5,6,10,4,21,23,-20,5,31,20,56,30,18,30,29,31,31,38,23,11,37,6,48,29,24,5,-20,43,58,-20,28,26,-20,12,-20,47,-20,6,4,-20,-20,-20,-20,-20,2,8,-20,-20,-20,-20,38,-20,9,-20,-20,-20,5,-20,-20,-20,-20,-20,16,-20,3,3,9,-20,-20,-20,-20,-20,-20,-20,9,-20,-20,-20,14,4,-20,-20,-20,-20,-20,-20,-20,-20,7,-20,7,14,7,93,64,29,22,3,22,-20,-20,12,69,-20,-20,19,-20,21,-20,17,18,7,-20,24,32,-20,3,6,23,20,11,-20,9,-20,-20,-20,-20,3,21,-20,-20,4,-20,-20,-20,-20,7,-20,16,-20,-20,-20,-20,-20,-20,-20,-20,-20,11,12,19,35,-20,-20,-20,-20,24,-20,-20,-20,-20,-20,-20,-20,-20,-20,-20,-20,28,-20,-20,-20,24,-20,-20,12,-20,15,21,15,14,17,11,-20,35,-20,-20,8,15,17,-20,-20,18,-20,-20,-20,21,-20,11,-20,29,24,51,-20,16,3,22,8,25,12,6,13,-20,13,-20,-20,-20,-20,-20,47,-20,-20,-20,-20,-20,4,-20,-20,37,48,-20,32,48,48,53,41,67,-20,-20,5,3,-20,-20,12,27,22,43,15,-20,10,11,14,-20,9,3,-20,-20,37,3,16,34,6,31,15,40,-20,-20,-20,19,-20,-20,-20,-20,-20,5,6,-20,-20,-20,-20,-20,15,13,-20,-20,12,-20,-20,-20,-20,7,-20,-20,10,-20,7,69,10,6,15,-20,-20,-20,-20,-20,12,-20,-20,-20,18,16,-20,17,-20,-20,12,-20,-20,-20,6,5,82,-20,-20,-20,-20,-20,-20,5,15,-20,18,-20,30,-20,-20,-20,-20,-20,9,3,7,9,8,8,-20,-20,10,35,-20,-20,-20,-20,24,-20,-20,14,8,-20,7,-20,-20,-20,11,23,-20,11,15,14,-20,-20,13,21,61,14,-20,11,11,-20,-20,-20,-20,-20,8,-20,13,-20,-20,-20,-20,4,-20,-20,-20,7,14,-20,-20,-20,-20,9,48,51,-20,-20,8,-20,-20,-20,9,-20,5,-20,-20,12,-20,10,16,12,7,-20,6,-20,6,-20,-20,5,48,-20,13,-20,-20,-20,-20,-20,10,-20,44,50,40,40,13,54,30,-20,-20,44,27,5,6,43,15,-20,-20,12,6,15,29,13,-20,10,-20,-20,-20,-20,14,-20,-20,26,-20,6,-20,-20,3,-20,-20,-20,-20,8,12,10,29,-20,-20,-20,-20,-20,-20,6,48,16,-20,-20,13,-20,-20,16,-20,15,-20,-20,32,-20,22,49,50,35,33,38,18,-20,6,-20,-20,-20,-20,-20,-20,10,5,-20,9,-20,6,-20,-20,-20,-20,-20,-20,-20,-20,-20,-20,-20,11,11,13,14,11,14,-20,-20,-20,23,21,-20,-20,-20,3,-20,-20,24,-20,33,21,-20,29,-20,32,22,-20,21,73,48,-20,-20,5,-20,-20,-20,-20,-20,-20,33,50,-20,17,28,20,35,37,-20,-20,-20,-20,-20,25,42,22,-20,-20,-20,9,-20,5,-20,-20,10,8,4,5,5,-20,-20,-20,-20,-20,-20,-20,-20,-20,-20,-20,-20,-20,-20,5,6,-20,-20,-20,-20,-20,8,-20,-20,-20,-20,6,6,3,7,-20,-20,-20,12,7,-20,-20,4,10,3,-20,8,-20,-20,9,-20,-20,-20,-20,-20,10,16,-20,-20,-20,-20,-20,-20,-20,-20,5,-20,17,-20,-20,-20,-20,-20,-20,7,-20,-20,-20,10,13,-20,-20,-20,-20,-20,-20,7,6,7,4,13,6,6,7,13,11,19,13,16,-20,-20,9,-20,4,4,5,4,6,5,6,10,3,17,8,6,-20,6,12,7,-20,6,-20,-20,-20,3,-20,-20,-20,-20,3,-20,-20,-20,-20,-20,-20,12,-20,-20,4,2,5,6,-20,10,12,8,21,8,22,14,7,33,19,-20,-20,30,-20,13,4,2,11,11,17,12,6,-20,11,-20,13,14,-20,10,12,-20,-20,-20,-20,-20,12,13,-20,-20,8,-20,4,-20,-20,4,13,7,-20,-20,7,5,11,9,9,18,4,12,-20,5,-20,9,-20,6,5,6,8,-20,8,11,-20,-20,-20,20,-20,-20,-20,-20,17,7,-20,7,-20,11,-20,-20,-20,18,11,10,10,4,-20,-20,-20,-20,-20,12,6,17,-20,-20,-20,-20,-20,-20,-20,-20,17,-20,5,-20,15,9,-20,-20,8,8,-20,-20,-20,-20,-20,3,-20,-20,-20,-20,-20,-20,-20,-20,-20,-20,-20,11,-20,6,-20,-20,7,-20,-20,-20,-20,11,6,-20,-20,4,11,-20,-20,-20,-20,-20,9,-20,-20,-20,-20,9,-20,-20,-20,-20,-20,-20,5,-20,-20,-20,-20,-20,11,-20,-20,6,-20,-20,-20,10,-20,7,5,7,-20,-20,-20,-20,5,7,7,-20,-20,7,13,-20,-20,-20,10,-20,-20,-20,12,4,-20,-20,-20,-20,-20,-20,21,9,-20,-20,16,7,-20,8,-20,-20,-20,10,-20,-20,-20,-20,-20,-20,-20,-20,-20,12,6,6,-20,-20,-20,-20,-20,-20,-20,-20,4,10,-20,14,-20,-20,-20,-20,7,12,-20,7,-20,-20,-20,-20,-20,-20,7,-20,5,-20,-20,3,-20,-20,3,-20,3,-20,-20,-20,-20,4,-20,-20,-20,6,11,-20,-20,3,-20,3,-20,-20,6,15,-20,-20,-20,-20,-20,11,-20,104,-20,-20,29,14,32,27,30,76,38,80,19,-20,70,48,42,38,56
"chr4,4889658",-20,-20,-20,-20,-20,-20,-20,-20,-20,-20,-20,10,30,22,21,20,39,18,94,51,-20,-20,48,48,67,31,32,35,29,15,8,16,19,-20,56,49,35,29,-20,-20,5,-20,-20,16,12,-20,10,-20,11,14,-20,-20,51,6,8,-20,68,-20,28,36,34,37,52,18,24,38,38,48,63,22,28,27,13,36,23,44,18,5,7,10,4,20,22,-20,5,31,19,56,32,18,30,29,32,31,38,23,11,38,6,48,29,24,5,-20,45,59,-20,30,26,-20,12,-20,47,-20,6,4,-20,-20,-20,-20,-20,2,9,-20,-20,-20,-20,39,-20,9,-20,8,-20,6,-20,-20,-20,-20,-20,16,-20,3,3,9,-20,-20,-20,-20,-20,-20,-20,9,-20,-20,-20,13,4,4,-20,-20,-20,-20,-20,-20,-20,7,-20,7,14,17,93,65,29,23,3,23,-20,-20,12,70,-20,-20,21,-20,22,-20,17,18,7,-20,23,33,-20,3,6,25,20,11,-20,9,-20,-20,-20,-20,5,21,-20,-20,4,-20,-20,-20,-20,7,-20,16,-20,-20,-20,-20,-20,-20,-20,-20,-20,11,12,22,38,-20,6,-20,-20,24,-20,-20,-20,-20,-20,-20,-20,-20,-20,-20,-20,28,-20,-20,-20,27,-20,-20,12,-20,16,21,15,13,18,11,-20,35,-20,-20,8,16,17,-20,-20,17,-20,-20,-20,20,-20,11,67,31,22,51,-20,16,3,23,7,25,12,6,12,-20,13,-20,-20,-20,-20,-20,47,-20,-20,-20,-20,-20,4,-20,-20,36,48,-20,32,49,49,54,40,69,-20,-20,5,3,-20,-20,13,27,22,43,15,-20,11,11,13,45,10,3,-20,-20,37,3,17,33,6,31,15,39,-20,-20,-20,18,8,-20,-20,-20,-20,5,7,-20,-20,4,-20,-20,15,12,-20,-20,12,-20,-20,-20,-20,7,-20,-20,-20,-20,7,69,10,6,17,148,-20,-20,-20,-20,12,-20,-20,-20,18,17,-20,17,-20,-20,12,-20,-20,-20,7,5,83,-20,-20,-20,-20,-20,-20,5,15,-20,18,-20,30,-20,17,-20,-20,-20,9,3,7,10,8,8,-20,-20,10,36,-20,-20,-20,-20,23,9,-20,14,8,-20,7,-20,-20,-20,11,24,-20,11,15,14,-20,9,13,21,62,14,-20,11,11,-20,-20,3,-20,-20,8,-20,14,-20,-20,-20,-20,4,-20,-20,-20,7,13,-20,-20,-20,-20,9,48,51,-20,-20,8,-20,-20,-20,9,-20,5,-20,-20,12,-20,10,16,11,7,-20,6,-20,6,-20,-20,5,48,-20,13,-20,-20,-20,-20,-20,10,-20,46,50,38,41,13,52,31,-20,-20,44,28,5,6,41,15,-20,-20,12,6,14,29,13,-20,10,-20,-20,-20,-20,16,-20,-20,26,-20,6,-20,-20,3,-20,-20,-20,-20,8,13,-20,28,-20,-20,-20,-20,-20,-20,6,49,16,-20,7,13,-20,-20,16,-20,-20,-20,-20,30,-20,25,51,47,36,31,34,18,19,7,-20,-20,-20,-20,-20,-20,12,5,-20,9,-20,6,-20,-20,-20,-20,-20,-20,-20,-20,-20,-20,-20,11,12,13,14,12,14,-20,-20,-20,22,23,16,-20,4,3,-20,-20,25,-20,33,22,-20,29,-20,31,23,-20,22,73,48,-20,-20,5,-20,-20,-20,-20,-20,-20,33,52,-20,17,28,20,37,37,-20,-20,-20,-20,-20,25,42,21,-20,-20,-20,9,-20,5,-20,-20,11,8,4,5,5,-20,-20,-20,-20,-20,-20,-20,-20,-20,-20,-20,13,-20,-20,5,6,-20,-20,-20,-20,-20,7,-20,-20,-20,-20,6,6,3,7,-20,-20,-20,12,7,-20,-20,4,10,3,-20,8,-20,-20,9,-20,-20,-20,-20,-20,10,16,-20,-20,-20,-20,-20,-20,-20,-20,5,-20,17,-20,-20,-20,-20,-20,-20,7,-20,-20,-20,10,13,-20,-20,9,-20,-20,9,7,7,7,5,13,6,6,8,12,11,19,13,16,-20,17,9,8,4,4,5,4,6,5,6,10,3,19,8,6,15,6,12,7,9,6,-20,-20,-20,3,-20,-20,10,-20,3,-20,-20,-20,-20,-20,-20,-20,-20,-20,4,2,5,6,10,10,12,7,23,8,23,14,8,33,20,-20,-20,31,-20,13,5,2,11,11,17,12,6,-20,11,-20,13,14,-20,10,12,-20,-20,-20,-20,-20,12,13,-20,-20,8,-20,4,-20,-20,5,13,7,-20,-20,7,5,12,9,9,19,4,12,-20,5,-20,-20,-20,6,5,6,8,8,8,12,-20,-20,-20,20,-20,-20,-20,-20,17,7,-20,7,-20,12,-20,-20,-20,18,11,11,10,4,-20,-20,-20,-20,-20,12,-20,19,-20,-20,-20,-20,-20,-20,-20,-20,18,-20,5,-20,14,9,-20,-20,8,8,-20,-20,-20,-20,-20,3,-20,-20,-20,9,-20,-20,-20,-20,-20,-20,7,11,-20,6,-20,-20,7,-20,-20,-20,-20,11,6,-20,-20,4,10,-20,-20,-20,-20,-20,9,-20,-20,-20,-20,9,-20,-20,-20,-20,-20,-20,5,-20,-20,-20,-20,-20,11,-20,-20,6,-20,-20,-20,10,-20,7,5,7,-20,-20,-20,-20,5,7,7,-20,-20,8,13,-20,-20,-20,10,-20,-20,-20,12,4,-20,-20,-20,-20,-20,-20,22,9,-20,-20,16,7,-20,9,-20,-20,-20,10,-20,-20,11,-20,-20,7,10,-20,-20,15,7,6,4,-20,-20,-20,-20,-20,-20,4,4,10,-20,14,-20,7,6,-20,8,13,-20,6,-20,-20,-20,-20,-20,-20,7,3,5,5,-20,3,6,-20,4,-20,3,-20,-20,-20,-20,4,-20,-20,-20,6,-20,-20,-20,-20,-20,5,-20,-20,6,14,-20,-20,3,-20,-20,11,-20,103,-20,-20,28,15,30,27,29,77,38,80,19,-20,72,49,44,38,55
"chr4,4889659",-20,-20,-20,-20,-20,-20,-20,-20,-20,-20,-20,10,29,21,21,20,38,18,98,52,-20,-20,47,47,69,31,32,35,29,15,8,16,19,-20,56,49,35,29,-20,-20,5,-20,-20,16,12,-20,11,-20,11,16,-20,25,54,6,-20,-20,70,-20,29,37,35,38,52,18,23,39,37,48,64,23,30,28,14,36,25,43,17,5,7,10,4,19,22,-20,5,31,21,55,31,18,30,28,33,32,37,23,12,37,7,48,29,26,5,-20,44,57,-20,28,26,-20,12,-20,47,-20,6,4,-20,-20,-20,-20,-20,2,9,-20,-20,-20,-20,40,-20,9,-20,9,-20,6,-20,-20,-20,-20,-20,17,-20,3,-20,9,-20,-20,-20,-20,-20,-20,-20,-20,-20,-20,-20,13,4,4,-20,-20,-20,-20,-20,-20,-20,8,-20,7,13,17,93,63,29,22,3,24,-20,-20,12,67,-20,-20,21,-20,20,-20,19,17,7,-20,24,33,3,4,6,-20,19,11,-20,9,-20,-20,-20,-20,5,21,-20,-20,4,-20,-20,-20,-20,7,-20,15,-20,-20,-20,-20,-20,-20,-20,-20,-20,11,12,24,38,-20,6,-20,-20,23,-20,-20,-20,-20,-20,-20,-20,-20,-20,-20,-20,28,-20,-20,-20,27,-20,-20,11,-20,18,21,15,13,18,11,-20,36,-20,-20,8,16,18,-20,-20,17,-20,-20,-20,21,-20,11,67,31,21,50,-20,16,3,25,7,27,12,5,12,-20,14,-20,-20,-20,-20,-20,49,-20,-20,-20,-20,-20,3,-20,-20,36,48,-20,31,49,49,55,37,66,-20,-20,5,3,-20,-20,13,27,22,43,15,-20,11,11,-20,45,10,3,4,-20,37,3,16,33,6,32,15,40,-20,-20,-20,19,-20,-20,-20,-20,-20,5,-20,-20,-20,4,-20,-20,17,12,8,-20,11,-20,-20,-20,-20,7,-20,-20,11,-20,7,68,10,6,17,151,-20,-20,-20,-20,12,-20,-20,-20,17,17,-20,17,-20,-20,12,-20,-20,-20,-20,5,81,-20,-20,-20,-20,-20,-20,5,14,-20,18,-20,33,-20,17,-20,-20,-20,9,4,-20,10,8,8,-20,-20,11,35,-20,-20,-20,-20,23,-20,-20,14,8,-20,7,-20,-20,-20,11,24,-20,10,15,14,-20,9,12,22,60,14,-20,10,11,-20,-20,-20,-20,-20,8,-20,14,-20,-20,-20,-20,4,-20,-20,-20,8,13,-20,-20,-20,-20,9,50,50,-20,-20,8,-20,-20,-20,9,-20,5,-20,-20,12,-20,10,17,11,7,-20,6,-20,6,-20,-20,5,50,-20,13,-20,-20,-20,-20,-20,10,-20,45,49,38,40,14,51,31,-20,-20,41,29,5,6,43,14,-20,-20,12,6,14,28,13,-20,10,-20,-20,-20,-20,16,-20,-20,26,-20,6,-20,-20,3,-20,-20,-20,-20,-20,14,10,27,-20,-20,-20,-20,-20,-20,6,49,16,-20,7,13,-20,-20,16,-20,15,-20,-20,31,-20,25,53,49,35,31,35,20,18,7,-20,-20,-20,-20,-20,-20,12,5,-20,8,-20,-20,-20,-20,-20,-20,-20,-20,-20,-20,-20,-20,-20,11,12,12,13,12,14,-20,-20,-20,23,23,-20,-20,-20,3,-20,-20,24,-20,35,22,-20,28,-20,-20,23,-20,22,73,49,-20,-20,5,-20,-20,-20,-20,-20,-20,30,51,-20,18,28,-20,37,38,-20,-20,-20,-20,-20,24,44,22,-20,-20,-20,9,-20,5,-20,-20,-20,8,4,-20,-20,-20,-20,-20,-20,-20,-20,-20,-20,-20,-20,-20,12,-20,-20,5,5,-20,-20,-20,-20,-20,7,-20,-20,-20,-20,6,6,3,7,-20,-20,-20,12,7,-20,-20,4,-20,4,-20,8,-20,-20,9,-20,-20,-20,-20,-20,10,16,-20,-20,-20,-20,-20,-20,-20,-20,6,-20,17,-20,-20,-20,-20,-20,-20,-20,-20,-20,-20,10,13,-20,-20,9,-20,-20,9,7,-20,8,5,13,6,6,8,13,12,19,13,16,-20,16,9,8,4,4,-20,-20,6,4,6,11,3,19,8,6,15,6,12,7,-20,6,-20,-20,-20,3,-20,-20,10,-20,4,-20,-20,-20,-20,-20,-20,12,-20,4,3,2,5,6,12,11,12,7,23,9,24,14,8,35,20,-20,-20,31,-20,13,5,2,11,10,17,12,6,-20,11,-20,13,14,-20,-20,12,-20,-20,-20,-20,-20,12,13,-20,-20,8,-20,4,-20,-20,5,13,7,-20,-20,7,5,12,9,9,19,4,11,-20,5,-20,-20,-20,6,5,6,8,8,8,13,-20,-20,-20,20,-20,-20,-20,-20,17,6,-20,7,-20,12,-20,-20,-20,18,11,11,-20,4,-20,-20,-20,-20,-20,12,7,21,-20,-20,-20,-20,-20,-20,-20,-20,19,-20,5,-20,14,8,-20,-20,8,8,-20,-20,-20,-20,-20,3,-20,-20,-20,9,-20,-20,-20,-20,-20,-20,-20,11,-20,6,-20,-20,7,-20,-20,-20,-20,11,6,-20,-20,4,12,-20,-20,-20,-20,-20,9,-20,-20,-20,-20,9,-20,-20,-20,-20,-20,-20,5,-20,-20,-20,-20,-20,11,-20,-20,-20,-20,-20,-20,11,-20,-20,5,7,-20,-20,-20,-20,5,7,8,-20,-20,8,13,-20,-20,-20,10,-20,-20,-20,12,4,-20,-20,-20,-20,-20,-20,22,10,-20,-20,16,7,-20,10,-20,-20,-20,10,-20,-20,11,-20,-20,7,9,-20,-20,15,7,5,-20,-20,-20,-20,-20,-20,-20,4,4,10,-20,13,-20,6,-20,-20,-20,14,-20,6,-20,-20,-20,-20,-20,3,6,-20,4,6,-20,-20,3,-20,4,-20,-20,-20,-20,-20,-20,5,-20,-20,-20,7,9,-20,3,-20,-20,4,-20,-20,6,15,-20,-20,3,-20,-20,11,-20,104,-20,-20,29,15,28,28,27,78,39,80,19,-20,70,49,44,39,53
"chr4,4889668",-20,-20,-20,-20,-20,-20,-20,-20,-20,-20,-20,9,29,19,23,19,38,18,94,53,-20,-20,44,42,69,27,35,34,30,14,10,15,17,-20,57,51,33,32,-20,-20,8,-20,-20,11,15,-20,10,-20,12,14,-20,27,52,4,-20,-20,70,-20,29,37,36,37,45,20,19,35,35,46,63,21,30,30,13,31,26,46,16,3,7,10,6,16,21,-20,3,27,25,56,32,17,29,24,39,31,35,26,13,40,8,46,31,27,4,-20,40,58,-20,27,27,-20,13,-20,49,-20,6,3,-20,-20,-20,-20,-20,2,7,-20,-20,-20,-20,37,-20,6,-20,9,-20,6,-20,-20,-20,-20,-20,17,-20,3,3,9,-20,-20,-20,-20,-20,-20,-20,7,-20,-20,-20,13,3,3,-20,-20,-20,-20,-20,-20,-20,8,-20,6,12,27,88,64,26,23,4,21,-20,-20,16,57,-20,-20,22,-20,19,-20,18,14,6,-20,20,27,2,4,6,20,16,11,-20,9,-20,-20,-20,-20,6,20,-20,-20,3,-20,-20,-20,-20,-20,-20,10,-20,-20,-20,-20,-20,-20,-20,-20,-20,10,12,22,36,-20,-20,-20,-20,30,-20,-20,-20,-20,-20,-20,-20,-20,-20,-20,-20,35,-20,-20,-20,26,-20,-20,10,-20,21,21,16,13,15,11,-20,34,-20,-20,8,16,16,-20,-20,14,-20,-20,-20,21,-20,11,58,29,19,35,-20,16,3,28,8,21,10,4,8,-20,12,-20,-20,-20,-20,-20,46,-20,-20,-20,-20,-20,3,-20,-20,36,45,-20,30,45,51,53,40,65,-20,-20,5,3,-20,9,14,25,20,37,15,-20,10,11,13,40,8,-20,-20,-20,43,3,18,34,5,32,14,37,-20,-20,-20,21,8,-20,-20,-20,-20,5,5,-20,-20,4,-20,-20,-20,13,9,-20,13,-20,-20,-20,-20,7,-20,-20,10,-20,10,66,10,6,17,148,-20,-20,-20,-20,12,-20,-20,-20,12,18,-20,18,-20,-20,11,-20,-20,-20,7,5,72,-20,-20,-20,-20,-20,-20,5,10,-20,17,-20,31,-20,17,-20,-20,-20,-20,8,8,9,7,8,3,-20,11,33,-20,-20,-20,-20,22,11,-20,15,12,-20,-20,-20,-20,-20,10,23,-20,10,11,12,-20,9,10,21,58,10,-20,8,11,-20,-20,3,-20,-20,11,-20,13,-20,-20,-20,-20,4,-20,-20,-20,10,12,-20,-20,-20,-20,8,49,47,-20,-20,7,-20,-20,-20,9,-20,7,-20,-20,14,-20,9,17,15,6,-20,6,-20,6,-20,7,6,52,-20,11,-20,-20,-20,-20,-20,9,-20,43,51,43,41,17,50,29,-20,-20,43,34,5,3,46,15,-20,-20,13,6,13,29,12,-20,7,-20,-20,-20,-20,14,-20,-20,25,-20,7,-20,-20,6,-20,-20,-20,-20,5,15,8,29,-20,-20,-20,-20,-20,-20,6,49,17,-20,-20,13,-20,-20,15,-20,13,-20,-20,30,-20,24,55,45,34,30,30,20,18,7,-20,-20,-20,-20,-20,-20,12,7,-20,10,-20,-20,-20,-20,-20,-20,-20,-20,-20,-20,-20,-20,-20,10,11,11,13,14,10,-20,-20,-20,25,27,14,-20,3,-20,-20,-20,25,-20,34,19,-20,29,-20,36,24,-20,27,64,48,-20,-20,7,-20,-20,-20,-20,-20,-20,31,51,-20,18,28,20,38,32,-20,-20,-20,-20,-20,21,42,19,-20,-20,-20,11,-20,5,-20,-20,10,4,5,7,5,-20,-20,-20,-20,-20,-20,-20,-20,-20,-20,-20,15,-20,-20,4,6,-20,-20,-20,-20,-20,8,-20,-20,-20,-20,6,7,4,6,-20,-20,-20,12,9,-20,-20,4,8,4,-20,10,-20,-20,12,-20,-20,-20,-20,-20,8,15,-20,-20,-20,-20,-20,-20,-20,-20,7,-20,16,-20,-20,-20,-20,-20,-20,7,-20,-20,-20,9,15,-20,-20,8,-20,-20,7,6,8,7,9,12,7,5,9,14,8,18,12,19,-20,22,10,8,3,4,6,5,8,5,6,10,5,20,7,6,14,9,14,6,8,7,-20,-20,-20,3,-20,-20,13,-20,-20,-20,-20,-20,-20,-20,-20,11,-20,5,-20,-20,4,8,14,12,14,6,24,10,25,14,9,35,23,-20,-20,30,-20,13,10,2,12,7,19,9,6,-20,11,-20,17,12,-20,10,15,-20,-20,-20,-20,-20,12,12,-20,-20,9,-20,3,-20,-20,6,12,5,-20,-20,8,5,13,8,-20,19,3,15,-20,7,-20,9,-20,10,6,6,8,-20,8,13,-20,-20,-20,22,-20,-20,-20,-20,17,6,-20,8,-20,13,-20,-20,-20,19,9,12,10,9,-20,-20,-20,-20,-20,11,7,26,-20,-20,-20,-20,-20,-20,-20,-20,18,-20,6,-20,14,8,-20,-20,10,11,-20,-20,-20,-20,-20,-20,-20,-20,-20,8,-20,-20,-20,-20,3,-20,7,11,-20,6,-20,-20,-20,-20,-20,-20,-20,7,9,-20,-20,9,14,-20,-20,-20,-20,-20,11,-20,-20,-20,-20,8,-20,3,-20,-20,-20,-20,4,-20,-20,-20,-20,-20,13,-20,-20,4,-20,-20,-20,11,-20,5,4,9,-20,-20,-20,-20,4,6,8,4,-20,10,13,-20,-20,-20,8,-20,-20,-20,12,-20,-20,-20,-20,-20,-20,-20,19,9,-20,-20,15,7,-20,9,-20,-20,-20,11,-20,-20,-20,-20,-20,7,7,-20,-20,14,7,-20,3,-20,-20,-20,-20,-20,-20,5,-20,8,-20,12,5,6,-20,-20,9,12,-20,11,-20,-20,-20,-20,-20,3,7,4,5,5,-20,-20,6,-20,-20,-20,2,-20,-20,-20,-20,-20,-20,5,-20,5,11,-20,4,-20,-20,-20,-20,-20,6,13,-20,-20,-20,3,-20,12,-20,103,-20,-20,29,15,29,28,30,74,35,80,19,-20,72,50,45,34,45
"chr4,4889670",-20,-20,-20,-20,-20,-20,-20,-20,-20,-20,-20,7,30,17,24,19,36,18,91,54,-20,-20,48,42,68,27,36,34,31,14,10,15,18,-20,57,54,32,33,-20,-20,8,-20,-20,11,14,-20,10,-20,12,15,-20,26,53,4,-20,-20,71,-20,30,38,38,37,44,20,19,34,32,47,64,21,30,30,14,32,26,45,16,-20,7,10,5,17,21,-20,4,28,24,55,31,18,29,24,40,34,36,29,13,36,8,48,29,27,5,-20,41,60,-20,27,28,-20,11,-20,50,-20,4,3,-20,-20,-20,-20,-20,2,7,-20,-20,-20,-20,35,-20,5,-20,10,-20,6,-20,-20,-20,-20,-20,16,-20,3,3,9,-20,-20,-20,-20,-20,-20,-20,7,-20,-20,-20,13,3,5,-20,-20,-20,-20,-20,-20,-20,8,-20,6,12,27,86,66,25,23,4,22,-20,-20,16,54,-20,-20,21,-20,17,-20,18,14,6,-20,20,-20,-20,4,6,20,16,12,-20,10,-20,-20,-20,-20,6,20,-20,-20,3,-20,-20,-20,-20,8,-20,11,-20,-20,-20,-20,-20,-20,-20,-20,-20,11,12,22,35,-20,6,-20,-20,30,-20,-20,-20,-20,-20,-20,-20,-20,-20,-20,-20,36,-20,-20,-20,25,-20,-20,9,-20,21,21,16,13,16,12,-20,33,-20,-20,8,15,16,-20,-20,14,-20,-20,-20,20,-20,12,60,28,18,35,-20,16,3,29,9,22,12,4,8,-20,12,-20,-20,-20,-20,-20,47,-20,-20,-20,-20,-20,3,-20,-20,36,44,-20,30,42,50,52,41,66,-20,-20,5,3,-20,9,14,26,22,39,15,-20,10,11,13,39,7,-20,-20,-20,44,3,19,35,6,32,14,36,-20,-20,-20,20,8,-20,-20,-20,-20,5,5,-20,-20,4,-20,-20,17,12,9,-20,14,-20,-20,-20,-20,8,-20,-20,11,-20,11,65,10,6,17,146,-20,-20,-20,-20,12,-20,-20,-20,12,19,-20,18,-20,-20,11,-20,-20,-20,7,5,69,-20,-20,-20,-20,-20,-20,5,10,-20,15,-20,29,-20,16,-20,-20,-20,7,8,8,10,7,8,-20,-20,11,33,-20,-20,-20,-20,23,11,-20,15,12,-20,8,-20,-20,-20,10,23,-20,10,11,11,-20,9,10,21,58,11,-20,8,11,-20,-20,3,-20,-20,11,-20,13,-20,-20,-20,-20,4,-20,-20,-20,10,11,-20,-20,-20,-20,8,48,46,-20,-20,6,-20,-20,-20,9,-20,7,-20,-20,15,-20,10,17,17,6,-20,6,-20,6,-20,-20,6,52,-20,11,-20,-20,-20,-20,-20,10,-20,44,53,43,41,17,50,30,-20,-20,45,34,5,3,49,15,-20,-20,13,6,13,31,13,-20,7,-20,-20,-20,-20,12,-20,-20,25,-20,6,-20,-20,6,-20,-20,-20,-20,5,16,9,29,-20,-20,-20,-20,-20,-20,6,48,17,-20,-20,13,-20,-20,15,-20,13,-20,-20,31,-20,24,55,45,33,30,32,17,19,7,-20,-20,-20,-20,-20,-20,13,7,-20,10,-20,6,-20,-20,-20,-20,-20,-20,-20,-20,-20,-20,-20,10,8,11,11,13,9,-20,-20,-20,25,26,15,-20,-20,-20,-20,-20,24,-20,32,19,-20,32,-20,35,24,-20,27,64,46,-20,-20,7,-20,-20,-20,-20,-20,-20,30,50,-20,19,29,20,37,34,-20,-20,-20,-20,-20,22,42,21,-20,-20,-20,11,-20,5,-20,-20,10,3,5,7,5,-20,3,-20,-20,-20,-20,-20,-20,-20,-20,-20,15,-20,-20,4,6,-20,-20,-20,-20,-20,7,-20,-20,-20,-20,6,7,4,5,-20,-20,-20,12,9,-20,-20,4,8,4,-20,11,-20,-20,12,-20,-20,-20,-20,-20,8,14,-20,-20,-20,-20,-20,-20,-20,-20,6,-20,15,-20,-20,-20,-20,-20,-20,7,-20,-20,-20,-20,12,-20,-20,8,-20,-20,7,6,8,8,9,11,7,5,9,14,8,19,12,19,-20,22,10,7,3,4,6,5,8,5,6,11,5,20,6,6,13,9,14,6,8,7,-20,-20,-20,3,-20,-20,13,-20,-20,-20,-20,-20,-20,-20,-20,10,-20,6,-20,-20,4,7,13,12,15,4,24,9,24,15,9,33,22,-20,-20,31,-20,13,10,2,11,7,19,6,6,-20,10,-20,15,12,-20,9,15,-20,-20,-20,-20,-20,12,12,-20,-20,9,-20,3,-20,-20,5,11,4,-20,-20,8,5,13,8,7,18,3,14,-20,-20,3,9,-20,10,6,6,8,8,-20,12,-20,-20,-20,22,-20,-20,-20,-20,16,5,-20,8,-20,13,-20,-20,-20,19,8,10,10,8,-20,-20,-20,-20,-20,11,7,25,-20,-20,-20,-20,-20,-20,-20,-20,18,-20,5,-20,15,9,-20,-20,10,11,-20,-20,-20,-20,-20,-20,-20,-20,-20,-20,-20,-20,-20,-20,3,-20,7,12,-20,6,-20,-20,5,-20,-20,-20,-20,7,9,-20,-20,10,14,-20,-20,-20,-20,-20,11,-20,-20,-20,-20,8,-20,3,-20,-20,-20,-20,4,-20,-20,-20,-20,-20,12,-20,-20,4,-20,-20,-20,11,-20,5,6,8,-20,-20,-20,-20,3,6,10,4,-20,8,12,-20,-20,-20,6,-20,-20,-20,12,-20,-20,-20,-20,-20,-20,-20,17,9,-20,-20,17,7,-20,9,-20,-20,-20,9,-20,-20,11,-20,-20,7,10,-20,-20,14,6,-20,3,-20,-20,-20,-20,-20,4,-20,-20,9,4,13,6,5,-20,-20,9,10,-20,12,-20,-20,-20,-20,-20,3,6,6,5,5,-20,-20,8,-20,-20,-20,2,-20,-20,-20,-20,-20,-20,5,-20,5,12,-20,5,-20,-20,-20,-20,-20,7,16,-20,-20,4,3,-20,13,-20,103,-20,-20,26,15,30,28,31,74,34,80,19,-20,74,50,44,33,44
"chr4,4889672",-20,-20,-20,-20,-20,-20,-20,-20,-20,-20,-20,7,30,17,24,19,35,18,90,55,-20,-20,46,43,67,27,36,33,33,15,11,15,18,-20,59,55,33,34,-20,-20,7,-20,-20,9,15,-20,-20,-20,12,15,-20,27,52,4,-20,-20,70,-20,28,37,38,35,44,20,20,33,32,47,66,22,30,29,16,32,28,44,17,-20,7,9,5,18,21,-20,4,28,24,57,32,20,30,24,41,34,34,30,13,38,8,48,30,27,6,-20,41,60,-20,29,29,-20,12,-20,50,-20,4,4,-20,-20,-20,-20,-20,2,7,-20,-20,-20,-20,34,-20,6,-20,11,-20,6,-20,-20,-20,-20,-20,16,-20,3,3,8,-20,-20,-20,-20,-20,-20,-20,7,-20,-20,-20,13,3,5,-20,-20,-20,-20,-20,-20,-20,8,-20,6,12,27,81,62,25,23,4,22,-20,-20,15,54,-20,-20,21,-20,17,-20,19,12,6,-20,20,26,2,4,6,19,13,13,-20,10,-20,-20,-20,-20,6,19,-20,-20,3,-20,-20,-20,-20,8,-20,10,-20,-20,-20,-20,3,-20,-20,-20,-20,9,11,22,33,-20,5,-20,-20,30,-20,-20,-20,-20,-20,-20,-20,-20,-20,-20,-20,36,-20,-20,-20,25,-20,-20,9,-20,21,22,15,12,16,11,-20,33,-20,-20,8,15,16,-20,-20,13,-20,-20,-20,20,-20,11,61,28,17,33,-20,16,3,29,9,22,12,4,7,-20,12,-20,-20,-20,-20,-20,47,-20,-20,-20,-20,-20,3,-20,-20,35,44,-20,31,42,52,52,40,65,-20,-20,5,3,-20,10,15,26,22,47,15,-20,7,12,13,39,7,-20,-20,-20,45,3,20,34,6,33,13,36,-20,-20,-20,19,8,-20,-20,-20,-20,5,5,-20,-20,4,-20,-20,17,12,9,-20,14,-20,-20,-20,-20,8,-20,-20,11,-20,11,66,10,6,17,147,-20,-20,-20,-20,12,-20,-20,-20,14,19,-20,19,-20,-20,9,-20,-20,-20,7,5,68,-20,-20,-20,-20,-20,-20,5,10,-20,15,-20,29,-20,16,-20,-20,-20,7,9,7,10,8,8,-20,-20,11,34,-20,-20,-20,-20,23,11,-20,15,13,-20,8,-20,-20,-20,11,22,-20,10,12,11,-20,9,10,21,54,11,-20,8,11,-20,-20,3,-20,-20,12,-20,15,-20,-20,-20,-20,4,-20,-20,-20,10,10,-20,-20,-20,-20,8,48,47,-20,-20,6,-20,-20,-20,9,-20,7,-20,-20,-20,-20,10,16,15,6,-20,6,-20,6,-20,7,6,52,-20,11,-20,-20,-20,-20,-20,10,-20,45,52,43,41,17,51,31,-20,-20,45,34,5,3,49,15,-20,-20,13,6,13,28,13,-20,7,-20,-20,-20,-20,13,-20,-20,22,-20,6,-20,-20,6,-20,-20,-20,-20,5,15,9,29,-20,-20,-20,-20,-20,-20,6,49,17,-20,6,12,-20,-20,15,-20,13,-20,-20,33,-20,24,57,45,33,31,32,19,20,7,-20,-20,-20,-20,-20,-20,13,7,-20,10,-20,5,-20,-20,-20,-20,-20,-20,-20,-20,-20,-20,-20,10,8,11,10,13,9,-20,-20,-20,25,26,15,-20,3,-20,-20,-20,25,-20,29,19,-20,32,-20,34,23,-20,28,64,45,-20,-20,7,-20,-20,-20,-20,-20,-20,31,48,-20,24,29,19,38,33,-20,-20,-20,-20,-20,22,44,20,-20,-20,-20,11,-20,5,-20,-20,-20,-20,5,-20,4,-20,3,-20,-20,-20,-20,-20,-20,-20,-20,-20,16,-20,-20,4,6,-20,-20,-20,-20,-20,7,-20,-20,-20,-20,6,7,4,4,-20,-20,-20,12,9,-20,-20,4,8,4,-20,10,-20,-20,-20,-20,-20,-20,-20,-20,8,13,-20,-20,-20,-20,-20,-20,-20,-20,6,-20,15,-20,-20,-20,-20,-20,-20,7,-20,-20,-20,-20,14,-20,-20,9,-20,-20,7,5,-20,8,9,11,7,5,9,14,7,19,12,19,-20,24,11,7,4,4,7,4,8,5,6,11,5,18,6,7,13,9,14,6,7,7,-20,-20,-20,3,-20,-20,13,-20,-20,-20,-20,-20,-20,-20,-20,10,-20,6,-20,-20,4,7,13,12,14,4,24,9,24,15,9,32,21,-20,-20,30,-20,13,10,2,11,7,19,7,5,-20,-20,-20,16,13,-20,9,15,-20,-20,-20,-20,-20,12,12,-20,-20,9,-20,3,-20,-20,5,11,5,-20,-20,8,5,13,8,7,18,3,14,-20,-20,3,9,-20,9,6,6,8,8,10,12,-20,-20,-20,23,-20,-20,-20,-20,16,5,-20,-20,-20,13,-20,-20,-20,19,10,-20,10,8,-20,-20,-20,-20,-20,11,7,25,-20,-20,-20,-20,-20,-20,-20,-20,17,-20,5,-20,15,9,-20,-20,10,10,-20,-20,-20,-20,-20,-20,-20,-20,-20,-20,-20,-20,-20,-20,3,-20,7,12,-20,6,-20,-20,5,-20,-20,-20,-20,7,9,-20,-20,-20,15,-20,-20,-20,-20,-20,11,-20,-20,-20,-20,8,-20,3,-20,-20,-20,-20,4,-20,-20,-20,-20,-20,11,-20,-20,-20,-20,-20,-20,12,-20,5,6,8,-20,-20,-20,-20,3,6,9,4,-20,8,-20,-20,-20,-20,6,-20,-20,-20,12,-20,-20,-20,-20,-20,-20,-20,17,9,-20,-20,18,7,-20,9,-20,-20,-20,9,-20,-20,11,-20,-20,7,11,-20,-20,-20,6,5,-20,-20,-20,-20,-20,5,4,4,-20,7,4,13,6,5,-20,-20,9,10,-20,10,-20,-20,-20,-20,-20,3,9,5,5,5,-20,3,8,-20,-20,-20,2,-20,-20,-20,-20,-20,-20,4,-20,4,14,-20,-20,-20,-20,-20,-20,-20,7,15,-20,-20,4,4,-20,14,-20,102,-20,-20,30,17,30,28,31,73,37,79,19,-20,73,50,43,33,44
"chr4,4889680",-20,-20,-20,-20,-20,-20,-20,-20,-20,-20,-20,6,29,14,24,17,41,17,87,59,-20,-20,51,41,67,29,34,30,32,14,10,16,15,-20,64,55,33,32,-20,-20,7,-20,-20,9,16,-20,7,-20,12,13,-20,26,55,4,-20,-20,67,-20,31,36,36,38,42,20,21,32,32,52,68,23,30,30,15,31,30,49,15,-20,6,9,5,16,18,-20,4,24,27,57,38,19,24,26,41,32,35,27,14,40,9,46,28,21,6,-20,42,57,-20,30,27,-20,13,-20,48,-20,5,4,-20,-20,-20,-20,-20,-20,4,-20,-20,-20,-20,38,-20,7,-20,11,-20,5,-20,4,-20,-20,-20,16,-20,3,-20,8,-20,-20,-20,-20,-20,-20,-20,6,-20,-20,-20,15,5,5,-20,-20,-20,-20,-20,-20,-20,7,-20,4,11,27,82,54,-20,22,4,20,-20,-20,15,58,-20,-20,23,-20,13,-20,16,12,7,-20,22,27,2,4,5,17,10,17,-20,10,-20,-20,-20,-20,6,19,-20,-20,-20,-20,-20,3,-20,5,-20,10,-20,-20,-20,-20,3,-20,-20,-20,-20,8,12,19,33,-20,5,-20,-20,29,-20,-20,-20,-20,-20,-20,-20,-20,-20,-20,-20,36,-20,-20,-20,24,-20,-20,7,-20,23,23,14,11,12,10,-20,33,-20,-20,8,16,14,-20,-20,14,-20,-20,-20,21,-20,12,54,23,17,27,-20,16,-20,30,9,22,10,5,5,-20,12,-20,-20,-20,-20,-20,43,-20,-20,-20,-20,-20,2,-20,-20,35,42,-20,32,39,45,52,43,62,-20,-20,7,3,-20,11,16,22,21,45,14,-20,7,-20,11,41,7,-20,3,-20,43,4,21,37,-20,33,11,33,-20,-20,-20,21,9,-20,-20,-20,-20,6,5,-20,-20,3,-20,-20,14,10,9,-20,14,-20,-20,-20,-20,8,-20,-20,12,-20,11,63,9,5,17,149,-20,-20,-20,-20,12,-20,-20,-20,15,16,-20,18,-20,-20,8,-20,-20,-20,7,5,63,-20,-20,-20,-20,-20,-20,5,9,-20,12,-20,29,-20,16,-20,-20,-20,6,9,6,-20,8,8,-20,-20,10,31,-20,-20,-20,-20,22,8,-20,15,13,-20,8,-20,-20,-20,9,22,-20,11,13,12,-20,7,9,20,48,10,-20,7,11,-20,-20,3,-20,-20,11,-20,15,-20,-20,-20,-20,5,-20,-20,-20,9,10,-20,-20,-20,-20,7,50,46,3,-20,5,-20,-20,-20,6,-20,8,-20,-20,12,-20,10,16,15,5,-20,6,-20,7,-20,7,6,51,-20,10,-20,-20,-20,-20,-20,7,-20,41,54,41,44,14,47,31,-20,-20,41,36,4,3,46,15,-20,-20,12,6,14,30,13,-20,5,-20,-20,-20,-20,10,-20,-20,22,-20,6,-20,-20,10,-20,-20,-20,-20,5,14,8,30,-20,-20,-20,-20,-20,-20,7,45,17,-20,6,12,-20,-20,14,-20,13,-20,-20,31,-20,24,55,45,32,28,33,23,18,8,-20,-20,-20,-20,-20,-20,11,6,-20,11,-20,5,-20,-20,-20,-20,-20,-20,-20,-20,-20,-20,-20,10,7,8,9,11,7,-20,-20,-20,25,28,15,-20,-20,-20,-20,-20,26,-20,31,22,-20,33,-20,36,19,-20,28,61,43,-20,-20,7,-20,-20,-20,-20,-20,-20,27,52,-20,26,27,21,34,28,-20,-20,-20,-20,-20,21,39,20,-20,-20,-20,9,-20,-20,-20,-20,10,-20,5,-20,-20,-20,3,-20,-20,-20,-20,-20,-20,-20,-20,-20,15,-20,-20,4,6,-20,-20,-20,-20,-20,-20,-20,-20,-20,-20,6,-20,4,4,-20,-20,-20,12,9,-20,-20,3,9,6,-20,10,-20,-20,9,-20,-20,-20,-20,-20,8,11,-20,-20,-20,-20,-20,-20,-20,-20,6,-20,16,-20,-20,-20,-20,-20,-20,5,-20,-20,-20,9,15,-20,-20,9,-20,-20,8,5,-20,11,9,11,8,6,8,15,7,17,12,19,3,-20,10,7,3,3,7,6,9,6,7,11,5,19,7,7,13,10,12,6,7,6,-20,-20,-20,3,-20,-20,12,-20,-20,-20,-20,-20,-20,-20,-20,-20,3,6,-20,-20,4,8,15,11,13,7,21,6,19,15,8,34,21,-20,-20,27,-20,15,10,2,11,7,16,6,6,-20,7,-20,19,10,-20,8,13,-20,-20,-20,-20,-20,12,12,-20,3,8,-20,3,-20,-20,6,11,-20,-20,-20,8,5,13,8,7,15,3,14,-20,7,5,11,-20,7,5,7,8,10,9,11,-20,-20,-20,24,-20,-20,-20,-20,16,5,-20,-20,-20,11,-20,-20,-20,18,12,10,13,8,-20,-20,-20,-20,-20,9,9,19,-20,-20,-20,-20,-20,-20,-20,-20,18,-20,-20,-20,14,8,-20,-20,9,13,-20,-20,-20,-20,-20,-20,-20,-20,-20,-20,-20,-20,-20,-20,3,-20,5,12,-20,7,-20,-20,4,-20,-20,-20,-20,-20,8,-20,-20,-20,17,-20,-20,-20,-20,-20,11,-20,-20,-20,-20,7,-20,2,-20,-20,-20,-20,3,-20,-20,-20,-20,-20,-20,-20,-20,-20,-20,-20,-20,10,-20,4,7,6,-20,-20,-20,-20,3,6,11,4,-20,8,-20,-20,-20,-20,-20,-20,-20,-20,11,5,-20,-20,-20,-20,-20,-20,13,9,-20,-20,12,7,-20,6,-20,-20,-20,8,-20,-20,10,-20,-20,7,10,-20,-20,-20,-20,-20,-20,-20,-20,-20,-20,-20,6,6,-20,7,5,11,6,5,-20,-20,9,13,-20,-20,-20,-20,-20,-20,-20,2,7,-20,6,3,-20,-20,8,-20,-20,-20,-20,-20,-20,-20,-20,5,-20,4,-20,6,14,-20,5,-20,8,-20,3,-20,7,15,-20,-20,8,4,-20,13,-20,103,-20,-20,30,17,30,23,30,69,33,77,18,-20,72,49,42,30,42
"chr4,4889681",-20,-20,-20,-20,-20,-20,-20,-20,-20,-20,-20,6,29,14,23,15,41,18,94,59,-20,-20,51,40,69,29,35,31,32,12,10,17,15,-20,63,58,32,30,-20,-20,7,-20,-20,9,16,-20,-20,-20,12,13,-20,26,55,-20,-20,-20,66,-20,32,37,37,38,43,22,21,31,32,53,72,23,31,30,16,31,30,51,15,-20,6,9,6,16,17,-20,4,23,27,57,38,18,24,26,41,32,35,26,14,40,9,46,28,21,6,-20,43,58,-20,30,28,-20,12,-20,48,-20,4,4,-20,-20,-20,-20,-20,3,4,-20,-20,-20,-20,41,-20,8,-20,11,-20,5,-20,4,-20,-20,-20,15,-20,3,-20,8,-20,-20,-20,-20,-20,-20,-20,6,-20,-20,-20,15,5,5,-20,-20,-20,-20,-20,-20,-20,7,-20,4,11,27,82,55,30,22,-20,21,-20,-20,15,59,-20,-20,23,-20,13,-20,15,13,7,-20,21,26,2,4,5,16,11,17,-20,10,-20,-20,-20,-20,6,19,-20,-20,-20,-20,-20,3,-20,5,-20,9,-20,-20,-20,-20,3,-20,-20,-20,-20,6,13,19,32,-20,5,-20,-20,29,-20,-20,-20,-20,-20,-20,-20,-20,-20,-20,-20,36,-20,-20,-20,22,-20,-20,7,-20,23,23,14,11,12,10,-20,32,-20,-20,8,16,15,-20,-20,14,-20,-20,-20,20,-20,12,53,24,18,27,-20,16,-20,29,9,23,10,5,5,-20,12,-20,-20,-20,-20,-20,42,-20,-20,-20,-20,-20,2,-20,-20,36,43,-20,32,39,46,50,44,63,-20,-20,7,3,-20,11,16,21,21,47,14,-20,7,14,11,41,7,-20,3,-20,43,4,21,38,-20,32,10,34,-20,-20,-20,20,9,-20,-20,-20,-20,6,5,-20,-20,3,-20,-20,14,10,9,-20,14,-20,-20,-20,-20,8,-20,-20,12,-20,12,61,8,5,17,146,-20,-20,-20,-20,12,-20,-20,-20,15,16,-20,19,-20,-20,8,-20,-20,-20,7,5,59,-20,-20,-20,-20,-20,-20,5,9,-20,12,-20,29,-20,16,4,-20,-20,6,-20,6,8,8,8,-20,-20,10,30,-20,-20,-20,-20,22,8,-20,15,14,-20,8,-20,-20,-20,9,23,-20,-20,13,13,-20,7,10,20,47,10,-20,7,10,-20,-20,3,-20,-20,11,-20,15,-20,-20,-20,-20,5,-20,-20,-20,9,9,-20,-20,-20,-20,7,50,47,4,-20,4,-20,-20,-20,6,-20,8,-20,-20,11,-20,10,15,15,5,-20,6,-20,7,-20,7,7,50,-20,10,-20,-20,-20,-20,-20,7,-20,40,54,42,45,15,47,34,-20,-20,41,36,4,3,48,15,-20,-20,12,6,14,32,14,-20,5,-20,-20,-20,-20,10,-20,-20,23,-20,6,-20,-20,10,-20,-20,-20,-20,4,15,9,30,-20,-20,-20,-20,-20,-20,7,46,17,-20,6,12,-20,-20,14,-20,13,-20,-20,31,-20,24,55,47,32,27,32,23,18,8,-20,-20,-20,-20,-20,-20,11,6,-20,11,-20,5,-20,-20,-20,-20,-20,-20,-20,-20,-20,-20,-20,10,7,8,8,11,7,-20,-20,-20,24,28,14,-20,-20,-20,-20,-20,26,-20,31,22,-20,29,-20,38,19,-20,27,62,43,-20,-20,7,-20,-20,-20,-20,-20,-20,27,51,-20,26,28,21,34,27,-20,-20,-20,-20,-20,21,39,20,-20,-20,-20,9,-20,-20,-20,-20,10,-20,5,-20,-20,-20,3,-20,-20,-20,-20,-20,-20,-20,-20,-20,15,-20,-20,4,6,-20,-20,-20,-20,-20,-20,-20,-20,-20,-20,6,-20,4,4,-20,-20,-20,12,9,-20,-20,3,9,6,-20,10,-20,-20,9,-20,-20,-20,-20,-20,8,12,-20,-20,-20,-20,-20,-20,-20,-20,6,-20,16,-20,-20,-20,-20,-20,-20,5,-20,-20,-20,9,15,-20,-20,9,-20,-20,8,5,9,11,9,12,8,6,8,14,7,17,12,19,3,23,10,7,3,3,7,6,9,6,8,11,5,18,7,7,13,10,12,6,7,6,-20,-20,-20,3,-20,-20,13,-20,-20,-20,-20,-20,-20,-20,-20,8,3,6,-20,-20,4,8,16,11,13,7,21,6,20,15,8,34,21,-20,-20,28,-20,15,10,2,11,7,17,6,6,-20,7,-20,19,10,-20,8,13,-20,-20,-20,-20,-20,12,12,-20,3,8,-20,-20,-20,-20,6,11,5,-20,-20,8,5,13,8,7,15,3,14,-20,7,5,11,-20,7,5,7,8,10,9,12,-20,-20,-20,24,-20,-20,-20,-20,16,5,-20,7,-20,11,-20,-20,-20,17,12,10,13,8,-20,-20,-20,-20,-20,9,9,18,-20,-20,-20,-20,-20,-20,-20,-20,17,-20,5,-20,14,8,-20,-20,9,13,-20,-20,-20,-20,-20,-20,-20,-20,-20,-20,-20,-20,-20,-20,3,-20,5,12,-20,7,-20,-20,4,-20,-20,-20,-20,-20,8,-20,-20,-20,17,-20,-20,-20,-20,-20,11,-20,-20,-20,-20,7,-20,2,-20,-20,-20,-20,3,-20,-20,-20,-20,-20,18,-20,-20,3,-20,-20,-20,10,-20,4,7,6,-20,-20,-20,-20,3,6,11,4,-20,8,10,-20,-20,-20,-20,-20,-20,-20,11,5,-20,-20,-20,-20,-20,-20,13,9,-20,-20,12,7,-20,6,-20,-20,-20,8,-20,-20,10,-20,-20,6,10,-20,-20,-20,5,-20,-20,-20,-20,-20,-20,-20,6,8,-20,8,4,11,6,5,-20,-20,9,13,-20,10,-20,-20,-20,-20,-20,-20,7,3,6,4,-20,-20,6,-20,-20,-20,-20,-20,-20,-20,-20,-20,-20,4,-20,5,13,-20,5,3,9,-20,4,-20,5,15,-20,-20,9,4,-20,11,-20,103,-20,-20,30,17,30,22,30,70,33,77,18,-20,71,49,42,31,40
"chr4,4889683",-20,-20,-20,-20,-20,-20,-20,-20,-20,-20,-20,5,29,15,23,15,40,19,93,58,-20,-20,53,39,69,30,37,31,32,12,9,17,16,-20,63,56,31,32,-20,-20,7,-20,-20,9,15,-20,-20,-20,12,12,-20,26,55,4,-20,-20,64,-20,31,36,37,38,42,22,20,31,31,56,70,24,32,30,16,34,31,54,16,-20,6,9,6,16,17,-20,4,24,32,55,42,19,23,26,43,32,34,26,14,39,10,48,26,19,8,-20,42,58,-20,31,27,-20,12,-20,48,3,4,4,-20,-20,-20,-20,-20,5,4,-20,-20,-20,-20,44,-20,8,3,11,-20,5,-20,4,-20,-20,-20,16,-20,3,-20,8,-20,-20,-20,-20,-20,-20,-20,5,-20,-20,-20,14,5,5,-20,-20,-20,-20,-20,-20,-20,7,-20,4,10,27,80,55,27,22,4,21,-20,-20,15,57,-20,-20,23,-20,12,-20,15,13,7,-20,21,25,2,4,5,16,11,17,-20,10,-20,-20,-20,-20,6,18,-20,-20,-20,-20,-20,3,-20,5,-20,9,-20,-20,-20,-20,3,-20,-20,-20,-20,7,14,19,33,-20,4,-20,-20,29,-20,-20,-20,-20,-20,-20,-20,-20,2,-20,-20,36,-20,-20,-20,23,-20,-20,7,-20,23,23,14,11,12,11,-20,30,-20,-20,8,16,15,-20,-20,13,-20,-20,-20,19,-20,11,51,24,18,36,-20,16,-20,30,9,23,9,5,5,-20,11,-20,-20,-20,-20,-20,43,-20,-20,-20,-20,-20,2,-20,-20,37,41,-20,33,39,46,49,42,62,-20,-20,7,3,-20,11,16,22,21,48,14,-20,6,15,11,42,7,-20,3,-20,42,4,21,38,-20,32,11,34,-20,-20,-20,19,9,-20,-20,-20,-20,6,5,-20,-20,3,-20,-20,14,10,9,-20,13,-20,-20,-20,-20,8,-20,-20,14,-20,12,64,9,4,17,144,-20,-20,-20,-20,12,-20,-20,-20,15,15,-20,17,-20,-20,8,-20,-20,-20,7,6,58,-20,-20,-20,-20,-20,-20,5,9,-20,14,-20,28,-20,15,4,-20,-20,6,10,6,9,8,8,3,-20,9,32,-20,-20,-20,-20,22,8,-20,16,14,-20,7,-20,-20,-20,9,23,-20,11,13,13,-20,7,9,20,47,9,-20,7,9,-20,-20,3,-20,-20,11,-20,16,-20,-20,-20,-20,5,-20,-20,-20,9,8,-20,-20,-20,-20,8,49,50,4,-20,4,-20,-20,-20,6,-20,9,-20,-20,11,-20,9,15,12,5,-20,6,-20,7,-20,-20,7,51,-20,10,-20,-20,-20,-20,-20,7,-20,41,54,43,49,15,46,33,-20,-20,41,37,4,3,48,14,-20,-20,12,4,13,33,14,-20,5,-20,-20,-20,-20,10,-20,-20,23,-20,6,-20,-20,10,-20,-20,-20,-20,4,16,9,31,-20,-20,-20,-20,-20,-20,7,45,17,-20,6,11,-20,-20,14,-20,13,-20,-20,31,-20,24,55,45,31,27,33,24,20,8,-20,-20,-20,-20,-20,-20,12,6,-20,11,-20,5,-20,-20,-20,-20,-20,-20,-20,-20,-20,-20,-20,10,7,8,8,11,7,-20,-20,-20,24,28,14,4,3,-20,-20,-20,25,-20,29,21,-20,27,-20,38,18,-20,26,67,43,-20,-20,7,-20,-20,-20,-20,-20,-20,27,51,-20,25,28,18,30,26,-20,-20,-20,-20,-20,21,39,20,-20,-20,-20,10,-20,-20,-20,-20,10,-20,5,-20,-20,-20,3,-20,-20,-20,-20,-20,-20,-20,-20,-20,13,-20,-20,4,6,-20,-20,-20,-20,-20,-20,-20,-20,-20,-20,6,-20,-20,4,-20,-20,-20,12,8,-20,-20,-20,9,6,-20,-20,-20,-20,-20,-20,-20,-20,-20,-20,7,11,-20,-20,-20,-20,-20,-20,-20,-20,6,-20,14,-20,-20,-20,-20,-20,-20,5,-20,-20,-20,9,16,-20,-20,9,-20,-20,8,5,9,11,9,12,8,6,9,15,7,18,12,17,4,23,10,7,3,-20,7,5,9,6,9,12,6,19,7,8,14,11,12,6,7,6,-20,-20,-20,3,-20,-20,13,-20,-20,-20,-20,-20,-20,-20,-20,8,3,6,-20,3,4,8,16,11,13,7,21,6,20,15,8,34,21,-20,-20,28,-20,15,10,2,11,7,17,6,6,-20,7,-20,19,10,-20,8,13,-20,-20,-20,-20,-20,11,12,-20,3,8,-20,-20,-20,-20,6,11,4,-20,-20,8,5,13,8,7,16,3,14,-20,6,5,11,-20,7,5,7,9,10,-20,13,-20,-20,-20,23,-20,-20,-20,-20,16,6,-20,7,-20,12,-20,-20,-20,17,12,11,12,8,-20,-20,-20,-20,-20,9,9,18,-20,-20,-20,-20,-20,-20,-20,-20,17,-20,6,-20,14,9,-20,-20,9,13,-20,-20,-20,-20,-20,-20,-20,-20,-20,-20,-20,-20,-20,-20,3,-20,5,12,-20,7,-20,-20,4,-20,-20,-20,-20,-20,9,-20,-20,-20,17,-20,-20,-20,-20,-20,11,-20,-20,-20,-20,6,-20,2,-20,-20,-20,-20,3,-20,-20,-20,-20,-20,18,-20,-20,3,-20,-20,-20,10,-20,-20,8,-20,-20,-20,-20,-20,3,6,11,4,-20,8,10,-20,-20,-20,-20,-20,-20,-20,11,5,-20,-20,-20,-20,-20,-20,13,9,-20,-20,12,7,-20,6,-20,-20,-20,7,-20,-20,10,-20,-20,6,11,-20,-20,-20,5,-20,-20,-20,-20,-20,-20,-20,5,7,4,9,5,11,5,5,-20,-20,-20,12,-20,11,-20,-20,-20,-20,-20,-20,8,-20,6,5,-20,5,4,-20,-20,-20,-20,-20,-20,-20,-20,5,-20,4,-20,5,15,-20,6,4,10,-20,4,-20,5,15,-20,-20,9,4,-20,10,-20,104,-20,-20,30,18,30,21,30,67,33,77,18,-20,69,49,42,30,39
"chr4,4889684",-20,-20,-20,-20,-20,-20,-20,-20,-20,-20,-20,-20,29,14,23,15,40,20,91,58,-20,-20,53,40,67,30,37,31,33,12,10,17,15,-20,65,56,31,32,-20,-20,7,-20,-20,9,15,-20,7,-20,13,12,-20,-20,52,4,-20,-20,64,-20,31,35,35,38,44,22,21,31,32,56,67,24,32,30,16,35,32,55,16,-20,6,9,6,16,17,-20,4,26,32,56,41,19,23,26,43,31,34,25,14,39,10,48,26,19,8,-20,42,59,-20,33,27,-20,12,-20,47,3,4,4,-20,-20,-20,-20,-20,5,4,-20,-20,-20,-20,44,-20,8,3,11,-20,5,5,4,-20,-20,-20,15,-20,3,-20,8,-20,-20,-20,-20,-20,-20,-20,5,-20,-20,-20,14,5,5,-20,-20,-20,-20,-20,-20,-20,7,-20,4,10,27,79,55,27,21,4,21,-20,-20,14,57,-20,-20,23,-20,12,-20,15,13,8,-20,21,25,3,4,5,16,11,16,-20,10,-20,-20,-20,-20,6,18,-20,-20,-20,-20,-20,-20,-20,-20,-20,8,-20,-20,-20,-20,3,-20,-20,-20,-20,7,14,19,33,-20,4,-20,-20,29,-20,-20,-20,-20,-20,-20,-20,-20,2,-20,-20,38,-20,-20,-20,23,-20,-20,7,-20,23,22,15,11,12,11,-20,30,-20,-20,8,16,15,-20,-20,13,-20,-20,-20,21,-20,11,50,24,18,36,-20,16,3,29,10,23,7,5,5,-20,11,-20,-20,-20,-20,-20,42,-20,-20,-20,-20,-20,2,-20,-20,38,43,-20,33,39,45,49,41,62,-20,-20,7,3,-20,11,16,23,21,49,14,-20,7,15,11,42,7,-20,3,-20,44,5,21,39,-20,32,12,34,-20,-20,-20,19,9,-20,-20,-20,-20,6,5,-20,-20,3,-20,-20,14,10,-20,-20,12,-20,-20,-20,-20,7,-20,-20,-20,-20,11,64,9,4,17,137,-20,-20,-20,-20,12,-20,-20,-20,15,16,-20,16,-20,-20,8,-20,-20,-20,7,6,58,-20,-20,-20,-20,-20,-20,5,9,-20,14,-20,28,-20,16,4,-20,-20,6,10,6,9,8,8,3,-20,9,32,-20,-20,-20,3,23,8,-20,16,13,-20,7,-20,-20,-20,10,23,-20,11,13,13,-20,8,9,21,46,8,-20,9,9,-20,-20,3,-20,-20,11,-20,16,-20,-20,-20,-20,5,-20,-20,-20,9,8,-20,-20,-20,-20,8,49,50,4,-20,4,-20,-20,-20,6,-20,9,-20,-20,11,-20,9,15,13,5,-20,6,-20,6,-20,-20,7,50,-20,10,-20,-20,-20,-20,-20,8,-20,41,53,43,52,15,46,33,-20,-20,40,38,4,3,48,14,-20,-20,10,4,14,33,15,-20,6,-20,-20,-20,-20,10,-20,-20,23,-20,6,-20,-20,10,-20,-20,-20,-20,4,15,-20,31,-20,-20,-20,-20,-20,-20,7,47,16,-20,7,11,-20,-20,14,-20,13,-20,-20,31,-20,24,55,45,31,27,33,24,19,7,-20,-20,-20,-20,-20,-20,12,6,-20,11,-20,5,-20,-20,-20,-20,-20,-20,-20,-20,-20,-20,-20,10,7,8,8,11,7,-20,-20,-20,23,25,14,4,3,-20,-20,-20,25,-20,31,21,-20,30,-20,36,15,-20,24,64,41,-20,-20,7,-20,-20,-20,-20,-20,-20,27,52,-20,25,28,19,30,25,-20,-20,-20,-20,-20,21,39,20,-20,-20,-20,10,-20,-20,-20,-20,9,-20,5,4,-20,-20,3,-20,-20,-20,-20,-20,-20,-20,-20,-20,16,-20,-20,4,6,-20,-20,-20,-20,-20,-20,-20,-20,-20,-20,6,-20,-20,4,-20,-20,-20,12,8,-20,-20,-20,8,6,-20,9,-20,-20,-20,-20,-20,-20,-20,-20,8,11,-20,-20,-20,-20,-20,-20,-20,-20,6,-20,14,-20,-20,-20,-20,-20,-20,5,-20,-20,-20,9,16,-20,-20,9,-20,-20,8,5,9,11,9,12,8,6,9,15,7,18,12,16,4,23,9,7,3,-20,7,5,9,6,8,12,6,20,7,8,14,10,12,6,7,6,-20,-20,-20,3,-20,-20,13,-20,-20,-20,-20,-20,-20,-20,-20,-20,3,6,-20,-20,4,8,16,11,13,7,21,6,20,15,8,34,21,-20,-20,28,-20,15,11,2,11,7,17,6,6,-20,7,-20,19,10,-20,8,13,-20,-20,-20,-20,-20,11,12,-20,3,8,-20,-20,-20,-20,6,11,4,-20,-20,8,5,12,8,7,15,3,12,-20,6,6,11,-20,7,5,7,9,10,-20,13,-20,-20,-20,23,-20,-20,-20,-20,16,6,-20,7,-20,12,-20,-20,-20,16,12,11,11,8,-20,-20,-20,-20,-20,9,-20,18,-20,-20,-20,-20,-20,-20,-20,-20,17,-20,6,-20,13,8,-20,-20,9,13,-20,-20,-20,-20,-20,-20,-20,-20,-20,-20,3,-20,-20,-20,3,-20,5,12,-20,7,-20,-20,4,-20,-20,-20,-20,-20,9,-20,-20,-20,17,-20,-20,-20,-20,-20,11,-20,-20,-20,-20,6,-20,2,-20,-20,-20,-20,3,-20,-20,-20,-20,-20,17,-20,-20,3,-20,-20,-20,10,-20,-20,10,-20,-20,-20,-20,-20,3,6,11,4,-20,8,10,-20,-20,-20,-20,-20,-20,-20,9,4,-20,-20,-20,-20,-20,-20,13,9,-20,-20,11,7,-20,6,-20,-20,-20,6,-20,-20,8,-20,-20,6,11,-20,-20,-20,6,-20,-20,-20,-20,-20,-20,-20,5,7,4,8,5,12,4,5,-20,-20,10,12,-20,11,-20,-20,-20,-20,-20,-20,8,-20,6,5,-20,6,5,-20,-20,-20,-20,-20,-20,-20,-20,6,-20,3,-20,5,17,-20,6,4,11,-20,4,-20,6,14,-20,-20,9,4,-20,11,-20,103,-20,-20,30,16,30,21,28,65,31,70,18,-20,67,48,41,29,39
"chr4,4889688",-20,-20,-20,-20,-20,-20,-20,-20,-20,-20,-20,-20,28,15,23,12,40,20,92,60,-20,-20,50,39,66,31,37,29,33,-20,9,19,16,-20,64,59,30,31,-20,-20,7,-20,-20,9,14,-20,-20,-20,13,12,-20,25,48,-20,-20,-20,62,-20,29,31,36,37,46,24,21,28,30,55,67,23,33,33,15,37,33,56,16,-20,5,10,6,16,19,-20,5,26,35,54,45,18,22,28,46,30,33,26,14,41,10,43,24,19,7,-20,39,57,-20,33,26,-20,10,-20,46,3,4,3,-20,-20,-20,-20,-20,4,4,-20,-20,-20,-20,45,-20,8,3,9,-20,5,5,4,-20,-20,-20,15,-20,-20,2,8,3,-20,-20,-20,-20,-20,-20,5,-20,-20,-20,15,5,-20,-20,-20,-20,-20,-20,-20,-20,6,-20,4,10,31,-20,-20,19,-20,5,20,-20,-20,14,58,-20,-20,-20,-20,15,-20,17,15,8,-20,21,26,4,4,6,-20,10,15,-20,9,-20,-20,-20,-20,6,18,-20,-20,-20,-20,-20,3,-20,5,-20,11,-20,-20,-20,-20,3,-20,-20,-20,-20,7,15,18,33,-20,-20,-20,-20,-20,-20,-20,-20,-20,-20,-20,-20,-20,-20,-20,-20,-20,-20,-20,-20,23,-20,-20,6,-20,20,20,12,11,13,12,-20,28,-20,-20,7,16,16,-20,-20,12,-20,-20,-20,17,-20,10,-20,19,19,35,-20,16,4,28,8,26,7,5,5,-20,10,-20,-20,-20,-20,-20,40,-20,-20,-20,-20,-20,2,-20,-20,38,42,-20,31,39,44,51,40,62,-20,-20,-20,3,-20,11,17,27,21,42,13,-20,7,14,-20,-20,6,-20,3,-20,44,5,21,39,-20,27,12,31,-20,-20,-20,18,-20,-20,-20,-20,-20,6,-20,-20,-20,-20,-20,-20,13,10,-20,-20,13,-20,-20,-20,-20,7,-20,-20,-20,-20,10,64,11,4,-20,138,-20,-20,-20,-20,11,-20,-20,-20,15,16,-20,16,-20,-20,6,-20,-20,-20,-20,4,55,-20,-20,-20,-20,-20,-20,5,9,-20,14,-20,27,-20,-20,4,-20,-20,6,10,-20,9,9,9,3,-20,-20,33,-20,-20,-20,3,23,-20,-20,18,13,-20,-20,-20,-20,-20,10,23,-20,9,11,15,-20,8,-20,20,40,7,-20,9,10,-20,-20,-20,-20,-20,13,-20,16,-20,-20,-20,-20,5,-20,-20,-20,-20,8,-20,-20,-20,-20,9,47,50,4,-20,4,-20,-20,-20,-20,-20,9,-20,-20,-20,-20,8,18,13,5,-20,7,-20,6,-20,8,8,52,-20,10,-20,-20,-20,-20,-20,11,-20,41,56,45,51,15,44,31,-20,-20,42,36,4,4,47,-20,-20,-20,9,5,14,32,16,-20,5,-20,-20,-20,-20,10,-20,-20,24,-20,6,-20,-20,10,-20,-20,-20,-20,4,16,-20,32,-20,-20,-20,-20,-20,-20,7,-20,15,-20,7,10,-20,-20,11,-20,16,-20,-20,31,-20,24,55,45,32,26,33,23,18,7,-20,-20,-20,-20,-20,-20,12,6,-20,11,-20,-20,-20,-20,-20,-20,-20,-20,-20,-20,-20,-20,-20,10,7,8,8,11,7,-20,-20,-20,22,25,13,4,-20,-20,-20,-20,24,-20,-20,19,-20,28,-20,35,15,-20,20,63,39,-20,-20,-20,-20,-20,-20,-20,-20,-20,21,50,-20,25,29,15,28,25,-20,-20,-20,-20,-20,21,41,21,-20,-20,-20,-20,-20,-20,-20,-20,3,-20,5,-20,-20,-20,3,-20,-20,-20,-20,-20,-20,-20,-20,-20,17,-20,-20,4,5,-20,-20,-20,-20,-20,-20,-20,-20,-20,-20,6,-20,5,5,-20,-20,-20,8,9,-20,-20,-20,-20,6,-20,-20,-20,-20,-20,-20,-20,-20,-20,-20,8,9,-20,-20,-20,-20,-20,-20,-20,-20,6,-20,14,-20,-20,-20,-20,-20,-20,6,-20,-20,-20,6,17,-20,-20,9,-20,-20,9,5,-20,11,9,12,7,-20,10,14,7,17,10,16,5,-20,8,7,2,-20,7,4,8,-20,8,11,6,19,-20,10,14,-20,10,6,7,7,-20,-20,-20,3,-20,-20,-20,-20,-20,-20,-20,-20,-20,-20,-20,-20,4,6,-20,2,5,8,16,11,11,7,-20,7,18,15,9,34,21,-20,-20,28,-20,16,10,3,10,7,18,6,6,-20,7,-20,19,9,-20,8,12,-20,-20,-20,-20,-20,11,11,-20,3,-20,-20,-20,-20,-20,-20,11,4,-20,-20,8,5,13,7,8,14,3,-20,-20,-20,6,-20,-20,7,5,6,10,8,9,12,-20,-20,-20,22,-20,-20,-20,-20,16,6,-20,-20,-20,9,-20,-20,-20,16,11,-20,12,8,-20,-20,-20,-20,-20,-20,9,-20,-20,-20,-20,-20,-20,-20,-20,-20,15,-20,-20,-20,13,8,-20,-20,9,12,-20,-20,-20,-20,-20,-20,-20,-20,-20,-20,3,-20,-20,-20,3,-20,-20,12,-20,7,-20,-20,3,-20,-20,-20,-20,-20,-20,-20,-20,-20,16,-20,-20,-20,-20,-20,11,-20,-20,-20,-20,5,-20,-20,-20,-20,-20,-20,-20,-20,-20,-20,-20,-20,17,-20,-20,-20,-20,-20,-20,9,-20,4,10,-20,4,-20,-20,-20,-20,6,10,4,-20,8,9,-20,-20,-20,-20,-20,-20,-20,6,3,-20,-20,-20,-20,-20,-20,13,9,-20,-20,11,7,-20,6,-20,-20,-20,-20,-20,3,8,-20,-20,6,10,-20,-20,-20,5,-20,-20,-20,-20,-20,-20,5,5,6,3,7,5,9,5,7,-20,-20,10,12,-20,13,-20,-20,-20,-20,-20,-20,7,-20,4,-20,-20,6,5,-20,-20,-20,-20,-20,-20,-20,-20,5,-20,5,-20,4,15,-20,7,5,10,-20,4,-20,7,12,-20,-20,9,6,-20,6,-20,109,-20,-20,29,17,29,20,29,62,30,73,18,-20,61,-20,41,30,41
"chr4,4889692",-20,-20,-20,-20,-20,-20,-20,-20,-20,-20,-20,-20,26,14,21,14,41,17,88,61,-20,-20,51,38,67,32,35,29,-20,11,9,20,16,-20,68,56,30,29,-20,-20,7,-20,-20,8,16,-20,-20,-20,13,13,-20,30,47,3,-20,-20,63,-20,32,33,38,36,46,26,20,27,30,52,69,25,36,30,15,36,31,52,16,-20,5,10,6,17,15,-20,-20,25,34,53,42,17,19,25,43,29,29,25,14,42,10,42,24,18,7,-20,38,57,-20,31,24,-20,8,-20,44,-20,-20,3,-20,-20,-20,-20,-20,4,4,-20,-20,-20,-20,44,-20,8,3,9,-20,5,5,4,-20,-20,-20,15,-20,-20,2,8,3,-20,-20,-20,-20,-20,-20,5,-20,-20,-20,15,5,-20,-20,-20,-20,-20,-20,-20,-20,7,-20,4,10,31,76,54,20,20,5,19,-20,-20,15,65,-20,-20,20,-20,14,-20,13,13,-20,-20,18,21,3,4,6,15,11,16,-20,-20,-20,-20,-20,-20,6,17,-20,-20,-20,-20,-20,-20,-20,5,-20,10,-20,-20,-20,-20,3,-20,-20,-20,-20,7,-20,17,33,-20,3,-20,-20,28,-20,-20,-20,-20,-20,-20,-20,-20,2,-20,-20,38,-20,-20,-20,22,-20,-20,6,-20,21,20,12,11,15,11,-20,21,-20,-20,8,16,16,-20,-20,11,-20,-20,-20,14,-20,9,47,21,15,33,-20,16,4,30,8,22,8,6,5,-20,10,-20,-20,-20,-20,-20,42,-20,-20,-20,-20,-20,-20,-20,-20,37,41,-20,29,40,45,51,39,-20,-20,-20,4,3,-20,11,17,26,21,42,15,-20,6,13,10,44,7,-20,3,-20,43,5,-20,35,-20,28,10,30,-20,-20,-20,18,9,-20,-20,-20,-20,6,7,-20,-20,-20,-20,-20,10,8,9,-20,11,-20,-20,-20,-20,-20,-20,-20,13,-20,11,64,9,5,16,139,-20,-20,-20,-20,12,-20,-20,-20,15,16,-20,16,-20,-20,6,-20,-20,-20,8,4,60,-20,-20,-20,-20,-20,-20,6,8,-20,11,-20,25,-20,16,4,-20,-20,4,11,6,10,9,8,3,-20,9,31,-20,-20,-20,3,23,9,-20,20,12,-20,9,-20,-20,-20,11,23,-20,8,11,16,-20,-20,8,19,39,7,-20,9,10,-20,-20,4,-20,-20,13,-20,16,-20,-20,-20,-20,6,-20,-20,-20,8,8,-20,-20,-20,-20,9,48,49,4,-20,4,-20,-20,-20,4,-20,8,-20,-20,9,-20,7,16,11,5,-20,8,-20,7,-20,7,8,50,-20,10,-20,-20,-20,-20,-20,11,-20,41,55,45,51,15,42,30,-20,-20,39,37,4,4,46,13,-20,-20,8,4,13,32,17,-20,6,-20,-20,-20,-20,11,-20,-20,22,-20,5,-20,-20,10,-20,-20,-20,-20,5,16,-20,33,-20,-20,-20,-20,-20,-20,7,44,15,-20,7,10,-20,-20,8,-20,13,-20,-20,32,-20,20,52,42,29,25,29,18,22,7,-20,-20,-20,-20,-20,-20,12,6,-20,10,-20,-20,-20,-20,-20,-20,-20,-20,-20,-20,-20,-20,-20,10,7,6,8,12,7,-20,-20,-20,20,25,14,4,-20,4,-20,-20,22,-20,33,19,-20,30,-20,32,11,-20,22,56,39,-20,-20,6,-20,-20,-20,-20,-20,-20,21,48,-20,24,28,13,22,21,-20,-20,-20,3,-20,21,41,22,-20,-20,-20,9,-20,-20,-20,-20,3,-20,5,-20,-20,-20,3,-20,-20,-20,-20,-20,-20,-20,-20,-20,19,-20,-20,4,4,-20,-20,-20,-20,-20,-20,-20,-20,-20,-20,4,-20,5,5,-20,-20,-20,8,7,-20,-20,-20,7,6,-20,8,-20,-20,9,-20,-20,-20,-20,-20,9,9,-20,-20,-20,-20,-20,-20,-20,-20,7,-20,14,-20,-20,-20,-20,-20,-20,7,-20,-20,-20,5,18,-20,-20,9,-20,-20,9,5,-20,10,9,10,7,6,11,12,7,18,11,13,5,21,7,7,-20,-20,7,4,8,6,8,11,6,19,7,10,12,11,11,5,7,7,-20,-20,-20,3,-20,-20,12,-20,-20,-20,-20,-20,-20,-20,-20,8,6,7,-20,-20,5,8,16,10,11,7,18,7,18,15,9,33,21,-20,-20,27,-20,16,11,3,10,7,18,6,6,-20,7,-20,20,9,-20,8,12,-20,-20,-20,-20,-20,12,-20,-20,-20,8,-20,-20,-20,-20,6,11,4,-20,-20,8,5,13,7,8,12,2,9,-20,5,6,10,-20,7,5,7,10,8,9,12,-20,-20,-20,23,-20,-20,-20,-20,-20,6,-20,7,-20,10,-20,-20,-20,15,12,13,12,8,-20,-20,-20,-20,-20,9,-20,17,-20,-20,-20,-20,-20,-20,-20,-20,16,-20,6,-20,12,8,-20,-20,10,10,-20,-20,-20,-20,-20,-20,-20,-20,-20,-20,3,-20,-20,-20,3,-20,7,10,-20,7,-20,-20,3,-20,-20,-20,-20,-20,10,-20,-20,-20,17,-20,-20,-20,-20,-20,11,-20,-20,-20,-20,5,-20,2,-20,-20,-20,-20,3,-20,-20,-20,-20,-20,17,-20,-20,-20,-20,-20,-20,9,-20,4,10,7,4,-20,-20,-20,-20,7,10,4,-20,8,10,-20,-20,-20,-20,-20,-20,-20,6,3,-20,-20,-20,-20,-20,-20,11,9,-20,-20,11,7,-20,4,-20,-20,-20,5,-20,3,9,-20,-20,7,10,-20,-20,-20,4,-20,-20,-20,-20,-20,-20,4,5,6,3,7,5,10,5,6,-20,-20,9,12,-20,12,-20,-20,-20,-20,-20,-20,7,-20,5,4,-20,7,6,-20,-20,-20,-20,-20,-20,-20,-20,6,-20,7,-20,-20,15,-20,10,6,16,-20,5,3,7,11,-20,-20,-20,7,-20,6,-20,109,-20,-20,31,18,29,20,27,65,32,72,18,-20,56,48,39,34,41
"chr4,4889697",-20,-20,-20,-20,-20,-20,-20,-20,-20,-20,-20,-20,24,13,18,13,40,18,90,63,-20,-20,57,38,68,33,35,28,29,11,8,19,17,-20,70,58,30,28,-20,-20,7,-20,-20,9,17,-20,5,-20,11,14,-20,27,46,3,-20,-20,60,-20,31,33,36,36,47,26,-20,31,33,51,67,26,35,28,14,33,30,53,13,-20,3,11,6,17,15,-20,6,23,37,50,43,16,16,22,42,28,27,22,14,42,10,41,26,18,7,-20,37,56,-20,30,22,-20,8,-20,40,4,-20,3,-20,-20,-20,-20,-20,4,4,-20,-20,-20,-20,42,-20,7,4,9,-20,5,7,5,-20,-20,-20,13,-20,-20,-20,8,5,-20,-20,3,-20,-20,-20,4,-20,-20,-20,14,5,5,-20,-20,-20,-20,-20,-20,-20,7,-20,4,11,32,74,55,18,19,3,20,-20,-20,13,54,-20,-20,19,-20,10,-20,14,8,-20,-20,12,21,4,3,6,15,12,14,-20,9,-20,-20,-20,-20,7,15,-20,-20,-20,-20,-20,-20,-20,5,-20,11,-20,-20,-20,-20,4,-20,-20,-20,-20,8,10,-20,33,-20,3,-20,-20,25,-20,-20,-20,-20,-20,-20,-20,-20,2,-20,-20,-20,-20,-20,-20,24,-20,-20,6,-20,21,16,10,13,17,13,-20,18,-20,-20,7,16,16,-20,-20,11,-20,-20,-20,13,-20,9,44,22,14,31,-20,17,-20,31,-20,23,8,6,6,-20,8,-20,-20,-20,-20,-20,44,-20,-20,-20,-20,-20,-20,-20,-20,37,40,-20,30,43,47,49,38,57,-20,-20,4,3,-20,14,15,25,19,-20,16,-20,4,14,-20,46,8,-20,4,-20,41,5,20,35,-20,27,9,32,-20,-20,-20,18,9,-20,-20,-20,-20,6,7,-20,-20,-20,-20,-20,10,10,8,-20,12,-20,-20,-20,-20,8,-20,-20,14,-20,12,67,9,5,-20,139,-20,-20,-20,-20,12,-20,-20,-20,16,18,-20,17,-20,-20,7,-20,-20,-20,8,4,61,-20,-20,-20,-20,-20,-20,5,8,-20,11,-20,26,-20,15,4,-20,-20,4,11,7,8,9,8,-20,-20,8,34,-20,-20,-20,3,21,9,-20,22,14,-20,9,-20,-20,-20,11,22,-20,7,10,17,-20,-20,10,18,36,6,-20,9,11,-20,-20,-20,-20,-20,13,-20,18,-20,-20,-20,-20,6,-20,-20,-20,8,8,-20,-20,-20,-20,10,53,52,6,-20,4,-20,-20,-20,-20,-20,8,-20,-20,9,-20,6,15,11,5,-20,8,-20,8,-20,-20,9,50,-20,9,3,-20,-20,-20,-20,11,-20,44,54,45,52,15,40,29,-20,-20,40,38,4,3,44,14,-20,-20,4,4,14,34,17,-20,7,-20,-20,-20,-20,11,-20,-20,20,-20,-20,-20,-20,10,-20,-20,-20,-20,6,17,-20,34,-20,-20,-20,-20,-20,-20,7,45,15,-20,7,8,-20,-20,8,-20,14,-20,-20,31,-20,20,48,42,30,25,31,17,19,7,-20,-20,-20,-20,-20,-20,12,6,-20,10,-20,-20,-20,-20,-20,-20,-20,-20,-20,-20,-20,-20,-20,10,9,4,8,10,7,-20,-20,-20,21,25,13,5,-20,4,-20,-20,20,-20,33,19,-20,34,-20,33,13,-20,23,55,36,-20,-20,6,-20,-20,-20,-20,-20,-20,17,44,-20,22,28,15,21,14,-20,-20,-20,3,-20,20,39,18,-20,-20,-20,7,-20,-20,-20,-20,3,-20,4,-20,-20,-20,3,-20,-20,3,-20,-20,-20,-20,-20,-20,19,-20,-20,4,4,-20,-20,-20,-20,-20,-20,-20,-20,-20,-20,-20,-20,7,5,-20,-20,-20,8,7,-20,-20,-20,7,6,-20,9,-20,-20,9,-20,-20,-20,-20,-20,9,8,-20,-20,-20,-20,-20,-20,-20,-20,7,-20,14,-20,-20,-20,-20,-20,-20,7,-20,-20,-20,3,18,3,-20,9,-20,-20,9,5,8,10,8,10,7,6,11,12,8,16,11,13,5,21,7,7,2,-20,6,4,8,6,9,10,5,20,6,10,13,11,11,5,8,7,-20,-20,-20,3,-20,-20,11,-20,-20,-20,-20,-20,-20,-20,-20,7,6,7,-20,-20,5,8,15,9,12,6,19,7,16,11,8,33,21,-20,-20,27,-20,16,12,3,10,6,18,6,6,-20,7,-20,20,8,-20,8,11,-20,-20,-20,-20,-20,13,9,-20,-20,8,-20,-20,-20,-20,6,11,4,-20,-20,8,5,11,7,8,11,2,-20,-20,4,6,10,-20,7,5,7,10,9,9,11,-20,-20,-20,22,-20,-20,-20,-20,15,5,-20,-20,-20,10,-20,-20,-20,12,13,13,13,8,-20,-20,-20,-20,-20,10,-20,-20,-20,-20,-20,-20,-20,-20,-20,-20,16,-20,-20,-20,12,8,-20,-20,-20,10,-20,-20,-20,-20,-20,-20,-20,-20,-20,-20,3,-20,-20,-20,3,-20,7,10,-20,7,-20,-20,3,-20,-20,-20,-20,-20,11,-20,-20,8,15,-20,-20,-20,-20,-20,10,-20,-20,-20,-20,-20,-20,-20,-20,-20,-20,-20,3,-20,-20,-20,-20,-20,17,-20,-20,-20,-20,-20,-20,10,-20,4,10,7,4,-20,-20,-20,-20,7,10,4,-20,8,9,-20,-20,-20,-20,-20,-20,-20,6,3,-20,-20,-20,-20,-20,-20,11,9,-20,-20,12,7,-20,4,-20,-20,-20,5,-20,4,10,-20,-20,7,11,-20,-20,-20,3,-20,-20,-20,3,-20,-20,5,6,6,4,8,5,11,5,6,-20,-20,8,9,-20,11,-20,-20,-20,-20,-20,-20,8,-20,-20,-20,-20,7,6,-20,-20,-20,-20,-20,-20,-20,-20,5,-20,-20,-20,8,15,-20,10,6,17,5,5,3,8,11,-20,-20,10,8,-20,5,-20,108,-20,-20,31,19,27,20,30,62,27,67,41,-20,56,-20,39,35,41
"chr4,4889698",-20,-20,-20,-20,-20,-20,-20,-20,-20,-20,-20,-20,24,14,18,12,39,17,93,63,-20,-20,59,38,69,31,34,27,29,12,8,21,17,-20,73,58,30,28,-20,-20,7,-20,-20,11,17,-20,5,-20,11,14,-20,28,46,3,-20,-20,58,-20,31,31,37,38,48,26,18,31,33,51,69,26,36,27,13,34,31,54,13,-20,3,11,6,17,15,-20,6,23,37,51,43,16,16,22,43,26,26,22,14,44,10,39,26,18,7,-20,38,56,-20,30,22,-20,8,-20,39,4,-20,3,-20,-20,-20,-20,-20,4,4,-20,5,-20,-20,38,-20,7,4,9,-20,5,7,5,-20,-20,-20,12,-20,-20,-20,8,5,-20,-20,3,-20,-20,-20,3,-20,-20,-20,14,-20,5,-20,-20,-20,-20,-20,-20,-20,7,-20,4,11,32,76,53,18,19,-20,19,-20,-20,12,53,-20,-20,19,-20,10,-20,13,8,3,-20,12,20,4,3,6,14,12,14,-20,8,-20,-20,-20,-20,10,15,-20,-20,-20,-20,-20,-20,-20,5,-20,11,-20,-20,-20,-20,4,-20,-20,-20,-20,-20,9,14,34,-20,3,-20,-20,25,-20,-20,-20,-20,-20,-20,-20,-20,2,-20,-20,40,-20,-20,-20,24,-20,-20,6,-20,21,16,10,13,18,13,-20,18,-20,-20,7,16,15,-20,-20,11,-20,-20,-20,14,-20,8,45,22,14,31,-20,17,-20,31,9,23,8,6,6,-20,8,-20,-20,-20,-20,-20,44,-20,-20,-20,-20,-20,-20,-20,-20,38,39,-20,30,44,47,46,37,57,-20,-20,4,3,-20,15,14,25,18,47,16,-20,5,14,9,45,8,-20,4,-20,41,5,19,37,10,26,9,32,-20,-20,-20,18,8,-20,-20,-20,-20,6,7,-20,-20,-20,-20,-20,11,10,8,-20,12,-20,-20,-20,-20,8,-20,-20,14,-20,12,68,9,5,14,136,-20,-20,-20,-20,11,-20,-20,-20,15,20,-20,15,-20,-20,7,-20,-20,-20,8,4,60,-20,-20,3,-20,-20,-20,4,7,-20,10,-20,25,-20,15,4,-20,-20,4,-20,7,9,9,9,3,-20,8,34,-20,-20,-20,3,21,9,-20,24,14,-20,9,-20,-20,-20,12,22,-20,7,10,16,-20,8,9,17,38,6,-20,9,11,-20,-20,-20,-20,-20,13,-20,18,-20,-20,-20,-20,6,-20,-20,-20,8,8,-20,-20,-20,-20,9,52,52,6,-20,3,-20,-20,-20,5,-20,8,-20,-20,9,-20,6,15,11,5,-20,8,-20,8,-20,7,9,51,-20,8,3,-20,-20,-20,-20,11,-20,45,55,47,52,15,38,30,-20,-20,39,38,4,-20,46,15,-20,-20,4,4,15,33,17,-20,7,-20,-20,-20,-20,11,-20,-20,22,-20,-20,-20,-20,9,-20,-20,-20,-20,6,17,7,34,-20,-20,-20,-20,-20,-20,7,46,14,-20,7,8,-20,-20,8,-20,14,-20,-20,31,-20,20,49,42,30,26,32,17,18,6,-20,-20,-20,-20,-20,-20,12,6,-20,10,-20,-20,-20,-20,-20,-20,-20,-20,-20,-20,-20,-20,-20,10,9,4,8,10,7,-20,-20,-20,23,25,14,5,-20,-20,-20,-20,21,-20,33,20,-20,35,-20,34,12,-20,25,56,35,-20,-20,6,-20,-20,-20,-20,-20,-20,18,44,-20,19,29,16,23,14,-20,-20,-20,3,-20,20,40,17,-20,-20,-20,7,-20,-20,-20,-20,3,-20,4,3,-20,-20,-20,-20,-20,3,-20,-20,-20,-20,-20,-20,18,-20,-20,4,4,-20,-20,-20,-20,-20,-20,-20,-20,-20,-20,-20,-20,7,5,-20,-20,-20,8,7,-20,-20,-20,7,6,-20,-20,-20,-20,9,-20,-20,-20,-20,-20,10,8,-20,-20,-20,-20,-20,-20,-20,-20,7,-20,13,-20,-20,-20,-20,-20,-20,7,-20,-20,-20,3,18,3,-20,9,-20,-20,9,5,8,10,8,10,7,6,12,12,8,17,11,13,5,21,7,7,2,-20,6,4,8,5,8,10,5,20,6,10,13,10,11,5,9,7,-20,-20,-20,3,-20,-20,11,-20,-20,-20,-20,-20,-20,-20,-20,7,6,7,-20,-20,5,8,15,8,12,6,20,7,16,11,8,33,19,-20,-20,28,-20,16,12,3,10,6,17,-20,6,-20,8,-20,20,8,-20,8,11,-20,-20,-20,-20,-20,13,9,-20,-20,8,-20,-20,-20,-20,6,11,4,-20,-20,7,5,10,7,8,11,2,9,-20,4,6,10,-20,8,5,7,10,9,9,11,-20,-20,-20,22,-20,-20,-20,-20,15,5,-20,7,-20,10,-20,-20,-20,12,13,13,13,8,-20,-20,-20,-20,-20,10,9,17,-20,-20,-20,-20,-20,-20,-20,-20,15,-20,6,-20,12,8,-20,-20,-20,10,-20,-20,-20,-20,-20,-20,-20,-20,-20,-20,3,-20,-20,-20,3,-20,8,10,-20,7,-20,3,4,-20,-20,-20,-20,-20,12,-20,-20,8,15,-20,-20,-20,-20,-20,9,-20,-20,-20,-20,-20,-20,-20,-20,-20,-20,-20,3,-20,-20,-20,-20,-20,17,-20,-20,-20,-20,-20,-20,10,-20,4,11,7,4,-20,-20,-20,-20,7,10,5,-20,9,-20,-20,-20,-20,-20,-20,-20,-20,6,3,-20,-20,-20,-20,-20,-20,11,9,-20,-20,12,7,-20,4,-20,-20,-20,5,-20,4,10,-20,-20,7,11,-20,-20,-20,3,-20,-20,-20,4,-20,-20,5,6,6,5,7,6,11,5,7,-20,-20,9,12,-20,12,-20,-20,-20,5,3,6,8,-20,6,5,-20,7,6,-20,-20,-20,-20,-20,-20,-20,-20,7,-20,7,-20,7,14,-20,9,6,17,5,5,3,10,10,-20,-20,10,8,-20,6,-20,109,-20,-20,32,23,30,20,30,65,27,68,41,-20,55,46,39,33,41
"chr4,4889699",-20,-20,-20,-20,-20,-20,-20,-20,-20,-20,-20,-20,24,13,17,12,40,17,94,63,-20,-20,58,38,70,31,31,26,29,-20,8,21,17,-20,73,59,30,28,-20,-20,7,-20,-20,11,17,-20,-20,-20,10,14,-20,26,44,-20,-20,-20,58,-20,31,31,38,37,48,26,19,31,34,50,71,27,36,27,13,34,31,55,13,-20,3,11,6,17,15,-20,6,23,38,51,43,16,16,23,44,24,25,22,14,45,10,39,27,18,-20,-20,37,58,-20,30,22,-20,8,-20,39,4,-20,4,-20,-20,-20,-20,-20,4,4,-20,5,-20,-20,39,-20,7,4,9,-20,5,7,6,-20,-20,-20,12,-20,-20,-20,8,5,-20,-20,3,-20,-20,-20,3,-20,-20,-20,14,5,-20,-20,-20,-20,-20,-20,-20,-20,7,-20,4,11,31,70,-20,-20,-20,-20,19,-20,-20,12,54,-20,-20,17,-20,8,-20,12,8,3,-20,12,18,4,3,6,14,11,14,-20,8,-20,-20,-20,-20,10,15,-20,-20,-20,-20,-20,-20,-20,5,-20,11,-20,-20,-20,-20,-20,-20,-20,-20,-20,8,9,13,-20,-20,-20,-20,-20,-20,-20,-20,-20,-20,-20,-20,-20,-20,-20,-20,-20,-20,-20,-20,-20,22,-20,-20,7,-20,19,16,10,12,19,13,-20,12,-20,-20,7,16,17,-20,-20,11,-20,-20,-20,15,-20,8,42,23,14,31,-20,17,-20,31,9,23,6,6,6,-20,8,-20,-20,-20,-20,-20,45,-20,-20,-20,-20,-20,-20,-20,-20,38,39,-20,31,42,46,46,36,57,-20,-20,-20,3,-20,15,14,26,18,45,16,-20,5,13,-20,-20,8,2,4,-20,41,5,-20,37,10,24,9,31,-20,-20,-20,17,-20,-20,-20,-20,-20,7,-20,-20,-20,-20,-20,-20,10,10,-20,-20,12,-20,-20,-20,-20,8,-20,-20,-20,-20,-20,67,9,5,-20,137,-20,-20,-20,-20,11,-20,-20,-20,16,21,-20,13,-20,-20,7,-20,-20,-20,-20,4,56,-20,-20,3,-20,-20,-20,5,7,-20,-20,-20,25,-20,-20,4,-20,-20,4,11,-20,9,-20,9,3,-20,-20,34,-20,-20,-20,3,21,-20,-20,23,14,-20,-20,-20,-20,-20,12,21,-20,7,9,16,-20,8,-20,17,-20,6,-20,-20,11,-20,-20,-20,-20,-20,13,-20,18,-20,-20,-20,-20,6,-20,-20,-20,-20,8,-20,-20,-20,-20,9,52,52,6,-20,3,-20,-20,-20,-20,-20,8,-20,-20,-20,-20,7,16,10,5,-20,-20,-20,8,-20,7,9,51,-20,8,3,-20,-20,-20,-20,11,-20,43,53,46,52,15,38,31,-20,-20,37,39,4,-20,46,13,-20,-20,4,-20,16,34,17,-20,7,-20,-20,-20,-20,11,-20,-20,22,-20,-20,-20,-20,9,-20,-20,-20,-20,6,16,-20,34,-20,-20,-20,-20,-20,-20,7,-20,14,-20,7,8,-20,-20,8,-20,14,-20,-20,31,-20,21,50,42,30,26,31,17,-20,6,-20,-20,-20,-20,-20,-20,12,6,-20,10,-20,-20,-20,-20,-20,-20,-20,-20,-20,-20,-20,-20,-20,10,9,4,8,10,7,-20,-20,-20,24,26,14,5,-20,4,-20,-20,21,-20,-20,-20,-20,33,-20,-20,12,-20,25,56,32,-20,-20,-20,-20,-20,-20,-20,-20,-20,18,45,-20,20,29,15,22,13,-20,-20,-20,-20,-20,20,40,17,-20,-20,-20,-20,-20,-20,-20,-20,3,-20,-20,3,-20,-20,-20,-20,-20,3,-20,-20,-20,-20,-20,-20,-20,-20,-20,4,4,-20,-20,-20,-20,-20,-20,-20,-20,-20,-20,-20,-20,-20,5,-20,-20,-20,-20,7,-20,-20,-20,-20,6,-20,-20,-20,-20,-20,-20,-20,-20,-20,-20,10,8,-20,-20,-20,-20,-20,-20,-20,-20,7,-20,13,-20,-20,-20,-20,-20,-20,7,-20,-20,-20,3,17,-20,-20,9,-20,-20,9,5,-20,10,8,10,7,-20,12,12,8,17,11,12,5,-20,7,7,2,-20,6,4,7,-20,8,10,6,20,-20,10,13,-20,10,5,9,7,-20,-20,-20,3,-20,-20,-20,-20,-20,-20,-20,-20,-20,-20,-20,-20,6,7,-20,-20,5,8,14,8,-20,6,18,8,16,11,8,34,19,-20,-20,28,-20,17,11,3,10,6,17,5,6,3,8,-20,20,8,-20,8,11,-20,-20,-20,-20,-20,13,9,-20,-20,8,-20,-20,-20,-20,-20,11,3,-20,-20,7,5,10,7,7,11,2,-20,-20,-20,6,-20,-20,8,5,7,10,9,9,11,-20,-20,-20,22,-20,-20,-20,-20,15,5,-20,-20,-20,10,-20,-20,-20,12,13,-20,12,-20,-20,-20,-20,-20,-20,-20,9,-20,-20,-20,-20,-20,-20,-20,-20,-20,-20,-20,-20,-20,12,8,-20,-20,9,10,-20,-20,-20,-20,-20,-20,-20,-20,-20,-20,3,-20,-20,-20,3,-20,-20,10,-20,7,-20,3,4,-20,-20,-20,-20,-20,11,-20,-20,-20,14,-20,-20,-20,-20,-20,9,-20,-20,-20,-20,-20,-20,-20,-20,-20,-20,-20,-20,-20,-20,-20,-20,-20,17,-20,-20,-20,-20,-20,-20,10,-20,4,11,-20,4,-20,-20,-20,-20,7,10,5,-20,9,9,-20,-20,-20,-20,-20,-20,-20,6,3,-20,-20,-20,-20,-20,-20,11,9,-20,-20,12,7,-20,4,-20,-20,-20,-20,-20,4,10,-20,-20,7,11,-20,-20,-20,-20,-20,-20,-20,-20,-20,-20,3,5,5,-20,7,4,-20,5,7,-20,-20,-20,12,-20,12,-20,-20,-20,-20,3,-20,-20,-20,6,-20,-20,5,-20,-20,-20,-20,-20,-20,-20,-20,-20,4,-20,6,-20,7,13,-20,9,5,17,5,4,3,-20,11,-20,-20,11,-20,-20,6,-20,109,-20,-20,30,23,28,19,30,61,25,-20,40,-20,55,-20,39,35,39
"chr4,4889706",-20,-20,-20,-20,-20,-20,-20,-20,-20,-20,-20,-20,21,12,17,8,41,17,98,62,-20,-20,58,35,63,32,29,25,30,11,8,20,16,3,73,63,29,25,-20,-20,9,-20,-20,13,14,-20,5,-20,10,13,-20,28,45,-20,-20,-20,56,-20,30,30,39,41,45,27,20,-20,32,51,73,27,39,28,14,30,31,57,12,3,2,9,7,16,14,-20,-20,21,40,52,45,12,15,25,41,23,23,22,16,42,10,35,27,-20,-20,-20,35,55,-20,31,22,-20,10,-20,39,10,3,4,-20,-20,-20,-20,-20,5,4,-20,-20,-20,-20,40,-20,9,7,-20,-20,6,9,9,-20,-20,-20,13,-20,-20,4,8,9,-20,3,-20,-20,-20,-20,4,-20,-20,-20,15,5,-20,-20,-20,-20,-20,-20,-20,-20,7,-20,4,9,30,66,60,17,15,2,16,-20,-20,10,64,-20,-20,18,-20,10,-20,13,9,-20,-20,10,17,3,-20,5,14,13,14,-20,-20,-20,-20,-20,-20,11,13,-20,-20,-20,-20,-20,-20,-20,3,-20,-20,-20,-20,-20,-20,6,-20,-20,-20,-20,4,7,10,33,-20,3,-20,-20,26,-20,-20,-20,-20,-20,-20,-20,-20,-20,-20,-20,37,-20,-20,-20,21,-20,-20,-20,-20,17,15,9,13,19,12,-20,11,-20,-20,7,16,17,-20,-20,10,-20,-20,-20,14,-20,9,44,20,15,30,-20,19,5,33,9,20,7,6,7,-20,10,-20,-20,-20,-20,-20,44,-20,-20,-20,-20,-20,-20,-20,-20,39,38,-20,34,45,49,50,40,59,-20,-20,5,-20,-20,21,12,27,16,41,10,-20,3,11,8,-20,8,3,5,-20,42,5,19,40,9,22,9,29,-20,-20,-20,19,-20,-20,-20,-20,-20,6,7,-20,-20,-20,-20,-20,7,10,7,-20,13,-20,-20,4,-20,7,-20,-20,-20,-20,11,67,9,5,13,-20,3,-20,-20,-20,9,-20,-20,-20,17,17,-20,-20,-20,-20,6,-20,-20,-20,9,4,57,-20,-20,4,-20,-20,-20,5,7,-20,9,-20,25,-20,-20,5,-20,-20,6,12,9,8,11,7,4,-20,10,37,-20,-20,3,6,23,13,-20,21,-20,-20,8,-20,3,-20,10,21,-20,7,9,16,-20,5,-20,16,38,-20,-20,8,10,-20,-20,-20,-20,-20,13,-20,17,-20,-20,-20,-20,6,-20,-20,-20,14,10,-20,-20,-20,-20,9,55,52,-20,-20,3,-20,-20,-20,5,-20,9,-20,-20,8,-20,-20,18,9,5,-20,6,-20,7,-20,-20,9,55,-20,9,3,-20,-20,-20,-20,11,-20,50,50,49,53,16,38,31,-20,-20,36,40,5,3,47,14,-20,-20,-20,4,15,31,16,-20,7,-20,-20,-20,-20,7,-20,-20,21,-20,-20,-20,-20,9,-20,-20,-20,-20,9,17,7,33,-20,-20,-20,-20,-20,-20,6,49,13,-20,7,7,-20,-20,12,-20,14,-20,-20,34,-20,19,49,44,30,22,28,16,16,7,-20,-20,-20,-20,-20,-20,11,9,-20,13,-20,8,-20,-20,-20,-20,-20,-20,-20,-20,-20,-20,-20,10,10,4,9,10,8,-20,-20,-20,24,26,14,6,-20,6,-20,-20,18,-20,32,22,-20,34,-20,-20,10,-20,23,52,31,-20,-20,6,-20,-20,-20,-20,-20,-20,18,46,-20,17,30,18,25,11,-20,-20,-20,-20,-20,19,42,12,-20,-20,-20,8,-20,-20,-20,-20,4,-20,9,3,-20,-20,-20,4,-20,-20,-20,-20,-20,-20,-20,-20,-20,4,-20,4,4,-20,-20,-20,-20,-20,-20,3,-20,4,3,-20,-20,8,6,-20,-20,-20,8,6,-20,-20,7,9,9,-20,-20,-20,-20,14,-20,-20,4,-20,-20,11,9,-20,-20,-20,-20,-20,-20,-20,-20,11,-20,16,-20,-20,-20,-20,-20,-20,8,-20,-20,-20,3,20,-20,-20,9,-20,-20,-20,5,15,11,10,11,8,8,12,13,9,19,10,15,6,-20,8,7,2,-20,6,7,8,6,10,15,8,21,6,11,-20,14,12,7,7,8,-20,-20,-20,3,-20,-20,-20,-20,-20,-20,-20,-20,-20,-20,-20,8,8,8,-20,-20,7,10,15,10,18,7,-20,-20,21,8,10,41,21,-20,-20,26,-20,24,14,3,10,7,19,4,8,3,11,-20,25,8,-20,11,13,-20,-20,-20,-20,-20,17,12,-20,3,11,-20,-20,-20,-20,7,14,-20,-20,-20,8,6,13,8,5,15,-20,-20,-20,6,8,14,-20,10,6,9,10,9,13,12,-20,-20,-20,22,-20,-20,-20,-20,17,-20,-20,10,-20,13,-20,-20,-20,13,16,12,14,9,6,-20,-20,-20,-20,11,9,15,-20,-20,-20,-20,-20,-20,4,-20,19,-20,9,-20,16,9,-20,-20,11,12,-20,-20,-20,-20,-20,-20,4,-20,-20,-20,8,-20,-20,-20,4,-20,-20,-20,-20,8,-20,5,6,4,-20,-20,-20,-20,13,-20,-20,-20,-20,-20,-20,-20,-20,-20,10,-20,-20,-20,-20,6,-20,7,-20,-20,-20,-20,-20,-20,-20,-20,-20,-20,15,-20,-20,-20,-20,-20,-20,11,-20,4,13,8,6,-20,-20,-20,-20,10,13,6,-20,10,8,-20,-20,-20,-20,-20,-20,-20,6,5,-20,-20,-20,-20,3,-20,10,10,-20,-20,13,9,-20,5,-20,-20,3,-20,-20,4,10,-20,-20,-20,-20,-20,-20,-20,-20,-20,-20,-20,-20,-20,-20,-20,-20,4,-20,6,-20,-20,3,-20,-20,-20,-20,10,-20,9,-20,-20,-20,-20,4,-20,-20,-20,-20,-20,-20,-20,-20,-20,-20,-20,-20,-20,-20,-20,-20,-20,-20,-20,-20,-20,12,-20,9,8,14,-20,-20,-20,-20,-20,-20,-20,-20,8,-20,4,-20,108,-20,-20,30,23,29,21,34,63,25,68,41,-20,54,52,37,35,35
"chr4,4889713",-20,-20,-20,-20,-20,-20,-20,-20,-20,-20,-20,-20,21,14,18,7,41,17,99,71,-20,-20,58,35,60,34,30,22,30,10,12,21,18,5,72,66,32,22,-20,-20,9,-20,-20,14,15,-20,3,-20,9,15,-20,26,47,6,7,-20,58,-20,30,30,34,42,50,28,18,32,35,50,75,28,41,27,16,27,32,62,15,-20,3,10,7,14,10,-20,8,23,44,53,47,13,15,25,46,18,24,21,18,46,10,41,26,19,10,-20,33,58,-20,31,23,-20,10,-20,35,13,3,4,-20,-20,-20,3,-20,6,4,-20,10,-20,-20,37,-20,10,7,-20,-20,5,10,11,-20,-20,-20,12,-20,-20,7,7,10,-20,-20,4,-20,-20,-20,-20,-20,-20,-20,15,5,-20,-20,-20,-20,-20,-20,-20,-20,-20,-20,4,7,29,66,54,21,12,2,18,-20,-20,9,77,-20,-20,20,-20,12,-20,-20,7,-20,-20,11,18,3,-20,3,16,14,17,-20,8,-20,-20,-20,-20,9,13,-20,-20,5,-20,-20,-20,-20,-20,-20,-20,-20,-20,-20,-20,9,-20,-20,-20,-20,-20,6,-20,33,-20,7,-20,11,32,-20,-20,-20,-20,-20,-20,-20,-20,-20,-20,-20,-20,-20,-20,-20,22,-20,-20,-20,-20,20,15,11,14,18,11,-20,11,-20,-20,5,18,17,-20,-20,14,-20,-20,-20,16,3,7,47,26,19,29,-20,21,8,36,10,18,7,4,6,-20,11,-20,-20,-20,-20,-20,48,-20,-20,-20,-20,-20,2,-20,-20,37,39,-20,38,43,48,48,42,65,-20,-20,5,-20,-20,29,11,27,16,45,12,-20,3,9,-20,46,8,-20,7,-20,43,5,20,36,19,23,10,26,-20,-20,-20,19,13,-20,-20,-20,-20,7,8,-20,-20,-20,-20,-20,4,11,-20,-20,11,-20,-20,4,-20,7,-20,-20,10,-20,12,64,10,5,-20,128,3,-20,-20,-20,9,-20,3,-20,18,20,-20,12,-20,-20,6,-20,-20,-20,8,3,68,-20,-20,5,-20,-20,-20,6,8,-20,9,-20,24,-20,18,6,-20,-20,6,11,9,8,11,7,8,-20,12,38,-20,-20,4,9,20,14,-20,22,16,-20,8,-20,3,-20,13,21,-20,7,8,-20,3,7,-20,17,42,-20,-20,8,8,-20,-20,-20,-20,-20,10,-20,17,-20,5,-20,-20,6,-20,-20,-20,14,11,-20,-20,-20,-20,12,54,47,-20,4,4,-20,-20,-20,-20,-20,7,6,-20,9,10,6,16,8,6,-20,7,-20,7,-20,6,11,57,-20,10,6,-20,-20,-20,-20,10,-20,44,52,51,60,16,40,32,-20,-20,37,41,5,4,44,12,-20,-20,6,2,15,33,17,-20,7,-20,-20,-20,-20,7,-20,-20,20,-20,3,-20,-20,10,-20,-20,-20,-20,11,18,-20,31,-20,-20,-20,-20,-20,-20,6,50,12,4,6,8,-20,-20,11,-20,15,-20,-20,28,-20,19,52,42,29,19,26,14,16,5,-20,-20,-20,-20,-20,-20,12,8,-20,14,-20,9,-20,-20,-20,-20,-20,-20,-20,-20,-20,-20,-20,8,10,4,-20,9,-20,-20,-20,-20,26,28,12,8,-20,8,-20,-20,19,-20,35,25,-20,-20,-20,40,11,-20,19,51,37,4,-20,6,-20,-20,-20,-20,-20,-20,16,45,-20,16,27,16,24,12,7,-20,-20,7,-20,14,35,15,-20,-20,-20,11,-20,-20,-20,-20,5,-20,10,4,-20,-20,-20,4,-20,6,-20,-20,-20,-20,-20,-20,26,3,-20,5,4,-20,-20,-20,-20,-20,-20,3,-20,4,5,-20,-20,6,6,-20,-20,-20,7,6,-20,-20,7,10,9,-20,10,-20,-20,15,-20,-20,5,-20,-20,9,9,-20,-20,3,-20,-20,-20,-20,-20,10,-20,18,-20,-20,-20,-20,-20,-20,10,-20,-20,-20,3,20,3,-20,8,-20,-20,9,4,15,11,-20,10,8,8,10,11,7,19,12,15,6,22,6,7,-20,-20,7,7,8,6,10,14,8,20,7,11,15,13,12,7,9,8,-20,-20,-20,-20,-20,-20,11,-20,4,-20,-20,-20,-20,-20,-20,-20,10,7,-20,5,8,10,15,11,16,8,26,11,19,5,12,38,20,-20,-20,21,-20,21,16,4,11,8,15,4,6,3,10,-20,25,10,-20,10,12,-20,-20,-20,7,-20,16,14,-20,-20,11,-20,-20,-20,-20,7,14,2,-20,-20,-20,6,14,8,6,11,-20,-20,2,7,-20,15,-20,9,5,-20,9,8,11,10,-20,-20,-20,24,-20,-20,-20,-20,19,6,-20,13,4,13,-20,-20,4,14,15,15,14,10,7,2,-20,-20,-20,13,-20,-20,-20,-20,-20,-20,-20,-20,5,-20,22,-20,-20,-20,18,7,-20,-20,12,10,-20,-20,-20,-20,-20,-20,5,-20,-20,-20,8,-20,-20,-20,4,-20,7,8,-20,6,-20,5,6,5,-20,-20,-20,-20,14,-20,-20,12,17,-20,-20,4,-20,-20,12,-20,-20,-20,-20,7,-20,7,-20,-20,-20,-20,3,-20,-20,-20,-20,-20,15,-20,-20,-20,-20,-20,-20,12,-20,5,11,6,6,-20,-20,-20,-20,12,13,9,-20,10,7,-20,-20,-20,-20,-20,-20,-20,5,5,-20,-20,-20,-20,4,-20,13,12,-20,-20,14,6,-20,5,-20,-20,4,6,-20,4,13,-20,-20,6,9,-20,-20,3,-20,7,-20,5,5,-20,3,3,-20,4,6,-20,7,8,-20,-20,-20,-20,8,13,-20,7,-20,-20,-20,8,3,7,10,-20,-20,-20,-20,-20,9,-20,-20,-20,-20,-20,-20,-20,-20,-20,-20,10,-20,7,12,-20,7,5,11,-20,5,-20,5,9,-20,-20,9,8,-20,4,-20,118,-20,-20,-20,-20,27,-20,40,63,27,62,40,-20,55,-20,39,36,34
"chr4,4889727",-20,-20,-20,-20,-20,-20,-20,-20,-20,-20,-20,4,17,11,10,5,35,13,94,74,-20,-20,61,34,66,35,33,17,29,9,9,21,17,5,77,71,32,23,-20,-20,7,-20,-20,18,17,-20,-20,-20,7,15,-20,31,44,4,-20,-20,53,-20,31,28,34,35,50,27,17,29,34,52,73,27,44,25,15,25,30,60,16,3,3,11,6,16,10,-20,9,28,46,57,50,12,12,19,44,19,24,24,18,49,5,42,25,20,8,-20,32,54,-20,28,14,-20,11,-20,28,14,3,5,-20,-20,-20,3,-20,7,3,-20,18,-20,-20,42,-20,9,7,8,-20,6,10,13,12,-20,-20,8,-20,-20,7,4,12,-20,4,3,-20,-20,-20,4,-20,-20,-20,13,7,-20,-20,-20,3,-20,-20,-20,-20,7,-20,3,6,30,55,65,-20,11,-20,16,-20,-20,-20,70,-20,-20,21,-20,10,-20,14,14,-20,-20,15,15,3,-20,-20,-20,15,16,-20,-20,-20,-20,-20,-20,10,6,-20,-20,6,-20,-20,-20,-20,9,-20,5,-20,-20,-20,-20,10,-20,-20,-20,-20,6,8,-20,32,-20,-20,-20,13,29,-20,-20,-20,-20,-20,-20,-20,-20,-20,-20,-20,43,-20,-20,-20,17,-20,-20,5,-20,21,14,7,-20,12,9,4,-20,-20,-20,7,18,19,-20,-20,-20,-20,-20,-20,19,-20,8,46,34,25,45,-20,16,13,38,11,17,9,4,10,-20,19,-20,-20,-20,-20,-20,52,-20,-20,-20,-20,-20,-20,-20,-20,33,34,-20,36,43,45,37,38,74,-20,-20,7,-20,-20,33,12,30,14,49,14,4,-20,12,9,45,9,4,8,-20,45,4,19,39,19,23,10,24,6,-20,-20,19,11,5,-20,-20,-20,6,8,-20,-20,-20,-20,-20,2,9,8,-20,11,-20,-20,4,-20,8,-20,-20,10,-20,12,65,10,3,18,119,4,-20,-20,-20,7,-20,6,-20,15,19,-20,13,-20,-20,6,-20,-20,-20,7,5,66,-20,-20,6,-20,3,-20,8,7,-20,8,3,21,-20,19,8,-20,-20,9,10,9,8,7,-20,8,-20,14,34,-20,-20,4,9,17,13,-20,22,13,-20,7,-20,3,-20,13,22,-20,8,7,19,3,7,17,17,45,13,-20,5,8,-20,-20,-20,-20,-20,8,-20,15,-20,5,-20,-20,7,5,-20,-20,13,10,-20,-20,-20,-20,-20,48,44,7,5,-20,-20,-20,-20,5,-20,8,9,-20,10,10,5,15,-20,4,-20,7,-20,7,-20,7,11,56,-20,10,-20,-20,-20,-20,-20,10,-20,50,50,47,61,15,40,33,3,-20,39,40,3,5,41,-20,-20,-20,10,-20,13,35,15,-20,6,-20,-20,-20,-20,-20,-20,-20,-20,-20,6,-20,-20,14,-20,-20,-20,-20,10,15,-20,32,-20,-20,-20,-20,-20,-20,5,49,11,5,5,10,-20,-20,7,-20,13,-20,-20,33,-20,25,47,40,25,15,27,14,-20,5,-20,-20,4,-20,-20,-20,10,9,-20,13,3,7,-20,5,-20,3,-20,-20,11,-20,-20,-20,-20,10,8,6,7,9,-20,-20,-20,-20,30,31,8,8,3,9,-20,-20,18,-20,35,30,-20,37,-20,40,-20,6,20,50,32,5,-20,-20,-20,9,-20,-20,-20,-20,8,45,-20,22,26,19,27,-20,11,-20,-20,16,-20,4,19,28,-20,7,-20,14,-20,-20,3,3,5,-20,11,4,-20,-20,-20,4,-20,6,-20,-20,-20,-20,-20,-20,24,3,-20,6,7,-20,-20,-20,-20,-20,-20,3,-20,4,4,-20,-20,6,5,-20,-20,-20,3,5,-20,-20,8,10,6,-20,11,-20,-20,14,-20,-20,5,-20,-20,9,4,-20,-20,3,-20,-20,-20,-20,-20,10,-20,15,-20,-20,-20,4,-20,2,13,-20,-20,-20,-20,20,3,-20,3,-20,-20,9,4,15,10,10,8,6,11,10,11,8,18,11,14,7,17,6,8,4,5,7,9,6,6,9,16,7,17,9,10,13,13,9,-20,9,9,-20,-20,-20,-20,-20,-20,9,-20,5,4,-20,-20,-20,-20,-20,10,10,7,-20,6,10,9,14,10,14,6,26,11,21,5,11,28,19,-20,-20,21,-20,21,16,5,11,7,14,3,7,3,10,-20,21,12,-20,8,13,-20,-20,-20,8,-20,15,11,-20,-20,11,-20,-20,-20,-20,7,13,3,-20,-20,6,4,14,6,-20,13,-20,16,3,9,7,14,-20,10,4,9,10,5,12,10,-20,-20,-20,20,-20,-20,-20,-20,21,4,-20,12,6,14,-20,-20,5,13,15,15,17,11,8,2,-20,-20,-20,13,8,19,-20,-20,-20,-20,-20,-20,5,-20,19,-20,11,-20,14,5,-20,-20,11,10,-20,-20,-20,-20,-20,3,5,-20,-20,-20,8,-20,-20,-20,3,-20,10,8,-20,7,-20,5,6,5,-20,-20,-20,-20,12,-20,-20,12,17,-20,-20,4,-20,-20,8,-20,-20,-20,-20,5,4,7,-20,-20,-20,-20,3,-20,-20,-20,-20,-20,16,-20,-20,6,-20,-20,-20,12,-20,7,12,6,6,-20,-20,-20,4,12,12,9,-20,11,11,-20,-20,-20,-20,-20,-20,-20,3,5,-20,-20,-20,-20,4,-20,7,12,-20,-20,13,5,-20,6,-20,-20,4,9,-20,-20,13,-20,-20,7,12,-20,5,-20,-20,8,5,5,5,-20,-20,-20,3,-20,3,5,-20,13,-20,6,-20,-20,-20,17,-20,3,-20,-20,-20,10,5,-20,10,15,7,5,-20,7,6,-20,-20,-20,-20,-20,-20,-20,-20,-20,-20,14,-20,-20,7,-20,-20,-20,-20,-20,9,-20,10,7,-20,-20,-20,-20,-20,7,-20,110,-20,-20,35,32,28,20,48,75,29,47,41,-20,58,49,44,34,31
"chr4,4889733",-20,-20,-20,-20,-20,-20,-20,-20,-20,-20,-20,4,17,12,9,6,37,13,89,75,-20,-20,63,33,64,34,30,17,30,-20,9,21,15,5,77,76,29,24,-20,-20,8,-20,-20,16,-20,-20,-20,-20,6,13,-20,25,48,-20,-20,-20,49,-20,31,28,33,31,45,29,15,27,31,49,63,26,39,24,15,23,31,59,17,3,4,13,6,16,11,-20,9,27,46,55,46,13,8,18,37,18,24,24,17,51,5,40,25,23,8,-20,31,52,-20,25,14,-20,11,-20,33,15,3,6,-20,-20,-20,3,-20,7,4,-20,19,-20,-20,42,-20,9,7,8,-20,5,10,14,12,-20,-20,7,-20,5,7,4,12,-20,4,-20,-20,-20,-20,4,-20,-20,-20,13,7,-20,-20,6,3,-20,-20,4,-20,7,-20,3,7,30,-20,-20,-20,-20,2,-20,-20,-20,7,70,3,2,-20,-20,11,-20,15,19,-20,-20,19,16,3,-20,-20,12,14,18,-20,-20,-20,-20,-20,-20,10,7,-20,-20,6,-20,-20,-20,-20,8,-20,5,-20,-20,-20,-20,-20,-20,-20,-20,-20,5,7,-20,31,-20,6,-20,13,28,-20,-20,-20,-20,-20,-20,-20,-20,-20,-20,-20,43,-20,-20,-20,19,-20,-20,5,-20,-20,16,4,8,5,9,-20,-20,-20,-20,7,15,19,-20,-20,8,-20,-20,-20,20,-20,-20,-20,-20,-20,-20,-20,16,14,42,11,19,10,6,9,-20,18,-20,-20,-20,-20,-20,48,-20,-20,-20,-20,-20,-20,-20,-20,33,36,-20,38,44,47,39,42,81,-20,-20,-20,-20,-20,33,-20,29,15,50,-20,4,-20,-20,9,-20,8,4,8,-20,50,4,19,37,19,-20,11,23,6,-20,-20,19,10,5,-20,-20,-20,7,9,-20,-20,-20,-20,-20,-20,-20,8,-20,11,-20,-20,4,-20,7,-20,-20,10,-20,12,63,11,-20,-20,118,4,-20,-20,-20,8,-20,6,-20,12,20,-20,13,-20,-20,5,-20,-20,-20,8,5,-20,-20,-20,6,-20,4,-20,-20,-20,-20,7,3,18,-20,-20,8,-20,-20,-20,-20,8,8,7,7,8,-20,14,32,-20,-20,4,9,19,13,-20,23,14,-20,-20,-20,3,-20,12,21,-20,8,6,-20,3,6,19,13,53,13,-20,5,7,-20,-20,3,-20,-20,9,-20,14,-20,5,-20,-20,7,5,-20,-20,-20,10,-20,-20,-20,-20,9,54,39,7,6,8,-20,-20,-20,5,-20,10,11,-20,9,10,5,15,-20,4,-20,-20,-20,7,-20,-20,10,58,-20,10,9,-20,-20,-20,-20,10,-20,47,51,50,64,14,37,34,3,-20,39,41,3,5,40,10,-20,-20,-20,-20,15,37,13,-20,5,-20,-20,-20,-20,-20,-20,-20,22,-20,-20,-20,11,17,-20,-20,-20,-20,-20,16,-20,37,-20,-20,-20,-20,-20,-20,5,-20,12,5,5,9,-20,-20,6,-20,11,-20,-20,31,-20,22,41,42,25,-20,27,11,-20,5,-20,-20,4,-20,-20,-20,10,9,-20,12,3,9,-20,5,-20,3,-20,3,11,-20,3,-20,5,9,8,8,7,9,10,-20,-20,-20,30,32,8,8,-20,9,-20,-20,18,-20,-20,-20,-20,42,-20,37,-20,-20,20,50,34,5,-20,-20,-20,9,-20,-20,-20,-20,-20,48,-20,22,27,-20,29,14,16,-20,-20,16,5,-20,12,30,-20,7,-20,15,-20,-20,3,3,5,-20,11,4,-20,-20,-20,4,-20,6,-20,-20,-20,-20,-20,-20,25,3,-20,7,7,-20,-20,-20,-20,-20,-20,3,-20,4,-20,5,-20,6,5,-20,-20,-20,3,6,-20,-20,7,10,8,-20,11,-20,-20,15,-20,-20,5,-20,-20,10,6,-20,-20,3,-20,-20,-20,-20,-20,11,-20,16,-20,-20,-20,4,-20,2,14,-20,-20,-20,-20,20,3,-20,-20,-20,-20,9,-20,15,10,10,8,7,10,11,12,8,17,11,14,7,17,6,7,6,5,6,-20,7,6,9,15,7,17,-20,9,13,10,-20,5,10,9,-20,-20,-20,-20,-20,-20,9,-20,5,4,-20,-20,-20,-20,-20,10,10,7,-20,7,10,9,14,10,14,6,-20,10,22,8,11,29,19,-20,-20,20,-20,19,-20,5,10,9,12,3,7,3,12,-20,22,12,5,9,13,-20,-20,-20,8,3,15,11,-20,-20,11,-20,-20,-20,-20,-20,13,3,-20,-20,6,4,13,5,8,15,-20,16,3,-20,7,14,-20,10,-20,9,8,6,12,11,-20,-20,-20,17,-20,-20,-20,-20,19,4,-20,13,6,14,-20,-20,5,13,16,16,16,11,8,2,-20,-20,-20,15,8,21,-20,-20,-20,-20,-20,-20,5,-20,-20,-20,11,-20,-20,5,-20,-20,12,10,-20,-20,-20,-20,-20,3,5,-20,-20,-20,8,-20,-20,-20,3,-20,12,9,-20,7,-20,5,6,5,-20,-20,-20,-20,14,-20,-20,12,18,-20,-20,4,-20,-20,8,-20,-20,-20,-20,-20,4,7,-20,-20,-20,-20,3,-20,-20,-20,-20,-20,15,-20,-20,6,-20,-20,-20,11,-20,7,12,6,6,-20,-20,-20,4,12,12,9,-20,9,11,-20,-20,-20,-20,-20,-20,-20,3,5,-20,-20,-20,-20,4,-20,7,13,-20,-20,13,5,-20,6,-20,-20,4,8,-20,4,-20,-20,-20,7,-20,-20,6,-20,9,-20,-20,-20,5,-20,-20,-20,5,4,4,5,-20,-20,-20,-20,5,-20,-20,18,-20,-20,-20,-20,-20,-20,-20,-20,-20,-20,-20,4,-20,-20,-20,-20,-20,-20,5,-20,-20,-20,-20,-20,-20,10,-20,5,6,-20,-20,-20,-20,-20,-20,-20,10,-20,-20,-20,-20,-20,-20,8,-20,109,-20,-20,37,32,28,21,49,63,28,47,41,-20,56,-20,41,30,35
"chr4,4889735",-20,-20,-20,-20,-20,-20,-20,-20,-20,-20,-20,4,19,14,10,8,35,11,93,75,-20,-20,63,33,68,38,29,17,29,-20,10,22,-20,5,77,77,29,20,-20,-20,8,-20,-20,16,20,-20,-20,-20,5,15,-20,25,47,6,5,-20,46,-20,30,25,33,31,47,29,15,30,31,47,63,27,39,24,15,21,30,60,17,-20,-20,11,6,17,13,-20,10,29,46,54,45,14,8,18,37,19,29,26,16,52,5,39,23,24,8,-20,29,53,-20,26,14,-20,11,-20,35,15,3,5,-20,-20,-20,3,-20,6,-20,-20,21,-20,-20,43,-20,9,7,-20,-20,5,10,14,12,-20,-20,7,-20,5,7,4,12,-20,4,-20,-20,-20,-20,5,-20,-20,-20,14,7,-20,-20,6,3,-20,-20,4,-20,7,-20,3,7,24,-20,-20,-20,-20,2,19,-20,-20,8,77,3,2,21,-20,10,-20,14,19,-20,-20,19,16,-20,-20,-20,11,14,18,-20,11,-20,-20,-20,-20,10,7,-20,-20,6,-20,-20,-20,-20,8,-20,5,-20,-20,-20,-20,10,-20,-20,-20,-20,6,6,-20,33,-20,6,-20,13,28,-20,-20,-20,-20,-20,-20,-20,-20,-20,4,-20,42,-20,-20,-20,20,-20,3,7,-20,27,16,5,6,5,8,-20,5,-20,-20,7,15,19,-20,-20,8,-20,-20,-20,21,-20,-20,46,-20,28,49,-20,16,15,40,9,19,11,6,10,-20,16,-20,-20,-20,-20,-20,47,-20,-20,-20,-20,-20,3,-20,-20,34,36,-20,38,43,49,41,42,-20,-20,-20,-20,-20,-20,33,10,28,15,50,-20,4,2,-20,-20,41,7,4,8,-20,46,4,21,36,19,-20,12,22,6,-20,-20,18,9,5,-20,-20,-20,7,-20,-20,-20,-20,-20,-20,8,10,-20,-20,11,-20,-20,4,-20,7,-20,-20,11,-20,10,64,11,-20,13,114,4,-20,-20,-20,-20,-20,7,-20,12,-20,-20,11,-20,-20,-20,-20,-20,-20,8,5,-20,-20,-20,6,-20,-20,-20,7,6,-20,7,3,18,-20,17,8,-20,-20,10,-20,8,8,7,7,8,-20,-20,31,-20,-20,4,9,21,-20,-20,23,-20,-20,-20,-20,3,-20,12,22,-20,7,6,-20,3,7,19,13,-20,12,-20,5,7,-20,-20,3,-20,-20,-20,-20,14,-20,5,-20,-20,7,5,-20,-20,-20,10,-20,-20,-20,-20,9,55,39,7,6,8,-20,-20,-20,5,-20,10,11,-20,9,11,5,15,-20,4,-20,9,-20,6,-20,-20,11,61,-20,10,-20,-20,-20,-20,-20,9,-20,48,51,47,67,15,36,37,3,-20,37,42,3,6,40,9,-20,-20,-20,-20,15,35,11,-20,5,-20,-20,-20,-20,-20,-20,-20,-20,-20,-20,-20,12,17,-20,-20,-20,-20,10,17,-20,40,-20,-20,-20,-20,-20,-20,5,-20,-20,5,5,9,-20,-20,6,-20,10,-20,-20,29,-20,21,42,39,24,10,31,9,-20,6,-20,-20,4,-20,-20,-20,10,-20,-20,13,3,-20,-20,5,-20,3,-20,3,11,-20,3,-20,5,11,8,9,9,10,11,-20,-20,-20,30,39,7,8,3,-20,-20,-20,15,-20,-20,43,-20,42,-20,38,6,6,19,55,36,5,-20,12,-20,9,-20,-20,-20,-20,11,48,-20,21,27,22,31,14,16,-20,-20,16,5,-20,12,29,-20,7,-20,-20,-20,-20,3,3,5,-20,9,4,-20,-20,-20,4,-20,6,-20,-20,-20,-20,-20,-20,24,-20,-20,7,8,-20,-20,-20,-20,-20,-20,3,-20,4,-20,-20,-20,6,5,-20,-20,-20,-20,-20,-20,-20,-20,-20,8,-20,11,-20,-20,14,-20,-20,5,-20,-20,11,6,-20,-20,3,-20,-20,-20,-20,-20,10,-20,17,-20,-20,-20,4,-20,2,13,-20,-20,-20,-20,20,3,-20,3,-20,-20,10,-20,14,10,10,8,7,10,12,12,8,17,11,14,7,16,6,6,6,5,5,-20,7,6,10,16,8,18,-20,9,12,11,-20,5,10,8,-20,-20,-20,-20,-20,-20,10,-20,-20,4,-20,-20,-20,-20,-20,-20,-20,8,-20,-20,-20,-20,12,11,14,7,25,12,23,9,11,30,19,-20,-20,23,-20,20,14,5,10,9,11,3,7,3,11,-20,23,12,5,12,14,-20,-20,-20,8,3,14,11,-20,-20,-20,-20,-20,-20,-20,-20,13,3,-20,-20,6,5,13,6,10,15,-20,17,3,-20,7,14,-20,11,3,9,8,-20,12,10,-20,-20,-20,19,-20,-20,-20,-20,-20,5,-20,15,6,14,-20,-20,5,13,18,16,17,11,8,2,-20,-20,-20,-20,9,22,-20,-20,-20,-20,-20,-20,5,-20,-20,-20,11,-20,-20,5,-20,-20,11,9,-20,-20,-20,-20,-20,3,5,-20,-20,-20,8,-20,-20,-20,3,3,12,8,-20,7,-20,5,6,5,-20,-20,-20,-20,14,-20,-20,12,18,-20,-20,4,-20,-20,8,-20,-20,-20,-20,6,4,7,-20,-20,-20,-20,3,-20,-20,-20,-20,-20,15,-20,-20,6,-20,-20,-20,14,-20,-20,12,-20,6,-20,-20,-20,4,10,12,9,-20,-20,9,-20,-20,-20,-20,-20,-20,-20,3,5,-20,-20,-20,-20,4,-20,7,13,-20,-20,12,5,-20,6,-20,-20,4,8,-20,4,16,-20,-20,-20,13,-20,6,-20,-20,5,-20,-20,4,-20,-20,-20,5,3,-20,7,-20,10,5,7,-20,-20,-20,16,-20,-20,-20,-20,-20,-20,6,-20,-20,-20,-20,7,-20,7,-20,-20,-20,-20,5,-20,-20,-20,-20,-20,-20,9,-20,7,6,-20,-20,-20,-20,8,11,-20,11,-20,-20,-20,-20,-20,-20,-20,-20,108,-20,-20,37,33,28,21,49,66,26,36,41,-20,55,-20,40,32,33
"chr4,4889737",-20,-20,-20,-20,-20,-20,-20,-20,-20,-20,-20,4,24,15,12,9,36,11,88,78,-20,-20,64,33,68,38,27,19,29,9,10,22,15,5,80,78,29,22,-20,-20,8,-20,-20,16,18,-20,-20,-20,5,16,-20,25,48,6,5,-20,49,-20,28,29,31,30,46,30,21,32,30,47,64,26,39,23,16,21,29,59,17,-20,-20,13,7,18,16,-20,10,30,46,54,46,15,8,24,36,22,32,26,16,50,5,38,23,24,8,-20,29,50,-20,31,18,-20,13,-20,34,15,3,5,-20,-20,-20,3,-20,6,-20,-20,21,-20,-20,42,-20,9,7,8,-20,6,10,14,12,-20,-20,8,-20,5,7,4,12,-20,4,-20,-20,-20,-20,-20,-20,-20,-20,12,7,-20,-20,6,3,-20,-20,5,-20,7,-20,4,7,24,55,77,35,16,2,21,-20,-20,8,79,3,2,19,-20,10,-20,-20,-20,-20,-20,15,16,2,-20,-20,11,14,18,-20,11,-20,-20,-20,-20,9,7,-20,-20,7,-20,-20,-20,-20,8,-20,5,-20,-20,-20,-20,10,-20,-20,-20,-20,6,-20,-20,33,-20,6,-20,13,27,-20,-20,-20,-20,-20,-20,-20,-20,-20,4,-20,-20,-20,-20,-20,22,-20,3,8,-20,27,16,8,7,8,10,4,5,-20,-20,7,14,20,-20,-20,8,-20,-20,-20,19,-20,11,45,35,34,56,4,16,15,40,9,19,11,6,9,-20,16,-20,-20,-20,-20,-20,45,-20,-20,-20,-20,-20,4,-20,-20,31,37,-20,37,43,50,39,43,83,-20,-20,10,-20,-20,33,11,29,13,51,15,4,2,11,-20,43,7,4,8,-20,44,4,21,36,19,26,12,22,6,-20,-20,19,8,5,-20,-20,-20,7,9,-20,-20,3,-20,-20,10,10,7,-20,11,-20,-20,4,-20,6,-20,-20,11,-20,10,63,11,-20,13,116,3,-20,-20,-20,9,-20,7,-20,12,20,-20,12,-20,-20,4,-20,-20,-20,8,5,73,-20,-20,6,-20,5,-20,7,-20,-20,7,3,17,-20,17,8,-20,-20,9,10,8,8,7,7,8,-20,15,32,-20,-20,4,9,20,12,-20,22,16,-20,6,-20,3,-20,12,21,-20,-20,6,-20,-20,7,18,13,53,-20,-20,5,7,-20,-20,3,-20,-20,9,-20,14,-20,4,-20,-20,7,5,-20,-20,13,10,-20,-20,-20,-20,-20,55,38,7,6,7,-20,-20,-20,-20,-20,9,11,-20,9,11,5,14,8,4,-20,-20,-20,7,-20,7,11,62,-20,10,9,-20,-20,-20,-20,9,-20,47,48,49,69,15,36,32,3,-20,38,43,3,6,40,9,-20,-20,-20,-20,14,36,12,-20,5,-20,-20,-20,-20,-20,-20,-20,18,-20,9,-20,12,17,-20,-20,-20,-20,10,16,3,36,-20,-20,-20,-20,-20,-20,5,46,11,5,5,9,-20,-20,6,-20,12,-20,-20,29,-20,21,41,37,33,12,31,8,17,6,-20,-20,4,-20,-20,-20,10,9,-20,13,3,10,-20,5,-20,3,-20,3,11,-20,3,-20,5,10,8,10,9,12,14,-20,-20,-20,30,39,8,8,5,11,-20,-20,15,-20,32,42,-20,37,-20,37,6,6,16,58,37,5,-20,12,-20,9,-20,-20,-20,-20,11,50,-20,24,25,23,30,14,16,-20,-20,17,5,6,12,29,-20,7,-20,15,-20,-20,3,3,5,-20,9,4,-20,-20,3,4,-20,6,-20,-20,-20,-20,-20,-20,24,3,-20,7,8,-20,-20,-20,-20,-20,-20,3,-20,4,5,5,-20,6,7,-20,-20,-20,-20,6,-20,-20,7,10,8,-20,11,-20,-20,15,-20,-20,5,-20,-20,10,7,-20,-20,3,-20,-20,-20,-20,-20,10,-20,17,-20,-20,-20,4,-20,-20,14,-20,-20,-20,-20,20,7,-20,3,-20,-20,10,-20,14,10,9,10,7,11,13,11,8,16,16,15,7,16,6,6,6,5,5,-20,7,8,10,20,12,19,11,9,12,14,8,5,10,8,-20,-20,-20,-20,-20,-20,11,-20,-20,4,-20,-20,-20,-20,-20,11,10,8,-20,7,9,9,12,11,16,7,26,12,24,10,10,32,21,-20,-20,21,-20,21,16,5,11,9,12,3,7,3,11,-20,24,15,5,12,14,-20,-20,-20,8,3,14,10,-20,-20,8,-20,-20,-20,-20,7,13,3,-20,-20,6,5,13,6,10,16,-20,-20,3,11,-20,15,-20,11,4,9,8,7,12,12,-20,-20,-20,18,-20,-20,-20,-20,19,6,-20,17,6,15,-20,-20,5,14,18,16,19,12,8,2,-20,-20,-20,14,-20,21,-20,-20,-20,-20,-20,-20,5,3,20,-20,-20,-20,14,5,-20,-20,12,9,-20,-20,-20,-20,-20,3,6,3,-20,-20,8,-20,-20,-20,4,3,12,8,-20,7,-20,5,7,5,-20,-20,-20,-20,14,-20,-20,12,19,-20,-20,4,-20,-20,9,-20,-20,-20,-20,-20,4,7,-20,-20,-20,-20,3,-20,-20,-20,-20,-20,15,-20,-20,6,-20,-20,-20,13,-20,8,13,5,7,-20,-20,-20,4,11,12,9,-20,9,9,-20,-20,-20,-20,-20,-20,-20,4,5,-20,-20,-20,-20,4,-20,7,14,-20,-20,12,5,-20,6,-20,-20,4,9,-20,5,17,-20,-20,7,15,-20,6,-20,10,4,-20,-20,5,-20,-20,-20,5,6,-20,6,-20,12,5,8,6,-20,-20,15,-20,-20,-20,-20,-20,-20,6,-20,7,13,-20,8,-20,11,10,-20,-20,-20,5,-20,-20,-20,-20,-20,-20,11,8,8,6,-20,-20,-20,-20,7,11,-20,12,5,-20,-20,-20,-20,-20,8,-20,106,7,-20,38,33,28,23,48,70,26,36,41,-20,57,43,40,32,31
"chr4,4889738",-20,-20,-20,-20,-20,-20,-20,-20,-20,-20,-20,4,24,15,11,9,36,12,84,78,-20,-20,66,33,68,38,28,19,32,9,11,22,15,5,79,78,29,23,-20,-20,8,-20,-20,16,16,-20,-20,-20,6,17,-20,26,49,8,-20,-20,51,-20,29,29,33,31,46,30,22,34,29,47,64,26,38,24,16,21,29,59,18,-20,7,13,7,19,16,-20,10,30,46,54,47,15,9,25,35,23,34,29,17,50,5,39,23,24,8,-20,27,49,-20,33,18,-20,13,-20,36,16,3,5,-20,-20,-20,3,-20,6,-20,-20,21,-20,-20,40,-20,9,7,8,-20,6,10,14,12,-20,-20,-20,-20,7,7,4,12,-20,4,-20,-20,-20,-20,4,-20,-20,-20,12,7,7,-20,6,3,-20,-20,5,-20,8,-20,4,7,14,56,74,34,15,2,21,-20,-20,9,78,3,2,19,-20,10,-20,14,18,-20,-20,15,16,2,-20,-20,11,12,18,-20,11,-20,-20,-20,-20,9,7,-20,-20,7,-20,-20,-20,-20,8,-20,5,-20,-20,-20,-20,11,-20,-20,-20,-20,6,8,-20,33,-20,6,-20,13,24,-20,-20,-20,-20,-20,-20,-20,-20,-20,4,-20,41,-20,-20,7,21,-20,3,8,-20,27,16,8,7,9,9,4,5,-20,-20,7,15,20,-20,-20,8,-20,-20,-20,22,-20,12,45,35,35,56,4,16,15,40,9,19,11,6,9,-20,15,-20,-20,-20,-20,-20,46,-20,-20,-20,-20,-20,4,-20,-20,33,36,-20,37,43,51,39,44,85,-20,-20,9,-20,-20,33,11,29,13,50,14,4,2,12,-20,43,7,4,8,-20,45,4,21,36,19,28,13,23,6,-20,-20,20,8,5,-20,-20,-20,7,10,-20,-20,3,-20,-20,11,10,7,-20,11,-20,-20,4,-20,6,-20,-20,11,-20,12,64,11,3,14,116,3,-20,-20,-20,9,-20,7,-20,12,18,-20,12,-20,-20,4,-20,-20,2,8,5,75,-20,-20,6,-20,-20,-20,7,6,-20,7,3,15,-20,17,8,-20,-20,9,10,8,8,7,7,8,-20,15,32,-20,-20,4,9,19,12,-20,22,16,-20,7,-20,3,-20,11,21,-20,7,6,19,-20,7,19,12,51,15,-20,5,7,-20,-20,3,-20,-20,9,-20,14,-20,4,-20,-20,7,5,-20,-20,13,10,-20,-20,-20,-20,10,56,40,7,5,7,-20,-20,-20,5,-20,-20,11,-20,8,11,5,15,8,4,-20,-20,-20,7,-20,-20,11,60,-20,-20,9,-20,-20,-20,-20,9,-20,47,49,50,69,15,37,34,3,-20,36,43,3,7,40,9,-20,-20,15,-20,13,36,11,-20,5,-20,-20,-20,-20,-20,-20,-20,-20,-20,-20,-20,12,17,-20,-20,-20,-20,-20,15,3,36,-20,-20,-20,-20,-20,-20,5,46,12,5,5,8,-20,-20,7,-20,11,-20,-20,-20,-20,21,43,35,36,12,32,8,-20,6,-20,-20,4,-20,-20,-20,10,9,-20,13,3,10,-20,5,-20,3,-20,3,11,-20,4,-20,5,10,8,10,10,12,14,-20,-20,-20,30,39,8,8,5,11,-20,-20,16,-20,32,42,-20,41,-20,32,6,6,15,57,37,5,-20,13,-20,9,-20,-20,-20,-20,10,52,-20,26,22,22,30,-20,16,-20,-20,19,5,6,12,29,-20,7,-20,15,-20,-20,3,3,5,-20,9,4,-20,-20,4,4,-20,6,-20,-20,-20,-20,-20,-20,24,3,-20,7,8,-20,-20,-20,-20,-20,-20,3,-20,4,6,5,-20,6,7,-20,-20,-20,-20,6,-20,-20,7,10,9,-20,11,-20,-20,15,-20,-20,5,-20,-20,10,7,-20,-20,3,-20,-20,-20,-20,-20,9,-20,16,-20,-20,-20,4,-20,3,14,-20,-20,-20,-20,20,7,-20,3,-20,-20,10,-20,14,10,9,10,7,11,13,11,8,17,16,15,8,16,6,6,6,5,6,9,7,-20,10,20,12,18,11,9,13,15,9,5,10,8,-20,-20,-20,-20,-20,-20,11,-20,7,4,-20,-20,-20,-20,-20,11,10,8,-20,7,9,9,12,10,16,8,26,13,24,11,11,32,21,-20,-20,21,-20,21,16,5,11,9,12,3,7,3,11,-20,24,17,5,12,14,-20,-20,-20,8,3,14,10,-20,-20,8,-20,-20,-20,-20,7,13,3,-20,-20,6,5,13,6,10,16,-20,17,3,11,8,15,-20,10,4,9,8,-20,12,12,-20,-20,-20,19,-20,-20,-20,-20,19,6,-20,16,6,15,-20,-20,5,13,18,16,19,12,8,2,-20,-20,-20,16,9,22,-20,-20,-20,-20,-20,-20,5,3,21,-20,11,-20,14,6,-20,-20,10,9,-20,-20,-20,-20,-20,4,6,3,-20,-20,8,-20,-20,-20,4,4,12,8,-20,7,-20,5,7,5,-20,-20,-20,-20,14,-20,-20,13,19,-20,-20,4,-20,-20,9,-20,-20,-20,-20,6,4,7,-20,-20,-20,-20,3,-20,-20,-20,-20,-20,15,-20,-20,6,-20,-20,-20,13,-20,8,13,5,7,-20,-20,-20,4,11,12,9,-20,9,10,-20,-20,-20,-20,-20,-20,-20,4,5,-20,-20,-20,-20,4,-20,7,14,-20,-20,12,6,-20,6,-20,-20,4,9,-20,5,17,-20,-20,7,16,-20,5,-20,9,5,-20,-20,4,-20,-20,7,5,-20,-20,7,-20,15,5,9,5,-20,8,16,-20,-20,-20,-20,-20,-20,5,-20,9,15,9,8,-20,10,9,-20,-20,-20,5,-20,-20,-20,-20,-20,-20,11,8,6,5,-20,-20,-20,-20,10,10,-20,11,5,-20,-20,6,-20,-20,11,-20,106,7,-20,40,33,28,23,47,67,27,36,41,-20,56,42,39,32,28
"chr4,4889740",-20,-20,-20,-20,-20,-20,-20,-20,-20,-20,-20,4,23,17,11,9,37,12,82,76,-20,-20,67,32,71,39,28,19,32,9,11,23,18,5,80,78,30,23,-20,-20,8,-20,-20,16,16,-20,-20,-20,6,-20,-20,25,49,11,-20,-20,51,-20,30,27,32,31,46,29,23,39,30,47,65,25,37,24,16,22,32,58,19,-20,7,14,7,19,17,-20,10,31,43,54,48,15,10,25,35,24,35,30,17,49,5,39,24,24,8,-20,27,52,-20,33,21,-20,13,-20,36,16,3,5,-20,-20,-20,-20,-20,6,-20,-20,21,-20,-20,38,-20,9,7,8,-20,6,10,15,12,-20,-20,8,-20,7,7,-20,12,-20,4,-20,-20,-20,-20,4,-20,-20,-20,11,-20,8,-20,-20,3,-20,-20,5,-20,8,-20,5,5,-20,58,75,35,16,2,-20,-20,-20,-20,82,-20,-20,-20,-20,-20,-20,-20,-20,-20,-20,14,16,2,-20,-20,-20,-20,-20,-20,12,-20,-20,-20,-20,9,8,-20,-20,7,-20,-20,-20,-20,-20,-20,5,-20,-20,-20,-20,11,-20,-20,-20,-20,6,-20,-20,34,-20,6,-20,13,25,-20,-20,-20,-20,-20,-20,-20,-20,-20,-20,-20,41,-20,-20,7,23,-20,6,8,3,-20,16,9,-20,-20,-20,-20,-20,-20,-20,7,14,20,-20,-20,-20,-20,-20,-20,22,-20,12,-20,-20,-20,-20,-20,-20,-20,36,-20,20,-20,-20,9,-20,-20,-20,-20,-20,-20,-20,-20,-20,-20,-20,-20,-20,4,-20,-20,33,37,-20,37,45,50,38,47,81,-20,-20,10,-20,-20,33,10,30,13,53,15,4,-20,12,10,44,7,4,9,-20,46,4,22,35,19,28,14,25,6,-20,-20,20,8,5,-20,-20,-20,8,10,-20,-20,3,-20,-20,11,10,-20,-20,11,-20,-20,4,-20,6,-20,-20,11,-20,12,63,12,3,14,114,3,-20,-20,-20,8,-20,-20,-20,12,-20,-20,11,-20,-20,-20,-20,-20,2,8,5,74,-20,-20,6,-20,5,-20,7,6,-20,-20,3,15,-20,14,8,-20,-20,9,11,8,8,7,8,8,-20,-20,32,-20,-20,4,9,20,-20,-20,23,-20,-20,7,-20,3,-20,11,22,-20,8,6,18,-20,9,19,11,-20,-20,-20,-20,7,-20,-20,-20,-20,-20,9,-20,14,-20,-20,-20,-20,7,5,-20,-20,14,9,-20,-20,-20,-20,10,55,41,7,-20,7,-20,-20,-20,5,-20,9,-20,-20,9,-20,4,14,8,4,-20,9,-20,8,-20,6,-20,60,-20,10,8,-20,-20,-20,-20,9,-20,46,51,50,69,15,39,35,3,-20,36,43,3,6,39,9,-20,-20,14,-20,-20,36,12,-20,5,-20,-20,-20,-20,-20,-20,-20,19,-20,-20,-20,-20,17,-20,-20,-20,-20,9,15,3,36,-20,-20,-20,-20,-20,-20,-20,44,14,5,5,8,-20,-20,-20,-20,11,-20,-20,28,-20,21,43,36,38,12,33,8,15,5,-20,-20,4,-20,-20,-20,10,9,-20,17,3,10,-20,5,-20,3,-20,3,11,-20,4,-20,5,9,8,10,10,11,14,-20,-20,-20,-20,37,8,8,5,12,-20,-20,16,-20,33,-20,-20,40,-20,34,-20,6,16,56,37,-20,-20,13,-20,-20,-20,-20,-20,-20,10,52,-20,27,-20,-20,30,14,16,-20,-20,-20,-20,6,12,30,-20,9,-20,15,-20,-20,3,3,5,-20,9,4,-20,-20,4,4,-20,6,-20,-20,-20,-20,-20,-20,25,3,-20,7,8,-20,-20,-20,-20,-20,-20,3,-20,4,6,5,-20,6,7,-20,-20,-20,-20,6,-20,-20,7,12,10,-20,11,-20,-20,14,-20,-20,5,-20,-20,10,7,-20,-20,3,-20,-20,-20,-20,-20,9,-20,16,-20,-20,-20,4,-20,4,13,-20,-20,-20,-20,19,7,-20,3,-20,-20,9,-20,15,11,9,10,9,11,13,11,8,18,16,15,8,16,7,6,6,5,6,9,7,8,11,20,13,18,11,9,14,15,9,5,10,8,-20,-20,-20,-20,3,-20,10,-20,7,4,-20,-20,-20,-20,-20,11,10,10,-20,7,9,9,13,11,16,8,26,13,23,11,11,32,21,-20,-20,21,-20,21,17,6,11,10,12,3,7,3,11,-20,23,17,5,12,12,-20,-20,-20,8,3,15,9,-20,-20,8,-20,-20,-20,-20,7,13,3,-20,-20,6,5,13,6,10,16,-20,17,3,11,8,16,-20,10,4,9,8,7,12,11,-20,-20,-20,19,-20,-20,-20,-20,18,6,-20,18,6,15,-20,-20,5,12,20,16,19,13,8,2,-20,-20,-20,15,9,22,-20,-20,-20,-20,-20,-20,5,3,21,-20,11,-20,14,7,-20,-20,11,9,-20,-20,-20,-20,-20,4,6,4,-20,-20,8,-20,-20,-20,4,4,12,8,-20,7,-20,4,7,5,-20,-20,-20,-20,15,-20,-20,13,19,-20,-20,4,-20,-20,10,-20,-20,-20,-20,6,4,7,-20,-20,-20,-20,3,-20,-20,-20,-20,-20,15,-20,-20,6,-20,-20,-20,13,-20,8,13,5,7,-20,-20,-20,4,11,12,9,-20,9,11,-20,-20,-20,-20,-20,-20,-20,4,5,-20,-20,-20,-20,4,-20,8,14,-20,-20,11,6,-20,6,-20,-20,4,9,-20,6,-20,-20,-20,7,16,-20,-20,-20,9,4,-20,-20,-20,-20,-20,7,4,4,-20,-20,6,15,4,10,-20,-20,-20,16,-20,-20,-20,-20,-20,-20,5,-20,8,14,-20,9,-20,9,-20,-20,-20,-20,-20,-20,-20,-20,-20,-20,-20,10,-20,6,3,-20,-20,-20,-20,11,11,-20,9,-20,-20,-20,3,6,-20,-20,-20,106,-20,-20,-20,-20,25,-20,-20,70,26,32,41,-20,57,43,36,29,30
"chr4,4889748",-20,-20,-20,-20,-20,-20,-20,-20,-20,-20,-20,4,21,23,10,15,36,13,88,76,-20,-20,67,35,68,38,32,21,29,13,11,24,16,5,82,85,31,22,-20,-20,8,-20,-20,16,-20,-20,-20,-20,8,16,-20,29,45,12,6,-20,55,-20,33,29,32,37,47,32,27,38,29,54,72,24,39,27,15,24,30,59,20,-20,7,16,7,21,20,-20,11,36,43,57,48,17,14,24,34,25,35,31,18,49,5,41,26,29,9,-20,25,57,-20,36,24,-20,13,-20,36,16,3,5,-20,-20,-20,3,-20,6,-20,-20,20,-20,-20,41,-20,8,6,9,-20,5,10,15,12,-20,-20,9,-20,7,8,-20,12,-20,4,-20,-20,-20,-20,6,-20,-20,-20,11,13,-20,-20,6,3,-20,-20,6,-20,9,-20,-20,6,16,61,78,34,23,2,14,-20,-20,9,82,3,2,20,-20,12,-20,12,24,-20,-20,24,17,2,3,-20,10,13,17,-20,13,-20,-20,-20,-20,9,7,-20,-20,7,-20,-20,4,-20,8,-20,5,-20,-20,-20,-20,10,-20,-20,-20,-20,6,10,-20,41,-20,9,-20,13,26,-20,-20,-20,-20,-20,-20,-20,-20,-20,4,-20,38,-20,-20,7,24,-20,5,11,6,31,18,9,-20,15,9,6,9,-20,-20,10,11,21,-20,-20,10,-20,-20,-20,24,12,14,46,35,40,61,5,15,15,39,11,21,13,9,13,-20,14,-20,-20,-20,-20,-20,51,-20,-20,-20,-20,-20,5,-20,-20,32,36,-20,38,44,51,42,45,84,-20,-20,10,3,-20,29,11,30,12,53,18,4,2,14,12,-20,7,4,10,-20,47,4,24,37,19,30,14,24,6,-20,-20,19,9,5,-20,-20,-20,9,-20,-20,-20,5,-20,-20,12,13,6,-20,12,-20,-20,4,-20,4,-20,-20,13,-20,13,62,-20,4,15,117,3,-20,-20,-20,7,-20,-20,-20,16,12,-20,11,-20,-20,4,-20,-20,2,9,5,78,-20,-20,6,-20,-20,-20,9,8,-20,5,3,16,-20,13,8,-20,-20,9,11,9,8,6,8,7,-20,16,31,-20,-20,5,9,19,11,-20,27,-20,-20,7,-20,3,-20,11,21,-20,10,9,19,-20,6,18,11,56,-20,-20,5,7,-20,-20,3,-20,-20,10,3,12,-20,-20,-20,-20,5,5,-20,-20,14,8,-20,-20,-20,-20,9,62,43,7,-20,6,-20,-20,-20,6,-20,10,9,-20,9,-20,-20,14,10,3,-20,10,-20,10,-20,5,10,63,-20,12,10,-20,-20,-20,-20,8,-20,50,55,52,66,14,43,35,3,-20,36,45,3,7,40,-20,-20,-20,17,-20,11,34,11,-20,5,-20,-20,-20,-20,-20,-20,-20,13,-20,-20,-20,12,14,-20,-20,-20,-20,10,16,2,39,-20,-20,-20,-20,-20,-20,5,44,15,-20,5,8,-20,-20,7,3,11,-20,-20,27,-20,23,42,41,34,16,36,4,16,5,-20,-20,4,-20,-20,-20,8,9,-20,17,3,12,-20,5,-20,3,-20,3,11,-20,-20,-20,5,10,8,10,7,12,14,-20,-20,-20,24,36,13,8,8,15,-20,-20,17,-20,37,40,-20,41,-20,-20,-20,6,15,55,41,3,-20,11,-20,9,-20,-20,-20,-20,10,49,-20,21,28,23,29,18,14,-20,-20,18,5,14,12,28,-20,9,-20,16,-20,-20,3,3,8,6,9,7,4,-20,-20,4,-20,6,-20,-20,-20,-20,-20,-20,27,5,-20,7,8,-20,-20,-20,-20,-20,5,4,-20,4,6,5,5,8,7,-20,-20,-20,-20,8,-20,-20,8,12,11,-20,11,-20,-20,17,-20,-20,5,-20,-20,10,7,-20,-20,3,-20,-20,-20,-20,-20,10,-20,16,-20,-20,-20,4,-20,4,14,-20,-20,-20,-20,20,-20,-20,3,-20,-20,8,-20,15,11,9,14,8,12,12,12,6,20,18,17,8,16,6,6,-20,6,7,8,8,9,11,21,14,19,11,12,13,16,9,5,11,10,-20,-20,-20,-20,3,-20,10,-20,7,4,-20,-20,-20,-20,-20,11,9,10,-20,8,10,7,15,11,17,9,-20,12,23,12,12,33,22,-20,-20,20,-20,18,18,6,12,10,11,-20,6,3,10,-20,23,16,5,12,13,-20,-20,-20,9,3,16,9,-20,4,8,-20,-20,-20,-20,7,12,3,-20,-20,5,4,14,6,10,16,-20,17,3,11,7,16,-20,9,4,9,7,7,12,12,-20,-20,-20,18,-20,-20,-20,-20,17,6,3,19,6,15,-20,-20,5,-20,21,17,18,15,8,2,-20,-20,-20,16,9,25,-20,-20,-20,-20,-20,-20,5,3,21,-20,11,-20,14,9,-20,-20,11,9,-20,-20,-20,-20,-20,6,7,4,-20,5,8,-20,-20,-20,4,6,12,8,-20,7,-20,4,5,5,-20,-20,-20,-20,16,-20,-20,13,19,-20,-20,4,-20,-20,10,-20,3,-20,-20,7,-20,7,-20,-20,-20,-20,-20,-20,-20,-20,-20,-20,15,-20,-20,9,-20,-20,-20,13,-20,12,14,6,7,-20,-20,-20,4,13,12,9,-20,7,12,-20,-20,-20,4,-20,-20,-20,-20,5,-20,-20,-20,-20,4,-20,6,14,-20,-20,10,6,-20,5,-20,-20,4,8,-20,6,17,-20,-20,4,-20,-20,6,5,-20,5,7,-20,2,-20,-20,-20,4,9,-20,8,7,15,4,9,5,-20,8,21,-20,3,-20,-20,5,-20,-20,5,6,13,-20,10,-20,8,10,-20,3,-20,6,-20,-20,-20,-20,4,-20,-20,3,-20,5,-20,8,6,4,11,10,-20,11,-20,-20,-20,-20,7,-20,11,-20,106,7,-20,37,35,25,22,47,71,31,32,41,-20,59,42,40,29,30
"chr4,4889750",-20,-20,-20,-20,-20,-20,-20,-20,-20,-20,-20,4,22,25,10,19,37,14,86,77,-20,-20,69,34,67,38,30,23,29,13,11,24,16,5,80,86,31,26,-20,-20,8,-20,2,15,-20,-20,-20,-20,7,16,-20,32,45,12,7,-20,55,-20,33,27,32,36,45,32,29,39,29,53,70,24,42,27,15,24,30,59,20,3,7,15,7,21,20,-20,11,38,44,63,49,16,15,26,35,25,35,31,18,50,5,41,26,31,9,-20,27,56,-20,39,24,-20,13,-20,36,16,3,-20,-20,-20,-20,3,-20,6,-20,-20,20,-20,-20,42,-20,9,6,8,-20,5,10,15,12,-20,-20,9,-20,7,8,-20,12,-20,4,-20,-20,-20,-20,7,-20,-20,-20,11,14,-20,-20,6,3,-20,-20,6,-20,9,-20,5,6,16,62,82,35,23,2,15,-20,-20,10,83,3,2,20,-20,12,-20,13,24,-20,-20,27,26,2,3,5,13,13,18,-20,13,-20,-20,-20,-20,9,7,-20,-20,7,-20,-20,4,-20,8,-20,5,-20,-20,-20,-20,9,-20,-20,-20,-20,7,10,-20,42,-20,9,-20,13,28,-20,-20,-20,-20,-20,-20,-20,-20,-20,3,-20,40,-20,-20,8,24,-20,5,11,6,31,18,10,7,15,11,6,9,-20,-20,10,10,22,-20,-20,10,-20,-20,-20,25,15,15,49,36,40,63,5,16,16,43,12,25,13,9,13,-20,14,-20,-20,-20,-20,-20,51,-20,-20,-20,-20,-20,5,-20,-20,34,37,-20,37,44,50,43,47,82,-20,-20,-20,3,-20,32,10,31,12,-20,16,4,2,14,11,-20,7,4,10,-20,48,4,24,36,19,31,15,23,6,-20,-20,19,9,5,-20,-20,-20,9,9,-20,-20,5,-20,-20,12,13,5,-20,12,-20,-20,4,-20,4,-20,-20,13,-20,12,63,10,4,15,117,3,-20,-20,-20,8,-20,6,-20,16,10,-20,17,-20,-20,4,-20,-20,2,9,5,80,-20,-20,6,-20,10,-20,9,-20,-20,5,3,16,-20,14,8,-20,-20,9,10,10,8,6,8,7,-20,16,30,-20,-20,5,9,18,12,-20,27,15,-20,7,-20,3,-20,11,21,-20,10,9,18,-20,7,18,11,58,23,-20,5,7,-20,-20,3,-20,-20,10,3,11,-20,-20,-20,-20,5,5,-20,-20,15,9,-20,-20,-20,-20,9,64,44,7,-20,6,-20,-20,-20,6,-20,10,9,-20,9,21,10,14,10,3,-20,10,-20,12,-20,5,10,63,-20,12,11,-20,-20,-20,-20,8,-20,52,54,52,67,13,42,37,3,-20,36,47,3,7,40,9,-20,-20,18,-20,12,36,9,-20,6,-20,-20,-20,-20,-20,-20,-20,14,-20,12,-20,12,14,-20,-20,-20,-20,10,16,2,41,-20,-20,-20,-20,-20,-20,4,43,15,4,5,9,-20,-20,8,3,13,-20,-20,27,-20,24,43,43,35,16,35,-20,17,5,-20,-20,4,-20,-20,-20,8,9,-20,16,3,13,-20,6,3,3,-20,3,11,-20,4,-20,5,10,9,9,7,12,13,-20,-20,-20,25,37,15,8,9,17,-20,-20,17,-20,39,40,-20,41,-20,38,6,6,14,53,43,3,-20,11,-20,9,-20,-20,-20,-20,12,50,-20,17,27,23,29,17,14,-20,-20,17,5,15,13,28,-20,9,-20,17,-20,-20,4,3,10,8,12,7,4,-20,-20,4,-20,6,-20,-20,-20,-20,-20,-20,27,5,-20,7,8,-20,-20,-20,-20,-20,5,4,-20,4,-20,-20,6,8,7,-20,-20,-20,-20,8,-20,-20,8,12,14,-20,11,-20,-20,15,-20,-20,5,-20,-20,10,7,-20,-20,3,-20,-20,-20,-20,-20,10,-20,16,-20,-20,-20,4,-20,4,16,-20,-20,-20,-20,20,-20,-20,3,-20,-20,9,-20,17,12,11,13,9,11,12,11,6,20,18,18,8,16,5,5,-20,6,7,8,8,9,10,21,15,20,12,12,13,16,9,3,14,10,-20,-20,-20,-20,3,-20,10,-20,7,4,-20,-20,-20,-20,-20,10,9,10,-20,8,12,7,15,11,17,8,-20,12,25,12,12,36,21,-20,-20,18,-20,18,18,5,13,9,10,-20,7,3,9,-20,23,16,5,12,14,-20,-20,-20,9,3,17,10,-20,4,7,-20,-20,-20,-20,7,13,3,-20,-20,6,4,14,6,-20,15,-20,17,3,12,8,-20,-20,9,4,8,7,8,13,11,-20,-20,-20,19,-20,-20,-20,-20,17,8,3,19,6,15,-20,-20,5,11,20,19,18,15,8,2,-20,-20,-20,16,8,25,-20,-20,-20,-20,-20,-20,5,3,20,-20,10,-20,13,10,-20,-20,11,9,-20,-20,-20,-20,-20,6,7,4,-20,5,8,-20,-20,-20,3,6,13,8,-20,7,-20,4,5,5,-20,-20,-20,-20,15,-20,-20,13,19,-20,-20,4,-20,2,10,-20,3,-20,-20,7,4,7,-20,-20,-20,-20,-20,-20,-20,-20,-20,-20,14,-20,-20,9,-20,-20,-20,14,-20,12,14,6,7,-20,-20,-20,4,13,11,10,-20,7,12,-20,-20,-20,4,-20,-20,4,-20,-20,-20,2,-20,-20,4,-20,6,14,-20,-20,10,6,-20,6,-20,-20,4,7,-20,6,16,-20,-20,4,15,-20,6,6,11,5,6,-20,2,-20,-20,6,4,7,3,12,6,15,4,6,6,-20,8,24,-20,-20,-20,-20,6,-20,-20,6,7,13,8,10,-20,7,8,-20,4,-20,-20,-20,-20,-20,-20,7,-20,9,-20,5,3,-20,7,7,6,11,7,-20,11,-20,-20,-20,6,6,-20,14,-20,106,7,-20,41,35,23,22,47,76,31,25,41,-20,61,44,47,30,31
"chr4,4889753",-20,-20,-20,-20,-20,-20,-20,-20,-20,-20,-20,4,24,27,11,19,38,14,90,80,-20,-20,67,34,68,38,30,22,32,13,10,25,-20,5,82,85,31,24,-20,-20,9,-20,2,15,15,-20,4,-20,5,19,-20,33,45,11,-20,-20,55,-20,33,27,33,37,46,31,29,40,27,53,72,24,42,28,16,25,34,60,20,3,7,14,8,23,22,-20,12,41,44,64,49,17,15,26,32,26,34,30,18,52,5,45,26,31,10,-20,24,56,-20,38,25,-20,12,-20,36,16,4,4,-20,-20,-20,3,-20,6,5,-20,20,-20,-20,44,-20,11,6,8,-20,6,10,15,12,-20,-20,9,-20,7,8,-20,12,-20,4,-20,-20,-20,-20,8,-20,-20,-20,11,14,-20,-20,6,3,-20,-20,6,-20,9,-20,6,6,20,60,85,33,24,2,18,-20,-20,10,81,3,2,21,-20,12,-20,13,23,-20,-20,27,28,-20,3,5,14,13,17,-20,14,-20,-20,-20,-20,9,7,3,-20,6,-20,-20,4,-20,8,-20,5,-20,-20,-20,-20,9,-20,-20,-20,-20,7,12,-20,43,-20,9,-20,13,26,-20,-20,-20,-20,-20,-20,-20,-20,-20,3,-20,42,-20,-20,8,-20,-20,5,11,6,29,21,13,9,-20,11,6,8,-20,-20,9,9,20,-20,-20,11,-20,-20,-20,29,16,17,48,42,40,68,5,-20,17,44,12,24,14,9,13,-20,13,-20,-20,-20,-20,-20,49,-20,-20,-20,-20,-20,6,-20,-20,39,36,-20,36,44,51,44,46,84,-20,-20,10,-20,-20,35,10,32,13,54,15,4,2,13,12,47,7,4,-20,-20,48,4,24,36,19,32,14,20,6,-20,4,21,9,5,-20,-20,-20,9,-20,-20,-20,5,-20,-20,12,13,4,-20,12,-20,-20,4,-20,4,-20,-20,13,-20,13,63,11,4,14,118,3,-20,-20,-20,8,-20,5,-20,16,13,-20,18,-20,-20,3,-20,-20,-20,9,6,80,-20,-20,6,-20,16,-20,8,-20,-20,-20,3,17,-20,16,8,-20,-20,9,11,10,8,7,9,7,-20,15,31,-20,-20,5,11,18,12,-20,26,10,-20,7,-20,3,-20,11,22,-20,10,9,17,-20,7,18,10,56,21,-20,6,7,-20,-20,5,-20,-20,12,3,12,-20,3,3,-20,5,5,-20,-20,15,8,-20,-20,-20,-20,9,65,47,7,-20,6,-20,-20,-20,6,-20,-20,8,-20,9,25,12,16,10,3,-20,11,-20,11,-20,6,9,60,-20,10,11,-20,-20,-20,-20,10,-20,52,51,56,67,13,40,39,3,-20,37,48,3,7,39,-20,-20,-20,18,-20,12,33,9,-20,7,-20,-20,-20,-20,-20,-20,-20,15,-20,13,3,12,13,-20,-20,-20,-20,10,16,2,42,-20,-20,-20,-20,-20,-20,3,43,14,8,5,9,-20,-20,12,3,13,-20,-20,28,-20,25,43,43,37,17,34,-20,19,5,-20,-20,4,3,-20,-20,7,11,-20,16,3,14,-20,9,3,4,-20,3,11,-20,4,2,5,11,10,9,7,12,15,-20,-20,-20,27,37,15,8,10,18,-20,-20,18,-20,42,35,-20,39,-20,37,7,6,15,51,41,3,-20,11,-20,9,-20,-20,-20,-20,12,48,-20,17,26,21,32,17,14,-20,-20,16,6,16,11,27,-20,9,-20,18,-20,3,4,3,11,7,12,7,4,-20,-20,4,-20,6,-20,-20,-20,-20,-20,-20,-20,5,-20,8,8,-20,-20,-20,-20,-20,6,4,-20,4,6,-20,6,7,8,-20,-20,-20,-20,9,-20,-20,8,14,15,-20,11,-20,-20,16,-20,-20,6,-20,-20,10,8,-20,-20,3,-20,-20,-20,-20,-20,9,-20,16,-20,-20,-20,4,-20,4,16,-20,-20,-20,-20,20,-20,-20,6,-20,-20,9,-20,17,12,12,12,12,12,12,11,6,19,21,18,8,16,6,6,6,-20,7,8,8,9,12,23,15,21,13,12,13,20,11,3,14,12,-20,-20,-20,5,3,-20,10,-20,7,4,-20,-20,-20,-20,-20,10,11,10,5,8,12,7,16,12,17,8,26,13,26,13,12,38,25,-20,-20,18,-20,19,19,5,13,9,11,4,8,3,9,-20,23,17,5,12,15,-20,-20,-20,9,3,19,10,-20,-20,7,-20,3,-20,-20,7,15,3,-20,-20,6,4,14,7,10,16,-20,19,3,12,8,17,-20,9,4,8,8,9,14,11,-20,-20,-20,17,-20,-20,-20,-20,18,9,3,20,6,15,-20,-20,5,12,21,20,19,18,8,2,-20,-20,-20,16,7,28,-20,-20,4,-20,-20,-20,5,3,21,-20,10,-20,14,13,-20,-20,11,9,-20,-20,-20,-20,-20,6,9,4,-20,5,9,-20,-20,-20,3,6,15,7,-20,8,-20,5,5,5,-20,-20,-20,3,15,-20,-20,14,18,-20,-20,5,-20,-20,11,-20,3,-20,-20,7,5,7,-20,-20,-20,-20,-20,-20,-20,-20,-20,-20,13,-20,-20,9,-20,-20,-20,14,-20,14,14,7,7,-20,-20,-20,4,13,12,12,-20,7,13,-20,-20,-20,4,-20,-20,4,-20,5,-20,-20,-20,-20,4,-20,8,14,-20,-20,10,6,-20,7,-20,-20,4,7,-20,6,17,-20,-20,4,14,-20,6,6,14,4,6,-20,2,-20,-20,7,4,11,-20,16,-20,12,8,7,8,-20,7,20,-20,-20,-20,3,7,-20,4,-20,-20,7,7,10,-20,6,11,-20,-20,-20,-20,-20,-20,-20,-20,5,-20,-20,-20,8,6,-20,8,7,4,11,5,-20,11,3,-20,-20,4,8,-20,16,-20,104,7,-20,40,35,25,23,48,71,32,31,40,-20,61,43,49,33,33
"chr4,4889760",-20,-20,-20,-20,-20,-20,-20,-20,-20,-20,-20,6,25,28,13,18,37,12,82,75,-20,-20,67,31,69,37,29,23,36,10,-20,20,16,4,79,85,28,23,-20,-20,9,-20,2,17,14,-20,5,-20,-20,22,-20,33,46,12,8,-20,46,-20,34,25,30,35,43,28,33,37,28,53,74,23,39,29,15,24,30,64,18,3,6,13,8,20,23,-20,13,42,42,64,49,17,15,25,28,22,34,31,16,51,-20,52,29,31,10,-20,25,51,-20,39,27,-20,12,-20,32,13,4,4,-20,-20,-20,3,-20,6,4,-20,18,-20,-20,41,-20,11,5,6,-20,5,7,13,12,-20,-20,6,-20,7,9,-20,11,-20,4,-20,-20,-20,-20,10,-20,-20,-20,14,13,-20,-20,6,3,-20,-20,7,-20,6,-20,6,9,20,-20,86,36,25,3,24,-20,-20,11,81,3,-20,22,-20,10,-20,15,26,-20,-20,33,29,-20,3,-20,15,12,16,-20,15,-20,-20,-20,-20,7,6,3,-20,5,-20,-20,5,-20,8,-20,6,-20,-20,-20,-20,10,-20,-20,-20,-20,9,12,14,44,-20,9,-20,13,25,-20,-20,-20,-20,-20,-20,-20,-20,-20,-20,-20,35,-20,-20,11,22,-20,5,11,8,31,21,14,11,-20,11,6,12,-20,-20,10,10,21,-20,-20,12,-20,-20,-20,-20,16,20,50,51,44,69,5,-20,16,46,15,25,14,9,13,-20,13,-20,-20,-20,-20,-20,48,-20,-20,-20,-20,-20,6,-20,-20,35,36,-20,37,43,48,43,44,82,-20,-20,9,-20,-20,34,13,32,10,53,15,4,3,16,11,45,6,5,11,-20,44,4,24,41,19,31,14,22,8,-20,4,18,9,5,-20,-20,-20,10,10,-20,-20,5,-20,-20,12,-20,7,-20,14,-20,-20,-20,-20,5,-20,-20,16,-20,15,61,12,4,12,122,3,-20,-20,-20,8,-20,5,-20,15,17,-20,19,-20,-20,3,-20,-20,-20,5,6,89,-20,-20,4,-20,19,-20,8,9,-20,6,3,14,-20,17,5,-20,-20,9,10,10,7,7,10,7,-20,12,31,-20,-20,4,8,19,12,-20,31,9,-20,6,-20,-20,-20,11,16,-20,10,6,15,-20,7,18,8,61,19,-20,-20,9,-20,-20,8,-20,-20,14,-20,12,-20,-20,3,-20,6,6,-20,-20,12,6,-20,-20,-20,-20,10,61,44,7,-20,6,-20,-20,-20,5,-20,8,8,-20,9,21,12,16,12,3,-20,11,-20,10,-20,6,10,54,-20,10,11,-20,-20,-20,-20,11,-20,50,47,56,67,12,40,36,3,-20,35,50,4,7,37,10,-20,-20,20,-20,12,31,8,-20,8,-20,-20,-20,-20,4,-20,-20,14,-20,12,3,12,11,-20,-20,-20,-20,11,16,2,42,-20,-20,-20,-20,-20,-20,5,47,13,10,8,9,-20,-20,13,3,13,-20,-20,28,-20,23,43,43,39,19,33,3,-20,4,-20,-20,4,3,-20,-20,4,10,-20,14,3,14,-20,9,4,5,-20,3,13,-20,5,4,5,11,11,7,8,7,12,-20,-20,-20,25,37,15,5,13,18,-20,-20,21,-20,43,35,-20,42,-20,36,10,6,20,51,45,3,-20,11,-20,9,-20,-20,-20,-20,13,50,-20,19,27,28,33,21,14,-20,-20,16,6,16,12,32,-20,-20,-20,15,-20,4,4,3,11,7,13,5,5,-20,6,4,-20,5,-20,-20,-20,-20,-20,-20,26,5,-20,7,-20,-20,-20,-20,3,-20,6,6,-20,3,6,6,7,6,9,-20,-20,-20,-20,8,-20,2,9,12,14,-20,11,-20,3,14,-20,-20,6,-20,-20,-20,8,-20,-20,4,-20,-20,-20,-20,-20,8,-20,17,-20,-20,-20,4,-20,3,15,-20,-20,-20,-20,18,-20,-20,5,-20,-20,9,-20,17,12,9,12,14,12,11,9,5,16,20,15,5,12,4,-20,5,6,5,8,7,9,13,21,17,19,12,12,12,19,11,3,15,12,-20,-20,-20,5,3,-20,7,-20,6,4,-20,-20,-20,-20,-20,11,9,7,5,8,12,6,12,10,16,8,24,10,22,10,11,34,24,-20,-20,17,-20,16,18,5,11,9,13,3,8,3,9,-20,21,14,5,10,12,-20,-20,-20,9,3,18,9,-20,-20,7,-20,4,-20,-20,5,15,-20,-20,-20,5,4,12,5,11,16,-20,18,-20,10,8,17,-20,8,3,-20,9,9,13,12,-20,-20,-20,17,3,-20,-20,-20,17,11,3,19,5,12,-20,-20,4,11,21,15,20,17,7,-20,-20,-20,-20,16,8,22,-20,-20,5,-20,-20,-20,4,4,19,-20,10,-20,12,16,-20,-20,13,8,-20,-20,-20,-20,-20,6,9,4,-20,5,7,-20,-20,-20,3,6,15,9,-20,7,-20,5,4,4,-20,-20,-20,3,13,-20,-20,12,16,-20,-20,3,-20,-20,9,-20,3,-20,-20,8,6,7,-20,-20,-20,-20,-20,3,-20,-20,-20,-20,12,-20,-20,9,-20,-20,-20,12,-20,14,13,5,7,-20,-20,-20,4,11,10,10,-20,6,13,-20,-20,-20,4,-20,-20,-20,-20,5,-20,-20,-20,-20,3,-20,11,11,-20,-20,9,6,-20,5,-20,-20,3,8,-20,6,15,-20,-20,4,18,-20,5,11,15,5,8,-20,-20,-20,6,7,-20,11,5,15,7,13,8,7,11,-20,7,18,-20,8,-20,3,-20,-20,6,8,6,-20,6,7,-20,5,13,10,6,-20,8,-20,-20,-20,-20,8,-20,-20,-20,7,-20,3,7,8,5,9,5,-20,11,-20,-20,4,-20,-20,-20,16,-20,103,7,-20,40,33,25,21,46,71,33,32,40,-20,60,43,50,37,36
"chr4,4889761",-20,-20,-20,-20,-20,-20,-20,-20,-20,-20,-20,6,24,29,12,18,37,12,84,70,-20,-20,68,32,69,36,26,25,36,-20,9,20,14,4,78,78,27,21,-20,-20,9,-20,2,17,14,-20,5,-20,-20,22,-20,31,42,-20,-20,-20,49,-20,33,28,30,35,43,29,33,37,26,52,72,22,38,31,13,24,28,61,19,3,6,13,8,19,23,-20,-20,41,41,67,49,17,15,25,31,22,35,31,14,50,-20,48,29,31,-20,-20,24,51,-20,38,27,-20,12,-20,33,13,4,4,-20,-20,-20,3,-20,-20,4,-20,18,-20,-20,41,-20,10,4,5,-20,5,6,12,12,-20,-20,-20,-20,7,-20,-20,9,-20,4,-20,-20,-20,-20,10,-20,-20,-20,14,-20,-20,-20,-20,3,-20,-20,7,-20,6,-20,5,11,-20,-20,-20,-20,-20,2,-20,-20,-20,10,86,-20,-20,-20,-20,8,-20,-20,-20,-20,-20,33,27,-20,3,-20,-20,-20,-20,-20,15,-20,-20,-20,-20,6,6,3,-20,5,-20,-20,5,-20,8,-20,6,-20,-20,-20,-20,-20,-20,-20,-20,-20,9,-20,-20,43,-20,-20,-20,13,-20,-20,-20,-20,-20,-20,-20,-20,-20,-20,-20,-20,-20,-20,-20,16,21,-20,5,11,-20,-20,18,14,11,-20,-20,-20,12,-20,-20,10,10,21,-20,-20,-20,-20,-20,-20,33,-20,-20,-20,-20,-20,-20,-20,-20,-20,41,14,25,-20,-20,-20,-20,-20,-20,-20,-20,-20,-20,-20,-20,-20,-20,-20,-20,6,-20,-20,35,37,-20,38,43,47,45,41,-20,-20,-20,-20,4,-20,-20,13,32,10,-20,-20,4,-20,-20,-20,46,6,-20,11,-20,44,4,23,44,19,-20,14,20,-20,-20,-20,18,-20,5,-20,-20,-20,10,-20,-20,-20,-20,-20,-20,12,14,-20,-20,13,2,-20,-20,-20,-20,-20,-20,-20,-20,-20,61,12,4,-20,122,3,-20,-20,-20,7,-20,-20,-20,15,-20,-20,20,-20,-20,-20,-20,-20,-20,-20,6,-20,-20,-20,4,-20,-20,-20,-20,10,-20,6,3,14,-20,16,5,-20,-20,9,10,10,-20,-20,-20,7,-20,-20,31,-20,-20,4,8,19,-20,-20,31,-20,-20,-20,-20,-20,-20,11,17,-20,10,6,-20,-20,7,-20,8,-20,-20,-20,-20,9,-20,-20,-20,-20,-20,-20,-20,12,-20,-20,3,-20,6,-20,-20,-20,-20,6,-20,-20,-20,-20,10,63,44,7,-20,6,-20,-20,-20,4,-20,8,-20,-20,-20,-20,10,15,11,3,-20,11,-20,11,-20,7,-20,52,-20,11,12,-20,-20,-20,-20,12,-20,49,47,56,66,12,41,37,3,-20,34,48,3,7,36,-20,-20,-20,-20,-20,11,33,8,-20,8,-20,-20,-20,-20,4,-20,-20,14,-20,-20,-20,12,-20,-20,-20,-20,-20,11,-20,2,40,-20,-20,-20,-20,-20,-20,5,-20,-20,10,7,9,-20,-20,15,-20,-20,-20,-20,30,-20,23,41,43,40,20,34,3,-20,4,-20,-20,4,-20,-20,-20,4,-20,-20,-20,3,-20,-20,-20,-20,-20,-20,-20,-20,-20,-20,-20,5,10,11,7,8,7,12,-20,-20,-20,-20,34,15,4,-20,-20,-20,-20,24,-20,-20,-20,-20,38,-20,-20,-20,6,21,52,47,3,-20,-20,-20,-20,-20,-20,-20,-20,13,50,-20,19,-20,-20,34,22,14,-20,-20,16,-20,16,12,32,-20,9,-20,-20,-20,4,-20,3,-20,7,-20,-20,5,-20,-20,-20,-20,5,-20,-20,-20,-20,-20,-20,24,-20,-20,7,7,-20,-20,-20,-20,-20,6,-20,-20,3,-20,-20,7,6,9,-20,-20,-20,-20,8,-20,-20,-20,-20,14,-20,-20,-20,-20,14,-20,-20,5,-20,-20,10,8,-20,-20,-20,-20,-20,-20,-20,-20,7,-20,16,-20,-20,-20,4,-20,-20,-20,-20,-20,-20,-20,17,-20,-20,5,-20,-20,9,-20,-20,-20,9,12,14,-20,11,9,5,16,-20,14,5,-20,4,4,5,6,-20,-20,7,-20,12,19,-20,19,-20,-20,12,-20,-20,3,14,10,-20,-20,-20,5,-20,-20,-20,-20,6,4,-20,-20,-20,-20,-20,-20,9,7,5,8,12,5,12,10,16,8,23,11,20,11,10,30,22,-20,-20,15,-20,-20,-20,5,10,9,12,3,8,3,8,-20,20,14,5,-20,11,-20,-20,-20,-20,3,18,9,-20,-20,-20,-20,4,-20,-20,-20,15,-20,-20,-20,-20,4,12,5,11,15,-20,-20,-20,-20,-20,-20,-20,7,3,-20,9,9,12,12,-20,-20,-20,17,-20,-20,-20,-20,-20,11,-20,-20,5,11,-20,-20,4,10,20,-20,-20,16,6,-20,-20,-20,-20,-20,8,20,-20,-20,-20,-20,-20,-20,4,-20,-20,-20,-20,-20,-20,16,-20,-20,13,7,-20,-20,-20,-20,-20,6,-20,-20,-20,-20,-20,-20,-20,-20,3,6,-20,9,-20,7,-20,-20,4,4,-20,-20,-20,3,12,-20,-20,-20,-20,-20,-20,-20,-20,-20,9,-20,-20,-20,-20,8,-20,6,-20,-20,-20,-20,-20,-20,-20,-20,-20,-20,11,-20,-20,-20,-20,-20,-20,-20,-20,-20,13,-20,6,-20,-20,-20,4,10,10,-20,-20,6,13,-20,-20,-20,4,-20,-20,-20,-20,-20,-20,-20,-20,-20,-20,-20,11,11,-20,-20,9,6,-20,5,-20,-20,3,-20,-20,5,-20,-20,-20,4,15,-20,-20,-20,-20,-20,6,-20,-20,-20,-20,-20,-20,10,5,14,8,12,-20,7,-20,-20,6,-20,-20,9,-20,-20,-20,-20,6,8,6,-20,-20,9,-20,6,-20,-20,-20,-20,-20,-20,-20,-20,-20,-20,-20,-20,-20,-20,-20,-20,7,-20,-20,10,-20,-20,12,-20,-20,4,-20,-20,-20,-20,-20,102,-20,-20,-20,-20,25,-20,-20,-20,33,32,40,-20,61,-20,50,39,37
"chr4,4889763",-20,-20,-20,-20,-20,-20,-20,-20,-20,-20,-20,7,28,29,11,18,36,12,85,75,-20,-20,70,31,67,36,26,26,37,10,10,20,16,-20,79,79,28,23,-20,-20,10,-20,2,20,16,-20,5,-20,7,21,-20,34,47,12,8,-20,45,-20,34,28,31,37,43,28,33,38,29,53,74,23,38,27,18,26,30,65,19,3,6,13,8,20,25,-20,-20,41,41,68,51,18,17,26,28,21,38,30,16,56,-20,50,30,32,-20,-20,25,50,-20,40,27,-20,15,-20,32,13,4,4,-20,-20,-20,3,-20,-20,5,-20,18,-20,-20,41,-20,12,-20,5,-20,5,-20,12,-20,-20,-20,-20,-20,7,-20,-20,-20,-20,4,-20,-20,-20,-20,10,-20,-20,-20,14,14,-20,-20,-20,3,-20,-20,8,-20,6,-20,5,13,-20,64,88,38,34,2,-20,-20,-20,10,88,3,-20,23,-20,8,-20,13,25,-20,-20,33,32,-20,3,-20,18,-20,-20,-20,14,-20,-20,-20,-20,-20,6,3,-20,4,-20,-20,-20,-20,8,3,6,-20,-20,-20,-20,10,-20,-20,-20,-20,8,-20,-20,-20,-20,9,-20,13,-20,-20,-20,-20,-20,-20,-20,-20,-20,-20,-20,-20,-20,-20,-20,16,21,-20,5,11,8,31,18,15,11,-20,-20,5,12,-20,-20,10,10,21,-20,-20,-20,-20,-20,-20,32,16,22,55,55,47,72,5,-20,-20,41,16,22,-20,-20,-20,-20,-20,-20,-20,-20,-20,-20,47,-20,-20,-20,-20,-20,6,-20,-20,35,39,-20,39,41,47,46,46,-20,-20,-20,9,4,-20,-20,13,31,10,56,20,-20,3,16,-20,51,6,-20,10,-20,43,4,22,44,-20,30,14,23,-20,-20,4,17,-20,5,-20,-20,-20,10,-20,-20,-20,6,-20,-20,12,13,8,-20,13,-20,-20,-20,-20,5,-20,-20,15,-20,-20,63,12,4,12,120,3,-20,-20,-20,-20,-20,5,-20,14,-20,-20,21,-20,-20,-20,-20,-20,-20,-20,7,92,-20,-20,4,-20,-20,-20,8,10,-20,6,-20,-20,-20,17,-20,-20,-20,10,-20,10,-20,-20,11,6,-20,-20,32,-20,-20,4,-20,19,-20,-20,32,8,-20,6,-20,-20,-20,11,17,-20,10,7,16,-20,7,-20,9,-20,19,-20,-20,9,-20,-20,-20,-20,-20,-20,-20,12,-20,-20,-20,-20,6,-20,-20,-20,12,6,-20,-20,-20,-20,10,62,46,-20,-20,6,-20,-20,-20,4,-20,9,8,-20,-20,-20,11,17,11,3,-20,10,-20,11,-20,7,-20,54,-20,10,10,-20,-20,-20,-20,12,-20,49,47,57,67,12,43,38,3,-20,34,45,3,7,35,-20,-20,-20,-20,-20,13,32,9,-20,8,-20,-20,-20,-20,4,-20,-20,14,-20,13,-20,-20,-20,-20,-20,-20,-20,12,15,2,41,-20,-20,-20,-20,-20,-20,5,44,-20,11,7,9,-20,-20,15,-20,12,-20,-20,30,-20,24,39,42,42,20,35,3,21,3,-20,-20,-20,-20,-20,-20,4,11,-20,-20,3,-20,-20,-20,-20,-20,-20,-20,-20,-20,-20,-20,-20,12,12,7,9,7,13,-20,-20,-20,-20,35,15,4,17,18,-20,-20,25,-20,44,34,-20,40,-20,37,11,6,22,53,47,-20,-20,-20,-20,-20,-20,-20,-20,-20,13,49,-20,21,-20,-20,35,22,14,-20,-20,16,6,17,13,33,3,9,-20,-20,-20,5,-20,3,-20,8,-20,-20,6,-20,6,-20,-20,5,-20,-20,-20,-20,-20,-20,24,-20,-20,7,7,-20,3,-20,-20,-20,7,-20,-20,3,7,-20,8,6,9,-20,-20,-20,-20,8,-20,-20,-20,-20,15,-20,-20,-20,-20,15,-20,-20,-20,-20,-20,10,10,-20,-20,-20,-20,-20,-20,-20,-20,7,-20,16,-20,-20,-20,4,-20,3,-20,-20,-20,-20,-20,16,6,-20,5,-20,-20,10,-20,-20,-20,8,13,14,11,11,9,7,17,20,15,5,-20,4,4,7,6,6,8,7,9,12,22,17,23,12,12,12,20,11,3,15,11,-20,-20,-20,5,-20,-20,-20,-20,7,4,-20,-20,-20,-20,-20,11,9,7,5,8,14,5,12,11,16,8,23,10,23,10,11,34,23,-20,-20,17,-20,16,18,6,10,10,12,3,8,3,9,-20,22,14,5,-20,11,-20,-20,-20,-20,3,19,11,-20,5,-20,-20,4,-20,-20,5,16,-20,-20,-20,6,4,13,6,12,16,-20,-20,-20,10,-20,-20,-20,7,4,-20,9,10,13,13,-20,-20,-20,17,-20,-20,-20,-20,19,12,3,-20,5,11,-20,-20,-20,11,22,-20,19,16,-20,-20,-20,-20,-20,-20,9,23,-20,-20,-20,-20,-20,-20,4,4,21,-20,-20,-20,14,15,-20,-20,16,8,-20,-20,-20,-20,-20,6,-20,6,-20,6,-20,-20,-20,-20,4,6,-20,9,-20,7,-20,-20,6,4,-20,-20,-20,5,12,-20,-20,-20,-20,-20,-20,-20,-20,-20,9,-20,3,-20,-20,9,-20,6,-20,-20,-20,-20,-20,-20,-20,-20,-20,-20,11,-20,-20,-20,-20,-20,-20,-20,-20,-20,13,-20,7,-20,-20,-20,5,11,11,-20,-20,7,13,-20,-20,-20,5,-20,-20,-20,2,6,-20,-20,-20,-20,3,-20,12,12,-20,-20,9,6,-20,6,-20,-20,3,8,-20,5,16,-20,-20,4,19,-20,5,11,-20,-20,5,-20,-20,-20,6,6,5,9,5,15,9,12,6,7,-20,-20,7,-20,-20,8,-20,-20,8,3,5,8,6,-20,7,9,-20,8,13,-20,-20,-20,-20,-20,-20,-20,-20,9,2,-20,3,7,11,3,8,-20,7,10,-20,-20,10,-20,-20,-20,9,-20,-20,-20,-20,99,7,-20,-20,-20,28,-20,-20,80,33,32,40,-20,60,46,49,42,39
"chr4,4889764",-20,-20,-20,-20,-20,-20,-20,-20,-20,-20,-20,7,30,30,10,19,37,12,88,77,-20,-20,69,33,67,35,28,25,37,10,10,21,16,7,79,84,29,24,-20,-20,10,-20,2,20,16,-20,-20,-20,7,22,-20,35,49,13,9,-20,45,-20,35,28,31,39,47,28,34,37,31,53,74,23,39,30,17,26,29,63,20,3,6,13,8,22,26,-20,14,42,40,66,50,18,17,26,29,22,39,30,16,57,-20,51,32,31,10,-20,25,50,-20,40,28,-20,15,-20,32,14,4,4,-20,-20,-20,3,-20,-20,5,-20,18,-20,-20,41,-20,13,6,5,-20,5,6,13,16,-20,-20,6,-20,7,9,-20,15,-20,4,-20,-20,-20,-20,11,-20,-20,-20,14,15,17,-20,6,3,-20,-20,8,-20,6,-20,5,13,19,66,84,39,34,2,28,-20,-20,11,84,3,-20,23,-20,8,-20,14,25,-20,-20,33,32,-20,3,8,19,14,16,-20,15,-20,-20,-20,-20,7,6,3,-20,4,-20,-20,7,-20,8,3,6,-20,-20,-20,-20,11,-20,-20,-20,-20,8,14,18,47,-20,10,-20,13,22,-20,-20,-20,-20,-20,-20,-20,-20,-20,-20,-20,38,-20,-20,16,-20,-20,5,11,8,32,18,14,12,19,12,5,12,-20,-20,10,10,19,-20,-20,13,-20,-20,-20,34,16,22,56,57,49,73,5,17,15,44,18,23,14,9,13,-20,13,-20,-20,-20,-20,-20,48,-20,-20,-20,-20,-20,6,-20,-20,33,39,-20,39,42,47,49,46,83,-20,-20,10,4,-20,37,13,31,10,57,20,5,3,17,11,49,5,5,10,-20,44,4,21,43,24,30,14,25,9,-20,-20,17,9,5,-20,-20,-20,10,-20,-20,-20,6,-20,-20,13,13,9,-20,14,3,-20,4,-20,5,-20,-20,15,-20,14,62,12,4,12,119,4,-20,-20,-20,7,-20,5,-20,15,17,-20,21,-20,-20,4,-20,-20,-20,5,7,92,-20,-20,5,-20,21,-20,10,10,-20,6,5,15,-20,18,6,-20,4,10,9,10,7,9,10,6,-20,13,31,-20,-20,5,10,18,10,-20,32,7,-20,7,-20,-20,-20,11,17,-20,9,7,16,-20,7,17,9,63,23,-20,-20,9,-20,-20,9,-20,-20,13,-20,12,-20,-20,3,-20,6,7,-20,-20,12,6,-20,-20,-20,-20,11,61,45,8,-20,7,-20,-20,-20,4,-20,-20,9,-20,9,28,11,18,11,3,-20,10,-20,11,-20,8,9,56,-20,10,11,-20,-20,-20,-20,12,-20,51,50,56,66,11,43,37,3,-20,34,47,3,7,35,11,-20,-20,22,-20,12,34,9,-20,8,-20,-20,-20,-20,5,-20,-20,15,-20,14,3,12,12,-20,-20,-20,-20,12,15,3,42,-20,-20,-20,-20,-20,-20,5,48,12,17,7,8,-20,-20,15,3,13,-20,-20,30,-20,25,39,43,43,20,35,5,21,4,-20,-20,5,7,-20,-20,4,12,-20,14,3,15,-20,9,7,8,-20,3,15,-20,6,5,6,12,12,7,9,7,13,-20,-20,-20,29,38,17,5,17,18,-20,-20,-20,-20,47,35,-20,44,-20,37,11,6,21,56,48,3,-20,11,-20,9,-20,-20,-20,-20,13,50,-20,23,26,32,37,23,14,-20,-20,16,6,18,14,33,3,9,-20,17,-20,5,4,3,15,8,20,5,6,-20,6,5,-20,5,-20,-20,-20,-20,-20,-20,26,6,-20,6,7,-20,3,-20,3,-20,7,-20,-20,3,7,7,7,6,9,-20,-20,-20,-20,7,-20,3,9,13,15,-20,9,-20,-20,15,-20,-20,6,-20,-20,10,10,-20,-20,3,-20,-20,-20,-20,-20,7,-20,17,-20,-20,-20,4,-20,3,15,-20,-20,-20,-20,16,6,-20,5,-20,-20,10,-20,16,11,7,13,13,11,10,9,-20,16,20,15,5,12,4,4,7,6,6,8,5,-20,13,22,17,22,12,12,13,20,10,3,15,11,-20,-20,-20,5,3,-20,6,-20,7,4,-20,-20,-20,-20,-20,11,9,8,5,8,14,5,12,11,16,8,22,10,23,11,11,34,23,-20,-20,18,-20,16,16,6,10,10,11,3,8,3,9,-20,22,14,5,10,11,-20,-20,-20,9,3,20,11,-20,5,6,-20,4,-20,-20,5,17,-20,-20,-20,6,4,11,6,13,15,-20,18,-20,10,7,17,-20,7,4,7,-20,10,14,12,-20,-20,-20,17,3,-20,-20,-20,19,12,3,20,5,11,-20,-20,5,11,22,14,21,15,7,3,-20,-20,-20,16,9,23,-20,-20,6,-20,-20,-20,5,4,23,-20,11,-20,14,16,-20,-20,16,8,-20,-20,-20,-20,-20,6,9,6,-20,6,7,4,-20,-20,4,6,14,9,-20,8,-20,5,6,4,-20,-20,-20,6,14,-20,-20,12,16,-20,-20,3,-20,-20,9,-20,3,-20,-20,10,7,6,-20,-20,-20,-20,2,4,-20,-20,-20,-20,11,-20,-20,9,-20,-20,-20,13,-20,14,13,8,7,-20,-20,-20,5,12,11,15,-20,8,13,-20,-20,-20,5,-20,-20,-20,2,7,-20,4,-20,-20,3,-20,12,12,-20,-20,9,6,-20,6,-20,-20,3,8,-20,5,16,3,-20,3,18,-20,5,11,15,7,7,-20,2,-20,6,7,4,10,5,16,9,13,5,5,13,-20,7,17,-20,-20,-20,4,10,-20,5,9,6,9,7,7,-20,6,13,10,6,-20,7,-20,-20,8,-20,8,2,-20,3,8,10,3,10,8,7,9,4,-20,11,-20,-20,6,10,9,-20,17,-20,100,7,-20,41,34,31,24,47,83,33,32,40,-20,62,46,52,42,41
"chr4,4889781",-20,-20,-20,-20,-20,-20,-20,-20,-20,-20,-20,8,34,36,10,20,35,11,92,80,-20,-20,70,36,68,40,26,25,34,10,10,19,15,7,74,80,29,28,-20,-20,8,-20,-20,13,14,-20,5,-20,10,21,-20,45,59,17,14,-20,55,-20,35,29,28,41,61,26,33,42,37,53,70,21,39,28,15,27,26,69,24,3,9,16,6,23,26,-20,14,51,39,66,45,20,19,32,31,29,32,34,17,55,-20,46,32,32,8,-20,28,48,-20,40,30,-20,12,-20,38,15,2,4,9,-20,-20,2,-20,5,7,-20,22,-20,-20,43,3,10,7,3,3,6,8,14,18,-20,-20,6,-20,8,9,3,15,-20,5,11,-20,-20,-20,14,-20,-20,-20,12,14,16,-20,-20,-20,-20,3,8,-20,7,-20,5,14,22,71,95,39,36,4,36,6,-20,15,81,-20,-20,24,-20,8,-20,12,29,-20,-20,32,33,-20,4,13,18,22,16,11,15,-20,-20,-20,-20,6,6,6,-20,5,-20,-20,7,-20,-20,6,12,-20,-20,-20,-20,9,-20,-20,-20,-20,9,20,20,55,-20,15,-20,15,29,-20,-20,-20,-20,-20,-20,-20,-20,-20,-20,-20,42,-20,-20,20,29,-20,5,15,10,35,20,17,15,19,24,6,12,-20,-20,16,10,20,-20,-20,14,-20,-20,-20,35,18,23,68,64,55,79,9,20,16,36,20,31,16,9,14,-20,11,-20,-20,-20,-20,-20,47,-20,-20,-20,-20,-20,9,-20,-20,35,45,-20,43,53,48,57,42,90,-20,-20,12,6,3,38,14,33,17,57,24,-20,5,21,9,54,5,5,12,-20,40,3,17,45,26,33,13,33,9,-20,-20,21,9,6,-20,-20,-20,9,11,-20,-20,9,-20,-20,13,20,12,-20,13,3,-20,-20,-20,8,-20,-20,-20,-20,12,65,13,7,13,131,4,6,-20,-20,-20,-20,-20,-20,16,25,-20,21,-20,-20,6,-20,-20,-20,7,9,96,-20,-20,5,-20,28,-20,9,14,-20,6,7,13,-20,18,5,-20,4,9,7,9,7,5,-20,6,-20,12,33,-20,-20,-20,10,21,11,5,35,6,-20,14,-20,-20,-20,10,18,-20,9,7,15,-20,6,17,12,73,25,-20,7,10,-20,-20,9,-20,-20,14,-20,12,-20,-20,3,-20,7,8,-20,-20,14,8,-20,-20,-20,-20,12,60,46,8,-20,7,-20,-20,-20,3,-20,9,8,-20,9,29,15,23,11,6,-20,10,-20,10,-20,7,11,56,-20,12,15,-20,-20,-20,-20,11,-20,48,48,56,60,10,51,41,-20,-20,34,47,4,8,42,13,-20,-20,28,4,13,26,9,-20,12,-20,-20,-20,-20,9,-20,-20,18,-20,15,3,12,14,-20,4,-20,-20,15,15,7,42,-20,-20,-20,-20,-20,-20,3,55,13,-20,12,9,-20,-20,19,3,17,-20,-20,29,-20,29,46,43,49,28,34,10,28,4,4,-20,5,7,-20,3,6,9,3,12,3,16,3,9,8,8,5,3,16,-20,6,6,6,14,13,9,10,13,14,-20,-20,-20,37,42,23,-20,19,27,-20,-20,30,9,51,34,-20,47,-20,38,22,8,24,85,50,3,-20,7,-20,-20,-20,-20,-20,5,15,46,-20,32,37,32,35,31,11,-20,-20,16,12,18,11,39,4,9,-20,20,-20,8,4,3,20,11,20,7,6,-20,8,5,-20,4,-20,-20,-20,-20,-20,-20,28,7,-20,8,8,4,4,-20,-20,-20,8,7,-20,4,8,9,9,6,9,-20,4,3,6,9,4,3,11,-20,14,-20,9,3,5,16,-20,-20,8,-20,-20,10,9,3,-20,3,-20,-20,-20,3,9,8,-20,16,-20,-20,-20,5,-20,5,14,-20,-20,-20,4,9,6,-20,-20,-20,-20,9,-20,19,9,8,14,12,13,10,11,8,15,25,22,7,6,4,3,10,9,6,9,4,-20,-20,25,18,-20,13,-20,14,22,8,4,17,14,-20,-20,4,6,3,-20,9,-20,7,4,-20,-20,-20,-20,-20,11,12,7,5,8,14,8,9,9,16,7,20,10,23,-20,15,31,20,-20,-20,16,-20,12,15,-20,10,12,12,3,7,3,8,-20,15,15,5,10,14,-20,-20,-20,6,3,24,11,-20,4,6,-20,5,-20,-20,5,17,-20,-20,-20,7,5,15,8,14,15,3,17,-20,9,7,15,-20,8,-20,9,11,8,11,16,-20,-20,-20,19,3,-20,-20,-20,17,11,6,19,5,12,-20,-20,9,14,20,15,19,15,7,3,-20,-20,-20,17,7,30,-20,-20,6,-20,-20,-20,6,5,25,-20,13,5,10,22,-20,-20,17,5,3,-20,-20,-20,-20,9,10,8,-20,6,7,4,-20,4,4,7,16,7,-20,6,-20,5,9,4,-20,-20,-20,-20,13,-20,-20,12,19,-20,-20,4,-20,-20,11,-20,5,-20,-20,8,9,7,-20,-20,-20,-20,5,4,-20,-20,-20,-20,3,5,-20,9,-20,-20,-20,12,4,14,10,11,6,-20,-20,-20,5,11,8,17,-20,11,13,-20,3,-20,8,-20,-20,-20,3,6,-20,-20,-20,-20,-20,-20,13,12,-20,-20,10,7,-20,11,-20,-20,3,9,-20,6,22,-20,3,5,20,-20,-20,13,14,9,-20,6,-20,-20,6,8,4,9,5,16,6,14,-20,7,14,-20,3,18,-20,8,-20,3,8,7,5,7,8,12,9,6,-20,4,-20,9,6,-20,8,-20,-20,10,3,16,-20,4,6,6,13,3,9,6,8,9,4,-20,9,-20,-20,7,14,10,6,16,-20,79,9,-20,38,35,29,30,44,97,38,51,40,-20,62,43,60,48,57
"chr4,4889782",-20,-20,-20,-20,-20,-20,-20,-20,-20,-20,-20,8,35,35,10,20,35,11,87,80,9,-20,70,39,65,41,27,24,35,10,10,18,15,7,74,83,29,28,-20,4,8,-20,-20,13,14,-20,5,-20,10,21,-20,45,60,17,15,-20,55,-20,34,32,29,41,61,25,33,42,39,53,68,22,39,28,16,29,26,69,24,3,9,15,6,23,26,-20,14,52,39,66,45,21,19,31,31,29,32,34,17,56,-20,49,33,34,8,-20,28,47,-20,40,31,-20,12,-20,37,15,2,4,9,-20,-20,2,-20,3,7,-20,22,-20,-20,38,3,10,-20,3,3,6,8,13,18,-20,-20,6,-20,8,9,3,15,-20,5,12,-20,-20,-20,14,-20,-20,3,12,14,19,-20,-20,-20,-20,3,8,-20,7,-20,5,-20,24,73,97,39,38,4,37,6,-20,15,82,-20,5,24,-20,8,-20,12,29,-20,-20,43,35,-20,4,12,19,22,16,11,14,-20,-20,-20,-20,6,6,6,-20,5,-20,-20,7,-20,-20,6,12,-20,-20,-20,-20,9,-20,6,-20,-20,9,20,21,55,-20,15,-20,14,28,-20,-20,-20,-20,-20,-20,-20,-20,-20,-20,-20,43,-20,-20,20,29,-20,5,15,11,35,20,19,15,18,24,6,11,-20,-20,17,11,20,-20,-20,14,-20,-20,-20,34,18,24,68,64,56,80,9,20,16,39,20,35,16,9,15,-20,11,-20,-20,-20,-20,-20,48,-20,-20,-20,-20,-20,9,-20,-20,35,46,-20,44,53,49,57,40,89,-20,-20,12,6,3,38,14,33,17,56,30,-20,5,21,9,52,5,5,13,-20,41,3,17,44,25,34,13,33,9,-20,-20,20,9,6,-20,-20,-20,10,10,-20,-20,9,-20,-20,14,20,-20,-20,13,3,-20,-20,3,8,-20,-20,14,-20,12,66,13,7,14,130,4,6,-20,-20,8,-20,-20,-20,16,25,-20,-20,-20,-20,6,-20,-20,-20,7,9,105,-20,-20,5,-20,28,-20,9,-20,-20,5,7,13,-20,18,5,-20,4,9,7,9,7,5,10,6,-20,12,32,-20,-20,7,10,21,-20,5,35,6,-20,16,-20,-20,-20,10,18,-20,8,7,14,-20,7,17,12,76,27,-20,-20,10,-20,-20,9,-20,-20,14,-20,12,-20,-20,3,-20,7,8,-20,-20,14,7,-20,-20,-20,-20,12,61,45,8,-20,8,-20,-20,-20,3,-20,9,8,-20,9,29,16,23,11,6,-20,-20,-20,10,-20,7,10,57,-20,12,16,3,-20,-20,-20,11,-20,50,47,56,58,10,53,42,-20,-20,35,46,4,8,41,13,-20,-20,28,4,13,27,8,-20,12,-20,-20,-20,-20,10,-20,-20,18,-20,15,3,11,15,-20,4,-20,-20,-20,16,8,42,-20,-20,-20,-20,-20,-20,-20,56,13,23,-20,9,-20,-20,19,3,17,-20,-20,29,-20,29,46,44,49,28,34,11,29,4,4,-20,-20,7,-20,3,-20,9,3,-20,3,16,3,9,8,8,5,-20,16,-20,6,6,6,14,12,9,10,13,14,-20,-20,-20,37,44,24,5,20,27,-20,-20,30,9,51,35,-20,48,-20,41,22,8,24,91,53,4,-20,7,-20,-20,-20,-20,-20,5,15,46,-20,33,38,33,36,31,14,-20,-20,17,13,20,11,39,4,9,-20,20,-20,8,4,-20,20,11,20,7,6,-20,8,5,-20,4,-20,-20,-20,-20,-20,-20,28,7,-20,8,8,4,4,-20,-20,-20,8,7,-20,-20,8,9,9,5,9,-20,4,3,6,9,4,3,11,10,14,-20,9,3,5,16,-20,-20,8,-20,-20,10,9,3,-20,3,-20,-20,-20,3,9,8,-20,16,-20,-20,-20,5,-20,5,14,-20,-20,-20,4,9,6,-20,8,-20,-20,9,-20,19,8,8,14,12,13,10,10,8,15,25,22,7,6,4,3,11,9,6,9,4,11,10,24,17,19,13,13,14,21,8,4,17,14,-20,-20,4,6,3,-20,9,-20,7,4,-20,-20,-20,-20,-20,11,12,7,-20,7,14,8,9,9,16,7,20,10,23,15,15,31,21,-20,-20,16,-20,12,15,9,10,12,12,3,7,3,8,-20,16,15,5,10,14,-20,-20,-20,6,3,24,11,-20,4,6,-20,5,-20,-20,5,17,-20,-20,-20,7,5,15,8,14,15,3,17,-20,9,7,15,-20,8,4,9,10,8,11,16,-20,-20,-20,18,3,-20,-20,9,18,-20,6,19,5,12,-20,-20,9,14,20,15,19,15,7,3,-20,-20,-20,17,7,30,-20,-20,6,-20,-20,-20,6,5,25,-20,13,5,10,22,-20,-20,17,-20,3,-20,-20,-20,-20,9,10,8,-20,6,7,4,-20,4,4,7,16,7,-20,6,-20,5,9,4,-20,-20,-20,9,12,-20,-20,12,19,-20,-20,4,-20,-20,11,-20,5,-20,-20,8,9,-20,4,-20,-20,-20,-20,4,-20,-20,-20,-20,3,5,-20,9,-20,-20,-20,12,4,14,10,10,6,-20,-20,-20,5,11,8,17,-20,11,13,-20,3,-20,8,-20,-20,-20,3,-20,-20,-20,-20,-20,-20,-20,12,12,-20,-20,9,7,-20,11,-20,-20,3,9,-20,6,-20,3,3,5,16,-20,-20,13,13,9,-20,7,-20,-20,8,9,6,8,5,-20,7,18,-20,7,12,-20,4,16,-20,8,-20,4,8,6,5,7,8,11,8,7,-20,4,13,11,-20,-20,9,-20,-20,-20,3,14,-20,4,-20,6,13,-20,9,7,8,8,4,-20,9,6,-20,7,14,10,7,17,-20,77,9,-20,37,35,29,30,47,98,39,51,40,-20,63,43,-20,-20,-20
"chr4,4889784",-20,-20,-20,-20,-20,-20,-20,-20,-20,-20,-20,8,34,37,10,20,35,11,88,80,-20,-20,67,40,66,43,27,24,36,10,10,18,15,-20,72,83,29,29,-20,4,8,-20,-20,12,14,-20,5,-20,9,18,-20,43,60,18,16,-20,53,-20,33,35,29,43,61,25,29,40,41,53,68,21,39,28,16,27,25,65,24,3,9,15,6,23,26,-20,14,49,33,67,41,20,19,31,31,28,33,33,18,57,-20,46,35,34,6,-20,28,47,-20,38,31,-20,11,-20,38,14,2,4,9,-20,-20,2,-20,3,7,-20,21,-20,-20,36,3,10,-20,3,3,6,-20,12,-20,-20,-20,6,-20,8,9,3,-20,-20,5,12,-20,-20,-20,15,-20,-20,3,12,14,19,-20,-20,-20,-20,3,8,-20,7,-20,5,-20,24,70,94,39,37,4,36,-20,-20,14,82,-20,6,25,-20,8,-20,11,31,-20,-20,42,37,-20,4,13,23,22,15,11,14,-20,-20,-20,-20,-20,6,6,-20,5,-20,-20,-20,-20,-20,-20,13,-20,-20,-20,-20,9,-20,-20,-20,-20,10,-20,21,53,-20,15,-20,14,-20,-20,-20,-20,-20,-20,-20,-20,-20,-20,-20,-20,42,-20,-20,19,26,-20,5,14,11,35,20,19,15,18,25,6,12,-20,-20,-20,11,22,-20,-20,13,-20,-20,-20,36,18,24,67,65,54,80,9,19,15,38,19,37,16,10,15,-20,12,-20,-20,-20,-20,-20,46,-20,-20,-20,-20,-20,9,-20,-20,33,47,-20,43,51,51,59,45,92,-20,-20,12,6,-20,35,15,29,16,57,34,-20,4,22,9,53,5,5,12,-20,40,-20,16,43,-20,36,13,33,9,-20,-20,20,-20,6,-20,-20,-20,10,10,-20,2,-20,-20,-20,13,20,-20,-20,13,-20,-20,-20,3,8,-20,-20,13,-20,11,63,12,-20,14,132,4,6,-20,-20,8,-20,-20,-20,17,27,-20,-20,-20,-20,6,-20,-20,-20,7,8,105,-20,-20,5,-20,29,-20,9,-20,-20,5,-20,12,-20,19,-20,-20,-20,9,6,10,6,5,-20,5,-20,11,31,-20,-20,7,-20,21,-20,5,35,9,-20,16,-20,-20,-20,10,18,-20,8,-20,13,-20,7,18,12,77,29,-20,-20,13,-20,-20,9,-20,-20,14,-20,13,-20,-20,-20,-20,7,8,-20,-20,14,7,-20,-20,-20,-20,13,63,45,-20,-20,8,-20,-20,-20,4,-20,9,7,-20,9,28,17,24,11,-20,-20,-20,-20,10,-20,8,10,56,-20,12,16,3,-20,-20,-20,11,-20,51,48,56,56,10,54,43,-20,-20,35,44,4,8,42,14,-20,-20,27,4,13,-20,9,-20,12,-20,-20,-20,-20,10,-20,-20,19,-20,14,3,10,-20,-20,4,-20,-20,14,14,-20,39,-20,-20,-20,-20,-20,-20,3,59,15,-20,10,9,-20,-20,19,3,18,-20,-20,26,-20,27,49,44,48,28,34,-20,28,4,4,-20,-20,-20,-20,3,-20,-20,3,12,3,16,-20,9,-20,-20,-20,-20,16,-20,6,-20,6,14,14,9,10,13,14,-20,-20,-20,39,46,23,-20,19,28,-20,-20,29,-20,50,34,-20,-20,-20,38,24,8,25,79,-20,-20,-20,7,-20,-20,-20,-20,-20,5,15,47,-20,31,40,33,33,32,11,-20,-20,15,-20,20,10,41,-20,7,-20,21,-20,-20,4,-20,-20,10,-20,7,-20,-20,8,5,-20,4,-20,-20,-20,-20,-20,-20,25,7,-20,8,8,-20,4,-20,-20,-20,10,-20,-20,-20,8,11,9,5,9,-20,4,3,6,9,-20,-20,11,-20,14,-20,9,3,5,15,-20,-20,7,-20,-20,9,10,-20,-20,3,-20,-20,-20,3,-20,8,-20,16,-20,-20,-20,5,-20,5,13,-20,-20,-20,4,9,6,-20,8,-20,-20,9,-20,19,8,8,14,12,12,9,10,8,15,24,22,6,6,5,3,11,9,6,9,4,11,10,24,17,18,13,13,14,21,-20,-20,17,14,-20,-20,-20,6,3,-20,9,-20,7,4,-20,-20,-20,-20,-20,11,12,-20,5,7,14,8,9,9,15,7,21,10,23,15,15,31,21,-20,-20,16,-20,12,13,10,10,12,12,3,7,3,-20,-20,-20,15,-20,-20,14,-20,-20,-20,6,3,24,10,-20,4,7,-20,5,-20,-20,5,16,-20,-20,-20,7,5,15,-20,13,15,3,17,-20,9,6,-20,-20,8,-20,-20,10,-20,11,16,-20,-20,-20,20,3,-20,-20,-20,18,10,6,19,5,12,-20,-20,9,15,20,15,18,15,-20,-20,-20,-20,-20,16,8,31,4,-20,6,-20,-20,-20,-20,5,27,-20,14,-20,10,22,-20,-20,17,-20,3,-20,-20,-20,-20,9,10,-20,-20,-20,7,-20,-20,4,4,7,16,7,-20,6,-20,5,9,-20,-20,-20,-20,-20,12,-20,-20,12,18,-20,-20,4,-20,-20,10,-20,5,-20,-20,-20,9,-20,-20,-20,-20,-20,-20,4,-20,-20,-20,-20,3,5,-20,9,-20,-20,-20,12,-20,14,8,10,6,-20,-20,-20,5,12,8,-20,-20,11,12,-20,3,-20,-20,-20,-20,-20,3,6,-20,-20,-20,-20,-20,-20,12,12,-20,-20,9,7,-20,10,-20,-20,-20,9,-20,5,-20,-20,3,-20,21,-20,-20,13,14,9,6,6,-20,-20,7,7,6,-20,5,15,-20,14,-20,8,-20,-20,-20,17,-20,6,-20,3,7,7,-20,7,-20,10,10,6,-20,4,-20,10,-20,-20,7,-20,-20,-20,3,10,-20,-20,5,6,12,-20,-20,-20,9,7,-20,-20,11,6,-20,7,12,9,6,16,-20,75,-20,-20,38,34,28,32,46,98,39,51,40,-20,63,43,-20,-20,-20
"chr4,4889788",-20,-20,-20,-20,-20,-20,-20,-20,-20,-20,-20,8,34,37,11,21,36,11,95,77,10,4,71,39,69,39,27,25,33,11,-20,17,16,7,72,81,29,31,-20,3,8,-20,-20,12,11,-20,5,-20,11,19,-20,42,59,19,18,-20,52,-20,33,35,30,43,60,25,30,38,38,54,70,23,38,26,16,26,25,66,26,3,10,14,6,25,25,-20,14,50,32,71,40,20,20,32,28,28,32,35,16,58,-20,50,36,33,6,-20,29,45,-20,36,32,-20,12,4,40,17,2,4,9,-20,-20,2,-20,3,7,-20,21,-20,-20,40,3,10,7,3,3,7,8,13,18,-20,-20,6,-20,8,9,3,15,-20,5,12,-20,-20,-20,15,-20,-20,3,11,15,19,-20,-20,-20,-20,3,8,-20,7,-20,5,16,24,72,99,43,38,7,40,7,-20,15,89,-20,7,27,-20,8,-20,11,38,-20,-20,44,38,-20,4,13,23,21,15,12,16,3,-20,5,3,6,6,9,3,5,5,-20,7,-20,-20,7,14,4,-20,-20,-20,8,-20,9,-20,-20,10,23,26,50,-20,15,-20,14,27,-20,-20,-20,-20,-20,-20,-20,-20,-20,-20,-20,42,-20,-20,20,-20,-20,6,16,13,36,22,19,15,18,25,7,14,-20,-20,20,12,20,-20,-20,15,-20,-20,3,36,19,25,70,62,53,76,9,20,15,42,19,38,16,10,16,-20,14,-20,-20,-20,-20,-20,45,-20,-20,-20,-20,-20,9,-20,-20,35,46,-20,45,54,51,61,47,93,-20,-20,12,6,3,38,15,30,16,55,30,5,5,22,8,55,6,5,13,-20,41,3,19,43,24,38,13,35,9,-20,-20,21,9,6,-20,-20,-20,10,9,-20,2,9,-20,-20,16,20,12,-20,14,3,-20,-20,-20,8,-20,-20,14,-20,11,67,9,-20,15,131,4,6,-20,-20,8,-20,-20,-20,18,27,-20,26,-20,-20,6,-20,-20,-20,7,8,107,-20,-20,-20,-20,28,-20,9,15,-20,6,7,13,-20,19,5,-20,4,-20,5,10,7,4,9,-20,-20,10,30,-20,-20,7,10,20,10,5,37,8,-20,17,-20,-20,-20,9,17,-20,-20,7,12,-20,7,18,11,84,29,-20,5,12,-20,-20,9,-20,-20,12,-20,14,-20,-20,-20,-20,-20,8,-20,-20,15,8,-20,-20,-20,-20,12,62,45,8,-20,7,-20,-20,-20,3,3,9,7,-20,9,29,22,21,9,-20,-20,10,3,11,-20,7,10,54,-20,14,15,3,-20,-20,-20,9,-20,54,50,55,55,10,55,43,-20,-20,37,44,4,7,51,14,-20,-20,26,4,14,29,9,-20,12,-20,-20,-20,-20,12,-20,-20,17,-20,16,3,7,13,-20,6,-20,-20,17,15,9,37,-20,-20,-20,-20,-20,-20,3,61,15,23,11,11,-20,-20,20,3,18,-20,-20,24,-20,30,53,45,46,28,37,12,28,4,4,-20,5,7,-20,3,-20,9,3,11,3,16,3,9,8,8,5,-20,16,-20,6,6,5,14,14,11,11,13,14,-20,-20,-20,40,52,22,-20,20,28,-20,-20,28,9,52,37,-20,44,-20,39,28,-20,27,87,-20,-20,-20,6,-20,-20,-20,-20,-20,5,16,51,-20,38,42,36,34,35,15,-20,-20,14,15,23,10,40,6,6,5,23,-20,9,3,-20,20,12,20,7,5,-20,8,5,-20,-20,-20,-20,-20,4,-20,4,24,7,-20,8,9,4,4,-20,3,-20,14,7,-20,-20,8,12,9,5,9,-20,4,3,6,8,4,3,11,14,15,-20,9,3,5,13,-20,-20,-20,-20,-20,11,10,3,-20,3,-20,-20,-20,3,9,8,-20,16,-20,-20,-20,5,-20,5,14,-20,-20,-20,5,7,6,-20,8,-20,-20,9,-20,19,8,8,14,12,13,8,10,8,16,26,22,5,6,5,3,11,9,7,9,4,12,10,25,18,17,13,11,14,21,10,-20,17,13,-20,-20,4,6,3,-20,9,-20,7,-20,-20,-20,-20,-20,-20,11,11,7,5,7,13,9,9,8,15,8,21,9,23,13,15,30,20,-20,-20,15,-20,12,13,10,10,11,11,3,7,3,8,-20,17,15,-20,10,13,-20,-20,-20,7,3,24,11,-20,4,7,-20,5,-20,-20,5,17,-20,-20,-20,10,5,13,8,14,15,3,17,-20,9,6,15,-20,8,4,-20,9,8,11,15,-20,3,-20,20,3,-20,-20,9,17,12,6,20,5,12,-20,-20,9,14,20,14,18,16,7,3,-20,-20,-20,17,8,31,4,-20,6,-20,4,-20,6,5,28,-20,14,5,10,23,-20,-20,18,5,3,-20,4,-20,-20,9,10,9,-20,6,7,4,-20,4,4,7,16,8,-20,6,-20,5,9,-20,-20,-20,-20,9,12,-20,-20,12,19,-20,-20,4,-20,-20,11,-20,5,-20,-20,9,9,-20,-20,-20,-20,-20,-20,4,-20,-20,-20,-20,3,5,-20,10,-20,-20,-20,11,4,14,8,9,6,-20,-20,-20,5,12,7,17,-20,11,12,-20,3,-20,10,-20,-20,-20,3,6,-20,4,-20,-20,-20,-20,13,12,-20,-20,9,7,-20,12,-20,-20,-20,9,-20,5,23,3,3,-20,19,-20,-20,14,11,9,-20,5,-20,-20,9,10,7,11,4,14,6,-20,6,8,14,-20,5,-20,-20,8,-20,-20,6,7,5,6,-20,-20,11,7,-20,6,13,11,7,-20,9,-20,-20,10,-20,13,-20,7,6,7,12,-20,-20,5,10,9,-20,3,10,7,2,7,15,7,6,17,-20,73,13,-20,39,34,30,32,47,100,43,49,40,-20,67,53,62,48,60
"chr4,4889792",-20,-20,-20,-20,-20,-20,-20,-20,-20,-20,-20,8,37,40,10,20,37,11,97,76,-20,4,68,37,73,38,25,24,34,11,9,18,16,7,71,78,29,32,-20,3,-20,-20,-20,10,10,-20,5,-20,12,18,-20,38,56,-20,-20,-20,46,-20,30,36,26,45,60,25,30,38,38,57,67,22,35,27,15,27,22,65,25,3,10,14,6,24,26,-20,13,54,33,74,40,20,20,35,29,29,32,37,-20,58,-20,51,30,31,6,-20,30,49,-20,39,35,-20,12,-20,42,-20,2,4,9,-20,-20,-20,-20,4,7,-20,-20,-20,-20,42,-20,10,-20,3,3,8,-20,12,-20,-20,-20,6,-20,8,9,3,15,-20,-20,11,-20,-20,-20,-20,-20,-20,-20,-20,15,18,-20,-20,-20,-20,3,8,-20,5,-20,5,17,23,74,100,-20,38,-20,-20,7,-20,15,86,-20,-20,-20,-20,8,-20,11,30,-20,-20,-20,40,-20,3,14,-20,21,-20,12,16,-20,-20,-20,3,6,7,-20,-20,-20,-20,-20,8,-20,-20,7,-20,-20,-20,-20,-20,8,-20,-20,-20,-20,11,-20,27,-20,-20,15,-20,-20,27,-20,-20,-20,-20,-20,-20,-20,-20,-20,-20,-20,44,-20,-20,20,-20,-20,-20,19,-20,35,-20,18,-20,20,28,-20,14,-20,-20,-20,13,19,-20,-20,16,-20,-20,-20,33,19,25,74,-20,48,66,-20,20,-20,39,18,35,-20,10,15,-20,13,-20,-20,-20,-20,-20,-20,-20,-20,-20,-20,-20,9,-20,-20,33,45,-20,46,57,52,61,46,97,-20,-20,12,6,3,35,15,25,14,57,-20,-20,5,-20,8,52,-20,5,11,-20,42,4,21,48,-20,40,13,34,-20,-20,-20,21,9,6,-20,-20,-20,10,-20,-20,-20,-20,-20,-20,-20,21,12,-20,14,3,-20,4,-20,8,-20,-20,14,-20,10,64,9,-20,14,120,4,6,-20,-20,7,-20,-20,-20,18,-20,-20,-20,-20,-20,6,-20,-20,-20,-20,8,104,-20,-20,-20,-20,-20,-20,8,-20,-20,-20,-20,14,-20,19,5,-20,4,10,5,12,6,4,-20,-20,-20,11,32,-20,-20,-20,8,20,-20,-20,36,10,-20,16,-20,-20,-20,8,17,-20,8,6,12,-20,7,18,12,84,-20,-20,5,11,-20,-20,9,-20,-20,13,-20,13,-20,-20,-20,-20,9,-20,-20,-20,15,11,-20,-20,-20,-20,12,58,43,8,-20,7,-20,-20,-20,4,-20,9,7,-20,10,28,-20,19,12,-20,-20,-20,-20,12,-20,7,10,54,-20,14,15,-20,-20,-20,-20,9,-20,-20,-20,58,54,10,55,41,-20,-20,37,39,4,-20,-20,13,-20,-20,25,4,12,-20,8,-20,-20,-20,-20,-20,-20,12,-20,-20,17,-20,-20,3,6,12,-20,6,-20,-20,17,13,9,39,-20,-20,-20,-20,-20,-20,3,-20,16,-20,11,10,-20,-20,-20,3,-20,-20,-20,24,-20,32,53,43,44,26,38,12,31,4,-20,-20,5,7,-20,-20,7,9,3,13,-20,16,3,8,8,8,5,-20,16,-20,6,-20,6,12,15,11,11,-20,14,-20,-20,-20,-20,-20,20,-20,20,-20,-20,-20,-20,9,48,-20,-20,46,-20,44,30,-20,-20,-20,-20,-20,-20,-20,-20,-20,-20,-20,-20,5,16,47,-20,-20,38,-20,35,-20,-20,-20,-20,-20,-20,-20,11,-20,-20,6,-20,22,-20,9,3,-20,22,12,19,7,5,-20,8,5,-20,-20,-20,-20,-20,-20,-20,4,23,7,-20,11,-20,4,5,-20,3,-20,15,7,-20,4,8,13,9,5,9,-20,-20,3,7,8,4,3,11,14,15,-20,9,3,-20,13,-20,-20,6,-20,-20,11,10,3,-20,3,-20,-20,-20,3,9,-20,-20,14,-20,-20,-20,-20,-20,5,14,-20,-20,-20,5,9,6,-20,8,-20,-20,8,3,20,8,8,14,13,14,7,10,8,15,26,22,-20,6,5,3,12,9,7,9,4,12,9,24,18,17,13,12,14,20,10,-20,17,14,-20,-20,4,6,3,-20,-20,-20,7,-20,-20,-20,-20,-20,-20,11,9,6,6,7,13,-20,9,8,14,8,22,9,24,10,15,30,21,-20,-20,17,-20,12,14,10,10,11,11,3,7,3,10,-20,16,14,-20,10,13,-20,-20,-20,7,3,22,10,-20,4,7,-20,5,-20,-20,5,17,-20,-20,-20,10,5,13,8,14,15,4,17,-20,10,-20,16,-20,8,4,10,8,9,11,15,-20,3,-20,19,3,-20,-20,9,16,12,6,18,5,10,-20,-20,-20,-20,20,11,17,16,7,3,-20,-20,-20,17,9,33,4,-20,6,-20,4,-20,-20,6,28,-20,16,5,11,22,-20,-20,17,4,-20,-20,-20,-20,-20,9,10,10,-20,6,7,4,-20,-20,4,7,13,8,-20,6,-20,5,9,-20,-20,-20,-20,11,10,-20,-20,11,20,-20,-20,-20,-20,-20,12,-20,6,-20,-20,8,-20,-20,3,-20,-20,-20,7,4,-20,-20,-20,-20,4,5,-20,10,-20,-20,-20,12,4,14,8,-20,6,-20,-20,-20,5,12,8,17,-20,10,11,-20,3,-20,8,-20,-20,-20,3,6,-20,4,-20,-20,-20,-20,13,12,-20,-20,9,7,-20,12,-20,-20,-20,9,-20,6,22,3,3,4,19,-20,-20,13,-20,-20,6,4,-20,-20,-20,10,-20,-20,3,14,-20,-20,-20,7,13,-20,4,-20,-20,-20,-20,-20,5,6,5,6,6,-20,-20,-20,-20,6,14,-20,5,-20,7,-20,-20,8,3,15,-20,-20,6,7,14,-20,-20,-20,-20,-20,-20,3,9,-20,-20,-20,10,-20,-20,-20,-20,64,-20,-20,38,32,27,33,48,103,40,49,56,-20,69,53,62,48,57
"chr4,4889800",-20,-20,-20,-20,-20,-20,-20,-20,-20,-20,-20,9,38,48,12,23,42,11,102,81,12,4,67,42,78,45,28,28,34,11,9,18,21,9,68,79,31,37,-20,4,8,-20,-20,11,8,-20,5,14,12,17,-20,43,61,22,20,-20,55,-20,32,41,31,50,58,30,35,40,39,66,75,22,37,31,15,37,23,65,25,6,12,15,8,23,27,-20,15,58,38,73,40,23,21,36,38,36,36,40,22,63,-20,59,34,30,9,-20,30,49,-20,41,39,-20,11,4,43,20,6,6,11,-20,-20,-20,-20,5,10,-20,22,-20,-20,47,-20,12,9,3,4,8,10,14,19,-20,-20,11,-20,9,12,5,14,-20,8,17,-20,-20,-20,18,-20,7,-20,11,12,19,-20,-20,-20,-20,3,10,-20,8,-20,7,22,25,78,93,45,36,8,46,9,-20,14,87,-20,8,30,-20,8,-20,13,34,5,5,43,42,-20,3,14,25,18,16,12,19,-20,-20,7,4,-20,7,9,8,8,9,-20,9,-20,19,7,20,8,-20,-20,-20,7,-20,10,-20,-20,10,27,34,56,-20,21,-20,-20,24,-20,8,-20,-20,-20,7,-20,8,-20,-20,-20,49,-20,-20,18,30,-20,-20,19,12,36,19,20,18,20,29,8,18,-20,-20,20,17,23,-20,-20,19,9,-20,5,32,20,25,80,74,52,65,14,21,15,42,19,33,14,9,15,-20,9,-20,-20,-20,-20,-20,46,-20,-20,-20,-20,-20,10,-20,-20,32,48,-20,42,58,55,66,45,101,-20,-20,8,6,4,39,13,26,15,56,26,5,6,21,7,56,4,4,12,-20,47,4,19,47,26,46,13,35,11,-20,-20,21,7,7,-20,-20,-20,9,12,-20,2,10,-20,-20,21,23,12,-20,14,4,-20,2,-20,8,-20,-20,16,-20,11,73,10,7,16,132,4,7,-20,-20,8,3,8,-20,20,-20,3,28,-20,-20,7,-20,-20,-20,6,9,113,-20,-20,4,-20,25,-20,7,15,-20,8,6,15,-20,20,6,-20,6,10,6,11,7,3,8,-20,-20,12,29,-20,-20,-20,13,20,10,-20,36,12,-20,15,-20,-20,-20,9,20,-20,9,7,12,8,10,15,14,94,29,-20,6,13,-20,-20,10,-20,-20,14,16,14,-20,-20,-20,-20,12,8,-20,-20,13,12,-20,-20,-20,-20,10,69,45,5,-20,8,3,-20,-20,5,4,9,7,-20,10,21,21,19,11,7,-20,8,5,13,-20,7,12,55,-20,17,16,-20,-20,-20,-20,9,-20,52,59,63,63,11,56,47,4,-20,43,40,3,12,54,11,-20,-20,25,7,15,29,8,-20,11,-20,-20,3,9,12,-20,-20,19,-20,17,-20,5,11,-20,8,-20,-20,16,17,9,42,-20,-20,4,-20,-20,-20,3,60,16,26,13,10,-20,-20,22,-20,17,-20,8,29,4,34,59,52,48,32,43,15,39,8,10,-20,4,7,-20,4,12,9,3,15,-20,17,3,6,7,6,5,-20,13,-20,7,8,6,24,14,13,14,17,20,-20,-20,-20,37,53,24,8,25,33,13,-20,33,11,53,32,6,46,-20,44,36,7,29,98,58,-20,-20,-20,-20,-20,-20,-20,-20,5,20,50,3,32,41,37,33,39,-20,-20,11,-20,17,23,13,40,8,-20,7,30,-20,9,3,-20,28,10,15,8,6,-20,10,5,-20,-20,-20,-20,-20,5,-20,4,31,9,-20,16,12,4,5,-20,6,-20,14,8,-20,-20,8,-20,12,3,10,-20,10,4,10,8,5,-20,11,-20,21,-20,10,4,9,12,-20,-20,8,-20,4,10,11,3,-20,-20,-20,-20,-20,3,9,7,-20,14,3,-20,-20,-20,-20,5,19,-20,-20,-20,5,11,6,-20,11,-20,-20,13,3,21,11,9,16,13,16,8,10,8,20,33,24,8,8,8,3,14,8,10,11,8,12,11,28,17,21,16,14,22,19,14,5,17,18,3,-20,4,6,-20,-20,10,-20,7,-20,-20,-20,-20,-20,4,13,9,5,9,9,16,11,14,15,19,8,17,13,26,17,15,39,32,-20,-20,22,-20,13,17,10,14,15,15,8,7,-20,13,-20,18,18,-20,11,21,-20,-20,-20,7,4,26,12,-20,8,6,5,5,-20,-20,6,17,2,-20,-20,11,8,19,11,21,14,5,18,-20,10,5,15,-20,9,5,15,9,13,16,21,-20,6,-20,19,3,-20,-20,12,19,16,7,27,-20,16,-20,-20,13,20,24,18,24,16,9,3,-20,-20,-20,22,10,44,4,-20,6,-20,4,5,9,7,34,-20,16,7,12,24,-20,-20,23,7,-20,-20,4,-20,-20,8,13,10,-20,7,4,9,3,6,5,5,15,8,-20,7,-20,-20,-20,-20,-20,-20,-20,15,9,-20,-20,15,20,-20,6,4,-20,-20,-20,-20,6,-20,-20,9,11,6,-20,-20,-20,-20,5,4,-20,4,-20,-20,5,7,-20,12,-20,-20,-20,12,-20,18,6,10,8,-20,-20,-20,7,14,9,16,-20,14,12,-20,3,-20,9,-20,-20,-20,4,5,-20,3,-20,-20,-20,-20,17,14,-20,-20,7,8,-20,14,-20,-20,-20,9,-20,7,20,5,5,-20,19,-20,-20,13,-20,10,5,-20,-20,-20,8,10,7,8,-20,13,5,17,6,8,6,-20,5,22,-20,5,-20,-20,5,4,5,4,4,11,9,11,-20,5,10,3,3,-20,-20,-20,-20,4,-20,16,3,9,5,8,11,6,11,7,12,10,-20,5,7,15,3,-20,10,10,4,14,-20,52,14,-20,33,30,26,33,49,107,49,48,-20,-20,75,57,60,47,59
"chr4,4889804",-20,-20,-20,-20,-20,-20,-20,-20,-20,-20,-20,9,39,51,14,25,41,12,107,80,-20,4,68,44,79,46,29,29,34,-20,9,18,-20,-20,71,75,34,35,-20,4,8,6,-20,9,7,-20,6,-20,13,16,-20,-20,-20,24,22,-20,55,9,34,44,32,52,59,27,35,43,39,72,75,23,36,33,14,38,23,67,23,5,-20,15,8,25,28,-20,-20,58,37,77,48,23,23,38,40,35,39,42,22,62,3,60,33,31,-20,-20,31,52,-20,44,38,-20,10,-20,41,-20,6,6,-20,-20,-20,-20,-20,-20,10,-20,-20,-20,-20,49,-20,11,-20,3,-20,7,-20,-20,-20,-20,-20,11,-20,9,-20,5,-20,-20,8,-20,-20,-20,-20,19,-20,-20,-20,11,-20,23,-20,-20,-20,-20,-20,10,2,8,-20,7,-20,-20,76,93,51,-20,-20,-20,9,-20,14,83,-20,-20,28,-20,10,-20,-20,-20,8,-20,41,42,-20,-20,-20,-20,16,-20,12,21,-20,-20,-20,-20,-20,-20,9,-20,7,-20,-20,9,-20,-20,7,20,-20,-20,-20,4,-20,-20,-20,-20,-20,-20,-20,-20,53,-20,-20,-20,-20,-20,-20,-20,-20,3,-20,-20,3,-20,-20,-20,6,-20,-20,-20,16,29,-20,-20,20,11,38,20,-20,-20,21,-20,7,19,4,-20,-20,18,24,-20,-20,19,-20,-20,-20,33,21,26,83,89,49,68,13,-20,-20,-20,-20,-20,-20,-20,-20,-20,-20,-20,-20,-20,-20,-20,45,-20,-20,-20,-20,-20,10,-20,-20,34,47,-20,41,57,55,72,48,84,-20,-20,-20,5,-20,-20,13,28,15,-20,25,-20,6,22,5,-20,4,3,11,-20,50,-20,19,45,-20,-20,13,37,-20,-20,-20,19,7,-20,-20,-20,-20,9,-20,-20,-20,-20,-20,-20,22,-20,-20,-20,-20,-20,-20,-20,-20,-20,-20,-20,-20,-20,-20,68,10,7,-20,135,-20,-20,-20,-20,8,-20,-20,-20,21,-20,-20,-20,-20,-20,-20,-20,-20,-20,6,9,-20,-20,-20,4,-20,-20,3,-20,-20,-20,8,-20,15,-20,-20,-20,-20,-20,9,8,11,-20,4,-20,-20,-20,-20,31,-20,-20,-20,-20,19,-20,12,38,-20,-20,16,-20,-20,-20,10,18,-20,9,-20,-20,-20,10,-20,-20,90,30,-20,-20,14,-20,-20,-20,-20,-20,14,-20,13,-20,-20,-20,-20,13,-20,-20,-20,-20,12,-20,-20,-20,-20,10,69,43,5,-20,8,-20,-20,-20,-20,-20,8,6,-20,-20,13,-20,20,11,7,-20,-20,-20,13,-20,7,10,55,-20,16,18,-20,-20,-20,-20,8,-20,52,61,60,58,10,57,46,-20,-20,44,40,3,12,53,-20,-20,-20,-20,8,15,30,-20,-20,-20,-20,-20,-20,-20,13,-20,-20,18,-20,-20,-20,5,11,-20,9,2,-20,15,-20,-20,38,-20,-20,-20,-20,-20,-20,2,60,-20,-20,11,10,-20,-20,25,-20,-20,-20,-20,27,-20,-20,61,48,50,31,43,-20,43,-20,-20,-20,-20,7,-20,-20,11,-20,3,-20,-20,-20,-20,6,7,6,5,-20,9,-20,-20,-20,-20,23,12,13,13,17,19,-20,-20,-20,-20,-20,-20,-20,-20,34,12,-20,-20,-20,52,32,-20,41,-20,-20,-20,-20,27,-20,55,-20,-20,-20,7,-20,-20,-20,-20,5,20,51,3,28,40,-20,33,40,-20,-20,-20,-20,-20,22,16,38,-20,-20,-20,28,-20,-20,3,-20,-20,-20,-20,-20,-20,-20,10,-20,-20,-20,-20,-20,-20,-20,-20,4,30,9,-20,15,10,4,5,-20,-20,-20,14,8,-20,-20,7,-20,11,3,10,-20,-20,4,10,8,-20,2,-20,-20,22,-20,-20,-20,9,10,-20,-20,-20,6,4,-20,10,3,-20,-20,2,-20,-20,3,-20,6,-20,13,-20,-20,-20,-20,-20,5,-20,-20,-20,-20,5,-20,6,-20,10,-20,-20,-20,3,-20,10,8,16,13,-20,8,-20,8,21,28,-20,8,-20,8,3,13,-20,-20,-20,7,-20,11,24,-20,20,-20,-20,22,-20,-20,4,-20,18,-20,-20,4,6,-20,-20,-20,-20,9,-20,-20,-20,-20,-20,-20,-20,8,-20,9,9,-20,10,14,13,19,6,13,12,22,17,15,38,31,-20,-20,20,-20,-20,-20,11,13,-20,15,8,6,-20,-20,-20,-20,18,-20,-20,20,-20,-20,-20,5,-20,24,11,-20,9,-20,-20,5,-20,-20,-20,16,-20,-20,-20,-20,7,17,10,20,14,5,-20,-20,-20,5,-20,-20,8,-20,-20,9,-20,15,21,-20,-20,-20,19,3,-20,-20,12,17,15,-20,25,-20,16,-20,-20,-20,20,-20,-20,21,14,-20,-20,-20,-20,-20,-20,9,-20,-20,-20,-20,-20,3,-20,-20,-20,-20,-20,-20,-20,10,-20,-20,3,-20,-20,3,-20,-20,-20,-20,7,13,-20,-20,-20,-20,-20,-20,-20,5,5,15,8,-20,7,-20,-20,-20,-20,-20,-20,-20,-20,-20,-20,-20,14,-20,-20,-20,4,-20,-20,-20,-20,5,-20,-20,-20,-20,4,-20,-20,-20,-20,5,4,-20,-20,-20,-20,5,7,-20,-20,-20,-20,-20,11,-20,-20,6,-20,6,-20,-20,-20,6,13,-20,-20,-20,13,12,-20,3,-20,-20,-20,-20,-20,-20,4,-20,-20,-20,-20,-20,-20,16,14,-20,-20,8,7,-20,-20,-20,-20,-20,8,-20,7,-20,-20,-20,5,-20,-20,-20,-20,-20,11,4,-20,-20,-20,-20,9,6,9,-20,-20,-20,15,-20,-20,-20,-20,-20,-20,-20,-20,-20,-20,-20,-20,5,-20,4,-20,9,-20,-20,5,-20,-20,4,-20,-20,-20,-20,-20,-20,-20,3,6,5,8,-20,-20,-20,-20,13,9,3,-20,-20,18,-20,-20,-20,6,-20,13,-20,49,-20,-20,-20,-20,-20,-20,-20,-20,51,-20,-20,-20,76,-20,-20,-20,-20
"chr4,4889810",-20,-20,-20,-20,-20,-20,-20,-20,-20,-20,-20,9,41,52,15,26,46,15,111,81,19,4,72,48,86,49,28,34,35,11,8,19,19,6,83,77,33,39,-20,4,10,8,-20,10,7,-20,7,25,13,16,-20,46,65,23,22,-20,58,13,37,47,34,57,59,28,39,43,45,72,80,24,32,32,14,39,23,71,26,5,12,15,8,26,30,-20,13,63,37,80,54,24,25,40,45,38,42,39,16,66,3,66,35,34,7,-20,38,53,-20,45,47,-20,11,4,50,20,6,6,18,-20,-20,-20,-20,-20,12,-20,23,-20,-20,56,4,11,11,2,4,7,8,10,14,-20,-20,10,-20,9,6,5,14,-20,6,19,-20,-20,-20,22,-20,8,12,10,16,26,-20,-20,-20,-20,3,9,-20,8,-20,6,21,20,79,93,52,34,6,50,9,-20,15,77,-20,8,30,-20,14,-20,12,38,12,7,38,43,-20,4,15,25,18,13,14,20,3,8,8,7,-20,6,6,11,7,17,-20,9,3,20,7,27,10,-20,6,5,9,-20,10,4,-20,12,34,38,56,6,24,4,15,35,-20,10,-20,6,6,8,4,11,-20,-20,8,50,-20,-20,17,36,4,10,21,15,34,20,19,22,27,30,11,33,5,-20,21,18,24,-20,5,27,13,6,6,33,22,28,84,91,56,77,14,17,11,43,21,32,15,11,17,-20,12,-20,-20,-20,-20,9,57,-20,-20,-20,-20,-20,9,-20,-20,36,53,-20,40,64,59,76,50,97,5,-20,7,4,9,41,14,28,18,56,29,4,8,23,4,57,4,4,10,-20,52,7,19,48,33,50,13,42,10,-20,4,17,7,-20,-20,-20,-20,10,14,-20,3,14,3,-20,20,26,12,-20,13,4,-20,4,5,10,-20,-20,17,-20,12,76,9,7,14,143,6,7,3,-20,-20,4,14,3,22,25,5,23,-20,-20,11,-20,-20,-20,6,9,114,-20,-20,4,-20,13,3,9,14,-20,8,6,22,-20,19,8,-20,5,9,9,10,6,5,9,3,-20,12,30,-20,-20,-20,10,17,13,19,41,13,-20,17,-20,-20,-20,9,19,-20,10,10,13,8,10,19,11,94,34,3,9,16,-20,-20,8,-20,-20,16,17,12,-20,6,-20,4,13,7,-20,-20,10,13,-20,-20,-20,-20,10,70,50,3,6,7,3,-20,-20,7,-20,7,7,-20,10,12,21,22,13,5,-20,8,5,13,-20,8,10,59,-20,17,17,3,-20,-20,-20,8,-20,50,62,60,62,8,61,56,-20,-20,44,41,3,12,52,10,-20,9,22,8,15,33,8,-20,12,7,-20,4,9,14,-20,-20,20,-20,17,-20,3,11,-20,10,-20,-20,17,16,9,43,-20,-20,-20,-20,-20,-20,-20,65,15,27,12,11,-20,-20,27,-20,20,-20,9,28,8,36,64,45,52,30,44,19,47,6,11,-20,-20,5,-20,4,10,8,3,14,-20,12,3,4,6,5,5,-20,5,-20,4,8,3,23,12,13,12,16,18,3,-20,-20,42,55,27,-20,32,36,14,-20,36,12,50,29,11,42,-20,46,37,6,30,114,66,-20,-20,-20,12,22,-20,5,-20,5,26,50,3,35,41,43,35,43,9,-20,15,7,20,25,19,43,8,-20,7,29,-20,10,-20,-20,29,11,14,8,6,-20,11,6,3,-20,-20,-20,-20,5,-20,4,30,8,-20,15,11,4,-20,-20,5,-20,17,7,-20,-20,5,9,13,-20,9,-20,10,-20,11,9,7,2,9,12,20,-20,8,4,10,7,-20,-20,5,6,-20,9,10,3,-20,9,2,-20,-20,3,9,6,-20,11,5,-20,-20,9,-20,5,18,-20,-20,-20,5,-20,6,-20,10,-20,-20,12,3,19,10,7,13,15,15,8,10,7,19,29,21,7,4,8,3,15,7,9,9,7,11,12,26,17,19,14,13,24,16,12,3,15,18,3,-20,4,6,-20,-20,8,3,10,-20,-20,-20,-20,-20,6,12,5,6,10,7,12,9,13,12,20,6,11,12,19,20,12,37,34,-20,-20,22,-20,8,12,13,12,13,16,8,6,-20,11,-20,16,20,-20,7,19,-20,-20,-20,3,4,23,8,-20,9,3,-20,5,-20,-20,5,14,-20,-20,-20,10,8,15,13,20,13,5,9,-20,7,7,12,-20,8,4,12,9,12,11,19,-20,6,-20,18,-20,5,-20,16,15,16,7,25,-20,17,-20,6,10,17,20,20,24,14,7,-20,-20,-20,-20,20,9,41,4,-20,4,-20,3,4,8,6,28,-20,16,7,9,23,-20,3,28,6,3,-20,4,-20,-20,7,14,9,-20,8,-20,7,3,6,7,6,14,8,-20,6,-20,-20,11,-20,-20,-20,-20,15,8,2,-20,14,17,-20,8,3,-20,-20,11,-20,5,-20,-20,8,12,-20,-20,-20,-20,-20,6,4,-20,-20,-20,-20,5,7,-20,8,-20,-20,-20,9,7,18,5,8,6,-20,-20,-20,-20,12,7,12,-20,15,11,-20,4,-20,13,-20,-20,-20,4,4,-20,3,-20,-20,-20,-20,15,9,-20,-20,8,7,-20,15,-20,-20,2,8,-20,7,21,3,5,4,14,-20,-20,13,10,10,4,-20,-20,-20,8,4,5,13,-20,10,4,22,8,7,6,-20,8,23,-20,7,-20,-20,3,-20,5,-20,4,6,11,13,-20,4,10,-20,6,-20,4,-20,-20,-20,-20,16,4,7,4,7,13,9,7,8,12,9,3,3,3,20,2,-20,11,5,-20,15,-20,28,17,-20,33,27,23,34,43,111,54,58,-20,-20,77,51,60,48,64
"chr4,4889815",-20,-20,-20,-20,-20,-20,-20,-20,-20,-20,-20,9,47,54,18,26,45,18,109,80,23,-20,79,48,91,49,29,35,35,-20,9,19,-20,-20,89,82,35,42,-20,5,12,13,-20,12,8,-20,8,30,13,16,-20,45,70,-20,-20,-20,55,14,38,47,36,55,62,30,42,44,44,71,82,22,35,32,16,39,26,76,27,5,12,14,9,29,30,-20,16,64,36,82,55,25,27,38,44,42,40,43,19,69,4,62,40,37,-20,-20,40,56,-20,42,52,-20,14,4,54,16,6,6,19,-20,-20,-20,-20,4,12,-20,17,-20,-20,62,5,12,12,-20,4,8,10,12,17,-20,-20,10,-20,9,6,5,11,-20,6,19,-20,-20,-20,24,-20,9,16,11,15,-20,-20,-20,-20,-20,3,10,-20,-20,-20,6,21,21,-20,-20,-20,-20,7,50,9,-20,15,78,-20,11,-20,-20,17,-20,15,42,12,-20,38,42,-20,8,16,25,18,13,14,20,4,9,9,-20,-20,9,6,14,11,21,-20,6,3,20,-20,30,10,-20,8,6,7,-20,12,5,-20,11,32,40,59,9,-20,5,17,34,-20,12,-20,6,6,10,6,11,-20,-20,8,43,4,-20,15,41,6,11,22,-20,-20,22,21,26,24,33,-20,33,9,-20,25,20,-20,-20,5,27,14,6,9,34,-20,-20,-20,-20,-20,-20,-20,18,11,41,21,33,17,13,17,-20,15,-20,-20,-20,7,9,60,-20,-20,-20,-20,-20,11,-20,-20,41,54,-20,48,67,63,75,54,-20,5,-20,-20,4,-20,38,14,26,21,54,-20,4,-20,-20,4,62,4,4,10,-20,50,7,17,51,36,-20,13,42,11,-20,-20,18,6,-20,-20,-20,-20,11,14,-20,-20,-20,3,-20,23,28,14,-20,13,3,-20,4,6,12,-20,-20,-20,5,12,78,9,7,11,146,6,7,4,-20,9,4,15,4,-20,23,7,22,-20,-20,12,-20,-20,-20,7,10,-20,-20,-20,7,-20,13,4,9,14,-20,8,5,25,-20,20,10,-20,5,10,9,10,6,7,10,4,-20,12,31,-20,-20,-20,10,19,14,24,36,-20,-20,-20,-20,-20,-20,8,18,-20,12,11,-20,8,10,18,10,95,33,3,10,16,-20,-20,10,-20,-20,17,21,12,-20,6,-20,5,-20,7,-20,-20,-20,13,-20,-20,-20,-20,11,72,53,3,9,9,3,-20,-20,8,4,8,7,-20,10,-20,22,25,15,8,3,10,5,15,-20,7,10,61,-20,18,18,-20,-20,-20,-20,8,-20,51,57,63,63,8,58,57,-20,-20,50,46,3,11,53,10,-20,8,19,8,16,35,8,-20,15,7,-20,4,9,16,-20,-20,-20,-20,-20,-20,3,12,-20,11,-20,-20,19,15,11,42,-20,-20,-20,-20,-20,6,-20,-20,15,29,14,10,-20,-20,28,-20,20,-20,10,29,9,36,65,50,55,33,45,-20,-20,9,12,-20,-20,5,-20,5,12,-20,-20,-20,-20,11,-20,4,6,5,-20,-20,5,-20,7,9,-20,23,13,13,13,17,17,4,-20,-20,41,54,28,-20,-20,-20,20,-20,41,-20,-20,-20,15,47,-20,53,40,8,36,111,72,-20,-20,3,14,26,-20,5,-20,5,26,45,-20,31,42,44,30,49,9,-20,16,5,24,27,-20,45,14,-20,-20,30,-20,10,-20,-20,29,11,15,9,5,-20,11,6,3,-20,-20,-20,-20,5,-20,4,31,8,-20,16,12,-20,-20,-20,6,-20,15,7,-20,-20,5,11,-20,-20,9,-20,10,-20,11,9,-20,3,9,11,21,-20,8,4,10,-20,-20,-20,5,9,5,10,9,3,-20,-20,2,-20,-20,3,9,6,3,11,5,-20,-20,8,-20,-20,18,-20,-20,-20,5,9,6,-20,11,-20,-20,12,4,19,10,7,13,15,-20,10,11,7,18,-20,-20,7,-20,9,4,14,-20,-20,-20,8,-20,15,26,-20,21,-20,-20,26,-20,-20,4,-20,18,3,-20,6,6,-20,-20,8,3,-20,-20,-20,-20,3,-20,8,-20,6,-20,-20,-20,-20,10,-20,13,-20,7,12,13,18,-20,13,-20,-20,-20,-20,21,-20,-20,12,13,11,-20,17,8,-20,-20,11,-20,-20,21,-20,7,21,-20,-20,-20,-20,4,27,-20,-20,-20,3,-20,5,-20,-20,-20,14,-20,-20,-20,-20,8,17,16,19,13,5,10,-20,-20,8,13,-20,8,5,12,9,12,11,20,-20,6,-20,17,4,6,-20,22,14,16,-20,26,-20,23,-20,6,10,17,20,21,25,14,8,4,-20,-20,-20,-20,10,41,4,-20,4,-20,3,4,8,-20,-20,-20,18,-20,8,24,-20,3,27,6,3,-20,5,-20,-20,7,13,-20,-20,9,-20,8,3,7,8,6,14,-20,-20,6,-20,-20,11,-20,-20,-20,-20,16,8,4,-20,14,18,-20,9,-20,-20,-20,-20,-20,5,-20,-20,8,11,-20,5,-20,-20,-20,6,4,-20,-20,-20,-20,-20,7,-20,8,-20,-20,-20,-20,7,18,5,8,-20,-20,-20,-20,-20,13,7,12,-20,16,10,-20,5,-20,12,-20,-20,-20,4,4,-20,-20,-20,-20,-20,-20,17,8,-20,-20,8,9,-20,15,-20,-20,2,8,-20,7,-20,-20,5,5,10,-20,-20,14,8,9,5,-20,-20,-20,7,6,6,12,-20,6,3,-20,9,4,5,-20,13,20,-20,11,-20,-20,-20,-20,5,-20,-20,-20,12,-20,-20,5,10,5,-20,-20,-20,-20,-20,4,-20,12,6,8,4,6,8,8,7,7,-20,11,3,4,4,-20,2,-20,11,6,-20,15,-20,24,18,-20,31,23,22,34,38,-20,54,-20,33,-20,78,-20,64,46,68
"chr4,4889816",-20,-20,-20,-20,-20,-20,-20,-20,-20,-20,-20,9,-20,-20,-20,-20,-20,-20,-20,-20,-20,5,-20,46,-20,45,-20,-20,35,12,9,19,20,7,-20,-20,-20,-20,-20,-20,-20,13,-20,12,-20,-20,-20,-20,-20,-20,-20,45,71,22,25,-20,53,14,-20,-20,-20,-20,-20,-20,-20,-20,-20,-20,-20,-20,-20,-20,-20,-20,-20,-20,-20,5,12,14,-20,-20,27,-20,-20,-20,-20,-20,-20,-20,-20,-20,-20,-20,-20,-20,19,-20,4,-20,-20,-20,8,-20,-20,-20,-20,-20,-20,-20,-20,4,-20,17,-20,-20,-20,-20,-20,-20,-20,-20,-20,-20,18,-20,-20,-20,-20,-20,13,3,-20,-20,-20,11,17,-20,-20,10,-20,9,6,5,11,-20,-20,-20,-20,-20,-20,24,-20,9,-20,12,15,30,-20,-20,-20,-20,3,10,-20,9,-20,6,22,21,79,88,48,-20,7,49,9,-20,15,78,-20,-20,31,-20,-20,-20,-20,42,12,-20,-20,44,-20,-20,16,25,18,13,14,20,4,-20,-20,8,-20,8,-20,-20,11,21,-20,-20,3,20,6,31,10,-20,-20,6,7,-20,12,-20,-20,-20,32,-20,57,-20,26,-20,-20,34,-20,12,-20,-20,6,10,6,-20,-20,-20,8,43,-20,-20,14,-20,-20,10,22,16,32,23,21,26,25,33,15,33,-20,-20,25,-20,25,-20,5,-20,14,-20,9,36,-20,25,83,105,52,76,15,18,12,41,21,33,16,13,-20,-20,15,-20,-20,-20,-20,-20,58,2,-20,-20,-20,-20,11,-20,-20,-20,-20,-20,-20,-20,-20,-20,-20,89,5,-20,7,-20,11,35,15,-20,20,52,33,-20,8,23,4,-20,4,-20,-20,-20,46,7,18,52,-20,47,12,-20,-20,-20,-20,18,6,-20,-20,4,-20,10,-20,-20,2,14,3,-20,25,28,14,-20,13,-20,-20,4,-20,12,-20,-20,17,-20,-20,-20,9,7,12,144,-20,7,4,-20,-20,4,15,4,24,22,-20,22,-20,-20,12,-20,-20,-20,7,10,-20,-20,-20,-20,-20,12,4,9,14,-20,8,5,25,-20,-20,-20,-20,5,-20,9,-20,6,7,10,-20,-20,10,30,-20,-20,-20,-20,18,13,23,39,13,-20,16,-20,-20,-20,-20,17,-20,12,-20,11,8,-20,-20,10,93,32,3,-20,-20,-20,-20,10,-20,-20,-20,22,12,-20,6,-20,5,13,6,-20,-20,8,13,-20,-20,-20,-20,11,-20,-20,-20,-20,-20,-20,-20,-20,-20,4,8,7,-20,-20,-20,23,-20,15,8,-20,11,5,15,-20,7,-20,-20,-20,19,-20,-20,-20,-20,-20,-20,-20,50,57,-20,-20,8,-20,-20,-20,-20,-20,-20,3,11,52,-20,-20,-20,22,9,-20,35,8,-20,15,7,-20,4,9,16,-20,-20,23,-20,14,-20,-20,-20,-20,11,-20,-20,18,15,10,38,-20,-20,-20,-20,-20,6,-20,70,14,29,14,10,-20,-20,27,-20,20,-20,10,29,-20,-20,-20,-20,-20,-20,44,21,47,9,12,-20,-20,5,-20,-20,13,8,4,11,-20,11,5,4,6,5,6,-20,5,-20,7,-20,4,22,13,12,14,17,17,-20,-20,-20,42,53,28,-20,-20,35,20,-20,42,-20,-20,38,-20,-20,-20,-20,39,8,35,112,71,-20,-20,-20,14,-20,-20,-20,-20,5,25,45,-20,30,41,44,31,49,-20,-20,16,5,24,25,22,45,-20,-20,10,30,-20,10,-20,-20,-20,11,15,9,5,-20,11,-20,3,-20,-20,3,-20,5,-20,4,30,8,3,16,12,5,-20,-20,6,-20,16,-20,-20,-20,5,11,15,-20,9,-20,10,-20,11,9,-20,-20,-20,11,21,-20,8,-20,10,-20,-20,-20,-20,9,5,10,9,3,-20,-20,2,-20,-20,3,9,6,3,11,5,-20,-20,8,-20,-20,18,-20,-20,-20,5,9,6,-20,10,-20,-20,12,4,19,10,7,13,15,17,10,11,6,17,29,24,7,-20,9,4,15,7,9,9,8,11,15,27,17,21,12,13,26,16,12,4,15,18,3,-20,6,6,-20,-20,8,3,11,-20,-20,-20,3,-20,8,12,6,8,-20,6,13,10,15,13,20,7,12,13,19,20,14,39,34,-20,-20,22,-20,9,13,12,11,14,17,8,8,-20,11,-20,-20,-20,-20,7,-20,-20,-20,-20,3,4,27,-20,-20,9,3,-20,5,-20,-20,6,14,-20,-20,-20,10,8,17,15,21,11,5,10,-20,7,-20,-20,-20,8,5,12,9,-20,11,-20,-20,-20,-20,17,4,6,-20,22,14,15,9,-20,-20,23,-20,6,-20,17,20,21,24,14,7,-20,-20,-20,-20,19,10,-20,4,-20,4,-20,3,-20,-20,-20,28,-20,-20,7,8,24,-20,-20,27,6,-20,-20,5,-20,-20,7,13,9,-20,9,-20,8,3,-20,8,6,-20,9,-20,6,-20,-20,11,-20,-20,-20,-20,16,-20,4,-20,-20,17,-20,9,-20,-20,-20,12,-20,5,-20,-20,8,-20,-20,5,-20,-20,-20,6,-20,-20,-20,-20,-20,-20,7,-20,-20,-20,-20,-20,10,7,16,5,8,-20,-20,-20,-20,-20,13,7,11,-20,15,10,-20,-20,-20,12,-20,-20,-20,4,4,-20,4,-20,-20,-20,-20,17,8,-20,-20,-20,9,-20,16,-20,-20,-20,8,-20,7,20,4,-20,-20,14,-20,-20,14,8,9,5,-20,-20,-20,7,5,5,13,6,8,3,21,9,5,-20,-20,12,21,-20,11,-20,-20,-20,-20,5,-20,-20,-20,12,15,-20,5,10,5,-20,-20,-20,-20,-20,4,-20,13,6,6,4,5,10,9,10,7,10,10,-20,6,4,20,2,-20,11,6,-20,16,-20,23,18,-20,32,23,22,34,37,-20,55,59,33,-20,78,54,65,46,67
"chr4,4889818",-20,-20,-20,-20,-20,-20,-20,-20,-20,-20,-20,9,-20,-20,-20,-20,-20,-20,-20,-20,26,5,-20,47,-20,45,-20,-20,-20,-20,10,-20,19,-20,-20,-20,-20,-20,-20,-20,-20,-20,-20,12,-20,-20,-20,-20,-20,-20,-20,-20,-20,-20,-20,-20,-20,-20,-20,-20,-20,-20,-20,-20,-20,-20,-20,-20,-20,-20,35,-20,-20,-20,-20,-20,-20,5,-20,13,-20,-20,28,-20,-20,-20,-20,-20,-20,-20,-20,-20,-20,-20,-20,-20,-20,-20,4,-20,-20,-20,-20,-20,-20,-20,-20,-20,-20,-20,-20,-20,-20,-20,-20,-20,-20,-20,-20,-20,-20,-20,-20,-20,-20,-20,-20,-20,-20,-20,-20,-20,4,-20,-20,-20,-20,-20,-20,-20,-20,9,-20,-20,-20,-20,-20,-20,-20,-20,-20,-20,-20,-20,-20,-20,15,-20,-20,-20,-20,-20,3,10,-20,-20,-20,6,-20,-20,-20,-20,-20,-20,-20,-20,9,-20,15,82,-20,-20,-20,-20,-20,-20,-20,-20,-20,-20,-20,42,-20,-20,-20,-20,17,-20,14,-20,-20,-20,-20,-20,-20,10,-20,-20,-20,-20,-20,-20,3,-20,-20,-20,-20,-20,-20,-20,-20,-20,-20,-20,-20,-20,-20,-20,-20,-20,-20,-20,-20,-20,-20,-20,-20,-20,-20,-20,-20,-20,-20,-20,-20,-20,-20,-20,-20,-20,-20,-20,-20,-20,-20,-20,18,-20,-20,29,-20,32,-20,-20,-20,-20,-20,-20,5,-20,-20,-20,-20,33,-20,-20,-20,-20,-20,-20,-20,-20,-20,40,19,-20,-20,12,-20,-20,15,-20,-20,-20,-20,-20,-20,-20,-20,-20,-20,-20,10,-20,-20,-20,-20,-20,-20,-20,-20,-20,-20,-20,-20,-20,-20,-20,-20,-20,15,-20,20,-20,-20,-20,-20,-20,3,-20,3,-20,-20,-20,46,7,-20,50,-20,-20,-20,-20,-20,-20,-20,18,-20,-20,-20,-20,-20,-20,-20,-20,-20,-20,-20,-20,-20,-20,-20,-20,-20,-20,-20,-20,-20,11,-20,-20,-20,-20,-20,-20,9,7,-20,-20,-20,9,-20,-20,-20,-20,-20,-20,-20,-20,-20,-20,-20,-20,-20,-20,-20,-20,-20,-20,-20,-20,-20,-20,-20,-20,-20,-20,-20,-20,-20,-20,-20,-20,-20,-20,-20,-20,10,9,-20,6,-20,-20,-20,-20,-20,33,-20,-20,-20,-20,18,-20,-20,36,-20,-20,-20,-20,-20,-20,-20,-20,-20,-20,-20,-20,-20,-20,-20,10,-20,-20,-20,-20,-20,-20,-20,10,-20,-20,-20,-20,-20,-20,6,-20,-20,-20,-20,-20,-20,-20,12,-20,-20,-20,-20,11,-20,-20,-20,-20,-20,-20,-20,-20,-20,-20,-20,-20,-20,-20,-20,-20,-20,15,-20,-20,-20,-20,15,-20,7,-20,-20,-20,-20,-20,-20,-20,-20,-20,-20,-20,-20,-20,-20,-20,6,-20,-20,-20,-20,-20,-20,3,-20,-20,-20,-20,-20,-20,9,-20,-20,-20,-20,-20,-20,-20,-20,-20,15,-20,-20,-20,-20,-20,-20,3,-20,-20,10,-20,-20,-20,15,-20,-20,-20,-20,-20,-20,-20,-20,-20,-20,14,-20,13,10,-20,-20,-20,-20,-20,-20,-20,31,-20,-20,-20,-20,-20,-20,41,21,-20,-20,-20,-20,-20,-20,-20,-20,14,-20,4,-20,-20,11,-20,4,-20,5,-20,-20,5,-20,-20,-20,-20,-20,12,12,15,-20,-20,-20,-20,-20,-20,-20,29,-20,-20,-20,-20,-20,-20,-20,-20,-20,-20,-20,-20,-20,41,-20,-20,-20,-20,-20,-20,-20,-20,-20,-20,-20,-20,5,26,45,-20,-20,-20,-20,31,-20,-20,-20,-20,-20,-20,-20,-20,-20,-20,-20,-20,-20,-20,10,-20,-20,-20,12,15,9,5,-20,13,-20,-20,-20,-20,-20,-20,-20,-20,4,-20,10,-20,16,-20,5,-20,-20,-20,-20,15,-20,-20,-20,5,11,-20,-20,9,-20,-20,-20,12,9,-20,-20,-20,13,20,-20,9,4,-20,-20,-20,-20,-20,-20,-20,10,9,3,-20,-20,-20,-20,-20,-20,-20,-20,-20,11,-20,-20,-20,-20,-20,-20,-20,-20,-20,-20,5,9,-20,-20,11,-20,-20,-20,-20,-20,-20,8,13,16,-20,10,-20,6,-20,-20,-20,-20,-20,9,5,13,-20,-20,-20,-20,-20,-20,-20,-20,-20,-20,-20,-20,-20,-20,4,-20,17,-20,-20,-20,6,-20,-20,-20,-20,-20,-20,-20,-20,-20,-20,8,-20,6,8,9,-20,13,11,-20,-20,-20,-20,10,-20,21,-20,13,-20,-20,-20,-20,24,-20,-20,-20,-20,11,14,17,-20,-20,-20,-20,-20,-20,-20,-20,8,-20,-20,-20,-20,-20,-20,-20,-20,-20,-20,-20,-20,5,-20,-20,-20,14,-20,-20,-20,-20,8,-20,16,19,11,6,13,-20,-20,-20,-20,-20,-20,-20,12,11,-20,-20,-20,-20,-20,-20,-20,-20,7,-20,22,-20,-20,-20,-20,-20,-20,-20,-20,-20,-20,-20,-20,-20,14,-20,-20,-20,-20,-20,-20,10,-20,4,-20,4,-20,3,-20,-20,-20,-20,-20,-20,-20,8,-20,-20,-20,-20,-20,-20,-20,-20,-20,-20,7,-20,-20,-20,9,-20,-20,-20,-20,8,6,-20,-20,-20,7,-20,-20,-20,-20,-20,-20,-20,17,-20,-20,-20,-20,-20,-20,-20,-20,-20,-20,-20,-20,5,-20,-20,9,-20,-20,-20,-20,-20,-20,6,-20,-20,-20,-20,-20,-20,7,-20,-20,-20,-20,-20,-20,-20,-20,6,-20,-20,-20,-20,-20,-20,-20,7,11,-20,16,-20,-20,-20,-20,13,-20,-20,-20,4,4,-20,-20,-20,-20,-20,-20,-20,8,-20,-20,-20,9,-20,-20,-20,-20,-20,9,-20,7,-20,-20,-20,-20,-20,-20,-20,14,9,-20,-20,-20,-20,-20,-20,6,6,-20,6,7,-20,-20,11,5,-20,-20,16,-20,-20,12,-20,-20,-20,-20,4,-20,-20,-20,-20,-20,-20,4,9,-20,-20,-20,-20,-20,-20,4,-20,-20,-20,-20,-20,5,-20,-20,9,-20,-20,-20,-20,6,3,-20,-20,-20,-20,5,-20,-20,-20,24,-20,-20,31,22,23,33,37,-20,-20,-20,56,-20,76,-20,-20,-20,-20
"chr4,4889821",-20,-20,-20,-20,-20,-20,-20,-20,-20,-20,-20,8,49,53,20,29,42,17,120,77,27,5,85,54,90,48,30,37,35,13,10,19,21,7,91,79,38,46,-20,7,-20,13,-20,12,10,10,8,32,15,14,6,44,72,23,27,-20,51,14,41,54,37,55,63,28,44,47,39,70,88,23,36,35,18,39,29,80,29,5,15,14,8,30,31,-20,17,67,38,83,60,28,30,41,47,42,41,43,18,75,4,69,39,36,8,-20,40,61,-20,41,56,-20,14,4,-20,18,-20,-20,22,-20,-20,-20,-20,4,12,-20,21,-20,-20,-20,5,-20,16,3,4,-20,10,11,19,-20,-20,11,-20,9,7,5,11,-20,6,21,3,-20,-20,25,-20,10,16,12,11,31,-20,-20,-20,-20,3,10,-20,9,-20,6,21,18,80,86,48,38,8,52,9,-20,16,81,14,14,29,-20,16,-20,17,41,14,9,36,45,-20,8,20,26,19,12,14,20,4,9,9,10,4,10,6,14,11,21,-20,8,3,22,7,31,10,4,11,6,10,-20,13,6,-20,16,32,40,57,10,26,-20,19,40,-20,13,-20,7,7,12,8,11,4,-20,10,46,6,-20,15,39,8,12,23,14,34,24,20,28,28,33,19,28,11,-20,23,21,25,-20,6,29,16,6,10,36,17,26,90,114,49,83,15,19,12,41,21,33,14,12,14,-20,17,5,-20,-20,7,15,62,2,-20,-20,-20,3,10,-20,-20,48,55,-20,47,71,66,76,55,91,5,-20,7,3,12,39,17,-20,21,56,30,4,9,23,5,61,4,5,-20,-20,52,7,20,51,42,47,15,-20,11,7,4,17,7,8,-20,4,-20,11,-20,-20,2,15,3,-20,31,30,15,-20,14,-20,-20,4,7,12,-20,-20,17,5,14,84,6,8,15,142,7,9,4,-20,9,4,15,4,25,22,8,20,-20,-20,11,-20,-20,-20,7,8,115,-20,-20,7,-20,8,4,9,12,-20,8,6,24,-20,19,9,-20,6,13,12,11,5,9,11,4,-20,12,36,-20,-20,-20,10,17,15,23,40,14,-20,17,-20,-20,-20,10,15,4,10,11,13,10,11,20,10,97,34,3,10,16,-20,-20,10,-20,-20,-20,26,12,-20,6,-20,5,13,6,-20,-20,10,13,4,-20,-20,-20,12,75,54,-20,12,8,4,-20,-20,9,7,10,7,4,11,6,23,26,16,8,3,11,5,14,-20,7,10,64,-20,18,17,2,-20,-20,-20,7,-20,51,61,63,65,6,62,58,3,-20,51,49,3,-20,53,10,-20,11,25,9,17,35,-20,-20,16,7,-20,4,10,18,-20,-20,23,-20,12,-20,3,13,-20,11,-20,-20,17,15,11,42,-20,-20,8,-20,4,6,-20,73,16,30,14,7,-20,-20,29,-20,21,-20,10,33,11,36,70,51,55,36,47,23,48,9,12,-20,-20,6,-20,5,15,8,4,12,-20,11,5,4,6,5,6,-20,5,-20,7,9,3,23,13,11,16,18,17,4,-20,-20,47,56,28,18,38,38,23,-20,40,14,54,40,17,47,-20,52,45,9,39,118,72,5,-20,10,14,33,-20,6,-20,-20,25,44,5,31,42,43,32,50,9,-20,18,7,39,26,24,44,17,-20,11,-20,-20,10,-20,-20,28,12,19,10,5,-20,13,6,3,-20,-20,4,-20,5,-20,4,35,11,3,16,10,5,-20,-20,6,-20,16,6,-20,-20,5,11,15,-20,9,-20,10,-20,12,11,-20,3,10,13,21,-20,9,4,10,-20,-20,-20,6,9,5,10,9,3,-20,11,-20,-20,-20,-20,9,7,3,11,5,-20,-20,10,-20,-20,20,-20,3,-20,5,9,6,-20,11,-20,-20,14,4,19,10,8,14,16,16,10,12,6,18,30,29,7,-20,9,4,14,6,11,9,8,12,15,29,17,20,13,14,27,16,13,5,16,17,3,-20,7,6,-20,-20,8,3,11,-20,4,-20,3,-20,8,13,7,8,9,6,13,12,16,14,20,7,12,13,23,21,14,40,36,-20,-20,24,-20,9,16,13,11,14,17,9,7,-20,11,-20,19,22,-20,8,20,-20,-20,-20,3,4,27,10,-20,11,6,-20,5,-20,-20,6,14,3,-20,-20,12,7,19,17,21,11,6,14,-20,7,8,14,4,8,6,12,12,12,11,22,3,6,-20,15,4,7,-20,22,13,17,9,28,3,21,5,6,10,18,20,21,23,14,7,4,-20,3,4,21,10,42,4,-20,4,-20,5,4,8,6,26,-20,21,7,8,25,-20,3,29,8,3,-20,5,-20,-20,8,14,10,-20,9,3,9,3,7,8,6,12,9,-20,6,2,-20,12,-20,-20,-20,3,17,10,5,-20,14,18,-20,9,-20,-20,-20,14,-20,5,-20,-20,9,11,-20,5,-20,-20,-20,8,4,-20,5,-20,-20,-20,7,-20,8,-20,-20,-20,10,7,-20,6,9,-20,-20,-20,-20,-20,13,7,12,-20,17,14,-20,5,-20,13,-20,-20,-20,4,4,-20,4,-20,-20,-20,-20,17,8,-20,-20,8,9,-20,16,-20,3,-20,7,-20,7,21,5,5,-20,15,-20,-20,14,8,-20,7,-20,-20,3,6,5,5,11,6,6,3,20,12,5,5,-20,14,22,-20,10,-20,-20,5,6,-20,-20,-20,5,11,12,-20,4,7,-20,6,-20,-20,-20,-20,-20,-20,14,6,-20,4,5,11,11,-20,8,-20,7,-20,-20,4,19,-20,-20,-20,6,-20,16,-20,25,19,-20,33,23,24,33,34,113,53,69,39,-20,82,56,60,45,67
"chr4,4889831",-20,-20,-20,-20,-20,-20,-20,-20,-20,-20,-20,8,48,57,22,30,55,20,131,87,-20,-20,91,56,96,50,33,43,33,13,10,19,22,-20,92,81,42,47,-20,9,11,13,-20,15,14,10,9,37,25,9,9,41,68,23,30,8,57,14,40,56,39,58,68,29,46,46,39,79,94,24,39,36,18,43,33,82,32,7,-20,13,11,31,36,-20,17,66,44,88,65,29,34,42,56,43,48,40,17,76,6,76,45,37,-20,4,46,70,-20,40,64,-20,17,6,65,21,11,7,-20,-20,8,-20,-20,-20,14,-20,-20,-20,3,64,5,16,17,4,-20,9,-20,14,22,-20,-20,15,-20,8,-20,5,12,-20,9,-20,3,3,4,22,12,14,23,14,-20,34,-20,-20,-20,-20,3,8,-20,10,-20,8,-20,-20,86,95,70,32,-20,-20,-20,-20,17,83,16,14,30,-20,19,-20,21,41,18,12,28,50,2,-20,-20,-20,23,-20,-20,21,12,12,10,12,-20,13,6,22,17,25,8,-20,3,28,10,41,10,5,16,-20,-20,-20,16,12,-20,18,39,40,54,11,34,8,-20,-20,-20,16,5,7,10,15,11,14,5,5,11,47,9,10,16,42,10,-20,24,14,38,27,21,-20,-20,-20,28,35,14,8,25,28,29,-20,8,33,21,6,11,32,14,26,101,123,57,74,14,-20,-20,-20,-20,-20,-20,-20,14,7,18,8,-20,-20,16,27,74,-20,3,-20,-20,4,11,-20,-20,47,54,-20,50,74,71,86,63,88,5,3,-20,5,15,-20,21,31,22,55,36,-20,9,27,-20,72,5,-20,10,-20,52,6,17,50,-20,47,15,49,-20,7,7,17,-20,-20,-20,-20,-20,10,-20,-20,3,15,-20,-20,36,32,-20,-20,14,-20,-20,4,-20,13,-20,-20,17,9,-20,88,8,13,16,152,-20,-20,4,3,11,4,20,4,28,20,-20,19,-20,-20,13,-20,-20,-20,6,10,127,3,5,-20,-20,-20,4,9,-20,-20,8,-20,23,-20,21,-20,-20,-20,12,10,11,8,12,13,-20,-20,-20,30,-20,-20,-20,12,19,16,23,45,12,-20,20,-20,-20,-20,10,21,4,11,10,20,9,13,-20,9,93,30,3,-20,17,-20,-20,-20,3,-20,18,24,15,-20,7,-20,6,12,-20,-20,-20,11,14,5,-20,-20,-20,18,75,54,-20,13,12,-20,-20,-20,11,-20,9,7,6,-20,-20,22,26,16,10,4,-20,6,16,-20,6,-20,69,-20,19,17,3,-20,-20,-20,10,-20,52,66,74,62,8,66,59,4,-20,58,56,5,10,54,-20,3,-20,23,10,15,34,11,-20,-20,8,-20,5,13,22,-20,-20,25,-20,14,9,8,-20,-20,-20,-20,-20,18,16,13,51,-20,-20,12,3,6,6,-20,85,-20,-20,14,8,-20,-20,33,-20,28,-20,14,32,12,33,78,55,58,40,44,28,53,10,-20,-20,-20,-20,-20,-20,-20,-20,-20,9,-20,-20,-20,-20,-20,-20,-20,-20,-20,-20,-20,-20,-20,25,19,12,18,21,20,-20,-20,-20,-20,-20,-20,-20,40,48,27,-20,-20,-20,60,47,20,44,-20,60,-20,-20,45,126,72,8,2,-20,15,41,6,6,-20,-20,27,45,6,33,42,-20,33,57,14,-20,20,-20,55,32,32,48,18,3,18,26,-20,13,-20,-20,-20,14,-20,13,7,-20,15,-20,-20,-20,-20,5,-20,-20,-20,4,35,11,-20,14,13,-20,-20,-20,-20,-20,16,-20,-20,-20,7,11,17,-20,11,-20,-20,-20,15,9,-20,-20,-20,15,20,-20,9,-20,12,-20,-20,-20,-20,11,-20,12,9,-20,-20,-20,-20,-20,-20,-20,-20,12,-20,11,-20,-20,-20,-20,-20,6,24,-20,-20,-20,5,7,7,-20,15,-20,-20,-20,4,18,12,10,14,16,14,10,11,-20,20,32,31,8,8,10,3,10,7,14,9,9,13,18,30,18,23,13,15,27,14,15,5,15,15,3,-20,-20,6,-20,-20,10,3,10,7,4,-20,3,-20,-20,13,9,9,11,6,-20,12,17,15,24,7,13,12,26,21,14,46,35,-20,-20,26,-20,12,19,15,14,13,25,12,8,-20,10,-20,21,27,-20,-20,22,-20,3,-20,7,-20,32,11,-20,12,-20,13,3,-20,-20,6,12,-20,3,5,13,10,22,18,23,15,8,11,-20,8,9,-20,7,9,6,15,10,10,12,27,4,8,-20,16,-20,-20,-20,-20,11,15,14,36,-20,29,6,10,-20,25,20,23,24,13,9,-20,-20,-20,5,19,12,43,4,6,-20,3,-20,-20,10,8,34,-20,30,-20,9,28,-20,3,33,10,5,-20,-20,4,-20,8,16,13,-20,10,-20,-20,-20,-20,11,7,-20,8,-20,6,-20,-20,-20,-20,-20,-20,3,18,-20,-20,-20,-20,21,-20,10,-20,-20,-20,16,-20,5,-20,-20,9,-20,-20,5,-20,-20,-20,8,-20,-20,5,-20,5,-20,-20,-20,-20,-20,-20,-20,18,-20,-20,7,9,-20,-20,-20,-20,6,14,-20,-20,-20,21,11,-20,-20,-20,15,-20,5,-20,4,5,-20,4,-20,-20,5,-20,15,7,5,3,10,9,-20,17,-20,3,3,6,-20,7,17,-20,-20,6,10,-20,-20,15,10,-20,-20,4,-20,4,-20,-20,-20,12,8,7,-20,15,9,-20,-20,-20,14,24,-20,9,3,-20,-20,-20,-20,-20,-20,-20,8,11,-20,-20,-20,-20,-20,-20,-20,-20,-20,-20,-20,10,9,-20,-20,3,-20,12,13,12,-20,9,-20,-20,5,13,-20,-20,-20,-20,-20,-20,-20,22,28,-20,-20,21,-20,-20,-20,-20,54,-20,60,-20,79,64,-20,-20,-20
"chr4,4889834",-20,-20,-20,-20,-20,3,-20,-20,5,-20,-20,8,52,58,25,28,56,23,142,87,-20,-20,93,55,101,52,33,46,32,13,11,20,23,-20,91,82,45,48,-20,9,11,13,3,14,14,-20,10,39,27,14,9,44,67,23,32,8,58,14,41,58,40,60,69,32,47,46,40,82,95,24,39,33,18,43,33,79,30,9,16,13,11,31,36,-20,22,65,47,90,63,30,35,40,58,43,50,41,18,81,6,75,49,42,13,4,50,72,-20,43,62,-20,18,6,68,24,12,6,-20,-20,8,-20,-20,6,14,-20,27,-20,4,65,5,16,18,4,-20,9,11,15,24,-20,-20,16,4,9,11,5,12,-20,10,-20,3,3,4,23,12,14,24,14,-20,34,-20,-20,-20,-20,-20,8,-20,-20,-20,7,-20,-20,89,93,71,33,-20,-20,-20,-20,21,83,16,15,29,-20,21,-20,23,42,20,12,29,46,3,11,-20,-20,25,-20,-20,20,13,13,11,13,6,12,6,25,18,26,11,11,3,28,13,40,10,5,16,9,13,8,16,14,-20,18,42,40,57,11,36,9,24,54,4,18,5,8,11,16,13,14,5,6,12,52,9,10,13,41,11,17,23,12,39,28,23,26,36,-20,34,35,15,8,24,31,32,-20,10,37,23,6,11,34,15,27,102,134,55,73,15,-20,13,44,-20,-20,-20,-20,15,7,21,10,-20,4,21,27,76,3,4,-20,4,5,10,-20,-20,51,52,-20,52,73,74,87,57,89,5,3,-20,6,17,-20,21,30,21,58,36,4,10,31,7,73,6,-20,10,3,54,6,17,52,46,47,16,52,-20,-20,7,17,-20,10,-20,-20,-20,11,13,-20,3,15,-20,-20,37,32,-20,-20,14,4,-20,4,-20,13,-20,-20,17,9,15,91,9,13,17,155,-20,-20,4,5,12,4,22,4,28,19,-20,20,-20,-20,13,-20,-20,-20,7,10,132,3,5,7,-20,7,4,8,-20,-20,7,10,23,8,21,11,-20,7,12,11,11,8,13,13,5,-20,10,30,-20,4,11,14,19,19,23,46,12,-20,20,-20,-20,-20,10,21,6,11,11,22,7,12,26,10,104,28,3,12,17,-20,-20,-20,3,-20,17,23,16,-20,8,-20,6,-20,-20,-20,-20,14,14,6,-20,8,-20,20,82,57,-20,17,14,-20,-20,-20,12,8,9,9,6,13,-20,25,28,20,10,4,-20,9,17,-20,7,10,72,8,19,18,5,-20,-20,-20,10,-20,56,64,75,68,8,69,61,4,-20,59,58,5,9,55,-20,3,15,23,11,15,34,11,-20,-20,8,-20,5,-20,-20,-20,-20,24,-20,16,9,9,16,-20,-20,-20,-20,18,19,14,48,-20,-20,13,3,7,6,2,84,15,-20,13,9,-20,-20,33,-20,28,-20,14,35,12,31,81,58,59,41,45,28,53,11,-20,-20,-20,-20,-20,-20,19,7,-20,9,-20,-20,-20,-20,-20,-20,-20,-20,-20,-20,-20,-20,-20,26,20,11,19,22,22,-20,-20,-20,-20,64,-20,26,41,53,27,-20,-20,-20,60,47,20,51,-20,61,-20,21,47,129,69,8,2,-20,16,46,6,6,-20,-20,27,44,6,34,45,44,34,59,19,-20,20,10,61,35,36,48,18,3,19,29,-20,13,-20,-20,35,13,24,14,9,-20,14,-20,-20,-20,-20,7,-20,-20,-20,4,39,13,-20,15,13,-20,-20,-20,11,-20,19,-20,-20,5,6,-20,18,-20,12,-20,-20,-20,16,10,-20,-20,10,-20,19,-20,10,-20,13,-20,-20,-20,-20,12,-20,12,9,-20,-20,12,-20,-20,-20,-20,-20,12,-20,12,10,-20,-20,12,-20,6,28,-20,-20,4,5,7,7,-20,16,-20,-20,-20,4,18,12,10,14,17,16,9,10,10,20,33,31,9,9,11,3,10,8,15,10,10,15,20,31,20,24,13,15,28,14,17,6,17,16,4,-20,-20,7,-20,-20,9,3,10,8,4,-20,3,-20,-20,-20,9,-20,9,-20,-20,12,18,16,24,7,13,13,27,23,15,46,37,-20,-20,26,-20,13,20,16,14,15,26,12,8,-20,13,-20,22,30,-20,10,24,5,4,-20,7,2,34,14,4,14,8,14,3,-20,4,6,12,-20,3,6,-20,9,24,21,23,14,9,13,-20,9,12,17,9,10,6,17,10,10,15,29,7,8,-20,17,-20,-20,-20,-20,11,16,14,36,9,32,6,13,13,27,20,22,24,13,10,12,-20,4,6,22,12,50,4,6,-20,4,-20,6,14,10,36,-20,33,-20,9,29,-20,3,35,11,5,-20,-20,4,-20,7,17,14,-20,-20,-20,11,-20,-20,12,8,9,8,-20,6,-20,-20,12,-20,-20,-20,4,-20,13,-20,-20,24,21,-20,10,-20,-20,-20,22,-20,5,-20,-20,9,-20,4,-20,-20,-20,-20,8,-20,-20,5,-20,5,-20,-20,-20,16,-20,-20,-20,21,-20,20,9,9,-20,-20,3,-20,8,16,-20,-20,-20,21,11,-20,-20,-20,15,-20,6,-20,-20,5,-20,4,-20,-20,5,-20,16,8,5,3,10,9,-20,17,-20,3,3,6,-20,7,17,7,-20,6,13,-20,-20,16,11,-20,-20,5,-20,4,-20,-20,-20,-20,9,6,-20,14,8,-20,-20,-20,15,23,-20,9,4,-20,-20,6,-20,-20,-20,-20,7,8,-20,-20,10,6,7,-20,-20,-20,-20,-20,-20,8,7,-20,-20,-20,-20,11,15,12,-20,7,-20,-20,-20,11,-20,-20,-20,6,-20,14,-20,22,32,-20,-20,21,-20,35,34,-20,58,-20,69,-20,77,68,-20,-20,-20
"chr4,4889837",-20,-20,-20,-20,-20,4,-20,-20,5,-20,-20,9,52,61,25,29,56,26,147,90,32,7,95,60,102,51,32,48,33,14,10,20,22,11,89,83,48,49,-20,10,15,13,3,14,15,10,11,40,28,15,12,46,64,23,32,9,58,14,41,56,43,61,68,32,48,47,42,85,103,24,40,34,17,45,38,81,32,9,19,13,11,33,34,-20,25,66,48,92,64,30,36,42,60,46,54,48,18,82,6,74,54,44,13,5,49,79,-20,46,63,-20,20,6,67,25,12,7,35,-20,8,-20,-20,6,18,-20,28,-20,4,67,5,20,18,4,4,10,12,15,25,-20,3,-20,4,12,14,6,12,-20,12,25,5,4,5,23,12,14,27,13,13,34,-20,-20,-20,-20,4,9,-20,13,-20,8,22,14,91,91,75,28,9,57,11,-20,22,84,16,17,28,-20,21,-20,25,46,20,12,29,43,-20,15,19,25,26,16,7,23,14,13,12,14,6,12,6,27,22,26,11,13,3,33,16,40,10,5,16,10,16,-20,16,14,-20,17,40,40,58,13,38,9,26,53,-20,18,5,8,13,19,13,14,6,8,13,54,11,11,9,43,10,18,21,13,40,30,22,29,44,40,34,36,16,8,26,31,35,-20,12,40,23,8,13,36,19,27,102,133,58,75,15,22,14,47,22,29,13,11,18,8,22,11,-20,4,31,27,74,5,4,-20,5,5,11,-20,-20,52,53,-20,49,75,76,90,60,95,5,3,7,6,16,42,19,31,21,63,40,4,8,30,7,76,6,7,10,3,58,6,18,53,45,43,15,56,17,7,7,18,10,10,-20,6,-20,11,13,-20,3,16,4,-20,42,34,16,-20,14,5,-20,4,10,14,3,-20,18,10,14,99,9,13,18,152,8,11,4,5,14,4,22,4,30,21,9,16,-20,-20,13,-20,-20,-20,8,11,137,3,5,7,3,13,4,9,12,-20,8,11,23,8,21,11,-20,8,12,12,11,8,14,13,6,-20,10,31,-20,4,13,16,18,19,23,47,12,-20,21,-20,-20,-20,10,20,6,13,11,23,5,11,28,10,109,30,6,12,18,-20,-20,11,3,3,18,22,16,-20,8,-20,6,12,7,-20,-20,15,16,6,-20,8,-20,21,84,62,-20,-20,14,4,-20,3,12,9,10,10,6,16,-20,27,30,21,12,6,15,-20,16,-20,7,10,73,9,19,19,6,-20,-20,-20,11,-20,55,64,79,69,11,70,64,4,-20,63,62,7,9,53,16,3,16,24,11,16,37,12,3,20,9,-20,7,-20,24,-20,-20,25,-20,14,10,9,18,-20,14,-20,-20,20,19,15,46,-20,-20,13,3,7,6,-20,87,15,39,14,9,-20,-20,34,-20,27,-20,14,36,12,36,81,62,55,42,43,29,54,11,19,-20,-20,-20,-20,6,22,12,5,10,-20,10,7,-20,6,9,14,-20,13,-20,11,14,6,27,22,13,20,22,22,5,-20,-20,71,68,35,26,43,54,27,-20,52,19,59,52,23,57,-20,61,52,21,49,128,68,8,2,20,16,50,7,6,-20,-20,28,46,6,33,52,43,34,59,19,-20,20,10,67,43,39,48,18,3,20,31,-20,14,-20,-20,37,13,27,14,13,-20,13,7,5,-20,-20,9,-20,7,-20,4,43,13,9,16,14,11,-20,-20,12,-20,20,6,-20,7,5,14,19,-20,12,-20,13,-20,17,10,11,-20,14,15,20,-20,12,4,15,12,-20,-20,12,12,8,12,11,3,-20,13,-20,-20,-20,-20,9,12,9,15,11,-20,-20,14,-20,8,29,-20,3,4,6,8,8,5,17,-20,-20,15,4,24,14,10,14,19,19,8,13,11,20,35,36,11,10,11,3,10,8,18,10,10,14,21,30,17,25,12,15,31,13,17,7,18,17,5,-20,8,7,-20,-20,9,3,13,8,4,-20,3,-20,11,11,9,9,9,6,14,11,19,15,25,5,13,13,29,23,17,51,37,-20,-20,28,-20,12,20,-20,16,15,26,14,9,-20,15,-20,23,34,-20,8,26,12,4,-20,8,2,39,17,-20,13,10,14,3,-20,5,6,12,-20,3,6,13,10,28,22,22,13,12,13,-20,8,12,-20,-20,11,5,20,11,12,17,30,7,9,-20,16,5,11,-20,21,11,15,14,35,12,33,7,15,15,29,20,24,25,13,11,15,4,7,6,25,13,51,4,6,4,4,7,6,21,11,42,-20,35,7,13,35,-20,3,39,14,5,-20,5,-20,3,10,18,14,-20,11,-20,11,9,7,11,9,10,9,4,7,2,-20,11,-20,4,-20,4,19,15,7,-20,26,23,-20,10,4,-20,-20,23,-20,4,-20,-20,9,15,-20,5,-20,-20,-20,9,4,3,5,-20,5,-20,7,-20,19,-20,-20,4,18,8,18,9,12,-20,-20,3,-20,8,21,10,18,-20,22,10,-20,10,-20,16,-20,7,4,4,6,-20,4,4,-20,6,-20,18,8,5,3,12,9,-20,17,-20,3,4,5,-20,6,18,8,7,7,14,-20,-20,17,10,-20,-20,6,-20,4,6,-20,-20,-20,10,5,-20,-20,8,-20,-20,-20,15,22,-20,-20,5,-20,-20,-20,-20,-20,-20,-20,7,8,-20,-20,9,6,7,-20,-20,-20,-20,-20,-20,10,-20,-20,-20,-20,10,11,15,11,-20,7,-20,-20,-20,10,4,-20,-20,6,-20,14,-20,21,34,-20,35,22,30,38,33,136,62,69,69,-20,73,66,60,55,70
"chr4,4889840",-20,-20,-20,-20,-20,4,-20,-20,5,-20,-20,10,53,61,25,29,57,27,148,88,31,7,94,60,103,51,35,48,32,14,10,19,22,12,89,84,47,49,-20,10,15,13,4,18,15,10,11,40,30,15,13,45,-20,19,31,10,52,14,41,56,41,62,68,31,46,45,41,85,100,24,40,33,18,43,37,84,31,9,19,12,11,33,33,-20,26,63,49,95,63,28,35,42,59,47,55,46,19,83,6,75,51,44,13,5,47,78,-20,45,64,-20,20,7,68,25,13,7,35,-20,8,-20,-20,6,19,3,28,-20,4,69,5,21,18,3,4,11,12,15,25,-20,3,15,4,11,14,6,12,-20,12,25,5,4,5,23,13,15,27,13,13,32,-20,-20,-20,-20,4,11,-20,13,-20,7,22,12,88,92,75,27,11,58,8,-20,22,79,18,19,30,4,22,-20,26,48,22,12,33,43,4,17,20,29,35,19,7,23,-20,13,18,-20,-20,13,7,27,-20,26,-20,13,-20,34,17,44,10,-20,18,10,17,9,16,14,-20,17,43,40,55,13,38,-20,26,53,7,21,6,8,14,20,-20,14,6,10,14,54,-20,11,9,41,11,21,23,13,42,30,24,32,49,38,33,44,16,9,26,32,35,23,14,42,25,9,13,37,22,32,104,130,52,84,16,24,15,46,22,30,16,11,18,10,28,12,-20,-20,32,32,75,5,-20,-20,5,-20,11,-20,-20,52,54,-20,49,74,79,89,61,90,5,3,8,6,18,42,19,29,22,65,39,4,10,31,7,75,6,7,10,3,57,7,18,54,46,44,14,54,17,7,7,17,11,10,-20,6,-20,11,12,-20,-20,16,4,-20,44,34,16,-20,15,5,-20,4,10,15,-20,-20,18,10,14,100,8,12,19,150,9,11,4,5,13,4,19,4,30,23,9,16,-20,-20,13,-20,-20,-20,8,11,135,3,5,7,3,13,4,9,12,-20,7,11,24,8,21,11,-20,8,12,11,12,7,15,12,6,-20,10,31,-20,4,13,16,18,18,23,44,12,-20,21,-20,-20,-20,10,20,6,12,12,23,5,11,30,9,109,26,6,13,17,-20,-20,11,3,3,20,21,17,-20,10,4,6,12,7,-20,-20,15,15,6,-20,8,-20,20,87,63,-20,20,14,4,-20,3,12,9,10,13,6,15,-20,24,30,22,12,6,15,9,16,-20,7,10,74,9,18,19,6,-20,-20,-20,10,-20,55,65,79,72,13,68,61,4,-20,62,61,7,8,53,16,4,16,21,11,16,36,11,3,-20,9,-20,7,-20,24,-20,-20,26,-20,14,11,11,19,-20,15,-20,-20,20,19,16,50,-20,5,13,4,7,6,-20,90,14,39,14,9,4,-20,33,-20,28,-20,14,37,12,37,81,64,56,44,45,27,55,12,20,-20,-20,-20,-20,7,23,12,5,7,-20,10,7,-20,6,-20,16,-20,13,-20,11,14,6,27,20,13,19,24,23,5,-20,-20,71,71,37,26,46,55,-20,-20,49,19,56,54,23,57,-20,62,54,23,51,127,66,8,3,22,16,51,11,6,-20,-20,30,42,7,35,58,43,33,60,19,-20,20,13,71,44,41,47,18,4,21,29,-20,15,-20,-20,39,13,28,15,13,-20,13,7,5,-20,-20,9,-20,8,-20,4,44,13,9,16,16,12,-20,-20,14,3,20,6,-20,8,12,14,20,-20,-20,-20,13,-20,17,9,12,-20,-20,12,17,-20,12,4,16,11,-20,-20,13,15,9,13,11,-20,-20,13,-20,-20,-20,-20,-20,13,10,15,11,-20,-20,16,-20,-20,29,-20,4,4,4,8,8,5,18,-20,-20,16,4,23,16,11,15,17,20,10,13,11,20,35,37,10,10,10,4,11,8,17,10,13,15,20,32,18,26,12,17,29,12,17,8,18,18,6,-20,9,8,8,-20,9,3,13,8,4,-20,3,-20,12,10,10,7,9,6,15,11,18,15,25,5,13,12,29,22,16,52,37,-20,-20,28,-20,13,21,17,17,14,26,14,9,-20,16,-20,24,32,-20,8,26,12,4,-20,10,2,39,18,5,14,10,14,3,-20,5,6,12,-20,4,6,14,10,27,22,24,13,12,14,-20,8,12,18,10,12,5,20,11,12,19,30,7,10,-20,17,5,11,-20,21,11,16,15,36,11,36,7,15,15,-20,21,24,24,11,11,15,4,-20,6,25,13,52,4,6,-20,5,-20,6,-20,12,41,-20,35,8,14,32,-20,3,38,15,6,-20,5,5,5,11,17,14,-20,12,-20,10,10,7,11,9,11,10,4,7,2,-20,11,-20,4,-20,4,19,14,7,-20,25,24,-20,12,4,-20,-20,21,-20,4,-20,-20,9,15,-20,5,-20,-20,-20,9,4,3,5,-20,6,-20,7,-20,19,-20,-20,4,19,8,20,9,12,-20,-20,3,-20,8,22,10,17,-20,23,8,-20,10,-20,18,-20,7,5,4,6,-20,4,-20,-20,6,-20,17,8,5,3,13,8,-20,18,-20,3,4,5,-20,6,18,8,7,8,13,-20,-20,17,11,-20,-20,-20,-20,5,6,-20,-20,-20,10,6,-20,-20,7,-20,-20,-20,-20,23,-20,7,4,-20,-20,6,-20,-20,-20,-20,6,8,-20,-20,10,6,7,-20,-20,-20,-20,-20,-20,-20,7,-20,-20,-20,-20,11,15,9,-20,7,-20,-20,-20,11,-20,-20,-20,8,-20,14,-20,32,39,-20,34,22,31,37,33,136,62,69,79,-20,71,68,60,55,68
"chr4,4889849",-20,-20,-20,-20,-20,4,-20,-20,-20,-20,-20,11,54,54,25,26,59,27,146,88,32,7,94,63,107,51,35,49,36,-20,10,20,-20,12,89,83,50,50,3,10,16,13,-20,16,-20,10,11,40,28,22,15,44,69,-20,-20,10,45,14,36,53,44,58,68,30,40,44,44,89,97,24,35,31,19,44,38,83,31,9,19,11,11,31,29,-20,26,58,50,90,61,27,29,47,60,45,54,46,17,87,-20,71,54,46,12,5,45,76,-20,43,62,-20,21,7,67,25,13,8,35,-20,7,4,-20,6,17,3,28,-20,4,67,5,21,19,3,4,11,-20,15,25,-20,3,14,4,11,13,6,12,-20,12,25,5,4,5,23,13,16,27,15,15,29,-20,13,4,-20,4,11,-20,10,-20,7,24,12,-20,-20,-20,-20,11,49,8,-20,21,72,21,25,-20,-20,25,-20,27,53,-20,-20,50,44,6,20,19,32,30,22,13,22,16,13,19,-20,6,22,-20,27,24,26,11,14,4,32,-20,42,10,5,19,11,23,12,15,14,10,18,41,41,50,13,-20,9,26,51,7,28,6,11,-20,22,13,14,-20,11,17,53,-20,13,-20,41,11,27,-20,-20,-20,-20,26,33,53,36,-20,48,22,15,27,34,34,26,16,44,28,-20,13,34,-20,-20,-20,-20,-20,-20,-20,22,15,46,19,30,19,12,21,-20,27,12,-20,-20,37,43,81,5,4,-20,5,5,11,2,-20,56,51,-20,50,77,77,92,66,91,5,3,-20,-20,-20,42,21,30,25,-20,37,4,-20,-20,6,-20,6,7,11,3,54,8,17,54,45,-20,11,56,17,7,-20,17,9,10,-20,6,-20,12,13,-20,-20,-20,4,3,48,-20,16,-20,14,5,-20,-20,10,16,3,-20,13,10,13,106,10,11,18,148,8,11,4,5,15,4,22,4,28,21,9,12,-20,-20,15,2,4,-20,7,10,-20,3,5,7,3,19,4,11,14,-20,7,11,24,8,-20,11,-20,8,13,10,13,7,17,12,6,-20,10,34,-20,4,13,16,17,17,23,46,11,-20,-20,-20,-20,-20,10,20,6,11,11,-20,-20,12,32,10,113,25,6,12,17,-20,-20,11,3,3,19,17,20,-20,9,4,6,11,7,2,-20,-20,17,6,-20,8,-20,21,83,61,-20,20,15,-20,-20,4,11,9,9,14,6,15,-20,21,31,28,13,6,-20,9,15,-20,-20,10,71,9,16,17,9,-20,-20,-20,10,-20,56,62,82,72,-20,65,59,4,-20,66,61,-20,7,58,15,-20,16,22,11,16,36,12,3,22,10,-20,7,-20,26,-20,-20,28,3,-20,11,12,21,-20,15,-20,-20,21,18,15,46,-20,5,13,7,7,6,-20,-20,14,39,14,12,-20,-20,34,-20,28,-20,14,39,12,38,79,63,57,44,45,27,-20,12,20,-20,-20,16,-20,7,23,12,5,8,-20,8,6,-20,-20,-20,16,-20,13,-20,11,13,6,25,23,13,19,-20,-20,5,-20,-20,66,71,30,27,-20,-20,-20,-20,52,-20,-20,-20,23,56,14,57,53,25,52,131,61,9,5,23,16,58,-20,9,4,6,34,43,9,41,55,44,35,59,40,4,21,18,72,49,44,51,18,6,-20,31,-20,14,5,-20,37,11,28,18,13,-20,11,7,5,-20,-20,9,-20,8,-20,-20,42,11,9,18,16,12,-20,-20,14,3,19,6,-20,8,-20,14,21,-20,-20,-20,12,-20,17,8,12,-20,12,13,18,-20,11,5,18,11,-20,3,12,15,9,15,11,-20,-20,12,-20,-20,-20,-20,-20,11,10,15,11,-20,-20,16,-20,-20,28,-20,4,4,4,8,8,5,19,-20,-20,18,4,22,15,13,11,18,-20,9,13,11,17,-20,-20,-20,12,10,4,-20,-20,-20,-20,12,-20,19,32,-20,24,-20,13,29,13,-20,8,-20,17,6,-20,9,6,8,-20,9,3,13,8,4,-20,3,-20,12,10,10,6,9,6,15,-20,17,16,23,-20,-20,-20,30,20,14,51,40,-20,-20,28,-20,-20,-20,17,17,15,29,15,9,-20,16,-20,24,33,10,8,25,12,4,-20,10,-20,40,22,-20,13,10,-20,-20,-20,5,-20,12,-20,4,6,15,10,26,23,22,14,12,14,-20,-20,12,17,10,12,4,21,-20,12,19,30,7,10,-20,21,4,11,-20,20,18,18,-20,34,12,35,7,15,15,31,22,25,25,10,11,15,4,7,6,23,13,49,-20,6,-20,5,-20,-20,21,-20,-20,-20,-20,8,-20,30,-20,5,-20,-20,6,-20,5,5,5,11,17,-20,-20,13,4,10,10,7,11,7,11,10,4,7,2,-20,-20,-20,4,-20,4,19,15,-20,-20,26,24,-20,12,4,-20,-20,25,-20,-20,-20,3,8,14,-20,5,-20,-20,-20,9,4,3,-20,-20,6,-20,7,6,17,-20,-20,4,18,8,19,8,-20,-20,-20,3,-20,-20,20,9,17,-20,23,10,-20,10,-20,18,-20,7,-20,4,-20,-20,4,-20,-20,6,-20,17,8,5,3,13,8,-20,19,-20,3,4,5,-20,6,-20,8,7,8,14,3,-20,-20,16,-20,-20,-20,-20,5,3,-20,-20,12,7,6,8,-20,6,-20,-20,-20,-20,-20,-20,8,4,-20,-20,7,-20,-20,-20,-20,-20,-20,-20,-20,13,6,8,-20,-20,-20,-20,-20,-20,-20,7,-20,-20,-20,-20,11,17,9,-20,7,-20,-20,13,11,4,-20,-20,-20,-20,13,-20,32,-20,-20,29,20,32,33,30,-20,61,74,80,-20,65,-20,59,55,66
"chr4,4889851",-20,-20,-20,-20,-20,4,-20,-20,5,-20,-20,11,52,55,27,22,60,25,149,90,31,7,93,63,106,47,38,47,37,11,10,21,20,12,91,83,51,49,3,10,16,13,7,16,15,10,12,40,28,22,15,43,70,19,32,10,47,14,36,54,43,57,65,29,40,45,44,89,99,23,36,33,18,44,38,82,31,8,-20,11,11,32,28,-20,25,55,50,86,61,27,30,47,60,46,56,46,16,87,7,72,53,44,-20,5,44,77,-20,40,63,-20,21,7,66,24,13,8,34,-20,7,4,-20,-20,17,-20,-20,-20,4,69,5,18,18,3,3,10,-20,14,23,-20,3,14,-20,11,-20,6,12,-20,11,22,5,4,5,22,13,15,27,15,14,29,-20,14,-20,-20,4,10,-20,10,-20,7,24,10,86,83,81,33,10,-20,8,-20,18,71,21,25,30,5,24,-20,27,53,23,13,47,45,-20,-20,-20,-20,-20,-20,13,23,-20,13,20,-20,-20,21,-20,27,27,26,11,-20,4,31,19,45,10,5,18,11,-20,12,14,14,10,18,40,39,-20,13,42,9,-20,-20,7,-20,6,11,-20,22,13,14,-20,16,-20,46,-20,13,10,42,11,-20,21,14,41,33,25,30,-20,35,36,48,21,15,26,34,34,27,17,45,27,-20,14,35,27,32,112,121,46,101,13,21,-20,41,19,-20,-20,11,19,-20,25,12,10,-20,37,43,79,6,4,-20,5,5,11,2,-20,54,52,-20,50,77,78,91,66,85,5,3,9,6,18,-20,19,33,26,66,39,-20,10,32,-20,76,6,-20,11,3,53,8,-20,51,-20,44,12,56,-20,7,7,19,-20,-20,-20,6,-20,12,-20,-20,-20,17,4,-20,47,36,16,-20,14,-20,-20,-20,10,16,3,-20,13,10,-20,103,10,10,18,147,-20,11,4,5,15,4,21,4,28,22,9,13,-20,-20,15,2,4,-20,-20,10,132,3,5,-20,3,-20,4,11,14,3,7,-20,24,8,21,-20,-20,-20,13,9,-20,7,16,12,-20,-20,-20,34,-20,-20,-20,15,17,17,23,46,12,-20,20,-20,-20,-20,10,20,6,11,11,23,-20,12,-20,10,103,26,6,11,17,-20,-20,11,3,3,18,16,20,-20,10,-20,6,11,-20,2,-20,13,16,6,-20,-20,-20,21,83,58,-20,21,15,4,-20,4,-20,-20,9,15,6,-20,-20,25,31,30,13,6,15,-20,14,-20,7,-20,70,-20,16,17,-20,-20,-20,-20,10,-20,55,61,83,72,13,65,60,4,-20,67,60,7,7,60,14,5,-20,23,12,16,36,12,3,22,10,-20,7,-20,24,-20,-20,27,3,16,12,-20,-20,-20,15,-20,-20,20,17,14,45,-20,5,13,7,7,6,-20,93,-20,39,14,13,-20,-20,32,-20,26,-20,14,39,11,38,80,64,58,45,47,28,50,12,20,-20,-20,-20,-20,7,-20,-20,4,8,-20,8,6,-20,-20,8,16,-20,-20,-20,11,12,-20,25,21,14,19,24,21,5,-20,-20,60,64,-20,-20,45,50,-20,-20,46,21,56,66,23,56,14,60,53,-20,52,129,61,9,5,-20,15,60,-20,9,4,6,34,45,10,41,52,41,34,61,37,-20,21,-20,71,50,46,49,19,-20,19,-20,-20,14,4,-20,-20,9,-20,18,13,-20,11,7,5,-20,-20,9,-20,8,-20,-20,37,10,9,18,16,12,-20,-20,-20,3,18,-20,-20,-20,15,-20,20,-20,13,-20,11,-20,17,8,11,-20,-20,13,16,-20,11,3,-20,-20,-20,3,-20,15,9,15,11,-20,-20,-20,-20,-20,-20,-20,-20,-20,10,14,-20,-20,-20,-20,-20,-20,25,-20,4,-20,4,8,8,5,17,-20,-20,17,4,20,14,12,10,17,20,9,13,-20,17,34,34,-20,11,10,4,13,9,16,10,12,16,16,34,19,24,10,14,28,12,20,8,19,17,6,6,7,5,-20,-20,9,3,13,8,4,-20,3,-20,10,10,9,6,9,6,13,9,17,16,23,7,16,14,28,20,13,47,40,-20,-20,28,-20,16,19,17,16,15,29,15,7,-20,16,-20,24,33,-20,-20,24,11,4,-20,11,-20,39,21,-20,12,-20,15,-20,3,5,6,12,-20,4,6,14,10,26,23,21,13,12,-20,-20,9,11,-20,-20,12,4,19,10,10,-20,30,7,10,-20,20,-20,11,-20,22,19,17,14,34,-20,35,7,15,-20,29,20,23,24,9,10,-20,4,-20,6,21,13,46,-20,6,-20,5,9,-20,-20,13,40,-20,34,7,14,27,-20,5,38,17,6,-20,5,5,5,11,16,14,-20,13,-20,-20,10,7,11,7,-20,-20,4,7,2,-20,14,-20,4,-20,4,19,-20,7,-20,-20,21,-20,12,-20,-20,-20,24,-20,-20,-20,3,8,-20,-20,5,-20,-20,-20,9,-20,3,6,-20,6,-20,6,6,-20,-20,-20,4,17,8,-20,8,10,-20,-20,3,-20,9,20,9,-20,-20,22,10,-20,9,-20,18,-20,7,5,4,7,-20,4,-20,-20,-20,-20,15,8,5,3,13,8,-20,18,-20,3,4,5,-20,6,21,-20,6,8,13,-20,-20,17,15,-20,-20,-20,-20,5,4,-20,-20,11,6,8,8,-20,7,-20,-20,-20,-20,20,-20,-20,4,-20,-20,-20,-20,-20,-20,-20,8,-20,-20,-20,12,6,8,-20,-20,-20,-20,-20,-20,-20,8,-20,-20,-20,13,10,18,9,-20,8,-20,-20,16,10,4,-20,-20,-20,-20,-20,-20,32,45,-20,-20,19,-20,31,-20,125,60,74,80,-20,65,69,58,53,66
"chr4,4889869",-20,-20,-20,-20,-20,4,-20,-20,5,-20,-20,8,44,56,27,27,62,27,153,95,27,3,90,73,106,50,36,46,27,12,8,18,18,9,96,85,56,48,-20,8,13,13,8,17,15,10,11,39,25,20,14,34,63,19,27,10,45,14,33,57,48,52,63,28,39,47,43,92,97,23,34,29,16,47,39,76,29,8,20,9,11,31,28,-20,23,55,52,91,58,28,37,42,57,44,53,45,16,76,6,71,49,44,10,5,48,68,-20,42,68,-20,17,5,66,23,12,8,27,-20,7,5,-20,6,15,-20,25,-20,4,67,5,17,16,3,-20,11,-20,14,21,-20,3,15,4,10,11,6,6,2,12,14,5,4,5,20,12,13,27,11,12,23,-20,19,4,-20,4,9,-20,11,-20,7,17,4,74,71,73,30,-20,-20,5,-20,17,69,24,23,21,5,24,-20,24,40,22,16,34,38,6,19,15,21,27,15,12,14,16,12,22,-20,5,19,-20,26,26,24,10,12,4,22,-20,38,8,-20,15,11,21,14,8,12,10,16,33,32,40,13,39,8,26,46,9,22,5,10,-20,15,13,-20,-20,17,14,47,-20,14,9,37,10,24,20,10,37,28,19,26,47,26,36,46,20,15,17,33,33,-20,19,39,22,-20,14,33,30,31,101,99,43,104,11,15,11,42,12,20,12,9,18,-20,22,12,13,-20,38,57,66,5,4,-20,5,5,7,2,-20,54,54,-20,50,68,81,83,67,83,5,3,8,6,16,29,23,30,25,62,26,-20,7,27,5,66,6,6,10,3,49,8,18,51,41,39,13,57,14,7,7,12,8,10,-20,4,-20,13,12,-20,-20,16,3,-20,40,32,9,-20,15,-20,-20,-20,9,16,3,-20,13,10,9,99,11,10,17,131,8,5,3,5,16,-20,15,3,25,31,8,17,-20,-20,16,3,4,-20,7,11,124,3,5,7,2,25,4,9,13,3,8,9,26,8,17,10,-20,6,15,10,13,9,14,8,6,-20,9,29,-20,4,13,14,13,16,22,41,16,-20,15,-20,-20,3,9,28,5,10,11,22,-20,13,33,11,106,22,6,10,19,-20,-20,7,2,3,15,-20,18,-20,13,4,6,11,6,2,-20,12,15,6,-20,8,-20,17,85,57,-20,20,14,-20,-20,4,15,9,-20,17,6,16,-20,24,29,32,13,5,14,8,14,2,-20,10,74,9,16,15,11,2,-20,-20,7,-20,60,66,84,74,14,62,63,4,-20,70,59,5,8,62,12,4,16,-20,11,13,39,13,3,20,10,-20,5,-20,21,-20,-20,26,3,13,12,16,22,-20,14,-20,-20,18,16,13,38,-20,5,13,-20,8,6,3,92,13,22,15,11,7,-20,26,-20,26,-20,8,35,11,31,83,67,56,53,44,27,48,11,19,-20,-20,12,-20,6,21,8,2,-20,9,5,4,7,-20,-20,15,-20,-20,-20,10,10,5,25,17,12,15,24,22,4,-20,-20,50,49,30,27,39,45,-20,-20,42,15,44,59,21,44,17,60,32,19,47,86,58,10,4,25,-20,57,13,7,4,6,34,41,8,32,42,39,27,54,48,6,12,16,64,48,54,40,17,6,16,26,-20,10,4,-20,28,6,17,17,10,-20,9,6,4,-20,-20,9,-20,5,-20,-20,38,9,8,15,16,9,-20,-20,13,-20,17,3,2,7,12,13,19,-20,12,-20,9,-20,13,8,-20,-20,11,13,15,-20,10,3,19,11,-20,-20,11,16,8,16,8,-20,6,12,-20,7,-20,-20,-20,12,9,16,9,3,-20,16,-20,8,24,-20,-20,4,6,10,6,5,15,-20,-20,15,3,18,11,12,7,12,18,8,10,8,16,33,37,-20,12,9,5,12,8,14,9,11,15,16,31,17,16,-20,14,25,6,18,7,17,16,4,6,5,3,8,-20,8,3,14,8,4,-20,3,5,10,8,8,5,10,-20,11,10,15,14,24,6,15,14,25,20,12,47,38,-20,-20,24,-20,15,16,16,16,12,24,15,7,-20,16,-20,20,32,10,6,24,12,4,-20,11,-20,35,18,6,11,9,15,-20,3,5,6,4,-20,3,6,13,9,23,21,18,10,11,13,-20,10,11,14,10,12,3,17,9,9,16,26,7,8,-20,17,3,10,-20,15,16,13,11,30,12,35,7,15,13,29,20,23,22,8,10,14,4,6,6,18,10,41,-20,6,-20,5,6,5,20,12,33,-20,34,3,14,22,-20,5,32,15,6,-20,3,5,5,11,13,13,-20,12,3,8,8,4,10,8,8,6,4,8,-20,-20,13,-20,4,-20,4,19,12,-20,-20,23,19,-20,11,-20,-20,-20,24,-20,-20,-20,3,8,13,-20,5,-20,-20,-20,7,-20,3,6,-20,5,-20,3,6,18,-20,-20,3,16,4,-20,7,8,-20,-20,3,-20,8,19,7,-20,-20,18,8,-20,8,-20,16,-20,7,-20,6,4,-20,-20,3,2,-20,-20,10,7,5,3,10,6,-20,15,-20,-20,4,-20,-20,5,16,7,4,8,17,-20,-20,24,13,-20,-20,-20,-20,4,5,-20,-20,11,-20,7,10,17,-20,-20,-20,-20,8,17,-20,-20,5,-20,12,5,-20,-20,14,5,8,9,-20,-20,14,-20,6,-20,-20,-20,4,-20,4,12,6,-20,-20,4,16,11,15,9,8,9,-20,-20,19,14,4,-20,5,7,-20,-20,-20,40,41,-20,23,17,23,33,29,107,56,36,80,-20,61,67,57,44,59
"chr4,4889870",-20,-20,-20,-20,-20,4,-20,-20,5,-20,-20,8,45,55,27,27,62,27,154,92,27,3,89,71,105,51,37,46,-20,12,8,18,-20,9,96,85,56,48,-20,8,13,13,8,17,16,10,11,38,25,20,14,33,61,19,26,10,45,14,33,59,48,53,65,28,39,46,43,92,98,23,33,29,16,49,39,76,29,8,20,9,11,31,27,-20,23,56,52,89,58,28,37,42,56,43,53,45,16,76,6,71,50,44,10,5,48,70,-20,42,66,-20,17,5,64,23,12,8,27,-20,7,5,-20,6,15,-20,25,-20,4,66,5,17,17,3,-20,11,-20,14,21,-20,3,15,4,-20,11,6,6,2,12,14,-20,4,5,19,12,13,27,11,12,23,-20,19,4,-20,4,9,-20,11,-20,7,17,-20,73,71,71,30,-20,-20,5,-20,17,69,24,23,22,5,24,2,24,40,20,16,34,39,6,19,15,21,27,15,12,14,16,12,22,-20,5,19,-20,26,26,24,10,12,4,22,-20,38,8,-20,15,11,21,14,8,13,10,16,32,32,42,13,39,8,26,46,8,22,5,10,-20,15,13,-20,-20,17,14,47,-20,14,9,41,10,24,20,10,37,28,19,25,47,26,35,47,20,16,17,32,32,27,19,39,23,-20,14,32,29,30,100,98,43,104,11,15,11,40,12,20,12,9,18,-20,22,12,13,-20,38,57,66,5,4,-20,5,5,7,2,-20,54,54,-20,50,69,83,82,66,-20,5,3,8,6,16,29,23,30,23,62,26,-20,7,26,5,68,6,6,10,3,49,8,-20,51,41,39,13,56,14,7,7,12,-20,10,-20,4,-20,13,13,-20,-20,16,3,-20,40,31,8,-20,15,-20,-20,-20,9,16,3,-20,13,10,9,98,12,10,17,131,8,5,3,5,17,-20,15,3,25,31,8,17,-20,-20,16,3,4,-20,7,11,126,3,5,7,2,25,4,9,12,3,8,9,27,8,17,10,-20,6,15,11,12,10,14,8,5,-20,9,29,-20,4,13,14,12,16,22,40,16,-20,15,-20,-20,3,9,29,5,10,11,22,-20,13,32,11,104,22,6,10,19,-20,-20,7,2,3,15,-20,18,-20,13,4,6,11,6,2,-20,12,15,6,-20,8,-20,17,85,57,-20,22,14,-20,-20,4,15,9,-20,17,6,16,-20,24,29,32,13,5,14,8,14,2,8,10,75,9,16,15,11,2,-20,-20,7,-20,60,64,84,73,14,62,62,4,-20,69,59,5,8,61,12,4,16,-20,11,14,39,12,3,20,10,-20,5,-20,21,-20,-20,25,3,13,12,16,22,-20,14,-20,-20,19,16,13,39,-20,5,13,7,8,6,3,90,13,22,14,11,7,-20,26,-20,25,-20,8,35,11,30,81,66,56,53,45,27,48,11,19,-20,-20,12,-20,6,21,8,2,-20,9,5,4,7,-20,-20,15,-20,-20,-20,10,10,5,25,17,13,15,24,22,4,-20,-20,50,49,29,27,38,45,-20,-20,42,15,43,59,21,44,17,61,32,19,47,86,60,10,4,25,12,57,13,7,4,6,33,42,8,31,42,39,27,54,48,6,12,16,64,48,54,40,17,6,16,26,-20,10,4,-20,28,6,17,17,10,-20,9,6,4,-20,-20,9,-20,5,-20,-20,38,9,8,15,15,9,-20,-20,13,-20,16,3,2,7,12,12,19,-20,12,-20,9,-20,13,8,-20,-20,11,13,15,-20,10,3,19,11,-20,-20,11,16,8,16,8,-20,6,12,-20,7,-20,-20,-20,12,9,15,9,3,-20,16,-20,7,24,-20,-20,4,6,10,6,5,15,-20,-20,15,3,18,-20,12,7,12,18,8,10,8,16,33,37,-20,12,9,5,12,8,-20,9,11,14,16,31,17,17,9,14,25,6,18,7,17,15,4,6,5,3,8,-20,8,3,14,8,4,-20,3,5,-20,8,8,5,10,8,10,10,15,14,24,6,15,14,25,19,12,46,38,-20,-20,24,-20,15,16,16,15,12,24,15,7,-20,16,-20,20,31,10,6,24,12,4,-20,11,-20,35,18,6,11,9,15,-20,3,-20,6,-20,-20,3,6,13,9,23,21,18,9,11,13,-20,10,11,14,10,12,3,18,9,9,16,26,7,8,-20,16,3,10,-20,15,-20,13,11,30,12,34,7,15,13,28,20,23,22,7,10,-20,4,6,6,18,10,40,-20,6,-20,5,6,5,20,12,33,-20,34,3,14,22,-20,5,32,15,6,-20,3,5,5,11,13,13,-20,12,3,8,8,4,10,8,8,6,4,8,-20,-20,13,-20,4,-20,4,19,12,6,-20,24,19,-20,11,-20,-20,-20,24,-20,-20,-20,3,8,13,-20,5,-20,-20,-20,7,-20,3,6,-20,5,-20,3,6,18,-20,-20,3,16,4,-20,7,8,-20,-20,3,-20,8,19,7,-20,-20,18,8,-20,8,-20,16,-20,7,-20,6,4,-20,-20,3,2,-20,-20,10,7,5,3,10,6,-20,15,-20,-20,4,-20,-20,5,16,7,4,8,17,4,-20,24,13,-20,-20,-20,-20,4,4,-20,-20,12,-20,6,9,16,-20,5,-20,-20,8,-20,-20,-20,3,-20,13,-20,-20,-20,15,9,8,-20,-20,9,14,-20,6,-20,-20,-20,4,-20,4,11,5,-20,-20,5,14,10,15,8,-20,-20,-20,-20,16,-20,4,-20,3,7,7,13,-20,40,41,-20,23,17,23,33,28,106,56,37,80,-20,61,66,56,43,57
