"chr,position",88,108,139,159,265,350,351,403,410,424,428,430,470,476,484,504,506,531,544,546,628,630,680,681,685,687,728,742,763,765,766,768,772,801,853,854,867,868,870,915,932,991,992,997,1002,1006,1061,1062,1063,1066,1070,1158,1166,1254,1257,1313,1317,1552,1612,1622,1651,1652,1676,1684,1739,1741,1756,1757,1793,1797,1819,1820,1829,1834,1835,1851,1852,1853,1872,1890,1925,1942,1943,1954,2016,2017,2031,2053,2057,2081,2091,2106,2108,2141,2159,2166,2171,2191,2202,2212,2239,2240,2276,2278,2285,2286,2317,2370,2412,4779,4807,4826,4840,4857,4884,4900,4939,4958,5023,5104,5151,5165,5210,5236,5249,5253,5276,5279,5349,5353,5395,5486,5577,5644,5651,5717,5718,5720,5726,5741,5748,5757,5768,5772,5776,5779,5784,5798,5800,5811,5822,5830,5831,5832,5836,5837,5856,5860,5865,5867,5874,5890,5893,5907,5921,5950,5984,5993,6008,6009,6010,6011,6012,6013,6016,6017,6019,6020,6021,6022,6023,6024,6025,6030,6034,6035,6036,6038,6039,6040,6041,6042,6043,6046,6064,6069,6070,6071,6073,6074,6076,6077,6085,6086,6087,6088,6090,6091,6092,6094,6095,6096,6097,6098,6099,6100,6101,6102,6104,6105,6106,6107,6108,6109,6111,6112,6113,6114,6115,6118,6119,6122,6123,6124,6125,6126,6128,6131,6132,6133,6134,6136,6137,6138,6140,6141,6142,6145,6148,6149,6150,6151,6153,6154,6163,6166,6169,6172,6173,6174,6177,6180,6184,6188,6189,6191,6192,6193,6194,6195,6198,6201,6202,6203,6209,6210,6214,6216,6217,6218,6220,6221,6231,6235,6237,6238,6240,6241,6242,6243,6244,6252,6255,6258,6268,6276,6284,6296,6390,6396,6413,6424,6434,6445,6680,6739,6740,6744,6749,6750,6805,6806,6814,6830,6897,6898,6900,6901,6903,6904,6907,6908,6909,6911,6913,6915,6917,6918,6919,6920,6922,6923,6924,6926,6927,6929,6931,6932,6933,6938,6940,6943,6944,6945,6951,6956,6957,6958,6959,6960,6961,6963,6966,6967,6968,6969,6970,6971,6973,6974,6975,6976,6979,6981,6982,6984,6986,6987,6989,6990,6992,6997,7000,7002,7003,7008,7013,7014,7025,7026,7028,7031,7033,7036,7058,7061,7062,7063,7064,7067,7068,7071,7072,7077,7081,7092,7094,7096,7102,7103,7106,7107,7109,7111,7117,7119,7120,7125,7126,7127,7130,7133,7138,7143,7147,7158,7160,7161,7162,7163,7164,7165,7169,7177,7181,7183,7186,7192,7199,7202,7203,7207,7208,7209,7213,7217,7218,7223,7231,7236,7244,7248,7250,7255,7258,7268,7273,7276,7280,7282,7287,7288,7296,7298,7305,7306,7307,7314,7316,7319,7320,7322,7323,7327,7328,7332,7333,7337,7342,7343,7344,7346,7347,7349,7350,7353,7354,7356,7358,7359,7372,7373,7377,7378,7382,7383,7384,7387,7394,7396,7404,7411,7413,7415,7416,7417,7418,7419,7424,7427,7430,7460,7461,7471,7475,7477,7514,7515,7516,7517,7520,7521,7523,7525,7529,7530,7566,7568,7717,7757,7767,7917,7947,8037,8057,8077,8132,8171,8214,8222,8227,8230,8231,8233,8234,8235,8236,8237,8238,8239,8240,8241,8242,8243,8244,8246,8247,8249,8256,8258,8259,8264,8283,8284,8285,8290,8297,8306,8307,8311,8312,8326,8334,8335,8337,8343,8351,8354,8357,8365,8366,8369,8376,8386,8387,8419,8420,8422,8424,8426,8427,8464,8483,8699,8723,9027,9057,9058,9067,9069,9070,9075,9078,9079,9081,9084,9085,9089,9091,9095,9099,9100,9102,9103,9104,9105,9106,9111,9113,9114,9115,9121,9125,9128,9130,9131,9133,9134,9298,9312,9314,9321,9323,9332,9336,9339,9343,9352,9353,9363,9369,9370,9371,9380,9381,9382,9383,9386,9388,9390,9391,9392,9394,9395,9399,9402,9404,9405,9407,9408,9409,9412,9413,9416,9421,9427,9433,9436,9437,9442,9450,9451,9452,9453,9454,9455,9470,9471,9476,9481,9503,9506,9507,9508,9509,9510,9511,9512,9513,9514,9515,9517,9518,9519,9520,9521,9522,9523,9524,9525,9526,9527,9528,9529,9530,9531,9532,9533,9534,9535,9536,9537,9539,9540,9541,9542,9543,9544,9545,9546,9547,9548,9549,9550,9551,9552,9553,9554,9555,9556,9557,9558,9559,9560,9561,9562,9564,9565,9567,9568,9569,9571,9573,9574,9576,9577,9578,9579,9581,9582,9583,9584,9585,9586,9587,9588,9589,9590,9591,9592,9593,9594,9595,9596,9597,9598,9599,9600,9601,9602,9606,9607,9608,9609,9610,9611,9612,9613,9615,9616,9617,9619,9620,9621,9622,9624,9625,9626,9627,9628,9629,9630,9631,9632,9633,9634,9635,9636,9637,9638,9639,9640,9641,9642,9643,9644,9645,9646,9647,9648,9649,9651,9653,9655,9656,9657,9658,9659,9660,9661,9663,9664,9665,9666,9667,9668,9669,9670,9671,9672,9673,9676,9677,9678,9679,9680,9681,9682,9683,9684,9685,9686,9687,9689,9690,9691,9692,9693,9694,9695,9696,9697,9698,9699,9700,9701,9703,9704,9705,9706,9707,9708,9709,9710,9711,9712,9713,9714,9716,9717,9718,9719,9720,9721,9722,9723,9725,9726,9727,9728,9729,9730,9731,9732,9733,9735,9736,9737,9738,9739,9741,9743,9744,9745,9747,9748,9749,9754,9755,9756,9757,9758,9759,9761,9762,9764,9766,9768,9769,9770,9771,9772,9774,9775,9776,9777,9778,9779,9780,9781,9782,9783,9784,9785,9786,9787,9788,9789,9790,9791,9792,9793,9794,9795,9796,9797,9798,9799,9800,9801,9802,9803,9804,9805,9806,9807,9808,9809,9810,9811,9812,9813,9814,9815,9816,9817,9819,9820,9821,9822,9823,9824,9825,9826,9827,9828,9830,9831,9832,9833,9834,9835,9836,9837,9838,9839,9840,9841,9843,9844,9845,9846,9847,9848,9849,9850,9851,9852,9853,9854,9855,9856,9857,9858,9859,9860,9861,9862,9864,9866,9867,9868,9869,9870,9871,9873,9874,9875,9876,9877,9878,9879,9880,9881,9882,9883,9885,9886,9887,9888,9890,9891,9892,9894,9895,9897,9898,9899,9900,9901,9902,9903,9904,9905,9906,9908,9909,9910,9911,9912,9914,9915,9917,9918,9920,9921,9924,9925,9926,9927,9928,9929,9930,9932,9933,9935,9937,9938,9939,9941,9942,9943,9944,9945,9946,9947,9948,9949,9950,9951,9952,9953,9955,9956,9957,9958,9959,9960,9962,9963,9964,9965,9966,9968,9969,9970,9971,9972,9973,9974,9975,9976,9978,9979,9980,9981,9982,9983,9984,9985,9986,9987,9988,9990,9991,9993,9995,9996,9997,9998,9999,10001,10002,10004,10005,10006,10008,10009,10010,10011,10012,10013,10014,10015,10017,10018,10020,10022,10023,10027,14312,14313,14314,14315,14318,14319,15560,15591,15592,15593,18694,18696,19949,19950,19951
"chr1,12035026",5,-20,-20,7,-20,5,10,3,3,3,-20,-20,-20,-20,-20,-20,-20,3,-20,-20,62,9,-20,-20,-20,-20,-20,-20,22,6,9,8,10,15,-20,-20,-20,-20,-20,15,12,40,34,24,19,60,11,74,12,27,32,28,45,-20,-20,23,53,63,-20,-20,-20,-20,-20,-20,-20,-20,-20,-20,-20,-20,-20,-20,17,-20,-20,-20,-20,-20,4,11,13,-20,-20,-20,11,-20,-20,-20,37,-20,-20,-20,-20,-20,-20,-20,11,-20,10,-20,-20,-20,-20,4,-20,-20,3,-20,-20,7,-20,-20,55,62,-20,4,73,10,4,5,6,11,10,10,67,7,4,57,13,15,42,11,-20,-20,47,55,73,-20,5,7,5,5,7,11,68,9,6,58,9,5,5,21,22,28,31,10,6,12,61,27,4,7,8,5,9,3,9,6,5,7,5,76,29,23,6,44,24,24,16,78,15,20,4,3,13,3,15,32,10,11,39,15,-20,-20,9,18,26,15,35,21,9,19,51,32,24,17,38,45,4,27,39,29,17,29,23,8,25,10,16,22,19,16,32,49,13,8,13,14,39,27,30,32,46,30,20,18,21,34,22,25,32,26,32,11,15,25,24,21,13,25,9,30,12,-20,3,26,18,25,39,41,15,16,17,22,20,16,17,19,6,43,35,35,24,35,-20,8,49,62,36,58,10,12,11,33,5,35,15,9,8,25,17,24,9,13,52,31,42,4,3,3,39,5,8,7,8,-20,-20,3,-20,-20,-20,-20,-20,67,10,13,5,-20,20,107,18,27,15,29,18,12,3,15,14,37,7,26,4,5,-20,-20,11,45,98,19,6,45,-20,25,9,12,7,9,28,11,15,5,17,14,5,13,11,16,17,15,11,22,13,9,9,-20,15,6,5,8,11,7,4,41,11,-20,11,63,-20,19,9,10,-20,11,15,3,19,30,11,25,-20,10,7,6,12,10,-20,8,51,13,11,13,10,26,14,13,7,13,10,8,14,8,8,26,-20,7,-20,7,7,7,11,17,14,10,9,36,42,12,21,28,15,13,101,18,36,8,5,5,9,5,5,-20,8,7,9,-20,19,7,16,15,51,45,8,5,5,5,14,15,5,7,-20,36,9,18,60,8,4,16,13,6,-20,6,9,9,19,7,8,-20,-20,-20,23,47,-20,-20,6,19,14,14,8,20,6,-20,48,27,-20,51,7,21,-20,7,9,6,11,-20,-20,8,11,-20,-20,-20,12,43,2,-20,-20,-20,41,-20,11,-20,-20,8,13,-20,-20,-20,3,42,9,5,-20,21,6,-20,38,18,12,9,16,8,12,18,29,-20,-20,-20,9,6,8,27,38,22,14,15,11,18,16,8,35,7,14,34,28,11,5,-20,2,6,92,-20,-20,7,-20,17,4,18,12,17,34,25,28,-20,-20,-20,-20,-20,20,33,15,27,18,10,24,9,10,5,16,16,14,15,10,-20,-20,19,-20,-20,3,35,5,11,16,16,15,17,17,18,22,16,13,3,-20,25,15,-20,79,49,46,57,61,31,32,35,33,74,27,24,64,43,20,39,91,56,20,10,21,43,114,22,13,26,13,24,26,37,39,29,48,38,30,46,13,37,14,84,20,18,49,40,13,15,10,20,8,9,14,8,13,17,15,6,10,7,17,9,11,14,7,19,13,10,14,13,9,-20,7,7,10,11,15,12,21,15,6,16,11,11,10,6,3,12,7,15,7,12,7,-20,9,14,7,15,10,12,-20,9,12,-20,4,17,15,12,21,9,15,10,11,19,7,17,17,5,19,8,9,11,12,11,18,15,-20,20,16,18,9,14,7,8,9,15,21,16,8,-20,9,11,3,9,13,7,15,15,5,11,14,13,3,8,12,14,9,6,6,7,13,6,2,5,13,18,-20,6,9,7,14,8,15,10,8,9,5,5,11,7,7,9,17,5,6,11,-20,8,19,17,7,8,9,5,13,8,-20,18,19,17,11,17,-20,-20,-20,-20,-20,3,7,-20,8,-20,-20,10,-20,-20,13,9,13,7,11,7,15,17,4,3,13,11,10,18,10,10,13,5,6,3,6,18,4,-20,13,5,15,9,9,7,8,6,13,3,13,14,9,-20,4,-20,7,11,9,4,5,6,10,12,5,18,5,6,14,7,16,-20,-20,86,17,14,21,12,-20,-20,9,15,4,20,13,17,18,12,3,20,26,16,10,11,14,27,16,16,3,6,11,14,23,9,14,20,16,9,-20,20,12,7,13,8,18,11,11,7,10,8,8,7,-20,8,10,11,15,5,3,5,8,7,6,7,-20,-20,6,5,10,-20,17,11,5,14,19,10,15,7,13,8,6,17,10,-20,11,13,11,7,18,7,-20,-20,5,-20,-20,4,4,6,12,9,8,6,10,13,5,8,15,5,13,8,9,10,4,-20,9,9,8,5,7,31,10,8,13,15,9,-20,11,14,9,6,7,4,13,11,-20,11,23,4,11,17,15,9,13,3,6,7,-20,19,6,9,6,-20,-20,9,7,-20,8,11,8,7,-20,15,12,12,23,-20,11,12,3,-20,12,8,-20,8,10,12,17,9,10,16,5,21,15,3,17,10,6,18,13,13,3,12,9,7,13,8,4,7,11,12,21,14,-20,31,15,4,14,4,21,14,15,2,8,20,3,4,7,18,-20,12,17,5,11,3,10,39,57,21,38,25,43,36,35,85,54,61,-20,48,58,61,63,49,64
"chr1,12035027",5,-20,-20,8,7,4,10,3,3,2,-20,-20,-20,-20,-20,-20,-20,3,-20,-20,60,9,-20,-20,-20,-20,-20,-20,22,6,9,8,10,14,-20,-20,-20,-20,-20,15,12,38,34,24,22,60,12,73,11,27,32,28,43,-20,-20,23,53,65,-20,-20,-20,-20,-20,-20,-20,-20,-20,-20,-20,-20,-20,-20,17,-20,-20,-20,-20,-20,4,12,13,-20,-20,-20,10,-20,-20,-20,38,-20,-20,-20,-20,-20,-20,-20,11,-20,10,-20,-20,-20,-20,4,-20,-20,-20,-20,-20,7,-20,-20,55,61,-20,4,71,10,4,5,6,10,10,10,68,7,4,56,13,15,42,11,-20,-20,46,55,73,-20,5,7,5,5,7,11,68,9,6,58,9,5,5,21,22,-20,31,9,6,12,61,29,4,7,8,5,9,3,9,6,5,7,5,75,32,23,6,44,25,24,17,76,15,-20,4,2,14,3,14,33,10,12,39,15,-20,-20,9,18,26,15,33,20,9,18,49,32,24,18,-20,44,4,28,39,29,16,29,22,8,25,10,15,23,19,16,31,48,12,8,-20,14,39,27,30,33,-20,28,20,17,21,-20,22,25,32,26,32,11,15,-20,24,21,14,25,9,32,13,-20,3,26,18,25,39,40,15,16,16,22,21,15,17,19,6,42,35,36,24,34,-20,8,48,62,36,61,9,12,11,32,5,35,15,9,8,23,17,23,9,13,52,31,43,4,3,3,39,5,8,7,8,-20,-20,3,-20,-20,-20,-20,-20,67,9,13,5,-20,19,105,18,27,15,29,17,11,3,15,13,-20,7,26,4,5,-20,-20,11,42,95,21,6,45,-20,25,9,13,-20,9,29,12,15,5,17,14,5,13,11,16,17,15,11,22,13,10,9,-20,15,7,6,8,-20,7,4,41,11,-20,11,60,-20,19,9,10,-20,10,15,3,20,30,11,25,-20,10,7,6,12,10,-20,8,51,13,11,13,10,25,14,13,7,13,9,8,13,8,-20,27,-20,7,-20,6,7,7,11,17,14,10,9,36,42,12,21,28,16,13,101,18,36,9,5,5,9,5,5,-20,7,7,9,-20,19,7,16,14,51,45,8,5,5,5,14,15,5,7,-20,-20,9,18,59,8,4,16,13,6,-20,6,9,10,19,7,8,-20,-20,-20,23,47,-20,-20,6,19,14,14,8,20,6,-20,48,27,-20,51,6,20,-20,7,9,6,11,-20,-20,7,11,-20,-20,-20,12,44,2,-20,-20,-20,41,-20,11,-20,-20,8,13,-20,-20,-20,3,42,9,5,-20,21,7,-20,35,18,11,9,-20,8,12,18,29,14,-20,-20,8,6,8,27,37,22,14,15,11,18,16,-20,36,7,14,33,28,13,5,-20,2,6,93,-20,-20,7,-20,16,4,17,12,16,34,24,28,-20,-20,-20,-20,-20,20,34,15,27,18,10,24,9,10,5,15,16,14,16,10,-20,-20,19,-20,-20,3,35,5,11,16,16,16,18,17,18,22,16,13,3,-20,26,15,-20,78,49,46,57,60,30,34,35,32,73,25,25,65,42,22,39,91,56,20,11,21,43,114,22,13,26,13,24,27,38,39,30,48,38,30,46,13,37,16,85,20,18,49,41,14,15,11,18,8,9,14,8,14,17,14,6,10,7,17,9,11,14,7,19,13,11,14,13,9,-20,7,7,10,11,15,13,21,15,6,16,12,11,10,6,3,12,7,16,7,11,7,-20,9,13,7,16,10,12,6,9,12,-20,-20,17,15,12,21,9,15,10,11,19,7,17,17,5,20,8,9,11,12,11,18,15,8,19,16,19,9,14,8,-20,9,15,21,16,9,-20,9,11,3,9,13,7,16,15,5,11,14,14,3,8,12,14,9,6,6,7,13,6,2,5,13,18,-20,6,9,7,14,7,15,10,8,10,5,5,11,7,7,9,17,5,6,11,-20,8,19,16,7,8,10,6,13,8,8,17,18,16,11,17,-20,-20,-20,-20,-20,3,7,-20,8,-20,-20,9,-20,-20,14,11,13,7,11,7,14,17,4,3,13,11,11,18,10,10,12,5,6,3,6,18,4,-20,13,5,15,9,9,8,8,6,14,3,12,14,9,-20,4,-20,7,12,9,4,5,6,10,12,6,18,5,6,14,7,16,-20,-20,86,17,14,21,11,-20,-20,9,15,4,19,13,17,18,12,3,20,27,17,10,11,14,26,18,14,3,6,11,14,23,9,14,21,16,9,-20,20,13,7,13,8,18,11,11,7,10,8,8,7,-20,8,10,10,15,4,4,5,8,6,6,7,-20,-20,6,5,10,-20,17,11,5,14,19,9,15,7,12,8,6,17,10,8,11,13,11,7,20,8,-20,-20,5,-20,-20,4,4,6,13,9,8,6,10,12,7,8,15,5,13,8,9,10,4,-20,9,8,8,-20,7,31,10,8,13,15,9,-20,11,14,9,6,7,4,13,11,3,11,24,4,11,18,15,9,13,3,6,7,-20,19,6,8,6,-20,-20,9,7,-20,8,10,8,8,-20,15,13,13,21,-20,11,15,2,-20,10,-20,4,-20,10,12,16,9,-20,15,5,21,14,3,16,9,-20,18,-20,14,3,11,9,5,14,10,4,8,11,12,20,14,9,29,16,-20,13,4,19,13,15,-20,-20,18,3,4,6,21,-20,11,16,6,12,3,10,39,55,22,38,25,43,33,37,83,56,61,-20,47,58,58,63,47,63
"chr1,12035029",5,-20,-20,8,7,4,10,3,-20,2,-20,-20,-20,-20,-20,-20,-20,3,-20,-20,61,9,-20,-20,-20,-20,-20,-20,22,5,9,8,9,14,-20,-20,-20,-20,-20,15,12,38,34,24,25,62,12,71,12,27,31,28,43,-20,-20,23,52,65,-20,-20,-20,-20,-20,-20,-20,-20,-20,-20,-20,-20,-20,-20,18,-20,-20,-20,-20,-20,4,12,13,-20,-20,-20,12,-20,-20,-20,38,-20,-20,-20,-20,-20,-20,-20,11,-20,10,-20,-20,-20,-20,4,-20,-20,-20,-20,-20,7,-20,-20,53,62,-20,4,72,10,4,5,6,11,11,11,70,7,4,49,13,15,43,11,-20,-20,46,58,71,-20,5,7,5,5,7,11,67,9,6,56,9,5,6,21,22,29,33,9,6,12,61,29,4,7,8,5,9,3,9,6,6,7,5,75,30,23,6,45,25,25,17,76,14,20,4,2,14,3,16,33,9,13,38,16,-20,-20,9,17,26,15,33,18,9,17,49,30,24,-20,37,44,4,26,33,31,16,28,22,8,25,10,15,23,19,15,31,50,11,8,13,15,39,26,30,34,46,34,17,17,20,33,22,25,33,24,32,12,15,24,24,20,13,24,9,32,12,-20,3,26,18,25,37,41,15,15,17,24,-20,16,16,19,6,39,34,37,22,31,-20,8,48,62,35,60,9,12,11,32,5,35,14,9,8,19,17,25,9,13,52,31,43,4,4,3,39,5,8,7,8,-20,-20,3,-20,-20,-20,-20,-20,66,9,13,5,-20,19,106,-20,26,15,29,18,11,3,-20,13,37,7,28,4,5,-20,-20,11,41,93,22,6,44,-20,25,9,14,6,8,27,12,15,5,16,14,6,13,11,17,15,15,11,22,14,10,9,-20,15,7,6,8,11,7,4,43,11,-20,13,60,-20,19,9,9,-20,10,15,3,19,31,12,25,-20,10,7,6,12,11,-20,7,50,13,11,13,10,23,13,13,7,12,9,7,13,8,9,26,-20,8,-20,6,7,6,11,17,14,12,9,35,44,12,20,29,17,13,102,16,37,10,5,5,9,5,5,-20,7,8,9,-20,20,7,16,15,48,45,8,5,5,5,14,14,4,7,-20,39,9,18,57,8,4,15,13,6,-20,6,9,10,19,7,8,-20,-20,-20,23,53,-20,-20,6,19,14,14,10,21,5,-20,51,27,-20,51,6,20,-20,7,9,6,10,-20,-20,7,11,-20,-20,-20,11,42,2,-20,-20,-20,42,-20,14,-20,-20,-20,13,-20,-20,-20,4,43,9,5,-20,20,7,-20,35,18,-20,9,16,7,10,18,28,14,-20,-20,8,5,8,27,36,22,15,15,11,18,16,8,36,7,14,32,25,12,5,-20,2,6,91,-20,-20,7,-20,16,5,16,12,15,34,24,28,-20,-20,-20,-20,-20,19,36,15,29,17,10,25,9,10,5,16,16,14,15,10,-20,-20,19,-20,-20,3,36,5,12,16,17,17,18,17,18,21,17,13,3,-20,26,15,-20,77,48,46,59,60,30,35,33,31,73,25,23,66,42,22,38,89,58,20,11,21,43,113,22,12,26,12,24,27,37,36,29,48,41,30,46,13,36,16,85,20,18,49,45,13,14,11,20,8,9,14,8,13,16,14,6,12,7,17,9,13,14,7,19,13,11,14,13,9,-20,7,9,11,11,14,13,23,15,6,17,11,11,10,6,3,12,7,16,7,11,7,-20,11,13,7,16,10,12,5,9,12,-20,5,18,16,12,21,9,16,10,11,19,7,16,17,5,20,8,12,11,12,11,17,15,8,20,17,18,9,13,8,7,10,15,21,16,10,-20,9,12,4,9,13,7,16,15,5,11,14,15,3,8,12,14,9,6,6,7,13,6,-20,4,13,18,-20,6,9,7,14,7,15,10,-20,11,5,5,11,7,9,9,17,5,7,12,-20,8,19,16,7,8,10,7,14,8,8,18,18,17,11,16,-20,-20,-20,-20,-20,3,7,-20,8,-20,-20,9,-20,-20,15,11,15,8,11,7,14,17,4,3,13,11,11,19,11,10,13,6,7,3,6,19,4,-20,13,5,13,9,9,10,10,6,15,3,12,14,9,-20,4,-20,7,11,10,4,6,9,11,13,6,18,5,6,14,7,16,-20,-20,88,17,14,20,11,-20,-20,9,17,4,19,13,18,17,12,3,20,27,17,10,12,14,26,18,14,3,8,11,15,21,9,14,22,18,9,-20,20,13,7,13,8,18,11,11,6,11,7,8,7,-20,7,10,10,14,4,4,5,10,6,6,-20,-20,-20,6,5,9,-20,18,11,5,14,20,-20,15,8,13,8,5,17,10,8,11,14,11,7,20,8,-20,-20,5,-20,-20,4,4,6,12,9,8,7,12,12,8,8,16,5,13,8,9,11,4,-20,10,8,8,-20,7,32,10,8,14,15,9,-20,10,14,9,6,7,4,13,11,3,10,24,4,12,18,15,10,13,3,6,7,-20,19,5,9,6,-20,-20,8,7,-20,-20,11,8,8,3,14,15,13,21,-20,11,17,2,-20,11,10,4,-20,9,12,17,8,9,15,5,22,17,3,18,10,6,21,15,13,4,13,10,7,16,10,4,9,10,12,22,12,8,33,16,-20,12,4,18,14,16,2,8,20,4,4,6,20,-20,11,18,6,12,4,10,38,57,23,38,25,44,33,39,81,55,61,-20,52,58,60,65,47,64
"chr1,12035038",4,-20,-20,7,8,4,11,4,3,2,-20,-20,-20,-20,-20,-20,-20,2,-20,-20,64,8,-20,-20,-20,-20,-20,-20,24,5,8,8,8,14,-20,-20,-20,-20,-20,18,12,38,33,27,26,63,11,77,11,25,27,26,47,-20,2,21,44,63,-20,-20,-20,-20,-20,-20,-20,-20,-20,-20,-20,-20,-20,-20,19,-20,-20,-20,-20,-20,4,14,14,-20,-20,-20,10,-20,-20,-20,34,-20,-20,-20,-20,-20,-20,-20,13,-20,10,-20,-20,-20,-20,4,-20,-20,3,-20,-20,6,-20,-20,50,59,-20,5,70,10,4,5,7,12,9,9,73,9,3,42,12,15,38,10,-20,-20,41,60,66,-20,4,6,6,5,6,10,58,8,5,54,8,6,7,21,22,30,36,9,-20,12,62,29,3,7,7,8,10,3,8,6,8,7,5,76,34,22,5,46,24,25,19,68,15,19,4,3,13,4,16,31,11,13,41,14,-20,-20,12,18,26,14,33,24,9,17,49,28,22,18,39,38,5,26,34,26,14,28,22,8,29,13,17,22,18,16,32,44,9,7,12,15,38,23,30,33,45,45,15,17,24,36,23,26,30,24,30,13,14,23,25,19,16,25,13,-20,13,-20,3,25,18,23,36,41,15,19,17,23,20,17,18,20,6,37,33,37,22,28,-20,8,44,56,34,74,10,13,10,36,6,31,15,9,6,24,18,28,9,13,56,27,45,4,5,4,41,5,8,7,6,-20,-20,4,-20,-20,-20,-20,-20,64,10,14,6,4,20,109,22,25,13,28,17,10,3,20,12,40,7,30,4,5,-20,-20,12,44,94,20,6,37,-20,26,9,14,6,7,24,15,15,5,13,15,8,12,11,15,12,15,12,18,11,11,7,-20,15,7,6,6,9,6,5,43,11,-20,12,64,-20,17,10,10,-20,11,15,3,17,30,11,26,-20,11,7,6,12,11,3,8,49,10,10,12,9,29,14,16,7,11,10,8,14,7,10,28,-20,9,-20,7,7,5,10,19,12,14,9,35,42,9,19,27,19,12,99,16,39,11,4,6,9,5,5,-20,7,7,12,-20,27,7,16,-20,48,42,7,5,4,7,11,14,-20,6,-20,42,10,19,53,8,4,17,14,6,-20,6,9,11,18,7,9,-20,-20,-20,24,51,-20,-20,7,19,13,12,10,20,5,-20,53,31,-20,50,6,19,-20,7,9,6,13,-20,-20,8,13,-20,-20,-20,12,38,2,-20,-20,-20,46,-20,16,-20,-20,6,-20,-20,-20,-20,4,42,11,5,-20,20,7,-20,37,16,12,10,14,7,10,18,29,12,-20,-20,9,6,7,26,35,18,32,12,11,18,16,8,38,7,14,35,30,10,5,-20,2,7,92,-20,-20,5,-20,15,4,17,12,17,29,26,28,-20,-20,-20,-20,-20,18,41,16,28,18,9,23,9,10,5,15,15,13,14,8,-20,-20,17,-20,-20,5,37,9,13,18,15,19,16,16,17,19,16,13,4,-20,26,15,-20,84,48,46,62,60,27,31,36,24,68,26,24,63,38,21,37,79,52,18,12,21,39,120,23,12,21,13,26,24,34,30,26,47,42,28,46,15,29,14,88,20,26,47,41,13,13,12,24,7,10,12,10,15,15,13,6,11,9,16,9,14,13,7,18,13,9,14,12,9,-20,4,9,12,11,14,13,23,15,7,18,12,11,7,6,3,11,7,17,-20,11,6,2,10,11,7,16,9,12,5,9,12,-20,8,19,16,12,20,9,17,12,11,20,6,18,18,5,22,10,12,12,13,11,17,15,8,22,18,18,7,14,8,6,11,13,24,15,10,-20,9,12,5,12,14,9,14,16,5,11,16,14,4,9,12,18,9,6,5,7,16,7,-20,4,14,18,-20,8,9,7,14,7,16,11,7,11,5,5,13,6,8,9,17,6,8,11,-20,6,17,13,7,9,8,6,15,9,10,18,23,17,12,15,-20,-20,-20,-20,-20,3,6,-20,8,-20,-20,8,-20,-20,14,11,14,9,12,6,16,17,4,3,13,-20,10,18,13,11,13,5,7,3,5,16,5,-20,13,4,13,8,12,10,10,6,14,3,12,17,10,-20,4,3,4,10,9,4,7,9,11,13,4,17,7,6,16,7,15,-20,4,90,16,13,24,10,-20,2,9,17,4,19,17,17,16,9,3,20,25,17,11,12,14,29,20,14,3,9,13,15,24,7,16,24,18,9,-20,21,15,7,18,8,16,11,11,5,11,7,8,10,-20,6,10,9,13,4,-20,4,9,7,6,5,-20,3,6,5,9,-20,17,13,6,12,-20,11,13,8,12,7,4,12,11,8,11,14,9,5,17,8,3,-20,5,-20,-20,4,2,6,11,7,6,5,12,13,8,-20,17,5,13,11,9,10,4,-20,11,8,10,6,10,32,11,7,12,15,10,3,9,11,10,-20,8,4,12,10,3,9,24,5,11,14,16,14,13,3,6,7,-20,19,7,8,9,-20,-20,9,8,-20,8,9,9,11,4,16,18,16,22,3,13,20,4,5,8,12,5,-20,11,12,19,8,9,-20,7,20,15,3,18,12,8,23,18,12,3,14,13,8,17,-20,9,11,7,15,23,8,8,39,19,5,13,3,24,12,17,3,8,24,6,5,5,22,-20,15,22,6,10,7,10,37,61,22,36,28,41,32,40,75,54,61,-20,62,49,58,59,51,57
"chr1,12035039",4,-20,-20,7,7,4,11,6,3,2,-20,-20,-20,-20,-20,-20,-20,2,-20,-20,66,8,-20,-20,-20,-20,-20,-20,24,5,8,8,9,14,-20,-20,-20,-20,-20,18,12,37,33,27,25,63,11,74,11,24,27,25,48,-20,2,21,46,63,-20,-20,-20,-20,-20,-20,-20,-20,-20,-20,-20,-20,-20,-20,19,-20,-20,-20,-20,-20,4,14,14,-20,-20,-20,10,-20,-20,-20,34,-20,-20,-20,-20,-20,-20,-20,16,-20,10,-20,-20,-20,-20,4,-20,-20,-20,-20,-20,6,-20,-20,50,60,-20,5,68,10,4,6,7,11,9,9,71,9,3,40,12,15,38,10,-20,-20,41,59,67,-20,5,6,6,5,7,9,58,8,5,54,8,6,8,21,22,30,35,9,-20,12,62,29,3,7,7,8,10,3,8,6,8,7,5,76,36,22,5,44,24,29,19,68,15,19,4,3,13,4,16,31,11,13,41,14,-20,-20,13,18,26,14,33,25,9,17,49,28,21,17,37,38,5,26,34,26,14,28,22,8,30,13,17,22,18,16,33,45,9,7,12,15,38,23,31,33,45,45,15,17,26,36,23,26,29,23,30,13,13,23,25,20,16,24,13,28,13,-20,3,26,18,23,35,42,15,19,17,23,20,16,19,20,6,38,33,37,22,26,-20,8,44,55,34,74,10,13,10,34,5,31,15,9,6,24,18,29,8,13,56,24,45,4,5,4,41,5,9,7,6,-20,-20,4,-20,-20,-20,-20,-20,64,10,14,6,4,20,109,22,25,12,28,17,10,3,20,12,37,7,30,4,5,-20,-20,12,44,94,21,6,36,-20,26,9,14,6,7,25,14,15,5,16,15,8,12,11,15,12,15,12,18,11,11,7,-20,14,7,6,6,9,6,5,44,11,-20,13,65,-20,17,10,10,-20,11,16,3,17,30,11,26,-20,11,7,6,12,11,3,8,50,10,10,12,9,29,14,16,8,12,10,8,14,7,10,28,-20,9,-20,8,7,5,11,19,12,14,9,35,41,9,20,27,-20,12,101,16,37,11,4,6,9,5,5,-20,9,7,12,-20,27,7,16,17,48,42,7,5,4,7,11,15,7,6,-20,40,10,19,53,8,4,17,14,7,-20,6,9,11,18,7,9,-20,-20,-20,-20,51,-20,-20,7,19,13,13,10,21,5,-20,53,30,-20,49,6,19,-20,7,9,6,13,-20,-20,8,13,-20,-20,-20,12,38,2,-20,-20,-20,46,-20,16,-20,-20,6,11,-20,-20,-20,5,41,11,5,-20,18,7,-20,36,16,13,8,14,6,10,18,29,12,-20,-20,9,5,7,26,34,18,32,13,11,19,16,8,39,7,14,36,30,10,5,-20,2,6,90,-20,-20,5,-20,14,4,17,12,17,31,25,28,-20,-20,-20,-20,-20,20,42,16,28,19,9,24,8,10,5,15,16,14,16,8,-20,-20,17,-20,-20,6,38,9,13,18,16,20,16,16,17,20,16,13,5,-20,26,15,-20,84,49,46,61,60,26,31,37,24,67,26,23,62,38,21,37,79,52,18,11,21,39,119,23,12,21,13,26,24,33,29,26,47,41,28,45,15,29,14,87,21,26,46,41,14,12,12,25,7,11,13,10,15,15,13,6,11,11,15,9,14,13,7,18,13,10,14,12,9,-20,4,10,12,12,14,13,22,15,7,18,12,11,8,8,3,11,7,20,-20,11,6,2,14,11,7,16,9,12,5,9,13,-20,8,19,17,12,21,9,17,12,11,20,6,18,18,5,22,10,12,12,13,12,17,15,8,22,18,18,7,14,8,6,11,13,24,15,10,-20,10,12,6,12,14,9,13,18,5,11,16,15,4,9,13,19,9,6,5,7,18,-20,-20,4,15,18,-20,8,9,7,14,7,16,10,8,11,5,5,13,6,8,9,18,6,8,11,-20,6,-20,13,7,9,9,6,16,9,11,19,24,19,12,16,-20,-20,-20,-20,-20,3,6,-20,8,-20,-20,8,-20,-20,14,11,14,9,12,6,17,17,4,3,14,10,9,18,13,11,13,5,7,3,-20,16,5,-20,13,4,13,8,12,10,10,6,14,3,13,17,10,-20,4,3,4,10,10,4,7,9,11,14,4,17,7,7,16,7,15,-20,4,88,16,13,24,11,-20,2,9,18,4,19,18,17,16,10,3,21,25,17,11,13,14,31,20,14,3,9,16,15,23,8,16,24,18,10,-20,21,15,7,18,8,16,11,11,5,11,6,8,10,-20,6,13,9,13,5,-20,4,9,7,6,6,-20,3,6,5,9,-20,17,13,6,12,23,11,13,8,12,7,4,13,12,8,11,14,9,5,18,8,3,-20,5,-20,-20,4,2,6,11,7,7,5,13,13,8,-20,17,5,13,11,9,11,4,-20,12,8,11,6,10,32,11,7,13,16,10,3,10,11,10,5,8,5,12,11,3,9,24,5,11,14,15,14,14,4,6,7,-20,19,7,7,9,-20,-20,10,8,-20,7,9,10,10,4,14,18,15,21,3,14,21,4,5,8,12,5,6,15,12,18,8,9,15,7,18,15,6,18,11,9,23,17,11,5,15,13,8,17,9,10,11,6,17,24,8,10,34,18,5,13,3,24,12,17,4,8,21,6,6,7,22,-20,14,21,5,12,7,10,37,61,22,36,28,41,33,40,73,53,53,34,-20,47,58,56,49,55
"chr1,12035045",4,-20,-20,7,8,4,12,8,-20,2,-20,-20,-20,-20,-20,-20,-20,2,-20,-20,63,9,-20,-20,-20,-20,-20,-20,20,5,6,8,10,16,-20,-20,-20,-20,-20,19,13,37,32,25,24,55,11,71,-20,24,27,26,42,-20,-20,20,50,61,-20,-20,-20,-20,-20,-20,-20,-20,-20,-20,-20,-20,-20,-20,20,-20,-20,-20,-20,-20,4,12,15,-20,-20,-20,10,-20,-20,-20,36,-20,-20,-20,-20,-20,-20,-20,18,-20,10,-20,-20,-20,-20,4,-20,-20,3,-20,-20,6,-20,-20,52,63,-20,5,70,13,4,6,7,13,9,9,68,9,3,41,13,14,37,10,-20,-20,41,63,67,-20,5,7,6,5,-20,10,52,10,5,51,8,6,8,21,22,27,34,9,-20,11,62,26,3,7,8,9,10,3,7,7,-20,7,5,77,37,20,6,44,23,29,21,70,16,18,4,3,12,4,-20,-20,11,12,43,17,-20,-20,16,20,25,11,33,20,9,17,48,26,-20,17,34,39,6,27,30,24,19,30,20,8,27,14,18,21,19,17,27,45,8,6,13,17,39,20,29,32,45,45,14,15,25,36,24,26,28,23,29,14,10,21,26,19,16,27,-20,30,13,-20,3,24,19,23,36,42,16,20,22,22,21,18,19,20,6,40,32,37,22,-20,-20,8,43,54,37,68,10,13,10,34,5,29,15,8,5,26,18,26,6,12,54,27,43,6,7,4,37,6,-20,7,7,-20,-20,3,-20,-20,-20,-20,-20,64,8,12,6,5,22,105,20,26,13,28,16,10,3,-20,14,35,7,27,5,4,-20,-20,12,39,96,22,6,37,-20,24,10,16,-20,7,24,14,15,5,15,15,8,14,10,15,12,16,12,17,11,10,8,-20,16,8,7,6,9,8,5,46,11,-20,13,60,-20,16,9,9,-20,11,18,3,16,27,11,24,-20,10,7,6,12,11,4,9,48,10,10,13,9,28,14,16,8,12,9,9,14,7,11,27,-20,9,-20,-20,7,5,9,18,10,13,10,33,-20,8,20,28,19,11,100,19,-20,12,4,5,10,5,4,-20,-20,7,10,-20,24,9,14,16,43,38,8,3,5,-20,11,15,7,7,-20,39,12,18,57,8,4,14,14,9,-20,6,9,10,20,9,9,-20,-20,-20,25,41,-20,-20,7,17,13,13,10,20,5,-20,47,28,-20,49,6,19,-20,5,9,6,11,-20,-20,9,13,-20,-20,-20,12,39,2,-20,-20,-20,43,-20,17,-20,-20,8,12,-20,-20,-20,5,40,8,5,-20,18,7,-20,35,16,11,7,15,6,9,14,28,13,-20,-20,-20,7,6,29,35,18,33,14,11,19,16,8,33,7,14,31,31,10,5,-20,2,5,94,-20,-20,4,-20,16,-20,17,12,17,28,20,-20,-20,-20,-20,-20,-20,22,40,16,31,19,9,27,-20,11,5,12,17,13,19,8,-20,-20,20,-20,-20,7,43,10,13,17,14,20,17,16,17,21,17,14,6,-20,26,15,-20,86,49,45,60,62,25,29,37,23,67,28,22,55,35,19,37,75,44,18,10,22,35,116,21,12,19,12,22,29,29,27,27,45,39,28,41,14,28,15,91,20,25,44,41,12,11,12,24,8,11,15,11,15,15,14,6,13,11,15,12,15,15,6,18,13,8,14,13,10,2,6,12,13,13,14,14,25,14,7,18,14,13,10,10,3,11,7,-20,9,13,8,-20,14,10,7,17,9,13,6,9,13,-20,8,19,16,13,21,10,17,12,13,21,6,19,18,8,22,10,14,12,13,11,17,15,9,22,22,17,7,13,9,7,13,16,24,14,11,-20,10,13,6,13,14,9,13,18,5,11,17,14,-20,9,13,19,9,8,5,7,19,7,-20,4,15,16,4,7,11,7,15,6,16,10,9,11,5,4,16,6,8,9,18,5,8,12,-20,6,18,15,7,9,9,7,18,9,11,22,25,19,11,15,-20,-20,-20,-20,-20,4,7,-20,-20,-20,-20,8,-20,-20,14,12,14,12,13,6,16,18,4,3,13,10,10,18,13,11,14,7,7,3,5,18,6,-20,12,4,15,8,12,10,10,6,14,3,12,18,-20,-20,4,3,4,10,10,4,-20,11,12,14,5,17,7,7,16,6,14,-20,4,87,17,14,26,12,-20,-20,10,21,4,17,19,18,15,10,3,22,25,20,12,14,14,33,20,16,3,9,17,16,23,9,17,22,18,10,-20,21,15,6,20,-20,15,12,13,5,11,6,8,13,-20,5,13,9,13,6,-20,4,9,7,-20,5,-20,3,5,8,9,-20,17,13,7,13,23,12,14,10,13,7,4,13,12,9,11,15,9,5,21,8,3,-20,5,-20,-20,4,2,6,12,8,9,5,13,10,7,8,17,5,12,11,11,11,-20,4,11,8,11,7,10,33,10,6,12,17,12,3,11,12,10,5,12,5,12,13,3,9,24,5,10,15,17,14,15,3,5,8,-20,20,7,6,9,-20,-20,11,8,-20,7,-20,10,11,4,16,14,14,18,3,14,21,3,6,8,12,6,5,14,12,18,11,10,16,6,22,15,-20,16,10,8,22,19,9,4,15,15,8,14,8,-20,10,4,20,22,8,14,39,19,3,10,5,25,12,19,5,7,17,6,6,11,17,-20,12,23,6,11,6,10,37,58,22,37,26,41,32,39,73,52,47,17,61,47,66,63,47,53
"chr1,12035050",4,-20,-20,7,8,4,12,8,-20,2,-20,-20,-20,-20,-20,-20,-20,2,-20,-20,61,9,-20,-20,-20,-20,-20,-20,20,5,5,7,11,14,-20,-20,-20,-20,-20,20,13,36,32,28,19,56,11,69,9,25,26,24,38,-20,-20,21,56,65,-20,-20,-20,-20,-20,-20,-20,-20,-20,-20,-20,-20,-20,-20,21,-20,-20,-20,-20,-20,4,12,15,-20,-20,-20,11,-20,-20,-20,38,-20,-20,-20,-20,-20,-20,-20,19,-20,10,-20,-20,-20,-20,4,-20,-20,3,-20,-20,6,-20,-20,57,62,-20,5,72,13,4,6,7,13,9,9,70,9,3,42,13,14,37,10,-20,-20,39,66,64,-20,5,7,6,5,6,11,53,10,5,48,8,6,9,19,23,28,33,9,10,11,57,25,3,7,8,8,-20,3,7,7,10,7,5,77,45,26,7,44,22,30,19,73,16,18,4,3,19,4,14,30,11,13,46,14,-20,-20,16,21,27,11,30,20,9,17,50,27,22,17,32,38,6,26,30,24,22,31,19,8,29,13,15,19,19,17,27,40,9,6,13,17,43,22,29,31,44,45,14,14,23,34,24,27,24,21,29,15,10,24,26,19,18,25,15,30,14,-20,3,26,18,22,37,43,17,20,26,23,20,16,19,21,6,40,36,36,23,24,-20,8,45,57,35,64,10,13,10,33,5,30,16,-20,5,26,19,23,4,11,54,27,44,7,8,5,41,6,8,6,7,-20,-20,3,-20,-20,-20,-20,-20,65,9,12,6,6,21,99,20,25,13,28,15,9,4,19,14,35,9,30,5,4,-20,-20,12,37,93,21,6,33,-20,21,10,17,9,10,25,13,14,5,15,16,7,14,10,15,14,16,13,18,10,10,7,-20,18,9,8,5,9,8,5,47,10,-20,15,59,-20,16,8,9,-20,10,14,3,17,26,12,23,-20,12,8,5,11,11,4,8,49,11,8,12,10,27,15,16,7,14,11,11,13,7,10,24,-20,9,-20,9,7,8,8,18,10,14,10,35,29,8,20,30,18,11,98,18,22,11,4,5,10,5,4,-20,8,8,8,-20,23,9,14,16,43,38,7,-20,5,9,11,15,-20,7,-20,35,13,18,56,8,4,14,14,11,-20,6,9,10,19,10,9,-20,-20,-20,27,37,-20,-20,7,17,11,13,10,19,6,-20,44,27,-20,42,6,18,-20,5,9,6,11,-20,-20,9,15,-20,-20,-20,12,40,4,-20,-20,-20,43,-20,16,-20,-20,8,13,-20,-20,-20,6,40,7,5,-20,16,7,-20,34,16,13,6,17,6,9,16,25,14,-20,-20,8,8,5,30,36,17,44,15,13,18,14,9,34,7,14,31,29,10,5,-20,-20,5,97,-20,-20,4,-20,15,2,17,11,17,27,23,29,-20,-20,-20,-20,-20,14,37,17,31,18,9,27,8,12,5,14,16,13,19,8,-20,-20,22,-20,-20,7,43,10,13,17,14,22,17,16,17,21,17,13,6,-20,26,15,-20,85,47,45,61,58,22,27,36,22,69,30,20,57,35,19,36,86,51,17,10,21,37,116,22,11,21,12,18,29,28,26,30,46,41,26,45,14,27,13,88,21,25,40,43,12,13,12,25,9,11,15,12,14,14,14,7,13,11,15,13,16,15,6,18,12,7,14,14,10,2,6,11,14,13,13,14,26,15,4,18,14,13,11,9,3,10,7,21,9,14,8,-20,14,10,7,18,10,14,6,9,13,-20,11,20,16,13,21,9,16,13,14,21,6,19,22,7,21,10,14,9,12,12,18,15,9,24,20,17,7,14,11,7,13,16,27,17,11,-20,10,13,6,13,14,9,13,18,5,12,17,13,-20,9,13,18,9,8,5,8,19,7,-20,5,16,16,4,7,11,7,17,6,16,10,9,11,5,4,16,6,9,9,17,5,8,13,-20,6,18,15,7,10,9,7,21,9,11,21,25,19,10,15,-20,-20,-20,-20,-20,5,8,-20,8,-20,-20,8,-20,-20,14,11,14,12,14,6,16,20,4,3,12,10,10,18,13,10,14,7,6,3,5,18,6,-20,12,5,15,8,11,10,11,6,13,3,13,19,10,-20,4,3,4,10,10,-20,9,11,12,14,6,17,7,7,17,6,14,-20,4,83,16,14,27,13,-20,-20,10,21,4,15,19,17,16,12,3,23,24,19,12,15,13,31,20,16,3,9,17,16,22,9,18,23,17,10,-20,21,17,7,19,6,15,12,13,5,11,6,8,13,-20,5,14,9,13,7,5,4,9,7,6,5,-20,3,5,8,9,-20,17,15,7,14,23,12,13,10,13,6,4,12,14,9,11,15,9,5,20,9,-20,-20,5,-20,-20,3,2,6,12,9,9,5,13,9,7,8,17,5,12,11,11,11,4,4,10,8,11,7,10,33,9,6,13,17,12,3,11,12,10,5,12,5,12,13,3,9,24,5,10,15,18,14,15,3,5,8,-20,20,7,6,9,-20,-20,11,9,-20,10,13,9,12,4,12,17,16,21,3,15,17,4,8,9,15,5,10,16,12,16,13,10,14,6,18,15,5,12,13,7,18,16,9,4,14,14,10,13,8,9,14,4,20,21,9,14,38,21,5,12,5,25,15,17,8,7,17,7,7,12,20,-20,13,23,5,15,6,10,39,53,22,36,25,39,32,39,68,50,47,21,57,47,65,60,46,55
"chr1,12035055",5,-20,-20,7,7,-20,8,9,-20,2,-20,-20,-20,-20,-20,-20,-20,2,-20,-20,59,10,-20,-20,-20,-20,-20,-20,19,4,5,7,10,15,-20,-20,-20,-20,-20,21,12,39,32,28,23,52,10,69,8,26,23,22,38,-20,-20,22,57,67,-20,-20,-20,-20,-20,-20,-20,-20,-20,-20,-20,-20,-20,-20,20,-20,-20,-20,-20,-20,4,12,15,-20,-20,-20,9,-20,-20,-20,39,-20,-20,-20,-20,-20,-20,-20,19,-20,10,-20,-20,-20,-20,4,-20,-20,3,-20,-20,8,-20,-20,50,63,-20,6,67,14,3,6,7,13,10,9,68,8,3,39,13,15,34,8,-20,-20,40,65,63,-20,4,7,6,4,5,11,52,10,5,45,7,6,9,18,21,30,32,10,10,9,57,23,3,4,8,9,10,3,7,7,10,7,5,80,46,33,7,43,21,30,17,73,17,19,4,3,26,4,14,32,11,12,47,14,-20,-20,16,21,23,12,29,15,12,16,48,23,23,17,34,37,6,25,30,25,22,31,17,8,29,12,13,17,18,16,24,37,7,7,13,17,45,24,25,33,47,45,13,15,21,32,24,21,25,14,26,17,9,24,25,18,18,23,14,29,12,-20,3,29,18,18,37,40,12,22,22,22,21,15,22,22,-20,41,29,37,18,24,-20,8,48,49,35,65,10,13,10,32,5,30,20,8,3,29,18,22,-20,12,56,25,50,6,7,5,40,5,8,6,7,-20,-20,3,-20,-20,-20,-20,-20,65,10,10,5,7,21,99,22,25,11,28,16,9,5,17,14,32,8,26,5,5,-20,-20,13,39,87,20,5,32,-20,21,10,18,9,10,25,13,15,3,14,16,6,13,8,16,13,15,10,18,11,9,7,-20,18,8,8,4,10,9,5,47,9,-20,15,60,-20,14,8,10,-20,-20,11,3,17,22,12,22,-20,12,8,5,12,11,4,7,46,10,8,11,10,25,14,18,7,13,12,11,13,6,-20,22,-20,8,-20,8,7,9,7,16,9,14,9,33,24,8,19,31,16,8,104,18,17,10,4,5,9,5,4,-20,8,9,7,-20,20,8,13,15,44,36,7,-20,6,8,9,13,7,8,-20,-20,13,19,48,8,4,13,14,11,-20,5,8,10,20,11,10,-20,-20,-20,26,32,-20,-20,6,16,11,13,10,20,6,-20,37,27,-20,38,6,19,-20,7,8,5,11,-20,-20,7,15,-20,-20,-20,9,37,4,-20,-20,-20,42,-20,15,-20,-20,7,14,-20,-20,-20,6,40,8,6,-20,15,7,-20,33,16,13,6,15,7,9,17,20,15,-20,-20,5,8,6,32,38,15,44,14,12,18,14,9,32,6,16,31,21,8,5,-20,-20,5,94,-20,-20,-20,-20,15,-20,17,11,12,25,26,29,-20,-20,-20,-20,-20,10,31,16,29,19,9,24,7,11,-20,15,15,12,18,8,-20,-20,21,-20,-20,7,42,10,12,15,13,24,15,16,15,19,14,12,-20,-20,26,15,-20,86,47,46,61,59,21,27,35,22,73,28,22,54,31,15,33,80,51,17,9,22,32,110,22,11,20,11,17,30,28,25,30,41,38,26,48,14,27,13,85,16,22,39,43,12,12,12,25,9,11,15,11,13,13,14,6,12,10,14,13,17,15,-20,16,12,7,11,12,8,-20,5,10,13,12,14,11,24,16,4,17,14,13,12,8,3,10,7,20,10,12,8,-20,14,10,7,17,9,14,6,9,10,-20,9,19,16,12,19,8,15,14,14,20,5,22,23,7,18,10,15,9,12,11,18,15,9,20,17,14,7,12,11,7,11,17,28,14,10,-20,11,13,6,14,13,9,12,18,5,11,17,12,-20,9,12,19,5,5,5,6,17,6,-20,5,16,13,5,7,12,7,15,5,16,10,10,9,4,4,16,5,11,8,15,5,8,14,-20,5,15,14,7,10,9,9,20,7,9,22,27,17,11,14,-20,-20,-20,-20,-20,6,9,-20,8,-20,-20,8,-20,-20,17,11,13,12,14,6,16,20,4,3,13,10,9,18,12,10,17,-20,4,3,3,18,7,-20,12,-20,14,4,12,10,11,6,12,3,14,19,11,-20,4,-20,3,10,10,-20,8,11,12,13,6,15,7,7,14,5,13,-20,6,78,15,13,27,15,-20,-20,9,23,4,13,16,13,16,12,3,25,23,19,9,14,13,31,17,15,3,10,17,14,23,10,19,22,15,10,-20,20,14,6,19,4,15,12,14,5,12,6,8,13,-20,4,14,8,14,8,3,3,9,7,6,5,-20,3,-20,8,9,-20,18,12,6,11,22,12,8,10,14,5,4,11,13,9,11,14,7,5,19,9,-20,-20,5,-20,-20,-20,3,5,11,10,8,5,13,10,9,4,18,5,13,10,10,11,4,4,12,9,10,7,10,31,9,5,15,18,13,-20,11,11,10,6,10,4,13,12,3,9,22,5,9,18,14,14,15,3,3,6,-20,16,6,6,8,-20,-20,11,9,-20,9,13,9,13,4,12,13,12,19,5,16,14,6,8,9,12,6,12,13,12,17,12,9,15,4,18,11,-20,10,13,10,15,18,5,4,15,12,8,10,6,10,13,-20,20,21,8,14,34,22,4,12,4,20,9,15,9,7,12,7,9,11,20,3,10,22,5,13,6,10,39,48,22,36,26,38,33,40,66,45,54,21,47,51,63,55,47,48
"chr1,12035057",3,-20,-20,8,7,-20,-20,9,-20,3,-20,-20,-20,-20,-20,-20,-20,2,-20,-20,60,10,-20,-20,-20,-20,-20,-20,18,4,5,7,-20,15,-20,-20,-20,-20,-20,21,12,42,29,28,20,52,10,64,8,26,25,23,37,-20,-20,22,58,67,-20,-20,-20,-20,-20,-20,-20,-20,-20,-20,-20,-20,-20,-20,19,-20,-20,-20,-20,-20,4,13,14,-20,-20,-20,9,-20,-20,-20,38,-20,-20,-20,-20,-20,-20,-20,19,-20,10,-20,-20,-20,-20,4,-20,-20,3,-20,-20,8,-20,-20,48,65,-20,6,71,14,3,6,7,13,9,9,69,8,3,42,14,14,34,8,-20,-20,40,66,64,-20,4,7,6,4,5,11,52,10,5,47,7,7,9,17,21,27,29,10,-20,9,55,23,3,4,8,9,10,3,-20,8,10,7,5,77,49,28,7,40,20,27,18,72,17,19,3,2,25,4,-20,28,12,11,-20,14,-20,-20,16,21,21,10,27,15,12,16,48,23,23,17,28,43,-20,26,33,25,22,26,15,-20,30,12,13,17,17,17,-20,37,7,7,12,13,45,23,23,31,47,45,12,10,21,32,22,20,25,13,26,17,9,22,24,15,18,21,13,29,14,-20,-20,29,17,17,37,39,13,22,22,-20,18,16,23,22,-20,38,27,34,18,26,-20,8,47,48,34,65,9,13,9,34,5,29,19,8,4,28,17,22,-20,13,57,24,50,6,8,5,39,5,8,6,7,-20,-20,3,-20,-20,-20,-20,-20,66,11,10,6,6,-20,98,20,24,12,28,16,11,5,17,14,31,8,23,5,5,-20,-20,14,38,87,20,5,33,-20,21,10,18,10,10,23,13,15,3,14,16,6,12,7,15,13,17,10,19,11,9,6,-20,18,8,7,4,10,9,-20,48,9,-20,15,61,-20,15,10,10,-20,10,11,3,17,18,13,22,-20,12,8,5,13,11,4,6,44,10,9,10,11,27,13,19,8,14,12,11,11,-20,9,22,-20,7,-20,8,7,9,7,17,9,14,9,33,18,8,19,29,16,8,107,18,16,11,4,5,9,5,3,-20,8,9,7,-20,21,-20,11,14,42,34,8,-20,6,8,10,14,7,8,-20,31,13,18,-20,8,4,13,12,11,-20,5,8,10,20,10,-20,-20,-20,-20,27,-20,-20,-20,6,16,11,13,10,19,6,-20,36,27,-20,-20,6,17,-20,7,7,4,12,-20,-20,8,17,-20,-20,-20,11,35,3,-20,-20,-20,43,-20,15,-20,-20,7,14,-20,-20,-20,6,41,8,-20,-20,14,9,-20,34,17,-20,6,16,7,8,16,-20,14,-20,-20,5,7,6,29,37,15,44,13,12,18,14,8,33,6,15,30,-20,9,5,-20,-20,5,97,-20,-20,3,-20,12,-20,16,11,11,23,25,28,-20,-20,-20,-20,-20,9,27,16,26,19,9,24,8,12,7,15,15,12,18,8,-20,-20,21,-20,-20,7,41,10,11,15,13,23,15,16,15,19,14,12,-20,-20,24,15,-20,84,47,47,60,58,22,27,33,22,72,28,24,53,29,17,35,79,53,14,9,22,26,108,20,12,-20,11,16,29,30,27,30,41,38,-20,45,12,27,13,79,16,21,36,40,12,12,12,25,9,13,15,12,13,16,14,6,12,-20,14,12,17,15,-20,14,12,7,11,12,8,-20,5,10,13,11,13,11,24,16,4,17,14,13,14,8,3,10,7,20,10,12,8,-20,14,10,7,17,9,14,6,9,10,-20,9,19,17,14,20,9,15,14,14,20,5,23,23,7,18,10,14,9,12,12,18,15,9,19,17,15,7,13,10,8,11,17,29,14,10,-20,11,13,6,14,13,-20,12,17,5,11,17,11,-20,10,12,19,5,5,5,6,17,6,-20,6,16,13,5,6,12,7,15,5,16,10,10,9,4,4,15,5,11,8,15,4,8,15,-20,5,15,15,7,10,10,9,20,7,9,21,27,16,11,14,-20,-20,-20,-20,-20,7,9,-20,8,-20,-20,8,-20,-20,17,11,12,12,14,6,15,20,4,3,13,10,9,19,16,10,17,7,-20,3,4,18,7,-20,11,-20,14,4,11,10,11,6,12,3,14,18,11,-20,4,-20,3,10,10,-20,8,11,12,14,6,16,7,7,13,5,12,-20,6,77,15,13,27,15,-20,-20,9,23,4,13,15,15,17,12,3,26,23,19,9,14,13,32,17,15,3,10,16,14,25,10,21,22,15,10,-20,22,16,7,18,-20,16,12,14,5,12,7,9,13,-20,4,14,-20,14,8,3,3,9,7,6,5,-20,3,-20,8,10,-20,18,12,7,11,23,12,8,10,14,6,4,10,12,10,11,14,6,5,19,9,-20,-20,5,-20,-20,-20,3,6,11,10,8,5,14,10,9,4,18,5,14,10,10,11,4,4,12,10,10,8,10,30,9,5,16,18,13,-20,11,11,10,7,10,4,13,12,3,10,22,5,9,18,14,14,15,3,3,6,-20,16,5,6,8,-20,-20,11,9,-20,11,12,-20,11,3,11,15,10,-20,5,15,16,6,9,8,15,7,12,10,11,-20,10,-20,16,-20,-20,-20,-20,11,12,-20,13,18,5,-20,14,11,-20,-20,5,10,14,-20,-20,23,8,14,29,20,4,13,5,19,10,16,9,-20,-20,8,7,9,19,3,9,23,7,14,6,10,39,48,22,35,25,38,34,39,66,47,54,21,46,50,63,54,47,49
"chr1,12035061",-20,-20,-20,-20,10,-20,-20,9,-20,2,-20,-20,-20,-20,-20,-20,-20,2,-20,-20,56,10,-20,-20,-20,-20,-20,-20,-20,3,5,6,10,-20,-20,-20,-20,-20,-20,-20,12,-20,-20,27,19,-20,-20,-20,-20,-20,-20,21,38,-20,-20,22,61,-20,-20,-20,-20,-20,-20,-20,-20,-20,-20,-20,-20,-20,-20,-20,20,-20,-20,-20,-20,-20,4,13,15,-20,-20,-20,12,-20,-20,-20,38,-20,-20,-20,-20,-20,-20,-20,18,-20,-20,-20,-20,-20,-20,4,-20,-20,3,-20,-20,8,-20,-20,50,-20,-20,6,-20,-20,4,-20,8,12,10,9,-20,7,3,44,15,14,-20,-20,-20,-20,-20,-20,-20,-20,-20,-20,-20,-20,-20,11,-20,11,5,-20,-20,7,9,-20,-20,-20,-20,10,-20,11,50,-20,-20,-20,-20,-20,-20,-20,-20,7,10,7,5,-20,-20,25,-20,-20,-20,-20,-20,-20,-20,-20,3,2,-20,4,-20,-20,-20,-20,-20,13,-20,-20,-20,-20,-20,-20,-20,16,-20,-20,-20,-20,22,-20,-20,-20,-20,25,-20,-20,-20,-20,-20,6,31,10,11,16,-20,-20,-20,-20,12,7,-20,-20,-20,23,-20,30,-20,43,12,8,-20,-20,-20,-20,-20,-20,-20,-20,-20,-20,-20,-20,-20,20,-20,-20,-20,-20,-20,-20,-20,-20,-20,-20,13,22,20,-20,-20,18,25,-20,-20,-20,-20,-20,-20,-20,-20,8,-20,-20,-20,-20,9,-20,-20,-20,-20,-20,-20,-20,4,-20,-20,23,-20,-20,54,24,49,6,8,-20,36,5,-20,-20,8,-20,-20,-20,-20,-20,-20,-20,-20,-20,11,9,5,6,-20,-20,21,25,11,27,-20,12,5,-20,13,33,9,-20,4,4,-20,-20,-20,37,-20,21,-20,32,-20,-20,10,-20,-20,10,-20,-20,-20,3,13,16,7,14,-20,17,-20,17,11,-20,-20,-20,6,-20,-20,7,6,-20,12,10,4,50,-20,-20,15,62,-20,16,10,-20,-20,-20,8,3,15,-20,-20,-20,-20,11,8,5,14,11,4,6,44,9,-20,-20,10,-20,-20,19,9,-20,11,11,-20,-20,7,21,-20,-20,-20,8,-20,9,7,16,10,12,9,30,-20,-20,18,27,-20,10,106,18,-20,10,4,-20,9,4,3,-20,7,9,7,-20,-20,-20,10,12,42,-20,8,-20,6,8,-20,-20,8,8,-20,-20,13,-20,-20,9,5,10,12,-20,-20,5,7,-20,19,-20,-20,-20,-20,-20,-20,-20,-20,-20,6,18,-20,13,10,-20,7,-20,-20,-20,-20,-20,6,-20,-20,7,7,4,12,-20,-20,-20,-20,-20,-20,-20,10,-20,3,-20,-20,-20,42,-20,16,-20,-20,7,-20,-20,-20,-20,6,38,-20,-20,-20,-20,-20,-20,32,-20,11,6,14,-20,6,-20,-20,15,-20,-20,6,7,-20,-20,-20,-20,-20,13,12,16,-20,-20,30,-20,-20,-20,-20,10,5,-20,-20,5,-20,-20,-20,2,-20,12,-20,17,10,-20,24,24,-20,-20,-20,-20,-20,-20,-20,27,-20,23,-20,-20,-20,-20,12,7,15,-20,-20,18,-20,-20,-20,-20,-20,-20,9,-20,-20,-20,-20,-20,23,16,-20,-20,-20,-20,11,-20,-20,23,11,-20,85,-20,-20,-20,-20,-20,-20,31,-20,-20,-20,22,50,-20,15,-20,74,50,-20,-20,-20,-20,-20,-20,-20,-20,-20,-20,30,-20,-20,-20,-20,-20,-20,45,-20,-20,-20,-20,-20,22,-20,-20,12,14,12,-20,9,11,12,12,15,17,-20,7,-20,11,-20,-20,18,-20,-20,15,-20,7,-20,-20,-20,-20,8,11,12,14,-20,11,-20,13,-20,-20,-20,13,14,-20,3,10,7,-20,10,12,-20,-20,15,10,6,16,-20,-20,6,10,12,-20,-20,-20,-20,-20,-20,9,-20,-20,-20,-20,7,-20,22,5,17,10,16,-20,11,-20,-20,-20,10,-20,-20,-20,-20,12,10,8,12,-20,-20,-20,11,-20,-20,-20,-20,-20,-20,9,-20,17,-20,11,18,12,-20,10,-20,-20,-20,5,4,7,15,6,-20,7,15,14,5,6,-20,9,13,5,16,-20,-20,-20,-20,-20,-20,-20,13,-20,-20,-20,-20,14,-20,-20,-20,-20,6,10,-20,9,18,-20,-20,-20,27,16,9,14,-20,-20,-20,-20,-20,7,9,-20,-20,-20,-20,9,-20,-20,16,12,13,-20,14,-20,14,-20,4,3,-20,-20,9,-20,15,-20,16,-20,5,3,4,16,7,-20,-20,-20,13,-20,12,-20,-20,-20,-20,3,-20,20,-20,-20,-20,-20,3,-20,8,3,-20,9,-20,14,6,-20,7,7,-20,4,-20,-20,6,-20,-20,16,-20,-20,-20,-20,-20,24,4,12,17,-20,-20,11,3,26,-20,-20,9,-20,-20,-20,-20,-20,3,10,15,-20,27,10,-20,-20,15,-20,-20,19,-20,7,18,5,-20,-20,-20,-20,-20,-20,-20,14,-20,-20,-20,-20,-20,8,3,3,-20,9,-20,5,-20,5,-20,-20,-20,-20,-20,14,-20,10,-20,-20,-20,-20,14,6,4,-20,-20,11,-20,-20,7,-20,-20,9,4,-20,-20,-20,-20,-20,-20,6,-20,-20,8,-20,15,-20,9,4,-20,5,-20,10,11,-20,-20,5,13,10,-20,-20,-20,-20,-20,-20,14,-20,-20,-20,8,-20,10,-20,-20,-20,-20,11,3,10,-20,5,10,-20,16,14,15,3,3,6,-20,-20,5,6,8,-20,-20,10,-20,-20,-20,-20,-20,-20,-20,-20,-20,-20,-20,-20,-20,-20,-20,-20,-20,-20,-20,-20,-20,-20,-20,-20,9,-20,-20,-20,-20,-20,-20,-20,-20,-20,-20,-20,-20,-20,-20,-20,-20,-20,-20,-20,-20,-20,-20,-20,-20,-20,-20,4,-20,5,-20,-20,-20,-20,6,-20,-20,-20,-20,-20,3,-20,-20,-20,-20,6,9,38,-20,21,-20,-20,-20,-20,36,-20,43,54,21,-20,48,-20,54,47,47
"chr1,12035065",-20,-20,-20,9,8,-20,8,9,-20,-20,-20,-20,-20,-20,-20,-20,-20,2,-20,-20,61,11,-20,-20,-20,-20,-20,-20,18,3,6,5,9,15,-20,-20,-20,-20,-20,21,11,40,16,24,19,49,11,63,9,18,24,22,39,-20,-20,21,63,65,-20,-20,-20,-20,-20,-20,-20,-20,-20,-20,-20,-20,-20,-20,21,-20,-20,-20,-20,-20,4,12,14,-20,-20,-20,11,-20,-20,-20,40,-20,-20,-20,-20,-20,-20,-20,19,-20,8,-20,-20,-20,-20,-20,-20,-20,4,-20,-20,8,-20,-20,47,61,-20,6,69,13,4,6,8,10,11,7,71,7,-20,40,12,14,35,7,-20,-20,40,66,60,-20,4,6,6,3,8,12,53,10,5,47,6,7,8,15,18,23,34,11,7,11,55,21,-20,4,6,9,8,-20,6,7,9,-20,-20,71,46,30,-20,-20,17,-20,16,62,16,16,-20,2,25,3,15,24,12,13,35,12,-20,-20,-20,-20,-20,9,24,21,10,16,37,20,21,16,29,46,7,23,36,25,20,20,15,5,35,10,11,17,11,15,21,35,13,6,9,10,44,23,29,30,49,42,12,8,-20,24,17,13,24,11,23,17,5,23,23,15,14,20,18,17,14,-20,-20,25,18,-20,-20,-20,12,22,21,19,18,20,25,23,-20,34,27,31,15,25,-20,7,50,46,27,65,8,-20,-20,36,5,22,-20,-20,-20,26,-20,24,-20,13,57,31,54,5,8,5,34,4,8,5,8,-20,-20,3,-20,-20,-20,-20,-20,73,11,9,5,7,21,97,20,25,11,28,15,11,4,13,16,33,9,20,4,4,-20,-20,14,41,85,22,6,33,-20,19,10,15,10,12,-20,13,15,3,13,15,7,13,9,17,-20,16,11,19,11,10,6,-20,18,7,7,-20,9,10,5,45,9,-20,16,63,-20,19,10,10,-20,11,8,3,16,15,13,23,-20,12,9,6,14,11,4,6,44,10,9,10,10,26,12,20,10,15,11,11,11,5,7,26,-20,6,-20,7,-20,9,6,18,11,13,10,33,17,7,17,27,15,10,105,18,16,11,4,6,10,4,3,-20,7,8,8,-20,21,7,11,12,40,26,8,-20,6,8,11,14,9,9,-20,28,13,14,37,9,4,10,11,12,-20,4,7,9,18,10,9,-20,-20,-20,28,30,-20,-20,6,18,10,12,10,19,7,-20,25,-20,-20,29,6,16,-20,8,7,4,13,-20,-20,-20,18,-20,-20,-20,10,37,3,-20,-20,-20,44,-20,15,-20,-20,7,13,-20,-20,-20,7,41,7,6,-20,15,-20,-20,32,16,11,6,16,8,5,15,15,15,-20,-20,5,7,-20,27,-20,15,41,13,12,15,16,7,31,5,14,30,19,9,5,3,-20,6,96,-20,-20,2,-20,13,-20,16,10,10,25,24,27,-20,-20,-20,-20,-20,6,27,14,24,19,9,25,9,12,6,15,18,11,20,8,-20,-20,24,-20,-20,9,39,10,12,13,12,23,17,14,12,20,15,10,6,-20,-20,-20,-20,80,40,52,54,63,25,29,33,19,74,30,25,50,-20,15,25,71,54,13,9,29,24,91,19,10,18,10,17,34,32,21,27,31,35,24,41,12,21,11,73,13,18,36,37,14,16,12,20,9,14,12,12,15,17,12,6,13,11,13,14,17,12,6,15,12,8,10,12,10,-20,7,10,12,13,10,11,26,12,5,18,14,11,13,10,-20,11,7,19,10,11,8,-20,15,10,6,15,12,15,5,10,10,-20,9,18,17,12,18,8,12,12,12,22,7,21,21,5,18,10,16,8,11,14,16,14,11,17,20,16,7,11,10,7,14,16,27,13,10,3,11,13,5,13,13,8,11,18,5,12,17,12,6,9,11,19,5,5,4,7,14,5,-20,6,15,12,5,6,11,8,13,5,16,9,9,8,4,3,15,5,13,9,14,6,9,14,-20,5,13,13,7,10,10,9,20,7,-20,21,26,14,9,15,-20,-20,-20,-20,-20,7,9,-20,6,-20,-20,7,-20,-20,16,12,12,12,13,6,14,20,4,-20,12,10,8,16,16,7,16,8,5,3,3,15,7,-20,9,-20,14,-20,11,10,11,7,13,3,15,20,11,-20,4,3,3,10,6,3,8,9,11,14,6,15,7,6,13,5,10,-20,7,82,16,15,25,13,-20,-20,12,25,4,12,16,15,17,12,3,29,21,16,9,13,13,29,15,15,3,12,14,12,29,10,23,24,15,11,-20,21,15,6,18,5,16,11,15,5,13,7,7,14,-20,4,13,8,13,8,3,4,8,7,6,4,-20,5,-20,10,-20,-20,19,13,7,11,23,12,6,10,14,6,3,9,13,12,11,13,6,5,17,9,4,-20,5,-20,-20,-20,3,6,12,10,8,5,13,9,9,4,20,5,14,10,9,8,3,5,13,10,-20,9,11,28,9,5,14,15,12,3,8,8,8,-20,10,4,13,11,-20,11,20,5,10,19,16,14,15,-20,4,6,-20,17,4,7,7,-20,-20,10,10,-20,10,11,7,13,4,-20,-20,12,19,5,13,11,6,10,7,15,7,9,9,7,13,9,9,16,4,11,9,-20,12,10,9,12,16,-20,3,12,12,4,10,3,10,13,-20,13,16,7,14,29,14,5,13,3,16,13,-20,9,3,10,7,-20,13,19,4,8,21,7,12,4,9,37,45,20,32,25,36,33,32,64,45,55,21,47,48,62,56,50,51
"chr1,12035066",-20,-20,-20,9,8,-20,8,9,-20,-20,-20,-20,-20,-20,-20,-20,-20,2,-20,-20,60,12,-20,-20,-20,-20,-20,-20,18,3,6,5,9,14,-20,-20,-20,-20,-20,21,11,39,16,24,19,48,10,62,10,17,23,22,39,-20,-20,21,64,67,-20,-20,-20,-20,-20,-20,-20,-20,-20,-20,-20,-20,-20,-20,18,-20,-20,-20,-20,-20,4,11,14,-20,-20,-20,11,-20,-20,-20,40,-20,-20,-20,-20,-20,-20,-20,19,-20,8,-20,-20,-20,-20,4,-20,-20,4,-20,-20,8,-20,-20,47,61,-20,6,69,13,4,5,8,9,11,7,71,7,-20,41,12,14,34,6,-20,-20,42,64,60,-20,4,6,6,3,8,12,51,10,5,49,6,7,9,16,18,23,35,11,7,9,55,21,-20,4,6,9,8,-20,6,7,10,6,5,72,46,30,7,33,17,25,16,61,16,15,-20,2,26,3,14,24,11,14,35,13,-20,-20,13,17,19,10,24,21,9,16,34,20,21,16,29,48,8,25,37,24,18,20,14,5,36,10,11,17,12,15,18,36,13,6,9,11,44,23,29,32,49,42,12,10,15,22,17,14,24,9,23,17,4,23,23,16,14,23,18,17,14,-20,-20,25,-20,13,35,17,12,21,21,19,18,19,24,22,-20,33,28,29,16,27,-20,7,50,47,27,64,8,13,10,37,5,24,18,5,-20,26,17,24,-20,14,57,30,53,5,8,5,36,4,7,5,9,-20,-20,3,-20,-20,-20,-20,-20,74,11,8,5,-20,22,96,20,25,11,29,12,10,4,13,16,33,9,21,4,3,-20,-20,14,42,86,21,6,32,-20,20,10,15,10,12,28,14,14,3,13,15,7,12,9,17,7,14,11,20,11,10,6,-20,18,7,7,-20,9,11,5,44,8,-20,16,62,-20,19,11,10,-20,11,8,3,15,15,12,23,-20,12,9,6,14,11,4,7,43,10,9,11,10,28,12,19,10,15,11,11,11,5,7,24,-20,6,-20,7,6,-20,5,18,11,13,11,33,17,7,18,29,15,10,107,17,17,11,4,6,10,4,3,-20,7,8,8,-20,22,7,11,12,40,26,8,-20,6,9,11,13,9,9,-20,26,13,15,37,9,4,9,11,12,-20,4,7,9,18,10,9,-20,-20,-20,28,32,-20,-20,6,18,10,12,11,19,7,-20,28,21,-20,30,6,16,-20,8,7,4,13,-20,-20,9,18,-20,-20,-20,10,37,3,-20,-20,-20,43,-20,15,-20,-20,7,13,-20,-20,-20,7,41,7,7,-20,15,10,-20,32,16,11,6,17,8,5,15,16,16,-20,-20,4,7,6,29,35,15,40,13,13,15,14,7,31,5,14,30,18,9,5,3,-20,6,97,-20,-20,-20,-20,13,-20,17,10,10,24,24,26,-20,-20,-20,-20,-20,6,26,14,24,19,8,25,9,11,8,14,18,11,21,8,-20,-20,25,-20,-20,9,39,10,12,13,12,23,17,14,12,17,15,11,6,-20,19,10,-20,82,41,53,54,62,25,31,32,19,74,32,24,50,24,18,24,70,53,13,8,31,24,90,18,9,17,10,17,35,31,21,27,32,36,21,44,12,21,11,77,13,20,37,37,15,18,11,19,9,14,12,12,15,17,14,5,13,11,13,14,17,11,5,15,12,8,10,11,8,-20,7,10,12,13,10,12,26,13,5,18,14,11,14,9,-20,11,7,19,10,11,8,-20,15,10,6,15,12,15,5,10,10,-20,9,18,17,12,18,8,12,12,12,22,7,21,20,5,18,10,16,8,10,13,16,14,11,18,21,16,6,11,10,7,13,16,26,13,10,3,11,13,5,13,12,7,11,18,4,12,17,12,6,9,10,19,5,5,4,7,14,6,-20,6,15,13,5,6,11,8,13,5,16,9,9,8,4,3,15,5,13,8,14,6,9,14,-20,5,13,13,7,10,10,9,20,7,10,21,25,14,9,15,-20,-20,-20,-20,-20,7,9,-20,6,-20,-20,7,-20,-20,16,12,12,12,11,6,14,20,4,-20,13,10,8,14,16,7,13,8,5,3,3,15,7,-20,9,-20,15,-20,10,9,12,7,13,3,15,20,11,-20,4,3,3,9,6,3,8,9,11,13,6,15,7,6,13,5,11,-20,7,81,16,14,25,12,-20,-20,12,24,4,12,16,15,16,12,3,28,23,15,9,13,13,30,15,15,3,12,14,12,29,9,23,24,14,11,-20,21,16,6,17,5,16,10,15,5,13,7,7,14,-20,4,12,8,13,8,3,6,8,7,6,4,-20,5,-20,10,9,-20,19,13,7,11,23,13,6,10,14,6,3,9,13,12,11,12,6,5,17,9,4,-20,5,-20,-20,-20,3,6,12,10,8,5,13,9,8,4,20,5,14,10,9,8,3,5,13,10,10,9,11,28,9,5,13,14,12,3,9,9,8,-20,10,4,13,11,-20,11,19,5,9,19,16,14,14,-20,4,6,-20,16,4,7,7,-20,-20,10,10,-20,11,12,7,13,4,11,12,13,17,5,13,5,6,9,5,16,6,-20,12,7,15,8,8,16,4,11,8,-20,11,10,9,12,15,4,3,13,12,4,-20,4,7,13,-20,13,15,7,15,29,15,4,14,4,16,12,13,9,4,10,7,7,14,18,-20,6,21,6,12,5,9,36,47,19,33,25,36,33,33,62,45,58,21,46,52,61,59,52,52
"chr1,12035075",-20,-20,-20,10,-20,-20,8,-20,-20,-20,-20,-20,-20,-20,-20,-20,-20,-20,-20,-20,63,11,-20,-20,-20,-20,-20,-20,17,4,7,4,8,16,-20,-20,-20,-20,-20,18,10,42,-20,22,19,47,11,71,11,15,24,24,42,-20,-20,20,69,60,-20,-20,-20,-20,-20,-20,-20,-20,-20,-20,-20,-20,-20,-20,17,-20,-20,-20,-20,-20,5,13,15,-20,-20,-20,12,-20,-20,-20,34,-20,-20,-20,-20,-20,-20,-20,19,-20,9,-20,-20,-20,-20,4,-20,-20,4,-20,-20,11,-20,-20,43,62,-20,8,76,11,4,5,8,8,10,8,69,8,3,45,12,10,40,5,-20,-20,42,70,60,-20,5,6,6,3,9,13,48,11,5,49,6,6,10,15,16,21,37,14,7,9,59,20,-20,-20,6,9,7,-20,7,5,10,-20,-20,84,40,34,5,26,17,20,14,72,14,14,-20,3,26,-20,10,21,11,11,32,13,-20,-20,14,14,14,9,25,16,8,15,29,19,18,17,26,49,7,28,38,24,20,18,13,-20,34,9,12,21,10,15,14,33,18,5,15,11,49,27,29,28,54,39,13,11,-20,18,17,13,26,13,17,16,7,28,17,16,16,21,19,15,16,-20,-20,23,18,8,25,17,11,21,18,18,18,21,23,17,-20,35,26,20,14,26,-20,5,46,30,22,63,6,12,8,41,6,23,14,5,-20,26,11,22,3,-20,58,17,56,5,8,5,31,6,8,5,12,-20,-20,-20,-20,-20,-20,-20,-20,73,11,-20,4,7,24,90,18,25,10,25,5,10,4,13,15,28,8,22,4,3,-20,-20,14,37,89,21,6,30,-20,22,9,16,10,12,29,14,12,5,12,16,7,14,-20,20,7,12,-20,20,11,10,9,-20,17,7,8,4,8,10,6,50,11,-20,16,65,-20,18,9,11,-20,10,6,3,16,20,13,22,-20,12,9,6,15,11,4,7,42,11,-20,11,7,28,16,23,9,18,10,14,11,5,8,23,-20,8,-20,7,7,8,4,19,12,14,13,34,18,7,17,32,13,8,110,18,14,11,-20,8,8,5,3,-20,8,8,7,-20,23,7,13,11,35,26,8,-20,7,8,11,12,8,9,-20,20,10,16,34,5,4,11,12,11,-20,4,7,9,19,10,-20,-20,-20,-20,27,33,-20,-20,6,17,8,13,12,15,9,-20,25,19,-20,27,6,19,-20,8,7,-20,11,-20,-20,10,21,-20,-20,-20,11,37,3,-20,-20,-20,47,-20,16,-20,-20,8,12,-20,-20,-20,8,45,8,7,-20,10,8,-20,33,17,13,8,17,8,6,16,17,-20,-20,-20,4,8,4,24,26,14,42,13,15,13,12,6,29,-20,13,30,20,10,5,3,-20,5,104,-20,-20,-20,-20,14,-20,15,7,-20,26,22,26,-20,-20,-20,-20,-20,6,29,13,20,18,-20,25,9,12,8,12,17,11,21,10,-20,-20,26,-20,-20,9,40,10,12,11,12,22,18,10,11,14,15,11,6,-20,14,6,-20,82,44,52,50,57,26,31,32,21,75,30,28,45,21,19,17,64,58,-20,5,28,15,88,18,8,12,10,12,37,29,19,22,24,33,17,32,-20,16,11,75,13,20,33,35,13,19,10,23,8,15,11,11,16,12,11,-20,17,10,11,14,12,13,4,13,13,9,9,10,7,-20,8,10,11,13,12,12,24,11,7,19,14,12,15,11,3,12,-20,17,14,12,8,-20,14,11,6,14,-20,14,5,8,9,-20,9,-20,16,12,18,7,13,11,9,22,7,19,18,5,17,9,18,8,10,11,16,13,10,-20,22,14,4,8,10,5,14,16,-20,14,9,3,12,13,6,12,12,8,10,19,4,15,14,12,6,9,10,19,8,5,5,6,14,5,-20,7,13,13,5,-20,10,-20,11,3,16,12,7,7,4,3,16,4,13,7,14,6,10,14,-20,6,13,12,8,10,11,8,20,5,9,20,25,16,10,13,-20,-20,-20,-20,-20,8,11,-20,7,-20,-20,7,-20,-20,15,10,11,12,13,6,15,18,-20,-20,14,10,9,16,15,6,13,7,4,-20,3,16,8,-20,-20,5,12,-20,11,10,11,7,15,-20,17,22,12,-20,4,3,4,8,6,-20,7,11,11,11,9,17,7,5,12,4,10,-20,7,85,18,13,23,10,-20,-20,13,23,-20,13,14,14,18,13,3,23,21,14,10,12,13,30,15,13,-20,15,14,11,27,9,25,26,13,11,-20,21,16,7,16,7,17,12,14,4,12,7,-20,14,-20,4,13,-20,12,8,4,-20,9,7,6,4,-20,5,-20,12,8,-20,19,12,8,10,20,13,8,9,13,5,3,9,12,11,9,13,6,5,15,7,3,-20,6,-20,-20,-20,3,6,12,10,10,4,11,8,9,4,22,-20,15,10,10,7,-20,6,13,9,9,12,11,29,8,6,13,13,13,-20,9,-20,8,-20,10,4,13,10,4,11,16,4,8,20,15,16,-20,-20,4,6,-20,12,4,8,7,-20,-20,11,14,-20,8,8,6,11,5,-20,8,9,14,6,10,7,4,6,5,16,6,12,10,7,9,7,4,16,6,9,7,-20,9,8,8,9,10,-20,4,7,7,4,7,3,-20,8,-20,12,20,6,10,16,10,5,12,5,10,12,10,9,-20,5,-20,8,12,17,5,3,13,5,10,-20,7,33,47,17,32,23,36,31,31,66,40,60,21,50,61,63,54,52,50
"chr1,12035076",-20,-20,-20,10,8,-20,9,8,-20,-20,-20,-20,-20,-20,-20,-20,-20,-20,-20,-20,62,11,-20,-20,-20,-20,-20,-20,16,4,7,4,8,16,-20,-20,-20,-20,-20,18,10,40,-20,22,19,46,11,71,11,16,24,24,42,-20,-20,18,68,59,-20,-20,-20,-20,-20,-20,-20,-20,-20,-20,-20,-20,-20,-20,18,-20,-20,-20,-20,-20,5,13,13,-20,-20,-20,12,-20,-20,-20,36,-20,-20,-20,-20,-20,-20,-20,18,-20,8,-20,-20,-20,-20,4,-20,-20,4,-20,-20,11,-20,-20,41,62,-20,8,75,10,4,5,8,8,10,8,70,8,3,44,12,10,42,5,-20,-20,42,70,58,-20,5,6,6,2,9,13,49,11,5,49,6,6,10,15,16,19,38,14,7,9,59,21,-20,-20,6,9,7,-20,7,-20,10,-20,-20,84,40,34,5,26,17,20,14,72,13,13,-20,3,26,-20,9,21,11,11,32,14,-20,-20,14,13,14,9,25,16,8,15,30,17,19,16,26,49,7,28,38,24,19,18,13,-20,34,9,12,21,9,12,16,33,18,6,15,11,48,27,29,30,54,38,13,11,10,18,17,13,26,13,17,17,7,29,17,16,16,19,19,15,16,-20,-20,25,16,8,24,17,10,21,18,18,18,22,23,15,-20,34,26,19,14,27,-20,5,47,33,23,64,5,12,7,42,5,23,14,4,4,21,11,22,3,-20,58,17,58,5,8,5,31,6,8,5,11,-20,-20,-20,-20,-20,-20,-20,-20,73,11,8,4,7,25,-20,18,25,12,25,5,10,4,12,15,27,8,21,4,3,-20,-20,13,37,-20,21,6,29,-20,22,9,16,10,12,30,14,12,5,12,16,7,13,-20,20,7,11,10,22,10,10,9,-20,17,7,8,4,8,10,6,50,11,-20,15,63,-20,18,11,-20,-20,10,6,-20,16,20,12,21,-20,11,9,6,15,11,3,7,45,11,-20,11,6,29,16,23,9,18,10,14,11,5,7,23,-20,8,-20,7,7,7,4,19,12,14,13,34,19,7,17,32,13,8,107,18,14,11,-20,8,8,4,3,-20,8,8,7,-20,23,7,12,11,34,27,8,-20,7,8,11,12,8,8,-20,20,10,15,30,5,5,11,12,12,-20,4,7,9,19,10,9,-20,-20,-20,27,33,-20,-20,6,17,8,13,12,15,8,-20,28,19,-20,26,6,19,-20,8,6,-20,12,-20,-20,-20,20,-20,-20,-20,12,37,3,-20,-20,-20,48,-20,15,-20,-20,-20,12,-20,-20,-20,8,45,8,7,-20,10,9,-20,33,16,13,8,17,-20,6,16,16,-20,-20,-20,4,8,4,25,26,14,42,12,15,13,12,6,31,-20,13,31,20,11,-20,3,-20,5,103,-20,-20,2,-20,13,-20,12,7,10,24,22,27,-20,-20,-20,-20,-20,7,29,13,20,18,-20,25,9,12,7,12,17,11,21,10,-20,-20,26,-20,-20,9,41,10,12,11,12,23,18,10,12,14,14,11,6,-20,14,6,-20,81,44,54,50,56,27,31,32,23,75,30,27,48,21,19,17,65,57,10,5,28,14,86,18,8,12,-20,11,36,29,19,22,24,35,17,31,-20,16,10,72,13,20,33,34,13,19,11,22,8,15,10,10,16,11,11,-20,17,10,10,14,11,13,4,12,-20,10,9,10,7,-20,8,10,11,13,12,11,24,13,7,18,13,12,15,11,3,12,-20,17,14,12,8,-20,15,11,6,14,12,14,5,7,9,-20,9,18,-20,-20,16,6,13,11,9,-20,7,20,17,5,17,9,19,-20,10,-20,15,13,10,18,22,16,4,8,10,5,14,15,25,14,-20,3,11,13,6,12,11,8,-20,19,4,15,13,12,6,9,10,19,8,5,5,6,14,5,-20,7,13,13,6,5,9,-20,11,3,16,12,7,-20,4,-20,17,4,13,7,14,6,-20,13,-20,-20,13,12,8,10,11,8,20,4,-20,19,24,16,9,13,-20,-20,-20,-20,-20,9,10,-20,6,-20,-20,7,-20,-20,15,11,11,11,13,6,15,17,-20,-20,13,10,8,15,16,6,13,7,4,-20,3,15,9,-20,8,3,12,-20,11,10,11,7,15,-20,17,22,12,-20,4,3,4,8,6,-20,7,11,11,11,9,17,7,5,12,4,10,-20,7,86,18,12,22,10,-20,-20,12,23,-20,13,14,13,18,12,3,25,21,14,9,12,12,30,14,12,-20,15,14,10,27,9,24,26,12,11,-20,21,16,7,16,7,18,12,13,4,12,7,-20,13,-20,4,13,-20,12,8,4,-20,9,7,6,3,-20,5,-20,12,8,-20,-20,12,8,10,20,13,8,9,12,5,3,9,11,11,9,13,6,5,15,7,3,-20,6,-20,-20,-20,3,6,12,11,10,-20,10,8,9,4,22,-20,15,10,10,6,-20,6,14,8,6,12,11,30,-20,6,12,13,-20,-20,8,11,7,-20,10,3,13,10,4,11,16,4,8,20,15,16,11,-20,4,6,-20,-20,5,8,7,-20,-20,11,15,-20,6,8,6,11,5,7,4,9,17,6,-20,6,4,6,5,12,5,13,11,7,9,8,4,15,5,9,8,-20,-20,8,9,8,9,-20,4,9,6,3,6,3,5,7,-20,12,18,8,9,15,10,5,14,4,10,12,9,8,-20,6,5,9,12,16,5,4,13,4,10,-20,7,33,47,17,33,23,36,30,32,65,42,60,21,50,61,63,55,51,50
"chr1,12035081",-20,-20,-20,-20,8,-20,-20,8,-20,-20,-20,-20,-20,-20,-20,-20,-20,-20,-20,-20,56,11,-20,-20,-20,-20,-20,-20,-20,4,7,4,8,-20,-20,-20,-20,-20,-20,-20,9,-20,-20,22,18,-20,-20,-20,-20,-20,-20,24,45,-20,-20,20,66,-20,-20,-20,-20,-20,-20,-20,-20,-20,-20,-20,-20,-20,-20,-20,16,-20,-20,-20,-20,-20,5,13,10,-20,-20,-20,12,-20,-20,-20,-20,-20,-20,-20,-20,-20,-20,-20,19,-20,-20,-20,-20,-20,-20,-20,-20,-20,4,-20,-20,9,-20,-20,40,-20,-20,8,-20,10,4,4,6,8,9,7,-20,8,3,42,10,6,37,5,-20,-20,-20,-20,-20,-20,-20,-20,-20,-20,8,11,-20,10,4,-20,-20,6,10,-20,-20,-20,-20,14,8,7,50,-20,-20,-20,-20,-20,-20,-20,-20,6,10,-20,-20,-20,37,35,6,19,-20,20,12,-20,12,-20,-20,3,24,4,-20,-20,-20,-20,-20,14,-20,-20,-20,-20,-20,8,-20,16,-20,-20,-20,14,18,-20,-20,-20,-20,28,-20,-20,19,-20,-20,-20,29,10,13,18,-20,11,-20,-20,17,8,11,-20,-20,32,-20,28,-20,33,12,11,-20,-20,15,-20,-20,-20,-20,16,-20,-20,15,-20,-20,21,19,13,13,-20,-20,24,-20,-20,-20,15,11,24,17,-20,16,23,25,-20,-20,-20,21,-20,13,28,-20,-20,-20,32,-20,-20,4,-20,-20,37,-20,-20,-20,-20,5,-20,10,21,4,-20,58,29,56,4,8,-20,-20,6,-20,-20,11,-20,-20,-20,-20,-20,-20,-20,-20,-20,-20,8,4,7,-20,-20,18,23,12,25,-20,8,5,11,13,26,8,20,4,3,-20,-20,-20,33,-20,19,-20,-20,-20,-20,-20,-20,10,9,-20,-20,-20,4,12,14,6,14,-20,19,5,11,10,-20,-20,-20,9,-20,-20,7,8,3,8,10,6,50,-20,-20,14,65,-20,15,11,-20,-20,-20,7,-20,14,19,11,17,-20,10,9,6,14,9,3,7,45,11,-20,-20,-20,-20,-20,23,8,-20,-20,14,-20,-20,8,18,-20,-20,-20,8,-20,6,-20,18,11,12,12,29,18,-20,16,30,-20,8,107,18,15,10,-20,-20,8,-20,3,-20,9,9,6,-20,-20,8,14,10,33,-20,8,-20,9,9,-20,-20,8,7,-20,-20,10,-20,24,5,6,9,12,11,-20,5,7,-20,-20,-20,-20,-20,-20,-20,-20,25,-20,-20,6,15,-20,12,-20,-20,10,-20,-20,16,-20,-20,6,-20,-20,8,6,-20,10,-20,-20,-20,-20,-20,-20,-20,13,-20,3,-20,-20,-20,47,-20,14,-20,-20,7,-20,-20,-20,-20,8,44,-20,-20,-20,11,8,-20,29,-20,11,8,18,-20,6,13,14,17,-20,-20,3,10,-20,-20,-20,-20,38,-20,15,12,11,-20,-20,-20,12,-20,21,11,-20,3,-20,5,-20,-20,-20,3,-20,12,3,12,6,-20,27,23,-20,-20,-20,-20,-20,-20,7,30,-20,-20,-20,-20,-20,-20,11,7,12,-20,-20,18,-20,-20,-20,-20,-20,-20,8,-20,-20,-20,-20,-20,21,18,-20,-20,-20,-20,10,4,-20,12,-20,-20,76,-20,-20,-20,-20,-20,28,31,-20,-20,-20,27,47,-20,18,-20,58,49,9,-20,-20,-20,-20,-20,7,-20,-20,10,37,-20,-20,-20,-20,-20,-20,32,-20,-20,-20,-20,-20,20,-20,-20,12,17,10,-20,9,15,10,10,15,14,-20,-20,-20,-20,-20,-20,11,-20,3,10,-20,9,-20,-20,-20,-20,8,9,10,13,-20,11,-20,14,6,-20,-20,11,15,-20,3,10,-20,13,13,-20,-20,-20,14,10,6,13,-20,-20,5,7,10,-20,-20,-20,-20,10,-20,6,-20,-20,-20,-20,7,-20,-20,-20,17,7,18,-20,10,-20,-20,-20,-20,-20,20,14,-20,-20,10,4,15,-20,20,-20,7,-20,-20,-20,-20,-20,-20,8,-20,17,-20,14,13,10,6,8,-20,-20,8,4,5,5,14,5,-20,7,13,11,6,5,-20,-20,11,-20,14,10,-20,-20,-20,-20,16,-20,13,-20,-20,-20,-20,13,-20,-20,-20,-20,8,-20,10,7,20,-20,10,-20,24,15,8,14,-20,-20,-20,-20,-20,9,9,-20,-20,-20,-20,-20,-20,-20,15,9,9,-20,12,-20,14,-20,-20,-20,-20,-20,7,-20,13,-20,13,-20,3,-20,-20,13,9,-20,-20,3,12,-20,10,-20,-20,-20,-20,-20,-20,-20,-20,-20,-20,-20,4,-20,5,-20,-20,11,-20,10,9,-20,-20,5,-20,4,-20,-20,7,-20,-20,11,-20,-20,-20,-20,-20,22,-20,12,13,10,-20,11,-20,24,-20,10,8,-20,-20,-20,-20,-20,-20,13,14,8,25,8,-20,-20,11,-20,-20,19,-20,7,14,7,-20,-20,-20,-20,-20,-20,-20,12,-20,4,-20,-20,-20,-20,4,-20,-20,7,-20,-20,-20,5,-20,10,-20,-20,-20,11,-20,-20,-20,-20,-20,-20,12,5,3,-20,-20,10,-20,-20,6,-20,-20,6,3,-20,-20,-20,-20,-20,2,6,-20,-20,10,-20,10,-20,8,4,-20,-20,-20,10,10,-20,-20,6,13,8,6,10,10,-20,-20,-20,13,-20,-20,-20,8,-20,6,-20,-20,3,-20,9,4,10,-20,4,7,-20,15,14,11,-20,3,5,-20,-20,-20,8,6,-20,-20,9,-20,-20,6,-20,-20,-20,4,-20,-20,-20,-20,-20,-20,6,4,6,-20,-20,5,-20,8,-20,7,-20,-20,-20,4,-20,7,-20,-20,-20,-20,-20,-20,-20,-20,-20,-20,-20,8,-20,-20,-20,-20,8,19,-20,-20,-20,-20,5,10,3,-20,-20,-20,-20,-20,5,4,9,10,-20,6,-20,11,5,-20,-20,9,33,-20,16,-20,-20,-20,-20,33,-20,37,59,21,-20,58,-20,49,51,46
"chr1,12035083",-20,-20,-20,8,9,-20,9,8,-20,-20,-20,-20,-20,-20,-20,-20,-20,-20,-20,-20,59,11,-20,-20,-20,-20,-20,-20,16,4,7,4,9,15,-20,-20,-20,-20,-20,13,9,42,-20,21,18,46,10,68,11,15,22,24,46,-20,-20,20,63,53,-20,-20,-20,-20,-20,-20,-20,-20,-20,-20,-20,-20,-20,-20,19,-20,-20,-20,-20,-20,5,13,10,-20,-20,-20,12,-20,-20,-20,-20,-20,-20,-20,-20,-20,-20,-20,19,-20,6,-20,-20,-20,-20,-20,-20,-20,4,-20,-20,9,-20,-20,40,55,-20,8,74,13,5,4,6,8,9,7,66,8,3,41,10,6,40,5,-20,-20,40,70,53,-20,5,4,5,-20,8,11,46,11,5,45,5,6,10,14,14,17,40,15,8,7,53,17,-20,-20,6,10,6,-20,6,5,11,-20,-20,78,40,37,7,20,13,21,11,68,13,12,-20,3,26,4,8,20,9,12,32,13,-20,-20,12,9,13,8,26,16,7,15,25,15,18,-20,25,49,8,28,41,21,21,22,9,-20,28,11,13,19,7,11,15,32,16,10,14,13,43,30,29,31,54,35,13,12,11,22,16,16,24,16,15,18,7,26,17,14,16,23,19,16,14,-20,-20,28,14,4,24,18,10,26,18,12,15,22,24,13,-20,28,23,19,16,30,-20,-20,45,31,27,59,4,12,9,39,5,24,10,-20,4,18,11,22,4,-20,52,29,54,4,9,5,30,6,9,4,10,-20,-20,-20,-20,-20,-20,-20,-20,70,11,8,4,7,27,85,18,23,12,24,8,8,4,11,15,26,8,22,4,-20,-20,-20,14,34,92,18,5,-20,-20,20,10,13,-20,9,29,13,9,4,11,13,6,14,-20,19,5,11,10,-20,10,10,9,-20,16,7,8,4,9,10,6,50,-20,-20,14,65,-20,14,11,12,-20,9,-20,3,14,18,11,18,-20,10,9,-20,14,9,3,7,44,9,7,9,7,28,16,23,9,19,10,14,11,4,8,19,-20,7,-20,9,7,6,5,18,11,13,12,31,18,9,17,28,15,8,111,17,13,10,-20,10,10,-20,3,-20,-20,9,6,-20,20,7,14,10,33,28,7,-20,9,9,12,10,8,7,-20,21,10,16,24,5,6,9,12,13,-20,6,8,8,17,11,9,-20,-20,-20,25,30,-20,-20,6,17,-20,12,10,14,10,-20,25,17,-20,20,6,18,-20,8,6,-20,-20,-20,-20,10,20,-20,-20,-20,13,30,3,-20,-20,-20,46,-20,14,-20,-20,6,11,-20,-20,-20,8,45,8,7,-20,13,8,-20,30,15,10,8,18,9,6,14,19,15,-20,-20,3,9,4,21,21,11,40,16,14,12,-20,6,31,-20,12,30,22,11,-20,3,-20,5,102,-20,-20,3,-20,13,3,12,6,12,28,21,27,-20,-20,-20,-20,-20,8,32,12,20,11,8,23,9,12,7,12,17,13,18,9,-20,-20,26,-20,-20,8,38,9,12,11,10,21,17,11,11,13,15,10,4,-20,12,-20,-20,76,47,51,50,53,24,31,33,19,69,33,28,50,21,18,15,60,50,9,4,27,10,82,15,7,12,9,11,39,22,12,22,22,35,18,32,-20,22,11,70,14,20,32,24,13,16,8,19,11,14,12,10,15,14,11,-20,14,10,8,13,14,15,-20,10,-20,9,7,11,8,-20,8,11,10,13,9,11,21,15,7,17,12,10,13,12,3,10,-20,14,13,11,8,-20,14,10,10,13,11,12,5,6,10,-20,9,14,12,11,15,5,10,11,10,21,7,18,17,-20,17,8,18,6,9,11,15,11,11,16,21,14,3,8,12,4,15,13,22,14,7,6,12,13,6,10,10,7,8,18,4,15,13,10,8,9,10,16,8,4,5,5,14,5,-20,8,13,10,6,4,11,-20,11,3,14,13,6,6,4,3,14,4,14,6,11,6,10,13,-20,6,12,13,8,11,13,8,20,3,11,18,26,16,8,14,-20,-20,-20,-20,-20,9,9,-20,7,-20,-20,6,-20,-20,15,9,8,9,12,8,16,14,4,-20,13,8,7,15,14,7,13,6,3,-20,-20,13,9,-20,9,3,11,-20,10,9,8,5,13,3,15,18,10,-20,-20,-20,4,8,4,3,8,11,11,9,9,16,-20,5,11,4,9,-20,7,82,17,11,17,10,-20,-20,11,23,-20,12,15,11,17,14,-20,25,23,13,8,10,9,27,12,10,-20,14,15,10,25,10,23,25,12,10,-20,21,14,7,12,7,16,11,11,-20,10,8,6,12,-20,3,12,-20,11,9,4,-20,9,7,6,-20,-20,5,-20,12,10,-20,18,11,8,9,19,12,8,9,12,5,4,9,11,10,9,11,6,5,13,7,3,3,6,-20,-20,-20,4,6,12,11,10,5,11,8,8,4,20,-20,16,11,10,6,-20,6,15,9,5,10,12,26,8,4,15,13,13,-20,-20,11,6,6,9,3,11,9,4,10,11,4,5,18,13,14,10,-20,3,5,-20,8,5,8,6,-20,-20,9,16,-20,-20,4,6,12,5,4,3,9,20,4,6,8,4,5,-20,12,5,11,8,6,7,-20,-20,13,3,7,6,-20,10,9,8,10,11,-20,3,8,-20,4,6,-20,-20,7,-20,6,22,-20,8,13,10,5,12,3,9,9,6,10,-20,-20,4,8,11,14,5,-20,11,5,-20,-20,9,26,46,15,32,22,32,29,34,61,37,59,21,56,61,64,53,51,48
"chr1,12035095",-20,-20,-20,7,9,-20,-20,8,-20,-20,-20,-20,-20,-20,-20,-20,-20,-20,-20,-20,59,8,-20,-20,-20,-20,-20,-20,-20,4,7,4,11,11,-20,-20,-20,-20,-20,-20,6,-20,-20,19,16,36,-20,56,-20,-20,-20,25,52,-20,-20,18,55,55,-20,-20,-20,-20,-20,-20,-20,-20,-20,-20,-20,-20,-20,-20,16,-20,-20,-20,-20,-20,5,14,10,-20,-20,-20,11,-20,-20,-20,-20,-20,-20,-20,-20,-20,-20,-20,12,-20,6,-20,-20,-20,-20,-20,-20,-20,4,-20,-20,8,-20,-20,40,45,-20,6,-20,12,6,4,4,7,8,3,50,9,3,41,10,7,34,6,-20,-20,29,57,41,-20,3,3,3,2,9,9,-20,11,5,-20,-20,6,9,-20,9,-20,31,13,-20,7,-20,14,-20,-20,4,-20,5,-20,4,5,12,-20,-20,67,35,39,7,21,-20,21,13,58,12,-20,-20,3,26,4,7,-20,-20,13,32,10,-20,-20,-20,7,-20,11,-20,16,4,10,-20,16,-20,-20,28,36,14,34,40,21,27,17,8,-20,36,10,12,18,5,15,12,-20,17,10,16,-20,38,32,-20,32,46,35,13,13,12,-20,10,13,19,16,10,21,9,22,19,14,21,24,27,18,13,-20,-20,25,11,8,25,19,11,24,22,13,14,21,22,10,-20,21,19,22,-20,33,-20,-20,39,28,22,61,-20,-20,6,34,4,-20,8,-20,7,19,9,19,-20,-20,38,30,54,4,9,3,27,6,8,-20,11,-20,-20,-20,-20,-20,-20,-20,-20,58,12,10,3,8,27,75,20,23,12,25,-20,11,4,13,13,25,7,19,6,3,-20,-20,11,34,92,16,5,-20,-20,14,-20,-20,-20,11,23,-20,-20,4,11,11,8,17,7,18,5,10,12,-20,-20,9,7,-20,12,3,9,3,10,10,6,48,10,-20,15,58,-20,13,11,9,-20,-20,-20,-20,14,21,11,-20,-20,10,8,7,15,10,3,7,51,11,7,8,7,-20,13,21,11,15,7,12,-20,5,7,18,-20,-20,-20,8,4,6,6,16,11,10,10,28,16,8,14,24,14,9,110,19,-20,14,-20,-20,9,4,3,-20,9,10,5,-20,17,7,12,11,31,-20,6,-20,8,8,-20,-20,-20,7,-20,-20,8,14,13,7,6,12,12,11,-20,-20,11,-20,16,10,10,-20,-20,-20,-20,-20,-20,-20,4,19,6,12,8,16,12,-20,-20,-20,-20,-20,3,-20,-20,8,4,4,-20,-20,-20,6,-20,-20,-20,-20,13,-20,2,-20,-20,-20,49,-20,15,-20,-20,7,8,-20,-20,-20,8,49,-20,11,-20,18,8,-20,27,-20,11,9,16,-20,7,14,20,16,-20,-20,4,12,-20,17,-20,10,40,14,16,12,8,7,29,-20,14,26,21,9,-20,4,-20,6,95,-20,-20,5,-20,12,4,12,7,14,25,24,23,-20,-20,-20,-20,-20,7,32,-20,19,7,-20,16,7,9,9,12,14,11,15,7,-20,-20,-20,-20,-20,8,37,8,8,-20,8,19,11,-20,-20,12,11,9,4,-20,-20,-20,-20,75,-20,48,-20,42,18,29,28,19,69,-20,31,49,17,16,12,56,46,10,-20,27,13,75,18,6,7,5,9,42,-20,14,-20,-20,31,-20,38,-20,-20,-20,59,-20,22,-20,22,13,-20,8,14,-20,13,-20,7,10,-20,-20,-20,11,-20,-20,-20,14,12,3,10,-20,9,6,-20,9,-20,15,11,10,12,-20,11,-20,13,-20,-20,-20,10,14,11,4,8,-20,13,12,12,7,-20,14,9,12,13,9,10,6,7,6,-20,8,11,11,11,14,5,8,7,-20,-20,-20,14,14,-20,15,7,17,6,6,-20,-20,8,8,15,17,13,-20,5,12,4,13,10,22,-20,5,5,11,9,-20,7,-20,6,-20,17,-20,14,9,9,9,9,6,-20,7,4,5,6,17,5,-20,9,11,9,8,4,7,3,10,3,8,10,4,4,-20,3,13,2,14,3,-20,-20,-20,11,-20,5,11,-20,6,10,13,8,19,-20,10,-20,23,14,9,15,-20,-20,-20,-20,-20,11,9,-20,5,-20,-20,3,-20,-20,13,9,8,-20,11,-20,16,-20,-20,-20,15,7,6,10,12,7,12,5,-20,-20,-20,12,7,-20,-20,4,11,-20,11,-20,7,3,-20,-20,13,16,-20,-20,-20,-20,-20,-20,4,3,-20,11,9,7,7,13,6,-20,-20,4,-20,-20,8,70,12,12,14,10,-20,-20,9,24,-20,9,15,9,-20,14,-20,19,13,10,6,-20,-20,23,10,-20,-20,13,11,8,21,10,-20,16,8,-20,-20,21,-20,8,10,11,11,-20,-20,-20,-20,6,-20,13,-20,-20,7,-20,6,8,5,4,9,8,-20,3,-20,5,-20,10,9,-20,13,9,-20,10,-20,-20,6,7,9,3,3,-20,8,8,-20,-20,5,-20,8,7,3,3,5,-20,-20,-20,-20,6,9,-20,9,5,9,8,8,4,-20,-20,12,11,8,-20,-20,6,15,9,5,9,10,23,-20,3,12,9,10,-20,5,-20,5,-20,8,-20,-20,7,3,9,7,4,4,-20,11,13,7,-20,-20,5,-20,5,4,7,5,-20,-20,7,17,-20,4,4,-20,9,3,7,-20,8,15,3,4,10,-20,4,5,10,-20,12,7,5,-20,-20,-20,7,-20,-20,6,-20,-20,6,5,-20,7,4,-20,5,-20,6,-20,6,4,3,-20,5,16,2,5,-20,-20,4,12,5,10,8,6,4,-20,6,6,4,6,-20,6,3,8,-20,6,-20,12,30,-20,17,28,16,-20,-20,32,-20,39,59,33,56,61,50,54,49,50
"chr1,12035100",-20,-20,-20,8,8,-20,7,8,-20,-20,-20,-20,-20,-20,-20,-20,-20,-20,-20,-20,59,9,-20,-20,-20,-20,-20,-20,12,4,7,-20,12,12,-20,-20,-20,-20,-20,9,6,-20,-20,19,18,33,8,56,9,16,17,24,52,-20,-20,19,55,54,-20,-20,-20,-20,-20,-20,-20,-20,-20,-20,-20,-20,-20,-20,15,-20,-20,-20,-20,-20,4,14,9,-20,-20,-20,10,-20,-20,-20,-20,-20,-20,-20,-20,-20,-20,-20,13,-20,6,-20,-20,-20,-20,-20,-20,-20,3,-20,-20,6,-20,-20,38,-20,-20,6,57,14,6,4,4,5,8,3,46,9,4,44,7,7,-20,6,-20,-20,-20,-20,-20,-20,3,3,3,2,10,-20,-20,9,5,34,-20,5,9,6,8,16,33,15,10,9,-20,-20,-20,-20,-20,8,5,-20,4,4,12,-20,-20,65,39,35,-20,25,7,16,13,59,12,13,-20,3,26,4,8,20,7,14,31,12,-20,-20,9,6,8,12,25,14,6,15,24,14,16,-20,27,39,14,32,40,21,27,19,8,-20,37,7,13,16,5,17,12,38,16,11,17,10,39,29,24,32,45,35,11,11,11,22,8,12,22,15,11,18,7,25,19,13,21,23,28,19,13,-20,-20,26,12,12,26,17,11,20,20,14,12,23,22,11,-20,24,18,20,-20,36,-20,-20,42,39,24,62,-20,7,6,32,4,13,7,-20,7,18,9,18,7,-20,36,31,62,4,8,3,27,7,8,3,11,-20,-20,-20,-20,-20,-20,-20,-20,59,9,10,-20,8,26,76,21,21,12,26,5,10,5,13,13,32,6,20,5,4,-20,-20,10,36,110,16,7,-20,-20,14,9,15,8,11,20,15,-20,4,-20,11,9,17,8,17,5,11,11,-20,11,9,7,-20,14,3,9,6,10,10,5,51,11,-20,17,62,-20,15,13,10,-20,8,4,3,12,21,12,20,-20,11,9,8,16,9,3,6,56,12,7,-20,7,29,13,19,12,15,7,11,9,-20,8,18,-20,5,-20,7,6,8,7,13,11,9,9,28,15,8,15,21,14,10,109,19,16,14,-20,9,9,4,3,-20,8,9,6,-20,17,7,13,13,31,30,5,-20,8,7,11,10,7,8,-20,23,10,16,10,7,6,12,12,10,-20,-20,10,6,19,9,11,-20,-20,-20,20,27,-20,-20,4,20,-20,10,6,16,11,-20,20,15,-20,29,3,14,-20,8,5,4,11,-20,-20,6,19,-20,-20,-20,14,26,2,-20,-20,-20,51,-20,15,-20,-20,7,7,-20,-20,-20,8,52,7,12,-20,19,8,-20,31,11,13,8,16,8,8,13,19,13,-20,-20,5,12,6,18,21,9,40,13,15,12,9,8,30,-20,14,25,21,12,-20,4,-20,6,93,-20,-20,6,-20,15,4,14,7,14,27,24,27,-20,-20,-20,-20,-20,7,31,9,19,7,-20,14,8,9,9,13,14,12,16,7,-20,-20,21,-20,-20,9,35,8,7,9,9,23,12,7,12,15,11,8,4,-20,-20,-20,-20,78,38,48,36,43,19,24,28,19,73,-20,28,46,19,15,13,58,46,12,4,24,15,75,17,6,8,3,6,45,15,-20,24,13,31,17,33,-20,17,14,61,30,23,22,22,11,-20,8,15,9,14,-20,7,9,-20,7,-20,11,7,7,13,15,12,3,9,7,8,6,9,11,-20,14,11,10,12,10,12,18,12,8,13,-20,9,14,11,4,7,-20,15,12,12,7,-20,14,9,12,13,9,9,6,7,6,-20,9,11,13,11,14,5,8,5,8,15,5,14,15,-20,15,7,18,6,5,9,-20,8,-20,17,13,11,3,3,12,4,15,10,21,10,6,5,11,9,6,7,5,6,-20,18,-20,14,8,9,9,8,6,13,7,4,5,6,17,5,-20,9,6,8,8,4,5,-20,-20,-20,8,10,4,4,-20,-20,12,-20,14,3,7,5,10,11,-20,7,8,11,5,8,13,8,19,4,10,13,22,15,10,14,-20,-20,-20,-20,-20,10,9,-20,5,-20,-20,5,-20,-20,12,8,9,8,12,5,17,10,-20,-20,14,5,6,10,12,7,-20,6,-20,-20,-20,11,7,-20,6,4,11,-20,11,9,7,3,13,-20,13,17,6,-20,-20,-20,3,7,4,3,7,11,9,8,-20,15,6,-20,8,5,-20,-20,8,68,11,14,14,12,-20,-20,9,23,-20,11,14,9,11,14,-20,20,12,10,4,-20,7,21,10,8,-20,12,12,8,19,10,20,16,7,9,-20,20,8,7,10,11,-20,-20,9,4,8,7,-20,13,-20,-20,7,-20,6,9,6,3,8,8,6,4,-20,5,-20,10,10,-20,13,9,8,9,14,10,7,6,9,3,-20,6,8,7,3,6,-20,-20,10,7,3,3,5,-20,-20,-20,5,6,10,7,7,5,9,8,10,5,15,-20,11,11,8,-20,-20,7,14,9,6,11,10,24,8,3,14,10,10,-20,5,10,5,4,8,-20,8,6,4,10,12,-20,-20,13,11,-20,7,-20,-20,5,-20,6,4,5,5,-20,-20,7,18,-20,5,3,8,10,4,7,7,6,14,3,3,10,-20,4,5,7,-20,14,7,3,7,3,-20,7,3,10,5,-20,8,6,4,6,5,6,-20,5,-20,5,-20,5,4,3,-20,5,18,3,4,10,5,3,13,7,11,6,7,6,-20,6,6,5,6,10,6,3,5,-20,-20,-20,11,34,39,17,28,13,25,18,30,52,37,55,33,53,58,48,55,47,51
"chr1,12035102",-20,-20,-20,8,8,-20,7,8,-20,3,-20,-20,-20,-20,-20,-20,-20,-20,-20,-20,57,8,-20,-20,-20,-20,-20,-20,10,4,7,-20,11,12,-20,-20,-20,-20,-20,10,6,-20,-20,16,18,-20,8,52,8,15,17,25,52,-20,-20,18,56,53,-20,-20,-20,-20,-20,-20,-20,-20,-20,-20,-20,-20,-20,-20,15,-20,-20,-20,-20,-20,5,15,9,-20,-20,-20,10,-20,-20,-20,-20,-20,-20,-20,-20,-20,-20,-20,13,-20,5,-20,-20,-20,-20,-20,-20,-20,3,-20,-20,6,-20,-20,38,-20,-20,6,57,14,6,4,5,5,8,3,42,9,4,43,7,7,-20,-20,-20,-20,-20,-20,-20,-20,4,3,3,2,10,9,-20,9,6,35,-20,5,9,6,8,16,33,14,11,9,-20,-20,-20,-20,4,8,4,-20,4,4,12,-20,-20,64,37,35,7,23,8,14,13,61,12,13,-20,3,26,4,8,20,5,14,24,12,-20,-20,8,6,8,12,24,15,6,15,25,14,16,-20,27,38,15,30,41,19,27,17,9,-20,37,6,13,17,8,17,12,34,17,11,16,10,36,30,24,31,45,35,10,11,11,19,7,12,23,16,11,18,7,25,18,13,22,23,27,21,13,-20,-20,25,12,14,27,18,11,19,19,13,12,23,23,11,-20,22,19,18,-20,36,-20,-20,43,39,23,64,12,7,6,33,4,12,7,-20,7,19,9,17,-20,-20,-20,31,57,5,8,3,28,7,8,-20,11,-20,-20,-20,-20,-20,-20,-20,-20,57,9,10,-20,8,26,76,21,20,11,27,5,11,5,14,13,30,6,21,5,4,-20,-20,10,37,98,16,7,-20,-20,13,8,15,7,11,20,13,8,4,-20,11,8,20,8,17,5,10,10,-20,10,8,7,-20,15,3,9,6,10,10,5,51,11,-20,16,63,-20,15,13,9,-20,8,4,3,12,22,12,19,-20,11,9,8,16,9,5,6,55,12,7,-20,7,27,12,19,12,16,7,11,9,-20,-20,18,-20,5,-20,7,6,8,6,13,11,10,9,27,13,8,15,23,15,10,108,19,17,14,-20,10,9,3,3,-20,8,9,7,-20,17,7,13,13,28,-20,5,-20,8,7,10,8,7,9,-20,22,10,16,12,7,6,11,13,10,-20,-20,11,6,19,9,11,-20,-20,-20,20,30,-20,-20,-20,19,-20,9,6,14,11,-20,18,13,-20,28,3,15,-20,9,4,4,11,-20,-20,6,19,-20,-20,-20,13,24,-20,-20,-20,-20,52,-20,15,-20,-20,7,7,-20,-20,-20,8,52,6,11,-20,19,7,-20,29,10,13,7,16,8,8,14,19,12,-20,-20,6,11,6,17,18,9,41,12,15,11,8,8,29,-20,15,25,22,12,-20,4,-20,6,90,-20,-20,6,-20,15,-20,12,7,14,27,23,27,-20,-20,-20,-20,-20,7,32,10,17,8,3,16,8,9,9,12,-20,14,15,7,-20,-20,21,-20,-20,9,36,9,7,9,9,25,13,6,12,15,12,8,4,-20,-20,-20,-20,76,38,49,36,40,17,25,28,22,68,-20,26,45,17,17,16,56,47,12,4,23,15,75,16,6,8,3,9,45,15,-20,23,12,30,15,31,-20,17,13,59,30,20,21,22,11,-20,8,14,9,14,11,7,9,-20,9,-20,11,7,7,13,15,12,4,11,4,8,6,9,12,-20,14,12,-20,11,9,11,18,12,-20,13,-20,9,14,13,4,6,-20,16,12,11,7,-20,13,9,13,13,10,9,6,7,6,-20,-20,11,13,12,15,5,8,5,10,14,6,14,15,-20,16,7,18,6,5,9,-20,8,8,17,13,11,3,3,11,4,14,10,22,10,6,5,11,8,6,8,5,6,-20,18,-20,14,7,9,9,8,6,11,7,4,6,6,17,5,-20,9,5,8,8,4,5,-20,11,-20,8,8,5,4,-20,-20,12,-20,14,3,7,6,11,10,-20,7,8,12,6,8,13,8,18,4,9,13,22,14,11,14,-20,-20,-20,-20,-20,11,9,-20,5,-20,-20,5,-20,-20,12,8,9,8,13,5,16,11,-20,-20,12,6,6,9,13,7,-20,6,-20,-20,-20,11,6,-20,6,4,11,-20,11,8,6,4,-20,-20,13,18,7,-20,-20,-20,3,7,4,3,7,10,9,8,8,15,6,-20,8,-20,8,-20,8,67,10,14,13,13,-20,-20,9,22,-20,10,14,9,9,15,-20,21,12,11,4,8,-20,21,-20,7,-20,12,11,8,18,10,19,16,7,9,-20,18,8,-20,10,11,10,-20,9,4,7,7,-20,13,-20,3,7,-20,7,9,6,3,8,7,6,4,-20,5,-20,10,10,-20,12,9,8,8,14,10,8,6,9,3,-20,6,9,6,2,6,6,-20,11,7,4,3,5,-20,-20,-20,5,5,10,7,7,5,9,8,11,5,15,-20,11,11,8,7,-20,7,14,9,6,10,10,24,8,3,14,10,10,-20,5,9,5,4,8,-20,8,6,4,9,12,-20,4,14,12,-20,8,-20,5,5,-20,5,4,5,5,-20,-20,7,18,-20,7,3,8,10,4,7,-20,5,14,3,4,11,-20,3,5,6,-20,14,6,4,7,3,-20,7,3,-20,-20,-20,4,7,4,4,5,3,-20,6,-20,4,6,6,4,-20,-20,5,19,3,-20,13,6,4,12,-20,12,6,-20,6,-20,6,6,4,5,10,6,-20,-20,5,8,-20,11,34,33,17,28,13,24,18,30,49,37,55,33,52,57,47,58,47,51
"chr1,12035103",-20,-20,-20,8,8,-20,7,8,-20,3,-20,-20,-20,-20,-20,-20,-20,-20,-20,-20,56,8,-20,-20,-20,-20,-20,-20,-20,4,7,-20,12,13,-20,-20,-20,-20,-20,10,6,-20,-20,17,15,-20,-20,50,8,15,17,25,53,-20,-20,18,56,52,-20,-20,-20,-20,-20,-20,-20,-20,-20,-20,-20,-20,-20,-20,16,-20,-20,-20,-20,-20,5,15,9,-20,-20,-20,10,-20,-20,-20,-20,-20,-20,-20,-20,-20,-20,-20,13,-20,5,-20,-20,-20,-20,-20,-20,-20,3,-20,-20,6,-20,-20,39,-20,-20,6,54,14,6,4,5,5,8,3,41,8,4,43,7,7,-20,-20,-20,-20,-20,-20,-20,-20,4,3,3,2,10,-20,-20,9,6,37,-20,5,9,6,8,15,33,13,10,9,-20,-20,-20,-20,3,8,-20,-20,4,4,12,-20,-20,61,35,36,7,25,6,14,12,62,12,12,-20,3,26,4,9,19,5,13,24,11,-20,-20,8,6,8,12,23,15,7,14,-20,14,16,-20,27,39,15,30,43,18,27,17,9,-20,37,6,13,18,8,17,12,34,17,11,16,10,38,30,24,27,44,35,11,13,10,20,7,13,22,16,11,18,8,26,18,13,21,24,28,19,12,-20,-20,25,12,14,28,19,11,19,19,13,11,23,23,11,-20,22,19,18,-20,35,-20,-20,42,39,24,62,-20,-20,6,34,4,12,7,-20,7,19,9,17,-20,-20,-20,31,57,5,8,3,29,7,8,-20,11,-20,-20,-20,-20,-20,-20,-20,-20,55,9,10,-20,8,26,76,21,20,12,27,5,10,5,14,13,31,6,21,5,4,-20,-20,10,37,98,16,7,-20,-20,15,8,14,7,11,20,14,-20,4,-20,11,7,19,8,17,6,10,11,-20,9,8,7,-20,14,3,10,6,9,9,5,51,10,-20,16,62,-20,15,13,9,-20,-20,4,3,12,22,-20,-20,-20,11,8,8,16,9,5,6,55,12,7,-20,7,-20,11,17,12,16,7,11,-20,-20,7,18,-20,5,-20,7,6,9,6,13,11,10,9,27,13,8,15,23,14,10,108,19,-20,14,-20,-20,9,3,3,-20,7,8,7,-20,18,7,13,13,31,-20,5,-20,-20,6,-20,8,7,9,-20,-20,10,-20,13,6,6,10,13,10,-20,7,11,-20,17,9,-20,-20,-20,-20,-20,-20,-20,-20,3,20,-20,9,5,14,12,-20,-20,-20,-20,-20,3,13,-20,9,4,4,11,-20,-20,6,18,-20,-20,-20,13,-20,-20,-20,-20,-20,52,-20,15,-20,-20,7,7,-20,-20,-20,8,53,6,11,-20,19,6,-20,28,11,13,7,17,8,8,14,20,13,-20,-20,6,11,6,17,-20,-20,41,13,14,9,9,8,29,-20,15,23,24,10,-20,4,-20,6,88,-20,-20,7,-20,15,4,12,7,14,27,-20,27,-20,-20,-20,-20,-20,7,31,11,17,-20,-20,16,7,9,9,12,15,14,15,7,-20,-20,20,-20,-20,9,35,9,-20,-20,-20,24,13,-20,-20,14,12,8,4,-20,-20,-20,-20,77,38,46,37,41,16,26,29,22,67,-20,25,45,-20,16,16,55,46,12,3,23,14,76,16,6,8,3,9,46,13,-20,22,12,33,15,31,-20,17,11,59,27,20,21,21,10,-20,7,14,9,14,11,-20,9,-20,9,-20,11,7,6,13,15,12,4,11,4,8,6,9,12,-20,13,12,10,11,9,12,18,12,-20,13,-20,9,14,13,4,6,-20,15,12,11,7,-20,13,9,13,13,10,9,6,7,6,-20,-20,11,12,12,15,5,8,5,-20,14,6,14,15,-20,16,7,18,6,5,-20,-20,8,8,17,12,12,3,3,11,4,15,10,21,10,6,5,11,8,-20,8,5,6,-20,18,-20,14,7,9,9,8,6,12,7,4,6,6,17,5,-20,9,5,8,8,4,5,3,11,-20,8,8,5,4,-20,-20,12,-20,14,3,-20,-20,10,10,-20,7,8,12,6,8,13,8,18,4,9,12,21,14,11,14,-20,-20,-20,-20,-20,11,9,-20,5,-20,-20,5,-20,-20,12,8,9,-20,13,5,16,11,-20,-20,12,6,6,9,13,7,-20,6,-20,-20,-20,11,6,-20,-20,4,11,-20,11,-20,6,4,-20,-20,13,18,7,-20,-20,-20,3,-20,4,3,-20,10,9,8,8,15,6,-20,8,5,-20,-20,8,66,9,14,11,12,-20,-20,9,22,-20,10,14,9,-20,15,-20,21,12,12,4,8,7,21,10,7,-20,11,11,8,18,10,19,16,7,9,-20,18,8,7,10,11,9,-20,9,4,7,-20,-20,13,-20,3,8,-20,7,9,6,3,8,7,6,4,-20,5,-20,11,10,-20,12,9,8,8,14,10,-20,6,9,3,-20,6,9,6,2,6,6,-20,10,7,4,3,5,-20,-20,-20,-20,5,10,-20,7,5,9,8,11,5,14,-20,11,11,8,7,-20,7,14,9,6,-20,10,24,-20,3,14,10,10,-20,5,9,5,4,8,-20,-20,6,4,-20,-20,-20,3,13,12,-20,8,-20,5,5,-20,5,4,5,5,-20,-20,7,18,-20,-20,-20,-20,6,4,6,6,5,13,3,4,10,-20,-20,5,5,-20,13,-20,4,6,4,-20,7,2,6,7,-20,-20,7,4,3,-20,6,-20,6,-20,5,7,6,4,3,-20,5,16,3,-20,10,6,-20,12,5,11,-20,6,-20,-20,-20,6,4,5,10,6,-20,8,-20,10,-20,11,34,33,17,29,13,23,16,30,48,37,55,33,53,58,48,60,49,51
"chr1,12035107",-20,-20,-20,8,8,-20,7,9,-20,4,-20,-20,-20,-20,-20,-20,-20,-20,-20,-20,56,9,-20,-20,-20,-20,-20,-20,10,4,7,-20,12,15,-20,-20,-20,-20,-20,10,6,-20,-20,17,12,-20,7,54,8,16,17,26,53,-20,-20,18,56,50,-20,-20,-20,-20,-20,-20,-20,-20,-20,-20,-20,-20,-20,-20,16,-20,-20,-20,-20,-20,5,14,10,-20,-20,-20,12,-20,-20,-20,-20,-20,-20,-20,-20,-20,-20,-20,13,-20,6,-20,-20,-20,-20,-20,-20,-20,3,-20,-20,6,-20,-20,39,-20,-20,6,59,14,7,4,6,5,8,4,-20,11,4,45,7,6,-20,-20,-20,-20,-20,-20,-20,-20,4,3,3,2,10,9,-20,9,7,36,-20,5,9,5,8,18,35,14,13,9,-20,-20,-20,-20,3,9,5,-20,4,4,13,-20,-20,61,37,43,7,22,-20,13,12,66,12,12,-20,4,27,4,8,19,4,13,25,12,-20,-20,7,6,8,12,25,10,7,14,27,16,16,-20,30,40,15,33,42,19,25,16,8,-20,39,6,14,17,8,16,11,36,17,11,16,11,36,33,25,31,46,34,11,15,10,20,7,13,20,17,13,18,7,27,20,13,19,26,25,20,11,-20,-20,27,13,16,29,18,10,20,18,11,10,22,21,11,-20,25,20,17,-20,36,-20,-20,44,40,22,62,12,7,6,35,4,12,-20,-20,7,19,10,15,8,-20,-20,31,56,5,8,4,29,8,8,3,9,-20,-20,-20,-20,-20,-20,-20,-20,56,9,10,-20,8,26,75,20,-20,12,27,4,11,5,12,12,32,6,23,6,5,-20,-20,9,34,95,15,8,-20,-20,-20,8,13,8,11,21,15,9,4,-20,11,7,21,9,15,6,12,10,-20,11,9,7,-20,15,4,10,6,10,9,5,52,10,-20,16,64,-20,14,12,10,-20,8,6,3,12,23,12,17,-20,12,8,7,16,9,5,5,54,11,-20,-20,6,29,14,18,11,16,7,11,10,-20,7,20,-20,6,-20,7,6,7,6,12,9,10,10,26,12,8,16,24,16,8,105,19,20,14,-20,10,9,3,4,-20,-20,7,8,-20,15,7,14,13,32,32,6,-20,8,6,10,7,7,9,-20,21,10,15,14,5,6,11,13,9,-20,6,12,6,19,9,11,-20,-20,-20,20,32,-20,-20,-20,22,-20,9,5,16,12,-20,18,15,-20,30,3,14,-20,10,4,5,11,-20,-20,6,21,-20,-20,-20,13,21,-20,-20,-20,-20,54,-20,15,-20,-20,7,9,-20,-20,-20,7,49,6,11,-20,19,6,-20,28,11,14,7,15,8,7,13,18,13,-20,-20,6,11,6,18,21,7,40,12,16,10,8,9,30,-20,17,25,24,10,-20,4,-20,7,87,-20,-20,7,-20,15,4,-20,7,14,30,23,27,-20,-20,-20,-20,-20,7,32,10,18,8,3,17,7,9,11,13,15,15,17,6,-20,-20,21,-20,-20,9,35,9,7,9,10,27,14,7,12,17,13,8,5,-20,-20,-20,-20,72,34,47,34,42,16,27,28,24,68,-20,26,46,16,16,18,65,47,12,3,22,15,73,16,6,7,3,8,47,15,-20,24,12,37,16,34,-20,18,11,60,27,20,22,17,10,-20,7,16,9,17,11,7,8,-20,9,-20,11,7,6,13,14,13,5,11,4,8,6,10,12,-20,14,13,10,11,10,12,20,13,9,13,-20,9,14,14,3,6,-20,15,13,12,8,-20,14,8,12,14,10,10,6,7,7,-20,11,13,13,10,15,6,9,4,10,12,6,14,15,-20,16,8,18,6,5,8,-20,12,7,16,13,14,3,-20,11,4,15,9,23,9,6,5,12,9,7,10,5,6,-20,18,-20,16,7,9,9,8,6,12,7,3,8,7,17,6,-20,9,5,11,8,4,7,3,10,-20,8,9,5,-20,-20,-20,12,-20,13,3,7,5,11,11,-20,7,6,12,7,8,12,10,19,5,9,11,23,16,11,13,-20,-20,-20,-20,-20,10,11,-20,5,-20,-20,5,-20,-20,13,7,10,8,13,5,16,11,-20,-20,13,7,6,11,13,7,-20,6,-20,-20,-20,11,6,-20,6,5,12,-20,11,8,7,4,14,-20,13,19,7,-20,-20,-20,5,7,4,4,8,11,9,7,8,17,7,-20,8,5,9,-20,-20,72,11,14,12,13,-20,-20,10,23,-20,9,15,9,10,16,-20,21,12,15,5,10,9,22,10,6,-20,12,12,10,18,11,19,18,8,9,-20,17,9,7,10,11,8,-20,9,4,9,7,-20,14,-20,3,8,-20,7,9,6,3,10,6,7,4,-20,4,-20,12,11,-20,13,9,8,8,14,10,11,6,10,3,-20,5,9,7,2,6,7,-20,11,8,4,3,6,-20,-20,-20,5,5,11,8,7,5,11,8,12,5,15,-20,11,10,6,8,-20,7,13,11,6,11,10,28,9,4,14,12,11,-20,5,10,5,5,8,-20,8,7,5,11,15,-20,3,16,12,-20,8,-20,5,7,-20,5,4,6,6,-20,-20,7,20,-20,-20,-20,-20,6,4,8,7,10,11,3,4,12,-20,4,5,7,-20,19,-20,5,7,4,-20,7,4,6,-20,-20,8,6,4,2,7,-20,-20,8,-20,6,7,6,4,-20,-20,7,19,2,-20,9,9,4,13,9,9,-20,5,6,-20,5,7,5,6,12,5,3,-20,6,11,-20,11,34,32,17,30,15,23,17,29,49,39,61,33,53,59,44,59,47,54
"chr1,12035110",-20,-20,-20,8,8,-20,6,9,-20,4,-20,-20,-20,-20,-20,-20,-20,-20,-20,-20,55,10,-20,-20,-20,-20,-20,-20,10,4,8,-20,13,15,-20,-20,-20,-20,-20,10,6,-20,-20,17,12,-20,8,50,9,16,17,26,52,-20,-20,19,53,49,-20,-20,-20,-20,-20,-20,-20,-20,-20,-20,-20,-20,-20,-20,14,-20,-20,-20,-20,-20,5,14,8,-20,-20,-20,12,-20,-20,-20,-20,-20,-20,-20,-20,-20,-20,-20,13,-20,6,-20,-20,-20,-20,-20,-20,-20,3,-20,-20,6,-20,-20,37,-20,-20,6,56,13,7,4,-20,5,6,4,-20,8,3,41,6,6,-20,-20,-20,-20,-20,-20,-20,-20,4,3,3,-20,10,9,-20,9,7,40,-20,4,9,7,8,20,35,14,11,9,-20,-20,-20,-20,3,9,5,-20,3,4,13,-20,-20,62,38,43,-20,22,38,14,12,60,15,12,-20,4,28,4,8,22,4,12,21,12,-20,-20,6,6,8,12,25,8,7,13,28,16,15,-20,29,35,16,31,43,19,25,18,8,-20,40,7,15,18,8,16,11,35,17,11,17,11,37,33,27,37,46,36,12,16,10,17,6,13,19,16,13,19,7,31,22,15,19,25,24,20,12,-20,-20,31,13,16,28,19,11,20,18,12,8,22,24,11,-20,25,22,15,-20,35,-20,-20,45,43,23,59,12,7,6,35,4,12,7,-20,7,19,10,14,8,-20,-20,31,57,5,8,4,30,7,8,3,9,-20,-20,-20,-20,-20,-20,-20,-20,52,9,11,-20,10,27,74,20,-20,12,28,4,11,5,11,12,31,6,22,6,5,-20,-20,8,34,101,16,8,-20,-20,13,7,13,7,11,20,17,10,4,-20,12,7,19,10,15,7,12,10,-20,11,-20,7,-20,14,4,11,6,10,9,5,46,-20,-20,17,63,-20,13,12,10,-20,8,7,3,12,23,12,15,-20,12,8,6,15,9,5,5,55,11,8,-20,6,30,14,17,10,16,8,10,10,-20,6,22,-20,6,-20,7,6,8,6,11,8,10,10,26,14,7,18,24,16,8,107,18,20,14,-20,10,8,3,4,-20,8,7,8,-20,15,8,15,12,31,30,5,-20,7,6,10,8,7,7,-20,21,11,15,16,7,6,11,14,9,-20,6,13,6,16,9,11,-20,-20,-20,22,30,-20,-20,-20,21,-20,9,6,16,11,-20,17,14,-20,31,3,13,-20,10,4,5,11,-20,-20,6,20,-20,-20,-20,12,20,-20,-20,-20,-20,53,-20,14,-20,-20,6,9,-20,-20,-20,7,49,6,11,-20,20,5,-20,28,-20,16,7,14,8,7,13,16,13,-20,-20,6,11,-20,15,23,6,38,9,16,9,10,10,31,3,18,24,25,10,-20,4,-20,7,88,-20,-20,8,-20,16,4,11,8,16,32,23,27,-20,-20,-20,-20,-20,7,33,9,17,8,4,18,7,9,11,13,15,15,17,6,-20,-20,20,-20,-20,9,34,8,7,9,9,26,13,7,10,16,13,8,5,-20,-20,-20,-20,70,35,47,33,41,20,29,29,24,68,-20,26,45,16,16,17,68,48,12,3,23,18,70,15,6,9,-20,8,44,16,-20,24,13,37,15,35,-20,20,10,56,28,16,22,17,9,-20,7,19,9,16,7,6,7,-20,9,-20,10,7,6,13,15,13,5,11,4,7,6,10,12,-20,14,12,7,9,10,12,19,11,9,11,-20,9,14,13,3,5,-20,16,11,12,8,-20,14,9,12,13,9,10,5,4,6,-20,11,13,13,10,15,6,10,4,10,11,5,14,14,-20,14,8,17,5,5,7,-20,13,7,15,13,12,3,-20,11,-20,15,9,22,9,6,5,11,8,7,10,3,6,-20,17,-20,16,7,9,9,8,6,12,7,-20,10,7,16,6,2,8,3,11,8,4,7,3,8,4,9,9,5,-20,-20,-20,12,3,13,3,7,5,11,11,-20,6,6,12,7,8,12,10,18,5,9,11,22,16,11,14,-20,-20,-20,-20,-20,11,11,-20,5,-20,-20,5,-20,-20,13,6,10,8,13,5,15,10,-20,-20,12,6,6,11,13,7,-20,6,-20,-20,-20,11,6,3,6,-20,12,-20,11,8,7,4,12,-20,13,19,7,-20,-20,-20,4,7,4,4,7,11,8,7,7,17,7,-20,7,5,9,-20,9,74,10,13,12,14,-20,-20,10,22,-20,9,14,9,10,16,-20,20,12,15,5,9,9,22,11,6,-20,13,13,10,16,11,20,19,8,9,-20,16,9,7,10,11,8,-20,9,4,9,7,-20,13,-20,3,8,-20,7,9,6,3,10,6,7,4,-20,4,-20,12,11,-20,11,9,8,8,13,8,10,6,9,3,2,5,9,7,2,5,7,-20,11,8,4,3,6,-20,-20,-20,5,4,11,8,7,5,11,8,12,5,14,-20,11,10,5,8,4,7,13,11,6,11,10,30,9,4,14,10,11,-20,5,10,4,5,7,-20,7,7,5,11,14,-20,3,15,9,-20,8,-20,5,7,-20,5,4,6,6,-20,-20,7,20,-20,-20,-20,-20,5,5,9,8,9,-20,3,4,11,-20,5,5,7,4,16,7,5,7,5,-20,6,5,6,9,-20,8,5,4,-20,8,5,-20,8,-20,5,7,5,5,3,-20,6,16,3,-20,9,9,3,12,10,13,-20,7,-20,-20,3,7,5,7,11,4,5,8,7,12,-20,11,34,29,18,28,15,23,17,29,48,37,64,33,52,60,42,60,48,53
"chr1,12035113",-20,-20,-20,9,8,-20,-20,9,-20,4,-20,-20,-20,-20,-20,-20,-20,-20,-20,-20,56,9,-20,-20,-20,-20,-20,-20,10,3,6,-20,13,17,-20,-20,-20,-20,-20,10,-20,-20,-20,18,10,-20,7,53,9,15,18,26,51,-20,-20,20,51,52,-20,-20,-20,-20,-20,-20,-20,-20,-20,-20,-20,-20,-20,-20,15,-20,-20,-20,-20,-20,6,13,8,-20,-20,-20,13,-20,-20,-20,-20,-20,-20,-20,-20,-20,-20,-20,13,-20,6,-20,-20,-20,-20,-20,-20,-20,3,-20,-20,6,-20,-20,37,-20,-20,7,57,13,6,4,6,4,5,4,-20,8,3,41,5,7,-20,-20,-20,-20,-20,-20,-20,-20,4,3,-20,2,10,9,-20,9,8,40,-20,6,9,8,10,19,34,14,11,9,-20,-20,-20,-20,4,9,5,-20,3,4,13,-20,-20,53,34,44,10,23,38,14,12,64,14,12,-20,4,28,4,9,23,4,15,21,-20,-20,-20,6,6,6,12,26,9,7,14,31,19,-20,-20,28,37,16,32,43,20,28,17,10,-20,40,7,13,16,8,16,13,35,21,11,17,11,34,33,28,36,47,36,12,15,10,17,7,11,20,14,13,19,7,31,22,16,19,27,27,20,12,-20,-20,29,13,16,30,20,10,19,18,12,-20,24,23,13,-20,26,22,16,-20,35,-20,-20,44,42,23,55,12,7,6,33,5,12,7,-20,7,19,8,-20,8,-20,-20,31,54,6,8,4,28,8,8,3,8,-20,-20,-20,-20,-20,-20,-20,-20,51,9,10,-20,11,28,72,18,-20,13,27,5,11,5,11,12,31,-20,27,5,6,-20,-20,9,31,101,17,8,-20,-20,13,7,13,8,12,21,17,9,4,-20,13,8,19,10,17,7,12,10,-20,11,8,8,-20,14,4,11,6,-20,9,5,46,10,-20,17,62,-20,15,12,10,-20,7,7,-20,12,23,12,15,-20,12,9,7,14,7,5,5,54,11,8,-20,6,28,14,16,10,16,8,10,10,-20,6,22,-20,6,-20,6,6,8,6,13,8,10,10,26,15,7,16,24,16,9,107,19,22,14,-20,10,9,4,3,-20,8,7,8,-20,12,8,14,12,31,32,5,-20,7,6,11,7,7,7,-20,21,11,14,19,7,6,10,15,9,-20,7,10,6,14,9,10,-20,-20,-20,20,-20,-20,-20,-20,21,-20,9,6,18,11,-20,19,13,-20,33,5,13,-20,9,5,5,10,-20,-20,6,20,-20,-20,-20,13,20,-20,-20,-20,-20,52,-20,14,-20,-20,7,9,-20,-20,-20,7,49,6,13,-20,19,6,-20,27,9,15,7,15,8,8,13,17,12,-20,-20,6,10,7,14,24,-20,35,7,17,8,13,10,32,4,17,24,26,14,-20,4,-20,7,87,-20,-20,8,-20,15,4,10,6,15,35,21,27,-20,-20,-20,-20,-20,7,34,10,17,8,4,17,7,11,11,15,15,15,17,6,-20,-20,24,-20,-20,10,35,9,7,10,10,29,13,7,12,16,15,8,5,-20,-20,-20,-20,64,33,46,35,40,22,29,27,24,67,-20,25,49,16,17,20,73,50,13,2,-20,20,73,15,6,11,-20,7,46,17,-20,25,11,36,15,37,-20,20,10,56,28,14,29,17,-20,-20,10,20,-20,17,-20,-20,-20,-20,9,-20,12,7,7,13,15,14,5,13,6,8,6,11,12,-20,17,13,6,9,10,12,20,12,9,10,-20,10,14,14,4,4,-20,18,11,13,10,-20,16,-20,14,13,10,11,5,5,6,-20,10,14,13,10,15,7,11,4,10,11,5,14,16,-20,15,8,17,6,6,9,-20,13,9,15,14,11,4,-20,11,5,16,9,22,9,6,6,11,8,8,10,3,6,-20,17,-20,16,6,10,9,10,7,12,7,-20,10,7,16,6,2,9,6,12,9,5,7,3,10,4,10,9,5,3,-20,3,12,3,14,4,6,6,11,11,-20,5,8,10,7,9,12,10,17,5,9,11,22,15,12,13,-20,-20,-20,-20,-20,12,10,-20,5,-20,-20,6,-20,-20,14,5,10,8,15,5,20,13,-20,-20,13,7,-20,11,13,7,-20,6,-20,-20,-20,9,7,3,7,5,12,-20,11,9,9,4,13,-20,14,19,7,-20,-20,-20,4,7,5,4,8,10,8,7,7,16,6,-20,7,5,10,-20,9,76,10,14,12,14,-20,-20,11,21,-20,10,14,10,11,17,-20,21,13,15,5,9,10,21,12,7,-20,13,13,10,15,11,18,20,10,10,-20,16,12,7,10,13,8,-20,9,4,10,7,-20,13,-20,3,8,-20,7,9,6,3,11,6,8,4,-20,4,-20,12,11,-20,10,11,9,7,12,8,10,7,9,3,2,6,11,7,2,5,7,-20,12,8,4,3,7,-20,-20,-20,5,4,11,8,7,5,12,-20,12,5,13,-20,11,10,5,8,4,7,13,12,6,11,10,31,10,4,15,10,10,-20,5,11,4,5,7,-20,7,7,-20,12,14,-20,3,15,10,-20,7,-20,4,8,-20,5,4,7,6,-20,-20,7,20,-20,8,-20,-20,5,5,6,9,10,9,-20,5,10,-20,6,-20,6,6,16,7,-20,8,5,-20,5,4,5,12,-20,6,5,3,4,8,3,-20,10,-20,6,5,6,5,3,-20,7,15,-20,-20,10,9,-20,13,10,12,-20,-20,6,-20,3,7,5,7,10,4,6,10,7,13,-20,10,34,27,16,30,14,24,20,28,48,41,64,33,53,62,42,62,47,54
"chr1,12035117",-20,-20,-20,8,8,-20,5,8,3,3,-20,-20,-20,-20,-20,-20,-20,-20,-20,-20,55,9,-20,-20,-20,-20,-20,-20,9,-20,6,-20,12,17,-20,-20,-20,-20,-20,8,-20,-20,-20,18,8,-20,8,56,10,15,18,25,49,-20,-20,20,47,50,-20,-20,-20,-20,-20,-20,-20,-20,-20,-20,-20,-20,-20,-20,15,-20,-20,-20,-20,-20,6,12,7,-20,-20,-20,13,-20,-20,-20,-20,-20,-20,-20,-20,-20,-20,-20,10,-20,6,-20,-20,-20,-20,-20,-20,-20,3,-20,-20,6,-20,-20,37,-20,-20,6,55,11,5,3,6,4,6,4,-20,8,4,43,6,7,-20,5,-20,-20,-20,-20,-20,-20,3,3,-20,2,10,6,-20,9,8,48,-20,6,-20,8,11,19,35,14,-20,9,-20,-20,-20,-20,4,8,5,-20,-20,5,13,-20,-20,55,33,44,12,23,38,8,10,64,16,12,-20,4,28,3,10,24,4,15,21,10,-20,-20,5,-20,6,10,25,8,7,15,27,21,13,-20,27,39,15,32,44,21,28,17,10,-20,39,6,15,17,12,17,12,35,22,11,17,14,37,34,28,36,49,35,11,16,7,16,8,10,21,16,14,22,9,31,20,17,20,28,26,18,12,-20,-20,28,14,17,29,16,10,18,16,9,-20,24,25,13,-20,25,21,18,-20,39,-20,-20,44,46,25,63,12,7,6,34,5,12,10,-20,7,15,8,-20,8,-20,-20,31,54,7,9,4,28,8,9,-20,8,-20,-20,-20,-20,-20,-20,-20,-20,51,10,10,-20,10,28,70,17,-20,13,26,7,10,5,10,12,33,8,27,5,6,-20,-20,9,32,102,17,10,-20,-20,15,8,12,8,14,19,-20,9,3,-20,12,9,19,10,17,9,10,10,-20,11,8,8,-20,15,4,11,7,10,9,5,48,10,-20,14,60,-20,16,12,11,-20,7,8,-20,14,20,13,-20,-20,10,9,7,-20,7,6,5,51,12,8,-20,5,25,12,16,11,17,8,10,10,5,5,21,-20,6,-20,6,6,8,6,14,8,11,10,26,16,7,17,26,16,7,104,18,23,13,-20,10,8,4,3,-20,-20,7,8,-20,12,8,12,12,32,32,3,-20,6,6,11,6,6,8,-20,23,11,12,20,7,6,10,14,9,-20,5,10,5,12,10,10,-20,-20,-20,19,29,-20,-20,4,22,-20,8,5,19,11,-20,21,17,-20,31,5,13,-20,9,6,6,11,-20,-20,-20,22,-20,-20,-20,12,22,-20,-20,-20,-20,51,-20,13,-20,-20,6,9,-20,-20,-20,-20,48,6,14,-20,19,6,-20,26,9,13,9,16,8,10,16,17,13,-20,-20,6,10,8,13,24,-20,24,7,17,10,-20,10,33,4,17,25,28,14,-20,4,-20,7,87,-20,-20,8,-20,18,4,11,7,15,31,20,25,-20,-20,-20,-20,-20,7,32,10,20,8,4,19,4,10,11,16,15,15,17,5,-20,-20,23,-20,-20,10,38,9,6,11,9,29,14,7,12,14,13,6,6,-20,-20,-20,-20,71,34,44,35,38,22,26,25,22,63,-20,25,49,17,17,20,76,53,13,2,-20,20,66,14,5,10,-20,7,47,17,-20,27,11,40,14,33,-20,20,12,60,26,15,29,16,-20,-20,9,19,-20,19,-20,-20,-20,-20,9,-20,12,7,8,12,14,15,5,11,6,8,5,11,11,-20,16,13,5,8,12,13,20,11,9,10,-20,9,14,14,5,3,-20,18,9,14,6,-20,15,6,14,11,10,12,6,5,6,-20,11,14,13,10,16,8,13,5,10,9,6,14,15,-20,15,9,18,4,4,11,-20,12,9,13,15,12,4,-20,13,5,16,10,19,9,6,6,10,7,9,11,-20,8,4,14,-20,14,4,9,9,9,8,12,8,-20,10,7,13,6,-20,8,7,12,7,-20,9,3,10,4,10,10,5,2,-20,3,12,3,14,4,8,6,9,10,-20,5,8,12,6,8,11,10,14,6,9,11,21,13,13,9,-20,-20,-20,-20,-20,12,11,-20,5,-20,-20,5,-20,-20,16,6,10,8,17,5,19,13,-20,-20,12,6,-20,11,13,7,-20,6,-20,-20,-20,7,7,5,6,5,10,-20,11,-20,9,4,14,-20,15,21,7,-20,-20,-20,4,7,5,4,8,9,8,8,7,16,8,-20,6,5,10,-20,10,80,10,14,13,14,-20,-20,10,20,-20,11,13,10,13,16,-20,22,11,15,5,8,10,22,11,-20,-20,14,13,10,17,10,19,20,9,11,-20,17,13,7,10,13,8,-20,10,4,11,6,-20,14,-20,3,8,-20,5,9,6,4,12,6,8,-20,-20,3,-20,12,10,-20,9,11,9,6,11,8,10,6,9,3,-20,7,11,7,2,6,7,-20,11,7,5,3,6,-20,-20,-20,5,4,8,7,7,6,12,-20,12,3,13,-20,11,8,5,7,4,7,14,11,6,12,10,34,10,4,14,10,10,-20,3,11,4,5,8,-20,8,9,6,11,18,-20,3,14,10,-20,8,-20,5,9,-20,5,4,7,6,-20,-20,7,20,-20,-20,-20,13,5,4,9,8,9,12,-20,6,11,-20,7,6,7,6,17,6,5,7,5,-20,4,5,7,12,-20,5,5,-20,3,9,-20,-20,10,-20,10,6,-20,4,5,-20,6,16,-20,-20,11,9,3,14,8,14,-20,10,5,-20,-20,6,7,9,11,5,7,10,6,11,-20,11,35,28,16,32,14,25,22,28,49,46,57,16,52,63,46,63,41,53
"chr1,12035119",-20,-20,-20,-20,8,-20,5,8,-20,3,-20,-20,-20,-20,-20,-20,-20,-20,-20,-20,55,9,-20,-20,-20,-20,-20,-20,-20,-20,6,-20,11,16,-20,-20,-20,-20,-20,8,-20,-20,-20,18,8,-20,9,57,10,16,17,25,48,-20,-20,20,46,50,-20,-20,-20,-20,-20,-20,-20,-20,-20,-20,-20,-20,-20,-20,15,-20,-20,-20,-20,-20,6,12,7,-20,-20,-20,13,-20,-20,-20,-20,-20,-20,-20,-20,-20,-20,-20,11,-20,6,-20,-20,-20,-20,-20,-20,-20,3,-20,-20,6,-20,-20,36,-20,-20,6,50,11,5,3,6,4,7,4,-20,8,4,43,6,7,-20,-20,-20,-20,-20,-20,-20,-20,3,4,-20,2,10,6,-20,9,8,49,-20,6,9,8,12,-20,34,13,-20,6,-20,-20,-20,-20,4,8,5,-20,-20,-20,14,-20,-20,51,33,44,12,22,38,8,9,63,15,-20,-20,4,28,2,10,25,4,16,19,12,-20,-20,4,-20,7,10,26,8,6,13,20,23,13,-20,30,39,15,33,44,22,27,16,10,-20,39,7,14,15,12,17,13,34,23,11,17,12,37,35,28,35,52,29,12,18,7,16,8,9,20,18,14,21,9,31,21,17,20,28,26,16,12,-20,-20,25,14,17,27,16,9,18,15,10,-20,24,26,13,-20,26,21,20,-20,39,-20,-20,44,46,26,62,12,-20,-20,35,6,11,10,-20,7,15,8,-20,-20,-20,-20,28,52,7,9,3,26,7,-20,3,7,-20,-20,-20,-20,-20,-20,-20,-20,49,10,10,-20,8,29,68,17,-20,12,23,7,11,4,10,10,33,8,27,5,-20,-20,-20,9,31,96,17,-20,-20,-20,16,8,13,8,14,20,-20,-20,3,-20,12,9,17,-20,17,9,10,11,-20,11,6,8,-20,15,-20,11,8,9,7,5,46,-20,-20,14,58,-20,16,11,11,-20,-20,-20,3,14,18,-20,-20,-20,-20,9,7,12,7,6,5,50,11,-20,-20,5,-20,12,16,12,17,8,10,-20,5,5,21,-20,6,-20,6,6,8,7,13,8,11,10,27,16,7,18,26,15,7,106,19,-20,13,-20,-20,8,4,-20,-20,-20,8,8,-20,11,8,12,12,33,-20,4,-20,6,6,10,7,6,8,-20,-20,11,-20,20,7,6,10,14,9,-20,5,10,-20,12,10,-20,-20,-20,-20,18,-20,-20,-20,4,22,-20,-20,5,19,11,-20,-20,-20,-20,-20,5,13,-20,9,6,6,11,-20,-20,-20,21,-20,-20,-20,11,20,-20,-20,-20,-20,51,-20,13,-20,-20,6,9,-20,-20,-20,8,48,6,14,-20,19,6,-20,26,9,13,10,16,8,11,16,18,13,-20,-20,6,9,9,13,-20,-20,23,6,16,10,13,10,34,-20,15,25,29,13,-20,4,-20,6,88,-20,-20,8,-20,18,4,11,7,16,30,21,24,-20,-20,-20,-20,-20,6,32,11,19,9,-20,20,4,10,11,16,16,18,18,5,-20,-20,24,-20,-20,10,38,9,-20,10,-20,29,13,-20,12,13,14,6,6,-20,-20,-20,-20,73,35,39,33,35,22,29,24,27,60,-20,25,-20,17,17,-20,78,54,12,2,-20,22,65,14,6,10,-20,7,47,16,-20,26,10,40,15,33,-20,20,12,57,26,15,30,15,-20,-20,9,19,-20,19,-20,-20,-20,-20,9,-20,12,7,8,12,14,16,5,12,7,8,5,11,11,-20,16,13,4,8,13,13,19,12,-20,10,-20,10,14,14,5,3,-20,17,9,15,7,-20,12,6,14,11,10,11,6,5,6,-20,10,14,12,10,16,8,14,5,-20,9,6,13,15,-20,15,9,18,4,5,10,-20,12,10,12,16,12,4,-20,13,5,16,14,19,-20,6,7,9,7,-20,11,-20,8,4,14,-20,14,5,9,9,9,8,12,8,-20,10,6,13,6,-20,8,8,12,7,-20,9,3,10,4,10,10,5,2,-20,3,12,3,14,5,8,6,-20,11,-20,5,8,12,8,8,11,10,15,6,9,10,21,13,13,9,-20,-20,-20,-20,-20,13,12,-20,5,-20,-20,5,-20,-20,16,6,10,-20,17,5,19,13,-20,-20,12,6,-20,11,12,7,-20,6,-20,-20,-20,7,9,5,-20,5,10,-20,10,-20,9,-20,-20,-20,15,21,7,-20,-20,-20,6,-20,6,4,10,9,9,8,7,16,8,-20,6,3,-20,-20,10,81,11,14,13,14,-20,-20,12,20,-20,10,13,11,12,16,-20,22,12,14,5,9,10,21,10,8,-20,13,13,10,17,10,-20,21,9,11,-20,15,12,8,10,13,7,-20,11,4,11,-20,-20,14,-20,3,8,-20,5,9,6,4,12,6,8,-20,-20,3,-20,12,10,-20,9,12,9,6,11,8,10,6,9,3,-20,7,13,7,2,7,8,-20,11,6,5,3,6,-20,-20,-20,-20,4,9,-20,6,5,14,-20,13,3,14,-20,11,8,5,8,4,6,15,11,6,11,10,34,9,4,14,11,11,-20,3,12,4,5,8,-20,-20,9,5,10,-20,-20,3,13,10,-20,8,-20,5,11,-20,6,4,7,6,-20,-20,7,20,-20,12,-20,-20,4,4,9,7,11,11,-20,6,12,3,7,4,6,7,16,6,5,-20,4,-20,5,5,-20,12,-20,4,5,-20,4,8,4,-20,12,-20,10,5,5,5,-20,-20,6,17,3,-20,6,8,2,15,10,11,-20,11,6,-20,-20,6,7,9,10,5,7,10,6,11,-20,11,36,30,16,32,14,24,21,27,48,47,50,23,51,63,47,62,40,54
"chr1,12035121",-20,-20,-20,8,8,-20,5,8,-20,3,-20,-20,-20,-20,-20,-20,-20,-20,-20,-20,54,9,-20,-20,-20,-20,-20,-20,-20,-20,5,-20,11,16,-20,-20,-20,-20,-20,8,-20,-20,-20,18,8,-20,10,58,11,15,17,25,49,-20,-20,21,47,50,-20,-20,-20,-20,-20,-20,-20,-20,-20,-20,-20,-20,-20,-20,15,-20,-20,-20,-20,-20,6,12,7,-20,-20,-20,14,-20,-20,-20,-20,-20,-20,-20,-20,-20,-20,-20,11,-20,6,-20,-20,-20,-20,-20,-20,-20,3,-20,-20,6,-20,-20,33,-20,-20,6,48,11,5,3,6,-20,7,4,-20,8,4,43,6,7,-20,-20,-20,-20,-20,-20,-20,-20,3,4,-20,2,10,6,-20,9,9,49,-20,6,7,8,12,-20,35,14,-20,6,-20,-20,-20,-20,4,8,5,-20,-20,4,13,-20,-20,46,32,44,12,22,38,8,9,64,15,-20,-20,4,27,-20,13,23,4,15,18,13,-20,-20,-20,-20,7,10,28,8,8,13,22,21,13,-20,30,39,14,34,42,21,28,16,12,-20,40,8,14,17,14,18,14,34,24,11,16,12,36,34,29,36,52,29,12,18,8,15,9,9,20,18,14,20,9,31,21,17,20,28,26,16,12,-20,-20,25,15,17,29,15,-20,18,12,10,-20,25,25,12,-20,26,21,20,-20,38,-20,-20,44,46,26,61,12,-20,-20,36,5,11,10,-20,7,14,8,-20,-20,-20,-20,25,52,-20,9,3,27,7,-20,3,7,-20,-20,-20,-20,-20,-20,-20,-20,51,10,-20,-20,8,29,65,16,-20,17,25,7,10,4,10,10,32,8,27,5,6,-20,-20,9,32,97,17,-20,-20,-20,-20,8,14,9,14,20,15,-20,3,-20,12,9,16,-20,19,12,10,11,-20,12,8,8,-20,15,-20,11,8,9,7,5,46,-20,-20,13,57,-20,16,11,11,-20,-20,8,3,14,16,-20,-20,-20,-20,9,7,13,6,-20,5,55,11,-20,-20,5,-20,12,16,12,18,10,11,-20,5,5,21,-20,6,-20,6,6,8,7,14,8,11,11,27,14,7,17,25,16,8,104,19,-20,13,-20,-20,8,4,-20,-20,-20,8,8,-20,11,9,12,14,34,-20,4,-20,6,6,10,6,6,7,-20,-20,12,-20,20,7,6,10,14,8,-20,5,12,-20,12,10,-20,-20,-20,-20,18,-20,-20,-20,4,22,-20,9,6,21,11,-20,20,-20,-20,-20,5,13,-20,8,6,6,11,-20,-20,-20,22,-20,-20,-20,11,21,-20,-20,-20,-20,48,-20,12,-20,-20,6,9,-20,-20,-20,8,51,6,16,-20,19,6,-20,24,9,13,11,16,8,12,14,19,15,-20,-20,7,9,9,12,-20,-20,22,6,16,10,15,9,33,-20,15,25,29,12,-20,4,-20,6,88,-20,-20,8,-20,18,4,11,7,16,29,21,24,-20,-20,-20,-20,-20,7,33,11,19,9,-20,20,5,10,11,15,17,18,18,5,-20,-20,24,-20,-20,10,38,9,-20,10,-20,29,13,6,12,13,15,6,6,-20,-20,-20,-20,74,36,39,33,34,21,27,24,27,64,-20,29,49,19,18,19,78,52,12,2,-20,21,68,13,5,10,-20,7,46,16,-20,24,9,38,14,34,-20,19,11,58,24,16,30,15,-20,-20,9,20,-20,18,-20,-20,-20,-20,7,-20,12,7,8,11,14,16,5,12,7,9,5,12,11,-20,16,13,5,8,13,13,19,11,-20,10,-20,10,14,14,5,3,-20,17,9,15,7,-20,12,6,15,10,11,11,6,5,6,-20,10,13,12,9,16,8,14,5,-20,9,6,13,15,-20,14,9,19,4,5,10,-20,12,10,11,16,12,4,-20,13,3,16,14,20,-20,6,7,10,7,-20,11,-20,8,4,15,-20,13,5,8,9,9,8,14,8,-20,10,7,13,-20,-20,8,8,12,8,5,9,3,10,3,10,10,5,-20,-20,3,11,-20,14,5,8,6,-20,11,-20,5,9,12,8,8,11,-20,15,7,9,10,20,13,13,10,-20,-20,-20,-20,-20,13,12,-20,6,-20,-20,7,-20,-20,15,6,10,-20,17,5,19,16,-20,-20,11,7,-20,12,12,6,-20,6,-20,-20,-20,7,9,5,-20,5,10,-20,10,-20,9,-20,-20,-20,15,21,7,-20,-20,-20,6,-20,6,5,11,9,9,-20,7,16,9,-20,5,-20,-20,-20,10,80,11,14,13,14,-20,-20,12,20,-20,10,13,10,-20,16,-20,23,12,14,5,9,10,21,10,9,-20,15,13,10,17,10,-20,21,9,11,-20,15,12,9,10,13,7,-20,11,4,-20,-20,-20,13,-20,3,8,-20,6,9,6,4,12,6,8,3,-20,3,-20,12,10,-20,9,12,9,5,11,7,10,-20,10,3,3,7,12,7,3,8,8,-20,-20,6,5,3,6,-20,-20,-20,-20,4,9,-20,6,5,14,-20,13,3,14,-20,11,8,5,8,5,6,15,11,6,11,11,34,10,4,14,11,10,-20,4,12,4,6,8,-20,-20,9,5,10,-20,-20,3,13,11,-20,-20,-20,5,11,-20,6,4,7,6,-20,-20,5,19,-20,-20,-20,12,5,4,7,6,-20,9,-20,6,-20,5,-20,-20,-20,-20,-20,-20,-20,-20,-20,-20,4,5,6,-20,-20,4,4,-20,4,-20,-20,-20,-20,-20,9,5,4,6,3,-20,6,16,3,-20,7,-20,-20,14,13,-20,-20,9,5,-20,-20,-20,-20,-20,-20,4,-20,-20,-20,-20,-20,11,36,30,16,33,14,23,21,27,50,47,50,23,51,63,47,61,43,55
"chr1,12035127",-20,-20,-20,8,5,-20,5,9,-20,4,-20,-20,-20,-20,-20,-20,-20,-20,-20,-20,55,7,-20,-20,-20,-20,-20,-20,-20,-20,5,-20,11,16,-20,-20,-20,-20,-20,8,-20,-20,-20,17,12,-20,11,58,12,18,19,24,49,-20,-20,21,46,47,-20,-20,-20,-20,-20,-20,-20,-20,-20,-20,-20,-20,-20,-20,15,-20,-20,-20,-20,-20,6,9,6,-20,-20,-20,12,-20,-20,-20,-20,-20,-20,-20,-20,-20,-20,-20,11,-20,5,-20,-20,-20,-20,-20,-20,-20,3,-20,-20,6,-20,-20,33,-20,-20,6,54,11,5,4,6,-20,7,5,-20,8,3,41,6,5,-20,5,-20,-20,-20,-20,-20,-20,3,4,-20,-20,9,6,-20,7,8,47,-20,4,6,11,12,21,34,14,8,7,-20,-20,-20,-20,3,9,4,-20,-20,4,12,-20,-20,46,24,38,10,21,40,6,8,65,15,11,-20,4,20,-20,13,25,4,16,16,12,-20,-20,-20,-20,5,10,28,10,8,16,22,20,12,-20,30,38,14,34,45,23,25,18,13,-20,39,10,14,17,14,19,13,34,25,10,19,11,35,36,29,34,54,29,12,18,7,16,9,10,19,19,13,19,9,32,19,18,23,32,23,18,13,-20,-20,23,14,17,31,19,9,18,11,11,-20,23,24,13,-20,28,21,22,-20,37,-20,-20,43,44,25,70,13,6,-20,34,6,-20,8,-20,7,13,8,-20,8,-20,-20,26,51,7,8,-20,25,7,8,3,8,-20,-20,-20,-20,-20,-20,-20,-20,54,7,11,-20,7,29,60,15,-20,14,24,7,11,3,11,10,29,-20,28,5,6,-20,-20,9,31,98,20,11,-20,-20,15,8,15,8,14,20,15,10,3,-20,11,9,16,11,17,12,11,13,-20,15,8,8,-20,16,-20,10,-20,11,7,5,46,10,-20,13,64,-20,17,11,11,-20,7,8,-20,14,17,14,15,-20,12,6,7,13,6,6,5,59,9,8,-20,6,31,15,15,12,20,11,11,10,4,5,19,-20,7,-20,5,5,8,7,13,7,13,11,26,13,6,15,27,16,8,99,20,27,13,2,10,7,5,-20,-20,-20,9,9,-20,12,9,12,11,39,31,4,-20,6,6,10,5,6,8,-20,24,12,14,21,6,5,10,15,9,-20,5,13,6,12,10,11,-20,-20,-20,18,28,-20,-20,4,20,-20,10,6,21,11,-20,19,18,-20,35,5,15,-20,8,5,7,10,-20,-20,9,25,-20,-20,-20,12,23,-20,-20,-20,-20,51,-20,10,-20,-20,6,10,-20,-20,-20,8,50,6,16,-20,19,6,-20,24,9,13,10,17,9,13,13,20,15,-20,-20,8,8,11,9,20,-20,11,7,15,8,14,9,35,5,13,27,31,13,-20,4,-20,7,84,-20,-20,8,-20,17,4,9,7,16,25,25,23,-20,-20,-20,-20,-20,7,34,11,18,10,6,19,4,8,10,12,16,18,16,3,-20,-20,23,-20,-20,10,38,9,7,8,9,30,14,5,13,15,16,8,6,-20,-20,-20,-20,77,35,42,37,33,23,30,19,29,62,-20,30,46,17,16,20,66,51,16,2,-20,21,68,12,6,8,-20,8,48,19,-20,29,-20,38,19,31,-20,21,11,58,24,18,33,17,-20,-20,7,20,-20,18,-20,-20,-20,-20,6,-20,11,8,10,11,13,15,6,11,9,8,5,12,11,-20,18,14,-20,8,13,14,19,10,9,11,-20,9,13,14,4,3,-20,16,8,17,8,-20,14,4,15,9,12,10,7,5,6,-20,10,12,11,10,17,7,14,5,11,10,5,11,14,-20,11,-20,17,5,5,11,-20,13,11,9,15,14,4,-20,12,3,16,14,18,10,5,5,10,7,9,13,3,8,4,16,-20,11,5,6,9,7,7,13,8,-20,8,5,14,5,-20,7,-20,13,8,6,9,3,10,3,8,9,5,-20,-20,-20,8,-20,14,5,8,6,10,10,-20,5,8,12,10,8,11,9,12,8,8,12,21,12,11,11,-20,-20,-20,-20,-20,12,11,-20,5,-20,-20,7,-20,-20,15,5,10,9,16,4,19,16,-20,-20,11,7,-20,11,12,6,-20,5,-20,-20,-20,8,10,5,7,5,10,-20,11,9,9,3,11,-20,15,20,7,-20,6,-20,7,5,6,5,12,9,9,6,6,14,9,-20,5,-20,11,-20,10,83,12,13,13,13,-20,-20,11,20,-20,9,12,10,13,16,-20,22,10,13,5,9,10,22,6,8,-20,16,12,11,18,9,20,22,9,11,-20,13,12,8,11,12,6,-20,10,4,10,6,-20,12,-20,3,7,-20,5,8,4,5,12,5,8,4,-20,-20,-20,12,9,-20,6,13,9,4,11,7,11,-20,10,-20,3,7,14,7,3,8,6,-20,11,4,5,3,4,-20,-20,-20,5,-20,6,7,6,5,12,-20,9,4,16,-20,10,8,6,8,5,5,16,10,6,12,11,33,13,5,14,-20,9,-20,4,13,3,8,6,3,8,8,4,8,17,-20,3,11,11,-20,7,-20,5,9,-20,4,4,8,6,-20,-20,5,18,-20,11,-20,13,5,4,7,5,12,5,-20,5,8,5,8,7,5,6,14,6,3,8,5,-20,5,5,8,13,-20,6,5,-20,6,6,-20,4,11,3,11,6,6,4,2,2,6,11,-20,-20,9,7,-20,8,13,13,-20,10,-20,-20,-20,6,6,9,12,6,-20,9,6,8,-20,12,40,32,16,30,13,25,22,27,46,49,27,23,45,65,49,57,47,50
"chr1,12035134",-20,-20,-20,10,5,-20,6,10,4,4,-20,-20,-20,-20,-20,-20,-20,-20,-20,-20,56,7,-20,-20,-20,-20,-20,-20,3,-20,5,-20,12,18,-20,-20,-20,-20,-20,9,-20,-20,-20,14,10,-20,11,61,13,23,18,24,48,-20,-20,21,47,47,-20,-20,-20,-20,-20,-20,-20,-20,-20,-20,-20,-20,-20,-20,14,-20,-20,-20,-20,-20,6,11,6,-20,-20,-20,11,-20,-20,-20,-20,-20,-20,-20,-20,-20,-20,-20,11,-20,5,-20,-20,-20,-20,-20,-20,-20,-20,-20,-20,10,-20,-20,32,-20,-20,6,58,13,6,4,6,5,8,4,-20,8,3,43,9,5,-20,6,3,-20,-20,-20,-20,-20,3,4,-20,-20,8,7,-20,7,10,47,-20,-20,5,11,11,21,33,15,8,8,-20,-20,-20,3,-20,10,4,-20,-20,6,12,-20,-20,50,20,35,10,17,40,7,8,70,14,12,-20,4,12,4,11,24,5,14,10,13,-20,-20,-20,-20,5,9,27,9,6,17,27,22,9,-20,25,43,13,-20,44,25,25,16,15,-20,38,8,15,15,14,19,18,36,25,10,20,10,35,37,28,34,53,20,11,19,10,15,8,11,18,18,13,16,8,33,17,20,23,32,22,18,13,-20,-20,19,10,18,26,19,11,16,13,10,-20,21,23,13,-20,28,21,21,-20,36,-20,-20,42,46,22,69,12,7,-20,30,6,-20,5,-20,6,8,9,-20,8,-20,-20,26,59,7,7,5,26,9,8,3,10,-20,-20,-20,-20,-20,-20,-20,-20,55,8,10,-20,6,30,64,15,-20,15,24,8,10,3,11,12,29,11,26,5,7,-20,-20,9,29,104,20,11,-20,-20,15,9,14,9,14,22,12,10,3,-20,10,5,19,11,17,10,11,12,-20,15,7,8,-20,15,6,9,10,11,7,4,47,11,-20,12,55,-20,17,11,11,-20,7,8,-20,18,17,13,19,-20,12,6,8,12,-20,8,6,61,10,8,-20,6,30,16,17,12,21,11,10,9,5,5,20,-20,6,-20,7,4,8,7,15,7,12,14,22,15,6,15,26,14,9,104,19,25,10,3,9,6,5,-20,-20,6,8,8,-20,11,11,13,12,41,28,5,-20,7,5,15,7,7,8,-20,23,13,17,23,6,4,11,15,11,-20,9,12,4,14,10,12,-20,-20,-20,18,27,-20,-20,3,20,-20,10,4,22,11,-20,15,15,-20,33,5,20,-20,8,6,7,13,-20,-20,12,26,-20,-20,-20,10,27,-20,-20,-20,-20,52,-20,8,-20,-20,5,13,-20,-20,-20,7,52,4,15,-20,18,6,-20,22,10,14,10,17,9,12,11,20,14,-20,-20,7,7,11,9,23,-20,13,11,14,8,14,10,36,6,14,24,33,13,-20,4,-20,7,90,-20,-20,7,-20,17,3,9,7,17,27,28,22,-20,-20,-20,-20,-20,9,33,10,23,11,5,19,4,10,11,11,18,21,18,3,-20,-20,25,-20,-20,9,44,8,7,9,8,30,15,6,16,15,17,12,7,-20,-20,-20,-20,70,34,42,34,35,26,32,19,32,57,-20,31,40,20,15,18,61,50,14,5,-20,23,72,11,8,12,-20,10,50,18,-20,30,-20,41,21,23,-20,20,13,56,25,18,29,17,-20,-20,7,20,-20,18,-20,-20,-20,-20,6,-20,10,10,10,12,12,17,7,11,10,12,4,12,12,-20,20,14,-20,10,13,16,19,10,10,13,-20,9,11,18,7,3,-20,15,11,19,10,-20,13,3,15,11,12,11,7,-20,8,-20,8,13,10,14,20,7,16,-20,15,11,5,11,15,-20,14,9,16,6,6,11,-20,13,13,12,14,14,4,-20,13,5,20,14,21,11,5,6,10,7,10,14,4,7,4,18,-20,11,6,7,9,7,8,15,11,-20,10,7,15,6,3,9,-20,15,7,6,10,-20,10,3,9,12,5,-20,4,-20,8,-20,13,5,11,6,11,9,-20,6,8,12,11,8,13,9,13,11,7,13,24,13,10,10,-20,-20,-20,-20,-20,14,13,-20,7,-20,-20,10,-20,-20,16,5,9,8,17,5,20,18,-20,-20,12,8,-20,13,15,9,-20,5,-20,-20,-20,6,11,7,8,5,15,-20,10,7,10,3,10,-20,15,24,7,-20,7,-20,10,7,6,6,13,7,9,8,8,15,9,-20,6,-20,11,-20,9,90,12,15,13,13,-20,-20,12,18,-20,11,12,13,12,18,-20,23,12,16,3,9,11,27,6,8,-20,14,16,12,22,10,20,24,9,10,-20,14,12,9,13,12,9,-20,10,6,11,7,-20,12,-20,4,7,5,6,9,4,5,11,5,10,6,-20,-20,4,14,11,-20,6,13,9,6,9,7,11,-20,11,-20,4,9,15,6,2,7,8,3,12,4,5,-20,4,-20,-20,-20,5,-20,7,8,7,6,11,-20,9,4,15,-20,11,9,6,8,5,7,17,10,7,11,11,35,12,7,13,9,9,7,5,15,-20,9,8,3,9,8,4,9,19,-20,2,11,13,-20,8,-20,9,9,-20,4,4,7,6,-20,-20,7,22,-20,10,-20,13,-20,3,5,5,14,6,3,-20,10,5,7,5,-20,5,13,5,4,5,6,-20,8,6,8,10,-20,-20,4,-20,5,6,-20,4,13,4,8,4,5,6,4,5,6,13,5,-20,5,9,3,8,-20,10,-20,12,4,-20,4,5,5,-20,15,3,7,9,5,9,-20,12,42,34,15,33,-20,26,22,23,47,49,27,23,42,65,48,57,44,54
"chr1,12035135",-20,-20,-20,10,5,-20,6,10,4,4,-20,-20,-20,-20,-20,-20,-20,-20,-20,-20,56,7,-20,-20,-20,-20,-20,-20,-20,-20,6,-20,12,18,-20,-20,-20,-20,-20,9,-20,-20,-20,14,10,-20,10,61,13,23,19,25,50,-20,-20,21,50,48,-20,-20,-20,-20,-20,-20,-20,-20,-20,-20,-20,-20,-20,-20,14,-20,-20,-20,-20,-20,6,12,6,-20,-20,-20,11,-20,-20,-20,-20,-20,-20,-20,-20,-20,-20,-20,11,-20,5,-20,-20,-20,-20,-20,-20,-20,-20,-20,-20,10,-20,-20,32,-20,-20,6,57,12,6,4,6,5,8,4,-20,8,3,42,9,5,-20,6,3,-20,-20,-20,-20,-20,3,4,-20,-20,8,7,-20,7,11,46,-20,-20,4,11,11,21,33,15,8,7,-20,-20,-20,3,-20,10,4,-20,-20,6,12,-20,-20,50,20,35,-20,17,40,7,8,70,14,12,-20,4,12,4,10,24,5,14,10,13,-20,-20,-20,-20,5,9,27,8,6,18,27,21,9,-20,25,43,13,33,44,24,25,15,14,-20,38,8,15,16,14,19,19,36,25,10,19,10,34,37,28,33,54,17,11,19,10,15,8,11,18,17,13,16,8,33,16,19,23,32,22,18,12,-20,-20,19,10,19,28,19,11,16,13,10,-20,22,22,13,-20,28,20,21,-20,38,-20,-20,42,47,22,70,13,7,-20,31,6,-20,5,-20,6,7,9,-20,8,-20,-20,25,59,7,8,5,26,8,8,3,10,-20,-20,-20,-20,-20,-20,-20,-20,55,8,10,-20,6,32,62,13,-20,15,24,10,10,2,11,12,29,11,25,5,7,-20,-20,9,30,103,20,11,-20,-20,14,9,14,9,14,22,12,10,3,-20,10,5,18,11,16,11,10,12,-20,15,7,8,-20,14,6,9,10,11,7,4,47,11,-20,12,55,-20,17,11,11,-20,7,8,-20,19,17,13,20,-20,12,6,8,12,6,8,6,62,10,8,-20,7,30,16,17,13,21,10,10,8,6,5,19,-20,7,-20,-20,4,8,7,15,7,12,14,23,17,5,15,26,13,-20,104,19,24,11,3,9,6,5,-20,-20,6,8,8,-20,12,11,12,13,40,28,5,-20,7,5,15,7,7,8,-20,23,13,17,24,6,4,10,14,11,-20,9,13,4,14,10,12,-20,-20,-20,18,27,-20,-20,3,19,-20,10,4,22,11,-20,15,15,-20,33,6,20,-20,8,6,7,12,-20,-20,12,25,-20,-20,-20,11,28,-20,-20,-20,-20,51,-20,8,-20,-20,5,13,-20,-20,-20,7,51,4,14,-20,17,6,-20,22,10,14,10,17,9,12,11,-20,14,-20,-20,7,7,10,9,23,-20,13,11,14,8,14,10,36,6,13,25,30,11,-20,4,-20,7,91,-20,-20,7,-20,17,3,9,7,18,27,28,22,-20,-20,-20,-20,-20,-20,33,10,23,11,5,19,4,10,11,12,18,21,18,3,-20,-20,25,-20,-20,9,43,8,7,9,9,31,15,6,17,15,17,12,7,-20,-20,-20,-20,71,33,42,35,36,27,32,19,31,59,-20,32,40,20,15,18,59,50,14,4,-20,23,76,11,8,12,-20,9,48,18,-20,30,-20,40,21,23,-20,22,14,55,25,18,29,17,-20,-20,8,20,-20,18,-20,-20,-20,-20,6,-20,10,8,10,12,12,17,7,11,10,12,4,12,12,-20,20,14,-20,10,13,17,19,11,10,13,-20,9,11,18,7,-20,-20,16,11,19,10,-20,13,3,15,11,12,11,7,8,8,-20,8,14,10,14,20,7,16,-20,15,12,5,11,15,-20,14,9,16,6,6,11,-20,13,13,12,14,13,4,-20,13,5,19,14,22,12,5,6,11,7,-20,14,4,7,4,18,-20,11,-20,7,9,7,8,15,11,-20,10,7,15,-20,3,9,-20,15,7,6,10,4,10,3,9,12,5,-20,4,-20,9,-20,13,5,11,6,11,9,-20,6,-20,12,11,8,13,9,13,11,7,13,24,13,10,10,-20,-20,-20,-20,-20,15,13,-20,7,-20,-20,10,-20,-20,16,5,9,8,17,5,20,18,-20,-20,12,8,-20,13,15,10,-20,5,-20,-20,-20,6,11,7,8,5,15,-20,11,7,10,3,11,-20,16,24,7,-20,7,-20,10,7,6,5,13,7,9,8,8,15,9,-20,6,-20,11,-20,9,89,12,15,13,13,-20,-20,12,17,-20,12,13,13,12,18,-20,23,12,16,3,9,10,27,6,8,-20,14,16,12,23,10,18,24,9,10,-20,14,13,9,13,12,9,-20,10,6,11,7,-20,12,-20,4,-20,5,6,9,4,5,11,5,10,6,-20,-20,4,14,11,-20,7,13,9,7,8,7,11,-20,11,-20,4,9,15,6,-20,7,8,3,12,4,5,-20,4,-20,-20,-20,5,-20,7,8,7,6,11,-20,9,4,15,-20,11,9,6,8,5,7,17,10,7,11,10,35,12,7,13,9,9,7,5,15,-20,9,7,3,9,8,4,9,19,-20,2,11,13,-20,8,-20,9,9,-20,4,3,7,6,-20,-20,6,22,-20,10,-20,12,-20,3,5,7,13,6,3,5,9,5,6,5,4,6,12,6,5,5,3,-20,7,6,8,-20,-20,-20,4,-20,6,8,-20,4,14,4,8,5,5,4,4,-20,6,14,-20,-20,4,9,3,8,10,11,-20,12,5,-20,3,5,7,-20,17,4,7,9,5,7,-20,12,42,34,15,33,-20,27,24,24,47,49,27,23,42,64,48,56,42,58
"chr1,12035136",-20,-20,-20,-20,5,-20,6,10,4,4,-20,-20,-20,-20,-20,-20,-20,-20,-20,-20,56,-20,-20,-20,-20,-20,-20,-20,-20,-20,7,-20,12,18,-20,-20,-20,-20,-20,9,-20,-20,-20,14,10,-20,11,61,13,23,19,26,49,-20,-20,21,49,47,-20,-20,-20,-20,-20,-20,-20,-20,-20,-20,-20,-20,-20,-20,13,-20,-20,-20,-20,-20,6,12,6,-20,-20,-20,11,-20,-20,-20,-20,-20,-20,-20,-20,-20,-20,-20,11,-20,4,-20,-20,-20,-20,-20,-20,-20,-20,-20,-20,10,-20,-20,32,-20,-20,6,58,11,6,4,6,5,8,5,-20,8,3,44,-20,5,-20,6,3,-20,-20,-20,-20,-20,3,4,-20,-20,8,7,-20,7,11,46,-20,-20,4,11,10,21,34,15,8,7,-20,-20,-20,3,-20,10,4,-20,-20,6,12,-20,-20,52,20,35,9,18,40,7,8,71,12,11,-20,4,12,4,11,23,5,12,11,13,-20,-20,-20,-20,6,9,29,8,6,19,26,22,9,-20,24,43,13,36,44,24,26,16,15,-20,38,8,15,17,14,19,19,37,19,10,19,11,36,37,27,36,55,17,11,20,10,15,8,12,19,17,13,16,8,33,17,19,23,32,22,20,13,-20,-20,19,10,19,28,21,11,14,13,10,-20,22,24,11,-20,28,20,20,-20,39,-20,-20,42,47,23,67,12,-20,-20,32,-20,-20,5,-20,6,7,9,-20,8,-20,-20,25,59,7,8,5,26,9,8,3,10,-20,-20,4,-20,-20,-20,-20,-20,56,7,10,-20,6,32,61,14,-20,16,24,13,10,2,11,12,30,11,26,6,7,-20,-20,9,30,104,20,11,-20,-20,14,8,15,-20,14,22,11,10,3,-20,10,5,19,10,15,11,11,11,-20,15,7,8,-20,15,5,9,10,11,7,4,47,11,-20,12,55,-20,17,11,11,-20,6,8,-20,19,17,13,20,-20,12,6,8,12,6,8,-20,63,11,8,-20,7,29,16,15,14,21,10,10,8,6,4,19,-20,7,-20,7,4,7,6,14,8,12,14,23,18,5,15,26,13,9,105,19,24,11,3,9,7,5,-20,-20,5,8,7,-20,11,11,13,13,39,-20,5,-20,7,5,15,7,6,8,-20,21,13,18,25,6,4,10,14,11,-20,9,13,4,14,10,12,-20,-20,-20,17,27,-20,-20,3,19,-20,9,4,22,11,-20,15,15,-20,33,6,20,-20,8,6,7,12,-20,-20,12,25,-20,-20,-20,11,27,-20,-20,-20,-20,49,-20,8,-20,-20,5,13,-20,-20,-20,7,49,3,15,-20,17,6,-20,23,-20,14,10,17,9,12,10,18,13,-20,-20,6,7,11,9,24,-20,13,11,15,7,14,10,35,6,13,25,31,12,-20,4,-20,6,92,-20,-20,7,-20,19,3,9,7,18,27,28,24,-20,-20,-20,-20,-20,10,32,10,23,11,5,19,4,11,11,12,19,21,18,3,-20,-20,24,-20,-20,9,43,7,7,9,9,31,15,6,17,15,17,12,7,-20,-20,-20,-20,72,34,42,35,37,26,31,19,33,61,-20,32,41,20,16,18,58,53,15,4,-20,24,72,10,8,11,-20,9,49,18,-20,28,-20,40,20,23,-20,22,14,56,25,18,29,17,-20,-20,8,20,-20,18,-20,-20,-20,-20,6,-20,10,8,10,12,12,16,-20,12,10,12,4,12,12,-20,21,14,-20,10,13,17,19,10,10,13,-20,9,11,18,7,-20,-20,15,11,18,-20,-20,13,3,15,11,12,11,7,8,8,-20,8,14,10,14,20,7,16,-20,15,12,5,11,15,-20,14,9,16,6,6,11,-20,13,13,11,14,12,4,-20,13,5,19,14,22,12,6,6,11,7,10,14,5,8,4,18,-20,12,-20,7,9,7,8,14,11,-20,10,7,15,5,3,9,-20,15,7,6,10,4,10,3,9,12,5,-20,4,-20,9,-20,13,5,11,6,11,9,-20,6,9,12,11,8,13,9,12,10,8,13,25,13,10,10,-20,-20,-20,-20,-20,15,13,-20,7,-20,-20,10,-20,-20,16,5,9,8,17,5,20,18,-20,-20,12,7,-20,12,15,10,-20,5,-20,-20,-20,6,11,7,-20,5,15,-20,11,7,10,3,11,-20,16,24,7,-20,7,-20,10,7,6,5,13,7,10,8,8,16,9,-20,6,-20,11,-20,8,88,12,15,13,13,-20,-20,12,17,-20,13,13,13,12,17,-20,23,12,18,5,9,11,27,6,8,-20,14,16,13,23,10,18,24,9,10,-20,14,13,9,13,12,9,-20,10,6,11,7,-20,12,-20,4,7,5,6,9,4,5,11,5,10,6,-20,-20,4,13,10,-20,7,13,9,7,8,7,11,3,11,-20,4,9,15,7,-20,-20,8,3,11,4,4,-20,4,-20,3,-20,5,-20,7,8,7,6,11,-20,-20,4,15,-20,11,9,6,8,5,7,17,10,7,10,10,34,12,7,13,9,9,7,5,15,-20,9,7,3,9,8,4,9,19,-20,2,11,13,-20,8,-20,9,9,-20,4,3,-20,6,-20,-20,6,22,-20,10,-20,14,-20,3,5,7,10,5,3,5,10,5,6,5,4,5,12,5,5,4,3,-20,8,5,9,11,-20,-20,4,-20,6,9,-20,4,14,4,7,3,5,4,3,5,5,15,4,-20,4,7,3,11,8,12,-20,10,-20,-20,3,5,6,10,17,4,6,12,-20,8,-20,12,42,34,-20,33,-20,27,22,25,47,47,27,23,39,66,50,57,41,58
"chr1,12035137",-20,-20,-20,10,5,-20,5,10,4,4,-20,-20,-20,-20,-20,-20,-20,-20,-20,-20,57,7,-20,-20,-20,-20,-20,-20,-20,-20,7,-20,12,18,-20,-20,-20,-20,-20,9,-20,-20,-20,14,10,-20,13,59,12,23,18,26,49,-20,-20,21,51,49,-20,-20,-20,-20,-20,-20,-20,-20,-20,-20,-20,-20,-20,-20,14,-20,-20,-20,-20,-20,6,12,6,-20,-20,-20,11,-20,-20,-20,-20,-20,-20,-20,-20,-20,-20,-20,11,-20,4,-20,-20,-20,-20,-20,-20,-20,-20,-20,-20,10,-20,-20,32,-20,-20,6,57,12,6,4,6,5,8,5,-20,8,3,43,-20,5,-20,6,3,-20,-20,-20,-20,-20,3,4,-20,-20,8,7,-20,7,-20,51,-20,4,3,11,10,22,34,15,8,7,-20,-20,-20,3,3,9,4,-20,-20,7,12,-20,-20,52,19,34,8,18,40,6,7,72,12,11,-20,4,12,4,11,24,6,11,11,12,-20,-20,-20,-20,6,8,29,8,6,19,26,23,11,-20,22,46,13,36,44,25,27,16,16,-20,39,8,15,17,14,19,19,37,18,11,19,11,36,37,27,34,56,17,11,21,10,15,11,12,18,17,13,15,8,33,16,20,23,29,22,20,13,-20,-20,19,10,20,28,21,11,15,13,9,-20,20,23,11,-20,27,21,20,-20,39,-20,-20,43,47,27,67,12,7,-20,31,5,-20,5,-20,6,7,9,-20,7,-20,-20,25,58,7,8,4,26,9,7,3,10,-20,-20,4,-20,-20,-20,-20,-20,55,7,10,-20,5,32,61,14,-20,15,25,13,11,2,10,12,30,11,24,6,7,-20,-20,9,30,107,21,11,-20,-20,14,8,15,8,14,22,11,10,3,-20,10,5,19,11,15,12,11,11,-20,15,7,8,-20,15,5,9,10,11,-20,4,48,11,-20,12,55,-20,16,12,11,-20,6,8,-20,19,18,13,20,-20,12,6,8,12,6,7,7,64,11,9,-20,7,28,16,15,15,21,10,10,8,6,4,18,-20,7,-20,-20,4,7,6,13,8,12,13,23,19,5,15,26,13,9,105,19,24,12,4,8,7,5,-20,-20,6,8,6,-20,11,11,13,14,39,28,5,-20,7,5,14,7,6,8,-20,21,12,18,25,6,4,10,14,11,-20,9,13,5,15,10,12,-20,-20,-20,17,29,-20,-20,3,19,-20,9,4,21,11,-20,17,18,-20,32,6,19,-20,9,6,7,12,-20,-20,12,25,-20,-20,-20,11,27,-20,-20,-20,-20,49,-20,8,-20,-20,5,12,-20,-20,-20,7,51,3,15,-20,17,6,-20,24,9,14,10,17,9,12,13,18,13,-20,-20,6,7,11,8,24,-20,13,11,15,7,14,10,34,6,13,25,32,12,-20,4,-20,6,94,-20,-20,7,-20,19,4,-20,7,17,31,28,24,-20,-20,-20,-20,-20,10,31,10,22,10,5,19,4,11,11,12,19,21,18,3,-20,-20,24,-20,-20,8,40,6,7,6,9,29,14,6,16,15,17,12,7,-20,-20,-20,-20,73,35,42,35,37,27,34,19,34,62,-20,32,41,20,16,18,56,53,15,4,-20,24,76,10,8,11,-20,10,52,20,-20,28,-20,39,20,23,-20,21,14,56,25,17,29,17,-20,-20,8,18,-20,18,-20,-20,-20,-20,6,-20,10,8,10,12,10,16,7,12,10,11,4,12,12,-20,21,13,-20,9,13,17,18,11,9,13,-20,9,11,18,7,-20,-20,15,9,18,10,-20,13,3,13,11,12,11,6,8,8,-20,6,14,10,14,19,7,16,-20,15,11,5,11,14,-20,14,9,15,6,6,11,-20,13,13,12,12,12,4,-20,12,5,19,14,19,12,5,6,11,7,9,13,5,8,4,18,-20,12,-20,7,8,6,8,12,11,-20,10,7,12,4,3,9,-20,15,7,5,10,4,10,3,8,11,5,-20,4,-20,9,-20,13,5,11,5,10,9,-20,6,9,12,10,8,13,9,11,10,8,13,20,11,10,10,-20,-20,-20,-20,-20,15,13,-20,7,-20,-20,10,-20,-20,15,4,9,7,17,5,19,18,-20,-20,12,7,-20,12,13,9,-20,5,-20,-20,-20,5,10,7,8,5,15,-20,11,7,10,3,11,-20,16,23,6,-20,7,3,10,8,5,5,13,7,10,8,8,16,8,-20,6,-20,11,-20,8,89,13,14,11,12,-20,-20,12,15,-20,13,12,13,12,17,-20,23,12,18,5,8,10,24,5,8,-20,13,16,12,23,10,18,22,9,9,-20,12,13,9,11,12,9,-20,10,6,12,5,-20,12,-20,3,7,4,6,8,4,5,11,5,7,6,-20,-20,4,13,11,-20,7,12,9,7,8,7,11,3,11,-20,4,9,14,8,3,-20,8,3,12,4,4,-20,4,-20,3,-20,5,-20,7,8,7,6,11,-20,9,4,15,-20,11,8,6,8,5,6,16,10,6,10,10,32,12,7,13,9,7,6,5,15,-20,9,7,3,7,8,4,9,19,-20,2,11,13,-20,7,-20,9,8,-20,4,-20,7,6,-20,-20,6,20,-20,9,-20,13,-20,3,3,6,13,7,3,4,11,5,5,5,5,4,11,8,5,4,5,-20,8,5,9,11,-20,-20,4,-20,7,9,-20,4,15,4,8,4,6,4,3,5,5,17,-20,-20,7,8,3,8,9,12,-20,11,-20,-20,3,5,5,9,17,3,7,11,6,-20,-20,12,42,33,13,33,-20,27,25,25,46,49,27,23,39,66,50,56,40,59
"chr1,12035138",-20,-20,-20,10,5,-20,5,10,4,4,-20,-20,-20,-20,-20,-20,-20,-20,-20,-20,55,6,-20,-20,-20,-20,-20,-20,-20,-20,7,-20,12,17,-20,-20,-20,-20,-20,6,-20,-20,-20,14,10,-20,14,56,13,23,18,26,47,-20,-20,21,53,47,-20,-20,-20,-20,-20,-20,-20,-20,-20,-20,-20,-20,-20,-20,14,-20,-20,-20,-20,-20,6,10,5,-20,-20,-20,11,-20,-20,-20,-20,-20,-20,-20,-20,-20,-20,-20,11,-20,4,-20,-20,-20,-20,-20,-20,-20,-20,-20,-20,9,-20,-20,32,-20,-20,6,57,11,6,4,6,5,8,5,-20,6,3,45,-20,5,-20,6,3,-20,-20,-20,-20,-20,3,4,-20,-20,8,7,-20,7,10,51,-20,3,3,11,10,22,35,15,8,7,-20,-20,-20,3,3,7,3,-20,-20,7,12,-20,-20,52,20,35,8,18,40,6,7,74,12,11,-20,4,12,4,11,24,8,12,11,11,-20,-20,-20,-20,6,7,28,8,6,20,28,22,11,-20,21,47,13,38,44,26,27,16,16,-20,41,8,14,18,15,18,19,38,19,11,19,11,35,39,26,34,56,17,12,21,10,15,11,12,19,17,13,15,8,33,16,20,23,32,20,20,11,-20,-20,19,9,21,29,20,11,17,13,9,-20,21,23,11,-20,29,21,21,-20,38,-20,-20,43,47,28,66,12,7,-20,32,5,-20,5,-20,6,7,8,-20,7,-20,-20,24,56,7,8,4,26,9,7,3,11,-20,-20,4,-20,-20,-20,-20,-20,54,7,10,-20,5,33,59,14,-20,16,24,13,11,2,10,12,30,12,26,6,-20,-20,-20,9,30,107,20,11,-20,-20,15,-20,15,8,14,22,12,-20,3,-20,11,5,19,11,16,12,11,11,-20,15,7,9,-20,15,5,9,10,11,7,5,49,-20,-20,12,57,-20,17,12,11,-20,6,8,-20,19,19,13,19,-20,12,6,8,12,6,7,-20,64,11,9,-20,7,28,16,16,15,21,10,10,8,6,4,17,-20,6,-20,-20,4,7,6,14,8,11,14,23,19,6,15,26,13,9,108,19,26,12,4,8,7,5,-20,-20,6,8,6,-20,12,10,13,14,39,28,5,-20,7,4,-20,7,6,8,-20,21,11,17,-20,6,3,9,14,12,-20,9,13,6,15,10,12,-20,-20,-20,17,28,-20,-20,3,19,-20,9,4,22,11,-20,19,18,-20,34,5,19,-20,9,6,7,12,-20,-20,12,24,-20,-20,-20,11,29,-20,-20,-20,-20,46,-20,7,-20,-20,5,12,-20,-20,-20,7,51,3,15,-20,16,6,-20,25,9,13,10,17,9,12,13,18,13,-20,-20,6,-20,11,8,24,-20,13,11,15,7,14,11,35,6,13,24,32,12,-20,4,-20,6,94,-20,-20,7,-20,19,4,9,7,17,31,-20,24,-20,-20,-20,-20,-20,10,36,10,22,10,5,19,4,11,11,11,18,21,18,3,-20,-20,24,-20,-20,8,37,5,-20,6,9,29,13,6,16,15,17,12,6,-20,-20,-20,-20,74,35,42,37,37,27,32,19,34,62,-20,32,45,19,17,20,59,53,15,4,-20,23,78,11,8,11,-20,10,50,19,-20,28,-20,39,20,23,-20,21,15,52,25,16,29,18,-20,-20,8,16,-20,17,-20,-20,-20,-20,6,-20,10,8,9,12,10,16,6,12,10,11,4,11,12,-20,21,13,-20,9,13,16,17,13,-20,11,-20,8,11,19,7,-20,-20,15,9,16,10,-20,12,2,14,11,12,11,6,8,8,-20,-20,12,10,14,19,7,15,-20,14,10,5,11,14,-20,13,6,15,5,6,11,-20,12,13,11,12,12,4,-20,13,5,19,14,19,12,-20,6,10,7,9,10,4,7,4,18,-20,11,-20,8,7,6,7,11,10,-20,10,7,12,3,-20,9,9,14,7,4,10,4,11,3,7,11,5,-20,4,-20,9,-20,13,4,11,5,-20,7,-20,6,9,12,10,7,13,9,11,10,8,13,19,10,9,10,-20,-20,-20,-20,-20,15,13,-20,7,-20,-20,10,-20,-20,15,5,9,6,16,5,17,18,-20,-20,12,7,-20,12,13,9,-20,5,-20,-20,-20,5,10,7,7,5,15,-20,9,7,10,3,11,-20,16,23,5,-20,7,-20,10,-20,5,5,12,7,9,8,8,16,8,-20,5,-20,13,-20,8,87,13,14,9,12,-20,-20,12,15,-20,13,11,13,12,17,-20,23,12,18,5,8,10,24,4,8,-20,13,16,12,22,10,18,20,8,9,-20,11,13,9,10,12,9,-20,10,6,12,5,-20,10,-20,3,7,4,6,8,4,5,11,5,7,6,-20,-20,4,13,11,-20,7,10,9,7,8,7,11,3,10,-20,4,10,14,8,-20,7,8,3,11,3,3,-20,4,-20,3,-20,-20,-20,7,8,7,6,10,-20,9,3,15,-20,11,9,6,8,5,5,15,11,5,-20,9,34,12,6,13,8,7,6,5,15,-20,9,7,3,7,8,4,9,19,-20,-20,11,13,-20,6,-20,9,8,-20,4,-20,-20,3,-20,-20,6,22,-20,9,-20,13,-20,3,-20,7,-20,6,3,5,-20,5,7,5,5,4,11,-20,4,4,-20,-20,7,5,8,8,-20,7,4,-20,9,-20,-20,5,14,5,8,4,6,4,4,5,5,17,5,-20,5,8,3,10,9,11,-20,13,3,-20,4,5,6,9,18,4,8,11,5,9,-20,11,43,33,13,32,-20,27,24,25,47,49,27,23,39,66,50,57,42,60
"chr1,12035146",-20,-20,-20,10,5,-20,4,6,3,4,-20,-20,-20,-20,-20,-20,-20,-20,-20,-20,54,6,-20,-20,-20,-20,-20,-20,-20,-20,8,-20,11,15,-20,-20,-20,-20,-20,5,-20,-20,-20,14,10,-20,14,59,16,25,16,30,47,-20,-20,21,50,48,-20,-20,-20,-20,-20,-20,-20,-20,-20,-20,-20,-20,-20,-20,15,-20,-20,-20,-20,-20,6,10,5,-20,-20,-20,11,-20,-20,-20,-20,-20,-20,-20,-20,-20,-20,-20,6,-20,5,-20,-20,-20,-20,-20,-20,-20,-20,-20,-20,10,-20,-20,31,-20,-20,6,56,8,6,-20,5,4,8,5,-20,6,3,45,6,4,-20,6,3,-20,-20,-20,-20,-20,-20,4,-20,-20,8,5,39,5,9,52,-20,3,3,10,11,-20,36,16,-20,8,-20,-20,-20,3,2,6,-20,-20,-20,6,11,-20,-20,52,19,32,8,15,42,6,8,71,13,11,-20,5,10,-20,11,23,9,12,9,12,-20,-20,-20,-20,6,6,27,7,6,20,26,23,14,-20,22,43,10,37,44,27,27,16,17,-20,44,12,14,18,16,21,19,37,20,11,17,12,33,41,25,37,54,20,13,17,10,15,14,14,20,19,12,13,7,34,17,20,17,32,23,19,13,-20,-20,21,9,19,23,24,12,17,19,10,-20,21,22,12,-20,30,21,25,-20,40,-20,-20,45,54,26,68,12,-20,-20,32,4,-20,4,-20,7,8,7,15,-20,-20,41,19,48,4,6,3,27,8,6,3,11,-20,-20,4,-20,-20,-20,-20,-20,54,6,11,3,4,31,70,13,15,16,26,13,10,-20,10,10,33,13,28,7,9,-20,-20,10,31,104,22,10,-20,-20,15,-20,14,6,14,21,14,-20,-20,13,11,2,16,10,19,11,12,10,-20,17,7,8,-20,12,7,9,9,12,-20,5,45,-20,-20,12,58,-20,15,12,10,-20,-20,7,-20,19,19,-20,13,-20,14,7,8,11,6,8,7,61,11,-20,-20,8,-20,15,13,14,20,9,9,-20,6,3,18,-20,6,-20,6,4,7,6,14,8,13,14,22,-20,5,13,22,12,9,108,16,-20,11,4,10,6,6,3,-20,5,11,7,-20,10,7,13,13,41,26,4,-20,8,3,13,7,6,8,-20,-20,9,-20,-20,6,3,10,14,9,-20,9,13,-20,13,-20,13,-20,-20,-20,17,-20,-20,-20,3,19,-20,8,5,18,11,-20,19,-20,-20,-20,5,21,-20,11,6,8,12,-20,-20,12,28,-20,-20,-20,11,-20,-20,-20,-20,-20,49,-20,6,-20,-20,3,10,-20,-20,-20,5,47,-20,15,-20,17,5,-20,28,8,13,9,19,9,12,11,18,10,-20,-20,7,6,10,-20,-20,4,9,12,17,7,12,11,31,-20,13,26,30,12,-20,-20,-20,6,92,-20,-20,8,-20,21,3,10,7,17,30,26,24,-20,-20,-20,-20,-20,12,30,10,22,10,-20,16,5,11,11,9,17,22,15,3,-20,-20,21,-20,-20,7,36,4,-20,7,-20,27,12,6,15,12,15,11,6,-20,-20,-20,-20,71,34,41,37,37,28,36,19,33,60,-20,33,49,18,11,19,60,54,17,4,-20,26,91,11,-20,11,5,11,48,15,16,31,-20,40,19,26,-20,25,13,47,25,17,30,16,10,-20,8,15,12,19,-20,-20,-20,-20,5,9,10,7,9,8,8,14,6,12,10,10,4,11,12,-20,19,10,-20,6,12,14,14,13,-20,11,-20,6,10,15,7,-20,-20,11,9,15,8,-20,9,3,14,9,11,12,5,9,7,-20,5,13,-20,13,19,6,14,7,12,9,5,10,12,-20,12,6,12,6,6,10,-20,12,12,11,10,13,4,3,11,5,17,14,19,11,5,7,10,7,10,9,4,7,4,14,-20,10,3,9,7,8,6,9,10,-20,10,6,9,-20,-20,9,7,14,6,4,9,5,9,3,8,10,3,-20,4,2,7,-20,13,4,9,5,8,5,-20,6,9,10,10,8,11,8,7,-20,8,-20,19,9,10,9,-20,-20,-20,-20,-20,14,11,-20,7,-20,-20,10,-20,-20,15,4,10,-20,14,6,16,18,-20,-20,13,7,6,11,13,9,11,-20,-20,-20,-20,5,9,7,-20,4,13,-20,10,-20,10,-20,12,-20,16,21,6,-20,-20,-20,10,8,4,5,9,6,8,7,7,14,8,-20,5,-20,-20,-20,7,89,10,14,8,9,-20,-20,11,11,-20,14,9,12,14,15,-20,22,12,14,5,5,10,20,4,7,-20,13,12,12,21,8,18,22,8,10,-20,11,13,10,8,12,9,-20,8,6,12,-20,-20,8,-20,4,3,5,7,5,4,5,11,5,8,5,-20,-20,4,12,11,-20,6,11,8,5,6,8,10,-20,10,-20,4,10,13,8,5,8,7,4,-20,4,3,-20,3,-20,3,-20,-20,-20,6,9,5,6,9,6,9,3,15,-20,13,8,5,7,5,5,14,11,3,-20,9,33,12,6,12,8,6,6,4,14,-20,-20,5,2,-20,5,4,-20,-20,-20,-20,-20,11,-20,6,-20,9,7,-20,3,-20,8,3,-20,-20,-20,23,-20,5,-20,14,-20,3,-20,-20,-20,-20,-20,4,-20,4,-20,-20,-20,-20,-20,-20,-20,-20,-20,-20,-20,-20,-20,-20,-20,-20,4,-20,-20,-20,-20,-20,-20,-20,-20,-20,4,-20,-20,-20,-20,16,4,-20,5,-20,3,12,6,-20,-20,10,-20,-20,-20,5,-20,-20,-20,-20,-20,-20,-20,-20,-20,11,43,31,13,31,-20,26,28,25,47,51,36,23,55,62,50,55,46,61
"chr1,12035147",-20,-20,-20,10,5,-20,4,6,3,4,-20,-20,-20,-20,-20,-20,-20,-20,-20,-20,55,6,-20,-20,-20,-20,-20,-20,-20,-20,8,-20,12,15,-20,-20,-20,-20,-20,5,-20,-20,-20,14,10,-20,15,61,16,25,16,30,48,-20,-20,21,46,49,-20,-20,-20,-20,-20,-20,-20,-20,-20,-20,-20,-20,-20,-20,15,-20,-20,-20,-20,-20,6,10,5,-20,-20,-20,11,-20,-20,-20,-20,-20,-20,-20,-20,-20,-20,-20,5,-20,-20,-20,-20,-20,-20,-20,-20,-20,-20,-20,-20,10,-20,-20,26,-20,-20,6,61,8,6,-20,5,4,9,5,-20,6,3,45,6,4,-20,6,3,-20,-20,-20,-20,-20,-20,4,-20,-20,8,5,40,5,9,52,-20,3,3,10,11,23,35,16,7,8,-20,-20,-20,3,2,6,-20,-20,-20,6,11,-20,-20,54,19,32,8,15,42,6,8,79,14,11,-20,6,10,4,11,23,9,12,9,12,-20,-20,-20,-20,6,6,27,7,8,22,26,23,14,-20,20,42,11,36,45,27,27,16,18,-20,46,11,13,18,16,21,20,37,21,11,16,13,31,41,24,37,55,20,14,16,9,16,14,14,21,19,12,13,7,36,17,20,16,32,23,21,14,-20,-20,22,8,20,25,23,13,17,19,10,-20,21,21,13,-20,26,21,25,-20,40,-20,-20,45,56,27,67,12,9,-20,33,4,-20,4,3,7,10,8,15,6,-20,41,21,48,4,5,3,27,8,6,-20,11,-20,-20,4,-20,-20,-20,-20,-20,56,6,11,3,4,31,69,13,16,16,24,13,10,-20,10,10,35,11,26,7,9,-20,-20,11,31,110,21,11,-20,-20,15,7,14,6,14,21,15,10,-20,13,10,2,16,11,19,11,12,9,-20,18,7,8,-20,12,7,9,9,12,-20,5,45,12,-20,11,59,-20,17,12,11,-20,8,7,-20,20,20,15,14,-20,15,6,8,10,6,8,7,62,11,10,-20,8,31,14,13,14,21,9,9,10,6,3,18,-20,6,-20,6,4,6,6,14,8,13,14,22,21,5,13,22,13,9,107,17,27,11,4,10,6,6,3,-20,5,11,7,-20,10,7,13,13,40,26,4,-20,7,3,14,7,6,9,-20,20,9,17,27,6,3,10,15,7,-20,9,13,6,13,10,14,-20,-20,-20,17,24,-20,-20,3,19,7,8,5,19,11,-20,19,19,-20,28,5,21,-20,11,6,8,12,-20,-20,12,27,-20,-20,-20,11,30,-20,-20,-20,-20,50,-20,6,-20,-20,3,-20,-20,-20,-20,5,47,5,15,-20,17,-20,-20,29,8,13,9,19,9,12,11,18,10,-20,-20,7,6,10,9,25,4,9,12,17,7,12,11,29,7,13,26,30,12,-20,-20,-20,6,91,-20,-20,8,-20,21,4,10,7,16,30,25,23,-20,-20,-20,-20,-20,14,32,10,22,-20,6,16,5,11,11,9,16,22,15,3,-20,-20,21,-20,-20,7,36,4,5,7,8,27,12,6,16,13,15,11,6,-20,-20,-20,-20,71,35,45,38,40,27,37,18,31,61,-20,33,47,19,11,21,62,54,17,4,-20,26,90,13,9,12,5,13,49,16,16,31,-20,41,19,26,-20,25,14,46,25,17,30,16,10,-20,8,17,11,19,8,-20,-20,-20,5,9,10,7,9,8,8,14,6,12,13,10,4,11,12,-20,19,10,-20,6,12,14,15,13,9,11,-20,6,9,15,7,-20,-20,11,9,14,7,-20,-20,3,14,9,11,12,5,8,7,-20,5,13,9,13,19,6,16,6,14,9,5,11,10,-20,12,6,12,6,6,11,-20,13,12,10,10,13,4,3,-20,5,17,14,18,11,-20,7,10,7,10,9,4,7,4,14,-20,10,3,9,7,8,6,9,10,-20,10,6,9,-20,-20,8,7,14,6,4,9,5,9,3,8,11,3,-20,4,-20,7,-20,12,4,10,5,-20,5,-20,6,9,10,10,8,11,8,7,10,8,9,19,9,10,9,-20,-20,-20,-20,-20,14,11,-20,7,-20,-20,10,-20,-20,15,4,10,-20,14,6,16,17,-20,-20,13,7,6,11,13,9,11,3,-20,-20,-20,5,9,7,7,4,13,-20,10,8,10,3,12,-20,15,21,6,-20,8,-20,10,8,4,5,9,6,8,7,7,14,8,-20,6,-20,15,-20,7,90,11,14,8,9,-20,-20,11,11,-20,14,9,12,13,15,-20,22,12,15,5,5,10,20,4,7,-20,13,12,14,21,8,18,22,8,10,-20,11,13,9,-20,12,9,-20,8,6,-20,5,-20,8,-20,4,3,5,7,5,4,5,11,5,8,6,-20,-20,4,12,11,-20,7,11,8,5,6,8,10,-20,-20,-20,5,10,14,8,5,8,7,4,8,4,3,-20,3,-20,3,-20,5,-20,6,9,5,6,9,6,9,3,15,-20,13,8,5,7,5,5,14,11,3,9,9,34,13,6,11,8,6,6,4,14,-20,9,5,2,7,5,4,9,20,-20,-20,10,11,-20,6,-20,9,7,-20,3,-20,8,3,-20,-20,-20,23,-20,6,-20,15,-20,3,-20,9,8,6,3,4,6,4,7,7,4,-20,-20,8,4,-20,5,-20,8,4,8,8,-20,7,4,-20,11,8,6,5,14,4,9,4,4,-20,9,4,-20,17,4,-20,7,8,3,11,7,9,-20,12,5,-20,7,4,-20,7,16,-20,8,11,3,12,-20,11,43,28,14,31,-20,26,28,25,51,50,36,23,57,63,51,55,46,61
"chr1,12035150",-20,-20,-20,10,6,-20,5,6,3,4,-20,-20,-20,-20,-20,-20,-20,-20,-20,-20,55,6,-20,-20,-20,-20,-20,-20,-20,-20,8,-20,12,16,-20,-20,-20,-20,-20,5,-20,-20,-20,14,10,-20,15,59,16,24,18,30,47,-20,-20,21,46,49,-20,-20,-20,-20,-20,-20,-20,-20,-20,-20,-20,-20,-20,-20,15,-20,-20,-20,-20,-20,6,10,5,-20,-20,-20,10,-20,-20,-20,-20,-20,-20,-20,-20,-20,-20,-20,5,-20,6,-20,-20,-20,-20,-20,-20,-20,-20,-20,-20,10,-20,-20,26,-20,-20,7,60,8,6,-20,6,5,9,5,-20,6,3,44,6,4,-20,6,3,-20,-20,-20,-20,-20,-20,4,-20,-20,8,5,43,5,9,54,-20,3,-20,10,14,23,38,16,7,8,-20,-20,-20,3,2,7,-20,-20,-20,6,10,-20,-20,54,18,25,8,16,41,6,8,74,15,10,-20,6,10,4,11,24,9,10,10,12,-20,-20,-20,-20,7,6,24,7,8,23,28,23,13,-20,18,44,11,39,45,28,28,15,19,-20,46,11,13,19,18,21,19,40,17,19,15,11,31,38,25,35,54,18,12,16,10,16,13,13,21,15,12,13,8,35,17,19,18,32,23,21,13,-20,-20,19,8,20,24,23,12,18,20,10,-20,20,22,12,-20,25,20,25,-20,40,-20,-20,43,59,27,68,10,10,-20,34,5,-20,4,5,7,10,7,15,8,-20,42,20,45,4,5,3,27,9,6,4,-20,-20,-20,4,-20,-20,-20,-20,-20,55,6,11,3,4,31,70,14,16,15,24,12,10,-20,11,10,37,11,24,7,9,-20,-20,12,31,109,25,11,-20,-20,15,9,13,5,12,20,15,11,-20,13,11,3,16,11,20,12,12,9,-20,19,7,8,-20,10,7,8,9,12,-20,-20,45,12,-20,10,57,-20,17,12,11,-20,-20,5,-20,17,16,15,15,-20,13,6,8,10,6,8,7,58,10,10,-20,8,32,13,13,14,20,8,8,10,6,3,18,-20,6,-20,7,4,5,6,16,8,13,14,20,22,5,13,22,13,9,105,18,25,11,4,10,6,6,-20,-20,5,11,7,-20,10,8,13,15,40,29,4,-20,7,3,15,7,-20,9,-20,20,9,16,28,6,3,10,15,7,-20,11,13,6,13,9,14,-20,-20,-20,16,23,-20,-20,3,18,8,10,5,20,11,-20,20,18,-20,24,5,22,-20,11,6,8,13,-20,-20,12,27,-20,-20,-20,12,28,-20,-20,-20,-20,51,-20,6,-20,-20,3,10,-20,-20,-20,6,45,5,14,-20,17,5,-20,28,7,14,9,20,9,12,11,21,10,-20,-20,7,6,10,10,24,-20,9,12,16,7,13,11,31,7,14,28,29,11,-20,3,-20,6,91,-20,-20,8,-20,22,4,11,7,18,30,27,23,-20,-20,-20,-20,-20,13,30,10,23,11,6,18,5,11,11,-20,17,22,17,3,-20,-20,20,-20,-20,7,36,4,5,7,9,28,13,6,16,13,15,11,6,-20,-20,-20,-20,75,36,44,41,40,28,39,18,32,63,30,31,48,19,12,22,62,55,17,4,-20,27,88,13,9,12,5,13,50,16,17,32,-20,40,18,25,-20,26,14,44,25,18,28,16,12,-20,8,17,11,19,8,-20,-20,-20,5,10,10,7,9,8,8,15,7,13,13,10,4,10,13,-20,20,12,-20,6,12,14,15,13,9,11,-20,6,9,15,9,-20,-20,11,9,13,8,-20,9,3,14,9,13,13,6,8,6,-20,5,14,9,13,19,6,15,6,14,8,5,11,9,-20,13,6,14,6,6,10,-20,13,13,12,10,12,4,4,10,6,16,16,18,11,5,7,10,7,11,9,4,8,4,15,-20,12,3,9,7,9,6,9,10,-20,10,6,9,-20,-20,7,7,14,6,4,9,5,10,3,8,11,3,-20,4,2,8,3,14,4,10,5,8,4,-20,-20,10,10,10,9,11,8,6,10,8,8,20,9,10,10,-20,-20,-20,-20,-20,14,11,-20,8,-20,-20,10,-20,-20,16,4,10,-20,14,6,16,17,-20,-20,14,8,7,10,13,12,11,3,-20,-20,-20,6,10,7,7,4,15,-20,12,8,10,4,12,-20,17,21,6,-20,8,-20,10,9,4,5,9,7,8,7,5,15,9,-20,5,-20,15,-20,7,89,11,14,9,10,-20,-20,11,12,-20,14,10,12,15,15,-20,22,12,15,6,5,10,22,4,7,-20,13,12,16,23,8,20,22,8,11,-20,11,13,9,9,11,10,-20,8,6,12,5,-20,8,-20,4,3,5,7,7,4,5,11,6,8,6,-20,-20,4,14,11,-20,7,10,8,5,6,8,11,-20,10,-20,5,11,12,8,5,10,7,5,9,3,3,-20,3,-20,3,-20,6,-20,7,8,5,6,9,7,9,3,15,-20,13,9,5,10,5,5,18,12,4,9,9,35,13,7,12,8,8,6,5,15,-20,9,6,2,7,5,4,9,22,-20,-20,10,11,-20,7,-20,9,7,-20,4,-20,8,3,-20,-20,-20,24,-20,-20,8,15,-20,3,5,10,7,7,3,5,5,5,7,8,-20,-20,7,7,-20,5,5,-20,7,2,8,5,-20,7,4,-20,12,10,7,6,16,4,10,4,5,5,9,4,-20,15,4,-20,-20,9,2,12,6,-20,-20,12,5,-20,9,5,4,5,13,3,8,9,-20,11,-20,11,43,30,14,30,-20,27,26,26,51,51,36,19,59,63,49,57,47,61
"chr1,12035151",-20,-20,-20,9,6,-20,5,6,3,4,-20,-20,-20,-20,-20,-20,-20,-20,-20,-20,55,6,-20,-20,-20,-20,-20,-20,-20,-20,8,-20,11,16,-20,-20,-20,-20,-20,5,-20,-20,-20,14,10,-20,15,60,16,24,15,32,47,-20,-20,21,46,47,-20,-20,-20,-20,-20,-20,-20,-20,-20,-20,-20,-20,-20,-20,16,-20,-20,-20,-20,-20,6,10,5,-20,-20,-20,10,-20,-20,-20,-20,-20,-20,-20,-20,-20,-20,-20,5,-20,6,-20,-20,-20,-20,-20,-20,-20,-20,-20,-20,-20,-20,-20,25,-20,-20,7,61,8,6,3,7,5,9,6,-20,6,3,44,6,4,-20,6,4,-20,-20,-20,-20,-20,-20,4,-20,-20,8,6,42,5,9,55,-20,3,-20,10,14,23,39,16,7,8,-20,-20,-20,3,2,7,-20,-20,-20,6,10,-20,-20,54,19,25,8,16,41,6,8,74,15,10,-20,6,9,4,12,26,9,9,10,11,-20,-20,-20,-20,8,6,24,7,8,23,27,22,14,-20,18,45,11,40,44,27,28,15,19,-20,46,11,13,19,18,20,18,40,17,19,13,11,29,38,25,35,54,18,13,16,10,16,13,13,20,18,12,14,8,35,16,19,16,32,23,22,13,-20,-20,20,8,21,26,22,13,18,20,10,-20,21,21,12,-20,25,21,25,-20,40,-20,-20,44,58,30,61,12,10,-20,34,5,-20,4,5,7,10,7,16,10,-20,45,20,44,4,5,3,26,9,6,4,-20,-20,-20,4,-20,-20,-20,-20,-20,54,6,11,3,3,31,70,14,15,15,23,13,10,-20,9,10,37,11,26,7,9,-20,-20,12,30,110,25,12,-20,-20,15,-20,13,-20,11,20,16,11,-20,13,11,3,16,13,20,12,12,9,-20,19,7,8,-20,10,7,8,9,12,-20,-20,45,12,-20,10,55,-20,17,11,11,-20,-20,5,-20,17,18,15,16,-20,13,6,8,10,6,8,7,59,9,10,-20,7,32,13,13,14,20,8,7,10,6,3,18,-20,6,-20,7,4,6,6,16,8,13,14,21,22,6,13,22,13,9,105,18,24,12,4,11,6,6,4,-20,5,10,7,-20,10,8,13,15,40,28,4,-20,8,-20,15,7,-20,9,-20,18,8,15,27,6,3,10,15,7,-20,12,13,6,13,8,14,-20,-20,-20,15,24,-20,-20,3,18,8,10,5,20,11,-20,20,17,-20,22,5,22,-20,11,6,8,13,-20,-20,13,28,-20,-20,-20,13,28,-20,-20,-20,-20,51,-20,6,-20,-20,3,10,-20,-20,-20,6,45,5,14,-20,17,5,-20,28,7,14,9,20,9,11,11,19,10,-20,-20,7,6,10,12,24,-20,9,12,15,7,13,10,31,7,14,29,29,10,-20,3,-20,6,90,-20,-20,8,-20,22,5,11,7,18,30,26,23,-20,-20,-20,-20,-20,13,30,10,23,11,6,17,4,11,9,-20,17,22,17,-20,-20,-20,21,-20,-20,8,36,4,5,7,9,29,13,7,16,12,16,11,6,-20,-20,-20,-20,77,37,44,41,39,28,39,19,33,62,30,31,47,21,12,22,64,53,17,4,-20,26,90,13,8,12,5,14,50,16,18,31,-20,40,19,25,-20,26,16,45,26,18,29,15,13,-20,10,18,11,19,8,-20,-20,-20,5,10,11,9,11,8,8,15,7,13,13,10,4,10,13,-20,19,12,3,7,12,15,16,14,9,11,-20,6,9,15,9,-20,-20,11,9,14,8,-20,10,3,14,9,13,13,7,8,6,-20,5,14,9,13,20,6,15,6,14,7,5,11,9,-20,13,6,15,6,6,10,-20,13,14,12,10,12,5,4,11,6,16,16,18,11,5,7,10,8,10,9,5,8,4,16,-20,11,4,11,7,9,6,9,10,-20,10,6,9,-20,-20,7,7,15,6,4,9,5,10,3,9,11,3,-20,4,2,8,4,14,4,10,5,8,3,-20,6,10,10,10,9,11,8,6,10,8,8,20,9,11,10,-20,-20,-20,-20,-20,15,11,-20,8,-20,-20,10,-20,-20,16,5,10,3,15,6,17,17,-20,-20,13,8,7,10,13,12,11,3,-20,-20,-20,6,9,7,9,4,15,-20,12,8,9,4,12,-20,17,23,6,-20,8,-20,10,10,4,5,9,7,9,8,5,15,9,-20,5,-20,15,-20,8,90,11,14,9,10,-20,-20,11,14,-20,14,10,12,16,15,-20,23,12,15,6,6,10,23,4,7,-20,14,12,17,23,7,20,22,8,10,-20,11,13,9,9,12,9,-20,8,6,12,5,-20,8,-20,4,3,5,8,6,5,5,11,6,8,6,-20,-20,4,14,11,-20,7,10,9,5,6,8,11,-20,10,-20,5,13,12,8,5,10,8,-20,9,3,3,-20,3,-20,3,-20,6,-20,7,8,6,6,9,7,9,4,14,-20,14,9,5,10,5,6,19,11,4,9,10,34,13,7,13,9,8,6,5,15,-20,9,6,2,7,5,4,9,22,-20,-20,10,12,-20,7,-20,9,9,-20,5,-20,8,3,-20,-20,-20,26,-20,6,10,13,-20,3,4,10,7,7,3,4,7,6,4,9,4,-20,7,6,4,-20,5,-20,6,2,8,6,-20,7,4,-20,10,10,5,6,16,3,8,4,5,5,9,4,-20,16,3,-20,11,8,3,12,8,5,-20,12,4,-20,7,5,3,4,13,3,10,8,-20,11,-20,11,43,28,14,31,-20,26,27,26,52,51,36,19,62,59,49,57,47,60
"chr1,12035152",-20,-20,-20,9,6,-20,5,6,3,4,-20,-20,-20,-20,-20,-20,-20,-20,-20,-20,55,5,-20,-20,-20,-20,-20,-20,-20,-20,8,-20,12,15,-20,-20,-20,-20,-20,5,-20,-20,-20,14,10,-20,14,59,16,24,15,32,48,-20,-20,21,46,50,-20,-20,-20,-20,-20,-20,-20,-20,-20,-20,-20,-20,-20,-20,20,-20,-20,-20,-20,-20,7,10,5,-20,-20,-20,10,-20,-20,-20,-20,-20,-20,-20,-20,-20,-20,-20,5,-20,6,-20,-20,-20,-20,-20,-20,-20,-20,-20,-20,-20,-20,-20,25,-20,-20,7,58,8,6,3,6,5,9,5,-20,6,3,44,6,4,-20,-20,4,-20,-20,-20,-20,-20,-20,3,-20,-20,8,6,43,4,9,56,-20,3,-20,10,14,23,39,15,7,8,-20,-20,-20,3,2,8,-20,-20,-20,6,10,-20,-20,51,19,25,8,17,41,7,8,74,15,10,-20,6,8,4,12,26,9,9,10,11,-20,-20,-20,-20,8,6,24,8,8,22,27,22,14,-20,17,45,10,41,43,27,28,15,18,-20,46,11,13,18,18,20,16,40,17,24,13,11,30,38,25,34,54,18,13,16,10,15,15,13,20,18,12,11,8,34,15,19,16,30,22,23,12,-20,-20,20,8,19,24,22,16,18,19,10,-20,21,21,13,-20,25,20,25,-20,40,-20,-20,44,55,29,62,12,11,-20,33,5,-20,5,5,-20,10,7,17,10,-20,47,20,42,4,5,3,28,9,6,4,11,-20,-20,4,-20,-20,-20,-20,-20,54,6,11,3,3,30,70,14,16,15,23,13,10,-20,9,10,36,11,27,7,9,-20,-20,12,31,107,25,12,-20,-20,15,9,13,5,11,20,16,-20,-20,13,11,3,16,13,19,12,12,9,-20,18,7,8,-20,10,7,8,9,12,-20,-20,45,12,-20,10,54,-20,17,12,10,-20,-20,5,-20,17,18,-20,16,-20,13,6,9,10,8,8,7,59,9,10,-20,7,-20,13,12,14,20,8,7,9,6,3,18,-20,6,-20,7,4,6,-20,16,8,13,15,21,22,6,13,21,13,10,104,18,24,12,5,11,6,6,4,-20,5,10,7,-20,11,8,13,15,41,27,4,-20,8,-20,15,7,-20,9,-20,16,-20,-20,26,6,3,10,15,7,-20,12,13,-20,13,-20,13,-20,-20,-20,15,21,-20,-20,3,19,8,10,5,19,11,-20,20,17,-20,20,5,22,-20,11,6,8,13,-20,-20,13,29,-20,-20,-20,13,28,-20,-20,-20,-20,51,-20,6,-20,-20,3,9,-20,-20,-20,6,45,5,14,-20,17,4,-20,29,6,14,9,20,-20,11,11,19,9,-20,-20,7,6,10,11,25,-20,9,12,14,8,13,11,31,7,13,27,29,10,-20,-20,-20,6,92,-20,-20,8,-20,21,5,11,7,18,30,27,23,-20,-20,-20,-20,-20,13,31,10,24,10,-20,18,4,11,9,10,17,20,17,-20,-20,-20,21,-20,-20,8,35,4,5,7,9,29,13,7,16,12,16,11,6,-20,-20,-20,-20,77,35,46,42,41,28,39,19,32,62,30,31,47,21,12,22,63,54,18,4,-20,26,90,13,-20,12,5,14,48,17,18,33,-20,42,19,28,-20,25,16,44,26,19,29,16,13,-20,10,-20,11,19,8,-20,-20,-20,5,10,11,9,10,8,7,14,6,13,13,10,4,10,13,-20,20,12,3,7,11,15,16,12,9,11,-20,5,9,15,9,-20,-20,11,8,14,8,-20,10,3,14,9,12,11,7,8,6,-20,5,14,9,13,20,6,15,5,14,7,4,10,9,-20,13,6,14,6,6,10,-20,13,14,12,10,11,5,4,11,6,17,15,17,11,5,7,8,8,10,9,5,7,4,16,-20,12,4,12,7,9,6,9,10,-20,10,6,9,-20,-20,7,7,15,6,4,9,5,10,3,9,11,3,-20,4,2,8,4,12,4,10,5,8,3,-20,6,10,10,9,9,-20,6,6,10,8,8,19,9,10,10,-20,-20,-20,-20,-20,14,11,-20,8,-20,-20,10,-20,-20,14,5,9,3,15,6,17,17,-20,-20,13,8,8,10,13,11,11,3,-20,-20,-20,7,-20,7,8,4,15,-20,11,8,9,4,12,-20,16,23,6,-20,8,-20,10,10,4,5,9,7,8,9,5,15,9,-20,5,-20,-20,-20,8,90,11,15,9,8,-20,-20,11,13,-20,13,10,12,15,15,-20,23,11,14,6,5,10,22,4,-20,-20,14,10,16,22,6,20,21,8,-20,-20,10,13,9,8,12,9,-20,8,6,11,5,-20,8,-20,4,3,5,8,6,5,5,11,6,8,6,-20,-20,4,13,10,-20,6,10,9,5,6,8,11,-20,9,-20,5,14,12,8,5,10,8,5,9,3,-20,-20,3,-20,3,-20,6,-20,7,8,6,6,9,7,9,4,13,-20,12,9,5,10,5,6,16,11,4,9,10,34,13,7,12,9,7,6,5,15,-20,8,6,2,7,5,4,-20,22,-20,-20,9,12,-20,7,-20,9,9,-20,-20,-20,8,3,-20,-20,-20,23,-20,6,-20,13,-20,2,4,9,7,-20,3,4,-20,6,5,-20,4,-20,-20,6,5,-20,5,-20,6,-20,-20,6,-20,8,4,-20,10,9,7,6,17,4,-20,4,-20,-20,8,4,5,15,4,-20,10,-20,3,10,5,5,-20,-20,-20,-20,-20,5,3,5,14,3,7,-20,-20,11,-20,12,43,31,14,31,-20,25,27,25,46,51,36,19,62,59,50,57,47,60
"chr1,12035153",-20,-20,-20,9,5,-20,5,6,3,4,-20,-20,-20,-20,-20,-20,-20,-20,-20,-20,55,5,-20,-20,-20,-20,-20,-20,-20,-20,8,-20,12,15,-20,-20,-20,-20,-20,5,-20,-20,-20,14,10,32,14,61,16,24,16,32,47,-20,-20,21,46,48,-20,-20,-20,-20,-20,-20,-20,-20,-20,-20,-20,-20,-20,-20,19,-20,-20,-20,-20,-20,7,10,5,-20,-20,-20,10,-20,-20,-20,-20,-20,-20,-20,-20,-20,-20,-20,5,-20,6,-20,-20,-20,-20,-20,-20,-20,-20,-20,-20,9,-20,-20,26,-20,-20,7,59,9,6,3,6,5,9,5,-20,6,4,47,6,4,-20,6,4,-20,-20,-20,-20,-20,-20,3,-20,-20,8,6,45,4,9,56,-20,3,-20,10,14,-20,39,15,5,8,-20,-20,-20,3,2,8,-20,-20,-20,6,10,-20,-20,49,19,25,8,19,40,7,8,66,15,10,-20,6,7,4,12,26,9,9,10,11,-20,-20,-20,-20,9,6,24,8,8,22,25,21,14,-20,18,45,10,40,42,27,29,15,18,-20,51,11,13,19,18,20,16,41,18,24,13,10,30,37,26,34,56,18,13,16,10,15,15,13,19,-20,12,14,8,35,15,17,18,31,22,20,13,-20,-20,19,8,19,23,22,15,17,20,10,-20,22,22,14,-20,25,21,25,-20,39,-20,-20,44,55,26,62,11,-20,-20,34,5,-20,6,5,-20,10,7,17,9,-20,47,18,43,4,5,3,29,9,6,4,11,-20,-20,4,-20,-20,-20,-20,-20,53,6,10,3,3,30,70,15,17,16,23,12,10,-20,9,-20,36,11,27,7,8,-20,-20,-20,31,101,25,11,-20,-20,15,-20,13,5,14,20,15,-20,-20,13,11,3,15,12,18,12,12,10,-20,18,7,8,-20,11,8,8,9,11,-20,-20,44,-20,-20,10,54,-20,17,12,-20,-20,-20,-20,-20,17,18,-20,15,-20,12,6,10,10,8,8,7,58,9,-20,-20,7,28,13,13,14,20,8,7,9,6,3,18,-20,6,-20,7,4,-20,6,16,9,13,15,20,-20,6,13,21,13,11,103,18,-20,13,6,11,6,6,4,-20,5,9,7,-20,11,7,13,15,42,26,4,-20,7,-20,15,7,-20,8,-20,-20,8,-20,-20,6,3,10,14,7,-20,12,14,-20,12,-20,13,-20,-20,-20,15,-20,-20,-20,3,20,-20,10,5,20,13,-20,20,-20,-20,20,5,22,-20,11,6,8,15,-20,-20,13,28,-20,-20,-20,13,-20,-20,-20,-20,-20,52,-20,6,-20,-20,3,9,-20,-20,-20,6,46,5,14,-20,17,4,-20,30,5,14,9,20,9,11,11,19,9,-20,-20,6,-20,11,-20,-20,-20,9,12,15,8,13,10,32,-20,13,27,29,10,-20,2,-20,6,92,-20,-20,7,-20,21,5,11,7,17,30,26,24,-20,-20,-20,-20,-20,13,32,10,24,11,-20,21,4,12,9,10,17,21,17,-20,-20,-20,20,-20,-20,8,35,4,-20,7,-20,29,12,7,15,12,16,12,6,-20,-20,-20,-20,77,37,42,41,41,28,39,19,32,61,28,31,48,20,12,19,64,54,19,4,-20,25,88,13,-20,11,5,14,47,16,19,33,-20,42,18,28,-20,25,16,44,26,19,29,14,13,-20,10,-20,11,19,-20,-20,-20,-20,5,10,11,9,10,8,7,14,6,13,12,10,4,10,13,-20,20,12,3,7,11,15,16,12,-20,10,-20,5,9,15,9,-20,-20,11,8,14,8,-20,10,3,14,9,13,12,7,8,6,-20,5,14,-20,13,19,6,-20,5,13,7,4,-20,10,-20,13,6,14,6,6,-20,-20,12,14,11,10,11,5,4,11,6,17,13,18,11,5,7,8,8,10,9,5,7,4,16,-20,12,4,12,7,9,6,9,10,-20,10,6,9,-20,3,7,7,15,6,4,9,5,10,3,9,10,3,-20,4,2,8,4,12,4,10,5,8,3,-20,6,10,10,9,9,11,6,6,-20,8,-20,19,9,10,10,-20,-20,-20,-20,-20,13,11,-20,8,-20,-20,10,-20,-20,14,5,9,3,14,6,17,17,-20,-20,-20,8,8,10,13,11,11,-20,-20,-20,-20,7,-20,7,-20,4,15,-20,11,-20,9,-20,12,-20,16,23,6,-20,-20,-20,10,12,4,5,10,7,8,9,5,15,9,-20,-20,-20,-20,-20,8,90,10,15,9,8,-20,-20,12,14,-20,-20,10,12,16,15,-20,23,11,15,6,5,11,22,4,7,-20,13,11,17,23,7,20,21,10,-20,-20,10,13,9,9,12,11,-20,8,6,11,-20,-20,8,-20,5,-20,5,8,6,5,5,11,6,8,6,-20,-20,4,13,9,-20,6,10,9,5,6,8,11,-20,8,-20,5,14,11,8,5,10,8,5,-20,3,2,-20,3,-20,3,-20,-20,-20,7,7,6,6,9,7,7,4,13,-20,12,8,5,10,5,6,16,11,4,-20,10,34,13,7,10,9,8,6,5,15,-20,-20,7,2,-20,5,4,-20,-20,-20,-20,-20,13,-20,7,-20,9,9,-20,5,-20,8,3,-20,-20,3,24,-20,6,-20,12,-20,4,-20,-20,-20,-20,3,4,-20,6,5,-20,-20,-20,8,-20,-20,-20,-20,-20,-20,-20,-20,-20,-20,-20,5,-20,-20,-20,-20,-20,-20,3,-20,-20,4,-20,7,-20,-20,16,4,-20,-20,-20,3,9,8,-20,-20,-20,-20,-20,-20,5,-20,5,-20,-20,-20,-20,-20,-20,-20,12,43,31,14,33,-20,25,26,25,47,53,36,19,62,59,49,56,46,61
"chr1,12035154",-20,-20,-20,9,6,-20,5,6,3,4,-20,-20,-20,-20,-20,-20,-20,-20,-20,-20,54,5,-20,-20,-20,-20,-20,-20,-20,-20,8,-20,12,15,-20,-20,-20,-20,-20,5,-20,-20,-20,15,10,32,14,61,15,24,16,32,49,-20,-20,20,44,49,-20,-20,-20,-20,-20,-20,-20,-20,-20,-20,-20,-20,-20,-20,20,-20,-20,-20,-20,-20,7,10,5,-20,-20,-20,10,-20,-20,-20,-20,-20,-20,-20,-20,-20,-20,-20,5,-20,6,-20,-20,-20,-20,-20,-20,-20,-20,-20,-20,9,-20,-20,26,-20,-20,7,58,9,6,3,6,5,9,5,-20,6,4,46,6,3,-20,6,4,-20,-20,-20,-20,-20,-20,3,-20,-20,8,6,46,3,9,57,-20,3,-20,9,13,-20,39,15,5,8,-20,-20,-20,3,-20,8,-20,-20,-20,6,10,-20,-20,49,20,25,8,20,40,7,8,66,15,8,-20,6,8,4,12,26,9,9,-20,10,-20,-20,-20,-20,10,6,25,8,8,23,25,22,14,-20,18,47,10,40,43,27,28,14,18,-20,51,11,13,19,18,20,16,41,18,24,13,9,29,36,26,33,54,18,14,16,10,15,15,13,20,17,12,14,8,35,15,17,16,31,22,20,13,-20,-20,19,7,19,23,23,15,17,20,11,-20,21,21,14,-20,25,21,25,-20,40,-20,-20,43,55,28,63,12,-20,-20,34,5,-20,6,5,-20,10,7,17,9,-20,47,18,44,4,5,3,28,9,6,4,11,-20,-20,4,-20,-20,-20,-20,-20,54,6,10,-20,4,30,70,15,17,15,23,12,10,-20,9,10,37,11,27,7,8,-20,-20,-20,29,98,25,11,-20,-20,15,-20,12,5,14,20,15,-20,-20,13,11,3,15,12,18,13,11,9,-20,18,7,8,-20,11,8,8,9,11,-20,-20,44,-20,-20,10,53,-20,17,12,-20,-20,-20,-20,-20,18,17,-20,15,-20,12,6,10,9,8,8,7,58,8,-20,-20,7,29,13,13,14,20,7,7,9,6,3,18,-20,6,-20,-20,4,6,6,16,9,13,15,19,-20,6,14,21,12,11,101,18,-20,13,6,10,6,6,4,-20,5,9,7,-20,10,7,13,15,41,26,4,-20,7,-20,15,7,-20,8,-20,-20,8,-20,-20,6,3,10,14,7,-20,12,14,-20,13,-20,13,-20,-20,-20,15,-20,-20,-20,3,20,-20,10,5,20,13,-20,20,-20,-20,21,5,22,-20,10,6,8,-20,-20,-20,13,27,-20,-20,-20,13,-20,-20,-20,-20,-20,52,-20,6,-20,-20,3,9,-20,-20,-20,6,45,5,14,-20,15,4,-20,30,5,13,9,20,8,11,11,20,9,-20,-20,6,-20,10,-20,-20,-20,9,12,-20,8,13,10,32,-20,13,26,29,10,-20,2,-20,6,94,-20,-20,7,-20,19,5,11,7,17,29,27,24,-20,-20,-20,-20,-20,14,32,10,24,11,-20,21,4,12,9,9,17,21,17,-20,-20,-20,20,-20,-20,8,33,4,-20,7,-20,29,13,7,16,12,16,12,6,-20,-20,-20,-20,78,37,-20,41,39,28,38,20,32,59,28,30,47,21,11,19,64,53,19,4,-20,26,88,12,-20,11,5,14,48,16,19,33,-20,42,19,28,-20,25,16,44,26,19,29,14,13,-20,10,-20,11,19,-20,-20,6,-20,5,-20,11,9,10,8,7,14,6,13,12,10,4,10,13,-20,20,12,3,7,11,15,16,12,-20,10,-20,5,9,14,9,-20,-20,11,8,14,8,-20,10,3,14,9,13,12,7,8,6,-20,5,14,-20,14,18,6,-20,5,13,7,4,-20,10,-20,13,6,14,6,6,-20,-20,12,14,11,10,11,5,4,11,6,17,13,18,11,4,7,8,8,10,9,5,7,4,16,-20,12,4,13,5,9,6,9,10,-20,9,6,9,-20,3,7,7,16,5,4,9,5,10,3,9,10,3,-20,4,2,8,4,12,5,10,5,8,3,-20,6,10,10,9,10,11,6,6,-20,8,-20,17,9,10,10,-20,-20,-20,-20,-20,14,10,-20,8,-20,-20,10,-20,-20,12,5,9,3,14,6,17,16,-20,-20,13,8,8,10,13,11,11,-20,-20,-20,-20,7,8,7,-20,4,15,-20,10,-20,9,-20,12,-20,16,22,6,-20,-20,-20,10,11,4,5,10,7,8,9,5,15,9,-20,-20,-20,-20,-20,7,93,10,14,9,8,-20,-20,12,14,-20,14,10,12,16,15,-20,24,11,14,6,6,11,22,4,7,-20,14,11,17,23,7,20,21,10,-20,-20,10,13,9,9,11,11,-20,8,6,11,-20,-20,8,-20,5,3,5,8,6,5,5,11,6,8,6,-20,-20,4,13,9,-20,6,11,9,5,6,8,11,-20,8,-20,5,14,-20,8,5,10,8,5,-20,3,-20,-20,3,-20,3,-20,-20,-20,7,7,6,6,9,7,7,4,13,-20,11,8,5,10,5,6,16,11,4,-20,10,34,12,7,9,9,8,6,5,15,-20,-20,7,2,-20,5,4,-20,22,-20,-20,-20,13,-20,7,-20,9,9,-20,5,-20,8,3,-20,-20,3,24,-20,6,-20,13,-20,4,-20,-20,-20,-20,3,4,-20,5,5,-20,-20,-20,-20,-20,-20,-20,-20,-20,-20,-20,-20,-20,-20,-20,5,-20,-20,-20,-20,-20,-20,4,-20,-20,-20,-20,-20,-20,-20,15,4,-20,-20,-20,3,9,8,-20,-20,-20,-20,-20,-20,5,-20,5,-20,3,-20,-20,-20,-20,-20,12,43,30,14,34,-20,25,25,24,47,54,28,19,61,59,47,57,48,62
"chr1,12035156",-20,-20,-20,7,6,-20,5,5,3,4,-20,-20,-20,-20,-20,-20,-20,-20,-20,-20,54,5,-20,-20,-20,-20,-20,-20,-20,-20,8,-20,13,15,-20,-20,-20,-20,-20,4,-20,-20,-20,15,10,34,16,63,16,25,14,31,52,-20,-20,21,46,46,-20,-20,-20,-20,-20,-20,-20,-20,-20,-20,-20,-20,-20,-20,20,-20,-20,-20,-20,-20,7,10,5,-20,-20,-20,9,-20,-20,-20,-20,-20,-20,-20,-20,-20,-20,-20,5,-20,6,-20,-20,-20,-20,-20,-20,-20,-20,-20,-20,8,-20,-20,26,-20,-20,6,63,9,6,3,7,5,8,5,-20,6,4,42,6,3,-20,6,4,-20,-20,-20,-20,-20,-20,3,-20,-20,8,6,46,3,9,56,-20,-20,-20,10,13,21,43,15,-20,8,-20,-20,-20,3,-20,8,-20,-20,-20,6,10,-20,-20,53,20,25,8,23,40,7,6,73,14,8,-20,5,8,4,12,25,9,10,10,8,-20,-20,-20,-20,9,6,23,8,8,24,29,22,16,-20,18,46,11,41,46,27,28,16,19,-20,50,11,14,19,18,19,16,40,20,23,13,9,29,36,26,35,56,18,14,16,9,15,15,11,21,18,12,16,8,35,15,17,16,30,23,22,12,-20,-20,19,7,20,26,23,15,16,20,12,-20,22,21,14,-20,26,21,25,-20,40,-20,-20,44,54,34,63,12,9,-20,34,6,-20,6,5,-20,13,9,19,8,-20,47,19,42,4,5,3,27,9,6,4,12,-20,-20,-20,-20,-20,-20,-20,-20,56,5,10,3,4,29,72,13,18,16,23,11,10,-20,9,11,35,11,27,7,8,-20,-20,11,28,105,26,12,-20,-20,14,9,12,5,13,20,17,11,-20,14,11,3,15,13,18,14,12,8,-20,18,6,8,-20,11,8,8,9,11,-20,-20,44,12,-20,12,51,-20,-20,13,10,-20,-20,-20,-20,18,16,15,19,-20,14,7,10,10,8,8,8,59,8,9,-20,7,31,13,12,15,20,7,7,9,6,3,18,-20,6,-20,7,4,6,6,16,9,13,15,19,22,6,14,21,14,10,94,19,21,13,7,10,6,6,4,-20,6,9,7,-20,10,8,13,15,39,25,4,-20,-20,-20,17,9,6,8,-20,17,8,14,27,6,3,10,15,7,-20,13,14,6,13,8,14,-20,-20,-20,15,22,-20,-20,3,20,10,10,5,21,13,-20,22,17,-20,21,5,22,-20,9,6,8,16,-20,-20,13,28,-20,-20,-20,14,28,-20,-20,-20,-20,54,-20,6,-20,-20,3,10,-20,-20,-20,6,43,5,14,-20,15,4,-20,32,5,13,9,20,8,11,11,23,9,-20,-20,6,-20,10,13,25,-20,9,13,15,8,14,10,32,9,13,27,28,10,-20,3,-20,6,92,-20,-20,6,-20,19,4,10,7,17,30,25,24,-20,-20,-20,-20,-20,14,31,10,24,11,7,21,4,11,9,9,17,21,17,-20,-20,-20,21,-20,-20,7,35,4,5,7,9,27,13,7,17,12,16,12,6,-20,-20,-20,-20,84,40,43,38,40,30,38,20,31,61,30,28,48,23,13,21,67,55,21,5,-20,28,90,12,8,13,6,14,51,17,21,32,-20,43,19,27,-20,25,16,45,26,19,26,16,13,-20,10,18,10,17,8,-20,6,-20,5,10,11,9,9,8,6,15,6,13,13,9,3,10,13,-20,20,12,4,-20,12,15,16,12,9,10,-20,5,8,15,9,-20,-20,9,9,14,8,-20,12,3,14,10,13,12,7,9,6,-20,5,14,9,14,19,5,16,5,14,7,4,7,11,-20,13,6,14,6,5,9,-20,13,14,11,10,11,5,4,11,6,17,13,16,11,4,7,8,8,10,8,5,7,4,16,-20,12,4,12,5,9,6,8,10,-20,9,6,9,-20,3,6,7,16,5,4,8,5,-20,3,9,11,3,-20,4,3,9,5,12,5,10,5,8,3,-20,6,10,10,9,9,10,6,6,10,8,7,16,9,10,10,-20,-20,-20,-20,-20,14,10,-20,8,-20,-20,10,-20,-20,13,5,9,3,14,6,18,16,-20,-20,13,9,8,10,9,11,11,3,-20,-20,-20,7,8,7,8,4,16,-20,10,8,9,4,12,-20,15,22,5,-20,8,-20,10,11,4,6,10,7,8,9,5,15,9,-20,6,-20,15,-20,6,95,11,16,9,8,-20,-20,12,13,-20,14,10,12,16,15,-20,23,11,16,6,6,11,22,4,6,-20,13,11,17,23,7,18,21,11,10,-20,10,12,9,9,11,11,-20,7,6,11,4,-20,8,-20,5,3,5,8,7,5,5,11,6,8,6,-20,-20,4,13,9,-20,6,11,9,5,8,8,11,-20,8,3,5,15,12,8,5,10,8,5,9,3,2,-20,3,-20,3,-20,5,-20,7,8,-20,7,9,7,7,3,13,-20,12,8,5,10,5,6,16,11,4,11,9,33,11,7,9,9,8,6,5,15,-20,8,7,2,6,5,4,8,22,-20,-20,7,13,-20,7,-20,9,9,-20,5,-20,9,3,-20,-20,3,24,-20,7,11,12,-20,4,4,9,6,-20,3,4,7,5,-20,8,3,-20,7,6,6,6,5,-20,7,3,8,3,-20,-20,4,-20,12,9,9,6,14,5,7,5,-20,7,10,4,5,16,4,-20,12,10,4,9,8,6,-20,6,4,-20,8,5,3,5,13,3,9,15,-20,12,-20,12,43,30,14,32,-20,25,26,24,54,50,28,19,62,58,48,59,49,63
"chr1,12035159",-20,-20,-20,8,-20,-20,5,5,3,3,-20,-20,-20,-20,-20,-20,-20,-20,-20,-20,53,5,-20,-20,-20,-20,-20,-20,-20,-20,9,-20,13,15,-20,-20,-20,-20,-20,5,-20,-20,-20,15,12,35,17,62,16,26,15,32,50,-20,-20,21,47,45,-20,-20,-20,-20,-20,-20,-20,-20,-20,-20,-20,-20,-20,-20,20,-20,-20,-20,-20,-20,7,9,5,-20,-20,-20,8,-20,-20,-20,-20,-20,-20,-20,-20,-20,-20,-20,6,-20,6,-20,-20,-20,-20,-20,-20,-20,-20,-20,-20,9,-20,-20,32,-20,-20,6,60,10,5,3,6,5,8,5,-20,6,4,41,5,4,-20,6,4,-20,-20,-20,37,-20,-20,3,-20,-20,7,6,48,-20,9,58,-20,3,-20,9,14,21,46,13,4,7,-20,-20,-20,3,-20,7,-20,-20,-20,5,11,-20,-20,54,19,23,7,23,40,8,6,73,12,8,-20,5,8,-20,10,26,9,10,9,7,-20,-20,-20,-20,9,6,23,9,8,24,32,22,20,-20,17,44,10,41,41,27,25,14,20,-20,50,11,14,22,17,20,17,41,20,21,12,9,29,36,29,36,57,18,13,15,9,13,17,9,22,19,11,18,8,36,11,18,16,33,23,21,12,-20,-20,18,8,20,24,19,15,16,20,11,-20,21,22,13,-20,26,22,26,-20,41,-20,-20,41,57,34,64,14,9,-20,33,6,-20,6,5,5,15,9,19,7,-20,49,14,43,4,4,3,31,9,6,4,11,-20,-20,-20,-20,-20,-20,-20,-20,54,5,10,-20,4,28,75,13,20,16,24,11,8,-20,8,11,36,11,26,7,9,-20,-20,10,27,111,26,12,-20,-20,15,8,13,5,14,20,17,12,-20,14,12,3,15,13,18,14,14,7,-20,18,6,8,-20,11,8,8,9,10,-20,-20,42,13,-20,12,51,-20,16,11,10,-20,-20,-20,-20,20,16,13,21,-20,14,9,10,10,8,8,10,60,8,7,6,6,31,13,11,14,20,6,7,10,6,3,19,-20,6,-20,7,4,8,6,15,9,13,15,20,24,6,16,20,15,10,91,20,20,12,7,10,6,6,4,-20,7,10,8,-20,14,9,13,16,41,26,3,-20,9,-20,15,9,6,8,-20,19,9,14,24,6,3,10,16,7,-20,13,14,6,14,7,14,-20,-20,-20,15,24,-20,-20,3,19,10,10,6,21,13,-20,21,16,-20,22,5,22,-20,10,6,8,17,-20,-20,13,27,-20,-20,-20,12,28,-20,-20,-20,-20,53,-20,6,-20,-20,3,-20,-20,-20,-20,6,41,5,13,-20,14,4,-20,34,5,12,10,20,9,10,13,20,10,-20,-20,6,-20,9,14,24,-20,7,13,14,8,15,10,33,10,13,28,28,10,-20,3,-20,6,88,-20,-20,6,-20,18,4,14,7,16,28,26,25,-20,-20,-20,-20,-20,16,30,10,23,11,7,21,4,12,9,9,17,21,17,-20,-20,-20,19,-20,-20,6,36,5,5,8,10,27,13,8,17,11,15,11,5,-20,-20,-20,-20,85,41,40,36,39,29,39,21,30,65,30,29,51,24,13,22,71,52,22,5,23,27,90,12,9,13,6,15,49,18,21,31,-20,41,20,33,-20,24,15,45,23,19,25,17,13,-20,10,18,10,18,8,-20,6,-20,5,10,11,10,9,7,6,15,5,13,13,9,3,10,15,-20,20,11,5,7,12,14,15,12,8,11,-20,5,6,13,9,-20,-20,9,10,13,8,-20,12,3,14,10,10,12,7,8,6,-20,6,14,8,13,18,5,15,6,14,7,2,7,12,-20,12,6,13,6,5,8,-20,13,13,11,9,9,5,4,12,5,17,13,16,13,3,7,8,7,10,8,5,7,5,17,-20,12,4,13,4,8,6,8,10,-20,9,6,9,3,3,6,8,15,5,4,8,4,10,3,9,11,3,-20,5,4,8,5,11,5,9,4,7,3,-20,6,10,8,9,9,10,5,6,10,7,6,17,9,10,10,-20,-20,-20,-20,-20,13,10,-20,8,-20,-20,10,-20,-20,13,4,9,3,13,5,19,18,-20,-20,16,10,8,10,8,11,12,4,-20,-20,-20,7,8,7,9,4,16,-20,10,8,9,4,12,-20,15,20,4,-20,8,-20,10,11,4,6,10,7,8,8,5,16,9,-20,7,-20,15,-20,6,95,12,16,9,8,-20,-20,12,12,-20,14,9,11,14,15,-20,21,10,16,7,6,10,20,4,7,-20,13,11,17,22,9,17,20,11,9,-20,8,11,9,9,10,11,-20,-20,6,11,4,-20,8,-20,5,3,5,9,8,6,5,11,6,7,6,-20,-20,4,11,8,-20,5,10,8,5,10,8,12,-20,7,-20,5,15,11,6,6,10,8,6,9,3,2,-20,3,-20,3,-20,5,-20,8,8,6,7,9,9,7,3,13,-20,12,9,5,10,5,6,16,10,3,11,8,33,11,7,10,9,8,7,5,15,-20,6,7,3,6,5,4,6,21,-20,-20,6,13,-20,8,-20,11,9,-20,5,-20,9,3,-20,-20,4,25,-20,6,9,10,-20,5,4,12,-20,8,2,4,5,4,6,10,5,-20,-20,6,5,7,5,-20,9,-20,6,6,-20,8,4,-20,10,10,9,6,18,5,7,6,5,8,11,4,4,13,4,-20,-20,11,3,-20,6,-20,-20,8,4,-20,9,3,3,-20,12,-20,9,16,-20,13,-20,12,43,30,15,36,-20,25,28,25,56,49,28,19,62,58,51,60,51,64
