"chr,position",88,108,139,159,265,350,351,403,410,424,428,430,470,476,484,504,506,531,544,546,628,630,680,681,685,687,728,742,763,765,766,768,772,801,853,854,867,868,870,915,932,991,992,997,1002,1006,1061,1062,1063,1066,1070,1158,1166,1254,1257,1313,1317,1552,1612,1622,1651,1652,1676,1684,1739,1741,1756,1757,1793,1797,1819,1820,1829,1834,1835,1851,1852,1853,1872,1890,1925,1942,1943,1954,2016,2017,2031,2053,2057,2081,2091,2106,2108,2141,2159,2166,2171,2191,2202,2212,2239,2240,2276,2278,2285,2286,2317,2370,2412,4779,4807,4826,4840,4857,4884,4900,4939,4958,5023,5104,5151,5165,5210,5236,5249,5253,5276,5279,5349,5353,5395,5486,5577,5644,5651,5717,5718,5720,5726,5741,5748,5757,5768,5772,5776,5779,5784,5798,5800,5811,5822,5830,5831,5832,5836,5837,5856,5860,5865,5867,5874,5890,5893,5907,5921,5950,5984,5993,6008,6009,6010,6011,6012,6013,6016,6017,6019,6020,6021,6022,6023,6024,6025,6030,6034,6035,6036,6038,6039,6040,6041,6042,6043,6046,6064,6069,6070,6071,6073,6074,6076,6077,6085,6086,6087,6088,6090,6091,6092,6094,6095,6096,6097,6098,6099,6100,6101,6102,6104,6105,6106,6107,6108,6109,6111,6112,6113,6114,6115,6118,6119,6122,6123,6124,6125,6126,6128,6131,6132,6133,6134,6136,6137,6138,6140,6141,6142,6145,6148,6149,6150,6151,6153,6154,6163,6166,6169,6172,6173,6174,6177,6180,6184,6188,6189,6191,6192,6193,6194,6195,6198,6201,6202,6203,6209,6210,6214,6216,6217,6218,6220,6221,6231,6235,6237,6238,6240,6241,6242,6243,6244,6252,6255,6258,6268,6276,6284,6296,6390,6396,6413,6424,6434,6445,6680,6739,6740,6744,6749,6750,6805,6806,6814,6830,6897,6898,6900,6901,6903,6904,6907,6908,6909,6911,6913,6915,6917,6918,6919,6920,6922,6923,6924,6926,6927,6929,6931,6932,6933,6938,6940,6943,6944,6945,6951,6956,6957,6958,6959,6960,6961,6963,6966,6967,6968,6969,6970,6971,6973,6974,6975,6976,6979,6981,6982,6984,6986,6987,6989,6990,6992,6997,7000,7002,7003,7008,7013,7014,7025,7026,7028,7031,7033,7036,7058,7061,7062,7063,7064,7067,7068,7071,7072,7077,7081,7092,7094,7096,7102,7103,7106,7107,7109,7111,7117,7119,7120,7125,7126,7127,7130,7133,7138,7143,7147,7158,7160,7161,7162,7163,7164,7165,7169,7177,7181,7183,7186,7192,7199,7202,7203,7207,7208,7209,7213,7217,7218,7223,7231,7236,7244,7248,7250,7255,7258,7268,7273,7276,7280,7282,7287,7288,7296,7298,7305,7306,7307,7314,7316,7319,7320,7322,7323,7327,7328,7332,7333,7337,7342,7343,7344,7346,7347,7349,7350,7353,7354,7356,7358,7359,7372,7373,7377,7378,7382,7383,7384,7387,7394,7396,7404,7411,7413,7415,7416,7417,7418,7419,7424,7427,7430,7460,7461,7471,7475,7477,7514,7515,7516,7517,7520,7521,7523,7525,7529,7530,7566,7568,7717,7757,7767,7917,7947,8037,8057,8077,8132,8171,8214,8222,8227,8230,8231,8233,8234,8235,8236,8237,8238,8239,8240,8241,8242,8243,8244,8246,8247,8249,8256,8258,8259,8264,8283,8284,8285,8290,8297,8306,8307,8311,8312,8326,8334,8335,8337,8343,8351,8354,8357,8365,8366,8369,8376,8386,8387,8419,8420,8422,8424,8426,8427,8464,8483,8699,8723,9027,9057,9058,9067,9069,9070,9075,9078,9079,9081,9084,9085,9089,9091,9095,9099,9100,9102,9103,9104,9105,9106,9111,9113,9114,9115,9121,9125,9128,9130,9131,9133,9134,9298,9312,9314,9321,9323,9332,9336,9339,9343,9352,9353,9363,9369,9370,9371,9380,9381,9382,9383,9386,9388,9390,9391,9392,9394,9395,9399,9402,9404,9405,9407,9408,9409,9412,9413,9416,9421,9427,9433,9436,9437,9442,9450,9451,9452,9453,9454,9455,9470,9471,9476,9481,9503,9506,9507,9508,9509,9510,9511,9512,9513,9514,9515,9517,9518,9519,9520,9521,9522,9523,9524,9525,9526,9527,9528,9529,9530,9531,9532,9533,9534,9535,9536,9537,9539,9540,9541,9542,9543,9544,9545,9546,9547,9548,9549,9550,9551,9552,9553,9554,9555,9556,9557,9558,9559,9560,9561,9562,9564,9565,9567,9568,9569,9571,9573,9574,9576,9577,9578,9579,9581,9582,9583,9584,9585,9586,9587,9588,9589,9590,9591,9592,9593,9594,9595,9596,9597,9598,9599,9600,9601,9602,9606,9607,9608,9609,9610,9611,9612,9613,9615,9616,9617,9619,9620,9621,9622,9624,9625,9626,9627,9628,9629,9630,9631,9632,9633,9634,9635,9636,9637,9638,9639,9640,9641,9642,9643,9644,9645,9646,9647,9648,9649,9651,9653,9655,9656,9657,9658,9659,9660,9661,9663,9664,9665,9666,9667,9668,9669,9670,9671,9672,9673,9676,9677,9678,9679,9680,9681,9682,9683,9684,9685,9686,9687,9689,9690,9691,9692,9693,9694,9695,9696,9697,9698,9699,9700,9701,9703,9704,9705,9706,9707,9708,9709,9710,9711,9712,9713,9714,9716,9717,9718,9719,9720,9721,9722,9723,9725,9726,9727,9728,9729,9730,9731,9732,9733,9735,9736,9737,9738,9739,9741,9743,9744,9745,9747,9748,9749,9754,9755,9756,9757,9758,9759,9761,9762,9764,9766,9768,9769,9770,9771,9772,9774,9775,9776,9777,9778,9779,9780,9781,9782,9783,9784,9785,9786,9787,9788,9789,9790,9791,9792,9793,9794,9795,9796,9797,9798,9799,9800,9801,9802,9803,9804,9805,9806,9807,9808,9809,9810,9811,9812,9813,9814,9815,9816,9817,9819,9820,9821,9822,9823,9824,9825,9826,9827,9828,9830,9831,9832,9833,9834,9835,9836,9837,9838,9839,9840,9841,9843,9844,9845,9846,9847,9848,9849,9850,9851,9852,9853,9854,9855,9856,9857,9858,9859,9860,9861,9862,9864,9866,9867,9868,9869,9870,9871,9873,9874,9875,9876,9877,9878,9879,9880,9881,9882,9883,9885,9886,9887,9888,9890,9891,9892,9894,9895,9897,9898,9899,9900,9901,9902,9903,9904,9905,9906,9908,9909,9910,9911,9912,9914,9915,9917,9918,9920,9921,9924,9925,9926,9927,9928,9929,9930,9932,9933,9935,9937,9938,9939,9941,9942,9943,9944,9945,9946,9947,9948,9949,9950,9951,9952,9953,9955,9956,9957,9958,9959,9960,9962,9963,9964,9965,9966,9968,9969,9970,9971,9972,9973,9974,9975,9976,9978,9979,9980,9981,9982,9983,9984,9985,9986,9987,9988,9990,9991,9993,9995,9996,9997,9998,9999,10001,10002,10004,10005,10006,10008,10009,10010,10011,10012,10013,10014,10015,10017,10018,10020,10022,10023,10027,14312,14313,14314,14315,14318,14319,15560,15591,15592,15593,18694,18696,19949,19950,19951
"chr4,7844529",3,-20,8,-20,-20,4,3,6,-20,-20,4,4,39,24,13,15,51,6,70,34,17,4,20,22,36,29,21,23,10,-20,-20,-20,-20,-20,50,28,22,22,13,2,5,8,-20,-20,-20,8,8,-20,10,-20,5,18,24,24,21,6,-20,53,13,46,18,20,11,30,24,19,18,33,33,5,20,15,11,24,22,34,17,7,13,14,6,19,9,-20,9,43,30,27,-20,14,9,27,23,30,29,38,11,35,8,36,24,16,11,14,15,25,5,30,33,9,5,3,-20,48,-20,-20,53,13,-20,8,4,-20,12,8,33,9,3,17,-20,5,25,4,7,4,37,33,53,6,-20,-20,-20,5,9,7,36,-20,-20,45,10,4,11,-20,-20,13,24,5,-20,-20,36,3,4,-20,3,4,6,9,4,-20,4,3,15,20,25,-20,-20,-20,27,-20,7,25,-20,-20,7,-20,-20,-20,-20,13,-20,-20,13,11,-20,-20,-20,-20,5,6,12,-20,-20,14,-20,-20,5,7,5,-20,-20,45,-20,19,7,-20,6,9,5,-20,-20,19,6,-20,8,47,3,-20,-20,-20,24,-20,44,24,43,12,7,-20,6,11,10,-20,31,9,4,-20,3,22,-20,6,-20,24,5,8,9,5,-20,10,-20,3,3,-20,7,6,-20,4,4,22,6,3,8,12,8,5,-20,22,10,6,54,24,4,5,2,18,-20,3,-20,3,-20,-20,-20,-20,-20,-20,-20,-20,-20,-20,6,8,4,3,7,-20,7,5,9,24,19,4,15,19,32,33,26,26,6,-20,-20,5,30,11,12,30,18,14,-20,6,-20,2,6,27,-20,10,3,3,20,3,-20,30,86,21,6,23,9,-20,4,6,4,-20,8,-20,5,5,-20,8,-20,-20,3,4,5,-20,2,23,6,4,4,-20,16,3,3,7,3,8,4,19,5,3,-20,44,7,10,-20,-20,6,13,22,11,23,14,7,8,8,-20,6,3,-20,-20,-20,4,69,3,3,7,5,-20,35,4,-20,10,4,5,8,-20,9,24,12,3,3,7,3,-20,4,10,6,3,3,12,8,-20,7,18,11,6,69,9,15,-20,3,-20,8,7,4,9,4,2,-20,-20,14,-20,-20,7,36,23,13,-20,-20,-20,24,6,8,6,4,19,9,3,5,3,-20,4,-20,-20,2,10,5,6,12,10,-20,6,25,19,16,14,15,3,-20,7,5,4,3,11,3,5,9,19,17,27,7,19,-20,2,-20,8,5,5,29,7,-20,4,-20,-20,4,13,-20,21,17,25,31,21,11,20,15,-20,9,22,18,7,6,26,-20,-20,7,8,-20,10,30,5,2,3,7,5,-20,7,7,11,11,-20,-20,-20,-20,-20,10,10,4,13,-20,9,12,-20,31,-20,8,19,6,-20,11,4,29,-20,43,-20,12,4,12,7,-20,8,-20,8,29,14,19,28,24,28,37,18,3,5,6,29,4,8,23,7,18,11,6,12,10,10,8,28,17,5,14,8,4,38,-20,9,8,12,3,7,4,4,5,9,13,10,7,8,4,24,72,-20,30,29,37,20,-20,24,7,51,44,5,47,-20,6,3,23,31,8,-20,8,-20,7,-20,-20,-20,-20,6,21,-20,3,8,-20,15,9,-20,3,-20,-20,26,4,5,9,-20,-20,-20,10,12,-20,3,2,-20,10,-20,9,-20,7,5,9,4,6,14,3,10,12,4,22,10,-20,-20,-20,-20,10,7,10,8,13,5,2,11,-20,13,-20,-20,-20,7,6,6,6,7,5,15,9,5,19,10,-20,17,-20,-20,8,5,7,8,11,9,-20,6,8,5,12,14,3,-20,13,14,8,8,9,10,13,11,5,10,9,15,21,12,-20,10,16,4,10,11,-20,8,9,5,8,11,5,7,9,-20,6,15,11,4,3,13,-20,7,9,10,-20,-20,6,5,3,8,4,5,8,5,7,8,9,9,5,6,7,-20,9,9,10,3,5,9,9,10,6,7,6,9,18,6,7,6,4,6,4,9,11,17,6,9,14,5,11,10,6,10,3,5,7,20,14,10,10,5,9,6,12,6,-20,-20,6,14,7,5,15,-20,18,2,11,-20,14,2,8,7,15,7,7,-20,6,15,-20,7,12,6,16,7,-20,-20,4,6,6,12,6,8,3,10,3,2,5,8,7,-20,5,9,8,-20,10,14,24,6,-20,6,10,8,4,33,3,8,11,7,17,29,6,20,6,20,15,7,-20,13,14,25,8,15,4,5,6,18,9,12,9,8,2,11,18,15,18,16,10,11,14,12,5,16,-20,11,8,11,9,-20,9,16,11,10,-20,4,11,13,3,6,5,9,14,9,8,11,10,7,6,-20,6,16,4,-20,10,10,-20,-20,9,-20,-20,-20,8,-20,-20,-20,8,-20,12,-20,-20,-20,6,3,6,-20,-20,3,3,6,6,7,3,18,17,-20,-20,-20,7,3,7,-20,-20,6,-20,-20,10,6,-20,8,20,32,9,6,4,16,20,2,5,11,12,4,9,8,-20,7,-20,4,16,3,12,8,13,12,8,4,-20,-20,5,11,4,5,4,4,8,9,12,-20,3,3,-20,-20,4,4,-20,3,5,2,-20,-20,4,-20,-20,-20,4,3,-20,-20,3,-20,3,-20,3,3,3,-20,2,4,-20,-20,-20,3,5,6,-20,3,11,3,-20,-20,5,4,-20,-20,4,9,-20,-20,2,5,4,6,7,-20,2,-20,-20,-20,-20,-20,-20,3,3,3,3,3,-20,14,-20,15,20,18,14,13,38,49,39,48,-20,48,63,36,26,27,25
"chr4,7844530",3,-20,8,-20,-20,4,3,6,-20,-20,4,4,39,24,13,15,52,6,69,36,17,4,20,22,34,30,21,23,10,-20,-20,-20,-20,-20,48,28,23,22,14,2,5,9,4,-20,-20,8,8,-20,10,3,5,18,24,23,21,6,-20,55,13,46,20,20,11,30,24,19,18,34,33,5,20,15,10,25,23,33,18,7,13,14,5,19,9,-20,9,43,30,28,9,13,9,28,23,30,28,36,11,36,8,39,22,17,11,14,16,24,5,30,33,9,5,3,8,46,-20,-20,51,13,-20,8,4,-20,11,8,30,9,3,17,-20,5,27,4,7,4,37,32,54,6,-20,-20,-20,6,8,8,37,-20,-20,46,10,4,11,-20,-20,13,24,5,-20,-20,36,3,4,-20,3,3,6,9,4,-20,4,3,15,20,25,-20,-20,-20,27,-20,8,26,-20,-20,7,-20,-20,-20,-20,13,-20,-20,13,11,-20,-20,-20,-20,5,6,12,-20,-20,15,-20,-20,5,7,4,-20,-20,44,-20,19,6,7,6,9,5,-20,-20,19,6,-20,8,46,3,-20,-20,-20,23,-20,43,24,42,12,7,-20,6,11,11,-20,29,9,4,-20,3,22,-20,7,-20,25,5,8,-20,6,-20,10,7,3,3,-20,8,6,-20,4,4,21,6,3,8,11,8,5,-20,19,10,6,55,18,4,5,2,18,-20,3,-20,3,-20,-20,-20,-20,-20,-20,-20,-20,-20,-20,6,8,4,3,8,-20,7,5,9,24,19,4,15,19,32,32,27,25,6,-20,-20,5,30,12,12,30,18,15,-20,6,-20,2,6,25,-20,10,3,3,20,3,-20,30,87,22,6,22,9,-20,4,6,4,-20,8,-20,6,4,3,8,-20,-20,3,4,5,-20,2,22,6,4,4,-20,16,3,4,7,3,8,4,19,5,3,-20,44,7,10,-20,-20,-20,13,21,11,22,14,7,7,8,-20,6,-20,-20,-20,-20,4,69,3,3,6,5,-20,35,4,8,10,4,5,8,-20,9,24,11,3,3,7,3,-20,4,10,6,3,3,12,8,-20,9,18,11,6,67,9,16,-20,3,-20,8,7,4,9,4,2,-20,-20,14,-20,-20,7,36,24,12,-20,-20,-20,24,6,8,6,4,19,9,3,5,3,-20,4,-20,-20,2,11,5,6,12,9,-20,6,25,19,15,14,15,3,-20,7,5,4,3,11,3,5,9,19,15,26,7,20,-20,2,-20,8,5,5,29,7,-20,4,-20,-20,4,12,-20,20,17,26,31,21,11,19,15,-20,9,22,18,7,7,27,-20,-20,7,8,-20,10,31,5,2,3,6,5,-20,7,5,-20,11,-20,-20,-20,-20,-20,10,10,-20,13,-20,9,11,-20,31,-20,9,19,7,-20,11,4,29,-20,42,3,12,4,11,7,-20,8,-20,8,28,14,18,28,23,28,37,18,3,5,6,29,4,9,23,6,18,11,6,12,10,10,8,27,17,5,15,8,3,38,-20,9,8,12,3,7,4,4,6,9,13,10,7,8,4,24,69,-20,30,30,39,20,-20,23,7,50,44,5,47,-20,6,3,23,31,7,-20,8,-20,7,-20,-20,-20,-20,6,22,-20,3,8,-20,15,6,-20,3,-20,-20,27,4,5,9,-20,-20,-20,10,12,5,3,2,-20,10,-20,9,-20,7,5,9,4,6,15,3,10,12,4,22,10,-20,8,-20,-20,10,7,10,8,13,5,2,11,-20,13,-20,-20,-20,7,6,6,6,7,5,15,9,5,19,10,-20,17,-20,-20,8,5,7,8,11,9,-20,6,7,5,12,14,3,-20,13,14,8,8,9,10,12,11,5,11,9,15,21,12,-20,11,16,3,11,11,5,8,9,5,-20,12,5,7,9,-20,7,15,10,4,3,13,-20,6,9,10,-20,3,6,5,3,8,4,5,8,5,7,8,9,9,5,6,7,-20,9,10,10,4,5,9,10,11,6,7,6,9,18,6,7,6,4,6,4,9,11,17,6,9,15,5,11,10,6,10,3,5,7,20,14,10,10,5,9,6,12,6,-20,-20,6,14,7,4,15,10,18,2,11,-20,14,2,8,7,15,7,7,6,6,15,-20,7,12,6,17,7,-20,-20,4,6,6,12,6,8,3,10,3,2,5,11,7,-20,5,9,8,-20,10,15,24,6,-20,6,10,8,4,33,3,8,12,7,17,30,6,19,6,20,15,7,8,13,14,25,8,15,4,-20,6,18,9,12,9,8,2,11,18,15,20,15,10,12,16,12,5,16,-20,11,8,11,9,-20,9,16,11,10,-20,4,11,12,3,6,5,9,14,8,8,11,10,7,6,-20,6,16,4,-20,10,10,-20,-20,-20,-20,-20,-20,8,-20,9,-20,8,-20,12,-20,-20,-20,6,3,6,-20,-20,3,3,6,6,7,3,18,17,-20,-20,-20,7,3,7,-20,-20,6,-20,-20,11,6,-20,8,20,32,10,6,4,16,20,2,5,11,12,4,8,8,-20,7,-20,4,16,4,12,7,13,12,8,4,-20,-20,5,11,4,5,4,4,8,9,12,-20,3,3,-20,-20,4,5,-20,3,6,2,-20,-20,4,-20,-20,9,4,4,-20,-20,5,-20,3,5,3,3,3,-20,-20,3,-20,-20,-20,3,5,7,-20,4,9,4,-20,-20,5,3,-20,-20,4,-20,-20,-20,3,5,6,4,7,-20,2,-20,4,2,-20,5,-20,2,5,3,3,2,-20,14,-20,15,20,18,13,-20,37,51,39,48,-20,41,62,36,26,27,23
"chr4,7844532",3,-20,7,-20,-20,4,3,6,-20,-20,-20,3,38,23,13,13,52,6,71,39,17,4,18,22,33,31,20,24,10,-20,-20,-20,-20,-20,46,25,22,22,14,2,5,9,4,-20,-20,8,8,-20,10,-20,5,17,20,22,21,6,-20,55,13,42,20,20,12,32,24,19,19,33,33,5,20,15,10,24,23,33,19,7,13,14,5,18,9,-20,9,43,28,28,9,13,8,27,26,29,26,35,11,34,8,40,23,17,11,12,15,25,5,29,34,9,5,3,8,44,-20,-20,53,13,-20,8,4,-20,10,8,31,9,3,17,-20,4,27,4,7,4,36,33,54,6,2,-20,-20,6,7,8,37,-20,-20,45,10,3,11,-20,-20,13,24,5,-20,-20,36,4,4,-20,-20,3,6,9,4,-20,4,3,15,20,25,-20,-20,-20,27,-20,8,25,-20,-20,7,-20,-20,-20,-20,13,-20,-20,13,11,-20,-20,-20,-20,5,6,14,-20,-20,15,-20,-20,5,7,4,-20,-20,44,-20,19,6,7,6,8,5,-20,-20,20,6,-20,8,46,3,-20,-20,-20,24,-20,43,24,43,12,7,-20,6,11,11,-20,29,9,4,-20,3,20,-20,6,-20,26,4,8,9,6,-20,10,6,3,3,-20,8,6,-20,4,4,21,6,3,7,11,8,4,-20,21,10,6,56,20,5,5,-20,18,-20,3,-20,3,-20,-20,-20,-20,-20,-20,-20,-20,-20,-20,6,8,4,3,8,-20,7,5,9,24,19,4,16,20,32,33,27,26,6,-20,-20,5,30,13,11,29,19,16,2,5,-20,2,6,25,-20,10,3,-20,20,3,-20,29,85,22,5,21,9,-20,5,5,3,-20,8,-20,5,4,3,7,-20,-20,3,4,5,-20,2,22,6,4,4,-20,16,3,4,7,-20,8,4,20,5,3,-20,43,7,10,-20,-20,6,12,18,11,23,14,7,7,7,-20,6,-20,-20,-20,-20,4,71,3,3,6,5,-20,35,4,8,10,5,5,8,6,9,26,11,3,3,-20,3,-20,4,9,6,3,3,12,8,-20,9,19,10,6,67,9,16,-20,3,-20,8,7,4,9,4,2,-20,-20,14,-20,-20,7,37,24,12,-20,-20,-20,24,6,8,6,4,19,8,3,5,3,8,4,-20,-20,2,10,5,5,12,9,-20,6,25,17,15,13,15,3,-20,7,5,5,3,11,-20,5,9,19,16,26,7,20,-20,2,-20,8,5,4,29,7,-20,4,-20,-20,4,12,-20,20,17,26,31,21,11,19,15,-20,9,23,19,7,7,28,-20,-20,7,8,-20,10,30,3,-20,3,6,6,-20,7,5,9,11,-20,-20,-20,-20,-20,10,10,3,13,3,-20,11,-20,36,-20,9,18,7,-20,11,4,31,-20,41,3,12,4,12,7,-20,7,-20,7,29,14,17,29,22,26,35,18,-20,5,-20,30,3,9,24,-20,18,10,6,12,10,10,8,27,17,5,15,7,3,38,-20,7,8,12,3,7,4,4,6,9,13,10,7,7,4,25,67,-20,30,30,39,19,-20,23,7,52,46,5,45,-20,6,3,19,29,7,-20,8,-20,7,-20,-20,-20,-20,6,21,-20,-20,8,-20,14,6,-20,3,-20,-20,26,4,5,11,-20,-20,-20,8,12,5,3,-20,-20,9,-20,9,-20,6,5,9,5,7,15,3,10,12,4,22,10,-20,8,-20,-20,10,7,9,8,13,5,2,11,-20,13,-20,-20,-20,7,-20,-20,6,6,5,14,9,5,19,10,-20,16,-20,-20,8,5,7,8,11,9,-20,6,7,5,12,14,3,-20,12,13,8,8,9,9,12,12,-20,11,8,15,21,12,-20,11,16,3,10,11,5,7,9,-20,8,12,5,7,9,-20,7,15,10,4,3,13,-20,5,9,10,-20,3,6,4,3,8,4,5,8,4,7,8,8,9,5,6,7,-20,8,10,10,4,5,9,9,10,-20,7,6,9,18,6,7,6,4,5,4,8,11,17,6,9,15,6,11,12,5,10,3,4,7,21,15,10,10,6,9,5,12,6,-20,-20,6,13,7,3,14,9,16,2,11,-20,14,2,8,7,15,7,7,6,6,15,-20,7,12,6,17,7,-20,-20,4,6,6,11,6,8,3,10,3,2,4,11,7,-20,5,9,8,-20,10,14,23,6,-20,6,10,8,4,33,3,8,12,7,16,27,5,18,6,21,14,7,-20,13,13,25,8,15,4,-20,6,18,9,12,9,8,2,11,18,15,-20,15,10,12,16,12,5,16,-20,11,8,10,9,-20,8,16,11,10,-20,3,11,12,3,5,5,9,14,8,8,11,10,7,6,-20,6,16,4,-20,10,10,-20,-20,9,-20,-20,-20,8,-20,9,-20,8,-20,12,-20,-20,-20,6,3,6,-20,-20,3,3,6,6,7,3,18,17,-20,-20,-20,6,3,7,-20,-20,6,-20,-20,11,6,-20,7,18,33,10,6,4,16,19,2,5,10,11,5,8,8,-20,7,-20,5,16,4,11,7,13,12,8,4,-20,-20,5,11,5,5,3,4,8,9,11,-20,3,3,-20,-20,4,5,-20,3,6,-20,-20,-20,3,-20,-20,11,4,3,-20,-20,5,-20,-20,4,4,4,4,-20,-20,3,-20,-20,-20,4,5,6,3,4,-20,4,-20,-20,5,-20,-20,-20,4,-20,-20,-20,4,5,7,5,7,-20,-20,-20,4,-20,-20,5,-20,3,4,3,4,3,-20,14,-20,15,20,17,13,12,35,51,39,54,-20,41,60,35,23,26,22
"chr4,7844534",3,-20,7,-20,-20,4,3,6,-20,-20,-20,3,39,21,13,13,52,6,71,41,18,4,19,21,33,30,20,23,10,-20,-20,-20,-20,-20,49,25,22,22,14,-20,5,9,4,-20,-20,7,8,-20,9,-20,5,17,20,20,22,6,-20,55,13,43,20,20,11,30,23,19,19,33,33,5,20,15,11,24,23,33,18,7,13,14,5,18,10,-20,9,40,28,28,9,13,8,27,28,28,25,33,11,34,8,39,24,17,11,12,14,24,5,30,34,9,5,3,8,45,-20,-20,55,13,-20,8,4,-20,10,8,29,9,-20,16,-20,4,25,4,6,4,36,32,57,6,2,-20,-20,6,9,8,34,-20,-20,48,10,3,10,-20,-20,14,23,5,-20,-20,38,-20,4,-20,3,3,6,9,3,-20,4,3,15,20,24,-20,-20,-20,27,-20,8,26,-20,-20,7,-20,-20,-20,-20,13,-20,-20,13,11,-20,-20,-20,-20,6,7,14,-20,-20,15,-20,-20,5,7,4,-20,-20,43,-20,18,8,7,6,8,5,-20,-20,20,6,-20,8,45,3,-20,-20,-20,23,-20,45,24,43,12,7,-20,6,11,-20,-20,29,9,4,-20,3,20,3,6,-20,24,4,8,9,6,-20,10,-20,3,3,-20,7,4,-20,4,4,19,6,3,8,11,8,4,-20,20,10,6,57,20,5,5,-20,18,-20,-20,-20,3,-20,-20,-20,-20,-20,-20,-20,-20,-20,-20,6,8,3,3,8,-20,7,4,9,23,20,3,16,20,32,31,25,27,6,-20,-20,5,30,13,11,29,19,15,2,5,-20,2,6,24,-20,11,3,3,20,3,-20,30,87,23,5,21,9,-20,4,5,2,-20,8,-20,6,4,3,6,-20,-20,3,4,5,-20,2,19,6,4,4,-20,16,3,4,7,-20,9,4,20,5,-20,-20,42,7,10,-20,-20,7,12,18,11,23,13,7,6,6,-20,6,-20,-20,-20,-20,4,73,3,4,6,5,-20,34,4,8,10,5,5,8,6,9,25,11,3,3,-20,4,-20,4,9,6,3,3,12,7,-20,9,21,10,5,68,9,17,-20,3,-20,8,7,4,9,4,-20,-20,-20,14,-20,-20,7,37,21,12,-20,-20,-20,22,6,8,6,4,18,8,3,5,3,8,4,-20,-20,-20,10,5,5,12,9,-20,6,25,17,16,13,12,3,-20,7,5,5,3,12,3,5,9,20,15,24,7,20,-20,2,-20,8,5,4,29,7,-20,-20,-20,-20,4,12,-20,20,17,26,30,20,11,18,15,-20,9,23,18,7,6,27,-20,-20,7,9,-20,-20,30,3,-20,3,7,6,-20,6,5,9,11,-20,-20,-20,-20,-20,10,10,3,13,3,8,10,-20,37,-20,9,18,7,-20,12,4,31,2,40,3,13,4,11,6,-20,7,-20,7,29,14,16,31,22,26,35,18,-20,5,6,31,3,9,23,6,17,10,6,12,10,9,9,27,17,5,15,7,3,38,-20,7,8,12,3,7,4,4,6,9,12,10,7,7,-20,24,65,-20,29,28,38,18,-20,23,7,51,46,5,44,-20,6,-20,19,28,7,-20,7,-20,7,-20,-20,-20,-20,6,23,-20,-20,9,-20,15,6,-20,3,-20,-20,26,4,5,11,-20,-20,-20,8,12,5,3,-20,-20,9,-20,9,-20,6,5,9,5,8,15,3,10,12,4,22,10,-20,9,-20,-20,10,7,9,8,13,6,2,11,-20,15,-20,-20,-20,7,6,-20,6,6,5,14,9,5,19,9,-20,16,-20,-20,8,5,7,8,11,9,-20,6,7,5,12,14,3,-20,12,12,9,8,8,9,12,12,6,11,9,15,21,12,-20,11,16,3,9,11,5,7,9,5,8,12,-20,7,9,-20,7,15,10,4,3,13,-20,5,9,10,-20,-20,6,4,3,8,4,5,8,4,7,8,8,9,5,6,7,-20,8,9,10,4,5,9,9,10,6,6,6,9,17,6,7,6,4,5,4,8,11,16,6,8,15,6,11,12,5,10,3,4,7,21,15,10,9,6,9,5,10,6,-20,-20,6,13,7,3,14,9,18,3,11,-20,14,2,8,7,15,7,7,6,6,15,-20,7,12,6,16,7,-20,-20,4,6,6,12,6,8,3,9,3,2,4,11,7,-20,5,9,8,-20,10,14,23,6,-20,7,10,8,4,31,3,8,12,7,16,28,4,18,6,21,13,7,8,12,13,24,8,16,4,-20,6,18,9,13,9,8,2,12,17,15,20,15,10,12,15,12,5,16,-20,10,7,10,10,-20,9,16,11,10,-20,3,11,11,3,5,5,9,13,8,8,11,10,7,6,-20,6,16,4,-20,10,10,-20,-20,9,-20,-20,-20,8,-20,-20,-20,8,-20,12,-20,-20,-20,6,3,6,-20,-20,3,3,6,6,7,3,18,17,-20,-20,-20,6,3,7,-20,-20,6,-20,-20,11,6,-20,7,18,33,10,6,4,16,16,2,5,9,11,5,8,8,-20,6,-20,5,16,3,11,7,13,12,8,4,-20,-20,5,9,6,5,2,4,8,8,10,-20,3,-20,-20,-20,4,4,-20,3,5,2,-20,-20,-20,-20,-20,11,5,3,4,-20,4,-20,3,4,-20,-20,4,-20,-20,3,-20,-20,-20,4,5,6,3,4,-20,3,-20,-20,3,-20,-20,3,3,-20,-20,-20,4,6,6,4,6,-20,-20,-20,4,-20,-20,6,-20,3,3,3,4,3,-20,14,-20,15,18,17,13,11,36,52,39,54,-20,34,59,37,25,26,22
"chr4,7844535",3,-20,7,-20,-20,4,3,6,-20,-20,-20,3,39,21,13,13,51,5,72,41,17,4,19,21,33,30,20,23,9,-20,-20,-20,-20,-20,50,25,22,22,14,2,5,-20,4,-20,-20,7,8,-20,9,-20,5,16,20,20,23,-20,-20,55,13,43,20,19,12,30,23,19,19,32,32,5,20,15,11,24,23,33,18,7,13,13,5,18,11,-20,9,43,28,28,9,13,7,27,29,29,25,34,11,33,8,40,24,17,11,12,14,25,-20,30,34,9,5,3,8,44,-20,-20,55,13,-20,8,4,-20,10,8,29,9,-20,17,-20,4,26,3,6,4,35,32,56,6,2,-20,-20,6,9,8,34,-20,-20,49,10,3,10,-20,-20,14,23,5,-20,-20,38,-20,4,-20,3,3,6,9,3,-20,4,3,15,20,25,-20,-20,-20,27,-20,9,26,-20,-20,7,-20,-20,-20,-20,13,-20,-20,13,11,-20,-20,-20,-20,6,7,14,-20,-20,15,-20,-20,5,7,4,-20,-20,40,-20,19,8,7,6,8,5,-20,-20,17,6,-20,8,45,4,-20,-20,-20,23,-20,44,24,43,12,7,-20,5,11,10,-20,29,9,4,-20,3,20,3,6,-20,23,4,8,9,6,-20,9,5,3,3,-20,7,4,-20,4,4,18,6,3,9,11,8,4,-20,20,10,6,56,20,5,5,-20,18,-20,-20,-20,3,-20,-20,-20,-20,-20,-20,-20,-20,-20,-20,6,7,3,3,-20,-20,7,4,9,23,19,3,16,20,33,31,25,27,6,-20,-20,5,30,13,11,29,19,16,2,6,-20,2,6,26,-20,11,3,3,20,3,-20,29,88,23,5,23,9,-20,4,5,2,-20,8,-20,6,4,3,6,-20,-20,3,4,5,-20,2,19,6,4,4,-20,16,3,4,6,-20,10,4,20,5,-20,-20,42,7,10,-20,-20,7,12,17,11,23,13,6,6,6,-20,6,3,-20,-20,-20,4,74,3,4,6,6,-20,34,4,9,-20,5,6,8,6,9,25,11,3,3,-20,4,-20,4,9,6,3,3,12,8,-20,9,21,10,5,65,9,17,-20,3,-20,8,7,4,9,4,-20,-20,-20,13,-20,-20,7,37,22,12,-20,-20,-20,22,6,8,6,4,18,9,3,5,3,8,4,-20,-20,-20,8,5,5,12,9,-20,6,26,17,16,13,12,3,-20,7,5,5,3,11,3,5,9,20,15,25,7,20,-20,2,-20,8,5,5,29,7,-20,-20,-20,-20,4,12,-20,20,17,23,32,21,11,18,15,-20,9,23,19,7,6,26,-20,-20,7,9,-20,9,30,3,-20,3,7,6,-20,4,5,9,-20,-20,-20,-20,-20,-20,10,10,3,13,3,-20,-20,-20,36,-20,9,18,7,-20,12,4,31,2,40,3,12,4,12,6,-20,7,2,7,29,14,15,31,23,25,34,18,-20,5,6,31,3,9,24,6,17,10,6,12,10,9,9,25,17,5,15,7,3,36,-20,7,-20,12,3,7,4,4,6,9,12,-20,7,7,-20,22,69,-20,29,29,36,18,-20,24,7,49,46,5,46,-20,6,-20,20,27,7,-20,7,-20,7,-20,-20,-20,-20,6,21,-20,-20,10,-20,14,6,-20,3,-20,-20,27,4,5,11,-20,-20,-20,8,12,5,3,-20,-20,9,-20,9,-20,6,5,9,5,8,15,3,10,12,4,22,10,-20,9,-20,-20,-20,7,9,8,13,6,2,11,-20,15,-20,-20,-20,7,6,-20,5,6,5,14,9,5,16,9,-20,16,-20,-20,8,5,7,8,11,9,-20,6,7,4,12,14,3,-20,12,12,10,8,8,8,12,12,6,11,9,14,21,12,-20,11,16,3,9,11,5,7,9,5,8,12,-20,7,9,-20,7,15,10,4,-20,13,-20,5,9,10,-20,-20,5,4,3,8,4,5,8,4,7,8,8,9,5,6,7,-20,8,9,10,4,5,9,9,10,6,6,6,9,17,6,7,6,4,4,4,8,11,16,6,8,15,6,11,12,5,10,-20,4,7,21,15,10,9,6,9,5,10,6,-20,-20,-20,13,7,3,14,9,18,-20,11,-20,14,2,8,7,15,7,7,-20,7,15,-20,7,12,6,16,7,-20,-20,4,6,6,12,6,8,-20,9,3,2,5,10,6,-20,5,8,8,-20,10,14,23,4,-20,7,10,7,4,29,3,8,12,7,16,28,4,18,6,21,13,-20,8,12,13,24,8,16,4,-20,7,18,9,13,9,8,2,12,17,15,20,15,8,12,15,12,5,16,-20,10,7,10,10,-20,9,16,11,10,-20,3,11,10,3,5,5,9,12,8,8,11,10,7,6,-20,6,16,4,-20,10,10,-20,-20,8,-20,-20,-20,8,-20,-20,-20,8,-20,11,-20,-20,-20,6,3,6,-20,-20,3,3,6,6,7,3,17,17,-20,-20,-20,6,3,7,-20,-20,6,-20,-20,11,6,-20,7,18,33,11,6,4,16,16,2,5,9,11,5,8,8,-20,6,-20,5,16,3,11,7,13,12,8,4,-20,-20,5,9,6,5,2,4,8,8,10,-20,3,4,-20,-20,-20,4,-20,-20,4,2,-20,-20,-20,3,-20,11,5,3,4,-20,4,-20,-20,6,5,3,2,-20,-20,4,-20,-20,-20,3,5,6,-20,5,10,4,-20,4,4,3,-20,3,3,-20,-20,-20,5,6,5,4,6,-20,3,-20,4,-20,-20,5,-20,3,4,3,4,3,-20,14,-20,14,18,17,13,11,35,50,38,54,-20,34,61,36,23,26,22
"chr4,7844538",3,-20,6,-20,-20,4,3,6,-20,-20,-20,3,36,21,14,13,49,5,75,40,15,4,18,22,34,30,19,22,10,-20,-20,-20,-20,-20,50,26,18,21,13,2,5,9,4,-20,2,-20,-20,-20,9,-20,4,16,20,19,23,-20,-20,53,14,44,19,20,11,29,19,20,17,30,30,6,21,15,11,25,23,33,18,7,12,12,5,18,11,-20,9,42,30,28,9,13,7,26,29,28,25,32,11,36,8,38,24,17,11,12,13,25,-20,28,33,9,4,-20,8,46,-20,-20,56,13,-20,8,5,-20,10,8,28,9,-20,17,-20,4,26,3,6,4,35,32,55,4,2,-20,-20,6,9,8,37,-20,-20,51,9,3,10,-20,-20,14,22,5,-20,-20,40,-20,4,-20,-20,3,6,8,3,-20,4,3,15,20,25,-20,-20,-20,27,-20,8,29,-20,-20,7,-20,-20,-20,-20,12,-20,-20,13,12,-20,-20,-20,-20,6,7,16,-20,-20,16,-20,-20,5,7,4,-20,-20,39,-20,19,9,7,5,8,4,-20,-20,16,7,-20,8,45,4,-20,-20,-20,24,-20,44,24,44,13,6,-20,3,11,8,-20,30,9,4,-20,3,22,3,6,-20,25,4,7,10,6,-20,9,-20,3,3,-20,9,4,-20,4,3,16,6,2,9,-20,8,4,-20,18,10,6,55,20,6,5,-20,-20,-20,-20,-20,3,-20,-20,-20,-20,-20,-20,-20,-20,-20,-20,6,6,3,3,9,-20,7,4,9,23,19,3,19,21,34,32,22,27,6,-20,-20,5,30,16,11,30,19,16,2,6,-20,-20,6,24,-20,10,3,3,20,3,-20,28,84,23,6,23,10,-20,4,5,2,-20,8,-20,-20,4,3,6,-20,-20,4,4,4,-20,-20,18,6,-20,4,-20,15,-20,4,6,-20,9,4,20,5,-20,3,43,5,10,-20,-20,7,10,18,11,22,11,7,6,6,-20,5,3,-20,-20,-20,4,73,3,4,8,6,-20,33,5,9,9,5,5,8,5,10,26,11,-20,3,7,4,-20,4,9,6,3,3,12,8,-20,9,21,8,-20,65,9,16,-20,3,-20,8,7,4,7,-20,-20,-20,-20,14,-20,-20,7,34,22,11,-20,-20,-20,21,5,8,6,4,18,9,3,6,3,8,4,-20,-20,-20,-20,5,5,12,9,-20,6,26,17,17,14,11,3,-20,6,4,5,-20,12,3,5,12,18,15,26,7,18,-20,2,-20,8,5,5,29,5,-20,4,-20,-20,4,12,-20,20,17,24,32,21,11,19,14,-20,9,23,19,7,6,27,-20,-20,7,9,-20,9,29,3,-20,3,8,6,-20,4,5,9,10,-20,-20,-20,-20,-20,10,9,3,12,3,-20,10,-20,36,-20,9,17,7,-20,11,-20,32,2,38,3,10,4,11,6,-20,7,2,7,29,14,14,30,24,24,34,18,-20,5,-20,31,3,9,24,6,17,10,5,12,9,9,9,22,16,5,13,7,3,34,-20,7,7,12,3,7,4,4,6,9,11,10,7,5,4,24,70,-20,26,30,34,18,-20,24,6,50,45,5,42,-20,6,-20,20,24,6,-20,7,-20,7,-20,-20,-20,-20,6,23,-20,-20,8,-20,14,6,-20,3,-20,-20,25,4,7,12,-20,-20,-20,8,12,5,-20,-20,-20,9,-20,9,-20,6,5,9,5,8,14,3,10,11,4,21,10,-20,8,-20,-20,-20,7,9,8,13,-20,2,12,-20,15,-20,-20,-20,7,6,-20,5,5,5,15,7,5,17,9,-20,17,-20,-20,8,5,7,8,12,8,-20,7,7,4,12,14,4,-20,13,12,10,8,8,8,12,12,6,11,8,13,21,12,-20,11,16,3,8,11,5,7,9,5,8,12,-20,7,9,-20,8,15,9,3,-20,11,-20,5,8,10,-20,-20,-20,4,3,8,4,5,-20,4,8,6,8,8,5,6,7,-20,9,7,9,3,5,8,7,9,5,5,6,8,17,5,6,7,4,3,3,8,11,16,6,8,15,6,10,12,5,9,-20,3,6,21,14,10,7,6,9,4,10,6,-20,5,6,13,7,3,13,9,17,-20,11,-20,14,2,8,7,15,7,7,6,7,12,-20,7,12,6,17,7,-20,-20,5,5,6,12,6,8,-20,9,3,2,5,9,6,-20,5,8,8,-20,8,13,23,3,-20,7,-20,6,4,30,3,8,12,-20,15,29,3,16,6,20,9,7,8,14,13,23,8,15,5,-20,7,18,8,13,-20,7,-20,12,17,15,21,14,8,12,14,12,5,16,-20,9,7,9,10,-20,10,16,11,10,-20,3,11,11,-20,4,5,9,12,8,8,10,9,6,6,-20,6,-20,4,-20,8,10,-20,-20,8,-20,-20,-20,6,-20,9,-20,7,-20,12,-20,-20,-20,6,-20,6,-20,-20,3,3,6,6,7,3,17,16,-20,-20,-20,6,3,7,-20,-20,5,-20,-20,10,6,-20,7,18,34,11,6,4,16,14,2,5,9,10,5,8,8,-20,6,-20,4,17,3,11,6,12,12,-20,4,-20,-20,5,8,6,5,-20,4,12,7,-20,-20,3,3,-20,-20,4,4,-20,3,5,2,-20,-20,-20,3,-20,11,5,3,4,-20,3,-20,-20,5,5,4,3,-20,-20,4,-20,-20,-20,4,5,-20,-20,5,9,-20,-20,4,4,-20,-20,3,3,-20,3,-20,5,7,6,-20,6,-20,3,-20,4,-20,-20,5,-20,3,5,3,4,3,-20,14,-20,13,16,17,13,11,36,52,39,52,-20,34,57,35,23,25,23
"chr4,7844545",3,-20,5,-20,-20,4,4,6,-20,-20,-20,2,33,18,12,12,46,4,78,40,18,4,19,23,39,29,19,22,9,-20,-20,3,-20,-20,48,25,19,20,13,2,4,9,5,3,3,-20,10,-20,9,2,4,14,18,16,24,-20,-20,49,12,42,19,19,13,28,19,22,18,30,34,6,21,17,10,23,24,35,15,7,17,12,5,14,11,-20,9,42,28,28,9,13,7,23,28,27,23,32,10,32,7,37,23,16,8,14,12,25,-20,27,34,8,5,-20,-20,39,-20,-20,55,14,-20,9,5,-20,11,9,28,11,-20,18,-20,4,26,-20,7,6,33,33,46,6,2,-20,-20,5,9,9,37,-20,-20,53,8,3,10,-20,-20,16,23,5,-20,-20,45,4,4,-20,3,3,5,7,3,-20,4,3,14,23,24,-20,-20,-20,27,3,7,34,-20,-20,6,-20,-20,-20,-20,11,-20,-20,13,12,-20,-20,-20,-20,6,6,16,-20,-20,14,-20,-20,5,7,-20,-20,-20,41,-20,19,11,7,5,6,-20,-20,-20,16,8,-20,7,44,4,-20,-20,-20,24,-20,44,24,44,11,6,-20,3,11,8,-20,30,9,5,-20,-20,24,-20,6,-20,27,4,5,9,6,-20,9,6,3,3,-20,9,-20,-20,5,3,17,6,5,12,7,7,-20,-20,17,10,5,50,20,-20,5,-20,17,-20,-20,-20,3,-20,-20,-20,-20,-20,-20,-20,-20,-20,-20,8,5,3,4,-20,-20,6,3,9,19,20,3,19,21,34,31,20,24,6,-20,-20,4,34,20,12,29,19,15,2,6,-20,-20,6,27,-20,10,3,3,19,3,-20,29,90,23,6,23,11,-20,4,-20,2,-20,7,-20,6,5,4,6,-20,-20,4,3,4,-20,-20,15,6,-20,4,-20,17,3,4,6,2,10,5,17,5,-20,-20,51,5,10,-20,-20,5,9,25,11,22,11,7,8,6,-20,6,3,-20,-20,-20,4,68,3,4,7,6,-20,36,6,8,8,5,5,8,4,11,27,10,3,2,7,4,-20,5,7,5,3,-20,12,9,-20,8,21,9,4,64,8,14,-20,3,-20,9,6,3,8,-20,2,-20,-20,14,-20,-20,8,29,23,11,-20,-20,-20,19,5,8,6,3,17,9,-20,6,3,8,3,-20,-20,-20,7,5,4,13,8,-20,5,21,18,18,15,7,-20,-20,6,4,5,3,13,3,5,13,14,16,26,5,16,-20,-20,-20,9,5,5,30,3,3,3,-20,-20,5,11,-20,20,16,25,31,21,9,19,16,-20,8,21,18,6,8,27,-20,-20,-20,9,-20,9,30,3,-20,-20,8,6,-20,3,5,10,9,-20,-20,-20,-20,-20,9,7,4,11,4,9,11,-20,35,-20,8,17,7,-20,12,5,32,2,32,3,12,3,12,6,-20,7,-20,8,29,10,13,28,24,24,33,16,-20,5,5,31,4,10,23,6,15,10,7,11,9,10,11,20,16,5,12,6,3,30,-20,7,6,11,-20,-20,-20,-20,-20,8,11,12,7,5,4,23,73,-20,28,31,37,18,-20,25,6,49,46,4,40,-20,7,-20,21,24,6,-20,7,-20,6,-20,-20,-20,-20,6,21,-20,-20,12,-20,15,6,-20,3,-20,-20,23,4,6,14,-20,-20,-20,10,9,-20,-20,-20,-20,10,-20,11,-20,6,4,9,6,8,16,-20,12,12,-20,22,10,-20,9,-20,-20,-20,7,8,7,12,6,-20,12,-20,15,-20,-20,-20,5,6,-20,5,5,5,12,7,4,17,10,-20,17,-20,-20,7,-20,7,6,15,6,-20,7,9,-20,11,14,5,-20,11,11,11,6,8,8,12,12,8,12,9,12,18,16,-20,10,15,4,8,9,5,6,8,4,8,13,-20,7,8,-20,9,16,8,3,-20,10,-20,4,8,10,-20,-20,-20,5,3,8,4,5,6,4,7,8,5,7,4,6,6,-20,9,7,10,3,4,9,7,8,6,5,8,9,16,6,8,7,3,4,3,8,11,15,6,6,15,7,11,12,5,9,-20,4,7,22,14,10,7,7,7,4,11,5,-20,-20,6,14,8,3,14,9,16,-20,13,-20,15,3,8,7,15,7,5,6,8,10,-20,6,11,5,17,7,-20,-20,6,6,7,10,6,8,-20,9,3,-20,5,11,6,-20,5,7,9,3,8,14,23,3,-20,8,9,4,3,25,3,-20,10,7,15,29,4,16,6,20,9,6,7,14,14,23,9,15,5,-20,7,19,8,12,7,7,-20,12,17,12,22,13,8,12,14,13,5,17,-20,10,7,10,10,-20,11,12,11,8,-20,3,10,11,-20,3,4,8,12,8,9,11,9,4,5,-20,5,14,4,-20,7,12,-20,-20,8,-20,-20,-20,6,-20,9,-20,7,-20,11,-20,-20,-20,5,-20,6,-20,-20,-20,4,6,5,8,3,17,16,-20,-20,-20,6,5,7,-20,-20,5,-20,-20,9,6,-20,7,17,32,11,-20,4,16,17,-20,6,11,10,6,9,7,-20,5,-20,4,18,3,10,5,13,12,8,3,-20,-20,4,10,7,5,3,4,16,-20,11,-20,3,2,-20,-20,4,-20,-20,4,7,-20,-20,-20,-20,3,-20,6,5,3,4,-20,3,-20,4,6,5,5,4,-20,-20,-20,-20,-20,-20,4,4,7,4,5,8,5,3,-20,-20,-20,-20,3,3,-20,-20,-20,5,7,6,7,7,-20,3,-20,3,-20,-20,5,-20,-20,6,3,3,3,-20,14,-20,14,17,14,10,9,39,57,44,44,-20,33,58,38,20,26,24
"chr4,7844549",3,-20,5,-20,-20,4,4,6,-20,-20,-20,2,32,19,12,11,47,4,76,44,18,4,19,24,39,27,16,22,8,-20,-20,3,3,-20,45,24,20,18,13,2,5,8,5,3,3,-20,9,-20,8,2,4,12,15,16,25,-20,-20,52,12,40,18,18,13,28,19,23,18,29,34,6,20,17,11,23,24,32,15,7,16,12,5,15,12,-20,9,45,29,30,9,13,7,23,26,26,23,32,10,30,7,36,25,16,8,12,12,26,-20,28,35,8,6,5,5,39,-20,-20,50,15,-20,9,5,-20,10,9,26,11,-20,15,-20,-20,26,-20,7,6,32,33,46,7,2,-20,-20,5,9,9,38,-20,-20,57,8,3,10,-20,3,16,23,4,-20,-20,45,4,4,-20,4,3,5,-20,3,3,4,3,14,23,24,-20,-20,-20,27,3,9,35,-20,-20,6,-20,-20,-20,-20,11,-20,-20,13,11,-20,-20,-20,-20,6,6,13,-20,-20,12,-20,-20,5,6,-20,-20,-20,41,-20,18,11,7,4,4,-20,-20,-20,16,10,-20,7,45,4,-20,-20,-20,22,-20,44,23,43,11,6,-20,-20,11,8,-20,29,9,5,-20,-20,24,-20,5,-20,24,5,4,9,6,-20,9,8,3,2,-20,8,6,-20,5,3,16,6,6,11,7,7,-20,-20,17,8,4,51,20,-20,6,-20,18,-20,-20,-20,-20,-20,-20,-20,-20,-20,-20,-20,-20,-20,-20,8,5,3,4,-20,-20,7,4,8,19,20,3,19,20,34,31,22,-20,5,-20,-20,4,35,22,12,29,18,14,2,6,-20,-20,6,26,-20,10,3,-20,18,4,-20,29,87,23,6,27,11,-20,4,-20,2,-20,6,-20,6,5,4,6,-20,-20,4,3,4,-20,-20,16,7,-20,4,-20,16,3,4,6,2,9,6,18,5,4,2,50,5,9,-20,-20,4,8,25,12,23,10,7,7,6,-20,6,4,-20,-20,-20,4,73,3,4,7,6,-20,35,5,8,7,5,6,8,5,11,27,9,4,2,7,4,-20,4,6,5,3,-20,13,9,-20,8,22,9,5,61,7,13,-20,3,-20,-20,6,3,7,-20,2,-20,-20,14,-20,-20,7,27,22,11,-20,-20,-20,19,5,6,6,3,14,9,-20,6,3,7,3,-20,-20,-20,7,4,4,13,8,-20,5,21,20,19,14,7,-20,-20,6,4,4,4,15,3,5,13,13,15,26,5,19,-20,-20,-20,8,5,5,27,3,3,3,-20,-20,5,9,-20,20,16,27,27,22,8,20,17,-20,8,22,18,7,8,23,-20,-20,-20,9,-20,9,33,3,-20,-20,7,5,-20,3,5,10,7,-20,-20,-20,-20,-20,8,5,4,11,4,9,9,-20,34,-20,7,16,7,-20,15,5,33,2,30,3,13,3,13,6,-20,7,-20,8,22,10,13,27,23,23,32,16,-20,5,5,31,4,10,22,5,15,10,8,12,9,10,11,20,16,5,11,6,3,31,-20,7,6,12,-20,-20,-20,-20,-20,8,11,11,-20,5,4,22,81,-20,30,32,38,18,-20,22,6,49,47,4,42,-20,4,-20,21,24,6,-20,8,-20,-20,-20,-20,-20,-20,6,20,-20,-20,12,-20,14,4,-20,3,-20,-20,24,5,5,15,-20,-20,-20,10,9,-20,-20,-20,-20,10,-20,11,-20,6,4,9,6,8,16,-20,11,12,-20,22,10,-20,8,-20,-20,-20,8,8,7,11,6,3,11,-20,15,-20,-20,-20,5,6,-20,6,5,5,12,7,-20,16,10,-20,17,-20,-20,7,-20,6,6,14,7,-20,7,10,-20,10,15,5,-20,11,11,11,5,8,8,14,9,7,12,11,13,19,16,-20,9,15,3,9,9,5,6,8,4,-20,13,-20,7,8,-20,9,16,8,-20,-20,10,-20,5,8,10,-20,-20,-20,5,-20,8,4,5,6,5,8,9,5,7,3,6,4,-20,10,8,9,3,4,9,7,8,-20,4,8,8,16,6,8,7,2,4,3,9,12,15,8,6,14,7,11,11,5,9,-20,4,8,22,15,11,7,10,7,4,10,5,-20,-20,6,13,7,3,13,-20,16,3,11,-20,14,3,8,7,12,6,4,8,8,9,-20,6,11,5,17,7,-20,-20,6,6,7,11,6,8,-20,9,-20,-20,5,11,6,-20,5,7,10,4,8,14,19,3,-20,8,9,4,2,23,3,-20,11,6,16,28,5,16,4,20,12,6,7,15,15,23,8,14,-20,5,7,19,7,13,5,7,3,12,16,12,21,13,8,12,16,13,5,16,-20,12,7,10,9,-20,10,10,12,8,-20,-20,10,10,-20,4,4,7,13,8,9,12,9,-20,5,-20,4,13,3,-20,-20,9,-20,-20,8,-20,-20,-20,6,-20,9,-20,7,-20,11,-20,-20,-20,5,-20,-20,-20,-20,3,5,6,5,8,3,18,16,-20,-20,-20,7,5,6,-20,-20,5,-20,-20,9,6,-20,7,16,31,11,7,4,16,16,-20,6,11,10,6,10,7,-20,4,-20,5,19,3,9,5,12,12,8,3,-20,-20,4,10,8,5,3,5,16,7,11,-20,-20,3,-20,-20,5,-20,-20,-20,6,-20,-20,-20,-20,3,-20,6,5,-20,4,-20,-20,-20,-20,3,3,5,-20,-20,-20,-20,-20,-20,-20,4,4,4,3,6,7,3,3,5,-20,-20,-20,-20,7,-20,-20,-20,4,-20,6,6,8,-20,3,-20,3,-20,-20,-20,-20,-20,6,-20,4,3,-20,13,-20,13,17,12,10,10,41,58,46,44,-20,36,54,38,17,26,25
"chr4,7844551",-20,-20,5,-20,-20,4,4,6,-20,-20,-20,2,32,22,12,11,48,4,76,44,18,4,19,23,38,27,15,22,8,-20,-20,3,3,-20,46,25,20,19,13,2,4,8,5,4,3,-20,8,-20,8,2,4,11,15,16,23,-20,-20,53,12,40,18,20,13,28,19,24,18,29,32,6,20,16,12,23,23,32,15,6,15,12,5,15,12,-20,9,46,28,30,8,13,7,23,27,26,22,34,7,28,6,35,24,16,8,11,12,26,5,28,35,8,6,5,5,37,-20,-20,52,14,-20,9,5,-20,10,8,24,11,-20,13,-20,-20,26,-20,7,6,30,32,46,7,2,-20,-20,5,9,9,38,-20,-20,56,6,3,10,-20,3,16,23,4,-20,-20,46,5,4,-20,4,3,4,-20,3,3,4,4,14,25,24,-20,-20,-20,27,3,9,37,-20,-20,6,-20,-20,-20,-20,11,-20,-20,13,11,-20,-20,-20,-20,6,6,12,-20,-20,11,-20,-20,5,6,-20,-20,-20,43,-20,17,10,7,-20,4,-20,-20,-20,16,11,-20,7,45,4,-20,-20,-20,21,-20,44,20,43,9,6,-20,-20,10,8,-20,31,10,5,-20,-20,24,-20,4,-20,25,4,3,10,6,-20,6,8,3,-20,-20,8,6,-20,5,3,16,5,6,11,7,7,-20,-20,17,8,4,51,20,6,5,-20,17,-20,-20,-20,-20,-20,-20,-20,-20,-20,-20,-20,-20,-20,-20,10,4,-20,4,9,-20,6,4,8,18,20,3,19,20,33,33,23,-20,5,-20,-20,4,36,23,11,28,18,14,2,7,-20,-20,6,26,-20,10,3,-20,18,4,-20,29,91,23,6,29,10,-20,4,-20,2,-20,6,-20,6,4,4,7,-20,-20,4,3,3,-20,-20,14,7,-20,3,-20,16,3,-20,6,2,9,5,18,5,4,2,49,5,8,-20,-20,4,8,24,12,22,10,6,7,6,-20,6,4,-20,-20,-20,4,72,3,4,7,6,-20,34,5,7,7,5,6,8,5,11,28,9,4,2,-20,4,-20,4,6,5,3,-20,12,8,-20,8,21,9,5,62,7,13,-20,3,-20,-20,6,3,7,-20,2,-20,-20,12,3,-20,7,27,22,11,-20,-20,-20,18,5,6,5,3,12,9,-20,6,-20,8,3,-20,-20,3,7,4,5,13,9,-20,5,22,23,19,14,7,-20,-20,6,4,4,4,15,3,4,14,12,15,27,5,19,-20,-20,-20,7,5,5,25,3,3,3,-20,-20,5,9,-20,20,15,26,27,22,8,20,17,-20,7,22,19,7,8,23,-20,-20,-20,9,-20,9,34,3,-20,-20,6,5,-20,3,5,10,7,-20,-20,-20,-20,-20,8,5,4,11,4,9,8,-20,33,-20,7,14,6,-20,14,4,33,2,25,3,13,3,14,6,-20,6,-20,8,20,9,12,28,26,23,29,15,-20,5,5,29,4,10,16,5,14,10,6,12,8,9,11,18,14,5,10,5,3,31,-20,6,6,10,-20,-20,-20,-20,-20,7,11,11,6,5,3,23,82,-20,32,35,37,16,-20,21,5,48,47,4,41,-20,4,-20,20,24,6,-20,8,-20,-20,-20,-20,-20,-20,6,19,-20,3,12,-20,14,4,-20,3,-20,-20,23,6,5,15,-20,-20,-20,10,8,-20,-20,-20,-20,9,-20,11,-20,5,4,8,6,7,15,-20,10,12,-20,21,10,-20,8,-20,-20,-20,8,8,6,11,6,3,11,-20,15,-20,-20,-20,5,5,-20,5,5,4,12,6,-20,15,8,-20,17,-20,-20,7,-20,6,6,14,7,-20,7,10,-20,10,14,5,-20,11,11,-20,5,8,7,14,9,7,12,9,12,18,13,-20,9,15,3,9,9,4,6,8,3,-20,13,-20,6,9,-20,9,15,7,-20,-20,10,-20,5,8,10,-20,-20,-20,4,-20,7,4,5,5,5,7,9,5,7,3,6,4,-20,9,7,9,3,4,9,7,10,6,4,8,8,16,6,8,7,-20,4,3,9,10,15,7,6,14,7,11,11,5,6,-20,4,8,22,13,9,-20,9,6,4,10,5,-20,-20,6,13,7,3,13,8,16,3,11,-20,14,3,7,-20,12,6,4,8,8,8,-20,5,11,5,16,6,-20,-20,6,5,7,11,5,8,-20,9,-20,-20,5,9,6,-20,5,6,10,4,7,10,19,4,-20,6,9,4,2,21,3,-20,10,6,15,27,5,16,4,18,11,6,7,15,15,22,8,14,5,5,7,19,7,11,5,7,3,11,14,13,21,13,8,11,15,13,4,16,-20,11,7,10,9,-20,10,10,11,8,-20,-20,9,9,-20,4,5,7,11,7,8,11,7,-20,5,-20,4,11,3,-20,-20,8,-20,-20,8,-20,-20,-20,6,-20,7,-20,6,-20,11,-20,-20,-20,4,-20,6,-20,-20,-20,5,6,5,8,3,17,15,-20,-20,-20,5,5,5,-20,-20,4,-20,-20,9,5,-20,6,16,30,11,6,4,13,16,-20,6,11,9,6,10,6,-20,3,-20,4,19,3,8,5,12,11,8,3,-20,-20,4,9,8,5,3,5,16,7,11,-20,-20,3,-20,-20,5,-20,-20,-20,7,-20,-20,-20,-20,3,-20,5,4,-20,4,-20,-20,-20,4,3,4,5,-20,-20,-20,-20,-20,-20,-20,3,4,4,-20,6,10,-20,3,5,-20,-20,-20,3,7,4,-20,-20,4,7,4,5,9,-20,3,-20,3,-20,-20,4,-20,-20,4,-20,4,3,-20,13,-20,13,17,11,11,10,42,59,46,44,-20,36,53,36,15,25,24
"chr4,7844552",-20,-20,5,-20,-20,-20,4,6,-20,-20,-20,2,32,23,11,10,48,4,75,44,20,3,18,24,38,28,15,21,8,-20,-20,3,3,-20,47,26,20,19,13,2,4,-20,5,4,3,-20,8,-20,8,2,4,11,15,16,23,-20,-20,54,13,40,18,20,14,28,19,25,18,30,32,-20,19,17,12,23,23,32,14,6,15,12,5,16,11,-20,9,48,28,30,7,12,7,21,27,26,22,34,7,28,6,35,24,18,8,10,12,25,5,28,35,8,5,5,5,37,-20,-20,51,14,-20,9,5,-20,10,8,25,11,-20,13,-20,-20,26,-20,7,6,30,32,46,7,2,-20,-20,4,9,9,38,-20,-20,58,5,-20,9,-20,3,16,22,4,-20,-20,44,4,4,-20,4,-20,4,-20,3,3,4,4,14,26,21,-20,-20,-20,27,3,9,38,-20,-20,7,-20,-20,-20,-20,10,-20,-20,13,11,-20,-20,-20,-20,6,6,12,-20,-20,12,-20,-20,5,6,-20,-20,-20,43,-20,17,10,7,-20,4,-20,-20,-20,16,11,-20,7,45,4,-20,-20,-20,19,-20,44,19,43,9,6,-20,-20,10,9,-20,31,9,5,-20,-20,24,-20,4,-20,26,4,3,10,4,-20,7,8,3,-20,-20,9,6,-20,5,3,16,5,6,11,6,7,-20,-20,17,8,4,52,21,5,5,-20,18,-20,-20,-20,-20,-20,-20,-20,-20,-20,-20,-20,-20,-20,-20,10,4,-20,4,-20,-20,6,4,8,18,20,3,19,20,34,33,23,-20,5,-20,-20,4,36,23,11,28,18,13,2,7,-20,-20,6,26,-20,10,3,-20,19,4,-20,29,92,24,6,29,10,-20,4,-20,2,-20,6,-20,6,4,-20,7,-20,-20,4,3,3,-20,-20,15,7,-20,4,-20,17,3,4,6,2,9,5,18,5,4,2,50,5,8,-20,-20,4,8,25,12,22,10,6,7,6,-20,6,4,-20,-20,-20,4,71,3,4,7,6,-20,34,5,7,6,4,-20,8,5,11,30,9,4,2,7,4,-20,5,6,5,3,-20,12,8,-20,8,21,9,6,62,7,13,-20,3,-20,-20,6,3,7,-20,2,-20,-20,14,3,-20,7,27,22,10,-20,-20,-20,18,5,6,5,3,12,9,-20,6,-20,9,-20,-20,-20,3,7,4,5,13,9,-20,5,22,24,19,15,7,-20,-20,6,5,3,4,15,3,4,14,12,15,26,5,19,-20,-20,-20,7,5,5,26,3,3,-20,-20,-20,5,9,-20,20,15,27,28,22,8,20,17,-20,8,23,20,6,7,23,-20,-20,-20,9,-20,9,36,3,-20,-20,6,5,-20,3,5,10,6,-20,-20,-20,-20,-20,9,5,4,11,4,10,8,-20,33,-20,8,15,5,-20,14,4,35,2,24,3,14,3,14,7,-20,7,-20,8,22,9,12,28,26,23,29,14,-20,5,4,27,4,10,16,5,14,9,6,11,8,9,12,18,14,5,10,5,3,30,-20,6,6,9,-20,-20,-20,-20,-20,4,11,11,6,4,3,22,83,-20,32,35,37,16,-20,21,5,48,47,4,42,-20,4,-20,20,23,6,-20,8,-20,-20,-20,-20,-20,-20,6,18,-20,-20,12,-20,13,4,-20,3,-20,-20,27,6,5,15,-20,-20,-20,10,7,-20,-20,-20,-20,8,-20,10,-20,5,4,8,5,6,14,-20,10,12,-20,21,10,-20,8,-20,-20,-20,7,6,6,11,5,-20,10,-20,15,-20,-20,-20,4,5,-20,5,5,4,11,6,-20,14,8,-20,16,-20,-20,7,-20,6,6,14,7,-20,7,10,-20,10,13,5,-20,10,11,10,5,8,7,13,-20,-20,12,9,12,18,13,-20,8,15,3,9,9,4,6,7,3,-20,13,-20,6,9,-20,9,14,7,-20,-20,10,-20,4,4,8,-20,-20,-20,3,-20,6,4,4,5,5,-20,9,5,4,-20,6,3,-20,9,7,9,3,4,9,7,10,5,4,7,7,16,6,7,7,2,4,3,9,8,14,7,6,14,7,11,11,5,3,-20,3,8,22,13,9,6,9,5,3,9,5,-20,-20,5,13,-20,-20,12,7,16,3,11,-20,14,3,7,-20,12,6,4,8,7,8,-20,5,11,5,15,6,-20,-20,6,5,7,11,4,8,-20,9,-20,-20,5,9,6,-20,5,6,10,4,7,10,18,4,-20,6,9,4,2,21,3,9,10,6,15,26,5,16,4,16,11,6,-20,15,15,21,8,13,5,5,7,19,7,11,5,7,3,10,13,12,21,12,8,11,15,11,4,14,-20,11,7,10,9,-20,9,9,10,8,-20,-20,8,9,-20,4,5,7,10,6,8,11,7,-20,5,-20,4,11,4,-20,-20,8,-20,-20,8,-20,-20,-20,5,-20,7,-20,6,-20,10,-20,-20,-20,4,-20,6,-20,-20,-20,5,6,5,8,3,16,11,-20,-20,-20,5,5,4,-20,-20,4,-20,-20,9,5,-20,6,16,30,10,6,3,13,16,-20,6,11,9,6,10,5,-20,3,-20,4,19,3,8,5,12,11,8,-20,-20,-20,4,8,8,5,4,5,16,7,10,-20,-20,3,-20,-20,4,-20,-20,-20,6,-20,-20,-20,-20,3,-20,4,6,3,4,-20,-20,-20,-20,4,-20,4,4,-20,-20,-20,-20,-20,-20,3,4,4,4,6,10,2,3,4,-20,-20,-20,3,-20,3,-20,-20,4,7,7,5,9,-20,-20,-20,3,-20,-20,4,-20,-20,-20,-20,-20,-20,-20,12,-20,13,17,10,11,10,42,60,46,43,-20,36,56,35,15,26,25
"chr4,7844556",3,-20,-20,-20,-20,-20,5,6,-20,-20,-20,2,31,23,11,10,44,4,75,46,20,3,18,22,38,26,14,21,7,-20,-20,3,4,-20,48,25,20,19,14,-20,4,8,5,5,3,-20,9,-20,5,2,4,8,14,16,-20,-20,-20,52,13,39,18,20,14,26,20,23,19,30,34,9,17,16,14,24,22,33,13,6,16,14,5,16,9,-20,9,47,28,32,7,12,7,22,26,20,22,33,7,28,6,32,23,16,8,10,13,23,-20,26,35,10,6,7,-20,35,-20,-20,49,14,-20,10,5,-20,10,8,27,11,-20,11,-20,-20,26,-20,7,6,30,31,42,8,2,-20,-20,4,9,9,38,-20,-20,60,5,-20,8,-20,4,16,20,-20,-20,-20,46,4,4,-20,5,-20,4,-20,3,4,4,4,15,24,21,-20,-20,-20,27,3,9,44,-20,-20,7,-20,-20,-20,-20,12,-20,-20,14,12,-20,-20,-20,-20,6,6,10,-20,-20,12,-20,-20,5,6,-20,-20,-20,41,-20,17,10,7,-20,4,-20,-20,-20,16,11,-20,7,42,4,-20,-20,-20,16,-20,40,17,43,9,6,-20,-20,7,11,-20,31,10,5,-20,-20,26,2,4,-20,26,4,3,10,4,-20,-20,6,3,-20,-20,10,7,-20,4,-20,15,5,6,10,4,8,-20,-20,15,8,5,53,18,5,5,-20,16,-20,-20,-20,-20,-20,-20,-20,-20,-20,-20,-20,-20,-20,-20,11,-20,-20,-20,7,-20,6,5,9,17,21,3,19,21,37,34,22,-20,-20,-20,-20,4,34,24,11,28,17,13,3,7,-20,-20,6,-20,-20,9,3,-20,18,4,-20,30,87,26,5,29,10,-20,4,-20,-20,-20,5,-20,7,4,4,7,-20,-20,4,3,3,-20,-20,14,7,3,3,-20,16,3,4,7,2,8,5,18,5,4,2,51,5,8,-20,-20,4,7,24,12,22,11,6,7,6,-20,7,4,-20,-20,-20,4,73,3,4,5,4,-20,32,6,7,4,4,5,8,5,11,29,6,-20,2,7,5,-20,5,5,6,3,3,11,4,-20,8,19,9,5,63,7,13,-20,3,-20,-20,6,3,7,-20,-20,-20,-20,13,3,-20,7,23,20,12,-20,-20,-20,18,5,6,4,3,12,7,-20,5,-20,9,-20,-20,-20,3,5,4,5,13,8,-20,4,22,26,19,14,8,2,-20,6,5,3,4,14,3,5,14,14,14,22,5,19,-20,-20,-20,7,5,5,26,3,3,3,-20,-20,5,8,3,20,15,27,28,20,8,20,19,-20,8,22,20,6,8,23,-20,-20,-20,7,-20,-20,37,3,-20,-20,5,6,-20,3,3,9,6,-20,-20,-20,-20,-20,9,5,4,10,4,7,9,-20,31,-20,8,15,5,-20,14,4,34,2,22,3,14,2,14,7,-20,8,2,7,21,6,9,27,26,25,26,14,-20,5,4,28,4,10,17,5,14,9,6,9,8,9,13,18,13,5,10,5,4,33,-20,6,6,10,-20,-20,-20,-20,4,4,12,12,6,4,3,22,84,-20,31,33,34,17,-20,20,5,45,48,4,42,-20,3,-20,20,22,6,-20,8,-20,-20,-20,-20,-20,-20,6,17,-20,-20,11,-20,10,3,-20,3,-20,-20,28,6,4,12,-20,-20,-20,11,-20,-20,-20,-20,-20,7,-20,11,-20,5,4,8,5,6,14,-20,9,13,-20,21,10,-20,8,-20,-20,-20,7,6,6,11,5,-20,10,-20,16,-20,-20,-20,5,5,-20,-20,5,4,10,6,-20,14,8,-20,16,-20,-20,6,-20,6,7,14,7,-20,8,11,-20,10,13,5,-20,11,11,11,5,9,10,13,9,-20,14,9,12,19,13,-20,8,15,3,11,10,4,6,7,3,-20,14,-20,6,9,-20,10,14,7,-20,-20,10,-20,4,4,10,-20,-20,-20,3,-20,6,4,4,5,6,7,9,6,3,-20,6,3,-20,9,7,8,3,-20,10,7,11,5,4,7,7,19,8,7,8,-20,4,3,9,11,15,8,7,13,6,11,11,6,3,-20,5,9,22,14,11,7,10,6,5,8,5,-20,-20,5,14,7,-20,13,-20,17,4,11,-20,16,3,7,-20,12,6,5,8,7,8,-20,5,13,5,18,6,-20,-20,-20,5,7,12,5,7,-20,11,-20,-20,6,10,6,-20,5,6,11,4,7,10,20,-20,-20,6,9,3,2,17,3,9,10,7,16,28,6,18,4,17,11,6,-20,15,15,22,9,13,7,3,7,21,7,12,5,8,3,10,15,12,22,12,8,12,15,11,4,15,-20,14,7,11,9,-20,9,8,10,9,-20,-20,8,9,3,6,5,8,9,-20,8,11,8,-20,5,-20,5,11,4,-20,-20,8,-20,-20,6,-20,-20,-20,5,-20,7,-20,6,-20,9,-20,-20,-20,3,-20,6,-20,-20,3,5,6,6,8,3,17,13,-20,-20,-20,5,4,-20,-20,-20,4,-20,-20,10,5,-20,6,18,36,11,6,3,16,20,-20,6,11,9,7,10,-20,-20,4,-20,3,19,3,8,5,12,13,8,-20,-20,-20,4,10,10,5,5,6,13,8,14,-20,-20,-20,-20,-20,-20,-20,-20,-20,6,-20,-20,-20,-20,3,-20,-20,4,-20,-20,-20,-20,-20,-20,3,3,3,-20,-20,-20,-20,-20,-20,-20,-20,-20,4,4,6,7,-20,-20,4,-20,-20,-20,2,7,-20,-20,-20,4,6,6,6,8,-20,3,-20,-20,3,-20,5,-20,-20,4,-20,-20,3,-20,10,-20,13,18,10,12,8,44,62,47,44,-20,36,53,35,12,24,24
"chr4,7844557",3,-20,-20,-20,-20,-20,5,6,-20,-20,-20,2,31,23,11,9,46,4,76,46,20,3,18,22,38,25,14,21,7,-20,-20,3,4,-20,47,25,20,19,14,-20,4,7,-20,5,3,-20,9,-20,5,2,4,8,14,16,23,-20,-20,49,13,39,18,21,15,25,20,23,19,30,34,9,18,16,14,25,22,33,14,6,15,14,5,16,9,-20,9,47,28,31,6,12,7,22,26,20,22,33,7,28,6,33,23,16,8,10,14,22,-20,27,35,10,6,7,-20,35,-20,-20,50,14,-20,10,5,-20,10,8,27,10,-20,11,-20,-20,27,-20,7,6,30,31,42,8,2,-20,-20,4,9,10,38,-20,-20,60,5,-20,8,-20,4,17,21,-20,-20,-20,46,4,4,-20,5,-20,4,-20,3,4,4,4,15,23,21,-20,-20,-20,27,3,9,45,-20,-20,7,-20,-20,-20,-20,12,-20,-20,14,11,-20,-20,-20,-20,6,6,10,-20,-20,13,-20,-20,5,6,-20,-20,-20,41,-20,17,10,7,-20,4,-20,-20,-20,16,11,-20,7,42,4,-20,-20,-20,-20,-20,41,17,43,9,6,-20,-20,7,11,-20,30,9,5,-20,-20,26,2,4,-20,28,4,3,11,4,-20,6,-20,3,-20,-20,10,6,-20,4,-20,14,-20,6,10,4,7,-20,-20,15,8,5,53,18,4,4,-20,16,-20,-20,-20,-20,-20,-20,-20,-20,-20,-20,-20,-20,-20,-20,11,-20,-20,4,7,-20,6,5,9,16,21,3,19,21,37,34,23,-20,-20,-20,-20,4,34,25,11,27,17,13,3,7,-20,-20,6,26,-20,9,3,-20,18,4,-20,31,88,26,5,30,10,-20,4,-20,-20,-20,5,-20,7,4,4,7,-20,-20,4,3,3,-20,-20,14,8,3,3,-20,16,3,4,7,2,8,5,18,5,4,2,52,-20,8,-20,-20,4,7,23,12,22,10,5,8,5,-20,7,4,-20,-20,-20,4,73,3,4,5,4,-20,32,6,7,4,4,5,8,5,12,29,5,-20,2,-20,5,-20,5,5,6,3,3,11,4,-20,-20,19,9,5,65,7,13,-20,3,-20,-20,6,3,7,-20,-20,-20,-20,12,3,-20,7,23,21,12,-20,-20,-20,18,5,6,4,3,11,6,-20,5,-20,9,-20,-20,-20,3,5,4,5,13,8,-20,4,22,26,19,14,8,2,-20,6,5,3,4,14,3,5,16,14,14,21,5,18,-20,-20,-20,7,5,5,26,3,3,3,-20,-20,5,8,3,20,15,26,28,20,8,20,20,-20,8,22,20,6,8,23,-20,-20,-20,7,-20,9,36,3,-20,-20,5,6,-20,3,3,9,6,-20,-20,-20,-20,4,10,5,4,10,4,7,9,-20,30,-20,8,15,5,-20,13,4,34,2,22,3,14,2,13,7,-20,8,2,4,21,6,9,27,26,25,27,14,-20,5,4,27,4,12,17,4,14,9,6,9,8,9,13,18,12,5,10,5,4,33,-20,6,6,10,-20,-20,-20,-20,4,4,12,12,6,5,3,22,81,-20,31,34,35,17,-20,20,5,44,46,4,41,-20,3,-20,20,22,5,-20,8,-20,-20,-20,-20,-20,-20,6,16,-20,-20,11,-20,9,3,-20,3,-20,-20,28,6,4,11,-20,-20,-20,11,7,-20,-20,-20,-20,7,-20,11,-20,5,4,-20,5,6,14,-20,9,13,-20,21,10,-20,8,-20,-20,-20,7,6,6,11,5,-20,9,-20,16,-20,-20,-20,5,5,-20,-20,-20,4,11,6,-20,14,8,-20,16,-20,-20,6,-20,6,7,14,7,-20,8,11,-20,10,13,-20,-20,11,11,10,5,9,10,12,9,-20,14,9,11,19,12,-20,8,15,3,11,10,-20,6,-20,3,-20,14,-20,6,9,-20,10,14,7,-20,-20,10,-20,4,4,10,-20,-20,-20,3,-20,6,4,4,5,6,7,9,6,3,-20,6,3,-20,9,7,8,3,-20,10,7,11,5,4,7,7,20,8,7,8,-20,4,3,9,11,15,-20,7,13,6,11,11,6,3,-20,5,9,23,14,11,7,10,6,5,8,5,-20,-20,5,13,7,-20,13,-20,17,4,11,-20,16,3,7,-20,12,6,5,8,7,8,-20,5,13,5,18,6,-20,-20,-20,5,7,12,5,7,-20,11,-20,-20,6,10,6,-20,5,6,11,4,7,10,19,-20,-20,6,9,3,-20,15,3,9,10,7,16,28,6,18,4,17,11,6,-20,15,15,22,9,13,7,3,7,21,7,12,5,8,3,10,15,12,22,12,8,12,14,11,4,15,-20,14,7,11,9,-20,9,8,10,9,-20,-20,8,9,3,6,5,8,9,-20,8,11,8,-20,5,-20,5,11,4,-20,-20,8,-20,-20,6,-20,-20,-20,5,-20,7,-20,6,-20,9,-20,-20,-20,3,-20,6,-20,-20,3,5,6,6,8,3,17,13,-20,-20,-20,5,4,-20,-20,-20,4,-20,-20,10,5,-20,6,18,35,11,6,3,16,20,-20,6,11,9,7,10,-20,-20,4,-20,3,19,3,8,5,12,13,7,-20,-20,-20,4,10,11,5,5,6,14,8,13,-20,-20,5,-20,-20,4,-20,-20,-20,5,-20,-20,-20,-20,3,-20,-20,4,3,-20,-20,-20,-20,-20,3,3,3,5,2,-20,-20,-20,-20,-20,3,-20,4,4,-20,-20,-20,-20,5,-20,-20,3,-20,7,3,3,-20,4,6,7,7,7,-20,-20,-20,-20,-20,-20,4,-20,-20,5,-20,-20,-20,-20,10,-20,13,18,10,12,8,44,63,47,44,-20,36,52,37,12,24,24
"chr4,7844558",3,-20,-20,-20,-20,-20,5,6,-20,-20,-20,2,29,22,11,9,46,4,76,46,20,3,18,21,37,25,14,21,7,-20,-20,3,4,-20,49,25,20,19,15,-20,4,6,-20,5,3,-20,9,-20,5,2,4,7,14,16,22,-20,-20,50,12,38,18,21,15,26,20,23,18,30,34,10,18,17,14,24,22,34,13,6,15,13,5,16,9,-20,9,47,30,31,6,12,7,22,26,23,20,32,7,27,6,32,23,16,8,10,14,23,-20,27,34,10,6,7,-20,34,-20,-20,51,14,-20,10,5,-20,8,8,28,10,-20,6,-20,-20,29,-20,7,6,31,31,42,8,2,-20,-20,4,9,10,38,-20,-20,60,5,-20,7,-20,4,17,22,-20,-20,-20,46,4,4,-20,5,-20,4,-20,3,4,-20,4,15,26,24,-20,-20,-20,27,3,9,45,-20,-20,7,-20,-20,-20,-20,12,-20,-20,14,11,-20,-20,-20,-20,6,6,10,-20,-20,13,-20,-20,5,5,-20,-20,-20,41,-20,18,11,6,-20,4,-20,-20,-20,16,11,-20,7,44,3,-20,-20,-20,13,-20,41,17,43,9,6,-20,-20,6,11,-20,30,9,5,-20,-20,27,2,5,-20,26,4,3,10,4,3,6,6,2,-20,-20,11,6,-20,4,-20,15,-20,6,10,4,7,-20,-20,14,8,5,53,18,4,4,-20,15,-20,-20,-20,-20,-20,-20,-20,2,-20,-20,-20,-20,-20,-20,11,-20,-20,4,7,-20,6,5,9,16,22,3,19,21,36,33,23,-20,-20,-20,-20,4,34,24,-20,27,17,13,3,7,-20,-20,6,26,-20,8,2,-20,18,4,-20,32,90,26,5,30,10,-20,4,-20,-20,-20,5,-20,7,4,4,7,-20,-20,4,3,3,-20,-20,14,8,3,3,-20,16,3,4,7,2,8,5,18,5,-20,2,52,-20,8,-20,-20,4,7,24,12,22,9,5,8,5,-20,7,4,-20,-20,-20,4,75,3,4,6,4,-20,32,6,7,4,4,5,7,5,12,30,5,-20,2,7,4,-20,5,5,6,3,3,11,4,-20,9,19,9,5,64,7,13,-20,3,-20,-20,6,3,7,-20,-20,-20,-20,12,3,-20,7,23,21,12,-20,-20,-20,18,5,6,4,3,11,6,-20,5,-20,9,-20,-20,-20,3,5,3,5,13,8,-20,3,22,26,19,13,8,-20,-20,6,5,3,4,14,3,4,15,13,15,21,5,19,-20,-20,-20,7,5,5,26,3,3,-20,-20,-20,6,8,3,19,16,26,28,20,8,20,20,-20,8,22,21,6,8,23,-20,-20,-20,6,-20,9,36,3,-20,-20,5,6,-20,-20,3,9,6,-20,-20,-20,-20,4,11,5,4,10,4,-20,11,-20,30,-20,8,15,5,-20,13,4,33,2,22,3,14,2,14,7,-20,8,-20,3,20,6,9,27,26,25,27,13,-20,5,4,25,4,12,16,3,14,9,6,9,8,9,13,18,13,5,10,5,4,33,-20,6,6,10,-20,-20,-20,-20,4,4,12,12,6,5,3,22,83,-20,31,35,35,17,-20,20,5,45,46,4,41,-20,3,-20,19,21,5,-20,8,-20,-20,-20,-20,-20,-20,6,15,-20,-20,11,-20,-20,3,-20,3,-20,-20,27,6,5,12,-20,-20,-20,11,7,-20,-20,-20,-20,7,-20,11,-20,5,5,-20,5,6,13,-20,9,12,-20,21,10,-20,7,-20,-20,-20,6,6,6,11,5,-20,9,-20,16,-20,-20,-20,5,5,-20,-20,5,4,10,6,-20,14,8,-20,15,-20,-20,6,-20,6,7,14,7,-20,8,11,-20,10,13,-20,-20,11,11,11,5,9,10,12,9,-20,14,9,11,19,13,-20,8,15,3,11,10,4,6,-20,3,-20,14,-20,6,9,-20,10,14,7,-20,-20,10,-20,4,4,10,-20,-20,-20,-20,-20,6,4,4,5,6,7,9,-20,3,-20,6,3,-20,-20,7,8,3,-20,10,7,11,5,4,7,7,20,8,7,8,-20,-20,3,9,11,15,8,7,12,6,11,11,6,3,-20,5,9,23,13,8,7,10,6,5,8,5,-20,-20,5,14,7,-20,13,-20,16,4,10,-20,15,3,6,-20,12,6,5,8,7,8,-20,5,13,5,18,5,-20,-20,-20,5,7,12,5,7,-20,11,-20,-20,6,-20,6,-20,5,6,11,4,7,10,20,-20,-20,6,9,4,-20,15,3,9,10,8,16,27,6,18,4,17,10,6,-20,15,15,21,9,13,7,3,7,21,7,12,5,7,3,10,13,12,21,12,8,12,15,10,4,15,-20,14,7,11,8,2,9,8,10,8,-20,-20,8,9,3,6,5,8,9,-20,8,11,8,-20,5,-20,5,11,4,-20,-20,8,-20,-20,6,-20,-20,-20,5,-20,7,-20,6,-20,9,-20,-20,-20,3,-20,6,-20,-20,3,5,6,6,8,3,17,13,-20,-20,-20,5,4,-20,-20,-20,4,-20,-20,10,5,-20,6,18,35,11,6,3,16,20,-20,6,11,9,7,10,-20,-20,4,-20,3,19,3,8,5,12,13,7,-20,-20,-20,4,10,11,5,5,6,14,8,13,-20,-20,5,9,-20,5,-20,-20,-20,7,-20,-20,-20,-20,-20,-20,-20,5,3,3,-20,-20,-20,-20,3,2,3,3,-20,-20,-20,-20,-20,-20,-20,-20,3,4,5,7,-20,-20,3,-20,-20,3,2,7,-20,3,-20,4,5,4,6,8,-20,-20,2,-20,4,-20,3,-20,-20,5,-20,-20,-20,-20,10,-20,13,18,10,12,8,44,62,48,44,-20,36,50,37,12,23,24
"chr4,7844559",3,-20,-20,-20,-20,-20,5,6,-20,-20,-20,2,27,19,11,9,47,4,74,47,21,3,17,20,37,26,14,21,7,-20,-20,3,4,-20,49,24,21,18,15,-20,3,6,3,6,3,-20,9,-20,4,2,4,6,13,16,22,-20,-20,51,13,39,18,21,15,25,21,24,18,30,34,10,16,17,14,24,23,33,13,6,14,12,5,16,10,-20,9,45,30,33,5,12,7,22,26,23,19,31,7,28,6,33,22,17,7,8,13,23,4,28,33,10,6,7,-20,36,-20,-20,51,13,-20,10,5,-20,8,8,28,10,-20,5,-20,-20,29,-20,7,6,31,29,45,8,2,-20,-20,4,9,10,38,-20,-20,60,5,-20,6,-20,4,17,22,-20,-20,-20,49,4,3,-20,5,-20,3,-20,3,4,4,4,15,25,23,-20,-20,-20,28,3,9,45,-20,-20,7,-20,-20,-20,-20,11,-20,-20,14,11,-20,-20,-20,-20,6,6,10,-20,-20,12,-20,-20,5,5,-20,-20,-20,44,-20,17,11,6,-20,4,-20,-20,-20,17,10,-20,7,43,4,-20,-20,-20,13,-20,41,16,44,9,5,-20,-20,6,11,-20,30,9,5,-20,-20,26,2,4,-20,28,4,3,11,4,3,6,6,-20,-20,3,11,6,-20,4,-20,15,-20,7,9,4,7,-20,-20,14,8,-20,51,18,4,4,-20,15,-20,-20,-20,-20,-20,-20,-20,2,-20,-20,-20,-20,-20,-20,10,-20,-20,4,7,-20,6,5,9,16,23,-20,19,19,35,33,23,-20,-20,-20,-20,4,34,25,11,27,17,13,3,7,-20,-20,5,28,-20,-20,2,-20,16,4,-20,32,88,26,4,29,10,-20,4,-20,-20,-20,5,-20,8,4,4,7,-20,-20,4,4,3,-20,-20,14,8,3,3,-20,15,3,4,7,-20,8,5,17,5,-20,3,53,-20,8,-20,-20,4,7,23,12,22,9,5,8,5,-20,7,4,-20,-20,-20,5,74,3,4,6,4,-20,32,6,7,3,4,5,7,5,12,30,5,-20,2,6,4,-20,5,4,6,3,3,11,4,-20,9,19,9,5,63,7,13,-20,3,-20,-20,6,3,7,4,-20,-20,-20,9,3,-20,6,20,21,11,-20,-20,-20,18,5,6,4,3,10,6,-20,5,-20,9,3,-20,-20,3,5,3,5,13,8,-20,3,22,26,18,13,8,-20,-20,6,5,3,4,14,3,4,15,16,16,21,5,18,-20,-20,-20,7,5,5,25,4,-20,-20,-20,-20,6,8,3,19,17,26,28,21,7,20,20,-20,7,23,21,6,8,25,-20,-20,-20,6,-20,8,35,3,-20,-20,5,6,-20,-20,3,9,6,-20,-20,-20,-20,5,10,4,4,11,4,7,11,-20,29,-20,8,14,6,-20,14,4,31,2,20,3,14,2,14,7,-20,8,-20,3,21,6,7,27,25,25,26,14,-20,5,4,23,4,12,16,3,14,9,6,8,8,8,12,18,12,5,9,5,4,32,-20,6,6,10,-20,-20,-20,-20,4,4,11,12,6,5,4,20,86,-20,32,35,35,18,-20,21,4,45,46,4,41,-20,3,-20,20,23,6,-20,8,-20,-20,-20,-20,-20,-20,6,15,-20,-20,11,-20,8,2,-20,3,-20,-20,28,6,5,11,-20,-20,-20,11,7,-20,-20,-20,-20,7,-20,8,-20,5,5,8,5,6,13,-20,8,12,-20,20,10,-20,8,-20,-20,-20,6,5,6,11,5,-20,9,-20,16,-20,-20,-20,5,5,-20,-20,5,4,10,6,-20,14,8,-20,15,-20,-20,6,-20,6,7,14,7,-20,8,10,-20,8,13,-20,-20,11,11,11,5,10,10,12,9,-20,14,9,11,19,13,-20,8,15,3,11,10,4,6,-20,3,-20,14,-20,6,9,-20,10,14,6,-20,-20,11,-20,4,4,10,-20,-20,-20,-20,-20,6,4,4,5,6,7,9,6,3,-20,6,3,-20,9,7,8,3,-20,10,7,10,5,4,7,6,20,8,7,8,3,4,3,9,11,15,8,7,13,6,11,11,5,3,-20,5,9,22,13,8,7,10,6,5,8,5,-20,-20,5,13,7,-20,12,-20,15,3,10,-20,15,3,6,-20,11,6,4,7,7,8,-20,5,12,5,17,5,-20,-20,-20,5,7,12,5,6,-20,11,-20,-20,6,10,6,-20,5,6,11,4,-20,10,19,-20,-20,6,9,4,-20,15,3,9,10,8,16,25,6,18,4,17,10,6,-20,15,15,20,9,13,7,3,7,21,7,11,5,7,3,10,14,12,21,12,8,12,15,10,4,14,-20,13,7,11,9,2,9,8,9,8,-20,-20,8,8,3,6,5,8,9,-20,8,7,8,-20,5,-20,5,11,4,-20,-20,8,-20,-20,6,-20,-20,-20,5,-20,7,-20,6,-20,9,-20,-20,-20,3,-20,6,-20,-20,3,6,6,5,8,3,16,13,-20,-20,-20,5,4,-20,-20,-20,4,-20,-20,10,4,-20,6,16,35,11,7,3,16,17,-20,6,11,9,7,10,-20,-20,4,-20,3,19,3,8,5,12,13,7,-20,-20,-20,4,10,11,5,5,6,14,8,12,-20,-20,-20,9,-20,5,-20,-20,-20,6,-20,-20,-20,-20,3,-20,-20,4,3,3,-20,-20,-20,-20,3,3,3,3,-20,-20,-20,-20,-20,-20,-20,-20,4,3,5,8,-20,-20,5,-20,-20,-20,2,8,3,3,-20,-20,6,-20,7,8,-20,3,-20,-20,3,-20,4,-20,-20,6,-20,-20,3,-20,10,-20,13,18,11,13,8,44,62,47,44,-20,36,50,40,12,23,27
"chr4,7844562",-20,-20,-20,-20,-20,-20,6,6,-20,-20,-20,2,27,20,10,8,47,4,74,47,21,-20,20,22,39,26,13,21,7,-20,-20,3,4,-20,46,25,21,17,18,-20,3,6,-20,7,3,-20,9,-20,4,2,4,5,11,17,18,-20,-20,48,13,39,18,23,17,27,18,24,18,30,34,10,17,14,16,25,24,32,15,7,13,14,6,16,10,-20,12,48,30,35,4,11,6,21,26,21,19,31,9,26,7,34,22,16,6,9,13,23,4,26,34,10,6,6,-20,36,-20,-20,50,14,-20,10,6,-20,10,8,28,10,-20,5,-20,-20,29,-20,7,6,32,30,44,8,2,-20,-20,5,9,10,40,-20,-20,61,5,-20,6,-20,5,17,23,-20,-20,-20,49,4,3,-20,5,-20,3,-20,-20,5,4,4,15,26,21,-20,-20,-20,28,3,9,42,-20,-20,7,-20,-20,-20,-20,11,-20,-20,12,11,-20,-20,-20,-20,6,6,10,-20,-20,14,-20,-20,4,5,-20,-20,-20,48,-20,17,12,5,-20,4,-20,-20,-20,17,-20,-20,7,42,4,-20,-20,-20,14,-20,42,15,43,9,4,-20,-20,4,11,-20,30,9,5,-20,-20,27,2,4,-20,26,4,3,10,4,3,6,5,-20,-20,3,11,6,-20,-20,-20,16,-20,7,9,-20,7,-20,-20,13,8,-20,53,18,3,5,-20,15,-20,-20,-20,-20,-20,-20,-20,2,-20,-20,-20,-20,-20,-20,10,-20,-20,4,7,-20,7,5,10,16,22,-20,19,20,35,32,23,-20,-20,-20,-20,4,36,26,10,26,18,11,3,7,-20,-20,5,28,-20,9,-20,-20,16,-20,-20,32,90,28,3,29,11,-20,4,-20,-20,-20,6,-20,8,4,3,7,-20,-20,4,3,3,-20,-20,14,8,-20,3,-20,14,3,4,7,3,8,6,14,5,-20,3,54,-20,9,-20,-20,4,7,21,12,21,6,5,8,4,-20,7,5,-20,-20,-20,5,74,3,5,6,4,-20,33,8,8,3,4,5,7,5,12,30,-20,-20,2,6,4,-20,5,4,6,3,3,12,4,-20,11,19,9,4,62,6,13,-20,3,-20,8,6,3,6,-20,-20,-20,-20,8,3,-20,8,17,17,11,-20,-20,-20,15,4,5,4,3,9,6,-20,5,-20,9,4,-20,-20,3,8,3,-20,13,9,-20,3,22,25,18,12,8,-20,-20,6,5,3,4,14,3,-20,14,12,16,20,4,18,-20,-20,-20,7,5,5,26,6,-20,-20,-20,-20,6,8,3,19,16,27,28,21,8,20,20,-20,7,21,23,6,10,23,-20,-20,-20,5,-20,8,37,3,-20,-20,5,-20,-20,3,3,9,6,-20,-20,-20,-20,5,9,4,4,11,5,7,11,-20,30,-20,8,13,6,-20,-20,4,30,2,19,3,15,-20,14,8,-20,8,-20,3,20,6,9,27,25,25,27,13,-20,5,4,24,3,12,14,4,14,10,6,9,7,9,12,14,15,3,12,5,5,33,-20,6,6,9,-20,-20,-20,-20,3,4,13,16,7,5,6,20,84,-20,31,37,34,16,-20,22,4,45,48,5,44,-20,3,-20,16,25,6,-20,8,-20,-20,-20,-20,-20,-20,6,16,-20,-20,10,-20,9,2,-20,3,-20,-20,28,5,5,12,-20,-20,-20,12,6,-20,-20,-20,-20,9,-20,8,-20,4,5,9,8,6,14,-20,11,10,-20,21,11,5,9,-20,-20,-20,5,7,8,11,6,-20,11,-20,18,-20,-20,-20,7,6,-20,-20,5,3,16,8,-20,14,8,-20,16,-20,-20,8,-20,7,9,13,8,-20,8,12,-20,11,16,6,-20,13,16,11,-20,9,10,14,14,-20,15,10,14,19,16,-20,10,13,3,11,10,3,7,-20,3,-20,15,-20,6,9,-20,11,16,6,-20,-20,11,-20,4,4,10,-20,-20,-20,-20,-20,6,4,-20,4,5,7,10,5,2,-20,5,-20,-20,9,6,8,3,-20,10,8,12,5,-20,9,6,20,10,8,8,3,-20,-20,9,12,16,7,5,-20,6,11,14,5,3,-20,5,12,23,14,8,7,11,7,5,9,6,-20,-20,5,16,6,-20,14,-20,17,3,10,-20,15,5,8,-20,11,8,4,11,8,7,-20,5,13,5,17,5,-20,-20,4,5,7,12,5,6,-20,11,-20,-20,6,-20,6,-20,7,6,11,4,9,15,22,-20,-20,5,9,4,2,14,3,4,9,9,17,23,-20,19,4,20,14,5,-20,15,18,22,13,15,8,3,5,22,7,12,6,6,4,7,17,11,22,12,7,12,20,9,-20,17,-20,13,7,11,10,2,9,8,8,8,-20,-20,7,8,3,4,8,8,9,-20,8,7,10,-20,4,-20,5,9,6,-20,-20,11,-20,-20,7,-20,-20,-20,5,-20,7,-20,8,-20,9,-20,-20,-20,4,-20,6,-20,-20,3,6,5,5,7,3,16,12,-20,-20,-20,6,4,-20,-20,-20,4,-20,-20,8,4,-20,8,16,44,12,8,-20,17,18,-20,4,11,8,6,12,5,-20,5,-20,3,21,4,8,6,13,13,6,3,-20,-20,-20,10,13,5,6,5,17,9,12,-20,-20,6,-20,-20,4,-20,-20,-20,5,-20,-20,-20,-20,-20,-20,-20,-20,-20,4,3,-20,-20,-20,3,-20,3,4,-20,-20,-20,-20,-20,-20,-20,-20,4,4,4,8,-20,-20,4,-20,-20,3,2,8,6,-20,-20,-20,5,8,6,7,-20,-20,3,-20,3,-20,-20,-20,-20,2,-20,-20,3,-20,9,-20,10,18,12,12,8,43,64,47,44,24,38,49,39,15,20,27
"chr4,7844563",-20,-20,-20,-20,-20,-20,6,6,-20,-20,-20,2,27,20,10,8,49,4,75,46,21,-20,19,23,39,26,13,20,7,-20,-20,3,4,-20,45,25,21,17,18,-20,3,6,-20,7,3,-20,9,-20,4,2,4,6,11,17,17,-20,-20,47,12,39,18,23,17,27,20,25,19,30,34,10,17,14,17,25,24,33,15,7,13,14,6,16,10,-20,12,48,29,35,4,11,6,22,25,21,18,31,9,26,-20,35,22,16,6,9,13,24,4,26,35,10,6,6,-20,36,-20,-20,51,14,-20,10,6,-20,10,8,28,10,-20,-20,-20,-20,31,-20,7,6,29,31,44,8,-20,-20,-20,5,9,10,40,-20,-20,60,-20,-20,6,-20,5,17,24,-20,-20,-20,49,4,-20,-20,5,-20,-20,-20,-20,5,4,4,15,27,21,-20,-20,-20,28,3,9,42,-20,-20,8,-20,-20,-20,-20,11,-20,-20,12,-20,-20,-20,-20,-20,6,6,9,-20,-20,14,-20,-20,4,5,-20,-20,-20,48,-20,16,12,5,-20,4,-20,-20,-20,18,-20,-20,7,44,4,-20,-20,-20,14,-20,42,15,42,9,4,2,-20,4,11,-20,30,8,5,-20,-20,27,2,4,-20,27,4,3,11,4,3,6,5,3,-20,3,11,6,-20,-20,-20,16,-20,7,9,-20,7,-20,-20,13,7,-20,53,18,3,5,-20,15,-20,-20,-20,-20,-20,-20,-20,2,-20,-20,-20,-20,-20,-20,10,-20,-20,4,7,-20,7,5,9,17,23,-20,19,21,34,33,23,-20,-20,-20,-20,4,35,25,10,25,18,11,3,7,-20,-20,5,29,-20,9,-20,-20,16,-20,-20,31,90,28,3,29,11,-20,4,-20,-20,-20,6,-20,8,4,3,7,-20,-20,4,3,3,-20,-20,16,8,-20,3,-20,14,3,3,7,3,8,6,13,4,-20,3,54,-20,9,-20,-20,4,7,21,12,20,7,5,8,4,-20,7,5,-20,-20,-20,5,74,3,5,6,4,-20,30,8,8,2,4,5,7,5,12,30,-20,-20,2,6,4,-20,5,4,6,-20,3,12,4,-20,11,19,9,4,62,6,12,-20,3,-20,8,6,3,6,-20,-20,-20,-20,-20,3,-20,8,17,18,10,-20,-20,-20,15,4,5,4,3,8,6,-20,5,-20,9,4,-20,-20,3,8,3,-20,13,10,-20,3,22,25,18,12,8,-20,-20,6,5,3,4,14,3,-20,15,13,16,23,4,19,-20,-20,-20,7,5,5,26,7,-20,-20,-20,-20,6,8,3,19,17,27,26,21,8,22,21,-20,7,21,23,6,10,24,-20,-20,-20,5,-20,8,37,3,-20,-20,5,7,-20,3,3,8,6,-20,-20,-20,-20,5,10,4,4,11,6,7,11,-20,30,-20,8,12,6,-20,15,4,30,2,18,3,17,-20,14,8,-20,8,-20,3,21,6,9,27,26,25,26,14,-20,4,4,24,3,12,14,4,14,10,-20,9,7,7,12,14,15,-20,12,5,5,31,-20,6,6,9,-20,-20,-20,-20,3,3,12,16,7,5,6,19,85,-20,31,36,35,17,-20,22,3,47,48,6,43,-20,3,-20,16,26,6,-20,8,-20,-20,-20,-20,-20,-20,5,18,-20,-20,9,-20,9,-20,-20,3,-20,-20,28,3,5,12,-20,-20,-20,11,6,-20,-20,-20,-20,9,-20,8,-20,4,5,9,8,6,14,-20,11,10,-20,20,11,5,9,-20,-20,-20,5,7,8,11,6,-20,9,-20,19,-20,-20,-20,7,6,-20,-20,4,-20,16,8,-20,14,8,-20,16,-20,-20,8,-20,7,9,13,8,-20,8,12,-20,11,16,6,-20,13,16,11,-20,9,10,14,14,-20,15,10,14,18,-20,-20,10,13,-20,11,10,3,7,-20,3,-20,15,-20,6,9,-20,11,16,-20,-20,-20,11,-20,4,5,10,-20,-20,-20,-20,3,9,5,3,4,6,7,10,7,3,-20,7,-20,-20,9,6,8,3,-20,9,8,12,5,-20,9,6,19,10,7,8,3,-20,-20,9,-20,17,7,5,11,6,11,14,5,3,-20,5,12,23,14,8,7,10,7,5,9,6,-20,-20,5,16,6,-20,14,-20,17,3,10,-20,15,5,-20,-20,11,8,4,11,8,6,-20,5,13,-20,17,5,-20,-20,4,5,7,12,5,7,-20,11,-20,-20,6,9,6,-20,6,6,11,4,9,15,22,-20,-20,5,9,4,2,14,3,4,9,9,17,22,-20,19,4,20,14,5,-20,16,18,22,12,15,8,3,5,20,7,12,6,6,4,7,17,11,23,12,-20,11,20,9,-20,17,-20,13,7,11,10,2,9,8,8,8,-20,-20,-20,8,3,4,8,-20,9,-20,8,7,10,-20,4,-20,5,8,6,-20,-20,11,-20,-20,7,-20,-20,-20,5,-20,7,-20,8,-20,9,-20,-20,-20,4,-20,6,-20,-20,3,6,4,5,7,-20,16,12,-20,-20,-20,6,4,-20,-20,-20,3,-20,-20,8,4,-20,7,15,43,12,8,-20,17,18,-20,4,11,6,6,12,5,-20,5,-20,3,21,4,8,6,14,13,6,3,-20,-20,-20,10,13,5,-20,5,17,9,11,-20,-20,6,7,-20,4,-20,-20,-20,6,-20,-20,-20,-20,4,-20,-20,-20,3,-20,3,3,-20,-20,3,-20,3,4,-20,-20,-20,-20,-20,-20,-20,-20,3,-20,4,6,-20,-20,6,-20,-20,3,-20,8,6,2,-20,-20,3,8,6,7,-20,3,3,-20,3,-20,-20,-20,-20,3,-20,-20,4,-20,9,-20,10,18,11,12,8,43,64,47,44,-20,38,48,38,15,21,28
"chr4,7844564",-20,-20,-20,-20,-20,-20,6,6,-20,-20,-20,2,27,20,10,8,49,4,76,47,22,-20,20,23,38,26,14,20,7,-20,-20,3,4,-20,45,26,21,17,17,-20,3,6,-20,7,3,-20,9,-20,4,2,4,6,10,17,18,-20,-20,43,12,39,18,21,17,28,20,26,19,30,34,10,17,14,16,24,24,33,15,7,13,12,6,16,10,-20,12,48,30,35,4,11,6,21,25,22,18,30,9,26,-20,37,23,16,6,9,13,24,4,26,35,10,6,6,3,36,-20,-20,54,13,-20,8,6,-20,10,8,26,10,-20,-20,-20,-20,32,-20,7,6,30,31,44,8,-20,-20,-20,5,9,10,40,-20,-20,60,-20,-20,6,-20,5,16,24,-20,-20,-20,49,4,-20,-20,5,-20,-20,-20,-20,5,4,4,15,27,19,-20,-20,-20,28,3,9,42,-20,-20,8,-20,-20,-20,-20,10,-20,-20,12,11,-20,-20,-20,-20,6,6,7,-20,-20,13,-20,-20,4,5,-20,-20,-20,45,-20,17,12,5,-20,4,-20,-20,-20,18,7,-20,7,45,4,-20,-20,-20,13,-20,41,15,43,9,4,2,-20,4,11,-20,32,8,5,-20,-20,27,2,4,-20,27,4,3,12,4,3,5,-20,3,-20,3,11,6,-20,4,-20,16,-20,7,8,-20,6,-20,-20,13,7,-20,52,18,3,5,-20,15,-20,-20,-20,-20,-20,-20,-20,2,-20,-20,-20,-20,-20,-20,10,-20,-20,4,7,-20,7,5,9,16,23,-20,20,20,33,34,23,-20,-20,-20,-20,4,35,25,11,25,18,11,3,7,-20,-20,5,29,-20,9,-20,-20,16,-20,-20,31,90,28,3,29,12,-20,4,-20,-20,-20,6,-20,8,4,3,7,-20,-20,4,3,3,-20,-20,16,8,-20,3,-20,14,3,3,7,-20,8,6,13,4,-20,3,55,-20,9,-20,-20,4,8,22,12,21,7,5,8,4,-20,7,5,-20,-20,-20,5,73,3,5,6,4,-20,30,8,9,2,4,5,7,5,12,30,-20,-20,2,6,4,-20,5,4,6,-20,3,12,4,-20,11,19,9,4,64,6,10,-20,3,-20,7,6,3,6,-20,-20,-20,-20,7,3,-20,8,17,18,10,-20,-20,-20,14,4,5,4,3,8,6,-20,6,-20,9,4,-20,-20,3,8,3,-20,13,10,-20,3,23,25,18,13,8,-20,-20,6,5,3,4,13,3,-20,15,13,16,23,4,19,-20,-20,-20,7,5,5,26,7,-20,-20,-20,-20,6,8,3,19,17,27,27,20,8,22,21,-20,7,21,23,6,10,25,-20,-20,-20,5,-20,8,36,3,-20,-20,5,7,-20,3,3,8,6,-20,-20,-20,-20,5,10,4,4,11,6,8,11,-20,29,-20,8,12,6,-20,14,4,29,2,17,3,17,-20,14,8,-20,8,-20,3,21,6,8,26,25,25,26,13,-20,4,4,23,3,12,14,4,15,10,6,9,7,6,12,14,15,-20,12,5,5,30,-20,6,6,9,-20,-20,-20,-20,-20,3,12,16,7,5,6,20,88,-20,31,36,36,17,-20,22,-20,48,46,6,43,-20,-20,-20,16,26,6,-20,8,-20,-20,-20,-20,-20,-20,5,18,-20,-20,9,-20,9,-20,-20,3,-20,-20,28,3,5,12,-20,-20,-20,11,6,-20,-20,-20,-20,8,-20,7,-20,4,-20,9,8,6,14,-20,11,10,-20,19,11,5,9,-20,-20,-20,-20,7,7,11,6,-20,9,-20,18,-20,-20,-20,6,6,-20,5,4,-20,16,8,-20,14,8,-20,16,-20,-20,8,-20,7,9,13,8,-20,8,11,-20,11,16,6,-20,13,16,12,-20,9,10,14,14,-20,14,10,14,18,15,-20,10,13,-20,11,10,2,6,-20,3,-20,15,-20,-20,9,-20,11,16,-20,-20,-20,10,-20,4,5,8,-20,3,-20,-20,3,8,3,3,4,5,7,10,7,3,-20,7,-20,-20,9,6,7,3,-20,8,8,11,5,-20,9,6,19,9,7,8,3,-20,-20,8,-20,16,7,5,11,-20,11,14,5,3,-20,5,12,23,14,7,7,11,7,4,9,7,-20,-20,5,12,6,-20,14,-20,16,3,10,-20,14,5,-20,-20,11,8,4,11,8,6,-20,-20,13,-20,16,5,-20,-20,3,5,7,11,5,7,-20,12,-20,-20,6,9,5,-20,5,6,12,4,9,15,22,-20,-20,5,9,4,2,12,3,4,9,9,17,21,-20,19,4,20,13,5,-20,16,18,22,12,15,8,-20,4,20,5,12,6,6,4,6,17,11,24,11,-20,12,20,9,-20,17,-20,13,7,11,10,2,8,8,9,8,-20,-20,-20,7,3,4,8,-20,9,-20,7,7,10,-20,4,-20,5,8,6,-20,-20,11,-20,-20,7,-20,-20,-20,-20,-20,7,-20,8,-20,9,-20,-20,-20,3,-20,6,-20,-20,3,6,3,5,7,-20,16,12,-20,-20,-20,6,4,-20,-20,-20,2,-20,-20,8,4,-20,7,14,43,12,6,-20,17,19,-20,4,10,6,6,12,5,-20,5,-20,3,21,4,6,6,13,13,4,3,-20,-20,-20,9,13,5,-20,5,17,8,11,-20,-20,5,-20,-20,3,-20,-20,-20,4,-20,-20,-20,-20,4,-20,-20,-20,-20,4,3,3,-20,-20,-20,3,2,4,-20,-20,-20,-20,-20,-20,-20,-20,4,3,4,-20,-20,-20,5,-20,-20,-20,2,-20,-20,-20,-20,3,-20,-20,6,6,-20,3,3,-20,-20,-20,-20,-20,-20,4,-20,-20,3,-20,9,-20,10,16,10,12,8,43,61,47,43,-20,38,47,38,15,21,27
"chr4,7844565",-20,-20,-20,-20,-20,-20,5,6,-20,-20,-20,-20,29,20,10,8,49,4,75,48,22,-20,20,23,38,26,14,18,7,-20,-20,3,4,-20,43,26,21,15,18,-20,3,6,-20,7,3,-20,-20,-20,4,2,4,6,9,15,17,-20,-20,42,12,40,18,21,17,29,20,27,19,30,33,10,16,14,17,25,24,34,-20,9,13,12,6,16,10,-20,12,48,30,35,-20,11,6,21,25,22,18,30,9,27,-20,37,23,15,6,9,13,24,4,26,36,11,6,6,-20,36,-20,-20,54,13,-20,8,6,-20,10,8,26,10,3,-20,-20,-20,32,-20,7,6,30,31,46,8,-20,-20,-20,5,9,10,40,-20,-20,63,-20,-20,6,-20,5,16,24,-20,-20,-20,51,4,-20,-20,-20,-20,-20,-20,-20,-20,4,4,15,26,19,-20,-20,-20,27,3,9,42,-20,-20,8,-20,-20,-20,-20,10,-20,-20,12,11,-20,-20,-20,-20,6,6,7,-20,-20,13,-20,-20,4,5,-20,-20,-20,48,-20,-20,12,5,-20,4,-20,-20,-20,17,7,-20,7,45,4,-20,-20,-20,13,-20,40,14,44,9,4,2,-20,4,10,-20,32,8,5,-20,-20,27,2,5,-20,27,4,3,11,4,3,5,3,3,-20,3,11,6,-20,4,-20,15,-20,6,7,-20,6,-20,-20,13,-20,-20,51,18,3,5,-20,15,-20,-20,-20,-20,-20,-20,-20,2,-20,-20,-20,-20,-20,-20,10,-20,-20,4,-20,-20,7,5,9,15,24,-20,21,20,33,34,22,-20,-20,-20,-20,4,35,22,11,25,18,11,3,7,-20,-20,5,27,-20,9,-20,-20,15,-20,-20,31,88,29,-20,29,11,-20,4,-20,-20,-20,6,-20,7,4,3,7,-20,-20,4,3,3,-20,-20,15,8,-20,3,-20,14,3,3,7,-20,8,6,13,4,-20,3,55,5,8,-20,-20,3,8,22,11,21,7,6,8,4,-20,7,5,-20,-20,-20,5,75,3,5,6,4,-20,30,-20,9,2,4,5,7,5,12,31,-20,-20,2,-20,4,-20,5,3,6,-20,3,11,4,-20,11,19,9,4,62,6,10,-20,3,-20,7,6,3,6,-20,-20,-20,-20,7,3,-20,8,14,18,10,-20,-20,-20,14,4,5,4,3,8,6,-20,7,-20,9,4,-20,-20,3,8,3,-20,13,10,-20,3,24,25,18,14,8,-20,-20,6,5,3,4,12,-20,-20,14,12,15,23,4,18,-20,-20,-20,6,5,5,25,7,-20,-20,-20,-20,6,8,3,18,18,27,27,20,8,22,20,-20,7,22,24,6,10,24,-20,-20,-20,5,-20,8,38,3,-20,-20,5,-20,-20,3,-20,8,6,-20,4,-20,-20,5,10,4,4,11,6,8,11,-20,28,-20,8,-20,6,-20,13,4,25,2,17,-20,17,-20,14,8,-20,8,-20,3,20,5,8,26,26,24,26,13,-20,4,4,23,3,12,14,4,15,10,5,10,7,6,12,13,15,-20,12,5,5,30,-20,6,6,9,-20,-20,-20,-20,-20,-20,11,16,7,4,6,20,87,-20,31,38,38,18,-20,22,-20,46,46,6,45,-20,-20,-20,15,26,6,-20,7,-20,-20,-20,-20,-20,-20,5,16,-20,-20,9,-20,9,-20,-20,3,-20,-20,30,3,5,11,-20,-20,-20,11,6,-20,4,-20,-20,8,-20,7,-20,4,5,9,8,6,13,-20,11,10,-20,19,11,5,9,-20,-20,-20,5,7,7,11,6,-20,9,-20,17,-20,-20,-20,6,6,-20,5,4,-20,16,8,-20,14,8,-20,16,-20,-20,8,-20,7,9,13,8,-20,8,11,-20,11,16,6,-20,13,16,13,-20,9,10,14,13,-20,14,10,12,18,14,-20,10,13,-20,11,10,2,6,-20,3,-20,15,-20,-20,9,-20,11,16,-20,-20,-20,11,3,4,4,8,-20,-20,-20,-20,-20,8,3,3,4,5,8,10,6,3,-20,7,-20,-20,-20,6,7,3,-20,8,8,11,-20,-20,9,6,19,9,7,8,3,-20,-20,8,-20,16,7,5,10,6,11,14,5,3,-20,5,12,23,14,7,7,11,8,4,9,7,-20,-20,5,12,6,-20,14,-20,16,3,10,-20,14,5,-20,-20,11,8,4,11,8,6,-20,-20,13,-20,16,5,-20,-20,3,5,7,11,5,7,-20,13,-20,-20,6,-20,-20,-20,5,6,12,4,9,15,-20,-20,-20,5,9,4,2,11,3,4,9,9,17,21,-20,19,-20,20,13,5,-20,16,18,22,12,15,8,-20,4,20,5,12,6,6,4,3,17,11,24,11,-20,10,20,-20,-20,17,-20,13,7,11,10,2,-20,8,9,8,-20,-20,6,7,3,4,8,-20,9,-20,7,7,10,-20,4,-20,5,8,6,-20,-20,11,-20,-20,7,-20,-20,-20,5,-20,7,-20,8,-20,8,-20,-20,-20,3,-20,6,-20,-20,3,6,3,5,7,-20,16,12,-20,-20,-20,6,4,-20,-20,-20,2,-20,-20,8,4,-20,7,15,43,12,6,-20,17,19,-20,4,10,6,6,12,4,-20,5,-20,3,21,4,6,6,13,13,4,3,-20,-20,-20,9,13,5,6,5,17,8,11,-20,-20,6,8,-20,3,-20,-20,-20,4,-20,-20,-20,-20,-20,-20,-20,-20,-20,4,-20,-20,-20,-20,-20,3,2,-20,2,-20,-20,-20,-20,-20,-20,-20,-20,4,4,-20,-20,-20,3,-20,-20,-20,-20,8,4,3,-20,-20,3,6,-20,5,-20,-20,3,-20,-20,-20,-20,-20,-20,4,-20,-20,4,-20,9,-20,9,16,10,11,8,40,61,46,44,-20,39,46,38,15,20,27
"chr4,7844566",-20,-20,-20,-20,-20,-20,5,6,-20,-20,-20,-20,31,19,10,8,50,5,76,49,21,-20,19,21,36,25,14,17,8,-20,-20,4,5,-20,43,26,22,16,18,-20,3,6,-20,7,3,-20,8,-20,4,2,4,8,9,14,18,-20,-20,42,12,38,18,22,17,29,20,27,19,30,34,10,18,15,17,24,24,34,15,8,13,12,6,16,10,-20,12,47,31,36,-20,11,5,21,25,22,16,29,9,26,-20,38,22,14,6,9,13,24,4,25,35,11,5,6,-20,34,-20,-20,54,13,-20,8,6,-20,10,8,23,10,3,-20,-20,-20,33,-20,7,6,30,30,46,7,-20,-20,-20,5,9,10,40,-20,-20,62,5,-20,6,-20,5,16,24,-20,-20,-20,51,4,-20,-20,5,-20,-20,-20,-20,5,4,4,15,27,18,-20,-20,-20,27,3,11,42,-20,-20,8,-20,-20,-20,-20,10,-20,-20,10,11,-20,-20,-20,-20,6,6,7,-20,-20,15,-20,-20,4,5,-20,-20,-20,47,-20,18,12,5,-20,4,-20,-20,-20,17,6,-20,7,42,4,-20,-20,-20,13,-20,41,15,44,9,4,2,-20,4,9,-20,33,7,5,-20,-20,27,2,4,-20,27,4,3,11,3,3,5,-20,3,-20,3,10,6,-20,4,-20,15,-20,6,6,-20,6,-20,-20,15,7,-20,50,18,3,5,-20,15,-20,-20,-20,-20,-20,-20,-20,2,-20,-20,-20,-20,-20,-20,10,-20,-20,4,7,-20,7,5,9,15,24,-20,21,20,33,34,22,-20,-20,-20,-20,4,33,20,10,25,18,12,3,7,-20,-20,5,27,-20,9,-20,-20,14,-20,-20,31,85,29,4,29,11,-20,4,-20,-20,-20,8,-20,7,4,3,7,-20,-20,4,3,3,-20,-20,16,8,-20,3,-20,15,3,3,6,-20,8,6,12,4,-20,3,57,4,8,-20,-20,3,8,18,11,22,6,5,7,4,-20,7,5,-20,-20,-20,5,74,3,5,6,4,-20,30,8,9,3,3,5,7,5,12,30,-20,5,2,6,4,-20,5,3,6,-20,3,12,5,-20,11,19,8,4,63,6,9,-20,3,-20,7,7,3,6,-20,-20,-20,-20,7,3,-20,-20,11,15,10,-20,-20,-20,14,4,5,4,3,6,6,-20,7,-20,9,4,-20,-20,3,8,3,-20,13,10,-20,3,24,25,18,14,8,-20,-20,7,5,3,5,11,-20,-20,10,13,15,24,4,18,-20,-20,-20,6,5,5,26,7,-20,-20,-20,-20,6,9,3,18,18,26,27,19,7,23,21,-20,7,21,24,6,10,24,-20,-20,-20,5,-20,8,35,3,-20,-20,5,7,-20,5,-20,8,7,-20,4,-20,-20,5,10,6,4,11,-20,8,11,-20,28,-20,8,13,6,-20,13,4,25,2,17,-20,16,-20,14,8,-20,8,-20,-20,21,5,8,26,25,23,26,13,-20,4,4,23,3,12,14,4,15,9,6,10,7,6,12,13,15,-20,12,5,5,29,-20,6,6,9,-20,-20,-20,-20,-20,3,11,16,7,5,6,19,88,-20,31,38,38,17,-20,20,-20,45,46,6,41,-20,-20,-20,15,25,6,-20,6,-20,-20,-20,-20,-20,-20,5,15,-20,3,9,-20,9,-20,-20,3,-20,-20,28,3,7,9,-20,-20,-20,11,6,-20,6,-20,-20,8,-20,7,-20,4,4,10,8,6,13,-20,11,10,-20,19,11,5,9,-20,-20,-20,-20,7,8,11,6,-20,9,-20,18,-20,-20,-20,7,7,-20,5,4,-20,16,8,-20,14,9,-20,16,-20,-20,8,-20,7,9,13,8,-20,8,11,-20,12,17,6,-20,13,16,12,-20,9,10,14,13,-20,14,10,13,19,14,-20,10,13,-20,11,10,2,6,-20,4,-20,15,-20,-20,9,-20,11,16,-20,-20,3,11,3,4,4,8,-20,3,-20,3,-20,8,3,3,4,5,8,10,6,3,-20,7,-20,-20,9,6,7,3,-20,8,8,11,5,-20,9,6,19,9,7,8,3,-20,3,8,-20,16,7,5,11,6,11,14,5,3,-20,5,12,23,14,7,-20,11,8,4,9,7,-20,-20,5,12,6,-20,14,-20,16,3,11,-20,14,5,-20,-20,11,8,4,11,8,5,-20,-20,13,-20,15,5,-20,-20,3,5,7,11,5,6,-20,13,-20,-20,6,-20,5,-20,5,6,12,4,9,15,22,-20,-20,5,9,5,2,11,3,3,9,9,17,22,8,18,-20,20,13,5,-20,16,18,22,13,15,8,-20,4,21,6,12,6,6,4,3,17,11,24,11,-20,11,20,9,-20,17,-20,13,7,11,10,2,8,8,9,8,-20,-20,6,7,3,4,8,-20,9,-20,7,7,10,-20,4,-20,5,8,6,-20,-20,11,-20,-20,7,-20,-20,-20,5,-20,6,-20,8,-20,8,-20,-20,-20,3,-20,6,-20,-20,3,6,3,5,7,-20,16,12,-20,-20,-20,6,4,-20,-20,-20,2,3,-20,8,4,-20,7,14,43,12,6,-20,17,19,-20,4,10,7,6,12,4,-20,5,-20,3,21,4,6,6,12,13,4,3,-20,-20,4,9,13,5,6,6,17,8,11,-20,3,-20,-20,-20,3,-20,-20,-20,3,-20,-20,-20,-20,4,-20,-20,-20,-20,-20,3,3,-20,-20,-20,3,3,4,-20,-20,-20,-20,-20,-20,-20,-20,-20,4,4,6,-20,-20,3,-20,-20,4,2,8,-20,3,-20,-20,4,7,5,5,-20,3,2,-20,-20,-20,-20,-20,-20,3,-20,-20,2,-20,8,-20,9,15,9,12,9,43,60,46,44,-20,39,47,38,17,21,30
"chr4,7844567",-20,-20,-20,-20,-20,-20,5,7,-20,-20,-20,-20,30,19,11,8,51,5,76,48,22,-20,19,23,39,27,14,17,8,-20,-20,4,5,-20,45,27,22,15,18,-20,3,6,-20,7,3,-20,8,-20,4,2,4,8,9,14,19,-20,-20,44,12,39,18,22,17,29,20,27,20,30,34,10,18,15,17,25,24,34,15,8,14,12,6,17,10,-20,12,47,31,34,-20,11,5,22,26,23,17,29,9,26,-20,38,23,14,6,9,14,24,4,25,35,11,5,6,-20,36,-20,-20,54,13,-20,8,6,-20,10,8,24,10,3,-20,-20,-20,33,-20,7,6,29,31,46,7,-20,-20,-20,5,9,10,40,-20,-20,61,5,-20,6,-20,5,16,25,-20,-20,-20,51,4,-20,-20,5,-20,-20,-20,-20,5,3,4,12,26,18,-20,-20,-20,27,3,11,42,-20,-20,8,-20,-20,-20,-20,9,-20,-20,11,11,-20,-20,-20,-20,6,6,7,-20,-20,15,-20,-20,4,4,-20,-20,-20,48,-20,17,12,5,-20,4,-20,-20,-20,16,6,-20,7,43,4,-20,-20,-20,13,-20,41,15,44,9,4,2,-20,4,7,-20,33,7,5,-20,-20,27,2,4,-20,27,4,3,11,3,3,6,3,3,-20,3,10,6,-20,3,2,14,-20,6,6,-20,6,-20,-20,15,6,-20,49,18,3,5,-20,15,-20,-20,-20,-20,-20,-20,-20,2,-20,-20,-20,-20,-20,-20,10,-20,-20,4,-20,-20,7,5,9,15,24,-20,20,20,34,33,21,-20,-20,-20,-20,4,33,17,11,25,18,11,3,8,-20,-20,-20,26,-20,9,-20,-20,15,-20,-20,30,85,29,4,29,11,-20,4,-20,-20,-20,8,-20,-20,4,3,7,-20,-20,4,3,3,-20,-20,16,8,-20,3,-20,16,3,3,5,3,8,6,12,4,3,3,55,4,8,-20,-20,3,8,18,11,22,6,5,7,4,-20,8,5,-20,-20,-20,5,77,3,5,6,4,-20,30,8,9,3,3,6,6,5,12,29,-20,5,2,6,4,-20,5,3,6,-20,3,12,5,-20,11,19,8,4,66,6,8,-20,3,-20,7,7,3,6,-20,-20,-20,-20,7,3,-20,8,11,13,10,-20,-20,-20,14,5,5,4,3,6,6,-20,7,-20,9,4,-20,-20,3,9,3,-20,13,10,-20,-20,25,23,18,14,9,-20,-20,6,5,3,-20,12,-20,-20,8,13,15,23,4,18,-20,-20,-20,6,6,5,26,7,-20,-20,-20,-20,6,9,3,17,18,26,26,21,7,23,20,-20,7,22,23,6,11,24,-20,-20,-20,4,-20,8,35,-20,-20,-20,5,7,-20,5,-20,8,7,-20,4,-20,-20,5,10,6,4,11,6,8,11,-20,28,-20,8,12,6,-20,14,4,26,2,18,-20,17,-20,12,8,-20,8,-20,-20,21,6,8,25,24,23,26,13,-20,4,3,21,3,12,14,4,15,9,6,10,7,6,12,13,15,-20,12,5,5,30,-20,5,6,9,-20,-20,-20,-20,-20,-20,12,16,7,5,6,19,86,-20,34,38,39,17,-20,20,-20,44,44,6,45,-20,-20,-20,15,26,6,-20,6,-20,-20,-20,-20,-20,-20,5,15,-20,3,9,-20,9,-20,-20,3,-20,-20,27,3,7,9,-20,-20,-20,11,6,-20,6,-20,-20,8,-20,7,-20,4,4,-20,8,6,13,-20,11,10,-20,20,11,5,9,-20,-20,-20,-20,7,8,11,6,-20,10,-20,18,-20,-20,-20,7,7,-20,6,4,-20,16,8,-20,14,9,-20,17,-20,-20,8,-20,7,9,14,7,-20,7,11,-20,12,17,6,-20,13,16,13,-20,9,10,14,13,-20,14,10,13,21,16,-20,10,13,-20,11,9,2,5,-20,4,-20,15,-20,-20,9,-20,11,16,-20,-20,3,13,3,4,6,8,-20,-20,-20,3,-20,8,3,3,4,5,8,10,6,3,-20,7,-20,-20,9,7,7,3,-20,-20,8,11,5,-20,9,6,17,9,8,8,3,-20,3,8,-20,16,7,5,11,6,11,14,5,3,-20,5,12,23,14,7,7,11,-20,4,11,7,-20,-20,6,12,7,-20,14,-20,16,3,12,-20,14,5,8,-20,11,8,4,13,8,5,-20,-20,13,-20,16,5,-20,-20,3,5,7,11,5,6,-20,13,-20,-20,6,9,5,-20,5,6,11,4,9,15,22,-20,-20,5,9,5,2,11,3,3,9,-20,17,22,8,18,-20,19,13,5,-20,16,18,22,13,15,8,-20,4,21,6,12,6,6,4,3,17,11,24,11,-20,11,21,10,3,17,-20,13,6,11,11,2,8,8,9,8,-20,-20,6,7,3,4,8,-20,9,-20,8,7,11,-20,4,-20,5,8,-20,-20,-20,11,-20,-20,7,-20,-20,-20,5,-20,6,-20,8,-20,8,-20,-20,-20,3,-20,6,-20,-20,3,6,-20,5,7,-20,15,12,-20,-20,-20,6,4,-20,-20,-20,2,3,-20,-20,4,-20,7,15,43,12,6,-20,17,19,-20,4,10,7,6,14,4,-20,5,-20,3,21,4,6,6,12,13,4,3,-20,-20,4,9,13,6,7,6,17,9,11,-20,3,4,8,-20,4,-20,-20,-20,4,-20,-20,-20,-20,4,-20,-20,-20,-20,-20,3,4,-20,-20,-20,-20,3,4,-20,-20,-20,-20,-20,-20,-20,-20,3,4,3,7,-20,-20,3,-20,-20,-20,-20,8,-20,4,-20,-20,4,7,6,6,-20,-20,3,-20,3,-20,-20,-20,-20,3,-20,-20,3,-20,8,-20,8,15,8,12,9,43,63,46,44,-20,39,47,37,17,20,29
"chr4,7844569",-20,-20,-20,-20,-20,-20,5,6,-20,-20,-20,-20,27,19,9,5,51,5,79,48,22,-20,19,23,39,27,14,17,8,-20,-20,4,5,-20,45,27,20,13,19,-20,3,7,-20,7,4,-20,9,-20,4,-20,4,8,9,16,20,-20,-20,39,13,41,17,21,17,30,20,28,20,30,37,10,16,15,19,25,24,33,15,7,14,11,6,16,11,-20,12,49,31,34,5,11,-20,20,28,24,18,26,9,27,-20,37,22,14,4,9,14,25,3,25,36,12,5,6,-20,37,-20,-20,56,13,-20,8,6,-20,10,7,25,10,3,-20,-20,-20,31,-20,7,6,33,33,46,7,-20,-20,-20,5,9,11,40,-20,-20,55,5,-20,6,-20,5,16,25,-20,-20,-20,48,4,-20,-20,5,-20,-20,-20,-20,5,3,3,12,29,16,-20,-20,-20,27,3,11,42,-20,-20,7,-20,-20,-20,-20,9,-20,-20,11,11,-20,-20,-20,-20,5,6,4,3,-20,14,-20,-20,4,4,-20,-20,-20,47,-20,16,12,5,-20,4,-20,-20,-20,15,3,-20,7,43,3,-20,-20,-20,12,-20,41,15,44,9,-20,2,-20,4,4,-20,33,6,4,-20,-20,27,2,4,-20,27,4,3,11,-20,3,3,-20,3,-20,3,9,6,-20,2,2,13,-20,6,4,-20,6,-20,-20,13,4,-20,50,18,3,5,-20,14,-20,-20,-20,-20,-20,-20,-20,2,-20,-20,-20,-20,-20,-20,9,-20,-20,4,7,-20,7,5,9,14,24,-20,19,20,34,34,20,-20,-20,-20,-20,3,33,21,11,24,18,11,2,9,-20,-20,5,25,-20,-20,-20,-20,15,-20,-20,31,86,30,4,32,11,-20,4,-20,-20,3,8,-20,7,4,3,7,-20,-20,4,3,-20,-20,-20,16,7,-20,3,-20,16,3,3,5,3,7,6,10,5,3,3,54,4,8,-20,-20,3,8,15,11,22,2,4,6,4,-20,8,5,-20,-20,-20,5,78,3,5,6,4,-20,29,8,9,3,3,5,6,5,12,29,-20,5,2,-20,4,-20,5,-20,6,-20,3,12,-20,-20,12,19,8,4,67,-20,6,-20,3,-20,6,7,3,6,-20,-20,-20,-20,4,3,-20,8,8,11,10,-20,-20,-20,12,5,5,4,3,4,5,-20,-20,-20,9,4,-20,-20,3,9,3,-20,13,10,-20,-20,27,24,20,10,9,-20,-20,6,5,3,5,10,-20,-20,6,14,15,21,4,18,-20,-20,-20,6,6,5,27,7,-20,3,-20,-20,7,10,3,17,18,26,27,20,7,22,21,-20,7,23,23,6,11,24,-20,-20,-20,4,-20,9,34,-20,-20,-20,5,-20,-20,-20,-20,8,7,-20,4,-20,-20,5,10,-20,4,11,7,8,11,-20,28,-20,10,12,6,-20,13,4,23,3,19,-20,17,-20,11,-20,-20,8,-20,-20,20,-20,9,24,25,22,22,14,-20,4,4,23,3,11,15,4,15,8,6,10,8,6,12,12,14,-20,10,5,5,29,-20,4,6,9,-20,-20,-20,-20,-20,-20,12,15,8,4,6,18,85,-20,34,36,39,16,-20,20,-20,45,45,4,43,-20,-20,-20,15,24,6,-20,5,-20,-20,-20,-20,-20,-20,5,15,-20,3,9,-20,9,-20,-20,3,-20,-20,29,-20,6,9,-20,-20,-20,11,7,-20,-20,-20,-20,8,-20,10,-20,4,4,-20,9,7,15,-20,10,10,-20,21,11,5,9,-20,-20,-20,-20,7,9,11,6,-20,10,-20,19,-20,-20,-20,7,7,-20,5,4,-20,16,9,3,15,10,-20,17,-20,-20,7,-20,6,9,14,7,-20,6,10,-20,13,17,6,-20,11,16,13,-20,9,10,15,13,-20,15,10,15,20,15,-20,9,11,3,11,8,2,5,-20,4,-20,15,-20,-20,9,-20,12,15,-20,4,3,12,3,3,7,8,-20,-20,-20,3,-20,8,4,-20,4,5,8,8,6,3,-20,7,-20,-20,9,7,7,5,-20,8,8,11,5,-20,10,7,18,9,8,8,3,3,3,6,-20,17,7,3,11,6,12,14,5,3,-20,6,12,21,13,8,7,16,9,5,11,7,-20,-20,6,12,8,-20,14,7,14,3,11,-20,14,5,8,-20,10,8,5,11,8,4,-20,-20,12,-20,14,5,-20,-20,3,4,8,11,5,6,-20,14,-20,-20,6,8,5,-20,8,5,11,5,8,17,23,-20,-20,5,9,5,-20,8,3,5,9,9,17,21,8,16,-20,19,13,3,-20,14,18,23,13,15,8,-20,5,21,6,10,6,6,4,11,16,-20,24,10,-20,11,21,9,3,16,-20,13,6,11,12,2,8,-20,10,8,-20,-20,6,8,3,4,9,-20,7,-20,8,7,11,-20,4,-20,5,7,-20,-20,-20,11,-20,-20,7,-20,-20,-20,4,-20,6,-20,7,-20,10,-20,-20,-20,3,-20,5,-20,-20,-20,-20,-20,5,7,-20,16,12,-20,-20,-20,7,4,-20,-20,-20,2,3,-20,7,4,-20,6,15,42,11,6,-20,17,18,-20,5,9,6,6,14,-20,-20,5,-20,3,21,5,6,6,10,12,4,3,-20,-20,4,9,13,6,7,7,17,9,11,-20,3,4,-20,-20,3,-20,-20,-20,4,-20,-20,-20,-20,4,-20,-20,-20,-20,-20,3,4,-20,-20,-20,-20,4,3,-20,-20,-20,-20,-20,-20,-20,-20,-20,4,3,6,-20,-20,3,-20,-20,4,-20,8,7,4,-20,-20,5,6,6,6,-20,-20,3,-20,3,-20,-20,-20,-20,3,-20,-20,-20,-20,8,-20,-20,16,10,12,9,44,63,44,44,-20,41,48,40,17,19,26
"chr4,7844573",-20,-20,-20,-20,-20,-20,7,6,-20,-20,-20,-20,28,18,9,5,48,5,77,48,22,-20,18,23,39,29,15,15,8,-20,-20,4,5,-20,43,27,20,13,18,-20,3,7,-20,7,4,-20,11,-20,4,-20,6,8,12,17,21,-20,-20,39,13,41,18,20,18,33,20,29,19,29,38,10,15,17,18,23,25,34,15,7,15,11,6,17,11,-20,9,47,33,34,5,11,-20,22,30,25,19,28,8,26,-20,38,22,15,6,8,11,27,3,25,34,9,5,6,2,34,-20,-20,57,10,-20,7,6,-20,6,7,26,11,3,3,-20,-20,32,-20,8,7,33,33,46,6,-20,-20,-20,6,9,10,42,-20,-20,55,5,-20,6,4,5,14,26,-20,-20,-20,50,4,-20,-20,5,-20,-20,-20,-20,6,3,4,-20,28,15,-20,-20,-20,26,3,9,42,-20,-20,7,-20,-20,-20,-20,9,-20,-20,-20,11,-20,-20,-20,-20,4,6,-20,3,-20,15,-20,-20,-20,4,-20,-20,-20,47,-20,14,12,5,-20,-20,-20,-20,-20,14,3,-20,7,43,-20,-20,-20,-20,13,-20,40,17,46,9,-20,2,-20,4,4,-20,33,-20,4,-20,-20,27,2,4,-20,26,4,-20,9,-20,3,3,2,4,-20,3,9,7,-20,-20,-20,12,-20,5,4,-20,5,-20,-20,12,4,-20,48,22,3,5,-20,13,-20,-20,-20,-20,-20,-20,-20,3,-20,-20,-20,-20,-20,-20,8,-20,-20,4,8,-20,6,4,9,14,24,-20,19,20,33,35,21,-20,-20,-20,-20,3,31,23,11,24,18,11,2,8,-20,-20,4,26,-20,7,-20,-20,17,-20,-20,32,83,32,-20,31,11,-20,-20,-20,-20,3,8,-20,6,4,5,7,-20,-20,4,3,-20,-20,-20,15,6,2,3,-20,18,3,4,5,3,7,6,10,6,3,3,54,5,8,-20,-20,3,8,14,12,22,3,4,8,3,-20,9,5,-20,-20,-20,-20,78,4,5,6,4,-20,28,7,10,3,2,5,6,5,12,28,-20,5,3,6,6,-20,6,-20,4,-20,-20,10,-20,-20,12,18,7,4,69,-20,6,-20,3,-20,3,6,3,8,-20,-20,-20,2,3,4,-20,8,8,13,10,-20,-20,-20,12,5,5,4,3,4,5,-20,6,-20,9,4,-20,-20,3,9,-20,-20,12,10,-20,-20,25,26,20,11,8,-20,-20,5,6,3,5,9,-20,-20,5,14,15,18,2,19,-20,-20,-20,6,6,4,27,7,-20,3,-20,-20,7,10,-20,16,18,24,29,21,8,24,20,-20,6,24,23,5,10,24,-20,-20,-20,3,-20,-20,32,7,2,-20,5,7,-20,-20,-20,8,8,-20,4,-20,-20,5,10,-20,3,12,7,8,10,-20,28,-20,10,11,7,-20,14,4,22,3,17,-20,16,-20,10,-20,-20,8,-20,-20,21,5,11,24,25,21,23,15,-20,4,3,23,3,10,17,-20,14,9,7,10,5,8,13,8,12,-20,8,4,5,24,-20,4,5,5,3,-20,-20,4,-20,3,11,16,7,-20,6,18,93,-20,34,36,42,18,-20,19,-20,45,41,2,42,-20,-20,-20,16,24,7,2,4,-20,-20,-20,-20,3,-20,-20,15,-20,4,11,-20,6,-20,-20,-20,-20,-20,28,3,6,8,-20,-20,-20,14,7,-20,8,-20,-20,7,-20,10,-20,5,-20,10,9,6,10,-20,9,11,-20,20,9,4,8,-20,-20,-20,4,9,8,8,6,3,8,-20,17,-20,-20,-20,7,6,-20,4,4,-20,15,7,-20,10,7,-20,15,-20,-20,7,-20,6,9,15,6,-20,6,10,-20,14,15,4,-20,10,15,13,10,12,11,13,13,-20,12,10,14,18,12,-20,9,10,4,9,7,2,4,-20,3,-20,16,-20,-20,7,-20,12,14,-20,4,4,11,3,4,6,7,-20,3,-20,5,-20,5,-20,-20,4,4,8,7,6,4,-20,7,-20,-20,7,7,7,4,-20,6,10,11,4,-20,9,6,17,8,8,9,3,3,3,6,9,16,6,3,11,8,12,15,4,3,-20,5,11,21,13,-20,8,16,8,5,9,6,-20,-20,5,11,7,-20,13,7,10,3,12,-20,11,7,7,-20,8,4,5,13,7,3,-20,-20,10,-20,13,4,3,-20,4,3,9,10,5,4,4,14,-20,-20,6,8,-20,-20,9,5,9,5,9,15,17,-20,-20,4,9,6,-20,-20,3,5,8,8,17,21,8,15,-20,17,15,-20,4,11,13,25,12,13,6,3,6,16,5,12,5,4,4,14,17,-20,23,7,-20,11,20,9,-20,13,-20,13,4,11,11,-20,7,6,8,5,-20,-20,4,6,3,5,-20,-20,4,-20,8,7,11,-20,4,-20,4,6,-20,-20,-20,12,-20,-20,5,-20,-20,-20,4,-20,7,-20,7,-20,10,-20,-20,-20,3,-20,4,-20,-20,2,6,-20,6,7,-20,17,9,-20,-20,-20,5,4,-20,-20,-20,3,4,-20,7,4,-20,7,15,39,10,6,-20,14,17,-20,5,10,5,6,10,4,-20,3,-20,3,19,5,5,5,11,11,4,2,-20,-20,5,9,12,6,7,7,17,9,9,-20,3,4,8,2,4,-20,-20,-20,5,-20,2,-20,-20,-20,-20,-20,-20,-20,3,3,4,3,-20,3,-20,4,3,-20,-20,-20,-20,-20,-20,-20,-20,-20,3,3,6,-20,-20,-20,-20,-20,3,-20,6,7,-20,-20,-20,3,-20,6,5,-20,-20,4,-20,3,-20,-20,-20,-20,3,-20,-20,4,-20,8,-20,6,15,10,12,9,46,64,45,44,-20,41,48,42,-20,-20,-20
"chr4,7844577",-20,-20,-20,-20,-20,-20,8,6,-20,-20,-20,-20,28,19,9,6,46,5,79,50,22,-20,17,27,39,28,15,16,9,-20,-20,4,5,-20,42,29,20,13,18,-20,3,7,-20,8,4,-20,11,-20,4,-20,6,9,12,18,20,-20,-20,39,11,38,20,23,17,34,19,30,19,28,39,9,15,19,18,23,26,34,15,6,14,11,7,16,13,-20,9,49,31,35,-20,11,-20,22,29,25,21,27,7,26,-20,40,20,16,7,8,12,28,-20,24,36,9,4,6,-20,33,-20,-20,57,10,-20,8,6,-20,6,7,29,12,3,3,-20,-20,34,-20,7,7,32,34,47,6,-20,-20,-20,6,9,10,43,-20,-20,61,5,-20,5,4,5,14,26,-20,-20,-20,51,4,-20,-20,4,-20,-20,-20,-20,6,3,3,-20,27,15,-20,-20,-20,-20,3,10,39,-20,-20,7,-20,-20,-20,-20,8,-20,-20,-20,13,-20,-20,-20,-20,4,5,-20,3,-20,15,-20,-20,-20,5,-20,-20,-20,51,-20,13,12,5,-20,-20,5,-20,-20,13,-20,-20,6,43,-20,-20,-20,-20,12,-20,38,14,45,12,-20,2,-20,-20,4,-20,33,-20,4,-20,-20,28,2,4,-20,-20,2,-20,8,-20,4,4,-20,-20,-20,3,9,7,-20,-20,-20,13,-20,5,-20,-20,-20,-20,-20,11,4,-20,50,16,3,5,-20,13,-20,-20,-20,-20,-20,-20,-20,3,-20,-20,-20,-20,-20,-20,7,-20,-20,4,-20,-20,6,4,-20,14,24,-20,20,21,33,36,21,-20,3,-20,-20,-20,30,23,11,25,19,11,2,10,-20,-20,4,26,-20,7,-20,-20,18,3,-20,33,84,31,-20,31,11,-20,5,-20,-20,3,8,-20,6,4,4,7,-20,-20,4,-20,-20,-20,-20,15,6,-20,3,-20,18,4,4,5,3,7,5,11,6,-20,3,55,3,9,-20,-20,3,8,13,12,21,4,4,7,4,-20,10,5,-20,-20,-20,-20,75,4,5,5,5,-20,28,-20,11,3,3,5,4,5,12,30,-20,5,3,6,6,-20,7,-20,4,-20,-20,10,-20,-20,12,17,5,4,67,-20,6,-20,3,-20,3,6,3,8,-20,-20,-20,2,-20,4,-20,7,7,14,10,-20,-20,-20,9,5,4,4,3,4,5,3,6,3,9,3,-20,-20,3,10,-20,3,12,11,-20,-20,23,27,21,12,11,-20,-20,5,6,3,5,6,-20,-20,6,14,16,19,-20,20,-20,-20,-20,6,5,4,27,7,-20,3,-20,-20,7,9,3,15,18,25,29,22,7,25,22,-20,5,23,21,5,10,24,-20,-20,-20,3,-20,10,33,7,-20,-20,6,7,-20,-20,-20,10,8,-20,3,-20,-20,5,10,5,3,12,7,8,10,-20,26,-20,10,-20,7,-20,15,4,23,3,16,-20,16,-20,10,-20,-20,8,-20,-20,19,5,12,25,23,19,23,15,-20,4,3,21,4,8,17,2,15,9,7,10,7,8,13,7,12,2,8,4,5,24,-20,4,4,5,3,-20,-20,4,-20,3,11,16,8,3,6,21,91,-20,35,36,45,16,-20,20,-20,44,38,-20,46,-20,-20,3,18,23,6,2,4,-20,-20,-20,-20,3,-20,-20,15,-20,-20,11,-20,5,-20,-20,-20,-20,-20,26,-20,6,8,-20,-20,-20,14,8,-20,8,-20,-20,7,-20,11,-20,4,3,10,10,6,11,-20,10,11,-20,22,9,4,8,-20,-20,-20,4,8,9,9,6,3,-20,-20,17,-20,-20,-20,8,6,-20,4,4,-20,16,7,-20,10,7,-20,14,-20,-20,6,-20,6,9,14,6,-20,6,10,-20,14,14,4,-20,9,13,12,10,13,13,13,13,-20,11,10,13,17,13,-20,9,10,5,9,7,2,4,-20,3,-20,16,-20,-20,7,-20,11,12,-20,4,5,11,3,4,6,6,-20,-20,-20,4,3,5,-20,-20,4,5,8,7,5,4,-20,8,-20,-20,7,8,7,4,-20,5,10,11,4,-20,9,6,17,8,8,8,-20,3,3,7,10,16,6,3,13,8,12,14,4,3,-20,5,11,19,12,7,8,16,8,7,9,6,-20,3,5,11,7,-20,13,-20,10,4,12,2,13,8,7,-20,8,4,5,13,7,3,-20,-20,10,-20,13,4,3,-20,4,4,8,8,5,-20,4,14,-20,-20,6,8,-20,-20,10,5,10,5,9,15,17,4,-20,4,9,6,-20,-20,4,4,7,8,16,21,9,13,-20,15,15,-20,3,11,12,25,13,13,6,3,5,16,5,12,5,4,4,14,17,6,23,6,3,11,20,7,-20,13,-20,14,4,12,11,-20,9,6,8,5,-20,-20,4,5,3,5,9,-20,4,-20,8,8,11,-20,4,-20,4,7,7,-20,-20,11,-20,-20,4,-20,-20,-20,5,-20,6,-20,5,-20,10,-20,-20,-20,3,-20,4,-20,-20,2,6,-20,6,7,-20,16,8,-20,-20,-20,6,4,-20,-20,-20,3,4,-20,6,4,-20,7,15,40,10,6,-20,8,18,-20,5,10,5,6,9,4,-20,4,-20,4,19,5,4,6,11,11,5,2,-20,-20,6,8,12,7,7,7,17,10,9,-20,4,-20,-20,-20,3,-20,-20,-20,5,-20,-20,-20,-20,-20,-20,3,-20,-20,3,-20,-20,3,2,-20,-20,-20,4,-20,-20,-20,-20,-20,-20,-20,-20,-20,2,3,8,-20,-20,3,-20,-20,2,-20,7,5,4,-20,-20,3,-20,5,-20,-20,-20,3,-20,2,4,-20,3,-20,4,-20,-20,2,-20,6,-20,5,14,10,12,8,43,66,47,45,45,33,48,41,19,17,29
"chr4,7844581",4,-20,-20,-20,-20,-20,8,6,-20,-20,-20,-20,27,23,11,5,45,5,77,51,24,-20,19,27,39,29,16,19,9,-20,-20,4,5,-20,37,29,21,13,16,-20,3,11,-20,8,5,6,11,-20,5,-20,5,9,15,18,-20,-20,-20,-20,14,39,17,21,18,37,19,31,20,29,39,10,11,19,17,25,25,32,14,5,12,11,4,16,13,-20,6,47,28,36,-20,12,-20,23,29,22,23,31,7,27,7,40,20,16,7,7,16,28,-20,22,33,9,4,6,-20,30,-20,-20,57,8,-20,8,5,-20,4,6,28,12,3,4,-20,-20,33,-20,7,7,32,35,49,6,-20,-20,-20,5,10,10,43,-20,-20,59,3,-20,4,-20,5,14,25,-20,-20,-20,48,4,-20,-20,4,-20,-20,-20,-20,6,-20,3,9,27,14,-20,-20,-20,24,3,10,37,-20,-20,6,-20,-20,-20,-20,7,-20,-20,-20,12,-20,-20,-20,-20,4,5,-20,3,-20,13,-20,-20,-20,4,-20,-20,-20,47,-20,10,12,5,-20,-20,-20,-20,-20,16,5,-20,8,41,-20,-20,-20,-20,-20,-20,35,15,45,12,2,2,-20,-20,4,-20,34,-20,3,-20,-20,32,-20,4,-20,26,2,-20,9,-20,-20,-20,-20,-20,-20,-20,9,-20,-20,-20,-20,13,-20,6,-20,-20,6,-20,-20,9,-20,-20,47,18,3,6,-20,13,-20,-20,-20,-20,-20,-20,-20,3,-20,-20,-20,-20,-20,-20,7,-20,-20,4,-20,-20,6,4,10,14,22,-20,19,24,32,33,23,-20,3,-20,-20,-20,30,25,12,24,17,9,3,10,-20,-20,4,27,-20,6,-20,-20,17,3,-20,35,81,31,-20,30,10,-20,5,-20,-20,4,9,-20,5,-20,4,7,-20,-20,4,-20,-20,-20,-20,12,6,3,3,-20,18,4,4,5,3,7,5,13,6,3,3,57,-20,9,-20,3,2,7,13,12,22,3,4,7,4,-20,10,4,-20,-20,-20,-20,74,4,4,5,4,-20,27,7,12,3,3,4,4,6,13,30,-20,3,3,-20,6,-20,7,-20,4,-20,-20,-20,-20,-20,11,17,6,4,66,4,6,-20,3,-20,3,4,3,9,-20,-20,-20,2,3,4,-20,6,8,13,8,-20,-20,-20,6,5,4,4,3,5,6,3,-20,-20,9,3,-20,-20,3,10,-20,4,12,11,-20,-20,23,28,21,11,13,-20,-20,5,5,2,5,6,-20,3,6,12,17,19,-20,20,-20,-20,-20,6,5,5,27,7,-20,3,-20,-20,7,9,3,15,18,25,29,20,8,24,21,-20,4,23,20,4,9,23,-20,-20,-20,-20,-20,9,36,7,-20,-20,6,7,-20,4,-20,10,8,-20,3,-20,-20,7,10,4,4,12,7,7,10,-20,24,-20,9,-20,6,-20,14,4,22,3,15,-20,17,-20,10,-20,-20,6,-20,-20,-20,-20,12,23,21,17,21,15,-20,4,3,20,4,8,16,2,14,9,7,11,6,8,12,5,11,-20,7,4,4,22,-20,-20,4,4,3,-20,-20,4,-20,4,11,15,-20,3,7,22,92,-20,34,38,45,17,-20,20,-20,43,37,-20,44,-20,-20,2,18,22,6,2,3,-20,-20,-20,-20,3,-20,-20,15,-20,-20,10,-20,4,-20,-20,-20,-20,-20,22,2,5,8,-20,-20,-20,13,7,-20,8,-20,-20,7,-20,11,-20,6,2,7,-20,6,11,-20,9,11,-20,14,-20,4,7,-20,-20,-20,3,8,8,9,6,3,7,-20,15,-20,-20,-20,8,6,-20,3,4,-20,14,5,-20,10,7,-20,12,-20,-20,5,-20,6,10,13,6,-20,6,10,-20,12,13,4,-20,9,13,11,10,13,12,12,13,-20,10,10,13,17,11,-20,9,8,5,9,7,2,5,-20,3,-20,15,-20,-20,5,-20,8,10,-20,4,5,8,3,4,6,5,-20,-20,-20,4,3,5,-20,-20,4,4,8,5,5,4,-20,8,-20,-20,6,8,8,4,-20,4,9,11,3,-20,9,5,13,8,8,8,-20,-20,3,6,9,15,6,4,11,8,11,12,4,3,6,5,11,19,12,7,8,16,7,6,9,6,-20,3,5,11,6,-20,9,-20,10,4,11,2,11,7,7,-20,-20,4,5,13,7,-20,-20,-20,10,-20,13,4,3,-20,4,3,8,8,5,-20,4,13,-20,-20,5,8,-20,-20,9,4,9,5,9,13,15,3,-20,4,8,6,-20,-20,-20,4,6,8,15,21,9,13,-20,14,14,-20,3,11,12,23,13,11,6,3,5,15,5,12,5,5,4,14,17,4,20,5,3,11,19,7,-20,12,-20,13,4,12,11,3,9,5,8,5,-20,-20,3,4,5,5,8,-20,4,-20,6,7,10,-20,3,-20,3,6,6,-20,-20,11,-20,-20,3,-20,-20,-20,3,-20,5,-20,5,-20,9,-20,-20,-20,3,-20,3,-20,-20,2,6,-20,5,6,-20,15,6,-20,-20,-20,6,4,-20,-20,-20,-20,4,-20,6,3,-20,6,15,38,10,6,-20,9,18,-20,5,9,5,6,8,3,-20,4,-20,4,18,4,4,6,11,9,4,2,-20,-20,5,7,12,7,6,8,15,10,9,-20,6,-20,9,-20,5,-20,-20,3,4,-20,-20,-20,-20,-20,-20,4,-20,-20,-20,-20,-20,3,3,-20,-20,2,5,-20,-20,-20,-20,2,-20,-20,-20,-20,2,-20,-20,-20,-20,3,-20,3,-20,-20,6,5,5,-20,-20,3,-20,5,-20,-20,-20,5,-20,-20,4,-20,3,3,-20,-20,-20,2,-20,6,-20,5,14,9,12,8,41,63,47,37,45,33,46,44,19,16,31
"chr4,7844583",4,-20,-20,-20,-20,-20,8,6,-20,-20,-20,-20,28,23,11,6,43,4,77,51,24,-20,19,28,38,29,16,21,7,-20,-20,4,5,-20,37,31,21,11,16,-20,3,16,-20,7,7,6,11,-20,5,-20,5,9,15,18,19,4,-20,39,15,42,16,25,18,38,20,33,18,29,41,11,11,18,17,25,25,33,14,5,12,11,4,15,15,-20,6,48,28,37,9,11,-20,23,29,24,24,32,7,26,7,40,20,16,7,8,16,29,-20,22,35,9,4,6,-20,28,-20,-20,59,8,-20,8,5,-20,4,6,29,12,3,5,-20,-20,32,-20,7,7,32,34,52,6,-20,-20,-20,5,10,10,43,-20,-20,58,3,-20,4,4,5,14,26,-20,-20,-20,49,5,-20,-20,4,-20,-20,-20,-20,6,-20,3,9,25,14,-20,-20,-20,15,3,11,37,-20,-20,5,-20,-20,-20,-20,7,-20,-20,-20,12,-20,-20,-20,-20,5,4,-20,3,-20,13,-20,-20,-20,4,-20,-20,-20,48,-20,10,12,5,-20,-20,6,-20,-20,14,5,-20,8,37,-20,-20,-20,-20,13,-20,35,15,45,12,2,2,-20,-20,4,-20,34,-20,-20,-20,-20,30,2,4,-20,28,2,-20,9,-20,5,-20,-20,3,-20,4,-20,6,-20,-20,-20,13,-20,5,4,-20,5,-20,-20,8,-20,-20,45,17,4,6,-20,12,-20,-20,-20,-20,-20,-20,-20,3,-20,-20,-20,-20,-20,-20,6,-20,-20,4,8,-20,6,4,10,14,23,-20,18,25,32,34,25,-20,3,-20,-20,-20,31,28,14,25,18,8,4,10,-20,-20,4,25,-20,6,-20,-20,17,3,-20,35,82,30,-20,27,10,-20,6,-20,-20,4,10,-20,5,5,4,7,-20,-20,3,-20,-20,-20,-20,12,6,3,3,-20,17,4,4,5,3,7,6,14,6,3,3,59,3,9,-20,3,3,6,13,14,22,3,4,8,-20,-20,10,4,-20,-20,-20,-20,73,4,4,4,4,-20,26,7,12,3,3,4,4,6,12,30,-20,3,3,6,5,-20,7,-20,4,-20,-20,8,-20,-20,11,17,6,4,68,4,6,-20,3,-20,3,4,3,9,-20,-20,-20,2,3,4,-20,6,6,13,-20,-20,-20,-20,6,4,4,4,-20,5,6,3,9,-20,9,3,-20,-20,3,10,-20,5,13,11,-20,-20,23,28,22,12,13,-20,-20,5,5,-20,4,6,-20,3,6,12,16,20,-20,21,-20,-20,-20,6,5,5,27,7,-20,3,-20,-20,7,8,3,15,17,24,29,20,8,24,22,-20,4,24,21,4,9,23,-20,-20,-20,-20,-20,9,40,7,-20,-20,5,-20,-20,4,-20,10,8,-20,3,-20,-20,7,10,4,4,12,7,7,10,-20,25,-20,9,7,6,-20,14,4,22,3,13,-20,17,-20,10,9,-20,6,-20,-20,18,3,11,24,22,17,22,16,-20,4,3,20,4,8,16,2,14,9,6,11,5,8,12,5,10,-20,7,-20,4,22,-20,-20,4,4,3,-20,-20,4,-20,4,11,15,-20,3,7,21,93,-20,32,40,45,16,-20,20,-20,45,38,2,50,-20,-20,2,18,20,6,2,3,-20,-20,-20,-20,3,-20,-20,15,-20,-20,10,-20,4,-20,-20,-20,-20,-20,22,5,6,8,-20,-20,-20,13,7,-20,8,-20,-20,7,-20,11,-20,6,2,7,10,6,11,-20,9,11,-20,14,9,4,7,-20,-20,-20,3,-20,8,9,6,3,7,-20,15,-20,-20,-20,9,6,-20,3,4,-20,14,5,-20,10,7,-20,12,-20,-20,5,-20,6,10,13,6,-20,6,10,-20,12,13,4,-20,9,13,11,10,13,12,12,15,-20,10,10,13,17,11,-20,9,9,5,9,6,2,6,-20,3,-20,15,-20,-20,5,-20,8,9,-20,4,5,8,3,4,6,5,-20,-20,-20,4,3,5,-20,-20,4,4,8,5,5,4,-20,8,-20,-20,6,8,8,4,-20,4,9,11,3,-20,9,5,13,8,8,6,2,-20,-20,6,9,15,6,4,11,8,11,12,4,3,6,5,11,19,12,7,7,16,7,6,9,6,-20,3,5,11,6,-20,9,4,10,4,11,-20,11,9,7,-20,-20,-20,5,13,7,-20,-20,-20,10,-20,13,-20,3,-20,4,3,8,8,5,-20,4,13,-20,-20,5,8,-20,-20,9,4,9,5,8,13,16,3,-20,4,8,6,-20,-20,-20,4,6,8,15,21,10,13,-20,13,15,-20,3,11,13,23,13,11,6,3,5,16,5,12,5,5,4,14,17,4,20,5,3,11,19,7,-20,12,-20,13,4,12,11,3,9,5,8,5,-20,-20,3,5,5,5,8,-20,4,-20,6,6,9,-20,-20,-20,3,6,6,-20,-20,11,-20,-20,3,-20,-20,-20,4,-20,5,-20,5,-20,9,-20,-20,-20,3,-20,-20,-20,-20,2,6,-20,5,6,-20,15,7,-20,-20,-20,6,4,-20,-20,-20,-20,4,-20,6,3,-20,6,15,38,9,6,-20,9,18,-20,5,9,5,6,8,4,-20,5,-20,4,17,4,4,6,11,9,4,-20,-20,-20,5,7,12,7,6,8,16,10,9,-20,6,-20,7,3,4,-20,3,-20,4,-20,-20,-20,-20,-20,-20,4,-20,-20,3,-20,-20,3,5,-20,-20,3,5,-20,-20,-20,-20,-20,-20,-20,-20,-20,4,4,7,-20,2,4,-20,3,-20,-20,3,3,5,-20,-20,3,-20,5,-20,-20,-20,3,-20,2,5,-20,3,3,6,-20,-20,3,-20,5,-20,6,12,9,12,8,43,64,48,37,44,33,44,44,21,-20,34
"chr4,7844585",4,-20,-20,-20,-20,-20,8,6,-20,-20,-20,-20,28,23,11,6,42,4,73,50,23,-20,19,28,37,28,15,21,7,-20,-20,4,5,-20,35,34,22,14,15,-20,3,17,2,7,7,10,11,-20,3,-20,5,9,15,19,19,4,-20,39,17,40,16,25,18,39,20,33,18,29,41,11,12,17,18,23,26,32,13,5,12,11,5,15,16,-20,6,48,29,37,10,10,-20,23,30,23,24,32,7,26,7,38,21,16,7,8,16,28,-20,24,30,9,4,6,-20,29,-20,-20,58,8,-20,8,5,-20,4,6,28,11,3,5,-20,-20,33,-20,7,7,32,35,55,7,-20,-20,-20,5,9,9,43,-20,-20,57,4,-20,4,-20,7,15,25,-20,-20,-20,49,5,-20,-20,4,-20,-20,-20,-20,6,-20,4,9,25,16,-20,-20,-20,15,3,10,35,-20,-20,5,-20,-20,-20,-20,7,-20,-20,-20,11,-20,-20,-20,-20,7,4,-20,3,-20,13,-20,-20,-20,4,-20,-20,-20,-20,-20,-20,11,5,-20,-20,6,-20,-20,15,5,-20,8,38,-20,-20,-20,-20,-20,-20,33,-20,45,10,2,2,-20,-20,4,-20,34,-20,-20,-20,-20,31,-20,4,-20,27,2,-20,9,-20,-20,-20,-20,3,-20,4,7,6,-20,-20,-20,12,-20,5,4,-20,-20,-20,-20,8,-20,-20,45,16,4,6,-20,15,-20,-20,-20,-20,-20,-20,-20,-20,-20,-20,-20,-20,-20,-20,6,-20,-20,4,-20,-20,6,4,8,15,23,-20,17,24,32,34,24,-20,-20,-20,-20,-20,30,29,13,26,17,8,4,10,-20,-20,3,23,-20,6,-20,-20,17,2,-20,35,82,29,-20,26,10,-20,6,-20,-20,4,-20,-20,-20,5,4,8,-20,-20,3,-20,-20,-20,-20,12,6,4,3,-20,17,4,4,6,3,6,6,14,6,3,3,58,3,9,-20,3,-20,8,11,14,22,-20,4,7,-20,-20,10,5,-20,-20,-20,4,73,4,4,4,4,-20,26,7,13,3,-20,4,4,6,13,30,-20,3,3,6,5,-20,7,-20,5,-20,-20,8,-20,-20,11,19,6,4,72,3,5,-20,3,-20,3,4,3,9,-20,-20,-20,2,4,4,-20,6,4,13,8,-20,-20,-20,6,4,4,4,-20,5,6,3,-20,-20,9,3,-20,-20,3,10,-20,5,13,11,-20,-20,23,27,22,13,15,-20,-20,5,6,-20,4,5,-20,3,6,11,16,20,-20,20,-20,-20,-20,6,5,5,26,6,-20,3,-20,-20,10,8,4,15,17,25,30,19,8,24,22,-20,5,24,22,4,9,23,-20,-20,-20,-20,-20,10,40,7,-20,-20,5,5,-20,4,-20,10,9,-20,3,-20,-20,7,9,4,5,11,7,7,10,-20,25,-20,-20,-20,6,-20,13,5,22,3,13,-20,16,-20,-20,-20,-20,6,-20,-20,19,-20,11,27,20,17,21,17,-20,4,3,20,4,8,16,2,13,8,6,11,6,8,12,5,8,-20,7,-20,4,20,-20,-20,4,4,3,-20,-20,5,-20,4,11,15,-20,3,7,19,95,-20,33,41,42,17,-20,20,-20,42,38,-20,49,-20,-20,2,19,20,6,-20,3,-20,-20,-20,-20,4,-20,-20,16,-20,-20,8,-20,4,-20,-20,-20,-20,-20,24,6,6,8,-20,-20,-20,13,7,-20,8,-20,-20,6,-20,11,-20,6,2,7,10,6,11,-20,9,11,-20,14,9,4,7,-20,-20,-20,3,8,8,10,6,3,7,-20,14,-20,-20,-20,9,6,6,4,4,-20,14,5,-20,-20,7,-20,12,-20,-20,5,-20,7,10,14,6,-20,7,9,-20,12,13,4,-20,9,13,10,10,13,10,11,14,-20,9,10,13,17,10,-20,-20,8,5,9,6,-20,6,-20,3,-20,13,-20,-20,5,-20,8,8,-20,4,5,9,3,4,6,5,-20,3,-20,4,3,5,-20,-20,5,4,8,5,5,4,-20,8,-20,-20,6,8,9,4,-20,-20,9,11,4,-20,10,5,12,8,8,6,3,-20,-20,6,9,15,5,3,11,8,12,12,4,-20,6,5,12,18,12,7,7,16,7,6,9,6,-20,3,4,11,6,3,9,4,9,4,11,-20,11,9,7,-20,-20,-20,5,13,7,-20,-20,-20,10,-20,14,-20,3,-20,4,3,8,8,4,4,4,13,-20,-20,5,7,-20,-20,9,4,8,5,8,12,18,3,-20,5,8,6,-20,-20,-20,4,6,8,15,20,9,13,-20,12,15,-20,3,10,13,21,14,11,6,3,5,16,5,12,5,5,4,14,17,4,19,5,3,11,19,8,-20,11,-20,13,4,12,9,3,9,5,8,5,-20,-20,3,5,5,5,8,-20,4,-20,7,6,9,-20,-20,-20,3,6,6,-20,-20,11,-20,-20,3,-20,-20,-20,4,-20,5,-20,4,-20,9,-20,-20,-20,3,-20,-20,-20,-20,2,5,-20,4,6,-20,14,7,-20,-20,-20,6,5,-20,-20,-20,-20,4,-20,6,-20,-20,6,15,34,9,6,-20,9,18,-20,5,9,4,6,8,3,-20,5,-20,4,18,5,4,6,11,9,4,-20,-20,-20,5,8,12,7,7,7,15,10,9,-20,5,-20,9,4,4,-20,3,-20,4,-20,-20,-20,-20,-20,2,5,-20,3,-20,-20,-20,3,-20,-20,-20,3,-20,-20,-20,-20,-20,-20,-20,-20,-20,-20,4,4,7,-20,-20,3,-20,3,-20,-20,-20,5,5,-20,-20,3,-20,-20,-20,-20,-20,4,-20,-20,4,-20,3,-20,5,-20,-20,-20,-20,5,-20,6,14,10,12,7,43,63,47,39,63,33,45,44,21,18,35
"chr4,7844586",3,-20,-20,-20,-20,-20,9,7,-20,-20,-20,-20,27,23,11,7,43,3,74,50,23,-20,19,29,37,28,15,22,7,-20,-20,4,5,-20,35,34,22,15,15,-20,3,18,2,7,7,10,11,-20,3,-20,-20,9,15,19,18,4,-20,-20,17,41,16,25,19,40,22,33,18,28,41,12,11,17,18,24,25,34,13,5,14,12,5,15,15,-20,6,46,31,37,10,9,-20,22,31,23,21,32,7,26,-20,38,21,16,7,8,16,28,-20,26,31,8,4,-20,-20,29,-20,-20,59,8,-20,8,5,-20,4,6,30,11,3,6,-20,-20,33,-20,8,7,32,36,59,7,-20,-20,-20,5,9,9,44,-20,-20,53,5,-20,4,-20,7,15,26,-20,-20,-20,49,5,-20,-20,3,-20,-20,-20,-20,6,-20,4,7,26,18,-20,-20,-20,15,3,11,35,-20,-20,6,-20,-20,-20,-20,7,-20,-20,-20,11,-20,-20,-20,-20,8,3,-20,3,-20,12,-20,-20,-20,4,-20,-20,-20,45,-20,10,11,5,-20,-20,6,-20,-20,16,6,-20,-20,37,-20,-20,-20,-20,-20,-20,34,14,45,10,2,2,-20,-20,4,-20,34,-20,-20,-20,-20,31,-20,3,-20,29,2,-20,10,-20,5,-20,-20,3,-20,3,7,6,-20,-20,-20,11,-20,4,3,-20,4,-20,-20,7,-20,-20,47,16,4,6,-20,15,-20,-20,-20,-20,-20,-20,-20,3,-20,-20,-20,-20,-20,-20,6,-20,-20,4,8,-20,6,4,8,15,23,-20,19,25,32,33,24,-20,-20,-20,-20,-20,32,29,13,26,20,8,4,10,-20,-20,3,24,-20,-20,-20,-20,17,2,-20,35,82,29,-20,26,11,-20,6,-20,-20,4,10,-20,6,5,4,8,-20,-20,3,-20,-20,-20,-20,12,6,4,3,-20,17,4,4,6,3,6,6,14,6,3,3,60,3,9,-20,3,-20,8,12,15,22,3,4,7,-20,-20,10,5,-20,-20,-20,4,76,4,4,4,4,-20,26,7,13,3,-20,4,4,7,14,32,-20,3,3,6,5,-20,7,-20,5,-20,-20,8,-20,-20,11,19,6,4,72,3,5,-20,3,-20,3,4,3,8,-20,-20,-20,2,-20,4,-20,6,4,13,8,-20,-20,-20,7,4,4,4,-20,5,6,3,7,-20,9,3,-20,-20,3,10,-20,4,13,11,-20,-20,23,27,23,13,15,-20,-20,5,6,-20,4,5,-20,-20,-20,11,16,19,-20,21,-20,-20,-20,6,6,5,26,6,-20,4,-20,-20,10,8,4,14,16,25,30,19,9,23,22,-20,5,24,21,5,9,23,-20,-20,-20,-20,-20,10,42,7,-20,-20,5,-20,-20,4,-20,10,9,-20,3,-20,-20,7,9,4,5,11,7,7,10,-20,26,-20,9,5,6,-20,14,5,21,3,12,-20,15,-20,8,9,-20,6,-20,-20,19,2,11,28,21,16,21,17,-20,4,3,23,4,8,17,2,13,8,6,10,7,8,11,5,8,-20,7,-20,4,19,-20,-20,4,4,3,-20,-20,5,-20,4,11,15,5,3,7,21,94,-20,32,40,44,15,-20,20,-20,43,38,-20,50,-20,-20,2,19,20,5,-20,3,-20,-20,-20,-20,4,-20,-20,16,-20,2,7,-20,4,-20,-20,-20,-20,-20,25,6,6,8,-20,-20,-20,13,7,-20,8,-20,-20,6,-20,11,-20,6,2,7,10,7,11,-20,9,11,-20,14,9,4,7,-20,-20,-20,3,8,8,9,7,3,7,-20,13,-20,-20,-20,9,6,6,4,4,-20,14,5,-20,10,7,-20,11,-20,-20,5,-20,7,10,15,6,-20,8,9,-20,12,13,4,-20,8,13,11,9,14,10,11,15,-20,9,10,12,17,11,-20,10,8,6,9,5,-20,6,-20,3,-20,15,-20,-20,5,-20,8,8,-20,4,7,9,3,3,6,5,-20,3,-20,4,3,4,4,-20,5,4,8,5,5,4,-20,7,-20,-20,6,8,8,4,-20,4,9,11,3,-20,10,5,12,8,9,6,3,-20,-20,6,9,15,5,3,11,8,12,12,4,-20,6,5,12,18,13,-20,7,17,7,6,9,6,-20,3,4,10,6,3,9,5,9,4,11,-20,11,9,7,-20,-20,4,6,13,7,-20,-20,-20,10,-20,14,-20,3,-20,4,3,8,8,4,3,5,14,-20,-20,5,7,-20,-20,9,4,8,5,8,12,17,3,-20,5,8,6,-20,-20,-20,5,7,8,15,20,9,13,-20,12,15,-20,4,10,13,22,14,11,6,3,5,16,5,13,5,5,3,17,20,4,20,5,3,11,19,7,-20,11,-20,13,4,12,9,7,10,6,9,5,-20,-20,3,5,6,5,8,-20,3,3,7,6,9,6,-20,-20,3,6,6,-20,-20,11,-20,-20,3,-20,-20,-20,-20,-20,4,-20,4,-20,9,-20,-20,-20,3,-20,-20,-20,-20,2,5,-20,4,6,-20,15,8,-20,-20,-20,5,5,-20,-20,-20,-20,4,-20,6,-20,-20,5,15,35,9,7,-20,9,19,-20,5,10,4,6,8,3,-20,5,-20,4,18,7,4,5,11,9,4,-20,-20,-20,5,8,12,7,7,7,16,12,9,-20,6,-20,7,4,2,-20,3,-20,4,-20,-20,-20,-20,-20,2,5,-20,3,-20,-20,-20,3,4,-20,-20,-20,-20,-20,-20,-20,-20,-20,-20,-20,-20,-20,4,3,7,-20,-20,3,-20,3,-20,-20,3,5,5,3,-20,-20,-20,-20,-20,-20,-20,4,-20,-20,5,-20,-20,-20,5,-20,-20,2,-20,4,-20,6,13,10,12,-20,42,63,47,39,63,33,45,44,21,18,35
"chr4,7844587",3,-20,-20,-20,-20,-20,9,7,-20,-20,-20,-20,27,23,11,7,44,4,75,49,23,-20,20,29,37,28,15,22,7,-20,-20,4,5,-20,34,35,21,15,15,-20,3,19,2,7,7,11,11,-20,3,-20,-20,9,14,17,17,4,-20,39,17,41,16,25,19,40,22,33,18,28,40,12,11,18,16,24,26,34,13,5,14,11,5,16,16,-20,6,47,31,37,10,9,-20,22,32,21,21,32,7,26,4,39,22,16,7,6,17,28,-20,26,30,8,4,6,-20,29,-20,-20,59,7,-20,8,5,-20,4,5,30,11,3,5,-20,-20,33,-20,8,7,32,36,59,7,-20,-20,-20,5,9,9,44,-20,-20,54,4,-20,4,-20,7,13,26,-20,-20,-20,48,5,-20,-20,3,-20,-20,-20,-20,6,-20,4,7,26,18,-20,-20,-20,15,3,11,35,-20,-20,6,-20,-20,-20,-20,7,-20,-20,-20,11,-20,-20,-20,-20,8,3,-20,3,-20,12,-20,-20,-20,4,-20,-20,-20,47,-20,10,10,5,-20,-20,7,-20,-20,15,6,-20,-20,37,-20,-20,-20,-20,9,-20,34,13,47,10,2,-20,-20,-20,4,-20,34,-20,-20,-20,-20,31,-20,3,-20,30,2,-20,10,-20,5,-20,-20,3,-20,4,8,6,-20,-20,-20,11,-20,4,-20,-20,3,-20,-20,7,-20,-20,47,16,5,6,-20,15,-20,-20,-20,-20,-20,-20,-20,3,-20,-20,-20,-20,-20,-20,6,-20,-20,4,7,-20,6,4,8,16,25,-20,20,25,32,35,24,-20,-20,-20,-20,-20,32,29,13,26,21,7,4,10,-20,-20,3,25,-20,6,-20,-20,16,2,-20,35,86,29,-20,26,11,-20,6,-20,-20,4,10,-20,6,5,4,8,-20,-20,3,-20,-20,-20,-20,11,6,4,2,-20,17,4,4,6,3,6,6,14,6,3,3,60,3,9,-20,3,3,8,12,15,22,3,4,7,-20,-20,10,5,-20,-20,-20,3,76,4,4,4,4,-20,28,7,12,3,-20,4,3,7,14,32,-20,3,3,6,5,-20,6,-20,5,-20,-20,8,-20,-20,11,20,6,4,70,3,5,-20,3,-20,3,4,3,8,-20,-20,-20,2,4,4,-20,6,4,14,8,-20,-20,-20,7,4,4,4,-20,5,6,3,6,-20,9,3,-20,-20,-20,10,-20,4,13,11,-20,-20,22,27,23,15,15,-20,-20,5,6,-20,4,5,-20,-20,8,11,17,19,-20,21,-20,-20,-20,5,6,5,25,6,-20,4,-20,-20,10,8,4,14,16,25,29,19,7,23,23,-20,3,23,21,5,8,23,-20,-20,-20,-20,-20,9,42,7,-20,-20,5,-20,-20,4,-20,10,9,-20,3,-20,-20,7,9,4,6,10,7,7,10,-20,25,-20,9,4,6,-20,14,5,21,3,11,-20,15,-20,8,-20,-20,6,-20,-20,19,2,11,30,20,17,21,18,-20,4,3,23,4,8,17,2,13,7,6,10,6,7,12,5,8,-20,7,-20,4,17,-20,-20,4,4,3,-20,-20,5,2,4,11,15,5,3,7,20,95,-20,32,40,45,16,-20,20,-20,42,36,-20,50,-20,-20,2,19,19,5,-20,-20,-20,-20,-20,-20,4,-20,-20,16,-20,2,7,-20,3,-20,-20,-20,-20,-20,25,-20,6,9,-20,-20,-20,13,7,-20,8,-20,-20,6,-20,11,-20,6,2,6,9,7,11,-20,9,11,-20,13,8,4,6,-20,-20,-20,3,8,7,9,7,3,7,-20,12,-20,-20,-20,9,5,6,4,4,-20,14,5,-20,10,7,-20,10,-20,-20,5,-20,6,10,15,6,-20,8,9,-20,11,12,4,-20,8,12,10,9,14,10,11,13,-20,9,10,12,17,11,-20,10,8,5,9,5,-20,5,-20,3,-20,15,-20,-20,5,-20,8,8,-20,4,7,9,3,3,6,5,2,3,-20,4,3,4,3,-20,5,4,8,5,5,4,-20,7,-20,-20,6,8,8,4,-20,4,9,11,3,-20,10,5,12,7,9,5,3,-20,-20,6,7,15,5,3,11,8,12,12,4,-20,6,5,11,17,13,7,7,17,7,6,9,6,-20,3,4,9,6,3,9,5,9,4,10,-20,11,9,6,-20,-20,4,6,12,7,-20,-20,-20,10,-20,14,-20,3,-20,4,3,8,8,4,3,-20,14,-20,-20,5,7,-20,-20,9,3,8,5,7,12,17,3,-20,5,8,6,-20,-20,-20,5,7,8,15,19,9,13,-20,11,15,-20,4,10,13,21,14,11,6,3,5,16,5,13,5,5,2,17,19,4,20,5,-20,11,19,7,-20,11,-20,13,4,12,9,7,10,-20,8,5,-20,-20,-20,-20,6,-20,7,-20,2,3,7,5,9,6,-20,-20,3,5,5,-20,-20,10,-20,-20,3,-20,-20,-20,-20,-20,3,-20,4,-20,9,-20,-20,-20,3,-20,-20,-20,-20,2,5,-20,4,6,-20,15,-20,-20,-20,-20,5,5,-20,-20,-20,-20,4,-20,4,-20,-20,5,15,33,9,7,-20,8,19,-20,5,10,4,5,8,3,-20,5,-20,4,16,7,4,5,11,9,4,2,-20,-20,5,8,12,7,6,7,15,12,9,-20,6,-20,7,4,3,-20,3,-20,4,-20,-20,-20,-20,-20,-20,5,-20,3,3,-20,3,2,4,-20,-20,-20,-20,-20,-20,-20,-20,-20,-20,-20,-20,-20,3,4,8,-20,2,3,-20,-20,-20,-20,-20,4,4,3,-20,-20,-20,-20,-20,-20,-20,4,-20,-20,5,-20,3,3,6,-20,-20,2,-20,4,-20,6,12,8,10,7,43,66,46,39,62,37,44,43,21,18,34
"chr4,7844589",3,-20,-20,-20,-20,-20,9,7,-20,-20,-20,-20,28,23,11,6,44,4,76,51,22,-20,19,28,36,28,15,23,6,-20,-20,4,5,-20,32,35,21,15,15,-20,3,20,2,8,7,13,10,-20,-20,-20,-20,9,14,17,-20,5,-20,35,18,41,16,22,19,39,22,32,19,28,40,12,11,18,16,24,25,34,13,5,13,12,5,15,17,-20,6,49,33,38,12,10,-20,21,31,21,21,33,7,25,4,40,21,16,7,6,17,28,-20,27,30,8,4,6,-20,28,-20,-20,57,7,-20,8,5,-20,4,7,31,11,3,5,-20,-20,34,-20,8,7,28,35,59,7,-20,-20,-20,5,9,9,43,-20,-20,55,4,-20,4,-20,7,14,25,-20,-20,-20,48,5,-20,-20,3,-20,-20,-20,-20,6,-20,4,6,28,18,-20,-20,-20,15,3,12,35,-20,-20,6,-20,-20,-20,-20,7,-20,-20,-20,11,-20,-20,-20,-20,8,3,-20,3,-20,12,-20,-20,-20,3,-20,-20,-20,43,-20,9,9,5,-20,-20,7,-20,-20,16,-20,-20,-20,35,-20,-20,4,-20,8,-20,34,11,46,10,2,-20,-20,-20,4,-20,31,-20,-20,-20,-20,30,-20,3,-20,31,2,-20,11,-20,5,-20,-20,3,-20,4,8,6,-20,-20,-20,11,-20,4,-20,-20,4,-20,-20,7,-20,-20,49,15,5,5,-20,14,-20,-20,-20,-20,-20,-20,-20,3,-20,-20,-20,-20,-20,-20,6,-20,-20,5,7,-20,6,4,8,16,27,-20,20,25,33,35,22,-20,-20,-20,-20,-20,31,32,14,27,21,7,4,10,-20,-20,3,26,-20,6,-20,-20,16,2,-20,38,86,30,-20,26,11,-20,6,-20,-20,4,10,-20,6,4,4,8,-20,-20,3,-20,-20,-20,-20,11,6,4,-20,-20,17,4,4,6,3,7,6,14,5,3,3,58,3,9,-20,3,3,9,13,15,21,2,4,7,-20,-20,10,5,-20,-20,-20,3,76,4,3,4,4,-20,27,7,12,3,-20,5,3,7,14,32,-20,3,3,6,5,-20,6,-20,6,-20,-20,8,-20,-20,13,19,6,4,70,3,6,-20,-20,-20,3,4,3,8,-20,-20,-20,2,4,4,-20,6,4,14,10,-20,-20,-20,7,3,4,3,-20,5,6,3,6,-20,9,3,-20,-20,-20,10,-20,4,13,11,-20,-20,23,26,24,16,14,-20,-20,5,6,-20,4,4,-20,-20,-20,11,17,18,-20,21,-20,-20,-20,5,6,5,27,6,-20,4,-20,-20,10,7,5,14,17,25,30,20,7,24,23,-20,3,23,21,5,8,24,-20,-20,-20,-20,-20,9,42,7,-20,-20,4,6,-20,4,-20,9,8,-20,3,-20,-20,7,8,4,6,12,7,6,10,-20,24,-20,9,3,6,-20,14,5,22,3,8,-20,14,-20,9,8,-20,6,-20,-20,19,-20,11,30,21,15,21,18,-20,5,3,23,4,8,17,2,13,7,6,11,6,6,12,5,8,-20,7,-20,4,18,-20,-20,4,4,3,-20,-20,6,2,4,11,14,5,-20,7,20,92,-20,31,41,45,14,-20,22,-20,39,34,-20,52,-20,-20,2,19,16,5,2,-20,-20,-20,-20,-20,4,-20,-20,15,-20,2,8,-20,3,-20,-20,-20,-20,-20,27,-20,7,9,-20,-20,-20,13,7,-20,8,-20,-20,4,-20,11,-20,-20,2,6,9,7,11,-20,9,12,-20,13,8,4,6,-20,-20,-20,3,7,7,9,7,-20,7,-20,11,-20,-20,-20,9,5,6,4,4,-20,14,5,-20,9,7,-20,10,-20,-20,5,-20,6,10,15,6,-20,8,9,-20,11,12,4,-20,8,12,12,9,14,10,10,13,-20,9,10,12,16,10,-20,10,7,5,9,4,-20,5,-20,3,-20,15,-20,-20,5,-20,7,8,-20,4,7,9,3,3,6,4,2,3,-20,4,-20,4,3,-20,5,4,8,5,5,3,-20,7,-20,-20,6,8,8,4,-20,3,9,11,3,-20,10,5,12,7,9,5,3,-20,-20,6,7,12,5,3,11,8,12,12,4,-20,6,5,11,17,13,7,8,17,7,6,9,5,-20,3,4,9,6,3,9,5,9,4,10,-20,11,9,6,-20,-20,4,6,12,7,-20,-20,-20,10,-20,14,-20,3,-20,4,3,8,8,4,3,-20,14,-20,-20,5,7,-20,-20,9,3,9,5,7,11,16,3,-20,5,7,6,-20,-20,2,5,8,7,15,19,9,12,-20,11,15,-20,4,10,13,20,14,11,6,3,5,16,-20,13,5,5,2,16,19,2,20,5,-20,11,19,7,-20,11,-20,13,-20,12,-20,7,9,6,8,5,-20,-20,-20,4,6,5,6,-20,2,3,7,5,9,6,-20,-20,3,4,5,-20,-20,10,-20,-20,3,-20,-20,-20,-20,-20,3,-20,4,-20,-20,-20,-20,-20,3,-20,-20,-20,-20,2,5,-20,4,6,-20,15,8,-20,-20,-20,5,5,-20,-20,-20,-20,4,-20,4,-20,-20,5,16,32,9,7,-20,8,19,-20,5,9,4,5,8,3,-20,5,-20,4,16,7,5,5,11,9,5,2,-20,-20,5,8,13,7,6,7,15,12,8,-20,4,-20,-20,4,3,-20,3,-20,3,-20,-20,-20,-20,-20,2,-20,-20,3,-20,-20,-20,3,4,-20,-20,-20,-20,-20,3,-20,-20,-20,-20,-20,-20,-20,3,4,7,-20,2,3,-20,3,-20,-20,-20,5,5,3,-20,-20,-20,-20,-20,-20,-20,3,-20,-20,4,-20,3,3,7,-20,-20,2,-20,-20,-20,6,10,8,10,7,42,67,48,39,62,39,42,42,20,18,33
"chr4,7844590",3,-20,-20,-20,-20,-20,9,7,-20,-20,-20,-20,26,23,10,6,44,4,73,49,20,-20,20,28,36,28,15,23,-20,-20,-20,-20,-20,-20,34,35,22,15,15,-20,3,20,2,8,7,14,-20,-20,-20,-20,-20,-20,-20,-20,-20,5,-20,-20,18,41,17,21,19,37,23,32,17,28,40,11,11,18,16,24,25,35,-20,5,13,12,-20,15,17,-20,-20,46,33,39,12,10,-20,20,31,22,21,33,-20,24,-20,40,20,16,7,-20,17,29,-20,27,29,8,-20,6,-20,28,-20,-20,58,-20,-20,8,5,-20,-20,7,31,11,3,5,-20,-20,35,-20,8,7,29,35,61,7,-20,-20,-20,5,9,9,43,-20,-20,54,4,-20,4,-20,7,13,-20,-20,-20,-20,45,-20,-20,-20,3,-20,-20,-20,-20,6,-20,4,6,28,18,-20,-20,-20,-20,3,12,35,-20,-20,6,-20,-20,-20,-20,-20,-20,-20,-20,11,-20,-20,-20,-20,8,3,-20,3,-20,-20,-20,-20,-20,-20,-20,-20,-20,45,-20,-20,9,-20,-20,-20,7,-20,-20,15,6,-20,-20,-20,-20,-20,4,-20,-20,-20,35,-20,46,-20,-20,-20,-20,-20,3,-20,32,-20,-20,-20,-20,32,-20,3,-20,32,2,-20,10,-20,5,-20,-20,3,-20,4,8,6,-20,-20,-20,10,-20,4,2,-20,4,-20,-20,-20,-20,-20,48,15,5,5,-20,15,-20,-20,-20,-20,-20,-20,-20,3,-20,-20,-20,-20,-20,-20,-20,-20,-20,5,-20,-20,6,4,8,16,26,-20,19,25,32,34,23,-20,-20,-20,-20,-20,31,32,13,27,20,-20,4,10,-20,-20,-20,25,-20,-20,-20,-20,16,-20,-20,37,81,30,-20,-20,11,-20,-20,-20,-20,-20,-20,-20,6,-20,4,-20,-20,-20,-20,-20,-20,-20,-20,-20,6,-20,-20,-20,17,4,4,6,-20,8,6,-20,-20,-20,3,57,-20,9,-20,3,3,9,13,14,21,-20,4,7,-20,-20,-20,-20,-20,-20,-20,3,76,4,-20,4,4,-20,27,6,12,-20,-20,6,-20,7,14,32,-20,-20,3,6,5,-20,-20,-20,6,-20,-20,-20,-20,-20,13,20,-20,-20,70,-20,6,-20,-20,-20,-20,4,3,8,-20,-20,-20,-20,4,4,-20,5,-20,13,10,-20,-20,-20,7,-20,-20,3,-20,-20,-20,3,6,-20,-20,-20,-20,-20,-20,-20,-20,4,13,11,-20,-20,22,26,24,16,14,-20,-20,5,6,-20,3,-20,-20,-20,8,-20,17,-20,-20,19,-20,-20,-20,5,6,5,27,-20,-20,4,-20,-20,10,-20,5,15,17,25,30,23,7,24,23,-20,3,24,21,5,8,24,-20,-20,-20,-20,-20,9,42,7,-20,-20,-20,6,-20,-20,-20,9,-20,-20,3,-20,-20,-20,-20,-20,-20,11,7,6,10,-20,-20,-20,9,-20,-20,-20,13,5,-20,-20,-20,-20,14,-20,9,8,-20,-20,-20,-20,-20,-20,-20,30,20,16,21,18,-20,-20,3,23,4,8,17,2,13,7,6,11,-20,-20,11,-20,-20,-20,-20,-20,-20,-20,-20,-20,-20,-20,3,-20,-20,6,2,4,11,-20,-20,-20,-20,20,92,-20,-20,41,45,14,-20,22,-20,-20,34,-20,47,-20,-20,-20,-20,-20,-20,2,-20,-20,-20,-20,-20,4,-20,-20,-20,-20,-20,8,-20,-20,-20,-20,-20,-20,-20,24,6,6,9,-20,-20,-20,13,-20,-20,-20,-20,-20,-20,-20,11,-20,-20,2,-20,-20,7,-20,-20,-20,12,-20,13,-20,-20,-20,-20,-20,-20,-20,-20,-20,-20,7,-20,-20,-20,-20,-20,-20,-20,-20,-20,-20,-20,-20,-20,-20,-20,-20,9,-20,-20,-20,-20,-20,-20,-20,-20,10,15,-20,-20,8,9,-20,-20,-20,-20,-20,-20,-20,12,-20,14,10,-20,-20,-20,9,-20,12,-20,-20,-20,10,-20,-20,9,-20,2,-20,-20,-20,-20,15,-20,-20,-20,-20,-20,-20,-20,-20,7,9,-20,-20,-20,-20,2,3,-20,-20,-20,-20,-20,-20,-20,-20,8,5,-20,-20,-20,-20,-20,-20,-20,8,7,-20,-20,-20,9,11,-20,-20,10,-20,12,-20,9,-20,-20,-20,-20,6,-20,12,5,-20,-20,8,12,12,-20,-20,-20,-20,-20,17,13,-20,8,17,7,6,9,5,-20,-20,-20,-20,-20,-20,-20,5,-20,-20,-20,-20,-20,-20,-20,-20,-20,-20,6,-20,-20,-20,-20,-20,-20,-20,14,-20,-20,-20,-20,-20,8,8,-20,-20,-20,13,-20,-20,5,-20,-20,-20,9,-20,9,5,7,-20,-20,-20,-20,-20,-20,-20,-20,-20,-20,5,8,8,14,17,-20,-20,-20,-20,-20,-20,4,10,-20,20,-20,-20,-20,3,5,-20,-20,13,-20,-20,2,15,19,-20,20,-20,-20,11,19,-20,-20,-20,-20,13,-20,12,-20,7,-20,6,8,5,-20,-20,-20,-20,6,5,-20,-20,-20,-20,7,-20,-20,-20,-20,-20,-20,-20,-20,-20,-20,-20,-20,-20,-20,-20,-20,-20,-20,-20,3,-20,-20,-20,9,-20,-20,-20,-20,-20,-20,-20,-20,-20,-20,-20,4,-20,-20,14,8,-20,-20,-20,-20,5,-20,-20,-20,-20,-20,-20,4,-20,-20,-20,16,-20,-20,7,-20,-20,19,-20,5,9,-20,-20,-20,-20,-20,5,-20,-20,16,7,5,5,-20,9,5,2,-20,-20,-20,8,12,7,6,7,-20,12,8,-20,-20,-20,10,4,-20,-20,3,-20,4,-20,-20,-20,-20,-20,-20,-20,-20,3,-20,-20,-20,3,3,-20,-20,-20,-20,-20,-20,-20,-20,-20,-20,-20,-20,-20,4,-20,8,-20,2,-20,-20,-20,-20,-20,3,-20,-20,-20,-20,-20,-20,-20,-20,-20,-20,4,-20,-20,-20,-20,3,3,7,-20,2,-20,-20,-20,-20,-20,-20,-20,-20,-20,43,68,48,39,-20,39,-20,-20,-20,-20,-20
"chr4,7844591",3,-20,-20,-20,-20,-20,9,-20,-20,-20,-20,-20,26,23,9,6,44,4,72,48,-20,-20,20,28,35,28,14,24,5,-20,-20,-20,5,-20,35,36,21,16,17,-20,5,20,2,8,7,14,10,-20,-20,-20,6,-20,-20,13,15,5,-20,33,18,41,17,22,20,37,23,31,15,27,40,11,11,18,16,24,24,35,11,5,13,12,5,15,17,-20,6,48,34,38,13,10,-20,22,29,22,21,31,6,25,4,40,21,16,7,5,17,28,-20,28,28,10,4,9,-20,27,-20,-20,57,6,-20,8,5,-20,4,8,30,11,3,7,-20,-20,35,-20,8,7,30,36,61,7,-20,-20,-20,5,9,9,43,-20,-20,53,4,-20,4,-20,7,12,22,-20,-20,-20,45,5,-20,-20,3,-20,-20,-20,-20,6,-20,4,-20,27,18,-20,-20,-20,-20,3,12,34,-20,-20,5,-20,-20,-20,-20,5,-20,-20,-20,11,-20,-20,-20,-20,8,3,-20,3,-20,-20,-20,-20,-20,3,-20,-20,-20,45,-20,-20,9,4,-20,-20,8,-20,-20,15,-20,-20,-20,33,-20,-20,4,-20,8,-20,34,10,48,7,-20,3,-20,-20,3,-20,32,-20,-20,-20,-20,30,-20,-20,-20,31,2,-20,10,-20,-20,-20,-20,3,-20,4,8,6,-20,-20,-20,10,-20,4,3,-20,5,-20,-20,5,-20,-20,49,15,5,4,-20,15,-20,-20,-20,-20,-20,-20,-20,3,-20,-20,-20,-20,-20,-20,5,-20,-20,5,-20,-20,6,4,8,15,26,-20,19,25,33,34,25,-20,-20,-20,-20,-20,31,32,-20,27,18,6,4,10,-20,-20,3,25,-20,-20,-20,-20,15,2,-20,37,80,28,-20,-20,11,-20,-20,-20,-20,4,10,-20,7,3,4,4,-20,-20,3,-20,-20,-20,-20,11,6,3,-20,-20,17,3,4,6,-20,8,6,-20,5,3,3,58,3,9,-20,3,4,9,14,14,21,2,3,8,-20,-20,-20,5,-20,-20,-20,3,75,4,3,4,4,-20,26,6,12,-20,-20,6,3,7,14,31,-20,3,3,6,6,-20,-20,-20,6,-20,-20,7,-20,-20,13,21,-20,3,70,-20,6,-20,-20,-20,3,4,3,7,-20,-20,-20,2,4,4,-20,5,-20,13,11,-20,-20,-20,-20,3,3,3,-20,3,5,3,6,-20,9,3,-20,-20,-20,10,-20,4,12,11,-20,-20,22,26,23,16,14,-20,-20,4,6,-20,3,-20,-20,-20,8,10,17,13,-20,19,-20,-20,-20,5,-20,5,26,5,-20,4,-20,-20,10,5,4,14,17,25,31,24,7,24,22,-20,3,24,21,5,8,22,-20,-20,-20,-20,-20,9,41,-20,-20,-20,4,6,-20,3,-20,8,6,-20,3,-20,-20,7,7,-20,6,11,6,6,10,-20,21,-20,9,3,5,-20,14,5,17,3,-20,-20,15,-20,9,8,-20,6,-20,-20,14,-20,10,30,20,16,22,19,-20,-20,3,24,3,8,17,2,13,7,6,10,6,5,11,-20,-20,-20,5,-20,4,16,-20,-20,4,4,3,-20,-20,6,2,4,11,13,5,-20,5,19,94,-20,29,43,44,15,-20,22,-20,-20,36,-20,45,-20,-20,2,16,14,4,2,-20,-20,-20,-20,-20,4,-20,-20,15,-20,2,8,-20,3,-20,-20,-20,-20,-20,20,-20,7,9,-20,-20,-20,13,-20,-20,8,-20,-20,4,-20,11,-20,-20,2,4,8,7,11,-20,7,-20,-20,13,7,4,6,-20,-20,-20,-20,6,-20,9,6,-20,7,-20,11,-20,-20,-20,9,4,6,4,3,-20,14,5,-20,9,7,3,10,-20,-20,5,-20,6,11,15,5,-20,8,9,-20,-20,12,4,-20,-20,10,12,9,14,12,10,13,-20,9,10,12,16,10,-20,10,7,5,9,4,2,5,-20,3,-20,15,-20,-20,5,-20,7,7,-20,-20,7,9,3,-20,-20,3,2,3,-20,-20,-20,4,3,-20,5,-20,9,5,5,-20,-20,-20,-20,-20,6,9,7,3,-20,3,9,12,3,3,10,4,12,6,11,-20,3,-20,-20,6,7,12,5,-20,10,8,12,12,-20,-20,6,5,10,18,13,7,9,17,7,6,11,5,-20,3,4,-20,-20,3,-20,5,-20,-20,9,-20,10,9,-20,-20,-20,3,6,11,-20,-20,-20,-20,-20,-20,14,-20,-20,-20,-20,-20,8,9,4,3,-20,13,-20,-20,5,7,-20,-20,9,-20,9,6,7,-20,-20,3,-20,-20,7,6,-20,-20,2,5,8,8,14,17,9,-20,-20,11,15,-20,4,10,12,20,14,10,6,3,5,15,-20,14,5,5,2,15,19,-20,21,4,-20,13,19,7,-20,9,-20,13,-20,12,8,7,9,6,9,5,-20,-20,-20,4,6,5,-20,-20,2,3,7,5,-20,6,-20,-20,3,4,4,-20,-20,10,-20,-20,3,-20,-20,-20,-20,-20,3,-20,4,-20,9,-20,-20,-20,-20,-20,-20,-20,-20,2,5,-20,4,6,-20,14,-20,-20,-20,-20,5,-20,-20,-20,-20,-20,4,-20,4,4,-20,-20,16,-20,-20,7,-20,8,19,-20,5,9,4,5,7,3,-20,5,-20,3,18,7,5,5,10,9,5,2,-20,-20,5,9,12,7,6,7,15,12,8,-20,4,-20,7,4,-20,-20,3,-20,5,-20,-20,-20,-20,-20,2,5,-20,3,-20,-20,-20,3,4,-20,-20,-20,-20,-20,-20,-20,-20,-20,-20,-20,-20,-20,-20,3,8,-20,-20,3,-20,2,-20,-20,3,5,4,3,-20,-20,-20,-20,-20,-20,-20,4,-20,-20,3,-20,-20,3,6,-20,-20,2,-20,-20,-20,-20,10,8,-20,-20,44,67,48,39,62,39,-20,-20,19,17,32
"chr4,7844592",3,-20,-20,-20,-20,-20,9,7,-20,-20,-20,-20,27,23,9,6,43,4,72,47,-20,-20,20,27,36,26,14,24,5,-20,-20,-20,5,-20,35,38,20,15,17,-20,5,20,2,7,7,14,10,-20,-20,-20,6,-20,-20,13,15,5,-20,33,19,39,17,22,20,37,23,31,14,28,40,11,11,18,16,24,25,37,10,5,13,11,-20,15,17,-20,6,47,35,37,13,11,-20,22,30,22,21,31,6,24,4,39,21,17,7,5,18,29,-20,28,30,10,4,-20,-20,29,-20,-20,58,6,-20,8,5,-20,4,8,32,11,3,8,-20,-20,36,-20,8,7,31,38,62,7,-20,-20,-20,4,9,9,42,-20,-20,56,4,-20,2,-20,7,12,24,-20,-20,-20,43,5,-20,-20,3,-20,-20,-20,-20,6,-20,4,-20,27,18,-20,-20,-20,-20,3,12,34,-20,-20,5,-20,-20,-20,-20,5,-20,-20,-20,11,-20,-20,-20,-20,-20,3,-20,3,-20,-20,-20,-20,-20,3,-20,-20,-20,44,-20,9,9,4,-20,-20,8,-20,-20,15,-20,-20,-20,34,-20,-20,4,-20,8,-20,35,10,48,-20,-20,3,-20,-20,-20,-20,32,-20,-20,-20,-20,30,-20,-20,-20,31,2,-20,11,-20,-20,-20,-20,3,-20,-20,8,6,-20,-20,-20,10,7,4,3,-20,5,-20,-20,-20,-20,-20,49,13,5,4,-20,15,-20,-20,-20,-20,-20,-20,-20,3,-20,-20,-20,3,-20,-20,6,-20,-20,5,-20,-20,6,4,8,14,25,-20,19,25,35,34,25,-20,-20,-20,-20,-20,31,32,13,27,18,6,4,10,-20,-20,3,24,-20,-20,-20,-20,16,2,-20,38,81,26,-20,-20,11,-20,-20,-20,-20,4,10,-20,-20,3,4,4,-20,-20,3,-20,-20,-20,-20,11,6,3,-20,-20,16,3,3,6,-20,7,6,-20,5,3,3,58,3,8,-20,3,4,9,12,14,21,2,4,8,-20,-20,-20,5,-20,-20,-20,4,74,4,3,4,4,-20,25,6,13,-20,-20,6,3,7,14,32,-20,3,-20,6,6,-20,-20,-20,6,-20,-20,7,-20,-20,12,21,-20,3,69,-20,6,-20,-20,-20,3,4,3,7,-20,-20,-20,-20,4,4,-20,-20,-20,13,11,-20,-20,-20,7,2,3,-20,-20,3,5,3,6,-20,9,3,-20,-20,-20,10,-20,4,12,11,-20,-20,22,26,23,16,14,-20,-20,4,6,-20,3,-20,-20,-20,-20,10,16,13,-20,19,-20,-20,-20,5,4,5,27,5,-20,4,-20,-20,10,5,4,14,17,26,31,24,7,22,20,-20,3,24,18,5,8,22,-20,-20,-20,-20,-20,-20,42,6,-20,-20,4,-20,-20,3,-20,-20,6,-20,3,-20,-20,7,7,-20,6,11,6,6,10,-20,21,-20,9,3,5,-20,14,5,17,3,-20,-20,15,-20,8,8,-20,6,-20,-20,14,-20,10,30,20,18,22,20,-20,-20,3,24,3,8,17,2,13,7,6,11,6,5,11,-20,-20,-20,5,-20,4,16,-20,-20,4,4,3,-20,-20,6,2,4,11,13,5,-20,5,18,96,-20,29,44,44,14,-20,22,-20,-20,35,-20,45,-20,-20,2,16,14,4,2,-20,-20,-20,-20,-20,4,-20,-20,15,-20,2,8,-20,3,-20,-20,-20,-20,-20,20,-20,7,8,-20,-20,-20,13,-20,-20,8,-20,-20,4,-20,11,-20,-20,2,4,8,7,11,-20,7,12,-20,13,7,4,6,-20,-20,-20,-20,6,-20,9,6,-20,7,-20,11,-20,-20,-20,9,4,6,4,3,-20,14,5,-20,9,7,3,10,-20,-20,5,-20,6,11,14,5,-20,8,9,-20,-20,12,4,-20,-20,10,13,9,14,12,10,13,-20,9,10,12,16,10,-20,10,7,5,8,4,2,5,-20,3,-20,15,-20,-20,5,-20,7,7,-20,-20,7,9,3,-20,-20,3,2,3,-20,-20,-20,4,-20,-20,5,-20,9,5,5,-20,-20,-20,-20,-20,6,9,7,3,-20,3,9,12,3,3,10,4,12,6,11,-20,3,-20,-20,6,7,12,5,-20,10,8,12,12,-20,-20,6,5,10,18,13,7,8,17,7,6,11,5,-20,3,4,-20,-20,3,-20,5,-20,-20,9,-20,10,9,-20,-20,-20,3,5,11,-20,-20,-20,-20,-20,-20,14,-20,-20,-20,-20,-20,8,9,4,3,-20,13,-20,-20,5,7,-20,-20,9,-20,9,6,7,-20,-20,3,-20,-20,7,6,-20,-20,2,5,8,8,14,17,9,-20,-20,11,15,-20,4,10,12,20,14,10,6,3,5,15,-20,14,5,5,2,14,18,-20,21,4,-20,13,19,7,-20,9,-20,13,-20,12,8,7,9,6,9,5,-20,-20,-20,4,6,5,-20,-20,2,3,7,5,-20,6,-20,-20,3,4,4,-20,-20,10,-20,-20,3,-20,-20,-20,-20,-20,3,-20,4,-20,9,-20,-20,-20,-20,-20,-20,-20,-20,2,5,-20,4,6,-20,14,8,-20,-20,-20,5,6,-20,-20,-20,-20,4,-20,4,4,-20,-20,16,-20,-20,7,-20,8,19,-20,5,9,4,5,7,3,-20,5,-20,3,18,7,4,5,10,9,5,2,-20,-20,5,9,12,7,6,7,15,12,8,-20,4,-20,9,4,2,-20,3,-20,4,-20,-20,-20,-20,-20,-20,4,-20,-20,-20,-20,-20,3,4,-20,-20,-20,-20,-20,-20,-20,-20,-20,-20,-20,-20,-20,-20,3,7,-20,-20,3,-20,2,-20,-20,3,6,4,3,-20,-20,-20,-20,-20,-20,-20,3,-20,-20,3,-20,-20,3,7,-20,-20,-20,-20,-20,-20,-20,10,8,9,7,44,68,48,34,62,39,-20,-20,19,17,32
"chr4,7844593",3,-20,-20,-20,-20,-20,9,7,-20,-20,-20,-20,27,23,10,6,43,4,77,46,-20,-20,20,27,37,26,14,25,5,-20,-20,4,5,-20,35,38,20,15,17,-20,5,20,-20,7,7,15,10,-20,-20,-20,6,12,-20,19,16,7,-20,38,19,39,17,20,20,35,23,33,16,29,40,11,11,19,17,23,23,39,-20,5,13,12,5,15,17,-20,6,47,35,38,12,11,3,22,30,22,22,31,7,25,4,39,22,17,7,5,16,29,-20,28,31,10,4,9,-20,30,-20,-20,59,8,-20,8,4,-20,4,8,32,11,3,9,-20,-20,36,-20,8,7,30,37,62,7,-20,-20,-20,4,9,-20,41,-20,-20,55,4,-20,2,-20,7,12,24,-20,-20,-20,44,6,-20,-20,2,-20,-20,-20,-20,6,-20,4,-20,26,18,-20,-20,-20,-20,4,12,35,-20,-20,5,-20,-20,-20,4,6,-20,-20,-20,11,-20,-20,-20,-20,-20,3,-20,3,-20,12,-20,-20,-20,3,-20,-20,-20,-20,-20,-20,9,6,-20,-20,10,-20,-20,16,6,-20,-20,36,-20,-20,4,-20,8,-20,37,12,48,10,-20,3,-20,4,3,-20,31,-20,-20,-20,-20,30,-20,-20,-20,30,2,-20,10,-20,5,-20,-20,3,-20,4,8,6,-20,-20,-20,11,7,4,4,-20,5,-20,-20,8,-20,-20,49,13,6,4,-20,15,-20,-20,-20,-20,-20,-20,-20,3,-20,-20,-20,3,-20,-20,-20,-20,-20,5,7,-20,6,4,8,13,26,-20,19,24,35,33,25,-20,-20,-20,-20,-20,31,32,13,28,19,10,4,10,-20,-20,3,23,-20,7,-20,-20,14,2,-20,38,80,27,-20,26,11,-20,5,-20,-20,5,11,-20,-20,-20,4,5,-20,-20,3,-20,-20,-20,-20,12,6,3,-20,-20,16,4,-20,6,3,7,6,13,5,3,3,58,3,8,-20,3,-20,9,13,14,21,2,4,9,-20,-20,11,5,-20,-20,-20,4,74,4,3,4,4,-20,26,6,13,5,3,6,4,7,14,32,-20,3,-20,6,6,-20,5,-20,7,-20,-20,7,-20,-20,12,20,6,4,69,3,7,-20,-20,-20,3,4,3,7,-20,-20,-20,-20,4,4,-20,5,5,13,11,-20,-20,-20,7,3,3,-20,-20,5,5,3,6,-20,9,3,-20,-20,-20,10,-20,4,12,11,-20,-20,22,26,22,16,14,-20,-20,4,6,-20,3,3,-20,-20,7,11,16,16,-20,19,-20,-20,-20,5,4,5,28,5,3,5,-20,-20,10,7,4,14,16,26,32,22,7,22,22,-20,3,24,19,5,8,23,-20,-20,-20,-20,-20,8,42,6,-20,-20,4,-20,-20,3,-20,-20,8,-20,3,-20,-20,7,8,5,-20,11,6,6,10,-20,23,-20,9,4,5,-20,14,5,16,3,5,-20,15,-20,7,8,-20,6,-20,-20,17,3,10,32,17,18,24,20,-20,-20,3,24,3,8,17,2,13,7,6,11,7,6,11,7,9,-20,5,-20,4,17,-20,-20,3,4,3,-20,-20,6,2,4,11,15,5,-20,5,17,96,-20,31,44,45,14,-20,23,-20,35,35,-20,40,-20,-20,2,17,15,4,2,4,-20,-20,-20,-20,4,-20,4,16,-20,2,7,-20,5,-20,-20,-20,-20,-20,20,7,7,8,-20,-20,-20,14,6,-20,8,-20,-20,5,-20,10,-20,-20,2,4,8,7,12,-20,8,12,-20,13,8,4,6,-20,-20,-20,3,6,10,-20,6,-20,9,-20,14,-20,-20,-20,10,4,6,5,3,-20,16,7,-20,9,7,3,11,-20,-20,6,-20,7,11,15,5,-20,-20,9,-20,12,12,4,-20,8,12,12,9,13,12,10,14,-20,9,10,12,17,-20,-20,10,7,5,8,4,2,5,-20,3,-20,15,-20,-20,5,-20,8,7,3,4,7,9,3,3,6,5,2,-20,-20,4,-20,4,-20,-20,5,4,9,5,5,4,-20,-20,-20,-20,-20,9,7,3,-20,3,9,12,-20,3,9,4,12,6,11,4,3,3,-20,6,7,12,5,4,11,8,12,12,3,-20,-20,7,12,18,13,9,8,17,7,6,11,5,-20,3,5,8,7,4,10,-20,10,5,10,-20,11,11,6,-20,-20,5,5,12,6,-20,3,-20,10,-20,14,-20,-20,-20,4,2,7,9,4,3,-20,13,-20,-20,5,-20,-20,-20,9,-20,9,6,7,11,16,3,-20,5,7,6,-20,-20,2,5,8,-20,14,16,9,10,-20,11,16,-20,4,10,14,20,15,10,7,3,5,15,6,14,6,5,2,14,19,-20,21,4,-20,14,19,8,-20,-20,-20,13,-20,12,8,-20,9,6,9,5,-20,-20,-20,4,6,5,6,-20,3,3,7,5,10,6,-20,-20,3,3,4,-20,-20,11,-20,-20,3,-20,-20,-20,-20,-20,3,-20,4,-20,9,-20,-20,-20,3,-20,-20,-20,-20,2,5,-20,4,8,-20,14,8,-20,-20,-20,5,6,-20,-20,-20,-20,4,-20,4,4,-20,4,16,32,9,7,-20,8,19,-20,5,9,5,5,8,3,-20,5,-20,-20,17,7,3,5,15,9,5,2,-20,-20,5,9,12,5,6,7,18,12,8,-20,4,-20,9,5,2,-20,3,4,4,-20,-20,-20,-20,-20,-20,6,-20,-20,3,-20,-20,3,5,-20,-20,-20,-20,-20,3,-20,-20,-20,-20,-20,-20,-20,-20,3,8,-20,-20,3,-20,2,-20,-20,4,6,5,-20,-20,-20,-20,-20,-20,3,-20,3,-20,-20,4,-20,3,3,-20,-20,-20,-20,-20,2,-20,6,13,8,10,7,45,69,49,34,66,37,34,42,27,16,38
"chr4,7844595",3,-20,-20,-20,-20,-20,8,5,-20,-20,-20,-20,27,22,11,6,42,4,76,46,-20,-20,21,29,37,26,14,27,5,-20,-20,4,5,-20,37,39,20,13,16,-20,5,20,-20,7,7,15,10,-20,-20,-20,6,12,20,20,15,7,-20,-20,19,41,15,20,20,33,22,32,16,28,40,11,11,20,17,24,22,38,-20,5,13,12,5,17,17,-20,6,49,35,37,13,11,3,19,30,23,23,31,7,24,4,37,21,16,7,5,16,28,-20,29,32,10,4,9,-20,29,-20,-20,59,8,-20,7,4,-20,4,7,32,11,4,10,-20,-20,34,-20,8,6,32,37,63,7,-20,-20,-20,3,8,8,40,-20,-20,57,4,-20,-20,-20,7,8,24,-20,-20,-20,44,5,-20,-20,2,-20,-20,-20,-20,6,-20,4,-20,29,17,-20,-20,-20,-20,4,11,34,-20,-20,5,-20,-20,-20,4,6,-20,-20,-20,11,-20,-20,-20,-20,-20,-20,-20,3,-20,12,-20,-20,-20,3,3,-20,-20,45,-20,-20,-20,6,-20,-20,10,-20,-20,16,6,-20,-20,36,-20,-20,4,-20,8,-20,36,10,50,10,-20,3,-20,-20,3,-20,30,-20,-20,-20,-20,32,-20,-20,-20,31,2,-20,10,-20,5,-20,-20,3,-20,-20,9,6,-20,-20,-20,9,8,4,4,-20,5,-20,-20,8,-20,-20,50,13,7,4,-20,13,-20,8,-20,-20,-20,-20,-20,-20,-20,-20,-20,3,-20,-20,-20,-20,-20,4,-20,-20,6,4,7,14,26,-20,21,24,35,33,27,-20,-20,-20,-20,-20,30,30,14,28,19,10,4,10,-20,-20,3,20,-20,6,-20,-20,15,2,-20,39,80,27,-20,26,12,3,-20,-20,-20,5,11,-20,-20,4,4,5,-20,-20,3,-20,-20,-20,-20,11,6,3,-20,-20,17,4,3,6,3,7,6,14,5,3,3,56,3,7,-20,3,-20,8,12,14,21,-20,3,9,-20,-20,10,5,-20,-20,-20,4,72,3,3,4,4,-20,26,-20,14,5,3,6,4,7,14,32,-20,3,-20,6,6,-20,5,-20,7,-20,-20,7,-20,-20,12,20,5,3,67,4,8,-20,-20,-20,3,3,3,7,-20,-20,-20,-20,4,4,-20,5,6,13,10,-20,3,-20,7,3,3,-20,-20,5,5,3,7,-20,9,3,-20,-20,-20,10,-20,4,12,12,-20,-20,22,25,22,17,13,-20,-20,4,6,-20,3,4,-20,-20,5,11,16,16,-20,19,-20,-20,-20,5,4,5,27,5,3,6,-20,-20,9,-20,4,14,16,26,31,21,7,20,23,-20,3,22,19,5,8,23,-20,-20,-20,-20,-20,-20,43,6,-20,-20,4,6,-20,3,-20,10,8,-20,3,-20,-20,7,9,4,5,10,6,6,10,-20,23,-20,10,4,5,-20,12,5,-20,3,6,-20,15,-20,6,9,-20,6,-20,-20,18,-20,10,31,17,19,25,19,-20,-20,3,23,3,8,17,2,13,7,6,11,7,6,10,6,9,-20,5,-20,4,17,-20,-20,3,4,3,-20,-20,6,2,4,9,15,5,-20,5,21,97,-20,31,42,47,12,-20,22,-20,-20,35,-20,44,-20,-20,2,17,14,4,2,4,-20,-20,-20,-20,4,-20,4,16,-20,2,7,-20,5,-20,-20,-20,-20,-20,20,6,7,8,-20,-20,-20,14,6,-20,8,-20,-20,5,-20,9,-20,7,3,4,8,7,12,-20,8,11,-20,12,8,4,6,-20,-20,-20,3,6,10,-20,6,-20,9,-20,15,-20,-20,-20,10,4,6,5,-20,-20,16,-20,-20,9,7,3,11,-20,-20,6,-20,7,11,14,5,-20,7,9,-20,11,12,4,-20,8,12,11,9,13,10,10,13,-20,9,10,12,16,10,-20,10,-20,5,9,4,2,6,-20,3,-20,15,-20,-20,5,-20,8,7,3,4,7,9,3,3,6,5,2,-20,-20,4,-20,4,-20,-20,5,4,9,5,5,4,-20,-20,-20,-20,-20,9,7,3,4,3,8,12,-20,3,7,4,11,6,11,4,3,-20,-20,4,7,12,5,4,11,8,11,12,3,-20,-20,6,12,16,12,-20,8,17,7,6,9,4,-20,3,5,8,7,4,11,-20,-20,5,10,-20,11,11,6,-20,-20,5,4,12,6,-20,3,-20,9,-20,14,-20,-20,-20,4,2,7,8,4,3,-20,12,3,-20,5,-20,-20,-20,9,-20,9,6,6,11,17,3,-20,5,7,6,-20,-20,2,5,7,8,14,15,9,9,-20,11,16,-20,5,-20,13,19,15,10,6,3,-20,15,6,14,6,5,3,14,19,-20,21,4,-20,14,17,8,-20,-20,-20,13,-20,11,8,6,-20,6,-20,5,-20,-20,-20,4,6,5,6,-20,3,3,7,5,10,6,-20,-20,3,3,5,-20,-20,11,-20,-20,3,-20,-20,-20,4,-20,3,-20,4,-20,9,-20,-20,-20,3,-20,-20,-20,-20,2,5,-20,4,8,-20,12,-20,-20,-20,-20,5,6,-20,-20,-20,-20,4,-20,4,4,-20,4,16,32,9,6,-20,8,18,-20,5,9,5,5,8,3,-20,5,-20,3,16,7,3,4,15,7,-20,2,-20,-20,5,9,12,4,6,7,19,13,7,-20,3,-20,7,6,2,-20,3,-20,5,-20,-20,-20,-20,-20,-20,8,-20,4,3,-20,-20,-20,5,-20,-20,-20,-20,-20,3,-20,-20,-20,-20,3,-20,-20,-20,3,9,-20,-20,4,-20,-20,-20,-20,3,4,5,3,-20,-20,-20,-20,-20,3,-20,3,-20,-20,4,-20,-20,3,9,-20,-20,-20,-20,2,-20,6,12,8,10,7,44,68,48,34,66,37,32,42,27,17,38
"chr4,7844596",3,-20,-20,-20,-20,-20,8,5,-20,-20,-20,-20,27,22,11,5,41,4,71,46,-20,-20,21,29,37,26,14,26,5,-20,-20,4,5,-20,34,40,19,14,16,-20,6,21,2,7,7,15,11,-20,-20,-20,6,12,20,23,17,7,-20,43,20,41,15,20,20,33,21,31,16,28,41,11,11,20,17,25,21,38,10,5,13,12,5,17,17,-20,6,46,34,37,14,12,3,19,30,23,23,31,7,24,4,37,19,16,7,5,16,27,-20,29,31,10,4,10,-20,29,-20,-20,59,8,-20,7,5,-20,4,10,34,11,4,10,-20,-20,35,-20,8,6,32,37,64,7,-20,-20,-20,3,8,8,40,-20,-20,55,4,-20,-20,-20,7,8,25,-20,-20,4,42,5,-20,-20,3,-20,-20,-20,-20,6,-20,4,-20,30,19,-20,-20,-20,-20,4,11,33,-20,-20,5,-20,-20,-20,4,6,-20,-20,-20,11,3,-20,-20,-20,-20,-20,-20,3,-20,12,-20,-20,-20,3,-20,-20,-20,42,-20,11,8,6,-20,-20,10,-20,-20,17,-20,-20,-20,40,-20,-20,4,-20,9,-20,35,11,51,10,-20,3,-20,3,3,-20,29,-20,-20,-20,-20,32,3,-20,-20,32,2,-20,11,-20,-20,-20,-20,3,-20,-20,8,6,-20,-20,-20,10,-20,4,4,-20,5,-20,-20,9,-20,-20,50,14,7,5,-20,13,-20,9,-20,-20,-20,-20,-20,-20,-20,-20,-20,3,-20,-20,6,-20,-20,4,8,-20,6,4,6,14,24,-20,20,22,35,33,26,-20,-20,-20,-20,-20,29,32,13,26,18,10,4,10,-20,-20,4,20,-20,6,-20,-20,15,2,-20,38,78,28,-20,26,12,3,5,-20,-20,5,11,-20,8,4,4,5,-20,-20,3,-20,-20,-20,-20,12,6,3,-20,-20,16,4,3,6,3,7,6,14,5,3,3,55,3,7,-20,3,-20,8,12,14,21,-20,3,-20,-20,-20,10,5,-20,-20,-20,4,72,3,3,4,4,-20,26,7,14,5,3,6,4,7,14,32,-20,3,-20,6,6,-20,5,-20,7,-20,-20,7,-20,-20,12,20,5,3,66,4,8,-20,-20,-20,3,3,3,7,-20,-20,-20,2,4,4,-20,4,6,14,10,-20,3,-20,7,3,3,-20,-20,5,5,3,6,-20,9,3,-20,-20,-20,10,-20,4,12,12,-20,-20,20,24,22,17,13,-20,-20,4,5,-20,3,4,-20,-20,5,13,16,18,-20,19,-20,-20,-20,5,3,5,25,5,3,6,-20,-20,9,7,4,14,16,27,31,21,7,19,22,-20,3,23,20,5,8,24,-20,-20,-20,-20,-20,-20,41,6,-20,-20,5,6,-20,4,-20,10,10,-20,3,-20,-20,7,9,4,5,10,6,6,10,2,24,-20,10,5,5,-20,13,5,-20,3,6,-20,15,-20,5,-20,-20,6,-20,-20,19,-20,10,31,17,19,25,20,-20,-20,3,23,5,9,17,2,13,7,6,13,7,6,12,6,9,-20,5,-20,4,18,-20,-20,-20,4,3,-20,-20,6,4,4,9,16,5,-20,5,19,98,-20,31,43,47,13,-20,22,-20,39,35,-20,45,-20,-20,3,18,17,4,-20,4,-20,-20,-20,-20,4,-20,5,16,-20,2,7,-20,5,-20,-20,-20,-20,-20,20,-20,-20,-20,-20,-20,-20,15,6,3,9,-20,-20,5,-20,9,-20,7,3,4,8,7,12,3,8,11,-20,12,8,4,6,-20,-20,-20,3,6,10,12,6,-20,9,-20,14,-20,-20,-20,10,4,6,5,-20,-20,16,8,-20,-20,7,3,13,-20,-20,7,-20,7,12,14,5,-20,7,9,-20,11,12,4,-20,8,12,11,10,13,12,10,13,-20,9,10,12,16,12,-20,10,7,5,9,4,2,6,-20,3,-20,15,-20,-20,5,-20,8,7,3,4,7,9,3,3,6,5,2,3,-20,4,-20,4,-20,-20,5,4,9,5,5,4,-20,6,-20,-20,6,9,7,3,4,3,8,12,3,3,7,5,11,6,11,4,3,3,-20,4,7,11,5,4,12,8,11,12,3,-20,7,6,12,16,12,9,8,18,7,6,9,4,-20,3,6,8,9,4,11,6,10,5,11,-20,11,11,6,-20,-20,5,5,12,6,-20,3,-20,9,-20,15,-20,3,-20,4,2,7,8,4,3,-20,12,3,-20,5,7,-20,-20,9,3,9,6,6,11,17,3,-20,5,7,6,-20,-20,2,5,7,8,14,15,9,9,-20,11,16,-20,6,9,13,21,16,10,6,4,5,15,6,15,6,5,3,14,19,-20,23,3,-20,16,19,8,-20,10,-20,13,-20,11,8,6,9,6,9,5,-20,-20,-20,4,6,5,6,3,3,3,7,5,10,6,-20,-20,3,3,5,-20,-20,11,-20,-20,3,-20,-20,-20,4,-20,4,-20,4,-20,9,-20,-20,-20,3,-20,-20,-20,-20,2,5,-20,5,8,-20,12,-20,-20,-20,-20,5,6,4,-20,-20,-20,4,-20,4,5,-20,4,16,34,9,6,-20,8,18,-20,5,10,6,5,8,5,-20,5,-20,3,17,7,3,4,15,7,5,2,-20,-20,5,9,12,4,6,7,19,12,8,-20,3,-20,6,7,2,-20,3,-20,5,-20,-20,-20,-20,-20,-20,8,-20,4,3,3,4,3,5,-20,-20,-20,-20,-20,4,-20,-20,-20,-20,3,-20,-20,5,4,9,-20,-20,4,-20,2,-20,-20,2,4,5,3,-20,-20,-20,-20,-20,3,-20,4,-20,-20,5,-20,3,3,6,-20,-20,-20,-20,2,-20,6,13,-20,12,7,44,65,48,34,66,37,33,43,28,17,40
"chr4,7844597",3,-20,-20,-20,-20,-20,8,5,-20,-20,-20,-20,27,22,12,5,39,6,76,45,-20,-20,21,29,35,26,14,28,5,-20,-20,4,5,-20,36,42,18,14,16,-20,6,21,2,8,7,15,11,-20,-20,-20,6,12,20,25,16,8,-20,-20,20,41,14,21,19,33,21,31,16,28,41,12,11,19,17,24,21,37,10,5,13,12,-20,17,17,-20,6,46,35,37,14,12,4,19,32,23,23,32,7,24,4,37,19,16,7,5,15,25,-20,35,30,10,4,10,-20,29,-20,-20,59,8,-20,7,5,-20,4,10,34,11,4,10,-20,-20,32,-20,8,6,31,36,67,7,-20,-20,-20,3,8,8,42,-20,-20,55,4,-20,-20,-20,7,8,23,-20,-20,4,42,5,-20,-20,3,-20,-20,-20,-20,6,-20,3,-20,29,19,-20,-20,-20,-20,4,10,32,-20,-20,5,-20,-20,-20,4,7,-20,-20,-20,11,3,-20,-20,-20,-20,-20,-20,3,-20,13,-20,-20,-20,3,-20,-20,-20,39,-20,11,11,6,-20,-20,-20,-20,-20,17,6,-20,5,37,-20,-20,4,-20,-20,-20,36,12,52,10,-20,3,-20,3,3,-20,29,-20,-20,-20,-20,32,3,3,-20,30,3,-20,11,-20,4,-20,-20,3,3,-20,-20,5,-20,-20,-20,10,-20,4,4,-20,5,-20,-20,9,-20,-20,50,14,7,6,4,13,-20,9,-20,-20,-20,-20,-20,-20,-20,-20,-20,3,-20,-20,6,-20,-20,4,8,-20,6,4,7,14,24,-20,19,21,35,33,26,-20,-20,-20,-20,-20,28,34,12,26,-20,10,5,10,-20,-20,4,20,-20,-20,-20,-20,15,2,-20,37,78,27,-20,25,12,3,5,-20,-20,5,11,-20,8,4,5,5,-20,-20,3,-20,-20,-20,-20,13,6,5,-20,-20,15,4,3,6,3,7,6,14,5,3,3,55,4,7,-20,3,-20,8,11,14,20,4,3,8,-20,-20,10,5,-20,-20,-20,3,69,-20,3,4,4,-20,25,7,14,5,3,7,4,7,14,30,-20,3,-20,6,6,-20,5,-20,7,-20,-20,7,-20,-20,12,20,5,3,67,4,7,-20,-20,-20,4,3,3,7,-20,-20,-20,2,4,4,-20,4,6,14,10,-20,3,-20,7,3,3,-20,-20,5,5,3,6,-20,9,4,-20,-20,-20,10,-20,4,12,12,-20,-20,20,25,22,17,13,-20,-20,4,5,-20,3,5,-20,-20,5,13,16,18,-20,19,-20,-20,-20,5,3,5,25,6,3,6,-20,-20,-20,7,3,14,16,27,31,21,7,19,23,-20,3,22,19,5,8,25,-20,-20,-20,-20,-20,-20,43,6,-20,-20,5,6,-20,4,-20,11,9,-20,3,-20,-20,7,9,4,-20,9,6,7,9,2,24,-20,10,5,5,-20,13,5,20,3,6,-20,16,-20,5,9,-20,6,-20,-20,20,-20,10,31,16,21,27,20,-20,-20,3,23,5,9,17,2,12,7,6,13,7,6,12,5,9,-20,5,-20,4,18,-20,-20,-20,4,3,-20,-20,6,4,4,9,16,5,-20,5,19,97,-20,31,43,47,-20,-20,22,-20,37,35,-20,-20,-20,-20,3,21,17,4,-20,6,-20,6,-20,-20,4,-20,-20,16,-20,2,7,-20,5,-20,-20,-20,-20,-20,20,6,7,8,-20,-20,-20,15,6,3,9,-20,-20,5,-20,9,-20,7,3,4,8,7,12,3,8,9,-20,12,8,4,6,-20,-20,-20,3,6,10,12,6,-20,9,-20,15,-20,-20,-20,-20,4,6,5,-20,-20,16,8,-20,10,7,3,13,-20,-20,7,-20,6,12,14,5,-20,7,9,-20,11,12,4,-20,8,12,11,10,13,12,10,14,-20,9,-20,11,15,12,-20,10,-20,5,9,4,2,6,-20,3,-20,15,-20,-20,5,-20,8,7,3,4,7,8,3,3,6,5,3,3,-20,4,-20,-20,-20,-20,5,4,9,5,5,4,-20,6,-20,-20,6,9,7,3,4,3,8,12,3,3,7,5,11,6,11,4,3,3,-20,4,7,11,5,4,12,8,11,12,3,-20,7,-20,12,16,12,9,8,-20,7,6,9,4,-20,3,6,8,9,4,11,6,10,5,11,-20,10,11,6,-20,-20,5,5,12,6,-20,3,-20,9,-20,15,-20,3,-20,4,2,7,8,4,3,7,12,3,-20,7,7,-20,-20,9,3,9,6,6,11,17,-20,-20,5,7,6,-20,-20,2,6,7,8,14,15,9,9,-20,11,16,-20,6,9,12,20,16,-20,6,4,5,15,6,15,6,5,3,14,19,-20,23,3,3,18,19,8,-20,10,-20,13,-20,11,8,6,9,6,9,5,-20,-20,-20,4,6,5,6,3,3,3,7,5,10,6,-20,-20,3,3,5,-20,-20,11,-20,-20,3,-20,-20,-20,4,-20,4,-20,4,-20,-20,-20,-20,-20,3,-20,-20,-20,-20,2,5,-20,5,10,-20,12,8,-20,-20,-20,5,6,4,-20,-20,-20,4,-20,4,5,-20,4,16,34,9,6,-20,8,17,-20,5,10,6,5,8,5,-20,5,-20,3,17,7,3,4,15,7,5,2,-20,-20,5,9,12,4,6,7,20,12,8,-20,2,-20,8,7,2,-20,3,4,4,-20,-20,-20,-20,-20,-20,6,-20,5,3,-20,-20,-20,5,-20,-20,-20,-20,-20,4,-20,-20,-20,-20,-20,-20,-20,4,4,8,-20,-20,5,-20,-20,-20,-20,2,-20,5,3,3,-20,-20,-20,-20,3,-20,4,-20,-20,5,-20,3,-20,6,-20,-20,-20,-20,2,-20,6,13,11,12,8,44,64,48,38,66,37,33,43,29,19,41
"chr4,7844599",3,-20,-20,-20,-20,-20,8,5,-20,-20,-20,-20,26,23,12,5,38,6,76,46,-20,-20,22,29,35,26,15,28,6,-20,-20,4,4,-20,38,42,18,16,16,-20,6,21,-20,8,7,17,11,-20,-20,-20,7,12,21,25,21,9,-20,47,20,42,13,21,19,34,22,33,16,27,43,12,9,18,17,24,23,34,10,5,13,12,5,17,17,-20,6,46,34,37,14,12,4,18,31,23,24,31,7,25,4,37,20,16,7,5,15,26,-20,37,28,10,4,11,-20,30,-20,-20,60,8,-20,5,5,-20,4,10,33,11,4,13,-20,-20,31,-20,8,6,31,36,73,7,-20,-20,-20,3,8,8,41,-20,-20,57,4,-20,-20,-20,7,8,26,-20,-20,4,40,5,-20,-20,3,-20,-20,-20,-20,6,-20,3,-20,30,15,-20,-20,-20,-20,4,10,33,-20,-20,5,-20,-20,-20,4,7,-20,-20,8,11,3,-20,-20,-20,-20,-20,-20,3,-20,13,-20,-20,-20,3,-20,-20,-20,41,-20,11,12,6,-20,-20,10,-20,-20,-20,6,-20,5,41,-20,-20,4,-20,8,-20,34,12,51,10,-20,4,-20,6,3,-20,27,-20,-20,-20,3,30,3,4,-20,34,2,-20,11,-20,4,-20,-20,3,4,-20,8,6,-20,-20,-20,12,9,4,5,-20,5,-20,-20,9,-20,-20,49,14,7,5,3,13,-20,9,-20,-20,-20,-20,-20,-20,3,-20,-20,3,-20,-20,6,-20,-20,3,9,-20,6,4,7,14,22,-20,21,21,33,34,27,-20,-20,-20,-20,-20,28,35,14,24,19,9,5,10,-20,-20,4,19,-20,7,-20,-20,15,-20,-20,37,79,25,-20,26,12,3,4,-20,-20,5,12,-20,8,4,5,5,-20,-20,3,-20,-20,-20,-20,15,5,5,-20,-20,13,4,3,6,3,6,6,15,5,3,4,53,4,7,-20,3,-20,8,14,14,19,6,3,9,4,-20,11,5,-20,-20,-20,3,70,2,3,5,4,-20,25,7,14,5,3,7,4,7,13,29,-20,3,-20,6,5,-20,6,-20,7,-20,-20,7,-20,-20,12,20,5,4,67,4,7,-20,-20,-20,4,3,-20,7,-20,-20,-20,2,5,5,-20,4,8,14,10,-20,3,-20,7,3,-20,-20,-20,5,5,3,6,-20,9,4,-20,-20,-20,10,-20,4,12,12,-20,-20,21,26,22,16,13,-20,-20,4,5,-20,3,-20,3,-20,6,14,16,18,-20,19,-20,-20,-20,4,3,5,25,6,4,6,-20,-20,8,7,3,13,16,27,30,21,7,20,23,-20,3,22,19,5,8,23,-20,-20,-20,-20,-20,-20,43,7,-20,-20,5,7,-20,4,-20,11,10,-20,4,-20,-20,7,-20,4,-20,9,6,8,10,2,24,-20,10,5,5,-20,14,5,19,3,6,-20,15,-20,5,9,-20,6,-20,-20,21,4,10,31,16,21,26,21,-20,-20,3,23,5,9,17,2,12,7,5,13,7,6,12,5,9,-20,5,-20,4,19,-20,-20,-20,4,3,-20,-20,6,4,3,9,16,5,-20,5,19,100,-20,31,42,47,13,-20,21,-20,43,31,-20,45,-20,-20,3,21,17,4,-20,6,-20,6,-20,-20,4,-20,6,16,-20,2,7,-20,5,-20,-20,-20,-20,-20,20,7,7,8,-20,-20,-20,15,6,3,9,-20,-20,5,-20,9,-20,7,3,4,9,7,12,3,8,9,-20,12,8,4,6,-20,-20,-20,3,6,10,12,6,-20,9,-20,15,-20,-20,-20,10,4,6,5,-20,-20,16,8,-20,10,7,3,13,-20,-20,7,-20,6,12,14,5,-20,7,9,-20,11,12,4,-20,8,12,10,10,13,12,9,14,-20,9,10,11,15,12,-20,10,-20,5,9,4,3,6,-20,3,-20,15,-20,-20,5,-20,8,7,3,4,7,8,3,3,6,5,3,-20,-20,4,-20,4,-20,-20,5,4,9,5,5,4,-20,6,-20,-20,6,9,7,3,4,3,8,12,3,3,7,5,11,6,11,4,3,3,-20,4,7,11,5,4,12,8,11,12,3,-20,7,6,12,16,12,9,8,19,7,6,9,4,-20,3,6,8,9,4,11,7,10,5,11,-20,11,11,5,-20,-20,4,5,12,6,-20,3,-20,9,-20,16,-20,3,-20,4,2,7,7,4,3,7,12,3,-20,7,7,-20,-20,9,3,9,6,6,12,17,3,-20,5,7,6,-20,-20,-20,6,7,7,14,15,10,9,-20,11,16,-20,6,9,12,20,15,10,6,4,5,15,6,15,6,5,3,14,19,-20,22,-20,3,18,19,8,-20,10,-20,13,4,11,8,6,9,6,9,5,-20,-20,3,4,6,5,6,3,3,3,7,5,10,6,-20,-20,3,3,5,-20,-20,11,-20,-20,3,-20,-20,-20,4,-20,4,-20,4,-20,9,-20,-20,-20,3,-20,-20,-20,-20,2,5,-20,5,10,-20,12,8,-20,-20,-20,5,6,4,-20,-20,-20,4,-20,4,-20,-20,4,16,34,9,6,-20,8,17,-20,4,10,6,5,8,5,-20,5,-20,3,17,7,3,4,16,-20,5,2,-20,-20,5,9,11,4,6,7,20,12,8,-20,3,-20,9,6,3,-20,3,5,4,-20,-20,-20,-20,-20,-20,9,-20,5,4,4,-20,-20,4,-20,-20,-20,-20,-20,4,-20,-20,-20,-20,3,-20,-20,7,4,8,-20,-20,5,-20,-20,-20,-20,3,5,5,3,3,-20,-20,-20,-20,3,-20,4,-20,-20,6,-20,-20,-20,7,-20,-20,4,-20,2,-20,6,14,11,12,8,43,65,47,44,66,38,33,43,29,19,42
"chr4,7844600",3,-20,-20,-20,-20,-20,8,-20,-20,-20,-20,-20,26,23,14,5,38,6,73,48,18,-20,23,29,33,27,15,28,6,-20,-20,4,4,-20,38,42,17,16,15,-20,6,21,2,8,7,17,11,-20,-20,-20,7,12,21,25,21,9,-20,50,20,42,14,20,19,34,22,34,16,26,42,12,11,17,17,24,23,34,10,4,12,12,5,17,17,-20,6,46,33,38,15,12,4,19,33,23,24,31,8,25,4,37,20,16,7,5,16,27,-20,37,28,9,4,11,-20,29,-20,-20,59,8,-20,5,5,-20,4,10,33,10,4,13,-20,-20,31,-20,8,6,32,36,72,7,-20,-20,-20,3,8,8,41,-20,-20,59,4,-20,-20,-20,7,9,28,-20,-20,4,40,5,-20,-20,3,-20,-20,-20,-20,6,-20,3,-20,29,13,-20,-20,-20,-20,5,9,32,-20,-20,5,-20,-20,-20,4,7,-20,-20,-20,10,3,-20,-20,-20,-20,-20,-20,3,-20,13,-20,-20,-20,3,-20,-20,-20,40,-20,11,13,6,-20,-20,10,-20,-20,20,6,-20,5,39,-20,-20,4,-20,9,-20,34,14,49,10,-20,3,-20,7,3,-20,28,-20,-20,-20,3,28,3,4,-20,34,2,-20,11,-20,4,-20,-20,3,4,-20,8,6,-20,-20,-20,12,9,4,5,-20,-20,-20,-20,9,-20,-20,49,14,7,5,5,9,-20,10,-20,-20,-20,-20,-20,-20,3,-20,-20,3,-20,-20,6,-20,-20,3,9,-20,6,4,6,14,22,-20,21,21,32,33,27,-20,-20,-20,-20,-20,28,35,14,23,19,9,5,11,-20,-20,4,19,-20,7,-20,-20,15,-20,-20,36,76,25,3,26,12,3,4,-20,-20,5,12,-20,8,4,5,5,-20,-20,3,-20,-20,-20,-20,15,5,5,-20,-20,13,4,3,5,3,6,6,15,5,3,4,53,4,7,-20,3,-20,9,14,14,19,6,3,9,4,-20,11,5,-20,-20,-20,3,72,2,3,5,4,-20,25,7,14,5,3,7,4,7,13,29,-20,3,-20,6,5,-20,6,-20,7,-20,-20,7,-20,-20,12,19,5,4,67,4,7,-20,-20,-20,4,3,-20,7,-20,-20,-20,2,5,5,-20,4,8,14,10,-20,3,-20,6,3,-20,-20,-20,5,5,3,6,-20,9,4,-20,-20,-20,10,-20,4,12,12,-20,-20,21,23,22,16,14,-20,-20,4,5,-20,3,-20,3,-20,6,14,16,18,-20,19,-20,-20,-20,4,3,5,25,6,4,6,-20,-20,8,7,3,14,16,27,30,21,7,20,24,-20,3,23,19,5,8,23,-20,-20,-20,-20,-20,7,44,8,-20,-20,5,-20,-20,4,-20,11,10,-20,4,-20,-20,7,9,-20,-20,9,6,8,10,2,24,-20,10,5,5,-20,14,5,19,3,8,-20,15,-20,3,9,-20,6,-20,-20,22,4,10,31,15,21,24,21,-20,-20,3,23,5,8,17,2,12,7,5,12,7,6,11,5,9,-20,5,-20,4,19,-20,-20,-20,4,3,-20,-20,6,4,3,8,16,5,-20,5,19,100,-20,32,42,48,13,-20,21,-20,42,31,-20,46,-20,-20,3,22,17,4,-20,6,-20,7,-20,-20,4,-20,6,17,-20,2,7,-20,5,-20,-20,-20,-20,-20,20,-20,7,9,-20,-20,-20,15,6,3,9,-20,-20,5,-20,7,-20,7,3,4,9,7,12,3,-20,9,-20,12,8,4,6,-20,-20,-20,3,6,10,12,6,-20,8,-20,15,-20,-20,-20,10,4,6,5,-20,-20,16,8,-20,10,7,3,13,-20,-20,7,2,6,12,14,5,-20,7,9,-20,11,12,4,-20,7,11,10,10,13,12,9,14,-20,9,10,11,15,12,-20,10,7,5,9,4,3,6,-20,3,-20,14,-20,-20,5,-20,8,7,3,4,7,8,3,3,6,5,3,-20,-20,4,-20,4,-20,-20,-20,4,9,5,5,4,-20,6,-20,-20,6,9,7,3,4,3,8,12,3,3,6,5,10,6,11,4,-20,3,-20,4,6,11,5,4,12,8,11,12,3,-20,7,6,12,16,11,9,8,19,7,6,8,4,-20,3,6,8,8,4,11,7,10,5,11,-20,11,11,5,-20,-20,4,5,12,6,-20,3,-20,9,-20,16,-20,3,-20,4,2,7,7,4,3,7,12,3,3,7,7,-20,-20,9,3,9,6,6,12,17,3,-20,5,7,6,-20,-20,-20,6,7,7,13,14,10,9,-20,12,16,3,6,9,11,19,15,10,6,4,5,15,6,15,6,5,3,14,17,-20,22,-20,3,18,19,8,-20,10,-20,13,4,11,8,6,9,6,9,5,-20,-20,3,4,6,5,-20,3,3,3,7,5,10,6,-20,-20,3,3,5,-20,-20,11,-20,-20,3,-20,-20,-20,4,-20,4,-20,4,-20,9,-20,-20,-20,3,-20,-20,-20,-20,2,5,-20,5,10,-20,12,8,-20,-20,-20,5,6,4,-20,-20,-20,4,-20,4,-20,-20,4,16,34,9,6,-20,8,17,-20,4,9,6,5,8,5,-20,5,-20,3,15,7,3,4,16,6,5,-20,-20,-20,5,9,12,4,6,7,20,12,8,-20,4,-20,8,6,3,-20,3,5,4,-20,-20,-20,-20,-20,-20,9,-20,5,4,4,-20,-20,5,-20,-20,-20,-20,-20,4,-20,-20,-20,-20,3,-20,-20,7,4,7,-20,-20,5,-20,-20,-20,-20,4,6,5,3,4,-20,-20,-20,-20,3,-20,4,-20,-20,7,-20,-20,-20,7,-20,-20,-20,-20,2,-20,6,15,11,13,8,43,65,48,44,66,38,33,43,29,19,42
"chr4,7844601",3,-20,-20,-20,-20,-20,8,5,-20,-20,-20,-20,26,24,14,5,39,6,76,47,18,-20,20,28,33,27,16,25,6,-20,-20,4,4,-20,38,42,17,17,15,-20,6,22,2,8,7,19,11,-20,-20,-20,7,12,22,24,-20,9,-20,-20,20,42,13,20,19,34,21,34,16,24,40,12,12,17,18,24,23,35,10,4,13,12,5,16,17,-20,6,46,35,40,15,12,6,18,33,23,23,32,8,24,4,37,20,15,7,5,16,26,-20,36,28,9,4,11,10,29,-20,-20,59,8,-20,5,5,-20,4,10,33,10,4,13,-20,-20,31,-20,8,6,32,36,73,7,-20,-20,-20,3,9,8,41,-20,-20,57,4,-20,-20,-20,6,-20,27,-20,-20,5,39,5,-20,-20,3,-20,-20,-20,-20,6,-20,3,-20,30,13,-20,-20,-20,-20,5,8,33,-20,-20,5,-20,-20,-20,4,6,-20,-20,-20,11,3,-20,-20,-20,-20,-20,-20,4,-20,13,-20,-20,-20,-20,-20,-20,-20,40,-20,11,12,6,-20,-20,10,-20,-20,19,6,-20,4,40,-20,-20,4,-20,9,-20,35,13,48,10,-20,3,-20,-20,3,-20,27,-20,-20,-20,-20,28,3,4,-20,30,-20,-20,11,-20,4,-20,-20,-20,4,-20,8,6,-20,-20,-20,11,9,4,5,-20,5,-20,-20,-20,-20,-20,46,14,7,5,5,9,-20,11,-20,-20,-20,-20,-20,-20,3,-20,-20,3,-20,-20,6,-20,-20,3,-20,-20,6,4,6,14,22,-20,22,21,32,33,27,-20,-20,-20,-20,-20,26,34,13,23,-20,9,5,11,-20,-20,4,18,-20,7,-20,-20,15,-20,-20,36,75,25,3,25,12,3,4,-20,-20,5,11,-20,8,4,5,4,-20,-20,3,-20,-20,-20,-20,15,5,5,-20,-20,13,4,3,5,3,6,6,15,5,3,4,52,4,7,-20,3,-20,8,14,14,19,-20,4,-20,4,-20,10,5,-20,-20,-20,4,71,2,3,5,4,-20,25,7,13,5,3,7,4,7,13,26,-20,3,-20,6,5,-20,6,-20,7,-20,-20,7,-20,-20,12,19,5,-20,67,4,8,-20,-20,-20,4,3,-20,7,-20,-20,-20,-20,6,5,-20,4,8,14,11,-20,3,-20,6,3,-20,-20,-20,5,5,4,6,-20,9,4,-20,-20,3,10,-20,4,11,13,-20,-20,23,23,21,16,14,-20,-20,4,5,-20,3,-20,3,-20,6,13,15,17,-20,18,-20,-20,-20,4,3,4,24,6,4,6,-20,-20,8,7,3,14,16,27,29,21,7,20,23,-20,3,23,19,5,8,23,-20,-20,-20,-20,-20,-20,42,8,-20,-20,5,-20,-20,5,-20,11,10,-20,4,-20,-20,7,9,4,7,9,6,8,10,2,22,-20,10,-20,5,-20,13,5,-20,3,9,-20,15,-20,3,-20,-20,6,-20,-20,21,-20,11,30,15,21,24,21,-20,-20,4,23,5,8,17,2,12,7,5,13,7,6,12,6,9,-20,6,-20,4,21,-20,-20,-20,4,3,-20,-20,6,4,3,8,16,5,-20,5,-20,100,-20,31,44,47,12,-20,21,-20,43,31,-20,43,-20,-20,4,20,17,3,-20,6,-20,7,-20,-20,4,-20,-20,16,-20,3,7,-20,5,-20,-20,-20,-20,-20,24,-20,-20,9,-20,-20,-20,15,6,3,9,-20,-20,4,-20,7,-20,7,3,4,10,7,12,3,8,9,-20,12,8,4,6,-20,-20,-20,3,6,10,12,6,-20,8,-20,15,-20,-20,-20,10,4,6,5,-20,-20,16,8,-20,-20,7,3,13,-20,-20,7,2,6,12,14,5,-20,7,9,-20,11,11,-20,-20,8,12,10,10,13,12,-20,14,-20,9,10,11,15,12,-20,-20,7,5,9,4,3,7,-20,3,-20,14,-20,-20,5,-20,8,7,3,4,8,8,3,3,6,5,3,-20,3,4,-20,4,-20,-20,-20,4,9,5,5,4,-20,6,-20,-20,-20,9,7,3,4,3,8,12,3,3,6,5,10,5,11,4,-20,3,-20,4,7,12,5,4,13,8,11,12,3,-20,7,6,12,16,11,9,9,18,7,6,8,4,-20,3,6,8,8,4,11,7,10,5,11,-20,11,12,5,-20,-20,4,5,12,6,-20,3,-20,11,-20,16,-20,3,-20,4,2,7,7,4,3,7,12,3,3,7,7,-20,-20,9,3,10,6,6,11,17,3,-20,5,6,6,-20,-20,-20,6,7,7,13,14,10,9,-20,12,15,3,6,9,11,19,15,10,6,4,5,15,5,16,6,5,3,14,18,-20,22,-20,3,18,19,8,-20,10,-20,13,4,11,8,6,8,6,9,5,-20,-20,3,4,6,5,6,3,3,3,7,5,10,6,-20,-20,3,3,5,-20,-20,12,-20,-20,3,-20,-20,-20,4,-20,4,-20,4,-20,9,-20,-20,-20,3,-20,-20,-20,-20,2,6,-20,5,10,-20,12,7,-20,-20,-20,5,7,4,-20,-20,-20,4,-20,-20,-20,-20,4,16,32,9,6,-20,8,17,-20,4,9,6,5,8,5,-20,5,-20,3,15,7,3,4,17,6,5,-20,-20,-20,5,9,12,4,6,7,20,12,8,-20,2,3,7,6,-20,-20,-20,5,-20,-20,-20,-20,-20,-20,-20,9,-20,5,-20,4,-20,-20,5,-20,-20,-20,-20,-20,4,-20,-20,3,-20,3,-20,-20,7,4,9,-20,-20,5,-20,-20,-20,-20,3,4,5,3,4,-20,-20,-20,-20,3,-20,4,-20,-20,-20,-20,-20,-20,7,-20,-20,-20,-20,2,-20,6,15,11,13,-20,42,66,49,44,66,38,34,42,32,18,42
"chr4,7844603",3,-20,-20,-20,-20,-20,8,5,-20,-20,-20,-20,28,25,14,5,38,5,77,45,19,-20,22,30,33,26,17,25,6,-20,-20,4,4,-20,37,43,17,17,15,-20,6,24,2,8,6,19,10,-20,-20,-20,7,12,22,26,21,9,-20,49,20,40,14,21,20,34,23,35,16,24,40,14,11,17,18,24,24,33,10,4,12,12,5,18,20,-20,6,43,33,39,14,12,6,19,33,25,23,30,-20,25,4,39,20,15,7,5,16,29,-20,36,27,9,4,11,11,29,-20,-20,61,8,3,5,5,-20,4,10,33,10,4,13,-20,-20,31,-20,8,6,32,37,73,7,-20,-20,-20,3,9,8,41,-20,-20,58,4,-20,3,-20,6,11,27,-20,-20,5,39,6,-20,-20,3,-20,-20,-20,-20,6,-20,3,-20,25,14,-20,-20,-20,-20,-20,7,33,-20,-20,5,-20,-20,-20,4,4,-20,-20,10,11,3,-20,-20,-20,5,-20,-20,4,-20,12,-20,-20,-20,-20,-20,-20,-20,43,-20,11,14,6,-20,-20,10,-20,-20,-20,7,-20,4,42,-20,-20,4,-20,9,-20,35,14,48,10,-20,3,2,7,3,-20,28,-20,-20,-20,3,27,3,4,-20,31,2,-20,11,-20,4,-20,-20,3,5,-20,8,6,-20,-20,-20,10,10,4,-20,4,5,-20,-20,9,-20,-20,47,14,7,5,5,9,-20,13,-20,-20,-20,-20,-20,-20,3,-20,-20,3,-20,-20,6,-20,-20,3,9,-20,6,4,5,14,22,-20,24,21,31,33,27,-20,-20,-20,-20,-20,26,35,12,23,17,9,5,11,-20,-20,4,19,-20,7,-20,-20,15,-20,-20,33,80,26,-20,25,12,3,4,-20,-20,5,11,-20,8,4,5,4,-20,-20,3,-20,-20,-20,-20,15,5,5,-20,-20,13,4,3,5,3,6,6,15,4,3,4,50,4,7,-20,3,-20,8,14,14,19,-20,4,10,4,-20,10,5,-20,-20,-20,4,73,2,3,5,4,-20,25,7,13,5,3,7,4,8,12,26,-20,3,-20,6,5,-20,6,-20,6,-20,-20,8,-20,-20,13,19,6,-20,68,3,8,-20,-20,-20,4,4,-20,8,-20,-20,-20,-20,5,5,-20,5,8,16,11,-20,3,-20,6,3,-20,-20,-20,5,5,4,9,-20,9,3,-20,-20,3,10,-20,4,11,15,-20,-20,23,23,21,15,14,-20,-20,4,5,-20,3,5,2,-20,6,13,17,17,-20,18,-20,-20,-20,4,3,4,25,6,4,6,-20,-20,8,9,3,14,14,25,29,21,7,19,21,-20,3,24,19,5,8,22,-20,-20,-20,-20,-20,-20,42,8,-20,-20,6,7,-20,6,-20,11,12,-20,4,-20,-20,8,9,4,8,9,-20,8,10,-20,23,-20,10,5,6,-20,14,5,20,3,9,-20,15,-20,3,9,-20,6,-20,-20,22,4,11,31,16,19,25,21,-20,-20,4,23,5,8,18,2,12,7,5,14,7,6,12,6,9,-20,6,-20,4,21,-20,-20,-20,4,3,-20,-20,6,4,3,8,16,4,-20,5,19,98,-20,29,44,48,12,-20,21,-20,43,29,-20,47,-20,-20,4,21,19,3,-20,6,5,10,-20,-20,5,-20,6,16,-20,3,8,-20,5,-20,-20,-20,-20,-20,25,7,7,9,-20,-20,-20,16,6,3,9,-20,-20,4,-20,7,-20,7,-20,4,10,7,13,3,8,9,-20,12,8,4,6,-20,-20,-20,3,6,10,12,6,-20,8,-20,15,-20,-20,-20,9,3,6,5,-20,-20,16,-20,-20,9,7,3,13,-20,-20,7,2,6,12,14,4,-20,7,9,-20,11,11,4,-20,8,12,10,10,-20,12,9,14,-20,9,10,11,16,12,-20,10,7,5,9,4,3,7,-20,3,-20,14,-20,-20,5,-20,8,7,3,4,8,8,3,3,6,5,3,-20,3,4,-20,4,-20,-20,-20,4,9,5,5,4,-20,-20,-20,-20,6,9,7,3,4,3,8,12,3,3,6,5,10,5,12,4,-20,3,-20,4,7,12,5,4,13,8,11,12,3,-20,7,6,13,16,11,9,9,19,7,6,8,4,-20,3,6,8,8,4,11,7,10,5,11,-20,11,12,5,-20,-20,4,5,12,7,-20,3,-20,11,-20,16,-20,3,-20,4,2,7,8,4,4,6,12,4,3,7,7,-20,-20,9,3,10,6,6,11,17,3,-20,5,6,5,-20,-20,-20,6,7,7,13,14,10,8,-20,12,16,3,6,9,11,19,15,10,6,4,5,14,-20,16,6,6,3,14,18,2,22,-20,3,18,19,8,-20,10,-20,11,4,9,8,6,8,6,9,6,-20,-20,3,4,6,5,6,3,3,3,7,5,10,6,-20,-20,3,3,5,-20,-20,12,-20,-20,3,-20,-20,-20,4,-20,4,-20,4,-20,8,-20,-20,-20,3,-20,-20,-20,-20,2,6,-20,4,10,-20,12,8,-20,-20,-20,5,7,4,-20,-20,-20,4,-20,6,-20,-20,4,-20,33,9,6,-20,8,17,-20,4,9,6,5,8,5,-20,5,-20,3,15,7,3,6,15,6,5,-20,-20,-20,5,8,12,4,6,7,19,12,8,-20,2,3,-20,8,3,3,-20,4,4,-20,-20,-20,-20,3,-20,6,-20,5,3,4,-20,-20,4,-20,-20,-20,-20,-20,4,-20,-20,3,-20,-20,-20,-20,7,-20,8,-20,-20,5,-20,-20,-20,-20,4,6,5,3,-20,-20,-20,-20,-20,3,-20,3,-20,-20,7,-20,-20,-20,7,-20,-20,4,-20,-20,-20,6,15,11,13,-20,43,67,49,43,65,38,35,42,33,20,43
"chr4,7844605",3,-20,-20,-20,-20,-20,8,6,-20,-20,-20,-20,29,26,14,7,39,5,75,44,19,-20,23,30,34,28,15,24,6,-20,-20,4,4,-20,37,43,18,18,15,-20,6,25,2,8,6,19,10,-20,2,-20,4,12,23,27,19,10,-20,51,20,40,14,21,21,33,23,35,17,20,38,13,12,17,18,24,22,35,9,4,14,13,5,19,19,-20,7,43,33,38,14,11,6,19,35,26,22,27,-20,28,4,40,20,16,8,5,16,29,-20,36,28,9,4,11,11,30,-20,-20,61,8,3,5,4,-20,5,9,31,10,4,13,-20,-20,30,-20,7,6,32,37,75,7,-20,-20,-20,3,9,9,40,-20,-20,58,4,-20,-20,-20,5,11,27,-20,-20,5,39,6,-20,-20,3,-20,-20,-20,-20,7,-20,3,-20,22,-20,-20,-20,-20,-20,4,7,29,-20,-20,5,-20,-20,-20,4,4,-20,-20,10,10,3,-20,-20,-20,5,-20,-20,3,-20,12,-20,-20,-20,-20,-20,-20,-20,42,-20,-20,13,6,-20,-20,10,-20,-20,19,7,-20,-20,41,-20,-20,5,-20,9,-20,36,14,48,10,-20,-20,2,-20,3,-20,28,-20,-20,-20,4,27,3,-20,-20,31,3,-20,12,-20,4,-20,-20,3,-20,-20,7,6,-20,-20,-20,-20,10,4,-20,4,6,-20,-20,-20,-20,-20,48,14,8,6,5,9,-20,14,-20,-20,-20,-20,-20,-20,3,-20,-20,3,-20,-20,6,-20,-20,3,-20,-20,5,4,5,15,23,-20,25,23,31,32,27,-20,-20,-20,-20,-20,26,36,13,21,17,9,5,11,-20,-20,4,19,-20,7,-20,-20,15,-20,-20,36,80,26,-20,26,12,-20,4,-20,-20,5,11,-20,8,4,5,4,-20,-20,3,-20,-20,-20,-20,14,5,5,-20,-20,13,4,3,5,3,6,6,16,4,3,4,50,4,6,-20,3,-20,8,13,13,19,-20,4,10,4,-20,10,5,-20,-20,-20,4,69,2,3,4,3,-20,24,8,13,5,3,7,4,8,12,26,-20,3,-20,6,5,-20,6,-20,6,-20,-20,7,-20,-20,13,19,6,-20,68,3,8,-20,-20,-20,4,4,-20,7,-20,-20,-20,-20,6,5,-20,6,8,19,11,-20,3,-20,6,3,3,-20,-20,5,5,3,11,-20,9,3,-20,-20,3,10,-20,4,11,13,-20,-20,24,23,20,13,15,-20,-20,4,5,-20,3,5,2,3,6,11,17,19,-20,17,-20,-20,-20,4,4,4,25,6,4,6,-20,-20,7,9,3,12,14,24,29,22,7,18,23,-20,3,21,21,5,8,22,-20,-20,-20,-20,-20,9,43,9,-20,-20,6,7,-20,6,-20,10,12,-20,4,-20,-20,9,9,4,8,9,6,8,10,-20,23,-20,9,5,5,-20,14,5,20,3,10,-20,15,-20,3,9,-20,6,-20,-20,23,-20,10,31,16,19,26,20,-20,-20,4,23,5,9,19,2,12,7,7,14,9,7,12,6,9,-20,6,-20,4,22,-20,-20,-20,5,3,-20,-20,6,4,4,8,13,6,-20,5,-20,98,-20,30,45,47,12,-20,21,-20,43,29,-20,45,-20,-20,4,23,19,3,-20,6,5,11,-20,-20,6,-20,6,17,-20,3,9,-20,5,-20,-20,-20,-20,-20,25,-20,-20,9,-20,-20,-20,16,6,4,9,-20,-20,4,-20,7,-20,9,3,5,12,7,13,3,10,11,-20,12,9,5,6,-20,-20,-20,3,8,11,12,7,-20,8,-20,16,-20,-20,-20,9,3,6,5,-20,-20,14,8,-20,-20,7,3,12,-20,-20,7,2,6,13,14,4,-20,8,9,-20,11,12,-20,-20,8,13,10,10,12,13,9,14,-20,10,10,11,15,12,-20,10,9,5,9,4,5,7,-20,4,-20,14,-20,-20,4,-20,8,7,3,4,8,8,4,4,6,7,3,-20,3,4,-20,4,-20,-20,-20,5,9,5,5,4,3,5,-20,-20,-20,9,7,3,4,3,9,12,4,3,6,6,10,5,12,5,3,3,-20,4,7,13,6,4,15,9,12,12,3,-20,7,7,14,16,11,9,9,20,7,6,8,5,-20,3,5,9,9,4,12,7,11,5,10,-20,12,15,5,-20,-20,4,6,12,7,-20,3,-20,11,-20,18,-20,3,-20,4,2,7,9,4,5,6,12,4,3,7,7,-20,-20,10,-20,11,6,6,11,18,3,-20,5,6,5,-20,-20,-20,6,7,7,13,12,10,10,-20,12,-20,3,5,8,10,19,15,10,6,4,5,13,-20,16,6,6,3,14,18,2,22,-20,5,19,19,8,-20,9,-20,11,4,9,7,6,8,5,9,7,-20,-20,3,4,7,5,6,4,3,3,8,5,10,6,-20,-20,3,3,5,-20,-20,12,-20,-20,-20,-20,-20,-20,3,-20,4,-20,4,-20,8,-20,-20,-20,3,-20,-20,-20,-20,2,7,-20,5,10,-20,12,8,-20,-20,-20,5,7,4,-20,-20,-20,4,-20,7,-20,-20,4,14,32,9,6,-20,7,17,-20,4,9,8,6,8,5,-20,5,-20,4,16,7,3,5,15,6,7,-20,-20,-20,5,8,11,4,6,7,19,12,8,-20,-20,3,6,8,-20,3,-20,4,4,-20,-20,-20,-20,-20,-20,9,-20,5,3,3,-20,-20,4,-20,-20,-20,-20,-20,4,-20,-20,4,-20,3,-20,3,7,-20,8,-20,-20,4,-20,-20,-20,3,3,5,5,3,-20,-20,-20,-20,-20,3,-20,4,-20,-20,6,-20,-20,-20,7,-20,-20,-20,-20,2,-20,6,15,11,13,8,41,65,49,43,66,33,36,41,34,20,43
"chr4,7844606",3,-20,-20,-20,-20,-20,8,6,-20,-20,-20,-20,28,26,14,7,39,5,76,44,20,-20,23,29,33,28,15,25,6,-20,-20,4,4,-20,37,43,18,18,15,-20,5,26,2,8,6,19,11,-20,2,-20,4,12,24,28,21,10,-20,-20,20,40,13,21,21,34,24,35,17,21,37,14,12,16,18,22,24,35,-20,4,14,13,5,19,19,-20,7,42,34,38,13,11,6,19,35,26,21,28,10,27,4,40,20,15,-20,5,16,28,-20,37,27,9,4,11,11,30,-20,-20,59,8,3,5,4,-20,5,9,30,10,4,13,-20,-20,31,-20,6,6,32,37,75,7,-20,-20,-20,3,10,11,40,-20,-20,57,4,-20,-20,-20,5,11,28,-20,-20,5,39,6,-20,-20,3,-20,-20,-20,-20,7,-20,3,-20,24,13,-20,-20,-20,-20,4,7,28,-20,-20,6,-20,-20,-20,4,4,-20,-20,9,10,4,-20,-20,-20,5,-20,-20,3,-20,12,-20,-20,-20,-20,-20,-20,-20,45,-20,11,15,6,-20,-20,10,-20,-20,-20,7,-20,-20,41,-20,-20,5,-20,9,-20,37,14,46,11,-20,-20,2,-20,3,-20,28,-20,-20,-20,4,26,3,4,-20,33,3,-20,11,-20,5,-20,-20,3,6,-20,7,6,-20,-20,-20,10,10,4,-20,-20,7,-20,-20,8,-20,-20,48,14,8,9,5,9,-20,14,-20,-20,-20,-20,-20,-20,3,-20,-20,3,-20,-20,6,-20,-20,3,9,-20,5,4,5,15,23,-20,25,23,31,32,26,-20,-20,-20,-20,-20,26,38,13,21,15,10,5,11,-20,-20,5,19,-20,7,-20,-20,16,-20,-20,34,79,26,-20,25,11,-20,4,-20,-20,5,11,-20,8,4,5,4,-20,-20,3,-20,-20,-20,-20,15,5,5,-20,-20,13,4,3,5,3,6,5,17,4,3,4,51,4,6,-20,3,-20,8,14,12,20,-20,4,10,4,-20,10,5,-20,-20,-20,4,69,2,3,4,3,-20,24,8,13,5,-20,7,4,8,13,26,-20,3,-20,6,5,-20,6,-20,6,-20,-20,7,-20,-20,13,20,6,-20,65,3,8,-20,-20,-20,4,4,-20,7,-20,-20,-20,-20,6,5,-20,6,9,19,11,-20,3,-20,8,3,3,-20,-20,5,5,3,11,-20,9,3,-20,-20,3,10,-20,4,10,13,-20,-20,23,23,21,12,15,-20,-20,5,5,-20,3,5,2,3,6,9,17,18,-20,16,-20,-20,-20,4,4,4,26,5,4,5,-20,-20,7,9,3,11,14,24,29,23,7,18,24,-20,3,21,21,5,8,22,-20,-20,-20,-20,-20,9,44,9,-20,-20,6,7,-20,6,-20,10,12,-20,4,-20,-20,9,9,4,8,9,6,8,11,-20,24,-20,9,5,5,-20,14,5,19,3,10,-20,15,-20,3,9,-20,6,-20,-20,23,-20,11,31,16,19,27,20,-20,-20,4,22,5,9,19,2,11,7,7,14,-20,7,11,6,8,3,6,-20,4,21,-20,-20,-20,5,3,-20,-20,6,-20,4,8,13,6,-20,6,20,99,-20,30,44,46,12,-20,21,-20,40,29,-20,45,-20,-20,4,23,18,3,-20,6,6,11,-20,-20,6,-20,6,17,-20,3,9,-20,6,-20,-20,-20,-20,-20,24,7,8,9,-20,-20,-20,16,6,4,9,-20,-20,4,-20,8,-20,8,3,5,12,7,14,3,10,11,-20,12,8,6,6,-20,-20,-20,3,7,11,12,7,-20,8,-20,16,-20,-20,-20,9,3,6,5,-20,-20,16,9,-20,9,6,3,13,-20,-20,7,2,6,13,14,4,-20,9,8,3,11,12,5,-20,8,15,10,10,13,13,9,14,-20,10,10,11,15,12,-20,10,9,5,9,4,5,7,-20,4,-20,13,-20,-20,4,-20,9,7,3,4,8,-20,4,4,6,7,3,3,3,4,-20,4,-20,-20,-20,5,8,5,5,4,3,5,-20,-20,5,9,8,3,5,-20,9,12,4,3,6,6,9,5,12,5,3,3,3,4,7,12,-20,4,15,8,12,12,3,-20,8,7,14,16,12,9,9,20,7,5,8,5,-20,3,5,9,10,4,12,8,12,5,-20,-20,11,15,5,-20,-20,4,6,12,7,-20,3,6,12,-20,18,-20,3,-20,4,2,6,8,4,5,6,13,4,3,7,7,-20,-20,9,-20,12,6,6,11,18,3,-20,5,6,5,-20,-20,-20,-20,7,7,13,12,10,11,-20,12,16,3,5,8,10,18,13,10,6,4,5,13,-20,16,6,6,3,14,17,2,23,-20,5,19,18,8,-20,9,-20,11,4,9,7,6,8,5,9,6,-20,-20,3,4,7,5,6,4,3,3,8,6,10,6,-20,-20,3,3,5,-20,-20,12,-20,-20,-20,-20,-20,-20,3,-20,4,-20,5,-20,8,-20,-20,-20,3,2,-20,-20,-20,2,7,-20,5,11,-20,12,8,-20,-20,-20,5,7,4,-20,-20,-20,4,-20,8,-20,-20,5,14,32,9,6,-20,7,17,-20,4,9,8,6,8,5,-20,5,-20,4,16,7,3,5,15,5,7,-20,-20,-20,6,8,13,3,6,7,18,12,8,-20,-20,3,5,8,3,-20,3,4,-20,-20,-20,-20,-20,-20,-20,8,-20,5,3,3,4,-20,3,-20,-20,-20,-20,-20,5,-20,-20,-20,-20,-20,-20,3,6,-20,6,-20,-20,4,-20,-20,-20,3,-20,5,5,-20,5,-20,-20,-20,-20,3,3,4,-20,-20,6,-20,-20,-20,8,2,-20,3,-20,2,-20,6,15,11,13,8,41,65,53,43,66,33,37,40,34,-20,45
"chr4,7844613",3,-20,-20,-20,-20,-20,10,6,-20,-20,-20,-20,29,26,13,7,35,5,76,45,24,3,26,31,34,29,14,28,6,-20,-20,4,4,-20,38,46,19,17,14,-20,6,27,-20,8,6,21,11,-20,3,3,4,14,28,30,23,10,-20,46,21,40,12,17,22,35,24,36,16,21,37,14,11,15,16,23,25,33,9,5,16,13,5,19,17,-20,8,46,32,38,15,11,10,21,35,26,24,29,12,27,-20,40,17,12,9,6,16,30,-20,35,26,9,5,12,11,32,-20,-20,57,8,4,5,5,-20,5,9,33,11,4,16,-20,-20,33,-20,5,6,32,34,73,7,-20,-20,-20,3,11,12,40,-20,-20,53,4,-20,-20,-20,5,12,24,-20,-20,5,39,4,-20,-20,4,-20,-20,-20,3,9,-20,3,-20,29,15,4,-20,-20,-20,4,7,29,-20,-20,6,-20,-20,-20,5,4,-20,-20,11,8,-20,-20,-20,-20,4,-20,6,3,-20,13,-20,-20,-20,-20,7,-20,-20,45,-20,12,14,6,-20,3,10,-20,-20,21,8,-20,-20,43,-20,-20,5,-20,-20,-20,38,12,45,10,-20,4,2,7,3,-20,27,-20,-20,-20,4,27,3,2,-20,38,-20,-20,11,-20,4,-20,-20,3,7,-20,8,5,-20,-20,-20,11,12,4,6,6,6,-20,-20,10,-20,-20,43,12,6,10,4,11,-20,16,-20,-20,-20,-20,-20,-20,3,-20,-20,3,-20,-20,8,-20,-20,3,-20,-20,5,3,5,15,21,4,24,19,30,36,25,-20,-20,-20,-20,-20,24,42,13,19,16,10,5,9,-20,-20,-20,22,-20,7,-20,-20,16,-20,-20,40,80,25,-20,23,11,-20,4,-20,-20,5,12,-20,8,-20,5,5,-20,-20,-20,-20,3,-20,-20,11,4,6,2,-20,12,4,4,5,3,6,4,18,5,3,4,47,4,5,-20,4,5,8,19,11,14,8,5,11,-20,-20,10,5,-20,-20,3,4,68,2,-20,4,3,-20,20,8,12,6,-20,8,3,7,12,24,-20,4,-20,6,5,-20,5,-20,4,-20,-20,7,-20,-20,13,22,6,-20,64,3,9,-20,-20,-20,8,-20,-20,7,-20,-20,-20,-20,8,5,-20,6,-20,21,11,-20,3,-20,13,-20,5,-20,-20,5,5,4,10,-20,8,2,-20,-20,3,9,-20,4,10,13,-20,-20,23,22,20,14,14,-20,-20,5,4,-20,3,7,-20,4,8,9,12,16,-20,15,-20,-20,-20,3,4,3,25,6,5,5,-20,-20,8,9,4,10,14,27,28,24,6,19,26,3,3,20,18,5,9,20,-20,-20,11,-20,-20,11,45,9,3,2,5,6,-20,7,12,9,13,-20,4,-20,-20,8,9,6,8,10,6,8,12,-20,24,-20,7,5,7,-20,14,5,18,3,12,3,15,-20,3,6,-20,6,-20,-20,22,4,12,30,18,21,26,22,-20,6,5,24,6,11,20,-20,11,7,8,16,9,7,12,7,9,-20,9,-20,4,23,-20,-20,-20,5,5,3,-20,8,5,6,8,13,7,-20,6,19,102,-20,31,46,50,9,-20,22,-20,41,31,-20,50,3,4,4,22,17,4,-20,5,6,24,-20,-20,6,-20,7,20,-20,4,8,-20,8,-20,-20,3,-20,-20,28,6,8,9,-20,-20,-20,16,8,6,9,-20,-20,6,-20,8,-20,7,4,9,13,8,14,4,13,10,3,12,10,6,9,-20,-20,-20,5,8,11,14,7,4,-20,-20,16,-20,-20,-20,9,4,5,5,-20,-20,16,11,-20,8,10,4,13,-20,-20,9,-20,6,11,15,4,-20,10,9,3,9,15,5,-20,7,16,13,10,15,14,10,14,-20,10,10,11,13,11,-20,9,12,5,12,4,7,8,-20,4,-20,13,-20,-20,5,7,9,6,4,4,8,10,4,5,6,7,3,3,4,4,4,4,3,-20,6,8,8,7,6,6,6,7,-20,-20,5,9,8,3,6,-20,8,13,4,4,7,7,11,7,12,5,4,4,-20,3,8,16,9,6,15,8,12,12,5,-20,9,8,17,18,11,11,8,23,9,5,9,5,-20,4,5,13,11,4,12,10,13,6,8,-20,14,16,6,-20,-20,6,7,14,8,4,5,6,14,6,17,-20,3,-20,4,-20,6,6,4,5,6,14,4,3,7,8,-20,-20,9,-20,12,6,6,12,18,3,-20,5,5,5,-20,7,-20,8,9,9,14,13,12,12,-20,12,16,3,6,10,9,21,15,9,8,4,5,11,4,15,6,7,5,12,21,4,22,-20,7,20,19,9,-20,9,-20,11,4,8,8,6,9,5,9,11,-20,-20,3,-20,7,4,7,5,2,4,9,7,11,7,-20,-20,-20,4,5,-20,-20,15,-20,-20,-20,-20,-20,-20,3,3,5,-20,6,-20,6,-20,-20,-20,3,-20,-20,-20,-20,-20,6,-20,8,11,-20,14,10,-20,-20,-20,5,7,3,-20,-20,-20,4,-20,9,-20,-20,6,12,41,9,7,5,8,18,-20,3,11,8,7,7,5,-20,11,-20,4,15,6,3,6,16,5,-20,-20,-20,-20,6,9,13,4,6,6,20,12,9,-20,-20,3,4,9,-20,-20,-20,3,-20,-20,4,-20,3,-20,-20,9,-20,3,-20,3,3,-20,-20,-20,-20,-20,-20,-20,5,-20,-20,3,-20,4,-20,4,5,4,-20,-20,-20,3,-20,-20,4,4,3,4,-20,-20,4,3,-20,-20,-20,-20,-20,-20,-20,-20,5,-20,-20,-20,6,2,-20,2,-20,2,-20,6,15,12,13,8,38,66,54,43,66,29,38,44,37,20,49
"chr4,7844615",3,-20,-20,-20,-20,-20,10,5,-20,-20,-20,3,29,27,12,8,37,5,73,46,24,3,25,28,34,29,14,27,6,-20,-20,-20,4,-20,37,44,18,17,15,-20,7,27,3,8,6,22,11,-20,3,3,4,15,29,29,22,10,-20,51,20,38,13,19,22,37,24,37,16,22,37,13,12,14,16,23,24,32,9,5,17,13,5,19,18,-20,8,45,33,40,15,10,10,21,38,30,24,28,11,27,4,41,17,12,9,6,15,30,-20,35,26,8,5,12,12,31,-20,-20,55,8,4,5,6,-20,6,9,30,11,5,16,-20,-20,34,-20,5,5,31,36,72,7,-20,-20,-20,3,11,11,42,-20,-20,51,5,-20,-20,-20,4,11,25,-20,-20,6,37,4,-20,-20,4,-20,-20,-20,4,9,-20,3,-20,29,14,4,-20,-20,-20,4,7,29,-20,-20,6,-20,-20,-20,5,4,-20,-20,11,8,-20,-20,-20,-20,5,-20,6,4,-20,14,-20,-20,-20,4,7,-20,-20,46,-20,11,17,6,-20,-20,10,-20,-20,22,-20,-20,-20,43,-20,-20,5,-20,9,-20,37,12,45,10,-20,5,2,-20,4,-20,26,3,-20,-20,4,25,3,2,-20,37,-20,3,11,-20,4,-20,-20,3,7,-20,6,-20,-20,-20,-20,12,12,3,-20,-20,-20,-20,-20,11,-20,-20,43,12,7,10,4,11,-20,16,-20,-20,-20,-20,-20,-20,3,-20,-20,3,-20,-20,8,-20,-20,3,10,-20,5,3,5,15,21,4,24,19,29,35,24,-20,-20,-20,-20,3,22,43,12,19,16,10,5,9,-20,-20,-20,21,-20,7,-20,-20,17,-20,-20,41,80,23,-20,25,11,-20,4,-20,-20,5,12,-20,8,-20,5,5,-20,-20,-20,-20,3,-20,-20,11,4,6,2,-20,13,3,4,5,3,6,4,18,5,3,4,46,4,5,-20,4,5,8,22,11,14,7,5,10,-20,-20,10,5,-20,-20,3,4,68,2,-20,4,2,-20,18,8,12,6,-20,8,3,7,12,21,-20,4,-20,6,5,-20,5,-20,4,-20,-20,7,-20,-20,14,24,6,-20,62,3,-20,-20,-20,-20,8,-20,-20,7,-20,-20,-20,-20,8,5,-20,7,-20,19,10,-20,3,-20,13,-20,5,-20,-20,6,5,4,9,-20,8,2,-20,-20,3,9,-20,4,11,13,-20,-20,22,21,20,13,13,-20,-20,5,4,-20,3,7,-20,4,-20,8,12,13,-20,17,-20,-20,-20,3,5,3,24,6,5,5,-20,-20,7,9,4,9,15,28,26,25,6,18,25,3,3,22,18,4,9,20,-20,-20,12,-20,-20,-20,47,10,5,2,5,-20,-20,7,12,9,13,-20,4,-20,-20,8,9,6,7,10,6,8,12,-20,24,-20,7,6,-20,-20,13,4,18,3,12,4,15,-20,3,6,-20,6,-20,-20,21,5,14,29,17,21,24,24,-20,7,5,23,6,11,20,3,12,8,8,16,9,7,12,8,9,-20,9,-20,4,24,-20,-20,-20,5,6,3,-20,9,5,6,6,13,8,-20,6,19,101,-20,32,44,51,10,-20,23,5,45,30,-20,48,3,-20,4,21,17,4,-20,6,6,25,-20,3,6,-20,7,19,-20,4,7,-20,8,-20,-20,3,-20,-20,28,5,10,10,-20,-20,-20,16,8,6,10,-20,-20,6,-20,8,-20,7,3,9,14,8,15,4,14,10,4,11,11,5,9,-20,-20,-20,5,8,12,15,5,4,8,-20,16,-20,-20,-20,9,-20,5,5,-20,-20,17,12,-20,7,10,4,12,-20,-20,9,-20,6,11,15,4,-20,10,9,4,9,15,5,-20,7,16,13,10,14,14,10,15,-20,10,11,11,13,11,-20,9,11,5,12,4,7,6,-20,4,-20,13,-20,-20,5,7,9,6,4,5,8,10,4,5,6,7,4,3,4,4,4,4,3,-20,5,7,8,7,6,7,6,7,-20,-20,5,8,8,3,6,-20,9,11,-20,4,7,7,11,7,12,5,4,4,2,3,8,16,-20,6,15,7,11,12,5,-20,9,8,18,16,11,11,8,23,9,5,9,4,-20,4,5,13,10,4,12,9,14,7,8,-20,14,16,6,-20,-20,6,8,14,9,4,5,6,14,6,15,-20,3,-20,4,-20,6,6,4,7,6,14,5,3,5,8,-20,-20,8,-20,12,6,6,12,19,3,-20,5,5,5,-20,7,-20,8,9,10,14,12,12,12,-20,12,17,-20,6,10,8,21,16,9,10,5,6,11,4,15,6,8,5,13,21,4,19,-20,7,20,20,9,-20,10,-20,11,4,7,8,6,9,4,9,10,-20,-20,3,-20,7,5,7,5,2,4,9,8,11,7,-20,-20,-20,4,5,-20,-20,15,-20,-20,-20,-20,-20,-20,3,3,5,-20,6,-20,5,-20,-20,-20,3,3,-20,-20,-20,-20,6,-20,9,11,-20,14,10,-20,-20,-20,6,7,3,-20,-20,-20,5,-20,8,-20,-20,6,11,40,8,8,5,8,17,-20,4,11,9,7,8,6,-20,10,-20,4,15,6,3,7,17,5,10,-20,-20,-20,6,9,13,4,6,5,20,13,9,-20,-20,3,5,-20,-20,-20,-20,3,-20,-20,5,-20,3,3,-20,8,-20,4,-20,3,-20,-20,-20,-20,3,-20,-20,-20,5,-20,-20,-20,-20,4,-20,5,6,4,5,-20,-20,-20,3,-20,4,4,3,-20,-20,-20,4,-20,-20,-20,-20,-20,-20,-20,-20,-20,6,-20,-20,-20,7,2,3,2,-20,2,-20,6,15,12,13,8,39,64,54,43,66,29,36,44,36,20,49
"chr4,7844616",3,-20,-20,-20,-20,-20,10,5,-20,-20,-20,3,29,26,12,8,37,-20,75,46,25,3,25,29,34,30,14,28,6,-20,-20,-20,4,-20,37,43,19,17,15,-20,7,27,-20,8,5,22,10,-20,3,3,4,15,29,30,22,10,-20,49,20,38,14,18,22,35,25,37,16,22,36,13,12,14,16,23,25,32,-20,5,17,13,-20,19,17,-20,8,47,33,40,16,11,10,21,37,31,24,28,11,28,5,41,17,12,9,6,16,30,-20,35,26,8,5,12,14,32,-20,-20,56,8,5,5,6,-20,6,9,30,11,5,17,-20,-20,36,-20,5,5,31,36,72,6,-20,-20,-20,3,11,11,42,-20,-20,51,5,-20,-20,-20,4,11,25,-20,-20,6,37,4,-20,-20,4,-20,-20,-20,4,9,-20,3,-20,29,14,4,-20,-20,-20,4,7,31,-20,-20,6,-20,-20,-20,5,4,-20,-20,11,8,5,-20,-20,-20,5,-20,6,4,-20,14,-20,-20,-20,4,8,-20,-20,45,-20,12,15,4,-20,3,12,-20,-20,23,8,-20,-20,43,-20,-20,5,-20,9,-20,38,11,47,10,-20,5,3,7,4,-20,26,5,-20,-20,4,26,3,2,-20,36,-20,3,11,-20,4,-20,-20,3,7,-20,6,5,-20,-20,-20,12,12,3,6,-20,7,3,-20,11,-20,-20,43,12,8,10,4,12,-20,16,-20,-20,-20,-20,-20,3,3,-20,-20,3,-20,-20,7,-20,-20,3,9,-20,5,3,5,15,20,4,25,19,29,35,25,-20,-20,-20,-20,3,20,44,12,19,15,10,5,8,-20,-20,-20,22,-20,7,-20,-20,17,-20,-20,41,80,23,-20,25,11,-20,4,-20,-20,5,12,-20,9,3,5,4,-20,-20,-20,-20,4,-20,-20,12,4,6,2,-20,13,4,4,5,-20,6,4,18,5,3,4,43,4,5,-20,4,5,8,23,10,14,-20,5,10,-20,-20,10,5,-20,-20,3,4,66,-20,-20,4,2,-20,17,8,12,6,-20,7,3,6,12,22,-20,4,-20,6,5,-20,5,-20,4,-20,-20,7,-20,-20,15,24,6,-20,61,3,9,-20,-20,-20,8,-20,-20,7,-20,-20,-20,-20,9,5,3,8,-20,20,10,-20,3,3,13,-20,5,-20,-20,6,4,4,9,-20,8,3,-20,-20,3,9,-20,4,11,12,-20,-20,22,21,20,12,13,-20,-20,5,4,-20,-20,7,-20,4,8,8,12,13,-20,17,-20,-20,-20,3,4,3,24,6,5,5,-20,-20,7,9,4,9,14,27,26,26,7,17,23,3,3,22,18,4,9,20,-20,-20,13,-20,-20,11,45,9,5,-20,6,7,-20,7,12,9,13,-20,-20,-20,-20,8,9,6,7,10,6,8,11,-20,24,-20,7,6,7,-20,13,4,18,3,12,4,15,-20,3,6,-20,6,-20,-20,23,5,15,28,17,23,25,25,-20,7,5,23,6,10,20,3,10,8,8,16,9,7,12,8,9,4,9,-20,4,23,-20,-20,-20,5,6,3,-20,9,5,6,6,13,8,-20,6,-20,98,-20,30,43,51,10,-20,24,5,44,30,-20,50,3,5,4,20,17,4,-20,6,6,25,-20,3,6,-20,7,19,-20,6,7,-20,8,-20,-20,3,-20,-20,28,5,10,9,-20,-20,-20,16,7,6,10,-20,-20,6,-20,8,-20,7,3,9,14,8,15,4,14,10,4,11,11,5,8,-20,-20,-20,5,-20,12,15,5,4,9,-20,16,-20,-20,-20,9,4,5,5,-20,-20,17,12,-20,7,10,4,11,-20,-20,9,-20,6,11,15,4,-20,10,9,4,9,15,-20,-20,5,16,13,10,14,15,10,15,-20,10,12,11,13,11,-20,9,11,5,12,4,7,7,-20,4,-20,13,-20,-20,5,7,9,6,4,5,8,10,4,-20,6,7,4,3,4,4,4,4,3,-20,5,7,8,7,5,7,6,7,-20,-20,5,8,8,3,6,-20,9,11,-20,4,7,7,11,7,12,5,4,4,2,3,8,16,9,6,15,7,11,13,5,-20,9,8,17,16,11,11,7,23,9,5,9,4,-20,4,4,13,10,4,12,9,13,7,8,-20,14,16,6,-20,-20,-20,8,14,9,3,5,6,13,6,15,-20,3,-20,4,-20,5,6,4,6,6,14,5,3,5,8,-20,-20,8,-20,12,6,6,12,19,3,-20,5,5,4,-20,7,-20,8,9,10,14,12,12,12,-20,11,17,-20,6,10,8,22,16,9,10,5,6,12,-20,15,6,8,5,13,21,4,18,-20,7,19,20,10,6,10,-20,11,4,7,7,6,9,4,11,10,-20,-20,3,-20,7,5,7,4,2,4,9,8,11,7,-20,-20,-20,4,5,-20,-20,15,-20,-20,-20,-20,-20,-20,3,3,5,-20,6,-20,5,-20,-20,-20,3,3,-20,-20,-20,-20,6,-20,9,11,-20,14,10,-20,-20,-20,6,7,3,-20,-20,-20,5,-20,8,6,-20,6,11,41,8,8,-20,8,17,-20,4,11,9,7,8,6,-20,10,-20,4,15,6,3,7,17,5,10,-20,-20,-20,6,9,12,4,6,5,20,13,9,-20,-20,3,5,11,-20,4,-20,3,-20,-20,5,-20,3,-20,-20,7,-20,-20,-20,3,-20,-20,3,-20,3,-20,-20,-20,5,-20,-20,3,-20,4,-20,4,6,-20,5,-20,-20,-20,3,-20,4,3,3,6,-20,-20,-20,-20,-20,-20,-20,3,-20,-20,-20,-20,-20,-20,-20,-20,-20,2,3,-20,-20,2,-20,6,16,11,11,7,39,64,54,43,65,28,36,46,36,20,48
"chr4,7844619",3,-20,-20,-20,-20,-20,10,5,-20,-20,-20,3,30,26,12,7,36,4,75,46,25,3,26,32,34,31,15,30,7,-20,-20,-20,4,-20,37,42,20,18,15,-20,7,25,-20,8,5,23,11,-20,5,3,4,15,30,29,24,10,-20,48,22,37,14,20,23,38,25,35,15,22,37,14,12,14,16,22,25,34,11,5,17,13,5,19,16,4,8,45,34,41,16,11,11,23,37,33,24,28,12,30,5,42,16,11,9,6,15,31,-20,31,27,8,5,12,15,35,-20,3,54,8,5,5,6,-20,6,9,30,11,5,17,5,-20,38,-20,5,5,31,36,73,7,-20,-20,-20,3,11,11,41,-20,-20,53,5,-20,-20,-20,4,12,25,-20,-20,6,39,4,-20,-20,4,-20,-20,-20,4,9,-20,3,-20,28,12,4,-20,-20,-20,4,8,27,-20,-20,6,-20,-20,-20,4,5,-20,-20,11,8,5,-20,-20,-20,5,4,7,4,-20,14,-20,-20,-20,4,8,-20,-20,46,-20,11,16,4,-20,3,12,-20,-20,24,7,-20,-20,38,-20,-20,5,-20,10,-20,40,13,47,11,-20,5,3,7,4,-20,25,5,-20,-20,4,26,3,2,-20,39,-20,4,11,-20,5,5,-20,4,7,-20,6,-20,-20,-20,-20,11,14,3,8,6,7,3,-20,16,-20,-20,46,14,10,10,4,12,-20,16,-20,-20,-20,-20,-20,3,3,-20,-20,3,-20,-20,8,-20,-20,3,11,-20,5,3,5,16,19,4,25,19,27,33,24,-20,-20,-20,-20,5,19,45,11,19,15,10,5,8,-20,-20,-20,21,-20,-20,3,-20,17,-20,-20,43,79,21,-20,25,9,6,4,-20,-20,5,13,-20,9,3,5,4,-20,-20,-20,-20,4,-20,-20,12,4,6,2,-20,14,4,4,5,-20,6,4,18,5,3,4,44,4,5,-20,3,4,8,24,9,13,7,5,11,-20,-20,10,4,-20,-20,3,4,66,-20,-20,4,2,-20,14,7,12,6,-20,7,3,5,11,20,-20,5,-20,6,5,-20,5,-20,4,-20,-20,8,4,-20,16,25,6,3,59,3,10,-20,-20,-20,8,-20,-20,7,-20,-20,-20,-20,9,5,3,8,13,21,10,-20,3,3,13,-20,4,-20,-20,7,4,4,9,-20,7,3,-20,-20,3,9,-20,4,11,11,-20,-20,23,22,19,13,13,-20,-20,5,4,-20,-20,7,-20,4,8,7,11,13,-20,15,-20,-20,-20,-20,4,3,23,6,5,6,-20,-20,7,10,4,8,12,26,26,27,7,19,23,3,3,19,18,4,9,20,-20,-20,16,-20,-20,10,45,9,6,2,7,7,-20,7,13,8,14,-20,3,-20,-20,8,8,5,7,8,6,9,10,-20,26,-20,6,7,8,-20,14,4,18,-20,12,4,15,-20,4,6,-20,7,-20,-20,23,-20,15,29,17,24,25,22,-20,6,5,23,6,10,20,3,10,8,8,15,9,7,12,9,10,4,9,-20,4,22,-20,-20,-20,5,6,3,-20,9,5,7,7,14,8,-20,7,18,99,-20,32,43,53,10,-20,26,6,46,31,-20,48,3,5,4,23,19,5,-20,6,6,26,-20,3,6,-20,7,20,-20,-20,6,-20,8,-20,-20,3,-20,-20,29,5,10,9,-20,-20,-20,16,6,6,10,-20,-20,6,-20,8,-20,7,3,9,14,8,15,4,14,10,4,11,10,5,9,-20,-20,-20,5,8,11,17,6,4,9,-20,16,-20,-20,-20,9,5,-20,5,-20,-20,16,12,-20,7,11,4,10,-20,-20,9,-20,6,11,13,4,-20,11,9,4,10,15,5,-20,5,15,13,10,14,15,10,14,-20,10,12,11,13,11,-20,10,9,6,12,4,7,7,-20,4,-20,12,-20,-20,5,7,9,7,4,5,9,10,4,4,6,7,4,3,4,4,4,4,3,-20,4,7,8,7,6,6,6,7,-20,-20,5,8,8,3,6,-20,9,11,3,4,7,7,11,7,12,5,4,4,2,3,8,15,9,7,14,7,11,13,5,-20,9,8,17,17,11,11,7,22,9,5,9,4,-20,4,4,13,11,4,12,9,14,7,9,3,14,16,6,-20,-20,6,8,14,8,3,6,6,13,6,16,-20,3,-20,4,-20,5,6,4,7,6,16,5,3,6,8,-20,-20,8,-20,12,6,5,12,19,3,-20,5,5,4,-20,8,-20,8,9,10,14,12,12,12,-20,12,17,-20,8,10,8,23,16,9,10,5,6,13,-20,15,6,7,5,15,21,4,18,-20,7,19,21,10,7,10,-20,10,3,8,7,6,9,4,11,10,-20,-20,3,-20,6,6,7,4,-20,4,9,7,12,7,-20,-20,-20,4,5,-20,-20,15,-20,-20,-20,-20,-20,-20,3,3,5,-20,6,-20,4,-20,-20,-20,3,3,-20,-20,-20,-20,6,-20,9,12,-20,13,11,5,-20,-20,6,7,3,-20,-20,-20,5,-20,8,6,-20,6,12,41,8,8,5,8,17,-20,4,12,9,7,8,6,-20,11,-20,4,15,6,3,7,16,5,-20,-20,-20,-20,6,9,13,4,6,6,20,13,9,4,-20,3,4,10,-20,-20,-20,-20,-20,-20,5,-20,3,-20,-20,4,-20,4,2,3,-20,-20,-20,-20,3,-20,-20,-20,4,-20,-20,3,-20,-20,3,5,6,-20,4,-20,-20,-20,3,-20,-20,3,4,6,-20,2,4,-20,-20,-20,-20,4,-20,-20,-20,-20,-20,4,-20,-20,5,-20,-20,3,-20,2,-20,6,17,13,13,7,37,65,53,37,66,25,37,46,35,24,51
"chr4,7844624",3,-20,-20,-20,-20,-20,9,5,-20,-20,-20,3,29,26,11,8,37,4,74,46,25,5,26,31,33,31,14,30,7,-20,-20,-20,4,-20,38,40,20,17,15,-20,6,25,-20,7,5,26,12,-20,5,3,3,15,32,30,25,10,-20,52,22,37,16,20,22,37,23,37,16,24,39,13,13,14,18,21,26,33,12,5,18,11,5,21,16,6,9,49,33,38,16,10,11,26,38,37,25,31,11,28,4,43,14,11,9,5,16,34,-20,28,26,8,4,10,17,35,-20,3,53,9,6,4,6,-20,6,10,34,10,4,18,-20,-20,38,-20,5,5,33,36,69,6,3,-20,-20,3,8,11,36,-20,-20,50,5,-20,-20,-20,4,13,25,-20,-20,6,34,4,-20,-20,4,-20,-20,-20,4,8,-20,3,3,27,12,4,-20,-20,-20,3,8,27,-20,-20,6,-20,-20,-20,5,5,-20,-20,11,8,5,-20,-20,-20,6,4,7,4,-20,14,-20,-20,3,4,8,-20,-20,44,5,9,16,3,-20,3,12,-20,-20,24,7,-20,-20,41,-20,-20,5,3,10,-20,35,15,44,14,-20,4,2,7,4,-20,23,5,-20,-20,4,27,4,-20,-20,38,5,4,11,-20,-20,7,-20,4,7,2,6,5,-20,-20,-20,11,18,3,9,7,8,3,-20,14,4,-20,47,15,10,9,4,8,-20,20,-20,-20,-20,-20,-20,3,3,-20,-20,4,-20,-20,7,-20,-20,6,10,-20,3,-20,4,18,20,3,24,20,24,33,22,24,-20,-20,-20,6,17,52,12,21,16,-20,5,8,-20,-20,-20,22,-20,5,3,-20,16,-20,-20,42,65,17,-20,28,9,6,4,-20,-20,5,12,-20,8,-20,5,6,-20,-20,-20,-20,4,-20,-20,13,3,5,3,-20,15,5,4,5,-20,6,4,18,6,-20,4,40,4,4,3,3,5,8,26,8,13,8,5,9,-20,-20,9,4,-20,-20,3,4,59,2,-20,4,2,-20,13,7,12,4,-20,7,3,5,10,20,-20,5,-20,5,5,3,7,-20,5,-20,-20,10,4,-20,16,24,5,3,55,3,10,-20,-20,-20,8,-20,-20,7,-20,-20,-20,-20,9,5,3,8,17,17,11,-20,3,4,9,-20,4,3,3,6,4,4,9,-20,7,3,-20,-20,4,9,-20,4,10,10,-20,4,23,23,17,13,13,-20,-20,6,3,-20,-20,8,2,5,9,11,11,13,-20,18,-20,-20,-20,-20,5,-20,24,6,5,6,-20,-20,7,11,4,9,12,24,26,27,7,20,21,3,3,19,20,6,8,19,-20,-20,18,-20,-20,11,44,9,6,2,7,7,-20,8,13,8,14,-20,-20,-20,-20,8,8,6,7,7,7,8,10,2,25,-20,6,11,8,-20,15,4,20,-20,12,4,15,-20,4,5,-20,8,-20,-20,23,-20,15,30,19,21,29,22,-20,6,4,18,7,8,15,-20,7,6,8,16,10,8,10,9,10,4,8,-20,4,19,-20,4,-20,5,-20,-20,-20,8,5,7,7,14,8,-20,7,19,96,-20,32,43,52,9,-20,26,6,50,29,3,45,3,5,3,25,17,6,-20,6,6,28,-20,3,6,-20,7,17,-20,5,6,-20,8,-20,-20,3,-20,-20,28,5,14,-20,-20,-20,-20,12,5,6,10,-20,-20,6,-20,10,-20,7,3,10,14,10,18,4,14,10,6,10,10,-20,9,-20,-20,-20,7,8,10,16,6,4,10,-20,17,-20,-20,-20,8,6,6,5,-20,-20,16,12,-20,5,13,6,7,-20,-20,10,4,5,11,12,5,-20,11,9,5,9,17,-20,-20,6,15,11,11,14,14,9,14,7,10,12,9,15,11,-20,8,7,6,10,3,7,8,-20,4,4,10,-20,-20,6,7,8,6,4,4,9,10,4,4,5,9,4,3,5,4,4,3,3,-20,-20,9,6,8,5,6,7,6,-20,-20,-20,7,8,3,7,-20,8,9,4,5,7,7,10,7,12,4,5,4,2,4,9,13,8,7,16,6,13,10,4,-20,9,8,16,15,11,11,7,22,9,5,8,4,-20,3,7,12,11,4,10,9,13,6,9,4,14,17,7,-20,-20,6,8,14,9,3,6,7,14,5,16,-20,3,-20,4,-20,6,6,4,7,7,19,6,3,6,10,-20,-20,8,3,14,5,5,13,19,3,-20,5,5,5,-20,11,-20,10,10,7,14,12,13,10,-20,13,17,3,8,9,8,21,15,11,10,4,5,20,-20,13,4,8,6,17,22,5,16,-20,7,17,18,9,8,12,-20,9,4,6,6,6,9,4,11,9,-20,-20,3,3,7,8,7,5,3,4,9,9,12,9,3,-20,-20,5,5,-20,4,15,-20,-20,-20,-20,-20,-20,3,2,5,-20,6,-20,3,-20,-20,-20,3,4,-20,-20,-20,-20,6,-20,9,11,-20,11,10,5,-20,-20,-20,5,3,-20,-20,-20,5,-20,7,5,-20,7,11,39,9,7,5,7,15,-20,6,12,8,7,8,7,-20,11,-20,4,12,6,2,7,13,5,9,-20,-20,-20,6,9,14,4,6,6,20,12,10,5,-20,3,3,11,-20,3,-20,-20,-20,-20,-20,-20,4,2,-20,7,-20,-20,3,-20,-20,-20,-20,-20,3,-20,-20,-20,-20,-20,-20,-20,-20,4,3,5,6,-20,5,-20,-20,3,3,-20,5,4,4,6,-20,-20,4,-20,-20,-20,2,-20,-20,3,-20,3,-20,3,-20,-20,-20,-20,3,3,-20,2,-20,5,18,14,13,6,38,63,51,26,66,24,41,45,37,25,53
"chr4,7844626",3,-20,-20,-20,-20,-20,9,5,-20,-20,-20,4,28,26,11,8,38,5,72,46,25,5,25,31,30,31,14,29,7,-20,-20,-20,4,-20,38,41,20,17,15,-20,6,26,-20,6,5,26,12,-20,6,3,3,14,34,29,24,10,-20,49,22,36,16,21,24,39,22,37,16,23,40,13,14,14,18,22,27,32,13,5,18,9,5,21,16,6,9,51,31,38,18,10,11,22,38,38,26,31,11,29,4,43,14,11,9,5,15,31,5,28,26,8,4,10,20,35,-20,3,53,9,6,4,6,-20,6,10,33,10,4,22,5,-20,39,-20,5,5,32,40,69,6,3,-20,-20,3,8,11,32,-20,-20,54,5,-20,-20,-20,4,13,24,-20,-20,6,34,4,-20,-20,4,-20,-20,-20,4,8,-20,-20,4,29,12,4,-20,-20,-20,3,8,27,-20,-20,6,-20,-20,-20,5,5,-20,-20,11,8,5,3,-20,-20,6,4,7,3,-20,14,-20,-20,3,4,10,-20,-20,45,5,9,16,3,-20,3,12,-20,-20,22,7,-20,3,42,-20,-20,5,3,10,-20,36,16,43,14,-20,4,2,-20,4,-20,22,5,-20,-20,4,28,4,-20,-20,36,5,6,10,-20,3,7,-20,4,7,-20,6,4,-20,-20,-20,10,18,3,10,-20,8,3,-20,16,4,-20,47,15,10,10,4,8,-20,20,-20,-20,-20,-20,-20,2,3,-20,-20,4,-20,-20,4,-20,-20,6,10,-20,3,-20,4,18,19,3,26,21,22,30,23,26,-20,-20,-20,6,16,52,12,21,16,10,5,8,-20,-20,-20,23,-20,5,3,-20,16,-20,-20,43,67,17,-20,26,9,6,4,-20,-20,5,11,-20,8,-20,5,6,-20,-20,-20,-20,4,-20,-20,13,3,6,3,-20,14,5,4,4,-20,6,4,18,6,-20,4,39,4,4,3,3,5,8,27,8,13,9,5,10,-20,-20,9,4,-20,-20,4,4,55,2,-20,4,2,-20,12,7,12,4,-20,7,3,5,10,20,-20,5,-20,5,5,3,7,-20,5,-20,-20,-20,5,-20,16,22,6,3,52,3,10,-20,-20,-20,8,-20,-20,7,-20,-20,-20,-20,-20,5,4,11,18,17,11,-20,3,4,9,-20,4,3,3,7,5,4,10,-20,-20,3,-20,-20,4,9,-20,4,8,10,-20,4,24,23,16,14,13,-20,-20,6,3,-20,-20,9,2,5,-20,11,11,13,-20,18,-20,-20,-20,-20,-20,-20,24,6,6,7,-20,-20,7,11,4,9,12,25,26,26,7,21,21,3,3,20,21,6,8,18,-20,-20,18,-20,-20,9,42,9,6,2,8,6,-20,8,13,8,13,-20,-20,-20,-20,8,8,7,7,7,7,9,10,2,26,-20,6,11,-20,-20,14,3,21,-20,12,4,15,-20,4,5,-20,8,-20,-20,23,10,15,31,18,24,30,23,-20,6,4,18,7,8,15,3,7,6,8,15,10,8,10,9,10,4,8,-20,4,19,-20,4,-20,5,8,-20,-20,8,5,7,7,14,8,-20,6,-20,93,-20,31,43,52,11,-20,26,6,49,26,3,47,3,5,4,27,18,6,-20,6,6,28,-20,3,8,-20,7,18,-20,5,6,-20,9,-20,-20,3,-20,-20,28,5,14,10,-20,-20,-20,12,5,6,10,-20,-20,6,-20,10,-20,7,3,10,14,10,18,4,14,10,6,10,10,6,9,-20,-20,-20,7,8,10,17,6,4,10,-20,17,-20,-20,-20,8,6,6,5,-20,-20,16,12,-20,5,13,6,7,-20,-20,10,4,5,11,12,5,-20,11,9,5,9,17,4,-20,5,15,11,11,14,14,9,14,7,10,12,9,15,11,-20,8,7,6,10,3,7,8,-20,4,4,10,-20,-20,6,7,8,6,-20,5,9,10,4,4,5,9,4,3,5,4,4,3,3,-20,-20,9,6,8,5,6,8,6,-20,3,4,7,8,3,7,-20,8,9,4,5,7,7,10,7,12,4,5,4,2,4,9,13,8,7,16,6,12,10,4,-20,9,7,16,15,11,11,7,22,9,5,8,4,-20,3,7,12,11,4,10,9,13,6,9,4,14,17,7,-20,-20,6,8,13,9,3,6,7,14,5,16,-20,3,-20,4,-20,6,6,4,7,7,19,6,3,6,13,-20,-20,8,3,14,5,5,13,19,3,-20,5,5,5,-20,13,-20,10,10,7,14,13,13,10,-20,12,17,3,8,9,8,21,15,11,11,4,5,20,-20,13,4,8,6,18,22,5,14,3,7,17,18,10,8,12,-20,9,4,6,6,6,9,4,11,9,-20,-20,3,3,7,8,7,5,3,4,9,9,12,9,3,-20,-20,4,5,-20,4,15,-20,-20,-20,-20,-20,-20,3,2,5,-20,6,-20,3,-20,-20,-20,3,4,-20,-20,-20,-20,6,-20,9,11,-20,11,8,5,-20,-20,6,6,3,-20,-20,-20,5,-20,7,5,-20,7,11,40,9,7,5,7,15,-20,6,12,7,7,8,7,-20,11,-20,4,12,6,2,7,13,5,9,-20,-20,-20,6,9,14,4,6,6,20,12,10,5,-20,-20,3,10,-20,-20,-20,-20,-20,-20,-20,-20,4,2,-20,6,-20,3,3,-20,3,-20,-20,-20,3,-20,-20,-20,2,-20,-20,-20,-20,3,3,5,4,-20,-20,-20,-20,-20,3,-20,5,-20,5,6,-20,-20,5,-20,3,2,-20,2,-20,3,-20,3,-20,4,-20,-20,-20,-20,-20,2,-20,2,-20,4,18,14,12,6,37,62,50,26,66,28,43,44,37,26,53
"chr4,7844628",3,-20,-20,-20,-20,-20,10,5,-20,-20,-20,4,29,27,11,8,37,5,71,47,25,5,24,32,28,33,14,29,6,-20,-20,-20,4,-20,39,38,22,18,15,-20,6,26,-20,6,5,26,13,20,6,3,3,13,34,31,24,10,14,48,22,36,16,22,24,37,21,39,16,25,41,13,15,13,18,21,27,32,12,5,18,9,5,21,16,7,9,51,31,38,18,-20,11,22,39,38,28,31,11,29,4,43,13,10,9,5,15,32,5,28,25,8,-20,10,20,36,-20,3,52,8,6,3,6,-20,6,10,34,8,4,22,4,-20,39,-20,5,5,32,41,69,6,3,-20,-20,3,7,9,30,-20,-20,57,5,-20,3,-20,4,13,23,-20,-20,6,38,3,-20,-20,4,-20,-20,-20,4,8,3,-20,4,29,12,4,-20,-20,-20,3,9,25,-20,-20,5,-20,-20,-20,5,5,-20,-20,11,7,6,3,-20,-20,6,4,7,3,-20,13,-20,-20,3,4,10,-20,-20,45,5,9,16,3,-20,3,13,-20,-20,23,6,-20,-20,39,-20,-20,5,4,9,-20,35,16,45,12,-20,4,2,7,2,-20,23,5,-20,-20,4,29,3,-20,-20,37,5,6,11,-20,3,7,-20,4,7,4,5,3,-20,-20,-20,10,18,3,10,7,8,3,-20,16,4,-20,47,14,10,10,4,8,-20,20,-20,-20,-20,-20,-20,2,3,-20,-20,4,-20,-20,4,-20,-20,6,11,-20,3,-20,4,17,19,3,26,20,22,29,23,24,-20,-20,-20,7,15,57,11,21,16,10,5,8,-20,-20,-20,24,-20,5,3,-20,15,-20,-20,40,66,18,-20,26,9,6,4,-20,-20,5,12,-20,8,-20,5,5,-20,-20,-20,-20,4,-20,-20,12,3,6,-20,-20,14,5,4,-20,-20,6,4,18,5,-20,-20,39,4,3,3,3,5,8,29,8,13,-20,4,10,-20,-20,9,-20,-20,-20,4,4,54,2,-20,4,-20,-20,12,7,12,4,-20,7,3,5,10,20,3,5,-20,5,5,3,7,-20,5,-20,-20,9,5,-20,15,22,6,3,52,3,10,-20,-20,-20,8,-20,-20,-20,-20,-20,-20,-20,9,3,4,11,18,16,11,-20,3,4,12,-20,4,3,3,7,5,4,11,-20,-20,3,-20,-20,4,9,-20,4,9,10,-20,4,23,25,16,13,11,-20,-20,6,3,-20,-20,9,-20,5,8,13,12,12,-20,18,-20,-20,-20,-20,5,-20,23,6,6,7,-20,-20,7,13,4,8,13,25,26,23,7,21,21,3,3,20,22,6,8,18,-20,-20,18,-20,-20,9,42,-20,6,2,9,6,-20,8,13,-20,14,-20,-20,-20,-20,7,6,7,7,6,7,9,11,3,26,-20,5,13,8,-20,14,3,21,-20,13,4,15,-20,4,5,-20,7,-20,-20,23,-20,15,31,17,24,30,22,3,6,4,16,7,-20,15,4,6,5,8,17,10,8,10,9,10,4,8,-20,4,19,-20,4,-20,6,9,-20,-20,8,6,7,7,14,8,-20,5,19,92,-20,29,40,52,11,-20,26,8,48,26,5,44,3,3,5,28,18,6,-20,6,6,29,-20,3,8,-20,7,19,-20,6,7,-20,9,-20,-20,3,-20,-20,30,4,14,10,-20,-20,-20,12,5,6,10,-20,-20,6,-20,10,-20,8,3,10,14,10,17,4,14,10,7,10,10,6,9,-20,-20,-20,7,-20,10,18,6,4,9,-20,17,-20,-20,-20,8,6,5,5,-20,-20,16,12,-20,4,12,6,7,-20,-20,10,4,5,11,11,6,-20,11,9,5,8,17,4,-20,5,16,11,11,14,14,9,14,7,11,11,9,15,11,-20,8,6,6,9,3,7,9,-20,4,4,10,-20,-20,6,7,8,-20,4,5,9,10,4,5,5,9,4,3,5,4,3,3,3,3,-20,9,6,8,5,6,8,6,-20,3,4,7,9,3,8,-20,8,9,4,5,9,-20,10,7,12,4,5,4,2,4,9,13,8,7,16,6,11,10,4,-20,9,7,16,15,10,11,7,22,9,5,8,4,-20,3,7,12,11,4,10,9,14,7,9,-20,16,17,7,-20,-20,6,8,13,9,3,6,7,14,5,15,-20,3,-20,4,-20,5,6,4,7,7,20,6,3,6,13,-20,-20,9,-20,13,5,6,13,19,3,-20,5,6,5,-20,-20,-20,11,10,7,13,13,13,10,-20,12,18,3,8,9,8,20,15,10,11,4,5,20,-20,14,4,7,5,18,22,5,15,3,7,19,18,10,8,12,-20,9,4,6,6,6,9,4,11,9,-20,-20,3,3,8,8,7,5,3,4,9,8,12,9,3,-20,-20,4,5,-20,4,15,-20,-20,-20,-20,-20,-20,3,2,5,-20,6,-20,4,-20,-20,-20,3,4,-20,-20,-20,3,6,-20,9,11,-20,11,8,5,-20,-20,7,6,3,-20,-20,-20,5,-20,7,5,-20,7,11,40,9,6,5,7,15,-20,6,12,7,7,8,7,-20,11,-20,4,13,6,2,7,13,5,9,-20,-20,-20,6,9,14,4,6,7,20,11,10,4,-20,-20,3,11,-20,-20,-20,-20,5,-20,4,-20,4,-20,-20,6,-20,3,-20,-20,3,-20,-20,3,3,-20,-20,-20,2,3,-20,-20,-20,4,3,5,4,-20,5,-20,-20,-20,3,-20,5,-20,5,5,-20,-20,5,-20,3,-20,-20,3,-20,-20,-20,2,-20,3,-20,-20,-20,-20,-20,-20,-20,2,-20,4,18,14,10,6,35,62,53,25,66,28,47,43,36,26,55
"chr4,7844631",3,-20,-20,-20,-20,-20,10,5,-20,-20,-20,4,28,28,11,10,36,7,72,46,25,5,24,33,27,31,14,29,6,-20,-20,-20,4,-20,41,36,21,17,12,-20,6,28,-20,5,5,28,12,22,7,3,5,14,37,31,27,11,17,48,21,34,14,23,23,36,20,38,15,25,41,13,14,14,18,24,27,32,11,5,19,11,6,19,16,8,9,49,33,39,20,9,12,22,41,39,28,31,11,30,5,39,14,9,10,5,14,35,5,28,25,8,-20,10,20,37,3,3,54,8,6,3,6,-20,6,13,36,8,4,22,4,-20,36,-20,5,5,35,40,67,5,4,-20,-20,-20,7,8,28,-20,-20,56,5,-20,3,-20,3,13,24,-20,-20,6,39,3,-20,-20,5,-20,-20,3,4,7,3,-20,4,28,16,4,-20,4,-20,3,10,23,-20,-20,9,-20,2,-20,5,7,-20,-20,10,7,6,3,-20,3,7,4,6,3,-20,12,-20,-20,3,3,10,12,-20,46,5,10,17,3,-20,-20,13,-20,3,23,6,-20,3,41,-20,-20,4,4,12,11,34,17,44,14,-20,4,3,7,-20,3,23,6,-20,-20,5,27,3,-20,-20,36,6,6,10,3,3,7,-20,4,7,4,5,4,6,-20,-20,11,19,3,14,7,8,3,4,17,4,-20,46,14,10,10,4,8,-20,20,-20,-20,-20,-20,-20,-20,3,10,-20,6,-20,15,3,-20,-20,6,-20,-20,3,-20,4,18,19,3,24,20,23,30,22,23,-20,-20,-20,7,14,58,10,21,17,10,4,9,-20,-20,3,24,-20,5,3,-20,16,-20,-20,40,64,17,-20,25,8,7,4,-20,-20,5,13,-20,7,-20,5,-20,-20,-20,-20,-20,4,-20,-20,12,3,6,-20,-20,14,5,3,-20,-20,6,4,18,5,-20,-20,42,4,3,4,4,5,9,29,8,12,12,4,10,-20,-20,9,-20,-20,-20,4,4,52,2,-20,4,-20,8,12,7,10,4,-20,7,-20,5,10,20,3,5,-20,5,5,3,8,-20,5,-20,-20,8,5,-20,15,18,6,3,51,3,10,-20,-20,-20,8,-20,-20,5,-20,-20,-20,-20,8,3,4,12,18,14,11,-20,3,4,11,-20,6,3,3,5,6,4,9,-20,-20,3,-20,-20,4,10,-20,4,8,11,-20,4,24,25,16,18,11,-20,-20,6,3,-20,-20,10,-20,5,9,14,13,14,-20,17,-20,-20,-20,-20,-20,-20,23,7,6,7,-20,-20,7,13,4,8,15,24,24,24,8,23,23,3,5,20,22,5,7,17,-20,-20,19,-20,-20,9,41,9,6,2,9,6,-20,7,14,8,14,-20,-20,-20,-20,7,6,7,7,5,7,9,10,4,22,-20,5,12,8,-20,13,5,19,-20,13,4,15,-20,5,6,-20,7,-20,5,24,11,15,32,18,25,29,21,3,6,4,17,7,7,14,4,6,7,8,18,10,8,10,9,10,4,7,-20,5,19,-20,4,-20,6,9,-20,-20,8,6,7,7,14,8,-20,6,21,93,14,29,41,53,10,5,25,9,49,28,5,50,3,6,5,28,19,-20,-20,7,6,29,-20,3,8,-20,7,19,4,6,7,-20,10,4,-20,3,-20,-20,32,4,14,11,4,-20,-20,12,5,7,10,-20,4,6,-20,10,-20,9,3,10,13,9,16,4,14,11,7,10,9,-20,9,-20,-20,-20,8,8,12,18,6,4,-20,3,17,-20,3,-20,8,6,5,5,-20,7,16,12,-20,4,13,6,7,-20,4,10,4,5,11,11,6,-20,11,-20,5,8,17,3,4,5,16,10,11,15,14,9,15,8,11,11,9,15,11,-20,7,8,6,9,3,7,9,-20,4,-20,9,-20,3,7,7,8,6,4,5,9,10,3,5,7,9,4,3,6,4,4,3,3,3,-20,9,7,8,6,6,8,6,-20,4,3,7,9,-20,8,-20,7,7,4,6,9,7,-20,7,12,4,5,4,5,4,10,13,9,8,16,5,12,9,4,-20,9,8,16,14,10,11,8,21,9,5,8,4,3,3,7,13,11,4,10,11,15,7,9,4,14,17,7,-20,-20,6,9,13,9,3,6,7,13,5,15,-20,3,-20,4,-20,4,6,4,8,7,21,6,3,6,-20,-20,-20,9,-20,13,5,7,12,19,3,-20,4,6,5,-20,18,-20,11,11,6,12,11,13,10,-20,12,17,3,9,9,8,21,15,10,11,4,5,21,-20,14,4,7,5,20,22,5,13,3,7,18,17,10,8,13,-20,9,4,7,6,7,8,4,11,9,-20,-20,3,3,8,9,7,5,3,4,9,8,12,10,3,3,-20,4,6,-20,4,16,-20,-20,-20,-20,-20,-20,4,2,5,-20,6,-20,5,-20,-20,-20,3,4,4,-20,-20,3,6,3,9,10,-20,9,8,7,-20,-20,7,7,3,-20,-20,-20,5,-20,7,5,3,7,11,38,8,6,6,7,15,-20,6,12,8,6,9,8,-20,11,-20,5,13,5,2,6,13,-20,10,-20,-20,-20,6,10,13,5,6,7,19,11,12,4,-20,-20,3,11,-20,-20,3,-20,5,-20,4,-20,4,-20,2,6,-20,3,-20,-20,3,-20,-20,3,3,-20,-20,-20,2,3,-20,-20,-20,4,3,5,5,4,4,-20,-20,-20,4,-20,4,-20,5,-20,-20,2,5,-20,5,-20,2,3,-20,3,-20,3,-20,3,-20,-20,-20,-20,-20,4,-20,2,6,5,20,14,11,6,36,62,52,26,66,28,47,44,38,26,58
"chr4,7844634",3,-20,-20,-20,-20,-20,10,5,-20,-20,-20,4,30,30,12,12,36,8,70,43,27,-20,25,33,28,31,15,28,6,-20,-20,-20,4,-20,41,36,21,19,12,-20,6,30,-20,6,5,31,12,23,7,3,6,14,39,30,25,11,18,50,22,32,14,23,24,35,21,38,16,25,41,13,15,14,17,24,28,31,10,5,20,11,7,19,17,9,11,51,33,40,20,11,12,24,38,41,31,30,12,28,5,38,12,10,10,6,14,38,5,29,26,10,-20,10,20,37,3,3,51,9,6,4,7,-20,8,13,37,8,4,25,6,-20,37,3,5,5,34,41,70,5,5,-20,-20,4,5,9,30,-20,-20,56,5,-20,4,-20,4,13,24,-20,-20,6,37,3,3,-20,5,-20,-20,3,6,7,3,-20,4,29,13,4,-20,4,-20,3,10,22,-20,-20,10,-20,2,-20,6,5,-20,-20,16,7,6,3,-20,3,7,4,5,3,-20,13,-20,-20,3,3,10,12,-20,44,5,10,16,3,-20,7,13,-20,3,22,6,-20,3,41,-20,-20,4,4,12,11,33,18,42,14,-20,4,3,7,2,3,22,6,-20,-20,4,27,3,3,-20,37,6,7,10,3,3,9,4,4,7,4,4,5,6,-20,-20,13,19,3,14,9,8,3,4,17,4,2,44,14,10,11,4,10,-20,20,-20,-20,-20,-20,-20,-20,3,10,-20,7,3,15,3,-20,-20,6,12,-20,5,-20,4,17,18,3,22,20,23,30,22,23,-20,-20,-20,7,15,58,10,21,16,8,4,9,-20,-20,3,23,-20,5,3,-20,16,-20,-20,39,63,16,3,22,9,7,3,-20,-20,5,13,-20,6,-20,5,6,-20,-20,-20,-20,4,-20,-20,12,-20,6,3,-20,14,5,3,-20,-20,6,4,19,4,-20,4,40,4,3,5,4,5,10,31,8,11,12,4,10,-20,-20,9,-20,-20,-20,6,4,45,2,-20,4,-20,8,12,7,9,5,-20,7,-20,5,10,18,3,6,-20,5,4,3,7,-20,5,-20,-20,9,5,-20,15,17,6,3,55,3,8,-20,-20,-20,8,-20,-20,5,-20,-20,-20,-20,8,3,4,13,18,15,11,-20,3,4,11,-20,6,3,3,4,6,4,10,-20,-20,3,-20,-20,4,11,-20,4,8,12,-20,5,24,25,15,18,12,-20,-20,6,3,-20,-20,10,-20,5,10,17,12,13,-20,17,-20,-20,-20,-20,5,-20,22,8,6,7,-20,-20,9,13,4,7,15,25,25,25,8,24,24,4,6,18,21,5,7,16,-20,-20,20,-20,-20,9,39,9,7,2,8,5,-20,7,14,8,14,-20,-20,-20,-20,7,5,7,8,6,7,10,10,5,21,-20,5,13,7,-20,14,4,21,-20,13,4,15,-20,5,7,-20,-20,-20,5,24,-20,16,31,18,24,32,23,3,6,4,21,7,9,15,4,7,8,9,18,13,9,9,9,13,6,7,-20,5,19,-20,4,-20,6,10,-20,-20,8,6,7,7,14,9,-20,6,21,94,15,29,40,52,10,5,26,9,51,27,5,47,4,6,5,28,20,6,-20,7,7,30,-20,3,8,-20,7,19,4,6,7,-20,10,4,-20,4,-20,-20,34,4,15,12,5,-20,-20,12,6,8,10,-20,4,6,-20,10,-20,10,3,10,13,7,17,4,15,10,7,14,11,7,9,3,-20,-20,8,9,13,18,6,5,11,5,16,-20,4,-20,8,6,5,6,-20,7,16,11,-20,-20,13,6,5,-20,3,11,4,5,11,13,9,-20,12,9,5,10,18,3,4,5,17,10,11,15,14,10,15,8,11,11,11,14,12,-20,8,8,8,9,4,7,9,-20,4,7,10,5,3,8,7,9,6,5,5,10,10,4,5,7,10,5,3,7,4,5,3,3,6,-20,10,9,8,9,6,9,7,-20,5,3,8,9,4,9,-20,7,7,4,6,9,7,14,8,13,4,5,4,5,6,11,13,9,8,17,5,12,7,5,-20,9,9,16,15,11,12,8,22,10,7,9,5,3,3,8,15,11,4,10,12,17,6,12,5,15,17,7,-20,-20,7,9,14,9,3,5,6,16,6,16,3,5,-20,5,-20,4,9,4,11,7,21,6,3,8,-20,-20,-20,9,-20,14,7,7,15,21,3,-20,3,5,5,-20,19,-20,12,12,7,13,11,11,11,-20,12,17,3,9,10,10,24,16,9,12,4,5,24,-20,13,4,8,5,20,25,6,13,3,9,19,18,13,8,13,-20,10,4,7,6,9,10,4,12,9,-20,-20,3,3,8,-20,7,6,-20,4,9,8,12,10,3,6,-20,5,8,-20,6,18,-20,-20,-20,-20,-20,-20,4,2,6,-20,6,-20,6,-20,-20,-20,3,4,4,-20,-20,-20,6,3,9,10,-20,9,8,9,3,-20,8,7,3,3,-20,-20,5,-20,7,6,4,6,11,39,10,5,6,8,15,-20,6,14,10,7,10,8,-20,13,-20,6,15,5,2,9,13,-20,11,-20,-20,-20,6,11,13,5,6,7,20,11,12,4,-20,-20,-20,11,-20,-20,-20,-20,4,-20,4,-20,-20,-20,2,5,-20,3,3,-20,3,-20,-20,4,-20,-20,-20,-20,2,3,-20,-20,-20,-20,-20,6,-20,5,-20,-20,-20,-20,5,-20,4,-20,5,4,-20,-20,4,4,6,-20,-20,-20,-20,3,-20,-20,-20,5,-20,-20,-20,-20,-20,3,3,2,7,5,20,14,12,7,35,60,51,14,66,36,53,41,41,24,62
"chr4,7844636",3,-20,-20,-20,-20,-20,10,5,-20,-20,-20,5,28,32,13,12,35,8,70,42,27,5,27,34,29,33,16,29,7,-20,-20,-20,4,-20,39,38,22,19,12,-20,6,29,-20,4,5,31,11,23,7,3,6,15,39,31,24,11,19,49,22,33,14,22,23,35,23,39,16,26,41,13,15,15,17,24,28,31,11,5,20,11,8,20,16,10,11,51,32,41,21,12,13,23,38,42,31,28,12,28,-20,37,13,10,10,6,14,38,5,29,25,10,-20,10,22,40,3,3,53,9,6,4,6,-20,8,13,36,8,4,25,6,-20,38,3,5,5,35,42,69,5,5,-20,-20,4,5,-20,31,-20,-20,56,5,-20,4,3,4,13,24,-20,-20,6,39,4,3,-20,5,-20,-20,3,6,7,3,-20,4,29,13,4,-20,4,-20,3,10,19,3,-20,10,-20,2,-20,6,5,-20,-20,16,7,6,3,-20,4,7,4,5,3,-20,13,3,-20,3,3,10,16,-20,47,5,9,16,3,-20,6,13,-20,3,23,8,-20,3,38,-20,-20,4,4,11,12,34,18,42,15,-20,4,3,7,2,3,22,6,-20,-20,4,27,3,3,-20,35,6,6,10,4,3,10,5,3,7,4,4,4,6,-20,-20,13,19,-20,14,10,7,3,4,17,4,2,45,15,10,10,4,10,-20,20,-20,-20,-20,-20,-20,2,-20,11,-20,7,3,15,3,-20,-20,6,13,-20,5,-20,4,17,18,3,23,21,24,31,23,23,-20,-20,-20,7,15,58,10,21,18,9,4,8,-20,-20,3,23,-20,5,3,-20,15,-20,-20,45,64,16,3,23,11,7,3,-20,-20,5,13,-20,6,-20,5,5,-20,-20,-20,-20,4,-20,2,12,-20,6,3,-20,14,5,3,-20,-20,4,4,19,4,-20,4,40,4,3,5,3,5,10,32,8,11,12,4,11,-20,-20,9,-20,-20,-20,6,4,42,2,-20,4,-20,8,12,7,9,5,-20,6,-20,5,11,17,3,6,-20,6,4,3,7,-20,6,-20,-20,9,8,-20,15,17,6,3,54,3,8,-20,-20,-20,8,-20,-20,5,-20,-20,-20,-20,7,3,4,13,20,16,11,-20,3,4,11,-20,7,3,3,5,5,4,10,-20,-20,3,-20,-20,4,11,-20,4,8,12,-20,6,24,24,15,18,12,-20,-20,6,3,-20,-20,10,-20,5,11,17,12,13,-20,17,-20,-20,-20,-20,5,-20,22,8,6,7,-20,-20,9,15,4,6,15,28,23,26,8,23,25,4,6,19,21,5,7,18,-20,-20,20,-20,-20,9,40,9,7,2,8,-20,-20,6,14,8,14,-20,-20,-20,-20,6,5,7,8,6,-20,10,10,5,21,-20,5,14,8,-20,14,4,20,-20,14,4,14,-20,5,7,-20,-20,-20,5,24,13,18,30,18,24,34,23,3,6,4,21,7,9,15,-20,7,8,9,18,13,9,9,9,13,6,7,-20,5,20,-20,4,-20,6,10,-20,-20,8,6,7,7,14,9,-20,5,21,92,14,29,43,53,10,4,25,9,49,28,5,46,4,6,5,30,21,6,-20,7,7,30,-20,3,8,-20,6,19,4,5,7,-20,10,5,-20,4,3,-20,33,4,15,12,5,-20,-20,12,6,8,10,-20,4,6,-20,10,-20,10,3,10,13,7,17,4,15,11,7,14,11,7,9,3,-20,-20,8,9,13,18,6,5,11,5,16,-20,5,-20,8,-20,5,6,-20,7,17,11,-20,9,13,6,5,-20,3,11,3,5,11,13,9,-20,12,9,5,10,18,2,4,4,17,10,11,15,14,10,15,8,11,11,11,14,12,-20,8,8,8,9,4,7,9,-20,4,7,10,5,3,8,8,9,6,5,5,10,10,4,5,7,10,5,3,7,4,5,-20,3,-20,2,10,9,8,-20,6,9,8,-20,5,3,8,9,4,9,-20,7,7,4,6,9,7,14,8,13,4,5,4,5,6,11,14,9,8,17,5,12,7,5,-20,9,9,15,14,11,12,8,22,10,7,9,5,3,3,8,15,11,4,10,12,17,6,12,5,16,17,7,-20,-20,7,9,14,8,3,5,6,17,6,16,3,5,-20,6,-20,4,9,4,11,7,21,6,3,7,-20,-20,-20,9,-20,14,7,7,14,21,3,-20,3,5,6,-20,17,3,12,12,7,13,11,11,11,-20,12,17,3,9,10,10,24,16,9,13,4,4,24,-20,13,4,8,5,20,25,6,14,3,9,18,18,13,8,12,9,10,4,7,6,9,10,4,12,9,-20,-20,-20,3,8,9,7,6,-20,4,9,8,12,10,3,6,-20,5,8,-20,6,18,-20,-20,-20,-20,-20,-20,4,2,6,-20,6,-20,6,-20,-20,-20,3,4,4,-20,-20,-20,6,3,9,10,-20,8,8,9,3,-20,8,7,3,3,-20,2,6,-20,7,6,4,6,10,39,9,5,6,8,15,-20,6,14,10,7,10,7,-20,13,-20,6,15,5,-20,9,13,-20,11,-20,-20,-20,6,11,13,5,6,7,20,11,12,5,-20,-20,-20,9,-20,-20,3,-20,-20,-20,-20,-20,5,-20,2,5,-20,2,-20,-20,3,-20,-20,4,-20,-20,-20,-20,2,-20,-20,-20,-20,-20,-20,5,-20,4,4,-20,-20,-20,5,-20,6,3,5,4,-20,3,3,4,6,-20,3,-20,-20,-20,-20,3,-20,5,-20,-20,-20,-20,-20,3,3,-20,9,5,20,15,13,7,34,59,51,26,66,36,51,41,40,25,63
"chr4,7844638",-20,-20,-20,-20,-20,-20,10,5,-20,-20,-20,5,28,32,12,12,36,8,68,41,29,5,28,32,30,34,17,30,7,-20,-20,-20,4,-20,40,37,21,20,12,5,6,30,-20,4,6,31,12,25,7,3,6,15,41,31,25,11,21,49,21,32,16,21,23,34,23,36,16,26,43,-20,15,15,17,24,29,30,11,5,20,11,8,20,14,10,10,50,31,40,21,12,13,23,38,43,32,30,12,27,-20,36,13,9,10,8,15,38,5,33,24,12,4,10,23,39,3,3,53,-20,6,4,7,-20,8,13,37,8,4,25,6,-20,39,3,5,5,35,40,69,5,5,-20,-20,4,5,9,31,-20,-20,53,5,-20,4,3,3,12,23,-20,-20,6,37,4,3,-20,5,-20,-20,3,6,7,3,-20,4,29,13,4,-20,4,-20,3,10,18,3,-20,10,-20,2,-20,6,5,-20,-20,15,6,6,3,-20,6,7,4,5,3,-20,12,4,-20,3,3,13,16,-20,51,5,8,16,3,-20,6,13,-20,3,23,8,-20,-20,35,-20,-20,4,4,12,12,34,19,41,14,-20,4,3,7,2,3,22,6,-20,-20,4,25,3,3,-20,33,6,6,9,4,3,10,5,3,7,4,4,4,6,-20,-20,13,19,-20,14,10,7,3,4,17,4,2,44,15,11,10,4,9,-20,20,-20,-20,-20,-20,-20,2,-20,11,-20,7,5,15,3,-20,5,6,12,-20,-20,-20,4,16,19,3,22,22,25,32,23,23,-20,-20,-20,7,14,58,10,22,17,10,5,8,-20,-20,3,23,-20,5,3,-20,15,-20,-20,44,63,15,3,22,10,7,2,-20,-20,4,13,-20,6,-20,5,5,-20,-20,-20,-20,4,-20,2,13,-20,6,3,-20,14,5,3,-20,-20,4,4,20,4,-20,3,39,4,3,-20,3,5,10,31,8,11,12,4,11,-20,-20,8,-20,-20,-20,6,4,43,2,-20,4,-20,8,12,7,9,5,-20,7,-20,5,10,15,4,6,-20,6,4,3,7,-20,7,-20,-20,9,8,-20,17,18,6,-20,54,3,8,-20,-20,-20,8,-20,-20,5,-20,-20,-20,-20,9,3,4,13,20,16,11,-20,3,4,11,-20,7,3,3,5,5,4,10,3,-20,3,-20,-20,4,11,-20,4,8,13,-20,6,27,26,14,17,12,-20,-20,5,3,-20,-20,10,-20,5,10,17,12,12,-20,16,-20,-20,-20,-20,6,-20,22,8,6,7,-20,-20,9,14,4,7,15,27,24,26,8,23,24,4,6,19,21,5,7,17,-20,-20,20,-20,-20,9,40,9,7,2,9,-20,-20,7,14,8,15,5,-20,-20,-20,6,5,7,8,6,7,10,10,5,22,-20,6,14,8,-20,14,4,20,-20,14,4,14,-20,5,7,-20,9,-20,5,24,13,17,30,18,24,34,23,3,6,5,22,8,9,16,-20,9,9,9,18,13,10,9,9,15,6,8,-20,5,20,-20,4,-20,6,10,4,-20,8,-20,6,7,14,9,-20,3,21,90,15,30,44,52,10,5,26,9,48,28,5,49,5,6,5,31,21,6,-20,7,7,30,-20,3,8,-20,6,19,4,5,7,3,10,5,-20,3,-20,-20,32,5,15,11,5,-20,-20,12,6,8,10,-20,4,6,-20,10,3,12,3,11,14,7,17,4,15,11,7,15,11,7,9,3,-20,-20,9,9,14,17,6,7,11,5,16,-20,5,-20,8,7,7,6,-20,7,16,12,-20,9,13,6,4,-20,3,11,3,5,12,13,-20,-20,11,10,5,13,18,2,4,5,18,11,11,15,14,11,15,9,11,12,12,14,12,-20,8,8,8,9,4,7,9,-20,4,8,10,5,4,8,8,8,7,4,5,10,10,4,5,7,10,5,-20,7,4,6,-20,3,6,3,10,8,8,9,6,9,8,-20,5,4,10,9,4,9,-20,7,7,4,6,9,7,14,8,13,3,5,4,5,6,12,14,9,8,17,7,13,7,5,4,9,9,15,14,11,12,8,22,10,7,9,6,3,3,8,15,11,5,9,-20,17,6,12,5,16,18,7,-20,-20,6,9,14,8,3,5,7,17,5,15,3,5,-20,5,-20,4,9,4,11,7,22,6,3,7,12,-20,-20,9,-20,14,7,7,15,24,3,-20,3,5,6,-20,20,3,12,12,7,13,12,12,12,-20,13,17,3,-20,11,11,24,16,9,12,4,4,25,-20,15,6,8,5,20,25,7,13,3,9,18,18,13,8,12,9,11,4,6,6,9,10,4,12,9,-20,-20,-20,3,7,11,6,7,-20,4,9,9,12,10,3,6,-20,5,8,-20,6,18,-20,3,-20,-20,-20,-20,4,2,6,-20,6,-20,6,-20,-20,-20,3,-20,4,-20,-20,-20,6,3,9,10,-20,8,8,9,3,-20,-20,7,3,3,-20,2,5,-20,7,6,4,7,10,38,9,5,-20,8,15,-20,6,14,10,7,10,7,-20,13,-20,6,13,5,-20,9,13,5,11,-20,-20,6,6,11,13,5,6,7,16,11,12,5,-20,-20,-20,9,-20,-20,-20,-20,5,-20,-20,-20,4,-20,3,5,-20,2,-20,-20,2,-20,-20,4,-20,-20,-20,-20,2,3,-20,-20,-20,-20,-20,5,-20,5,4,-20,-20,-20,5,-20,4,3,5,5,-20,2,3,4,6,-20,3,-20,-20,-20,-20,3,-20,4,-20,-20,-20,-20,-20,-20,3,-20,10,4,22,16,14,7,36,60,49,26,66,39,51,42,39,25,63
"chr4,7844640",-20,-20,-20,-20,-20,-20,10,5,-20,-20,-20,5,30,32,13,13,36,9,65,41,29,5,27,32,28,34,17,29,7,-20,-20,-20,4,-20,40,37,21,21,12,5,6,30,-20,4,7,31,11,26,7,4,6,15,42,31,26,11,23,47,20,32,15,21,23,35,25,35,15,27,44,12,15,15,16,24,27,30,11,5,19,11,8,20,14,10,10,52,30,40,21,12,14,23,38,44,32,31,12,27,5,37,13,8,10,8,16,39,5,34,24,12,4,10,22,39,3,4,54,10,6,4,7,-20,8,13,40,8,4,25,5,-20,39,3,5,5,35,40,70,5,5,-20,-20,4,5,9,31,-20,-20,53,5,3,4,3,3,12,22,-20,-20,6,36,4,3,-20,5,-20,-20,3,6,7,3,-20,4,28,13,4,-20,4,-20,3,10,14,3,-20,10,-20,2,-20,6,5,-20,-20,15,6,6,4,-20,6,7,5,5,3,-20,13,4,-20,3,3,13,19,-20,51,5,8,16,3,-20,6,13,-20,3,23,8,-20,-20,37,-20,-20,4,4,12,13,37,19,43,14,-20,4,3,7,4,3,22,6,3,3,3,25,3,4,-20,35,6,6,9,5,3,10,5,4,7,6,4,4,6,-20,-20,13,19,-20,14,9,8,4,4,17,4,3,46,15,10,10,4,9,-20,20,-20,-20,-20,-20,-20,3,-20,11,-20,7,5,16,3,-20,5,6,12,-20,-20,-20,4,16,20,3,21,22,25,35,24,23,4,-20,-20,7,14,58,10,20,17,10,5,8,-20,-20,3,23,-20,5,3,-20,15,-20,-20,43,63,14,3,23,10,7,-20,-20,-20,4,13,-20,6,-20,5,5,-20,-20,-20,-20,4,-20,2,13,-20,6,3,-20,14,5,3,-20,-20,3,4,21,4,-20,3,39,4,3,-20,3,5,10,31,8,11,12,4,12,-20,-20,9,-20,-20,-20,6,4,42,2,-20,3,2,9,11,8,9,5,-20,7,-20,5,10,15,4,6,-20,6,4,3,8,-20,7,-20,-20,8,8,-20,17,18,6,3,54,3,7,-20,-20,-20,8,-20,-20,5,-20,-20,-20,-20,10,3,4,12,20,17,11,-20,3,4,11,-20,7,3,3,5,5,4,10,3,7,3,-20,-20,4,11,-20,4,7,13,-20,6,27,24,14,17,12,-20,-20,5,3,-20,-20,9,-20,5,9,16,11,11,-20,16,-20,3,-20,-20,6,-20,22,8,6,7,-20,-20,9,14,3,7,16,27,24,25,8,21,24,4,6,18,21,5,6,17,-20,-20,21,-20,-20,9,38,9,-20,2,9,5,-20,8,14,8,-20,6,-20,-20,-20,6,4,7,8,6,7,10,10,5,24,-20,6,13,7,-20,13,4,18,-20,14,4,14,-20,5,7,-20,9,-20,5,23,15,17,31,18,24,35,23,3,6,5,22,8,9,16,4,9,9,9,17,13,10,9,10,15,6,9,-20,5,20,-20,4,-20,7,10,5,-20,8,7,6,6,13,9,-20,3,21,91,17,30,44,51,10,7,28,10,48,28,5,50,5,5,5,32,20,6,-20,7,7,31,-20,3,8,-20,6,18,4,6,8,3,10,5,-20,4,3,-20,32,5,15,11,5,-20,-20,12,6,8,9,-20,4,6,-20,10,3,12,3,11,14,7,17,4,15,11,7,15,11,7,9,4,-20,-20,9,9,14,17,6,7,11,-20,16,-20,5,-20,-20,7,7,6,-20,7,17,12,-20,10,13,6,4,-20,4,12,3,5,12,12,-20,-20,11,10,5,13,18,-20,4,5,18,11,11,15,13,11,15,9,12,11,12,13,11,-20,8,8,8,10,4,7,9,-20,4,8,10,5,5,8,6,8,7,4,5,10,10,4,5,7,10,5,3,7,5,6,-20,3,6,3,11,8,8,9,6,10,8,-20,5,4,10,9,4,9,-20,7,7,4,6,9,7,14,12,13,3,5,4,5,6,13,14,9,8,17,7,13,7,5,5,9,9,14,13,11,12,8,22,11,7,9,6,3,3,8,15,11,5,9,11,17,6,12,6,16,18,7,-20,-20,6,9,15,8,3,5,7,17,4,15,3,5,-20,5,-20,4,9,4,11,7,22,6,3,7,12,-20,-20,9,-20,14,7,7,15,24,3,3,3,5,6,-20,22,3,12,12,7,12,11,11,12,-20,13,17,3,10,11,11,24,16,9,12,4,3,25,-20,15,6,8,6,20,26,7,13,3,9,18,18,13,8,12,9,11,4,7,6,9,9,4,11,9,-20,-20,-20,3,7,11,6,7,-20,4,9,9,12,10,3,6,-20,5,8,4,6,18,-20,3,-20,-20,-20,-20,4,2,6,-20,5,-20,5,-20,-20,-20,3,4,4,-20,-20,-20,6,3,9,11,-20,7,8,9,3,-20,8,7,-20,3,-20,2,4,-20,7,6,4,7,10,36,9,5,6,8,13,-20,6,15,11,7,9,7,-20,13,-20,6,13,6,-20,9,13,5,11,-20,-20,7,6,10,13,5,5,7,16,11,11,6,-20,-20,-20,8,-20,-20,3,-20,7,-20,3,-20,-20,-20,3,7,-20,-20,-20,-20,3,-20,-20,4,-20,-20,-20,-20,-20,3,-20,-20,-20,-20,-20,5,-20,5,4,-20,-20,-20,4,-20,5,3,5,2,-20,-20,4,2,7,-20,-20,-20,-20,-20,-20,-20,-20,5,-20,-20,-20,-20,-20,3,3,-20,9,4,22,19,15,8,36,58,49,26,66,39,52,43,38,24,64
