"chr,position",88,108,139,159,265,350,351,403,410,424,428,430,470,476,484,504,506,531,544,546,628,630,680,681,685,687,728,742,763,765,766,768,772,801,853,854,867,868,870,915,932,991,992,997,1002,1006,1061,1062,1063,1066,1070,1158,1166,1254,1257,1313,1317,1552,1612,1622,1651,1652,1676,1684,1739,1741,1756,1757,1793,1797,1819,1820,1829,1834,1835,1851,1852,1853,1872,1890,1925,1942,1943,1954,2016,2017,2031,2053,2057,2081,2091,2106,2108,2141,2159,2166,2171,2191,2202,2212,2239,2240,2276,2278,2285,2286,2317,2370,2412,4779,4807,4826,4840,4857,4884,4900,4939,4958,5023,5104,5151,5165,5210,5236,5249,5253,5276,5279,5349,5353,5395,5486,5577,5644,5651,5717,5718,5720,5726,5741,5748,5757,5768,5772,5776,5779,5784,5798,5800,5811,5822,5830,5831,5832,5836,5837,5856,5860,5865,5867,5874,5890,5893,5907,5921,5950,5984,5993,6008,6009,6010,6011,6012,6013,6016,6017,6019,6020,6021,6022,6023,6024,6025,6030,6034,6035,6036,6038,6039,6040,6041,6042,6043,6046,6064,6069,6070,6071,6073,6074,6076,6077,6085,6086,6087,6088,6090,6091,6092,6094,6095,6096,6097,6098,6099,6100,6101,6102,6104,6105,6106,6107,6108,6109,6111,6112,6113,6114,6115,6118,6119,6122,6123,6124,6125,6126,6128,6131,6132,6133,6134,6136,6137,6138,6140,6141,6142,6145,6148,6149,6150,6151,6153,6154,6163,6166,6169,6172,6173,6174,6177,6180,6184,6188,6189,6191,6192,6193,6194,6195,6198,6201,6202,6203,6209,6210,6214,6216,6217,6218,6220,6221,6231,6235,6237,6238,6240,6241,6242,6243,6244,6252,6255,6258,6268,6276,6284,6296,6390,6396,6413,6424,6434,6445,6680,6739,6740,6744,6749,6750,6805,6806,6814,6830,6897,6898,6900,6901,6903,6904,6907,6908,6909,6911,6913,6915,6917,6918,6919,6920,6922,6923,6924,6926,6927,6929,6931,6932,6933,6938,6940,6943,6944,6945,6951,6956,6957,6958,6959,6960,6961,6963,6966,6967,6968,6969,6970,6971,6973,6974,6975,6976,6979,6981,6982,6984,6986,6987,6989,6990,6992,6997,7000,7002,7003,7008,7013,7014,7025,7026,7028,7031,7033,7036,7058,7061,7062,7063,7064,7067,7068,7071,7072,7077,7081,7092,7094,7096,7102,7103,7106,7107,7109,7111,7117,7119,7120,7125,7126,7127,7130,7133,7138,7143,7147,7158,7160,7161,7162,7163,7164,7165,7169,7177,7181,7183,7186,7192,7199,7202,7203,7207,7208,7209,7213,7217,7218,7223,7231,7236,7244,7248,7250,7255,7258,7268,7273,7276,7280,7282,7287,7288,7296,7298,7305,7306,7307,7314,7316,7319,7320,7322,7323,7327,7328,7332,7333,7337,7342,7343,7344,7346,7347,7349,7350,7353,7354,7356,7358,7359,7372,7373,7377,7378,7382,7383,7384,7387,7394,7396,7404,7411,7413,7415,7416,7417,7418,7419,7424,7427,7430,7460,7461,7471,7475,7477,7514,7515,7516,7517,7520,7521,7523,7525,7529,7530,7566,7568,7717,7757,7767,7917,7947,8037,8057,8077,8132,8171,8214,8222,8227,8230,8231,8233,8234,8235,8236,8237,8238,8239,8240,8241,8242,8243,8244,8246,8247,8249,8256,8258,8259,8264,8283,8284,8285,8290,8297,8306,8307,8311,8312,8326,8334,8335,8337,8343,8351,8354,8357,8365,8366,8369,8376,8386,8387,8419,8420,8422,8424,8426,8427,8464,8483,8699,8723,9027,9057,9058,9067,9069,9070,9075,9078,9079,9081,9084,9085,9089,9091,9095,9099,9100,9102,9103,9104,9105,9106,9111,9113,9114,9115,9121,9125,9128,9130,9131,9133,9134,9298,9312,9314,9321,9323,9332,9336,9339,9343,9352,9353,9363,9369,9370,9371,9380,9381,9382,9383,9386,9388,9390,9391,9392,9394,9395,9399,9402,9404,9405,9407,9408,9409,9412,9413,9416,9421,9427,9433,9436,9437,9442,9450,9451,9452,9453,9454,9455,9470,9471,9476,9481,9503,9506,9507,9508,9509,9510,9511,9512,9513,9514,9515,9517,9518,9519,9520,9521,9522,9523,9524,9525,9526,9527,9528,9529,9530,9531,9532,9533,9534,9535,9536,9537,9539,9540,9541,9542,9543,9544,9545,9546,9547,9548,9549,9550,9551,9552,9553,9554,9555,9556,9557,9558,9559,9560,9561,9562,9564,9565,9567,9568,9569,9571,9573,9574,9576,9577,9578,9579,9581,9582,9583,9584,9585,9586,9587,9588,9589,9590,9591,9592,9593,9594,9595,9596,9597,9598,9599,9600,9601,9602,9606,9607,9608,9609,9610,9611,9612,9613,9615,9616,9617,9619,9620,9621,9622,9624,9625,9626,9627,9628,9629,9630,9631,9632,9633,9634,9635,9636,9637,9638,9639,9640,9641,9642,9643,9644,9645,9646,9647,9648,9649,9651,9653,9655,9656,9657,9658,9659,9660,9661,9663,9664,9665,9666,9667,9668,9669,9670,9671,9672,9673,9676,9677,9678,9679,9680,9681,9682,9683,9684,9685,9686,9687,9689,9690,9691,9692,9693,9694,9695,9696,9697,9698,9699,9700,9701,9703,9704,9705,9706,9707,9708,9709,9710,9711,9712,9713,9714,9716,9717,9718,9719,9720,9721,9722,9723,9725,9726,9727,9728,9729,9730,9731,9732,9733,9735,9736,9737,9738,9739,9741,9743,9744,9745,9747,9748,9749,9754,9755,9756,9757,9758,9759,9761,9762,9764,9766,9768,9769,9770,9771,9772,9774,9775,9776,9777,9778,9779,9780,9781,9782,9783,9784,9785,9786,9787,9788,9789,9790,9791,9792,9793,9794,9795,9796,9797,9798,9799,9800,9801,9802,9803,9804,9805,9806,9807,9808,9809,9810,9811,9812,9813,9814,9815,9816,9817,9819,9820,9821,9822,9823,9824,9825,9826,9827,9828,9830,9831,9832,9833,9834,9835,9836,9837,9838,9839,9840,9841,9843,9844,9845,9846,9847,9848,9849,9850,9851,9852,9853,9854,9855,9856,9857,9858,9859,9860,9861,9862,9864,9866,9867,9868,9869,9870,9871,9873,9874,9875,9876,9877,9878,9879,9880,9881,9882,9883,9885,9886,9887,9888,9890,9891,9892,9894,9895,9897,9898,9899,9900,9901,9902,9903,9904,9905,9906,9908,9909,9910,9911,9912,9914,9915,9917,9918,9920,9921,9924,9925,9926,9927,9928,9929,9930,9932,9933,9935,9937,9938,9939,9941,9942,9943,9944,9945,9946,9947,9948,9949,9950,9951,9952,9953,9955,9956,9957,9958,9959,9960,9962,9963,9964,9965,9966,9968,9969,9970,9971,9972,9973,9974,9975,9976,9978,9979,9980,9981,9982,9983,9984,9985,9986,9987,9988,9990,9991,9993,9995,9996,9997,9998,9999,10001,10002,10004,10005,10006,10008,10009,10010,10011,10012,10013,10014,10015,10017,10018,10020,10022,10023,10027,14312,14313,14314,14315,14318,14319,15560,15591,15592,15593,18694,18696,19949,19950,19951
"chr1,24884075",3,12,7,10,17,10,13,15,8,8,8,13,24,35,13,3,38,10,100,73,65,7,54,43,50,29,31,39,22,20,17,12,16,14,70,51,40,30,31,7,9,34,26,21,23,31,9,51,10,19,40,38,45,21,36,15,56,38,31,43,39,47,36,29,12,9,32,69,48,31,31,34,25,29,38,71,22,13,18,13,11,13,15,8,14,58,32,69,52,19,23,41,29,31,25,32,13,63,6,52,36,41,8,10,31,57,4,27,25,11,15,7,43,40,12,9,58,17,9,6,24,18,22,7,51,8,6,46,26,23,29,12,12,15,28,45,57,8,10,19,10,7,10,26,28,9,5,38,15,9,12,16,24,27,49,28,8,23,103,28,9,7,13,17,11,20,13,5,15,19,93,77,39,12,16,34,14,23,24,89,17,30,20,-20,13,6,8,26,22,24,45,12,14,12,12,25,21,16,32,28,15,23,55,25,74,22,52,79,-20,20,80,39,19,41,32,18,77,14,21,13,17,24,25,35,29,14,14,22,23,25,39,39,47,92,12,24,27,46,26,22,26,36,23,24,19,35,27,25,33,21,25,27,21,19,26,34,23,13,39,24,28,16,24,7,26,13,29,17,43,30,41,47,20,28,16,29,49,90,33,95,16,11,16,41,3,21,12,7,10,22,22,43,12,16,65,72,96,10,10,10,21,14,9,12,5,42,31,6,45,36,49,58,41,42,17,7,10,17,18,115,14,46,15,26,28,20,7,18,14,32,10,18,7,15,38,13,18,32,50,21,6,34,38,22,12,20,10,16,16,13,19,12,8,21,9,9,11,22,35,12,12,19,28,11,13,24,21,12,12,14,11,12,13,57,17,12,15,67,9,23,9,10,-20,16,9,32,33,14,10,11,8,23,21,14,17,10,5,13,88,11,11,8,6,10,38,12,9,15,19,12,17,15,17,19,15,14,8,8,7,15,10,14,7,12,14,27,14,11,42,31,22,16,126,36,10,14,15,9,17,8,10,16,17,10,17,8,18,10,20,19,70,8,8,12,7,13,26,30,9,6,10,10,17,12,15,9,14,11,15,5,10,13,19,20,18,10,19,10,64,39,23,14,11,13,6,15,17,19,31,22,6,12,16,11,30,10,12,24,4,7,12,14,9,7,63,7,15,10,18,11,10,26,5,20,51,54,54,56,14,53,61,4,13,50,45,8,14,47,12,22,30,26,28,11,36,9,10,19,24,2,14,38,31,16,11,23,10,-20,24,17,33,20,13,7,6,6,19,24,39,12,16,34,29,24,17,10,35,16,84,7,11,16,8,17,15,11,11,18,27,24,22,44,44,31,31,34,34,25,10,31,23,17,40,7,17,14,14,12,10,31,15,31,29,54,24,22,26,62,23,21,13,28,42,17,41,26,32,25,12,7,19,41,44,16,68,38,39,50,57,15,36,22,42,61,26,40,36,31,40,36,75,50,35,-20,45,42,111,20,16,14,26,25,48,19,34,44,41,24,38,75,-20,38,29,109,39,48,35,31,30,31,15,14,9,25,19,15,23,16,15,26,17,17,12,21,15,17,17,23,13,11,32,32,9,19,15,13,18,13,20,26,10,29,19,18,15,21,12,21,11,23,16,19,22,15,18,20,21,16,18,17,16,19,17,8,19,9,11,16,11,18,17,19,21,11,22,20,7,14,18,13,16,14,21,18,16,16,3,20,18,19,34,14,10,11,21,24,22,18,23,39,8,17,8,9,17,28,18,11,11,19,14,9,7,15,8,15,27,11,8,12,20,15,30,7,6,11,16,33,5,10,12,10,23,15,10,10,13,9,13,9,14,13,14,20,13,8,17,18,12,18,16,14,7,13,10,5,8,17,24,9,35,9,13,15,18,13,9,13,20,26,23,27,20,15,14,8,26,11,17,14,18,23,-20,16,24,27,29,17,20,-20,15,26,14,13,21,18,9,18,8,16,14,7,19,10,26,19,6,17,14,7,29,15,20,18,15,17,8,13,24,19,6,23,11,11,15,17,11,28,28,13,12,15,10,18,9,98,15,25,23,18,26,19,28,25,33,46,31,32,18,22,17,29,22,34,22,22,20,48,24,21,17,16,19,43,51,21,40,20,19,12,24,21,19,19,24,27,19,17,11,8,15,14,12,16,6,13,9,15,26,24,13,9,20,23,21,18,20,19,13,10,21,25,11,26,14,19,21,17,11,6,25,22,16,25,21,11,17,17,17,14,16,3,8,5,13,-20,8,5,17,8,17,10,16,18,26,29,17,16,19,18,33,21,26,25,6,13,12,15,17,19,19,64,17,21,38,17,21,19,13,37,18,10,13,17,20,8,12,9,26,5,15,13,26,22,9,15,17,11,2,10,7,9,16,11,17,5,23,10,18,8,26,35,32,8,5,11,20,11,22,7,6,29,5,23,-20,34,6,-20,7,13,5,28,8,9,5,10,25,8,11,-20,34,6,7,13,5,-20,15,7,12,7,5,5,14,9,17,13,6,-20,25,8,11,11,22,-20,-20,11,6,6,34,15,8,-20,16,16,7,14,11,24,28,10,25,22,16,24,32,61,45,55,98,77,40,32,48,56,49
"chr1,24884076",3,12,7,10,17,10,13,14,8,8,8,13,25,35,12,3,38,10,99,72,65,7,54,43,50,28,30,39,24,20,18,12,16,14,73,51,41,29,32,7,9,34,26,21,23,31,-20,53,10,19,40,38,45,20,37,16,55,37,32,42,39,47,36,29,10,8,31,70,49,31,30,34,25,30,37,70,22,13,18,13,11,13,15,8,14,58,31,67,52,19,22,41,29,31,26,32,13,61,6,52,36,41,8,11,31,57,4,28,25,11,15,7,43,41,12,9,57,17,9,6,24,18,22,7,52,8,6,46,26,23,29,12,12,15,26,45,57,8,10,19,10,7,10,26,30,9,5,39,15,9,12,16,23,27,49,28,8,23,108,27,9,7,13,17,11,20,13,5,15,19,92,78,39,12,18,32,14,23,27,89,17,31,20,8,13,6,8,25,21,24,45,13,13,12,12,25,21,17,34,28,14,23,54,25,75,21,52,78,-20,19,77,39,27,41,32,18,77,15,21,14,17,24,25,37,29,14,15,22,23,25,38,39,47,92,11,25,26,47,25,21,26,36,22,25,19,35,27,24,31,-20,25,29,21,19,27,34,23,13,39,24,28,18,24,7,26,-20,28,17,44,30,40,50,19,26,16,28,48,89,34,95,16,12,16,40,3,21,13,7,10,22,20,42,12,16,65,72,103,10,10,10,22,13,9,12,5,44,29,6,44,36,49,57,40,42,17,7,9,17,19,113,13,46,15,25,28,20,7,18,14,32,10,18,7,14,38,13,18,31,51,22,6,35,38,22,12,20,10,17,17,13,19,12,8,21,9,8,11,22,35,12,11,20,28,11,13,26,23,12,12,14,11,12,13,58,17,12,15,67,9,23,9,10,8,16,-20,32,32,15,10,11,8,22,22,-20,17,10,5,13,89,11,11,8,7,12,38,12,9,15,19,12,17,15,17,19,15,14,8,8,7,14,10,14,7,12,14,28,14,10,42,31,21,16,128,34,10,14,15,9,17,9,10,17,17,10,18,8,18,9,20,19,70,8,8,12,7,13,26,30,9,6,10,10,17,11,15,9,15,11,15,5,10,13,19,19,18,10,19,10,65,39,22,14,11,13,5,15,17,19,31,23,6,13,16,12,29,10,12,24,4,8,12,14,-20,7,64,7,15,11,18,11,10,27,5,20,51,52,53,53,15,51,61,4,13,52,45,8,14,48,12,20,32,26,27,11,35,9,11,19,24,2,14,38,31,16,13,22,9,18,24,16,34,20,14,7,6,5,19,25,37,12,15,34,31,24,17,10,32,17,84,8,11,15,8,17,14,11,12,18,27,-20,22,44,44,31,31,35,34,24,10,31,23,17,40,7,17,14,14,12,10,31,15,32,29,55,25,22,26,61,23,20,13,28,42,17,41,26,32,25,12,7,19,41,43,17,69,39,39,49,54,15,36,23,41,58,28,39,35,31,41,36,76,50,35,-20,45,46,111,20,16,13,27,25,49,19,34,44,41,23,39,75,-20,38,29,108,39,48,35,30,30,31,15,14,9,24,19,15,23,16,15,26,17,17,12,21,15,17,18,23,13,11,33,31,9,19,14,13,18,13,20,26,10,29,19,18,15,22,12,21,11,23,17,20,22,15,18,20,22,16,18,18,16,19,17,8,20,9,11,16,11,18,17,19,21,11,23,19,7,15,18,13,16,14,21,18,17,16,3,20,18,19,34,14,10,12,21,24,22,18,24,40,8,17,8,9,18,28,19,11,11,19,14,9,7,16,8,15,27,11,8,12,20,15,32,7,6,11,16,33,5,10,12,10,23,15,10,10,13,9,13,9,14,13,14,21,13,8,17,18,12,18,16,14,7,13,10,5,8,17,24,9,35,9,13,15,18,13,9,13,20,26,23,27,20,15,14,8,26,12,17,14,18,23,8,16,24,27,29,17,21,-20,15,26,14,12,21,18,9,17,8,17,14,7,18,10,26,20,6,17,14,7,29,16,20,18,15,17,8,13,24,20,6,23,12,11,15,17,11,28,28,12,12,15,11,18,9,98,15,25,23,17,26,19,28,25,33,46,32,32,18,22,17,29,22,34,22,22,20,48,24,21,17,16,19,43,51,23,39,20,19,12,24,21,20,19,24,27,19,17,11,8,15,14,12,16,6,13,9,15,26,25,13,9,20,23,21,19,20,19,13,10,21,25,11,27,14,19,21,17,11,6,25,22,16,25,20,11,17,17,18,14,16,3,8,5,13,-20,8,5,17,8,17,10,16,20,26,29,17,16,19,18,32,22,26,25,6,13,12,15,17,20,19,65,17,21,38,17,21,19,13,37,18,10,13,17,20,8,12,9,26,5,15,13,26,22,9,15,17,11,3,10,7,9,16,11,15,5,23,10,21,8,27,35,32,9,5,11,18,12,21,8,-20,29,4,24,-20,33,6,3,9,12,6,32,7,11,5,7,24,9,10,6,33,7,7,17,4,4,16,7,11,7,5,6,13,9,17,12,6,6,24,8,10,10,25,-20,-20,11,6,7,33,11,9,-20,14,17,6,15,11,26,29,10,25,22,15,24,33,60,45,55,98,75,40,33,48,57,50
"chr1,24884092",3,13,7,8,18,9,13,12,6,7,6,13,20,33,14,-20,36,9,99,63,60,9,49,41,56,26,30,34,28,19,19,15,13,15,78,51,39,35,29,7,9,33,28,23,28,36,7,59,13,21,39,37,37,23,44,17,49,33,27,47,41,45,33,30,10,8,32,67,52,29,29,29,22,25,41,66,19,11,19,11,10,13,15,8,13,56,36,67,53,17,18,41,36,31,28,35,12,64,7,61,42,40,8,12,31,59,4,29,30,9,10,6,50,47,13,10,60,17,9,8,26,14,17,10,55,7,8,49,27,22,37,8,12,18,29,51,59,9,13,18,10,9,12,22,31,7,5,50,13,6,15,26,21,32,48,24,11,30,124,20,9,7,12,16,9,19,13,7,15,22,103,94,29,12,16,29,15,20,28,99,17,30,22,6,10,5,7,27,20,26,44,14,12,16,10,28,20,18,30,25,13,24,41,32,93,15,43,83,4,16,74,38,26,42,36,21,60,14,20,15,16,28,36,37,25,13,19,25,-20,24,36,41,43,79,12,17,29,39,25,16,23,36,29,32,15,37,26,24,30,19,24,29,22,12,26,38,22,14,42,31,28,20,26,11,17,14,24,20,46,26,39,43,15,24,18,39,45,97,36,85,-20,18,20,44,2,19,-20,8,12,4,13,45,15,16,67,85,103,9,7,11,21,9,10,8,6,45,34,4,47,33,49,56,38,42,16,7,15,18,15,122,14,47,14,30,26,16,-20,21,12,31,13,20,5,13,35,13,14,33,57,21,7,38,35,20,9,22,7,22,21,15,18,14,12,19,13,8,11,21,28,10,8,20,25,15,11,26,22,10,14,15,14,13,13,62,15,12,14,67,7,20,8,8,7,15,11,32,26,14,9,15,9,22,18,17,14,12,4,13,86,14,11,-20,9,14,39,15,11,17,20,10,22,15,21,23,14,13,10,9,9,14,10,13,11,14,13,28,10,10,41,34,23,18,143,32,7,11,15,8,17,12,11,19,16,10,16,6,17,12,21,20,72,10,10,17,8,15,23,30,10,7,8,15,15,14,17,9,15,12,17,10,11,10,19,17,14,11,18,15,66,41,23,16,12,17,6,17,13,20,31,18,6,16,19,15,25,10,16,25,5,9,15,13,-20,8,65,8,16,11,19,8,7,28,3,22,47,51,55,60,15,53,51,4,11,51,47,8,11,43,9,20,34,22,25,11,34,10,14,14,21,4,15,32,27,19,16,24,13,15,17,21,38,22,14,6,7,5,18,27,43,12,14,32,27,25,17,8,41,19,86,14,12,16,7,15,21,12,15,19,32,30,24,44,41,24,28,36,30,28,11,33,19,14,32,9,16,14,19,12,11,28,13,30,24,52,26,20,21,61,23,24,14,26,38,16,39,22,31,27,10,6,18,43,38,15,70,36,38,40,58,15,32,21,50,57,36,33,37,30,50,40,77,49,37,6,38,40,125,29,12,18,30,24,43,16,27,41,33,24,38,79,3,34,29,106,35,42,32,31,30,28,16,15,10,23,13,11,20,17,11,24,17,13,13,21,13,19,14,21,10,13,29,23,10,20,13,13,20,11,22,22,12,26,18,16,16,21,12,23,10,19,19,20,20,13,17,17,20,18,19,18,22,20,19,7,20,10,10,15,8,18,17,20,21,11,21,21,8,17,19,13,15,17,18,21,14,17,9,21,17,18,38,14,15,12,22,26,21,20,25,36,7,19,12,11,18,27,22,9,14,20,11,12,6,18,9,16,28,12,7,12,19,16,28,8,5,12,16,23,6,11,12,11,20,15,12,10,13,10,13,8,11,11,13,21,11,8,16,21,11,19,14,11,10,9,10,3,8,17,23,9,32,7,12,18,17,9,9,14,23,21,19,30,18,14,16,7,25,11,13,10,13,23,8,13,25,28,36,16,26,7,14,26,16,10,21,16,13,10,7,17,18,5,19,9,25,18,5,16,13,7,23,15,21,19,18,15,8,11,19,16,3,22,12,10,13,16,7,28,26,11,8,15,12,19,9,90,15,25,25,15,24,16,29,24,31,38,34,29,14,22,17,25,21,31,17,18,19,42,23,23,17,18,16,38,49,18,41,17,22,12,25,21,21,20,26,26,21,18,13,10,16,15,11,16,4,14,10,16,33,19,15,11,19,24,19,21,17,14,16,9,22,21,9,22,14,13,23,21,11,6,28,23,16,25,20,9,13,19,18,16,13,4,7,4,13,-20,7,5,14,10,15,9,18,23,23,22,15,17,16,21,26,23,27,22,6,18,10,15,22,15,18,60,15,27,36,16,19,17,15,43,21,9,14,16,21,8,9,11,26,5,14,10,25,20,5,13,17,10,4,10,7,9,14,9,15,6,24,8,19,5,27,30,29,6,12,6,22,11,25,7,4,31,9,26,-20,30,4,7,7,9,8,33,8,9,6,9,23,12,11,9,31,6,7,22,6,9,26,10,10,-20,6,5,15,6,18,13,5,11,22,-20,13,10,33,-20,-20,15,4,9,28,16,6,6,11,18,5,21,15,30,30,11,25,22,17,26,28,56,40,48,-20,62,46,32,50,60,55
"chr1,24884104",4,9,8,7,18,7,13,9,6,5,5,15,23,29,15,3,34,13,98,67,54,10,54,43,52,27,31,26,28,21,16,16,13,13,78,50,40,38,26,8,9,30,29,24,32,36,8,58,15,23,38,39,47,21,46,17,52,39,29,44,37,43,37,28,11,10,35,65,62,30,31,29,22,32,36,65,18,11,15,11,8,13,21,7,12,60,36,64,48,18,16,35,37,35,27,35,14,62,6,62,43,38,4,13,36,53,3,26,28,11,11,8,62,49,11,12,65,17,9,7,20,13,15,11,49,8,8,58,21,21,44,8,12,14,29,46,65,10,13,17,11,8,13,22,37,7,6,50,10,8,10,30,21,37,43,21,10,31,114,17,8,7,9,15,9,17,13,7,15,19,110,85,24,21,12,29,16,27,31,66,13,35,21,5,13,-20,5,22,15,28,40,14,12,20,11,28,20,17,32,23,22,27,43,28,81,19,43,91,8,15,76,36,28,51,35,23,64,20,24,14,18,29,37,40,26,12,23,24,29,25,36,33,45,79,11,22,31,42,28,21,24,35,33,37,19,37,24,24,29,22,31,31,20,13,22,55,22,19,42,31,47,22,31,16,25,18,23,18,43,21,37,42,17,22,22,46,40,108,39,77,18,18,19,46,3,22,9,8,17,4,9,48,15,24,87,75,87,9,7,10,20,9,11,6,5,46,33,4,46,33,44,57,40,47,16,7,12,15,14,129,16,44,14,30,27,16,11,24,12,26,10,18,5,12,37,16,18,35,66,19,10,36,40,18,8,18,7,25,18,13,19,15,16,21,15,7,10,23,29,15,6,23,28,16,9,30,23,10,13,11,14,12,13,60,15,10,16,69,8,25,12,7,9,14,12,29,24,14,11,18,10,21,15,17,12,11,8,13,94,14,13,11,10,17,35,15,12,20,19,8,24,19,17,23,13,16,10,10,7,17,11,14,13,14,13,30,13,11,42,34,27,21,150,33,9,11,13,6,16,12,10,19,12,10,15,5,21,14,24,24,67,14,12,17,8,14,22,34,8,6,10,16,16,14,19,9,17,12,18,13,7,9,20,18,15,12,22,13,64,44,20,15,11,20,6,17,14,18,36,20,9,19,22,13,24,13,14,24,6,10,15,14,9,7,64,8,16,12,19,12,6,28,4,22,43,51,59,54,18,50,47,5,10,52,44,7,8,44,11,18,34,24,26,10,36,11,14,17,18,6,17,43,29,21,19,26,12,19,17,20,33,23,15,8,9,6,17,23,40,11,17,29,27,27,15,9,39,20,81,13,12,13,12,15,23,13,14,23,36,36,23,41,50,24,25,33,33,30,15,30,17,16,29,9,17,14,20,11,11,27,9,33,27,47,26,18,19,56,22,24,12,29,37,15,37,20,23,27,9,-20,18,52,43,16,69,37,40,45,51,15,39,26,49,56,45,35,35,29,47,42,81,52,39,7,48,42,124,23,11,20,33,26,47,19,27,42,35,26,35,87,6,29,27,108,36,43,36,31,28,30,20,16,-20,22,12,12,15,14,10,22,16,14,16,22,12,15,17,20,11,11,24,20,9,22,15,12,19,13,19,20,14,22,15,19,16,18,8,23,9,19,18,24,18,15,16,16,15,21,15,18,22,20,19,6,16,11,10,13,7,20,19,18,21,11,20,21,7,17,19,9,12,16,17,20,10,16,9,20,15,18,32,14,14,11,20,23,19,20,21,30,5,18,13,8,18,24,21,12,14,14,12,12,7,17,9,13,25,11,5,13,17,14,31,7,4,11,17,20,6,11,11,15,22,16,10,10,14,10,12,8,9,11,12,18,12,10,12,21,11,17,18,14,10,9,11,6,6,16,21,8,37,5,9,18,19,12,9,12,22,22,20,28,15,12,15,9,20,14,12,10,11,19,11,13,21,24,31,15,26,6,14,23,15,9,21,12,11,12,7,19,14,3,20,7,22,17,6,14,13,6,25,18,18,18,15,14,8,12,19,14,5,20,11,10,10,15,7,27,26,10,9,15,13,20,9,88,16,30,24,12,25,14,33,26,35,35,32,28,14,21,18,23,24,27,18,16,19,40,21,22,17,18,16,39,45,19,38,15,24,15,25,17,19,21,21,26,21,16,12,10,18,12,12,13,5,12,9,13,34,20,17,10,17,22,19,20,18,12,15,6,21,21,7,18,12,11,22,18,13,6,27,23,20,23,18,11,11,18,22,14,11,4,10,4,11,-20,10,4,13,10,11,10,19,20,19,20,14,15,21,20,21,23,27,20,8,18,12,17,20,15,16,54,16,23,35,19,19,15,16,38,18,8,12,17,22,7,8,9,25,3,15,8,21,18,7,14,16,8,4,10,8,11,14,7,16,5,22,9,22,6,25,29,30,5,14,-20,21,11,25,6,-20,30,7,29,-20,35,5,7,4,7,8,29,8,6,4,9,22,8,10,6,30,9,8,26,5,11,29,10,7,5,3,4,13,8,23,11,3,8,13,9,14,5,30,8,3,14,5,11,30,19,8,6,10,21,6,22,15,39,24,11,27,20,18,24,33,59,40,52,68,65,45,30,55,61,52
"chr1,24884106",4,8,8,7,17,6,-20,9,6,4,5,14,23,29,15,3,33,14,102,66,58,10,54,43,53,26,31,26,29,20,15,16,13,13,78,49,41,37,26,8,9,-20,28,24,32,34,8,58,15,24,32,41,46,21,45,16,47,37,30,44,37,43,36,27,11,10,34,65,62,29,32,29,21,31,38,64,18,11,14,11,7,13,20,7,12,59,34,64,51,18,17,34,38,36,26,32,13,64,6,64,44,36,4,13,36,53,2,26,24,10,9,8,60,49,10,12,65,16,8,6,20,12,14,11,49,8,8,55,19,21,42,8,12,14,29,43,64,10,13,17,11,8,12,21,37,7,5,51,10,8,10,36,21,38,42,21,10,31,111,17,8,7,9,15,9,16,13,8,13,20,109,82,24,21,14,29,16,28,29,66,14,37,20,6,13,6,5,19,15,28,36,14,12,19,11,28,21,17,32,22,22,27,37,30,84,19,44,94,8,14,74,37,32,49,33,25,64,-20,24,13,20,29,37,43,26,11,23,23,29,26,36,32,43,74,12,21,29,35,29,22,24,40,32,36,20,36,24,24,32,23,31,32,19,15,18,56,22,20,43,31,44,23,30,16,25,19,23,20,44,21,41,41,18,24,23,48,40,102,40,76,19,18,19,46,3,22,11,-20,17,4,9,47,14,24,88,75,84,9,7,10,20,9,11,6,6,46,32,4,45,33,44,55,40,47,16,7,12,14,14,130,17,48,15,31,26,17,10,26,11,25,10,19,5,11,39,16,17,36,66,18,10,36,39,17,8,19,8,21,17,13,19,14,16,22,16,9,10,23,30,15,7,23,28,18,9,30,24,10,13,11,14,10,15,59,17,10,15,67,8,26,11,7,9,14,11,30,24,15,13,17,10,22,14,17,13,12,8,15,94,14,12,12,9,21,35,15,12,20,15,7,23,19,17,25,13,16,10,10,6,17,11,-20,13,13,14,32,13,12,42,34,26,21,155,33,9,10,12,6,16,12,10,20,13,10,16,5,20,15,22,25,68,14,13,18,8,14,21,34,8,8,10,15,16,14,18,10,17,12,18,14,7,9,19,17,16,12,22,13,64,45,21,13,10,20,6,17,12,18,38,19,8,19,21,13,23,13,14,23,5,10,14,14,9,7,59,8,18,12,20,12,6,29,4,21,43,52,57,53,18,49,48,4,10,53,43,6,8,46,11,20,32,23,27,11,37,11,14,17,20,6,17,42,30,22,-20,28,12,18,16,20,33,24,15,7,9,6,18,23,40,10,17,29,27,27,15,9,37,20,80,14,12,13,11,17,23,12,14,22,35,35,23,39,51,24,23,33,34,29,15,29,18,16,29,9,17,14,19,11,9,26,8,34,27,47,26,17,19,55,22,22,12,28,36,15,34,20,23,27,9,6,15,50,41,17,72,37,38,45,53,15,36,26,50,57,44,33,36,31,45,43,84,52,40,7,48,42,122,23,12,20,34,26,47,19,26,42,35,26,39,84,6,30,28,111,35,36,37,33,30,30,18,15,-20,21,12,11,15,13,10,21,14,13,17,22,11,14,17,19,-20,10,24,20,-20,20,15,12,19,12,17,19,13,22,15,19,16,18,8,23,9,19,18,24,17,15,17,15,16,20,14,17,21,19,19,5,14,11,10,13,-20,19,18,17,20,11,20,21,7,16,17,-20,12,16,17,20,10,15,9,19,14,16,31,14,13,11,20,23,19,20,22,31,5,19,13,8,16,24,20,12,14,14,11,12,7,17,9,-20,24,11,4,12,17,13,30,6,4,11,17,20,6,10,-20,15,21,16,10,10,14,10,12,8,9,11,12,19,12,10,12,21,11,17,18,14,10,9,9,6,6,15,21,8,35,5,9,17,19,12,8,11,19,22,20,27,13,12,15,8,18,13,12,10,11,18,10,12,21,24,32,13,26,6,13,22,15,9,20,12,11,11,7,19,14,2,19,7,22,17,6,14,12,6,25,19,18,17,15,14,8,12,19,14,4,20,11,11,9,15,7,28,26,10,9,15,13,19,7,85,15,29,24,11,23,13,32,25,35,36,30,28,14,22,16,23,24,27,18,16,19,38,19,22,17,18,16,38,46,19,36,15,24,14,25,16,17,18,19,26,20,16,11,10,18,11,12,12,5,12,7,13,33,19,15,10,17,21,19,20,18,12,13,6,21,21,8,18,11,11,22,17,13,6,26,22,18,24,16,11,10,16,22,14,11,4,10,4,11,-20,9,4,13,9,11,10,19,19,17,20,14,14,20,20,21,22,27,20,8,18,12,17,20,14,15,54,15,23,34,17,17,14,16,38,18,8,12,17,21,7,8,9,24,3,17,8,20,18,-20,13,15,7,4,10,8,11,14,7,16,5,21,8,17,6,25,26,26,8,13,-20,19,11,24,8,-20,34,6,-20,-20,37,5,-20,5,5,7,28,10,5,-20,15,19,7,10,-20,28,8,-20,19,-20,11,28,10,7,4,4,3,14,8,22,11,4,-20,14,11,12,4,32,9,4,14,6,10,33,17,8,-20,8,23,5,19,-20,41,27,11,26,20,17,24,33,59,42,52,85,63,45,32,54,60,52
"chr1,24884113",5,7,7,8,17,6,10,9,6,3,4,15,25,30,15,4,34,14,107,66,63,11,54,43,52,25,31,27,27,21,15,17,14,12,73,56,43,36,23,6,9,31,31,24,30,35,9,60,16,27,35,39,44,24,47,18,52,38,32,42,39,45,38,30,11,11,38,67,63,29,29,28,26,32,41,67,20,10,11,10,9,12,22,7,11,56,34,63,54,19,20,36,39,38,26,33,12,66,5,66,43,36,5,14,37,51,2,24,26,11,8,6,56,51,8,12,61,18,7,6,22,9,11,10,48,10,9,56,21,21,37,8,11,13,32,43,69,9,13,15,9,7,14,20,41,5,4,54,9,9,10,34,23,37,46,22,12,31,114,20,-20,7,6,13,10,14,13,8,14,20,116,75,27,22,15,32,18,27,23,81,16,40,21,7,15,6,5,22,24,22,40,15,14,19,14,30,26,16,28,27,23,28,34,30,80,22,45,104,10,17,78,38,32,49,34,31,63,20,22,13,20,31,40,44,22,13,28,22,29,26,38,32,45,79,14,18,33,33,31,30,22,37,40,39,20,37,24,20,34,21,34,34,20,14,21,56,22,19,45,29,40,26,29,17,27,17,20,20,45,19,40,44,21,22,24,42,44,92,41,75,18,19,20,45,4,30,11,11,19,-20,9,46,16,29,94,80,81,9,4,9,19,9,10,6,7,43,29,3,44,35,45,51,42,50,15,6,13,9,13,139,16,51,15,29,25,16,10,24,12,24,9,16,4,12,42,16,17,40,75,18,11,37,38,17,8,17,6,20,22,14,21,12,17,21,20,10,10,24,28,18,9,21,27,17,10,28,26,14,13,11,14,9,15,56,17,12,14,64,7,25,12,7,8,15,12,28,25,13,15,13,10,20,14,16,-20,11,9,16,102,14,13,12,10,23,33,17,12,22,15,8,22,19,16,24,16,16,10,-20,7,18,10,12,14,16,12,34,14,14,42,35,25,22,155,33,12,12,12,6,17,10,11,21,14,12,16,5,19,18,20,27,65,12,14,20,6,15,20,36,8,9,9,17,15,13,23,12,18,9,23,13,8,7,20,18,14,11,24,16,63,39,24,13,10,20,5,16,12,19,35,16,8,19,20,13,23,14,15,22,6,12,14,14,9,9,61,8,22,13,24,13,9,29,3,24,39,50,54,50,18,50,46,4,9,55,42,5,9,44,11,18,31,22,27,10,40,10,12,21,19,6,20,43,32,19,17,26,15,17,17,22,31,23,13,6,12,7,19,24,40,9,17,28,31,24,17,9,37,19,80,15,11,13,11,23,25,13,16,32,34,35,23,40,53,21,23,35,34,27,16,31,17,16,27,10,19,14,21,12,10,24,4,26,24,43,29,17,19,53,24,21,12,27,33,12,34,20,22,27,9,5,15,52,40,17,80,32,36,49,50,15,40,29,54,48,41,34,37,30,45,41,91,54,43,9,52,39,117,26,12,20,33,33,47,21,18,43,40,28,42,72,6,30,31,105,37,43,38,36,30,32,22,14,7,21,12,11,12,16,10,17,15,17,18,21,7,15,16,18,11,11,23,19,7,21,14,11,17,10,17,19,14,19,14,19,15,17,8,20,11,19,17,25,19,14,16,16,15,21,14,18,22,21,14,5,13,9,10,11,7,20,20,18,23,12,20,21,7,14,19,7,13,16,17,22,13,15,9,21,14,13,25,16,14,11,16,22,15,17,22,33,7,19,14,9,18,21,20,12,13,13,10,10,7,16,9,12,23,10,6,10,18,10,24,6,4,11,17,20,7,8,12,15,19,15,11,11,13,8,15,8,8,10,11,18,12,10,11,20,11,18,17,14,9,8,9,6,5,13,17,8,33,6,9,17,17,12,7,11,19,21,19,24,10,11,16,8,20,11,14,11,11,19,11,10,19,21,31,13,26,7,13,19,15,9,20,12,12,13,8,16,14,-20,17,6,23,16,6,13,12,5,26,18,18,17,13,15,8,12,19,13,5,19,10,10,8,17,6,28,22,11,7,16,12,19,7,79,14,29,23,11,24,13,29,23,35,36,29,27,15,22,17,24,24,28,18,16,14,36,22,22,19,15,17,38,47,17,36,14,21,14,25,15,18,17,19,25,19,15,11,10,17,10,12,11,5,12,9,14,32,19,18,10,14,19,18,19,18,13,15,8,22,21,8,16,12,11,21,17,11,7,26,24,20,21,15,11,11,19,22,15,11,4,11,4,11,-20,10,3,13,11,12,9,20,19,17,18,13,16,19,20,20,19,24,20,6,18,10,17,21,10,16,53,12,23,35,12,14,14,18,39,17,8,10,18,20,8,7,9,24,3,19,10,20,14,6,12,17,6,4,11,7,10,15,9,18,5,20,9,19,4,27,23,26,6,11,-20,20,11,27,5,-20,33,7,29,-20,39,5,9,3,3,8,32,9,4,3,13,23,6,8,-20,24,8,12,23,-20,10,31,11,10,6,5,4,15,4,24,11,5,9,15,10,17,-20,31,9,4,12,8,11,30,22,9,8,13,25,6,23,16,41,25,11,26,21,17,22,34,64,44,61,85,62,46,33,49,56,51
"chr1,24884129",4,4,8,7,14,7,10,8,6,5,3,13,25,30,16,6,41,20,112,58,65,12,56,40,54,28,27,24,26,20,18,16,17,12,66,48,47,35,19,8,12,28,31,17,26,38,10,58,16,35,33,40,42,19,51,20,46,37,34,41,43,44,39,31,14,11,33,65,68,25,32,34,22,37,39,76,22,11,14,14,7,11,24,6,11,51,38,61,53,14,23,31,38,34,29,32,15,67,6,61,43,30,4,8,36,54,-20,30,25,10,7,7,68,63,9,13,61,20,7,4,22,8,11,11,51,10,7,50,18,14,41,7,11,11,33,42,71,8,11,13,8,9,14,18,44,5,4,61,6,8,7,35,22,44,44,24,15,32,135,28,7,7,6,12,11,16,8,7,16,20,123,88,22,23,14,27,23,26,26,97,15,37,22,5,21,5,5,28,29,23,31,13,15,18,20,26,22,24,31,26,23,23,30,34,78,26,43,114,12,20,72,38,37,53,33,30,65,21,21,14,23,27,50,42,20,21,29,21,34,25,45,33,43,75,15,18,37,35,26,27,25,30,45,40,18,44,19,21,34,27,36,33,21,12,14,54,19,20,42,26,55,27,30,20,28,15,20,18,47,28,32,42,20,20,30,40,43,97,50,69,22,21,21,45,7,33,13,12,22,5,14,44,17,33,109,78,82,6,5,8,23,7,-20,5,7,46,29,4,41,39,49,51,37,55,15,7,13,13,12,154,16,50,17,37,15,13,12,25,16,30,12,20,3,11,44,17,14,42,82,18,12,43,41,14,7,17,5,22,21,20,23,14,18,21,26,13,12,24,27,18,7,26,27,16,9,30,24,13,14,15,15,11,15,70,18,11,15,69,8,29,15,10,10,19,13,29,23,17,16,12,10,23,14,14,13,12,8,11,86,12,16,11,11,25,36,13,15,18,14,7,19,18,18,26,16,11,-20,10,8,15,12,13,12,20,9,31,15,14,37,34,24,21,152,32,15,15,11,7,13,14,11,30,15,14,17,6,15,20,22,24,57,17,13,23,-20,14,17,33,10,9,10,21,18,13,24,13,18,10,26,13,9,9,23,21,17,12,22,15,62,41,24,13,9,20,6,20,15,18,35,14,7,21,22,12,27,11,13,23,8,12,15,19,-20,11,60,6,23,12,23,14,13,28,3,18,39,51,55,52,18,47,49,5,6,60,47,8,7,36,10,17,29,24,29,11,38,8,10,18,18,8,15,47,36,20,16,32,17,13,14,26,32,25,16,6,11,5,18,19,50,10,16,28,34,25,21,10,41,19,82,14,11,15,13,22,35,14,18,43,33,37,22,44,53,31,25,31,30,34,17,27,15,14,22,9,19,12,22,8,11,19,5,23,21,41,28,22,15,50,22,22,11,22,28,8,29,19,18,25,4,5,14,47,42,15,75,30,33,44,51,22,38,26,60,46,46,36,34,30,46,51,93,49,40,11,45,45,124,27,11,22,26,32,55,23,20,42,43,29,36,82,9,24,22,115,34,51,41,31,29,23,25,17,-20,18,11,11,8,13,10,15,12,11,16,19,7,14,16,13,13,11,20,17,9,22,15,9,16,9,11,-20,14,18,15,18,15,15,8,20,10,17,14,22,13,13,16,16,13,21,15,19,19,16,13,5,15,8,8,12,-20,18,17,19,24,11,17,22,4,12,18,9,12,15,14,19,12,16,14,22,15,14,17,14,14,11,14,20,16,16,15,24,8,16,14,10,14,21,18,15,15,13,11,11,8,16,6,10,24,8,7,6,16,8,23,5,5,13,15,20,6,10,15,16,20,14,12,8,12,6,18,3,10,11,12,16,13,9,9,22,10,16,19,17,11,10,7,6,6,13,16,-20,34,5,10,15,11,12,7,10,15,17,20,23,9,13,13,6,22,12,14,10,11,16,12,10,17,22,28,12,26,7,14,16,16,9,14,10,9,10,8,17,13,2,11,5,23,14,3,11,14,8,22,14,15,22,12,15,9,10,14,12,6,14,9,10,8,17,8,25,20,10,9,16,14,19,8,81,16,29,27,10,26,13,25,19,41,30,27,25,15,20,17,21,23,26,20,15,12,27,19,21,20,13,15,34,44,18,28,13,21,11,19,10,19,15,21,17,20,12,8,8,15,11,9,8,8,10,9,12,26,15,17,10,15,14,15,19,16,13,14,9,17,19,8,15,10,13,17,17,7,6,22,25,22,23,14,11,13,19,22,15,10,4,12,-20,11,-20,8,-20,10,10,9,11,16,19,17,14,14,17,20,17,17,22,24,14,5,16,11,17,19,8,14,40,13,27,34,8,15,9,17,35,19,7,8,17,18,8,6,7,23,5,20,8,16,14,7,13,17,10,4,9,9,9,13,7,20,6,18,12,20,5,37,24,26,-20,10,7,22,17,22,7,3,28,3,35,4,34,-20,7,5,7,5,32,10,4,5,18,20,6,12,-20,32,9,10,19,6,5,32,7,11,-20,10,7,15,-20,30,7,6,7,24,11,-20,-20,33,7,5,-20,8,11,18,25,16,3,-20,21,7,21,10,42,30,7,30,22,19,22,34,63,43,54,117,58,51,39,56,50,52
"chr1,24884148",5,4,9,4,12,5,10,5,5,3,3,11,27,34,18,4,34,20,116,61,73,8,59,42,57,29,26,28,26,18,17,19,16,13,62,53,42,33,17,9,14,37,28,21,32,37,10,58,14,39,35,38,54,22,47,21,51,36,38,40,47,43,35,26,17,14,38,65,71,22,35,36,20,33,38,72,17,7,14,11,6,17,24,7,17,59,36,57,52,15,26,29,42,41,34,31,18,68,7,49,38,26,4,7,29,52,-20,25,32,8,13,8,68,54,11,13,63,16,5,6,18,7,12,10,44,10,6,50,22,12,46,7,10,9,43,40,71,7,9,17,8,8,15,12,44,7,5,57,6,7,7,34,19,45,38,17,13,50,140,28,6,7,5,8,11,18,6,6,15,16,122,101,23,22,12,36,28,33,26,112,24,40,28,8,25,7,8,31,37,24,24,13,20,19,21,27,21,23,36,23,24,26,27,31,78,34,39,131,14,21,79,34,36,46,38,32,67,23,20,14,25,29,51,38,19,31,24,24,39,24,45,27,44,49,21,20,33,21,24,25,27,28,48,39,16,40,20,21,29,25,36,38,19,15,17,52,17,21,41,27,78,31,32,23,30,15,20,18,43,25,34,46,28,14,33,63,41,74,48,66,19,18,21,47,8,37,15,11,22,6,8,37,14,41,98,82,69,5,4,10,23,7,9,7,7,49,33,4,41,34,45,53,43,59,9,7,13,14,8,158,17,43,18,36,19,11,16,26,17,32,13,21,-20,14,45,15,14,48,75,16,11,43,37,11,5,15,3,23,14,20,23,13,18,20,24,17,9,18,22,14,10,27,24,18,8,24,20,9,15,16,14,13,11,56,13,11,15,66,9,26,16,13,12,18,12,24,22,16,15,6,9,22,13,11,9,12,8,15,77,12,13,10,11,22,37,9,15,17,13,10,17,18,18,33,16,11,10,7,7,12,10,12,12,18,8,33,15,13,29,29,22,18,166,31,18,16,10,7,14,15,11,21,14,13,19,5,14,21,18,26,50,21,11,21,5,15,13,34,11,9,9,24,19,13,19,12,15,11,22,12,11,12,23,20,17,12,20,14,57,43,21,20,11,15,8,22,14,17,37,20,8,21,30,11,31,12,12,21,8,14,14,17,10,11,65,9,20,10,29,16,11,25,-20,18,39,53,50,53,13,50,49,4,7,51,46,8,7,34,8,23,29,18,36,7,37,8,8,22,29,8,26,36,43,18,20,30,18,15,21,31,29,22,20,5,13,7,16,21,47,12,17,28,36,23,17,12,42,21,72,14,12,15,14,26,36,10,17,48,34,33,17,56,55,30,28,32,30,34,14,27,12,11,22,6,16,14,20,-20,11,16,5,24,23,37,30,20,15,53,-20,20,8,17,33,10,23,18,14,22,7,7,13,53,37,14,76,32,34,38,43,24,43,29,62,47,42,39,31,41,47,45,96,39,38,10,47,43,131,36,11,29,27,35,57,27,27,41,50,32,42,84,12,29,24,110,41,53,48,28,29,22,25,17,8,15,10,13,9,14,11,15,17,14,17,19,5,17,14,15,11,7,17,17,12,22,16,12,18,13,15,13,15,16,14,21,12,14,10,20,13,19,15,17,14,17,18,17,15,20,17,19,18,14,11,5,15,8,11,9,7,17,15,19,24,10,15,21,6,18,19,13,12,14,13,20,15,16,18,25,12,14,20,18,16,9,15,20,17,15,8,23,13,16,13,9,14,19,19,11,11,15,9,12,6,15,5,13,18,7,9,9,12,8,26,5,6,11,12,14,6,8,17,17,21,12,9,8,13,7,18,-20,10,9,10,13,14,10,9,18,11,14,17,17,15,12,8,8,9,10,15,-20,41,5,9,13,11,13,9,5,14,19,17,18,11,12,11,8,19,11,15,8,8,20,12,11,17,18,24,16,21,9,13,13,15,7,15,9,9,12,9,14,14,3,13,5,20,12,3,14,16,8,21,16,18,20,12,18,8,8,12,14,-20,12,7,9,10,14,8,25,13,14,11,15,13,24,8,63,16,24,27,19,28,14,24,20,44,34,26,24,15,19,16,24,22,26,18,14,16,27,20,21,20,15,13,33,37,13,27,19,19,11,16,8,16,15,19,20,20,11,9,8,15,9,8,13,7,9,7,13,22,13,16,7,11,15,15,16,15,11,13,13,16,21,6,19,9,12,18,17,3,6,18,25,23,22,17,12,12,17,22,16,11,3,12,4,8,3,5,4,11,9,8,11,12,19,20,12,12,17,17,19,17,20,22,13,4,15,10,16,21,11,16,47,14,26,30,9,19,8,14,22,22,7,10,16,23,8,7,8,21,-20,18,8,16,13,6,11,14,8,4,10,9,8,11,9,15,7,16,12,20,4,36,38,40,7,8,12,26,16,28,7,-20,26,-20,30,5,43,8,5,5,10,6,37,7,5,7,15,22,6,15,-20,32,12,10,17,8,3,25,5,10,6,11,9,17,4,21,11,4,9,32,11,14,-20,28,8,5,14,-20,11,22,25,22,-20,18,20,4,23,10,42,31,5,26,26,18,19,31,70,44,50,134,62,55,43,59,51,49
"chr1,24884168",5,-20,6,4,9,-20,8,2,4,-20,-20,12,29,38,17,6,36,25,122,53,60,7,65,40,53,30,25,33,22,17,18,15,15,11,55,52,46,31,15,11,14,35,25,23,36,34,9,55,19,33,32,35,50,18,39,22,44,37,37,35,47,44,40,23,16,15,39,60,67,15,39,30,24,31,38,66,19,8,13,14,6,20,26,12,17,52,41,57,49,18,26,27,42,39,36,35,15,74,8,46,40,30,5,8,29,46,-20,32,33,7,14,9,64,49,10,13,62,17,6,8,14,8,17,9,39,8,6,44,27,6,42,8,8,-20,42,39,69,6,8,19,8,6,12,8,40,7,3,40,5,7,7,27,25,51,35,14,10,52,144,34,6,5,4,6,7,11,4,4,12,18,104,100,25,20,14,44,25,33,25,118,25,36,31,7,29,12,8,46,47,21,46,12,25,17,22,28,28,24,35,18,23,25,39,24,68,43,40,135,24,20,72,27,32,42,33,35,68,22,30,13,22,30,40,35,22,36,24,25,38,27,40,26,42,57,22,20,30,23,24,32,28,24,35,33,18,39,16,26,30,21,40,41,17,15,22,60,26,21,36,22,74,28,32,19,37,18,20,17,39,36,34,48,30,14,30,74,38,57,43,70,18,18,16,46,8,47,19,17,21,12,13,38,15,37,90,62,80,2,-20,7,22,4,8,7,8,55,40,3,38,36,45,51,51,56,7,6,10,13,7,156,14,31,20,33,20,8,20,23,17,28,11,19,2,10,40,14,13,46,58,13,8,35,30,10,6,13,-20,22,14,17,17,11,14,18,22,14,10,16,20,13,9,18,18,14,9,18,15,9,13,13,14,11,9,40,10,12,12,53,-20,20,13,14,16,18,18,16,21,22,14,5,8,16,12,11,7,13,8,14,51,11,10,8,8,18,30,8,14,17,11,11,18,15,13,33,13,11,7,6,6,11,9,10,12,16,7,29,17,14,20,28,19,13,161,33,13,17,11,9,15,14,9,23,11,16,19,7,11,22,15,24,35,20,11,20,4,13,9,28,12,10,7,24,13,14,17,11,14,8,21,14,10,14,20,19,16,11,21,14,47,46,17,24,11,15,9,21,12,12,35,22,6,18,22,15,27,12,8,16,6,12,10,18,9,10,66,9,17,9,36,22,11,27,2,16,36,58,54,53,12,57,42,4,8,51,48,7,9,25,8,18,26,28,32,6,35,7,4,24,32,6,26,36,48,20,22,32,11,19,25,29,26,17,20,6,-20,7,15,24,38,13,15,27,45,27,14,10,39,17,54,11,13,13,17,24,30,9,17,44,28,27,19,59,54,33,29,33,37,31,14,29,13,11,26,5,14,12,21,11,9,14,-20,19,21,30,24,14,14,51,11,22,8,18,28,9,19,20,12,16,10,7,11,43,34,15,67,29,32,46,32,23,40,27,62,41,41,40,27,51,45,42,100,32,41,10,44,36,127,30,14,25,19,35,56,25,27,41,58,32,45,86,13,33,20,111,46,53,50,31,33,27,26,25,7,12,13,15,7,11,11,12,12,12,15,25,7,16,12,14,12,7,22,22,15,14,18,12,19,11,15,13,12,14,10,20,13,16,12,18,10,23,15,14,10,19,15,14,11,17,16,19,16,17,16,6,13,11,6,9,7,12,12,13,25,10,18,20,8,18,14,12,15,12,15,16,15,18,19,26,10,13,24,19,15,7,15,17,16,20,10,24,12,15,9,8,14,14,13,10,10,17,9,12,11,14,4,-20,18,7,-20,9,8,11,23,6,7,12,14,15,6,12,14,18,20,11,9,8,13,9,15,4,11,8,11,14,8,9,11,14,5,11,15,16,13,9,9,8,10,9,11,3,42,4,8,10,11,11,9,4,13,14,13,12,9,18,8,7,21,16,16,11,8,20,12,11,14,20,25,16,23,7,13,12,13,-20,7,7,10,11,10,15,11,3,11,6,22,11,3,10,11,8,17,16,17,17,13,16,7,6,-20,13,6,6,7,8,12,14,8,24,15,11,11,12,9,21,8,49,12,23,24,18,26,13,25,20,40,30,23,17,19,22,20,23,21,22,16,12,17,24,17,20,21,13,14,24,37,15,23,22,20,10,15,11,20,14,20,16,23,9,8,9,17,8,7,14,7,7,6,11,20,10,14,6,12,13,10,15,16,10,15,14,10,17,7,22,6,8,13,12,5,5,19,19,19,21,19,11,9,15,21,18,11,4,11,3,7,3,6,3,12,7,7,13,10,17,20,15,11,18,19,15,13,21,23,13,4,15,11,15,18,10,17,42,12,22,25,13,22,8,11,21,20,5,8,13,20,6,6,5,21,10,17,8,14,11,11,13,12,10,4,10,9,7,9,6,16,12,12,11,23,10,38,39,41,5,7,14,31,14,28,11,4,31,5,28,3,38,6,9,8,11,7,22,9,5,9,10,28,7,16,6,41,9,-20,18,6,6,24,10,10,8,5,11,12,-20,21,-20,6,8,35,18,22,9,38,8,5,12,8,13,20,30,18,3,19,13,8,22,11,41,32,6,32,22,22,22,27,61,49,72,134,56,49,41,60,47,47
"chr1,24884172",5,-20,5,4,8,-20,7,2,4,-20,-20,13,27,36,19,7,39,25,121,52,57,7,62,42,51,30,24,34,21,16,17,16,16,9,56,55,45,30,17,11,13,37,25,23,30,36,10,53,21,31,27,32,49,15,-20,23,35,38,35,35,42,43,41,21,17,16,40,62,68,15,38,31,23,31,36,67,19,8,12,13,6,21,26,12,14,54,40,55,47,19,26,31,41,37,35,34,15,70,8,47,38,31,5,7,29,46,-20,32,34,7,15,10,63,48,10,13,61,17,7,8,13,7,16,9,39,8,6,40,27,6,41,8,7,-20,37,35,64,5,8,19,7,6,11,7,38,6,3,41,5,-20,6,27,26,51,35,13,10,51,142,33,6,5,4,5,7,9,4,4,11,18,98,99,28,17,15,44,24,31,24,118,24,34,31,7,28,12,8,47,56,21,53,11,24,17,20,27,25,25,31,18,17,26,37,23,65,41,46,126,24,20,70,26,31,43,32,35,67,22,25,12,25,28,41,35,20,43,23,28,41,27,39,28,42,59,22,18,28,23,22,31,27,22,34,32,19,34,18,27,30,18,35,39,15,15,22,58,24,21,37,26,73,25,29,19,37,18,18,16,36,36,34,47,31,14,30,68,38,55,42,65,17,16,15,46,8,46,20,16,21,12,13,38,15,34,96,67,75,-20,-20,7,23,3,8,7,8,54,40,-20,40,36,44,49,48,56,8,6,10,13,7,155,18,32,18,33,20,8,18,24,17,29,11,20,-20,9,40,13,13,45,56,12,8,33,28,10,8,12,-20,22,17,15,18,12,11,18,19,15,10,13,22,12,9,19,18,14,9,18,15,10,11,13,15,11,8,36,11,12,12,48,9,22,13,14,16,18,23,16,19,21,14,5,6,16,12,12,6,12,8,15,49,11,10,8,8,13,29,8,14,17,13,11,21,18,13,35,13,10,8,5,7,12,7,10,11,16,7,29,16,13,20,30,17,12,157,35,13,19,10,7,12,14,9,24,8,16,17,7,11,22,15,23,33,18,9,21,4,11,8,27,11,9,7,21,13,13,18,12,16,7,21,15,12,13,20,19,16,13,21,14,47,46,17,26,12,14,9,21,13,12,34,20,6,18,22,14,26,12,8,15,6,12,11,17,8,11,63,9,16,12,35,20,11,27,2,17,33,56,51,51,12,57,37,4,8,49,48,7,9,25,6,18,28,27,32,6,32,6,4,22,31,5,28,32,45,18,22,31,12,17,25,28,29,17,21,5,9,7,15,24,37,12,16,24,44,26,12,10,38,17,47,10,14,13,16,24,28,9,17,39,29,27,21,59,51,33,28,32,41,31,15,26,13,10,25,5,12,12,21,11,9,13,7,19,18,29,24,14,12,50,10,22,8,18,27,9,17,19,12,16,10,7,11,37,30,-20,66,27,32,47,32,24,37,27,62,42,44,39,26,51,48,39,94,32,40,10,42,36,123,29,14,26,18,32,56,23,27,39,55,32,46,85,11,33,20,106,43,53,49,32,32,24,26,24,7,12,13,15,7,11,10,11,11,12,15,21,7,16,12,13,12,6,20,22,15,14,18,11,20,10,14,11,11,13,11,19,13,16,12,19,10,21,15,16,10,19,15,14,11,17,16,18,16,16,14,5,12,10,6,9,6,13,11,13,25,8,18,20,8,18,14,12,15,11,15,15,14,16,19,25,9,14,24,18,15,6,15,16,15,20,9,22,12,12,9,8,13,13,10,10,8,16,8,11,11,15,3,12,16,7,9,9,8,11,22,5,8,10,13,13,6,11,14,18,20,10,9,8,11,8,15,3,11,7,11,14,8,9,10,14,5,10,14,16,11,8,9,8,10,7,11,-20,40,4,8,10,11,11,9,4,12,14,13,11,9,17,8,7,19,15,15,11,7,20,11,10,12,19,25,16,22,7,13,11,12,-20,7,7,10,11,10,15,10,3,11,6,21,10,3,10,10,8,17,16,16,16,13,16,7,5,15,13,6,6,7,7,12,13,6,23,15,11,10,12,11,22,8,46,13,23,25,18,26,13,22,19,40,29,23,17,19,22,19,23,20,20,15,11,18,23,17,18,21,13,14,23,36,13,23,22,19,11,16,11,20,13,20,16,23,9,8,9,17,8,7,14,6,6,6,11,19,10,12,5,12,12,10,12,15,10,14,13,10,17,7,22,5,7,13,12,5,5,19,18,19,20,19,9,9,15,20,18,9,4,9,3,7,3,6,3,9,7,7,14,10,16,20,12,10,17,18,14,13,21,23,14,4,16,11,15,17,13,16,41,12,22,25,12,21,8,11,20,19,5,9,12,20,6,5,5,19,10,17,8,14,10,11,13,13,10,3,10,10,7,9,6,14,13,11,11,24,-20,42,40,42,5,8,14,27,15,26,13,5,33,6,27,-20,37,7,9,9,11,8,29,10,5,9,11,26,8,17,5,45,6,-20,20,7,6,24,10,9,10,5,8,11,3,19,-20,5,8,35,15,22,6,36,9,6,12,-20,12,23,32,17,-20,16,14,10,23,12,39,30,7,30,25,21,23,28,60,50,89,149,67,48,43,61,48,47
"chr1,24884179",5,-20,5,4,6,-20,7,-20,3,-20,-20,13,29,39,19,7,42,26,120,54,59,7,68,44,53,32,19,39,18,18,15,16,17,8,47,63,41,30,18,13,12,39,24,19,23,39,-20,54,20,25,28,34,46,15,34,18,41,36,36,36,44,45,37,22,18,18,41,63,66,14,36,34,23,30,34,64,20,7,15,14,6,22,26,12,14,62,39,53,46,19,24,30,44,37,29,34,15,63,9,48,35,34,5,11,30,46,-20,33,33,7,19,10,66,46,10,14,62,18,8,9,12,6,18,10,31,8,6,40,26,6,42,8,5,-20,42,36,60,5,7,19,8,6,12,6,37,6,3,39,6,7,6,23,26,49,33,13,11,57,148,41,6,4,4,3,6,7,-20,4,10,18,89,94,37,15,14,46,25,25,23,126,24,32,30,7,29,13,9,46,56,21,57,10,19,15,18,23,36,28,29,18,13,25,37,23,64,43,40,129,22,20,61,25,29,40,34,36,65,16,25,13,24,30,38,33,18,43,22,23,36,27,39,27,41,68,20,19,26,17,22,28,26,21,34,30,17,35,17,27,28,16,29,33,18,13,21,45,23,17,38,26,67,23,24,18,29,18,15,16,34,41,31,46,30,15,30,65,34,46,39,63,16,16,14,51,8,42,18,16,20,18,16,36,17,32,83,64,78,-20,-20,6,19,-20,9,6,8,50,39,2,39,35,44,54,48,54,6,6,10,15,6,159,18,29,15,31,17,8,18,25,19,26,11,20,-20,8,44,14,12,48,61,10,10,32,26,11,7,9,-20,23,16,17,15,15,13,18,20,15,10,11,23,14,9,20,17,13,10,14,14,10,11,13,16,10,7,34,10,12,13,45,9,21,12,13,14,19,24,15,19,22,14,9,7,16,11,14,6,13,8,15,46,13,12,8,8,16,24,8,15,19,14,12,19,17,12,35,11,9,7,4,6,14,7,12,13,19,6,28,18,14,19,30,17,12,163,34,12,19,8,7,14,12,9,25,7,16,16,7,12,21,15,24,30,19,10,21,4,12,8,27,10,9,7,25,15,14,17,13,14,7,22,13,9,13,19,17,17,13,19,14,42,47,17,26,12,13,8,21,13,12,33,21,7,17,23,21,24,13,7,14,7,9,11,17,7,11,66,8,17,9,30,18,14,24,-20,17,35,56,52,48,10,55,39,4,7,50,50,7,10,27,6,21,26,30,36,7,33,6,5,22,31,6,27,25,45,20,21,35,12,17,28,28,30,16,22,4,9,5,14,27,39,11,15,22,40,24,11,12,38,16,47,9,14,14,16,25,28,10,16,39,29,25,20,60,48,35,29,33,41,30,15,26,13,10,22,4,12,12,21,13,7,14,7,20,18,27,22,12,13,51,9,22,8,18,25,11,15,19,14,16,9,8,9,29,32,14,70,27,30,42,29,26,37,28,59,40,42,37,24,48,48,46,109,32,36,11,36,33,119,27,14,22,15,32,58,22,23,35,54,32,42,70,13,40,16,102,43,50,51,33,32,18,28,22,7,13,11,16,7,9,10,10,12,12,16,22,5,15,11,14,12,8,19,22,16,14,19,10,21,9,14,13,12,14,12,17,14,15,12,19,10,21,12,17,10,17,17,15,12,14,19,20,15,16,14,5,10,11,6,8,7,13,9,12,24,10,18,18,8,18,15,13,14,10,14,15,15,15,19,27,8,14,24,18,15,7,16,16,14,19,9,21,13,11,9,8,13,13,-20,10,8,17,10,10,10,14,3,12,14,5,8,8,8,14,22,5,8,10,12,13,5,10,15,17,20,10,9,8,10,7,14,3,11,6,9,14,10,8,10,14,6,8,18,17,11,8,9,9,9,8,11,-20,39,4,9,9,13,11,8,6,11,14,13,11,10,16,7,9,20,15,17,11,8,21,11,13,12,22,25,16,20,6,14,11,11,6,7,7,9,11,10,18,11,4,11,6,19,10,4,9,9,8,16,16,17,22,13,18,8,4,15,13,6,5,5,7,15,12,6,25,16,11,10,11,9,24,8,41,11,21,28,20,28,11,23,18,42,27,21,19,19,24,20,25,26,23,14,9,18,23,16,18,23,12,15,22,43,13,25,21,18,14,17,11,22,11,18,18,25,9,9,9,18,8,7,15,6,6,6,12,18,10,12,6,11,13,10,12,15,9,15,13,11,17,7,21,5,7,11,13,5,4,18,17,20,22,18,9,9,13,19,17,9,4,9,4,6,3,5,3,8,7,8,14,8,15,21,11,13,18,19,12,13,19,25,14,4,15,11,15,18,13,17,40,11,20,25,11,20,7,12,20,20,6,8,11,21,7,6,5,21,10,17,8,14,11,12,13,10,10,3,10,9,6,10,6,16,13,11,11,21,12,37,34,45,4,8,11,26,15,25,13,6,34,7,27,-20,41,7,-20,10,12,10,26,11,5,7,6,27,7,19,8,46,4,12,20,-20,9,26,10,10,5,4,5,9,3,17,10,6,9,33,14,22,11,33,10,5,9,-20,17,29,31,12,4,18,13,11,20,12,37,28,6,32,26,19,22,29,60,48,89,107,73,47,45,57,48,44
"chr1,24884191",5,-20,3,4,3,-20,6,-20,-20,-20,-20,11,35,38,18,6,38,25,124,53,55,5,72,44,56,31,19,37,16,13,13,14,18,9,44,64,44,23,21,14,12,40,17,19,23,40,9,45,20,24,26,33,48,13,29,18,45,32,35,32,42,44,43,20,17,17,39,62,69,13,37,39,24,34,38,63,23,10,18,14,13,25,25,14,11,67,30,52,42,19,25,32,44,38,35,33,13,56,11,38,36,31,4,12,37,49,-20,34,31,5,19,11,49,45,11,12,63,16,8,7,11,9,20,7,32,6,-20,31,21,5,31,8,5,-20,36,32,59,4,-20,15,9,5,10,-20,33,7,3,33,9,6,3,13,26,47,33,12,9,53,138,41,6,-20,3,-20,5,7,-20,-20,10,17,91,91,34,17,17,49,25,22,25,122,20,27,25,-20,26,14,10,43,48,21,63,10,20,18,18,22,30,28,40,14,12,25,43,25,54,45,40,122,22,20,61,30,34,31,39,32,55,15,29,10,23,24,33,28,24,47,21,20,33,25,38,26,37,78,16,21,22,18,19,24,28,20,22,26,16,34,18,28,21,17,30,28,17,11,20,35,27,18,34,28,51,17,24,21,31,17,16,15,32,47,28,43,33,15,28,60,38,51,36,57,15,9,10,47,8,36,19,12,15,21,18,34,14,25,81,67,72,-20,-20,5,19,-20,7,6,9,52,33,-20,35,36,43,59,48,53,6,4,9,12,7,157,21,24,16,29,17,8,20,20,18,26,11,20,-20,12,46,16,14,45,51,8,9,25,23,17,7,6,-20,20,13,15,14,13,13,19,16,14,10,11,26,12,9,15,19,12,12,10,11,11,11,11,13,8,8,30,12,12,12,35,8,20,12,12,-20,19,25,13,21,21,13,11,5,16,10,13,-20,14,8,15,36,12,12,7,6,15,18,8,12,18,15,10,18,20,8,36,9,8,8,-20,6,12,7,14,12,18,8,26,19,17,18,26,17,12,159,33,11,19,8,9,13,11,7,30,-20,14,17,8,7,20,17,23,21,19,12,17,5,11,7,27,9,9,6,21,17,14,16,12,14,7,20,10,8,15,22,18,16,11,22,12,43,47,18,23,13,13,7,18,14,12,29,19,5,14,16,19,22,11,7,12,8,10,10,14,6,9,62,9,17,7,27,13,15,20,-20,15,37,54,52,45,8,51,38,4,9,55,48,7,10,26,6,21,25,31,36,7,33,4,4,22,32,-20,28,21,46,18,16,30,15,19,29,32,26,11,21,3,7,6,15,32,33,12,15,21,38,35,11,11,31,17,33,8,12,12,18,24,24,10,15,34,29,20,22,57,51,38,29,33,41,28,15,23,12,8,24,3,11,10,17,13,6,12,8,20,19,26,21,9,12,48,8,19,7,17,24,10,13,18,17,11,9,8,10,24,21,13,61,24,30,38,33,24,33,28,51,36,-20,31,22,47,57,45,103,31,36,9,34,35,115,25,11,22,15,26,51,23,23,31,47,26,35,75,12,43,13,114,43,42,46,24,30,20,27,21,4,11,11,17,9,4,11,12,13,12,16,19,7,12,10,14,10,8,19,23,13,11,22,12,17,9,15,14,11,11,13,16,12,14,12,18,13,20,10,13,10,16,16,14,13,13,14,20,15,13,14,5,7,12,8,6,8,11,10,11,22,8,15,18,7,17,13,12,13,11,17,14,14,15,15,24,8,13,24,15,11,7,14,13,11,15,6,23,12,9,9,8,11,11,10,10,8,14,8,8,10,10,3,10,14,7,8,8,8,12,19,3,7,8,12,15,4,8,13,17,19,9,5,7,10,7,11,3,12,6,9,14,9,8,10,11,8,9,19,18,9,8,8,11,9,7,10,2,35,4,9,10,9,9,7,6,6,13,13,-20,9,16,7,7,19,13,16,9,7,16,10,13,11,22,18,15,15,9,13,10,11,3,8,7,6,11,9,17,7,6,12,5,20,7,5,7,10,7,15,15,14,23,10,16,6,4,16,13,6,7,4,6,14,-20,6,24,16,11,10,12,8,25,7,30,9,18,25,26,29,19,20,21,45,23,18,23,22,26,19,22,29,25,17,9,22,28,19,16,22,11,15,19,41,12,27,18,18,15,14,10,23,14,17,18,26,7,8,10,17,6,6,11,6,8,7,10,14,9,9,5,10,11,10,10,15,10,15,14,9,17,7,21,5,7,9,10,6,4,14,12,17,18,17,9,10,9,19,13,8,4,6,4,5,3,5,3,8,6,8,14,8,11,20,12,16,17,18,12,12,14,22,10,4,20,11,14,14,11,15,39,15,16,25,11,18,8,11,14,18,6,7,10,19,8,6,2,19,9,14,8,15,10,13,15,11,9,-20,10,7,8,9,8,18,12,12,11,28,11,34,34,42,6,9,10,19,9,28,10,8,33,11,20,-20,40,8,8,10,13,9,27,11,4,7,12,30,8,15,6,40,6,13,23,8,9,26,10,10,8,6,7,6,6,21,8,8,11,26,15,20,6,26,9,7,11,9,12,39,32,15,6,14,15,12,21,11,36,25,6,31,23,22,24,29,60,50,73,102,71,48,43,54,45,40
"chr1,24884200",5,-20,-20,-20,-20,-20,4,-20,-20,-20,-20,10,33,39,17,6,37,25,129,52,52,3,65,44,58,34,21,42,13,13,12,12,19,8,49,69,46,26,23,14,13,43,19,18,22,37,9,45,20,19,22,29,44,16,30,20,43,24,32,30,43,42,47,26,17,17,36,69,64,11,37,40,23,31,36,67,24,13,21,12,13,28,23,14,11,62,29,56,42,16,26,33,39,38,34,31,12,57,10,41,39,34,5,11,40,49,-20,35,31,-20,17,8,45,42,12,9,56,16,8,8,10,8,18,5,30,6,-20,29,19,4,29,8,-20,-20,36,30,52,3,-20,15,8,4,8,-20,33,8,-20,31,9,4,-20,13,28,50,36,12,6,58,137,41,-20,-20,3,-20,5,6,-20,-20,8,20,86,84,52,18,16,53,22,21,22,108,24,31,30,6,26,15,9,45,44,22,61,8,20,14,14,25,33,30,47,8,13,23,40,20,54,41,46,106,23,20,52,29,35,27,42,31,50,16,31,10,24,27,28,26,26,42,21,21,33,25,34,26,31,76,-20,21,18,16,21,28,30,21,29,28,18,29,19,30,24,15,27,31,15,14,19,38,30,17,34,28,42,14,27,21,27,14,17,13,40,39,33,42,31,16,29,62,33,47,36,52,16,16,11,44,7,37,17,13,16,21,18,33,14,23,83,63,66,-20,-20,3,16,-20,5,-20,10,48,38,-20,38,40,46,61,47,49,5,3,14,15,5,149,19,28,16,31,25,8,21,21,16,31,10,20,-20,15,48,14,15,48,50,7,8,28,17,19,6,5,-20,20,15,14,18,15,15,16,15,13,9,8,28,15,9,15,17,14,12,10,7,11,12,13,14,8,8,24,14,12,10,27,7,19,9,12,14,20,24,8,18,22,11,13,5,16,9,12,-20,13,7,14,29,14,13,8,7,14,17,9,12,16,14,12,20,22,8,38,7,5,8,-20,7,11,7,14,10,18,8,24,20,18,17,20,15,10,152,33,9,19,8,10,11,11,7,30,-20,15,14,10,5,20,14,19,17,16,10,18,5,12,6,24,9,9,6,16,16,13,20,12,13,7,18,10,8,14,19,19,16,11,18,11,47,50,16,16,12,13,8,22,13,12,29,20,6,11,13,16,24,8,5,11,9,11,9,13,4,6,68,9,16,7,35,14,16,21,-20,16,40,57,50,50,8,54,39,-20,8,57,56,10,10,24,4,22,21,33,37,8,33,3,4,22,34,-20,29,17,41,17,18,26,16,23,28,30,28,9,20,-20,6,7,16,38,31,12,14,20,39,38,7,10,33,18,26,7,11,9,18,22,26,13,16,31,27,18,19,60,49,35,32,36,44,21,13,21,13,9,25,3,11,9,15,13,6,15,8,14,17,23,15,-20,11,43,-20,16,-20,14,20,10,11,16,16,8,9,7,11,26,18,13,62,26,31,37,30,22,30,22,46,33,25,32,24,55,58,41,105,32,36,8,35,35,112,25,10,21,17,24,46,21,24,30,49,24,37,65,13,47,16,113,38,42,47,26,28,17,23,19,3,8,9,14,8,4,11,11,11,11,14,19,6,11,8,12,8,7,18,20,14,12,20,12,15,10,14,17,9,10,13,14,12,12,12,17,15,20,10,11,8,15,16,12,11,10,13,15,12,12,12,4,8,8,7,6,7,8,11,9,23,10,15,13,5,14,14,11,12,10,19,13,13,13,13,22,8,14,15,15,7,7,12,12,10,12,6,21,11,6,7,8,10,12,8,11,8,15,8,8,10,9,4,9,11,6,7,7,7,12,15,3,7,7,13,14,5,9,13,14,18,9,5,6,9,5,11,5,10,5,9,13,7,5,8,9,7,9,16,14,9,8,9,8,9,7,10,4,32,4,8,7,8,6,7,4,5,11,11,-20,7,16,5,5,17,11,16,7,6,12,7,13,9,22,18,15,14,9,13,6,8,5,5,8,5,10,9,15,6,6,11,5,20,6,4,7,8,7,11,13,13,23,11,14,6,3,15,13,4,7,4,5,13,7,6,24,16,10,10,11,8,22,8,26,10,15,22,26,29,20,15,18,41,23,15,21,22,26,15,23,27,24,15,9,22,28,14,13,19,9,13,19,41,12,29,18,13,13,15,9,23,15,17,16,23,6,7,9,16,5,-20,11,5,7,5,11,11,9,8,4,10,10,8,7,14,9,14,13,9,12,7,18,5,7,7,8,4,4,12,12,15,14,15,7,10,8,13,11,8,-20,5,4,3,3,3,4,6,5,8,12,6,9,20,11,16,17,14,10,12,13,23,9,3,20,8,10,11,11,14,34,14,12,23,10,17,8,9,16,17,4,7,9,18,8,5,3,17,9,8,7,13,9,15,14,10,9,-20,9,6,6,8,7,21,11,14,10,28,12,36,31,43,7,10,10,19,12,27,9,-20,41,5,27,-20,49,4,7,8,15,-20,36,10,7,7,27,27,5,17,10,46,8,14,25,9,13,19,9,13,10,6,6,9,14,24,11,7,8,25,10,18,12,27,8,7,10,10,17,42,38,-20,5,19,16,15,20,9,23,27,6,28,25,20,22,26,62,50,70,110,71,43,37,52,44,39
"chr1,24884204",3,-20,-20,-20,-20,-20,4,-20,-20,-20,-20,9,31,38,18,6,39,25,133,55,51,-20,65,43,58,33,19,41,12,13,12,12,18,8,50,68,50,25,23,12,13,42,20,18,23,38,8,42,18,17,22,29,40,16,24,21,43,23,30,32,43,44,48,26,17,17,38,69,65,12,39,41,23,28,38,69,25,14,21,12,14,27,21,14,11,62,28,54,42,15,26,31,42,36,36,29,9,56,10,40,36,36,5,11,41,52,-20,35,34,-20,17,9,41,37,10,7,57,16,8,8,-20,8,19,5,29,-20,-20,28,18,4,22,7,-20,-20,35,30,51,-20,-20,14,9,-20,8,-20,31,8,-20,29,9,4,-20,12,22,53,35,11,7,57,137,38,-20,-20,3,-20,4,6,-20,-20,8,20,86,90,54,17,18,55,22,21,20,106,25,31,32,6,24,15,9,44,42,21,60,8,19,16,14,24,37,27,42,9,11,21,41,20,53,39,50,102,22,22,52,29,35,35,40,30,47,16,31,12,20,27,29,27,27,41,19,21,30,24,33,25,28,72,15,19,17,16,19,27,32,20,34,27,17,29,18,29,26,13,26,31,14,16,19,39,29,19,33,29,40,14,26,20,27,13,16,14,40,37,33,40,31,15,31,62,32,53,37,49,13,17,10,44,7,36,18,13,15,23,18,30,13,22,77,56,61,-20,-20,3,15,-20,5,5,10,51,37,-20,39,36,49,62,48,52,5,-20,13,14,5,152,19,27,18,30,24,7,20,24,16,30,11,19,-20,15,45,15,15,49,48,5,7,25,16,19,6,4,-20,18,16,14,18,15,14,16,18,11,10,7,30,15,10,13,18,13,13,6,5,11,13,13,15,8,7,22,15,12,10,25,6,18,10,12,12,20,23,8,18,16,10,13,5,13,8,11,5,13,5,13,25,12,13,4,7,14,17,9,11,15,14,12,20,20,7,39,6,5,7,-20,7,11,7,13,12,18,8,23,18,16,16,21,12,10,149,34,11,18,7,11,12,10,6,30,-20,15,14,10,6,19,14,18,16,16,11,18,5,10,5,22,7,9,-20,17,16,13,19,13,11,7,17,9,8,14,17,18,16,11,17,11,47,46,16,15,12,13,8,22,13,13,25,26,6,10,13,16,22,8,5,11,8,11,8,14,3,6,66,9,15,7,35,14,15,19,-20,15,43,58,49,54,7,54,41,-20,7,57,56,10,10,21,4,23,21,32,34,-20,35,-20,-20,21,33,-20,28,17,41,16,18,27,13,20,27,27,28,8,20,-20,7,6,16,38,31,12,16,19,39,38,8,11,33,16,23,7,13,10,15,22,24,10,18,32,27,14,19,61,46,34,32,35,39,21,-20,21,11,8,23,3,10,-20,16,12,6,15,8,14,12,22,15,-20,11,42,-20,16,-20,14,20,10,10,16,16,8,9,7,11,26,15,12,63,23,29,38,30,24,26,24,43,29,25,34,22,57,56,41,109,31,35,9,34,31,112,20,9,20,18,24,44,20,24,25,47,24,35,55,13,48,16,122,41,38,45,26,27,18,21,19,3,8,9,13,8,3,11,10,11,-20,12,16,6,12,-20,11,8,7,18,19,15,11,20,12,15,8,12,16,8,8,13,14,12,11,12,17,15,22,10,10,8,14,16,11,11,8,11,15,12,11,12,4,-20,8,7,6,6,6,9,8,21,11,12,13,5,14,11,11,12,9,18,13,11,13,12,19,8,14,14,14,6,7,11,12,10,11,6,21,11,6,7,7,10,12,8,9,7,15,8,8,9,8,4,7,11,6,7,7,7,12,15,3,7,7,10,13,5,9,12,12,16,9,5,5,8,5,10,4,10,5,9,12,7,5,8,9,7,8,16,12,9,8,8,8,9,7,10,4,28,4,7,6,6,6,7,4,5,11,10,2,7,16,5,5,18,10,15,7,6,12,6,11,8,21,15,14,13,8,12,6,8,5,5,8,5,9,8,14,6,6,10,5,20,6,4,6,7,7,9,10,14,23,11,14,6,-20,16,14,4,7,-20,5,12,-20,6,22,14,10,9,10,7,21,8,24,9,14,22,27,28,19,13,17,43,24,14,21,21,25,16,23,27,23,15,9,22,26,14,12,18,8,11,19,41,10,30,17,13,12,13,9,22,15,17,15,20,6,5,9,15,5,2,11,5,7,4,11,10,9,8,3,9,10,6,7,13,-20,11,13,8,10,7,18,6,7,6,8,4,3,11,11,12,14,15,7,10,8,13,11,9,-20,4,4,3,-20,-20,4,6,5,8,12,6,9,17,11,18,18,13,9,11,12,22,7,3,20,8,10,11,11,13,33,14,15,23,10,16,8,9,16,17,3,7,7,17,8,5,3,18,8,7,7,12,9,16,14,10,9,-20,9,6,5,7,7,21,10,13,10,28,12,34,36,39,10,6,9,22,13,29,14,9,37,8,29,-20,43,6,8,8,16,11,35,9,7,6,15,22,5,19,8,43,8,16,27,9,11,22,9,14,9,7,5,13,16,24,12,7,10,21,7,20,12,27,8,8,11,-20,19,42,35,15,7,17,16,11,22,9,20,26,-20,28,26,21,29,25,64,50,69,117,67,41,40,49,44,39
"chr1,24884206",3,-20,-20,-20,-20,-20,4,-20,-20,-20,-20,8,33,38,18,6,39,26,129,57,50,-20,65,42,60,35,20,39,10,12,13,12,18,8,50,68,46,27,22,12,13,41,20,18,22,40,8,41,18,16,21,28,40,16,25,22,45,24,30,33,43,46,48,26,16,15,37,68,64,12,39,41,22,32,38,69,25,13,21,12,14,28,19,14,11,64,29,51,39,16,25,31,40,35,36,29,9,56,10,40,35,36,5,11,40,53,-20,35,37,-20,17,9,41,35,10,7,57,16,8,8,10,8,19,5,30,-20,-20,30,18,4,22,7,-20,-20,35,31,52,-20,-20,14,9,-20,8,-20,30,8,-20,27,9,4,-20,12,22,53,34,11,6,57,128,37,-20,-20,-20,-20,-20,6,-20,-20,7,21,86,90,55,18,17,55,21,15,21,107,24,31,34,7,23,15,8,43,42,21,60,8,17,15,14,24,37,28,42,11,10,21,43,20,51,39,50,100,20,23,52,29,34,34,39,30,47,17,31,12,20,30,31,26,24,42,19,20,31,25,32,26,29,74,15,20,17,17,20,26,32,21,28,27,17,29,18,30,27,10,26,31,14,18,18,35,29,18,36,29,40,13,22,20,25,13,16,15,39,37,35,40,30,15,30,63,32,53,37,50,12,17,9,44,7,33,18,13,16,23,20,34,12,22,73,56,62,-20,-20,3,15,-20,5,5,9,52,40,-20,40,36,48,61,50,50,4,-20,13,14,5,152,17,25,17,30,24,6,20,23,16,31,11,20,-20,15,44,13,16,49,48,5,8,27,17,20,6,4,-20,17,18,15,18,15,14,16,18,10,10,7,28,12,7,13,19,13,13,-20,4,12,13,13,15,7,7,21,14,12,10,23,8,17,10,12,12,20,22,8,18,16,9,12,5,15,8,11,-20,11,5,12,21,12,13,5,7,13,15,10,11,15,14,12,20,21,6,37,-20,5,7,-20,7,11,8,13,12,18,8,21,19,15,16,20,13,9,146,32,10,18,7,11,12,10,6,31,-20,15,13,9,6,18,15,19,13,17,10,16,5,10,5,22,8,9,5,17,16,13,20,12,11,7,17,10,8,14,18,17,16,11,16,11,46,46,16,14,12,13,8,21,13,13,24,24,6,10,14,16,25,8,5,10,8,11,8,14,3,6,69,9,15,6,36,14,15,19,-20,15,45,58,47,55,7,55,40,-20,7,57,55,10,10,22,3,23,23,32,33,8,34,-20,4,19,32,-20,28,17,41,16,16,26,12,20,27,26,25,5,21,-20,8,6,15,39,32,12,17,19,39,37,8,11,33,16,21,7,13,9,14,21,22,11,18,34,27,14,20,61,48,35,32,35,40,21,10,20,11,7,24,-20,10,8,16,12,5,15,8,14,12,22,15,-20,11,41,-20,16,-20,14,20,10,10,16,15,8,9,7,11,26,14,12,59,23,31,38,28,23,25,23,42,29,25,34,20,58,52,40,110,30,34,9,34,32,107,21,9,19,18,24,46,19,24,21,45,23,33,55,11,47,14,117,41,38,42,26,27,18,21,19,-20,8,9,14,8,3,11,10,11,11,11,16,6,12,8,11,8,7,18,19,15,12,20,12,15,8,11,16,8,8,13,14,12,11,12,17,14,23,10,10,8,15,16,11,11,8,11,14,12,11,11,4,-20,8,7,6,6,6,8,8,21,11,12,13,6,14,11,11,12,9,18,13,12,13,12,18,8,14,14,14,6,7,11,12,10,11,6,21,11,4,7,7,10,12,8,9,7,15,8,8,9,7,4,7,11,6,7,7,7,12,15,3,7,7,10,13,5,9,12,12,16,9,5,5,8,5,10,4,10,5,9,11,7,5,8,9,7,8,16,12,9,8,8,8,9,7,9,4,28,4,7,6,6,6,7,4,5,11,10,2,7,16,5,5,18,10,15,-20,6,12,6,11,8,21,15,14,13,8,12,6,8,5,5,8,5,10,8,14,6,6,10,5,20,6,4,8,7,7,9,9,14,23,11,14,6,3,16,14,4,7,4,4,12,7,6,22,15,10,9,10,7,21,8,24,9,14,24,27,28,19,13,16,42,24,14,21,22,25,17,23,27,23,16,8,22,24,16,12,17,8,11,20,42,10,30,17,13,12,12,9,25,15,17,15,20,6,5,9,15,5,-20,11,5,7,4,11,10,9,8,3,9,8,6,8,12,7,12,13,8,10,6,18,6,7,6,8,4,3,11,9,12,14,14,7,10,8,12,11,8,-20,4,4,3,-20,-20,4,6,5,8,11,6,8,17,11,17,18,13,9,10,12,21,7,3,19,8,10,11,11,13,32,14,16,23,10,16,8,9,16,17,3,7,7,17,7,5,3,18,8,6,6,12,9,16,14,10,9,-20,9,6,5,7,7,20,10,13,10,32,11,39,35,38,10,9,10,23,13,28,11,9,35,8,28,-20,49,5,6,7,16,12,35,8,6,7,15,21,5,17,10,42,6,15,26,9,12,24,12,15,9,7,6,13,16,26,14,6,11,19,9,21,12,22,10,6,12,13,17,45,32,13,6,16,17,10,22,9,17,25,5,30,27,21,29,27,62,50,69,100,74,41,38,49,42,39
"chr1,24884211",-20,-20,-20,-20,-20,-20,-20,-20,-20,-20,-20,8,32,35,19,7,38,26,129,60,50,-20,67,41,60,35,22,39,10,11,13,10,18,10,50,69,48,31,24,13,12,37,18,18,18,41,7,40,17,15,20,28,38,12,25,20,44,22,28,34,41,45,46,25,17,15,37,66,66,13,38,41,18,35,36,70,22,15,22,12,14,28,19,13,10,61,26,54,40,17,25,34,39,36,36,29,9,59,8,38,34,39,5,10,40,51,-20,38,35,-20,17,10,43,33,10,7,55,14,8,8,7,7,19,-20,30,-20,-20,28,17,-20,20,7,-20,-20,35,32,50,-20,-20,14,9,-20,-20,-20,28,10,-20,25,9,-20,3,11,21,58,33,10,6,57,126,38,-20,-20,-20,-20,-20,-20,-20,-20,7,19,83,89,63,18,20,57,20,12,24,101,26,29,35,-20,21,14,8,40,37,15,58,-20,17,15,15,24,37,33,39,11,10,21,42,22,52,41,51,89,23,18,55,30,38,30,40,31,44,17,31,10,21,31,25,24,23,42,19,18,31,23,30,26,29,69,12,20,19,21,20,25,32,20,28,26,16,28,18,26,25,11,25,33,11,19,17,41,29,18,32,30,21,12,27,20,25,13,13,13,40,35,33,38,30,13,26,61,28,71,37,52,15,16,7,42,-20,30,19,13,17,22,22,32,12,21,73,50,63,-20,-20,-20,16,-20,5,-20,8,50,43,-20,42,35,55,67,50,49,4,4,13,14,5,155,14,24,17,28,18,6,18,19,15,29,10,19,-20,15,41,14,13,47,42,-20,8,25,12,22,6,-20,-20,18,16,14,18,15,15,19,19,11,10,6,28,10,7,13,17,11,14,-20,-20,10,12,13,14,-20,5,17,12,12,12,20,8,17,9,13,12,21,23,8,17,16,-20,14,-20,16,7,11,-20,11,4,13,12,11,13,4,6,14,14,8,11,15,14,11,20,20,5,39,-20,5,8,-20,6,9,8,14,13,16,7,18,18,13,15,17,11,6,153,33,10,18,7,11,13,9,4,30,-20,14,13,9,5,18,15,16,12,16,9,14,4,11,5,21,8,6,3,17,15,14,21,12,10,8,14,10,9,14,17,18,16,11,14,8,50,45,14,15,15,12,7,19,12,12,21,25,6,11,15,14,29,9,3,8,8,9,8,13,2,4,64,8,12,6,35,12,12,18,-20,13,46,62,55,57,-20,54,41,-20,6,54,53,-20,10,21,3,25,21,32,31,7,32,-20,3,16,32,8,27,20,38,15,16,24,13,19,28,23,27,-20,16,3,6,6,15,36,32,12,16,19,37,37,8,10,31,18,19,-20,12,9,14,20,22,10,17,38,26,14,21,61,50,32,31,36,42,19,9,20,10,7,24,-20,7,9,17,11,-20,14,8,14,14,23,15,-20,11,41,-20,14,-20,14,19,12,7,16,14,8,9,7,13,24,13,12,56,23,31,38,28,23,23,21,43,29,24,31,19,63,45,39,112,27,34,10,28,32,97,19,9,18,11,21,43,19,18,24,43,22,34,51,10,44,14,117,35,41,36,31,23,18,20,17,-20,9,9,15,8,-20,10,11,9,11,11,16,7,11,8,11,8,6,20,19,17,12,20,10,16,8,11,16,7,8,11,13,12,12,11,18,12,21,10,9,8,12,17,10,13,8,11,14,12,9,10,-20,7,7,6,6,6,6,7,7,16,12,12,11,6,14,10,14,10,10,17,10,10,13,12,13,7,16,14,11,5,7,11,11,10,11,7,18,8,4,7,5,10,15,6,9,7,14,8,8,9,5,4,7,11,6,5,7,7,14,14,3,7,7,9,14,5,9,10,12,15,9,-20,5,9,7,7,4,10,4,9,11,7,5,-20,-20,7,7,17,12,-20,7,9,8,9,9,9,4,26,-20,7,6,6,6,7,4,5,9,12,-20,8,18,5,5,18,10,13,7,8,12,5,11,7,21,16,12,11,8,14,7,9,5,5,9,6,9,8,13,5,6,10,5,20,6,4,8,7,7,9,9,12,22,13,13,6,4,14,13,-20,7,5,6,11,6,-20,21,16,10,10,10,7,21,8,18,10,12,24,26,28,19,13,16,42,22,14,20,20,22,19,20,26,23,17,8,23,23,15,13,15,6,12,20,40,10,30,17,12,12,12,10,24,16,17,15,21,6,5,11,17,5,-20,11,5,-20,3,11,10,9,6,2,9,9,5,8,11,6,10,11,8,9,6,17,5,7,6,8,5,-20,9,9,11,13,13,8,9,7,14,9,9,-20,-20,3,4,-20,-20,3,6,4,8,11,5,8,17,11,16,15,12,9,10,12,20,7,3,19,7,9,8,10,12,35,14,14,23,10,16,8,8,15,17,3,7,7,15,6,5,-20,18,8,-20,4,10,10,16,14,10,9,-20,8,7,5,7,5,18,10,13,8,33,11,42,34,36,12,12,11,23,11,29,11,10,39,7,25,-20,47,7,7,6,13,10,40,11,7,7,14,25,4,18,9,42,7,17,29,9,12,29,12,15,9,8,7,18,16,27,15,6,11,20,11,17,11,24,10,5,12,10,-20,47,38,15,5,20,20,11,24,8,17,23,4,27,25,21,29,25,57,49,69,100,81,38,39,48,44,39
"chr1,24884213",-20,-20,-20,-20,-20,-20,-20,-20,-20,-20,-20,8,34,38,19,7,37,27,128,62,45,-20,68,42,60,36,22,39,10,11,12,9,18,9,51,67,45,32,23,13,12,39,16,16,18,42,-20,40,17,14,20,27,39,11,23,19,40,20,28,35,41,42,47,24,17,18,36,65,64,13,39,41,16,35,35,69,24,15,22,12,14,28,18,13,-20,63,26,56,40,16,25,32,40,37,35,29,9,61,8,37,35,39,4,10,40,53,-20,37,34,-20,17,11,43,31,10,7,55,13,8,8,6,7,19,7,29,-20,-20,28,17,-20,20,7,-20,-20,34,29,46,-20,-20,13,9,-20,-20,-20,28,10,-20,23,9,-20,-20,11,21,58,30,9,6,55,124,37,-20,-20,-20,-20,-20,-20,-20,-20,6,18,80,89,62,18,20,55,20,10,24,101,24,28,35,6,21,14,6,38,37,15,58,-20,17,15,15,20,37,32,39,11,10,20,39,21,52,41,51,89,23,18,50,28,38,29,37,31,43,17,30,10,20,31,25,23,22,43,19,18,30,21,28,26,28,62,12,18,19,21,20,25,32,19,27,25,16,27,18,25,25,11,25,29,11,19,17,38,29,17,30,30,15,11,27,19,24,13,12,13,39,35,32,38,29,13,25,45,26,69,36,49,15,16,7,41,-20,28,19,13,17,22,22,31,11,19,67,47,62,-20,-20,-20,13,-20,5,-20,8,50,42,-20,41,34,54,66,50,48,4,4,13,13,3,157,15,24,17,26,16,5,18,19,15,30,10,19,-20,15,41,14,13,48,36,-20,8,24,12,21,6,-20,-20,18,16,14,16,15,14,19,19,11,10,6,27,9,7,13,17,11,13,-20,-20,9,12,13,14,-20,4,17,12,11,12,-20,8,17,8,13,12,22,21,8,18,16,7,13,-20,16,7,11,-20,11,4,14,10,10,13,4,6,14,14,8,10,15,13,11,21,19,5,39,6,-20,8,-20,6,9,8,14,13,15,7,16,17,14,14,17,11,6,149,33,9,17,7,11,13,9,4,30,-20,14,13,9,4,17,15,16,12,15,8,15,4,11,-20,19,8,6,3,18,15,14,21,12,9,8,14,10,9,14,17,17,16,11,11,8,50,44,14,13,15,12,7,19,12,11,21,24,6,11,15,13,29,9,3,8,7,9,8,13,-20,4,65,8,9,6,34,12,12,19,-20,14,47,61,57,58,-20,55,40,-20,6,54,52,9,9,21,-20,24,22,32,28,7,28,-20,3,15,34,8,27,20,36,14,16,25,13,18,26,24,27,-20,14,3,6,6,15,34,31,11,15,18,37,37,8,10,30,18,18,5,13,8,12,18,19,10,16,37,26,14,21,66,50,32,31,37,42,18,9,20,10,7,22,-20,7,9,15,10,-20,14,8,14,14,23,15,-20,10,41,-20,14,4,14,19,11,6,15,14,8,9,6,12,20,13,10,54,23,30,37,27,22,23,19,39,27,24,28,19,62,45,39,111,28,33,10,27,30,96,17,8,15,10,21,44,18,18,24,43,21,34,51,10,48,12,115,32,41,36,30,20,17,17,17,4,9,9,15,8,-20,10,11,9,8,11,16,7,11,8,11,8,6,20,19,17,12,20,10,16,8,11,15,6,8,11,13,12,11,11,17,11,21,10,9,7,12,17,9,12,8,11,14,13,9,10,-20,7,7,6,-20,6,6,7,7,16,12,11,11,6,14,10,14,10,10,17,10,10,13,11,13,7,16,14,12,-20,7,11,11,10,10,7,17,8,-20,6,5,9,14,6,8,6,14,8,8,9,5,4,-20,11,6,-20,7,6,14,14,-20,7,7,9,14,5,9,10,10,15,9,-20,4,9,7,-20,4,10,4,8,11,7,4,-20,10,7,7,17,11,-20,7,9,8,9,9,9,4,25,-20,7,6,6,5,7,4,5,9,11,-20,8,18,5,5,16,10,13,7,8,11,5,11,7,18,15,11,12,8,14,7,9,5,5,9,-20,9,7,14,5,5,10,5,20,6,4,8,7,7,8,9,12,22,13,13,6,4,14,13,-20,7,-20,6,11,5,-20,21,16,9,-20,9,-20,21,8,18,10,12,24,26,29,19,13,15,42,21,13,20,20,22,17,19,26,22,17,8,23,24,15,13,13,6,12,20,39,10,30,17,12,12,12,10,23,16,16,15,20,6,5,11,17,5,-20,11,5,7,3,10,10,9,6,2,8,9,5,8,11,5,10,11,8,9,5,17,5,7,6,8,4,-20,9,8,11,12,13,8,9,-20,13,8,9,-20,-20,3,4,-20,-20,3,6,3,7,11,5,8,16,10,16,14,12,9,10,12,20,-20,3,18,-20,9,7,10,11,35,13,14,21,10,16,-20,8,13,17,3,7,6,13,6,5,-20,17,-20,-20,4,9,10,16,14,10,9,-20,8,7,5,7,5,18,10,13,8,26,10,40,32,38,10,10,10,22,10,30,10,9,39,7,27,-20,49,6,6,6,13,9,37,10,7,6,18,22,4,16,8,39,6,16,25,9,12,22,10,14,9,7,7,16,14,25,12,6,10,17,9,14,12,20,9,5,10,9,17,44,35,17,6,17,19,11,24,7,17,23,4,27,24,22,28,23,56,48,60,100,81,38,41,47,44,38
"chr1,24884215",-20,-20,-20,-20,-20,-20,-20,-20,-20,-20,-20,8,34,38,19,7,37,26,126,63,45,-20,67,42,62,35,23,39,10,10,11,9,17,9,51,66,46,32,23,13,12,40,16,15,18,42,-20,38,17,10,18,27,39,11,25,18,39,20,28,37,41,41,48,23,18,16,36,64,63,15,39,42,16,34,33,68,25,15,22,12,14,29,18,13,-20,63,25,55,36,16,25,33,41,36,34,29,9,61,8,37,34,39,4,10,39,52,-20,38,35,-20,17,10,40,31,10,7,53,13,8,8,6,7,19,7,28,-20,-20,26,17,-20,20,7,-20,-20,29,28,46,-20,-20,12,9,-20,-20,-20,26,10,-20,20,9,-20,3,11,21,55,30,8,6,55,122,36,-20,-20,-20,-20,-20,-20,-20,-20,6,18,77,85,59,18,20,54,20,10,22,97,23,26,33,4,21,14,6,37,37,11,56,-20,15,15,12,20,37,32,37,8,9,20,39,21,51,41,48,89,23,17,48,29,38,29,36,31,42,15,30,-20,18,30,24,23,22,40,18,16,30,22,25,24,28,62,11,18,18,21,20,24,31,19,27,25,16,27,18,25,24,9,25,29,9,19,17,36,28,17,29,30,15,11,26,19,22,13,13,12,39,33,31,36,29,13,25,40,26,71,34,47,15,16,7,41,-20,26,17,12,17,22,21,30,11,18,66,47,60,-20,-20,-20,12,-20,6,-20,7,51,43,-20,40,34,51,66,53,48,-20,4,12,13,3,157,14,24,16,27,16,5,18,18,15,28,10,19,-20,15,39,13,13,49,35,-20,7,23,12,24,6,-20,-20,17,14,14,15,15,13,18,18,11,10,6,27,8,7,14,17,10,13,-20,-20,8,12,12,14,-20,4,15,12,10,12,-20,8,16,6,13,12,23,19,8,18,16,7,13,-20,17,6,11,-20,10,4,15,9,10,12,4,6,14,13,8,10,14,13,10,22,20,5,41,4,-20,8,-20,6,9,8,14,11,14,6,12,16,14,12,17,11,5,150,31,9,15,7,11,13,9,4,30,-20,14,13,9,4,19,13,16,11,15,8,14,4,11,-20,17,8,-20,3,18,14,14,20,11,9,8,14,10,9,14,16,16,17,11,11,8,51,44,13,10,15,11,7,19,12,10,20,24,6,11,13,11,28,9,3,8,6,8,8,12,-20,4,69,8,-20,5,32,12,10,17,-20,15,47,62,56,56,-20,57,41,-20,6,57,50,9,9,21,-20,24,22,32,27,7,27,-20,3,15,34,8,26,20,32,14,15,25,13,17,23,26,27,-20,14,-20,5,5,15,35,27,11,15,18,36,33,8,10,29,18,16,5,13,8,12,18,20,-20,16,38,26,13,21,67,51,31,34,37,42,17,9,19,8,7,21,-20,7,8,14,10,-20,14,8,14,14,23,15,-20,10,41,-20,13,3,14,19,10,-20,15,14,8,-20,5,13,17,13,11,50,23,27,37,27,22,23,19,39,27,24,27,19,60,43,39,111,27,31,9,23,31,93,16,8,12,9,21,41,17,17,23,42,21,31,51,10,48,11,114,32,42,36,30,20,17,17,17,4,9,9,15,8,3,9,11,9,8,11,16,7,11,-20,11,8,6,20,19,17,12,18,9,16,8,11,14,6,8,11,13,12,11,11,17,11,20,9,9,7,12,17,9,12,8,11,13,13,9,10,-20,7,7,6,-20,6,6,7,7,15,12,11,11,5,14,10,14,10,10,17,10,9,13,11,-20,-20,15,13,12,-20,6,11,-20,10,-20,7,15,8,-20,6,4,9,14,6,8,6,14,8,8,9,5,4,-20,11,6,-20,7,6,14,14,-20,-20,7,9,13,5,9,10,10,-20,8,-20,-20,9,7,-20,4,10,4,-20,11,7,4,-20,10,7,7,17,11,-20,7,9,8,-20,8,9,4,25,-20,7,6,6,5,7,4,5,9,11,-20,8,18,5,5,16,10,12,7,8,11,-20,11,7,18,15,11,12,8,14,7,9,6,5,9,4,9,7,15,5,5,10,5,20,6,4,8,7,-20,8,9,12,23,13,13,6,4,14,13,6,7,5,6,11,-20,-20,21,16,9,10,8,7,21,8,17,10,12,23,26,29,20,13,15,41,21,13,21,21,22,16,18,27,22,17,-20,23,24,15,13,14,6,11,20,39,9,32,16,12,12,12,10,22,16,16,16,20,6,5,10,18,4,-20,12,4,7,3,10,10,9,6,-20,8,9,5,8,10,5,10,11,8,9,5,17,5,7,6,8,3,-20,9,7,11,11,13,8,8,-20,13,8,9,-20,-20,3,4,-20,-20,3,6,3,7,11,5,-20,15,10,16,15,12,9,9,12,19,6,3,18,-20,9,7,10,10,34,13,14,21,10,16,8,8,13,17,3,7,6,13,6,5,-20,17,-20,-20,-20,9,10,17,14,10,-20,-20,7,7,5,7,5,18,9,13,8,27,7,39,32,36,12,10,10,20,9,28,9,10,37,7,25,-20,45,5,6,6,11,7,37,8,7,5,15,23,4,16,7,37,5,15,27,9,11,21,10,14,8,7,7,16,12,25,12,5,-20,17,7,-20,12,20,8,4,10,9,17,46,30,18,6,17,16,9,22,7,16,21,4,26,25,22,28,23,56,48,60,100,79,38,40,46,42,37
"chr1,24884225",-20,-20,-20,-20,-20,-20,-20,-20,-20,-20,-20,-20,38,40,18,7,35,23,130,67,56,-20,66,43,67,37,27,42,10,-20,-20,-20,18,10,55,68,49,39,26,15,9,43,13,-20,15,39,-20,44,20,10,23,36,44,14,28,23,43,18,27,39,40,40,46,27,16,16,35,71,62,16,37,42,-20,34,36,66,25,13,19,-20,15,30,19,13,-20,64,28,57,39,16,21,33,36,37,33,28,11,63,-20,37,36,39,4,11,43,56,-20,37,39,4,-20,11,40,-20,-20,-20,57,12,8,8,-20,-20,19,-20,-20,-20,-20,36,-20,-20,-20,9,-20,-20,-20,-20,-20,-20,-20,15,9,-20,-20,-20,-20,11,-20,24,8,-20,-20,13,21,-20,31,6,-20,-20,-20,39,-20,-20,-20,-20,-20,-20,-20,-20,-20,-20,-20,-20,-20,-20,-20,-20,-20,13,-20,122,23,23,-20,-20,21,13,-20,37,37,16,-20,-20,-20,13,17,22,-20,-20,44,-20,9,22,56,-20,64,35,53,98,26,18,76,40,41,40,40,28,56,18,33,-20,-20,32,23,26,-20,33,22,-20,27,-20,29,-20,-20,100,12,24,-20,-20,23,20,36,18,-20,-20,21,29,19,29,22,11,-20,-20,-20,-20,21,35,-20,-20,-20,-20,-20,10,-20,24,28,14,17,14,46,36,38,42,26,18,-20,-20,38,-20,-20,53,-20,-20,10,-20,-20,-20,-20,-20,-20,28,-20,33,12,-20,79,40,73,-20,-20,-20,12,-20,6,-20,8,49,41,-20,42,36,47,69,56,46,-20,5,-20,-20,-20,152,18,21,19,-20,-20,-20,-20,-20,14,-20,-20,15,-20,18,40,13,-20,50,45,-20,-20,26,18,26,-20,5,-20,17,15,13,15,-20,-20,24,-20,-20,-20,-20,34,7,-20,-20,-20,11,16,-20,-20,-20,12,10,16,-20,-20,-20,12,8,-20,14,-20,11,11,11,12,23,14,12,19,25,8,-20,3,14,-20,11,-20,13,-20,15,11,10,12,-20,9,-20,16,8,-20,18,18,-20,22,21,-20,41,-20,-20,9,-20,-20,9,-20,12,14,13,6,10,14,17,-20,-20,12,6,146,35,9,18,10,-20,-20,-20,-20,23,-20,14,12,10,7,20,21,16,13,14,8,-20,-20,-20,9,15,-20,9,5,15,19,-20,20,9,12,7,-20,10,10,14,-20,15,19,-20,14,14,46,46,13,-20,15,-20,-20,-20,-20,15,23,26,7,-20,10,13,24,12,6,7,-20,10,-20,13,-20,-20,64,8,-20,5,34,-20,-20,15,-20,17,51,64,54,61,-20,57,40,-20,11,51,49,6,8,29,-20,-20,22,-20,32,-20,27,-20,-20,-20,33,-20,25,-20,35,-20,16,23,15,16,-20,22,28,-20,16,-20,6,-20,13,38,32,11,16,19,-20,48,8,14,30,-20,-20,5,14,7,-20,15,17,10,-20,27,-20,18,26,61,53,26,29,43,42,22,-20,-20,-20,-20,-20,-20,-20,-20,-20,-20,-20,15,-20,-20,-20,-20,17,-20,-20,49,-20,17,5,-20,20,15,8,15,-20,-20,-20,-20,15,-20,16,10,-20,24,29,-20,-20,-20,21,26,41,37,-20,22,-20,-20,-20,-20,-20,-20,37,-20,21,34,97,-20,12,-20,10,-20,-20,25,24,33,44,23,32,60,-20,49,22,127,32,39,38,-20,22,18,28,20,-20,13,-20,-20,-20,-20,12,19,-20,11,-20,-20,-20,-20,10,14,9,7,23,-20,-20,14,-20,-20,-20,-20,-20,-20,-20,-20,14,-20,-20,14,-20,16,-20,21,-20,-20,-20,-20,-20,-20,-20,-20,-20,-20,13,-20,10,-20,10,-20,-20,-20,-20,-20,11,11,-20,-20,10,-20,-20,15,12,-20,-20,-20,17,13,-20,-20,-20,-20,-20,15,-20,-20,-20,-20,12,-20,10,-20,9,-20,7,-20,-20,-20,10,13,-20,6,-20,14,-20,-20,-20,9,-20,-20,16,9,-20,-20,6,14,19,-20,-20,7,-20,16,-20,-20,-20,12,15,9,-20,4,9,-20,-20,-20,9,-20,8,8,8,6,8,8,7,-20,17,-20,-20,-20,10,-20,-20,-20,-20,-20,-20,-20,9,6,-20,6,8,-20,7,-20,-20,-20,-20,-20,-20,-20,-20,-20,-20,8,10,-20,8,9,-20,21,21,-20,10,10,-20,-20,10,7,-20,-20,-20,8,-20,16,-20,-20,18,-20,19,8,6,-20,10,-20,12,-20,-20,20,15,-20,-20,6,-20,-20,-20,6,-20,7,15,7,-20,25,19,-20,11,9,-20,20,-20,9,-20,-20,21,28,25,23,14,13,35,33,18,18,23,22,18,-20,26,21,19,14,24,27,15,14,13,10,-20,18,32,-20,37,20,17,12,16,12,24,15,14,21,17,12,-20,10,19,5,-20,13,-20,-20,-20,-20,-20,-20,9,-20,12,-20,-20,8,-20,8,-20,-20,9,13,7,-20,9,-20,-20,-20,6,-20,-20,-20,-20,12,-20,-20,7,-20,-20,-20,6,-20,-20,-20,-20,-20,5,-20,-20,-20,12,-20,-20,7,-20,11,16,17,-20,11,15,-20,-20,-20,10,17,-20,-20,-20,-20,14,-20,-20,-20,-20,13,16,-20,-20,19,15,-20,11,8,-20,7,5,2,16,9,-20,6,12,10,18,12,12,-20,-20,-20,7,-20,9,-20,18,-20,15,8,33,6,39,-20,-20,7,-20,9,16,12,-20,8,-20,35,-20,-20,-20,53,-20,10,-20,11,10,49,-20,-20,-20,20,-20,-20,-20,-20,39,-20,-20,-20,7,-20,-20,11,14,-20,11,9,-20,7,-20,-20,-20,8,19,7,13,10,23,-20,-20,-20,10,-20,47,35,20,-20,16,-20,9,-20,9,-20,-20,-20,-20,28,22,31,-20,-20,48,73,93,99,46,30,43,46,39
"chr1,24884227",-20,-20,-20,-20,-20,-20,-20,-20,-20,-20,-20,-20,38,41,18,7,34,23,128,66,-20,-20,64,42,67,34,26,41,-20,-20,-20,-20,-20,-20,54,70,47,37,28,-20,11,40,16,-20,15,40,-20,-20,-20,-20,-20,-20,-20,-20,-20,-20,-20,21,27,40,40,37,46,26,16,16,36,69,60,17,36,44,-20,35,37,63,27,14,19,-20,16,31,20,13,-20,66,29,57,39,16,21,33,37,35,34,27,-20,63,-20,36,34,38,5,11,43,57,-20,36,39,-20,-20,11,-20,-20,-20,-20,-20,-20,-20,8,-20,-20,17,-20,-20,-20,-20,-20,-20,-20,-20,9,-20,-20,-20,-20,-20,-20,-20,-20,9,-20,-20,-20,-20,11,-20,-20,11,-20,-20,-20,-20,-20,-20,-20,-20,-20,-20,-20,-20,-20,-20,-20,-20,-20,-20,-20,-20,-20,-20,-20,-20,-20,-20,-20,-20,-20,-20,-20,-20,-20,-20,-20,-20,-20,-20,-20,36,-20,-20,-20,-20,-20,-20,-20,-20,-20,-20,-20,9,-20,-20,-20,-20,-20,-20,-20,-20,-20,-20,-20,-20,-20,-20,-20,-20,-20,-20,-20,-20,-20,24,-20,-20,32,-20,-20,-20,-20,-20,-20,-20,-20,-20,-20,-20,-20,-20,-20,-20,-20,-20,-20,-20,-20,-20,-20,-20,-20,-20,-20,-20,-20,-20,-20,-20,-20,-20,-20,-20,-20,-20,-20,-20,-20,-20,-20,-20,-20,-20,-20,-20,-20,-20,-20,-20,-20,-20,-20,-20,-20,-20,-20,-20,-20,-20,-20,-20,28,-20,-20,-20,-20,-20,-20,-20,-20,-20,-20,-20,-20,6,-20,-20,49,40,-20,42,37,45,71,56,45,-20,-20,-20,-20,-20,151,-20,22,19,-20,-20,-20,-20,-20,-20,-20,-20,-20,-20,21,38,-20,-20,50,-20,-20,-20,-20,-20,27,-20,-20,-20,-20,-20,-20,-20,-20,-20,-20,-20,-20,-20,-20,-20,-20,-20,-20,-20,-20,16,-20,-20,-20,-20,-20,-20,-20,-20,-20,-20,8,-20,-20,-20,10,-20,10,12,23,-20,-20,20,-20,-20,-20,-20,15,-20,-20,-20,-20,-20,15,-20,-20,-20,-20,-20,-20,-20,-20,-20,-20,-20,-20,24,20,-20,39,-20,-20,8,-20,-20,9,-20,-20,-20,-20,-20,10,-20,18,-20,-20,-20,-20,147,35,10,-20,-20,-20,-20,-20,-20,21,-20,14,11,-20,-20,19,-20,17,-20,-20,8,-20,-20,-20,-20,-20,-20,-20,-20,15,-20,-20,-20,10,-20,7,-20,-20,10,-20,-20,14,19,-20,-20,-20,46,45,14,-20,15,-20,-20,-20,-20,-20,-20,-20,-20,-20,-20,-20,25,-20,-20,-20,-20,-20,-20,-20,-20,-20,62,-20,-20,5,-20,-20,-20,-20,-20,17,51,63,53,63,-20,56,43,-20,-20,49,48,7,9,-20,-20,-20,-20,-20,-20,7,-20,-20,-20,-20,31,7,-20,-20,-20,-20,-20,20,-20,-20,-20,25,28,-20,-20,-20,-20,-20,-20,-20,-20,-20,-20,-20,-20,-20,-20,-20,-20,-20,-20,-20,15,-20,-20,-20,-20,-20,-20,27,11,-20,-20,59,51,26,28,44,-20,-20,-20,-20,-20,-20,-20,-20,-20,-20,-20,-20,-20,14,-20,-20,-20,-20,-20,6,-20,-20,-20,-20,-20,-20,-20,-20,-20,-20,-20,-20,-20,-20,-20,-20,-20,-20,-20,-20,-20,-20,-20,-20,-20,-20,-20,-20,-20,-20,-20,-20,-20,-20,-20,-20,-20,-20,-20,36,-20,-20,-20,-20,-20,-20,-20,-20,-20,-20,-20,-20,-20,-20,-20,50,-20,-20,-20,36,-20,-20,-20,-20,-20,-20,-20,-20,-20,-20,-20,-20,-20,-20,-20,-20,-20,-20,-20,-20,-20,-20,-20,-20,-20,-20,-20,-20,-20,-20,-20,-20,-20,-20,-20,-20,-20,-20,-20,-20,-20,-20,-20,-20,-20,-20,-20,-20,-20,-20,-20,-20,-20,-20,-20,-20,-20,-20,-20,-20,-20,-20,-20,-20,-20,-20,-20,-20,-20,-20,-20,-20,-20,-20,-20,-20,17,-20,-20,-20,-20,-20,-20,-20,-20,-20,-20,-20,-20,-20,-20,-20,-20,-20,-20,-20,-20,-20,-20,-20,-20,-20,-20,-20,-20,-20,-20,-20,-20,-20,-20,-20,-20,-20,-20,-20,-20,-20,-20,-20,-20,-20,-20,-20,-20,-20,-20,-20,-20,-20,-20,-20,-20,-20,-20,-20,-20,-20,-20,-20,-20,-20,-20,-20,15,-20,-20,-20,-20,-20,-20,-20,-20,-20,-20,-20,-20,-20,-20,-20,-20,-20,-20,-20,-20,-20,-20,-20,-20,-20,-20,-20,-20,-20,-20,-20,-20,-20,-20,-20,-20,-20,10,-20,-20,-20,-20,7,-20,-20,-20,-20,-20,15,-20,-20,-20,-20,19,-20,-20,-20,-20,-20,-20,-20,-20,21,-20,-20,-20,-20,-20,-20,-20,7,-20,-20,-20,-20,-20,-20,-20,-20,-20,-20,-20,19,-20,-20,-20,-20,20,28,25,24,-20,-20,34,-20,-20,19,22,22,18,-20,26,21,17,-20,25,-20,15,-20,13,-20,-20,18,34,-20,38,-20,-20,12,-20,-20,23,16,15,20,16,-20,-20,10,19,-20,-20,-20,-20,-20,-20,-20,-20,-20,-20,-20,-20,-20,-20,-20,-20,-20,-20,-20,-20,-20,7,-20,-20,-20,-20,-20,-20,-20,-20,-20,-20,-20,-20,-20,-20,-20,-20,-20,-20,-20,-20,-20,-20,-20,-20,-20,-20,-20,-20,-20,-20,-20,-20,-20,-20,-20,-20,-20,-20,-20,-20,-20,-20,17,-20,-20,-20,-20,-20,-20,-20,-20,-20,-20,-20,-20,-20,-20,-20,-20,-20,-20,-20,-20,-20,2,-20,-20,-20,-20,-20,-20,19,12,-20,-20,-20,-20,6,-20,-20,-20,-20,-20,-20,-20,-20,6,42,-20,-20,-20,-20,-20,-20,-20,-20,-20,-20,-20,-20,-20,-20,-20,-20,-20,6,-20,-20,-20,-20,-20,-20,-20,-20,-20,-20,-20,-20,-20,-20,-20,-20,-20,-20,-20,-20,-20,-20,-20,-20,-20,-20,-20,-20,-20,-20,-20,13,-20,-20,7,-20,-20,-20,-20,-20,-20,17,-20,-20,-20,-20,-20,-20,-20,-20,-20,-20,28,21,32,-20,-20,49,-20,-20,-20,-20,31,-20,-20,-20
"chr1,24884230",-20,-20,-20,-20,-20,-20,-20,-20,-20,-20,-20,11,39,40,19,7,37,21,128,66,49,-20,65,45,65,34,26,44,9,-20,14,-20,13,10,54,70,46,39,27,14,10,41,16,18,16,43,-20,40,20,9,19,36,38,12,24,21,42,31,25,40,40,37,47,28,16,15,35,66,61,17,38,40,19,34,38,67,26,14,20,-20,16,31,20,14,14,64,29,57,38,17,23,33,37,35,33,25,11,66,11,39,31,38,5,11,43,59,-20,39,39,-20,-20,10,38,29,-20,9,53,12,8,8,11,12,18,-20,30,-20,-20,35,-20,-20,23,9,-20,-20,29,42,41,-20,-20,16,9,-20,-20,-20,24,10,-20,18,11,-20,-20,12,19,-20,30,3,-20,-20,-20,36,-20,-20,-20,-20,-20,-20,-20,-20,-20,19,81,89,-20,-20,26,-20,-20,13,-20,113,23,20,32,-20,19,-20,-20,29,36,14,-20,-20,17,-20,15,25,-20,-20,40,-20,8,20,51,25,69,33,53,91,25,12,75,37,33,39,40,25,53,-20,29,-20,-20,29,24,24,-20,36,21,-20,18,25,27,-20,-20,97,10,24,-20,34,22,20,35,17,-20,-20,21,23,18,19,25,10,-20,-20,13,-20,17,32,29,15,39,28,7,12,26,22,24,-20,17,13,44,38,34,40,21,15,29,-20,35,-20,-20,50,-20,-20,10,40,-20,24,24,-20,-20,27,28,27,12,-20,78,57,64,-20,-20,-20,9,-20,6,-20,8,47,41,-20,45,36,48,66,57,44,-20,-20,-20,-20,-20,156,15,22,20,-20,28,-20,-20,17,-20,27,6,14,-20,21,38,13,16,50,39,5,-20,23,14,27,-20,5,-20,14,14,14,15,13,-20,19,19,10,9,6,31,7,8,11,-20,10,15,-20,-20,-20,10,10,14,-20,-20,6,10,8,-20,10,7,10,8,10,12,22,13,9,22,23,5,11,5,16,-20,11,-20,14,-20,15,-20,11,10,9,-20,15,12,8,12,20,16,-20,24,22,-20,36,3,9,8,-20,-20,9,-20,10,13,13,6,11,13,20,-20,24,9,-20,146,35,10,14,7,9,-20,-20,6,22,-20,14,10,8,8,19,17,17,12,-20,9,12,6,10,8,12,13,7,4,12,18,11,18,10,8,8,13,8,10,13,17,13,20,-20,13,14,46,43,14,9,16,-20,6,16,-20,12,22,20,5,16,9,8,25,10,6,4,-20,9,-20,11,-20,-20,59,-20,6,5,32,9,-20,13,-20,17,50,65,50,61,-20,56,42,-20,9,54,49,7,9,26,-20,-20,21,34,27,7,26,-20,-20,-20,30,7,24,21,34,16,14,21,15,15,19,27,27,-20,15,3,6,8,-20,36,30,9,15,12,31,46,-20,10,27,14,10,4,14,6,-20,14,-20,8,-20,26,11,15,27,56,52,26,30,42,38,19,9,22,13,7,24,3,5,9,15,9,-20,14,11,14,16,30,17,5,13,45,-20,16,5,13,20,10,6,14,14,6,-20,-20,16,24,13,10,48,24,28,56,38,-20,15,25,38,29,-20,38,24,59,59,-20,110,39,34,-20,20,35,90,-20,10,9,-20,17,30,19,23,34,39,18,28,61,-20,53,22,108,29,39,34,45,20,15,24,17,-20,10,9,9,9,6,11,19,12,11,12,-20,10,10,11,14,7,7,25,-20,14,14,15,12,21,13,-20,19,9,10,12,-20,13,14,16,16,17,20,11,-20,-20,8,-20,12,-20,7,-20,20,13,-20,7,-20,8,-20,-20,-20,5,7,9,11,16,12,7,-20,-20,13,12,-20,12,-20,16,12,11,11,7,11,6,12,-20,-20,7,-20,6,11,10,7,8,23,6,-20,10,-20,10,12,5,7,-20,13,-20,6,14,4,6,6,15,9,-20,-20,-20,12,19,-20,-20,7,13,14,-20,-20,-20,10,15,9,7,-20,-20,-20,-20,5,8,-20,6,7,-20,6,7,8,7,9,18,8,-20,5,10,-20,9,19,9,-20,22,-20,11,5,-20,6,8,-20,8,-20,16,3,11,17,8,7,14,14,-20,8,10,-20,8,9,-20,22,21,9,10,8,-20,6,9,8,8,-20,-20,8,-20,15,-20,-20,14,-20,20,8,5,6,9,-20,11,12,-20,18,14,-20,-20,6,12,-20,9,7,6,-20,14,-20,-20,25,18,9,9,-20,-20,21,-20,9,12,-20,19,27,25,25,14,13,34,31,16,18,24,23,19,-20,25,21,18,13,26,27,16,14,15,8,-20,21,34,7,37,19,18,14,14,12,22,16,15,19,15,10,-20,10,19,4,-20,18,-20,5,7,-20,13,8,8,-20,9,-20,6,6,11,8,-20,-20,9,11,10,-20,8,-20,-20,9,5,4,-20,-20,10,10,12,6,7,8,-20,-20,5,-20,-20,-20,-20,-20,5,-20,-20,5,10,11,-20,-20,-20,-20,17,16,11,10,15,9,12,7,8,17,6,11,8,-20,11,50,15,13,20,13,12,6,10,19,14,-20,9,7,-20,7,5,3,15,6,-20,7,11,11,20,13,-20,6,-20,-20,6,-20,9,-20,20,-20,12,7,30,6,45,34,46,7,-20,10,19,12,28,11,-20,33,7,25,-20,51,-20,11,7,10,8,49,8,-20,-20,13,-20,5,14,-20,40,-20,17,32,6,-20,20,8,10,-20,12,9,16,8,28,11,-20,4,20,5,16,7,19,7,-20,-20,10,13,44,30,16,5,-20,19,9,-20,8,-20,31,-20,35,31,20,30,29,70,52,63,92,96,44,31,40,43,36
"chr1,24884236",-20,-20,-20,-20,-20,-20,-20,-20,-20,-20,-20,3,42,42,19,9,39,22,124,68,17,-20,66,49,65,36,27,42,6,-20,-20,-20,4,3,57,66,46,38,29,-20,11,39,16,5,11,43,-20,11,6,-20,10,14,9,-20,-20,4,7,18,27,39,43,34,49,32,15,13,34,63,57,18,32,38,6,36,39,69,28,13,20,7,15,26,20,12,-20,62,28,61,38,18,24,34,40,36,34,23,5,68,4,42,30,39,4,11,43,61,-20,40,38,-20,-20,9,8,12,-20,4,10,3,-20,-20,7,5,19,-20,11,-20,-20,15,-20,-20,9,8,-20,-20,5,17,10,-20,-20,-20,10,-20,-20,-20,-20,-20,-20,5,10,-20,-20,5,5,14,6,-20,4,12,-20,6,-20,-20,-20,-20,-20,-20,-20,-20,-20,7,34,33,19,13,10,21,-20,6,-20,24,9,5,14,3,5,-20,-20,5,33,6,8,-20,6,-20,6,13,11,10,12,-20,11,-20,13,9,27,5,10,25,6,3,29,16,4,18,9,5,21,-20,5,-20,-20,5,21,10,6,34,8,-20,-20,8,9,10,-20,40,4,9,-20,25,7,4,6,6,24,5,6,9,6,7,8,6,-20,-20,6,9,7,7,6,3,14,9,-20,8,7,6,10,-20,4,4,14,-20,11,15,5,6,10,14,13,33,20,23,-20,8,-20,22,4,9,12,-20,5,27,8,5,5,-20,22,27,20,-20,-20,-20,4,-20,6,-20,3,49,43,-20,47,38,49,67,58,40,-20,-20,12,10,-20,158,6,23,19,15,14,-20,7,5,-20,17,2,5,-20,21,42,5,4,53,-20,-20,-20,9,7,31,6,4,-20,5,3,-20,3,-20,-20,8,5,-20,2,-20,10,3,-20,6,-20,-20,15,-20,-20,-20,-20,3,5,-20,-20,5,3,8,-20,5,3,10,3,9,14,21,-20,7,21,-20,3,-20,3,15,5,-20,-20,7,-20,16,4,-20,2,5,4,-20,3,2,7,6,6,-20,21,21,-20,33,-20,5,8,-20,-20,11,-20,-20,4,3,-20,10,4,19,-20,18,-20,-20,140,36,11,6,3,3,-20,-20,-20,22,-20,13,7,-20,-20,20,7,18,-20,-20,9,5,-20,5,6,2,8,3,3,9,8,3,-20,11,3,8,5,-20,10,-20,6,13,19,-20,-20,7,47,45,15,-20,15,-20,3,4,6,6,9,-20,-20,7,-20,-20,21,-20,3,3,-20,-20,-20,4,-20,-20,55,-20,3,5,7,-20,3,3,-20,17,51,63,54,61,-20,55,43,-20,5,55,51,5,10,6,-20,7,6,11,8,6,-20,-20,-20,-20,30,7,5,7,7,7,4,20,4,4,-20,27,37,-20,4,2,-20,5,-20,6,10,2,5,3,9,16,-20,5,9,7,6,2,14,3,8,-20,-20,3,-20,32,9,9,10,49,57,25,29,45,11,9,5,9,-20,-20,9,2,2,3,5,-20,-20,15,5,6,6,14,6,5,4,10,-20,7,3,4,6,-20,3,4,3,-20,-20,-20,4,15,8,3,16,4,7,26,22,5,-20,7,14,9,4,17,16,24,25,9,49,18,10,-20,4,35,32,-20,5,3,-20,4,-20,8,11,15,10,6,7,27,-20,43,13,24,12,41,10,29,6,-20,12,4,-20,5,4,3,3,5,6,9,4,3,5,3,4,4,5,4,3,3,9,-20,2,5,3,3,8,6,-20,6,4,4,5,-20,5,4,7,3,6,-20,3,-20,-20,3,-20,5,-20,-20,-20,9,5,-20,4,-20,4,-20,-20,-20,-20,4,5,6,7,3,3,-20,-20,4,5,-20,7,-20,17,5,4,-20,-20,3,3,3,-20,-20,3,-20,-20,6,-20,-20,3,13,-20,-20,6,-20,3,-20,-20,5,-20,-20,-20,-20,6,-20,3,-20,10,4,-20,-20,-20,2,6,-20,-20,4,5,6,-20,-20,-20,4,5,-20,5,-20,2,-20,-20,-20,2,-20,4,-20,-20,3,4,-20,-20,5,19,3,-20,-20,3,-20,4,12,-20,-20,-20,6,-20,-20,-20,-20,-20,-20,4,-20,8,-20,4,5,4,3,4,5,-20,3,3,-20,5,-20,10,8,-20,-20,-20,-20,-20,-20,-20,9,3,-20,-20,3,-20,16,-20,-20,-20,-20,20,3,3,-20,5,-20,6,5,5,18,3,10,3,-20,-20,9,4,-20,-20,-20,-20,-20,-20,6,9,2,4,-20,-20,20,-20,-20,3,-20,17,25,24,24,4,3,34,12,7,19,23,24,19,-20,26,21,18,7,26,-20,16,7,15,-20,-20,23,32,3,35,7,8,14,5,-20,22,15,16,19,14,5,-20,10,19,-20,-20,12,-20,-20,4,-20,7,3,4,-20,5,-20,3,-20,2,5,-20,8,-20,5,9,-20,4,-20,-20,5,4,-20,-20,-20,4,4,3,-20,2,-20,-20,-20,-20,-20,3,-20,-20,-20,3,3,-20,-20,5,4,-20,-20,-20,-20,4,7,-20,4,-20,4,2,5,7,17,-20,5,3,-20,6,22,6,5,-20,4,2,-20,5,6,-20,-20,5,-20,-20,3,-20,-20,4,-20,-20,3,4,3,20,12,-20,3,-20,-20,6,-20,-20,-20,-20,-20,-20,-20,-20,4,41,-20,-20,-20,-20,-20,-20,-20,-20,-20,-20,-20,-20,-20,-20,-20,-20,-20,5,-20,-20,-20,-20,-20,-20,-20,-20,-20,-20,-20,-20,-20,-20,-20,-20,-20,-20,-20,-20,-20,-20,-20,-20,-20,-20,-20,-20,7,17,-20,16,-20,-20,7,-20,-20,-20,-20,-20,-20,17,-20,-20,-20,-20,7,-20,-20,18,-20,13,30,22,32,11,24,50,17,25,26,15,32,6,7,7
"chr1,24884240",-20,-20,-20,-20,-20,-20,-20,-20,-20,-20,-20,3,43,41,19,9,40,24,126,74,16,-20,68,50,64,37,27,42,4,-20,8,-20,3,-20,61,65,49,38,29,-20,11,41,16,5,10,43,-20,9,6,4,10,13,9,-20,9,4,7,20,23,41,44,35,48,33,17,14,34,68,57,18,31,38,4,36,39,69,28,13,20,9,15,27,21,12,6,61,29,62,40,18,23,32,40,34,31,24,-20,73,4,42,30,40,4,11,45,60,-20,40,35,-20,-20,9,7,12,-20,3,9,-20,-20,6,7,4,17,-20,11,-20,-20,15,5,-20,7,8,-20,-20,5,17,10,-20,-20,-20,9,-20,-20,-20,6,10,-20,4,10,-20,-20,4,5,17,6,3,3,22,-20,5,-20,-20,-20,-20,-20,-20,-20,-20,-20,7,34,36,19,14,19,25,-20,5,-20,24,8,5,16,3,5,-20,-20,5,23,6,8,-20,6,-20,6,13,12,13,12,-20,16,-20,10,9,27,5,9,25,5,3,29,15,4,15,9,5,21,-20,5,-20,-20,5,23,10,6,33,8,-20,5,8,9,10,-20,36,4,8,-20,29,6,-20,6,5,26,5,5,9,6,7,8,5,-20,-20,6,9,7,6,6,3,13,9,-20,8,7,5,8,-20,4,-20,13,8,9,13,4,6,13,15,13,31,20,23,-20,9,4,21,-20,14,13,-20,5,24,8,5,5,-20,19,27,19,-20,-20,-20,3,-20,6,-20,-20,47,44,-20,45,39,48,66,58,41,-20,-20,12,12,-20,160,6,23,19,15,18,-20,8,5,-20,17,2,5,-20,21,41,5,4,48,15,-20,-20,9,7,30,8,4,-20,5,3,6,3,-20,-20,7,5,-20,2,-20,9,3,-20,5,-20,-20,15,-20,-20,-20,-20,3,4,-20,-20,5,3,-20,-20,5,3,10,3,9,14,21,-20,6,19,-20,2,-20,3,16,5,-20,-20,7,-20,14,-20,3,2,4,3,-20,3,2,7,6,5,-20,21,22,-20,33,-20,3,9,-20,3,12,-20,-20,-20,2,-20,10,3,20,8,20,-20,-20,133,37,12,5,-20,3,-20,-20,-20,22,-20,14,6,-20,4,20,7,18,8,-20,10,4,2,5,5,2,8,-20,3,10,5,3,5,11,3,8,5,-20,7,4,6,12,20,-20,-20,7,46,44,14,-20,15,-20,3,4,6,6,9,-20,-20,7,-20,-20,20,-20,-20,2,-20,-20,-20,4,-20,-20,56,-20,3,6,7,-20,3,3,-20,16,53,66,56,61,-20,56,43,-20,3,55,51,5,10,6,-20,7,6,11,8,6,8,-20,-20,-20,29,8,5,7,7,8,3,21,4,3,-20,27,37,-20,3,-20,-20,5,-20,6,9,-20,5,3,9,15,-20,5,9,6,-20,-20,13,3,7,3,-20,3,-20,32,9,9,10,48,56,23,31,49,10,9,4,9,6,-20,7,-20,-20,3,-20,-20,-20,15,4,5,6,11,4,4,-20,6,-20,7,-20,3,5,-20,3,4,-20,-20,-20,-20,4,13,7,3,14,3,7,30,21,5,6,6,12,8,5,16,17,24,25,12,55,20,9,-20,-20,39,30,-20,5,3,-20,4,9,7,11,15,10,6,5,27,-20,41,13,22,11,40,10,27,6,7,8,4,-20,4,2,-20,3,4,5,6,3,-20,5,-20,3,-20,3,3,-20,-20,9,-20,2,5,2,2,7,5,-20,5,4,4,4,-20,4,3,7,3,5,17,3,-20,-20,-20,-20,4,-20,3,-20,7,4,-20,3,-20,3,-20,-20,-20,-20,3,4,6,7,-20,3,-20,-20,4,3,-20,5,-20,16,5,3,-20,-20,-20,3,3,-20,-20,3,-20,3,6,-20,-20,-20,14,-20,-20,6,-20,-20,-20,-20,-20,-20,-20,-20,-20,5,-20,3,-20,7,4,-20,-20,-20,2,5,-20,-20,3,5,-20,-20,-20,-20,4,5,-20,5,-20,2,-20,-20,-20,2,-20,3,-20,-20,-20,4,-20,-20,5,18,2,-20,-20,-20,-20,-20,12,3,-20,-20,6,7,-20,-20,-20,-20,-20,3,-20,5,-20,4,5,4,-20,3,5,-20,2,-20,-20,-20,-20,10,8,6,-20,10,-20,-20,-20,3,9,3,-20,-20,3,-20,14,-20,-20,-20,-20,20,-20,-20,-20,5,-20,5,5,5,18,2,10,3,2,-20,9,4,6,-20,-20,5,-20,-20,4,4,2,4,-20,-20,22,-20,-20,3,-20,18,24,20,24,3,-20,33,7,6,19,24,21,20,-20,24,19,18,6,24,5,14,7,15,-20,-20,22,31,-20,34,6,7,14,5,-20,22,16,13,18,14,3,-20,9,19,-20,-20,13,-20,-20,4,-20,7,3,4,-20,4,-20,-20,-20,2,4,-20,8,-20,4,9,-20,3,-20,-20,5,4,-20,-20,-20,3,4,2,-20,2,4,-20,-20,-20,-20,3,-20,-20,-20,3,3,-20,-20,3,3,-20,-20,-20,-20,3,7,5,3,5,3,2,5,6,15,-20,4,3,-20,6,18,5,5,5,4,2,-20,5,5,2,-20,3,-20,-20,-20,-20,-20,4,-20,-20,3,-20,3,20,10,-20,-20,3,-20,6,-20,-20,-20,3,4,-20,-20,7,5,38,9,13,-20,-20,-20,3,4,11,3,-20,5,-20,-20,-20,12,-20,-20,3,-20,-20,13,-20,-20,-20,-20,-20,-20,3,-20,14,-20,-20,10,-20,-20,5,-20,-20,-20,-20,-20,-20,-20,8,-20,-20,6,17,-20,12,-20,-20,6,-20,-20,-20,-20,9,10,18,-20,-20,8,-20,8,-20,-20,23,-20,13,28,23,32,10,24,47,17,25,25,15,36,6,7,7
"chr1,24884249",-20,-20,-20,-20,-20,-20,-20,-20,-20,-20,-20,4,43,37,20,10,44,25,122,74,24,-20,64,48,68,37,31,36,7,-20,9,3,8,-20,60,61,52,43,29,-20,12,39,17,12,13,44,-20,15,7,10,20,19,16,6,14,7,12,18,24,43,38,39,49,36,18,15,31,66,63,19,32,36,13,40,38,68,31,15,23,9,17,24,22,12,8,57,32,58,37,17,24,32,40,34,30,29,3,66,4,47,33,42,4,13,42,57,-20,38,37,-20,3,10,9,15,-20,4,16,3,3,5,8,5,18,-20,16,-20,-20,18,6,-20,10,7,-20,-20,8,22,18,-20,-20,-20,9,-20,-20,-20,9,9,-20,5,11,-20,-20,7,9,20,13,5,4,26,-20,7,-20,-20,-20,-20,-20,-20,-20,-20,-20,10,53,47,18,13,21,29,-20,7,6,43,6,13,21,-20,9,5,-20,11,11,5,19,-20,7,-20,9,17,11,16,16,-20,18,5,10,8,32,9,16,50,6,5,41,13,8,18,18,16,25,-20,6,-20,-20,6,26,17,10,26,12,-20,8,10,11,11,-20,42,4,12,-20,29,12,10,10,16,28,10,8,14,10,13,10,6,-20,-20,10,9,13,14,8,6,21,14,9,10,8,6,12,-20,4,-20,17,16,12,17,6,6,13,14,20,47,25,35,-20,9,5,19,-20,17,14,4,5,18,8,11,-20,-20,39,28,44,-20,-20,-20,-20,-20,6,-20,3,43,43,-20,44,40,46,68,53,41,-20,-20,10,15,-20,164,7,26,17,14,22,-20,8,17,-20,21,4,7,-20,22,37,7,6,44,24,3,-20,13,11,30,9,7,-20,6,6,8,-20,4,5,8,7,5,2,6,12,8,-20,6,-20,-20,16,-20,-20,-20,3,5,-20,4,5,10,6,8,-20,18,3,10,4,7,12,21,7,7,19,22,4,6,6,16,5,3,-20,11,-20,13,-20,4,-20,4,3,8,8,3,9,8,8,7,22,26,-20,36,-20,4,8,-20,3,13,3,6,8,3,3,15,6,20,11,21,3,-20,136,34,11,8,-20,4,-20,-20,-20,23,-20,16,5,3,9,19,10,14,16,-20,11,8,3,6,4,4,8,4,4,12,6,7,12,12,4,10,7,-20,6,8,6,12,18,-20,-20,7,50,45,13,6,13,-20,4,6,7,8,12,9,4,7,7,6,20,5,4,8,8,-20,-20,6,-20,-20,53,-20,-20,6,9,6,-20,4,3,18,53,63,58,59,-20,56,47,-20,4,55,49,7,9,14,-20,6,8,12,13,6,8,-20,-20,-20,22,8,11,14,18,11,5,22,4,7,8,24,40,-20,5,4,4,5,3,12,12,-20,7,6,14,21,-20,7,12,7,12,-20,16,3,8,4,-20,5,3,32,-20,9,9,46,57,29,29,47,11,8,4,11,5,3,-20,-20,-20,5,-20,-20,-20,15,6,10,7,20,7,9,3,20,4,7,3,5,8,5,8,7,-20,-20,-20,-20,5,17,9,3,27,10,7,37,23,10,-20,9,20,8,9,14,18,16,24,18,58,18,20,-20,-20,37,45,5,-20,7,3,8,12,12,12,21,11,8,7,26,-20,40,18,42,20,40,19,27,8,20,8,5,-20,7,2,-20,5,9,7,7,7,-20,8,6,3,4,6,6,4,-20,11,9,3,8,5,4,13,7,2,7,6,5,7,-20,7,3,10,4,7,16,3,5,-20,-20,-20,6,-20,5,-20,10,4,-20,5,-20,4,-20,-20,-20,3,4,7,6,10,-20,4,-20,-20,4,4,-20,6,-20,18,7,5,-20,-20,-20,4,8,4,4,8,-20,7,6,-20,5,3,13,-20,-20,7,-20,3,7,-20,-20,-20,4,-20,-20,5,-20,-20,-20,9,6,-20,3,-20,6,6,-20,-20,5,6,5,4,-20,-20,5,5,3,4,-20,2,-20,-20,-20,4,-20,8,3,5,-20,6,-20,-20,6,17,4,-20,-20,-20,-20,-20,17,3,-20,3,5,10,3,-20,-20,4,-20,5,-20,10,5,4,7,4,5,3,6,-20,3,-20,-20,3,-20,8,15,7,-20,11,-20,-20,6,6,10,3,-20,-20,3,-20,15,2,-20,7,-20,19,4,4,-20,5,4,6,5,5,17,4,11,5,3,-20,7,4,7,-20,-20,8,-20,3,8,7,3,6,-20,-20,20,-20,14,4,4,19,25,23,24,3,5,33,11,9,20,24,22,23,-20,27,18,19,8,27,12,14,11,18,-20,-20,20,37,4,34,8,9,15,9,-20,20,18,17,17,15,-20,-20,10,19,2,-20,15,-20,-20,4,-20,10,4,5,-20,4,-20,-20,-20,4,7,3,-20,5,6,8,3,4,-20,-20,6,4,-20,-20,-20,8,8,-20,-20,5,8,-20,-20,4,-20,-20,-20,-20,-20,-20,4,-20,4,4,9,4,5,-20,-20,6,7,10,4,7,4,3,9,8,16,3,7,7,3,8,21,5,6,7,5,6,-20,8,6,7,-20,6,3,-20,3,-20,3,6,-20,-20,3,5,5,21,15,-20,-20,3,-20,10,-20,-20,-20,3,5,-20,-20,11,4,37,16,23,-20,-20,4,10,9,15,4,-20,19,6,10,-20,23,-20,11,-20,4,-20,21,-20,5,-20,7,7,2,6,4,23,-20,5,17,5,-20,12,-20,6,3,-20,9,6,4,13,8,-20,5,19,5,18,-20,-20,7,-20,5,-20,3,11,14,20,-20,-20,15,5,9,-20,-20,27,-20,17,30,22,35,18,34,45,22,42,34,17,36,14,10,9
"chr1,24884260",-20,-20,-20,-20,-20,-20,8,-20,-20,-20,-20,5,43,34,19,9,40,27,123,76,28,-20,63,49,66,37,32,30,7,-20,9,6,9,4,64,61,46,42,28,-20,11,40,21,8,16,43,-20,17,7,13,32,21,20,7,16,11,14,26,18,43,38,36,54,35,19,13,34,67,63,21,34,35,14,39,40,74,33,13,21,9,16,24,22,8,-20,54,29,65,36,15,22,31,37,37,32,28,-20,62,5,45,33,42,4,13,44,63,-20,34,36,3,5,8,14,18,-20,4,20,3,-20,3,9,4,16,-20,16,-20,-20,18,7,-20,13,5,-20,4,12,21,22,-20,-20,4,10,-20,-20,-20,17,10,-20,8,8,-20,3,8,20,33,-20,5,-20,31,-20,11,-20,-20,-20,-20,-20,-20,-20,-20,-20,10,74,53,22,26,24,23,9,7,13,44,5,15,19,5,13,8,3,-20,14,11,19,-20,9,5,10,23,14,21,20,-20,17,6,17,12,41,12,31,70,7,6,45,16,12,27,18,18,26,7,12,-20,-20,10,31,21,20,24,16,-20,13,12,20,11,-20,50,7,17,-20,33,15,15,14,24,39,14,15,18,11,19,11,10,-20,-20,14,10,16,17,13,11,28,13,12,14,16,10,16,3,6,4,23,18,17,27,4,5,18,18,24,62,27,38,-20,-20,6,24,8,18,12,5,6,35,9,12,9,-20,49,41,50,-20,-20,-20,-20,-20,6,-20,3,40,47,-20,42,44,45,69,49,40,-20,-20,12,15,8,170,7,28,19,15,18,-20,9,19,8,26,3,7,3,22,40,10,9,43,31,5,-20,11,-20,31,10,6,-20,7,9,-20,5,4,5,5,8,5,4,-20,13,8,-20,4,-20,-20,14,-20,3,-20,6,6,10,5,5,12,6,8,-20,21,3,10,3,7,11,22,6,8,18,19,-20,8,7,18,7,7,-20,11,-20,18,-20,6,-20,6,7,10,14,3,12,11,10,10,19,28,4,41,5,4,10,-20,6,13,-20,-20,9,5,-20,16,12,17,15,24,-20,-20,130,28,9,8,5,8,4,-20,-20,24,-20,17,6,2,11,20,8,16,21,8,10,9,3,8,5,-20,8,4,6,10,10,5,17,10,5,10,5,-20,6,9,9,12,18,5,11,7,48,41,11,9,12,-20,-20,9,10,6,12,10,-20,9,7,9,17,5,6,10,10,-20,-20,5,3,-20,55,-20,-20,7,8,7,6,4,3,16,53,57,58,58,-20,49,47,-20,4,56,51,7,8,20,-20,12,10,13,24,7,-20,-20,-20,-20,23,-20,14,16,21,11,6,25,7,7,9,27,42,-20,7,5,3,7,3,18,14,3,5,-20,14,24,7,7,14,9,25,4,15,6,10,6,-20,7,9,33,14,13,13,49,52,28,30,45,14,13,4,10,5,5,9,4,-20,5,-20,-20,-20,15,6,10,7,17,6,10,3,25,6,9,-20,5,10,-20,9,13,6,-20,-20,4,6,23,12,4,32,15,9,41,27,12,12,10,27,16,-20,16,22,17,27,31,73,23,25,5,8,33,55,8,6,10,8,11,14,17,19,22,14,10,8,22,-20,41,16,51,30,41,22,32,10,19,9,8,-20,-20,6,-20,5,13,5,6,10,-20,10,6,8,-20,7,6,-20,-20,12,10,5,-20,6,-20,12,6,-20,7,-20,6,8,-20,-20,4,11,4,6,10,-20,7,5,-20,-20,7,-20,4,-20,11,6,3,5,5,6,-20,-20,-20,4,7,7,6,8,3,3,7,-20,4,6,-20,6,-20,14,7,4,-20,-20,8,4,-20,9,8,10,-20,8,3,-20,6,4,13,2,-20,5,-20,-20,9,3,6,3,-20,3,-20,6,-20,6,3,9,7,3,7,-20,5,-20,-20,-20,4,6,5,6,-20,3,6,6,4,5,-20,-20,-20,-20,-20,3,-20,9,-20,5,3,8,-20,5,6,15,4,-20,-20,4,-20,-20,15,3,2,-20,6,11,3,-20,-20,-20,-20,5,-20,13,-20,-20,6,4,6,3,7,-20,4,-20,3,-20,3,8,17,6,-20,12,-20,-20,7,8,10,-20,3,-20,5,-20,11,-20,-20,8,3,13,4,6,4,5,4,6,5,4,16,-20,13,-20,3,-20,8,2,7,4,-20,8,-20,4,7,8,-20,4,-20,-20,21,-20,19,-20,7,21,23,22,22,-20,9,31,8,9,19,21,19,23,7,29,16,21,9,24,12,13,10,17,6,-20,19,33,5,32,8,8,15,9,-20,18,17,17,16,12,-20,-20,8,18,-20,-20,16,-20,-20,3,3,9,7,5,-20,5,-20,2,5,3,8,3,6,-20,-20,10,6,6,-20,-20,3,3,3,-20,-20,9,9,5,7,-20,7,3,-20,5,3,-20,-20,2,-20,-20,3,-20,4,5,9,4,-20,-20,-20,8,6,9,5,6,5,2,10,9,15,-20,5,8,3,7,26,5,8,-20,6,8,4,7,-20,9,-20,8,-20,-20,3,-20,3,7,-20,-20,3,8,5,18,12,-20,-20,3,-20,11,-20,3,3,-20,6,4,-20,13,8,42,14,21,3,3,4,13,12,17,4,4,21,6,-20,-20,21,4,7,4,6,8,23,-20,-20,6,10,15,-20,6,5,21,-20,9,21,9,-20,14,5,7,3,-20,10,7,4,13,7,7,5,25,7,19,-20,-20,8,4,11,3,7,15,14,16,-20,8,16,6,16,-20,-20,25,-20,19,33,19,31,21,32,42,25,47,35,29,42,19,15,17
"chr1,24884273",-20,4,-20,-20,5,4,8,-20,-20,-20,-20,-20,44,32,18,9,41,22,125,78,35,-20,68,42,68,34,33,34,11,4,14,-20,12,6,63,60,52,44,27,4,12,40,21,11,21,48,-20,26,5,15,26,20,24,11,15,12,18,27,18,47,42,40,54,36,18,11,41,73,61,21,35,34,16,43,40,85,30,12,22,10,17,25,22,8,8,55,31,68,39,13,24,32,34,38,32,30,-20,61,5,51,35,41,3,12,43,68,3,38,36,6,6,7,18,27,4,3,28,-20,-20,3,8,-20,16,-20,23,-20,-20,22,8,-20,21,5,3,4,17,26,30,-20,-20,7,8,-20,3,4,21,10,-20,14,9,3,5,12,24,31,23,7,8,34,-20,16,3,-20,7,4,3,3,6,-20,-20,11,83,62,31,27,22,30,30,9,21,52,11,18,25,6,15,8,3,20,16,12,29,-20,10,13,10,20,19,21,25,7,17,10,18,19,50,20,36,89,8,9,54,18,22,29,26,27,36,10,14,7,-20,12,41,23,26,30,23,-20,14,15,23,11,-20,77,13,19,-20,37,17,18,17,23,37,17,15,22,20,18,18,10,-20,-20,14,13,16,24,13,15,29,17,17,17,22,12,20,-20,6,7,32,26,19,29,4,5,23,17,28,67,32,41,6,8,8,33,8,24,10,6,7,40,14,16,10,-20,63,39,51,-20,-20,-20,-20,-20,5,-20,5,38,46,-20,45,45,48,69,54,55,-20,-20,11,17,12,179,9,27,18,21,15,-20,11,19,11,29,4,8,5,22,44,7,9,46,43,5,-20,14,9,32,13,8,-20,9,10,-20,-20,7,6,10,-20,6,4,11,23,10,-20,5,6,4,14,-20,-20,-20,8,8,14,7,5,18,10,10,5,25,2,9,8,8,7,24,4,10,18,18,9,9,7,20,6,12,-20,10,-20,18,-20,6,-20,9,9,10,20,4,11,-20,14,11,18,26,6,40,5,3,12,-20,6,13,5,7,10,-20,6,20,19,18,19,27,8,3,137,28,11,9,7,8,4,-20,-20,28,3,15,7,4,17,21,8,16,26,15,10,11,4,7,-20,8,8,4,6,12,17,7,19,-20,5,11,8,5,9,7,12,12,19,6,14,6,61,44,14,11,13,11,4,11,7,6,16,14,4,10,12,15,17,5,6,16,13,6,-20,5,4,3,60,5,-20,4,15,9,9,9,3,12,51,60,59,63,6,50,50,-20,3,55,52,7,9,30,-20,15,14,18,26,9,15,2,-20,-20,23,7,17,21,26,15,6,22,7,11,11,24,42,6,10,5,3,8,6,22,13,-20,8,9,17,24,13,7,18,10,34,-20,16,8,11,11,-20,9,10,34,17,15,20,57,53,27,38,44,18,14,-20,15,6,5,11,4,-20,5,3,4,-20,14,6,15,10,22,8,11,4,29,7,10,6,6,13,11,14,14,10,7,2,4,7,29,17,-20,31,20,19,49,30,16,15,17,33,21,17,20,24,19,29,34,93,33,29,7,7,29,68,9,10,11,14,17,17,23,26,24,19,14,16,34,5,46,17,67,40,39,26,38,13,20,7,8,4,9,6,8,8,15,4,7,11,-20,13,8,8,4,8,6,7,-20,10,12,5,11,6,5,11,6,5,8,3,7,9,6,7,6,11,6,6,10,-20,9,9,-20,7,6,-20,5,6,9,6,6,5,6,8,-20,-20,-20,5,8,8,6,8,-20,3,8,8,-20,7,-20,8,-20,16,7,3,-20,5,11,7,10,9,10,11,5,10,3,-20,7,7,15,3,-20,5,-20,3,10,4,6,3,6,4,3,7,-20,7,4,9,9,3,7,-20,7,5,3,-20,4,9,6,6,4,5,6,8,5,-20,5,-20,5,-20,-20,5,-20,10,3,5,-20,7,-20,-20,7,16,5,-20,5,5,5,-20,14,4,3,7,6,10,6,5,-20,4,-20,6,3,12,11,-20,6,-20,6,-20,7,-20,4,4,4,4,-20,7,16,7,-20,16,-20,6,7,9,11,-20,4,3,6,-20,12,4,3,9,4,15,5,7,7,7,3,6,7,4,19,5,11,8,3,-20,9,4,10,-20,-20,11,4,5,8,11,5,7,4,-20,23,6,25,-20,9,22,27,21,24,6,13,33,15,11,17,23,20,24,15,29,18,20,10,20,14,11,11,15,7,-20,18,34,7,31,10,10,17,8,3,20,17,17,14,13,3,-20,10,19,-20,-20,15,4,7,5,-20,11,8,5,4,5,4,2,8,6,8,5,5,6,6,11,8,6,3,-20,3,6,3,4,3,11,11,6,8,8,7,3,7,6,4,3,-20,-20,-20,-20,3,-20,4,6,-20,4,5,-20,-20,9,8,10,4,7,5,5,9,8,14,-20,5,9,5,6,29,5,12,7,5,11,6,8,5,11,-20,8,3,-20,5,-20,3,7,4,3,-20,10,6,19,11,-20,-20,3,3,10,6,3,4,-20,6,4,5,14,5,39,25,26,5,4,5,17,15,13,-20,5,24,6,12,-20,26,5,7,5,6,11,25,4,3,4,9,22,5,10,9,20,7,9,25,9,3,15,9,-20,5,6,9,8,2,18,-20,10,5,26,14,23,4,-20,10,4,13,6,8,24,23,23,4,10,-20,6,18,-20,-20,27,-20,20,29,19,29,25,34,54,15,63,40,35,41,25,25,20
"chr1,24884286",-20,8,3,-20,6,6,9,4,-20,3,4,6,38,31,19,10,41,23,117,79,38,-20,64,38,60,35,30,36,12,6,14,8,12,7,60,50,56,40,26,6,12,35,19,11,22,49,-20,27,-20,18,28,22,28,15,21,15,22,27,24,55,42,35,52,34,15,9,41,74,63,22,30,29,19,46,41,73,31,12,17,9,13,27,21,8,9,45,32,67,38,14,23,32,35,38,26,33,8,69,7,56,43,38,4,10,37,70,5,37,37,8,9,9,25,32,5,6,34,3,-20,-20,6,8,18,-20,33,4,-20,21,10,7,25,4,4,9,23,31,40,4,-20,10,10,6,6,5,21,11,5,16,11,9,5,16,21,32,25,14,10,43,-20,17,4,3,8,5,3,6,8,3,3,12,89,70,32,28,20,31,54,11,34,58,12,24,24,5,16,10,7,24,17,15,36,-20,12,14,14,24,20,21,27,12,18,10,23,21,60,24,49,81,12,11,70,25,29,35,30,29,41,14,22,7,-20,18,46,31,32,31,25,-20,14,20,29,13,-20,79,13,23,-20,45,17,21,24,27,30,21,18,27,22,23,21,12,14,-20,15,17,15,32,17,19,39,17,43,21,29,20,26,4,9,10,38,32,22,35,11,-20,25,20,28,74,32,56,9,10,11,33,8,29,11,6,9,41,16,18,14,-20,73,46,70,3,-20,-20,9,-20,7,-20,6,38,47,-20,42,41,47,67,55,61,3,4,11,21,12,175,10,32,16,26,21,-20,12,21,13,38,7,10,4,22,42,12,-20,47,46,7,5,20,13,26,17,10,-20,11,8,13,14,10,7,14,9,5,5,13,24,9,8,7,9,6,15,12,6,9,9,11,13,7,6,26,12,10,9,34,3,9,7,8,10,24,6,12,15,15,8,12,8,19,7,11,-20,12,-20,21,-20,7,7,11,12,11,20,7,13,9,17,14,25,25,6,40,4,3,14,-20,8,12,6,9,11,9,5,28,19,17,22,31,9,4,125,28,8,12,9,13,7,4,-20,25,4,17,6,5,18,21,11,20,28,19,9,-20,8,8,8,9,11,4,5,15,16,8,21,-20,4,10,12,5,10,7,9,12,17,6,14,6,55,40,14,14,11,14,5,15,7,7,19,18,5,12,20,19,18,9,8,19,13,6,-20,7,5,4,60,7,6,9,13,15,10,11,6,-20,49,64,59,61,8,55,47,-20,-20,49,51,9,9,32,3,16,18,20,29,11,21,6,-20,-20,28,8,18,22,38,15,10,25,9,13,15,27,42,6,13,6,5,9,7,24,14,8,7,11,23,23,14,8,-20,11,38,9,17,13,11,12,11,12,11,30,22,-20,20,63,55,24,40,41,25,11,7,21,6,6,18,5,-20,4,4,6,4,13,5,25,13,21,9,12,3,45,-20,10,9,11,15,15,18,16,11,10,3,8,7,36,17,5,40,23,22,52,36,18,17,18,38,22,19,19,29,23,30,39,96,31,35,9,26,33,89,12,14,11,15,29,21,26,26,31,22,18,17,28,5,49,22,88,43,40,38,43,16,25,9,11,5,11,6,8,6,16,4,10,10,4,15,9,9,5,9,6,6,-20,11,13,8,12,6,8,8,9,9,8,7,12,10,7,9,9,7,11,10,8,-20,12,10,5,7,7,5,-20,6,16,9,9,8,6,12,-20,-20,6,8,12,10,8,9,8,8,9,9,-20,10,4,6,-20,17,9,6,6,5,16,9,11,8,11,11,7,12,5,-20,7,12,14,4,-20,5,-20,4,14,7,7,4,7,6,5,10,6,8,3,9,9,4,6,4,9,6,5,-20,7,10,9,6,5,7,8,9,10,9,7,-20,8,-20,-20,5,-20,13,4,7,3,7,4,9,9,12,8,3,6,6,7,4,12,6,6,12,7,12,6,11,3,4,3,9,5,14,12,-20,13,-20,7,3,9,8,4,7,7,7,4,8,16,9,3,17,7,9,7,11,13,-20,5,6,9,-20,12,4,3,11,4,19,5,6,10,7,4,6,10,6,16,5,12,8,6,4,11,5,11,6,-20,14,5,7,6,15,4,9,8,-20,21,10,33,5,11,22,25,20,24,9,14,33,19,14,19,22,20,24,20,28,15,19,10,19,19,12,14,16,9,5,23,29,9,32,10,13,13,16,6,24,16,18,14,12,8,-20,10,19,3,-20,16,5,8,8,7,13,-20,4,5,-20,6,5,10,8,10,5,5,4,9,12,9,7,4,-20,5,10,3,4,3,11,12,9,9,9,10,4,10,7,5,-20,-20,4,-20,-20,3,-20,3,6,9,6,6,-20,6,9,11,11,4,6,8,8,10,8,13,-20,5,10,8,5,38,8,15,11,10,16,8,11,7,9,-20,9,3,12,4,-20,6,6,4,5,3,10,9,21,12,7,3,3,6,11,7,3,6,3,8,7,8,14,7,45,24,28,3,10,5,17,-20,13,5,6,23,6,-20,-20,31,5,8,4,7,10,31,7,-20,4,16,33,8,11,7,22,6,12,27,6,4,21,10,5,6,4,8,6,3,18,9,10,5,25,14,19,7,-20,11,-20,15,9,12,29,29,18,4,19,21,8,24,-20,-20,28,-20,22,33,20,27,31,40,57,24,75,39,39,38,34,31,23
"chr1,24884310",3,11,4,-20,8,9,14,5,-20,5,4,8,39,32,20,9,44,21,99,76,40,4,65,45,63,34,21,36,15,7,12,8,13,11,59,51,49,39,30,13,12,41,20,12,33,40,4,39,10,19,28,28,34,19,23,22,31,34,33,54,45,40,46,36,14,9,40,68,65,24,35,30,20,42,47,71,38,10,15,14,11,22,18,8,11,38,31,63,43,15,21,33,38,38,20,36,11,66,7,53,40,36,6,8,32,71,7,35,37,11,13,7,41,34,-20,8,46,5,-20,7,10,12,16,3,36,4,4,25,10,8,27,-20,6,11,27,31,47,6,3,12,9,7,7,8,24,10,8,25,9,10,5,18,21,36,32,16,13,55,49,25,5,3,8,6,5,11,10,5,8,16,99,88,30,26,16,38,51,11,32,58,18,28,26,4,16,13,8,37,24,23,39,11,15,20,12,23,31,26,27,15,21,14,32,19,65,30,46,94,13,12,74,33,37,37,29,37,41,20,24,10,10,25,57,38,35,35,23,18,18,27,32,18,17,57,15,22,16,44,25,22,33,29,32,33,19,28,26,24,25,11,19,21,16,20,14,45,16,22,38,23,50,18,34,23,29,14,15,14,36,31,28,50,20,10,34,25,31,76,35,56,9,8,13,32,8,34,10,13,10,41,17,19,16,19,80,65,76,4,4,4,12,7,7,-20,9,40,46,2,41,42,42,55,56,67,5,8,15,26,17,162,13,29,20,27,22,-20,15,25,16,42,8,12,5,15,39,13,9,44,45,9,6,41,17,22,19,12,9,12,16,18,15,11,11,19,14,11,10,16,28,7,7,9,11,9,15,14,6,11,10,12,17,8,8,27,10,10,12,41,5,9,10,8,11,20,5,14,22,13,11,16,10,19,8,13,3,12,-20,19,23,11,8,11,14,16,22,9,12,14,18,16,26,22,5,34,8,4,11,3,10,12,-20,13,18,11,6,39,23,17,23,40,15,4,112,26,13,16,10,14,12,7,-20,22,5,14,4,6,21,14,21,22,41,24,9,16,9,11,11,12,12,5,5,16,25,10,12,10,9,9,15,8,9,11,18,10,18,6,20,9,58,38,19,24,10,15,6,18,6,11,20,24,6,12,20,21,13,11,7,25,13,8,-20,7,7,8,53,9,9,10,19,18,13,16,6,15,47,57,67,58,9,55,45,6,11,46,45,7,10,39,5,18,19,28,32,14,24,7,3,8,23,8,17,29,36,17,11,29,11,17,21,25,36,11,19,8,8,-20,15,24,16,10,5,16,32,39,25,9,21,15,52,15,17,14,12,15,21,14,13,26,31,22,19,62,50,29,39,40,23,13,7,30,5,13,29,5,-20,8,8,9,5,15,9,31,17,25,11,15,3,53,13,13,9,15,16,18,22,16,16,13,4,11,8,43,25,7,58,30,23,54,45,21,26,29,44,29,17,32,35,36,32,43,103,35,44,10,25,32,105,19,18,18,23,32,22,20,37,32,31,22,22,36,10,31,19,93,42,44,34,38,26,30,14,14,6,11,8,14,10,21,6,12,12,10,19,12,12,9,13,10,9,5,14,15,11,14,10,11,16,8,12,11,9,13,10,8,14,9,6,13,14,10,9,16,13,5,11,8,9,16,12,20,11,14,10,6,15,9,4,7,11,13,14,12,11,8,9,15,13,3,14,8,8,-20,16,10,9,11,7,17,11,-20,13,11,13,7,13,7,-20,7,14,17,6,4,5,-20,4,21,7,9,8,14,6,5,14,9,10,5,9,10,6,7,7,12,10,6,5,8,11,10,8,5,10,11,11,10,13,8,4,9,4,4,7,6,15,6,11,-20,9,5,11,9,11,8,-20,-20,5,9,5,11,7,9,18,12,16,8,13,4,8,5,12,9,15,20,-20,17,4,6,6,12,13,5,9,8,11,6,-20,21,11,6,17,9,16,11,13,12,-20,8,8,9,3,17,7,4,20,4,19,7,7,13,12,7,9,10,8,19,11,12,10,6,6,16,7,10,5,6,15,5,8,15,20,6,12,11,3,21,13,42,7,15,24,20,21,23,15,16,27,26,20,18,22,19,20,23,24,14,15,11,13,28,11,23,16,12,6,20,27,14,23,10,13,13,19,15,18,14,16,17,15,10,7,8,19,3,6,17,7,9,10,10,16,9,6,5,8,6,5,13,9,13,6,10,6,14,14,10,6,5,7,8,14,3,6,7,10,11,12,13,13,11,8,12,8,3,3,4,4,4,6,-20,-20,3,7,11,6,6,5,12,12,12,14,5,8,10,13,12,8,10,5,7,14,8,7,37,4,14,12,15,17,9,10,10,14,3,11,4,12,7,-20,6,7,4,6,5,12,8,20,11,11,5,-20,8,10,8,5,6,5,9,10,8,12,9,39,27,35,6,11,7,21,15,19,12,-20,24,6,24,-20,40,-20,6,7,13,13,35,9,6,3,18,36,9,15,7,27,5,19,36,6,7,24,8,9,-20,8,8,10,5,24,13,6,6,29,-20,20,14,12,10,-20,12,7,14,31,33,17,11,17,18,7,34,-20,16,30,-20,20,29,14,16,32,41,50,56,115,54,42,41,42,36,32
"chr1,24884327",4,16,8,6,-20,10,19,8,3,5,5,6,43,34,18,6,43,17,100,73,49,5,57,42,58,34,21,35,16,8,13,10,14,10,56,54,49,35,31,14,11,39,22,13,32,34,6,46,11,18,33,32,39,26,30,22,44,35,34,45,42,41,47,35,14,7,40,61,71,21,36,26,26,40,45,63,34,12,16,15,13,21,13,12,9,38,28,66,42,14,19,32,39,42,24,42,13,56,9,54,44,37,5,13,31,71,8,35,35,13,16,5,52,48,6,7,48,6,3,6,10,12,15,5,40,5,5,29,11,12,32,-20,8,12,35,35,49,8,3,14,10,8,8,15,33,11,9,30,9,14,6,18,20,38,33,16,10,58,55,32,8,5,9,9,7,16,12,5,11,12,115,92,50,22,8,34,50,15,37,64,20,29,21,6,18,12,10,37,20,21,44,11,14,20,19,26,32,27,32,18,11,16,41,27,80,31,44,104,17,20,80,33,43,48,33,39,42,19,29,11,13,33,55,43,33,35,19,18,24,36,37,25,22,66,25,27,19,32,24,21,37,22,25,36,23,30,31,26,27,12,29,27,15,19,21,41,14,23,48,30,56,20,45,25,32,17,18,16,39,33,32,60,24,15,29,29,31,67,36,69,9,6,17,30,8,35,8,11,10,57,19,21,14,24,90,68,67,4,8,7,17,8,4,9,9,46,43,3,48,42,44,57,55,64,9,9,15,21,22,155,17,36,18,29,19,5,15,17,15,44,9,16,7,11,38,15,9,36,55,12,8,42,20,18,19,16,9,13,18,17,18,14,11,24,16,14,12,17,56,7,8,13,14,11,12,24,7,13,11,13,17,14,12,36,14,11,14,48,6,10,12,7,12,20,5,17,20,15,12,18,12,20,11,16,-20,13,-20,19,34,12,10,13,14,21,25,9,13,15,21,18,24,24,7,32,10,6,10,5,13,10,10,14,20,12,7,40,24,12,25,45,17,6,116,25,14,16,13,15,12,8,-20,27,6,13,8,7,13,15,23,24,53,24,11,17,12,12,14,14,12,6,5,17,28,14,12,9,10,8,24,9,9,15,20,11,13,5,21,11,60,36,20,22,8,16,6,21,8,13,19,26,8,12,18,17,11,15,6,30,15,11,6,9,8,9,50,11,11,13,24,16,14,17,8,17,42,54,63,58,8,55,45,6,15,48,46,7,13,38,8,17,25,29,31,12,28,8,4,9,18,6,20,27,39,18,14,22,13,19,25,31,32,11,21,7,9,10,16,29,17,12,6,18,33,45,28,10,21,16,62,17,14,14,12,15,22,18,14,23,35,23,21,58,42,29,41,32,34,16,9,38,9,15,29,4,5,12,10,11,7,17,9,37,25,34,12,19,5,63,17,19,9,18,21,20,29,19,20,16,6,12,8,51,26,8,56,32,29,46,51,18,30,28,55,40,23,39,39,45,42,37,95,37,39,10,33,37,117,16,20,27,24,34,24,24,37,35,35,26,29,72,9,31,25,100,49,50,37,31,30,31,16,18,6,11,10,16,11,19,11,22,15,12,26,15,13,12,14,11,11,11,14,14,11,23,14,12,17,12,15,12,9,12,11,11,17,13,11,15,16,13,11,18,11,9,12,11,7,18,16,23,15,17,12,7,21,13,6,10,12,15,19,12,11,10,11,15,16,4,18,12,13,4,20,12,13,17,11,24,10,16,15,11,16,8,16,14,7,10,18,18,6,5,5,-20,6,23,8,9,7,15,5,5,18,11,14,6,12,15,5,9,9,15,10,7,5,9,11,13,12,6,12,16,14,12,13,11,5,8,4,7,9,9,15,11,10,3,10,8,15,12,10,7,9,10,6,11,8,15,9,13,21,13,20,10,15,5,9,6,15,14,20,23,5,21,7,6,9,13,13,7,10,10,12,11,12,22,14,6,18,12,19,14,13,13,7,12,11,7,5,20,9,4,25,3,20,6,8,15,13,7,10,10,12,17,14,14,11,7,6,18,9,11,5,6,16,8,7,22,27,5,12,12,3,20,13,56,10,18,29,19,22,22,16,19,32,31,26,19,24,17,20,30,27,19,15,18,16,38,15,25,21,14,9,20,41,15,21,19,19,19,19,17,21,16,17,24,25,15,10,12,17,4,7,18,8,10,12,11,16,14,5,4,11,6,8,17,10,12,6,12,8,21,13,12,6,8,10,9,17,3,7,6,13,16,12,13,18,11,12,13,11,6,4,8,8,4,8,-20,-20,3,11,14,6,10,6,14,10,17,14,8,12,11,13,12,11,11,6,9,13,11,10,48,9,13,16,17,18,12,14,14,15,5,13,6,13,6,3,8,11,4,8,6,12,10,18,12,16,4,-20,12,-20,9,5,5,10,11,12,11,21,10,39,27,31,4,6,6,22,17,18,13,8,28,8,23,-20,44,4,8,8,14,14,31,10,7,8,16,39,8,16,-20,35,6,17,37,13,10,29,5,7,6,9,4,11,-20,29,10,9,10,22,-20,13,11,17,8,5,11,11,15,25,29,14,10,11,17,7,32,-20,16,21,-20,17,29,14,15,32,43,46,65,106,70,49,49,52,39,31
"chr1,24884330",4,16,7,6,10,10,19,8,3,5,5,6,43,36,17,6,43,16,103,75,50,5,58,44,60,33,21,33,16,8,13,10,13,10,56,53,50,34,29,14,11,37,21,12,31,31,6,45,9,18,29,31,39,25,29,21,44,33,34,44,43,39,47,34,14,7,41,62,72,20,35,24,26,42,45,60,35,12,15,15,13,20,12,11,10,37,25,68,42,14,16,33,37,42,25,43,13,55,9,51,45,37,5,13,31,68,8,33,35,13,16,5,53,46,6,7,48,5,3,6,-20,11,15,5,37,5,5,27,11,12,31,-20,8,11,36,35,49,8,3,14,10,8,8,15,33,12,9,29,9,14,6,19,16,37,32,16,9,56,55,31,8,-20,9,9,7,16,12,4,11,12,116,91,51,22,8,34,49,16,37,64,22,29,24,5,18,11,10,39,17,21,46,11,14,20,18,25,49,28,35,18,11,16,44,27,76,30,41,98,17,20,75,34,42,46,35,40,39,-20,28,11,13,34,54,43,33,34,18,19,24,36,37,24,22,57,24,25,19,31,23,19,37,23,23,35,22,29,30,25,27,12,29,30,14,19,20,38,15,21,49,32,54,21,45,26,30,17,18,16,46,34,31,59,24,14,28,31,28,56,33,74,-20,5,18,30,7,36,9,11,10,44,18,20,12,21,90,60,67,3,8,7,16,8,4,9,9,46,43,3,46,40,42,59,55,65,8,9,14,19,22,147,17,37,17,28,20,5,15,18,15,45,9,16,7,9,41,15,7,39,55,12,8,42,20,19,19,16,9,13,18,17,18,14,11,24,16,14,12,16,55,6,8,13,14,11,13,24,7,13,11,13,17,14,13,36,14,11,14,48,6,10,12,7,12,20,8,17,19,15,13,16,12,19,12,16,5,13,-20,18,34,12,9,13,14,18,25,9,12,15,21,18,24,25,8,31,10,6,11,5,13,10,10,14,18,12,7,37,25,10,24,44,17,6,115,24,14,16,13,15,12,8,-20,27,6,13,8,7,14,15,23,24,53,24,10,17,12,12,14,14,12,6,5,16,27,16,11,9,10,8,24,9,10,16,20,11,14,5,22,11,62,37,23,21,9,16,6,21,8,13,19,25,8,14,17,14,11,15,6,29,12,11,6,9,8,9,50,11,11,13,24,17,14,17,8,17,46,54,66,59,8,55,44,5,15,47,48,7,14,39,8,18,25,29,31,11,28,7,4,9,18,6,20,26,39,18,14,21,11,17,27,30,36,10,22,7,9,10,16,28,17,12,6,18,35,42,28,10,21,16,62,17,14,13,13,15,21,18,14,22,35,22,21,60,44,29,39,30,35,17,9,37,8,15,29,4,5,12,10,11,7,17,8,36,25,34,12,19,5,63,16,18,9,18,21,20,29,19,20,16,6,12,7,57,24,8,55,33,29,42,50,19,29,27,52,37,23,37,37,50,42,33,92,37,42,10,29,39,113,17,21,27,22,35,23,24,32,32,37,26,28,74,9,32,25,95,40,49,37,26,31,32,17,18,6,11,10,16,11,19,11,22,15,12,26,16,12,12,14,11,11,11,13,14,11,23,14,12,17,12,15,12,9,12,10,11,16,12,11,15,16,13,11,17,11,9,12,10,7,18,16,23,15,17,12,7,21,13,6,10,11,14,19,13,10,10,11,15,16,4,17,11,13,4,19,12,13,17,11,23,10,16,15,12,16,8,16,14,7,9,18,17,6,5,5,-20,6,23,9,9,7,15,5,4,19,11,14,6,12,15,5,9,9,15,10,7,5,9,11,13,13,6,12,16,14,12,15,11,5,8,4,7,9,9,15,11,10,3,10,8,15,12,7,7,9,10,6,11,8,15,9,13,21,13,19,10,15,5,9,6,15,14,20,23,4,21,7,6,9,13,12,7,10,9,12,11,12,21,14,5,18,12,19,14,13,12,7,12,11,7,5,20,9,4,24,3,18,6,8,14,12,6,10,10,12,17,14,13,11,7,6,16,-20,10,5,7,16,8,6,20,27,5,12,12,3,18,13,56,10,18,28,19,21,21,16,19,31,31,26,18,22,17,19,28,25,18,15,18,15,37,13,25,19,15,9,17,41,15,21,19,19,17,18,17,22,16,17,23,24,14,9,12,16,4,7,14,8,10,12,10,16,14,5,4,11,6,8,17,10,12,6,12,8,21,10,12,6,8,10,9,17,2,7,6,13,16,12,13,19,11,12,13,11,6,4,8,8,3,8,-20,-20,3,11,14,6,10,5,14,11,17,14,9,11,11,13,12,11,11,6,9,13,10,10,47,9,13,16,17,18,12,14,14,15,5,13,6,13,6,3,7,11,4,8,5,12,10,17,12,16,4,-20,12,9,9,4,5,10,11,12,12,21,10,36,24,34,5,6,-20,24,17,20,14,10,28,7,24,-20,41,3,8,8,14,14,26,10,6,5,15,37,9,14,8,33,5,18,31,12,8,30,5,8,7,11,4,9,6,27,14,9,11,22,8,11,13,18,9,6,12,12,14,30,26,11,9,11,18,8,27,-20,16,21,-20,18,27,14,14,33,45,45,65,106,61,46,50,51,39,30
"chr1,24884332",4,17,7,6,10,10,18,11,-20,5,6,6,42,36,16,6,43,16,105,75,48,5,60,44,64,33,24,34,16,8,14,-20,12,9,56,54,49,35,29,14,13,38,21,12,33,29,6,46,9,18,29,31,39,25,29,21,40,34,34,44,42,41,43,34,14,7,40,62,70,20,36,25,25,41,45,58,35,13,16,16,16,20,13,12,10,38,25,67,41,14,16,34,37,42,26,43,14,56,8,49,44,37,6,14,30,69,8,31,35,13,16,7,52,44,6,7,48,5,3,6,10,11,16,5,37,5,5,27,11,12,32,-20,8,11,37,34,48,8,3,13,9,8,8,15,33,12,9,30,9,14,6,17,16,28,32,16,9,56,55,30,8,5,9,9,7,16,12,4,11,12,118,86,47,21,8,32,49,17,35,64,23,30,24,5,18,10,10,40,17,21,46,11,13,22,18,24,49,26,35,18,10,16,40,27,77,31,47,97,17,20,74,34,40,44,34,40,39,20,28,11,15,30,53,43,36,34,19,19,23,35,36,23,22,57,26,24,19,29,24,19,36,23,20,35,21,29,30,21,33,12,29,31,14,19,20,37,20,21,48,32,54,20,42,27,30,17,19,16,45,35,32,54,25,15,28,32,28,57,32,76,9,5,19,30,7,36,9,10,10,42,18,20,12,22,98,60,65,3,8,7,17,7,4,9,9,44,44,3,45,41,43,59,56,64,8,9,14,19,22,145,17,39,17,28,19,5,14,-20,15,44,8,15,7,9,41,15,7,41,55,12,8,42,19,21,19,16,9,13,18,17,18,14,11,23,17,14,12,16,54,6,8,13,14,11,13,24,7,13,11,13,17,14,12,36,14,11,14,48,6,9,12,7,12,18,8,17,17,16,13,15,12,18,13,16,5,13,-20,17,34,12,9,12,14,22,25,9,12,15,21,18,25,25,7,31,10,6,12,5,13,10,10,13,19,12,6,38,26,10,24,44,17,6,120,24,14,16,13,15,12,8,-20,28,6,13,8,7,13,15,23,21,53,26,11,17,11,12,13,14,12,6,5,17,27,15,11,9,10,9,23,9,10,17,20,11,14,5,22,11,62,38,22,21,9,16,6,21,7,13,19,25,8,13,16,14,11,14,6,29,12,11,6,9,8,9,52,12,11,13,25,20,14,16,8,17,45,55,66,58,8,55,45,5,15,47,47,9,14,39,8,17,23,29,29,14,28,7,4,10,18,6,21,25,37,17,14,21,11,16,26,30,35,10,20,7,9,10,16,27,18,12,6,17,34,43,27,10,21,16,62,16,14,12,13,15,21,18,14,22,35,22,21,58,44,29,38,31,36,17,9,37,8,15,29,4,5,12,10,11,7,20,8,37,25,33,12,19,5,63,16,18,9,18,21,20,29,19,19,16,5,12,7,57,23,8,54,33,29,43,47,19,29,27,55,38,23,39,38,48,40,31,89,37,42,9,29,38,117,17,21,25,21,35,23,24,32,32,38,26,27,74,10,-20,26,94,41,50,37,25,31,32,17,18,6,11,10,16,11,19,11,22,15,12,26,16,12,12,14,11,11,11,12,14,11,23,14,12,18,12,15,14,9,12,10,11,16,12,11,15,16,13,11,17,10,9,14,10,7,18,16,23,15,17,12,7,21,13,6,10,12,14,19,13,10,11,11,16,16,4,17,12,13,5,20,12,13,18,11,23,10,16,14,12,15,8,14,14,7,9,18,17,6,5,5,-20,6,23,9,8,7,15,5,4,20,11,15,6,12,15,5,9,9,15,10,7,5,9,11,13,13,6,12,16,14,12,15,11,5,8,4,7,9,9,15,11,10,3,10,8,15,12,8,8,9,10,6,11,8,15,9,13,21,14,19,10,15,5,9,6,15,14,18,24,4,21,7,6,10,13,12,7,10,9,12,11,11,21,14,5,18,12,19,14,12,12,7,12,11,7,5,20,12,4,24,3,19,6,8,14,12,6,10,10,13,17,14,16,11,7,6,15,11,11,5,7,16,8,6,21,27,5,12,12,3,18,13,56,10,18,28,20,22,21,16,19,31,31,26,18,22,16,19,29,26,18,16,18,15,37,13,24,20,15,9,18,42,14,24,19,19,18,19,17,25,16,17,24,26,15,9,12,18,4,7,17,8,10,12,11,16,14,5,4,11,6,8,17,10,12,6,11,8,21,10,12,6,8,10,9,17,2,7,6,13,16,12,13,19,11,12,12,11,6,4,8,8,3,8,-20,-20,3,11,13,7,10,5,14,11,17,13,9,11,11,13,12,11,12,6,9,13,10,10,47,10,12,16,17,18,12,14,14,15,5,13,6,13,6,3,8,11,4,8,5,12,10,17,12,16,4,-20,12,9,9,4,5,10,11,12,12,19,9,35,24,33,7,7,6,25,17,19,15,11,28,8,28,-20,44,3,8,8,15,14,27,10,8,-20,12,41,10,14,11,32,6,18,34,13,8,27,8,8,10,10,4,8,7,30,14,9,10,21,8,12,13,15,8,6,11,12,11,29,29,13,8,12,17,10,29,-20,16,19,-20,17,28,14,14,32,47,48,65,106,60,46,49,50,38,29
"chr1,24884334",4,18,7,-20,10,10,20,14,-20,5,6,6,42,36,15,6,42,16,106,72,49,5,59,42,62,33,24,35,16,8,15,10,12,9,56,54,49,34,30,14,12,36,19,11,34,29,6,46,9,18,32,31,40,25,29,21,40,32,33,44,43,39,42,32,16,7,40,62,70,19,34,25,24,42,45,61,34,13,16,16,16,19,13,12,10,39,25,67,42,14,16,34,34,43,28,46,14,55,8,49,45,37,6,14,30,68,8,31,33,13,16,7,53,44,6,7,48,5,3,8,10,11,16,5,37,5,5,27,11,11,32,-20,-20,11,36,33,48,8,3,13,8,8,8,15,33,12,9,30,9,14,6,17,12,25,32,15,10,54,57,31,8,5,9,9,7,16,12,4,11,13,114,86,43,-20,8,35,48,17,32,61,23,30,25,5,18,10,10,40,19,21,47,11,15,22,17,24,48,25,34,18,12,16,40,29,68,30,42,94,16,20,72,34,37,40,34,40,38,20,26,11,16,30,53,43,32,34,19,21,23,35,36,23,22,57,26,23,21,27,24,18,37,23,21,35,23,29,29,22,32,12,29,30,14,18,22,39,19,22,48,33,53,20,41,27,29,17,18,15,45,32,29,66,25,15,27,32,29,55,36,78,9,10,20,29,-20,35,9,10,10,43,18,20,14,25,95,62,67,3,8,7,17,7,4,8,9,43,42,3,44,41,43,63,54,64,8,9,13,19,23,141,16,39,17,27,18,5,13,18,15,42,8,15,7,10,37,15,7,39,55,12,8,42,19,19,18,16,9,13,18,17,18,13,11,24,17,14,12,16,55,6,8,13,14,11,12,24,7,13,11,13,17,14,11,36,14,11,14,48,6,9,12,7,12,18,8,17,16,14,13,14,12,18,13,16,5,13,-20,17,34,12,9,12,14,23,25,9,11,15,20,18,25,27,7,30,10,6,12,5,13,10,10,13,19,12,6,38,25,11,25,43,17,6,117,24,14,16,13,15,12,8,-20,28,6,15,8,7,12,15,23,22,53,27,11,18,11,12,13,14,12,6,5,18,27,15,11,9,10,8,23,9,10,17,20,11,14,5,22,11,59,40,24,20,9,16,6,21,7,13,19,23,8,15,15,14,11,12,6,29,12,11,6,9,8,9,51,12,11,13,28,21,14,16,8,17,47,54,65,59,8,55,45,5,15,49,49,10,14,38,8,16,26,28,30,14,29,7,4,10,20,6,23,25,36,18,13,22,11,16,26,27,37,10,22,6,9,10,16,27,17,12,6,17,34,43,28,10,21,16,62,16,14,12,13,15,20,18,14,21,34,21,21,59,42,30,37,28,35,17,9,37,8,14,28,4,5,12,10,10,7,19,8,39,25,36,12,20,5,62,16,18,9,18,21,20,29,19,18,16,5,12,7,57,22,8,53,32,28,46,48,19,28,27,55,37,26,43,36,46,40,32,87,36,41,8,28,39,110,17,21,28,21,35,23,26,31,36,37,26,28,72,10,35,26,99,41,50,37,25,30,33,17,18,6,11,10,16,11,18,11,22,15,11,26,16,12,12,15,11,11,11,12,14,11,23,14,12,18,12,15,14,9,12,10,11,16,12,12,15,16,13,11,17,11,10,14,10,7,18,16,23,15,17,12,7,20,13,6,10,13,14,18,13,10,11,11,16,17,4,16,12,13,5,19,12,13,18,11,23,10,15,14,11,15,8,15,14,-20,9,18,16,6,5,-20,-20,6,23,9,7,7,15,5,4,21,11,15,6,12,15,5,9,9,15,10,7,5,9,11,13,13,6,11,16,13,12,15,11,5,8,4,7,9,9,15,11,10,3,10,8,15,12,7,11,9,10,6,11,8,15,9,13,21,14,18,-20,15,5,9,6,15,14,18,24,4,21,7,6,11,14,12,7,10,9,12,11,12,21,14,5,18,12,18,15,12,12,7,12,11,7,5,19,12,4,24,3,21,6,8,14,12,6,10,10,13,17,14,15,11,7,6,17,11,12,5,7,16,7,6,21,27,5,12,12,3,18,13,56,10,18,29,20,22,20,16,19,30,31,26,18,21,15,19,29,26,19,16,18,14,37,13,25,20,15,9,16,42,14,24,19,19,18,19,17,24,16,16,24,25,15,9,13,19,4,7,18,8,10,12,11,16,14,5,4,11,-20,8,17,10,12,6,11,8,21,10,12,6,8,10,9,17,2,7,6,13,15,12,13,19,11,12,12,11,7,4,8,8,3,-20,-20,-20,3,11,13,8,10,5,14,11,17,13,9,11,11,13,12,11,12,6,9,13,10,10,48,11,13,16,17,18,12,14,14,15,-20,13,6,13,6,3,8,11,4,8,5,13,10,17,12,16,4,-20,12,9,10,4,5,10,11,12,12,18,9,30,25,32,8,5,6,25,16,19,15,10,28,8,25,-20,43,3,8,8,16,14,26,10,8,9,13,38,10,13,11,30,6,16,32,13,9,26,8,6,10,12,4,11,7,30,15,8,9,18,8,14,14,16,9,4,12,12,14,29,27,14,8,10,17,9,31,-20,16,19,-20,14,27,14,16,34,49,48,64,106,61,46,49,50,38,29
"chr1,24884343",4,17,6,5,9,11,18,16,3,5,7,6,45,40,15,4,45,15,108,69,49,5,61,39,60,32,25,35,15,8,17,10,11,10,53,56,47,35,28,12,8,37,16,7,37,30,6,47,9,15,30,28,37,25,28,20,40,34,32,44,39,39,47,29,12,6,41,59,70,19,38,24,19,41,47,61,37,15,12,15,15,21,12,11,11,38,26,68,44,14,13,33,36,40,29,45,13,52,8,51,47,34,6,14,31,69,7,29,39,12,16,6,55,43,5,6,49,5,3,10,9,10,15,5,40,5,5,25,10,10,31,-20,7,11,36,34,48,6,-20,10,8,7,7,14,34,11,9,30,8,13,5,17,10,26,32,15,10,45,57,30,7,4,8,7,5,15,12,3,11,13,109,89,39,12,9,39,29,18,29,50,21,28,24,-20,14,13,9,35,21,16,42,11,18,19,16,25,55,22,27,15,12,15,41,34,66,25,43,86,17,19,69,34,37,38,29,34,38,18,26,11,19,30,50,41,30,28,23,23,21,36,36,26,20,57,23,25,22,22,27,17,37,21,20,34,22,29,26,20,24,12,32,30,15,17,22,36,22,17,45,31,52,17,39,29,26,17,19,16,41,36,27,71,26,14,26,33,29,60,29,84,9,10,18,34,-20,32,12,10,10,45,17,19,15,26,91,62,73,3,8,7,17,7,4,7,9,43,41,2,44,40,44,65,54,61,8,9,14,21,19,134,16,36,17,28,24,5,12,16,12,43,8,15,7,9,38,14,7,37,55,10,8,41,16,18,14,14,9,12,15,17,18,10,10,22,15,14,12,13,45,6,8,13,13,10,12,24,7,13,11,13,17,14,11,35,13,12,13,47,6,9,12,7,10,18,10,17,15,14,13,13,12,20,13,16,5,13,3,17,34,12,9,12,13,26,23,9,12,15,19,16,27,25,5,30,10,6,12,5,13,8,10,12,19,12,6,37,27,-20,22,42,17,6,124,27,16,15,13,13,11,8,-20,29,5,17,8,7,13,13,23,22,51,29,9,17,11,12,13,14,12,6,4,22,25,16,11,9,10,8,22,8,-20,14,22,10,13,-20,21,11,64,42,27,21,9,16,6,21,8,13,18,22,7,15,17,13,15,22,8,27,11,9,6,9,8,9,52,9,11,12,28,21,14,15,8,17,50,53,65,60,7,54,42,5,15,55,45,11,14,40,8,14,26,25,27,17,29,6,3,9,19,5,20,21,36,20,14,20,11,15,27,23,34,10,20,6,8,11,15,28,16,12,6,17,30,41,28,10,22,16,61,15,14,9,14,13,22,17,13,21,35,20,21,65,42,29,38,26,34,17,8,35,8,13,26,4,5,10,10,9,7,16,6,40,23,31,10,19,6,51,15,17,8,17,20,16,25,16,18,15,6,11,6,55,23,8,52,30,28,44,49,20,28,27,52,39,28,41,37,49,39,29,73,37,41,7,28,43,109,17,22,24,18,37,23,23,27,34,41,26,26,86,7,40,27,87,47,51,38,25,29,33,17,18,6,9,10,15,12,17,9,21,13,11,25,14,12,11,15,10,10,11,11,11,11,20,13,10,14,12,15,15,8,11,9,9,14,12,12,13,12,12,11,14,11,12,13,8,7,16,15,20,14,16,10,5,18,13,6,10,13,13,15,11,8,11,10,15,15,4,15,13,12,5,18,10,12,19,11,22,10,15,13,9,14,6,13,14,6,10,16,18,6,5,4,-20,5,17,9,6,7,14,5,-20,21,11,13,5,11,14,4,8,9,11,7,7,6,7,9,11,11,5,12,15,13,11,14,10,5,8,4,7,7,9,12,9,8,3,8,8,15,12,7,10,8,9,6,9,9,13,9,13,19,14,16,9,13,5,7,4,13,14,15,22,4,20,7,5,12,15,11,7,7,8,11,11,12,15,13,5,16,12,19,11,10,12,7,12,10,7,5,17,12,4,21,-20,23,5,6,14,12,5,9,11,11,20,13,18,8,6,6,17,11,12,5,8,14,5,5,18,25,6,10,12,3,15,13,54,10,17,26,16,19,22,15,18,28,28,26,16,21,15,16,27,24,20,13,16,12,31,11,21,17,12,9,19,39,13,22,17,17,17,17,15,24,16,11,23,25,14,9,13,18,3,7,15,6,7,12,11,13,13,4,-20,11,6,8,17,8,9,5,12,5,20,10,11,5,8,10,9,17,3,6,6,10,14,12,9,16,9,12,11,10,7,4,8,8,4,8,-20,-20,-20,10,8,6,6,6,14,7,17,10,9,10,8,13,10,10,11,5,6,10,9,8,46,12,14,15,16,14,11,12,13,13,5,12,5,13,5,3,8,9,3,7,5,12,8,15,9,16,4,5,10,6,8,3,4,10,10,12,14,22,3,25,25,30,5,5,5,26,16,19,11,9,26,6,28,3,42,-20,9,5,14,10,28,11,7,11,13,30,9,12,10,22,5,19,31,12,10,29,6,5,7,8,-20,15,10,32,15,7,10,19,9,13,8,18,5,4,16,7,13,24,23,14,5,11,17,10,35,-20,16,24,-20,14,27,14,17,36,54,49,65,106,62,46,47,47,38,29
"chr1,24884345",4,17,6,5,9,12,18,16,3,5,8,6,45,37,15,4,45,15,101,69,48,5,60,38,60,33,24,36,14,8,18,10,11,9,54,56,47,34,28,12,8,42,17,7,37,31,6,46,9,14,31,24,34,25,27,20,39,36,33,47,38,36,47,28,10,7,41,60,69,18,37,25,19,40,46,61,38,15,14,15,15,21,10,11,11,37,26,67,45,13,12,32,37,40,29,42,13,53,9,51,45,34,6,14,32,67,7,28,40,12,16,6,55,43,5,6,48,5,3,11,9,10,16,5,39,5,5,23,9,10,31,-20,7,11,35,33,48,6,-20,11,8,7,7,14,34,11,9,29,8,12,5,18,8,26,28,14,10,46,57,31,7,4,8,7,5,15,12,3,11,12,110,85,37,13,9,40,29,17,28,47,22,27,23,6,14,13,10,34,22,16,39,11,17,17,16,23,54,22,27,15,11,15,41,32,62,25,42,85,15,18,68,34,31,39,28,32,38,19,26,11,19,32,47,40,26,28,19,23,21,35,36,27,20,57,23,22,22,22,26,19,35,22,20,35,22,28,27,20,24,11,34,30,13,17,22,39,22,16,46,30,49,19,39,29,28,17,19,17,38,34,27,70,25,14,23,35,26,60,30,85,9,11,18,35,-20,31,12,10,11,38,15,19,13,26,88,61,74,4,8,7,17,7,4,7,9,43,42,2,44,40,44,63,55,62,8,8,14,19,18,134,16,38,17,28,24,5,13,16,11,44,8,14,7,6,37,13,7,36,55,10,8,38,16,17,14,13,9,12,15,16,18,11,10,22,14,12,12,10,50,6,8,13,13,11,12,24,7,13,11,12,17,13,11,33,13,11,13,45,6,10,12,8,10,19,10,17,17,14,12,14,11,19,14,15,5,11,3,17,33,12,9,12,13,24,22,8,13,15,17,15,27,23,5,30,10,5,12,5,13,8,9,11,17,12,6,36,27,9,21,44,17,6,121,26,14,13,13,13,11,8,-20,29,5,17,8,7,12,13,22,23,50,29,9,18,10,11,13,14,12,6,4,22,25,15,12,9,10,7,22,8,10,14,22,10,14,-20,21,11,62,42,27,20,9,16,6,20,8,13,16,22,7,15,18,13,14,23,8,26,11,9,6,9,7,8,51,9,11,12,28,20,14,14,7,15,50,52,67,58,7,53,45,5,15,55,47,10,14,40,8,15,26,25,29,18,29,6,3,9,19,5,19,19,36,22,14,19,12,13,26,25,33,10,20,6,8,11,15,28,16,12,5,16,31,39,27,10,20,16,60,16,15,8,14,13,22,16,13,20,34,21,21,66,44,28,40,27,35,17,8,35,8,12,26,4,5,10,10,9,7,16,6,40,23,29,10,20,6,51,14,17,8,18,20,16,25,16,18,15,6,10,6,55,20,8,50,28,28,45,49,20,27,26,52,39,29,40,33,50,40,29,70,40,41,7,30,46,110,17,22,24,15,37,23,25,26,34,40,24,27,83,7,44,24,90,47,51,39,24,29,34,17,18,6,9,9,15,11,16,9,20,12,11,25,12,12,11,13,9,10,11,10,10,11,20,13,10,14,11,14,15,8,11,8,9,14,12,13,13,12,13,11,13,11,12,13,8,7,16,15,20,15,16,10,5,18,13,6,9,13,13,15,11,8,11,10,15,15,4,15,13,12,5,19,10,12,19,11,22,10,15,13,8,13,6,13,14,6,11,16,17,6,5,4,-20,5,17,9,6,7,14,5,-20,21,11,13,5,11,14,4,7,9,11,7,7,6,7,9,11,11,5,12,15,13,11,14,10,5,8,4,7,7,9,12,9,7,3,8,8,15,11,7,11,8,9,6,9,9,12,9,13,19,14,17,9,13,5,7,4,13,14,15,22,4,19,7,5,13,15,11,7,7,8,11,11,13,14,13,5,16,12,19,11,10,12,7,12,10,5,5,17,12,4,21,-20,22,5,6,14,12,5,9,11,12,20,13,17,8,6,6,17,12,12,5,8,13,5,5,18,25,6,10,12,3,14,13,53,10,16,25,16,19,21,15,18,28,28,25,15,21,15,16,28,24,20,13,15,12,31,11,21,15,12,9,19,38,13,22,17,17,16,15,15,24,16,11,24,25,14,9,13,18,3,7,15,6,7,12,11,13,13,4,-20,11,5,8,17,8,8,5,12,5,19,10,11,5,8,10,9,17,3,6,6,9,14,12,9,16,8,11,11,8,7,4,8,7,4,8,3,-20,-20,10,8,6,6,6,14,7,17,10,9,10,8,13,10,10,11,5,6,10,9,8,45,14,14,15,16,14,11,12,13,13,5,11,5,13,5,3,8,9,3,7,5,11,8,15,9,16,4,5,10,6,8,3,3,10,10,12,14,19,-20,26,25,29,6,4,5,23,17,19,13,13,29,5,26,3,46,-20,11,5,16,10,27,11,7,10,16,30,9,15,-20,20,-20,21,29,11,10,29,6,4,5,6,-20,13,10,31,15,7,13,21,9,-20,6,18,3,6,15,6,15,21,25,13,5,9,15,9,33,-20,16,24,-20,16,27,14,17,34,54,49,65,106,60,46,46,46,36,28
"chr1,24884383",4,9,5,4,3,10,18,15,5,-20,7,3,41,41,-20,-20,44,10,119,65,34,3,49,39,54,27,21,28,5,7,19,7,4,5,55,56,38,43,30,10,10,46,17,12,28,27,6,28,5,20,24,15,22,14,15,9,28,46,29,40,44,37,40,29,13,9,41,52,67,13,34,29,12,46,44,49,34,17,22,13,14,13,8,10,7,47,22,70,51,12,10,23,44,38,27,39,9,44,8,33,39,39,13,15,29,66,3,30,40,7,11,8,35,21,3,4,24,4,4,12,5,9,16,5,21,-20,4,12,7,7,12,-20,3,10,16,25,21,4,-20,5,8,4,3,9,22,14,7,17,12,6,-20,10,6,27,13,6,7,36,45,20,4,3,-20,5,3,9,8,-20,9,12,72,64,53,14,9,47,7,14,14,30,9,23,23,4,15,6,3,20,13,-20,20,9,9,11,14,10,61,19,19,-20,13,-20,17,26,34,12,15,35,5,11,26,20,13,23,11,9,15,11,13,4,15,17,28,25,11,24,8,9,12,22,18,28,19,16,13,11,13,11,18,12,20,14,26,18,14,9,18,9,14,3,22,22,5,8,21,16,12,9,26,21,16,14,20,13,22,13,11,11,27,22,13,44,7,8,19,35,18,42,28,56,8,15,9,40,7,34,14,9,10,31,17,8,8,19,64,14,51,7,11,9,9,-20,7,6,6,46,36,-20,45,34,40,68,50,43,5,7,9,15,16,116,11,36,20,20,27,5,12,9,4,34,3,10,3,8,33,4,13,33,29,5,5,30,8,26,11,8,8,5,9,10,10,6,4,15,9,9,7,7,40,-20,-20,9,7,7,7,14,4,7,3,6,5,8,12,18,9,12,6,20,5,12,9,7,12,18,14,8,22,22,6,16,8,22,11,7,-20,7,3,11,33,7,5,6,4,10,8,4,11,8,7,8,26,16,8,20,6,4,10,5,8,10,-20,7,11,6,-20,18,12,11,18,48,10,4,102,29,11,7,8,4,8,6,-20,27,-20,10,9,5,15,9,18,22,27,27,14,15,5,8,9,7,6,4,-20,15,17,14,16,7,7,7,16,4,5,11,24,7,15,-20,11,7,62,42,29,11,5,10,-20,11,8,7,9,13,3,10,17,10,21,21,6,13,11,6,5,5,5,-20,49,7,8,10,19,12,-20,9,5,16,50,49,68,53,-20,46,49,6,13,53,53,12,16,23,6,13,13,15,14,17,22,3,3,-20,14,6,14,5,17,16,8,16,8,8,12,20,38,5,9,5,4,9,9,15,10,8,3,10,9,24,13,6,9,9,27,9,14,6,10,6,10,11,8,25,21,8,7,55,48,25,32,27,25,15,5,23,8,8,13,-20,4,10,8,7,3,18,-20,33,16,25,5,21,4,26,9,13,3,13,12,7,16,9,9,8,5,6,4,38,7,5,35,14,15,32,51,15,13,13,42,26,32,34,35,43,31,30,79,30,20,4,32,35,55,12,14,18,9,13,9,24,11,20,21,15,16,65,-20,38,8,61,34,43,23,18,17,25,13,10,3,6,4,8,7,11,10,15,6,6,19,8,5,8,10,9,7,7,9,9,10,12,10,4,13,13,9,22,4,3,4,5,12,6,13,9,8,14,8,11,-20,10,15,6,-20,12,14,12,8,10,8,-20,12,7,4,6,14,-20,12,6,5,8,8,12,12,3,10,9,10,4,19,8,12,21,8,12,6,8,11,-20,8,-20,8,16,6,14,10,20,5,3,5,-20,5,10,5,3,5,9,-20,-20,12,6,15,4,5,8,-20,6,6,6,-20,3,3,4,4,8,10,-20,8,11,8,5,9,3,3,4,-20,5,5,4,7,8,5,-20,5,7,6,5,5,17,7,6,3,10,8,18,8,12,10,15,11,6,4,4,5,3,10,10,11,19,4,20,11,-20,13,15,8,4,4,5,7,7,15,13,9,3,18,7,15,11,6,12,7,15,7,2,-20,16,9,3,16,-20,25,5,4,9,8,-20,6,10,12,19,10,17,8,3,-20,21,10,12,-20,8,3,3,-20,18,16,6,7,5,-20,20,8,27,8,7,22,21,18,17,9,12,18,17,18,19,22,17,15,26,18,21,13,11,15,27,15,13,15,8,6,20,44,10,22,15,10,14,11,11,16,27,13,23,24,8,7,16,18,-20,6,19,6,-20,6,10,9,8,4,-20,6,3,6,10,4,-20,-20,18,4,13,8,14,3,5,8,6,11,-20,-20,-20,7,8,6,7,12,4,7,6,7,5,5,6,4,-20,6,3,-20,3,6,7,9,6,4,10,3,12,6,6,5,5,7,8,6,10,5,10,8,6,6,41,13,5,8,12,4,6,9,10,7,3,7,3,4,-20,3,7,8,-20,8,5,6,5,17,6,13,-20,5,6,5,4,3,-20,7,8,7,7,13,4,22,13,19,5,-20,5,10,8,18,5,3,26,6,18,4,21,-20,7,-20,4,6,18,6,-20,4,8,10,6,11,4,11,2,12,20,4,4,18,3,3,-20,7,8,9,5,16,9,4,-20,17,-20,13,6,9,3,4,10,8,12,19,14,10,-20,9,18,6,17,-20,14,32,-20,19,24,16,20,26,52,29,48,56,45,18,41,24,14,13
