"chr,position",88,108,139,159,265,350,351,403,410,424,428,430,470,476,484,504,506,531,544,546,628,630,680,681,685,687,728,742,763,765,766,768,772,801,853,854,867,868,870,915,932,991,992,997,1002,1006,1061,1062,1063,1066,1070,1158,1166,1254,1257,1313,1317,1552,1612,1622,1651,1652,1676,1684,1739,1741,1756,1757,1793,1797,1819,1820,1829,1834,1835,1851,1852,1853,1872,1890,1925,1942,1943,1954,2016,2017,2031,2053,2057,2081,2091,2106,2108,2141,2159,2166,2171,2191,2202,2212,2239,2240,2276,2278,2285,2286,2317,2370,2412,4779,4807,4826,4840,4857,4884,4900,4939,4958,5023,5104,5151,5165,5210,5236,5249,5253,5276,5279,5349,5353,5395,5486,5577,5644,5651,5717,5718,5720,5726,5741,5748,5757,5768,5772,5776,5779,5784,5798,5800,5811,5822,5830,5831,5832,5836,5837,5856,5860,5865,5867,5874,5890,5893,5907,5921,5950,5984,5993,6008,6009,6010,6011,6012,6013,6016,6017,6019,6020,6021,6022,6023,6024,6025,6030,6034,6035,6036,6038,6039,6040,6041,6042,6043,6046,6064,6069,6070,6071,6073,6074,6076,6077,6085,6086,6087,6088,6090,6091,6092,6094,6095,6096,6097,6098,6099,6100,6101,6102,6104,6105,6106,6107,6108,6109,6111,6112,6113,6114,6115,6118,6119,6122,6123,6124,6125,6126,6128,6131,6132,6133,6134,6136,6137,6138,6140,6141,6142,6145,6148,6149,6150,6151,6153,6154,6163,6166,6169,6172,6173,6174,6177,6180,6184,6188,6189,6191,6192,6193,6194,6195,6198,6201,6202,6203,6209,6210,6214,6216,6217,6218,6220,6221,6231,6235,6237,6238,6240,6241,6242,6243,6244,6252,6255,6258,6268,6276,6284,6296,6390,6396,6413,6424,6434,6445,6680,6739,6740,6744,6749,6750,6805,6806,6814,6830,6897,6898,6900,6901,6903,6904,6907,6908,6909,6911,6913,6915,6917,6918,6919,6920,6922,6923,6924,6926,6927,6929,6931,6932,6933,6938,6940,6943,6944,6945,6951,6956,6957,6958,6959,6960,6961,6963,6966,6967,6968,6969,6970,6971,6973,6974,6975,6976,6979,6981,6982,6984,6986,6987,6989,6990,6992,6997,7000,7002,7003,7008,7013,7014,7025,7026,7028,7031,7033,7036,7058,7061,7062,7063,7064,7067,7068,7071,7072,7077,7081,7092,7094,7096,7102,7103,7106,7107,7109,7111,7117,7119,7120,7125,7126,7127,7130,7133,7138,7143,7147,7158,7160,7161,7162,7163,7164,7165,7169,7177,7181,7183,7186,7192,7199,7202,7203,7207,7208,7209,7213,7217,7218,7223,7231,7236,7244,7248,7250,7255,7258,7268,7273,7276,7280,7282,7287,7288,7296,7298,7305,7306,7307,7314,7316,7319,7320,7322,7323,7327,7328,7332,7333,7337,7342,7343,7344,7346,7347,7349,7350,7353,7354,7356,7358,7359,7372,7373,7377,7378,7382,7383,7384,7387,7394,7396,7404,7411,7413,7415,7416,7417,7418,7419,7424,7427,7430,7460,7461,7471,7475,7477,7514,7515,7516,7517,7520,7521,7523,7525,7529,7530,7566,7568,7717,7757,7767,7917,7947,8037,8057,8077,8132,8171,8214,8222,8227,8230,8231,8233,8234,8235,8236,8237,8238,8239,8240,8241,8242,8243,8244,8246,8247,8249,8256,8258,8259,8264,8283,8284,8285,8290,8297,8306,8307,8311,8312,8326,8334,8335,8337,8343,8351,8354,8357,8365,8366,8369,8376,8386,8387,8419,8420,8422,8424,8426,8427,8464,8483,8699,8723,9027,9057,9058,9067,9069,9070,9075,9078,9079,9081,9084,9085,9089,9091,9095,9099,9100,9102,9103,9104,9105,9106,9111,9113,9114,9115,9121,9125,9128,9130,9131,9133,9134,9298,9312,9314,9321,9323,9332,9336,9339,9343,9352,9353,9363,9369,9370,9371,9380,9381,9382,9383,9386,9388,9390,9391,9392,9394,9395,9399,9402,9404,9405,9407,9408,9409,9412,9413,9416,9421,9427,9433,9436,9437,9442,9450,9451,9452,9453,9454,9455,9470,9471,9476,9481,9503,9506,9507,9508,9509,9510,9511,9512,9513,9514,9515,9517,9518,9519,9520,9521,9522,9523,9524,9525,9526,9527,9528,9529,9530,9531,9532,9533,9534,9535,9536,9537,9539,9540,9541,9542,9543,9544,9545,9546,9547,9548,9549,9550,9551,9552,9553,9554,9555,9556,9557,9558,9559,9560,9561,9562,9564,9565,9567,9568,9569,9571,9573,9574,9576,9577,9578,9579,9581,9582,9583,9584,9585,9586,9587,9588,9589,9590,9591,9592,9593,9594,9595,9596,9597,9598,9599,9600,9601,9602,9606,9607,9608,9609,9610,9611,9612,9613,9615,9616,9617,9619,9620,9621,9622,9624,9625,9626,9627,9628,9629,9630,9631,9632,9633,9634,9635,9636,9637,9638,9639,9640,9641,9642,9643,9644,9645,9646,9647,9648,9649,9651,9653,9655,9656,9657,9658,9659,9660,9661,9663,9664,9665,9666,9667,9668,9669,9670,9671,9672,9673,9676,9677,9678,9679,9680,9681,9682,9683,9684,9685,9686,9687,9689,9690,9691,9692,9693,9694,9695,9696,9697,9698,9699,9700,9701,9703,9704,9705,9706,9707,9708,9709,9710,9711,9712,9713,9714,9716,9717,9718,9719,9720,9721,9722,9723,9725,9726,9727,9728,9729,9730,9731,9732,9733,9735,9736,9737,9738,9739,9741,9743,9744,9745,9747,9748,9749,9754,9755,9756,9757,9758,9759,9761,9762,9764,9766,9768,9769,9770,9771,9772,9774,9775,9776,9777,9778,9779,9780,9781,9782,9783,9784,9785,9786,9787,9788,9789,9790,9791,9792,9793,9794,9795,9796,9797,9798,9799,9800,9801,9802,9803,9804,9805,9806,9807,9808,9809,9810,9811,9812,9813,9814,9815,9816,9817,9819,9820,9821,9822,9823,9824,9825,9826,9827,9828,9830,9831,9832,9833,9834,9835,9836,9837,9838,9839,9840,9841,9843,9844,9845,9846,9847,9848,9849,9850,9851,9852,9853,9854,9855,9856,9857,9858,9859,9860,9861,9862,9864,9866,9867,9868,9869,9870,9871,9873,9874,9875,9876,9877,9878,9879,9880,9881,9882,9883,9885,9886,9887,9888,9890,9891,9892,9894,9895,9897,9898,9899,9900,9901,9902,9903,9904,9905,9906,9908,9909,9910,9911,9912,9914,9915,9917,9918,9920,9921,9924,9925,9926,9927,9928,9929,9930,9932,9933,9935,9937,9938,9939,9941,9942,9943,9944,9945,9946,9947,9948,9949,9950,9951,9952,9953,9955,9956,9957,9958,9959,9960,9962,9963,9964,9965,9966,9968,9969,9970,9971,9972,9973,9974,9975,9976,9978,9979,9980,9981,9982,9983,9984,9985,9986,9987,9988,9990,9991,9993,9995,9996,9997,9998,9999,10001,10002,10004,10005,10006,10008,10009,10010,10011,10012,10013,10014,10015,10017,10018,10020,10022,10023,10027,14312,14313,14314,14315,14318,14319,15560,15591,15592,15593,18694,18696,19949,19950,19951
"chr2,16890453",7,12,-20,8,-20,4,10,7,8,6,5,9,35,27,31,35,33,15,76,53,52,8,44,38,43,23,25,35,24,14,11,9,16,18,48,38,16,25,27,8,21,29,17,18,11,44,8,42,15,12,17,-20,-20,21,20,20,55,-20,23,35,33,24,24,20,39,42,24,51,38,21,23,18,22,21,13,47,14,10,12,14,17,16,15,14,-20,26,25,45,24,11,15,18,21,33,26,23,19,33,7,33,25,19,6,13,31,32,4,38,36,6,-20,-20,24,37,8,6,40,17,10,4,4,-20,10,6,45,6,-20,32,9,15,28,8,4,-20,26,25,30,8,6,8,3,7,9,13,22,9,12,34,13,15,8,15,-20,47,42,15,-20,51,112,23,6,7,10,7,8,11,7,4,3,-20,-20,-20,-20,-20,-20,27,11,13,31,122,26,20,15,-20,23,14,7,31,24,13,42,20,-20,-20,-20,-20,-20,-20,42,12,14,20,41,-20,58,47,39,56,27,20,67,20,44,32,26,21,81,15,35,-20,19,20,20,31,14,24,25,23,28,44,41,15,57,74,13,11,15,19,12,24,42,14,34,21,15,22,23,15,15,14,18,37,11,13,8,18,-20,-20,-20,-20,24,13,24,6,20,18,21,18,42,18,25,22,20,21,-20,-20,-20,-20,-20,-20,16,16,-20,-20,-20,-20,-20,-20,18,6,-20,-20,-20,27,-20,-20,43,9,6,11,18,4,14,4,-20,19,28,8,29,29,28,40,34,45,15,5,-20,-20,16,136,9,36,28,30,-20,15,-20,-20,8,20,9,13,9,3,18,11,9,21,30,22,17,21,24,-20,13,16,2,15,-20,-20,18,11,5,21,-20,-20,3,17,22,30,9,14,25,17,10,36,14,13,14,14,4,8,6,46,15,9,10,64,5,3,13,8,8,18,22,13,-20,20,6,10,8,15,7,12,-20,18,-20,8,85,12,5,5,10,19,29,13,11,16,8,15,26,8,14,29,13,4,8,9,-20,4,11,8,14,-20,-20,12,16,11,26,25,20,13,101,27,13,10,9,9,10,13,17,18,3,6,17,11,11,18,16,9,68,21,15,8,4,5,-20,29,-20,6,4,21,16,6,17,13,10,6,24,16,4,16,15,8,12,12,9,10,36,18,21,19,10,7,5,17,14,5,17,16,8,11,15,16,17,14,7,13,5,12,8,8,-20,11,31,8,18,9,-20,-20,12,21,5,12,35,38,33,36,9,35,20,-20,10,34,34,11,9,27,8,16,26,29,24,7,24,8,-20,18,19,-20,11,21,30,-20,14,11,17,16,26,32,40,21,8,5,8,5,12,13,53,8,16,16,23,31,11,12,23,12,83,6,18,11,13,11,23,8,20,27,25,23,28,35,36,31,33,24,27,-20,11,31,17,12,28,9,15,10,14,11,15,20,10,23,-20,-20,-20,22,14,-20,6,-20,-20,-20,25,18,21,26,13,20,9,5,-20,-20,-20,-20,-20,21,55,-20,34,-20,20,34,-20,43,-20,-20,-20,17,22,25,87,36,27,-20,7,25,80,17,8,15,13,23,38,20,26,-20,-20,21,35,-20,7,39,18,67,28,-20,29,21,-20,10,-20,22,10,17,11,11,14,17,11,10,6,10,19,8,11,14,13,18,20,21,10,22,-20,21,11,12,18,14,13,16,16,15,16,17,23,19,10,10,7,-20,10,20,14,9,15,21,16,10,19,14,15,23,9,14,11,-20,12,20,23,10,9,11,14,10,14,17,13,11,14,24,11,7,8,25,8,14,12,7,10,15,25,14,-20,19,15,6,17,16,23,20,6,5,10,10,14,7,7,16,14,10,5,10,11,16,8,8,9,12,4,6,11,9,17,12,6,6,17,18,9,8,12,13,13,5,8,12,3,7,7,7,12,7,8,6,-20,3,11,12,9,13,14,14,14,16,-20,10,11,13,10,3,19,9,6,11,10,5,12,10,12,11,9,15,7,7,18,11,9,8,22,11,7,11,14,-20,-20,19,29,-20,22,7,19,20,-20,6,14,-20,8,7,12,12,9,4,21,9,8,13,6,14,13,4,18,7,19,20,8,16,10,3,-20,-20,12,-20,6,14,-20,11,8,26,10,-20,14,5,12,19,15,58,13,25,18,20,18,23,17,27,33,14,24,9,27,21,23,14,10,23,26,21,26,35,15,15,8,15,12,14,34,19,24,12,22,22,24,17,11,19,13,18,11,8,10,8,12,14,4,12,4,26,15,6,24,9,18,12,10,17,11,22,13,14,16,12,15,17,17,35,8,15,26,15,13,15,15,10,16,21,19,5,20,17,25,-20,6,11,9,5,6,6,9,6,9,8,12,14,10,18,17,7,5,16,11,13,16,12,13,16,13,6,13,10,15,21,5,-20,15,-20,22,12,29,16,14,17,24,11,14,-20,14,17,11,-20,21,6,9,8,11,10,12,10,13,10,5,9,7,15,9,-20,10,11,10,17,13,-20,35,24,28,6,9,10,14,10,21,-20,9,19,5,15,4,30,5,3,10,5,12,21,8,3,5,5,18,6,10,6,21,7,9,17,6,12,14,10,-20,4,5,7,-20,4,16,5,-20,7,16,7,16,7,25,7,5,5,-20,-20,22,12,-20,4,11,16,-20,14,10,32,30,12,26,34,28,28,31,59,56,97,117,87,50,37,38,43,41
"chr2,16890456",7,12,-20,8,-20,4,10,7,8,6,5,8,34,27,31,33,32,15,74,53,50,8,44,40,44,23,26,35,25,14,10,9,14,18,49,38,17,24,27,8,21,28,16,18,11,45,7,44,14,12,17,-20,-20,21,20,21,54,-20,22,31,33,24,23,22,38,42,23,53,38,20,22,18,24,21,13,49,14,10,12,14,17,15,15,14,7,25,26,44,26,11,15,18,21,34,27,23,19,32,7,33,27,18,6,12,30,32,4,37,36,6,-20,-20,22,36,8,6,40,17,10,5,4,-20,11,6,46,6,-20,32,9,15,29,8,4,-20,28,23,30,8,5,8,3,7,9,13,22,8,11,35,13,15,8,15,-20,44,38,13,-20,51,107,24,6,7,10,7,8,11,7,4,3,-20,-20,-20,-20,-20,-20,27,25,13,31,120,27,22,15,-20,23,15,7,31,26,20,48,21,-20,-20,-20,-20,-20,-20,41,12,13,19,42,-20,64,46,31,56,29,19,68,20,46,31,27,23,83,18,36,4,14,23,19,31,15,22,27,22,28,43,42,16,55,81,12,11,16,17,13,23,42,-20,34,21,16,22,23,15,16,12,22,33,12,14,10,19,-20,-20,-20,-20,26,13,22,6,21,19,21,19,40,19,25,23,20,20,-20,-20,-20,-20,-20,-20,16,16,-20,-20,-20,-20,-20,-20,18,-20,-20,-20,-20,27,-20,-20,43,9,6,11,19,4,14,4,-20,19,30,8,27,29,29,40,35,47,16,5,-20,-20,16,132,9,32,25,28,-20,14,-20,-20,8,21,10,14,9,5,19,11,8,20,30,22,16,22,23,-20,15,17,2,15,-20,10,19,9,-20,21,-20,-20,4,16,23,29,10,14,26,17,10,34,14,13,14,13,4,7,6,47,13,9,10,63,7,4,13,8,8,18,25,12,-20,21,5,12,7,15,7,13,-20,16,-20,8,80,14,5,5,10,16,27,13,11,16,9,14,26,8,14,27,13,5,8,9,-20,4,13,8,13,7,-20,11,18,10,26,25,19,13,98,26,12,9,8,9,10,13,16,17,3,6,17,11,12,17,17,10,73,18,17,8,4,6,-20,30,-20,8,4,20,15,7,18,14,12,6,23,15,4,16,15,8,11,12,9,11,38,21,21,16,9,7,5,17,14,5,17,16,8,11,16,17,16,16,6,12,5,12,8,8,7,11,33,9,19,8,-20,-20,13,22,4,12,37,40,31,38,9,34,22,-20,9,34,31,11,10,28,8,16,26,30,25,7,23,8,6,18,19,5,11,22,30,5,13,13,19,15,25,30,40,23,8,5,8,5,11,-20,51,-20,16,16,22,31,11,12,21,11,82,6,18,11,-20,10,26,8,20,24,24,23,29,35,33,29,33,24,27,-20,10,31,17,11,28,9,14,10,15,11,15,20,9,23,-20,-20,-20,21,14,-20,6,-20,-20,-20,25,17,21,26,13,20,9,5,-20,-20,-20,-20,-20,22,57,-20,35,-20,18,33,-20,44,-20,-20,-20,18,21,22,91,37,25,-20,8,27,81,14,7,14,12,22,37,24,27,-20,-20,18,33,-20,7,41,19,70,31,-20,30,19,-20,10,-20,22,10,18,12,11,12,17,11,10,6,12,19,7,11,14,11,18,19,21,10,22,-20,20,11,13,18,13,14,17,16,14,15,16,23,19,10,11,7,-20,9,22,13,9,15,20,16,11,20,14,16,23,9,14,11,-20,11,20,22,10,9,11,14,10,14,17,13,11,15,23,11,7,8,25,8,14,12,7,10,15,25,14,-20,17,15,7,17,18,22,19,6,5,10,10,14,7,6,16,14,10,5,10,11,16,8,8,8,12,5,6,11,9,17,12,6,6,17,18,9,8,12,13,13,5,7,12,3,7,7,7,12,7,8,6,-20,3,11,12,9,13,14,14,15,16,-20,10,12,13,10,3,18,9,6,11,10,5,12,10,12,11,9,15,-20,7,18,12,9,8,21,11,7,11,14,-20,-20,18,24,-20,21,7,18,20,-20,6,14,-20,9,7,12,12,9,4,22,9,8,13,6,14,13,4,18,7,18,19,8,16,10,3,-20,-20,12,-20,5,14,-20,11,8,25,-20,-20,14,5,11,19,15,63,11,25,19,20,18,23,17,27,33,16,25,9,25,21,22,13,10,24,25,21,26,33,16,15,8,15,11,14,35,19,25,12,22,22,23,17,11,19,13,19,11,8,10,8,12,14,3,12,4,27,14,6,24,9,19,12,8,17,11,22,13,14,16,12,15,17,18,34,8,16,26,15,13,15,15,10,16,21,19,5,20,19,24,-20,6,10,9,5,6,6,9,6,9,8,12,14,10,17,17,6,6,16,12,13,15,12,13,16,12,6,12,10,15,22,-20,-20,15,-20,22,12,30,16,14,18,24,11,14,-20,14,18,10,-20,21,6,9,9,11,10,12,10,12,10,5,9,8,15,9,-20,10,12,10,16,11,6,36,24,29,6,10,8,14,9,22,-20,8,19,4,16,6,30,5,4,-20,4,14,26,-20,4,4,4,18,6,9,7,22,8,9,17,6,13,15,10,-20,3,6,7,-20,-20,16,-20,-20,5,18,8,14,7,24,9,4,6,3,7,19,13,-20,4,11,17,-20,13,10,25,30,12,27,33,28,28,30,57,55,94,117,88,50,40,38,44,40
"chr2,16890465",9,15,-20,14,-20,-20,21,9,8,-20,5,-20,34,28,28,34,33,16,69,57,53,13,41,38,42,26,25,38,22,12,9,12,13,17,49,37,17,25,28,10,24,27,17,20,11,46,6,42,11,-20,19,-20,-20,19,18,20,52,-20,22,34,32,25,25,21,36,42,24,48,40,16,23,18,31,18,12,50,15,15,14,-20,15,15,16,14,6,25,24,42,29,11,16,17,18,34,23,22,22,34,5,29,25,21,9,16,29,31,5,36,31,8,15,6,27,35,15,9,42,22,13,-20,7,6,21,7,50,8,5,36,19,21,28,-20,8,-20,26,26,28,11,10,-20,7,-20,12,19,22,12,19,32,-20,21,8,18,-20,39,35,15,-20,50,105,24,-20,7,11,12,10,18,-20,4,3,-20,-20,-20,-20,-20,-20,30,41,13,31,121,26,23,16,-20,-20,14,5,35,29,25,49,16,-20,-20,-20,-20,-20,-20,34,10,16,18,40,-20,72,41,29,61,28,19,66,22,51,36,28,-20,83,16,33,4,13,24,19,26,13,23,28,20,25,39,42,15,56,71,7,14,16,-20,16,20,41,20,34,23,14,19,24,12,18,13,18,37,13,14,9,23,-20,-20,-20,-20,29,-20,26,6,20,20,22,22,36,18,23,25,23,17,-20,-20,-20,-20,-20,-20,17,16,-20,-20,-20,-20,-20,-20,20,5,-20,-20,-20,27,-20,-20,44,14,10,-20,15,6,14,3,-20,22,28,7,34,29,30,40,31,51,14,5,-20,-20,-20,118,11,29,24,26,-20,20,-20,-20,-20,25,10,17,11,7,17,11,-20,20,31,24,15,19,23,-20,12,13,5,18,-20,13,15,10,8,21,-20,-20,3,21,20,31,11,12,27,15,9,30,13,11,11,14,4,7,4,38,14,10,8,60,7,5,-20,8,9,21,26,11,-20,19,5,-20,7,17,8,12,-20,18,4,8,81,13,5,-20,9,20,25,13,7,19,5,13,25,7,13,26,12,8,7,9,-20,5,15,8,12,8,-20,12,22,10,25,24,18,14,95,22,11,7,12,9,-20,12,16,18,3,-20,15,9,-20,16,14,11,67,-20,-20,7,4,5,-20,32,-20,8,4,19,13,8,22,14,11,7,30,12,4,15,15,7,11,11,10,12,40,19,21,-20,9,8,5,27,15,5,13,22,8,9,14,13,14,12,7,10,4,10,8,6,7,11,38,9,20,5,-20,-20,11,22,8,14,34,43,30,41,13,33,20,-20,15,32,26,11,11,27,8,15,25,28,29,6,20,-20,-20,16,20,6,13,18,33,8,15,14,23,19,27,-20,35,25,9,4,8,-20,13,18,50,8,18,16,19,27,10,12,19,11,80,7,19,15,14,11,28,8,19,23,24,20,29,33,33,29,33,25,27,-20,14,45,20,16,36,12,18,14,25,20,19,22,11,41,-20,12,-20,28,15,16,12,-20,-20,-20,31,18,26,30,21,29,9,9,-20,-20,-20,-20,-20,23,54,-20,34,-20,17,33,-20,44,-20,-20,-20,27,24,-20,93,39,30,-20,8,27,78,18,7,15,13,-20,37,26,29,-20,-20,18,39,-20,8,44,19,70,30,-20,28,20,-20,13,-20,33,15,21,15,18,14,25,14,18,5,11,-20,13,-20,16,15,-20,23,25,15,31,-20,-20,13,21,-20,17,16,21,-20,20,20,-20,23,-20,13,-20,7,-20,13,21,14,10,16,23,17,19,23,16,-20,27,12,21,17,-20,16,24,30,10,14,17,16,-20,17,20,18,13,17,26,12,-20,10,33,-20,20,12,13,-20,14,25,-20,5,22,21,11,22,21,-20,-20,-20,6,12,13,21,7,7,19,15,17,7,20,16,24,6,11,10,11,8,-20,14,11,25,16,8,14,17,28,11,9,21,24,16,7,8,14,4,12,10,-20,15,9,16,6,-20,5,12,13,12,16,-20,18,17,17,8,9,15,13,10,4,20,11,9,10,13,4,14,10,14,13,9,14,8,11,23,10,9,7,23,15,6,16,23,-20,-20,21,-20,-20,32,7,20,-20,-20,9,16,-20,10,11,16,14,9,6,25,11,-20,16,8,19,19,6,19,11,-20,25,-20,16,12,6,-20,-20,15,-20,10,19,-20,14,13,34,-20,5,17,6,10,21,15,60,11,32,27,21,-20,32,21,34,48,22,33,-20,30,28,32,20,19,29,22,-20,38,42,31,-20,-20,23,19,18,48,27,-20,20,31,27,30,21,18,24,14,23,15,15,10,-20,-20,-20,7,14,8,28,15,13,27,15,22,17,15,21,-20,33,14,14,17,14,14,20,19,40,14,-20,-20,-20,-20,13,-20,12,18,22,20,7,22,19,26,-20,-20,-20,-20,5,-20,5,7,7,8,10,17,21,11,17,17,13,9,16,-20,19,22,14,-20,19,18,6,15,11,17,-20,-20,-20,18,3,35,17,-20,-20,17,-20,-20,15,-20,-20,18,17,10,4,21,7,10,11,15,13,14,10,16,15,5,12,9,21,-20,-20,15,17,11,21,11,5,37,23,25,6,-20,11,14,8,22,-20,7,16,4,19,7,28,4,5,-20,4,11,20,9,4,4,-20,18,5,14,7,24,12,10,14,8,7,20,12,-20,4,3,-20,-20,8,20,-20,-20,4,19,6,16,9,21,7,-20,9,5,8,23,11,-20,5,10,18,-20,-20,11,-20,32,13,32,31,29,27,29,-20,58,89,110,89,47,42,38,41,38
"chr2,16890474",8,12,-20,11,-20,6,19,8,6,10,4,6,30,21,27,28,29,15,62,51,48,11,38,33,35,25,22,36,20,12,10,12,13,12,45,32,17,21,19,10,23,27,15,19,11,40,4,39,11,18,14,-20,-20,19,16,18,47,-20,19,30,30,21,21,19,33,36,23,42,36,14,21,17,30,15,11,43,14,12,8,16,13,14,13,12,3,21,22,37,26,11,16,15,13,27,22,21,20,30,4,25,22,22,9,14,24,27,4,33,27,7,12,6,26,26,15,6,36,18,6,8,6,5,18,-20,43,7,-20,29,19,18,22,11,8,-20,18,23,25,8,10,17,7,11,10,16,18,12,18,32,14,17,7,17,-20,36,32,14,-20,48,100,23,-20,5,11,11,7,16,7,4,-20,-20,-20,-20,-20,-20,-20,24,43,13,33,134,23,20,13,-20,38,12,4,34,28,18,47,15,-20,-20,-20,-20,-20,-20,32,9,13,17,36,-20,70,31,24,59,26,16,68,21,47,36,26,27,76,15,31,4,11,22,17,25,12,22,25,17,18,35,36,-20,53,-20,6,14,14,14,15,20,38,18,30,18,12,19,21,11,15,12,15,34,12,13,7,19,-20,-20,-20,-20,21,16,25,4,18,18,19,21,31,18,18,23,21,16,-20,-20,-20,-20,-20,-20,11,14,-20,-20,-20,-20,-20,-20,22,4,-20,-20,-20,23,-20,-20,39,12,7,9,15,4,7,-20,-20,21,23,7,30,26,26,37,26,42,12,5,-20,-20,18,106,11,25,21,22,-20,18,-20,-20,-20,23,9,16,10,7,16,10,6,19,26,26,14,15,22,-20,12,12,4,18,-20,12,15,9,7,17,-20,-20,3,20,18,27,10,12,27,15,8,28,11,10,9,13,3,6,3,34,11,10,5,49,6,5,15,8,9,20,12,11,-20,15,5,14,6,16,6,11,-20,17,4,8,72,11,4,-20,9,16,18,10,5,16,2,10,20,6,11,22,7,8,6,9,-20,5,12,7,12,4,-20,10,19,9,22,18,16,15,91,17,7,6,11,8,15,10,15,17,3,-20,12,9,13,14,15,10,62,19,18,6,4,5,-20,27,-20,7,4,13,11,8,18,12,-20,-20,27,12,3,9,13,5,11,8,10,11,34,17,17,12,8,7,5,24,13,5,12,19,7,7,11,12,13,7,5,9,4,9,8,6,5,11,37,8,18,3,-20,-20,10,20,8,13,34,42,27,38,12,30,17,-20,13,29,24,9,7,24,7,13,24,25,27,-20,19,5,-20,13,18,6,13,16,30,7,15,13,21,17,23,35,33,22,7,4,8,5,12,17,49,8,15,16,16,26,7,10,17,-20,71,6,18,14,15,10,26,-20,15,18,20,21,27,27,28,26,29,25,26,-20,10,39,13,9,28,8,13,12,20,17,15,15,8,36,-20,12,-20,19,14,16,10,-20,-20,-20,25,12,19,18,17,25,9,7,-20,-20,-20,-20,-20,22,52,-20,30,-20,14,26,-20,39,-20,-20,-20,24,19,26,93,35,29,-20,8,23,63,16,7,12,13,27,34,24,26,-20,-20,16,36,-20,-20,36,18,62,28,-20,27,21,-20,14,-20,30,13,17,12,17,11,23,14,17,5,10,37,10,19,12,13,22,20,23,13,23,-20,21,12,21,22,13,12,18,21,19,18,16,21,13,10,11,5,-20,10,19,9,8,10,18,13,16,18,13,21,25,11,19,15,-20,13,21,25,9,12,15,12,9,15,16,16,12,15,21,11,13,8,26,13,19,12,12,10,9,22,18,5,21,16,10,16,20,18,22,6,6,9,9,18,6,7,17,13,15,7,22,15,18,4,10,9,8,7,7,13,12,20,13,7,10,15,23,11,9,16,20,13,6,8,10,4,8,9,7,12,7,15,6,-20,-20,10,12,12,14,11,17,14,13,7,7,10,10,5,4,12,9,7,10,13,3,14,8,10,13,8,9,-20,10,23,10,5,5,17,11,6,12,23,-20,-20,19,23,-20,29,5,14,22,-20,6,13,-20,8,8,14,11,8,5,22,9,15,13,6,15,14,5,19,11,33,21,15,13,10,5,-20,-20,12,-20,10,18,-20,12,13,27,14,5,15,7,8,20,9,57,8,25,20,17,-20,22,10,27,34,18,31,14,23,22,26,17,15,24,17,-20,30,32,31,23,6,19,15,14,35,22,36,16,25,21,27,18,17,17,12,15,10,14,9,-20,14,15,5,14,-20,22,13,10,24,14,21,17,13,16,14,28,9,12,11,11,13,18,16,37,12,25,23,21,12,11,14,9,16,20,16,7,20,16,19,14,11,13,13,5,8,-20,5,6,6,8,17,18,7,12,16,12,9,15,17,17,19,10,12,15,13,3,9,10,9,30,-20,-20,15,3,32,14,36,14,15,-20,27,14,11,-20,16,14,10,4,19,6,7,10,11,12,14,7,10,12,5,12,7,17,-20,-20,14,17,-20,21,9,4,32,19,16,4,6,8,11,6,16,3,7,14,4,16,5,24,-20,4,7,-20,5,17,7,3,-20,8,14,4,10,-20,18,-20,6,12,8,6,18,11,-20,3,-20,7,-20,7,16,5,-20,-20,17,5,14,10,17,-20,-20,6,4,7,23,9,-20,-20,-20,17,-20,18,13,-20,26,11,27,27,26,22,25,52,58,76,97,81,42,38,37,38,37
"chr2,16890475",8,12,-20,11,-20,6,19,8,6,10,4,6,30,21,27,28,28,15,62,51,48,10,38,33,35,24,22,36,20,12,10,12,13,11,44,32,17,21,19,10,23,27,15,19,11,40,5,36,10,18,13,-20,-20,19,16,18,47,-20,20,29,30,22,21,19,33,37,23,41,36,14,21,17,30,14,11,41,14,12,8,16,13,14,13,10,3,21,21,37,26,11,16,15,13,27,20,21,20,30,4,23,23,22,9,14,24,27,4,33,27,7,10,6,26,27,15,6,36,18,6,8,6,5,19,6,42,7,-20,29,19,18,23,11,8,-20,18,24,23,8,10,17,7,11,10,16,17,12,18,32,14,17,7,17,-20,35,32,14,-20,48,101,22,-20,5,11,11,7,16,7,4,-20,-20,-20,-20,-20,-20,-20,23,44,13,33,133,23,19,13,-20,38,12,4,32,28,19,45,15,-20,-20,-20,-20,-20,-20,31,9,13,17,36,-20,70,31,22,59,26,16,68,21,48,35,25,27,75,14,30,4,11,22,17,25,12,22,25,16,19,35,36,-20,51,72,6,14,13,13,15,20,38,18,29,18,12,19,21,11,15,12,15,34,12,13,7,19,-20,-20,-20,-20,21,16,25,4,18,18,20,21,31,18,18,23,20,16,-20,-20,-20,-20,-20,-20,11,14,-20,-20,-20,-20,-20,-20,22,4,-20,-20,-20,24,-20,-20,37,12,7,9,15,4,7,-20,-20,21,22,7,30,26,26,37,26,42,12,5,-20,-20,18,105,10,24,20,23,-20,18,-20,-20,10,22,9,16,10,7,16,10,6,21,26,26,14,15,22,-20,11,12,4,17,-20,12,15,9,8,16,-20,-20,3,20,17,26,10,12,27,15,8,26,11,10,9,13,3,6,3,33,11,11,5,48,6,5,14,8,9,20,12,11,-20,15,5,14,6,16,5,12,-20,17,-20,8,71,11,4,-20,9,16,18,9,-20,16,2,10,20,6,11,20,7,8,6,9,-20,5,12,7,11,4,-20,9,19,9,21,18,16,15,91,17,7,7,11,8,15,10,15,17,3,6,12,9,13,14,15,10,60,19,18,5,4,5,-20,27,-20,7,4,13,11,8,18,12,-20,-20,27,12,3,9,12,5,11,8,10,11,33,17,16,12,8,7,5,23,13,5,11,18,7,7,11,12,13,7,5,9,4,9,8,6,5,11,36,8,18,3,-20,-20,9,19,8,13,34,42,26,37,12,30,16,-20,13,29,24,9,7,24,7,12,23,25,27,5,19,5,4,14,18,-20,13,16,30,-20,15,13,21,17,23,35,32,22,6,4,8,5,12,16,49,8,16,15,15,26,7,10,17,10,71,6,18,14,15,10,24,7,14,17,20,21,27,27,28,25,29,23,26,-20,-20,38,13,9,28,8,13,12,20,16,15,14,8,36,-20,12,-20,19,14,16,10,-20,-20,-20,25,12,19,18,17,25,9,7,-20,-20,-20,-20,-20,21,51,-20,30,-20,14,26,-20,36,-20,-20,-20,24,19,26,93,36,29,-20,8,21,62,15,7,12,15,25,31,23,26,-20,-20,15,35,-20,-20,37,17,63,27,-20,27,21,-20,14,-20,29,13,17,12,17,12,23,14,17,5,10,37,10,19,12,13,23,20,23,13,23,-20,21,12,21,22,13,11,18,21,19,18,15,22,13,10,11,5,-20,10,20,9,8,10,18,13,16,18,13,21,25,11,20,15,-20,13,21,25,-20,12,15,12,9,15,16,16,12,15,21,11,13,8,26,13,19,12,12,10,9,22,18,5,21,16,10,16,20,19,21,6,6,9,9,18,6,7,17,13,15,7,22,15,18,4,10,9,8,7,7,13,12,20,13,7,10,15,23,11,9,16,20,13,6,8,10,4,8,9,7,12,7,15,5,-20,5,10,12,12,14,11,17,14,13,7,7,10,10,5,4,12,9,7,10,13,3,14,8,10,13,8,9,7,-20,23,10,5,5,17,11,6,12,23,-20,-20,19,23,-20,28,5,14,24,-20,6,13,-20,8,8,13,11,8,-20,21,9,15,13,6,15,14,5,19,11,32,22,16,13,10,5,-20,-20,12,-20,10,18,-20,12,13,27,14,5,15,7,8,21,9,56,8,25,19,17,25,22,10,27,34,18,32,14,24,22,26,17,16,24,17,37,30,33,31,-20,6,19,15,14,34,21,36,16,25,21,26,18,17,18,12,15,10,14,9,10,14,15,-20,14,7,22,13,10,24,14,21,16,13,16,14,27,9,12,11,11,12,17,16,37,12,25,23,21,13,11,14,9,15,19,15,7,19,16,18,13,11,13,13,5,8,-20,5,6,6,8,17,18,7,11,16,12,9,15,17,17,19,10,12,14,13,3,9,10,9,30,-20,-20,15,3,32,14,34,14,15,40,27,14,11,-20,16,14,10,4,19,6,7,10,11,11,14,7,10,12,5,12,7,17,10,-20,14,17,8,21,8,4,31,18,16,4,6,6,11,-20,15,2,7,12,4,17,5,20,-20,3,6,3,6,12,-20,2,-20,8,13,-20,9,-20,18,9,5,12,8,4,19,9,-20,-20,-20,7,-20,7,15,6,-20,-20,16,4,16,8,16,-20,-20,5,5,8,21,8,-20,-20,6,16,-20,18,13,-20,26,11,26,27,26,21,25,53,57,75,97,80,40,38,37,38,36
"chr2,16890478",8,12,3,11,-20,6,19,8,6,10,4,6,30,18,27,25,28,15,58,50,46,10,37,31,33,25,22,34,19,11,10,11,13,11,44,29,15,21,19,10,22,25,15,18,11,40,5,36,10,17,14,-20,-20,15,18,17,46,-20,19,28,29,22,20,18,33,36,22,39,35,14,19,15,29,15,11,38,13,12,8,16,13,14,12,10,3,21,20,37,25,11,16,15,13,26,20,20,20,28,4,23,20,21,9,14,23,26,4,30,23,6,9,6,26,26,15,6,34,18,6,8,6,5,19,6,40,7,-20,27,19,18,21,11,8,-20,17,24,23,8,10,17,7,11,10,15,17,12,17,32,14,16,7,17,-20,33,31,13,-20,48,100,20,-20,4,11,11,7,16,7,4,-20,-20,-20,-20,-20,-20,-20,20,44,13,33,129,22,19,13,-20,38,12,-20,30,27,19,44,15,-20,-20,-20,-20,-20,-20,30,9,13,16,36,-20,71,24,22,60,23,15,67,19,45,33,24,27,74,13,27,4,11,22,18,23,12,20,25,13,18,34,36,-20,51,72,4,14,13,12,14,19,37,17,30,17,12,18,19,11,15,12,14,33,11,12,6,19,-20,-20,-20,-20,21,16,22,4,18,18,20,21,31,17,16,22,16,15,-20,-20,-20,-20,-20,-20,11,13,-20,-20,-20,-20,-20,-20,21,4,-20,-20,-20,24,-20,-20,37,12,7,8,15,4,7,-20,-20,21,21,7,29,26,26,34,25,39,12,5,-20,-20,17,99,10,24,20,22,-20,17,-20,-20,10,22,9,15,10,7,16,10,5,20,24,24,14,15,20,-20,11,12,4,18,-20,12,15,9,8,15,-20,-20,3,20,16,27,10,12,24,15,6,26,11,10,9,13,3,6,3,32,11,11,5,48,6,5,13,8,9,20,12,12,-20,15,5,11,6,13,5,11,-20,17,-20,8,64,10,4,-20,9,16,15,8,-20,16,2,10,20,6,11,21,7,8,5,9,-20,5,12,7,11,4,-20,9,17,9,19,18,15,15,86,17,6,7,11,8,15,10,15,16,3,6,11,9,13,13,15,10,54,18,18,5,4,4,-20,27,-20,7,4,13,11,8,18,11,10,-20,27,12,3,8,13,3,10,8,10,11,32,17,16,11,8,6,5,22,12,5,10,18,7,6,11,10,12,6,5,9,4,9,7,6,5,10,35,8,18,3,-20,-20,9,19,8,13,32,41,25,37,10,30,16,-20,13,28,24,9,6,24,7,11,21,25,23,5,18,5,4,14,18,5,12,15,28,6,14,15,21,16,22,35,30,21,6,3,8,5,12,15,47,7,16,14,15,25,7,9,17,10,68,6,17,14,15,9,20,7,12,17,19,21,26,28,28,26,27,23,25,-20,10,38,12,9,28,7,12,12,20,17,14,15,7,36,-20,12,-20,19,12,16,10,-20,-20,-20,24,12,19,18,16,24,8,7,-20,-20,-20,-20,-20,21,50,-20,27,-20,13,24,-20,33,-20,-20,-20,23,17,26,89,35,27,3,-20,22,58,14,6,12,16,-20,28,22,26,-20,-20,15,33,-20,-20,37,16,59,24,-20,27,19,-20,12,-20,29,12,17,12,17,12,22,13,17,5,10,36,10,19,12,13,20,20,22,13,23,-20,20,12,21,22,13,8,18,21,19,18,15,21,12,10,11,5,-20,10,19,9,8,10,16,13,16,17,13,21,24,10,20,14,-20,13,20,25,9,12,15,12,9,14,16,16,10,15,21,10,13,6,26,13,19,12,12,10,9,22,18,5,20,17,10,13,21,19,21,6,6,8,9,17,6,6,16,14,14,7,21,15,16,3,10,9,7,7,7,13,12,20,13,7,10,14,23,11,9,16,20,13,6,8,10,4,8,-20,7,12,7,15,5,-20,5,7,11,11,14,11,17,14,13,7,7,10,10,5,4,12,9,7,10,13,3,14,8,10,13,8,9,6,10,23,10,4,5,17,11,6,11,23,-20,-20,19,23,-20,29,5,14,23,-20,6,13,-20,8,8,14,11,8,-20,21,10,15,13,6,15,14,5,19,10,33,22,16,13,10,5,-20,-20,12,-20,10,18,-20,12,13,27,14,5,15,7,8,20,8,53,8,25,19,16,25,22,10,27,32,18,30,14,24,22,25,17,16,24,17,37,32,33,30,23,6,19,15,14,35,21,36,15,24,20,26,16,16,18,12,14,10,13,9,10,14,15,-20,14,7,22,12,9,23,13,21,16,12,16,14,27,9,12,11,11,12,16,16,37,12,24,23,20,12,11,13,8,14,19,13,7,18,16,17,14,11,13,13,5,8,-20,5,6,6,7,17,18,7,11,16,12,9,15,17,16,19,10,12,14,13,3,9,9,9,28,-20,-20,15,3,30,14,33,13,15,39,26,13,10,-20,16,14,10,4,19,6,7,10,11,11,14,7,10,12,5,12,7,16,10,-20,14,17,7,21,8,3,31,14,15,3,6,6,12,6,12,3,-20,11,4,14,4,19,-20,3,6,-20,6,15,6,3,-20,8,13,-20,10,-20,17,7,5,11,8,6,-20,8,-20,-20,-20,7,-20,7,16,-20,-20,-20,14,3,13,-20,16,-20,-20,7,5,8,19,9,-20,-20,7,18,-20,17,13,7,25,9,26,27,25,20,25,52,57,76,97,81,36,38,38,39,35
"chr2,16890484",7,11,3,10,-20,6,19,8,6,10,4,6,27,17,25,24,26,15,54,45,45,10,36,30,31,22,20,30,17,11,11,11,11,11,38,29,12,19,19,9,19,24,14,18,9,39,5,37,8,17,11,-20,-20,14,18,15,46,-20,19,28,27,21,18,16,30,31,22,35,33,14,18,14,27,15,11,38,12,12,8,16,12,14,11,9,3,22,20,36,24,10,16,14,11,26,20,20,19,27,3,22,18,20,8,13,23,25,4,25,23,6,9,6,24,23,14,6,32,18,6,8,6,5,18,5,36,7,-20,27,17,17,20,10,8,-20,17,23,21,8,9,17,7,10,10,14,15,10,17,28,13,14,7,16,-20,32,28,12,-20,45,90,19,8,4,10,11,7,16,7,4,2,-20,-20,-20,-20,-20,-20,18,43,10,33,126,19,19,12,-20,34,10,-20,30,25,18,41,15,-20,-20,-20,-20,-20,-20,27,9,12,16,34,-20,68,19,22,58,20,15,61,19,39,27,21,26,70,12,23,4,9,21,18,22,12,17,22,11,19,31,32,9,46,58,3,13,13,12,13,18,33,12,29,15,12,19,17,8,15,11,13,29,11,12,6,19,-20,-20,-20,-20,20,13,20,4,16,16,19,21,27,14,14,21,13,15,-20,-20,-20,-20,-20,-20,11,12,-20,-20,-20,-20,-20,-20,21,4,-20,-20,-20,19,6,-20,33,12,7,8,13,4,6,-20,-20,21,19,6,27,26,25,33,24,36,11,4,-20,-20,16,86,10,22,18,19,-20,16,-20,-20,9,21,7,-20,9,7,16,9,5,18,22,23,11,16,19,-20,11,10,4,17,-20,11,14,7,-20,14,-20,-20,3,19,14,26,10,11,22,11,6,24,11,9,9,11,3,5,3,29,9,11,5,44,6,5,13,7,6,19,9,11,-20,12,4,9,6,13,4,10,-20,14,-20,7,62,9,4,-20,9,16,12,6,-20,15,2,10,19,5,9,21,7,7,5,7,-20,5,12,6,10,5,-20,8,17,7,19,17,14,14,79,15,-20,7,11,7,15,9,12,16,3,5,9,8,11,11,14,9,45,17,17,5,3,4,-20,26,-20,6,4,10,10,7,15,11,9,2,26,12,3,8,13,-20,9,6,10,11,30,16,14,9,7,6,3,21,11,5,9,16,7,3,9,7,10,6,5,9,3,7,6,6,4,8,34,7,18,3,-20,-20,9,17,8,12,32,42,23,34,10,29,13,6,13,26,23,9,6,23,7,8,19,24,24,4,15,5,4,14,18,-20,10,14,25,7,14,15,16,15,20,31,28,21,6,3,7,5,11,14,47,6,15,13,14,24,6,9,16,10,64,4,15,14,15,10,18,7,11,15,18,21,24,27,28,23,23,23,20,-20,10,37,12,9,27,6,10,11,18,13,11,15,7,33,-20,11,-20,19,12,16,9,5,6,-20,24,12,18,16,15,21,7,7,-20,-20,-20,-20,-20,20,48,-20,24,-20,13,23,-20,30,-20,-20,-20,23,12,26,83,34,24,-20,8,19,56,14,5,11,15,22,27,19,25,-20,-20,14,30,-20,-20,31,15,51,20,-20,24,19,-20,11,-20,29,13,14,9,16,11,22,13,15,5,9,34,10,18,11,13,19,16,21,11,23,-20,20,12,19,20,10,8,18,18,19,18,15,19,9,10,11,5,-20,10,19,9,7,10,13,12,15,16,13,19,25,10,19,12,-20,13,20,25,8,12,14,12,9,12,16,16,9,15,19,9,13,6,26,12,18,11,12,10,7,18,18,5,19,14,10,13,21,20,20,6,6,8,-20,16,6,5,16,14,13,7,18,14,16,3,10,9,7,6,7,12,11,18,11,7,10,10,21,9,7,13,19,12,5,7,10,-20,7,7,7,12,6,15,5,-20,4,6,9,11,14,10,13,14,11,7,7,9,10,5,4,11,7,7,10,12,2,14,7,10,12,-20,9,5,10,23,10,4,5,17,11,6,11,22,-20,-20,18,24,-20,27,5,14,21,-20,6,12,-20,7,9,12,10,8,-20,21,10,14,12,5,13,12,5,18,10,32,22,16,13,10,5,-20,-20,12,-20,11,18,-20,11,13,26,14,-20,12,7,7,18,6,49,7,23,19,16,24,21,8,25,30,17,27,14,24,21,24,15,16,24,17,36,29,31,29,21,6,19,13,13,33,20,36,15,22,19,24,15,13,15,12,14,9,10,8,7,14,14,5,14,7,21,12,9,22,13,17,15,12,15,13,25,9,10,9,11,12,14,13,35,12,25,22,19,12,9,11,6,13,14,13,7,17,15,15,15,11,12,11,5,7,-20,5,5,6,6,15,18,5,11,16,12,8,15,17,15,19,9,12,14,13,-20,9,9,6,27,5,13,13,3,27,14,28,12,15,35,26,13,10,-20,16,14,8,4,18,6,7,8,11,10,12,6,9,12,5,11,6,14,9,-20,14,17,7,20,7,3,25,13,14,-20,5,6,8,5,12,-20,-20,10,3,16,4,14,-20,-20,4,-20,5,12,5,-20,-20,7,8,-20,11,-20,13,8,4,7,6,-20,17,5,-20,-20,-20,5,-20,4,13,4,-20,-20,11,-20,14,6,17,-20,-20,5,4,6,15,9,-20,-20,6,16,-20,15,13,6,20,9,24,26,25,21,23,49,49,76,97,76,36,37,35,36,34
"chr2,16890487",7,11,3,10,-20,6,19,8,5,10,4,7,26,15,25,24,25,16,54,42,40,10,36,29,29,21,17,29,17,9,10,10,10,12,36,29,11,20,18,9,21,22,10,18,9,37,5,36,8,16,10,-20,-20,14,17,14,46,-20,18,28,25,20,16,15,30,30,22,35,33,14,17,13,26,14,-20,37,12,13,8,16,12,14,11,9,3,22,18,36,25,10,13,13,10,25,18,20,19,25,3,21,19,19,8,13,21,25,4,23,22,6,9,6,24,23,13,6,28,17,6,9,6,5,18,4,34,7,-20,27,15,16,21,-20,8,-20,16,22,19,8,9,17,8,9,9,15,15,10,17,24,11,13,7,16,-20,29,29,10,-20,44,80,18,8,4,10,11,7,16,7,4,2,-20,-20,-20,-20,-20,-20,17,43,10,33,125,18,18,12,-20,32,10,-20,25,23,18,41,15,-20,-20,-20,-20,-20,-20,25,9,12,16,32,-20,69,18,23,51,20,13,59,19,36,27,22,25,66,12,21,4,8,20,18,-20,11,16,22,10,18,29,33,10,44,57,3,10,12,12,14,15,32,12,24,14,12,16,15,7,14,11,11,29,10,12,6,19,-20,-20,-20,-20,20,12,19,4,14,16,19,21,26,14,14,22,12,13,-20,-20,-20,-20,-20,-20,11,12,-20,-20,-20,-20,-20,-20,19,4,-20,-20,-20,18,6,-20,29,12,8,8,13,4,6,-20,-20,17,17,6,27,23,24,33,23,-20,11,4,-20,-20,17,81,7,20,17,19,-20,16,-20,-20,8,22,7,14,6,6,16,8,5,18,24,21,11,16,19,-20,10,10,5,16,-20,12,14,6,8,12,-20,-20,3,19,13,23,9,10,22,10,6,26,10,9,9,9,3,4,3,28,8,9,6,42,6,5,12,6,6,18,9,10,-20,11,4,9,4,8,4,9,-20,14,5,7,60,9,4,-20,9,15,11,5,-20,16,2,9,18,5,9,20,7,7,4,7,-20,4,13,6,8,-20,-20,9,12,5,19,16,15,13,75,15,-20,7,11,7,13,9,12,16,3,5,8,8,11,10,14,10,44,17,17,5,3,4,-20,25,-20,5,4,10,9,7,15,10,8,2,25,12,3,8,10,-20,9,4,10,12,28,15,14,9,7,7,3,20,11,5,8,15,7,3,8,7,10,6,5,7,4,7,5,5,5,8,32,4,19,3,-20,-20,8,17,7,12,31,41,23,33,10,29,11,6,13,25,24,9,6,23,7,8,19,20,24,3,16,6,4,18,17,5,10,14,24,8,14,15,15,14,17,29,26,18,6,2,7,3,11,14,42,6,13,12,14,20,6,9,15,8,61,4,14,14,15,10,15,7,10,15,17,19,25,26,27,22,21,23,18,-20,10,36,11,8,27,6,10,11,16,13,11,14,7,31,-20,11,4,18,12,16,10,5,6,-20,21,12,18,16,15,20,7,7,-20,-20,-20,-20,-20,21,47,-20,19,-20,14,23,-20,27,-20,-20,-20,21,12,25,78,35,21,-20,8,18,51,13,5,9,16,19,24,18,24,-20,-20,13,29,-20,-20,29,15,47,20,-20,21,19,-20,9,-20,29,13,14,9,16,10,21,13,15,4,9,34,10,19,11,13,19,16,20,11,22,-20,19,12,17,20,10,8,17,18,18,18,17,16,9,9,11,4,-20,10,15,9,7,12,13,10,15,15,12,19,23,10,19,12,-20,10,17,26,8,12,13,15,9,12,16,16,9,14,19,9,12,6,25,12,18,12,11,10,7,18,18,5,19,14,-20,13,20,19,20,5,6,8,8,18,6,5,16,14,13,7,19,14,17,3,10,9,-20,6,7,12,12,18,11,7,10,8,21,9,6,12,19,12,5,7,10,4,7,7,6,12,5,14,5,-20,4,6,8,11,14,10,13,13,11,7,7,9,10,5,4,10,8,7,10,11,2,13,7,10,10,7,9,5,8,21,6,4,5,17,10,6,11,20,-20,-20,18,23,-20,27,5,14,21,-20,6,11,-20,7,9,12,11,8,-20,21,10,15,11,5,13,11,5,16,10,33,23,16,15,9,5,-20,-20,12,-20,10,18,-20,12,13,25,15,6,12,6,6,17,6,46,7,22,16,16,24,20,8,25,29,16,25,14,23,20,25,15,16,23,15,34,24,30,28,20,6,18,14,12,33,19,36,14,22,18,23,15,12,15,11,14,8,10,7,7,13,14,5,12,7,20,11,9,22,13,17,16,12,14,11,24,8,9,10,10,12,14,13,35,11,25,22,17,13,9,11,5,13,12,13,7,15,14,13,15,9,12,10,5,7,-20,5,4,5,6,14,16,5,11,17,12,8,14,16,14,20,9,13,14,12,3,9,9,5,27,5,14,13,3,26,13,27,13,13,35,25,12,10,-20,16,14,6,4,17,6,8,8,7,10,11,6,9,12,5,11,6,14,8,-20,14,17,6,18,6,4,22,13,14,-20,4,5,7,5,11,-20,-20,8,-20,13,-20,11,-20,-20,-20,-20,3,12,5,-20,-20,9,-20,-20,8,-20,11,5,4,6,6,-20,14,5,-20,-20,-20,-20,-20,4,12,-20,-20,-20,10,-20,13,-20,14,-20,-20,-20,3,5,11,7,-20,-20,5,15,-20,11,13,6,20,9,22,24,24,19,22,48,48,80,96,75,32,36,33,34,36
"chr2,16890488",7,11,3,10,-20,6,19,8,5,12,4,7,24,15,24,24,24,16,53,43,40,10,35,30,27,21,16,29,17,9,10,10,13,13,36,30,12,19,20,9,21,21,9,18,8,37,-20,35,8,-20,9,-20,-20,14,19,14,48,-20,18,28,25,20,15,15,28,29,22,35,33,14,18,13,25,14,10,38,12,13,8,16,12,14,11,9,3,22,17,36,25,10,13,14,10,25,18,20,19,26,3,20,19,18,8,13,20,25,4,23,22,6,9,6,23,23,14,5,28,18,6,-20,6,5,18,4,33,7,-20,26,14,16,18,-20,8,-20,16,22,19,8,10,17,8,9,9,15,16,10,17,23,11,13,7,16,-20,27,29,10,-20,44,76,18,8,4,10,11,7,16,-20,4,2,-20,-20,-20,-20,-20,-20,17,43,10,33,125,17,18,11,-20,32,10,-20,25,23,18,41,14,-20,-20,-20,-20,-20,-20,24,9,12,16,32,-20,64,18,22,51,20,12,60,18,-20,27,21,25,64,12,21,4,8,20,17,22,9,16,22,11,18,29,32,-20,44,57,3,10,12,12,14,15,30,12,23,13,-20,16,14,7,14,11,11,29,10,12,6,19,-20,-20,-20,-20,20,12,18,3,14,14,20,19,26,13,14,22,12,14,-20,-20,-20,-20,-20,-20,10,12,-20,-20,-20,-20,-20,-20,16,4,-20,-20,-20,17,6,-20,28,12,9,8,13,4,6,-20,-20,16,17,-20,27,24,24,33,23,-20,11,4,-20,-20,17,80,8,20,18,19,-20,16,-20,-20,-20,22,6,14,6,6,16,7,5,18,24,20,11,16,19,-20,11,10,5,16,-20,12,14,6,-20,13,-20,-20,3,19,13,25,9,10,22,9,6,26,10,9,10,9,3,4,3,27,8,9,6,40,6,5,12,7,6,18,9,9,-20,11,4,9,4,8,4,9,-20,14,5,7,59,9,4,-20,9,15,11,4,-20,16,2,9,17,5,9,18,7,7,4,7,-20,4,12,6,7,5,-20,9,12,5,20,17,15,12,73,15,-20,7,10,7,13,9,11,16,3,5,8,9,11,10,13,10,44,17,16,6,2,4,-20,23,-20,5,-20,10,9,7,14,10,7,2,25,10,3,8,10,-20,9,3,10,12,28,16,14,-20,6,7,3,20,11,5,8,15,7,3,7,6,10,6,6,7,4,7,4,5,5,7,32,4,18,3,-20,-20,8,16,7,11,31,41,23,33,10,28,14,6,13,25,23,9,6,22,7,8,19,20,23,3,16,-20,4,20,17,-20,10,14,24,8,14,15,15,14,17,28,26,20,6,2,7,3,11,13,40,6,13,11,14,20,6,9,15,8,61,4,14,14,16,10,15,7,10,15,15,19,23,25,28,22,23,23,18,-20,8,33,11,9,27,6,-20,11,16,13,11,13,7,31,-20,11,4,21,12,15,-20,5,6,-20,21,12,18,16,16,21,7,7,-20,-20,-20,-20,-20,19,45,-20,21,-20,14,25,-20,26,-20,-20,-20,20,12,25,76,33,19,-20,7,18,50,13,5,9,17,19,26,18,25,-20,-20,13,28,-20,-20,-20,15,46,18,-20,21,19,-20,9,-20,29,13,14,9,16,10,21,13,15,4,9,34,10,-20,11,13,19,16,20,11,21,-20,20,12,17,-20,10,8,17,18,18,18,17,16,9,9,11,4,-20,10,15,10,7,11,13,10,15,15,11,19,23,10,19,12,-20,10,17,25,8,11,14,15,9,12,16,16,9,14,19,9,12,6,25,12,19,12,11,10,7,18,18,5,19,14,-20,13,19,19,21,5,6,8,8,18,6,5,16,14,13,7,19,14,17,3,10,9,-20,6,7,12,12,18,-20,7,10,8,21,9,6,12,19,12,5,7,10,4,7,7,6,12,6,14,5,-20,4,6,8,11,14,10,13,13,11,7,7,9,11,5,4,10,10,7,10,11,3,13,7,10,10,6,9,5,8,21,6,4,5,17,10,6,11,20,-20,-20,18,23,-20,27,4,14,21,-20,6,11,-20,7,9,12,11,7,-20,20,10,16,11,5,13,11,6,16,10,34,23,-20,-20,10,5,-20,-20,12,-20,11,18,-20,12,13,25,15,6,12,6,6,17,7,45,7,21,16,16,24,20,7,25,29,16,25,13,22,20,25,16,16,23,15,34,25,30,27,20,6,19,14,12,32,19,38,14,22,18,23,15,12,15,11,14,8,10,8,7,13,12,-20,12,7,20,11,9,22,13,17,16,13,14,12,25,9,9,10,10,12,15,14,34,11,-20,22,17,13,9,12,5,13,13,14,7,15,15,12,15,9,13,10,5,7,-20,5,4,5,6,14,15,5,11,17,13,8,14,16,14,20,9,14,14,12,3,9,9,5,26,-20,14,13,4,26,13,27,13,14,36,25,12,10,-20,16,14,6,4,17,6,8,8,7,10,11,6,9,12,6,12,6,14,8,-20,14,17,6,18,7,4,20,13,14,-20,4,6,7,5,13,-20,-20,7,-20,13,-20,10,-20,-20,-20,-20,4,11,4,-20,-20,-20,-20,-20,8,-20,13,5,4,6,6,-20,15,5,-20,-20,-20,-20,-20,-20,11,-20,-20,-20,11,-20,11,-20,14,-20,-20,-20,4,6,14,5,-20,-20,4,17,-20,14,13,6,20,9,21,24,24,19,22,49,49,79,97,70,33,34,33,34,36
"chr2,16890489",6,11,3,10,-20,5,18,8,4,12,4,7,25,15,24,24,24,16,54,43,40,10,35,30,27,20,17,28,17,9,10,10,12,14,35,30,12,19,20,8,21,21,9,18,8,37,5,36,8,17,9,-20,-20,12,19,15,48,-20,19,28,23,20,15,17,27,29,22,35,33,14,18,13,25,14,10,37,-20,13,8,17,12,13,9,8,3,21,17,36,25,10,13,15,10,23,18,20,18,26,3,19,19,21,7,12,21,24,4,23,22,6,9,7,22,21,14,5,27,17,6,9,6,5,17,4,34,-20,-20,26,15,16,18,9,8,-20,16,23,19,7,11,18,8,9,10,16,16,10,16,23,11,14,7,16,-20,26,29,10,-20,42,89,18,8,4,10,11,7,16,7,4,-20,-20,-20,-20,-20,-20,-20,17,43,10,30,124,16,18,11,-20,32,10,-20,25,22,18,41,14,-20,-20,-20,-20,-20,-20,24,9,11,16,32,-20,63,18,22,50,20,12,60,17,34,26,21,24,64,12,21,3,8,20,17,23,9,15,22,11,19,29,31,-20,43,58,3,10,13,12,14,15,30,12,22,13,12,15,14,7,14,11,11,27,10,12,6,19,-20,-20,-20,-20,20,12,18,3,14,15,20,21,26,13,13,22,12,13,-20,-20,-20,-20,-20,-20,10,12,-20,-20,-20,-20,-20,-20,16,4,-20,-20,-20,17,6,-20,28,11,9,8,13,4,6,-20,-20,16,18,5,27,24,25,32,23,41,11,4,-20,-20,17,81,8,21,18,20,-20,16,-20,-20,9,22,6,13,6,-20,16,7,5,18,-20,20,10,16,19,-20,10,11,5,16,-20,11,14,6,8,14,-20,-20,3,19,13,26,9,10,22,9,6,26,10,7,9,9,3,4,3,28,7,10,5,41,6,5,12,7,6,18,9,10,-20,10,4,9,4,8,4,9,-20,14,5,7,59,9,4,-20,9,15,11,4,4,16,2,9,19,5,9,17,7,7,4,7,-20,4,12,6,8,5,-20,10,12,5,20,18,16,-20,71,15,-20,7,11,7,14,8,11,16,3,5,8,9,-20,10,14,10,44,17,-20,6,2,4,-20,22,-20,5,4,-20,10,8,-20,-20,7,2,25,10,3,8,10,-20,9,3,10,12,32,15,14,8,6,7,3,-20,11,5,7,15,6,3,7,6,9,6,6,6,3,8,4,5,5,7,31,4,18,3,-20,-20,7,16,7,11,32,41,23,32,10,29,15,6,13,26,24,8,6,22,6,8,18,19,25,-20,16,7,-20,22,17,5,10,13,24,8,14,14,15,14,17,28,26,20,6,2,7,3,11,12,42,6,13,11,14,17,6,9,14,7,61,4,14,14,15,10,14,7,10,15,14,18,26,26,26,24,23,23,18,-20,9,34,11,9,27,6,9,11,16,13,11,13,6,30,-20,11,4,22,11,15,10,5,6,-20,20,12,17,15,16,21,5,7,-20,-20,-20,-20,-20,19,51,-20,23,-20,14,25,-20,26,-20,-20,-20,19,12,25,74,34,20,-20,7,18,48,13,5,9,17,18,26,18,25,-20,-20,12,28,-20,-20,23,15,48,18,-20,-20,19,-20,9,-20,25,12,13,8,16,10,21,13,15,4,8,34,10,19,12,13,18,16,20,11,21,-20,21,11,17,20,10,8,17,15,18,17,17,14,10,9,9,5,-20,10,13,9,7,11,13,11,16,12,12,18,22,9,18,12,-20,10,16,26,9,10,14,15,9,12,17,15,8,13,20,8,13,6,24,11,19,12,11,9,7,18,18,5,18,14,9,13,19,17,-20,5,6,7,8,18,6,5,15,13,12,6,19,14,16,3,10,10,5,6,7,12,12,19,11,7,11,7,20,8,6,11,19,12,5,8,10,4,6,7,6,11,7,14,5,-20,-20,6,8,11,15,-20,13,13,11,7,5,9,9,6,4,10,8,8,10,10,3,13,7,9,9,6,10,5,8,19,-20,4,5,16,10,6,11,19,-20,-20,17,23,-20,27,4,14,-20,-20,6,10,-20,7,9,11,12,5,3,18,11,15,11,5,13,11,6,16,9,34,23,16,16,9,5,-20,-20,11,-20,11,18,-20,12,13,25,15,7,12,7,6,17,7,44,6,19,17,16,23,20,7,24,30,15,26,13,22,21,25,15,15,21,15,33,26,28,27,20,5,17,14,12,30,19,38,14,22,18,20,14,12,13,10,14,8,10,8,7,13,13,5,11,7,19,10,9,22,13,17,15,14,17,12,25,9,8,10,10,12,14,14,32,10,26,25,17,14,7,12,5,12,11,14,7,14,14,12,16,11,13,-20,-20,8,-20,5,4,5,6,13,14,5,11,16,13,7,15,17,16,20,9,14,14,12,3,9,9,5,24,5,15,13,4,26,13,28,13,14,35,-20,12,-20,-20,16,13,6,4,17,6,13,8,6,9,12,6,8,11,7,12,5,15,8,-20,14,17,6,17,6,-20,18,13,12,-20,4,5,7,4,11,-20,-20,7,-20,13,-20,12,-20,-20,-20,-20,4,10,-20,-20,-20,-20,9,-20,8,-20,12,5,4,6,-20,-20,14,-20,-20,-20,-20,-20,-20,4,11,-20,-20,-20,13,-20,10,-20,15,-20,-20,-20,-20,6,11,3,-20,-20,4,15,-20,13,14,6,20,9,21,24,23,18,22,49,50,80,96,70,31,35,32,34,36
"chr2,16890491",6,12,3,9,-20,6,20,8,4,12,4,8,24,16,24,24,21,16,56,42,39,10,34,29,26,20,17,31,15,9,10,10,13,14,34,31,12,20,19,7,21,19,7,18,8,37,5,-20,8,16,9,-20,-20,12,18,15,47,-20,18,28,23,21,16,16,27,29,24,36,33,15,18,15,25,14,-20,36,13,13,8,16,12,12,9,7,3,22,17,36,25,10,13,15,9,22,17,20,17,26,3,18,19,21,7,12,21,24,3,23,21,5,9,7,23,15,14,5,28,18,6,-20,6,5,17,4,36,8,-20,26,15,15,19,9,7,-20,15,22,18,8,11,18,8,9,10,15,14,10,16,24,10,14,7,16,-20,24,-20,10,-20,40,89,18,8,4,9,11,7,16,7,4,-20,-20,-20,-20,-20,-20,-20,17,43,8,29,130,16,17,10,-20,32,10,-20,23,22,18,35,14,-20,-20,-20,-20,-20,-20,24,8,12,17,31,-20,61,18,22,49,19,12,58,18,33,27,20,23,63,12,20,3,8,20,17,-20,8,14,22,9,18,29,32,11,42,58,3,10,11,10,14,14,29,12,22,13,12,16,13,7,14,11,11,27,10,11,6,19,-20,-20,-20,-20,20,12,17,3,14,15,-20,21,26,11,13,21,12,-20,-20,-20,-20,-20,-20,-20,11,12,-20,-20,-20,-20,-20,-20,13,4,-20,-20,-20,17,6,-20,27,13,11,7,13,4,5,-20,-20,17,18,6,26,26,25,34,23,42,11,3,-20,-20,16,80,8,21,15,22,-20,16,-20,-20,9,22,5,13,6,-20,15,7,5,19,22,20,10,17,19,-20,10,11,5,16,-20,11,14,5,7,14,-20,-20,3,19,13,27,11,10,21,8,6,26,9,7,9,10,-20,4,3,30,7,-20,6,41,6,4,14,7,-20,16,8,9,-20,10,4,8,4,-20,4,9,-20,14,5,7,56,9,4,-20,8,14,11,4,4,16,3,9,19,5,7,17,6,7,4,8,-20,4,12,6,7,-20,-20,10,12,6,19,18,16,13,74,15,-20,8,11,7,14,8,11,13,3,5,8,9,11,8,13,10,45,17,15,6,2,-20,-20,22,-20,5,4,8,10,8,14,10,8,-20,24,10,3,8,9,-20,9,3,9,12,33,15,14,8,4,7,3,20,10,5,6,14,7,3,6,-20,9,6,7,6,3,8,4,5,5,7,29,4,18,4,-20,-20,7,16,7,12,35,40,25,32,11,28,14,6,13,26,25,8,6,24,6,7,17,19,25,-20,16,8,5,22,17,5,10,13,23,8,14,14,13,13,16,27,24,21,6,2,7,3,12,12,40,7,14,11,14,17,6,8,13,7,59,4,14,12,16,10,14,9,11,13,14,-20,27,26,29,24,21,24,17,-20,9,35,11,10,27,5,9,11,16,12,10,13,6,30,-20,11,4,21,11,15,10,5,6,-20,20,10,17,15,15,20,5,7,-20,-20,-20,-20,-20,19,57,-20,23,-20,14,25,-20,22,-20,-20,-20,19,12,25,73,28,20,-20,7,18,45,13,5,-20,17,18,25,18,24,-20,-20,-20,28,-20,-20,23,15,48,18,-20,20,18,-20,9,-20,24,13,14,8,16,10,21,12,16,5,-20,33,9,18,12,13,18,16,20,11,21,-20,21,11,17,18,10,8,16,15,18,16,17,14,11,9,9,6,-20,9,13,9,7,10,13,11,16,11,13,18,22,9,18,11,-20,11,17,24,9,10,13,15,11,11,17,15,7,13,20,-20,13,6,24,12,19,12,11,9,7,17,18,5,16,14,9,12,17,16,18,5,6,6,8,17,6,5,14,13,12,6,18,13,16,4,10,9,5,6,6,12,13,18,11,7,12,9,20,8,5,11,19,12,5,9,10,4,6,7,6,11,7,14,6,-20,4,6,7,12,17,10,13,12,11,-20,5,9,9,6,4,10,8,8,7,10,3,13,7,8,9,6,11,4,8,17,7,4,5,15,10,6,12,19,-20,-20,17,23,-20,27,4,14,19,-20,6,9,-20,7,11,12,13,6,3,20,11,15,11,5,13,11,6,15,9,36,23,16,16,9,5,-20,-20,12,-20,11,19,-20,12,14,26,16,7,11,-20,6,18,6,43,6,17,17,15,23,20,7,24,29,14,27,12,21,21,24,15,15,22,14,31,27,28,27,20,5,17,13,12,30,19,39,12,20,19,20,13,13,12,9,14,8,11,8,8,13,12,5,12,7,19,10,9,21,13,17,15,14,17,12,24,9,8,10,10,12,15,14,33,10,25,25,16,14,7,11,5,11,12,14,7,15,15,11,16,11,13,11,-20,9,-20,5,4,4,6,12,14,5,11,16,13,7,13,17,15,20,9,13,14,12,-20,9,9,6,24,5,18,14,4,26,13,26,14,14,35,25,11,11,3,16,13,4,4,17,6,13,7,6,8,13,5,8,11,7,13,5,14,8,-20,15,13,5,16,5,3,15,11,13,-20,-20,3,6,-20,13,-20,-20,6,-20,-20,-20,13,-20,-20,-20,-20,4,8,3,-20,-20,-20,8,-20,7,-20,10,-20,4,4,-20,-20,12,-20,-20,-20,-20,-20,-20,3,11,-20,-20,-20,12,-20,-20,-20,13,-20,-20,-20,-20,5,12,-20,-20,-20,4,13,-20,12,14,6,20,9,21,24,22,17,22,49,47,71,95,75,29,34,33,32,37
"chr2,16890494",6,12,3,10,-20,6,22,7,4,12,4,7,24,17,25,24,19,16,57,41,37,11,32,25,30,20,16,31,14,9,10,10,14,16,35,29,10,17,19,7,20,21,7,18,7,35,-20,-20,8,16,9,-20,-20,12,16,15,45,-20,16,27,22,21,18,16,27,29,24,35,35,15,17,14,25,12,9,33,13,13,8,16,11,12,10,8,3,19,17,36,23,10,13,13,9,21,15,21,17,25,3,17,19,22,9,12,22,26,3,24,21,5,9,7,22,13,14,5,27,19,6,8,4,5,17,5,35,6,-20,28,15,15,19,9,7,-20,15,21,16,8,11,19,8,9,10,16,14,10,18,21,10,13,7,16,-20,23,25,10,-20,39,88,17,8,4,10,11,7,15,8,4,-20,-20,-20,-20,-20,-20,-20,16,43,8,29,140,14,15,11,-20,31,9,-20,21,21,18,36,14,-20,-20,-20,-20,-20,-20,24,7,12,17,28,-20,58,18,20,51,14,11,58,16,33,23,20,22,63,12,19,3,8,16,16,22,8,14,22,9,18,29,32,11,43,58,3,9,10,9,13,13,27,11,22,13,9,15,14,7,13,9,10,26,9,12,5,19,-20,-20,-20,-20,19,11,14,-20,13,17,19,20,21,11,11,21,11,-20,-20,-20,-20,-20,-20,-20,11,12,-20,-20,-20,-20,-20,-20,14,4,-20,-20,-20,14,6,-20,27,13,11,7,13,4,5,-20,-20,14,19,6,26,25,23,34,26,40,11,4,-20,-20,16,77,-20,19,-20,23,-20,15,-20,-20,9,20,5,13,6,6,17,8,5,19,25,17,8,15,19,-20,10,11,5,17,4,11,14,5,7,13,-20,-20,3,18,12,26,11,10,21,8,7,20,9,6,8,10,-20,4,3,31,7,10,6,39,6,4,13,7,5,15,8,10,-20,9,3,7,4,7,5,8,-20,13,5,6,50,8,5,-20,7,13,11,-20,4,16,3,9,19,5,7,15,6,7,5,7,-20,4,12,6,-20,-20,-20,10,12,7,19,17,16,14,70,15,-20,8,11,7,15,9,10,13,3,6,8,9,10,8,13,9,45,15,16,6,3,4,-20,22,-20,5,4,6,10,8,14,9,7,-20,25,10,-20,8,8,3,8,3,9,12,35,16,14,7,-20,7,3,19,10,-20,7,13,-20,3,5,-20,9,-20,7,4,3,9,4,4,4,7,27,4,19,4,-20,-20,8,17,7,12,36,41,26,31,11,28,16,6,13,26,24,9,6,20,6,7,13,17,24,-20,16,8,5,23,16,-20,9,13,21,-20,12,12,13,13,15,24,22,19,6,2,8,3,10,12,40,-20,14,9,13,16,6,6,16,7,60,5,13,12,17,12,14,9,8,13,12,-20,27,26,30,25,20,23,17,-20,10,31,11,10,30,5,8,10,16,12,10,12,6,31,-20,10,4,22,11,13,9,5,6,-20,19,11,17,17,16,22,5,6,-20,-20,-20,-20,-20,19,55,-20,24,-20,13,23,-20,23,-20,-20,-20,19,12,22,68,29,18,-20,7,17,44,13,5,9,17,17,26,18,22,-20,-20,-20,28,-20,-20,19,12,47,18,-20,19,16,-20,9,-20,28,13,16,9,16,10,20,12,16,5,7,33,10,17,12,13,18,20,20,11,20,-20,22,11,17,21,9,11,16,17,16,15,18,14,13,10,10,6,-20,9,13,10,7,9,15,11,16,11,13,20,22,9,17,11,-20,11,17,23,9,11,12,15,10,11,16,15,7,14,21,7,14,6,25,13,19,13,11,9,8,19,19,5,17,12,9,13,18,16,18,5,6,6,8,16,6,5,14,12,13,6,20,14,19,4,11,9,4,6,6,13,12,18,13,7,12,9,22,7,4,11,19,13,5,11,10,3,6,7,6,11,7,14,6,-20,5,6,7,12,17,10,12,12,12,7,4,10,8,6,3,8,8,7,4,10,4,14,7,8,9,7,12,4,8,16,7,3,5,15,10,4,13,21,-20,-20,15,24,-20,29,4,14,20,-20,6,9,-20,7,11,12,12,6,3,21,10,16,12,5,12,11,5,16,7,37,22,17,15,9,5,-20,-20,12,-20,13,19,-20,12,14,25,18,7,11,7,6,18,6,43,5,17,17,15,22,20,7,21,29,14,26,12,21,20,25,16,14,24,14,30,26,27,26,21,5,17,13,11,32,18,40,13,20,20,22,13,14,13,8,16,8,11,8,8,13,12,5,13,7,18,8,9,20,13,16,16,15,17,12,24,9,8,11,10,11,15,15,35,10,25,24,17,16,8,11,5,12,12,16,6,15,16,11,16,12,14,10,-20,10,-20,5,5,4,6,13,14,5,11,15,13,7,13,20,17,20,9,13,13,10,2,9,9,6,24,8,18,13,4,27,14,27,15,14,35,25,11,11,3,15,13,4,4,15,6,14,7,6,8,13,5,7,11,6,13,5,16,8,-20,15,13,5,16,5,-20,13,11,14,-20,-20,-20,-20,3,12,-20,-20,6,-20,6,-20,6,-20,-20,-20,-20,-20,6,-20,-20,-20,-20,5,-20,7,-20,5,-20,4,-20,-20,-20,12,-20,-20,-20,-20,-20,-20,-20,8,-20,-20,-20,11,-20,11,-20,13,-20,-20,-20,-20,-20,10,-20,-20,-20,-20,-20,-20,11,14,5,17,11,20,27,22,18,20,53,48,70,69,76,25,33,34,31,36
"chr2,16890497",7,10,4,12,-20,6,21,8,4,13,3,8,21,15,25,22,18,16,57,42,36,11,31,27,33,19,16,32,12,10,10,10,14,16,33,28,9,19,21,7,20,19,7,13,7,33,-20,32,8,16,9,-20,-20,11,15,14,44,-20,16,24,22,21,17,16,27,29,25,32,35,13,17,12,25,11,10,34,15,14,7,18,10,13,9,9,3,17,17,35,23,10,13,14,8,19,15,21,17,26,3,14,18,23,10,12,21,27,3,24,16,5,11,7,24,12,13,5,27,19,7,8,4,5,17,4,35,6,-20,26,14,15,18,9,7,-20,15,21,19,8,10,19,8,10,11,16,14,10,18,20,10,14,7,15,-20,20,25,10,-20,39,92,16,8,4,10,11,6,17,7,4,-20,-20,-20,-20,-20,-20,-20,13,41,8,28,126,13,15,11,-20,29,9,-20,19,18,17,28,13,-20,-20,-20,-20,-20,-20,20,6,11,15,22,-20,57,13,18,43,13,8,57,17,27,19,18,20,63,12,16,4,7,16,15,20,7,12,20,8,16,26,29,11,44,58,3,9,9,8,13,12,28,9,19,11,8,13,10,6,13,8,8,26,10,10,5,19,-20,-20,-20,-20,18,10,13,-20,12,19,17,16,19,10,11,21,11,9,-20,-20,-20,-20,-20,-20,11,10,-20,-20,-20,-20,-20,-20,13,4,-20,-20,-20,11,-20,-20,27,13,13,7,13,6,-20,-20,-20,15,19,6,25,24,25,34,26,40,-20,3,-20,-20,16,72,8,19,14,22,-20,15,-20,-20,9,21,5,14,5,6,18,8,5,19,25,16,8,14,18,-20,9,8,4,17,4,11,13,6,7,15,-20,-20,3,17,11,26,10,9,20,9,7,16,9,6,7,10,-20,4,-20,32,8,10,6,38,6,4,13,7,5,14,7,10,-20,9,3,7,5,8,-20,8,-20,13,4,6,52,9,5,-20,6,11,10,-20,4,17,-20,9,20,6,6,14,5,7,5,7,-20,4,12,6,8,-20,-20,10,12,7,17,17,16,15,72,16,-20,-20,11,5,16,9,11,12,3,6,-20,9,8,7,13,8,43,15,17,4,3,4,-20,20,-20,5,4,-20,10,8,14,9,6,-20,25,10,-20,8,8,4,8,3,9,11,36,15,15,7,-20,6,3,18,10,5,6,11,7,3,5,-20,8,-20,7,5,3,9,5,4,3,7,28,5,19,4,-20,-20,-20,18,6,12,36,42,26,28,14,27,15,6,13,23,23,9,6,22,6,7,14,13,22,-20,17,9,5,22,15,4,9,10,15,8,12,-20,12,13,14,24,21,19,5,2,9,4,9,11,39,7,15,8,12,14,6,6,16,7,55,5,12,10,18,12,12,-20,9,13,13,16,29,26,30,25,18,22,16,-20,11,30,11,10,28,5,8,10,16,12,10,13,6,31,-20,11,4,20,11,12,8,5,6,-20,19,11,19,17,16,23,5,6,-20,-20,-20,-20,-20,20,52,-20,24,-20,14,23,-20,24,-20,-20,-20,17,10,22,62,30,18,-20,7,16,34,13,5,9,17,18,20,16,16,-20,-20,9,26,-20,-20,19,11,46,17,-20,16,17,-20,9,-20,30,13,13,9,16,8,19,12,17,5,6,32,10,17,13,13,-20,19,20,9,20,-20,23,11,17,21,9,11,15,17,16,15,18,13,13,10,11,6,-20,10,14,11,7,-20,14,11,18,11,13,19,20,10,17,12,-20,10,17,22,9,11,12,15,10,12,17,14,7,14,21,7,14,6,24,14,18,12,12,-20,8,18,19,5,16,11,9,13,17,17,18,6,6,6,8,17,6,5,14,12,13,6,21,15,18,4,11,9,5,6,7,14,12,17,14,7,12,10,23,7,3,12,20,15,5,11,10,3,7,7,5,11,7,14,6,-20,4,6,8,13,17,11,12,13,11,8,4,10,9,6,3,9,8,7,5,10,4,13,7,9,9,7,12,4,8,15,7,4,5,15,13,4,13,22,-20,-20,16,26,-20,29,4,14,21,-20,6,9,-20,7,11,12,12,6,3,20,11,17,12,5,12,11,6,16,8,39,21,17,13,9,6,-20,-20,12,-20,-20,19,-20,12,14,25,18,6,11,-20,5,19,5,43,4,16,17,15,25,23,7,21,30,14,27,12,22,20,25,16,14,27,13,30,28,33,26,22,5,17,13,11,35,20,42,12,21,21,22,11,15,13,8,16,8,11,8,9,14,11,5,12,7,18,8,9,20,12,16,16,14,17,13,25,9,8,10,11,11,15,16,33,-20,27,25,17,17,8,11,5,12,12,16,6,16,15,11,16,12,15,10,-20,10,-20,5,5,4,7,13,14,5,10,15,13,6,12,20,17,20,8,13,12,10,2,10,9,6,25,8,18,13,4,27,15,27,15,14,36,25,10,10,3,15,13,4,4,15,7,13,8,6,7,13,5,7,11,6,14,5,16,8,-20,15,14,5,16,4,-20,12,10,13,-20,-20,-20,3,-20,11,-20,-20,6,-20,10,-20,9,-20,-20,-20,-20,-20,7,-20,-20,-20,-20,-20,-20,6,-20,8,-20,4,-20,-20,-20,11,-20,-20,-20,-20,-20,-20,-20,6,-20,-20,-20,-20,-20,9,-20,11,-20,-20,-20,-20,-20,10,-20,-20,-20,-20,8,-20,10,12,5,15,11,18,25,22,18,18,54,47,62,69,74,23,36,34,30,33
"chr2,16890498",7,10,4,12,-20,6,22,8,4,13,4,8,21,15,24,22,18,16,58,42,36,11,33,28,34,19,15,32,11,10,10,9,13,16,32,28,9,18,21,7,20,19,6,13,7,33,-20,30,8,16,8,-20,-20,10,-20,14,43,-20,15,23,21,21,18,17,27,27,25,31,36,13,18,13,25,13,10,34,14,14,7,18,10,13,8,9,3,17,16,35,23,10,13,13,8,19,15,22,17,26,3,14,18,23,10,12,22,27,3,24,16,5,11,7,23,13,13,5,28,19,7,8,4,5,17,4,34,6,-20,26,14,14,18,9,7,-20,14,21,19,8,10,19,8,10,11,15,14,10,19,20,10,14,7,15,-20,17,26,10,-20,39,91,16,8,4,10,11,6,17,7,4,-20,-20,-20,-20,-20,-20,-20,13,41,6,28,126,13,15,10,-20,25,9,-20,19,17,17,29,13,-20,-20,-20,-20,-20,-20,20,6,11,15,22,-20,55,13,18,43,13,8,58,16,24,19,16,20,61,12,16,4,-20,16,15,-20,7,12,19,7,17,26,29,12,44,59,3,9,9,8,13,11,28,9,19,11,8,11,7,6,13,8,8,26,11,10,5,18,-20,-20,-20,-20,18,10,13,-20,10,18,16,16,19,10,10,20,10,-20,-20,-20,-20,-20,-20,-20,11,10,-20,-20,-20,-20,-20,-20,13,4,-20,-20,-20,11,-20,-20,27,13,13,7,13,6,5,-20,-20,17,19,6,25,24,25,35,25,41,11,2,-20,-20,16,73,8,19,14,20,-20,14,-20,-20,9,21,5,13,6,6,17,8,5,19,24,17,8,14,18,-20,9,7,4,17,4,11,12,6,7,16,-20,-20,3,17,10,25,10,9,19,9,7,16,9,6,6,10,-20,4,-20,31,8,10,5,37,6,4,15,7,5,14,-20,11,-20,8,3,7,5,8,6,7,-20,15,4,7,52,9,5,-20,6,10,10,-20,4,17,3,9,19,6,6,14,5,7,5,7,-20,4,12,6,9,6,-20,10,11,7,17,17,16,15,72,15,-20,8,10,5,15,8,11,12,3,6,7,9,8,7,13,9,44,15,17,4,2,4,-20,20,-20,5,-20,-20,10,8,13,7,6,-20,25,12,-20,8,8,4,8,3,8,10,37,15,14,7,-20,6,-20,18,9,3,6,10,6,-20,5,-20,8,-20,7,5,3,9,5,3,3,7,28,5,19,3,-20,-20,7,18,6,11,36,41,27,28,15,27,15,6,13,22,22,9,6,22,6,6,14,12,22,-20,16,9,5,22,17,4,9,10,15,8,12,9,11,12,13,24,21,19,5,2,9,3,9,10,38,7,15,7,12,14,6,6,15,7,55,5,13,10,18,12,12,9,9,13,12,-20,31,28,30,25,18,22,16,-20,11,29,11,10,29,5,8,10,16,11,10,13,6,31,-20,11,4,20,11,12,8,5,6,-20,17,11,18,17,16,22,5,6,-20,-20,-20,-20,-20,-20,52,-20,24,-20,15,23,-20,26,-20,-20,-20,17,10,22,61,29,18,3,7,16,34,13,4,9,13,17,21,16,16,-20,-20,9,26,-20,-20,18,10,45,15,-20,16,17,-20,9,-20,29,13,14,9,16,8,19,13,17,5,6,32,10,17,14,13,17,18,19,9,20,-20,23,11,17,20,9,11,15,17,16,15,18,14,13,10,11,6,-20,10,13,11,7,8,15,11,18,11,13,20,19,10,17,11,-20,10,17,22,-20,11,12,15,10,12,17,14,7,14,21,6,14,6,24,14,18,12,12,10,8,18,18,4,16,10,9,13,17,17,19,6,6,6,8,17,6,5,14,12,13,6,21,15,18,4,11,8,5,6,7,14,12,17,14,7,12,10,23,7,3,12,20,15,5,11,10,3,7,7,4,11,7,14,6,-20,4,6,7,13,17,11,12,13,11,8,4,10,-20,6,3,9,7,7,5,-20,4,13,7,9,9,7,12,3,8,15,7,4,5,16,13,4,13,22,-20,-20,16,26,-20,29,4,14,21,-20,6,9,-20,7,11,12,12,6,3,20,11,17,12,5,12,11,6,16,8,39,21,17,13,9,6,-20,-20,12,-20,13,19,-20,12,14,25,18,7,11,7,6,19,5,42,5,16,17,15,25,23,7,21,29,14,27,13,22,20,25,16,14,27,13,30,28,33,26,21,5,17,12,11,35,20,42,12,21,20,22,11,15,13,8,16,8,11,8,9,14,11,5,12,-20,17,8,10,20,12,16,16,14,17,13,24,9,8,10,11,11,15,16,32,9,27,25,17,17,8,9,5,13,12,17,6,16,15,11,17,12,15,10,-20,10,-20,5,5,4,7,13,14,5,10,15,13,6,12,20,17,20,8,13,12,9,2,10,9,6,25,8,18,13,4,26,15,28,15,14,36,25,10,9,3,15,13,4,4,15,7,13,8,6,7,12,5,7,11,6,14,5,16,8,-20,16,14,5,16,-20,-20,10,10,12,-20,-20,-20,-20,-20,12,-20,-20,-20,-20,-20,-20,7,-20,-20,-20,-20,-20,5,-20,-20,-20,-20,5,-20,6,-20,5,-20,4,-20,-20,-20,11,-20,-20,-20,-20,-20,-20,-20,7,-20,-20,-20,8,-20,-20,-20,9,-20,-20,-20,-20,-20,8,-20,-20,-20,-20,7,-20,10,13,-20,14,10,18,25,23,19,18,54,51,63,62,74,23,34,33,30,33
"chr2,16890500",7,10,4,12,-20,6,20,8,4,14,4,8,21,15,24,23,16,15,62,41,36,10,33,27,34,19,15,32,11,12,9,8,15,15,33,28,9,20,21,7,19,21,6,12,-20,35,9,32,8,16,8,-20,-20,11,14,15,43,-20,13,21,22,21,18,17,25,27,25,31,38,13,19,14,23,13,10,35,13,14,8,17,10,13,9,9,3,18,18,35,23,10,13,14,9,19,15,22,12,25,3,14,19,23,10,12,24,24,3,23,18,4,11,6,23,16,12,5,30,19,7,8,3,5,17,6,35,6,-20,29,14,13,20,10,7,-20,13,23,19,8,10,19,8,10,11,15,16,10,18,20,10,14,7,15,-20,16,27,9,-20,37,90,16,8,4,10,11,6,16,-20,4,-20,-20,-20,-20,-20,-20,-20,13,41,6,26,134,12,14,9,-20,24,8,-20,19,17,17,29,13,-20,-20,-20,-20,-20,-20,19,6,11,15,22,-20,54,13,16,43,13,8,59,16,24,17,16,17,60,11,13,4,-20,14,13,21,6,12,18,7,16,26,28,12,45,61,3,9,8,8,13,9,28,9,19,11,8,12,-20,6,13,-20,8,19,12,8,-20,17,-20,-20,-20,-20,18,10,13,-20,10,19,17,16,17,10,10,19,10,-20,-20,-20,-20,-20,-20,-20,-20,10,-20,-20,-20,-20,-20,-20,12,4,-20,-20,-20,11,6,-20,24,13,13,7,13,6,6,-20,-20,16,19,5,25,23,26,36,26,44,12,3,-20,-20,17,76,8,21,15,20,-20,14,-20,-20,9,21,5,12,6,6,19,7,4,18,21,17,7,14,18,-20,-20,7,4,16,4,11,12,7,7,14,-20,-20,3,16,10,23,9,7,20,9,7,16,9,6,6,10,-20,4,-20,31,8,10,5,37,6,4,16,7,4,14,-20,12,-20,8,3,7,5,9,6,7,-20,16,3,7,53,9,7,-20,7,-20,11,5,3,17,3,-20,21,6,6,14,5,7,5,7,-20,4,12,6,9,-20,-20,9,9,8,19,18,15,17,72,16,-20,8,11,5,15,8,10,13,3,6,6,8,-20,7,12,9,44,13,17,4,2,4,-20,18,-20,5,5,-20,10,8,11,7,6,3,28,11,-20,8,8,4,8,3,8,10,36,15,14,-20,-20,6,-20,17,9,3,6,9,6,3,-20,-20,7,-20,6,6,3,9,5,3,3,7,29,5,19,-20,-20,-20,7,18,6,11,35,43,29,29,14,27,16,6,12,21,23,9,6,21,6,5,14,11,21,-20,19,-20,-20,22,17,4,9,9,13,-20,12,-20,11,11,14,20,21,21,-20,2,9,3,9,11,40,7,16,8,10,13,5,6,15,7,56,7,13,10,17,13,12,9,10,11,12,18,33,27,30,26,18,23,16,-20,11,28,11,10,28,5,8,10,16,11,8,13,6,30,-20,11,4,19,10,12,8,5,6,-20,18,11,17,17,16,22,4,6,-20,-20,-20,-20,-20,19,52,-20,24,-20,15,25,-20,25,3,-20,-20,13,9,19,61,28,16,-20,7,16,34,13,4,9,13,16,21,16,14,-20,-20,9,24,-20,-20,18,10,43,15,-20,16,17,-20,9,-20,29,12,15,9,15,7,17,13,16,5,6,31,9,17,13,13,15,19,19,8,19,-20,23,11,17,19,10,11,14,17,16,15,17,14,13,10,11,6,-20,10,12,10,7,8,16,11,17,10,14,18,20,10,17,11,-20,10,17,22,9,10,12,14,10,11,17,14,7,14,19,6,13,6,23,14,18,12,13,9,8,18,19,4,14,10,10,14,19,17,19,6,6,6,7,17,6,5,13,11,13,5,21,14,18,4,10,7,6,6,7,13,10,16,13,7,12,10,23,6,4,11,19,14,5,11,10,3,7,8,4,10,7,14,6,-20,4,6,-20,13,17,11,12,13,10,8,4,10,9,6,3,9,7,7,5,8,4,12,7,9,8,7,12,3,8,15,7,4,5,16,12,4,13,22,-20,-20,16,25,-20,28,4,13,22,-20,6,10,-20,9,10,11,12,5,-20,20,10,18,11,5,11,11,6,15,7,36,18,16,13,8,6,-20,-20,12,-20,12,17,-20,12,14,25,18,7,10,7,6,18,5,46,6,14,17,14,24,22,7,21,28,13,26,12,22,19,24,16,14,26,11,30,-20,32,23,22,5,16,14,10,35,18,41,12,21,20,21,11,14,12,7,15,7,12,8,9,13,9,-20,11,8,15,8,10,18,12,14,16,14,17,12,21,9,8,9,11,11,14,16,29,10,27,25,17,17,8,9,5,13,12,15,5,16,14,10,15,12,15,10,-20,11,-20,5,5,4,7,13,13,5,9,15,13,6,11,19,16,19,8,12,12,9,2,10,9,5,25,10,18,13,4,26,16,28,14,14,35,25,10,9,3,14,13,4,4,15,7,15,8,6,7,12,4,-20,11,6,14,5,16,7,-20,17,14,6,15,-20,-20,11,9,13,-20,-20,-20,3,-20,11,-20,-20,-20,-20,11,-20,-20,-20,-20,-20,-20,-20,-20,-20,-20,-20,-20,-20,-20,5,-20,6,-20,4,-20,-20,-20,10,-20,-20,-20,-20,-20,-20,-20,7,-20,-20,-20,8,-20,6,-20,11,-20,-20,-20,-20,-20,7,-20,-20,-20,-20,9,-20,9,13,-20,12,10,19,25,24,18,17,52,49,63,61,72,25,34,33,31,33
"chr2,16890501",-20,10,4,11,-20,6,20,8,4,14,4,8,20,14,24,23,16,16,63,42,35,10,33,27,33,19,15,34,11,12,9,8,15,14,33,29,8,19,21,7,19,19,6,13,-20,36,10,31,7,15,8,-20,6,10,-20,15,42,-20,12,21,22,21,18,15,25,27,25,31,37,13,18,13,24,14,10,35,15,14,8,17,10,13,10,9,3,18,17,35,22,10,11,13,9,18,16,22,12,24,3,14,18,24,10,12,23,24,3,23,18,4,11,6,23,21,12,5,30,19,7,8,4,5,17,6,37,6,-20,29,13,13,21,10,7,-20,16,21,20,8,10,19,-20,10,11,15,17,10,18,20,10,14,7,15,-20,16,25,8,-20,36,88,14,8,4,10,11,6,16,7,-20,-20,-20,-20,-20,-20,-20,-20,12,41,6,26,128,12,14,-20,-20,24,8,-20,19,17,17,29,12,-20,-20,-20,-20,-20,-20,19,-20,11,15,22,-20,53,11,15,41,12,8,56,16,24,17,16,17,60,11,13,4,-20,12,13,20,5,12,18,6,14,26,28,-20,48,61,3,9,8,8,13,9,29,9,19,11,8,13,6,5,12,8,8,14,12,8,-20,17,-20,-20,-20,-20,18,10,12,-20,10,19,-20,16,16,-20,10,19,10,-20,-20,-20,-20,-20,-20,-20,-20,-20,-20,-20,-20,-20,-20,-20,12,4,-20,-20,-20,10,-20,-20,23,13,13,7,11,6,6,-20,-20,16,18,5,25,21,26,37,26,44,12,3,-20,-20,17,75,8,22,14,19,-20,14,-20,-20,9,21,4,13,5,6,19,7,3,19,21,17,7,15,19,-20,9,7,4,17,4,10,12,7,7,15,-20,-20,3,16,10,23,9,7,20,9,7,18,9,6,6,10,-20,4,-20,31,-20,10,-20,37,-20,4,16,7,4,14,-20,12,-20,5,3,-20,6,9,5,7,-20,16,3,7,53,9,7,-20,8,-20,12,5,3,17,3,9,21,6,6,14,5,7,5,7,-20,4,12,6,8,6,-20,9,8,8,19,18,16,17,74,18,-20,7,11,5,15,8,10,13,2,6,6,8,-20,7,11,8,42,13,17,4,2,4,-20,19,-20,5,5,-20,10,8,8,7,6,3,28,12,-20,8,9,4,8,3,8,10,36,15,14,-20,-20,6,-20,16,9,3,6,-20,6,-20,-20,-20,7,-20,6,6,3,9,5,3,4,7,28,5,20,3,-20,-20,7,18,6,11,35,44,29,29,14,27,16,6,13,21,25,9,6,20,6,5,15,11,21,-20,16,9,-20,22,16,-20,8,7,11,9,13,9,11,11,12,20,20,21,-20,2,9,3,10,10,40,7,16,8,10,13,5,6,15,7,55,8,12,9,16,13,11,10,10,11,12,-20,33,27,28,26,19,22,14,-20,11,27,11,10,28,4,8,10,16,10,8,13,7,30,-20,11,4,19,10,12,8,5,6,-20,18,11,17,17,16,22,4,6,-20,-20,-20,-20,-20,19,54,-20,24,-20,-20,25,-20,-20,3,-20,-20,13,9,19,59,27,16,-20,7,16,32,13,4,9,13,14,24,16,14,-20,-20,8,24,-20,-20,18,10,44,15,-20,16,15,-20,9,-20,30,12,15,9,14,7,18,13,16,6,6,31,9,16,14,13,15,19,19,8,19,-20,22,10,17,19,10,12,14,17,16,14,17,14,13,10,11,6,-20,10,12,10,7,8,16,11,17,10,13,18,20,10,17,11,-20,10,17,22,9,10,12,14,10,11,17,14,6,14,19,6,13,6,23,14,18,12,13,8,8,17,19,4,14,-20,10,14,19,17,19,6,6,5,7,17,5,5,13,10,13,5,21,14,18,4,10,7,6,6,7,13,-20,16,13,7,12,10,23,6,4,11,20,14,5,11,10,3,7,8,4,10,7,14,6,-20,4,6,7,13,17,11,12,13,10,8,4,10,9,6,3,9,7,7,5,8,4,12,7,9,8,7,12,3,8,15,7,4,5,16,12,4,13,22,-20,-20,16,24,-20,28,4,13,22,-20,6,10,-20,9,10,11,12,5,-20,20,10,19,11,5,11,11,6,13,7,36,18,16,13,8,6,-20,-20,12,-20,12,17,-20,12,13,24,18,7,10,7,6,18,5,45,6,14,17,14,23,22,7,21,28,14,25,12,22,19,24,16,14,26,12,30,27,32,24,22,5,17,14,10,35,18,41,12,21,20,21,11,14,12,7,15,7,12,8,9,13,9,-20,11,8,15,8,10,16,12,14,15,14,17,12,21,9,8,9,11,11,14,16,29,10,27,25,17,16,8,9,5,13,12,15,4,16,14,10,15,12,15,10,-20,11,-20,5,5,4,7,13,13,5,9,15,13,6,11,19,16,19,8,12,12,9,2,10,9,5,25,10,18,13,4,26,15,28,14,13,33,25,10,9,3,14,13,4,4,14,7,14,8,5,7,12,4,7,11,6,14,5,16,7,-20,17,14,6,15,-20,-20,9,6,13,-20,-20,-20,3,-20,10,-20,-20,-20,-20,7,-20,7,-20,-20,-20,-20,-20,-20,-20,-20,-20,-20,5,-20,5,-20,5,-20,4,-20,-20,-20,7,-20,-20,-20,-20,-20,-20,-20,7,-20,-20,-20,9,-20,4,-20,9,-20,-20,-20,-20,-20,10,-20,-20,-20,-20,9,-20,8,13,-20,12,10,19,23,24,17,17,53,49,63,61,72,25,34,33,30,33
"chr2,16890506",7,11,4,13,-20,7,20,7,4,13,-20,7,20,13,22,21,16,16,63,39,36,12,36,27,32,18,15,34,13,13,9,8,13,12,31,28,11,19,22,6,19,19,-20,13,-20,33,-20,28,7,15,7,-20,7,-20,12,14,42,-20,12,23,22,20,20,16,26,29,24,33,35,13,18,12,23,13,9,34,15,13,-20,18,10,13,9,8,4,18,18,34,22,10,10,12,8,16,17,26,14,25,4,14,18,21,-20,10,20,25,-20,21,17,8,14,6,22,22,12,5,30,17,6,10,4,6,18,5,41,6,5,26,14,15,20,13,6,-20,15,21,19,8,10,19,9,12,14,14,16,11,20,20,11,13,7,15,-20,14,25,6,-20,40,86,12,8,4,10,11,8,18,7,4,-20,-20,-20,-20,-20,-20,-20,12,41,6,25,130,9,13,8,-20,20,7,-20,16,15,16,28,13,-20,-20,-20,-20,-20,-20,16,6,10,13,18,-20,54,9,7,40,10,7,64,17,18,10,11,15,56,10,11,5,-20,12,13,19,4,11,17,-20,13,28,25,10,46,61,3,8,8,6,11,8,31,9,13,11,7,13,6,4,7,8,6,14,13,8,-20,16,-20,-20,-20,-20,17,9,11,-20,6,18,19,13,16,8,7,13,9,9,-20,-20,-20,-20,-20,-20,9,8,-20,-20,-20,-20,-20,-20,11,4,-20,-20,-20,10,6,-20,22,15,14,7,10,-20,7,-20,-20,13,22,5,27,19,25,35,23,46,11,3,-20,-20,15,69,7,22,15,19,-20,12,-20,-20,10,19,4,14,5,6,18,7,3,18,16,19,7,15,16,-20,8,7,4,16,4,11,12,4,6,15,-20,-20,3,15,8,21,9,6,22,9,6,20,7,6,6,11,3,4,-20,30,8,9,3,36,6,4,17,-20,4,16,-20,11,-20,-20,4,-20,7,-20,5,7,-20,14,4,7,46,8,-20,-20,7,-20,13,6,3,17,4,-20,21,6,6,14,6,7,4,7,-20,4,11,5,8,-20,-20,10,-20,6,18,17,14,18,72,18,-20,7,10,6,16,8,10,13,2,6,6,8,-20,6,10,5,40,-20,15,5,2,4,-20,19,-20,5,4,-20,11,8,-20,6,5,3,27,10,-20,5,8,4,8,-20,7,11,36,17,12,-20,-20,6,-20,14,7,3,5,-20,5,4,-20,-20,5,-20,7,-20,3,7,5,3,4,7,28,5,18,3,-20,-20,6,18,5,10,30,42,27,27,15,25,17,6,12,22,22,9,6,20,7,5,14,10,19,-20,14,8,4,25,16,4,8,6,8,9,13,9,10,9,12,20,18,19,-20,-20,10,3,10,7,39,6,14,7,8,10,5,6,16,8,49,8,11,8,16,12,12,9,10,10,10,18,34,31,29,26,19,22,11,-20,11,27,11,12,28,4,8,-20,17,11,8,13,7,-20,-20,-20,4,-20,11,13,-20,5,-20,-20,17,12,21,17,17,21,5,6,-20,-20,-20,-20,-20,18,55,-20,24,-20,16,25,-20,28,3,-20,-20,10,9,14,54,24,15,-20,7,12,30,12,-20,8,13,13,21,14,9,-20,-20,7,21,-20,-20,16,10,42,15,-20,10,13,-20,9,-20,30,14,15,10,16,7,18,13,18,7,-20,33,10,21,14,12,18,18,21,9,20,-20,25,10,17,22,13,11,15,17,15,14,18,17,13,9,14,6,-20,12,13,9,6,8,16,14,16,10,13,19,18,12,20,11,-20,-20,17,20,8,12,15,14,12,10,18,16,6,14,17,6,14,6,25,15,24,12,12,-20,11,22,17,5,15,10,11,16,22,20,25,6,7,5,6,16,5,5,13,11,15,4,23,15,22,6,10,7,6,7,10,12,11,15,15,7,15,10,23,9,3,10,23,14,5,14,10,4,9,9,4,9,7,14,-20,-20,5,-20,8,13,16,15,11,12,8,8,4,11,10,6,4,9,9,7,4,7,5,13,7,11,8,7,11,3,8,13,7,3,5,18,12,4,16,20,-20,-20,20,26,-20,26,-20,13,23,-20,6,10,-20,8,11,11,13,5,-20,21,10,22,11,6,10,12,7,14,7,33,18,15,16,8,6,-20,-20,12,-20,13,21,-20,11,13,25,22,9,10,6,5,18,5,46,6,16,19,15,27,22,8,23,29,16,26,14,21,18,27,18,18,21,16,32,28,38,24,21,5,18,13,9,34,20,44,15,21,20,21,12,14,16,9,13,7,13,8,9,14,9,-20,10,8,15,9,10,18,12,15,15,15,20,15,22,10,9,9,11,12,14,15,30,11,29,29,20,17,7,10,5,12,12,16,5,14,14,11,16,14,18,10,-20,12,-20,6,5,4,8,13,14,5,9,14,15,5,12,18,20,19,9,13,13,11,-20,9,8,6,25,12,20,15,5,26,13,28,16,12,34,30,10,9,7,16,11,3,5,14,7,16,8,6,6,12,5,6,12,6,13,6,20,8,-20,19,13,8,16,-20,-20,9,5,10,-20,-20,-20,-20,-20,8,-20,-20,5,-20,-20,-20,-20,-20,-20,-20,-20,-20,-20,-20,-20,-20,-20,-20,-20,-20,-20,6,-20,4,-20,-20,-20,8,-20,-20,-20,-20,-20,-20,-20,-20,-20,-20,-20,5,-20,5,-20,-20,-20,-20,-20,-20,-20,-20,-20,-20,-20,-20,-20,-20,8,14,-20,11,10,18,26,26,16,21,51,47,66,126,65,22,33,34,33,32
"chr2,16890512",7,10,4,12,-20,8,20,7,4,12,5,8,20,10,21,24,15,16,63,42,36,13,38,23,31,18,14,34,14,13,9,9,11,13,33,26,12,18,20,6,18,20,4,11,-20,31,10,27,7,16,7,-20,10,8,14,13,43,-20,10,23,21,20,19,19,24,28,24,34,33,12,17,11,21,15,7,33,-20,13,9,19,9,13,9,10,4,21,19,36,20,9,7,11,9,13,16,25,13,25,-20,16,19,21,11,9,19,28,-20,21,16,8,14,6,24,-20,14,-20,28,14,6,10,5,6,21,-20,-20,6,-20,27,13,-20,-20,15,6,-20,-20,19,-20,9,10,18,9,12,12,15,-20,11,18,22,11,13,9,14,-20,13,23,6,-20,40,85,12,8,5,10,12,8,18,-20,3,-20,-20,-20,-20,-20,-20,-20,9,41,-20,25,112,9,12,7,-20,22,-20,-20,16,14,15,27,13,-20,-20,-20,-20,-20,-20,8,6,11,12,14,-20,60,12,6,36,9,5,68,16,19,11,10,17,55,-20,9,-20,-20,14,-20,22,-20,-20,15,-20,13,29,27,12,39,55,-20,8,10,-20,11,5,31,8,11,10,7,11,5,-20,8,9,5,15,11,7,-20,13,-20,-20,-20,-20,15,11,15,-20,6,18,17,11,12,8,7,13,10,9,-20,-20,-20,-20,-20,-20,9,-20,-20,-20,-20,-20,-20,-20,10,-20,-20,-20,-20,9,7,-20,24,15,16,9,11,9,7,-20,-20,12,21,5,28,20,26,33,23,46,-20,3,-20,-20,13,69,6,-20,-20,17,-20,12,-20,-20,9,20,4,-20,5,6,18,8,4,18,-20,17,6,15,-20,-20,8,8,4,15,5,11,11,5,6,16,-20,-20,3,12,-20,21,9,7,19,8,6,22,7,6,6,10,4,4,-20,30,8,10,3,33,6,6,15,-20,-20,17,-20,12,-20,-20,4,-20,-20,8,5,7,-20,-20,4,6,46,8,5,-20,7,-20,14,8,4,18,5,8,18,-20,6,14,5,7,4,8,-20,-20,10,5,8,6,-20,12,-20,-20,20,19,13,17,73,17,-20,8,9,6,15,7,9,-20,2,6,5,7,-20,7,10,5,39,-20,16,6,2,3,-20,20,-20,6,3,-20,11,9,-20,7,5,5,30,9,-20,5,8,-20,6,-20,7,-20,36,18,10,-20,-20,6,-20,14,-20,-20,7,-20,4,4,-20,-20,5,-20,5,8,4,7,5,3,7,6,28,4,18,3,-20,-20,6,18,5,-20,33,41,25,24,15,26,17,6,12,24,23,8,6,22,-20,7,13,9,15,-20,12,9,5,23,15,-20,5,-20,9,-20,12,-20,10,9,10,18,13,21,-20,-20,10,4,11,6,39,6,14,-20,8,10,5,6,14,9,45,9,13,7,17,11,11,7,11,10,13,12,37,29,30,23,17,23,12,-20,13,27,12,12,27,5,8,10,19,12,9,14,10,-20,-20,-20,6,-20,13,16,-20,6,-20,-20,17,13,24,15,17,20,-20,6,-20,-20,-20,-20,-20,18,56,-20,23,-20,16,27,-20,-20,5,-20,-20,11,10,14,52,25,16,4,6,9,30,13,-20,9,12,14,20,15,7,-20,-20,7,17,-20,-20,15,9,44,11,-20,10,-20,-20,10,-20,-20,14,-20,12,17,10,18,13,20,6,8,35,12,21,13,14,16,19,16,9,21,-20,23,7,19,22,14,11,16,19,14,13,21,17,14,10,14,7,-20,11,13,13,6,9,16,12,18,10,14,19,18,-20,19,14,-20,10,17,20,7,11,14,13,13,12,19,15,5,-20,19,5,15,7,26,16,24,12,13,11,10,17,18,-20,16,9,11,16,23,18,25,7,8,5,8,15,5,4,12,10,16,4,22,17,22,-20,9,7,6,7,10,13,12,15,14,7,16,12,22,9,3,11,28,12,6,15,-20,5,9,10,4,9,8,14,5,-20,5,6,-20,14,16,-20,11,12,7,9,-20,11,12,6,5,8,9,8,4,7,6,13,7,11,8,7,11,3,9,13,7,3,6,18,14,4,15,23,-20,-20,20,26,-20,27,-20,12,25,-20,6,12,-20,10,12,12,15,6,-20,23,10,21,10,6,11,12,8,15,8,33,17,15,15,5,6,-20,-20,12,-20,13,21,-20,10,11,25,22,11,10,6,6,15,5,46,6,17,18,16,32,-20,9,21,-20,15,26,15,19,17,25,18,20,22,-20,35,-20,37,25,25,6,17,14,-20,-20,22,49,-20,22,19,21,12,-20,15,11,14,7,12,7,9,15,11,-20,10,8,14,9,10,19,11,17,15,16,-20,16,22,12,10,11,11,13,14,16,32,13,27,30,20,18,8,12,5,12,13,18,5,16,16,8,15,14,22,10,-20,12,-20,7,5,4,10,14,13,5,10,13,15,7,13,21,20,17,13,14,10,12,3,9,8,7,25,17,21,14,5,24,14,31,18,12,33,31,10,8,8,15,12,-20,6,16,7,16,8,6,5,11,5,5,12,9,12,6,20,7,-20,16,13,-20,16,-20,-20,-20,-20,-20,-20,-20,-20,-20,-20,-20,-20,-20,-20,-20,7,-20,4,-20,-20,-20,-20,-20,-20,-20,-20,-20,-20,-20,-20,-20,-20,-20,-20,-20,-20,-20,-20,-20,-20,-20,-20,-20,-20,-20,-20,-20,-20,-20,-20,6,-20,5,-20,-20,-20,-20,-20,-20,-20,-20,-20,-20,-20,-20,-20,-20,-20,14,-20,9,10,17,23,28,13,23,51,45,55,126,59,22,33,32,34,30
"chr2,16890514",7,11,4,11,-20,7,20,7,4,12,6,8,21,10,21,23,15,19,64,42,40,13,33,22,31,20,15,33,14,13,8,9,11,13,34,26,12,18,19,6,18,20,4,9,-20,32,11,27,6,18,7,-20,11,8,15,13,40,-20,10,25,21,20,19,19,23,28,25,34,32,11,17,12,21,15,7,32,13,13,8,20,9,13,9,10,4,22,19,35,20,9,7,12,10,13,15,24,13,26,-20,17,17,21,11,6,19,28,4,21,15,8,14,8,25,22,14,-20,32,14,6,10,5,7,21,-20,42,8,7,29,13,18,20,16,6,-20,16,20,23,9,10,18,9,12,13,17,20,12,20,25,11,14,9,14,-20,15,24,6,-20,40,85,11,8,5,10,12,8,19,9,3,-20,-20,-20,-20,-20,-20,-20,8,40,-20,26,109,-20,12,7,-20,27,-20,-20,17,16,15,26,12,-20,-20,-20,-20,-20,-20,9,4,12,12,16,-20,59,-20,7,38,8,5,73,-20,20,12,11,20,54,-20,9,-20,-20,14,9,20,-20,8,14,-20,14,29,25,12,42,49,-20,8,10,-20,10,5,26,8,12,10,7,13,5,-20,8,8,-20,15,11,5,-20,14,-20,-20,-20,-20,15,13,15,-20,-20,19,19,11,9,9,6,18,10,9,-20,-20,-20,-20,-20,-20,9,-20,-20,-20,-20,-20,-20,-20,10,4,-20,-20,-20,10,7,-20,23,14,15,9,12,8,7,-20,-20,16,22,5,29,20,26,33,23,45,9,3,-20,-20,13,70,6,20,17,17,-20,11,-20,-20,10,20,5,15,5,6,17,8,4,18,19,17,5,15,19,-20,8,8,4,14,5,11,11,5,6,16,-20,-20,3,13,-20,20,9,7,19,8,6,24,7,6,6,11,4,4,-20,31,8,10,3,32,6,6,16,4,4,17,-20,12,-20,-20,3,-20,7,8,5,7,-20,12,4,6,45,8,5,4,6,-20,14,8,5,17,5,9,18,-20,6,15,5,7,4,-20,-20,-20,10,5,8,6,-20,12,-20,-20,19,19,13,17,74,18,-20,8,9,6,15,7,9,-20,-20,6,5,5,-20,7,10,5,39,-20,17,6,3,4,-20,19,-20,7,4,-20,11,9,-20,7,4,5,30,10,-20,5,9,-20,6,-20,7,9,35,18,10,-20,-20,6,-20,14,6,-20,6,-20,4,3,-20,-20,5,-20,5,9,5,7,5,3,7,6,30,4,18,3,-20,-20,6,18,5,9,33,42,25,24,15,26,16,6,11,25,24,8,6,23,8,9,12,9,16,-20,15,9,-20,23,16,-20,5,6,-20,-20,11,8,10,9,10,18,14,21,-20,-20,14,4,11,6,38,6,12,-20,8,10,5,6,14,8,43,9,13,8,16,10,11,7,10,12,12,14,39,30,27,23,19,22,11,-20,13,28,12,12,27,5,8,11,19,14,9,14,10,33,-20,15,6,21,13,17,12,6,-20,-20,17,13,23,15,17,21,9,6,-20,-20,-20,-20,-20,17,57,-20,24,-20,17,27,-20,26,5,-20,-20,11,10,14,53,25,19,5,-20,9,31,13,-20,8,12,14,20,18,7,-20,-20,-20,18,-20,-20,12,10,45,11,-20,13,13,-20,13,-20,36,14,14,12,16,-20,18,14,21,6,8,37,12,21,13,14,19,20,16,10,22,-20,24,9,19,22,14,11,16,20,14,13,21,16,14,10,16,8,-20,12,11,13,6,9,16,12,18,10,14,19,19,13,18,14,-20,10,17,20,8,12,14,13,12,12,18,15,6,15,19,5,14,8,24,17,24,11,13,10,10,17,19,6,17,9,11,17,21,17,26,9,8,5,9,15,5,4,12,11,17,4,23,16,23,6,9,7,7,7,11,13,13,15,14,7,18,14,22,10,3,11,27,12,7,15,12,5,9,10,4,10,8,14,5,-20,5,6,10,14,16,16,11,13,7,9,-20,11,12,7,5,8,9,8,3,7,6,13,7,11,8,7,11,3,9,13,7,3,7,19,13,4,14,23,-20,-20,21,26,-20,27,-20,11,25,-20,6,13,-20,10,12,14,16,7,-20,24,10,20,9,6,11,12,8,15,8,36,16,14,15,6,6,-20,-20,12,-20,14,21,-20,10,11,26,23,11,10,6,6,17,4,46,7,19,19,16,33,23,9,22,34,16,26,15,21,16,26,19,20,24,19,36,27,37,25,25,6,17,16,10,36,22,48,15,22,19,21,12,14,15,12,14,7,12,7,9,16,11,-20,11,8,14,9,11,16,11,17,15,16,17,16,20,12,10,12,11,12,15,16,32,13,26,30,21,20,8,13,5,12,16,18,5,16,17,8,16,14,23,9,-20,12,-20,7,5,4,10,14,15,6,10,13,14,8,14,21,20,17,13,16,10,12,3,11,6,8,25,17,25,14,5,23,14,32,17,13,33,30,9,8,8,16,11,-20,7,15,7,17,8,6,5,11,5,5,11,9,11,6,20,7,-20,17,13,11,15,-20,-20,-20,-20,-20,-20,-20,-20,-20,-20,-20,-20,-20,-20,-20,5,-20,-20,-20,-20,-20,-20,-20,-20,-20,-20,-20,-20,-20,-20,-20,-20,-20,-20,-20,-20,-20,-20,6,-20,-20,-20,-20,-20,-20,-20,-20,-20,-20,-20,6,-20,6,-20,-20,-20,-20,-20,-20,-20,-20,-20,-20,-20,-20,-20,-20,-20,14,-20,9,10,17,23,28,12,24,51,47,62,126,56,20,33,37,38,29
"chr2,16890515",7,11,4,11,-20,7,20,7,4,12,6,8,20,10,20,23,16,19,62,42,40,13,33,22,31,21,15,33,14,13,7,9,10,14,34,26,12,18,18,6,17,19,4,9,-20,32,11,28,-20,20,7,-20,13,8,14,13,40,-20,10,24,19,20,20,18,24,30,25,34,33,11,18,12,21,15,7,31,13,13,8,20,9,13,10,10,4,21,18,35,20,-20,7,13,10,13,15,24,13,26,-20,17,17,21,11,7,19,28,4,20,15,8,14,8,25,23,14,-20,33,14,7,10,5,7,20,-20,42,8,7,29,13,18,20,17,6,-20,15,20,23,9,10,19,9,12,14,17,20,13,19,26,11,13,9,14,-20,15,23,6,-20,40,81,10,8,5,10,12,8,19,9,4,-20,-20,-20,-20,-20,-20,-20,7,42,-20,27,104,-20,12,7,-20,27,-20,-20,14,16,15,26,12,-20,-20,-20,-20,-20,-20,6,4,12,12,16,-20,59,-20,8,40,9,5,73,-20,20,12,10,20,48,-20,8,5,-20,15,10,23,-20,9,14,5,14,27,26,12,41,49,-20,8,9,7,10,5,26,8,11,10,7,13,-20,6,9,8,-20,15,11,6,-20,14,-20,-20,-20,-20,15,13,16,-20,-20,19,18,12,9,7,6,17,10,9,-20,-20,-20,-20,-20,-20,9,-20,-20,-20,-20,-20,-20,-20,11,4,-20,-20,-20,10,7,-20,23,14,16,9,13,8,7,-20,-20,15,22,5,29,20,26,33,23,46,10,3,-20,-20,14,70,5,19,16,17,-20,12,-20,-20,10,20,-20,15,5,6,17,9,4,20,18,17,5,15,19,-20,8,9,-20,14,6,11,11,5,7,17,-20,-20,3,12,-20,20,9,7,19,9,-20,24,7,6,6,11,4,4,-20,30,8,10,3,33,6,6,16,4,4,17,-20,12,-20,-20,3,-20,7,8,5,7,-20,12,4,5,44,8,5,4,6,-20,13,-20,5,17,5,9,18,-20,6,15,5,7,4,8,-20,-20,10,5,8,6,-20,12,-20,-20,18,19,13,16,74,18,-20,8,9,6,15,7,9,-20,-20,7,5,5,-20,7,10,5,39,-20,17,6,3,4,-20,19,-20,6,4,-20,11,9,-20,7,4,5,31,10,-20,5,9,-20,6,-20,7,9,35,18,10,-20,-20,6,-20,14,6,-20,6,-20,4,3,-20,-20,4,-20,5,9,5,7,5,3,-20,6,31,4,18,3,4,-20,7,18,5,9,34,43,25,25,15,25,16,6,11,25,24,8,6,23,8,9,13,8,18,-20,15,9,5,23,16,7,6,6,9,9,12,8,10,9,10,17,13,21,-20,-20,14,5,11,7,38,6,14,7,8,10,5,-20,13,8,43,9,13,8,16,11,11,7,10,13,12,14,38,30,26,23,19,22,9,-20,14,28,12,12,27,5,8,10,19,14,9,14,10,33,-20,16,7,22,14,18,12,6,8,-20,18,13,23,15,17,22,9,6,-20,-20,-20,-20,-20,18,56,-20,23,-20,16,27,-20,26,5,-20,-20,11,10,14,55,23,18,5,6,9,30,9,-20,8,11,14,20,18,7,-20,-20,7,18,-20,3,11,10,45,11,-20,13,13,-20,-20,-20,37,14,14,12,16,11,18,14,21,6,8,-20,12,21,13,15,19,21,16,10,22,-20,23,9,20,22,14,11,17,21,14,14,21,16,14,11,17,8,-20,13,12,13,6,11,16,12,17,10,14,20,19,13,19,13,-20,10,17,20,8,12,15,12,12,12,19,16,6,15,19,5,14,8,24,17,24,11,13,10,10,20,19,6,16,-20,11,16,21,17,26,9,8,5,9,16,5,4,12,11,17,4,23,16,25,6,9,7,7,7,-20,13,13,15,14,7,18,15,22,10,4,11,28,13,7,15,12,5,9,10,4,10,9,14,5,-20,5,6,12,15,16,17,11,14,7,10,-20,11,12,7,5,8,9,-20,3,7,6,13,7,11,8,7,14,3,-20,13,7,3,7,18,13,4,14,23,-20,-20,21,27,-20,27,-20,11,25,-20,6,13,-20,10,12,14,16,7,-20,27,10,21,9,6,11,12,8,15,8,36,16,14,15,6,6,-20,-20,12,-20,14,23,-20,10,11,28,23,12,10,-20,-20,17,4,47,7,19,19,16,34,23,9,23,34,17,26,16,21,16,26,18,20,24,19,35,27,37,25,25,6,17,15,10,35,22,49,15,22,19,21,12,14,15,12,14,7,12,7,-20,17,11,-20,11,8,14,10,11,15,11,18,15,16,17,-20,20,12,10,12,11,12,14,15,30,13,26,30,20,20,8,13,5,12,16,19,4,17,17,8,16,15,24,9,-20,12,-20,7,5,4,10,14,16,6,10,13,14,8,14,21,20,17,14,17,10,12,3,11,6,8,25,17,27,14,5,23,14,32,17,13,33,30,9,8,8,16,11,-20,8,16,7,17,8,6,6,11,5,5,11,9,12,6,20,7,-20,17,13,11,15,-20,-20,-20,-20,-20,-20,-20,-20,-20,-20,-20,-20,-20,-20,-20,-20,-20,-20,-20,-20,-20,-20,-20,-20,-20,-20,-20,-20,-20,-20,-20,-20,-20,-20,-20,-20,-20,-20,-20,-20,-20,-20,-20,-20,-20,-20,-20,-20,-20,-20,6,-20,-20,-20,-20,-20,-20,-20,-20,-20,-20,-20,-20,-20,-20,-20,-20,-20,13,-20,9,-20,17,22,28,12,23,51,47,62,126,64,21,33,39,39,29
"chr2,16890517",7,10,4,12,-20,7,19,7,4,12,7,8,20,10,19,21,16,20,64,42,39,14,34,22,30,21,15,32,14,11,7,9,10,14,33,26,12,18,19,6,17,20,5,10,-20,30,12,27,6,19,7,-20,14,-20,13,13,36,-20,9,22,18,20,20,19,23,29,24,35,33,11,17,12,21,15,7,30,13,13,8,20,9,11,10,10,4,18,18,34,20,-20,7,13,10,12,15,24,13,24,-20,16,17,20,11,7,19,28,4,17,15,8,14,8,25,23,13,-20,33,14,7,10,5,7,19,3,43,8,7,28,14,18,20,16,6,-20,17,22,24,9,10,19,8,12,14,17,20,13,19,26,10,14,9,14,-20,15,23,5,-20,39,82,10,8,6,10,12,8,19,9,4,-20,-20,-20,-20,-20,-20,-20,8,42,-20,18,106,-20,-20,7,-20,27,-20,-20,14,14,14,29,12,-20,-20,-20,-20,-20,-20,6,-20,16,12,18,-20,58,-20,9,40,9,5,73,17,24,10,10,20,48,-20,11,5,-20,16,10,21,-20,9,14,4,14,24,26,12,41,49,-20,-20,9,8,10,-20,24,10,7,12,7,14,-20,-20,13,8,-20,16,11,6,-20,15,-20,-20,-20,-20,14,13,16,-20,-20,19,21,13,10,8,5,17,10,9,-20,-20,-20,-20,-20,-20,9,-20,-20,-20,-20,-20,-20,-20,12,3,-20,-20,-20,9,10,-20,19,14,17,9,13,8,6,-20,-20,14,22,5,27,20,26,30,22,47,10,3,-20,-20,13,68,5,20,-20,16,-20,12,-20,-20,10,20,5,14,4,6,18,9,5,19,18,18,5,15,20,-20,7,10,4,13,6,10,9,5,5,17,-20,-20,3,12,-20,18,9,7,18,9,6,24,7,6,5,11,4,4,-20,28,8,10,2,33,6,6,16,3,4,16,-20,12,-20,-20,4,-20,7,7,5,7,-20,11,4,5,44,8,5,4,6,-20,11,-20,5,16,5,9,18,-20,6,15,5,7,4,8,-20,-20,10,5,8,6,-20,12,-20,4,17,18,13,16,75,17,-20,8,9,5,16,7,9,-20,-20,7,5,5,-20,7,10,5,39,-20,17,5,3,4,-20,18,-20,6,4,-20,9,9,-20,6,4,5,30,10,-20,5,9,-20,6,-20,7,9,33,18,10,-20,-20,6,-20,15,5,-20,6,-20,4,3,-20,-20,4,-20,5,9,4,7,4,3,7,5,32,4,18,3,4,-20,7,17,7,7,32,41,24,25,15,24,16,6,11,24,23,8,7,23,8,9,13,7,18,-20,14,10,5,22,15,7,7,-20,10,9,-20,8,8,9,10,17,14,20,-20,-20,14,6,11,7,39,6,13,6,8,9,5,-20,13,7,42,9,12,7,14,10,11,7,10,14,12,14,39,30,27,20,20,22,10,-20,14,27,13,11,28,5,8,10,19,16,9,14,10,33,-20,16,7,22,14,18,12,6,8,-20,18,14,23,16,17,22,9,6,-20,-20,-20,-20,-20,16,55,-20,23,-20,16,26,-20,25,5,-20,-20,14,10,15,56,22,23,5,9,10,28,8,3,9,10,14,22,18,-20,-20,-20,-20,19,-20,3,11,12,40,12,-20,13,14,-20,13,-20,37,14,17,12,16,11,17,14,21,6,8,37,12,21,14,15,19,21,16,10,20,-20,24,9,20,22,14,11,17,22,14,13,21,16,14,11,18,8,-20,14,12,13,6,11,15,12,18,10,14,22,19,11,19,13,-20,10,17,20,8,12,14,12,13,12,20,17,6,17,18,6,14,9,24,17,24,11,14,10,10,19,19,6,15,10,11,17,20,17,27,-20,8,6,9,16,5,4,11,11,16,4,24,16,26,6,10,7,7,7,12,13,13,15,14,7,18,15,23,10,4,10,29,11,7,15,12,6,9,10,4,10,9,14,5,-20,5,6,12,15,17,18,11,14,7,10,-20,11,12,7,5,8,9,9,3,7,7,13,-20,11,8,7,14,3,10,13,7,3,7,18,13,4,14,23,-20,-20,21,26,-20,28,-20,11,25,-20,6,13,-20,10,13,14,16,7,-20,28,10,21,9,6,11,12,8,17,8,36,16,14,15,6,6,-20,-20,12,-20,13,23,-20,11,11,29,24,12,10,6,6,18,3,45,7,19,19,16,34,22,9,23,33,17,26,16,22,16,26,19,21,24,19,34,27,37,24,25,7,17,15,10,35,22,49,15,22,19,21,12,14,15,12,14,7,12,7,9,17,11,-20,11,8,14,10,11,15,11,17,16,16,17,16,22,12,9,11,11,12,14,16,30,13,26,29,20,20,8,12,5,11,15,19,4,17,17,8,16,14,25,9,-20,12,-20,7,4,4,10,14,16,6,10,13,15,8,14,21,21,17,14,17,10,13,3,11,-20,8,25,17,28,14,5,24,14,33,18,14,33,30,9,8,8,15,11,-20,8,16,7,17,8,6,6,11,5,7,11,9,11,6,21,7,-20,17,14,11,15,-20,-20,-20,-20,-20,-20,-20,-20,-20,-20,4,-20,-20,-20,-20,-20,-20,-20,-20,-20,-20,-20,-20,-20,-20,-20,-20,-20,-20,-20,-20,-20,-20,-20,-20,-20,-20,-20,-20,-20,-20,-20,-20,-20,-20,-20,-20,-20,-20,-20,5,-20,-20,-20,-20,-20,-20,-20,-20,-20,-20,-20,-20,-20,-20,-20,-20,-20,13,-20,10,10,17,24,28,13,22,51,47,63,144,69,20,33,39,40,30
"chr2,16890521",6,10,4,11,-20,7,-20,6,-20,12,-20,-20,21,9,19,20,12,19,61,38,37,14,33,20,26,20,14,32,14,11,-20,8,-20,14,32,25,12,18,16,5,17,25,9,7,-20,28,-20,28,5,-20,9,-20,14,-20,-20,11,35,-20,8,23,16,16,18,16,20,26,22,35,31,8,16,12,21,15,7,29,12,12,8,18,8,10,10,10,4,17,17,32,19,10,6,13,10,12,16,22,13,24,-20,16,16,17,11,7,18,25,-20,17,14,7,14,8,22,20,-20,-20,-20,13,-20,9,5,7,-20,3,40,-20,-20,27,-20,-20,18,16,6,-20,16,20,22,10,10,-20,8,12,13,-20,18,13,18,-20,-20,14,8,14,-20,13,21,5,-20,35,77,9,8,6,9,12,8,19,9,4,-20,-20,-20,-20,-20,-20,-20,10,41,-20,22,104,-20,-20,6,-20,-20,-20,-20,16,14,13,32,12,-20,-20,-20,-20,-20,-20,4,-20,-20,11,-20,-20,58,-20,8,-20,8,-20,62,-20,24,9,6,-20,43,-20,12,6,-20,14,-20,20,-20,-20,11,4,-20,20,24,11,38,-20,-20,8,9,7,10,-20,22,-20,-20,10,-20,14,4,-20,-20,8,-20,15,-20,4,-20,-20,-20,-20,-20,-20,13,12,17,-20,-20,20,20,-20,-20,-20,5,16,10,8,-20,-20,-20,-20,-20,-20,7,-20,-20,-20,-20,-20,-20,-20,-20,4,-20,-20,-20,-20,13,-20,18,-20,16,9,12,-20,6,-20,-20,11,21,5,26,19,26,26,22,46,9,-20,-20,-20,13,64,4,19,14,14,-20,10,-20,-20,-20,18,5,-20,-20,8,18,9,5,17,20,-20,5,15,-20,-20,6,10,4,13,6,-20,9,-20,6,17,-20,-20,2,12,-20,20,9,-20,17,9,5,22,6,6,4,10,4,5,-20,26,6,-20,2,27,6,6,14,3,4,16,-20,11,-20,-20,4,-20,-20,6,5,7,-20,9,4,5,42,8,5,4,7,-20,11,-20,5,16,5,9,16,3,5,14,5,-20,3,7,-20,-20,9,4,8,6,-20,11,-20,4,16,14,11,17,71,17,-20,8,10,5,14,6,9,10,-20,7,5,5,-20,7,9,-20,37,-20,-20,5,3,4,-20,18,-20,6,4,-20,9,8,-20,6,4,5,-20,10,-20,4,9,5,6,-20,-20,8,32,18,-20,-20,-20,6,-20,15,6,-20,6,-20,3,-20,-20,-20,4,-20,4,8,4,7,4,3,7,-20,31,4,16,2,4,-20,6,15,7,-20,29,37,24,22,15,24,15,6,-20,22,22,8,6,20,-20,-20,9,-20,-20,-20,12,10,5,23,15,-20,7,-20,-20,8,-20,8,8,10,-20,18,12,20,-20,-20,-20,-20,-20,-20,38,6,15,6,7,-20,-20,-20,13,6,41,9,11,-20,14,12,11,6,10,-20,12,13,38,28,26,19,19,22,9,-20,13,27,12,10,26,-20,-20,10,19,-20,9,14,10,-20,-20,16,7,-20,13,18,-20,6,8,-20,18,12,22,16,17,22,-20,6,-20,-20,-20,-20,-20,18,-20,-20,23,-20,-20,26,-20,24,5,-20,3,14,10,-20,-20,20,23,-20,-20,11,-20,8,-20,-20,9,14,21,18,7,-20,-20,6,-20,-20,4,13,11,43,-20,-20,-20,-20,-20,13,-20,36,14,-20,11,16,10,16,13,20,6,7,36,11,-20,14,15,-20,21,15,10,19,-20,23,9,-20,-20,15,11,16,22,12,12,21,16,13,11,-20,7,-20,14,11,13,5,11,14,-20,16,10,14,22,17,10,17,14,-20,10,18,20,8,11,12,-20,-20,12,19,15,6,-20,16,6,14,8,22,-20,21,11,14,-20,9,19,-20,6,15,9,10,15,20,-20,26,9,8,6,9,16,4,4,10,10,16,4,-20,-20,-20,6,-20,7,7,7,-20,13,11,13,-20,6,-20,14,-20,10,4,-20,-20,11,7,-20,12,6,8,9,4,10,9,13,5,-20,5,4,-20,15,17,-20,10,14,6,10,-20,11,12,7,4,9,8,9,3,-20,7,13,-20,11,8,7,13,3,9,13,6,3,7,16,12,4,14,22,-20,-20,19,-20,-20,26,-20,-20,25,-20,6,11,-20,8,13,13,15,7,-20,28,10,20,9,6,11,11,8,17,8,36,16,13,15,6,5,-20,-20,12,-20,13,-20,-20,10,11,29,22,12,8,6,6,18,3,42,7,18,19,16,34,20,9,21,33,16,26,16,21,15,25,17,21,22,18,33,27,34,23,-20,7,16,14,9,34,20,47,15,21,19,21,12,14,15,11,13,7,12,7,-20,-20,11,-20,10,7,13,10,11,15,11,17,16,14,-20,15,22,12,8,12,10,9,12,16,30,13,-20,-20,-20,-20,7,12,4,9,14,18,4,-20,17,8,13,14,-20,8,-20,-20,-20,-20,4,3,10,13,16,6,10,13,14,8,14,21,21,17,13,17,10,13,-20,11,6,8,-20,-20,-20,12,5,22,14,-20,18,14,33,29,9,8,8,14,11,-20,8,16,6,17,7,6,6,11,5,7,11,9,11,6,-20,7,-20,17,12,-20,15,-20,-20,-20,-20,5,-20,-20,-20,-20,-20,-20,-20,-20,-20,-20,-20,-20,-20,-20,-20,-20,-20,-20,-20,-20,-20,-20,-20,-20,-20,-20,-20,-20,-20,-20,-20,-20,-20,-20,-20,-20,-20,-20,-20,-20,-20,-20,-20,-20,-20,-20,-20,-20,-20,-20,-20,-20,-20,-20,-20,-20,-20,-20,-20,-20,-20,-20,-20,13,-20,10,9,17,24,27,13,-20,-20,46,64,-20,66,20,31,36,38,30
"chr2,16890522",6,10,4,11,-20,7,19,6,-20,12,-20,8,20,9,18,19,12,18,61,38,36,14,30,20,27,19,14,31,14,11,6,8,9,14,32,25,12,18,16,4,17,25,-20,-20,-20,27,12,28,5,16,9,-20,14,-20,14,11,35,-20,6,22,15,16,17,16,20,25,22,35,30,8,16,12,21,14,7,29,12,12,8,-20,8,10,10,10,4,17,17,31,19,10,6,13,10,12,16,22,12,24,-20,16,16,16,11,7,18,25,4,15,14,7,14,8,23,20,13,-20,26,13,7,9,5,7,19,3,41,7,7,27,13,17,18,16,6,-20,16,20,22,10,10,18,8,12,13,16,18,13,18,22,10,14,8,14,-20,-20,21,4,-20,35,79,7,8,6,9,12,8,19,9,4,-20,-20,-20,-20,-20,-20,-20,-20,-20,-20,22,101,-20,-20,6,-20,28,-20,-20,16,13,13,35,11,-20,-20,-20,-20,-20,-20,-20,-20,-20,11,-20,-20,58,-20,7,36,8,-20,61,15,-20,-20,-20,18,44,-20,12,6,-20,-20,9,21,-20,-20,12,4,15,20,23,11,37,50,-20,8,9,8,-20,-20,22,-20,-20,10,-20,14,4,-20,-20,7,-20,-20,11,-20,-20,-20,-20,-20,-20,-20,-20,14,16,-20,-20,20,20,-20,-20,-20,5,16,7,8,-20,-20,-20,-20,-20,-20,-20,-20,-20,-20,-20,-20,-20,-20,12,-20,-20,-20,-20,-20,-20,-20,-20,14,16,-20,12,8,6,-20,-20,11,21,5,25,19,26,26,20,-20,9,3,-20,-20,13,59,3,17,15,14,-20,10,-20,-20,9,18,5,15,4,8,17,8,-20,17,19,17,5,15,17,-20,6,10,4,13,6,-20,9,5,6,17,-20,-20,2,12,-20,21,9,7,16,9,4,22,5,6,4,10,4,4,-20,23,6,9,2,28,6,6,14,3,4,15,-20,11,-20,-20,4,-20,6,6,5,6,-20,9,4,5,42,8,4,4,6,-20,11,-20,5,16,5,9,16,3,5,14,4,6,3,7,-20,-20,9,4,7,6,-20,11,-20,4,16,14,11,17,73,17,-20,6,10,5,15,4,9,10,-20,7,4,5,-20,7,9,5,37,-20,17,5,3,3,-20,17,-20,6,4,-20,9,8,-20,6,3,5,31,10,-20,4,9,5,6,-20,7,8,32,17,10,-20,-20,6,-20,14,7,-20,6,-20,3,-20,-20,-20,4,-20,4,8,4,7,4,3,6,3,31,4,17,2,4,-20,6,15,7,7,28,37,24,22,15,23,15,6,10,22,22,8,6,19,-20,-20,9,-20,20,-20,13,10,5,24,15,6,8,-20,10,-20,-20,8,8,-20,-20,19,-20,19,-20,-20,11,6,11,-20,36,6,15,6,-20,-20,5,-20,14,6,38,9,12,-20,13,12,11,6,11,-20,11,13,38,27,25,19,19,21,-20,-20,12,27,12,10,26,5,7,10,19,15,9,12,10,33,-20,16,7,21,14,18,12,6,8,-20,18,12,22,16,16,22,9,6,-20,-20,-20,-20,-20,17,54,-20,23,-20,14,28,-20,21,5,-20,3,-20,10,18,52,23,-20,-20,-20,-20,-20,-20,-20,-20,7,-20,21,17,-20,-20,-20,6,18,-20,4,-20,-20,43,-20,-20,-20,13,-20,-20,-20,35,14,17,12,16,11,16,13,20,6,7,36,10,21,14,13,19,21,15,10,19,-20,23,9,18,22,15,11,16,23,12,12,21,15,13,10,17,7,-20,14,11,13,5,11,14,12,17,10,14,-20,18,11,17,14,-20,10,17,20,8,12,12,9,12,12,19,16,6,16,17,6,14,8,21,19,20,11,14,10,9,18,19,6,15,9,-20,15,19,18,25,9,7,6,9,16,4,4,10,10,16,4,-20,-20,-20,6,-20,7,7,7,-20,13,-20,13,-20,5,-20,-20,-20,-20,4,-20,28,11,7,-20,12,6,8,9,4,10,9,13,5,-20,5,4,12,15,17,17,10,13,6,10,-20,11,12,7,4,8,8,8,3,6,7,13,-20,11,8,7,12,3,9,13,6,3,8,16,12,4,14,22,-20,-20,19,24,-20,26,-20,11,25,-20,6,11,-20,8,13,13,15,7,-20,28,10,-20,9,5,11,11,8,17,8,36,16,13,15,6,5,-20,-20,12,-20,13,23,-20,10,11,29,22,12,8,-20,5,18,3,42,-20,18,19,16,34,20,9,20,33,16,25,15,22,15,25,-20,21,22,18,33,26,34,23,25,7,16,15,9,32,20,48,15,21,19,21,12,14,15,11,13,7,12,7,9,-20,11,-20,10,-20,13,10,11,15,11,17,16,14,16,14,22,12,8,12,10,9,12,16,29,13,25,29,20,19,7,12,4,9,14,18,4,17,17,8,13,14,24,8,-20,12,-20,7,4,3,10,13,16,6,10,13,14,8,13,21,21,17,13,17,10,13,3,10,6,8,24,17,28,13,5,22,14,31,-20,14,33,29,9,8,8,14,11,-20,8,16,6,17,7,6,6,11,5,7,11,9,12,6,20,7,-20,17,13,11,15,-20,-20,-20,-20,5,-20,-20,-20,-20,-20,-20,-20,-20,-20,-20,-20,-20,-20,-20,-20,-20,-20,-20,-20,-20,-20,-20,-20,-20,-20,-20,-20,-20,-20,-20,-20,-20,-20,-20,-20,-20,-20,-20,-20,-20,-20,-20,-20,-20,-20,4,-20,-20,-20,-20,-20,-20,-20,-20,-20,-20,-20,-20,-20,-20,-20,-20,-20,13,-20,9,9,17,23,26,12,21,48,43,64,129,66,19,31,36,38,30
"chr2,16890524",6,10,4,11,-20,7,19,6,-20,12,-20,8,17,9,18,19,12,18,59,36,35,14,27,17,27,20,13,28,11,11,6,8,9,14,30,22,12,18,16,4,14,23,-20,-20,-20,27,13,25,-20,16,11,-20,14,-20,11,10,34,-20,5,22,15,15,16,15,19,25,21,34,28,8,15,12,19,12,7,28,12,12,8,19,8,10,9,10,4,17,18,29,19,10,6,11,9,11,15,22,12,21,-20,15,15,16,11,7,17,23,4,14,13,7,14,8,23,20,13,-20,26,13,7,9,5,7,18,3,40,6,7,27,14,17,18,16,6,-20,16,21,22,10,8,18,8,12,13,14,18,13,17,22,-20,14,8,-20,-20,13,21,-20,-20,35,79,-20,8,6,8,11,8,19,9,4,-20,-20,-20,-20,-20,-20,-20,-20,-20,-20,-20,90,-20,-20,-20,-20,-20,-20,-20,-20,-20,-20,28,10,-20,-20,-20,-20,-20,-20,-20,-20,-20,11,-20,-20,53,-20,-20,30,8,-20,60,17,-20,-20,-20,-20,43,-20,-20,6,-20,-20,6,21,-20,-20,-20,4,15,17,21,11,34,49,-20,-20,10,-20,12,-20,21,-20,-20,-20,-20,14,4,-20,-20,6,-20,-20,12,-20,-20,-20,-20,-20,-20,-20,-20,-20,-20,-20,-20,20,20,-20,-20,-20,6,17,-20,9,-20,-20,-20,-20,-20,-20,-20,-20,-20,-20,-20,-20,-20,-20,-20,-20,-20,-20,-20,6,-20,-20,-20,14,16,8,12,8,-20,-20,-20,11,20,5,25,19,24,23,18,43,8,3,-20,-20,12,54,3,16,14,14,-20,10,-20,-20,9,18,6,12,4,-20,17,8,5,16,19,15,4,15,17,-20,5,9,3,13,6,9,8,5,6,16,-20,-20,2,11,-20,21,8,5,17,8,4,20,5,6,4,10,4,4,-20,23,5,9,2,27,6,-20,14,-20,4,15,-20,11,-20,-20,4,-20,6,7,5,6,-20,8,4,4,39,8,4,4,6,-20,11,-20,5,16,5,-20,16,3,5,14,4,6,3,6,-20,-20,-20,4,7,6,-20,10,-20,4,15,14,10,17,72,17,-20,6,10,4,15,4,8,7,-20,7,4,3,-20,6,8,5,36,-20,17,5,3,3,-20,17,-20,6,3,-20,9,-20,-20,5,2,5,31,10,-20,4,-20,5,4,-20,7,7,30,17,10,-20,-20,6,-20,14,6,-20,6,-20,-20,3,-20,-20,5,-20,4,8,4,6,5,3,6,3,31,5,15,-20,-20,-20,6,14,7,6,25,36,24,20,13,23,15,6,10,22,21,7,6,19,8,-20,8,-20,18,-20,13,9,-20,24,16,6,-20,-20,-20,-20,8,-20,-20,-20,-20,-20,-20,18,-20,-20,11,5,11,-20,33,6,15,6,-20,-20,4,-20,13,6,38,8,12,-20,13,11,10,6,11,-20,10,11,38,27,25,19,19,20,-20,-20,13,26,13,10,26,5,7,10,18,15,9,12,10,33,-20,16,7,20,13,18,12,6,8,-20,18,12,22,16,17,21,9,6,-20,-20,-20,-20,-20,18,54,-20,22,-20,14,28,-20,22,5,-20,3,-20,-20,18,-20,23,-20,-20,-20,-20,-20,-20,-20,-20,7,-20,20,-20,-20,-20,-20,7,-20,-20,4,-20,-20,42,-20,-20,-20,11,-20,-20,-20,36,13,17,12,15,11,15,11,19,6,7,36,10,21,14,14,19,19,15,9,19,-20,21,9,18,22,15,10,15,23,12,12,21,15,13,10,17,7,-20,14,10,12,5,11,14,11,17,9,13,22,17,11,15,14,-20,9,15,19,8,12,12,9,12,11,17,16,6,16,17,6,14,8,21,19,20,11,14,9,8,18,18,6,14,8,10,13,19,18,25,9,7,6,9,16,4,4,10,9,16,3,24,16,25,6,9,6,7,7,11,13,10,13,13,5,18,14,21,10,4,9,28,10,7,14,12,6,8,9,4,8,-20,13,5,-20,5,4,12,15,16,17,10,13,5,10,-20,10,11,7,4,8,8,-20,3,6,7,13,-20,11,8,5,12,3,9,12,5,3,-20,15,12,4,14,22,-20,-20,18,24,-20,26,-20,11,25,-20,6,11,-20,8,13,12,16,7,-20,27,10,20,9,5,11,10,8,17,8,34,15,13,14,6,5,-20,-20,12,-20,13,23,-20,10,10,27,22,12,8,6,5,18,3,42,5,18,19,15,33,19,9,20,33,16,25,14,22,15,25,15,20,22,18,32,26,31,22,25,7,16,14,8,32,20,47,14,21,19,21,10,14,15,11,13,6,12,7,9,17,11,-20,10,7,12,10,10,15,11,15,16,14,16,13,22,12,8,12,10,9,12,15,29,13,25,29,20,19,6,12,4,9,14,18,4,14,17,7,12,14,24,8,4,12,-20,6,4,-20,10,12,14,6,10,13,14,-20,14,21,21,15,13,15,10,13,3,10,6,8,24,17,28,10,5,21,11,29,15,13,34,28,9,8,8,14,11,-20,8,14,6,17,7,6,6,11,5,7,11,8,12,6,20,6,-20,16,12,11,14,-20,-20,-20,-20,-20,-20,-20,-20,-20,-20,-20,-20,-20,-20,-20,-20,-20,-20,-20,-20,-20,-20,-20,-20,-20,-20,-20,-20,-20,-20,-20,-20,-20,-20,-20,-20,-20,-20,-20,-20,-20,-20,-20,-20,-20,-20,-20,-20,-20,-20,-20,-20,-20,-20,-20,-20,-20,-20,-20,-20,-20,-20,-20,-20,-20,-20,-20,-20,12,-20,9,9,17,23,26,11,22,49,41,55,129,65,19,28,35,38,29
"chr2,16890526",6,10,4,11,-20,7,20,6,-20,11,-20,8,14,9,18,19,12,17,55,35,33,14,27,17,25,18,11,27,11,11,6,7,8,14,30,19,12,17,16,5,14,23,-20,-20,-20,26,13,26,-20,16,11,-20,14,-20,11,10,34,-20,5,21,15,15,16,15,17,25,21,32,26,8,15,12,19,13,7,26,-20,12,8,19,8,10,9,10,4,17,18,28,17,10,5,10,9,10,13,22,12,21,-20,15,13,16,11,7,16,23,-20,13,12,7,14,8,21,-20,13,-20,-20,13,7,8,5,7,18,3,-20,6,-20,26,12,-20,-20,16,6,-20,-20,-20,-20,10,8,18,8,12,13,14,-20,13,16,-20,10,14,7,-20,-20,-20,19,-20,-20,35,77,-20,7,6,8,11,7,19,-20,4,-20,-20,-20,-20,-20,-20,-20,-20,-20,-20,-20,90,-20,-20,-20,-20,-20,-20,-20,-20,-20,-20,29,10,-20,-20,-20,-20,-20,-20,-20,-20,-20,11,-20,-20,53,-20,-20,-20,9,-20,59,17,-20,-20,-20,-20,40,-20,-20,6,-20,-20,-20,20,-20,-20,-20,-20,-20,16,21,11,32,45,-20,-20,-20,-20,13,-20,20,-20,-20,-20,-20,-20,4,-20,-20,6,-20,-20,12,-20,-20,-20,-20,-20,-20,-20,-20,-20,-20,-20,-20,19,20,-20,-20,-20,5,17,-20,9,-20,-20,-20,-20,-20,-20,-20,-20,-20,-20,-20,-20,-20,-20,-20,-20,-20,-20,-20,6,-20,-20,-20,13,15,7,11,8,5,-20,-20,10,21,5,24,19,25,25,17,43,-20,3,-20,-20,12,48,3,-20,14,14,-20,9,-20,-20,9,17,7,-20,4,8,17,7,-20,-20,-20,15,4,15,-20,-20,5,9,3,13,6,9,8,5,-20,16,-20,-20,2,11,-20,21,8,5,16,7,4,20,4,-20,4,10,4,5,-20,22,5,9,2,26,5,7,12,3,-20,15,-20,11,-20,-20,4,-20,-20,6,4,6,-20,-20,4,4,34,8,4,-20,6,-20,11,6,6,16,5,-20,13,3,5,12,4,6,3,6,-20,-20,9,4,7,6,-20,10,-20,4,17,14,10,17,74,12,-20,6,10,4,16,4,8,7,-20,7,4,3,-20,6,8,5,34,-20,17,5,3,3,-20,17,-20,6,3,-20,8,8,-20,-20,2,5,31,-20,-20,4,7,5,4,-20,7,6,30,17,10,-20,-20,6,-20,14,-20,-20,5,-20,-20,3,-20,-20,5,-20,4,8,4,6,5,3,6,3,29,5,14,-20,-20,-20,5,13,7,6,25,34,24,19,13,22,15,6,12,21,20,7,6,18,-20,-20,7,-20,-20,3,13,8,4,23,15,6,-20,-20,-20,-20,8,-20,-20,-20,-20,-20,-20,18,-20,-20,10,-20,11,-20,31,6,13,-20,-20,-20,4,-20,13,-20,36,7,12,-20,12,13,11,6,11,-20,10,11,37,26,23,18,19,20,-20,-20,13,27,13,10,25,-20,7,10,18,-20,9,12,10,-20,-20,-20,7,-20,12,17,-20,6,-20,-20,18,12,22,16,17,22,-20,6,-20,-20,-20,-20,-20,18,54,-20,21,-20,13,28,-20,22,5,-20,3,-20,-20,17,-20,22,-20,-20,-20,-20,-20,-20,-20,-20,-20,-20,18,-20,-20,-20,-20,7,16,-20,5,-20,-20,41,-20,-20,-20,-20,-20,-20,-20,-20,13,-20,12,16,11,15,11,18,5,7,35,10,21,14,14,-20,19,15,9,19,-20,20,9,18,22,15,10,15,23,12,12,21,13,13,10,-20,7,-20,-20,10,12,5,11,14,11,16,8,12,22,15,10,15,14,-20,9,15,20,8,11,12,9,11,12,17,15,6,-20,17,6,15,9,21,18,20,11,14,9,8,18,17,6,14,7,9,14,19,18,25,9,7,6,9,16,4,4,10,9,16,3,24,16,24,-20,9,6,7,7,10,13,10,13,13,5,18,14,21,10,4,9,28,10,7,14,-20,6,8,9,4,8,9,12,4,-20,5,4,-20,15,16,-20,10,13,5,10,-20,10,9,7,4,8,8,8,3,6,7,13,-20,11,8,5,12,3,9,12,5,3,7,15,12,-20,14,21,-20,-20,18,24,-20,26,6,11,25,-20,6,11,-20,8,13,13,16,7,-20,27,10,20,9,5,11,10,8,16,8,33,15,13,14,6,5,-20,-20,12,-20,13,23,-20,10,10,-20,21,12,8,5,5,18,3,41,5,18,19,15,33,-20,9,20,-20,16,25,14,20,15,26,-20,20,22,-20,32,-20,31,22,26,7,16,14,8,-20,20,47,-20,20,19,21,9,-20,16,11,13,6,12,7,9,16,11,-20,10,7,11,-20,10,15,12,14,16,13,-20,12,21,12,8,11,9,9,11,15,28,13,25,28,20,19,6,12,4,8,14,18,4,13,17,7,10,14,22,8,4,12,-20,6,4,-20,10,11,-20,6,10,13,14,8,14,21,21,15,12,15,10,13,3,10,6,8,24,17,28,10,5,21,11,29,15,13,34,28,9,8,8,14,11,-20,8,13,6,17,7,6,-20,12,5,7,11,8,11,6,20,6,-20,16,12,-20,13,-20,-20,-20,-20,-20,-20,-20,-20,-20,-20,3,-20,-20,-20,-20,-20,-20,-20,-20,-20,-20,-20,-20,-20,-20,-20,-20,-20,-20,-20,-20,-20,-20,-20,-20,-20,-20,-20,-20,-20,-20,-20,-20,-20,-20,-20,-20,-20,-20,-20,6,-20,-20,-20,-20,-20,-20,-20,-20,-20,-20,-20,-20,-20,-20,-20,-20,-20,12,-20,-20,10,16,20,25,11,22,49,40,55,129,-20,18,24,-20,-20,25
"chr2,16890527",6,10,4,10,-20,7,20,6,-20,9,-20,8,13,9,18,19,11,17,55,36,34,14,27,15,25,18,11,26,10,11,6,7,8,11,31,18,11,17,15,5,14,20,-20,-20,-20,25,13,27,-20,17,11,-20,14,-20,10,10,33,-20,5,20,15,14,15,14,17,23,21,31,27,8,15,12,19,13,7,26,12,12,8,18,8,10,9,10,4,17,17,28,17,10,5,10,9,10,12,22,12,21,-20,15,11,16,11,7,17,22,4,12,12,7,14,8,19,18,13,-20,24,13,7,8,5,7,18,3,38,6,7,27,13,17,16,16,6,-20,16,21,20,10,8,17,8,12,13,13,19,14,17,-20,10,13,7,-20,-20,16,19,-20,-20,33,77,-20,7,6,8,11,7,17,9,4,-20,-20,-20,-20,-20,-20,-20,-20,-20,-20,-20,89,-20,-20,-20,-20,-20,-20,-20,-20,-20,-20,27,-20,-20,-20,-20,-20,-20,-20,-20,-20,-20,11,-20,-20,52,-20,-20,29,9,-20,57,17,-20,-20,-20,-20,39,-20,-20,6,-20,-20,6,20,-20,-20,-20,-20,15,17,20,11,32,47,-20,-20,10,-20,13,-20,20,-20,-20,-20,-20,13,4,-20,-20,6,-20,-20,11,-20,-20,-20,-20,-20,-20,-20,-20,-20,-20,-20,-20,19,20,-20,-20,-20,5,17,-20,9,-20,-20,-20,-20,-20,-20,-20,-20,-20,-20,-20,-20,-20,-20,-20,-20,-20,-20,-20,-20,-20,-20,-20,12,14,7,10,8,5,-20,-20,10,20,5,23,19,25,25,17,45,8,3,-20,-20,12,50,3,16,-20,13,-20,9,-20,-20,9,17,7,-20,4,7,16,7,5,16,17,15,4,14,17,-20,5,8,3,13,6,9,8,5,-20,16,-20,-20,2,10,-20,22,9,5,16,7,4,20,5,5,4,9,4,5,-20,22,5,10,2,25,-20,7,12,3,-20,15,-20,11,-20,-20,4,-20,5,6,4,5,-20,6,4,4,33,8,4,4,6,-20,11,6,7,15,5,8,13,-20,5,13,4,6,3,6,-20,-20,8,3,7,6,-20,10,-20,-20,-20,13,10,16,73,13,-20,6,10,4,16,4,8,7,-20,6,3,3,-20,6,9,5,32,-20,17,5,3,3,-20,16,-20,6,3,-20,8,7,-20,5,2,5,31,10,-20,4,7,5,4,-20,7,6,31,16,10,-20,-20,-20,-20,14,7,-20,5,-20,-20,3,-20,-20,5,-20,4,8,4,-20,5,3,-20,3,29,5,14,-20,-20,-20,5,13,7,-20,25,33,23,19,13,21,15,6,11,21,19,7,6,18,8,-20,7,-20,-20,-20,13,8,4,22,15,6,-20,-20,10,-20,8,8,-20,-20,-20,-20,-20,18,-20,-20,11,6,11,-20,31,6,13,5,-20,-20,4,-20,12,-20,35,7,12,-20,-20,13,11,6,10,-20,10,10,37,27,24,17,19,20,-20,-20,13,26,13,10,24,5,7,-20,17,15,9,11,10,33,-20,16,7,20,13,18,12,6,8,-20,18,12,22,15,16,22,9,6,-20,-20,-20,-20,-20,16,52,-20,21,-20,12,28,-20,19,5,-20,3,-20,-20,17,-20,21,-20,-20,-20,-20,-20,-20,-20,-20,-20,-20,18,-20,-20,-20,-20,7,17,-20,5,-20,-20,36,-20,-20,15,-20,-20,-20,-20,37,13,15,11,15,11,15,11,18,4,7,36,10,21,14,14,19,19,15,9,18,-20,20,9,18,22,14,10,15,23,12,12,21,13,13,10,17,7,-20,14,10,11,5,11,13,11,16,8,11,22,14,11,14,12,-20,9,15,20,8,12,12,9,12,11,17,16,6,16,18,6,15,10,21,18,20,11,14,9,7,18,16,6,-20,7,9,13,-20,15,25,9,7,6,9,16,-20,4,9,9,16,3,24,16,24,6,9,5,7,6,8,13,10,12,13,5,17,14,21,-20,4,9,28,10,6,14,12,6,8,9,4,8,9,12,4,-20,5,4,12,15,16,17,10,13,5,10,-20,8,9,6,4,-20,8,-20,-20,6,7,13,-20,11,8,5,12,3,9,12,5,3,7,13,12,-20,14,21,-20,-20,18,24,-20,26,5,11,25,-20,-20,11,-20,8,13,13,14,7,-20,27,10,20,9,4,11,10,8,17,8,34,14,13,14,6,5,-20,-20,12,-20,13,23,-20,10,10,24,21,12,8,5,4,17,3,38,-20,18,18,14,33,19,8,19,31,16,25,14,20,15,26,16,19,22,18,32,24,31,22,25,7,16,14,8,32,20,46,13,20,19,21,9,15,16,11,11,5,12,7,9,16,10,-20,10,7,10,10,10,14,12,14,16,13,16,13,21,11,8,11,-20,9,12,15,26,13,24,28,20,17,6,12,3,8,14,18,4,13,15,7,10,14,23,8,4,12,-20,6,4,-20,10,11,13,6,9,13,14,8,14,21,20,13,12,15,10,13,3,10,6,7,24,17,28,10,4,21,11,27,15,13,34,28,9,8,8,14,11,-20,8,13,6,17,7,6,6,12,5,7,11,8,12,6,19,6,-20,15,12,11,14,-20,-20,-20,-20,-20,-20,-20,-20,-20,-20,-20,-20,-20,-20,-20,-20,-20,-20,-20,-20,-20,-20,-20,-20,-20,-20,-20,-20,-20,-20,-20,-20,-20,-20,-20,-20,-20,-20,-20,-20,-20,-20,-20,-20,-20,-20,-20,-20,-20,-20,4,-20,-20,-20,-20,-20,-20,-20,-20,-20,-20,-20,-20,-20,-20,-20,-20,-20,12,-20,9,10,16,20,25,11,20,47,38,55,129,65,18,24,35,34,24
"chr2,16890529",4,9,4,11,-20,7,20,6,-20,9,-20,8,14,10,17,19,11,17,56,37,34,14,29,15,27,18,11,26,10,11,6,7,9,11,30,19,12,17,16,5,11,22,-20,-20,-20,24,13,25,-20,-20,9,-20,14,-20,11,10,34,-20,5,21,16,15,15,14,18,23,19,32,26,8,16,11,19,13,7,23,11,11,8,17,7,10,9,10,4,16,18,27,17,9,5,11,12,10,13,21,11,22,-20,16,14,16,11,7,17,23,4,12,14,7,14,7,18,18,13,-20,23,11,7,8,5,7,18,3,38,5,7,26,13,16,16,16,6,-20,16,23,20,10,8,16,8,11,12,14,19,14,17,20,10,12,6,-20,-20,17,21,-20,-20,38,77,-20,7,5,8,9,7,18,9,3,-20,-20,-20,-20,-20,-20,-20,-20,-20,-20,-20,93,-20,-20,-20,-20,-20,-20,-20,-20,-20,-20,29,10,-20,-20,-20,-20,-20,-20,-20,-20,-20,10,-20,-20,47,-20,-20,30,7,-20,61,-20,-20,-20,-20,-20,36,-20,-20,6,-20,-20,5,20,-20,-20,-20,-20,-20,18,20,12,31,46,-20,-20,9,-20,14,-20,20,-20,-20,-20,-20,14,4,-20,-20,7,-20,-20,11,-20,-20,-20,-20,-20,-20,-20,-20,-20,-20,-20,-20,21,20,-20,-20,-20,5,17,-20,9,-20,-20,-20,-20,-20,-20,-20,-20,-20,-20,-20,-20,-20,-20,-20,-20,-20,-20,-20,6,-20,-20,-20,9,14,7,10,8,5,-20,-20,10,22,4,22,20,25,25,13,42,7,3,-20,-20,12,50,4,14,13,14,-20,9,-20,-20,8,16,7,14,4,7,16,7,5,16,23,14,3,14,17,-20,5,8,3,13,6,9,9,5,6,16,-20,-20,2,12,-20,24,8,5,15,6,4,20,6,5,4,9,4,6,-20,22,6,9,2,28,5,7,12,2,-20,15,-20,10,-20,-20,4,-20,5,6,4,4,-20,6,4,4,32,8,3,4,5,-20,10,6,7,15,5,6,14,-20,5,14,4,5,3,6,-20,-20,7,3,-20,6,-20,10,-20,-20,16,12,9,17,72,14,-20,6,10,4,15,4,8,7,-20,6,3,3,-20,6,10,5,31,-20,14,5,3,3,-20,17,-20,5,3,-20,7,7,-20,5,2,5,31,9,-20,-20,7,5,4,-20,7,6,32,18,10,-20,-20,5,-20,14,7,-20,4,-20,-20,3,-20,-20,5,-20,4,8,4,5,5,3,-20,3,29,5,14,-20,-20,-20,5,13,7,5,25,33,22,19,13,22,15,6,11,22,18,7,6,20,8,-20,7,-20,-20,-20,14,8,4,21,13,5,-20,-20,8,-20,-20,8,-20,-20,-20,-20,-20,18,-20,-20,11,7,10,-20,28,6,12,5,-20,-20,-20,-20,14,7,33,7,11,-20,14,13,12,6,10,-20,10,-20,37,28,24,16,16,19,-20,-20,12,26,13,10,25,4,7,10,17,15,9,11,10,32,-20,16,7,20,13,18,11,6,8,-20,18,11,20,15,15,22,9,6,-20,-20,-20,-20,-20,16,54,-20,21,-20,13,28,-20,17,5,-20,3,-20,-20,13,54,19,-20,-20,-20,-20,-20,-20,-20,-20,-20,-20,16,-20,-20,-20,-20,6,15,-20,6,-20,-20,33,-20,-20,15,-20,-20,-20,-20,37,12,13,10,15,11,15,9,19,3,7,34,10,20,14,14,18,19,16,9,18,-20,20,9,17,23,15,10,14,23,12,12,20,12,13,10,17,7,-20,14,10,11,5,10,13,11,15,8,11,20,14,10,14,13,-20,9,14,18,8,12,12,9,11,12,17,15,6,15,17,7,15,10,21,18,20,10,14,9,7,17,16,-20,13,7,-20,11,17,16,24,9,6,6,9,16,-20,4,9,9,16,3,23,15,24,6,9,5,8,6,8,12,10,13,13,4,17,14,21,10,4,9,27,10,5,14,11,6,8,9,3,7,9,11,4,-20,5,4,12,15,14,17,10,11,5,10,-20,8,9,6,4,8,8,8,-20,6,7,13,-20,10,8,5,12,3,8,11,5,3,6,13,11,3,14,21,-20,-20,17,21,-20,24,4,10,23,-20,5,11,-20,8,13,13,14,7,-20,25,-20,20,9,4,11,10,8,17,7,34,14,13,14,4,5,-20,-20,12,-20,13,23,-20,8,9,23,19,12,8,-20,4,16,3,39,6,18,19,14,34,19,8,17,31,16,25,14,19,15,26,16,19,21,17,32,23,31,21,27,7,16,14,8,31,20,46,13,19,18,21,9,15,16,11,11,5,12,7,9,16,10,-20,10,7,11,10,10,14,11,14,15,12,17,13,21,11,7,11,9,8,12,14,24,12,23,28,19,18,6,12,3,7,13,16,4,13,16,7,9,14,23,8,4,12,-20,6,4,-20,10,10,12,6,9,-20,14,8,13,21,20,13,12,15,9,13,3,10,6,7,24,17,28,9,4,21,11,26,15,13,33,27,8,5,8,13,9,-20,8,13,6,16,6,5,6,12,5,7,11,8,11,6,19,6,-20,16,10,10,14,-20,-20,-20,-20,7,-20,-20,-20,-20,-20,-20,-20,-20,-20,-20,-20,-20,-20,-20,-20,-20,-20,-20,-20,-20,-20,-20,-20,-20,-20,-20,-20,-20,-20,-20,-20,-20,-20,-20,-20,-20,-20,-20,-20,-20,-20,-20,-20,-20,-20,-20,-20,-20,-20,-20,-20,-20,-20,-20,-20,-20,-20,-20,-20,-20,-20,-20,-20,13,-20,8,10,17,18,23,11,21,45,37,54,103,67,19,24,34,34,26
"chr2,16890535",4,8,6,11,-20,8,17,4,-20,9,7,8,12,11,15,16,11,17,56,32,28,13,30,11,24,21,11,25,10,11,4,6,8,11,27,18,12,19,14,5,9,23,10,4,-20,24,12,23,-20,20,11,-20,14,-20,9,11,31,-20,5,21,16,15,19,15,17,22,21,30,27,6,16,11,17,15,9,22,12,11,9,16,7,10,8,9,4,16,19,24,15,9,-20,12,13,9,10,19,12,21,-20,15,14,17,12,10,13,24,4,9,17,7,13,7,22,16,15,-20,24,12,8,9,4,6,17,3,41,5,7,30,13,15,17,15,6,-20,17,24,20,10,9,17,9,9,12,11,21,13,18,17,10,14,5,-20,-20,17,20,3,-20,37,62,-20,8,4,6,8,7,15,8,-20,-20,-20,-20,-20,-20,-20,-20,10,40,-20,15,88,-20,-20,-20,-20,21,-20,-20,17,11,-20,25,6,-20,-20,-20,-20,-20,-20,4,5,20,11,16,-20,52,9,7,29,6,-20,62,15,20,10,7,13,37,13,-20,-20,-20,11,-20,19,-20,6,6,3,11,21,18,12,29,45,-20,-20,7,8,15,-20,16,-20,6,17,-20,13,-20,-20,11,6,-20,9,11,-20,-20,7,-20,-20,-20,-20,9,15,17,-20,7,23,20,14,8,7,7,16,6,9,-20,-20,-20,-20,-20,-20,7,-20,-20,3,-20,-20,5,-20,16,-20,5,-20,-20,6,16,-20,17,7,15,6,9,-20,5,-20,-20,13,22,-20,22,21,21,24,14,-20,6,3,-20,-20,12,54,4,14,14,12,-20,9,-20,-20,8,11,-20,16,4,7,16,10,-20,20,21,15,-20,13,17,-20,7,7,4,13,7,11,9,5,6,18,-20,-20,-20,12,12,22,8,8,11,6,-20,20,7,-20,4,9,4,6,-20,25,6,9,2,28,-20,8,12,2,-20,15,-20,10,-20,-20,4,-20,5,6,3,-20,-20,6,4,4,29,9,3,5,6,-20,8,6,9,13,5,6,14,-20,-20,14,3,6,3,7,-20,-20,7,-20,7,3,-20,10,-20,-20,15,12,10,15,72,13,-20,4,9,5,13,3,9,7,-20,6,-20,3,-20,5,10,5,27,-20,13,5,3,3,-20,15,-20,5,-20,-20,7,8,-20,6,2,5,33,7,-20,-20,8,3,4,-20,-20,6,32,17,10,-20,-20,6,-20,13,7,-20,5,-20,-20,3,-20,-20,4,-20,4,6,3,5,5,-20,6,3,27,4,13,-20,4,-20,5,13,7,4,25,36,22,21,12,23,15,6,12,23,16,7,6,20,6,-20,7,-20,12,-20,15,7,4,18,11,5,7,-20,-20,9,9,6,-20,-20,6,17,21,15,-20,-20,11,8,8,6,27,7,12,6,-20,-20,-20,-20,13,6,33,6,-20,-20,13,14,11,6,10,10,12,9,36,30,22,15,15,20,10,-20,12,26,10,10,22,3,7,10,17,13,9,11,10,32,-20,21,7,19,12,18,11,6,8,-20,20,13,22,14,15,23,9,-20,-20,-20,-20,-20,-20,15,-20,-20,20,-20,11,25,-20,19,5,6,3,13,13,12,51,22,32,6,10,6,20,12,-20,6,8,13,17,13,-20,-20,-20,-20,13,-20,7,9,7,29,-20,-20,17,22,6,10,-20,40,15,14,11,15,12,16,10,20,4,6,39,10,20,13,13,17,16,13,8,19,-20,22,6,-20,22,15,9,12,23,11,11,22,11,15,8,16,7,-20,14,11,13,5,10,14,14,16,9,11,21,16,8,13,15,-20,10,13,16,10,12,10,9,11,11,18,15,5,15,17,-20,16,10,20,18,20,9,15,-20,7,16,15,6,11,7,9,13,16,16,25,9,5,6,7,14,-20,5,9,7,-20,4,24,15,26,7,9,5,6,6,8,12,12,13,13,5,19,15,20,11,4,12,27,10,5,14,11,6,8,10,3,6,8,11,5,-20,-20,3,15,17,12,18,10,11,5,8,-20,8,8,5,4,8,8,8,-20,6,6,10,-20,10,7,4,12,-20,8,10,4,-20,5,13,11,5,15,22,-20,-20,19,20,-20,24,4,10,24,-20,-20,12,-20,7,13,12,15,7,-20,22,8,24,10,4,10,10,8,15,7,31,15,14,12,5,5,-20,-20,11,-20,15,23,-20,8,8,22,20,12,8,5,4,18,3,40,6,17,18,11,34,18,10,15,32,19,25,14,17,14,30,17,23,22,19,31,23,32,23,27,7,14,17,8,31,18,45,12,18,15,23,9,16,16,11,9,5,12,7,9,14,10,-20,10,8,10,11,11,16,11,17,17,12,16,13,20,11,9,10,9,9,13,12,23,12,21,32,20,18,6,14,4,7,12,12,4,15,14,7,11,14,22,9,6,12,-20,7,4,-20,9,9,11,6,9,13,15,8,15,21,22,12,13,13,10,14,3,9,6,7,25,17,28,9,4,21,11,28,17,11,35,28,7,8,8,12,10,-20,7,14,4,18,8,6,9,14,5,7,10,8,10,5,17,5,-20,16,10,11,15,-20,-20,-20,-20,-20,-20,-20,-20,-20,-20,-20,-20,-20,-20,-20,-20,-20,-20,-20,-20,-20,-20,-20,-20,-20,-20,-20,-20,-20,-20,-20,-20,-20,-20,-20,-20,-20,-20,7,-20,-20,-20,-20,-20,-20,-20,-20,-20,-20,-20,-20,-20,-20,-20,-20,-20,-20,-20,-20,-20,-20,-20,-20,-20,3,11,-20,-20,13,-20,11,10,19,18,21,12,25,45,36,58,100,61,18,21,31,35,27
"chr2,16890536",4,8,6,11,-20,8,18,4,-20,8,7,8,11,11,15,18,12,17,54,33,29,15,29,11,23,21,11,26,11,11,4,6,9,11,28,18,12,18,14,5,9,23,10,4,5,24,13,24,-20,20,11,-20,14,-20,9,11,37,-20,5,21,15,15,20,15,17,22,22,30,27,6,17,11,17,15,9,23,12,11,9,16,7,10,8,9,4,17,19,24,15,8,-20,12,13,9,10,19,12,21,-20,14,14,18,12,10,13,24,4,8,17,7,13,7,26,16,15,-20,26,12,9,9,5,6,17,3,41,5,7,29,12,15,17,15,6,-20,18,24,20,10,-20,18,9,9,13,11,21,13,18,17,11,14,6,-20,-20,-20,22,3,-20,37,62,-20,8,4,7,8,8,16,8,-20,-20,-20,-20,-20,-20,-20,-20,10,38,-20,15,89,-20,-20,-20,-20,18,-20,-20,15,11,-20,28,6,-20,-20,-20,-20,-20,-20,4,5,20,11,18,-20,52,9,7,-20,6,-20,61,15,23,10,7,12,34,13,10,6,-20,9,-20,19,-20,5,6,3,11,21,17,12,27,46,-20,-20,7,8,14,-20,14,11,5,16,-20,-20,-20,-20,11,6,-20,9,11,-20,-20,7,-20,-20,-20,-20,9,16,18,-20,-20,22,19,-20,8,7,7,15,6,9,-20,-20,-20,-20,-20,-20,7,-20,-20,3,-20,-20,5,-20,16,-20,5,-20,-20,6,16,-20,17,7,15,-20,9,10,5,-20,-20,14,22,-20,23,22,20,25,14,43,6,3,-20,-20,12,49,4,14,15,12,-20,9,-20,-20,8,13,-20,16,4,7,16,9,5,-20,21,16,-20,13,17,-20,7,-20,5,13,7,11,9,5,6,18,-20,-20,-20,12,12,22,8,8,11,5,-20,20,7,-20,4,9,4,5,-20,26,6,9,2,28,-20,8,11,2,-20,15,-20,10,-20,-20,4,-20,5,6,3,-20,-20,6,4,4,30,9,3,5,6,-20,8,6,-20,13,5,6,14,-20,-20,13,3,6,3,7,-20,-20,7,-20,7,3,-20,10,-20,-20,15,11,10,14,71,12,-20,4,9,5,13,-20,9,7,-20,6,-20,3,-20,5,-20,5,27,-20,13,5,3,3,-20,15,-20,5,-20,-20,7,8,-20,6,2,5,33,-20,-20,-20,8,3,4,-20,-20,6,32,16,11,-20,-20,6,-20,13,-20,-20,5,-20,-20,3,-20,-20,3,-20,4,6,4,5,5,-20,-20,3,27,4,13,-20,4,-20,5,13,7,4,25,36,22,21,13,23,13,6,11,22,16,7,6,21,6,-20,7,-20,13,-20,15,7,4,20,12,5,7,-20,9,9,-20,4,-20,-20,-20,17,22,15,-20,-20,10,-20,8,7,27,6,12,6,-20,-20,-20,-20,12,6,32,6,10,-20,13,14,-20,7,10,10,12,7,36,30,20,15,15,21,10,-20,12,26,10,10,22,-20,7,10,17,-20,9,11,10,32,-20,21,7,19,11,18,12,6,8,-20,21,14,23,14,15,23,9,-20,-20,-20,-20,-20,-20,13,49,-20,19,-20,12,25,-20,19,5,6,3,13,13,14,50,21,31,-20,10,7,18,12,4,5,8,13,17,13,-20,-20,-20,5,12,-20,10,9,7,31,11,-20,17,23,6,10,-20,40,15,14,11,15,12,18,10,20,4,6,39,-20,20,13,13,-20,16,12,8,19,-20,22,5,20,22,15,9,12,23,11,11,23,11,16,8,-20,7,-20,-20,11,13,5,11,15,15,16,9,10,21,14,-20,13,15,-20,10,11,16,10,11,-20,9,10,12,20,14,5,16,17,7,16,10,20,18,20,9,15,11,7,17,15,6,11,7,8,13,16,16,25,9,5,6,7,14,-20,5,9,7,16,4,24,15,27,-20,9,5,6,6,8,12,14,13,13,5,20,15,20,11,4,12,27,10,5,14,11,6,8,10,3,6,8,11,4,-20,5,3,14,17,13,18,10,11,5,9,-20,7,8,5,4,8,8,8,-20,6,6,10,-20,10,8,5,12,-20,8,10,3,-20,5,13,11,5,16,22,-20,-20,19,20,-20,23,4,11,24,-20,5,12,-20,7,13,12,15,7,-20,23,8,25,10,5,10,10,8,15,7,31,15,14,12,5,5,-20,-20,11,-20,15,23,-20,8,8,-20,19,12,8,5,4,18,3,40,6,17,17,11,34,18,10,15,31,19,25,14,18,14,29,15,23,22,19,32,23,32,23,27,7,15,19,8,31,18,46,12,19,15,23,10,16,16,11,9,5,12,7,9,14,10,-20,10,8,10,11,11,17,11,17,17,12,16,12,20,10,7,10,9,9,12,12,23,12,21,30,21,19,6,14,4,6,12,12,4,14,14,7,11,14,22,10,6,11,-20,7,4,-20,9,9,11,6,9,12,15,8,16,21,23,12,12,12,11,14,3,9,6,7,24,17,28,9,4,21,11,29,17,11,36,29,7,9,8,12,10,-20,7,14,4,18,8,6,-20,13,5,7,9,8,-20,4,17,5,-20,16,10,11,15,-20,-20,-20,-20,8,-20,-20,-20,-20,-20,4,-20,-20,-20,-20,-20,-20,-20,-20,-20,-20,-20,-20,-20,-20,-20,-20,-20,-20,-20,-20,-20,-20,-20,-20,-20,-20,-20,-20,-20,-20,-20,-20,-20,-20,-20,-20,-20,-20,-20,-20,-20,-20,-20,-20,-20,-20,-20,-20,-20,-20,-20,-20,-20,3,13,-20,-20,13,-20,11,10,20,18,22,12,25,45,38,71,100,-20,16,21,-20,-20,25
"chr2,16890540",4,8,7,11,-20,8,20,6,-20,8,7,7,7,13,13,15,12,19,53,32,28,13,29,9,23,22,11,25,12,10,-20,5,-20,13,27,18,12,16,14,-20,10,24,9,-20,6,25,13,20,-20,17,15,-20,14,-20,9,10,-20,-20,5,21,15,14,19,15,18,19,19,31,24,6,16,10,17,15,9,20,12,10,9,16,8,9,7,9,4,16,17,26,15,7,-20,12,14,7,8,18,14,23,-20,14,14,18,13,10,14,19,4,9,16,8,16,8,26,16,17,-20,24,12,10,10,8,7,16,3,41,5,7,27,-20,17,19,16,-20,-20,18,25,19,9,8,18,9,9,13,11,21,14,18,15,11,14,6,8,-20,15,20,-20,-20,25,64,-20,8,4,6,10,8,16,8,-20,-20,-20,-20,-20,-20,-20,-20,11,22,-20,15,86,-20,-20,10,-20,20,-20,-20,14,10,-20,35,7,-20,-20,-20,-20,6,-20,-20,5,17,11,19,-20,48,9,6,30,4,-20,57,15,26,9,6,9,30,14,10,5,-20,9,-20,18,-20,-20,4,3,9,21,13,13,32,46,-20,-20,6,9,12,-20,14,10,5,19,-20,10,7,-20,9,6,11,7,10,-20,-20,8,-20,-20,-20,-20,-20,14,20,-20,8,22,19,11,6,6,7,15,5,8,-20,-20,-20,-20,-20,-20,4,-20,-20,-20,-20,-20,-20,-20,16,-20,5,-20,-20,6,17,-20,22,9,15,5,8,10,6,5,-20,15,17,-20,19,22,16,24,13,42,7,3,-20,-20,11,47,4,12,14,11,-20,8,-20,-20,8,11,9,16,5,5,16,-20,5,19,21,-20,-20,9,15,-20,5,7,-20,12,7,11,8,7,7,15,-20,-20,2,11,11,23,7,7,8,4,-20,20,6,-20,-20,8,5,5,-20,24,4,9,3,26,-20,7,11,2,5,14,-20,9,-20,-20,4,-20,5,6,3,-20,-20,8,6,4,25,10,3,5,5,-20,7,-20,9,15,7,5,17,-20,3,10,2,-20,3,6,-20,-20,8,-20,5,2,-20,9,-20,-20,14,12,8,14,64,12,-20,4,7,3,15,-20,9,5,-20,5,-20,-20,-20,6,10,5,26,-20,13,5,3,-20,-20,14,-20,4,-20,-20,-20,6,-20,7,2,5,35,6,-20,-20,7,3,4,-20,6,4,31,15,10,-20,5,5,-20,12,-20,-20,4,-20,-20,3,-20,-20,4,-20,5,6,4,4,4,-20,6,3,27,5,14,-20,5,-20,7,10,7,4,22,34,22,20,13,23,15,6,-20,19,15,9,-20,21,5,-20,-20,-20,13,2,15,7,4,21,11,5,7,8,8,9,9,4,10,-20,7,10,20,15,-20,2,10,10,7,-20,28,4,12,6,-20,-20,-20,-20,13,-20,33,5,9,-20,13,15,8,5,10,13,11,6,35,30,19,13,15,19,9,-20,13,26,12,11,21,-20,7,10,16,13,9,11,9,30,-20,23,7,19,12,18,16,6,8,-20,23,14,25,16,18,22,10,-20,-20,-20,-20,-20,-20,-20,48,-20,25,-20,-20,23,-20,17,5,8,3,9,10,-20,44,22,31,-20,12,6,18,-20,-20,5,-20,-20,15,12,5,-20,-20,6,10,-20,10,7,5,30,-20,-20,17,22,5,12,-20,40,15,15,12,17,12,18,11,22,4,5,40,11,21,14,13,17,14,14,9,18,-20,22,5,23,24,13,9,11,25,-20,14,20,10,15,8,17,6,-20,14,11,14,-20,13,13,17,15,9,8,22,15,9,13,-20,-20,10,11,14,10,12,12,14,16,12,20,16,5,16,17,8,17,10,19,17,23,9,17,10,-20,16,17,-20,10,9,-20,12,14,16,24,10,6,-20,8,15,-20,3,10,6,-20,-20,-20,15,-20,-20,8,5,6,6,-20,11,-20,13,14,5,20,-20,25,-20,4,14,30,10,5,-20,14,6,10,10,-20,7,8,-20,-20,-20,5,-20,14,17,13,19,11,12,5,9,3,7,-20,5,5,9,8,7,-20,7,6,8,-20,9,-20,5,13,-20,8,-20,3,-20,5,12,8,6,17,-20,-20,-20,20,20,-20,21,4,12,-20,-20,6,12,-20,8,13,11,16,9,-20,-20,10,-20,9,5,9,10,8,17,7,33,13,15,13,5,5,-20,-20,11,-20,17,23,-20,7,7,24,-20,14,9,-20,3,19,4,37,-20,17,17,12,34,20,9,16,32,19,26,15,18,12,31,17,22,24,18,31,23,35,25,29,8,16,23,10,32,17,46,13,19,16,23,12,16,15,13,9,-20,12,6,10,13,-20,-20,10,9,11,10,12,21,-20,18,18,12,17,16,20,10,7,11,10,10,16,11,26,12,21,32,22,18,6,16,4,7,12,14,4,14,13,8,12,16,22,12,6,11,-20,7,4,-20,9,9,13,6,9,11,15,10,18,23,23,12,13,13,11,15,4,8,-20,7,25,17,28,10,5,22,9,32,19,12,37,34,7,9,8,13,10,-20,9,14,3,17,7,6,11,15,7,7,9,9,9,4,17,5,-20,16,9,10,16,-20,-20,6,-20,7,-20,-20,-20,-20,-20,4,-20,-20,6,-20,-20,-20,4,-20,-20,-20,-20,-20,-20,-20,-20,-20,-20,-20,-20,-20,-20,-20,-20,-20,5,-20,-20,5,-20,-20,-20,-20,-20,-20,-20,-20,-20,-20,-20,-20,-20,-20,-20,-20,-20,-20,-20,-20,-20,-20,-20,-20,-20,3,-20,-20,-20,15,-20,10,10,19,18,19,13,-20,45,39,77,100,60,16,23,29,33,28
"chr2,16890542",4,9,7,11,-20,8,20,6,-20,9,7,7,7,12,11,15,-20,19,53,32,26,12,28,9,23,22,9,22,12,10,5,4,8,13,27,18,13,17,14,-20,10,24,9,-20,6,25,13,20,-20,17,13,-20,14,-20,9,10,31,-20,5,21,15,14,20,15,17,20,19,31,27,7,15,10,19,15,7,18,12,11,10,17,8,9,7,11,5,15,17,28,16,7,-20,12,14,9,9,18,14,23,-20,13,14,18,13,12,13,19,4,9,15,8,19,8,27,16,21,-20,25,12,11,10,11,7,19,3,40,5,7,26,13,17,19,16,-20,-20,18,24,18,-20,8,18,10,10,14,11,20,14,19,16,11,14,6,-20,-20,16,22,-20,-20,22,64,7,8,4,7,11,8,16,8,-20,-20,-20,-20,-20,-20,-20,-20,13,22,-20,14,87,-20,-20,9,-20,16,-20,-20,16,9,-20,29,7,-20,-20,-20,-20,6,-20,-20,5,17,8,22,-20,49,9,-20,24,4,-20,52,16,28,9,6,9,30,14,9,4,14,10,-20,17,12,6,-20,3,8,21,13,13,34,45,-20,-20,6,7,12,-20,13,10,5,19,-20,10,7,-20,9,6,15,7,9,-20,-20,11,-20,-20,-20,-20,6,12,19,-20,8,20,18,11,6,6,8,15,-20,8,-20,-20,-20,-20,-20,-20,4,3,-20,3,-20,-20,5,-20,15,4,5,-20,-20,6,14,-20,22,11,14,5,8,10,6,5,-20,16,16,-20,18,22,16,23,13,40,7,3,-20,-20,12,46,5,12,11,11,-20,8,-20,-20,7,11,8,16,6,5,16,9,6,21,20,17,-20,-20,16,-20,5,7,-20,12,7,10,7,7,7,14,-20,-20,2,10,11,24,6,7,8,5,-20,20,-20,-20,-20,7,5,6,-20,24,5,8,3,21,-20,8,11,-20,6,15,-20,-20,-20,-20,5,-20,5,-20,3,-20,-20,8,6,4,24,9,3,5,4,-20,7,5,9,14,8,5,16,-20,3,8,2,-20,3,6,-20,-20,7,-20,5,2,-20,8,-20,4,14,12,8,13,60,12,-20,4,6,3,17,-20,9,5,-20,4,-20,5,-20,5,11,5,27,-20,13,6,3,3,-20,14,-20,3,-20,-20,9,6,-20,5,-20,5,33,5,-20,-20,6,3,-20,-20,6,5,33,17,10,-20,5,-20,-20,13,-20,-20,4,-20,-20,3,-20,-20,3,-20,5,7,4,4,3,-20,6,3,26,5,14,-20,-20,-20,8,11,8,5,23,35,21,22,12,20,14,-20,-20,19,16,9,7,23,3,-20,-20,-20,13,2,16,9,4,22,11,5,7,8,5,10,9,4,10,-20,8,10,20,14,-20,2,11,10,7,-20,25,4,12,6,7,-20,-20,-20,13,7,32,5,9,6,13,17,7,6,9,13,10,6,35,29,20,13,15,23,9,-20,13,27,13,11,22,-20,7,11,17,14,9,12,9,30,-20,23,7,20,12,18,16,6,8,-20,24,16,28,17,19,24,10,-20,-20,-20,-20,-20,-20,11,47,-20,25,-20,11,22,-20,18,5,9,3,10,11,11,47,24,33,5,12,6,18,-20,-20,6,-20,-20,16,10,5,-20,-20,6,7,-20,10,7,5,29,-20,-20,18,22,5,12,-20,46,17,16,12,17,13,18,11,23,4,5,40,13,20,13,13,19,14,15,10,19,-20,23,6,23,24,14,10,11,27,-20,14,20,10,16,9,-20,6,-20,14,12,15,-20,13,12,17,16,10,8,22,16,9,14,14,-20,10,13,13,11,12,12,14,16,11,20,17,5,16,17,-20,17,10,19,18,22,9,17,11,8,17,18,7,10,10,7,12,14,16,25,12,6,8,8,15,-20,3,11,6,16,-20,25,14,30,7,8,6,6,6,9,14,18,14,15,5,20,16,24,13,4,14,33,11,5,14,15,6,10,10,-20,7,-20,-20,4,-20,5,-20,14,19,13,19,11,12,5,9,4,7,8,5,5,-20,8,7,-20,7,6,8,-20,9,-20,5,14,-20,8,-20,4,-20,7,12,8,6,20,22,-20,-20,20,19,-20,21,4,13,30,-20,6,12,-20,8,14,14,16,11,-20,34,12,31,8,6,9,10,8,17,7,33,13,17,13,6,6,-20,-20,11,-20,17,23,-20,7,7,25,21,14,-20,5,3,19,4,36,6,17,18,12,35,20,10,16,34,20,26,16,19,12,32,17,24,24,18,31,23,35,25,30,8,17,25,12,32,17,48,15,20,17,23,12,16,15,13,9,-20,12,6,10,13,10,-20,10,9,14,10,12,26,-20,22,19,12,17,17,20,11,8,11,10,10,17,12,27,12,21,32,24,18,7,17,4,7,13,15,5,15,13,10,13,17,24,13,7,12,-20,7,4,-20,9,9,15,6,9,10,15,10,19,23,21,12,13,14,11,15,4,9,-20,7,27,17,28,10,5,22,9,33,19,13,39,35,9,9,8,14,12,-20,10,14,3,19,7,8,13,16,7,8,9,10,9,4,17,6,-20,19,10,12,17,-20,-20,6,-20,8,-20,-20,-20,-20,4,5,-20,-20,7,-20,-20,-20,7,-20,-20,-20,-20,-20,-20,-20,-20,-20,-20,-20,-20,-20,-20,-20,-20,-20,-20,-20,-20,5,-20,-20,-20,-20,-20,-20,-20,8,-20,-20,-20,-20,-20,-20,-20,-20,-20,-20,-20,-20,-20,-20,-20,-20,-20,-20,17,-20,-20,15,-20,9,10,19,19,21,12,30,45,37,71,100,60,18,23,28,33,23
"chr2,16890551",5,11,9,10,-20,7,24,6,4,10,-20,6,7,11,8,15,10,21,49,37,27,13,27,6,22,20,8,19,11,7,5,3,9,16,26,21,16,17,19,11,15,23,9,-20,6,-20,13,15,-20,17,13,2,14,-20,9,11,35,-20,-20,20,11,13,19,15,16,17,19,32,25,7,12,13,21,16,8,21,-20,14,17,25,10,7,9,13,11,15,15,30,15,7,-20,9,10,12,8,16,16,23,3,14,12,16,14,15,11,21,-20,7,12,10,-20,11,26,-20,29,-20,-20,15,10,11,-20,10,24,-20,-20,-20,-20,27,-20,-20,-20,17,-20,-20,-20,-20,-20,12,7,22,9,11,13,13,-20,-20,-20,-20,13,16,11,8,-20,-20,21,-20,-20,8,65,7,8,3,-20,12,11,22,-20,3,-20,-20,-20,-20,-20,-20,-20,11,22,-20,14,90,-20,-20,11,-20,-20,-20,-20,15,9,-20,-20,-20,-20,-20,-20,-20,6,-20,-20,5,17,7,22,-20,39,9,5,-20,4,-20,49,14,28,10,6,9,25,14,9,4,14,10,-20,16,11,-20,4,3,7,20,13,15,38,43,3,-20,6,7,12,-20,8,10,5,-20,8,-20,8,5,9,6,14,7,10,-20,6,13,-20,-20,-20,-20,6,14,19,-20,-20,18,19,-20,6,6,9,14,4,10,-20,-20,-20,-20,-20,-20,4,3,-20,5,3,-20,5,-20,-20,-20,5,-20,-20,6,13,-20,21,13,18,-20,-20,11,8,6,-20,17,18,-20,16,19,18,22,12,44,-20,5,-20,-20,11,-20,-20,-20,11,8,-20,5,-20,-20,6,13,6,-20,4,5,15,9,6,-20,18,17,-20,11,-20,-20,5,6,-20,12,7,9,8,8,-20,12,-20,-20,-20,-20,13,20,6,7,9,5,-20,18,-20,-20,-20,5,5,7,-20,19,6,6,-20,20,-20,7,-20,-20,5,15,-20,8,-20,-20,5,-20,-20,7,4,-20,-20,-20,6,3,27,9,3,-20,4,-20,6,5,-20,13,8,-20,14,-20,5,8,2,-20,4,6,-20,-20,5,-20,4,3,-20,10,-20,4,16,11,5,13,51,-20,-20,3,3,3,19,-20,5,6,-20,4,-20,5,-20,5,-20,5,28,-20,14,3,3,3,-20,13,-20,-20,-20,-20,11,6,-20,5,3,5,30,-20,-20,-20,6,4,-20,-20,-20,4,38,17,7,7,5,-20,-20,11,5,-20,3,6,-20,3,7,-20,4,10,10,7,4,5,-20,-20,-20,6,29,11,13,-20,4,3,8,14,7,5,21,30,20,24,10,18,15,-20,16,23,16,12,13,22,-20,3,8,7,12,2,14,9,4,25,10,5,7,-20,4,-20,-20,3,10,-20,-20,-20,20,14,-20,-20,-20,-20,7,-20,23,5,11,3,8,7,3,-20,11,7,31,6,10,10,10,-20,8,5,9,12,10,6,31,31,19,13,13,20,10,-20,13,30,13,11,25,-20,8,12,21,-20,11,13,9,-20,-20,-20,8,-20,11,21,-20,6,8,-20,30,15,28,27,25,27,-20,-20,-20,-20,-20,-20,-20,11,47,-20,24,-20,8,22,-20,16,5,9,3,16,12,-20,48,25,33,5,12,8,32,10,5,6,9,13,16,10,5,-20,-20,7,7,-20,10,8,5,26,11,-20,18,-20,5,12,-20,-20,23,-20,12,21,17,15,14,24,6,5,46,17,17,16,12,-20,18,13,20,25,-20,25,7,27,33,14,12,12,36,-20,13,25,13,27,12,21,6,-20,-20,18,16,-20,17,20,24,21,15,14,22,-20,-20,14,19,-20,11,16,14,15,-20,17,-20,-20,11,21,19,7,-20,20,10,18,12,14,24,23,11,18,14,9,22,23,9,16,14,9,16,14,18,31,14,10,10,10,17,-20,4,8,8,22,-20,31,14,34,-20,12,6,9,7,11,16,22,16,15,7,22,18,30,15,8,20,37,19,7,16,-20,7,13,13,-20,13,10,-20,7,-20,8,-20,-20,21,17,-20,8,15,7,13,7,11,11,3,5,18,9,11,5,9,9,9,-20,11,-20,9,16,3,10,-20,4,3,7,9,8,7,18,24,-20,-20,22,22,-20,24,9,17,39,-20,-20,15,-20,9,16,17,20,14,-20,43,14,43,9,6,11,11,10,20,7,34,16,17,14,11,11,-20,-20,10,-20,24,26,-20,12,8,-20,26,19,-20,4,4,19,4,33,5,16,25,15,40,-20,11,19,-20,19,33,18,19,15,39,-20,31,23,-20,35,-20,43,27,35,8,16,28,18,-20,19,58,-20,22,17,28,14,-20,15,15,14,-20,17,9,14,15,12,-20,16,9,16,8,13,30,10,24,21,14,-20,27,23,9,13,18,14,13,15,16,29,15,24,29,30,18,9,18,7,9,18,20,6,16,13,10,21,22,27,17,9,19,-20,6,6,-20,12,9,-20,4,11,13,14,11,27,27,24,16,18,15,11,18,8,11,-20,8,27,22,30,9,8,25,14,37,25,16,50,38,14,14,11,12,11,-20,10,24,8,20,8,14,-20,12,10,11,11,9,12,5,24,-20,-20,18,13,-20,19,-20,-20,13,-20,13,-20,-20,-20,-20,7,9,-20,-20,-20,-20,5,-20,6,-20,-20,-20,-20,-20,-20,-20,-20,-20,-20,5,-20,-20,-20,4,-20,4,-20,-20,-20,-20,-20,-20,-20,-20,-20,-20,-20,-20,-20,-20,-20,-20,-20,5,4,6,-20,-20,-20,-20,-20,-20,-20,-20,-20,-20,19,-20,6,-20,-20,10,8,21,17,19,8,36,44,36,-20,103,-20,17,22,-20,-20,20
"chr2,16890560",4,11,8,6,-20,7,20,-20,-20,8,-20,4,8,11,7,15,12,19,52,33,27,12,28,6,24,20,6,18,9,5,-20,6,9,18,29,22,15,19,18,9,15,20,12,4,7,28,-20,-20,-20,18,15,-20,13,-20,9,11,-20,-20,3,18,9,10,18,16,18,16,18,30,23,4,15,14,11,15,8,19,-20,10,16,24,8,7,10,15,12,14,15,32,14,-20,5,10,12,13,8,13,12,20,3,13,11,13,12,14,10,21,3,8,13,9,20,12,25,-20,29,-20,25,11,-20,10,-20,8,22,5,-20,-20,6,26,-20,21,-20,-20,-20,-20,-20,-20,-20,9,5,18,6,10,13,12,-20,12,-20,17,11,15,10,-20,-20,20,23,4,-20,8,64,9,6,3,11,-20,10,18,-20,-20,-20,-20,-20,-20,-20,-20,-20,13,-20,5,-20,-20,-20,5,14,-20,20,3,-20,-20,-20,-20,-20,-20,-20,-20,-20,-20,6,-20,5,5,20,9,26,-20,38,11,9,17,4,-20,52,15,-20,10,6,12,26,13,12,4,14,12,5,16,13,7,4,4,7,18,11,-20,37,-20,4,6,6,11,11,4,10,14,-20,22,9,-20,12,6,13,-20,21,9,9,4,7,15,-20,-20,-20,-20,6,16,22,-20,-20,-20,-20,11,11,6,8,21,6,-20,-20,-20,-20,-20,-20,-20,5,3,-20,6,3,-20,5,3,15,-20,7,-20,-20,-20,20,-20,28,12,16,-20,-20,9,7,6,-20,19,15,-20,20,18,16,19,14,-20,-20,4,-20,-20,-20,48,-20,-20,12,8,-20,3,-20,-20,4,14,5,17,5,5,14,-20,-20,-20,19,-20,-20,10,13,-20,3,4,2,14,5,7,8,-20,-20,-20,-20,-20,-20,8,16,-20,5,7,8,5,-20,-20,4,-20,-20,5,7,8,-20,22,-20,8,-20,-20,-20,7,-20,-20,5,-20,-20,8,-20,5,4,28,4,7,3,-20,-20,-20,7,3,23,5,-20,-20,4,-20,5,6,8,12,6,-20,13,-20,-20,9,-20,4,5,5,-20,-20,3,-20,-20,3,-20,9,6,4,17,10,5,14,54,-20,-20,4,3,3,-20,-20,4,5,-20,5,4,4,8,4,-20,4,25,18,13,3,3,-20,-20,13,-20,4,-20,8,10,4,9,-20,2,6,-20,-20,-20,-20,6,3,-20,-20,-20,4,40,17,-20,-20,5,3,-20,11,-20,3,4,-20,3,4,9,-20,6,11,10,8,4,7,3,-20,4,6,26,10,10,-20,3,3,7,13,6,-20,21,24,16,23,9,17,14,-20,13,23,15,12,-20,22,6,-20,-20,8,14,-20,14,-20,4,23,-20,-20,10,10,8,9,-20,4,9,6,8,11,21,12,9,-20,-20,12,5,7,20,4,-20,-20,-20,-20,-20,-20,15,-20,30,-20,9,10,11,15,7,-20,9,15,-20,-20,-20,30,18,12,15,20,10,-20,11,22,9,-20,23,-20,7,12,20,13,9,11,8,25,-20,29,6,24,12,20,14,-20,6,-20,23,13,25,27,19,23,20,4,-20,-20,-20,-20,-20,13,45,-20,-20,-20,8,22,-20,17,3,9,3,19,12,13,45,-20,-20,5,12,10,38,11,7,11,9,-20,-20,11,8,-20,-20,-20,7,-20,9,-20,7,30,15,-20,20,28,7,16,-20,-20,26,25,8,20,17,12,15,20,6,-20,39,15,13,14,12,-20,15,11,21,22,-20,-20,9,23,26,13,12,8,35,12,12,-20,10,27,9,24,6,-20,-20,16,15,6,14,17,23,22,13,12,17,14,13,8,18,-20,5,13,13,13,16,17,17,14,8,19,18,6,19,18,11,-20,13,7,-20,-20,13,15,-20,15,25,-20,8,15,11,8,14,-20,18,28,15,9,9,11,18,5,3,6,6,22,6,27,9,32,9,13,5,9,6,11,16,24,14,15,7,22,18,26,11,7,21,-20,20,6,17,16,-20,10,11,-20,12,8,-20,7,-20,7,-20,17,20,15,20,5,11,-20,10,7,9,10,3,4,19,7,12,5,10,8,7,-20,-20,7,9,15,3,8,-20,4,5,7,6,6,7,15,20,-20,-20,20,16,-20,20,9,13,39,-20,-20,14,-20,9,13,16,19,14,-20,41,13,40,7,8,9,9,9,-20,2,-20,14,-20,-20,10,-20,-20,-20,6,-20,22,-20,-20,12,-20,-20,-20,18,8,5,4,-20,5,28,-20,12,23,13,-20,18,9,-20,31,-20,28,-20,20,13,-20,22,26,20,-20,-20,23,39,16,29,7,9,24,16,-20,13,-20,22,20,15,23,14,17,13,15,10,-20,14,10,15,14,11,-20,13,-20,14,-20,11,-20,7,-20,-20,10,18,-20,18,8,12,16,13,14,16,18,22,13,22,27,27,19,12,-20,5,-20,18,20,-20,18,10,-20,-20,-20,27,17,10,19,-20,5,5,-20,12,7,-20,3,9,15,14,11,28,-20,20,14,19,13,10,15,8,8,-20,8,22,19,21,6,7,17,12,29,24,16,-20,-20,10,15,10,11,11,-20,10,22,9,20,7,15,-20,-20,-20,9,9,-20,11,4,21,-20,-20,12,8,19,-20,-20,-20,14,5,18,-20,-20,-20,6,7,10,3,-20,10,-20,-20,-20,5,-20,-20,-20,-20,-20,-20,-20,-20,-20,-20,7,-20,3,-20,6,-20,-20,6,-20,-20,-20,-20,-20,-20,-20,-20,-20,-20,-20,-20,-20,-20,-20,-20,-20,-20,-20,-20,-20,-20,-20,-20,19,-20,-20,-20,-20,18,-20,-20,-20,-20,11,-20,17,17,17,9,35,-20,35,-20,-20,-20,19,19,-20,-20,-20
"chr2,16890569",3,12,8,5,-20,6,15,4,4,8,7,6,10,12,9,14,14,17,55,32,33,10,28,9,32,20,7,18,11,8,7,6,9,18,29,25,16,21,16,8,15,-20,13,4,7,33,11,23,6,23,15,2,11,-20,-20,15,49,-20,-20,16,12,10,17,17,19,19,19,32,25,5,14,15,12,16,10,22,8,10,13,22,10,9,11,15,12,15,14,32,16,9,7,14,18,12,9,13,13,25,3,17,11,18,10,12,10,23,-20,9,13,8,19,9,26,21,25,8,24,13,9,9,13,11,20,5,35,8,6,27,9,21,20,12,-20,-20,28,24,18,10,5,12,5,7,12,11,21,10,19,17,9,10,10,11,-20,29,20,-20,-20,8,62,10,5,-20,11,8,9,14,6,3,-20,-20,-20,-20,-20,-20,-20,11,25,10,18,81,16,7,16,-20,20,3,-20,23,9,-20,31,8,-20,-20,-20,-20,7,-20,-20,8,26,10,26,-20,45,12,16,14,-20,5,52,18,35,13,10,14,30,15,12,-20,15,14,7,19,11,7,8,6,8,20,12,-20,35,49,5,6,5,15,13,7,16,15,-20,22,9,10,15,10,13,6,22,10,12,-20,7,21,-20,-20,-20,-20,6,18,23,-20,9,17,15,13,11,5,12,27,7,9,-20,-20,-20,-20,-20,-20,6,3,-20,6,4,-20,6,4,15,9,9,-20,-20,11,21,-20,29,10,14,7,9,9,7,7,-20,21,20,7,17,19,19,22,16,35,7,5,-20,-20,8,58,9,14,13,9,-20,-20,-20,-20,5,16,6,18,6,5,18,8,6,20,18,13,3,10,12,-20,3,4,2,14,5,9,9,10,7,9,-20,-20,2,6,15,19,4,8,6,5,-20,16,-20,-20,-20,5,8,8,2,23,6,10,-20,24,-20,8,9,-20,7,13,8,6,-20,5,5,31,4,4,4,3,-20,12,6,3,28,4,4,5,3,10,7,5,9,12,5,3,10,-20,4,10,-20,4,5,4,-20,-20,-20,6,5,-20,-20,12,6,4,16,12,-20,14,51,11,11,5,5,3,13,-20,4,7,-20,5,4,4,11,-20,9,5,23,23,11,4,3,4,-20,10,-20,4,-20,10,9,8,15,3,-20,6,29,3,-20,10,7,3,-20,-20,-20,4,43,22,7,13,5,-20,-20,10,5,3,5,-20,3,5,12,-20,8,13,11,9,5,8,3,-20,5,7,27,11,9,-20,3,3,6,12,6,-20,20,27,15,23,7,19,16,-20,12,24,16,12,9,25,6,-20,7,10,17,-20,13,9,3,25,12,-20,12,11,14,9,17,4,11,-20,10,15,22,13,9,2,11,13,4,9,26,3,10,-20,9,9,4,-20,19,7,32,10,10,13,10,17,7,6,9,15,12,5,28,33,17,10,15,23,13,-20,7,20,-20,-20,23,4,5,10,12,14,6,-20,8,17,-20,26,-20,21,11,12,12,-20,-20,-20,28,14,20,31,19,20,20,4,-20,-20,-20,-20,-20,13,48,-20,28,-20,-20,21,-20,21,4,9,3,23,17,18,47,27,35,5,14,11,35,11,8,15,8,19,19,14,10,-20,-20,-20,9,-20,10,15,8,32,20,-20,25,32,8,17,-20,49,22,23,9,17,17,13,16,16,7,-20,31,14,12,11,11,15,15,13,17,18,-20,18,8,20,24,13,15,6,31,10,12,27,12,28,10,28,5,-20,14,16,17,6,13,18,24,18,12,13,12,15,13,8,17,-20,7,12,12,13,15,14,16,16,8,18,17,5,17,20,9,9,13,5,21,19,9,14,16,20,27,18,8,16,13,7,15,10,19,31,13,9,7,8,12,5,3,4,5,17,5,25,10,31,9,10,4,9,5,10,14,23,9,9,7,17,20,21,11,8,17,28,19,5,19,15,6,10,9,5,10,5,10,6,-20,6,6,16,15,15,17,4,11,5,9,7,9,10,3,4,15,7,9,4,9,9,8,3,8,6,8,11,-20,5,6,4,5,7,5,6,7,15,15,-20,-20,19,17,-20,14,9,14,37,-20,5,12,-20,11,12,15,16,15,8,42,9,38,6,6,9,6,7,20,4,29,14,6,12,10,9,-20,-20,7,-20,24,20,-20,11,4,22,19,15,5,7,5,13,5,29,8,8,21,14,28,11,8,14,27,16,26,17,20,10,27,24,26,19,24,16,26,33,13,22,8,7,24,14,26,13,41,20,18,13,24,12,15,10,15,13,10,11,12,14,8,9,5,13,6,15,6,6,22,5,19,14,9,19,26,14,7,10,16,12,14,16,18,20,10,17,27,25,17,10,16,5,10,21,23,4,20,12,9,20,19,25,13,12,18,-20,6,3,-20,10,7,18,3,8,17,13,8,25,19,19,10,18,14,11,12,-20,9,4,8,21,21,16,7,8,13,11,26,23,13,31,36,9,20,10,10,10,9,13,21,8,19,5,16,17,12,14,9,8,7,9,6,19,9,-20,11,-20,20,15,-20,-20,18,10,16,-20,-20,-20,-20,7,9,5,-20,11,-20,11,-20,5,-20,3,5,-20,3,9,3,-20,-20,7,-20,-20,4,-20,-20,-20,7,9,-20,-20,18,5,-20,-20,3,-20,4,-20,19,5,-20,-20,3,-20,6,9,8,-20,-20,15,-20,7,24,-20,-20,3,-20,17,-20,13,13,-20,12,6,16,18,14,9,37,45,33,103,107,66,21,19,27,37,27
"chr2,16890574",3,12,9,5,-20,7,21,4,6,9,7,6,10,14,9,15,19,18,57,33,33,11,34,10,36,20,8,18,12,9,7,7,11,19,35,26,18,21,19,8,17,22,15,4,6,36,14,22,7,26,16,2,11,-20,7,17,59,-20,-20,19,14,11,19,17,20,19,20,32,28,7,18,15,14,16,12,24,8,10,15,23,12,10,13,17,12,16,15,34,16,9,8,15,18,13,10,13,18,29,5,17,14,18,10,12,17,23,-20,10,13,10,21,10,29,24,26,8,27,15,9,11,14,14,23,6,35,9,7,28,10,22,21,12,-20,-20,29,29,18,12,6,14,5,7,14,11,22,10,23,20,13,11,11,12,-20,34,24,-20,-20,10,72,10,5,-20,14,8,9,17,6,6,-20,-20,-20,-20,-20,-20,-20,13,26,11,26,96,16,8,16,-20,19,3,-20,25,9,-20,33,9,-20,-20,-20,-20,10,-20,9,8,26,12,28,-20,49,12,16,14,10,5,54,18,35,13,10,14,33,15,12,3,15,15,-20,-20,13,7,9,6,9,22,12,14,40,54,-20,6,4,17,13,7,21,16,4,24,9,12,16,10,12,-20,24,14,14,5,7,21,-20,-20,-20,-20,6,17,23,-20,13,18,-20,14,11,5,12,27,7,12,-20,-20,-20,-20,-20,-20,6,3,-20,6,6,-20,6,3,18,10,10,-20,-20,13,21,-20,31,10,16,7,10,10,7,8,-20,22,21,7,18,21,22,27,20,37,7,5,-20,-20,8,68,11,15,14,13,-20,-20,-20,-20,5,17,6,19,6,5,18,9,6,20,21,15,3,12,13,-20,3,4,2,15,5,10,9,11,7,9,-20,-20,2,6,14,19,4,9,6,5,4,20,-20,-20,-20,5,8,8,2,27,7,10,-20,27,-20,8,10,-20,8,17,10,-20,-20,5,5,32,4,4,5,4,-20,13,7,3,30,5,5,6,5,11,8,5,9,12,5,3,11,-20,6,12,-20,5,5,4,-20,-20,-20,6,-20,-20,-20,13,6,4,19,13,5,15,55,11,11,4,9,4,14,2,4,7,-20,6,5,4,11,3,9,5,28,23,11,4,3,5,-20,12,-20,4,-20,9,10,9,15,3,-20,6,29,3,-20,12,12,5,-20,-20,-20,4,51,24,9,13,6,-20,-20,13,-20,3,5,-20,3,5,12,-20,10,12,13,9,5,9,3,-20,6,8,28,14,7,-20,3,3,6,13,7,7,20,30,21,25,7,21,17,4,15,25,22,12,10,27,6,-20,7,10,16,-20,16,9,4,24,14,3,13,13,13,10,19,5,12,9,11,15,24,15,10,2,12,13,7,8,30,3,10,-20,9,10,4,-20,16,8,32,10,10,15,10,17,6,6,9,15,16,5,28,35,18,10,15,26,12,-20,11,20,13,7,23,6,6,12,15,15,6,8,9,22,-20,29,-20,21,12,12,14,-20,-20,-20,29,17,22,35,21,25,20,4,-20,-20,-20,-20,-20,16,48,-20,30,-20,8,23,-20,-20,-20,9,4,27,16,19,46,28,36,5,15,11,39,11,12,15,-20,20,22,16,13,-20,-20,-20,10,-20,10,16,-20,35,22,-20,24,35,8,17,-20,-20,22,26,9,18,21,17,18,18,8,4,34,14,12,11,12,15,15,16,21,22,-20,23,8,22,27,14,16,6,32,12,11,29,14,31,10,29,9,-20,15,20,19,8,16,20,26,18,14,13,11,15,14,8,20,-20,7,14,12,15,17,14,16,18,9,22,18,7,20,20,9,10,14,8,23,21,10,14,17,25,32,19,9,18,14,9,15,10,23,32,13,10,8,10,12,6,4,5,6,18,6,28,12,36,12,11,6,10,6,10,21,25,11,10,7,19,22,23,14,10,18,28,22,5,20,15,8,11,11,5,12,8,11,7,-20,7,7,16,16,16,17,5,14,5,9,8,10,11,3,4,16,8,10,6,9,9,9,3,8,6,10,14,4,7,7,5,-20,7,5,7,8,19,15,-20,-20,21,19,-20,17,9,16,41,-20,7,12,-20,11,14,15,17,18,8,49,9,43,7,7,12,8,8,22,5,31,16,6,12,11,9,-20,-20,7,-20,25,23,-20,11,5,27,23,15,5,7,5,14,5,32,9,8,27,17,29,14,10,18,27,20,27,17,20,15,28,26,28,20,26,22,28,38,13,24,9,8,25,14,31,13,44,21,21,19,26,14,15,-20,20,13,11,12,14,14,10,10,5,14,6,16,7,6,25,6,20,15,10,21,29,14,10,12,16,12,17,18,19,23,11,18,32,27,19,11,16,5,10,26,25,-20,20,12,9,25,21,26,14,12,18,-20,7,5,-20,12,8,22,3,9,19,14,9,30,21,22,12,18,17,10,14,10,12,4,8,24,21,16,7,8,16,11,28,25,14,35,37,10,24,10,13,14,10,14,21,8,20,5,17,18,18,15,9,9,9,11,8,20,10,-20,12,8,21,19,-20,-20,19,12,16,-20,4,-20,7,7,9,3,-20,10,-20,10,-20,7,-20,3,2,-20,4,9,3,-20,-20,9,12,3,4,-20,8,-20,7,9,-20,-20,-20,6,-20,-20,-20,4,6,-20,19,7,-20,-20,3,4,7,9,10,-20,-20,19,-20,7,25,4,-20,3,-20,20,-20,17,13,-20,14,6,18,19,16,11,39,48,37,105,127,84,26,23,30,38,25
