"chr,position",88,108,139,159,265,350,351,403,410,424,428,430,470,476,484,504,506,531,544,546,628,630,680,681,685,687,728,742,763,765,766,768,772,801,853,854,867,868,870,915,932,991,992,997,1002,1006,1061,1062,1063,1066,1070,1158,1166,1254,1257,1313,1317,1552,1612,1622,1651,1652,1676,1684,1739,1741,1756,1757,1793,1797,1819,1820,1829,1834,1835,1851,1852,1853,1872,1890,1925,1942,1943,1954,2016,2017,2031,2053,2057,2081,2091,2106,2108,2141,2159,2166,2171,2191,2202,2212,2239,2240,2276,2278,2285,2286,2317,2370,2412,4779,4807,4826,4840,4857,4884,4900,4939,4958,5023,5104,5151,5165,5210,5236,5249,5253,5276,5279,5349,5353,5395,5486,5577,5644,5651,5717,5718,5720,5726,5741,5748,5757,5768,5772,5776,5779,5784,5798,5800,5811,5822,5830,5831,5832,5836,5837,5856,5860,5865,5867,5874,5890,5893,5907,5921,5950,5984,5993,6008,6009,6010,6011,6012,6013,6016,6017,6019,6020,6021,6022,6023,6024,6025,6030,6034,6035,6036,6038,6039,6040,6041,6042,6043,6046,6064,6069,6070,6071,6073,6074,6076,6077,6085,6086,6087,6088,6090,6091,6092,6094,6095,6096,6097,6098,6099,6100,6101,6102,6104,6105,6106,6107,6108,6109,6111,6112,6113,6114,6115,6118,6119,6122,6123,6124,6125,6126,6128,6131,6132,6133,6134,6136,6137,6138,6140,6141,6142,6145,6148,6149,6150,6151,6153,6154,6163,6166,6169,6172,6173,6174,6177,6180,6184,6188,6189,6191,6192,6193,6194,6195,6198,6201,6202,6203,6209,6210,6214,6216,6217,6218,6220,6221,6231,6235,6237,6238,6240,6241,6242,6243,6244,6252,6255,6258,6268,6276,6284,6296,6390,6396,6413,6424,6434,6445,6680,6739,6740,6744,6749,6750,6805,6806,6814,6830,6897,6898,6900,6901,6903,6904,6907,6908,6909,6911,6913,6915,6917,6918,6919,6920,6922,6923,6924,6926,6927,6929,6931,6932,6933,6938,6940,6943,6944,6945,6951,6956,6957,6958,6959,6960,6961,6963,6966,6967,6968,6969,6970,6971,6973,6974,6975,6976,6979,6981,6982,6984,6986,6987,6989,6990,6992,6997,7000,7002,7003,7008,7013,7014,7025,7026,7028,7031,7033,7036,7058,7061,7062,7063,7064,7067,7068,7071,7072,7077,7081,7092,7094,7096,7102,7103,7106,7107,7109,7111,7117,7119,7120,7125,7126,7127,7130,7133,7138,7143,7147,7158,7160,7161,7162,7163,7164,7165,7169,7177,7181,7183,7186,7192,7199,7202,7203,7207,7208,7209,7213,7217,7218,7223,7231,7236,7244,7248,7250,7255,7258,7268,7273,7276,7280,7282,7287,7288,7296,7298,7305,7306,7307,7314,7316,7319,7320,7322,7323,7327,7328,7332,7333,7337,7342,7343,7344,7346,7347,7349,7350,7353,7354,7356,7358,7359,7372,7373,7377,7378,7382,7383,7384,7387,7394,7396,7404,7411,7413,7415,7416,7417,7418,7419,7424,7427,7430,7460,7461,7471,7475,7477,7514,7515,7516,7517,7520,7521,7523,7525,7529,7530,7566,7568,7717,7757,7767,7917,7947,8037,8057,8077,8132,8171,8214,8222,8227,8230,8231,8233,8234,8235,8236,8237,8238,8239,8240,8241,8242,8243,8244,8246,8247,8249,8256,8258,8259,8264,8283,8284,8285,8290,8297,8306,8307,8311,8312,8326,8334,8335,8337,8343,8351,8354,8357,8365,8366,8369,8376,8386,8387,8419,8420,8422,8424,8426,8427,8464,8483,8699,8723,9027,9057,9058,9067,9069,9070,9075,9078,9079,9081,9084,9085,9089,9091,9095,9099,9100,9102,9103,9104,9105,9106,9111,9113,9114,9115,9121,9125,9128,9130,9131,9133,9134,9298,9312,9314,9321,9323,9332,9336,9339,9343,9352,9353,9363,9369,9370,9371,9380,9381,9382,9383,9386,9388,9390,9391,9392,9394,9395,9399,9402,9404,9405,9407,9408,9409,9412,9413,9416,9421,9427,9433,9436,9437,9442,9450,9451,9452,9453,9454,9455,9470,9471,9476,9481,9503,9506,9507,9508,9509,9510,9511,9512,9513,9514,9515,9517,9518,9519,9520,9521,9522,9523,9524,9525,9526,9527,9528,9529,9530,9531,9532,9533,9534,9535,9536,9537,9539,9540,9541,9542,9543,9544,9545,9546,9547,9548,9549,9550,9551,9552,9553,9554,9555,9556,9557,9558,9559,9560,9561,9562,9564,9565,9567,9568,9569,9571,9573,9574,9576,9577,9578,9579,9581,9582,9583,9584,9585,9586,9587,9588,9589,9590,9591,9592,9593,9594,9595,9596,9597,9598,9599,9600,9601,9602,9606,9607,9608,9609,9610,9611,9612,9613,9615,9616,9617,9619,9620,9621,9622,9624,9625,9626,9627,9628,9629,9630,9631,9632,9633,9634,9635,9636,9637,9638,9639,9640,9641,9642,9643,9644,9645,9646,9647,9648,9649,9651,9653,9655,9656,9657,9658,9659,9660,9661,9663,9664,9665,9666,9667,9668,9669,9670,9671,9672,9673,9676,9677,9678,9679,9680,9681,9682,9683,9684,9685,9686,9687,9689,9690,9691,9692,9693,9694,9695,9696,9697,9698,9699,9700,9701,9703,9704,9705,9706,9707,9708,9709,9710,9711,9712,9713,9714,9716,9717,9718,9719,9720,9721,9722,9723,9725,9726,9727,9728,9729,9730,9731,9732,9733,9735,9736,9737,9738,9739,9741,9743,9744,9745,9747,9748,9749,9754,9755,9756,9757,9758,9759,9761,9762,9764,9766,9768,9769,9770,9771,9772,9774,9775,9776,9777,9778,9779,9780,9781,9782,9783,9784,9785,9786,9787,9788,9789,9790,9791,9792,9793,9794,9795,9796,9797,9798,9799,9800,9801,9802,9803,9804,9805,9806,9807,9808,9809,9810,9811,9812,9813,9814,9815,9816,9817,9819,9820,9821,9822,9823,9824,9825,9826,9827,9828,9830,9831,9832,9833,9834,9835,9836,9837,9838,9839,9840,9841,9843,9844,9845,9846,9847,9848,9849,9850,9851,9852,9853,9854,9855,9856,9857,9858,9859,9860,9861,9862,9864,9866,9867,9868,9869,9870,9871,9873,9874,9875,9876,9877,9878,9879,9880,9881,9882,9883,9885,9886,9887,9888,9890,9891,9892,9894,9895,9897,9898,9899,9900,9901,9902,9903,9904,9905,9906,9908,9909,9910,9911,9912,9914,9915,9917,9918,9920,9921,9924,9925,9926,9927,9928,9929,9930,9932,9933,9935,9937,9938,9939,9941,9942,9943,9944,9945,9946,9947,9948,9949,9950,9951,9952,9953,9955,9956,9957,9958,9959,9960,9962,9963,9964,9965,9966,9968,9969,9970,9971,9972,9973,9974,9975,9976,9978,9979,9980,9981,9982,9983,9984,9985,9986,9987,9988,9990,9991,9993,9995,9996,9997,9998,9999,10001,10002,10004,10005,10006,10008,10009,10010,10011,10012,10013,10014,10015,10017,10018,10020,10022,10023,10027,14312,14313,14314,14315,14318,14319,15560,15591,15592,15593,18694,18696,19949,19950,19951
"chr3,14742408",-20,-20,-20,-20,-20,-20,-20,-20,-20,-20,-20,5,20,22,15,24,23,15,41,17,16,-20,25,11,22,15,12,23,-20,-20,-20,-20,-20,-20,16,18,14,8,11,-20,-20,18,3,-20,3,29,-20,17,7,-20,-20,16,24,14,22,14,-20,14,11,15,12,13,14,21,31,27,12,14,23,7,16,6,3,12,15,14,10,6,4,9,5,7,9,4,-20,15,20,18,13,12,7,22,21,23,15,21,4,19,-20,24,14,11,-20,5,13,22,-20,17,23,8,-20,-20,-20,-20,-20,-20,-20,-20,-20,4,-20,4,5,-20,-20,-20,-20,-20,-20,-20,-20,-20,-20,-20,-20,-20,-20,-20,-20,4,-20,-20,-20,-20,-20,8,-20,-20,-20,-20,-20,-20,-20,-20,10,3,-20,8,11,3,-20,-20,-20,-20,-20,-20,8,-20,6,-20,5,3,-20,-20,3,-20,5,3,4,58,5,-20,3,3,-20,-20,3,7,3,-20,8,-20,-20,-20,4,-20,-20,-20,-20,9,-20,14,7,-20,3,9,3,12,-20,5,4,16,-20,-20,-20,-20,22,-20,-20,6,3,-20,5,23,-20,-20,4,-20,20,12,27,16,23,10,-20,-20,5,8,6,6,17,4,6,6,4,11,-20,9,-20,10,-20,3,8,-20,3,-20,-20,-20,6,-20,-20,-20,6,-20,3,11,12,8,10,-20,-20,7,-20,12,-20,-20,26,13,-20,-20,-20,5,-20,17,-20,5,-20,-20,-20,-20,-20,5,-20,-20,-20,8,4,-20,5,-20,10,6,-20,-20,-20,7,15,-20,13,16,15,17,14,19,10,-20,-20,-20,-20,-20,5,9,23,15,4,-20,-20,-20,-20,15,-20,3,-20,-20,9,-20,-20,15,20,-20,7,-20,-20,-20,-20,-20,-20,-20,6,-20,-20,-20,3,7,-20,5,-20,-20,3,9,-20,6,-20,-20,-20,-20,-20,-20,-20,-20,-20,4,-20,-20,4,-20,-20,28,-20,8,-20,-20,-20,-20,8,-20,6,13,-20,3,-20,-20,-20,-20,-20,-20,-20,-20,-20,3,-20,-20,-20,22,-20,-20,-20,-20,-20,-20,-20,-20,-20,-20,-20,8,-20,-20,-20,3,3,-20,3,-20,4,-20,-20,-20,-20,-20,-20,-20,42,-20,9,-20,-20,-20,-20,-20,-20,5,-20,-20,-20,-20,3,-20,-20,-20,-20,12,7,-20,-20,-20,14,-20,5,-20,-20,14,4,4,9,-20,-20,-20,4,-20,-20,-20,-20,-20,-20,3,-20,-20,12,16,-20,12,-20,-20,-20,-20,-20,-20,-20,-20,-20,-20,-20,8,-20,7,-20,-20,-20,-20,-20,-20,-20,-20,19,7,-20,4,-20,-20,-20,5,-20,-20,9,11,21,20,6,12,-20,-20,-20,26,13,4,3,18,3,-20,24,4,-20,-20,25,-20,-20,-20,4,-20,-20,7,-20,8,3,-20,-20,-20,-20,-20,-20,-20,3,6,-20,6,-20,3,26,-20,-20,3,-20,-20,-20,-20,-20,-20,-20,-20,-20,-20,5,3,-20,-20,3,3,8,12,18,24,14,42,22,12,-20,7,6,19,-20,3,4,-20,-20,8,7,15,-20,11,-20,18,10,16,19,8,-20,28,3,4,9,-20,13,4,-20,12,10,6,-20,-20,-20,-20,-20,6,23,16,7,17,17,16,4,14,4,24,8,-20,12,-20,-20,-20,10,10,-20,-20,-20,3,25,-20,3,-20,-20,5,26,6,-20,7,7,-20,-20,7,-20,-20,-20,22,-20,6,7,5,-20,-20,-20,5,-20,3,-20,7,-20,24,-20,5,-20,-20,3,-20,4,4,-20,3,-20,-20,-20,7,-20,15,-20,4,3,7,5,-20,-20,5,-20,-20,4,8,4,6,-20,10,5,7,-20,5,6,-20,4,-20,-20,-20,7,3,3,-20,12,9,4,-20,-20,-20,4,-20,-20,-20,6,4,-20,-20,-20,-20,9,15,-20,6,3,-20,5,-20,-20,-20,3,3,4,3,8,-20,-20,7,-20,4,6,-20,4,4,4,-20,4,10,4,-20,-20,-20,5,-20,7,-20,8,4,-20,-20,3,-20,-20,3,-20,-20,-20,3,3,-20,-20,3,3,-20,4,-20,3,7,-20,-20,-20,-20,5,-20,4,-20,-20,4,3,5,6,9,-20,3,10,6,3,6,-20,4,4,5,13,9,-20,-20,-20,4,-20,-20,-20,-20,-20,8,-20,-20,3,-20,-20,5,-20,-20,-20,3,8,6,21,-20,4,-20,8,11,-20,4,-20,-20,-20,6,-20,10,-20,4,11,4,6,3,3,21,12,-20,-20,-20,-20,3,-20,-20,-20,-20,7,5,-20,3,4,-20,3,-20,7,6,7,11,4,-20,4,-20,-20,-20,5,6,4,4,-20,4,13,6,4,4,6,4,7,-20,5,4,-20,5,-20,4,12,5,3,3,-20,6,3,-20,4,-20,6,3,11,-20,-20,-20,7,3,7,-20,4,-20,4,-20,4,-20,-20,7,3,3,-20,-20,-20,-20,-20,3,-20,-20,-20,-20,3,-20,4,-20,-20,9,-20,6,9,6,-20,-20,3,3,5,-20,-20,-20,6,-20,-20,3,-20,-20,-20,-20,-20,-20,-20,-20,-20,-20,4,4,7,3,-20,-20,-20,-20,-20,-20,-20,6,14,-20,-20,-20,-20,-20,-20,-20,-20,-20,4,34,-20,-20,5,4,9,-20,-20,3,-20,6,-20,-20,-20,11,-20,-20,12,-20,-20,-20,6,-20,-20,4,-20,-20,-20,5,-20,3,4,-20,13,3,-20,-20,8,-20,3,3,4,-20,-20,-20,5,-20,-20,-20,-20,5,-20,3,-20,5,-20,-20,-20,-20,-20,-20,2,5,-20,-20,-20,-20,3,-20,-20,4,-20,9,-20,-20,6,-20,-20,-20,-20,-20,-20,6,3,4,-20,3,3,-20,3,-20,-20,-20,3,-20,-20,3,3,-20,-20,-20,7,-20,-20,4,-20,11,17,19,25,21,18,18,18,31,34,66,47,15,36,22,20,15,21
"chr3,14742409",-20,-20,-20,-20,-20,-20,-20,-20,-20,-20,-20,5,19,23,15,21,23,14,41,17,16,-20,25,9,22,15,12,23,-20,-20,-20,-20,-20,-20,15,17,14,-20,11,-20,-20,17,3,-20,3,28,-20,17,7,-20,-20,16,24,14,-20,13,-20,14,11,15,12,12,13,21,31,27,12,14,23,-20,16,6,3,11,15,14,10,6,4,7,5,7,8,4,-20,15,19,18,13,10,-20,22,21,23,14,21,4,18,-20,24,13,12,-20,5,12,22,-20,16,22,8,-20,-20,-20,-20,-20,-20,-20,-20,-20,4,-20,4,5,-20,-20,-20,-20,-20,-20,-20,-20,-20,-20,-20,-20,-20,-20,-20,-20,4,-20,-20,-20,-20,-20,8,-20,-20,-20,-20,-20,-20,-20,-20,10,3,-20,8,11,3,-20,-20,-20,-20,-20,-20,8,-20,6,-20,5,3,-20,-20,3,-20,5,3,4,60,5,-20,3,3,-20,-20,3,-20,-20,-20,8,-20,-20,-20,4,-20,-20,-20,-20,9,-20,14,7,-20,3,10,3,12,-20,5,4,15,-20,-20,-20,-20,22,-20,-20,6,3,-20,5,23,-20,-20,4,-20,20,12,25,16,23,10,-20,-20,4,8,6,6,17,4,6,6,3,11,-20,9,-20,10,-20,3,8,-20,3,-20,-20,-20,6,-20,-20,9,6,-20,-20,11,12,8,9,-20,-20,7,-20,12,-20,-20,26,13,-20,-20,-20,5,-20,17,-20,5,-20,-20,-20,-20,-20,5,-20,-20,-20,8,4,-20,5,-20,10,6,-20,-20,-20,7,14,-20,13,15,14,17,14,17,10,-20,-20,-20,-20,-20,5,9,23,15,4,-20,-20,-20,-20,15,-20,3,-20,-20,9,-20,-20,15,20,-20,7,-20,-20,-20,-20,-20,-20,-20,6,-20,-20,-20,3,7,-20,5,-20,-20,3,8,-20,6,-20,-20,-20,-20,-20,-20,-20,-20,-20,4,-20,-20,4,-20,-20,28,-20,8,-20,-20,-20,-20,8,-20,6,13,-20,3,-20,-20,-20,-20,-20,-20,-20,-20,-20,3,-20,-20,-20,22,-20,-20,-20,-20,-20,-20,-20,-20,-20,-20,-20,8,-20,-20,-20,3,-20,-20,4,-20,4,-20,-20,-20,-20,-20,-20,-20,42,-20,9,-20,-20,-20,-20,-20,-20,5,-20,-20,-20,-20,3,-20,-20,-20,-20,12,6,-20,-20,-20,14,-20,6,-20,-20,14,4,4,8,-20,-20,-20,3,-20,-20,-20,-20,-20,-20,3,-20,-20,12,16,-20,12,-20,-20,-20,-20,-20,-20,-20,-20,-20,-20,-20,8,-20,7,-20,-20,-20,-20,-20,-20,-20,-20,19,6,-20,4,-20,-20,-20,5,-20,-20,9,11,21,19,6,12,6,-20,-20,26,13,4,3,18,3,-20,24,4,-20,-20,-20,-20,-20,-20,4,-20,-20,5,-20,8,3,-20,-20,-20,-20,-20,-20,-20,3,6,-20,6,-20,3,26,-20,-20,-20,-20,-20,-20,-20,-20,-20,-20,-20,-20,4,5,3,-20,-20,-20,3,-20,12,18,23,14,39,22,12,-20,6,6,19,-20,3,4,-20,-20,8,7,15,-20,11,-20,18,10,16,19,8,-20,28,3,5,9,-20,12,4,-20,12,10,6,-20,-20,-20,-20,-20,6,22,16,6,15,16,16,4,13,-20,24,-20,-20,12,-20,-20,-20,10,-20,-20,-20,-20,-20,23,-20,3,-20,-20,4,26,6,-20,6,6,-20,-20,7,-20,-20,-20,20,-20,6,6,5,-20,-20,-20,5,-20,3,-20,6,-20,24,-20,5,-20,-20,3,-20,2,4,-20,3,-20,-20,-20,7,-20,15,-20,4,3,7,5,-20,-20,5,-20,-20,3,8,4,6,-20,10,5,7,-20,5,4,-20,-20,-20,-20,-20,7,3,3,-20,12,9,3,-20,-20,-20,4,-20,-20,-20,6,4,-20,-20,-20,-20,8,15,-20,6,3,-20,5,-20,-20,-20,3,3,4,3,8,-20,-20,6,-20,4,-20,-20,4,4,4,-20,4,10,4,-20,-20,-20,5,-20,7,-20,8,4,-20,-20,3,-20,-20,3,-20,-20,-20,3,-20,-20,-20,3,3,-20,4,-20,3,7,-20,-20,-20,-20,5,-20,4,-20,-20,4,3,5,6,-20,-20,3,10,6,3,6,-20,4,4,5,12,9,-20,-20,-20,4,-20,-20,-20,-20,-20,8,-20,-20,3,-20,-20,5,-20,-20,-20,3,8,6,21,-20,4,-20,8,11,-20,4,-20,-20,-20,6,-20,-20,-20,4,8,4,6,3,3,21,12,-20,-20,-20,-20,3,-20,-20,-20,-20,7,5,-20,3,4,-20,3,-20,7,6,-20,-20,4,-20,4,-20,-20,-20,5,6,4,4,-20,4,13,6,4,4,6,4,7,-20,5,4,-20,5,-20,4,12,5,3,3,-20,6,3,-20,-20,-20,6,3,10,-20,-20,-20,7,3,7,-20,4,-20,4,-20,4,-20,-20,7,3,3,-20,-20,-20,-20,-20,3,-20,-20,-20,-20,3,-20,4,-20,-20,9,-20,6,9,6,-20,-20,3,3,5,-20,-20,-20,6,-20,-20,-20,-20,-20,-20,-20,-20,-20,-20,-20,-20,-20,4,4,7,-20,-20,-20,-20,-20,-20,-20,-20,6,14,-20,-20,-20,-20,-20,-20,-20,-20,-20,4,32,-20,-20,5,4,9,-20,-20,-20,-20,6,-20,-20,-20,11,-20,-20,12,-20,-20,-20,6,-20,-20,4,-20,-20,-20,5,-20,3,4,-20,13,3,-20,-20,8,-20,-20,-20,-20,-20,-20,-20,5,-20,-20,-20,-20,5,-20,-20,-20,4,-20,-20,-20,-20,-20,-20,-20,5,-20,-20,-20,-20,3,-20,-20,5,-20,7,-20,-20,6,-20,-20,-20,-20,-20,-20,6,3,4,-20,3,2,-20,3,-20,-20,-20,3,-20,-20,-20,-20,-20,-20,-20,6,-20,-20,-20,-20,11,17,19,25,21,18,18,19,31,34,66,48,15,34,22,19,13,19
"chr3,14742411",-20,-20,-20,-20,-20,-20,-20,-20,-20,-20,-20,5,16,21,14,20,23,13,39,17,14,-20,25,9,21,14,12,21,-20,-20,-20,-20,-20,-20,13,17,14,8,9,-20,-20,16,3,-20,3,28,-20,17,7,-20,-20,16,24,13,21,13,-20,14,11,14,12,12,13,19,30,26,11,14,22,-20,16,6,3,9,15,14,10,6,4,6,4,5,7,-20,-20,15,19,17,12,11,7,20,21,22,14,19,-20,17,-20,23,12,12,-20,5,12,21,-20,14,22,8,-20,-20,-20,-20,-20,-20,-20,-20,-20,5,-20,4,5,-20,-20,-20,-20,-20,-20,-20,-20,-20,-20,-20,-20,-20,-20,-20,-20,4,-20,-20,-20,-20,-20,8,-20,-20,-20,-20,-20,-20,-20,-20,10,3,-20,7,11,3,-20,-20,-20,-20,-20,-20,9,-20,6,-20,5,3,-20,-20,3,-20,5,3,4,60,5,-20,3,3,-20,-20,3,6,-20,-20,8,-20,-20,-20,3,-20,-20,-20,-20,8,-20,13,7,-20,3,10,3,12,-20,5,4,15,-20,-20,-20,-20,21,-20,-20,6,3,-20,5,23,-20,-20,4,-20,20,11,25,16,23,10,-20,-20,-20,8,6,6,16,4,6,5,3,11,-20,8,-20,10,-20,-20,-20,-20,-20,-20,-20,-20,6,-20,-20,-20,6,-20,3,10,12,8,9,-20,4,6,-20,12,-20,-20,26,13,-20,-20,-20,5,-20,17,-20,5,-20,-20,-20,-20,-20,5,-20,-20,-20,8,3,-20,5,-20,10,6,-20,-20,-20,7,15,-20,12,16,13,15,12,17,10,-20,-20,-20,-20,-20,-20,9,22,15,4,-20,-20,-20,-20,15,-20,3,-20,-20,9,-20,-20,14,20,-20,7,-20,-20,-20,-20,-20,-20,-20,6,-20,-20,-20,3,7,-20,-20,-20,-20,3,8,-20,6,-20,-20,-20,-20,-20,-20,-20,-20,-20,3,-20,-20,3,-20,-20,29,-20,8,-20,-20,-20,-20,8,-20,7,11,-20,3,-20,-20,-20,-20,-20,-20,-20,-20,-20,3,-20,-20,-20,22,-20,-20,-20,-20,-20,-20,-20,-20,-20,-20,-20,8,-20,-20,-20,3,-20,-20,4,-20,4,-20,-20,-20,-20,-20,-20,-20,43,-20,7,-20,-20,-20,-20,-20,-20,-20,-20,-20,-20,-20,-20,-20,-20,-20,-20,12,6,-20,-20,-20,15,-20,7,-20,-20,14,4,4,8,-20,-20,-20,3,-20,-20,-20,-20,-20,-20,-20,-20,-20,11,14,-20,10,-20,-20,-20,-20,-20,-20,-20,-20,-20,-20,6,8,-20,4,-20,-20,-20,-20,-20,-20,-20,-20,19,6,-20,4,-20,-20,-20,5,-20,-20,9,11,21,18,6,11,6,-20,-20,26,13,4,3,18,3,-20,24,4,-20,-20,22,-20,-20,-20,4,-20,-20,5,-20,-20,3,-20,4,-20,-20,-20,-20,-20,3,6,-20,6,-20,3,26,-20,-20,3,-20,-20,-20,-20,-20,-20,-20,-20,-20,3,4,3,-20,-20,-20,-20,-20,12,16,24,14,38,20,11,2,6,6,20,-20,3,4,-20,-20,8,7,15,-20,11,-20,18,11,16,20,8,-20,28,3,5,9,-20,13,4,-20,11,10,7,-20,-20,-20,-20,-20,-20,23,15,6,16,-20,15,4,13,-20,24,-20,-20,12,-20,-20,-20,9,10,-20,-20,-20,-20,22,-20,3,-20,-20,4,26,6,-20,5,6,-20,-20,7,-20,-20,-20,20,-20,7,6,5,-20,-20,-20,4,-20,3,-20,6,-20,25,-20,5,-20,-20,3,-20,-20,4,-20,3,-20,-20,-20,5,-20,15,-20,4,3,7,4,-20,-20,4,-20,-20,3,7,4,6,-20,8,5,7,-20,5,-20,-20,-20,-20,-20,-20,5,3,3,-20,13,9,3,-20,-20,-20,4,-20,-20,-20,6,4,-20,-20,-20,-20,8,15,-20,6,3,-20,5,-20,-20,-20,-20,3,4,3,7,-20,-20,5,-20,4,6,-20,-20,4,4,-20,4,8,4,-20,-20,-20,5,-20,7,-20,9,4,-20,-20,-20,-20,-20,3,-20,-20,-20,3,3,-20,-20,-20,3,-20,4,-20,3,8,-20,-20,-20,-20,5,-20,4,-20,-20,4,3,5,6,8,-20,3,13,7,3,6,-20,4,4,5,12,10,-20,-20,-20,-20,-20,-20,-20,-20,-20,8,-20,-20,3,-20,-20,5,-20,-20,-20,3,8,6,21,3,4,-20,11,11,-20,4,-20,-20,-20,6,-20,10,-20,-20,8,4,-20,3,3,21,12,-20,-20,-20,-20,-20,-20,-20,-20,-20,6,5,-20,-20,4,-20,3,-20,7,6,6,11,4,-20,5,-20,-20,-20,-20,5,4,4,-20,-20,12,-20,3,4,6,4,8,-20,5,3,-20,5,-20,4,12,5,-20,3,-20,6,3,-20,4,-20,5,3,11,-20,-20,-20,8,3,7,-20,4,-20,4,-20,4,-20,-20,6,3,3,-20,-20,-20,-20,-20,3,-20,-20,-20,-20,3,-20,-20,-20,-20,10,-20,5,9,6,-20,-20,3,-20,5,-20,-20,-20,6,-20,-20,-20,-20,-20,-20,-20,-20,-20,-20,-20,-20,-20,4,-20,8,-20,-20,-20,-20,-20,-20,-20,-20,5,14,-20,-20,-20,-20,-20,-20,-20,-20,-20,4,30,-20,-20,5,4,9,-20,-20,3,-20,6,-20,-20,-20,11,-20,-20,12,-20,-20,-20,6,-20,-20,4,-20,-20,-20,5,-20,-20,6,-20,13,3,-20,-20,9,-20,3,3,5,-20,-20,-20,5,-20,-20,-20,-20,5,-20,3,-20,4,-20,-20,-20,-20,-20,-20,-20,5,-20,-20,-20,-20,3,-20,-20,5,-20,6,-20,-20,6,-20,-20,-20,-20,-20,-20,6,3,3,-20,-20,4,-20,3,-20,-20,-20,3,-20,-20,3,-20,-20,-20,-20,7,-20,-20,3,-20,11,17,19,24,18,18,17,19,29,34,69,48,15,35,22,20,14,19
"chr3,14742413",-20,-20,-20,-20,-20,-20,-20,-20,-20,-20,-20,5,15,20,-20,18,23,13,40,16,13,-20,25,8,20,14,11,22,-20,-20,-20,-20,-20,-20,13,15,13,7,9,-20,-20,16,3,-20,-20,26,-20,17,5,6,-20,15,24,11,19,13,-20,14,11,13,11,12,13,18,28,27,10,13,20,7,16,3,3,9,13,13,-20,6,4,6,4,5,7,-20,-20,16,18,15,11,10,7,17,19,21,13,18,-20,16,-20,23,12,12,-20,5,11,22,-20,14,20,8,-20,-20,-20,-20,-20,-20,-20,-20,-20,5,-20,4,5,-20,-20,-20,-20,-20,-20,-20,-20,-20,-20,-20,-20,-20,-20,-20,-20,-20,-20,-20,-20,-20,-20,8,-20,-20,-20,-20,-20,-20,-20,-20,10,3,-20,7,11,3,-20,-20,-20,-20,-20,-20,9,-20,6,-20,5,3,-20,-20,3,2,5,3,4,55,-20,-20,3,3,-20,-20,3,5,-20,-20,8,-20,-20,-20,-20,-20,-20,-20,-20,7,5,12,7,7,-20,10,3,12,-20,5,4,14,-20,-20,-20,-20,-20,-20,-20,6,3,-20,5,21,-20,-20,-20,-20,20,11,25,16,22,10,2,3,-20,7,6,6,15,3,-20,5,3,8,-20,7,-20,10,-20,-20,-20,-20,-20,-20,-20,-20,4,-20,-20,8,6,-20,3,-20,12,7,9,-20,4,6,-20,12,-20,-20,26,14,-20,-20,-20,-20,-20,17,-20,4,-20,-20,-20,7,-20,5,-20,-20,4,8,-20,-20,5,-20,9,6,-20,-20,-20,6,15,-20,12,17,13,15,12,16,10,-20,-20,-20,-20,-20,-20,8,22,15,-20,-20,-20,-20,-20,14,-20,3,-20,-20,9,-20,-20,14,20,-20,7,-20,-20,-20,-20,-20,-20,-20,6,-20,-20,-20,3,7,-20,-20,-20,-20,3,8,-20,6,-20,-20,-20,-20,-20,-20,-20,-20,-20,-20,-20,-20,3,-20,-20,32,-20,8,-20,-20,-20,-20,7,-20,7,10,-20,3,-20,-20,-20,-20,-20,-20,-20,-20,-20,3,-20,-20,-20,20,-20,-20,-20,-20,-20,-20,-20,-20,-20,-20,-20,8,-20,-20,-20,3,-20,-20,4,-20,4,-20,-20,-20,-20,-20,-20,-20,44,-20,6,-20,-20,-20,-20,-20,-20,-20,-20,-20,-20,-20,-20,-20,-20,-20,-20,12,6,-20,-20,-20,15,-20,-20,-20,-20,14,4,4,7,-20,-20,-20,3,-20,-20,-20,-20,-20,-20,-20,-20,-20,12,14,-20,9,-20,-20,-20,-20,-20,-20,-20,-20,-20,-20,6,7,-20,4,-20,-20,-20,-20,-20,-20,-20,-20,20,6,-20,4,-20,-20,-20,6,-20,-20,9,11,16,18,6,10,5,-20,-20,25,13,4,3,18,3,-20,25,4,-20,-20,22,-20,-20,-20,4,-20,-20,5,-20,8,3,-20,4,-20,-20,-20,-20,-20,3,6,-20,4,-20,3,26,-20,-20,3,-20,-20,-20,-20,-20,-20,-20,-20,-20,3,4,3,-20,-20,-20,-20,-20,12,16,21,14,33,18,11,2,6,6,19,-20,3,4,-20,-20,8,7,15,-20,11,-20,18,11,16,20,9,-20,29,3,6,9,-20,13,4,-20,10,10,7,-20,-20,-20,-20,4,5,22,13,7,15,16,14,3,14,-20,24,-20,-20,12,5,-20,-20,9,10,-20,-20,-20,-20,21,-20,3,-20,-20,4,25,6,-20,5,5,-20,-20,7,-20,5,-20,20,-20,7,5,4,-20,-20,-20,4,-20,3,-20,6,-20,24,-20,5,-20,-20,3,-20,-20,4,-20,3,-20,-20,-20,4,-20,15,-20,4,3,7,4,-20,-20,4,-20,-20,3,7,4,6,-20,8,5,7,3,5,-20,-20,-20,-20,-20,-20,5,-20,3,-20,14,8,-20,-20,-20,-20,3,-20,-20,-20,6,4,-20,-20,-20,-20,7,15,-20,6,3,-20,5,-20,-20,-20,3,3,4,3,7,-20,-20,-20,-20,4,6,-20,-20,4,4,-20,4,8,-20,-20,-20,-20,5,-20,7,-20,9,-20,-20,-20,3,-20,-20,3,-20,-20,-20,3,3,-20,-20,-20,3,-20,4,-20,-20,8,-20,-20,-20,-20,5,-20,4,-20,-20,4,3,5,5,8,-20,3,13,7,-20,6,-20,3,4,5,12,10,-20,-20,-20,-20,-20,-20,-20,-20,-20,8,-20,-20,-20,-20,-20,5,-20,-20,-20,-20,8,6,21,3,4,-20,12,12,-20,4,-20,-20,-20,5,-20,11,-20,-20,8,4,-20,3,3,21,12,-20,-20,-20,-20,-20,-20,-20,-20,-20,6,5,-20,-20,4,-20,3,-20,7,6,6,13,4,-20,6,-20,-20,-20,-20,4,5,4,-20,-20,12,-20,3,4,6,4,8,-20,5,3,-20,5,-20,4,13,5,-20,3,-20,6,3,-20,4,-20,5,-20,11,-20,-20,-20,9,3,7,-20,4,-20,4,-20,4,-20,-20,6,4,-20,-20,-20,-20,-20,-20,3,-20,-20,-20,-20,3,-20,-20,-20,-20,10,-20,5,9,6,-20,-20,-20,-20,5,-20,-20,-20,7,-20,-20,-20,-20,-20,-20,-20,-20,-20,-20,-20,-20,-20,4,-20,8,-20,-20,-20,-20,-20,-20,-20,-20,5,14,-20,-20,-20,-20,-20,-20,-20,-20,-20,-20,31,-20,-20,5,4,9,-20,-20,3,-20,6,-20,-20,-20,11,-20,-20,12,-20,-20,-20,6,-20,-20,4,-20,-20,-20,5,-20,-20,6,-20,13,3,-20,-20,7,-20,3,3,5,-20,-20,-20,-20,-20,-20,-20,-20,4,-20,3,-20,-20,-20,-20,-20,-20,-20,-20,-20,5,-20,-20,-20,-20,3,-20,-20,5,-20,8,-20,-20,5,-20,-20,-20,-20,-20,-20,4,3,-20,-20,3,-20,-20,3,-20,-20,-20,3,-20,-20,-20,-20,-20,-20,-20,5,-20,-20,3,-20,10,18,19,24,18,17,16,18,28,33,69,48,14,34,22,19,15,21
"chr3,14742420",-20,-20,-20,-20,-20,-20,-20,-20,-20,-20,-20,5,19,18,14,-20,27,-20,38,27,17,-20,36,16,27,-20,15,21,-20,-20,-20,-20,4,-20,19,27,15,7,13,-20,-20,17,-20,-20,-20,37,-20,26,8,10,5,21,29,-20,22,14,11,18,15,14,12,19,13,21,29,37,18,20,20,7,21,7,8,17,15,20,11,-20,-20,5,6,-20,10,-20,-20,22,26,22,25,11,9,23,16,23,22,23,-20,22,-20,27,9,16,-20,-20,16,33,-20,14,31,-20,-20,-20,-20,-20,-20,-20,-20,-20,-20,6,-20,5,-20,-20,-20,-20,-20,-20,-20,-20,-20,-20,-20,-20,-20,-20,-20,-20,-20,-20,-20,-20,-20,-20,-20,7,-20,-20,-20,-20,-20,4,-20,-20,-20,4,-20,-20,33,-20,-20,-20,-20,-20,-20,-20,10,-20,4,-20,8,9,-20,-20,-20,6,7,-20,7,72,5,-20,3,4,-20,-20,5,-20,-20,-20,13,-20,-20,-20,-20,-20,-20,8,6,7,-20,-20,5,7,-20,8,7,-20,-20,9,16,16,-20,-20,-20,-20,29,-20,-20,-20,-20,-20,11,21,-20,-20,-20,-20,21,10,26,15,25,16,-20,-20,7,8,-20,-20,13,-20,-20,-20,-20,16,-20,-20,-20,9,-20,-20,-20,-20,-20,-20,-20,4,5,3,-20,7,6,-20,-20,11,14,11,13,-20,-20,9,-20,18,5,-20,36,19,-20,14,-20,-20,9,19,7,6,-20,-20,-20,10,-20,-20,-20,-20,6,14,-20,-20,4,-20,11,6,-20,-20,-20,15,21,-20,22,24,21,21,12,15,12,-20,-20,-20,-20,18,-20,11,23,16,-20,-20,-20,-20,-20,-20,-20,-20,-20,-20,-20,-20,3,12,39,-20,8,-20,9,-20,-20,-20,-20,-20,-20,5,6,-20,-20,8,-20,4,-20,-20,10,12,-20,-20,-20,-20,-20,-20,-20,-20,-20,-20,-20,-20,-20,-20,6,-20,-20,39,-20,9,-20,-20,-20,-20,-20,-20,7,-20,-20,4,-20,3,-20,-20,4,-20,-20,-20,-20,3,-20,-20,-20,24,-20,7,-20,-20,-20,-20,-20,-20,-20,-20,-20,12,-20,-20,3,4,-20,-20,4,-20,4,-20,2,-20,-20,-20,-20,-20,46,-20,-20,4,-20,-20,3,-20,-20,6,-20,-20,4,-20,-20,-20,-20,-20,-20,-20,-20,-20,-20,-20,15,-20,6,-20,3,12,3,-20,10,-20,-20,-20,6,-20,-20,-20,-20,-20,-20,-20,3,2,19,20,-20,9,3,-20,-20,-20,-20,-20,-20,-20,-20,-20,-20,-20,-20,6,-20,-20,-20,-20,-20,-20,-20,-20,33,-20,-20,3,-20,-20,-20,13,-20,7,19,20,20,26,-20,16,-20,2,2,29,17,-20,-20,27,-20,-20,21,6,3,-20,29,-20,-20,-20,-20,-20,-20,-20,-20,9,7,-20,4,-20,5,5,-20,-20,6,5,3,-20,-20,-20,30,-20,-20,10,8,-20,-20,-20,-20,-20,20,-20,-20,-20,-20,-20,5,-20,-20,5,-20,13,-20,35,20,26,26,12,4,8,7,21,-20,-20,-20,-20,-20,9,7,14,-20,11,-20,17,12,16,20,8,-20,30,3,6,10,-20,14,-20,-20,10,10,7,-20,3,-20,-20,8,-20,30,15,9,22,28,10,9,17,-20,19,-20,-20,15,-20,-20,-20,21,11,-20,5,7,-20,-20,-20,-20,-20,-20,5,26,6,-20,8,-20,5,3,33,-20,-20,-20,29,-20,7,-20,-20,-20,-20,-20,-20,-20,3,-20,8,-20,27,-20,8,3,-20,5,-20,-20,-20,-20,6,-20,-20,6,-20,-20,16,-20,-20,-20,-20,-20,-20,-20,5,-20,-20,-20,-20,9,-20,-20,12,6,-20,-20,-20,4,-20,-20,-20,-20,8,10,-20,-20,-20,16,7,5,-20,-20,-20,7,3,3,-20,6,7,-20,-20,-20,-20,8,17,7,8,-20,-20,-20,-20,-20,-20,5,-20,5,-20,10,6,-20,-20,7,5,6,-20,-20,-20,-20,4,-20,7,-20,3,-20,-20,9,3,7,-20,9,-20,-20,-20,4,-20,5,-20,-20,-20,-20,6,3,-20,-20,-20,-20,-20,-20,-20,-20,8,-20,-20,-20,4,4,4,5,-20,-20,4,5,5,-20,9,-20,4,13,7,-20,6,-20,-20,-20,5,11,11,-20,-20,-20,-20,-20,-20,-20,-20,-20,12,-20,-20,-20,-20,-20,9,2,-20,-20,-20,-20,-20,20,-20,-20,-20,14,12,-20,-20,-20,-20,-20,-20,-20,11,-20,-20,12,5,-20,-20,-20,21,12,-20,6,-20,-20,-20,-20,-20,-20,-20,-20,-20,4,-20,-20,-20,9,-20,7,-20,-20,13,-20,-20,7,-20,-20,15,6,4,6,-20,5,-20,13,-20,-20,-20,5,-20,9,-20,-20,-20,-20,-20,-20,10,13,6,8,-20,3,6,-20,-20,10,-20,-20,-20,10,-20,-20,-20,9,-20,-20,-20,6,4,5,-20,4,-20,-20,-20,3,-20,3,-20,-20,-20,-20,3,-20,-20,-20,4,-20,-20,-20,4,4,10,-20,5,9,6,-20,-20,-20,-20,-20,-20,-20,-20,8,-20,-20,-20,-20,-20,8,-20,-20,-20,-20,-20,-20,-20,-20,-20,8,-20,-20,-20,-20,-20,-20,-20,-20,8,12,4,-20,-20,-20,3,5,3,-20,4,4,33,-20,-20,4,-20,12,-20,-20,-20,-20,7,-20,-20,-20,11,-20,-20,13,-20,-20,-20,8,-20,-20,-20,-20,-20,-20,-20,-20,-20,8,-20,10,4,-20,-20,8,-20,5,-20,5,-20,-20,-20,-20,-20,-20,-20,-20,-20,-20,3,-20,-20,-20,-20,-20,-20,-20,3,-20,-20,-20,-20,-20,-20,3,-20,-20,-20,-20,7,3,-20,7,-20,-20,-20,-20,-20,-20,-20,-20,-20,-20,-20,5,-20,6,-20,-20,-20,-20,-20,-20,-20,3,5,-20,-20,6,-20,-20,-20,-20,11,17,17,25,25,19,22,19,27,36,69,50,30,44,31,26,24,24
"chr3,14742422",-20,-20,-20,-20,-20,-20,-20,-20,-20,-20,-20,-20,-20,-20,-20,-20,-20,-20,-20,-20,-20,-20,-20,-20,-20,-20,-20,-20,-20,-20,-20,-20,-20,-20,-20,-20,-20,-20,-20,-20,-20,-20,-20,-20,-20,-20,-20,-20,-20,-20,-20,-20,-20,-20,-20,-20,12,-20,-20,-20,-20,-20,-20,-20,-20,-20,-20,-20,-20,-20,-20,-20,-20,-20,-20,-20,-20,-20,-20,-20,-20,-20,-20,-20,-20,-20,-20,-20,-20,-20,-20,-20,-20,-20,-20,-20,-20,-20,-20,-20,-20,-20,-20,-20,-20,-20,-20,-20,-20,-20,-20,-20,-20,-20,-20,-20,-20,-20,-20,6,-20,-20,-20,-20,-20,-20,-20,-20,-20,-20,-20,-20,-20,-20,-20,-20,-20,-20,-20,-20,-20,-20,-20,-20,-20,7,-20,-20,-20,-20,-20,-20,-20,-20,-20,4,-20,-20,-20,-20,-20,-20,-20,-20,-20,-20,10,-20,4,-20,-20,-20,-20,-20,-20,-20,-20,-20,-20,73,-20,-20,-20,-20,3,-20,-20,-20,-20,-20,-20,-20,-20,-20,-20,8,-20,-20,-20,7,-20,-20,-20,-20,-20,10,-20,-20,-20,-20,-20,-20,-20,-20,-20,-20,30,-20,-20,-20,-20,-20,-20,-20,-20,-20,-20,-20,-20,-20,-20,-20,-20,-20,-20,-20,-20,8,-20,-20,-20,-20,-20,-20,-20,-20,-20,-20,-20,-20,-20,-20,-20,-20,-20,-20,-20,-20,-20,-20,-20,8,-20,-20,-20,-20,-20,-20,-20,-20,-20,-20,-20,-20,-20,-20,-20,-20,-20,-20,-20,-20,-20,-20,-20,-20,-20,-20,-20,-20,-20,-20,4,6,-20,-20,-20,-20,4,-20,-20,6,-20,-20,-20,-20,-20,-20,-20,-20,-20,-20,-20,-20,12,-20,-20,-20,-20,-20,-20,-20,22,17,-20,-20,-20,-20,-20,-20,-20,-20,-20,-20,-20,-20,-20,-20,-20,-20,8,-20,-20,-20,-20,-20,-20,-20,-20,-20,-20,-20,-20,10,-20,-20,-20,-20,-20,-20,-20,-20,-20,-20,-20,-20,-20,-20,-20,-20,6,-20,-20,10,-20,-20,-20,39,-20,9,-20,-20,-20,-20,-20,-20,7,-20,-20,-20,-20,-20,-20,-20,-20,-20,-20,-20,-20,-20,-20,-20,-20,24,-20,-20,-20,-20,-20,-20,-20,-20,-20,-20,-20,11,-20,-20,-20,4,-20,-20,4,-20,4,-20,-20,-20,-20,-20,-20,-20,46,-20,-20,-20,-20,-20,-20,-20,-20,-20,-20,-20,-20,-20,-20,-20,-20,-20,-20,-20,-20,-20,-20,-20,15,-20,7,-20,3,-20,-20,-20,-20,-20,-20,-20,6,-20,-20,-20,-20,-20,-20,-20,-20,-20,-20,-20,-20,-20,-20,-20,-20,-20,-20,-20,-20,-20,-20,-20,-20,-20,-20,-20,-20,-20,-20,-20,-20,-20,-20,-20,-20,-20,-20,-20,-20,-20,-20,-20,-20,-20,-20,-20,-20,-20,-20,-20,-20,-20,-20,-20,-20,-20,-20,-20,-20,-20,-20,-20,3,-20,-20,-20,-20,-20,-20,-20,-20,-20,4,-20,-20,-20,-20,-20,-20,-20,5,-20,-20,5,-20,-20,-20,-20,-20,-20,-20,-20,-20,-20,-20,-20,4,-20,-20,-20,-20,-20,-20,-20,-20,-20,-20,-20,-20,-20,-20,-20,-20,-20,-20,-20,-20,-20,7,21,-20,-20,-20,-20,-20,9,6,15,-20,11,-20,19,12,15,21,8,-20,31,3,6,10,-20,14,-20,-20,11,10,8,-20,-20,-20,8,-20,-20,-20,-20,-20,-20,-20,-20,-20,-20,-20,-20,-20,-20,-20,-20,5,-20,-20,-20,-20,-20,-20,-20,-20,-20,-20,-20,-20,-20,-20,-20,-20,-20,-20,-20,-20,30,-20,-20,4,-20,-20,8,-20,-20,-20,-20,-20,-20,-20,-20,-20,-20,-20,25,-20,-20,-20,-20,-20,-20,-20,-20,-20,-20,-20,-20,-20,-20,-20,15,-20,-20,-20,-20,-20,-20,-20,-20,-20,-20,-20,-20,-20,-20,-20,12,6,-20,-20,-20,-20,-20,-20,-20,-20,-20,-20,-20,-20,-20,18,7,-20,-20,-20,-20,-20,-20,-20,-20,-20,-20,-20,-20,-20,-20,-20,17,-20,8,-20,-20,-20,-20,-20,-20,-20,-20,-20,-20,-20,-20,-20,-20,-20,-20,-20,-20,-20,-20,-20,-20,-20,8,-20,-20,-20,-20,-20,-20,7,-20,9,-20,-20,-20,-20,-20,-20,-20,-20,-20,-20,-20,-20,-20,-20,-20,-20,-20,-20,-20,-20,8,-20,-20,-20,-20,-20,-20,-20,-20,-20,4,-20,5,-20,-20,-20,4,13,7,-20,6,-20,-20,-20,5,11,11,-20,-20,-20,-20,-20,-20,-20,-20,-20,-20,-20,-20,-20,-20,-20,-20,-20,-20,-20,-20,-20,-20,20,-20,-20,-20,12,12,-20,-20,-20,-20,-20,-20,-20,11,-20,-20,-20,5,-20,-20,-20,21,12,-20,-20,-20,-20,-20,-20,-20,-20,-20,-20,-20,-20,-20,-20,-20,-20,-20,7,-20,-20,-20,-20,-20,7,-20,-20,-20,-20,-20,-20,-20,-20,-20,13,-20,-20,-20,-20,-20,9,-20,-20,-20,-20,-20,-20,-20,14,-20,-20,-20,-20,6,-20,-20,-20,-20,-20,-20,11,-20,-20,-20,9,-20,-20,-20,-20,-20,5,-20,-20,-20,-20,10,3,-20,-20,-20,-20,-20,-20,3,-20,-20,-20,-20,-20,-20,-20,-20,-20,10,-20,6,9,6,-20,-20,-20,-20,-20,-20,-20,-20,8,-20,-20,-20,-20,-20,-20,-20,-20,-20,-20,-20,-20,-20,-20,-20,8,-20,-20,-20,-20,-20,-20,-20,-20,-20,12,-20,-20,-20,-20,-20,-20,-20,-20,-20,-20,34,-20,-20,-20,-20,12,-20,-20,-20,-20,7,-20,-20,-20,10,-20,-20,13,-20,-20,-20,-20,-20,4,-20,-20,-20,-20,-20,-20,-20,9,-20,9,-20,-20,-20,7,-20,-20,-20,-20,-20,-20,-20,-20,-20,-20,-20,-20,-20,-20,-20,-20,-20,-20,-20,-20,-20,-20,-20,-20,-20,-20,-20,-20,-20,3,-20,-20,-20,-20,7,3,-20,-20,-20,-20,-20,-20,-20,-20,-20,3,-20,-20,-20,6,-20,7,-20,-20,-20,-20,-20,-20,-20,-20,6,-20,-20,6,-20,-20,-20,-20,-20,-20,18,-20,-20,-20,-20,-20,-20,-20,60,-20,-20,-20,-20,-20,-20,-20
"chr3,14742426",-20,-20,-20,-20,-20,-20,-20,-20,-20,-20,-20,6,15,15,12,-20,28,-20,41,28,18,-20,36,-20,24,-20,14,22,-20,-20,-20,-20,3,-20,22,26,18,7,11,-20,-20,19,-20,-20,9,38,-20,26,-20,12,5,20,34,16,19,14,13,18,16,-20,11,20,15,24,-20,35,18,21,22,-20,22,8,8,16,15,20,12,-20,-20,5,-20,-20,12,-20,5,24,26,24,29,10,-20,23,24,24,24,22,-20,19,-20,25,-20,15,-20,-20,16,36,-20,12,30,-20,-20,-20,-20,-20,-20,-20,-20,-20,-20,6,-20,-20,-20,-20,3,-20,-20,-20,-20,-20,-20,-20,-20,-20,-20,-20,-20,-20,-20,-20,-20,-20,-20,-20,-20,7,-20,-20,-20,-20,-20,4,-20,-20,-20,5,-20,-20,32,9,-20,-20,-20,-20,-20,-20,10,-20,4,-20,8,6,4,3,-20,5,8,-20,-20,72,4,3,6,-20,4,-20,6,-20,-20,-20,14,-20,-20,-20,-20,9,3,8,9,7,-20,13,5,4,-20,10,-20,18,3,12,14,16,-20,8,-20,3,31,-20,4,-20,-20,-20,15,-20,-20,-20,6,3,-20,16,24,19,23,12,-20,3,7,9,-20,-20,16,5,5,-20,-20,14,-20,-20,-20,14,-20,3,-20,5,6,4,3,5,-20,-20,-20,11,-20,-20,-20,13,-20,9,15,6,8,-20,-20,19,-20,-20,32,16,7,16,-20,-20,9,26,7,9,-20,-20,-20,7,-20,-20,4,5,-20,9,-20,-20,4,-20,-20,7,-20,-20,-20,15,18,-20,22,23,21,20,16,20,12,-20,-20,-20,-20,15,-20,-20,21,17,4,-20,-20,-20,3,-20,-20,-20,-20,-20,-20,5,-20,18,39,-20,10,-20,9,-20,-20,-20,-20,6,-20,5,5,-20,-20,11,3,5,-20,-20,11,9,4,8,-20,-20,-20,-20,-20,-20,-20,-20,5,-20,-20,14,6,-20,-20,41,-20,10,-20,-20,-20,-20,-20,-20,7,-20,-20,5,-20,3,-20,-20,-20,-20,-20,-20,-20,4,3,-20,-20,22,-20,8,-20,3,-20,4,5,-20,-20,-20,-20,13,-20,-20,-20,4,-20,-20,4,-20,4,-20,-20,-20,-20,3,-20,-20,49,-20,-20,4,3,-20,3,3,-20,8,-20,-20,3,-20,-20,-20,-20,-20,-20,-20,-20,-20,-20,-20,15,-20,8,3,3,11,3,-20,9,-20,-20,4,7,-20,-20,-20,-20,3,-20,-20,-20,-20,19,21,-20,8,3,-20,-20,-20,-20,-20,-20,-20,-20,-20,-20,-20,-20,6,-20,-20,-20,-20,-20,-20,-20,-20,34,-20,-20,-20,-20,-20,3,13,-20,7,18,22,19,25,-20,17,-20,-20,-20,25,17,-20,-20,25,-20,-20,25,5,3,-20,27,-20,-20,-20,-20,-20,-20,-20,-20,10,8,8,-20,4,5,-20,5,-20,9,5,-20,-20,-20,-20,28,-20,-20,9,10,-20,-20,-20,4,-20,23,-20,-20,-20,-20,-20,4,-20,-20,5,-20,13,-20,33,21,-20,23,12,6,11,7,20,-20,-20,-20,4,-20,9,8,15,-20,11,-20,20,12,17,22,8,-20,32,4,6,10,-20,16,-20,-20,12,11,-20,-20,3,-20,8,10,-20,29,17,-20,25,31,9,13,15,-20,35,-20,-20,-20,-20,8,9,22,10,4,4,9,-20,28,5,-20,-20,-20,4,-20,5,-20,9,-20,-20,4,25,-20,8,4,27,-20,9,-20,-20,-20,-20,-20,-20,-20,4,-20,8,-20,24,-20,-20,7,-20,7,-20,-20,-20,-20,8,-20,-20,6,-20,-20,15,5,-20,-20,-20,-20,-20,-20,-20,-20,-20,-20,-20,10,-20,-20,12,7,-20,-20,-20,3,-20,-20,-20,-20,6,8,-20,-20,-20,19,7,-20,-20,-20,-20,-20,-20,3,-20,-20,-20,-20,-20,-20,-20,9,15,7,8,-20,-20,-20,-20,-20,4,5,-20,-20,-20,10,-20,-20,-20,6,-20,8,-20,-20,-20,-20,-20,-20,9,-20,3,-20,-20,9,-20,7,-20,9,-20,-20,-20,-20,-20,5,-20,-20,-20,4,8,-20,-20,-20,-20,-20,-20,-20,-20,-20,8,-20,-20,-20,4,3,6,6,-20,-20,4,-20,5,-20,8,-20,4,14,7,-20,6,-20,-20,-20,6,13,11,-20,-20,-20,-20,4,-20,-20,-20,-20,-20,3,-20,-20,-20,-20,8,-20,-20,-20,5,-20,-20,22,-20,-20,-20,15,13,4,-20,-20,-20,-20,-20,-20,11,-20,-20,-20,5,-20,-20,-20,21,12,-20,7,-20,2,-20,-20,5,-20,-20,-20,-20,-20,-20,-20,-20,-20,-20,7,-20,-20,12,-20,-20,7,-20,-20,19,6,-20,-20,-20,6,-20,14,-20,-20,-20,-20,-20,9,-20,-20,-20,-20,-20,-20,9,14,-20,9,3,5,6,-20,-20,13,-20,-20,-20,12,-20,-20,-20,9,-20,-20,-20,5,5,7,-20,5,-20,-20,10,3,-20,3,-20,-20,-20,-20,3,3,-20,-20,-20,-20,-20,-20,4,3,10,-20,7,8,6,-20,-20,-20,-20,-20,-20,-20,-20,8,-20,-20,-20,-20,5,8,-20,-20,-20,-20,-20,-20,-20,-20,-20,8,-20,-20,-20,-20,-20,-20,-20,-20,6,14,5,-20,-20,-20,-20,5,3,-20,4,3,34,-20,-20,5,-20,14,4,-20,-20,-20,7,-20,-20,-20,10,-20,-20,13,-20,-20,-20,9,-20,7,-20,-20,-20,-20,-20,-20,-20,9,-20,10,-20,-20,-20,9,-20,-20,-20,5,-20,-20,-20,-20,-20,-20,-20,-20,-20,-20,-20,-20,-20,-20,-20,-20,-20,-20,-20,-20,-20,-20,-20,-20,-20,-20,-20,-20,-20,-20,9,5,-20,7,-20,-20,-20,-20,-20,-20,-20,4,-20,-20,-20,6,-20,8,-20,-20,-20,-20,-20,-20,4,4,6,-20,-20,5,-20,-20,-20,-20,-20,16,17,22,24,18,28,21,30,34,60,-20,29,50,33,27,25,26
"chr3,14742430",-20,-20,-20,-20,-20,-20,-20,-20,-20,-20,-20,4,6,8,5,-20,9,-20,25,19,10,-20,16,-20,13,-20,6,11,-20,-20,-20,-20,-20,-20,18,18,8,5,7,-20,-20,10,-20,-20,7,20,-20,15,-20,8,4,12,16,18,-20,9,15,11,11,-20,10,9,7,9,-20,21,11,13,13,-20,9,10,6,12,11,14,9,-20,-20,2,-20,-20,7,-20,-20,10,14,19,19,8,-20,11,12,10,13,6,-20,13,-20,7,5,8,-20,-20,8,24,-20,7,14,-20,-20,-20,-20,-20,-20,-20,-20,-20,-20,6,-20,-20,-20,-20,4,-20,-20,-20,-20,-20,-20,-20,-20,-20,-20,-20,-20,-20,-20,-20,-20,-20,-20,-20,-20,6,-20,-20,-20,-20,-20,3,-20,-20,7,5,-20,-20,26,6,-20,-20,-20,-20,-20,-20,10,-20,4,-20,5,5,4,3,-20,-20,6,-20,-20,74,-20,3,4,-20,5,-20,6,-20,-20,-20,10,-20,-20,-20,-20,9,5,8,8,7,-20,5,3,-20,-20,10,-20,10,6,11,17,9,-20,9,-20,3,35,-20,4,-20,-20,-20,15,-20,-20,-20,4,-20,-20,7,11,8,8,3,-20,3,8,9,-20,-20,8,2,4,-20,-20,8,-20,-20,-20,6,-20,-20,-20,3,6,3,3,-20,7,-20,-20,11,-20,4,-20,7,-20,3,10,6,8,-20,-20,11,-20,-20,11,14,8,15,-20,-20,9,16,-20,9,-20,-20,-20,5,-20,-20,4,6,-20,8,-20,-20,5,-20,-20,7,-20,-20,-20,12,10,-20,11,14,13,10,12,11,12,-20,-20,-20,-20,26,-20,-20,22,17,22,-20,-20,-20,3,-20,-20,-20,-20,-20,7,5,-20,9,22,-20,11,-20,9,-20,-20,-20,-20,6,-20,4,4,-20,-20,11,3,6,-20,-20,9,4,4,5,-20,-20,-20,-20,-20,-20,-20,-20,5,-20,-20,15,5,-20,-20,44,-20,11,-20,-20,-20,-20,-20,-20,9,-20,-20,2,-20,-20,-20,-20,-20,-20,-20,-20,-20,-20,3,-20,-20,23,-20,7,-20,4,-20,3,5,-20,2,-20,-20,12,-20,-20,-20,3,-20,-20,4,-20,3,-20,-20,3,-20,5,-20,-20,51,-20,-20,3,-20,-20,-20,-20,3,7,-20,-20,-20,-20,-20,-20,-20,-20,11,-20,-20,-20,-20,-20,15,-20,10,3,-20,6,-20,-20,4,-20,-20,-20,9,-20,-20,-20,-20,3,3,-20,-20,-20,16,15,-20,4,-20,-20,4,-20,-20,-20,-20,-20,-20,-20,-20,-20,-20,5,-20,-20,-20,-20,-20,-20,-20,-20,20,-20,-20,-20,-20,-20,3,-20,3,5,15,15,10,15,-20,10,6,3,-20,7,12,-20,-20,10,-20,-20,8,-20,3,-20,20,-20,-20,-20,7,-20,-20,-20,-20,10,5,7,-20,-20,4,-20,9,-20,8,-20,-20,-20,-20,-20,7,-20,3,11,-20,-20,-20,-20,-20,-20,23,-20,-20,-20,-20,-20,4,-20,-20,5,-20,-20,-20,18,11,-20,13,4,6,-20,7,21,-20,-20,6,4,-20,11,8,16,-20,11,3,20,13,18,22,8,-20,34,4,6,11,-20,15,6,-20,13,10,10,-20,4,-20,8,10,-20,15,7,-20,17,18,-20,10,8,-20,18,-20,-20,-20,3,12,10,18,9,4,3,8,-20,17,5,-20,-20,-20,4,-20,2,-20,5,4,-20,3,23,-20,3,4,18,3,13,7,-20,-20,-20,-20,-20,-20,4,-20,4,-20,26,4,-20,6,-20,4,-20,-20,-20,-20,7,-20,-20,5,-20,-20,15,5,-20,-20,-20,-20,-20,-20,-20,-20,-20,-20,-20,6,-20,-20,13,7,-20,5,-20,-20,-20,-20,-20,3,5,5,-20,-20,-20,20,7,-20,-20,-20,-20,5,-20,3,-20,-20,-20,-20,-20,-20,5,2,15,6,8,-20,-20,-20,-20,-20,4,4,-20,-20,-20,5,5,-20,-20,7,-20,7,-20,-20,-20,-20,-20,-20,9,-20,-20,-20,-20,4,-20,7,-20,10,-20,-20,-20,-20,-20,4,-20,-20,-20,4,6,-20,-20,5,4,4,-20,-20,-20,-20,8,-20,-20,-20,2,-20,-20,-20,-20,-20,4,-20,6,-20,8,-20,4,15,7,-20,7,-20,-20,6,6,12,11,-20,-20,-20,-20,6,-20,-20,-20,-20,-20,3,-20,-20,-20,-20,3,-20,-20,-20,-20,-20,-20,22,-20,-20,-20,15,11,-20,-20,-20,-20,-20,-20,-20,11,-20,3,-20,5,-20,-20,-20,21,13,-20,5,-20,4,3,-20,-20,-20,-20,-20,-20,-20,-20,-20,-20,-20,-20,8,-20,-20,10,-20,-20,7,-20,-20,20,2,-20,-20,-20,5,3,15,6,-20,3,-20,-20,11,-20,-20,-20,-20,5,-20,5,14,4,7,-20,3,6,-20,-20,10,-20,-20,-20,12,-20,-20,-20,9,-20,-20,-20,3,2,10,-20,5,-20,-20,10,3,-20,-20,-20,5,-20,-20,3,3,-20,-20,-20,-20,-20,-20,3,-20,10,-20,7,8,6,-20,-20,-20,-20,5,-20,-20,-20,9,-20,-20,-20,-20,9,7,-20,-20,-20,-20,-20,-20,-20,-20,-20,8,-20,-20,-20,-20,-20,-20,-20,-20,3,14,4,-20,-20,-20,-20,4,-20,-20,3,-20,34,-20,-20,5,-20,16,5,-20,-20,-20,7,-20,-20,3,10,-20,-20,13,-20,-20,-20,4,-20,7,-20,-20,-20,-20,-20,-20,3,9,-20,10,-20,-20,-20,8,-20,5,-20,6,-20,-20,-20,3,-20,-20,-20,-20,-20,-20,-20,-20,-20,-20,-20,-20,-20,-20,4,3,-20,-20,-20,3,-20,3,5,-20,-20,-20,9,5,-20,6,-20,-20,-20,3,-20,-20,-20,4,-20,-20,-20,4,-20,8,-20,-20,-20,-20,4,-20,4,4,6,-20,-20,4,-20,-20,-20,-20,-20,4,16,4,10,11,16,9,9,7,60,-20,22,24,16,15,16,11
"chr3,14742445",-20,-20,-20,-20,-20,-20,-20,-20,4,7,4,-20,10,9,8,11,18,9,33,29,17,-20,17,15,19,-20,10,14,7,-20,-20,-20,5,3,26,25,11,-20,10,-20,4,11,-20,-20,7,28,-20,36,-20,10,3,16,24,21,16,14,20,10,14,11,20,18,9,10,15,27,14,18,20,7,12,12,6,15,15,21,13,7,3,8,4,8,8,-20,3,17,15,35,20,10,6,16,20,14,15,10,-20,17,5,11,7,11,3,5,18,25,-20,17,18,-20,-20,-20,-20,-20,-20,-20,-20,-20,-20,6,6,3,6,-20,5,-20,-20,-20,-20,-20,-20,-20,-20,-20,-20,3,-20,-20,-20,-20,-20,4,-20,8,-20,6,-20,-20,-20,3,-20,-20,8,5,10,7,-20,-20,28,6,3,-20,-20,-20,-20,-20,10,-20,5,6,11,13,11,6,-20,-20,5,-20,4,92,5,7,-20,-20,8,3,5,13,-20,6,9,-20,-20,-20,-20,11,16,10,13,8,-20,10,11,9,9,8,4,18,7,15,28,16,8,9,-20,3,33,3,7,-20,-20,-20,17,7,15,6,8,5,12,14,-20,11,14,4,-20,5,10,13,3,3,12,8,5,7,4,9,5,8,-20,9,-20,6,5,6,6,7,8,6,9,3,5,13,10,10,19,10,11,8,17,8,11,9,7,14,14,5,16,16,12,31,-20,-20,7,17,5,14,-20,-20,-20,9,-20,-20,3,8,21,8,10,-20,2,5,10,7,-20,-20,-20,15,17,-20,16,21,24,17,14,19,12,3,2,3,9,44,5,13,20,16,23,5,3,-20,6,14,3,-20,-20,-20,16,7,-20,11,44,4,10,-20,9,-20,3,4,-20,7,3,4,7,-20,-20,13,4,6,-20,-20,13,4,7,7,6,6,-20,6,-20,-20,-20,-20,-20,3,-20,26,5,-20,-20,48,-20,11,4,-20,-20,-20,11,3,11,6,-20,7,-20,7,-20,-20,-20,3,-20,3,36,5,4,-20,-20,16,10,9,-20,5,-20,-20,6,-20,3,8,5,9,-20,-20,-20,3,6,4,6,3,4,5,5,3,9,6,8,-20,64,-20,8,5,7,-20,-20,-20,4,-20,-20,-20,-20,-20,3,-20,3,4,24,11,-20,-20,-20,-20,12,-20,8,4,4,9,6,-20,10,-20,-20,3,9,-20,-20,-20,4,3,6,-20,6,-20,29,22,12,10,6,-20,3,-20,6,-20,4,-20,-20,-20,13,6,-20,14,-20,8,3,3,-20,-20,-20,-20,24,-20,-20,-20,-20,-20,4,13,4,-20,23,21,15,24,5,16,9,5,-20,18,22,4,-20,13,3,-20,13,-20,3,-20,23,4,-20,-20,8,-20,5,-20,6,8,5,8,-20,3,3,6,10,4,9,4,-20,4,-20,7,10,-20,3,19,12,3,5,2,13,-20,35,-20,-20,-20,8,12,5,7,3,7,5,13,13,21,17,16,28,11,6,10,6,22,-20,5,12,6,-20,9,-20,17,3,12,3,20,16,23,20,5,5,34,4,7,12,6,12,9,-20,13,9,10,-20,5,-20,10,11,-20,24,14,12,27,22,8,-20,11,6,23,5,8,11,9,16,12,21,19,9,3,11,3,28,8,-20,-20,-20,8,16,4,10,11,13,15,9,36,-20,9,3,28,4,15,8,8,-20,-20,-20,-20,4,8,-20,9,-20,24,7,6,6,3,6,-20,4,5,-20,11,-20,-20,5,-20,-20,14,6,4,-20,-20,5,9,4,6,-20,-20,-20,-20,9,-20,-20,13,8,-20,8,-20,6,5,-20,5,4,7,5,-20,-20,-20,20,8,7,-20,-20,3,7,3,5,-20,-20,3,-20,-20,-20,5,-20,15,7,10,-20,7,4,7,6,6,10,-20,-20,-20,8,10,7,-20,10,8,7,-20,-20,-20,-20,4,8,9,-20,7,3,-20,5,3,6,-20,12,4,4,7,4,-20,7,-20,-20,-20,5,6,-20,-20,5,6,4,3,5,5,-20,8,-20,-20,6,5,3,7,3,-20,-20,5,5,7,5,7,-20,3,17,7,-20,7,8,5,10,5,13,13,-20,-20,-20,5,6,-20,-20,-20,-20,8,6,-20,-20,-20,7,2,-20,3,-20,4,-20,8,20,3,7,-20,15,14,3,-20,5,3,-20,-20,4,12,-20,3,13,7,5,-20,-20,15,10,-20,6,-20,7,4,5,9,-20,-20,-20,3,8,-20,-20,3,9,-20,7,-20,6,8,6,-20,8,-20,-20,32,2,7,9,-20,4,5,15,8,-20,10,4,-20,12,-20,-20,-20,8,6,-20,4,10,7,7,3,4,7,5,-20,14,6,3,4,13,4,-20,-20,14,-20,6,6,6,-20,13,-20,-20,-20,3,11,3,-20,-20,-20,8,-20,-20,3,4,-20,6,4,3,-20,-20,6,-20,12,-20,6,8,5,4,-20,-20,-20,-20,-20,-20,-20,8,-20,-20,5,-20,11,6,4,-20,-20,3,-20,-20,-20,-20,-20,10,-20,-20,-20,-20,-20,-20,-20,4,8,14,6,5,5,-20,3,7,-20,-20,4,2,34,4,3,7,-20,16,7,3,-20,9,7,4,4,6,7,-20,-20,10,-20,-20,-20,6,2,8,-20,-20,6,-20,-20,3,-20,9,-20,10,-20,-20,-20,8,5,6,7,-20,-20,-20,-20,5,-20,-20,4,-20,4,-20,4,-20,4,-20,-20,-20,-20,5,5,3,-20,-20,-20,4,-20,3,7,3,-20,-20,8,-20,3,3,-20,-20,-20,5,-20,5,2,4,4,-20,-20,-20,-20,11,-20,4,-20,5,4,4,3,9,10,-20,-20,8,-20,-20,7,-20,-20,8,15,5,10,12,16,17,16,17,87,-20,36,39,18,28,28,20
"chr3,14742450",-20,-20,-20,3,3,-20,-20,-20,5,8,4,8,9,11,9,11,18,11,36,36,18,-20,23,18,21,9,11,14,7,-20,-20,-20,-20,3,32,27,13,15,11,3,4,14,5,-20,5,29,-20,36,8,11,3,16,27,21,17,15,22,13,15,16,21,20,10,13,16,30,17,20,19,9,13,15,9,16,15,23,14,7,3,8,4,10,8,-20,3,20,16,35,20,13,6,19,25,16,14,11,-20,19,5,11,10,12,3,5,21,27,-20,19,18,3,-20,-20,-20,-20,-20,-20,-20,-20,-20,4,6,3,6,-20,5,-20,-20,-20,-20,-20,-20,3,-20,-20,-20,4,-20,3,-20,-20,-20,4,-20,8,-20,6,-20,-20,-20,4,-20,-20,8,5,12,6,3,-20,32,6,3,-20,-20,3,-20,3,9,-20,5,7,13,15,11,5,-20,8,5,4,4,88,5,7,3,-20,8,3,9,14,-20,6,9,8,3,3,-20,11,16,8,13,7,-20,12,12,11,13,10,4,16,5,-20,29,17,10,11,4,3,34,3,6,-20,8,5,16,9,16,7,8,-20,12,16,21,12,14,8,-20,6,12,12,3,6,14,6,4,10,4,7,5,9,3,9,6,7,6,7,6,6,10,6,9,5,6,13,11,11,21,10,12,9,17,10,11,13,7,14,16,5,19,19,14,37,-20,6,6,18,5,12,-20,-20,-20,12,-20,6,3,11,21,8,11,-20,3,5,12,6,-20,-20,-20,16,19,-20,21,23,27,18,16,20,13,4,-20,3,10,48,5,13,18,14,24,5,5,-20,6,14,4,5,-20,-20,18,7,-20,14,45,5,11,-20,9,-20,3,4,-20,8,5,5,7,4,-20,13,4,6,-20,-20,17,4,7,10,6,6,-20,6,-20,-20,-20,-20,7,3,-20,29,5,-20,3,50,-20,11,6,-20,-20,4,11,6,12,9,-20,9,-20,7,3,-20,-20,3,-20,3,37,-20,3,-20,-20,16,11,9,5,5,-20,-20,6,4,3,9,5,9,-20,-20,-20,-20,6,5,6,3,3,5,7,3,9,6,8,-20,67,8,8,7,7,-20,-20,-20,4,12,-20,-20,-20,-20,5,-20,3,6,27,13,3,-20,4,-20,15,-20,10,3,4,13,7,-20,11,3,-20,4,10,-20,-20,-20,4,3,6,-20,6,5,28,23,14,10,6,4,3,-20,6,-20,4,-20,-20,-20,16,6,9,17,-20,10,3,3,-20,-20,-20,3,26,-20,-20,3,-20,-20,-20,14,4,6,23,22,15,27,5,17,10,6,-20,21,22,5,-20,15,3,3,14,-20,2,-20,-20,5,-20,-20,8,-20,6,-20,7,6,5,8,-20,6,-20,7,11,4,10,5,4,5,8,10,9,5,3,19,13,4,5,3,15,-20,36,-20,-20,-20,8,13,5,7,4,7,5,14,13,22,26,16,31,11,6,10,6,21,-20,5,13,8,3,8,6,16,3,12,3,16,17,23,17,7,5,33,5,7,10,8,13,9,-20,14,9,10,-20,5,-20,12,11,-20,24,17,14,25,22,9,11,14,6,24,5,9,12,9,16,14,26,17,11,-20,8,5,32,8,3,-20,4,8,23,3,-20,12,13,15,8,36,3,10,3,34,6,17,8,9,3,6,-20,5,4,8,-20,10,3,26,8,6,7,3,6,4,4,5,-20,11,3,-20,4,-20,-20,14,6,4,-20,-20,5,9,4,6,-20,-20,-20,-20,9,8,4,14,7,-20,8,-20,6,6,-20,5,5,9,6,-20,-20,-20,18,8,-20,-20,-20,-20,7,5,5,-20,-20,3,-20,-20,4,5,4,15,9,9,-20,7,4,7,6,6,13,-20,-20,5,7,10,7,4,10,8,8,4,-20,3,-20,5,8,9,-20,7,3,-20,5,5,8,-20,12,4,4,8,4,-20,9,-20,-20,3,-20,6,-20,-20,5,6,5,4,6,6,4,7,-20,-20,7,4,-20,7,3,-20,-20,5,5,-20,5,-20,-20,3,17,-20,-20,6,9,6,11,3,14,12,-20,-20,-20,5,6,-20,-20,-20,-20,9,6,-20,5,-20,9,-20,-20,3,-20,4,4,10,19,3,8,-20,15,14,3,-20,5,4,3,-20,4,12,-20,5,13,7,5,7,-20,15,9,-20,6,-20,7,5,6,9,3,-20,7,3,9,-20,-20,3,9,-20,8,3,7,7,6,-20,7,-20,-20,35,3,7,9,3,4,5,13,9,-20,10,4,5,11,-20,6,3,9,7,-20,4,11,8,8,3,4,7,5,-20,15,6,4,5,12,4,-20,-20,14,3,6,6,6,4,13,-20,8,-20,3,11,-20,-20,4,-20,9,3,-20,3,4,-20,8,4,3,-20,-20,7,5,12,-20,6,7,6,5,-20,-20,-20,8,-20,-20,-20,9,-20,-20,6,-20,11,6,6,-20,-20,3,-20,-20,-20,-20,-20,10,-20,7,-20,3,7,-20,-20,5,8,15,8,8,5,-20,3,7,3,3,4,2,34,4,4,8,-20,15,8,4,-20,9,7,5,4,7,7,3,-20,9,-20,-20,-20,6,3,8,-20,-20,6,-20,-20,3,3,10,-20,10,4,-20,-20,8,6,6,7,4,-20,4,-20,6,-20,4,6,-20,8,-20,4,-20,7,4,3,3,-20,7,5,3,2,-20,-20,5,-20,3,7,3,3,-20,8,7,3,3,-20,-20,-20,5,-20,4,5,4,6,4,4,-20,3,10,3,5,-20,5,5,-20,3,9,9,-20,3,7,-20,-20,7,-20,-20,11,15,5,11,13,17,17,21,18,103,-20,39,38,18,28,28,18
"chr3,14742452",-20,-20,-20,3,3,-20,-20,-20,5,8,4,8,9,10,-20,12,20,12,35,36,-20,-20,23,17,21,9,12,14,7,-20,-20,-20,-20,3,32,29,13,15,11,3,-20,15,5,-20,5,33,3,39,8,10,5,18,29,23,17,15,22,14,15,17,22,-20,10,14,18,31,17,19,-20,9,13,15,9,16,15,22,-20,-20,3,8,4,-20,9,-20,3,21,-20,33,20,14,-20,19,26,-20,15,11,-20,19,5,11,12,11,3,5,22,25,-20,19,-20,3,-20,-20,-20,-20,-20,-20,-20,-20,-20,4,-20,3,6,-20,-20,-20,-20,-20,-20,-20,-20,3,-20,-20,-20,4,-20,3,-20,-20,-20,4,-20,8,-20,6,-20,-20,-20,5,-20,4,-20,6,12,6,3,-20,32,7,3,-20,-20,3,-20,4,9,-20,4,7,13,19,11,4,-20,8,5,4,5,89,6,-20,3,-20,9,3,10,13,-20,6,9,8,3,3,-20,-20,16,9,15,7,-20,12,10,-20,13,9,-20,18,5,17,32,19,12,11,4,3,33,3,7,5,9,5,16,9,16,7,8,8,13,16,21,11,14,7,-20,6,13,11,4,7,14,-20,4,10,4,7,-20,10,3,9,6,8,6,7,7,-20,10,6,9,-20,6,13,11,11,20,10,13,-20,18,11,11,12,8,16,16,5,19,-20,-20,36,-20,6,6,18,5,15,-20,-20,-20,12,-20,6,3,10,20,10,-20,-20,3,5,12,5,-20,-20,-20,18,18,-20,19,22,28,19,-20,23,12,4,3,3,11,52,5,13,18,16,24,5,5,4,7,14,4,5,-20,-20,18,7,-20,15,46,6,12,-20,9,-20,3,4,-20,7,6,6,7,4,-20,13,4,6,-20,-20,18,4,7,10,6,6,-20,6,-20,-20,3,-20,8,3,-20,33,5,-20,3,51,3,12,6,-20,-20,4,12,6,12,-20,-20,9,-20,7,3,-20,-20,3,-20,3,39,5,3,-20,-20,15,11,9,5,5,-20,3,6,5,3,9,5,9,3,-20,-20,-20,6,5,6,4,-20,5,6,3,10,7,10,3,68,8,8,7,7,-20,-20,3,4,11,-20,-20,-20,-20,5,-20,3,6,27,13,3,-20,4,3,14,-20,11,3,4,13,7,-20,11,4,-20,4,10,-20,-20,-20,4,3,7,-20,6,6,29,22,15,11,6,5,3,-20,6,-20,4,-20,-20,-20,16,-20,9,17,-20,11,4,3,-20,-20,-20,3,25,-20,-20,3,-20,-20,6,14,4,6,22,-20,16,25,5,16,11,6,-20,23,22,5,-20,-20,3,-20,14,-20,2,-20,25,5,-20,-20,8,-20,6,-20,8,6,5,10,-20,6,-20,8,11,4,10,5,4,5,8,-20,9,5,3,19,13,4,6,3,15,-20,37,-20,-20,-20,8,13,5,7,4,7,5,15,15,23,27,16,29,-20,6,10,7,20,-20,5,14,-20,3,8,6,16,3,11,3,16,18,23,17,7,5,33,5,7,10,8,13,9,-20,14,9,10,-20,5,-20,-20,10,-20,25,19,15,24,23,9,11,14,6,24,5,10,13,10,12,14,26,18,15,-20,-20,7,35,-20,-20,-20,-20,8,24,3,13,-20,14,17,-20,37,3,10,-20,36,8,17,9,9,3,6,-20,5,4,8,-20,10,3,26,8,6,-20,3,6,4,4,5,-20,11,3,-20,4,-20,-20,14,6,4,-20,-20,5,9,4,6,-20,-20,-20,-20,-20,9,4,14,7,-20,8,-20,6,6,-20,5,5,9,6,-20,-20,-20,19,8,-20,-20,-20,-20,7,5,5,-20,-20,3,-20,-20,5,5,4,14,9,9,-20,7,4,7,6,6,12,-20,-20,5,7,10,7,5,10,8,8,4,-20,3,-20,5,8,9,-20,8,3,-20,5,5,8,-20,12,4,4,8,4,-20,9,-20,-20,3,-20,6,-20,-20,6,6,5,4,6,6,4,7,-20,-20,7,4,-20,7,3,-20,-20,5,5,8,5,7,-20,3,17,6,-20,6,9,7,11,3,14,12,-20,-20,-20,5,6,-20,-20,-20,-20,9,6,-20,5,-20,9,-20,-20,5,-20,4,4,10,18,3,8,-20,15,14,-20,-20,5,4,3,-20,4,12,-20,5,14,7,5,7,-20,15,9,-20,6,-20,7,5,6,9,3,-20,7,3,9,-20,-20,3,9,-20,8,3,7,7,6,-20,7,-20,-20,37,4,7,9,3,4,5,13,9,-20,-20,4,6,11,-20,6,3,9,7,-20,4,11,-20,8,3,4,7,5,-20,14,6,-20,5,12,4,-20,-20,15,3,6,6,6,4,13,-20,7,-20,3,11,-20,-20,4,-20,9,3,-20,3,4,-20,8,4,3,-20,-20,7,6,12,-20,6,7,6,5,-20,-20,-20,9,-20,-20,-20,9,-20,-20,6,-20,11,6,6,-20,-20,3,-20,-20,-20,-20,-20,10,-20,7,-20,3,7,-20,-20,5,8,15,8,8,5,-20,3,7,3,-20,4,2,33,5,4,8,-20,16,8,5,-20,9,7,5,4,7,7,3,-20,9,-20,-20,-20,6,3,-20,-20,-20,6,-20,-20,3,4,10,-20,10,4,-20,-20,-20,6,6,7,4,-20,4,4,-20,-20,4,6,4,7,-20,4,-20,7,4,-20,3,-20,7,5,-20,-20,-20,-20,-20,-20,3,8,3,3,-20,-20,-20,-20,4,-20,-20,-20,5,-20,5,-20,4,6,-20,4,-20,-20,10,-20,6,-20,7,4,6,-20,9,-20,-20,3,7,-20,-20,8,-20,-20,12,15,6,11,13,18,17,23,18,97,-20,-20,40,20,30,29,20
"chr3,14742453",-20,3,-20,3,3,-20,-20,-20,5,8,4,8,10,11,-20,13,20,12,37,36,-20,-20,23,18,22,9,12,14,7,-20,-20,-20,5,3,32,29,13,15,11,3,-20,15,5,-20,6,33,3,39,8,10,5,18,29,23,17,14,22,13,15,18,22,-20,10,14,18,31,17,19,-20,9,13,15,9,16,15,24,-20,7,3,8,4,10,9,-20,3,20,-20,34,20,14,-20,19,27,-20,16,12,-20,21,5,12,13,11,3,6,23,25,-20,19,-20,3,-20,-20,-20,-20,-20,-20,-20,-20,-20,4,-20,3,6,-20,5,-20,-20,-20,-20,-20,-20,3,-20,-20,-20,4,-20,3,-20,-20,3,4,-20,8,-20,6,3,-20,-20,5,-20,4,-20,6,12,6,3,-20,32,8,3,-20,-20,3,-20,4,9,-20,4,7,13,19,13,4,-20,8,6,4,5,89,6,-20,3,-20,9,3,10,13,-20,6,9,8,3,3,-20,-20,18,9,15,7,-20,12,12,-20,13,9,-20,18,5,17,-20,22,12,11,5,3,32,3,7,5,10,5,16,9,16,7,8,8,13,16,21,12,16,7,-20,8,14,11,4,7,14,-20,4,11,5,7,-20,10,3,9,6,-20,7,7,7,-20,11,6,9,-20,7,13,11,11,20,11,13,-20,20,11,11,12,8,16,16,5,20,-20,-20,37,-20,6,6,18,5,15,-20,-20,-20,12,-20,6,3,10,20,14,-20,-20,3,5,12,5,-20,-20,-20,18,18,-20,19,22,28,19,18,23,12,4,3,3,11,53,5,13,17,16,26,5,5,4,7,14,4,5,-20,3,18,7,-20,16,45,6,12,-20,9,-20,3,4,-20,7,7,6,6,5,-20,14,4,6,-20,-20,18,4,7,10,6,6,-20,6,-20,-20,4,-20,8,3,-20,33,5,-20,3,51,3,12,6,-20,-20,4,12,6,12,12,-20,9,-20,8,3,-20,-20,3,-20,3,40,5,3,-20,-20,16,11,9,8,5,-20,3,6,6,3,9,5,9,3,-20,-20,-20,6,5,6,4,-20,5,6,3,10,7,11,3,68,8,8,7,7,-20,-20,5,4,11,-20,-20,-20,-20,5,-20,3,6,28,13,3,-20,4,3,14,-20,11,3,4,13,7,-20,11,4,-20,4,10,-20,-20,-20,4,3,8,-20,6,6,29,23,15,11,6,5,3,-20,6,-20,4,-20,-20,-20,16,8,9,17,-20,12,4,3,-20,-20,-20,3,26,-20,-20,3,-20,-20,6,15,4,6,22,-20,16,25,5,16,12,6,-20,23,23,5,-20,-20,3,-20,15,-20,2,-20,25,5,-20,-20,8,-20,6,3,8,6,5,9,-20,6,-20,8,11,4,10,5,-20,5,8,11,9,5,3,19,13,4,6,3,15,-20,41,-20,-20,-20,8,13,5,7,4,9,5,16,16,23,27,16,28,-20,6,10,7,20,-20,5,14,8,3,8,6,16,3,11,3,16,18,23,17,7,5,33,5,6,10,8,13,9,-20,14,9,10,-20,5,-20,-20,10,-20,25,19,16,24,23,9,11,13,6,25,5,10,15,10,12,14,31,18,16,-20,-20,8,36,-20,-20,-20,-20,9,24,5,13,14,15,17,-20,37,3,10,-20,36,8,19,10,9,3,6,6,5,4,8,-20,9,3,24,8,6,-20,3,6,4,4,5,-20,11,3,4,4,-20,-20,14,6,4,-20,-20,5,9,4,-20,-20,-20,-20,-20,-20,10,4,14,7,-20,8,-20,6,6,-20,5,5,9,6,-20,-20,-20,19,7,-20,-20,-20,-20,7,5,5,-20,-20,3,-20,-20,5,5,4,14,9,9,-20,8,4,7,6,6,12,-20,-20,5,7,10,7,5,10,8,8,4,-20,3,-20,5,8,9,-20,8,3,-20,5,5,8,-20,12,4,4,8,4,-20,9,6,-20,3,-20,6,-20,-20,6,6,5,4,6,6,4,7,-20,-20,7,4,3,7,3,3,-20,5,5,8,5,7,-20,3,17,6,-20,6,9,7,11,3,14,12,-20,-20,-20,5,6,-20,-20,-20,-20,9,6,-20,5,-20,9,-20,-20,5,-20,4,4,-20,18,3,8,-20,15,14,-20,-20,5,4,3,-20,4,12,-20,5,14,7,5,7,-20,15,9,-20,6,-20,7,5,6,9,3,-20,7,3,9,-20,-20,3,9,-20,8,3,7,6,6,-20,7,-20,-20,39,5,7,9,3,4,5,13,9,-20,10,4,6,11,-20,6,3,9,7,-20,4,11,-20,8,3,4,7,5,-20,14,6,4,5,12,4,-20,-20,15,3,6,6,6,4,13,-20,7,-20,3,11,-20,-20,4,-20,9,3,-20,3,4,-20,8,4,3,-20,-20,7,6,12,-20,6,7,6,5,-20,-20,-20,9,-20,-20,-20,9,-20,-20,6,-20,11,6,6,-20,-20,3,-20,-20,-20,-20,-20,10,-20,7,-20,3,7,-20,-20,5,8,15,8,8,5,-20,3,7,3,-20,4,2,33,5,4,8,-20,16,8,5,-20,9,7,5,4,7,7,3,3,9,-20,-20,-20,6,3,8,-20,-20,6,-20,-20,3,4,10,-20,10,4,-20,-20,9,6,6,7,4,-20,4,4,-20,-20,-20,6,4,8,-20,6,-20,7,4,4,3,-20,7,5,3,2,-20,-20,7,-20,3,6,3,-20,-20,9,7,3,4,-20,-20,-20,5,3,5,5,4,6,-20,4,-20,4,11,4,6,-20,7,5,6,3,9,10,-20,-20,7,-20,-20,8,-20,-20,12,15,7,11,13,18,17,24,18,94,-20,-20,40,20,30,29,22
"chr3,14742454",-20,3,-20,3,3,-20,3,-20,5,8,4,8,12,12,10,13,20,13,38,39,21,-20,24,17,22,9,11,14,7,-20,-20,-20,5,3,32,30,13,16,11,3,4,15,5,-20,6,35,3,39,8,11,5,18,30,23,16,15,22,14,15,18,22,19,10,15,20,31,18,21,21,9,14,16,9,17,15,25,15,7,3,8,5,11,9,-20,3,20,15,38,21,15,8,20,28,15,18,14,-20,23,5,12,15,12,3,6,23,26,-20,19,18,3,-20,-20,-20,-20,-20,-20,-20,-20,-20,4,6,3,7,-20,6,-20,-20,-20,-20,-20,-20,3,-20,-20,-20,5,-20,3,-20,-20,3,4,-20,8,-20,6,3,-20,-20,5,-20,4,6,7,12,6,3,-20,35,8,3,-20,-20,3,-20,4,9,-20,4,7,14,19,13,4,-20,8,6,4,5,89,6,7,3,3,13,3,10,14,-20,6,9,8,3,3,-20,10,19,9,15,7,-20,12,14,12,14,10,7,18,5,18,58,23,12,11,5,3,30,3,8,5,10,6,16,9,16,8,8,12,13,16,21,12,17,10,-20,8,15,12,4,7,14,6,4,10,5,7,-20,10,-20,10,7,9,7,7,7,6,12,6,9,-20,7,13,12,11,21,11,13,9,21,12,11,14,9,16,16,8,22,19,14,37,-20,6,5,18,5,15,-20,-20,-20,12,-20,6,3,12,20,14,13,-20,3,5,12,5,-20,-20,4,18,19,-20,24,24,29,19,19,24,12,4,3,3,11,53,5,13,17,16,26,6,5,4,7,14,4,5,-20,3,19,7,-20,16,45,6,13,-20,9,-20,3,4,-20,7,7,6,6,5,-20,14,4,6,-20,-20,21,4,7,10,6,6,-20,6,-20,-20,4,-20,7,3,-20,33,5,-20,3,51,4,12,6,-20,-20,4,12,6,12,12,-20,9,-20,8,3,-20,-20,3,-20,3,40,5,3,-20,-20,15,11,9,8,5,-20,3,6,6,3,9,5,9,3,-20,-20,-20,6,5,6,4,-20,5,6,4,11,7,11,3,69,8,8,7,7,-20,-20,5,4,11,-20,-20,-20,-20,5,-20,3,6,29,14,3,-20,4,3,14,-20,11,3,3,13,7,-20,11,4,-20,4,10,-20,-20,-20,5,3,8,-20,6,6,30,25,15,11,6,5,3,-20,6,-20,4,-20,-20,-20,16,-20,10,17,-20,12,4,3,-20,-20,-20,3,26,-20,-20,3,-20,-20,6,15,4,6,23,20,17,28,5,18,11,6,-20,24,23,6,-20,15,3,3,15,-20,-20,-20,-20,5,-20,-20,8,-20,6,4,8,5,5,10,-20,7,-20,8,12,4,10,5,-20,5,8,12,9,5,3,19,13,4,6,3,16,-20,41,-20,-20,-20,8,13,5,7,4,9,-20,16,16,23,27,16,31,13,6,10,7,20,-20,5,14,8,3,-20,6,15,4,13,3,16,18,23,18,7,5,32,5,6,10,8,14,9,-20,15,9,12,-20,4,-20,14,10,-20,27,20,16,26,24,9,11,15,7,25,6,10,17,11,12,14,31,18,16,-20,8,9,35,8,-20,-20,4,9,26,5,14,16,15,17,11,37,3,11,2,36,8,19,10,9,3,6,6,5,4,8,-20,8,3,24,8,6,6,3,6,4,4,5,-20,11,3,4,4,-20,-20,14,6,4,-20,-20,6,9,4,6,-20,-20,-20,-20,9,11,4,14,-20,-20,8,-20,7,6,-20,5,5,9,8,-20,-20,-20,19,7,8,-20,-20,-20,8,5,6,-20,-20,4,-20,-20,5,5,5,14,9,9,-20,8,4,7,6,6,13,-20,-20,5,-20,10,-20,5,10,8,8,4,-20,3,-20,5,8,9,-20,8,3,-20,5,5,8,-20,12,4,4,8,4,-20,8,6,-20,3,-20,6,-20,-20,6,7,5,4,6,6,4,6,3,-20,7,4,3,7,3,4,-20,5,6,8,5,6,-20,3,17,6,-20,6,9,7,12,3,14,12,-20,-20,-20,5,6,-20,-20,-20,-20,9,6,-20,5,-20,9,-20,-20,5,-20,4,4,10,18,3,8,-20,15,14,4,-20,5,5,3,-20,4,12,-20,5,14,8,5,7,-20,15,9,-20,7,-20,8,6,6,9,3,-20,7,3,9,-20,-20,3,9,-20,7,4,7,6,6,-20,7,-20,-20,39,5,7,9,3,4,5,13,9,-20,11,4,6,11,-20,-20,3,9,7,-20,4,11,-20,8,3,4,-20,5,-20,15,7,4,5,12,4,-20,-20,15,3,6,6,5,4,13,-20,7,-20,3,11,-20,-20,4,-20,9,3,-20,3,4,-20,8,4,3,-20,-20,7,6,12,-20,6,7,7,5,-20,-20,-20,-20,-20,-20,-20,9,-20,-20,6,-20,11,5,6,-20,-20,3,-20,-20,-20,-20,-20,10,-20,7,-20,3,7,-20,4,5,8,15,8,8,5,-20,3,7,3,3,4,3,34,5,4,8,-20,16,8,5,-20,9,7,5,4,7,7,3,3,9,-20,-20,-20,6,3,-20,-20,-20,6,-20,-20,3,4,10,-20,10,4,-20,-20,9,6,6,7,4,-20,4,4,8,-20,4,7,4,8,-20,6,-20,7,4,-20,3,-20,7,5,-20,2,-20,-20,-20,-20,3,6,3,-20,-20,8,6,-20,4,-20,-20,-20,5,-20,5,5,-20,5,-20,4,-20,4,-20,-20,6,-20,7,5,6,3,8,10,-20,-20,7,-20,-20,7,-20,-20,13,15,8,11,14,18,18,24,18,112,56,49,40,20,31,29,22
"chr3,14742456",-20,3,-20,3,3,-20,3,-20,5,8,4,8,11,12,-20,13,19,12,38,36,21,-20,26,18,23,9,16,14,8,-20,-20,9,5,3,34,32,13,16,11,3,-20,15,5,-20,6,37,3,40,9,10,5,19,29,23,17,14,22,16,16,18,22,-20,11,14,21,31,18,21,-20,9,15,15,9,16,16,25,-20,7,3,8,-20,10,9,-20,3,20,-20,36,21,14,-20,19,29,-20,18,17,3,21,5,14,14,11,3,6,23,26,-20,20,-20,3,-20,-20,-20,-20,-20,-20,-20,-20,-20,4,-20,3,7,-20,6,-20,-20,-20,-20,-20,-20,3,-20,-20,-20,5,-20,3,-20,-20,3,4,-20,8,-20,4,3,-20,3,5,-20,4,9,7,15,7,3,-20,36,8,3,-20,-20,3,-20,-20,9,-20,-20,7,15,21,13,4,-20,10,5,9,5,88,7,-20,3,3,13,3,9,15,-20,6,6,8,3,-20,-20,9,19,9,15,7,-20,12,14,11,14,10,6,18,7,18,59,23,12,11,5,3,32,3,9,5,10,6,18,11,16,8,8,12,14,16,23,12,18,10,-20,8,14,12,5,7,14,7,4,11,5,10,7,10,9,11,8,9,8,7,7,-20,12,6,9,7,8,13,13,12,20,11,12,-20,21,13,12,14,9,17,18,8,22,-20,-20,40,-20,6,5,18,5,16,3,-20,-20,14,-20,7,3,10,20,14,14,-20,3,6,12,5,-20,-20,5,18,17,-20,-20,23,28,19,18,25,12,4,3,3,11,58,5,14,16,15,26,6,5,5,7,14,4,-20,-20,3,18,8,7,16,46,6,13,-20,9,-20,3,4,-20,7,7,7,6,5,-20,14,4,7,-20,-20,20,6,7,10,6,6,-20,6,-20,-20,4,-20,7,3,3,33,5,-20,4,51,4,12,6,-20,-20,4,15,6,11,14,-20,10,-20,8,4,-20,3,3,-20,3,42,5,-20,-20,-20,16,12,9,8,5,3,3,6,6,3,9,5,9,3,-20,-20,-20,7,5,6,5,-20,5,6,4,11,8,11,3,70,8,8,7,7,-20,-20,5,4,11,-20,4,-20,-20,-20,-20,3,6,31,15,3,-20,4,3,14,-20,11,3,3,14,7,-20,13,5,-20,4,10,-20,-20,-20,5,3,8,-20,8,6,29,23,15,12,7,5,3,-20,6,-20,4,-20,-20,-20,16,10,10,17,-20,13,4,5,-20,-20,-20,3,26,-20,-20,3,-20,-20,6,15,5,6,20,18,16,27,6,20,12,6,-20,23,22,6,-20,-20,4,-20,16,9,3,-20,22,6,-20,-20,8,-20,6,5,9,5,6,11,-20,9,-20,8,13,4,9,5,4,6,8,12,9,5,3,18,14,4,6,3,18,-20,43,-20,-20,-20,8,13,5,7,4,9,9,17,17,25,26,17,30,-20,6,12,7,20,7,5,14,8,3,8,5,14,4,10,3,16,18,20,18,6,5,32,5,6,9,8,14,9,-20,15,9,12,-20,4,-20,-20,-20,-20,27,22,16,26,24,9,11,15,-20,25,6,10,18,11,12,14,34,18,15,-20,-20,9,36,8,-20,3,-20,9,27,5,14,19,16,17,14,37,3,11,-20,36,8,20,10,9,4,6,6,5,4,8,5,8,3,22,8,6,-20,3,6,4,4,5,-20,10,3,4,4,-20,-20,14,6,4,-20,-20,6,9,4,7,-20,-20,-20,-20,-20,11,4,14,7,-20,8,-20,8,6,-20,5,5,9,8,-20,-20,-20,19,7,8,-20,-20,-20,8,5,6,-20,-20,4,-20,-20,5,5,5,11,9,9,-20,8,4,7,6,5,12,-20,4,5,7,10,8,5,10,8,7,4,-20,3,-20,5,8,9,-20,8,3,-20,5,5,7,-20,12,4,4,8,4,-20,8,6,-20,4,-20,6,-20,-20,6,7,5,4,6,7,4,6,3,-20,7,4,3,7,-20,4,-20,4,6,8,5,6,-20,3,17,6,6,4,9,7,12,3,14,10,-20,-20,-20,5,6,-20,-20,-20,-20,9,6,-20,5,-20,9,-20,-20,5,-20,4,4,10,17,3,8,-20,15,15,4,3,5,5,3,-20,4,12,-20,5,14,8,5,7,-20,15,8,-20,7,-20,7,6,6,9,4,-20,8,3,9,-20,3,3,9,-20,7,4,7,5,6,-20,7,-20,-20,43,5,7,9,3,4,5,13,9,-20,12,4,6,11,-20,7,3,9,7,-20,4,12,-20,8,3,4,7,-20,-20,14,7,4,5,12,4,-20,-20,15,3,6,6,5,4,13,-20,7,-20,3,11,-20,-20,4,-20,9,3,-20,3,4,-20,8,4,3,-20,-20,7,6,12,-20,6,6,7,5,-20,-20,-20,9,5,-20,-20,9,-20,-20,6,-20,11,5,6,-20,-20,3,-20,-20,-20,-20,-20,9,-20,7,-20,4,7,-20,4,5,8,13,8,8,5,-20,3,7,3,3,4,3,31,5,4,8,-20,15,8,5,-20,10,7,5,4,7,7,3,3,9,-20,-20,-20,6,3,7,-20,-20,6,-20,-20,3,4,10,-20,9,5,-20,-20,11,6,7,7,5,-20,4,4,-20,3,5,7,4,10,-20,5,4,7,-20,5,3,-20,7,5,-20,3,-20,-20,7,-20,3,8,3,4,-20,9,6,3,4,-20,-20,-20,6,3,5,-20,-20,7,5,4,-20,5,-20,7,5,-20,7,5,4,3,8,10,-20,4,8,-20,-20,8,-20,-20,16,15,10,13,14,20,19,26,19,106,56,-20,41,23,34,28,22
"chr3,14742457",-20,3,-20,3,3,-20,3,-20,5,-20,4,8,12,14,11,13,20,13,40,38,22,-20,27,19,23,9,16,14,8,-20,-20,10,6,3,35,32,13,15,11,3,4,15,6,-20,7,38,3,40,9,11,5,19,30,23,18,14,22,17,17,18,22,22,10,15,21,32,18,22,22,9,15,17,9,17,16,25,16,7,3,8,5,11,9,-20,3,21,16,41,23,15,8,20,28,14,18,19,3,23,5,14,14,12,3,6,23,26,-20,19,19,3,-20,-20,-20,-20,-20,-20,-20,-20,-20,4,6,3,7,-20,6,-20,-20,-20,-20,-20,-20,3,-20,-20,-20,6,-20,3,-20,-20,-20,4,3,8,-20,-20,3,-20,3,5,3,4,9,8,15,7,3,-20,36,10,3,-20,-20,3,-20,4,9,-20,-20,7,15,21,15,5,-20,10,5,9,6,88,8,8,3,4,14,3,10,15,-20,6,6,8,3,3,-20,9,18,9,15,6,-20,12,14,13,14,10,6,18,7,19,59,22,12,11,5,3,32,4,9,5,10,6,21,11,16,9,8,12,15,17,24,11,21,10,-20,8,15,12,5,8,14,7,4,11,5,10,10,12,9,11,9,9,8,7,7,7,14,6,10,7,8,13,13,12,21,11,13,9,23,13,12,16,9,18,18,9,23,22,14,42,-20,6,5,18,5,16,3,-20,-20,17,-20,8,3,12,22,14,14,-20,3,6,12,5,-20,-20,5,19,18,-20,23,25,29,19,19,26,12,4,3,3,11,59,5,14,17,15,27,6,5,6,7,14,4,6,-20,3,20,7,6,16,46,6,13,-20,9,-20,3,4,-20,7,8,6,6,6,-20,14,4,8,-20,-20,21,6,6,10,6,6,-20,6,-20,-20,4,-20,-20,3,3,32,5,-20,4,53,4,13,6,-20,-20,4,15,6,11,14,-20,10,-20,8,4,3,-20,3,-20,3,44,5,3,-20,-20,17,13,9,8,5,3,3,6,6,3,10,5,9,3,-20,-20,-20,7,5,5,5,3,5,7,4,11,8,11,3,71,8,8,7,7,3,-20,6,4,11,-20,4,-20,-20,6,-20,3,6,31,15,3,-20,4,3,14,-20,11,3,3,16,7,3,14,5,-20,4,10,-20,2,-20,5,-20,-20,-20,9,6,31,26,16,12,8,5,3,-20,6,-20,5,-20,-20,-20,16,12,10,17,-20,13,4,5,-20,-20,-20,3,27,-20,-20,3,-20,-20,6,16,5,6,24,18,18,30,6,21,12,6,-20,23,22,6,-20,14,4,3,16,10,3,-20,22,6,-20,-20,9,-20,6,5,10,5,6,11,-20,9,-20,9,13,4,9,5,4,6,8,12,9,5,3,18,14,4,6,3,19,-20,43,-20,-20,-20,8,13,5,8,4,9,9,17,17,24,27,17,32,13,6,13,7,21,7,5,14,8,3,8,5,14,4,11,3,16,18,20,18,6,5,32,5,7,9,8,14,9,-20,15,9,12,-20,4,-20,15,12,-20,28,22,16,26,25,9,11,14,7,25,6,11,18,12,14,14,36,20,15,2,7,10,37,8,-20,4,4,9,28,6,14,18,17,17,15,39,3,11,3,41,10,22,11,13,6,6,6,6,4,8,5,8,3,22,8,6,7,3,6,4,4,5,-20,11,3,4,4,-20,-20,14,6,4,-20,-20,6,9,4,7,-20,-20,-20,-20,10,11,4,14,7,-20,-20,-20,8,6,-20,5,5,9,8,-20,-20,-20,19,7,8,-20,-20,-20,8,-20,6,-20,-20,4,-20,-20,5,5,5,11,9,9,-20,8,4,7,6,5,13,-20,4,5,7,10,8,5,10,8,7,4,-20,4,-20,5,8,9,-20,8,3,-20,5,5,7,-20,12,4,4,8,4,-20,8,6,-20,-20,-20,6,-20,-20,6,7,5,4,6,7,4,6,3,-20,7,4,3,7,4,4,-20,4,6,8,5,6,-20,3,17,6,6,4,9,7,12,3,14,9,-20,-20,-20,5,6,-20,-20,-20,-20,9,6,-20,5,-20,9,-20,-20,5,-20,4,4,10,17,3,8,-20,15,15,4,3,5,6,3,-20,4,12,-20,5,14,8,5,7,-20,15,8,-20,7,-20,7,6,6,9,4,-20,8,3,9,-20,3,3,9,-20,7,4,7,5,6,-20,7,-20,-20,43,5,7,9,3,4,5,13,9,-20,12,4,6,11,-20,7,3,9,7,-20,4,12,9,8,3,4,7,5,-20,15,7,4,5,12,-20,-20,-20,15,3,6,6,5,4,13,-20,7,-20,3,11,-20,-20,4,-20,9,3,-20,3,4,-20,8,4,3,3,-20,7,6,12,-20,6,6,7,5,-20,-20,-20,9,5,-20,-20,9,-20,-20,6,-20,11,6,6,-20,-20,3,-20,-20,-20,-20,-20,9,-20,7,-20,4,7,-20,5,5,8,13,8,8,5,-20,3,7,3,-20,4,3,32,5,4,8,-20,15,8,5,-20,10,7,5,4,7,7,3,3,9,-20,-20,-20,6,3,7,-20,-20,6,-20,-20,3,4,10,-20,9,5,-20,-20,10,6,7,7,5,-20,5,4,-20,3,5,6,4,11,3,6,-20,9,3,5,3,-20,7,7,-20,3,3,-20,7,-20,3,7,3,-20,-20,11,6,3,4,-20,-20,-20,6,4,6,4,-20,7,5,6,-20,4,10,8,7,-20,7,-20,5,4,8,10,-20,4,-20,-20,-20,7,-20,-20,16,16,11,13,14,20,22,26,19,112,56,52,42,24,34,28,22
"chr3,14742462",-20,3,-20,3,3,-20,3,-20,5,8,4,9,14,15,13,14,23,17,43,38,25,-20,28,19,24,10,20,15,9,2,3,11,7,3,39,31,15,15,9,3,4,15,7,-20,9,40,3,45,10,12,9,17,30,24,20,15,27,16,19,20,22,22,11,15,22,35,17,27,27,11,17,17,7,19,21,27,17,7,3,7,5,13,10,-20,3,24,16,44,23,15,10,20,30,16,23,22,4,26,5,13,16,16,4,7,24,29,-20,20,24,3,-20,-20,-20,-20,-20,-20,-20,-20,-20,3,6,3,7,-20,5,-20,-20,-20,-20,-20,-20,3,-20,-20,-20,6,-20,3,-20,3,3,4,3,8,-20,-20,3,-20,3,5,3,4,8,9,16,8,3,5,40,13,3,-20,-20,3,-20,4,-20,-20,-20,8,16,28,20,8,3,12,4,11,6,91,15,13,4,5,15,4,12,16,3,6,6,8,5,4,-20,14,18,9,16,5,7,15,14,19,17,11,8,19,9,19,61,26,14,15,7,5,35,7,14,6,11,7,21,12,18,10,11,23,16,19,28,14,23,14,-20,8,18,12,7,9,14,12,5,13,8,10,12,15,14,13,14,14,9,8,8,10,19,11,11,9,9,13,15,14,21,13,16,9,26,15,12,19,14,20,22,12,24,39,18,42,-20,6,7,18,4,18,3,-20,5,17,-20,14,4,11,24,15,15,-20,3,6,12,5,-20,-20,5,19,22,-20,23,26,30,19,25,29,11,6,-20,3,12,64,8,14,16,14,27,6,5,8,7,15,5,-20,-20,3,21,7,6,18,50,7,14,-20,9,-20,4,5,-20,7,10,7,6,6,-20,13,4,8,-20,-20,22,6,6,11,6,6,3,6,-20,-20,5,-20,7,3,4,33,5,3,4,54,5,14,6,-20,3,4,15,7,10,15,-20,11,4,10,4,3,3,3,-20,-20,48,5,2,-20,-20,21,14,9,8,6,3,4,7,7,3,12,5,9,3,-20,5,-20,7,5,5,5,3,5,8,5,12,9,12,3,75,8,12,7,8,4,-20,6,5,11,-20,4,-20,-20,8,-20,3,6,35,16,3,-20,5,3,14,-20,11,4,3,17,9,3,22,5,-20,4,10,-20,2,-20,5,4,10,-20,-20,6,35,28,16,18,9,5,4,-20,6,-20,5,-20,-20,-20,19,13,10,23,-20,13,4,7,-20,-20,3,3,27,-20,-20,5,-20,-20,5,16,5,6,25,20,19,31,6,21,12,6,-20,23,23,6,-20,16,4,3,17,11,3,-20,24,7,-20,-20,9,-20,6,5,18,5,4,12,2,9,4,11,20,4,14,5,5,6,10,12,11,6,3,18,18,9,6,-20,21,-20,46,-20,4,4,8,13,8,8,4,10,11,19,20,25,27,19,32,12,8,12,7,21,7,5,15,8,3,8,4,14,4,11,3,16,18,20,18,6,5,34,5,7,9,9,15,9,-20,14,9,12,-20,4,-20,19,21,7,30,26,18,29,28,14,13,14,10,26,8,14,20,20,23,16,40,20,16,2,12,13,49,10,6,4,7,10,30,10,15,26,23,18,18,26,5,13,5,47,12,24,13,17,11,8,6,6,4,8,5,8,4,22,9,6,7,3,6,4,4,5,-20,10,3,4,4,-20,-20,13,5,4,3,4,6,9,4,7,-20,-20,-20,-20,10,11,4,14,7,4,8,-20,8,6,-20,5,5,10,8,-20,-20,-20,19,7,8,-20,3,-20,8,5,6,-20,-20,4,-20,-20,5,5,4,11,9,9,-20,8,4,7,6,6,13,-20,4,5,7,10,9,5,10,8,8,4,-20,4,6,5,8,9,3,9,3,3,5,5,7,-20,12,4,4,8,4,-20,8,6,-20,4,-20,6,-20,-20,6,7,5,4,6,7,4,6,3,-20,7,4,3,8,4,4,-20,4,6,8,5,6,-20,4,17,6,6,4,9,7,12,4,15,9,-20,-20,-20,5,6,-20,-20,-20,-20,9,6,-20,5,-20,9,-20,5,5,-20,4,4,10,17,3,9,-20,15,15,4,3,5,6,3,-20,4,12,-20,5,14,8,5,7,-20,15,8,-20,7,-20,7,6,6,9,4,-20,8,3,9,-20,3,3,9,-20,7,3,7,5,6,-20,7,-20,-20,45,4,7,9,3,4,5,13,9,-20,12,4,6,11,-20,7,3,9,7,-20,4,12,9,8,3,4,7,5,-20,15,7,4,5,12,4,-20,-20,15,3,6,6,5,3,13,-20,7,-20,3,11,-20,-20,4,-20,9,3,-20,3,4,8,8,4,3,3,-20,7,6,12,-20,6,6,7,5,-20,-20,-20,9,5,-20,7,7,-20,-20,6,-20,11,6,6,-20,-20,3,-20,-20,-20,-20,-20,9,-20,7,-20,4,7,-20,5,5,8,13,7,8,6,-20,3,7,3,3,4,3,30,6,4,8,5,15,8,5,-20,10,7,5,4,8,6,3,3,9,-20,-20,-20,6,3,7,-20,-20,6,-20,-20,3,4,10,-20,9,5,-20,-20,10,6,9,9,5,-20,-20,-20,10,3,8,7,4,11,6,8,5,10,4,6,4,-20,8,6,-20,5,3,-20,7,3,2,-20,-20,6,-20,13,4,-20,3,-20,-20,-20,8,6,7,-20,-20,9,4,8,4,5,12,8,8,-20,8,-20,9,-20,8,8,-20,6,9,-20,3,10,-20,9,18,16,12,14,15,18,22,29,20,114,56,56,43,29,39,27,23
"chr3,14742465",-20,3,-20,3,3,-20,3,-20,5,8,4,9,13,14,13,14,22,18,45,36,26,-20,28,20,25,10,19,15,9,2,3,11,7,3,38,32,15,15,10,3,4,17,9,-20,9,40,3,45,10,15,9,19,33,24,-20,15,26,16,19,20,21,21,12,17,22,36,17,26,26,11,18,17,8,19,22,28,16,7,3,7,5,14,10,-20,3,24,17,42,23,16,10,22,30,16,25,22,4,27,5,14,16,18,4,7,25,30,-20,20,26,3,-20,-20,-20,-20,-20,-20,-20,-20,-20,3,-20,3,7,-20,5,-20,-20,-20,-20,-20,-20,3,-20,-20,-20,6,-20,3,-20,4,3,4,3,8,-20,3,3,-20,-20,5,3,4,12,12,17,8,4,5,40,13,3,-20,-20,3,-20,4,9,-20,4,8,16,29,26,8,3,15,5,13,8,91,18,18,5,6,26,4,20,16,4,6,7,8,5,5,3,15,20,12,21,6,8,15,16,21,17,12,8,20,9,18,61,27,18,16,9,5,35,7,14,6,11,8,24,11,18,10,11,23,17,19,29,14,23,14,-20,8,22,11,10,9,14,14,6,13,9,10,17,16,15,13,14,18,9,10,10,14,19,12,12,11,10,11,22,15,22,13,16,9,28,18,12,23,19,20,30,13,25,38,19,42,7,7,7,19,3,24,3,-20,5,17,3,14,4,13,32,15,24,-20,3,6,13,5,-20,-20,5,20,23,-20,22,27,30,19,25,29,11,6,-20,3,13,66,8,14,14,14,29,6,4,10,6,16,5,6,-20,3,22,7,6,17,50,7,15,-20,9,-20,4,5,-20,7,-20,8,6,6,-20,12,4,7,-20,-20,24,8,6,11,6,6,3,6,-20,-20,5,-20,7,3,4,34,5,4,4,54,6,13,6,-20,3,4,15,7,10,17,-20,12,4,10,5,3,3,3,-20,5,49,5,2,-20,-20,20,14,9,8,6,3,4,6,7,-20,12,5,9,3,-20,6,-20,7,5,5,5,3,6,10,5,12,9,12,4,72,9,13,8,8,4,-20,6,5,11,-20,4,-20,-20,9,-20,3,6,35,17,3,-20,5,3,14,-20,11,4,3,17,9,3,24,5,-20,5,10,-20,2,-20,5,4,10,-20,10,6,35,27,16,20,10,5,4,-20,6,-20,5,-20,-20,4,21,13,10,24,-20,13,4,9,5,-20,3,-20,28,-20,-20,5,5,3,5,15,5,6,27,21,19,29,6,21,13,6,-20,23,24,6,-20,14,4,3,17,12,8,3,23,7,-20,-20,9,-20,7,5,20,5,4,12,3,9,4,17,22,4,18,5,4,6,10,13,11,7,4,18,19,11,6,3,21,-20,46,-20,4,5,8,14,11,8,5,12,13,18,20,26,29,21,32,13,-20,10,7,20,7,5,15,8,3,7,4,14,4,11,3,15,18,19,18,5,5,34,5,7,9,9,15,9,-20,14,9,12,-20,4,-20,20,20,7,31,26,18,33,28,16,13,17,11,26,8,19,19,25,23,17,47,21,18,3,16,16,58,10,10,6,7,11,29,10,17,26,27,19,23,28,5,17,7,49,14,28,13,19,12,9,6,6,4,8,5,8,4,21,9,6,7,3,5,5,4,5,3,11,3,4,4,-20,-20,13,5,4,3,4,6,9,4,7,-20,-20,-20,-20,9,11,4,15,7,4,9,-20,8,6,-20,5,5,12,7,-20,-20,-20,20,7,8,-20,3,-20,8,5,6,-20,-20,4,-20,-20,5,5,4,11,9,9,-20,7,4,7,6,6,13,-20,4,5,7,10,9,5,10,8,8,4,-20,4,6,5,8,9,3,9,3,3,5,5,7,-20,12,4,4,8,4,-20,8,6,-20,4,-20,6,-20,-20,6,7,5,4,6,7,4,6,3,-20,7,4,-20,-20,4,4,-20,5,6,8,5,5,-20,4,15,6,6,7,9,7,12,5,15,9,-20,-20,-20,5,6,-20,-20,-20,-20,9,6,-20,5,-20,11,-20,5,6,-20,4,4,10,16,3,9,-20,15,15,4,3,5,6,3,-20,4,12,-20,5,14,8,5,7,-20,15,8,-20,7,-20,7,6,6,9,4,-20,8,3,9,-20,3,3,9,-20,7,3,7,5,6,-20,7,-20,-20,46,4,7,9,3,5,5,14,9,-20,11,4,6,10,-20,7,3,8,7,3,3,12,9,8,-20,4,6,5,-20,15,7,4,5,12,3,-20,-20,15,3,6,6,5,3,13,-20,7,-20,3,12,-20,-20,4,4,11,3,-20,3,3,8,8,4,3,3,-20,6,5,11,-20,6,6,7,5,3,-20,-20,-20,5,-20,7,6,-20,-20,6,-20,10,6,6,-20,-20,3,-20,-20,-20,-20,-20,9,-20,7,-20,3,8,-20,5,4,7,13,7,8,6,-20,3,6,3,-20,4,3,30,6,4,8,5,15,8,5,-20,10,7,5,4,8,6,3,3,9,-20,-20,-20,7,3,8,-20,-20,6,-20,-20,3,4,10,-20,9,5,-20,-20,10,6,10,9,5,-20,-20,-20,9,3,9,8,4,12,-20,8,-20,11,4,7,4,-20,8,5,-20,5,-20,-20,5,4,3,-20,-20,7,-20,13,4,4,4,-20,-20,-20,6,8,7,6,-20,-20,4,8,7,5,9,10,11,-20,7,7,9,4,7,10,-20,6,-20,-20,3,8,-20,9,19,17,12,13,16,18,22,29,22,106,56,56,42,31,39,26,23
"chr3,14742467",-20,3,-20,3,3,-20,3,-20,5,8,5,9,15,14,13,14,23,18,48,36,26,-20,27,20,25,10,19,14,9,2,3,12,7,3,39,32,16,15,9,3,4,17,-20,-20,10,40,3,46,10,13,9,20,33,23,20,15,26,16,19,20,20,22,12,16,22,38,17,27,27,11,18,18,9,19,22,27,15,7,4,7,5,15,10,-20,3,24,17,41,23,16,11,21,30,17,26,22,4,27,6,15,15,18,4,7,25,29,-20,20,25,4,-20,-20,-20,-20,-20,-20,-20,-20,-20,4,6,3,7,-20,5,-20,-20,-20,-20,-20,-20,3,-20,-20,-20,6,-20,3,-20,4,3,4,3,8,-20,3,3,-20,3,6,4,5,12,13,17,8,4,5,40,-20,3,-20,3,3,-20,4,9,-20,4,8,16,29,22,9,-20,-20,-20,14,-20,91,-20,-20,5,-20,25,4,-20,20,4,6,11,8,5,5,3,14,20,12,-20,6,10,16,16,-20,17,11,8,22,9,18,61,26,18,14,10,-20,35,7,-20,6,11,8,25,12,19,10,-20,20,17,19,28,14,24,14,-20,8,24,10,-20,-20,14,13,6,13,-20,9,-20,16,14,12,-20,19,9,10,9,14,-20,-20,11,11,10,10,23,17,22,13,16,9,28,19,12,-20,-20,20,-20,13,28,39,18,42,7,7,6,19,3,23,3,-20,5,-20,3,14,4,13,35,15,25,-20,3,7,14,5,-20,-20,5,20,25,-20,22,27,31,19,26,29,11,7,3,4,13,66,9,14,13,14,29,6,4,-20,6,16,5,6,-20,3,22,7,6,17,50,7,15,-20,8,-20,4,5,-20,7,10,9,6,6,-20,12,4,7,-20,-20,-20,8,6,13,7,6,3,6,-20,-20,5,-20,7,3,4,34,5,4,4,53,6,13,6,-20,3,4,-20,7,10,17,-20,13,4,10,5,3,3,3,-20,5,49,4,2,-20,-20,20,14,9,8,5,3,4,6,7,-20,12,5,9,3,-20,6,-20,7,4,5,5,3,6,11,5,12,9,13,4,73,9,14,8,8,4,-20,6,5,12,-20,4,-20,-20,9,-20,3,7,35,17,3,-20,5,3,16,-20,11,4,3,18,9,4,26,5,-20,5,10,-20,2,3,5,4,10,3,11,6,34,27,16,-20,10,5,4,-20,6,-20,5,-20,-20,4,21,13,10,25,-20,13,4,9,5,-20,3,-20,29,-20,-20,5,5,3,5,15,5,6,27,22,19,31,6,21,15,6,-20,22,24,6,-20,15,4,3,18,11,-20,3,23,7,-20,-20,9,-20,9,-20,-20,5,4,12,-20,9,4,-20,24,4,18,5,4,6,10,13,11,7,4,19,18,-20,6,3,21,-20,45,-20,4,5,8,14,11,8,5,12,13,19,20,26,31,21,32,13,9,11,7,22,7,5,15,8,3,7,5,14,5,10,3,15,18,19,18,5,5,36,4,7,9,10,15,10,-20,15,12,13,-20,4,-20,-20,-20,7,31,25,18,34,28,16,14,17,13,26,8,-20,20,25,-20,17,48,20,18,3,-20,-20,-20,9,-20,6,-20,11,31,-20,18,-20,27,20,-20,30,5,-20,-20,53,-20,-20,13,20,12,9,6,6,4,8,6,9,4,21,9,6,7,4,6,5,4,5,3,11,3,4,4,-20,-20,12,5,4,4,4,6,9,4,7,-20,-20,3,-20,10,11,5,15,7,-20,9,-20,8,6,3,6,5,11,7,-20,-20,-20,20,7,8,-20,5,-20,8,6,8,-20,3,4,-20,-20,5,5,6,11,9,9,-20,7,4,7,6,7,12,-20,4,6,8,10,9,5,11,9,8,4,-20,4,6,5,8,9,5,9,3,4,6,5,7,-20,11,4,4,10,6,-20,9,6,-20,4,-20,7,-20,3,7,7,5,4,6,7,4,6,3,-20,7,5,3,8,4,4,-20,5,6,11,5,5,3,6,16,6,6,7,9,7,12,5,14,9,-20,-20,-20,5,6,-20,-20,-20,-20,10,6,3,5,-20,11,-20,5,6,-20,4,4,11,15,3,11,-20,15,15,4,4,5,7,3,-20,4,12,-20,5,16,9,5,-20,-20,15,9,-20,6,-20,8,8,6,10,5,-20,8,3,9,-20,3,3,9,-20,7,4,8,5,6,-20,8,-20,-20,46,4,7,10,3,6,6,14,9,-20,11,4,7,11,-20,7,6,8,7,4,3,12,9,8,4,4,6,5,-20,15,8,4,5,13,6,-20,-20,14,4,7,6,5,3,13,-20,8,-20,3,12,-20,-20,4,4,11,3,4,3,4,8,10,4,3,4,3,6,-20,10,-20,6,6,7,5,3,-20,3,9,5,-20,7,6,-20,-20,7,-20,10,6,6,3,-20,3,-20,-20,-20,-20,3,9,-20,7,3,3,10,-20,6,4,7,13,7,12,6,-20,3,6,3,-20,3,5,32,6,4,8,5,15,8,5,6,10,7,5,4,8,6,3,3,9,-20,3,-20,7,3,7,-20,-20,6,-20,-20,4,4,10,-20,9,5,-20,-20,11,6,9,12,4,-20,-20,-20,11,3,9,6,-20,14,-20,9,-20,13,4,-20,4,7,-20,6,-20,5,-20,-20,7,5,2,-20,-20,7,-20,-20,3,4,5,-20,-20,-20,6,-20,8,5,-20,9,4,5,8,5,-20,10,12,-20,6,6,9,4,7,10,-20,5,9,-20,3,13,-20,9,22,16,12,13,15,18,22,29,23,100,56,57,41,31,40,27,23
"chr3,14742472",-20,3,-20,3,3,2,3,-20,5,8,5,9,15,16,15,15,24,19,48,37,27,-20,29,20,27,12,19,15,10,3,3,12,6,3,41,35,17,16,9,4,5,17,13,8,14,42,3,47,10,14,13,22,33,23,21,16,25,17,18,21,21,24,14,18,22,39,17,29,30,12,19,19,10,20,22,30,15,7,4,7,5,16,13,-20,3,25,20,44,26,17,13,24,31,16,27,23,4,27,6,21,16,18,3,7,27,29,-20,21,24,4,-20,-20,-20,-20,-20,-20,-20,-20,-20,4,6,3,9,-20,5,-20,-20,-20,-20,-20,-20,3,-20,-20,-20,6,-20,3,-20,4,3,4,3,8,-20,3,3,-20,3,6,4,7,13,13,18,8,5,5,35,15,3,-20,3,3,-20,4,9,-20,4,11,15,30,25,10,6,18,5,14,8,87,20,19,7,-20,27,4,21,21,14,6,11,-20,5,5,3,18,20,10,23,5,10,17,17,22,17,15,10,22,9,18,64,27,20,17,11,9,34,7,14,6,13,9,22,13,20,12,15,27,16,19,30,14,24,14,-20,8,25,8,12,10,14,15,10,16,10,9,18,17,15,11,16,20,9,10,15,15,20,12,12,12,11,10,23,17,27,13,18,7,36,20,14,24,24,22,32,15,29,47,19,48,7,7,8,19,3,31,3,-20,5,17,3,14,5,16,35,18,25,-20,3,7,16,5,-20,-20,6,21,25,-20,24,29,33,19,27,30,10,7,3,5,13,66,9,14,14,15,28,6,4,10,6,18,5,7,-20,3,22,7,6,19,53,7,12,-20,8,-20,4,5,-20,7,10,9,6,6,-20,12,4,7,-20,-20,28,8,7,13,6,6,3,6,-20,3,5,-20,8,3,4,34,3,4,5,52,7,13,6,-20,3,6,18,7,8,20,-20,15,5,10,6,3,3,3,3,5,51,4,-20,-20,-20,18,14,9,8,4,3,4,6,7,-20,12,7,8,3,-20,6,-20,-20,5,5,5,3,6,16,4,12,9,14,4,78,9,20,8,9,4,-20,6,7,13,-20,4,-20,3,10,5,3,7,35,16,3,3,5,3,16,4,12,3,4,17,9,4,28,6,-20,6,10,-20,2,3,5,4,10,3,11,6,35,29,16,21,10,5,5,5,6,-20,7,-20,-20,4,25,16,10,30,-20,13,5,10,6,-20,3,-20,33,-20,-20,5,5,4,6,16,6,8,28,26,21,32,7,21,14,6,3,22,25,6,-20,17,4,3,20,13,-20,3,23,7,-20,-20,9,-20,9,5,20,6,5,12,3,12,4,20,28,4,18,6,4,6,10,13,12,7,4,19,20,13,6,3,21,-20,46,-20,4,5,8,15,14,8,5,13,14,20,20,28,31,23,34,14,9,10,7,21,7,5,15,8,3,7,5,14,5,10,3,15,18,18,18,5,5,36,4,8,8,11,15,10,-20,15,12,14,-20,5,-20,25,23,8,31,29,19,35,27,18,15,16,13,26,8,21,20,31,22,19,51,21,18,3,20,25,65,9,10,7,8,10,32,12,18,28,28,21,28,28,5,24,10,61,15,29,14,21,13,9,6,7,4,8,6,10,4,18,9,7,8,4,6,5,4,6,5,12,3,4,4,2,2,13,5,4,4,4,6,9,4,8,-20,-20,4,-20,11,12,5,14,7,5,9,-20,8,6,3,6,6,10,7,-20,-20,-20,19,7,9,-20,6,-20,8,6,10,-20,3,4,3,-20,5,6,6,11,9,10,-20,8,4,8,6,7,12,-20,5,6,8,10,9,7,11,9,11,4,-20,4,6,5,8,9,5,8,3,5,6,5,6,2,11,4,4,10,6,-20,9,6,-20,4,3,8,-20,3,7,7,5,4,6,7,4,6,3,-20,7,5,3,8,4,4,-20,5,6,12,5,6,3,6,16,6,6,6,9,7,12,5,14,9,-20,-20,-20,5,6,-20,-20,-20,-20,10,6,4,5,-20,11,4,5,6,6,4,4,11,15,3,11,-20,15,14,5,4,5,7,3,-20,6,11,-20,5,16,9,5,7,-20,16,9,-20,6,-20,8,8,6,10,5,-20,8,3,9,-20,3,3,9,-20,7,4,7,5,6,-20,8,-20,-20,46,4,-20,10,3,5,6,14,10,-20,13,4,7,11,-20,9,6,8,7,4,3,14,9,10,5,3,6,5,-20,15,8,4,5,14,7,-20,-20,15,4,8,7,5,4,13,-20,8,-20,3,12,-20,-20,5,4,11,3,5,3,4,9,11,4,3,4,3,7,5,13,-20,6,6,8,5,3,-20,3,9,5,-20,7,7,4,-20,7,-20,10,6,6,3,-20,3,-20,-20,-20,-20,3,9,-20,7,3,3,11,-20,6,4,7,13,7,12,7,-20,3,5,4,-20,3,4,35,6,4,8,5,15,8,5,7,10,6,5,4,9,6,3,3,10,-20,3,-20,7,2,8,-20,-20,6,-20,-20,4,5,10,-20,9,5,-20,-20,10,6,12,12,6,-20,-20,-20,10,5,12,9,6,14,9,10,7,18,-20,9,3,8,10,5,-20,7,6,4,7,9,-20,-20,-20,11,5,12,5,3,6,-20,-20,2,13,13,-20,6,-20,13,6,9,12,6,12,10,13,6,6,8,10,7,11,10,-20,8,12,-20,5,14,7,9,25,16,14,14,16,18,21,28,25,105,56,53,42,29,41,28,21
"chr3,14742479",-20,3,-20,3,3,2,3,2,5,8,5,9,15,16,17,17,22,22,53,39,33,-20,28,20,27,12,21,18,11,3,3,14,6,5,45,38,17,18,11,6,5,18,16,8,14,43,3,49,10,16,14,24,37,24,20,14,26,17,19,21,23,24,16,19,22,38,19,30,32,12,19,18,10,20,22,31,15,7,4,7,5,17,13,3,4,24,21,45,27,21,15,26,31,20,26,21,4,29,7,21,17,19,3,7,28,28,-20,23,26,4,-20,-20,-20,-20,-20,-20,-20,-20,-20,4,8,3,9,-20,6,-20,-20,-20,-20,-20,-20,3,-20,-20,-20,6,-20,3,-20,4,3,4,3,8,-20,-20,3,-20,-20,6,4,-20,15,14,19,7,5,5,35,15,3,-20,3,3,-20,4,8,-20,3,12,17,35,29,11,6,23,5,15,9,89,21,20,8,6,28,7,22,25,14,6,14,10,5,5,4,20,21,10,26,4,10,17,18,24,20,15,10,22,9,19,64,29,20,17,12,9,32,7,17,6,14,11,23,13,21,18,15,29,18,19,31,13,24,19,-20,8,26,12,13,12,14,17,10,16,9,9,19,19,15,11,18,23,9,14,18,18,20,12,17,14,13,9,24,20,27,14,19,9,35,20,16,26,24,21,33,16,29,49,24,51,7,8,7,19,3,32,-20,-20,7,18,4,14,5,17,38,27,31,-20,3,7,17,5,-20,-20,6,21,28,-20,26,30,31,21,28,31,9,7,3,5,13,66,9,13,15,15,29,8,5,10,6,18,6,-20,-20,3,22,7,7,21,51,7,13,-20,8,-20,4,5,-20,8,10,9,6,6,-20,11,-20,7,-20,-20,29,11,6,14,6,7,4,6,-20,4,6,-20,9,3,4,34,4,5,5,49,7,12,7,-20,3,8,19,7,8,-20,-20,19,5,11,6,3,3,3,3,5,52,5,-20,-20,-20,16,14,9,7,4,3,4,6,7,3,12,7,7,3,-20,6,3,8,5,4,5,3,8,17,4,12,9,14,5,80,9,19,8,9,4,3,7,7,15,3,4,-20,3,11,5,3,8,35,17,3,3,5,3,15,5,13,3,4,18,8,4,29,5,-20,6,10,3,2,3,5,3,8,4,10,8,36,29,16,27,9,6,4,5,6,-20,8,-20,3,4,23,16,10,31,-20,13,5,10,7,-20,3,-20,32,-20,-20,5,7,4,7,17,5,9,29,27,22,34,7,22,19,6,3,21,25,7,-20,21,4,7,20,14,10,4,23,7,-20,3,10,-20,9,5,20,6,5,12,3,12,3,21,29,4,20,5,5,6,10,13,12,7,4,19,24,12,6,-20,21,-20,46,-20,4,6,10,15,14,8,5,14,14,22,20,31,33,25,36,16,9,-20,6,20,7,4,15,7,3,6,5,12,5,11,3,15,19,18,16,5,5,32,-20,8,5,11,9,10,-20,12,10,12,-20,5,-20,28,24,8,33,28,19,37,26,21,15,16,14,26,10,24,20,34,25,19,52,23,19,4,23,26,66,11,11,9,10,11,32,16,24,29,32,22,30,28,5,30,12,62,16,28,17,21,13,14,6,8,5,7,8,12,5,17,11,7,9,4,6,6,6,7,5,12,5,4,5,3,-20,12,5,3,4,5,6,9,7,8,-20,-20,4,2,10,14,5,13,7,5,9,3,8,7,3,8,6,10,7,2,-20,-20,20,8,10,-20,6,-20,8,5,9,-20,3,4,3,-20,5,6,-20,10,9,10,-20,-20,8,8,6,7,11,-20,5,6,9,10,9,7,11,9,10,4,-20,4,7,6,8,-20,6,8,4,6,5,6,5,3,11,5,4,10,6,-20,9,7,-20,4,3,8,-20,4,7,7,5,4,7,8,4,5,3,-20,8,6,3,8,4,4,-20,4,6,11,6,5,3,7,11,7,6,6,9,7,14,4,15,7,3,-20,-20,7,7,-20,-20,-20,-20,11,6,4,5,-20,12,5,6,7,8,4,5,12,16,3,11,-20,13,13,5,4,5,7,3,-20,7,11,-20,5,17,8,5,7,-20,12,5,-20,6,-20,8,9,6,11,5,-20,8,3,9,-20,4,3,9,-20,6,4,7,5,6,3,7,-20,-20,48,4,7,11,4,5,6,15,11,-20,13,5,10,13,-20,10,6,8,7,4,3,14,10,9,6,3,6,6,-20,17,8,4,6,15,7,-20,-20,14,5,9,7,5,4,11,-20,8,-20,3,10,-20,3,6,4,10,3,5,2,4,9,14,4,3,5,3,6,5,14,-20,8,7,6,5,3,-20,3,9,5,-20,7,7,4,-20,7,-20,10,6,6,3,-20,4,-20,-20,-20,-20,3,9,-20,7,3,3,11,-20,6,6,6,13,7,14,7,-20,3,5,4,-20,3,4,33,6,4,6,5,17,8,7,8,10,6,5,4,9,5,4,3,15,-20,3,3,8,3,8,-20,-20,7,-20,-20,4,5,9,-20,8,6,-20,-20,-20,5,12,8,7,6,-20,5,16,5,13,10,-20,16,-20,11,7,21,3,12,4,9,10,5,-20,7,7,3,-20,12,-20,-20,-20,10,5,12,7,5,9,-20,-20,3,17,15,-20,5,-20,18,6,8,13,8,13,13,19,13,6,8,10,9,12,10,-20,11,14,3,7,18,7,11,27,15,14,14,17,17,21,29,28,114,56,59,46,30,43,29,23
"chr3,14742481",-20,3,-20,-20,3,2,3,2,5,8,5,9,15,18,17,18,22,22,54,39,33,-20,28,21,28,12,21,18,11,3,3,14,6,5,45,38,17,18,11,6,5,18,18,8,15,42,4,49,10,16,14,24,37,24,22,14,28,17,20,21,24,24,16,17,22,38,20,31,31,12,19,18,10,20,21,30,14,7,4,7,5,18,13,3,4,27,23,45,27,21,15,26,31,20,26,21,4,30,7,21,17,19,3,7,28,28,-20,23,28,4,-20,-20,-20,-20,-20,-20,-20,-20,-20,5,8,3,9,-20,7,-20,-20,-20,-20,-20,-20,3,-20,-20,-20,6,-20,3,-20,-20,3,4,3,8,-20,-20,3,-20,3,6,4,8,15,14,19,8,5,5,35,15,3,-20,3,3,-20,4,8,-20,2,14,19,36,29,13,6,23,5,16,9,86,21,20,8,7,28,7,24,26,14,6,14,11,5,5,4,20,21,11,26,-20,10,17,18,24,20,13,10,22,9,19,64,29,21,18,12,9,31,7,18,6,14,11,25,15,21,18,15,31,18,20,31,12,24,19,-20,8,26,12,13,12,14,17,10,16,9,10,20,19,17,12,18,23,9,14,20,18,23,12,17,14,17,-20,24,20,28,14,20,10,35,20,16,28,24,22,33,17,30,50,24,52,7,8,7,19,3,33,5,-20,7,18,4,14,5,18,38,27,31,-20,3,7,20,5,-20,-20,6,20,29,-20,26,31,31,22,30,33,8,7,4,5,13,66,9,14,14,16,29,8,5,10,6,17,6,7,-20,4,22,7,7,21,53,7,13,-20,8,-20,4,5,-20,8,10,8,6,6,-20,11,-20,7,-20,3,29,11,6,16,6,7,4,6,-20,4,7,-20,11,3,4,34,4,5,5,48,7,12,7,-20,3,8,17,7,8,25,-20,18,5,11,6,3,4,4,3,4,53,5,-20,-20,-20,-20,14,8,7,4,4,5,6,7,3,13,7,7,3,-20,6,3,8,5,7,5,3,8,17,5,12,9,14,5,83,9,19,8,9,4,3,7,7,15,3,4,-20,3,15,5,3,8,37,18,3,3,5,3,15,5,13,3,4,-20,8,4,-20,6,-20,6,10,4,2,3,5,3,8,4,10,9,37,28,16,-20,9,6,4,5,6,-20,8,-20,3,4,21,-20,11,-20,-20,13,5,10,7,3,3,-20,34,-20,-20,5,7,4,7,17,5,11,30,31,22,35,7,23,19,6,3,21,26,7,-20,24,5,7,21,15,10,4,23,7,-20,3,10,-20,10,6,26,6,5,13,3,12,3,21,31,5,20,5,5,7,11,13,12,7,6,19,25,14,6,-20,21,-20,49,-20,4,6,11,15,14,8,5,14,15,22,20,34,33,26,39,16,9,10,6,21,7,4,15,7,3,6,5,14,5,11,3,14,19,18,16,5,5,32,3,8,5,11,9,10,-20,12,10,12,-20,5,-20,28,25,8,36,30,20,39,26,20,15,15,15,28,11,24,21,34,27,17,54,24,19,4,23,27,67,11,12,9,10,11,32,17,24,29,33,22,30,25,5,30,11,63,19,30,18,22,13,14,6,8,5,7,-20,12,5,14,11,7,9,4,-20,6,6,7,5,12,5,4,5,3,-20,12,5,3,4,5,6,9,7,8,-20,-20,5,2,10,14,5,13,7,5,9,3,8,7,3,8,6,10,7,3,-20,-20,20,8,10,-20,6,-20,8,5,9,-20,3,4,3,-20,5,6,6,10,9,10,-20,8,8,8,6,7,11,-20,5,6,9,10,9,7,11,9,10,4,-20,4,7,6,10,8,6,8,4,6,5,6,4,3,11,5,4,10,6,-20,9,7,-20,4,3,8,-20,4,7,7,5,4,7,8,4,5,3,-20,8,6,3,8,4,4,-20,4,6,10,6,5,3,7,11,7,6,6,9,7,14,4,15,7,3,-20,-20,7,7,-20,-20,-20,-20,11,6,4,5,-20,12,6,6,7,9,5,5,12,16,3,11,-20,12,12,5,4,5,7,3,-20,7,11,-20,5,17,-20,5,8,-20,12,5,-20,6,-20,8,9,6,11,5,-20,8,3,9,-20,4,3,9,-20,6,4,7,5,6,3,7,-20,-20,48,4,7,11,4,5,6,15,11,-20,14,5,10,13,-20,10,6,8,7,4,3,14,-20,9,6,3,6,6,-20,17,8,4,6,15,7,-20,-20,14,5,9,7,5,4,11,-20,8,-20,3,10,-20,3,6,4,10,3,5,2,4,9,14,4,3,5,3,6,5,14,-20,8,7,7,5,3,-20,3,9,5,-20,7,7,4,-20,7,-20,10,5,6,3,-20,7,-20,-20,-20,-20,3,10,-20,7,3,3,11,-20,6,6,6,12,7,14,7,-20,3,5,4,-20,3,4,31,6,4,6,5,17,8,7,8,10,6,5,4,9,5,4,3,15,-20,3,3,8,3,8,-20,-20,7,-20,-20,4,5,9,-20,7,6,-20,-20,-20,-20,12,-20,8,-20,-20,-20,-20,6,-20,-20,-20,-20,-20,-20,-20,-20,-20,-20,4,-20,10,7,-20,9,7,2,-20,-20,-20,9,5,-20,-20,10,-20,-20,10,-20,-20,-20,-20,-20,-20,6,-20,-20,9,-20,-20,-20,13,-20,-20,-20,-20,9,-20,-20,-20,-20,-20,12,-20,3,-20,17,8,11,29,14,15,15,18,17,21,32,28,114,56,61,46,29,42,30,23
"chr3,14742482",-20,3,-20,3,3,2,3,2,5,8,5,9,15,18,17,18,22,22,55,39,34,-20,27,21,29,12,20,18,11,3,3,14,6,5,46,38,17,19,11,6,5,18,18,8,15,42,4,50,10,17,14,25,37,24,22,14,28,16,20,21,24,24,16,18,22,38,20,32,32,12,19,18,11,20,22,31,15,7,5,7,5,18,13,3,4,27,23,45,27,21,15,26,31,20,26,21,5,30,7,21,17,19,3,7,28,29,-20,24,28,4,-20,-20,-20,-20,-20,-20,-20,-20,-20,5,8,3,9,-20,7,-20,-20,-20,-20,-20,-20,3,-20,-20,-20,6,-20,3,-20,5,3,4,3,8,-20,-20,3,-20,3,6,4,8,15,14,19,8,5,5,35,15,3,-20,3,3,-20,-20,8,-20,2,14,19,36,29,13,6,23,5,16,9,85,21,21,8,7,28,7,24,26,14,6,14,13,4,5,5,20,21,12,26,-20,10,17,19,24,20,15,10,26,9,19,64,29,22,18,12,9,33,7,18,6,15,11,25,15,21,18,15,30,18,20,31,13,24,19,-20,8,27,12,13,13,14,17,10,16,9,10,20,19,-20,12,21,23,9,13,21,18,23,12,18,14,17,-20,24,20,28,15,20,10,37,19,16,28,25,22,33,17,30,50,24,52,7,9,7,19,3,33,5,-20,7,19,4,14,5,18,40,27,31,-20,3,7,20,5,-20,-20,6,20,29,-20,26,31,31,23,31,33,9,7,4,5,13,66,9,14,15,16,29,8,5,10,6,18,6,8,-20,4,22,7,8,21,54,7,13,-20,8,-20,4,5,-20,8,10,9,6,6,-20,11,-20,7,-20,3,27,11,6,16,6,7,4,6,-20,4,7,-20,11,3,4,34,4,5,5,48,7,12,7,-20,3,8,19,7,8,27,-20,19,5,11,6,3,4,4,3,4,53,5,-20,-20,-20,17,14,8,7,4,4,5,6,7,3,13,7,7,3,-20,6,3,8,5,7,5,3,8,18,5,12,9,14,5,84,9,19,8,9,4,3,7,7,15,3,4,-20,3,16,5,3,9,37,18,3,3,5,3,16,6,13,3,4,20,8,4,30,6,-20,6,10,4,2,3,5,3,8,4,10,9,37,28,16,28,9,6,4,5,6,-20,8,-20,3,4,23,16,11,30,-20,13,5,10,7,3,3,-20,34,-20,-20,5,7,4,7,17,5,11,30,31,23,35,7,23,18,6,3,21,27,7,-20,25,5,7,21,15,11,4,23,7,-20,3,10,-20,10,6,26,5,5,13,3,12,3,21,31,5,22,5,5,7,11,13,12,7,6,19,26,14,6,-20,21,-20,49,-20,4,6,11,15,14,8,5,14,15,22,20,34,33,27,40,16,9,11,5,22,7,4,15,7,3,6,5,14,5,11,3,14,20,19,17,5,5,33,-20,8,5,11,9,10,-20,12,10,11,-20,5,-20,28,25,8,35,30,20,40,26,21,15,15,16,28,11,27,21,33,27,17,54,24,19,-20,23,27,73,11,13,9,10,11,32,17,25,29,33,22,30,25,5,30,11,63,21,30,19,24,13,14,6,8,5,7,8,12,5,14,11,7,9,4,6,6,6,7,5,12,5,4,5,3,-20,12,6,3,4,6,6,9,7,8,-20,-20,5,2,10,14,5,13,7,5,-20,3,8,7,3,8,6,10,7,3,-20,-20,20,8,10,-20,6,-20,8,5,9,-20,3,4,3,-20,5,6,7,10,9,10,-20,8,8,8,6,7,11,-20,5,6,9,10,9,7,11,9,10,4,-20,4,7,6,10,8,6,8,4,6,5,6,4,3,10,6,4,10,6,-20,9,7,-20,4,3,9,-20,4,8,7,6,4,7,8,4,6,3,-20,8,6,3,9,4,4,-20,4,6,10,6,6,3,7,11,6,6,7,9,7,14,4,15,8,3,-20,-20,7,7,-20,-20,-20,-20,11,5,4,5,-20,13,6,6,7,9,5,5,11,16,3,11,-20,13,12,4,4,5,7,3,-20,7,12,-20,5,17,8,5,8,-20,12,6,-20,6,-20,8,9,6,11,5,-20,8,3,9,-20,4,3,9,-20,6,4,7,5,6,3,7,-20,-20,48,4,7,11,4,5,6,14,11,2,14,5,10,13,-20,9,6,8,7,4,3,14,10,9,5,3,6,6,-20,17,8,4,6,16,7,-20,-20,14,5,9,7,5,4,11,-20,8,-20,3,11,-20,3,6,4,10,3,5,2,4,9,15,4,3,5,3,6,5,14,-20,8,7,7,5,3,-20,3,9,5,-20,7,7,4,-20,7,-20,10,5,6,3,-20,7,-20,-20,-20,-20,3,10,-20,7,3,4,11,-20,6,6,6,12,7,14,7,-20,3,5,4,-20,3,4,31,6,5,6,5,18,8,7,8,10,6,5,4,9,5,4,3,15,-20,3,3,8,3,9,-20,-20,7,-20,-20,4,5,9,-20,7,6,-20,-20,15,-20,11,8,8,8,-20,6,18,6,13,10,-20,17,9,10,6,23,8,13,4,11,9,7,-20,8,7,4,9,12,-20,-20,5,10,5,13,7,8,10,-20,-20,3,20,18,-20,8,-20,14,9,9,15,8,13,12,20,13,6,9,12,10,15,10,-20,12,14,3,7,16,8,11,29,15,16,15,18,17,21,32,29,114,56,61,47,29,42,30,24
"chr3,14742486",-20,3,-20,3,3,2,3,-20,5,8,5,9,15,18,17,18,22,23,55,42,35,-20,28,22,27,12,22,20,11,3,3,14,6,5,46,39,17,20,11,6,5,19,18,8,15,42,5,50,10,17,13,26,38,24,23,14,28,17,20,20,25,26,17,19,24,39,20,35,33,12,20,18,11,20,22,29,15,7,5,7,5,19,13,3,4,29,24,45,28,22,15,27,31,23,27,22,5,29,7,22,17,19,3,7,28,31,-20,25,29,4,-20,-20,-20,-20,-20,-20,-20,-20,-20,4,8,3,9,-20,7,-20,-20,-20,-20,-20,-20,3,-20,-20,-20,6,-20,3,-20,5,3,4,3,8,-20,-20,3,3,3,6,4,8,15,14,20,8,5,5,37,17,3,-20,3,3,-20,4,7,-20,2,14,19,36,29,13,6,24,5,16,10,80,22,21,8,7,28,6,24,25,14,6,14,15,4,5,6,21,21,11,25,-20,10,16,19,24,20,14,10,26,9,20,64,27,22,17,13,9,33,7,17,6,15,11,26,15,22,18,15,33,18,20,31,12,24,19,3,8,25,11,13,13,14,17,12,16,10,11,22,21,17,12,21,23,10,13,21,18,23,13,19,17,17,9,24,20,29,14,21,10,39,20,16,27,24,22,34,18,31,46,24,53,8,9,7,19,3,34,5,-20,7,19,4,14,6,18,41,30,31,-20,3,7,20,5,-20,-20,7,21,29,-20,25,30,33,23,31,32,8,7,4,6,13,68,-20,14,17,19,29,9,5,10,6,18,6,8,-20,4,24,8,8,22,53,7,13,-20,8,-20,4,5,-20,7,10,10,5,7,-20,10,-20,7,-20,3,30,13,6,16,6,7,4,6,-20,4,7,-20,11,3,4,34,4,5,6,47,7,12,8,-20,3,8,17,7,8,26,-20,20,5,11,6,3,4,4,3,4,53,6,-20,-20,-20,18,14,8,7,4,4,5,6,7,3,13,8,7,4,-20,6,2,9,5,7,5,3,9,17,5,12,8,14,5,80,9,18,8,9,5,3,8,7,15,3,5,-20,3,16,6,-20,9,38,19,3,3,5,3,16,7,13,3,4,20,9,4,29,7,-20,6,9,6,2,3,5,3,8,4,10,9,38,29,17,26,9,6,4,5,6,-20,8,-20,3,4,21,17,11,28,-20,13,5,10,7,-20,3,-20,35,-20,-20,5,7,3,7,17,5,11,32,33,24,35,8,24,19,6,3,21,27,7,-20,25,5,7,20,17,11,4,24,7,-20,3,10,-20,9,6,26,5,5,12,3,12,3,21,32,6,21,4,5,7,11,13,11,7,6,20,25,14,6,-20,23,-20,51,-20,4,6,11,15,14,8,5,14,14,22,20,33,33,28,39,16,9,13,4,21,7,4,15,7,3,5,5,14,5,11,3,14,19,17,15,5,5,30,-20,8,5,10,7,10,-20,10,10,11,-20,5,-20,30,29,9,35,30,23,40,25,21,15,15,17,28,11,27,21,35,28,16,55,25,19,4,24,28,75,11,13,9,10,12,34,18,25,30,34,22,30,21,5,31,11,64,21,32,20,24,13,15,6,8,5,7,8,12,5,11,11,7,9,4,6,6,6,7,5,12,5,4,5,3,-20,11,6,3,4,6,6,9,7,8,-20,-20,6,2,10,14,5,13,6,6,9,3,8,7,3,8,6,10,6,3,-20,-20,19,7,10,-20,6,-20,8,5,9,-20,3,4,3,-20,5,6,7,7,9,9,-20,8,8,8,6,7,11,-20,5,6,9,10,9,7,11,9,10,4,-20,4,7,6,-20,7,6,9,4,6,5,6,4,3,10,6,4,10,6,-20,9,7,-20,4,3,9,-20,4,8,7,6,4,7,8,4,6,3,-20,8,6,4,9,4,4,-20,4,6,9,6,-20,3,8,10,6,6,7,9,7,14,4,14,8,3,-20,-20,7,6,-20,-20,-20,-20,11,5,4,5,2,13,6,7,7,9,5,5,12,14,3,11,-20,12,10,4,4,5,7,3,-20,7,11,-20,5,17,7,5,8,2,12,7,-20,6,-20,8,9,6,11,5,-20,8,3,9,-20,4,3,9,-20,5,-20,7,5,6,3,7,-20,-20,49,4,7,11,4,5,6,14,11,2,14,5,10,13,-20,9,6,8,7,4,3,14,10,9,5,3,6,6,-20,16,8,4,6,16,7,-20,-20,14,5,9,7,5,4,11,-20,8,-20,3,11,-20,3,6,4,10,3,5,-20,4,9,14,4,3,5,3,6,4,13,-20,8,6,7,5,3,-20,3,9,5,-20,7,7,4,-20,7,-20,10,3,6,3,-20,7,-20,-20,-20,2,3,8,-20,7,3,4,11,-20,6,6,6,12,7,14,7,-20,3,5,4,2,3,4,29,6,5,6,5,16,8,7,8,10,5,5,4,9,5,4,3,11,-20,3,3,8,3,9,-20,-20,7,-20,-20,4,5,9,-20,7,6,-20,-20,17,-20,9,8,8,8,-20,5,18,8,16,12,-20,17,9,12,7,21,7,12,4,11,9,11,-20,9,6,3,10,12,-20,-20,5,8,5,13,7,8,10,-20,6,-20,20,17,-20,8,-20,17,8,11,15,10,12,12,17,13,4,9,9,10,12,13,6,12,13,5,7,14,9,11,32,15,17,16,21,17,21,34,30,114,56,65,50,29,42,30,25
"chr3,14742487",-20,4,-20,3,3,3,3,-20,5,7,5,9,16,19,17,18,22,24,56,43,34,-20,28,22,29,12,22,19,11,3,3,14,6,6,46,39,17,21,11,8,5,19,18,8,15,42,5,50,10,17,13,26,38,24,23,14,28,17,20,20,26,26,18,20,24,39,19,35,33,12,20,18,11,19,22,31,15,7,-20,7,5,19,12,3,4,30,24,45,28,22,15,27,31,23,27,23,5,29,7,22,18,19,3,8,28,31,-20,25,30,4,-20,-20,-20,-20,-20,-20,-20,-20,-20,5,8,3,9,-20,7,-20,-20,-20,-20,-20,-20,4,-20,-20,-20,6,-20,3,-20,5,3,4,4,8,-20,-20,3,3,3,6,4,-20,16,14,21,8,5,5,37,17,3,-20,3,3,-20,4,7,-20,2,14,20,36,29,13,6,-20,5,16,10,79,22,22,-20,7,28,6,24,25,14,7,14,15,4,5,6,21,21,11,25,-20,10,16,19,24,20,14,10,30,9,20,64,26,22,17,13,9,33,7,17,-20,15,11,26,15,23,18,15,33,19,20,31,12,24,19,3,8,25,11,13,13,14,17,12,16,10,11,22,21,17,12,21,24,10,13,21,18,23,13,19,17,-20,9,24,20,29,14,21,11,42,20,16,27,24,21,34,18,32,46,23,54,8,9,7,19,3,34,5,-20,7,19,4,14,6,18,42,30,31,3,3,7,19,5,-20,-20,7,21,28,-20,27,31,33,23,31,33,8,7,4,6,13,68,9,14,18,18,29,9,5,10,6,19,7,-20,-20,4,24,9,8,22,51,7,13,-20,8,-20,4,5,-20,8,11,10,5,7,-20,10,-20,7,-20,3,29,13,7,16,6,7,4,6,-20,4,7,-20,10,3,4,34,4,5,6,47,7,12,8,-20,3,8,16,8,9,26,-20,19,5,11,6,3,4,4,3,4,53,6,-20,-20,-20,18,14,8,7,4,4,5,6,7,3,13,8,7,4,-20,7,2,10,4,7,5,3,9,18,5,12,8,14,6,79,9,19,8,9,5,3,8,7,15,-20,5,-20,3,16,6,-20,8,38,18,3,3,5,3,16,7,14,3,4,20,10,4,30,7,-20,6,9,6,2,3,5,3,8,4,10,9,39,29,17,25,9,6,4,5,6,-20,8,-20,4,4,22,17,10,25,-20,13,5,10,7,-20,3,-20,35,-20,-20,5,7,-20,7,17,5,11,33,33,24,35,8,23,19,6,3,21,27,7,3,25,5,7,22,17,11,4,24,7,-20,3,10,-20,9,-20,26,5,5,13,4,12,3,19,32,6,22,4,5,7,11,13,11,7,6,19,25,14,6,-20,23,-20,51,-20,4,6,10,15,14,8,7,14,15,22,20,34,34,28,39,16,9,15,4,22,7,5,15,7,3,5,5,14,5,11,3,14,19,17,15,5,5,30,-20,-20,5,11,7,10,4,10,10,11,-20,5,-20,30,29,9,37,30,24,40,25,21,15,15,17,28,11,27,21,35,27,16,55,26,19,4,24,28,75,11,13,9,10,12,34,-20,24,-20,34,22,29,21,5,29,11,66,21,31,19,24,13,15,6,8,5,7,8,12,5,12,11,7,9,4,6,6,6,7,5,12,-20,4,5,3,-20,10,6,4,4,6,6,9,7,8,-20,-20,6,2,10,14,5,13,6,6,9,3,8,7,3,-20,8,10,6,3,-20,-20,19,7,10,-20,6,-20,8,5,9,-20,3,4,3,-20,6,7,-20,7,9,9,-20,8,9,8,6,7,11,-20,7,6,9,10,9,7,12,9,11,4,-20,4,8,6,10,8,7,9,4,6,5,6,4,3,10,6,5,10,-20,-20,9,7,-20,4,3,9,-20,-20,8,7,6,4,8,8,4,6,3,-20,8,6,4,9,5,4,-20,4,6,9,6,7,3,8,10,6,7,7,9,7,14,4,14,8,3,-20,-20,7,6,-20,-20,-20,-20,11,5,4,5,2,13,6,7,7,9,5,-20,13,14,3,12,-20,12,10,5,4,6,7,3,3,7,11,3,5,17,7,6,8,2,12,7,-20,6,-20,8,9,6,12,5,-20,8,3,9,-20,4,3,9,-20,6,4,9,5,6,3,7,-20,-20,50,4,7,11,5,6,6,15,12,4,14,6,10,13,-20,10,6,8,7,5,3,14,10,9,5,4,6,6,-20,16,8,4,6,16,8,-20,-20,14,5,10,7,6,5,12,-20,10,-20,3,11,-20,3,6,5,10,3,5,-20,4,9,14,4,4,5,3,6,4,13,-20,8,6,8,5,3,-20,3,9,5,-20,7,8,4,-20,7,-20,10,3,6,3,3,7,-20,-20,-20,2,3,7,3,7,3,4,11,-20,6,6,6,12,7,14,8,-20,3,5,4,2,4,4,28,6,5,6,6,16,9,7,9,10,5,5,4,9,5,4,3,11,-20,3,3,8,3,-20,3,-20,7,-20,-20,4,5,9,-20,7,6,-20,-20,16,-20,9,7,8,8,-20,4,18,8,15,8,-20,16,9,12,4,18,6,11,4,10,8,9,-20,8,-20,4,10,12,-20,-20,5,8,5,13,7,6,10,-20,6,-20,19,13,-20,-20,-20,17,6,9,12,-20,12,10,17,12,4,9,9,6,11,-20,-20,12,12,5,7,15,9,11,32,15,17,16,20,17,21,35,30,113,56,65,52,30,43,30,25
"chr3,14742488",-20,4,-20,3,3,3,3,-20,5,7,5,9,17,-20,-20,-20,25,-20,56,42,32,-20,27,22,28,12,-20,-20,12,4,3,15,6,6,45,38,17,20,11,8,-20,19,-20,-20,14,41,6,48,10,-20,13,27,39,24,-20,14,28,17,20,20,26,-20,17,-20,24,36,-20,35,-20,13,19,19,11,20,23,31,-20,7,5,8,5,18,11,3,4,30,-20,43,-20,-20,-20,-20,31,-20,26,-20,5,27,7,23,17,-20,3,8,27,29,-20,25,-20,4,-20,-20,-20,-20,-20,-20,-20,-20,-20,5,9,3,9,-20,7,-20,-20,-20,-20,-20,-20,4,-20,-20,-20,6,-20,3,-20,5,3,4,4,8,-20,-20,3,-20,3,6,4,8,-20,-20,21,8,-20,5,37,-20,3,-20,3,3,-20,4,7,-20,2,14,20,36,-20,12,-20,25,5,-20,10,79,21,-20,-20,-20,28,7,24,25,13,7,14,14,4,-20,-20,-20,19,10,25,-20,-20,16,19,-20,20,14,10,30,9,20,59,27,22,-20,13,-20,32,7,17,7,15,11,25,15,21,17,15,33,19,20,31,12,24,17,3,8,-20,-20,-20,12,14,-20,12,15,-20,11,-20,-20,-20,12,19,-20,10,-20,-20,-20,22,12,18,-20,17,9,-20,19,-20,15,21,-20,-20,20,16,29,23,22,32,-20,30,-20,23,56,-20,9,7,19,3,31,5,-20,7,18,4,14,6,-20,39,-20,31,3,3,7,22,5,-20,-20,7,21,27,-20,25,28,33,23,32,33,8,8,4,-20,14,71,9,14,-20,18,27,9,5,10,6,19,7,8,-20,5,24,9,8,23,52,8,13,-20,8,-20,4,6,-20,8,11,11,5,7,-20,10,-20,8,-20,3,29,-20,7,15,6,7,4,6,-20,4,7,-20,10,3,4,34,4,6,6,46,7,12,8,-20,3,9,16,8,9,26,-20,19,5,11,6,3,4,4,3,4,53,6,-20,-20,-20,19,14,8,7,4,4,5,6,7,3,13,8,-20,4,-20,7,2,10,4,7,5,3,9,-20,5,12,8,14,6,80,9,19,8,10,5,3,8,7,15,3,5,-20,3,16,6,2,8,37,20,4,3,5,-20,16,7,14,3,4,21,10,4,28,7,-20,6,9,6,2,3,5,4,8,4,10,9,37,28,17,-20,9,6,4,5,6,-20,8,-20,4,4,22,17,11,26,-20,13,5,10,7,-20,3,-20,33,-20,-20,5,-20,3,7,18,5,11,-20,30,-20,33,8,24,19,6,3,22,27,7,3,-20,5,-20,21,17,-20,4,23,7,-20,3,11,-20,9,6,-20,6,5,14,4,12,3,-20,-20,6,21,4,5,7,11,13,11,7,6,20,25,13,6,-20,22,-20,51,-20,4,-20,11,15,14,8,7,13,16,22,21,33,35,-20,-20,-20,8,15,6,21,7,5,14,7,3,5,5,14,5,-20,3,14,19,17,15,5,5,31,-20,-20,5,11,7,10,4,11,10,11,-20,5,-20,-20,-20,-20,37,29,24,41,24,21,15,15,-20,27,11,25,21,-20,-20,16,55,27,19,4,-20,28,68,10,-20,9,10,12,34,20,23,-20,-20,22,-20,20,5,29,-20,66,21,31,-20,-20,-20,14,6,8,5,7,8,12,5,12,11,7,-20,4,6,6,6,7,5,12,5,4,5,3,-20,10,6,4,4,6,7,9,7,8,-20,-20,6,2,-20,15,5,13,6,6,9,-20,8,7,3,8,8,10,6,3,-20,-20,19,7,-20,-20,-20,3,8,5,9,2,3,4,3,-20,6,7,-20,7,9,9,-20,-20,9,8,6,7,11,-20,7,6,9,10,9,7,12,9,11,4,-20,4,8,6,10,8,7,-20,4,6,5,6,4,3,10,6,6,10,6,-20,9,7,-20,4,3,-20,-20,4,-20,7,6,4,8,-20,4,6,3,-20,8,6,4,9,5,4,-20,-20,6,9,6,7,3,8,10,6,7,7,9,7,14,4,14,8,3,-20,3,7,7,-20,-20,-20,-20,11,5,4,5,2,13,6,7,7,9,5,5,13,14,3,12,-20,12,10,5,4,6,7,3,4,7,11,3,5,17,7,6,8,2,12,7,-20,6,-20,8,9,6,12,5,-20,8,3,9,-20,4,3,9,-20,6,4,9,5,6,3,7,-20,-20,50,4,7,11,5,6,6,14,11,4,13,6,10,13,-20,10,6,8,7,5,3,13,10,9,5,4,6,6,-20,15,8,4,6,16,8,-20,-20,13,5,10,7,6,5,12,-20,10,-20,3,11,-20,3,6,5,10,3,5,-20,4,9,14,4,4,5,3,6,4,13,-20,8,6,8,5,3,-20,-20,10,5,-20,7,8,4,-20,7,-20,10,3,6,3,3,8,-20,-20,-20,2,3,7,3,7,3,4,11,-20,6,6,6,13,7,14,8,-20,3,5,4,2,4,4,-20,6,5,6,6,14,9,7,9,10,5,5,4,9,5,4,3,-20,-20,3,3,8,3,9,3,-20,7,-20,5,4,5,9,-20,7,6,-20,-20,-20,-20,8,8,8,6,-20,-20,-20,8,-20,10,-20,13,9,11,4,20,6,13,4,10,-20,9,-20,9,5,3,-20,-20,-20,-20,-20,10,5,-20,8,8,10,-20,-20,3,-20,-20,-20,8,-20,15,6,-20,15,8,15,10,-20,13,4,-20,10,7,11,12,-20,14,12,5,-20,14,9,11,29,15,18,15,19,17,22,35,30,109,56,-20,53,30,44,30,25
"chr3,14742490",-20,4,-20,3,3,3,3,3,5,7,5,9,17,-20,-20,-20,27,-20,59,45,36,-20,27,22,29,12,-20,-20,12,4,3,15,6,6,46,38,16,19,11,8,5,19,19,8,15,45,6,50,10,20,13,26,40,25,25,14,28,17,20,22,28,-20,18,19,25,36,19,34,-20,13,19,18,11,22,23,31,-20,7,5,8,6,19,13,3,4,30,-20,42,30,-20,-20,-20,31,-20,26,-20,5,27,7,23,17,-20,4,8,28,30,-20,24,-20,5,-20,-20,-20,-20,-20,-20,-20,-20,-20,5,11,3,9,-20,7,-20,-20,-20,-20,-20,-20,4,-20,-20,-20,6,-20,3,-20,5,3,4,4,9,-20,-20,3,3,3,6,4,8,16,14,22,8,5,5,39,-20,3,-20,3,3,-20,4,7,-20,2,14,20,36,29,13,6,27,5,16,-20,80,-20,22,8,7,28,7,24,26,14,7,17,16,4,5,9,22,21,11,24,-20,10,17,19,24,20,15,10,32,9,21,61,27,21,16,13,9,32,7,17,8,16,11,27,17,23,18,15,34,19,21,31,12,24,21,3,8,26,-20,13,13,14,17,12,15,11,12,21,20,19,12,21,25,10,13,22,21,24,13,20,17,17,9,24,20,31,15,20,12,42,20,15,29,24,21,34,18,32,50,28,57,8,9,7,19,3,34,6,-20,7,18,4,14,6,18,42,30,31,4,3,7,22,5,-20,-20,7,21,26,-20,26,29,33,23,33,33,8,8,4,6,14,74,9,14,19,18,30,9,5,10,6,18,7,8,-20,5,25,8,8,24,54,8,13,-20,8,-20,4,6,-20,7,11,12,5,8,3,9,-20,8,-20,3,29,13,7,15,6,7,4,6,-20,4,7,-20,10,3,4,34,4,6,6,50,7,12,9,-20,3,10,16,8,9,27,-20,18,5,11,6,3,-20,4,3,4,53,6,-20,-20,-20,20,14,8,8,6,4,5,4,7,3,14,9,7,4,-20,7,3,10,5,7,4,3,9,-20,6,12,8,14,6,84,9,18,8,10,5,3,8,6,15,3,5,-20,3,18,6,-20,10,40,19,4,4,5,-20,16,7,14,3,4,20,11,5,30,7,-20,7,9,6,2,3,4,4,8,4,11,9,37,28,18,26,-20,7,4,5,6,-20,8,-20,4,4,20,17,11,27,-20,13,5,11,8,-20,3,-20,33,-20,-20,5,7,3,7,21,5,11,34,33,23,36,8,25,21,6,3,23,27,7,3,24,5,7,22,17,10,4,22,7,-20,3,12,-20,9,6,27,8,5,13,4,12,3,19,32,6,22,4,5,7,11,13,13,8,8,19,26,14,6,-20,23,-20,55,-20,3,6,11,16,13,8,7,14,16,22,21,37,37,-20,-20,17,8,16,8,21,7,5,15,7,3,6,5,14,5,11,3,-20,17,18,15,5,5,30,-20,8,5,12,9,10,6,10,9,12,-20,5,-20,31,31,9,42,30,24,40,25,22,16,15,18,28,11,27,23,35,30,16,55,26,19,4,25,28,75,11,13,9,10,13,36,20,24,30,34,26,31,21,6,30,10,69,22,31,-20,26,13,17,6,8,5,7,8,12,6,14,11,7,8,4,7,7,6,7,7,12,5,4,5,3,-20,12,6,5,4,6,7,9,7,8,-20,-20,6,2,9,15,5,12,6,7,9,4,8,7,3,8,9,10,6,3,-20,-20,18,7,10,-20,6,3,6,5,9,2,3,5,3,-20,6,7,7,7,9,9,-20,9,9,8,7,7,11,-20,8,6,9,10,9,7,13,10,11,4,-20,4,8,6,10,8,6,9,4,6,5,6,5,3,9,6,6,10,7,-20,9,7,-20,4,3,9,-20,4,8,7,8,4,8,8,4,5,3,-20,8,6,4,9,5,4,3,4,7,9,6,7,3,8,10,6,7,7,9,7,15,4,12,8,3,-20,3,7,7,-20,-20,-20,-20,11,5,4,5,2,14,6,7,8,9,4,5,14,14,3,13,-20,-20,10,6,4,6,7,3,4,7,11,4,5,17,7,6,8,2,12,8,-20,8,-20,9,9,6,12,6,-20,8,3,9,-20,4,3,9,-20,7,5,-20,5,6,3,7,-20,-20,52,5,-20,11,5,6,7,15,11,4,16,6,10,12,-20,10,6,8,8,5,3,13,11,9,5,4,6,6,-20,16,8,5,6,16,9,-20,-20,14,6,10,7,6,5,12,-20,10,-20,3,11,-20,3,6,6,10,4,5,-20,4,9,15,4,6,5,3,6,4,14,-20,8,6,7,5,3,-20,-20,10,6,-20,7,8,4,-20,8,-20,10,3,6,3,3,8,-20,-20,-20,2,3,6,3,7,3,4,11,-20,6,6,6,12,7,14,10,-20,3,5,4,2,4,4,26,7,6,6,6,15,9,6,9,10,5,5,4,9,7,4,3,11,-20,3,3,8,3,9,3,-20,7,-20,5,4,5,8,-20,6,6,-20,-20,16,-20,8,8,9,7,-20,-20,20,8,16,10,-20,12,9,12,-20,-20,6,-20,4,9,9,11,-20,-20,-20,3,-20,-20,-20,-20,5,-20,5,-20,8,8,10,-20,-20,3,-20,-20,-20,8,-20,14,-20,-20,15,10,14,10,19,-20,5,9,9,10,14,11,9,-20,12,6,-20,-20,9,11,33,13,20,15,21,17,23,34,32,114,67,63,53,33,44,29,27
"chr3,14742491",-20,4,-20,3,3,3,3,3,5,7,5,9,20,21,18,19,27,24,58,48,-20,-20,28,23,31,13,26,23,12,4,3,16,6,6,49,40,18,22,11,8,-20,19,19,8,15,45,6,50,11,20,13,26,40,27,25,14,28,17,21,22,30,26,19,21,25,38,21,36,38,15,19,18,11,24,25,31,15,7,6,8,6,20,14,-20,4,30,25,47,30,23,15,28,31,26,29,24,6,28,7,23,18,18,4,8,29,32,-20,24,33,5,-20,-20,-20,-20,-20,-20,-20,-20,-20,5,11,3,9,-20,7,-20,-20,-20,-20,-20,-20,4,-20,-20,-20,6,-20,3,-20,5,3,4,4,9,-20,-20,3,-20,3,6,4,8,-20,14,22,8,5,5,39,17,3,-20,3,3,-20,4,7,-20,2,14,22,39,29,12,7,27,5,16,10,83,22,22,8,7,28,7,24,25,14,7,17,16,4,5,9,22,21,12,24,-20,10,17,19,24,20,15,10,32,9,21,68,28,21,16,13,9,32,7,17,8,15,11,27,17,21,18,15,33,19,22,31,13,24,22,3,9,27,12,13,13,14,17,12,15,11,12,21,20,19,13,21,27,10,13,23,21,24,14,20,17,-20,9,24,20,31,15,20,12,42,20,15,29,24,23,34,18,33,50,29,59,8,9,7,19,-20,34,6,-20,8,19,5,14,5,18,42,34,31,4,-20,-20,23,5,-20,-20,8,23,29,-20,28,31,36,24,35,35,8,8,4,6,14,74,9,14,18,18,30,9,4,10,6,18,7,8,-20,5,26,8,8,24,54,8,12,-20,10,-20,4,6,-20,7,11,12,5,8,3,9,-20,8,-20,-20,29,13,7,15,6,7,4,6,-20,4,7,-20,10,3,4,34,5,6,6,49,9,11,9,-20,3,10,16,8,9,26,-20,18,5,11,7,3,4,5,3,4,53,6,-20,-20,-20,20,14,8,8,6,4,5,4,7,3,14,9,7,4,-20,7,3,10,5,7,4,3,9,19,6,12,8,14,6,85,10,17,8,10,5,3,8,6,15,3,5,-20,3,18,6,-20,10,41,19,4,4,5,-20,15,7,14,3,4,20,12,5,31,7,-20,7,8,6,-20,3,4,4,8,5,11,9,40,29,18,26,10,7,4,5,6,-20,8,-20,4,6,20,-20,13,27,-20,13,5,11,8,-20,3,-20,35,-20,-20,5,7,3,7,20,5,11,35,33,25,38,8,26,21,5,3,24,28,7,3,26,6,7,22,16,10,4,23,7,-20,3,12,-20,9,6,27,7,5,13,4,12,3,-20,-20,8,22,4,5,7,11,13,14,-20,7,21,26,14,6,-20,24,-20,56,-20,3,6,11,16,13,8,7,14,16,22,21,41,36,32,39,17,8,17,8,21,7,5,12,7,3,5,5,14,6,10,3,13,16,18,14,5,5,30,-20,8,5,12,10,10,6,10,9,12,-20,5,-20,30,31,9,42,31,24,41,27,22,17,15,18,31,11,27,23,-20,30,16,55,28,20,4,25,-20,74,11,13,9,10,13,35,20,25,30,34,26,31,21,6,30,10,69,22,31,-20,27,13,16,7,8,-20,7,8,12,6,14,11,7,8,4,8,7,6,7,8,12,5,4,5,3,-20,13,-20,5,6,6,7,9,7,8,-20,-20,6,-20,9,15,5,11,6,7,8,4,8,7,3,8,8,10,6,3,-20,-20,19,7,11,-20,6,3,6,5,9,2,3,5,3,-20,6,7,7,7,9,9,-20,8,9,8,7,7,11,4,8,6,9,10,9,7,13,10,11,4,3,4,8,6,10,8,6,10,5,6,4,6,5,3,9,6,6,10,7,2,9,7,-20,4,3,9,-20,4,8,7,8,4,8,8,4,5,3,-20,8,6,4,-20,5,5,3,4,7,9,6,7,3,8,10,-20,7,7,9,7,15,4,11,8,3,-20,3,7,7,-20,-20,-20,-20,12,5,-20,5,2,14,6,7,8,9,4,5,13,14,3,13,-20,10,9,6,4,6,7,3,4,7,11,4,5,17,7,6,8,2,12,8,-20,8,-20,9,-20,-20,12,6,-20,8,3,9,-20,4,3,9,2,7,6,9,-20,6,3,7,-20,-20,52,5,7,11,5,6,7,14,12,4,16,6,10,12,-20,10,6,8,7,5,3,13,11,10,5,4,6,6,-20,16,8,5,6,16,9,-20,-20,14,6,10,7,6,5,11,2,10,-20,4,11,-20,3,6,6,10,4,5,-20,4,9,14,4,6,5,3,-20,4,14,-20,8,6,7,5,3,-20,3,10,6,3,7,7,4,-20,8,-20,10,3,6,3,3,8,-20,-20,-20,-20,-20,5,3,7,3,4,11,-20,6,6,6,12,7,14,10,-20,3,5,4,2,4,4,24,7,6,-20,6,15,9,6,9,10,5,5,4,8,5,4,3,11,-20,4,3,8,3,9,3,-20,7,-20,5,4,5,8,-20,6,6,-20,-20,17,-20,8,8,9,8,-20,-20,21,8,17,9,-20,14,10,-20,6,21,6,12,4,11,9,10,-20,-20,7,4,9,12,-20,-20,-20,9,5,13,8,-20,10,-20,8,4,20,14,-20,-20,-20,15,6,-20,15,9,15,12,20,-20,5,9,9,11,14,11,9,-20,12,7,-20,15,9,11,33,13,20,15,21,17,24,34,33,114,67,69,56,34,44,29,27
"chr3,14742494",-20,4,-20,3,3,3,3,3,5,7,6,9,20,-20,-20,19,29,-20,62,50,-20,-20,27,24,31,12,-20,-20,14,4,3,16,6,7,49,39,19,23,11,8,-20,19,-20,-20,14,45,6,48,11,-20,13,27,38,27,-20,14,30,18,21,22,29,-20,18,20,27,37,20,35,-20,16,19,21,12,23,25,31,-20,7,6,8,6,20,13,3,4,29,-20,45,-20,-20,-20,-20,31,-20,-20,-20,6,26,9,23,-20,-20,4,9,29,31,-20,24,-20,5,-20,-20,-20,-20,-20,-20,3,-20,-20,5,11,3,9,-20,7,-20,-20,-20,-20,-20,-20,4,-20,-20,-20,6,-20,3,-20,5,3,4,4,9,-20,3,3,-20,3,6,4,8,-20,-20,21,11,-20,5,44,-20,3,-20,4,3,-20,4,7,-20,2,14,22,39,-20,11,-20,26,5,-20,9,83,21,-20,-20,-20,27,7,23,26,13,7,16,15,4,-20,-20,-20,19,10,24,-20,-20,18,19,-20,20,16,9,31,9,21,-20,28,21,-20,13,-20,32,7,17,9,16,11,26,16,21,17,14,34,19,26,33,14,24,26,3,9,-20,-20,-20,13,14,-20,12,14,-20,12,-20,-20,-20,13,20,-20,10,-20,-20,-20,22,13,19,-20,17,10,-20,20,-20,14,21,-20,-20,20,14,28,23,23,31,-20,31,-20,28,59,-20,9,7,20,-20,31,-20,-20,-20,19,6,14,5,-20,39,-20,32,4,-20,7,23,5,-20,-20,8,21,26,-20,26,30,37,25,35,35,8,8,4,-20,15,78,9,14,18,18,-20,9,4,10,6,19,7,10,-20,5,27,9,9,24,54,9,12,-20,10,-20,4,6,-20,7,11,12,6,8,3,8,-20,8,-20,4,28,-20,7,15,6,7,4,6,-20,4,7,3,10,3,4,34,5,6,7,49,9,11,10,-20,3,11,16,10,9,26,-20,17,5,12,7,3,4,7,3,4,53,6,3,-20,-20,21,13,8,8,6,4,5,4,7,3,16,10,7,4,-20,8,4,10,6,7,5,3,9,19,6,12,8,15,6,84,11,17,8,10,5,3,8,6,16,3,6,-20,3,19,6,-20,10,43,17,4,5,5,4,16,7,13,3,4,20,12,5,-20,7,-20,7,8,6,-20,3,4,4,8,5,11,9,38,28,18,-20,11,7,4,5,6,-20,8,-20,5,7,20,19,13,25,-20,13,5,11,8,3,3,-20,32,-20,-20,5,-20,3,7,21,5,11,-20,-20,-20,37,8,26,22,5,3,23,31,7,4,-20,6,-20,22,17,-20,4,24,8,-20,3,11,-20,9,9,-20,7,5,13,4,12,3,-20,-20,9,21,5,5,7,11,13,14,8,7,22,25,13,6,-20,25,-20,61,3,3,-20,13,15,13,8,7,14,15,23,21,39,36,-20,-20,-20,8,18,8,23,7,6,12,7,3,5,5,16,6,-20,-20,14,17,18,15,5,5,29,-20,-20,7,12,10,10,6,10,9,12,-20,6,-20,-20,-20,-20,39,31,25,43,28,21,16,15,-20,32,12,24,23,-20,-20,16,54,29,20,3,-20,28,67,10,-20,9,10,14,40,19,23,-20,-20,26,-20,20,7,31,-20,69,22,33,-20,-20,-20,16,7,8,6,7,9,12,6,15,10,7,-20,4,8,7,6,7,8,12,5,5,5,3,-20,12,6,5,6,6,8,10,9,8,-20,-20,6,-20,-20,15,5,12,6,7,8,-20,8,7,4,8,8,10,9,3,3,-20,19,5,-20,-20,-20,5,5,5,9,2,4,5,4,-20,6,6,-20,7,9,10,3,10,9,8,7,7,11,6,8,6,9,9,9,7,14,11,11,4,-20,4,8,7,11,9,6,-20,5,7,5,6,5,4,9,6,6,10,7,2,7,7,-20,4,3,-20,-20,4,-20,7,9,4,8,9,4,5,3,-20,8,6,5,9,5,5,3,-20,6,9,6,6,3,8,10,7,7,7,9,7,16,4,11,8,5,-20,4,7,7,-20,-20,-20,-20,11,5,4,5,2,16,6,7,9,9,4,6,14,15,3,14,-20,10,10,6,4,7,8,3,4,7,13,4,4,18,6,6,8,3,12,8,-20,9,-20,9,9,7,12,6,-20,7,4,9,-20,3,3,9,2,7,6,11,5,6,3,7,-20,-20,55,6,8,11,6,6,7,13,12,4,15,6,10,12,-20,10,6,10,7,5,3,12,11,11,5,6,8,6,-20,15,10,6,6,16,9,-20,-20,12,8,10,7,6,5,11,4,12,-20,4,11,-20,3,-20,7,10,5,6,-20,4,10,14,4,6,5,3,6,5,15,-20,8,6,7,5,3,-20,3,10,6,3,8,7,4,-20,8,-20,10,3,6,4,3,8,-20,-20,-20,2,3,6,3,8,3,4,11,-20,6,7,7,12,6,14,10,-20,3,5,4,2,4,4,-20,9,6,6,6,14,8,6,10,10,5,6,6,8,5,4,3,-20,-20,4,3,8,3,10,3,-20,8,-20,7,4,3,8,-20,5,6,-20,-20,-20,-20,9,9,9,-20,-20,-20,-20,8,-20,9,-20,17,-20,10,8,18,5,13,4,11,-20,11,-20,11,5,3,-20,-20,-20,11,-20,7,6,-20,8,7,10,-20,-20,4,-20,-20,-20,-20,-20,14,5,-20,12,8,13,11,-20,13,-20,-20,8,11,15,11,-20,-20,13,9,-20,16,9,11,-20,14,20,14,21,17,26,36,35,97,81,-20,55,34,44,32,26
"chr3,14742496",-20,4,-20,3,3,3,3,3,5,7,6,9,22,23,19,21,29,26,63,53,40,-20,29,25,32,13,28,24,14,4,3,16,6,8,53,43,21,24,11,9,8,18,19,8,16,46,6,50,11,20,16,27,38,27,26,14,29,18,22,22,31,25,19,22,27,41,22,38,40,16,20,21,12,25,26,33,16,7,6,8,6,21,14,3,4,31,27,53,35,25,21,31,32,27,30,26,7,27,9,23,18,20,4,9,30,34,-20,24,36,5,-20,-20,-20,-20,-20,-20,3,-20,-20,5,11,3,9,-20,7,-20,-20,-20,-20,-20,-20,5,-20,-20,-20,6,-20,3,-20,6,4,4,5,9,-20,3,3,3,-20,6,4,8,19,13,23,11,-20,5,44,14,3,-20,4,3,-20,4,7,-20,-20,12,22,39,29,13,8,31,6,17,11,78,22,23,9,7,27,6,23,27,14,-20,16,16,-20,6,-20,-20,21,-20,24,-20,10,18,19,25,21,16,8,32,9,21,70,28,20,16,13,10,32,-20,17,9,16,11,27,19,23,14,14,34,19,28,34,14,24,27,3,10,27,12,14,13,15,17,11,14,10,16,20,21,19,13,20,27,10,13,24,22,23,-20,20,-20,17,12,23,19,15,15,21,12,41,20,14,30,24,21,33,20,32,49,32,59,8,9,-20,20,-20,-20,7,-20,8,18,6,14,5,19,44,33,32,4,-20,7,23,5,-20,-20,8,24,28,-20,29,31,39,26,37,35,8,9,4,6,16,80,9,14,18,19,29,10,4,10,6,20,7,-20,-20,5,28,9,8,27,54,9,12,-20,11,-20,4,6,-20,8,11,12,6,8,4,8,-20,8,-20,4,25,13,7,15,6,7,4,6,-20,4,7,3,10,3,4,34,5,6,7,48,9,10,10,-20,3,11,15,10,9,27,-20,15,5,12,7,3,5,7,3,4,53,6,4,-20,-20,20,12,8,8,6,4,5,5,7,3,16,9,7,4,-20,9,-20,10,6,7,5,3,9,20,7,12,9,14,6,85,12,17,8,11,5,3,8,6,16,3,6,-20,3,21,6,-20,10,43,14,4,5,5,4,14,7,13,3,4,19,13,6,31,7,-20,8,8,6,-20,3,4,4,8,5,11,9,39,31,18,27,11,7,4,5,6,-20,8,-20,5,8,20,22,13,25,-20,13,5,10,7,4,3,-20,35,-20,-20,6,7,3,7,20,5,11,-20,-20,28,40,8,28,22,5,3,23,33,7,4,-20,6,6,24,16,10,4,25,-20,-20,3,10,-20,9,9,25,-20,5,13,4,11,-20,18,32,12,22,-20,5,7,11,14,14,8,7,22,24,14,6,-20,27,-20,61,3,4,6,13,17,13,8,8,14,16,23,21,42,37,34,43,-20,8,19,9,24,7,-20,12,7,5,5,4,15,7,10,3,14,19,18,15,5,5,30,-20,10,7,14,11,10,6,11,9,13,-20,7,-20,-20,30,9,41,33,26,42,29,22,16,15,20,36,12,25,24,35,-20,15,53,32,20,3,26,27,74,11,14,9,10,14,40,19,26,30,-20,26,31,21,7,32,10,69,22,33,20,29,14,17,7,8,6,8,-20,13,7,15,-20,8,9,4,8,8,6,7,8,12,6,5,-20,-20,-20,13,6,5,6,6,10,11,9,8,-20,-20,6,-20,9,15,5,12,6,7,8,4,10,6,4,8,8,12,9,3,3,3,19,6,11,-20,7,5,6,5,9,3,4,5,4,-20,7,6,9,7,10,10,3,10,9,8,7,6,11,7,8,6,10,9,9,7,14,12,11,4,4,4,8,7,11,9,6,9,6,7,-20,6,6,4,10,6,6,10,6,-20,7,7,-20,4,3,8,-20,4,7,6,10,4,8,8,5,5,4,-20,9,6,5,9,5,5,3,6,6,10,-20,6,3,8,11,8,9,7,9,7,16,4,9,8,5,-20,4,7,6,-20,-20,-20,-20,12,5,4,5,-20,20,6,7,9,9,4,6,15,14,3,14,-20,9,10,8,4,7,8,3,5,7,13,5,4,18,9,7,8,3,12,7,-20,9,-20,9,9,8,12,6,-20,7,3,10,-20,3,4,9,2,7,7,11,5,7,3,7,-20,-20,56,6,8,11,6,6,7,14,15,5,14,9,10,12,-20,11,7,10,7,5,-20,12,10,11,6,6,7,7,-20,16,10,7,6,15,9,-20,-20,13,8,11,7,6,5,11,-20,13,-20,4,11,-20,4,7,8,12,7,6,-20,4,11,15,4,6,5,4,7,6,14,3,8,-20,7,5,3,3,3,10,6,3,8,8,4,-20,8,-20,10,4,6,4,3,8,-20,-20,-20,2,3,6,4,8,3,4,11,-20,6,7,-20,12,6,14,10,-20,3,5,5,2,4,5,31,9,6,6,7,16,8,7,10,10,5,7,6,8,5,5,3,11,-20,4,3,8,3,10,3,-20,8,-20,7,4,5,9,-20,6,6,-20,-20,16,-20,9,10,9,-20,-20,4,16,9,16,6,-20,16,-20,8,-20,22,5,13,3,10,-20,9,8,10,5,4,9,-20,-20,-20,-20,5,7,12,-20,5,10,-20,7,4,19,14,-20,-20,-20,14,5,-20,10,7,10,10,17,12,-20,9,7,6,13,13,9,-20,13,9,8,14,9,11,33,14,20,15,22,17,26,36,38,103,81,73,53,37,44,32,29
"chr3,14742510",-20,6,-20,3,-20,4,4,-20,6,6,6,10,34,26,23,28,33,34,75,60,44,-20,35,30,40,14,30,28,16,4,3,17,7,11,58,50,24,27,16,11,9,22,18,8,12,57,6,49,13,17,18,28,43,34,30,17,34,20,25,25,35,27,20,24,31,48,24,47,48,18,27,23,13,33,27,38,17,7,7,10,8,23,21,5,5,34,28,57,34,28,28,37,41,31,31,33,13,31,10,25,21,30,6,10,33,39,-20,29,38,6,-20,-20,-20,-20,-20,-20,4,-20,-20,4,16,8,11,-20,6,-20,-20,-20,-20,-20,-20,9,-20,-20,-20,5,-20,3,-20,-20,6,9,6,12,4,5,3,4,-20,7,4,7,19,11,25,14,4,5,38,13,3,-20,4,8,-20,10,4,-20,-20,12,20,43,26,15,9,31,6,19,10,84,21,21,8,7,24,4,19,22,14,5,13,20,-20,6,13,19,12,11,22,9,10,18,23,25,28,15,11,33,6,21,-20,29,18,17,12,-20,28,4,13,10,12,10,20,20,13,13,10,31,18,30,42,20,26,27,4,9,-20,20,11,11,17,15,-20,13,9,19,-20,20,18,16,19,27,11,15,22,23,19,16,15,20,16,12,22,17,15,18,22,11,36,20,12,29,22,25,25,20,37,50,31,53,10,12,8,29,-20,30,9,-20,-20,17,7,17,4,18,49,34,35,-20,3,6,26,3,3,-20,8,24,32,-20,28,31,40,27,45,39,8,11,2,4,19,91,9,14,18,19,9,10,-20,8,6,22,7,12,-20,6,31,11,9,35,55,-20,13,-20,10,-20,3,9,-20,10,12,11,7,8,5,11,-20,7,-20,5,23,21,11,14,6,8,5,10,-20,5,10,4,10,-20,5,38,7,11,9,52,8,11,10,-20,6,14,15,12,11,27,-20,14,7,13,7,3,6,7,4,5,52,7,-20,-20,-20,21,15,9,8,10,4,6,12,7,3,19,12,11,5,-20,10,6,10,7,5,7,3,9,17,8,12,10,18,6,86,13,15,8,11,4,4,8,8,19,4,7,4,3,23,4,-20,10,49,13,9,8,6,6,19,8,12,6,3,22,17,6,36,8,-20,8,12,9,3,4,5,9,10,7,11,10,47,32,20,26,14,8,6,6,8,-20,7,-20,5,10,25,17,16,20,-20,15,5,12,7,7,4,-20,39,-20,-20,7,5,3,6,28,6,13,43,43,37,45,8,31,30,8,3,29,37,13,8,30,9,6,31,17,10,6,27,-20,-20,4,13,-20,6,8,25,8,7,16,2,12,-20,17,27,13,16,5,5,8,13,10,14,8,8,25,17,14,6,3,34,-20,65,4,9,6,15,-20,13,8,10,10,16,-20,23,46,40,42,48,21,4,23,9,26,9,-20,17,8,8,7,4,16,8,10,-20,16,23,16,17,7,-20,32,7,11,10,17,17,14,10,15,11,18,-20,-20,-20,35,29,11,44,38,28,38,35,23,18,22,19,48,14,27,25,36,32,15,54,34,16,3,29,29,70,14,14,11,12,14,48,20,25,30,30,33,30,17,7,35,11,53,25,28,16,27,13,13,8,12,9,11,8,18,10,15,14,8,14,9,13,10,8,7,9,18,-20,7,9,5,-20,17,7,-20,8,6,15,15,10,8,-20,-20,8,3,12,19,8,10,-20,6,10,5,12,13,5,10,12,16,12,8,3,4,15,7,14,-20,10,8,10,7,13,4,7,7,6,-20,10,9,13,5,13,13,5,17,11,11,10,7,12,-20,10,7,18,8,14,7,17,14,13,-20,-20,7,9,8,12,-20,7,15,9,12,5,8,4,6,7,12,7,11,7,-20,9,10,-20,5,7,12,6,-20,6,6,-20,6,12,13,4,5,4,-20,9,8,8,9,10,6,5,9,6,15,8,6,4,8,7,6,13,-20,12,7,18,6,7,10,7,4,-20,13,9,-20,-20,-20,-20,15,7,4,8,6,25,9,8,12,11,4,10,18,13,-20,18,-20,12,15,11,7,10,9,6,9,7,14,8,5,21,11,9,-20,4,9,10,2,9,-20,11,10,13,14,7,4,10,6,13,5,7,5,8,-20,7,11,18,4,9,5,7,-20,3,63,6,12,12,9,9,10,15,20,6,19,11,10,11,-20,15,7,12,9,9,-20,10,16,15,11,10,7,13,-20,24,12,14,6,14,12,-20,-20,17,14,14,11,6,8,16,-20,19,-20,5,10,-20,4,10,9,15,11,10,-20,6,17,19,6,-20,9,5,9,10,11,3,11,4,8,10,4,5,3,13,6,5,12,10,4,-20,8,-20,11,4,7,6,4,9,2,2,-20,2,3,-20,-20,11,4,6,12,-20,6,7,12,14,13,19,11,5,-20,8,6,3,7,8,35,12,6,8,9,15,9,12,12,14,-20,11,-20,12,5,5,4,15,-20,6,3,9,3,11,3,-20,-20,-20,7,4,9,6,-20,5,8,-20,-20,15,6,7,8,9,-20,9,-20,14,7,18,7,-20,13,9,12,9,12,4,7,3,6,-20,9,8,6,-20,4,14,6,-20,7,10,4,5,11,5,6,7,-20,-20,4,15,10,-20,-20,-20,11,5,-20,-20,-20,15,-20,13,8,-20,7,6,-20,10,10,8,-20,6,-20,6,9,9,11,39,13,27,18,27,22,28,41,39,126,81,89,57,43,50,44,37
"chr3,14742511",-20,6,-20,3,-20,5,4,-20,6,6,6,10,32,-20,-20,-20,34,-20,79,57,45,-20,35,29,39,13,-20,-20,16,4,3,17,7,13,57,49,25,26,16,12,9,25,18,9,12,57,6,50,13,18,18,29,44,34,32,17,33,20,23,24,35,-20,19,22,32,-20,22,46,-20,18,25,21,14,31,27,39,-20,7,7,10,8,22,19,6,5,34,-20,54,35,-20,-20,-20,41,-20,-20,-20,13,31,10,24,21,28,6,10,33,36,-20,-20,-20,6,-20,-20,-20,-20,-20,-20,4,-20,-20,4,17,8,11,-20,6,-20,-20,-20,-20,-20,-20,9,-20,-20,-20,5,-20,4,-20,-20,-20,-20,6,12,4,5,3,4,-20,8,4,7,19,11,26,14,4,5,40,19,3,-20,4,8,-20,11,4,-20,-20,12,21,46,25,15,9,31,6,20,10,84,21,21,8,7,24,4,22,22,14,-20,15,20,-20,7,14,19,12,11,22,9,10,18,21,24,29,14,11,33,6,21,-20,27,18,17,12,11,28,4,13,10,12,11,20,20,13,13,11,32,18,30,42,20,26,26,4,9,26,-20,11,13,17,15,19,13,8,19,19,20,18,16,19,28,11,15,22,23,19,15,15,20,15,12,22,16,15,18,22,11,34,21,12,29,23,25,25,20,37,49,31,54,10,12,8,29,-20,30,10,-20,-20,15,8,17,4,18,50,-20,35,-20,4,8,26,3,3,-20,8,22,30,-20,27,29,39,27,43,41,8,11,2,4,19,91,9,14,18,19,9,10,-20,8,6,21,7,12,-20,6,32,11,9,35,56,10,13,-20,10,-20,3,9,-20,10,12,11,7,8,5,11,-20,7,-20,5,23,21,11,14,6,8,5,12,-20,5,10,5,10,-20,5,38,7,11,9,52,8,11,10,-20,6,14,15,12,11,26,-20,14,7,13,7,3,6,7,4,5,53,7,-20,-20,-20,20,15,9,8,10,4,6,12,7,3,19,15,11,5,-20,11,6,10,7,6,7,3,9,16,8,13,10,18,6,85,13,15,8,11,4,4,8,8,18,-20,7,4,3,22,4,-20,11,49,13,9,8,7,6,20,8,12,6,3,22,18,6,34,8,-20,8,12,9,3,4,5,9,10,8,11,10,44,30,20,26,14,8,6,6,8,-20,7,-20,5,10,24,16,16,19,-20,15,6,12,7,7,4,-20,39,4,-20,7,6,3,6,27,6,15,44,45,35,45,9,30,30,9,3,28,35,13,8,29,9,6,31,17,10,6,29,9,-20,4,13,-20,6,8,25,8,7,16,3,12,-20,17,26,13,17,5,5,8,13,10,15,8,8,26,16,14,6,3,33,-20,66,4,9,6,15,17,13,8,10,10,16,26,23,44,40,-20,-20,22,5,24,9,27,9,8,20,9,9,7,4,17,8,12,-20,16,24,20,18,7,-20,37,7,11,10,19,18,14,11,16,12,18,-20,7,-20,35,29,11,45,38,28,39,36,23,22,21,19,51,14,27,26,34,32,17,55,35,16,3,29,29,69,13,14,12,11,13,49,20,25,29,31,33,28,16,7,36,12,54,26,28,-20,30,14,13,8,12,9,11,10,18,10,16,15,8,14,9,14,12,8,9,9,18,11,9,9,5,-20,17,7,8,8,6,16,15,10,9,-20,-20,8,4,12,19,8,12,9,8,10,6,12,13,5,10,12,17,14,9,4,5,16,7,14,-20,10,8,12,7,13,4,8,8,6,-20,10,10,13,5,13,13,6,17,11,12,10,8,13,-20,10,7,18,8,15,7,16,14,13,-20,8,7,9,9,11,-20,7,15,9,13,5,10,5,6,7,12,8,11,7,-20,9,10,-20,5,8,12,7,10,7,8,16,6,13,14,8,5,4,-20,10,9,8,9,11,6,5,9,6,16,8,7,5,8,9,6,14,10,12,7,18,6,7,10,7,7,-20,13,10,-20,-20,-20,-20,16,7,4,9,8,26,10,9,12,11,4,12,19,13,-20,18,3,13,16,14,7,10,9,6,9,7,17,9,6,23,12,10,10,4,9,10,2,9,-20,12,11,14,16,7,4,11,8,14,6,7,5,-20,-20,8,12,18,4,9,5,7,-20,3,62,6,12,16,10,9,11,16,-20,7,20,12,10,12,-20,17,8,13,10,9,-20,10,17,15,12,10,7,13,-20,26,13,14,7,14,12,-20,-20,16,15,14,11,9,9,16,-20,19,-20,8,10,-20,4,13,9,15,11,10,3,6,17,19,6,-20,10,5,9,13,11,5,12,4,8,10,5,6,4,15,7,6,13,10,4,-20,8,-20,11,5,7,6,4,9,2,2,-20,3,3,7,-20,12,4,6,12,-20,6,7,12,16,13,19,11,6,-20,8,6,4,8,8,-20,13,6,8,9,15,9,12,12,14,-20,13,-20,12,5,6,4,15,-20,6,6,9,3,11,3,-20,8,-20,7,6,9,6,-20,5,9,-20,-20,15,6,8,8,9,-20,10,-20,16,7,18,7,-20,13,-20,12,10,15,4,-20,3,6,-20,9,9,6,-20,5,13,6,-20,8,9,5,5,12,8,6,6,-20,-20,4,16,-20,-20,-20,-20,11,6,-20,-20,8,15,-20,15,9,-20,-20,6,-20,10,10,9,-20,5,8,7,13,9,11,-20,13,27,18,27,23,29,42,39,123,81,89,57,42,51,44,34
"chr3,14742512",-20,6,-20,3,-20,5,4,-20,6,6,6,10,37,26,24,30,34,34,78,60,46,-20,36,31,40,16,29,29,16,5,3,17,7,13,60,52,26,27,16,12,9,24,19,9,12,58,6,50,12,18,18,29,44,33,31,17,30,20,24,25,37,30,21,25,32,48,26,48,48,18,27,22,14,33,28,41,17,7,7,10,8,24,21,6,5,33,27,61,35,30,28,36,43,33,32,34,13,33,10,25,22,31,6,10,34,37,-20,29,37,6,-20,-20,-20,-20,-20,-20,4,-20,-20,4,17,-20,11,-20,6,-20,-20,-20,-20,-20,-20,9,-20,-20,-20,5,-20,4,-20,6,-20,-20,6,8,4,5,3,4,-20,8,4,7,19,11,26,15,4,5,40,19,3,-20,4,8,-20,11,4,-20,-20,13,21,45,25,14,9,31,8,22,10,84,21,22,8,7,24,6,22,22,14,-20,15,20,-20,7,14,21,11,11,23,8,10,18,21,26,29,14,11,33,6,21,70,28,18,17,12,11,22,4,15,10,12,11,20,20,13,13,10,32,16,31,43,21,26,27,4,9,26,21,11,12,17,16,17,13,9,20,19,17,18,15,20,29,12,15,22,25,19,14,15,19,15,12,21,16,15,18,22,11,35,21,13,29,23,25,26,20,38,48,30,54,10,14,8,29,-20,30,10,-20,8,15,8,18,4,18,52,35,35,5,4,8,-20,3,3,-20,8,24,31,-20,29,31,40,27,45,41,8,11,-20,4,19,87,9,14,20,18,10,10,-20,8,7,22,7,12,-20,6,34,11,9,34,54,11,13,-20,10,-20,3,9,-20,10,12,10,7,8,5,11,-20,7,-20,5,23,22,11,15,6,8,5,12,-20,5,10,5,10,-20,5,40,6,11,9,52,8,11,10,-20,6,14,15,12,11,27,-20,15,7,13,7,3,6,7,4,5,53,7,-20,-20,-20,21,16,9,8,10,4,6,13,7,3,19,16,11,6,-20,11,6,10,8,6,7,3,9,18,8,13,10,18,6,87,14,14,8,11,4,4,8,-20,19,5,7,5,3,21,4,-20,11,49,13,9,8,7,6,20,8,11,6,3,22,18,6,32,8,-20,8,12,9,3,4,4,9,11,8,11,10,46,32,18,26,14,8,6,6,8,-20,7,-20,5,-20,24,15,16,19,-20,15,7,12,7,7,4,-20,41,4,-20,7,6,3,6,28,6,15,44,45,37,45,9,33,30,9,3,28,39,13,8,29,9,6,30,17,10,6,29,-20,-20,5,12,-20,6,8,29,8,8,15,3,12,-20,18,26,13,18,5,5,8,13,10,15,8,8,26,17,13,6,3,33,-20,68,4,9,6,15,17,13,8,10,10,16,27,23,47,42,45,50,22,5,24,9,26,9,8,20,9,8,7,4,17,8,12,-20,16,24,20,18,7,-20,37,7,11,10,19,18,14,11,16,12,18,-20,7,-20,35,29,11,45,38,26,40,36,23,22,20,19,50,14,28,27,34,32,18,55,35,16,3,30,29,71,13,14,12,11,14,48,20,26,30,31,33,28,14,7,35,12,54,26,27,17,28,14,15,8,12,9,11,10,18,10,16,15,8,14,9,14,12,8,9,9,18,11,9,9,5,-20,17,7,8,8,6,16,15,10,9,-20,-20,8,4,11,19,8,12,9,8,8,6,12,13,5,10,12,17,14,9,4,5,16,7,14,-20,10,8,12,7,13,4,8,8,6,-20,10,10,13,5,13,12,6,17,10,12,10,8,13,-20,10,-20,18,-20,14,8,16,14,13,-20,8,7,9,9,11,13,7,15,9,12,4,10,5,6,7,12,8,11,5,4,9,10,-20,5,8,12,7,10,7,8,17,6,13,14,8,5,4,-20,10,9,8,9,11,6,5,9,6,16,8,7,5,8,9,6,14,10,12,7,18,6,7,10,7,7,-20,13,10,-20,-20,-20,-20,16,7,4,9,8,26,10,9,12,11,4,11,19,13,-20,18,3,13,15,14,7,10,9,6,9,7,17,9,6,23,12,10,10,4,9,10,-20,9,-20,13,11,14,16,7,4,11,8,14,6,7,-20,-20,5,8,12,19,4,9,5,6,-20,3,62,6,12,14,10,9,11,16,20,7,20,12,10,12,-20,17,8,13,10,9,-20,10,17,15,12,10,7,-20,-20,26,13,14,7,14,12,-20,-20,17,15,14,11,9,9,16,5,19,-20,6,10,-20,4,13,9,15,-20,10,3,6,17,19,6,6,10,5,9,13,11,5,12,4,8,10,5,6,-20,14,7,6,13,10,4,-20,8,-20,11,3,7,6,4,9,2,2,-20,3,3,7,7,12,4,6,12,-20,6,7,13,16,13,19,11,6,-20,8,5,4,8,8,36,13,6,8,9,15,9,12,12,14,-20,12,-20,12,5,6,4,14,-20,6,6,9,3,11,3,-20,6,-20,7,6,9,6,-20,5,9,-20,-20,12,4,7,8,9,-20,9,-20,13,7,18,7,-20,11,9,12,10,14,-20,7,4,-20,-20,8,-20,5,-20,5,15,-20,-20,7,9,4,5,12,7,5,7,-20,-20,4,-20,-20,-20,-20,-20,9,-20,-20,-20,7,14,7,14,-20,-20,6,5,-20,11,9,9,-20,7,9,7,12,9,11,43,13,28,18,28,23,31,42,39,123,81,86,56,43,52,44,34
"chr3,14742514",-20,6,-20,3,-20,5,4,-20,6,6,6,10,37,26,23,33,35,36,81,62,46,-20,36,31,42,17,30,30,17,5,3,18,7,13,63,55,27,28,16,12,9,25,19,9,12,58,6,51,13,19,18,29,44,35,32,17,36,21,24,24,37,30,22,26,34,48,26,48,48,18,27,23,14,35,29,41,18,-20,8,10,8,26,22,6,5,36,27,64,39,31,30,37,44,35,32,34,15,33,9,25,22,32,7,10,34,38,-20,31,38,6,-20,-20,-20,-20,-20,-20,4,-20,-20,4,18,-20,11,-20,6,-20,-20,-20,-20,-20,-20,9,-20,-20,-20,5,-20,4,-20,6,-20,-20,-20,8,4,5,3,4,-20,8,4,7,19,11,26,15,4,5,44,19,3,-20,4,9,-20,11,-20,-20,-20,13,23,45,22,13,9,30,8,23,10,83,20,22,9,7,24,6,22,23,15,-20,15,20,-20,7,14,21,11,11,27,8,10,18,19,25,30,14,11,33,6,21,71,28,18,16,13,11,23,4,15,10,12,11,20,22,13,13,10,33,16,30,43,21,25,29,4,8,25,20,11,14,17,15,20,13,9,19,20,18,18,15,20,29,12,14,23,24,18,15,15,20,16,12,21,16,16,19,22,11,36,23,12,28,23,25,24,19,41,47,28,51,10,14,8,29,-20,32,10,-20,8,14,8,18,4,18,52,35,35,5,4,8,28,3,3,-20,9,24,33,-20,28,27,41,29,46,45,8,11,2,3,19,91,9,15,21,19,10,10,-20,8,8,24,7,12,-20,6,35,12,9,36,55,11,15,-20,11,-20,3,9,-20,10,12,11,7,8,5,11,-20,7,5,5,22,22,11,15,7,6,6,12,-20,4,10,5,10,-20,5,46,6,11,9,52,8,11,12,-20,6,15,16,12,12,27,-20,16,7,13,7,3,6,7,4,5,53,8,5,-20,-20,21,16,8,9,10,5,6,13,6,2,19,17,12,6,-20,12,7,10,8,7,7,3,9,18,8,14,12,19,7,91,14,14,8,12,4,-20,8,8,20,-20,7,5,4,22,4,-20,13,53,12,9,8,6,6,22,9,12,6,3,22,19,6,30,8,-20,8,12,9,3,4,4,11,11,8,10,11,46,34,19,24,14,8,6,6,8,-20,7,-20,5,12,23,14,16,19,-20,17,7,13,7,8,4,-20,37,-20,-20,7,6,-20,6,28,6,16,47,45,38,47,9,34,33,9,3,30,38,14,8,29,9,6,33,15,11,6,29,10,-20,5,11,-20,6,8,29,8,8,15,3,12,-20,18,26,13,20,5,6,8,13,11,17,8,8,24,17,12,-20,3,33,-20,68,4,8,6,15,17,14,8,10,10,16,27,22,47,43,46,51,24,5,25,10,26,9,9,20,9,8,6,5,17,8,13,-20,15,25,20,18,7,-20,35,7,10,10,20,18,14,13,18,14,18,-20,7,-20,35,29,11,45,39,25,39,39,23,22,20,19,52,14,29,25,32,32,19,54,36,18,3,31,30,70,14,14,12,12,15,48,20,27,29,30,32,27,14,7,36,12,55,28,28,17,29,14,14,8,12,9,11,10,18,10,15,15,8,14,9,14,12,8,9,9,18,11,-20,9,6,-20,17,7,8,8,6,17,15,10,9,-20,-20,8,4,12,19,8,13,9,8,9,6,12,13,6,10,12,17,13,9,4,5,15,8,14,-20,10,8,12,7,13,4,8,8,6,-20,10,10,13,4,13,13,6,17,11,12,-20,9,15,12,10,7,17,-20,14,8,17,14,13,-20,8,7,10,9,11,13,7,15,9,13,5,10,5,7,7,12,8,11,5,4,9,10,-20,5,8,12,7,10,8,8,17,6,14,14,8,5,4,-20,10,9,8,9,11,6,5,9,6,16,9,7,5,8,9,7,14,11,12,7,20,6,7,10,7,7,6,13,10,-20,-20,-20,-20,16,-20,5,-20,8,28,10,11,12,11,4,12,19,15,-20,19,5,12,15,14,7,11,10,6,10,7,17,10,6,23,12,10,10,5,9,10,-20,9,-20,13,11,16,17,7,4,11,8,14,6,7,-20,-20,5,8,13,19,-20,9,5,5,-20,3,62,6,12,14,10,9,11,16,20,8,21,12,10,11,-20,17,8,13,11,9,-20,9,16,15,12,10,7,13,-20,26,13,14,8,14,13,-20,-20,18,15,14,11,9,9,15,5,19,-20,-20,10,-20,4,13,9,15,-20,10,-20,8,17,19,-20,6,10,5,9,14,11,5,12,4,10,11,5,6,-20,15,7,6,13,10,4,-20,10,-20,-20,5,7,6,5,9,3,2,-20,4,3,7,6,13,4,6,12,-20,6,7,13,17,13,19,11,6,-20,-20,5,6,8,8,36,13,7,9,9,15,10,13,12,17,-20,12,-20,13,6,6,4,15,-20,7,6,9,3,11,3,-20,6,-20,7,6,9,6,-20,5,10,-20,-20,14,-20,7,12,9,-20,10,-20,15,6,16,5,-20,13,8,14,10,17,-20,6,5,4,-20,10,10,5,-20,5,15,-20,-20,7,10,6,4,13,9,9,8,-20,-20,4,-20,7,6,-20,-20,7,5,-20,-20,7,15,7,15,11,5,5,4,-20,12,10,9,-20,9,-20,7,16,9,11,43,15,26,19,26,23,31,46,41,123,103,87,58,46,55,46,35
"chr3,14742518",-20,6,-20,-20,-20,5,4,3,6,4,7,10,34,-20,-20,-20,33,-20,81,61,43,-20,37,28,45,16,-20,-20,17,5,3,19,8,16,61,49,26,27,16,12,-20,25,-20,-20,-20,57,6,49,13,-20,19,29,43,33,-20,18,37,21,28,25,37,28,-20,-20,31,-20,24,48,-20,17,26,21,15,31,27,40,-20,-20,8,9,8,24,-20,6,5,36,-20,58,-20,-20,-20,-20,45,-20,-20,-20,14,30,9,25,22,32,6,10,36,37,-20,30,-20,6,-20,-20,-20,-20,-20,-20,5,-20,-20,4,18,-20,-20,-20,5,-20,-20,-20,-20,-20,-20,9,-20,-20,-20,5,-20,-20,-20,6,-20,-20,6,7,4,5,3,-20,-20,8,4,6,-20,-20,28,14,-20,7,48,-20,-20,-20,4,9,-20,11,-20,-20,-20,11,24,46,-20,-20,-20,-20,-20,-20,-20,67,-20,-20,-20,-20,22,6,20,22,-20,-20,14,-20,-20,-20,-20,-20,-20,-20,-20,7,-20,19,20,-20,29,15,10,32,4,19,65,27,17,-20,14,-20,24,4,-20,10,12,11,-20,22,-20,-20,-20,-20,16,31,45,23,26,30,-20,8,-20,-20,-20,-20,18,-20,19,12,-20,21,-20,-20,-20,15,-20,-20,11,-20,-20,-20,-20,-20,-20,-20,-20,12,-20,16,-20,20,22,-20,-20,26,-20,-20,-20,25,-20,-20,-20,-20,-20,43,-20,-20,-20,26,-20,-20,10,-20,-20,-20,-20,18,4,-20,-20,-20,34,5,4,7,-20,-20,3,-20,9,-20,31,-20,25,-20,41,30,42,48,6,11,-20,-20,19,91,8,12,21,19,-20,9,-20,-20,9,20,7,13,-20,6,35,11,9,37,55,11,15,-20,9,-20,-20,10,-20,10,13,11,6,8,5,10,-20,7,6,5,-20,-20,10,13,7,8,6,10,-20,4,10,6,11,-20,5,46,7,11,9,52,8,11,11,-20,6,16,-20,12,13,-20,-20,-20,7,13,7,3,-20,7,4,5,52,8,5,-20,-20,20,17,9,11,11,5,6,14,6,3,18,18,12,6,-20,13,7,9,8,7,6,3,7,15,8,15,11,18,7,92,15,13,8,12,4,4,8,8,20,5,8,7,4,-20,4,-20,12,57,12,9,8,6,6,23,10,12,6,3,-20,19,7,-20,10,-20,8,10,9,3,4,4,11,11,7,10,10,42,33,17,-20,14,8,7,6,8,-20,8,-20,5,12,-20,15,16,16,-20,18,7,13,7,8,4,-20,37,-20,-20,7,-20,-20,7,29,7,17,-20,43,-20,43,9,31,33,10,3,29,36,14,8,-20,9,-20,31,14,-20,6,28,10,-20,-20,12,-20,5,-20,-20,9,7,15,-20,12,-20,-20,-20,13,-20,5,6,7,13,11,17,8,8,23,-20,-20,6,4,32,-20,64,5,8,-20,-20,-20,13,8,9,10,17,27,20,45,41,-20,-20,-20,5,26,10,25,9,8,21,9,9,6,5,16,9,12,-20,15,24,21,19,7,-20,33,8,-20,10,-20,18,13,13,19,15,18,-20,6,-20,-20,-20,-20,45,40,25,38,39,21,22,19,-20,49,14,-20,23,-20,-20,18,52,38,20,3,-20,-20,-20,-20,-20,12,11,18,49,-20,-20,-20,-20,31,-20,-20,7,-20,-20,53,-20,-20,-20,-20,-20,13,8,12,9,-20,12,17,10,15,13,7,12,-20,14,12,8,9,9,18,-20,9,7,5,-20,16,7,8,8,6,16,14,10,8,-20,-20,7,-20,10,19,-20,12,9,11,9,-20,13,13,6,10,12,17,13,9,4,4,15,9,-20,-20,-20,8,13,7,13,4,6,7,6,-20,10,10,12,4,13,13,7,16,10,12,11,8,15,13,10,7,17,7,12,7,15,13,13,-20,-20,7,11,8,9,13,7,15,9,13,5,10,-20,7,7,12,-20,11,5,5,9,10,-20,5,-20,10,7,-20,-20,8,17,5,13,13,8,5,4,-20,-20,9,8,9,11,6,5,-20,6,17,9,7,4,8,9,8,15,11,12,4,20,6,7,8,7,7,8,14,11,-20,-20,-20,-20,14,-20,5,-20,8,29,11,11,12,11,4,11,19,14,-20,19,5,12,16,14,7,10,-20,6,11,-20,18,10,5,21,11,12,10,5,10,10,-20,9,-20,12,11,16,17,8,4,11,8,14,7,7,5,-20,6,9,14,18,-20,9,5,-20,-20,3,67,5,14,13,10,9,11,15,-20,8,20,12,10,12,-20,18,-20,13,11,9,-20,10,17,16,13,10,7,13,-20,24,13,14,7,13,12,-20,-20,-20,14,13,10,9,10,15,5,20,-20,6,10,-20,4,13,10,15,14,10,-20,8,17,18,-20,5,10,5,9,14,14,-20,12,4,10,11,6,6,-20,15,7,6,13,11,4,-20,9,-20,-20,5,6,5,5,8,3,2,-20,4,3,7,6,13,4,5,12,-20,6,7,12,17,12,19,10,6,-20,-20,5,6,7,8,-20,12,7,9,9,13,10,12,12,17,-20,10,6,12,6,6,4,-20,-20,7,6,8,3,12,3,-20,5,-20,7,-20,8,6,-20,5,10,-20,-20,-20,-20,-20,-20,-20,-20,-20,-20,10,6,-20,-20,-20,-20,-20,-20,-20,-20,-20,4,-20,5,-20,-20,-20,-20,-20,-20,-20,-20,-20,-20,-20,-20,5,-20,-20,-20,-20,-20,5,3,-20,4,-20,-20,-20,-20,4,-20,-20,-20,-20,-20,-20,-20,-20,-20,-20,-20,12,-20,-20,-20,-20,8,5,10,9,12,41,15,26,-20,-20,25,33,44,41,119,103,-20,56,47,51,45,37
"chr3,14742519",-20,6,-20,-20,-20,5,4,3,6,4,7,10,39,29,24,33,32,36,84,64,47,-20,39,30,47,17,32,30,16,5,3,19,8,16,64,55,28,28,16,12,8,24,18,12,12,58,6,49,13,21,19,28,42,33,29,20,38,20,29,26,38,31,23,27,32,52,26,50,49,16,28,22,15,33,29,40,17,-20,8,9,8,26,25,6,5,34,27,64,38,30,29,35,45,39,31,36,14,32,9,26,23,31,6,10,37,40,-20,31,43,6,-20,-20,-20,-20,-20,-20,6,-20,-20,4,18,-20,9,-20,5,-20,-20,-20,-20,-20,-20,9,-20,-20,-20,5,-20,-20,-20,6,-20,-20,6,7,4,5,3,5,-20,8,4,6,19,12,28,14,4,9,49,-20,-20,-20,4,9,-20,11,-20,-20,-20,12,24,47,22,14,8,29,9,22,11,67,20,21,10,8,24,6,23,22,17,-20,14,21,-20,7,14,21,6,10,24,7,13,20,20,27,30,15,10,32,4,20,72,30,18,16,14,10,24,4,14,-20,12,10,18,23,9,14,9,31,16,31,45,22,23,31,4,8,21,18,13,14,18,17,20,12,10,21,20,18,17,15,20,31,11,14,23,25,17,13,15,23,14,12,20,16,19,20,22,9,36,26,12,29,21,26,23,19,42,49,28,46,10,14,11,25,-20,30,12,-20,8,16,8,18,4,18,54,35,33,5,4,7,28,-20,3,-20,9,22,34,-20,27,28,42,29,45,48,6,10,-20,3,20,90,8,11,20,18,11,9,-20,9,9,20,7,13,-20,6,38,11,10,39,55,10,14,-20,9,-20,-20,10,-20,10,13,11,6,8,5,10,-20,7,6,5,22,24,10,13,6,8,6,10,-20,4,11,6,11,-20,5,44,7,11,9,49,8,10,11,-20,6,16,14,12,13,24,-20,15,7,13,7,3,7,7,4,5,52,8,5,-20,-20,19,17,8,11,11,5,6,14,6,3,17,17,12,6,-20,13,7,9,8,7,6,3,7,13,8,15,11,18,7,91,15,13,7,12,4,4,7,8,19,5,8,7,4,20,4,-20,12,56,12,9,8,6,6,25,10,12,6,4,21,19,7,24,11,-20,8,10,9,3,4,4,11,11,7,10,11,46,34,17,21,14,8,7,6,8,-20,8,-20,5,12,20,15,16,16,-20,18,7,13,7,8,4,-20,38,-20,-20,6,6,-20,7,29,7,17,46,46,37,45,9,33,33,10,3,32,40,13,8,33,9,5,33,14,11,6,30,9,-20,6,12,-20,5,8,27,9,7,15,3,12,-20,18,26,13,20,5,6,7,12,11,16,-20,8,22,17,13,5,4,33,-20,62,5,8,5,15,18,13,8,9,10,17,26,20,48,43,46,54,25,5,26,10,26,9,7,21,9,9,6,5,16,9,13,-20,15,25,21,19,7,-20,35,8,10,10,19,19,13,13,19,15,18,-20,6,-20,35,28,10,50,40,25,37,39,22,22,19,20,52,12,25,24,34,35,18,50,39,20,3,30,29,68,14,15,13,12,18,50,22,27,35,31,31,29,10,5,38,12,55,28,27,18,31,15,14,8,12,9,-20,11,17,10,15,13,7,13,-20,14,12,8,9,9,18,10,9,7,5,-20,17,7,8,8,6,16,14,10,8,-20,-20,7,-20,11,19,6,12,9,11,9,6,13,13,6,10,12,17,12,9,4,4,14,9,14,-20,10,8,13,7,13,4,6,7,6,-20,10,10,13,4,13,13,7,16,10,12,10,8,15,13,10,7,17,7,13,7,15,13,13,-20,8,7,11,8,9,13,7,16,9,13,5,10,5,7,7,12,6,11,5,5,9,10,-20,5,8,11,7,10,8,8,17,5,13,13,8,5,4,-20,8,9,8,9,11,5,5,9,6,17,9,7,4,8,9,8,15,12,12,4,20,6,7,8,7,7,8,14,11,-20,-20,-20,-20,15,-20,5,-20,8,29,11,11,12,11,4,12,19,15,-20,19,5,12,16,14,7,10,-20,6,11,8,18,10,5,21,11,12,10,5,10,10,-20,9,-20,12,11,16,17,8,4,11,8,14,7,7,5,-20,6,9,14,20,-20,9,5,7,-20,3,67,6,14,14,10,9,11,16,19,8,21,12,10,12,-20,18,8,13,11,9,-20,10,17,16,13,10,7,13,-20,25,13,14,7,13,12,-20,-20,18,15,13,10,9,10,15,5,20,-20,6,10,-20,4,13,10,15,14,10,-20,9,17,18,-20,5,10,5,9,14,15,-20,13,4,10,11,6,6,-20,15,7,6,13,11,4,-20,9,-20,-20,5,6,5,5,8,3,2,-20,4,3,7,6,13,4,5,12,-20,6,7,12,17,12,19,10,6,-20,-20,5,6,7,8,35,12,7,9,9,14,10,12,12,17,-20,11,6,12,6,6,4,17,-20,7,6,8,3,12,3,-20,5,-20,7,6,8,6,-20,5,10,-20,-20,8,-20,7,13,7,-20,6,-20,10,6,14,5,-20,14,7,12,11,9,6,4,-20,4,-20,10,-20,-20,-20,-20,-20,-20,-20,8,10,5,5,9,-20,8,7,-20,5,3,-20,3,-20,-20,-20,5,3,-20,9,6,14,-20,10,6,9,6,-20,-20,10,8,9,-20,8,7,3,9,9,12,46,15,28,21,26,25,31,49,41,125,103,82,57,49,52,45,40
"chr3,14742521",-20,6,-20,-20,-20,5,4,3,5,3,4,9,39,29,26,34,30,37,85,63,46,-20,38,29,46,16,31,31,15,5,4,19,8,15,63,53,28,28,18,12,8,22,17,12,12,57,6,51,15,22,19,27,43,35,30,20,33,20,31,26,37,31,23,28,34,51,26,50,49,18,28,21,14,33,28,39,17,-20,8,9,8,26,25,6,4,34,26,65,37,29,29,37,45,41,32,36,15,32,9,26,23,32,6,10,34,39,-20,34,43,6,-20,-20,-20,-20,-20,-20,-20,-20,-20,3,17,-20,9,-20,5,-20,-20,-20,-20,-20,-20,9,-20,-20,-20,5,-20,-20,-20,6,6,-20,6,7,4,5,-20,5,-20,7,4,6,16,12,25,15,4,9,51,19,-20,-20,4,-20,-20,11,-20,4,-20,12,25,47,22,14,9,28,10,22,12,67,20,21,9,7,21,6,23,22,-20,3,16,21,-20,7,14,20,6,9,23,7,13,19,20,27,32,15,10,31,4,20,75,31,18,15,14,10,25,-20,14,10,11,9,18,23,8,14,9,31,14,31,46,21,23,31,4,8,19,18,13,14,18,17,20,11,10,22,20,17,19,15,21,28,11,15,23,27,15,14,15,22,15,12,21,14,19,20,19,9,38,24,12,28,21,27,23,19,41,49,30,46,10,16,10,24,-20,29,13,-20,9,15,9,18,4,17,49,35,32,5,4,5,29,-20,3,-20,9,20,34,-20,27,27,41,31,45,48,6,11,-20,3,20,90,6,11,19,17,11,8,-20,8,9,21,7,12,-20,5,38,10,10,37,55,10,14,-20,8,-20,-20,9,-20,11,13,13,5,8,6,10,-20,6,6,5,21,24,11,11,-20,8,7,-20,-20,4,11,6,10,-20,4,44,6,11,9,49,8,10,10,-20,6,16,12,12,13,21,-20,14,7,13,8,3,7,6,3,5,49,8,5,-20,-20,20,17,8,12,10,5,7,15,6,3,17,17,9,6,-20,14,6,8,8,7,6,3,7,12,8,14,11,18,7,95,15,12,7,11,4,4,7,7,19,-20,8,8,3,22,4,-20,-20,54,12,9,8,6,5,25,9,12,6,3,21,19,7,24,11,-20,7,9,9,3,5,4,12,12,7,10,11,46,35,17,21,15,8,7,6,-20,-20,9,-20,5,12,20,12,16,15,-20,17,7,13,7,9,4,-20,36,-20,-20,8,6,-20,7,29,7,18,46,47,37,44,10,33,32,11,3,32,41,13,8,32,9,5,34,13,11,6,30,9,-20,6,11,-20,5,7,26,-20,7,14,3,11,-20,18,25,13,19,5,6,7,13,10,16,8,8,22,18,13,-20,4,34,-20,63,-20,9,5,14,18,12,7,9,10,15,27,19,46,42,46,53,24,5,28,9,27,9,6,20,7,9,6,5,16,8,13,4,14,24,20,20,7,-20,37,9,10,9,-20,18,11,14,19,16,18,-20,6,-20,35,28,11,52,41,24,35,38,21,20,19,19,48,12,24,25,33,33,18,52,38,18,3,28,28,69,14,15,13,12,17,49,22,26,36,31,31,29,10,5,36,12,56,27,27,20,30,17,14,8,13,8,9,12,17,9,14,13,7,13,-20,13,12,7,7,8,15,10,10,5,5,-20,18,8,7,8,6,15,11,8,8,-20,-20,7,-20,9,19,5,-20,8,11,9,6,12,13,6,9,11,15,12,9,4,4,16,9,12,-20,-20,8,13,7,13,4,6,9,6,-20,11,-20,13,-20,10,11,7,15,10,11,9,8,14,13,10,6,18,8,13,6,16,13,13,-20,8,6,13,8,8,13,7,16,8,13,7,10,5,6,7,11,6,10,5,4,8,10,-20,5,-20,11,7,9,7,7,17,4,13,13,8,5,4,-20,-20,8,8,8,12,7,5,9,6,17,8,7,4,7,9,8,15,12,11,4,20,6,7,8,6,7,8,16,10,-20,-20,-20,-20,13,-20,4,-20,-20,27,10,12,12,11,4,13,16,14,-20,19,5,12,16,12,7,7,9,-20,11,5,18,10,5,18,11,10,10,5,10,10,-20,7,-20,12,9,15,15,9,-20,10,8,13,7,7,5,-20,6,9,16,20,-20,8,5,6,-20,-20,66,6,14,14,10,10,10,15,17,8,20,12,10,12,-20,17,8,12,11,9,-20,10,16,15,13,10,7,13,-20,22,12,13,6,13,12,-20,-20,19,15,13,10,8,10,15,4,19,-20,6,7,-20,4,14,10,15,15,10,-20,9,17,18,-20,6,10,5,8,15,15,5,12,4,10,10,6,6,-20,14,7,6,13,10,4,-20,7,-20,-20,5,6,6,6,10,3,2,-20,4,3,7,8,13,4,5,12,-20,6,6,12,17,12,19,9,7,-20,-20,5,6,7,7,-20,12,6,9,9,12,12,13,12,16,-20,11,6,12,5,6,4,16,-20,7,7,8,-20,11,3,-20,3,-20,7,5,8,4,-20,5,10,-20,-20,10,-20,7,12,10,-20,7,-20,7,6,15,-20,-20,13,-20,-20,-20,-20,-20,-20,5,6,-20,9,8,-20,-20,-20,-20,-20,-20,7,11,5,5,9,5,7,6,-20,5,3,-20,4,-20,-20,-20,4,3,-20,11,6,14,4,11,6,9,-20,-20,-20,11,-20,10,-20,9,6,4,8,9,13,44,14,29,21,26,27,32,48,43,119,103,82,55,50,50,45,41
"chr3,14742522",-20,6,-20,-20,-20,5,4,3,-20,-20,4,9,38,28,26,34,30,36,82,64,47,-20,37,29,47,16,31,31,15,5,4,19,8,15,62,54,28,28,18,11,8,24,17,12,12,56,6,49,16,21,19,27,42,35,32,20,33,20,31,26,37,32,22,27,33,51,25,52,49,17,28,21,14,32,28,38,17,-20,8,9,8,26,24,6,4,32,26,65,34,29,29,37,42,40,32,36,15,32,9,25,22,32,6,10,33,36,-20,32,43,6,-20,-20,-20,-20,-20,-20,7,-20,-20,3,16,-20,9,-20,5,-20,-20,-20,-20,-20,-20,8,-20,-20,-20,5,4,-20,-20,6,6,-20,6,7,4,5,-20,5,-20,6,4,7,16,12,26,15,4,9,52,18,-20,-20,4,-20,-20,11,-20,4,-20,12,27,49,22,14,9,27,10,21,12,70,20,21,9,7,22,6,24,22,16,3,16,21,-20,5,14,20,6,9,23,-20,13,19,20,26,30,15,10,32,4,22,74,31,18,15,13,10,25,-20,14,10,10,9,18,23,7,14,9,30,14,31,46,23,23,31,4,8,19,19,13,14,16,17,18,10,10,22,20,16,19,15,21,27,13,14,23,26,15,14,15,22,15,12,21,14,19,18,19,9,38,24,12,28,21,25,22,18,40,46,30,44,9,14,10,22,-20,29,13,-20,9,15,9,18,4,14,49,35,32,5,-20,5,29,-20,-20,-20,9,22,34,-20,27,26,41,30,45,48,6,11,-20,3,21,87,6,11,19,17,11,8,-20,8,8,20,7,12,-20,5,38,10,10,36,54,10,14,-20,8,-20,3,8,-20,11,14,14,5,7,6,10,-20,6,6,5,21,24,11,12,6,8,7,12,-20,4,11,6,10,-20,4,44,6,11,9,50,8,10,10,-20,6,15,13,12,13,21,-20,14,7,13,8,3,7,6,3,5,47,8,5,-20,-20,20,16,8,11,10,5,7,14,6,3,16,17,-20,6,-20,14,6,9,8,7,6,3,7,11,8,13,11,19,7,96,16,9,7,11,4,4,7,7,18,6,8,8,3,22,4,-20,13,55,12,8,8,6,5,25,9,12,6,3,21,19,7,23,11,-20,7,9,9,3,5,4,12,12,7,10,11,44,35,17,21,15,8,6,6,-20,-20,9,-20,5,12,19,12,15,13,-20,17,7,13,7,9,4,-20,35,-20,-20,8,6,-20,6,30,7,18,48,46,36,45,9,32,30,-20,3,33,40,13,8,31,9,5,34,13,11,6,31,9,-20,6,12,-20,5,7,26,-20,7,14,3,9,-20,18,25,14,19,5,6,7,13,-20,16,8,8,23,18,13,-20,4,33,-20,62,-20,9,5,14,18,12,7,9,10,16,26,20,47,42,47,54,24,5,28,9,27,9,6,20,5,9,7,5,15,8,12,4,14,23,20,19,7,-20,36,-20,10,9,18,18,11,14,18,16,18,-20,6,-20,34,28,11,52,41,23,35,35,20,21,19,19,45,12,24,25,33,33,19,47,39,17,3,29,29,70,14,15,12,11,19,49,22,24,36,31,29,29,10,5,35,12,56,26,25,20,32,16,14,8,13,7,9,12,17,9,14,13,6,10,-20,12,12,6,6,8,15,10,10,5,5,-20,18,8,7,8,6,15,9,8,7,-20,-20,7,-20,9,18,5,10,8,11,9,6,12,11,6,-20,11,15,11,8,4,4,15,9,12,-20,10,8,13,9,13,4,6,8,6,-20,11,-20,13,-20,9,11,7,15,10,11,9,8,-20,13,10,6,17,8,-20,6,16,12,13,-20,8,5,13,8,7,12,7,16,8,13,8,10,5,6,7,11,6,10,5,4,8,10,-20,5,-20,11,7,9,7,7,17,-20,12,13,7,5,4,-20,7,8,8,7,12,7,5,9,6,17,5,7,4,7,9,8,15,12,-20,4,20,6,7,8,6,7,8,15,10,-20,-20,-20,-20,13,-20,4,-20,-20,27,10,12,12,11,4,13,16,14,-20,19,5,13,16,13,7,7,9,-20,11,5,18,10,5,18,11,10,10,4,10,10,-20,7,-20,12,9,14,14,9,-20,10,8,12,7,7,5,-20,6,9,16,19,-20,7,5,6,-20,-20,67,6,14,13,10,9,10,15,17,9,20,12,8,12,-20,17,7,12,11,9,-20,9,16,15,13,10,7,13,-20,20,12,13,5,12,12,-20,-20,19,14,12,9,8,9,15,4,18,-20,6,7,-20,4,14,10,15,15,10,-20,9,17,18,-20,6,10,5,8,15,15,5,11,4,10,-20,6,6,-20,13,7,6,13,10,4,-20,7,-20,-20,5,-20,6,6,10,-20,-20,-20,4,-20,7,8,12,4,5,11,-20,6,6,12,17,12,19,9,7,-20,-20,5,-20,6,7,33,12,6,-20,9,12,12,13,12,16,-20,11,6,11,5,6,4,16,-20,7,7,8,-20,10,3,-20,3,-20,7,5,8,3,-20,5,9,-20,-20,9,5,5,13,-20,-20,6,-20,8,6,12,5,-20,13,8,14,10,13,5,4,4,4,-20,9,7,-20,-20,-20,10,-20,-20,8,10,-20,5,9,5,6,6,-20,5,4,-20,3,-20,-20,-20,4,-20,-20,12,5,14,4,11,6,10,4,-20,-20,11,7,10,-20,8,7,4,9,9,13,44,14,29,20,26,26,32,47,43,119,103,82,52,51,50,44,42
"chr3,14742523",-20,6,-20,-20,-20,5,4,2,-20,-20,6,9,39,28,26,34,30,34,81,63,47,-20,37,29,47,16,31,30,15,5,4,19,8,17,61,53,28,28,18,11,8,22,17,12,12,56,6,50,16,21,19,27,40,35,33,19,33,20,31,26,37,31,22,27,33,51,26,51,49,18,25,20,14,33,27,39,17,-20,8,9,9,26,24,6,4,35,27,65,34,28,29,36,43,38,32,36,16,32,10,25,23,32,6,10,33,39,-20,33,42,6,-20,-20,-20,-20,-20,-20,7,-20,-20,3,16,-20,9,-20,5,-20,-20,-20,-20,-20,-20,8,-20,-20,-20,5,4,-20,-20,6,6,9,6,7,4,5,-20,5,-20,6,4,7,16,12,28,15,4,9,53,19,-20,-20,4,-20,-20,10,-20,4,-20,11,27,49,22,14,9,27,10,21,13,71,20,21,9,7,22,6,23,22,16,3,16,21,-20,5,14,20,6,9,25,7,13,18,22,26,29,15,10,31,4,22,75,31,18,15,12,10,25,-20,14,10,10,9,18,22,8,14,9,29,14,31,44,22,24,31,4,8,19,19,13,14,15,17,18,8,10,22,20,16,19,14,21,28,12,14,24,26,15,15,16,22,15,12,20,14,19,19,19,9,38,22,12,27,21,24,21,18,40,46,30,39,9,14,10,22,-20,29,14,-20,9,15,9,18,4,14,55,35,31,5,-20,5,30,-20,-20,-20,9,22,33,-20,28,26,41,30,44,48,6,11,-20,3,20,86,5,11,20,17,11,8,-20,-20,8,21,7,11,-20,5,38,9,10,36,54,10,14,-20,8,-20,3,8,-20,11,14,13,5,7,6,8,-20,5,6,5,20,24,11,12,6,8,7,12,-20,4,11,6,10,-20,3,43,6,11,10,50,8,10,10,-20,6,15,13,12,13,22,-20,14,7,13,8,3,7,6,3,5,49,8,5,-20,-20,20,16,7,11,10,5,7,14,6,3,16,17,-20,6,-20,14,6,9,8,7,6,3,7,11,8,13,11,20,7,96,15,7,7,11,4,4,7,7,20,7,8,8,3,20,4,-20,13,55,12,9,8,6,5,26,9,11,6,3,21,19,7,23,11,-20,7,9,9,3,5,4,12,12,7,10,11,46,34,15,21,15,-20,6,6,-20,-20,9,-20,5,12,17,11,17,13,-20,17,7,13,7,9,4,-20,35,-20,-20,8,6,-20,6,28,7,18,48,46,36,45,10,31,30,-20,3,33,39,13,8,31,9,5,34,13,11,6,30,9,-20,6,11,-20,5,7,26,-20,7,14,3,9,-20,18,24,13,19,5,6,7,13,10,16,8,8,21,17,12,4,4,34,-20,58,5,10,5,14,18,12,7,9,10,15,27,19,48,41,47,54,24,5,29,9,27,9,7,21,5,10,7,5,17,8,13,4,14,23,19,17,8,-20,36,-20,10,9,18,16,11,14,21,17,19,-20,-20,-20,34,28,11,52,38,23,36,36,20,20,19,19,42,12,25,25,33,33,18,46,38,16,3,29,30,69,14,14,12,12,19,49,22,24,37,34,27,29,13,5,35,12,54,26,26,20,32,18,14,8,15,7,9,13,17,9,14,13,8,10,-20,12,11,6,8,8,13,9,10,5,6,-20,18,8,7,9,6,16,9,8,7,-20,-20,7,-20,9,18,6,10,7,13,9,6,12,12,6,9,12,15,12,8,4,4,15,8,12,-20,10,8,13,10,13,4,6,8,6,-20,11,8,13,-20,10,11,7,15,10,11,9,9,-20,11,10,8,18,8,12,6,16,14,11,-20,9,6,13,8,7,10,10,17,8,13,8,10,5,5,8,14,6,10,4,4,9,11,-20,5,-20,9,7,9,8,7,16,-20,11,12,6,5,4,-20,8,9,9,6,11,7,6,9,7,17,5,7,4,7,9,8,15,13,-20,5,18,5,6,8,6,8,8,16,10,-20,-20,-20,-20,13,-20,4,-20,-20,27,11,12,12,11,4,15,16,14,-20,18,4,10,15,13,7,8,10,-20,11,5,19,10,5,18,11,9,9,5,10,10,-20,7,-20,12,9,14,14,9,-20,10,9,12,7,7,5,-20,6,8,17,19,-20,9,5,6,-20,-20,69,6,15,13,9,9,10,14,19,9,19,12,7,12,-20,17,8,12,11,9,-20,9,16,14,13,11,7,12,-20,20,11,14,5,12,12,-20,-20,20,14,13,9,11,9,15,6,18,-20,6,7,-20,4,15,10,13,15,10,-20,8,17,18,-20,6,10,5,8,15,16,6,10,5,10,10,8,6,-20,13,8,6,13,9,4,-20,8,-20,-20,5,-20,6,6,10,-20,-20,-20,4,-20,7,7,11,4,5,11,-20,7,6,12,16,12,19,9,-20,-20,-20,5,-20,7,7,33,12,6,-20,9,-20,11,13,12,16,-20,11,6,11,5,6,4,16,-20,7,7,8,-20,8,3,-20,5,-20,7,5,8,3,-20,5,9,-20,-20,9,4,6,12,10,-20,5,-20,6,6,12,4,-20,12,8,13,9,13,4,3,4,5,-20,8,7,-20,-20,-20,8,-20,-20,6,10,6,5,9,5,7,6,-20,5,4,-20,3,-20,-20,-20,5,-20,-20,12,-20,11,4,12,6,9,4,-20,-20,11,6,10,-20,10,6,-20,9,9,14,44,14,29,20,25,24,32,47,42,119,103,82,50,51,50,44,42
"chr3,14742525",-20,7,-20,-20,-20,5,4,2,-20,-20,6,10,-20,-20,-20,-20,30,-20,79,61,47,-20,33,26,46,16,-20,-20,14,5,4,19,8,17,56,49,26,24,18,11,8,22,17,12,12,54,6,48,15,22,18,26,40,32,29,20,31,20,30,23,35,-20,-20,-20,30,-20,22,50,-20,18,25,19,14,30,25,39,-20,-20,8,10,9,23,-20,6,4,35,-20,56,34,-20,-20,-20,44,-20,-20,-20,16,29,10,24,22,30,7,9,32,36,-20,30,-20,6,-20,-20,-20,-20,-20,-20,7,-20,-20,3,16,-20,9,-20,5,-20,-20,-20,-20,-20,-20,8,-20,-20,-20,5,4,-20,-20,6,6,8,6,7,4,5,-20,5,-20,7,5,6,16,12,28,16,4,-20,53,27,-20,-20,3,9,-20,10,-20,4,-20,11,29,49,22,14,9,28,10,22,13,71,20,21,9,7,21,7,21,22,19,3,16,21,-20,5,15,20,6,9,25,7,-20,18,21,26,31,16,13,31,4,22,-20,28,16,14,-20,12,24,-20,-20,9,11,9,18,22,8,13,9,29,13,31,44,21,24,30,4,8,19,-20,15,13,14,17,-20,9,10,25,20,15,19,14,20,28,13,17,24,25,16,16,16,21,16,12,21,13,18,17,18,8,41,22,-20,24,21,25,21,18,37,46,30,42,10,12,10,20,-20,29,15,-20,-20,13,9,17,4,14,-20,-20,31,5,-20,6,29,-20,-20,-20,10,21,32,-20,25,23,41,28,41,50,6,10,-20,3,20,84,4,12,20,18,10,8,-20,-20,8,18,7,11,-20,5,35,9,10,35,53,10,14,-20,9,-20,3,9,-20,10,14,13,-20,7,7,7,-20,6,6,6,18,24,11,12,6,8,7,12,-20,4,11,6,10,-20,3,41,5,11,10,51,8,8,9,-20,6,15,13,12,13,21,-20,13,7,14,7,-20,7,6,3,6,46,8,5,-20,-20,20,15,7,9,10,5,7,13,6,4,16,18,-20,6,-20,14,6,8,8,7,6,3,7,11,8,13,10,20,7,95,14,7,7,11,4,4,8,7,20,7,8,9,3,21,5,-20,14,55,13,9,8,5,5,26,10,11,6,3,21,19,7,22,10,-20,7,8,9,-20,4,4,12,12,8,9,11,43,32,15,17,15,7,6,6,-20,-20,9,-20,5,12,16,11,17,13,-20,16,7,13,7,9,4,-20,34,-20,-20,8,6,-20,6,29,7,18,47,45,32,45,10,30,30,10,3,33,37,13,8,31,9,4,33,12,11,6,33,9,-20,-20,12,-20,5,10,25,9,7,12,3,-20,-20,17,24,13,19,5,6,7,12,10,16,8,7,21,16,12,3,4,33,-20,58,5,11,5,14,17,11,7,9,10,14,24,19,48,40,-20,-20,23,5,31,9,26,9,7,22,-20,10,7,4,16,8,13,4,13,23,21,16,8,4,38,-20,10,9,18,17,10,15,20,17,19,-20,7,-20,34,29,11,51,40,23,35,34,20,21,19,22,39,12,26,25,33,33,18,43,41,16,3,29,29,71,14,14,12,11,18,47,22,25,39,34,27,29,12,5,36,12,53,27,28,-20,32,17,14,8,13,7,9,14,17,9,17,13,8,11,7,11,11,5,9,7,13,9,10,5,5,-20,18,7,5,9,6,16,9,8,12,-20,-20,7,-20,9,17,-20,10,7,13,9,6,12,12,7,10,12,15,12,10,4,4,15,8,-20,-20,-20,8,14,10,13,4,7,8,6,-20,10,-20,13,-20,11,12,7,14,10,11,9,9,-20,12,10,-20,19,8,11,6,15,14,12,6,9,6,13,8,7,10,10,17,8,13,8,10,7,5,8,15,6,9,3,4,9,12,-20,5,-20,10,7,9,8,6,16,-20,11,12,6,5,4,-20,7,9,9,6,12,7,6,9,7,17,5,8,4,7,8,8,15,13,-20,5,16,5,6,8,6,8,7,16,10,-20,-20,-20,-20,14,-20,4,-20,-20,28,11,12,12,11,3,15,15,14,-20,18,5,12,16,13,7,8,10,-20,10,5,20,10,4,18,10,8,10,5,9,10,-20,8,-20,12,9,15,13,9,-20,10,10,12,7,7,5,-20,6,9,17,18,-20,8,5,6,-20,-20,70,6,16,14,9,9,11,15,-20,11,20,11,7,12,-20,16,8,12,9,9,7,9,16,15,14,9,7,11,-20,20,10,15,5,11,11,-20,-20,22,15,12,10,11,9,14,6,18,-20,6,7,-20,5,14,10,13,15,10,5,10,17,18,-20,6,10,5,9,16,15,7,11,5,10,8,8,6,-20,13,8,7,13,8,4,-20,8,-20,-20,5,-20,6,6,-20,4,-20,-20,4,-20,-20,7,11,4,5,11,-20,7,6,11,16,11,20,9,7,-20,-20,5,-20,8,7,34,11,6,-20,9,10,11,13,12,15,-20,-20,5,11,5,5,4,17,-20,7,7,8,-20,9,3,-20,-20,-20,8,5,8,3,-20,5,10,-20,-20,8,-20,5,-20,10,-20,7,-20,7,6,-20,5,-20,10,8,14,9,12,3,-20,4,5,-20,6,7,-20,-20,3,10,-20,-20,4,9,6,5,7,4,8,6,-20,4,3,-20,3,-20,-20,-20,-20,-20,-20,11,-20,12,4,12,6,10,4,-20,-20,10,6,9,-20,9,7,-20,9,9,14,-20,14,30,20,25,21,33,48,41,119,102,82,47,50,48,45,39
"chr3,14742530",-20,5,3,-20,-20,5,4,-20,4,-20,6,8,41,29,30,35,27,34,77,63,44,3,36,26,44,18,30,30,15,5,4,19,8,17,53,53,25,26,16,11,9,19,16,11,11,52,5,46,16,25,17,24,38,25,31,18,31,18,29,25,33,32,23,28,31,53,25,50,42,20,23,17,13,31,24,38,16,7,7,10,8,23,24,6,3,33,24,61,36,24,31,35,36,37,31,42,17,32,9,27,21,34,7,9,32,37,-20,33,42,6,-20,-20,-20,-20,-20,-20,7,-20,-20,3,16,7,9,-20,5,-20,-20,-20,-20,-20,-20,8,-20,-20,-20,-20,4,-20,-20,6,4,7,6,6,5,5,-20,6,-20,6,5,6,16,11,33,15,4,-20,49,25,-20,-20,3,9,-20,9,3,4,-20,11,34,49,21,14,9,32,11,22,14,73,20,21,10,4,17,6,20,22,22,4,20,20,-20,5,15,21,4,9,24,8,12,17,18,23,31,14,10,30,8,16,70,26,16,13,12,12,22,-20,14,7,9,9,19,22,7,11,10,24,12,34,43,18,23,40,5,8,16,22,15,11,17,16,21,9,10,30,15,13,13,13,17,28,14,17,24,26,12,14,17,24,16,15,22,13,19,17,18,-20,39,21,12,25,16,23,24,17,40,47,31,43,10,12,12,17,-20,26,17,-20,7,14,10,16,4,13,68,28,31,4,-20,6,33,-20,3,-20,10,24,32,-20,29,26,43,29,40,50,6,10,-20,3,20,84,4,11,17,18,8,9,-20,-20,8,15,7,11,-20,5,36,10,11,33,51,10,11,-20,8,-20,5,10,2,10,16,13,5,7,6,8,-20,5,6,5,12,23,11,12,-20,5,7,14,-20,4,10,6,11,-20,5,38,9,11,9,47,9,8,10,-20,4,15,10,12,12,16,-20,9,7,15,7,-20,7,5,3,6,42,8,5,-20,-20,20,17,8,11,9,4,7,13,7,4,18,18,10,6,-20,14,6,9,8,7,6,4,6,11,7,13,10,22,5,93,14,8,7,10,5,4,9,7,18,7,9,9,4,17,5,-20,13,56,13,9,10,5,7,26,10,10,6,3,17,20,7,23,10,-20,6,8,9,-20,4,4,12,12,9,9,12,46,30,15,14,15,6,5,8,4,-20,8,-20,4,12,14,8,16,12,-20,16,6,14,7,10,-20,-20,35,-20,-20,7,7,-20,5,29,8,17,46,42,36,45,10,30,32,9,3,33,39,11,8,33,11,5,34,10,13,6,34,8,-20,6,11,-20,4,11,23,-20,8,12,4,7,-20,17,23,13,20,5,6,6,13,8,15,6,7,22,16,10,3,7,34,-20,57,-20,12,6,14,17,-20,6,7,8,14,21,18,51,40,43,55,24,5,32,9,25,9,-20,21,6,9,6,4,15,8,14,4,10,22,19,17,9,3,37,8,10,8,18,17,10,15,19,17,18,-20,5,-20,31,31,11,51,39,24,36,35,17,19,21,21,41,10,27,27,31,34,20,44,36,10,3,31,27,74,17,13,12,13,18,47,23,28,40,32,25,28,15,5,36,13,57,26,33,26,37,16,14,7,10,7,8,13,16,8,18,12,8,12,7,11,11,5,8,9,13,9,10,5,5,5,19,7,5,9,6,16,10,8,12,-20,-20,7,-20,9,15,6,8,7,13,8,5,11,14,7,10,12,17,12,10,4,5,12,8,12,-20,9,8,14,9,12,5,7,8,6,-20,10,9,13,-20,12,13,7,12,9,7,8,9,14,12,9,6,19,6,9,6,15,14,12,4,-20,6,13,9,5,11,11,16,8,12,8,10,8,5,8,15,6,9,5,5,9,10,5,7,9,12,7,9,8,-20,15,4,10,11,6,5,3,-20,6,9,9,-20,13,7,-20,9,-20,16,7,8,4,7,7,8,14,12,8,5,15,5,7,9,7,8,7,15,8,-20,-20,-20,-20,14,8,4,9,8,27,11,11,14,11,3,13,15,14,-20,17,5,13,16,13,6,9,-20,6,12,6,20,10,4,18,11,8,11,-20,7,9,3,9,-20,10,9,13,12,9,4,10,9,9,8,6,5,5,5,8,17,20,3,8,5,6,-20,-20,73,7,16,14,9,8,10,13,20,11,20,10,7,11,-20,16,8,-20,8,9,7,10,15,15,14,9,6,11,-20,21,10,15,5,11,11,-20,-20,22,16,12,9,11,9,11,6,16,-20,6,8,-20,5,13,10,12,14,10,5,10,17,17,6,4,10,4,9,16,15,7,11,6,11,8,10,6,-20,11,9,7,13,8,4,-20,8,-20,4,5,4,5,6,9,4,2,3,4,-20,8,7,9,3,5,10,-20,9,6,12,17,11,17,9,7,-20,10,4,7,8,7,34,11,6,8,9,8,10,14,10,14,4,11,6,11,5,5,3,17,-20,7,7,6,-20,9,3,-20,6,3,8,5,8,3,-20,5,9,-20,-20,9,-20,5,12,10,3,5,-20,6,6,9,5,3,9,8,10,9,7,3,-20,4,4,9,6,7,-20,-20,-20,9,-20,-20,4,8,6,5,8,4,6,6,5,-20,-20,-20,3,-20,5,5,-20,-20,-20,12,4,9,-20,12,5,10,5,-20,-20,10,7,10,3,8,6,-20,7,9,14,43,15,28,23,23,21,30,52,44,129,79,84,47,49,52,46,42
"chr3,14742532",-20,5,3,-20,-20,5,4,-20,4,-20,6,8,44,30,30,34,28,34,76,63,45,3,37,25,43,18,30,29,15,4,4,14,8,16,53,59,26,24,16,10,9,19,16,11,11,51,5,43,17,25,18,23,41,22,31,18,31,19,28,25,33,30,23,27,31,54,25,51,40,20,22,16,14,30,24,40,15,6,7,11,9,23,24,6,2,32,23,60,37,24,30,34,34,37,30,42,17,31,9,28,21,33,8,9,32,36,-20,32,43,6,-20,-20,-20,4,-20,-20,7,-20,-20,3,16,7,-20,-20,5,-20,-20,-20,-20,-20,-20,8,-20,-20,-20,-20,4,-20,-20,6,4,7,5,6,5,5,-20,6,-20,6,4,6,15,11,36,15,4,-20,45,25,-20,-20,3,8,-20,9,3,4,-20,10,35,49,21,14,9,31,11,17,14,66,20,20,10,5,17,6,20,21,23,4,20,20,-20,5,-20,-20,5,-20,24,8,13,16,18,23,33,14,10,30,6,19,70,26,16,13,13,12,24,-20,14,6,9,9,17,21,8,12,10,24,11,33,45,18,23,40,4,8,17,22,14,9,17,16,21,9,11,29,15,13,12,13,17,27,13,17,25,26,11,-20,18,-20,15,15,21,12,19,18,18,10,39,20,11,24,16,22,22,17,38,46,32,40,11,-20,-20,17,-20,-20,17,-20,6,12,11,16,4,14,68,28,30,3,-20,6,34,-20,3,-20,10,25,32,-20,29,26,42,31,41,48,6,9,-20,3,20,80,5,-20,17,19,8,9,-20,-20,8,16,8,11,-20,5,35,11,11,33,52,9,11,-20,8,-20,5,10,2,10,15,13,4,7,6,10,-20,5,6,4,13,23,11,12,-20,5,7,16,-20,5,10,6,11,4,5,38,10,11,9,47,9,8,10,-20,4,15,10,12,12,15,-20,9,7,15,6,-20,7,5,4,6,42,8,5,-20,-20,19,16,8,10,9,4,7,13,7,4,19,17,10,7,-20,14,6,9,9,7,6,4,5,11,7,13,10,21,6,93,14,7,7,10,5,4,9,7,18,7,9,9,4,15,5,-20,13,56,12,9,10,5,6,26,10,10,6,3,14,20,7,22,10,-20,6,8,10,3,4,4,12,13,9,9,12,46,29,15,13,15,6,5,8,4,-20,8,-20,4,12,12,9,15,12,-20,16,6,14,7,10,3,-20,32,-20,-20,7,7,-20,5,31,7,18,-20,39,39,41,11,32,32,9,3,33,39,11,8,-20,11,3,35,9,12,6,36,7,-20,6,11,-20,4,10,23,10,8,13,3,4,-20,17,22,14,19,5,6,6,13,8,17,6,7,21,15,10,-20,7,31,-20,57,5,12,5,14,17,10,5,-20,8,14,22,17,53,44,44,55,-20,5,31,9,24,7,7,19,6,10,6,5,15,7,14,4,10,22,19,16,8,-20,35,11,9,8,17,17,8,15,19,18,18,-20,5,-20,-20,31,12,50,40,24,36,36,17,21,22,21,41,10,27,25,30,-20,21,40,35,10,3,31,28,74,17,14,11,13,19,45,24,28,39,-20,25,25,15,5,37,13,55,32,33,28,37,15,14,6,10,7,8,14,15,8,18,11,8,12,7,11,11,5,9,9,13,9,10,5,5,5,20,6,5,9,6,16,10,8,12,-20,-20,7,3,9,18,5,7,6,13,8,5,11,14,7,11,15,18,14,10,4,5,12,10,12,-20,9,8,14,9,11,5,7,8,6,-20,10,9,13,-20,13,13,7,12,11,8,9,9,14,13,9,6,19,6,9,6,16,14,12,4,-20,7,13,9,5,11,11,16,8,12,7,9,8,5,8,16,6,9,5,6,8,10,5,6,9,12,7,10,-20,-20,15,4,11,11,6,5,3,-20,6,11,9,4,13,7,7,9,-20,15,7,8,4,7,7,9,14,12,10,5,15,6,8,8,8,8,6,14,8,-20,-20,-20,-20,13,8,3,10,10,27,12,11,16,11,-20,13,14,16,-20,18,6,13,16,14,6,9,10,7,12,-20,20,10,4,17,11,8,11,5,7,9,3,8,-20,11,10,13,11,9,4,10,9,9,8,6,5,4,5,9,17,20,3,8,5,6,-20,-20,72,7,16,14,8,8,11,13,20,10,21,10,7,13,-20,16,8,11,8,10,8,11,15,15,15,9,7,12,-20,20,-20,15,4,10,11,-20,-20,21,17,12,9,11,8,12,6,16,-20,6,8,-20,5,13,10,12,14,11,5,11,16,17,6,4,9,4,9,17,15,7,11,6,11,8,11,6,3,9,8,7,13,8,-20,-20,7,-20,4,5,4,5,-20,10,4,2,3,4,-20,7,7,9,3,5,8,-20,10,7,12,17,12,18,10,-20,-20,9,5,7,8,7,35,11,6,11,9,8,10,14,10,14,5,11,6,11,5,5,4,17,-20,6,7,7,-20,8,3,-20,6,3,8,4,8,3,-20,4,9,-20,-20,9,-20,5,12,9,4,5,-20,-20,5,9,5,3,-20,8,10,8,7,3,-20,3,4,7,7,6,-20,-20,-20,9,-20,-20,-20,-20,4,5,5,4,5,5,4,-20,-20,-20,2,-20,5,5,-20,-20,-20,12,4,8,-20,11,5,9,5,-20,-20,8,5,7,3,8,5,-20,7,9,16,44,13,29,24,23,22,29,53,44,118,79,80,44,50,51,45,41
"chr3,14742535",-20,5,4,-20,-20,5,4,-20,5,-20,5,8,45,29,31,32,28,33,77,64,45,3,37,26,41,18,29,29,16,4,3,13,8,16,54,58,25,25,17,-20,8,16,15,10,8,49,5,42,17,24,21,23,39,22,32,17,31,19,28,27,31,31,24,28,30,54,25,52,39,20,22,16,15,29,22,37,15,-20,7,7,9,22,25,6,2,32,22,58,37,24,29,35,36,38,29,41,16,30,9,30,20,33,7,9,27,35,-20,27,42,6,-20,-20,-20,4,-20,-20,7,-20,-20,4,16,8,8,-20,5,-20,-20,-20,-20,-20,-20,8,-20,-20,-20,-20,4,-20,-20,5,4,6,6,6,5,5,-20,6,-20,6,4,5,14,11,35,15,4,-20,47,22,-20,-20,3,8,-20,9,3,4,-20,10,36,49,16,14,8,30,10,18,13,73,18,19,9,5,16,5,18,21,22,4,24,20,-20,5,15,19,5,9,24,8,11,14,18,22,32,14,10,31,6,19,71,26,15,13,11,12,23,-20,13,7,9,10,15,20,9,11,10,19,10,33,41,20,25,42,4,7,17,22,16,9,19,12,22,10,11,28,11,11,12,12,15,26,14,15,23,23,11,13,19,24,15,16,21,9,19,20,18,11,35,19,11,20,15,21,23,16,37,45,32,39,12,14,12,16,-20,25,19,-20,6,10,11,17,4,13,67,50,27,3,2,6,34,-20,3,-20,9,25,33,-20,28,25,39,32,40,48,6,8,-20,3,21,77,5,-20,17,18,7,8,-20,8,7,16,8,11,-20,4,36,11,9,34,46,9,11,-20,9,-20,5,10,-20,10,15,13,3,7,6,10,-20,5,6,4,13,23,9,11,-20,5,8,14,-20,5,10,6,11,4,5,38,10,11,9,48,9,9,9,-20,4,15,9,12,14,15,-20,8,7,14,6,-20,7,5,4,6,40,8,4,-20,-20,16,19,8,9,8,4,7,13,-20,3,19,17,10,7,-20,14,7,9,8,7,5,3,5,10,7,12,10,21,7,95,15,6,7,9,6,4,9,6,17,6,9,9,5,14,5,-20,12,55,11,9,10,5,6,29,10,10,6,3,13,19,6,21,10,-20,7,9,10,3,4,5,12,12,8,9,11,46,28,15,12,15,6,5,8,5,-20,8,-20,4,12,12,9,15,12,-20,15,5,13,7,10,4,-20,30,4,-20,7,-20,-20,5,28,7,17,47,45,36,42,11,32,31,8,3,33,35,11,8,37,10,3,35,8,13,6,34,6,-20,6,10,-20,4,15,22,10,8,12,3,6,-20,16,21,13,19,4,6,6,13,8,17,5,7,21,14,10,-20,7,30,-20,51,5,12,-20,14,17,9,-20,7,8,14,22,16,52,43,44,51,25,-20,32,9,24,7,8,17,5,10,6,5,15,7,13,4,10,21,16,16,9,-20,36,11,9,7,18,17,8,15,19,18,18,-20,5,-20,32,24,11,52,41,23,34,36,17,23,25,22,41,14,26,24,28,32,20,37,35,-20,4,31,26,71,17,13,12,13,17,47,23,29,41,28,26,24,13,3,35,14,50,28,32,30,35,15,14,4,9,7,7,14,15,7,-20,12,9,12,7,11,11,4,9,9,13,9,9,5,5,5,18,6,6,9,6,15,10,8,12,-20,-20,9,3,9,18,4,6,6,14,8,5,9,15,7,11,14,17,14,10,3,7,12,9,-20,-20,8,8,14,10,11,5,7,8,5,-20,10,9,13,5,13,13,7,12,11,9,9,9,12,-20,10,6,18,5,10,6,16,14,14,4,8,7,14,9,5,10,12,14,7,12,7,9,8,5,8,16,6,8,5,6,8,10,3,6,9,12,7,10,-20,-20,15,4,11,11,6,5,3,-20,7,11,9,3,13,7,7,-20,-20,15,8,8,4,8,8,8,13,12,9,5,15,6,10,8,8,8,6,16,8,-20,-20,-20,-20,14,8,3,10,10,27,12,12,16,11,3,13,16,16,-20,19,6,13,16,14,6,9,10,7,12,5,20,10,5,17,11,9,10,5,7,9,3,8,-20,11,10,13,10,9,4,8,9,9,8,7,4,5,6,9,17,20,3,8,5,6,-20,3,72,7,16,12,7,7,11,-20,19,10,20,10,9,13,-20,16,9,10,8,10,8,11,14,15,15,9,7,13,-20,20,9,15,4,10,11,-20,-20,20,19,10,9,10,8,12,6,16,-20,6,-20,-20,5,12,10,11,14,11,5,10,13,18,5,4,9,4,9,17,15,7,11,6,10,8,11,6,3,9,8,7,12,9,-20,-20,7,-20,3,5,4,5,8,10,4,2,3,3,-20,7,7,9,3,5,7,-20,-20,7,12,16,11,18,10,7,-20,9,5,6,8,8,34,11,6,11,9,9,10,14,10,12,6,11,5,12,5,5,5,17,-20,6,7,6,-20,8,4,-20,6,3,9,4,8,-20,-20,4,9,-20,-20,8,-20,-20,10,7,4,4,-20,4,4,8,-20,3,-20,8,10,9,3,-20,-20,3,4,-20,-20,6,-20,-20,-20,7,-20,-20,-20,-20,5,5,6,-20,5,7,-20,-20,-20,-20,-20,-20,5,5,-20,-20,-20,-20,4,-20,5,10,5,7,5,-20,-20,9,5,7,-20,7,5,-20,-20,9,18,42,13,30,26,22,22,27,53,40,111,79,81,43,53,53,42,41
"chr3,14742536",-20,5,4,-20,-20,5,3,-20,4,-20,5,6,43,28,31,32,28,33,76,63,44,3,37,23,42,18,29,29,16,4,3,12,8,16,53,58,25,24,17,9,8,20,16,10,8,50,4,41,14,23,21,26,38,24,33,18,27,18,27,26,30,28,25,28,30,50,25,53,37,20,22,17,15,31,21,35,15,5,7,7,8,22,25,6,2,32,22,57,39,24,29,35,35,36,31,40,16,29,9,30,21,32,7,9,28,35,-20,26,42,6,-20,-20,-20,4,-20,-20,7,-20,-20,4,16,6,7,-20,5,-20,-20,-20,-20,-20,-20,7,-20,6,-20,-20,5,-20,-20,5,4,6,6,5,5,5,-20,6,-20,6,4,5,14,11,35,15,4,-20,46,22,-20,-20,3,8,-20,9,3,4,-20,11,39,47,14,14,8,31,10,17,14,68,15,17,9,4,16,4,18,21,22,4,24,19,-20,5,15,17,5,9,24,8,10,14,18,23,34,15,10,26,6,19,74,26,15,13,11,12,23,-20,12,8,10,10,15,20,10,10,9,17,9,33,44,22,28,42,3,7,17,23,14,9,17,12,22,8,11,28,11,11,11,13,14,26,13,15,24,23,9,13,19,23,15,16,22,9,20,20,18,10,34,18,11,21,11,20,21,14,38,41,32,38,10,14,12,16,-20,24,19,-20,6,10,11,17,4,14,67,50,28,3,2,5,34,-20,3,-20,9,25,33,-20,28,25,40,32,40,48,6,-20,-20,3,20,77,5,-20,17,18,7,8,-20,8,7,16,8,11,-20,4,33,11,9,34,46,9,11,-20,9,-20,5,10,-20,10,15,13,3,6,6,11,-20,5,6,4,11,23,9,11,-20,5,7,14,-20,5,10,6,11,4,5,32,10,11,9,47,9,9,9,-20,4,14,-20,12,14,15,-20,8,-20,14,6,-20,7,5,3,6,37,8,-20,-20,-20,16,19,8,9,8,4,7,13,-20,3,19,17,10,7,-20,14,7,8,8,7,5,3,5,9,7,13,10,21,7,93,15,6,7,8,6,4,9,6,17,7,9,10,5,13,5,-20,12,54,11,9,10,5,6,29,10,10,6,3,12,19,6,21,10,-20,7,9,10,3,4,4,12,12,8,8,11,46,29,11,12,14,6,5,8,5,-20,8,-20,4,12,12,7,14,12,-20,14,5,13,8,10,3,-20,31,4,-20,7,-20,-20,4,27,7,16,45,45,36,43,9,30,31,7,3,32,35,11,8,38,10,3,33,8,13,6,34,6,-20,6,10,-20,4,15,22,10,8,12,4,6,-20,15,19,13,19,4,6,-20,13,8,16,5,7,19,12,8,-20,7,30,11,51,-20,12,-20,14,15,9,-20,7,8,14,22,16,51,42,44,50,24,6,31,9,25,7,8,17,6,10,6,5,15,7,13,4,9,19,16,15,9,3,36,11,8,7,18,17,7,14,17,17,18,-20,5,-20,27,20,11,51,40,24,34,35,17,24,26,20,43,16,25,23,21,28,20,35,36,9,4,30,27,66,15,13,12,11,17,47,-20,30,37,27,24,22,13,3,36,13,43,28,-20,28,32,15,13,3,9,7,7,14,14,7,18,12,9,12,7,11,11,4,9,9,13,9,9,5,5,5,17,6,6,8,5,15,10,8,11,-20,-20,9,3,9,18,5,6,6,14,6,5,9,15,6,10,14,17,14,10,3,7,12,9,11,-20,8,8,14,10,11,5,7,8,5,-20,10,9,13,5,13,11,7,12,11,9,7,9,12,14,9,6,18,-20,10,6,16,14,13,4,9,7,11,9,5,10,12,15,7,12,7,9,8,5,8,15,6,8,5,7,8,9,3,6,9,13,7,9,8,5,16,3,11,10,6,5,3,-20,7,11,9,3,12,7,7,9,-20,15,8,8,4,8,7,8,13,13,9,5,13,7,10,8,8,8,6,16,8,-20,-20,-20,-20,12,7,4,11,10,27,12,12,16,11,3,13,14,16,-20,18,7,-20,15,14,4,9,10,7,13,5,20,9,5,16,10,9,8,5,5,9,-20,8,-20,11,10,13,10,9,4,8,9,9,8,7,3,5,7,9,18,20,3,8,5,6,-20,3,70,7,16,11,7,7,10,13,18,10,18,10,9,12,-20,15,8,7,8,10,8,10,15,15,15,9,6,13,-20,20,-20,15,4,9,11,-20,-20,19,19,10,9,9,8,11,6,16,-20,6,5,3,5,12,-20,11,13,11,5,10,13,17,5,4,8,4,-20,17,15,6,11,6,10,8,11,6,3,9,7,8,11,9,-20,-20,7,-20,3,5,4,5,6,10,4,2,3,3,-20,7,7,9,3,4,7,-20,9,7,11,16,11,18,10,7,-20,7,5,6,-20,8,32,11,6,11,8,9,9,14,10,13,7,11,5,10,6,5,-20,16,-20,6,6,6,-20,9,4,-20,5,3,-20,3,8,-20,-20,4,9,-20,-20,9,-20,-20,11,8,4,4,-20,4,4,8,-20,3,-20,7,11,8,7,3,-20,-20,4,-20,8,7,-20,-20,-20,7,-20,-20,4,-20,4,5,-20,-20,5,7,-20,-20,-20,-20,3,3,5,5,-20,-20,-20,13,4,8,5,10,4,7,4,-20,-20,9,5,9,3,8,4,-20,7,9,19,40,13,31,26,-20,23,27,52,40,111,79,84,-20,53,51,42,41
"chr3,14742540",-20,5,4,-20,-20,5,3,-20,3,-20,5,5,43,28,32,29,25,32,75,59,43,3,36,24,44,21,28,28,19,4,-20,11,8,15,52,58,25,22,17,9,7,19,14,8,8,47,4,40,13,21,19,27,34,23,31,17,28,17,27,27,27,27,26,28,31,49,24,53,37,20,22,17,15,31,21,34,14,4,7,7,7,20,25,6,2,30,22,53,37,25,29,34,33,35,31,39,16,29,8,34,20,33,7,7,27,34,-20,25,40,6,-20,-20,3,5,-20,-20,7,-20,-20,5,13,6,6,-20,4,-20,-20,-20,-20,-20,-20,7,-20,6,-20,-20,5,-20,-20,4,4,6,5,4,5,4,-20,6,-20,6,3,-20,11,9,33,13,3,-20,47,20,-20,-20,3,8,-20,9,-20,4,-20,11,35,46,10,11,7,29,9,15,14,67,9,17,8,4,15,4,13,20,23,4,23,19,-20,5,14,16,-20,7,19,6,9,14,19,18,33,15,9,24,5,18,71,22,9,8,11,14,24,4,13,8,10,8,13,20,8,10,9,14,9,29,43,23,25,38,4,7,14,23,13,9,15,8,21,8,8,28,9,9,7,14,11,22,14,15,25,21,8,11,18,21,14,16,20,7,20,19,17,10,32,15,12,18,11,19,15,12,37,41,29,39,8,14,10,15,-20,22,19,-20,7,10,9,16,-20,12,63,45,21,3,2,5,34,-20,-20,-20,9,24,33,-20,27,26,38,29,39,49,6,8,-20,-20,18,70,-20,11,19,17,5,9,-20,8,7,15,9,11,-20,4,31,10,9,34,43,9,10,-20,9,-20,-20,10,-20,9,14,13,3,5,5,10,-20,5,5,5,10,25,8,11,-20,4,7,14,-20,4,10,6,10,4,5,29,10,10,10,46,9,8,9,-20,4,15,-20,12,13,14,-20,8,4,13,7,-20,7,5,3,6,35,8,5,-20,-20,15,19,9,8,8,3,7,13,-20,3,19,16,10,7,-20,12,7,6,8,7,5,3,5,5,7,13,10,20,7,98,13,4,7,7,8,4,10,5,17,6,8,10,5,11,5,-20,12,49,9,9,9,5,6,29,11,11,6,3,11,18,6,19,11,-20,7,8,10,3,4,3,11,12,8,9,9,46,29,9,11,12,6,5,8,5,-20,7,-20,4,12,10,7,13,12,-20,13,5,12,7,10,3,-20,30,4,-20,7,-20,-20,4,25,7,17,42,41,36,41,9,31,31,7,-20,30,33,11,8,38,10,-20,32,8,10,5,31,6,-20,6,10,-20,5,15,14,10,8,13,5,7,-20,10,15,14,14,4,5,5,12,7,15,5,7,18,11,6,-20,7,29,10,50,5,11,-20,13,15,6,-20,7,-20,14,22,15,53,42,40,52,22,4,33,9,22,7,8,16,5,10,6,6,15,7,13,4,9,18,15,15,9,3,35,11,9,7,17,17,7,14,17,16,15,-20,4,-20,25,20,11,48,38,24,30,36,16,24,26,21,44,16,21,26,18,26,19,31,33,8,4,28,25,64,16,9,11,10,17,46,21,29,41,22,25,20,17,3,33,13,41,25,29,32,29,11,12,3,9,7,6,14,12,7,18,12,8,12,6,11,10,4,9,9,13,9,7,-20,5,5,17,6,6,7,5,15,8,8,10,-20,-20,9,-20,9,16,5,7,6,13,7,5,10,14,6,9,14,17,14,10,-20,7,11,9,10,-20,8,7,13,10,11,4,7,8,5,-20,10,9,13,5,12,11,7,14,10,7,6,7,13,14,8,6,17,-20,8,6,15,10,13,-20,9,7,9,8,6,10,11,14,7,12,7,9,8,6,7,15,6,8,5,7,7,7,3,6,9,13,7,9,8,4,16,3,11,10,6,5,-20,-20,6,10,8,-20,12,7,6,9,-20,14,8,8,3,8,6,7,12,12,9,4,13,6,10,8,7,8,6,16,8,-20,-20,-20,-20,12,5,4,9,10,26,12,-20,16,11,-20,13,15,14,-20,17,8,13,14,14,4,8,10,7,13,5,20,10,5,11,9,9,8,5,5,9,-20,8,-20,9,10,12,9,7,4,8,10,9,8,7,3,5,7,9,18,18,-20,8,5,7,-20,3,69,7,15,10,7,7,10,13,17,10,16,10,7,11,-20,15,8,5,7,9,8,11,13,14,15,9,5,11,-20,19,8,16,4,8,10,-20,-20,16,19,9,8,8,8,8,6,16,-20,5,5,3,4,13,8,10,13,11,4,10,12,17,4,4,8,4,7,17,15,6,13,5,10,8,10,6,3,8,7,8,10,9,-20,-20,6,-20,-20,5,4,5,6,10,5,-20,3,3,-20,7,7,8,-20,4,7,-20,9,6,8,14,11,18,10,7,-20,6,5,6,7,8,33,10,6,10,8,-20,8,13,10,12,7,11,5,9,6,4,4,16,-20,6,6,6,-20,9,4,-20,5,3,9,3,8,-20,-20,4,7,-20,-20,9,-20,-20,10,9,-20,-20,2,-20,4,7,-20,3,-20,8,11,7,8,-20,-20,-20,4,-20,7,7,-20,-20,-20,7,-20,-20,-20,7,-20,4,-20,-20,6,7,-20,-20,-20,-20,-20,3,5,5,-20,-20,-20,14,3,7,4,6,-20,-20,6,-20,2,7,6,7,-20,-20,-20,-20,6,9,19,40,12,31,25,23,24,25,51,38,104,69,83,47,51,51,39,42
"chr3,14742541",-20,5,4,-20,-20,5,3,-20,3,-20,5,5,43,28,32,29,25,31,74,58,43,3,36,25,44,21,28,28,20,4,-20,11,8,16,50,57,25,20,17,9,7,20,13,7,8,45,4,36,13,20,19,27,34,23,28,16,28,16,27,27,26,27,24,28,30,48,24,51,37,18,22,17,15,31,19,33,14,4,7,7,7,20,24,6,-20,30,20,49,37,25,28,34,32,35,31,37,16,29,8,32,20,32,7,6,27,34,-20,24,40,6,-20,-20,3,5,-20,-20,7,-20,-20,5,14,6,6,-20,3,-20,-20,-20,-20,-20,-20,7,-20,6,-20,-20,5,-20,-20,-20,4,6,4,4,5,4,-20,6,-20,6,-20,5,11,7,33,13,3,-20,47,20,3,-20,-20,8,-20,9,-20,4,-20,11,35,46,9,11,7,29,9,14,12,67,9,12,8,3,7,4,13,20,22,4,22,18,-20,4,14,15,-20,6,19,-20,9,13,18,16,33,13,9,24,-20,19,64,22,9,8,8,14,24,4,13,8,10,8,11,20,8,10,9,14,-20,28,40,23,25,41,-20,7,14,23,10,9,14,6,21,8,7,28,7,9,7,14,11,19,14,12,23,19,8,11,18,20,14,16,14,7,19,19,17,10,30,14,12,14,9,18,13,12,35,40,28,36,8,14,10,14,-20,17,19,-20,7,10,9,16,-20,11,60,45,20,-20,2,5,33,-20,-20,-20,8,24,33,-20,27,24,37,29,39,48,6,8,-20,-20,17,70,-20,11,18,17,5,9,-20,7,7,14,8,11,-20,4,30,10,8,34,40,9,9,-20,9,-20,-20,10,-20,9,14,13,3,5,5,10,-20,5,5,5,9,25,8,11,-20,4,5,14,-20,4,9,6,10,-20,5,29,10,10,9,44,9,8,10,-20,-20,15,-20,12,13,13,-20,8,4,12,7,-20,7,5,-20,5,33,7,5,-20,-20,14,19,7,8,8,2,7,13,-20,-20,19,15,10,7,-20,12,7,6,-20,6,5,-20,5,5,7,13,10,20,7,97,13,-20,6,6,8,4,10,5,16,6,7,10,5,11,4,-20,12,48,9,-20,9,5,6,29,11,11,6,3,10,17,6,19,11,-20,7,8,10,3,4,3,11,12,8,9,8,46,26,9,10,12,6,5,8,5,-20,6,-20,4,10,10,7,13,11,-20,13,5,12,-20,10,3,-20,30,4,-20,7,-20,-20,4,24,7,16,42,39,36,40,9,31,30,7,-20,28,32,11,8,37,9,-20,32,7,8,5,30,6,-20,6,10,-20,5,15,13,10,8,13,5,7,-20,8,15,14,12,4,5,4,10,7,15,5,7,16,-20,5,-20,6,-20,10,48,-20,11,-20,13,15,4,-20,7,-20,13,22,13,53,39,39,52,22,3,33,9,22,7,8,16,5,10,6,6,15,7,13,4,9,18,15,15,9,3,35,11,9,7,17,17,7,14,16,16,15,-20,4,-20,22,20,11,47,38,24,27,36,16,23,24,20,44,16,17,26,17,25,18,27,32,8,3,24,24,55,16,8,10,10,16,46,21,28,39,21,24,16,15,3,31,13,41,25,27,32,28,11,12,3,9,7,6,14,12,7,18,11,8,12,6,11,10,4,9,9,12,9,7,5,5,5,17,6,6,7,-20,15,8,7,10,-20,-20,9,-20,9,15,5,7,6,13,7,5,10,13,6,9,14,17,14,10,-20,7,11,9,10,-20,8,7,13,9,11,4,7,8,5,-20,9,9,13,4,12,11,7,13,10,7,6,7,13,14,8,-20,17,-20,8,-20,15,10,13,4,9,7,9,8,6,10,11,12,7,12,7,9,8,6,7,15,6,7,5,7,7,7,3,6,9,13,7,9,8,3,16,3,11,10,6,5,-20,-20,6,10,8,-20,12,7,6,9,-20,13,8,8,3,8,6,7,12,12,9,4,13,6,10,8,7,8,6,16,8,-20,-20,-20,-20,12,5,4,9,10,25,12,10,16,11,-20,13,15,14,-20,17,8,13,15,14,4,8,10,7,13,5,20,10,5,11,9,9,8,5,5,9,-20,8,-20,9,11,12,9,7,4,8,10,8,8,7,3,5,7,-20,18,18,-20,8,5,7,-20,3,67,7,15,10,7,7,10,13,17,10,16,10,7,11,-20,15,8,5,7,-20,8,11,14,14,14,8,5,11,-20,19,8,16,4,8,10,-20,-20,16,19,9,8,7,8,8,6,16,-20,5,5,3,4,13,8,10,12,10,4,10,12,17,4,-20,8,4,7,17,14,6,13,5,10,8,10,6,3,8,7,8,10,9,-20,-20,6,-20,-20,5,4,5,6,10,5,-20,-20,3,-20,7,7,8,-20,4,7,-20,9,6,8,14,11,18,10,7,-20,6,5,6,7,8,33,10,6,10,8,8,8,13,10,12,7,11,-20,9,6,4,4,16,-20,6,6,6,-20,9,4,-20,5,3,9,-20,8,-20,-20,4,7,-20,-20,8,-20,-20,8,8,-20,-20,-20,-20,4,6,-20,-20,-20,-20,-20,-20,-20,-20,-20,-20,-20,-20,4,7,-20,-20,-20,-20,-20,-20,-20,-20,-20,4,-20,-20,-20,5,-20,-20,-20,-20,-20,-20,-20,5,-20,-20,-20,-20,-20,4,-20,-20,-20,-20,-20,-20,-20,7,-20,6,-20,-20,-20,-20,4,9,19,38,12,29,25,22,24,24,49,38,104,69,83,46,50,45,38,42
"chr3,14742543",-20,4,4,-20,-20,5,3,-20,3,-20,5,5,41,28,33,29,22,30,76,58,44,3,37,24,43,21,29,28,20,4,-20,11,7,16,49,58,26,21,15,9,7,21,12,7,7,49,5,35,11,20,20,27,36,24,30,16,29,16,27,26,27,26,24,30,32,49,23,51,38,18,23,17,15,28,21,34,12,4,6,7,7,22,24,6,2,30,20,47,38,24,29,35,31,36,30,37,16,30,8,32,21,32,7,6,29,35,-20,26,40,6,-20,-20,3,7,-20,-20,7,-20,-20,5,13,6,6,-20,3,-20,-20,-20,-20,-20,-20,7,-20,6,-20,-20,7,-20,-20,4,4,6,4,4,5,4,-20,6,-20,6,-20,4,11,7,33,12,3,7,49,19,3,-20,3,8,-20,9,-20,4,-20,10,35,45,10,10,6,30,9,14,12,63,8,12,9,3,6,4,12,17,21,5,19,19,-20,4,14,15,-20,6,19,6,7,12,17,15,32,13,9,23,6,17,64,21,13,9,8,14,26,4,13,9,10,8,13,21,8,10,9,15,7,31,43,24,26,40,4,7,12,25,11,10,16,10,22,8,7,29,8,9,7,13,11,18,13,12,23,19,9,11,21,20,15,16,15,6,19,19,18,10,31,14,-20,14,7,18,13,13,35,38,28,35,8,14,11,15,-20,17,19,-20,7,11,9,17,-20,12,59,51,21,3,2,5,35,-20,-20,-20,8,23,31,-20,28,22,37,27,40,45,6,8,-20,-20,17,69,-20,11,19,17,6,9,-20,8,7,15,8,11,-20,4,29,10,8,36,38,9,9,-20,8,-20,-20,10,-20,9,13,14,3,5,5,10,-20,-20,5,5,7,25,8,10,2,4,5,14,-20,4,9,6,10,4,5,28,10,10,9,43,8,-20,10,-20,4,15,-20,12,13,12,-20,8,4,10,6,-20,7,5,3,5,31,7,6,-20,-20,14,19,7,8,9,3,6,13,-20,3,19,15,10,7,-20,12,7,6,9,5,5,-20,5,-20,7,12,10,20,7,98,13,4,7,6,8,4,10,5,16,-20,7,10,7,11,4,-20,13,45,10,9,9,5,6,29,11,11,6,3,10,17,6,17,11,-20,7,8,10,3,4,3,11,12,8,8,7,43,25,9,10,11,6,5,7,5,-20,6,-20,4,10,-20,-20,13,10,-20,12,5,13,6,10,3,-20,29,4,-20,8,-20,-20,4,24,6,17,45,39,37,43,9,32,30,7,-20,27,32,11,8,37,9,-20,32,7,8,5,-20,6,-20,6,10,-20,3,15,14,10,8,13,5,7,-20,6,15,14,12,4,5,4,10,7,16,5,7,15,10,5,-20,6,27,10,46,5,11,-20,13,15,-20,-20,7,-20,14,22,15,52,38,40,48,20,4,32,9,23,7,8,16,5,10,6,6,17,7,13,4,9,18,14,17,9,3,34,11,9,7,-20,17,7,14,16,15,15,-20,4,-20,22,20,11,48,36,24,26,36,17,24,24,20,44,20,17,26,16,26,20,28,32,8,3,22,24,54,17,9,11,9,16,45,21,27,42,20,24,16,17,3,29,14,36,26,27,31,28,13,12,3,9,7,6,14,12,7,17,10,8,12,6,11,10,4,8,9,12,9,7,5,5,5,17,6,6,7,5,15,7,7,10,-20,-20,9,-20,10,15,5,7,6,13,7,5,10,13,6,9,14,18,14,10,-20,8,11,9,9,-20,8,7,13,-20,11,4,7,8,5,-20,10,9,12,4,12,11,7,14,10,7,6,7,13,14,8,5,16,-20,8,6,15,9,13,-20,9,7,9,8,6,10,11,12,6,12,7,9,8,6,7,15,5,6,5,7,7,7,3,6,9,13,6,9,8,3,16,3,11,10,6,4,-20,-20,7,10,7,-20,12,7,6,9,-20,13,8,-20,3,8,6,-20,12,12,9,4,13,6,9,7,7,8,6,16,8,-20,-20,-20,-20,12,5,-20,9,11,24,12,10,16,11,-20,13,15,13,-20,17,8,13,15,14,4,8,10,7,13,5,19,10,5,11,9,9,7,5,5,9,-20,8,-20,9,10,12,8,7,4,8,10,7,8,7,3,5,7,9,18,18,-20,8,-20,7,-20,3,63,8,14,10,7,7,10,13,17,10,16,11,7,11,-20,15,8,5,7,8,8,11,14,13,14,8,6,11,-20,19,8,16,4,8,10,-20,-20,16,19,9,8,7,8,8,6,16,-20,5,5,3,4,13,8,10,13,9,4,10,12,17,4,4,8,6,7,17,15,6,13,5,10,8,10,6,3,8,7,8,9,9,-20,-20,6,-20,-20,5,3,5,6,10,5,-20,3,3,-20,7,7,8,-20,4,7,-20,-20,5,7,14,11,18,10,7,-20,7,5,7,7,8,32,9,6,9,8,8,8,13,10,12,7,10,5,9,-20,4,4,-20,-20,6,5,6,-20,9,3,-20,5,3,9,3,8,-20,-20,4,7,-20,-20,7,-20,-20,-20,7,-20,-20,-20,-20,-20,-20,-20,-20,-20,5,8,6,-20,-20,-20,-20,-20,-20,3,4,-20,-20,-20,3,-20,-20,-20,-20,-20,-20,-20,-20,3,-20,-20,-20,-20,-20,-20,3,4,-20,-20,-20,-20,11,3,5,3,5,-20,-20,-20,-20,-20,8,-20,-20,-20,-20,-20,-20,5,9,19,38,11,30,27,20,25,23,49,38,104,88,74,43,52,44,36,44
"chr3,14742545",-20,4,4,-20,-20,5,4,-20,3,-20,5,7,40,28,33,27,22,28,75,54,46,3,38,24,43,21,30,28,20,4,-20,11,6,16,50,58,26,19,14,9,7,21,10,6,3,50,5,34,11,20,15,27,35,24,29,15,27,16,27,26,25,24,25,29,32,49,22,51,38,18,22,16,15,28,21,34,13,4,6,5,7,22,24,6,2,30,20,48,37,24,28,34,30,35,30,36,16,30,6,33,20,32,7,6,29,34,-20,26,40,4,-20,-20,3,7,-20,-20,8,-20,-20,5,13,6,6,-20,3,-20,-20,-20,-20,-20,-20,7,-20,6,-20,-20,7,-20,-20,4,4,6,4,4,6,4,-20,7,-20,6,-20,3,10,7,33,13,-20,8,49,18,3,-20,-20,8,-20,9,-20,4,-20,9,34,44,10,9,6,28,9,14,12,63,8,12,8,3,6,4,13,17,14,5,20,19,-20,4,14,15,-20,6,17,6,7,14,17,15,32,10,9,23,6,17,63,21,13,8,7,14,26,4,13,9,9,10,12,22,9,9,7,15,7,34,44,23,26,40,4,7,13,25,10,8,17,11,19,6,7,29,-20,9,7,12,11,18,15,12,20,21,9,11,23,20,16,15,17,6,18,17,18,10,29,13,10,14,8,19,13,14,34,35,28,33,8,14,11,15,-20,12,18,-20,7,11,9,17,-20,10,67,52,21,3,2,5,34,-20,-20,-20,8,22,31,-20,28,23,37,27,40,45,6,8,-20,-20,16,66,-20,8,19,17,6,9,-20,8,6,14,8,11,-20,4,28,10,7,35,37,9,13,-20,8,-20,-20,10,-20,10,13,13,-20,5,5,9,4,6,5,5,7,25,8,10,2,4,5,14,-20,4,9,6,10,4,5,26,10,10,8,43,8,8,10,-20,4,15,-20,12,12,12,-20,8,4,9,6,-20,7,5,3,4,29,5,6,-20,-20,13,18,7,8,9,3,7,13,-20,3,19,15,10,6,-20,12,7,7,9,5,5,-20,5,-20,7,12,10,20,7,94,13,4,7,7,8,4,12,5,-20,6,7,10,6,10,3,-20,13,45,10,9,9,5,6,28,11,11,5,3,10,16,6,16,11,-20,7,8,10,3,4,3,12,11,8,8,7,40,26,9,8,11,5,5,8,3,-20,6,-20,4,10,-20,-20,12,9,-20,11,5,13,6,10,-20,-20,29,4,-20,8,-20,-20,3,24,7,15,45,39,35,43,9,33,30,7,-20,27,31,11,8,36,9,4,32,7,8,4,29,6,-20,6,-20,-20,3,15,14,10,8,13,-20,7,-20,5,13,14,12,4,5,4,9,7,16,5,7,15,10,5,-20,6,27,10,44,5,11,-20,13,14,-20,-20,7,-20,12,21,17,53,38,40,48,20,4,32,9,22,7,8,17,5,10,6,6,17,7,14,4,9,18,13,17,9,3,33,11,9,5,16,17,7,14,16,15,15,-20,6,-20,21,16,11,47,35,25,26,36,17,25,24,20,44,20,16,25,18,27,18,28,31,8,3,23,19,53,17,9,11,9,15,44,22,27,43,20,23,14,17,3,26,12,31,26,28,32,27,13,12,-20,9,7,6,14,11,7,-20,9,8,12,6,9,10,4,8,10,12,9,7,7,5,5,16,6,7,7,5,14,7,8,9,-20,-20,9,-20,9,16,5,7,6,13,7,5,10,13,6,9,14,19,15,9,-20,8,11,10,9,-20,9,7,13,10,11,4,7,8,5,-20,10,9,10,3,12,11,6,14,10,7,6,7,11,14,8,-20,17,2,-20,5,15,9,13,4,9,7,9,7,6,10,11,12,6,11,7,9,8,7,6,14,4,6,5,7,7,7,3,6,6,12,6,9,8,3,15,3,11,10,-20,3,-20,-20,7,9,7,-20,12,6,7,8,-20,13,8,8,3,9,6,8,11,12,8,4,13,6,9,8,7,8,6,16,8,-20,-20,-20,-20,12,5,4,9,10,25,12,10,16,10,-20,13,12,15,-20,17,8,13,14,14,4,8,10,6,13,6,19,10,5,11,9,8,5,5,6,9,-20,8,-20,9,11,12,8,8,3,-20,9,7,8,7,3,5,7,8,18,18,-20,6,5,7,-20,3,59,8,13,9,7,7,-20,12,18,10,16,11,7,10,-20,15,8,5,7,8,8,12,14,13,14,8,6,11,-20,18,7,16,4,8,10,-20,-20,16,19,9,7,7,8,8,6,13,-20,5,5,3,4,13,8,10,13,8,4,10,12,16,4,4,8,7,6,17,15,6,13,5,10,8,10,6,4,8,8,8,9,9,-20,-20,6,-20,-20,5,3,5,6,9,5,-20,3,3,-20,7,7,7,-20,4,8,-20,9,5,7,14,11,19,8,7,-20,7,5,7,7,8,30,9,5,9,6,8,7,13,10,12,7,9,5,9,5,4,4,15,-20,6,5,6,-20,10,-20,-20,5,3,9,3,8,-20,-20,4,7,-20,-20,8,-20,-20,9,7,-20,-20,-20,-20,-20,-20,-20,-20,-20,5,7,7,-20,-20,-20,-20,4,-20,3,7,-20,-20,-20,-20,-20,-20,-20,-20,-20,3,-20,-20,-20,-20,-20,-20,-20,-20,-20,3,-20,5,-20,-20,-20,-20,-20,-20,4,6,-20,-20,-20,-20,-20,7,-20,5,-20,-20,-20,-20,-20,9,19,37,11,30,28,21,25,23,48,36,109,88,75,41,53,44,36,39
"chr3,14742548",-20,4,4,-20,-20,5,4,-20,-20,-20,5,7,40,27,31,28,21,26,77,48,42,3,36,24,45,21,30,28,20,4,3,11,5,16,47,59,24,21,13,9,7,19,9,6,5,49,-20,34,11,18,18,26,37,22,-20,14,27,14,26,23,26,23,25,27,30,44,22,50,36,18,23,15,12,25,20,33,12,4,6,5,7,19,23,6,2,32,20,45,37,25,27,30,29,34,30,36,16,30,6,33,19,32,7,8,26,33,-20,25,39,4,-20,-20,3,7,-20,-20,8,-20,-20,5,13,6,6,-20,3,-20,-20,-20,-20,-20,-20,6,-20,6,-20,-20,7,-20,-20,3,4,6,4,4,6,4,-20,8,-20,6,-20,2,10,7,31,13,-20,8,46,19,3,-20,-20,8,-20,8,3,4,-20,8,33,45,11,9,4,26,11,14,12,65,8,10,7,3,6,4,12,16,13,5,22,18,-20,4,14,12,-20,6,16,6,7,13,20,14,31,10,7,22,7,18,62,19,12,8,6,14,26,4,13,9,8,9,12,21,9,9,4,11,8,33,42,26,25,40,5,8,14,24,11,8,16,12,16,5,6,29,11,9,10,11,12,16,14,12,18,20,9,12,23,20,17,15,17,6,16,18,19,10,24,14,12,17,8,19,12,13,33,36,27,35,10,14,10,14,-20,12,18,-20,10,11,9,16,-20,9,67,53,21,3,-20,5,31,-20,-20,-20,8,22,28,-20,22,22,34,27,38,45,5,7,-20,-20,14,63,-20,6,21,18,7,9,-20,9,5,14,8,9,-20,4,30,11,7,33,39,9,12,-20,8,-20,5,10,-20,-20,14,14,-20,5,4,9,4,6,5,5,6,25,9,10,2,4,6,12,-20,4,9,6,10,4,5,24,10,10,8,43,8,8,10,-20,4,14,-20,10,12,10,-20,9,4,9,6,-20,7,5,3,4,29,5,6,-20,-20,13,17,7,9,9,3,7,12,5,3,19,15,11,5,-20,12,7,8,8,5,5,-20,5,-20,7,13,11,20,6,96,13,4,6,7,8,4,12,5,14,6,8,10,6,8,3,-20,12,41,10,9,9,5,6,25,11,11,5,3,-20,15,6,12,10,-20,7,8,10,3,4,3,11,11,8,8,7,39,24,8,-20,11,6,5,8,4,-20,6,-20,4,9,-20,-20,11,9,-20,11,5,13,7,10,-20,-20,29,4,-20,8,3,-20,3,24,7,15,45,40,34,43,9,32,30,6,-20,27,30,10,7,38,9,6,31,6,8,4,27,6,-20,6,9,-20,3,16,15,10,9,13,-20,6,-20,6,11,15,12,3,5,4,9,7,17,4,7,15,10,4,-20,5,28,10,43,5,11,3,13,14,-20,-20,7,-20,12,20,17,54,38,40,44,21,4,32,9,24,7,8,18,5,10,6,6,17,7,13,4,9,18,14,17,8,3,34,10,9,5,16,17,7,14,15,15,15,-20,6,-20,19,15,-20,48,33,25,24,36,16,25,25,20,43,24,16,24,16,27,18,26,31,8,3,22,17,51,17,9,10,8,16,42,21,29,43,22,24,14,17,-20,27,11,30,25,26,31,27,12,12,-20,9,7,6,14,11,7,13,10,9,11,6,9,8,4,9,10,13,8,7,7,5,5,16,6,7,6,3,14,7,7,9,-20,-20,9,-20,9,16,5,7,6,13,7,4,9,12,5,9,14,18,15,9,-20,7,11,10,9,-20,9,7,13,9,11,4,7,8,5,-20,10,9,10,3,12,12,6,14,10,7,6,7,8,14,8,-20,17,2,8,5,15,9,13,4,9,6,9,6,6,10,9,12,6,11,7,7,7,7,6,13,4,6,5,7,5,7,3,6,6,12,6,9,8,3,15,-20,-20,9,5,3,-20,-20,6,9,7,-20,12,6,7,9,5,12,8,7,3,9,5,8,11,12,7,4,12,6,8,7,7,8,6,16,8,-20,-20,-20,-20,13,5,4,9,10,23,12,9,16,10,-20,12,12,15,-20,16,8,13,14,14,4,8,9,6,13,6,17,9,4,11,9,8,5,5,-20,9,-20,8,-20,9,10,11,9,8,3,6,9,7,8,7,3,5,7,8,17,18,-20,6,5,7,-20,3,56,8,13,9,7,6,9,12,18,9,16,11,8,10,-20,14,7,5,7,7,8,11,13,13,15,8,6,11,-20,18,7,15,3,7,10,-20,-20,15,18,10,7,8,8,8,6,13,-20,5,5,3,4,12,6,9,13,8,4,10,12,15,4,4,8,7,5,15,15,-20,15,5,9,7,10,7,4,8,-20,8,7,9,-20,-20,5,-20,3,5,-20,-20,6,9,4,-20,3,3,-20,6,7,7,-20,4,8,-20,8,5,7,14,10,16,8,7,-20,7,5,6,7,8,30,9,4,9,5,9,8,12,10,12,7,8,5,8,5,4,4,15,-20,6,5,6,-20,10,-20,-20,6,3,9,3,8,-20,-20,4,7,-20,-20,8,-20,-20,-20,8,-20,-20,-20,-20,-20,-20,-20,-20,-20,3,6,5,-20,-20,-20,-20,-20,-20,-20,-20,-20,-20,-20,4,-20,-20,-20,-20,-20,-20,-20,-20,-20,4,-20,-20,-20,-20,-20,-20,-20,4,-20,-20,-20,7,-20,-20,-20,5,-20,-20,-20,-20,-20,-20,-20,-20,-20,-20,-20,-20,-20,9,19,35,11,32,28,21,24,23,44,37,116,88,72,43,53,44,35,40
"chr3,14742554",-20,4,4,-20,3,5,5,2,-20,3,5,7,37,24,29,28,22,26,74,48,41,4,35,20,44,24,27,28,19,4,-20,11,5,17,49,57,25,17,13,9,7,19,6,6,-20,45,5,34,11,17,18,24,32,23,31,14,28,-20,28,19,25,21,26,26,32,39,22,56,37,19,25,13,14,26,20,34,11,4,6,6,7,18,23,4,4,29,19,43,36,19,26,30,24,34,29,35,16,30,6,31,17,33,7,8,26,34,-20,24,41,5,-20,-20,3,9,-20,-20,8,-20,-20,5,13,6,5,-20,-20,-20,-20,-20,-20,-20,-20,6,-20,6,-20,-20,7,-20,-20,3,4,6,4,4,6,4,-20,7,-20,-20,2,-20,14,6,33,14,3,9,42,20,3,-20,-20,8,-20,7,3,4,3,7,34,45,8,8,4,19,12,15,11,64,8,9,7,2,8,3,11,12,14,5,22,15,-20,4,13,11,2,5,16,7,8,15,19,15,33,10,7,20,9,17,34,16,13,8,6,15,26,4,11,10,9,8,12,23,8,4,4,9,-20,33,39,24,25,33,5,8,14,22,10,9,16,12,17,5,7,28,10,9,12,11,10,13,13,8,18,19,9,12,21,19,15,15,17,4,16,18,20,10,24,14,10,16,8,18,11,11,29,34,27,35,10,14,10,14,-20,12,17,-20,7,11,8,16,-20,8,67,45,18,3,-20,6,30,-20,3,-20,6,20,28,-20,21,20,33,25,39,39,5,7,-20,-20,13,60,5,6,21,17,8,9,-20,11,5,16,8,8,-20,4,26,11,8,34,43,7,11,-20,8,-20,5,11,-20,9,11,12,4,4,4,10,3,7,4,5,6,28,9,12,2,5,6,14,-20,4,8,5,8,4,6,22,10,12,9,40,9,7,8,-20,5,14,-20,9,11,6,-20,-20,3,8,5,-20,5,6,4,4,28,5,6,-20,-20,-20,16,8,8,9,3,7,12,3,3,18,16,11,6,-20,11,7,8,8,6,4,4,6,-20,8,12,11,17,6,95,14,6,6,7,8,3,9,5,14,5,8,10,6,7,-20,6,10,40,6,10,8,5,6,25,12,8,5,3,-20,17,7,-20,9,-20,8,7,9,-20,4,3,13,9,9,7,6,40,24,7,-20,12,5,5,5,4,-20,5,-20,4,-20,-20,-20,13,8,-20,7,4,11,7,9,3,-20,26,4,-20,7,-20,-20,3,25,7,15,47,40,37,40,12,34,28,7,-20,22,34,9,7,38,8,5,30,6,5,4,28,6,-20,9,10,-20,4,16,17,10,8,10,6,8,-20,5,11,16,11,3,6,4,9,7,17,3,8,16,9,4,-20,5,28,10,37,4,11,-20,14,12,3,5,7,-20,15,20,15,55,33,40,42,21,5,34,8,25,5,8,20,4,10,7,6,17,7,14,4,11,17,15,16,8,3,34,10,9,5,16,17,7,14,14,16,15,-20,6,-20,19,16,8,45,28,25,22,39,17,24,22,20,44,23,17,22,15,30,16,27,32,7,-20,23,15,52,18,8,8,6,16,37,21,26,44,19,23,13,26,-20,23,10,29,25,26,32,27,12,13,-20,9,7,6,18,9,7,14,10,9,11,6,9,8,5,9,10,14,8,9,7,5,5,15,6,8,6,3,13,8,7,10,-20,-20,9,-20,10,13,7,7,6,13,7,4,8,12,6,9,13,18,13,9,4,8,10,10,10,-20,11,7,12,9,10,5,7,7,6,-20,9,10,9,3,13,12,6,13,10,7,7,9,8,14,9,6,17,3,7,3,15,9,13,4,9,6,10,6,6,10,9,11,6,10,7,7,7,7,6,13,4,6,5,7,6,7,3,7,6,12,6,10,8,5,15,-20,11,10,5,3,-20,-20,6,9,7,-20,12,5,7,9,4,11,8,8,5,9,5,8,9,13,7,4,14,6,-20,8,7,9,6,17,8,-20,-20,-20,-20,13,5,4,9,10,24,12,9,14,7,-20,13,12,16,-20,16,8,14,16,13,4,8,8,6,13,6,18,9,3,10,10,10,5,5,7,9,-20,7,-20,8,11,11,10,8,3,7,9,7,9,7,4,5,7,8,16,18,-20,6,5,8,-20,4,56,5,13,9,7,6,9,11,20,9,15,11,8,10,-20,14,8,6,6,9,9,11,12,12,16,8,6,11,-20,20,8,15,3,7,11,-20,-20,14,18,11,7,8,8,8,7,13,-20,5,5,3,5,12,7,9,14,8,4,12,13,16,8,4,7,7,5,14,15,7,16,6,-20,7,12,8,4,8,10,11,6,9,-20,-20,6,-20,7,6,-20,5,6,9,4,-20,3,3,-20,6,7,8,4,4,11,-20,8,5,8,14,10,16,8,7,-20,8,4,6,7,7,30,9,4,9,6,9,7,13,12,13,8,9,5,9,5,4,3,15,-20,5,5,6,-20,10,-20,-20,7,3,9,4,7,-20,-20,5,8,-20,-20,11,-20,-20,-20,6,-20,-20,-20,-20,-20,-20,-20,-20,-20,-20,-20,-20,-20,-20,-20,-20,-20,-20,-20,-20,-20,-20,-20,-20,-20,-20,-20,-20,-20,-20,-20,-20,-20,-20,-20,-20,-20,-20,-20,-20,-20,-20,-20,-20,-20,-20,-20,-20,-20,-20,-20,-20,-20,-20,-20,3,-20,-20,-20,-20,-20,-20,-20,9,19,38,11,29,30,19,23,23,47,37,113,66,65,46,52,44,34,38
"chr3,14742555",-20,4,4,-20,3,5,5,-20,3,3,5,7,37,27,28,28,22,26,75,47,42,5,35,22,44,24,29,30,19,4,4,11,6,17,49,57,25,18,14,9,7,19,6,6,-20,42,5,33,10,17,17,24,32,23,31,14,28,14,29,19,25,22,27,26,32,39,21,55,37,20,24,13,14,26,20,34,11,4,6,6,7,19,23,4,4,29,19,43,39,19,28,30,23,34,29,34,16,33,6,32,17,33,8,8,26,35,-20,24,41,6,-20,-20,3,9,-20,-20,8,-20,-20,6,14,6,5,-20,-20,-20,-20,-20,-20,-20,-20,6,-20,6,-20,-20,7,-20,-20,3,4,6,4,4,6,4,-20,7,-20,6,2,-20,14,6,30,14,3,9,41,20,3,-20,-20,8,-20,7,3,4,3,6,33,45,8,8,4,19,12,15,11,56,8,8,6,-20,7,3,11,12,14,5,21,16,-20,4,13,11,-20,5,13,7,8,15,19,13,33,10,7,20,9,17,35,16,13,8,6,15,26,4,11,10,9,7,12,22,8,4,4,9,9,33,39,26,24,33,5,8,15,21,10,9,16,12,17,5,7,26,10,9,11,11,10,13,13,8,18,17,9,12,19,18,15,14,17,3,16,18,21,8,24,14,10,16,8,18,11,10,30,31,25,35,10,14,10,15,-20,11,17,-20,7,10,8,16,-20,8,67,45,16,3,-20,6,32,-20,4,-20,6,20,28,-20,19,20,34,25,39,43,5,7,-20,-20,13,62,5,7,20,18,8,8,-20,11,5,16,8,8,-20,4,26,11,8,34,43,7,11,-20,8,-20,5,11,-20,9,11,13,4,4,4,-20,3,7,4,5,5,29,9,10,2,5,6,16,-20,4,8,5,8,4,6,22,10,12,9,40,8,7,8,-20,5,14,-20,9,11,6,-20,-20,3,8,5,-20,5,6,4,4,27,5,6,-20,-20,-20,16,8,9,9,3,7,12,3,3,19,16,11,6,-20,11,7,8,9,6,4,4,6,-20,7,11,11,17,6,97,14,6,6,7,7,3,9,6,15,6,8,10,6,6,-20,6,11,40,6,10,8,5,6,25,12,8,5,3,-20,17,7,8,9,-20,9,7,9,-20,4,-20,13,9,9,7,7,42,25,7,-20,12,5,5,6,4,-20,5,-20,3,9,-20,-20,12,9,-20,8,4,10,7,9,3,-20,26,4,-20,6,-20,-20,3,26,7,15,47,40,37,39,12,33,29,7,-20,22,34,9,7,39,8,4,30,6,5,4,28,6,-20,9,11,-20,4,16,17,10,8,10,6,8,-20,5,10,16,10,3,7,4,10,7,19,3,8,16,7,4,-20,5,26,10,37,4,11,-20,12,12,3,5,7,-20,15,21,15,56,33,41,42,21,5,34,8,29,4,9,20,4,10,8,6,17,7,14,4,11,17,17,16,8,3,35,10,8,5,16,17,7,14,14,17,16,-20,6,-20,18,16,7,43,29,25,22,40,17,24,22,19,43,23,16,22,14,29,16,25,31,7,-20,23,15,52,15,8,8,6,16,38,18,25,44,18,23,12,26,-20,23,10,29,24,25,31,27,12,9,-20,9,8,6,18,9,7,14,10,9,11,6,9,8,5,9,11,14,8,9,7,5,5,15,6,8,6,-20,13,9,7,10,-20,-20,11,-20,10,13,7,7,6,13,7,4,8,13,6,10,13,18,13,9,4,8,10,10,10,-20,11,7,12,9,10,5,7,8,6,-20,9,10,9,3,13,13,6,13,10,7,7,9,9,14,9,7,18,3,8,3,15,9,13,4,9,6,10,6,7,10,9,12,6,10,7,7,7,7,6,13,4,6,5,7,8,8,4,7,6,12,6,10,8,6,15,-20,11,-20,-20,3,-20,-20,6,9,7,-20,12,5,7,9,4,11,9,9,5,9,5,8,9,13,8,4,14,6,11,8,7,9,6,17,8,-20,-20,-20,-20,13,5,4,9,10,24,13,9,14,7,-20,13,12,16,-20,18,8,14,17,13,6,8,8,6,13,6,19,9,3,11,10,10,6,5,7,9,2,8,-20,8,11,11,10,8,3,7,9,7,9,7,4,5,7,8,16,18,2,6,5,8,-20,4,58,5,13,9,7,6,9,-20,20,9,14,11,-20,11,-20,14,8,6,6,9,9,12,12,12,16,9,6,11,-20,22,8,15,3,7,11,-20,-20,14,18,11,7,8,9,8,7,13,-20,5,5,3,5,12,7,9,14,8,4,13,14,16,8,5,8,7,5,14,15,7,16,6,9,7,12,8,4,8,10,12,7,9,-20,-20,6,-20,7,6,-20,5,6,9,4,-20,3,4,-20,6,7,8,4,4,11,-20,8,5,8,14,11,16,8,7,-20,8,4,6,7,7,29,10,5,9,6,9,8,14,12,12,8,9,5,9,5,5,3,15,-20,5,5,6,-20,10,-20,-20,7,3,9,4,7,-20,-20,5,7,-20,-20,11,-20,-20,-20,6,-20,-20,-20,-20,-20,-20,-20,-20,-20,-20,-20,4,-20,-20,-20,-20,-20,-20,-20,-20,-20,-20,-20,-20,-20,-20,-20,-20,-20,-20,-20,-20,-20,-20,-20,-20,-20,-20,-20,-20,-20,-20,-20,-20,-20,-20,-20,-20,-20,5,-20,-20,-20,-20,-20,3,-20,3,-20,-20,-20,-20,-20,9,19,38,11,28,31,19,21,23,48,36,112,66,61,45,51,43,35,38
"chr3,14742556",-20,-20,-20,-20,-20,-20,-20,-20,-20,-20,-20,-20,-20,-20,-20,-20,-20,-20,-20,-20,-20,-20,-20,-20,-20,-20,-20,-20,-20,-20,-20,-20,-20,-20,-20,-20,-20,-20,-20,-20,-20,-20,-20,-20,-20,-20,-20,-20,-20,-20,-20,-20,-20,-20,-20,-20,-20,-20,-20,-20,-20,-20,-20,-20,-20,-20,-20,-20,-20,-20,-20,-20,-20,-20,-20,-20,-20,-20,-20,-20,-20,-20,-20,-20,-20,-20,-20,-20,-20,-20,-20,-20,-20,-20,-20,-20,-20,-20,-20,-20,-20,-20,-20,-20,-20,-20,-20,-20,-20,-20,-20,-20,-20,-20,-20,-20,-20,-20,-20,6,-20,-20,-20,-20,-20,-20,-20,-20,-20,-20,-20,-20,-20,-20,-20,-20,-20,-20,-20,-20,-20,-20,-20,-20,-20,-20,-20,-20,-20,-20,-20,-20,-20,-20,-20,-20,-20,-20,-20,-20,-20,-20,-20,-20,-20,-20,-20,-20,-20,-20,-20,-20,-20,-20,-20,-20,-20,-20,-20,57,-20,-20,-20,-20,-20,-20,-20,-20,-20,-20,-20,-20,-20,-20,-20,-20,-20,-20,-20,-20,-20,-20,-20,-20,-20,10,-20,-20,-20,-20,-20,-20,-20,-20,-20,-20,-20,-20,-20,-20,-20,-20,-20,-20,-20,-20,-20,-20,-20,-20,-20,-20,-20,-20,-20,-20,-20,-20,-20,-20,-20,-20,-20,-20,-20,-20,-20,-20,-20,-20,-20,-20,-20,-20,-20,-20,-20,-20,-20,-20,-20,14,-20,-20,-20,-20,-20,-20,-20,-20,-20,-20,-20,-20,-20,-20,-20,-20,-20,-20,-20,-20,-20,-20,-20,-20,-20,-20,-20,-20,-20,-20,-20,-20,-20,-20,-20,-20,-20,-20,-20,-20,-20,-20,-20,-20,-20,-20,-20,-20,-20,-20,-20,-20,-20,-20,-20,-20,-20,-20,-20,-20,21,18,-20,-20,-20,-20,-20,-20,-20,-20,-20,-20,-20,-20,-20,-20,-20,-20,-20,-20,-20,-20,-20,-20,-20,-20,-20,-20,-20,-20,-20,-20,-20,-20,-20,-20,-20,-20,-20,-20,-20,-20,-20,-20,-20,-20,-20,-20,-20,-20,-20,-20,-20,-20,-20,-20,-20,-20,-20,-20,-20,-20,-20,-20,-20,-20,-20,-20,-20,-20,-20,-20,-20,-20,-20,-20,-20,-20,-20,-20,-20,-20,-20,-20,-20,-20,-20,-20,-20,-20,-20,-20,-20,-20,-20,-20,-20,7,-20,-20,6,-20,-20,6,-20,-20,-20,-20,-20,-20,98,-20,-20,-20,-20,-20,-20,-20,-20,-20,-20,-20,-20,-20,-20,-20,-20,-20,-20,-20,-20,-20,-20,-20,26,-20,-20,-20,3,-20,-20,-20,-20,-20,-20,-20,-20,-20,-20,-20,-20,-20,-20,-20,-20,-20,-20,-20,-20,-20,-20,-20,-20,-20,-20,-20,-20,-20,-20,-20,-20,-20,-20,-20,-20,-20,-20,-20,-20,-20,-20,-20,-20,-20,-20,-20,-20,-20,-20,-20,7,-20,-20,-20,-20,-20,-20,-20,-20,-20,-20,-20,-20,-20,-20,-20,-20,-20,-20,-20,-20,-20,-20,-20,-20,-20,-20,-20,-20,-20,-20,-20,-20,-20,-20,-20,-20,-20,-20,-20,-20,-20,-20,-20,-20,-20,-20,-20,-20,-20,-20,-20,-20,-20,-20,-20,-20,-20,-20,-20,-20,-20,-20,-20,-20,-20,-20,-20,-20,-20,-20,-20,-20,-20,-20,-20,-20,-20,-20,-20,-20,-20,-20,-20,-20,-20,-20,-20,-20,-20,-20,-20,-20,-20,-20,-20,-20,-20,-20,-20,-20,-20,-20,-20,-20,-20,-20,-20,-20,-20,-20,-20,-20,-20,-20,-20,-20,-20,-20,-20,-20,-20,-20,-20,-20,-20,-20,-20,-20,-20,-20,-20,-20,-20,-20,-20,-20,-20,-20,-20,-20,-20,-20,-20,-20,-20,-20,-20,-20,-20,-20,-20,-20,-20,-20,-20,-20,-20,-20,-20,-20,-20,-20,-20,-20,14,-20,-20,-20,-20,-20,-20,-20,-20,-20,-20,-20,-20,-20,-20,-20,-20,-20,-20,-20,-20,-20,-20,-20,-20,-20,-20,-20,-20,-20,-20,-20,-20,-20,-20,-20,-20,-20,-20,-20,-20,-20,-20,-20,-20,-20,-20,-20,-20,-20,-20,-20,-20,-20,-20,-20,-20,-20,-20,-20,-20,-20,-20,-20,-20,-20,-20,-20,-20,-20,-20,-20,-20,-20,-20,-20,-20,-20,-20,-20,-20,-20,-20,13,-20,-20,-20,-20,-20,-20,-20,-20,-20,-20,-20,-20,-20,-20,-20,-20,-20,-20,-20,-20,-20,-20,-20,-20,-20,-20,-20,-20,-20,-20,-20,-20,-20,-20,-20,-20,-20,-20,-20,-20,-20,-20,-20,-20,-20,-20,-20,-20,-20,-20,-20,-20,-20,-20,-20,-20,-20,-20,-20,-20,-20,-20,-20,-20,-20,-20,-20,-20,-20,-20,-20,-20,-20,-20,-20,-20,-20,-20,-20,-20,-20,-20,-20,-20,-20,-20,-20,-20,-20,-20,-20,-20,-20,-20,-20,-20,-20,-20,-20,-20,-20,-20,-20,-20,-20,-20,-20,-20,-20,-20,-20,-20,-20,-20,-20,-20,-20,-20,-20,-20,-20,-20,-20,-20,-20,-20,-20,-20,-20,-20,-20,-20,-20,-20,-20,-20,-20,-20,-20,-20,-20,-20,-20,-20,-20,-20,-20,-20,-20,-20,-20,-20,-20,-20,-20,-20,-20,-20,-20,-20,-20,-20,-20,-20,-20,-20,-20,-20,-20,-20,-20,-20,-20,-20,-20,-20,-20,-20,-20,-20,-20,-20,-20,-20,-20,-20,-20,-20,-20,-20,-20,-20,-20,-20,-20,-20,-20,-20,-20,-20,14,-20,17,-20,-20,-20,-20,-20,-20,-20,-20,-20,-20,-20,-20,-20,-20,-20,-20,-20,-20,-20,-20,-20,-20,-20,-20,-20,-20,-20,-20,-20,-20,-20,-20,-20,-20,-20,-20,-20,-20,-20,-20,-20,-20,-20,-20,-20,-20,-20,-20,-20,-20,-20,-20,-20,-20,-20,-20,-20,-20,-20,-20,-20,-20,-20,-20,-20,-20,-20,-20,-20,-20,-20,-20,-20,-20,-20,-20,-20,-20,-20,-20,-20,-20,-20,-20,11,-20,-20,-20,-20,-20,-20,-20,-20,-20,-20,-20,-20,-20,-20,-20,-20,-20,-20,-20,-20,-20,-20,-20,-20,-20,-20,-20,-20,-20,-20,-20,-20,-20,-20,-20,-20,-20,-20,-20,-20,-20,-20,-20,-20,-20,-20,-20,-20,-20,-20,-20,-20,-20,-20,-20,-20,-20,-20,-20,-20,-20,-20,-20,-20,-20,-20,-20,-20,-20,-20,-20,-20,-20,-20,-20,-20,-20,-20,-20,-20,-20,-20,-20,-20,-20,-20
"chr3,14742561",-20,4,4,-20,4,4,6,2,3,4,5,8,37,26,26,30,24,25,75,49,43,6,35,24,43,24,20,30,21,5,4,10,7,16,41,56,25,18,14,9,9,21,4,6,-20,41,5,32,9,19,17,24,37,24,29,14,25,13,30,19,27,27,27,27,29,38,23,53,36,20,22,14,16,25,19,36,12,4,6,7,7,18,22,7,5,26,20,42,40,18,27,30,23,36,25,34,16,34,6,32,18,32,7,7,28,32,-20,25,38,6,-20,-20,3,10,-20,-20,8,-20,-20,6,14,6,5,-20,-20,-20,-20,-20,-20,-20,-20,7,-20,6,-20,-20,7,3,-20,4,4,7,4,5,6,4,-20,7,-20,6,-20,-20,14,7,28,15,3,13,50,19,5,-20,-20,8,-20,8,4,5,-20,8,34,45,10,6,5,18,12,15,12,57,7,8,7,2,7,2,9,13,14,6,30,20,-20,5,11,12,-20,7,13,7,8,12,22,14,35,8,-20,19,11,16,32,12,16,7,9,16,23,4,12,10,9,8,10,21,7,7,4,6,-20,32,35,26,22,33,4,7,13,23,13,10,16,14,18,6,7,27,11,9,13,9,9,14,11,8,16,19,9,13,18,18,13,14,17,4,15,17,19,10,19,14,9,16,7,14,9,10,31,34,26,40,9,14,11,18,-20,10,17,-20,6,18,11,11,-20,8,71,47,18,4,3,5,34,4,4,-20,6,20,25,-20,19,18,34,25,35,40,5,6,-20,-20,14,67,-20,9,20,18,8,9,-20,11,6,16,7,8,-20,5,26,10,8,38,41,6,11,-20,8,-20,6,11,-20,8,11,12,5,3,4,11,4,6,4,5,4,33,9,9,3,5,8,16,-20,4,8,4,8,4,6,26,12,11,8,44,7,6,9,3,5,18,-20,9,13,4,-20,7,5,6,7,4,6,7,5,3,20,8,6,-20,-20,-20,15,10,10,9,2,7,11,2,3,18,17,11,6,-20,12,7,9,10,6,4,7,7,-20,6,12,11,17,7,97,14,6,5,9,8,3,8,5,15,6,7,10,6,-20,-20,6,12,41,6,11,8,6,7,27,12,8,5,3,-20,18,7,-20,8,-20,9,8,8,-20,3,3,12,7,9,4,7,42,26,6,-20,10,6,4,6,5,-20,5,-20,4,8,-20,-20,14,8,-20,8,4,11,7,9,2,3,29,5,-20,5,3,-20,4,26,6,18,48,43,38,40,14,31,30,7,-20,26,37,9,7,37,8,4,29,4,6,5,30,7,-20,10,12,-20,3,18,14,12,8,10,6,8,3,7,12,18,10,3,7,3,8,7,18,-20,8,17,6,2,-20,5,27,10,37,4,11,3,15,17,4,5,8,-20,13,21,11,55,34,42,42,22,6,35,8,29,4,10,20,5,9,8,7,16,7,16,4,12,17,18,16,8,4,37,10,8,7,16,16,7,14,14,17,14,-20,7,-20,16,13,7,51,24,25,24,41,18,27,23,19,43,22,17,21,14,26,16,27,30,9,-20,24,14,48,15,6,11,6,15,37,16,26,45,17,22,13,38,-20,23,12,35,20,21,31,24,13,9,-20,8,8,6,18,12,6,14,10,10,10,6,10,8,5,11,12,14,10,10,10,5,5,17,6,8,8,-20,13,9,7,12,-20,-20,11,3,10,14,7,9,7,14,6,4,8,13,5,10,13,17,13,9,4,9,9,10,10,-20,10,8,12,10,9,5,8,9,6,-20,10,11,11,3,14,13,6,13,10,7,7,9,10,15,10,7,18,3,8,4,16,12,12,-20,9,5,10,7,7,11,9,12,6,10,8,7,8,7,7,14,6,8,5,8,10,8,4,6,6,12,6,10,8,6,15,-20,12,9,5,3,-20,-20,6,10,7,-20,12,5,9,8,4,11,9,9,5,8,6,8,9,13,8,4,14,5,11,9,9,9,6,18,8,-20,-20,-20,-20,13,5,4,9,10,24,14,9,15,6,3,13,13,17,3,19,9,16,18,14,6,8,7,6,14,8,20,9,4,11,10,10,-20,5,8,11,2,8,-20,10,12,11,10,7,3,5,10,7,10,6,4,5,7,8,18,18,4,7,5,8,-20,4,57,5,13,9,8,7,10,14,20,10,15,11,8,12,-20,14,7,6,6,10,11,12,11,13,17,9,6,11,-20,23,9,16,3,11,11,-20,-20,15,17,11,7,9,8,8,7,13,-20,8,5,5,5,13,8,10,14,10,4,17,15,15,8,6,8,7,6,14,15,9,17,6,9,9,12,7,6,9,12,11,7,10,-20,-20,6,-20,9,6,3,5,6,9,4,-20,3,4,-20,6,7,9,4,3,12,-20,7,5,8,15,10,17,7,7,3,9,4,6,7,9,31,11,5,11,6,12,8,14,14,13,9,9,5,8,5,5,3,16,-20,5,5,6,-20,12,-20,-20,7,7,9,4,8,-20,-20,5,7,-20,-20,14,-20,-20,-20,8,-20,-20,-20,-20,-20,-20,-20,-20,-20,-20,-20,-20,-20,-20,-20,-20,-20,-20,-20,-20,-20,-20,-20,-20,-20,-20,-20,-20,-20,-20,-20,-20,-20,10,-20,-20,-20,-20,-20,-20,-20,-20,-20,-20,-20,-20,-20,-20,-20,10,-20,-20,-20,-20,-20,5,-20,-20,-20,-20,-20,-20,-20,9,19,33,11,26,30,17,23,20,46,37,123,66,60,46,47,40,38,41
"chr3,14742563",-20,4,4,-20,4,4,6,2,3,4,5,7,37,25,27,31,21,25,75,49,43,6,36,24,43,24,19,32,20,4,3,11,7,16,42,57,26,20,14,9,9,20,4,6,-20,42,-20,32,10,18,-20,25,37,23,-20,15,26,14,29,19,27,27,28,29,30,41,23,51,35,20,23,15,16,23,19,35,14,4,6,7,7,18,22,7,5,26,20,41,40,19,27,30,23,36,26,34,16,33,7,33,18,31,7,7,30,32,-20,25,37,6,-20,-20,3,10,-20,-20,8,-20,-20,6,14,6,5,-20,-20,-20,-20,-20,-20,-20,-20,7,-20,6,-20,-20,8,3,-20,3,4,7,4,5,6,4,-20,7,-20,7,-20,2,14,8,32,15,3,13,51,28,5,-20,-20,8,-20,8,4,5,-20,8,34,41,10,6,-20,18,12,14,12,61,7,7,8,2,7,2,10,13,16,5,33,20,-20,6,11,13,-20,7,13,7,8,13,22,15,34,8,11,18,13,16,32,12,14,7,12,17,23,4,12,10,9,8,10,20,-20,7,4,7,-20,34,35,26,23,33,4,7,14,23,13,10,16,14,18,7,7,32,11,9,13,10,9,12,11,9,17,19,9,11,18,18,13,15,19,4,-20,-20,18,10,20,14,8,15,7,14,9,10,30,30,25,42,9,13,12,17,-20,12,17,-20,6,20,-20,10,-20,8,69,47,18,5,3,5,34,4,4,-20,7,21,24,-20,19,18,35,25,34,41,5,6,-20,-20,16,66,-20,9,19,19,8,9,-20,11,6,15,7,8,-20,5,26,10,8,37,42,5,11,-20,8,-20,6,12,-20,-20,11,11,5,3,4,12,5,6,4,5,5,34,9,9,3,5,9,16,-20,4,9,4,8,4,5,26,12,11,8,46,7,5,9,3,4,18,-20,10,13,4,-20,7,5,6,7,4,6,7,5,3,23,8,6,-20,-20,-20,14,10,10,9,3,9,11,2,3,18,17,11,6,-20,12,7,9,10,6,3,7,7,-20,6,11,11,16,8,96,14,6,5,9,7,3,8,5,15,7,7,10,6,-20,-20,6,12,42,6,12,8,5,7,28,12,8,5,2,-20,18,7,-20,8,-20,9,8,8,-20,4,3,12,7,9,4,7,43,26,6,-20,10,6,4,6,5,-20,5,-20,4,8,-20,-20,14,8,-20,8,4,10,7,9,2,4,29,5,-20,5,3,-20,4,26,6,18,47,43,39,41,15,31,29,8,-20,26,37,9,7,38,8,5,29,4,-20,-20,30,7,-20,10,12,-20,3,21,16,12,8,10,6,8,3,7,12,19,11,3,6,3,8,8,17,-20,8,16,6,2,-20,6,28,10,38,4,11,3,15,17,4,5,8,-20,13,19,11,54,34,45,43,22,6,34,8,29,4,11,20,5,9,8,7,15,7,18,4,12,17,18,16,8,6,37,10,9,8,16,16,7,14,16,17,15,-20,7,-20,16,14,-20,50,25,25,25,43,-20,28,-20,19,41,22,20,21,14,27,16,30,30,10,-20,26,16,48,16,6,11,7,16,38,14,28,46,17,22,12,40,-20,23,15,34,21,23,32,26,12,9,-20,8,8,6,19,12,7,14,10,11,10,6,10,8,5,11,12,14,12,-20,10,6,5,16,6,8,8,-20,13,9,7,12,-20,-20,12,4,10,14,7,9,7,14,6,4,8,13,5,10,13,17,13,9,4,9,10,10,11,-20,9,8,12,10,9,5,9,9,6,-20,12,11,11,3,14,13,6,13,10,-20,7,9,10,15,10,7,21,3,8,3,17,12,12,6,9,6,10,7,7,11,10,12,6,10,8,8,8,7,8,15,6,8,8,8,10,8,4,6,6,12,8,10,8,6,15,-20,12,9,5,3,-20,-20,6,10,8,-20,12,5,10,8,5,11,9,9,5,8,6,8,10,13,8,4,14,5,11,10,9,10,6,19,8,-20,-20,-20,-20,13,5,4,9,10,24,14,-20,17,5,3,13,13,15,3,22,10,16,18,14,6,9,7,7,14,8,20,10,4,12,10,10,6,5,8,11,3,8,-20,11,13,11,10,7,3,5,10,7,11,6,4,4,7,8,18,17,4,7,5,8,-20,3,63,5,13,9,8,7,10,14,20,10,15,11,8,12,-20,14,7,6,6,10,12,12,11,13,17,9,6,11,-20,23,9,16,3,11,11,-20,-20,16,18,12,8,9,8,8,8,13,-20,8,5,5,5,13,10,10,14,11,4,17,16,15,8,6,8,7,6,14,15,9,17,6,10,9,12,7,6,9,12,11,7,-20,-20,-20,6,-20,9,6,3,5,6,10,4,-20,3,6,-20,6,7,9,4,3,12,-20,7,6,9,15,11,17,8,7,3,9,4,6,7,9,31,11,5,11,6,12,8,14,14,13,9,9,5,8,5,5,3,16,-20,5,7,6,-20,12,-20,-20,8,7,9,4,8,-20,-20,6,9,-20,-20,13,-20,-20,-20,8,-20,-20,-20,-20,-20,-20,-20,-20,-20,-20,-20,-20,-20,-20,-20,-20,-20,-20,-20,-20,-20,-20,-20,-20,-20,-20,-20,-20,-20,-20,-20,-20,-20,11,-20,-20,-20,-20,-20,-20,-20,-20,-20,-20,-20,-20,-20,-20,-20,10,-20,-20,-20,-20,-20,4,-20,-20,-20,-20,-20,-20,-20,9,19,-20,11,28,29,18,24,20,46,38,122,66,61,47,46,40,40,42
"chr3,14742565",-20,4,4,-20,4,4,6,2,3,4,-20,-20,38,27,27,34,24,25,77,49,43,6,34,25,45,24,21,34,20,4,3,12,7,16,42,61,27,20,13,9,9,22,3,6,-20,43,5,32,11,20,18,24,36,23,32,16,26,13,30,21,28,26,28,29,30,39,24,52,36,20,22,15,16,26,18,37,15,4,6,7,7,-20,22,7,7,26,19,42,39,18,27,30,24,36,26,34,16,32,7,33,19,30,7,7,31,35,-20,25,36,-20,-20,-20,3,10,-20,-20,8,-20,-20,6,14,6,5,-20,-20,-20,-20,-20,-20,-20,-20,7,-20,6,-20,-20,8,3,-20,3,4,7,4,5,6,4,-20,7,-20,-20,-20,2,13,8,32,15,3,13,51,35,5,-20,-20,8,-20,8,4,5,-20,8,40,41,14,6,5,17,12,15,13,61,8,8,8,2,8,-20,10,13,16,5,31,20,-20,6,9,13,-20,7,13,8,9,13,23,15,37,8,11,17,13,17,32,11,15,6,12,17,23,5,12,11,11,8,9,24,6,8,6,8,-20,34,36,26,23,33,4,7,15,23,13,10,16,14,18,8,6,34,12,8,13,11,9,14,11,9,17,18,8,14,19,19,13,17,20,4,15,20,19,9,22,13,10,14,7,13,11,10,28,37,22,40,8,14,12,18,-20,12,16,-20,6,19,8,11,-20,9,69,44,19,5,3,-20,36,4,4,-20,7,20,24,-20,19,19,36,25,34,44,6,7,-20,3,15,67,-20,9,20,19,8,9,-20,11,7,15,7,8,-20,5,25,11,8,37,42,5,11,-20,8,-20,6,12,-20,9,11,11,6,3,4,12,7,6,5,5,5,34,9,10,3,5,9,16,-20,4,10,4,8,4,5,26,13,11,8,48,-20,6,9,3,4,18,-20,10,13,-20,-20,6,5,6,7,4,6,7,5,3,25,8,6,-20,-20,-20,14,10,11,9,3,10,11,2,3,19,17,11,6,-20,11,7,9,10,6,3,6,7,-20,6,11,12,17,-20,97,13,6,5,10,8,3,8,5,14,7,7,11,6,-20,-20,6,11,44,6,12,8,5,7,28,12,9,5,2,-20,18,7,-20,9,-20,-20,8,8,-20,4,3,12,7,9,5,9,42,26,6,-20,10,6,4,6,5,-20,6,-20,4,8,-20,-20,14,8,-20,9,4,-20,7,9,3,4,29,5,-20,5,3,-20,4,26,6,19,47,43,40,42,15,31,32,8,-20,26,37,9,7,42,8,5,29,5,7,6,30,6,-20,10,12,-20,3,22,17,12,8,11,5,8,3,7,13,20,11,3,6,3,10,8,18,-20,-20,19,5,2,-20,6,29,10,39,4,12,3,14,17,4,6,8,-20,13,21,11,53,32,44,44,21,9,34,8,29,4,12,20,5,9,9,-20,15,7,18,4,12,17,18,15,8,6,37,10,9,8,16,16,7,13,16,17,15,-20,7,-20,16,14,8,51,26,27,26,45,15,28,22,18,44,22,20,24,17,29,16,31,31,11,3,27,18,49,15,6,11,7,15,41,16,29,47,17,22,16,47,-20,23,15,32,21,23,34,25,12,10,-20,9,8,6,19,12,6,14,10,11,10,6,10,7,5,12,11,14,12,10,10,6,5,16,6,8,8,5,13,9,7,12,-20,-20,12,4,10,14,-20,9,7,16,6,4,8,13,5,10,14,14,13,9,4,9,11,10,11,-20,9,8,12,9,9,5,9,9,-20,-20,12,11,10,3,13,12,6,13,10,7,7,9,11,15,11,7,21,4,8,-20,17,12,12,6,9,6,10,7,7,11,9,12,6,-20,-20,8,8,7,8,15,6,-20,-20,8,10,8,4,6,5,11,8,9,8,6,15,-20,12,9,5,3,-20,-20,6,-20,8,-20,11,5,10,8,5,10,9,9,-20,8,6,8,10,10,8,4,14,4,11,10,9,10,6,19,8,-20,-20,-20,-20,12,5,3,9,10,24,14,9,17,-20,3,13,12,16,3,22,11,16,18,14,6,9,7,7,14,9,20,10,4,12,10,10,6,5,8,11,3,8,-20,11,12,11,-20,-20,3,5,10,7,11,6,4,4,7,8,18,18,4,7,5,8,-20,3,64,5,14,8,8,-20,10,14,20,-20,15,11,7,11,-20,14,7,6,6,-20,12,12,13,13,16,9,6,11,-20,23,-20,16,3,12,-20,-20,-20,16,18,12,8,9,8,8,8,12,-20,8,5,5,-20,13,10,8,14,11,4,17,16,16,9,6,8,7,6,14,16,9,17,6,9,9,12,7,6,8,12,12,7,10,-20,-20,-20,-20,9,6,3,-20,6,10,4,-20,3,6,-20,6,7,9,5,-20,11,-20,7,7,9,15,11,-20,7,7,3,9,4,6,7,9,31,11,5,11,6,12,8,14,-20,13,9,9,5,8,5,5,3,16,-20,4,7,7,-20,12,-20,-20,8,7,-20,4,8,2,-20,6,9,-20,-20,14,-20,-20,-20,10,-20,-20,-20,-20,-20,-20,-20,-20,-20,-20,3,-20,-20,-20,-20,-20,-20,-20,-20,-20,-20,-20,-20,-20,-20,-20,-20,-20,-20,-20,-20,-20,-20,11,-20,-20,-20,-20,-20,-20,-20,-20,-20,-20,-20,-20,-20,-20,-20,10,-20,-20,-20,-20,-20,-20,-20,3,-20,-20,-20,-20,-20,9,19,33,11,29,30,18,25,21,48,38,130,66,63,50,46,41,40,43
"chr3,14742566",-20,5,4,-20,4,4,6,2,3,4,5,7,38,28,27,34,26,25,78,49,43,7,36,26,44,24,22,33,22,4,3,12,7,16,41,61,28,20,15,9,9,21,4,6,3,43,-20,32,11,21,19,24,34,23,31,16,26,14,30,23,28,27,29,28,32,41,24,52,36,20,21,15,17,26,18,37,16,4,6,7,7,16,23,7,8,27,19,43,40,19,27,32,24,36,27,36,16,32,7,34,20,31,7,7,31,35,-20,25,36,5,-20,-20,3,10,-20,-20,9,-20,-20,6,14,6,7,-20,-20,-20,-20,-20,-20,-20,-20,7,-20,6,-20,-20,8,3,-20,3,4,8,4,5,6,5,-20,7,-20,7,-20,2,13,8,34,15,3,13,51,34,6,-20,-20,8,-20,8,4,5,-20,8,40,40,14,6,5,16,12,15,13,76,8,9,10,2,9,-20,10,14,16,6,31,19,2,5,9,13,-20,7,14,8,10,13,26,15,36,8,13,17,13,-20,33,11,15,6,12,17,23,5,12,11,10,7,9,23,6,9,6,8,-20,34,35,27,23,32,4,7,14,23,13,11,16,14,18,8,6,34,15,8,13,10,-20,14,11,9,15,18,8,14,18,19,14,17,20,5,14,20,20,11,22,13,11,14,8,12,11,10,30,40,22,40,8,13,13,18,-20,12,18,-20,6,20,8,11,-20,9,70,44,19,5,3,4,34,4,4,-20,7,21,23,-20,18,20,36,25,35,44,6,7,-20,3,15,67,4,9,21,20,8,9,-20,11,7,15,-20,8,-20,5,25,11,8,37,42,6,11,-20,8,-20,6,13,-20,10,10,11,6,3,4,12,7,6,5,5,5,34,9,9,3,5,9,16,-20,4,10,5,8,4,5,27,13,12,8,48,7,6,9,3,4,18,-20,12,13,3,-20,5,5,6,8,4,6,7,5,2,26,8,6,-20,-20,-20,14,10,11,10,3,10,12,-20,3,21,17,11,6,-20,11,7,9,10,6,3,6,7,-20,6,11,12,17,7,100,13,6,4,10,8,3,8,5,14,7,7,11,6,-20,-20,6,-20,46,6,13,8,5,7,27,12,9,5,2,-20,18,7,-20,9,-20,9,8,8,-20,4,3,12,7,9,5,9,43,27,6,-20,10,6,4,7,5,-20,6,-20,4,8,-20,-20,14,8,-20,9,4,8,7,10,3,4,29,5,-20,5,3,-20,4,26,6,19,45,45,41,42,16,32,32,9,-20,26,37,9,7,42,8,5,28,5,7,6,30,6,-20,10,11,-20,3,24,17,12,-20,11,5,8,3,7,13,20,10,3,6,3,10,8,19,-20,8,19,5,2,-20,7,30,10,40,4,12,3,14,17,4,6,8,-20,12,20,11,55,33,45,44,20,9,34,8,29,4,12,20,5,9,9,6,16,7,18,5,12,17,19,15,10,6,38,10,9,8,16,16,8,13,16,17,15,-20,7,-20,16,14,8,48,26,27,26,45,15,28,22,19,45,22,20,23,17,30,16,31,31,11,3,27,18,50,15,6,11,7,15,41,16,29,49,17,22,16,47,-20,21,16,32,21,23,35,24,11,10,-20,9,8,6,20,12,-20,14,10,11,10,6,11,7,5,12,12,15,12,10,10,6,6,17,7,8,8,-20,13,11,7,12,-20,-20,12,4,10,16,-20,8,8,16,6,4,8,14,8,11,15,15,13,9,4,9,-20,10,11,-20,8,-20,12,10,10,6,-20,10,5,-20,12,12,10,3,15,13,6,13,10,7,7,-20,12,15,11,7,21,-20,9,-20,17,12,12,6,9,6,11,8,7,11,9,12,6,9,7,8,9,8,8,15,6,6,7,8,10,8,6,6,5,11,8,9,8,6,16,-20,12,9,5,3,-20,-20,6,9,-20,-20,11,5,10,9,5,10,9,10,4,8,6,8,10,10,10,4,15,4,11,10,9,10,6,19,9,-20,-20,-20,-20,12,5,3,9,10,23,13,9,16,5,3,13,13,17,3,22,12,16,18,14,7,9,7,-20,14,9,22,10,4,14,10,10,6,5,8,11,3,8,-20,12,12,11,9,6,3,6,11,7,10,6,4,6,7,8,18,18,4,6,5,8,-20,3,64,6,14,8,8,6,11,14,21,10,15,11,7,10,-20,14,7,6,6,10,12,12,13,14,16,9,7,11,-20,24,9,16,3,12,9,-20,-20,17,18,12,8,10,8,8,9,12,-20,8,4,5,4,13,11,8,14,11,4,17,16,17,9,6,9,7,6,14,16,9,17,6,11,9,13,8,6,8,12,12,8,10,-20,-20,-20,-20,9,7,4,4,7,10,4,-20,3,6,-20,7,8,9,5,3,11,-20,7,7,9,16,12,14,8,7,3,10,4,6,7,9,31,11,5,12,6,12,8,14,10,14,9,9,7,8,5,5,3,17,-20,4,7,6,-20,11,-20,-20,8,7,8,5,8,2,-20,6,9,-20,-20,14,-20,-20,-20,9,-20,-20,-20,-20,-20,-20,-20,-20,-20,-20,3,-20,-20,-20,-20,-20,-20,-20,-20,-20,-20,-20,-20,-20,-20,-20,-20,-20,-20,-20,-20,-20,-20,12,-20,-20,-20,-20,-20,-20,-20,-20,-20,-20,-20,-20,-20,-20,-20,9,-20,-20,-20,-20,-20,-20,-20,3,-20,-20,-20,-20,-20,9,19,33,11,29,30,18,26,21,50,36,130,66,69,52,46,42,40,43
"chr3,14742570",2,5,4,-20,4,4,6,-20,3,4,5,8,37,29,30,36,27,26,76,51,43,8,36,25,46,25,25,34,22,4,3,11,7,16,42,60,28,21,15,9,9,21,5,6,5,44,-20,37,12,19,19,24,37,25,31,16,26,14,31,25,26,26,31,28,33,41,25,50,37,20,21,13,15,27,19,39,16,4,5,7,7,16,25,7,8,27,19,44,42,19,26,33,24,35,27,39,18,33,6,30,22,32,7,7,33,36,-20,25,37,5,-20,-20,3,10,-20,-20,9,-20,-20,5,14,6,7,-20,-20,-20,-20,-20,-20,-20,-20,7,-20,-20,-20,-20,8,3,-20,3,4,8,4,5,-20,5,-20,7,-20,7,-20,2,13,10,31,16,4,13,52,35,6,-20,-20,8,-20,9,4,5,-20,8,40,44,15,4,3,16,12,17,16,81,9,8,14,2,11,-20,10,14,16,6,33,20,-20,6,-20,13,-20,6,15,8,11,14,27,15,39,8,15,18,15,17,35,14,16,6,12,17,31,5,14,11,13,9,12,-20,8,9,6,12,-20,34,35,-20,24,33,4,7,15,22,13,11,19,15,23,8,7,35,16,9,11,11,10,12,12,10,13,14,9,15,18,21,14,16,20,5,11,21,-20,11,21,14,12,15,9,13,11,10,30,45,20,39,9,13,13,19,-20,13,16,-20,5,23,7,11,-20,8,72,42,19,5,3,4,35,4,-20,-20,6,21,24,-20,20,20,37,28,36,47,6,7,-20,-20,15,68,4,10,22,18,7,9,4,11,-20,15,-20,8,-20,5,28,11,9,40,43,8,12,-20,9,-20,6,14,-20,11,10,10,6,3,4,12,-20,-20,5,6,6,34,8,9,3,5,9,16,-20,3,10,5,8,5,6,30,13,11,8,49,9,6,10,3,5,18,-20,16,13,6,-20,-20,5,6,10,5,6,-20,5,2,28,8,6,-20,-20,-20,15,12,12,11,3,11,13,-20,3,26,17,11,6,-20,11,7,10,10,6,3,6,8,-20,6,12,13,17,7,96,14,8,6,10,8,3,9,6,14,-20,7,12,6,-20,5,7,11,47,-20,13,8,6,8,26,12,11,5,2,-20,21,7,-20,8,-20,-20,8,8,-20,3,4,12,8,8,4,10,47,25,6,-20,10,6,4,7,5,-20,7,-20,-20,8,-20,-20,14,8,-20,12,5,8,5,11,3,4,29,5,-20,5,3,-20,4,26,6,20,46,42,43,40,16,32,36,9,-20,31,39,9,7,47,8,6,28,5,8,6,31,8,2,10,10,-20,4,22,17,11,8,11,5,8,3,7,13,22,11,3,-20,3,11,8,18,-20,8,19,5,3,-20,7,32,11,45,4,14,3,15,17,4,-20,-20,-20,15,20,11,56,31,46,45,21,9,32,9,30,4,13,23,5,10,-20,6,16,6,18,5,11,17,19,15,11,6,33,10,9,8,14,16,8,13,15,15,14,-20,7,-20,15,17,8,54,25,27,25,48,14,-20,27,19,47,24,22,-20,18,27,16,31,33,10,3,28,21,55,15,7,12,8,16,42,17,33,50,17,22,17,46,-20,22,18,34,23,22,37,22,10,10,-20,8,9,6,19,11,7,14,-20,11,9,-20,10,7,5,10,11,13,11,10,10,6,6,16,7,8,7,7,13,13,7,11,-20,-20,-20,5,8,15,-20,8,8,16,6,4,8,14,8,10,15,14,13,9,4,11,10,9,11,-20,7,9,12,10,-20,6,8,10,5,-20,13,12,10,3,15,14,6,12,10,6,7,7,12,14,-20,7,22,-20,10,-20,16,11,11,6,10,6,11,8,7,11,9,12,6,8,7,8,9,8,8,15,6,6,-20,8,9,8,6,6,5,10,8,9,-20,7,16,-20,12,9,5,3,-20,-20,6,9,-20,-20,10,6,10,9,5,8,9,10,5,5,6,8,10,10,10,4,15,4,11,-20,9,10,6,20,9,-20,-20,-20,-20,12,5,3,9,9,23,12,9,16,5,3,13,14,17,3,21,12,16,18,13,6,10,7,9,14,7,22,10,4,14,9,10,6,5,7,10,3,8,-20,13,11,11,9,6,4,6,11,7,10,6,4,6,7,8,17,18,4,6,5,9,-20,3,76,6,14,8,8,6,11,13,21,10,13,11,6,11,-20,13,4,6,6,10,12,11,13,14,16,-20,7,11,-20,24,9,16,3,12,10,-20,-20,17,18,12,7,10,7,8,9,12,-20,8,4,5,4,12,11,8,14,11,4,17,15,16,9,6,8,7,5,14,16,9,17,6,10,9,13,8,5,8,12,12,8,9,-20,-20,5,-20,9,-20,4,4,7,10,4,-20,3,5,-20,7,8,9,4,3,8,-20,7,7,9,16,12,14,8,8,3,10,3,6,7,-20,30,11,5,12,6,12,8,15,10,14,9,9,7,7,5,5,3,15,-20,4,7,5,-20,11,-20,-20,8,7,8,4,7,2,-20,6,9,-20,-20,12,-20,-20,-20,9,-20,-20,-20,-20,-20,-20,-20,-20,-20,-20,3,-20,-20,-20,-20,-20,-20,-20,-20,-20,-20,-20,-20,-20,3,-20,-20,-20,-20,-20,-20,-20,-20,11,-20,-20,-20,-20,-20,-20,-20,-20,6,-20,-20,-20,-20,-20,-20,-20,-20,-20,-20,-20,-20,4,-20,-20,-20,-20,-20,-20,-20,9,18,32,11,29,31,-20,26,22,54,38,130,66,71,-20,47,41,43,45
"chr3,14742571",2,5,4,-20,4,4,6,-20,3,4,6,8,37,29,29,36,28,26,76,51,44,9,36,24,45,25,25,32,23,4,3,11,7,16,42,60,26,22,15,9,9,23,5,6,5,47,-20,38,12,19,19,24,36,26,32,16,26,15,32,25,27,25,30,28,33,42,24,51,36,20,21,13,15,26,20,37,16,4,5,7,7,16,24,7,8,26,20,46,43,19,26,33,24,35,28,41,18,34,6,31,21,32,7,7,33,36,-20,25,37,6,-20,-20,3,10,-20,-20,9,-20,-20,5,14,6,7,-20,-20,-20,-20,-20,-20,-20,-20,7,-20,6,-20,-20,8,3,-20,3,4,8,4,5,6,5,3,7,-20,7,-20,2,13,11,34,16,4,-20,52,35,6,-20,-20,8,-20,9,4,5,-20,9,40,-20,15,4,3,-20,12,17,16,81,9,8,14,2,12,-20,10,14,16,6,-20,20,-20,6,7,14,3,6,15,8,11,13,27,15,39,8,15,18,15,17,33,16,16,6,12,16,34,5,14,12,13,9,12,26,9,9,6,12,11,34,35,28,25,33,4,7,15,23,15,11,19,15,24,8,7,37,16,9,11,11,10,12,13,10,13,14,9,16,20,21,-20,15,20,5,12,21,19,11,21,14,12,15,9,13,11,10,30,45,-20,40,-20,-20,13,22,-20,13,16,-20,5,23,7,11,-20,8,74,42,19,5,3,4,-20,4,4,-20,7,21,24,-20,20,19,36,28,35,47,6,7,3,-20,16,70,-20,10,22,17,7,9,4,-20,8,14,7,8,-20,5,28,11,9,40,41,8,12,-20,9,-20,6,13,-20,11,11,10,6,3,4,12,8,7,6,6,6,34,9,10,3,5,9,16,-20,3,10,5,8,5,6,30,14,11,9,49,9,6,10,3,5,17,-20,16,13,-20,-20,-20,5,6,10,5,6,9,5,2,27,8,6,-20,-20,-20,15,13,13,11,3,11,13,-20,3,27,16,11,7,-20,11,7,10,10,-20,3,6,8,-20,6,12,13,18,7,98,15,8,7,10,8,3,9,5,15,7,7,11,6,-20,5,7,11,51,7,13,8,6,8,26,11,13,5,3,-20,21,7,-20,8,-20,10,9,8,-20,3,4,12,8,8,4,10,49,25,7,-20,10,6,4,7,5,-20,7,-20,-20,8,-20,-20,14,7,-20,12,4,9,4,11,3,4,29,5,-20,5,3,-20,4,26,6,19,46,42,43,41,16,32,36,9,-20,31,38,-20,7,48,8,6,28,5,8,6,31,8,2,-20,11,-20,4,20,18,11,8,11,5,8,3,7,13,23,11,-20,7,3,11,8,20,-20,8,18,5,3,-20,7,32,11,46,-20,14,3,-20,16,4,6,8,-20,15,19,11,57,31,46,45,21,13,33,9,31,4,12,24,6,10,10,6,17,6,17,5,12,17,19,16,11,6,32,10,9,8,15,16,8,13,15,15,15,-20,7,-20,16,17,8,55,25,28,27,47,14,30,27,19,46,25,22,24,18,-20,17,31,34,10,3,27,21,55,15,7,12,8,15,42,-20,-20,-20,17,21,-20,46,-20,-20,-20,36,23,-20,-20,23,10,10,-20,8,9,8,19,11,7,14,10,11,9,6,10,7,5,13,10,13,11,10,10,6,6,17,7,8,7,8,13,13,7,11,-20,-20,10,5,8,15,6,8,8,17,6,4,8,15,8,10,15,15,13,9,4,11,10,9,11,-20,7,9,12,11,9,6,8,10,5,-20,13,12,11,3,15,14,6,12,11,7,7,7,12,14,11,7,22,6,10,-20,18,11,11,6,-20,6,12,8,7,11,9,12,6,8,7,9,9,8,8,-20,-20,6,-20,8,9,8,6,6,5,11,8,-20,7,7,16,-20,12,9,5,3,-20,-20,6,9,9,-20,10,6,10,9,5,8,9,10,8,7,6,8,10,10,10,4,15,5,11,10,9,11,6,19,9,-20,-20,-20,-20,12,5,2,9,9,23,13,9,16,6,3,12,15,18,3,21,11,16,18,12,7,10,8,10,14,7,23,10,4,15,9,10,6,5,7,10,3,8,-20,13,11,12,9,6,4,7,11,7,10,6,5,6,7,8,17,18,4,7,5,9,-20,3,77,6,14,8,8,6,11,14,21,9,13,11,7,12,-20,13,4,6,7,10,12,12,13,14,17,9,7,11,-20,24,10,16,3,12,10,-20,-20,17,19,12,7,11,7,8,9,12,-20,8,4,-20,4,12,11,8,14,11,4,17,16,16,9,6,8,7,5,14,18,9,17,6,10,9,13,8,5,8,12,13,8,9,-20,-20,5,-20,9,7,4,4,7,10,5,-20,3,4,-20,7,9,10,4,3,8,-20,7,8,9,16,12,14,8,8,3,10,3,6,7,9,30,11,5,12,6,12,8,15,10,14,9,9,7,7,5,5,3,15,-20,4,7,6,-20,11,-20,-20,8,7,8,4,7,2,-20,6,11,-20,-20,12,-20,4,-20,8,-20,-20,-20,-20,-20,-20,-20,-20,-20,-20,3,-20,-20,-20,-20,-20,-20,-20,-20,-20,-20,-20,-20,-20,3,-20,-20,-20,-20,-20,-20,-20,-20,11,-20,-20,-20,-20,-20,-20,-20,5,-20,-20,-20,-20,-20,-20,-20,9,-20,-20,-20,-20,-20,4,-20,-20,-20,-20,-20,-20,-20,9,17,32,11,-20,29,-20,25,22,49,38,129,66,72,52,47,40,45,45
"chr3,14742572",2,4,4,-20,4,4,6,-20,3,4,6,9,35,27,26,-20,26,25,74,47,-20,9,-20,25,40,25,-20,-20,23,4,3,11,8,16,-20,-20,27,21,15,9,9,25,-20,6,4,48,5,-20,12,-20,-20,23,-20,24,-20,17,25,14,31,-20,27,23,-20,26,-20,37,23,50,-20,19,19,12,15,25,20,35,16,4,5,7,7,15,21,7,8,25,-20,-20,-20,-20,25,-20,-20,33,-20,-20,18,31,6,-20,21,31,7,7,30,35,-20,-20,-20,6,-20,-20,-20,-20,-20,-20,-20,-20,-20,5,14,6,-20,-20,-20,-20,-20,-20,-20,-20,-20,7,-20,6,-20,-20,8,3,-20,3,4,8,4,5,-20,5,3,-20,-20,6,-20,2,-20,10,34,17,4,-20,47,32,6,-20,-20,8,-20,9,4,5,-20,-20,38,47,14,-20,-20,-20,10,-20,17,82,9,8,-20,2,12,-20,12,13,-20,6,34,-20,-20,-20,7,-20,-20,7,16,8,10,-20,27,15,-20,10,-20,17,-20,-20,-20,-20,-20,5,13,-20,34,-20,-20,11,13,-20,11,25,-20,9,6,11,11,33,35,27,-20,32,-20,7,-20,21,-20,-20,-20,-20,-20,8,-20,37,15,-20,-20,10,-20,-20,12,-20,-20,-20,-20,-20,20,-20,14,13,-20,-20,-20,19,18,-20,-20,-20,-20,14,-20,13,10,-20,-20,-20,-20,42,-20,-20,-20,23,-20,-20,-20,-20,-20,23,-20,11,-20,-20,-20,-20,20,5,3,4,33,4,4,-20,7,-20,23,-20,20,-20,36,28,33,46,6,7,-20,-20,16,70,5,11,23,17,-20,9,5,-20,8,14,7,8,-20,5,27,11,9,39,41,8,12,-20,-20,-20,6,14,-20,11,12,10,7,3,4,12,8,7,6,7,6,30,9,10,3,5,9,16,-20,3,10,5,7,5,7,30,14,11,9,50,9,6,10,3,-20,17,-20,17,13,-20,-20,-20,5,5,10,5,6,9,4,2,28,8,6,-20,-20,-20,15,14,13,11,3,10,13,-20,3,27,15,11,7,-20,12,7,10,9,-20,4,6,-20,-20,6,11,12,18,7,101,15,8,7,10,8,3,9,5,15,7,7,12,6,-20,5,7,11,51,8,13,7,7,8,26,11,14,5,3,-20,21,8,-20,8,-20,10,9,8,-20,4,-20,12,8,9,4,10,46,25,7,-20,10,6,3,7,5,-20,7,-20,-20,8,-20,-20,14,7,-20,12,4,10,4,11,4,4,26,5,-20,5,-20,-20,4,26,6,18,-20,38,-20,38,16,33,35,9,-20,30,35,8,7,-20,8,6,-20,5,-20,6,31,8,2,-20,12,-20,4,22,16,11,7,11,-20,9,-20,7,-20,23,-20,-20,7,3,11,8,20,-20,8,19,-20,3,-20,7,31,11,47,5,14,-20,-20,-20,4,6,8,-20,15,20,11,56,29,42,-20,-20,14,32,9,30,4,13,24,6,-20,10,6,16,6,18,5,12,17,19,16,11,6,32,10,9,8,-20,16,9,13,15,15,15,-20,7,-20,-20,-20,-20,-20,25,30,27,49,-20,30,27,-20,-20,26,-20,24,-20,-20,19,32,34,10,3,-20,21,-20,-20,7,-20,8,15,42,17,-20,-20,-20,21,-20,-20,-20,-20,-20,35,23,22,-20,-20,-20,-20,-20,8,9,8,19,11,7,14,10,10,8,6,10,7,5,13,10,13,10,10,10,6,6,17,-20,8,7,8,12,13,7,11,-20,-20,10,5,8,15,6,8,8,17,6,-20,8,15,-20,10,14,15,13,9,4,11,10,9,-20,-20,7,-20,12,-20,9,6,8,10,5,-20,13,12,10,3,15,14,6,12,11,7,7,7,10,13,11,7,22,6,10,-20,18,11,9,6,-20,6,12,8,7,11,9,12,6,8,7,9,9,8,8,15,6,6,8,8,9,8,6,6,6,11,8,9,7,7,16,-20,12,9,5,3,-20,-20,6,9,9,-20,10,6,10,-20,-20,8,9,10,8,7,6,8,10,10,10,4,15,5,11,10,9,11,6,20,10,-20,-20,-20,-20,11,-20,2,9,9,23,13,9,15,6,3,12,15,18,3,21,12,16,18,12,7,10,-20,10,14,-20,23,10,4,15,9,10,6,5,7,10,3,8,-20,12,12,12,9,6,4,7,11,7,-20,6,5,6,7,8,17,17,4,7,5,9,-20,3,77,6,14,-20,8,7,11,13,19,9,13,11,7,12,-20,13,-20,6,7,10,12,11,12,14,17,9,7,11,-20,22,10,16,3,11,10,-20,-20,16,-20,12,7,11,7,8,9,12,-20,-20,4,5,3,12,11,8,14,11,4,17,16,16,9,6,8,7,5,14,15,-20,17,6,10,9,13,8,-20,8,12,12,8,9,-20,-20,5,-20,9,7,4,4,7,10,5,-20,3,-20,-20,7,9,10,4,3,8,-20,7,-20,9,16,12,13,8,8,-20,10,3,6,7,9,26,11,5,12,6,11,8,15,10,14,9,-20,7,7,-20,5,-20,14,-20,4,7,6,-20,11,-20,-20,-20,-20,8,-20,7,2,-20,6,11,-20,-20,-20,-20,4,-20,8,-20,-20,-20,-20,-20,-20,-20,-20,-20,-20,3,-20,-20,-20,-20,-20,-20,-20,-20,-20,-20,-20,-20,-20,-20,-20,-20,6,-20,-20,-20,-20,-20,10,-20,-20,-20,-20,-20,2,-20,-20,5,-20,-20,-20,-20,-20,-20,-20,-20,-20,-20,-20,-20,4,-20,-20,-20,-20,-20,-20,-20,9,17,-20,12,28,-20,-20,-20,22,-20,36,-20,66,-20,-20,47,39,40,-20
"chr3,14742574",2,5,4,-20,4,4,6,-20,3,4,6,8,37,28,27,35,27,26,78,55,44,9,36,27,46,27,26,36,26,4,3,12,8,16,42,60,27,22,15,8,9,31,5,8,4,47,5,42,12,19,17,23,37,26,34,18,28,15,34,24,28,25,30,26,36,42,25,50,38,20,21,13,15,27,21,37,16,4,5,7,7,16,21,7,8,27,22,47,42,19,24,33,25,35,28,41,18,37,6,28,21,32,7,7,32,38,-20,24,38,6,-20,-20,3,10,-20,-20,10,-20,-20,5,13,6,5,-20,-20,-20,-20,-20,-20,-20,5,7,-20,6,-20,-20,8,3,-20,-20,4,8,4,5,6,5,3,7,-20,6,-20,3,13,11,34,18,5,13,61,34,6,-20,-20,8,-20,9,4,5,-20,9,40,50,18,6,4,16,10,17,15,82,-20,7,14,2,12,3,13,12,16,6,34,20,-20,6,6,15,5,7,15,9,11,13,27,16,39,11,17,17,15,18,33,16,17,5,13,15,34,5,14,13,14,10,11,25,9,9,5,12,10,34,35,28,27,37,7,5,16,23,16,11,20,16,21,8,7,37,16,9,11,12,11,12,13,9,14,14,10,17,19,21,15,13,26,5,13,22,19,12,22,15,14,13,9,13,10,7,34,48,18,41,-20,15,12,23,-20,13,15,-20,5,23,7,11,-20,7,75,41,18,5,3,4,37,4,4,-20,7,21,25,-20,19,19,37,31,35,48,7,-20,3,-20,16,71,4,11,23,17,7,9,5,11,9,15,7,7,-20,7,29,11,9,40,39,9,13,-20,9,-20,6,14,-20,11,12,11,7,3,4,12,8,9,7,8,7,33,8,10,3,7,9,16,-20,3,10,5,7,5,7,31,14,12,8,51,9,7,10,3,5,17,-20,17,13,7,-20,4,5,5,10,5,6,9,4,2,28,8,6,-20,-20,-20,15,14,13,12,3,11,13,-20,3,27,15,11,7,-20,12,7,10,9,-20,5,6,8,-20,7,12,13,19,7,101,15,8,8,9,8,3,9,5,15,7,7,12,5,-20,5,7,10,54,11,13,-20,7,8,25,12,14,5,4,-20,21,9,9,8,-20,11,10,8,-20,4,4,12,8,9,4,10,48,25,7,-20,10,6,3,8,5,-20,6,-20,-20,8,-20,-20,14,6,-20,14,5,10,4,10,4,4,29,5,-20,6,3,-20,3,26,7,20,46,42,46,41,15,38,37,9,-20,33,40,8,7,48,8,6,29,5,9,-20,33,8,3,11,12,-20,4,22,17,10,7,12,5,9,4,8,14,23,11,-20,7,3,11,9,21,3,8,22,7,3,-20,8,34,11,48,7,15,3,15,19,4,6,8,-20,15,20,12,58,31,48,45,21,14,33,9,30,4,13,23,6,10,10,6,16,6,19,5,12,17,19,15,11,6,33,10,8,8,15,16,9,13,15,15,15,-20,-20,-20,18,17,9,61,24,32,28,49,14,29,27,19,49,26,23,25,18,27,18,32,35,10,3,25,21,57,13,7,12,8,14,42,17,34,50,22,23,17,53,-20,20,18,36,22,21,38,23,10,11,-20,8,9,8,18,11,7,14,10,10,8,6,10,7,5,13,10,13,13,10,9,6,6,17,7,8,7,8,13,13,7,11,-20,-20,10,5,8,15,6,8,8,17,6,4,8,15,8,-20,14,15,13,9,4,11,10,9,11,-20,7,9,12,11,9,6,8,10,5,-20,13,12,11,3,14,14,6,12,11,7,7,7,10,14,11,7,22,6,10,-20,18,11,9,6,10,6,11,8,7,11,9,13,6,8,7,9,9,8,7,15,6,6,8,8,9,7,6,6,6,10,8,9,7,7,16,-20,12,9,5,3,-20,-20,6,9,9,-20,10,6,10,10,5,8,9,10,8,7,6,8,10,10,10,-20,15,5,11,10,9,10,6,20,10,-20,-20,-20,-20,11,5,2,10,9,23,11,9,16,6,3,12,15,18,3,21,12,16,18,12,7,10,8,10,13,7,23,10,4,15,9,10,6,5,7,10,3,8,-20,13,12,12,9,6,4,7,11,7,10,6,5,6,7,8,17,18,-20,-20,5,9,-20,3,78,6,14,8,8,7,11,14,20,9,13,11,7,12,-20,12,4,6,7,10,12,10,13,14,17,9,7,11,-20,24,10,16,3,11,9,-20,-20,16,18,12,7,11,7,8,9,12,-20,9,4,5,3,12,11,8,14,11,4,17,16,15,9,6,7,7,5,14,15,9,17,6,10,8,13,8,5,8,12,13,8,9,-20,-20,5,-20,9,7,4,4,7,10,5,-20,3,5,-20,7,9,10,4,3,7,-20,7,8,9,16,12,14,8,8,3,10,4,6,7,9,28,11,5,12,6,11,8,15,9,14,9,9,7,7,5,5,3,13,-20,4,7,6,-20,10,-20,-20,8,7,8,4,7,-20,-20,6,11,-20,-20,12,-20,4,-20,8,-20,-20,-20,-20,-20,-20,-20,-20,-20,-20,3,-20,-20,-20,-20,-20,-20,-20,-20,-20,-20,-20,-20,-20,3,-20,-20,6,-20,-20,-20,-20,-20,11,-20,-20,-20,-20,-20,3,-20,5,-20,-20,-20,-20,-20,-20,-20,10,-20,-20,-20,-20,-20,4,-20,-20,-20,-20,-20,-20,-20,9,17,33,11,30,36,20,28,23,57,36,120,66,72,50,48,40,44,46
"chr3,14742578",2,5,4,-20,4,4,6,2,3,4,6,8,37,29,28,36,29,27,80,56,43,9,39,27,48,25,25,37,27,4,3,12,8,14,40,60,27,22,14,8,9,32,6,8,4,47,6,-20,12,19,18,20,-20,27,36,18,32,18,35,24,28,25,29,26,35,43,26,51,41,22,23,16,15,29,23,38,16,4,5,7,7,13,21,6,7,27,23,48,42,17,25,35,26,34,29,43,18,40,5,28,22,33,7,7,36,38,-20,22,38,6,-20,-20,3,10,-20,-20,9,-20,-20,5,14,6,5,-20,-20,-20,-20,-20,-20,-20,6,7,-20,6,6,-20,12,3,-20,-20,4,8,4,5,7,5,3,7,-20,6,-20,4,11,11,38,18,4,13,64,36,6,-20,-20,8,-20,9,4,5,-20,-20,32,48,18,9,4,16,11,16,13,84,9,9,14,3,13,3,13,11,16,6,37,23,-20,5,6,12,5,8,15,9,12,15,-20,15,37,10,18,21,15,-20,-20,-20,-20,6,13,-20,34,4,14,13,13,10,13,25,9,9,5,12,11,36,36,31,-20,37,7,7,-20,23,18,10,20,17,-20,7,7,37,15,7,-20,14,12,11,13,9,14,14,-20,15,19,22,14,12,26,-20,14,22,18,12,23,13,15,21,11,15,10,-20,-20,-20,20,-20,10,14,12,23,-20,12,13,-20,-20,23,7,11,4,-20,-20,-20,18,5,3,4,37,4,-20,-20,7,21,25,-20,18,19,38,33,36,50,7,8,3,6,17,75,5,12,23,15,-20,9,-20,12,9,19,6,8,-20,7,29,11,10,39,40,-20,15,-20,11,-20,7,14,-20,11,12,12,7,3,4,12,8,9,7,9,7,34,8,12,6,6,8,18,-20,3,9,5,7,6,7,31,14,13,8,54,9,9,11,3,6,18,-20,17,14,-20,-20,5,5,5,10,5,6,-20,4,3,26,8,7,-20,-20,-20,15,15,14,12,5,11,13,-20,4,27,15,11,8,-20,13,6,9,10,6,5,6,7,-20,6,11,12,20,7,104,16,9,8,12,8,-20,10,7,15,-20,7,12,6,-20,5,7,10,55,9,13,7,7,8,24,13,17,5,5,-20,21,10,11,10,-20,11,10,8,-20,4,4,12,9,9,4,10,48,26,7,-20,10,6,4,8,5,-20,5,-20,-20,8,-20,-20,16,6,-20,15,6,11,6,10,4,4,29,5,-20,8,-20,-20,-20,26,7,19,46,42,50,42,15,39,35,9,-20,34,40,-20,7,48,8,-20,31,6,9,6,35,9,3,12,11,-20,4,22,16,11,7,12,5,8,5,10,15,23,15,-20,7,3,11,8,23,3,8,24,-20,4,-20,8,34,12,50,10,15,3,15,-20,4,6,8,3,17,17,12,58,31,50,43,20,16,30,9,30,4,12,25,6,10,10,6,15,6,19,5,11,16,19,16,13,7,33,-20,8,8,-20,16,8,13,15,15,15,-20,-20,-20,18,-20,-20,61,25,32,27,50,13,34,27,-20,47,24,23,-20,18,29,19,33,33,9,4,-20,23,54,11,7,12,6,16,44,18,33,49,22,25,18,-20,4,-20,-20,38,20,23,41,21,-20,10,-20,8,9,9,18,11,7,14,10,10,8,6,10,7,3,12,10,13,12,10,9,6,7,17,7,-20,7,7,13,13,5,11,-20,-20,10,5,8,12,6,8,8,16,6,3,9,14,8,10,14,15,13,9,4,11,10,8,11,-20,7,9,12,11,9,5,8,10,5,-20,13,12,9,3,14,14,5,12,8,7,7,9,10,14,11,8,21,6,10,-20,18,11,8,6,9,6,11,8,-20,11,9,13,6,8,7,8,9,7,7,14,6,6,8,8,9,7,6,6,6,11,8,9,7,7,16,-20,11,10,6,-20,-20,-20,5,8,9,-20,10,6,9,10,-20,8,9,10,8,-20,6,7,10,10,10,-20,15,5,10,10,8,10,6,19,10,-20,-20,-20,-20,10,-20,2,10,9,22,11,9,15,5,-20,12,15,17,3,21,10,16,18,12,7,10,9,10,13,-20,22,10,4,14,10,10,6,5,7,10,3,8,-20,13,11,12,7,6,4,7,-20,7,10,5,5,6,7,8,17,18,4,7,5,9,-20,4,82,6,14,8,8,7,11,13,19,9,12,10,5,11,-20,11,4,6,7,10,12,10,13,13,17,9,6,10,-20,23,10,16,-20,11,9,-20,-20,16,18,10,7,11,7,9,9,12,-20,9,4,5,3,11,11,8,14,11,4,17,16,15,10,6,8,7,5,14,15,9,16,6,10,8,13,8,5,8,12,13,8,9,-20,-20,5,-20,9,7,4,4,7,10,5,-20,3,5,2,6,9,10,4,4,7,-20,7,6,9,14,12,12,8,7,3,10,5,6,6,9,29,11,5,12,6,10,8,14,9,14,10,9,7,7,5,4,3,12,-20,4,6,5,-20,10,-20,-20,8,7,8,4,7,-20,-20,6,11,-20,-20,14,-20,-20,-20,9,-20,-20,-20,-20,-20,-20,-20,-20,-20,-20,3,-20,-20,-20,-20,-20,-20,-20,-20,-20,-20,3,-20,-20,3,-20,-20,5,-20,3,-20,-20,-20,11,-20,-20,-20,-20,-20,4,-20,-20,-20,-20,-20,-20,-20,-20,-20,10,-20,-20,-20,-20,-20,5,-20,-20,-20,-20,-20,-20,-20,-20,12,34,12,30,37,19,30,24,57,38,119,80,71,54,48,41,46,45
"chr3,14742580",2,5,4,-20,4,4,6,2,3,4,7,8,38,31,27,34,29,27,82,56,-20,9,41,28,47,29,25,41,26,4,3,12,8,14,41,61,29,23,14,7,9,30,6,8,4,47,6,-20,12,19,18,20,-20,27,39,19,32,-20,35,25,29,26,31,26,36,43,25,52,44,22,25,16,15,29,24,42,16,4,5,7,8,14,21,6,7,28,22,49,42,17,25,34,26,34,28,43,18,40,5,29,22,33,7,7,36,38,-20,24,39,6,-20,-20,-20,10,-20,-20,-20,-20,-20,4,11,6,5,-20,-20,-20,-20,-20,-20,-20,6,7,-20,6,6,-20,12,3,-20,-20,4,8,4,5,7,5,3,-20,-20,6,-20,4,-20,11,39,18,4,-20,67,41,6,-20,-20,8,-20,9,4,5,4,-20,32,46,23,9,3,19,10,15,15,84,14,13,18,-20,13,3,-20,11,16,6,37,23,3,5,8,13,7,10,17,10,11,15,-20,16,36,10,18,21,16,-20,-20,-20,-20,7,13,-20,36,3,18,12,17,12,16,28,-20,9,-20,-20,11,37,39,32,-20,35,7,7,-20,24,18,11,-20,18,-20,8,8,37,-20,7,-20,16,13,13,14,9,13,13,-20,17,-20,22,-20,12,25,5,14,23,18,12,26,12,17,-20,15,16,10,-20,-20,-20,20,-20,11,15,12,23,3,11,13,-20,-20,23,7,11,4,-20,-20,-20,18,5,3,4,35,4,4,-20,7,21,26,-20,18,18,38,35,36,51,7,8,3,6,17,75,-20,12,23,15,-20,9,-20,16,9,21,6,8,-20,7,29,11,10,38,42,-20,15,-20,12,-20,7,14,-20,11,12,14,7,3,4,11,8,9,7,9,8,36,11,13,6,6,8,18,-20,3,9,5,6,6,7,31,14,13,8,56,9,-20,11,3,6,18,-20,17,14,10,-20,8,5,7,10,5,6,9,4,3,26,8,7,-20,-20,-20,15,16,15,12,5,13,13,-20,-20,29,16,11,8,-20,14,6,9,10,6,-20,6,8,-20,6,11,12,20,7,102,16,10,8,12,8,-20,10,8,14,7,7,11,7,6,6,7,10,57,9,-20,7,7,8,24,14,17,6,5,-20,21,11,15,10,-20,11,10,8,-20,4,4,13,9,10,5,11,48,27,7,-20,10,6,4,8,5,-20,5,-20,-20,9,-20,-20,17,6,-20,15,7,11,5,10,5,4,28,5,-20,9,-20,-20,-20,26,7,20,45,42,52,41,15,42,36,9,-20,35,43,-20,7,46,8,7,32,-20,12,-20,37,9,3,-20,11,-20,-20,22,21,11,8,13,5,8,-20,-20,-20,23,15,-20,7,3,12,8,23,3,9,25,-20,5,-20,8,36,12,51,10,15,8,-20,-20,5,6,8,3,19,19,13,59,31,49,43,21,16,31,9,32,4,11,25,6,11,10,6,13,6,19,5,12,16,19,16,13,7,33,10,8,8,-20,16,8,13,15,15,15,-20,-20,-20,15,-20,-20,62,25,34,27,50,13,35,27,-20,48,25,25,-20,-20,30,20,33,35,10,3,-20,22,61,11,7,10,6,17,49,17,33,48,24,25,21,-20,-20,-20,-20,48,24,25,-20,22,-20,10,-20,8,-20,9,17,10,7,14,10,10,8,6,10,7,-20,13,10,13,11,10,9,-20,7,17,7,-20,8,7,13,13,4,11,-20,3,10,5,8,12,6,7,7,16,6,3,9,12,8,10,13,15,13,12,4,11,9,8,12,-20,8,9,12,11,10,5,8,10,5,-20,14,12,8,3,14,14,6,11,8,7,7,9,8,13,-20,8,22,6,11,-20,18,11,8,7,9,6,11,8,7,11,7,13,5,7,-20,8,9,7,7,14,6,6,8,8,9,7,6,6,6,11,8,8,6,7,16,-20,11,9,6,-20,-20,-20,5,8,9,-20,10,6,9,10,-20,8,8,10,8,6,6,7,10,9,10,-20,17,5,11,10,9,10,6,19,9,-20,-20,-20,-20,-20,-20,-20,10,9,23,11,8,15,5,-20,11,16,17,3,21,10,16,18,12,7,10,9,10,13,-20,21,10,4,13,10,10,6,5,7,10,3,8,-20,13,11,12,7,6,4,7,-20,7,10,5,5,6,7,8,17,18,-20,7,5,9,-20,4,82,7,14,8,7,8,11,13,19,9,12,10,4,11,-20,11,-20,6,7,10,13,9,13,13,17,9,6,10,-20,23,10,16,-20,10,9,-20,-20,17,19,10,8,11,7,9,9,12,-20,9,4,5,3,11,11,8,14,11,4,17,16,13,10,6,8,7,5,14,14,9,13,5,10,8,13,9,5,8,12,12,8,9,5,-20,5,-20,9,8,4,4,7,9,5,-20,3,4,-20,6,9,10,4,-20,7,-20,7,-20,9,14,12,12,8,7,3,10,5,6,7,9,28,11,5,11,6,10,8,13,8,14,10,9,7,7,5,4,3,11,-20,4,6,5,-20,11,-20,-20,7,7,9,4,7,-20,-20,6,11,-20,-20,15,-20,4,6,9,-20,-20,-20,-20,-20,-20,-20,-20,-20,-20,-20,2,-20,-20,-20,-20,-20,-20,-20,-20,-20,4,-20,-20,3,-20,-20,5,-20,-20,-20,-20,-20,11,-20,-20,-20,-20,-20,-20,-20,-20,-20,-20,-20,-20,-20,-20,-20,11,-20,-20,-20,-20,-20,4,-20,-20,-20,-20,-20,-20,-20,-20,12,35,12,32,39,19,32,24,57,37,120,80,66,53,48,42,47,47
"chr3,14742585",-20,4,4,-20,4,4,6,-20,5,4,6,8,37,30,27,36,29,27,78,57,45,9,44,27,48,30,24,39,27,6,3,11,8,14,44,62,29,23,15,8,10,34,5,8,6,52,4,42,13,20,15,21,40,27,38,23,33,21,34,28,28,27,33,27,38,45,23,52,44,24,23,17,14,28,25,44,17,4,4,7,8,14,23,6,7,26,22,49,42,15,23,34,29,34,29,43,18,41,5,31,21,36,7,7,38,36,-20,26,37,6,-20,-20,3,10,-20,-20,10,-20,-20,4,13,6,5,-20,-20,-20,-20,-20,-20,-20,6,-20,-20,6,6,-20,12,3,-20,-20,4,8,5,5,6,-20,3,11,-20,6,-20,5,22,11,41,18,4,13,71,37,6,-20,-20,8,-20,9,4,5,-20,9,37,45,-20,11,5,19,10,17,-20,85,-20,14,17,3,14,-20,-20,9,18,6,41,22,3,5,8,15,10,-20,18,-20,11,15,26,17,36,12,18,20,20,19,32,15,17,-20,13,-20,33,4,-20,12,17,12,-20,28,9,11,-20,13,14,40,42,33,30,40,6,8,15,22,19,12,21,19,21,13,8,38,16,8,12,19,-20,15,14,8,14,14,13,-20,19,18,18,10,27,5,16,22,19,13,28,14,23,23,16,16,12,7,37,47,25,41,11,17,12,24,4,14,13,-20,6,23,7,12,4,-20,78,51,24,-20,3,4,-20,4,4,-20,7,20,26,-20,18,20,40,33,35,49,6,-20,3,6,18,74,6,12,23,15,13,9,6,16,10,24,7,9,-20,7,32,11,9,38,51,9,15,-20,11,-20,7,15,2,10,14,13,7,5,6,11,7,9,7,9,-20,35,10,13,6,6,8,18,-20,-20,9,5,5,7,7,33,15,14,9,57,9,11,11,5,5,17,12,17,14,13,-20,12,5,6,11,5,5,8,4,3,30,9,8,-20,-20,9,15,15,15,14,4,12,14,-20,3,30,17,11,8,-20,14,6,9,10,4,7,7,10,4,5,11,14,22,6,99,17,9,8,12,7,-20,9,8,16,6,9,11,8,8,6,7,10,57,12,13,8,7,-20,23,13,15,-20,5,6,21,11,17,10,3,11,10,6,-20,4,4,13,10,9,5,10,52,27,8,11,11,5,4,9,6,-20,5,-20,3,9,-20,-20,17,5,-20,18,8,10,7,11,6,6,25,5,-20,10,-20,-20,2,24,9,18,47,40,55,42,15,43,40,9,-20,38,42,8,-20,44,11,8,34,-20,-20,5,37,11,4,11,12,-20,-20,23,19,10,11,12,5,8,-20,-20,15,22,13,3,7,3,12,9,27,4,8,27,8,7,3,8,35,12,53,12,16,-20,15,19,-20,8,8,4,21,22,13,55,33,47,39,21,17,31,8,28,6,13,25,6,10,10,6,13,6,19,5,13,16,18,15,13,7,32,11,8,8,15,16,9,13,15,16,15,-20,-20,-20,14,18,8,62,24,34,28,54,14,37,28,18,50,26,26,24,17,25,20,34,34,10,3,24,25,63,11,7,11,7,18,48,21,35,47,24,25,19,81,-20,22,17,50,-20,-20,46,20,17,9,-20,8,8,10,17,10,-20,14,10,10,8,6,10,6,3,13,11,13,11,10,9,-20,7,17,6,8,8,6,13,13,4,11,-20,3,9,5,8,12,6,7,5,17,7,4,9,13,8,10,14,15,13,-20,4,11,8,8,12,-20,8,9,12,10,10,5,10,10,5,-20,14,12,8,3,14,14,6,10,8,7,7,9,8,13,10,7,22,6,11,3,18,12,8,7,9,7,11,9,5,11,8,13,-20,7,6,9,9,7,7,13,5,6,8,8,13,7,6,6,6,10,8,8,5,8,15,-20,11,9,6,-20,-20,-20,5,8,9,5,11,6,9,11,5,8,9,9,9,5,6,8,10,9,11,4,17,5,11,9,9,10,7,19,9,-20,-20,-20,-20,10,5,3,10,9,22,10,8,15,-20,2,11,16,16,3,21,11,15,18,13,8,10,10,12,12,6,21,10,4,15,9,10,5,4,7,9,3,8,-20,13,11,12,7,6,-20,7,11,7,9,5,5,6,7,8,17,19,4,7,5,9,-20,5,84,7,14,10,7,8,10,12,19,8,13,12,4,11,-20,11,4,5,8,10,13,9,13,13,18,9,6,10,-20,22,10,16,-20,9,9,-20,-20,18,19,12,8,11,7,9,9,12,-20,9,4,5,3,11,11,8,14,10,4,17,17,12,10,5,8,7,6,15,14,10,13,5,9,8,13,9,5,8,12,13,9,9,6,-20,5,-20,9,8,4,4,7,6,5,3,3,4,2,6,9,10,4,-20,7,-20,7,6,9,13,13,12,8,7,3,10,5,6,-20,9,28,12,4,12,5,9,8,14,8,18,10,9,7,7,5,4,3,11,-20,4,6,5,-20,-20,-20,-20,7,7,9,4,7,-20,-20,6,11,-20,-20,13,-20,-20,8,8,-20,-20,-20,-20,-20,-20,-20,-20,5,-20,3,-20,5,-20,-20,-20,-20,-20,-20,5,-20,5,-20,10,3,-20,-20,9,-20,5,-20,-20,-20,10,-20,-20,-20,-20,3,5,-20,-20,-20,-20,-20,-20,4,-20,-20,10,-20,-20,-20,-20,-20,-20,-20,5,5,-20,-20,-20,-20,-20,12,32,13,31,39,18,36,26,61,34,120,80,71,56,51,44,47,45
"chr3,14742588",2,3,4,-20,4,-20,6,-20,5,4,6,7,37,30,27,38,31,26,81,57,42,9,45,28,51,31,24,39,28,6,3,11,8,13,44,65,31,24,15,6,10,34,5,7,8,54,4,48,13,20,18,22,42,28,37,24,39,22,35,30,31,27,34,28,36,45,24,50,44,24,23,17,14,31,26,45,18,4,4,7,8,15,25,6,7,24,25,51,42,17,22,36,29,32,29,43,18,41,5,32,24,39,7,6,38,37,-20,26,38,6,-20,-20,3,10,-20,-20,-20,-20,-20,3,13,6,5,-20,-20,-20,-20,-20,-20,-20,6,6,-20,6,6,-20,11,3,-20,3,4,8,4,5,6,-20,3,10,-20,6,-20,5,23,11,40,18,5,13,72,37,6,-20,-20,8,-20,9,4,5,4,9,38,44,25,10,6,22,10,16,16,85,12,16,19,3,15,-20,16,10,18,6,41,22,-20,5,7,17,11,11,20,7,11,16,23,17,36,12,20,20,21,19,29,16,17,8,13,21,35,6,20,11,17,11,18,31,10,12,10,14,14,41,42,31,31,40,6,9,15,17,19,12,21,19,22,13,8,37,18,8,12,21,12,13,13,8,14,14,13,18,20,18,19,10,25,6,16,23,20,13,28,13,23,23,17,19,12,7,35,53,27,38,10,17,13,24,5,16,12,-20,6,24,6,15,4,10,75,57,28,4,3,4,35,4,4,-20,6,20,26,-20,21,21,42,34,39,50,6,-20,3,5,19,73,6,12,20,16,14,10,6,16,10,25,8,9,-20,7,32,10,9,39,52,9,16,-20,12,-20,7,14,2,10,15,13,7,4,7,11,7,9,7,10,10,35,11,15,6,6,8,18,-20,3,9,6,5,7,7,37,15,14,8,58,9,13,12,5,5,17,14,17,14,14,-20,13,5,6,11,5,5,9,4,3,31,8,9,-20,-20,12,15,15,14,14,4,11,14,-20,4,31,16,11,7,-20,15,7,10,10,4,7,8,10,7,5,11,14,22,6,101,17,9,9,11,7,-20,8,9,15,6,8,11,9,9,7,7,10,59,12,13,8,10,11,22,12,15,5,5,6,20,11,20,10,4,12,10,6,-20,4,4,13,10,8,5,10,53,30,7,13,11,5,4,9,8,-20,6,-20,-20,9,5,14,18,5,-20,18,8,12,7,12,6,6,27,5,-20,10,11,7,2,26,9,18,46,38,55,44,15,46,41,9,-20,38,44,8,6,45,10,8,32,10,13,5,36,11,4,12,12,-20,6,23,24,10,12,12,5,8,9,16,17,21,13,3,8,4,13,8,29,4,8,27,-20,7,3,8,35,12,52,12,16,9,15,19,7,8,8,6,25,21,16,60,35,47,38,21,16,30,8,31,6,13,25,6,11,10,6,13,6,19,5,13,16,17,15,13,7,31,11,8,8,14,16,8,11,15,16,15,-20,6,-20,13,23,-20,63,24,33,26,51,15,38,29,22,52,26,30,26,17,27,18,37,33,11,4,24,24,71,11,7,10,7,18,49,22,35,45,25,24,22,96,5,24,18,58,23,23,45,18,17,9,-20,8,8,10,17,10,7,14,10,10,8,6,10,-20,3,13,11,13,11,10,9,7,7,17,6,7,8,6,13,13,4,11,-20,3,8,5,8,12,6,7,5,18,7,-20,9,13,8,-20,12,14,13,11,4,11,8,7,11,2,8,9,11,11,10,5,10,10,5,-20,13,11,8,3,14,14,6,10,7,7,7,9,8,13,8,7,22,6,11,3,17,12,7,7,9,7,11,9,5,10,8,13,-20,-20,6,9,9,7,7,13,4,6,8,7,14,7,6,6,6,10,8,8,5,8,15,-20,10,9,6,-20,-20,-20,5,8,8,5,10,6,9,11,5,8,9,8,9,5,6,8,9,9,11,4,17,5,11,9,9,10,7,19,9,-20,-20,-20,-20,9,5,3,10,9,20,10,7,15,-20,2,11,15,16,3,20,11,15,18,12,8,9,10,12,11,6,21,9,4,15,9,9,5,4,7,9,3,7,-20,13,11,12,6,6,-20,7,11,7,9,5,5,6,6,7,17,17,4,7,5,9,-20,5,86,8,14,10,6,8,10,11,18,7,13,11,4,11,-20,10,4,5,8,9,13,9,13,13,18,8,6,10,-20,22,10,16,-20,9,8,-20,-20,18,19,11,8,10,6,8,8,10,-20,9,4,5,3,11,11,8,14,11,4,17,17,12,11,5,9,7,6,15,14,10,13,5,8,8,13,9,5,8,11,13,9,8,6,-20,5,-20,9,7,4,4,6,6,5,3,3,5,2,6,8,10,4,-20,7,-20,7,6,9,13,13,12,7,7,3,10,5,6,6,9,28,11,4,12,4,9,7,14,7,18,10,9,7,7,5,4,3,11,-20,4,6,5,-20,10,-20,-20,7,7,9,4,7,2,-20,6,11,-20,-20,15,-20,6,-20,9,-20,-20,-20,-20,3,-20,-20,-20,-20,-20,-20,-20,-20,-20,-20,-20,-20,-20,7,-20,-20,-20,-20,-20,-20,-20,-20,-20,-20,-20,-20,-20,-20,-20,-20,-20,-20,-20,-20,-20,-20,-20,-20,-20,-20,-20,-20,-20,-20,-20,-20,-20,-20,-20,-20,-20,-20,5,-20,-20,3,-20,-20,-20,12,32,13,32,39,17,37,26,62,36,120,99,69,57,51,44,48,50
"chr3,14742590",2,3,4,-20,4,-20,6,-20,5,4,6,7,35,30,27,38,28,26,81,56,43,8,45,27,50,30,22,38,27,5,3,10,8,14,43,64,30,23,15,6,9,34,4,7,8,51,-20,50,13,20,18,22,41,27,38,24,41,22,35,30,29,28,33,27,35,45,25,49,43,23,23,16,14,30,24,45,18,5,6,6,7,15,25,6,7,26,25,50,40,17,22,37,29,32,27,41,18,41,5,31,25,39,7,6,39,38,-20,27,35,6,-20,-20,3,10,-20,-20,10,-20,-20,3,12,6,6,-20,-20,-20,-20,-20,-20,-20,6,6,-20,6,6,-20,11,3,-20,3,4,8,4,6,6,-20,3,10,-20,7,-20,6,24,11,40,18,5,13,71,37,6,-20,-20,8,-20,9,4,5,4,8,38,46,26,10,6,23,8,13,17,89,12,16,18,3,15,-20,16,10,18,7,41,21,4,5,6,14,11,15,16,7,10,17,24,16,36,12,21,19,22,19,28,16,17,9,12,21,35,7,20,11,17,11,18,28,11,13,10,14,13,40,40,32,33,40,6,9,16,17,20,12,21,19,22,13,7,36,17,7,12,22,10,12,14,7,14,11,13,17,20,18,17,11,25,6,16,22,21,13,28,13,24,24,18,20,14,7,35,53,28,37,10,17,13,25,5,14,12,-20,7,25,8,15,4,10,75,57,32,4,3,4,34,4,4,-20,7,20,27,-20,20,20,41,35,36,49,6,7,3,5,19,70,-20,13,21,16,13,10,6,16,10,25,7,10,-20,6,31,9,9,38,53,8,16,-20,12,-20,7,13,2,9,14,13,7,4,7,11,6,9,7,10,10,38,11,15,6,6,8,18,-20,3,11,6,5,7,7,37,15,13,8,58,-20,14,12,5,5,16,15,16,13,14,-20,14,5,7,11,5,5,9,4,3,31,8,8,-20,-20,12,15,15,16,15,4,12,14,-20,4,31,16,11,7,-20,15,6,9,10,4,8,8,10,7,5,11,14,22,5,102,17,9,9,11,9,-20,8,9,15,6,8,11,9,9,7,7,-20,60,13,12,8,10,11,22,12,15,5,7,6,19,11,23,10,4,11,10,6,-20,4,4,12,10,8,5,10,52,29,7,13,11,5,4,10,8,-20,6,-20,-20,9,7,16,18,5,-20,18,8,12,7,12,6,6,28,5,-20,10,11,7,3,25,9,17,44,38,54,44,15,43,41,9,-20,37,46,8,6,45,10,8,35,9,13,5,38,11,4,13,12,-20,6,24,22,9,13,11,7,9,9,14,17,20,11,3,8,4,13,7,29,4,8,25,10,7,3,8,33,12,52,12,16,9,13,19,6,8,6,7,25,22,18,64,33,46,38,21,18,30,7,31,6,12,25,6,10,9,6,14,6,20,5,13,16,18,16,13,7,31,11,8,8,14,16,8,-20,18,16,15,-20,6,-20,13,27,8,59,24,33,26,52,13,36,29,22,51,26,27,24,17,27,16,37,32,10,4,23,26,72,11,7,11,9,17,52,21,34,45,25,24,24,96,6,25,18,59,25,25,47,17,17,8,-20,11,8,11,17,10,6,13,10,10,-20,6,10,-20,3,15,11,14,11,10,10,8,7,17,-20,8,8,7,12,13,4,11,-20,3,8,5,8,11,6,7,5,18,7,-20,9,13,8,10,12,14,13,11,4,11,8,7,11,2,8,9,11,11,10,5,9,10,5,-20,13,11,8,3,14,14,6,10,7,7,7,9,9,13,8,7,22,6,11,3,17,12,7,7,10,7,12,9,5,10,8,13,-20,-20,6,10,9,7,7,13,4,6,8,7,14,7,6,7,6,11,8,8,5,8,13,-20,11,11,6,-20,-20,-20,6,8,8,5,10,6,9,11,6,8,9,8,9,5,6,8,9,9,11,-20,17,5,11,9,9,10,6,19,9,-20,-20,-20,-20,10,5,3,10,9,19,9,7,16,-20,2,11,15,16,3,19,12,16,18,12,8,10,10,12,13,6,21,9,4,15,9,9,5,4,7,9,3,6,-20,13,11,13,6,5,-20,7,11,7,9,5,5,6,6,6,15,16,4,7,5,9,-20,5,87,8,14,11,6,8,10,11,18,8,13,12,4,11,-20,12,5,5,8,9,13,9,13,13,18,9,7,12,-20,22,10,15,-20,12,7,-20,-20,18,18,11,9,10,6,8,8,10,-20,9,4,5,3,11,11,9,15,11,4,17,17,12,11,5,9,7,6,15,13,11,12,5,9,9,13,9,5,7,11,13,9,8,7,-20,4,-20,10,7,5,4,6,5,5,3,3,5,2,6,8,11,4,-20,7,-20,8,6,9,13,13,12,7,7,3,10,5,6,6,9,28,11,4,12,4,9,7,14,7,18,10,9,7,7,5,4,3,11,-20,4,6,6,-20,10,-20,-20,7,8,6,4,7,2,-20,6,11,-20,-20,15,-20,6,9,11,-20,-20,-20,-20,3,-20,-20,-20,6,-20,3,-20,-20,-20,-20,-20,-20,-20,7,6,-20,-20,-20,11,3,-20,-20,11,-20,5,9,-20,-20,8,3,-20,-20,7,-20,5,-20,-20,-20,-20,-20,-20,5,9,-20,12,4,-20,-20,-20,-20,6,5,5,-20,-20,3,-20,6,-20,12,34,12,31,38,18,39,24,62,36,119,88,69,58,49,44,48,49
"chr3,14742591",2,3,4,-20,4,-20,6,-20,5,4,6,8,34,30,27,37,26,26,77,56,43,8,45,27,49,30,23,38,27,5,3,10,8,14,43,64,30,23,15,6,9,34,4,7,8,51,3,51,13,19,19,22,41,27,38,24,41,22,35,29,29,28,32,26,35,45,24,49,41,23,23,16,14,28,24,45,18,5,6,6,7,15,23,6,7,26,25,50,42,17,22,37,29,33,27,41,18,41,5,31,23,40,6,7,38,38,-20,27,35,5,-20,-20,3,10,-20,-20,10,-20,-20,3,10,6,6,-20,-20,-20,-20,-20,-20,-20,6,6,-20,6,6,-20,11,3,-20,3,4,7,4,5,6,6,3,10,-20,7,-20,6,24,10,41,18,5,13,71,37,6,-20,-20,8,-20,9,4,5,4,8,38,46,26,10,6,23,8,13,18,94,12,15,18,3,16,-20,16,9,18,7,41,19,4,5,8,14,11,15,16,9,10,16,25,17,36,12,21,18,22,18,28,17,19,9,12,21,36,7,20,11,18,11,18,29,11,13,10,13,14,39,42,35,33,36,6,9,16,17,20,11,21,18,21,13,7,36,17,-20,13,21,10,12,14,7,14,12,13,18,20,17,18,11,25,6,15,21,20,13,26,13,23,24,18,19,14,7,35,54,30,39,13,17,14,25,5,15,11,-20,7,25,8,16,4,11,75,57,32,3,3,4,32,4,4,-20,7,20,26,-20,20,20,41,35,35,49,6,7,3,5,19,67,7,13,21,15,13,10,6,16,10,25,7,10,-20,6,32,9,9,38,55,8,16,-20,12,-20,7,13,2,9,14,13,7,4,6,11,8,9,7,-20,9,38,11,15,6,6,8,18,-20,3,11,6,5,7,7,37,15,13,8,55,9,14,12,5,5,16,16,16,13,15,-20,14,5,7,11,5,5,-20,4,3,30,8,7,-20,-20,12,15,14,16,13,4,12,14,-20,4,30,15,11,7,-20,15,6,9,9,5,8,8,10,7,5,11,14,22,5,102,17,9,9,11,9,-20,8,9,15,6,8,11,9,9,7,7,9,59,13,12,7,10,11,23,12,15,5,7,6,18,11,23,10,4,10,10,6,-20,4,-20,12,10,8,5,10,52,29,7,13,11,4,4,10,8,-20,6,-20,-20,9,7,16,18,5,-20,18,8,12,6,12,6,6,28,6,-20,10,11,7,3,25,9,18,44,37,55,45,15,45,40,9,-20,35,47,8,6,46,10,7,35,9,13,5,38,11,4,13,11,-20,6,24,22,-20,13,11,7,9,9,14,17,19,11,3,8,4,13,7,27,3,-20,26,11,8,3,8,36,12,49,12,16,9,13,19,6,8,6,7,25,22,20,64,32,46,38,20,18,30,-20,32,6,12,25,6,10,9,6,14,6,20,5,12,16,19,15,13,7,31,11,8,8,14,14,8,9,18,16,15,-20,6,-20,13,27,8,61,24,33,25,52,15,37,29,22,51,26,27,24,17,27,18,37,31,10,4,22,25,72,10,7,11,-20,17,50,20,36,43,25,25,24,96,6,24,19,59,24,25,47,17,17,8,-20,11,8,11,17,11,6,13,10,11,9,7,9,5,4,17,9,14,11,11,10,8,7,17,6,8,8,7,12,13,4,11,-20,3,8,5,8,11,6,7,5,18,7,-20,9,14,8,11,12,14,13,11,4,11,8,6,11,2,9,8,11,12,11,5,9,9,5,-20,13,11,8,4,14,14,6,10,7,7,6,10,9,13,8,7,21,6,12,3,17,11,7,7,10,7,13,8,5,12,9,13,-20,-20,6,11,8,8,7,13,4,6,7,7,15,7,6,7,6,11,9,9,6,9,13,-20,11,11,6,-20,-20,-20,6,9,9,5,10,6,8,11,6,8,9,8,9,5,6,8,9,9,12,-20,16,5,11,10,9,10,6,19,9,-20,-20,-20,-20,10,5,3,10,9,19,9,8,15,4,3,10,15,17,3,19,14,16,19,11,8,10,10,12,13,6,21,8,4,15,9,9,5,4,8,8,3,6,-20,12,10,13,6,5,-20,7,11,7,9,5,5,7,7,6,15,16,4,7,5,9,-20,5,85,8,14,11,6,8,10,12,18,8,13,13,4,10,-20,12,6,5,7,9,14,-20,12,13,19,9,7,12,-20,21,10,14,-20,12,7,-20,-20,18,18,11,9,10,6,8,8,10,-20,9,5,5,3,11,10,10,14,11,4,17,17,12,11,4,9,7,6,15,13,11,13,5,9,9,14,9,5,7,12,13,9,8,7,-20,4,-20,10,7,5,4,7,5,6,3,3,7,2,6,8,11,4,-20,7,-20,9,5,9,13,13,12,5,7,3,10,5,6,6,10,28,11,3,12,4,9,7,15,7,18,10,9,7,7,3,4,3,11,-20,-20,7,8,-20,10,-20,-20,7,8,6,4,7,3,-20,6,11,-20,-20,15,-20,6,8,11,-20,-20,-20,-20,3,-20,-20,-20,5,-20,3,-20,-20,-20,-20,-20,-20,-20,8,7,-20,5,-20,10,-20,-20,-20,12,-20,6,-20,-20,-20,11,-20,-20,-20,8,-20,5,-20,-20,6,-20,-20,-20,5,8,-20,12,4,-20,-20,-20,-20,6,6,4,6,-20,3,-20,6,-20,12,35,12,29,39,18,39,24,62,35,119,88,69,58,50,44,46,49
"chr3,14742593",2,3,4,-20,4,-20,6,-20,5,4,5,8,33,29,26,39,27,26,76,55,43,8,47,27,49,30,22,36,27,5,3,9,8,13,41,64,30,22,15,6,7,34,4,7,8,52,3,50,12,18,18,22,41,25,37,24,44,22,34,28,27,27,32,26,34,44,24,49,40,21,23,16,13,27,24,44,18,5,5,6,7,15,23,6,7,27,26,49,41,16,22,35,30,33,26,41,17,40,5,32,24,40,6,7,38,38,-20,27,33,5,-20,-20,3,10,-20,-20,10,-20,-20,3,10,6,6,-20,-20,-20,-20,-20,-20,-20,6,6,-20,6,6,-20,11,3,-20,3,4,7,4,5,6,5,3,10,-20,7,-20,6,24,10,42,18,5,13,71,37,6,-20,-20,8,-20,9,4,5,4,9,36,43,26,10,6,24,8,13,17,92,12,15,17,-20,16,2,16,9,17,7,41,18,4,4,8,15,11,15,17,10,10,16,24,17,37,12,21,18,23,17,31,17,19,8,11,22,35,7,20,12,18,11,19,29,11,13,10,13,14,36,42,35,33,31,8,10,17,18,20,11,22,18,20,13,7,37,17,8,13,22,10,11,14,7,14,12,14,18,20,19,17,13,24,7,14,22,21,12,28,13,22,22,18,18,15,8,34,54,30,41,13,17,12,25,5,14,9,3,7,26,9,16,4,11,71,63,35,3,3,4,32,4,4,-20,6,20,26,-20,19,20,40,34,34,47,6,7,3,5,19,67,7,13,21,15,13,10,6,16,10,26,7,10,-20,5,31,9,9,37,61,8,17,-20,11,-20,7,14,2,9,14,13,7,3,6,11,9,10,7,10,9,38,11,15,6,6,8,18,-20,3,11,6,5,7,7,37,14,13,8,55,7,15,12,5,5,15,17,16,13,16,-20,14,5,7,10,5,5,7,4,3,34,8,7,-20,-20,12,15,15,16,13,-20,12,14,-20,4,30,15,11,7,-20,15,6,9,9,5,8,8,10,7,5,11,14,22,5,101,16,9,10,11,9,-20,10,9,15,6,8,12,9,9,7,7,10,59,13,12,7,11,11,21,12,16,5,7,6,17,11,23,10,4,10,10,6,-20,4,5,12,10,8,5,11,51,30,7,13,10,6,4,10,8,-20,6,-20,-20,8,8,16,18,5,-20,18,8,11,6,12,6,6,29,6,-20,10,12,7,3,23,9,18,45,38,54,43,15,44,43,9,-20,34,46,8,5,45,10,7,36,9,13,-20,35,11,4,13,12,-20,6,24,24,7,13,13,6,9,10,14,17,18,13,3,8,4,13,8,26,3,6,27,13,7,3,8,37,12,47,12,16,9,11,19,6,8,6,9,25,21,21,58,30,45,40,20,20,28,-20,30,6,12,25,6,10,9,6,14,5,20,5,11,15,20,15,13,7,31,11,7,6,14,13,8,9,18,16,15,-20,5,-20,16,27,9,63,23,32,26,52,15,35,29,21,49,26,26,26,17,26,20,37,32,10,4,23,26,69,10,6,11,10,16,50,20,34,44,24,26,25,96,6,21,19,60,23,25,45,15,17,9,-20,11,7,10,16,10,6,12,10,11,9,7,8,5,4,17,8,14,11,10,10,8,7,14,6,8,6,8,11,12,3,11,-20,3,8,5,8,11,6,7,5,16,7,-20,9,14,7,11,12,14,10,11,3,11,8,6,11,2,7,7,11,11,11,5,9,9,4,-20,13,11,8,4,14,14,-20,9,7,7,6,10,9,-20,8,7,21,6,12,3,17,10,7,6,11,7,13,8,4,11,9,12,-20,-20,6,11,8,8,7,13,4,6,7,7,15,7,6,7,6,11,9,9,6,9,9,-20,11,10,6,-20,-20,-20,6,9,9,5,10,5,8,10,6,8,9,8,9,5,7,7,9,9,12,-20,14,5,11,10,8,10,-20,19,9,-20,-20,-20,-20,10,5,3,10,9,17,9,8,14,4,3,10,15,17,3,18,14,16,18,11,8,9,9,12,13,6,20,8,4,14,9,9,5,3,8,8,3,5,-20,12,10,12,6,6,-20,7,10,7,9,5,4,7,7,6,15,14,4,7,5,9,-20,5,85,7,13,11,5,8,9,12,17,8,13,13,4,11,-20,12,6,4,7,10,14,9,11,12,19,8,5,12,-20,21,8,14,-20,12,7,-20,-20,18,17,11,9,10,6,8,6,9,-20,8,5,5,3,11,10,10,14,10,4,17,17,12,11,4,9,7,7,14,12,10,13,-20,9,9,14,9,5,7,12,12,8,8,7,-20,4,-20,10,7,5,3,7,5,6,3,-20,7,2,5,8,10,4,-20,7,-20,9,4,8,14,13,12,5,7,3,10,5,6,6,10,26,9,3,13,4,10,7,15,6,19,10,8,6,7,3,4,3,11,-20,-20,7,8,-20,9,-20,-20,6,8,4,4,7,3,-20,6,11,-20,-20,14,-20,7,9,11,-20,-20,-20,-20,3,-20,-20,-20,-20,-20,-20,-20,-20,-20,-20,-20,-20,-20,8,7,-20,6,-20,11,-20,-20,-20,13,-20,7,10,6,-20,12,3,-20,-20,8,3,5,-20,8,8,-20,-20,-20,5,9,-20,13,4,-20,-20,-20,-20,7,-20,3,-20,3,4,-20,-20,-20,12,32,12,29,39,18,39,24,63,34,120,88,65,58,50,43,47,49
"chr3,14742594",2,3,4,-20,4,-20,6,-20,5,4,5,8,32,28,25,40,28,26,77,53,42,8,49,27,47,30,21,37,27,5,3,9,8,13,41,63,28,21,14,6,7,34,4,7,8,52,3,52,12,17,18,22,42,25,37,24,46,24,34,29,28,27,32,27,35,44,25,48,40,21,24,14,13,27,24,44,20,5,5,6,7,15,23,6,7,27,26,48,39,16,22,35,31,33,26,41,17,41,3,31,25,39,6,5,37,38,-20,27,33,5,-20,-20,3,10,-20,-20,9,-20,-20,3,10,6,6,-20,-20,-20,-20,-20,-20,-20,6,6,-20,6,6,-20,11,3,-20,3,4,7,4,5,6,-20,3,10,-20,7,-20,6,24,10,42,16,5,13,70,37,6,-20,-20,8,-20,9,4,5,4,-20,34,43,25,11,6,27,7,13,18,92,12,16,19,-20,16,2,16,9,17,7,40,18,4,4,8,15,11,15,18,11,10,15,24,17,40,14,21,18,23,-20,31,-20,19,13,11,23,35,9,20,11,18,11,19,30,11,13,10,15,14,36,42,35,34,31,8,10,20,19,20,11,22,17,20,13,8,38,17,9,-20,22,10,11,14,8,14,12,14,18,21,18,18,13,27,6,15,21,21,11,28,13,22,26,19,18,14,-20,34,52,31,41,14,17,13,24,5,14,9,3,7,26,9,16,4,12,71,63,37,3,3,4,33,4,4,-20,6,20,26,-20,21,20,40,35,33,48,6,7,3,6,19,66,7,13,21,15,12,10,6,15,10,26,8,10,-20,5,30,9,9,37,63,8,17,-20,12,-20,7,14,2,9,15,13,7,3,6,11,9,10,7,9,11,38,11,16,6,6,8,18,-20,3,11,6,5,7,7,37,14,13,9,55,7,15,12,5,5,15,17,16,14,16,-20,14,5,7,10,5,5,7,4,4,34,8,7,-20,-20,12,15,15,16,13,4,12,14,-20,4,29,15,11,7,-20,15,6,10,9,5,8,8,11,7,5,10,13,22,5,101,15,9,11,11,9,-20,10,9,15,6,8,13,10,9,7,7,10,57,13,12,7,11,11,22,13,16,5,8,6,17,11,24,10,4,10,10,6,-20,4,5,12,10,9,5,11,53,30,8,13,9,6,-20,10,8,-20,6,-20,-20,8,8,16,19,6,-20,18,8,11,6,11,6,6,30,6,-20,10,12,7,3,24,9,18,43,40,54,42,15,45,44,9,-20,34,46,8,5,45,10,7,36,9,13,5,37,11,4,13,12,-20,-20,24,22,7,14,13,6,9,10,14,17,18,13,3,8,4,14,8,26,3,6,29,14,7,3,9,36,12,47,12,16,9,12,19,6,8,6,9,25,22,21,58,31,46,40,20,21,28,6,29,6,11,25,6,10,9,6,12,5,20,5,12,15,20,14,13,7,31,11,7,6,14,13,8,9,17,16,15,-20,5,-20,16,26,9,63,22,33,27,51,14,37,30,21,48,26,25,26,14,25,20,38,31,11,4,24,26,69,10,6,10,10,16,50,20,34,46,23,27,23,98,6,-20,-20,59,20,25,45,13,17,9,-20,11,7,10,16,10,6,12,10,11,8,7,8,5,4,17,8,14,11,10,10,8,7,15,6,8,6,9,11,12,3,11,-20,3,8,5,8,11,6,7,5,18,7,-20,9,14,7,11,12,14,10,11,3,11,8,6,11,2,7,7,11,10,11,5,9,9,4,-20,13,11,8,4,14,14,-20,9,7,7,6,9,9,10,8,7,21,7,12,3,16,11,7,6,11,7,13,8,4,11,9,12,-20,-20,6,11,8,7,7,13,4,6,7,7,15,7,6,7,6,11,9,9,6,9,9,-20,11,10,6,-20,-20,-20,6,9,9,5,10,5,8,10,6,8,9,8,9,5,7,7,9,9,12,-20,14,5,11,10,7,9,-20,19,9,-20,-20,-20,-20,10,5,3,10,9,17,9,8,14,4,3,10,15,16,3,18,14,16,18,11,8,9,9,12,13,6,19,8,4,14,9,9,5,3,8,8,3,5,-20,12,10,12,6,6,-20,7,10,7,8,5,4,7,7,6,15,14,4,7,5,9,-20,5,83,6,13,11,5,8,9,12,16,8,13,13,4,11,-20,12,6,3,7,10,14,9,11,11,19,7,5,12,-20,21,8,13,-20,12,7,-20,-20,18,17,11,9,10,6,8,6,8,-20,8,5,5,3,11,9,10,13,10,4,17,16,12,11,4,9,7,7,14,12,11,13,5,9,9,14,8,5,7,12,12,8,8,7,-20,5,-20,10,7,5,3,7,5,6,3,-20,7,2,5,8,10,4,-20,7,-20,9,5,8,14,13,12,5,7,3,10,5,6,6,10,26,9,3,13,4,10,7,15,6,19,10,8,5,7,3,4,3,11,-20,-20,7,8,-20,9,-20,-20,6,8,4,4,7,3,-20,6,11,-20,-20,12,-20,-20,9,-20,-20,-20,-20,-20,3,-20,-20,-20,8,-20,3,-20,8,3,4,-20,-20,-20,8,8,-20,6,-20,-20,-20,-20,5,13,-20,-20,11,6,-20,-20,-20,-20,-20,8,-20,5,5,9,7,-20,-20,5,6,9,-20,11,5,-20,-20,-20,-20,7,6,5,6,4,6,-20,7,-20,12,32,12,29,39,17,39,23,67,34,120,74,65,58,50,44,47,50
"chr3,14742598",2,3,3,-20,4,-20,7,-20,5,7,5,8,31,29,25,38,30,24,76,50,41,8,49,25,49,29,20,36,25,5,4,9,9,11,37,62,28,19,18,6,8,33,9,4,8,51,4,52,12,16,20,22,45,26,38,24,44,25,34,31,28,26,32,30,33,44,24,46,38,21,23,14,17,27,23,45,21,6,-20,9,9,16,23,7,7,26,26,43,39,16,17,35,30,34,28,39,21,40,3,33,26,37,6,7,37,38,-20,26,31,5,-20,-20,3,11,-20,-20,9,-20,-20,3,13,6,8,-20,-20,-20,-20,-20,-20,-20,6,6,-20,8,7,-20,11,5,-20,-20,3,6,5,6,6,4,3,11,-20,7,-20,7,23,11,43,16,7,13,67,37,6,-20,-20,9,-20,11,4,3,3,9,36,44,27,10,5,27,8,15,19,103,12,16,19,2,16,4,17,13,17,7,42,17,4,4,8,16,14,19,19,13,12,16,27,18,38,17,27,19,24,19,33,19,19,17,11,23,35,9,21,12,19,12,21,31,12,13,10,20,15,35,42,36,36,31,8,9,23,17,18,11,20,17,21,13,7,36,17,10,11,22,10,12,14,8,14,8,15,20,25,15,17,14,27,6,12,22,23,13,26,12,22,26,20,17,13,8,33,57,33,42,15,20,13,22,5,13,9,3,8,28,8,19,4,13,77,61,35,3,3,6,34,5,4,-20,6,20,27,-20,20,20,37,36,33,46,5,6,4,6,18,60,7,13,20,13,13,10,6,18,10,25,8,9,-20,7,29,9,8,34,65,8,18,-20,12,-20,7,14,2,9,15,13,6,3,-20,12,11,10,7,9,12,38,13,15,6,6,8,18,-20,3,11,5,5,7,7,37,15,13,8,55,7,16,13,5,5,14,18,15,14,21,-20,16,5,6,10,6,4,6,4,5,37,8,6,-20,-20,13,16,15,16,13,5,12,12,-20,4,28,14,11,7,-20,13,5,10,8,5,9,8,11,7,4,11,11,21,5,100,14,10,11,10,9,-20,10,9,14,6,8,13,10,9,7,7,10,56,14,16,7,12,9,24,13,16,5,8,7,16,10,26,10,4,10,10,6,-20,7,6,12,10,11,5,10,55,32,8,16,9,7,-20,10,8,-20,6,-20,-20,6,9,16,19,6,-20,18,8,11,6,12,-20,6,33,8,-20,9,13,7,3,22,9,17,44,37,50,41,17,44,44,10,-20,33,42,-20,5,45,11,8,33,10,14,4,39,10,4,13,14,-20,6,24,24,9,15,13,6,12,10,15,18,15,14,2,9,4,16,9,28,3,6,31,16,7,3,9,34,12,47,11,17,9,12,18,7,8,7,13,25,23,23,57,32,44,37,19,22,24,7,36,11,12,28,8,13,9,12,16,5,23,6,11,20,22,15,19,9,37,13,8,6,12,16,10,12,22,16,20,-20,4,-20,19,32,-20,66,22,33,29,52,15,37,31,22,42,25,26,25,14,24,21,44,32,10,4,27,28,73,10,6,13,12,16,48,19,33,43,24,30,24,107,5,22,19,55,18,28,41,14,16,11,-20,13,7,11,16,11,4,14,8,9,9,8,10,8,5,19,8,16,12,-20,14,9,7,18,7,8,6,11,10,14,4,12,-20,6,8,7,9,15,7,8,6,18,9,-20,7,14,9,12,11,13,10,11,3,9,11,7,11,3,9,7,8,13,13,4,10,9,6,-20,13,13,10,5,17,17,-20,10,7,8,4,9,13,9,-20,7,20,8,14,6,21,13,8,8,10,8,13,12,5,13,12,16,-20,-20,6,13,7,7,7,13,4,7,8,7,20,9,6,10,6,12,8,10,8,10,11,-20,13,10,7,-20,-20,-20,6,9,9,5,9,5,9,11,9,-20,8,7,10,8,7,6,9,8,14,3,17,6,12,11,8,9,-20,20,10,-20,-20,-20,-20,11,7,3,15,9,18,8,10,15,5,4,12,14,17,4,17,15,17,20,10,10,11,13,11,13,7,21,8,5,15,9,11,6,4,11,10,4,6,-20,14,10,11,6,7,6,7,11,6,9,6,3,7,10,7,14,12,5,9,5,9,-20,5,83,6,16,11,8,12,11,12,16,14,19,13,7,14,-20,13,8,6,9,12,16,10,13,12,19,7,5,14,-20,23,10,14,-20,15,7,-20,-20,19,20,9,11,13,5,9,6,-20,-20,8,7,5,2,10,10,11,12,12,-20,17,19,10,10,5,9,7,9,13,13,12,15,-20,9,9,14,7,5,9,13,13,9,8,9,-20,5,-20,10,7,5,-20,8,5,6,3,3,7,3,6,9,12,4,-20,9,-20,11,6,9,18,13,14,5,7,3,10,4,7,9,9,27,9,5,14,7,10,8,14,5,20,13,8,5,10,-20,3,4,11,-20,-20,9,11,-20,9,-20,-20,7,8,4,10,7,3,-20,7,11,-20,-20,11,-20,9,11,10,-20,-20,-20,-20,3,6,4,-20,7,-20,-20,-20,8,4,4,4,-20,-20,8,8,-20,5,-20,11,-20,-20,-20,13,-20,7,12,6,-20,9,-20,-20,-20,7,4,5,5,7,7,5,-20,6,6,-20,-20,11,5,-20,-20,3,-20,7,7,5,-20,7,6,-20,7,-20,11,30,12,29,41,16,40,23,71,31,121,74,62,56,49,44,48,47
"chr3,14742599",-20,3,4,-20,4,-20,7,-20,5,7,5,8,30,29,25,37,30,25,79,47,41,8,48,24,49,29,20,35,25,5,4,9,9,10,36,61,29,20,18,6,8,34,9,4,8,51,4,53,13,17,20,23,43,27,38,25,44,25,33,31,28,27,31,31,36,42,24,46,39,21,23,14,17,26,22,45,21,6,-20,9,9,16,23,7,7,25,25,42,40,16,16,35,30,34,28,39,21,39,3,34,26,38,6,-20,37,38,-20,26,30,5,-20,-20,3,11,-20,-20,10,-20,-20,3,14,-20,8,-20,-20,-20,-20,-20,-20,-20,6,5,-20,8,7,4,11,5,-20,-20,3,5,6,6,5,4,3,11,-20,7,3,6,25,11,43,15,7,13,67,36,6,-20,-20,9,-20,11,4,3,3,10,37,47,27,10,5,28,8,15,19,103,12,16,19,2,16,4,16,13,17,7,46,19,4,4,8,16,14,19,21,14,12,16,27,19,38,17,28,20,24,19,33,19,19,17,11,23,35,9,20,12,19,12,21,32,13,13,11,20,17,36,42,35,36,-20,8,9,23,17,18,11,21,17,21,13,7,37,17,10,11,22,10,12,16,9,14,8,15,19,25,15,17,14,27,6,12,23,23,13,26,12,22,27,20,17,13,9,33,58,33,41,15,20,13,20,5,13,9,3,8,28,8,19,4,13,82,66,35,3,3,6,-20,5,4,-20,6,20,26,-20,19,20,36,36,33,47,5,6,4,6,18,59,7,13,20,13,13,10,6,17,10,25,8,10,-20,7,30,9,9,33,68,9,18,-20,12,-20,7,14,2,9,16,13,6,3,-20,12,11,10,7,9,13,40,12,16,6,6,8,16,-20,-20,10,5,5,7,7,37,15,13,9,57,7,16,13,5,3,13,18,14,15,21,-20,14,5,6,10,6,4,6,4,4,36,8,6,-20,-20,13,16,15,16,12,5,12,12,-20,4,28,13,11,7,-20,13,5,10,9,5,9,8,12,9,4,11,13,21,5,99,14,10,11,10,9,-20,10,9,14,6,8,13,10,9,7,7,10,57,14,16,7,12,9,22,12,16,5,8,7,16,11,26,10,3,10,10,6,-20,7,6,12,9,10,5,10,57,33,8,18,9,7,-20,10,8,-20,6,-20,-20,6,10,16,19,7,-20,18,8,11,6,12,6,6,32,8,-20,8,13,7,3,22,8,17,43,36,53,41,17,44,42,10,-20,34,42,-20,5,45,11,8,34,10,14,4,40,10,4,13,14,-20,7,-20,23,10,15,14,7,12,10,15,19,15,15,2,9,3,17,8,28,3,6,32,17,7,3,9,34,12,48,11,17,9,12,18,7,8,7,13,25,23,23,56,32,44,36,18,22,23,7,37,11,12,28,8,13,9,12,15,6,23,6,11,21,22,15,19,9,38,13,7,7,12,15,10,12,22,16,20,-20,4,-20,19,32,-20,65,23,34,28,53,15,36,31,22,45,27,27,27,14,24,20,44,31,11,4,27,25,72,10,6,13,12,14,48,20,-20,43,26,31,24,107,6,-20,-20,57,17,28,41,13,16,12,-20,13,7,10,16,11,5,14,8,9,7,8,9,9,5,19,8,16,12,11,14,9,7,18,7,8,6,11,10,14,6,12,-20,6,8,7,9,15,7,8,6,18,9,-20,8,14,9,12,11,13,9,11,3,8,11,6,11,3,9,7,8,12,12,4,10,9,6,-20,13,13,10,5,17,17,-20,10,7,8,4,9,13,9,9,7,20,8,14,6,21,13,8,8,10,8,13,12,5,13,12,16,-20,-20,6,12,7,7,-20,12,4,7,8,7,20,9,6,10,6,12,8,10,8,10,11,-20,14,10,7,-20,-20,-20,6,9,9,5,9,5,9,10,9,-20,8,7,11,8,8,6,9,8,14,3,17,6,12,11,8,8,-20,21,10,-20,-20,-20,-20,11,7,3,16,8,18,9,10,15,5,4,11,14,16,4,16,15,16,20,10,10,11,13,11,13,7,21,8,5,15,8,11,6,4,11,10,4,6,-20,14,10,11,6,7,6,7,11,6,10,6,3,8,10,7,13,11,5,9,5,9,-20,5,83,6,15,11,8,12,11,12,16,14,20,13,7,14,-20,13,8,6,9,12,16,10,12,12,17,8,5,14,-20,23,10,14,-20,15,9,-20,-20,18,20,8,10,13,5,8,6,-20,-20,8,7,5,2,10,10,11,12,13,-20,16,19,10,11,5,9,7,9,13,13,12,14,5,9,9,14,7,6,9,13,13,9,8,9,-20,5,-20,10,7,5,-20,8,5,6,3,3,7,3,5,9,12,4,-20,9,-20,11,6,9,18,12,13,5,7,3,10,4,7,9,9,28,9,5,14,7,10,8,14,5,20,13,-20,3,10,4,3,4,12,-20,-20,9,12,-20,9,-20,-20,7,8,4,10,7,3,-20,7,11,-20,-20,9,-20,9,10,10,-20,-20,-20,-20,3,-20,4,-20,7,-20,-20,-20,8,4,4,4,-20,-20,8,8,-20,5,-20,12,-20,-20,-20,13,-20,7,11,5,-20,7,-20,4,-20,8,-20,5,5,8,8,5,-20,7,6,10,-20,-20,5,-20,-20,3,-20,7,5,5,-20,6,6,-20,9,-20,11,28,12,29,43,16,40,24,70,29,121,74,58,57,49,45,47,46
"chr3,14742600",-20,3,4,-20,4,-20,8,-20,5,7,5,10,30,29,25,35,30,24,79,47,42,8,49,24,50,28,20,35,26,5,4,9,8,10,37,62,29,19,18,6,8,34,-20,4,8,49,4,53,13,18,20,23,42,29,35,24,43,25,33,31,29,27,32,32,36,43,24,46,40,20,25,16,17,26,21,45,21,6,-20,9,9,16,23,7,7,25,24,43,40,16,16,34,31,34,27,39,21,39,3,35,27,38,6,7,37,38,-20,26,30,5,-20,-20,3,11,-20,-20,10,-20,-20,3,12,-20,8,-20,-20,-20,-20,-20,-20,-20,6,4,-20,8,7,4,11,5,-20,-20,3,5,6,6,5,4,3,11,3,7,3,6,32,11,44,16,8,13,67,36,6,-20,-20,7,-20,10,4,-20,3,10,38,46,27,10,5,28,8,15,19,103,12,16,19,2,16,4,17,14,17,7,46,17,4,4,8,16,14,19,19,14,12,16,26,19,37,17,28,20,25,19,33,20,19,17,11,23,35,9,20,11,19,12,21,32,14,13,11,20,17,36,42,33,36,31,8,9,23,17,18,11,21,17,21,14,7,35,17,11,11,22,10,13,17,10,14,8,16,19,24,15,17,14,27,6,12,23,23,13,26,12,22,29,20,17,13,11,33,58,33,41,15,18,14,21,5,13,8,3,8,29,-20,19,4,13,78,76,35,3,3,6,34,5,4,-20,6,20,25,-20,21,20,38,37,34,47,5,6,4,6,19,56,7,15,20,13,12,10,6,17,10,25,8,-20,-20,8,29,-20,9,32,68,9,18,-20,12,-20,7,14,2,9,16,12,6,4,-20,12,10,10,7,-20,13,40,12,17,6,6,8,16,-20,-20,10,5,5,7,7,37,15,13,9,59,7,15,13,5,2,13,18,14,16,22,-20,15,5,6,10,6,4,6,3,4,40,-20,6,-20,-20,14,16,15,16,12,5,12,12,-20,4,28,13,11,7,-20,13,5,10,9,-20,9,8,12,10,4,11,14,21,5,101,14,11,11,11,9,-20,10,9,14,6,8,13,11,9,7,8,10,57,16,14,7,11,8,22,12,17,5,8,7,15,11,26,11,4,10,10,6,-20,7,6,11,9,10,5,10,57,32,8,18,9,7,4,10,8,-20,7,-20,-20,6,10,16,21,8,-20,18,8,11,7,11,7,6,30,8,-20,8,12,7,4,22,8,17,43,35,52,41,17,45,40,9,-20,34,42,-20,5,46,11,8,35,10,14,4,38,10,5,13,14,-20,7,24,24,10,15,14,-20,12,11,15,19,15,15,-20,8,3,18,7,29,4,6,31,17,6,3,8,34,12,48,11,17,9,14,18,7,8,7,13,24,22,23,56,32,43,35,18,22,23,7,35,12,12,29,8,12,9,12,14,6,23,6,10,20,22,15,20,8,38,13,7,8,12,18,10,12,21,16,19,-20,4,-20,19,32,9,64,21,34,27,52,15,36,32,22,45,27,26,28,14,24,25,44,31,11,4,28,24,73,10,6,13,12,15,47,20,32,42,24,30,25,104,6,22,19,58,17,28,42,13,14,12,-20,13,7,10,16,11,5,13,9,9,7,6,9,9,5,19,8,15,12,11,13,9,7,18,7,8,6,11,10,13,6,12,-20,6,7,7,-20,14,8,8,5,18,8,-20,7,14,9,12,11,12,9,10,3,8,11,6,11,3,9,6,8,12,12,3,10,9,5,-20,13,12,10,5,17,16,-20,9,7,8,-20,9,13,9,9,7,20,8,14,6,21,13,9,7,10,8,13,12,5,13,12,17,-20,-20,6,12,7,7,8,10,5,7,8,6,20,9,6,10,6,13,8,10,8,10,12,-20,13,10,6,-20,4,-20,6,9,9,5,9,5,9,10,10,-20,8,7,11,-20,8,5,9,8,14,3,17,6,12,10,8,8,-20,21,9,-20,-20,-20,-20,11,-20,3,16,8,18,9,10,14,5,4,10,15,16,4,16,15,16,18,10,10,11,13,11,14,7,22,8,4,15,8,11,5,-20,11,9,4,6,-20,14,10,10,6,7,6,7,11,6,10,6,3,8,10,7,13,11,5,9,5,8,-20,6,83,6,15,-20,8,12,11,11,16,15,20,13,7,14,-20,13,8,7,9,12,15,10,11,11,17,8,5,14,-20,21,10,13,-20,14,8,-20,-20,18,20,8,10,13,4,-20,6,-20,-20,8,6,5,2,10,10,10,12,12,-20,16,15,10,11,5,9,7,9,12,13,12,13,5,9,8,14,7,6,8,13,13,9,7,9,-20,5,-20,10,7,5,-20,8,5,5,3,3,7,3,5,8,12,4,7,9,-20,11,6,9,16,12,13,5,7,3,10,4,7,8,9,25,8,5,14,7,10,8,12,5,19,14,7,3,10,4,3,3,11,-20,-20,9,12,-20,9,-20,-20,7,8,4,11,5,3,-20,7,11,-20,-20,-20,-20,-20,9,10,-20,-20,4,-20,3,6,4,-20,7,-20,-20,-20,9,5,4,4,-20,-20,8,6,-20,4,-20,13,-20,-20,-20,13,-20,7,-20,-20,-20,6,-20,-20,-20,8,6,6,4,8,7,-20,-20,6,6,10,-20,8,5,-20,-20,4,-20,7,6,5,6,-20,6,-20,8,-20,11,28,12,27,43,16,41,25,69,29,120,74,58,57,49,44,47,46
"chr3,14742601",-20,3,-20,-20,4,-20,8,2,5,7,5,10,30,29,25,35,30,23,81,48,43,8,47,24,49,29,21,34,26,5,4,9,8,-20,36,62,29,19,17,6,8,35,10,4,-20,49,4,52,13,18,20,22,43,26,38,25,42,27,34,31,30,26,32,32,37,43,25,44,40,20,24,17,17,27,20,45,20,6,-20,9,10,15,23,7,7,25,24,44,42,16,16,35,31,36,27,40,21,42,3,35,25,38,6,7,36,36,-20,26,32,5,-20,-20,3,11,-20,-20,10,-20,-20,3,12,-20,8,-20,-20,-20,-20,-20,-20,-20,6,4,-20,8,7,4,11,5,-20,-20,3,5,6,6,5,4,3,11,3,7,3,6,32,11,46,16,8,13,66,-20,6,-20,-20,7,-20,10,4,-20,3,10,41,47,-20,10,6,28,8,13,-20,102,-20,16,20,2,16,4,-20,15,17,7,46,18,4,4,7,15,14,-20,18,13,13,16,26,19,39,15,29,20,24,20,33,21,21,16,11,21,35,8,-20,13,19,11,-20,33,15,13,-20,20,18,36,40,36,36,31,8,10,23,17,18,10,21,17,21,14,7,35,17,12,11,22,-20,13,17,9,14,9,15,-20,24,14,16,14,26,7,12,23,23,13,22,12,22,30,20,18,13,11,32,58,31,41,15,18,15,19,5,13,8,3,8,27,9,18,5,-20,78,76,36,3,3,7,32,5,4,-20,6,20,24,-20,21,21,38,36,34,46,5,6,-20,6,18,56,7,15,20,13,12,10,6,17,11,23,8,10,-20,8,30,9,9,31,71,9,18,-20,12,-20,7,13,2,9,15,13,7,4,-20,12,10,10,7,8,11,40,-20,18,6,-20,7,16,-20,-20,10,5,5,7,7,39,15,12,8,58,7,14,14,5,2,13,18,14,16,22,-20,15,5,6,10,6,4,6,3,-20,40,9,6,-20,-20,14,16,15,16,12,5,11,11,-20,4,28,13,11,7,-20,13,5,10,9,-20,9,8,13,10,4,12,14,21,5,102,14,11,11,11,9,-20,10,9,14,6,8,13,10,10,7,8,9,57,17,14,7,11,-20,21,12,17,4,8,7,14,11,28,11,4,10,10,6,-20,7,6,9,8,10,5,10,57,32,8,19,9,7,4,10,8,-20,7,-20,-20,6,10,16,21,10,-20,18,8,12,7,11,7,6,31,8,-20,8,11,-20,4,21,8,17,42,34,53,41,17,44,43,9,-20,32,42,-20,5,46,-20,7,34,10,-20,-20,39,9,5,12,14,-20,-20,25,-20,10,15,14,7,12,-20,14,20,15,15,-20,8,3,18,7,30,4,6,34,17,7,3,8,33,12,47,11,15,-20,14,18,-20,8,7,13,24,22,23,56,32,42,35,18,22,23,7,33,13,11,28,8,13,9,12,14,6,22,6,-20,20,22,15,20,8,39,13,7,9,12,19,9,11,22,16,20,-20,4,-20,19,31,9,65,23,35,27,51,15,35,32,22,39,27,26,28,14,23,25,45,33,11,4,27,24,73,13,6,13,11,15,47,20,32,41,23,30,24,100,6,22,19,54,17,-20,41,13,14,15,-20,13,7,10,16,11,5,13,11,9,7,6,9,9,5,19,8,15,12,10,12,-20,7,18,7,8,6,11,-20,13,6,11,-20,6,7,7,9,15,8,8,5,17,7,-20,8,14,9,12,13,12,9,-20,3,8,11,6,10,3,9,6,9,12,12,3,10,9,5,-20,13,12,11,5,17,15,-20,9,8,9,4,9,13,9,-20,7,20,-20,13,6,20,14,9,7,10,8,13,12,5,13,12,17,-20,-20,6,12,7,7,9,11,5,7,8,6,21,9,6,10,6,13,8,9,8,10,12,-20,13,10,6,-20,4,-20,6,9,9,5,9,5,8,10,10,-20,8,7,11,8,8,6,9,8,14,3,17,6,12,10,8,8,-20,20,9,-20,-20,-20,-20,11,-20,3,16,8,18,9,10,14,5,4,10,15,17,4,16,15,16,18,10,10,11,13,11,14,7,22,8,4,15,9,11,5,-20,12,9,4,6,-20,14,11,11,6,7,6,7,11,6,11,6,3,8,11,7,13,10,5,9,5,8,-20,6,84,6,16,10,8,12,11,11,16,15,20,13,7,14,-20,12,8,7,9,13,15,10,11,11,17,8,5,14,-20,21,10,13,-20,15,9,-20,-20,19,20,8,10,13,4,-20,6,-20,-20,8,6,5,2,10,10,10,12,12,-20,16,15,10,10,5,9,7,9,12,13,12,13,-20,9,8,14,7,6,8,13,13,9,7,9,-20,5,-20,10,7,5,-20,8,5,5,3,3,7,3,5,8,12,4,7,9,-20,11,6,9,16,12,13,5,7,3,10,4,8,-20,9,25,8,5,14,7,10,8,12,5,19,14,6,3,10,4,3,3,11,-20,-20,9,12,-20,9,-20,-20,7,8,4,11,5,3,-20,7,11,-20,-20,8,6,-20,9,-20,-20,2,4,-20,3,-20,3,-20,6,-20,-20,4,9,5,3,4,-20,-20,-20,7,-20,4,-20,12,-20,-20,-20,13,-20,-20,12,3,-20,-20,-20,-20,-20,7,5,-20,4,-20,7,5,-20,7,5,10,-20,6,4,-20,-20,4,-20,7,5,6,6,-20,5,-20,9,-20,11,28,11,25,43,15,41,24,67,29,126,74,55,57,44,44,47,47
"chr3,14742604",-20,3,4,-20,4,-20,7,2,5,7,5,10,29,28,24,34,27,22,78,46,42,8,47,22,49,28,21,34,26,5,4,9,8,10,34,59,29,19,17,5,8,35,11,8,-20,45,4,52,13,17,19,22,44,27,36,24,44,29,33,32,27,25,33,31,38,40,24,44,40,20,21,16,17,27,22,43,20,-20,-20,9,9,16,19,6,7,25,23,44,42,14,15,34,30,34,27,39,20,40,3,35,27,35,5,7,36,35,-20,23,34,5,-20,-20,-20,11,-20,-20,10,-20,-20,3,12,-20,8,-20,-20,-20,-20,-20,-20,-20,6,4,-20,8,7,4,11,5,-20,-20,-20,5,5,5,5,4,3,12,3,6,-20,7,32,15,46,15,8,13,64,28,6,-20,-20,-20,-20,8,4,-20,3,10,44,53,21,11,6,26,9,13,-20,105,-20,15,20,-20,17,3,-20,14,12,7,41,18,4,4,7,17,15,-20,18,12,15,16,25,19,40,15,28,19,24,20,33,22,20,17,12,19,36,7,-20,13,18,11,-20,33,15,13,-20,21,20,36,39,35,35,32,7,7,23,17,18,10,20,19,20,13,8,36,17,12,11,21,-20,13,17,10,14,10,15,-20,25,11,15,15,28,10,12,21,24,11,24,16,21,33,21,15,12,11,31,60,31,37,15,18,18,21,5,13,7,5,9,26,8,17,7,-20,75,78,35,3,3,7,31,5,3,-20,8,21,23,-20,21,19,38,36,34,46,3,5,-20,7,18,53,7,15,20,13,12,10,5,17,11,26,8,9,-20,8,28,8,8,29,72,10,18,-20,13,-20,7,13,2,8,15,13,7,-20,-20,11,11,11,7,8,11,41,-20,18,6,5,7,14,-20,3,9,5,6,8,7,41,13,13,8,59,8,14,15,8,2,12,21,14,15,26,-20,15,5,6,11,6,4,6,3,5,45,9,5,-20,-20,14,14,15,17,11,6,12,12,-20,4,28,11,8,7,-20,12,5,10,10,5,9,8,12,10,4,12,14,21,6,99,13,12,12,11,9,-20,9,8,15,6,9,13,10,10,7,8,8,56,17,12,-20,11,-20,21,14,16,4,8,7,13,12,30,10,4,11,8,7,-20,7,-20,6,8,12,5,10,52,33,7,20,10,7,4,11,8,-20,7,-20,-20,5,10,17,21,12,-20,17,9,12,9,11,-20,6,32,8,-20,8,10,-20,5,18,8,16,41,36,52,39,17,43,40,9,-20,32,41,-20,4,48,10,6,32,10,-20,-20,39,9,-20,12,11,-20,-20,24,-20,9,15,14,9,12,-20,14,20,15,14,-20,8,3,17,9,31,4,5,32,18,7,4,8,31,12,47,12,13,-20,15,19,-20,8,7,13,24,20,22,56,32,45,33,19,22,23,6,34,-20,10,28,8,13,9,12,14,6,20,6,9,20,21,15,20,8,38,12,6,9,11,18,9,11,22,16,20,-20,4,-20,19,29,9,64,21,35,29,46,15,33,29,21,42,27,25,28,12,23,26,47,32,11,4,27,24,68,12,6,13,9,16,44,19,31,37,24,29,23,102,6,22,18,55,18,-20,40,11,15,15,-20,12,7,10,16,10,5,14,10,9,6,6,9,9,5,19,8,14,12,9,13,-20,7,18,6,8,4,12,-20,13,6,11,-20,6,7,7,9,14,8,8,5,17,7,-20,8,12,9,12,13,10,8,-20,3,8,12,6,9,3,8,4,7,12,11,3,9,8,5,-20,11,11,9,5,18,15,-20,6,8,9,4,9,12,7,8,8,17,8,13,7,18,14,9,5,9,7,13,12,5,13,12,17,-20,-20,6,11,7,6,8,10,4,6,8,6,22,9,4,10,6,12,8,9,8,10,12,-20,13,9,6,-20,4,-20,6,9,8,5,7,5,8,9,10,-20,7,7,10,8,8,6,8,8,14,3,17,6,12,9,9,8,-20,19,8,-20,-20,-20,-20,11,-20,3,15,7,17,9,10,12,5,4,9,15,16,4,15,15,16,17,10,10,11,12,10,12,7,22,8,4,13,8,11,4,-20,12,9,4,6,-20,14,11,9,6,7,5,6,11,6,10,6,-20,8,11,7,11,8,5,9,4,7,-20,6,82,6,16,10,7,10,11,11,16,15,20,11,7,12,-20,11,8,7,9,12,13,10,9,11,16,6,5,14,-20,21,9,11,-20,14,9,-20,-20,17,16,8,10,13,4,6,6,-20,-20,7,6,4,2,9,10,9,9,11,-20,15,15,10,10,5,9,6,8,12,12,12,13,5,9,8,14,7,6,8,13,12,8,7,9,-20,5,-20,10,7,5,-20,7,5,5,3,3,7,3,5,8,12,4,7,9,-20,11,6,8,16,10,11,6,5,3,9,4,7,-20,9,26,7,5,13,7,10,8,12,6,18,13,5,3,10,4,3,3,10,-20,-20,9,11,-20,9,3,-20,7,7,4,12,5,3,-20,6,11,-20,-20,8,8,11,11,-20,-20,3,4,11,3,-20,3,3,7,-20,-20,5,7,5,3,4,-20,6,-20,7,4,5,-20,12,3,-20,-20,10,-20,8,11,4,-20,-20,-20,3,-20,6,5,4,5,9,6,5,-20,7,5,9,-20,6,-20,6,-20,5,-20,8,5,6,6,10,7,-20,10,-20,11,27,11,26,42,15,42,25,68,30,107,74,52,57,42,41,44,46
"chr3,14742605",-20,3,3,-20,4,-20,7,2,4,7,5,10,30,28,25,33,27,22,78,45,42,7,49,22,51,27,21,35,27,5,4,9,8,10,34,59,29,17,14,4,7,34,11,8,8,45,4,54,13,17,19,22,44,27,36,26,44,28,32,32,26,24,33,31,38,40,24,42,39,19,23,16,14,27,22,43,20,-20,-20,8,9,15,21,6,6,25,23,45,42,13,14,34,30,35,27,38,16,42,-20,34,27,35,5,8,35,36,-20,23,34,5,-20,-20,-20,11,-20,-20,9,-20,-20,3,9,-20,7,-20,-20,-20,-20,-20,-20,-20,6,3,-20,8,7,4,11,5,-20,-20,-20,4,5,4,5,3,3,12,3,6,-20,7,32,15,46,15,8,13,65,31,-20,-20,-20,-20,-20,7,2,-20,3,10,44,56,22,11,6,27,9,13,18,105,12,15,20,-20,17,3,19,13,12,6,41,18,4,4,7,18,15,19,19,13,14,16,25,19,40,15,28,19,24,21,32,22,21,20,12,21,36,7,20,13,18,11,21,33,15,14,10,21,20,36,37,36,36,32,7,8,22,14,18,11,20,19,19,13,9,36,17,12,11,22,12,13,17,10,14,10,15,19,26,11,16,17,27,10,11,20,23,11,26,16,21,34,22,15,12,11,32,62,31,37,15,18,17,21,5,13,7,5,9,27,8,18,7,16,75,78,34,-20,3,7,33,5,3,2,8,21,22,-20,21,21,38,37,32,46,3,5,3,7,17,53,-20,15,20,12,12,10,4,16,11,25,8,-20,-20,8,28,8,8,30,71,10,18,-20,14,-20,7,14,2,8,15,13,7,-20,-20,11,12,11,7,8,12,40,11,18,6,5,7,14,-20,3,9,6,6,8,7,41,12,13,8,59,8,14,16,8,2,12,20,13,16,25,-20,15,5,6,11,6,3,6,3,5,45,9,5,-20,-20,16,14,15,17,10,6,13,12,3,4,27,12,8,7,-20,12,4,9,10,5,7,8,13,10,5,12,14,21,6,99,14,10,12,11,9,-20,9,8,14,5,9,12,11,9,7,9,8,55,17,12,-20,11,8,19,14,16,5,9,7,13,12,30,10,4,11,7,7,-20,6,-20,6,8,13,5,10,50,33,7,19,10,7,4,11,8,-20,7,-20,-20,5,11,16,21,11,-20,17,9,12,9,10,7,6,32,8,-20,8,11,9,5,20,8,15,40,36,51,38,18,43,40,8,-20,32,39,-20,-20,46,11,6,31,10,13,-20,38,9,5,13,11,-20,8,23,25,9,15,14,9,12,11,16,21,15,14,-20,8,3,17,9,31,4,5,33,21,7,4,8,33,13,47,13,13,8,15,19,8,8,7,13,26,21,22,55,32,43,33,18,22,23,5,33,12,10,25,7,11,7,10,13,6,18,6,-20,17,21,12,19,8,34,8,-20,7,9,15,6,9,19,15,15,-20,4,-20,19,31,9,64,22,34,28,46,16,35,29,21,44,25,24,28,12,26,25,46,32,11,4,26,23,67,12,6,13,9,16,44,19,31,37,26,29,24,106,6,24,18,50,18,21,39,10,15,14,-20,12,4,10,16,9,4,13,6,9,4,5,6,8,4,19,-20,11,10,7,12,7,6,16,5,8,4,12,-20,10,5,11,-20,7,6,7,7,13,6,8,-20,18,7,-20,6,12,8,12,11,8,6,7,3,8,12,6,8,3,7,4,-20,12,10,3,9,8,4,-20,10,9,7,5,15,14,10,5,9,9,3,9,12,7,7,8,12,8,10,7,17,14,7,5,11,6,13,12,5,12,11,12,-20,-20,5,10,7,5,7,10,4,4,-20,6,20,6,4,9,4,11,7,8,8,10,-20,-20,11,7,6,-20,4,-20,6,8,6,5,5,5,7,8,10,-20,7,7,10,7,7,6,6,6,11,3,16,4,12,10,8,8,-20,17,7,-20,-20,-20,-20,7,-20,3,13,5,14,9,10,11,3,4,9,14,16,3,15,15,14,14,8,8,9,12,9,10,7,22,5,4,15,7,10,4,-20,9,-20,3,6,-20,13,10,8,5,6,3,5,10,4,9,2,-20,7,9,7,10,7,4,8,4,7,-20,7,81,6,13,10,6,8,10,10,12,15,15,9,7,11,-20,10,8,6,7,10,11,9,8,7,16,6,4,12,-20,19,8,7,-20,13,9,-20,-20,15,14,6,9,13,4,5,6,-20,-20,7,6,4,-20,8,9,9,8,11,-20,15,14,7,9,5,9,5,7,9,11,12,15,5,8,7,13,6,6,6,13,10,6,6,9,-20,5,-20,9,7,5,-20,7,5,5,-20,3,7,3,4,7,-20,5,6,9,-20,11,6,8,16,9,10,6,4,4,8,4,7,6,8,25,7,5,12,6,9,7,10,6,18,13,4,3,8,4,3,3,10,-20,-20,9,11,-20,7,3,-20,7,7,4,12,4,3,-20,6,11,-20,-20,9,9,11,11,10,3,-20,5,12,3,7,3,3,7,-20,-20,6,8,4,4,6,-20,6,9,7,4,6,-20,11,3,-20,5,10,3,7,-20,5,-20,-20,-20,-20,-20,5,-20,5,4,9,-20,5,-20,-20,5,9,-20,6,3,6,-20,5,-20,8,5,5,6,10,6,-20,8,-20,11,24,11,25,42,15,41,24,70,30,107,74,50,56,42,45,45,45
"chr3,14742608",-20,-20,-20,-20,4,-20,7,2,4,7,5,-20,29,27,24,33,27,20,75,44,40,7,46,21,49,27,20,35,27,5,5,9,9,10,32,55,28,19,14,4,7,34,11,8,10,44,4,55,12,16,20,23,46,25,37,28,44,29,31,30,26,25,32,31,36,39,23,40,39,18,21,16,15,23,22,43,19,-20,-20,8,9,15,20,5,6,25,23,44,43,14,13,35,30,31,27,37,15,42,-20,36,26,33,5,9,37,35,-20,21,34,5,-20,-20,-20,9,-20,-20,9,-20,-20,3,9,-20,6,-20,-20,-20,-20,-20,-20,-20,6,-20,-20,8,7,-20,10,5,-20,-20,-20,3,5,5,5,3,3,12,3,6,-20,8,30,16,47,15,8,13,70,31,6,-20,-20,-20,-20,6,-20,-20,3,11,44,57,22,12,6,25,7,14,18,104,13,15,21,-20,15,3,19,14,11,6,42,18,4,3,7,18,17,20,17,13,13,16,27,20,37,15,28,19,23,24,36,24,20,19,12,21,37,7,20,12,18,10,20,34,15,14,11,22,21,35,37,37,36,32,7,8,21,14,17,10,20,18,16,16,10,36,19,11,11,21,11,12,16,10,14,10,15,20,26,11,14,14,24,10,11,21,24,12,24,20,20,33,23,19,11,12,31,62,33,41,14,18,16,24,5,13,3,4,9,27,7,19,8,16,67,78,35,4,-20,7,34,5,3,3,9,20,22,-20,19,21,38,35,28,47,4,4,3,7,16,52,8,16,21,12,14,10,5,15,10,28,8,11,-20,8,28,8,7,28,68,10,18,-20,15,-20,7,13,2,7,13,12,-20,4,6,11,12,10,7,9,13,42,10,19,6,5,7,14,-20,3,9,6,5,7,7,43,13,10,8,59,8,13,16,8,-20,12,22,13,15,26,-20,15,4,5,11,6,2,6,3,5,49,10,5,-20,-20,16,14,14,18,10,6,12,12,3,6,25,12,8,7,-20,12,4,9,10,5,7,8,13,11,5,12,14,20,7,97,14,10,11,11,9,-20,9,8,14,5,8,13,11,9,7,9,8,53,19,12,-20,12,9,18,14,16,4,9,7,13,12,28,10,4,10,7,8,-20,6,6,6,7,14,5,9,50,32,8,18,9,7,3,9,7,-20,7,-20,-20,4,9,17,18,10,-20,16,9,12,9,10,7,7,32,9,-20,8,12,9,5,16,7,16,40,37,49,37,18,41,38,8,-20,30,39,-20,-20,47,10,6,31,10,13,-20,38,10,5,13,11,-20,8,22,25,9,14,16,8,13,11,17,21,15,15,-20,8,3,16,10,31,5,7,34,21,7,4,8,32,13,49,12,13,11,15,19,8,8,6,14,27,22,22,54,30,40,31,17,26,22,5,31,11,10,28,7,13,7,11,14,6,20,5,7,15,22,9,17,8,34,8,5,6,9,15,6,11,19,16,15,-20,4,-20,21,31,-20,65,21,35,31,47,16,34,27,21,41,24,25,29,14,24,25,44,31,11,6,26,22,69,11,6,13,9,15,42,18,27,34,27,29,22,103,6,23,18,52,16,19,33,9,17,14,-20,11,4,10,16,8,4,14,6,9,-20,5,7,7,3,19,7,12,-20,7,12,7,6,16,5,8,4,12,-20,10,6,12,-20,8,7,6,6,13,6,9,5,18,8,-20,6,10,8,13,11,9,6,6,3,8,12,6,8,3,8,4,-20,13,9,3,9,8,4,-20,10,9,7,5,18,12,9,6,8,7,3,9,12,7,7,9,12,8,10,-20,17,14,7,5,12,6,14,12,4,10,11,12,-20,-20,5,10,7,5,7,12,5,4,7,6,20,7,4,8,5,12,7,9,8,10,7,-20,11,6,6,-20,4,-20,6,9,6,5,5,5,8,9,11,-20,8,7,10,7,7,6,6,6,11,3,16,4,12,9,8,9,-20,15,7,-20,-20,-20,-20,9,6,3,13,-20,16,10,9,10,3,4,9,14,14,3,15,15,14,14,-20,7,9,12,9,10,7,21,6,5,16,8,10,4,-20,9,6,3,6,-20,13,9,8,4,6,3,5,10,-20,10,2,4,7,8,7,9,8,4,8,4,7,-20,7,80,6,13,9,7,7,10,10,12,14,15,9,7,12,-20,9,8,5,7,-20,12,9,9,7,16,7,5,9,-20,18,11,7,-20,13,9,-20,-20,14,16,6,7,13,5,4,6,-20,-20,7,5,4,-20,8,10,9,7,10,-20,15,13,7,10,5,8,5,7,9,10,12,15,5,8,5,13,6,6,5,13,10,6,7,9,-20,4,-20,9,7,4,-20,7,5,5,2,-20,7,3,4,6,10,5,5,12,-20,11,7,6,16,6,10,6,4,4,8,4,7,6,7,23,6,5,12,6,10,7,9,6,16,12,4,3,7,5,3,3,9,-20,-20,9,11,-20,7,4,-20,7,7,4,12,5,3,-20,6,11,-20,-20,-20,9,11,11,10,4,3,5,13,4,9,3,3,8,-20,-20,5,8,6,4,6,-20,5,10,6,4,6,-20,10,4,-20,7,11,3,7,11,6,-20,-20,-20,-20,-20,4,5,6,4,11,6,5,-20,5,5,10,-20,10,3,6,-20,5,-20,9,6,4,6,8,7,-20,10,-20,18,26,10,24,41,15,40,24,71,30,107,74,49,60,42,43,44,45
"chr3,14742609",-20,-20,-20,-20,3,-20,7,2,4,7,5,10,28,27,24,33,26,20,75,46,40,7,47,19,49,27,21,33,26,5,5,9,9,10,32,55,28,19,14,4,7,33,11,8,10,44,5,54,13,16,17,23,46,25,-20,28,42,29,31,30,25,26,32,31,37,40,23,42,38,18,21,17,15,23,21,44,19,-20,-20,8,8,16,20,5,6,23,23,45,44,14,13,33,24,31,27,39,15,41,3,35,26,32,5,9,36,34,-20,22,34,5,-20,-20,-20,9,-20,-20,9,-20,-20,3,9,-20,6,-20,-20,-20,-20,-20,-20,-20,6,-20,-20,-20,8,-20,10,5,-20,-20,-20,4,5,4,5,3,3,-20,4,6,-20,8,30,17,48,15,8,15,69,31,6,-20,-20,-20,-20,6,-20,-20,3,11,44,57,22,15,6,25,7,14,18,100,-20,16,22,-20,15,-20,19,13,11,6,44,18,4,4,7,16,17,-20,17,-20,13,16,27,20,37,-20,27,19,22,24,37,24,24,20,11,21,40,7,-20,13,18,10,-20,34,15,13,-20,22,21,34,37,37,36,32,7,8,20,14,16,-20,20,18,18,16,9,38,20,11,11,21,11,12,16,11,13,10,15,-20,26,11,15,13,24,10,10,-20,24,12,25,21,21,32,23,19,11,12,32,62,33,41,13,18,16,24,5,12,4,4,8,26,-20,19,8,-20,67,77,35,4,-20,7,33,5,3,3,9,21,23,-20,19,21,38,36,29,47,4,4,3,7,16,52,8,16,21,12,13,10,5,15,10,28,8,11,-20,8,27,9,7,29,67,10,18,-20,15,-20,7,14,2,7,13,13,7,5,6,10,12,10,7,9,13,41,-20,19,6,5,7,14,-20,-20,11,6,5,7,6,44,13,10,8,60,8,14,16,8,-20,12,-20,13,17,26,-20,15,4,5,11,6,3,-20,3,5,52,10,5,-20,-20,16,14,14,18,10,7,12,12,3,7,25,12,8,7,-20,12,4,10,11,5,7,9,14,12,5,12,14,20,7,99,14,10,11,12,9,-20,9,8,14,4,8,13,12,9,7,10,8,53,20,11,8,13,-20,18,14,16,4,9,7,14,12,29,10,4,10,7,8,-20,6,6,9,7,14,5,9,50,32,9,18,9,7,-20,9,6,-20,8,-20,-20,4,9,17,19,10,-20,16,9,12,9,10,6,7,32,9,-20,8,-20,-20,5,16,7,16,41,39,48,37,18,43,39,8,-20,29,38,-20,-20,47,-20,6,33,9,-20,-20,39,9,5,12,11,-20,8,22,-20,9,14,15,9,12,-20,16,21,15,15,-20,8,3,17,10,31,5,7,33,20,6,4,8,29,13,49,12,13,-20,15,19,-20,8,6,17,28,22,22,52,31,40,32,19,-20,22,5,32,11,10,28,-20,14,7,11,13,-20,20,5,7,15,23,9,17,8,33,-20,5,6,9,14,6,11,21,16,15,-20,4,-20,21,32,8,65,19,34,31,48,16,33,27,21,44,25,25,28,14,24,26,47,31,12,6,26,21,71,11,5,14,9,14,42,17,27,34,28,27,22,103,6,19,20,50,14,20,32,9,17,14,-20,11,4,9,16,8,4,14,6,9,-20,-20,7,7,3,19,7,12,10,7,11,-20,6,14,5,8,5,12,-20,10,6,12,-20,8,7,6,6,14,6,9,5,17,8,-20,6,9,8,13,11,9,6,-20,3,8,12,6,8,3,8,4,-20,13,-20,3,9,7,4,-20,10,10,7,4,18,12,8,-20,8,7,4,11,11,6,-20,-20,12,8,10,7,17,14,7,5,12,6,13,12,4,10,11,11,-20,-20,5,10,7,5,7,12,5,6,8,5,20,7,4,8,5,12,7,9,8,10,7,-20,11,6,6,-20,4,-20,6,9,6,5,5,5,8,8,11,-20,8,7,9,-20,7,6,6,6,11,3,16,4,12,9,8,9,-20,15,6,-20,-20,-20,-20,9,6,3,13,-20,16,10,-20,10,3,4,9,14,14,3,15,15,13,14,7,7,9,12,9,10,7,21,6,5,15,8,10,4,-20,9,6,3,6,-20,13,9,8,5,6,3,4,9,-20,10,2,4,7,8,7,10,8,4,-20,4,7,-20,7,79,7,14,9,6,7,10,10,13,14,15,10,7,12,-20,9,8,5,7,10,12,9,9,7,16,7,5,10,-20,17,10,7,-20,13,9,-20,-20,13,16,6,7,13,5,6,6,-20,-20,7,5,4,-20,8,10,9,7,10,-20,15,14,7,10,5,7,5,-20,9,10,12,15,5,8,5,13,6,6,5,-20,10,6,-20,9,-20,4,-20,9,7,4,-20,7,5,5,2,-20,7,3,4,6,10,5,5,12,-20,11,7,6,16,6,10,6,4,-20,8,3,7,-20,7,23,6,5,12,6,10,7,9,6,16,12,4,3,-20,5,3,3,9,-20,-20,9,11,-20,7,4,-20,7,-20,4,13,5,3,-20,6,13,-20,-20,8,9,11,10,-20,4,-20,5,-20,5,-20,3,3,9,-20,-20,6,9,6,4,6,-20,6,-20,8,4,5,-20,9,4,-20,6,11,2,6,12,6,-20,6,-20,-20,-20,4,5,6,6,-20,7,5,2,8,7,-20,-20,13,3,6,-20,5,-20,9,6,5,-20,10,7,-20,9,-20,18,-20,-20,25,43,15,39,24,72,30,97,90,46,61,42,43,44,46
"chr3,14742610",-20,-20,-20,-20,3,-20,7,2,4,7,5,10,28,27,22,34,27,20,77,45,39,7,48,20,49,26,21,33,27,5,6,9,8,10,31,54,27,19,14,4,7,33,11,6,10,44,5,54,12,16,18,24,46,25,35,26,43,28,31,30,25,26,32,31,35,38,24,41,38,18,21,17,15,22,21,44,19,-20,-20,8,8,16,19,5,6,25,24,45,46,14,11,34,25,31,27,38,15,43,3,36,28,32,5,8,36,33,-20,25,35,7,-20,-20,-20,9,-20,-20,9,-20,-20,4,9,-20,6,-20,-20,-20,-20,-20,-20,-20,6,-20,-20,-20,8,-20,-20,5,-20,-20,-20,4,5,4,5,3,3,12,4,6,-20,8,30,16,48,15,8,15,71,32,6,-20,-20,-20,-20,6,-20,-20,3,12,44,56,23,15,7,25,7,15,20,100,12,17,22,-20,15,3,21,13,11,6,42,17,5,4,7,17,18,19,17,16,13,16,27,23,36,15,27,19,23,25,39,24,24,22,12,20,41,7,20,13,18,11,20,33,14,13,10,23,21,35,38,37,36,32,7,8,23,14,17,11,20,18,18,16,9,40,20,10,11,20,11,13,16,12,11,14,14,20,26,12,15,13,24,10,11,21,23,12,24,21,22,32,22,21,10,12,32,62,33,41,15,18,16,22,5,13,-20,4,8,27,7,19,8,13,68,67,35,4,-20,7,32,5,3,3,9,21,23,-20,19,21,38,37,28,48,4,4,4,6,16,53,8,16,21,12,13,10,5,14,10,28,8,11,-20,8,29,10,7,29,67,10,17,-20,15,-20,7,14,2,7,14,14,7,6,6,10,12,10,7,9,13,41,9,20,6,5,7,16,-20,-20,10,6,5,8,6,44,13,10,9,58,8,14,16,8,-20,13,22,14,17,26,-20,17,4,5,11,6,3,6,3,6,52,10,5,-20,-20,17,13,14,18,10,7,13,14,3,7,25,12,8,7,-20,12,-20,11,12,4,8,9,16,12,5,12,14,19,7,100,16,10,11,12,9,-20,9,8,13,4,8,13,12,9,7,10,7,51,21,11,-20,14,10,18,14,16,4,9,7,16,12,30,10,4,10,7,7,-20,6,6,9,9,14,5,9,50,33,10,19,9,7,-20,9,6,-20,8,-20,-20,4,-20,17,19,10,-20,16,9,11,9,10,6,8,32,8,-20,8,14,9,5,16,7,15,43,40,48,35,18,44,39,7,-20,30,38,-20,-20,48,10,6,32,9,14,-20,39,-20,5,13,10,-20,9,19,25,9,13,16,9,11,11,17,20,15,16,-20,10,3,17,10,31,5,8,35,22,6,4,8,31,14,49,13,13,11,15,19,8,-20,6,17,30,22,23,52,30,40,32,20,28,22,5,29,10,11,28,8,14,7,11,15,5,20,5,-20,15,22,10,17,8,34,8,5,6,10,15,6,10,21,15,15,-20,4,-20,22,32,7,65,19,34,32,48,16,32,30,20,43,25,24,29,14,25,26,48,33,13,5,27,21,70,10,4,14,9,15,43,17,26,32,30,28,22,106,8,22,18,53,15,20,29,8,16,14,-20,11,4,9,16,9,4,14,6,9,-20,-20,7,7,3,19,7,13,-20,7,11,7,6,14,5,8,5,12,-20,10,6,12,-20,9,7,6,6,14,6,9,5,16,8,6,7,9,8,13,10,10,6,-20,3,8,13,6,8,3,8,4,-20,13,11,3,7,7,4,-20,10,10,-20,-20,19,11,9,6,8,6,4,11,11,6,7,9,12,8,10,7,17,14,7,5,12,6,13,11,5,8,11,12,-20,-20,5,10,7,5,7,12,5,6,8,5,20,7,4,8,4,10,7,7,8,10,7,-20,11,6,6,-20,4,-20,6,9,7,5,5,4,8,8,11,-20,7,7,9,7,7,6,5,6,11,3,16,4,12,8,8,9,3,17,6,-20,-20,-20,-20,9,6,3,13,-20,18,10,9,10,3,5,9,14,14,3,14,15,12,14,7,7,9,12,9,10,8,22,6,5,15,8,10,4,-20,9,6,4,6,-20,13,9,10,4,6,3,4,9,-20,9,2,4,7,8,7,10,7,4,8,3,7,-20,7,78,7,14,9,6,7,10,10,13,14,15,10,7,12,-20,-20,8,5,7,9,12,9,11,7,14,7,5,9,-20,17,11,7,-20,13,9,-20,-20,14,17,6,7,13,5,6,6,-20,-20,7,5,4,-20,8,10,9,7,10,-20,14,14,7,10,6,6,5,9,9,10,13,15,5,8,5,13,6,6,4,13,10,8,7,9,-20,4,-20,9,7,4,-20,7,5,5,3,-20,8,3,4,6,10,5,5,12,-20,11,7,6,15,6,10,6,4,4,9,4,7,7,7,22,6,5,12,5,11,8,9,6,16,12,3,3,6,5,3,3,9,-20,-20,9,11,-20,7,4,-20,7,7,4,13,5,3,-20,7,13,-20,-20,10,9,14,11,11,5,-20,5,15,6,9,3,6,12,-20,-20,5,9,6,4,5,-20,6,13,10,4,5,-20,9,5,-20,8,14,4,8,10,7,-20,6,-20,3,-20,-20,5,7,4,11,-20,5,-20,8,7,11,-20,13,3,6,-20,5,-20,10,7,5,6,11,7,-20,10,-20,18,26,9,27,45,15,38,24,73,30,97,90,46,61,43,46,43,45
"chr3,14742611",-20,-20,-20,-20,3,-20,7,2,4,7,-20,9,28,27,22,31,27,19,75,44,38,7,46,20,49,26,21,33,27,4,6,9,8,10,34,54,27,21,14,4,7,34,11,6,10,44,5,52,12,16,18,25,47,25,-20,27,41,29,31,30,25,26,32,31,35,35,24,42,39,18,21,17,15,23,21,45,20,-20,-20,8,8,15,19,5,6,25,25,45,46,14,11,33,25,31,28,38,15,40,3,35,28,33,4,8,35,33,-20,24,33,7,-20,-20,-20,9,-20,-20,9,-20,-20,4,9,-20,6,-20,-20,-20,-20,-20,-20,-20,6,-20,-20,-20,8,-20,10,5,-20,-20,-20,4,5,4,5,-20,3,11,4,6,-20,8,32,16,49,15,8,15,70,32,-20,-20,-20,-20,-20,6,-20,-20,3,12,44,55,23,14,7,25,7,14,20,96,8,17,22,2,15,3,21,13,11,6,42,15,5,5,7,18,18,21,17,16,12,16,28,23,36,16,27,19,23,23,39,24,24,22,13,20,41,7,20,14,18,11,21,32,14,13,11,23,21,35,39,36,37,32,7,8,23,15,15,11,20,18,18,16,9,40,20,10,11,21,11,13,16,12,11,15,13,20,25,12,15,13,24,10,12,21,24,12,24,21,22,33,23,22,10,12,32,59,33,42,17,18,16,23,5,13,2,4,8,27,7,19,8,12,68,67,35,4,-20,-20,-20,5,3,3,9,21,23,-20,19,21,37,38,27,48,4,4,4,6,16,53,8,16,21,12,16,10,5,14,10,29,8,11,-20,8,30,10,7,27,72,10,17,-20,15,-20,7,14,2,7,14,15,7,6,6,10,12,12,7,9,13,41,9,20,6,5,7,16,-20,-20,10,6,5,8,6,45,13,9,9,59,8,14,18,8,-20,13,23,14,17,26,-20,17,4,4,11,5,3,6,3,6,54,10,5,-20,-20,17,13,14,18,10,7,14,14,3,7,25,12,8,7,-20,12,-20,11,11,4,8,10,16,12,6,11,14,19,8,104,16,10,11,12,9,-20,8,9,13,4,8,13,12,10,7,10,7,51,21,11,7,14,10,17,14,16,4,9,7,16,12,30,10,4,10,7,7,-20,6,6,9,9,14,6,9,52,33,10,19,9,6,-20,9,6,-20,8,-20,-20,4,10,18,19,10,-20,17,9,11,9,10,6,8,32,8,-20,8,14,9,5,16,6,15,43,40,45,34,18,44,37,7,-20,30,38,-20,-20,47,10,6,33,9,15,-20,36,9,5,13,12,-20,9,19,25,9,13,15,9,13,11,17,20,14,16,-20,10,4,17,10,31,5,8,34,22,7,4,8,30,14,49,13,12,11,15,19,8,8,6,17,29,22,21,52,29,40,32,20,29,21,5,34,10,11,24,7,13,7,11,14,5,19,5,8,15,22,10,18,8,37,-20,5,6,10,15,6,10,21,16,15,-20,4,-20,22,33,7,63,18,34,34,47,16,33,29,20,39,27,24,29,13,25,26,48,34,13,5,27,20,69,10,4,15,9,15,43,16,26,32,28,27,22,102,8,23,18,53,15,19,28,9,15,14,-20,11,4,9,16,9,5,14,6,9,-20,-20,7,7,3,19,7,13,9,7,10,7,6,14,5,8,6,12,-20,10,6,12,-20,9,7,6,6,14,6,9,5,16,8,6,7,9,8,13,10,10,6,-20,3,8,13,6,8,3,8,4,-20,14,11,3,7,7,4,-20,10,10,7,-20,19,12,9,6,8,6,4,11,11,6,7,9,12,8,10,7,16,14,7,5,12,6,13,11,5,8,11,12,-20,-20,5,11,7,5,7,12,5,6,8,6,21,7,4,8,4,10,7,7,8,10,7,-20,11,6,6,-20,4,-20,6,9,7,5,5,4,8,8,11,-20,7,7,9,7,7,6,5,7,12,3,15,4,12,8,8,9,3,17,6,-20,-20,-20,-20,9,6,3,13,-20,19,12,9,10,4,5,10,13,14,3,14,15,12,14,7,7,9,12,9,10,8,22,6,5,15,8,10,4,-20,9,6,4,6,-20,13,9,10,4,6,3,4,9,-20,9,-20,4,7,8,-20,10,6,4,8,3,7,-20,7,76,7,14,9,6,7,10,-20,13,14,15,10,7,12,-20,-20,8,5,8,9,12,9,11,7,14,7,5,9,-20,17,11,7,-20,13,9,-20,-20,12,17,6,7,13,5,6,6,-20,-20,7,5,4,-20,7,10,9,7,10,-20,14,14,7,10,6,6,5,9,9,10,13,14,5,8,4,13,7,6,4,13,10,8,7,9,-20,3,-20,9,7,4,-20,7,5,5,3,-20,8,3,4,6,10,5,5,12,-20,11,7,4,13,6,10,6,4,4,8,4,7,7,7,22,6,5,12,5,11,8,9,6,16,12,3,3,6,5,3,-20,9,-20,-20,9,11,-20,7,4,-20,7,7,4,13,5,3,-20,7,13,-20,-20,10,9,14,13,12,5,-20,5,12,6,9,-20,7,12,-20,-20,6,9,6,4,5,-20,7,15,10,4,-20,-20,10,5,-20,-20,16,3,7,13,7,-20,6,-20,3,-20,5,4,8,6,11,-20,5,-20,8,7,9,4,12,4,-20,-20,4,-20,10,7,5,6,11,7,-20,9,-20,18,28,9,28,45,15,39,24,73,31,97,90,46,63,43,45,44,46
"chr3,14742614",-20,-20,-20,-20,3,-20,7,2,4,7,5,-20,25,27,21,27,-20,18,67,44,33,7,41,-20,-20,26,20,29,26,3,6,9,9,9,29,-20,27,20,14,-20,7,31,10,6,10,43,5,-20,12,-20,17,23,-20,-20,-20,27,44,28,29,-20,22,-20,29,29,-20,32,21,-20,-20,18,20,-20,14,22,17,41,20,5,7,8,-20,11,17,4,6,25,23,38,43,11,11,30,-20,29,-20,-20,16,37,4,-20,28,30,3,-20,34,32,-20,-20,32,7,-20,-20,-20,-20,-20,-20,9,-20,-20,4,7,-20,-20,-20,-20,-20,-20,-20,-20,-20,-20,2,-20,-20,-20,-20,-20,4,-20,2,-20,4,5,5,-20,3,3,-20,4,5,-20,8,29,-20,49,14,-20,-20,-20,-20,6,-20,-20,-20,-20,5,-20,-20,3,10,42,51,-20,15,7,21,7,13,18,96,8,17,-20,-20,16,3,20,13,-20,6,43,-20,-20,-20,7,-20,16,20,17,17,12,-20,29,-20,37,14,-20,22,-20,-20,-20,-20,-20,22,14,-20,42,-20,-20,13,16,-20,-20,31,13,13,-20,-20,21,-20,39,-20,-20,30,7,9,-20,14,-20,-20,-20,-20,17,16,-20,39,-20,-20,-20,-20,-20,13,-20,11,-20,-20,-20,-20,24,-20,13,14,22,-20,11,-20,23,12,24,-20,-20,34,-20,22,10,11,28,50,33,43,15,-20,16,24,5,14,-20,4,-20,25,-20,-20,-20,14,-20,-20,38,4,-20,5,-20,5,3,3,-20,-20,22,-20,19,19,38,35,25,44,4,4,-20,6,16,50,-20,-20,19,11,15,10,5,-20,8,28,8,11,-20,8,28,10,8,25,67,10,17,-20,-20,-20,7,15,2,7,14,16,7,-20,-20,9,12,12,7,-20,14,38,-20,18,6,-20,7,14,-20,-20,10,8,5,8,6,47,14,10,9,61,8,16,18,9,-20,13,23,14,16,26,-20,18,4,5,11,-20,-20,6,3,7,56,10,6,-20,-20,17,12,13,19,11,6,-20,13,4,8,26,7,7,6,-20,11,5,11,-20,4,-20,10,16,12,5,10,14,18,8,100,15,10,12,12,9,-20,8,9,11,4,10,12,12,10,7,10,7,51,22,11,8,14,-20,16,14,17,-20,9,9,16,11,30,10,4,-20,7,8,-20,-20,-20,9,-20,14,6,-20,50,31,9,19,-20,6,-20,-20,6,-20,8,-20,-20,5,10,19,20,10,-20,17,8,11,-20,10,6,8,25,-20,-20,-20,-20,-20,5,-20,6,13,41,33,43,34,18,39,38,6,4,29,-20,-20,2,-20,10,6,-20,9,-20,-20,35,9,6,-20,-20,-20,9,19,-20,8,-20,15,8,-20,-20,-20,-20,14,15,-20,10,4,-20,11,33,5,8,-20,-20,7,5,8,30,13,49,13,12,-20,-20,-20,-20,8,6,16,32,22,21,46,26,37,31,-20,30,20,5,32,-20,11,23,7,13,8,10,-20,5,-20,5,8,17,20,-20,18,7,33,9,5,6,-20,14,7,9,20,14,15,-20,4,-20,21,37,7,-20,20,35,35,47,18,32,29,20,-20,26,-20,25,-20,-20,26,50,32,14,5,25,20,-20,8,4,13,9,15,44,16,-20,30,27,26,19,-20,-20,-20,19,58,15,20,-20,-20,15,14,-20,-20,4,9,14,9,6,14,6,9,4,-20,6,10,3,19,7,13,-20,5,-20,-20,6,15,5,7,6,13,-20,-20,7,11,-20,-20,8,5,6,14,-20,6,5,14,7,5,7,9,-20,13,10,10,5,-20,-20,8,13,6,-20,-20,8,-20,-20,-20,10,3,7,6,4,-20,10,9,8,-20,19,12,-20,-20,8,5,4,10,-20,-20,7,9,12,8,9,6,16,13,7,5,-20,6,12,10,5,-20,10,-20,-20,-20,4,9,5,5,7,12,5,6,8,6,21,7,4,-20,3,10,6,6,6,9,7,-20,9,6,7,-20,-20,-20,6,8,7,5,4,4,8,-20,-20,-20,7,7,9,7,5,6,5,7,12,3,15,4,12,8,8,6,5,17,5,-20,-20,-20,-20,9,5,-20,-20,-20,16,11,7,-20,4,5,10,14,12,3,14,15,11,13,8,9,8,13,9,9,-20,19,5,4,-20,-20,9,5,-20,10,7,4,6,-20,-20,9,9,4,6,4,3,8,-20,-20,-20,5,-20,-20,-20,9,6,4,8,4,7,-20,7,80,7,14,7,5,-20,9,9,14,14,-20,10,7,12,-20,8,8,5,7,9,11,9,-20,7,13,7,-20,9,-20,18,10,7,-20,13,9,-20,-20,12,-20,6,7,10,5,6,6,-20,-20,-20,5,4,-20,5,10,9,7,10,-20,12,14,8,-20,6,6,5,9,7,10,10,14,5,8,4,12,6,-20,-20,12,-20,6,7,9,-20,3,-20,9,4,4,-20,7,5,4,3,-20,-20,3,4,6,9,5,-20,11,-20,11,-20,4,13,6,-20,6,3,-20,7,-20,7,6,7,19,5,5,12,5,10,8,8,6,16,-20,2,3,-20,-20,-20,-20,8,-20,-20,6,10,-20,10,-20,-20,-20,-20,4,-20,5,3,-20,7,12,-20,-20,9,9,-20,12,-20,5,-20,5,-20,6,6,4,7,-20,-20,-20,6,10,6,4,-20,-20,-20,-20,-20,4,6,2,-20,6,-20,7,-20,3,-20,-20,-20,-20,-20,-20,-20,-20,-20,-20,-20,-20,-20,10,4,4,12,-20,11,5,-20,4,7,-20,5,-20,10,9,6,5,13,8,-20,9,-20,18,-20,9,24,-20,-20,-20,22,-20,32,-20,90,45,-20,43,39,-20,-20
"chr3,14742615",-20,-20,-20,-20,3,-20,7,2,4,7,5,9,25,27,20,29,26,16,65,44,36,6,44,20,48,26,22,29,25,3,6,8,9,8,33,55,26,22,14,4,7,32,11,6,10,45,5,53,12,16,16,24,48,30,33,27,40,32,32,31,24,24,32,29,32,33,22,40,38,20,22,16,15,23,17,43,19,5,6,8,8,11,16,4,6,24,24,40,43,12,11,32,24,29,26,37,16,41,4,38,29,32,3,8,36,30,-20,26,33,7,-20,-20,-20,9,-20,-20,9,-20,-20,4,7,-20,6,-20,-20,-20,-20,-20,-20,-20,6,2,-20,-20,8,-20,8,4,-20,2,-20,4,5,5,5,3,3,11,4,5,-20,8,31,18,49,14,8,16,68,33,6,-20,-20,-20,-20,6,-20,-20,3,10,42,55,25,15,7,23,9,13,19,95,8,17,22,3,16,3,18,13,10,6,43,14,5,5,7,19,17,22,16,17,13,-20,31,26,40,14,29,22,26,25,38,26,29,22,15,17,41,8,-20,13,17,12,28,32,13,13,11,23,22,-20,39,-20,41,-20,6,9,23,15,13,-20,19,-20,-20,16,-20,39,19,-20,18,19,-20,13,17,13,11,16,13,18,24,11,13,15,22,-20,12,-20,24,13,25,20,-20,34,23,23,10,10,31,51,33,42,16,16,17,24,5,15,5,4,7,26,8,19,8,15,68,50,38,4,-20,6,-20,5,3,3,9,19,22,-20,19,21,37,38,28,43,4,4,4,6,17,50,-20,16,18,13,15,10,5,13,8,28,9,13,-20,8,28,9,8,27,70,10,16,-20,15,-20,7,15,2,7,14,17,7,7,6,10,12,12,7,9,14,37,10,18,6,5,7,14,-20,3,10,8,5,8,6,43,14,10,9,58,8,17,17,9,-20,12,23,15,17,26,-20,18,4,5,11,6,3,6,3,7,57,10,6,-20,-20,17,12,13,18,11,6,14,13,4,8,26,6,7,6,-20,10,4,11,10,4,8,10,17,14,4,11,13,17,8,97,14,11,13,11,9,-20,8,9,10,4,10,13,12,11,7,10,5,50,23,11,8,14,9,15,14,16,4,9,9,15,11,31,10,4,10,8,8,-20,6,6,8,9,14,6,10,53,31,8,19,8,6,-20,-20,7,-20,7,-20,-20,4,10,19,20,10,-20,16,8,10,9,9,6,8,26,6,-20,8,14,8,5,18,6,14,44,37,44,34,19,42,37,6,4,30,38,-20,2,48,10,6,30,9,13,-20,36,9,6,12,13,-20,9,19,26,-20,12,16,8,13,11,18,21,14,15,-20,10,5,17,12,31,-20,8,35,22,7,5,8,32,13,49,13,13,-20,16,19,8,8,6,16,32,23,21,51,26,37,31,19,30,20,4,33,10,11,24,7,12,8,10,13,5,18,5,9,16,19,9,17,8,37,9,6,6,7,14,7,8,18,14,16,-20,4,-20,21,36,-20,65,20,35,35,45,18,33,30,21,-20,29,24,27,14,23,26,50,33,14,6,27,21,-20,8,4,15,9,15,43,17,25,29,30,28,22,101,8,24,21,60,15,21,27,-20,15,15,-20,14,4,9,15,9,6,14,6,9,5,-20,6,10,3,19,7,13,11,5,10,7,5,17,5,7,6,13,-20,10,8,11,-20,9,8,5,6,15,6,5,5,15,7,5,7,9,7,13,10,10,5,-20,3,8,13,6,8,3,8,4,-20,15,11,3,7,-20,4,-20,11,9,8,-20,19,12,8,-20,8,6,4,9,8,4,7,9,12,9,9,6,16,14,7,5,10,6,12,10,5,8,10,13,-20,-20,4,9,5,4,7,12,5,6,8,6,21,7,4,8,3,11,6,6,7,10,8,-20,9,6,7,-20,4,-20,7,8,7,5,4,4,8,8,12,-20,6,7,9,8,-20,5,5,6,12,3,14,4,12,8,8,6,5,17,5,-20,-20,-20,-20,9,4,-20,11,-20,16,11,6,10,4,5,10,14,12,3,14,13,11,13,8,10,8,12,9,10,8,18,5,5,14,9,9,5,-20,12,7,4,6,-20,12,9,8,4,6,4,3,8,-20,9,-20,5,7,-20,-20,7,6,4,8,4,9,-20,7,79,7,14,7,5,8,10,10,14,13,15,10,7,12,-20,9,9,5,7,9,10,10,10,7,13,7,5,9,-20,19,10,6,-20,13,8,-20,-20,11,17,6,8,11,5,6,6,-20,-20,4,5,4,-20,5,11,9,6,10,-20,12,14,8,10,6,7,6,9,6,7,10,14,5,8,4,12,6,6,4,12,9,6,6,9,-20,-20,-20,9,4,4,-20,7,5,5,4,-20,6,4,4,6,8,5,6,12,-20,11,8,5,13,6,10,6,3,3,7,4,5,6,7,21,5,4,12,5,10,7,8,6,16,12,2,3,6,4,-20,-20,8,-20,-20,6,11,-20,11,-20,-20,7,6,4,11,5,3,-20,7,11,-20,-20,10,8,15,13,13,5,-20,5,12,6,9,4,7,13,-20,-20,9,11,6,4,-20,-20,8,14,10,4,6,2,9,7,-20,8,19,4,9,12,8,-20,6,-20,3,-20,5,5,8,6,12,10,5,-20,10,7,10,5,13,4,7,6,5,-20,9,9,7,5,12,7,-20,11,-20,18,30,9,27,46,14,39,22,69,31,97,68,49,64,40,42,42,47
"chr3,14742619",-20,-20,-20,-20,3,-20,7,2,4,7,5,-20,25,24,18,26,-20,14,65,41,-20,6,39,-20,-20,26,19,28,23,3,7,9,9,8,31,-20,24,21,15,-20,7,33,10,6,-20,44,5,52,14,-20,17,24,-20,-20,-20,27,42,-20,26,-20,23,-20,30,27,-20,33,21,-20,-20,19,20,-20,13,23,17,42,19,5,7,7,-20,11,16,4,6,23,22,37,38,10,12,30,-20,28,-20,32,18,38,4,-20,29,30,3,-20,33,29,-20,-20,29,7,-20,-20,-20,9,-20,-20,8,-20,-20,5,7,-20,-20,-20,-20,-20,-20,-20,-20,-20,6,2,-20,-20,-20,-20,-20,4,-20,2,-20,4,5,6,5,3,3,-20,4,5,-20,9,28,-20,48,15,-20,-20,-20,-20,5,-20,-20,-20,-20,6,-20,-20,3,10,39,-20,-20,15,7,20,9,13,-20,94,8,18,-20,-20,15,4,-20,13,-20,6,-20,-20,-20,-20,7,19,16,20,15,19,12,-20,-20,29,38,17,-20,24,-20,-20,-20,24,-20,22,15,-20,38,-20,-20,-20,20,-20,-20,30,12,-20,-20,19,23,-20,39,-20,-20,29,6,-20,-20,14,12,-20,-20,15,17,16,-20,37,-20,-20,-20,21,-20,14,-20,12,-20,15,-20,16,23,11,11,-20,22,-20,11,-20,24,-20,26,-20,-20,34,-20,25,12,-20,28,51,30,-20,15,-20,17,26,5,14,5,4,-20,-20,-20,-20,-20,14,-20,44,39,4,-20,6,-20,5,3,3,-20,-20,24,-20,19,20,33,-20,25,40,5,5,-20,6,19,49,-20,-20,18,12,15,10,-20,-20,7,27,11,12,-20,7,24,-20,9,28,60,10,17,-20,-20,-20,7,14,2,7,14,18,7,7,-20,10,-20,12,6,-20,14,32,-20,18,6,-20,7,14,-20,-20,10,7,6,8,6,42,14,10,9,60,8,17,16,9,-20,13,-20,15,16,-20,-20,-20,6,6,11,-20,3,6,3,7,62,9,6,-20,-20,19,13,11,18,10,6,-20,13,4,8,28,5,6,6,-20,9,5,11,10,5,-20,10,18,15,5,13,15,16,7,96,15,13,11,11,9,-20,8,10,10,4,11,12,10,-20,7,11,-20,44,24,11,8,13,10,16,14,17,-20,-20,10,18,10,-20,9,4,-20,8,8,-20,-20,-20,9,10,14,7,-20,49,26,8,21,-20,7,-20,-20,7,-20,6,-20,3,3,-20,-20,20,10,-20,14,8,10,-20,-20,-20,9,25,-20,-20,-20,-20,-20,-20,-20,5,11,-20,35,43,35,18,38,36,5,4,30,-20,-20,2,-20,-20,7,-20,9,-20,-20,35,9,4,-20,-20,-20,-20,-20,-20,6,-20,15,8,14,-20,-20,20,14,15,-20,10,5,-20,13,31,-20,8,-20,-20,10,6,8,30,13,53,13,14,-20,-20,-20,9,8,7,17,34,22,21,49,26,36,30,-20,28,18,5,30,-20,-20,22,7,12,-20,11,-20,4,-20,5,10,17,-20,-20,18,9,-20,8,6,6,-20,-20,7,9,19,13,17,-20,4,-20,21,34,7,69,21,35,35,43,18,33,30,18,-20,27,-20,27,-20,-20,24,47,32,15,-20,25,21,-20,9,-20,14,9,16,42,16,-20,-20,28,-20,-20,-20,-20,-20,17,60,14,20,-20,-20,14,-20,8,-20,4,9,13,9,6,15,-20,9,5,3,7,10,-20,19,7,14,-20,6,-20,8,4,16,5,7,7,13,3,-20,9,11,-20,-20,9,5,6,15,-20,6,5,14,5,5,9,9,-20,13,10,10,5,-20,3,9,12,6,-20,3,8,-20,-20,-20,10,3,7,6,4,-20,13,9,9,4,18,13,-20,-20,10,6,5,10,-20,-20,-20,8,12,9,10,6,15,14,8,5,-20,6,10,11,5,-20,11,-20,-20,5,-20,9,6,4,7,-20,5,6,9,6,24,7,4,-20,3,12,7,6,8,10,8,-20,10,7,7,-20,-20,-20,7,8,7,5,4,4,9,-20,-20,-20,6,7,10,8,5,4,5,6,13,3,15,4,15,8,8,7,4,16,5,-20,-20,-20,-20,9,4,-20,-20,-20,16,10,6,-20,4,5,9,13,12,3,15,14,11,-20,8,10,8,12,9,10,-20,16,5,6,-20,-20,8,5,-20,10,7,4,7,-20,-20,-20,9,4,6,5,3,8,-20,-20,-20,7,-20,8,6,8,6,4,8,4,-20,-20,8,73,6,12,9,7,-20,11,11,17,14,-20,10,7,12,-20,11,9,6,7,10,10,8,-20,6,14,9,-20,10,-20,19,12,7,-20,14,9,-20,-20,10,-20,6,9,12,4,5,6,-20,-20,-20,7,-20,-20,6,10,9,6,9,-20,12,15,8,-20,6,7,6,8,6,7,-20,15,-20,9,5,12,6,-20,-20,-20,8,6,8,9,-20,3,-20,9,4,4,-20,7,5,5,-20,-20,-20,4,4,6,8,6,-20,12,-20,11,-20,5,14,6,-20,-20,3,-20,7,-20,-20,-20,7,20,7,4,12,5,10,6,9,6,17,-20,3,3,-20,-20,-20,-20,7,-20,-20,7,11,3,-20,-20,-20,7,-20,4,-20,7,3,-20,7,11,-20,-20,-20,-20,15,13,12,-20,-20,6,-20,-20,9,7,7,15,2,-20,9,11,6,4,-20,-20,-20,-20,-20,4,7,-20,-20,-20,-20,-20,-20,5,10,12,-20,-20,5,-20,-20,-20,-20,6,10,-20,12,10,7,6,11,-20,10,5,-20,-20,6,-20,6,4,11,9,-20,-20,-20,-20,-20,10,-20,18,28,10,-20,-20,-20,-20,21,-20,32,-20,81,44,-20,41,38,-20,-20
"chr3,14742621",-20,-20,-20,-20,3,-20,7,2,4,7,4,8,23,24,18,27,29,14,67,42,37,6,43,19,44,27,20,28,24,3,7,9,9,8,33,50,24,22,13,4,7,33,11,6,10,44,5,54,14,18,18,26,51,31,33,24,45,33,26,31,27,24,32,27,33,32,22,36,38,20,20,17,15,23,18,45,21,5,6,7,8,13,15,4,6,24,23,43,41,10,12,32,25,26,22,34,19,41,4,37,31,31,3,8,37,29,-20,25,27,7,-20,-20,-20,10,-20,-20,8,-20,-20,5,7,-20,7,-20,-20,-20,-20,-20,-20,-20,6,2,-20,5,8,-20,8,4,-20,2,-20,4,5,6,5,3,3,10,4,5,3,9,31,18,47,15,8,12,59,33,4,-20,-20,4,-20,6,-20,-20,4,11,45,56,23,15,7,23,9,13,18,94,8,18,21,3,15,4,18,13,10,6,43,15,5,5,8,19,17,22,15,19,13,17,29,29,41,17,33,23,27,27,35,25,30,22,16,13,38,9,17,14,20,14,32,30,12,13,10,21,25,35,39,34,41,29,6,11,21,14,13,12,20,15,17,16,10,37,16,9,20,21,15,14,17,13,10,15,12,16,21,13,11,18,20,11,11,19,22,13,27,20,24,34,21,26,12,10,30,51,34,42,15,16,17,26,5,16,6,4,10,25,8,21,10,15,65,46,38,4,-20,6,28,5,3,3,10,20,23,-20,20,22,34,35,26,39,5,5,5,6,19,49,9,15,18,13,14,10,5,13,7,28,11,13,-20,7,24,11,9,26,61,-20,17,6,15,-20,8,14,3,8,14,18,8,7,7,10,11,14,6,10,14,33,11,20,6,4,7,14,-20,3,9,8,4,6,6,43,14,10,9,59,9,18,16,9,-20,12,25,14,16,-20,-20,21,6,6,11,6,2,5,3,7,62,9,6,-20,-20,20,13,11,18,10,6,14,14,4,7,27,5,6,6,-20,9,5,11,10,5,8,10,20,15,5,14,16,18,8,93,15,13,12,12,9,4,8,10,10,4,10,11,11,13,7,11,7,43,25,10,8,13,10,17,14,17,4,10,11,18,11,32,8,4,10,9,8,-20,6,6,9,10,15,7,9,51,27,8,21,7,7,-20,9,7,-20,6,-20,3,3,15,21,20,12,-20,14,9,10,10,9,6,8,28,7,-20,9,14,9,5,24,5,13,42,38,47,35,17,42,38,4,4,28,36,7,2,46,10,7,31,9,14,-20,32,10,6,11,15,-20,10,19,26,6,11,15,8,16,11,18,22,14,16,-20,11,6,17,14,31,5,8,37,23,10,6,8,31,12,54,13,15,9,15,19,10,8,7,19,33,21,22,49,27,36,28,17,28,18,5,32,10,9,22,7,12,9,12,11,5,17,5,11,19,23,10,19,8,39,8,6,6,7,14,7,9,19,13,17,-20,4,-20,21,36,8,73,20,36,35,44,17,33,30,19,43,28,26,24,13,24,24,47,35,15,7,27,22,67,9,5,15,9,16,42,16,25,25,31,27,23,101,10,25,18,60,15,24,29,9,16,15,8,14,4,9,13,9,6,13,6,9,5,3,7,10,3,19,8,14,11,6,11,8,4,15,3,7,7,13,4,10,10,11,-20,9,9,5,6,15,6,6,5,14,5,5,9,9,7,13,10,10,5,7,3,9,13,6,7,3,10,4,5,15,11,3,7,5,4,-20,11,9,9,4,18,13,7,6,10,6,5,10,8,7,-20,8,12,10,10,6,16,14,8,5,-20,6,10,11,5,8,11,13,-20,5,-20,9,6,4,9,12,5,6,9,6,24,7,4,8,3,12,7,6,8,10,8,-20,10,8,7,-20,4,-20,7,8,7,5,4,-20,9,8,12,-20,6,7,10,8,5,4,5,5,14,3,15,4,15,8,8,7,4,18,5,-20,-20,-20,-20,9,4,-20,11,3,19,10,6,11,4,5,10,13,12,3,15,15,11,13,-20,10,7,12,9,10,8,16,5,6,14,10,8,5,3,11,7,4,7,-20,12,10,9,4,6,5,3,8,-20,9,-20,7,7,8,6,9,5,4,8,4,7,-20,8,73,7,12,10,7,9,11,11,18,14,17,10,7,12,-20,12,10,6,7,11,10,8,11,6,14,9,6,10,-20,19,12,7,7,14,9,-20,-20,10,18,6,9,12,4,6,6,-20,-20,5,8,4,4,7,10,9,-20,9,-20,11,15,8,10,6,8,6,8,5,7,10,15,4,10,5,12,6,6,3,11,8,6,8,9,-20,5,-20,9,-20,4,-20,7,5,5,4,2,6,4,4,5,8,6,7,13,-20,11,11,5,14,7,9,7,3,3,6,4,8,6,7,22,8,4,12,5,10,6,9,6,17,12,3,3,7,4,-20,4,7,-20,4,6,12,3,10,-20,-20,7,7,4,11,7,3,-20,7,11,-20,-20,10,8,17,12,11,6,-20,3,12,6,9,5,7,17,3,-20,8,11,5,4,6,-20,8,18,7,4,8,3,10,7,-20,8,18,6,7,13,8,5,5,-20,-20,-20,5,7,8,7,10,10,6,6,11,9,9,5,16,6,7,8,6,4,9,10,8,5,14,-20,-20,11,-20,18,32,10,28,43,20,36,20,68,31,96,82,48,67,40,43,45,46
"chr3,14742626",-20,-20,-20,4,3,-20,7,2,4,7,3,-20,22,22,15,25,-20,14,68,40,-20,-20,42,19,-20,25,19,27,25,3,7,9,9,7,32,-20,23,21,14,-20,7,32,-20,6,8,46,6,52,12,-20,15,27,-20,-20,-20,23,47,29,23,-20,24,-20,29,27,29,31,22,-20,-20,17,19,-20,15,22,-20,41,20,3,6,6,-20,13,15,4,6,23,22,36,37,10,12,28,-20,26,22,-20,17,38,4,-20,32,30,3,-20,34,26,-20,-20,25,6,-20,-20,-20,-20,-20,-20,7,-20,-20,5,7,-20,-20,-20,-20,-20,-20,-20,-20,-20,-20,2,-20,5,-20,-20,-20,4,-20,3,-20,3,5,6,-20,3,3,-20,4,4,4,9,27,-20,45,11,-20,-20,-20,29,4,-20,-20,-20,-20,6,-20,-20,4,10,40,56,-20,18,8,22,9,13,16,91,9,18,-20,-20,14,4,19,18,-20,7,40,-20,-20,-20,8,-20,16,20,15,18,12,-20,26,-20,37,17,-20,24,22,-20,-20,-20,-20,21,16,10,35,-20,-20,-20,21,-20,-20,32,12,14,11,-20,26,-20,37,-20,-20,29,5,10,-20,13,11,-20,-20,13,17,16,-20,34,-20,-20,-20,22,14,14,-20,12,-20,17,12,16,18,11,9,17,19,-20,-20,-20,23,13,28,-20,-20,34,-20,24,14,-20,31,48,35,41,13,-20,16,26,5,14,6,4,-20,25,-20,-20,-20,15,-20,42,38,4,-20,5,27,6,3,3,11,-20,23,-20,18,20,31,32,26,37,5,-20,-20,6,17,46,-20,-20,19,13,13,11,4,-20,8,24,10,-20,-20,7,24,10,11,25,59,11,16,-20,-20,-20,-20,14,3,6,15,16,8,-20,-20,9,11,15,6,-20,14,32,-20,18,6,-20,8,10,-20,-20,9,8,4,6,6,42,14,10,10,64,9,18,17,9,-20,13,22,14,16,28,-20,21,6,6,11,-20,2,6,3,6,68,10,7,-20,-20,18,14,11,19,10,6,-20,15,4,9,28,4,3,6,-20,8,6,10,-20,5,-20,10,21,13,5,12,16,17,8,92,14,12,11,14,9,4,7,11,9,-20,10,10,11,12,7,10,7,42,20,10,8,14,-20,19,16,17,-20,10,10,18,10,33,9,4,-20,9,7,-20,-20,-20,8,-20,15,7,-20,45,24,8,19,-20,8,-20,-20,9,-20,7,-20,-20,5,16,20,20,13,-20,13,8,11,-20,-20,6,8,25,-20,-20,-20,-20,-20,-20,-20,5,-20,37,35,44,31,20,38,38,4,5,27,-20,6,3,-20,9,6,-20,11,-20,-20,32,10,6,-20,-20,4,11,18,-20,6,-20,14,7,-20,-20,-20,-20,13,17,-20,-20,-20,-20,16,31,6,8,-20,-20,10,6,9,34,11,51,13,12,9,-20,-20,8,8,-20,19,35,25,20,42,26,36,27,-20,28,16,6,37,-20,10,21,7,10,9,11,-20,5,15,4,12,20,22,-20,18,8,36,5,7,8,-20,14,7,7,17,12,15,-20,3,-20,19,38,-20,71,20,37,37,44,17,31,30,21,40,29,-20,24,-20,21,24,49,35,15,7,23,23,-20,9,5,15,9,15,42,15,22,22,27,26,-20,-20,-20,-20,17,58,17,23,-20,11,17,14,9,-20,4,10,11,9,6,-20,6,6,4,4,9,10,3,16,8,13,-20,6,-20,9,3,16,3,8,-20,15,3,-20,12,7,-20,-20,10,8,8,15,-20,5,4,11,5,5,-20,8,-20,12,9,10,5,-20,3,9,12,6,-20,-20,10,-20,6,-20,-20,3,7,6,4,-20,12,7,9,3,17,13,-20,-20,10,6,5,11,-20,-20,-20,7,10,9,11,-20,14,13,7,5,-20,5,10,11,4,-20,8,-20,-20,5,4,9,5,4,8,8,6,6,11,7,24,5,3,-20,3,11,7,6,8,11,9,-20,11,8,6,-20,-20,-20,6,6,6,5,3,-20,9,-20,-20,-20,7,6,10,9,6,4,7,4,17,4,16,6,15,8,8,6,4,17,8,-20,-20,-20,-20,8,3,-20,-20,3,21,9,6,11,4,7,7,13,11,3,15,14,9,13,7,10,8,12,9,11,-20,14,5,6,-20,-20,8,4,-20,12,7,4,4,-20,-20,9,9,4,4,5,3,7,-20,-20,2,7,-20,8,5,11,7,3,6,4,-20,-20,9,65,7,11,10,8,-20,10,11,15,15,-20,9,8,12,-20,13,-20,7,6,14,10,9,-20,6,16,9,-20,11,-20,19,13,5,-20,14,9,-20,-20,10,19,5,7,12,6,-20,6,-20,-20,-20,8,4,-20,5,11,10,5,9,-20,10,14,8,-20,6,8,6,8,4,6,8,14,-20,12,6,10,6,-20,-20,10,7,7,9,11,-20,5,-20,8,5,4,-20,6,3,4,4,3,-20,3,3,5,8,6,-20,13,-20,11,-20,5,13,7,8,-20,3,-20,5,-20,7,5,7,29,8,4,10,5,10,4,9,7,15,11,3,3,-20,-20,-20,-20,7,-20,7,6,12,4,-20,-20,-20,6,-20,3,-20,8,3,-20,7,10,-20,-20,-20,6,17,15,11,6,-20,7,16,6,10,7,7,15,5,-20,8,13,3,4,4,4,6,-20,-20,3,7,3,6,10,-20,7,-20,6,7,12,-20,-20,-20,-20,-20,-20,5,-20,9,7,-20,10,9,4,10,-20,8,5,-20,5,8,-20,4,5,10,11,-20,6,16,6,-20,10,-20,17,28,10,-20,-20,19,-20,21,-20,31,-20,82,48,63,40,-20,-20,-20
"chr3,14742629",-20,-20,-20,4,3,-20,7,2,4,7,3,8,22,22,13,24,33,14,70,37,38,6,44,22,42,27,22,27,25,3,7,9,8,7,33,46,23,21,14,6,6,33,10,6,8,48,6,56,13,19,15,28,51,27,30,23,48,31,26,31,27,22,29,26,32,33,22,31,40,19,20,18,16,25,20,43,20,-20,6,5,8,14,15,4,6,25,24,38,40,10,12,30,24,26,23,31,16,41,4,36,32,30,3,10,36,24,-20,25,25,6,-20,-20,-20,10,-20,-20,8,-20,-20,5,9,-20,7,-20,-20,-20,-20,-20,-20,-20,5,2,-20,5,8,-20,7,4,-20,4,-20,3,5,6,4,3,3,9,4,4,4,9,29,19,46,11,7,12,58,32,4,-20,-20,-20,-20,6,-20,-20,4,12,40,64,25,18,9,23,7,12,16,87,10,21,22,3,13,5,20,19,10,7,36,15,4,5,8,18,18,21,18,19,12,18,26,27,39,17,32,24,23,32,34,28,28,22,15,11,34,10,16,15,22,13,33,32,12,14,10,20,26,34,35,34,40,29,5,10,19,13,12,10,20,13,19,19,11,34,15,9,13,23,14,14,15,12,9,17,13,15,17,12,9,17,19,13,10,19,23,13,29,20,22,34,18,26,14,10,32,51,33,39,14,16,16,27,5,15,6,5,9,25,9,21,10,14,61,44,38,4,-20,5,25,6,3,3,12,17,21,-20,19,20,30,34,27,37,5,6,4,6,17,47,9,14,18,14,11,10,4,11,10,27,10,15,-20,7,27,9,11,25,63,12,17,6,13,-20,5,13,2,6,15,16,8,8,5,9,11,15,6,9,14,32,13,20,6,5,8,8,-20,4,9,8,3,6,6,43,14,11,11,63,9,19,17,9,-20,13,21,13,17,26,-20,23,6,6,12,7,2,6,3,6,69,10,7,-20,-20,17,14,11,19,10,6,14,15,5,8,26,3,3,6,-20,7,9,11,9,6,9,9,20,14,5,13,20,16,10,91,14,12,13,14,9,5,8,11,9,-20,10,10,-20,12,6,9,6,39,20,10,6,13,8,20,15,16,3,10,12,20,10,32,9,4,10,9,7,-20,6,6,8,12,13,7,7,45,26,8,18,6,9,-20,10,9,-20,7,-20,3,5,16,20,20,13,-20,13,9,12,11,9,6,7,27,7,-20,-20,12,10,5,26,5,17,39,38,50,32,20,43,39,4,5,29,33,6,3,49,8,6,30,9,13,-20,30,10,6,10,17,4,11,17,28,6,13,13,7,13,10,19,19,13,17,4,9,8,18,16,31,6,8,33,22,10,6,9,35,10,49,13,11,9,16,17,9,7,7,19,37,25,20,44,31,35,26,17,27,16,6,37,11,10,20,7,10,9,13,10,5,16,4,13,21,24,10,17,8,36,5,6,9,8,16,7,8,17,12,15,-20,4,-20,20,37,7,76,19,38,37,43,18,31,28,22,42,32,23,24,14,22,24,48,36,16,8,22,25,69,9,5,15,10,15,42,15,22,22,29,28,22,87,9,24,18,61,18,25,25,12,17,14,10,11,4,10,12,9,6,9,5,7,4,4,-20,10,3,15,7,13,11,6,11,9,3,18,3,9,6,16,3,11,11,6,-20,9,10,9,8,16,5,5,4,10,5,6,10,8,7,11,9,10,3,3,3,8,13,6,7,3,11,5,6,15,10,4,8,5,4,-20,12,7,9,3,16,13,7,7,10,6,5,10,7,9,4,6,11,9,11,8,15,14,7,5,9,5,10,11,4,9,8,16,-20,5,4,10,6,4,7,8,6,6,10,7,24,5,3,5,3,11,8,5,9,11,9,-20,11,8,7,-20,4,-20,6,6,6,5,3,-20,8,8,10,-20,7,5,10,9,7,4,7,4,17,5,16,8,14,9,8,6,4,18,-20,-20,-20,-20,-20,8,3,-20,8,3,21,9,6,12,4,7,7,13,12,3,15,14,9,14,7,10,8,13,9,10,8,14,5,6,17,10,8,4,3,14,8,4,4,-20,14,9,10,6,4,5,3,7,-20,9,-20,7,8,9,4,11,6,-20,6,3,8,-20,10,65,7,11,12,8,10,10,11,15,15,18,9,8,12,-20,15,10,8,6,15,10,9,13,6,16,12,7,11,-20,19,13,5,8,13,9,-20,-20,12,20,6,9,12,6,5,6,-20,-20,6,7,3,5,5,11,9,5,9,-20,10,14,8,8,6,8,6,8,4,7,8,14,4,12,6,9,7,7,-20,10,7,7,10,11,-20,5,-20,8,5,4,-20,6,3,4,4,3,6,3,3,5,8,6,8,14,-20,11,11,5,12,7,8,7,3,4,5,6,7,6,7,32,8,3,-20,5,10,4,10,7,15,-20,3,3,8,5,-20,4,7,-20,7,6,13,4,9,5,-20,8,6,3,11,9,3,-20,7,10,-20,-20,11,6,16,18,10,6,-20,7,19,4,12,5,8,17,5,-20,11,13,5,3,4,-20,8,16,10,-20,7,-20,5,12,-20,6,11,7,7,12,7,-20,7,-20,-20,-20,5,10,8,8,10,8,9,5,-20,8,-20,5,14,5,7,8,5,6,12,10,11,8,15,6,-20,11,3,-20,30,10,29,46,20,36,22,68,30,85,82,56,73,39,44,42,49
"chr3,14742631",-20,-20,-20,4,3,-20,7,2,4,5,3,8,20,21,12,24,33,14,70,37,40,6,43,20,41,27,21,26,22,3,7,10,8,8,36,46,23,21,13,6,6,33,10,6,8,47,6,58,13,20,15,27,51,29,29,23,49,30,24,30,27,21,31,24,33,31,21,31,39,18,21,18,15,27,21,43,21,-20,6,6,8,14,14,4,6,25,23,38,42,10,11,30,24,25,23,30,16,38,4,35,33,28,-20,10,36,25,-20,25,24,6,-20,-20,-20,9,-20,-20,8,-20,-20,-20,9,-20,8,-20,-20,-20,-20,-20,-20,-20,5,2,-20,4,8,-20,7,4,-20,5,-20,3,6,6,4,3,-20,9,4,4,4,9,30,19,43,11,7,12,61,32,-20,-20,-20,-20,-20,6,-20,-20,4,14,38,64,24,18,9,24,7,12,17,87,10,21,22,3,13,5,19,19,10,7,36,15,4,5,8,18,18,21,17,20,12,18,26,30,38,17,30,24,23,32,37,27,28,23,15,11,33,10,17,14,21,12,30,32,12,14,10,20,27,33,34,34,39,20,5,10,20,13,12,10,18,14,18,19,12,31,15,10,13,22,15,13,15,12,9,18,13,16,16,11,8,16,19,13,10,19,21,15,29,20,22,35,20,26,14,10,31,51,33,41,14,15,16,27,5,16,6,4,10,25,9,22,10,14,61,42,42,4,-20,6,-20,6,3,3,11,16,21,-20,20,19,30,34,27,37,-20,6,5,7,17,43,8,14,18,14,11,9,4,11,10,27,10,16,-20,7,26,9,10,26,63,11,17,6,14,-20,5,12,3,6,15,16,8,8,5,-20,10,15,6,9,16,30,-20,19,6,5,8,8,-20,5,9,8,3,8,5,43,14,11,11,65,8,19,21,9,-20,13,22,13,17,25,-20,20,6,6,12,8,2,6,3,6,73,10,7,-20,-20,18,15,11,19,10,6,13,15,4,8,25,3,3,6,-20,7,10,11,9,6,9,9,21,14,5,13,20,16,11,91,12,11,13,15,9,5,8,11,8,-20,9,10,11,12,6,9,6,39,19,11,6,13,9,20,15,17,4,9,11,19,-20,29,10,4,10,8,7,-20,6,7,8,11,14,8,7,44,24,8,17,7,10,-20,10,9,-20,7,-20,3,5,16,17,20,13,-20,13,10,12,11,9,6,7,26,7,-20,8,12,10,5,25,4,17,39,38,50,33,19,41,40,4,5,30,33,6,3,48,7,6,29,9,12,-20,29,10,-20,11,17,-20,10,17,30,6,13,13,7,13,10,19,19,11,17,4,10,8,18,15,31,6,8,33,22,11,6,8,35,9,48,13,11,9,17,17,9,-20,8,18,38,26,20,44,32,35,26,16,27,14,6,37,11,10,20,7,10,9,13,10,5,16,4,13,22,24,10,17,8,35,5,6,10,8,16,6,8,18,12,15,-20,4,-20,21,37,7,76,20,39,38,44,-20,30,28,22,40,32,24,23,14,23,24,48,37,16,8,22,25,70,9,5,16,9,15,39,14,23,22,29,29,22,84,9,24,19,59,18,25,24,12,17,13,11,11,4,10,10,9,6,9,7,7,3,4,9,11,3,15,7,13,11,6,11,8,3,17,2,-20,6,16,3,10,11,7,-20,10,10,10,8,16,5,5,4,12,5,7,9,7,7,11,9,9,3,3,-20,7,13,6,-20,3,13,5,6,15,10,3,8,5,4,-20,12,7,9,4,17,10,9,8,-20,6,-20,11,7,9,4,6,10,9,11,8,14,16,7,5,9,5,10,10,4,9,8,16,-20,6,6,9,6,5,7,8,6,7,9,6,27,5,3,5,3,11,8,5,9,11,10,-20,11,8,7,-20,4,-20,6,6,5,5,3,-20,9,8,10,-20,7,5,10,9,7,4,7,4,16,6,18,8,15,8,9,6,4,17,11,-20,-20,-20,-20,8,3,-20,8,-20,23,9,6,11,4,7,7,13,14,3,14,13,8,15,7,11,8,14,8,10,8,14,5,6,17,10,8,3,3,14,8,3,4,-20,14,9,11,7,4,5,3,7,-20,9,-20,8,8,10,4,11,7,3,6,3,10,-20,11,60,7,11,13,8,11,10,10,14,15,16,9,8,12,-20,14,10,8,6,15,10,9,13,6,15,12,9,11,-20,18,14,5,8,13,9,-20,-20,12,19,6,9,12,6,6,6,-20,-20,6,7,3,-20,5,11,9,6,9,-20,10,14,8,8,-20,9,6,8,5,7,8,14,4,11,6,8,7,7,3,9,7,8,10,11,-20,5,-20,8,5,4,-20,6,4,4,4,-20,6,4,3,5,8,7,8,14,-20,9,12,5,12,7,8,7,4,5,5,6,7,7,7,31,8,2,10,5,10,4,9,7,15,11,4,3,8,5,-20,4,9,-20,7,6,13,4,9,7,-20,7,7,-20,11,9,3,-20,9,10,-20,-20,14,3,17,21,11,5,-20,-20,19,4,14,6,6,15,5,-20,8,14,5,4,6,4,8,16,11,-20,6,2,5,12,-20,7,12,9,7,13,-20,10,7,-20,-20,2,6,9,8,9,-20,8,8,5,13,11,9,7,14,5,7,7,4,-20,12,12,10,9,16,-20,-20,-20,3,17,28,9,29,43,19,36,21,67,29,75,82,55,71,37,41,43,48
"chr3,14742632",-20,-20,-20,4,3,-20,7,2,4,4,3,8,21,20,9,24,33,14,67,37,39,6,44,21,42,26,21,26,23,3,7,10,8,8,36,44,23,21,13,6,6,33,10,6,8,47,6,57,13,20,15,28,49,29,31,23,49,30,24,30,27,21,32,24,32,28,21,31,39,18,20,18,15,27,21,40,21,-20,6,7,8,13,13,4,6,24,23,38,42,10,11,28,24,26,22,29,15,37,4,33,32,29,-20,11,35,26,-20,24,26,6,-20,-20,-20,9,-20,-20,7,-20,-20,-20,9,-20,8,-20,-20,-20,-20,-20,-20,-20,5,2,-20,4,8,-20,7,4,-20,5,-20,3,6,6,4,3,-20,9,4,4,4,9,30,19,40,11,7,12,63,32,3,-20,-20,-20,-20,6,-20,-20,4,14,38,64,24,18,9,24,7,11,17,87,10,21,21,3,13,5,20,19,9,7,36,15,4,5,8,18,18,21,17,20,12,18,26,30,37,17,30,24,23,31,38,28,28,23,15,12,31,10,17,14,21,13,30,32,12,14,10,20,27,33,33,34,39,23,5,10,20,13,12,10,17,14,18,19,12,32,17,10,13,23,15,13,15,12,9,18,13,15,16,12,8,17,19,13,10,19,23,14,29,20,23,35,20,25,14,10,30,52,33,41,14,15,16,27,5,16,6,4,10,25,9,21,10,14,61,41,42,4,-20,6,23,6,3,3,10,16,20,-20,19,20,30,34,27,36,4,6,5,7,17,42,-20,14,17,14,11,9,4,11,10,28,9,16,-20,7,26,8,10,26,62,11,17,6,14,-20,5,11,3,6,15,16,8,8,5,9,8,15,6,-20,16,30,13,20,6,7,8,8,-20,6,9,9,3,8,6,44,14,11,11,63,8,18,20,9,-20,13,22,13,17,25,-20,20,6,5,12,8,-20,6,-20,6,72,10,7,-20,-20,19,13,11,18,10,6,12,15,4,8,24,3,4,5,-20,7,10,10,9,6,9,9,21,14,5,13,20,14,11,91,12,14,13,15,9,5,8,11,8,-20,9,10,11,12,6,9,7,37,19,12,6,13,9,20,15,16,4,9,12,20,10,30,10,4,-20,8,7,-20,-20,7,8,11,14,7,7,44,24,8,19,7,10,-20,9,9,-20,7,-20,3,5,17,16,20,13,-20,13,10,12,11,9,-20,7,25,7,-20,8,11,10,5,25,4,17,39,36,50,32,19,39,39,4,5,29,33,6,3,47,7,6,28,9,14,-20,28,10,6,11,16,-20,10,17,30,6,13,11,7,13,10,19,19,11,17,4,10,8,-20,16,31,6,8,33,22,11,6,6,35,9,46,13,11,9,16,17,9,-20,8,18,38,25,20,44,31,35,25,16,27,14,6,37,11,10,19,7,10,-20,11,10,5,16,4,-20,23,24,10,17,8,36,5,7,10,8,16,6,8,17,12,15,-20,-20,-20,21,37,-20,72,19,39,38,40,17,28,28,23,39,33,24,25,14,23,24,49,37,16,8,21,25,70,9,5,16,9,15,40,14,25,22,31,28,22,84,9,24,19,59,18,26,24,12,17,13,11,11,4,10,10,9,6,9,7,7,3,4,-20,11,3,15,7,13,11,6,11,8,3,17,2,9,6,16,3,10,11,7,-20,9,9,10,8,16,5,5,4,12,5,7,9,7,7,10,8,8,3,3,-20,7,13,4,7,3,13,5,6,15,10,3,8,5,4,-20,12,7,9,4,18,10,9,8,9,6,5,11,7,9,4,6,11,9,11,8,14,16,7,5,9,6,10,10,4,9,8,16,-20,6,6,9,6,5,7,7,6,7,9,6,27,5,3,5,3,11,8,6,9,12,10,-20,11,8,7,-20,4,-20,6,5,5,5,3,-20,9,8,10,-20,7,5,10,9,7,4,7,4,15,6,17,7,15,8,9,6,4,17,12,-20,-20,-20,-20,8,3,-20,7,-20,24,10,6,11,4,6,7,13,13,3,13,13,8,15,7,11,8,14,8,10,8,14,5,6,16,10,8,3,3,14,8,3,4,-20,14,9,11,7,4,-20,3,7,-20,9,3,8,8,10,3,10,7,3,6,3,10,-20,11,60,7,11,13,8,11,10,10,14,15,16,9,8,12,-20,14,10,8,7,15,10,8,13,6,15,12,8,11,-20,18,14,5,8,13,9,-20,-20,12,18,6,9,12,6,6,6,-20,-20,6,7,-20,-20,5,11,9,6,9,-20,9,14,8,8,7,-20,6,8,4,7,8,14,4,11,6,8,6,7,3,9,7,8,10,11,-20,5,-20,8,5,4,-20,6,4,4,4,-20,6,4,3,5,8,7,8,14,-20,8,11,5,12,7,8,7,4,4,5,6,7,7,7,30,8,2,10,5,10,4,9,7,15,10,4,3,8,5,-20,3,9,-20,8,6,13,4,9,7,-20,7,7,-20,11,9,3,-20,10,10,-20,-20,15,3,17,20,11,3,-20,6,18,4,13,5,6,16,5,3,9,12,5,4,5,4,8,18,11,-20,5,3,7,13,-20,8,11,8,8,14,7,11,7,-20,-20,-20,6,-20,8,9,10,10,7,7,11,9,9,8,14,5,7,8,4,6,11,11,11,8,-20,7,-20,11,3,17,27,9,29,43,-20,36,21,68,31,75,82,56,64,37,41,44,47
"chr3,14742641",-20,-20,-20,4,-20,-20,7,2,3,4,-20,10,20,18,7,24,39,15,62,37,35,6,42,20,41,25,17,24,20,4,7,10,10,9,38,38,23,21,17,6,6,31,11,7,11,46,5,59,11,14,17,26,52,27,27,22,48,30,23,26,29,23,33,22,30,24,21,30,42,19,21,20,13,30,22,45,22,5,8,8,7,13,15,4,6,25,26,40,42,11,9,27,24,25,23,29,18,36,4,29,31,31,-20,11,36,27,-20,23,26,6,-20,3,-20,-20,-20,-20,8,-20,-20,4,10,-20,-20,-20,-20,-20,-20,-20,-20,-20,-20,2,-20,3,-20,-20,-20,4,-20,5,-20,3,5,7,-20,3,-20,9,4,4,4,8,31,23,43,11,9,10,67,14,-20,-20,-20,-20,-20,8,-20,-20,4,13,35,67,27,18,9,21,7,10,20,82,9,19,19,-20,13,5,18,18,-20,10,30,15,3,4,7,16,18,17,19,19,11,20,-20,29,34,19,27,26,20,28,43,29,22,24,11,11,30,9,15,10,18,11,32,32,13,11,7,20,29,31,33,29,31,24,5,10,20,12,13,10,17,13,19,18,11,32,15,12,12,22,18,12,13,11,7,16,12,14,15,11,8,16,18,16,10,16,20,18,27,20,22,39,20,29,15,9,36,46,29,39,16,13,14,29,6,13,7,4,10,15,6,-20,-20,15,-20,39,39,3,-20,6,22,3,-20,3,10,13,24,-20,21,20,28,34,28,33,4,6,6,6,15,40,-20,14,16,13,11,7,-20,12,11,26,9,16,-20,6,26,9,10,23,60,11,16,-20,13,-20,5,13,3,7,18,17,9,8,6,7,11,14,5,10,15,31,15,21,4,7,-20,8,-20,6,11,10,4,9,6,46,14,13,11,63,8,17,23,9,3,12,19,14,16,23,-20,17,7,5,11,8,-20,6,-20,6,77,11,7,-20,-20,18,8,12,18,9,8,-20,18,4,11,23,4,4,5,-20,-20,10,11,8,7,9,9,24,11,5,13,21,15,11,84,13,15,11,14,6,5,7,11,8,-20,8,9,8,10,8,11,6,40,19,11,7,13,10,19,17,16,4,9,12,21,-20,26,9,4,-20,7,8,-20,6,7,11,10,14,6,8,42,24,8,20,7,11,-20,9,9,-20,9,-20,4,5,15,14,19,15,-20,14,10,12,11,10,6,7,26,8,-20,8,-20,-20,5,27,5,17,41,37,51,32,19,34,42,4,6,28,29,7,3,42,8,8,29,10,13,-20,30,11,7,11,-20,4,11,16,25,7,14,11,8,14,8,19,16,9,14,4,12,8,-20,17,28,7,9,39,-20,11,7,6,41,8,47,13,11,7,18,19,9,5,8,21,41,28,23,44,31,33,26,20,23,-20,7,39,13,12,18,6,10,10,11,-20,6,13,4,13,28,23,9,17,10,32,5,6,10,7,18,6,10,17,12,19,-20,-20,-20,22,33,-20,77,24,39,35,45,17,26,23,17,39,-20,20,19,8,22,25,42,37,16,7,15,24,64,9,5,13,8,14,40,12,21,20,32,25,18,-20,8,-20,15,54,16,23,21,10,15,10,12,11,5,13,-20,14,7,9,7,6,3,5,9,11,5,15,7,12,10,9,-20,8,4,17,2,7,8,15,4,10,13,9,-20,9,8,12,7,16,4,4,5,13,6,7,8,8,-20,14,8,9,-20,3,4,6,13,5,7,-20,11,6,8,-20,13,3,10,5,4,-20,12,10,8,3,19,13,-20,9,10,6,5,13,7,8,3,6,10,9,10,9,13,19,6,5,8,5,10,10,3,-20,8,-20,-20,6,8,9,7,5,7,7,6,6,9,4,26,5,5,6,4,11,8,6,9,12,9,6,9,9,7,3,-20,-20,4,4,5,6,6,-20,9,-20,9,-20,5,6,10,8,6,3,7,5,16,7,20,7,12,7,9,7,4,17,12,-20,-20,-20,-20,-20,-20,-20,7,-20,26,9,7,-20,4,7,11,12,15,4,15,12,8,16,6,15,7,14,8,10,9,14,5,5,17,-20,7,3,3,12,8,4,6,-20,15,7,12,9,4,5,3,8,4,10,-20,10,7,9,-20,10,8,3,6,3,9,-20,10,64,7,11,13,8,-20,9,8,14,14,-20,12,7,-20,-20,13,9,8,8,16,9,8,-20,6,16,12,-20,11,-20,18,16,5,12,14,9,-20,-20,12,18,6,10,13,5,9,7,-20,-20,7,8,-20,7,-20,12,9,7,9,-20,-20,14,9,9,9,9,4,9,4,8,9,13,4,11,6,8,6,6,-20,9,7,8,10,11,-20,5,-20,9,5,4,-20,4,3,3,4,-20,8,5,2,5,8,8,11,12,-20,9,12,5,10,8,-20,7,5,5,5,5,7,7,7,30,8,3,10,6,10,4,11,8,14,9,5,4,7,4,-20,4,11,-20,8,7,12,5,9,7,-20,7,7,-20,-20,9,4,-20,11,10,-20,-20,14,-20,16,19,10,6,-20,6,21,4,13,6,-20,16,6,5,8,15,-20,3,5,5,5,20,9,-20,5,3,7,13,-20,10,12,8,9,10,8,15,11,8,-20,-20,9,9,4,12,9,8,8,7,12,11,10,9,12,7,5,-20,-20,7,10,12,13,9,15,7,-20,13,3,17,26,8,29,40,19,32,19,67,30,65,94,57,68,36,41,47,50
"chr3,14742642",-20,-20,-20,4,-20,-20,7,-20,3,4,3,-20,20,17,7,23,-20,15,60,37,36,6,41,19,39,24,-20,25,20,-20,7,10,10,9,37,-20,24,21,17,-20,6,31,10,8,10,46,5,60,10,13,16,26,-20,-20,-20,22,47,-20,-20,-20,26,-20,30,23,26,23,21,-20,-20,-20,19,-20,12,28,20,43,21,5,8,8,-20,12,15,4,-20,25,25,36,38,12,10,26,-20,24,22,27,18,-20,4,-20,32,29,-20,10,33,26,-20,20,26,6,-20,3,-20,-20,-20,-20,8,-20,-20,4,-20,-20,8,-20,-20,-20,-20,-20,-20,-20,-20,2,-20,3,-20,-20,-20,4,-20,6,-20,3,5,7,-20,3,-20,-20,4,4,5,8,31,-20,42,12,-20,-20,-20,14,-20,-20,-20,-20,-20,8,-20,-20,4,13,36,-20,-20,17,9,22,7,10,19,82,9,-20,-20,-20,13,5,-20,17,8,9,-20,-20,3,4,7,15,16,-20,18,-20,10,-20,19,27,34,-20,22,26,20,29,42,27,23,24,11,11,30,-20,14,-20,19,-20,-20,32,13,12,8,-20,28,28,34,-20,-20,24,5,-20,-20,12,12,-20,17,14,19,18,11,32,11,12,12,21,17,12,-20,11,-20,16,12,13,16,10,8,17,18,14,10,-20,-20,18,25,-20,-20,39,-20,30,16,9,35,43,27,39,14,-20,13,29,7,17,7,4,-20,14,6,-20,-20,16,-20,40,42,3,-20,6,-20,3,-20,3,10,-20,23,-20,22,20,27,-20,27,33,4,6,-20,6,15,41,-20,-20,14,12,10,5,3,-20,11,27,9,-20,-20,6,25,-20,10,23,57,10,17,-20,12,-20,-20,13,3,7,18,17,-20,-20,-20,-20,10,14,5,-20,16,30,-20,21,4,-20,7,8,-20,-20,12,10,4,10,6,48,15,-20,11,64,8,17,23,9,3,11,-20,16,17,-20,-20,-20,7,5,11,-20,-20,6,-20,6,77,11,7,-20,-20,18,8,13,18,9,9,-20,18,-20,11,23,4,5,5,-20,7,10,11,-20,7,-20,10,24,12,5,12,21,17,10,84,13,15,11,13,6,5,7,11,9,-20,8,9,-20,-20,8,10,-20,40,19,11,7,13,-20,19,17,16,-20,9,12,21,10,26,9,4,-20,8,8,-20,-20,-20,11,-20,14,6,-20,40,22,9,20,-20,11,-20,-20,9,-20,9,-20,-20,5,16,14,19,16,-20,14,10,11,-20,-20,-20,7,25,-20,-20,-20,-20,-20,-20,26,5,-20,-20,36,49,32,19,30,42,4,6,27,-20,7,3,38,-20,8,-20,10,11,-20,31,11,7,-20,19,4,12,13,-20,7,-20,11,8,-20,-20,-20,-20,10,14,4,-20,8,19,17,30,-20,9,-20,-20,10,8,6,38,8,47,13,11,7,-20,-20,9,5,-20,21,41,30,23,41,28,34,26,-20,24,10,7,38,-20,12,17,7,11,10,11,12,6,15,4,13,28,24,-20,17,10,30,6,6,10,7,19,6,10,17,13,19,-20,-20,-20,22,34,6,75,24,40,36,45,18,27,24,16,37,23,-20,21,-20,21,25,42,37,17,7,15,24,60,9,-20,13,8,14,40,12,20,19,32,-20,-20,-20,-20,-20,14,54,16,22,-20,-20,15,10,12,-20,5,12,11,14,7,9,7,6,3,5,9,11,5,15,7,12,-20,9,11,8,4,16,2,-20,9,16,4,-20,12,9,-20,-20,8,13,7,17,-20,4,5,-20,6,9,8,9,8,15,8,9,-20,3,4,6,13,7,-20,-20,11,-20,8,15,-20,-20,10,-20,4,-20,12,10,8,3,19,13,9,-20,10,6,5,13,-20,9,-20,-20,10,9,10,9,14,19,6,6,-20,5,-20,10,4,10,8,20,-20,7,8,9,7,-20,7,7,6,6,10,4,26,5,-20,-20,4,10,8,6,9,13,10,-20,9,9,-20,3,6,-20,4,4,5,6,6,-20,9,-20,-20,-20,5,6,10,8,6,3,7,5,16,7,21,7,12,7,9,7,4,18,12,-20,-20,-20,-20,-20,-20,-20,-20,-20,24,9,7,10,4,7,12,12,16,4,15,11,8,16,6,15,7,13,-20,11,-20,15,5,5,-20,12,7,3,4,12,8,4,6,-20,-20,7,13,9,4,5,3,8,4,11,-20,10,-20,9,-20,10,-20,3,6,3,-20,-20,10,65,6,11,12,8,12,9,9,14,15,17,12,7,10,-20,14,-20,8,8,16,9,8,14,6,16,12,7,11,-20,18,16,6,11,14,9,-20,-20,12,17,7,10,12,5,-20,7,-20,-20,-20,9,-20,-20,5,12,9,-20,9,-20,-20,14,9,9,9,9,4,9,4,7,9,13,-20,12,7,8,6,-20,-20,8,7,8,10,10,-20,6,-20,9,5,4,-20,4,3,3,-20,-20,-20,5,2,5,8,8,-20,11,-20,9,-20,5,11,8,10,-20,5,5,5,-20,7,-20,7,33,8,3,10,6,10,4,11,8,13,-20,5,-20,-20,-20,-20,5,-20,-20,8,7,11,5,-20,-20,-20,-20,-20,-20,11,10,4,-20,11,10,-20,-20,-20,-20,-20,-20,-20,-20,7,-20,-20,4,-20,3,6,-20,-20,-20,9,15,-20,3,-20,5,-20,-20,-20,5,5,4,-20,-20,-20,-20,-20,-20,8,12,-20,-20,-20,-20,-20,4,-20,-20,5,-20,-20,-20,9,8,11,-20,10,8,-20,-20,6,-20,-20,6,11,11,13,-20,-20,7,-20,-20,3,17,25,8,-20,-20,-20,-20,20,-20,31,-20,94,55,63,36,37,-20,-20
"chr3,14742649",-20,-20,-20,4,-20,-20,6,-20,3,4,-20,12,22,18,8,24,40,13,65,39,37,-20,46,22,40,25,16,26,21,4,7,10,11,9,40,41,22,19,17,6,6,32,10,8,10,45,5,65,12,17,16,27,50,28,30,25,49,30,23,29,29,23,34,23,28,25,23,32,43,19,23,20,20,34,22,46,21,6,9,8,9,13,15,5,-20,23,26,40,41,13,11,27,25,23,20,29,20,37,4,29,31,32,4,13,33,26,-20,22,26,7,-20,3,-20,5,-20,-20,7,-20,-20,4,10,-20,-20,-20,-20,-20,-20,-20,-20,-20,-20,-20,-20,3,7,-20,5,4,-20,6,-20,3,5,8,-20,3,-20,8,5,4,5,8,31,21,43,12,9,9,68,20,-20,2,-20,-20,-20,8,-20,-20,3,-20,39,68,27,19,10,23,7,7,16,94,9,20,17,-20,12,6,17,18,9,12,27,21,3,4,6,14,18,17,17,18,9,21,20,30,34,14,25,26,19,33,53,30,25,24,11,12,29,10,15,10,18,12,32,29,12,11,-20,17,28,29,32,26,-20,35,3,11,18,11,11,9,16,13,16,19,12,30,12,11,13,22,18,13,12,10,5,17,11,16,12,9,8,19,11,17,9,15,21,19,27,23,19,40,20,32,15,9,35,38,30,42,14,13,14,30,7,20,7,4,12,12,6,24,6,16,58,39,45,3,-20,6,26,5,-20,3,12,15,23,-20,21,20,28,34,28,35,4,6,6,6,16,44,8,15,15,16,9,6,3,14,11,23,8,18,-20,6,28,8,11,22,61,10,18,-20,14,-20,5,13,-20,6,20,19,9,8,-20,10,10,16,5,9,13,28,13,21,4,7,8,6,-20,6,12,11,4,10,-20,51,15,12,11,65,8,17,22,9,3,11,17,16,18,16,-20,17,7,6,11,7,-20,6,-20,6,75,13,6,-20,-20,19,7,16,16,10,9,11,19,4,12,23,4,4,7,-20,7,12,9,7,8,9,12,26,17,5,14,24,18,12,79,13,14,12,13,5,5,6,11,10,-20,8,9,9,10,8,8,6,40,17,12,9,13,10,18,17,17,4,9,11,21,10,23,9,4,12,8,9,-20,7,8,9,10,14,6,9,44,26,12,17,7,-20,-20,9,8,-20,10,-20,4,7,14,15,19,15,-20,14,-20,13,11,10,6,9,26,8,-20,8,12,-20,6,26,4,19,41,36,52,26,20,30,43,6,6,30,28,7,4,42,10,8,32,11,11,-20,32,11,7,11,-20,-20,11,13,24,9,14,12,8,16,8,19,19,10,15,4,12,8,-20,17,29,7,9,38,21,11,8,7,43,8,47,14,11,7,19,16,10,-20,8,22,39,30,21,44,33,34,23,21,19,12,7,37,13,13,18,8,11,12,12,10,6,15,5,13,30,26,11,19,11,32,6,6,13,8,24,6,11,19,12,19,-20,-20,-20,19,33,7,76,28,38,36,47,18,27,25,15,38,21,20,22,7,20,26,45,37,20,7,18,22,61,9,3,11,7,14,43,13,17,19,34,25,18,77,6,25,12,50,14,23,18,9,14,8,13,12,6,-20,-20,14,11,7,9,6,4,5,11,13,6,15,6,11,10,11,-20,8,5,19,4,6,11,16,7,11,15,11,-20,9,10,14,9,16,4,5,8,12,7,9,8,13,-20,15,9,8,-20,3,6,9,13,6,8,-20,10,6,8,14,15,-20,10,6,5,-20,11,9,8,5,21,15,-20,9,9,10,5,13,7,8,4,6,9,9,13,10,15,21,6,6,8,6,11,10,4,-20,8,-20,-20,7,8,10,-20,4,7,8,6,6,11,4,26,5,-20,6,4,11,8,7,9,13,11,6,11,9,7,6,5,-20,4,6,6,7,6,-20,8,8,10,3,5,8,10,8,6,4,8,5,19,7,25,8,15,9,11,9,5,18,13,-20,-20,-20,-20,-20,-20,3,-20,-20,26,9,9,10,5,7,15,12,16,4,17,13,9,16,7,15,7,16,11,13,8,15,6,7,18,-20,7,3,6,12,9,4,8,-20,17,7,14,8,3,5,-20,9,6,10,2,10,7,9,3,11,11,3,6,3,9,-20,11,70,6,11,14,8,11,9,9,13,17,-20,13,7,11,-20,14,10,8,10,18,9,8,13,8,15,12,-20,14,-20,18,16,8,16,15,9,-20,-20,12,21,8,11,12,6,9,7,3,-20,7,10,-20,9,6,12,9,8,10,-20,-20,16,11,9,9,9,5,9,4,7,9,11,6,12,8,10,6,4,4,9,7,9,10,11,-20,7,-20,8,6,4,3,5,3,3,4,-20,8,5,3,5,8,9,11,13,-20,9,15,5,10,9,9,-20,-20,5,5,5,7,8,8,34,9,3,10,5,10,4,12,10,15,10,5,-20,8,6,-20,5,11,-20,8,7,12,7,8,9,-20,7,7,-20,-20,15,4,-20,11,11,-20,-20,13,-20,15,18,10,4,7,7,21,5,12,3,3,12,6,7,9,16,-20,-20,5,6,6,17,11,5,-20,4,8,11,-20,8,11,7,6,17,8,14,10,6,3,3,9,12,-20,10,4,7,9,9,11,13,-20,11,16,7,6,11,-20,-20,11,11,13,8,12,6,-20,12,4,16,24,-20,29,39,20,33,21,73,34,52,85,55,69,37,45,50,51
"chr3,14742653",-20,-20,-20,4,-20,-20,5,-20,3,4,-20,11,22,18,8,24,39,12,65,38,38,-20,46,23,41,27,16,26,21,4,6,10,10,8,38,41,21,19,18,7,6,32,10,6,10,46,4,63,12,18,16,28,50,28,28,27,49,32,21,27,27,23,34,22,28,25,23,31,41,17,23,21,21,34,23,42,21,8,10,8,10,12,14,6,-20,21,26,41,40,13,10,26,24,24,21,28,20,36,5,28,30,31,4,12,33,24,-20,22,27,8,-20,3,-20,5,-20,-20,7,-20,-20,4,10,-20,-20,-20,-20,-20,-20,-20,-20,-20,-20,-20,-20,3,6,-20,-20,3,-20,6,-20,3,6,9,-20,3,-20,-20,5,3,-20,8,30,22,45,12,9,9,69,19,-20,2,-20,-20,-20,8,-20,-20,3,11,37,65,29,16,10,22,7,7,16,100,9,19,17,-20,11,5,16,18,8,12,26,19,-20,-20,6,13,17,16,20,19,10,19,21,28,33,19,24,26,18,34,56,30,23,22,12,13,30,10,14,10,17,12,30,31,13,11,11,17,26,29,31,28,-20,35,-20,9,18,9,10,9,15,12,16,19,12,30,11,13,13,24,19,12,12,11,5,17,11,15,12,7,7,19,11,19,7,16,19,18,27,22,17,36,16,35,14,9,36,31,29,40,13,13,14,30,7,20,7,4,13,13,6,23,6,17,59,42,47,3,-20,5,26,5,-20,3,12,16,23,-20,21,21,29,32,25,36,3,6,6,5,16,42,-20,15,15,18,8,6,3,13,11,24,8,18,-20,6,28,8,9,20,58,10,19,-20,14,-20,5,12,3,6,20,19,8,8,7,10,10,17,4,9,16,26,13,20,4,7,8,6,-20,6,11,11,4,10,-20,54,15,12,12,67,7,20,22,9,-20,11,15,16,17,17,-20,16,8,6,11,7,-20,6,-20,6,83,13,7,-20,-20,18,7,15,17,10,9,11,20,5,12,23,5,5,7,-20,7,13,9,7,7,9,12,25,15,5,13,23,18,12,78,12,13,11,14,5,5,6,11,9,-20,8,9,9,9,8,9,7,39,14,11,9,13,10,19,17,17,4,9,11,20,10,19,9,5,12,8,9,-20,7,7,10,11,12,6,9,43,25,12,14,7,11,-20,9,9,-20,10,-20,4,7,14,15,18,11,-20,14,10,13,12,11,6,9,27,8,-20,8,10,8,6,32,4,21,42,38,51,27,21,30,45,6,6,28,28,7,4,45,10,7,30,11,11,-20,32,11,7,14,-20,-20,12,13,23,10,13,12,8,19,7,16,19,10,16,4,12,8,-20,16,29,7,9,38,22,11,8,7,42,8,48,13,11,7,18,17,11,-20,7,23,43,29,21,43,32,33,22,19,18,13,8,37,13,13,15,8,11,13,12,10,5,16,5,14,29,30,12,22,11,34,6,7,14,9,23,7,11,20,11,20,-20,3,-20,16,31,7,78,29,36,39,40,17,28,25,15,39,22,19,22,6,18,27,44,37,20,7,18,20,63,9,3,12,7,14,42,13,20,20,35,26,15,70,5,22,13,49,16,22,15,10,11,8,13,13,6,18,10,14,10,7,9,6,4,5,12,14,6,14,6,12,9,11,-20,9,-20,18,4,5,13,18,7,10,16,10,-20,9,13,15,10,19,5,5,-20,12,9,9,-20,13,-20,17,9,8,5,3,5,9,14,7,7,-20,10,5,8,14,15,-20,10,6,5,-20,11,9,8,8,21,15,-20,9,9,10,5,15,8,8,5,6,9,8,14,10,15,21,7,6,9,6,11,10,-20,-20,8,-20,-20,7,9,11,6,4,8,8,5,6,11,4,26,4,6,6,4,11,8,6,10,10,15,7,11,8,7,6,5,-20,4,6,6,6,6,-20,9,8,11,4,5,9,8,8,6,4,8,4,20,7,23,9,14,11,11,8,5,16,14,-20,-20,-20,-20,-20,-20,3,-20,-20,25,9,9,10,5,7,14,11,17,4,17,13,9,15,6,15,7,16,11,13,10,14,6,7,18,-20,7,4,7,14,9,4,8,-20,17,7,14,8,3,5,-20,8,6,10,2,10,7,9,3,11,10,3,6,3,8,-20,10,69,6,11,14,8,11,8,9,10,17,-20,13,8,12,-20,14,10,7,11,18,9,8,14,8,15,13,-20,14,-20,19,15,8,16,15,8,-20,-20,12,21,7,12,14,6,11,6,4,-20,6,11,-20,9,6,12,9,8,10,-20,8,15,10,9,10,10,5,-20,4,7,8,10,5,12,8,8,6,4,5,9,4,9,10,11,-20,7,-20,5,6,4,3,5,3,3,4,-20,8,5,3,5,6,9,12,14,-20,10,16,5,10,10,9,11,4,5,5,5,7,8,8,34,9,4,10,5,11,4,10,8,16,10,4,6,7,6,4,5,11,-20,-20,8,12,7,8,9,-20,7,7,-20,-20,15,4,-20,10,12,-20,-20,-20,-20,11,17,10,4,7,7,19,4,12,3,-20,15,5,-20,9,16,-20,-20,6,5,5,15,9,5,-20,2,7,12,3,8,7,-20,6,17,-20,-20,9,6,3,2,10,10,-20,10,5,-20,8,6,11,8,15,11,16,7,-20,9,-20,6,10,9,13,5,10,6,4,11,4,16,23,10,30,39,22,32,21,66,36,52,85,58,65,39,46,52,52
"chr3,14742655",-20,-20,-20,4,-20,-20,4,-20,-20,4,-20,-20,22,17,8,23,-20,12,61,37,-20,-20,41,22,36,26,15,27,21,4,8,10,10,8,37,38,22,19,18,-20,5,31,9,6,10,46,5,62,12,17,16,29,-20,-20,-20,27,48,28,-20,-20,26,-20,31,22,-20,24,23,-20,37,-20,22,-20,18,-20,23,39,19,-20,10,8,-20,12,15,7,-20,21,25,38,38,16,11,25,-20,24,20,27,20,-20,5,-20,29,28,3,11,30,22,-20,21,25,6,-20,3,-20,-20,-20,-20,7,-20,-20,3,-20,-20,-20,-20,-20,-20,-20,-20,-20,-20,-20,-20,-20,3,-20,-20,-20,3,-20,6,-20,-20,6,9,-20,3,-20,-20,5,3,5,8,30,-20,43,11,-20,-20,-20,18,-20,2,-20,-20,-20,8,-20,-20,3,11,37,63,-20,15,10,22,7,7,16,99,7,16,-20,-20,11,5,16,18,8,12,27,-20,-20,4,3,12,15,16,19,19,10,-20,19,27,32,19,24,26,18,33,53,27,20,22,12,12,30,-20,14,-20,13,-20,-20,27,12,11,11,-20,26,-20,32,-20,-20,32,-20,9,-20,8,10,-20,-20,12,-20,18,11,29,10,14,13,23,18,11,-20,10,5,17,11,15,12,8,7,19,12,19,7,-20,-20,18,27,19,-20,31,-20,35,14,9,35,31,29,43,12,-20,12,27,6,22,9,4,12,13,6,21,-20,17,-20,-20,47,3,-20,5,23,4,-20,-20,11,-20,23,-20,20,20,29,-20,24,36,3,7,-20,5,16,42,-20,-20,15,-20,7,6,-20,-20,13,24,8,-20,-20,6,27,9,9,21,56,10,18,-20,13,-20,-20,12,3,6,20,19,7,-20,-20,-20,10,18,4,-20,14,26,-20,19,4,-20,8,4,-20,-20,11,11,4,10,4,55,15,-20,12,64,7,20,21,9,-20,11,14,16,18,14,-20,16,-20,8,11,-20,-20,5,-20,6,81,13,7,-20,-20,18,7,15,17,-20,8,-20,20,-20,12,23,-20,5,-20,-20,-20,13,9,7,7,-20,10,27,15,5,13,-20,17,-20,79,12,11,10,15,4,5,6,11,-20,-20,8,9,9,9,9,-20,-20,39,14,11,-20,13,11,19,17,17,-20,9,12,19,-20,19,9,5,-20,9,9,-20,-20,-20,12,12,13,6,-20,40,26,13,13,-20,11,-20,-20,9,-20,10,-20,4,6,14,14,17,10,-20,14,10,12,-20,10,6,9,24,-20,-20,-20,-20,-20,-20,-20,4,-20,39,38,48,26,18,29,43,5,6,26,-20,7,4,41,-20,7,-20,11,11,-20,31,10,6,-20,-20,4,12,12,20,10,-20,12,8,18,-20,15,-20,10,15,-20,-20,8,-20,16,27,7,9,-20,20,-20,8,-20,39,9,48,12,11,8,17,-20,11,-20,7,24,43,29,21,38,28,33,22,-20,18,13,8,32,-20,12,15,-20,11,-20,10,10,5,13,5,12,29,25,12,19,11,32,6,7,-20,9,23,8,11,20,11,18,-20,3,-20,16,33,7,74,28,36,38,42,17,29,25,15,36,20,18,22,6,18,25,47,37,21,6,17,20,59,9,3,12,7,14,41,13,20,20,33,28,-20,-20,5,24,13,45,16,22,15,11,11,8,13,-20,5,-20,9,14,-20,7,9,8,4,5,12,14,5,13,5,11,-20,10,-20,9,5,18,4,-20,13,20,7,-20,17,-20,-20,-20,11,15,-20,19,-20,5,8,12,9,9,8,12,-20,15,8,8,4,3,4,9,14,7,-20,-20,10,-20,8,-20,-20,3,10,6,4,-20,10,9,8,8,20,14,-20,-20,9,10,4,15,-20,8,4,5,11,8,14,10,13,21,7,6,-20,6,11,10,4,-20,8,-20,-20,7,9,11,6,-20,8,8,5,6,11,4,23,3,5,-20,4,10,8,-20,10,9,13,-20,10,8,-20,6,5,-20,6,6,6,6,6,-20,10,-20,-20,4,5,7,8,8,6,4,8,4,19,7,23,9,12,10,11,8,6,16,14,-20,-20,-20,-20,-20,-20,3,-20,-20,26,8,9,10,5,6,13,11,16,3,15,13,7,12,5,13,7,16,11,13,-20,13,6,7,-20,-20,5,3,7,13,9,4,7,-20,-20,6,14,7,3,5,-20,8,6,10,2,9,-20,9,3,11,-20,3,6,3,-20,-20,-20,66,6,11,13,8,11,8,-20,10,17,-20,13,8,11,-20,14,10,7,11,17,9,8,14,8,14,12,-20,14,-20,14,15,8,15,15,8,-20,-20,12,20,7,12,13,5,-20,6,4,-20,-20,11,-20,-20,6,11,9,-20,10,-20,6,13,12,7,9,9,-20,9,-20,-20,8,10,5,12,8,6,5,4,-20,7,3,9,10,-20,-20,7,-20,4,6,4,-20,5,4,3,4,-20,-20,5,3,5,7,7,-20,-20,-20,9,-20,5,10,9,10,10,4,5,4,-20,7,-20,8,35,7,4,10,5,10,3,9,8,15,-20,5,6,-20,-20,3,5,-20,-20,9,8,11,7,-20,-20,-20,-20,5,-20,-20,15,4,-20,10,11,-20,-20,-20,-20,12,-20,8,4,6,7,18,4,-20,-20,-20,13,6,8,9,17,-20,-20,-20,4,-20,11,9,5,-20,3,7,-20,3,8,-20,-20,5,15,-20,-20,9,-20,3,-20,10,-20,4,10,-20,-20,8,4,9,-20,-20,10,-20,6,7,-20,-20,4,11,9,13,7,9,6,-20,-20,4,16,23,10,-20,-20,21,-20,20,-20,38,-20,85,56,63,38,42,-20,-20
"chr3,14742658",-20,-20,-20,4,-20,-20,3,-20,-20,4,-20,10,22,16,8,23,39,12,63,38,34,-20,42,23,41,26,16,24,21,3,6,10,8,8,42,38,22,19,19,6,5,31,9,7,8,47,5,62,12,17,16,28,49,30,25,27,47,31,20,29,27,20,32,22,26,25,23,29,40,16,23,21,20,33,25,37,19,8,10,9,9,13,14,5,-20,21,25,37,36,16,10,26,23,24,19,28,20,30,5,27,28,29,4,12,32,22,-20,21,24,9,-20,3,-20,-20,-20,-20,7,-20,-20,3,9,-20,8,-20,-20,-20,-20,-20,-20,-20,-20,-20,-20,3,5,-20,-20,3,-20,7,-20,-20,6,9,-20,-20,-20,6,4,3,6,8,27,25,45,11,9,6,70,19,3,2,-20,-20,-20,9,-20,-20,3,11,35,57,30,14,9,18,7,7,16,103,8,15,14,-20,10,5,16,18,7,13,30,19,-20,4,2,12,12,17,16,19,11,18,18,26,33,18,26,26,19,35,53,30,19,22,12,9,29,9,12,10,11,12,29,29,13,10,10,16,25,27,34,27,-20,35,-20,9,14,9,11,10,16,10,15,15,11,27,11,19,12,24,20,10,12,11,5,16,11,14,13,9,5,19,11,20,6,15,18,17,24,23,14,31,12,37,13,9,35,38,27,42,12,13,12,25,6,24,10,4,13,12,7,25,6,19,51,32,42,3,-20,5,24,4,-20,-20,11,17,22,-20,21,21,27,32,26,32,3,7,6,5,15,35,8,14,15,19,7,6,3,9,12,26,8,18,-20,6,27,9,9,18,68,11,17,-20,14,-20,5,11,3,7,21,18,7,9,7,11,10,18,5,8,12,27,13,19,4,10,6,4,-20,6,10,12,3,11,5,54,16,9,13,65,7,21,21,8,-20,12,13,16,18,13,-20,15,7,9,8,8,-20,5,-20,6,81,11,7,-20,-20,16,7,15,16,10,8,11,19,5,12,21,-20,5,7,-20,6,13,10,6,8,8,10,27,14,5,14,25,16,13,80,15,11,11,14,4,5,6,10,9,-20,8,10,10,9,9,10,8,36,14,12,9,13,11,19,18,17,4,9,11,17,-20,19,9,5,9,9,9,-20,9,7,11,13,13,6,9,39,26,13,14,8,10,-20,7,9,-20,11,-20,4,7,13,13,16,11,-20,12,10,12,13,11,6,9,27,8,-20,-20,9,-20,5,32,4,19,42,38,49,25,18,30,45,5,7,24,25,8,5,43,10,6,29,11,12,-20,31,11,6,16,19,4,11,12,20,9,12,11,8,19,7,12,19,9,16,4,12,8,16,15,28,-20,10,38,21,8,8,9,38,9,45,12,10,6,17,16,12,-20,7,23,42,28,21,39,30,33,22,20,17,13,9,37,13,12,15,7,11,13,12,12,5,16,5,14,30,27,16,23,11,38,7,8,14,7,28,10,10,20,13,21,-20,-20,-20,16,34,7,73,27,37,42,43,16,29,24,16,38,22,20,22,7,18,24,45,39,21,6,18,20,53,9,3,12,7,10,40,11,22,18,35,29,15,66,5,25,12,48,16,24,14,12,12,8,16,14,6,20,10,12,10,10,9,7,7,5,12,14,5,12,5,11,-20,10,10,11,5,17,5,5,11,21,7,9,20,9,-20,8,13,15,11,20,5,6,9,13,9,9,11,12,8,16,8,8,4,5,4,8,16,8,7,-20,11,5,8,15,16,3,10,5,4,-20,10,8,10,9,21,16,10,11,9,11,4,15,7,-20,6,5,12,9,15,10,14,18,-20,6,10,6,10,10,5,10,9,23,-20,7,10,13,6,6,10,8,5,5,11,4,21,3,6,7,4,11,7,8,10,9,15,8,10,8,7,6,5,3,6,8,5,-20,7,-20,9,8,12,6,5,-20,9,10,6,4,10,-20,18,5,25,10,14,14,11,8,6,18,14,-20,-20,-20,-20,-20,-20,4,-20,-20,30,9,11,14,5,6,13,10,17,-20,14,14,8,12,5,14,7,17,12,14,9,13,7,6,18,12,5,3,8,15,9,4,7,-20,15,7,14,8,3,5,-20,8,6,11,2,9,7,10,-20,10,12,3,5,3,8,-20,10,64,6,12,16,7,11,9,-20,10,20,21,15,10,10,-20,16,13,8,12,16,8,9,17,8,17,12,6,13,-20,16,16,-20,18,14,8,-20,-20,11,23,8,15,14,5,12,6,4,-20,6,11,-20,8,6,11,8,8,8,-20,5,12,12,7,9,9,5,9,5,8,8,11,5,13,9,7,5,4,5,5,3,9,9,12,-20,8,-20,3,8,3,3,5,4,3,3,3,8,5,4,7,8,8,14,10,-20,9,18,6,14,9,10,12,4,4,4,7,7,10,8,37,9,4,10,5,9,3,10,8,17,9,6,6,8,6,3,5,11,-20,10,11,13,7,-20,9,-20,7,5,-20,11,15,5,-20,10,11,-20,-20,9,-20,11,17,7,4,-20,6,17,4,12,-20,-20,10,6,8,6,14,-20,-20,4,5,-20,11,-20,5,-20,-20,5,-20,3,-20,-20,-20,4,15,6,11,-20,5,-20,4,10,10,-20,-20,6,-20,-20,4,7,8,14,10,16,6,-20,8,-20,5,9,8,14,8,12,5,4,9,5,85,21,-20,31,37,23,29,19,66,37,44,88,59,66,38,48,55,47
"chr3,14742659",-20,-20,-20,4,-20,-20,3,-20,-20,4,-20,10,21,16,8,23,39,12,64,38,34,-20,42,23,39,26,15,24,20,3,6,10,8,8,42,38,22,19,19,6,5,29,9,7,8,47,5,63,12,17,17,28,49,29,26,26,47,31,19,30,27,20,31,21,26,25,22,29,42,15,23,21,20,34,25,39,19,8,10,9,9,14,14,5,-20,21,25,38,36,16,10,26,23,23,19,25,20,30,5,28,27,29,4,12,33,24,-20,20,25,9,-20,3,-20,-20,-20,-20,7,-20,-20,3,9,-20,8,-20,-20,-20,-20,-20,-20,-20,-20,-20,-20,3,-20,-20,-20,3,-20,7,-20,-20,6,9,-20,-20,-20,6,4,3,6,7,27,26,46,11,10,6,59,18,-20,2,-20,-20,-20,9,-20,-20,3,11,35,57,30,14,9,18,7,7,14,104,8,15,14,-20,10,5,16,18,7,13,34,19,-20,4,2,11,12,17,14,18,11,18,19,26,33,18,26,26,14,36,53,30,19,21,11,9,29,9,12,10,12,12,29,30,13,9,10,16,25,29,33,27,-20,34,-20,8,14,9,11,9,16,9,14,14,11,27,11,19,12,24,20,7,12,11,6,17,11,13,13,9,3,19,10,21,6,15,18,18,24,23,14,34,-20,36,13,9,35,38,26,43,12,13,12,25,6,23,10,5,13,15,7,25,6,19,49,32,43,3,-20,5,24,4,-20,-20,11,17,22,-20,21,21,26,32,27,32,3,7,6,6,15,35,8,14,16,19,7,5,-20,9,12,26,8,17,-20,6,26,9,9,16,68,11,17,-20,14,-20,5,12,3,7,20,18,8,9,7,11,9,18,5,8,12,27,13,19,4,-20,7,4,-20,6,10,12,3,11,5,56,16,10,13,65,6,21,20,8,-20,12,12,16,17,13,-20,15,6,-20,8,8,-20,5,-20,6,82,10,7,-20,-20,16,7,14,16,9,8,11,18,5,12,21,-20,5,8,-20,6,13,10,6,8,-20,9,26,14,5,14,25,16,13,82,15,13,11,13,4,5,6,10,9,-20,8,10,10,10,9,10,8,36,13,12,9,13,10,19,18,17,4,9,11,17,10,19,10,5,9,9,9,-20,9,-20,11,13,12,6,9,39,26,13,14,8,10,-20,7,9,-20,11,-20,3,7,13,12,16,11,-20,12,10,12,13,12,6,9,26,8,-20,9,9,8,-20,31,4,19,42,38,48,25,18,31,46,5,7,24,25,8,5,43,10,6,31,9,11,-20,32,11,6,16,18,-20,10,12,-20,9,10,11,8,18,-20,12,20,9,17,4,-20,9,16,15,29,7,10,-20,21,8,8,9,34,9,45,12,10,6,17,-20,12,-20,7,23,42,28,21,39,29,33,22,20,17,13,9,37,14,13,15,8,12,12,12,13,5,16,5,14,29,27,16,23,12,38,7,8,14,7,29,10,10,19,13,21,-20,-20,-20,16,34,-20,72,28,37,40,41,16,-20,24,16,41,22,18,21,7,19,25,44,39,22,7,18,21,53,9,3,12,7,10,40,11,21,17,34,30,15,61,5,24,12,49,14,22,13,12,14,8,16,14,6,19,10,12,10,10,9,7,7,5,12,14,5,12,5,11,10,10,10,11,5,17,5,5,11,21,7,9,21,9,-20,8,13,15,11,20,5,-20,9,13,9,9,11,12,8,16,8,8,4,5,4,8,17,8,6,-20,11,5,9,15,-20,3,10,5,4,-20,10,8,10,9,21,16,10,-20,9,11,4,15,7,8,7,5,12,9,16,10,14,18,7,6,10,6,11,10,5,10,9,23,-20,8,10,13,6,6,10,8,5,5,11,3,21,3,6,7,4,11,7,8,10,9,15,8,10,8,7,6,5,3,6,8,5,-20,7,-20,9,8,12,6,5,8,9,10,6,4,10,4,19,5,25,10,14,13,11,8,6,18,14,-20,-20,-20,-20,-20,-20,4,-20,-20,30,9,11,14,5,6,14,11,20,-20,14,14,8,12,5,14,7,17,12,14,9,13,7,6,18,12,5,3,8,15,9,4,7,-20,15,7,14,8,3,5,-20,8,6,11,2,9,7,10,4,10,12,3,5,3,8,-20,10,62,7,12,16,7,11,9,10,10,20,21,15,10,10,-20,16,13,8,12,16,8,9,17,8,17,12,6,13,-20,16,16,8,18,14,8,-20,-20,11,23,8,15,14,5,12,6,4,-20,7,11,-20,8,6,11,8,8,7,-20,5,12,12,7,10,9,5,9,5,8,8,11,5,12,9,7,5,4,5,5,3,9,9,12,-20,8,-20,3,8,3,3,5,4,3,3,3,8,5,4,7,8,8,15,10,-20,9,18,6,14,9,10,12,4,4,4,7,7,-20,8,37,9,4,9,5,10,3,10,8,17,9,6,6,-20,6,3,5,11,-20,10,11,13,7,6,9,-20,7,5,-20,11,15,5,-20,10,11,-20,-20,10,-20,9,15,8,4,7,5,-20,-20,13,-20,-20,-20,6,8,5,15,-20,-20,4,-20,-20,13,-20,5,-20,3,6,10,3,-20,-20,-20,5,15,6,12,7,5,-20,3,11,11,-20,9,5,-20,7,3,9,9,-20,9,16,5,-20,9,-20,5,10,8,14,-20,-20,5,-20,9,5,86,19,8,30,38,23,29,19,-20,38,39,88,56,66,39,47,55,47
"chr3,14742660",-20,-20,-20,4,-20,-20,3,-20,-20,4,-20,10,21,16,8,22,39,12,65,38,34,-20,42,23,39,25,15,25,20,-20,6,10,8,8,42,38,23,20,18,6,5,30,9,7,7,48,5,61,12,17,17,28,46,29,27,27,48,30,19,32,27,21,31,21,26,26,22,29,42,15,21,21,20,34,26,39,19,8,10,9,9,13,14,4,-20,22,24,39,36,16,10,27,23,23,19,23,20,31,5,27,27,29,4,12,34,26,-20,20,25,9,-20,3,-20,-20,-20,-20,7,-20,-20,3,9,-20,-20,-20,-20,-20,-20,-20,-20,-20,-20,-20,-20,3,-20,-20,-20,3,-20,7,-20,-20,6,8,-20,-20,-20,7,4,-20,6,7,21,25,47,11,10,-20,58,18,2,2,-20,-20,-20,9,-20,-20,3,10,36,-20,30,14,9,17,8,7,14,102,8,15,14,-20,10,5,16,18,6,13,30,19,-20,4,-20,11,12,17,17,19,11,19,19,26,33,17,25,26,14,36,53,29,19,21,11,9,29,9,11,10,11,13,27,30,-20,-20,10,15,24,29,33,27,-20,35,-20,8,15,7,11,10,16,10,14,15,11,28,11,19,12,21,20,7,12,10,5,17,10,14,12,10,3,19,10,19,6,14,17,18,23,24,-20,34,11,34,13,9,37,37,27,44,12,13,12,25,6,22,10,5,12,14,7,24,6,19,49,32,42,3,-20,5,23,4,-20,-20,11,17,23,-20,22,21,27,33,28,32,4,7,6,6,15,31,8,14,16,-20,7,4,3,10,13,25,8,18,-20,6,26,9,9,16,69,11,17,-20,14,-20,5,12,3,-20,20,18,8,9,7,10,9,17,5,8,12,26,13,20,-20,-20,7,4,-20,6,10,12,3,11,5,56,16,10,13,65,6,21,20,8,-20,14,13,16,17,13,-20,15,6,-20,8,7,-20,5,-20,6,79,10,7,-20,-20,16,7,12,16,9,9,10,18,5,12,21,-20,5,8,-20,6,13,10,6,8,8,10,25,13,5,14,24,17,12,81,14,13,10,13,-20,5,6,10,9,-20,8,10,10,10,9,11,8,35,12,11,10,13,10,18,18,17,4,9,11,16,-20,18,10,-20,9,9,9,-20,9,7,11,14,13,6,10,40,27,13,16,9,10,-20,7,9,-20,10,-20,3,7,13,12,15,12,-20,12,10,12,14,12,6,9,25,8,-20,10,7,8,5,33,4,21,41,38,47,26,18,33,45,5,7,24,26,8,5,43,10,6,31,-20,10,-20,33,11,6,15,-20,4,-20,11,20,9,10,11,8,20,5,12,20,9,19,4,12,9,-20,15,30,7,10,38,21,8,-20,-20,37,9,45,13,10,6,16,15,12,-20,7,23,42,27,21,39,30,32,22,22,16,12,9,38,14,12,14,-20,12,13,12,12,5,15,5,14,30,26,17,23,12,38,7,8,13,8,29,10,10,20,13,21,-20,-20,-20,15,34,9,71,31,36,42,42,15,-20,23,17,41,22,20,21,8,18,26,41,38,23,7,20,22,57,9,3,11,6,11,38,11,20,17,34,27,15,56,5,24,12,46,14,22,13,12,13,9,16,14,6,19,-20,11,10,10,9,7,7,5,12,14,5,12,5,11,9,10,-20,10,5,17,5,5,11,21,7,9,21,9,-20,8,13,15,-20,20,5,8,9,13,9,9,11,12,-20,15,8,8,4,5,4,8,16,8,6,-20,10,5,9,12,16,3,10,5,4,-20,10,7,10,9,21,16,-20,11,9,11,4,15,7,8,7,5,12,9,16,10,14,18,7,6,10,6,10,10,5,-20,9,-20,-20,8,8,13,6,-20,10,8,4,5,11,3,21,3,6,7,4,11,7,8,10,8,15,8,10,8,7,6,5,3,6,8,5,-20,-20,3,9,8,11,6,6,8,9,10,6,4,10,4,19,5,25,10,12,12,11,8,6,17,13,-20,-20,-20,-20,-20,-20,-20,-20,-20,30,8,11,14,5,6,14,11,20,-20,14,14,8,12,5,14,7,17,12,14,9,13,7,6,18,-20,5,3,8,14,8,4,7,-20,15,7,14,8,3,5,-20,8,6,11,2,9,7,10,4,10,12,3,5,3,8,-20,10,62,7,12,16,7,11,9,10,10,20,-20,15,10,10,-20,16,13,8,12,16,-20,9,16,7,17,12,-20,13,-20,16,16,8,17,14,8,-20,-20,11,23,7,15,13,5,11,6,4,-20,7,11,-20,8,6,11,8,8,7,-20,4,12,12,7,10,9,5,9,5,8,8,12,5,12,8,7,5,4,5,5,3,9,10,11,-20,8,-20,2,8,3,3,5,4,3,3,3,8,5,4,7,8,8,15,10,-20,9,18,6,13,9,10,12,3,4,4,7,7,10,8,36,9,4,9,5,10,3,10,8,17,9,6,6,8,6,3,5,11,-20,10,11,13,7,6,9,-20,7,5,-20,-20,15,5,-20,10,11,-20,-20,-20,-20,10,14,10,3,6,4,15,-20,-20,-20,-20,10,5,9,5,15,-20,-20,6,4,5,14,7,5,-20,-20,5,10,3,8,6,5,5,15,5,11,7,5,3,4,9,10,-20,9,6,-20,7,5,7,8,-20,10,16,5,-20,7,-20,4,-20,9,16,7,10,5,-20,9,5,86,19,8,28,36,22,28,19,62,37,39,88,65,65,38,47,55,47
"chr3,14742661",-20,-20,-20,4,-20,-20,3,-20,-20,3,-20,10,20,16,8,22,39,12,64,37,34,-20,42,22,41,25,15,25,20,-20,6,10,8,8,43,38,24,20,19,6,6,29,9,7,7,47,5,61,11,16,17,28,48,30,26,27,48,30,19,32,27,20,31,21,26,25,22,29,43,15,23,19,18,34,26,39,18,8,10,9,9,14,14,4,-20,21,24,37,36,16,10,27,23,21,19,24,20,31,5,31,26,29,4,12,32,27,-20,20,25,9,-20,3,-20,-20,-20,-20,7,-20,-20,3,9,-20,8,-20,-20,-20,-20,-20,-20,-20,-20,-20,-20,3,4,-20,-20,-20,-20,6,-20,-20,7,8,-20,-20,-20,7,4,-20,6,7,23,25,47,12,10,5,58,18,2,2,-20,-20,-20,9,-20,-20,3,10,34,-20,29,15,9,17,8,5,14,104,8,15,14,-20,10,5,17,18,5,13,31,18,-20,4,-20,10,11,17,18,19,11,19,19,27,33,18,23,26,14,35,54,32,18,21,11,9,29,9,10,10,13,13,27,29,12,9,10,16,25,28,33,26,-20,35,-20,7,14,7,10,11,16,10,15,14,11,28,11,18,12,22,20,7,12,9,6,17,9,15,12,12,3,20,12,21,6,15,17,18,20,24,10,33,11,36,13,10,37,37,27,44,12,13,12,25,6,24,10,5,12,16,7,26,6,19,52,32,42,3,-20,5,23,4,-20,-20,12,17,23,-20,24,21,28,33,28,31,4,7,6,5,15,30,8,14,16,20,7,4,3,10,13,29,8,18,-20,6,26,9,9,16,69,10,18,-20,14,-20,5,12,3,7,21,19,9,9,7,10,9,17,5,8,13,28,13,21,-20,10,7,4,-20,6,10,13,3,11,5,53,15,10,13,65,6,21,20,8,-20,13,13,16,17,15,-20,13,6,9,8,7,-20,5,-20,6,82,10,7,-20,-20,15,7,13,16,9,9,10,18,5,13,20,4,5,8,-20,6,13,9,5,8,8,9,25,13,5,14,24,18,13,80,15,13,12,12,4,5,6,10,9,-20,8,10,10,10,9,11,8,35,11,11,10,13,10,19,18,17,4,10,11,16,10,17,10,5,8,8,9,-20,9,7,11,14,13,6,10,40,28,13,16,9,10,-20,7,8,-20,11,-20,3,7,12,12,15,13,-20,12,10,12,14,13,6,9,25,8,-20,10,7,8,5,32,-20,20,41,37,49,27,17,32,46,5,6,24,26,8,4,41,10,6,30,8,11,-20,32,9,6,15,19,4,10,11,20,9,11,11,8,20,5,12,20,9,19,4,12,9,17,14,30,7,10,37,21,8,8,10,36,9,46,13,10,6,-20,15,12,-20,7,23,43,29,21,43,29,30,21,22,18,12,9,38,14,13,15,8,12,13,12,13,5,14,5,14,30,27,17,23,11,38,7,8,14,8,29,10,10,20,13,21,-20,-20,-20,15,34,9,68,29,36,42,36,14,25,24,18,43,22,16,20,8,20,26,42,39,23,7,21,21,55,9,3,11,6,11,36,10,20,16,34,29,16,57,5,24,12,45,13,23,13,12,13,-20,16,14,6,20,9,12,10,10,9,7,8,5,10,14,5,11,5,11,9,10,10,12,5,17,5,5,11,19,7,-20,21,9,-20,8,13,13,10,19,5,8,9,13,9,10,10,12,8,15,8,8,4,5,4,8,17,8,6,-20,11,4,9,14,14,3,10,5,4,-20,10,7,10,9,21,16,11,11,9,11,4,14,7,8,7,5,12,8,16,9,14,18,7,5,10,6,-20,10,5,10,8,23,-20,8,7,13,5,6,10,7,3,4,12,3,21,3,-20,7,4,12,7,8,10,8,15,8,9,8,7,6,5,3,6,7,5,-20,7,3,9,8,12,6,6,8,9,10,6,4,10,4,18,5,24,10,12,13,10,8,6,18,14,-20,-20,-20,-20,-20,-20,-20,-20,-20,30,8,11,14,5,6,15,11,20,-20,12,14,7,12,5,14,7,16,-20,14,9,13,7,6,18,13,5,3,8,14,8,4,7,-20,15,6,14,8,3,5,-20,8,6,11,2,9,7,10,5,9,12,-20,5,-20,8,-20,10,62,7,12,16,7,11,9,-20,10,22,19,15,10,10,-20,16,13,8,12,16,7,9,17,7,17,12,6,13,-20,16,16,8,18,12,8,-20,-20,11,23,7,16,13,5,12,6,4,-20,-20,11,6,8,5,11,8,8,7,-20,-20,12,14,7,9,9,5,8,5,8,6,12,5,12,7,7,5,4,5,5,4,9,11,11,-20,8,-20,2,8,3,3,5,5,3,3,3,8,5,4,7,7,8,15,10,-20,8,18,6,14,9,9,13,3,4,3,7,7,10,7,37,8,5,9,5,9,3,10,7,16,9,6,6,8,6,3,5,11,-20,10,11,13,7,6,9,-20,7,3,-20,11,15,4,-20,10,11,-20,-20,11,-20,7,14,-20,3,7,4,-20,4,14,3,3,9,3,9,7,15,-20,-20,7,4,4,9,8,4,-20,-20,6,10,3,4,5,5,-20,15,6,-20,5,4,-20,4,10,9,-20,8,6,-20,8,4,-20,8,13,10,15,5,4,7,-20,4,11,11,15,9,9,5,3,9,5,87,19,8,29,36,22,29,19,63,39,39,87,67,65,38,49,54,47
"chr3,14742664",-20,-20,-20,4,-20,-20,3,-20,-20,-20,-20,10,19,16,7,21,38,10,66,37,36,-20,40,22,41,21,15,25,22,3,7,8,8,9,45,35,22,18,19,6,6,27,10,9,6,45,5,61,11,15,16,26,50,32,28,26,47,29,19,32,25,21,30,19,24,23,22,29,42,14,22,18,18,33,26,39,15,8,10,9,9,14,14,4,-20,21,24,38,36,16,10,27,23,22,17,24,21,31,4,30,28,29,4,12,29,28,-20,20,27,9,-20,3,-20,-20,-20,-20,7,-20,-20,3,9,-20,8,-20,-20,-20,-20,-20,-20,-20,-20,-20,-20,3,4,-20,-20,-20,-20,6,-20,-20,7,8,-20,-20,-20,7,4,-20,6,10,22,24,44,12,9,5,57,18,2,2,-20,-20,-20,9,-20,-20,3,-20,30,-20,28,15,8,14,9,6,14,99,8,13,13,-20,10,5,15,17,5,14,29,-20,-20,4,-20,8,11,16,18,17,11,18,18,28,31,16,21,26,15,36,51,33,20,19,11,-20,29,7,10,-20,-20,13,27,29,9,8,-20,15,-20,26,32,25,-20,32,-20,6,14,8,9,11,16,11,12,14,11,25,14,18,13,21,19,7,13,9,6,17,-20,14,11,-20,3,19,12,20,8,16,18,18,19,22,10,33,10,36,13,10,38,32,24,45,12,13,11,24,-20,22,10,5,12,16,7,25,5,16,52,28,38,-20,-20,-20,21,4,-20,-20,11,18,24,-20,24,20,26,34,27,29,5,7,6,5,14,31,-20,14,16,18,7,4,-20,10,13,30,8,16,-20,6,27,9,9,16,68,11,18,-20,15,-20,4,11,3,9,22,19,9,10,8,8,7,18,-20,8,13,22,13,21,-20,10,6,4,-20,6,9,13,-20,11,5,54,16,10,13,63,6,21,21,8,3,11,12,17,17,15,-20,16,6,9,8,7,-20,5,-20,-20,80,10,7,-20,-20,16,7,13,15,9,8,-20,19,5,13,20,4,5,8,-20,8,12,9,5,8,8,8,26,13,5,13,24,18,12,77,15,13,12,12,-20,5,6,10,9,-20,8,10,11,9,9,12,8,35,11,10,10,12,10,17,18,17,4,10,10,16,10,17,10,-20,8,8,9,-20,8,7,12,14,13,6,11,38,28,15,17,8,11,-20,8,8,-20,11,-20,3,7,12,10,16,13,-20,12,10,12,14,13,6,7,27,9,-20,10,7,8,6,34,-20,17,41,37,48,26,16,32,45,5,6,23,24,8,4,40,10,6,30,7,12,-20,31,9,6,13,18,4,-20,11,19,9,10,11,9,20,5,15,17,-20,19,4,12,10,16,15,32,7,10,37,19,9,8,9,36,9,46,12,10,5,17,14,-20,-20,6,21,42,29,21,44,28,28,21,23,19,11,9,36,14,11,15,9,12,-20,11,13,5,12,5,14,30,26,17,24,9,38,7,-20,15,8,-20,10,10,19,13,21,-20,-20,-20,16,33,-20,69,28,34,44,35,15,24,23,13,42,22,14,18,8,19,30,38,38,24,6,21,23,49,9,3,11,6,11,36,10,20,16,33,30,15,47,5,27,10,46,13,23,13,12,16,-20,16,14,6,20,9,12,13,10,9,6,8,5,11,14,5,12,5,11,9,10,10,12,5,17,5,5,11,19,-20,9,21,9,-20,8,13,12,10,19,5,-20,9,12,9,10,10,12,8,15,8,8,6,5,4,8,15,8,5,-20,11,4,9,14,15,3,10,5,4,-20,8,7,10,9,21,16,11,11,9,10,4,14,6,8,-20,5,10,7,16,9,13,18,-20,5,11,5,-20,10,5,10,7,23,-20,-20,7,13,5,6,9,6,3,4,9,3,21,3,6,7,4,12,5,10,10,8,15,8,9,8,-20,6,5,3,6,7,5,5,7,3,8,8,11,6,6,9,9,10,6,4,10,4,19,5,25,10,13,12,10,8,6,17,14,-20,-20,-20,-20,-20,-20,-20,-20,-20,31,-20,12,13,5,7,16,12,19,-20,10,12,7,12,5,14,7,16,12,13,8,12,6,6,17,13,5,3,8,15,8,3,7,-20,14,5,14,8,3,5,-20,8,6,10,2,8,7,10,5,10,12,-20,5,-20,9,-20,10,57,7,12,16,8,11,9,-20,10,22,20,15,11,10,-20,16,12,8,12,17,6,9,16,7,17,13,6,13,-20,16,16,8,18,11,8,-20,-20,12,22,6,15,13,5,12,5,4,-20,7,11,6,8,5,10,8,8,6,-20,-20,11,14,7,9,9,5,8,6,7,6,12,5,11,-20,7,5,4,5,5,4,9,11,11,-20,8,-20,2,6,3,3,5,5,3,3,3,6,5,4,7,7,7,14,10,-20,8,16,5,14,9,9,11,3,4,3,7,7,10,7,38,8,5,9,5,9,3,11,7,16,9,6,6,8,6,3,5,11,-20,10,9,12,7,6,9,-20,6,3,-20,11,15,4,-20,10,9,-20,-20,-20,-20,9,14,-20,2,6,-20,14,4,11,3,3,7,5,10,7,13,-20,-20,6,3,4,10,8,5,-20,-20,5,-20,3,6,-20,-20,7,15,5,8,6,5,-20,4,9,8,-20,8,5,-20,10,4,6,7,15,9,15,5,-20,5,-20,3,11,-20,13,5,-20,4,-20,9,5,88,20,-20,29,36,22,28,18,62,38,37,87,66,61,36,49,52,49
"chr3,14742665",-20,-20,-20,-20,-20,-20,3,-20,-20,-20,-20,10,18,16,7,20,38,10,65,37,36,-20,39,22,38,23,14,23,21,3,7,7,8,9,45,37,21,18,19,6,6,30,10,9,6,45,6,62,11,15,16,27,49,34,26,27,47,30,19,30,25,21,30,20,23,24,22,30,43,14,23,18,17,32,26,40,15,8,10,9,9,14,15,4,-20,21,26,37,36,16,10,26,23,22,17,23,21,31,4,30,27,29,4,12,29,28,-20,21,27,9,-20,3,-20,-20,-20,-20,7,-20,-20,3,9,-20,8,-20,-20,-20,-20,-20,-20,-20,-20,-20,-20,3,4,-20,-20,-20,-20,6,-20,-20,7,8,-20,-20,-20,7,4,-20,6,9,22,24,43,12,9,-20,58,18,2,2,-20,-20,-20,9,-20,-20,3,10,27,56,30,14,8,14,9,6,14,95,8,13,13,-20,10,5,16,17,5,14,29,17,-20,4,3,8,11,16,18,17,11,17,19,27,31,-20,20,26,15,36,53,32,21,18,11,-20,29,7,10,9,-20,12,28,28,11,8,-20,15,21,26,31,25,-20,32,-20,6,16,8,10,10,16,12,13,15,11,24,14,18,13,20,20,7,13,9,6,17,-20,14,11,14,3,18,12,-20,8,16,18,18,21,22,11,31,11,37,14,10,38,33,24,44,12,13,11,24,6,22,10,5,12,15,5,23,5,16,52,28,38,-20,-20,5,20,4,-20,-20,12,17,24,-20,26,19,27,34,27,28,5,7,6,5,14,29,-20,14,16,18,7,4,3,9,13,31,7,17,-20,6,27,8,9,17,68,11,19,-20,14,-20,4,12,4,-20,22,18,9,10,9,-20,8,18,6,7,-20,22,13,20,-20,-20,6,4,-20,6,10,13,4,11,5,56,16,10,13,63,6,21,23,8,3,11,12,17,18,15,-20,15,6,9,8,-20,-20,5,-20,6,80,10,-20,-20,-20,15,7,14,14,9,8,8,18,5,13,20,4,5,8,-20,-20,13,9,5,8,8,8,27,13,5,13,23,20,12,77,15,13,12,12,3,5,6,10,9,-20,8,10,11,9,9,12,8,34,11,10,10,12,10,17,18,17,4,10,10,16,10,17,10,5,9,8,9,-20,8,7,12,14,13,5,11,38,27,15,18,8,11,-20,8,8,-20,11,-20,3,7,12,11,16,13,-20,12,11,12,14,13,5,7,26,9,-20,10,7,8,6,34,-20,18,41,38,48,28,16,33,46,5,6,23,24,8,4,37,10,6,29,7,12,-20,32,9,6,14,19,4,-20,10,19,10,11,11,9,20,5,15,19,-20,19,4,12,10,16,15,31,7,10,35,20,9,8,9,36,8,45,13,9,5,18,13,-20,-20,6,21,43,29,21,43,30,28,20,22,18,12,9,38,14,11,14,-20,12,12,12,13,5,12,5,14,31,26,18,22,9,38,7,7,16,-20,28,10,10,19,12,21,-20,-20,-20,16,30,-20,69,29,35,44,34,15,25,23,14,43,22,14,19,8,-20,30,36,39,24,6,21,22,50,9,3,11,5,10,37,10,19,16,33,29,14,47,5,28,10,45,13,22,12,12,16,-20,16,13,6,21,9,12,13,10,9,6,8,5,10,14,5,11,5,11,9,10,-20,12,5,17,5,5,11,19,7,-20,21,9,-20,8,13,13,10,19,5,-20,9,13,9,10,10,12,8,14,8,8,6,5,4,8,15,8,5,-20,11,4,9,14,15,3,10,5,4,-20,8,7,10,9,20,16,11,11,9,11,4,14,6,8,-20,5,9,7,16,9,13,18,7,5,11,5,10,10,5,10,7,23,-20,10,7,13,5,6,9,6,3,4,9,3,21,3,-20,7,4,12,5,10,10,8,15,8,9,8,8,6,5,3,6,7,5,5,7,3,9,8,11,6,6,7,9,10,6,4,10,4,20,5,24,10,13,12,10,8,6,17,14,-20,-20,-20,-20,-20,-20,4,-20,-20,31,8,12,13,5,7,17,12,20,-20,10,12,7,12,5,13,7,16,12,14,8,13,6,6,15,13,5,3,8,15,8,3,7,-20,13,5,14,8,3,5,-20,8,6,10,2,8,7,10,5,10,12,-20,5,-20,9,-20,10,60,7,11,16,8,11,9,-20,10,22,20,15,11,10,-20,16,13,8,12,17,6,9,16,6,17,13,6,13,-20,16,16,8,18,11,7,-20,-20,13,22,6,15,13,5,11,4,4,-20,-20,11,6,8,5,10,8,7,6,-20,-20,11,13,6,9,9,5,8,6,6,6,11,5,11,7,7,5,4,5,5,3,9,11,11,-20,8,-20,2,6,3,3,5,5,3,3,3,6,5,4,7,7,7,15,10,-20,8,15,5,13,9,9,11,3,4,3,7,7,10,7,38,8,5,9,5,9,3,11,7,16,9,6,6,8,6,3,5,11,-20,10,9,12,7,6,9,-20,6,3,-20,11,15,4,-20,10,9,-20,-20,10,-20,10,14,10,3,7,5,12,4,10,3,-20,8,4,8,8,14,-20,-20,5,-20,-20,11,7,5,-20,-20,-20,-20,3,7,-20,-20,7,16,5,8,-20,-20,-20,4,8,-20,-20,8,6,-20,10,-20,-20,7,14,8,14,5,-20,6,-20,4,-20,11,14,-20,7,4,-20,8,5,89,20,-20,31,37,23,29,19,67,37,30,88,66,58,37,48,53,49
"chr3,14742666",-20,-20,-20,5,-20,-20,3,-20,-20,-20,-20,10,18,15,7,18,39,10,64,37,35,-20,40,21,39,24,14,24,21,3,8,7,8,9,44,33,20,18,17,6,6,29,10,9,6,45,6,62,11,16,16,28,49,35,28,27,47,31,20,30,24,22,30,20,25,24,22,29,42,14,23,18,16,32,26,39,15,8,10,9,9,14,15,4,-20,20,25,36,37,16,10,26,22,21,17,23,21,31,4,29,28,29,4,12,29,27,-20,20,27,9,-20,3,-20,-20,-20,-20,7,-20,-20,3,9,-20,6,-20,-20,-20,-20,-20,-20,-20,-20,-20,-20,3,4,-20,-20,-20,-20,6,-20,-20,7,8,-20,-20,-20,7,4,-20,6,9,22,24,41,12,9,5,57,-20,-20,2,-20,-20,-20,9,-20,-20,3,10,29,56,-20,15,9,15,-20,6,15,78,8,13,12,-20,10,5,-20,17,6,13,31,17,-20,4,3,8,11,12,18,-20,11,17,19,26,31,16,22,26,14,36,53,33,22,18,11,8,28,7,11,9,15,12,28,28,11,7,10,15,20,26,31,24,-20,32,-20,-20,16,8,10,12,16,12,13,16,11,24,14,18,13,21,20,7,15,9,6,17,10,14,11,14,3,19,12,22,9,17,16,18,22,22,11,32,-20,37,11,11,36,33,23,44,12,13,12,23,6,22,10,5,11,15,5,25,5,17,51,28,35,-20,-20,5,21,4,-20,-20,12,18,24,-20,26,19,27,34,27,29,6,6,5,5,14,33,8,14,15,19,8,4,3,9,12,31,7,18,-20,6,26,-20,9,17,68,11,18,-20,15,-20,4,11,3,-20,21,19,-20,10,9,-20,-20,18,6,7,12,24,13,21,4,10,6,4,-20,6,9,14,4,11,5,56,15,10,13,63,6,20,23,8,3,11,12,17,18,15,-20,15,6,9,7,8,-20,5,-20,6,83,10,7,-20,-20,16,7,14,14,9,8,7,18,5,13,21,4,5,8,-20,-20,14,9,5,8,8,8,28,11,5,14,23,19,12,77,15,13,12,11,3,5,6,10,9,-20,8,10,11,9,9,12,9,33,10,9,10,12,10,18,18,16,4,10,10,16,9,16,10,5,9,8,9,-20,8,7,12,14,13,5,10,39,29,15,18,8,11,-20,8,8,-20,9,-20,3,7,12,11,16,14,-20,12,11,12,14,12,5,7,26,10,-20,10,7,8,6,34,4,19,40,37,48,28,15,34,44,4,6,22,24,8,4,37,-20,6,28,7,10,-20,32,9,6,14,19,4,10,10,19,10,10,11,7,-20,5,15,19,-20,18,4,12,10,16,15,31,-20,10,34,21,9,8,9,35,8,45,13,9,-20,17,14,11,-20,6,21,43,31,21,44,30,28,21,23,18,12,9,-20,14,10,14,9,12,11,12,13,5,12,5,14,30,25,18,23,9,37,7,7,16,8,30,9,10,19,12,21,-20,-20,-20,16,30,8,67,29,37,47,34,15,25,23,14,42,22,14,18,8,20,30,37,39,24,6,22,22,51,9,-20,10,6,11,37,10,17,16,34,31,13,47,4,27,10,48,12,22,11,12,16,10,16,13,6,20,9,11,12,9,7,6,8,5,9,13,5,11,5,10,9,10,9,10,4,16,4,5,10,17,7,7,21,9,-20,9,13,13,10,17,5,9,8,12,9,10,10,11,5,13,7,7,6,5,4,8,14,8,5,-20,11,4,9,13,14,-20,10,4,4,-20,8,6,10,9,20,13,11,11,9,11,4,14,5,8,7,5,9,7,15,9,13,18,7,5,12,5,9,9,5,10,7,23,-20,10,7,13,4,5,9,6,3,4,9,3,21,3,4,7,4,11,5,10,10,8,14,8,9,8,8,6,5,3,6,7,4,4,7,3,9,7,11,6,6,7,9,10,6,4,10,3,18,5,25,10,13,12,10,8,6,17,13,-20,-20,-20,-20,-20,-20,4,-20,-20,30,8,12,13,4,7,17,11,19,-20,-20,10,-20,12,5,13,7,16,11,14,9,10,6,6,14,13,5,3,8,15,8,3,7,-20,13,5,14,8,3,5,-20,7,6,10,2,8,5,10,5,10,12,-20,5,-20,9,-20,10,57,7,11,16,8,11,8,9,10,22,20,15,11,10,-20,16,14,8,12,16,6,-20,16,5,16,13,5,12,-20,14,15,8,18,11,7,-20,-20,12,22,6,15,12,5,12,-20,4,-20,7,11,6,8,5,9,8,7,6,-20,-20,11,12,6,9,7,5,8,6,6,6,12,5,11,7,6,4,4,5,5,3,8,11,11,-20,8,-20,2,6,-20,3,4,5,3,-20,3,6,5,3,6,7,7,15,9,-20,8,16,5,13,8,9,11,3,4,-20,7,7,10,7,38,8,5,8,5,9,3,-20,7,15,10,6,4,8,6,4,5,9,-20,10,9,12,7,6,10,-20,6,3,-20,10,15,4,-20,9,9,-20,-20,7,-20,-20,13,-20,4,7,3,10,4,11,2,2,7,4,-20,9,15,-20,-20,5,-20,4,-20,-20,4,-20,-20,7,5,3,6,-20,-20,6,-20,6,6,4,-20,-20,4,7,7,-20,-20,-20,-20,9,-20,-20,7,16,9,13,4,4,6,-20,-20,10,13,11,6,5,4,-20,9,5,90,21,8,32,-20,23,30,20,65,38,30,87,65,59,37,51,52,51
"chr3,14742667",-20,-20,-20,5,-20,-20,3,-20,-20,-20,-20,10,18,13,8,18,37,8,62,37,36,-20,38,20,39,23,14,24,20,3,8,7,8,9,44,36,18,18,17,6,6,28,10,9,6,44,6,62,11,16,15,27,49,33,27,26,47,31,19,30,24,22,30,20,24,23,22,30,42,14,23,18,16,32,26,38,15,8,10,9,9,14,14,5,-20,20,26,36,36,16,10,23,21,21,15,21,21,33,4,28,26,28,4,12,29,28,-20,20,27,10,-20,3,-20,-20,-20,-20,6,-20,-20,3,9,-20,6,-20,-20,-20,-20,-20,-20,-20,-20,-20,-20,3,4,-20,-20,-20,-20,6,-20,-20,7,8,-20,-20,-20,7,5,-20,6,10,22,24,40,12,9,5,57,20,-20,2,-20,-20,-20,9,-20,-20,4,11,29,53,32,15,9,15,9,6,13,77,8,13,13,-20,9,5,16,18,6,13,31,16,-20,4,3,8,11,12,18,16,11,16,18,25,31,16,22,26,14,36,51,32,20,18,11,8,28,7,11,8,14,12,28,27,13,7,10,14,21,27,30,25,-20,32,5,6,16,8,10,12,14,12,12,16,11,24,15,18,12,21,19,7,14,9,6,16,10,14,11,14,3,19,12,22,9,17,15,18,22,22,11,32,11,37,11,12,36,32,21,42,9,13,11,23,6,21,10,5,11,15,5,25,5,16,56,28,36,-20,-20,5,20,4,-20,-20,12,17,25,-20,25,18,27,34,26,29,6,6,5,5,14,35,8,14,15,17,8,4,3,10,12,31,7,18,-20,6,28,8,9,15,67,10,18,-20,14,-20,4,12,3,8,21,19,8,10,9,-20,7,18,6,7,12,24,13,22,4,10,6,4,-20,6,9,14,4,11,5,55,15,9,13,63,5,20,22,8,3,11,12,17,18,14,-20,13,6,9,6,8,-20,5,-20,7,83,10,-20,-20,-20,16,8,14,14,9,8,7,18,5,13,19,4,5,8,-20,-20,14,9,5,7,8,-20,28,11,5,14,23,19,12,76,15,13,12,11,3,5,6,10,9,-20,8,10,12,9,9,12,9,32,10,9,10,12,10,18,18,15,4,10,9,17,9,16,10,5,9,8,9,-20,8,7,12,14,13,5,10,40,28,16,18,8,11,-20,8,8,-20,9,-20,3,7,10,11,16,14,-20,12,11,12,14,12,5,7,26,10,-20,10,7,8,6,35,4,19,40,37,47,29,15,34,46,4,6,23,24,8,4,37,10,6,29,7,11,-20,31,9,6,14,19,4,10,10,21,10,11,11,-20,20,5,15,19,8,19,4,12,10,16,14,31,7,9,34,20,8,8,8,36,9,45,13,9,5,15,14,11,-20,6,21,43,31,21,42,31,27,21,23,18,12,9,37,14,10,15,-20,12,11,12,13,5,12,5,14,31,25,18,24,9,38,7,7,17,8,30,9,10,19,12,20,-20,-20,-20,16,30,-20,68,28,37,49,31,15,24,23,14,41,24,13,19,8,20,28,38,37,23,6,22,23,52,9,3,10,6,11,37,10,15,16,36,31,13,53,4,27,9,48,12,21,11,12,19,10,16,13,6,20,9,11,12,9,7,6,8,5,9,13,5,12,5,10,9,10,9,11,4,16,4,5,11,18,7,7,21,9,-20,9,13,13,10,17,5,9,8,12,9,10,10,11,5,12,7,7,6,5,4,-20,15,8,5,-20,11,4,9,13,14,-20,10,4,4,-20,10,6,10,9,20,13,11,11,9,11,4,14,5,8,7,4,9,7,14,9,13,18,7,5,12,5,9,9,5,10,7,23,-20,10,7,13,4,5,9,6,3,4,9,3,21,3,4,7,4,11,5,10,10,8,14,8,10,8,8,6,5,3,6,7,4,4,7,3,10,7,11,6,6,7,9,10,6,4,10,3,18,5,25,10,13,12,10,8,6,17,13,-20,-20,-20,-20,-20,-20,4,-20,-20,30,8,12,13,4,7,17,11,19,-20,9,10,8,12,5,13,7,16,11,14,9,11,6,6,14,13,5,3,8,15,8,3,7,-20,13,5,14,8,3,5,-20,7,6,10,2,8,5,11,5,10,12,-20,5,-20,9,-20,10,57,6,11,16,8,11,8,9,10,22,20,15,11,10,-20,16,14,8,12,16,6,9,16,5,16,13,5,12,-20,14,15,8,18,11,7,-20,-20,14,22,6,15,12,5,12,-20,4,-20,7,11,6,8,5,9,8,7,7,-20,-20,11,12,6,9,7,4,8,6,6,6,12,5,11,7,6,4,4,5,5,3,8,11,11,-20,8,-20,2,6,-20,3,4,5,3,3,3,6,5,3,6,7,7,15,9,-20,8,16,5,13,8,9,11,3,4,-20,7,7,11,7,38,8,5,8,5,12,3,-20,8,15,11,6,4,8,6,4,5,10,-20,10,9,12,7,6,10,-20,6,3,-20,10,16,4,-20,9,9,-20,-20,12,2,7,12,9,4,7,4,11,4,11,-20,2,9,4,9,9,16,-20,-20,4,-20,3,11,6,5,-20,-20,7,5,3,-20,-20,-20,6,16,7,5,-20,-20,-20,4,8,8,-20,8,7,-20,7,-20,-20,6,14,10,15,4,5,6,-20,-20,12,11,13,5,8,4,3,-20,5,89,21,8,32,36,23,30,20,64,39,30,88,65,59,37,51,51,50
"chr3,14742670",-20,-20,-20,-20,-20,3,3,-20,-20,-20,-20,10,18,13,5,17,33,8,59,34,34,-20,37,19,34,23,11,24,20,-20,8,7,8,9,42,35,18,15,17,6,6,26,10,9,6,46,6,55,10,21,14,25,46,33,22,26,47,29,19,28,24,22,28,18,23,22,20,30,41,14,23,17,16,31,24,36,15,8,10,9,9,13,13,5,-20,20,26,36,36,15,10,22,21,21,14,19,20,31,4,28,25,26,4,12,28,27,-20,20,25,10,-20,3,-20,-20,-20,-20,5,-20,-20,3,9,-20,6,-20,-20,-20,-20,-20,-20,-20,-20,-20,-20,3,4,-20,-20,-20,-20,6,-20,-20,7,9,-20,-20,-20,7,5,-20,6,9,22,23,41,10,9,5,56,20,-20,2,-20,-20,-20,8,-20,-20,4,10,27,52,35,14,9,11,9,-20,12,78,-20,12,11,-20,9,6,-20,18,5,11,30,14,-20,4,3,7,10,12,16,19,-20,16,16,23,29,13,22,24,13,35,49,29,20,13,11,-20,22,5,12,7,-20,12,26,28,-20,7,-20,12,22,27,30,24,-20,32,3,6,13,7,10,12,13,12,11,16,10,23,15,16,12,20,19,7,13,8,6,16,-20,14,10,12,3,19,10,21,8,16,16,19,20,22,11,27,10,37,10,11,-20,-20,20,-20,8,13,10,22,-20,21,10,4,11,11,4,24,5,14,51,22,32,-20,-20,4,-20,4,-20,-20,12,17,23,-20,24,18,25,33,23,25,6,5,5,4,14,34,8,12,14,18,8,4,-20,11,12,31,7,18,-20,6,27,8,8,13,64,8,18,-20,14,-20,4,11,3,7,21,19,8,10,9,8,5,18,6,7,10,22,14,21,4,9,6,4,-20,6,9,-20,4,10,6,51,15,10,13,63,3,20,20,8,3,11,10,13,18,15,-20,12,6,8,5,-20,-20,4,-20,7,82,10,8,-20,-20,14,6,11,15,8,8,6,18,5,13,14,4,5,8,-20,8,14,8,5,7,7,8,26,10,5,12,22,16,12,72,14,11,11,11,3,5,5,10,9,-20,8,9,12,7,7,11,9,31,10,9,11,12,9,18,18,12,4,10,9,15,8,15,10,4,7,8,9,-20,8,7,12,13,13,6,10,37,27,16,18,8,11,-20,8,8,-20,-20,-20,3,7,9,10,16,14,-20,9,9,12,14,12,5,7,24,10,-20,-20,6,-20,6,35,4,16,39,37,47,29,15,33,42,4,6,19,23,8,4,31,10,6,30,7,11,-20,30,8,5,13,19,4,-20,10,19,10,11,11,6,20,4,15,19,6,17,4,12,11,15,13,31,7,9,32,16,8,8,8,33,8,40,13,7,5,13,11,11,-20,6,19,39,29,21,41,29,25,19,21,-20,11,8,34,-20,-20,12,-20,12,11,12,12,5,12,5,15,31,-20,18,22,9,38,7,-20,17,-20,29,9,10,20,12,21,-20,-20,-20,13,30,7,65,28,37,47,30,12,21,18,-20,37,20,15,18,8,20,27,37,36,22,7,20,21,52,9,3,10,4,10,36,9,15,12,33,31,11,50,4,27,9,45,12,21,11,12,19,-20,16,13,5,20,9,11,12,9,7,6,8,5,9,13,5,11,5,10,8,10,9,11,4,16,4,5,11,18,7,5,20,9,-20,9,13,12,10,17,5,-20,8,13,9,10,10,11,5,13,7,7,6,5,4,6,15,8,5,-20,10,4,9,13,14,-20,9,4,4,-20,-20,6,10,9,20,13,10,11,8,11,4,14,5,8,7,4,9,7,14,9,13,18,8,5,11,5,9,9,5,11,7,23,-20,10,7,13,4,5,9,5,3,4,8,3,21,3,4,7,4,11,5,10,10,8,14,8,10,8,7,6,5,3,6,7,4,4,7,-20,10,6,11,6,6,8,8,10,6,4,10,3,18,5,24,10,13,13,10,-20,6,17,13,-20,-20,-20,-20,-20,-20,4,-20,-20,30,8,12,13,4,7,17,11,20,-20,9,10,8,12,5,12,6,16,10,14,9,11,6,6,13,13,5,3,8,15,8,3,7,-20,12,5,13,8,3,4,-20,-20,6,10,2,8,5,11,5,10,12,-20,5,-20,7,-20,11,52,6,11,15,8,11,8,-20,11,22,21,15,12,10,-20,16,13,8,12,16,6,9,16,4,16,13,5,12,-20,14,16,9,17,11,5,-20,-20,14,22,6,15,12,5,12,-20,4,-20,7,11,6,8,5,9,8,7,7,-20,-20,11,11,6,9,7,4,8,6,6,6,-20,5,11,7,6,4,4,5,5,3,8,11,11,-20,8,-20,2,6,-20,3,4,5,3,3,3,6,5,3,6,7,7,15,9,-20,8,16,5,11,8,9,10,-20,4,-20,6,7,11,5,38,8,5,8,5,12,3,9,8,15,11,6,4,8,7,-20,5,10,-20,10,9,12,7,6,10,-20,6,3,-20,10,16,4,-20,9,9,-20,-20,8,-20,5,8,11,4,7,-20,-20,3,7,-20,2,6,-20,9,7,14,-20,-20,-20,-20,-20,10,-20,5,-20,-20,3,-20,3,-20,-20,-20,6,13,7,6,-20,-20,-20,5,8,6,-20,-20,7,-20,-20,-20,8,5,14,9,14,-20,5,-20,-20,-20,-20,11,10,4,9,-20,-20,-20,5,90,18,8,32,31,24,28,20,60,37,30,88,62,64,36,52,48,52
"chr3,14742671",-20,-20,-20,-20,-20,3,3,-20,-20,-20,-20,9,19,13,5,16,35,8,57,32,33,-20,36,19,36,22,11,24,20,-20,8,7,8,9,44,34,18,15,17,-20,6,23,10,9,6,43,6,-20,10,21,14,-20,-20,31,-20,26,47,28,17,28,24,22,30,17,22,22,19,29,40,13,23,18,16,31,24,35,15,8,10,9,9,13,12,5,-20,20,25,32,33,15,10,22,21,21,14,18,20,31,4,28,25,27,4,12,26,26,-20,20,27,9,-20,3,-20,-20,-20,-20,-20,-20,-20,3,9,-20,6,-20,-20,-20,-20,-20,-20,-20,-20,-20,-20,3,-20,-20,-20,-20,-20,6,-20,-20,7,9,-20,-20,-20,-20,-20,-20,6,-20,22,21,40,9,9,5,56,18,-20,2,-20,-20,-20,8,-20,-20,4,11,-20,47,-20,13,9,-20,9,-20,11,77,8,12,-20,-20,8,5,-20,16,5,11,30,-20,-20,4,3,7,8,12,16,-20,9,16,-20,22,29,12,21,24,12,-20,-20,26,-20,12,11,-20,19,5,11,7,-20,12,26,27,11,7,-20,12,-20,27,30,24,-20,32,3,-20,-20,7,10,11,13,11,-20,16,10,21,-20,15,-20,-20,19,7,-20,8,-20,16,-20,14,-20,12,3,17,10,19,8,16,16,18,20,20,11,24,-20,36,10,-20,-20,-20,21,-20,-20,13,10,19,6,21,10,4,-20,11,4,-20,-20,-20,-20,-20,32,-20,-20,4,20,4,-20,-20,12,18,23,-20,25,18,25,32,22,24,6,5,-20,4,14,32,8,-20,14,-20,-20,-20,-20,11,12,30,-20,-20,-20,6,25,8,8,13,-20,-20,17,-20,-20,-20,4,11,-20,7,21,18,-20,10,-20,8,5,16,-20,7,-20,-20,14,21,4,9,6,4,-20,6,9,-20,4,10,6,51,15,10,13,62,3,20,-20,8,3,10,8,13,20,12,-20,12,6,-20,5,-20,-20,4,-20,7,-20,10,-20,-20,-20,-20,-20,10,15,8,8,6,15,-20,13,13,4,5,8,-20,7,-20,8,5,-20,7,8,26,10,5,-20,-20,16,12,73,14,9,11,11,-20,-20,5,8,9,-20,8,9,11,6,6,-20,-20,29,10,9,11,12,9,18,17,12,4,10,9,14,8,12,10,-20,7,8,9,-20,8,-20,12,13,12,6,9,35,26,16,18,8,11,-20,8,-20,-20,8,-20,3,7,8,9,16,11,-20,9,-20,12,-20,11,5,7,24,-20,-20,10,-20,-20,-20,35,3,-20,35,36,46,30,15,34,42,4,6,17,22,8,4,29,-20,6,27,7,10,-20,31,-20,-20,13,18,-20,10,10,-20,-20,11,11,6,-20,4,15,19,5,16,4,11,11,13,12,29,-20,9,32,-20,8,-20,8,34,8,40,-20,8,-20,14,-20,-20,-20,6,17,38,-20,21,41,29,25,22,-20,-20,11,8,36,14,9,11,-20,12,11,12,12,5,12,5,15,30,25,18,22,-20,37,7,7,16,8,28,9,10,20,12,19,-20,-20,-20,13,-20,-20,62,-20,-20,47,29,13,20,18,-20,38,-20,15,-20,8,-20,27,30,36,21,7,-20,18,51,9,-20,9,-20,10,36,9,14,12,33,28,10,-20,4,-20,-20,46,12,19,11,10,-20,-20,16,13,5,18,10,11,12,9,7,6,8,5,9,13,5,-20,5,10,-20,10,9,10,4,15,4,5,11,17,7,-20,20,9,-20,9,13,12,10,17,5,9,8,12,9,10,10,10,-20,12,7,7,6,5,4,6,15,8,5,-20,10,4,9,12,14,-20,9,4,4,-20,10,6,9,9,20,13,10,10,7,10,4,14,5,8,7,4,9,7,14,9,12,18,8,5,11,5,8,9,-20,11,7,23,-20,10,7,11,4,5,9,5,3,4,8,3,21,3,4,7,4,10,5,10,10,8,14,8,10,8,7,6,5,3,6,-20,4,3,7,-20,10,6,-20,6,6,8,5,8,5,4,10,3,18,5,24,9,13,13,10,7,6,16,13,-20,-20,-20,-20,-20,-20,4,-20,-20,30,8,12,13,3,-20,17,10,-20,-20,-20,-20,8,12,5,12,6,15,9,14,-20,-20,6,6,13,13,5,3,8,15,8,3,7,-20,12,-20,12,8,3,4,-20,-20,6,10,2,7,5,-20,5,10,12,-20,4,-20,7,-20,11,49,6,11,15,8,11,8,-20,11,-20,21,15,-20,9,-20,16,13,8,11,16,6,9,16,4,14,13,5,12,-20,14,15,8,-20,11,5,-20,-20,14,21,6,15,11,5,-20,-20,4,-20,-20,11,6,8,5,9,8,7,7,-20,-20,11,10,6,9,7,4,8,6,-20,6,-20,-20,11,6,6,4,4,5,5,3,8,11,-20,-20,8,-20,2,6,-20,3,4,5,-20,-20,3,6,4,3,5,6,7,15,9,-20,8,15,5,12,8,9,11,-20,4,-20,6,7,10,5,37,8,5,8,5,12,3,9,8,15,11,7,4,8,7,4,5,10,-20,10,9,-20,7,6,10,-20,6,3,-20,10,15,4,-20,9,7,-20,-20,-20,-20,-20,6,10,-20,-20,6,-20,4,-20,-20,2,7,-20,-20,8,13,-20,-20,-20,-20,-20,-20,-20,-20,-20,-20,-20,-20,3,-20,-20,-20,-20,12,6,-20,-20,-20,-20,4,-20,4,-20,-20,-20,-20,6,-20,-20,-20,16,10,-20,-20,4,-20,-20,-20,10,-20,12,-20,-20,-20,-20,-20,5,-20,17,8,31,30,26,30,20,61,37,29,88,61,64,35,52,47,52
"chr3,14742674",-20,3,-20,5,-20,3,3,-20,-20,-20,-20,-20,20,15,6,17,-20,9,55,33,-20,-20,37,-20,36,22,11,22,16,-20,8,-20,8,-20,48,-20,19,17,-20,-20,-20,-20,-20,-20,-20,-20,-20,52,-20,-20,12,30,-20,-20,-20,-20,44,-20,14,28,23,-20,31,19,24,22,20,-20,41,12,23,-20,-20,-20,26,35,-20,-20,-20,9,-20,13,14,5,-20,21,22,32,33,16,10,23,21,22,13,19,20,-20,3,-20,27,-20,4,-20,26,25,-20,22,29,9,-20,3,-20,-20,-20,-20,-20,-20,-20,3,-20,-20,-20,-20,-20,-20,-20,-20,-20,-20,-20,-20,-20,-20,-20,-20,-20,-20,-20,6,-20,-20,7,-20,-20,-20,-20,-20,5,-20,6,9,-20,-20,-20,9,6,-20,46,-20,-20,2,-20,-20,-20,8,-20,-20,2,10,29,-20,-20,13,-20,14,9,-20,-20,-20,-20,-20,-20,-20,8,4,17,-20,6,11,-20,-20,-20,4,-20,-20,-20,-20,16,18,9,-20,16,22,-20,10,-20,-20,-20,36,51,27,26,-20,11,8,23,-20,-20,8,16,12,27,31,-20,7,14,10,22,-20,-20,-20,-20,-20,3,-20,15,8,-20,12,-20,-20,-20,16,-20,23,13,-20,17,-20,-20,-20,-20,-20,-20,-20,9,-20,7,-20,-20,17,-20,-20,8,14,15,18,22,-20,11,24,10,-20,10,14,36,-20,17,43,8,-20,-20,19,-20,-20,9,-20,10,13,5,-20,5,14,53,25,31,-20,-20,4,20,4,-20,-20,10,19,21,-20,27,18,25,-20,21,-20,6,-20,-20,4,-20,29,-20,-20,14,-20,9,4,-20,9,11,30,7,-20,-20,5,26,-20,-20,13,61,10,-20,-20,-20,-20,-20,-20,3,9,19,-20,-20,-20,-20,-20,-20,-20,5,-20,-20,24,-20,22,-20,11,8,-20,-20,-20,10,14,4,-20,-20,51,15,-20,14,59,3,20,22,-20,4,-20,9,-20,23,11,-20,15,-20,9,-20,-20,-20,-20,-20,-20,83,10,8,-20,-20,14,10,-20,14,-20,8,-20,16,-20,-20,-20,-20,5,-20,-20,-20,14,-20,-20,6,-20,-20,27,11,-20,14,20,-20,-20,74,-20,-20,-20,-20,4,5,5,-20,-20,-20,-20,10,-20,-20,-20,11,-20,26,-20,9,10,10,-20,18,-20,12,-20,9,12,14,-20,-20,10,4,-20,6,-20,-20,-20,-20,13,-20,13,6,-20,38,26,16,-20,-20,12,-20,-20,10,-20,9,-20,3,-20,-20,-20,-20,-20,-20,-20,9,-20,-20,-20,-20,-20,23,-20,-20,10,6,-20,-20,-20,4,-20,-20,-20,45,31,15,28,42,4,-20,18,24,9,4,-20,-20,5,-20,-20,10,-20,29,-20,5,-20,-20,-20,10,11,19,10,-20,-20,-20,-20,-20,-20,-20,5,-20,-20,-20,12,-20,13,-20,-20,-20,-20,19,-20,10,-20,35,-20,-20,11,-20,-20,-20,13,10,-20,-20,-20,37,33,20,39,28,25,26,-20,17,-20,8,35,-20,9,-20,8,12,-20,11,11,4,13,5,15,30,-20,18,21,10,36,7,7,-20,8,28,8,10,20,12,19,-20,-20,-20,-20,26,7,56,32,33,-20,-20,13,22,20,16,-20,20,14,21,-20,-20,-20,33,-20,21,8,17,-20,-20,-20,-20,7,-20,9,38,8,15,11,-20,31,-20,45,-20,25,-20,46,13,19,-20,-20,-20,-20,-20,-20,6,-20,-20,10,-20,9,7,-20,8,-20,-20,13,-20,11,-20,-20,-20,-20,-20,-20,-20,14,-20,-20,10,-20,-20,-20,20,9,-20,-20,13,12,-20,17,-20,9,8,12,-20,10,-20,10,-20,13,-20,7,-20,-20,4,-20,15,-20,-20,-20,-20,-20,-20,-20,-20,-20,-20,-20,4,-20,10,6,-20,9,-20,13,-20,-20,7,-20,4,13,-20,8,-20,-20,-20,7,-20,-20,-20,-20,8,-20,-20,-20,-20,9,5,-20,7,-20,-20,10,6,-20,4,-20,-20,5,3,4,8,3,20,3,4,-20,3,-20,5,-20,10,8,13,-20,-20,-20,-20,6,-20,3,-20,7,-20,-20,-20,3,10,6,10,6,-20,8,-20,8,5,4,10,3,17,5,21,9,13,13,10,7,6,17,12,-20,-20,-20,-20,-20,-20,-20,-20,-20,-20,-20,-20,-20,4,7,-20,-20,20,3,-20,11,-20,12,-20,12,6,14,-20,14,-20,10,-20,6,-20,-20,5,3,-20,14,8,3,7,-20,11,6,13,8,3,4,-20,6,6,-20,2,7,-20,11,5,10,11,-20,-20,-20,-20,-20,-20,50,-20,12,14,-20,-20,8,10,11,20,19,17,11,9,-20,15,-20,8,10,15,-20,9,-20,-20,-20,13,-20,-20,-20,14,15,8,18,11,5,-20,-20,14,20,-20,14,10,-20,-20,-20,4,-20,-20,11,-20,-20,-20,-20,8,-20,7,-20,-20,10,-20,-20,9,-20,-20,8,-20,5,-20,13,-20,11,-20,-20,-20,4,-20,-20,-20,8,11,-20,-20,8,-20,-20,6,-20,-20,5,-20,-20,-20,3,-20,-20,3,4,-20,7,-20,-20,-20,8,-20,6,12,-20,9,10,-20,4,-20,-20,7,10,-20,36,-20,-20,-20,-20,13,3,9,-20,-20,11,-20,4,-20,-20,4,5,-20,-20,12,9,10,7,-20,-20,-20,-20,3,-20,-20,16,4,-20,9,-20,-20,-20,10,3,5,-20,10,-20,-20,6,-20,-20,-20,-20,-20,-20,-20,-20,-20,-20,-20,-20,-20,-20,-20,-20,4,-20,-20,-20,-20,-20,3,-20,-20,-20,-20,10,7,-20,4,-20,-20,4,-20,-20,-20,-20,5,-20,6,-20,-20,4,18,-20,-20,-20,5,-20,-20,-20,-20,11,-20,-20,7,-20,-20,-20,6,94,17,10,-20,-20,25,-20,-20,-20,-20,-20,-20,61,61,36,-20,-20,-20
"chr3,14742675",-20,3,-20,5,-20,3,3,-20,-20,-20,-20,-20,22,14,6,17,-20,-20,54,32,-20,-20,40,-20,38,24,10,21,14,-20,8,-20,8,-20,46,35,20,17,18,-20,6,22,-20,-20,-20,-20,-20,50,-20,-20,12,29,-20,-20,-20,25,44,26,13,29,24,-20,30,19,23,20,20,-20,41,12,23,-20,-20,30,26,34,-20,-20,10,9,-20,13,16,5,-20,21,21,31,32,18,11,24,21,27,15,19,19,-20,3,-20,29,-20,4,11,25,25,-20,22,30,9,-20,3,-20,-20,-20,-20,-20,-20,-20,3,-20,7,-20,-20,-20,-20,-20,-20,-20,-20,-20,-20,-20,-20,-20,-20,-20,-20,-20,6,-20,-20,7,-20,-20,-20,-20,-20,5,-20,6,9,20,-20,-20,9,5,5,-20,-20,-20,-20,-20,-20,-20,8,-20,-20,2,10,28,-20,-20,13,-20,14,-20,-20,-20,-20,-20,-20,-20,-20,8,4,19,-20,6,10,-20,-20,-20,-20,3,7,-20,-20,14,17,11,-20,18,22,32,10,-20,22,-20,36,52,26,26,-20,12,9,27,5,-20,8,15,-20,-20,31,-20,7,15,-20,21,-20,29,-20,-20,-20,3,-20,14,8,-20,-20,14,-20,-20,15,-20,24,13,16,17,-20,-20,10,-20,-20,-20,-20,9,10,7,11,5,18,-20,-20,8,-20,17,20,22,-20,-20,23,10,-20,10,13,36,-20,19,43,-20,-20,9,-20,5,26,-20,-20,10,13,5,-20,-20,14,46,21,32,-20,-20,4,19,4,-20,-20,10,19,21,-20,27,18,25,-20,21,-20,6,-20,-20,4,-20,31,-20,-20,14,-20,9,4,-20,-20,11,30,6,-20,-20,4,25,-20,-20,-20,61,10,-20,-20,-20,-20,-20,-20,3,9,19,20,-20,-20,-20,-20,5,17,4,-20,-20,25,-20,22,-20,-20,-20,-20,-20,-20,10,14,4,-20,7,50,15,-20,15,57,3,19,22,-20,4,-20,9,14,23,10,-20,15,-20,10,-20,-20,-20,-20,-20,-20,83,10,8,-20,-20,15,10,-20,14,-20,8,-20,17,-20,12,-20,3,5,-20,-20,-20,14,-20,-20,6,-20,10,-20,12,4,14,20,-20,-20,74,-20,-20,-20,-20,4,5,5,-20,-20,-20,-20,10,-20,-20,7,12,-20,24,-20,9,10,-20,-20,18,-20,12,-20,-20,14,14,-20,-20,10,4,-20,6,-20,-20,-20,-20,-20,-20,13,6,-20,39,27,16,-20,-20,12,-20,-20,10,-20,9,-20,-20,-20,-20,9,16,-20,-20,8,10,-20,-20,-20,-20,-20,20,-20,-20,-20,-20,-20,-20,-20,4,-20,34,36,45,33,15,-20,42,4,6,19,-20,9,4,29,-20,5,-20,7,10,-20,-20,-20,4,10,-20,5,9,11,19,10,-20,-20,-20,-20,4,-20,-20,5,-20,-20,-20,12,-20,13,-20,-20,-20,-20,18,-20,10,-20,35,-20,-20,11,-20,-20,15,-20,11,-20,-20,18,-20,33,20,37,29,25,27,19,17,15,8,35,-20,9,-20,8,11,-20,12,11,-20,13,-20,16,30,-20,17,-20,10,38,7,7,-20,8,28,8,10,20,12,19,-20,-20,-20,10,26,7,-20,31,32,-20,-20,15,22,21,18,-20,20,-20,22,-20,22,-20,35,-20,-20,8,17,18,-20,-20,-20,7,3,9,36,8,17,14,35,31,-20,45,3,24,-20,45,13,19,15,-20,-20,-20,16,-20,-20,-20,9,11,-20,9,7,6,8,5,-20,13,5,11,-20,-20,-20,-20,-20,10,-20,13,-20,-20,-20,18,-20,-20,20,9,-20,-20,13,13,-20,17,-20,9,8,12,-20,10,9,10,-20,13,7,7,-20,-20,4,6,15,-20,-20,-20,-20,-20,9,-20,-20,-20,9,-20,4,-20,10,-20,9,9,20,13,-20,-20,7,10,4,-20,-20,8,-20,-20,-20,7,13,9,-20,-20,8,-20,-20,-20,-20,-20,5,-20,-20,-20,-20,-20,-20,-20,4,-20,9,5,3,4,-20,3,19,3,-20,-20,3,-20,-20,-20,-20,-20,-20,-20,-20,-20,-20,6,5,3,6,7,4,3,-20,3,10,5,10,6,-20,-20,-20,8,5,-20,10,3,17,5,21,9,13,13,10,7,6,17,11,-20,-20,-20,-20,-20,-20,4,-20,-20,28,8,12,13,-20,7,-20,-20,20,3,-20,11,-20,12,-20,12,6,14,-20,13,-20,10,6,6,-20,-20,5,3,8,14,8,3,7,-20,-20,6,12,7,-20,-20,-20,6,6,10,2,7,-20,11,5,10,-20,-20,-20,-20,-20,-20,-20,49,-20,11,12,8,-20,8,10,11,20,19,17,11,9,-20,15,-20,8,10,-20,-20,9,-20,-20,-20,-20,-20,-20,-20,13,15,-20,18,11,5,-20,-20,14,20,-20,14,10,5,-20,-20,-20,-20,-20,11,-20,-20,-20,-20,8,-20,7,-20,-20,-20,-20,6,9,-20,-20,8,-20,5,-20,13,-20,11,-20,6,-20,4,-20,-20,-20,8,11,-20,-20,8,-20,2,6,-20,-20,5,-20,-20,-20,3,6,4,3,-20,-20,7,-20,-20,-20,8,-20,6,12,-20,9,10,-20,4,-20,-20,7,10,5,36,-20,-20,8,-20,13,3,-20,8,-20,11,-20,4,-20,-20,4,5,-20,-20,12,9,-20,7,-20,-20,-20,-20,3,-20,-20,16,4,-20,9,6,-20,-20,-20,-20,-20,-20,9,3,-20,6,-20,-20,-20,-20,-20,-20,-20,-20,-20,-20,-20,-20,4,-20,-20,-20,-20,4,-20,-20,-20,-20,3,-20,5,-20,6,11,7,3,-20,-20,-20,3,-20,-20,-20,-20,-20,-20,5,-20,-20,-20,-20,-20,-20,4,6,-20,-20,-20,-20,10,-20,-20,8,-20,-20,-20,6,97,16,10,-20,-20,26,-20,-20,-20,41,-20,-20,61,58,36,-20,-20,-20
"chr3,14742676",-20,3,-20,5,-20,3,3,-20,-20,-20,-20,-20,22,15,6,17,-20,11,54,31,-20,-20,38,-20,37,24,12,19,14,-20,8,6,8,8,47,36,21,15,18,6,-20,-20,8,11,6,43,6,51,10,22,12,30,54,35,-20,24,43,-20,12,29,26,-20,31,19,24,21,20,-20,42,11,23,-20,15,30,25,35,-20,-20,10,9,-20,13,16,5,-20,20,19,33,34,19,11,22,21,27,16,20,19,-20,3,-20,29,-20,5,-20,24,25,-20,23,29,9,-20,3,-20,-20,-20,-20,5,-20,-20,3,-20,7,-20,-20,-20,-20,-20,-20,-20,-20,-20,-20,-20,-20,-20,-20,-20,-20,-20,6,-20,-20,7,9,-20,-20,-20,7,5,-20,6,9,-20,-20,39,9,5,-20,52,20,-20,-20,-20,-20,-20,8,-20,-20,2,11,28,-20,-20,13,-20,14,8,-20,10,86,10,-20,16,-20,9,4,18,14,6,11,24,14,-20,4,3,7,-20,-20,15,17,11,-20,17,22,32,11,17,24,12,38,52,26,26,10,12,9,26,6,12,8,17,12,27,32,-20,7,15,11,22,27,-20,-20,-20,-20,3,7,14,8,12,16,-20,12,-20,15,10,24,13,18,17,19,18,8,14,5,8,18,8,10,7,12,-20,18,9,21,9,16,17,20,22,24,12,21,12,38,12,11,33,-20,19,44,8,-20,9,21,5,28,9,4,12,12,6,-20,5,14,47,12,32,-20,-20,4,21,4,-20,-20,10,18,20,-20,28,18,25,-20,20,23,6,6,6,4,14,33,-20,-20,14,-20,9,4,-20,9,11,31,6,19,-20,4,26,9,9,15,59,10,-20,-20,15,-20,-20,12,3,9,19,20,9,-20,10,-20,4,16,4,-20,14,25,-20,20,-20,-20,9,6,-20,-20,10,14,4,9,-20,50,15,-20,15,60,3,18,22,8,4,13,9,14,24,10,-20,15,-20,10,5,-20,-20,3,-20,7,84,10,8,-20,-20,15,11,9,14,-20,8,-20,17,-20,12,14,3,5,-20,-20,7,14,8,-20,6,5,10,31,12,4,15,24,17,-20,73,14,9,-20,-20,3,5,4,8,-20,-20,8,11,12,6,-20,13,-20,25,9,9,10,10,9,18,16,10,-20,7,13,14,-20,13,9,4,-20,6,8,-20,-20,-20,15,-20,15,6,-20,41,28,16,17,-20,13,-20,-20,10,-20,9,-20,3,8,13,-20,-20,11,-20,-20,10,10,11,-20,5,-20,20,10,-20,9,7,-20,-20,-20,5,17,38,38,43,36,15,28,42,4,6,18,24,9,4,31,-20,5,25,-20,10,-20,30,-20,4,-20,-20,5,9,11,19,10,-20,13,5,15,-20,-20,-20,5,19,-20,-20,12,-20,13,29,6,9,-20,20,-20,10,-20,35,8,38,11,8,7,-20,13,11,-20,-20,-20,39,33,20,38,29,25,28,22,16,15,8,35,-20,9,14,8,11,-20,12,11,4,13,5,17,30,-20,17,21,9,38,7,7,-20,8,30,8,10,20,12,19,-20,-20,-20,14,26,7,60,32,32,48,31,15,23,21,17,37,20,15,22,-20,22,23,37,39,21,8,16,-20,44,10,3,8,3,10,36,8,17,14,35,31,-20,45,-20,24,-20,46,13,19,-20,13,22,-20,-20,-20,-20,-20,9,11,-20,9,7,-20,8,5,9,13,-20,11,5,9,7,11,-20,-20,-20,13,-20,-20,11,18,7,-20,20,9,-20,-20,13,13,-20,17,-20,9,8,12,9,10,9,10,-20,13,-20,7,7,-20,4,-20,15,8,-20,-20,-20,4,9,-20,-20,-20,-20,4,4,-20,10,7,9,9,21,13,-20,-20,7,-20,4,13,-20,8,-20,-20,9,7,-20,9,12,18,8,5,10,-20,-20,9,6,-20,7,-20,-20,10,7,11,4,-20,9,5,3,4,8,3,21,3,4,-20,3,-20,5,-20,10,8,13,-20,10,8,-20,6,-20,3,-20,7,-20,-20,7,3,10,5,10,6,5,8,5,8,5,4,10,3,18,5,22,9,13,14,10,7,7,17,11,-20,-20,-20,-20,-20,-20,-20,-20,-20,29,8,12,13,-20,-20,-20,10,20,3,10,10,8,12,5,12,6,13,-20,14,-20,10,7,6,-20,-20,5,3,8,14,8,3,7,-20,11,6,13,7,3,4,-20,6,6,10,2,7,-20,11,5,10,11,-20,4,-20,-20,-20,11,49,7,12,12,8,-20,7,10,11,20,19,17,11,9,-20,16,-20,8,11,14,6,9,15,5,14,14,-20,12,-20,14,15,8,18,11,6,-20,-20,14,21,6,14,-20,5,13,-20,4,-20,-20,11,-20,-20,6,9,8,-20,7,-20,-20,11,-20,-20,9,7,-20,8,-20,5,6,13,-20,11,6,-20,4,4,-20,-20,-20,8,11,11,-20,8,-20,-20,6,-20,-20,5,5,-20,3,3,-20,-20,3,5,-20,7,-20,-20,-20,8,-20,6,12,8,9,10,-20,4,-20,-20,7,10,-20,36,-20,5,-20,5,13,3,9,8,14,11,6,4,-20,-20,4,5,-20,-20,12,9,10,7,6,-20,-20,-20,3,-20,-20,16,4,-20,9,6,-20,-20,-20,3,6,10,7,3,-20,6,-20,-20,7,-20,-20,8,3,8,5,15,-20,-20,4,-20,-20,-20,5,3,-20,-20,-20,-20,3,-20,5,-20,8,12,7,3,-20,-20,-20,3,6,-20,-20,-20,5,-20,5,-20,5,-20,17,7,13,-20,5,-20,-20,-20,10,12,-20,-20,6,-20,-20,-20,6,97,17,10,-20,-20,26,-20,23,-20,40,52,73,65,60,36,51,45,49
"chr3,14742678",-20,3,-20,5,-20,3,3,-20,-20,-20,-20,9,23,15,6,18,36,9,56,32,34,-20,42,22,38,24,12,18,14,-20,8,6,8,8,50,40,23,17,17,7,6,24,9,7,6,45,6,52,11,22,12,30,52,34,26,26,41,24,13,31,29,21,31,18,24,23,22,35,40,11,23,20,16,32,27,36,19,8,10,9,9,14,16,5,-20,20,19,38,35,20,11,23,21,28,15,19,20,32,3,30,29,25,5,12,25,26,-20,23,34,9,-20,3,-20,-20,-20,-20,-20,-20,-20,3,11,7,6,-20,-20,-20,-20,-20,-20,-20,-20,-20,-20,-20,-20,-20,-20,-20,-20,6,-20,-20,7,9,-20,-20,-20,-20,5,-20,6,10,15,20,40,9,5,6,47,21,-20,-20,-20,-20,-20,8,-20,-20,3,12,27,56,35,15,8,13,9,-20,9,80,10,13,15,-20,9,4,18,13,7,11,25,14,-20,4,3,5,8,10,15,17,13,15,17,21,32,13,16,25,12,37,53,27,25,11,12,8,27,7,10,8,17,10,30,30,9,-20,14,11,24,29,32,23,-20,30,4,6,14,9,14,15,15,12,12,16,10,24,14,19,15,22,19,8,13,5,8,18,9,11,8,12,5,17,9,20,9,16,18,20,26,26,11,19,12,38,13,11,35,35,19,46,7,14,6,22,6,28,9,3,12,13,5,28,4,14,47,14,31,-20,-20,4,18,4,-20,-20,12,18,23,-20,28,19,25,26,21,24,6,6,5,4,13,30,-20,11,14,20,12,4,3,9,12,34,6,18,-20,-20,28,9,9,16,60,11,15,10,13,-20,4,13,4,9,22,20,10,11,10,10,4,16,4,6,13,24,13,21,-20,12,9,4,4,7,10,14,4,9,6,49,17,11,16,58,3,18,21,9,4,13,10,14,24,10,-20,14,6,12,5,8,3,5,-20,7,85,9,8,-20,-20,15,13,9,14,8,7,8,16,5,14,14,3,5,7,-20,6,14,8,5,7,5,10,31,12,5,15,23,19,13,71,13,9,9,8,3,5,4,8,9,-20,8,11,13,5,6,14,10,23,10,9,11,11,9,18,15,10,4,7,13,15,6,14,8,4,6,7,7,-20,7,5,17,13,14,6,9,43,29,15,17,9,16,-20,9,10,-20,10,-20,3,8,14,8,16,10,-20,11,10,9,11,12,-20,6,25,11,-20,7,6,6,7,35,5,18,37,42,47,41,15,31,44,4,6,21,27,9,4,30,10,5,27,8,10,-20,30,7,4,11,21,-20,7,8,19,10,11,13,5,14,4,15,21,6,19,3,11,13,18,14,27,6,9,29,20,10,10,8,36,8,37,12,8,5,17,10,11,-20,8,18,40,34,20,41,29,22,30,23,14,15,8,36,14,9,13,7,11,12,13,12,4,13,5,17,30,26,16,21,9,39,7,7,17,8,30,8,10,20,12,19,-20,-20,-20,13,23,7,65,32,33,51,32,16,22,21,17,38,21,14,21,12,23,24,37,40,23,8,16,21,44,9,3,8,3,10,33,8,18,13,33,32,9,46,3,25,9,52,12,19,18,13,21,13,16,15,6,18,9,11,12,9,7,6,8,5,9,12,7,10,5,9,7,11,9,11,3,14,4,5,11,18,7,-20,20,9,-20,9,13,13,10,17,5,9,8,13,9,10,9,10,5,13,7,7,7,5,4,6,15,8,5,-20,10,4,9,11,14,-20,9,4,4,-20,10,7,9,9,21,13,11,11,7,10,4,13,7,8,9,6,9,7,14,9,12,17,8,5,10,6,9,10,6,11,7,22,-20,10,7,11,4,6,9,5,3,4,8,3,21,3,6,7,3,10,5,10,10,8,15,8,10,8,7,6,5,3,7,-20,4,3,7,3,10,5,11,6,5,8,5,8,5,4,10,3,18,5,22,9,13,14,10,7,7,17,11,-20,-20,-20,-20,-20,-20,4,-20,-20,31,8,12,13,4,7,17,10,20,3,10,10,8,12,5,12,6,14,8,14,10,10,7,6,15,12,5,3,8,15,7,3,7,-20,12,6,13,7,3,4,-20,6,6,11,2,7,6,11,5,11,12,-20,4,-20,7,-20,12,50,7,12,13,8,9,7,10,11,21,21,18,11,9,-20,16,13,8,12,15,6,9,16,5,14,14,5,12,-20,14,15,9,19,11,6,-20,-20,14,21,6,15,13,5,12,-20,4,-20,6,11,6,8,6,9,9,7,7,-20,-20,11,11,5,9,6,4,8,6,5,5,12,5,11,6,6,4,4,6,5,3,8,11,11,-20,8,-20,2,6,-20,3,5,5,-20,3,3,6,4,3,5,7,7,14,9,-20,8,15,6,12,8,9,11,-20,4,-20,5,7,11,5,37,8,5,8,5,13,3,9,8,15,11,6,4,8,7,4,5,10,-20,12,9,12,7,6,10,-20,6,3,-20,10,16,4,-20,9,6,-20,-20,10,4,4,-20,10,3,-20,7,9,-20,6,-20,-20,8,-20,-20,6,12,-20,-20,4,-20,3,-20,-20,3,-20,-20,-20,-20,3,3,5,-20,8,12,7,5,-20,-20,-20,3,-20,-20,-20,5,5,-20,5,-20,6,-20,17,5,11,4,4,-20,-20,-20,12,11,7,4,4,3,-20,7,6,97,17,10,31,32,29,29,25,63,40,59,74,71,57,36,54,47,53
"chr3,14742680",-20,3,-20,5,-20,-20,3,-20,-20,-20,-20,-20,24,16,7,17,-20,12,54,31,-20,-20,39,-20,38,23,12,17,13,-20,8,5,8,8,49,36,22,17,16,-20,6,22,8,7,6,47,7,52,12,20,12,31,-20,-20,22,-20,40,24,12,26,30,-20,30,19,23,21,22,-20,41,10,21,-20,15,29,23,-20,-20,-20,10,9,-20,14,17,5,-20,24,20,34,33,20,11,22,20,28,15,19,20,-20,3,-20,29,-20,5,11,25,24,-20,23,33,-20,-20,3,-20,-20,-20,-20,-20,-20,-20,3,-20,-20,-20,-20,-20,-20,-20,-20,-20,-20,-20,-20,-20,-20,-20,-20,-20,-20,-20,6,-20,-20,7,10,-20,-20,-20,-20,4,-20,5,10,15,-20,37,9,5,6,49,20,-20,-20,-20,-20,-20,8,-20,-20,3,11,34,-20,-20,-20,-20,13,9,-20,9,80,10,-20,-20,-20,9,4,15,13,7,11,27,-20,-20,4,3,6,-20,-20,15,17,11,-20,17,19,32,13,15,25,12,35,51,27,23,-20,12,8,26,8,9,8,17,10,30,28,9,9,14,10,22,-20,29,-20,-20,-20,4,-20,13,9,12,16,15,12,-20,15,10,24,11,-20,15,17,19,7,-20,3,-20,17,9,10,9,12,5,19,7,16,9,16,15,20,24,23,10,17,11,38,12,10,36,-20,20,43,7,-20,6,21,-20,27,10,-20,10,14,5,-20,-20,14,46,13,31,-20,-20,4,19,4,-20,-20,13,19,23,-20,30,19,27,-20,23,24,6,6,-20,4,14,32,-20,-20,15,-20,-20,4,-20,9,11,-20,6,-20,-20,-20,27,8,8,17,57,11,-20,-20,-20,-20,-20,12,4,9,21,-20,-20,-20,-20,-20,4,15,4,-20,13,24,-20,-20,-20,11,9,4,4,-20,10,14,4,9,6,47,16,-20,17,57,3,16,21,9,5,-20,10,14,25,10,-20,12,-20,12,5,-20,3,5,-20,6,86,10,7,-20,-20,13,13,9,14,-20,7,-20,16,-20,-20,14,-20,5,-20,-20,6,14,8,-20,7,4,10,31,12,-20,14,-20,-20,-20,70,13,9,-20,-20,3,5,4,8,-20,-20,8,11,-20,4,6,14,-20,22,10,8,10,11,9,19,15,9,-20,6,12,15,-20,12,7,4,-20,8,7,-20,-20,-20,17,-20,16,5,-20,42,28,15,17,-20,16,-20,-20,10,-20,10,-20,4,8,14,7,14,10,-20,10,9,9,-20,-20,-20,-20,-20,10,-20,6,6,-20,-20,-20,5,-20,-20,-20,44,-20,15,-20,40,4,6,-20,28,9,3,-20,-20,5,25,10,10,-20,28,-20,4,10,-20,-20,7,11,20,10,-20,12,4,-20,4,-20,-20,-20,20,-20,-20,13,-20,12,27,-20,9,-20,-20,-20,10,-20,35,8,36,10,8,-20,16,10,10,-20,-20,18,39,36,19,39,30,23,30,-20,14,16,8,32,-20,9,12,7,11,-20,12,11,4,12,5,17,30,-20,16,-20,9,38,7,7,-20,8,28,8,10,21,13,19,-20,3,-20,14,24,7,64,32,32,48,32,18,21,21,16,34,19,14,21,12,-20,23,36,39,23,8,18,21,47,9,-20,8,3,9,32,7,19,13,31,30,-20,43,3,25,10,54,14,22,18,13,-20,13,16,-20,6,-20,9,11,-20,8,7,6,8,5,9,12,7,9,4,-20,-20,11,-20,10,-20,13,4,-20,10,18,7,-20,20,9,-20,-20,13,12,-20,17,-20,9,8,13,9,10,9,10,-20,13,7,7,7,-20,4,6,14,8,-20,-20,-20,-20,9,-20,-20,-20,9,4,4,-20,9,7,9,9,21,13,-20,-20,7,10,4,13,-20,8,-20,-20,9,7,13,-20,11,15,9,5,-20,-20,-20,10,6,-20,7,-20,-20,10,7,11,4,-20,9,5,4,4,8,3,21,3,6,-20,3,-20,5,-20,10,8,14,-20,10,8,-20,6,5,3,7,-20,4,-20,7,3,10,5,10,6,4,8,5,7,5,5,9,3,18,5,21,8,13,14,9,7,7,17,11,-20,-20,-20,-20,-20,-20,4,-20,-20,29,8,11,13,4,7,-20,10,20,3,-20,10,-20,12,4,12,6,13,-20,14,10,10,8,6,-20,-20,5,3,8,14,7,3,7,-20,11,7,13,7,3,4,-20,6,6,10,2,7,-20,11,5,10,-20,4,4,-20,-20,-20,11,51,7,12,11,8,-20,7,10,11,-20,19,17,11,9,-20,16,12,8,12,14,5,9,15,5,14,14,-20,12,-20,14,15,10,17,10,6,-20,-20,14,20,6,13,12,5,-20,-20,4,-20,-20,11,-20,-20,6,8,9,-20,7,-20,-20,11,-20,5,9,6,-20,8,-20,6,5,12,-20,11,6,6,3,4,-20,-20,-20,7,10,10,-20,8,-20,2,6,-20,-20,5,5,-20,-20,3,6,4,3,5,-20,7,-20,-20,-20,7,-20,6,11,8,9,10,-20,4,-20,-20,7,10,5,34,-20,5,8,4,14,3,9,8,14,12,6,4,-20,-20,4,5,-20,-20,12,9,11,7,-20,-20,-20,-20,3,-20,-20,16,4,-20,9,6,-20,-20,11,4,4,10,10,3,-20,7,-20,-20,-20,-20,-20,9,-20,-20,5,13,-20,-20,3,4,-20,-20,5,-20,-20,-20,4,-20,3,-20,6,-20,7,13,6,5,-20,-20,-20,3,3,-20,-20,-20,4,5,4,-20,-20,-20,16,-20,10,4,4,-20,-20,-20,13,12,-20,-20,5,4,-20,-20,6,96,18,10,-20,-20,28,-20,26,-20,38,64,74,71,56,38,50,46,49
"chr3,14742681",-20,3,-20,5,-20,3,3,-20,-20,-20,-20,10,-20,-20,7,-20,33,10,-20,-20,-20,-20,39,-20,-20,-20,-20,-20,14,-20,8,5,8,-20,-20,-20,20,-20,16,7,-20,21,8,7,6,47,7,50,11,20,12,30,49,36,24,-20,-20,-20,11,-20,-20,-20,-20,-20,-20,-20,22,32,39,-20,23,-20,16,-20,-20,-20,19,8,-20,9,-20,14,-20,5,-20,-20,-20,-20,32,-20,11,-20,-20,-20,-20,-20,20,29,3,-20,-20,-20,5,-20,-20,-20,-20,21,29,-20,-20,3,-20,-20,-20,-20,-20,-20,-20,3,-20,-20,-20,-20,-20,-20,-20,-20,-20,-20,-20,-20,-20,-20,-20,-20,-20,-20,-20,6,-20,-20,8,10,-20,-20,-20,-20,4,-20,4,10,-20,19,38,9,5,-20,48,21,-20,-20,-20,-20,-20,8,-20,-20,3,11,34,55,35,15,6,13,9,-20,-20,81,10,-20,15,-20,-20,4,15,13,7,10,-20,14,-20,-20,3,-20,10,-20,14,16,10,15,17,18,32,12,16,26,-20,36,53,28,22,-20,-20,8,27,8,-20,8,17,10,31,27,-20,-20,14,10,23,25,-20,20,26,-20,4,-20,13,9,12,16,14,12,11,15,9,24,13,19,16,17,18,7,13,3,9,17,9,-20,8,12,4,17,7,15,9,15,-20,-20,21,21,-20,-20,12,38,12,10,35,33,20,43,-20,12,7,21,-20,28,-20,-20,10,14,5,27,-20,13,48,13,-20,-20,-20,4,19,4,-20,-20,15,-20,-20,-20,-20,-20,-20,-20,-20,24,6,5,-20,4,-20,34,-20,-20,15,20,14,4,-20,11,11,-20,6,16,-20,-20,-20,8,8,17,59,11,15,-20,13,-20,4,13,4,9,-20,18,10,11,8,11,4,-20,4,5,12,-20,11,19,-20,12,9,4,4,7,10,14,4,-20,6,-20,15,10,17,58,3,19,21,9,6,13,-20,14,24,10,-20,12,5,11,5,8,3,-20,-20,6,86,10,7,-20,-20,14,13,10,13,8,7,8,16,3,13,12,3,4,7,-20,5,14,8,5,8,-20,10,29,12,4,16,24,20,13,70,13,-20,9,-20,3,5,4,7,-20,-20,8,11,14,-20,-20,16,11,-20,-20,8,11,10,-20,19,14,9,3,6,12,15,6,10,7,4,6,8,7,-20,7,5,17,13,16,5,-20,-20,-20,15,-20,-20,16,-20,-20,10,-20,9,-20,4,7,13,-20,-20,-20,-20,-20,9,9,11,13,-20,6,-20,-20,-20,5,6,6,7,36,5,17,37,41,-20,-20,15,-20,-20,4,6,19,-20,9,3,27,9,5,23,-20,9,-20,27,-20,4,-20,21,-20,7,14,19,10,-20,12,-20,-20,-20,-20,-20,7,21,3,-20,12,20,11,28,6,8,28,17,-20,9,8,-20,8,36,11,8,5,17,10,10,-20,8,-20,35,34,-20,-20,-20,21,-20,20,-20,15,8,33,14,9,13,6,11,12,13,12,-20,12,5,16,30,26,16,21,9,39,7,7,17,-20,30,7,10,20,13,18,-20,3,-20,-20,24,-20,66,30,32,49,30,18,-20,21,16,36,22,14,21,-20,22,21,37,40,-20,7,20,19,48,9,-20,-20,3,9,32,7,19,-20,31,32,9,47,-20,25,11,-20,-20,23,-20,13,23,12,-20,-20,6,18,9,11,12,8,7,-20,-20,5,9,12,-20,-20,4,10,7,11,-20,-20,3,14,4,5,10,-20,-20,5,19,9,-20,-20,13,12,9,18,5,9,7,14,-20,-20,9,10,-20,12,-20,7,8,6,4,5,15,8,4,-20,9,4,9,11,11,-20,-20,4,4,-20,9,7,10,9,21,12,-20,-20,8,10,4,-20,8,8,9,6,9,7,-20,9,10,-20,9,5,-20,5,-20,-20,6,10,6,22,-20,-20,-20,-20,4,-20,9,5,4,4,-20,3,20,3,6,7,3,10,-20,-20,-20,-20,-20,8,10,8,7,5,-20,3,-20,-20,-20,-20,-20,3,10,5,11,6,4,8,5,7,5,5,9,3,18,5,21,8,13,14,9,7,7,17,11,-20,-20,-20,-20,-20,-20,-20,-20,-20,31,8,11,14,-20,7,17,-20,20,3,10,10,8,12,3,11,6,-20,-20,13,11,10,8,6,-20,12,5,3,8,15,6,3,7,-20,12,7,12,7,-20,-20,-20,6,6,11,2,7,6,11,5,10,13,-20,4,-20,7,-20,12,-20,6,11,11,8,8,7,10,11,20,19,17,11,9,-20,15,-20,8,12,15,-20,9,16,5,14,13,5,12,-20,12,14,-20,18,10,6,-20,-20,13,20,-20,14,13,5,12,-20,4,-20,6,11,6,6,6,-20,9,-20,7,-20,2,-20,10,-20,9,-20,4,7,-20,6,6,12,5,11,-20,-20,3,5,-20,-20,3,7,10,-20,-20,8,-20,-20,6,-20,3,5,-20,-20,-20,3,-20,-20,3,5,-20,7,13,9,-20,7,16,6,11,-20,9,11,-20,4,-20,6,7,11,-20,36,-20,-20,-20,4,14,3,-20,8,-20,12,6,4,7,7,4,5,9,-20,12,9,12,7,6,10,-20,6,-20,-20,10,16,4,-20,9,6,-20,-20,11,-20,4,9,9,-20,-20,7,-20,-20,-20,-20,-20,10,-20,-20,5,12,-20,-20,-20,4,3,-20,-20,-20,-20,-20,4,-20,-20,-20,6,-20,7,10,6,-20,-20,-20,-20,3,-20,-20,-20,-20,5,6,5,-20,7,-20,18,-20,-20,-20,3,-20,-20,-20,12,13,7,3,6,-20,-20,5,6,96,18,10,30,31,28,26,24,60,36,69,73,73,57,37,53,48,51
"chr3,14742683",-20,3,-20,5,-20,3,-20,-20,-20,-20,-20,10,24,14,7,17,35,13,59,34,33,-20,42,22,38,23,11,16,15,-20,8,5,8,9,48,38,23,18,17,6,8,23,8,14,4,-20,-20,48,11,21,10,30,50,37,22,23,39,24,12,29,29,24,30,19,23,25,24,34,45,11,23,18,18,33,27,38,20,-20,9,9,8,15,16,5,-20,24,19,34,32,19,12,23,21,28,15,20,20,34,3,29,29,28,6,12,24,28,-20,21,32,9,-20,3,-20,-20,-20,-20,-20,-20,-20,3,10,5,6,-20,-20,-20,-20,-20,-20,-20,-20,-20,-20,-20,-20,-20,-20,-20,-20,-20,-20,-20,7,-20,-20,-20,-20,4,4,-20,-20,10,15,21,39,10,-20,6,48,21,-20,3,-20,-20,-20,8,-20,-20,3,11,33,-20,32,-20,6,-20,9,-20,10,81,9,13,15,-20,13,4,15,12,7,12,31,-20,-20,4,-20,-20,-20,11,17,15,11,15,15,19,31,13,16,26,12,36,53,27,22,11,14,7,26,-20,10,-20,18,10,31,26,9,9,14,-20,21,26,29,22,28,27,4,8,13,9,12,17,15,11,11,11,8,23,11,19,14,17,19,7,13,3,-20,17,9,-20,7,12,4,17,7,15,-20,16,16,19,24,19,11,17,13,37,12,9,36,36,-20,47,7,11,7,21,4,28,10,-20,10,15,6,25,-20,12,46,16,29,-20,-20,3,19,4,-20,-20,13,20,23,-20,29,18,29,27,26,27,6,5,5,4,12,35,7,12,13,19,12,4,3,11,12,29,6,16,-20,-20,31,9,7,17,60,12,14,-20,-20,-20,4,12,4,9,24,18,10,10,8,11,3,16,4,6,13,-20,11,19,-20,11,-20,4,4,7,-20,13,4,-20,6,48,14,10,16,56,4,19,21,-20,6,-20,9,15,23,9,-20,13,6,12,-20,8,3,5,-20,6,83,10,-20,-20,-20,-20,13,10,12,7,7,-20,18,4,14,12,-20,4,7,-20,5,12,-20,5,-20,4,-20,30,-20,-20,17,23,19,13,69,13,6,-20,8,-20,4,4,7,10,-20,7,12,14,4,5,16,11,26,9,8,10,10,-20,17,14,8,3,6,11,15,6,9,-20,2,-20,8,7,-20,7,4,18,14,16,-20,8,45,31,14,15,7,17,-20,9,-20,-20,-20,-20,4,6,11,6,13,11,-20,10,8,9,10,11,3,-20,27,11,-20,5,-20,5,6,32,5,19,37,40,44,42,14,30,39,4,6,21,29,9,3,28,8,5,23,-20,-20,-20,31,4,4,11,21,-20,8,-20,20,-20,9,11,4,15,4,12,22,7,20,3,-20,11,19,11,-20,5,-20,-20,-20,10,10,9,36,8,35,11,-20,5,-20,-20,10,-20,-20,20,38,33,19,42,32,24,30,21,12,17,7,28,14,9,15,6,11,12,13,11,4,-20,5,16,28,25,15,21,9,38,6,7,17,-20,29,7,10,-20,11,19,-20,3,-20,15,24,-20,63,31,31,45,29,-20,19,21,17,36,21,14,20,13,19,22,-20,37,24,-20,19,21,47,7,-20,10,3,-20,29,8,-20,16,33,-20,-20,45,-20,24,11,51,13,19,18,14,22,-20,16,16,6,18,9,11,12,-20,8,6,8,5,9,12,7,-20,4,10,7,11,9,11,3,13,5,5,10,18,7,5,20,8,-20,8,13,12,9,18,5,9,6,14,-20,-20,9,11,-20,-20,7,7,8,7,4,6,13,7,4,-20,9,4,9,11,12,-20,8,4,4,-20,9,7,10,-20,21,12,10,10,8,10,4,13,-20,8,9,6,9,7,14,-20,11,16,-20,5,-20,5,11,10,6,11,6,22,-20,9,7,-20,4,6,10,5,4,5,8,3,22,3,-20,-20,3,-20,6,10,11,8,15,8,-20,-20,7,5,6,3,7,7,5,-20,-20,3,10,-20,11,6,4,8,-20,7,5,5,9,3,17,5,21,8,13,14,9,7,-20,17,10,-20,-20,-20,-20,-20,-20,4,-20,-20,31,8,11,14,3,7,16,10,19,3,10,9,8,12,3,12,-20,14,8,13,11,10,8,6,14,12,5,3,8,15,6,3,7,-20,13,7,13,7,3,4,-20,6,6,11,2,7,6,10,5,10,13,6,4,-20,7,-20,12,50,-20,12,10,8,8,8,9,11,17,19,16,11,9,-20,14,13,8,11,15,5,9,17,5,14,13,5,-20,-20,13,14,10,18,-20,6,-20,-20,13,20,-20,12,13,5,12,-20,4,-20,6,11,5,6,-20,-20,-20,7,7,-20,2,10,11,7,-20,-20,5,6,-20,6,-20,-20,5,8,6,6,3,5,6,6,4,7,-20,10,-20,8,-20,-20,6,-20,3,5,4,-20,-20,3,6,4,3,6,7,8,13,9,-20,7,16,6,11,7,9,11,-20,4,-20,6,-20,10,6,36,8,5,8,4,13,3,9,9,-20,13,6,4,8,7,4,5,9,-20,13,9,11,7,6,10,-20,6,3,3,10,15,4,-20,8,6,-20,-20,7,-20,-20,10,-20,3,-20,6,7,-20,6,-20,-20,8,-20,10,6,11,-20,-20,4,4,3,7,4,-20,-20,-20,5,-20,3,-20,6,-20,8,10,-20,3,4,-20,-20,3,-20,-20,-20,5,-20,5,6,-20,-20,-20,17,5,11,3,2,-20,-20,-20,11,13,-20,3,5,5,-20,8,6,96,19,10,28,32,27,26,24,57,38,69,-20,77,54,36,50,49,50
"chr3,14742685",-20,3,-20,5,-20,3,-20,-20,-20,-20,-20,10,-20,13,7,-20,33,12,54,-20,29,-20,40,-20,-20,-20,-20,15,-20,-20,8,5,8,-20,-20,-20,-20,-20,19,6,7,22,10,14,4,43,-20,-20,11,21,-20,30,49,39,21,20,-20,-20,12,-20,-20,-20,28,-20,20,-20,22,33,40,-20,23,-20,18,29,24,-20,-20,-20,-20,9,-20,14,14,5,-20,-20,-20,33,33,-20,12,-20,-20,-20,-20,-20,20,-20,3,-20,-20,-20,6,-20,-20,-20,-20,21,29,-20,-20,-20,-20,-20,-20,-20,5,-20,-20,3,-20,5,-20,-20,-20,-20,-20,-20,-20,-20,-20,-20,-20,-20,-20,-20,-20,-20,-20,5,-20,-20,7,-20,-20,-20,-20,-20,4,-20,-20,9,-20,20,-20,-20,-20,-20,47,21,2,3,-20,-20,-20,8,-20,-20,4,11,32,-20,-20,-20,6,-20,9,6,10,79,9,-20,14,-20,-20,4,14,12,-20,11,29,-20,-20,-20,3,-20,-20,-20,-20,14,10,15,18,-20,31,13,16,25,-20,35,54,28,20,-20,-20,-20,28,-20,-20,-20,17,10,28,26,-20,-20,12,-20,19,24,27,21,29,24,4,-20,13,9,12,-20,15,-20,11,10,8,27,11,20,14,-20,18,8,14,3,-20,15,9,-20,7,12,-20,18,7,15,-20,15,-20,18,21,-20,-20,-20,-20,35,12,9,36,40,-20,44,-20,12,8,22,-20,28,-20,-20,10,15,6,24,-20,12,43,17,-20,-20,-20,3,19,4,-20,-20,13,18,-20,-20,-20,-20,-20,25,-20,28,6,5,-20,4,-20,35,-20,-20,13,-20,13,4,3,-20,11,27,5,16,-20,-20,-20,9,-20,16,59,12,-20,-20,-20,-20,4,12,4,9,20,-20,11,9,8,12,4,-20,4,5,-20,-20,10,-20,-20,-20,9,4,4,7,8,13,4,-20,-20,46,13,-20,16,57,-20,-20,20,9,6,-20,-20,15,22,-20,-20,14,6,12,5,9,4,-20,-20,6,85,11,-20,-20,-20,17,13,-20,13,-20,7,-20,18,4,13,11,-20,4,7,-20,5,12,-20,-20,8,-20,-20,30,-20,-20,17,22,20,13,75,13,-20,-20,-20,3,4,4,7,-20,-20,7,12,14,-20,-20,16,10,-20,7,8,10,-20,-20,18,14,9,-20,6,13,16,6,-20,-20,-20,-20,9,7,-20,7,4,18,15,16,-20,7,-20,-20,14,-20,7,17,-20,-20,-20,-20,7,-20,-20,6,12,-20,-20,-20,-20,-20,-20,10,10,11,3,5,-20,-20,-20,5,-20,6,6,31,4,17,36,41,38,37,13,-20,-20,4,6,20,25,9,3,27,8,-20,-20,-20,-20,3,-20,4,4,-20,21,-20,-20,-20,19,10,-20,11,4,-20,-20,-20,-20,7,19,3,8,11,20,11,23,-20,-20,-20,-20,-20,11,9,-20,8,-20,12,7,-20,-20,-20,-20,4,-20,16,34,-20,-20,-20,28,-20,-20,21,-20,16,7,29,14,9,15,6,11,12,13,11,-20,10,5,16,27,24,17,21,9,36,-20,7,16,-20,28,7,10,-20,11,18,-20,3,-20,-20,23,-20,62,32,31,44,28,-20,16,21,17,37,21,14,-20,-20,-20,20,-20,-20,21,5,19,19,42,8,-20,-20,-20,-20,-20,-20,-20,-20,31,-20,-20,45,-20,22,9,-20,-20,20,-20,-20,22,-20,-20,-20,6,18,-20,11,10,7,8,-20,-20,5,-20,12,-20,-20,4,10,8,11,-20,-20,-20,13,5,-20,10,-20,-20,-20,19,8,-20,-20,13,12,9,18,5,9,6,14,-20,-20,9,11,5,-20,-20,7,8,7,4,6,13,6,4,-20,9,4,9,10,12,-20,-20,4,4,-20,9,7,9,9,21,-20,-20,-20,8,-20,4,-20,-20,7,-20,5,9,7,-20,8,10,-20,10,5,-20,5,10,-20,6,10,6,21,-20,-20,-20,-20,4,-20,10,5,4,5,-20,3,21,-20,-20,-20,3,-20,-20,10,10,-20,-20,8,-20,-20,5,5,-20,3,-20,7,-20,-20,-20,3,10,4,11,6,4,8,4,7,5,5,9,-20,17,5,21,8,13,14,9,-20,6,17,10,-20,-20,-20,-20,-20,-20,3,-20,-20,29,9,11,14,3,7,16,-20,19,3,10,9,8,12,-20,-20,-20,13,8,12,11,10,8,6,13,12,5,3,8,14,6,3,-20,-20,14,7,13,7,-20,-20,-20,6,6,11,-20,7,6,10,-20,11,13,-20,6,-20,7,-20,11,47,7,11,10,8,8,8,10,12,16,19,16,11,9,-20,14,-20,8,11,15,-20,10,17,5,14,-20,5,-20,-20,12,14,-20,19,-20,6,-20,-20,13,20,-20,-20,13,5,12,-20,-20,-20,6,10,5,6,6,-20,-20,-20,7,-20,2,-20,11,-20,-20,-20,-20,6,5,5,5,12,5,8,-20,-20,3,5,-20,-20,4,-20,9,-20,-20,8,-20,-20,7,-20,3,5,-20,-20,3,3,-20,4,3,6,-20,8,13,9,-20,-20,16,6,11,-20,8,11,-20,4,2,6,6,10,-20,36,-20,-20,-20,5,14,3,-20,9,11,13,6,4,8,-20,5,5,-20,-20,13,9,-20,7,6,10,-20,6,-20,3,10,17,4,-20,8,6,-20,-20,-20,-20,4,-20,-20,-20,-20,-20,-20,-20,-20,-20,-20,-20,-20,-20,6,10,-20,-20,-20,3,-20,-20,-20,-20,-20,-20,5,-20,-20,-20,-20,-20,-20,-20,7,-20,3,-20,-20,3,-20,-20,-20,-20,4,5,7,-20,-20,-20,-20,-20,-20,-20,3,-20,-20,-20,-20,13,-20,3,5,-20,-20,-20,6,95,19,10,28,31,28,26,-20,57,37,69,-20,71,53,35,53,47,-20
"chr3,14742690",-20,3,-20,5,-20,3,-20,-20,-20,-20,-20,-20,24,14,7,12,34,13,67,33,31,-20,42,22,36,22,12,15,14,-20,8,5,8,7,50,38,23,16,22,7,8,25,12,22,7,47,-20,46,11,25,-20,29,-20,39,21,21,29,24,13,25,27,22,32,18,22,23,23,36,46,12,25,17,18,30,25,33,20,8,7,11,9,16,14,5,-20,21,16,36,35,16,12,-20,21,29,16,21,19,39,4,30,24,29,8,10,25,29,-20,23,31,8,-20,3,-20,-20,-20,-20,5,-20,-20,3,11,5,6,-20,-20,-20,-20,-20,-20,-20,-20,-20,-20,3,-20,-20,-20,-20,-20,6,-20,-20,7,10,-20,-20,-20,3,5,-20,5,10,14,19,35,10,5,-20,49,20,2,3,-20,-20,3,10,-20,-20,4,11,31,58,29,10,-20,16,10,6,11,86,11,-20,14,-20,13,4,13,12,8,11,29,12,-20,-20,3,8,9,7,-20,12,10,15,21,18,34,13,20,23,8,37,53,28,18,8,14,8,30,7,10,9,18,11,28,28,7,-20,13,-20,21,24,31,21,32,31,7,9,16,8,12,16,19,-20,10,12,8,31,12,22,14,-20,18,-20,15,3,-20,11,9,9,7,13,5,17,7,16,7,14,17,19,29,-20,-20,23,12,-20,11,9,37,45,16,44,4,12,8,22,4,35,8,-20,11,17,7,24,-20,13,50,18,27,-20,-20,3,20,4,-20,-20,14,20,21,-20,28,18,26,29,23,31,6,6,4,4,9,42,7,13,13,17,-20,2,-20,13,11,29,5,16,-20,-20,28,9,10,16,54,12,15,-20,18,3,5,13,6,9,21,17,14,10,-20,13,4,18,5,6,-20,19,11,20,-20,-20,9,-20,4,6,8,13,5,9,5,49,15,11,15,56,5,17,21,8,7,14,10,14,22,8,-20,15,6,13,6,10,5,6,-20,6,88,11,8,-20,-20,15,13,12,13,5,6,12,18,4,12,11,2,-20,8,-20,4,11,7,-20,10,6,11,32,14,5,19,23,21,13,74,15,11,10,7,-20,4,5,6,9,-20,6,12,14,5,5,-20,12,22,9,-20,10,9,7,18,14,11,-20,6,14,16,7,8,8,2,5,9,6,-20,8,4,18,-20,15,5,9,46,29,17,10,11,17,-20,7,6,-20,7,-20,3,6,12,3,10,9,-20,8,8,10,12,10,3,7,27,9,-20,5,4,6,-20,31,4,-20,40,43,38,41,14,27,37,5,7,23,27,9,-20,30,8,7,20,-20,-20,3,26,5,4,10,23,-20,-20,13,20,11,-20,12,4,11,2,11,-20,8,20,3,8,10,23,9,22,-20,7,28,-20,-20,13,9,34,8,34,-20,7,5,-20,-20,10,5,-20,16,36,-20,15,35,31,22,27,23,-20,16,9,29,18,11,19,7,12,13,15,11,3,7,6,16,31,27,19,22,10,42,6,10,18,10,28,7,10,17,12,20,-20,-20,-20,14,20,8,63,33,31,43,28,17,18,22,19,43,25,15,19,11,21,23,33,39,20,5,17,20,45,9,-20,7,4,13,28,-20,17,17,35,35,-20,41,-20,23,6,44,13,18,17,16,25,13,14,14,6,20,11,13,10,11,8,5,8,6,9,12,-20,11,6,11,8,11,10,9,3,14,6,4,10,17,-20,3,19,10,-20,8,13,12,8,19,6,-20,4,15,8,9,10,14,5,-20,6,8,8,7,6,7,13,8,4,-20,9,4,11,9,13,-20,-20,4,4,-20,10,7,11,7,21,14,10,10,10,-20,4,11,11,8,9,6,9,6,12,8,12,18,10,5,10,5,10,9,8,11,7,24,-20,-20,6,9,4,6,10,6,5,5,-20,3,16,-20,5,6,4,9,7,12,10,5,16,8,10,7,3,6,5,3,5,9,-20,-20,-20,3,10,5,11,7,4,8,6,7,5,5,11,4,18,6,24,8,15,15,9,9,7,18,11,-20,-20,-20,-20,-20,-20,3,-20,-20,34,9,11,15,5,8,18,10,18,4,10,8,7,13,2,14,-20,13,8,12,12,9,8,6,-20,10,9,3,8,15,8,3,7,-20,14,8,14,7,-20,4,-20,6,7,11,-20,7,7,10,5,13,12,-20,6,-20,7,-20,10,51,8,11,10,9,7,9,10,12,16,18,19,11,11,-20,14,12,9,11,15,5,12,17,7,14,14,5,11,-20,15,19,10,20,9,6,-20,3,13,20,6,12,15,6,14,-20,6,-20,6,11,5,8,6,8,8,5,7,2,2,10,13,6,8,5,5,6,5,6,7,11,5,9,6,-20,3,5,6,6,4,7,8,10,-20,8,-20,-20,7,-20,3,5,5,-20,3,4,-20,6,3,6,6,9,14,9,-20,8,17,9,11,9,-20,11,3,5,-20,7,7,12,-20,36,8,4,-20,5,13,3,9,9,18,13,7,4,8,8,6,5,8,-20,13,9,-20,7,9,10,-20,7,-20,4,10,17,5,-20,9,6,-20,-20,8,-20,4,13,11,-20,-20,-20,7,-20,8,-20,-20,8,-20,7,3,11,-20,-20,-20,3,3,4,4,-20,-20,-20,8,-20,-20,-20,9,3,8,8,3,4,4,-20,-20,3,-20,-20,3,4,4,5,-20,-20,8,-20,17,-20,10,2,3,3,-20,-20,-20,11,3,-20,6,5,-20,8,6,97,23,9,29,32,26,24,26,62,42,69,54,70,49,37,58,47,49
"chr3,14742691",-20,3,-20,5,-20,3,-20,-20,-20,-20,-20,-20,24,15,7,12,34,-20,68,34,-20,-20,44,24,37,22,12,19,14,-20,8,5,8,7,51,40,24,16,22,-20,-20,26,12,22,7,47,-20,46,11,27,12,29,51,-20,23,21,30,-20,14,26,27,22,32,18,22,24,23,36,46,13,26,20,17,30,28,33,20,8,7,11,9,16,15,5,-20,22,18,37,36,16,13,17,20,29,16,21,19,39,4,30,24,30,8,11,25,31,-20,23,31,9,-20,3,-20,-20,-20,-20,6,-20,-20,3,11,6,6,-20,-20,-20,-20,-20,-20,-20,-20,-20,-20,-20,-20,-20,-20,-20,-20,6,-20,-20,7,10,-20,-20,-20,3,4,-20,6,12,14,-20,34,-20,5,-20,53,20,2,3,-20,-20,3,10,-20,-20,4,12,33,62,29,11,6,16,10,-20,11,92,12,-20,-20,-20,14,4,13,12,8,11,29,12,-20,-20,3,8,-20,7,20,12,10,-20,20,18,37,13,20,22,8,37,52,29,18,-20,15,8,30,7,10,9,18,11,26,29,7,9,13,-20,22,22,31,-20,33,31,7,8,17,8,13,-20,18,-20,-20,12,8,31,14,22,13,-20,-20,11,-20,3,-20,11,9,9,8,14,-20,17,7,15,7,-20,18,19,30,-20,-20,24,14,38,11,9,37,45,15,46,5,12,8,23,4,35,8,-20,11,17,7,25,-20,14,50,18,28,-20,-20,3,20,4,-20,-20,14,22,24,-20,29,19,27,29,22,31,6,6,-20,4,10,43,-20,-20,13,17,10,2,-20,12,11,29,5,15,-20,-20,28,9,10,16,56,12,16,-20,18,4,-20,13,6,9,21,18,15,-20,7,13,-20,19,5,-20,-20,20,11,19,-20,12,9,-20,4,7,8,13,5,8,5,48,15,11,15,55,6,17,22,8,7,14,10,14,22,8,-20,14,-20,13,6,10,6,6,-20,-20,91,11,8,-20,-20,16,13,13,12,5,6,14,18,4,12,11,2,3,8,-20,4,12,7,-20,10,6,11,32,16,5,19,23,-20,13,74,15,11,10,-20,3,4,5,6,9,-20,6,13,14,5,5,18,-20,25,9,9,10,9,7,19,14,11,-20,6,14,17,7,8,8,2,-20,8,8,-20,-20,4,18,15,15,5,9,46,30,17,10,11,17,-20,-20,6,-20,8,-20,3,6,12,3,-20,9,-20,-20,8,11,-20,10,3,-20,27,11,-20,6,-20,6,6,30,4,18,40,45,40,40,14,27,37,5,7,23,29,9,3,30,8,7,-20,-20,10,3,-20,-20,4,-20,23,-20,9,13,20,11,-20,12,4,-20,2,-20,-20,8,21,3,-20,11,22,9,23,-20,8,29,-20,-20,14,9,36,8,34,12,7,-20,-20,8,10,5,7,-20,36,36,16,35,31,23,28,23,10,17,10,30,-20,11,-20,7,13,13,15,11,3,7,-20,16,31,26,19,22,10,42,6,10,18,10,28,7,10,16,11,20,-20,3,-20,14,18,8,62,33,32,42,29,19,19,22,19,42,26,16,19,-20,21,24,33,44,20,5,18,20,45,9,-20,7,4,14,29,6,17,18,35,37,12,37,-20,24,6,48,13,18,17,15,25,13,14,-20,6,19,11,13,-20,11,8,5,8,6,9,11,6,11,6,11,8,11,10,-20,-20,13,6,4,10,17,8,3,19,10,-20,-20,14,12,8,19,6,10,4,15,8,9,10,14,5,9,6,8,8,7,6,7,13,8,4,-20,9,4,11,9,14,-20,-20,4,4,-20,-20,-20,11,7,21,12,10,10,10,-20,4,11,11,8,9,6,9,6,11,8,13,18,10,5,-20,-20,10,9,8,11,7,-20,-20,9,6,9,4,-20,10,-20,5,5,9,3,16,-20,5,-20,4,-20,7,11,10,-20,15,-20,10,8,-20,6,5,3,5,9,6,-20,8,4,10,5,10,7,4,-20,6,7,5,5,11,4,18,6,27,8,16,16,9,9,7,19,13,-20,-20,-20,-20,-20,-20,4,-20,-20,33,9,11,15,5,7,18,11,18,4,10,8,7,13,-20,14,-20,13,-20,11,12,9,8,6,17,10,10,3,8,15,8,3,6,-20,14,8,14,7,3,4,-20,6,7,11,-20,7,-20,9,5,13,-20,-20,6,-20,7,-20,11,52,8,13,10,9,7,9,11,12,16,18,19,12,11,-20,13,11,9,12,16,5,12,16,7,14,15,5,11,-20,16,19,10,19,9,6,-20,3,13,20,6,12,14,6,14,-20,6,-20,6,11,5,9,7,8,8,5,7,2,2,10,13,-20,8,5,-20,6,5,6,7,10,5,9,7,6,3,5,6,6,-20,7,8,10,-20,8,-20,-20,7,-20,3,5,5,-20,3,4,5,6,3,6,6,9,13,9,-20,8,17,10,11,9,10,11,3,5,-20,7,7,13,5,36,8,5,8,5,13,3,9,10,17,13,7,4,8,8,6,5,8,-20,13,9,12,7,9,-20,-20,7,-20,4,-20,17,8,-20,9,6,-20,-20,9,-20,4,16,9,-20,-20,6,7,-20,8,-20,-20,7,-20,-20,6,10,-20,-20,-20,5,-20,-20,4,-20,-20,-20,8,-20,3,-20,9,3,7,10,-20,-20,4,-20,-20,-20,-20,-20,3,4,6,8,8,-20,-20,-20,17,-20,-20,-20,3,3,-20,-20,-20,13,5,4,7,-20,-20,-20,6,97,23,10,-20,-20,27,-20,27,-20,44,69,55,71,49,36,60,48,50
"chr3,14742692",-20,3,-20,5,-20,3,-20,-20,-20,-20,-20,-20,24,15,7,12,34,13,68,35,31,-20,44,24,36,23,12,20,15,-20,8,5,8,8,51,39,24,15,22,8,8,24,12,22,7,48,9,44,11,27,12,29,51,39,21,21,31,24,13,25,28,23,32,18,22,24,23,38,49,13,25,20,18,30,30,36,21,8,7,11,10,17,15,5,-20,24,18,36,36,16,14,17,23,29,17,21,19,40,4,31,24,30,8,11,26,31,-20,23,31,9,-20,-20,-20,-20,-20,-20,6,-20,-20,3,11,6,6,-20,-20,-20,-20,-20,-20,-20,-20,-20,-20,3,-20,-20,-20,-20,-20,6,-20,-20,7,10,-20,-20,-20,3,4,-20,6,11,14,20,35,10,5,7,60,23,2,3,-20,-20,3,12,-20,-20,4,11,33,60,-20,10,-20,16,9,6,11,89,14,-20,14,-20,16,4,12,12,9,11,29,12,-20,-20,3,7,9,7,19,11,10,15,19,17,37,13,18,24,9,37,52,28,18,10,14,8,29,7,10,-20,18,11,25,27,7,9,12,-20,21,24,32,22,34,31,7,-20,-20,8,14,16,19,-20,10,14,8,34,13,24,11,18,17,10,16,3,-20,11,8,9,8,14,9,16,7,15,7,14,-20,19,29,17,11,24,13,-20,13,9,37,45,15,45,5,14,7,24,-20,34,8,-20,10,17,5,-20,3,13,49,18,28,-20,-20,3,20,4,-20,-20,15,23,24,-20,29,19,29,31,23,31,6,6,5,4,10,46,-20,15,12,17,-20,2,-20,13,11,30,7,14,-20,-20,28,9,11,16,55,13,15,-20,18,5,5,13,6,9,20,17,15,10,7,13,-20,19,5,6,12,-20,10,19,-20,12,9,-20,4,7,8,13,5,8,5,50,15,11,15,58,6,17,22,8,7,14,10,14,22,8,-20,15,6,12,6,10,7,-20,-20,-20,89,11,8,-20,-20,16,13,12,11,-20,6,-20,18,4,12,10,2,3,8,-20,4,12,7,-20,11,-20,11,32,16,5,18,24,23,13,76,15,11,-20,7,3,4,5,6,9,-20,6,13,13,5,5,19,12,26,9,9,10,9,7,20,14,11,-20,6,13,17,-20,8,8,2,5,8,8,-20,8,4,18,-20,15,5,10,46,30,17,10,11,17,-20,9,6,-20,-20,-20,3,6,13,4,11,12,-20,-20,6,11,11,10,3,8,27,11,-20,6,4,-20,6,31,-20,18,39,45,40,41,14,27,38,5,7,23,29,9,3,30,-20,7,21,-20,10,3,28,6,4,10,23,-20,8,13,20,10,8,12,4,-20,2,11,-20,8,21,3,8,11,-20,8,25,-20,8,29,-20,-20,14,9,37,8,34,11,7,-20,-20,10,9,5,-20,19,34,35,16,35,33,23,28,24,-20,16,9,30,18,11,19,7,13,13,15,11,4,7,6,16,32,25,20,22,11,43,6,-20,18,10,29,7,10,16,13,20,-20,3,-20,15,18,7,64,33,32,43,29,19,19,22,19,42,24,17,20,13,21,23,35,46,20,5,17,20,45,14,-20,7,4,14,27,10,16,17,36,36,11,35,-20,24,6,49,-20,16,17,16,-20,13,14,14,6,19,11,13,11,12,8,5,11,6,9,11,6,11,7,11,8,11,11,-20,3,13,6,4,10,18,9,3,18,10,-20,9,14,12,9,19,6,10,4,15,8,9,10,14,5,9,6,8,8,7,6,7,13,9,4,-20,9,5,11,9,14,3,-20,4,4,-20,10,7,11,7,21,12,10,10,10,12,4,11,-20,9,9,6,9,5,12,8,13,19,10,5,10,5,11,9,8,10,7,25,-20,-20,7,10,4,9,10,6,5,5,9,-20,16,-20,5,7,4,10,7,13,11,7,16,8,10,8,3,6,6,3,5,9,6,-20,12,5,10,5,10,8,4,8,7,8,5,5,12,4,17,6,27,8,17,15,-20,10,7,19,14,-20,-20,-20,-20,-20,-20,3,-20,-20,34,9,12,15,5,7,19,15,18,-20,10,8,-20,14,4,14,-20,13,8,11,12,9,8,6,17,10,10,3,8,15,8,3,6,-20,15,8,14,7,3,4,-20,6,8,11,-20,7,7,9,6,14,13,7,6,-20,7,-20,11,52,8,16,10,10,9,9,10,12,19,17,18,13,11,-20,14,12,9,12,15,5,12,17,7,13,15,5,11,-20,16,19,10,19,9,6,-20,3,13,20,7,12,15,6,13,-20,6,-20,6,10,5,-20,7,8,7,5,-20,2,2,10,13,6,7,-20,5,6,5,6,7,10,5,8,7,6,3,-20,6,6,4,7,8,10,-20,8,-20,-20,7,2,3,5,5,-20,-20,4,5,6,5,7,8,9,13,9,-20,8,17,12,10,10,11,10,3,5,-20,7,7,13,5,35,8,5,8,5,13,3,9,10,20,12,7,4,8,8,6,5,8,-20,13,8,10,7,9,10,-20,7,-20,4,10,18,7,-20,9,6,-20,-20,9,-20,4,17,-20,-20,-20,5,6,-20,-20,3,-20,8,-20,-20,5,9,-20,-20,2,4,-20,5,-20,-20,-20,-20,9,-20,3,-20,11,5,7,10,4,3,4,-20,-20,4,-20,-20,3,3,5,8,8,-20,-20,-20,16,-20,-20,-20,-20,3,-20,-20,-20,12,6,-20,8,4,-20,9,6,97,20,11,29,32,26,25,27,63,44,69,55,73,46,34,61,47,49
"chr3,14742695",-20,3,-20,5,-20,3,-20,-20,-20,-20,-20,-20,27,17,7,12,-20,13,70,33,-20,-20,-20,-20,33,25,12,22,14,2,8,4,9,9,51,41,25,15,22,-20,-20,27,12,22,7,47,-20,43,12,27,12,28,47,-20,-20,22,29,24,15,24,27,-20,30,18,23,25,23,-20,47,13,25,-20,17,-20,27,33,-20,-20,6,11,-20,15,17,5,-20,23,17,37,33,16,15,18,23,30,17,21,19,38,4,-20,26,28,8,10,25,31,-20,24,34,9,-20,-20,-20,-20,-20,-20,6,-20,-20,3,-20,6,-20,-20,-20,-20,-20,-20,-20,-20,-20,-20,-20,3,-20,-20,-20,-20,-20,6,-20,-20,7,10,-20,-20,-20,-20,4,-20,7,11,14,-20,-20,10,5,7,59,20,2,3,-20,-20,3,13,-20,-20,6,12,33,68,-20,10,6,17,9,-20,11,84,14,-20,-20,-20,16,3,13,16,-20,11,29,-20,3,-20,3,-20,-20,-20,18,10,11,-20,19,17,37,-20,18,26,9,32,52,27,18,-20,14,9,34,8,9,7,15,11,23,28,6,9,11,9,18,22,34,19,-20,28,8,11,17,7,17,18,18,-20,-20,17,-20,34,-20,23,11,-20,-20,13,-20,3,-20,11,9,9,10,14,9,16,7,15,7,13,20,18,29,16,10,24,15,37,11,9,39,-20,18,49,5,-20,7,23,4,33,11,-20,10,16,5,-20,3,14,49,18,28,-20,-20,3,20,4,-20,-20,13,23,22,-20,29,17,28,-20,26,32,6,6,-20,4,10,51,-20,-20,13,-20,11,3,-20,14,-20,-20,7,-20,-20,-20,27,9,12,16,50,14,14,-20,-20,5,-20,12,-20,9,21,18,-20,-20,-20,-20,4,19,5,-20,11,-20,-20,-20,-20,10,9,-20,-20,-20,-20,13,5,8,5,53,15,-20,15,55,6,15,22,9,7,14,14,13,25,9,-20,13,-20,12,6,11,-20,6,-20,6,85,12,9,-20,-20,17,14,-20,11,-20,7,-20,18,-20,11,10,3,3,-20,-20,4,14,7,-20,11,5,11,33,15,-20,20,-20,-20,-20,78,17,12,-20,-20,4,5,4,7,-20,-20,6,12,14,6,5,-20,-20,-20,11,8,-20,8,7,19,14,11,-20,6,15,17,-20,8,8,2,-20,8,8,-20,-20,-20,19,-20,14,4,-20,46,27,18,10,-20,16,-20,-20,6,-20,-20,-20,3,6,14,6,-20,14,-20,-20,7,11,-20,-20,-20,8,-20,10,-20,6,4,4,-20,-20,-20,-20,36,44,36,-20,14,-20,35,5,7,-20,-20,9,3,29,-20,5,-20,11,10,-20,31,-20,4,-20,-20,-20,8,13,20,10,-20,11,4,10,2,-20,-20,-20,21,-20,-20,11,-20,7,28,6,-20,-20,12,-20,13,-20,37,9,36,13,7,-20,-20,-20,12,5,8,20,35,37,17,34,33,24,31,-20,10,17,9,27,-20,11,20,6,13,-20,12,11,4,6,-20,15,30,-20,21,-20,11,42,6,10,-20,9,27,7,10,15,12,20,-20,3,-20,16,20,8,62,34,31,44,30,19,20,22,22,42,26,-20,18,-20,21,24,37,43,21,5,20,20,51,16,3,7,4,14,27,10,15,19,34,34,-20,35,-20,26,-20,49,17,18,18,17,-20,12,14,-20,6,-20,11,11,-20,12,8,5,11,5,9,12,6,11,7,10,-20,10,-20,9,-20,12,6,3,10,19,9,-20,19,10,-20,-20,14,12,-20,20,-20,9,4,16,8,8,10,15,-20,9,6,-20,-20,7,-20,-20,10,9,-20,-20,-20,4,11,-20,-20,3,6,4,-20,-20,9,8,10,7,21,12,-20,-20,9,11,-20,11,-20,9,9,6,9,5,12,6,12,19,10,5,-20,7,11,10,8,-20,7,-20,-20,-20,7,10,4,-20,10,6,5,4,9,-20,15,-20,5,-20,4,-20,8,12,11,7,15,-20,10,7,-20,6,6,3,5,9,6,-20,13,5,10,5,-20,8,4,8,7,7,5,5,12,4,17,-20,27,8,17,14,10,10,7,19,14,-20,-20,-20,-20,-20,-20,3,-20,-20,32,9,11,13,5,7,18,15,19,-20,11,7,8,13,3,13,-20,13,8,10,11,-20,8,6,-20,-20,-20,3,8,14,7,3,6,-20,14,8,14,7,-20,-20,-20,6,8,10,-20,7,-20,9,6,14,-20,7,6,-20,-20,-20,10,59,8,16,-20,10,-20,9,10,11,18,16,16,13,10,-20,14,11,9,12,15,5,12,16,7,13,15,-20,11,-20,16,19,9,16,10,-20,-20,-20,12,20,7,12,14,5,-20,-20,6,-20,-20,10,5,-20,7,8,7,-20,-20,2,2,9,-20,6,7,5,-20,4,-20,6,6,9,5,8,7,6,3,-20,-20,-20,-20,-20,7,-20,-20,8,-20,3,7,2,-20,5,5,-20,-20,4,5,7,4,7,8,9,-20,-20,-20,8,-20,12,10,10,12,10,3,5,-20,-20,-20,12,5,35,8,5,8,5,13,4,10,10,19,11,7,4,-20,-20,6,5,-20,-20,13,8,10,7,-20,-20,-20,-20,-20,4,-20,16,7,-20,8,6,-20,-20,-20,-20,4,17,10,-20,3,6,-20,-20,-20,4,-20,7,3,7,5,10,-20,-20,2,5,3,10,3,-20,3,-20,9,-20,3,3,11,6,6,8,5,3,5,-20,-20,3,-20,-20,5,4,5,9,9,-20,10,-20,15,-20,-20,-20,3,3,-20,3,6,12,-20,4,7,5,-20,-20,6,96,20,11,30,29,28,-20,29,-20,45,64,55,71,47,36,60,45,-20
"chr3,14742698",-20,3,-20,4,-20,3,-20,-20,-20,-20,-20,-20,27,16,8,10,-20,13,73,34,-20,-20,-20,-20,34,25,12,22,14,2,8,4,9,9,53,41,25,16,22,-20,-20,29,11,22,7,48,8,46,12,25,12,30,44,-20,-20,24,28,21,17,24,28,-20,30,17,24,26,22,-20,49,13,24,-20,17,29,27,33,19,-20,4,8,-20,16,17,4,-20,23,17,38,33,17,16,19,24,30,18,23,16,38,4,-20,26,29,8,10,25,32,-20,26,35,9,-20,-20,-20,-20,-20,-20,5,8,-20,4,-20,6,-20,-20,-20,-20,-20,-20,-20,-20,-20,-20,-20,3,-20,-20,-20,-20,-20,7,2,-20,6,-20,-20,-20,-20,-20,4,-20,6,12,14,-20,35,11,5,7,60,22,2,2,-20,-20,3,11,-20,-20,8,15,39,68,-20,-20,7,17,9,-20,15,88,14,-20,-20,-20,16,3,14,16,10,11,29,-20,3,-20,3,-20,-20,-20,18,9,11,19,22,18,36,11,16,23,9,33,51,28,24,-20,13,10,35,9,8,6,15,9,23,28,6,9,10,8,19,22,34,19,-20,28,8,10,18,7,19,17,19,-20,-20,17,9,35,-20,23,11,19,16,13,14,4,10,12,9,9,10,14,9,15,6,15,7,13,-20,18,30,15,10,24,15,38,11,10,40,-20,17,50,5,-20,7,24,4,37,10,-20,8,16,-20,-20,-20,13,50,17,27,-20,-20,-20,20,3,-20,-20,13,26,22,-20,26,18,28,-20,26,32,7,6,-20,4,10,51,-20,-20,13,16,12,3,3,14,10,-20,-20,-20,-20,-20,27,9,12,17,49,14,16,-20,-20,5,-20,13,-20,10,20,19,-20,-20,-20,-20,4,18,5,-20,11,19,-20,-20,-20,-20,9,-20,-20,-20,-20,12,5,-20,6,53,15,-20,15,-20,-20,15,23,9,7,14,15,13,23,8,-20,13,-20,12,6,12,-20,6,2,4,87,12,9,-20,-20,17,14,-20,11,-20,7,-20,19,-20,11,11,3,4,-20,-20,4,13,6,11,11,-20,11,33,13,-20,20,-20,-20,-20,79,18,13,-20,9,4,5,4,7,-20,2,6,11,-20,6,5,-20,-20,-20,11,6,-20,9,7,19,14,11,-20,5,16,17,-20,10,8,2,-20,8,8,-20,-20,-20,19,14,13,4,-20,47,27,19,11,-20,16,-20,-20,6,-20,-20,-20,3,6,17,6,-20,14,-20,-20,7,11,-20,-20,4,8,28,10,-20,7,4,4,-20,-20,-20,-20,33,43,36,-20,13,-20,32,5,7,-20,-20,8,3,29,-20,-20,-20,10,10,-20,27,-20,4,-20,-20,-20,8,13,20,-20,6,10,4,10,2,-20,20,-20,20,-20,-20,11,-20,7,27,6,11,-20,11,-20,14,-20,36,9,34,13,6,-20,15,12,11,5,8,18,39,36,15,35,33,23,30,-20,11,17,9,26,12,10,18,5,9,-20,-20,9,4,6,-20,16,27,-20,20,-20,9,37,4,9,-20,9,28,5,9,15,11,16,-20,3,-20,16,17,8,60,36,29,48,30,19,20,20,23,46,26,14,17,-20,22,24,40,43,23,4,20,19,53,16,-20,8,4,15,29,11,16,20,37,31,-20,35,-20,26,6,55,16,20,18,18,-20,13,15,-20,6,-20,11,11,-20,12,8,6,10,5,9,12,6,10,7,10,-20,10,-20,10,3,11,6,4,10,18,9,-20,19,10,-20,-20,14,13,-20,18,-20,9,4,16,8,7,11,14,3,-20,6,8,-20,7,6,7,11,9,-20,-20,-20,4,10,-20,-20,5,-20,4,-20,-20,9,6,11,7,21,12,-20,-20,10,10,-20,11,-20,10,11,7,9,5,12,6,13,18,10,5,-20,6,11,9,7,-20,5,21,2,7,7,10,4,-20,9,6,5,5,9,-20,15,4,5,-20,4,-20,8,11,10,7,13,-20,9,6,-20,6,6,3,5,9,6,-20,13,5,9,3,-20,8,4,8,7,6,6,5,10,4,15,4,24,7,16,14,9,9,6,18,13,-20,-20,-20,-20,-20,-20,3,-20,-20,32,9,12,13,5,6,17,14,19,-20,12,8,8,12,4,13,4,10,-20,10,12,8,9,6,-20,-20,-20,3,7,12,6,-20,6,-20,13,8,13,7,-20,-20,-20,5,8,10,-20,7,-20,8,5,14,-20,7,3,-20,-20,-20,12,60,8,13,-20,10,-20,6,11,10,16,12,14,11,8,-20,14,-20,7,13,14,5,12,13,6,12,13,-20,10,-20,15,19,10,15,7,-20,-20,-20,12,18,7,10,12,5,-20,-20,6,-20,-20,9,5,-20,8,8,4,-20,-20,-20,2,9,-20,6,6,4,-20,3,-20,7,6,9,4,8,7,6,4,-20,-20,-20,-20,5,7,-20,-20,7,-20,3,7,-20,-20,4,5,-20,-20,4,5,6,4,6,8,9,-20,-20,-20,7,-20,12,8,10,11,9,3,5,-20,-20,-20,13,-20,31,8,5,6,6,14,4,11,12,19,10,7,5,-20,-20,6,4,-20,-20,12,6,-20,6,-20,-20,-20,-20,-20,4,-20,17,6,-20,7,4,-20,-20,-20,-20,5,16,9,-20,3,7,-20,-20,-20,2,-20,7,3,8,5,7,-20,-20,-20,5,3,10,4,-20,3,-20,9,-20,3,3,10,6,6,9,6,-20,6,-20,-20,-20,-20,-20,6,3,6,9,10,-20,13,3,14,-20,-20,-20,-20,3,-20,3,7,11,-20,4,8,4,-20,9,6,96,17,11,30,31,27,28,28,-20,45,65,55,71,48,36,57,45,47
"chr3,14742699",-20,3,-20,4,-20,3,-20,-20,-20,-20,-20,-20,26,16,8,10,35,13,77,37,-20,-20,45,28,36,25,13,22,13,2,9,4,8,9,54,43,25,15,18,7,-20,30,11,22,7,48,8,47,12,27,12,29,48,40,22,24,28,20,18,25,29,24,31,17,23,28,23,41,51,14,26,21,16,32,29,36,21,7,4,8,9,16,18,4,-20,23,17,44,34,16,17,19,25,30,18,23,16,42,4,28,27,33,8,11,26,35,-20,26,35,9,-20,-20,-20,-20,-20,-20,5,8,-20,4,11,6,5,-20,-20,-20,-20,-20,-20,-20,-20,-20,-20,3,-20,-20,-20,-20,-20,7,2,-20,6,10,-20,-20,-20,3,4,-20,6,12,14,21,35,-20,5,7,58,23,-20,2,-20,-20,3,10,-20,-20,8,15,38,62,26,12,-20,16,9,7,15,85,14,-20,16,-20,16,3,14,16,-20,11,29,13,3,-20,3,9,11,9,17,9,11,21,23,18,36,11,16,23,-20,35,51,27,24,11,13,11,37,8,7,6,14,8,20,28,6,9,10,9,18,23,33,20,39,31,8,10,18,7,19,17,19,-20,10,17,9,35,14,24,11,20,17,15,15,5,11,12,9,9,10,12,-20,15,6,15,7,13,22,18,32,16,10,25,15,37,13,10,42,45,17,48,5,-20,7,24,4,37,10,-20,8,16,8,23,-20,13,50,17,27,-20,-20,-20,19,3,-20,-20,14,26,24,-20,26,19,30,30,27,32,7,6,6,4,10,50,-20,-20,13,-20,-20,3,4,-20,-20,30,8,13,-20,-20,29,8,12,17,51,14,-20,-20,18,5,-20,12,7,9,21,-20,16,11,9,-20,4,18,5,7,11,19,11,20,-20,11,9,-20,4,7,11,12,5,10,6,53,17,10,15,61,-20,16,24,9,7,14,15,13,23,9,-20,13,5,12,6,11,-20,6,2,4,88,12,9,-20,-20,17,14,13,11,9,7,-20,19,5,12,11,3,4,9,-20,4,13,-20,10,11,5,11,33,13,5,21,25,21,13,80,17,13,10,-20,4,4,4,7,7,-20,6,11,17,6,5,17,-20,24,12,6,10,8,7,19,15,11,-20,5,17,17,6,11,8,2,-20,8,8,-20,-20,5,20,14,12,5,9,49,29,19,11,11,16,-20,-20,6,-20,9,-20,3,6,19,5,-20,14,-20,-20,7,10,15,-20,4,-20,30,10,-20,7,4,4,5,31,7,18,35,47,39,44,13,26,34,5,6,23,29,8,3,31,8,-20,21,10,9,7,-20,4,4,-20,23,5,7,13,20,10,5,9,4,-20,2,-20,20,8,19,3,8,11,22,7,27,7,12,-20,11,-20,14,-20,38,9,35,12,6,7,-20,11,10,5,-20,19,37,37,15,36,34,23,29,28,11,16,-20,27,13,10,17,5,9,12,9,9,4,5,6,15,29,24,21,18,9,37,4,9,19,9,24,5,9,14,11,15,-20,3,-20,17,17,-20,60,36,31,47,31,19,20,21,23,46,28,13,17,-20,21,25,41,44,23,4,20,18,53,16,-20,7,-20,15,30,13,16,21,37,28,12,39,-20,26,-20,55,16,20,18,19,25,13,14,-20,-20,19,11,11,14,12,8,6,9,4,9,11,-20,9,7,9,6,10,8,-20,-20,12,6,4,10,17,9,3,19,10,-20,8,14,13,9,18,5,9,4,15,-20,6,11,14,3,9,6,8,8,7,6,7,11,9,5,-20,8,-20,10,7,15,5,6,4,-20,-20,9,6,11,7,18,11,7,12,10,10,-20,11,10,9,11,7,9,5,11,7,12,18,10,5,10,-20,10,8,7,8,5,21,2,7,7,9,4,-20,9,-20,5,5,9,-20,14,3,4,5,4,10,8,12,10,7,13,8,9,6,-20,6,5,3,5,9,6,-20,13,5,9,3,9,8,4,8,7,6,6,5,10,4,15,4,27,7,15,15,9,9,6,18,13,-20,-20,-20,-20,-20,-20,3,-20,-20,30,9,11,14,5,6,-20,14,19,2,12,8,7,12,4,12,4,-20,-20,9,13,8,9,6,16,9,-20,3,7,13,6,-20,6,-20,14,8,13,7,-20,-20,-20,5,8,10,-20,7,-20,8,5,14,13,7,3,-20,8,-20,12,59,8,14,10,7,8,-20,11,12,17,13,15,11,8,-20,13,-20,7,13,13,6,12,14,6,12,13,6,10,-20,13,19,8,16,8,-20,-20,3,12,17,7,10,11,5,11,-20,6,-20,6,9,5,9,8,7,4,5,5,-20,2,7,13,-20,6,4,7,3,6,7,6,9,4,8,7,6,4,6,-20,4,-20,5,7,9,-20,7,-20,3,7,-20,3,4,5,-20,-20,4,5,6,4,7,8,9,14,9,-20,7,16,11,8,10,10,9,3,-20,-20,8,-20,14,6,33,8,5,5,6,13,4,11,12,20,10,7,5,8,8,6,4,8,-20,11,6,10,6,-20,-20,-20,6,-20,-20,5,18,6,-20,7,4,-20,-20,8,-20,5,17,9,-20,-20,5,-20,-20,8,4,-20,7,3,8,4,8,-20,-20,-20,5,3,-20,4,-20,3,-20,8,-20,3,3,11,5,6,11,7,-20,6,-20,-20,2,-20,-20,-20,5,6,10,10,-20,13,3,14,-20,10,-20,-20,3,-20,3,-20,11,5,-20,8,4,4,9,5,95,17,11,30,32,25,30,28,52,44,80,55,71,49,37,60,45,52
"chr3,14742704",-20,3,-20,3,-20,3,-20,-20,-20,-20,-20,8,28,16,7,11,34,12,70,38,36,-20,-20,30,34,-20,13,23,13,2,8,4,9,10,54,43,22,14,19,6,11,29,14,22,-20,51,9,47,13,27,13,31,47,35,21,23,28,22,17,23,28,22,31,15,23,29,24,43,48,15,23,19,15,32,31,35,-20,8,4,8,7,15,20,5,-20,24,17,43,28,15,17,16,26,28,19,19,16,39,4,28,26,30,8,10,26,32,-20,26,35,10,-20,-20,-20,-20,-20,-20,5,9,-20,4,-20,7,6,-20,-20,-20,-20,-20,-20,-20,-20,-20,-20,-20,-20,-20,-20,-20,-20,7,3,-20,6,11,-20,-20,-20,-20,4,-20,5,14,13,19,32,10,6,7,61,24,-20,-20,-20,-20,3,11,-20,-20,9,12,35,55,25,10,5,-20,9,7,14,73,14,11,16,-20,17,2,17,12,8,11,30,12,3,-20,-20,10,12,10,20,8,11,21,20,13,34,14,18,25,7,35,51,24,23,10,11,15,37,-20,8,6,12,8,20,25,7,9,10,9,18,21,34,16,38,33,9,13,18,6,21,17,20,-20,13,18,8,36,14,23,13,18,17,17,14,-20,10,16,8,9,11,14,12,14,6,13,7,14,23,18,30,15,11,21,15,38,12,12,43,45,18,52,8,10,7,19,4,44,10,-20,8,17,9,21,-20,13,47,17,27,-20,2,3,20,4,-20,-20,13,28,26,-20,26,18,30,30,26,35,7,8,5,4,11,54,9,16,12,17,14,5,-20,14,12,29,-20,-20,-20,-20,29,8,13,19,45,14,15,-20,17,5,6,15,8,9,19,20,16,11,9,15,4,18,5,6,11,16,11,16,-20,10,8,4,4,7,11,12,5,10,6,53,17,10,14,63,-20,-20,23,9,7,-20,14,12,22,9,-20,12,5,12,6,11,11,-20,2,4,87,12,9,-20,-20,17,14,14,10,9,6,13,19,5,12,11,3,6,10,-20,6,12,6,10,11,-20,11,30,10,6,19,24,24,14,81,19,14,-20,-20,4,4,4,6,6,2,6,12,17,6,5,18,15,25,14,7,8,7,8,19,15,10,4,5,18,18,7,13,-20,2,6,8,8,-20,5,5,20,14,9,8,10,44,28,21,13,11,16,-20,9,6,-20,9,-20,4,6,19,8,12,15,-20,12,7,10,16,11,3,8,29,10,-20,8,-20,4,7,32,7,18,36,46,37,43,13,25,32,4,8,20,-20,9,4,30,8,4,19,10,10,-20,-20,4,3,10,22,5,8,14,18,9,5,-20,4,11,2,9,23,-20,19,3,8,11,20,5,24,8,12,-20,14,7,12,-20,-20,9,36,11,6,6,14,13,9,5,6,19,38,-20,15,37,32,22,29,28,11,15,11,26,13,11,19,6,9,13,10,9,4,6,7,18,26,25,23,21,-20,37,5,9,18,9,26,5,8,12,11,16,-20,3,-20,18,20,7,60,37,30,49,33,16,21,21,19,43,28,15,15,14,22,24,40,42,23,4,25,14,50,17,3,7,-20,15,-20,13,14,21,38,28,13,41,-20,23,5,57,-20,-20,19,16,24,12,11,13,6,16,11,12,16,12,7,8,10,4,-20,9,5,10,8,10,6,8,8,13,3,14,6,3,10,17,10,3,18,10,-20,9,15,14,-20,15,4,9,4,20,9,-20,10,14,3,8,4,6,7,7,7,8,10,9,5,-20,8,6,10,8,15,5,-20,5,5,4,10,5,11,7,17,11,6,12,10,9,-20,12,13,10,9,8,9,5,14,7,10,19,8,6,12,6,13,8,7,7,6,21,-20,7,7,10,5,9,9,5,-20,6,10,-20,15,4,5,5,4,8,8,12,11,7,12,9,8,6,-20,5,5,3,6,9,6,-20,14,5,9,3,8,10,4,9,6,7,5,5,10,5,15,4,27,7,15,16,9,9,7,17,13,-20,-20,-20,-20,-20,-20,4,-20,-20,31,8,11,14,6,7,16,12,18,2,12,7,7,10,5,13,-20,11,9,-20,13,9,9,5,16,8,-20,4,7,13,7,-20,6,-20,13,7,13,7,-20,-20,-20,5,10,9,2,8,5,7,5,15,15,7,-20,-20,8,-20,11,64,8,14,12,7,7,-20,13,16,17,13,16,13,7,-20,14,13,7,13,14,6,13,15,6,15,13,7,11,-20,16,22,-20,14,9,3,-20,3,11,17,8,12,11,4,11,-20,7,-20,6,9,5,10,7,5,4,5,5,-20,2,7,14,6,6,4,7,3,6,9,6,10,4,9,7,-20,4,5,8,6,3,-20,-20,10,-20,6,-20,-20,8,-20,4,4,7,-20,4,4,6,8,4,7,7,9,12,9,-20,7,16,11,10,10,10,9,3,6,-20,9,-20,13,5,33,8,4,5,8,14,5,12,12,21,9,6,6,7,7,6,5,11,-20,11,6,8,7,9,9,-20,-20,-20,4,5,19,6,-20,8,4,-20,-20,-20,6,5,16,10,-20,3,4,5,-20,7,3,-20,9,3,7,-20,9,-20,-20,-20,5,5,-20,4,-20,3,-20,11,3,4,2,12,6,-20,13,-20,3,6,4,-20,-20,-20,-20,7,4,7,11,9,-20,13,5,12,-20,12,-20,-20,3,-20,3,6,12,4,-20,8,3,4,9,5,95,16,11,33,30,27,31,26,56,45,78,55,76,50,38,61,45,51
"chr3,14742705",-20,3,-20,4,-20,3,-20,-20,-20,-20,-20,8,29,15,13,13,36,13,75,39,36,-20,48,29,36,26,14,24,13,2,9,4,9,10,59,46,24,15,19,6,11,30,14,22,9,51,-20,48,14,28,14,32,47,34,22,23,26,22,19,24,30,25,30,16,22,30,26,44,51,16,25,21,15,33,32,38,27,8,4,7,8,14,23,5,3,26,18,42,35,16,18,18,27,31,22,25,16,40,4,30,27,32,8,10,27,34,-20,27,36,10,-20,-20,-20,-20,-20,-20,5,9,-20,5,9,7,6,-20,-20,-20,-20,-20,-20,-20,-20,-20,-20,-20,-20,-20,-20,-20,-20,7,3,-20,6,11,-20,-20,-20,-20,4,-20,5,13,13,20,35,10,6,7,61,26,-20,-20,-20,-20,3,11,-20,-20,9,12,36,60,28,10,5,20,9,7,14,74,13,10,16,-20,18,2,17,12,8,11,29,14,3,-20,2,10,12,10,18,8,12,21,20,19,35,13,18,25,8,36,51,25,23,9,10,15,37,8,8,6,11,8,25,26,7,8,10,8,19,21,34,16,39,32,-20,14,19,6,21,18,20,18,11,17,8,35,13,23,14,19,16,18,14,7,-20,15,8,9,11,15,12,14,6,14,9,15,25,18,29,16,11,22,16,37,13,12,42,43,19,51,8,10,7,18,4,44,11,-20,7,17,10,22,-20,13,47,17,27,-20,2,3,20,4,-20,-20,-20,29,26,-20,26,19,31,30,26,35,7,8,5,4,11,56,-20,15,13,17,14,5,-20,13,11,28,9,-20,-20,-20,29,8,13,19,46,-20,16,-20,18,5,6,15,8,9,19,20,16,11,9,16,4,18,5,6,12,16,10,-20,-20,12,8,6,4,7,12,11,4,10,6,53,17,10,14,64,-20,19,22,7,7,16,14,13,22,10,-20,12,5,13,6,11,10,5,2,4,87,11,9,-20,-20,18,14,15,11,9,7,12,19,5,13,11,3,-20,10,-20,6,13,6,9,11,-20,12,31,11,6,19,24,24,14,84,19,14,9,-20,4,-20,4,6,6,-20,5,12,17,6,5,18,14,27,15,7,-20,7,8,19,16,10,4,5,17,17,7,14,7,2,6,8,8,-20,5,-20,20,14,8,9,10,45,31,21,15,12,16,-20,9,7,-20,9,-20,4,7,19,8,12,14,-20,12,7,10,16,-20,3,10,29,11,-20,9,4,4,-20,33,7,18,36,47,42,43,14,27,32,6,9,21,32,9,4,30,8,4,20,10,10,-20,-20,4,3,10,-20,5,8,14,18,-20,6,-20,4,11,2,9,23,8,19,3,9,11,20,5,24,7,12,27,15,8,13,10,44,9,35,11,6,6,14,13,9,5,7,19,36,37,15,38,33,23,28,28,11,15,11,27,13,11,-20,-20,9,14,11,9,4,6,7,18,27,24,23,21,9,39,5,9,18,10,26,5,8,12,11,16,-20,3,-20,19,20,7,64,39,30,48,31,18,22,20,18,46,27,13,-20,14,23,24,42,42,22,3,25,15,48,17,3,8,6,15,32,14,15,22,38,30,13,41,-20,23,5,61,17,18,19,17,24,14,11,-20,6,17,11,13,16,14,7,8,10,4,7,9,5,10,8,-20,6,8,7,13,3,14,6,3,-20,16,10,3,18,10,-20,9,15,13,8,15,3,9,4,19,-20,7,11,14,3,-20,4,9,7,-20,7,8,10,9,5,-20,8,6,10,8,15,5,7,5,5,4,10,5,11,7,17,12,6,12,10,9,-20,12,13,10,-20,8,-20,5,14,7,10,18,8,6,12,6,13,8,8,6,6,21,-20,7,8,10,5,9,9,5,4,6,10,-20,14,4,5,5,4,-20,8,12,12,7,12,9,8,6,-20,5,5,3,6,9,7,-20,14,5,9,3,8,10,4,9,6,7,5,5,11,5,15,4,27,7,15,16,9,9,7,16,13,-20,-20,-20,-20,-20,-20,4,-20,-20,30,7,11,14,6,7,-20,12,18,2,12,7,8,10,5,13,-20,-20,9,10,14,9,9,5,16,8,-20,4,7,13,7,-20,6,-20,13,7,13,7,-20,-20,-20,5,10,9,2,8,5,7,5,15,15,7,-20,-20,8,-20,11,64,8,13,11,-20,7,-20,13,16,16,15,15,14,7,-20,14,13,9,13,14,6,13,16,6,16,13,7,11,-20,16,23,8,14,9,3,-20,3,11,17,8,12,11,4,11,-20,7,-20,6,9,5,10,7,5,4,5,5,-20,2,7,14,-20,6,4,7,3,6,9,7,10,4,9,7,6,4,5,8,6,3,6,6,10,-20,6,-20,4,8,-20,4,4,8,-20,4,5,6,8,4,7,-20,9,12,8,-20,7,16,11,10,10,10,-20,3,7,7,9,-20,13,6,33,-20,4,5,8,14,5,12,11,21,9,8,7,7,7,6,5,12,-20,11,6,8,7,9,9,-20,7,-20,4,4,19,6,-20,8,4,-20,-20,9,5,5,16,11,-20,3,7,6,-20,7,3,-20,9,3,6,-20,8,-20,-20,-20,5,4,7,4,-20,3,-20,11,3,4,2,12,6,6,13,7,3,5,4,-20,-20,-20,-20,7,5,8,12,9,-20,14,5,11,3,13,-20,3,3,-20,3,-20,12,5,-20,10,3,3,11,5,95,21,12,34,30,27,31,24,55,45,79,68,76,52,38,61,46,52
"chr3,14742713",-20,3,3,4,-20,3,-20,-20,-20,-20,-20,-20,27,16,13,14,34,12,68,36,-20,-20,-20,-20,35,24,13,26,12,-20,6,-20,9,10,56,44,21,14,23,6,-20,29,12,22,-20,49,11,48,14,27,12,29,45,32,-20,21,29,22,-20,23,32,-20,28,19,23,27,25,-20,47,15,25,-20,19,-20,30,33,26,-20,4,9,9,15,21,5,3,27,18,38,33,17,18,18,27,31,24,25,17,-20,3,32,24,-20,9,9,28,34,-20,22,35,9,-20,-20,-20,3,-20,-20,5,10,-20,4,-20,7,-20,-20,-20,-20,-20,-20,-20,-20,-20,-20,-20,3,-20,-20,-20,-20,-20,8,3,-20,7,10,-20,-20,-20,-20,5,-20,5,13,13,-20,31,8,-20,9,60,22,-20,3,-20,-20,3,10,3,-20,8,10,36,55,-20,-20,-20,19,9,-20,16,77,15,-20,16,3,19,3,17,14,7,11,30,-20,3,-20,3,-20,-20,-20,18,10,13,22,21,22,33,13,20,23,9,-20,47,22,22,-20,10,13,38,8,8,7,14,9,40,31,-20,7,6,6,-20,21,32,15,39,29,9,16,15,7,19,23,24,-20,-20,21,7,33,-20,21,13,20,19,-20,15,-20,-20,14,9,11,13,16,-20,11,5,12,10,16,-20,17,29,13,11,27,13,31,16,11,41,-20,20,43,8,-20,7,18,4,44,11,-20,8,16,-20,19,2,13,45,16,23,3,2,-20,19,4,-20,-20,13,30,28,-20,30,20,32,-20,26,33,7,9,3,3,11,55,9,-20,-20,-20,-20,5,4,-20,10,-20,-20,-20,-20,-20,-20,7,13,19,51,18,-20,-20,-20,5,4,-20,10,10,-20,-20,-20,-20,-20,-20,-20,20,6,-20,10,13,-20,-20,-20,-20,9,6,4,-20,-20,10,3,-20,6,52,-20,-20,13,-20,6,17,19,8,7,-20,19,12,19,10,-20,12,-20,13,5,10,11,4,2,3,78,12,9,-20,-20,20,18,-20,10,-20,7,-20,22,-20,10,11,3,6,-20,-20,6,10,5,7,11,5,11,28,12,-20,-20,-20,-20,-20,83,17,12,-20,-20,5,-20,5,5,-20,-20,6,11,-20,7,5,-20,-20,-20,20,7,-20,6,-20,22,15,10,-20,3,18,17,-20,16,7,3,-20,8,6,3,-20,-20,16,13,8,8,-20,48,30,18,11,-20,16,-20,7,8,-20,-20,-20,-20,8,19,9,-20,14,-20,-20,8,10,-20,-20,4,-20,27,11,-20,9,7,-20,-20,-20,-20,-20,32,37,37,-20,12,-20,34,6,9,-20,33,8,5,27,-20,4,-20,13,-20,-20,-20,-20,5,10,17,5,9,20,12,9,8,9,3,-20,3,-20,-20,-20,23,-20,-20,11,18,7,23,-20,12,-20,-20,-20,14,-20,-20,7,34,-20,6,-20,13,12,9,7,-20,21,34,34,17,42,35,23,28,-20,11,14,11,28,14,10,19,6,-20,-20,-20,9,4,8,-20,17,25,-20,21,-20,12,38,-20,-20,-20,-20,21,6,6,9,10,17,-20,5,-20,22,19,8,59,38,32,49,29,-20,24,18,21,40,24,-20,-20,-20,20,24,45,40,23,3,26,16,52,17,3,7,8,15,35,17,15,24,36,32,11,34,-20,25,-20,65,19,20,19,17,-20,16,11,-20,6,-20,13,13,-20,17,11,9,11,4,6,6,6,15,8,9,-20,11,8,14,-20,-20,6,-20,8,16,11,-20,18,9,-20,8,15,14,-20,14,3,10,4,-20,9,6,9,16,3,8,4,8,-20,-20,6,9,7,10,-20,-20,6,7,9,-20,-20,6,6,6,6,-20,10,4,11,8,14,11,-20,11,11,-20,-20,10,14,9,-20,7,9,5,-20,7,10,17,8,6,-20,-20,13,8,8,6,5,20,-20,8,8,10,7,-20,10,-20,3,4,10,-20,14,4,5,-20,3,8,8,10,13,10,11,-20,9,8,-20,5,5,3,7,9,9,-20,17,7,8,-20,7,10,3,10,8,7,6,6,11,4,15,5,28,7,16,17,8,9,9,14,13,-20,-20,-20,-20,-20,-20,4,-20,-20,26,5,11,12,5,6,-20,13,19,3,10,7,10,11,5,12,7,11,-20,8,13,-20,8,5,16,-20,9,4,8,14,7,3,6,-20,13,8,11,6,-20,-20,3,6,11,-20,-20,7,-20,7,8,15,-20,8,4,-20,-20,-20,-20,64,9,12,13,7,7,6,14,16,16,18,13,15,8,-20,15,-20,10,14,14,7,14,13,5,-20,14,-20,11,-20,17,22,8,12,11,5,-20,-20,13,16,7,13,11,5,-20,3,-20,-20,-20,10,4,-20,7,6,3,-20,-20,3,-20,6,-20,-20,5,6,-20,-20,-20,10,7,8,4,10,10,7,-20,-20,-20,-20,5,7,6,-20,-20,6,-20,4,9,4,-20,4,7,3,-20,5,5,8,4,7,-20,8,11,-20,-20,8,-20,13,11,11,9,-20,3,6,9,-20,-20,11,7,34,-20,4,8,12,14,5,12,12,20,11,9,-20,7,-20,6,7,-20,-20,11,6,8,8,-20,9,-20,-20,-20,6,2,17,6,-20,-20,-20,-20,-20,-20,5,5,-20,7,-20,-20,4,7,-20,-20,-20,-20,8,-20,-20,-20,5,-20,-20,-20,6,5,6,4,5,-20,-20,12,-20,-20,-20,10,5,6,9,6,-20,8,4,-20,3,-20,-20,6,3,6,11,9,-20,-20,6,11,4,10,-20,3,4,-20,-20,-20,7,4,-20,12,4,5,8,5,94,23,12,31,25,26,28,28,-20,46,86,52,77,43,43,58,38,51
"chr3,14742716",-20,3,3,4,-20,3,-20,-20,-20,-20,-20,7,28,18,13,14,36,12,74,40,-20,-20,46,27,38,26,12,26,12,3,6,-20,8,9,58,44,22,15,24,6,12,28,13,21,6,49,10,47,14,27,14,29,50,28,19,23,25,20,19,22,35,26,29,19,23,28,25,45,49,16,24,20,19,35,31,36,28,8,4,13,9,16,21,5,3,28,20,41,34,17,20,19,24,34,24,25,14,40,2,34,24,30,9,9,29,40,-20,20,35,9,-20,-20,-20,-20,-20,-20,5,10,-20,-20,9,7,5,-20,-20,-20,-20,-20,-20,-20,-20,-20,-20,3,-20,-20,-20,3,-20,9,3,-20,7,9,-20,-20,-20,-20,5,-20,5,14,15,22,33,9,-20,8,57,22,-20,3,-20,-20,3,10,3,-20,8,11,36,58,16,12,4,20,9,-20,12,81,15,10,16,-20,19,4,17,14,7,10,28,15,3,-20,3,11,10,10,18,11,14,24,21,22,35,14,20,25,9,36,47,19,24,11,9,14,38,8,8,8,14,9,38,34,9,7,7,5,-20,21,33,14,41,32,9,16,17,8,-20,24,25,17,10,23,6,33,15,20,13,-20,18,22,13,10,9,14,9,13,14,16,-20,13,4,12,10,16,26,15,31,13,10,24,14,31,16,13,43,46,21,43,8,-20,7,22,4,46,11,-20,9,15,10,20,2,12,44,18,25,3,2,-20,20,4,-20,-20,13,31,29,-20,35,21,33,29,27,34,7,9,3,3,11,58,10,14,12,-20,15,6,-20,-20,10,28,-20,12,-20,-20,28,7,11,18,54,18,18,-20,16,-20,4,-20,10,10,20,18,-20,8,11,-20,2,17,6,7,11,14,12,15,-20,-20,9,8,4,-20,11,12,4,-20,7,49,18,9,13,58,6,15,19,7,7,12,20,11,20,10,-20,12,5,12,5,10,12,4,2,3,81,12,8,-20,-20,21,19,17,8,11,7,-20,23,4,-20,10,3,7,10,-20,6,11,5,8,11,5,10,30,13,6,21,22,25,14,87,17,12,9,-20,5,-20,5,5,8,-20,4,10,21,8,5,18,-20,32,20,7,6,6,6,20,15,10,-20,3,19,17,-20,17,7,3,-20,6,5,3,6,-20,17,14,8,9,11,51,32,17,11,12,16,-20,7,8,-20,10,-20,-20,7,19,10,16,16,-20,-20,8,10,13,12,-20,-20,29,11,-20,9,5,-20,-20,25,7,20,29,41,40,45,13,26,35,6,10,24,37,8,6,27,9,3,-20,12,9,8,31,5,5,12,17,5,8,17,15,9,8,11,3,10,3,9,23,-20,23,-20,-20,10,19,7,23,6,11,-20,15,7,15,11,48,7,30,10,6,5,14,13,9,8,7,21,32,36,17,43,37,23,28,27,11,17,12,31,16,10,19,6,8,-20,9,9,4,9,9,17,25,24,23,17,13,37,5,10,-20,11,21,6,6,10,10,17,-20,5,-20,24,19,8,61,35,30,49,30,20,25,19,21,40,24,13,19,17,21,26,45,42,21,3,28,16,54,18,3,10,-20,16,37,17,16,28,35,31,13,38,-20,27,-20,68,16,20,18,20,24,16,10,-20,6,17,13,13,-20,17,11,10,13,4,6,6,6,12,8,8,7,11,8,15,-20,10,7,-20,9,18,11,-20,19,10,-20,8,14,14,8,14,3,10,4,23,9,6,9,17,3,8,4,8,8,-20,5,9,7,11,6,-20,-20,7,10,-20,15,7,6,7,6,5,10,4,11,9,15,12,-20,13,12,10,-20,-20,14,10,-20,7,9,4,16,7,12,17,8,5,-20,-20,12,7,8,6,-20,19,-20,9,8,10,7,-20,10,-20,3,4,10,-20,14,4,5,-20,3,8,8,10,12,8,10,-20,9,10,-20,5,5,-20,7,9,9,-20,17,8,8,-20,6,10,3,10,8,6,6,6,12,4,15,4,28,7,14,19,-20,12,7,14,14,-20,-20,-20,-20,-20,-20,4,-20,-20,30,4,11,12,5,6,-20,12,18,3,12,8,10,11,5,12,8,10,-20,8,13,10,8,4,19,5,10,4,8,12,6,-20,7,-20,13,8,12,6,7,-20,3,7,11,-20,-20,-20,6,8,8,16,15,8,4,-20,6,-20,12,68,10,12,15,7,7,6,14,16,16,19,14,16,10,-20,13,12,10,13,15,7,13,15,5,16,16,-20,11,-20,17,23,8,12,13,5,-20,3,13,15,9,12,13,6,10,3,7,-20,6,10,4,11,7,6,3,6,-20,3,-20,6,-20,-20,5,5,7,-20,5,10,-20,9,5,10,11,7,-20,-20,8,-20,6,7,7,11,-20,7,-20,5,9,4,-20,3,7,2,4,5,5,8,4,7,-20,8,12,7,-20,8,15,12,11,11,9,-20,3,6,9,9,4,14,7,34,-20,6,8,12,15,5,12,12,20,12,9,-20,7,7,6,6,16,-20,11,6,9,8,6,9,-20,8,-20,7,3,18,7,-20,8,4,-20,-20,7,-20,4,14,7,-20,-20,4,7,-20,8,3,-20,7,-20,-20,-20,5,-20,-20,5,4,-20,6,4,-20,-20,-20,11,-20,3,3,8,8,6,9,-20,-20,6,3,-20,3,-20,2,7,3,7,13,9,-20,13,6,11,4,10,4,4,5,-20,-20,4,9,4,-20,10,-20,6,8,5,95,23,12,34,23,25,28,28,-20,44,86,52,74,47,42,60,43,53
"chr3,14742717",-20,3,3,3,-20,3,-20,-20,-20,-20,-20,-20,28,18,13,13,34,12,68,37,-20,-20,41,-20,-20,26,12,28,12,3,6,-20,8,7,54,44,22,13,24,6,-20,29,13,21,6,47,11,45,14,27,13,29,47,-20,-20,23,24,19,-20,22,34,26,28,19,23,27,25,41,47,14,25,19,19,32,30,33,26,-20,4,13,9,16,21,5,3,27,19,38,32,18,23,18,24,34,24,25,13,-20,2,33,23,-20,9,9,28,38,-20,20,34,9,-20,-20,-20,-20,-20,-20,5,10,-20,-20,9,7,5,-20,-20,-20,-20,-20,-20,-20,-20,-20,-20,3,-20,-20,-20,3,-20,9,3,-20,7,9,-20,-20,-20,-20,5,-20,5,14,14,21,-20,9,-20,8,56,23,-20,3,-20,-20,3,9,3,-20,8,11,37,58,14,10,-20,19,9,-20,12,77,15,-20,17,-20,18,4,17,14,7,8,28,15,3,-20,4,-20,-20,-20,18,11,13,21,20,22,30,15,20,25,9,-20,48,-20,24,-20,10,13,38,-20,8,8,15,9,40,34,-20,7,7,7,19,20,33,13,41,28,9,15,17,8,19,25,26,-20,9,22,6,33,-20,20,13,-20,-20,-20,14,10,-20,14,9,12,14,17,-20,14,4,10,10,15,-20,13,30,15,11,24,14,30,15,12,42,-20,20,43,8,-20,7,22,4,45,12,-20,9,15,-20,-20,2,12,44,18,25,3,2,-20,20,4,-20,-20,14,31,28,-20,35,22,31,-20,26,33,7,9,3,3,10,56,10,11,12,-20,-20,6,-20,-20,-20,29,-20,-20,-20,3,27,7,12,18,54,18,17,-20,-20,-20,5,-20,10,11,19,17,-20,-20,10,-20,2,17,6,7,11,13,11,-20,-20,-20,9,8,4,-20,-20,12,4,-20,7,47,-20,-20,14,57,6,14,19,7,7,-20,20,10,-20,10,-20,-20,-20,12,5,10,13,4,2,3,75,11,8,-20,-20,22,19,-20,8,10,7,-20,23,-20,-20,10,3,7,-20,-20,6,10,6,8,11,5,11,29,13,-20,-20,-20,-20,-20,85,17,12,-20,-20,6,-20,5,5,-20,-20,4,9,19,8,5,-20,-20,-20,21,7,-20,6,6,17,15,-20,-20,3,19,17,10,16,7,3,-20,6,5,3,-20,-20,16,13,8,9,-20,50,30,17,11,-20,16,-20,7,7,-20,-20,-20,-20,7,19,11,-20,16,-20,-20,8,10,-20,-20,4,-20,27,9,-20,9,5,-20,-20,-20,-20,-20,29,38,37,40,13,-20,35,6,8,-20,35,7,-20,26,-20,-20,21,11,8,-20,30,5,5,12,18,-20,9,17,14,9,8,10,3,-20,3,-20,-20,-20,23,-20,-20,10,19,7,23,-20,12,-20,-20,-20,16,-20,47,7,30,-20,5,-20,14,13,9,9,-20,21,33,37,17,43,36,23,28,25,11,17,10,31,16,10,21,6,-20,-20,8,9,4,9,9,16,24,22,21,17,12,37,-20,-20,-20,11,21,6,6,8,10,16,-20,5,-20,24,17,-20,57,35,29,46,29,19,23,20,19,41,25,-20,19,-20,21,25,49,40,20,3,27,17,60,18,3,10,8,18,36,16,16,28,38,32,-20,34,-20,28,-20,67,16,20,18,19,-20,16,10,-20,6,-20,13,13,-20,17,11,10,12,4,6,6,6,12,8,8,-20,12,8,14,-20,-20,7,-20,8,18,11,-20,18,10,-20,8,13,14,-20,14,3,9,4,20,9,6,9,17,3,8,4,8,-20,-20,5,9,7,11,6,-20,-20,7,10,-20,-20,7,6,7,6,-20,9,4,10,9,14,11,-20,12,11,10,-20,9,14,10,-20,7,9,-20,16,7,11,17,8,5,-20,-20,12,6,8,6,6,18,-20,9,8,10,7,-20,10,-20,3,4,10,-20,12,4,5,-20,3,7,8,10,11,8,10,-20,8,9,-20,5,5,-20,7,9,9,-20,17,8,8,-20,6,10,3,10,7,6,6,6,12,4,15,4,27,7,13,19,-20,12,7,14,13,-20,-20,-20,-20,-20,-20,4,-20,-20,30,4,11,12,5,6,-20,12,18,3,11,8,10,11,5,12,8,10,-20,7,12,-20,8,3,19,5,10,4,8,11,6,-20,6,-20,12,7,12,6,6,-20,3,7,11,-20,-20,-20,-20,7,8,15,-20,8,4,-20,6,-20,12,66,10,12,14,7,7,6,13,15,16,19,13,16,10,-20,12,11,10,13,14,7,12,14,5,14,15,-20,11,-20,17,21,8,12,13,5,-20,-20,13,15,9,11,11,6,-20,3,7,-20,5,10,4,11,7,6,3,-20,-20,3,-20,5,-20,-20,5,6,-20,-20,-20,-20,7,9,5,9,11,7,-20,6,-20,-20,6,7,7,10,-20,7,-20,5,9,4,-20,3,7,2,-20,4,5,8,4,7,-20,7,11,-20,-20,8,13,12,11,11,9,-20,3,6,9,-20,3,13,7,35,-20,6,8,-20,15,5,12,11,19,12,9,-20,7,-20,6,6,-20,-20,10,6,8,-20,-20,9,-20,-20,-20,7,3,17,7,-20,-20,4,-20,-20,8,3,4,-20,7,-20,-20,4,6,-20,-20,3,-20,6,-20,-20,-20,4,-20,-20,5,6,5,5,4,5,-20,-20,13,-20,4,-20,8,7,-20,9,7,-20,6,4,-20,3,-20,-20,7,3,6,14,10,-20,-20,6,12,4,-20,4,5,5,-20,-20,5,10,4,-20,11,4,7,8,5,95,23,12,35,23,25,28,27,-20,44,86,66,73,45,44,60,43,49
"chr3,14742719",-20,3,3,4,-20,4,-20,-20,-20,-20,-20,-20,30,19,13,13,35,14,72,36,-20,-20,45,-20,39,26,13,29,12,3,6,-20,7,7,49,46,23,13,23,6,-20,-20,12,20,6,47,10,48,13,27,15,30,52,-20,-20,23,24,-20,-20,23,32,24,30,20,23,30,28,42,48,14,26,19,20,31,30,36,26,-20,3,12,9,17,22,5,3,30,20,38,32,18,22,20,29,37,23,27,13,-20,2,34,21,29,11,10,27,43,-20,24,33,9,-20,-20,-20,-20,-20,-20,5,10,-20,-20,-20,-20,8,-20,-20,-20,-20,-20,-20,-20,-20,-20,-20,3,-20,-20,-20,3,-20,-20,3,-20,8,9,-20,-20,-20,-20,6,-20,7,14,16,-20,33,-20,5,8,57,22,4,3,-20,-20,4,9,3,-20,9,11,39,62,13,11,3,20,9,-20,13,80,15,-20,17,-20,18,4,17,14,7,8,28,16,3,-20,4,10,-20,-20,18,11,14,21,21,26,30,15,20,21,8,-20,49,21,23,-20,10,13,40,-20,8,-20,14,9,40,34,-20,5,7,7,-20,21,36,14,40,28,9,20,19,8,-20,25,24,-20,10,22,5,35,-20,20,13,19,-20,-20,15,10,-20,15,9,13,13,16,-20,15,4,-20,11,17,-20,17,32,16,9,31,13,32,16,14,44,-20,20,43,9,15,8,21,4,45,10,-20,-20,14,-20,-20,-20,12,44,22,25,3,2,-20,18,4,4,-20,16,31,27,-20,38,22,32,-20,28,33,7,9,3,-20,9,60,10,11,11,17,13,6,3,12,-20,29,-20,-20,-20,-20,29,9,-20,16,52,18,17,-20,-20,-20,6,-20,10,11,20,16,-20,-20,10,-20,2,17,6,-20,10,13,10,-20,-20,-20,8,8,-20,-20,-20,12,4,-20,7,49,-20,-20,14,-20,6,15,20,-20,7,13,21,10,20,8,-20,11,-20,13,5,10,13,4,2,3,80,11,8,-20,-20,23,20,-20,8,10,8,11,23,-20,-20,10,3,7,-20,-20,6,-20,6,8,11,5,10,29,13,-20,-20,-20,-20,-20,90,18,11,-20,8,6,-20,5,5,-20,-20,3,10,-20,6,5,-20,-20,-20,20,7,-20,6,6,17,14,10,-20,3,19,15,-20,17,6,3,-20,7,5,3,-20,-20,15,13,8,9,-20,50,30,18,10,-20,16,-20,7,7,-20,-20,-20,-20,7,18,11,-20,15,-20,-20,8,10,-20,-20,-20,8,29,9,-20,8,5,-20,-20,-20,-20,-20,30,39,37,39,14,-20,35,6,-20,-20,42,7,6,28,-20,3,19,-20,-20,8,30,5,5,12,17,5,11,21,14,9,8,-20,3,10,3,-20,20,-20,23,-20,-20,10,19,6,21,-20,12,-20,16,-20,15,-20,47,6,28,-20,5,-20,-20,13,8,9,7,19,35,36,21,46,38,25,29,24,11,19,11,29,15,10,22,6,7,-20,8,9,4,9,-20,18,22,-20,23,17,13,36,5,12,-20,10,21,6,5,9,-20,17,-20,5,-20,23,21,8,62,37,30,47,29,-20,23,21,21,41,26,-20,19,-20,24,27,49,-20,20,3,29,17,59,18,3,10,8,18,35,17,16,27,36,33,11,34,-20,28,6,66,-20,22,17,-20,-20,16,11,12,6,-20,13,14,-20,18,11,10,14,4,6,6,7,12,8,10,-20,12,10,14,-20,-20,7,-20,11,18,12,-20,17,10,-20,8,15,14,-20,15,3,9,4,24,12,-20,8,18,4,8,4,8,-20,14,-20,8,-20,12,-20,-20,-20,8,10,-20,-20,-20,8,6,7,7,11,4,-20,-20,15,11,-20,12,11,10,-20,7,14,11,10,-20,9,-20,-20,9,11,18,8,5,-20,9,12,7,9,6,7,17,-20,9,8,12,7,11,10,3,-20,4,9,-20,12,4,5,-20,3,-20,7,11,10,8,11,-20,8,9,-20,5,5,-20,7,9,10,-20,17,8,7,-20,9,11,3,10,8,7,7,7,11,4,16,4,27,8,13,19,-20,14,7,15,14,-20,-20,-20,-20,-20,-20,5,-20,-20,27,4,11,13,6,6,-20,12,19,3,12,10,12,11,5,13,11,11,9,10,13,-20,8,3,19,6,9,4,7,11,6,-20,8,-20,11,7,11,6,-20,-20,3,8,12,-20,-20,-20,-20,8,9,13,-20,8,5,-20,6,-20,11,74,10,12,15,6,7,6,13,14,17,19,13,16,10,-20,11,11,9,13,15,10,12,14,5,14,15,-20,12,-20,19,22,8,12,12,-20,-20,-20,16,15,11,12,11,6,-20,3,7,-20,5,8,4,14,6,6,3,-20,-20,3,-20,5,-20,8,-20,7,-20,-20,-20,10,-20,10,5,10,11,6,-20,-20,-20,-20,-20,7,-20,11,-20,-20,-20,5,9,5,-20,3,8,3,-20,4,6,8,4,8,9,7,11,-20,-20,8,-20,12,13,11,9,11,3,7,10,-20,-20,14,10,34,8,6,8,12,14,5,13,15,19,14,9,-20,6,-20,6,-20,-20,-20,10,8,9,7,-20,9,-20,-20,-20,7,-20,17,10,-20,8,5,-20,-20,9,3,3,13,-20,-20,-20,-20,8,-20,-20,-20,-20,4,-20,-20,-20,-20,-20,-20,4,6,5,6,4,-20,-20,-20,13,-20,4,-20,9,7,-20,8,6,-20,8,4,-20,-20,-20,-20,7,4,5,12,-20,-20,12,6,9,4,10,4,5,4,-20,-20,4,8,3,-20,10,5,7,7,5,97,23,11,32,25,27,29,27,-20,42,86,52,78,45,42,62,44,48
"chr3,14742720",-20,3,3,5,-20,4,-20,-20,-20,-20,-20,-20,31,20,14,14,36,15,73,36,-20,-20,-20,30,40,26,13,29,13,3,7,-20,7,8,54,46,23,15,23,6,-20,31,12,20,6,49,11,-20,13,24,16,32,55,-20,-20,23,24,20,-20,23,33,26,31,20,23,32,31,44,49,14,25,-20,21,-20,31,38,26,-20,3,13,9,17,23,6,3,29,20,41,34,19,22,22,28,38,28,27,12,37,-20,35,21,32,11,10,27,43,-20,25,33,9,-20,-20,-20,-20,-20,-20,5,10,-20,-20,-20,8,8,-20,-20,-20,-20,-20,-20,-20,-20,-20,-20,3,-20,-20,-20,3,-20,10,3,-20,-20,9,-20,-20,-20,-20,6,-20,7,14,16,-20,-20,10,5,11,54,22,4,3,-20,-20,4,9,3,-20,9,12,37,60,13,12,3,18,9,-20,14,-20,16,-20,16,-20,18,3,17,18,6,8,28,16,3,-20,4,10,-20,-20,-20,-20,14,21,21,-20,28,15,19,21,8,-20,49,23,23,12,10,-20,38,-20,7,8,16,8,40,34,-20,3,-20,7,-20,23,36,16,41,28,9,19,18,8,-20,24,24,-20,10,23,5,38,-20,19,13,-20,-20,-20,15,10,-20,14,8,13,15,17,13,14,-20,11,10,16,-20,15,31,-20,9,33,12,30,16,16,45,-20,20,43,10,15,8,22,4,46,10,-20,9,13,10,20,-20,12,44,22,23,3,2,-20,18,4,-20,-20,16,32,28,-20,38,21,32,-20,30,33,6,9,3,-20,-20,60,-20,11,12,17,14,6,-20,14,-20,29,-20,-20,-20,-20,29,-20,-20,16,53,18,18,-20,-20,-20,6,-20,-20,11,20,-20,-20,-20,10,-20,2,18,6,-20,11,13,-20,-20,-20,-20,7,8,-20,-20,-20,11,4,-20,7,50,-20,-20,14,-20,-20,15,19,6,7,11,21,11,20,8,-20,14,-20,13,4,11,12,-20,2,3,82,11,-20,-20,-20,22,20,-20,7,10,7,11,23,-20,-20,9,3,7,-20,-20,6,-20,6,-20,10,5,11,29,15,-20,-20,-20,-20,-20,93,-20,9,-20,-20,6,6,5,-20,-20,-20,3,11,-20,6,-20,-20,-20,-20,20,8,-20,6,5,16,13,9,-20,2,18,-20,-20,17,5,3,-20,7,6,3,-20,-20,15,-20,8,8,-20,50,32,19,9,-20,15,3,7,7,-20,-20,-20,-20,-20,16,11,-20,15,-20,-20,8,-20,-20,-20,4,9,30,10,-20,8,-20,-20,-20,-20,-20,-20,31,41,37,41,14,-20,36,9,12,-20,45,8,-20,28,-20,3,20,12,-20,-20,31,5,5,11,20,-20,11,20,14,9,8,-20,3,9,3,-20,20,-20,23,-20,-20,10,19,6,22,-20,12,32,17,-20,16,-20,46,6,28,-20,5,-20,-20,13,-20,9,-20,19,35,34,21,48,42,24,29,28,11,27,11,31,14,-20,24,7,7,-20,9,10,4,-20,-20,18,23,-20,24,17,13,38,5,11,-20,11,22,6,5,-20,10,18,-20,5,-20,22,21,-20,58,-20,32,48,-20,19,-20,22,20,39,26,-20,20,-20,23,25,52,41,19,3,31,17,57,17,3,10,9,19,37,17,16,26,35,32,-20,35,-20,26,6,67,-20,21,17,20,-20,16,11,12,7,-20,13,15,-20,18,12,10,14,4,8,6,7,11,10,11,-20,14,9,14,-20,-20,8,-20,12,19,13,-20,17,11,-20,8,15,14,-20,16,3,9,5,27,13,6,9,18,-20,8,4,10,-20,15,6,9,10,12,-20,-20,-20,8,10,-20,-20,7,8,6,8,7,12,4,10,11,17,11,-20,11,11,-20,-20,8,15,11,10,8,11,5,-20,9,12,18,8,5,-20,9,12,9,9,6,7,17,-20,9,8,12,7,11,10,3,3,5,9,-20,11,4,5,-20,3,-20,7,11,10,8,11,-20,8,9,-20,6,5,-20,9,10,-20,-20,17,9,7,-20,11,12,3,10,-20,8,8,7,11,4,16,4,29,11,13,19,11,13,8,15,16,-20,-20,-20,-20,-20,-20,5,-20,-20,27,6,12,14,6,6,-20,12,19,3,-20,10,14,12,5,13,12,11,9,11,13,-20,8,3,19,6,9,4,7,12,6,-20,10,-20,11,9,12,6,6,-20,-20,8,11,-20,-20,-20,-20,8,-20,13,-20,8,6,-20,6,-20,10,73,10,12,17,7,10,6,15,15,17,22,13,17,10,-20,13,11,9,13,16,-20,13,14,6,15,16,-20,11,-20,24,21,7,14,13,7,-20,-20,16,15,11,12,12,7,-20,4,8,-20,6,7,4,14,6,6,3,-20,-20,-20,-20,4,-20,-20,6,7,-20,-20,-20,12,7,10,5,10,11,6,-20,-20,-20,-20,-20,7,-20,10,3,-20,-20,-20,9,5,-20,3,8,3,-20,4,6,8,4,8,9,8,15,-20,-20,8,-20,15,14,12,9,12,5,7,13,-20,3,14,11,33,8,6,8,12,15,5,13,17,21,15,-20,-20,6,-20,6,-20,-20,-20,10,10,10,8,-20,10,-20,-20,-20,7,4,17,11,-20,8,5,-20,-20,-20,-20,3,15,7,-20,-20,6,8,-20,-20,3,-20,5,-20,-20,-20,5,-20,-20,6,6,5,5,5,5,-20,-20,14,-20,4,3,9,6,5,9,6,-20,8,4,-20,3,-20,-20,6,4,8,15,-20,-20,13,8,10,4,-20,4,5,4,-20,-20,4,7,3,-20,11,5,8,6,5,97,23,11,32,26,27,28,29,-20,43,85,52,78,45,40,64,45,47
"chr3,14742723",-20,3,3,5,-20,4,-20,-20,-20,4,-20,11,35,21,15,16,38,17,82,46,42,-20,53,34,46,28,16,35,13,3,7,-20,7,8,61,52,30,17,21,6,17,34,12,20,6,54,11,51,13,23,15,37,60,34,26,24,23,22,22,27,34,30,32,24,25,36,32,54,57,17,27,22,24,41,38,42,32,9,3,13,9,21,23,7,3,32,22,51,37,21,21,25,31,44,31,28,13,44,3,38,23,35,11,10,29,49,-20,26,37,10,-20,-20,-20,3,-20,-20,6,9,-20,3,11,9,8,-20,-20,-20,-20,-20,-20,-20,-20,-20,-20,3,-20,-20,-20,3,-20,11,3,-20,8,10,-20,4,-20,3,6,-20,7,14,16,18,37,11,5,12,61,21,4,3,-20,-20,5,9,3,-20,9,12,41,59,12,13,3,19,9,9,17,84,15,9,15,2,18,3,17,18,6,6,27,18,3,-20,4,11,9,11,19,10,14,22,21,28,30,15,19,24,7,32,49,25,23,13,10,12,40,7,7,-20,18,7,41,33,10,5,7,7,20,25,37,16,44,31,9,20,20,10,18,25,27,16,10,23,5,38,15,19,13,20,23,23,16,11,10,15,10,13,18,19,14,15,-20,13,11,19,27,15,33,18,9,34,12,36,18,18,47,46,17,41,10,17,8,25,6,42,11,-20,9,14,10,23,3,12,43,21,21,4,-20,-20,21,-20,6,-20,17,35,30,-20,37,25,35,35,35,35,7,8,3,-20,7,63,10,13,14,18,15,6,5,14,10,36,7,11,-20,5,32,8,12,18,58,19,19,-20,21,8,10,20,9,11,23,16,17,8,13,16,-20,19,6,9,12,16,11,17,3,9,8,8,5,6,11,10,3,8,7,58,20,9,13,61,6,19,21,6,7,12,22,12,20,8,7,14,5,13,4,12,12,5,2,3,95,11,7,5,-20,23,20,17,8,13,8,11,24,5,12,9,3,7,10,-20,6,10,6,8,8,5,12,29,14,6,17,19,24,15,106,18,8,10,8,7,6,5,5,8,-20,3,12,21,7,6,18,17,40,20,8,7,6,5,17,15,9,-20,3,19,16,13,18,5,4,8,8,8,3,6,8,17,13,8,9,10,51,36,19,9,14,15,4,7,9,-20,12,-20,-20,7,16,11,16,15,-20,15,8,11,14,12,4,9,34,10,3,9,6,-20,7,30,7,22,39,50,44,50,14,30,38,9,12,27,46,6,5,35,11,4,23,13,7,9,32,6,4,12,20,5,11,21,15,10,10,10,3,7,3,8,23,11,23,-20,13,11,21,6,23,6,13,33,17,8,16,10,50,6,25,11,6,5,15,17,7,9,6,20,38,36,22,52,48,31,36,30,12,30,11,32,16,10,26,7,7,15,13,13,4,14,9,19,24,22,26,19,14,40,5,13,23,11,23,7,-20,10,10,18,-20,5,-20,24,27,8,69,38,33,46,28,21,31,26,21,45,26,16,24,19,24,26,54,41,20,3,30,16,58,21,3,11,8,20,40,16,15,29,37,36,14,38,-20,29,8,69,19,21,18,23,25,16,14,12,7,18,14,17,18,19,12,10,15,4,8,6,7,12,10,12,6,13,11,16,-20,12,8,4,12,18,15,-20,16,11,-20,9,15,14,10,16,4,9,5,29,13,6,11,17,6,8,5,13,-20,15,7,9,10,11,5,-20,-20,8,11,10,17,7,8,6,8,8,12,5,11,11,18,11,7,13,11,10,-20,8,16,9,10,8,11,5,19,10,12,18,8,5,10,9,12,9,10,6,7,17,-20,8,7,11,8,13,10,3,3,5,9,-20,10,3,5,9,3,8,8,12,10,9,13,8,8,9,-20,6,8,-20,10,10,11,3,17,9,8,-20,11,12,4,11,10,8,8,7,12,4,15,4,28,11,13,19,12,14,8,12,16,-20,-20,-20,-20,-20,-20,5,-20,-20,27,6,12,14,6,7,18,13,18,3,16,10,15,13,5,14,10,12,9,11,12,9,8,-20,20,7,10,4,7,14,6,-20,-20,-20,11,10,11,6,6,-20,4,8,11,8,3,-20,9,7,10,14,17,8,7,-20,8,-20,11,80,9,12,17,6,12,6,16,16,17,22,14,18,10,-20,-20,12,10,13,15,10,14,14,6,16,17,10,13,-20,25,23,7,14,14,7,-20,3,16,13,11,14,13,7,12,4,7,-20,6,7,5,13,6,6,4,6,6,3,3,4,15,10,6,7,7,-20,7,14,7,10,-20,9,11,7,4,6,8,5,10,7,9,12,3,6,-20,5,9,5,-20,3,8,3,-20,4,6,8,4,8,9,9,17,12,-20,7,14,16,14,12,9,11,6,7,13,11,3,16,11,38,8,6,8,12,16,6,14,17,22,16,8,9,6,8,6,-20,17,-20,11,10,12,9,5,10,2,9,-20,7,4,17,11,-20,9,5,-20,-20,-20,3,5,17,9,-20,-20,6,9,-20,8,2,-20,4,-20,-20,-20,-20,-20,-20,5,6,6,6,6,6,-20,-20,15,-20,3,-20,8,6,6,11,8,-20,7,4,-20,3,-20,-20,5,4,9,12,10,-20,13,8,12,4,10,4,5,5,4,4,3,9,-20,-20,-20,5,9,5,5,98,25,10,33,26,26,30,30,63,42,84,63,101,53,41,68,45,51
"chr3,14742725",-20,3,3,5,-20,4,-20,-20,-20,4,-20,-20,37,21,16,17,39,-20,75,43,-20,-20,49,30,43,28,15,35,-20,3,7,-20,6,-20,58,56,31,15,23,4,-20,33,11,-20,5,53,-20,-20,14,23,15,39,64,-20,27,25,23,-20,22,29,32,-20,31,23,26,34,33,52,57,16,31,20,23,40,36,41,32,-20,-20,13,8,21,24,-20,-20,31,21,48,40,20,22,26,35,44,33,29,-20,42,3,36,23,32,10,12,29,48,-20,28,36,10,-20,-20,-20,6,-20,-20,7,9,-20,4,15,8,10,-20,-20,-20,-20,-20,-20,-20,-20,-20,-20,-20,-20,-20,-20,3,-20,11,4,-20,11,-20,-20,5,-20,3,6,-20,8,14,16,-20,34,11,4,-20,59,20,-20,-20,-20,-20,6,9,3,-20,9,12,-20,53,12,12,3,-20,10,-20,17,-20,15,-20,14,2,18,3,16,-20,5,7,-20,18,3,-20,4,12,-20,10,19,10,13,21,21,25,29,14,17,-20,8,-20,43,21,22,-20,10,13,41,-20,7,11,18,5,38,32,-20,5,8,7,-20,-20,35,16,45,28,-20,-20,19,11,18,25,25,-20,-20,23,4,39,15,17,13,19,21,23,-20,11,-20,-20,10,11,18,19,-20,-20,-20,13,12,-20,-20,13,32,19,10,32,11,32,18,18,45,45,17,39,9,-20,8,-20,6,40,12,-20,7,13,11,21,-20,12,39,29,21,-20,2,-20,23,-20,-20,-20,17,37,28,-20,37,28,34,32,35,34,7,7,3,-20,-20,63,9,-20,-20,-20,-20,-20,-20,14,-20,36,-20,10,-20,5,28,-20,10,17,57,19,19,8,21,8,-20,19,9,11,22,16,15,-20,13,16,-20,18,6,-20,-20,-20,-20,17,-20,9,8,-20,5,6,11,10,4,-20,6,59,19,-20,11,55,6,19,21,6,7,12,22,12,24,8,-20,10,-20,14,4,-20,13,4,2,3,96,10,-20,6,3,22,18,-20,8,13,8,11,25,-20,15,8,3,8,10,-20,6,-20,6,-20,8,5,-20,29,13,-20,-20,-20,-20,-20,110,17,9,10,-20,-20,8,4,4,-20,-20,3,-20,-20,8,-20,18,-20,45,20,8,-20,5,5,17,14,-20,-20,3,15,-20,13,14,6,4,-20,9,-20,3,-20,-20,-20,12,8,9,-20,51,37,19,-20,-20,14,-20,7,9,-20,-20,-20,-20,6,16,11,-20,14,-20,-20,8,10,15,-20,4,-20,32,-20,3,10,-20,-20,8,-20,-20,22,38,49,42,46,16,-20,36,10,13,-20,45,7,8,35,11,4,22,13,7,9,-20,6,4,13,20,5,10,21,15,10,9,-20,-20,-20,2,-20,-20,12,22,-20,-20,11,21,6,21,-20,-20,-20,17,-20,17,-20,-20,6,25,10,-20,-20,-20,-20,-20,9,6,19,36,-20,-20,52,45,29,36,33,11,31,11,33,-20,9,-20,8,-20,17,13,19,4,15,-20,20,26,22,28,26,14,41,5,14,27,11,22,-20,-20,13,9,18,-20,5,-20,24,27,-20,65,35,-20,46,26,19,-20,26,19,-20,34,-20,22,-20,24,26,53,38,17,3,30,-20,56,21,-20,11,8,20,38,16,15,29,37,35,13,31,-20,28,-20,68,20,20,19,-20,25,16,13,-20,-20,19,15,20,-20,21,12,11,18,7,10,6,-20,11,-20,17,6,13,11,-20,-20,12,9,5,-20,19,14,-20,18,11,-20,-20,-20,12,13,22,5,10,6,29,15,6,11,-20,-20,8,-20,13,10,16,-20,-20,-20,13,5,-20,-20,10,11,12,18,-20,8,6,8,11,12,5,11,11,18,11,8,13,10,11,-20,-20,16,-20,9,-20,12,5,-20,10,13,18,8,5,-20,-20,-20,-20,-20,-20,7,16,-20,8,-20,11,8,-20,9,-20,-20,5,7,-20,-20,3,-20,-20,3,-20,-20,-20,9,8,-20,-20,7,9,-20,6,-20,-20,-20,10,-20,-20,-20,-20,8,-20,13,11,7,-20,-20,7,9,7,11,4,13,4,29,11,13,18,12,16,8,14,16,-20,-20,-20,-20,-20,-20,5,-20,-20,30,6,13,15,-20,-20,19,12,19,3,16,10,19,14,5,16,15,14,-20,12,12,10,9,-20,19,8,10,4,8,15,9,-20,-20,-20,10,11,11,6,6,-20,-20,9,13,10,3,-20,-20,8,11,12,-20,-20,6,-20,8,-20,-20,81,9,11,17,6,12,8,18,18,15,24,13,20,10,4,13,-20,-20,14,14,12,14,-20,6,17,16,10,14,-20,28,21,7,18,14,-20,-20,3,20,12,13,19,-20,9,13,-20,8,-20,6,7,8,13,-20,6,4,6,6,3,3,4,16,-20,5,6,8,-20,8,14,-20,-20,4,8,10,-20,4,7,8,7,-20,8,-20,12,5,-20,-20,5,-20,5,-20,3,8,3,7,3,-20,8,5,8,9,9,19,-20,-20,8,15,15,15,12,-20,11,7,8,12,11,3,20,-20,38,8,7,-20,12,16,6,-20,19,22,17,11,9,7,8,7,-20,21,-20,10,10,12,11,-20,-20,2,-20,-20,9,-20,20,12,-20,12,-20,-20,-20,-20,-20,-20,-20,9,-20,-20,5,9,-20,7,3,-20,4,-20,-20,-20,5,-20,-20,5,6,-20,7,6,-20,-20,-20,12,-20,4,-20,-20,5,-20,12,9,-20,8,5,-20,-20,-20,-20,5,3,10,10,-20,-20,11,7,10,4,9,4,5,6,-20,-20,3,10,-20,-20,12,5,9,-20,5,98,26,10,32,-20,26,-20,29,-20,44,84,63,104,53,42,67,45,49
"chr3,14742726",-20,3,3,4,-20,4,-20,-20,-20,4,-20,11,39,21,17,17,40,21,84,49,46,-20,54,33,48,30,15,36,12,3,7,-20,7,8,62,56,31,18,23,4,20,34,12,20,5,55,10,53,14,23,15,38,65,35,30,27,22,25,24,31,38,32,32,25,26,36,33,56,61,17,31,22,26,43,38,43,34,9,-20,13,8,20,24,9,6,33,21,52,42,22,21,27,37,44,33,28,14,46,3,37,23,35,10,12,30,51,-20,29,38,10,-20,-20,-20,6,-20,-20,7,9,-20,4,15,8,10,-20,-20,-20,-20,-20,-20,-20,-20,-20,-20,-20,-20,-20,-20,3,-20,9,4,3,11,10,-20,5,-20,7,6,-20,8,13,16,18,37,11,4,13,61,21,-20,3,-20,-20,7,9,3,3,-20,12,42,57,12,12,3,19,10,9,18,82,15,9,15,2,18,3,17,20,6,7,26,17,3,-20,4,12,9,10,20,10,13,23,19,27,30,13,17,26,8,27,45,24,23,16,11,13,41,7,7,12,18,4,38,31,8,5,8,7,23,27,38,18,48,31,8,20,21,13,18,25,27,15,9,25,4,41,15,18,13,21,22,24,17,12,10,15,10,12,19,19,15,15,-20,13,12,19,27,13,32,19,10,33,12,34,18,20,47,47,17,39,9,17,8,27,6,40,12,-20,7,13,12,23,4,13,41,30,23,4,2,7,23,3,6,-20,16,38,34,-20,38,28,37,35,36,37,7,7,3,-20,9,70,9,14,14,19,15,7,5,14,10,37,7,10,-20,5,33,9,11,19,59,18,19,8,21,9,10,22,10,11,23,18,16,7,13,17,-20,18,6,10,12,20,10,17,4,10,8,8,5,7,11,11,4,10,6,59,20,9,12,62,6,18,21,6,8,13,23,12,25,8,-20,11,5,14,4,12,15,5,2,2,97,10,8,6,3,22,18,17,7,13,8,12,25,5,16,8,3,8,11,4,6,8,6,8,9,5,12,30,13,8,18,23,24,15,112,17,9,11,7,7,8,4,5,10,3,3,11,21,9,4,18,18,48,20,8,7,5,6,18,14,9,7,3,14,15,12,15,6,4,8,9,7,3,7,7,17,14,8,9,10,52,41,19,11,14,14,4,7,8,-20,12,-20,8,6,16,11,16,14,-20,15,8,11,15,12,4,9,34,11,4,10,6,-20,9,29,7,20,41,50,45,51,14,29,39,10,13,28,45,7,8,35,11,4,23,13,7,9,33,6,-20,12,19,5,11,21,15,10,9,9,-20,7,2,9,22,14,22,-20,13,11,21,6,25,6,13,34,18,8,17,10,54,6,26,11,5,5,13,17,7,9,6,19,36,40,26,54,47,32,37,34,12,33,11,32,15,9,30,8,10,17,13,19,4,17,9,20,27,22,28,28,15,43,5,14,28,11,22,8,-20,13,10,19,-20,5,-20,24,27,10,72,38,37,47,29,21,32,26,21,47,32,17,23,22,24,26,53,41,17,3,29,21,58,21,4,11,8,20,38,16,17,29,36,37,14,34,-20,29,8,68,22,21,20,23,25,16,14,12,8,20,14,20,19,22,12,11,18,7,9,6,8,12,12,17,6,12,11,17,-20,11,9,5,13,19,14,3,18,11,-20,10,15,12,13,22,5,10,6,30,15,6,11,18,-20,8,-20,13,10,16,10,9,11,13,7,-20,-20,10,11,12,19,7,8,6,8,11,13,5,12,11,18,11,8,13,10,12,-20,10,17,12,9,-20,13,5,19,11,13,17,8,5,10,9,12,10,10,10,7,16,-20,8,7,11,8,13,9,3,-20,5,7,-20,9,3,5,9,3,8,8,13,9,8,14,6,7,9,-20,6,9,-20,10,10,12,-20,19,10,9,-20,14,11,8,11,12,7,9,8,12,4,14,3,29,11,13,19,12,16,8,13,16,-20,-20,-20,-20,-20,-20,5,4,-20,30,6,14,16,7,7,19,14,20,3,17,10,19,13,5,17,15,14,9,13,14,11,9,-20,19,8,10,4,8,15,9,-20,-20,-20,11,11,11,6,6,-20,4,9,13,11,4,-20,9,8,11,12,15,8,6,-20,8,-20,12,84,9,12,18,6,13,8,19,19,16,24,15,21,10,-20,13,14,12,14,14,14,14,14,6,18,16,11,13,-20,31,23,7,18,14,9,-20,3,20,13,13,19,14,9,11,6,8,-20,6,6,8,14,5,6,4,6,6,3,3,4,15,10,5,6,8,-20,8,15,7,10,4,8,10,7,4,7,8,7,10,8,9,10,5,8,-20,5,9,5,5,3,8,3,8,3,6,8,5,8,9,9,18,13,-20,8,15,16,15,12,9,11,7,8,13,11,3,20,12,38,8,7,8,12,16,6,14,19,22,17,11,12,7,8,7,-20,21,-20,10,10,12,11,8,14,2,11,-20,9,-20,19,12,-20,12,-20,-20,-20,6,5,5,-20,9,-20,-20,6,11,-20,7,-20,-20,4,-20,-20,-20,7,-20,-20,6,6,6,7,-20,5,-20,-20,14,-20,3,-20,9,5,7,11,7,-20,8,6,-20,-20,-20,4,5,-20,10,12,8,-20,10,6,10,-20,11,4,6,-20,4,-20,2,9,-20,-20,8,5,10,7,5,99,26,10,36,30,25,31,29,65,43,84,74,108,52,44,68,46,51
"chr3,14742735",-20,3,3,4,-20,4,6,5,-20,4,-20,13,42,28,19,20,42,24,93,58,54,5,62,39,59,29,21,40,14,3,6,3,8,9,68,67,34,23,22,4,21,38,10,19,10,53,10,49,15,20,16,37,70,32,31,32,29,28,26,31,44,39,28,26,30,38,33,60,63,17,32,22,26,45,39,45,39,8,-20,11,7,26,28,9,7,38,26,59,45,25,26,36,44,47,40,36,14,51,5,42,29,42,10,8,33,54,-20,32,40,10,-20,-20,-20,16,-20,-20,13,8,-20,4,13,6,12,-20,-20,-20,-20,3,-20,-20,-20,-20,-20,3,-20,-20,-20,3,-20,9,5,3,10,12,-20,5,-20,7,6,-20,7,13,16,16,42,12,5,16,61,20,-20,4,-20,-20,7,8,3,3,9,12,47,62,15,15,-20,18,18,16,19,87,15,12,18,3,17,3,18,21,9,7,26,13,3,-20,5,15,9,8,13,9,12,25,21,27,29,11,16,27,9,25,43,24,20,14,9,18,42,7,7,-20,26,5,39,32,11,3,10,9,27,32,42,25,44,37,8,21,25,13,16,26,29,13,12,27,4,43,15,16,12,23,18,24,18,15,14,18,12,12,23,17,17,18,-20,12,13,20,29,15,33,19,9,34,15,35,25,22,50,46,16,39,9,14,8,30,7,33,9,-20,8,13,12,23,4,13,51,30,22,4,3,7,28,3,9,-20,16,42,35,-20,39,31,44,38,46,43,8,7,4,5,16,85,9,25,13,21,14,7,-20,14,9,42,8,11,-20,-20,34,10,11,22,59,18,19,10,23,-20,10,27,10,12,20,19,20,6,16,17,-20,18,6,11,12,22,12,20,4,9,8,12,5,4,12,13,4,11,7,74,19,9,12,69,7,20,19,5,9,13,26,12,27,10,-20,16,7,15,5,11,14,5,2,3,105,12,9,7,4,19,22,18,11,14,8,13,25,8,19,10,3,8,11,-20,7,7,4,10,10,6,13,27,12,10,21,22,25,12,129,19,11,12,9,6,7,5,5,13,7,3,11,22,10,6,16,19,63,22,6,6,6,7,18,13,6,8,3,15,19,15,14,5,4,8,15,7,4,8,10,20,12,9,8,10,60,43,22,18,15,12,4,8,7,-20,11,-20,9,7,13,14,16,17,-20,18,6,9,14,12,5,9,39,11,-20,13,8,-20,11,28,6,18,48,64,45,60,13,29,41,11,13,31,53,7,8,39,11,4,26,15,6,11,33,8,4,14,23,5,12,25,16,8,11,13,4,4,4,9,19,18,23,-20,11,10,21,6,32,4,12,33,21,7,17,11,56,4,31,17,9,5,16,22,5,11,5,17,36,38,26,56,50,35,39,39,12,30,12,32,16,8,32,8,11,17,14,20,3,18,9,20,23,19,31,29,15,48,6,14,24,10,21,-20,-20,14,9,19,-20,4,-20,30,28,11,76,37,41,44,27,22,38,29,26,54,31,18,27,21,21,29,59,40,14,-20,29,20,59,24,5,14,7,23,38,16,15,28,33,36,18,31,6,29,8,70,20,22,20,20,23,17,12,14,10,20,12,18,17,22,10,11,19,6,10,5,7,12,12,17,6,12,13,17,-20,10,9,6,-20,18,14,3,16,12,-20,11,16,11,14,21,6,9,-20,29,17,5,10,20,-20,7,-20,11,9,15,10,9,12,12,6,-20,-20,10,11,11,19,6,9,6,8,14,13,8,12,9,17,10,7,12,10,12,5,7,19,12,9,7,12,7,18,10,14,15,8,5,10,8,12,9,10,9,9,17,-20,8,5,10,7,12,9,3,-20,4,7,4,9,4,5,11,3,7,8,14,8,8,14,5,7,9,4,5,10,-20,10,12,13,-20,20,10,7,-20,14,11,8,12,12,7,8,8,11,4,14,5,29,-20,12,18,11,15,9,14,12,-20,-20,-20,-20,-20,-20,6,-20,-20,26,6,16,16,7,6,21,13,14,4,16,8,18,12,5,18,16,12,8,14,14,11,9,-20,18,10,10,5,7,15,9,3,10,-20,11,11,9,-20,7,-20,4,10,13,10,3,4,7,8,11,11,16,8,6,-20,4,-20,9,91,8,12,17,5,13,8,19,20,18,25,14,22,9,-20,-20,16,11,13,13,16,11,17,7,18,14,12,13,-20,33,22,8,18,14,11,-20,4,17,11,13,19,14,7,14,7,-20,-20,6,6,-20,14,5,8,4,6,9,3,-20,4,16,10,-20,5,8,-20,9,15,8,9,4,7,9,6,3,7,8,8,12,8,8,10,5,-20,-20,5,9,5,5,3,8,3,-20,3,8,8,5,8,10,8,19,14,-20,7,15,16,16,11,10,12,8,7,13,11,3,17,12,40,10,7,9,12,16,6,14,19,22,16,-20,12,6,10,4,6,22,-20,7,-20,11,12,9,11,-20,10,-20,9,4,21,12,-20,8,-20,-20,-20,8,6,4,10,8,-20,-20,7,11,2,8,-20,-20,7,-20,-20,3,9,-20,-20,5,4,6,6,5,8,-20,-20,15,-20,3,4,6,-20,7,13,7,-20,8,8,5,-20,-20,4,-20,-20,13,9,7,-20,-20,6,11,5,10,6,6,6,3,5,4,11,3,-20,-20,8,8,10,4,101,30,10,38,32,28,34,32,64,42,89,69,116,60,44,71,50,53
"chr3,14742737",-20,-20,3,4,-20,4,-20,-20,-20,-20,-20,-20,-20,-20,19,-20,-20,22,-20,-20,-20,-20,-20,-20,-20,29,-20,-20,13,-20,6,3,7,8,-20,-20,-20,-20,21,4,-20,-20,-20,19,-20,-20,10,46,15,21,17,-20,-20,33,-20,-20,-20,-20,-20,-20,-20,-20,-20,-20,28,-20,35,-20,-20,-20,-20,-20,-20,-20,-20,-20,-20,-20,-20,13,7,-20,-20,-20,-20,-20,-20,-20,-20,-20,-20,-20,-20,-20,-20,-20,-20,-20,5,-20,-20,-20,-20,-20,-20,-20,-20,-20,-20,10,-20,-20,-20,-20,-20,-20,15,8,-20,4,-20,7,-20,-20,-20,-20,-20,4,-20,-20,-20,-20,-20,3,-20,-20,-20,3,-20,-20,-20,3,-20,-20,-20,-20,-20,7,6,-20,-20,14,16,14,41,-20,4,-20,-20,-20,-20,-20,-20,-20,-20,8,3,-20,-20,12,-20,58,21,15,-20,16,17,-20,19,90,16,-20,-20,-20,20,3,17,21,-20,7,27,-20,-20,-20,5,-20,-20,7,13,9,13,-20,20,26,30,11,16,27,9,23,43,24,20,13,9,19,45,7,7,-20,-20,6,39,31,-20,3,11,8,-20,-20,-20,26,47,-20,8,22,24,13,16,26,28,11,13,26,4,-20,14,-20,14,22,18,-20,-20,14,-20,-20,11,12,23,16,-20,17,-20,11,12,21,28,14,35,18,9,34,-20,33,28,21,-20,38,15,48,9,-20,8,-20,-20,29,9,-20,8,11,12,22,4,14,53,28,21,4,3,-20,27,3,-20,-20,17,-20,-20,-20,-20,-20,-20,-20,-20,-20,8,8,4,-20,-20,78,9,-20,13,-20,-20,-20,5,12,-20,-20,-20,-20,-20,-20,-20,-20,11,-20,62,18,-20,9,-20,-20,-20,-20,11,11,-20,18,-20,-20,-20,-20,-20,-20,-20,-20,11,-20,-20,-20,-20,-20,-20,-20,5,-20,-20,-20,4,-20,7,-20,-20,-20,12,-20,7,-20,18,5,-20,13,25,-20,-20,12,-20,-20,-20,15,5,-20,17,5,2,3,-20,11,9,-20,-20,20,-20,-20,11,-20,7,-20,-20,-20,-20,11,3,-20,-20,-20,7,-20,4,10,10,-20,-20,26,13,-20,-20,-20,-20,-20,-20,-20,12,-20,-20,-20,-20,-20,-20,-20,-20,3,-20,-20,13,6,-20,-20,-20,23,-20,-20,6,-20,18,-20,6,-20,-20,18,-20,-20,14,5,5,-20,-20,7,-20,-20,-20,-20,-20,9,8,-20,-20,-20,24,-20,-20,11,-20,8,-20,-20,-20,-20,-20,8,13,15,-20,17,-20,-20,6,9,-20,10,5,-20,-20,-20,-20,13,-20,-20,-20,-20,-20,-20,-20,-20,-20,-20,-20,-20,38,-20,-20,-20,-20,-20,-20,-20,-20,4,27,15,-20,-20,36,-20,4,16,-20,6,12,27,-20,9,-20,-20,4,-20,-20,-20,18,-20,-20,-20,-20,10,19,6,30,-20,12,30,19,8,18,-20,54,4,35,-20,-20,-20,14,-20,8,11,6,18,37,40,-20,-20,-20,-20,-20,-20,12,-20,-20,-20,-20,9,-20,-20,-20,-20,-20,-20,3,-20,-20,-20,-20,-20,-20,-20,14,-20,-20,-20,-20,-20,18,8,-20,14,9,18,-20,3,-20,32,27,11,-20,36,-20,43,29,21,37,-20,25,-20,-20,18,-20,-20,19,27,57,41,12,-20,26,20,55,22,-20,-20,7,24,37,16,15,28,32,38,17,-20,-20,27,-20,72,22,24,22,-20,-20,17,14,-20,-20,-20,12,-20,-20,20,10,10,-20,-20,10,5,-20,12,-20,-20,-20,14,-20,-20,-20,-20,10,-20,-20,19,-20,3,16,10,-20,-20,-20,11,-20,-20,-20,-20,-20,-20,-20,5,10,-20,-20,7,-20,-20,-20,-20,-20,-20,12,-20,-20,-20,-20,-20,12,-20,-20,6,9,6,8,-20,-20,-20,-20,-20,-20,10,-20,10,9,11,-20,7,-20,-20,-20,-20,11,-20,-20,-20,-20,15,8,5,-20,-20,12,9,10,-20,-20,-20,-20,10,5,10,7,11,8,-20,-20,4,7,4,9,-20,5,-20,4,-20,8,-20,9,8,-20,-20,8,9,4,5,-20,-20,-20,11,-20,-20,19,-20,7,-20,-20,13,-20,11,-20,8,-20,8,11,4,14,-20,30,-20,14,19,-20,13,-20,-20,-20,-20,-20,-20,-20,-20,-20,-20,-20,-20,22,-20,-20,-20,-20,-20,-20,14,15,-20,-20,8,-20,13,5,-20,-20,-20,-20,-20,-20,10,9,-20,-20,-20,10,5,-20,-20,-20,3,-20,-20,10,-20,9,-20,7,-20,-20,10,12,-20,3,4,-20,8,-20,11,-20,7,6,3,-20,-20,-20,-20,8,11,-20,5,-20,-20,-20,-20,-20,-20,-20,-20,9,-20,11,-20,-20,14,-20,-20,11,-20,7,-20,14,-20,-20,-20,-20,22,7,-20,14,-20,-20,-20,-20,-20,-20,-20,-20,-20,-20,-20,-20,-20,-20,6,-20,-20,5,-20,-20,5,-20,5,-20,4,-20,-20,-20,5,-20,-20,-20,-20,8,9,4,-20,9,-20,3,-20,-20,-20,-20,8,8,-20,-20,-20,-20,5,9,5,-20,3,8,3,-20,-20,-20,8,-20,8,-20,-20,-20,-20,-20,6,-20,-20,-20,11,-20,-20,-20,-20,-20,-20,-20,-20,-20,-20,-20,-20,9,13,14,6,-20,-20,21,-20,-20,12,-20,-20,4,-20,-20,-20,7,-20,11,-20,-20,-20,-20,-20,-20,-20,-20,-20,-20,-20,-20,-20,-20,-20,-20,4,4,-20,8,-20,-20,-20,10,-20,-20,3,-20,9,-20,3,3,-20,-20,2,6,4,6,7,5,6,-20,-20,14,-20,4,3,6,4,8,-20,9,-20,-20,8,-20,3,-20,5,-20,4,-20,13,-20,-20,-20,7,13,-20,-20,6,6,8,4,3,6,11,-20,-20,-20,-20,7,11,4,101,29,10,-20,-20,28,-20,33,-20,41,84,-20,-20,-20,43,70,47,46
"chr3,14742744",-20,2,3,5,-20,5,7,6,-20,4,-20,13,49,34,27,25,41,27,95,71,64,5,68,46,72,31,25,47,13,-20,7,3,-20,9,76,76,40,25,18,5,20,40,12,20,21,64,-20,-20,16,27,18,41,78,39,33,33,37,28,32,29,48,43,32,29,35,49,35,66,78,18,36,30,28,51,43,41,41,8,-20,13,7,32,27,10,9,43,30,68,52,26,31,41,46,57,45,45,11,58,5,51,36,45,10,-20,37,60,7,37,48,10,-20,-20,-20,-20,-20,-20,20,10,-20,3,12,7,13,-20,22,-20,-20,4,-20,-20,-20,-20,-20,3,12,14,13,4,-20,10,5,4,9,13,21,5,-20,20,6,3,7,11,16,18,47,12,6,19,51,23,3,-20,8,4,7,8,3,4,10,17,53,54,25,19,4,25,18,18,22,-20,25,20,20,3,22,3,17,24,11,10,27,16,-20,5,9,24,10,11,19,-20,18,25,26,31,36,12,16,30,9,-20,50,31,20,20,9,24,-20,9,9,15,33,-20,40,37,9,-20,13,-20,28,38,43,-20,54,37,11,25,-20,14,19,30,30,-20,14,27,6,44,15,26,15,20,20,23,20,15,15,18,15,16,26,15,16,19,13,9,10,23,30,17,39,21,11,37,13,33,35,20,54,52,26,56,13,17,10,-20,7,39,13,-20,-20,-20,13,24,10,18,54,59,21,5,3,8,28,3,10,-20,20,46,34,-20,45,32,50,43,47,51,8,-20,5,5,16,93,-20,31,-20,27,11,10,-20,27,7,46,8,15,-20,6,43,9,11,28,68,20,20,12,27,-20,13,25,11,13,18,-20,21,6,15,18,-20,19,7,14,13,26,12,24,5,10,8,16,8,5,11,14,5,12,6,81,22,10,11,74,-20,20,16,7,-20,14,25,12,27,12,-20,17,7,14,6,14,18,-20,-20,3,105,13,11,-20,4,24,27,18,-20,16,7,18,26,-20,17,11,2,7,10,6,-20,6,-20,-20,10,10,13,29,12,11,25,31,27,10,128,22,7,16,10,8,7,7,7,13,-20,-20,11,22,14,7,16,22,77,24,6,9,-20,-20,18,13,8,12,3,21,21,18,18,5,5,9,14,6,4,8,10,17,15,9,9,11,65,43,22,29,14,12,3,9,8,-20,12,-20,8,10,15,13,19,16,-20,21,-20,13,15,12,-20,10,49,10,7,14,12,-20,15,33,6,17,59,65,46,64,11,35,45,12,13,38,56,6,9,50,11,8,-20,20,8,15,-20,11,5,16,24,6,13,32,18,8,15,16,-20,10,7,10,22,22,22,-20,11,11,23,7,34,-20,10,36,22,-20,18,15,52,4,34,19,14,6,16,22,-20,13,7,17,36,36,26,64,58,37,48,42,14,32,12,35,16,7,35,11,12,16,13,18,-20,18,10,22,22,19,36,31,13,55,6,14,24,11,12,9,-20,16,9,15,-20,3,3,38,31,12,78,-20,48,42,-20,23,36,32,29,-20,32,31,-20,26,31,27,55,40,14,-20,30,23,71,33,10,15,8,24,35,16,21,39,34,39,24,27,-20,37,13,79,26,30,27,23,16,14,14,16,11,18,12,18,20,22,10,12,21,5,10,3,-20,12,13,18,6,15,13,17,-20,12,9,8,11,20,15,3,17,11,-20,12,18,9,14,20,6,-20,-20,27,18,5,10,20,6,4,-20,12,9,16,11,9,13,12,7,6,12,11,10,12,17,6,9,7,8,18,13,7,13,-20,17,8,7,11,9,12,5,8,22,13,10,9,12,9,17,-20,17,15,7,5,11,10,12,9,11,9,9,14,-20,11,5,10,6,12,8,5,-20,5,5,4,9,4,5,10,3,9,9,13,8,7,14,4,10,8,4,6,10,-20,11,12,12,-20,20,11,9,-20,14,17,-20,11,12,8,8,9,14,3,13,7,30,8,14,19,-20,13,9,14,12,-20,-20,-20,-20,3,-20,6,-20,-20,23,8,14,17,7,6,18,17,15,4,14,8,21,11,7,17,17,13,8,13,12,-20,8,-20,18,8,12,6,6,15,11,-20,11,-20,8,13,8,-20,7,-20,5,10,11,8,4,3,-20,8,13,11,16,7,6,3,-20,-20,-20,93,-20,12,18,5,16,8,19,22,20,26,15,22,10,-20,10,18,11,15,15,17,10,19,10,17,15,12,14,-20,33,19,8,18,15,13,-20,4,17,10,14,19,14,7,12,8,10,-20,6,4,10,16,5,8,3,4,10,5,-20,5,14,10,5,6,10,-20,9,13,11,9,4,8,10,7,4,7,10,9,13,9,8,10,5,6,-20,4,9,5,-20,-20,8,3,9,4,9,7,4,8,11,9,18,17,4,6,15,20,19,11,10,13,8,9,13,15,4,17,13,35,10,7,9,13,14,6,15,19,22,17,9,12,6,-20,4,6,-20,-20,7,11,11,12,10,12,2,9,3,9,4,18,11,-20,11,5,-20,-20,5,6,6,12,-20,-20,-20,10,11,2,11,5,-20,7,-20,5,3,12,3,5,8,5,4,13,5,5,-20,3,14,4,4,6,8,4,7,16,-20,-20,10,6,7,3,4,6,-20,12,16,11,8,-20,11,5,16,6,-20,7,8,11,7,7,6,11,4,-20,9,-20,8,9,4,96,35,10,45,36,27,39,32,68,47,88,124,132,64,43,75,51,51
"chr3,14742746",-20,3,4,5,-20,3,-20,-20,-20,-20,-20,12,51,36,26,25,43,29,98,72,64,5,66,47,71,32,25,49,13,-20,8,3,9,9,75,76,38,26,19,5,20,40,13,19,25,68,11,48,15,-20,22,41,81,41,41,36,36,32,35,33,49,44,36,32,38,53,34,68,78,19,36,30,26,52,45,44,41,8,-20,12,7,32,28,10,9,46,33,74,55,28,31,42,46,60,47,48,11,59,5,52,36,43,-20,10,37,61,7,40,53,10,-20,-20,-20,-20,-20,-20,20,10,-20,3,12,7,-20,-20,22,4,4,4,-20,-20,-20,-20,-20,3,12,15,16,4,-20,10,5,4,-20,13,23,5,3,21,6,3,7,12,25,20,51,12,-20,21,57,-20,3,5,-20,-20,-20,-20,3,4,10,16,54,59,-20,19,4,30,-20,18,23,91,29,-20,21,4,-20,-20,16,22,12,11,27,17,-20,6,-20,-20,10,13,24,7,-20,26,26,30,36,12,15,31,-20,26,45,30,21,28,10,-20,48,8,10,17,33,10,41,40,9,5,13,8,29,35,45,29,56,34,12,-20,25,16,16,31,32,13,16,30,-20,44,18,24,-20,20,25,22,20,17,17,21,-20,-20,26,15,-20,-20,15,8,13,22,33,17,39,23,11,49,13,31,36,22,56,52,-20,-20,13,-20,9,32,6,42,17,-20,11,-20,15,27,11,18,69,78,23,5,-20,-20,31,3,9,-20,20,47,35,-20,45,35,52,46,49,50,7,9,5,5,17,97,8,33,13,25,11,10,6,26,8,46,8,15,3,6,44,9,12,30,64,21,20,12,28,14,12,24,11,13,19,16,21,6,15,17,-20,19,7,16,14,27,12,24,5,11,7,16,8,5,13,14,5,13,6,82,21,10,12,78,6,20,16,7,10,13,-20,11,27,13,-20,16,8,14,7,12,18,6,-20,3,109,13,11,8,4,23,30,14,13,15,7,17,26,11,17,12,3,6,10,-20,8,6,4,17,11,10,15,29,14,11,26,31,27,9,131,23,8,14,10,-20,-20,7,7,13,-20,4,10,22,15,7,16,21,79,25,5,7,7,6,18,14,8,12,-20,-20,21,17,21,5,5,8,14,6,4,8,11,16,16,9,9,12,67,42,22,29,14,12,4,9,-20,4,13,-20,9,8,12,15,20,16,-20,22,6,13,15,11,7,9,52,-20,8,14,13,-20,15,30,6,16,60,66,48,67,11,40,46,12,13,38,59,6,8,52,10,-20,26,20,-20,15,33,12,5,16,23,6,14,31,19,8,15,16,5,-20,7,14,24,24,23,-20,12,10,23,13,37,7,10,43,-20,8,18,15,56,3,38,18,14,-20,18,22,8,12,8,17,38,38,27,65,57,40,48,39,14,34,12,34,16,7,33,9,12,16,13,18,-20,19,10,22,20,16,35,28,12,53,6,13,24,10,11,9,-20,15,9,14,-20,3,-20,36,-20,11,83,34,51,44,28,25,41,30,32,60,32,32,34,-20,-20,26,59,42,17,-20,30,23,-20,31,-20,15,-20,24,39,18,22,-20,32,39,27,27,7,39,15,83,30,33,26,25,13,16,14,16,11,19,10,17,16,22,10,12,21,5,10,-20,-20,11,11,19,6,14,13,17,-20,13,9,8,9,20,16,3,17,10,-20,13,-20,9,14,20,7,7,5,26,17,6,10,17,6,2,3,11,7,17,11,-20,13,12,7,7,12,11,10,12,17,6,9,7,7,18,-20,7,13,8,17,8,7,11,9,12,5,8,22,12,8,9,11,8,18,8,17,14,6,5,11,10,10,9,11,8,9,11,-20,10,5,9,6,12,8,-20,-20,5,5,4,9,4,5,10,3,9,9,12,8,6,13,4,9,8,4,5,9,-20,10,12,12,-20,20,11,9,-20,14,17,8,12,12,7,8,8,13,3,12,7,27,8,13,19,10,12,8,14,12,-20,-20,-20,-20,3,-20,5,6,3,23,8,14,16,-20,6,18,17,15,4,14,7,21,11,7,17,17,13,7,11,12,10,8,-20,18,8,12,6,6,-20,10,-20,10,-20,8,13,8,-20,7,-20,-20,9,9,8,4,3,6,8,13,10,15,7,6,3,8,-20,9,92,9,13,-20,5,15,8,19,21,20,27,14,21,10,4,11,18,11,14,13,17,10,18,10,17,15,12,-20,6,30,18,8,18,15,13,3,4,-20,10,13,18,13,-20,11,8,-20,-20,6,3,10,16,5,8,3,3,9,5,-20,4,14,10,5,6,11,-20,8,14,11,8,3,8,9,7,4,7,10,9,11,8,7,10,5,5,-20,4,9,5,4,-20,9,3,9,4,10,8,5,8,11,9,17,-20,-20,6,15,20,19,11,10,12,7,9,13,15,4,17,-20,35,9,6,9,13,14,6,-20,19,22,17,9,12,5,11,4,6,21,-20,7,10,11,10,10,11,-20,9,3,9,4,17,-20,3,11,5,4,4,10,6,-20,14,7,-20,-20,8,11,3,10,5,-20,7,-20,6,3,11,3,7,6,5,4,15,-20,2,-20,-20,15,5,4,-20,-20,4,6,17,9,-20,10,-20,7,4,5,6,3,12,14,15,10,-20,-20,3,15,-20,9,7,9,12,9,7,6,11,3,-20,8,9,8,8,4,98,36,10,46,39,28,42,33,72,48,88,133,132,68,44,72,48,51
"chr3,14742748",-20,3,4,5,-20,3,7,7,-20,-20,-20,12,52,35,28,23,45,29,101,74,71,5,68,46,70,33,26,47,11,-20,8,4,8,9,77,81,39,26,19,6,20,42,18,-20,26,69,10,51,15,26,22,41,81,42,44,34,40,34,34,37,50,45,35,31,38,55,34,69,79,19,35,32,22,51,45,43,44,8,-20,12,6,32,29,10,10,46,33,75,60,26,31,43,45,60,49,51,10,60,5,52,36,45,9,9,38,63,7,42,56,11,-20,-20,5,24,-20,-20,20,7,-20,3,12,9,15,-20,25,4,4,5,-20,-20,13,-20,-20,3,12,15,19,4,-20,12,4,4,9,13,25,6,3,22,5,3,7,12,26,21,52,12,7,21,60,27,-20,5,8,5,7,9,3,4,10,16,55,58,42,21,4,36,20,19,25,83,32,23,23,4,25,-20,21,24,11,11,31,16,-20,7,18,30,10,13,26,7,18,26,26,36,39,12,15,33,11,25,43,33,20,29,11,24,48,7,10,-20,36,11,43,-20,9,5,14,8,-20,37,45,31,58,33,14,25,27,19,16,31,31,13,20,29,9,-20,20,27,18,20,26,22,20,17,15,20,16,19,30,16,19,22,15,10,16,23,32,17,42,22,12,52,16,31,41,26,60,50,30,58,12,19,10,32,6,45,17,-20,11,-20,15,28,11,19,71,78,26,5,-20,-20,-20,-20,9,3,20,48,36,-20,47,35,52,48,49,52,7,9,5,5,17,98,9,33,11,26,13,10,6,26,7,46,8,16,3,6,45,8,11,32,66,-20,20,15,29,14,13,26,-20,14,19,16,21,6,15,-20,-20,17,6,16,13,28,13,-20,5,11,8,16,8,7,13,14,5,13,6,87,-20,10,12,77,6,20,16,8,11,14,25,13,27,13,6,-20,8,12,7,13,18,5,-20,2,110,11,11,8,4,23,31,15,14,15,7,17,27,11,17,12,3,7,10,6,8,6,5,16,10,11,16,28,15,11,25,31,25,9,133,23,8,14,10,8,7,7,-20,13,-20,4,11,21,16,7,17,-20,80,26,-20,-20,7,6,17,15,8,12,-20,-20,21,18,21,5,5,-20,14,6,4,11,11,17,16,10,9,12,70,44,22,28,14,-20,4,9,8,4,14,-20,10,8,11,15,20,16,-20,23,6,11,15,-20,7,-20,54,10,7,15,15,-20,14,33,6,17,60,68,50,69,-20,42,45,13,13,36,60,6,10,53,11,9,26,21,8,15,33,11,5,16,-20,6,17,-20,19,7,17,16,9,9,7,14,29,24,23,-20,13,10,23,14,37,-20,9,42,30,8,18,15,59,3,38,19,-20,10,17,20,8,12,8,17,38,-20,27,67,58,41,50,43,13,34,12,34,16,5,33,10,12,18,13,18,-20,19,10,24,20,17,34,28,12,54,6,14,24,10,12,11,-20,15,9,14,-20,3,3,38,35,12,82,35,53,45,29,26,40,30,30,63,32,34,35,34,35,25,61,42,17,-20,31,25,86,34,11,17,12,24,37,18,23,46,35,38,30,27,7,43,16,91,32,37,25,26,12,15,14,-20,12,18,10,19,17,22,10,11,20,5,9,-20,9,11,13,20,8,14,12,16,-20,14,9,9,9,20,16,4,17,10,-20,13,20,8,14,21,7,7,7,26,-20,7,10,17,6,3,6,11,9,-20,11,6,15,13,8,8,12,13,10,11,19,7,10,8,7,19,13,8,13,9,16,7,7,12,12,12,5,8,21,13,-20,-20,13,8,-20,8,16,15,6,5,12,9,9,9,11,8,10,13,-20,10,5,9,6,11,8,4,-20,5,5,4,10,4,6,10,3,9,9,13,9,6,14,4,8,8,4,4,11,-20,12,12,13,-20,19,11,10,2,15,17,8,12,13,7,8,8,13,4,12,7,26,7,12,19,9,12,8,14,12,-20,-20,-20,-20,3,-20,5,6,3,24,8,12,16,7,6,18,18,16,4,15,6,21,12,6,17,19,12,6,12,13,11,8,-20,17,8,12,6,7,14,10,-20,-20,-20,7,13,7,-20,7,-20,5,9,10,8,4,3,7,8,12,10,16,7,6,4,8,-20,10,95,9,15,-20,6,-20,8,19,-20,18,-20,-20,22,10,4,11,19,11,14,13,17,12,19,11,17,16,13,12,6,32,18,9,18,14,14,3,4,18,8,12,-20,14,6,12,8,9,-20,6,3,9,17,5,10,3,3,10,5,-20,4,15,-20,5,6,11,-20,8,14,11,8,-20,7,10,6,-20,7,10,9,13,7,7,11,4,5,-20,4,9,5,5,-20,9,3,11,6,10,8,5,9,-20,9,17,17,4,6,15,21,19,12,12,-20,7,9,13,19,4,19,12,35,-20,6,10,13,18,6,14,19,22,17,10,12,-20,10,4,6,23,-20,-20,12,11,10,10,11,2,9,4,10,3,16,11,4,11,4,4,4,8,5,6,16,7,4,-20,-20,11,3,10,4,-20,7,-20,-20,3,-20,3,5,9,7,4,15,5,3,-20,-20,15,5,3,5,11,4,8,18,13,-20,-20,5,7,4,5,5,4,12,14,14,-20,10,12,5,16,7,12,6,-20,12,9,7,-20,11,4,-20,10,9,9,-20,4,100,38,10,46,41,30,44,35,74,46,88,126,140,70,44,71,47,54
"chr3,14742750",-20,-20,-20,6,-20,3,-20,7,-20,5,-20,-20,51,-20,-20,22,41,-20,94,-20,-20,6,-20,-20,-20,35,24,43,11,-20,8,4,9,11,-20,77,39,24,19,-20,-20,41,-20,-20,-20,-20,13,-20,15,25,24,38,-20,-20,-20,33,40,-20,33,35,46,-20,-20,30,37,52,35,61,-20,18,33,-20,21,-20,43,41,-20,7,-20,14,-20,30,30,10,11,-20,31,-20,-20,-20,29,40,41,55,47,-20,13,56,5,49,32,-20,8,7,39,57,7,41,-20,11,-20,-20,-20,-20,-20,-20,21,9,-20,3,-20,8,-20,-20,-20,4,-20,-20,-20,-20,-20,-20,-20,4,-20,-20,-20,6,-20,12,-20,4,-20,13,-20,-20,-20,-20,5,-20,7,12,28,-20,47,12,-20,21,-20,-20,-20,5,-20,6,8,9,3,-20,10,15,51,-20,-20,20,-20,-20,20,-20,28,77,29,-20,-20,-20,26,-20,20,25,-20,11,31,-20,-20,-20,-20,-20,-20,-20,26,9,16,-20,25,34,-20,12,14,35,13,-20,-20,-20,20,34,11,21,47,7,11,-20,36,10,44,-20,-20,5,15,7,30,33,47,31,-20,-20,14,26,-20,21,16,29,31,12,20,28,10,46,21,26,19,-20,24,-20,-20,16,-20,-20,16,-20,29,17,-20,23,-20,10,-20,25,-20,-20,-20,22,11,54,-20,32,42,24,-20,-20,-20,59,11,-20,-20,31,7,-20,-20,-20,12,18,-20,-20,10,-20,78,76,29,-20,3,8,-20,-20,9,-20,20,-20,-20,3,46,33,-20,44,-20,52,8,9,-20,-20,18,102,10,-20,10,-20,-20,10,5,-20,-20,-20,-20,-20,3,6,42,8,9,33,-20,23,19,-20,-20,-20,-20,-20,11,14,16,17,-20,-20,-20,-20,-20,17,-20,-20,13,-20,-20,-20,-20,-20,-20,16,-20,-20,-20,14,5,-20,6,85,-20,-20,12,-20,6,-20,18,8,-20,14,28,13,25,12,6,16,7,12,7,-20,-20,5,-20,2,102,11,10,-20,-20,22,30,-20,12,13,7,-20,27,11,-20,12,4,-20,10,6,8,-20,5,-20,10,-20,16,27,14,-20,-20,-20,-20,-20,128,23,7,-20,-20,-20,7,8,-20,12,-20,4,13,19,16,7,-20,-20,-20,25,5,-20,7,6,19,-20,9,11,-20,21,22,-20,18,5,4,-20,15,6,4,-20,-20,-20,-20,10,9,-20,66,41,21,26,-20,14,4,-20,-20,4,-20,-20,10,8,-20,16,-20,16,-20,-20,6,11,-20,12,7,-20,-20,11,-20,15,14,-20,-20,-20,-20,-20,-20,-20,48,-20,11,-20,45,15,13,-20,55,7,-20,-20,10,-20,-20,21,-20,-20,36,10,5,-20,-20,6,22,30,20,6,-20,14,-20,12,-20,-20,27,-20,-20,-20,-20,11,22,14,37,-20,9,-20,30,8,19,13,58,4,40,21,-20,-20,-20,-20,10,12,8,16,38,36,27,-20,56,38,51,-20,13,33,12,-20,-20,6,35,-20,13,18,-20,-20,3,-20,-20,-20,21,-20,-20,-20,13,53,-20,-20,-20,-20,13,10,-20,16,9,15,-20,3,3,35,36,11,-20,36,55,45,29,24,40,30,-20,-20,-20,-20,-20,-20,-20,23,63,41,18,-20,30,27,85,-20,-20,-20,13,25,38,19,-20,42,32,39,-20,-20,-20,-20,-20,91,33,37,27,-20,-20,15,15,-20,12,18,11,24,20,23,10,11,-20,6,8,-20,-20,13,13,20,-20,12,-20,17,-20,12,9,-20,11,21,15,-20,18,9,-20,-20,20,10,-20,22,-20,9,7,28,18,-20,10,19,-20,6,7,11,-20,20,10,6,-20,13,-20,-20,-20,-20,11,-20,-20,8,12,10,8,22,14,11,13,-20,-20,7,-20,-20,13,12,-20,8,-20,16,-20,10,15,11,21,-20,18,16,8,6,-20,10,9,10,11,8,-20,-20,-20,11,6,10,6,13,10,-20,3,5,5,5,10,-20,6,-20,4,-20,9,-20,10,6,-20,-20,9,8,5,-20,-20,-20,13,-20,12,-20,21,11,11,-20,-20,18,-20,13,15,7,8,9,17,5,13,8,27,7,13,20,10,12,8,20,12,-20,-20,-20,-20,-20,-20,-20,-20,3,23,9,12,-20,8,6,-20,18,17,-20,16,6,21,14,7,19,20,11,-20,12,-20,-20,8,-20,19,10,12,6,6,-20,10,-20,11,-20,-20,16,9,-20,7,-20,7,9,12,-20,4,3,8,8,12,11,-20,10,8,4,-20,-20,-20,88,9,-20,20,8,-20,10,18,22,-20,-20,-20,-20,9,-20,13,-20,11,14,13,18,14,-20,13,16,19,-20,13,6,-20,19,10,-20,17,14,-20,-20,-20,-20,12,-20,16,-20,-20,9,-20,-20,8,6,-20,-20,7,12,-20,-20,-20,6,-20,4,-20,13,6,6,-20,-20,-20,15,-20,11,4,-20,-20,6,6,-20,-20,-20,-20,9,8,-20,6,7,4,5,10,5,5,-20,10,4,-20,6,10,8,-20,-20,14,-20,-20,-20,4,6,-20,23,20,12,-20,11,10,-20,13,-20,4,20,12,-20,10,-20,10,14,-20,-20,14,18,-20,19,11,13,-20,-20,5,-20,-20,-20,8,14,11,10,11,-20,2,9,6,11,-20,-20,11,-20,12,4,5,-20,-20,5,6,-20,7,-20,3,7,-20,3,-20,-20,-20,7,-20,7,3,13,3,5,-20,5,-20,-20,-20,3,-20,-20,14,5,3,6,8,5,8,-20,-20,-20,9,-20,-20,4,-20,-20,-20,-20,-20,12,10,-20,11,5,14,-20,-20,6,-20,10,8,5,-20,10,-20,-20,-20,-20,8,-20,3,100,38,10,-20,-20,28,-20,35,-20,45,-20,126,-20,-20,45,69,-20,53
"chr3,14742756",-20,-20,5,6,-20,3,9,7,-20,5,-20,14,54,36,31,28,48,32,111,81,79,7,67,46,76,36,32,53,13,4,8,4,9,11,79,89,42,26,20,5,22,46,17,-20,31,78,13,53,16,25,33,38,88,42,49,32,40,38,37,40,53,49,37,35,35,62,39,69,84,19,35,34,22,55,45,48,43,6,8,14,6,34,35,9,11,55,40,81,64,32,41,47,48,67,51,50,13,61,4,57,35,47,8,7,44,69,7,44,61,10,-20,4,7,26,3,-20,24,9,-20,3,17,8,17,-20,28,4,4,7,-20,-20,16,2,-20,4,12,17,19,6,-20,12,6,4,8,13,27,7,4,26,5,5,6,22,29,26,60,11,9,23,64,31,3,4,9,6,7,9,3,4,10,13,61,69,52,22,-20,52,21,18,32,72,30,27,26,5,30,-20,20,26,14,11,28,15,-20,10,22,34,14,16,25,11,17,29,23,42,41,9,15,48,14,28,44,34,29,33,15,28,52,6,19,21,37,14,43,42,12,4,16,8,28,40,55,37,61,38,16,33,30,24,26,33,35,20,29,29,12,48,36,33,24,22,35,24,21,18,17,23,18,23,27,21,27,22,21,12,29,25,34,16,42,24,16,60,21,28,49,31,62,66,44,65,15,26,10,32,7,44,25,3,12,21,22,26,10,21,100,82,30,5,3,8,42,-20,9,4,21,47,41,3,50,35,55,51,53,55,8,8,6,4,18,110,13,36,10,26,14,10,4,32,6,51,10,21,4,7,48,8,11,35,78,22,21,15,32,14,14,30,11,14,18,19,20,7,15,19,-20,18,6,14,15,36,14,25,9,10,9,18,8,8,14,14,5,16,6,82,24,9,12,81,7,18,18,8,13,14,30,15,25,12,5,18,8,14,7,15,21,5,2,2,106,12,11,9,4,22,32,12,12,15,7,18,28,15,18,14,4,11,11,7,6,8,5,21,11,12,15,26,14,10,26,32,28,12,137,25,10,17,13,8,7,8,-20,18,8,3,13,21,17,8,17,23,83,21,5,6,7,5,19,18,10,11,-20,23,23,19,26,5,5,5,14,6,4,13,9,16,17,9,9,14,72,48,20,28,15,13,4,8,10,4,15,-20,11,9,19,13,22,16,-20,25,5,10,13,14,-20,8,56,11,8,16,18,6,14,30,6,19,69,74,60,75,11,45,43,14,12,41,64,7,10,51,12,9,36,21,10,16,34,12,-20,14,24,6,23,36,25,5,18,15,13,14,6,17,34,26,23,4,14,11,24,17,37,-20,11,48,35,11,21,14,59,4,43,20,18,9,19,22,10,13,9,17,36,35,25,70,65,45,58,48,15,34,10,34,20,6,36,8,13,19,16,18,4,22,9,23,23,18,32,29,12,55,6,15,24,12,12,9,-20,15,9,14,-20,3,3,35,44,13,96,37,56,44,29,26,43,31,36,67,38,45,40,44,42,26,65,45,23,5,38,30,105,41,13,18,15,26,36,23,28,61,42,36,40,39,12,50,20,99,44,48,33,28,15,12,16,22,12,19,11,24,19,23,10,10,20,6,7,-20,10,14,11,18,10,13,13,16,-20,13,9,9,10,18,16,8,17,8,-20,14,17,9,15,18,8,9,6,26,17,6,9,18,6,6,7,12,11,20,11,6,16,14,7,9,15,15,10,13,20,7,11,8,8,21,14,11,16,8,20,6,9,12,12,11,6,8,26,18,8,10,15,11,21,8,17,16,8,6,13,10,9,9,11,8,10,13,-20,11,5,8,6,15,9,4,3,5,-20,5,10,5,6,12,4,13,9,13,10,6,13,3,9,8,5,5,12,-20,13,13,13,-20,20,11,9,4,16,15,11,12,15,6,7,9,17,5,12,8,26,5,11,16,10,12,7,19,12,-20,-20,-20,-20,3,3,6,7,3,23,9,12,16,7,6,22,18,17,5,16,6,24,14,7,18,21,13,6,13,12,14,7,-20,21,10,12,5,5,14,9,-20,12,-20,9,17,9,-20,7,-20,7,9,12,11,4,3,11,7,12,10,17,9,8,5,7,-20,-20,99,8,16,18,8,17,10,19,24,20,33,16,21,9,4,13,19,11,13,13,18,14,23,11,17,18,15,14,6,32,18,10,19,17,14,3,3,17,-20,12,19,16,7,12,9,8,-20,7,6,8,17,8,12,4,7,10,6,-20,4,18,13,6,6,13,-20,9,16,11,9,4,7,11,5,6,8,13,9,12,9,6,12,6,7,4,5,10,5,5,-20,-20,4,13,6,11,9,6,11,15,8,22,18,4,5,19,22,16,11,12,9,10,11,13,20,4,21,12,33,10,5,14,15,21,8,14,18,23,20,11,13,6,12,5,8,27,-20,8,13,12,9,12,14,-20,9,6,11,4,17,11,4,12,4,5,5,12,6,8,21,-20,-20,-20,8,14,-20,16,6,-20,8,-20,14,4,16,4,8,6,4,7,19,6,4,4,6,11,5,-20,6,10,6,-20,15,10,4,8,4,13,5,7,7,7,16,16,14,11,15,10,3,17,10,12,7,10,13,8,5,8,9,6,-20,11,9,-20,15,4,100,45,11,52,43,33,52,36,85,44,95,126,153,72,47,76,51,61
"chr3,14742758",-20,-20,5,6,-20,3,-20,-20,3,5,-20,-20,55,37,31,29,48,35,109,83,74,-20,67,47,75,37,33,53,14,4,8,4,10,12,78,91,40,25,21,5,-20,-20,19,13,31,-20,14,53,16,-20,29,-20,-20,42,52,33,42,39,37,40,54,50,37,35,35,62,39,70,84,20,36,35,24,56,47,48,43,6,8,14,6,36,36,8,11,57,40,81,62,29,41,48,48,72,52,49,-20,65,4,56,34,46,8,7,43,71,-20,43,62,11,-20,4,-20,27,-20,-20,24,10,-20,3,16,8,-20,-20,28,4,-20,7,-20,-20,16,2,-20,4,12,18,21,6,-20,-20,-20,4,-20,-20,27,-20,6,27,5,6,6,22,38,26,58,-20,-20,25,57,-20,3,-20,-20,-20,-20,10,-20,5,-20,12,57,73,-20,-20,-20,-20,19,17,30,71,-20,-20,26,4,-20,-20,-20,23,14,10,29,15,-20,11,22,32,-20,-20,-20,-20,16,29,23,-20,39,8,17,-20,18,-20,52,36,30,-20,13,-20,51,7,-20,21,-20,14,-20,42,13,6,-20,-20,30,39,48,41,62,-20,-20,-20,32,-20,-20,-20,36,23,33,32,-20,-20,34,36,-20,24,-20,25,21,21,19,25,-20,-20,-20,-20,27,21,27,15,29,25,35,17,43,25,18,-20,-20,28,-20,-20,-20,74,-20,-20,14,-20,-20,32,7,45,-20,3,12,-20,21,25,-20,-20,-20,87,29,5,4,-20,42,-20,9,-20,22,47,41,3,48,39,54,51,53,55,-20,8,8,4,-20,102,12,34,11,30,-20,-20,4,-20,6,49,-20,21,-20,7,48,-20,11,35,83,22,20,-20,32,-20,-20,-20,11,14,-20,-20,20,6,14,19,5,17,-20,-20,15,35,13,-20,9,9,-20,-20,8,-20,14,-20,6,-20,6,-20,-20,-20,12,-20,7,-20,20,8,14,15,-20,-20,-20,13,7,20,8,14,7,16,19,6,2,2,-20,12,11,8,4,21,31,11,11,-20,-20,-20,28,-20,-20,14,4,11,11,-20,7,8,5,-20,10,12,13,25,14,-20,26,34,29,11,-20,24,-20,17,13,-20,-20,8,-20,18,8,4,-20,20,15,8,18,-20,-20,23,-20,7,7,-20,18,18,10,-20,-20,22,21,19,-20,5,-20,5,16,6,-20,12,11,14,-20,9,10,15,74,47,21,-20,16,12,-20,8,12,4,15,-20,10,10,-20,14,22,17,-20,-20,5,10,13,14,7,8,55,11,-20,17,-20,-20,-20,28,6,20,66,71,59,72,-20,44,43,-20,-20,40,65,6,10,47,-20,-20,39,-20,-20,16,34,-20,5,12,-20,6,-20,-20,-20,-20,-20,14,14,-20,-20,-20,-20,26,21,-20,15,11,26,18,36,10,11,51,-20,-20,21,-20,63,4,45,-20,19,-20,20,23,-20,15,-20,14,36,36,25,73,63,45,62,48,16,34,-20,-20,20,6,-20,8,12,20,16,17,4,22,-20,26,23,17,31,29,12,53,-20,14,-20,12,14,9,-20,15,9,13,-20,3,-20,36,-20,12,95,-20,-20,46,29,26,39,-20,39,65,-20,-20,41,-20,42,26,73,44,-20,-20,39,-20,-20,-20,14,18,-20,27,39,23,-20,-20,42,35,-20,33,16,51,23,-20,-20,-20,36,27,-20,15,19,22,-20,19,11,-20,-20,21,12,-20,-20,-20,8,-20,11,14,-20,-20,11,13,-20,-20,-20,14,9,-20,11,16,16,9,16,9,-20,15,-20,10,16,20,-20,8,7,-20,18,6,9,18,7,6,7,12,-20,20,-20,7,18,15,8,9,16,19,11,18,22,7,11,8,7,-20,13,12,16,-20,-20,5,10,13,12,11,7,8,26,17,11,10,15,10,20,9,-20,18,8,5,13,10,9,9,11,9,9,15,-20,11,5,9,7,15,7,4,4,5,4,5,10,5,6,11,5,14,9,14,11,7,13,3,10,9,5,5,12,-20,10,12,13,-20,-20,-20,9,4,-20,15,-20,10,15,5,-20,10,17,6,13,8,26,8,10,15,-20,12,-20,-20,-20,-20,-20,-20,-20,-20,-20,7,-20,-20,21,-20,-20,14,-20,-20,20,19,15,5,15,6,23,15,8,-20,-20,16,6,-20,12,14,7,-20,22,9,12,5,5,14,-20,-20,12,-20,9,-20,9,-20,7,-20,7,10,12,12,4,3,11,7,10,11,19,9,8,6,9,-20,9,-20,8,15,-20,8,-20,-20,-20,-20,20,32,15,-20,7,5,11,-20,-20,14,-20,-20,12,22,11,-20,17,-20,-20,-20,33,17,10,-20,17,-20,3,3,-20,11,-20,-20,-20,-20,-20,-20,-20,-20,-20,6,-20,17,8,13,4,7,11,6,-20,4,20,13,6,7,14,-20,9,16,11,10,5,7,11,-20,6,9,13,9,12,10,6,12,-20,7,4,5,10,5,6,-20,11,4,12,-20,11,11,7,10,15,9,22,-20,4,5,-20,22,16,12,10,9,10,11,13,19,4,20,-20,32,10,5,15,16,20,8,-20,17,23,-20,-20,14,-20,-20,4,-20,-20,-20,8,-20,11,-20,13,14,-20,-20,6,10,4,16,-20,-20,-20,4,6,5,12,-20,-20,22,11,6,-20,8,11,-20,-20,5,-20,9,-20,12,3,15,4,-20,6,4,6,-20,-20,5,4,6,10,5,2,-20,-20,-20,8,15,-20,3,-20,5,12,4,7,7,-20,13,-20,14,12,-20,-20,3,-20,-20,11,6,11,10,9,5,9,10,5,-20,-20,-20,8,11,4,100,46,10,52,44,35,52,35,85,44,95,-20,144,73,49,75,51,66
"chr3,14742774",-20,-20,-20,5,2,2,-20,-20,-20,-20,-20,-20,-20,-20,-20,-20,-20,-20,-20,-20,-20,-20,-20,-20,-20,37,-20,-20,-20,-20,7,4,11,11,-20,-20,-20,-20,-20,-20,-20,-20,-20,-20,-20,-20,15,-20,17,-20,-20,-20,-20,-20,-20,-20,-20,-20,-20,-20,-20,-20,-20,-20,34,-20,-20,-20,-20,-20,-20,-20,-20,-20,-20,-20,-20,7,-20,14,-20,-20,-20,-20,-20,-20,-20,-20,-20,-20,-20,-20,-20,-20,-20,-20,-20,-20,5,-20,-20,-20,-20,-20,-20,-20,-20,-20,-20,7,-20,4,-20,32,3,5,28,13,-20,3,-20,8,-20,2,31,4,5,8,-20,3,16,-20,-20,4,14,21,23,7,-20,-20,-20,5,-20,-20,29,-20,-20,32,3,-20,-20,-20,-20,-20,-20,-20,-20,-20,-20,-20,3,-20,-20,-20,-20,-20,3,-20,-20,-20,-20,-20,-20,-20,-20,-20,28,-20,-20,75,-20,-20,-20,-20,-20,-20,-20,-20,-20,-20,-20,-20,-20,-20,-20,-20,-20,-20,-20,-20,-20,-20,21,-20,-20,8,-20,-20,-20,29,-20,-20,-20,-20,12,-20,58,-20,-20,-20,-20,-20,-20,-20,-20,-20,-20,-20,-20,-20,51,-20,-20,-20,-20,-20,-20,-20,-20,-20,-20,-20,-20,-20,-20,-20,-20,-20,-20,-20,-20,-20,-20,-20,-20,-20,-20,-20,-20,-20,-20,-20,-20,-20,-20,21,-20,-20,-20,-20,-20,-20,-20,29,-20,-20,-20,-20,-20,-20,-20,-20,-20,-20,-20,-20,-20,-20,-20,-20,-20,-20,-20,-20,-20,-20,39,-20,-20,-20,-20,3,-20,-20,23,-20,-20,5,-20,-20,-20,-20,-20,-20,10,7,-20,-20,-20,122,-20,-20,14,-20,-20,-20,-20,-20,-20,-20,-20,-20,-20,8,-20,-20,11,40,-20,22,-20,18,-20,13,-20,-20,14,-20,-20,-20,-20,-20,-20,-20,-20,19,-20,-20,-20,-20,-20,-20,-20,-20,-20,-20,12,-20,-20,-20,-20,-20,7,-20,-20,-20,14,-20,9,-20,16,9,-20,-20,-20,-20,-20,-20,10,-20,-20,14,9,-20,19,8,-20,-20,-20,10,14,9,5,-20,-20,-20,13,-20,10,-20,-20,-20,-20,16,5,-20,11,-20,7,-20,6,-20,12,-20,-20,27,12,-20,-20,-20,-20,-20,-20,-20,-20,-20,-20,-20,-20,-20,-20,-20,-20,7,-20,-20,-20,6,-20,-20,-20,19,-20,-20,8,-20,22,-20,9,-20,-20,-20,-20,-20,-20,5,-20,-20,-20,-20,-20,-20,-20,-20,-20,11,15,-20,-20,-20,25,-20,-20,-20,-20,-20,-20,6,-20,-20,-20,9,-20,-20,-20,-20,-20,-20,5,-20,-20,-20,-20,-20,-20,-20,8,-20,-20,-20,-20,-20,-20,-20,-20,-20,-20,-20,-20,-20,-20,-20,-20,-20,-20,-20,-20,-20,-20,-20,-20,-20,-20,-20,36,-20,10,-20,-20,7,-20,-20,-20,5,-20,-20,-20,-20,-20,-20,-20,-20,-20,-20,-20,10,-20,21,32,-20,11,-20,-20,-20,21,-20,-20,6,55,-20,-20,-20,-20,-20,-20,-20,-20,16,38,39,30,-20,-20,-20,-20,-20,13,-20,-20,-20,-20,8,-20,-20,-20,-20,-20,-20,5,-20,-20,-20,-20,-20,-20,-20,11,-20,-20,-20,-20,-20,-20,5,-20,16,9,14,-20,4,3,-20,-20,-20,-20,36,-20,53,37,-20,46,-20,-20,-20,-20,-20,-20,-20,-20,30,74,49,-20,-20,-20,-20,-20,-20,-20,-20,-20,28,42,-20,-20,-20,-20,-20,-20,-20,-20,-20,-20,-20,-20,-20,-20,-20,-20,-20,21,-20,-20,-20,10,-20,-20,-20,12,-20,-20,-20,-20,-20,-20,13,-20,-20,-20,11,-20,-20,-20,-20,8,-20,-20,14,-20,-20,-20,10,6,-20,-20,11,-20,-20,-20,-20,9,-20,-20,-20,8,-20,-20,6,10,-20,-20,-20,-20,-20,-20,-20,-20,9,-20,-20,11,-20,-20,7,12,10,7,-20,-20,-20,-20,-20,-20,5,-20,-20,14,-20,-20,8,-20,-20,-20,-20,12,-20,-20,-20,19,-20,9,6,-20,-20,-20,10,10,-20,-20,-20,-20,12,6,10,7,-20,8,-20,-20,6,10,8,15,-20,7,-20,6,-20,9,-20,-20,9,-20,-20,11,11,6,-20,-20,-20,-20,-20,-20,-20,-20,-20,-20,-20,-20,16,-20,-20,-20,6,-20,10,16,9,13,-20,27,10,9,15,-20,13,-20,-20,-20,-20,-20,-20,-20,3,5,-20,8,-20,-20,-20,-20,-20,-20,-20,-20,18,14,-20,-20,5,-20,16,8,-20,-20,-20,-20,-20,-20,-20,7,-20,-20,-20,13,6,-20,-20,-20,3,11,-20,-20,-20,9,4,8,-20,-20,10,14,-20,5,3,-20,6,-20,13,-20,12,8,6,-20,-20,-20,-20,7,-20,-20,9,-20,-20,-20,-20,-20,-20,-20,-20,7,6,12,-20,-20,15,-20,-20,14,-20,-20,-20,17,-20,-20,-20,-20,15,-20,-20,17,-20,3,5,-20,-20,-20,-20,-20,-20,-20,-20,-20,-20,-20,9,-20,-20,8,-20,-20,-20,-20,7,-20,4,-20,-20,-20,8,-20,-20,-20,-20,-20,10,-20,-20,-20,-20,7,-20,-20,-20,-20,11,7,-20,-20,-20,5,6,-20,5,-20,-20,11,4,-20,-20,-20,12,-20,-20,-20,-20,-20,-20,-20,7,-20,-20,-20,12,-20,-20,-20,-20,-20,-20,-20,-20,-20,-20,-20,-20,-20,17,-20,-20,-20,-20,-20,-20,-20,15,-20,-20,5,-20,-20,3,5,-20,13,-20,12,-20,-20,-20,-20,10,-20,-20,-20,-20,-20,4,6,6,-20,-20,-20,-20,-20,-20,-20,-20,11,-20,-20,-20,5,-20,-20,-20,3,-20,7,-20,-20,-20,-20,-20,-20,4,-20,-20,-20,-20,-20,-20,-20,-20,-20,-20,-20,-20,-20,-20,-20,-20,-20,-20,-20,-20,-20,-20,-20,-20,-20,-20,-20,-20,-20,-20,-20,-20,-20,-20,-20,-20,-20,-20,-20,-20,-20,-20,-20,88,-20,13,-20,-20,-20,-20,36,-20,48,-20,-20,-20,-20,58,-20,-20,-20
"chr3,14742775",-20,4,5,5,3,2,13,9,3,8,-20,16,63,43,34,36,53,47,117,93,99,7,67,51,87,38,38,49,17,8,7,4,11,11,89,98,48,26,27,6,30,49,18,5,32,81,15,64,18,22,38,40,102,40,57,34,50,46,42,35,57,56,48,42,37,66,39,78,86,23,42,38,27,59,45,62,46,7,10,14,9,40,34,9,12,64,53,93,75,33,43,54,51,77,60,53,17,70,5,55,35,49,7,7,50,72,7,49,65,7,-20,4,11,32,3,5,28,13,-20,3,20,8,19,2,31,4,5,8,-20,3,16,5,-20,4,14,21,23,8,-20,13,8,6,9,12,29,10,7,33,3,7,8,19,38,31,68,11,11,23,68,35,3,6,9,7,9,9,3,6,9,18,61,85,74,27,9,77,32,24,24,76,29,34,36,4,24,-20,23,22,23,17,40,20,-20,16,27,33,19,24,29,13,19,38,20,45,44,8,23,51,27,33,58,40,27,37,12,37,56,10,29,25,37,16,39,37,18,11,18,10,39,48,56,45,63,39,16,27,38,33,30,32,39,27,36,34,15,53,39,47,27,28,47,23,21,23,27,32,23,26,34,28,37,24,38,21,42,21,40,24,47,32,22,57,25,30,56,38,62,92,65,64,19,32,14,36,8,40,29,5,16,23,24,27,12,21,118,108,39,6,4,7,48,3,10,5,24,52,47,5,53,40,61,55,57,64,10,7,8,4,25,132,14,44,15,34,27,10,4,47,8,55,12,26,4,8,53,10,11,43,106,21,20,18,34,13,16,36,14,12,21,20,22,12,15,23,7,20,7,20,16,41,19,29,9,13,8,22,12,14,14,14,9,13,7,92,27,11,14,84,9,24,16,9,15,16,35,16,28,20,10,20,10,15,9,18,21,8,2,-20,109,11,14,9,6,30,32,15,12,16,10,20,31,19,27,15,5,11,12,8,7,7,6,19,12,14,15,27,12,10,29,41,33,11,144,25,25,22,16,6,9,9,-20,18,11,7,15,21,23,6,17,30,105,20,7,12,8,7,23,25,8,11,-20,28,23,19,47,5,6,9,19,9,6,11,15,16,20,11,16,15,75,48,24,45,17,14,6,8,11,6,15,-20,14,10,36,11,21,19,-20,30,6,9,16,16,-20,10,62,11,8,19,18,9,14,31,6,23,76,91,61,75,15,49,42,14,13,44,68,-20,11,57,16,10,51,21,14,17,37,12,10,11,29,6,23,42,33,5,20,16,15,15,14,28,43,28,22,5,17,10,28,21,34,11,11,65,45,14,22,15,65,6,55,18,21,12,25,25,9,19,9,15,37,38,33,74,67,53,67,51,13,38,10,41,17,8,35,8,12,21,16,18,5,28,13,27,27,18,35,25,12,52,6,19,24,14,18,5,-20,16,9,15,-20,4,3,47,57,14,104,38,60,54,37,35,49,34,44,78,40,62,52,57,63,30,74,49,30,5,47,35,124,38,15,18,19,28,42,29,40,67,51,35,60,41,16,57,29,98,54,68,47,34,22,22,22,21,11,20,10,25,22,22,12,12,18,6,10,-20,11,14,12,18,17,12,18,15,7,20,8,10,14,15,18,13,16,11,6,19,18,11,19,22,11,9,9,25,19,8,8,20,9,6,10,15,12,19,13,7,19,18,11,9,18,18,11,18,22,7,12,12,7,22,11,14,15,10,25,5,15,15,15,12,12,8,26,23,13,12,13,12,24,11,21,22,9,6,14,13,9,10,11,9,10,21,-20,13,6,10,7,16,9,6,5,6,10,8,15,6,9,11,6,15,9,17,13,10,13,3,11,11,6,7,15,-20,13,13,14,4,20,12,6,6,17,17,11,9,15,6,9,10,16,9,13,9,27,10,9,15,9,14,7,24,12,-20,-20,-20,-20,4,5,7,8,3,24,9,12,14,9,5,26,17,15,4,15,5,27,16,8,19,21,16,8,13,10,15,7,-20,24,16,13,6,5,11,11,3,12,-20,8,16,9,4,8,-20,8,11,14,15,5,3,11,6,13,13,22,11,8,6,13,-20,11,109,7,14,22,9,19,12,18,25,26,34,17,20,7,6,12,20,15,16,13,20,15,28,13,15,17,15,14,6,44,15,11,22,17,14,3,5,15,12,12,18,16,9,13,11,13,2,8,9,10,19,8,12,8,7,13,7,2,4,20,16,5,8,17,6,9,19,13,11,9,8,9,5,7,10,13,9,14,12,7,11,7,8,5,6,9,5,6,-20,12,4,13,5,10,12,8,11,16,9,24,-20,4,7,21,22,18,13,12,12,10,12,13,21,5,19,13,42,8,5,15,18,17,9,16,18,26,18,9,15,8,14,5,9,31,3,5,13,14,10,13,19,-20,8,10,11,7,19,11,4,13,4,6,6,11,7,15,28,-20,6,6,8,13,3,18,5,-20,10,7,16,3,11,7,8,7,5,10,20,14,5,5,5,10,5,-20,8,17,5,6,14,8,7,8,6,8,5,9,9,10,15,15,16,14,15,16,-20,16,7,19,4,11,8,10,5,10,5,7,-20,13,5,-20,17,-20,88,54,13,54,55,33,55,35,112,44,110,160,147,77,56,81,53,69
"chr3,14742779",-20,4,5,5,3,2,13,9,3,9,-20,16,64,46,34,39,53,46,120,94,98,8,68,54,84,37,40,44,20,8,8,4,13,10,88,97,44,26,31,7,30,51,22,6,32,78,16,66,17,24,38,41,103,40,55,32,51,50,43,36,57,55,51,41,37,72,38,77,85,24,41,40,32,59,45,64,45,9,12,13,11,38,35,9,13,63,53,96,75,33,46,55,53,75,62,54,18,69,5,53,37,47,7,7,47,72,7,48,65,8,-20,4,11,32,3,5,31,14,-20,3,20,10,20,2,31,4,5,7,-20,3,17,5,-20,5,14,21,23,8,-20,13,8,7,9,13,29,10,8,33,4,9,9,19,48,34,71,13,12,23,67,34,3,8,12,7,11,10,6,-20,9,20,60,84,78,28,9,84,32,25,24,71,30,35,36,4,24,-20,21,23,27,16,40,20,-20,17,31,35,20,23,29,13,19,38,25,45,46,10,21,47,27,32,59,40,30,36,12,38,56,11,29,25,37,16,39,39,20,11,18,13,40,48,55,48,64,40,15,29,38,34,32,34,38,30,35,35,17,53,47,48,26,27,47,24,21,22,29,31,23,27,39,30,35,26,42,21,41,20,42,24,47,31,26,60,28,30,59,40,59,97,67,64,17,32,13,36,7,38,33,5,19,22,25,29,13,24,127,110,40,6,5,7,48,-20,10,6,23,53,47,5,55,42,59,57,58,64,11,6,9,5,27,133,13,46,15,34,29,13,4,53,8,56,13,27,4,8,51,10,10,42,105,21,20,18,33,13,15,38,14,14,21,20,22,12,14,23,-20,21,7,20,16,40,18,29,10,14,8,20,13,14,14,15,9,13,7,92,25,10,12,-20,10,24,17,9,16,16,39,16,27,24,11,16,10,14,9,20,22,8,2,-20,105,12,13,9,6,34,28,14,14,17,10,21,32,19,26,15,6,11,11,8,7,8,6,19,11,16,14,28,15,10,29,43,35,12,144,24,27,22,15,6,9,10,9,18,12,7,14,19,28,6,15,32,108,21,8,12,8,6,23,24,8,11,-20,34,21,19,49,4,7,9,19,9,7,11,15,18,21,10,18,15,76,47,26,54,18,11,6,8,11,6,14,-20,14,10,36,13,22,21,-20,32,5,9,17,16,-20,10,62,10,8,19,18,9,14,33,6,22,76,89,61,73,16,49,42,15,13,43,65,11,12,59,17,10,51,21,14,14,37,13,10,15,26,5,21,44,34,6,19,17,16,16,14,28,44,29,25,6,18,9,24,21,35,11,11,67,42,15,23,14,62,6,54,18,21,14,26,26,9,19,9,15,35,35,35,73,68,58,69,54,17,38,11,43,19,8,35,9,14,21,16,18,5,28,13,28,28,23,35,30,12,54,6,20,24,14,24,5,-20,18,10,15,3,3,3,51,62,16,102,37,61,52,37,32,49,35,47,78,41,64,55,62,66,30,73,48,28,5,50,38,137,38,17,20,20,29,40,28,42,74,51,35,65,47,16,58,31,96,56,67,54,36,23,23,23,22,13,22,12,25,22,23,11,12,19,7,12,-20,12,16,13,21,18,12,19,18,9,21,8,13,14,14,18,13,18,14,6,19,18,14,19,26,14,9,10,28,20,-20,9,21,12,6,10,17,14,20,13,6,19,18,12,9,20,-20,11,19,23,7,12,11,7,22,14,14,15,12,26,5,17,15,15,13,14,12,24,26,16,12,14,12,24,13,22,25,8,8,15,13,10,10,11,11,11,26,-20,15,5,18,7,15,9,7,5,6,-20,8,16,8,9,13,6,17,10,17,13,10,12,3,11,12,7,7,14,-20,14,17,14,4,21,12,6,7,17,18,14,12,15,6,11,10,17,11,13,9,32,13,9,13,10,14,6,27,12,-20,-20,-20,-20,4,5,8,9,4,23,11,13,19,10,6,27,21,18,4,16,6,28,17,10,22,21,18,9,14,12,14,7,-20,25,17,15,7,5,12,11,3,12,-20,11,18,10,5,8,-20,8,11,14,16,5,5,11,6,13,15,24,11,9,6,13,-20,12,111,8,14,23,10,20,13,20,25,27,38,17,21,7,7,12,20,15,16,13,20,16,30,13,16,18,16,15,6,54,17,11,26,17,13,4,6,15,12,14,20,16,9,13,11,14,2,8,10,10,21,8,12,10,9,15,7,3,4,24,17,5,10,18,8,11,20,13,12,11,8,9,5,7,10,14,10,16,12,8,14,7,8,6,7,9,5,6,-20,12,5,13,5,11,12,10,10,15,11,24,21,4,9,22,22,18,14,12,13,10,13,13,21,6,19,13,47,8,5,15,19,-20,9,17,18,26,18,9,15,8,15,5,9,35,3,5,14,13,11,13,19,-20,10,10,12,9,21,11,4,15,5,6,6,11,8,15,31,13,11,8,9,17,3,16,3,5,10,9,17,3,10,7,-20,9,5,9,24,17,5,5,5,11,-20,-20,-20,18,7,8,15,6,-20,8,7,9,4,6,7,15,15,14,14,13,12,19,18,13,9,18,4,9,9,9,5,11,7,8,-20,14,6,3,14,-20,85,55,13,55,56,35,56,37,108,47,100,160,142,78,58,80,52,78
"chr3,14742783",-20,4,5,6,4,2,12,7,4,9,-20,17,69,46,34,40,59,42,123,97,98,8,68,59,86,38,40,44,20,9,12,5,13,12,88,101,46,27,31,9,30,50,23,6,33,78,17,69,17,25,36,40,104,39,55,33,52,49,43,36,58,53,51,40,37,72,36,79,85,26,42,41,30,57,43,65,44,10,13,14,14,40,35,12,11,61,54,97,79,37,47,57,55,76,64,55,18,70,6,57,38,45,7,9,48,70,7,50,67,8,-20,4,11,32,3,5,34,14,-20,4,19,10,21,2,31,4,5,7,-20,3,17,5,-20,6,16,21,23,8,-20,13,9,7,9,13,29,11,8,34,4,11,9,19,52,38,68,14,11,24,71,33,4,8,12,7,11,10,6,6,9,23,58,89,75,31,10,88,33,26,29,68,34,38,35,5,26,4,22,25,29,16,40,19,-20,16,31,38,25,24,30,12,23,38,24,43,48,10,21,48,27,32,60,41,30,38,12,39,54,11,30,26,37,16,38,40,18,13,19,13,40,48,54,47,67,39,14,27,39,34,32,38,38,33,42,30,20,54,47,50,30,28,45,26,20,20,34,32,24,33,39,28,38,25,44,24,42,20,42,25,50,33,27,65,29,30,59,43,62,101,70,70,20,33,13,36,7,41,32,5,21,25,25,30,13,24,127,112,43,7,7,7,48,4,10,6,20,57,48,5,55,45,60,63,55,64,11,6,11,5,26,134,13,49,14,35,29,13,4,54,8,61,14,30,4,7,53,9,10,41,102,22,20,18,31,13,15,40,13,14,19,19,24,13,15,23,8,21,7,21,15,44,18,30,11,14,8,20,13,14,15,18,9,14,6,93,24,9,11,93,10,23,18,10,14,17,38,15,28,27,11,13,13,14,9,21,20,8,-20,-20,106,13,12,9,6,38,31,11,15,18,10,22,31,18,28,14,6,11,14,7,8,10,7,18,10,17,14,27,16,10,28,45,36,12,150,24,28,24,16,7,10,12,8,18,12,8,14,18,29,7,15,34,113,23,8,12,-20,6,22,26,9,11,3,38,22,21,53,5,7,9,20,10,7,12,18,15,21,9,18,14,77,45,27,54,18,14,6,8,11,6,15,-20,14,11,45,16,21,20,-20,32,5,10,17,15,11,12,62,10,8,21,18,10,17,34,9,24,74,91,64,69,16,52,46,16,14,44,67,12,12,61,18,12,55,22,14,15,37,13,11,15,28,5,20,44,37,-20,19,18,17,18,16,28,46,28,25,7,16,9,21,20,34,13,10,71,45,14,23,14,62,7,57,18,22,14,27,26,10,20,9,17,34,35,35,75,72,58,70,54,16,37,11,46,20,8,32,9,16,21,17,21,5,30,14,28,31,22,42,35,12,55,5,20,24,14,25,6,-20,19,11,15,3,3,3,51,64,14,102,38,61,56,38,31,56,35,47,74,42,64,55,65,66,30,75,49,30,5,53,39,141,40,19,21,22,31,42,29,44,74,55,34,67,61,17,59,30,96,56,66,65,38,25,22,24,23,16,22,13,25,23,23,11,12,21,7,12,-20,12,17,14,20,18,13,20,19,11,24,8,14,14,15,17,13,19,13,6,20,20,14,19,23,14,9,13,30,20,10,9,19,13,6,10,19,14,21,13,6,20,17,13,9,21,19,11,20,22,7,13,12,8,22,15,14,15,13,27,5,18,16,14,11,15,12,24,27,17,14,14,12,24,12,23,26,8,8,16,14,9,10,12,11,11,27,-20,15,5,18,8,16,9,7,4,6,-20,8,15,9,10,14,6,18,9,18,12,11,14,3,12,12,9,7,14,-20,14,18,14,4,21,12,6,7,18,18,14,12,15,7,11,10,17,11,13,9,34,13,7,14,10,14,9,31,12,-20,-20,3,-20,4,5,9,10,4,21,11,13,22,10,6,30,22,18,5,16,6,28,19,10,21,22,20,9,14,12,15,6,-20,25,18,15,8,5,12,11,3,12,-20,14,22,14,11,8,-20,7,11,14,17,5,5,12,5,15,17,31,9,9,6,13,3,12,113,8,15,23,13,21,13,20,28,27,37,19,23,11,7,12,22,16,16,14,20,16,30,15,15,18,17,15,6,58,18,11,25,17,13,6,5,16,13,14,22,19,10,13,11,13,2,8,10,9,21,8,13,9,9,14,8,3,4,24,15,5,10,17,9,11,20,13,12,11,8,9,5,7,11,15,11,16,13,8,14,8,9,7,7,10,5,6,-20,12,7,13,5,13,12,11,9,15,11,25,24,4,9,22,22,18,15,12,13,10,13,12,22,8,20,13,53,9,5,16,19,18,9,18,18,25,18,9,15,7,15,5,10,38,3,6,14,13,11,17,20,-20,10,10,13,9,21,12,4,15,5,8,6,14,7,14,32,14,9,10,10,18,3,19,4,7,13,9,16,3,12,4,4,8,5,12,26,20,6,6,4,10,-20,-20,-20,17,7,9,14,7,9,6,-20,12,4,-20,7,13,19,14,18,12,11,21,18,18,7,19,5,-20,10,7,3,11,7,8,3,15,5,5,15,-20,87,58,13,55,57,38,56,37,113,49,97,160,146,81,56,84,54,77
"chr3,14742785",-20,5,5,-20,4,4,13,8,4,10,-20,18,69,49,34,40,62,42,121,99,100,8,70,59,88,38,38,45,20,9,12,5,13,13,87,99,45,28,30,9,32,50,24,6,33,78,17,66,17,28,40,40,107,39,57,34,56,51,43,36,58,56,51,42,39,72,37,82,86,25,41,42,30,55,44,66,43,10,14,14,15,41,35,12,11,63,55,99,81,37,49,56,59,75,66,56,18,69,6,59,40,45,7,10,51,67,7,49,70,8,-20,4,11,32,3,5,34,14,-20,5,21,10,20,2,31,4,5,7,-20,3,16,5,-20,6,16,21,23,8,-20,12,9,7,9,13,29,11,8,34,4,11,9,19,52,40,70,15,12,24,70,33,4,9,12,7,11,12,6,6,8,23,59,89,75,33,12,90,33,30,30,68,33,36,35,5,26,4,22,25,29,17,41,21,3,18,31,38,26,24,30,15,23,38,23,43,49,11,21,46,27,32,59,41,34,38,12,41,53,11,32,27,37,16,27,39,18,15,20,15,41,48,53,47,67,39,15,26,41,34,35,38,36,34,42,31,20,50,47,49,31,30,45,29,20,17,35,35,25,33,38,28,38,26,45,26,43,20,43,25,50,33,30,64,31,29,60,42,61,100,70,73,21,31,13,35,7,42,32,7,25,31,26,31,13,23,127,112,43,7,8,7,47,5,10,6,21,56,48,5,58,46,60,64,57,61,11,6,12,5,24,132,14,49,14,34,29,13,-20,56,8,60,13,30,4,8,54,9,11,43,104,22,21,18,33,13,16,41,13,14,20,18,24,13,15,22,8,22,7,22,14,44,17,29,11,14,8,20,13,15,16,19,10,14,6,92,24,9,11,93,10,22,19,9,15,17,42,16,27,29,11,13,12,14,8,21,21,8,-20,-20,105,13,12,9,6,38,31,11,15,18,10,23,30,18,29,15,6,11,14,7,8,11,8,18,10,18,14,26,18,10,30,45,40,12,151,23,29,21,16,7,11,13,8,20,12,8,15,18,26,7,14,34,114,23,8,14,10,6,20,26,8,11,3,40,22,22,55,5,7,9,20,10,7,12,18,15,21,9,18,14,76,45,27,55,21,14,6,8,11,6,15,-20,14,11,46,16,22,20,-20,33,5,9,18,15,11,11,63,11,8,21,19,10,17,35,9,24,72,91,66,68,16,52,42,16,14,46,68,12,12,61,19,12,56,21,14,15,38,14,11,15,28,5,20,44,38,7,20,18,18,18,16,27,46,29,25,7,17,10,20,19,35,14,11,72,46,14,21,14,62,7,57,16,22,14,27,26,10,23,9,15,33,33,35,71,74,58,72,54,16,37,11,45,20,8,31,9,16,21,17,21,6,31,14,28,33,24,42,36,13,59,5,21,26,14,27,7,-20,20,11,15,3,-20,3,50,64,15,103,38,62,59,37,32,57,35,49,72,41,66,57,65,66,30,74,47,30,5,54,41,144,39,20,21,23,32,43,28,49,74,55,34,67,64,17,59,31,94,57,67,72,36,29,19,24,25,16,24,12,25,24,22,11,11,21,8,12,5,12,15,14,22,17,13,20,20,11,24,9,14,14,13,17,13,19,14,6,20,22,16,19,25,14,9,14,30,20,11,12,22,13,6,11,20,14,23,13,6,20,17,13,9,22,20,11,20,23,-20,13,12,8,22,15,14,15,14,27,3,19,15,15,11,16,13,25,27,17,14,15,-20,23,12,22,30,8,9,17,14,10,11,12,11,11,28,-20,15,5,20,10,16,9,6,4,6,9,8,20,10,10,15,6,18,8,17,11,11,15,3,13,13,9,8,14,-20,14,17,15,5,22,12,-20,7,20,18,15,12,15,7,12,10,17,12,14,10,34,14,7,14,11,16,10,32,12,-20,-20,3,-20,4,5,9,10,4,21,12,15,22,10,6,30,23,18,6,19,6,28,20,10,21,22,21,9,15,12,-20,7,-20,25,18,16,8,5,15,11,3,12,-20,13,23,13,11,9,-20,7,12,15,17,5,5,12,4,15,17,35,10,7,6,13,3,12,113,8,15,23,13,21,13,19,27,28,38,21,23,12,7,13,22,17,17,14,20,16,33,16,16,20,17,15,6,58,18,11,25,17,13,6,5,18,15,15,22,19,10,13,11,13,2,8,10,9,22,8,13,9,11,16,7,3,4,25,18,5,10,17,9,11,20,13,12,12,8,11,6,7,13,19,11,16,13,9,13,-20,9,7,7,9,5,6,-20,12,7,13,5,14,11,11,10,15,13,26,-20,4,9,23,22,18,14,12,15,10,13,11,23,8,20,14,53,9,5,16,18,19,9,19,19,25,18,9,15,7,15,5,10,38,3,6,13,13,11,17,21,-20,10,10,13,10,20,12,4,15,6,8,6,12,6,15,30,-20,9,10,9,22,3,22,4,6,13,9,19,2,10,3,5,9,5,12,27,19,6,7,-20,12,8,-20,-20,20,-20,10,15,7,8,7,9,11,4,7,7,13,18,13,17,12,11,21,15,16,8,19,-20,9,9,4,-20,8,6,10,3,13,4,5,15,5,87,56,13,59,57,38,58,38,113,49,97,160,146,81,54,84,55,75
"chr3,14742790",-20,5,5,7,5,4,-20,9,5,12,-20,20,70,50,45,46,65,45,118,102,101,9,74,63,93,38,44,49,20,8,11,5,13,14,93,98,43,30,28,9,35,51,25,6,34,77,15,70,17,29,42,40,110,43,62,33,56,52,45,37,61,62,53,40,46,75,43,83,89,25,41,43,35,57,47,71,49,10,17,13,14,44,36,13,12,63,55,104,82,37,54,57,60,76,63,54,18,68,6,57,44,46,6,12,51,69,7,53,72,8,-20,4,-20,32,3,-20,35,16,-20,6,22,11,22,-20,31,4,5,-20,3,4,17,5,-20,7,16,21,23,7,2,12,10,7,10,14,29,12,9,-20,5,-20,8,19,49,39,73,18,12,24,70,37,4,9,12,7,11,10,6,6,12,24,59,91,81,32,13,90,33,29,30,60,32,39,38,5,26,3,24,22,28,19,43,23,3,20,30,37,27,24,27,14,23,38,25,46,50,13,24,42,26,37,59,47,38,39,12,44,54,13,32,31,39,21,27,38,21,15,20,16,43,52,52,46,68,35,15,27,41,32,37,36,34,37,47,30,20,51,48,50,34,28,42,28,20,19,35,35,27,34,39,31,39,25,48,28,46,21,40,26,57,33,35,64,32,28,57,41,64,100,71,73,22,32,14,36,6,41,31,7,27,31,28,31,15,26,141,123,42,6,8,8,50,6,11,7,21,56,46,6,56,47,61,63,56,61,12,4,13,7,25,135,14,52,14,36,28,13,8,58,12,60,13,29,4,8,58,10,9,44,102,22,20,19,29,13,19,41,13,14,21,18,23,12,16,24,8,20,7,-20,-20,46,18,31,11,15,8,20,-20,15,15,21,9,13,7,94,23,10,11,97,10,25,19,10,14,-20,39,18,27,29,11,15,11,14,7,19,20,8,-20,-20,103,13,10,9,6,41,34,10,16,18,10,21,31,20,29,14,7,12,14,8,8,11,8,15,11,19,15,26,16,10,30,45,41,13,148,22,32,22,16,7,13,13,-20,20,12,8,14,19,26,8,14,35,118,25,7,13,10,5,21,25,7,12,3,35,23,20,56,4,7,12,19,12,7,12,19,17,22,9,19,13,80,45,27,52,19,14,5,8,11,7,17,-20,16,12,48,-20,27,20,-20,32,5,10,18,18,13,12,65,13,8,21,22,10,16,39,10,25,77,90,72,68,15,55,45,16,14,46,68,12,14,64,17,12,57,20,15,15,40,14,12,17,30,5,19,41,39,7,19,19,-20,19,15,27,48,32,26,7,18,11,20,18,35,14,14,75,48,15,20,14,65,7,61,17,23,15,26,29,10,22,8,13,36,33,33,78,74,61,72,54,17,38,11,43,17,9,28,10,15,19,15,20,5,32,14,30,35,26,41,36,13,56,5,19,24,13,30,9,-20,21,13,16,4,-20,3,50,66,15,103,39,62,57,38,34,55,36,50,76,44,67,58,63,66,30,77,43,31,5,54,39,147,35,20,20,20,31,45,27,47,74,58,35,68,72,17,61,32,91,57,69,73,40,29,20,28,25,17,21,12,26,22,19,12,13,21,8,14,13,12,15,12,23,18,13,21,22,11,27,8,14,15,14,16,13,19,15,6,19,24,14,21,26,13,10,15,29,22,12,10,20,13,8,11,20,16,23,14,-20,22,16,16,9,24,22,9,23,26,8,13,12,8,23,15,-20,14,14,29,5,19,15,15,10,15,14,24,-20,17,15,17,13,27,14,20,23,7,10,19,12,14,10,11,11,9,32,-20,18,5,23,9,17,11,8,4,6,9,8,22,9,11,16,5,20,6,16,15,10,13,4,12,14,9,7,14,-20,14,16,11,5,19,12,-20,7,21,18,17,13,13,9,12,12,18,11,13,10,30,14,6,15,11,16,11,33,12,-20,-20,3,-20,4,5,10,12,5,23,14,16,22,9,5,34,25,18,6,19,8,29,21,12,22,23,23,10,16,11,15,7,3,24,18,12,8,4,15,9,5,13,-20,14,23,14,12,9,-20,7,11,16,18,5,9,14,7,-20,17,40,8,7,6,12,3,12,114,8,15,27,11,20,16,21,29,27,42,19,23,12,8,13,29,16,19,16,17,14,37,-20,17,20,18,16,6,60,12,10,26,17,16,7,6,19,16,16,24,17,9,13,11,13,3,11,11,10,20,9,14,9,11,17,6,4,4,23,18,5,12,21,10,11,20,12,11,13,8,11,6,7,14,19,12,17,16,10,14,11,12,8,6,9,5,7,3,12,7,14,4,13,-20,12,10,16,13,26,24,4,8,24,20,18,12,11,18,9,13,8,28,-20,19,13,58,9,5,17,20,21,-20,17,19,24,18,9,15,7,16,5,11,45,3,7,14,13,12,17,21,-20,12,10,12,13,25,14,4,14,6,8,-20,15,7,16,30,14,-20,8,15,20,4,22,4,8,14,8,17,-20,11,6,3,6,-20,9,26,19,5,-20,-20,14,7,4,-20,20,-20,7,18,6,6,8,10,11,-20,8,8,14,14,11,20,9,7,21,20,12,5,17,-20,6,7,5,4,9,7,9,4,16,3,5,14,5,73,57,15,63,56,38,63,35,118,45,107,160,152,84,56,85,60,80
"chr3,14742794",-20,7,6,-20,5,4,15,9,-20,12,-20,20,71,50,47,46,68,47,112,104,103,10,77,59,96,37,47,45,20,8,11,5,13,13,93,95,46,31,29,8,35,50,27,10,34,81,16,71,17,31,41,41,111,42,65,33,55,55,46,40,60,64,57,45,48,74,44,86,90,24,40,42,37,58,47,67,49,10,18,13,13,44,34,12,12,63,59,106,84,37,54,58,58,77,62,56,18,69,6,59,43,47,6,11,52,72,7,55,72,8,-20,4,11,32,5,7,37,17,-20,7,26,10,23,-20,31,4,5,7,3,4,17,5,3,7,16,21,23,7,2,12,10,7,10,13,29,12,10,35,6,14,8,19,49,37,70,18,12,24,64,37,5,9,14,7,11,9,6,6,12,22,60,86,81,31,13,90,33,31,29,55,35,41,38,6,26,-20,24,22,27,19,41,25,3,20,31,39,27,25,27,15,24,36,25,44,51,13,27,41,26,39,66,47,41,39,12,46,50,15,35,32,43,24,27,38,21,23,20,13,43,52,50,50,67,35,15,26,42,34,36,33,36,36,47,32,21,48,49,49,36,28,41,28,20,20,34,36,27,34,39,32,38,25,50,26,49,22,37,26,54,34,40,65,34,28,57,41,65,98,70,77,24,31,15,35,6,41,30,7,28,32,27,31,15,28,145,126,46,6,8,8,49,7,11,7,21,55,43,-20,58,47,59,61,56,61,12,4,13,8,26,130,13,50,15,35,28,15,10,57,12,57,13,32,4,7,62,11,8,45,101,21,20,20,31,13,19,43,12,15,20,18,22,12,16,23,8,20,7,23,13,49,19,33,11,15,8,22,12,14,14,21,9,14,7,91,21,9,13,103,8,26,18,9,15,16,41,19,29,28,11,16,11,15,8,21,17,8,3,-20,103,12,9,9,6,37,33,9,18,15,9,21,31,20,29,15,8,12,14,11,8,10,8,14,10,19,14,25,17,10,32,48,40,13,154,21,31,22,16,6,13,13,7,21,13,8,17,20,26,8,14,35,125,23,7,13,9,5,21,25,7,12,3,35,24,19,55,5,7,11,20,10,7,13,23,18,24,9,19,12,78,48,25,50,19,14,5,8,11,7,16,-20,16,12,51,22,27,19,-20,31,5,11,20,18,12,11,62,11,8,20,24,10,17,40,11,26,81,89,75,69,16,57,45,16,14,46,67,13,14,68,17,12,57,19,15,15,33,13,11,18,31,5,18,38,41,6,18,17,19,21,17,28,47,33,28,7,17,11,20,19,33,14,12,77,48,16,21,14,64,7,60,15,23,15,27,32,10,23,8,12,33,30,32,80,73,63,72,54,19,38,11,45,18,10,31,10,15,19,14,23,6,33,15,31,33,29,40,36,12,58,5,19,24,13,29,9,-20,21,12,16,4,3,3,48,69,16,105,41,62,60,39,32,54,36,52,77,41,69,59,64,67,30,75,45,30,6,53,38,148,34,20,18,20,29,49,29,47,75,55,37,67,74,17,61,33,89,59,67,73,40,30,24,29,27,18,21,12,26,25,18,15,14,19,8,15,12,13,16,12,23,20,13,20,23,12,28,8,15,16,14,16,13,20,16,6,18,23,13,21,27,13,10,15,28,24,13,-20,21,14,8,12,20,18,23,14,8,24,17,16,9,27,22,8,23,26,6,13,12,8,24,16,14,16,15,29,6,21,16,16,11,16,12,23,26,18,14,17,13,26,15,20,22,7,12,20,13,15,10,12,12,11,32,-20,17,4,23,9,15,11,8,4,6,9,8,23,-20,11,16,5,21,6,16,16,9,13,4,13,13,9,7,14,4,15,16,12,5,14,10,8,8,21,18,17,13,12,8,11,13,17,12,14,10,30,15,5,14,10,15,11,31,11,-20,-20,3,-20,4,5,10,14,5,23,14,15,24,10,5,35,21,19,7,19,9,30,20,11,22,23,24,11,17,12,15,7,3,25,18,11,8,4,15,9,6,14,-20,15,26,14,12,8,-20,6,11,15,19,5,9,14,7,15,17,40,8,7,6,12,3,12,112,8,12,26,11,18,17,20,29,25,43,21,25,13,9,13,29,16,18,16,17,15,37,14,16,19,17,18,6,62,13,10,26,17,16,7,7,20,16,15,24,21,10,15,11,14,3,10,12,10,20,8,15,9,11,17,6,5,4,23,19,4,12,21,11,11,20,12,11,13,8,11,8,6,14,19,11,18,16,10,14,11,12,8,5,10,5,7,-20,13,7,14,5,14,9,10,11,18,14,28,-20,4,8,25,18,18,13,10,18,9,13,8,28,8,18,12,59,10,4,18,20,21,9,18,16,22,17,9,14,7,19,5,13,46,3,7,14,12,13,18,-20,-20,12,10,12,14,25,11,4,14,6,8,7,-20,6,17,33,-20,11,7,16,21,3,21,-20,10,15,8,16,5,13,5,-20,7,3,15,26,18,4,3,-20,14,7,4,-20,21,-20,7,20,7,10,11,10,9,4,10,9,12,13,10,20,8,4,22,21,14,6,15,-20,9,9,5,5,6,9,7,8,15,3,5,12,4,64,60,15,61,57,38,64,36,121,46,106,175,151,82,55,83,62,83
"chr3,14742796",-20,7,6,7,5,4,15,9,4,11,-20,20,71,50,48,48,70,47,111,106,102,10,77,60,97,37,47,46,19,10,11,5,13,12,92,96,45,30,29,8,35,48,28,10,34,81,16,71,16,31,43,40,114,44,67,35,55,56,49,40,61,68,57,45,47,75,45,87,90,24,42,45,37,57,49,69,47,10,18,12,13,45,34,12,13,64,59,106,86,37,52,59,56,76,63,56,18,71,6,58,42,48,-20,11,53,71,7,54,73,7,-20,4,11,32,5,7,38,16,-20,7,27,10,23,-20,31,4,5,7,3,4,17,5,4,6,16,21,22,7,2,12,10,7,10,14,29,13,10,35,-20,14,7,19,49,39,71,-20,12,24,64,37,5,9,14,7,11,8,6,6,-20,22,57,92,81,30,13,92,33,32,31,55,34,41,39,7,24,-20,24,19,28,19,41,25,3,20,31,39,27,25,27,16,24,35,24,42,51,13,32,41,25,39,64,47,44,37,13,46,50,15,37,33,41,26,28,37,19,24,23,15,40,52,50,50,69,39,15,26,43,34,40,33,36,39,47,32,21,48,50,51,41,27,39,28,20,20,34,38,28,33,38,31,38,25,48,26,51,23,37,23,54,36,44,59,36,29,57,38,63,99,71,76,23,31,15,34,6,42,31,7,29,31,26,32,15,30,146,125,46,7,9,8,51,-20,11,7,22,56,45,7,59,47,59,61,54,61,11,5,14,8,26,128,12,51,15,37,27,15,10,56,13,59,14,32,4,7,61,12,7,45,102,20,-20,21,32,13,19,43,12,15,20,18,23,12,15,23,8,20,7,23,13,49,20,32,11,15,8,24,12,14,14,21,9,15,7,92,21,9,13,107,8,-20,18,9,15,17,42,19,27,27,11,19,13,15,9,21,16,8,3,-20,102,12,9,8,6,39,32,9,18,15,9,21,31,20,32,15,7,12,14,11,8,9,8,16,11,20,-20,24,18,11,31,48,40,13,153,22,31,23,16,5,12,13,7,21,13,9,17,19,26,8,16,35,129,23,7,14,10,5,21,25,7,12,3,37,24,19,54,7,7,12,21,10,7,13,23,17,23,9,19,12,82,52,25,52,19,13,5,9,11,7,15,-20,15,12,53,21,26,18,-20,32,5,11,20,17,12,10,62,11,8,19,24,10,17,40,11,23,83,91,77,68,15,59,45,15,14,47,69,13,15,66,18,12,58,19,15,15,-20,13,12,18,31,5,17,38,42,5,19,17,21,21,17,29,46,33,28,-20,18,11,22,19,32,14,14,76,47,16,21,13,67,6,62,15,24,16,27,34,11,24,7,12,36,29,34,82,73,62,73,54,20,38,11,45,18,11,31,11,15,19,16,23,6,33,15,31,31,30,40,36,13,57,5,19,24,13,28,9,-20,21,11,15,4,3,3,50,66,16,105,41,64,58,39,33,54,36,51,76,42,67,58,64,67,31,69,44,30,7,52,37,151,35,22,19,21,29,51,28,51,77,56,37,70,76,17,64,34,90,58,65,77,38,31,25,26,26,18,21,11,26,24,18,15,14,20,8,16,12,13,16,12,22,21,14,20,22,12,28,8,14,17,13,16,13,19,16,6,19,23,14,21,27,14,10,15,28,23,13,10,20,14,8,12,21,18,24,14,7,23,17,16,9,28,23,8,22,27,6,13,12,8,25,16,13,17,16,30,6,21,15,15,11,16,12,23,26,17,17,17,13,27,15,20,21,7,11,19,13,15,10,12,12,11,32,-20,18,4,23,9,15,11,8,4,6,9,8,23,9,11,16,5,21,6,16,16,9,14,4,12,12,10,-20,14,4,15,15,13,6,14,10,8,8,20,18,17,-20,12,8,-20,-20,17,12,14,10,30,15,5,14,-20,15,11,29,11,-20,-20,3,-20,4,5,10,14,5,22,14,15,24,9,5,34,21,19,7,18,9,28,21,11,22,23,24,11,17,11,14,8,3,27,19,11,7,4,15,-20,6,13,-20,15,29,14,12,7,-20,6,11,14,19,4,9,14,7,-20,17,40,8,7,7,13,3,12,113,8,13,26,12,18,17,20,29,25,41,21,25,13,9,13,27,15,16,17,17,13,37,14,16,19,-20,17,6,61,14,10,26,16,16,7,7,21,16,15,24,21,10,-20,11,15,3,10,12,10,20,7,15,9,12,17,6,5,4,23,19,4,12,20,11,10,20,11,11,13,7,12,8,5,13,18,11,19,16,10,14,11,12,8,5,11,-20,6,-20,13,7,14,5,14,8,-20,10,20,14,28,24,-20,7,23,19,-20,13,10,18,9,13,-20,28,8,18,12,58,11,4,18,20,21,8,18,17,21,17,9,14,7,19,5,13,47,3,7,14,11,13,18,23,-20,12,10,12,14,24,-20,4,14,-20,8,7,14,6,-20,35,13,12,7,16,21,3,20,5,10,15,8,19,5,15,5,-20,9,3,14,-20,20,4,4,-20,13,7,4,7,21,-20,7,22,8,9,-20,12,8,4,10,9,12,12,8,19,7,-20,21,22,17,6,19,-20,8,10,4,6,7,9,7,10,17,3,5,14,4,58,60,15,62,59,38,63,36,124,46,-20,176,152,84,55,86,65,84
"chr3,14742797",-20,-20,-20,7,5,5,15,10,-20,11,-20,-20,-20,-20,-20,-20,-20,-20,-20,-20,103,10,-20,-20,-20,37,-20,-20,19,10,11,5,13,12,-20,-20,-20,31,29,8,35,47,29,-20,34,-20,16,-20,15,-20,-20,40,114,45,65,35,56,-20,-20,-20,-20,-20,-20,41,44,-20,-20,-20,-20,-20,-20,-20,-20,-20,-20,-20,-20,-20,-20,12,-20,-20,-20,-20,13,-20,-20,-20,86,-20,-20,-20,-20,-20,-20,-20,18,-20,7,-20,38,-20,-20,-20,-20,-20,7,-20,-20,7,-20,4,-20,32,-20,7,39,16,-20,7,27,10,23,-20,31,4,5,-20,-20,4,17,5,4,6,16,21,23,7,2,12,-20,7,-20,13,29,-20,10,35,-20,14,7,19,50,39,-20,19,12,22,-20,39,5,-20,-20,7,11,8,6,6,11,-20,-20,-20,-20,-20,-20,-20,33,32,29,56,-20,-20,40,8,23,-20,24,19,28,19,41,25,-20,-20,-20,-20,-20,-20,27,17,22,-20,25,-20,-20,13,-20,-20,-20,-20,-20,-20,-20,38,13,-20,49,-20,-20,34,41,-20,-20,-20,-20,-20,23,-20,43,-20,52,-20,-20,-20,14,26,42,-20,43,-20,-20,-20,-20,-20,-20,43,-20,-20,37,-20,-20,-20,20,20,34,40,-20,-20,-20,-20,-20,24,-20,-20,52,23,-20,-20,-20,-20,-20,58,37,30,-20,-20,-20,-20,-20,76,23,-20,-20,33,6,-20,-20,-20,-20,31,-20,28,-20,31,-20,-20,46,-20,-20,8,-20,-20,11,-20,23,-20,-20,7,-20,-20,-20,-20,-20,61,11,5,14,-20,27,128,-20,51,16,-20,27,16,10,-20,-20,56,-20,32,-20,7,-20,13,7,45,-20,20,-20,21,33,13,-20,-20,-20,15,-20,-20,26,12,14,21,8,20,-20,24,13,-20,20,32,11,16,-20,24,14,14,14,21,-20,15,7,92,-20,10,13,107,8,25,19,9,-20,17,40,19,27,-20,11,-20,13,15,9,19,-20,8,-20,-20,93,-20,9,8,6,39,32,-20,18,-20,9,21,29,-20,32,15,7,-20,-20,10,8,-20,8,-20,11,20,14,23,-20,-20,32,47,-20,-20,150,22,31,23,16,-20,12,15,7,-20,14,8,17,17,26,8,16,35,132,20,7,-20,9,6,21,25,7,11,3,33,24,19,53,7,-20,11,21,-20,7,-20,24,-20,-20,9,-20,-20,-20,-20,26,-20,-20,12,-20,-20,11,8,15,-20,15,12,49,-20,-20,19,-20,31,6,11,21,-20,12,10,-20,11,-20,-20,24,-20,16,-20,-20,24,83,90,-20,-20,16,-20,-20,14,14,-20,-20,12,15,66,-20,-20,-20,19,-20,-20,37,12,13,-20,31,5,17,38,-20,5,-20,18,23,19,-20,-20,-20,33,-20,-20,18,11,22,19,32,-20,14,77,-20,-20,20,11,63,6,62,14,-20,-20,-20,34,11,24,7,14,33,33,34,-20,-20,-20,-20,53,19,37,10,46,19,10,30,11,15,19,17,23,6,33,16,31,33,30,40,35,13,57,5,19,25,13,29,9,-20,21,11,15,4,3,-20,-20,-20,-20,-20,40,65,59,40,31,54,36,-20,-20,-20,-20,-20,-20,-20,30,67,43,32,7,-20,37,-20,-20,-20,20,-20,29,53,28,51,-20,-20,-20,-20,-20,-20,62,33,90,57,66,-20,-20,30,-20,26,-20,18,-20,12,26,-20,16,15,15,20,8,15,-20,13,15,15,22,21,13,20,22,13,28,8,14,16,13,15,-20,19,16,-20,-20,23,14,21,27,14,10,15,28,22,13,10,20,14,8,12,20,-20,25,14,7,23,16,16,9,29,22,8,22,27,7,13,11,8,25,16,13,17,16,31,6,22,-20,16,11,16,12,-20,24,-20,18,17,13,28,15,20,19,7,11,19,14,16,10,12,13,12,32,-20,18,4,23,9,15,11,10,5,5,9,8,24,9,11,16,5,21,6,16,16,9,15,4,12,12,-20,-20,14,4,16,16,12,6,14,10,8,8,21,18,17,15,12,8,10,13,16,12,14,10,30,15,5,14,10,15,11,31,11,-20,-20,3,-20,-20,-20,10,-20,-20,19,14,15,24,9,5,34,21,19,7,18,9,-20,21,11,22,23,26,-20,16,11,-20,8,3,26,20,11,7,4,15,9,7,12,-20,-20,28,-20,-20,7,-20,6,11,14,19,4,9,-20,7,15,16,-20,8,7,7,12,3,12,-20,8,13,-20,-20,18,17,19,-20,25,44,-20,24,13,9,13,28,16,17,17,17,14,38,14,-20,19,17,18,6,62,14,-20,26,16,16,-20,7,22,16,15,24,-20,-20,15,11,-20,3,-20,11,10,-20,6,14,-20,11,17,6,-20,5,23,19,4,12,20,10,-20,19,-20,11,13,-20,-20,8,7,13,-20,11,20,17,10,14,12,12,8,5,-20,-20,-20,-20,13,-20,-20,5,13,8,-20,-20,20,-20,29,-20,-20,7,24,19,20,13,10,18,9,-20,-20,28,8,-20,12,59,10,-20,18,19,19,-20,18,16,-20,16,-20,14,-20,20,5,12,47,3,7,14,-20,13,-20,23,-20,-20,-20,12,14,24,10,-20,16,-20,9,7,13,7,-20,-20,13,12,7,17,21,3,20,5,10,17,8,20,6,14,5,-20,-20,3,-20,26,20,3,4,-20,-20,-20,4,8,20,-20,-20,21,-20,11,11,11,-20,4,11,9,13,12,9,-20,8,8,21,-20,18,-20,20,-20,10,10,4,5,7,9,6,-20,-20,-20,-20,-20,4,57,-20,15,-20,-20,-20,-20,36,123,46,121,176,152,-20,54,-20,-20,-20
"chr3,14742803",-20,7,5,7,5,5,14,9,4,11,-20,19,77,53,44,50,75,50,114,111,104,10,78,61,97,38,48,53,21,10,11,5,13,11,93,97,47,37,28,8,31,53,-20,15,-20,80,16,67,16,37,43,41,111,47,68,34,60,60,51,44,58,79,59,48,50,76,44,84,92,27,45,45,37,55,50,71,45,9,18,12,12,45,32,12,13,59,63,105,87,40,54,58,57,79,68,64,18,76,7,61,45,49,-20,-20,56,70,-20,56,81,7,-20,4,11,32,-20,7,39,15,-20,-20,25,10,23,-20,31,4,5,7,-20,4,17,3,4,6,16,21,23,7,-20,12,9,5,9,13,29,13,10,37,6,14,7,19,-20,-20,73,16,11,22,71,37,5,9,14,7,11,8,5,6,9,22,57,95,78,26,14,92,32,34,27,52,35,40,40,8,23,2,23,19,31,18,42,22,3,20,33,37,28,24,26,-20,24,31,26,46,56,-20,34,41,25,40,62,49,55,39,15,44,48,16,42,-20,39,27,32,37,20,25,24,17,45,58,51,52,64,-20,16,26,41,31,-20,34,37,43,47,30,23,45,49,50,42,27,36,31,21,19,35,41,26,34,36,31,37,23,49,28,51,22,34,23,60,38,46,59,37,34,55,34,63,98,74,78,23,34,16,33,6,41,29,8,29,32,26,35,12,-20,143,130,42,6,8,7,53,6,11,7,24,54,46,7,62,50,59,69,59,59,9,6,12,8,28,130,11,55,16,38,26,17,10,56,13,57,14,33,3,7,69,13,6,45,101,18,21,22,34,13,21,45,10,14,22,17,24,13,16,26,7,20,8,27,14,47,21,34,12,21,8,22,14,15,13,20,10,14,8,89,22,10,13,106,8,24,15,9,16,17,37,20,27,26,11,22,16,16,9,22,15,9,3,-20,108,12,10,8,6,37,33,14,19,14,10,20,30,19,33,14,8,11,12,12,7,10,8,16,11,21,14,23,17,11,33,48,39,13,152,23,32,23,17,-20,12,16,7,28,-20,7,15,15,25,8,16,35,135,19,6,15,9,6,20,27,7,11,3,35,25,16,-20,7,7,12,24,8,7,13,24,17,23,8,16,13,91,50,25,52,20,13,5,9,14,9,16,7,13,12,50,20,26,19,-20,37,5,10,19,17,10,10,64,11,8,19,25,11,17,42,8,27,84,90,77,71,16,65,49,14,12,50,71,12,15,70,17,12,59,21,16,13,36,14,12,17,32,6,17,36,47,6,18,19,-20,19,17,31,45,34,28,9,20,11,24,23,35,12,12,75,47,14,22,12,65,6,61,-20,23,17,27,33,11,23,7,15,34,33,34,83,74,61,78,52,18,38,8,49,18,11,29,10,12,19,16,23,7,33,15,28,32,28,39,32,12,55,4,18,24,13,28,9,-20,21,11,13,4,3,-20,48,60,16,110,40,64,56,39,34,54,35,48,75,41,70,58,61,74,29,72,46,34,8,50,34,160,33,22,20,23,29,50,30,50,79,56,40,68,85,19,63,33,85,58,66,77,37,29,28,26,26,18,-20,12,25,25,18,12,-20,21,8,15,12,13,15,14,20,21,12,20,23,13,25,7,14,17,12,16,12,18,16,6,19,22,12,20,27,14,10,15,28,22,13,10,19,14,7,12,21,17,25,14,7,23,17,15,9,29,25,7,21,26,7,10,11,5,23,14,12,15,16,32,6,22,15,14,9,16,12,19,26,20,16,15,13,26,13,21,20,6,10,16,13,14,11,12,13,12,32,5,17,3,22,8,16,12,10,5,5,8,8,20,8,11,15,5,23,6,16,14,9,15,4,12,12,11,7,14,4,14,16,13,6,14,10,8,8,20,16,17,14,11,7,11,12,16,11,14,10,27,15,6,11,10,15,10,31,11,-20,-20,-20,-20,4,5,9,14,5,20,14,11,24,8,5,36,22,19,-20,18,8,27,21,9,22,22,27,10,-20,10,13,6,3,-20,21,10,6,4,16,8,7,15,-20,16,29,14,13,6,-20,6,9,14,18,4,9,15,-20,14,18,42,8,6,7,12,4,12,121,9,11,25,12,19,15,18,24,26,43,21,23,14,9,13,27,15,16,15,16,13,38,15,13,19,16,17,-20,61,12,11,28,14,14,7,8,23,16,14,23,22,11,16,10,15,3,10,11,10,19,6,15,9,13,17,6,5,5,23,20,4,12,20,13,12,17,-20,9,13,8,12,8,7,12,15,9,18,17,9,13,12,13,9,5,-20,-20,6,-20,11,8,13,5,14,5,11,-20,22,14,32,22,-20,9,23,18,16,14,11,20,9,12,-20,27,8,18,12,58,-20,4,16,15,17,7,15,18,21,17,9,11,8,20,5,12,45,3,8,14,10,12,18,24,-20,12,8,12,14,22,11,4,15,6,9,7,14,6,18,29,14,10,8,15,23,-20,21,5,9,19,9,19,5,15,3,-20,-20,3,14,26,19,-20,-20,-20,13,7,5,7,20,-20,6,23,-20,-20,8,11,10,-20,10,8,13,11,10,18,6,8,19,20,12,6,17,-20,10,10,-20,4,-20,11,8,9,16,3,4,10,3,49,62,13,60,58,38,57,37,128,47,108,176,150,85,53,92,65,88
"chr3,14742818",4,9,5,6,4,4,15,9,5,10,-20,19,70,53,42,51,72,54,117,111,98,10,93,68,96,34,50,49,24,11,11,4,12,16,93,101,51,40,-20,-20,-20,51,29,13,23,88,14,72,14,32,38,41,-20,-20,-20,34,56,61,52,42,57,79,62,58,55,77,48,91,100,26,42,43,35,58,52,72,44,11,17,8,13,46,34,12,14,65,64,111,-20,40,50,62,53,81,62,65,16,77,8,58,45,48,5,11,56,65,-20,57,84,9,-20,6,10,32,5,-20,39,14,-20,6,27,11,22,-20,30,-20,-20,7,3,4,17,4,4,-20,13,19,21,6,-20,10,10,5,8,12,26,15,-20,-20,6,15,6,18,59,38,82,16,11,21,69,36,6,9,13,7,12,8,6,7,10,16,56,86,65,24,13,84,21,28,27,49,28,33,-20,-20,21,-20,21,16,27,14,33,-20,4,19,28,28,24,24,18,17,17,34,30,49,56,20,37,41,27,43,65,50,55,39,16,36,48,18,40,33,28,28,31,36,22,24,18,20,44,55,52,57,63,39,13,27,36,33,48,31,30,45,42,29,21,46,45,40,39,29,35,27,-20,-20,-20,-20,22,34,33,30,33,19,45,32,47,22,36,19,64,37,45,61,40,42,49,35,65,91,65,55,-20,31,17,36,8,39,29,7,24,24,24,34,10,33,171,105,43,6,9,4,60,6,13,7,22,56,51,7,60,55,62,69,57,57,9,6,-20,-20,30,128,12,-20,20,36,-20,17,14,58,11,56,14,-20,-20,8,67,12,7,48,115,14,17,-20,-20,12,20,46,11,18,20,18,21,-20,-20,27,8,18,7,29,15,46,-20,-20,12,19,6,18,-20,14,-20,20,9,14,7,96,24,-20,13,100,7,26,14,10,20,16,26,22,26,18,10,21,-20,18,10,27,18,9,3,3,106,13,10,6,6,27,32,15,19,12,12,19,27,21,31,16,15,10,15,12,7,11,8,20,10,21,15,20,20,11,-20,-20,36,16,-20,24,30,21,16,6,9,16,-20,27,14,7,15,14,19,7,-20,-20,-20,17,7,16,10,5,18,26,9,-20,3,34,20,18,37,7,6,11,23,9,8,14,26,16,26,9,15,12,92,55,24,44,19,16,6,10,-20,9,-20,13,11,12,33,23,25,19,-20,40,5,12,-20,17,8,9,69,-20,8,19,-20,10,18,42,9,-20,-20,-20,75,71,16,67,51,13,11,52,64,12,-20,-20,20,11,65,14,17,16,35,17,11,17,31,7,17,28,48,6,19,18,18,15,15,27,41,-20,23,10,19,14,28,24,40,11,15,72,48,18,19,12,64,8,60,19,25,15,29,32,6,20,8,19,33,35,32,81,73,59,86,-20,18,39,6,49,19,13,26,10,11,14,13,23,10,30,19,29,-20,31,36,32,9,55,4,15,21,12,32,9,3,21,11,12,4,-20,-20,41,59,19,108,38,66,53,41,33,50,32,45,89,43,55,60,54,68,30,66,44,37,8,48,29,137,26,18,17,23,25,51,34,50,74,58,39,62,116,18,52,-20,75,50,65,74,41,-20,27,26,27,20,22,11,25,25,12,12,11,21,9,14,15,17,14,17,24,-20,12,21,18,-20,27,10,13,21,12,15,15,15,15,6,18,25,12,20,31,17,12,16,24,24,15,11,16,17,9,14,21,19,23,15,7,25,13,14,8,28,-20,5,21,-20,8,7,11,8,21,12,14,15,13,32,6,22,14,15,8,17,13,25,28,21,16,15,13,23,12,22,24,7,9,17,10,12,9,10,16,10,32,6,14,3,23,8,15,14,-20,6,5,9,7,20,-20,9,15,8,-20,9,16,14,9,20,8,13,13,10,8,15,4,14,14,12,8,11,6,10,9,-20,18,20,15,12,8,10,11,18,12,13,12,27,15,5,11,12,13,12,33,14,-20,-20,4,-20,4,5,8,14,5,18,16,13,23,7,6,-20,21,21,7,16,5,26,22,14,21,16,-20,11,12,11,12,5,3,22,21,9,5,3,20,9,6,20,-20,19,29,16,15,7,-20,8,8,13,21,3,12,14,5,13,17,45,8,6,9,12,4,9,123,10,-20,25,12,22,16,18,23,29,35,23,24,11,-20,13,27,16,16,17,16,13,33,17,14,18,16,19,-20,58,9,14,31,10,11,7,10,21,16,13,24,19,10,-20,9,14,3,12,11,11,17,7,13,12,13,16,6,6,3,20,18,5,10,22,15,11,16,10,10,14,10,8,8,8,18,16,13,19,19,8,-20,12,11,9,5,8,-20,6,-20,12,8,12,7,13,7,11,11,20,16,30,23,-20,9,23,17,15,13,11,21,9,11,-20,25,9,17,11,65,15,4,14,13,18,6,18,17,18,15,7,11,6,21,-20,10,42,3,10,17,12,12,19,-20,-20,12,7,11,15,22,12,4,15,4,9,7,-20,-20,13,21,12,-20,-20,-20,15,8,-20,-20,8,15,-20,12,8,17,3,4,-20,7,12,17,-20,4,-20,-20,10,-20,4,6,14,-20,9,18,6,-20,7,-20,-20,-20,-20,-20,11,9,-20,-20,3,-20,20,11,19,7,-20,9,11,-20,3,-20,-20,12,4,-20,7,4,-20,13,4,36,66,13,56,61,36,55,37,125,56,-20,149,149,80,48,91,69,95
