"chr,position",88,108,139,159,265,350,351,403,410,424,428,430,470,476,484,504,506,531,544,546,628,630,680,681,685,687,728,742,763,765,766,768,772,801,853,854,867,868,870,915,932,991,992,997,1002,1006,1061,1062,1063,1066,1070,1158,1166,1254,1257,1313,1317,1552,1612,1622,1651,1652,1676,1684,1739,1741,1756,1757,1793,1797,1819,1820,1829,1834,1835,1851,1852,1853,1872,1890,1925,1942,1943,1954,2016,2017,2031,2053,2057,2081,2091,2106,2108,2141,2159,2166,2171,2191,2202,2212,2239,2240,2276,2278,2285,2286,2317,2370,2412,4779,4807,4826,4840,4857,4884,4900,4939,4958,5023,5104,5151,5165,5210,5236,5249,5253,5276,5279,5349,5353,5395,5486,5577,5644,5651,5717,5718,5720,5726,5741,5748,5757,5768,5772,5776,5779,5784,5798,5800,5811,5822,5830,5831,5832,5836,5837,5856,5860,5865,5867,5874,5890,5893,5907,5921,5950,5984,5993,6008,6009,6010,6011,6012,6013,6016,6017,6019,6020,6021,6022,6023,6024,6025,6030,6034,6035,6036,6038,6039,6040,6041,6042,6043,6046,6064,6069,6070,6071,6073,6074,6076,6077,6085,6086,6087,6088,6090,6091,6092,6094,6095,6096,6097,6098,6099,6100,6101,6102,6104,6105,6106,6107,6108,6109,6111,6112,6113,6114,6115,6118,6119,6122,6123,6124,6125,6126,6128,6131,6132,6133,6134,6136,6137,6138,6140,6141,6142,6145,6148,6149,6150,6151,6153,6154,6163,6166,6169,6172,6173,6174,6177,6180,6184,6188,6189,6191,6192,6193,6194,6195,6198,6201,6202,6203,6209,6210,6214,6216,6217,6218,6220,6221,6231,6235,6237,6238,6240,6241,6242,6243,6244,6252,6255,6258,6268,6276,6284,6296,6390,6396,6413,6424,6434,6445,6680,6739,6740,6744,6749,6750,6805,6806,6814,6830,6897,6898,6900,6901,6903,6904,6907,6908,6909,6911,6913,6915,6917,6918,6919,6920,6922,6923,6924,6926,6927,6929,6931,6932,6933,6938,6940,6943,6944,6945,6951,6956,6957,6958,6959,6960,6961,6963,6966,6967,6968,6969,6970,6971,6973,6974,6975,6976,6979,6981,6982,6984,6986,6987,6989,6990,6992,6997,7000,7002,7003,7008,7013,7014,7025,7026,7028,7031,7033,7036,7058,7061,7062,7063,7064,7067,7068,7071,7072,7077,7081,7092,7094,7096,7102,7103,7106,7107,7109,7111,7117,7119,7120,7125,7126,7127,7130,7133,7138,7143,7147,7158,7160,7161,7162,7163,7164,7165,7169,7177,7181,7183,7186,7192,7199,7202,7203,7207,7208,7209,7213,7217,7218,7223,7231,7236,7244,7248,7250,7255,7258,7268,7273,7276,7280,7282,7287,7288,7296,7298,7305,7306,7307,7314,7316,7319,7320,7322,7323,7327,7328,7332,7333,7337,7342,7343,7344,7346,7347,7349,7350,7353,7354,7356,7358,7359,7372,7373,7377,7378,7382,7383,7384,7387,7394,7396,7404,7411,7413,7415,7416,7417,7418,7419,7424,7427,7430,7460,7461,7471,7475,7477,7514,7515,7516,7517,7520,7521,7523,7525,7529,7530,7566,7568,7717,7757,7767,7917,7947,8037,8057,8077,8132,8171,8214,8222,8227,8230,8231,8233,8234,8235,8236,8237,8238,8239,8240,8241,8242,8243,8244,8246,8247,8249,8256,8258,8259,8264,8283,8284,8285,8290,8297,8306,8307,8311,8312,8326,8334,8335,8337,8343,8351,8354,8357,8365,8366,8369,8376,8386,8387,8419,8420,8422,8424,8426,8427,8464,8483,8699,8723,9027,9057,9058,9067,9069,9070,9075,9078,9079,9081,9084,9085,9089,9091,9095,9099,9100,9102,9103,9104,9105,9106,9111,9113,9114,9115,9121,9125,9128,9130,9131,9133,9134,9298,9312,9314,9321,9323,9332,9336,9339,9343,9352,9353,9363,9369,9370,9371,9380,9381,9382,9383,9386,9388,9390,9391,9392,9394,9395,9399,9402,9404,9405,9407,9408,9409,9412,9413,9416,9421,9427,9433,9436,9437,9442,9450,9451,9452,9453,9454,9455,9470,9471,9476,9481,9503,9506,9507,9508,9509,9510,9511,9512,9513,9514,9515,9517,9518,9519,9520,9521,9522,9523,9524,9525,9526,9527,9528,9529,9530,9531,9532,9533,9534,9535,9536,9537,9539,9540,9541,9542,9543,9544,9545,9546,9547,9548,9549,9550,9551,9552,9553,9554,9555,9556,9557,9558,9559,9560,9561,9562,9564,9565,9567,9568,9569,9571,9573,9574,9576,9577,9578,9579,9581,9582,9583,9584,9585,9586,9587,9588,9589,9590,9591,9592,9593,9594,9595,9596,9597,9598,9599,9600,9601,9602,9606,9607,9608,9609,9610,9611,9612,9613,9615,9616,9617,9619,9620,9621,9622,9624,9625,9626,9627,9628,9629,9630,9631,9632,9633,9634,9635,9636,9637,9638,9639,9640,9641,9642,9643,9644,9645,9646,9647,9648,9649,9651,9653,9655,9656,9657,9658,9659,9660,9661,9663,9664,9665,9666,9667,9668,9669,9670,9671,9672,9673,9676,9677,9678,9679,9680,9681,9682,9683,9684,9685,9686,9687,9689,9690,9691,9692,9693,9694,9695,9696,9697,9698,9699,9700,9701,9703,9704,9705,9706,9707,9708,9709,9710,9711,9712,9713,9714,9716,9717,9718,9719,9720,9721,9722,9723,9725,9726,9727,9728,9729,9730,9731,9732,9733,9735,9736,9737,9738,9739,9741,9743,9744,9745,9747,9748,9749,9754,9755,9756,9757,9758,9759,9761,9762,9764,9766,9768,9769,9770,9771,9772,9774,9775,9776,9777,9778,9779,9780,9781,9782,9783,9784,9785,9786,9787,9788,9789,9790,9791,9792,9793,9794,9795,9796,9797,9798,9799,9800,9801,9802,9803,9804,9805,9806,9807,9808,9809,9810,9811,9812,9813,9814,9815,9816,9817,9819,9820,9821,9822,9823,9824,9825,9826,9827,9828,9830,9831,9832,9833,9834,9835,9836,9837,9838,9839,9840,9841,9843,9844,9845,9846,9847,9848,9849,9850,9851,9852,9853,9854,9855,9856,9857,9858,9859,9860,9861,9862,9864,9866,9867,9868,9869,9870,9871,9873,9874,9875,9876,9877,9878,9879,9880,9881,9882,9883,9885,9886,9887,9888,9890,9891,9892,9894,9895,9897,9898,9899,9900,9901,9902,9903,9904,9905,9906,9908,9909,9910,9911,9912,9914,9915,9917,9918,9920,9921,9924,9925,9926,9927,9928,9929,9930,9932,9933,9935,9937,9938,9939,9941,9942,9943,9944,9945,9946,9947,9948,9949,9950,9951,9952,9953,9955,9956,9957,9958,9959,9960,9962,9963,9964,9965,9966,9968,9969,9970,9971,9972,9973,9974,9975,9976,9978,9979,9980,9981,9982,9983,9984,9985,9986,9987,9988,9990,9991,9993,9995,9996,9997,9998,9999,10001,10002,10004,10005,10006,10008,10009,10010,10011,10012,10013,10014,10015,10017,10018,10020,10022,10023,10027,14312,14313,14314,14315,14318,14319,15560,15591,15592,15593,18694,18696,19949,19950,19951
"chr5,16649974",-20,6,4,-20,11,5,4,8,8,7,5,4,39,25,23,17,35,23,79,63,42,13,39,36,46,27,22,38,10,9,10,7,10,7,55,46,29,23,11,11,9,30,5,9,21,44,10,26,-20,8,6,31,60,25,26,14,41,38,19,38,22,30,20,42,36,25,30,44,34,22,30,24,8,26,25,45,16,5,8,9,11,16,21,3,-20,28,22,41,20,11,16,31,39,37,44,38,10,43,-20,47,31,35,4,11,23,38,6,41,44,7,9,4,46,48,8,3,55,4,4,9,6,6,9,3,44,10,-20,49,10,11,26,3,11,5,26,54,47,4,7,10,6,6,11,7,38,7,4,34,6,8,2,8,21,11,24,11,-20,8,48,7,3,6,9,-20,5,16,-20,-20,7,4,-20,38,23,7,4,12,14,12,17,23,12,13,-20,8,-20,-20,13,12,-20,3,-20,17,-20,6,-20,17,-20,3,17,13,3,17,21,10,20,7,14,22,6,20,12,26,21,17,7,12,27,4,13,18,-20,8,15,-20,-20,6,5,7,33,27,27,29,36,52,8,4,9,13,11,7,22,15,7,10,5,41,11,10,8,15,9,13,17,-20,7,-20,9,8,16,8,9,9,7,4,7,14,9,-20,12,20,14,7,9,27,25,4,31,27,11,18,7,12,-20,-20,6,-20,-20,-20,-20,8,-20,17,-20,8,24,24,12,7,-20,-20,-20,-20,8,-20,8,20,27,4,27,29,31,33,30,48,5,7,4,4,11,81,18,14,10,12,9,17,-20,4,11,33,6,17,5,5,18,4,8,44,115,18,5,47,19,18,8,13,13,10,25,-20,-20,4,12,12,4,11,8,6,8,11,6,16,10,8,3,18,13,7,8,15,6,5,12,43,-20,7,9,41,8,8,12,4,14,13,15,18,14,8,11,13,-20,4,5,-20,12,6,5,8,52,7,10,7,-20,20,13,4,3,14,8,-20,13,8,6,20,17,4,6,-20,4,5,8,12,9,5,9,19,7,9,13,10,18,13,83,21,10,6,4,8,8,6,-20,18,7,6,6,6,8,6,8,12,19,16,-20,7,7,4,15,15,7,-20,-20,15,11,14,18,15,4,13,15,-20,3,8,12,6,14,9,8,6,39,21,13,26,8,3,-20,9,13,6,8,15,5,10,19,9,11,34,9,17,6,4,5,2,4,10,45,12,7,8,7,3,6,27,2,9,20,31,52,40,9,31,25,5,3,30,34,9,6,24,3,-20,28,8,-20,11,-20,4,7,-20,17,-20,5,11,16,11,-20,24,-20,3,-20,18,16,17,-20,4,12,9,19,5,44,8,11,10,12,11,12,9,28,-20,73,11,17,-20,16,5,7,8,4,14,32,18,7,40,34,38,36,38,8,24,7,15,14,15,28,-20,6,10,10,13,10,11,7,25,13,21,14,17,4,45,4,10,5,17,18,17,13,30,6,18,7,4,6,13,3,14,55,24,43,56,29,15,-20,23,12,52,28,12,39,11,12,9,33,43,11,-20,3,14,44,3,6,-20,6,3,43,12,10,9,-20,27,17,18,2,20,-20,36,18,16,17,16,-20,9,12,17,9,5,6,12,7,7,2,13,6,13,8,11,-20,15,11,18,9,8,11,4,11,17,4,8,6,16,-20,19,12,10,4,11,12,-20,4,9,8,11,12,17,17,-20,8,8,12,7,15,4,-20,13,19,9,10,3,8,8,12,13,14,-20,14,7,10,18,6,4,8,11,11,13,17,21,3,-20,13,18,12,10,17,-20,7,12,6,-20,16,7,11,9,8,8,7,6,18,9,12,12,13,7,3,17,7,9,10,11,9,5,6,7,10,10,12,4,-20,11,5,9,9,5,9,6,10,-20,8,9,10,11,-20,-20,13,7,13,5,11,10,6,8,14,13,5,10,10,6,7,8,14,13,7,10,34,7,10,11,12,14,6,12,11,18,12,23,10,16,3,8,9,14,16,10,5,26,15,6,11,15,15,7,21,10,6,24,17,17,11,20,6,15,7,10,6,4,15,11,19,6,-20,15,9,5,19,4,19,11,18,3,5,6,15,8,9,16,4,7,7,12,11,10,12,9,6,3,3,7,5,66,9,11,18,13,17,21,13,16,24,15,13,8,9,12,10,8,7,12,11,16,14,21,6,12,10,7,15,14,28,16,8,20,14,7,4,17,11,16,-20,18,15,9,13,5,12,13,10,11,6,16,12,-20,13,5,12,2,5,4,16,11,6,-20,-20,13,3,13,6,14,14,10,-20,9,9,5,6,14,3,15,10,11,9,9,13,7,5,-20,4,3,4,-20,2,3,6,10,9,11,17,10,7,11,13,-20,-20,17,11,11,-20,17,9,6,11,9,16,12,12,36,8,13,18,-20,10,8,10,14,8,7,7,6,4,9,5,7,14,3,6,7,10,4,13,4,4,9,3,11,5,9,7,-20,10,12,12,8,6,11,19,6,-20,-20,3,8,5,-20,6,8,-20,7,4,11,8,11,4,5,9,-20,5,4,-20,5,3,-20,7,-20,-20,5,8,-20,-20,12,3,3,9,3,-20,4,4,5,3,6,5,7,3,-20,8,3,4,7,12,5,-20,7,3,6,6,5,-20,6,6,-20,8,12,-20,39,37,14,19,15,17,31,40,65,17,57,69,66,28,52,68,54,45
"chr5,16649985",-20,5,5,-20,11,5,4,8,8,9,5,4,28,24,24,16,33,23,73,64,39,13,36,35,47,26,21,32,11,-20,8,8,9,6,58,44,29,22,15,10,9,35,9,10,21,43,9,24,-20,7,6,31,67,27,30,12,44,40,20,39,20,29,18,40,32,22,28,40,42,21,30,21,8,29,22,45,17,4,9,9,14,13,19,3,-20,35,26,40,20,11,16,33,43,36,37,34,9,44,3,47,30,39,4,12,24,34,6,44,40,10,9,4,48,44,9,4,52,6,5,8,5,-20,9,3,46,11,-20,49,8,9,22,3,11,5,29,56,47,-20,7,13,7,6,11,6,35,7,4,34,6,8,2,8,21,11,30,8,-20,-20,39,7,2,6,10,-20,4,17,-20,-20,6,6,20,34,22,8,5,13,12,10,18,33,15,14,-20,7,-20,-20,11,9,-20,-20,-20,15,-20,5,-20,13,-20,5,14,13,4,16,15,10,20,7,13,24,4,20,19,26,15,17,-20,9,28,4,13,15,8,8,13,34,4,7,5,7,33,26,20,27,32,41,5,4,10,17,11,9,21,15,7,11,5,40,12,12,8,12,8,12,14,4,6,13,10,8,15,8,8,11,7,6,8,15,10,-20,11,22,16,9,7,25,22,4,31,21,12,22,4,12,-20,20,4,15,-20,-20,3,8,-20,14,-20,8,19,21,12,5,-20,-20,26,-20,8,3,9,23,26,4,29,28,34,34,28,46,3,5,5,5,12,72,20,16,12,12,9,16,-20,6,10,30,7,18,5,4,16,5,6,39,105,18,6,45,14,17,8,10,11,10,21,-20,-20,4,10,11,4,11,7,6,-20,12,7,14,11,7,-20,16,12,7,7,12,6,5,12,42,6,7,10,32,7,7,11,5,13,14,14,17,15,-20,11,13,-20,4,5,8,-20,6,5,5,47,7,8,8,9,24,12,4,3,13,7,7,13,4,8,19,15,4,6,-20,5,2,8,12,-20,5,8,16,6,8,13,8,18,13,81,21,10,-20,4,7,8,5,3,19,-20,7,6,7,8,7,7,13,17,18,-20,6,7,4,15,15,8,-20,-20,14,13,13,16,12,4,12,14,-20,3,8,9,5,12,8,6,6,38,22,15,23,8,3,-20,10,13,3,9,8,4,11,15,8,12,30,8,16,6,-20,5,2,3,8,44,13,7,9,8,3,4,26,3,5,21,32,53,40,12,26,24,6,3,30,36,12,6,26,4,-20,28,-20,-20,12,32,5,-20,-20,16,-20,7,12,14,-20,-20,23,-20,3,-20,14,12,19,-20,5,11,9,19,4,48,7,11,9,10,14,14,9,30,-20,70,10,16,3,16,4,6,9,4,15,30,-20,7,39,35,43,33,36,7,26,9,18,15,16,29,2,6,10,12,12,10,13,7,26,14,23,14,17,5,49,6,11,4,17,21,21,11,32,7,19,8,3,7,12,5,14,47,22,44,52,30,12,28,24,10,51,23,12,35,11,11,9,34,37,10,-20,4,14,39,-20,5,-20,6,3,44,14,11,9,10,28,22,19,-20,20,-20,41,15,16,18,23,-20,8,13,18,11,6,6,12,6,6,-20,14,8,14,6,11,-20,16,15,16,12,7,12,3,9,22,-20,7,7,17,-20,21,11,14,4,14,14,8,4,10,8,11,13,18,16,-20,9,10,11,6,16,4,-20,13,20,10,11,3,8,7,13,14,15,7,13,7,11,17,8,4,8,12,10,14,16,19,3,6,10,16,13,10,16,11,8,13,4,-20,13,7,11,10,8,9,6,7,17,9,13,12,14,7,6,18,7,11,11,11,10,6,7,7,11,9,13,4,3,13,6,12,9,6,9,7,12,-20,10,10,11,11,4,-20,16,8,16,5,13,9,8,7,16,13,6,11,11,7,7,8,15,13,9,10,38,8,11,12,12,15,6,13,10,17,14,24,11,17,4,9,10,14,16,10,6,26,16,6,11,15,19,5,21,11,5,23,22,14,14,22,6,16,8,12,7,4,11,11,18,6,-20,16,8,5,22,4,18,9,18,5,8,6,15,8,10,15,4,8,9,13,11,15,13,9,7,2,4,6,5,59,9,12,15,14,19,20,12,17,26,15,12,8,10,13,10,8,7,14,11,17,16,23,7,11,12,11,16,16,28,18,8,23,16,4,4,17,11,16,12,19,17,10,14,4,13,14,11,11,6,16,12,-20,13,-20,14,-20,5,5,18,8,6,-20,-20,13,3,14,6,15,14,10,7,9,9,5,5,15,3,16,14,11,11,9,16,9,5,-20,4,-20,4,-20,2,3,5,10,-20,12,17,9,7,11,13,-20,4,17,11,12,-20,17,9,9,9,8,14,11,12,43,8,13,16,-20,8,8,14,13,9,8,10,6,5,11,5,8,15,3,5,7,10,4,13,4,4,9,4,12,6,12,7,-20,11,13,14,9,4,6,16,5,-20,2,3,6,-20,-20,5,-20,-20,6,-20,9,6,7,-20,6,7,-20,-20,5,4,5,5,-20,7,-20,-20,5,-20,3,-20,6,3,3,12,-20,-20,-20,5,-20,4,6,4,7,3,3,9,3,5,7,11,4,3,4,4,-20,7,8,3,4,5,8,-20,9,-20,37,41,14,20,12,17,32,40,70,17,73,91,74,30,51,65,54,46
"chr5,16649992",3,7,5,-20,10,4,4,9,8,10,8,6,28,26,25,14,31,22,70,65,39,13,33,33,46,23,20,29,13,10,7,8,8,7,58,49,32,22,17,10,9,34,8,10,14,39,8,23,-20,7,-20,30,69,24,-20,13,41,36,21,35,23,27,19,33,27,20,28,41,40,19,33,23,8,30,21,49,16,5,9,8,12,13,18,3,-20,36,26,43,19,14,18,37,44,34,39,32,9,41,6,48,29,40,3,12,27,28,11,42,39,10,11,4,48,39,10,4,53,8,6,7,-20,4,9,3,45,11,-20,50,8,11,18,-20,11,5,26,59,49,-20,7,15,7,6,10,5,35,7,3,31,6,-20,-20,8,14,11,31,9,-20,5,36,6,2,6,12,-20,4,15,-20,-20,6,7,21,35,20,7,-20,10,12,9,19,33,17,14,9,8,-20,-20,10,8,3,-20,-20,16,-20,4,5,11,-20,3,12,-20,6,18,14,10,18,8,12,24,3,17,-20,-20,-20,18,6,8,28,4,15,14,9,9,12,-20,5,6,5,6,-20,21,18,-20,31,36,4,3,9,16,10,9,20,14,7,11,5,40,11,13,5,11,7,13,15,4,6,13,12,6,8,8,5,10,7,6,8,16,10,-20,10,24,17,9,8,24,21,-20,29,19,9,18,4,13,-20,21,3,14,-20,-20,3,8,3,10,-20,7,16,21,11,5,-20,-20,27,-20,7,-20,9,22,27,4,29,29,35,34,28,46,3,5,4,5,13,73,17,13,13,10,11,16,-20,-20,-20,27,6,18,5,4,16,5,6,39,99,18,7,43,15,15,7,11,12,11,16,9,-20,4,11,11,5,11,5,7,-20,10,7,17,12,6,4,12,14,7,6,11,5,6,12,40,6,7,9,31,5,7,13,5,11,13,12,17,16,8,13,14,3,4,7,-20,10,-20,5,5,47,7,8,10,-20,24,11,5,3,13,6,8,14,5,8,18,14,4,6,-20,4,2,7,12,7,5,7,16,-20,8,12,6,16,12,87,20,10,-20,5,8,9,6,3,18,7,6,6,-20,9,6,7,17,8,17,-20,-20,7,4,13,16,7,-20,-20,11,12,-20,15,10,4,13,13,-20,3,7,7,5,12,9,5,6,36,22,13,18,8,3,-20,11,10,3,9,4,4,10,15,9,12,29,9,16,5,-20,5,-20,4,8,43,13,9,9,-20,-20,3,25,3,5,25,33,56,38,13,25,25,7,-20,31,32,11,6,27,4,-20,28,-20,-20,12,31,4,8,7,15,-20,7,14,13,9,-20,23,3,-20,-20,15,13,19,3,5,-20,10,19,5,48,7,7,11,7,-20,13,8,28,-20,68,10,18,3,16,5,4,-20,5,13,27,-20,7,41,34,41,32,34,6,26,9,18,14,15,31,2,6,10,14,13,10,13,7,27,13,27,16,17,6,46,6,10,6,16,21,20,10,34,7,20,8,3,7,6,-20,14,44,21,47,51,-20,11,-20,25,7,49,27,13,31,10,12,10,32,40,11,-20,4,14,38,6,5,-20,6,5,39,14,12,8,8,29,20,19,-20,19,-20,35,15,17,21,26,-20,6,13,17,11,4,6,13,7,6,-20,14,8,14,6,13,11,14,15,16,11,8,13,4,8,21,-20,8,7,17,-20,21,8,13,4,14,13,6,4,11,9,12,12,19,15,-20,9,11,13,5,17,4,-20,12,20,11,13,3,10,6,13,13,18,5,16,7,11,15,6,4,7,12,10,14,15,18,-20,5,13,16,14,11,15,10,7,14,-20,-20,13,7,11,10,7,9,4,6,19,9,15,12,15,8,6,18,6,11,11,12,10,5,7,7,11,9,15,4,3,15,6,12,8,4,9,8,13,5,9,10,11,11,-20,5,16,8,17,5,15,10,8,8,18,14,3,13,11,7,9,8,15,13,10,10,42,8,12,12,13,15,6,15,11,17,16,25,10,20,4,10,10,15,17,9,6,25,16,6,10,15,21,4,22,12,4,23,22,18,16,21,6,16,10,11,8,3,11,10,16,7,-20,16,10,-20,21,6,20,11,19,5,7,6,-20,8,10,15,5,7,10,13,11,15,11,8,6,2,4,5,5,58,10,13,17,15,22,20,13,18,25,20,14,8,10,13,9,10,7,17,11,16,18,21,7,10,10,12,15,18,29,19,8,23,19,-20,5,16,10,15,11,20,17,9,14,4,15,16,11,9,6,16,11,-20,14,-20,16,-20,4,6,23,11,6,-20,-20,13,3,14,-20,17,14,11,8,7,8,5,5,18,3,17,14,10,10,7,17,9,4,-20,4,-20,-20,-20,4,4,5,12,8,13,19,11,6,11,13,-20,5,15,12,11,-20,17,10,8,9,8,15,13,12,44,8,10,18,-20,7,7,14,15,10,8,11,6,8,11,5,8,15,-20,8,7,10,4,13,4,5,10,4,13,7,12,7,-20,10,14,11,12,8,4,16,7,-20,-20,3,3,-20,-20,5,-20,-20,4,-20,10,3,9,3,3,-20,3,-20,4,5,4,5,-20,9,-20,-20,6,-20,3,-20,6,3,3,12,-20,-20,-20,5,-20,3,4,5,5,4,-20,9,-20,8,6,10,-20,4,5,3,4,6,8,-20,-20,5,6,-20,8,-20,37,39,15,18,9,19,29,42,69,14,66,106,72,28,49,65,53,49
"chr5,16649996",3,7,6,-20,9,4,4,9,7,9,7,6,26,25,26,15,33,20,70,62,37,13,32,36,50,24,19,27,12,10,5,8,7,7,56,50,33,20,18,10,-20,32,8,11,14,39,-20,24,-20,-20,-20,29,63,26,31,13,40,34,21,35,21,23,19,32,25,24,26,42,37,18,32,24,7,31,22,50,20,5,9,8,10,13,17,4,-20,38,26,44,20,14,20,40,43,40,38,33,9,43,6,46,26,40,2,12,27,27,11,42,38,10,13,5,47,38,10,4,54,7,6,7,-20,4,8,3,45,-20,-20,50,-20,11,18,3,10,4,27,56,52,4,7,14,6,6,10,6,33,8,3,30,7,8,-20,7,15,11,34,9,-20,6,37,5,2,5,12,-20,3,13,-20,-20,6,6,24,36,19,-20,-20,-20,11,10,19,34,15,14,9,8,-20,-20,-20,13,3,-20,-20,17,-20,4,5,9,9,3,15,-20,6,20,22,9,16,9,12,23,3,16,19,-20,8,15,5,6,27,3,15,14,7,9,10,28,5,4,4,5,27,21,-20,24,-20,35,5,3,10,15,10,7,18,15,7,12,6,41,11,13,8,10,8,13,16,4,6,11,11,6,8,8,5,10,-20,7,8,17,-20,-20,-20,23,16,9,10,22,23,4,-20,-20,-20,-20,3,13,3,23,-20,16,-20,-20,3,9,3,-20,-20,8,-20,-20,13,5,-20,-20,28,-20,8,-20,8,23,25,4,31,26,37,38,27,46,3,5,4,5,14,72,17,-20,14,-20,11,16,-20,-20,9,27,6,18,5,-20,16,-20,7,34,92,18,7,39,15,15,7,10,11,10,19,10,-20,4,12,10,-20,9,5,7,-20,11,7,17,12,6,3,10,14,7,6,13,5,6,12,36,7,7,9,32,4,4,13,5,11,15,11,16,16,8,13,15,-20,4,7,8,11,7,5,5,46,6,9,10,9,24,9,4,3,12,6,8,14,5,8,16,15,5,6,-20,4,-20,7,11,6,5,6,21,6,8,12,-20,15,13,92,20,8,-20,5,8,9,5,-20,17,7,8,6,8,10,6,8,18,-20,19,-20,7,6,-20,13,14,7,-20,-20,10,12,14,16,10,3,14,12,-20,3,6,6,5,12,9,5,6,36,21,13,16,8,4,-20,14,12,-20,9,-20,-20,11,17,10,13,30,9,16,5,-20,5,-20,4,8,39,12,8,9,4,-20,3,25,3,-20,26,32,58,41,13,23,24,7,-20,33,32,13,5,24,6,-20,27,10,-20,11,32,4,8,6,13,-20,7,14,14,9,-20,25,3,-20,7,15,13,18,4,6,9,7,18,5,46,7,6,10,7,11,15,7,29,-20,64,10,20,4,15,5,4,8,4,13,27,15,-20,42,31,42,30,35,5,24,10,19,13,15,31,3,6,10,14,13,9,13,7,30,13,26,17,17,6,45,6,11,6,16,20,19,9,34,9,21,9,-20,9,6,-20,13,-20,22,47,51,30,12,28,24,-20,48,27,-20,32,-20,10,10,25,40,12,4,4,-20,39,5,4,-20,6,-20,42,13,11,8,6,30,20,-20,-20,-20,-20,38,-20,18,19,26,-20,7,13,21,-20,-20,-20,12,6,-20,-20,15,8,14,-20,12,12,13,15,17,11,8,13,-20,8,21,-20,9,7,17,-20,21,-20,13,-20,12,12,10,-20,11,9,11,12,20,16,-20,9,11,13,5,16,-20,-20,11,19,11,13,-20,10,6,13,13,18,-20,16,-20,10,18,6,4,7,10,10,14,14,15,-20,4,13,16,13,10,14,10,-20,13,6,5,14,-20,11,-20,7,9,4,5,21,9,14,12,16,8,6,18,6,11,9,11,10,5,7,7,11,9,16,4,-20,14,5,12,8,4,9,7,13,5,10,10,11,11,-20,5,17,9,16,5,15,10,8,9,20,14,-20,13,10,7,9,8,14,13,10,10,42,8,12,12,13,14,6,14,11,16,15,23,10,19,4,10,10,15,17,9,6,26,15,6,10,16,21,-20,23,12,5,23,23,18,17,22,4,15,10,11,8,3,10,9,15,7,-20,16,10,5,20,6,20,12,19,5,7,7,17,8,10,15,5,7,10,11,12,15,10,8,6,2,-20,5,5,53,11,13,16,17,22,21,13,18,26,20,14,7,11,13,9,10,8,16,12,16,18,21,7,10,10,12,14,18,29,19,-20,23,19,3,-20,17,10,15,11,20,16,9,14,4,-20,16,12,9,6,13,11,-20,14,-20,16,3,-20,7,23,11,5,-20,3,13,-20,14,-20,18,13,12,8,7,7,5,6,18,4,17,13,10,10,7,17,8,-20,-20,-20,-20,-20,-20,4,-20,5,11,8,10,18,12,-20,11,13,-20,6,15,12,11,-20,18,10,8,7,9,15,13,11,45,8,10,18,-20,6,7,14,16,10,8,10,6,7,9,4,8,15,-20,8,7,10,3,14,-20,-20,10,4,13,7,12,9,3,10,15,11,12,-20,4,18,8,-20,-20,-20,3,-20,-20,-20,-20,-20,4,-20,11,2,11,-20,3,-20,3,3,4,-20,4,-20,-20,8,-20,-20,-20,-20,3,-20,-20,3,3,10,-20,-20,3,4,-20,3,3,5,5,-20,-20,8,-20,6,-20,-20,-20,3,5,4,3,5,8,-20,-20,5,6,-20,9,-20,37,39,15,-20,12,20,29,41,67,-20,69,134,76,-20,46,66,52,51
"chr5,16649998",3,6,6,-20,9,4,4,9,7,9,6,7,26,25,26,14,34,19,69,61,38,13,30,37,50,25,20,27,-20,9,5,8,7,7,58,49,34,21,18,10,8,35,8,11,13,40,-20,-20,-20,-20,-20,29,63,25,32,12,40,33,21,34,21,23,18,31,26,22,25,41,38,18,32,24,7,31,22,51,20,5,9,8,11,13,15,4,-20,38,26,44,21,14,20,41,45,41,37,33,9,40,6,45,27,41,3,12,26,26,11,41,40,10,13,5,46,36,10,4,52,7,6,7,-20,4,8,3,45,11,-20,49,-20,10,19,3,10,3,26,56,51,-20,6,14,6,6,10,6,33,8,3,30,7,8,-20,7,16,12,35,9,-20,5,37,5,2,5,12,-20,3,13,-20,-20,6,5,-20,-20,16,-20,-20,-20,12,-20,20,34,14,14,11,7,-20,-20,-20,13,3,-20,-20,17,-20,4,4,7,8,3,17,-20,6,20,23,10,-20,9,10,24,3,17,19,32,7,15,5,14,26,3,15,13,7,8,10,-20,5,5,3,5,27,22,16,26,28,27,5,3,10,15,10,6,17,15,8,13,6,41,11,14,8,11,9,10,15,4,5,10,-20,6,9,8,5,10,-20,7,8,16,11,-20,-20,24,15,10,10,22,22,4,21,-20,-20,12,3,13,3,24,-20,15,-20,-20,3,8,3,10,-20,6,14,-20,11,5,-20,-20,26,-20,8,-20,8,23,24,4,31,28,36,36,29,-20,3,5,-20,4,14,71,16,10,14,-20,11,17,-20,-20,8,24,6,19,5,-20,16,-20,-20,35,95,19,7,37,16,13,7,10,11,9,19,10,-20,4,11,-20,6,9,-20,7,-20,10,7,16,12,6,3,10,13,7,6,13,5,6,11,37,7,7,9,33,5,4,13,5,11,14,11,16,17,7,10,15,3,4,6,8,11,7,5,4,44,6,9,10,9,23,9,4,3,13,6,-20,13,4,7,16,15,5,6,-20,5,-20,7,10,-20,5,5,21,7,8,13,6,15,13,90,20,8,-20,5,8,9,5,-20,17,-20,8,6,8,12,6,8,19,7,19,-20,7,6,-20,12,14,7,-20,-20,10,12,14,16,11,3,13,12,-20,3,6,6,6,11,9,6,6,35,21,12,15,8,4,-20,14,12,5,9,-20,3,10,15,10,13,26,9,16,5,-20,5,-20,4,8,37,12,8,9,4,-20,3,24,3,-20,25,32,57,41,13,22,24,7,-20,33,32,12,5,23,6,-20,28,11,-20,11,32,4,9,6,13,-20,7,15,14,9,-20,25,3,-20,7,14,13,17,4,6,9,7,-20,5,45,6,6,10,7,11,15,7,29,-20,62,10,20,5,15,6,4,8,4,13,26,17,6,42,30,43,29,35,6,24,10,19,13,14,32,3,6,11,14,13,9,14,7,29,13,29,17,17,6,46,6,11,6,17,21,19,9,34,9,21,9,-20,-20,6,-20,12,36,23,47,50,30,12,-20,22,7,51,29,14,29,-20,11,10,26,41,12,4,4,-20,39,5,4,-20,5,6,43,13,12,10,6,31,19,-20,-20,-20,-20,39,-20,17,21,27,-20,7,13,21,12,-20,-20,12,6,-20,-20,15,7,14,6,12,12,13,15,16,11,9,13,-20,8,19,-20,9,7,16,-20,21,7,13,3,12,12,10,-20,10,9,11,12,22,17,-20,9,12,13,5,16,-20,-20,11,19,10,12,3,10,6,14,13,18,-20,16,7,10,18,6,6,8,10,11,14,13,15,-20,5,13,15,13,11,14,10,6,13,7,5,13,6,11,-20,7,9,4,4,20,9,14,12,16,8,6,18,6,11,9,12,10,5,7,7,11,8,16,4,-20,15,5,11,8,5,9,7,13,4,10,10,11,-20,-20,5,17,9,15,5,15,10,8,9,20,14,-20,13,9,7,8,8,16,13,10,10,41,9,12,12,13,14,6,15,11,15,14,24,10,19,4,10,10,13,16,9,6,24,14,6,10,16,21,-20,23,12,5,23,23,18,17,22,4,14,10,11,8,3,9,9,15,7,-20,17,10,-20,20,5,20,12,19,5,7,8,17,9,10,16,5,7,10,11,14,15,10,8,6,2,5,5,5,53,11,12,16,17,21,20,13,18,26,20,14,6,12,12,9,10,8,16,12,16,18,22,7,10,10,12,14,18,29,20,7,23,18,4,-20,17,10,15,11,21,17,9,13,4,17,16,12,9,6,-20,12,4,14,3,16,4,-20,7,23,10,5,-20,3,12,-20,15,-20,19,13,12,9,7,7,3,6,18,4,17,14,10,11,5,16,8,3,-20,-20,-20,-20,-20,4,-20,5,11,8,10,18,12,5,11,13,-20,6,15,12,12,-20,18,9,8,7,9,16,13,11,44,8,11,18,-20,-20,7,14,16,9,8,10,6,7,9,4,8,15,-20,6,7,10,3,14,5,-20,10,4,13,7,12,9,3,10,15,12,12,-20,-20,17,10,-20,-20,-20,-20,-20,-20,5,-20,-20,6,-20,11,2,13,-20,3,-20,5,-20,5,5,3,4,-20,7,-20,-20,4,-20,-20,-20,9,3,-20,10,-20,-20,-20,-20,-20,3,4,3,5,3,-20,7,-20,7,6,9,-20,3,-20,4,4,5,9,-20,-20,6,6,-20,-20,-20,38,37,15,16,13,21,29,41,68,-20,69,134,73,23,47,65,50,51
"chr5,16649999",3,6,7,-20,9,3,4,9,7,-20,7,7,26,25,26,15,32,19,69,61,40,13,30,37,48,25,20,27,12,9,5,8,7,7,59,48,35,21,18,10,8,34,8,11,13,39,-20,-20,-20,-20,-20,29,62,26,30,13,41,33,21,35,21,23,18,31,26,22,25,41,38,18,32,23,7,31,22,51,20,5,9,8,11,13,15,4,-20,37,27,44,21,14,20,41,45,41,38,35,9,41,6,44,28,40,3,12,26,25,10,41,40,10,13,5,45,34,10,4,53,7,6,5,-20,4,8,3,45,10,-20,46,8,10,20,-20,9,3,26,57,51,-20,5,14,6,5,8,6,32,8,3,31,7,8,-20,7,16,13,36,9,-20,5,37,6,2,5,12,-20,3,12,-20,-20,6,5,25,36,14,-20,-20,-20,12,15,18,37,13,15,11,7,-20,-20,-20,13,3,-20,-20,17,-20,4,4,7,8,3,18,-20,6,19,23,10,14,9,12,25,3,16,19,32,7,16,5,14,26,3,15,-20,7,8,8,28,5,5,3,5,27,20,16,25,28,23,5,3,11,15,10,6,20,16,8,14,6,41,11,14,8,12,9,10,17,4,5,10,10,6,12,-20,5,10,-20,7,8,16,12,-20,11,22,16,10,10,23,22,4,21,-20,-20,12,3,13,3,24,-20,13,-20,-20,3,5,3,10,-20,6,15,-20,13,5,-20,-20,23,3,8,-20,8,23,25,4,32,28,36,36,29,46,3,5,4,5,13,71,15,10,14,-20,11,17,-20,-20,8,25,6,19,5,-20,17,-20,8,36,94,19,7,39,15,13,7,10,11,9,18,10,-20,4,11,10,5,9,-20,7,-20,10,7,15,12,6,3,12,13,7,6,14,5,6,11,40,7,7,9,32,5,4,13,-20,11,14,11,16,17,7,10,15,3,4,6,8,11,6,4,4,44,6,9,10,8,23,9,4,3,13,6,9,13,4,7,16,15,5,6,-20,5,3,7,10,8,5,3,21,8,8,13,6,15,12,89,20,8,-20,5,8,9,5,-20,18,7,8,6,8,12,6,8,20,7,19,-20,7,6,-20,12,14,7,-20,-20,12,12,14,17,11,4,13,11,-20,3,6,-20,6,11,9,6,6,33,22,12,16,8,4,-20,14,12,5,9,-20,3,10,15,10,13,28,8,13,5,-20,5,-20,4,8,37,10,8,8,4,-20,3,23,3,6,24,32,55,40,13,22,22,7,-20,33,32,13,5,24,6,-20,27,11,-20,11,33,4,9,5,14,-20,7,15,14,-20,-20,24,3,-20,-20,14,15,16,5,6,9,7,15,5,44,7,6,10,6,10,15,7,30,-20,62,10,20,5,14,6,4,8,4,13,26,16,6,43,30,42,28,35,6,23,9,19,13,14,30,3,6,11,14,13,9,14,7,29,11,27,17,17,6,44,6,11,5,16,21,16,9,33,8,21,9,-20,9,6,-20,11,39,23,46,49,28,11,27,23,7,47,29,14,29,-20,12,10,25,40,12,4,4,13,41,5,4,-20,5,6,43,13,12,10,6,31,19,-20,-20,16,-20,40,5,18,21,27,-20,7,12,20,12,-20,4,12,6,-20,-20,15,7,13,6,12,12,13,15,16,13,9,12,4,8,19,-20,9,7,16,-20,21,6,11,3,12,11,10,-20,10,9,11,12,22,17,4,8,12,13,5,16,6,-20,11,19,10,11,3,10,6,14,12,18,6,15,6,9,18,6,6,8,9,10,12,12,14,-20,4,12,13,13,10,14,10,5,12,7,5,14,6,9,9,7,9,4,4,19,8,14,12,16,8,6,18,6,10,9,12,9,5,7,7,11,8,16,4,-20,15,5,11,8,5,8,7,13,4,10,10,11,9,-20,5,17,8,15,5,15,9,8,9,18,14,-20,13,8,7,8,8,16,10,11,10,38,9,11,11,12,13,6,15,11,15,14,23,8,18,4,10,8,13,16,9,6,26,14,6,10,16,20,-20,23,11,5,23,22,18,17,22,4,12,9,10,8,3,9,9,15,7,-20,17,10,5,20,6,20,12,19,5,7,8,16,9,9,16,5,7,10,10,14,13,10,8,6,2,5,5,5,52,10,11,-20,17,21,19,13,18,24,20,14,6,12,12,7,10,7,15,12,16,17,22,7,10,10,12,13,18,29,20,7,21,17,4,5,16,10,13,11,21,17,9,13,4,17,16,10,9,6,11,11,4,14,3,15,4,-20,7,23,10,5,-20,3,12,-20,15,-20,17,13,12,9,7,7,3,6,18,4,15,14,10,11,5,16,8,3,-20,-20,-20,-20,-20,4,-20,5,11,8,10,17,12,5,11,-20,-20,6,15,12,12,-20,17,9,8,6,9,16,13,10,44,8,10,17,-20,-20,6,13,16,9,8,10,6,8,9,4,8,15,-20,6,7,10,3,13,5,-20,10,4,12,7,11,9,3,10,12,12,12,-20,-20,18,8,-20,-20,-20,-20,-20,-20,5,-20,-20,5,-20,10,2,13,-20,3,-20,5,-20,4,5,4,-20,-20,8,-20,-20,6,-20,2,-20,9,2,4,11,-20,-20,-20,-20,-20,-20,4,-20,4,4,-20,6,-20,6,5,8,-20,3,5,4,3,6,-20,-20,-20,6,6,-20,11,-20,38,32,14,16,13,21,29,42,68,-20,72,134,73,23,48,69,52,52
"chr5,16650000",3,7,7,-20,10,3,4,9,8,10,7,7,26,24,26,14,32,19,69,61,40,13,31,38,50,25,20,27,12,8,5,8,-20,7,61,47,35,22,18,10,8,35,8,11,13,39,-20,-20,-20,-20,-20,30,60,26,-20,13,40,31,21,35,21,23,20,31,26,22,25,41,38,17,31,24,10,33,22,52,20,5,9,8,11,13,16,4,-20,37,27,44,21,14,19,40,45,40,38,35,10,42,6,43,27,40,3,13,25,26,11,40,39,10,13,5,44,35,10,6,53,7,6,6,-20,7,9,3,46,10,-20,45,8,11,21,-20,9,3,26,57,53,-20,6,15,6,4,9,7,33,8,3,33,7,8,-20,-20,16,13,36,10,-20,5,34,6,2,4,14,-20,4,12,-20,-20,6,5,-20,35,14,-20,-20,-20,11,15,18,35,13,15,9,6,-20,-20,-20,15,3,-20,-20,16,-20,4,4,6,8,3,18,-20,6,18,23,10,15,10,12,25,3,15,18,31,5,16,5,13,27,3,15,12,7,8,6,27,-20,5,3,5,26,20,16,23,29,23,5,3,9,16,9,5,18,16,8,13,6,39,10,14,8,12,9,10,17,4,5,12,10,6,12,9,5,10,-20,7,8,16,12,-20,11,22,15,10,9,23,21,4,21,-20,-20,12,3,13,3,-20,-20,12,-20,-20,3,5,3,10,-20,-20,15,-20,13,5,-20,-20,25,3,8,-20,8,23,25,4,32,28,36,35,31,47,3,6,-20,5,13,69,14,10,13,-20,-20,17,-20,-20,8,24,-20,18,5,-20,16,5,8,34,94,19,7,40,15,12,7,10,11,8,18,-20,-20,4,11,10,-20,9,-20,7,-20,-20,7,15,11,6,3,12,13,7,-20,13,5,6,11,37,7,7,-20,31,5,4,13,-20,11,13,11,-20,17,8,9,16,3,4,6,-20,10,-20,4,4,44,-20,-20,10,9,23,8,4,3,14,6,-20,13,4,7,16,15,5,5,-20,5,3,7,9,8,5,3,23,8,8,13,6,14,11,84,19,8,-20,4,8,9,5,-20,18,-20,8,-20,8,12,6,8,20,7,19,-20,7,6,-20,12,14,7,-20,-20,11,13,14,18,12,4,13,11,-20,3,6,6,6,10,9,6,6,33,22,12,16,8,4,-20,13,11,5,-20,-20,3,9,14,10,13,28,7,12,5,-20,5,-20,4,8,37,10,8,8,4,-20,-20,22,3,6,24,32,55,40,13,22,23,7,-20,33,31,14,5,23,6,-20,26,-20,-20,11,-20,4,9,-20,13,-20,7,15,14,10,-20,24,3,-20,7,14,15,16,5,6,9,7,15,-20,42,7,-20,10,6,-20,16,-20,30,-20,61,10,20,5,15,6,4,8,4,13,28,15,6,42,31,42,28,35,6,22,9,19,13,14,31,3,6,12,14,13,9,14,8,31,11,27,18,17,6,48,6,13,5,17,21,17,9,34,9,21,8,-20,9,6,-20,12,40,22,46,51,27,13,-20,23,8,47,28,14,29,-20,12,10,-20,-20,12,4,4,13,40,6,4,-20,5,6,41,13,-20,10,6,29,19,-20,-20,16,-20,39,5,18,21,25,-20,6,13,20,12,-20,4,12,7,-20,-20,15,8,13,6,13,12,13,16,16,13,9,13,4,8,20,-20,9,7,15,-20,23,6,11,3,12,12,10,-20,11,9,11,12,22,17,5,9,12,14,6,18,6,-20,11,20,10,11,3,9,7,16,13,19,7,15,6,9,18,6,7,8,9,10,12,13,14,-20,4,12,13,13,10,13,10,6,13,8,5,14,6,9,9,7,9,4,4,19,8,15,14,16,8,6,19,7,11,9,12,9,5,8,7,10,9,15,4,-20,15,5,11,8,5,8,7,12,5,10,10,11,10,-20,5,17,8,15,5,15,8,8,10,18,15,-20,14,8,7,9,9,16,10,11,10,38,9,12,12,12,14,7,16,12,16,15,23,8,18,4,10,9,13,18,10,6,26,15,6,10,17,20,-20,24,13,5,23,21,18,17,22,4,12,9,10,8,4,10,10,15,7,-20,17,10,6,20,6,19,12,19,5,9,9,16,9,9,16,6,8,10,10,15,15,11,9,7,2,5,6,5,52,11,12,17,17,21,20,14,19,24,20,14,7,13,13,7,11,8,15,13,21,18,24,7,10,11,12,13,18,29,21,7,22,17,4,-20,16,12,14,12,22,18,9,13,4,-20,16,10,10,6,12,11,4,15,3,15,-20,-20,7,23,11,5,3,4,12,-20,15,-20,17,13,14,10,7,7,3,6,18,4,13,15,11,12,5,16,8,3,-20,3,-20,-20,-20,4,-20,5,11,8,10,17,12,5,10,-20,-20,6,15,12,13,-20,17,9,10,6,9,15,14,11,44,9,10,17,-20,-20,6,13,17,9,8,10,6,8,9,4,9,15,-20,6,8,11,4,13,5,-20,10,4,12,8,11,9,3,11,12,13,12,-20,-20,16,9,-20,-20,-20,-20,2,-20,4,-20,-20,6,-20,10,-20,13,-20,3,-20,5,-20,4,5,4,-20,-20,8,-20,-20,7,-20,3,-20,-20,-20,4,11,-20,-20,-20,-20,-20,-20,-20,3,4,4,-20,6,-20,7,-20,8,-20,3,4,3,2,8,7,-20,-20,5,6,-20,-20,-20,38,31,15,16,13,22,29,39,68,12,72,134,73,23,47,69,52,52
"chr5,16650004",3,7,6,-20,9,3,-20,9,8,10,7,7,24,24,26,13,33,20,68,58,41,14,30,39,50,26,20,27,12,8,5,8,6,9,61,46,34,23,21,10,7,-20,8,11,13,38,-20,-20,-20,-20,-20,31,57,22,-20,13,44,-20,22,35,23,24,21,32,25,23,24,40,40,20,32,25,10,37,23,54,19,6,11,9,11,14,18,4,-20,38,28,47,21,16,19,42,45,37,42,34,13,43,6,44,26,40,3,13,25,27,11,38,42,9,13,5,43,35,12,6,54,8,7,6,-20,6,9,3,45,11,-20,43,8,11,20,-20,10,-20,25,59,55,-20,6,15,7,4,8,6,36,-20,3,33,7,6,-20,9,10,12,-20,11,-20,4,35,6,3,4,13,3,-20,13,-20,-20,6,5,-20,-20,16,-20,-20,-20,12,-20,17,33,12,15,9,6,-20,-20,-20,15,3,3,-20,16,-20,4,4,6,8,3,18,-20,6,17,19,10,-20,10,10,-20,3,-20,18,30,5,16,-20,17,25,3,14,-20,4,9,5,23,7,5,3,5,-20,25,16,-20,29,27,5,3,9,15,9,-20,18,16,13,13,6,36,10,-20,8,-20,10,-20,15,4,-20,14,10,6,12,8,5,10,-20,7,9,15,12,-20,11,21,15,10,7,-20,20,4,21,-20,-20,12,3,13,4,23,-20,11,-20,-20,3,5,3,10,-20,-20,15,-20,-20,4,-20,-20,24,3,8,3,8,22,27,4,32,28,37,38,32,46,-20,6,4,6,13,69,13,10,12,8,-20,16,-20,-20,8,20,6,15,5,-20,17,5,7,36,89,19,8,41,15,13,-20,10,11,8,19,7,-20,3,10,10,6,10,-20,7,-20,12,7,15,11,6,3,14,13,7,6,11,4,6,-20,39,6,7,8,29,5,5,13,-20,10,14,11,16,15,7,-20,15,3,4,5,-20,-20,5,4,5,41,6,-20,10,-20,23,7,4,3,14,4,-20,12,4,7,15,14,5,-20,-20,-20,-20,7,9,-20,5,2,24,8,-20,13,6,12,12,86,-20,9,-20,3,8,7,5,2,17,4,8,5,8,12,6,8,19,6,19,-20,6,-20,-20,14,13,6,-20,-20,9,10,14,20,11,4,13,10,-20,3,7,-20,6,10,8,6,6,33,22,12,16,8,4,-20,15,11,-20,-20,-20,-20,-20,15,10,13,27,6,11,5,-20,5,-20,4,8,36,10,8,-20,-20,-20,-20,19,3,-20,26,32,55,41,15,21,22,7,-20,35,32,14,5,26,6,-20,23,11,-20,12,30,-20,9,6,13,-20,7,15,14,8,-20,22,3,-20,8,15,15,16,5,6,-20,7,-20,5,43,7,4,-20,-20,10,16,-20,-20,-20,61,11,20,5,16,7,5,9,4,11,28,-20,6,41,33,45,26,35,6,20,-20,17,13,13,32,3,6,12,11,13,8,15,8,30,10,27,16,17,6,48,7,13,-20,17,21,19,9,34,9,20,9,-20,9,6,-20,12,39,19,46,54,-20,13,-20,23,8,-20,28,14,-20,-20,12,7,26,-20,13,4,4,13,39,6,4,-20,5,6,41,13,13,10,10,30,17,-20,-20,14,3,-20,5,18,21,26,-20,6,12,21,13,-20,4,13,6,-20,-20,16,8,13,6,13,11,14,16,15,13,9,13,4,7,20,-20,9,8,15,-20,22,6,11,3,11,14,9,6,12,9,12,12,22,19,5,9,13,14,6,17,6,-20,12,20,8,11,-20,9,7,18,15,19,6,12,5,9,19,6,8,8,8,10,13,11,14,-20,4,11,13,13,10,12,9,6,13,8,5,14,6,9,9,7,8,4,4,18,8,14,14,14,8,7,18,7,9,9,9,9,5,8,7,11,9,15,4,-20,15,5,11,7,7,8,7,12,6,11,10,10,9,3,6,16,10,15,4,14,7,8,9,19,15,-20,15,7,9,9,10,16,9,12,9,38,9,12,11,13,15,7,15,12,16,17,23,9,18,4,9,9,14,18,10,6,25,15,6,10,18,20,-20,24,12,5,22,19,16,-20,21,4,14,9,10,8,4,10,11,12,7,-20,18,11,7,17,6,18,14,17,5,10,9,16,9,9,13,6,8,-20,9,14,15,11,10,7,-20,5,-20,4,53,8,12,18,17,22,21,15,19,23,22,14,8,14,10,7,12,6,13,13,21,16,28,7,10,12,11,12,18,26,20,7,20,21,4,-20,16,11,14,12,22,19,9,12,4,16,15,10,10,6,13,11,4,14,3,15,-20,-20,7,22,12,5,-20,4,12,-20,14,-20,17,12,13,10,8,9,5,6,18,4,14,14,11,13,5,18,9,-20,-20,3,-20,-20,-20,4,-20,5,9,8,11,-20,13,5,9,10,-20,6,16,11,13,-20,16,8,9,6,9,15,12,12,46,9,10,15,-20,-20,9,13,16,9,8,10,6,-20,9,4,9,15,-20,6,7,10,4,11,5,-20,9,4,11,9,11,10,3,11,12,13,12,-20,-20,16,8,-20,-20,-20,5,-20,-20,-20,-20,-20,6,-20,9,-20,11,3,4,-20,6,-20,-20,4,4,4,-20,8,-20,-20,-20,-20,-20,-20,-20,2,-20,12,-20,-20,-20,3,-20,-20,-20,3,-20,4,-20,6,-20,-20,4,6,-20,4,-20,4,4,6,-20,-20,-20,4,6,-20,8,-20,38,31,15,16,12,20,27,42,68,12,66,134,75,23,42,64,48,55
"chr5,16650005",4,7,6,-20,9,4,6,9,7,9,7,7,24,23,27,13,33,21,70,58,43,15,29,38,50,28,21,26,12,8,5,8,6,10,61,46,35,23,24,10,7,36,8,14,13,39,-20,-20,-20,-20,-20,31,57,23,30,13,46,30,22,36,23,24,21,33,25,23,25,38,41,20,32,25,10,37,23,53,19,6,10,9,11,14,18,4,-20,38,28,47,21,16,19,42,45,37,42,34,16,42,6,44,25,39,3,14,25,26,11,40,43,9,13,5,44,33,12,7,54,11,7,5,-20,6,9,4,47,11,-20,44,8,12,20,-20,10,-20,25,59,55,-20,6,15,7,4,8,6,35,8,3,33,7,6,-20,9,10,12,36,11,-20,3,34,6,3,4,14,3,-20,13,-20,-20,6,6,25,37,15,-20,-20,-20,12,15,15,36,13,16,9,6,-20,-20,-20,15,3,3,-20,17,-20,4,4,6,8,3,18,-20,6,17,20,10,14,12,10,25,3,15,19,32,7,16,5,17,26,3,14,10,4,9,5,26,7,5,4,5,23,26,16,20,29,27,5,4,10,16,8,5,17,17,13,14,6,36,10,14,9,11,10,11,16,4,5,14,8,7,12,8,5,10,-20,6,9,16,12,-20,11,22,14,11,8,21,19,4,21,-20,-20,12,3,13,4,24,-20,12,-20,-20,4,5,2,10,-20,8,15,-20,13,4,3,3,24,3,10,3,8,22,26,-20,32,28,36,37,32,46,-20,6,4,6,13,70,13,10,11,8,-20,16,-20,-20,8,20,6,15,5,-20,17,5,7,36,90,19,8,42,15,13,7,10,11,8,19,7,-20,3,10,10,7,10,-20,7,3,12,7,15,12,6,3,14,14,7,6,12,4,6,11,38,6,7,8,28,5,5,13,6,11,14,12,17,17,6,-20,15,3,4,5,8,10,5,4,5,40,6,8,10,-20,24,7,4,3,14,4,9,12,4,7,15,13,5,-20,-20,5,3,7,7,9,5,2,24,8,7,13,6,12,11,88,21,9,-20,3,8,7,5,2,17,4,8,5,8,12,6,9,18,6,21,-20,6,6,-20,15,13,6,-20,-20,9,9,14,21,12,4,13,10,-20,3,7,5,6,10,8,6,6,34,23,12,17,8,4,-20,15,12,5,8,-20,-20,8,13,10,13,29,6,11,5,-20,5,-20,-20,8,36,11,8,8,4,-20,-20,20,3,5,26,32,56,41,15,21,20,8,-20,35,32,14,5,26,6,-20,24,11,-20,12,30,4,9,7,13,-20,9,15,15,8,-20,22,3,-20,8,16,18,16,5,6,10,7,15,5,40,8,5,8,5,10,17,8,25,-20,60,11,19,5,16,7,5,9,4,11,29,16,6,40,32,45,26,34,6,21,9,17,12,13,33,3,6,13,10,13,8,15,9,31,10,27,17,17,6,48,8,14,-20,17,21,20,11,35,10,21,9,-20,9,7,-20,12,40,19,46,54,29,13,26,22,8,45,28,14,29,-20,13,8,29,38,13,4,4,13,41,6,5,-20,5,6,42,13,13,10,10,32,18,-20,-20,14,3,33,5,20,22,26,-20,6,15,21,13,5,4,13,8,-20,-20,18,8,13,6,13,11,15,16,16,13,9,14,4,7,20,-20,9,8,14,-20,22,6,11,3,11,14,9,6,14,11,12,12,23,20,5,9,13,15,6,17,6,-20,12,22,8,11,3,9,7,18,15,18,6,14,5,10,19,6,8,8,8,10,12,11,17,-20,4,15,14,13,10,14,9,6,13,8,5,15,6,11,9,7,9,4,3,19,9,14,14,15,8,7,20,7,9,9,9,9,7,8,8,12,9,18,4,-20,15,5,12,6,7,8,7,13,6,12,11,10,9,3,6,16,10,15,4,17,7,9,10,19,15,-20,15,7,9,9,10,16,9,12,9,38,9,13,13,13,15,7,16,13,16,18,22,9,18,4,9,10,13,18,10,8,25,15,6,11,19,21,-20,25,13,5,23,20,16,15,21,4,14,9,11,8,4,11,11,13,8,-20,18,11,7,17,6,20,16,17,5,10,9,16,9,11,14,6,8,12,9,14,16,11,11,8,-20,5,-20,4,54,8,12,20,18,22,22,15,19,24,22,15,8,14,10,7,12,6,13,13,21,16,28,7,10,12,11,12,18,29,21,7,20,22,4,-20,18,12,14,12,23,17,9,13,4,16,15,10,9,6,14,12,4,14,3,15,-20,-20,7,22,12,6,-20,4,12,-20,14,-20,18,12,13,10,8,9,5,6,18,4,14,14,11,14,6,18,9,-20,-20,3,-20,-20,-20,4,-20,5,9,8,11,16,13,5,9,10,-20,6,16,11,13,-20,16,8,9,6,9,16,12,13,51,12,10,14,-20,-20,9,16,16,9,8,10,6,-20,9,5,9,17,-20,8,7,10,4,11,5,-20,10,4,11,8,11,10,3,12,12,13,12,9,-20,18,8,-20,-20,-20,5,-20,-20,-20,-20,-20,6,-20,9,-20,13,3,4,-20,4,2,4,5,2,5,-20,8,-20,-20,8,-20,-20,-20,9,3,-20,12,-20,3,-20,-20,-20,3,3,3,3,4,-20,7,-20,6,4,8,-20,4,-20,4,5,7,10,-20,-20,5,6,-20,-20,-20,38,32,16,16,13,20,28,42,68,12,65,134,77,23,43,63,48,57
"chr5,16650006",4,7,6,-20,9,4,6,9,7,9,7,7,24,22,28,14,33,21,67,58,43,15,29,38,50,28,20,26,12,8,5,8,6,10,62,46,35,23,24,10,7,33,8,14,13,40,-20,-20,-20,-20,-20,31,58,23,-20,14,46,31,22,37,23,24,21,33,24,23,25,38,41,20,32,25,10,39,23,54,19,6,10,9,11,14,17,4,-20,38,29,45,21,16,19,42,46,37,42,35,16,45,6,43,25,39,3,14,25,27,11,40,43,9,15,5,44,30,12,7,54,11,8,5,-20,6,10,4,47,11,-20,44,8,13,20,-20,10,-20,25,59,55,-20,6,15,7,4,9,5,34,8,3,34,7,6,-20,9,10,12,35,11,-20,3,31,6,4,4,13,-20,-20,14,-20,-20,6,6,-20,-20,15,-20,-20,-20,12,15,15,34,13,16,10,6,-20,-20,-20,15,3,3,-20,16,-20,4,4,6,8,3,18,-20,6,17,20,9,14,12,-20,24,-20,-20,19,-20,-20,16,-20,16,25,5,14,10,4,10,5,24,7,-20,4,5,-20,25,16,20,29,29,6,4,10,16,8,6,19,17,12,14,6,35,10,-20,10,11,10,11,18,4,5,14,8,7,11,-20,5,10,-20,6,10,15,12,-20,11,23,14,11,8,21,22,4,21,-20,-20,12,4,14,5,23,-20,12,-20,-20,4,5,3,10,-20,8,15,-20,-20,4,3,3,24,3,-20,3,8,21,26,5,30,28,35,38,33,46,-20,6,4,6,13,69,12,10,11,8,-20,16,-20,-20,-20,20,6,15,5,-20,16,6,6,36,88,19,8,39,14,14,-20,10,10,8,20,8,-20,3,10,9,5,10,-20,7,3,12,7,15,12,6,3,14,13,6,6,12,4,6,10,38,6,6,8,28,-20,5,13,6,10,14,12,17,17,7,-20,15,3,4,5,8,9,-20,4,6,41,-20,8,-20,-20,24,6,4,3,13,4,8,12,4,7,15,13,5,-20,-20,5,-20,7,7,-20,5,2,24,8,6,12,6,12,12,88,19,9,-20,3,7,7,5,2,16,4,-20,5,8,12,7,8,18,6,21,-20,-20,-20,-20,15,13,6,-20,-20,9,-20,14,21,12,4,13,10,-20,3,7,5,6,10,8,6,6,34,24,12,17,8,-20,-20,15,12,-20,-20,-20,-20,-20,14,10,13,29,6,11,5,-20,-20,-20,3,8,36,11,9,8,4,-20,-20,19,3,5,23,31,55,40,15,21,20,8,-20,35,32,14,5,25,6,-20,23,10,-20,11,29,4,9,7,13,-20,9,15,15,8,-20,22,3,-20,-20,15,18,16,5,6,10,7,15,5,40,8,5,-20,5,10,16,8,24,2,60,11,19,5,16,8,5,10,4,11,29,16,6,39,32,45,26,35,6,21,9,17,12,13,33,3,6,13,11,13,8,15,9,32,10,26,17,17,6,50,-20,14,-20,17,21,20,11,37,10,21,9,-20,8,5,-20,11,39,-20,45,53,-20,13,-20,25,8,47,29,14,28,-20,13,8,28,36,13,4,4,13,39,6,5,-20,5,6,41,13,13,10,10,31,18,-20,-20,14,3,33,5,20,22,26,-20,6,15,21,13,5,4,13,8,-20,-20,18,8,13,6,13,11,15,16,15,13,9,14,4,7,20,-20,9,8,13,-20,21,6,11,3,11,13,9,6,14,11,12,12,23,20,5,9,14,15,6,17,6,-20,12,20,8,11,3,9,6,18,15,19,6,15,5,10,20,7,9,8,9,10,12,11,17,-20,4,15,13,14,10,14,9,6,12,8,5,15,6,11,9,7,9,4,3,19,9,14,14,15,8,8,19,7,9,8,9,9,6,8,7,12,9,18,4,-20,15,5,13,6,7,8,7,13,6,12,11,9,9,3,6,17,10,14,4,17,7,9,10,19,16,-20,15,7,9,9,11,16,10,12,9,38,10,13,13,12,14,7,16,13,16,18,22,9,18,4,9,10,13,18,10,8,25,16,6,11,18,21,-20,25,13,5,23,20,16,15,21,4,14,9,11,8,4,12,11,13,8,-20,18,11,6,17,6,20,15,17,5,10,9,16,9,10,14,6,9,12,9,14,16,11,11,8,-20,5,5,4,52,8,-20,20,19,22,22,15,19,23,23,15,8,14,10,7,12,6,13,13,21,16,30,7,10,13,11,12,18,30,21,7,20,23,4,5,18,12,14,13,23,17,9,13,4,16,15,10,9,6,14,12,4,14,3,15,-20,-20,7,22,11,6,3,4,12,-20,14,-20,18,12,15,10,8,9,-20,6,18,3,13,14,11,15,6,18,9,-20,-20,3,-20,-20,-20,4,-20,5,9,8,12,16,13,5,9,10,-20,6,17,11,13,-20,17,8,9,6,9,16,-20,14,55,12,10,14,-20,-20,9,16,16,11,8,10,6,-20,9,5,10,18,-20,8,7,10,4,11,5,-20,10,4,11,8,11,10,3,12,12,13,12,9,-20,17,8,-20,-20,-20,-20,-20,-20,-20,-20,-20,6,-20,9,-20,11,-20,3,-20,5,-20,4,5,-20,3,-20,8,-20,-20,7,-20,3,-20,9,3,-20,10,-20,3,-20,-20,-20,4,5,3,3,-20,-20,7,3,6,4,8,-20,4,4,4,5,7,6,2,-20,4,5,-20,7,-20,38,33,15,16,13,20,28,39,69,12,65,134,77,23,43,62,49,57
"chr5,16650010",4,7,7,-20,9,-20,6,-20,7,8,7,7,24,21,28,13,33,22,69,57,42,14,30,37,51,30,19,28,11,8,5,8,5,8,61,45,33,22,22,9,7,33,7,14,14,42,-20,-20,-20,-20,-20,29,59,24,-20,16,49,-20,24,36,24,23,21,35,25,23,25,37,42,20,32,25,10,37,24,50,20,6,9,8,10,14,17,4,-20,37,28,45,18,14,21,45,41,36,41,32,17,43,8,39,25,37,4,13,24,26,11,36,45,9,14,8,45,33,11,7,55,11,8,4,-20,6,8,5,49,12,-20,47,9,13,22,-20,10,-20,25,59,54,3,7,14,8,3,8,5,34,7,3,35,6,6,-20,9,12,11,-20,9,-20,3,35,6,4,4,14,2,-20,13,3,-20,-20,7,-20,41,15,-20,-20,-20,15,15,16,33,13,12,11,6,-20,-20,-20,15,4,-20,-20,17,-20,4,4,6,7,3,18,-20,7,17,19,10,-20,13,-20,24,3,-20,20,32,7,19,4,16,25,5,11,9,4,10,6,-20,-20,-20,-20,5,20,24,15,18,27,32,7,4,11,16,8,7,19,20,10,13,6,34,11,12,9,10,-20,14,17,6,5,13,8,7,10,-20,-20,10,-20,6,10,15,11,-20,11,22,16,10,-20,-20,22,4,19,-20,-20,11,3,14,5,23,-20,11,-20,-20,4,5,3,10,-20,7,14,-20,13,4,3,3,25,3,10,3,8,20,25,6,30,28,37,35,36,45,-20,6,3,6,14,69,13,10,11,8,8,16,-20,-20,-20,20,-20,11,4,-20,18,4,5,38,81,20,8,38,14,14,7,10,10,9,-20,-20,-20,3,10,-20,-20,8,-20,7,-20,11,6,14,12,3,4,14,13,5,-20,-20,-20,6,9,39,5,4,8,29,6,5,11,-20,8,14,11,17,17,5,-20,17,-20,4,-20,-20,9,3,3,6,39,6,-20,10,7,20,8,3,3,14,4,7,11,-20,7,15,11,-20,-20,-20,5,-20,6,6,8,5,3,25,9,6,11,6,13,11,82,21,12,-20,3,8,9,5,2,17,4,8,6,-20,13,7,9,17,6,16,-20,6,-20,-20,14,14,6,-20,-20,9,11,12,21,-20,4,13,10,-20,3,8,4,5,11,6,-20,5,36,24,12,17,6,4,-20,13,12,6,-20,-20,-20,8,14,10,13,24,6,10,4,-20,-20,-20,3,8,39,10,10,6,5,-20,-20,-20,3,5,25,30,55,41,13,20,20,8,-20,35,32,12,5,26,6,-20,25,10,-20,10,-20,5,9,9,12,-20,9,14,-20,8,-20,19,3,-20,5,14,18,15,7,6,9,9,16,5,37,8,-20,8,5,-20,16,10,-20,-20,59,10,19,-20,15,8,5,10,5,8,27,15,6,38,35,49,27,33,7,16,10,19,9,12,29,3,6,13,10,15,10,14,9,35,10,25,22,15,7,46,9,14,10,15,21,19,11,36,11,21,8,-20,8,7,-20,11,38,17,46,55,-20,12,-20,23,7,43,28,14,-20,-20,15,8,28,35,12,4,4,13,33,6,-20,2,6,5,38,14,-20,9,11,30,18,-20,-20,12,4,34,4,19,22,25,-20,7,16,20,13,4,4,13,9,-20,-20,19,8,13,6,14,8,16,16,15,13,8,14,4,7,20,-20,10,8,13,-20,19,6,12,-20,15,13,7,6,15,11,10,12,25,18,5,8,14,15,5,17,6,-20,12,20,10,12,3,9,6,19,17,18,6,17,6,10,21,7,9,9,9,10,12,10,15,-20,6,12,13,13,10,12,9,6,12,8,5,13,6,11,9,8,8,4,3,19,9,14,13,14,7,8,18,7,9,8,9,8,7,7,8,13,8,19,4,-20,16,5,14,6,7,-20,7,13,6,11,10,9,9,3,6,17,10,14,3,17,7,9,-20,20,15,-20,18,7,9,9,10,16,12,11,9,40,10,14,10,15,14,6,16,15,17,15,20,9,20,4,9,11,12,17,9,8,26,15,7,11,18,19,-20,25,13,5,20,19,15,15,21,5,13,8,12,7,4,13,10,16,8,-20,17,11,6,16,8,19,14,16,4,10,-20,16,9,10,13,5,9,13,9,13,16,9,15,8,-20,4,5,-20,52,-20,8,20,18,20,22,15,19,21,23,14,9,13,10,6,12,5,13,14,23,17,33,7,11,14,13,12,14,31,23,7,19,21,-20,5,16,12,13,14,24,15,11,12,3,17,15,10,9,6,13,13,-20,14,3,15,-20,-20,-20,20,13,6,3,4,12,-20,15,-20,18,11,15,11,9,-20,-20,6,19,3,14,14,11,16,6,14,-20,-20,-20,3,-20,-20,-20,4,-20,5,8,11,11,16,14,5,11,9,-20,6,16,8,15,-20,18,7,13,5,10,17,-20,15,55,15,12,12,-20,-20,9,16,14,10,7,9,6,10,12,-20,-20,14,-20,8,6,10,4,12,5,-20,10,4,9,8,10,10,3,13,12,15,12,7,-20,17,9,-20,-20,-20,-20,-20,-20,3,-20,-20,6,-20,9,-20,11,-20,4,-20,6,-20,5,5,-20,-20,-20,-20,-20,-20,8,-20,-20,-20,7,-20,-20,11,3,2,-20,-20,3,-20,6,5,-20,6,-20,-20,4,4,-20,-20,-20,5,4,5,5,9,8,-20,-20,5,5,-20,-20,-20,38,32,-20,16,13,22,25,38,70,12,65,134,69,20,41,61,53,56
"chr5,16650011",4,7,7,-20,9,-20,6,9,7,8,7,7,25,20,29,14,33,-20,69,56,39,14,30,38,51,30,20,28,-20,8,4,8,5,8,60,45,33,23,20,9,-20,-20,7,11,14,44,-20,-20,-20,-20,-20,29,56,24,-20,16,49,28,24,34,23,24,20,35,25,23,27,36,42,19,33,24,-20,38,24,51,21,6,10,8,10,13,17,-20,-20,37,28,44,-20,15,21,45,42,37,41,32,17,43,8,39,23,37,4,13,24,25,11,36,49,9,14,8,46,35,11,7,53,12,8,-20,-20,6,8,5,49,12,-20,45,8,13,23,-20,10,-20,26,59,54,3,7,14,9,4,8,5,34,7,3,35,6,6,-20,9,12,11,35,8,-20,3,-20,6,4,4,14,2,-20,14,3,-20,7,-20,23,-20,17,-20,-20,-20,15,14,16,-20,13,13,12,5,-20,-20,-20,-20,4,3,-20,15,-20,-20,4,6,7,3,-20,-20,7,18,18,11,15,13,9,-20,3,-20,22,34,7,19,3,16,27,6,12,-20,4,-20,6,-20,6,-20,4,5,-20,24,-20,-20,-20,32,7,4,11,17,10,6,19,20,10,13,-20,33,11,13,9,-20,-20,15,17,6,5,13,8,7,10,-20,9,-20,-20,6,10,15,-20,-20,-20,23,15,10,9,-20,20,-20,-20,-20,-20,-20,-20,14,5,23,-20,11,-20,-20,4,5,3,-20,-20,7,-20,-20,12,4,3,3,23,3,10,3,8,21,25,6,30,27,37,36,38,46,-20,6,-20,6,15,66,13,-20,-20,-20,8,16,-20,-20,5,17,6,11,-20,-20,18,3,5,38,79,18,7,41,14,14,7,9,10,10,19,8,-20,3,10,7,-20,9,-20,7,3,12,6,14,12,3,-20,12,15,3,7,12,3,-20,8,37,4,4,-20,28,-20,-20,11,7,8,12,11,16,18,6,5,17,-20,4,-20,-20,9,3,3,-20,37,5,-20,10,7,19,8,3,3,14,3,-20,11,5,7,14,12,-20,-20,-20,5,-20,6,5,8,5,-20,27,9,5,-20,-20,13,10,78,21,12,-20,2,7,9,5,2,17,4,6,6,6,13,7,9,17,-20,15,-20,-20,5,-20,14,13,6,-20,-20,10,10,13,20,10,4,13,10,-20,2,8,-20,5,11,6,5,5,37,24,12,17,7,4,-20,13,12,-20,8,-20,-20,8,15,10,13,26,6,9,3,-20,5,-20,3,8,39,10,-20,6,4,-20,-20,17,3,-20,25,30,54,43,13,22,22,8,-20,36,32,12,-20,24,6,-20,-20,10,-20,10,-20,5,9,-20,13,-20,9,14,14,8,-20,19,3,-20,5,14,18,15,7,6,-20,9,13,5,37,9,5,-20,5,8,16,-20,-20,-20,59,10,18,-20,15,8,5,10,5,-20,27,-20,-20,38,35,49,27,33,7,16,10,19,9,12,30,3,6,13,10,15,10,14,9,35,11,25,22,15,7,45,9,14,10,15,22,19,10,35,11,21,8,-20,-20,7,-20,10,-20,-20,46,55,-20,12,-20,24,-20,-20,29,-20,-20,-20,15,8,29,-20,12,-20,4,-20,30,6,5,2,5,-20,37,14,12,-20,10,32,19,-20,-20,13,4,-20,-20,18,22,25,-20,7,16,20,12,-20,-20,13,9,-20,-20,19,8,13,-20,15,8,16,16,14,13,-20,14,-20,7,20,-20,10,8,13,-20,19,-20,12,-20,13,13,-20,-20,15,11,10,12,25,18,-20,8,14,14,-20,17,-20,-20,11,20,10,12,-20,10,-20,19,17,18,-20,17,-20,10,19,7,9,9,9,-20,12,10,16,-20,6,13,13,12,9,11,-20,-20,11,-20,-20,13,-20,11,-20,8,8,4,4,18,8,14,13,14,6,9,18,8,9,8,9,8,7,7,8,13,8,19,4,-20,16,6,14,6,7,9,7,13,6,12,10,9,9,-20,6,15,9,14,3,18,7,9,10,21,15,-20,18,7,9,9,10,15,12,10,-20,40,10,15,10,15,14,6,16,15,17,15,20,9,20,4,9,11,12,17,9,8,26,14,7,12,18,19,-20,25,14,5,21,18,16,15,21,5,14,8,12,7,4,13,10,16,8,-20,17,11,6,16,8,19,14,16,4,10,10,16,8,10,13,6,9,13,9,13,18,9,15,8,-20,-20,-20,-20,53,-20,-20,20,17,20,22,15,18,21,23,14,9,13,10,7,12,5,14,14,23,17,33,-20,11,14,13,12,15,33,23,-20,19,21,-20,-20,17,13,13,14,24,15,11,12,3,17,15,10,10,6,12,13,-20,14,-20,15,-20,-20,-20,21,13,6,-20,-20,11,-20,15,-20,18,11,17,12,9,-20,-20,-20,19,-20,14,14,11,16,6,14,9,-20,-20,-20,-20,-20,-20,4,-20,5,8,12,13,16,14,-20,11,9,-20,6,16,9,15,-20,18,7,13,5,10,17,-20,15,55,15,12,12,-20,-20,9,17,14,10,7,9,6,11,13,-20,10,14,-20,8,6,-20,4,11,-20,7,10,5,9,8,10,11,3,12,12,15,12,6,-20,16,10,-20,-20,-20,-20,-20,-20,3,-20,-20,3,-20,-20,-20,11,4,4,-20,6,-20,4,4,-20,5,-20,8,2,-20,-20,3,-20,-20,8,-20,4,9,-20,2,-20,-20,3,-20,-20,5,-20,4,-20,4,5,4,3,6,-20,5,4,4,5,6,-20,-20,-20,4,4,-20,4,-20,37,35,14,-20,-20,22,25,39,70,-20,65,134,69,-20,41,60,53,57
"chr5,16650013",4,8,6,-20,9,-20,6,7,6,8,7,7,28,22,30,17,35,21,70,55,42,14,32,38,51,33,21,27,12,-20,3,8,5,8,62,49,33,21,22,9,-20,-20,6,11,11,43,-20,-20,-20,-20,-20,29,56,24,-20,16,54,-20,23,36,23,24,21,37,26,26,28,38,43,19,34,25,-20,37,25,53,20,6,10,8,10,12,17,-20,-20,38,31,44,-20,-20,21,44,42,38,44,35,18,43,8,39,20,37,4,13,25,24,11,38,51,9,11,8,46,36,11,7,53,12,8,-20,-20,7,8,5,50,11,-20,46,7,12,23,-20,10,-20,24,59,53,3,6,15,7,5,8,5,36,7,3,34,6,6,-20,-20,12,10,-20,9,-20,3,-20,6,4,4,13,2,-20,13,-20,-20,8,-20,-20,-20,18,-20,-20,-20,15,14,13,-20,13,12,10,5,-20,-20,-20,-20,3,4,-20,14,-20,4,4,6,7,4,-20,5,7,16,18,11,14,12,9,25,3,-20,-20,-20,-20,20,-20,16,26,6,11,-20,-20,10,9,-20,6,6,-20,5,-20,23,-20,19,-20,31,7,4,-20,16,9,6,19,20,10,10,-20,33,12,12,9,10,12,14,17,6,-20,12,8,8,10,-20,9,10,-20,6,10,16,-20,-20,-20,23,15,12,9,-20,20,-20,-20,-20,-20,-20,-20,14,-20,22,-20,11,-20,-20,3,5,3,-20,-20,7,-20,-20,14,4,3,3,26,3,10,3,7,21,27,4,30,25,38,37,38,45,-20,6,-20,-20,-20,61,11,-20,11,-20,6,16,-20,-20,-20,15,-20,10,-20,-20,18,3,5,37,77,19,7,42,14,15,-20,9,-20,10,17,8,-20,5,10,6,-20,8,-20,7,-20,12,6,16,13,3,4,12,14,-20,6,14,3,7,8,36,-20,-20,-20,28,-20,5,11,7,7,12,15,-20,16,-20,4,17,-20,4,-20,-20,9,-20,2,-20,31,4,-20,-20,7,18,11,3,3,11,3,7,11,5,5,-20,12,-20,-20,-20,-20,-20,5,4,6,5,-20,27,7,-20,-20,-20,13,9,-20,18,12,-20,3,7,9,4,3,17,3,-20,-20,6,13,8,10,17,-20,17,-20,-20,-20,-20,15,13,6,-20,-20,9,-20,12,18,8,4,13,10,-20,2,8,-20,5,13,7,4,5,37,25,13,18,7,4,-20,13,11,6,5,-20,-20,8,15,11,12,23,5,-20,3,-20,-20,-20,3,7,38,9,-20,7,-20,-20,-20,16,3,-20,25,28,55,45,13,23,20,8,-20,37,33,13,-20,24,6,-20,-20,-20,4,10,-20,4,9,9,13,-20,-20,14,14,8,-20,18,3,-20,-20,13,17,14,7,6,9,9,13,5,39,-20,5,-20,-20,8,16,-20,-20,-20,54,10,17,4,16,9,4,9,-20,8,27,-20,-20,39,36,52,28,33,6,16,10,19,8,12,30,3,6,10,10,15,9,14,9,34,11,25,22,15,7,47,8,13,10,15,19,19,9,32,11,19,8,-20,-20,7,-20,10,-20,-20,47,50,-20,11,-20,25,-20,-20,29,-20,-20,-20,14,8,-20,36,12,-20,4,-20,29,6,6,2,5,-20,31,12,12,-20,10,31,18,-20,-20,15,4,35,-20,19,22,25,-20,-20,16,19,12,-20,-20,13,9,-20,-20,19,8,12,-20,15,8,16,16,13,13,-20,12,-20,-20,19,-20,11,8,11,-20,19,-20,13,-20,14,13,-20,-20,15,11,10,12,25,18,-20,8,15,14,-20,17,-20,-20,11,20,10,11,-20,10,-20,19,15,19,-20,18,-20,8,18,7,10,8,9,-20,10,11,16,-20,6,13,13,12,9,11,-20,-20,11,-20,-20,12,-20,12,-20,8,8,5,4,17,9,14,13,12,6,9,18,8,9,7,9,7,7,7,8,13,9,19,3,-20,14,5,14,6,7,8,7,14,6,13,9,9,9,-20,6,15,9,13,3,18,7,9,11,21,14,-20,18,6,8,9,10,16,11,9,10,39,10,15,10,15,14,5,14,15,17,16,20,9,20,3,9,11,11,17,9,8,25,15,7,12,18,19,-20,24,13,-20,21,18,16,14,20,4,14,6,13,7,4,13,8,15,8,-20,17,11,6,16,7,19,14,16,4,9,10,15,8,10,12,6,9,13,6,13,17,9,16,8,-20,-20,-20,-20,52,7,9,19,15,20,21,14,18,20,23,13,9,13,10,6,11,5,13,14,23,17,31,6,10,14,12,12,15,33,23,-20,17,21,-20,-20,15,12,13,13,24,16,11,12,3,17,14,10,10,6,12,12,-20,14,-20,15,-20,-20,12,21,13,7,-20,-20,12,-20,15,-20,17,10,15,11,9,-20,-20,-20,19,-20,13,14,10,16,6,13,9,-20,-20,-20,-20,-20,-20,3,-20,4,10,12,13,14,15,-20,12,9,-20,6,15,8,13,-20,15,7,13,4,10,17,12,15,53,15,11,12,-20,-20,-20,14,14,12,7,9,6,11,13,-20,10,14,-20,8,7,-20,4,11,-20,8,10,5,9,8,12,11,3,13,12,15,11,6,-20,16,10,-20,-20,-20,5,-20,-20,-20,-20,-20,5,-20,7,-20,11,3,4,-20,6,-20,5,-20,5,4,-20,6,2,-20,10,-20,-20,-20,7,-20,3,10,-20,3,-20,-20,3,-20,6,-20,3,3,-20,-20,5,5,-20,5,-20,5,4,4,6,-20,-20,-20,-20,5,6,3,4,-20,38,33,15,-20,-20,22,23,38,66,-20,66,154,70,-20,41,60,56,56
"chr5,16650016",5,8,6,-20,9,-20,6,6,6,8,7,6,29,25,31,18,33,21,70,55,41,14,31,38,53,33,22,25,13,8,4,6,-20,7,62,51,32,21,21,9,-20,35,7,11,10,43,-20,-20,-20,-20,-20,30,57,24,29,16,54,28,22,35,23,25,22,38,27,27,28,37,42,17,32,24,-20,38,23,53,17,7,9,6,12,13,15,-20,-20,38,31,45,-20,18,19,46,39,40,46,35,18,42,8,35,19,36,4,13,25,23,11,39,51,9,9,9,46,35,11,7,52,14,8,-20,-20,7,8,5,52,11,-20,44,7,12,22,-20,11,-20,23,61,54,3,7,15,7,5,7,5,36,5,-20,36,5,6,-20,9,12,11,39,7,-20,3,24,6,4,4,13,2,-20,11,-20,-20,8,8,24,44,19,-20,-20,-20,15,11,12,27,14,13,8,4,-20,-20,-20,-20,3,5,-20,14,-20,4,4,6,7,4,-20,5,7,15,18,11,13,13,9,28,3,-20,23,38,-20,20,3,16,25,6,12,11,4,11,9,30,6,4,5,5,21,24,-20,20,-20,28,7,4,11,16,8,6,20,20,12,10,-20,33,13,13,10,-20,12,13,17,6,6,13,7,8,10,6,9,8,-20,4,10,14,-20,-20,-20,23,15,12,9,19,20,-20,-20,-20,-20,-20,-20,13,5,21,-20,11,-20,-20,-20,6,3,-20,-20,7,-20,-20,13,4,3,3,25,3,9,3,6,22,27,5,32,25,38,41,38,45,-20,3,3,5,14,62,11,-20,12,-20,6,15,-20,-20,5,15,7,12,-20,3,21,3,4,38,78,17,7,38,14,15,6,9,10,10,17,8,-20,6,10,5,7,8,-20,8,3,11,5,17,13,-20,4,14,15,4,6,14,2,8,8,35,4,2,4,25,3,4,11,8,7,12,13,19,16,7,2,14,3,5,5,4,9,3,-20,6,27,3,7,8,6,19,11,4,-20,10,3,7,12,5,5,13,10,-20,-20,-20,5,-20,4,-20,5,4,4,29,7,5,-20,-20,13,10,75,17,10,-20,3,5,9,-20,3,19,3,7,4,5,14,7,9,16,-20,14,-20,4,3,-20,15,12,6,-20,-20,9,7,14,17,6,3,12,10,-20,-20,-20,2,-20,13,7,4,4,38,26,13,17,6,-20,-20,12,-20,7,4,-20,-20,10,16,11,12,21,5,9,3,4,4,-20,3,3,36,9,10,5,4,-20,-20,16,3,-20,25,25,53,44,13,23,23,8,-20,38,33,13,-20,24,4,-20,26,8,4,11,32,-20,9,8,12,-20,7,15,11,9,-20,18,4,-20,6,11,16,13,6,7,9,9,12,5,38,10,6,-20,-20,8,16,9,28,-20,56,10,16,4,16,10,-20,9,-20,5,29,16,-20,40,35,55,29,32,6,16,-20,19,9,11,28,3,6,9,9,15,9,13,9,32,9,22,22,13,7,48,8,15,9,13,18,18,6,32,12,19,7,-20,-20,7,-20,10,-20,23,47,53,32,10,30,25,-20,44,29,-20,-20,-20,13,10,25,37,13,-20,3,-20,30,6,6,2,5,-20,31,11,13,-20,10,32,18,-20,-20,14,4,34,-20,19,22,25,-20,6,18,19,-20,-20,-20,13,11,-20,-20,20,8,11,-20,14,9,15,15,13,13,-20,13,-20,7,18,-20,11,9,11,-20,19,-20,12,-20,14,13,-20,-20,13,10,10,10,24,19,-20,6,16,15,-20,18,-20,-20,12,20,11,11,-20,10,-20,20,15,15,-20,17,-20,8,17,8,-20,8,10,-20,9,11,14,-20,6,13,15,12,9,-20,-20,-20,12,-20,-20,12,-20,10,-20,-20,8,5,4,17,9,13,13,11,6,9,18,8,11,7,9,6,7,6,8,12,-20,16,3,-20,14,5,14,7,8,8,7,13,6,13,8,7,9,-20,6,14,8,11,3,18,7,10,11,22,14,-20,18,6,8,8,9,14,10,9,9,37,9,14,10,15,12,5,14,15,17,16,21,9,20,3,9,11,11,16,8,7,25,15,7,-20,20,19,-20,23,12,-20,19,16,16,12,17,4,14,6,12,6,4,12,8,15,7,-20,17,11,6,16,7,19,15,13,3,8,10,13,8,9,11,6,9,13,5,13,18,9,16,8,3,-20,-20,-20,47,7,9,18,16,18,22,14,17,18,21,14,9,11,10,6,11,4,14,14,23,16,30,6,10,14,14,11,14,31,23,-20,19,20,-20,-20,-20,12,13,14,24,15,11,12,3,17,9,9,10,5,11,13,-20,13,-20,14,-20,-20,13,20,12,7,-20,-20,10,-20,15,-20,17,9,14,11,7,-20,-20,-20,16,-20,12,14,10,14,5,14,9,-20,-20,-20,-20,-20,-20,3,5,4,9,11,13,14,16,-20,13,7,-20,6,14,8,13,-20,13,5,12,3,9,15,12,14,55,14,11,9,-20,-20,8,14,15,12,7,9,6,10,13,-20,10,14,-20,8,7,-20,4,11,-20,8,10,4,9,7,10,11,3,13,12,13,10,6,-20,18,-20,-20,-20,-20,5,-20,-20,-20,-20,-20,4,-20,7,-20,13,3,5,-20,7,-20,6,4,4,-20,-20,8,-20,-20,7,-20,-20,-20,8,-20,-20,13,-20,3,-20,-20,3,6,5,4,3,6,-20,5,5,6,-20,4,-20,5,-20,3,5,7,5,-20,-20,6,5,3,4,-20,39,34,14,-20,-20,24,23,37,64,-20,68,154,70,-20,42,59,57,54
"chr5,16650017",5,8,6,-20,9,-20,6,6,6,8,7,5,28,26,31,18,33,21,69,56,42,14,31,39,53,31,22,26,13,8,4,6,-20,7,62,50,32,22,21,9,-20,-20,7,11,8,43,-20,-20,-20,-20,-20,30,56,24,28,16,56,27,22,33,23,25,23,39,25,27,28,38,42,15,33,24,-20,38,23,53,17,7,9,6,12,12,15,-20,-20,38,31,44,-20,17,19,47,39,40,47,35,18,41,8,35,18,37,4,13,25,23,11,39,51,9,9,9,46,34,11,7,51,14,8,-20,-20,8,8,5,51,11,-20,44,4,12,21,-20,11,-20,23,60,53,3,7,15,7,5,7,5,34,5,-20,35,5,6,-20,8,12,10,-20,8,-20,3,21,6,4,4,13,2,-20,11,-20,-20,8,9,22,43,18,-20,-20,-20,15,10,12,-20,14,12,8,4,-20,-20,-20,-20,3,5,-20,14,-20,4,4,6,7,4,-20,5,7,15,18,11,13,14,9,-20,3,14,20,-20,-20,20,3,16,25,6,12,-20,5,11,9,28,6,3,5,6,-20,24,-20,-20,-20,28,6,4,10,15,8,7,21,20,14,10,-20,32,12,12,10,-20,12,13,18,6,6,14,7,6,10,5,9,8,-20,4,10,15,-20,-20,-20,23,15,11,9,-20,20,-20,-20,-20,-20,-20,-20,12,5,22,-20,11,-20,-20,-20,6,3,-20,-20,7,-20,-20,13,4,3,3,23,3,9,3,7,22,28,5,32,24,38,41,38,44,-20,3,3,5,13,61,11,-20,-20,-20,6,15,-20,-20,5,15,7,12,-20,3,22,3,4,40,77,17,7,38,14,15,-20,9,10,13,17,7,-20,6,10,6,7,9,-20,8,3,11,4,17,13,-20,4,14,14,5,6,14,2,8,8,34,-20,2,3,23,3,4,10,8,7,12,13,19,16,7,-20,14,3,5,5,3,9,3,-20,-20,26,4,5,8,5,19,11,4,-20,10,3,7,12,5,5,13,10,-20,-20,-20,4,-20,3,-20,5,4,-20,29,7,5,-20,-20,14,10,73,17,10,-20,4,5,10,3,2,19,3,6,4,5,15,7,10,16,-20,14,-20,4,3,-20,16,12,7,-20,-20,7,8,14,17,6,3,12,10,-20,-20,-20,2,-20,13,6,4,4,38,26,13,16,5,-20,-20,12,8,7,4,-20,-20,-20,17,11,14,21,5,10,-20,4,3,-20,3,-20,36,9,10,4,4,-20,-20,16,3,-20,24,26,53,45,13,23,24,8,-20,38,34,13,-20,24,4,-20,-20,8,4,11,-20,-20,9,-20,11,-20,8,15,8,9,-20,18,4,-20,6,11,17,10,6,7,9,9,12,5,38,10,4,-20,-20,7,16,8,-20,-20,55,10,14,5,16,10,-20,9,4,4,29,16,-20,38,35,54,28,32,6,18,10,20,10,11,29,3,6,10,9,14,9,15,-20,34,9,22,22,13,8,49,8,15,9,13,17,20,6,31,12,20,7,-20,-20,7,-20,10,-20,-20,47,53,-20,11,-20,25,-20,-20,30,-20,-20,-20,13,10,27,-20,13,-20,3,-20,29,6,6,2,5,-20,-20,11,13,-20,10,33,18,-20,-20,14,4,32,-20,18,21,25,-20,5,18,19,-20,-20,-20,13,11,-20,-20,20,8,11,-20,14,10,15,14,14,13,-20,13,-20,8,18,-20,11,9,12,-20,19,-20,12,-20,14,14,-20,-20,14,10,10,10,24,19,-20,6,16,16,-20,18,-20,-20,13,20,11,11,-20,10,-20,20,15,15,-20,17,-20,8,17,8,-20,8,10,-20,9,10,14,-20,6,13,15,12,10,10,-20,-20,13,-20,-20,13,-20,11,-20,-20,8,5,4,17,9,13,13,11,6,9,18,8,11,7,9,6,7,6,8,12,-20,16,3,-20,14,5,14,7,8,7,7,13,6,13,8,7,9,-20,6,14,8,11,3,18,7,10,12,22,14,-20,19,6,8,8,9,14,10,9,9,37,9,14,10,15,12,5,14,16,17,16,21,9,20,4,9,11,11,16,8,7,25,15,7,9,20,19,-20,23,12,-20,20,16,16,12,17,4,14,6,12,6,4,12,8,15,7,-20,17,11,6,16,7,19,15,13,3,8,10,13,8,9,11,6,10,14,5,13,18,9,16,8,3,-20,-20,-20,47,7,8,18,16,18,22,14,17,17,21,15,9,11,10,6,11,4,14,14,24,16,29,6,10,14,14,10,14,32,22,-20,19,21,-20,-20,13,13,13,14,24,15,11,11,3,17,9,9,10,5,11,13,-20,13,-20,14,-20,-20,13,20,12,8,-20,-20,10,-20,15,-20,17,9,15,11,7,-20,-20,-20,17,-20,11,13,10,14,5,14,-20,-20,-20,-20,-20,-20,-20,3,5,4,9,11,13,14,17,-20,13,7,-20,6,13,8,13,-20,13,5,12,3,9,15,11,14,55,14,12,9,-20,-20,8,14,15,12,7,9,6,-20,14,-20,10,15,-20,8,7,-20,4,11,-20,8,10,5,9,7,10,11,3,13,12,14,10,7,4,17,10,-20,-20,-20,5,-20,-20,-20,-20,-20,4,-20,5,-20,6,4,4,-20,5,-20,5,3,-20,-20,-20,6,-20,-20,7,3,-20,-20,10,-20,5,10,-20,3,4,-20,2,-20,4,3,3,5,-20,4,3,4,-20,4,-20,5,3,-20,5,7,5,-20,-20,4,4,3,4,-20,42,33,14,-20,-20,22,24,37,62,-20,68,154,70,-20,38,58,58,55
"chr5,16650018",5,8,6,-20,9,-20,6,6,6,8,7,5,28,26,31,18,33,23,70,55,43,14,32,40,55,32,23,26,13,8,4,6,-20,7,62,52,32,19,21,-20,6,-20,7,11,8,42,-20,-20,4,-20,-20,30,57,24,-20,14,56,-20,22,34,22,24,25,40,25,27,27,38,42,17,32,24,9,38,24,53,18,7,9,6,12,12,14,4,-20,38,31,44,21,17,19,47,40,39,48,36,18,41,8,37,18,38,5,13,26,23,11,40,52,9,9,9,46,36,11,7,51,14,7,-20,-20,8,8,5,48,11,-20,44,6,12,21,-20,11,-20,23,60,53,3,7,15,7,5,7,5,34,5,-20,35,5,6,-20,8,12,10,38,8,-20,3,21,6,3,4,13,2,-20,11,-20,-20,8,9,23,44,18,-20,-20,-20,14,10,11,28,14,13,8,4,-20,-20,-20,14,3,5,12,14,-20,5,4,5,7,4,12,5,7,16,18,11,14,14,11,28,3,13,20,35,-20,18,3,18,25,6,12,10,5,11,9,31,6,3,6,6,-20,24,13,21,24,28,6,4,10,14,6,7,21,21,14,11,-20,32,13,12,10,11,12,13,18,6,6,14,7,6,10,3,9,9,-20,4,10,14,-20,-20,12,22,14,11,7,19,20,3,15,-20,-20,-20,-20,11,5,22,-20,11,-20,-20,-20,6,3,-20,-20,7,15,-20,14,4,3,3,23,3,9,3,7,21,26,5,32,24,38,41,38,47,-20,3,3,5,13,62,11,6,11,-20,6,15,-20,6,5,-20,-20,12,-20,3,23,4,4,41,76,17,7,37,14,15,5,9,10,13,18,7,-20,6,10,7,7,9,-20,8,3,11,4,16,13,-20,4,14,15,4,6,14,2,8,8,33,3,-20,3,26,3,4,10,8,7,12,14,19,16,8,-20,14,3,4,5,3,9,3,-20,-20,26,4,5,8,5,20,11,4,-20,10,3,7,11,5,6,13,10,-20,-20,-20,5,3,3,-20,5,4,4,29,8,5,8,5,15,10,73,17,9,-20,4,5,10,3,2,19,3,6,3,5,16,7,10,15,5,15,6,4,3,-20,16,13,7,-20,-20,7,-20,14,16,6,3,10,10,-20,-20,-20,2,-20,13,6,4,4,38,28,13,15,4,-20,-20,12,8,7,4,-20,-20,9,18,10,14,21,5,11,-20,4,3,-20,3,-20,36,9,10,4,5,-20,-20,17,3,-20,24,28,54,45,13,23,24,8,-20,40,34,13,4,24,4,-20,26,8,5,11,32,-20,9,-20,11,-20,8,15,8,9,-20,18,4,-20,6,9,16,11,6,6,9,10,12,6,36,11,4,10,5,6,16,8,28,-20,56,10,14,5,16,9,-20,9,-20,4,29,16,5,38,36,54,28,34,6,18,10,20,10,11,29,3,6,10,9,14,9,15,10,34,9,22,22,13,8,49,8,15,9,11,17,19,6,30,12,20,7,-20,-20,7,-20,10,-20,-20,48,54,31,10,28,25,6,38,28,-20,31,8,14,10,27,35,13,-20,3,10,29,6,6,2,5,6,31,11,13,-20,10,31,18,-20,-20,14,4,31,8,19,18,24,-20,5,18,19,12,-20,5,13,11,-20,-20,20,7,10,7,14,10,15,15,14,13,-20,13,6,8,18,7,11,9,11,-20,19,5,12,-20,14,14,7,6,14,10,10,10,24,18,6,6,16,16,5,15,7,-20,12,20,11,11,-20,10,7,20,15,15,6,17,6,8,16,8,-20,-20,10,10,9,11,14,-20,6,13,15,11,10,9,10,-20,12,10,6,13,3,12,6,-20,8,5,4,17,9,13,13,11,6,9,18,8,11,7,9,6,7,6,8,12,-20,16,3,-20,14,5,14,7,8,7,7,13,6,13,8,7,9,3,6,13,8,11,3,18,7,10,12,22,14,7,19,6,8,8,9,14,10,9,8,34,9,14,10,15,12,5,14,15,17,15,21,9,20,4,9,11,11,16,8,7,25,15,7,9,19,19,-20,23,12,-20,19,16,15,12,16,4,13,6,12,6,4,12,9,15,7,-20,18,11,6,16,7,18,15,13,3,8,10,13,8,9,11,6,10,13,5,13,18,9,16,8,3,-20,5,-20,47,7,8,18,16,18,22,14,17,17,21,16,9,11,10,6,11,4,14,14,23,16,29,6,10,14,14,11,14,32,22,3,18,21,-20,5,14,13,12,14,23,15,11,10,3,17,-20,9,10,5,12,13,-20,13,3,13,-20,-20,13,20,12,8,4,4,10,-20,15,-20,17,9,15,11,7,-20,-20,7,16,4,11,12,10,14,5,14,9,6,-20,4,-20,-20,-20,3,5,3,9,11,13,14,17,4,13,7,-20,6,13,8,13,3,13,5,12,3,9,13,11,14,54,14,11,9,4,-20,8,14,15,12,6,9,6,10,14,-20,10,15,-20,8,7,-20,4,11,6,8,10,5,9,7,10,11,3,12,10,14,10,7,4,19,10,-20,-20,-20,5,5,-20,3,-20,-20,-20,-20,7,-20,11,-20,5,-20,6,-20,5,3,4,3,-20,7,-20,-20,7,3,-20,-20,10,-20,5,10,4,3,4,-20,3,5,4,3,3,6,-20,6,5,5,-20,-20,-20,4,-20,-20,6,8,6,-20,-20,7,4,3,4,-20,42,33,14,-20,9,23,24,38,63,12,68,154,71,19,39,58,59,56
"chr5,16650019",5,8,5,-20,9,-20,6,7,6,8,7,6,29,27,30,19,34,23,66,54,42,13,31,40,57,33,23,28,13,6,4,5,-20,8,63,53,32,21,21,10,6,32,9,12,8,38,-20,-20,4,-20,-20,31,57,24,31,13,54,24,22,33,24,25,25,40,25,28,27,38,42,16,32,25,9,38,24,54,18,7,10,6,12,13,15,4,-20,38,30,43,22,17,19,49,41,40,47,35,19,41,9,36,19,39,5,13,27,23,11,40,52,8,9,9,46,37,11,8,53,14,7,-20,5,8,7,5,48,11,-20,44,7,13,22,-20,10,-20,22,59,52,3,6,15,7,6,8,5,34,5,-20,36,5,7,-20,8,12,9,39,7,-20,3,20,6,5,4,13,2,-20,12,-20,-20,9,9,22,-20,17,-20,-20,-20,15,11,11,28,14,11,8,4,-20,-20,-20,15,3,5,12,14,-20,5,4,7,8,4,12,6,7,15,18,11,14,15,9,28,3,-20,16,35,-20,15,3,18,25,6,11,10,5,10,9,30,7,3,6,6,18,24,13,19,25,21,6,4,8,14,5,7,20,21,14,10,-20,32,11,11,10,-20,12,13,18,6,6,17,8,8,12,3,9,10,-20,3,10,14,-20,-20,15,23,14,11,9,-20,20,3,15,-20,10,-20,-20,11,5,20,-20,11,-20,-20,-20,6,4,10,-20,7,15,25,14,-20,4,3,23,3,10,3,7,22,26,5,32,23,37,42,38,46,-20,3,3,5,13,60,11,6,12,7,6,15,-20,6,3,16,6,12,-20,3,23,4,4,37,77,17,5,37,14,15,3,9,-20,13,18,7,-20,6,-20,6,8,9,-20,-20,3,13,2,16,13,-20,4,14,13,4,5,14,2,9,8,32,3,-20,2,29,2,-20,10,7,7,11,13,19,15,8,-20,14,2,4,5,3,9,3,-20,-20,27,-20,5,6,5,19,11,3,-20,9,-20,8,12,-20,6,13,10,-20,-20,-20,5,3,-20,-20,5,3,-20,29,8,4,9,5,12,9,74,17,8,-20,-20,4,9,3,2,19,3,5,2,3,15,7,10,15,7,16,7,3,4,-20,15,13,5,-20,-20,7,-20,14,16,6,3,10,10,-20,2,-20,2,-20,13,5,4,4,38,27,14,16,3,-20,-20,12,8,6,3,-20,-20,9,18,10,13,23,6,10,-20,4,3,-20,3,-20,36,9,10,4,5,-20,-20,18,3,-20,24,27,55,41,13,23,23,9,-20,39,34,13,4,23,3,-20,21,8,5,12,29,-20,9,-20,12,-20,8,15,8,9,-20,18,4,-20,6,9,16,10,6,6,8,10,-20,6,36,9,5,-20,4,6,17,6,-20,-20,56,10,14,5,16,9,-20,9,4,3,29,16,5,38,34,53,28,35,6,18,10,19,11,11,30,3,6,10,10,16,9,14,10,34,10,22,22,13,8,48,8,15,9,10,16,19,6,31,12,20,7,-20,-20,7,-20,-20,20,22,48,54,31,10,27,22,6,40,28,-20,29,9,15,10,24,33,11,-20,3,10,26,6,6,2,5,6,30,11,13,-20,10,29,18,-20,-20,15,4,30,8,20,19,25,-20,5,18,19,13,-20,4,12,11,-20,-20,21,8,12,8,14,10,14,14,14,13,-20,13,7,9,18,7,9,9,11,-20,19,5,12,-20,13,11,8,6,13,10,11,10,25,18,6,6,16,16,5,15,7,-20,13,21,11,11,-20,10,8,21,15,13,6,19,6,7,15,8,-20,8,9,10,9,11,14,-20,6,14,15,11,10,7,11,-20,14,12,6,17,3,11,6,-20,7,5,4,16,9,13,12,12,6,-20,18,8,11,7,10,8,7,7,7,13,-20,12,-20,-20,14,5,14,7,9,7,7,12,-20,13,8,8,9,3,6,12,8,11,3,18,7,11,12,22,14,8,19,5,8,9,11,14,10,9,8,32,9,17,15,14,12,5,15,16,16,15,-20,9,21,5,9,11,10,15,7,7,25,14,7,9,19,19,-20,23,12,-20,20,15,15,11,15,4,14,5,13,6,4,13,10,15,7,-20,18,11,6,14,7,17,15,12,3,8,11,13,7,8,12,6,9,13,5,13,19,9,16,9,-20,-20,5,-20,46,7,8,19,16,18,22,14,17,17,20,16,10,12,11,8,13,4,14,14,22,16,28,7,12,13,14,12,14,32,21,6,19,21,-20,5,12,13,13,13,25,14,10,11,3,17,9,7,10,7,13,13,-20,12,3,13,-20,-20,13,20,15,8,4,5,10,-20,14,-20,16,9,16,12,8,-20,-20,8,13,4,12,13,11,13,5,13,9,7,-20,4,-20,-20,-20,3,6,3,9,10,13,13,17,4,13,7,-20,6,12,8,13,5,12,5,13,3,9,13,10,14,56,15,11,9,4,-20,7,14,14,12,6,8,6,11,14,-20,10,13,-20,8,8,-20,4,13,7,6,10,5,9,6,11,11,3,12,10,15,10,7,4,19,9,-20,-20,-20,6,5,-20,3,-20,-20,3,-20,6,-20,12,3,5,-20,7,-20,6,3,5,-20,-20,5,3,-20,6,3,-20,-20,7,-20,6,11,4,3,3,-20,3,5,5,3,4,-20,-20,4,4,-20,-20,-20,-20,3,2,-20,5,8,5,-20,2,-20,4,3,5,-20,42,32,14,-20,9,23,23,38,64,12,68,154,71,19,39,56,57,56
"chr5,16650020",5,9,5,-20,9,-20,6,7,6,7,7,6,30,27,30,19,33,23,67,53,41,13,30,40,55,33,23,27,13,4,4,5,-20,8,61,53,33,21,20,10,6,32,9,12,8,39,-20,-20,4,-20,-20,31,55,25,29,12,54,24,22,31,23,24,25,40,24,27,27,38,43,16,31,24,9,38,25,53,19,7,10,6,11,12,15,5,-20,40,30,45,22,16,19,49,41,40,47,35,19,41,9,35,19,38,5,13,27,26,11,40,53,8,8,9,44,37,11,8,55,14,7,-20,5,8,6,4,48,11,-20,43,6,13,23,-20,10,-20,22,59,52,3,6,14,6,6,7,5,33,4,-20,36,5,6,-20,8,12,10,41,7,-20,3,23,6,5,3,12,2,-20,12,-20,-20,9,9,22,45,17,-20,-20,-20,15,11,11,27,14,10,9,4,-20,-20,-20,15,3,4,13,14,-20,5,-20,7,8,4,12,6,7,15,17,12,15,15,9,-20,3,12,16,36,-20,15,-20,18,25,6,11,11,5,10,9,30,7,3,-20,6,19,25,14,21,25,20,5,4,9,14,5,7,20,20,14,10,-20,30,11,11,10,-20,12,13,18,6,6,17,8,8,12,3,9,10,-20,3,10,14,-20,-20,15,23,13,11,9,19,20,3,15,-20,10,-20,-20,11,5,21,-20,11,-20,-20,-20,5,4,10,-20,7,15,25,16,-20,4,3,21,3,10,3,7,21,25,5,31,22,37,41,37,46,-20,3,3,5,13,61,10,6,12,7,6,15,-20,6,3,16,-20,12,-20,3,23,5,4,38,81,17,5,37,14,15,-20,8,10,12,18,8,-20,6,-20,5,8,9,-20,8,3,13,-20,14,13,-20,4,12,12,4,5,12,-20,9,8,29,3,-20,2,28,2,-20,9,7,8,12,13,19,15,9,-20,14,2,4,5,4,9,3,-20,-20,27,-20,5,6,5,19,10,-20,-20,9,-20,8,12,4,6,13,10,7,-20,-20,5,3,-20,-20,5,3,-20,28,8,4,9,6,12,9,74,16,8,-20,4,4,9,3,2,17,3,5,2,3,13,7,9,17,7,15,7,3,3,-20,15,13,5,-20,-20,7,6,13,15,6,3,9,9,-20,2,-20,2,-20,13,5,4,4,37,27,15,16,3,-20,-20,12,8,6,3,-20,-20,9,18,10,13,24,6,10,3,4,3,-20,3,-20,36,8,10,4,5,-20,-20,18,3,-20,24,27,53,41,11,23,26,9,-20,38,34,13,4,23,3,-20,23,8,5,11,31,-20,9,-20,12,-20,8,16,8,9,-20,18,5,-20,6,10,16,10,6,6,8,10,12,5,38,9,5,10,4,6,17,6,29,-20,56,10,14,4,16,8,2,9,4,3,30,17,6,39,35,53,27,35,7,17,10,19,11,11,30,3,6,10,10,16,8,13,10,33,10,22,22,13,8,44,7,14,9,9,15,19,6,29,13,19,6,-20,-20,7,-20,10,-20,-20,47,53,30,10,29,23,6,41,28,-20,30,9,15,10,24,35,11,-20,3,11,26,6,6,2,5,5,31,11,13,7,10,31,18,-20,-20,13,4,29,8,20,19,26,-20,5,18,20,12,-20,4,12,11,-20,-20,20,9,11,8,14,10,15,14,14,13,-20,13,7,6,18,7,9,9,11,-20,16,5,11,-20,14,11,8,7,13,7,11,9,24,18,6,6,16,15,5,15,7,-20,12,16,11,11,-20,10,8,21,15,14,6,20,6,7,15,7,-20,7,9,10,9,11,13,-20,6,15,15,11,10,7,11,-20,13,12,6,17,3,11,6,-20,7,4,4,16,9,13,9,12,6,9,18,8,11,7,8,8,7,7,7,12,-20,12,-20,-20,13,5,14,7,9,7,7,12,6,12,8,7,9,3,6,11,8,11,3,19,8,10,12,22,14,8,18,5,8,8,10,13,10,9,8,32,9,16,15,14,12,5,15,15,14,15,17,9,21,5,9,11,9,15,7,6,23,14,-20,-20,19,17,-20,21,12,-20,20,14,14,9,14,4,13,5,13,7,4,13,10,15,7,4,16,11,6,14,7,17,14,11,3,8,11,12,7,8,11,5,10,13,4,13,18,9,15,9,-20,-20,5,-20,46,7,8,19,16,17,20,14,16,17,20,13,9,11,11,8,12,4,14,14,22,16,29,7,11,12,14,11,12,30,21,6,19,21,-20,5,13,12,13,13,24,14,9,11,3,16,9,7,8,7,14,13,-20,12,3,12,8,-20,12,19,15,8,4,5,11,4,14,-20,15,9,15,11,8,-20,-20,9,14,4,12,12,11,13,5,12,9,-20,-20,4,-20,-20,-20,3,5,3,9,10,11,12,17,4,13,7,-20,7,12,8,14,6,12,5,13,3,9,13,11,13,56,16,12,10,4,5,7,14,14,12,4,7,6,11,14,-20,10,13,-20,8,7,-20,4,13,7,6,9,5,10,6,10,11,3,14,10,15,10,7,-20,20,9,-20,-20,-20,6,5,-20,3,-20,-20,3,3,7,-20,10,4,4,-20,7,-20,7,-20,5,3,-20,5,4,-20,8,3,-20,-20,10,-20,5,10,3,3,3,-20,3,5,4,3,-20,5,-20,4,4,-20,2,-20,-20,3,3,3,6,7,4,-20,-20,8,4,3,5,-20,42,32,15,-20,10,22,23,39,64,14,53,154,71,19,37,55,59,57
"chr5,16650023",5,9,5,-20,8,-20,6,8,6,6,7,5,29,26,30,18,35,23,70,53,42,13,29,39,56,32,25,30,13,4,4,3,-20,8,60,53,32,21,21,9,7,32,9,8,8,38,-20,-20,4,-20,-20,31,55,25,30,12,54,24,21,32,22,24,28,41,25,27,26,37,43,15,30,23,10,36,25,53,20,7,9,6,11,11,15,5,-20,39,31,42,23,18,19,47,38,40,47,36,19,41,9,35,19,37,5,12,26,26,11,39,52,9,8,8,45,37,11,8,54,14,7,-20,5,8,6,4,45,11,-20,43,6,13,22,-20,10,-20,24,61,53,3,6,13,5,6,5,5,32,4,-20,35,5,5,-20,8,12,12,40,7,-20,3,21,6,5,3,12,2,-20,12,-20,-20,9,9,20,45,17,9,-20,7,16,-20,10,25,12,9,11,3,-20,-20,11,15,3,4,14,15,-20,5,-20,8,8,4,12,6,7,16,17,12,15,14,9,-20,-20,-20,12,36,-20,14,-20,18,21,5,7,10,5,10,9,26,8,3,7,5,18,25,16,23,25,20,6,3,9,13,5,7,20,18,14,9,5,26,9,13,10,10,12,12,18,6,6,17,8,8,12,3,9,10,-20,3,10,13,-20,-20,15,24,13,11,10,19,21,3,16,-20,11,-20,-20,11,5,20,3,11,-20,-20,-20,5,3,11,-20,6,18,-20,16,-20,4,3,23,3,10,3,7,22,24,5,33,23,36,43,39,46,3,4,-20,5,12,56,12,6,12,-20,7,15,-20,6,3,17,5,13,-20,5,22,5,3,38,83,15,5,34,14,13,3,7,8,11,18,8,-20,5,9,6,8,9,-20,7,2,14,-20,15,11,-20,4,12,14,4,5,10,-20,10,7,29,-20,-20,2,28,2,-20,9,7,7,12,12,17,14,9,-20,15,2,4,5,4,9,3,-20,-20,26,-20,7,5,5,15,11,-20,-20,9,-20,8,10,4,6,13,9,7,-20,-20,4,3,-20,-20,5,3,-20,31,8,4,9,6,11,10,78,14,9,-20,-20,7,9,3,2,17,4,6,2,3,15,6,9,16,10,15,7,3,3,-20,14,14,4,-20,-20,8,6,13,16,6,-20,9,11,-20,2,-20,-20,6,11,4,4,5,36,26,14,17,4,-20,-20,12,7,5,3,2,-20,8,14,9,13,23,4,8,-20,4,3,-20,3,-20,35,8,10,4,5,-20,-20,14,2,-20,25,28,54,42,11,24,25,9,-20,39,36,12,-20,23,-20,-20,22,9,6,12,28,-20,9,-20,13,-20,8,16,5,9,-20,18,5,-20,6,10,15,9,6,6,8,11,10,5,36,9,4,13,4,7,16,6,30,-20,53,8,14,4,15,8,-20,10,3,3,30,-20,7,38,34,53,26,34,7,17,9,17,11,11,30,3,6,10,8,16,8,13,10,33,10,21,22,13,7,43,7,13,9,9,13,19,6,29,13,18,6,5,7,7,-20,10,-20,20,49,54,29,-20,30,20,6,42,28,-20,26,9,15,11,23,34,11,-20,3,11,23,6,6,2,-20,5,32,11,12,8,10,31,18,-20,4,13,4,29,13,19,19,27,-20,5,18,16,11,7,-20,11,11,-20,-20,19,9,11,9,13,9,15,13,13,12,-20,13,7,6,17,7,9,7,9,-20,15,5,11,-20,14,9,8,7,11,7,10,8,24,18,6,6,14,14,5,15,7,-20,11,16,11,12,-20,9,8,21,14,13,6,21,5,7,15,7,9,8,9,11,9,10,13,-20,5,15,12,10,7,5,11,5,13,11,6,16,3,11,6,-20,6,4,4,15,9,14,9,11,6,9,17,8,11,7,8,8,7,7,7,11,-20,11,-20,-20,12,5,13,-20,9,6,7,11,6,11,8,7,9,3,6,11,8,10,3,19,7,9,12,22,14,8,18,5,8,8,10,13,10,9,6,32,9,16,14,12,12,5,15,14,14,14,16,9,21,5,9,11,8,15,7,6,21,14,-20,7,19,17,-20,18,12,6,19,14,13,9,13,5,12,5,12,6,4,13,10,15,7,4,16,10,6,14,7,17,12,11,3,8,12,11,6,8,12,5,9,13,5,13,17,9,15,8,-20,3,5,-20,45,6,8,14,15,17,20,12,16,16,20,12,9,11,11,8,12,4,14,14,22,15,29,7,12,11,14,10,12,29,21,6,18,20,-20,5,13,12,13,13,24,14,8,11,3,15,9,8,8,6,15,12,-20,11,3,11,8,-20,12,17,14,7,4,5,11,4,14,-20,15,8,15,11,8,-20,-20,9,13,5,14,12,11,13,5,12,8,6,-20,4,-20,-20,-20,3,5,4,9,10,10,11,17,4,13,6,-20,7,12,7,14,6,11,5,13,3,7,11,11,13,51,16,11,9,4,4,7,14,14,14,4,7,5,10,13,-20,9,12,-20,8,6,8,4,12,7,6,9,5,10,6,9,10,3,14,9,15,9,7,4,18,-20,-20,-20,-20,5,6,-20,4,-20,-20,4,3,7,-20,9,4,5,-20,5,-20,6,3,5,3,-20,-20,4,-20,7,3,-20,-20,11,-20,5,8,4,3,3,-20,3,3,2,4,4,6,-20,-20,6,7,3,-20,-20,3,-20,5,3,7,5,-20,-20,7,4,3,5,-20,40,31,15,-20,10,23,22,38,60,14,52,137,70,21,40,56,59,56
"chr5,16650024",5,10,5,-20,9,-20,6,8,7,6,9,5,27,25,30,18,38,23,71,52,41,14,29,39,55,32,25,29,13,4,-20,-20,-20,8,59,55,30,21,21,9,8,-20,9,8,8,38,-20,-20,4,-20,-20,30,53,25,-20,12,54,24,21,32,22,24,28,39,26,27,25,36,44,16,32,23,13,37,25,53,21,7,10,6,11,14,15,8,-20,38,30,40,23,18,20,48,38,41,47,37,21,42,10,34,20,37,5,14,27,25,11,38,50,9,12,8,44,38,11,8,54,15,7,-20,7,8,7,4,43,12,-20,43,7,14,22,-20,10,-20,23,61,53,3,6,14,5,6,5,5,31,5,-20,34,5,7,-20,8,12,12,39,7,-20,3,21,6,5,3,12,4,-20,12,-20,-20,9,9,20,45,17,9,-20,7,16,19,10,26,12,9,11,3,4,-20,11,16,3,4,14,16,-20,5,-20,8,8,4,12,6,7,16,19,12,16,13,9,25,-20,11,16,35,8,14,-20,19,22,5,6,-20,5,10,9,-20,8,3,7,5,17,25,17,22,25,20,6,3,-20,15,5,7,21,17,15,9,5,27,9,12,10,11,12,13,18,6,5,16,8,7,12,-20,9,10,-20,3,10,13,-20,-20,15,23,12,11,10,19,22,3,16,-20,11,-20,-20,11,5,20,3,10,-20,-20,3,5,3,11,-20,6,18,-20,16,-20,5,-20,23,3,10,3,6,22,26,5,33,25,34,43,39,46,3,4,-20,4,12,54,11,6,11,-20,7,14,-20,6,-20,18,5,12,-20,5,22,5,3,39,83,15,5,34,14,13,3,6,8,10,18,8,-20,5,9,6,8,9,-20,7,2,13,-20,15,11,-20,4,12,14,4,4,9,-20,10,7,29,2,-20,2,27,2,-20,9,7,7,12,12,17,14,12,-20,15,2,4,5,4,10,3,-20,-20,26,-20,7,5,5,15,11,-20,-20,10,-20,8,12,4,7,13,9,8,3,-20,5,3,-20,-20,4,3,-20,31,8,4,9,7,10,10,77,14,10,-20,-20,7,12,3,2,17,4,5,3,3,15,6,8,17,10,14,9,3,4,-20,16,14,4,-20,-20,9,-20,13,15,6,-20,9,10,-20,2,-20,-20,6,12,4,4,5,36,25,14,16,4,-20,-20,12,-20,5,3,2,-20,8,16,9,13,21,4,8,2,4,3,-20,3,-20,35,8,10,4,-20,-20,-20,-20,2,9,25,28,54,42,11,24,25,9,-20,39,35,12,-20,23,-20,-20,22,9,6,12,27,-20,9,-20,13,-20,8,16,5,9,-20,18,5,-20,6,10,17,9,6,5,8,11,10,5,35,9,4,12,4,7,16,6,31,-20,53,-20,14,5,16,8,-20,9,3,3,31,16,7,39,33,52,26,34,7,17,9,20,13,11,32,2,7,-20,8,19,8,12,10,34,12,22,23,14,7,46,7,13,9,11,13,20,6,30,13,19,6,5,9,8,-20,-20,-20,21,49,54,30,9,-20,20,6,42,30,-20,-20,9,17,11,23,32,11,-20,3,11,23,6,5,-20,-20,5,29,11,12,8,10,31,18,-20,4,13,4,29,13,19,20,27,-20,5,16,17,11,7,-20,11,12,9,-20,19,10,10,10,13,9,15,14,13,12,6,14,8,6,17,8,10,8,10,-20,15,5,12,-20,14,9,8,7,10,7,10,8,25,18,7,6,15,15,5,16,7,-20,12,16,11,13,-20,8,9,21,14,13,6,22,5,7,17,6,11,8,10,11,9,8,11,-20,7,15,12,11,9,6,12,6,14,12,7,15,4,11,7,-20,6,4,5,17,9,14,9,11,7,10,16,9,11,7,9,9,7,7,7,13,-20,11,-20,-20,11,5,14,-20,9,8,10,12,6,11,8,9,10,3,8,11,8,9,5,19,7,9,13,24,14,9,19,5,8,8,10,14,11,8,6,32,10,17,14,11,12,5,15,14,16,14,19,7,21,5,10,12,9,15,8,6,22,14,-20,8,20,18,-20,18,12,7,22,17,13,10,15,5,13,6,12,7,4,13,10,16,7,4,16,10,6,15,8,17,12,12,3,9,13,11,6,9,13,5,11,13,5,14,20,10,15,8,-20,3,5,-20,44,6,8,16,16,17,21,13,18,16,23,12,9,12,13,10,12,6,15,15,21,14,35,9,12,11,14,11,11,30,20,6,18,20,-20,6,15,13,14,13,25,14,8,11,-20,15,9,9,8,5,15,13,-20,11,3,12,8,-20,15,17,15,7,4,5,12,-20,14,-20,15,9,14,11,8,-20,-20,9,13,6,16,14,11,15,5,12,7,6,-20,4,-20,-20,-20,3,6,4,10,10,13,11,17,4,14,6,-20,7,12,7,14,6,11,5,13,3,7,11,10,14,52,17,11,11,4,4,7,17,15,16,5,7,6,10,13,-20,9,11,-20,11,6,9,4,13,7,7,9,6,12,6,9,11,4,14,11,16,9,7,4,18,9,-20,-20,-20,6,6,-20,3,-20,-20,4,3,7,-20,-20,3,5,-20,-20,-20,-20,3,5,3,-20,-20,-20,-20,7,4,-20,-20,11,-20,4,8,4,4,4,-20,3,4,3,5,4,6,-20,5,6,7,4,-20,-20,-20,-20,5,5,6,4,-20,3,9,4,3,-20,-20,41,31,15,-20,11,23,22,38,60,14,52,144,71,21,43,54,59,56
"chr5,16650025",5,10,5,-20,9,-20,-20,9,7,6,9,5,25,25,29,18,38,22,70,52,41,14,31,39,57,31,24,29,13,4,-20,-20,2,8,59,54,30,21,21,9,8,-20,9,8,8,38,-20,-20,4,-20,-20,32,54,25,-20,12,54,-20,21,32,21,25,29,39,26,26,22,37,45,16,31,23,13,36,25,52,22,7,10,6,11,13,16,8,-20,36,30,40,23,18,20,47,38,41,47,38,21,40,10,34,19,36,5,14,26,26,10,38,50,9,12,8,44,38,11,8,54,15,7,4,7,8,7,4,42,12,-20,43,7,14,21,-20,9,-20,25,60,53,3,6,14,5,6,5,5,30,5,-20,35,5,7,-20,8,11,12,-20,6,-20,3,21,6,5,3,12,5,-20,12,-20,-20,9,-20,18,-20,19,9,-20,7,16,19,10,-20,13,9,11,2,4,-20,10,15,3,4,14,15,-20,5,-20,8,8,4,12,6,7,17,19,15,16,13,10,-20,-20,11,16,-20,8,14,-20,18,23,5,-20,-20,4,10,9,27,8,3,-20,5,-20,24,17,21,25,24,6,3,9,16,5,7,21,17,15,9,5,27,9,12,10,-20,12,13,19,7,5,16,8,7,12,-20,9,10,8,3,10,13,-20,-20,15,22,12,11,10,-20,22,3,17,-20,12,-20,-20,11,5,-20,3,9,-20,-20,3,5,3,11,-20,6,18,-20,16,-20,5,3,23,3,10,3,6,22,27,5,32,25,34,43,38,45,3,4,-20,4,11,53,13,6,-20,-20,7,14,-20,6,3,-20,5,12,-20,-20,22,5,3,40,84,15,-20,34,14,11,4,6,8,10,17,8,-20,5,9,6,8,9,-20,7,2,14,-20,15,11,-20,4,12,15,4,4,9,-20,-20,7,28,2,2,2,27,2,-20,9,7,7,12,12,15,13,12,-20,15,2,4,5,4,12,3,-20,-20,29,-20,7,5,5,16,10,-20,-20,11,-20,8,11,-20,-20,13,8,8,3,-20,5,3,-20,-20,4,3,-20,31,8,4,-20,7,9,10,76,14,10,3,-20,7,12,3,2,17,4,5,-20,2,15,6,8,17,10,14,9,3,4,-20,16,13,4,-20,-20,10,5,13,16,6,-20,9,9,-20,2,-20,-20,4,12,4,4,5,37,24,14,16,4,-20,-20,12,7,5,3,2,-20,8,16,9,12,21,4,8,2,4,3,-20,3,-20,37,8,10,4,-20,-20,-20,15,2,-20,25,26,53,43,11,24,26,9,3,40,34,12,-20,23,-20,-20,-20,9,6,12,-20,-20,8,-20,13,-20,8,15,4,8,-20,18,5,-20,5,11,17,9,6,5,8,11,11,5,36,9,5,-20,4,6,15,6,-20,-20,49,-20,14,5,15,8,-20,9,3,3,31,-20,8,40,32,53,26,35,7,17,8,20,14,10,32,2,6,10,7,20,8,12,10,33,12,23,21,14,6,46,7,13,9,11,13,21,6,31,13,18,6,5,9,8,-20,10,-20,-20,49,54,-20,-20,31,18,6,-20,31,-20,-20,9,17,11,23,29,11,4,3,10,22,6,5,-20,-20,5,-20,10,12,8,10,31,18,-20,4,13,4,29,13,19,19,27,-20,5,15,17,11,7,-20,11,12,9,-20,19,10,10,10,12,9,15,14,13,12,6,14,8,6,17,8,10,8,10,-20,15,5,12,-20,14,9,8,7,10,7,9,8,24,18,7,6,15,14,5,15,7,-20,12,16,11,13,-20,8,9,21,14,13,6,22,5,6,17,6,11,8,10,12,9,8,11,-20,7,15,12,11,9,6,12,-20,14,12,7,15,4,11,7,-20,6,4,5,16,9,14,9,11,7,10,16,9,11,7,9,9,7,7,7,13,12,11,-20,-20,11,5,14,-20,9,8,10,12,6,11,8,9,10,3,8,11,8,9,5,19,7,9,13,24,14,9,19,5,8,8,10,14,11,8,6,32,10,17,14,12,11,5,15,14,14,14,19,7,21,5,9,12,9,15,8,6,22,14,-20,-20,20,16,-20,17,12,7,22,17,13,10,15,4,13,6,12,7,4,13,10,16,7,4,15,10,6,15,8,16,12,12,3,9,13,11,6,9,13,5,10,12,5,13,20,10,-20,8,-20,3,5,-20,44,4,8,15,16,17,20,13,18,16,23,11,9,12,13,10,12,6,15,15,21,14,33,9,10,11,14,11,11,30,20,6,18,20,-20,6,15,13,14,13,25,14,8,11,-20,15,9,9,7,5,16,13,-20,10,3,12,9,-20,15,17,15,7,4,5,12,-20,14,4,15,9,14,11,8,-20,-20,9,13,6,16,15,11,14,5,12,7,6,-20,-20,-20,3,-20,3,6,4,10,10,13,11,17,5,14,6,-20,7,12,6,14,6,10,5,13,3,7,11,10,14,50,17,11,11,4,4,7,18,15,16,5,7,6,10,13,-20,9,11,-20,10,6,9,4,13,7,7,8,6,12,6,9,11,4,14,11,16,9,5,-20,13,8,-20,-20,-20,5,7,-20,-20,3,-20,-20,-20,6,-20,-20,3,5,-20,6,-20,6,4,6,2,-20,4,-20,-20,4,4,-20,-20,10,-20,5,8,3,4,3,-20,2,-20,-20,6,-20,5,-20,3,4,8,-20,-20,-20,3,-20,-20,-20,5,-20,-20,3,6,4,-20,4,-20,42,33,15,-20,11,23,24,39,59,14,52,143,73,21,42,53,60,55
"chr5,16650029",5,10,5,-20,9,-20,8,7,8,7,8,7,25,28,28,18,38,22,71,51,41,14,30,38,56,31,23,27,10,4,-20,-20,3,8,62,55,30,22,22,8,8,-20,10,8,8,38,-20,24,4,-20,-20,32,58,27,26,15,54,23,24,32,22,26,30,39,27,26,27,37,44,17,30,24,13,35,26,52,21,8,10,9,11,-20,15,8,-20,36,30,42,25,17,19,50,37,41,48,40,22,44,9,33,21,37,4,14,27,25,9,41,50,8,12,8,43,38,12,8,54,15,7,-20,7,8,6,5,42,12,-20,41,8,17,21,-20,9,3,24,59,51,3,6,14,5,8,6,4,30,4,-20,38,5,8,-20,7,10,11,-20,6,-20,3,22,6,5,-20,12,7,-20,12,-20,-20,9,8,19,47,22,10,-20,7,13,20,9,-20,10,10,11,-20,6,-20,12,17,3,4,14,13,-20,5,-20,9,8,5,14,6,5,18,19,15,17,13,13,-20,-20,-20,13,34,9,13,-20,20,25,4,5,-20,5,8,7,27,7,3,6,5,14,25,18,-20,26,24,6,3,10,18,6,7,22,18,15,9,5,30,11,12,9,10,13,14,17,7,9,14,10,7,11,4,8,10,8,3,9,14,-20,3,16,19,12,12,11,-20,19,3,17,29,12,9,3,11,6,19,4,9,-20,-20,3,4,3,14,-20,6,19,21,16,-20,6,3,22,3,10,3,7,23,27,5,34,27,35,42,38,47,3,5,-20,4,10,51,14,-20,12,9,7,15,-20,6,3,17,5,12,-20,5,21,4,3,38,81,18,5,35,13,11,5,6,-20,10,16,8,-20,5,9,6,7,9,-20,7,3,13,-20,16,11,-20,4,12,16,3,4,8,-20,11,8,27,2,2,4,29,-20,5,9,7,6,12,14,14,14,12,-20,15,3,4,5,5,12,2,-20,5,29,-20,7,-20,5,12,10,-20,-20,11,-20,-20,12,-20,7,14,8,8,3,-20,6,4,-20,-20,5,-20,-20,32,9,3,7,7,10,10,85,16,9,4,-20,7,13,-20,2,16,4,5,-20,2,14,6,9,16,14,15,11,3,4,-20,16,12,5,-20,-20,11,6,13,18,5,-20,9,9,-20,4,6,-20,6,10,-20,5,5,36,23,13,14,3,-20,-20,13,7,5,3,-20,-20,9,16,11,14,18,4,8,3,4,2,-20,-20,-20,36,8,11,4,-20,-20,-20,17,3,9,25,26,53,41,9,25,25,9,3,40,35,10,-20,22,-20,-20,-20,10,6,11,24,-20,8,7,13,-20,6,12,4,7,-20,18,7,-20,5,10,18,11,6,5,9,12,11,6,38,9,-20,-20,4,5,14,4,-20,3,49,8,15,5,14,8,-20,9,4,3,31,-20,9,42,34,51,28,35,7,16,6,21,13,9,31,2,5,11,7,19,9,12,10,30,11,22,25,13,5,42,7,13,8,8,15,21,5,29,14,19,7,5,12,8,-20,-20,27,-20,47,55,27,-20,29,18,10,43,32,11,26,9,18,10,27,29,11,5,3,11,22,7,5,-20,6,6,-20,9,13,-20,10,30,19,-20,4,12,4,26,15,22,19,29,-20,5,15,15,11,10,-20,8,13,9,-20,17,11,-20,10,15,8,19,14,14,13,6,14,8,-20,17,9,10,7,11,3,15,5,12,-20,12,10,11,7,11,7,9,9,28,17,7,7,15,16,5,17,7,-20,12,17,12,13,-20,9,9,22,12,11,7,22,8,5,17,6,10,7,10,13,10,8,12,-20,8,16,12,11,9,6,12,6,13,13,8,14,7,12,8,-20,5,4,5,13,10,13,9,12,7,11,14,9,11,5,8,8,7,7,8,14,9,12,-20,-20,11,6,14,4,9,8,10,14,7,10,7,10,10,3,8,11,8,9,4,17,7,9,13,24,12,8,19,5,5,7,8,11,12,7,5,34,10,18,16,12,13,3,16,15,12,15,16,7,20,7,8,12,10,14,7,5,-20,15,-20,7,20,18,-20,18,11,7,20,17,12,9,17,4,11,6,13,7,4,14,10,18,7,4,14,8,7,15,9,13,11,12,3,9,14,11,5,9,9,5,11,15,4,13,17,13,14,8,-20,3,5,-20,39,3,7,15,17,15,21,13,18,18,26,9,11,13,14,9,10,8,14,14,20,16,36,9,9,10,14,10,11,28,17,6,17,20,-20,8,14,12,15,13,27,12,9,10,-20,14,11,10,7,5,17,13,5,10,4,13,9,-20,13,18,15,7,-20,6,13,6,14,6,15,8,15,11,8,10,6,9,11,6,16,15,10,15,7,11,7,6,-20,4,-20,3,-20,3,6,3,10,10,15,14,17,-20,17,7,-20,7,13,5,15,8,13,6,14,3,8,10,8,14,52,16,10,10,5,5,10,24,17,16,5,7,7,10,12,-20,9,10,-20,10,6,10,-20,13,7,7,8,6,12,6,10,10,7,14,11,15,10,8,4,14,7,-20,-20,-20,6,6,-20,4,7,-20,-20,-20,7,-20,10,-20,5,-20,6,-20,5,3,-20,-20,-20,-20,3,-20,8,-20,-20,-20,11,-20,6,11,4,4,4,-20,-20,4,-20,7,6,4,-20,4,7,8,-20,-20,-20,4,-20,3,4,5,5,-20,2,9,4,-20,9,-20,42,32,15,-20,12,23,25,41,59,17,52,144,73,23,41,49,60,52
"chr5,16650034",5,10,6,-20,9,6,8,6,8,8,8,6,22,28,27,17,37,21,75,49,41,14,31,38,54,33,22,30,11,4,-20,-20,2,8,60,58,30,23,23,8,8,-20,8,7,8,37,-20,-20,5,-20,-20,29,59,29,-20,15,56,-20,22,34,23,28,29,35,28,25,26,33,46,17,32,20,14,35,27,51,20,8,12,8,10,13,11,8,-20,37,30,40,28,18,19,49,40,38,48,38,21,48,9,34,24,39,4,13,26,28,9,40,52,7,12,7,43,42,11,8,56,16,7,-20,8,9,7,7,42,12,-20,38,7,17,23,-20,8,4,24,56,53,3,6,14,5,8,7,3,27,3,-20,41,4,8,-20,7,10,10,39,6,3,3,23,7,5,-20,12,8,-20,11,-20,-20,9,9,20,-20,22,10,-20,9,14,20,9,-20,11,10,10,-20,7,-20,11,16,3,4,15,12,-20,4,-20,8,8,5,14,6,4,18,17,18,15,11,12,-20,-20,-20,16,32,11,15,-20,21,25,4,5,11,8,8,10,28,8,3,8,4,-20,26,19,25,28,28,6,4,12,19,6,6,20,15,19,8,5,29,10,12,11,-20,13,13,15,-20,8,16,9,9,10,4,9,9,10,5,8,14,-20,4,17,21,13,14,11,-20,18,3,19,25,12,9,-20,13,6,-20,4,6,-20,-20,3,5,3,-20,-20,4,19,21,16,-20,6,3,21,3,9,3,9,26,27,5,36,26,36,44,36,49,4,4,-20,5,13,57,12,10,11,10,8,14,-20,6,3,17,-20,11,-20,5,21,3,3,40,76,15,4,36,12,12,5,6,-20,10,18,7,-20,-20,10,6,6,11,-20,8,4,15,-20,17,12,-20,3,10,16,3,4,9,-20,10,8,27,3,-20,4,30,-20,6,8,9,5,11,16,13,12,15,-20,14,3,4,5,-20,-20,3,3,6,34,-20,7,-20,4,9,10,-20,-20,11,2,6,12,3,8,14,7,9,4,-20,6,5,-20,-20,8,3,-20,31,9,4,-20,-20,11,10,96,15,10,5,-20,8,12,2,2,14,5,5,3,-20,15,6,10,17,15,17,11,2,4,-20,15,13,5,-20,-20,13,6,13,18,5,2,8,7,2,-20,6,-20,5,10,-20,-20,7,38,23,14,14,4,-20,3,13,6,5,3,4,-20,8,18,12,13,18,6,-20,3,4,-20,-20,-20,-20,39,8,11,4,4,-20,7,15,3,8,27,25,48,42,7,26,25,10,4,39,34,10,-20,21,-20,-20,-20,10,7,11,23,3,9,8,15,-20,6,14,4,7,-20,18,7,-20,5,11,19,11,7,5,9,11,11,7,38,9,-20,16,5,5,15,4,-20,2,45,8,15,5,14,8,-20,10,3,3,31,-20,-20,42,34,50,28,33,9,20,6,21,12,8,32,2,4,10,7,16,10,12,7,30,13,23,23,16,4,38,7,12,9,9,15,20,5,29,15,18,7,6,11,9,6,8,-20,-20,49,54,-20,-20,-20,18,12,39,35,12,-20,9,17,7,29,29,9,6,4,11,24,7,5,-20,6,8,32,9,14,13,11,28,18,8,4,13,4,29,15,21,22,26,-20,5,21,14,11,10,5,10,12,9,-20,18,11,8,9,14,8,20,14,14,10,6,17,-20,6,16,10,9,7,14,3,14,6,13,3,13,11,12,8,11,6,11,9,27,17,7,7,15,15,5,20,7,-20,11,21,12,12,-20,12,10,23,13,11,7,22,7,6,17,6,10,8,11,13,10,8,10,3,10,16,12,11,9,5,12,5,13,12,8,14,-20,12,-20,-20,4,5,5,11,10,-20,9,14,7,11,15,7,13,5,9,8,7,8,8,13,9,14,-20,3,11,6,15,4,-20,7,10,15,-20,10,8,10,-20,3,9,11,6,9,-20,16,7,9,13,24,12,-20,18,3,4,7,10,11,10,7,5,33,11,19,16,11,12,4,17,16,11,16,14,8,22,7,8,11,10,14,5,8,22,15,2,7,22,18,3,19,8,8,18,18,15,9,16,4,11,7,13,8,4,14,8,22,6,4,13,9,7,16,8,12,12,12,3,11,14,11,6,8,10,5,11,15,6,12,17,15,14,9,-20,3,7,-20,44,4,6,13,14,15,21,13,17,17,25,10,11,14,13,11,10,8,13,12,20,15,37,9,9,-20,14,11,13,27,17,7,17,22,4,7,13,11,13,13,25,11,9,9,-20,13,11,8,9,5,17,14,5,11,5,14,9,-20,13,16,14,7,5,7,11,7,11,7,17,-20,15,11,8,9,5,11,9,7,15,13,10,14,7,13,-20,-20,-20,4,-20,3,-20,3,6,3,8,9,17,15,17,-20,17,8,-20,8,11,6,17,8,15,6,15,3,9,9,7,17,50,15,12,11,5,5,10,26,18,16,6,7,6,10,12,4,7,10,-20,10,7,10,4,13,7,6,6,6,11,6,12,9,7,14,11,13,13,9,4,11,7,-20,-20,-20,6,7,-20,4,6,-20,8,3,6,-20,8,-20,4,3,6,-20,6,3,5,-20,-20,-20,-20,-20,8,6,-20,-20,10,-20,8,13,3,3,4,3,3,4,-20,8,10,4,-20,3,6,8,6,-20,-20,5,-20,2,3,8,4,-20,-20,9,6,4,8,-20,41,32,14,-20,13,23,28,39,58,20,38,143,73,25,41,49,63,50
"chr5,16650035",5,10,6,-20,9,6,8,6,8,8,8,-20,22,27,28,16,37,20,74,49,40,14,31,36,54,31,22,31,11,4,-20,-20,2,8,61,58,30,23,23,8,8,35,8,8,8,37,-20,-20,5,-20,-20,29,57,29,24,15,57,22,22,35,25,28,29,34,27,25,25,33,46,17,31,20,14,33,26,51,21,8,11,8,10,15,13,8,-20,37,32,39,29,19,19,48,41,37,47,37,21,49,9,34,24,40,4,13,26,27,9,41,52,7,12,7,43,41,11,8,56,16,7,-20,8,9,7,7,42,12,-20,38,7,16,23,-20,8,4,25,55,56,3,6,14,5,8,7,3,27,3,-20,41,4,-20,-20,6,10,10,36,6,3,4,24,7,5,-20,12,8,-20,11,-20,-20,9,9,20,48,22,11,-20,9,8,20,8,29,12,10,10,-20,7,-20,12,15,3,4,15,13,-20,4,3,8,8,5,14,6,4,18,17,18,15,10,12,17,-20,10,17,36,12,14,-20,21,24,4,4,-20,8,9,10,31,8,4,10,3,15,27,21,26,29,27,6,4,13,20,6,6,20,16,20,9,5,26,10,12,11,12,13,13,17,8,8,17,8,9,11,4,9,7,10,5,8,14,-20,4,17,21,14,15,11,18,18,3,18,25,12,11,-20,13,6,19,4,5,-20,-20,3,4,3,14,-20,4,19,21,16,3,6,3,-20,3,9,3,9,25,27,5,36,26,35,44,37,49,4,4,-20,5,13,57,12,10,12,10,9,13,-20,6,4,17,6,11,-20,5,20,3,3,40,77,15,4,37,12,12,5,6,7,11,18,7,-20,-20,10,7,6,11,-20,7,4,15,-20,17,12,-20,3,10,16,3,-20,9,-20,10,8,26,3,-20,5,31,4,7,8,9,5,11,16,14,11,15,-20,14,3,3,5,-20,10,3,3,6,36,-20,7,7,3,9,9,-20,-20,11,2,6,12,3,8,14,7,9,4,-20,6,5,-20,-20,8,4,6,32,9,4,-20,-20,12,11,94,14,10,5,-20,10,12,2,2,14,5,5,3,-20,14,6,11,17,16,17,11,2,4,-20,15,13,5,-20,-20,13,6,13,19,5,2,8,7,2,-20,6,-20,5,10,-20,5,8,37,23,15,14,4,-20,3,13,6,5,3,4,-20,9,18,12,14,18,5,6,3,4,-20,-20,-20,-20,41,7,11,4,2,-20,7,15,3,8,27,24,47,43,7,26,26,10,4,41,34,10,-20,20,-20,-20,-20,10,7,11,24,3,8,8,15,-20,6,13,4,8,-20,18,7,-20,5,11,18,11,7,4,-20,11,12,7,37,9,-20,16,8,4,15,4,-20,2,45,8,15,5,15,8,-20,9,3,3,30,-20,10,42,35,50,29,33,11,20,6,22,12,8,30,2,4,10,7,16,10,12,7,29,13,23,22,16,4,38,7,12,9,9,15,20,5,28,15,18,7,6,11,9,7,8,28,-20,49,55,28,10,29,17,12,40,34,14,28,10,18,7,29,29,9,6,4,11,25,7,3,-20,6,8,30,9,14,13,11,27,18,8,4,13,4,29,15,21,22,26,-20,5,21,14,11,10,5,10,12,-20,-20,18,11,8,9,14,8,20,14,14,10,6,17,8,6,18,10,9,7,14,3,14,6,13,3,13,11,12,8,11,6,11,9,27,14,7,7,16,15,5,20,7,-20,12,21,12,12,-20,12,10,24,13,12,7,22,7,6,17,6,10,8,12,13,10,8,11,3,10,16,11,11,9,4,12,5,13,12,8,14,6,12,-20,7,4,5,5,11,9,10,9,15,7,10,15,7,13,5,8,8,7,8,8,13,9,14,-20,3,10,6,15,4,10,7,10,15,7,10,8,11,8,3,9,10,6,9,-20,16,7,9,13,23,12,9,18,3,4,7,10,11,11,6,5,33,11,19,16,11,12,4,17,16,11,15,14,6,22,7,8,11,10,14,5,8,22,15,2,7,22,18,3,19,8,8,18,18,15,9,16,4,12,7,13,8,4,14,8,22,6,4,13,9,7,16,8,13,12,11,3,11,14,11,6,8,10,5,11,15,6,12,17,15,14,9,-20,3,7,-20,47,4,6,13,14,15,21,13,17,17,25,10,10,13,14,11,10,8,13,12,19,15,37,9,9,10,14,11,12,27,17,7,17,22,4,7,13,11,12,13,24,11,9,9,-20,12,10,8,9,5,17,14,5,11,5,14,9,-20,13,16,14,6,5,7,11,7,11,7,17,5,15,11,8,9,5,11,9,7,15,14,10,14,7,13,8,7,-20,4,-20,3,-20,3,6,3,8,9,17,15,17,-20,17,8,-20,8,9,6,17,8,16,6,15,3,9,9,7,17,51,15,12,-20,5,5,10,26,18,16,6,7,6,10,12,4,7,10,-20,10,7,10,3,13,7,6,6,6,10,6,11,9,7,14,11,14,13,-20,4,-20,7,-20,-20,-20,5,6,-20,3,5,-20,8,3,7,-20,6,-20,5,3,5,-20,6,3,5,3,-20,-20,-20,-20,8,6,-20,-20,9,-20,9,11,3,3,3,3,-20,4,-20,6,8,4,-20,4,4,7,8,-20,-20,3,3,2,-20,6,3,-20,-20,10,6,-20,8,-20,41,33,15,-20,13,22,27,39,58,20,38,144,69,24,40,49,63,52
"chr5,16650039",6,10,6,-20,9,7,9,8,8,8,8,6,23,26,33,16,37,20,76,49,39,13,32,35,59,34,24,28,11,5,8,-20,3,10,60,64,29,19,23,7,8,33,9,10,9,39,-20,30,5,-20,-20,28,57,24,26,15,57,23,19,32,26,27,28,32,25,25,24,30,46,17,32,23,15,35,27,53,20,6,10,8,10,17,11,8,-20,40,33,36,31,22,19,50,43,36,45,37,21,49,9,38,24,42,4,13,27,28,9,41,55,7,13,7,42,45,11,9,59,16,9,-20,8,10,7,7,42,10,-20,42,8,15,25,-20,8,-20,27,55,56,4,6,13,5,8,7,3,29,3,-20,40,3,9,-20,6,10,10,37,6,3,10,24,7,5,-20,11,8,-20,10,-20,-20,8,-20,22,-20,23,10,-20,9,8,28,8,-20,15,9,10,-20,9,-20,14,15,3,4,15,13,-20,5,3,9,9,5,14,6,4,17,26,17,18,9,12,-20,-20,-20,20,-20,13,12,4,21,28,4,4,13,7,9,12,30,11,4,10,3,17,27,23,26,30,28,6,4,13,20,5,7,20,19,21,10,5,25,10,12,11,16,15,13,18,9,8,16,8,9,10,5,9,7,11,8,9,14,9,4,17,18,13,13,11,19,19,4,19,28,13,11,-20,14,6,24,5,6,-20,-20,3,4,3,16,3,4,20,21,17,-20,6,3,-20,3,9,3,9,26,30,6,36,26,34,45,37,50,4,5,-20,5,14,62,11,10,13,11,9,14,-20,6,3,-20,6,10,-20,6,23,3,4,43,76,15,4,37,11,14,5,5,6,11,17,7,-20,4,9,7,6,12,-20,6,4,15,-20,17,13,-20,3,10,17,3,4,11,-20,10,8,29,6,-20,5,33,4,8,9,10,6,11,17,14,13,14,4,14,3,3,6,-20,9,4,3,6,35,-20,6,-20,3,10,9,-20,-20,10,2,6,12,4,11,14,8,9,4,-20,6,6,-20,-20,10,4,7,32,10,5,-20,-20,11,12,106,16,14,7,3,10,13,2,-20,13,6,6,5,-20,13,7,11,19,18,18,11,-20,4,-20,14,12,6,-20,-20,14,7,12,19,6,2,7,7,3,-20,5,-20,5,10,3,7,9,38,23,15,16,5,-20,3,14,8,6,5,3,-20,11,18,13,13,18,5,6,3,5,-20,-20,-20,-20,41,7,12,4,2,-20,10,16,4,8,26,27,50,43,7,26,29,10,3,38,36,10,-20,20,3,-20,24,10,7,10,23,3,8,8,16,-20,6,14,6,8,-20,-20,8,-20,8,12,17,11,9,4,11,13,12,8,37,9,5,18,9,-20,13,4,29,-20,50,8,14,4,14,9,-20,-20,3,5,29,19,11,46,36,52,34,32,10,20,7,23,11,6,30,2,4,10,7,16,-20,12,8,28,12,23,23,15,4,39,7,12,9,8,16,21,5,29,15,18,5,6,11,8,8,7,-20,20,51,54,-20,10,31,18,13,41,37,12,33,11,19,8,32,27,11,7,3,11,29,8,5,-20,7,10,-20,8,15,16,9,29,20,10,4,14,3,36,17,24,23,29,-20,4,20,14,10,9,6,10,12,10,-20,19,11,9,9,14,8,20,13,13,10,6,17,8,7,18,10,9,8,13,4,15,7,13,3,15,11,12,9,12,5,12,9,25,14,8,8,16,15,5,20,7,-20,12,21,12,12,-20,12,10,24,12,12,7,22,7,5,18,6,9,9,10,13,10,8,11,3,11,19,9,10,10,4,10,-20,13,12,8,14,-20,13,-20,5,4,5,5,11,10,10,7,18,7,10,14,9,14,4,8,8,7,7,8,13,7,13,-20,2,10,6,14,5,10,7,9,15,7,10,9,10,8,-20,9,9,5,9,-20,16,6,9,13,22,11,8,18,3,4,6,10,11,11,6,6,33,11,20,15,9,11,4,16,17,11,16,11,7,22,7,8,11,8,13,5,8,20,17,-20,8,23,20,3,17,9,8,18,18,15,10,16,4,12,7,-20,8,3,12,10,21,6,5,12,8,6,15,8,14,11,10,3,11,16,10,7,7,11,4,11,15,6,11,17,14,14,11,-20,3,8,-20,48,4,6,14,15,16,22,13,16,13,26,10,9,12,15,12,10,8,12,14,19,15,33,10,9,10,14,11,13,24,15,8,18,23,5,7,13,10,10,13,24,12,9,9,-20,11,10,7,9,5,17,14,6,9,5,13,9,-20,13,15,12,6,5,7,12,6,11,-20,17,5,15,11,7,9,6,11,9,7,16,14,9,13,7,14,7,7,-20,4,-20,3,-20,3,6,-20,8,9,17,15,18,-20,17,8,-20,8,8,6,17,8,17,6,16,3,9,8,7,16,54,15,12,11,5,6,10,26,18,16,6,7,6,10,12,4,7,9,-20,11,7,10,3,13,7,6,6,6,8,7,11,9,8,14,9,14,13,6,4,12,7,-20,-20,-20,5,7,-20,4,6,-20,6,3,6,-20,7,-20,5,3,4,-20,6,-20,5,-20,-20,4,-20,-20,6,5,-20,-20,10,-20,8,12,-20,3,-20,3,-20,3,-20,8,10,4,-20,5,4,8,7,-20,-20,4,2,3,-20,7,4,-20,-20,8,6,-20,8,-20,42,32,15,14,14,23,27,39,60,26,38,155,72,25,43,55,58,51
"chr5,16650040",6,10,6,-20,9,7,9,8,8,8,8,7,25,26,33,16,39,20,78,52,38,13,32,35,58,34,23,29,13,5,-20,-20,4,10,63,62,29,21,24,7,8,34,9,10,9,40,-20,32,6,-20,-20,28,57,24,27,15,56,25,19,32,26,28,28,33,25,25,23,31,45,17,32,24,15,34,27,53,20,6,10,10,10,17,12,8,-20,41,33,39,31,22,20,50,44,37,44,38,21,51,9,38,24,43,5,13,26,29,9,40,55,7,13,7,42,45,11,9,58,17,9,-20,8,10,7,6,42,10,-20,41,9,15,25,-20,8,-20,28,56,57,4,6,12,5,8,7,4,30,3,-20,40,3,8,-20,5,10,10,39,6,3,10,24,6,5,-20,11,8,-20,10,-20,-20,8,9,22,49,23,10,-20,9,8,28,8,28,15,9,10,-20,9,-20,14,15,4,3,15,13,-20,5,3,9,8,5,14,6,4,17,26,16,18,9,12,18,-20,-20,19,35,13,12,4,20,28,4,4,12,7,9,12,32,10,4,10,3,15,27,25,-20,30,28,6,4,13,20,5,7,21,19,23,10,5,25,10,12,11,14,15,13,17,9,8,16,8,-20,10,5,9,7,11,8,8,15,9,4,19,18,14,14,11,21,19,8,19,28,14,12,-20,14,5,24,4,6,-20,-20,3,4,3,17,3,4,20,21,17,-20,6,3,20,3,9,3,9,26,28,7,36,26,33,44,36,53,4,5,-20,5,14,62,11,10,14,10,10,15,-20,6,3,16,6,9,-20,6,23,3,4,45,76,15,4,37,9,14,6,5,6,10,17,7,-20,4,9,7,6,12,-20,7,4,15,-20,18,13,-20,3,10,17,3,4,11,-20,10,8,30,6,-20,-20,33,4,8,9,10,6,11,17,14,13,15,4,14,3,3,6,-20,9,4,3,6,35,-20,6,7,3,10,9,-20,-20,12,2,6,11,4,11,14,8,9,4,-20,6,6,-20,4,11,4,8,32,10,5,-20,-20,11,11,108,15,14,7,4,10,12,2,-20,12,6,6,5,-20,13,-20,12,18,18,18,12,-20,4,-20,14,11,7,-20,-20,13,7,12,20,6,3,6,7,3,3,5,-20,5,10,3,7,9,38,23,15,16,5,-20,3,13,7,6,5,3,-20,11,17,13,13,18,6,6,5,5,-20,-20,-20,-20,43,7,12,5,2,-20,-20,15,4,8,27,26,50,43,7,27,28,10,3,38,36,10,-20,20,3,-20,24,10,7,11,23,3,8,8,16,-20,6,14,6,8,-20,19,8,-20,7,12,18,11,9,4,11,13,12,7,37,9,5,18,9,-20,13,5,28,-20,51,10,15,4,14,8,-20,9,3,5,29,18,11,46,36,52,33,31,11,21,7,24,11,6,30,2,4,10,8,16,10,12,8,28,12,25,25,15,4,40,7,12,9,9,16,21,6,29,15,18,5,6,11,8,9,7,32,21,50,54,29,-20,30,18,13,43,37,12,32,11,20,9,32,-20,13,7,3,11,30,8,5,-20,4,11,31,8,15,16,8,27,20,10,4,14,3,36,17,24,24,27,-20,4,20,14,10,9,7,11,12,10,-20,19,11,9,10,14,8,20,14,12,8,6,17,8,7,18,10,9,8,13,4,15,7,13,-20,15,11,12,9,12,5,11,9,25,14,8,8,16,16,5,20,7,-20,12,20,12,12,-20,12,10,25,12,12,7,22,7,5,18,6,9,9,10,13,11,8,11,3,11,21,9,10,10,4,10,5,13,12,8,14,-20,13,-20,5,5,5,6,11,10,10,7,20,7,10,14,9,14,4,7,8,8,7,8,13,7,13,-20,2,10,6,14,5,11,7,9,15,7,9,11,11,8,-20,9,10,5,9,-20,16,7,9,13,22,11,9,18,3,4,6,10,11,11,6,6,33,11,20,15,11,11,4,16,17,10,17,12,8,22,8,8,11,8,14,5,8,21,17,-20,8,22,20,3,18,9,9,18,18,15,11,16,4,12,7,14,8,3,12,10,21,6,5,12,8,6,15,9,14,11,11,3,12,16,10,7,7,11,4,11,16,6,10,16,14,13,12,-20,4,8,-20,50,4,6,14,15,15,22,14,17,13,25,11,9,12,14,13,10,8,12,15,19,16,33,10,9,10,15,12,13,26,15,-20,18,25,5,7,13,10,10,13,25,12,10,9,-20,11,11,7,9,5,17,15,6,9,5,12,9,-20,13,14,12,6,5,7,12,6,11,-20,18,5,15,11,7,10,6,12,9,7,15,15,9,13,7,14,7,7,-20,5,-20,4,-20,3,6,-20,8,10,17,15,18,-20,17,8,-20,8,7,6,17,8,18,7,17,3,9,8,7,15,55,16,13,11,5,7,10,27,18,16,6,7,6,10,12,4,7,9,-20,11,7,10,3,13,9,6,6,6,8,7,11,9,8,14,9,14,13,6,5,14,9,-20,-20,-20,3,7,-20,3,5,-20,8,-20,6,-20,7,-20,5,-20,4,-20,5,3,4,-20,-20,4,-20,-20,5,5,-20,-20,10,-20,8,11,4,4,-20,3,3,4,-20,8,11,3,-20,5,4,8,7,3,-20,5,-20,2,-20,-20,4,-20,-20,7,6,-20,9,-20,42,31,14,14,14,22,27,38,59,25,45,137,73,26,44,57,59,54
"chr5,16650049",8,12,6,-20,8,7,8,9,6,6,7,6,23,29,37,21,39,21,84,56,39,12,32,32,65,37,26,34,12,6,10,4,6,10,67,59,28,23,23,8,8,-20,11,12,9,40,-20,29,5,-20,7,28,60,22,30,17,46,24,23,33,27,31,31,36,24,26,24,33,48,18,34,24,14,34,34,53,22,9,11,11,11,18,14,8,-20,42,35,41,35,20,27,49,43,40,43,37,21,50,8,42,27,44,5,11,28,30,8,37,55,5,13,7,45,47,9,8,61,19,7,3,8,10,7,6,44,11,4,42,11,16,25,-20,8,-20,26,58,63,4,5,14,5,8,8,5,30,4,-20,42,3,9,-20,4,17,11,-20,6,3,12,25,7,5,-20,12,8,-20,11,-20,-20,7,10,26,42,25,9,7,10,7,28,7,-20,16,10,11,-20,9,-20,13,16,5,4,15,13,-20,5,5,10,8,5,13,6,6,20,27,16,19,9,11,-20,-20,13,20,-20,13,15,4,19,26,5,5,10,7,8,14,33,9,13,13,-20,-20,29,23,25,38,32,8,6,15,22,7,6,22,20,23,10,5,23,11,14,12,17,14,14,22,10,8,17,6,11,10,5,9,10,13,9,10,13,-20,5,20,18,14,13,14,-20,20,8,22,26,13,16,4,14,4,-20,9,6,4,-20,4,6,3,19,4,3,22,24,16,-20,5,3,-20,6,9,3,11,31,29,7,39,26,34,49,37,55,4,5,-20,4,15,68,11,-20,-20,10,11,18,-20,6,3,21,9,9,-20,7,24,4,5,44,87,13,4,32,12,12,6,3,7,13,20,7,5,4,12,8,5,13,5,10,4,16,-20,20,14,5,4,10,19,3,5,11,6,12,9,33,7,6,6,42,4,9,10,12,7,10,12,14,13,15,5,12,3,5,6,3,9,4,-20,8,35,-20,6,8,4,10,11,3,-20,10,2,6,-20,7,14,13,6,7,4,-20,5,8,-20,4,12,-20,8,33,10,5,13,10,12,11,117,16,16,8,4,10,12,2,2,-20,6,6,6,3,9,8,13,20,26,19,14,-20,7,-20,14,9,7,-20,-20,15,8,8,23,7,4,8,6,3,3,6,2,5,10,3,9,-20,39,23,14,17,8,-20,3,12,9,8,4,6,-20,9,19,12,13,19,6,6,5,7,2,-20,-20,-20,42,10,13,5,2,3,10,15,4,8,32,27,46,49,7,25,26,9,4,39,38,12,-20,22,-20,-20,25,8,7,10,28,5,7,11,18,-20,5,15,6,10,-20,22,7,-20,8,10,19,10,9,3,10,11,14,7,42,10,5,21,10,5,15,5,29,-20,51,10,16,4,13,9,-20,9,3,6,34,-20,11,49,33,52,33,34,11,23,7,22,11,7,34,-20,4,10,8,17,8,12,7,28,13,23,29,15,5,41,7,11,12,8,18,18,6,31,16,18,5,8,13,7,-20,6,-20,22,52,51,27,11,28,17,14,-20,37,12,-20,14,23,8,37,31,14,7,-20,11,35,7,4,-20,6,14,-20,9,12,16,9,25,20,14,5,12,3,42,16,23,27,27,-20,5,19,15,11,9,-20,11,12,12,-20,16,11,8,10,13,7,20,14,12,11,8,22,7,5,18,10,12,7,15,4,14,9,15,-20,17,13,14,10,12,5,12,10,23,12,8,8,18,16,8,20,8,-20,14,21,11,11,-20,12,11,24,10,14,7,23,7,5,20,7,9,9,11,16,12,8,13,4,11,21,9,10,-20,7,11,5,14,15,7,15,6,11,10,6,6,5,9,12,11,12,9,19,6,12,13,10,13,4,7,9,9,8,7,12,8,16,-20,5,10,6,15,3,10,8,9,14,7,9,11,10,8,3,8,10,5,7,6,16,9,8,13,21,12,9,18,5,5,7,-20,13,11,5,6,34,11,20,20,11,11,4,16,19,11,15,13,10,23,9,7,11,9,14,7,9,21,15,-20,9,23,20,3,18,9,7,18,19,16,11,20,4,11,6,14,8,3,11,11,22,6,5,14,9,6,14,10,15,9,11,-20,12,15,10,5,7,11,-20,10,15,6,8,18,14,11,12,-20,6,11,2,47,3,7,15,15,19,22,15,17,14,26,10,10,13,14,13,11,7,12,15,20,15,34,8,9,10,15,12,14,27,14,8,17,25,5,7,14,8,12,16,24,11,11,9,-20,11,11,7,10,4,17,14,6,9,5,10,10,-20,14,16,13,6,6,7,11,6,9,-20,18,6,15,11,7,10,6,12,9,7,14,15,10,13,8,14,-20,7,-20,5,3,4,3,3,6,-20,6,10,15,18,17,8,16,8,-20,8,7,7,18,8,17,6,17,3,7,8,10,15,56,15,13,11,4,7,11,28,17,15,7,8,6,11,12,4,6,8,-20,10,10,10,3,13,10,7,5,5,9,7,13,8,8,12,8,13,14,6,-20,-20,8,-20,-20,-20,2,6,-20,3,7,-20,11,-20,5,-20,6,-20,4,3,5,-20,9,3,-20,-20,-20,3,-20,-20,4,8,-20,-20,9,-20,9,11,-20,4,-20,-20,2,3,-20,7,12,-20,-20,6,4,8,7,6,-20,4,-20,4,-20,5,4,-20,-20,9,7,3,11,-20,40,27,11,13,15,22,29,38,55,28,56,133,66,26,48,60,56,53
"chr5,16650050",8,12,6,-20,8,7,8,9,6,6,7,6,23,31,37,21,38,21,84,55,39,12,33,32,66,37,24,35,12,6,-20,4,6,10,69,57,28,23,21,8,8,-20,11,12,11,39,-20,-20,5,-20,7,27,60,22,28,17,48,24,23,32,27,31,32,36,25,28,25,35,48,18,34,24,15,34,32,53,22,9,11,-20,11,18,14,8,-20,41,38,42,36,20,26,50,43,40,43,36,21,51,8,42,28,44,5,11,27,31,8,36,57,6,13,7,45,47,9,8,58,19,8,3,8,10,7,6,44,11,4,41,10,16,25,-20,8,-20,23,60,63,4,5,13,5,8,8,5,31,4,-20,40,4,9,-20,4,17,11,41,6,3,12,24,7,5,-20,12,9,-20,10,-20,-20,7,10,26,46,25,10,7,12,7,28,7,26,16,10,11,-20,9,-20,14,16,5,4,15,12,-20,6,5,10,9,6,13,6,9,20,27,17,19,10,10,17,3,13,19,33,13,15,4,19,27,5,5,10,8,8,14,32,9,13,13,3,16,28,24,27,38,30,8,6,15,23,7,6,22,20,25,10,5,23,11,14,12,-20,14,14,22,9,8,17,6,11,10,5,8,10,13,9,10,14,11,4,20,17,13,14,14,22,20,8,24,27,13,16,4,15,4,-20,9,6,5,-20,4,6,3,-20,4,3,21,27,16,-20,5,3,20,7,9,3,11,30,29,7,39,26,34,51,37,57,-20,-20,-20,4,15,72,13,-20,-20,10,11,18,-20,6,3,20,9,9,-20,7,25,4,5,45,85,12,3,33,12,13,6,3,-20,13,20,7,5,4,12,8,5,13,5,10,4,16,-20,17,14,5,4,10,19,3,5,12,6,12,9,30,-20,-20,6,42,4,10,10,12,7,10,13,13,13,15,5,12,3,5,6,3,8,4,-20,-20,36,3,6,8,-20,10,11,3,-20,10,2,6,10,7,14,13,6,7,4,-20,5,-20,-20,4,11,4,8,33,9,-20,13,11,12,11,120,14,16,8,4,10,13,2,2,11,6,6,6,-20,10,-20,14,20,26,19,15,-20,-20,-20,14,9,8,-20,-20,15,8,9,23,7,4,8,8,3,3,6,2,5,10,3,-20,10,39,23,14,17,8,-20,3,12,9,8,4,7,-20,9,19,12,12,18,6,6,5,7,-20,-20,-20,-20,42,10,14,-20,3,3,10,16,4,8,32,27,46,48,7,25,26,9,4,39,38,12,-20,22,-20,-20,25,8,7,11,-20,5,7,11,18,-20,6,15,6,11,-20,21,7,-20,8,11,19,-20,9,3,11,11,13,7,42,10,5,21,10,5,15,-20,-20,-20,52,9,16,4,13,9,-20,9,3,6,33,19,12,49,33,52,32,33,12,22,7,21,11,7,34,-20,4,-20,8,16,8,12,7,28,13,23,29,16,5,42,7,11,12,8,18,18,8,31,16,19,5,8,14,7,9,6,35,-20,51,51,30,11,31,17,14,47,37,11,32,14,22,8,38,29,14,7,-20,11,37,7,4,-20,6,14,33,9,12,16,9,25,21,14,5,12,3,42,16,24,28,27,-20,5,19,16,12,9,5,11,12,12,-20,16,11,-20,10,13,7,20,14,12,11,8,23,7,5,18,11,12,7,15,5,14,9,15,-20,17,13,14,10,11,5,12,10,23,13,9,8,18,16,8,20,8,-20,13,21,11,11,-20,12,11,23,10,14,7,22,7,5,20,7,9,9,11,16,11,8,13,4,11,22,9,10,10,7,11,5,14,15,7,15,6,10,9,6,6,5,9,12,11,12,8,19,6,13,13,10,13,4,7,9,9,8,7,12,8,16,-20,5,10,-20,16,3,10,8,9,14,7,9,11,10,7,3,9,10,5,7,6,16,9,8,13,21,12,9,18,5,5,7,9,13,11,5,6,32,12,20,20,11,11,4,15,19,11,16,13,10,23,9,7,11,9,14,7,9,22,15,-20,-20,23,20,3,18,9,8,18,19,16,11,20,4,11,6,14,8,3,11,11,22,6,6,14,9,7,13,10,16,9,11,-20,12,15,10,5,7,11,5,10,15,6,8,19,14,11,12,-20,-20,11,2,47,3,7,15,15,19,22,15,17,14,26,11,10,13,14,13,11,7,12,15,20,15,35,8,8,10,15,12,14,27,14,8,18,25,5,7,14,8,12,17,24,11,11,9,-20,12,11,7,10,4,16,14,6,9,5,10,10,-20,14,16,13,6,6,7,11,6,9,7,18,6,15,11,7,10,6,12,9,7,14,15,10,13,8,14,4,7,-20,5,3,4,3,-20,6,-20,6,10,15,18,17,8,15,8,-20,8,7,7,18,8,17,6,17,-20,7,8,10,15,56,16,13,12,5,7,13,29,17,15,7,-20,6,11,12,4,6,8,-20,10,10,10,3,13,10,7,5,5,9,7,13,9,8,12,10,13,14,5,3,-20,8,-20,-20,-20,2,5,-20,3,5,-20,11,-20,5,-20,5,-20,4,6,5,-20,-20,3,-20,-20,-20,3,-20,-20,3,8,-20,-20,10,-20,7,11,3,4,-20,2,2,3,-20,-20,10,-20,-20,7,4,6,-20,6,-20,5,-20,4,-20,6,4,-20,-20,9,7,4,10,-20,40,27,12,13,16,22,29,38,55,28,56,134,75,26,48,62,56,51
"chr5,16650053",8,12,6,-20,8,7,8,9,6,6,7,6,25,31,36,21,39,20,83,57,39,12,34,32,65,40,24,37,14,5,-20,4,6,10,68,59,28,23,21,8,7,-20,14,12,10,39,-20,-20,5,-20,7,25,61,21,-20,19,49,25,26,33,30,35,32,38,21,27,25,36,49,18,36,26,15,33,34,51,21,9,11,12,11,19,15,8,-20,42,36,43,37,21,26,47,44,39,41,37,21,50,8,42,27,42,5,9,27,31,12,36,58,6,13,7,46,49,9,8,57,19,8,3,7,10,7,6,45,11,4,41,11,16,24,-20,8,6,26,60,64,4,5,14,5,9,8,5,32,4,-20,40,4,10,-20,4,16,12,-20,6,3,12,28,8,5,-20,12,8,2,10,-20,-20,7,10,25,-20,27,10,6,12,7,28,6,31,16,10,11,-20,8,-20,14,15,4,4,15,13,-20,6,5,12,9,6,15,-20,9,21,27,19,18,11,10,17,3,-20,19,-20,13,15,4,21,24,6,5,-20,8,8,17,32,9,12,13,3,-20,30,24,-20,39,32,-20,6,15,24,7,6,22,19,25,10,5,24,11,12,14,-20,13,18,21,-20,8,17,8,11,11,5,8,10,13,9,11,13,-20,22,22,17,14,14,15,-20,19,9,25,26,11,22,5,15,5,26,10,8,7,-20,4,7,3,19,4,4,22,27,16,4,6,2,-20,7,9,3,11,30,29,7,40,27,35,52,37,57,4,5,-20,3,15,70,13,14,-20,-20,12,19,-20,6,2,-20,7,9,-20,7,26,4,-20,42,84,13,-20,33,12,13,6,4,7,13,18,8,5,4,11,8,5,13,5,10,4,14,-20,18,15,5,4,14,20,3,5,12,6,11,9,32,7,-20,6,42,3,11,10,11,7,9,12,12,12,15,6,13,2,6,6,3,10,4,-20,8,36,3,6,8,4,10,12,3,-20,9,3,6,10,9,13,15,6,9,4,-20,6,9,-20,4,12,4,8,33,10,-20,13,11,10,11,122,14,16,8,4,10,13,2,2,11,6,6,7,3,10,7,14,24,29,19,15,-20,6,-20,14,9,8,-20,-20,17,8,8,20,7,4,8,8,3,3,6,-20,5,11,2,8,10,39,25,13,16,8,-20,3,11,9,7,4,7,-20,9,19,12,13,19,6,6,5,6,3,-20,-20,-20,43,10,13,4,3,4,11,17,5,8,31,30,47,50,7,24,25,8,4,41,37,12,-20,24,4,5,-20,8,8,13,-20,5,-20,11,16,-20,7,15,6,10,-20,18,6,-20,8,11,18,10,9,3,12,11,14,7,43,10,5,19,11,7,15,5,23,5,53,10,17,4,13,9,-20,8,2,8,33,-20,12,47,33,54,32,34,13,22,7,21,11,7,34,-20,4,10,7,17,9,12,7,27,15,24,26,16,5,39,7,11,12,8,17,18,8,30,17,18,6,9,15,7,9,7,-20,-20,47,49,25,11,-20,17,14,46,40,12,-20,16,23,8,38,29,15,7,3,12,40,8,4,-20,6,15,31,8,15,16,11,24,23,20,5,12,3,44,16,23,31,25,-20,6,19,16,10,9,5,12,12,10,-20,17,10,5,10,12,7,19,14,11,13,8,22,7,5,19,11,12,7,14,5,14,9,17,3,16,13,14,10,11,5,12,9,23,13,9,8,17,15,8,20,8,-20,14,20,10,11,-20,12,11,22,9,14,8,23,7,5,20,7,9,9,11,16,11,8,13,4,11,22,9,10,10,8,11,5,16,14,7,15,6,10,9,6,6,5,9,12,11,12,7,19,7,13,13,10,13,4,7,8,8,8,7,12,10,16,-20,5,11,6,16,4,10,-20,9,13,7,10,10,10,6,3,9,12,5,7,6,15,9,8,13,21,12,8,18,5,5,7,-20,12,10,5,6,34,12,20,20,10,11,4,16,19,11,16,13,10,23,9,7,11,9,15,7,9,21,15,-20,10,24,20,3,18,9,8,18,21,15,11,19,4,11,6,13,6,-20,11,10,22,7,7,14,8,7,13,10,14,9,11,-20,12,15,8,5,7,11,5,11,15,6,8,19,12,11,11,3,6,12,2,47,3,7,15,15,19,21,14,16,14,26,12,10,13,15,13,12,7,12,15,20,15,35,8,7,10,15,12,13,27,14,8,18,25,5,7,13,8,12,18,26,11,12,9,-20,12,11,7,10,4,16,13,6,9,5,10,10,-20,13,16,13,5,6,7,11,6,9,7,18,6,15,11,6,10,6,12,9,7,12,15,10,14,7,14,4,7,-20,5,3,4,3,-20,6,-20,6,11,15,18,17,8,15,8,-20,7,7,7,18,8,16,6,17,-20,7,8,10,15,56,16,13,12,5,7,13,29,15,16,7,8,6,13,10,4,7,8,-20,10,10,11,2,13,9,7,4,5,9,7,13,9,8,13,10,13,12,5,3,-20,7,-20,-20,-20,5,7,-20,5,8,-20,11,3,5,-20,5,3,4,5,5,-20,-20,3,-20,-20,-20,3,-20,-20,3,10,-20,-20,8,-20,9,-20,4,4,-20,3,2,4,-20,8,8,-20,-20,8,-20,7,5,7,-20,5,-20,3,-20,3,4,-20,-20,8,6,3,11,-20,41,23,13,16,16,23,29,34,54,29,56,149,76,27,51,61,57,50
"chr5,16650057",8,12,6,-20,9,7,7,10,8,7,6,6,25,30,37,20,39,21,85,59,40,13,35,31,64,41,25,36,15,5,-20,4,6,9,67,58,27,21,25,9,7,-20,14,12,10,39,-20,-20,4,8,6,24,61,20,24,19,52,23,24,32,30,37,32,36,19,25,24,37,51,18,36,25,16,32,32,53,20,11,11,14,11,20,17,9,-20,42,34,39,38,21,24,46,44,40,41,37,22,49,8,41,26,39,5,11,29,33,12,33,54,6,13,8,39,46,9,8,54,21,8,3,7,11,7,7,45,11,4,35,11,16,24,-20,7,8,24,56,63,4,5,15,5,10,9,5,31,5,-20,40,5,-20,-20,4,16,12,-20,6,3,12,30,8,5,-20,13,10,2,10,-20,-20,7,-20,25,40,30,8,5,12,7,29,6,31,15,8,14,-20,9,-20,14,15,5,4,14,12,-20,7,5,17,9,6,17,8,10,20,25,21,22,13,12,-20,3,-20,-20,-20,15,13,4,21,24,6,5,10,9,8,18,34,9,13,13,-20,16,29,22,-20,37,29,8,6,14,20,8,-20,23,20,24,10,3,25,11,10,14,-20,14,16,20,9,10,17,7,12,11,5,8,11,12,11,9,15,12,23,21,17,14,14,15,22,22,8,25,26,11,22,7,13,5,25,11,10,7,-20,4,7,4,18,4,4,17,30,17,5,6,3,17,7,10,3,11,30,27,8,39,27,34,51,34,54,4,5,-20,3,14,70,16,-20,-20,10,12,18,-20,5,3,18,-20,9,-20,7,26,4,4,38,79,14,4,31,12,13,7,4,7,13,17,8,5,5,11,9,5,12,5,8,-20,13,-20,17,15,5,4,14,21,3,5,13,6,11,8,32,7,-20,6,42,4,11,-20,11,6,9,14,11,12,15,-20,13,2,7,6,3,-20,4,7,-20,36,-20,6,-20,4,9,12,3,-20,7,3,6,11,9,13,18,5,9,4,-20,6,9,-20,4,12,4,9,33,11,4,14,11,9,12,125,14,17,8,5,10,13,2,-20,11,5,6,7,3,11,7,15,23,32,20,16,-20,-20,3,14,9,8,-20,-20,20,11,9,20,7,4,8,8,3,3,6,-20,5,11,2,8,10,38,25,15,15,-20,-20,3,9,10,7,-20,7,-20,9,16,13,13,18,6,6,5,6,-20,-20,-20,3,44,10,12,4,3,4,11,20,5,7,32,31,47,44,7,25,26,9,4,40,34,12,-20,24,4,4,-20,8,-20,13,-20,6,7,12,14,3,6,13,6,9,-20,17,7,-20,9,11,18,10,8,3,11,12,14,8,41,-20,5,22,11,6,14,5,-20,6,53,10,17,4,14,10,-20,11,3,8,35,-20,12,45,30,52,34,31,13,22,8,23,12,7,35,-20,4,11,9,17,9,12,6,27,15,28,29,16,6,41,7,13,12,8,16,19,9,31,18,18,6,10,15,6,10,-20,-20,-20,41,49,21,-20,28,18,14,-20,42,12,28,15,22,8,36,28,15,6,5,12,41,8,6,-20,6,15,29,8,15,18,13,26,20,20,6,14,3,42,16,23,28,22,-20,6,20,18,10,10,4,11,11,10,-20,18,10,5,11,13,8,18,14,12,14,8,22,7,5,19,13,12,9,17,6,14,9,17,3,17,14,13,10,11,5,13,9,25,13,8,7,18,15,8,20,9,-20,13,20,10,10,-20,11,14,21,9,15,9,21,7,5,18,7,11,11,12,17,13,9,13,4,11,22,10,11,12,10,11,5,16,14,9,15,8,11,9,6,7,5,9,13,9,13,7,19,7,13,14,10,13,3,7,8,8,9,7,12,11,16,-20,5,11,6,16,4,10,9,9,13,7,11,10,11,7,2,9,14,5,6,5,16,9,8,14,21,11,8,19,6,5,7,9,12,10,7,6,35,12,19,20,12,11,3,16,18,11,17,13,9,22,10,8,12,10,19,8,10,22,15,-20,9,22,22,4,21,8,8,19,21,15,13,17,4,13,8,13,6,-20,12,11,22,-20,7,14,8,7,13,10,15,10,12,-20,12,15,11,5,8,-20,5,11,16,6,11,19,13,11,13,3,6,12,2,51,-20,7,15,15,20,22,15,16,14,26,13,11,13,16,13,12,7,12,16,20,16,36,9,6,10,16,12,12,27,15,9,18,24,5,7,13,7,12,19,24,11,15,10,-20,12,11,9,9,4,16,13,6,9,5,10,11,-20,17,17,13,5,6,7,11,7,8,7,19,7,15,12,6,10,6,11,9,8,14,17,10,14,8,14,4,6,-20,5,3,4,3,-20,6,-20,6,11,14,19,18,8,16,7,-20,9,7,8,18,8,17,7,17,-20,-20,8,10,16,58,15,13,12,5,6,13,29,14,16,8,8,6,12,10,4,7,8,-20,10,10,12,2,13,9,9,4,5,9,8,12,8,9,13,10,13,11,4,-20,-20,-20,-20,-20,-20,3,5,-20,4,8,-20,10,3,5,-20,3,3,4,6,4,-20,-20,-20,-20,-20,-20,5,-20,-20,-20,9,-20,-20,8,2,9,9,4,3,-20,3,-20,5,-20,8,7,-20,-20,6,5,6,4,7,-20,4,4,4,-20,3,-20,-20,-20,5,7,-20,12,-20,46,25,12,17,15,22,30,31,50,32,55,149,77,26,50,63,57,51
"chr5,16650058",8,12,6,-20,9,7,7,10,8,7,6,6,24,30,37,22,36,22,83,59,39,14,36,31,63,41,25,36,16,5,10,4,6,9,67,58,26,21,25,9,7,37,12,12,10,40,-20,30,4,7,6,25,62,19,27,19,51,25,24,31,30,38,32,36,19,24,24,39,51,17,36,24,16,33,32,53,19,11,11,14,11,20,17,9,-20,43,35,38,38,21,23,47,44,41,40,37,22,51,8,40,28,39,5,11,30,33,12,33,56,6,13,8,42,46,9,8,55,21,8,3,7,11,7,7,45,11,4,36,11,16,24,-20,6,8,25,57,63,4,5,15,5,10,9,5,31,4,-20,40,5,9,-20,4,16,12,39,7,4,12,32,8,5,-20,13,10,2,10,-20,-20,7,11,26,41,28,8,5,12,7,29,7,33,14,8,14,-20,9,-20,14,21,5,4,14,13,-20,7,6,17,10,6,18,8,10,20,25,20,22,13,12,20,3,14,20,34,16,13,3,21,25,6,5,12,9,8,19,34,9,22,13,5,18,29,22,29,37,32,8,5,13,22,8,7,23,20,25,10,3,24,11,10,15,16,15,18,20,9,10,17,7,12,11,5,8,11,12,11,9,18,12,24,22,17,14,14,15,23,22,8,25,23,12,22,7,13,5,26,11,10,8,-20,4,7,4,-20,4,4,16,30,17,5,6,3,17,7,10,3,11,30,27,8,40,27,33,52,33,54,4,5,-20,-20,15,70,16,13,12,11,13,20,-20,5,3,19,7,9,5,6,24,4,4,38,86,14,4,31,12,13,7,4,7,13,18,8,5,5,11,9,6,12,5,-20,5,14,-20,17,15,5,4,14,21,3,5,13,6,11,8,34,7,7,6,45,4,11,10,11,6,10,15,12,12,15,-20,12,3,7,6,3,10,4,-20,9,36,3,6,10,4,9,12,3,3,7,3,6,11,9,13,18,5,9,4,-20,6,9,-20,4,12,4,9,33,11,4,14,11,9,12,126,14,18,8,5,10,13,2,-20,11,5,6,7,3,11,7,14,21,32,20,16,-20,6,3,14,9,8,-20,-20,20,11,9,21,7,4,8,8,3,3,6,-20,6,11,2,8,10,39,25,15,14,8,-20,4,9,10,7,3,7,-20,9,17,13,13,18,6,6,5,6,4,-20,-20,3,44,10,13,4,3,4,11,20,5,7,33,31,47,44,7,25,26,9,4,40,34,12,-20,25,4,4,28,8,8,13,27,6,7,12,14,3,6,13,6,11,-20,18,8,-20,9,11,19,10,10,3,11,12,14,9,41,10,5,22,11,6,15,7,26,6,54,10,16,4,14,10,-20,11,3,8,33,17,11,46,32,54,34,32,13,22,8,24,12,6,35,-20,4,11,9,17,9,12,6,27,15,28,29,16,6,41,7,13,12,8,16,19,9,31,18,18,6,10,15,7,10,6,38,26,42,49,22,11,30,18,13,47,41,11,31,15,22,8,36,32,15,6,5,12,42,8,6,-20,7,15,33,8,17,18,16,27,20,20,6,14,3,44,21,23,27,20,-20,6,20,18,10,10,4,11,11,11,-20,18,10,5,11,13,8,18,14,12,14,8,22,7,5,19,13,12,9,17,6,11,9,17,3,17,13,13,10,11,4,13,9,25,13,8,7,18,13,8,20,9,-20,14,20,10,10,-20,11,14,21,9,15,9,21,7,5,19,7,11,10,12,17,13,8,13,4,11,22,10,11,12,10,11,5,16,14,9,15,8,10,9,6,7,5,9,13,8,13,7,19,7,13,14,10,13,-20,7,8,8,9,7,12,11,16,-20,5,11,6,16,4,10,9,9,13,7,11,10,11,7,2,9,14,5,6,5,15,9,8,14,21,12,8,19,6,5,7,9,12,10,7,6,35,12,19,20,12,11,3,16,18,11,17,13,9,23,10,8,12,10,19,8,10,22,15,-20,9,22,22,4,21,8,8,18,21,15,13,17,4,13,8,13,6,-20,12,11,22,-20,7,14,8,7,13,10,15,10,12,-20,11,15,11,5,8,-20,5,11,16,6,11,19,13,12,13,3,6,13,2,50,4,7,15,15,19,22,15,16,13,26,13,11,13,16,13,12,7,12,16,20,16,36,9,6,10,16,12,12,26,16,9,15,24,5,9,13,7,12,19,24,11,14,9,-20,12,10,9,9,4,16,13,6,9,5,10,11,-20,17,17,13,5,6,7,11,7,8,7,19,7,15,12,6,10,6,11,9,8,14,16,10,14,8,14,4,6,-20,-20,3,4,3,-20,6,-20,6,11,14,19,18,8,16,7,-20,9,7,8,17,8,17,7,17,-20,-20,8,10,16,58,16,13,12,5,6,13,29,14,16,8,8,6,13,10,-20,7,8,-20,10,10,12,2,12,9,9,4,5,9,8,12,8,9,13,10,13,11,4,-20,14,6,-20,-20,3,4,5,-20,6,-20,-20,11,2,7,-20,4,4,4,5,4,-20,10,3,-20,-20,-20,5,-20,-20,-20,9,-20,-20,8,5,9,7,4,3,-20,3,3,6,-20,8,9,-20,-20,-20,6,6,4,7,-20,4,4,4,-20,-20,3,-20,-20,4,7,4,11,-20,44,26,13,17,15,22,29,31,52,34,55,148,76,26,51,63,58,54
"chr5,16650064",7,12,6,-20,8,7,6,9,7,6,6,9,22,32,35,24,34,23,82,59,43,12,37,32,63,43,25,32,17,5,10,4,8,10,67,59,28,20,25,9,6,29,12,13,10,40,5,29,4,9,8,25,67,18,25,18,52,24,26,31,29,38,32,33,18,22,22,34,46,19,33,26,15,32,32,52,19,13,12,14,14,21,18,7,-20,46,34,40,38,21,23,44,44,40,43,34,21,52,8,38,31,37,4,11,31,38,12,30,60,6,13,8,42,43,9,8,55,21,7,3,10,11,6,7,42,11,5,40,12,17,22,-20,4,8,26,52,64,4,4,16,5,11,9,4,30,5,5,39,4,8,-20,5,38,12,36,6,6,12,31,13,4,-20,13,11,2,9,-20,-20,6,12,24,43,32,8,5,11,8,29,8,31,13,9,17,-20,8,3,12,31,6,4,11,11,-20,6,7,19,13,5,18,8,10,21,27,21,30,14,12,23,3,12,20,-20,23,16,5,20,27,-20,7,-20,10,11,23,33,7,25,17,6,19,30,26,30,40,34,-20,4,12,25,9,8,23,20,26,14,4,27,19,9,18,-20,16,21,20,12,14,17,11,12,12,7,8,13,13,11,11,18,14,29,18,15,14,16,14,24,22,9,28,27,14,25,8,13,7,26,10,10,10,-20,7,7,5,-20,6,-20,19,23,21,6,5,2,15,5,7,-20,11,29,28,8,41,26,35,45,34,51,3,5,-20,5,15,65,15,18,13,11,16,19,-20,9,4,19,6,9,5,6,27,4,4,35,75,15,5,33,13,12,7,6,-20,12,18,9,4,5,-20,9,7,9,5,8,7,12,-20,20,14,5,4,12,19,-20,4,14,7,10,9,33,7,6,7,46,4,11,10,10,5,8,14,10,13,19,6,11,3,7,7,3,9,4,7,10,39,4,6,10,4,13,12,4,3,8,4,7,11,8,13,15,6,9,4,-20,7,9,-20,4,12,3,9,37,15,3,15,11,7,11,124,15,15,8,5,10,14,2,-20,11,5,8,7,2,9,7,15,20,37,21,17,-20,7,3,15,8,8,-20,-20,20,10,9,22,8,3,7,8,3,3,8,-20,6,10,3,8,10,42,27,14,14,8,-20,4,9,10,9,4,11,-20,9,17,11,13,15,6,6,6,8,4,-20,-20,4,43,10,13,4,4,5,12,20,3,7,36,32,50,45,6,26,24,9,4,39,32,13,-20,28,5,-20,-20,9,10,11,25,6,5,12,14,3,8,12,6,12,3,21,10,4,11,12,18,9,10,-20,10,11,14,9,41,10,5,23,13,9,15,8,27,5,52,12,15,3,13,10,-20,11,4,11,35,-20,11,47,35,51,33,29,13,22,8,22,11,7,34,-20,4,10,9,19,9,10,6,26,17,28,33,14,6,42,7,14,13,7,16,19,8,31,20,18,6,10,19,7,13,-20,42,24,42,56,25,-20,29,20,16,47,35,11,29,13,21,8,38,32,15,6,6,13,43,10,6,-20,9,18,36,8,18,19,16,24,19,27,6,15,4,48,23,26,28,20,-20,5,21,20,12,12,4,10,16,12,4,17,9,6,10,11,11,16,14,12,14,8,21,7,5,18,13,11,10,15,7,10,9,22,5,18,14,13,10,12,4,12,10,24,13,8,7,19,12,8,17,11,-20,13,20,11,11,3,11,17,21,9,15,10,21,6,5,19,-20,11,8,15,18,13,9,14,6,12,22,7,10,13,11,9,5,17,13,11,16,8,10,9,6,5,5,8,16,7,12,7,17,7,13,14,11,13,-20,7,9,7,6,7,11,12,16,-20,5,11,7,14,4,9,9,9,14,7,11,10,10,7,-20,9,13,5,5,5,14,8,9,15,19,10,10,16,-20,5,7,11,13,15,7,8,30,12,18,20,11,10,2,15,17,9,16,13,10,23,9,-20,9,10,17,7,10,20,15,-20,8,18,22,3,20,7,10,18,19,13,15,17,3,12,9,11,6,-20,12,10,22,7,7,12,8,6,13,11,14,11,11,-20,10,14,11,5,9,13,5,10,15,6,10,20,13,11,12,3,6,14,2,54,4,8,16,15,16,22,13,15,13,27,13,10,14,13,14,13,8,14,15,19,17,34,8,8,9,16,12,14,27,16,9,13,22,5,8,16,8,13,18,24,11,17,7,-20,12,11,9,9,5,16,11,6,9,6,9,12,3,16,15,15,5,6,8,10,7,8,9,18,8,16,9,7,11,7,11,8,9,14,19,10,15,8,13,4,6,-20,4,3,4,3,-20,6,-20,5,11,14,17,18,11,16,7,-20,7,7,8,16,9,17,6,18,-20,10,9,10,14,56,16,13,12,5,7,11,28,14,14,6,11,4,13,10,5,7,7,-20,12,8,14,-20,12,9,9,4,5,9,7,13,9,10,9,10,13,13,4,3,15,6,-20,-20,4,4,4,-20,5,6,3,11,2,6,-20,4,4,5,5,3,3,11,3,-20,-20,-20,5,-20,-20,-20,9,4,-20,4,5,11,9,4,3,-20,2,3,6,4,6,10,-20,-20,5,7,5,-20,7,3,4,5,3,-20,-20,3,-20,-20,6,8,4,8,-20,40,25,15,19,17,21,30,33,57,34,55,149,81,27,49,70,55,53
"chr5,16650067",7,12,6,-20,8,7,6,9,7,6,6,9,23,32,34,25,35,24,78,59,42,11,38,27,61,42,25,33,17,6,10,4,8,10,69,59,26,19,25,9,6,-20,12,14,10,43,-20,29,4,9,10,25,66,20,26,19,55,22,26,30,27,38,32,33,17,22,22,34,47,17,35,26,15,32,31,55,20,13,11,14,14,21,18,7,-20,46,35,39,40,20,21,43,43,41,42,35,21,53,8,39,30,37,4,11,30,38,12,31,59,6,13,8,34,41,9,7,53,22,8,3,10,12,6,7,39,11,5,40,12,17,21,3,4,9,23,51,62,4,4,16,5,11,9,4,29,5,5,37,4,7,-20,4,38,11,-20,-20,7,12,31,17,4,-20,13,11,2,-20,-20,-20,6,12,24,41,32,9,5,12,8,31,10,28,12,9,16,-20,8,3,13,32,7,4,12,12,-20,6,7,20,15,7,19,7,10,22,29,22,30,13,14,-20,3,-20,25,32,23,16,6,20,27,7,-20,11,10,11,24,30,7,24,17,6,-20,30,25,-20,39,36,7,4,14,25,10,8,24,22,25,16,4,31,19,9,20,16,15,20,19,13,14,17,11,12,12,8,8,13,16,11,14,19,14,31,19,12,12,20,15,-20,20,11,27,31,15,25,8,13,7,23,11,11,10,-20,7,7,5,-20,6,-20,19,23,23,6,5,2,14,5,7,-20,-20,30,28,8,42,25,35,43,33,46,5,5,-20,5,16,68,16,18,-20,11,14,19,-20,-20,3,18,6,9,5,7,28,5,4,36,71,15,5,35,11,12,7,6,7,12,19,9,4,7,9,9,6,9,5,9,7,13,-20,20,12,-20,4,12,19,3,4,13,7,12,9,34,6,6,7,46,5,12,10,-20,5,9,15,10,14,18,6,12,3,-20,6,3,-20,-20,7,10,41,4,6,-20,4,13,12,-20,-20,9,4,8,12,8,13,15,5,9,3,-20,-20,9,4,4,12,3,9,37,15,-20,15,11,7,11,126,14,16,7,5,-20,14,2,-20,10,4,8,7,2,10,7,15,20,37,23,18,-20,-20,4,15,-20,8,-20,-20,19,10,9,21,8,3,7,7,3,3,9,-20,6,9,5,7,10,40,28,15,15,-20,-20,3,9,10,8,4,11,-20,9,15,11,13,14,6,7,6,-20,4,-20,-20,4,45,10,14,4,4,5,12,23,3,7,37,32,51,45,6,25,24,9,4,38,33,13,-20,28,4,-20,-20,11,9,-20,26,6,5,12,13,3,9,10,6,13,3,25,10,4,12,13,16,9,12,3,-20,11,12,8,39,11,5,24,15,9,14,8,-20,5,53,12,16,4,11,10,-20,11,3,10,36,-20,13,47,34,50,33,28,13,21,8,24,11,7,34,-20,4,10,9,19,8,11,-20,28,16,28,33,14,6,42,7,14,13,7,15,18,8,30,21,20,6,10,19,9,13,-20,40,-20,44,53,21,12,-20,18,17,46,37,11,-20,13,23,9,37,33,16,6,7,15,45,10,5,-20,9,18,-20,8,17,19,15,22,19,26,7,16,5,47,23,26,29,19,-20,5,21,20,11,11,-20,10,16,12,4,17,8,6,10,11,11,16,13,12,13,7,21,7,5,18,14,11,9,15,8,10,10,22,5,18,13,13,10,14,4,12,10,24,13,8,7,19,11,8,16,11,-20,11,20,11,13,3,11,16,21,9,15,10,21,-20,5,19,-20,13,9,15,16,13,8,13,6,12,23,5,11,15,10,9,5,17,13,12,15,8,13,9,6,5,5,9,16,7,12,9,17,7,14,14,11,13,-20,8,9,8,6,7,11,12,15,-20,5,10,7,14,4,9,10,9,12,7,12,11,9,7,-20,9,13,6,6,5,15,8,9,15,19,11,10,16,-20,5,7,11,13,16,7,8,31,13,18,19,11,9,2,15,17,9,16,14,-20,23,9,8,9,10,17,7,12,18,15,-20,8,18,22,3,20,8,10,16,19,13,15,16,-20,12,9,10,6,-20,12,11,21,6,7,10,7,6,13,11,14,11,10,-20,11,14,11,5,9,13,5,10,15,-20,10,20,14,11,11,3,6,14,-20,56,5,8,15,15,16,23,13,15,13,27,13,10,14,13,14,13,9,14,15,19,17,34,8,9,9,16,12,14,26,18,10,14,23,5,8,16,8,13,18,24,10,17,7,-20,12,11,9,9,-20,17,11,6,7,6,9,12,3,16,15,15,5,6,8,10,7,9,9,18,8,16,10,7,11,7,11,7,10,15,19,11,16,7,13,4,6,-20,4,4,4,3,-20,6,-20,5,11,14,15,18,11,16,7,-20,7,7,8,17,9,15,6,17,-20,10,8,10,14,56,16,13,11,5,8,11,28,14,15,5,11,4,13,-20,5,7,-20,-20,12,-20,15,-20,12,9,9,4,5,9,7,12,9,10,9,-20,13,13,5,3,13,5,-20,-20,4,4,5,-20,4,5,-20,11,-20,6,-20,4,5,5,5,-20,-20,-20,-20,-20,4,-20,4,-20,-20,-20,9,4,-20,4,6,-20,10,5,-20,-20,-20,3,7,4,5,9,-20,-20,6,7,-20,-20,7,3,4,6,4,3,-20,3,-20,-20,6,7,3,11,-20,41,25,15,19,17,21,29,33,58,35,54,149,79,26,50,69,54,59
"chr5,16650069",8,12,6,-20,5,8,6,10,7,7,6,9,22,32,34,26,36,24,79,61,42,10,39,28,61,44,25,32,19,6,10,4,9,10,68,59,29,19,26,8,6,33,12,13,11,42,5,36,4,9,11,22,65,19,27,18,55,24,25,31,26,38,32,33,17,23,23,35,46,18,35,26,15,31,32,54,21,12,11,15,12,21,18,7,-20,43,33,41,41,19,22,42,43,42,42,32,20,50,8,40,30,37,4,11,27,36,11,30,60,7,14,8,37,42,11,8,54,21,-20,3,10,12,7,7,40,12,5,38,12,15,21,3,3,10,25,52,61,3,4,14,4,11,9,4,30,5,5,35,-20,8,3,4,38,11,37,5,6,12,30,18,4,3,13,12,2,10,-20,2,6,13,24,46,33,9,5,12,8,30,10,34,11,11,16,-20,9,4,13,36,9,3,13,10,-20,6,7,20,15,7,19,7,10,22,22,22,31,11,17,23,5,-20,24,33,24,16,6,18,27,7,8,10,10,11,24,33,-20,25,19,6,19,30,26,29,40,40,7,4,14,25,12,7,24,20,25,16,4,31,19,10,21,17,15,21,19,12,14,18,12,12,12,8,8,13,17,13,14,20,14,32,19,12,13,21,18,24,20,12,27,33,15,27,9,13,6,24,11,11,10,-20,8,6,6,19,7,-20,21,22,24,7,5,2,14,6,7,3,9,29,28,7,42,25,35,42,36,45,5,5,-20,5,16,69,17,18,12,11,14,18,-20,-20,3,18,6,8,5,7,30,5,4,35,71,15,6,35,11,13,7,9,7,12,19,8,4,-20,-20,10,6,9,5,9,7,13,-20,19,12,-20,4,12,19,4,4,14,7,12,9,34,6,6,7,48,5,12,10,9,5,9,15,10,14,17,6,15,3,7,7,3,-20,4,7,10,41,4,6,9,4,15,12,4,3,10,4,8,11,8,13,14,-20,11,4,-20,7,8,4,4,12,3,9,37,16,3,15,11,7,11,128,14,19,7,5,10,14,2,-20,10,4,8,7,2,8,7,15,20,38,23,19,-20,8,4,15,-20,8,-20,-20,20,10,10,23,8,3,8,8,3,3,10,-20,6,9,-20,7,10,40,29,16,16,8,-20,3,9,10,8,4,12,-20,9,13,11,13,14,6,7,6,8,4,-20,-20,4,45,9,13,4,4,5,12,22,4,6,37,31,50,42,7,27,23,9,4,38,32,13,-20,27,4,-20,23,12,9,12,27,6,5,12,13,3,9,10,6,13,3,24,10,4,11,13,16,10,12,3,9,11,12,9,37,10,5,23,15,9,15,8,28,5,56,12,17,4,10,10,-20,12,4,14,36,20,13,47,35,49,33,28,14,23,8,23,12,7,31,-20,5,10,9,19,9,9,-20,30,20,30,34,12,6,44,7,15,13,8,15,19,8,30,22,20,5,12,19,9,13,6,42,25,44,55,23,11,29,19,19,50,37,11,35,13,-20,9,38,37,15,6,10,15,44,10,5,-20,8,18,38,8,18,20,15,23,19,27,7,15,6,47,22,24,29,20,-20,4,17,22,13,13,4,12,17,12,6,17,10,6,11,11,12,15,12,12,14,9,19,10,5,18,14,12,9,16,10,11,10,22,5,18,17,13,13,15,5,14,9,25,10,8,7,20,11,8,19,11,-20,9,19,11,13,3,15,17,20,11,15,10,21,-20,8,17,-20,14,8,14,17,15,9,14,6,12,23,4,12,15,10,9,5,17,14,12,17,9,14,11,-20,5,5,10,16,7,15,8,19,5,16,12,11,14,-20,10,10,9,7,6,11,14,14,-20,6,11,8,15,4,10,10,8,14,7,14,11,10,7,-20,9,13,6,7,6,15,8,10,15,19,10,12,13,-20,6,8,12,13,18,7,8,29,13,18,20,11,9,3,17,17,9,16,15,10,22,10,9,9,10,17,9,13,17,15,3,9,16,22,3,20,9,11,18,19,13,15,15,-20,11,10,11,6,-20,13,10,20,6,9,10,7,6,14,11,16,12,10,-20,11,14,10,8,9,11,5,11,16,-20,10,23,15,12,12,3,6,15,-20,55,5,9,16,14,16,19,13,15,13,27,14,10,14,12,14,15,9,14,12,20,16,35,8,10,9,17,15,16,30,17,10,12,23,5,8,17,8,12,18,23,10,17,8,-20,11,11,-20,8,6,17,-20,7,6,6,8,13,3,17,13,15,5,6,8,11,7,9,9,19,6,16,10,7,12,8,10,10,10,14,19,9,16,7,16,4,6,-20,4,5,5,4,-20,6,-20,5,11,14,15,18,12,16,6,-20,7,7,9,19,9,13,7,17,-20,11,8,11,12,58,17,12,10,6,8,11,28,14,15,5,11,4,13,-20,6,7,-20,-20,12,-20,14,-20,12,9,9,-20,5,10,7,12,7,10,9,9,10,15,5,3,16,6,-20,4,4,4,5,-20,5,-20,3,10,3,5,-20,4,5,4,5,-20,4,10,3,-20,4,-20,6,-20,-20,-20,9,4,-20,6,6,-20,10,5,3,-20,-20,5,7,5,4,6,-20,-20,6,7,4,-20,7,3,5,6,4,3,-20,3,-20,-20,7,8,-20,12,-20,42,25,15,21,17,21,31,31,58,36,64,149,75,27,52,70,55,61
"chr5,16650073",8,13,6,-20,5,8,5,10,6,7,6,8,23,35,35,26,38,23,79,57,43,10,42,26,63,45,26,33,20,6,10,5,-20,10,68,63,26,19,26,-20,6,-20,12,13,11,39,-20,35,4,10,7,21,64,18,20,18,56,23,26,31,26,39,30,31,15,25,24,35,47,19,34,24,15,32,34,56,21,11,11,14,12,21,22,7,-20,40,34,44,43,20,24,44,43,41,39,32,15,49,8,35,31,37,4,10,29,35,11,34,61,7,14,7,38,40,10,8,54,21,8,3,9,13,8,-20,40,11,5,39,12,15,19,3,3,11,25,52,58,3,4,13,4,10,10,4,27,5,5,36,5,-20,3,5,37,11,-20,5,6,12,31,18,4,3,13,13,2,11,-20,2,5,13,24,39,33,10,5,12,9,30,11,-20,13,11,16,-20,11,4,11,33,9,3,12,13,-20,6,8,20,14,7,19,13,11,22,27,22,31,11,15,23,5,-20,25,-20,24,16,6,14,31,6,9,10,11,10,24,32,7,27,19,5,22,31,27,26,41,39,6,-20,13,25,13,7,23,20,22,17,4,33,19,10,19,14,14,22,18,13,13,18,13,11,10,6,7,13,19,12,15,19,13,32,20,12,13,-20,20,21,20,13,28,32,15,30,9,12,7,23,11,11,11,-20,8,7,6,18,7,6,24,22,22,7,5,2,13,6,6,2,-20,30,26,7,40,27,36,44,37,45,5,4,-20,4,15,68,16,18,-20,10,15,17,-20,-20,4,17,6,8,5,8,30,5,4,38,69,15,5,36,10,14,7,9,-20,12,20,7,4,8,6,11,-20,9,5,-20,8,13,-20,18,12,-20,4,12,19,4,5,13,8,15,8,36,7,6,7,48,5,12,11,9,4,9,16,10,13,16,6,13,3,7,7,5,10,3,6,10,46,4,6,8,4,17,12,4,3,10,4,8,10,8,12,14,4,11,4,-20,7,8,4,4,11,-20,9,34,16,3,15,11,7,10,124,14,18,7,5,10,12,-20,-20,9,4,7,8,2,6,7,15,20,41,23,19,-20,8,4,15,-20,8,-20,-20,19,11,9,25,8,3,8,8,2,2,11,-20,6,10,5,7,10,38,30,15,13,8,-20,3,9,10,8,4,12,2,8,11,12,13,11,6,7,6,8,4,-20,-20,4,47,9,12,4,4,5,12,22,4,6,36,30,48,42,7,27,24,9,4,35,35,12,-20,27,4,6,23,-20,9,11,-20,6,-20,15,13,4,10,9,5,13,3,22,11,4,11,13,19,9,11,4,9,10,10,8,37,10,5,23,18,9,15,8,27,5,56,12,17,4,10,10,3,12,4,14,32,-20,14,46,35,50,34,25,14,24,8,23,11,7,31,-20,5,-20,9,18,8,9,-20,30,20,28,33,12,6,41,6,14,13,8,16,19,8,27,22,20,5,12,19,9,13,5,40,27,42,53,26,10,27,18,20,49,33,12,32,13,20,10,42,35,13,5,11,17,43,12,5,4,8,20,38,10,18,21,14,20,20,32,7,15,6,46,26,23,29,20,4,4,17,22,13,12,4,12,17,11,6,17,10,6,11,10,11,14,11,12,14,9,19,10,5,18,13,12,9,16,10,11,10,22,5,18,17,13,13,15,4,14,9,24,12,8,8,21,11,8,19,11,-20,9,17,10,13,-20,14,17,21,9,14,10,18,-20,9,15,6,14,8,14,17,16,9,14,7,11,23,5,12,15,10,9,5,17,14,12,19,9,13,11,8,5,5,10,16,7,15,8,18,5,16,11,11,13,-20,10,10,9,7,6,11,14,13,-20,6,10,7,15,4,9,10,8,14,7,13,11,9,6,6,9,14,6,8,6,14,8,10,15,20,-20,12,12,7,6,7,12,14,16,7,8,28,11,17,18,11,8,3,16,15,10,16,14,10,21,10,8,9,10,17,9,13,17,13,3,9,15,22,3,21,9,10,18,18,13,17,16,-20,12,10,11,6,-20,13,-20,20,6,9,9,7,7,13,11,15,13,10,-20,11,14,9,8,8,11,5,11,16,-20,10,22,15,12,11,5,5,15,-20,56,4,9,16,14,15,17,13,15,12,28,14,10,14,12,14,14,9,15,10,20,16,35,8,10,9,16,14,15,30,18,10,12,21,5,8,17,8,10,18,23,10,17,8,-20,10,11,9,8,5,15,9,8,6,6,8,13,3,16,13,15,4,6,8,10,-20,10,9,19,5,16,10,7,11,8,10,10,10,13,18,9,16,7,14,4,6,-20,4,5,5,4,-20,6,-20,5,11,14,14,16,13,15,6,3,7,6,8,19,9,13,8,17,-20,11,8,11,12,56,17,12,10,6,8,9,27,13,15,5,9,4,13,-20,6,7,-20,-20,14,-20,14,4,13,9,9,-20,5,11,6,12,8,10,10,9,10,16,3,3,14,6,-20,4,4,3,4,-20,7,-20,2,10,-20,5,-20,4,5,4,6,4,5,12,3,-20,3,-20,7,-20,-20,-20,10,-20,-20,6,6,11,9,5,3,-20,-20,5,6,6,4,5,-20,-20,6,7,4,5,7,3,6,6,5,3,-20,-20,-20,-20,7,10,4,11,-20,42,26,-20,19,15,21,29,31,55,36,63,147,73,27,52,71,52,63
"chr5,16650074",8,13,5,-20,5,8,5,9,6,7,6,8,23,35,34,27,38,23,77,56,43,9,42,25,62,47,25,31,20,6,10,5,9,10,69,64,26,19,26,7,6,31,12,13,11,39,-20,38,4,12,7,21,64,18,22,18,56,23,26,31,26,39,29,32,16,25,24,35,47,19,33,24,15,32,33,54,21,11,11,15,12,21,23,7,-20,40,35,48,44,21,24,44,43,41,39,34,15,48,8,34,31,37,4,10,29,35,11,34,58,7,14,7,37,40,10,8,54,22,8,3,9,13,8,7,39,9,5,42,12,15,18,3,3,11,24,50,62,3,4,13,4,10,10,4,27,5,5,36,5,8,3,5,37,11,36,5,6,13,31,18,4,3,13,13,2,11,-20,2,5,13,23,40,34,10,6,14,9,31,11,32,14,11,16,-20,11,4,12,33,10,4,13,13,-20,6,8,25,14,7,18,12,11,24,27,22,30,11,15,22,5,-20,25,30,23,16,6,14,31,6,9,10,11,11,24,33,7,28,19,6,22,31,27,27,41,39,6,5,13,25,13,7,23,21,24,17,4,33,21,10,19,15,16,22,18,13,13,18,13,11,10,6,7,13,19,12,15,18,14,32,21,12,13,30,19,23,19,13,28,36,15,31,9,14,-20,25,11,11,11,-20,8,7,6,19,7,6,27,22,24,7,5,2,14,6,6,2,9,30,25,7,40,27,38,44,36,46,5,4,-20,4,15,67,15,18,14,10,16,17,-20,-20,4,16,6,8,5,8,29,5,4,39,69,15,5,36,10,14,7,9,-20,12,19,7,4,8,6,11,-20,9,5,9,10,12,-20,18,12,7,4,12,19,4,5,13,8,15,8,34,7,6,7,50,5,12,11,9,3,8,16,10,13,16,5,13,3,7,7,5,10,3,6,10,47,-20,6,8,4,17,12,4,3,10,4,8,10,9,12,14,4,11,3,-20,7,8,4,3,11,-20,9,34,16,3,16,11,7,10,124,14,18,7,5,10,12,-20,-20,9,4,7,8,2,6,7,15,20,40,24,19,-20,8,4,15,9,9,-20,3,19,12,8,26,8,3,8,8,2,2,11,-20,6,9,5,7,10,39,30,15,13,8,-20,3,9,10,8,5,12,2,8,11,12,13,11,6,7,5,8,4,-20,-20,4,48,9,12,4,4,5,12,22,4,6,36,32,49,44,7,27,24,9,4,35,34,12,-20,27,4,6,27,10,-20,10,25,6,5,16,13,4,11,9,5,12,3,23,11,4,11,12,19,9,12,4,9,10,10,8,36,11,5,23,20,9,14,8,28,5,57,12,18,4,10,10,4,12,4,14,31,-20,14,46,36,49,34,27,15,25,8,23,12,7,30,-20,5,10,9,18,8,9,6,29,20,28,33,12,6,40,6,14,16,8,16,19,8,27,22,20,5,12,19,10,13,5,43,28,44,55,29,11,27,19,20,48,33,12,35,14,21,10,42,38,13,5,11,19,44,12,5,4,8,20,38,13,19,21,15,21,20,32,8,15,6,46,26,24,30,20,5,3,17,22,13,13,4,12,17,12,6,17,10,6,11,9,10,14,9,11,14,9,19,11,5,17,13,12,9,16,12,11,10,22,5,18,16,13,13,15,4,13,8,24,12,8,8,21,11,8,18,11,-20,9,17,10,13,-20,14,18,21,8,14,10,18,7,10,15,6,15,9,14,16,16,9,14,7,12,23,5,12,15,10,10,6,17,14,12,19,9,13,12,8,5,5,10,15,7,15,8,18,5,16,9,11,13,-20,10,11,9,7,6,12,16,13,-20,6,10,7,15,5,9,10,8,14,7,13,11,9,6,6,9,14,6,7,6,14,7,10,15,20,10,12,12,7,6,7,12,14,16,7,8,27,11,17,18,11,8,3,17,15,10,16,14,10,22,10,8,9,10,17,9,13,17,13,3,9,15,22,3,21,9,10,18,18,13,17,16,4,12,10,11,7,-20,12,10,20,6,9,9,7,7,13,11,15,13,10,-20,11,15,9,7,8,11,5,11,16,8,10,22,15,12,11,5,5,15,-20,58,4,9,16,14,15,17,13,15,12,28,14,-20,14,12,14,14,10,14,10,20,15,35,8,10,9,16,14,15,30,18,10,12,22,5,8,17,8,10,18,23,10,17,8,-20,9,10,8,8,5,15,9,8,6,6,8,13,3,16,13,15,4,6,8,10,7,10,9,19,5,16,10,7,12,8,10,10,10,13,18,9,16,7,14,5,6,-20,4,4,5,4,-20,6,-20,5,11,14,14,16,13,15,6,3,7,6,8,20,9,13,8,17,-20,11,8,11,12,55,16,12,10,6,8,9,27,13,14,5,-20,4,13,8,6,6,6,-20,15,7,14,4,13,9,9,-20,5,11,6,12,8,10,10,9,10,16,-20,3,14,6,-20,-20,4,3,4,-20,6,5,3,10,2,5,-20,3,5,4,-20,5,-20,10,3,-20,3,-20,6,-20,-20,-20,11,4,-20,6,6,9,10,6,-20,-20,-20,5,7,6,4,5,-20,-20,5,7,4,5,7,3,6,6,5,4,-20,-20,-20,-20,7,10,4,12,-20,42,24,15,20,16,20,29,31,55,37,62,136,73,27,52,70,50,66
"chr5,16650078",8,13,5,-20,5,8,5,9,8,6,6,9,26,29,31,27,34,23,76,57,42,9,41,24,63,47,26,33,20,6,10,5,9,9,73,62,28,21,24,7,6,33,12,10,11,40,4,38,5,12,7,19,62,17,24,19,56,24,26,28,26,35,28,33,16,24,27,33,45,18,33,25,14,32,33,55,22,11,10,15,11,21,26,8,-20,42,29,46,44,23,25,46,48,42,38,36,16,48,7,33,32,33,4,9,30,37,11,38,60,5,14,7,38,42,9,7,57,22,7,3,9,13,8,7,40,8,5,42,12,16,20,3,3,11,25,49,61,3,5,11,4,10,10,4,28,4,5,37,5,8,3,5,36,11,35,5,6,13,45,18,5,3,12,13,2,11,-20,2,6,12,24,43,32,8,6,15,9,31,11,30,14,11,16,-20,11,4,12,36,10,4,12,12,-20,6,8,26,14,7,16,10,11,23,29,22,31,11,15,24,5,15,27,-20,23,17,6,17,32,6,9,11,10,11,24,33,9,28,-20,6,21,30,28,28,45,40,6,5,12,24,15,7,24,20,22,17,4,33,21,10,19,15,17,23,19,12,14,16,13,10,12,6,6,16,21,13,14,18,14,33,20,11,14,31,18,22,24,16,28,32,13,31,9,14,6,26,11,13,11,-20,8,7,6,19,-20,6,27,19,28,-20,5,2,16,6,6,-20,9,30,26,7,40,29,37,44,36,43,6,3,-20,3,15,72,15,18,13,12,16,17,-20,7,4,15,6,8,5,8,28,5,3,39,78,14,5,33,10,16,7,8,-20,12,-20,8,4,8,6,12,4,13,5,9,13,13,-20,16,12,7,4,14,19,3,6,13,9,15,7,35,7,6,7,50,6,12,11,9,3,7,15,11,12,12,6,13,3,-20,8,5,10,3,6,10,48,4,7,9,6,16,11,5,3,9,4,8,11,9,12,13,4,11,3,-20,7,8,4,4,11,-20,9,35,15,3,17,11,8,10,121,15,17,7,5,10,11,2,-20,9,3,6,8,2,6,6,14,18,41,27,20,-20,8,4,15,9,8,-20,3,20,12,8,24,8,4,7,8,4,-20,11,-20,6,8,5,7,11,39,30,15,15,8,-20,3,9,10,8,5,14,2,8,11,12,13,11,6,7,5,8,4,-20,-20,4,45,9,12,4,3,-20,12,22,4,7,38,34,49,41,5,27,25,8,4,37,31,11,-20,28,4,7,28,11,9,-20,28,6,-20,15,13,4,10,9,6,13,3,24,11,4,11,11,19,11,11,4,8,10,10,8,34,11,5,24,18,9,13,8,30,5,56,13,17,4,9,12,-20,12,4,14,29,18,15,46,33,49,36,26,17,25,-20,21,12,6,29,-20,4,9,8,17,9,7,6,28,20,26,34,11,6,38,5,15,17,8,15,17,9,24,23,18,4,12,19,10,13,5,47,27,45,52,31,10,27,19,22,49,35,14,33,14,24,10,41,38,15,4,11,20,45,12,5,4,6,20,41,13,20,21,14,24,20,39,7,16,7,48,26,25,31,21,5,3,17,22,14,13,4,12,17,13,-20,16,10,7,11,9,12,15,7,13,13,9,19,11,5,15,13,12,9,16,12,10,11,18,5,17,17,13,13,15,4,14,-20,24,12,8,7,20,11,9,19,11,-20,8,16,9,12,-20,13,18,21,8,12,10,18,7,8,15,6,15,9,13,16,16,9,14,7,12,24,6,13,15,10,10,6,15,13,12,19,9,12,12,8,4,5,10,15,7,13,9,17,5,14,8,10,13,-20,10,11,8,7,6,12,16,12,-20,6,8,9,14,5,8,10,7,12,7,13,10,8,6,6,9,14,6,6,6,13,7,9,15,20,8,12,12,7,5,9,11,13,17,7,7,24,10,17,18,11,8,3,17,16,12,15,14,9,20,9,7,10,10,17,9,12,18,12,3,9,16,22,3,21,9,10,18,15,12,15,14,4,12,10,9,6,-20,12,10,20,6,9,10,7,7,14,11,15,14,9,-20,10,16,9,7,7,12,5,10,16,8,11,20,15,12,12,5,5,15,-20,56,5,9,16,15,14,16,12,14,11,27,14,10,13,11,15,15,10,14,10,19,13,34,8,9,8,16,13,15,30,18,10,9,21,6,8,17,8,10,17,22,9,16,7,-20,-20,10,8,9,5,15,8,8,6,6,7,13,3,17,12,15,4,6,8,9,7,9,9,18,5,15,10,7,12,9,9,10,10,12,16,9,15,6,13,4,6,2,4,4,5,4,-20,6,-20,5,11,13,14,16,14,15,7,3,7,5,8,19,9,13,9,16,5,11,8,11,12,54,17,11,10,6,8,9,25,12,15,4,8,4,13,8,6,5,7,3,16,8,14,4,12,9,9,-20,3,10,6,9,8,10,10,8,11,17,4,-20,13,8,-20,-20,3,-20,4,-20,5,-20,3,11,-20,4,-20,3,-20,3,5,-20,5,8,3,3,3,-20,8,-20,-20,3,10,-20,-20,5,5,11,10,6,-20,-20,-20,6,6,7,4,7,-20,2,-20,7,6,4,7,2,5,7,5,-20,-20,-20,-20,-20,5,8,4,12,-20,44,27,16,18,16,20,29,31,55,37,63,136,74,27,54,73,54,67
"chr5,16650079",8,13,5,-20,5,8,5,9,10,6,6,10,27,29,30,27,35,22,73,56,43,9,41,25,62,48,25,33,20,6,10,7,10,9,72,62,28,21,24,7,6,33,11,10,11,40,4,37,5,13,7,17,62,19,21,19,55,23,27,26,26,34,28,34,17,24,27,33,46,17,35,25,14,33,34,54,22,11,10,16,11,21,26,8,-20,42,29,46,43,23,25,46,46,40,39,36,16,49,7,32,32,33,4,9,30,38,11,37,62,5,14,7,38,42,10,7,59,22,7,3,10,14,8,7,39,9,5,42,13,16,20,3,3,11,24,49,65,3,6,11,4,10,11,4,28,4,5,35,5,8,3,4,36,11,32,5,6,16,47,18,5,3,12,13,2,10,-20,2,6,13,24,40,32,8,6,15,9,31,11,29,14,11,16,-20,11,3,12,36,-20,4,12,12,-20,6,8,27,14,7,16,10,11,23,30,22,30,11,15,24,5,16,26,30,25,17,6,17,32,-20,9,-20,11,10,24,30,9,28,20,6,23,30,29,-20,47,40,7,6,14,24,15,7,27,20,22,17,4,33,22,-20,18,14,15,23,19,12,13,16,13,10,12,6,6,16,22,13,14,19,13,33,20,11,13,33,18,21,24,16,32,32,13,30,9,14,7,27,11,13,11,-20,8,7,6,18,-20,6,28,19,27,7,5,2,-20,8,6,-20,8,33,26,-20,41,29,37,44,34,42,7,3,-20,3,15,71,15,19,14,12,16,16,-20,7,4,15,6,8,5,8,28,5,3,39,81,13,5,33,11,16,7,8,6,12,20,8,4,8,6,12,4,13,5,9,12,13,-20,-20,12,7,3,14,19,3,7,13,9,15,7,35,7,6,7,50,6,12,10,9,3,7,15,11,12,13,6,14,3,7,8,5,10,3,6,10,48,5,7,9,6,17,11,5,3,9,4,8,11,9,10,11,4,11,3,-20,6,8,4,4,10,-20,9,35,16,3,17,11,8,9,120,14,17,7,5,10,11,2,-20,9,3,6,8,-20,5,6,14,19,41,27,21,-20,-20,4,15,9,8,-20,3,18,12,8,23,8,4,7,8,4,-20,11,-20,6,8,5,7,11,39,31,15,15,10,-20,3,8,10,8,5,14,2,9,11,11,14,11,6,7,5,8,4,-20,-20,4,45,9,13,5,3,5,12,20,4,7,37,35,48,42,-20,26,25,8,4,37,32,10,-20,27,4,7,-20,12,9,9,-20,7,-20,15,13,4,10,9,6,12,3,24,11,4,12,11,19,11,11,4,7,10,10,9,34,-20,5,24,17,9,13,8,28,5,54,13,17,4,8,12,4,13,4,14,32,19,15,49,37,50,35,27,17,27,8,21,11,6,28,-20,4,9,8,19,9,7,7,28,21,28,35,11,7,37,5,15,17,8,16,17,9,24,24,18,4,13,19,9,13,5,46,25,45,52,29,10,27,19,22,48,35,14,34,14,24,10,43,38,15,4,11,21,47,13,5,4,7,20,40,14,20,21,12,24,20,38,7,17,7,47,26,24,31,21,5,3,17,22,14,12,4,12,19,15,8,16,11,7,11,12,12,17,7,13,13,-20,20,12,6,17,13,13,9,16,12,10,12,18,5,18,19,13,13,15,4,15,10,25,12,8,8,22,13,9,18,12,-20,8,17,10,12,-20,12,19,21,8,12,11,19,8,8,15,7,15,9,15,17,17,10,14,8,13,26,6,13,16,10,12,6,16,15,12,19,9,13,12,8,4,6,10,15,7,13,9,19,5,15,10,10,13,-20,11,12,8,7,6,13,16,13,-20,6,8,9,15,5,8,-20,8,13,7,14,10,8,6,6,9,15,6,6,6,13,7,9,15,21,8,13,12,7,7,9,11,16,17,7,-20,24,10,17,21,12,9,4,16,17,13,16,14,9,19,10,7,11,10,19,9,12,19,13,3,11,16,22,4,21,9,11,18,15,14,16,15,5,12,10,9,6,-20,13,11,20,6,9,10,7,7,14,11,15,15,9,-20,11,16,9,7,7,12,5,10,16,8,11,20,15,11,12,-20,5,15,-20,57,5,9,17,15,14,16,14,15,11,27,14,10,14,12,15,15,11,14,10,19,13,34,7,9,7,13,12,16,30,18,10,10,21,6,9,17,8,10,17,23,8,16,8,-20,8,10,9,10,5,15,8,8,7,6,7,13,3,17,12,17,5,6,9,9,7,9,9,18,5,15,10,8,12,9,9,10,11,13,17,9,15,7,13,4,6,2,4,4,5,4,-20,7,-20,5,11,15,14,16,14,15,7,3,6,6,8,19,9,13,8,16,6,11,8,13,13,55,17,12,10,6,9,9,25,12,16,5,8,3,13,9,6,5,7,3,16,9,14,4,12,10,9,-20,3,10,6,9,8,11,10,8,11,16,4,-20,12,8,-20,-20,3,3,4,-20,-20,-20,3,12,-20,5,-20,5,3,3,-20,-20,4,9,4,3,3,-20,-20,-20,-20,3,10,-20,-20,4,6,-20,11,5,3,-20,-20,5,7,6,3,7,-20,-20,3,-20,5,4,8,3,5,8,5,4,-20,-20,-20,-20,4,7,5,13,-20,43,28,16,16,16,20,30,30,54,37,64,135,66,26,53,74,54,64
"chr5,16650087",8,15,5,-20,6,8,5,9,11,5,7,11,33,30,25,28,41,20,72,56,47,10,40,25,61,46,28,36,20,6,10,8,9,10,72,63,26,19,23,7,6,32,11,11,10,42,-20,37,6,13,10,19,61,20,23,23,52,31,28,28,29,37,31,34,17,25,28,35,44,19,35,26,14,31,36,56,22,11,10,17,10,25,27,8,2,38,31,46,40,23,28,44,42,41,42,38,16,48,8,33,29,31,5,9,30,38,11,37,61,6,15,7,36,47,11,7,67,20,6,3,10,14,8,7,41,10,5,40,13,18,19,4,4,11,27,48,66,3,6,11,-20,11,11,4,31,5,6,36,5,8,3,5,34,12,35,6,6,15,53,18,5,3,11,13,2,10,-20,-20,6,13,24,43,35,8,5,16,11,32,11,27,14,12,15,-20,14,4,15,35,11,4,15,11,-20,5,9,28,16,8,14,14,10,24,34,22,32,10,16,24,7,19,26,30,28,21,9,20,35,5,9,14,10,10,23,36,11,27,21,7,24,32,30,30,47,40,11,6,16,23,12,6,29,19,18,16,6,35,25,9,18,14,15,18,19,11,16,15,16,8,13,6,4,16,20,17,15,18,11,35,22,9,13,35,17,24,23,16,38,31,16,32,9,12,8,29,11,18,13,-20,8,8,5,21,7,8,32,21,22,7,7,2,14,8,6,-20,8,31,30,7,43,29,41,49,33,40,7,2,-20,3,14,70,20,19,17,12,15,14,-20,6,4,16,6,9,6,7,28,5,3,47,105,13,6,34,12,16,6,7,8,11,19,9,4,8,6,13,-20,14,5,9,14,14,-20,22,11,8,3,14,21,4,9,13,9,15,8,37,7,6,7,55,7,15,11,10,-20,6,17,10,12,12,6,14,3,9,10,6,10,3,6,9,52,5,7,8,5,18,10,6,2,11,4,8,11,10,11,12,5,12,3,-20,6,8,4,5,11,2,9,34,17,4,17,11,8,8,120,14,16,8,5,9,12,2,3,9,4,6,9,3,4,6,14,19,45,27,21,3,8,4,14,10,8,-20,3,17,12,9,24,8,5,7,8,4,3,11,3,6,9,5,7,12,40,31,14,14,10,-20,3,8,10,10,5,14,2,10,12,9,16,11,5,6,6,9,4,-20,-20,4,44,-20,13,5,3,4,12,27,5,8,37,34,45,43,-20,30,25,6,5,31,31,11,-20,26,4,8,32,11,8,8,30,8,4,15,13,5,10,7,5,12,3,26,11,4,12,13,18,11,9,5,7,11,-20,8,30,8,5,25,20,11,14,8,33,5,51,14,15,4,9,11,4,14,4,12,35,20,14,50,39,45,34,29,17,28,6,20,12,6,28,-20,4,8,7,18,9,7,8,26,22,28,35,10,5,38,4,13,15,9,19,16,8,25,21,18,4,13,19,13,14,6,50,27,45,54,35,12,29,20,24,53,34,18,36,13,25,10,44,34,14,4,13,22,52,13,5,6,8,22,42,14,24,20,15,23,18,38,7,17,6,54,24,23,32,23,6,4,19,21,13,11,6,11,19,16,8,15,9,7,9,12,11,15,7,14,11,9,20,12,6,15,13,12,9,16,13,9,11,19,5,18,20,12,13,16,4,16,10,26,13,10,9,21,11,13,18,13,-20,8,17,10,10,4,13,18,22,10,10,10,19,8,8,15,8,16,10,16,16,15,14,14,10,11,24,6,15,16,10,13,6,16,14,13,17,10,12,13,8,4,5,10,15,7,11,9,19,6,14,9,10,12,-20,10,12,10,7,6,14,16,13,-20,6,6,9,15,5,9,11,9,12,6,14,8,8,5,5,8,15,4,5,6,12,7,9,15,18,7,11,11,5,6,10,11,15,16,8,9,24,11,16,21,11,6,4,16,18,13,15,13,9,20,10,8,10,12,19,8,11,20,12,-20,11,18,19,6,24,7,11,17,13,13,14,16,5,10,9,11,6,-20,12,10,21,4,9,10,7,7,11,11,15,16,9,-20,10,17,8,7,8,12,5,9,14,8,10,20,16,12,11,7,4,15,-20,56,5,6,17,14,14,18,14,14,12,27,12,10,12,12,14,14,11,13,10,20,13,30,7,8,7,13,13,14,29,19,10,13,20,6,8,18,8,11,15,23,9,15,8,-20,8,10,8,10,6,15,8,-20,6,6,6,13,3,18,11,17,7,6,9,10,6,9,10,16,6,15,9,8,14,9,9,-20,11,12,16,9,14,7,14,3,7,3,5,4,5,4,-20,6,-20,4,12,14,13,15,15,15,6,3,6,6,8,18,9,14,8,15,6,12,9,13,13,57,18,12,8,6,10,10,23,12,16,6,7,3,10,9,6,6,8,3,14,9,14,4,13,9,8,-20,3,10,5,9,8,11,9,10,9,15,7,-20,11,8,-20,4,-20,-20,6,-20,3,7,3,8,-20,4,3,6,4,-20,4,3,5,8,3,4,-20,-20,7,-20,-20,4,9,4,-20,5,5,7,10,4,-20,-20,-20,6,8,5,3,8,-20,-20,3,3,6,5,5,-20,4,7,3,3,-20,3,-20,-20,4,8,3,12,-20,43,28,15,17,14,21,31,30,56,35,57,114,70,26,51,74,54,70
"chr5,16650089",7,13,5,-20,6,8,5,8,11,5,7,11,33,29,24,28,42,20,72,57,47,10,41,24,60,46,30,36,19,6,10,8,9,9,74,59,26,19,24,7,5,35,11,11,9,42,5,36,6,13,10,19,61,20,-20,22,51,33,30,29,28,36,30,32,16,25,27,36,45,19,35,25,14,31,36,54,23,11,10,17,11,24,28,8,2,38,30,44,41,22,27,46,43,39,42,38,17,46,9,35,30,32,5,9,28,38,11,37,61,6,15,7,37,47,11,7,66,19,6,3,10,14,8,7,40,10,5,40,13,18,19,4,4,11,28,50,71,3,6,9,-20,11,11,4,31,5,6,36,6,8,3,6,34,12,34,5,6,15,56,18,5,3,10,13,2,10,-20,-20,6,15,24,42,33,8,5,16,11,31,11,27,14,12,15,-20,14,4,14,35,11,3,13,10,-20,5,9,27,16,8,14,15,10,23,35,21,33,10,18,23,7,19,26,29,27,22,9,20,37,5,10,13,9,11,23,37,12,26,19,10,24,31,30,29,47,40,10,6,15,22,14,6,28,18,18,16,6,34,26,11,19,14,13,18,19,11,16,15,16,7,14,6,4,16,21,17,15,18,11,36,22,7,13,32,19,23,24,16,38,30,16,32,9,12,8,29,11,18,13,3,8,8,5,22,7,8,34,21,22,7,7,2,11,8,6,-20,8,31,31,7,42,28,41,49,32,40,7,-20,-20,3,15,71,21,19,16,12,15,15,-20,6,4,17,6,9,6,7,29,5,3,48,106,13,6,35,11,17,6,7,8,11,20,9,4,8,6,13,-20,14,5,9,14,14,-20,21,11,8,2,16,20,-20,9,13,9,15,8,38,7,7,8,54,7,15,10,10,5,6,16,12,12,14,8,15,3,9,10,6,11,3,6,9,51,5,7,8,5,18,10,6,2,11,4,7,11,10,11,12,5,12,3,-20,6,8,4,5,11,3,9,34,17,4,17,11,8,7,122,14,14,8,5,8,12,2,3,9,4,7,9,3,4,6,14,17,45,28,21,3,8,4,17,10,8,-20,3,17,12,-20,26,8,5,7,8,4,3,11,3,6,9,5,7,12,40,31,14,13,10,-20,3,8,10,10,5,15,2,10,12,9,16,11,5,6,6,10,4,-20,-20,5,43,8,13,5,3,4,11,27,5,-20,34,34,45,43,-20,29,26,6,5,33,30,11,-20,26,4,8,-20,11,8,8,30,8,4,15,12,5,10,7,6,12,-20,25,11,4,12,13,18,11,9,5,-20,12,9,8,34,-20,5,26,21,11,15,8,32,5,51,12,15,4,10,12,4,13,4,12,35,19,13,50,41,44,36,30,17,29,6,19,12,6,25,-20,3,8,5,17,9,6,8,25,22,26,34,11,5,37,4,13,15,8,18,16,8,23,23,17,5,13,18,13,13,6,49,25,44,54,36,12,28,22,24,53,33,18,35,13,26,10,43,33,14,4,13,22,51,13,4,6,8,23,40,13,25,20,15,23,17,38,6,17,7,53,24,24,33,23,6,4,19,23,13,11,6,10,18,16,8,13,9,8,9,12,10,15,7,13,11,8,20,11,6,15,12,12,9,17,13,9,11,20,5,18,21,11,13,16,4,15,10,26,14,10,9,21,12,13,18,12,-20,8,17,9,12,4,12,18,22,10,10,10,19,8,8,15,8,16,-20,16,16,15,14,14,10,11,22,6,15,16,10,12,6,15,13,13,17,10,11,13,8,4,5,10,13,7,10,9,19,5,14,8,10,11,-20,9,12,10,7,6,14,16,13,-20,6,5,9,14,5,9,10,8,12,6,14,7,8,5,5,6,15,7,5,6,10,6,9,15,17,7,11,12,5,7,9,11,16,16,8,9,23,11,16,21,12,6,4,15,18,14,15,13,8,20,10,7,10,11,19,8,10,20,10,-20,11,18,17,5,24,6,11,15,13,13,13,16,5,11,8,10,5,4,12,10,20,4,9,10,7,7,11,10,14,16,9,-20,10,17,6,7,8,12,5,9,13,7,9,20,16,12,11,6,4,14,-20,56,5,6,16,13,11,16,14,14,12,24,12,10,12,12,14,14,11,10,10,20,11,31,9,8,7,13,13,12,28,19,11,13,17,6,7,17,8,11,15,21,9,15,8,-20,6,10,8,10,6,15,8,8,6,6,4,13,3,18,6,16,7,6,9,11,6,9,10,15,6,14,9,8,14,9,9,8,11,12,16,9,14,7,12,4,8,3,5,4,5,4,-20,6,-20,4,11,14,12,14,15,15,6,3,5,6,8,17,9,15,7,15,6,12,9,11,13,58,18,12,8,6,10,10,23,12,16,6,7,3,10,9,6,6,8,3,14,9,14,4,13,9,8,-20,3,10,5,10,8,11,9,9,9,13,8,-20,-20,7,-20,4,-20,-20,5,-20,3,6,3,7,-20,5,3,5,3,-20,5,3,-20,8,4,4,-20,3,7,3,-20,5,10,-20,-20,5,5,7,10,4,-20,-20,-20,6,7,4,4,9,-20,2,-20,6,5,5,4,-20,4,5,3,-20,-20,3,-20,-20,-20,8,3,11,-20,42,29,15,17,14,20,31,28,54,38,57,99,68,26,49,75,53,67
"chr5,16650093",7,14,5,-20,6,8,7,8,11,5,4,10,36,28,25,26,42,20,73,55,49,11,39,28,61,44,29,35,19,6,10,8,9,9,73,59,27,19,23,6,5,-20,11,11,8,43,-20,37,6,14,11,20,61,19,22,24,53,33,30,30,28,36,31,33,16,24,25,37,45,18,32,25,14,32,36,49,23,10,10,17,11,27,28,8,3,38,31,45,42,21,26,43,46,38,38,40,17,46,7,36,29,32,6,11,30,40,7,39,62,6,13,7,38,46,11,7,68,20,6,3,10,13,10,7,42,10,5,40,13,18,19,4,4,11,29,48,65,3,6,9,-20,11,10,3,30,5,6,37,5,8,3,6,34,11,33,5,6,16,58,18,6,3,10,14,-20,11,-20,2,5,12,23,42,31,7,5,17,10,31,11,26,13,12,16,-20,14,4,15,35,11,3,16,12,-20,5,8,27,16,9,13,22,10,21,34,21,36,10,20,22,9,20,26,26,24,23,10,20,38,6,12,13,8,12,23,40,13,26,21,10,24,31,31,27,49,40,12,6,16,22,17,5,26,19,17,17,5,32,27,12,18,12,12,19,18,10,17,14,16,7,15,9,4,17,22,19,13,18,13,36,22,10,12,35,20,24,24,15,39,33,15,33,9,11,9,31,12,18,14,-20,8,7,5,23,7,8,36,21,20,7,7,2,11,8,6,-20,8,32,29,8,42,31,40,50,34,39,7,-20,3,3,15,73,21,19,18,12,14,14,-20,6,4,17,6,10,6,7,26,5,3,47,107,14,6,35,11,17,7,7,7,10,20,10,4,8,5,12,-20,15,5,9,15,15,-20,20,10,8,-20,18,20,4,9,13,9,14,8,36,7,8,7,57,7,17,12,11,7,6,17,11,13,13,8,14,3,10,9,6,10,3,6,8,52,4,7,7,5,21,10,6,2,11,5,7,12,10,11,12,5,13,3,-20,6,8,6,5,10,4,10,34,17,4,17,13,8,7,118,15,14,8,5,8,12,-20,3,9,4,7,9,3,5,6,14,15,47,29,21,3,8,4,17,10,8,-20,4,18,12,9,27,8,5,8,7,4,3,12,3,6,9,5,8,13,39,31,14,17,10,-20,3,8,10,10,6,13,2,9,12,11,16,11,6,6,6,11,4,-20,-20,5,42,7,12,5,3,4,11,28,5,8,35,36,42,46,-20,29,23,5,5,34,30,11,-20,26,4,9,28,11,8,-20,31,-20,-20,16,12,5,9,7,6,-20,3,27,10,4,11,14,17,11,9,5,8,12,9,9,34,8,5,26,25,12,15,7,35,5,51,11,15,3,10,12,5,12,3,15,37,19,13,49,39,44,37,32,17,29,4,18,11,6,25,4,3,8,6,17,8,6,8,25,22,23,34,9,5,38,4,11,16,8,18,16,8,21,23,16,5,13,18,13,14,6,50,26,44,50,35,12,28,21,27,53,31,19,37,11,26,10,39,34,13,4,13,21,46,14,4,6,8,22,42,14,26,21,15,25,17,38,6,19,7,54,23,24,32,23,7,4,19,26,-20,11,6,10,18,17,8,13,9,8,9,11,11,15,7,12,11,8,19,12,6,14,12,12,8,18,14,8,11,21,5,17,21,11,13,14,4,16,10,26,13,10,9,19,12,13,18,12,-20,9,16,10,12,4,12,18,21,10,10,10,17,9,8,13,7,17,10,16,16,15,12,14,12,11,22,6,13,17,9,12,6,15,13,13,17,10,10,14,9,5,4,10,13,7,10,9,19,7,14,9,10,11,-20,9,13,9,8,7,14,16,12,-20,7,6,9,15,4,10,10,8,12,5,14,8,8,5,5,5,15,8,5,7,9,6,9,14,16,5,12,11,5,7,9,11,15,16,7,8,18,11,16,21,12,6,4,14,17,14,15,13,9,20,10,8,10,11,18,8,10,20,10,3,11,17,17,5,23,6,12,15,13,11,12,14,5,11,7,11,5,4,11,10,21,4,9,10,6,8,12,9,14,14,9,-20,10,16,6,7,8,13,4,9,13,6,8,21,16,12,11,6,4,15,-20,57,5,6,16,13,12,16,13,14,12,23,13,10,11,10,14,14,10,8,8,20,11,29,9,10,7,12,12,13,27,18,11,12,17,6,7,16,8,11,16,21,9,16,8,-20,4,11,8,10,6,15,8,8,6,6,4,13,4,17,7,15,7,6,9,11,7,9,10,16,6,14,9,8,15,9,10,7,11,12,16,9,14,7,13,4,9,3,5,4,5,4,-20,6,-20,5,11,14,12,13,15,14,6,3,5,6,7,17,10,16,8,15,6,12,8,10,13,58,19,12,8,6,11,10,22,11,15,8,7,3,9,9,6,6,8,3,13,9,16,4,11,9,8,-20,3,10,4,10,8,10,9,9,8,13,7,-20,8,6,-20,4,-20,-20,7,-20,3,6,3,5,-20,6,4,7,-20,-20,4,3,6,8,4,5,-20,-20,8,5,-20,6,6,-20,-20,4,6,6,6,4,-20,-20,-20,7,8,-20,3,10,-20,-20,3,5,6,4,4,-20,4,7,-20,-20,-20,3,-20,-20,-20,9,-20,13,-20,41,30,14,19,15,18,29,29,54,38,57,99,68,28,49,76,51,66
"chr5,16650109",6,12,4,-20,7,7,6,9,9,6,-20,12,42,30,21,25,40,16,66,58,39,10,41,30,63,46,29,38,19,7,10,8,8,7,66,64,28,18,22,7,11,32,9,10,6,40,6,43,6,15,13,24,73,21,22,23,57,37,34,29,30,39,34,35,20,26,27,40,41,18,34,24,16,23,34,48,25,11,8,18,11,32,31,9,4,37,34,50,44,18,22,37,46,37,40,42,12,41,-20,40,27,33,5,13,31,42,6,42,58,8,12,7,43,42,9,5,64,16,7,4,14,10,11,-20,45,8,7,34,17,17,13,5,5,12,33,42,76,3,5,9,-20,10,11,4,28,6,9,37,5,10,4,6,36,9,34,5,5,18,63,19,6,3,7,13,5,10,-20,3,7,12,19,37,28,5,4,15,8,24,12,30,13,10,13,-20,11,4,12,34,11,5,14,15,-20,7,6,25,17,10,11,22,14,20,34,16,33,9,15,27,10,21,25,29,24,24,10,17,43,10,19,14,9,13,21,37,12,26,19,16,23,30,35,31,48,32,11,7,12,16,17,7,24,16,16,19,5,35,23,11,21,18,10,18,15,9,13,12,16,7,12,10,6,17,19,19,14,18,12,35,22,9,15,39,16,28,21,15,48,33,11,28,7,11,-20,34,12,17,14,-20,9,5,5,23,7,9,39,18,18,10,6,-20,13,8,5,-20,5,35,34,9,35,30,38,44,37,43,8,-20,3,5,12,72,23,23,19,11,12,13,-20,6,4,24,7,9,5,11,31,2,-20,53,116,13,5,32,14,16,7,10,-20,10,16,12,4,8,4,12,-20,-20,5,9,13,16,5,24,8,9,-20,14,16,4,9,12,9,13,8,41,7,7,5,58,-20,20,11,9,-20,7,18,9,9,20,10,15,5,10,9,7,11,3,8,6,56,4,8,9,6,20,8,6,4,12,4,7,18,12,11,12,4,14,4,4,7,6,6,6,11,5,8,30,15,4,20,15,11,9,108,15,13,7,5,7,13,3,3,11,4,6,7,4,5,6,12,13,50,30,24,3,8,5,18,10,10,-20,5,16,10,10,24,7,5,10,8,4,3,12,3,6,7,4,8,12,37,27,13,20,10,-20,3,4,12,11,7,16,3,9,8,13,13,9,8,7,6,8,4,-20,-20,5,43,8,10,7,-20,-20,7,30,6,9,34,40,39,49,5,30,22,5,5,29,33,8,4,24,6,8,31,10,5,10,34,9,4,19,13,6,9,6,9,13,4,27,10,4,11,13,12,13,8,6,12,15,12,11,37,5,-20,28,26,11,15,5,36,6,55,14,17,-20,13,12,6,13,3,15,36,22,13,48,39,43,37,29,16,31,4,20,13,9,27,4,4,6,6,14,10,-20,6,20,31,24,40,9,8,38,-20,8,14,7,20,11,8,22,27,14,5,9,17,15,15,8,45,23,44,45,33,16,31,25,21,53,31,17,42,12,19,11,37,36,13,-20,13,20,46,13,4,6,8,-20,48,13,27,15,19,25,18,37,6,18,9,50,16,22,31,17,6,6,19,23,11,10,6,10,18,17,10,14,9,7,8,15,9,19,11,11,10,7,21,13,6,19,10,13,10,19,13,10,11,23,9,15,18,9,11,13,5,15,14,24,9,9,10,20,11,15,18,8,-20,9,20,10,15,3,13,19,20,7,12,9,22,13,9,13,7,13,13,18,19,14,17,13,13,11,23,5,12,18,9,12,10,19,15,16,13,17,10,16,10,6,5,10,12,7,10,8,20,-20,15,9,9,11,8,11,12,7,8,5,13,17,11,3,7,5,9,14,7,10,10,10,14,3,12,8,8,6,8,4,14,9,6,15,7,8,8,14,14,4,20,7,6,6,8,12,15,12,12,8,23,9,13,21,10,8,3,13,16,18,13,13,8,22,14,9,8,9,20,10,12,18,9,-20,8,14,17,8,24,5,12,17,18,11,15,16,7,11,10,12,5,4,8,9,27,3,7,12,5,6,14,10,13,12,11,3,8,15,6,7,6,14,4,7,13,8,-20,22,16,13,13,7,3,14,-20,51,7,8,15,9,11,11,10,12,12,16,13,10,11,13,14,15,13,10,8,17,11,25,12,14,5,11,13,19,31,15,15,17,14,8,8,18,12,10,16,21,8,17,7,-20,5,11,10,10,8,16,5,7,4,8,-20,10,5,19,6,14,8,5,11,10,7,9,10,13,6,11,8,10,15,8,11,9,11,12,17,10,11,10,13,7,14,3,4,3,4,4,-20,5,-20,-20,9,12,17,9,16,19,6,-20,6,5,11,15,9,12,9,12,6,12,7,9,9,48,15,10,10,7,9,8,18,10,20,8,8,5,6,10,6,4,10,6,13,9,13,4,15,7,6,-20,-20,12,3,10,6,11,12,9,10,15,8,4,14,7,-20,-20,-20,-20,8,-20,4,-20,-20,7,4,6,4,3,2,-20,4,-20,3,5,3,5,-20,4,5,5,-20,6,5,-20,-20,3,3,6,6,4,-20,-20,6,4,9,3,-20,8,-20,-20,6,4,6,6,5,-20,-20,-20,-20,-20,-20,6,3,-20,-20,6,-20,11,-20,43,34,14,21,16,12,29,33,56,38,61,-20,72,32,52,81,50,59
"chr5,16650112",6,14,4,-20,7,5,6,9,9,6,3,12,42,31,22,24,41,15,65,56,41,10,42,29,66,45,32,37,19,7,10,8,7,7,70,64,28,16,22,7,11,30,-20,7,9,39,-20,43,6,15,13,25,74,21,22,22,55,36,30,27,30,38,34,35,20,26,26,38,41,18,35,25,16,23,35,49,25,11,7,18,13,32,33,9,4,40,34,53,43,17,23,35,48,39,39,42,11,41,5,40,28,32,5,12,29,42,6,42,55,8,13,5,41,39,11,5,61,14,9,4,14,10,11,7,44,8,7,36,17,15,10,5,5,12,31,44,75,-20,4,8,-20,9,13,4,27,6,9,38,5,10,4,7,36,10,35,5,5,18,62,17,6,3,7,13,5,11,-20,4,7,15,20,35,28,5,4,15,7,22,15,29,11,10,14,-20,11,4,11,33,13,6,14,15,-20,7,7,26,18,10,10,21,14,19,35,15,34,10,15,29,11,20,24,29,22,23,9,18,44,-20,21,13,8,12,22,33,12,24,17,16,24,32,36,34,48,31,11,6,11,15,17,7,24,15,15,20,5,34,25,10,21,19,10,19,16,9,12,11,16,7,12,11,5,17,18,15,14,19,13,36,20,9,13,37,16,29,21,15,49,34,10,27,6,11,10,34,11,17,16,-20,8,5,5,22,7,10,38,20,17,10,5,3,15,8,5,-20,5,34,36,8,35,32,37,44,37,40,8,-20,-20,4,12,72,25,23,18,13,12,13,-20,8,4,22,7,9,5,10,33,2,-20,51,116,12,6,33,16,15,7,10,7,8,15,12,4,6,4,12,-20,11,-20,8,13,16,5,24,8,9,-20,14,16,4,9,11,9,11,9,42,7,7,5,59,6,20,11,9,-20,7,17,9,9,17,10,14,5,9,9,6,11,3,8,5,55,4,6,10,6,15,7,6,5,12,3,8,17,12,11,9,3,14,4,4,7,7,6,6,11,5,9,25,-20,4,21,16,10,9,106,14,12,7,5,6,12,3,2,11,4,6,7,4,6,6,12,13,52,28,24,3,7,5,17,11,10,-20,5,17,11,10,22,8,5,11,8,4,3,11,-20,7,-20,4,8,11,36,27,13,21,9,-20,3,4,11,10,7,13,4,9,8,13,13,10,8,6,5,8,3,-20,-20,6,42,8,10,7,2,-20,8,30,6,10,33,40,39,48,5,29,23,4,6,31,33,8,4,26,5,8,30,9,5,10,37,9,4,16,13,6,9,6,9,12,4,24,10,4,9,11,12,13,8,5,12,15,12,10,37,5,-20,29,23,11,15,6,36,6,53,14,16,-20,12,12,6,13,3,16,40,20,15,47,37,43,37,29,12,30,3,20,14,9,25,5,4,6,6,14,10,9,6,20,30,24,36,8,7,39,4,8,14,8,20,12,7,22,26,13,5,9,17,14,14,8,46,22,41,49,31,16,28,28,20,51,34,15,41,11,18,11,37,36,12,-20,14,19,46,13,4,6,8,23,51,13,28,18,19,26,18,41,6,16,9,52,15,20,32,17,7,6,19,24,11,10,6,10,17,17,10,15,10,7,8,13,9,18,10,10,10,8,21,13,5,19,10,11,12,20,14,10,12,20,9,14,19,10,11,14,5,16,14,20,9,10,10,19,10,15,17,8,-20,9,23,6,16,3,12,18,20,6,12,9,20,13,9,14,7,14,13,17,18,14,16,13,13,9,22,5,12,17,9,12,10,16,15,16,12,17,10,16,10,6,7,9,12,6,10,8,21,8,13,9,8,11,8,11,12,7,8,6,14,17,12,3,7,4,8,16,7,10,8,11,13,3,12,8,8,6,8,6,13,10,8,15,9,8,8,15,15,4,20,6,6,6,8,14,14,12,12,8,24,10,11,21,12,8,3,14,19,18,13,13,10,22,14,9,8,10,20,10,12,18,11,-20,8,14,17,8,24,5,12,17,18,10,15,16,8,12,10,11,5,4,9,9,25,3,7,10,7,7,14,10,14,13,12,3,9,12,6,7,6,14,3,7,14,9,10,21,16,12,13,7,3,14,-20,50,7,7,15,9,12,12,11,13,13,16,13,9,11,12,12,16,13,9,7,15,11,24,12,13,4,10,13,18,31,17,16,18,14,8,8,17,11,10,15,22,7,19,7,3,3,10,10,8,8,16,5,7,2,8,-20,9,5,16,5,12,7,-20,11,10,7,9,9,13,6,8,6,10,13,8,11,9,11,12,17,10,10,10,13,7,13,3,4,3,4,4,-20,5,-20,-20,9,11,17,9,17,-20,5,7,6,5,9,15,9,11,11,11,6,12,6,9,9,49,12,11,9,7,9,8,17,10,20,9,8,-20,5,10,6,5,13,6,13,9,13,5,16,7,5,-20,-20,11,3,10,5,11,12,8,7,16,8,-20,15,9,-20,-20,3,-20,9,-20,3,-20,-20,5,3,-20,6,4,2,-20,3,-20,4,6,3,4,-20,3,5,3,-20,-20,3,3,-20,4,3,5,7,-20,-20,-20,7,-20,8,-20,-20,9,-20,-20,5,4,7,6,5,-20,-20,-20,-20,-20,-20,5,4,-20,3,8,8,12,-20,54,35,14,21,17,12,30,34,55,41,60,81,78,35,50,80,47,59
"chr5,16650118",5,13,4,3,7,4,5,9,9,7,3,10,41,32,23,28,40,18,64,55,39,9,41,29,66,45,35,40,18,5,7,8,-20,7,68,61,29,15,20,7,-20,34,8,7,13,41,-20,42,6,12,13,27,72,21,20,22,54,36,31,28,31,38,36,37,19,25,27,37,37,18,39,25,16,25,34,51,25,10,7,20,11,31,33,12,-20,36,33,51,44,16,24,35,47,39,37,42,14,42,7,45,31,32,4,13,28,42,6,42,52,8,15,4,41,39,11,8,63,15,9,6,14,10,11,7,47,7,7,39,17,15,11,7,5,13,31,44,74,-20,4,8,4,10,14,5,26,6,11,40,6,10,6,7,38,10,33,5,4,18,58,18,7,3,7,14,-20,15,-20,4,7,15,21,38,27,5,-20,16,7,15,15,31,8,9,14,-20,10,4,9,32,12,-20,16,13,-20,6,7,27,17,10,10,21,14,20,26,15,33,12,15,25,11,25,26,27,21,20,8,22,43,10,21,13,9,11,21,32,9,25,18,17,24,36,38,35,52,29,10,7,14,14,16,6,24,16,13,20,6,36,25,10,22,20,7,18,19,8,12,13,16,8,12,10,5,15,18,12,15,16,13,36,19,12,13,38,17,31,20,11,50,36,9,27,6,12,10,37,11,17,15,-20,8,8,5,23,7,10,37,26,18,9,4,3,16,8,5,-20,4,34,33,9,33,35,38,39,37,43,10,-20,-20,4,12,72,24,23,-20,13,14,12,-20,8,5,26,6,8,5,9,31,3,-20,50,113,11,5,31,17,15,8,10,7,5,15,11,-20,5,5,13,-20,10,-20,7,14,16,5,22,9,9,-20,12,14,5,9,10,10,12,9,40,6,7,5,62,6,20,10,9,8,7,18,9,8,17,10,16,5,9,8,6,11,3,10,5,54,3,6,12,6,18,5,5,7,12,3,8,14,11,11,8,4,13,4,5,6,-20,7,6,11,5,9,24,-20,3,21,17,9,8,102,14,13,7,-20,-20,11,3,2,11,3,6,7,4,10,3,11,14,54,28,23,3,9,5,17,9,8,-20,5,15,11,9,23,6,5,11,9,3,3,13,3,7,6,3,7,11,39,26,10,17,9,-20,3,4,11,8,7,12,4,8,10,14,12,11,9,4,4,8,3,-20,-20,7,42,7,10,7,2,-20,4,31,6,10,34,40,39,43,6,28,20,6,6,29,35,9,4,29,5,8,33,9,6,9,37,9,5,15,14,-20,10,6,9,12,4,25,10,-20,6,11,12,12,6,6,12,16,13,10,39,3,-20,-20,21,8,15,8,35,8,51,14,17,3,12,11,6,13,3,14,40,22,18,44,37,41,39,30,13,26,4,21,13,9,25,6,5,-20,6,13,10,7,7,20,31,24,37,8,7,36,4,8,14,9,19,13,7,24,30,11,5,9,17,13,11,9,47,24,41,47,30,17,28,27,18,52,34,18,40,9,19,12,37,37,10,-20,13,19,41,14,-20,6,11,21,49,11,29,18,18,25,18,38,5,18,12,52,15,19,28,12,7,6,18,24,12,11,7,10,16,17,10,16,10,7,12,13,8,20,9,10,10,7,22,14,5,19,11,13,12,23,19,9,16,20,10,12,18,15,13,14,5,18,14,21,9,11,10,18,9,16,17,8,-20,8,24,6,13,4,11,20,20,6,12,10,19,13,9,15,8,17,12,17,16,-20,18,12,16,10,20,4,13,17,8,11,8,15,15,16,14,16,9,15,9,7,8,8,12,7,12,11,21,7,13,10,8,9,9,13,14,7,10,6,17,17,12,-20,7,5,7,15,7,10,9,11,13,7,13,9,10,7,9,7,14,10,10,13,9,9,9,12,15,4,20,6,7,6,7,16,15,15,13,8,29,10,12,27,14,8,4,15,18,18,12,16,10,20,14,9,8,10,23,10,11,15,11,3,10,13,21,8,23,6,13,17,22,10,15,16,9,12,12,10,6,5,10,9,26,3,7,10,7,7,14,10,15,14,12,3,9,14,7,8,7,16,3,6,15,9,10,21,16,12,14,8,4,14,-20,51,7,7,16,9,13,12,12,13,14,17,10,8,13,12,11,16,14,8,8,15,12,27,12,15,7,9,13,19,29,17,16,16,16,8,11,18,11,10,14,24,7,19,8,-20,4,10,10,8,10,20,-20,7,2,8,-20,10,6,15,5,12,10,6,12,10,5,8,10,15,6,8,6,14,13,9,11,11,12,14,17,11,13,11,15,7,13,3,4,3,4,4,-20,5,-20,5,8,12,16,6,16,16,8,7,8,6,10,17,12,12,11,11,6,13,6,8,11,49,15,12,9,8,8,8,20,11,19,9,8,-20,5,11,6,6,10,7,13,9,15,5,17,8,4,4,-20,13,3,8,4,11,12,12,6,17,9,4,14,6,-20,-20,3,5,8,-20,4,6,-20,5,4,8,5,-20,-20,-20,4,-20,-20,6,3,7,-20,-20,-20,3,-20,6,3,3,-20,5,3,6,9,5,-20,-20,9,2,9,-20,-20,10,-20,-20,5,3,7,-20,5,-20,-20,-20,-20,-20,3,6,3,-20,3,8,5,10,-20,54,34,15,23,20,12,32,36,59,44,57,81,80,38,50,88,45,60
"chr5,16650120",5,12,4,3,6,3,5,8,9,7,3,9,40,34,22,27,40,19,65,57,41,9,45,28,63,45,38,37,18,5,7,8,-20,6,68,59,29,17,19,6,-20,32,-20,6,13,41,7,40,6,11,14,26,73,20,22,25,56,38,31,31,31,37,34,36,19,22,27,37,38,18,38,23,15,26,34,51,27,10,6,19,11,30,33,11,4,38,33,51,43,16,25,34,45,39,35,42,13,40,6,47,31,30,4,13,28,42,6,41,52,8,15,4,43,39,11,8,65,14,9,6,13,10,11,6,47,8,7,41,17,14,11,7,5,13,37,48,73,-20,4,8,4,9,12,-20,28,6,11,39,6,9,6,7,40,9,33,5,5,18,54,17,5,3,7,13,-20,14,-20,4,6,16,22,37,26,6,3,17,7,11,15,33,8,8,15,4,10,4,9,32,12,8,15,12,-20,6,7,27,18,10,11,21,14,21,27,15,31,12,15,26,10,26,26,29,22,22,8,22,45,10,20,14,9,11,20,32,10,26,20,16,23,37,36,35,51,28,10,7,13,16,16,6,26,16,13,19,7,37,27,9,21,19,7,18,18,8,12,13,16,9,12,10,5,15,17,12,15,17,13,35,19,13,13,38,16,32,17,12,51,36,10,27,5,12,10,37,13,18,15,-20,8,9,6,24,7,11,38,19,18,9,4,3,15,8,3,-20,4,35,35,9,32,34,38,40,38,43,10,-20,-20,4,12,74,25,23,18,13,17,13,-20,9,5,27,6,8,6,9,30,4,-20,51,112,11,6,30,17,15,8,10,-20,7,14,10,-20,5,5,12,-20,10,-20,7,15,15,5,23,9,9,-20,12,12,5,10,11,10,11,8,39,6,7,4,56,6,21,10,9,9,7,20,9,8,18,11,13,5,9,8,6,12,3,10,5,53,3,6,12,6,16,5,5,6,12,3,7,13,11,11,8,4,12,4,4,5,7,7,5,11,5,9,23,-20,3,20,17,9,8,96,15,10,7,-20,-20,10,3,2,10,3,6,7,4,12,2,11,14,55,28,22,3,9,5,17,10,8,-20,5,16,11,9,22,7,5,11,8,3,3,13,3,7,5,3,8,12,40,24,10,17,9,-20,3,4,11,8,8,14,4,8,10,14,12,11,8,5,4,9,3,-20,-20,7,42,8,9,7,-20,-20,5,28,6,10,33,38,36,46,6,29,21,6,6,27,36,8,4,30,5,8,32,9,6,8,35,9,5,16,14,-20,10,6,10,11,3,24,9,-20,6,10,12,12,6,6,12,16,12,10,36,3,-20,29,23,8,15,8,35,8,49,13,16,3,12,11,6,-20,3,14,41,22,17,46,35,41,40,28,12,25,3,21,13,9,25,6,5,8,5,12,10,8,7,21,30,24,36,7,7,35,4,8,14,9,20,14,7,24,29,11,6,9,17,13,11,9,50,24,41,47,33,17,26,28,18,49,34,18,-20,9,19,12,36,40,13,-20,13,20,41,14,-20,6,10,18,52,11,30,19,18,28,18,39,6,17,12,50,15,19,29,12,7,6,18,23,12,10,7,12,16,17,10,15,7,6,10,13,8,19,10,9,10,7,22,14,4,18,11,13,12,24,19,9,16,19,10,12,18,15,12,14,5,17,14,19,9,11,10,19,9,16,14,8,-20,9,23,6,13,4,11,20,18,6,12,10,16,12,8,15,8,16,12,17,16,17,18,12,16,10,19,4,12,17,8,10,8,14,13,15,12,16,9,15,9,7,8,8,12,7,12,11,20,7,13,10,7,9,9,12,12,7,9,6,16,16,12,-20,7,5,8,15,7,10,8,11,13,7,12,9,9,7,9,7,15,10,10,14,9,7,8,12,15,5,19,6,7,6,7,14,15,15,13,8,28,10,9,23,12,8,4,14,17,18,11,17,10,18,13,9,7,9,21,10,11,15,11,3,11,13,20,8,22,6,12,16,22,10,15,15,8,11,11,9,5,5,10,8,26,3,6,10,7,6,14,10,13,14,12,3,9,14,7,8,7,15,3,5,15,10,10,20,16,12,13,8,-20,14,-20,51,7,7,14,9,13,10,12,13,15,17,11,7,12,10,10,15,14,8,8,15,11,26,11,13,6,10,13,19,29,17,13,16,15,8,11,15,11,8,13,23,7,19,8,-20,4,10,10,8,8,19,-20,7,2,8,-20,9,6,15,5,9,10,6,11,8,5,8,9,15,6,7,6,14,11,8,10,11,12,12,14,10,15,11,16,7,12,3,4,3,3,4,-20,4,-20,5,8,12,16,6,16,15,8,6,7,6,10,16,9,12,11,11,7,13,6,7,10,45,14,10,9,8,8,8,20,11,20,9,8,-20,4,7,5,6,10,7,13,9,14,6,15,7,4,6,-20,11,3,7,4,12,10,12,5,17,9,-20,-20,7,-20,4,-20,5,8,-20,4,-20,-20,-20,-20,-20,-20,3,-20,-20,-20,-20,-20,5,-20,6,2,-20,-20,3,-20,-20,4,4,-20,6,-20,5,-20,4,-20,-20,10,-20,8,-20,-20,7,-20,-20,4,3,-20,4,5,-20,-20,-20,-20,-20,4,6,-20,3,3,-20,7,11,-20,54,35,15,23,20,14,33,35,60,43,57,81,79,40,49,89,42,60
"chr5,16650122",5,13,4,3,6,3,5,8,8,7,3,9,41,34,22,28,41,19,64,60,43,9,46,28,65,43,37,37,19,5,7,8,8,7,68,58,29,16,19,6,-20,34,-20,4,14,42,6,38,6,10,14,27,74,20,21,24,54,38,30,31,33,39,32,38,19,20,26,39,38,19,39,24,15,26,32,54,25,10,6,19,11,32,33,11,-20,39,36,50,45,15,24,34,44,39,35,42,13,40,6,46,31,31,4,13,28,42,6,42,51,7,14,4,43,39,11,8,63,14,9,-20,13,10,11,6,48,8,7,41,16,15,12,7,5,13,35,47,70,-20,4,8,4,9,12,-20,28,6,11,39,6,9,6,8,32,11,32,5,5,18,56,17,5,3,8,13,5,14,-20,4,6,16,22,38,27,6,3,16,6,12,15,36,8,8,15,5,10,4,9,32,11,9,15,12,-20,6,7,25,17,11,10,20,16,19,26,15,28,12,14,26,10,26,27,29,23,19,9,23,44,9,20,14,9,11,22,33,9,25,19,16,24,38,38,35,52,32,10,7,13,17,15,6,26,15,13,19,7,39,28,9,21,19,8,15,18,8,11,14,15,9,11,10,5,16,16,10,14,18,12,35,19,12,13,38,16,31,17,12,49,36,10,26,5,12,10,37,13,18,14,-20,8,8,6,23,5,11,40,19,17,9,4,3,16,8,2,-20,-20,36,37,9,32,34,38,40,40,44,9,-20,3,4,13,74,26,23,19,12,16,13,-20,9,5,27,6,7,6,9,29,4,-20,49,107,11,6,30,17,17,8,10,7,7,14,10,-20,5,5,12,-20,11,-20,7,14,15,6,24,9,9,-20,12,13,5,10,11,11,10,8,37,5,6,4,55,7,20,10,9,8,7,20,9,8,18,12,13,5,10,8,5,12,3,10,5,53,2,6,11,6,15,5,5,6,13,3,7,13,11,11,8,4,12,4,4,5,6,7,5,11,5,10,22,-20,4,20,16,9,8,94,15,11,7,-20,-20,11,3,2,10,2,6,7,4,12,2,11,12,51,28,22,3,9,5,17,10,8,-20,5,16,11,9,21,7,5,11,8,3,3,13,3,6,5,3,-20,11,42,23,10,16,10,-20,-20,4,11,8,8,13,3,8,10,12,12,11,8,6,3,9,3,-20,-20,7,41,8,10,7,-20,-20,5,29,5,9,34,38,40,45,7,29,22,6,6,28,35,8,4,31,5,8,33,9,6,8,38,-20,5,17,14,6,10,5,10,11,3,23,9,-20,6,10,11,11,6,6,11,15,12,10,40,3,-20,27,22,8,15,8,35,8,47,14,16,3,12,11,7,12,3,14,40,24,16,44,38,40,42,28,12,25,3,21,13,10,23,6,5,8,5,12,9,8,7,21,30,24,35,7,7,35,4,8,15,9,20,14,7,24,29,11,6,9,16,13,11,9,51,25,39,49,33,17,26,28,18,50,34,18,39,9,20,12,32,45,13,-20,13,20,39,14,-20,6,10,19,53,11,31,18,18,29,18,34,6,16,12,48,15,19,29,14,7,5,18,23,12,10,7,12,15,17,10,15,7,8,11,13,8,19,10,9,10,7,22,14,4,18,11,14,12,24,19,9,16,19,10,12,19,15,12,15,-20,17,14,19,9,10,10,19,8,16,13,8,-20,9,22,6,13,4,11,20,18,6,12,10,16,12,8,15,9,17,13,17,16,17,18,12,17,10,18,5,12,16,8,10,8,14,13,15,12,16,9,15,9,7,8,8,12,7,12,11,20,7,13,10,7,9,9,12,13,7,9,6,16,16,12,-20,7,5,8,15,7,10,8,10,13,7,12,9,9,7,9,7,15,10,10,14,9,7,9,13,15,5,20,6,7,6,7,13,15,15,15,8,29,10,10,23,13,8,4,14,17,18,12,17,10,18,13,9,7,9,22,10,11,15,12,3,11,13,20,8,22,6,13,16,22,10,15,15,8,11,11,9,5,5,11,8,26,3,6,10,7,6,14,10,13,15,12,3,11,14,7,8,7,15,-20,5,14,10,9,20,16,12,13,8,-20,14,-20,48,7,7,15,9,13,10,12,13,15,16,11,7,12,10,10,17,14,10,8,15,12,26,12,13,6,11,12,19,29,17,13,16,15,8,11,15,11,8,14,23,7,19,8,-20,4,10,9,8,8,19,-20,6,2,8,-20,9,6,15,5,9,10,6,11,8,5,-20,8,15,6,7,6,14,11,8,10,11,11,11,15,11,15,11,16,7,12,3,4,3,3,4,-20,4,-20,5,9,12,16,6,17,15,8,6,7,6,10,16,9,12,11,11,7,13,6,8,10,45,14,10,10,8,8,8,20,11,20,9,8,-20,4,7,5,6,10,7,13,8,14,6,15,7,4,6,-20,11,3,7,4,12,13,12,5,17,10,3,16,6,-20,4,-20,4,7,-20,4,6,-20,4,3,6,4,6,-20,-20,4,-20,-20,5,-20,6,4,-20,-20,-20,-20,7,4,4,-20,4,-20,5,10,5,-20,-20,11,-20,6,-20,-20,9,-20,-20,6,3,5,3,5,-20,-20,4,-20,-20,4,5,3,3,3,-20,7,8,-20,54,34,13,23,20,14,34,35,63,43,59,81,80,39,47,88,42,61
"chr5,16650125",5,13,5,3,7,3,7,6,10,6,3,9,41,36,22,28,32,19,63,59,44,9,48,27,65,42,38,37,19,5,7,8,8,7,68,58,29,16,18,6,12,35,-20,4,14,43,5,39,6,9,14,26,73,20,22,26,54,37,30,33,32,39,30,38,15,20,26,39,36,19,37,24,12,26,33,52,26,13,5,18,11,29,34,8,4,40,38,50,44,15,26,36,45,40,35,41,11,39,7,47,30,31,5,12,27,40,6,42,51,7,11,4,42,38,10,8,63,13,-20,-20,11,11,11,6,47,9,5,42,17,14,12,7,7,13,35,46,68,-20,5,7,4,8,12,5,28,5,11,42,6,7,6,8,30,11,37,4,5,18,57,16,5,4,10,11,5,15,-20,4,6,14,22,39,26,7,-20,14,6,12,17,36,7,7,14,5,10,2,8,31,11,9,15,11,-20,5,8,26,17,11,9,21,16,21,25,15,27,12,14,26,13,25,27,29,21,20,9,24,44,9,19,14,8,11,21,34,11,16,16,15,24,36,37,34,55,28,10,6,13,17,16,5,26,15,12,20,7,38,27,8,23,20,8,15,17,6,11,15,15,8,11,10,5,12,15,10,12,20,13,35,19,13,12,38,17,31,18,13,49,34,10,22,5,12,10,39,13,18,14,-20,7,8,7,23,4,11,39,24,16,9,4,3,16,8,2,-20,-20,38,36,10,32,30,39,40,40,47,9,-20,3,4,12,72,24,23,19,14,16,13,-20,9,5,29,5,7,6,8,29,4,-20,50,107,10,6,28,17,18,7,11,-20,-20,14,10,-20,5,5,10,-20,9,-20,8,13,14,6,24,9,7,-20,12,12,5,10,11,11,10,8,37,6,6,4,58,7,20,9,9,8,7,18,9,8,17,12,13,5,11,8,5,12,3,10,5,54,2,5,11,5,16,4,5,7,11,3,7,13,10,9,9,4,12,4,4,5,6,7,5,10,5,10,20,12,4,20,15,9,7,93,15,11,7,-20,-20,8,-20,2,11,2,5,7,4,13,-20,10,11,51,27,20,2,9,5,15,9,8,-20,5,17,11,9,20,7,6,11,6,3,3,16,3,6,5,3,10,9,41,24,10,20,10,-20,-20,5,12,8,8,13,3,8,11,14,13,11,8,6,3,10,3,-20,-20,7,42,8,11,7,-20,-20,5,29,5,8,32,40,38,48,7,30,22,6,5,27,35,7,4,31,5,8,33,11,-20,8,36,10,-20,17,14,6,8,8,12,12,3,24,8,-20,4,10,11,11,6,6,11,15,11,10,41,4,-20,28,22,8,15,8,37,8,45,14,16,-20,12,11,7,11,3,14,43,25,15,45,41,40,44,28,12,26,4,20,13,11,23,7,6,8,7,11,9,-20,7,23,29,23,35,9,7,39,4,8,16,7,20,14,7,24,28,10,6,9,14,13,11,8,50,25,37,48,32,17,25,31,18,50,30,19,39,9,18,12,34,46,13,-20,14,20,41,15,-20,6,11,19,53,11,31,19,17,30,17,31,6,16,12,44,15,19,31,14,7,6,18,21,14,13,7,13,17,15,10,14,6,8,9,13,8,20,9,9,10,8,20,15,4,18,11,14,12,24,20,-20,17,18,10,14,18,-20,12,16,6,16,17,21,9,11,13,19,8,16,12,8,-20,10,21,7,14,4,11,20,18,6,12,10,15,12,9,13,9,15,14,15,15,17,20,9,18,9,18,6,12,14,8,11,8,13,13,13,13,15,9,14,8,7,9,7,10,9,12,10,19,8,12,10,6,10,9,11,13,9,9,8,14,15,12,5,8,5,7,17,7,10,6,8,15,7,12,10,9,8,9,5,17,10,11,13,11,7,8,14,14,7,21,5,10,7,10,14,15,14,15,9,30,9,9,23,13,7,4,13,18,16,12,14,10,19,14,8,6,9,23,9,12,17,12,5,10,13,19,8,22,11,14,13,20,10,15,14,9,12,10,10,5,9,12,8,26,3,6,11,8,6,13,9,14,15,11,3,10,13,7,8,7,13,-20,4,16,10,11,19,16,13,15,7,-20,14,-20,49,8,10,15,8,13,11,12,15,14,15,11,8,12,9,11,17,13,11,9,16,13,23,11,13,6,12,12,20,28,17,12,16,15,9,12,13,10,9,14,23,7,20,10,-20,5,10,8,8,8,17,-20,4,6,8,-20,7,5,15,7,10,11,6,12,10,4,9,8,16,6,8,6,17,8,7,10,12,10,11,14,11,13,11,16,6,12,-20,5,3,-20,3,-20,4,-20,4,9,9,20,7,16,15,8,6,7,6,12,16,10,10,11,11,7,15,6,8,10,49,13,11,9,10,9,7,14,11,18,8,10,-20,4,7,5,8,12,6,10,10,13,7,14,8,4,9,-20,9,3,8,4,11,15,11,6,19,6,3,16,8,-20,4,-20,4,8,-20,3,5,3,3,3,6,4,6,-20,-20,6,3,-20,5,-20,6,4,-20,-20,-20,-20,6,-20,3,-20,4,-20,4,8,4,-20,3,10,-20,10,-20,-20,9,-20,-20,6,-20,5,-20,5,-20,-20,4,-20,-20,-20,5,3,3,4,8,7,9,-20,54,34,13,25,20,16,31,32,66,43,59,74,82,39,46,89,42,61
"chr5,16650126",5,13,5,3,6,3,7,6,10,6,3,9,41,36,23,28,33,18,64,59,44,9,46,28,64,41,37,37,19,5,7,8,8,7,69,58,29,16,18,6,12,35,8,4,12,44,5,39,6,9,14,26,72,20,23,26,55,37,30,33,32,39,28,37,16,20,26,38,35,20,37,24,12,27,34,52,25,13,5,17,11,29,33,8,4,41,38,51,45,14,26,39,45,40,33,40,11,40,7,47,30,31,5,12,27,40,6,43,50,7,12,4,41,39,10,8,64,13,10,-20,11,11,10,5,48,9,5,42,16,14,12,7,7,12,35,46,68,-20,5,7,4,7,12,5,28,5,11,41,6,7,6,8,30,11,37,4,-20,18,57,16,5,4,10,11,5,14,-20,4,6,13,22,38,26,6,-20,14,6,12,17,36,7,7,14,5,10,2,8,31,11,9,15,10,-20,4,8,25,16,11,9,21,13,20,25,14,27,11,14,26,12,25,27,30,21,20,9,24,43,9,19,16,8,11,22,35,10,16,15,15,24,37,40,35,56,28,11,6,13,16,16,5,26,17,12,20,7,38,27,9,23,21,9,15,19,4,11,15,15,9,11,10,5,12,15,10,12,20,13,35,19,13,12,37,17,32,17,13,49,33,10,22,-20,12,10,39,12,18,12,-20,7,8,7,22,4,10,40,22,16,8,4,3,15,8,2,-20,-20,37,34,10,32,30,39,41,40,48,9,-20,3,4,12,70,23,24,19,13,16,13,-20,11,5,29,5,7,6,9,29,4,-20,50,106,10,6,28,17,18,7,11,7,-20,14,10,-20,5,5,10,-20,9,-20,9,13,14,6,24,9,7,-20,12,13,5,10,11,11,9,7,35,5,6,4,59,7,20,9,9,8,7,18,9,8,17,12,13,4,11,8,5,10,3,10,5,54,2,6,11,5,16,4,5,7,10,3,7,13,10,9,9,4,12,4,4,5,6,7,5,9,5,10,20,12,4,21,15,9,6,94,15,11,6,-20,-20,8,-20,2,11,2,5,7,4,15,-20,10,11,52,26,20,2,9,5,14,9,8,-20,5,17,11,9,21,7,6,12,6,3,2,16,3,6,5,3,10,9,40,24,10,22,10,-20,-20,5,12,8,8,12,3,8,12,14,14,12,8,6,3,10,3,-20,-20,7,41,9,11,7,-20,-20,4,30,5,8,32,39,38,47,7,30,22,6,5,28,35,7,4,31,5,8,34,11,-20,8,39,10,5,17,14,6,8,8,12,12,3,23,8,-20,4,10,11,11,6,6,11,15,12,10,40,4,-20,29,22,8,15,8,37,9,45,14,16,-20,12,11,7,11,3,15,43,25,15,44,41,41,45,28,12,30,4,20,13,11,23,7,5,8,7,10,9,10,7,23,28,23,34,9,7,39,4,8,16,8,20,14,7,24,28,10,6,9,14,13,11,8,54,26,40,48,34,17,25,32,18,52,29,19,38,9,19,13,34,47,14,-20,14,21,39,15,-20,6,11,19,53,11,31,20,17,30,16,30,6,16,12,46,14,18,30,15,7,6,18,22,14,13,6,13,17,15,10,14,6,8,9,12,7,18,9,8,10,8,21,15,4,18,11,14,12,24,20,10,17,18,10,14,18,16,12,16,6,16,17,21,9,11,13,19,8,16,12,8,-20,10,21,7,14,4,11,20,18,6,12,9,15,12,9,13,9,15,14,16,14,16,20,9,18,9,18,6,12,14,8,11,9,13,12,13,13,15,9,14,8,7,-20,7,9,9,12,10,19,8,12,10,6,10,9,11,13,9,9,7,13,15,12,5,8,4,7,17,7,10,6,8,15,7,13,10,8,8,-20,-20,17,10,11,13,11,7,8,14,14,7,21,5,10,7,10,14,15,14,15,9,29,9,9,23,13,7,4,13,18,16,12,14,9,19,-20,8,6,9,22,9,12,17,12,5,10,13,18,8,22,11,14,13,20,10,15,13,9,12,10,10,5,9,12,8,25,3,6,11,8,6,12,9,14,15,11,3,10,13,7,8,7,13,-20,4,16,10,11,19,16,13,16,7,-20,14,-20,49,8,10,15,8,13,11,12,15,13,16,12,8,11,9,11,17,13,11,9,16,13,24,11,13,6,12,11,20,28,17,12,16,15,9,11,13,10,-20,14,22,7,20,10,-20,5,10,8,8,8,17,-20,4,6,8,-20,7,-20,15,7,10,11,6,12,10,4,8,8,16,6,8,6,15,8,7,10,12,10,11,14,11,13,11,-20,6,12,-20,5,3,-20,3,-20,4,-20,4,9,9,20,7,16,14,8,6,7,6,12,16,10,10,11,11,7,15,6,8,10,49,13,11,9,10,9,7,15,11,18,8,10,-20,4,6,5,8,11,6,10,10,13,7,14,8,4,9,-20,9,3,8,4,10,15,11,6,18,5,-20,15,-20,-20,4,-20,-20,7,-20,5,5,3,4,4,8,4,7,-20,-20,5,3,-20,5,3,7,3,-20,-20,-20,-20,5,4,4,-20,3,-20,-20,9,4,-20,-20,11,-20,10,-20,-20,9,-20,-20,6,-20,4,-20,6,-20,-20,4,-20,-20,3,5,3,-20,4,7,6,8,-20,53,34,13,25,20,15,31,32,66,44,59,74,82,40,46,90,42,62
"chr5,16650127",-20,13,5,3,6,3,7,6,10,6,3,9,41,36,23,30,34,18,65,58,42,9,47,28,64,41,37,38,19,5,6,8,8,7,68,58,29,15,18,6,12,34,7,4,12,43,5,39,7,9,13,25,72,20,23,24,55,37,30,32,32,40,28,38,16,20,24,38,36,21,37,25,12,28,33,52,25,13,5,17,11,29,34,8,4,41,38,51,44,14,26,38,44,42,35,41,11,41,7,46,28,31,5,12,26,39,6,42,49,7,12,4,42,38,10,8,63,13,10,-20,11,11,10,5,49,9,5,43,16,13,12,7,7,12,34,46,69,-20,5,7,4,7,12,5,28,5,11,43,6,7,6,8,30,11,37,4,-20,18,58,17,5,4,10,11,5,15,-20,4,6,13,21,35,24,6,-20,14,6,12,17,36,7,7,14,5,10,-20,8,30,11,9,15,11,-20,4,8,24,16,11,10,21,13,20,26,12,27,11,14,26,12,24,27,30,20,20,9,22,42,9,19,15,9,11,19,35,11,16,13,15,23,37,39,34,56,26,11,6,13,16,16,5,26,16,15,21,7,38,27,9,25,20,11,11,19,4,11,15,13,9,10,10,5,12,16,10,11,20,13,24,20,12,12,37,17,32,18,12,52,33,10,22,-20,12,10,39,12,19,11,-20,6,8,7,23,4,9,40,24,18,8,4,3,15,8,2,-20,-20,37,36,10,31,31,40,39,40,47,10,-20,3,4,12,69,23,23,19,13,16,13,-20,11,5,29,5,7,6,9,29,4,-20,48,104,10,6,28,17,17,7,11,7,-20,15,-20,-20,5,5,10,-20,9,-20,9,14,14,6,24,9,7,-20,12,13,5,10,11,11,8,7,35,5,6,4,58,6,20,9,9,8,7,17,9,8,17,12,14,4,11,8,4,10,3,10,5,53,2,6,11,5,16,4,5,6,10,3,7,13,10,9,8,4,12,5,-20,5,6,7,5,9,5,9,18,12,4,19,15,9,6,90,15,12,6,-20,-20,8,-20,2,11,2,5,7,4,15,-20,10,11,52,25,20,2,8,5,14,9,8,-20,5,18,10,9,21,8,6,12,6,3,-20,16,3,5,5,3,10,9,40,24,10,21,11,-20,-20,4,12,8,8,12,3,8,12,14,14,13,8,6,3,10,3,-20,-20,7,41,9,11,7,3,-20,4,29,5,8,31,41,37,47,8,29,22,6,5,29,35,7,4,31,5,8,33,11,-20,8,40,10,5,17,14,6,8,8,12,12,3,23,8,-20,4,9,11,11,6,6,11,15,-20,10,41,4,-20,27,21,8,15,8,37,9,44,13,15,-20,13,11,6,10,3,15,43,25,15,43,39,41,44,30,12,30,4,20,13,11,23,7,5,8,7,11,9,10,7,23,28,23,33,9,7,39,4,8,16,8,20,14,7,24,28,10,6,10,13,13,11,9,51,27,42,48,34,17,26,31,18,51,29,19,38,8,19,12,33,46,13,-20,12,21,41,15,-20,6,11,19,53,11,31,20,17,30,15,30,6,16,12,45,15,18,28,15,7,5,18,22,14,13,6,13,17,15,10,14,6,8,9,11,7,18,9,8,9,9,21,15,4,18,11,13,12,24,20,10,17,18,10,14,18,15,12,16,6,16,17,20,9,11,13,19,8,16,12,8,-20,10,21,7,14,4,11,20,18,6,12,9,15,10,8,13,9,15,13,16,14,16,19,9,18,9,19,6,11,14,8,11,9,14,12,13,13,15,9,14,8,7,9,7,9,9,12,10,18,8,12,-20,6,10,9,11,13,9,9,7,13,15,11,5,8,4,7,17,7,10,6,8,14,7,13,10,8,8,9,-20,17,10,11,13,11,7,8,14,14,7,21,5,10,7,10,14,15,14,15,9,28,9,9,23,13,7,4,13,19,16,12,14,9,19,14,8,5,9,21,9,12,17,12,5,10,13,18,8,22,11,14,12,20,10,15,13,9,12,-20,10,5,9,12,8,24,3,6,11,8,5,12,9,14,15,11,3,10,12,7,8,7,13,-20,4,16,10,11,19,15,13,16,7,-20,14,-20,48,8,10,15,8,13,11,12,14,14,15,12,8,11,9,11,17,12,11,9,15,12,24,11,13,6,12,11,20,28,17,12,16,15,9,11,13,9,9,14,22,7,19,10,-20,5,10,8,8,8,17,-20,4,7,8,-20,7,5,15,7,10,11,6,12,9,4,8,7,16,6,7,6,16,8,7,10,12,10,11,14,11,13,11,16,6,12,-20,5,3,3,3,-20,4,-20,4,9,9,20,7,16,14,8,6,7,5,12,16,9,10,11,11,7,15,6,8,10,49,13,11,9,10,8,7,15,11,18,8,10,-20,5,6,5,8,11,6,10,10,13,7,14,8,5,9,-20,9,3,8,4,10,15,11,6,19,6,3,15,8,-20,4,-20,4,8,-20,4,5,3,4,4,8,4,8,-20,-20,5,3,-20,3,-20,4,5,-20,-20,-20,-20,6,5,-20,-20,4,3,3,10,3,-20,-20,10,-20,11,-20,-20,6,-20,-20,9,-20,5,4,6,-20,-20,5,-20,-20,3,6,3,-20,5,6,6,6,-20,53,35,13,25,18,15,30,32,67,42,59,73,82,38,46,90,42,61
"chr5,16650130",5,13,6,3,6,3,6,6,9,7,3,9,41,35,22,29,33,20,64,60,43,7,48,27,65,42,37,39,19,5,6,9,8,9,70,57,28,16,18,6,12,36,5,3,12,45,6,38,7,11,13,26,73,19,24,24,54,40,29,39,32,39,28,36,18,21,23,38,38,22,38,24,12,29,33,49,25,12,4,16,11,31,35,8,4,40,38,48,45,15,25,37,47,43,37,39,10,41,7,49,29,30,5,12,25,40,-20,41,50,7,12,5,42,38,10,8,60,12,12,-20,11,11,10,5,50,10,5,46,15,12,12,8,7,12,39,49,73,-20,4,7,4,6,12,5,29,5,11,43,6,7,6,9,29,9,36,4,-20,19,59,15,5,4,10,10,5,16,-20,4,6,12,20,37,24,6,-20,15,5,12,18,28,-20,8,12,5,10,-20,8,29,11,10,18,10,-20,5,8,19,16,12,9,23,13,21,26,12,26,9,14,26,12,25,26,33,19,21,9,22,41,7,19,15,9,10,22,35,12,15,14,16,26,39,40,33,57,24,10,6,13,16,16,6,29,18,15,19,7,38,27,9,24,19,11,12,21,3,9,15,13,9,10,10,5,11,18,12,11,19,12,17,18,14,12,37,16,34,17,12,54,31,12,18,-20,14,9,40,11,17,9,3,6,7,4,23,4,9,44,24,18,9,3,4,17,8,2,-20,-20,39,36,9,31,29,38,39,39,45,9,-20,3,4,12,70,21,23,19,13,15,12,-20,11,4,30,5,11,5,8,30,4,-20,48,102,9,7,28,17,19,7,11,7,-20,14,11,-20,5,5,10,-20,9,-20,9,13,13,6,22,8,6,-20,12,13,6,9,13,12,8,7,35,4,6,4,56,6,21,9,9,9,6,18,9,8,16,10,13,4,11,8,4,11,3,10,6,52,-20,6,10,5,17,5,5,6,10,3,7,13,12,9,7,4,11,3,4,4,-20,7,5,9,5,8,18,12,4,18,15,8,6,84,13,13,6,-20,5,8,-20,3,13,2,6,7,4,15,-20,10,11,51,27,20,2,7,6,12,8,7,-20,5,17,9,8,22,8,5,12,6,3,-20,15,3,4,5,4,12,8,43,24,10,22,10,-20,-20,4,15,7,8,13,3,5,16,16,13,14,8,6,3,10,3,-20,-20,6,43,9,10,7,3,-20,4,28,5,8,31,40,38,51,9,31,25,6,5,31,35,7,5,33,5,7,34,12,-20,8,39,10,5,17,15,6,7,12,12,14,4,24,8,-20,4,9,11,10,6,6,9,17,12,9,39,5,-20,26,22,8,16,8,34,8,42,14,13,-20,14,11,7,11,3,14,41,26,14,41,40,41,45,32,14,30,6,21,12,11,21,7,5,9,7,14,-20,10,8,25,28,23,33,10,7,38,4,8,17,8,16,13,7,23,28,10,5,10,11,13,10,8,52,27,42,45,33,16,26,29,17,52,29,18,41,7,20,18,37,50,13,-20,12,22,41,14,4,4,11,18,55,12,28,20,18,29,15,26,5,19,12,44,15,18,31,15,7,5,17,22,-20,11,6,16,16,15,10,14,5,8,10,11,7,16,9,7,9,9,23,16,4,17,10,14,13,25,19,10,17,17,9,14,18,16,11,15,6,16,16,21,10,11,11,19,10,16,13,9,-20,-20,21,8,14,4,11,19,16,6,12,9,14,10,8,12,10,15,15,16,19,15,20,9,18,8,18,7,11,14,8,11,9,14,11,12,14,13,10,13,8,7,9,7,9,8,12,10,19,9,10,10,6,10,9,12,15,9,9,7,13,15,10,7,8,4,8,16,7,10,7,8,13,6,13,10,8,8,9,-20,18,10,11,13,11,7,9,14,11,6,21,5,10,8,10,14,15,14,15,9,25,8,8,21,14,5,4,12,18,16,11,15,10,19,12,8,5,8,21,9,13,15,11,5,10,13,17,9,20,11,14,13,19,11,18,11,9,11,10,9,5,9,12,8,23,3,6,13,7,5,12,8,14,14,11,3,10,12,5,8,7,13,-20,4,13,10,11,19,12,14,16,7,-20,14,-20,49,8,11,15,8,12,11,13,14,12,14,12,7,11,11,11,17,13,13,9,16,11,20,11,13,6,10,11,18,26,17,13,16,15,9,10,16,9,9,14,21,7,18,10,-20,7,7,8,8,8,17,-20,4,7,8,-20,7,5,15,6,10,11,6,11,10,3,10,8,16,6,8,6,16,9,8,10,12,10,11,13,12,12,10,15,6,12,-20,5,3,4,3,-20,4,-20,4,9,7,17,8,16,13,8,6,7,5,12,15,9,10,9,10,7,15,5,8,9,46,13,11,9,10,8,5,10,9,17,8,10,-20,-20,6,5,7,11,6,10,9,12,7,13,8,5,9,-20,9,-20,6,4,8,14,12,7,17,7,-20,15,8,-20,4,-20,4,7,-20,4,3,-20,4,3,7,4,8,-20,-20,6,3,-20,-20,-20,-20,-20,5,-20,-20,-20,4,5,2,-20,5,-20,5,10,5,-20,-20,8,-20,11,3,-20,8,-20,-20,6,-20,4,-20,5,-20,-20,4,-20,-20,4,6,2,-20,4,6,7,6,-20,53,34,12,26,18,17,29,32,64,42,58,74,86,37,47,93,40,63
"chr5,16650133",5,13,7,4,6,-20,6,7,9,7,3,10,41,34,22,29,32,20,61,63,43,7,50,25,64,42,37,39,18,5,7,9,8,11,70,55,28,18,19,6,13,37,6,3,13,44,6,35,7,11,13,26,72,18,24,24,58,39,30,38,36,40,28,35,19,22,22,37,36,21,36,23,14,29,32,51,24,13,3,16,12,31,37,8,4,38,38,51,46,14,27,38,42,42,38,39,12,40,7,50,29,30,5,11,28,42,7,43,49,7,12,7,37,38,10,8,64,12,12,-20,11,11,9,4,51,10,5,47,18,12,11,11,7,12,42,51,68,-20,4,7,5,6,11,5,29,5,11,46,6,7,5,9,29,7,38,4,-20,19,61,14,5,4,10,9,5,17,-20,5,6,13,20,34,23,6,-20,18,4,11,18,28,6,7,12,5,10,-20,8,28,10,10,18,9,-20,4,8,18,16,12,10,22,13,20,26,12,26,8,13,25,12,23,24,35,19,23,9,23,41,7,19,17,8,10,20,36,12,15,14,15,26,38,40,34,55,26,9,9,14,19,16,6,29,16,15,19,10,38,26,9,24,19,11,12,21,3,9,15,13,9,10,14,5,11,18,12,11,22,14,17,19,16,12,36,15,32,16,11,54,35,13,18,-20,12,10,42,12,17,8,3,6,7,4,23,4,9,44,22,18,9,3,4,16,8,2,-20,-20,38,37,10,30,32,36,37,40,45,9,-20,3,4,11,69,20,22,19,12,14,12,3,10,4,30,4,12,6,8,30,4,-20,48,102,9,7,26,17,20,7,12,7,-20,15,10,-20,5,6,10,-20,7,-20,7,13,13,6,20,7,7,-20,12,12,6,10,11,11,8,7,34,5,6,4,54,7,20,9,10,9,6,15,9,9,17,9,13,5,11,8,4,11,-20,9,7,49,-20,6,10,5,18,5,5,6,10,4,7,13,13,8,7,4,11,3,4,5,-20,7,5,7,5,8,18,13,4,16,15,8,5,83,13,14,5,-20,5,8,-20,3,13,2,6,6,4,15,-20,10,9,52,27,20,2,7,5,13,8,8,-20,6,18,9,8,21,8,4,12,7,3,2,14,3,4,5,3,12,7,42,24,10,22,10,-20,-20,5,15,6,8,12,3,5,16,15,13,15,8,6,3,11,-20,-20,-20,6,43,10,11,6,3,-20,4,29,5,9,29,41,38,53,10,29,26,6,5,30,37,7,5,34,4,7,33,12,2,7,40,10,4,17,14,6,6,12,12,14,5,24,7,-20,3,9,11,10,7,7,10,17,11,9,37,6,-20,27,20,6,15,8,32,8,45,16,13,4,16,13,6,12,3,12,40,22,14,44,43,40,46,32,12,32,-20,23,13,11,24,7,5,9,7,14,10,11,8,26,31,23,33,9,8,40,4,9,16,7,18,13,7,24,30,10,5,10,11,13,9,8,50,27,41,45,34,18,24,29,16,51,29,18,37,7,20,18,37,51,14,-20,11,22,41,13,-20,4,10,18,57,12,28,17,18,30,16,25,6,17,13,46,15,18,30,15,8,5,12,22,15,11,6,17,16,16,10,14,6,9,11,13,7,16,11,7,12,10,24,17,4,17,12,14,14,26,19,11,17,17,10,14,18,18,11,15,6,16,16,21,10,12,13,18,12,18,13,11,-20,11,22,6,17,4,11,19,16,6,10,12,15,10,8,14,10,15,14,18,19,18,20,9,18,7,18,8,12,14,8,11,-20,14,13,12,15,13,10,13,-20,7,9,7,10,8,13,10,21,9,10,10,6,9,9,12,14,9,8,7,13,17,10,7,8,4,8,18,7,10,7,6,13,6,14,9,8,8,10,-20,18,-20,12,13,11,7,9,16,12,6,20,5,11,9,10,13,17,16,15,8,25,8,7,21,15,5,6,13,18,17,10,17,9,19,12,10,5,9,21,9,10,14,11,5,14,14,20,9,21,13,14,11,19,9,18,12,8,12,10,9,5,9,12,8,23,3,9,13,8,6,13,10,13,14,11,4,9,12,-20,7,9,15,-20,5,13,10,11,19,12,14,15,6,-20,13,-20,47,8,12,14,9,12,11,13,14,12,14,11,7,12,11,10,17,16,14,11,16,10,19,11,13,6,10,11,19,28,16,11,17,17,10,11,18,10,10,13,23,7,18,10,-20,8,9,8,8,8,17,-20,4,8,10,-20,8,5,15,6,10,10,5,11,10,4,11,7,16,6,8,6,17,9,9,10,13,10,12,13,15,12,10,13,6,15,-20,5,3,4,-20,-20,-20,-20,4,9,7,17,8,13,14,9,6,6,5,14,14,9,9,9,10,8,15,5,8,9,47,14,9,8,10,11,5,10,11,16,8,10,5,-20,6,5,7,12,6,10,9,12,7,13,8,-20,9,-20,9,-20,6,4,8,15,12,9,15,-20,-20,17,8,-20,3,-20,3,7,-20,5,4,3,4,3,8,-20,7,-20,-20,5,-20,-20,-20,2,5,3,-20,-20,-20,-20,5,3,3,-20,6,-20,5,11,-20,-20,4,7,-20,13,-20,3,5,4,-20,6,-20,4,-20,6,-20,-20,5,-20,-20,4,3,3,3,-20,5,6,6,-20,54,35,12,26,18,16,27,34,65,43,58,74,88,43,46,95,37,66
"chr5,16650137",4,12,6,4,6,-20,6,6,9,6,3,-20,44,33,19,28,32,20,58,59,44,7,51,29,64,44,38,38,19,5,6,8,9,10,72,50,29,15,19,-20,13,36,-20,-20,13,40,6,33,7,10,10,26,71,19,30,23,58,43,29,37,34,38,30,36,21,23,23,37,37,20,36,24,13,30,31,51,23,14,-20,17,12,29,36,8,5,36,36,51,48,15,28,41,40,42,36,41,14,36,7,50,28,28,5,11,27,42,7,42,48,7,11,8,36,35,10,8,61,14,10,7,10,10,10,3,50,11,6,49,18,12,10,11,9,12,42,52,69,-20,5,5,5,6,11,5,30,6,10,44,6,6,5,8,24,6,35,4,-20,13,66,8,5,4,11,8,5,18,-20,5,6,12,19,36,20,8,-20,18,4,11,17,27,8,7,10,4,10,-20,9,17,10,10,18,8,-20,4,8,18,10,13,10,24,11,20,25,13,20,8,13,26,12,23,23,33,18,24,8,23,41,6,20,15,8,11,17,39,12,11,15,15,23,34,35,35,53,22,12,9,13,14,15,6,29,-20,15,21,11,38,23,10,23,18,11,10,19,4,10,14,12,10,11,14,6,11,21,12,11,23,11,16,19,18,12,34,14,29,17,10,57,39,11,17,-20,11,9,39,12,17,6,-20,4,7,3,22,3,10,43,22,17,9,3,5,16,9,2,-20,-20,35,39,10,28,32,35,37,41,43,9,-20,3,5,11,68,19,21,17,12,14,11,3,8,3,28,5,13,4,7,30,5,-20,47,100,9,8,24,16,19,6,12,-20,7,15,-20,-20,5,6,9,-20,7,-20,7,13,14,6,21,7,7,-20,10,12,6,9,11,11,9,6,32,4,6,3,52,7,19,9,9,8,5,15,8,7,20,9,14,5,11,7,4,11,-20,9,-20,48,-20,6,10,4,16,-20,5,6,11,4,8,13,12,7,7,4,11,3,4,6,6,7,5,7,4,9,16,13,3,16,15,7,4,76,13,13,5,-20,4,8,-20,3,13,2,5,5,4,17,-20,8,9,52,30,20,-20,7,5,13,9,7,-20,5,19,6,7,18,7,4,12,7,3,2,14,4,4,5,3,11,7,39,21,8,25,10,-20,-20,4,15,7,8,18,3,4,16,15,12,16,9,6,3,11,-20,-20,-20,6,38,9,11,7,4,-20,3,30,6,9,30,42,40,53,10,28,26,6,5,29,35,6,5,35,3,6,34,11,-20,7,39,10,3,17,13,-20,6,13,12,12,5,25,5,-20,-20,8,11,10,6,7,10,17,11,10,36,5,-20,29,19,5,14,8,32,8,45,15,15,4,16,13,5,12,3,13,37,22,13,43,40,39,43,33,10,32,-20,22,15,10,24,7,6,11,7,12,11,11,9,24,30,21,33,8,10,45,4,9,17,-20,20,12,7,23,29,10,-20,10,10,13,5,7,48,29,41,45,37,18,25,29,17,54,23,18,36,10,22,19,41,54,16,-20,10,19,42,11,3,3,9,16,58,12,23,15,14,30,15,29,6,16,13,47,10,16,31,16,8,5,13,25,15,11,5,18,16,15,9,11,6,9,11,15,9,16,14,7,15,9,23,17,4,15,11,15,14,23,18,11,16,15,10,15,18,17,11,15,5,14,17,21,12,13,13,18,12,18,10,11,-20,11,18,6,17,4,9,19,15,6,10,12,16,10,7,13,10,15,14,16,20,17,20,11,19,9,16,10,12,15,-20,11,9,14,14,16,14,13,11,12,7,7,8,8,11,9,13,10,16,9,11,9,-20,8,-20,11,13,10,8,7,13,17,10,7,8,5,8,17,6,10,7,7,13,6,13,9,7,8,12,5,19,11,12,13,12,7,9,15,11,7,20,5,12,9,9,12,17,16,16,8,25,7,7,21,15,5,6,14,18,17,11,16,9,19,12,10,5,9,23,9,10,14,12,6,13,13,18,9,21,13,14,12,19,8,17,13,9,11,10,11,4,10,12,-20,24,-20,9,13,10,7,17,13,14,15,11,5,9,12,-20,6,9,14,3,5,13,10,11,19,10,14,14,6,-20,13,-20,44,8,14,14,9,14,11,14,14,12,14,15,7,11,10,10,17,17,16,10,16,12,21,12,12,6,11,11,18,28,16,11,19,13,9,11,18,9,10,13,23,8,18,10,6,8,8,8,7,10,13,-20,4,8,9,-20,9,5,15,8,10,10,3,11,9,4,11,7,16,6,8,7,16,9,9,8,13,12,13,14,14,12,9,13,6,14,-20,5,4,-20,3,-20,4,-20,4,9,5,16,8,14,16,8,6,7,5,13,14,9,8,9,10,9,15,5,8,8,46,15,9,9,10,11,5,10,12,18,7,10,4,-20,3,5,9,14,6,9,9,11,7,13,8,-20,9,-20,10,-20,6,4,8,17,12,9,16,7,-20,16,8,3,5,-20,-20,5,-20,5,-20,3,4,-20,7,3,6,-20,-20,5,3,-20,-20,3,5,3,-20,-20,-20,-20,6,4,-20,-20,5,-20,4,11,3,-20,4,8,-20,12,4,3,6,4,-20,6,-20,4,-20,5,-20,-20,-20,-20,-20,3,-20,-20,3,4,5,7,5,-20,54,31,12,26,18,16,29,36,63,40,59,74,81,46,47,89,37,64
"chr5,16650139",4,12,6,3,7,-20,7,5,9,6,3,11,46,33,17,27,32,23,56,61,48,7,56,27,62,43,37,38,19,4,5,8,9,9,72,49,28,18,19,6,12,38,6,-20,13,39,6,36,7,10,12,26,70,19,31,23,59,44,30,38,37,37,32,37,22,23,25,37,37,20,36,21,13,29,32,48,23,14,-20,17,12,29,36,9,6,38,35,52,49,13,26,41,42,43,38,42,14,36,7,48,29,25,5,11,26,41,7,43,47,7,11,8,36,33,10,7,58,14,10,6,11,9,10,3,51,11,-20,47,17,12,11,11,9,12,42,51,70,-20,5,5,5,6,10,5,31,6,9,45,7,6,5,8,-20,6,33,4,-20,13,64,8,5,3,10,8,5,18,-20,5,6,12,17,36,21,8,-20,19,4,11,18,28,8,7,9,4,10,-20,10,18,9,10,20,9,-20,4,8,18,7,13,10,24,11,20,24,14,21,7,13,26,12,23,20,33,20,22,7,23,40,6,20,15,9,12,15,40,13,10,13,14,23,34,36,38,51,23,12,9,12,14,14,7,29,17,16,18,10,37,23,11,22,19,10,10,18,3,8,14,13,10,11,14,6,9,22,11,10,23,11,10,19,18,12,34,16,30,15,10,57,37,11,17,-20,11,9,37,11,15,6,-20,4,8,3,20,3,10,43,24,16,9,3,5,18,8,2,-20,3,35,38,8,28,32,35,37,39,42,9,-20,3,3,11,70,19,20,17,11,15,11,3,6,3,30,5,14,4,7,34,5,-20,49,100,10,9,24,18,18,5,12,6,8,15,10,-20,6,6,9,-20,7,-20,9,13,14,7,21,7,7,3,12,11,6,9,10,11,9,6,32,4,-20,3,54,7,18,9,9,8,5,16,7,7,20,9,14,6,11,7,3,11,2,9,7,46,-20,5,10,4,18,-20,5,6,12,4,8,14,12,6,8,4,11,3,4,6,6,7,5,6,4,9,16,16,3,15,14,7,4,69,13,12,5,3,4,7,-20,3,13,2,5,4,4,19,-20,8,10,52,30,19,-20,7,4,13,9,7,3,4,22,6,8,17,6,4,11,8,3,2,14,4,4,5,3,10,7,43,22,7,26,8,-20,-20,4,17,7,8,19,3,3,16,16,12,18,9,6,3,9,-20,-20,-20,5,39,9,10,7,4,-20,3,29,6,9,32,42,37,54,13,29,24,7,5,29,38,6,5,37,3,6,36,11,-20,7,37,9,3,17,13,6,4,13,13,13,5,25,5,-20,-20,8,11,10,6,7,9,15,12,10,36,5,-20,31,21,5,15,8,33,8,45,14,16,4,17,13,5,13,3,13,40,26,14,43,40,37,45,34,9,32,-20,20,15,9,25,7,7,11,8,11,11,11,9,24,32,24,32,8,10,43,4,10,17,9,19,13,7,23,29,10,6,10,10,13,6,7,44,30,41,45,37,-20,29,29,18,54,22,18,36,10,24,18,43,54,17,-20,8,18,41,11,3,3,8,-20,57,11,23,15,14,30,16,33,6,16,13,46,9,13,32,15,8,5,13,25,15,11,5,18,17,15,9,11,7,9,11,16,10,17,14,7,15,9,24,19,3,16,12,15,13,23,18,11,15,15,10,12,18,18,11,16,5,13,17,21,12,14,12,19,12,18,10,12,-20,12,18,6,17,5,8,19,15,6,10,13,15,9,7,13,10,15,14,16,21,17,20,10,19,8,15,11,12,15,-20,13,9,14,14,16,16,13,11,11,7,7,8,8,11,8,13,10,15,10,11,9,-20,8,10,11,13,10,8,7,13,17,10,7,8,5,10,17,6,10,7,7,12,7,13,8,7,8,12,5,19,11,13,11,13,7,9,15,12,7,20,5,12,9,9,13,16,18,16,7,25,7,7,21,15,5,6,13,17,16,10,16,8,19,12,10,6,9,23,10,10,15,10,6,15,12,18,9,21,13,14,14,19,8,17,13,9,11,10,10,4,10,12,7,24,-20,9,13,10,7,18,13,14,15,11,5,9,10,-20,6,9,13,-20,5,13,10,11,21,11,14,15,6,-20,13,-20,41,8,14,13,8,14,12,15,14,12,15,16,8,12,10,9,17,18,16,9,16,12,22,11,13,7,11,11,18,29,16,11,18,13,9,11,17,9,10,13,23,8,18,10,6,8,9,9,7,10,13,-20,4,8,9,4,9,5,15,8,10,10,3,12,9,4,11,7,17,7,8,7,17,9,9,7,13,12,12,14,13,12,10,13,6,14,-20,5,4,4,3,-20,5,-20,4,9,6,16,7,14,16,8,6,7,5,14,14,9,8,9,9,9,15,5,8,8,43,15,9,10,11,10,5,10,12,18,7,11,4,-20,3,5,9,19,6,9,8,11,7,13,9,-20,9,-20,10,-20,6,4,8,17,12,9,17,5,-20,18,8,-20,6,-20,3,6,-20,6,-20,-20,3,-20,8,4,6,-20,-20,6,3,3,-20,3,5,2,-20,-20,-20,-20,6,2,-20,-20,5,-20,5,11,3,-20,3,-20,-20,12,4,3,4,3,-20,5,-20,-20,-20,4,-20,-20,5,-20,-20,5,-20,-20,4,3,-20,5,3,-20,54,30,12,26,18,16,29,35,64,36,59,52,77,46,45,87,39,63
"chr5,16650143",4,12,6,4,8,-20,7,5,9,7,3,10,45,33,17,27,33,23,57,58,53,7,57,30,58,45,37,38,17,4,5,8,10,9,68,48,31,18,18,5,12,36,6,-20,13,36,7,36,6,8,11,27,71,21,29,25,57,42,31,37,36,38,32,38,23,22,25,37,36,19,36,20,13,29,33,52,24,12,-20,15,12,28,34,9,6,37,36,54,49,13,25,43,44,44,36,39,14,36,8,47,30,26,4,11,25,44,7,43,48,7,11,8,35,33,10,7,57,14,10,6,11,9,10,3,51,10,6,50,15,12,11,10,9,11,40,53,71,3,5,5,5,6,10,5,29,6,8,45,6,6,5,8,13,7,31,4,-20,13,65,6,5,3,10,8,4,18,-20,5,6,13,16,42,21,8,-20,18,5,10,14,27,8,8,10,5,9,-20,12,16,7,10,21,8,-20,4,7,19,6,11,13,27,11,19,22,12,18,7,11,24,12,25,20,32,23,23,7,23,45,7,22,17,9,11,16,42,13,10,13,15,24,36,36,36,49,23,13,11,14,13,13,6,30,15,18,17,10,34,21,11,20,18,13,9,18,2,9,14,12,10,12,13,6,11,20,11,6,21,11,9,19,20,12,30,14,32,14,9,56,41,12,17,-20,11,9,35,8,14,6,-20,4,9,4,18,-20,9,43,27,13,8,3,5,17,8,2,-20,3,34,40,8,29,32,36,36,40,40,9,-20,3,3,11,69,20,20,18,11,11,10,3,7,4,29,6,13,4,7,33,4,-20,46,107,10,9,23,18,18,4,13,5,8,16,10,-20,6,7,10,-20,9,-20,8,13,15,7,20,5,7,-20,12,10,6,9,9,10,9,6,31,4,7,3,51,7,19,9,8,8,5,17,7,8,21,9,16,6,9,7,4,14,2,9,7,46,-20,6,10,5,19,-20,4,6,10,4,8,14,12,-20,9,5,11,4,4,6,4,5,4,3,6,8,17,15,4,13,16,8,4,68,13,12,6,2,3,7,-20,3,13,2,4,4,4,21,-20,7,11,48,31,18,-20,7,4,13,9,6,3,5,20,6,8,13,7,4,11,7,4,2,14,4,4,4,-20,10,5,41,23,6,22,7,-20,-20,4,17,7,9,20,3,3,18,14,12,20,8,9,-20,7,-20,-20,-20,6,37,9,10,6,6,-20,3,29,6,9,34,42,37,57,13,30,22,7,5,32,34,6,5,37,3,5,36,11,-20,8,42,10,4,17,13,7,-20,13,15,12,5,24,5,-20,-20,9,9,10,4,7,10,17,10,10,37,6,-20,33,20,5,17,8,35,8,44,13,14,5,21,13,5,14,3,16,39,25,15,40,38,36,46,34,9,30,7,21,15,8,22,7,7,11,7,9,11,11,9,23,30,24,30,8,12,42,4,10,16,8,19,13,6,21,29,10,6,9,11,13,7,8,49,27,41,47,38,21,29,29,19,56,28,20,37,11,20,17,40,55,16,-20,8,18,47,11,4,-20,8,13,59,16,25,17,16,30,15,41,5,17,11,49,9,14,31,13,5,5,13,26,15,12,4,17,17,15,9,11,7,9,10,16,10,16,13,7,11,8,23,19,3,16,12,13,13,23,17,10,15,15,10,12,18,17,11,16,5,12,17,22,12,14,13,17,12,17,10,11,-20,12,19,7,17,5,8,19,14,8,10,13,16,9,7,12,10,15,14,16,20,16,19,9,19,8,14,11,12,15,-20,13,9,14,14,16,17,12,12,8,6,7,8,4,11,7,12,10,14,10,11,9,-20,8,10,11,13,8,8,7,14,17,8,6,8,5,10,17,6,9,6,7,12,7,13,7,8,8,12,5,18,11,13,12,13,6,8,17,13,7,19,5,12,9,9,14,16,18,16,7,23,8,8,21,13,5,6,13,17,16,9,15,6,19,11,10,6,10,22,10,10,13,10,6,15,12,18,9,20,13,13,15,17,8,15,12,9,11,10,10,4,10,14,7,24,-20,9,12,10,7,17,11,13,14,11,5,8,11,5,6,9,13,3,5,12,9,10,20,11,14,14,6,3,10,-20,41,7,16,14,8,14,13,14,14,12,14,16,8,11,10,8,16,18,17,8,15,12,23,11,13,7,9,10,19,28,17,11,18,10,9,11,17,9,10,13,22,8,18,10,4,10,8,9,7,10,13,-20,-20,8,9,4,8,5,15,8,10,10,3,11,9,5,11,7,16,6,8,8,17,9,9,6,13,12,12,13,14,12,11,12,6,14,-20,4,5,3,3,-20,5,-20,4,8,6,15,6,12,16,7,6,7,4,14,14,9,7,8,8,9,15,4,6,8,43,13,8,10,11,9,5,10,12,18,6,11,4,-20,3,5,9,20,6,9,8,9,6,13,7,-20,9,-20,10,-20,6,4,7,17,12,9,17,6,-20,21,8,3,6,-20,-20,6,-20,6,-20,-20,3,-20,6,3,6,-20,-20,5,3,3,-20,3,5,-20,-20,-20,-20,-20,-20,2,3,-20,6,-20,6,12,3,-20,-20,5,-20,10,3,3,6,3,-20,4,-20,-20,-20,5,-20,-20,4,-20,-20,3,4,-20,4,-20,4,6,4,-20,55,30,13,28,17,15,30,37,60,36,52,45,79,45,40,88,40,62
"chr5,16650147",5,9,6,5,10,-20,7,5,9,9,3,12,44,34,14,28,37,24,59,55,51,-20,54,30,57,46,36,34,18,4,4,7,10,10,65,47,29,20,19,4,14,37,6,-20,13,35,7,39,6,9,12,27,71,21,31,25,56,41,28,37,38,35,28,38,26,25,25,37,37,19,33,20,12,30,29,52,24,14,-20,16,12,28,32,9,7,33,36,56,47,13,23,43,48,46,36,35,18,38,8,48,28,28,4,11,24,44,7,44,47,7,11,8,35,34,10,9,60,13,11,5,11,9,11,5,50,10,6,49,15,13,11,11,10,11,45,53,72,4,6,6,6,7,11,7,32,5,8,47,5,6,5,8,14,7,32,3,-20,14,66,5,5,-20,10,8,6,17,-20,5,6,12,14,42,23,8,-20,22,7,10,17,32,8,6,9,6,8,-20,12,12,7,10,20,9,-20,6,9,17,6,11,16,22,11,17,18,14,18,8,9,23,10,25,22,30,22,25,7,20,46,7,21,15,11,10,17,42,14,12,12,17,25,36,35,35,48,19,14,13,17,12,12,7,30,15,19,15,11,34,23,10,18,19,12,9,17,3,11,15,12,12,14,13,6,11,17,10,6,22,11,-20,19,20,13,20,15,36,15,7,56,40,12,14,4,12,8,35,7,14,7,-20,3,9,4,20,-20,10,43,26,15,8,3,6,18,8,2,-20,3,29,41,8,26,33,37,35,42,36,9,-20,2,3,12,65,20,19,19,12,11,8,3,7,4,28,5,15,5,8,32,6,-20,49,94,10,9,24,16,18,3,14,7,6,13,10,-20,6,7,10,-20,8,-20,-20,11,17,7,22,3,6,-20,12,10,6,8,9,9,8,6,32,4,7,4,50,-20,20,7,7,9,4,16,9,7,22,9,16,6,8,7,4,-20,2,10,6,45,-20,6,11,5,19,-20,4,6,10,4,8,14,12,3,10,5,13,4,4,7,4,4,4,4,6,9,17,17,4,11,16,7,4,58,10,15,5,3,4,8,-20,3,15,3,4,5,4,19,-20,6,10,45,30,17,-20,7,4,13,8,6,3,5,18,6,9,16,7,4,10,6,4,2,13,4,5,5,-20,9,5,45,27,-20,20,6,-20,-20,4,15,7,9,20,3,3,24,17,12,21,9,10,-20,7,-20,-20,-20,7,38,7,9,5,6,-20,4,29,6,9,28,38,38,54,15,30,22,9,5,31,34,7,5,38,3,4,34,11,-20,9,42,10,4,15,11,7,-20,13,17,11,6,22,4,-20,-20,10,7,10,4,7,10,18,10,9,36,6,-20,30,19,5,15,7,34,8,45,14,14,5,19,15,5,13,-20,14,38,24,15,39,40,39,49,33,9,29,7,22,16,10,22,9,7,11,7,11,12,12,11,25,34,24,34,9,12,46,4,11,15,11,21,17,7,23,30,11,6,8,10,13,7,8,48,27,39,47,35,21,27,29,18,50,30,20,38,11,20,19,44,56,18,-20,8,16,53,9,5,-20,10,14,60,15,25,17,17,31,16,40,5,17,10,50,9,14,34,13,5,5,13,27,16,12,4,18,17,14,10,12,8,9,11,16,10,17,13,7,11,10,23,20,5,17,12,13,13,21,19,10,17,15,11,13,16,19,14,16,5,12,17,21,13,13,12,18,11,14,11,12,-20,12,18,7,18,6,8,18,16,9,9,15,16,10,7,11,10,15,16,16,20,15,19,9,19,8,15,12,12,19,-20,11,9,13,11,16,17,14,14,9,6,6,8,5,12,7,13,8,14,11,10,9,-20,8,11,13,15,9,8,8,17,16,10,6,8,5,10,17,6,10,6,10,15,7,13,8,10,8,12,6,18,11,13,12,14,5,9,17,14,8,22,5,11,8,8,14,15,19,16,7,28,8,10,19,13,5,7,13,20,17,-20,15,7,17,10,10,6,11,22,9,11,13,10,7,16,11,18,11,23,13,13,19,17,11,19,10,10,12,10,13,-20,10,15,7,25,-20,10,13,10,8,18,13,11,14,12,4,9,10,7,7,10,13,3,7,12,11,11,20,11,16,15,6,3,9,2,44,8,15,16,10,12,14,14,16,12,15,18,8,11,11,7,16,19,18,9,18,12,24,11,16,7,11,15,21,29,19,12,18,10,9,11,18,10,9,14,22,8,15,11,4,11,8,10,7,10,13,6,-20,8,11,6,9,5,16,6,13,12,3,11,9,5,12,9,18,7,9,7,17,9,9,6,13,12,13,14,13,11,11,11,6,17,-20,4,-20,-20,3,-20,5,-20,5,8,7,15,7,13,16,8,5,7,4,14,15,10,8,11,9,9,16,5,8,10,42,14,7,-20,11,9,5,13,13,18,7,11,5,-20,4,5,10,23,6,9,8,10,6,14,6,-20,10,-20,10,-20,6,4,6,17,13,11,19,4,-20,22,9,-20,5,-20,4,6,-20,7,-20,-20,2,2,5,3,6,-20,3,5,-20,3,-20,3,4,-20,-20,-20,3,-20,5,2,-20,3,5,-20,4,11,3,-20,3,4,3,10,3,3,5,3,-20,4,-20,4,-20,4,-20,-20,4,-20,-20,3,5,-20,3,3,5,4,3,3,55,30,14,28,18,15,31,38,65,36,51,62,78,46,40,87,39,69
"chr5,16650149",4,10,6,5,9,-20,7,5,9,9,3,12,46,36,14,28,39,24,56,54,55,7,56,34,58,46,36,35,17,4,5,7,9,10,66,48,29,24,20,4,14,40,7,-20,13,34,7,39,6,9,12,26,71,21,32,26,58,48,27,36,37,35,30,39,26,26,26,38,33,19,35,20,13,31,28,51,23,13,-20,15,12,27,32,9,7,34,34,56,45,13,22,44,46,43,38,36,18,37,7,48,26,29,4,12,23,45,7,43,47,8,11,8,35,33,10,9,60,13,11,5,11,9,11,5,49,10,5,50,15,13,12,11,10,11,46,53,70,4,6,6,6,7,11,7,33,5,8,44,5,6,5,7,14,7,32,3,-20,14,66,4,5,4,10,8,6,17,4,6,7,12,13,43,27,8,-20,22,8,10,15,32,6,6,9,5,8,-20,-20,12,7,10,20,9,-20,7,9,18,6,12,17,22,11,18,17,14,18,9,9,24,10,26,22,30,21,25,7,23,46,8,21,17,10,10,17,39,14,10,12,17,25,35,39,35,44,19,14,12,17,11,12,7,30,14,23,14,10,35,22,10,18,21,12,10,17,3,11,16,11,12,13,13,6,11,17,10,5,21,11,7,20,20,13,20,15,37,16,7,54,46,15,13,5,11,7,36,7,14,7,-20,3,9,5,22,-20,12,41,28,17,8,3,6,18,8,2,-20,5,30,38,8,25,33,36,35,42,37,9,3,3,3,12,64,21,19,19,11,10,7,3,8,4,27,5,17,5,8,32,6,-20,47,91,9,9,23,17,19,4,13,7,5,14,10,-20,-20,6,10,-20,8,-20,7,10,17,7,23,3,6,-20,12,10,6,8,9,10,8,5,32,4,7,4,51,8,19,8,6,9,4,15,9,8,23,9,15,6,8,7,4,12,2,10,9,44,-20,6,11,5,20,-20,4,6,10,4,8,14,9,2,10,5,13,4,5,7,4,4,4,4,6,9,18,17,4,11,16,7,4,54,10,15,5,3,4,8,-20,3,16,3,3,5,4,19,-20,8,10,44,33,17,-20,7,4,13,8,6,3,5,18,7,9,16,6,4,9,6,4,2,13,3,5,5,-20,9,5,42,26,-20,22,6,-20,-20,4,16,7,9,20,3,3,25,15,13,23,9,9,-20,6,-20,-20,-20,8,37,6,7,5,6,-20,4,29,6,8,29,38,40,53,15,31,22,9,5,29,34,5,5,38,3,-20,36,11,-20,9,42,10,4,15,10,7,-20,13,18,10,6,21,4,-20,-20,10,4,11,4,7,11,17,11,9,34,6,-20,30,20,5,15,6,36,8,45,15,15,5,19,14,5,13,-20,15,38,25,15,39,40,40,49,32,10,28,7,22,17,10,23,10,-20,12,7,11,12,11,11,26,34,24,32,9,12,45,4,11,15,12,20,17,7,21,29,10,7,8,10,13,8,8,50,25,38,47,35,21,29,29,19,50,30,20,37,13,20,18,43,56,18,-20,9,16,54,9,5,-20,10,14,60,15,25,17,17,31,17,34,5,18,10,49,7,13,34,13,5,6,13,26,-20,13,4,17,18,13,10,13,9,9,11,16,11,17,13,8,10,10,19,20,5,17,12,13,13,22,20,11,15,15,11,12,17,17,14,16,5,12,16,21,13,13,12,18,11,14,11,11,-20,11,18,7,19,6,8,17,15,11,7,15,15,11,7,12,11,15,16,16,19,15,19,10,18,8,15,13,12,20,-20,12,10,13,11,16,16,14,14,8,6,6,8,5,11,7,11,8,13,13,9,9,-20,8,11,13,14,9,8,8,18,16,11,6,7,5,9,17,6,10,6,10,15,8,13,8,10,9,11,6,20,11,15,12,14,4,9,18,14,8,22,5,12,9,9,13,15,20,16,7,28,8,9,18,12,5,7,13,18,19,9,15,8,17,10,10,7,10,21,9,10,13,10,7,15,11,17,11,23,15,13,19,17,11,19,8,11,12,10,13,8,11,17,7,24,-20,10,12,10,8,18,12,11,14,12,4,9,10,7,7,10,12,3,6,12,12,11,20,11,17,15,6,3,9,2,43,8,15,16,11,12,14,13,16,12,15,18,8,11,11,7,16,19,18,9,18,12,23,11,16,6,10,15,21,28,19,12,18,10,9,11,18,11,8,14,21,8,15,11,4,11,9,10,6,10,13,6,-20,8,10,6,9,5,16,6,13,13,3,11,8,6,12,9,16,7,9,7,19,9,9,6,15,12,14,14,13,11,11,11,6,18,-20,4,-20,-20,3,-20,5,2,5,9,8,14,8,13,16,8,5,8,4,13,14,9,8,11,9,9,16,5,7,10,42,14,8,9,12,9,4,13,14,18,7,11,5,-20,5,5,10,23,6,9,8,10,6,14,7,-20,10,-20,10,-20,6,4,6,17,14,12,18,3,-20,21,6,3,5,-20,4,6,-20,7,-20,-20,3,2,8,2,7,-20,2,5,3,4,-20,3,4,-20,-20,-20,5,-20,5,-20,-20,3,-20,-20,5,9,3,-20,2,5,3,10,3,-20,3,3,-20,-20,-20,4,-20,4,-20,-20,4,-20,-20,4,5,-20,4,3,4,3,4,3,55,30,15,27,17,16,33,38,67,36,41,62,77,44,40,88,41,64
"chr5,16650151",4,10,6,5,9,-20,7,5,9,9,3,13,46,35,15,28,41,24,55,56,55,7,55,34,56,47,35,36,17,3,5,7,8,10,63,50,30,24,21,4,15,39,7,-20,13,32,7,38,6,9,12,26,72,22,32,27,57,45,29,36,37,34,29,41,27,25,25,36,33,19,36,21,12,32,27,50,24,13,-20,15,12,28,33,9,7,33,30,57,43,13,23,44,48,43,39,39,19,39,7,47,23,28,4,12,23,45,6,42,47,7,11,8,33,34,10,9,61,13,10,5,11,9,11,5,49,-20,5,50,14,13,14,11,10,11,46,50,70,4,6,6,6,7,11,7,34,5,8,46,5,6,5,7,14,7,32,4,-20,14,64,4,5,4,10,7,6,17,4,6,6,11,13,42,27,9,-20,22,8,9,17,31,6,6,8,5,8,-20,12,10,6,10,20,9,-20,7,9,15,6,12,18,23,11,17,18,15,22,10,10,25,10,26,22,30,21,25,8,23,46,8,21,17,10,10,17,39,11,11,12,17,28,33,37,36,46,18,15,12,18,11,11,7,31,14,20,14,10,39,22,11,19,21,10,11,18,4,11,16,11,13,13,14,6,11,16,9,5,22,12,8,20,21,13,19,15,37,16,7,51,44,15,15,5,10,7,36,7,14,7,-20,3,9,5,23,-20,11,39,28,16,8,3,6,18,7,2,-20,5,30,43,8,24,32,37,34,43,37,9,3,3,3,12,60,19,17,19,11,9,7,3,8,4,28,5,17,6,8,32,6,-20,50,93,9,8,22,18,20,5,14,7,5,13,11,-20,-20,6,10,-20,8,-20,5,10,17,7,23,3,7,-20,12,10,6,8,8,10,10,4,31,3,7,4,52,8,19,8,6,8,4,15,10,8,24,9,15,6,8,7,5,12,2,10,9,45,-20,6,11,4,20,-20,4,6,10,4,9,14,9,2,10,5,13,4,5,7,4,4,4,4,6,9,18,17,5,11,16,7,4,53,10,15,5,3,4,7,-20,3,14,3,3,5,4,19,-20,-20,10,44,31,16,-20,7,3,13,9,5,3,5,19,7,9,20,7,4,9,5,4,2,13,3,5,5,-20,9,5,44,28,-20,23,6,-20,-20,4,16,7,8,19,3,3,26,17,12,28,9,10,-20,6,-20,-20,-20,8,35,6,6,5,6,-20,4,29,6,8,30,40,40,53,15,32,22,9,5,28,35,5,5,38,3,-20,35,11,-20,7,42,11,4,15,-20,7,-20,14,17,11,7,22,4,-20,-20,10,4,10,3,7,11,18,12,9,34,6,-20,28,19,5,14,6,35,7,45,15,15,5,19,15,5,13,-20,15,37,24,14,38,37,41,50,33,7,29,6,22,17,10,22,10,8,12,7,11,11,11,11,26,32,22,32,9,12,45,4,10,15,12,20,17,5,22,29,9,8,8,10,11,8,8,51,26,41,45,33,21,29,31,18,52,35,20,38,12,20,17,43,56,17,-20,9,15,55,8,5,-20,10,15,61,12,24,17,17,31,19,32,4,17,10,50,7,11,31,12,4,8,13,25,15,14,4,17,18,14,9,13,9,9,10,16,11,17,13,8,10,10,18,20,5,17,11,13,13,22,19,11,15,15,11,12,17,17,14,16,5,12,16,20,13,12,12,18,11,14,11,11,-20,11,17,7,19,6,8,17,16,11,7,14,15,11,7,13,11,15,16,16,19,15,19,10,18,8,15,13,13,19,5,12,9,11,11,16,15,14,13,8,6,6,-20,5,11,7,13,8,14,12,8,9,-20,8,11,13,14,9,8,8,18,16,11,6,7,5,9,17,5,10,5,10,-20,8,13,8,10,9,11,5,20,11,15,12,14,4,9,18,13,8,22,5,12,9,9,14,15,20,16,7,29,7,9,18,11,5,7,13,18,19,8,15,8,17,10,10,7,10,21,8,9,12,10,7,15,11,17,11,23,15,12,19,17,11,19,8,11,13,10,12,8,11,17,8,24,-20,9,12,10,7,18,12,12,14,12,4,9,10,7,7,10,11,3,6,12,12,10,18,11,17,15,6,3,9,2,42,8,15,16,11,13,14,13,16,12,15,18,8,11,11,7,16,19,19,9,18,12,22,11,16,6,11,15,21,28,18,12,17,10,9,11,18,12,8,13,21,8,15,11,4,10,9,9,6,10,13,6,-20,9,10,6,9,5,16,6,13,13,3,11,8,6,12,9,17,7,10,7,20,9,9,6,15,12,13,14,13,11,11,11,6,18,-20,4,-20,-20,3,-20,5,2,5,9,9,14,8,13,15,8,5,8,4,13,14,9,9,11,9,8,16,5,7,10,42,14,8,8,11,9,2,12,14,18,7,11,5,-20,5,5,10,23,6,9,7,10,6,14,7,6,10,-20,10,-20,6,3,6,17,12,13,18,4,-20,20,6,3,5,-20,3,6,-20,7,-20,4,3,2,6,3,6,-20,3,-20,3,4,3,-20,2,-20,-20,-20,5,-20,5,-20,-20,3,6,-20,4,10,4,-20,-20,5,-20,-20,3,-20,3,3,-20,-20,-20,-20,-20,5,-20,4,3,-20,-20,4,5,-20,3,-20,4,-20,3,3,56,29,14,25,18,17,33,38,69,37,40,76,67,44,38,87,44,65
"chr5,16650159",5,10,6,6,-20,-20,7,-20,8,9,4,14,45,36,16,26,44,23,57,54,52,-20,53,33,59,43,36,36,17,3,6,7,8,9,63,52,34,25,17,-20,15,40,8,-20,15,32,8,38,6,11,15,25,69,23,37,24,52,48,29,-20,37,28,28,42,27,28,25,31,32,18,33,21,11,35,26,49,26,10,-20,13,10,28,30,10,8,37,34,59,44,13,24,47,48,44,40,43,19,40,7,46,25,28,3,10,21,45,3,41,52,7,-20,6,38,33,10,9,61,-20,10,5,8,6,11,4,46,11,5,49,15,13,17,11,10,9,45,55,68,4,7,4,6,4,10,7,38,3,8,49,-20,5,5,8,13,8,31,3,3,14,66,6,6,-20,9,5,6,18,4,7,8,9,-20,37,-20,10,-20,22,7,9,16,27,6,5,6,5,7,-20,11,12,4,10,17,-20,-20,7,8,13,9,12,22,21,10,17,14,17,18,11,11,24,8,27,22,30,21,23,6,15,51,-20,22,16,11,8,23,41,13,11,11,18,28,34,39,39,50,18,15,11,17,13,12,-20,33,12,21,14,10,34,19,-20,19,22,14,14,19,5,10,16,10,13,14,14,6,9,14,-20,10,20,13,6,17,24,13,17,15,38,12,5,51,46,13,16,5,12,5,37,-20,11,6,-20,-20,-20,4,24,-20,10,41,34,15,-20,-20,-20,17,7,-20,-20,5,30,43,-20,22,30,37,31,44,39,10,4,-20,-20,12,59,17,17,17,-20,9,5,3,9,4,28,5,18,6,10,30,6,-20,52,83,-20,8,26,17,20,8,14,7,5,13,13,-20,-20,6,10,-20,10,-20,7,7,16,5,22,3,-20,-20,8,9,6,-20,8,12,-20,4,36,3,7,4,52,7,19,-20,6,8,-20,13,8,8,21,9,13,5,-20,7,-20,12,2,7,8,47,-20,5,12,5,24,-20,5,6,10,-20,7,17,-20,3,6,-20,11,6,4,6,5,5,-20,4,7,10,17,15,-20,11,15,7,3,52,10,16,6,-20,4,6,-20,4,-20,5,3,5,4,20,-20,6,8,39,29,14,-20,7,3,12,7,6,4,5,20,10,7,21,8,4,9,6,4,2,12,3,5,4,3,9,-20,41,28,6,26,6,-20,-20,4,15,7,7,16,3,4,27,24,11,27,-20,10,-20,6,-20,-20,-20,7,36,-20,7,6,6,-20,4,23,6,9,29,38,40,53,15,33,25,8,5,27,37,4,4,35,3,-20,39,9,-20,5,43,10,4,13,-20,7,-20,14,16,9,6,22,4,-20,-20,10,3,10,4,7,11,17,13,8,38,-20,-20,33,17,4,16,5,33,5,45,11,15,6,21,14,5,10,-20,16,37,25,17,38,37,35,54,32,-20,30,5,-20,16,-20,-20,10,8,11,5,10,12,11,11,24,30,19,28,11,11,43,3,9,15,14,20,16,5,23,27,8,7,6,4,10,10,-20,52,26,46,43,36,21,30,29,17,54,35,16,44,12,15,17,42,51,18,-20,10,12,62,-20,5,-20,13,14,56,14,24,18,16,29,18,34,4,16,8,47,8,12,30,-20,4,10,11,22,13,15,4,17,17,16,8,12,-20,8,11,15,8,16,13,-20,8,10,18,20,-20,15,9,13,13,19,17,13,13,13,12,13,14,19,14,14,4,-20,16,20,13,12,11,19,10,13,-20,9,-20,12,16,7,16,6,8,10,16,11,-20,13,16,12,7,12,10,15,15,-20,17,13,18,11,17,8,13,-20,12,16,-20,12,8,9,12,14,14,12,14,8,6,-20,7,-20,7,-20,13,-20,14,14,8,8,-20,8,11,13,14,10,8,8,15,11,12,6,7,4,8,18,6,-20,6,10,14,9,12,7,11,7,9,5,16,11,15,13,14,3,8,12,12,8,21,4,-20,-20,9,13,-20,21,15,6,28,7,-20,17,9,-20,7,13,19,-20,8,16,7,15,9,-20,8,8,18,-20,9,11,-20,7,15,11,16,11,-20,12,13,20,15,11,17,9,10,-20,9,13,-20,10,15,8,24,-20,10,11,9,7,16,9,13,-20,10,4,9,10,4,7,10,11,5,6,10,12,9,17,10,16,16,6,3,6,-20,39,8,13,15,11,14,13,12,16,12,15,16,7,10,8,5,16,19,-20,-20,18,8,21,13,16,-20,-20,13,21,25,14,12,17,10,9,10,16,14,6,13,19,7,-20,10,5,13,-20,11,6,10,13,7,-20,10,10,6,7,4,17,5,12,15,5,11,8,7,11,11,18,-20,10,9,23,10,8,7,15,13,15,11,15,9,10,10,6,19,-20,5,-20,4,4,-20,-20,2,5,6,10,15,6,11,14,-20,5,6,3,12,16,8,-20,10,9,-20,12,7,7,-20,37,14,9,8,12,-20,-20,11,14,17,-20,10,5,6,5,5,10,23,7,6,-20,7,6,12,7,4,10,-20,11,-20,5,2,4,16,11,15,18,4,-20,20,3,3,3,-20,6,-20,-20,6,-20,4,3,-20,7,3,-20,4,4,-20,-20,4,-20,-20,-20,-20,-20,-20,7,-20,3,-20,-20,3,7,-20,4,8,3,-20,-20,-20,2,10,-20,-20,-20,-20,-20,-20,-20,-20,2,5,-20,7,-20,-20,5,4,6,-20,-20,3,4,-20,4,4,54,29,14,24,18,15,37,39,66,32,45,61,64,44,37,87,40,63
