"chr,position",88,108,139,159,265,350,351,403,410,424,428,430,470,476,484,504,506,531,544,546,628,630,680,681,685,687,728,742,763,765,766,768,772,801,853,854,867,868,870,915,932,991,992,997,1002,1006,1061,1062,1063,1066,1070,1158,1166,1254,1257,1313,1317,1552,1612,1622,1651,1652,1676,1684,1739,1741,1756,1757,1793,1797,1819,1820,1829,1834,1835,1851,1852,1853,1872,1890,1925,1942,1943,1954,2016,2017,2031,2053,2057,2081,2091,2106,2108,2141,2159,2166,2171,2191,2202,2212,2239,2240,2276,2278,2285,2286,2317,2370,2412,4779,4807,4826,4840,4857,4884,4900,4939,4958,5023,5104,5151,5165,5210,5236,5249,5253,5276,5279,5349,5353,5395,5486,5577,5644,5651,5717,5718,5720,5726,5741,5748,5757,5768,5772,5776,5779,5784,5798,5800,5811,5822,5830,5831,5832,5836,5837,5856,5860,5865,5867,5874,5890,5893,5907,5921,5950,5984,5993,6008,6009,6010,6011,6012,6013,6016,6017,6019,6020,6021,6022,6023,6024,6025,6030,6034,6035,6036,6038,6039,6040,6041,6042,6043,6046,6064,6069,6070,6071,6073,6074,6076,6077,6085,6086,6087,6088,6090,6091,6092,6094,6095,6096,6097,6098,6099,6100,6101,6102,6104,6105,6106,6107,6108,6109,6111,6112,6113,6114,6115,6118,6119,6122,6123,6124,6125,6126,6128,6131,6132,6133,6134,6136,6137,6138,6140,6141,6142,6145,6148,6149,6150,6151,6153,6154,6163,6166,6169,6172,6173,6174,6177,6180,6184,6188,6189,6191,6192,6193,6194,6195,6198,6201,6202,6203,6209,6210,6214,6216,6217,6218,6220,6221,6231,6235,6237,6238,6240,6241,6242,6243,6244,6252,6255,6258,6268,6276,6284,6296,6390,6396,6413,6424,6434,6445,6680,6739,6740,6744,6749,6750,6805,6806,6814,6830,6897,6898,6900,6901,6903,6904,6907,6908,6909,6911,6913,6915,6917,6918,6919,6920,6922,6923,6924,6926,6927,6929,6931,6932,6933,6938,6940,6943,6944,6945,6951,6956,6957,6958,6959,6960,6961,6963,6966,6967,6968,6969,6970,6971,6973,6974,6975,6976,6979,6981,6982,6984,6986,6987,6989,6990,6992,6997,7000,7002,7003,7008,7013,7014,7025,7026,7028,7031,7033,7036,7058,7061,7062,7063,7064,7067,7068,7071,7072,7077,7081,7092,7094,7096,7102,7103,7106,7107,7109,7111,7117,7119,7120,7125,7126,7127,7130,7133,7138,7143,7147,7158,7160,7161,7162,7163,7164,7165,7169,7177,7181,7183,7186,7192,7199,7202,7203,7207,7208,7209,7213,7217,7218,7223,7231,7236,7244,7248,7250,7255,7258,7268,7273,7276,7280,7282,7287,7288,7296,7298,7305,7306,7307,7314,7316,7319,7320,7322,7323,7327,7328,7332,7333,7337,7342,7343,7344,7346,7347,7349,7350,7353,7354,7356,7358,7359,7372,7373,7377,7378,7382,7383,7384,7387,7394,7396,7404,7411,7413,7415,7416,7417,7418,7419,7424,7427,7430,7460,7461,7471,7475,7477,7514,7515,7516,7517,7520,7521,7523,7525,7529,7530,7566,7568,7717,7757,7767,7917,7947,8037,8057,8077,8132,8171,8214,8222,8227,8230,8231,8233,8234,8235,8236,8237,8238,8239,8240,8241,8242,8243,8244,8246,8247,8249,8256,8258,8259,8264,8283,8284,8285,8290,8297,8306,8307,8311,8312,8326,8334,8335,8337,8343,8351,8354,8357,8365,8366,8369,8376,8386,8387,8419,8420,8422,8424,8426,8427,8464,8483,8699,8723,9027,9057,9058,9067,9069,9070,9075,9078,9079,9081,9084,9085,9089,9091,9095,9099,9100,9102,9103,9104,9105,9106,9111,9113,9114,9115,9121,9125,9128,9130,9131,9133,9134,9298,9312,9314,9321,9323,9332,9336,9339,9343,9352,9353,9363,9369,9370,9371,9380,9381,9382,9383,9386,9388,9390,9391,9392,9394,9395,9399,9402,9404,9405,9407,9408,9409,9412,9413,9416,9421,9427,9433,9436,9437,9442,9450,9451,9452,9453,9454,9455,9470,9471,9476,9481,9503,9506,9507,9508,9509,9510,9511,9512,9513,9514,9515,9517,9518,9519,9520,9521,9522,9523,9524,9525,9526,9527,9528,9529,9530,9531,9532,9533,9534,9535,9536,9537,9539,9540,9541,9542,9543,9544,9545,9546,9547,9548,9549,9550,9551,9552,9553,9554,9555,9556,9557,9558,9559,9560,9561,9562,9564,9565,9567,9568,9569,9571,9573,9574,9576,9577,9578,9579,9581,9582,9583,9584,9585,9586,9587,9588,9589,9590,9591,9592,9593,9594,9595,9596,9597,9598,9599,9600,9601,9602,9606,9607,9608,9609,9610,9611,9612,9613,9615,9616,9617,9619,9620,9621,9622,9624,9625,9626,9627,9628,9629,9630,9631,9632,9633,9634,9635,9636,9637,9638,9639,9640,9641,9642,9643,9644,9645,9646,9647,9648,9649,9651,9653,9655,9656,9657,9658,9659,9660,9661,9663,9664,9665,9666,9667,9668,9669,9670,9671,9672,9673,9676,9677,9678,9679,9680,9681,9682,9683,9684,9685,9686,9687,9689,9690,9691,9692,9693,9694,9695,9696,9697,9698,9699,9700,9701,9703,9704,9705,9706,9707,9708,9709,9710,9711,9712,9713,9714,9716,9717,9718,9719,9720,9721,9722,9723,9725,9726,9727,9728,9729,9730,9731,9732,9733,9735,9736,9737,9738,9739,9741,9743,9744,9745,9747,9748,9749,9754,9755,9756,9757,9758,9759,9761,9762,9764,9766,9768,9769,9770,9771,9772,9774,9775,9776,9777,9778,9779,9780,9781,9782,9783,9784,9785,9786,9787,9788,9789,9790,9791,9792,9793,9794,9795,9796,9797,9798,9799,9800,9801,9802,9803,9804,9805,9806,9807,9808,9809,9810,9811,9812,9813,9814,9815,9816,9817,9819,9820,9821,9822,9823,9824,9825,9826,9827,9828,9830,9831,9832,9833,9834,9835,9836,9837,9838,9839,9840,9841,9843,9844,9845,9846,9847,9848,9849,9850,9851,9852,9853,9854,9855,9856,9857,9858,9859,9860,9861,9862,9864,9866,9867,9868,9869,9870,9871,9873,9874,9875,9876,9877,9878,9879,9880,9881,9882,9883,9885,9886,9887,9888,9890,9891,9892,9894,9895,9897,9898,9899,9900,9901,9902,9903,9904,9905,9906,9908,9909,9910,9911,9912,9914,9915,9917,9918,9920,9921,9924,9925,9926,9927,9928,9929,9930,9932,9933,9935,9937,9938,9939,9941,9942,9943,9944,9945,9946,9947,9948,9949,9950,9951,9952,9953,9955,9956,9957,9958,9959,9960,9962,9963,9964,9965,9966,9968,9969,9970,9971,9972,9973,9974,9975,9976,9978,9979,9980,9981,9982,9983,9984,9985,9986,9987,9988,9990,9991,9993,9995,9996,9997,9998,9999,10001,10002,10004,10005,10006,10008,10009,10010,10011,10012,10013,10014,10015,10017,10018,10020,10022,10023,10027,14312,14313,14314,14315,14318,14319,15560,15591,15592,15593,18694,18696,19949,19950,19951
"chr1,17386790",10,8,5,8,10,15,9,21,10,10,14,11,54,37,15,21,41,16,110,96,62,7,93,53,60,38,39,30,33,9,13,10,22,14,75,59,45,35,20,9,16,50,18,14,31,49,9,65,10,22,46,32,58,33,19,20,49,54,30,30,37,50,44,40,20,17,36,64,65,18,54,27,28,34,42,71,32,10,10,19,14,24,30,5,9,63,40,72,45,18,19,30,45,44,52,30,23,65,11,46,38,43,6,18,38,57,10,32,43,6,18,10,37,46,12,12,62,7,-20,8,11,15,12,8,48,10,10,59,24,19,29,8,13,10,47,54,48,10,8,12,9,8,8,18,47,11,13,40,20,12,9,14,22,23,46,8,9,26,123,21,6,6,8,9,10,24,14,8,15,9,104,70,33,36,8,47,22,18,16,93,24,26,45,21,17,13,34,54,7,20,37,26,-20,7,8,24,13,19,52,17,11,34,49,32,68,24,37,69,-20,35,84,9,45,46,13,29,92,23,26,19,22,15,17,43,11,27,18,17,30,26,39,32,51,42,12,9,21,27,18,24,24,24,29,43,21,28,19,21,29,24,31,30,9,11,20,29,22,15,37,22,25,37,33,27,45,18,17,21,23,32,25,52,26,27,41,20,64,44,30,60,20,16,10,32,7,13,14,8,12,9,-20,39,15,21,-20,40,98,9,9,14,25,8,9,6,12,32,42,9,57,41,64,63,42,63,13,12,-20,6,26,159,22,45,20,25,18,22,-20,19,20,31,14,20,11,14,29,23,18,36,99,20,17,36,44,39,16,19,-20,15,21,12,13,7,12,19,7,14,11,16,29,8,23,18,26,11,7,24,25,7,14,20,12,18,16,79,17,16,15,69,21,29,22,14,6,23,21,21,29,19,11,20,10,26,12,15,19,20,8,15,104,21,13,12,16,35,30,13,20,19,24,18,25,14,15,30,30,6,13,14,14,11,12,12,15,25,17,30,10,13,32,37,28,15,155,37,14,15,16,12,12,19,14,17,14,12,16,13,32,14,33,20,101,23,11,10,15,19,12,19,21,12,7,22,33,11,14,15,10,7,33,12,9,16,25,9,23,17,13,16,63,41,16,43,10,13,8,18,11,17,20,20,21,9,39,11,21,20,4,34,14,15,12,11,13,11,66,13,15,10,-20,5,31,26,6,18,50,54,45,60,20,49,52,-20,11,64,44,10,6,51,12,10,46,21,-20,9,36,17,-20,15,15,8,22,35,28,13,22,21,6,9,8,26,24,27,18,8,18,11,18,7,55,6,17,40,28,-20,12,7,43,15,122,12,31,8,24,26,6,19,16,28,45,27,23,68,46,38,37,33,26,43,10,47,21,22,41,7,12,24,20,20,5,19,15,34,22,25,21,20,18,48,8,9,7,20,23,-20,-20,4,-20,-20,7,8,-20,44,43,7,82,30,38,46,50,19,20,24,31,65,22,45,30,38,31,34,86,52,27,14,33,40,85,41,14,17,17,27,52,14,31,47,35,38,38,72,12,-20,14,144,58,43,46,29,-20,18,27,14,7,19,13,17,13,23,9,18,8,12,16,12,13,12,19,19,15,19,21,19,14,9,7,16,15,-20,29,19,16,20,22,18,16,18,15,9,16,12,16,19,23,20,8,19,16,9,11,23,18,17,-20,11,21,8,11,16,14,12,13,21,13,14,17,11,13,10,18,18,17,14,15,19,16,12,14,15,17,26,25,18,20,5,13,14,17,17,13,21,-20,5,6,11,21,18,12,8,12,21,9,14,14,12,6,5,15,14,-20,12,8,9,9,15,9,8,9,19,14,14,14,9,8,10,13,12,11,-20,17,5,9,-20,5,4,7,4,4,13,4,17,18,10,10,23,14,9,13,19,10,9,35,8,9,20,14,18,5,16,12,17,12,19,14,15,14,7,19,9,18,7,16,17,10,11,15,22,28,7,19,10,15,24,14,8,16,14,13,11,13,11,7,8,20,8,18,9,-20,11,10,9,35,-20,19,18,10,23,9,-20,12,17,16,12,11,7,15,-20,7,23,12,13,10,-20,9,25,11,98,15,26,22,18,18,27,23,27,18,27,24,25,22,23,23,22,31,20,13,23,24,42,22,28,14,16,26,15,37,20,23,19,25,19,21,21,21,10,25,26,13,8,10,9,14,12,11,9,6,9,8,10,12,12,4,-20,13,13,15,16,13,7,-20,15,12,21,25,-20,12,17,15,10,17,10,17,13,16,15,14,20,25,9,14,10,15,8,6,4,10,8,10,8,12,12,14,13,12,14,20,9,18,13,14,12,17,12,25,8,8,12,20,20,32,15,12,49,19,14,19,25,18,12,15,14,21,4,14,7,11,10,8,13,25,6,9,14,17,16,13,16,14,10,9,19,7,12,6,4,14,17,18,13,8,6,-20,11,6,5,8,8,14,-20,8,6,7,11,8,8,4,12,6,8,5,5,-20,9,8,5,9,-20,21,12,-20,7,5,-20,3,7,8,6,13,5,9,5,5,9,8,6,11,8,6,-20,13,12,16,6,8,7,5,8,10,-20,9,3,-20,-20,10,-20,5,7,18,24,38,14,22,26,27,33,28,47,42,82,73,86,53,50,67,47,72
"chr1,17386793",11,8,5,7,9,17,9,18,10,9,12,11,53,33,14,20,40,17,115,95,62,5,90,56,57,37,37,28,33,9,13,9,22,13,77,59,44,33,18,9,15,48,18,14,29,55,11,65,11,21,49,34,56,28,21,20,52,52,31,29,38,50,45,39,19,16,34,67,66,17,54,27,27,35,44,71,34,10,9,19,14,26,30,5,8,63,40,74,45,19,19,30,44,43,51,28,22,66,11,46,39,45,6,17,41,58,8,33,44,6,17,10,38,47,11,10,61,7,7,8,9,15,12,6,48,9,9,58,24,16,30,7,12,10,46,50,49,7,8,12,9,7,9,17,49,11,11,40,19,12,9,14,20,23,49,8,8,26,123,21,6,6,8,9,10,23,14,8,14,12,110,67,33,35,8,51,22,20,17,99,23,25,48,20,17,12,34,52,8,21,34,22,-20,8,8,24,12,18,49,15,11,33,54,31,64,25,37,71,-20,31,85,9,50,46,13,28,91,24,26,18,23,14,19,43,11,27,20,18,26,26,39,30,49,47,15,9,22,29,18,22,23,23,31,42,20,31,18,21,29,25,32,31,8,10,21,29,23,14,29,18,24,38,32,28,44,18,18,21,24,31,25,50,26,28,41,20,62,41,30,58,25,16,10,30,7,13,16,8,14,10,-20,41,15,22,79,41,101,10,7,13,23,8,9,6,12,34,42,8,57,41,63,65,43,63,13,12,4,6,29,160,21,44,18,25,18,22,-20,20,21,32,13,23,11,14,29,23,16,35,98,20,19,37,42,39,15,18,10,14,20,14,15,7,12,20,8,14,10,16,29,9,23,18,27,10,7,24,23,7,12,19,12,18,16,81,17,16,16,73,22,28,22,14,8,22,19,24,32,21,10,20,10,25,12,16,16,21,8,17,105,20,13,12,16,33,31,12,20,18,24,18,25,14,13,30,31,6,14,14,14,11,10,11,16,26,19,29,9,13,31,38,28,14,152,37,14,15,16,13,12,20,16,18,14,11,16,14,33,15,33,21,102,22,9,10,15,20,12,18,21,12,7,23,34,11,13,15,9,7,33,14,10,16,24,10,23,15,13,16,61,43,16,38,10,12,9,17,11,19,22,21,22,9,36,10,21,20,4,32,13,15,13,11,16,12,68,13,16,10,10,6,29,26,6,18,53,53,46,59,20,49,54,-20,10,62,48,8,6,50,13,10,44,22,-20,8,38,17,-20,15,15,8,22,34,27,14,23,21,7,9,10,26,24,28,19,9,20,11,19,7,51,7,16,39,27,16,14,7,41,15,119,12,32,7,24,24,7,21,18,28,47,27,23,67,47,40,37,36,24,43,10,45,19,19,37,6,11,23,18,20,5,18,14,33,19,26,20,18,16,44,7,8,7,20,21,-20,-20,4,-20,-20,6,5,3,44,43,7,78,29,39,48,52,22,21,25,29,64,17,43,30,37,32,33,84,56,27,13,30,41,84,39,13,18,23,29,52,16,31,46,32,39,40,74,12,33,15,143,63,44,46,28,32,19,27,14,6,20,11,16,11,23,9,16,-20,9,17,11,10,12,19,19,14,19,20,17,13,8,7,16,15,-20,30,19,15,19,24,15,15,18,13,9,16,12,15,19,23,19,7,18,12,9,11,19,18,17,-20,11,20,7,11,16,12,11,13,20,13,14,18,10,13,10,18,18,16,14,15,18,16,12,14,13,17,24,23,17,19,4,12,13,17,15,13,20,-20,5,6,11,21,19,12,8,11,21,8,14,14,12,5,-20,14,14,-20,11,8,9,6,15,9,8,10,17,14,14,14,9,8,9,12,12,10,-20,16,5,9,-20,5,6,8,-20,-20,12,3,15,19,10,10,21,13,9,9,18,11,8,33,8,9,20,13,17,5,16,9,17,11,18,8,15,14,7,18,9,18,6,16,17,13,10,16,21,25,7,20,10,14,25,13,9,15,11,14,10,11,10,7,8,20,-20,17,10,9,10,9,9,33,11,18,17,9,24,9,8,12,17,14,11,11,7,15,-20,7,23,12,11,8,-20,9,24,11,98,14,25,21,16,17,25,22,26,17,27,25,23,22,20,23,21,27,20,13,21,23,42,20,27,12,14,26,12,35,18,22,21,23,19,21,21,21,10,26,22,14,10,10,9,14,12,11,9,6,9,8,9,12,12,4,-20,14,13,14,15,13,7,-20,13,12,21,25,-20,12,15,14,10,16,10,19,13,15,14,13,19,22,9,12,10,17,8,6,4,10,9,9,8,12,12,14,13,11,15,19,9,18,13,15,10,17,13,24,9,7,11,18,18,33,15,11,49,19,14,17,24,17,12,14,14,19,4,12,5,11,9,8,13,22,5,9,13,17,15,13,16,11,10,9,17,7,10,6,-20,12,16,18,13,9,5,-20,11,6,5,9,9,14,-20,8,-20,8,12,9,8,5,12,8,9,4,7,7,12,8,6,10,-20,20,11,-20,7,5,-20,-20,10,8,10,11,7,8,5,5,8,8,-20,12,7,6,9,15,11,16,6,8,9,4,6,7,7,6,4,4,-20,13,-20,6,7,18,24,38,14,22,25,28,32,28,47,39,69,55,83,54,51,69,46,71
"chr1,17386799",-20,8,4,7,7,17,11,18,10,8,12,9,48,34,13,15,34,16,116,90,59,5,84,54,58,38,36,26,31,10,12,9,23,13,74,58,45,32,18,10,14,45,20,20,30,57,10,66,12,23,43,34,54,29,19,22,55,50,30,26,36,51,46,40,18,17,35,68,62,18,54,24,27,34,44,71,33,9,8,20,13,26,28,7,7,65,40,70,45,19,16,27,45,40,49,28,20,66,11,48,38,48,6,18,39,56,9,30,41,6,16,8,35,45,10,10,57,6,-20,7,9,14,12,8,47,9,8,58,21,16,29,7,12,10,42,53,52,7,8,14,9,6,9,15,45,11,11,42,18,12,8,15,27,21,48,8,9,29,122,22,5,6,5,9,8,21,14,6,14,12,102,72,41,38,10,42,24,19,17,100,21,22,52,26,20,10,34,49,11,21,35,21,-20,4,8,24,17,18,52,15,13,31,54,26,63,22,36,68,5,27,81,9,56,58,13,22,81,29,26,15,18,12,20,44,11,18,19,19,28,30,36,31,52,43,13,-20,16,22,18,20,25,20,30,35,16,31,12,16,30,22,31,29,9,11,17,28,18,11,19,13,22,36,29,26,41,19,17,20,24,23,24,44,23,29,32,18,59,48,28,55,21,16,8,34,-20,15,16,8,13,9,-20,39,14,25,77,46,94,-20,7,12,24,10,-20,6,12,40,40,7,57,41,60,62,43,65,14,15,3,5,27,155,23,43,21,25,21,22,-20,20,18,31,12,20,12,14,32,19,15,34,91,21,17,33,38,41,16,19,10,14,20,15,18,7,10,19,6,13,10,18,32,11,23,20,27,10,6,26,18,6,13,19,12,17,14,80,15,16,16,65,20,30,22,13,9,24,13,23,32,18,9,15,12,26,11,14,18,19,8,17,101,21,12,12,16,22,31,10,23,18,22,18,20,13,9,29,32,5,13,11,14,11,9,12,16,24,19,25,5,14,31,38,27,14,141,38,7,14,14,10,11,19,17,18,14,11,16,14,29,14,34,22,100,18,9,9,14,19,11,17,21,12,6,17,34,11,9,15,6,5,31,15,8,18,23,12,24,17,12,16,55,43,15,23,10,12,8,15,9,17,22,22,20,10,25,7,22,17,5,31,10,16,13,12,-20,11,66,11,17,10,11,5,27,27,3,21,51,59,44,54,22,51,50,-20,10,60,45,9,5,45,13,10,41,18,-20,8,35,18,-20,13,15,8,16,32,26,11,23,20,8,8,8,20,26,31,21,9,20,11,20,6,51,8,15,37,25,11,14,6,39,14,113,9,28,6,21,22,7,22,18,32,45,26,21,67,45,35,35,34,20,40,6,44,20,18,38,5,10,21,17,21,3,18,12,31,17,25,19,20,15,44,6,7,6,19,20,-20,-20,5,-20,-20,6,4,3,43,52,8,71,30,41,47,52,19,20,27,26,61,19,46,29,31,31,28,80,56,27,14,30,42,84,33,11,19,24,31,49,18,31,46,30,39,40,73,13,32,12,137,55,40,42,26,30,17,23,14,6,17,10,14,11,23,9,12,9,9,18,11,10,10,19,19,14,17,18,16,11,7,7,16,16,-20,28,18,14,18,22,14,16,19,11,10,12,10,16,23,21,18,8,18,13,10,10,16,17,14,-20,11,16,5,9,18,10,7,10,20,11,14,14,8,14,11,16,17,17,12,14,17,15,12,14,14,17,23,24,16,19,4,11,12,18,13,14,24,-20,5,6,12,17,19,11,9,11,22,7,14,14,10,6,-20,14,11,-20,11,7,10,5,13,10,10,9,19,13,14,12,10,7,9,12,11,9,-20,16,5,-20,-20,3,6,-20,-20,-20,12,4,15,18,10,12,20,14,8,11,19,10,8,27,8,11,18,13,17,5,17,14,15,11,19,9,12,15,6,17,9,21,7,14,15,13,11,15,21,25,8,19,9,12,23,13,10,16,11,15,11,9,8,5,9,21,-20,17,10,9,9,10,10,33,10,19,20,9,21,8,7,11,18,13,10,8,7,14,12,6,23,10,12,8,-20,-20,24,10,103,13,23,20,17,15,24,22,26,18,26,20,23,21,19,23,21,29,21,11,20,21,41,19,26,13,14,24,13,35,17,24,20,23,20,18,23,20,9,28,22,14,10,10,9,13,11,10,9,6,9,7,8,12,8,4,-20,12,15,13,14,13,6,-20,11,12,19,23,-20,10,16,14,10,14,13,19,14,16,13,12,19,23,9,15,9,16,8,7,4,10,9,8,8,11,10,14,13,11,17,16,9,17,14,16,11,17,13,23,7,8,11,18,19,34,14,14,46,19,14,18,22,16,11,16,15,18,4,14,4,12,9,9,13,21,4,6,12,18,15,12,15,11,6,7,15,8,10,6,-20,15,19,19,13,7,4,3,-20,6,-20,7,5,11,-20,7,7,7,9,7,10,5,10,7,10,4,7,6,12,7,5,5,-20,18,10,-20,-20,6,-20,4,10,10,10,8,7,7,8,4,8,-20,-20,11,3,8,9,10,11,11,8,8,9,3,5,10,9,6,4,3,3,13,-20,8,5,18,24,40,15,26,24,25,32,29,48,42,72,55,90,51,50,64,49,66
"chr1,17386802",10,8,4,7,7,16,11,18,10,8,11,9,49,34,12,15,34,17,111,90,57,5,89,52,60,38,34,29,33,10,12,11,23,12,75,59,46,31,17,10,14,42,21,20,31,58,11,64,11,24,39,35,54,29,20,22,53,50,30,29,36,50,51,43,21,15,35,73,59,17,52,24,26,35,43,70,33,8,9,21,13,26,30,7,7,69,40,72,44,20,14,28,44,39,54,27,20,66,12,49,40,48,7,18,42,58,8,29,43,5,15,9,40,45,10,9,54,6,7,7,9,13,14,8,48,9,8,57,20,16,29,7,10,10,41,53,52,7,7,14,8,7,9,15,44,11,11,44,20,11,8,14,26,20,46,9,9,29,123,22,5,6,5,9,9,21,14,6,14,11,102,72,40,29,9,42,24,18,19,106,19,21,54,25,20,10,31,47,12,28,40,21,-20,4,8,30,15,19,49,12,12,29,49,22,63,23,39,71,5,28,81,9,53,57,12,19,82,25,25,16,19,10,20,45,10,17,20,10,26,30,36,30,54,46,14,8,16,21,18,18,24,18,32,31,14,29,10,14,27,20,30,27,10,10,14,28,17,10,17,13,19,23,26,24,41,19,16,20,23,23,24,41,24,29,27,19,59,50,31,54,22,16,6,33,7,13,17,4,13,10,-20,38,14,23,76,41,88,8,7,12,26,10,-20,6,13,40,40,5,55,41,60,61,41,67,14,15,3,4,26,153,23,45,19,24,19,22,3,19,17,31,13,20,13,15,33,18,15,36,91,21,16,31,34,40,17,17,9,14,20,15,19,7,-20,19,6,14,11,18,32,11,21,18,24,11,6,30,18,8,13,17,11,16,14,79,14,16,16,65,20,26,22,13,9,25,10,23,30,16,9,13,12,26,13,15,18,17,8,15,98,20,12,12,16,23,32,10,23,18,22,19,21,14,9,27,33,5,13,9,14,10,10,12,16,23,20,26,5,13,31,37,28,14,139,39,5,14,14,10,11,17,17,18,14,10,16,13,28,13,33,22,101,15,11,9,15,16,11,18,20,11,6,15,34,12,8,15,6,5,29,16,8,19,24,12,23,15,14,19,55,43,15,19,9,12,10,15,9,17,21,21,17,9,24,7,19,18,6,31,11,16,13,12,14,9,67,10,17,10,11,6,27,24,3,20,53,59,41,56,22,51,51,-20,10,59,46,8,4,47,13,13,37,20,3,8,36,19,-20,15,12,8,16,29,24,10,22,19,8,8,8,23,27,31,22,10,21,11,20,5,51,8,14,39,24,11,14,7,38,13,108,9,26,7,20,20,7,22,18,31,45,24,20,66,45,33,35,33,19,37,6,42,19,17,38,5,8,21,18,21,4,18,11,31,16,23,18,20,15,46,6,8,7,18,19,-20,-20,5,-20,-20,6,4,3,44,50,-20,71,29,41,49,53,20,19,26,25,58,19,45,28,33,27,25,81,55,24,14,31,43,87,30,11,21,23,33,47,18,26,50,32,38,38,68,13,30,12,136,57,37,42,23,28,15,22,17,7,18,11,14,12,22,8,13,9,9,18,11,10,11,20,19,14,18,19,17,11,7,7,16,15,-20,27,19,13,17,22,13,16,17,11,9,12,10,16,22,21,19,7,18,13,9,11,16,15,14,-20,11,15,5,9,18,9,5,10,21,-20,14,15,8,14,12,15,17,18,12,14,17,14,14,16,14,17,23,25,15,19,4,11,12,19,15,14,26,-20,5,6,12,14,19,12,10,11,23,7,17,14,10,6,4,14,10,-20,10,8,9,5,13,9,12,11,21,13,14,13,11,7,9,12,10,10,8,16,5,8,4,4,6,-20,-20,-20,13,4,15,18,10,15,20,13,8,11,19,10,8,25,8,11,20,13,14,5,18,14,15,11,17,9,13,15,6,17,11,21,6,14,16,13,11,15,21,23,8,20,9,12,27,13,10,17,13,14,12,9,-20,5,9,22,-20,17,10,8,8,11,10,33,7,19,21,11,23,8,7,13,18,12,10,7,7,14,12,5,22,11,11,9,-20,8,24,10,111,13,24,19,18,14,27,19,24,18,26,23,23,22,19,23,21,30,23,11,20,23,43,18,25,14,14,25,15,35,18,24,20,23,21,18,25,20,9,25,22,15,11,10,9,13,12,10,9,6,9,7,8,12,8,4,-20,12,14,14,15,13,6,-20,12,13,19,23,-20,11,16,14,10,14,14,19,15,16,15,12,20,24,10,15,8,18,7,8,4,10,10,7,8,11,10,16,12,12,17,16,10,16,15,16,11,17,13,24,8,9,13,17,19,32,14,14,46,19,14,18,22,16,12,16,15,18,5,15,4,12,9,8,12,20,4,6,11,16,15,12,17,11,6,7,15,8,10,7,-20,16,19,19,13,7,5,-20,9,6,-20,4,4,12,-20,6,7,8,10,8,8,6,11,8,9,3,7,5,10,7,6,-20,-20,16,10,-20,4,5,-20,4,-20,8,10,9,7,7,7,4,6,7,8,7,-20,8,7,9,12,13,8,7,9,-20,5,7,8,8,-20,3,4,10,-20,-20,3,17,24,37,15,25,25,25,29,28,45,44,66,55,92,51,52,62,49,68
"chr1,17386803",10,8,4,7,7,16,10,17,10,8,11,10,49,34,12,15,34,18,115,91,59,5,89,53,62,38,34,29,33,11,13,12,23,12,75,59,45,34,18,10,14,42,20,21,31,58,11,64,11,24,40,37,55,29,19,21,53,52,30,29,37,50,51,42,21,15,35,72,62,16,53,26,26,33,45,70,33,8,9,21,13,26,30,7,7,73,40,71,44,20,13,29,45,39,55,30,20,64,13,51,40,47,-20,18,41,58,7,29,44,5,15,8,40,45,10,8,56,6,7,7,9,13,14,8,48,9,9,56,20,16,29,7,10,10,41,52,54,7,7,14,7,7,9,15,45,10,11,45,19,9,8,14,25,19,45,9,8,30,124,23,4,6,5,9,9,21,13,5,15,11,101,71,40,26,9,36,24,17,20,101,17,22,54,26,20,9,25,45,13,27,39,22,-20,4,7,30,15,19,49,12,12,29,46,23,63,23,39,71,5,27,81,9,54,58,14,19,85,25,25,16,21,10,20,46,10,17,19,9,26,29,36,30,56,46,13,7,17,21,17,17,24,18,31,31,14,29,10,15,26,20,32,28,10,10,14,27,17,11,19,13,19,23,26,24,44,20,18,20,23,23,26,40,23,31,27,19,60,50,29,51,20,16,6,32,7,13,14,4,13,10,-20,39,14,21,76,49,93,8,7,12,25,10,-20,6,12,38,42,5,54,42,59,62,42,66,14,15,-20,4,26,154,22,45,20,24,19,22,3,19,17,31,13,20,12,15,33,18,15,36,89,22,17,32,34,41,17,17,9,14,20,15,19,7,10,19,7,14,11,20,32,11,22,19,24,11,6,32,18,8,13,16,12,16,15,82,14,16,16,64,20,26,22,14,9,25,10,23,30,16,9,12,12,25,13,15,19,18,8,16,97,20,12,12,17,23,32,10,23,18,21,19,20,14,10,26,34,5,13,9,14,11,10,12,16,23,20,27,6,13,31,37,28,14,138,39,5,14,14,11,10,18,17,18,14,10,15,13,28,13,33,22,101,15,11,9,15,16,11,18,20,11,6,15,34,13,8,15,6,5,29,16,8,19,24,12,23,15,14,21,56,43,15,16,9,11,10,15,8,18,21,20,17,9,24,7,19,16,6,31,11,17,13,11,14,9,69,10,17,11,11,6,26,26,3,21,52,60,41,56,22,52,50,-20,10,58,46,8,4,47,13,14,37,20,3,8,36,19,-20,15,12,8,16,28,25,10,23,17,8,8,8,22,27,31,22,10,22,11,20,5,52,8,14,39,24,11,15,7,37,12,107,9,26,7,19,20,7,21,19,30,47,25,20,65,44,32,36,32,19,37,6,41,18,16,38,5,8,21,17,21,4,18,10,31,16,22,17,19,15,46,-20,8,7,19,19,-20,-20,5,-20,-20,6,4,3,43,50,7,70,28,41,49,52,20,20,26,25,58,19,45,29,33,26,25,81,53,23,14,29,41,89,29,11,21,22,33,48,17,25,53,32,39,37,68,13,30,13,137,54,35,41,23,28,15,22,16,8,18,11,13,12,22,8,13,9,9,18,11,10,11,20,19,14,17,19,16,11,7,7,16,16,-20,28,18,14,17,22,13,16,17,11,9,11,10,15,23,20,19,7,17,13,9,11,16,16,14,-20,10,15,5,9,18,9,5,-20,21,-20,14,15,8,14,12,15,18,18,12,14,17,15,14,16,14,17,23,26,13,20,4,11,12,19,14,15,24,-20,4,6,12,14,19,12,10,11,23,7,16,14,10,6,4,14,10,-20,10,8,9,4,13,8,12,11,20,12,13,13,11,8,8,11,10,10,8,16,5,8,4,4,6,-20,-20,-20,13,4,15,16,9,15,20,13,8,11,19,10,7,25,8,11,20,13,14,4,18,14,14,11,18,9,13,15,6,17,10,21,6,14,14,13,10,14,21,23,8,20,9,11,27,13,9,17,13,14,11,7,8,5,9,22,-20,17,10,8,8,11,10,33,7,17,20,11,23,7,7,13,17,12,10,7,7,14,12,5,21,9,11,-20,-20,8,24,10,115,13,22,20,17,14,27,19,23,17,26,23,22,22,18,22,21,29,22,11,19,23,42,18,24,13,14,25,15,35,17,24,20,23,20,18,23,20,9,24,21,15,11,10,9,14,12,10,8,6,9,7,8,14,8,4,-20,12,14,14,15,13,6,-20,11,13,18,23,-20,10,14,14,10,13,14,19,14,16,15,12,20,23,11,14,8,18,7,8,4,10,10,6,8,11,10,16,12,12,15,15,9,17,14,15,11,16,11,25,8,9,13,17,18,32,14,14,45,19,12,16,22,17,10,16,14,18,5,15,4,12,9,9,12,20,4,6,11,15,15,11,17,10,5,7,15,8,9,7,-20,15,19,19,14,8,5,-20,7,6,-20,6,5,12,-20,5,9,8,11,9,8,5,10,-20,8,-20,7,5,10,5,6,3,-20,16,11,-20,3,5,4,4,7,12,11,9,7,7,8,5,5,7,8,7,-20,8,9,12,12,12,9,8,10,4,5,7,11,-20,-20,3,4,11,-20,8,-20,17,24,37,15,25,25,26,30,28,47,44,62,55,92,51,52,63,47,69
"chr1,17386809",10,9,-20,9,7,16,12,16,9,8,13,11,51,34,13,12,37,18,112,92,56,6,90,52,63,36,35,31,32,12,13,11,22,12,77,59,46,36,19,10,14,41,20,23,34,58,14,67,11,24,41,36,50,27,19,19,55,55,30,31,39,53,56,40,23,11,36,74,61,-20,53,25,26,34,43,71,37,10,11,22,12,25,31,7,9,75,42,68,43,23,12,29,46,36,52,31,21,60,14,47,37,47,7,19,44,59,6,30,47,5,15,8,40,45,14,8,59,8,7,7,8,13,15,9,50,9,9,51,20,17,36,9,10,10,40,54,50,8,6,14,8,7,9,16,43,12,14,47,19,13,9,14,26,22,45,7,9,26,120,23,3,-20,5,9,10,23,14,7,14,12,105,68,29,28,8,34,-20,17,17,107,22,21,53,26,22,-20,21,-20,14,26,38,20,-20,4,8,28,17,20,-20,11,13,29,45,23,66,22,36,77,6,24,76,-20,50,49,17,18,77,23,27,15,23,11,24,44,10,16,23,7,27,29,35,31,51,44,11,7,17,20,19,18,25,17,26,25,11,29,10,17,26,19,28,28,9,8,14,27,19,11,19,15,17,-20,30,23,-20,19,17,23,16,27,26,39,23,29,25,23,63,48,29,55,19,17,7,33,7,14,14,4,12,11,-20,32,12,21,54,52,-20,8,7,11,28,9,7,7,15,40,40,5,54,43,62,62,42,68,16,15,-20,2,22,155,23,44,24,23,19,22,4,18,19,29,11,18,12,14,33,19,13,41,84,22,17,30,29,47,17,17,11,16,18,14,20,8,10,21,8,13,11,21,28,10,21,17,22,11,6,30,18,10,12,16,13,16,14,80,15,13,15,65,19,28,20,14,10,22,10,24,30,15,7,8,10,24,12,12,19,18,6,17,95,18,11,11,16,14,30,-20,23,18,21,19,20,15,9,26,30,7,13,-20,12,12,11,10,16,22,19,30,6,12,34,39,28,15,130,39,5,14,-20,11,9,16,19,18,14,9,15,13,-20,16,32,18,102,19,11,8,15,14,10,18,19,12,7,16,32,13,7,16,7,4,28,15,7,19,25,13,22,16,15,20,55,47,15,-20,7,14,10,15,9,19,22,22,18,9,-20,7,19,16,6,31,13,16,13,11,15,9,62,11,16,13,-20,-20,22,25,-20,20,56,64,43,58,22,51,51,-20,10,57,44,10,5,47,13,14,35,-20,4,10,33,20,10,13,12,8,10,27,-20,11,24,14,6,5,9,22,28,30,21,12,23,12,20,-20,49,8,15,37,21,11,16,8,34,11,104,7,27,7,19,20,7,21,19,31,43,23,18,60,44,31,37,32,12,34,7,41,17,16,39,5,8,21,17,20,5,18,10,36,18,22,20,19,15,48,7,10,7,20,21,-20,-20,5,-20,-20,6,4,6,45,45,9,73,28,43,50,52,21,21,26,27,58,21,47,30,35,24,25,79,52,24,14,25,37,92,27,9,20,25,32,47,19,27,49,32,39,40,68,13,-20,7,131,50,36,43,23,-20,14,22,17,8,19,12,14,12,24,9,14,10,12,20,11,11,11,19,19,14,16,19,17,12,9,9,19,17,-20,26,18,14,15,20,16,18,16,12,9,9,11,13,25,21,18,11,14,12,9,12,17,17,14,-20,10,17,8,9,17,-20,6,9,20,12,14,16,9,16,10,13,18,19,11,16,18,16,15,17,15,18,22,28,13,21,4,14,13,18,15,16,28,-20,5,6,11,14,24,12,11,11,25,7,17,14,11,10,5,14,9,-20,10,10,9,4,14,9,12,13,18,11,12,13,13,8,9,13,11,10,9,15,5,9,5,-20,5,-20,4,6,13,5,14,18,9,16,22,13,8,12,20,11,8,24,8,13,21,14,16,5,18,17,16,13,18,7,14,15,6,17,13,21,6,16,13,14,11,13,24,21,8,20,10,12,26,14,9,17,14,16,10,7,10,5,11,26,-20,18,8,10,7,12,10,34,7,17,19,11,24,6,7,13,20,10,10,7,7,12,13,7,23,10,10,10,-20,8,24,11,115,13,22,23,17,14,30,16,27,17,27,25,24,23,21,23,23,31,21,15,22,24,43,16,23,14,16,27,19,38,20,26,21,25,21,19,24,19,12,24,18,16,11,-20,12,15,12,10,11,-20,13,9,11,17,10,5,3,12,14,16,15,15,7,-20,-20,13,16,23,-20,9,12,16,10,14,15,19,14,16,17,14,17,26,16,14,11,19,8,8,4,10,12,7,8,11,10,14,15,16,18,16,10,18,15,15,13,18,13,25,11,10,16,20,18,35,16,13,47,17,13,18,19,16,12,13,16,20,6,16,6,14,10,11,12,20,3,6,11,16,14,11,17,10,6,6,14,9,9,7,4,15,17,16,14,-20,7,-20,8,7,-20,5,5,10,-20,4,5,-20,9,-20,7,8,13,7,8,5,8,7,11,4,6,-20,-20,11,8,-20,-20,7,4,5,8,11,10,8,9,5,6,6,4,7,7,-20,6,6,9,-20,8,12,8,7,9,8,6,6,9,-20,-20,3,3,8,-20,7,-20,17,22,40,13,28,25,25,29,31,50,43,62,54,88,52,51,62,52,65
"chr1,17386814",9,9,8,9,7,17,11,18,9,9,12,12,49,32,13,10,37,19,114,94,61,6,95,53,59,36,31,33,33,13,13,12,20,12,79,59,45,37,17,9,13,40,19,23,38,56,14,68,11,23,40,36,51,30,20,21,55,50,29,30,40,53,56,41,24,9,38,75,63,16,53,26,26,37,41,78,36,9,10,21,11,23,30,7,8,71,43,70,45,23,11,28,44,35,55,28,19,62,14,48,37,48,7,17,43,60,6,32,49,6,12,8,43,48,14,7,56,11,8,7,9,12,15,9,52,8,11,48,19,17,37,10,10,9,45,56,48,10,5,16,8,7,10,15,45,13,15,49,20,13,9,13,26,21,41,6,9,24,118,23,3,6,5,10,10,25,14,-20,14,12,106,76,28,27,8,34,-20,18,17,116,24,19,53,24,24,8,21,-20,15,28,40,18,-20,3,8,29,20,18,-20,12,14,28,45,24,70,23,36,79,6,27,75,-20,55,48,18,18,76,26,30,16,21,12,29,41,11,14,23,8,22,26,34,30,48,38,12,8,18,20,20,22,28,19,25,25,10,33,13,15,24,20,28,26,9,8,15,28,19,12,19,18,16,22,32,24,-20,19,17,21,16,29,28,41,24,27,23,21,63,59,29,52,16,18,6,33,8,14,14,4,13,10,3,33,12,22,58,52,-20,8,9,11,29,8,7,7,15,42,40,4,55,48,63,65,42,68,16,15,2,3,23,153,24,46,24,22,20,23,4,19,20,28,10,17,12,14,37,22,17,41,85,19,16,36,28,51,17,17,11,16,16,14,20,7,-20,21,9,16,9,19,28,10,22,17,24,12,4,32,20,10,11,14,12,15,11,79,15,13,14,65,19,28,24,14,11,22,11,22,30,13,7,5,10,22,14,14,21,17,6,17,96,17,12,10,16,13,29,8,21,17,19,18,21,15,9,25,28,7,13,8,13,13,11,11,15,20,20,28,9,14,31,37,26,15,125,41,9,14,13,13,9,15,16,21,13,10,15,12,19,15,31,20,105,18,11,8,16,13,11,18,21,12,7,16,29,12,9,16,7,4,28,15,8,18,24,13,22,17,15,20,54,46,15,-20,7,15,9,17,10,19,24,23,18,11,-20,7,21,17,5,33,13,16,13,11,15,8,63,11,17,14,10,-20,20,26,3,21,58,61,44,57,23,52,51,-20,10,59,44,10,6,49,13,13,36,-20,5,9,30,21,-20,13,14,8,10,21,-20,9,21,17,6,5,9,23,27,29,23,12,24,12,20,-20,42,8,14,36,21,7,16,10,32,10,103,9,24,6,20,20,6,20,19,31,45,25,17,60,44,35,38,32,17,37,6,47,15,15,39,5,9,22,16,20,5,21,10,36,18,21,23,22,15,48,7,10,7,20,21,-20,-20,5,-20,-20,7,5,6,46,46,9,72,30,44,49,55,21,21,26,32,55,20,52,29,33,24,24,78,54,24,14,25,39,94,25,9,21,23,34,45,20,27,47,33,35,42,67,15,21,6,134,50,36,42,23,-20,16,21,15,8,19,13,13,12,26,9,14,8,10,21,12,11,11,18,16,14,18,19,17,10,9,9,18,17,-20,28,16,15,16,20,16,19,17,12,8,10,11,12,27,20,19,12,11,12,9,14,16,17,14,-20,11,18,8,10,17,10,7,10,17,10,12,14,9,15,9,14,17,19,11,17,19,14,15,15,17,17,21,27,16,21,4,15,12,19,17,17,28,-20,5,8,9,15,24,11,12,10,25,8,17,14,14,12,5,16,8,-20,11,11,8,4,14,8,11,12,16,10,13,12,12,9,9,15,11,10,9,15,4,9,5,8,5,-20,4,6,14,4,17,16,9,17,21,13,7,10,21,10,8,21,7,13,19,13,16,5,18,17,16,14,18,7,12,15,6,15,12,19,5,15,15,16,12,15,24,21,9,20,10,11,25,16,9,18,16,17,11,6,11,4,10,26,5,18,8,12,6,13,10,34,7,17,20,11,22,7,7,13,19,10,9,6,5,13,12,7,22,10,10,9,-20,8,26,11,122,11,20,21,16,15,32,18,28,18,28,24,24,23,22,24,25,30,20,15,23,25,45,16,24,14,16,27,19,36,22,25,21,25,21,17,24,19,15,25,19,18,11,9,12,12,14,8,12,6,14,9,12,19,10,6,4,13,14,16,12,12,8,-20,8,14,17,22,-20,10,13,15,10,14,16,18,12,17,16,16,19,25,18,15,11,20,9,7,4,7,13,7,9,10,10,17,17,17,18,16,10,19,15,14,14,16,13,25,11,11,15,19,17,34,14,13,48,14,14,16,17,15,13,12,14,20,6,16,6,14,10,14,14,18,3,6,11,17,14,13,16,11,6,6,13,9,8,8,4,15,16,16,14,-20,-20,3,6,5,3,6,7,10,-20,5,5,10,6,8,9,8,13,9,9,6,9,6,8,-20,-20,-20,-20,12,7,-20,-20,10,5,5,8,12,11,8,10,5,7,5,3,7,6,-20,8,6,9,7,7,7,6,9,8,9,6,9,10,9,-20,3,5,7,-20,7,-20,17,21,40,13,26,26,21,28,33,51,43,70,68,86,53,52,61,50,62
"chr1,17386818",9,8,8,9,6,17,10,18,-20,8,10,12,47,31,13,11,38,24,111,97,62,5,92,55,59,36,31,33,30,13,13,12,18,10,81,57,45,36,13,9,10,37,19,23,38,55,13,67,11,24,44,37,51,29,23,21,58,45,30,28,38,51,58,43,24,8,35,72,66,17,54,29,24,37,43,74,35,9,10,19,5,23,31,7,8,70,44,68,45,23,-20,27,40,35,53,31,19,64,11,47,35,48,7,19,45,59,6,31,48,6,12,7,43,48,13,6,54,10,8,8,9,11,12,9,51,6,11,47,17,16,38,9,10,9,41,55,51,10,5,14,8,6,10,14,47,10,13,49,19,13,8,14,25,20,43,6,10,24,113,21,3,6,5,10,10,19,13,6,12,13,108,76,30,27,8,36,27,19,18,111,23,19,54,21,22,8,17,42,17,28,40,19,-20,3,10,24,21,19,35,14,13,28,45,29,73,21,36,80,6,32,74,7,54,49,17,17,75,24,29,19,22,13,30,41,12,15,27,9,19,28,33,27,48,44,12,7,18,20,18,24,27,23,26,25,13,29,13,14,27,-20,29,25,9,8,17,28,20,14,18,17,14,24,30,24,41,19,15,22,17,30,28,44,25,-20,22,21,63,59,29,52,17,18,6,30,9,13,14,5,13,10,6,34,13,24,66,56,75,8,9,8,28,8,7,7,15,39,42,3,56,50,62,66,40,67,18,14,2,4,21,147,24,45,22,22,19,25,3,19,20,22,10,16,12,14,37,21,17,39,83,19,15,32,27,51,17,18,10,14,17,13,19,8,12,23,9,16,9,19,31,10,22,17,21,12,5,28,20,10,10,12,11,16,10,80,14,13,14,62,19,28,24,15,11,24,13,21,32,13,6,4,10,24,14,15,22,17,6,16,96,18,13,10,15,13,28,9,21,17,20,16,22,15,7,25,25,6,13,7,12,15,12,13,13,19,18,24,9,13,30,37,28,14,120,41,9,14,12,12,6,14,17,21,13,10,18,14,23,15,30,20,108,18,10,9,16,13,10,17,19,12,7,18,30,12,9,16,7,4,26,16,8,14,23,12,21,15,15,20,55,44,17,6,7,15,9,14,10,20,24,23,17,12,19,8,21,19,5,34,13,13,13,10,15,6,61,9,16,14,10,5,25,25,3,20,59,58,44,58,21,50,50,-20,9,53,47,9,6,47,15,13,37,18,9,9,28,22,-20,14,14,6,10,21,17,10,20,17,5,4,9,23,33,29,23,12,24,14,19,-20,42,8,13,36,20,7,14,8,29,9,100,10,25,6,19,20,7,22,18,32,46,24,14,55,41,34,40,31,17,39,5,46,15,15,37,3,8,21,16,19,5,20,10,31,12,21,22,20,14,41,8,9,7,17,20,-20,-20,4,-20,-20,6,4,5,43,46,8,73,30,46,44,53,19,20,28,33,53,15,53,29,33,27,26,75,52,25,11,23,39,99,22,10,21,24,34,45,23,27,47,33,35,44,67,15,24,6,138,45,34,38,24,21,15,20,15,8,19,12,12,11,24,9,14,9,8,20,10,8,10,17,16,11,14,17,16,10,7,9,18,17,-20,28,16,13,16,18,16,19,17,9,6,7,9,12,26,20,17,12,9,-20,8,11,15,16,13,-20,11,18,8,11,16,10,5,10,16,11,11,14,8,14,8,14,18,20,8,15,19,13,14,12,15,17,20,26,16,21,5,15,13,18,17,15,25,-20,5,8,8,14,24,12,12,10,18,5,17,11,14,13,4,15,9,-20,10,10,8,3,13,7,11,12,15,9,12,11,11,9,9,16,11,8,9,14,4,8,5,8,5,4,-20,5,12,4,16,13,9,17,19,13,8,9,17,9,8,20,7,13,19,12,13,-20,17,15,15,15,17,7,10,14,5,15,-20,17,7,12,14,17,12,14,24,21,9,18,10,11,23,15,8,16,16,17,11,5,11,3,8,24,4,18,7,11,6,10,9,35,7,15,18,9,21,-20,7,12,17,8,7,5,-20,11,8,7,23,9,9,8,-20,8,27,12,117,11,-20,22,17,15,28,15,30,18,26,21,24,23,20,23,21,29,17,15,19,24,42,14,23,15,16,26,18,36,23,24,18,24,21,16,23,18,15,23,18,16,11,8,12,12,12,6,12,5,13,8,11,16,10,5,4,13,15,14,11,11,10,-20,6,12,14,20,-20,9,13,15,8,13,12,19,12,16,18,16,16,23,18,13,11,20,7,7,3,7,13,6,9,6,10,15,17,16,16,15,10,19,15,15,14,15,13,24,11,11,14,19,15,32,14,15,44,13,12,16,16,15,15,11,12,20,6,16,6,13,10,14,13,17,3,6,8,17,14,13,14,11,6,3,12,9,7,8,3,14,15,14,13,5,7,3,4,5,-20,5,7,7,-20,3,4,11,4,6,6,-20,11,9,8,4,8,7,7,-20,5,3,-20,10,5,-20,-20,9,4,6,-20,10,9,8,8,5,7,4,3,4,5,4,7,6,7,3,8,7,6,6,8,8,5,6,9,5,-20,3,4,6,-20,6,6,17,22,42,13,25,26,21,27,34,51,42,65,63,77,53,51,65,50,63
"chr1,17386820",8,8,8,9,6,17,10,18,9,8,10,12,49,31,13,11,38,24,112,98,61,5,91,56,57,36,31,35,30,13,13,11,17,10,81,58,41,36,13,9,11,38,19,24,38,56,14,66,10,23,43,38,52,29,22,21,58,47,30,27,38,52,57,42,25,10,34,76,64,18,56,29,24,37,42,74,34,8,10,19,6,25,31,8,8,70,43,69,45,23,11,29,40,34,54,32,19,63,10,48,34,52,7,17,46,58,6,32,48,6,13,7,45,50,13,6,53,10,8,7,9,11,12,9,51,6,11,48,17,17,38,-20,10,9,42,55,48,10,5,15,7,6,9,14,48,11,13,48,18,13,7,14,24,19,43,6,11,23,115,22,4,6,5,10,10,19,13,6,12,12,105,73,30,26,8,37,-20,20,17,111,24,20,54,21,21,8,15,43,17,28,36,19,-20,3,10,23,21,19,-20,14,14,27,43,30,73,20,36,82,7,29,73,7,54,50,16,17,73,23,29,-20,24,14,35,41,13,15,23,9,20,27,34,28,47,40,12,8,18,20,18,24,27,22,28,25,14,29,14,14,27,20,29,24,9,8,17,27,23,15,18,17,15,23,30,24,-20,18,15,21,16,30,28,44,26,26,22,22,66,60,31,53,18,18,6,32,9,13,13,5,13,10,6,32,13,25,57,60,-20,8,9,8,31,8,7,7,15,41,42,3,55,49,62,66,38,65,18,14,2,4,20,147,24,45,23,22,21,24,3,19,20,24,10,16,12,15,34,22,16,39,80,19,15,33,26,51,17,16,11,13,17,13,19,8,10,25,9,16,9,18,31,11,21,18,21,12,5,28,19,10,10,12,11,15,10,78,14,13,15,59,18,26,24,15,12,24,14,21,33,15,6,-20,10,26,14,15,21,17,6,15,95,18,13,9,15,12,27,9,21,16,21,16,21,15,8,26,24,6,13,7,12,15,12,13,13,20,18,24,9,13,30,37,28,13,120,42,9,14,11,13,6,13,16,20,12,10,19,14,-20,16,30,20,106,19,10,9,16,13,10,19,19,12,7,18,29,12,9,16,7,4,26,15,8,14,23,12,21,15,15,20,54,44,17,-20,7,14,9,14,10,19,25,25,16,11,-20,8,20,19,5,35,12,13,13,10,15,6,58,9,18,13,10,-20,21,25,3,20,59,60,46,59,22,50,49,-20,9,56,47,9,6,46,15,13,33,17,9,9,29,22,10,13,15,5,12,21,14,12,18,17,5,4,9,23,33,28,23,12,22,13,19,-20,40,6,12,33,20,7,15,8,28,9,101,12,25,6,19,20,7,21,18,31,49,24,13,52,44,33,41,30,14,37,5,47,15,14,37,3,9,21,15,19,5,21,11,30,12,19,22,20,14,40,8,9,7,16,20,-20,-20,4,-20,-20,7,5,5,42,46,9,71,29,45,45,54,21,19,27,34,54,15,53,29,36,29,25,74,50,25,13,23,37,99,21,12,21,24,32,45,23,27,48,34,35,43,69,15,22,7,133,47,35,38,24,-20,16,20,15,8,19,12,12,9,24,8,12,9,8,18,9,8,11,16,16,12,15,16,16,9,7,9,19,18,-20,27,15,12,16,18,16,19,17,9,5,7,8,10,28,20,17,11,9,10,8,11,15,14,13,-20,10,18,8,11,15,10,6,10,15,12,11,14,9,14,8,14,18,20,8,14,19,13,14,13,15,17,20,29,16,21,5,15,14,18,17,15,27,-20,5,8,8,13,25,13,13,9,19,5,16,11,14,13,5,15,9,-20,10,10,8,3,13,8,12,12,15,9,12,12,11,10,9,16,11,8,9,14,4,8,5,8,5,4,-20,6,12,4,16,13,10,17,17,12,9,9,17,9,8,20,7,13,19,12,13,5,17,15,14,14,17,7,9,14,6,15,-20,18,6,12,13,17,12,14,24,20,9,18,10,12,22,16,8,16,15,18,12,5,10,-20,8,23,4,18,6,11,6,10,9,34,7,17,18,9,21,6,7,12,17,7,9,4,-20,11,8,7,22,9,10,8,-20,8,27,12,118,11,20,21,16,15,30,16,32,18,27,21,24,22,20,23,21,29,16,15,18,23,42,13,23,15,16,24,18,36,24,24,18,23,21,16,25,17,15,22,17,14,11,8,11,12,12,6,12,5,13,8,11,16,10,5,5,14,14,14,11,11,10,-20,6,12,14,20,-20,9,13,15,7,13,12,18,12,16,18,16,16,25,18,14,11,20,7,7,3,7,13,6,9,6,11,14,17,15,16,16,10,19,15,15,16,15,13,23,11,11,15,19,15,32,15,15,44,13,11,16,16,15,14,11,12,20,6,17,6,13,10,14,12,17,3,5,8,17,14,13,14,11,6,3,12,9,7,8,3,14,15,13,13,-20,8,3,4,6,-20,4,6,9,-20,-20,-20,11,5,5,8,9,15,8,7,4,7,7,7,-20,5,-20,-20,9,7,-20,-20,10,4,6,7,13,-20,7,10,-20,6,5,3,4,4,-20,-20,-20,8,-20,8,6,7,5,9,6,5,6,7,5,-20,2,4,10,-20,6,-20,17,22,42,13,25,26,22,27,34,52,41,64,55,78,51,49,65,50,65
"chr1,17386824",8,8,8,9,6,17,8,18,9,8,10,13,52,30,13,11,38,24,110,94,62,5,90,57,60,37,31,36,29,12,13,12,16,10,78,55,39,38,13,9,11,37,18,23,36,55,14,68,10,23,41,38,50,28,23,19,56,46,28,28,37,52,57,42,25,10,33,76,64,18,56,29,24,37,41,74,34,8,9,18,7,25,32,8,8,71,44,69,47,22,8,29,40,34,57,33,19,60,10,51,31,52,7,17,47,58,6,34,49,6,13,7,44,51,15,6,56,10,9,7,8,11,11,9,51,6,11,49,17,16,37,9,10,9,44,56,52,10,5,15,8,5,9,13,46,11,13,48,18,13,7,15,24,21,43,6,10,22,108,23,4,6,5,10,10,19,13,6,10,13,102,68,28,28,7,38,-20,19,18,110,23,19,51,20,21,7,16,43,17,27,37,24,-20,5,10,21,20,19,35,14,14,26,45,27,73,17,34,84,7,30,68,6,50,53,16,16,71,23,32,18,25,15,33,40,12,15,28,9,22,27,35,26,46,40,11,8,18,20,19,20,28,21,29,25,14,30,15,13,25,20,30,22,7,7,17,28,18,15,19,17,14,25,33,22,-20,16,17,21,19,34,26,44,25,25,23,21,69,61,34,51,19,18,6,29,9,15,14,5,13,11,6,31,13,26,63,62,-20,10,9,8,32,7,7,7,16,43,41,3,57,50,61,67,37,63,17,14,2,5,21,147,23,43,23,22,20,23,3,19,21,26,11,19,11,15,36,22,16,39,82,19,15,32,26,49,16,15,11,13,17,14,19,10,11,26,9,16,7,16,32,11,19,20,21,12,5,24,17,9,9,11,11,15,10,73,14,14,15,61,18,26,20,14,12,23,12,19,33,15,7,-20,10,26,13,14,21,20,6,14,92,19,14,11,15,-20,25,11,20,17,19,17,19,15,8,28,21,6,12,7,13,13,12,13,13,20,20,24,13,13,33,36,29,12,115,41,10,13,10,11,6,14,16,19,13,10,18,13,-20,15,28,20,103,16,10,9,16,13,11,18,16,12,7,15,29,13,8,13,7,4,27,14,8,14,22,13,19,15,16,20,57,45,18,-20,7,14,9,14,12,19,24,23,16,11,-20,9,22,17,5,34,13,13,13,10,15,6,61,9,19,13,10,-20,22,30,3,21,58,57,45,57,22,47,48,-20,9,55,45,9,6,43,15,13,34,16,9,10,32,21,-20,14,15,4,11,18,14,11,17,17,5,4,8,22,34,27,22,12,26,13,20,-20,39,6,10,29,21,7,16,8,27,8,96,13,22,7,17,23,8,20,19,32,51,23,15,52,44,37,41,30,14,38,5,46,14,13,38,-20,9,21,16,18,5,21,11,30,13,20,21,21,14,43,8,10,7,16,20,-20,-20,4,-20,-20,7,6,5,43,45,8,71,28,43,43,55,23,21,27,35,52,15,53,32,35,29,26,73,48,26,12,19,38,106,23,11,19,24,32,43,24,25,46,34,33,40,68,15,23,7,131,46,38,39,25,-20,15,19,15,8,19,12,12,9,23,8,13,9,8,17,9,8,11,17,15,12,15,16,16,9,7,9,19,18,-20,26,15,11,14,17,16,19,18,8,5,7,9,10,28,19,17,12,9,10,8,11,15,14,12,-20,9,18,8,11,15,10,6,-20,15,12,13,16,9,13,9,14,18,22,8,13,17,13,14,13,13,17,21,30,15,19,5,14,13,19,17,15,27,-20,5,8,8,13,27,13,12,9,19,6,16,10,14,13,5,14,9,-20,10,11,8,3,13,8,13,12,15,9,11,12,11,10,10,16,13,7,9,13,4,11,5,8,5,5,3,6,12,4,16,13,9,16,17,12,10,9,17,9,8,20,7,13,19,12,13,5,17,16,15,15,17,7,-20,14,6,15,-20,18,6,12,13,17,11,14,24,21,9,17,10,12,21,15,-20,14,15,18,11,5,10,3,7,23,4,18,6,11,6,10,9,34,7,17,18,10,21,5,7,12,17,7,9,4,-20,10,9,7,21,9,10,8,-20,8,29,13,118,10,21,22,16,15,29,16,33,18,26,21,24,22,20,22,22,30,17,15,18,23,41,13,24,15,15,25,17,33,24,20,18,23,20,17,25,16,15,23,17,15,11,8,12,12,13,6,12,5,13,8,10,16,10,4,5,14,14,14,12,10,12,-20,6,12,13,20,-20,8,13,14,8,13,12,17,11,16,17,14,16,24,18,14,10,19,7,7,3,7,13,6,9,6,11,12,17,14,17,16,10,19,15,16,16,15,15,23,12,9,15,19,15,34,15,15,45,11,11,16,15,15,14,11,13,19,6,17,6,13,10,14,12,17,3,5,8,17,14,14,13,11,7,3,12,9,7,7,3,14,13,13,13,-20,8,4,-20,5,-20,5,8,9,3,-20,5,9,7,5,8,9,13,6,8,4,8,9,8,5,6,-20,-20,9,7,-20,-20,10,6,5,8,12,10,8,10,-20,10,5,3,4,5,-20,9,7,9,4,7,6,8,6,9,8,5,5,7,7,-20,3,6,-20,-20,5,7,17,22,44,13,25,27,23,28,36,50,41,65,55,78,54,55,65,48,63
"chr1,17386831",7,10,8,8,6,13,7,16,8,8,10,9,52,27,11,9,39,23,114,95,68,5,89,55,58,35,25,36,30,12,13,14,17,11,79,59,39,39,13,9,9,30,17,23,31,53,14,66,9,24,40,39,52,26,25,19,56,43,27,31,34,51,58,40,27,14,34,76,60,19,49,32,27,36,41,75,31,6,10,20,7,25,33,9,8,72,44,66,45,22,8,31,40,40,57,34,21,60,9,53,34,56,7,17,47,60,5,36,48,6,13,7,42,43,15,9,58,12,9,6,5,11,10,9,53,6,10,46,18,17,35,9,8,10,45,53,53,8,5,14,8,5,10,13,43,10,13,46,18,13,6,14,25,23,38,6,10,15,104,26,6,6,5,10,12,20,11,6,12,14,95,64,32,31,7,39,25,22,20,110,21,18,48,19,22,10,14,37,19,21,36,24,-20,6,10,21,18,20,37,13,13,23,41,33,64,20,36,79,7,31,73,6,46,57,15,13,61,22,32,18,24,14,35,38,12,17,27,10,20,27,40,28,49,41,10,8,21,19,18,19,25,21,28,19,17,30,15,11,29,-20,29,24,7,7,14,29,19,13,16,17,11,25,26,22,-20,18,17,17,21,35,25,44,22,22,20,22,68,57,36,57,18,20,7,32,8,14,16,3,11,11,6,29,11,27,58,54,68,9,10,8,34,7,7,7,17,43,41,3,58,49,64,68,37,58,15,13,4,6,22,140,21,40,24,23,25,19,4,18,19,26,13,18,11,16,38,19,15,43,75,19,14,29,27,48,13,13,12,14,17,11,20,9,-20,27,7,15,7,16,29,9,16,19,21,12,5,26,18,9,10,12,8,16,9,74,14,18,12,57,17,29,22,12,12,22,10,20,32,14,8,3,9,24,13,15,18,19,6,12,84,17,13,11,14,17,26,11,20,18,20,14,18,15,10,30,23,7,11,7,11,13,10,13,13,19,19,24,13,13,34,40,33,14,107,36,6,10,10,10,5,14,15,21,13,8,15,12,-20,15,27,19,98,14,11,-20,15,9,13,18,16,13,6,17,27,15,12,12,6,4,28,11,8,11,25,12,20,12,14,21,59,48,18,7,4,14,9,14,12,18,22,21,15,10,15,7,20,15,5,32,12,13,13,8,14,7,60,9,20,13,9,3,23,29,4,21,57,62,46,57,22,47,49,-20,10,57,42,9,7,41,17,12,37,18,9,10,31,19,9,14,17,4,13,16,16,12,17,16,5,6,9,19,32,28,21,12,24,14,19,-20,35,6,9,29,23,6,16,8,26,8,95,13,24,3,14,23,9,19,17,30,51,20,15,48,43,40,37,30,15,32,6,47,15,14,38,-20,8,21,18,17,6,19,10,35,13,19,19,24,13,43,8,10,7,17,21,-20,-20,4,-20,-20,8,6,5,43,43,9,67,29,44,41,54,25,19,26,35,56,13,49,31,35,27,23,72,46,21,13,16,38,97,15,11,18,21,34,42,27,24,37,29,29,38,70,14,25,8,125,46,34,34,26,15,18,18,13,8,21,11,13,9,22,8,16,-20,7,17,9,9,11,16,12,12,14,21,15,8,8,9,19,18,-20,24,15,12,12,13,14,16,18,6,5,7,9,13,25,17,18,13,11,5,9,10,17,13,10,-20,8,14,11,11,14,10,6,10,14,13,16,22,8,13,10,15,18,19,8,13,16,13,14,13,13,16,22,27,13,19,5,15,14,18,18,18,28,-20,5,6,8,13,29,13,11,8,20,-20,16,10,14,14,5,15,9,-20,11,11,8,3,13,8,12,12,14,8,12,10,12,12,10,19,13,8,10,14,4,11,6,9,5,7,4,6,11,9,16,16,10,16,15,14,11,9,15,9,6,20,8,12,20,13,14,6,18,16,17,15,16,6,-20,14,5,16,9,20,8,13,14,21,11,11,23,20,11,17,10,14,15,15,9,12,16,18,13,6,11,3,8,23,6,19,6,11,6,11,9,33,7,20,19,10,18,5,7,13,15,9,10,3,-20,12,11,7,19,13,9,7,-20,6,28,13,117,11,23,23,16,15,26,14,34,21,24,22,26,19,22,21,21,31,20,16,18,24,41,14,23,12,14,24,18,33,22,20,15,24,17,19,26,18,15,26,19,17,14,6,10,12,12,6,13,5,13,7,11,16,10,4,6,13,13,16,13,10,12,-20,6,11,13,15,-20,9,13,14,8,12,13,16,12,17,17,14,16,22,17,13,10,18,8,6,3,8,13,7,8,4,10,11,17,12,19,17,13,17,17,16,16,12,15,25,12,9,15,20,14,37,14,18,45,12,11,19,15,13,15,13,12,16,6,18,5,14,10,14,11,21,4,7,8,18,14,14,12,13,7,3,11,9,7,8,3,15,11,13,12,7,8,4,3,4,5,3,8,5,-20,-20,5,9,7,6,7,7,9,6,6,6,4,8,8,5,6,6,-20,9,5,-20,3,8,5,5,8,10,-20,8,8,3,-20,5,3,5,5,7,8,6,6,3,4,-20,6,6,8,6,6,4,3,8,3,-20,4,-20,-20,3,8,17,22,47,11,25,27,22,29,39,48,42,57,55,76,56,51,63,46,64
"chr1,17386832",7,10,8,8,6,13,7,18,8,8,10,9,52,26,12,9,39,24,113,95,66,5,89,55,58,33,25,35,29,12,13,14,17,10,82,59,38,40,13,8,9,30,16,23,27,54,14,67,9,24,38,39,51,26,24,19,58,43,25,32,37,52,57,40,27,14,34,75,58,18,49,32,26,36,41,75,31,5,9,18,7,25,34,8,8,70,45,66,45,21,8,32,40,40,56,35,19,59,9,53,34,56,7,17,48,63,5,35,50,6,13,7,42,43,15,-20,58,12,9,6,5,11,10,9,53,6,10,47,17,16,35,9,8,9,44,53,54,7,5,14,8,5,9,12,43,10,12,46,19,12,5,13,24,24,38,6,11,15,96,28,6,6,4,8,12,20,11,6,11,15,94,64,31,31,7,39,-20,22,20,110,21,18,50,18,22,10,14,38,19,20,34,21,-20,6,10,21,18,20,35,13,13,23,38,32,64,20,36,79,7,30,74,6,46,60,16,14,61,23,30,18,26,15,35,39,11,18,26,-20,21,26,40,29,50,41,12,8,22,19,17,18,24,22,28,19,17,28,15,11,29,21,29,24,7,7,14,29,18,13,15,17,11,-20,28,22,-20,18,18,17,21,36,25,43,22,22,19,23,70,60,35,57,17,21,7,32,8,14,17,3,11,14,6,29,11,27,56,51,-20,8,9,7,32,7,8,7,16,43,42,3,59,49,64,67,38,56,15,12,4,6,22,139,21,40,25,25,25,19,4,17,19,26,12,18,11,16,37,19,15,45,75,20,14,28,27,48,13,13,13,14,17,12,20,9,10,26,7,15,7,17,30,10,16,20,21,12,5,26,18,9,11,12,8,16,8,75,14,18,12,57,17,30,23,12,12,22,10,21,32,13,7,4,9,23,13,17,19,18,6,12,86,17,13,11,14,-20,26,11,20,18,20,14,17,15,11,30,23,7,12,7,11,12,9,13,13,19,19,24,13,13,35,40,33,14,107,36,6,10,10,11,5,13,15,21,13,8,15,12,-20,15,26,19,99,14,11,9,15,9,14,19,16,13,6,17,27,15,14,12,6,4,29,11,8,12,25,13,18,12,14,21,59,48,18,-20,4,15,-20,14,12,18,22,21,15,10,-20,6,20,15,5,32,11,13,13,8,15,7,60,9,20,13,9,-20,23,29,4,21,57,65,44,57,22,47,49,-20,10,56,44,9,7,42,17,13,39,17,9,11,31,19,9,15,18,3,14,12,16,12,17,15,5,6,9,20,32,28,21,12,24,14,19,-20,36,6,9,29,22,-20,16,7,27,8,96,14,24,3,14,23,9,19,17,29,53,21,15,48,45,40,38,29,15,32,6,47,15,14,38,-20,8,21,18,17,6,18,10,34,12,18,19,24,13,41,8,10,6,14,20,-20,-20,4,-20,-20,8,6,5,40,41,9,66,31,44,41,52,25,19,27,35,56,12,50,33,35,27,22,68,45,21,13,17,38,95,14,11,17,21,33,42,27,20,37,29,31,39,67,14,25,11,126,46,34,33,26,-20,18,17,13,8,21,10,13,8,21,8,16,9,7,16,9,9,11,16,12,12,15,21,12,8,8,9,18,18,-20,21,14,12,12,13,13,16,18,6,4,7,9,13,25,16,18,13,11,5,-20,10,16,13,10,-20,8,14,11,11,14,9,6,9,14,13,16,22,8,11,10,14,19,19,8,13,16,11,14,13,14,16,21,27,12,19,4,11,14,18,18,18,27,-20,5,6,8,13,28,13,11,7,20,-20,16,10,14,14,5,15,8,-20,9,11,7,3,13,8,12,12,14,8,12,10,12,12,10,17,13,8,10,14,4,11,6,9,5,7,4,6,10,8,15,16,10,16,14,12,11,9,15,9,6,20,8,12,20,13,14,-20,17,16,17,15,16,6,10,13,5,14,8,19,8,13,14,21,11,11,24,20,11,16,10,13,15,13,9,12,16,16,13,6,11,-20,8,23,6,18,6,11,6,11,8,31,7,20,19,9,17,5,7,13,15,8,9,3,-20,11,11,7,17,13,9,7,-20,6,28,13,117,11,22,23,16,15,26,14,33,21,20,22,24,19,21,21,21,30,20,16,17,23,40,13,22,12,14,23,18,31,21,20,15,24,16,18,25,16,15,25,19,16,14,6,9,12,13,6,12,5,13,7,10,16,10,4,6,13,10,16,12,10,12,-20,6,11,13,14,-20,8,13,13,8,12,13,16,12,17,17,14,16,22,16,13,10,18,8,5,-20,8,12,6,8,4,11,11,17,12,19,15,13,16,17,16,16,12,14,25,11,9,14,20,14,37,13,18,43,12,11,19,14,13,14,13,11,16,5,17,5,13,10,13,11,18,4,7,8,18,13,14,12,13,7,3,11,8,7,8,3,15,11,13,11,-20,8,4,3,4,5,6,9,8,-20,6,5,9,8,7,8,7,10,7,7,5,4,8,8,5,6,-20,-20,10,6,-20,4,-20,5,5,9,11,8,8,7,4,5,6,3,4,4,-20,9,5,6,4,4,6,8,5,7,8,5,4,3,8,-20,-20,3,11,-20,-20,8,17,22,47,11,24,27,23,28,39,49,42,57,54,76,56,50,63,46,64
"chr1,17386837",7,13,7,9,8,16,7,18,7,7,9,9,48,28,11,11,40,23,112,94,67,6,88,58,54,34,20,38,29,11,11,13,15,11,79,60,41,41,13,9,9,28,18,22,27,56,11,60,8,22,36,35,46,24,23,17,57,41,25,35,39,52,55,38,27,17,33,76,61,19,50,33,29,35,42,76,30,4,9,18,7,23,34,8,8,73,44,68,45,22,10,30,44,35,60,34,19,62,10,53,35,52,8,16,46,61,5,39,49,8,12,7,45,48,15,9,64,14,8,5,4,12,11,9,50,5,11,48,19,19,39,9,8,9,42,53,51,8,6,17,8,8,10,12,44,10,12,46,18,12,5,12,30,24,35,8,10,13,93,29,6,6,5,8,12,19,9,5,12,15,99,58,32,28,7,39,28,21,20,108,23,14,48,18,22,9,11,39,19,21,35,26,-20,7,10,21,17,20,36,15,13,24,36,33,65,18,29,86,7,32,73,4,56,56,15,14,62,20,28,15,22,14,36,34,11,17,28,10,20,25,42,27,51,42,14,12,21,16,18,19,25,23,24,17,17,25,14,12,30,21,27,24,8,4,15,29,19,14,13,18,12,28,26,22,40,18,18,16,21,36,25,42,20,20,14,24,73,60,31,53,16,18,6,34,8,12,19,-20,11,14,9,27,11,22,59,46,64,7,-20,9,33,6,9,6,19,46,41,5,57,47,65,66,37,57,15,11,4,7,23,139,22,40,23,20,25,20,3,13,20,26,12,17,13,17,41,20,14,44,72,17,15,30,29,45,11,14,13,13,16,12,21,9,9,23,7,13,8,16,26,10,13,20,23,12,7,26,19,9,11,13,8,16,9,71,14,19,13,52,15,29,25,14,13,23,11,21,33,13,7,4,8,21,13,17,20,18,5,12,86,16,13,10,12,21,29,11,22,16,19,14,17,14,11,30,22,-20,13,6,12,12,9,11,12,19,19,26,13,13,35,37,29,15,105,35,6,9,9,12,4,11,15,22,12,9,15,10,21,15,26,19,99,14,12,11,14,9,14,19,15,11,6,16,29,14,13,12,6,3,30,12,8,11,25,13,20,12,13,19,58,44,17,10,-20,15,10,15,12,17,21,22,14,12,11,6,20,16,5,29,11,13,12,8,14,7,59,9,18,11,9,3,25,28,4,20,57,65,45,61,22,45,46,-20,9,57,44,9,8,40,18,13,40,15,10,13,30,18,8,15,19,4,13,14,16,12,18,16,5,7,9,21,29,30,22,14,26,13,21,-20,36,8,9,28,21,5,15,7,25,6,90,13,23,2,14,24,7,18,16,27,51,21,14,47,46,43,37,30,16,34,6,46,17,12,38,-20,9,21,18,20,11,18,9,34,-20,-20,-20,26,12,45,8,10,8,17,21,-20,-20,4,-20,-20,9,6,5,42,34,8,63,29,48,48,51,24,21,27,31,54,13,44,39,30,27,23,67,39,19,10,20,37,91,16,9,18,23,34,40,28,21,29,30,30,37,73,14,25,11,119,38,33,33,23,12,23,15,14,9,20,11,14,8,20,8,16,9,7,16,11,12,11,16,12,15,16,24,12,8,8,11,16,16,-20,20,15,12,12,16,15,14,18,6,4,7,9,13,25,15,18,13,12,6,9,11,16,14,9,-20,7,14,11,15,16,9,7,9,13,14,16,22,10,12,10,14,20,17,7,14,15,11,13,13,15,16,20,27,12,19,4,11,15,18,19,21,29,-20,5,7,8,14,28,15,13,7,23,3,17,10,14,15,5,14,8,-20,9,12,7,-20,12,10,14,12,14,8,11,9,12,13,12,17,13,8,11,15,4,12,6,9,6,7,5,7,11,8,16,17,11,18,13,12,12,10,14,9,7,22,9,13,21,12,18,6,20,19,20,16,15,9,10,13,5,12,8,18,9,12,14,20,12,14,25,18,12,17,10,15,14,14,11,12,16,15,12,5,10,3,8,23,6,17,6,11,5,11,7,32,7,20,19,9,17,5,7,14,14,10,-20,3,-20,12,11,8,16,15,9,7,-20,5,26,15,115,8,22,23,18,14,25,14,35,21,21,23,25,17,22,20,20,33,21,17,17,23,44,17,22,12,13,24,19,31,22,19,13,25,17,19,26,17,16,25,19,16,13,5,10,12,12,6,12,5,14,8,10,14,11,4,8,14,11,15,14,10,11,-20,6,11,14,14,-20,8,12,13,7,12,13,17,11,19,17,14,15,23,18,14,10,17,8,5,-20,8,12,6,8,4,10,13,16,12,18,14,14,14,16,20,18,12,14,24,12,9,16,20,14,39,14,19,45,13,12,20,14,14,14,11,11,15,5,17,7,11,9,13,11,19,4,7,9,18,11,14,13,13,6,3,8,9,7,10,3,16,11,13,10,7,-20,4,4,4,4,5,8,9,-20,-20,3,8,9,6,8,5,10,6,7,4,3,8,8,5,5,-20,-20,11,5,-20,5,9,7,4,7,10,8,7,6,4,-20,6,3,5,5,8,10,6,7,-20,6,7,7,5,5,9,6,7,3,6,4,-20,5,11,-20,-20,11,17,22,48,11,24,27,21,29,40,48,41,55,55,81,57,51,63,49,65
"chr1,17386839",7,13,8,8,8,14,7,16,7,7,9,9,47,29,11,11,39,23,110,95,68,5,89,56,54,33,20,37,29,12,12,13,15,9,78,62,42,39,14,9,9,26,18,22,29,56,11,-20,7,22,33,34,50,25,25,17,58,41,28,36,37,54,55,38,26,17,31,77,59,18,50,33,28,34,42,72,31,3,8,17,7,25,34,8,8,71,44,70,44,21,10,27,43,36,61,35,18,61,10,54,33,50,8,15,42,62,5,39,49,8,12,7,45,47,15,8,62,13,7,5,3,12,11,9,49,5,11,47,19,18,39,8,8,9,42,55,54,8,4,17,7,8,9,11,47,10,12,45,17,11,4,12,27,22,34,8,10,13,93,29,6,5,5,8,10,18,8,5,12,15,100,58,33,28,7,36,25,21,22,102,24,13,41,18,25,9,9,39,19,19,35,-20,-20,7,12,21,17,18,41,15,13,24,30,33,64,21,31,85,7,31,69,4,54,53,15,14,61,20,27,15,22,15,36,33,12,16,26,9,-20,25,42,28,50,44,14,12,22,16,19,18,24,22,24,17,18,25,13,13,31,21,25,22,8,5,15,28,19,14,13,18,12,29,26,23,39,16,16,17,20,37,26,42,16,20,14,24,73,60,31,48,16,18,6,33,8,12,20,5,11,14,10,28,11,23,61,46,62,6,9,9,33,5,8,6,19,46,37,5,54,47,64,66,39,55,15,12,3,7,21,144,22,40,23,20,23,20,3,13,18,26,12,17,11,16,43,19,14,45,70,16,15,28,28,47,9,14,13,14,16,12,22,9,9,23,7,11,8,17,26,12,15,21,23,14,6,26,20,9,11,15,8,16,9,69,14,18,13,54,14,29,25,14,12,22,12,21,33,12,7,4,8,20,13,18,20,18,4,11,84,16,13,11,12,21,29,11,21,15,19,14,17,13,11,30,21,10,13,6,12,12,9,11,12,18,19,25,12,13,34,38,31,15,105,33,4,9,8,12,4,11,16,21,11,9,14,10,26,16,28,19,96,14,11,8,14,-20,14,17,15,11,6,16,31,13,14,13,6,4,28,12,7,10,25,12,19,12,12,18,56,43,17,10,-20,14,10,16,11,17,20,20,14,12,10,5,19,15,5,29,11,12,12,9,13,7,59,9,18,11,9,3,28,27,4,20,58,65,44,60,20,41,46,-20,9,55,44,9,7,40,17,13,42,14,10,-20,30,17,8,14,20,4,13,13,17,11,16,16,5,7,9,20,28,29,23,15,26,12,21,-20,35,8,10,26,22,-20,14,7,24,6,90,12,23,2,13,23,7,16,16,28,50,21,14,48,43,44,36,28,17,34,6,43,17,12,36,-20,8,20,18,19,11,15,8,31,11,19,17,29,11,45,8,-20,9,15,20,-20,-20,4,-20,-20,9,6,5,38,34,8,61,30,48,50,53,23,22,27,32,53,13,43,39,31,27,21,66,39,20,8,20,35,90,16,9,18,23,38,40,28,18,27,29,30,36,74,13,25,12,114,39,34,32,22,12,22,12,14,9,19,11,13,7,19,8,17,9,7,14,12,10,11,16,11,14,15,21,12,7,8,11,16,16,-20,19,16,12,12,15,15,13,18,6,4,6,9,13,24,12,18,13,12,6,9,11,15,13,10,-20,7,14,11,14,16,9,7,9,12,15,16,18,10,12,10,13,20,16,6,14,15,11,12,13,14,14,18,27,11,18,5,11,15,16,19,21,30,-20,5,7,9,13,23,15,13,8,24,3,17,10,13,13,5,14,7,-20,9,11,7,-20,12,10,14,12,13,9,11,9,12,13,11,17,13,8,11,15,4,12,6,9,6,7,5,7,11,8,16,17,11,18,11,13,12,9,13,9,5,18,9,14,19,12,18,6,20,19,19,18,14,9,11,12,5,11,6,18,9,12,12,20,12,11,24,17,12,17,10,16,13,14,12,12,16,15,12,6,10,-20,7,22,6,16,5,-20,5,11,11,29,7,20,18,10,14,4,6,14,15,11,-20,3,-20,11,11,9,16,15,9,6,-20,5,27,15,116,8,20,22,17,14,25,13,34,21,19,24,25,18,21,17,20,33,22,17,17,21,44,16,21,12,13,24,21,28,22,19,14,24,16,17,26,15,16,22,19,16,14,4,10,13,13,6,11,5,13,8,10,14,11,3,8,13,11,15,14,10,10,-20,-20,11,14,14,-20,9,12,12,7,11,13,17,11,19,17,14,17,20,17,13,10,17,7,5,-20,-20,12,6,8,4,10,13,16,12,17,13,14,13,16,19,15,10,14,25,12,9,15,19,14,39,13,17,44,13,13,20,13,13,14,11,10,13,5,15,7,11,9,13,10,18,4,6,9,17,11,12,13,13,6,3,8,9,7,11,3,14,11,13,10,7,7,4,4,4,6,5,8,7,-20,6,3,6,8,6,7,5,9,5,5,5,4,7,6,5,5,6,-20,-20,5,-20,-20,-20,7,3,5,9,7,8,6,3,6,6,3,-20,5,8,9,5,6,-20,5,7,7,-20,4,-20,4,5,-20,4,4,-20,3,11,2,-20,10,17,22,48,11,25,25,22,30,39,46,39,54,55,78,57,49,61,48,64
"chr1,17386840",8,13,8,8,8,15,8,16,7,7,9,9,46,29,11,11,38,23,109,94,69,6,90,57,53,33,20,38,28,12,13,12,15,9,77,62,42,40,14,9,9,-20,17,22,28,57,10,63,7,22,33,34,47,25,25,17,58,42,29,36,37,55,56,37,26,17,33,79,60,14,50,34,28,35,42,70,31,4,8,17,7,23,35,9,8,69,44,68,44,21,10,27,44,35,60,35,17,61,8,52,32,51,8,15,43,62,5,38,48,8,12,7,45,49,15,8,61,13,7,5,3,12,11,9,46,5,11,48,20,18,39,8,8,9,43,54,53,8,4,18,7,8,9,11,46,12,11,45,17,11,4,12,27,22,34,8,10,13,90,29,6,5,5,8,10,19,8,5,12,14,99,57,35,27,7,34,26,21,21,102,24,13,41,19,23,9,9,36,20,19,35,26,-20,7,12,20,17,20,39,15,11,24,30,34,62,21,31,86,7,33,70,4,54,53,15,12,62,20,28,15,22,14,35,33,12,16,26,9,20,26,42,28,50,49,14,12,21,16,20,18,24,21,24,17,18,24,13,15,30,21,26,22,8,5,15,29,19,13,13,17,13,26,26,22,-20,15,18,17,20,37,26,43,16,19,17,23,74,60,32,48,16,15,6,34,8,12,21,5,11,14,10,26,11,23,65,46,62,6,9,9,34,5,8,7,19,45,37,5,56,46,65,64,39,54,15,11,3,7,20,143,22,40,23,20,25,18,3,13,18,25,12,17,11,16,41,19,14,46,71,16,15,28,25,47,9,14,12,14,15,12,22,9,9,23,6,11,8,18,26,12,15,21,22,14,6,24,20,9,10,15,8,16,9,69,14,17,13,52,14,30,25,15,11,22,12,21,34,13,6,4,8,20,13,18,19,18,4,11,83,15,13,11,12,20,29,11,22,14,19,14,17,14,11,30,21,10,12,7,12,12,9,11,12,19,18,25,12,13,34,38,31,15,103,33,4,9,8,12,4,11,16,22,11,9,14,9,-20,16,27,19,95,14,11,8,14,8,12,17,15,11,6,16,30,13,14,13,6,4,28,12,7,10,25,12,19,11,12,18,56,43,17,10,-20,13,10,16,11,17,19,20,15,12,9,5,17,15,5,29,11,12,12,8,13,7,59,-20,18,11,8,3,27,26,4,20,58,66,46,58,20,41,44,-20,9,56,42,9,7,40,17,13,41,14,10,13,29,17,8,14,20,-20,13,13,16,10,17,16,5,7,10,20,29,29,23,15,26,11,20,-20,35,8,11,28,21,-20,15,7,24,7,88,12,24,2,14,23,7,16,16,28,49,22,14,47,41,44,38,32,18,36,6,43,17,12,36,-20,8,18,17,19,11,15,8,31,12,19,17,29,12,46,8,10,9,15,20,-20,-20,4,-20,-20,9,6,6,38,35,9,62,30,47,50,52,25,24,28,32,51,13,42,42,31,28,20,64,38,21,8,20,34,89,17,9,18,23,38,41,28,18,28,28,29,37,71,14,25,12,114,39,34,33,22,12,23,12,15,9,19,11,12,8,19,8,17,9,7,14,12,10,11,18,11,14,15,23,12,8,8,10,16,16,-20,20,15,12,12,16,15,13,17,5,4,6,9,13,24,12,18,13,12,6,9,11,15,13,10,-20,7,13,11,14,17,9,8,10,11,16,15,19,11,12,11,12,20,17,6,14,15,11,12,14,15,14,18,27,10,18,5,11,15,16,20,21,30,-20,5,7,8,13,23,15,13,8,27,3,17,10,13,13,5,14,7,-20,9,12,8,-20,12,12,14,12,14,10,12,9,11,13,11,17,13,8,11,14,4,12,6,9,6,8,5,8,11,9,16,17,13,18,11,13,12,9,13,9,5,18,9,15,20,12,18,6,20,19,18,18,14,9,11,12,5,11,6,19,9,12,13,19,12,11,24,17,12,17,9,15,13,14,12,12,16,15,12,6,10,-20,7,22,7,17,4,11,6,11,11,29,7,20,18,10,14,4,7,14,15,11,-20,3,-20,10,-20,9,16,15,9,6,-20,5,27,15,117,8,20,22,18,15,25,13,37,21,19,23,27,18,21,17,20,34,23,17,17,21,43,17,21,10,14,25,21,28,23,19,14,24,17,17,25,16,16,24,19,15,14,4,10,14,14,6,11,5,13,8,10,14,11,3,8,13,10,14,14,10,10,-20,6,11,14,14,-20,9,11,12,7,11,13,17,12,19,16,13,17,22,18,14,10,17,7,5,-20,-20,12,6,8,4,10,13,17,12,17,14,15,13,17,19,15,10,14,26,13,9,15,20,14,39,14,17,44,14,13,20,13,14,14,11,10,13,5,15,7,12,9,13,10,19,4,6,9,18,11,13,13,13,7,3,8,9,7,11,3,14,11,13,9,7,7,-20,4,4,5,8,8,7,-20,6,4,6,9,6,8,5,10,5,6,5,3,6,7,4,-20,6,-20,-20,5,-20,-20,8,8,5,6,7,7,9,6,4,6,5,3,-20,6,8,9,5,7,-20,-20,7,6,-20,4,7,4,5,-20,5,4,-20,5,11,2,-20,-20,17,22,47,11,25,26,21,30,39,46,41,44,55,78,58,49,62,48,62
"chr1,17386850",8,12,8,9,7,12,7,15,6,6,9,-20,43,27,14,12,37,23,113,97,63,9,85,61,55,33,16,40,27,13,11,14,14,9,75,64,42,42,13,11,7,28,13,19,28,59,-20,-20,7,23,36,31,51,26,-20,16,60,39,34,37,39,58,56,33,28,18,35,81,57,15,45,35,28,35,41,67,32,4,8,17,9,22,35,10,10,63,45,71,45,20,9,29,41,44,62,39,18,60,8,56,36,53,6,16,43,62,5,40,46,7,13,6,38,40,15,11,57,16,8,5,5,9,12,9,44,4,10,51,19,15,38,8,6,9,44,57,60,7,4,17,6,9,8,12,48,12,7,44,17,11,4,12,30,20,33,9,10,12,88,28,6,5,6,7,10,20,8,7,12,11,100,52,42,24,7,42,22,17,22,108,25,12,38,15,24,8,12,37,19,20,35,25,-20,6,14,19,13,17,39,14,11,25,39,32,63,19,35,85,7,32,60,4,57,60,17,13,57,22,24,14,22,14,37,30,11,21,24,7,-20,27,41,26,48,45,15,10,22,20,21,15,26,19,25,16,-20,26,17,14,27,18,24,20,9,9,15,28,19,14,14,16,14,23,28,26,36,16,-20,19,23,35,30,35,12,16,16,23,69,63,31,46,15,15,5,-20,7,10,23,5,11,14,11,25,10,22,68,46,60,5,9,9,34,4,10,7,21,47,44,6,58,48,63,66,42,58,14,11,5,10,19,149,23,38,23,15,22,21,2,11,17,32,13,24,10,17,44,21,14,46,82,17,14,27,25,43,10,13,12,14,15,13,22,8,9,21,5,12,8,20,28,12,15,21,22,14,7,24,22,6,10,14,9,12,9,66,11,18,16,52,16,28,21,16,12,24,17,21,37,15,7,9,6,15,13,19,22,19,4,11,87,18,14,11,9,21,27,11,17,13,21,14,16,11,11,32,20,10,10,8,9,13,10,11,12,17,16,25,14,12,30,35,28,15,92,32,7,10,8,14,5,11,14,19,10,10,14,9,25,15,24,18,95,17,11,8,16,8,12,19,16,11,7,17,28,15,13,12,7,4,30,17,6,9,20,12,20,12,13,19,50,41,16,16,-20,12,9,21,9,17,19,19,16,10,14,8,19,13,6,31,12,12,11,7,12,5,58,8,17,11,8,-20,26,28,2,19,58,63,48,60,22,37,48,-20,11,57,49,11,7,42,15,12,33,13,8,15,26,17,7,19,21,3,12,14,17,11,16,16,5,5,5,18,26,27,22,15,25,10,22,-20,33,11,12,26,20,5,15,9,19,8,83,13,23,3,14,25,7,16,13,27,52,22,13,46,38,41,32,30,23,40,-20,35,16,11,34,-20,8,19,19,19,12,18,7,29,13,21,17,30,9,50,8,11,12,16,20,-20,-20,4,-20,-20,7,6,6,29,36,9,62,-20,44,47,47,27,23,26,34,50,19,37,40,27,31,22,60,38,23,9,21,31,84,19,9,18,20,34,37,31,15,27,29,27,35,58,12,25,12,94,41,30,28,28,8,21,13,15,7,19,9,12,9,22,6,16,8,7,14,13,12,11,18,10,14,14,21,10,7,8,11,15,17,-20,20,17,12,11,16,16,13,15,5,4,-20,9,11,26,11,19,13,11,-20,10,11,16,14,12,-20,8,17,12,14,17,10,9,9,11,17,18,22,11,12,10,11,21,17,5,15,14,10,11,13,15,16,22,28,10,17,7,13,17,17,18,23,29,-20,4,7,9,15,23,13,14,9,23,4,16,9,15,13,6,13,8,3,8,13,9,-20,11,11,14,14,13,7,12,8,10,15,10,16,12,7,12,14,4,12,6,9,6,8,5,8,11,11,15,17,13,19,11,13,11,10,12,10,6,16,7,15,20,13,18,7,22,19,16,17,14,11,12,10,5,10,6,18,8,10,15,19,12,13,27,19,12,15,11,17,13,11,11,15,17,12,11,-20,11,-20,6,22,7,17,3,10,6,11,10,26,7,18,17,9,13,5,6,12,15,12,5,5,3,11,10,9,17,15,-20,6,-20,5,26,13,121,12,21,21,15,17,27,11,38,18,22,23,29,16,21,16,17,36,22,16,18,19,41,18,19,13,13,25,23,25,21,20,15,24,17,17,25,16,15,26,13,17,14,4,12,15,13,7,10,4,14,8,9,15,12,3,8,14,10,14,16,11,10,-20,4,11,12,13,-20,9,10,12,7,10,14,16,12,19,14,14,18,23,20,13,10,18,8,4,-20,-20,12,6,8,-20,12,14,17,13,17,12,15,11,15,20,15,9,16,22,11,10,13,19,14,41,14,15,40,14,13,20,12,15,13,10,12,15,5,16,7,12,11,12,7,20,3,5,10,17,12,11,10,12,7,-20,7,-20,6,12,3,15,13,13,8,7,7,3,-20,4,5,6,5,11,4,8,5,6,12,8,11,3,-20,4,6,5,-20,6,6,7,5,5,-20,10,6,-20,6,6,7,7,6,5,6,7,-20,-20,7,5,-20,-20,7,8,11,4,6,11,6,8,7,-20,4,6,4,5,4,4,5,-20,5,15,2,-20,14,18,20,50,11,27,26,18,28,40,50,39,38,55,71,55,51,63,53,68
"chr1,17386854",8,12,10,10,9,12,9,15,6,6,10,7,42,27,12,12,35,23,111,93,61,10,84,60,55,33,16,38,26,12,11,14,14,10,76,63,41,46,14,10,8,29,13,17,29,58,-20,64,7,24,32,30,55,28,24,16,60,39,33,37,39,55,56,33,28,19,35,79,59,16,43,36,28,37,39,66,32,4,9,20,11,22,36,11,10,64,45,74,42,19,9,28,40,41,59,40,22,60,9,55,38,55,7,16,42,63,5,45,45,9,15,6,35,42,16,12,58,15,7,5,7,11,12,9,42,4,10,50,21,16,37,8,7,9,43,55,60,8,4,19,7,10,9,12,48,12,7,43,20,12,6,13,31,23,33,9,8,14,87,28,8,5,7,8,11,20,8,7,12,12,99,55,48,26,7,42,20,16,22,119,25,13,33,15,25,8,11,34,17,21,32,23,-20,6,13,20,14,17,39,17,11,23,38,34,63,21,35,93,7,32,64,4,53,60,14,13,60,24,25,13,21,17,36,34,12,23,26,7,16,26,42,29,47,48,18,10,23,20,22,16,26,19,27,16,17,26,19,13,27,18,26,16,9,9,17,28,18,14,14,15,9,24,29,27,36,15,19,17,22,37,29,37,13,16,16,26,70,67,30,45,17,13,6,37,7,15,22,5,12,14,11,23,9,20,68,50,61,5,8,10,36,6,11,6,20,48,41,6,58,47,60,64,44,58,11,11,5,10,17,145,21,37,22,15,21,22,2,10,16,32,12,23,8,18,43,20,13,48,91,16,15,28,25,42,10,14,11,15,15,13,22,8,8,21,5,13,9,20,29,13,16,22,21,14,7,24,22,6,9,15,10,12,8,65,11,18,16,52,16,28,20,16,15,23,17,21,36,16,7,10,6,14,13,15,18,20,4,11,79,18,14,11,8,21,25,11,17,11,21,14,17,11,11,30,17,11,10,-20,8,13,11,12,11,16,17,24,12,12,27,31,28,15,90,33,7,11,8,14,6,10,14,16,10,10,14,9,26,15,25,15,88,20,11,8,15,7,15,21,16,11,7,19,28,15,14,13,7,4,30,17,6,10,18,12,19,12,13,20,49,42,16,17,3,13,9,17,9,17,19,21,16,10,12,8,20,13,6,32,13,13,10,8,11,6,58,9,16,12,8,-20,25,25,2,20,57,64,48,61,22,37,48,-20,12,58,48,11,9,43,14,12,35,13,9,16,25,18,7,18,21,3,14,12,22,-20,18,19,-20,5,5,16,26,22,21,15,26,10,24,-20,32,10,12,26,20,6,16,11,20,8,78,13,22,4,15,24,7,15,12,28,50,21,12,45,36,45,35,32,25,40,8,36,18,13,37,-20,8,20,20,18,13,19,8,31,14,26,17,36,9,52,10,12,12,16,22,-20,-20,4,-20,-20,9,6,8,31,42,10,60,31,44,51,48,31,25,26,37,50,19,39,42,22,30,22,62,44,22,9,22,31,86,20,9,16,20,36,43,29,16,27,33,29,36,63,12,22,14,91,42,31,30,28,7,21,14,16,8,18,9,12,11,23,6,17,9,7,13,14,13,14,19,10,14,15,23,11,7,8,11,16,17,-20,20,17,11,12,18,16,13,16,5,5,8,9,12,26,16,19,15,11,7,10,11,16,16,12,-20,9,16,14,14,18,11,10,10,12,18,19,24,13,14,10,12,23,17,6,14,13,14,12,15,15,17,27,28,11,18,7,14,18,17,19,23,30,-20,4,7,11,16,23,13,14,10,26,4,19,9,16,15,8,13,9,4,13,14,10,-20,10,11,14,13,13,9,14,10,10,15,10,16,14,8,13,14,4,14,6,9,7,8,6,8,11,11,14,16,13,23,12,12,11,11,13,11,8,17,8,15,24,15,17,8,22,19,18,17,-20,11,13,10,6,10,8,17,8,9,14,19,15,14,28,22,13,19,13,19,17,11,11,15,18,13,14,9,11,-20,8,26,8,19,4,11,6,11,10,29,7,20,19,9,15,8,5,13,17,12,6,6,4,12,10,9,18,16,11,6,-20,4,27,13,115,12,26,21,18,17,28,12,40,21,23,24,31,17,23,16,20,36,23,17,18,22,44,20,22,16,14,25,26,25,19,21,17,25,17,19,25,16,18,30,13,18,16,4,14,15,13,7,10,4,15,8,9,17,13,3,8,16,11,16,18,12,11,-20,4,12,10,14,-20,9,10,13,9,10,14,17,13,20,14,17,18,24,21,14,11,19,8,5,-20,3,12,6,7,3,13,14,17,13,19,12,15,17,15,21,17,9,19,24,11,12,14,19,17,44,13,20,42,12,15,21,17,15,16,12,15,17,4,17,7,13,10,12,7,21,3,9,12,17,12,11,11,12,8,-20,7,7,6,11,4,14,12,13,8,9,8,5,3,3,4,6,-20,9,4,8,6,6,11,7,11,-20,2,5,5,6,-20,6,6,6,5,6,-20,9,6,-20,7,4,4,4,6,6,-20,7,5,4,6,5,-20,-20,7,8,13,5,6,10,7,7,9,-20,4,5,3,4,-20,6,5,-20,7,16,2,4,13,16,18,48,13,28,27,18,28,34,44,38,38,55,66,53,49,60,54,63
"chr1,17386855",8,12,10,10,9,12,9,15,6,6,10,7,43,27,13,12,34,23,111,94,61,10,85,59,55,32,16,38,27,12,11,14,14,10,75,63,41,43,14,10,8,27,13,17,29,58,11,67,6,25,31,30,55,29,25,17,60,39,34,38,37,55,55,34,28,19,35,78,59,16,43,36,28,39,38,69,33,4,9,20,11,21,36,11,10,65,44,75,42,19,9,28,41,42,58,40,22,60,9,54,37,55,7,16,43,61,5,45,45,9,14,6,38,45,16,12,58,15,7,5,-20,11,12,9,42,4,11,50,21,16,37,8,-20,9,41,55,61,8,4,19,7,10,9,12,49,12,7,43,20,12,7,13,31,23,34,9,8,14,89,28,8,4,7,8,12,20,8,7,12,12,98,54,48,26,7,42,-20,16,23,122,24,14,32,11,25,8,11,34,17,21,30,24,-20,6,13,20,14,17,41,17,-20,23,37,34,64,21,32,93,4,30,64,3,53,60,14,12,57,24,24,13,21,15,35,34,12,21,26,-20,16,26,43,29,48,48,18,10,23,21,22,16,26,19,27,16,17,26,19,12,26,18,27,16,9,9,17,29,18,15,14,13,9,23,29,27,-20,16,19,17,23,38,29,37,13,17,16,26,70,67,30,44,17,13,6,36,7,15,22,5,11,14,11,23,9,19,65,50,-20,5,8,10,33,6,11,6,20,48,43,6,58,47,60,65,46,56,11,11,5,10,18,144,21,37,22,15,18,22,2,10,15,33,12,23,8,18,42,20,13,48,93,16,16,28,25,42,10,16,11,15,17,13,21,8,7,21,5,13,9,20,28,13,16,22,21,13,7,24,21,6,9,15,10,13,8,64,11,-20,16,53,16,27,20,16,15,23,17,21,36,16,8,10,5,14,13,16,18,21,4,12,79,17,14,11,7,-20,25,11,17,11,18,14,17,11,11,31,16,11,10,8,8,13,11,12,11,16,18,24,12,12,27,32,27,15,91,32,7,11,8,13,6,10,15,17,10,10,14,9,-20,15,25,14,84,20,11,8,16,7,15,21,17,11,7,19,28,15,14,12,7,4,30,16,6,10,18,12,19,13,13,20,48,43,16,-20,3,13,9,17,9,17,19,20,15,10,13,7,20,13,6,32,12,13,10,8,10,6,58,9,16,12,8,-20,24,25,2,20,57,65,49,61,22,37,47,-20,12,57,49,11,9,45,14,12,35,13,9,16,26,18,7,18,21,3,14,10,22,10,18,19,-20,5,5,16,26,22,21,15,26,11,24,-20,31,10,12,26,20,5,15,11,21,8,78,13,22,4,15,23,7,15,12,27,55,21,11,44,36,47,35,32,25,40,8,35,18,13,37,-20,8,20,20,18,13,19,8,31,13,26,17,36,9,53,10,12,12,16,22,-20,-20,4,-20,-20,9,6,8,31,42,10,59,32,44,50,49,31,24,26,37,49,19,38,43,22,30,22,61,42,22,9,22,30,87,20,9,16,19,35,41,30,17,27,32,28,36,69,12,22,14,90,42,31,30,30,7,21,14,16,8,19,9,12,11,23,6,17,9,7,13,14,13,14,20,10,14,15,23,11,7,8,11,16,17,-20,20,17,11,12,17,16,13,16,5,5,8,9,12,25,16,19,14,11,7,10,11,16,16,12,-20,9,16,14,14,18,11,10,10,12,18,19,24,13,14,10,12,23,17,6,14,13,14,11,15,15,17,27,28,11,18,7,14,18,17,19,23,30,-20,4,6,11,16,23,13,14,10,26,4,19,9,16,15,8,13,9,4,13,14,10,-20,10,11,14,13,13,9,14,10,10,15,10,16,14,8,13,15,4,14,6,9,7,8,6,8,11,11,13,16,13,23,12,11,11,11,13,11,8,17,8,15,24,15,17,8,22,19,18,17,18,11,13,10,6,10,8,17,8,9,14,19,15,14,28,22,13,19,13,18,17,11,10,15,18,13,14,9,11,-20,8,26,8,19,4,11,6,11,10,28,7,20,19,9,15,8,5,13,16,12,6,6,4,12,10,9,18,16,11,6,-20,4,27,14,117,12,26,21,18,17,28,12,40,21,23,25,31,17,23,16,20,36,23,17,19,22,44,19,22,16,14,25,26,25,19,21,17,26,17,18,25,16,18,30,13,18,16,4,14,15,13,7,10,4,15,8,8,16,13,3,8,15,11,16,17,12,11,-20,4,12,10,13,-20,9,10,13,9,10,14,17,14,20,14,15,19,24,21,14,11,18,8,5,-20,3,12,6,7,3,14,14,17,13,18,11,15,17,15,22,17,9,18,24,11,12,14,19,17,44,13,20,42,12,15,21,17,15,16,12,15,17,4,17,7,13,10,12,7,22,3,9,12,17,12,11,11,12,8,-20,7,7,6,10,4,14,13,13,8,10,9,5,3,3,4,6,-20,10,4,8,6,5,12,7,10,-20,3,5,5,6,-20,3,6,6,-20,5,-20,10,6,-20,7,4,6,5,7,5,8,7,5,-20,5,5,-20,-20,7,-20,15,5,7,12,-20,8,7,-20,-20,5,4,5,-20,6,-20,-20,7,14,2,4,12,16,17,50,13,26,26,18,28,34,45,37,38,55,66,52,53,59,54,64
"chr1,17386856",8,12,10,10,9,12,9,15,6,6,10,7,43,28,14,12,34,23,108,94,64,10,86,61,55,32,16,36,26,12,11,14,14,10,76,65,43,43,13,10,8,27,13,17,28,57,11,66,6,24,29,29,55,29,26,17,59,40,34,38,41,55,55,33,28,19,34,78,60,16,43,36,27,40,37,67,33,4,9,20,11,23,38,11,10,64,45,74,42,19,9,27,42,42,56,40,22,59,9,56,38,55,7,16,42,60,5,45,44,9,14,6,37,45,16,12,58,15,7,5,7,11,11,9,43,4,11,48,21,17,37,8,7,9,40,54,60,8,-20,19,7,10,9,12,51,12,7,43,20,12,7,13,32,23,34,9,8,14,89,28,8,4,7,8,12,20,8,7,12,13,99,55,48,26,7,41,20,15,24,122,24,14,32,12,25,8,10,33,17,22,30,26,-20,7,13,19,14,18,41,17,9,23,36,33,64,21,31,92,4,32,64,3,56,60,14,12,57,24,23,13,21,15,35,34,12,21,26,6,15,26,43,30,48,49,17,10,23,21,22,16,26,19,27,15,17,26,19,13,26,17,27,17,-20,9,17,29,18,15,14,13,9,24,29,27,34,16,19,17,23,37,29,37,13,17,16,26,70,65,30,41,17,13,6,35,7,13,22,5,12,16,11,23,9,19,71,50,58,5,8,10,36,6,11,6,20,47,41,6,60,49,60,66,48,57,11,11,6,10,18,144,21,37,24,17,18,22,2,10,15,34,12,22,8,18,42,20,12,47,95,15,16,29,25,42,9,15,11,15,17,13,21,8,7,21,5,13,9,20,28,12,16,22,21,14,7,24,21,6,9,15,10,12,6,64,11,18,16,52,16,27,20,16,16,23,17,21,35,16,8,10,5,14,13,16,18,21,4,12,80,17,14,11,7,22,25,11,17,12,18,14,17,11,11,30,15,11,10,8,8,13,11,12,11,16,18,24,12,12,27,32,27,15,92,32,7,11,8,13,6,8,15,17,10,9,15,9,26,15,26,13,83,20,11,8,16,7,15,21,17,11,7,17,28,14,15,12,7,4,30,16,6,10,18,11,19,13,13,20,46,42,17,19,3,13,9,17,9,17,18,20,15,10,13,7,20,13,6,33,12,13,10,8,10,5,57,9,18,12,8,-20,26,25,2,20,57,65,49,60,22,38,46,-20,12,56,51,11,9,45,14,12,35,13,9,16,26,18,8,19,21,4,14,10,23,9,16,19,-20,5,5,16,25,22,21,15,26,11,25,-20,31,10,11,26,20,5,15,11,21,8,77,14,21,4,15,23,7,15,12,27,52,21,11,43,38,47,35,31,25,40,8,35,18,13,37,-20,8,20,20,18,13,19,8,31,13,26,17,36,9,53,10,12,12,16,22,-20,-20,4,-20,-20,9,6,8,31,37,10,59,32,44,48,49,29,25,27,37,51,19,37,43,23,28,22,61,44,23,9,22,29,87,20,9,14,20,36,40,30,17,27,33,28,38,69,10,22,14,90,42,32,31,30,7,21,14,16,8,19,9,12,11,22,6,17,9,7,13,14,14,14,20,10,14,15,23,11,7,8,11,16,17,-20,20,17,11,12,17,17,13,16,5,5,8,9,12,25,16,19,14,10,7,10,11,16,16,12,-20,9,16,14,14,18,11,10,10,12,18,19,23,13,14,10,12,23,17,6,14,14,14,11,15,15,17,27,30,11,18,7,14,18,17,19,23,31,-20,4,6,11,16,23,13,14,10,26,4,19,9,16,15,8,13,9,-20,13,14,10,-20,10,11,14,13,13,9,14,10,10,15,10,15,14,8,13,15,4,14,6,9,7,8,6,8,11,11,14,16,13,23,12,12,11,11,13,11,9,17,8,15,24,15,17,8,22,19,18,17,18,11,12,10,6,10,8,17,8,9,14,19,15,14,28,22,13,19,14,19,16,11,10,15,18,13,14,9,11,-20,8,26,8,19,4,11,6,11,10,29,7,19,19,9,15,8,5,13,16,12,6,6,4,12,10,9,18,16,11,6,-20,4,27,14,116,12,25,21,18,17,28,12,39,22,24,25,31,17,23,16,20,36,23,17,19,22,44,20,22,16,14,25,26,26,19,22,17,26,17,18,25,16,18,30,13,18,16,4,14,15,13,7,10,4,15,8,8,16,13,3,8,15,13,16,17,12,11,-20,4,12,-20,13,-20,9,10,13,9,10,14,17,14,20,14,15,19,24,21,13,11,20,8,5,-20,3,12,6,7,3,14,14,18,13,18,12,16,17,16,22,17,9,18,24,11,12,14,19,17,44,13,20,42,12,15,22,17,15,15,12,15,17,4,17,7,13,10,13,7,22,3,9,12,17,12,11,11,12,8,-20,7,7,6,11,4,14,12,13,8,11,8,5,-20,3,4,6,-20,11,4,-20,4,4,12,8,11,-20,4,5,5,6,-20,4,6,6,5,5,-20,10,6,-20,8,-20,7,6,7,7,8,7,5,-20,5,5,-20,-20,7,7,12,6,7,14,7,7,9,-20,6,6,3,4,-20,4,5,-20,7,17,2,4,13,15,16,49,12,27,26,20,28,34,47,37,38,55,66,50,51,59,54,62
"chr1,17386860",8,12,11,10,9,12,9,15,5,6,11,7,43,27,13,11,33,23,107,91,68,10,85,61,54,31,16,38,26,10,12,14,14,11,77,61,42,45,15,11,9,27,10,16,26,56,10,-20,6,24,34,31,57,26,-20,16,60,37,34,36,39,55,53,31,25,18,30,79,57,19,41,36,28,39,34,66,31,5,9,21,11,22,36,11,11,61,46,76,44,20,9,32,41,41,58,39,23,63,9,57,37,50,7,15,44,60,4,48,44,10,14,6,38,43,15,14,58,17,8,5,7,12,11,9,40,4,10,45,20,16,36,8,8,8,39,52,67,8,5,19,8,10,10,11,51,12,7,45,20,13,9,13,27,22,34,9,9,16,84,30,7,-20,7,7,12,21,-20,8,13,13,100,56,46,26,6,40,19,16,24,117,26,14,30,13,26,7,11,31,17,22,30,27,-20,9,13,19,15,18,47,16,9,26,39,34,62,21,26,100,3,33,62,-20,57,55,14,11,56,24,26,13,21,15,35,34,10,19,27,6,13,25,45,28,48,51,17,10,23,20,23,17,26,22,24,14,17,27,18,15,24,18,29,17,10,10,16,31,18,16,16,14,10,25,25,25,34,14,18,17,23,37,29,39,15,16,18,23,68,61,31,38,15,17,6,31,7,14,23,4,12,16,11,25,9,18,73,47,57,5,-20,12,35,7,12,5,19,47,45,6,56,47,58,67,50,59,12,12,6,10,17,140,23,36,25,-20,16,23,2,12,13,38,12,22,9,15,42,20,10,46,87,14,18,33,22,44,9,15,10,14,16,15,21,8,8,21,4,13,9,21,27,12,17,23,19,14,7,24,21,6,8,16,11,11,7,65,11,20,16,49,16,26,22,15,15,22,18,21,36,15,9,11,5,12,13,15,17,21,4,13,76,17,13,9,7,22,28,10,17,12,17,13,15,10,11,29,14,11,-20,-20,7,12,12,12,11,16,18,23,11,11,26,30,26,15,95,31,10,10,8,-20,6,8,16,17,10,9,13,9,25,16,26,13,79,19,11,8,18,6,16,21,16,10,7,18,28,15,16,12,7,4,27,15,5,10,17,12,18,12,13,20,48,41,17,21,3,13,9,17,9,18,17,19,14,9,15,9,20,12,6,33,9,14,9,8,10,5,56,10,18,11,8,-20,22,25,2,22,55,60,51,61,22,39,45,-20,13,56,53,11,8,46,12,10,39,16,9,15,29,18,8,19,20,4,16,10,21,-20,17,17,4,5,5,16,27,22,18,13,25,11,23,-20,30,11,12,28,19,5,15,10,19,9,74,13,21,4,14,22,8,14,14,26,50,20,12,40,37,45,33,33,25,41,8,36,23,13,35,-20,8,19,21,18,13,18,7,32,15,28,20,39,9,55,12,12,11,17,21,-20,-20,4,-20,-20,9,6,8,30,34,11,60,-20,45,48,46,33,25,27,35,50,18,37,38,23,28,22,67,37,24,9,24,28,91,20,9,14,23,33,39,31,12,30,31,26,38,77,10,22,14,79,41,36,33,31,6,23,13,16,8,18,7,11,11,23,6,17,9,7,13,12,16,14,20,10,12,15,22,10,8,8,13,16,18,-20,18,17,11,12,21,18,13,15,5,7,8,10,12,25,19,19,14,12,8,11,11,16,15,11,-20,10,17,14,14,18,11,10,11,12,18,19,24,14,14,10,12,24,17,-20,14,14,-20,12,14,15,18,27,31,13,18,6,14,18,16,19,24,31,-20,5,9,11,16,22,15,13,9,26,4,19,9,16,16,8,15,9,4,12,13,10,-20,10,11,14,13,13,10,15,-20,10,15,10,16,14,-20,13,15,-20,14,6,9,8,8,6,8,11,12,14,16,13,24,12,12,11,11,14,11,9,17,8,15,23,15,20,9,23,19,18,16,19,10,11,10,7,9,8,17,10,10,15,18,16,15,30,23,13,22,14,19,17,10,10,15,18,13,14,9,11,-20,8,27,8,18,4,11,7,11,11,32,7,21,19,9,15,8,6,14,17,11,5,6,4,11,11,8,20,15,11,6,-20,4,26,12,115,14,25,22,17,18,28,13,40,22,24,25,29,17,22,17,20,35,26,17,19,23,42,20,22,17,15,25,27,28,21,22,18,27,18,20,25,17,18,31,13,19,17,-20,14,16,13,7,10,5,16,8,8,16,12,3,8,15,13,16,18,13,11,-20,4,12,10,13,-20,9,8,13,10,11,14,17,14,20,14,15,18,24,21,13,11,21,9,5,-20,3,11,6,5,-20,14,15,18,14,19,12,16,17,16,22,17,9,19,23,11,12,13,19,16,44,13,18,43,12,15,23,16,15,16,12,15,17,5,17,7,13,11,13,8,23,3,9,11,17,11,12,10,11,9,-20,-20,6,6,11,5,14,12,13,9,11,6,4,4,3,3,5,-20,-20,3,9,7,4,10,-20,12,-20,3,3,4,3,3,5,7,5,4,5,-20,9,6,-20,6,-20,7,5,7,7,9,7,3,-20,5,5,-20,-20,5,5,13,7,6,15,10,-20,7,-20,5,4,3,4,4,6,6,-20,8,-20,-20,5,11,-20,16,48,12,26,28,21,29,34,51,35,38,55,60,53,47,60,53,59
"chr1,17386863",5,13,11,9,8,9,8,13,-20,6,9,7,41,29,13,11,33,24,111,90,65,11,86,58,56,32,15,38,26,10,11,14,16,9,72,64,43,48,17,10,7,28,10,16,23,53,11,74,6,27,33,31,55,25,29,19,60,38,38,38,38,54,56,33,26,17,30,77,54,19,42,37,24,39,35,69,31,5,7,18,12,22,36,10,9,59,46,77,44,21,9,33,40,43,57,38,20,64,9,59,38,53,7,15,45,61,4,48,45,9,12,6,34,42,12,14,57,16,9,5,7,11,13,9,41,3,9,47,19,17,37,7,7,7,38,52,69,9,4,18,8,9,10,10,50,11,7,45,18,10,8,14,25,20,33,10,9,16,82,31,6,-20,7,8,9,15,6,8,14,13,98,50,43,25,6,37,18,18,21,116,26,14,31,11,23,7,11,31,17,22,23,27,-20,9,13,20,15,17,45,16,9,27,39,34,59,21,26,93,-20,33,60,-20,58,54,13,11,60,24,28,12,21,15,35,33,13,16,28,10,13,26,44,27,49,52,17,9,22,18,24,18,26,23,23,14,16,27,19,15,25,18,29,19,10,11,17,31,18,16,16,12,10,26,22,23,31,14,-20,17,28,41,30,36,15,15,18,23,65,68,31,36,14,19,6,30,7,15,21,4,14,16,12,24,6,18,71,47,57,5,8,9,38,7,12,-20,20,46,46,5,52,47,58,64,50,59,12,12,6,10,18,139,22,35,25,17,17,23,2,12,13,39,11,22,9,15,40,19,11,47,86,15,19,34,22,47,9,14,-20,14,19,15,21,9,10,21,4,13,9,22,25,12,18,22,20,13,7,26,22,5,8,15,12,12,6,63,11,20,16,45,15,25,21,14,16,21,16,21,37,15,9,14,5,12,13,15,17,22,3,13,72,16,13,9,7,21,28,9,17,12,18,13,16,9,11,30,14,9,11,8,7,12,11,12,11,16,17,22,10,10,28,32,25,15,91,33,11,11,8,13,6,8,16,19,10,8,15,8,24,16,27,12,77,19,11,7,18,6,15,22,16,9,6,18,28,15,15,12,5,4,28,16,4,9,17,12,18,12,14,20,51,41,17,22,3,13,9,18,12,18,16,18,12,9,16,8,19,11,6,33,10,14,9,10,11,6,57,7,18,12,7,-20,21,27,2,21,56,59,50,64,19,34,48,-20,11,55,52,12,8,46,11,9,41,16,9,16,28,17,-20,19,20,3,15,10,23,-20,17,17,4,5,6,16,28,22,17,14,23,11,21,-20,30,11,13,26,18,5,15,10,20,9,74,13,-20,3,14,22,8,13,15,27,58,20,14,42,40,50,35,33,25,41,8,36,22,10,34,-20,7,20,18,16,14,17,7,31,15,28,20,38,7,56,12,12,11,14,21,-20,-20,3,-20,-20,7,5,8,30,35,13,65,32,44,46,48,34,25,28,35,53,18,34,41,25,29,21,66,40,24,9,23,28,90,20,8,15,25,32,39,32,14,31,34,27,40,76,9,21,14,72,40,37,33,30,6,23,12,18,8,18,7,9,11,24,5,15,8,8,13,12,17,13,19,7,9,14,21,10,7,7,14,16,13,-20,16,17,12,8,18,16,12,14,6,7,8,8,11,22,15,17,13,12,8,11,8,13,14,11,-20,10,16,13,14,18,10,10,9,11,15,18,23,14,14,10,11,23,17,-20,15,11,13,12,13,14,18,22,25,13,16,6,13,17,15,17,23,31,-20,5,9,12,15,21,15,11,10,22,4,18,9,14,17,8,17,5,4,12,13,10,-20,10,9,13,12,11,10,15,10,10,14,10,16,13,8,13,14,-20,14,6,10,7,8,6,8,11,12,14,16,11,23,10,12,10,11,13,10,9,17,8,14,20,14,19,8,21,18,18,17,19,10,11,9,7,7,8,16,10,10,15,19,16,17,27,19,12,21,13,19,19,9,11,14,16,12,14,9,11,-20,8,24,9,16,4,9,7,11,11,32,8,19,17,8,15,8,8,10,16,10,4,5,4,11,11,8,18,14,12,5,-20,6,25,12,113,14,24,22,18,19,29,13,38,23,22,27,25,14,21,16,19,34,25,16,20,21,38,18,18,17,14,25,28,29,21,20,15,26,18,17,24,15,18,31,14,19,17,-20,12,15,12,4,8,5,17,8,8,16,8,3,8,14,14,17,16,13,11,-20,4,9,8,10,-20,9,6,12,9,9,14,13,13,17,13,16,19,23,21,13,11,19,8,5,-20,-20,8,5,4,-20,14,15,17,14,19,10,16,16,15,23,17,9,21,23,12,12,12,15,13,44,12,18,40,12,13,20,12,12,15,11,14,15,5,15,7,13,9,11,8,21,3,9,11,16,10,14,10,9,8,-20,-20,7,6,11,5,16,10,13,11,9,6,4,5,3,3,5,-20,9,4,8,7,4,11,8,12,-20,5,3,5,4,3,6,6,4,4,4,-20,11,5,-20,7,5,6,5,7,6,6,6,3,-20,5,4,-20,5,6,5,9,7,4,14,10,8,6,-20,6,8,4,4,3,5,6,-20,9,12,-20,6,9,15,16,47,13,25,27,21,26,33,54,34,37,55,60,51,48,59,54,59
"chr1,17386865",5,13,11,9,8,9,8,13,-20,6,9,6,40,25,14,11,31,24,104,95,64,12,86,59,55,32,15,37,26,10,11,14,16,9,70,64,44,48,18,9,7,27,11,15,23,50,11,70,6,22,32,32,52,25,28,20,61,37,38,36,35,52,53,33,26,18,31,78,54,19,41,38,26,38,35,66,32,5,7,18,12,23,36,10,9,56,43,75,44,21,10,31,40,43,59,38,20,62,9,58,38,55,7,16,41,58,4,46,39,9,12,5,34,43,12,14,54,15,9,5,7,11,13,9,42,3,9,46,19,18,36,7,7,8,38,50,70,9,4,18,7,9,10,10,46,11,7,43,18,10,8,13,27,22,29,11,9,15,87,29,6,-20,7,8,9,15,6,8,13,12,94,48,43,24,6,35,-20,18,21,117,26,12,31,10,23,7,10,29,16,21,22,25,-20,9,13,20,15,17,47,12,9,26,39,34,58,18,28,87,-20,32,58,-20,61,51,12,10,60,23,27,12,19,14,36,32,16,17,27,-20,13,26,44,26,49,51,17,11,22,20,24,18,28,24,23,13,16,27,19,15,24,19,28,21,10,13,17,28,19,15,16,12,9,26,21,24,-20,15,21,17,29,39,30,39,15,15,18,24,61,67,30,32,14,21,6,32,7,16,23,4,13,18,13,23,5,18,68,52,-20,5,-20,8,38,8,12,3,19,48,45,5,50,47,59,68,50,58,11,11,6,10,18,133,22,34,24,16,15,22,2,12,13,39,11,22,9,13,41,18,11,48,85,15,19,34,20,41,9,14,10,12,19,15,22,9,10,21,4,13,9,22,27,12,17,21,19,13,7,28,19,5,9,14,12,12,6,62,10,19,16,43,14,24,20,14,15,21,16,20,32,17,9,14,5,12,13,15,17,22,-20,12,69,14,12,7,7,-20,27,10,16,12,18,13,17,8,11,26,14,9,10,8,7,12,11,12,12,15,15,21,-20,10,27,33,23,-20,91,29,11,10,8,13,6,7,15,19,8,8,15,8,-20,16,27,12,72,19,10,6,18,7,16,22,15,8,6,16,28,15,14,12,4,4,24,16,4,9,16,12,16,11,14,20,50,40,17,-20,3,13,8,17,12,19,14,19,12,9,16,8,19,13,6,33,10,15,8,12,11,6,56,6,18,12,4,-20,21,28,2,20,56,59,48,63,19,31,47,-20,11,54,54,13,8,47,11,9,41,16,8,15,27,18,9,17,19,3,16,11,25,7,16,16,-20,5,6,17,28,24,16,14,23,10,22,-20,31,11,13,24,17,5,16,10,20,8,72,13,20,3,12,22,8,13,15,27,60,18,16,44,38,49,35,33,25,41,9,35,22,12,33,-20,7,20,19,17,15,17,8,32,14,29,20,37,7,56,12,12,11,16,20,-20,-20,3,-20,-20,8,6,7,31,36,14,62,33,45,46,46,34,26,27,34,53,17,32,43,27,28,22,66,41,22,9,23,29,86,23,8,15,25,33,37,31,15,30,31,26,39,76,7,22,16,66,36,39,31,29,6,27,12,19,7,19,6,9,12,25,5,15,8,8,13,12,16,13,20,7,9,15,20,11,7,7,14,17,13,-20,14,17,12,8,17,18,13,14,6,-20,8,8,11,24,15,16,12,13,8,11,8,13,14,11,-20,11,16,13,14,18,10,11,10,13,16,18,23,14,14,10,11,23,18,-20,15,11,13,12,13,16,18,20,24,13,16,6,13,17,15,18,23,31,-20,5,9,12,15,21,15,14,10,23,4,18,9,14,17,9,18,5,4,12,13,10,-20,10,9,13,12,11,9,16,10,10,14,10,16,13,7,13,14,-20,14,6,10,7,9,6,8,12,12,14,17,11,25,11,11,10,11,12,9,10,18,8,14,20,15,19,9,24,19,18,17,19,10,11,9,7,7,8,15,11,10,15,17,17,17,28,18,13,21,13,18,19,9,11,14,16,12,14,10,11,-20,8,24,9,16,4,9,7,11,11,32,8,19,16,7,14,8,8,10,16,9,4,6,4,12,12,8,19,14,11,5,-20,5,24,12,108,14,24,24,18,19,29,13,37,23,22,27,25,15,21,16,19,32,25,16,20,21,38,17,18,17,14,24,28,28,21,20,15,27,18,17,26,15,18,31,14,19,17,-20,13,15,12,4,8,-20,17,8,8,16,8,3,8,15,13,17,16,12,11,-20,-20,10,8,11,-20,9,7,12,8,9,14,14,13,18,13,16,19,23,21,13,11,20,8,5,-20,-20,8,5,4,-20,14,16,17,15,20,-20,16,16,15,22,17,9,21,23,13,12,12,15,13,42,12,21,40,12,14,19,13,12,16,10,15,16,5,15,6,13,9,11,8,22,3,9,11,18,10,15,10,9,8,-20,-20,7,8,12,5,16,10,13,11,-20,6,4,4,-20,5,5,-20,11,4,8,-20,4,10,7,11,-20,5,6,4,3,3,5,4,3,4,4,-20,9,5,-20,7,-20,5,4,5,6,8,4,3,-20,6,4,-20,4,8,-20,14,8,5,-20,-20,8,7,-20,-20,6,4,4,3,4,-20,-20,11,14,-20,7,7,15,-20,46,14,25,27,21,26,32,56,34,38,55,60,50,49,55,57,55
"chr1,17386867",5,13,11,9,8,9,8,13,-20,6,9,6,40,24,14,10,32,23,107,95,65,12,86,59,55,32,16,36,26,11,11,14,16,10,71,63,43,47,18,9,7,26,11,15,25,50,10,70,6,23,29,33,53,26,29,20,60,37,38,37,34,51,55,32,26,17,31,78,56,19,44,38,26,37,35,66,30,5,7,18,12,22,36,10,9,55,43,74,42,19,9,33,39,44,58,38,19,62,9,57,37,55,7,16,41,58,4,45,37,9,12,5,34,44,12,13,55,15,9,5,7,11,13,9,41,3,9,47,19,19,33,7,7,6,39,50,71,9,3,18,7,9,10,10,49,11,7,43,18,10,7,13,25,22,27,11,9,11,87,28,6,-20,7,8,9,15,6,8,11,12,88,43,43,23,6,34,18,18,22,117,26,12,31,9,24,7,11,28,16,19,21,27,-20,9,13,20,14,17,47,14,10,24,39,34,56,17,28,80,-20,33,53,-20,58,51,14,9,59,23,26,12,19,14,34,32,16,19,28,10,14,25,47,26,51,51,15,11,23,19,24,18,25,24,22,13,17,26,18,15,25,19,29,19,10,13,17,28,19,17,18,12,11,28,21,23,27,15,21,17,29,38,29,41,17,13,19,24,62,66,29,33,14,21,6,33,7,16,23,4,12,17,13,24,6,18,67,48,58,5,7,8,36,7,12,3,19,47,45,5,51,46,59,64,50,60,12,11,-20,9,17,130,22,33,24,19,15,22,-20,12,13,40,11,23,9,12,40,18,11,47,84,16,21,33,20,41,9,14,11,12,19,15,22,8,10,21,-20,15,9,21,31,12,17,22,18,12,7,28,18,5,8,14,12,12,6,65,10,19,16,44,14,25,20,12,15,21,13,20,31,17,-20,14,5,11,12,14,-20,21,-20,12,71,14,12,6,8,-20,28,10,16,13,16,13,18,9,11,27,14,9,10,8,7,12,11,13,16,15,15,22,10,10,29,33,24,15,91,30,12,10,8,14,6,7,14,19,7,8,14,8,23,15,26,12,72,19,11,6,17,7,15,21,13,8,5,16,28,14,15,12,4,4,23,16,5,8,16,12,16,11,13,20,52,40,18,-20,3,13,8,18,12,19,14,19,12,9,17,9,19,12,6,30,10,15,8,12,11,6,56,6,19,11,4,-20,21,29,2,20,57,59,49,61,19,30,46,-20,11,54,54,13,8,50,11,9,43,16,8,16,27,18,8,17,19,4,15,16,24,7,13,16,5,-20,5,18,29,23,16,14,22,10,22,-20,30,11,11,25,19,-20,-20,9,17,8,70,12,21,3,13,22,8,14,15,29,58,16,16,45,39,48,36,33,25,39,9,35,21,12,32,-20,7,18,18,17,15,17,8,32,14,28,20,37,7,55,12,11,11,16,21,-20,-20,3,-20,-20,8,6,7,31,31,13,62,33,44,47,47,31,28,27,34,53,17,32,44,29,28,23,67,39,25,9,23,29,84,23,8,15,25,32,37,30,15,31,31,26,36,74,7,21,16,65,36,40,26,32,6,27,12,18,6,19,6,9,12,25,5,16,8,8,13,12,16,13,20,6,9,15,20,11,7,7,13,17,13,-20,14,12,12,7,17,18,13,13,6,7,8,8,11,24,15,16,12,13,8,11,8,11,14,10,-20,11,15,13,14,16,11,11,9,13,16,19,23,13,14,10,11,22,17,-20,13,11,14,10,13,16,18,19,23,14,17,6,13,17,14,18,23,31,-20,5,9,11,15,21,15,14,10,23,4,18,8,14,17,9,18,4,4,12,13,9,-20,10,9,13,12,11,9,16,10,9,14,10,16,13,7,13,14,-20,14,6,10,7,9,6,8,12,12,14,17,9,25,11,12,9,10,12,9,11,17,8,14,18,14,19,9,24,19,17,17,19,9,11,9,8,7,8,15,11,9,15,17,17,17,27,18,13,21,13,19,19,9,11,14,16,12,14,-20,11,-20,8,23,9,15,4,9,6,11,11,32,8,19,15,7,14,7,8,10,16,9,4,6,4,12,12,8,19,14,11,5,-20,5,24,11,107,14,25,24,17,19,27,13,36,23,22,27,23,15,21,15,19,32,25,15,20,21,37,18,18,17,14,23,28,28,21,20,15,26,18,18,26,16,18,31,14,19,18,-20,13,15,12,4,8,3,17,8,8,16,8,3,8,15,13,17,16,11,11,-20,-20,10,8,10,-20,9,7,12,7,9,14,14,13,17,11,16,18,23,21,13,11,20,8,5,-20,-20,8,5,4,-20,14,16,18,15,20,10,16,16,15,22,17,9,22,21,13,12,12,16,13,40,12,21,40,12,14,18,13,12,16,9,15,17,5,15,6,12,9,11,8,22,3,9,10,17,10,15,10,9,8,-20,-20,7,8,12,5,16,10,13,10,-20,6,4,5,-20,4,5,-20,10,3,7,7,4,10,6,11,-20,5,-20,4,4,3,4,3,3,-20,5,2,10,5,-20,5,-20,4,5,6,5,7,6,3,-20,5,-20,-20,5,7,-20,13,8,5,15,-20,8,7,-20,-20,6,3,4,3,4,4,-20,11,14,-20,7,10,15,-20,45,14,23,27,21,27,32,55,34,40,55,55,53,43,55,54,55
"chr1,17386869",5,12,11,9,8,8,8,12,-20,6,9,6,37,26,15,10,31,-20,106,97,64,12,85,57,57,31,17,35,24,10,11,14,17,10,73,64,41,46,19,8,7,26,10,15,25,51,-20,73,6,22,29,33,55,27,31,20,57,37,40,37,32,51,54,33,27,18,31,77,56,21,40,41,26,36,34,65,30,5,8,18,11,23,34,10,9,52,43,73,42,18,9,31,38,44,57,35,15,61,9,59,35,55,6,14,42,61,4,49,36,8,12,5,31,44,11,13,56,15,9,5,6,11,13,9,41,3,9,46,18,19,32,7,7,6,41,51,70,9,3,18,7,9,9,10,50,11,7,38,17,10,7,13,26,21,26,13,9,11,79,28,6,-20,7,8,8,15,5,8,13,10,81,43,46,23,6,28,-20,17,24,117,24,12,33,8,25,8,11,26,16,18,22,27,-20,10,13,21,14,19,47,16,10,23,37,35,54,16,31,81,-20,34,50,-20,51,49,13,9,57,22,27,11,17,15,34,28,19,21,28,-20,14,23,51,27,51,50,15,11,23,19,25,19,26,25,21,12,17,26,19,16,26,19,28,18,9,12,17,29,19,19,17,14,11,26,22,25,26,15,21,17,29,38,28,41,17,13,19,24,60,71,28,32,12,17,6,34,8,17,21,4,11,17,13,23,5,20,68,54,-20,4,7,8,38,7,12,2,19,46,43,5,51,46,62,63,51,62,11,11,5,9,17,130,23,33,23,19,15,21,-20,8,13,39,11,23,9,12,43,15,11,46,83,16,22,34,20,40,8,11,10,12,17,14,21,8,10,20,-20,16,9,20,31,12,16,21,19,10,7,28,17,5,8,11,12,12,6,65,10,19,16,44,15,23,22,11,15,21,13,21,32,17,10,14,5,11,12,14,18,21,-20,12,71,14,12,6,8,-20,26,10,16,12,15,12,19,8,11,28,13,9,11,8,7,12,11,12,16,15,13,21,-20,10,29,33,24,17,88,28,13,10,8,14,4,7,15,19,7,8,13,10,21,14,26,13,74,19,10,6,16,7,14,20,13,8,5,16,28,14,17,12,4,4,23,17,5,7,17,12,16,12,13,19,49,38,18,-20,3,12,8,18,12,18,14,18,11,-20,17,9,19,12,6,31,10,17,7,12,11,7,55,6,19,12,4,-20,21,29,2,21,56,60,50,61,18,31,43,-20,11,54,53,12,6,50,11,9,42,14,8,15,26,18,8,17,18,4,16,16,27,7,14,16,4,5,4,16,31,25,16,13,22,11,21,-20,29,12,11,25,21,6,16,9,19,8,71,13,19,3,13,22,7,14,15,28,56,14,17,46,37,50,37,34,26,36,8,32,20,11,29,-20,7,17,19,16,15,15,7,32,13,26,18,36,6,51,12,12,-20,16,22,-20,-20,-20,-20,-20,8,6,7,31,35,14,59,34,42,50,44,33,28,27,33,53,-20,30,45,28,27,24,68,41,24,9,22,29,85,23,8,13,20,31,37,29,15,32,29,24,35,72,7,20,16,64,31,39,26,32,6,26,11,18,6,19,6,9,12,25,4,17,6,8,13,11,16,13,20,6,9,14,20,11,7,6,13,16,13,-20,13,12,11,7,15,17,13,12,6,7,7,7,8,22,12,15,12,13,8,11,8,11,11,10,-20,11,15,12,14,15,11,9,9,13,15,19,23,12,12,10,9,21,16,-20,12,10,14,10,13,16,17,18,23,11,17,6,13,15,13,18,23,27,-20,5,8,12,14,20,14,13,9,23,4,18,7,14,15,-20,18,3,3,11,13,8,-20,10,10,13,12,10,8,14,10,9,14,10,16,12,7,13,14,-20,13,6,10,7,9,6,8,12,12,14,16,8,25,9,11,9,8,12,9,11,17,7,12,18,12,17,9,21,-20,16,16,19,9,11,7,-20,7,8,15,10,8,15,16,16,16,25,17,12,20,13,-20,18,8,10,13,15,11,14,-20,11,-20,8,23,9,15,4,9,5,10,11,29,7,17,15,7,13,7,8,10,15,9,-20,-20,4,11,11,8,17,13,10,5,-20,5,24,11,106,14,24,24,18,18,27,13,36,22,21,26,22,15,18,15,17,32,24,15,20,18,36,17,18,17,14,23,25,28,20,18,14,24,18,17,26,17,17,30,13,18,16,-20,11,15,12,4,7,3,16,7,8,16,8,3,8,13,14,16,18,10,11,-20,-20,10,8,10,-20,9,6,11,7,8,14,12,13,15,11,16,16,23,20,13,10,20,8,5,-20,-20,6,5,4,-20,14,16,18,15,20,9,16,14,14,21,15,8,21,20,13,12,11,15,13,38,12,20,38,12,14,17,10,12,17,9,15,17,5,13,6,12,9,11,8,22,3,8,9,16,9,14,10,9,8,-20,-20,6,8,12,5,16,9,12,-20,10,7,4,5,-20,-20,-20,-20,11,3,7,5,4,11,5,11,-20,5,5,-20,4,2,4,4,3,3,-20,-20,9,4,-20,5,-20,4,5,5,5,7,5,3,-20,6,-20,-20,6,9,-20,11,8,5,-20,-20,7,6,-20,-20,7,5,4,-20,-20,4,-20,10,13,-20,6,8,15,-20,43,14,23,28,21,26,31,56,35,36,55,58,54,45,54,52,54
"chr1,17386870",5,12,11,9,8,8,8,12,-20,6,9,6,35,25,15,9,31,-20,107,96,65,12,85,58,57,30,17,36,22,10,11,13,17,10,72,63,41,46,19,8,7,26,11,14,25,51,-20,69,6,22,29,33,55,27,31,19,57,38,39,36,32,48,53,32,27,20,30,76,59,21,40,41,26,37,34,64,30,5,8,20,12,22,34,10,12,53,43,74,43,18,9,31,38,44,60,37,15,60,9,60,35,57,6,14,45,62,5,49,36,8,12,5,32,44,11,13,56,15,9,4,6,11,13,9,42,3,9,48,17,19,33,7,8,6,41,49,70,10,3,16,7,9,9,9,50,11,7,41,17,11,7,13,26,22,27,13,8,11,80,27,6,-20,7,9,8,14,6,8,13,10,77,42,47,23,6,30,15,17,24,117,25,12,33,7,25,8,10,26,14,18,22,26,-20,10,13,21,14,18,47,16,10,22,31,35,55,17,31,79,-20,33,50,-20,50,48,13,10,59,16,27,11,17,14,34,29,19,21,28,9,13,22,52,26,51,50,15,10,23,21,26,19,28,24,22,12,16,26,19,16,25,19,28,19,8,11,17,29,19,19,23,14,11,27,21,24,27,16,20,18,29,38,28,41,17,13,19,23,60,71,30,32,12,17,6,34,8,18,20,4,11,17,13,22,5,21,75,54,52,4,8,8,38,-20,11,2,19,46,44,5,52,47,61,66,51,61,11,11,5,9,17,133,22,32,24,19,15,21,-20,8,13,39,11,23,9,12,43,15,11,47,90,15,21,32,20,38,8,12,12,12,15,15,20,8,11,20,-20,16,9,21,31,11,16,21,19,10,7,28,18,5,9,11,12,12,6,65,10,20,16,43,15,24,22,11,16,22,13,21,33,17,10,13,5,11,12,14,18,21,-20,10,68,14,12,6,8,21,26,9,16,12,14,12,19,8,10,27,13,9,11,7,7,12,11,11,15,14,15,20,10,10,28,33,24,17,90,28,12,10,8,14,4,8,15,19,6,9,14,10,21,14,28,13,74,19,10,7,16,7,14,20,13,7,5,18,28,13,17,12,5,4,23,18,5,7,17,12,16,11,13,19,49,37,18,25,3,13,8,18,13,18,14,16,11,-20,16,9,19,12,6,31,11,17,6,13,10,7,55,5,18,12,5,-20,21,31,2,21,54,56,50,61,18,30,44,-20,11,55,53,12,7,48,11,9,41,14,8,15,24,15,8,17,18,4,16,16,27,8,14,17,-20,5,4,18,31,25,16,13,22,11,21,-20,30,11,11,27,21,6,16,9,18,8,70,13,21,3,13,22,7,15,15,28,58,15,17,45,38,50,36,33,26,35,8,32,20,11,29,-20,7,17,20,16,15,15,8,32,14,28,18,36,6,52,12,12,-20,16,22,-20,-20,-20,-20,-20,8,6,7,32,33,13,59,33,42,52,44,31,27,27,32,52,17,29,46,28,27,24,69,41,24,9,22,30,86,22,8,12,20,32,37,27,15,34,29,22,35,72,8,20,16,65,31,39,25,30,6,27,12,17,6,19,7,9,12,24,4,17,6,8,13,11,15,13,20,6,9,14,20,11,7,6,13,17,15,-20,13,12,11,7,16,18,14,12,6,7,7,7,9,23,13,16,10,-20,8,11,8,12,11,10,-20,11,15,12,13,15,11,9,9,13,16,19,25,12,12,10,9,19,17,-20,12,10,14,10,14,16,17,18,24,11,17,6,13,15,13,18,23,29,-20,5,8,13,14,20,14,13,9,23,4,18,7,15,16,9,18,4,3,11,13,-20,-20,10,10,13,12,10,8,14,10,9,14,10,16,12,7,13,14,-20,13,6,10,7,-20,7,8,12,12,14,16,8,25,9,12,9,8,12,9,11,18,7,12,18,12,17,9,21,20,16,16,19,9,11,7,8,7,8,15,10,8,15,16,17,16,25,17,13,21,13,18,18,8,10,13,15,11,14,10,11,-20,8,23,9,15,4,9,5,10,11,29,7,18,15,7,13,7,8,10,16,9,4,5,4,11,11,8,17,14,10,6,-20,5,22,11,108,15,23,25,18,18,26,14,38,23,22,27,23,15,18,15,17,31,25,16,20,18,35,18,19,17,14,24,25,29,20,18,14,24,19,17,26,17,17,30,15,18,17,-20,11,15,12,4,7,4,16,7,7,15,8,3,8,13,14,16,18,10,12,-20,-20,10,9,10,-20,9,6,10,7,8,14,12,13,15,11,16,17,23,20,14,10,20,8,5,-20,-20,6,4,5,-20,15,16,18,15,20,9,16,14,14,21,15,8,21,20,14,11,12,16,13,38,12,20,39,12,14,17,10,12,17,9,15,18,5,13,6,12,9,11,8,22,3,8,9,16,9,14,10,9,8,-20,-20,6,8,12,5,16,9,12,9,11,5,4,5,-20,-20,3,-20,9,3,7,6,4,11,5,11,-20,5,5,3,4,3,5,3,3,3,5,-20,9,3,-20,6,4,4,5,5,6,7,5,3,3,6,-20,-20,6,-20,6,12,8,5,13,10,9,6,-20,6,7,5,4,4,3,4,-20,10,14,-20,7,-20,15,-20,44,14,23,28,21,27,31,58,36,36,55,59,54,45,55,54,53
"chr1,17386873",5,11,11,9,8,6,11,13,-20,6,8,6,35,27,16,10,31,24,107,93,66,13,82,59,57,31,17,35,22,9,10,11,16,11,74,63,43,47,21,9,7,26,11,11,24,49,9,71,5,19,29,35,54,26,30,20,58,39,39,38,30,47,57,28,26,21,30,77,59,21,40,41,26,39,32,65,32,4,10,21,13,21,31,10,12,52,42,76,42,18,10,31,38,46,58,37,16,59,9,57,36,57,6,16,45,61,5,49,34,8,13,3,31,45,11,13,54,16,8,4,6,13,14,9,45,3,9,48,17,18,33,7,9,6,45,50,74,10,3,18,8,9,10,9,49,10,7,40,17,10,7,13,23,22,25,13,9,10,79,29,5,-20,7,9,8,14,6,8,13,9,73,42,40,22,4,32,16,17,25,116,24,11,30,-20,28,8,11,25,13,18,23,-20,-20,10,11,21,12,17,44,15,5,22,31,34,53,18,35,78,-20,35,50,-20,48,41,13,11,58,16,26,11,18,14,33,31,19,23,26,8,14,24,52,25,53,46,16,11,20,21,27,17,26,22,20,12,17,28,20,17,18,17,28,20,8,10,19,26,19,19,24,13,11,27,19,25,27,15,20,15,27,38,27,38,17,12,20,23,56,68,31,30,11,17,5,34,6,17,19,4,11,19,12,23,5,18,72,52,54,4,8,8,38,-20,11,3,19,46,43,5,52,46,61,64,51,62,11,10,5,10,17,128,20,32,23,-20,12,21,-20,8,13,37,11,24,9,11,45,16,11,46,88,14,21,34,20,32,7,13,13,13,17,15,19,9,11,21,-20,18,8,21,29,9,16,23,20,10,7,28,18,6,10,11,15,11,6,68,10,21,15,47,15,25,22,11,15,24,15,22,30,18,10,15,4,10,12,15,18,21,-20,-20,71,14,12,6,9,24,26,10,17,12,13,11,19,8,10,26,13,9,11,-20,7,12,11,10,16,12,13,18,8,11,29,33,25,16,89,29,12,10,8,14,6,8,16,21,6,8,12,10,20,15,29,13,74,19,10,8,17,7,16,20,11,7,5,20,29,13,19,13,5,3,24,18,6,7,14,13,16,11,13,19,55,36,18,27,3,13,8,19,13,18,15,15,11,8,17,9,19,13,6,31,11,16,6,13,11,6,52,6,18,11,4,-20,22,32,2,21,56,58,51,62,17,30,42,-20,10,57,53,13,8,49,10,7,40,12,8,15,26,14,9,17,18,4,17,15,27,8,15,17,3,6,4,18,29,23,13,13,21,11,18,-20,28,11,10,25,21,6,15,9,16,8,69,11,22,3,13,23,7,15,15,29,57,14,18,43,38,51,36,37,25,33,8,34,20,13,29,-20,7,17,20,17,15,16,8,33,15,29,20,35,6,55,15,15,12,15,21,-20,-20,-20,-20,-20,8,6,8,32,27,14,61,33,42,50,45,31,27,26,32,48,17,26,45,28,22,22,66,41,25,7,19,29,86,22,8,11,19,30,37,28,17,35,29,23,36,70,7,17,17,61,27,39,24,26,5,29,14,17,6,21,7,11,13,24,3,17,7,9,13,11,16,13,18,6,11,14,19,11,8,6,13,17,16,-20,13,12,10,7,16,18,13,13,7,7,7,8,10,22,14,18,11,13,8,11,8,12,11,11,-20,11,15,13,14,17,10,9,9,14,17,17,25,12,13,8,10,19,17,-20,13,11,15,13,13,16,16,18,24,11,18,6,15,15,14,18,23,30,-20,5,8,13,13,19,14,15,9,23,4,19,7,15,17,9,18,5,3,10,15,8,-20,11,11,13,13,12,8,13,10,10,16,10,16,13,-20,13,14,-20,13,6,9,6,9,10,8,13,12,13,17,9,24,10,14,9,8,15,9,11,17,7,12,18,13,18,8,21,21,16,16,18,9,10,7,8,8,8,15,10,8,17,16,18,16,23,15,13,21,12,18,20,9,10,14,14,11,14,10,11,-20,8,23,10,15,5,9,5,11,11,29,7,19,16,7,14,8,8,10,16,9,4,6,5,10,11,8,19,14,11,6,-20,4,23,11,112,15,26,25,20,19,25,15,38,24,22,27,25,14,18,15,20,32,26,17,20,18,37,20,18,16,14,23,26,32,20,21,13,24,19,16,28,18,17,29,17,19,18,-20,11,14,11,5,7,4,16,7,8,16,10,3,8,13,15,16,18,10,12,-20,-20,11,8,9,-20,-20,6,11,7,8,14,12,15,15,12,15,17,23,19,14,11,21,8,5,-20,-20,6,4,4,-20,14,16,16,13,20,10,18,14,13,23,14,9,21,19,14,-20,13,16,12,38,12,20,34,12,14,18,8,12,17,11,15,19,5,13,-20,11,9,10,9,23,3,8,9,13,8,14,10,8,8,-20,-20,5,9,12,5,14,9,12,8,9,7,4,5,-20,-20,-20,-20,11,3,5,8,6,7,4,9,-20,6,4,4,5,5,3,5,4,-20,4,3,7,3,-20,6,-20,5,5,4,7,-20,-20,4,4,6,-20,-20,7,5,6,14,7,5,14,9,11,6,-20,7,8,7,4,5,6,3,-20,10,11,-20,7,6,15,-20,44,14,24,28,21,28,31,62,36,36,19,59,54,45,56,55,56
"chr1,17386877",5,12,12,8,6,6,14,10,-20,5,9,-20,34,27,15,9,30,24,108,96,67,13,76,61,59,30,18,34,21,9,9,12,17,12,75,65,43,41,20,9,6,30,10,10,22,50,-20,67,-20,20,31,36,51,27,31,22,62,40,37,40,30,48,51,26,27,21,29,73,58,23,37,42,26,38,30,65,33,4,11,21,13,20,30,10,12,55,44,75,40,18,10,32,37,47,55,39,17,59,9,56,35,56,6,16,47,59,5,49,32,8,13,-20,31,44,11,12,54,16,10,4,6,16,12,8,45,-20,11,46,18,15,33,7,9,5,42,53,75,9,3,19,8,10,12,8,47,10,7,36,16,11,8,12,20,26,23,13,8,18,82,28,7,-20,7,9,8,14,8,8,14,9,72,39,37,18,4,30,16,18,24,95,24,11,27,7,24,8,10,24,12,12,17,27,-20,11,11,18,9,18,49,15,5,20,31,33,50,19,34,75,-20,35,56,-20,48,36,13,12,60,14,26,11,18,15,32,31,20,23,26,8,-20,27,53,23,53,44,16,14,18,21,28,18,26,22,17,12,16,27,19,18,18,17,25,20,7,10,20,27,20,19,26,14,13,26,19,25,24,17,19,16,28,39,27,39,17,11,23,33,60,67,29,27,10,18,5,34,6,18,20,5,10,18,12,23,5,16,72,45,53,6,8,9,37,10,11,3,19,48,40,9,47,49,61,63,51,64,10,12,5,11,17,131,20,32,22,20,12,20,-20,7,12,37,11,23,9,8,44,15,11,45,88,15,19,34,19,32,6,13,13,13,17,16,17,8,11,20,-20,15,8,21,30,9,17,23,22,10,6,28,16,6,10,12,14,11,6,63,10,21,15,46,14,25,22,12,16,21,19,23,30,19,10,16,4,11,11,15,18,21,4,10,71,15,12,5,9,22,27,10,15,13,13,9,17,9,10,25,11,-20,11,7,-20,11,11,10,16,12,14,20,8,11,27,33,26,15,90,27,12,9,8,14,6,9,17,19,6,8,14,10,20,16,27,12,73,23,11,7,16,6,18,21,10,5,5,19,31,13,19,12,4,3,24,16,6,7,15,15,16,11,11,19,57,37,18,29,3,13,8,19,13,18,14,14,11,8,17,11,18,14,6,32,12,16,8,14,11,5,52,7,19,10,4,-20,22,34,2,20,54,59,53,60,18,28,41,3,10,55,52,14,9,47,9,5,41,12,7,16,27,14,10,17,17,4,17,17,27,8,15,18,-20,6,4,17,29,22,14,13,20,11,18,-20,25,12,10,26,23,6,14,9,17,8,69,12,23,3,11,22,7,14,15,26,59,14,17,43,39,49,36,38,30,34,7,33,22,14,29,-20,6,19,19,19,16,16,7,38,13,32,21,33,10,57,16,16,11,16,21,-20,-20,-20,-20,-20,8,8,10,30,24,14,58,32,46,49,43,32,26,26,33,47,15,25,43,28,23,21,68,38,22,6,20,30,81,20,9,8,20,27,33,27,17,31,30,24,36,55,7,18,17,58,27,39,24,26,4,32,13,20,6,19,7,11,14,29,4,19,7,8,13,11,17,12,14,6,11,14,21,11,9,6,14,20,16,-20,14,11,10,8,19,18,14,14,7,7,9,8,11,25,15,16,11,16,7,10,8,13,12,13,-20,12,15,13,14,18,13,8,9,18,19,16,25,13,17,7,11,22,17,-20,12,13,17,13,12,17,15,18,27,13,17,8,14,17,17,18,25,31,-20,4,10,14,12,20,15,15,9,24,4,18,8,13,18,10,19,7,3,11,16,10,-20,9,13,16,14,15,9,15,11,11,17,12,-20,16,7,12,16,-20,13,6,10,6,-20,10,8,13,13,14,17,9,23,14,16,8,8,20,9,11,17,7,12,19,15,19,7,21,22,18,17,20,10,10,-20,7,8,10,15,12,7,23,14,17,16,23,16,13,25,13,20,21,10,11,16,14,12,16,10,11,3,7,23,11,17,5,9,6,13,11,28,9,21,15,9,15,10,8,11,14,10,5,-20,5,12,12,8,20,16,12,6,-20,3,22,10,108,15,24,25,20,19,30,18,41,24,23,27,31,14,18,14,20,35,26,18,21,16,39,23,19,17,13,23,26,34,19,27,16,25,19,15,28,20,19,33,18,17,17,-20,10,15,13,8,7,4,16,6,10,15,12,3,10,13,14,13,21,10,12,-20,-20,11,9,10,-20,9,7,14,7,9,15,12,17,15,13,15,16,25,21,16,10,21,8,-20,-20,-20,5,4,4,-20,13,16,19,14,20,10,16,12,14,23,16,9,21,21,16,10,12,15,12,42,12,19,33,12,13,17,8,12,16,11,17,21,3,14,7,12,9,10,11,23,3,8,9,10,7,12,7,8,8,-20,6,6,-20,13,-20,14,10,12,8,10,9,3,6,-20,-20,-20,-20,12,-20,6,8,6,10,5,9,-20,8,5,4,5,5,4,4,4,-20,5,2,9,4,-20,3,-20,4,5,4,6,7,-20,4,6,5,-20,4,7,6,6,14,7,-20,14,10,8,6,4,8,8,6,4,6,5,-20,-20,9,10,-20,8,6,14,-20,43,14,26,32,18,26,30,67,36,36,19,60,53,47,56,55,55
"chr1,17386888",4,11,7,6,-20,8,13,5,-20,-20,7,9,36,27,13,9,31,20,106,94,60,15,66,58,61,36,15,34,22,9,9,14,16,11,69,66,41,40,21,8,7,30,9,8,18,49,8,59,5,19,29,35,47,28,37,20,62,37,35,43,33,45,47,30,24,23,27,65,64,23,35,43,18,35,28,64,29,4,10,20,13,16,30,7,11,52,42,74,41,14,11,28,33,49,54,36,15,60,6,50,34,50,6,13,42,56,-20,51,33,8,13,-20,28,40,11,10,55,16,-20,3,6,14,13,5,43,-20,8,37,17,14,30,-20,8,4,40,52,78,8,2,17,8,9,11,4,50,8,7,37,12,13,9,15,21,25,17,11,-20,21,70,28,7,-20,7,10,6,11,-20,7,15,10,69,43,41,16,4,26,15,17,20,87,18,11,23,8,21,7,8,23,11,6,16,20,-20,11,13,20,4,18,53,13,3,19,32,32,40,25,31,74,-20,37,47,-20,46,33,13,13,53,12,25,12,17,15,30,31,21,29,19,7,14,24,48,21,54,49,16,20,17,20,25,17,24,22,15,9,16,26,17,16,17,13,22,25,-20,13,21,20,22,16,22,15,15,24,20,20,-20,15,20,12,31,37,27,42,16,-20,20,38,57,60,28,23,10,18,5,34,4,18,19,3,10,17,12,26,6,18,81,38,48,5,9,7,36,10,11,3,16,54,39,9,46,49,57,57,50,65,10,11,4,10,17,124,18,27,25,19,12,17,-20,9,13,39,11,21,8,8,41,16,13,42,76,12,18,27,20,29,5,13,10,13,18,16,17,8,-20,22,-20,16,7,22,31,10,16,22,22,9,7,26,15,5,9,10,14,11,5,54,9,20,17,44,15,20,20,10,15,21,21,20,28,15,10,17,-20,9,11,15,16,18,4,10,67,14,8,6,9,-20,26,12,12,12,10,9,18,9,9,25,10,9,12,6,8,10,11,11,18,10,12,20,11,8,26,29,24,14,84,28,14,10,8,13,5,11,17,20,4,8,14,9,18,15,24,11,58,22,11,5,14,7,15,22,11,7,5,20,28,13,15,13,4,3,23,17,6,8,12,12,12,11,9,16,52,33,17,26,3,13,9,19,11,18,14,11,9,9,21,11,14,13,4,29,13,13,7,15,10,5,51,6,21,9,-20,-20,22,32,3,18,50,61,54,55,13,35,40,4,6,49,50,12,11,46,8,5,37,10,-20,-20,26,12,9,12,18,2,16,19,30,12,14,-20,2,6,3,16,27,18,16,12,17,11,18,-20,19,12,12,29,25,8,18,9,16,6,65,11,20,4,9,23,7,15,13,30,51,11,20,40,38,46,35,38,31,32,7,24,20,11,22,-20,5,19,13,16,16,16,5,32,15,31,18,30,9,49,15,14,9,14,17,-20,-20,-20,-20,-20,8,7,10,28,23,14,59,32,47,51,40,32,25,29,27,44,13,18,42,26,27,18,60,35,18,7,22,33,73,21,10,6,18,29,35,23,16,27,29,21,34,56,5,18,17,34,18,36,19,24,-20,31,12,20,6,23,6,10,13,24,-20,13,6,7,11,-20,17,13,14,5,10,13,17,7,7,6,12,17,15,-20,11,11,11,7,20,12,13,12,5,8,10,7,9,23,15,13,10,14,7,10,7,11,11,10,-20,13,15,-20,11,14,12,8,8,14,19,11,24,12,13,7,9,22,15,3,11,8,12,13,12,16,13,19,29,12,16,7,15,14,19,14,24,29,-20,3,9,11,9,19,12,14,9,27,4,17,6,12,16,11,17,7,3,9,14,10,-20,5,14,13,11,16,8,15,5,8,14,12,15,14,7,8,12,-20,13,4,10,5,8,9,6,10,14,13,15,9,20,12,12,7,9,18,9,10,8,5,14,17,11,15,6,16,22,15,17,20,7,10,5,6,5,11,16,13,7,18,15,14,15,19,16,12,24,8,20,22,8,10,14,13,11,15,11,9,4,7,19,12,13,5,8,4,12,8,25,8,19,13,-20,14,10,7,14,10,8,6,7,6,11,12,6,16,16,10,5,-20,6,18,10,97,15,22,22,17,13,29,17,37,25,21,25,28,15,17,13,19,27,24,17,17,13,36,21,20,16,9,17,25,33,18,30,14,21,18,14,25,15,18,32,18,17,15,3,11,13,11,7,5,-20,13,5,10,11,12,3,10,12,11,11,19,8,11,-20,-20,9,8,10,-20,9,8,11,7,8,10,10,15,12,11,12,16,26,18,15,9,17,6,5,-20,2,-20,3,-20,-20,11,13,16,11,20,11,16,11,11,23,19,-20,19,18,18,9,11,16,9,37,11,19,27,10,10,16,8,11,15,12,15,13,3,13,7,10,9,8,11,21,-20,6,10,9,7,10,7,7,8,-20,4,6,7,14,4,16,10,8,7,12,7,3,6,-20,-20,-20,-20,-20,4,4,5,5,-20,4,4,4,8,3,2,-20,4,6,3,-20,-20,-20,-20,6,4,-20,3,3,3,-20,3,4,4,4,-20,5,4,-20,4,7,6,6,13,6,-20,-20,-20,5,6,4,6,7,6,5,7,5,-20,-20,-20,10,3,8,6,14,-20,39,12,27,32,15,26,28,63,32,25,-20,43,49,44,57,54,49
"chr1,17386889",3,11,8,6,4,8,13,-20,-20,-20,7,9,36,27,13,9,31,20,105,95,58,15,67,56,62,36,15,33,22,9,9,14,15,10,70,67,42,41,21,8,7,31,9,8,18,49,10,62,5,17,29,35,47,27,36,20,60,35,35,42,33,44,46,30,25,23,28,66,65,23,34,44,18,35,29,63,29,4,11,19,13,17,30,7,11,51,40,71,41,14,11,28,33,49,54,36,18,59,6,46,34,49,6,13,45,54,-20,51,33,7,13,-20,29,40,9,10,55,16,8,3,6,13,12,5,43,-20,8,39,17,14,30,-20,8,4,42,51,79,8,2,17,7,-20,10,3,52,8,5,37,12,13,9,15,21,24,16,11,9,25,70,27,7,-20,7,10,6,10,-20,7,15,9,69,43,41,17,4,25,15,17,20,86,18,12,23,-20,21,7,-20,23,11,6,15,22,-20,11,13,19,4,18,53,13,3,19,35,33,40,24,32,77,-20,36,47,-20,45,34,12,14,53,10,22,11,18,15,27,30,20,29,19,7,14,23,48,22,55,49,15,20,15,18,23,16,25,21,17,9,16,26,15,17,17,13,21,27,8,14,20,19,21,15,23,14,15,24,19,21,-20,15,21,12,31,37,27,42,15,8,20,38,54,60,28,24,10,18,5,33,4,18,19,4,10,17,12,26,6,18,78,41,47,5,8,7,36,10,9,3,16,54,39,9,47,50,58,58,52,65,10,12,-20,10,17,122,18,27,23,19,12,17,-20,8,12,39,10,22,8,9,42,16,13,44,75,12,17,26,20,29,4,13,10,13,17,16,17,8,9,22,-20,16,7,22,30,10,16,23,23,9,6,24,15,4,9,10,14,11,5,55,9,19,16,47,15,21,21,11,15,21,21,19,28,14,11,17,-20,-20,9,15,16,18,3,10,66,12,8,5,9,-20,26,12,11,14,10,9,18,9,9,25,10,9,12,6,8,10,11,11,17,10,12,20,11,7,25,29,24,14,87,28,14,10,8,12,5,11,17,21,4,8,14,9,13,15,24,11,57,23,10,5,14,8,16,22,11,7,5,21,28,13,14,13,4,3,23,17,6,9,12,12,12,11,9,16,54,33,17,26,4,13,8,19,11,16,14,12,8,9,21,11,14,13,4,29,13,13,7,15,10,5,52,5,21,8,-20,-20,22,32,4,18,51,56,54,55,13,36,40,4,6,48,50,12,13,45,8,5,39,10,-20,15,26,12,9,12,19,2,16,19,30,12,14,18,2,6,3,16,26,18,15,12,18,11,17,-20,17,12,12,29,27,8,17,9,16,6,64,11,20,4,-20,24,7,14,14,29,51,-20,19,40,40,46,35,38,27,32,7,24,20,11,22,-20,6,16,12,15,15,15,5,30,15,31,17,30,9,49,15,14,9,14,17,-20,-20,-20,-20,-20,8,7,10,27,22,14,61,31,47,49,38,33,25,29,27,43,13,18,41,26,28,18,59,33,18,7,22,33,70,21,10,6,18,29,34,23,16,28,30,22,33,56,-20,19,17,34,19,36,20,24,-20,30,10,20,6,23,6,10,13,23,-20,13,6,7,11,9,17,14,13,5,10,10,17,7,7,6,11,17,13,-20,11,10,11,-20,20,12,12,13,5,8,9,7,8,23,14,14,10,14,7,10,7,11,11,10,-20,13,14,10,10,15,11,8,8,14,19,10,23,12,13,7,9,21,15,3,11,8,13,13,12,16,13,19,29,13,17,7,15,14,19,13,23,28,-20,3,9,11,9,18,12,14,9,26,4,16,6,12,15,11,16,7,3,9,14,10,-20,5,14,13,11,15,8,14,5,8,14,12,14,14,7,8,14,-20,13,4,10,4,9,9,6,10,14,13,15,9,20,12,11,7,9,18,9,10,8,5,14,16,10,15,6,16,22,15,15,19,7,10,5,6,5,11,15,13,7,18,14,14,15,21,16,11,24,8,19,22,8,10,13,13,12,14,10,9,4,7,18,11,13,5,8,3,12,8,25,7,17,13,7,14,10,7,14,10,8,6,7,7,11,11,6,15,16,9,5,-20,6,18,10,98,15,21,22,17,14,28,18,37,26,21,24,27,14,16,12,18,27,24,16,17,12,38,21,19,16,9,17,24,33,18,30,14,21,17,14,24,16,16,32,19,17,15,3,11,13,10,-20,5,-20,13,4,10,11,12,3,10,12,11,11,18,8,11,-20,-20,8,8,10,-20,9,8,10,7,8,11,10,14,12,11,12,16,25,18,15,-20,17,6,5,-20,2,-20,3,-20,-20,10,14,16,11,20,11,15,11,10,22,18,-20,18,18,17,9,11,15,8,36,11,19,26,9,9,16,8,11,15,12,15,13,3,13,7,9,9,8,10,21,-20,6,11,9,7,10,7,7,8,-20,4,6,7,14,4,16,10,8,6,-20,7,3,-20,-20,-20,-20,-20,6,4,4,6,4,-20,5,3,4,9,3,-20,4,4,7,-20,-20,-20,-20,-20,5,3,-20,-20,3,-20,-20,-20,6,6,5,-20,5,4,-20,4,7,8,5,13,7,-20,-20,-20,7,6,4,6,7,8,5,7,5,-20,-20,7,9,3,7,6,6,-20,38,12,27,33,15,26,27,63,31,25,-20,42,48,44,57,54,50
"chr1,17386898",-20,12,9,6,7,6,13,4,-20,-20,-20,9,34,26,14,10,33,19,103,93,58,16,64,59,59,33,14,31,18,9,7,13,14,13,65,64,41,43,24,7,8,28,15,10,15,43,6,-20,-20,17,21,31,49,26,33,21,60,36,38,44,30,40,46,30,25,22,32,64,64,23,37,45,18,36,25,62,30,4,15,18,13,18,25,8,13,49,39,68,40,13,12,28,40,46,50,33,19,59,7,47,29,49,6,15,43,55,3,50,33,10,14,-20,27,42,8,11,53,18,11,5,8,13,14,4,38,-20,8,34,19,12,29,-20,11,4,41,47,75,8,2,16,6,13,14,3,46,9,7,34,15,13,12,11,22,25,14,10,7,20,50,28,10,-20,7,10,6,11,9,5,14,8,57,43,41,15,5,23,10,14,22,71,17,11,20,9,29,-20,-20,-20,8,6,16,21,-20,12,11,18,4,15,54,12,5,17,38,28,33,27,34,67,-20,38,41,-20,45,30,12,14,47,8,21,12,15,16,20,27,19,28,17,7,16,24,49,22,52,39,16,20,15,18,22,15,26,23,16,8,13,21,16,21,25,13,18,27,9,19,18,19,22,16,25,15,14,26,16,25,-20,17,19,12,34,33,24,39,12,5,21,31,55,38,30,27,9,15,-20,29,4,17,18,3,10,17,8,24,6,15,72,34,46,-20,9,-20,-20,10,8,5,13,48,38,9,44,48,59,53,51,61,8,9,5,10,14,112,16,24,24,16,10,16,-20,8,12,37,9,20,6,9,42,14,12,44,73,12,14,28,19,25,4,15,10,11,15,14,14,7,11,18,-20,17,6,22,25,10,15,20,24,7,6,24,14,3,9,10,13,-20,3,57,7,20,16,41,14,19,19,-20,10,18,21,17,25,15,11,19,-20,-20,8,12,14,15,4,6,62,13,5,4,9,-20,22,14,8,15,11,10,18,7,8,24,8,13,9,5,8,7,11,9,17,7,9,26,9,7,25,30,22,12,86,27,14,12,6,12,7,11,12,22,4,7,12,7,-20,13,25,10,54,22,12,5,13,9,19,22,9,7,5,20,23,12,15,12,5,3,23,14,4,10,8,12,12,10,11,11,59,32,17,19,4,10,6,17,10,-20,9,13,8,8,18,10,14,11,4,32,13,11,5,14,9,4,51,5,17,5,-20,-20,20,34,3,15,48,56,54,58,14,36,38,4,7,55,49,13,14,47,4,5,39,10,-20,17,25,10,10,11,17,2,18,21,32,15,15,20,2,9,4,18,19,11,15,9,15,11,15,-20,20,10,11,27,26,8,16,9,16,5,55,11,20,4,10,19,5,13,12,27,50,-20,19,38,44,45,30,37,28,34,10,24,20,13,23,-20,6,17,13,16,20,13,5,35,17,34,20,30,10,55,16,16,10,16,20,-20,-20,-20,-20,-20,8,9,9,31,22,15,57,30,46,51,37,30,20,26,25,44,13,-20,-20,26,23,16,59,34,19,5,24,31,49,14,8,7,19,30,36,21,17,30,35,22,30,51,-20,18,16,-20,21,31,26,22,-20,32,9,16,7,27,6,9,15,21,-20,15,7,6,10,11,20,16,16,5,9,9,16,9,9,7,15,17,12,-20,13,11,8,9,18,13,10,15,6,9,9,8,11,15,14,15,8,14,7,11,10,13,11,12,-20,14,21,11,16,13,13,10,8,14,19,12,25,12,13,6,11,22,14,5,14,9,16,11,11,15,14,18,27,15,17,9,15,15,18,12,22,29,-20,4,10,10,11,17,11,15,11,27,4,15,7,14,15,-20,15,8,3,10,16,7,-20,9,12,-20,9,16,8,14,12,8,16,11,12,14,5,8,14,-20,16,5,10,6,11,9,6,10,18,15,14,9,18,15,10,7,9,21,10,12,12,4,14,15,9,16,7,17,20,20,16,20,11,13,7,7,8,10,13,12,6,20,11,13,18,27,20,11,22,10,21,24,9,11,14,14,10,14,10,12,11,7,17,10,12,6,9,3,13,9,26,8,20,12,7,13,10,7,16,11,14,7,7,7,11,14,6,17,21,10,5,-20,-20,14,11,94,14,23,25,18,17,30,21,37,28,23,25,27,17,18,13,24,27,25,17,21,19,45,21,20,17,13,20,23,32,18,30,14,28,17,16,26,17,17,26,19,18,15,4,13,15,12,-20,5,5,12,5,12,11,12,3,11,11,11,11,20,8,13,-20,-20,8,6,11,-20,11,7,13,7,9,11,9,12,10,15,12,17,27,17,15,9,16,7,4,-20,2,-20,-20,5,-20,11,16,20,11,15,10,17,10,10,15,18,10,16,22,17,9,13,14,9,36,10,17,30,12,11,17,10,13,13,15,17,14,4,11,9,9,10,7,9,21,6,6,13,11,8,11,-20,8,7,-20,8,5,7,17,5,16,6,11,8,-20,6,2,-20,-20,-20,-20,4,-20,5,4,-20,4,-20,-20,3,2,7,6,-20,-20,-20,-20,6,-20,-20,-20,-20,5,-20,-20,4,-20,4,-20,-20,5,4,9,-20,5,5,-20,4,5,-20,3,11,6,-20,-20,-20,-20,4,3,3,-20,8,-20,6,6,-20,-20,4,-20,-20,-20,8,-20,-20,33,13,24,34,17,26,24,61,22,36,-20,38,47,44,55,47,59
"chr1,17386912",-20,9,8,3,7,5,16,-20,-20,-20,10,9,35,27,14,7,29,17,93,86,58,16,48,63,56,30,16,26,15,6,7,-20,12,14,69,60,38,37,20,7,8,-20,14,18,6,43,6,-20,-20,18,20,32,50,24,-20,19,59,31,37,40,31,39,42,31,26,21,30,61,64,27,33,43,27,40,29,66,25,3,14,18,13,20,21,8,12,43,41,64,42,12,12,29,36,45,47,32,19,57,5,45,33,45,7,17,39,58,-20,44,30,8,16,6,22,43,11,11,48,12,13,5,7,13,13,3,31,-20,6,37,22,9,31,-20,9,2,37,47,73,6,-20,16,4,12,13,-20,49,6,-20,26,15,8,12,9,14,20,-20,10,6,25,45,21,12,3,6,8,4,8,7,3,10,5,45,39,34,15,5,18,11,9,21,-20,18,10,23,10,26,5,11,3,-20,5,9,22,2,8,10,16,5,14,50,9,9,18,36,20,31,24,32,-20,-20,-20,32,-20,35,17,9,14,41,7,13,-20,14,14,20,27,20,25,13,5,-20,22,51,-20,53,39,11,18,11,19,17,15,23,21,14,11,13,26,15,20,21,-20,14,25,-20,18,19,17,19,15,22,9,14,24,17,24,-20,17,-20,13,28,27,21,40,11,-20,19,28,47,37,26,20,9,14,8,34,4,15,13,3,10,13,8,26,6,16,74,33,49,4,7,10,-20,10,9,4,11,51,40,9,43,49,59,52,51,56,-20,9,5,7,12,109,14,24,20,16,6,15,-20,5,7,46,11,22,6,10,38,11,14,41,70,10,15,23,19,14,8,16,8,7,14,12,10,8,11,15,-20,15,4,18,24,5,13,23,26,6,7,18,12,4,11,11,-20,10,4,61,7,21,14,46,14,21,20,10,11,16,20,22,26,22,12,20,-20,-20,9,12,-20,13,5,5,71,14,5,4,7,25,20,13,7,16,11,10,17,7,9,24,6,10,-20,5,7,5,11,8,15,6,9,30,15,9,21,27,23,11,95,27,13,16,4,13,9,11,11,25,-20,9,12,8,8,10,26,12,44,18,9,8,12,9,19,21,9,6,7,14,22,10,15,10,4,3,24,14,5,10,9,12,13,10,8,9,58,30,22,20,5,-20,5,12,10,14,7,11,8,5,17,10,15,15,5,29,12,10,5,14,10,7,62,7,20,4,5,-20,20,35,3,17,44,56,53,57,16,38,37,3,13,56,45,12,13,50,-20,3,-20,11,-20,17,27,9,-20,10,15,4,-20,16,33,14,16,20,4,5,4,16,18,11,14,10,13,9,14,-20,7,10,10,-20,22,9,14,6,17,5,62,9,18,3,11,18,4,13,11,28,51,-20,19,48,44,45,25,35,25,30,14,22,21,16,22,-20,8,16,15,14,19,16,7,35,14,33,22,34,12,58,17,14,12,13,21,-20,-20,-20,-20,-20,7,9,8,26,27,-20,59,-20,45,49,29,-20,-20,25,21,43,4,3,-20,23,22,19,62,-20,19,5,21,25,53,12,8,5,15,25,34,18,17,31,36,-20,23,41,-20,20,14,3,23,29,22,21,10,25,12,15,6,24,4,7,16,16,7,15,5,3,7,11,20,16,18,5,9,8,15,-20,9,-20,16,18,12,-20,12,11,-20,12,18,13,6,15,5,9,9,7,10,11,20,15,8,14,7,13,6,11,11,14,-20,10,21,13,18,14,12,11,8,12,22,12,23,13,12,6,10,21,10,6,11,7,13,12,10,15,10,19,32,12,17,11,14,14,13,11,20,27,-20,3,8,11,11,12,9,14,10,29,4,12,7,11,10,17,11,11,4,11,14,8,-20,8,12,13,5,14,7,11,12,7,15,9,9,13,6,9,14,-20,17,4,6,7,11,10,4,7,18,14,11,12,12,14,9,5,11,19,10,12,16,6,13,13,9,16,10,21,21,22,16,17,11,13,8,8,8,9,12,12,5,18,8,11,16,20,19,11,20,9,20,20,11,12,14,10,8,13,17,12,12,6,13,9,11,5,6,4,11,10,26,11,21,15,7,9,9,8,15,12,17,8,6,7,14,13,5,18,22,15,4,-20,7,17,11,78,12,23,21,15,16,25,24,35,25,19,19,24,15,16,10,23,26,29,12,19,20,41,22,22,14,11,16,19,34,9,29,14,30,15,14,22,22,13,29,17,14,18,6,11,12,10,-20,4,5,7,3,8,7,10,-20,10,12,9,9,20,9,11,-20,3,7,6,14,-20,9,6,14,7,10,7,9,13,9,12,9,16,25,12,11,6,14,5,2,-20,2,-20,-20,4,-20,13,14,15,5,10,8,17,-20,8,21,16,10,14,20,13,7,11,12,9,34,10,16,27,11,10,16,11,10,12,16,17,12,-20,11,11,6,9,-20,9,21,-20,8,11,11,12,9,6,7,9,-20,9,9,6,18,5,13,9,13,-20,5,-20,-20,-20,-20,-20,5,-20,6,3,-20,-20,4,-20,-20,4,-20,-20,4,-20,-20,3,-20,-20,-20,-20,6,-20,-20,8,-20,7,-20,-20,-20,4,6,3,13,5,5,5,4,4,4,-20,-20,5,6,-20,-20,10,3,3,5,4,3,5,4,5,5,-20,-20,-20,4,-20,7,7,-20,8,28,12,23,34,17,27,17,50,27,43,30,25,52,48,49,39,57
"chr1,17386913",-20,8,8,3,7,5,16,-20,-20,-20,10,10,36,27,14,7,28,16,92,87,57,16,47,63,56,30,17,25,15,7,7,9,12,14,67,61,39,36,20,7,8,31,15,18,7,43,6,60,-20,18,19,32,51,26,35,19,58,33,37,41,32,39,40,32,24,22,30,59,64,28,33,42,27,39,29,67,25,3,14,18,13,21,21,8,13,45,42,63,41,13,12,28,37,45,47,32,19,59,5,45,33,45,7,17,40,58,-20,46,30,8,16,6,22,42,12,11,49,12,13,5,7,13,13,3,32,-20,6,37,22,9,32,-20,9,2,37,48,73,6,-20,16,4,12,13,-20,49,6,-20,27,15,8,12,10,14,20,-20,10,6,26,45,21,12,3,6,8,4,8,7,3,11,5,46,39,34,15,5,19,12,8,21,84,16,10,24,12,26,6,11,4,-20,5,12,22,2,8,10,16,5,13,50,9,10,18,34,21,31,23,31,67,-20,42,32,-20,34,18,9,15,42,7,13,10,14,14,20,29,20,25,14,5,16,24,51,20,53,39,11,18,12,19,18,19,22,20,14,12,13,28,15,20,21,13,14,25,8,19,18,17,19,16,22,9,15,24,17,24,-20,17,23,13,29,29,21,41,12,3,20,29,46,37,26,21,-20,14,8,34,4,15,14,3,10,13,8,30,6,17,77,34,49,4,7,10,28,10,9,4,11,51,39,9,42,50,59,52,51,56,10,9,5,7,12,109,14,22,21,16,6,15,-20,6,7,47,11,23,6,10,39,12,14,42,71,10,17,24,19,14,8,16,8,8,14,13,11,8,11,15,-20,15,4,18,24,5,14,24,27,5,7,18,12,4,11,11,15,11,4,62,7,21,15,45,14,20,18,10,10,15,20,22,26,23,12,20,-20,-20,9,13,13,13,5,5,72,14,7,4,7,27,20,13,7,17,11,10,17,7,9,25,6,10,9,5,7,5,12,8,15,6,9,30,15,9,23,28,24,11,95,29,13,16,4,14,9,11,11,24,-20,9,14,8,10,10,26,13,42,18,9,8,12,9,19,22,9,6,7,14,23,11,16,11,4,3,24,15,5,10,9,12,13,10,8,9,58,30,22,22,5,10,5,12,10,14,7,11,8,5,18,10,15,15,5,29,12,11,5,14,10,8,61,7,21,4,5,-20,20,35,3,19,44,58,53,56,15,37,36,3,13,56,47,12,13,51,-20,3,41,11,-20,18,30,9,8,10,15,4,16,16,32,14,15,20,4,4,4,16,17,11,13,10,13,9,15,-20,7,10,10,32,22,9,15,6,18,5,60,9,18,3,12,19,4,13,11,29,51,-20,20,48,42,44,24,36,23,34,14,22,21,16,23,-20,9,17,15,14,19,16,7,34,14,34,22,34,12,58,17,14,12,13,21,-20,-20,-20,-20,-20,7,9,8,26,26,13,65,33,44,48,30,29,19,25,21,45,4,3,37,23,22,21,63,41,20,5,21,25,54,13,8,5,15,25,35,18,17,31,34,25,23,42,-20,23,14,3,23,29,23,21,10,26,12,15,6,23,2,7,17,16,7,15,5,3,7,11,20,16,18,6,9,8,15,7,9,-20,16,18,12,-20,12,11,5,11,18,13,7,15,5,9,9,7,10,11,20,15,7,14,8,13,6,11,11,15,-20,10,21,13,18,14,12,11,8,12,22,12,23,13,12,6,10,21,11,6,11,7,13,12,10,15,11,18,35,13,17,11,14,14,13,11,20,27,-20,3,7,11,12,12,9,14,10,29,4,12,7,11,10,17,11,11,4,11,14,8,-20,8,12,13,5,14,7,11,12,7,15,9,9,13,6,9,15,-20,17,4,7,7,11,10,4,7,18,12,11,12,12,13,9,5,11,19,10,12,16,6,13,13,9,16,10,21,21,22,14,17,11,13,8,8,8,9,12,12,5,19,8,11,16,20,19,11,20,9,20,20,11,13,14,10,8,13,17,12,12,6,13,9,11,5,7,4,11,10,26,11,22,14,7,9,9,8,15,12,17,8,6,7,14,13,5,20,23,15,5,-20,8,17,11,80,12,22,21,16,16,25,23,35,25,19,19,24,15,16,10,23,25,31,13,18,20,43,22,22,14,11,16,19,34,8,29,14,30,15,14,22,22,11,29,17,14,18,6,11,12,10,8,5,5,7,3,8,7,10,-20,10,12,9,9,20,9,11,-20,3,7,6,14,-20,9,5,14,7,10,7,9,14,9,13,9,16,25,10,11,6,14,5,2,-20,2,-20,-20,5,-20,13,13,15,5,11,8,17,7,8,21,17,11,14,20,13,7,11,12,9,34,10,16,27,11,10,16,11,11,12,17,17,12,-20,11,11,6,9,3,9,21,-20,8,11,11,12,9,6,7,9,-20,9,9,6,16,5,13,9,13,10,10,5,3,-20,3,4,5,8,7,3,6,-20,3,7,-20,4,3,9,6,4,-20,3,10,7,-20,-20,6,-20,3,9,-20,8,-20,-20,-20,4,6,4,13,6,7,6,4,4,4,6,-20,6,6,5,5,12,5,4,5,3,4,5,4,5,6,-20,-20,-20,5,-20,8,8,10,9,29,12,22,35,16,27,18,49,27,35,30,25,55,48,50,41,57
"chr1,17386916",-20,8,9,3,7,5,16,3,-20,-20,10,-20,37,28,14,7,-20,16,91,84,58,15,50,59,59,29,18,28,16,5,7,8,13,14,65,60,40,37,20,7,8,-20,15,20,5,43,6,-20,-20,18,18,32,51,24,33,16,56,-20,37,41,32,37,42,32,24,21,31,58,60,26,32,43,27,40,30,67,24,3,14,17,13,22,20,8,14,45,42,64,40,12,11,29,36,45,47,31,19,58,5,45,33,45,7,19,37,58,-20,47,31,8,17,6,22,41,12,11,49,12,12,5,7,13,14,3,32,-20,4,35,21,9,32,-20,9,-20,38,45,75,5,-20,16,4,13,13,-20,48,6,-20,25,15,9,12,10,13,20,5,11,5,26,48,21,12,4,6,8,4,7,8,3,11,5,45,38,31,15,5,19,11,8,18,-20,15,9,28,13,24,6,11,5,-20,5,-20,-20,2,8,9,17,5,13,44,9,-20,20,33,17,28,21,30,67,-20,-20,33,-20,34,18,9,14,38,-20,13,10,14,14,18,28,20,26,15,5,-20,24,51,21,52,38,10,17,10,18,18,18,21,-20,14,11,13,30,14,17,21,-20,17,24,-20,18,16,14,18,14,19,10,14,23,18,23,-20,16,-20,15,27,27,20,37,12,3,18,29,45,37,28,27,11,14,9,32,4,15,12,3,12,13,7,29,6,16,82,37,49,5,7,10,-20,10,9,5,11,48,39,9,43,47,62,51,52,60,9,8,4,7,12,111,14,22,21,17,6,14,-20,8,6,44,10,23,-20,10,38,12,12,43,70,9,16,24,20,13,8,16,9,8,16,12,10,-20,11,15,-20,15,4,20,22,5,14,25,25,5,7,18,12,-20,12,11,15,11,4,62,8,19,14,44,13,21,16,-20,10,15,21,23,26,22,12,17,-20,-20,-20,11,12,11,6,6,71,14,6,4,8,24,20,11,8,18,11,10,17,7,10,25,7,10,-20,5,6,3,10,8,16,6,8,31,15,9,24,28,22,11,98,29,13,16,4,14,9,11,10,26,-20,9,14,8,10,10,25,12,38,18,9,-20,11,9,19,23,8,6,8,12,23,10,16,11,4,-20,23,15,5,10,10,13,13,9,8,10,59,29,22,21,-20,9,5,11,9,12,7,8,8,4,15,11,15,14,5,30,12,11,5,14,9,8,61,7,20,4,5,-20,18,34,4,18,45,59,50,57,15,38,35,3,13,54,45,12,13,49,-20,3,-20,-20,-20,18,-20,-20,8,9,15,4,15,16,29,13,15,19,4,-20,5,16,18,11,12,10,11,9,15,-20,7,9,11,-20,21,-20,16,5,17,5,60,8,18,3,11,16,4,13,11,-20,49,-20,20,49,45,44,23,35,22,30,14,23,22,16,24,-20,9,17,15,14,19,18,7,34,14,34,23,34,12,58,16,14,12,13,21,-20,-20,-20,-20,-20,7,9,8,25,25,12,-20,-20,41,46,-20,-20,-20,25,20,43,4,3,-20,22,21,20,63,-20,18,5,23,26,53,12,9,5,15,23,36,18,17,31,34,23,23,43,-20,23,14,3,24,28,20,21,11,26,15,16,6,26,3,7,17,16,9,15,4,3,7,10,21,16,16,6,9,8,15,8,9,3,16,18,12,-20,11,12,5,11,20,13,7,14,6,9,-20,7,10,11,19,15,7,15,8,13,6,11,11,14,-20,9,23,13,19,14,12,11,9,12,21,12,23,13,12,6,10,21,10,6,11,7,14,12,10,14,13,18,35,13,17,10,13,14,14,11,20,26,-20,3,7,10,12,12,9,14,10,29,4,12,7,11,9,17,11,10,5,11,15,8,-20,8,12,13,5,14,7,12,12,7,16,10,9,13,6,9,16,3,16,5,6,7,11,10,-20,7,18,12,11,12,12,14,10,6,12,19,10,12,16,7,13,13,9,16,10,21,23,22,13,16,11,13,8,8,8,9,12,14,5,21,9,11,16,20,19,10,21,9,20,20,11,13,14,9,9,13,17,13,12,7,13,9,12,4,6,4,13,10,26,11,22,14,8,10,9,8,15,12,17,8,6,8,14,15,-20,20,23,15,5,-20,8,15,12,79,11,23,22,16,15,25,23,35,27,19,19,25,15,16,10,24,26,33,14,19,21,44,23,22,14,12,16,19,32,8,29,14,31,13,15,23,22,11,29,17,14,18,7,11,12,10,-20,5,5,7,3,8,9,10,-20,9,12,9,9,20,8,10,-20,3,7,6,14,-20,9,5,13,7,10,7,8,13,9,14,9,16,24,11,11,6,16,5,3,-20,2,-20,-20,5,-20,14,13,15,6,11,9,18,8,11,21,18,11,14,20,12,7,11,12,10,33,10,16,29,12,10,17,12,11,10,20,19,14,-20,11,11,6,9,-20,9,22,-20,8,11,11,12,9,6,7,9,-20,9,9,6,16,5,13,9,13,10,11,3,-20,4,-20,4,7,8,6,3,3,-20,3,9,-20,3,-20,5,5,4,6,-20,10,7,-20,3,5,-20,3,8,-20,9,-20,-20,-20,4,5,5,13,7,7,7,5,4,4,-20,-20,4,6,5,5,10,5,3,6,4,5,-20,3,5,-20,-20,-20,-20,5,-20,8,7,10,-20,27,12,22,35,19,28,17,49,26,35,30,25,56,49,50,40,59
"chr1,17386918",-20,8,9,3,7,5,16,3,-20,-20,10,10,37,28,14,7,31,12,96,83,58,14,50,62,59,29,18,27,17,5,7,8,13,14,64,60,40,38,21,7,8,31,15,20,6,45,7,63,-20,18,19,32,50,25,31,18,56,34,36,39,33,38,42,31,23,21,31,59,63,29,34,42,27,40,28,70,24,3,14,17,13,21,20,8,14,44,41,68,42,13,12,32,36,48,48,32,19,59,5,46,32,44,7,17,39,58,-20,46,31,8,17,6,23,41,12,11,49,12,12,4,7,13,14,3,34,-20,4,35,21,9,33,-20,9,-20,39,44,76,5,-20,14,4,13,13,-20,46,6,-20,24,15,-20,12,10,13,20,5,11,5,26,51,23,11,4,6,8,4,7,8,3,11,4,46,38,27,17,5,16,-20,7,18,86,16,9,28,13,27,6,-20,-20,-20,5,12,20,2,8,9,18,5,13,43,9,10,19,30,17,32,21,30,68,-20,38,32,-20,30,16,10,14,38,7,13,7,12,14,18,31,20,27,15,5,16,24,51,20,51,32,12,18,8,17,20,18,21,19,13,11,13,30,15,16,21,13,19,23,7,20,15,15,15,13,21,11,14,23,18,24,-20,16,23,14,26,25,20,36,12,3,15,30,46,37,27,27,11,14,9,33,3,15,10,3,12,12,7,31,6,16,77,37,-20,5,7,10,30,10,9,5,11,52,38,9,43,47,64,49,53,59,8,8,4,7,13,112,15,21,23,16,6,13,-20,8,7,44,9,23,6,10,39,12,13,43,71,9,15,23,19,13,9,15,9,8,16,12,10,9,10,13,-20,15,4,22,23,9,14,24,25,5,6,18,12,4,12,11,16,12,4,62,7,19,15,45,14,22,16,9,10,15,21,24,25,22,12,16,-20,-20,8,12,12,12,6,6,70,14,6,4,8,22,20,11,8,18,10,10,16,7,10,25,7,10,9,5,7,3,11,8,16,7,8,31,15,9,24,26,24,11,103,29,13,16,4,14,9,13,11,29,-20,10,13,6,-20,11,24,14,35,20,9,7,12,9,19,23,8,6,8,13,22,10,15,11,4,-20,23,15,5,10,10,13,15,10,8,10,58,30,23,18,7,9,5,12,9,11,7,9,8,4,14,12,15,14,5,30,12,11,5,13,9,8,59,7,21,5,5,-20,18,34,4,18,48,60,49,57,15,39,36,3,13,53,45,12,13,52,-20,3,44,10,-20,18,29,8,9,9,14,4,16,18,33,13,15,20,4,4,5,17,19,10,12,10,12,10,15,-20,8,10,11,32,21,9,16,5,18,5,58,6,19,3,12,17,3,13,11,29,49,-20,20,53,46,45,22,37,20,33,15,23,22,16,24,-20,9,17,15,13,19,18,7,34,14,34,22,34,12,58,16,14,12,13,21,-20,-20,-20,-20,-20,7,9,8,28,22,13,65,36,39,46,30,32,18,23,20,46,-20,3,38,22,19,19,66,40,18,5,23,25,50,11,9,6,14,23,38,17,17,33,35,26,24,42,-20,25,15,3,20,27,20,22,12,26,15,15,6,25,3,7,17,16,9,14,4,3,7,10,21,15,16,6,9,8,15,8,9,2,16,18,13,-20,11,12,-20,12,20,13,7,14,6,9,9,7,10,11,19,15,6,15,10,13,6,11,11,15,-20,9,23,13,18,14,12,11,9,12,21,11,23,13,11,6,10,19,9,6,11,7,16,12,10,14,13,18,35,13,17,10,13,13,14,11,19,25,-20,3,7,10,11,12,8,14,10,29,4,12,7,11,9,17,11,10,5,11,15,8,-20,8,12,13,5,14,7,12,12,7,16,10,8,13,7,9,15,3,16,5,6,7,11,10,-20,7,18,12,11,12,12,14,10,5,11,19,10,12,17,7,13,13,9,16,10,21,23,23,14,16,11,13,8,8,8,9,12,13,5,21,8,11,16,20,19,10,21,9,20,20,11,13,13,9,9,14,17,13,12,7,13,8,12,4,6,4,13,10,26,11,22,14,8,10,9,8,15,12,17,8,6,8,14,15,4,19,23,15,5,-20,8,15,12,80,11,23,22,15,14,25,23,34,26,19,19,24,14,16,10,24,26,33,14,19,20,43,23,23,14,12,16,19,32,7,29,14,31,13,15,24,22,11,29,17,14,17,8,11,12,10,8,5,5,7,-20,8,9,10,-20,9,12,9,9,20,8,9,-20,3,7,6,14,-20,9,5,13,7,10,7,8,14,9,14,8,16,25,11,11,5,16,5,3,-20,2,-20,-20,5,-20,14,13,15,6,11,9,18,7,11,21,18,11,14,20,12,6,11,12,10,33,10,16,29,12,11,17,12,11,9,20,18,14,-20,11,11,6,-20,3,9,22,-20,8,11,11,11,9,6,7,9,-20,9,9,6,16,5,13,9,13,10,11,6,-20,5,4,4,10,8,6,3,4,-20,4,9,-20,4,-20,6,5,5,7,3,13,6,-20,3,5,-20,-20,-20,-20,9,-20,-20,-20,4,7,5,14,7,7,7,5,4,5,7,-20,8,7,6,5,9,6,4,6,4,4,6,5,5,6,-20,-20,-20,4,-20,7,8,10,9,31,11,23,35,20,28,18,49,24,35,30,25,54,48,48,42,58
"chr1,17386925",-20,7,10,3,8,4,16,3,-20,-20,10,10,34,24,14,8,37,12,93,84,54,16,56,64,58,28,23,25,20,-20,8,7,13,14,64,62,45,35,22,7,8,31,17,20,6,44,6,58,-20,19,18,28,50,30,28,19,54,31,36,40,32,36,41,30,23,19,35,56,59,26,31,44,28,42,30,66,24,3,14,17,11,18,18,8,14,41,38,69,40,15,11,33,37,48,45,33,19,62,6,45,36,40,7,17,34,56,-20,46,32,8,18,6,23,36,10,11,47,13,10,4,8,13,14,3,37,-20,4,32,22,7,31,-20,9,-20,42,42,71,7,-20,14,4,14,13,-20,44,7,4,24,14,10,15,7,12,20,5,11,6,26,54,22,10,4,6,8,3,7,9,3,10,6,44,34,25,16,5,15,-20,8,19,88,14,8,23,13,26,-20,-20,-20,-20,6,7,19,2,7,7,19,6,13,38,9,10,21,25,16,33,21,26,62,-20,-20,32,-20,28,15,9,15,39,6,15,-20,13,13,16,29,19,25,15,-20,14,27,47,20,50,31,11,18,11,18,18,18,22,18,12,9,13,29,14,14,18,12,18,24,7,17,14,15,17,12,25,10,17,21,19,22,-20,15,-20,11,26,23,16,36,15,-20,14,27,41,35,29,30,10,15,9,30,3,15,12,3,10,14,6,30,6,17,67,26,-20,5,9,11,24,10,10,6,12,50,35,10,41,47,66,48,51,63,8,8,4,4,12,113,15,19,-20,16,6,14,-20,10,8,39,7,21,6,11,39,10,12,40,69,8,14,28,17,12,10,14,-20,8,14,10,9,7,9,13,-20,15,4,21,23,-20,13,22,25,3,5,22,12,4,13,10,17,10,4,68,5,15,15,45,13,20,16,8,8,16,21,23,27,20,10,15,-20,-20,9,12,-20,9,6,7,69,13,5,3,8,-20,20,11,8,15,9,8,16,6,9,23,7,10,10,4,6,3,11,9,15,8,8,32,17,10,21,26,22,10,100,29,14,17,3,15,9,12,10,27,-20,11,12,6,-20,11,23,14,32,19,9,-20,12,9,21,19,9,6,8,10,22,9,16,12,4,-20,23,15,6,10,8,11,15,10,7,10,59,29,22,-20,8,9,5,12,8,11,7,10,8,4,-20,11,13,16,5,33,11,11,6,12,9,8,56,8,18,7,-20,-20,18,28,3,18,52,57,49,56,16,37,39,3,14,51,48,12,13,52,3,3,38,10,-20,17,25,10,9,-20,12,4,16,19,28,12,17,19,5,4,6,17,19,8,11,11,10,9,12,-20,7,11,10,31,21,7,15,4,17,5,55,5,20,3,12,17,4,14,11,26,44,-20,22,52,46,43,22,39,18,28,14,24,22,15,24,-20,11,17,15,13,19,-20,6,34,15,33,23,34,13,60,16,13,13,13,19,-20,-20,-20,-20,-20,6,7,9,30,25,12,55,31,42,43,29,-20,16,23,16,42,-20,3,-20,20,19,20,65,37,15,4,20,24,46,10,11,4,14,23,34,15,17,32,35,24,23,39,-20,23,15,3,18,26,22,19,12,27,14,16,7,25,5,7,18,15,10,15,4,4,10,10,21,14,16,8,8,7,19,9,9,-20,16,16,12,-20,11,10,-20,10,20,15,7,14,8,9,10,8,11,9,20,16,7,15,10,14,6,10,11,16,-20,9,23,13,18,13,12,11,9,12,20,9,22,12,12,6,9,19,7,6,11,7,19,12,9,15,13,17,32,13,20,10,13,13,13,11,20,24,-20,3,7,10,11,10,7,13,11,29,3,13,9,11,11,16,11,10,4,11,16,8,3,7,11,12,5,14,8,11,13,7,18,9,8,11,6,9,15,3,13,5,6,7,11,8,3,7,19,12,12,12,12,14,10,5,10,20,10,13,18,7,14,14,9,16,10,24,21,22,14,17,11,13,8,7,8,9,11,13,5,21,8,11,17,20,18,10,20,9,21,22,11,12,13,9,8,13,17,15,13,8,12,9,12,4,6,4,14,11,29,11,22,15,7,11,9,8,15,13,18,6,6,7,15,14,4,18,23,14,6,-20,7,15,11,75,10,23,19,16,14,24,22,30,26,18,20,24,14,17,10,23,24,34,15,19,21,46,25,21,15,12,16,20,31,6,29,14,32,13,15,21,22,12,30,17,14,17,8,12,15,11,7,8,5,7,3,8,11,10,-20,8,12,9,9,18,12,-20,-20,3,7,7,14,-20,10,6,14,6,10,7,9,13,9,13,8,15,26,11,11,5,15,5,4,-20,-20,-20,-20,6,-20,14,13,18,6,12,7,19,10,11,21,18,11,12,23,12,6,11,12,11,30,9,16,29,12,11,17,12,11,-20,20,20,15,-20,10,12,6,10,-20,9,22,7,8,11,10,12,9,6,6,9,-20,11,9,6,16,5,14,9,13,11,-20,6,-20,5,4,4,10,9,5,3,4,3,5,9,3,6,-20,7,6,5,6,4,9,7,-20,3,-20,-20,-20,-20,-20,8,-20,-20,-20,4,8,-20,11,8,8,9,6,4,6,7,-20,8,8,7,5,6,7,-20,6,-20,3,8,4,3,5,-20,-20,-20,5,-20,4,8,10,9,31,9,22,36,19,30,18,47,27,35,30,29,56,45,43,39,56
"chr1,17386931",-20,5,10,-20,8,4,16,-20,2,-20,10,10,33,22,17,11,35,12,91,83,48,16,52,59,58,26,27,29,17,5,10,7,12,11,59,62,42,35,21,7,9,-20,16,23,5,43,5,56,-20,17,21,30,52,34,29,18,57,-20,35,38,33,35,43,29,24,17,35,59,57,26,31,40,24,42,31,67,24,3,13,15,11,18,17,8,15,43,36,73,39,15,13,32,39,42,43,32,17,60,6,42,34,40,7,17,38,58,-20,42,36,7,19,8,22,43,10,8,43,11,10,4,7,12,13,3,40,-20,4,32,20,7,31,-20,9,-20,38,42,68,7,3,14,4,14,12,-20,43,7,3,21,13,11,15,9,-20,17,5,11,6,26,53,22,-20,4,6,7,-20,5,9,3,-20,6,-20,28,21,12,4,15,14,-20,17,-20,15,6,23,15,27,6,9,7,-20,6,7,-20,3,7,5,18,7,13,37,6,-20,21,23,13,-20,19,25,61,-20,34,28,-20,26,14,9,14,-20,4,12,5,11,10,18,-20,18,19,14,5,12,25,41,-20,51,30,-20,17,-20,13,21,16,21,17,11,-20,13,29,-20,13,18,-20,15,23,-20,-20,11,16,18,12,22,10,21,24,15,19,-20,14,19,11,25,19,14,32,14,-20,13,26,39,34,28,29,8,15,12,29,3,17,11,3,10,13,6,27,6,17,73,32,45,5,8,11,22,10,10,5,11,52,33,10,44,50,66,52,52,60,7,8,3,4,12,106,14,17,19,14,4,14,-20,10,-20,41,7,22,-20,12,39,10,11,34,67,7,14,29,17,11,11,17,7,7,15,10,9,8,9,12,-20,15,3,20,23,8,11,22,25,3,7,22,11,-20,14,9,17,9,4,69,5,16,13,52,13,19,17,7,7,14,15,21,25,21,9,15,3,-20,8,9,11,8,6,-20,69,-20,5,3,8,22,18,10,9,14,7,10,15,5,8,25,6,10,11,3,5,3,11,7,16,-20,10,33,13,10,24,23,19,10,99,30,14,18,-20,15,10,12,10,27,-20,12,13,6,10,11,25,14,30,17,8,8,11,10,19,19,8,6,7,13,23,6,14,12,4,-20,21,15,5,11,-20,11,14,-20,7,9,56,33,25,16,8,10,5,12,8,11,7,11,8,4,16,11,11,14,5,33,11,11,6,12,10,7,59,8,17,6,4,2,20,25,3,20,56,56,46,56,14,36,37,4,13,51,48,13,12,57,4,4,-20,13,-20,18,-20,11,-20,-20,11,6,12,18,27,11,17,20,4,4,6,16,19,5,10,12,-20,8,12,-20,6,13,12,-20,21,-20,16,-20,14,3,57,-20,18,2,11,14,4,15,10,26,40,-20,25,52,43,40,22,37,15,26,13,22,20,15,23,-20,10,17,13,13,-20,16,6,29,13,33,23,31,13,57,15,13,13,12,21,-20,-20,-20,-20,-20,5,7,9,29,21,-20,-20,32,44,41,28,-20,16,22,13,40,3,3,35,21,16,20,65,-20,17,4,21,21,49,9,11,6,14,21,32,17,15,30,29,-20,19,35,-20,27,14,3,16,27,21,18,16,25,13,17,8,22,6,7,17,15,10,13,4,4,10,10,18,14,14,8,8,7,13,9,9,-20,16,17,13,-20,11,11,7,10,20,15,7,12,8,9,10,8,10,9,20,14,6,16,11,13,6,8,10,16,-20,9,23,10,19,14,12,10,9,12,18,8,18,11,13,5,8,16,7,6,12,7,18,12,9,14,14,16,32,13,18,-20,12,11,13,10,17,24,-20,3,7,9,11,8,7,12,11,29,3,12,9,11,12,16,11,10,4,10,14,10,3,7,11,12,6,15,8,11,13,5,15,9,7,11,5,8,15,3,12,4,5,7,10,8,3,6,14,9,9,11,12,14,9,4,11,20,10,14,16,6,13,14,8,14,8,23,21,20,13,17,11,13,8,7,7,9,9,10,4,22,4,11,16,20,18,8,17,9,19,22,12,12,15,8,7,12,16,15,13,8,13,8,12,4,6,4,13,10,28,10,18,13,7,11,8,8,14,14,16,5,6,6,14,12,3,18,20,14,6,-20,7,17,12,76,9,21,15,15,14,23,22,27,23,17,21,24,13,16,9,24,24,32,15,19,22,43,24,21,15,12,15,20,33,5,29,15,31,13,14,21,21,12,28,15,13,16,8,13,15,11,6,7,5,8,4,7,11,10,-20,6,12,8,9,19,11,6,-20,3,7,8,13,-20,10,6,14,6,9,6,9,-20,7,14,8,-20,26,11,11,6,14,4,4,-20,-20,-20,-20,6,-20,14,13,19,6,11,7,16,-20,9,18,18,11,13,19,11,6,11,11,11,26,9,14,28,11,10,14,11,11,8,17,20,15,-20,10,11,5,10,5,8,19,6,-20,10,10,11,9,6,5,9,-20,12,9,7,14,5,13,9,13,11,10,7,-20,5,4,-20,8,6,-20,3,4,-20,6,10,4,8,3,8,7,6,5,5,11,5,-20,-20,3,-20,5,-20,-20,7,3,-20,-20,-20,10,8,11,9,10,8,6,5,7,6,-20,5,9,8,9,7,9,3,7,6,6,7,4,-20,7,-20,-20,-20,8,-20,7,7,-20,9,26,8,21,35,20,29,15,43,27,35,29,31,59,47,42,35,55
"chr1,17386933",-20,5,10,-20,7,-20,16,-20,2,-20,10,9,30,23,16,11,36,11,91,86,52,16,53,59,60,27,27,29,18,5,11,7,14,10,57,62,42,36,20,7,9,33,16,23,5,40,5,60,-20,17,22,28,53,35,28,17,55,30,35,40,34,35,42,30,24,17,36,59,56,27,32,39,23,42,31,66,25,3,13,14,11,18,15,8,15,43,34,69,40,15,13,29,40,43,43,31,16,62,5,41,32,39,6,17,38,56,-20,40,34,7,18,8,23,42,10,8,42,11,10,4,7,12,13,3,39,-20,4,30,20,5,31,-20,10,-20,38,45,68,6,-20,13,4,12,11,-20,47,6,3,19,13,10,15,9,9,17,5,11,6,26,55,21,9,4,6,6,-20,4,9,3,9,5,45,30,22,13,4,15,17,7,16,88,13,6,23,15,27,6,10,7,-20,6,7,20,3,6,5,18,7,13,39,6,12,21,25,12,38,19,24,62,-20,-20,30,-20,23,14,9,14,39,4,12,6,12,10,19,30,18,19,12,5,15,26,40,18,50,30,9,16,-20,13,22,17,20,17,12,7,11,30,13,13,19,12,15,22,6,22,12,17,18,11,24,9,22,23,15,20,-20,14,20,11,25,20,14,31,14,-20,14,27,38,35,29,35,8,14,12,31,3,17,11,3,11,11,6,28,6,17,70,32,47,5,8,10,24,10,9,5,11,53,34,-20,43,49,65,54,50,61,7,8,3,-20,12,104,14,17,19,12,4,14,-20,10,9,39,9,22,-20,12,40,11,11,36,63,7,14,30,14,11,11,18,7,7,15,10,9,8,9,12,-20,15,3,18,23,8,11,21,26,3,6,22,10,4,12,9,17,9,4,70,5,16,13,54,13,21,17,7,-20,14,17,20,25,21,9,15,3,-20,8,8,-20,8,6,9,68,15,6,3,8,23,18,11,9,15,7,10,14,5,7,25,7,8,10,3,5,3,12,8,16,8,9,32,12,10,25,23,19,9,101,30,15,18,-20,14,10,12,10,28,-20,11,13,6,11,11,25,15,29,17,7,8,12,10,19,19,8,6,7,12,23,6,14,12,4,-20,19,15,5,11,7,11,14,10,7,9,56,33,26,15,8,10,5,12,8,10,7,11,8,4,16,12,11,14,5,33,11,10,6,13,10,9,58,8,16,6,3,2,19,24,3,18,54,52,44,56,13,38,37,5,13,51,48,13,11,56,4,4,37,11,-20,17,25,11,-20,-20,10,6,11,19,26,11,18,20,4,5,6,17,19,5,11,13,9,8,11,-20,6,13,12,33,21,7,18,-20,16,4,57,-20,16,2,11,14,4,15,10,25,38,-20,25,57,45,40,22,37,14,27,13,23,18,14,22,-20,9,17,12,10,16,15,6,29,13,33,23,31,13,56,15,13,11,11,20,-20,-20,-20,-20,-20,4,6,-20,30,22,10,55,34,45,42,27,28,15,22,13,42,3,3,33,21,16,20,66,40,16,4,20,23,49,9,11,6,14,23,34,15,16,30,31,28,17,31,-20,26,14,3,18,28,21,18,17,23,13,16,7,22,6,6,18,15,-20,14,4,4,10,8,17,11,13,7,-20,7,11,9,9,-20,14,16,13,-20,11,10,7,10,18,16,6,12,8,9,9,8,10,8,19,14,6,15,10,12,5,8,10,16,-20,9,23,10,16,14,11,11,9,12,17,7,18,9,12,-20,8,14,-20,6,11,7,18,12,9,14,13,16,30,15,19,11,12,10,13,-20,13,22,-20,3,6,9,11,8,6,12,10,26,3,11,9,11,11,16,11,10,4,10,13,10,3,7,10,11,6,15,8,11,-20,5,15,9,7,11,5,8,15,3,11,4,5,7,10,7,-20,7,14,8,8,11,12,14,9,4,-20,20,10,15,17,5,14,13,8,13,8,21,21,17,15,17,11,13,8,7,7,9,9,8,3,22,4,10,14,18,19,7,18,9,17,22,11,11,15,8,7,12,15,13,13,8,13,8,12,4,5,4,13,10,29,10,18,13,7,11,8,8,14,14,14,-20,5,5,13,12,3,18,19,13,6,-20,7,15,12,78,9,21,16,15,14,21,22,25,23,16,19,23,13,15,9,23,22,30,14,18,21,39,22,20,15,11,15,20,29,5,29,15,31,12,14,20,20,11,28,16,14,17,8,11,14,12,6,7,5,9,3,7,11,9,-20,5,10,8,9,19,12,6,-20,3,6,7,13,-20,10,6,14,6,9,6,-20,12,5,13,8,15,24,10,11,6,16,4,4,-20,-20,-20,-20,6,-20,12,12,18,6,11,7,16,10,-20,16,16,11,13,19,12,6,10,11,11,26,9,12,27,10,9,12,11,9,9,17,20,15,-20,10,9,5,10,-20,7,17,6,-20,11,11,11,9,5,5,9,-20,12,8,7,14,5,11,8,13,10,10,7,-20,5,-20,-20,9,6,-20,3,4,4,6,11,4,8,3,7,4,-20,-20,5,10,3,-20,3,3,-20,-20,-20,2,8,4,-20,3,3,10,7,14,8,10,7,6,4,9,7,3,5,7,7,-20,-20,6,3,8,-20,6,-20,4,-20,6,-20,-20,-20,6,-20,5,5,10,9,26,8,22,34,20,29,15,42,28,35,30,26,60,51,42,35,54
"chr1,17386936",-20,4,9,-20,6,-20,16,-20,2,-20,11,10,30,20,20,9,35,11,85,83,54,16,52,57,57,26,27,26,18,5,11,7,14,10,54,61,39,34,20,6,-20,-20,19,23,7,40,5,-20,-20,18,18,27,52,38,31,17,52,30,34,36,34,34,41,30,24,16,36,58,57,27,28,36,21,42,31,67,27,3,14,14,11,17,14,8,15,42,36,65,41,16,13,30,38,44,40,31,17,63,5,41,33,38,5,17,39,55,-20,39,36,9,17,8,19,41,10,8,38,9,10,4,7,11,13,5,38,-20,3,28,20,5,30,-20,10,-20,38,46,69,6,-20,13,4,11,12,-20,46,7,3,21,13,10,15,10,10,18,6,10,4,26,52,19,9,4,5,6,-20,4,9,-20,9,7,40,30,22,14,4,13,16,6,16,82,12,6,20,14,24,6,11,7,-20,9,6,18,3,4,6,16,6,14,32,7,12,20,25,11,36,17,26,55,-20,33,28,-20,22,16,10,13,35,4,12,-20,12,-20,19,29,18,21,13,-20,-20,28,40,-20,47,30,8,18,10,13,20,17,21,15,13,-20,11,32,12,11,19,-20,11,22,-20,19,12,15,16,10,22,9,21,22,17,18,-20,14,21,12,25,19,12,29,12,-20,13,28,34,38,29,37,8,13,12,35,3,16,10,3,11,12,6,27,5,17,64,37,47,5,7,-20,23,10,9,6,9,50,33,8,44,50,65,51,52,62,7,8,3,4,12,102,16,17,-20,13,4,12,-20,8,-20,38,9,21,-20,13,40,11,11,35,61,7,13,30,13,9,11,17,7,7,15,10,8,7,9,13,-20,15,3,18,23,-20,11,22,25,-20,5,22,13,-20,12,8,17,9,-20,72,5,15,12,57,12,20,16,5,7,16,16,20,24,19,9,15,3,-20,10,8,10,8,6,-20,65,15,6,3,8,21,15,10,-20,16,7,11,13,5,6,25,7,7,9,3,4,3,13,10,16,8,9,31,11,10,24,24,18,8,102,28,14,18,-20,13,10,11,10,27,-20,11,15,6,11,11,24,15,28,16,7,8,10,10,19,19,8,6,7,13,24,6,18,12,4,-20,19,12,5,11,7,11,15,-20,8,9,56,32,25,15,8,10,5,11,9,11,6,12,8,5,19,12,11,13,5,33,11,10,6,14,-20,9,56,8,17,6,3,2,19,24,3,17,53,49,44,50,13,38,38,5,13,51,49,13,12,55,3,4,35,-20,-20,17,25,10,9,-20,8,6,10,20,26,11,17,21,4,-20,6,17,21,4,11,11,8,9,12,-20,6,14,12,35,21,5,18,-20,-20,-20,56,-20,17,2,11,14,3,15,10,22,38,-20,26,56,42,37,23,37,13,24,13,23,18,14,22,-20,9,15,12,11,14,14,6,29,13,31,24,29,13,55,15,13,12,10,20,-20,-20,-20,-20,-20,4,6,11,28,22,11,53,-20,43,40,26,26,13,23,14,42,-20,3,32,21,15,20,65,39,16,4,19,26,45,10,10,6,11,25,-20,15,16,26,32,28,16,30,-20,25,14,3,17,24,21,17,17,23,13,17,7,22,6,7,19,15,10,17,4,5,10,8,18,12,13,7,5,8,11,10,9,-20,14,17,13,-20,12,10,7,11,18,15,7,13,9,9,9,8,10,8,20,13,6,15,11,11,5,8,8,17,-20,9,23,10,15,14,11,11,10,13,16,7,18,9,12,5,8,14,8,6,11,7,18,13,10,13,13,16,34,15,20,11,12,12,13,11,13,22,-20,-20,6,9,11,8,5,10,11,28,3,10,10,11,11,18,11,10,5,10,13,10,3,7,9,10,6,15,8,11,13,6,15,8,7,11,5,6,15,3,12,4,5,7,12,7,-20,6,14,8,8,11,10,14,8,3,11,20,10,17,15,6,14,14,9,11,8,20,20,17,16,17,9,13,8,7,7,10,9,8,4,23,4,10,13,19,21,9,19,9,17,22,11,11,15,8,7,13,15,15,13,9,13,8,12,4,5,4,13,11,30,10,18,15,7,11,9,8,14,14,14,5,5,5,13,12,3,18,19,13,6,-20,-20,14,9,78,9,22,16,14,14,22,22,26,23,15,19,23,13,15,9,23,21,31,13,18,21,39,22,21,15,12,15,20,31,4,29,17,30,12,13,20,20,11,29,16,14,16,8,12,15,12,6,7,6,10,3,7,11,10,-20,5,10,8,9,18,12,7,-20,4,7,7,13,-20,11,8,14,6,10,6,8,12,6,13,9,14,24,10,11,6,15,4,4,-20,-20,-20,-20,6,-20,12,12,18,7,11,7,16,10,10,16,18,12,15,19,13,7,10,12,11,24,9,13,26,10,9,13,11,11,9,17,20,15,3,11,9,6,10,4,9,18,6,-20,10,11,11,11,5,5,9,-20,12,8,8,13,5,11,9,15,11,11,6,-20,6,4,-20,9,4,4,3,-20,5,5,11,6,9,4,8,4,7,-20,5,10,4,-20,3,-20,-20,-20,7,2,-20,4,-20,4,4,10,6,15,7,10,6,6,-20,8,3,3,6,8,7,9,8,8,3,6,6,5,7,3,-20,7,-20,-20,-20,8,-20,-20,6,9,9,25,-20,24,35,20,29,14,44,30,35,30,26,60,51,40,32,52
"chr1,17386939",-20,3,9,-20,6,-20,16,-20,2,-20,11,10,34,21,20,8,38,11,83,81,55,15,52,56,62,28,27,25,18,5,11,7,14,10,57,61,38,38,20,6,9,-20,19,23,7,39,-20,56,-20,16,18,30,52,37,28,18,50,27,32,36,35,32,41,31,23,15,36,56,59,25,30,34,21,41,30,64,26,3,14,14,11,18,14,8,15,44,34,63,42,16,11,30,37,42,38,29,17,63,5,43,30,39,5,16,40,59,-20,35,39,9,17,8,19,44,10,8,36,9,10,4,7,11,13,5,39,-20,3,28,19,5,27,-20,9,-20,38,45,67,5,-20,12,4,11,12,-20,49,7,3,21,12,10,15,10,-20,19,6,8,4,25,54,-20,9,4,5,6,-20,4,9,-20,11,8,35,29,21,13,4,14,-20,5,15,-20,12,5,20,14,24,6,11,8,-20,-20,6,19,3,4,5,16,6,14,34,7,12,20,22,10,38,16,26,53,-20,38,30,-20,20,16,9,-20,37,5,-20,-20,-20,10,18,-20,15,22,13,-20,-20,28,39,-20,48,26,10,18,11,13,20,14,22,13,14,-20,10,31,-20,12,18,-20,11,20,-20,17,10,14,16,9,21,10,23,21,16,18,-20,12,21,12,20,15,12,31,12,2,13,25,36,35,29,39,8,15,12,36,4,15,10,4,10,13,7,24,4,16,65,37,44,5,7,8,21,10,9,6,8,48,33,8,44,51,65,49,56,62,7,7,3,4,12,104,15,17,18,12,4,12,-20,9,9,40,8,21,-20,13,38,11,10,34,61,7,14,30,13,10,11,17,7,5,16,10,7,7,9,13,-20,15,3,18,20,8,11,21,24,4,4,22,11,-20,11,5,17,9,3,73,5,15,12,63,13,20,16,5,7,16,15,20,24,19,9,15,3,-20,10,8,-20,8,7,-20,68,15,6,2,8,22,16,10,6,16,7,10,13,5,6,27,7,7,9,-20,4,3,12,-20,16,9,10,32,13,11,26,25,18,8,105,29,14,18,-20,12,10,11,7,27,-20,11,15,6,12,9,22,16,28,15,7,8,11,10,19,19,7,6,7,14,22,7,18,12,4,-20,18,12,-20,11,7,11,11,-20,8,9,54,33,23,15,8,-20,4,9,8,11,6,13,8,5,17,11,10,13,5,34,10,10,6,13,11,9,56,8,18,7,3,2,15,24,3,18,54,50,44,51,13,38,36,5,14,49,50,13,12,54,3,4,-20,11,-20,16,25,11,10,-20,8,6,11,-20,25,12,16,22,4,6,5,15,20,4,11,11,8,9,12,-20,6,13,12,-20,21,5,18,-20,15,-20,58,-20,17,3,11,14,3,16,10,21,39,-20,26,59,44,36,24,34,13,25,13,23,18,14,22,-20,9,15,12,11,14,15,6,29,13,31,24,28,13,53,15,13,11,10,20,-20,-20,-20,-20,-20,5,6,11,25,21,-20,52,33,42,42,24,25,11,24,14,40,-20,3,-20,19,13,20,66,-20,15,4,19,25,44,10,10,5,8,24,-20,14,15,25,32,28,15,33,-20,27,14,3,16,23,22,17,16,23,13,16,7,21,6,7,19,15,10,16,4,6,10,6,18,12,13,7,5,8,11,10,9,-20,14,18,13,-20,12,10,7,11,18,15,8,13,10,9,9,7,10,9,20,13,6,15,11,12,5,8,8,16,-20,9,23,10,15,13,11,11,10,12,16,7,18,8,12,5,8,13,8,6,10,7,18,11,11,12,13,16,34,15,19,10,12,12,14,11,13,21,-20,-20,6,9,12,9,5,10,-20,28,3,10,10,11,11,18,11,10,5,10,13,9,3,7,9,9,6,15,7,11,13,6,16,7,7,11,5,6,14,3,12,4,5,7,12,7,-20,6,14,8,8,11,10,14,9,3,12,20,10,16,15,6,13,14,9,11,8,20,20,17,14,17,12,12,8,7,7,12,9,8,4,23,4,10,13,19,21,9,19,9,17,22,11,9,14,9,8,13,14,14,13,9,14,8,13,4,5,4,12,10,30,10,19,15,6,11,9,8,14,13,12,5,5,5,14,12,3,17,20,12,6,-20,7,14,8,78,9,23,16,13,14,22,22,26,22,15,18,23,12,15,9,23,21,30,13,18,21,39,23,21,15,12,15,20,31,-20,28,17,30,11,13,20,20,11,29,16,14,16,8,12,13,12,6,7,6,10,3,7,11,10,-20,5,10,8,9,18,12,7,-20,4,7,7,13,-20,10,9,14,6,10,6,8,12,7,13,9,14,24,10,11,6,15,4,4,-20,-20,-20,-20,6,-20,12,12,18,7,11,7,16,-20,10,16,18,12,15,18,13,8,10,13,11,23,9,13,26,10,8,13,11,10,9,16,20,15,3,11,9,6,8,4,9,17,6,-20,10,11,11,11,5,4,9,-20,12,8,8,12,5,11,10,15,11,-20,6,-20,5,3,-20,-20,6,4,4,3,5,5,10,6,9,5,10,4,6,3,5,10,3,-20,4,5,-20,5,7,2,-20,5,3,4,6,9,-20,12,8,10,6,5,4,9,4,4,5,8,7,9,8,8,3,5,5,7,6,4,4,5,-20,-20,-20,10,-20,4,7,-20,9,24,7,23,36,19,28,14,43,30,35,30,26,59,50,38,32,51
"chr1,17386943",-20,4,10,-20,8,-20,15,-20,2,-20,11,10,36,18,19,8,38,11,84,79,53,14,53,55,60,29,29,25,18,6,-20,5,14,10,60,58,36,34,21,5,9,-20,17,23,6,39,5,48,-20,16,19,33,52,37,25,18,53,28,28,36,32,30,44,30,23,15,34,57,58,27,31,33,20,40,30,63,28,3,14,14,12,17,13,7,13,45,35,69,42,16,11,31,37,40,35,33,17,62,4,42,31,38,5,17,39,61,-20,34,37,9,17,8,18,43,10,8,36,8,10,5,7,11,14,6,36,-20,3,24,18,-20,29,2,11,-20,36,41,65,5,-20,12,4,11,14,-20,47,5,3,23,12,10,14,10,10,17,6,8,4,27,52,24,9,5,5,6,-20,3,9,-20,11,-20,34,29,21,15,4,15,-20,5,13,77,11,7,18,13,24,6,11,8,-20,9,-20,-20,-20,3,7,18,-20,14,31,5,9,18,23,12,40,17,24,57,-20,-20,29,-20,15,16,8,-20,32,-20,10,-20,-20,9,16,28,11,24,12,-20,-20,28,38,17,48,20,10,17,10,11,20,13,22,12,13,6,10,31,-20,13,-20,10,10,18,5,16,9,15,15,10,20,11,22,-20,15,17,-20,15,18,12,19,15,-20,27,10,-20,12,25,35,34,30,37,6,15,12,36,4,15,9,5,10,13,6,25,-20,15,66,28,43,6,6,8,22,10,9,6,7,47,32,-20,45,49,65,52,56,63,7,8,3,4,15,106,15,19,20,13,-20,11,-20,11,9,40,8,19,-20,13,38,9,10,33,59,7,14,32,13,10,11,17,7,5,15,10,7,7,9,12,-20,16,-20,15,12,7,12,23,26,4,-20,20,12,-20,10,5,16,9,-20,74,5,14,11,64,12,19,16,5,8,16,14,17,21,18,9,14,3,-20,10,8,12,4,7,11,67,13,7,2,8,22,15,9,4,16,7,9,13,4,6,27,9,7,10,-20,4,3,12,8,14,9,10,35,15,11,24,25,17,8,107,30,14,17,-20,11,10,11,-20,27,-20,10,16,7,13,10,21,17,26,13,6,8,10,10,19,17,7,6,7,13,22,6,18,11,4,-20,19,11,5,12,7,11,11,-20,8,8,58,35,24,14,8,8,4,8,9,9,6,13,5,5,16,11,10,13,5,33,9,9,6,12,11,9,60,8,18,7,3,2,15,21,3,19,56,50,43,52,15,38,38,7,13,49,49,13,13,52,3,4,-20,11,-20,13,23,11,-20,-20,7,6,-20,16,23,11,16,21,3,-20,-20,14,22,4,10,12,8,10,12,-20,5,12,11,31,19,5,19,-20,15,-20,53,4,17,3,10,12,3,16,10,19,38,-20,25,61,45,36,22,33,12,24,13,23,18,13,24,-20,8,15,12,11,13,13,6,29,13,33,24,28,12,51,15,12,11,9,19,-20,-20,-20,-20,-20,5,7,10,27,20,12,52,32,42,38,-20,-20,12,22,12,41,-20,3,26,15,14,15,65,-20,12,4,20,26,45,7,10,8,8,25,35,15,15,24,33,27,15,42,-20,24,12,3,17,19,21,12,18,18,13,15,7,20,6,7,17,15,10,18,4,7,10,6,19,13,11,6,6,9,10,10,8,-20,13,17,13,-20,11,10,-20,11,17,14,7,14,10,9,9,7,10,9,23,13,6,15,10,12,5,8,9,16,-20,10,23,9,15,13,10,11,8,12,15,7,13,7,12,5,8,14,7,7,12,7,18,11,9,11,14,11,33,17,19,9,11,12,14,10,11,21,-20,-20,10,9,12,9,5,10,10,26,3,10,10,11,12,19,10,11,4,10,12,8,3,7,7,10,6,15,6,11,14,7,15,8,9,11,6,6,16,3,13,4,6,7,11,7,-20,6,12,9,9,10,10,13,-20,3,12,20,10,18,15,6,13,13,10,11,8,20,20,18,16,16,12,13,8,7,9,14,7,8,4,22,4,-20,13,18,22,9,20,9,17,22,12,9,14,9,7,13,15,15,13,9,14,10,12,4,4,3,13,7,30,10,20,15,8,11,9,7,14,15,15,5,4,5,14,11,3,18,20,13,6,-20,7,13,8,73,9,23,15,13,12,21,22,22,21,15,19,21,12,18,9,22,19,29,12,17,22,36,23,21,15,12,14,20,32,-20,27,17,31,10,14,19,20,12,26,16,15,17,8,10,12,12,7,7,6,11,-20,7,12,12,-20,6,10,8,9,17,12,6,-20,6,7,7,14,-20,10,11,16,7,10,6,8,11,8,13,9,14,22,9,10,6,15,4,4,-20,-20,-20,-20,6,-20,12,12,19,7,11,6,15,14,9,15,18,12,14,20,15,8,11,11,11,24,9,13,27,12,9,13,10,9,10,16,20,15,3,10,10,5,8,4,9,16,7,-20,9,10,11,10,5,4,8,-20,12,9,8,10,5,11,10,15,11,11,6,-20,5,3,3,6,4,-20,-20,4,4,4,11,6,8,4,9,4,-20,-20,5,10,4,2,4,3,-20,-20,-20,2,3,6,3,4,4,9,9,11,7,9,6,5,3,9,3,4,6,7,6,8,8,8,3,5,4,8,5,2,5,6,-20,-20,-20,8,-20,4,7,-20,8,24,7,22,36,17,29,13,42,28,34,30,27,59,48,39,30,45
"chr1,17386947",-20,4,10,-20,8,-20,16,-20,2,-20,11,10,35,16,19,8,39,11,81,81,53,13,53,51,61,28,29,24,18,6,11,5,13,10,62,57,36,34,20,5,9,36,18,22,6,39,6,51,-20,16,19,33,53,35,27,19,56,27,27,38,32,30,46,29,21,15,34,57,58,29,33,31,20,42,28,63,32,4,14,14,11,17,13,7,12,44,34,67,43,14,10,29,39,35,30,30,17,67,4,42,30,39,5,17,36,58,-20,33,38,9,18,8,16,42,10,8,37,8,10,5,7,11,13,6,37,-20,3,22,18,-20,26,2,11,-20,37,41,64,5,-20,12,4,11,14,-20,47,5,4,20,13,10,14,9,13,15,5,8,4,27,49,24,9,5,5,6,-20,-20,9,-20,11,8,36,29,18,15,4,11,16,-20,14,-20,11,7,15,14,19,5,10,8,-20,8,6,17,-20,-20,7,17,7,12,30,3,-20,18,22,11,38,15,20,50,-20,-20,31,-20,16,16,7,13,30,-20,8,-20,8,8,16,28,8,24,-20,-20,-20,26,37,-20,46,19,9,17,9,9,18,11,21,9,11,6,10,30,10,12,16,11,9,17,5,14,8,14,16,8,12,9,21,18,14,15,-20,16,19,11,18,13,-20,28,10,-20,11,25,40,30,28,37,-20,15,12,35,4,13,11,-20,9,13,7,25,3,10,64,26,46,6,6,8,-20,11,9,6,6,47,30,9,44,54,66,50,56,64,7,-20,3,4,16,104,16,18,19,14,-20,9,-20,11,-20,39,7,16,-20,12,41,9,11,31,50,7,14,34,13,10,10,18,5,5,15,9,6,10,8,11,-20,16,-20,13,11,7,11,24,25,4,4,18,10,3,12,5,17,11,3,76,5,13,10,66,11,16,19,5,8,16,14,18,20,14,9,13,3,-20,10,8,11,3,7,11,66,13,6,3,6,22,13,7,4,15,6,8,13,4,6,26,10,7,11,-20,3,3,10,8,15,8,10,36,15,10,25,25,18,7,106,31,12,15,-20,12,10,9,8,29,-20,9,16,7,10,9,20,22,24,12,7,8,10,10,19,16,8,5,6,13,22,6,16,11,4,-20,20,11,5,12,7,12,11,-20,7,6,59,36,25,16,8,-20,4,7,9,8,8,12,4,6,15,12,10,13,5,35,8,8,6,12,11,9,62,8,18,7,-20,2,15,19,3,19,58,47,41,54,16,40,39,7,12,49,46,15,13,51,3,4,33,10,-20,14,20,11,10,-20,6,-20,8,16,21,12,15,22,3,6,5,14,20,4,10,12,8,10,11,-20,5,13,10,32,17,4,19,-20,-20,-20,57,-20,17,3,10,11,3,16,9,19,34,-20,26,58,44,32,22,33,11,24,13,25,18,13,23,-20,8,15,13,12,14,12,6,28,13,32,25,25,12,47,15,11,10,8,20,-20,-20,2,-20,-20,-20,7,11,26,17,12,49,30,42,33,24,21,12,24,12,36,-20,3,25,14,13,15,66,38,13,4,21,26,42,7,10,8,7,23,32,14,16,20,35,27,13,42,-20,24,12,3,15,19,21,12,18,18,12,15,7,20,6,8,17,16,10,17,5,7,11,5,18,12,11,6,6,9,10,11,8,3,13,17,14,-20,12,-20,7,12,17,14,7,13,10,8,9,7,10,8,23,13,6,15,10,12,4,8,8,14,-20,10,22,9,16,13,9,11,8,12,16,7,17,7,13,-20,8,14,8,7,13,8,19,12,9,11,12,10,33,17,19,9,10,11,11,10,12,21,-20,-20,10,8,12,8,6,10,11,26,3,10,10,9,13,19,10,10,4,10,12,7,3,7,7,11,5,15,6,13,14,7,15,7,9,11,6,6,16,3,14,4,6,8,11,7,-20,5,12,9,10,11,10,13,10,3,12,20,10,18,15,6,14,12,9,10,8,19,20,19,16,15,12,13,8,7,9,14,7,8,4,22,4,9,12,18,21,9,21,8,17,23,16,9,14,7,7,13,14,15,13,10,12,10,12,4,4,3,14,7,29,10,21,16,8,11,9,7,13,15,15,5,5,5,14,12,3,18,19,13,5,-20,7,14,8,73,7,22,14,13,12,20,23,22,21,15,18,19,12,18,9,22,18,28,14,17,22,37,23,21,14,13,13,20,32,-20,26,15,31,10,14,19,20,11,24,16,14,18,8,10,12,12,5,7,6,9,-20,7,12,10,-20,6,9,7,9,17,14,6,-20,7,7,7,15,-20,10,12,15,7,10,7,8,11,9,12,9,13,22,9,10,6,14,4,4,-20,3,-20,-20,6,-20,10,-20,19,7,10,6,15,14,9,14,18,12,13,21,15,9,11,11,11,23,8,14,28,10,9,14,10,7,10,16,19,15,3,10,10,6,9,5,9,16,7,-20,9,11,11,10,5,4,8,-20,12,9,8,10,5,10,11,13,11,11,6,-20,5,-20,3,7,3,-20,-20,-20,3,4,7,7,8,3,8,5,7,-20,3,10,4,2,6,4,-20,6,5,2,-20,6,3,3,4,8,6,7,6,7,6,3,3,9,4,5,8,7,5,8,6,7,4,5,4,8,6,-20,-20,4,-20,-20,-20,9,-20,-20,8,-20,8,22,7,22,36,16,28,11,40,29,32,30,26,57,50,36,27,44
"chr1,17386950",-20,4,10,-20,8,-20,16,-20,2,-20,11,10,36,16,20,9,39,11,81,79,50,12,55,51,62,27,30,23,19,5,13,5,13,11,64,53,37,33,21,4,9,36,18,21,6,39,5,52,-20,14,20,33,54,35,26,19,55,24,26,37,32,31,46,33,20,14,34,60,61,28,33,29,21,46,30,62,32,4,14,13,11,18,12,6,12,42,32,63,43,14,10,31,38,32,29,29,18,68,4,40,31,38,5,16,35,56,-20,32,39,9,16,8,16,41,10,5,35,7,11,4,4,11,13,6,36,-20,3,22,17,-20,25,-20,11,-20,35,42,64,5,-20,11,4,11,14,-20,46,4,4,21,13,10,14,9,13,14,5,8,4,27,47,21,10,5,4,6,-20,-20,10,-20,11,-20,37,27,20,14,4,12,-20,6,13,-20,10,-20,15,14,19,5,11,8,-20,10,-20,17,-20,-20,7,16,8,11,29,3,8,17,22,-20,37,15,15,50,-20,36,31,-20,14,16,7,-20,30,-20,8,6,7,8,15,25,6,21,9,-20,13,26,36,13,46,19,8,16,8,-20,17,10,23,8,12,-20,9,30,8,10,16,10,9,15,5,14,7,12,16,8,11,8,21,17,14,14,-20,17,19,10,17,13,9,27,10,-20,11,24,40,29,28,37,8,15,12,34,4,12,12,-20,9,12,6,24,2,10,65,26,39,6,6,8,19,13,7,6,5,46,27,8,44,52,65,49,56,62,7,8,3,3,16,99,16,17,18,13,-20,9,-20,11,9,37,7,14,-20,12,40,8,12,30,43,6,13,34,13,10,10,18,5,4,14,9,6,10,8,11,-20,17,-20,12,11,-20,10,27,24,3,3,18,11,3,12,5,16,13,3,79,5,12,12,71,11,15,19,5,7,16,12,17,16,13,8,8,3,-20,9,8,9,3,6,11,65,12,6,3,6,21,12,7,4,15,6,-20,12,4,7,27,10,6,11,-20,3,-20,10,8,14,8,11,37,14,11,26,25,19,-20,105,31,13,15,-20,10,9,9,9,30,-20,9,16,7,9,8,20,21,23,12,6,8,10,10,19,14,-20,5,5,13,21,7,14,11,3,-20,18,10,5,13,7,11,10,9,5,7,61,34,26,15,9,8,4,6,-20,8,7,12,4,6,15,11,9,13,3,35,8,8,7,12,11,9,61,8,17,7,-20,2,16,19,3,19,59,42,40,51,15,39,40,7,12,46,44,14,13,49,3,3,34,-20,-20,-20,20,11,9,-20,6,-20,8,16,20,13,16,22,3,-20,5,12,20,4,10,12,8,9,10,-20,5,12,11,33,14,4,19,-20,-20,-20,55,-20,16,2,-20,11,3,16,9,15,34,-20,26,60,44,33,23,34,11,22,11,25,18,13,24,-20,8,14,13,12,13,12,6,28,14,31,26,25,12,46,15,11,8,8,19,-20,-20,2,-20,-20,-20,8,11,27,18,12,47,27,43,31,-20,-20,12,23,12,38,-20,3,27,14,12,15,62,38,12,4,19,21,40,7,10,8,6,23,34,15,14,20,34,29,12,43,-20,23,10,3,14,-20,19,12,18,15,9,15,7,20,6,8,15,17,10,17,5,8,11,6,19,14,11,6,6,9,10,11,7,4,13,16,13,-20,12,8,7,11,17,13,7,14,10,8,10,7,10,7,23,13,6,15,10,12,4,7,10,14,-20,10,22,8,16,12,9,10,8,12,15,6,17,7,13,5,8,10,9,7,11,8,18,13,9,12,12,9,32,17,19,9,9,9,11,10,10,20,-20,-20,10,8,12,8,6,9,11,26,-20,10,12,9,14,18,10,10,4,10,12,7,3,7,7,11,5,16,6,13,14,6,15,8,9,10,6,5,15,3,14,4,5,8,11,7,-20,5,11,9,10,13,9,14,10,3,13,20,9,18,15,7,14,11,10,10,7,18,20,19,16,14,11,12,8,6,10,13,7,8,4,22,4,9,11,16,19,9,20,7,17,23,15,8,13,7,6,13,16,14,13,10,11,10,11,4,4,3,15,7,28,9,21,16,8,11,9,7,13,15,13,5,5,5,13,12,3,17,19,13,5,-20,7,13,8,73,6,23,16,12,11,20,22,22,21,13,18,19,12,17,10,24,18,27,15,15,20,35,23,21,12,13,12,19,31,-20,27,14,31,10,14,20,19,13,24,17,14,16,8,9,12,12,5,6,6,10,-20,7,11,-20,-20,6,9,7,9,15,15,6,-20,8,7,7,14,-20,9,12,15,7,7,6,7,11,9,11,7,13,20,7,10,6,14,4,4,-20,4,-20,-20,6,-20,10,10,19,6,10,6,14,13,9,14,19,12,12,22,16,8,12,10,11,20,7,13,26,11,9,13,10,6,10,16,18,13,3,9,10,6,7,5,8,16,7,-20,8,12,11,10,5,4,8,-20,11,8,8,10,5,9,9,11,10,11,6,-20,4,-20,-20,7,-20,-20,-20,-20,4,4,7,6,8,4,7,5,7,-20,3,9,3,-20,5,4,-20,5,4,-20,-20,6,3,4,5,9,7,9,7,8,-20,-20,3,8,4,3,9,7,-20,8,6,-20,3,4,4,8,7,-20,5,4,-20,-20,-20,7,-20,-20,8,8,8,22,7,21,35,16,29,12,38,29,32,30,24,58,48,33,24,41
"chr1,17386953",-20,4,9,-20,8,-20,14,-20,-20,-20,11,10,34,19,20,10,37,11,81,79,53,13,54,53,66,27,31,22,18,5,13,5,15,10,67,56,39,33,23,4,9,-20,18,21,7,39,5,51,-20,16,20,33,49,36,25,17,56,23,28,38,34,31,46,32,19,13,35,62,62,30,34,27,23,44,31,61,32,4,14,12,7,18,15,5,13,42,32,64,44,14,11,32,40,32,29,27,15,69,3,39,31,40,5,15,37,58,-20,30,37,8,15,8,16,41,9,5,35,7,11,4,3,9,13,6,36,-20,-20,22,16,-20,29,3,10,-20,38,43,63,4,-20,11,-20,10,14,-20,48,4,4,21,11,9,12,-20,11,10,5,12,4,27,46,19,9,5,3,5,-20,-20,10,-20,9,-20,35,26,25,13,3,12,-20,-20,13,-20,10,-20,14,12,18,4,11,8,-20,-20,-20,-20,-20,-20,5,16,-20,11,25,3,-20,17,22,-20,-20,17,14,46,-20,37,30,-20,-20,-20,-20,-20,28,4,-20,-20,7,7,16,24,6,22,-20,-20,14,27,34,-20,49,20,8,14,8,9,16,10,23,8,12,-20,9,30,7,9,15,-20,9,15,-20,13,7,10,16,8,11,8,-20,16,14,12,-20,17,20,14,16,14,9,-20,10,-20,-20,15,37,25,30,38,7,15,12,38,4,11,13,-20,15,11,6,24,-20,10,66,26,40,6,6,7,19,12,6,6,-20,49,26,8,44,53,66,50,54,59,7,8,-20,-20,17,106,16,18,17,13,-20,8,-20,10,10,39,7,14,-20,12,40,-20,10,29,38,6,13,36,12,10,10,17,6,5,14,9,6,10,7,13,-20,16,-20,13,10,4,9,27,25,3,3,18,10,4,13,4,14,13,3,77,5,11,12,73,12,16,19,-20,6,15,12,17,16,9,7,-20,3,-20,9,8,-20,3,6,11,69,10,6,3,6,18,12,7,5,16,7,-20,12,5,7,28,10,6,12,-20,3,-20,10,8,14,8,11,35,16,11,25,26,19,7,106,31,13,13,-20,11,8,9,9,30,-20,9,18,7,9,7,21,21,22,11,7,10,9,11,18,13,9,6,6,16,21,7,15,10,-20,-20,18,-20,5,12,7,12,11,9,5,9,62,35,25,14,9,-20,4,5,10,9,7,11,4,7,15,10,9,6,3,35,8,8,7,-20,11,9,63,8,18,6,-20,2,15,18,3,-20,59,43,39,52,15,41,43,7,11,43,44,14,12,48,3,2,33,-20,-20,13,-20,11,10,-20,6,6,8,14,20,13,15,21,3,-20,5,12,22,4,11,12,7,9,12,-20,6,12,10,32,12,4,18,-20,-20,-20,56,-20,16,2,-20,10,3,14,10,14,33,-20,27,59,48,32,21,34,8,19,12,25,18,12,22,-20,9,14,12,13,12,13,6,31,14,28,27,23,12,49,13,13,8,9,19,-20,-20,2,-20,-20,-20,8,9,27,19,11,52,26,46,31,23,19,13,23,11,-20,-20,-20,27,13,11,15,61,-20,12,5,-20,23,39,7,9,8,6,20,34,16,14,19,32,29,11,42,-20,23,10,-20,15,-20,18,10,18,14,9,14,6,20,6,7,15,17,11,16,6,9,11,5,20,12,11,6,7,8,9,10,7,4,13,15,14,-20,11,8,7,11,16,12,7,15,11,9,10,7,9,-20,21,13,4,15,11,12,4,9,12,14,-20,10,21,9,16,11,8,9,7,12,16,5,15,7,10,5,8,10,9,7,11,8,16,12,8,12,12,8,30,15,18,11,9,9,10,11,10,20,-20,-20,10,8,12,11,-20,9,11,23,3,9,12,9,15,17,-20,9,5,7,13,6,3,7,7,11,6,16,5,12,13,7,14,8,9,8,6,4,16,4,14,4,5,7,11,6,-20,5,11,10,9,15,5,14,-20,3,15,19,9,16,15,6,14,7,9,10,8,18,21,17,17,13,11,12,8,5,10,13,7,8,6,22,5,8,13,16,18,9,16,5,16,22,15,8,13,7,5,13,14,14,12,10,9,10,10,3,3,3,15,7,27,9,19,16,10,10,9,7,12,14,14,4,5,4,12,12,-20,17,18,11,5,-20,8,15,8,76,6,25,18,11,12,20,22,21,20,12,18,19,12,15,8,22,18,28,15,15,19,34,23,20,11,13,12,18,30,-20,26,13,30,9,13,21,18,11,23,17,13,15,8,8,13,12,5,6,6,9,3,7,10,9,-20,7,7,7,7,14,15,6,-20,8,6,8,15,-20,10,13,14,6,6,6,7,11,-20,11,4,13,23,8,10,6,13,4,4,-20,-20,-20,-20,6,-20,9,10,19,6,9,6,14,10,10,13,17,12,12,19,17,6,12,10,11,19,7,12,29,11,7,14,5,6,8,15,18,11,3,9,10,5,7,5,8,14,7,-20,9,13,12,10,5,4,8,-20,11,8,8,10,6,9,9,11,11,-20,7,-20,5,-20,-20,-20,-20,3,-20,2,4,4,6,4,7,4,8,6,7,-20,4,9,-20,-20,7,7,-20,-20,3,-20,3,6,3,3,5,10,5,-20,6,8,6,-20,-20,8,5,4,-20,8,4,8,5,6,3,4,-20,7,7,-20,5,5,-20,-20,3,8,-20,-20,8,8,-20,23,8,22,38,17,27,13,40,34,32,30,23,65,51,33,23,41
"chr1,17386959",-20,4,8,-20,7,-20,14,3,-20,-20,8,10,33,20,20,10,38,11,76,76,51,12,55,52,63,27,33,24,16,5,13,6,15,9,78,54,37,34,21,3,9,41,18,20,7,39,5,52,-20,16,22,33,49,36,23,16,53,24,29,36,33,32,46,33,19,14,40,63,64,28,36,27,23,44,34,61,32,3,13,10,6,17,12,5,13,44,35,62,42,15,14,31,39,32,30,29,13,70,3,37,30,37,5,15,35,59,-20,28,39,7,16,8,17,37,9,3,32,5,10,4,3,8,12,6,37,-20,-20,20,16,-20,29,3,9,-20,39,44,63,4,-20,10,-20,10,12,-20,48,5,4,15,9,8,9,8,12,12,7,12,6,29,48,27,8,5,3,5,-20,-20,10,-20,7,8,39,27,21,12,3,18,32,7,15,65,11,6,16,12,19,4,11,9,-20,13,9,18,-20,-20,5,11,12,12,27,3,9,17,20,9,29,13,15,49,-20,-20,29,-20,22,19,7,9,31,4,7,7,5,5,14,22,5,22,9,-20,15,27,30,11,47,22,6,11,9,7,18,9,23,8,12,4,7,29,7,8,14,9,8,13,6,11,5,8,14,8,11,7,21,13,13,9,-20,16,24,14,14,13,7,24,11,-20,8,-20,37,37,27,43,6,13,13,41,4,10,13,4,14,11,6,22,-20,11,71,25,42,6,6,6,18,11,6,6,6,51,28,8,45,52,66,50,49,59,7,5,-20,-20,19,103,16,17,17,12,3,8,-20,9,11,39,7,15,-20,12,36,10,11,30,28,5,10,29,12,9,10,18,6,3,15,6,6,12,6,13,-20,16,-20,12,9,4,9,30,25,4,3,18,10,4,13,4,17,12,3,80,6,14,12,71,14,16,20,7,7,15,12,16,16,8,7,10,3,-20,9,8,6,2,6,10,69,11,6,4,6,12,8,7,6,16,5,9,10,5,9,30,12,6,11,-20,-20,-20,10,8,15,8,11,35,13,11,27,22,18,6,105,33,12,13,-20,11,9,9,9,29,-20,10,16,6,5,7,19,21,21,13,7,11,9,11,17,14,8,6,7,18,22,8,14,10,-20,-20,18,9,5,12,7,13,10,9,5,8,62,33,25,15,7,7,4,6,10,8,7,9,5,-20,14,-20,7,-20,4,34,7,7,-20,11,12,8,66,6,15,7,-20,-20,19,18,3,16,60,44,39,55,15,39,43,7,10,50,40,14,11,45,3,-20,37,12,-20,14,25,10,9,-20,6,6,8,12,18,12,16,20,3,6,5,10,21,4,6,10,7,9,11,-20,-20,11,10,36,12,4,18,-20,15,3,60,-20,16,-20,14,10,3,13,8,12,30,-20,28,57,51,29,21,34,9,21,12,23,13,12,21,-20,9,13,11,14,12,14,6,29,12,26,24,19,13,45,11,13,8,8,18,-20,-20,2,-20,-20,-20,8,-20,27,22,12,58,27,44,35,25,18,11,23,11,37,-20,-20,30,11,10,15,65,44,13,5,21,20,41,5,7,10,-20,21,35,18,14,22,35,31,8,40,-20,22,12,-20,15,16,18,11,16,17,10,13,6,20,-20,7,13,16,10,16,7,8,10,7,19,11,10,6,7,8,10,10,5,4,12,16,14,-20,11,8,7,10,11,11,7,15,11,7,10,8,9,7,17,12,4,14,10,12,4,9,10,15,-20,9,18,8,14,12,8,9,6,12,17,5,15,-20,11,5,7,8,9,5,10,8,15,11,8,11,11,8,27,14,18,11,7,7,10,11,9,19,-20,-20,10,6,12,11,-20,8,11,22,3,6,13,8,14,16,-20,9,4,7,12,8,3,7,7,11,7,19,3,12,14,8,15,8,9,8,6,4,14,4,15,4,5,6,11,6,-20,5,10,10,11,15,5,14,10,3,15,19,8,15,15,6,15,7,10,7,7,18,22,17,18,11,12,13,7,4,11,13,7,8,4,21,6,7,13,14,16,9,13,4,14,19,15,8,14,7,5,10,14,13,12,8,8,10,9,3,-20,-20,14,6,22,8,19,17,11,10,7,7,11,12,15,5,5,4,12,11,3,16,18,10,5,-20,8,15,8,79,6,20,17,8,11,17,21,19,17,11,16,18,12,16,7,20,18,26,14,14,19,36,21,19,10,12,10,13,30,-20,24,13,30,8,8,21,17,11,21,16,13,13,6,8,13,11,5,6,6,8,3,7,9,8,-20,7,8,4,6,12,14,5,-20,8,6,8,15,-20,9,12,14,5,6,6,6,10,-20,11,4,12,21,6,10,5,12,4,4,-20,-20,-20,-20,6,3,8,9,18,5,8,6,14,9,9,13,19,12,10,20,17,6,11,8,9,17,8,12,30,12,7,13,5,6,8,16,15,12,-20,8,10,6,6,4,7,13,7,-20,8,13,13,8,5,4,8,-20,10,8,8,10,5,9,10,11,11,8,5,-20,5,-20,-20,5,3,-20,-20,4,5,-20,7,5,-20,4,6,6,5,-20,4,6,-20,-20,7,6,-20,6,3,3,4,6,-20,-20,5,10,7,8,5,7,8,-20,-20,7,5,4,-20,-20,-20,8,5,-20,3,-20,6,8,5,-20,4,5,-20,-20,3,11,-20,3,10,6,8,24,8,23,37,16,29,13,36,35,26,30,25,69,48,32,22,43
"chr1,17386962",-20,4,9,-20,7,-20,16,3,-20,-20,7,10,35,19,20,10,41,12,78,76,51,11,54,51,62,25,33,23,17,5,12,6,14,9,76,55,37,30,21,3,9,-20,18,20,7,38,5,-20,-20,16,21,32,48,36,23,14,53,-20,30,35,32,32,44,34,19,13,40,58,65,28,34,28,23,45,32,56,34,3,13,10,5,16,13,5,12,43,35,58,42,15,14,29,37,30,29,29,13,68,3,36,29,33,4,14,34,59,-20,30,40,8,16,8,16,36,9,-20,33,5,9,4,3,8,-20,5,36,-20,-20,20,15,-20,30,3,9,-20,40,42,56,3,-20,10,-20,9,12,-20,48,5,4,14,8,8,9,6,-20,11,7,10,6,28,43,25,8,6,3,3,-20,-20,11,-20,8,8,35,-20,20,12,3,-20,30,-20,15,-20,-20,6,17,12,18,4,11,9,-20,12,9,18,-20,-20,5,11,12,12,22,3,8,17,21,9,29,13,10,40,-20,-20,27,-20,22,17,-20,10,27,2,-20,-20,5,5,13,-20,4,18,9,-20,-20,26,30,12,48,-20,6,10,9,5,-20,7,25,6,12,-20,7,30,8,8,14,-20,8,-20,7,12,-20,9,12,8,-20,6,18,12,14,8,-20,15,21,14,-20,11,6,22,11,-20,8,7,39,43,25,42,6,12,13,38,4,10,13,3,14,10,7,21,-20,10,56,25,43,6,8,6,-20,11,5,6,6,53,23,8,47,53,64,50,44,59,7,5,-20,-20,18,104,14,14,16,12,2,7,-20,9,11,39,7,14,-20,12,34,10,11,29,26,4,10,29,10,9,10,17,6,3,15,6,5,11,5,13,-20,14,-20,12,9,4,7,-20,25,4,3,16,11,5,13,3,17,11,3,78,7,11,13,74,13,16,18,-20,6,15,10,16,14,7,7,-20,4,-20,-20,8,5,-20,6,8,68,11,6,4,6,12,8,7,6,17,6,-20,9,5,8,28,12,6,12,-20,-20,-20,9,7,16,9,11,35,12,-20,27,22,20,6,102,32,12,12,-20,11,9,9,9,28,-20,10,15,6,5,6,18,21,17,14,6,-20,8,11,17,14,9,6,7,17,22,-20,15,10,-20,-20,17,-20,5,12,8,13,11,9,4,8,61,32,25,14,6,7,4,6,10,8,7,9,5,8,14,9,7,-20,3,32,5,5,-20,-20,11,8,60,6,14,7,-20,-20,19,20,3,14,59,45,37,51,16,39,42,7,10,51,39,14,11,43,3,-20,-20,11,-20,13,27,10,8,-20,6,6,8,12,18,11,15,20,3,6,5,11,21,4,6,10,5,9,-20,-20,8,11,9,34,10,2,17,-20,-20,3,59,-20,17,-20,13,10,3,13,7,10,29,-20,24,60,52,28,22,34,8,-20,12,24,13,11,22,-20,9,11,11,-20,11,13,7,28,13,23,21,18,13,45,11,13,8,9,18,-20,-20,2,-20,-20,-20,8,9,27,23,11,51,26,44,37,24,16,9,22,11,34,-20,-20,29,10,10,15,60,-20,13,4,19,19,39,6,7,11,-20,20,-20,20,14,20,36,-20,8,37,-20,23,13,-20,14,-20,18,11,16,16,10,12,6,22,-20,7,14,14,10,15,8,8,10,8,16,11,11,8,-20,8,10,10,5,4,10,18,13,-20,11,7,-20,10,11,11,7,15,9,8,10,8,-20,-20,17,13,4,13,10,12,4,8,10,15,-20,7,19,8,13,10,8,10,6,11,18,5,14,11,11,5,7,7,9,5,9,8,15,11,8,13,10,9,26,15,17,11,6,7,10,-20,-20,17,-20,-20,7,5,12,11,-20,9,9,23,3,6,13,7,12,16,-20,10,4,7,12,7,3,7,7,11,8,19,3,11,14,9,17,9,7,8,4,4,14,4,16,4,4,5,11,7,-20,5,10,10,11,15,4,14,10,3,15,18,8,16,14,7,15,-20,10,8,6,18,23,17,20,12,12,13,6,4,11,15,7,8,3,21,5,7,12,15,16,11,13,4,14,19,15,9,15,6,5,10,14,13,13,8,5,9,8,3,-20,-20,14,6,21,7,18,16,12,10,7,3,11,13,15,7,5,4,12,10,3,14,17,9,5,-20,6,15,9,80,5,24,18,8,10,17,19,15,16,9,14,19,12,15,7,19,20,24,14,14,19,36,21,18,9,12,9,10,29,-20,24,13,28,7,7,21,17,12,23,15,13,12,6,8,13,13,5,6,6,7,3,8,8,8,-20,7,8,3,7,12,14,4,-20,8,6,7,16,-20,9,12,15,-20,6,6,6,8,9,11,3,13,20,6,9,5,13,3,4,-20,-20,-20,-20,6,4,10,8,17,6,7,6,14,9,9,16,19,12,8,22,16,6,11,8,9,18,8,11,27,13,8,11,-20,7,8,16,15,11,-20,8,10,6,5,4,8,11,7,-20,10,13,13,5,3,4,8,-20,10,7,7,10,5,7,10,12,8,9,5,-20,6,-20,-20,5,4,-20,-20,5,-20,-20,-20,6,-20,3,7,5,6,-20,3,5,-20,-20,7,-20,-20,6,2,3,3,3,3,-20,5,-20,7,5,5,-20,6,-20,-20,6,4,4,-20,7,-20,7,3,5,3,-20,-20,8,4,-20,-20,5,-20,-20,-20,10,-20,-20,11,6,8,25,8,24,36,15,28,14,32,33,26,30,25,70,47,30,22,41
"chr1,17386963",-20,4,9,-20,8,-20,16,3,-20,-20,7,10,36,19,20,10,41,12,79,75,50,11,56,51,60,25,34,23,17,5,12,6,13,9,78,55,36,29,22,3,9,37,17,20,7,38,5,49,-20,16,21,32,48,33,24,12,53,25,29,35,32,32,44,34,18,13,41,59,64,28,33,29,23,42,32,58,34,3,13,10,5,17,13,5,12,44,34,58,41,14,14,29,37,28,28,29,13,67,3,35,29,32,4,14,34,60,-20,30,41,8,16,8,17,37,9,-20,33,5,9,4,3,8,10,5,36,-20,-20,18,16,-20,29,3,9,-20,40,41,57,3,-20,10,-20,9,12,-20,49,5,4,14,8,8,9,6,15,11,7,10,5,28,45,23,8,6,3,3,-20,-20,11,-20,8,8,37,28,20,12,3,17,30,7,15,64,-20,6,16,11,18,-20,10,9,-20,13,-20,17,-20,-20,4,-20,12,12,21,3,8,17,22,9,30,12,10,40,-20,43,29,-20,23,19,6,-20,28,2,6,7,5,5,12,21,4,18,9,-20,15,25,31,11,49,-20,6,9,9,5,18,7,26,5,11,-20,6,30,8,8,14,9,8,11,7,11,-20,9,12,8,12,6,19,12,-20,8,-20,15,25,13,12,12,6,22,12,-20,8,7,38,45,23,43,6,12,14,41,4,11,12,3,14,11,7,21,-20,10,57,25,41,6,8,6,17,11,5,6,6,53,25,8,47,54,64,49,46,59,7,5,-20,-20,18,105,15,15,15,12,-20,7,-20,9,11,37,7,14,-20,12,32,10,11,28,25,4,10,30,10,7,10,17,5,3,14,6,5,11,4,13,-20,14,-20,11,10,4,7,29,25,4,3,16,9,5,13,3,17,10,3,78,7,12,13,75,14,16,18,7,6,15,9,16,14,6,8,-20,4,-20,9,8,5,-20,6,8,69,12,6,4,6,12,8,7,6,17,-20,9,9,5,8,29,11,6,13,-20,-20,-20,9,7,16,10,12,35,11,10,26,22,20,5,102,32,11,11,-20,11,9,9,9,28,-20,10,15,6,5,6,18,21,17,15,6,10,8,12,17,15,9,6,7,17,20,7,15,10,-20,-20,16,9,-20,12,8,13,11,9,3,8,59,32,26,14,6,7,4,6,9,8,7,9,5,8,14,8,7,-20,3,32,5,5,-20,9,11,7,58,6,14,7,-20,-20,19,17,3,14,59,47,38,51,17,39,42,7,10,51,36,14,11,41,3,-20,34,-20,-20,12,27,10,8,-20,7,6,8,12,17,10,15,19,3,6,5,11,20,-20,6,10,5,9,-20,-20,-20,11,9,38,9,2,17,-20,14,3,59,-20,20,-20,13,10,-20,13,7,8,26,-20,24,60,50,26,21,34,7,19,12,24,13,12,21,-20,9,11,11,14,11,13,7,28,13,23,23,18,13,45,11,13,8,9,18,-20,-20,2,-20,-20,4,8,9,27,23,-20,53,27,44,34,-20,17,9,22,11,33,-20,-20,28,12,10,15,63,41,12,4,20,19,41,6,7,11,-20,-20,35,20,13,22,34,32,8,39,-20,24,16,-20,14,14,17,11,17,17,10,12,6,22,5,7,14,14,10,15,8,7,11,8,16,11,11,8,7,8,10,10,5,4,10,18,13,-20,11,7,7,10,11,11,7,15,9,8,10,8,9,7,17,13,4,13,-20,12,4,8,10,15,-20,6,19,8,13,10,8,10,6,11,18,5,14,11,11,5,7,7,9,5,9,8,15,12,8,13,10,9,26,15,16,11,6,7,11,12,8,17,-20,-20,7,5,12,11,-20,9,9,23,3,6,14,7,12,16,-20,10,4,7,12,7,3,7,7,11,8,19,3,12,14,9,17,9,7,8,4,4,14,4,17,4,4,5,12,7,-20,5,10,10,11,15,4,14,10,3,15,18,8,16,13,7,15,9,-20,8,6,18,23,17,20,12,12,13,6,4,11,15,7,8,3,21,5,7,11,15,17,11,13,4,14,19,15,9,15,6,5,10,14,13,12,8,5,9,8,3,-20,-20,15,6,21,7,18,16,12,10,7,3,11,13,15,7,5,4,12,10,3,14,17,9,5,-20,6,16,9,79,5,24,18,8,10,17,19,16,16,9,13,19,12,15,7,19,20,24,13,14,20,36,21,18,9,12,9,9,29,-20,24,12,28,7,7,21,17,12,23,15,13,12,6,8,13,13,5,6,6,7,3,8,8,8,-20,7,8,3,7,12,14,4,-20,8,6,7,16,-20,9,11,15,6,6,6,6,8,9,11,4,13,20,6,9,5,13,3,4,-20,-20,-20,-20,6,4,10,8,17,6,6,6,14,9,9,15,20,12,8,22,16,6,11,9,9,18,8,12,28,13,8,12,5,7,8,16,15,11,-20,8,10,6,5,4,9,11,7,-20,11,13,13,6,3,4,8,-20,10,7,7,10,5,6,10,12,8,8,5,-20,6,-20,-20,5,4,3,-20,4,4,-20,5,6,-20,-20,6,6,6,-20,-20,5,-20,-20,6,5,-20,-20,-20,-20,4,4,3,-20,6,9,-20,6,6,5,6,-20,-20,6,4,4,4,-20,-20,5,5,5,3,-20,3,-20,-20,-20,3,5,-20,-20,4,9,-20,-20,8,6,8,24,-20,24,35,16,29,14,33,34,26,-20,29,69,45,30,20,41
"chr1,17386964",-20,4,9,-20,8,-20,17,3,-20,-20,7,10,36,16,20,10,41,11,79,74,51,11,55,49,61,25,34,23,17,5,10,6,13,9,78,51,37,28,21,4,9,-20,17,20,7,39,-20,48,-20,16,21,32,48,34,24,13,52,26,28,35,33,31,45,32,19,13,39,59,65,27,33,27,22,43,32,58,34,3,13,10,5,17,13,5,12,45,34,57,41,15,14,29,37,29,30,28,13,67,3,34,29,32,4,13,34,59,-20,31,41,8,16,8,17,38,9,-20,33,5,9,4,3,8,10,5,36,-20,-20,17,16,-20,29,3,9,-20,40,41,55,3,-20,9,-20,9,12,-20,55,5,4,14,8,8,10,-20,20,11,8,9,4,27,-20,22,8,6,3,3,-20,-20,11,-20,9,-20,36,-20,19,13,3,-20,31,-20,15,-20,9,5,16,12,18,4,10,9,-20,13,-20,17,-20,-20,4,11,11,11,22,-20,-20,18,22,-20,28,11,10,41,-20,42,28,-20,23,-20,5,9,29,2,-20,7,5,5,14,-20,4,19,9,-20,-20,24,29,11,51,-20,6,8,-20,5,-20,7,26,5,11,-20,6,30,8,8,14,-20,8,11,7,11,-20,9,12,8,-20,9,19,11,-20,8,-20,15,23,13,11,-20,6,-20,11,-20,8,7,39,43,22,43,6,10,15,37,4,11,14,3,14,10,6,20,4,9,57,25,41,6,8,6,-20,11,6,-20,6,54,25,8,45,54,64,48,48,59,7,5,-20,-20,18,105,15,15,16,12,-20,8,-20,9,11,37,7,14,-20,12,33,10,11,30,29,4,10,29,10,7,10,17,5,3,14,6,5,11,3,13,-20,13,-20,10,11,4,7,31,25,4,3,16,9,5,13,3,15,10,3,79,7,12,13,76,-20,16,18,-20,-20,16,9,16,14,6,8,-20,4,-20,9,8,5,-20,6,8,70,11,6,4,5,10,8,8,6,17,-20,-20,9,5,8,30,11,6,12,-20,-20,-20,9,-20,16,-20,11,35,11,10,26,20,19,5,99,30,13,11,-20,11,9,9,9,27,-20,10,14,6,3,6,18,21,17,14,6,10,8,12,17,16,9,6,7,17,20,7,15,10,-20,-20,16,-20,5,12,7,12,11,9,3,8,58,32,26,13,6,-20,4,6,8,8,-20,9,5,7,13,8,7,-20,3,33,6,5,-20,9,10,7,59,6,14,7,-20,-20,20,18,4,14,61,47,38,47,17,39,43,7,10,49,37,13,11,42,3,-20,32,11,-20,13,-20,10,9,-20,7,6,8,12,17,10,15,19,3,6,5,11,20,-20,6,10,5,9,-20,-20,8,11,9,36,10,2,17,-20,13,3,61,-20,20,-20,14,-20,-20,13,-20,8,27,-20,23,58,51,25,20,36,7,20,13,23,12,12,20,-20,9,11,10,14,11,13,7,28,13,22,23,18,13,46,11,13,8,10,18,-20,-20,2,-20,-20,4,8,9,27,23,-20,-20,28,44,35,24,-20,9,22,10,33,-20,-20,-20,12,9,15,58,-20,12,3,-20,19,-20,-20,7,11,-20,-20,-20,20,13,24,30,-20,7,36,-20,-20,15,-20,14,15,18,11,-20,17,10,12,6,21,5,7,14,14,10,15,8,7,11,8,16,11,11,8,7,9,10,9,5,5,10,18,13,-20,11,7,7,10,11,10,6,15,9,8,11,8,8,7,17,13,4,13,9,12,4,8,10,15,-20,6,19,8,13,10,7,-20,5,11,18,5,14,11,11,5,7,7,9,5,9,8,15,12,8,13,10,9,26,14,15,11,6,7,12,11,9,16,-20,-20,7,5,12,11,-20,8,9,23,3,6,14,7,12,16,-20,10,4,7,12,7,3,7,7,11,8,19,3,11,16,9,16,9,7,8,4,4,14,4,17,4,4,5,13,8,-20,5,10,10,10,15,4,14,10,3,15,18,8,15,12,6,15,9,10,8,5,18,23,17,20,12,12,13,6,4,11,15,7,8,3,21,5,7,11,15,16,11,13,4,15,19,15,9,15,6,5,10,14,13,13,8,5,9,8,3,-20,-20,15,6,21,7,18,16,12,10,7,3,11,13,15,7,5,4,12,10,3,13,17,9,5,-20,6,16,9,79,5,24,17,8,10,17,19,16,16,8,13,19,12,15,7,19,20,25,13,14,20,36,21,18,9,12,9,9,29,-20,24,12,27,7,7,21,16,12,23,15,13,12,6,7,13,13,6,6,6,8,3,8,8,8,-20,7,7,3,7,12,14,4,-20,8,6,6,16,-20,9,11,14,-20,6,6,6,8,9,11,4,13,20,6,9,5,12,3,4,-20,-20,-20,-20,6,-20,11,-20,17,6,6,6,14,9,9,15,20,12,8,22,16,6,11,9,9,18,8,12,28,13,8,12,5,7,8,16,14,10,-20,8,10,6,5,4,9,11,7,-20,11,11,13,6,3,5,8,-20,10,7,6,10,5,6,11,12,8,8,5,-20,5,-20,-20,-20,3,-20,-20,-20,-20,-20,7,6,6,4,5,6,6,-20,-20,6,-20,-20,5,5,-20,4,4,-20,3,-20,3,-20,6,7,5,5,-20,5,7,-20,-20,5,4,4,3,-20,-20,5,-20,5,3,-20,3,5,-20,-20,3,5,-20,-20,-20,12,-20,-20,10,-20,-20,24,-20,24,37,15,29,14,31,32,26,-20,29,71,46,29,21,41
"chr1,17386969",-20,4,9,-20,9,-20,17,3,3,-20,9,11,38,15,18,12,41,11,75,72,52,12,55,53,61,28,36,27,19,4,11,7,13,8,82,54,38,27,21,4,9,37,17,20,7,38,5,48,-20,16,20,30,48,31,23,14,51,29,30,34,33,30,45,36,18,12,39,58,59,26,31,27,25,44,31,59,34,4,16,10,7,16,12,5,13,45,34,56,42,16,14,30,37,28,33,28,14,65,3,37,31,33,5,13,32,61,-20,30,40,8,17,9,18,38,9,-20,30,5,-20,4,3,8,10,5,38,-20,-20,16,20,-20,30,3,11,-20,37,42,55,4,-20,-20,-20,9,12,-20,53,7,4,14,10,9,10,5,19,11,8,8,5,28,42,21,10,7,7,3,-20,-20,11,-20,9,7,38,26,22,11,-20,-20,32,7,13,64,12,3,16,10,19,4,-20,8,-20,13,-20,15,-20,-20,4,10,-20,12,17,-20,5,19,17,6,30,9,9,39,-20,40,30,-20,24,-20,4,6,26,2,6,7,3,4,13,23,3,20,8,-20,12,26,23,11,49,25,5,8,7,4,12,7,24,5,8,-20,7,31,8,4,11,9,8,10,8,9,4,10,10,8,12,9,19,10,12,4,-20,14,26,13,10,8,4,21,11,-20,8,7,44,46,26,42,6,10,15,39,3,11,14,-20,13,10,6,20,-20,8,52,22,41,8,9,7,17,12,6,7,6,56,28,10,46,54,63,45,48,53,6,6,-20,-20,15,104,13,14,17,9,-20,6,-20,9,11,38,7,13,-20,13,31,11,11,30,30,5,8,27,9,6,10,18,6,-20,16,3,4,11,-20,11,-20,13,-20,12,11,6,7,27,24,4,3,16,9,7,11,4,16,10,3,77,7,12,14,78,14,16,21,7,7,14,8,15,14,5,6,9,4,-20,9,8,5,3,7,8,68,9,5,4,3,11,6,7,6,16,6,11,7,4,8,29,13,6,15,-20,-20,-20,8,7,13,10,12,35,12,11,28,20,20,4,102,32,13,10,-20,11,11,9,-20,28,-20,10,15,4,4,6,18,21,16,14,7,10,8,-20,16,19,9,7,7,15,20,7,12,9,-20,-20,17,11,3,14,9,12,12,8,3,9,55,35,27,15,7,7,4,6,9,7,7,9,5,6,14,5,8,-20,3,35,7,3,-20,-20,11,9,61,6,13,8,-20,-20,18,17,4,12,61,47,36,49,19,39,44,7,11,53,33,13,12,37,3,-20,34,10,-20,12,27,11,9,-20,6,7,4,11,15,10,14,19,3,4,-20,11,22,-20,5,11,6,8,11,-20,7,10,9,38,11,-20,12,-20,13,3,62,-20,20,-20,13,10,-20,12,6,7,25,-20,22,56,55,23,20,36,6,20,14,23,11,12,24,-20,9,13,8,15,10,13,6,27,14,25,23,18,13,48,11,13,8,8,19,-20,-20,2,-20,-20,4,9,10,26,21,-20,54,26,48,32,23,18,8,24,7,33,-20,-20,26,15,8,14,56,40,12,4,21,23,38,6,7,10,-20,-20,33,20,13,17,27,32,7,41,-20,22,15,-20,12,15,13,10,16,15,11,13,6,22,6,7,15,15,10,18,9,7,14,10,18,11,12,8,-20,8,13,9,5,5,11,18,12,-20,11,7,8,10,11,9,7,16,9,11,13,6,8,11,16,18,7,13,8,12,6,8,11,15,-20,7,21,8,16,12,9,10,6,11,18,4,16,13,11,4,6,9,8,6,9,8,14,15,8,15,11,11,27,15,14,14,7,8,12,11,9,14,-20,-20,8,5,13,13,-20,8,9,22,2,6,15,7,14,16,-20,10,5,8,16,7,5,9,5,12,8,20,-20,11,17,9,17,9,8,9,6,3,15,7,17,4,4,5,13,8,3,-20,9,11,10,18,3,16,11,3,15,18,8,14,10,7,17,10,10,10,7,15,21,23,23,13,12,13,7,3,13,16,7,7,3,25,5,6,15,15,19,10,15,3,18,20,18,11,18,7,6,10,13,15,12,8,4,10,11,3,-20,-20,17,7,22,9,21,23,13,12,8,6,13,14,15,9,5,7,12,11,-20,13,18,10,5,-20,6,15,10,77,6,24,21,8,11,17,22,18,17,7,14,19,12,19,10,21,23,28,12,19,20,38,23,17,9,13,10,9,36,-20,23,11,27,8,6,20,16,15,27,15,14,11,10,7,14,13,8,7,10,9,3,9,8,8,-20,7,7,-20,7,12,15,4,-20,9,5,6,16,-20,10,13,14,6,6,7,6,10,9,8,4,15,20,5,9,4,12,3,4,-20,4,-20,-20,6,-20,12,5,18,6,4,6,17,8,11,17,21,13,9,24,18,6,11,7,10,19,8,9,32,13,8,11,5,6,6,18,15,11,-20,8,11,6,7,4,9,8,7,-20,13,13,13,5,3,5,8,-20,10,7,4,8,5,10,11,16,-20,6,4,-20,6,-20,-20,-20,4,3,-20,4,-20,-20,7,5,4,3,3,6,5,-20,-20,-20,5,-20,6,5,-20,6,5,-20,2,3,-20,-20,6,6,3,5,7,-20,8,-20,-20,5,4,4,4,6,-20,4,-20,3,-20,-20,2,5,4,-20,-20,6,-20,-20,4,11,-20,-20,8,5,9,26,8,26,36,13,30,16,30,33,38,-20,28,65,51,30,19,40
"chr1,17386971",-20,4,9,-20,9,-20,14,-20,3,-20,9,11,39,16,19,12,41,10,75,71,52,11,55,51,59,29,38,28,19,4,11,7,12,7,82,51,37,28,20,4,9,35,-20,19,7,37,5,51,-20,13,21,31,47,32,21,14,51,25,29,34,34,31,46,37,18,12,39,61,60,25,30,27,24,44,30,61,33,4,14,8,5,17,12,5,-20,44,34,56,41,15,14,30,38,29,29,26,13,65,3,36,32,34,5,12,29,58,-20,30,42,8,16,9,17,37,9,-20,33,5,9,4,3,-20,10,5,39,-20,-20,16,19,-20,29,4,9,-20,38,45,52,3,-20,7,-20,9,13,-20,50,7,4,13,10,8,10,5,18,8,8,7,5,28,-20,20,10,7,7,-20,-20,-20,9,-20,8,6,41,-20,21,12,-20,-20,-20,7,13,65,-20,3,16,9,19,4,-20,-20,-20,13,11,14,-20,-20,4,8,9,12,16,-20,5,19,-20,6,30,8,-20,-20,-20,-20,-20,-20,24,18,3,4,24,2,5,-20,3,-20,12,21,3,19,-20,-20,-20,26,20,-20,50,-20,5,7,7,5,12,5,24,3,-20,4,6,30,8,-20,-20,-20,8,9,8,9,4,9,10,8,11,9,19,-20,12,-20,-20,15,26,12,3,7,4,21,11,-20,8,7,47,45,26,40,6,10,13,39,3,11,15,3,12,9,6,20,4,-20,44,22,-20,8,8,7,17,11,6,6,6,55,29,10,45,53,60,42,49,-20,6,6,-20,-20,15,101,14,14,19,9,-20,7,-20,9,11,37,7,13,-20,14,32,-20,11,29,25,-20,8,28,8,6,10,19,5,-20,16,3,5,11,-20,12,-20,12,-20,14,10,-20,6,25,25,4,3,16,9,7,10,4,17,10,3,78,7,10,14,81,13,15,19,8,7,14,8,15,15,5,8,7,5,-20,9,8,5,3,7,8,67,9,5,4,3,11,6,8,6,16,-20,11,7,4,9,29,13,6,14,-20,-20,-20,9,6,13,11,13,34,10,13,29,19,19,3,101,31,11,10,-20,11,9,8,10,27,-20,9,14,4,-20,6,17,20,14,14,7,10,8,10,13,19,9,8,7,15,19,7,12,9,-20,-20,17,9,3,14,8,12,12,8,3,9,56,36,28,15,7,6,4,5,7,8,6,9,5,6,12,5,8,-20,3,34,6,3,-20,8,11,8,63,6,13,8,-20,-20,18,14,4,12,63,49,38,48,19,40,45,7,11,54,33,12,11,36,4,-20,35,10,-20,13,27,10,9,-20,6,7,3,9,16,9,14,18,4,4,-20,13,22,-20,5,11,-20,8,11,-20,-20,10,9,38,11,-20,11,-20,-20,3,62,-20,20,-20,13,10,-20,11,6,7,25,-20,22,56,54,24,21,36,-20,20,14,21,11,11,23,-20,9,12,7,14,10,13,5,25,12,24,20,18,13,43,8,12,8,8,19,-20,-20,2,-20,-20,3,9,-20,25,21,10,-20,26,50,34,22,17,8,27,6,33,-20,-20,26,15,7,14,51,42,10,4,20,23,32,4,7,11,-20,13,35,20,13,19,27,31,8,41,-20,-20,15,-20,12,11,10,9,-20,14,9,13,6,21,5,5,15,15,10,18,9,6,13,10,16,11,12,8,-20,8,13,8,5,5,11,18,9,-20,11,7,7,-20,9,8,6,16,8,11,13,5,5,9,17,15,7,13,7,12,6,7,11,14,-20,7,21,7,16,10,8,10,6,10,18,4,14,13,10,4,6,9,7,6,8,7,14,12,7,15,10,10,26,15,13,14,5,8,12,-20,9,12,-20,-20,8,4,13,13,-20,7,-20,23,2,5,15,6,12,-20,-20,9,5,8,14,7,5,8,4,12,7,19,-20,10,16,8,15,9,8,8,6,3,16,7,17,4,-20,5,13,5,3,-20,9,11,9,-20,3,16,-20,3,15,15,6,14,10,7,17,10,9,10,7,15,20,23,23,13,12,13,7,3,12,16,5,7,3,23,5,5,15,15,19,10,13,3,-20,18,17,11,18,7,5,10,12,15,12,8,-20,9,11,3,-20,-20,15,7,22,9,19,23,13,11,7,6,-20,14,15,9,4,6,11,11,-20,12,17,8,4,-20,6,15,10,75,5,20,19,7,11,17,21,17,15,7,13,16,10,17,10,18,21,25,10,19,19,36,23,14,9,13,9,8,32,-20,19,10,26,7,6,19,15,15,29,11,13,11,9,-20,14,13,7,7,9,9,3,8,8,6,-20,7,6,-20,7,12,15,3,-20,9,4,6,16,-20,10,13,13,6,5,7,5,9,9,7,4,14,20,5,8,3,11,3,4,-20,4,-20,-20,4,-20,11,5,18,6,3,6,15,8,11,17,20,12,9,24,17,6,9,6,10,19,9,9,31,13,8,11,5,6,6,17,15,10,-20,8,10,7,7,4,7,6,7,-20,12,13,12,5,3,5,8,-20,10,7,3,8,5,11,10,16,-20,7,2,-20,5,-20,-20,3,4,-20,-20,3,-20,-20,5,4,3,2,4,-20,-20,-20,-20,4,5,-20,-20,5,-20,6,4,-20,-20,-20,-20,-20,6,5,4,7,7,-20,7,-20,-20,5,6,-20,-20,3,-20,4,-20,3,-20,-20,3,4,4,-20,-20,6,-20,2,-20,8,-20,-20,8,4,9,27,8,26,36,13,28,-20,25,31,38,-20,26,64,50,28,19,39
"chr1,17386972",-20,4,9,-20,8,-20,14,-20,3,-20,9,11,37,16,18,13,40,10,75,72,53,11,55,51,59,29,37,28,19,4,11,7,12,7,83,51,36,28,20,4,9,37,13,18,7,36,6,49,-20,13,21,30,47,32,21,14,51,27,28,33,34,31,46,38,18,12,40,62,61,25,30,28,24,45,29,61,31,4,14,8,5,16,13,5,-20,45,34,56,40,15,13,30,38,28,29,26,13,66,3,36,30,33,5,12,30,60,-20,31,43,8,16,9,17,37,9,-20,33,5,9,4,3,-20,10,5,38,-20,-20,16,19,-20,30,4,9,-20,37,45,49,3,-20,8,-20,9,13,-20,50,7,4,14,10,8,10,5,18,7,7,7,5,28,32,19,10,7,7,-20,-20,-20,9,-20,8,6,40,-20,21,12,-20,18,50,7,11,66,15,3,18,9,21,3,-20,8,-20,14,-20,15,-20,-20,4,8,9,12,17,-20,7,19,15,6,30,8,7,40,-20,38,19,-20,22,17,3,4,22,2,5,-20,3,-20,13,-20,3,19,-20,-20,-20,27,19,11,47,23,5,6,7,6,12,5,24,3,6,6,6,29,8,4,-20,-20,8,10,8,8,4,9,9,8,11,9,18,8,12,-20,-20,14,26,12,-20,7,4,22,11,-20,8,7,46,43,25,40,6,11,13,38,3,11,14,3,12,-20,6,21,4,8,50,22,38,8,8,7,18,11,6,6,7,57,29,10,45,52,61,42,47,57,6,6,-20,-20,15,101,14,16,19,10,-20,7,-20,10,11,38,7,13,-20,14,30,10,11,31,26,-20,9,28,9,7,10,19,5,-20,15,-20,5,11,-20,12,-20,11,-20,14,10,-20,6,25,24,4,3,18,9,6,10,5,16,10,3,78,7,10,14,81,13,15,19,8,7,12,9,14,15,5,8,7,5,-20,9,7,5,3,7,9,66,8,5,4,3,11,6,8,5,15,-20,10,7,5,9,28,13,6,14,-20,-20,-20,9,7,13,10,13,34,10,13,29,18,19,3,100,31,11,10,-20,11,9,8,9,26,-20,9,14,4,4,5,17,20,13,13,7,11,7,10,13,19,-20,8,7,16,18,-20,13,8,-20,-20,17,9,-20,14,8,11,12,8,3,9,57,36,28,16,8,6,4,5,7,8,6,12,5,6,11,5,8,-20,3,34,6,3,-20,9,11,8,62,6,13,8,-20,-20,16,15,4,12,62,50,38,46,19,39,45,7,11,54,33,12,11,35,4,-20,35,10,-20,12,28,11,9,-20,7,7,3,9,16,-20,14,18,4,4,-20,13,22,-20,5,11,7,9,11,-20,-20,10,10,36,11,-20,11,-20,13,3,61,-20,20,-20,13,10,-20,10,6,7,23,-20,21,56,53,22,21,37,5,18,14,21,11,11,23,-20,8,12,7,14,10,12,5,25,12,24,21,18,13,43,8,12,8,8,19,-20,-20,2,-20,-20,4,9,9,23,23,10,50,27,51,34,24,18,9,27,5,32,-20,-20,26,14,7,14,52,42,12,5,-20,23,34,4,6,11,-20,14,34,21,14,18,27,32,9,40,-20,19,15,-20,11,11,11,9,17,15,9,13,6,21,4,5,15,14,10,18,9,6,13,10,16,11,12,8,6,8,13,8,5,5,11,18,9,-20,11,8,7,10,9,8,6,16,8,11,13,5,5,9,17,15,7,13,8,12,-20,7,11,14,-20,7,21,7,16,10,8,10,6,9,18,4,14,13,10,5,6,9,8,6,8,7,14,12,7,15,10,10,26,15,13,14,5,8,12,11,9,12,-20,-20,8,4,13,13,-20,7,9,23,2,5,15,6,13,-20,-20,9,5,8,14,7,5,8,4,12,7,19,-20,10,16,8,16,9,8,8,6,3,16,7,17,4,4,5,13,5,3,-20,9,11,9,18,3,16,9,3,15,15,6,14,10,7,17,10,9,10,7,15,20,23,23,13,12,13,7,3,12,16,-20,7,3,23,5,5,15,15,19,10,13,3,18,18,18,11,18,-20,5,10,13,15,12,8,-20,9,11,3,-20,3,16,8,22,9,19,23,13,11,7,6,13,14,15,9,4,6,11,11,-20,11,17,9,4,-20,6,16,11,77,5,22,18,7,11,17,21,17,15,7,13,16,11,18,10,18,21,27,10,19,19,37,23,14,9,13,9,8,34,-20,19,11,26,7,6,19,15,15,29,11,13,11,-20,7,14,14,7,7,9,9,3,8,8,5,-20,7,6,-20,7,12,15,3,-20,9,4,6,16,-20,10,13,13,6,5,7,6,9,9,6,4,14,20,5,-20,3,11,3,4,-20,4,-20,-20,5,-20,11,6,18,6,3,6,15,8,10,17,20,12,9,24,17,6,9,6,10,18,10,9,30,13,8,10,5,6,6,17,15,10,-20,8,10,7,7,4,7,6,7,-20,12,13,12,5,3,5,8,-20,10,-20,3,8,5,11,10,16,8,6,4,-20,6,-20,-20,3,4,3,-20,-20,-20,-20,4,-20,-20,3,4,4,4,-20,-20,-20,5,-20,5,5,-20,5,3,-20,2,-20,-20,-20,6,-20,4,6,7,-20,8,-20,-20,5,-20,3,-20,5,-20,4,-20,4,-20,-20,-20,5,4,4,-20,4,-20,2,3,7,-20,-20,8,4,9,28,8,26,37,14,28,16,26,33,38,-20,26,64,53,27,21,42
"chr1,17386974",-20,4,9,-20,9,-20,14,-20,3,-20,10,11,38,17,18,12,40,10,71,75,53,11,57,51,58,28,36,28,19,4,9,7,12,7,81,51,35,26,19,3,-20,34,12,17,7,34,6,50,-20,16,22,29,48,32,21,13,46,25,28,33,34,33,44,38,18,12,40,63,58,25,29,29,23,42,28,60,31,4,15,-20,5,16,13,5,13,46,35,56,40,15,14,28,37,29,31,27,13,66,5,36,33,33,5,13,30,61,-20,32,47,8,18,9,17,35,10,-20,32,4,9,5,3,-20,9,5,38,-20,-20,17,19,-20,27,4,9,-20,36,44,50,3,4,8,-20,9,12,-20,50,7,4,14,11,8,10,6,18,9,9,7,5,28,37,19,11,7,6,-20,-20,-20,9,-20,7,7,43,28,20,11,-20,20,-20,7,11,68,15,3,19,8,21,-20,-20,-20,-20,14,10,15,-20,-20,3,8,10,12,16,-20,7,19,15,7,30,7,9,39,-20,-20,24,-20,22,17,3,3,23,2,5,6,3,-20,14,20,-20,19,8,-20,12,25,20,12,47,22,5,6,8,7,12,6,24,3,7,6,7,28,11,3,-20,9,8,13,9,7,5,9,9,8,10,16,21,-20,11,-20,-20,14,26,12,6,9,4,21,11,-20,7,7,45,40,27,39,6,11,13,37,3,11,14,3,12,9,6,21,4,8,43,22,-20,8,8,7,17,12,8,6,7,57,30,10,45,51,62,43,47,61,6,6,-20,-20,15,101,15,17,19,11,-20,7,-20,10,11,38,7,13,-20,14,31,10,11,31,30,-20,8,27,8,7,10,19,4,-20,14,-20,5,11,-20,12,-20,10,-20,14,10,-20,6,25,23,5,4,18,9,6,10,6,14,10,3,77,6,10,13,81,13,13,20,8,7,13,7,13,15,5,8,7,6,-20,9,7,5,3,7,8,65,8,5,4,3,11,7,8,5,15,6,11,7,5,9,29,13,-20,14,-20,-20,-20,9,8,13,11,13,35,10,12,28,19,19,3,102,30,13,10,-20,11,9,8,8,26,-20,9,15,4,-20,4,17,21,13,11,9,11,6,10,13,19,9,8,7,16,17,7,14,8,-20,-20,15,9,-20,15,9,11,11,8,3,9,53,36,27,17,8,6,4,5,7,8,-20,13,5,6,11,5,8,-20,3,34,6,3,3,9,11,9,64,6,13,9,-20,-20,16,14,4,12,62,52,38,47,20,41,42,8,11,53,34,12,10,35,4,-20,35,-20,-20,13,27,10,8,-20,8,7,3,9,16,10,15,18,4,4,-20,13,24,-20,5,11,7,10,11,-20,-20,11,11,35,12,-20,11,-20,12,3,61,-20,19,-20,14,12,-20,10,6,6,26,-20,20,57,55,22,20,31,5,22,14,21,12,11,24,-20,8,13,8,14,10,13,5,25,13,25,22,18,13,44,8,11,8,10,20,-20,-20,2,-20,-20,4,9,9,21,23,10,50,28,51,34,21,18,9,28,5,31,-20,-20,26,14,9,14,50,41,11,5,18,25,40,5,-20,11,-20,13,35,19,13,20,27,33,9,40,-20,-20,15,5,17,13,9,9,-20,14,9,15,5,20,4,5,13,15,10,19,8,6,13,11,17,12,12,9,5,11,13,8,4,5,11,17,10,-20,11,7,7,10,9,8,5,15,8,11,13,5,6,10,16,15,7,14,8,11,-20,8,11,13,-20,8,21,7,15,11,9,11,6,9,19,-20,15,13,10,7,-20,12,11,6,10,8,14,14,9,16,11,11,28,16,13,14,6,10,-20,11,9,12,-20,-20,9,4,12,14,-20,7,9,23,3,5,15,6,12,16,-20,10,5,8,15,7,-20,-20,4,12,8,19,-20,11,17,9,16,9,8,8,6,3,17,7,18,4,4,5,14,6,3,-20,9,11,10,-20,3,15,-20,3,-20,16,6,14,11,7,17,11,10,9,8,15,20,24,24,11,13,13,9,3,12,16,-20,7,3,23,5,5,17,15,19,10,14,4,17,19,16,14,17,7,6,10,15,15,12,8,4,10,11,-20,-20,3,15,8,23,9,19,23,13,11,8,6,16,16,15,9,4,6,12,11,-20,10,16,10,4,-20,6,16,11,75,4,22,19,7,11,18,21,17,16,8,13,18,11,19,10,20,23,24,10,20,20,37,22,15,9,14,10,8,32,-20,19,11,26,7,6,18,15,14,30,11,13,11,-20,-20,14,14,8,8,9,9,3,-20,8,6,-20,8,7,-20,8,12,15,3,-20,10,4,6,16,-20,10,14,13,6,5,7,8,9,10,8,4,14,20,6,7,3,12,-20,4,-20,5,-20,-20,5,-20,11,6,19,7,-20,5,15,9,10,16,20,12,9,24,19,6,10,7,11,19,10,9,34,13,8,11,5,6,7,20,16,9,-20,8,10,7,7,4,7,7,7,-20,-20,14,15,5,-20,5,8,-20,10,7,3,8,5,12,11,15,8,6,4,-20,6,-20,-20,3,4,4,-20,3,-20,-20,5,5,3,3,4,3,5,-20,-20,2,5,-20,5,4,-20,-20,-20,-20,-20,-20,-20,-20,5,6,3,5,7,-20,8,2,-20,5,-20,3,-20,3,-20,4,-20,4,-20,-20,-20,5,5,3,-20,5,-20,2,4,8,-20,-20,9,4,9,32,8,23,36,14,28,16,25,33,38,-20,25,63,51,28,19,39
"chr1,17386975",-20,6,10,-20,10,-20,11,3,3,-20,10,11,40,16,18,11,40,10,72,75,53,12,56,50,58,29,35,28,21,3,9,6,11,6,83,52,35,26,20,3,-20,30,13,14,7,35,-20,-20,-20,16,22,29,49,31,23,13,46,24,28,32,34,34,45,38,17,12,42,64,59,25,29,29,28,43,28,60,30,4,16,7,5,15,12,5,12,45,35,56,43,15,14,28,38,30,31,27,12,64,5,36,33,34,6,13,29,60,-20,32,49,9,18,8,17,36,10,4,33,5,7,6,3,-20,9,5,38,-20,-20,19,19,-20,28,6,11,-20,35,41,49,4,4,8,-20,8,11,-20,51,9,4,17,9,8,11,6,17,9,10,7,5,20,36,19,9,7,7,-20,-20,-20,8,-20,7,-20,42,29,19,17,-20,19,48,7,11,64,15,3,19,8,21,3,-20,-20,-20,14,9,15,-20,-20,3,6,10,12,16,-20,-20,19,16,7,31,8,9,38,-20,34,23,-20,22,16,3,3,22,2,6,6,3,-20,13,-20,-20,18,8,-20,12,25,21,11,48,22,5,-20,-20,-20,12,6,24,3,7,6,6,28,11,3,-20,9,8,12,9,-20,5,9,9,9,-20,16,21,-20,11,-20,-20,14,27,11,-20,-20,3,20,11,-20,7,10,41,39,26,40,6,10,12,38,3,11,14,3,12,7,6,21,4,8,44,23,39,7,8,6,17,11,9,6,7,57,30,6,44,51,61,43,49,61,6,6,-20,-20,16,103,13,17,19,11,-20,7,-20,10,11,39,7,13,-20,14,32,11,12,31,31,-20,10,28,8,7,11,19,4,-20,14,-20,5,11,-20,12,-20,11,-20,15,10,-20,6,27,24,5,4,18,9,6,10,-20,13,10,3,77,5,10,13,81,13,13,20,-20,7,13,7,12,15,5,8,7,6,-20,10,6,5,4,5,8,64,9,5,4,3,12,7,8,5,15,7,10,7,5,9,29,13,-20,13,-20,-20,-20,9,8,13,11,12,34,10,11,28,19,20,3,102,30,14,11,-20,11,9,8,-20,25,-20,9,15,3,-20,4,17,21,11,12,10,12,6,10,12,17,9,8,7,16,15,-20,13,8,-20,-20,15,9,-20,15,-20,11,12,8,4,9,54,36,27,17,8,5,3,5,7,8,6,13,6,6,12,5,8,-20,3,33,5,3,3,-20,11,-20,65,5,12,9,-20,-20,16,14,4,12,62,54,37,46,21,41,43,7,11,53,35,13,10,34,4,-20,34,9,-20,13,26,10,7,-20,10,-20,3,9,16,10,15,18,-20,4,-20,13,24,-20,5,11,-20,10,10,-20,-20,11,11,34,12,-20,11,-20,12,3,64,-20,19,-20,14,-20,-20,10,6,6,26,3,20,54,55,22,21,32,5,20,14,18,9,9,23,-20,8,10,7,11,9,13,6,28,14,21,22,19,9,50,7,10,8,11,19,-20,-20,2,-20,-20,4,10,7,20,23,10,49,26,49,33,-20,18,9,29,6,30,-20,-20,27,13,9,15,50,40,-20,6,17,25,40,-20,6,11,-20,14,33,18,13,19,26,32,-20,39,-20,20,15,-20,18,13,-20,-20,18,13,9,12,5,22,4,6,15,12,8,19,8,6,14,12,18,12,13,10,6,10,14,8,3,6,10,15,-20,-20,9,7,7,10,5,9,4,15,8,10,14,5,5,9,15,16,7,13,8,11,-20,8,-20,14,-20,7,21,8,16,10,6,11,7,6,21,4,16,13,8,7,-20,12,10,7,10,7,13,15,10,15,10,10,25,16,12,16,6,9,10,14,8,12,-20,-20,7,3,13,14,-20,9,8,22,3,5,13,8,12,15,-20,11,6,7,18,6,5,-20,-20,9,10,16,-20,9,16,9,15,7,11,7,6,-20,16,7,20,3,3,5,15,6,4,-20,10,11,8,19,3,16,8,4,13,14,8,15,12,7,16,10,11,8,8,16,20,23,24,13,13,12,12,3,13,15,-20,6,3,20,7,4,18,13,21,11,14,5,17,18,18,15,16,6,7,7,15,16,11,10,3,10,10,-20,-20,-20,15,7,24,7,19,26,11,9,7,7,14,18,15,8,4,8,10,10,-20,13,15,9,4,-20,6,16,11,76,4,23,18,7,10,18,20,16,14,7,16,12,-20,19,10,20,22,27,9,22,22,31,20,14,9,16,10,8,34,-20,14,8,26,6,-20,15,13,14,26,10,15,11,11,7,14,13,7,8,11,11,3,-20,10,5,-20,6,7,-20,8,11,15,3,-20,10,4,4,16,-20,10,13,11,7,-20,6,8,11,8,8,4,15,22,5,5,4,12,-20,4,-20,4,-20,-20,5,-20,12,6,18,6,3,5,17,9,11,17,19,11,9,22,18,7,10,8,11,15,9,9,32,12,10,11,5,6,9,20,12,7,-20,8,12,6,9,4,8,8,7,-20,-20,14,16,6,-20,4,9,-20,9,6,3,7,5,12,10,15,10,6,5,-20,6,-20,-20,3,3,3,-20,2,-20,-20,5,5,4,-20,4,6,4,-20,-20,4,5,-20,6,-20,-20,7,4,-20,-20,-20,-20,-20,5,-20,-20,5,5,-20,7,-20,-20,4,-20,3,-20,5,-20,-20,-20,4,-20,-20,-20,5,5,-20,-20,4,-20,-20,-20,7,-20,-20,6,4,9,32,8,22,37,14,28,15,25,33,44,-20,31,63,51,28,21,40
"chr1,17386977",-20,6,10,-20,-20,-20,11,3,-20,-20,10,11,47,17,19,11,40,9,74,74,54,11,62,53,60,29,36,32,21,4,9,6,10,6,85,53,35,27,19,3,10,35,13,14,7,35,6,54,-20,16,22,29,49,34,22,13,45,23,28,33,34,37,43,39,19,12,43,63,61,25,33,28,28,43,29,59,33,4,15,6,5,16,14,5,12,43,34,56,43,15,17,28,38,33,37,34,12,66,-20,40,37,34,-20,13,30,65,-20,37,52,9,18,8,17,40,10,-20,32,5,7,6,3,-20,9,5,36,-20,-20,20,18,-20,28,6,11,-20,39,42,48,4,4,8,-20,9,11,-20,53,9,5,17,11,6,11,6,17,9,10,7,5,24,40,19,9,7,7,-20,-20,-20,8,-20,6,6,43,29,20,17,-20,24,50,7,10,72,14,3,20,8,22,-20,-20,-20,-20,14,11,14,-20,-20,3,6,10,12,20,3,7,19,16,6,32,9,10,42,-20,35,23,-20,23,19,3,4,26,-20,6,6,-20,-20,13,19,-20,20,8,-20,12,24,21,10,49,22,6,6,8,7,14,6,25,3,5,9,6,31,11,3,-20,9,8,13,9,7,5,10,9,9,11,15,22,7,11,-20,-20,12,28,12,6,9,3,22,11,-20,8,10,43,40,27,40,5,10,13,38,3,11,15,3,12,7,6,24,4,10,49,28,39,7,8,5,16,11,8,6,7,56,28,6,47,51,61,44,50,62,6,5,-20,2,16,103,13,18,20,11,6,8,-20,9,9,39,6,11,-20,15,32,11,11,32,29,-20,11,28,7,8,11,19,4,-20,13,-20,4,11,-20,12,-20,11,-20,15,9,-20,5,25,22,5,4,18,9,5,11,-20,14,10,3,77,6,10,13,82,13,13,19,9,7,13,6,11,16,6,8,5,6,-20,10,7,5,-20,5,9,66,8,5,4,3,11,6,7,5,14,7,11,7,4,8,29,13,-20,13,-20,-20,-20,9,8,13,12,12,33,11,11,29,20,20,3,102,30,14,11,-20,11,9,8,7,27,-20,10,14,3,-20,3,17,22,11,12,10,12,7,10,12,18,8,8,7,13,14,8,12,8,-20,-20,14,11,-20,15,9,10,13,8,4,9,55,36,27,17,8,5,-20,5,7,8,5,13,6,7,12,5,7,3,-20,32,6,3,-20,8,11,9,68,5,11,9,-20,-20,17,13,4,12,64,53,35,49,21,41,46,7,11,57,36,13,10,34,-20,-20,34,9,-20,14,29,10,7,-20,10,8,3,9,16,12,15,18,5,4,-20,12,23,-20,5,11,7,10,11,-20,-20,10,11,36,12,-20,12,-20,12,3,63,-20,19,-20,13,12,-20,10,5,6,25,5,21,58,55,30,22,31,6,21,14,19,10,10,26,-20,8,10,6,11,9,13,6,26,14,21,22,21,8,49,7,10,8,11,19,-20,-20,2,-20,-20,4,10,7,22,22,10,50,30,50,34,21,16,9,29,7,32,6,-20,27,15,9,12,57,46,13,5,17,26,39,5,5,12,-20,14,35,19,13,22,25,32,8,38,-20,19,17,-20,15,16,10,11,18,11,9,12,5,22,4,6,15,13,8,19,8,6,14,12,18,13,13,10,6,10,13,8,-20,6,10,15,10,-20,8,7,7,10,5,9,4,16,8,-20,12,5,5,9,15,16,7,12,8,11,-20,8,11,14,-20,7,21,8,16,10,6,11,7,7,21,4,16,14,5,7,-20,11,10,7,10,7,13,15,10,16,10,10,25,16,12,15,-20,9,10,13,9,12,-20,-20,7,3,13,14,3,-20,9,22,3,5,13,8,12,15,-20,10,6,7,17,6,5,-20,-20,-20,10,16,-20,9,16,9,15,7,11,7,6,-20,16,7,20,3,3,5,15,6,4,-20,10,10,8,20,-20,16,7,4,13,15,8,15,12,7,16,10,11,8,9,16,20,23,24,13,13,11,12,-20,14,16,-20,6,3,20,7,4,18,13,20,11,14,-20,16,18,18,15,15,6,7,7,15,16,11,10,3,10,10,-20,5,-20,15,7,26,7,21,26,11,9,7,7,14,18,15,8,4,8,10,11,-20,13,14,9,4,-20,6,16,11,78,5,23,18,7,10,18,19,16,14,7,16,14,12,19,10,20,23,27,9,22,22,35,20,14,7,15,10,8,34,-20,14,8,26,7,6,15,12,14,26,10,15,11,11,7,14,13,7,8,11,11,3,-20,10,5,-20,6,7,-20,8,11,15,3,-20,10,4,4,16,-20,10,13,12,7,6,6,8,11,8,7,4,15,20,5,5,4,13,-20,4,-20,4,-20,-20,5,-20,12,7,19,6,3,5,18,11,10,17,20,11,9,22,18,7,10,8,10,15,9,9,32,11,10,11,5,6,9,20,12,9,-20,9,12,6,9,4,8,8,7,-20,-20,14,16,6,-20,4,9,-20,9,6,3,7,5,12,10,17,10,5,5,-20,5,-20,-20,3,2,3,-20,3,-20,-20,5,4,5,-20,3,5,4,3,3,5,5,-20,6,4,-20,4,4,-20,-20,-20,-20,-20,5,5,-20,6,7,-20,7,2,-20,-20,5,-20,-20,-20,-20,3,-20,2,-20,-20,3,5,3,3,-20,4,-20,-20,3,-20,-20,-20,7,4,9,35,8,23,35,14,28,15,21,33,44,-20,33,63,51,28,21,40
"chr1,17386978",-20,6,10,-20,10,-20,11,3,-20,-20,10,11,48,20,19,12,41,9,76,74,54,12,62,52,60,29,37,34,21,3,10,6,-20,6,86,54,36,29,21,3,9,-20,-20,13,7,36,6,51,-20,15,22,29,49,34,20,12,46,-20,28,33,35,37,43,38,20,16,43,64,61,24,31,28,28,44,27,59,33,4,15,6,6,17,15,5,11,44,32,58,43,15,17,28,39,36,39,37,13,66,-20,41,37,35,6,13,30,64,-20,39,55,9,18,8,16,40,10,-20,31,5,7,6,4,-20,9,5,37,-20,-20,21,19,-20,28,6,11,-20,39,42,47,4,4,8,-20,9,11,-20,53,9,5,16,11,6,11,7,17,9,-20,7,5,24,38,19,9,7,7,-20,-20,-20,8,-20,6,6,39,-20,20,17,-20,24,45,7,10,-20,-20,3,18,8,22,-20,-20,-20,-20,13,11,13,-20,-20,3,6,10,11,19,3,6,19,16,6,-20,10,8,-20,-20,-20,22,-20,22,19,3,4,25,-20,6,-20,-20,-20,13,-20,-20,19,8,-20,12,23,21,10,48,22,-20,6,8,8,14,6,26,3,5,-20,6,31,10,-20,-20,8,8,12,9,7,4,-20,9,9,10,15,21,-20,11,-20,-20,12,29,11,-20,8,-20,21,11,-20,8,10,42,-20,27,-20,5,10,13,37,3,11,15,3,11,7,5,25,4,-20,48,25,-20,7,8,5,15,11,8,6,7,55,29,6,47,50,61,43,51,-20,6,4,-20,2,15,98,13,18,19,10,6,7,-20,10,9,39,5,11,-20,16,33,11,11,31,29,4,11,28,-20,8,11,19,4,-20,13,-20,4,12,-20,10,-20,11,-20,15,8,-20,4,25,22,5,4,18,9,5,11,-20,14,10,3,76,6,10,13,81,15,13,19,8,7,13,6,11,16,6,8,5,6,-20,10,7,5,4,5,8,65,7,5,5,-20,11,6,7,5,14,-20,-20,7,5,8,30,13,-20,13,-20,-20,-20,9,8,14,11,12,32,11,11,29,18,19,3,103,30,14,11,-20,12,9,8,6,27,-20,10,13,3,-20,3,17,22,11,12,10,12,7,11,12,18,9,8,7,13,15,8,12,10,-20,-20,13,11,-20,15,8,10,13,8,4,8,56,35,29,18,8,5,-20,5,7,7,5,11,6,7,10,4,7,3,-20,31,6,3,-20,8,11,9,67,5,11,9,-20,-20,17,11,4,12,64,52,35,49,21,41,45,7,11,57,36,13,10,35,-20,-20,32,-20,-20,13,-20,9,6,-20,9,8,-20,9,15,11,15,18,4,4,-20,13,21,-20,5,11,-20,9,10,-20,-20,10,12,35,10,-20,12,-20,-20,3,64,-20,19,-20,14,12,-20,9,6,6,27,-20,22,59,54,34,23,31,6,22,14,19,10,10,27,-20,-20,10,8,11,9,13,6,26,14,20,22,21,8,49,7,10,8,11,19,-20,-20,-20,-20,-20,5,10,7,20,23,10,45,29,50,34,-20,16,-20,27,7,-20,6,-20,26,-20,12,12,54,43,12,5,15,26,39,6,4,12,-20,14,36,20,13,22,24,30,9,-20,-20,-20,17,-20,15,16,10,10,-20,-20,9,12,5,22,4,6,15,13,8,19,8,6,13,12,18,13,13,10,6,12,14,8,-20,-20,10,15,10,-20,8,-20,7,10,5,9,-20,16,8,10,12,5,5,9,15,16,7,12,8,10,-20,8,11,13,-20,7,21,8,16,11,6,11,7,9,21,-20,15,14,5,7,-20,11,10,7,10,8,14,15,11,16,10,11,25,15,12,15,-20,9,10,-20,9,12,-20,-20,7,3,13,13,-20,-20,-20,22,3,5,13,8,11,-20,-20,10,6,7,18,6,5,-20,-20,9,10,16,-20,9,16,9,14,-20,11,7,6,-20,16,7,20,3,-20,5,15,6,4,-20,10,10,8,-20,-20,16,-20,4,-20,15,8,16,12,7,16,10,10,8,9,16,20,22,24,14,13,11,12,-20,14,16,-20,6,3,20,7,4,19,13,22,11,14,-20,-20,18,17,15,15,7,7,7,14,16,11,10,-20,10,10,-20,5,-20,14,7,25,7,21,26,11,9,7,7,-20,18,15,8,4,8,10,10,-20,13,14,9,4,-20,6,16,11,78,5,21,18,7,10,18,19,17,14,-20,16,14,-20,18,10,20,24,25,9,22,21,35,20,14,7,15,10,8,-20,-20,14,8,26,7,6,14,12,14,26,10,15,12,10,-20,14,13,8,8,11,11,3,-20,10,5,-20,6,7,-20,8,11,16,3,-20,10,4,4,16,-20,10,13,12,7,6,6,8,11,8,7,4,15,20,5,4,4,13,-20,4,-20,4,-20,-20,5,-20,12,7,19,5,3,5,18,11,10,17,20,10,9,22,18,7,10,-20,11,15,9,9,32,11,10,11,5,6,10,20,12,9,-20,9,12,6,9,4,-20,11,7,-20,12,13,16,6,-20,4,9,-20,9,6,3,7,5,12,10,17,-20,-20,-20,-20,5,-20,-20,3,3,-20,-20,2,-20,-20,-20,4,4,-20,2,-20,-20,-20,3,-20,5,-20,5,4,-20,-20,-20,-20,-20,-20,-20,-20,5,5,2,6,6,-20,-20,2,-20,4,-20,-20,-20,4,-20,5,-20,3,-20,-20,4,-20,-20,-20,-20,4,-20,2,4,-20,-20,-20,8,4,9,35,8,23,34,14,28,15,20,31,44,-20,36,62,49,29,23,39
"chr1,17386979",-20,6,10,-20,10,-20,11,3,-20,-20,10,11,51,22,19,12,41,9,77,73,56,12,61,52,60,31,38,34,20,3,10,6,10,7,86,54,36,27,22,3,9,35,16,11,7,39,6,54,-20,18,22,29,50,34,22,12,46,21,29,33,35,35,44,38,20,18,43,65,60,25,31,29,28,45,31,59,32,4,15,7,-20,18,16,5,12,44,32,58,43,16,17,29,39,38,40,37,13,64,-20,40,35,35,6,13,30,64,-20,39,56,9,18,8,16,40,10,-20,33,5,7,6,4,-20,9,5,39,-20,-20,22,19,-20,29,6,11,-20,39,46,49,4,4,8,-20,9,11,-20,52,9,5,16,11,6,11,7,17,10,10,7,5,30,41,19,9,7,-20,-20,-20,-20,8,-20,6,6,43,32,19,17,-20,25,45,7,11,74,15,3,18,7,22,3,-20,-20,-20,13,11,14,-20,-20,3,6,10,12,16,3,6,18,17,10,33,10,8,42,-20,-20,28,-20,23,19,3,5,29,-20,6,5,-20,-20,13,20,-20,23,8,-20,12,23,22,11,51,22,6,7,8,8,14,5,26,3,8,13,5,32,12,3,-20,9,8,14,9,7,5,12,9,9,11,15,21,-20,14,-20,-20,11,29,12,6,10,-20,21,12,-20,10,10,42,42,28,43,7,10,13,39,3,11,15,3,11,7,5,26,4,10,49,25,-20,7,8,5,17,11,8,6,8,56,29,5,48,49,63,43,49,61,6,4,-20,2,15,101,13,17,21,10,6,8,-20,11,9,38,5,11,-20,16,32,11,11,33,29,4,11,28,6,8,11,19,4,-20,13,-20,4,12,-20,11,-20,11,-20,14,8,-20,4,25,22,5,4,18,9,5,11,-20,14,11,3,78,6,10,13,81,15,14,19,8,7,13,6,11,16,5,8,6,6,-20,10,7,5,6,5,8,66,8,5,5,-20,11,7,7,5,14,7,10,10,5,8,31,13,-20,12,-20,-20,-20,10,8,14,12,12,32,12,11,29,19,20,3,100,30,14,11,3,12,9,8,6,28,-20,10,13,3,-20,3,17,22,12,12,10,11,7,11,12,18,9,8,8,12,16,9,12,10,-20,-20,14,12,-20,15,8,10,13,8,3,8,59,36,29,20,8,4,-20,5,7,7,6,11,6,7,10,5,-20,3,-20,31,6,3,-20,8,12,9,67,5,11,9,-20,-20,16,12,4,12,64,51,36,49,21,42,46,7,11,56,36,12,10,34,-20,-20,35,-20,-20,12,29,9,6,-20,9,8,-20,9,15,10,16,18,5,4,-20,13,21,-20,5,11,8,9,13,-20,-20,10,11,35,11,-20,11,-20,12,3,64,-20,19,-20,14,14,-20,8,6,6,27,-20,21,59,56,38,24,30,6,23,14,18,10,10,27,-20,7,10,8,11,9,14,6,26,14,21,22,21,8,50,-20,10,8,11,19,-20,-20,-20,-20,-20,5,10,7,21,24,9,52,29,50,35,24,16,9,27,7,35,7,-20,27,18,14,14,53,50,15,5,17,26,41,9,4,13,-20,14,40,20,14,23,24,33,10,31,-20,-20,17,12,20,16,11,12,-20,11,9,12,5,22,4,6,15,14,8,19,8,6,13,12,18,13,13,10,6,11,14,8,-20,6,-20,15,10,-20,8,-20,7,10,6,9,4,16,8,10,11,5,5,9,15,15,7,12,8,10,-20,8,11,15,-20,7,20,8,16,11,6,11,7,9,21,-20,15,14,-20,7,-20,11,10,7,10,8,14,15,11,16,10,11,25,15,14,15,-20,9,10,13,9,12,-20,-20,7,3,13,13,3,-20,-20,22,3,5,13,8,12,15,-20,10,7,7,18,6,5,-20,-20,10,10,-20,-20,9,16,9,15,8,11,7,6,-20,16,7,20,3,3,5,15,6,4,-20,10,10,8,-20,-20,16,-20,4,-20,15,8,16,12,7,16,10,10,8,9,16,19,23,24,14,13,11,11,-20,14,16,-20,6,3,20,7,4,19,12,22,11,14,-20,15,19,17,15,15,7,7,7,15,16,11,10,3,10,10,-20,5,-20,14,7,25,7,21,26,11,9,7,7,14,19,15,8,4,7,10,11,-20,13,14,9,4,-20,6,16,11,78,5,21,17,7,10,18,19,17,15,7,16,14,11,18,10,20,24,25,9,22,22,36,20,14,7,16,10,8,-20,-20,14,8,26,7,6,14,12,14,26,10,14,12,11,-20,14,13,8,8,11,11,3,-20,10,5,-20,6,7,-20,8,11,16,3,-20,10,4,4,16,-20,10,13,11,7,6,6,8,11,8,7,4,15,19,5,4,4,13,-20,4,-20,4,-20,-20,5,-20,12,7,19,5,3,5,18,11,12,16,20,11,9,22,18,7,10,8,11,15,9,9,32,11,10,11,5,6,10,20,12,9,-20,9,12,6,9,4,8,11,7,-20,12,14,16,6,-20,4,9,-20,9,6,3,7,5,12,10,17,10,5,5,-20,5,-20,-20,3,3,4,-20,4,-20,-20,4,4,6,3,3,5,5,4,3,5,5,-20,8,5,-20,-20,-20,-20,3,-20,-20,-20,5,7,-20,6,5,-20,9,-20,-20,4,5,-20,-20,5,-20,5,-20,6,-20,-20,4,-20,5,-20,-20,4,-20,2,-20,7,-20,4,9,4,9,35,8,24,37,14,30,16,21,34,52,-20,36,64,49,30,23,42
"chr1,17386983",-20,6,11,-20,10,-20,11,4,-20,-20,10,11,49,26,21,12,42,9,75,71,54,12,61,52,59,30,38,38,21,4,9,7,10,7,87,54,36,26,22,3,9,28,14,8,7,39,-20,54,4,18,25,29,52,34,20,12,46,19,30,33,33,35,44,35,19,19,40,65,53,24,32,26,29,44,33,58,31,4,15,6,7,17,18,5,12,42,29,60,39,16,16,31,42,40,40,37,13,61,6,43,35,35,6,13,33,63,-20,39,57,9,18,8,24,43,10,-20,38,5,-20,6,4,-20,9,5,42,-20,-20,22,17,-20,31,6,11,-20,39,46,48,6,4,8,-20,9,11,-20,48,9,5,17,11,6,11,7,15,10,13,6,5,27,40,16,9,7,-20,-20,-20,-20,8,-20,6,6,42,31,19,16,-20,24,49,9,11,73,-20,3,17,6,22,3,-20,12,-20,13,10,13,-20,3,3,7,11,10,18,3,4,19,17,11,30,10,9,44,-20,34,28,-20,24,18,-20,5,-20,-20,7,5,-20,-20,9,-20,-20,24,8,-20,11,23,22,-20,53,19,6,6,-20,-20,14,-20,29,-20,7,15,5,34,12,3,-20,-20,8,12,8,9,6,14,9,8,11,15,19,6,14,-20,4,13,27,14,7,-20,-20,18,12,3,10,9,43,35,23,45,7,10,12,37,3,11,13,3,11,7,4,23,4,10,48,25,39,7,8,5,18,11,9,6,8,53,29,5,47,48,60,44,46,59,6,5,-20,2,15,101,12,20,20,-20,8,8,-20,12,8,41,6,11,-20,15,31,10,12,35,32,4,-20,26,5,9,11,22,6,-20,11,-20,3,13,-20,10,-20,12,-20,15,9,-20,5,22,22,5,4,18,9,5,12,-20,16,10,3,82,7,10,11,80,15,17,20,-20,7,13,8,11,16,4,9,7,7,3,11,7,6,-20,5,8,69,8,5,6,-20,11,9,8,5,14,7,-20,9,5,9,31,13,-20,13,-20,-20,-20,11,8,15,11,13,35,11,11,29,22,20,4,103,31,15,10,3,14,9,7,6,27,-20,11,15,2,-20,4,16,20,11,11,10,11,7,10,12,20,9,8,9,13,19,9,9,10,-20,-20,14,12,3,16,9,13,14,10,3,8,61,38,31,19,8,3,-20,5,7,7,6,14,-20,6,10,5,-20,3,4,32,6,-20,-20,7,11,9,67,5,12,10,-20,-20,15,10,4,12,63,50,35,51,21,35,46,7,11,58,37,14,10,36,-20,-20,39,11,-20,14,27,9,7,-20,10,8,-20,11,15,10,16,22,5,4,-20,14,22,-20,4,10,7,9,12,-20,10,9,10,36,11,-20,11,-20,10,3,67,4,19,-20,14,15,-20,9,6,3,26,5,21,63,54,39,27,31,7,22,15,16,10,10,28,-20,8,10,8,11,8,14,6,25,15,21,22,21,9,51,-20,10,9,10,20,-20,-20,2,-20,-20,5,10,7,20,24,10,52,28,50,35,24,14,9,32,7,33,7,-20,25,18,12,12,50,50,14,5,18,24,-20,11,4,13,-20,13,40,21,14,22,21,32,11,31,-20,-20,15,-20,18,16,12,11,-20,-20,9,12,5,22,5,6,15,13,8,19,8,-20,14,12,17,13,15,10,7,10,15,7,-20,6,10,15,10,-20,8,9,7,10,6,9,4,17,8,10,10,5,5,-20,14,16,7,12,9,10,-20,8,11,15,-20,7,19,-20,16,11,-20,10,7,9,21,4,14,14,5,6,-20,10,-20,7,10,9,14,15,11,16,11,14,24,14,14,15,-20,9,11,15,10,12,-20,-20,7,3,14,12,3,-20,-20,21,3,5,13,8,11,-20,-20,10,7,6,18,6,5,-20,-20,10,10,16,-20,9,-20,9,14,8,11,8,6,-20,16,7,20,3,3,5,15,6,4,-20,10,10,9,20,-20,16,7,-20,15,17,8,16,12,7,15,10,11,8,9,16,20,24,24,14,12,11,12,-20,14,15,-20,6,3,22,6,4,19,15,23,11,13,-20,16,19,18,15,14,7,7,7,15,16,11,10,3,10,11,-20,-20,-20,16,7,27,-20,22,26,11,9,7,7,14,19,15,9,4,8,10,-20,-20,13,13,10,4,-20,6,16,11,81,6,24,18,8,9,17,18,18,15,7,16,14,-20,18,10,21,23,28,10,22,22,35,20,14,8,16,10,8,32,5,14,8,26,7,6,13,12,14,26,10,14,12,11,7,15,13,9,8,11,11,3,-20,9,5,-20,6,7,-20,8,11,16,3,-20,11,-20,4,17,-20,10,11,11,7,6,6,8,11,8,7,4,15,19,5,4,4,12,-20,4,-20,4,-20,-20,5,8,12,5,19,5,3,5,18,10,12,16,20,11,9,23,17,7,10,8,11,15,9,9,32,11,10,12,6,6,-20,20,13,9,-20,9,12,6,11,4,9,13,7,-20,13,14,16,6,4,4,9,-20,9,6,3,7,5,15,10,17,10,5,4,-20,6,-20,-20,-20,3,4,-20,4,-20,-20,3,4,5,3,3,-20,3,5,4,5,6,-20,6,4,-20,7,5,-20,-20,-20,-20,-20,5,7,-20,7,6,-20,9,3,-20,4,6,-20,-20,2,-20,6,-20,6,-20,4,3,5,5,-20,5,3,-20,-20,3,-20,-20,4,7,4,9,36,8,25,36,13,28,16,22,34,-20,-20,36,62,49,29,25,43
"chr1,17386987",-20,6,11,-20,10,-20,12,4,-20,-20,14,8,52,26,21,12,41,9,75,70,56,11,71,52,61,29,38,35,21,4,8,7,11,8,87,56,37,29,24,3,8,30,14,12,6,41,5,57,5,20,23,30,54,33,19,13,51,19,31,33,32,36,44,34,19,18,41,69,55,27,34,29,30,45,35,61,33,4,16,6,7,18,19,5,11,43,30,55,37,16,16,33,38,40,40,36,13,62,6,43,35,36,6,13,34,64,-20,37,58,10,20,6,25,44,-20,-20,38,5,8,7,4,-20,8,5,41,3,-20,22,18,-20,30,6,13,-20,39,46,49,7,6,8,-20,9,11,-20,48,10,5,16,11,5,10,-20,17,11,14,6,5,24,-20,17,9,6,-20,-20,-20,-20,9,-20,-20,7,38,-20,20,16,-20,27,49,9,11,-20,15,3,16,4,21,-20,-20,13,-20,13,12,12,-20,-20,3,7,11,11,13,3,4,19,16,-20,30,10,9,-20,-20,33,-20,-20,24,19,-20,5,-20,-20,-20,-20,-20,-20,10,-20,-20,-20,7,-20,-20,25,22,-20,52,15,6,6,-20,7,15,-20,30,-20,-20,-20,5,33,14,3,-20,-20,8,10,8,9,-20,13,9,9,-20,15,20,8,-20,-20,4,13,28,12,-20,-20,-20,16,10,4,-20,9,45,41,22,46,7,10,12,41,4,11,13,3,11,7,4,21,4,-20,47,25,38,8,8,5,19,11,11,6,8,51,31,5,48,48,65,47,47,57,5,5,-20,-20,16,104,11,21,-20,12,8,9,-20,12,8,37,6,9,-20,15,28,10,11,37,34,4,12,28,4,8,10,21,6,-20,11,-20,3,12,-20,10,-20,12,-20,15,8,7,5,27,21,5,4,16,8,5,13,-20,15,11,3,85,7,11,9,88,15,17,22,10,6,13,9,11,15,5,8,7,7,3,12,7,6,7,5,8,70,9,5,8,3,-20,9,6,5,15,7,9,8,5,8,32,14,-20,12,-20,2,-20,11,8,14,12,13,35,-20,12,30,22,20,4,105,31,-20,11,3,13,8,6,6,30,-20,10,16,2,-20,4,16,21,11,11,10,13,7,11,14,20,8,8,9,12,20,10,-20,10,-20,-20,14,15,3,15,9,12,13,9,4,8,66,41,33,19,9,3,-20,5,7,-20,6,12,7,6,8,-20,-20,6,4,32,5,3,-20,9,13,10,67,5,12,-20,-20,-20,16,-20,4,11,63,50,37,57,24,37,49,5,13,57,40,14,9,37,-20,-20,38,11,-20,14,-20,10,7,-20,9,-20,-20,10,15,10,15,23,-20,4,-20,19,23,-20,4,11,7,8,10,-20,12,9,8,36,10,-20,12,-20,-20,3,65,4,17,-20,15,14,-20,8,7,3,25,5,20,66,53,40,26,30,-20,21,15,19,12,11,29,-20,9,9,8,13,8,14,7,29,16,22,24,20,9,52,-20,11,9,11,18,-20,-20,-20,-20,-20,6,12,8,19,24,11,-20,27,48,35,-20,13,9,31,8,33,9,-20,27,-20,11,12,51,44,-20,5,20,22,35,-20,4,16,-20,14,38,23,12,27,20,32,11,34,-20,19,14,-20,-20,15,14,9,12,-20,10,12,4,19,5,6,13,13,7,19,11,7,15,12,22,14,16,10,8,10,16,7,-20,6,9,15,9,-20,9,9,6,11,6,9,4,18,8,9,10,5,5,-20,17,17,7,12,9,7,-20,8,11,15,-20,11,18,9,17,14,-20,12,8,10,23,4,14,15,7,7,-20,10,12,8,12,11,15,14,12,17,11,15,26,16,13,15,-20,11,9,15,11,11,-20,-20,8,4,15,12,-20,10,10,23,3,8,15,7,12,13,-20,10,8,6,20,6,5,-20,-20,10,11,17,-20,9,17,10,16,8,10,7,7,-20,16,7,20,3,3,5,15,6,4,-20,10,11,10,20,-20,16,8,6,15,17,9,18,12,7,14,10,12,8,9,16,19,25,23,15,11,11,12,-20,14,15,-20,5,3,23,6,4,20,15,24,11,13,-20,15,20,18,15,17,7,8,10,14,16,10,10,3,11,11,-20,4,-20,16,7,27,-20,26,26,12,9,7,7,18,20,15,8,-20,9,10,11,-20,13,14,12,4,-20,5,17,11,80,7,25,19,10,12,18,17,18,15,7,16,13,-20,20,12,21,24,28,10,22,21,31,22,10,8,16,11,10,33,5,10,8,28,8,5,12,13,15,25,11,16,12,11,6,15,14,10,8,11,11,3,7,10,4,-20,6,7,-20,8,12,16,3,-20,13,-20,4,16,-20,8,12,10,10,6,6,9,11,-20,7,4,15,18,5,4,4,13,-20,4,-20,4,-20,-20,5,8,11,7,20,7,4,4,18,11,12,16,20,12,9,21,18,7,10,7,11,14,9,10,32,11,11,11,7,8,10,20,13,9,-20,9,11,6,12,5,9,13,7,-20,12,15,15,6,5,5,9,-20,11,-20,3,8,5,14,11,19,10,3,4,-20,6,-20,-20,-20,4,4,-20,3,-20,-20,-20,4,4,3,4,4,-20,5,-20,5,5,-20,4,3,-20,8,5,-20,-20,-20,-20,-20,5,6,-20,6,6,-20,7,3,-20,4,6,-20,-20,-20,-20,7,-20,-20,-20,-20,3,-20,5,-20,5,-20,-20,-20,-20,-20,-20,4,8,4,9,38,8,23,37,13,29,14,23,35,-20,-20,38,63,50,28,25,42
"chr1,17386989",-20,7,10,-20,10,-20,12,4,-20,-20,15,9,54,26,21,13,40,9,74,70,55,13,73,53,61,29,36,39,21,4,8,6,11,9,89,55,37,29,25,3,10,34,15,13,7,43,4,57,5,20,22,30,55,33,18,14,50,17,32,30,32,36,48,34,20,18,44,69,54,27,34,29,31,45,36,61,33,5,16,6,7,18,20,5,12,43,30,53,38,17,17,34,38,41,41,35,12,63,8,45,36,37,6,13,35,64,-20,39,64,-20,20,6,25,50,-20,-20,38,7,8,7,6,-20,10,6,40,3,-20,22,20,-20,30,8,13,-20,40,50,47,7,6,9,-20,8,11,-20,46,11,5,15,12,5,11,8,18,11,15,6,5,21,43,17,11,6,-20,-20,-20,-20,10,-20,6,7,38,35,21,16,-20,29,48,9,11,71,15,3,16,4,21,-20,-20,11,-20,13,14,12,-20,3,3,9,11,12,13,4,5,22,15,10,31,10,10,47,-20,33,30,-20,24,18,-20,7,22,-20,12,5,-20,-20,11,-20,-20,24,7,-20,-20,26,23,12,53,15,6,6,-20,7,15,-20,29,3,8,15,5,35,13,5,-20,-20,8,11,9,9,7,14,10,8,12,15,19,-20,11,-20,5,15,27,12,12,11,-20,15,8,-20,12,8,46,41,22,46,5,10,12,42,4,12,12,3,11,7,4,20,4,9,49,25,40,9,9,5,19,12,11,6,8,51,32,7,46,47,67,49,48,57,5,5,-20,-20,16,106,12,20,16,13,8,9,-20,11,7,38,6,10,-20,15,29,9,8,35,36,4,12,29,3,8,10,21,6,-20,11,-20,3,12,-20,11,-20,13,-20,16,8,8,5,26,21,5,4,16,8,5,13,-20,15,10,-20,84,7,12,9,89,15,17,22,10,6,13,9,11,15,8,8,8,7,3,13,6,6,7,5,8,69,9,5,7,3,12,8,5,5,14,7,9,7,5,8,32,14,-20,12,-20,2,3,9,7,13,13,14,35,9,12,32,22,21,4,109,29,17,10,3,13,8,6,6,30,-20,10,16,3,8,3,16,21,11,16,11,12,7,11,13,19,7,7,9,10,20,9,11,-20,-20,-20,14,14,3,14,9,14,13,10,4,8,67,41,33,21,9,3,-20,5,6,-20,7,11,6,6,9,-20,-20,9,4,32,5,4,-20,8,12,10,66,7,12,10,-20,-20,16,11,3,11,65,52,36,56,27,35,49,5,13,58,41,15,8,37,-20,-20,37,11,-20,15,25,12,7,-20,9,8,-20,10,17,10,16,23,3,5,-20,18,23,-20,4,12,7,8,9,-20,12,9,8,38,11,-20,13,-20,-20,3,64,4,16,-20,15,15,-20,10,8,3,26,5,20,64,54,42,28,32,6,21,15,23,14,11,33,-20,12,12,9,12,9,16,7,32,16,24,27,19,9,54,-20,12,9,13,21,-20,-20,-20,-20,-20,6,14,8,20,24,12,54,31,47,36,23,16,-20,32,9,38,9,-20,27,19,13,12,53,46,15,5,21,21,35,13,4,16,2,14,41,22,12,29,20,33,11,34,-20,17,14,-20,21,15,13,10,13,7,10,12,5,20,5,10,16,14,6,20,12,7,16,14,24,14,19,11,8,14,18,7,-20,6,9,16,9,-20,12,11,7,12,5,9,4,20,8,11,12,7,5,-20,18,18,8,12,9,7,-20,9,11,17,-20,11,19,10,17,15,-20,12,7,12,23,4,14,17,10,7,-20,10,13,7,12,10,14,15,14,16,-20,16,28,16,12,15,-20,12,11,15,16,11,-20,-20,8,4,15,14,7,12,10,23,3,6,14,9,12,13,-20,10,9,6,21,7,7,-20,-20,10,12,15,-20,11,19,12,16,7,10,6,9,-20,14,7,18,3,3,4,15,10,4,-20,9,10,10,20,-20,17,8,6,16,18,11,19,12,9,13,11,12,8,9,16,21,27,23,15,12,10,13,-20,14,15,-20,4,3,23,6,4,22,16,25,12,13,-20,16,20,19,14,18,8,8,11,13,15,12,10,3,10,13,-20,5,-20,16,7,28,-20,25,27,12,10,8,7,16,21,16,8,-20,11,9,10,3,14,14,14,4,-20,5,17,11,80,6,27,22,14,14,19,17,18,13,12,19,16,-20,22,12,22,27,30,10,23,24,29,24,12,11,18,12,11,33,5,9,10,34,8,5,12,12,17,29,10,17,13,13,6,20,15,10,9,11,11,3,7,10,4,-20,4,8,-20,10,13,17,3,-20,14,-20,4,17,-20,8,12,12,11,6,7,10,11,11,7,4,15,16,7,4,4,16,-20,3,-20,4,-20,-20,5,7,11,6,20,8,4,3,16,10,12,17,19,10,9,22,18,7,10,7,11,14,9,8,33,12,11,11,7,7,11,20,13,10,-20,11,11,6,12,5,9,15,7,-20,11,15,16,6,4,6,10,-20,11,9,3,10,5,14,11,19,10,-20,-20,-20,6,-20,-20,-20,4,4,-20,4,-20,-20,6,5,6,2,2,-20,3,5,-20,5,5,-20,5,4,-20,6,5,-20,-20,-20,-20,2,5,6,-20,6,7,-20,5,-20,-20,4,6,-20,-20,5,-20,7,-20,5,-20,4,3,5,5,-20,-20,5,-20,-20,-20,6,-20,4,7,4,9,39,9,22,36,13,28,15,24,37,-20,-20,38,68,50,30,25,43
"chr1,17386991",-20,7,10,-20,12,-20,12,4,-20,-20,15,9,56,27,21,13,41,9,76,70,56,13,73,52,59,29,35,38,21,4,8,9,11,9,89,53,37,29,25,3,10,35,19,14,7,43,4,56,5,21,21,30,56,31,19,14,49,17,31,29,32,38,48,34,20,18,43,70,55,27,35,33,29,46,36,59,33,5,16,6,8,18,21,5,11,44,30,54,37,17,18,35,36,42,42,35,14,62,8,43,36,37,6,10,32,62,-20,38,64,10,20,6,25,49,-20,-20,38,7,8,6,7,-20,9,7,41,4,-20,24,20,-20,28,9,12,-20,38,53,47,7,8,11,4,8,12,-20,46,10,5,16,12,5,9,8,18,11,16,6,5,21,46,17,11,6,10,-20,-20,-20,11,-20,6,8,41,37,21,16,-20,29,48,9,11,71,15,3,12,4,21,-20,-20,12,-20,13,14,11,-20,3,3,8,11,11,19,4,5,22,14,11,31,10,9,45,-20,31,32,-20,33,17,-20,7,23,-20,12,-20,-20,-20,11,19,-20,24,6,-20,-20,26,24,11,53,17,6,7,9,7,14,-20,28,4,-20,15,6,35,13,4,-20,-20,5,11,9,9,7,16,10,8,12,14,18,8,10,-20,5,14,26,10,12,11,-20,15,8,-20,12,8,47,41,22,45,5,10,11,42,4,12,13,3,9,7,4,20,4,9,45,28,39,9,10,5,18,11,11,6,8,51,34,7,46,48,68,49,49,58,5,4,-20,2,16,109,12,22,-20,13,8,9,-20,9,7,39,6,10,-20,15,25,9,8,35,36,4,12,29,3,8,10,22,6,-20,12,-20,3,13,-20,11,-20,13,-20,16,8,7,5,25,20,5,4,16,7,6,13,-20,14,10,-20,86,7,12,10,88,15,17,21,10,7,12,10,12,15,8,8,9,7,3,13,6,6,7,5,8,70,9,5,7,3,11,8,5,6,13,7,9,7,5,8,30,15,-20,11,-20,2,3,9,6,14,13,13,36,9,12,33,20,21,4,106,30,18,10,3,12,8,6,6,29,-20,10,16,3,10,3,16,20,10,16,11,12,7,10,13,19,7,7,10,11,19,9,10,9,-20,-20,14,14,3,13,9,11,13,10,4,8,66,42,34,20,8,3,-20,5,7,7,7,11,6,6,10,10,-20,9,4,31,5,4,-20,8,14,10,64,7,12,11,-20,-20,16,11,-20,11,64,52,36,57,27,34,49,5,12,61,41,15,10,39,-20,-20,37,10,-20,14,28,13,7,-20,8,9,-20,10,16,9,16,23,3,5,-20,19,24,-20,4,11,8,8,-20,-20,13,9,8,38,11,-20,13,-20,-20,3,64,4,16,-20,15,15,-20,10,8,-20,28,6,20,62,57,41,29,32,6,-20,14,25,16,12,34,3,12,12,11,13,9,17,7,32,18,25,28,19,9,56,-20,13,9,14,21,-20,-20,-20,-20,-20,7,14,10,20,24,13,54,32,51,38,25,16,10,32,9,37,9,-20,27,16,13,14,51,46,17,5,21,23,35,14,3,16,2,13,39,22,12,28,20,29,11,28,-20,18,14,-20,21,16,13,9,12,7,10,12,6,21,5,11,15,14,5,21,12,7,18,13,23,13,20,13,9,15,21,7,-20,6,10,17,9,-20,13,16,7,12,5,9,4,22,9,10,12,8,5,9,18,21,8,14,9,8,-20,9,11,17,-20,12,22,10,18,16,-20,11,7,13,23,4,15,17,9,9,-20,10,15,6,12,11,13,17,15,18,11,16,29,17,12,15,-20,12,12,15,15,11,-20,-20,8,4,14,14,7,12,11,23,3,7,13,9,11,14,-20,9,9,7,21,8,7,12,-20,11,12,17,3,13,18,14,17,8,11,8,9,-20,14,6,19,-20,3,4,16,11,4,-20,8,9,10,19,-20,17,8,7,16,18,12,18,12,10,13,12,14,8,10,16,20,26,23,13,11,10,14,-20,14,16,-20,4,3,25,6,4,22,16,24,13,15,-20,15,21,20,14,19,8,9,11,14,15,12,10,3,10,14,-20,4,-20,16,6,28,7,25,27,16,11,8,7,15,23,15,8,-20,12,9,11,3,15,12,14,4,-20,5,18,12,82,6,29,22,14,15,21,18,20,13,14,19,17,-20,22,13,20,26,30,10,23,24,27,23,11,13,20,12,13,33,5,8,10,35,6,5,12,10,18,31,10,20,12,13,7,19,16,10,9,10,12,3,8,10,4,-20,4,9,-20,10,15,17,3,-20,14,4,4,16,-20,8,13,12,11,6,6,9,11,12,8,4,15,16,6,4,4,16,-20,3,-20,4,-20,-20,5,7,12,6,20,8,3,-20,16,10,11,17,19,10,9,21,18,7,10,7,11,16,9,8,34,11,11,15,-20,6,11,19,11,10,-20,12,11,6,13,5,9,15,7,-20,11,15,15,6,4,6,10,-20,11,11,3,10,5,13,11,18,11,-20,3,-20,6,-20,-20,-20,5,3,-20,5,-20,-20,5,6,6,-20,4,-20,3,5,-20,6,5,-20,6,-20,-20,6,4,-20,-20,-20,-20,2,5,6,-20,5,7,6,6,3,-20,4,3,-20,-20,5,-20,7,3,4,-20,4,4,4,5,-20,5,-20,-20,-20,-20,7,-20,4,8,3,9,38,9,23,36,12,26,15,24,37,51,27,38,70,50,31,25,42
"chr1,17386993",-20,7,10,-20,11,-20,11,4,4,-20,14,8,60,27,21,13,39,9,74,71,57,12,70,51,62,30,35,40,20,3,8,10,11,9,90,52,36,30,25,3,11,33,20,12,6,43,5,53,5,20,21,31,56,31,20,14,54,15,33,30,32,37,47,34,21,20,41,72,55,27,36,30,30,47,32,59,34,5,17,7,9,18,21,-20,11,43,29,55,38,17,19,35,33,45,42,36,15,62,8,44,36,38,6,11,34,61,-20,37,65,9,20,6,28,49,-20,-20,37,7,8,6,8,-20,9,7,42,4,-20,24,20,-20,30,9,11,-20,36,54,50,8,8,11,4,7,12,-20,46,10,5,17,12,5,8,8,18,12,19,6,5,21,45,17,11,6,10,-20,-20,-20,11,-20,7,8,41,36,22,14,3,27,48,9,15,72,14,3,12,4,20,-20,4,12,-20,12,14,11,-20,4,3,10,11,10,21,4,5,22,14,11,33,10,13,48,-20,29,32,-20,32,17,-20,6,24,-20,-20,5,-20,-20,11,17,-20,24,5,-20,-20,26,24,10,53,17,6,7,-20,7,13,6,31,6,-20,-20,5,35,13,4,-20,-20,5,12,8,9,7,15,10,8,12,13,18,8,10,-20,5,13,28,10,12,10,-20,18,11,-20,11,7,46,41,21,41,7,10,11,41,4,12,13,3,9,7,4,21,5,9,42,27,34,9,10,4,18,11,11,7,8,50,34,7,47,48,66,49,46,61,5,4,-20,2,18,110,12,25,17,13,8,9,2,9,8,38,6,11,-20,15,27,9,7,35,37,4,11,28,4,8,11,22,7,-20,14,-20,3,13,-20,11,-20,14,-20,14,8,6,5,26,19,5,4,16,7,6,13,6,14,10,-20,91,7,10,9,88,14,16,21,8,7,12,11,13,15,9,8,9,7,3,13,6,6,7,5,8,70,9,5,7,-20,14,8,6,6,13,6,8,7,4,8,29,15,-20,11,-20,2,4,8,6,13,12,14,35,9,12,33,20,22,4,102,32,19,10,3,12,8,-20,5,30,-20,10,16,4,13,3,15,21,8,-20,12,12,6,9,13,19,8,7,10,12,19,10,10,9,-20,-20,14,14,3,14,9,12,13,9,4,8,65,41,34,20,8,3,-20,5,7,8,7,12,7,6,10,9,-20,11,4,30,5,4,-20,8,14,10,63,7,12,11,-20,-20,16,11,-20,11,64,53,36,58,26,34,50,5,13,58,42,15,10,39,-20,-20,35,11,-20,14,29,13,7,-20,8,9,-20,10,14,10,19,23,3,5,-20,-20,21,-20,4,11,8,8,9,-20,13,10,8,35,11,-20,13,-20,-20,3,60,-20,16,-20,15,16,-20,10,8,-20,25,6,20,62,56,42,32,33,6,19,15,26,15,12,35,3,12,11,12,15,9,17,7,32,19,25,29,20,9,57,-20,13,9,14,21,-20,-20,-20,-20,-20,7,15,10,20,24,12,54,30,48,37,25,14,10,34,9,38,9,-20,28,15,14,15,50,46,16,6,20,23,35,13,3,15,2,13,42,22,12,28,22,31,11,28,-20,17,13,-20,15,16,15,8,11,7,10,12,6,21,7,11,14,15,4,22,14,6,20,13,23,13,19,13,9,15,21,7,-20,6,10,16,9,-20,11,20,6,12,5,9,4,22,9,10,12,8,5,9,18,22,8,14,9,8,17,9,11,16,-20,12,21,9,16,16,8,11,8,12,23,3,15,17,9,9,-20,10,16,6,-20,11,13,17,16,18,11,15,29,18,12,14,6,11,12,15,15,10,-20,-20,9,5,15,14,8,12,11,24,3,8,13,10,11,15,-20,9,10,7,21,9,8,12,-20,12,12,17,4,13,18,14,17,8,11,8,8,-20,13,6,20,-20,6,4,16,11,4,-20,8,9,10,22,6,17,9,7,16,18,12,17,12,11,13,12,15,8,10,16,22,26,22,13,11,10,14,-20,15,16,-20,4,3,24,7,4,23,16,25,12,15,-20,15,21,20,15,20,8,9,10,14,15,13,10,3,10,15,-20,8,-20,16,7,28,8,24,28,16,11,8,8,16,23,16,8,-20,12,9,9,3,16,12,15,4,-20,4,18,12,79,6,29,22,14,17,21,17,20,13,14,18,17,-20,22,14,21,27,31,10,23,24,24,24,11,13,21,12,13,34,5,8,10,35,6,5,11,10,18,32,11,20,12,13,7,19,15,10,9,10,12,3,8,10,5,-20,4,10,-20,11,16,17,-20,-20,15,4,3,16,-20,8,14,12,12,6,6,9,10,12,8,4,16,16,6,3,3,15,-20,-20,-20,4,-20,-20,5,7,11,6,20,8,-20,-20,16,10,11,18,19,10,9,20,17,7,10,7,10,16,9,8,36,11,11,15,-20,6,13,19,11,9,-20,13,11,7,14,5,9,15,7,-20,10,15,15,6,4,6,10,-20,11,13,3,10,5,13,11,18,10,-20,5,-20,5,-20,-20,-20,4,2,-20,5,-20,-20,6,9,5,-20,5,3,3,5,-20,4,5,3,6,-20,-20,5,7,-20,-20,-20,-20,2,5,7,-20,6,7,6,6,-20,-20,4,4,3,-20,5,-20,7,3,6,-20,3,4,4,6,-20,4,4,-20,-20,-20,6,-20,4,7,-20,9,37,-20,23,37,12,26,15,24,37,51,27,43,69,50,32,28,42
"chr1,17386997",-20,7,10,-20,11,-20,10,3,4,-20,15,8,60,29,21,12,40,10,75,69,53,13,69,47,62,37,36,41,20,4,8,11,8,-20,93,54,37,29,24,3,11,34,22,13,9,48,5,57,-20,19,20,32,58,33,20,12,53,16,28,30,33,36,48,34,20,24,38,71,56,27,36,29,28,44,34,61,35,5,13,-20,9,17,21,-20,11,46,28,55,39,16,18,35,31,48,41,37,15,60,7,47,36,40,4,11,30,62,-20,38,65,7,19,5,29,52,-20,-20,41,7,7,6,-20,-20,9,6,45,3,-20,26,21,-20,31,9,10,-20,37,56,49,-20,9,9,4,5,9,-20,48,10,4,18,11,5,8,8,20,12,21,6,4,23,45,17,8,6,10,-20,-20,-20,9,-20,7,8,43,34,22,18,3,31,44,9,15,72,15,3,14,3,20,3,-20,-20,-20,13,19,11,-20,4,-20,11,11,12,-20,4,4,21,16,-20,34,11,14,48,-20,-20,34,-20,36,17,-20,6,23,-20,12,-20,-20,-20,14,-20,-20,-20,4,-20,-20,27,20,-20,53,19,-20,7,-20,8,15,-20,31,-20,9,-20,5,36,12,-20,5,-20,5,10,9,10,7,16,11,8,11,19,15,-20,-20,-20,10,13,28,12,12,10,-20,21,11,-20,-20,9,49,40,24,39,10,10,9,41,3,12,13,3,10,7,4,21,5,10,42,31,-20,9,11,4,17,10,11,8,8,46,35,8,45,49,66,49,49,60,-20,4,-20,2,18,110,13,26,18,13,8,9,2,9,10,36,6,11,-20,14,26,9,7,34,36,3,11,30,3,8,12,20,-20,-20,15,-20,3,13,-20,10,-20,15,-20,13,7,-20,4,27,17,4,4,14,7,6,12,5,14,10,-20,87,7,10,10,92,16,16,21,8,8,12,10,14,14,10,8,11,7,3,12,6,5,7,5,8,67,8,5,7,-20,-20,9,5,5,11,6,8,6,4,8,28,15,-20,11,-20,2,4,10,4,12,13,14,30,-20,12,33,20,19,3,102,29,-20,9,3,12,8,-20,6,30,-20,10,17,6,-20,4,15,22,6,15,11,12,5,9,10,19,8,8,10,11,17,-20,11,9,-20,-20,13,15,3,13,8,13,11,9,3,10,63,38,35,18,8,3,-20,5,6,7,6,12,6,7,-20,-20,6,12,4,28,4,4,-20,8,14,10,62,7,12,11,-20,-20,14,-20,-20,12,64,50,34,59,25,34,52,6,11,54,42,15,9,37,4,-20,32,-20,-20,14,24,14,8,-20,8,-20,-20,10,-20,9,18,24,3,5,-20,19,20,-20,5,12,-20,8,9,-20,-20,10,8,37,10,-20,11,-20,-20,3,65,-20,16,-20,16,-20,-20,9,8,-20,25,-20,20,66,56,41,31,32,-20,20,15,25,15,11,33,-20,12,10,13,14,7,17,7,30,19,23,28,19,8,54,8,11,9,14,22,-20,-20,-20,-20,-20,7,15,11,17,25,12,-20,28,51,41,-20,15,10,35,9,35,9,-20,25,16,-20,14,49,43,-20,7,20,30,36,16,-20,15,-20,12,41,23,12,27,21,29,11,28,3,-20,12,30,-20,16,18,9,11,9,10,13,5,20,7,11,15,14,4,22,13,7,-20,13,22,13,19,13,8,17,22,6,-20,6,9,17,9,-20,-20,19,5,12,5,9,4,21,8,12,9,8,4,9,17,22,7,13,8,7,17,10,10,14,-20,12,21,10,12,14,6,9,8,12,22,-20,14,17,9,11,-20,9,15,6,12,11,13,15,15,17,11,17,29,19,11,12,6,10,10,15,15,8,-20,-20,8,7,14,14,9,12,10,21,3,-20,11,10,11,13,-20,9,10,6,21,9,9,9,-20,11,15,17,-20,12,16,14,19,6,11,8,8,-20,12,6,18,-20,6,-20,14,10,3,-20,7,7,11,-20,6,15,-20,7,-20,17,12,17,9,11,13,13,-20,8,10,16,20,25,22,13,10,10,11,-20,13,15,-20,4,3,23,7,4,20,15,24,12,15,-20,14,20,18,13,-20,7,9,9,13,16,10,9,3,9,15,-20,-20,-20,15,7,28,8,23,29,15,10,7,8,15,24,15,8,-20,-20,7,8,3,16,11,15,4,-20,4,18,11,79,6,-20,21,12,16,18,18,19,10,12,17,16,7,22,14,21,28,28,10,21,21,22,23,9,13,20,10,13,35,5,-20,10,33,5,4,8,10,17,31,11,19,13,12,-20,19,14,12,-20,10,12,3,7,10,6,-20,3,11,-20,11,13,16,-20,-20,15,-20,3,15,-20,8,14,12,12,5,5,9,11,13,7,4,15,16,6,-20,-20,17,-20,-20,-20,5,-20,-20,-20,7,10,5,20,8,-20,-20,15,10,11,21,18,10,8,19,17,7,8,6,9,15,9,8,35,11,11,14,-20,5,13,17,11,10,-20,12,10,6,13,5,9,16,6,-20,11,15,14,6,4,5,10,-20,8,14,-20,7,5,12,11,18,-20,-20,-20,-20,3,-20,3,-20,4,-20,-20,4,-20,-20,5,9,4,-20,4,-20,-20,5,3,4,5,-20,6,4,-20,-20,-20,-20,-20,-20,-20,-20,5,5,-20,6,6,7,-20,-20,-20,3,3,3,-20,5,-20,-20,5,2,-20,4,3,-20,5,-20,4,4,-20,-20,-20,-20,-20,4,8,-20,8,37,10,25,35,11,24,15,25,35,45,27,44,67,46,33,30,38
"chr1,17387001",3,7,8,-20,10,-20,8,3,3,-20,12,7,61,32,27,14,42,11,80,70,53,11,75,46,60,36,36,41,20,4,8,11,9,8,94,57,36,29,20,2,9,-20,20,13,13,48,5,55,5,18,19,31,65,33,20,11,54,15,29,31,34,37,42,34,22,24,40,70,57,27,34,30,23,44,35,63,37,4,13,7,8,17,21,-20,7,47,25,56,37,18,18,39,31,52,45,38,11,62,6,49,37,40,3,9,32,63,-20,40,68,7,15,4,27,52,4,5,39,6,5,5,-20,7,6,6,48,3,-20,28,17,6,34,9,10,4,38,53,48,9,9,8,4,5,7,7,48,9,2,19,9,6,9,9,21,11,24,6,5,24,43,18,6,4,10,-20,-20,-20,7,-20,7,7,43,37,20,19,-20,30,43,8,13,69,-20,3,13,-20,18,-20,6,23,-20,14,19,11,-20,3,-20,13,10,14,32,4,4,22,17,12,33,10,14,46,-20,28,33,-20,40,15,-20,6,24,-20,9,-20,-20,-20,14,19,-20,24,3,-20,-20,28,20,-20,54,19,-20,7,-20,10,15,-20,30,5,9,21,6,31,14,5,5,-20,5,12,9,10,7,19,10,8,12,19,13,8,11,3,12,15,26,12,14,10,-20,24,9,5,12,8,50,40,23,37,10,10,9,37,3,12,13,3,11,-20,5,22,6,9,39,31,-20,9,11,-20,20,10,11,9,7,46,33,7,47,51,65,53,50,60,-20,4,-20,3,18,113,11,26,-20,13,8,9,2,10,10,37,6,11,-20,14,26,9,7,32,35,3,11,30,3,8,12,20,10,-20,15,-20,3,13,7,9,-20,13,-20,15,8,7,4,24,17,3,4,14,7,6,14,4,14,10,-20,83,8,11,9,87,16,15,22,8,8,11,12,14,15,12,8,10,7,3,12,7,5,8,4,7,64,8,5,8,-20,-20,9,5,5,11,-20,4,6,3,9,27,14,-20,12,-20,2,3,10,4,13,12,14,26,10,11,32,20,20,3,99,29,-20,8,3,10,6,5,6,28,-20,8,17,7,13,5,15,20,7,15,10,12,4,10,8,18,8,8,10,12,16,9,13,10,-20,-20,13,14,-20,10,9,12,12,8,4,9,60,37,35,18,7,3,-20,5,6,8,6,15,6,7,9,7,6,14,-20,27,4,4,-20,8,13,9,62,4,12,14,-20,-20,15,6,3,10,62,53,33,61,21,33,51,6,6,52,40,11,8,32,3,-20,33,11,-20,13,22,16,8,-20,11,-20,-20,8,16,9,18,25,-20,5,-20,19,19,-20,-20,11,9,8,9,-20,15,11,8,37,10,-20,11,-20,-20,4,64,4,16,-20,19,17,-20,11,9,-20,26,6,19,64,56,43,32,30,6,18,9,21,13,8,29,-20,8,10,11,13,3,14,4,25,19,22,22,14,4,41,5,8,7,11,21,-20,-20,-20,-20,-20,7,15,9,20,23,12,52,-20,50,44,24,14,10,36,14,35,10,-20,24,18,16,16,52,43,18,6,21,31,33,18,-20,18,-20,12,38,22,16,27,20,27,15,20,3,21,11,32,21,18,18,11,15,11,8,13,5,17,7,11,15,14,4,19,13,7,18,12,20,-20,14,11,8,16,22,5,-20,5,5,16,8,-20,9,18,4,9,-20,6,3,18,7,10,8,8,3,9,11,22,6,10,7,7,17,9,9,12,-20,11,19,9,10,13,5,8,7,11,17,2,12,15,-20,10,-20,9,15,4,9,11,11,13,16,16,9,16,27,17,9,12,4,10,9,13,14,5,-20,-20,10,7,14,14,10,9,13,20,3,-20,11,10,12,8,3,7,9,4,17,9,9,7,-20,9,14,16,-20,12,13,12,16,7,10,7,7,-20,12,6,16,-20,5,-20,12,10,3,-20,5,8,11,19,5,13,8,7,13,11,8,15,7,11,11,13,16,6,8,10,21,21,19,13,9,7,10,-20,11,15,-20,4,3,22,7,3,18,10,21,11,15,3,15,17,14,11,17,7,8,9,7,12,6,9,-20,8,14,4,6,-20,14,6,19,5,20,23,14,10,7,7,13,19,9,8,3,14,4,6,3,13,8,11,4,-20,-20,16,11,78,6,28,19,13,13,12,14,16,10,12,16,13,5,19,13,17,22,23,9,16,15,17,20,7,13,15,11,13,34,5,-20,8,24,5,3,-20,8,16,27,9,18,10,12,-20,18,14,11,7,7,13,3,5,11,6,-20,3,9,-20,7,12,13,-20,-20,13,-20,3,12,-20,6,13,10,9,4,4,9,11,13,6,3,12,12,6,-20,3,16,3,-20,-20,5,-20,-20,-20,7,8,4,15,8,4,-20,13,9,10,18,15,7,7,18,17,6,5,6,10,13,7,8,33,9,8,13,4,5,13,15,9,10,-20,10,7,6,12,4,8,15,-20,-20,10,12,10,5,3,5,7,-20,7,10,-20,6,4,12,11,13,9,6,4,3,3,-20,3,-20,5,-20,-20,4,-20,-20,5,8,-20,-20,4,-20,-20,4,-20,4,-20,3,5,3,-20,4,4,-20,-20,-20,-20,-20,5,6,-20,5,9,6,5,-20,-20,-20,4,3,9,4,-20,10,5,3,-20,6,3,7,3,3,6,-20,-20,-20,2,-20,3,4,7,-20,7,35,12,24,37,10,24,16,26,36,45,27,49,68,48,34,31,37
"chr1,17387003",3,8,8,-20,10,-20,8,3,3,-20,12,7,63,33,27,14,42,13,79,71,55,11,77,46,57,36,35,41,20,4,8,11,9,7,93,56,34,31,21,2,9,33,21,12,13,47,6,54,5,18,21,32,64,33,22,12,54,13,31,31,33,38,41,35,20,25,40,70,58,26,33,31,22,44,35,62,38,4,13,7,8,17,22,-20,7,43,25,55,39,18,18,41,32,52,45,40,12,63,6,50,37,39,3,9,31,61,-20,42,69,7,15,4,27,52,4,5,37,6,5,6,7,7,6,6,50,3,-20,27,16,6,35,9,11,4,37,51,49,9,9,9,4,5,9,7,51,9,2,19,9,6,8,7,21,11,24,5,6,27,43,19,6,4,10,-20,-20,-20,7,-20,8,8,45,37,19,18,-20,28,44,8,12,58,11,3,16,-20,17,-20,6,29,-20,15,19,10,-20,3,-20,13,8,13,33,4,4,21,18,14,28,10,12,48,-20,28,34,-20,41,14,-20,6,25,-20,9,-20,-20,-20,13,19,-20,26,3,-20,-20,27,20,-20,53,19,-20,8,7,12,13,-20,30,7,-20,25,7,33,14,6,5,-20,-20,12,9,10,8,19,12,7,10,20,11,9,11,3,12,16,26,12,12,-20,-20,24,10,5,-20,8,49,39,23,36,10,11,8,39,3,5,14,4,12,-20,6,21,6,9,46,28,46,9,11,-20,20,10,11,9,7,45,30,7,44,51,62,55,51,60,-20,4,-20,3,19,113,11,26,18,13,8,8,2,9,10,37,5,11,-20,15,27,9,8,32,35,3,10,29,3,8,12,20,10,-20,16,-20,-20,13,7,9,-20,13,-20,14,7,7,3,26,16,5,4,14,7,6,13,4,15,10,-20,81,8,11,9,93,16,15,21,8,7,12,12,13,15,15,9,12,8,3,12,7,5,8,4,7,65,8,5,8,-20,14,9,5,5,13,6,5,6,3,9,28,14,-20,12,-20,2,3,10,4,13,11,15,26,-20,11,33,20,21,-20,95,28,18,7,3,10,6,5,6,28,-20,8,18,7,14,5,15,21,8,14,10,11,5,10,8,18,8,7,8,12,16,9,11,9,-20,-20,14,14,-20,10,9,13,11,9,4,11,64,37,33,19,7,3,-20,5,6,8,7,16,5,7,10,7,-20,14,-20,25,-20,5,-20,8,13,9,62,4,12,15,-20,-20,15,6,3,9,62,53,33,60,21,35,50,6,6,51,42,11,8,31,3,-20,33,10,-20,14,21,15,-20,-20,11,8,-20,8,18,9,19,26,3,6,3,19,21,-20,4,12,10,7,9,-20,17,11,8,40,10,-20,10,-20,8,4,67,4,15,-20,19,17,-20,11,9,-20,23,6,20,64,54,45,34,31,6,20,9,21,13,8,29,-20,8,10,11,13,3,14,4,25,18,22,22,14,4,39,4,8,7,11,20,-20,-20,-20,-20,-20,7,15,9,23,25,12,55,28,50,45,27,15,10,37,15,37,10,-20,24,17,15,-20,53,42,19,6,18,30,35,20,-20,17,-20,12,38,21,18,30,21,27,15,19,3,20,10,32,21,15,18,10,14,10,8,13,-20,16,7,11,15,14,4,19,13,7,17,12,20,10,13,10,8,16,22,5,-20,6,5,15,8,-20,9,19,4,9,4,6,3,18,7,11,8,8,3,12,11,21,6,10,7,7,17,9,9,13,-20,11,18,9,10,13,5,8,7,11,17,2,12,16,9,10,-20,9,15,4,10,10,11,13,16,16,9,16,27,18,9,12,4,10,10,13,14,5,-20,-20,10,6,13,14,10,9,13,20,3,-20,11,9,12,9,3,7,9,4,17,9,9,8,-20,9,14,16,-20,12,13,12,17,7,10,7,7,-20,11,6,17,-20,5,-20,12,10,3,-20,5,8,11,19,5,13,8,7,14,11,8,15,7,11,12,13,16,5,7,9,21,21,20,13,9,8,10,-20,11,15,-20,4,3,22,7,3,18,10,21,10,15,3,15,17,14,11,17,7,8,9,6,12,6,9,-20,8,14,4,6,-20,15,6,19,5,20,23,14,10,7,7,13,19,9,9,3,14,4,6,3,13,8,11,4,-20,4,16,11,79,6,27,20,13,13,12,14,16,9,12,16,13,5,19,13,17,21,23,9,16,15,-20,20,8,13,15,11,13,34,5,-20,8,24,5,3,-20,8,16,28,9,17,10,12,-20,21,13,11,7,7,13,3,5,12,6,-20,3,10,-20,7,12,13,-20,-20,13,-20,3,12,-20,6,13,10,8,4,4,9,11,13,6,3,12,12,6,-20,3,16,4,-20,-20,5,-20,-20,-20,7,8,4,15,8,4,-20,13,9,10,16,15,7,7,18,17,6,5,6,10,12,7,8,32,9,8,13,4,5,13,13,9,11,-20,10,6,6,12,-20,8,14,3,-20,10,12,10,5,3,5,7,-20,7,10,-20,6,4,12,11,13,9,6,4,3,-20,-20,4,-20,6,-20,-20,5,-20,-20,3,10,-20,-20,4,-20,-20,4,3,5,-20,4,4,4,-20,4,4,-20,-20,-20,-20,-20,4,7,-20,5,7,8,7,-20,-20,-20,4,3,9,4,-20,8,5,3,-20,6,4,-20,4,3,6,2,-20,-20,-20,3,3,4,7,-20,6,33,11,23,38,10,22,17,27,37,34,27,49,67,44,33,31,36
"chr1,17387004",3,8,8,-20,10,-20,8,3,3,-20,11,7,64,35,27,16,42,13,81,73,54,11,78,46,58,36,34,39,20,4,8,11,8,7,92,56,33,32,21,2,9,-20,21,12,13,47,6,54,5,18,20,33,66,33,-20,12,54,11,31,33,33,36,43,35,21,25,41,71,62,25,36,31,22,42,36,61,39,4,13,7,8,17,21,-20,7,44,29,58,38,16,19,41,33,52,45,40,12,64,6,50,37,40,3,9,33,60,-20,42,71,7,15,4,27,53,3,5,37,6,5,6,7,7,5,6,50,3,-20,27,15,6,35,9,11,4,38,52,48,9,9,9,4,4,9,7,51,9,2,19,9,6,8,7,21,11,24,5,6,27,43,20,6,4,9,-20,-20,-20,7,-20,8,8,45,36,19,18,-20,28,44,8,13,58,13,3,18,-20,10,-20,6,29,-20,13,19,10,-20,3,-20,15,9,14,36,4,4,20,15,13,28,11,10,48,-20,27,34,-20,41,15,-20,6,27,-20,9,-20,7,-20,11,-20,-20,26,3,-20,-20,29,18,9,52,19,-20,8,8,12,13,-20,30,-20,-20,26,7,31,14,6,5,-20,5,12,9,10,8,18,13,7,11,21,12,8,11,3,13,16,25,12,13,10,-20,24,10,5,16,9,49,42,24,37,10,11,8,39,-20,5,14,4,12,-20,6,20,6,10,46,29,46,9,11,-20,-20,10,11,-20,7,46,31,7,45,50,62,54,52,60,-20,4,-20,3,19,114,10,25,17,13,8,8,2,9,10,39,5,11,-20,16,29,9,8,30,36,3,8,27,3,8,12,21,10,-20,16,-20,-20,13,7,9,-20,13,-20,16,8,7,3,26,16,5,4,14,7,6,14,4,15,10,-20,80,8,11,9,93,16,15,20,8,7,11,12,14,15,15,9,11,8,3,12,7,5,8,4,7,65,7,5,8,-20,14,9,5,5,13,6,5,6,3,9,28,14,-20,12,-20,2,3,10,4,13,11,15,25,12,11,33,19,22,2,95,30,17,7,3,10,6,5,6,29,-20,8,18,6,15,5,15,21,8,14,10,10,4,10,8,18,8,7,8,12,16,9,12,11,-20,-20,14,14,-20,10,9,13,11,9,4,11,64,37,33,19,7,-20,-20,5,6,8,7,16,5,7,13,8,-20,15,-20,25,7,5,-20,8,13,10,63,4,12,14,-20,-20,15,13,3,-20,63,53,36,59,21,32,51,6,6,51,42,11,8,28,3,-20,33,10,-20,13,-20,15,8,-20,11,8,-20,8,18,10,19,24,3,6,3,19,21,-20,-20,12,-20,7,-20,-20,19,11,9,40,9,-20,11,-20,-20,4,67,4,15,-20,18,17,-20,11,9,-20,24,6,20,64,53,45,34,36,6,20,9,19,13,8,29,-20,8,10,11,13,3,14,4,25,17,21,22,13,4,38,4,7,7,11,18,-20,-20,-20,-20,-20,7,15,9,24,25,12,-20,-20,51,45,-20,15,10,37,17,-20,10,-20,22,16,16,16,55,40,19,6,17,27,35,21,-20,17,3,14,38,20,18,29,21,28,17,24,3,21,10,35,22,15,18,11,14,9,8,13,-20,16,7,11,15,14,4,19,13,7,17,12,20,10,14,10,8,16,22,5,-20,6,5,15,7,-20,9,19,4,9,4,6,3,18,7,11,8,8,3,12,11,21,6,10,7,6,17,9,8,13,-20,11,17,8,10,13,6,8,7,11,17,2,12,16,8,10,-20,9,15,4,10,10,11,13,16,16,9,16,27,18,9,12,4,10,10,12,13,4,-20,-20,10,6,12,14,9,9,12,18,3,-20,11,8,11,9,3,7,9,4,17,9,9,8,-20,9,14,16,-20,12,13,12,17,7,10,7,7,-20,11,6,17,-20,5,-20,12,9,3,-20,5,8,11,19,5,13,7,7,14,11,8,14,7,11,11,13,15,5,6,8,21,20,19,13,9,8,10,-20,11,15,-20,4,3,23,7,3,18,10,21,10,15,3,15,17,14,11,17,7,8,9,6,13,6,8,-20,8,14,4,6,-20,15,6,19,5,18,23,14,10,7,7,13,19,9,8,3,14,4,7,3,13,7,11,-20,-20,4,16,11,76,6,27,20,13,12,12,13,16,9,12,17,13,10,18,13,17,21,23,9,16,14,23,20,8,13,15,11,13,34,5,7,8,23,8,3,7,5,15,29,9,16,9,11,-20,20,13,11,7,7,13,3,5,11,6,-20,3,10,-20,7,11,13,-20,-20,13,-20,3,12,-20,6,13,10,8,4,5,9,11,13,6,3,12,11,6,-20,3,16,4,-20,-20,5,-20,-20,-20,7,8,4,15,8,4,-20,12,9,10,16,15,7,7,18,17,6,5,6,10,12,7,8,31,9,8,13,4,5,11,14,9,11,-20,10,6,6,12,-20,7,14,3,-20,10,12,10,5,3,5,7,-20,6,10,-20,6,4,12,11,12,8,6,4,3,-20,-20,3,-20,7,-20,-20,6,3,-20,3,9,3,-20,4,-20,-20,5,4,5,4,5,5,3,-20,3,4,-20,-20,-20,-20,-20,6,6,-20,5,7,8,-20,-20,-20,-20,4,3,10,4,-20,10,5,3,-20,5,4,8,5,3,5,4,-20,-20,4,4,3,4,7,-20,6,31,11,22,35,10,24,17,27,36,32,27,49,62,43,33,30,34
"chr1,17387006",3,8,8,-20,12,-20,8,3,3,3,11,6,63,36,29,17,42,13,82,74,53,12,79,46,59,36,36,43,20,4,8,12,8,7,90,54,37,31,21,2,9,32,20,10,14,47,6,59,5,18,17,34,67,33,23,12,52,11,33,34,33,36,44,34,22,25,41,68,59,23,38,31,23,43,35,60,39,5,13,8,8,17,21,-20,7,45,30,56,38,16,19,43,33,52,50,41,12,65,6,53,38,39,3,10,33,61,-20,41,69,7,14,5,26,52,-20,5,39,6,5,7,7,7,5,6,56,3,-20,27,16,6,36,9,11,4,34,58,47,9,9,8,4,5,9,7,53,10,2,20,8,7,-20,16,21,11,24,5,6,28,40,20,6,4,10,-20,-20,-20,7,-20,8,8,45,37,19,18,-20,28,44,8,14,56,13,-20,18,-20,11,-20,7,29,-20,12,23,10,-20,4,-20,15,9,15,38,5,4,20,14,12,27,11,10,55,-20,28,33,-20,43,15,-20,6,27,-20,9,-20,7,-20,11,20,-20,27,3,-20,-20,29,19,-20,52,19,6,8,8,14,11,8,28,10,9,27,6,28,14,7,5,-20,6,13,10,8,8,18,14,8,10,22,13,7,12,3,13,14,26,12,13,9,-20,27,10,5,18,9,49,41,29,38,12,12,6,39,-20,5,14,4,12,-20,6,19,6,10,50,27,44,9,11,-20,19,11,12,9,7,47,31,7,45,47,59,54,53,61,-20,4,-20,3,19,111,10,25,18,13,9,8,-20,9,11,39,5,-20,-20,15,29,9,8,30,31,-20,8,28,3,8,12,21,9,-20,16,-20,-20,13,7,9,-20,13,-20,16,9,7,3,24,16,5,4,14,7,6,14,4,14,10,-20,80,8,11,9,89,17,15,20,8,7,11,13,13,16,15,-20,10,8,3,12,7,5,7,4,7,64,7,5,8,-20,17,9,5,5,14,6,5,5,3,9,27,14,-20,12,-20,2,3,9,4,12,11,15,24,12,10,32,19,22,2,95,30,17,7,3,10,6,4,4,30,-20,7,18,6,15,5,15,21,8,14,10,9,4,10,8,18,8,7,8,11,16,8,11,11,5,-20,13,13,3,10,9,12,11,9,4,11,62,38,32,18,7,-20,-20,5,6,8,7,17,5,7,13,8,-20,15,-20,26,7,5,-20,8,12,10,62,4,11,14,-20,-20,17,11,3,8,64,56,36,58,22,35,52,6,6,50,42,12,9,27,3,4,33,10,-20,-20,21,17,8,-20,11,8,-20,8,16,-20,19,24,-20,7,4,20,21,-20,3,11,10,7,-20,-20,18,11,9,39,10,-20,11,-20,9,4,66,4,16,-20,18,17,-20,11,9,-20,21,6,21,62,53,47,33,36,6,21,9,21,14,8,29,-20,8,10,11,13,3,14,4,25,20,22,24,13,5,38,4,7,7,11,19,-20,-20,-20,-20,-20,7,15,10,24,27,11,59,30,53,47,29,14,10,36,17,40,10,-20,23,17,15,18,55,38,21,7,17,27,33,21,-20,16,4,13,41,21,19,30,21,28,18,25,3,21,10,35,23,14,20,11,17,9,7,13,-20,16,8,10,15,14,4,20,12,8,17,12,22,10,14,10,8,16,22,5,-20,6,5,16,7,-20,9,19,4,9,4,6,4,18,7,11,8,8,3,15,12,20,6,-20,7,5,17,9,9,13,-20,11,16,8,11,15,7,8,7,11,17,-20,12,16,10,10,-20,11,15,4,11,10,11,13,16,16,9,16,26,18,9,13,4,10,11,12,13,3,-20,-20,10,6,12,14,9,9,13,21,4,-20,12,9,12,9,3,7,9,-20,17,9,9,8,-20,9,14,16,-20,12,14,12,18,8,11,7,7,-20,11,6,17,-20,5,-20,13,9,3,-20,5,9,13,19,5,13,7,7,14,13,8,16,7,11,10,13,15,5,6,8,21,20,19,13,9,8,10,-20,11,15,-20,5,-20,23,6,3,18,10,20,10,15,3,15,17,14,11,17,7,8,9,6,13,6,8,-20,8,14,5,6,-20,14,6,20,5,19,23,15,10,7,7,13,17,9,8,3,14,4,7,3,12,7,10,-20,-20,4,16,11,76,6,27,20,15,13,12,13,15,9,12,17,13,9,18,13,17,23,23,9,16,16,22,21,7,13,15,10,13,33,5,7,9,24,8,-20,7,5,16,30,9,16,10,10,-20,21,13,12,7,7,13,3,5,11,6,-20,3,9,-20,7,11,13,-20,-20,13,-20,3,12,-20,6,13,10,8,4,5,9,11,13,6,3,11,12,6,-20,3,16,4,-20,-20,5,-20,-20,-20,7,8,4,15,8,4,-20,14,9,10,16,15,7,7,18,17,6,7,6,10,13,7,8,33,10,8,13,4,5,11,14,11,11,-20,10,8,6,12,-20,7,14,4,3,11,10,11,5,3,5,7,-20,6,10,-20,6,4,13,11,13,8,6,5,3,-20,-20,5,-20,6,-20,-20,-20,-20,-20,3,11,-20,-20,4,-20,-20,5,4,5,-20,5,-20,3,-20,3,5,-20,-20,3,-20,-20,6,5,-20,4,7,8,7,-20,-20,-20,4,4,12,4,-20,8,6,4,-20,5,5,7,5,3,6,3,-20,-20,6,4,3,3,7,-20,6,32,11,22,36,10,24,17,27,37,32,27,49,64,44,35,30,34
"chr1,17387010",3,8,8,-20,12,-20,8,3,3,3,11,6,67,36,29,17,41,13,80,75,58,12,81,45,60,34,35,43,21,4,8,12,7,7,94,54,39,30,20,2,10,32,18,10,14,45,6,56,-20,16,18,33,66,32,22,13,54,10,32,34,32,35,44,36,21,26,38,68,56,23,38,30,24,42,34,58,38,5,11,7,8,17,22,-20,7,46,32,57,36,18,20,41,36,54,49,42,12,68,6,52,37,38,3,10,34,61,-20,40,69,7,14,5,27,50,-20,5,38,6,4,7,8,7,5,6,59,3,-20,24,16,6,28,9,11,4,37,62,45,9,9,7,4,5,10,7,53,10,2,21,7,9,8,16,21,12,24,5,4,27,40,22,6,4,10,-20,-20,-20,7,-20,8,8,43,34,18,19,-20,29,44,8,14,47,13,-20,17,-20,11,-20,-20,-20,-20,14,25,10,-20,4,-20,17,12,12,-20,4,5,20,11,13,25,14,11,54,-20,-20,32,-20,44,16,-20,6,30,-20,10,-20,9,-20,12,19,-20,26,3,-20,-20,29,19,9,52,18,5,8,8,17,11,8,28,10,9,27,7,31,12,8,5,-20,6,14,10,9,7,21,15,9,12,22,16,6,17,5,16,15,29,12,13,8,-20,28,12,6,17,9,50,40,34,37,12,12,6,41,3,6,15,5,12,-20,5,17,6,9,48,22,-20,9,11,-20,21,11,12,9,7,48,33,7,44,46,56,53,56,59,-20,4,3,5,18,110,12,25,21,13,9,8,2,11,11,39,4,8,-20,14,30,9,9,32,32,3,8,27,3,8,12,21,-20,-20,16,-20,-20,13,7,9,-20,14,-20,15,10,7,3,22,16,5,3,16,7,6,13,4,14,11,-20,82,8,10,9,89,18,15,19,8,7,11,14,12,15,16,9,11,8,3,10,5,5,8,-20,7,58,7,3,9,-20,17,9,6,6,14,6,5,5,3,8,27,14,-20,13,-20,2,3,9,3,12,11,15,23,14,8,33,18,20,2,97,33,17,7,3,10,6,4,5,30,-20,8,17,6,-20,5,14,20,9,12,10,10,4,10,9,18,8,7,8,11,15,8,11,10,5,-20,13,13,3,10,9,11,10,10,4,11,60,38,31,20,7,-20,-20,5,6,6,7,20,4,7,11,7,-20,17,-20,24,6,5,-20,7,13,8,57,4,10,14,-20,-20,17,12,3,10,61,52,36,60,22,33,53,7,6,52,41,12,9,28,3,4,31,-20,-20,11,21,17,8,-20,11,7,-20,9,-20,10,18,23,-20,7,-20,21,20,-20,-20,11,11,7,9,-20,-20,11,9,35,9,-20,10,-20,8,4,66,4,17,-20,18,17,-20,11,7,-20,22,-20,23,61,53,49,32,37,11,18,9,21,12,8,28,-20,8,9,10,13,5,13,4,24,21,23,24,11,5,40,4,7,5,11,19,-20,-20,-20,-20,-20,7,15,10,24,23,14,60,29,53,48,32,-20,11,36,21,38,10,-20,27,17,17,20,56,37,18,8,18,28,29,26,-20,16,6,9,43,19,21,31,18,28,18,28,3,-20,10,43,21,14,22,13,16,10,8,13,-20,16,8,10,15,12,3,19,12,9,-20,11,22,10,14,10,8,16,22,5,-20,7,5,15,8,-20,9,19,4,9,4,6,4,17,7,12,8,8,3,14,12,21,5,9,7,5,18,8,9,12,-20,11,16,8,10,15,8,7,7,11,17,-20,13,16,11,10,-20,11,14,4,11,10,12,13,15,17,9,16,24,18,7,16,4,-20,11,12,12,3,-20,-20,10,6,12,14,9,11,13,21,3,6,12,9,12,9,3,7,9,-20,17,9,10,10,-20,10,15,18,-20,12,15,13,18,8,11,8,7,-20,11,4,16,-20,5,-20,14,9,3,-20,5,9,14,-20,6,13,-20,7,-20,12,8,17,7,11,10,12,-20,4,6,8,19,21,20,15,9,8,10,-20,10,13,-20,5,-20,23,6,3,18,10,20,10,15,3,-20,16,14,11,-20,7,9,9,7,12,6,8,3,8,15,5,6,-20,14,7,20,4,20,23,15,10,7,7,13,17,9,8,3,14,4,7,3,11,8,9,-20,-20,4,16,11,77,6,-20,20,15,12,12,14,16,9,12,17,15,9,18,13,17,24,22,9,15,15,20,21,7,13,15,10,14,30,5,8,9,24,7,-20,8,6,17,29,9,18,12,10,-20,20,13,12,7,7,14,3,5,10,6,-20,3,9,-20,7,-20,14,-20,-20,14,-20,3,13,-20,6,13,10,8,4,5,9,11,14,6,-20,11,12,5,-20,3,18,4,-20,-20,5,-20,3,-20,7,8,4,15,8,4,-20,14,8,10,16,15,7,7,18,17,6,6,6,10,14,7,8,35,10,8,13,4,5,11,14,13,11,-20,9,7,6,12,-20,7,15,5,3,11,10,11,5,3,4,6,-20,6,9,-20,6,3,12,11,13,8,-20,5,4,-20,-20,6,-20,5,-20,-20,6,-20,-20,-20,10,-20,-20,-20,-20,-20,5,5,3,-20,6,4,-20,-20,5,-20,-20,-20,3,-20,-20,8,6,-20,6,-20,9,7,3,-20,3,-20,4,9,4,-20,8,8,5,-20,6,5,9,2,3,5,6,-20,-20,8,3,3,4,7,-20,6,33,11,24,33,12,24,18,27,34,32,27,51,59,40,38,28,32
"chr1,17387011",3,8,8,-20,13,-20,8,3,3,3,11,6,68,37,29,17,42,13,80,73,59,12,80,44,60,35,36,43,21,4,8,12,-20,7,92,54,40,31,20,2,10,31,18,10,14,48,6,57,-20,16,19,33,67,33,24,14,52,11,32,34,32,34,43,34,22,26,38,70,57,22,38,30,24,39,34,60,40,5,11,7,8,16,22,-20,6,48,31,57,35,17,20,42,35,57,49,42,12,69,6,53,37,37,3,10,33,58,-20,40,71,7,14,5,26,50,-20,5,37,6,4,7,8,7,5,6,58,3,-20,24,16,6,30,9,11,4,37,62,44,9,9,7,4,5,10,7,51,10,2,21,7,9,8,15,21,11,24,5,4,26,40,24,6,4,10,-20,-20,-20,7,-20,8,7,44,34,18,18,-20,30,44,8,14,48,15,-20,17,-20,11,-20,-20,-20,-20,13,25,10,-20,4,-20,17,12,11,-20,4,6,20,11,12,25,14,11,54,-20,-20,31,-20,44,15,-20,6,30,-20,9,-20,9,-20,12,19,-20,26,3,-20,-20,28,19,9,52,18,5,7,8,17,10,8,28,10,7,27,7,30,12,8,8,-20,6,14,10,8,8,20,15,9,12,22,16,6,17,5,16,15,29,14,13,8,-20,28,12,6,18,9,51,40,33,37,13,12,6,41,3,6,15,5,-20,-20,5,17,6,10,47,22,-20,9,11,-20,22,11,-20,10,7,48,31,7,44,45,56,53,56,58,-20,4,3,5,18,109,11,25,21,13,8,8,2,11,11,37,4,8,-20,14,31,9,8,30,32,3,8,28,3,8,10,21,-20,-20,16,-20,-20,12,7,9,-20,12,-20,15,11,7,3,24,16,5,3,16,7,6,12,4,15,11,-20,82,8,10,10,90,18,13,21,7,7,11,15,12,16,16,9,11,8,3,-20,5,5,8,5,7,56,8,3,9,-20,17,9,-20,6,14,5,5,5,3,-20,26,14,-20,13,-20,2,-20,9,3,12,9,16,21,14,8,33,18,20,2,95,33,16,6,3,10,6,4,5,29,-20,8,17,6,-20,5,14,20,9,12,10,10,4,-20,9,18,9,7,8,11,15,8,11,10,5,-20,13,13,3,10,9,10,10,9,4,11,60,38,31,20,7,-20,-20,4,6,6,7,20,4,7,11,9,-20,17,-20,24,3,5,-20,7,12,8,56,4,9,13,-20,-20,17,5,3,10,60,53,36,60,22,32,55,7,6,51,40,12,9,28,3,4,32,-20,-20,10,20,16,8,-20,11,7,-20,8,-20,-20,18,23,-20,6,-20,22,20,-20,-20,11,11,7,8,-20,-20,11,10,37,9,-20,10,-20,8,4,65,4,17,-20,17,16,-20,11,6,-20,20,-20,23,61,53,50,32,35,11,17,9,23,13,8,28,-20,9,9,10,13,5,13,4,24,21,23,26,11,5,40,4,7,5,11,19,-20,-20,-20,-20,-20,7,15,10,24,23,14,57,31,53,49,30,15,11,34,21,36,10,-20,27,19,17,20,57,38,18,8,17,28,30,26,-20,16,7,11,46,19,21,31,18,28,17,28,3,-20,10,41,21,16,23,13,16,10,8,13,-20,16,8,10,15,13,3,19,12,9,-20,11,22,10,15,10,8,16,22,5,-20,7,-20,15,8,-20,8,19,3,9,4,6,4,17,7,11,8,8,3,14,12,22,6,9,6,5,18,8,9,12,-20,11,17,8,10,16,8,7,7,11,16,-20,14,16,11,10,-20,11,15,3,11,10,12,13,15,16,10,16,23,18,7,16,4,12,11,12,12,3,-20,-20,10,7,11,14,9,11,13,21,3,6,12,9,13,9,3,7,9,4,17,9,11,10,-20,10,15,18,-20,12,15,13,18,8,11,8,8,-20,11,4,16,-20,5,-20,13,9,3,-20,5,10,14,-20,6,13,-20,7,-20,12,8,17,7,11,10,12,-20,4,6,8,19,21,20,15,9,8,10,-20,10,13,-20,5,-20,23,6,3,18,10,19,10,15,3,-20,17,14,11,-20,7,10,10,7,12,6,8,3,8,15,5,6,-20,14,7,20,4,20,23,17,10,7,7,13,17,9,8,3,14,4,7,3,11,7,9,-20,-20,4,14,11,75,6,-20,20,16,12,12,16,17,9,12,18,16,6,18,13,17,25,22,9,15,15,7,21,8,13,15,10,14,30,5,6,9,24,4,-20,4,8,17,29,9,18,12,10,-20,20,13,12,7,7,14,3,6,10,6,-20,4,9,-20,7,-20,14,-20,-20,14,-20,3,13,-20,6,13,10,8,4,5,9,11,14,6,-20,11,12,5,-20,3,18,4,-20,-20,5,-20,3,-20,7,8,4,15,8,4,-20,14,8,10,16,15,7,7,18,17,5,6,6,10,14,7,8,35,10,8,13,4,5,11,14,13,11,-20,9,7,6,12,3,7,15,5,-20,11,10,11,5,3,4,6,-20,6,9,-20,6,3,12,11,13,7,-20,3,-20,-20,-20,5,-20,5,-20,-20,6,5,-20,4,11,-20,-20,5,-20,-20,-20,4,4,-20,6,5,3,-20,5,-20,-20,-20,3,-20,-20,7,5,-20,6,6,9,6,3,-20,-20,5,4,12,5,-20,-20,9,5,-20,6,5,-20,3,4,3,6,-20,-20,8,5,3,5,7,-20,6,33,10,24,33,12,26,17,27,35,32,27,51,59,41,38,28,33
"chr1,17387012",3,8,8,-20,13,-20,7,3,3,3,11,6,68,37,29,17,45,14,82,76,60,12,81,45,59,35,35,43,21,4,8,12,7,7,92,57,40,31,20,3,10,34,18,10,14,48,6,55,6,16,19,34,66,33,25,14,52,11,31,32,32,35,43,34,22,26,39,72,56,22,37,30,23,41,35,60,41,5,11,7,8,15,23,-20,6,47,31,57,36,17,20,42,35,60,50,42,12,70,6,50,37,37,3,9,33,59,-20,40,70,7,13,5,27,51,-20,5,37,6,4,7,8,7,5,6,58,3,-20,23,15,6,30,10,11,4,36,62,45,9,9,7,4,5,10,7,52,10,2,21,7,9,8,16,21,11,25,5,4,31,39,24,6,4,11,-20,-20,-20,7,-20,8,8,44,36,18,18,2,30,45,7,13,48,15,-20,17,-20,11,-20,9,28,-20,13,26,10,-20,4,-20,17,12,11,41,4,6,20,11,12,27,14,11,51,-20,26,31,-20,44,15,-20,6,31,-20,9,-20,9,-20,12,18,-20,25,3,-20,-20,28,19,9,55,18,5,7,8,17,10,8,28,10,7,25,7,29,12,8,8,-20,6,14,10,8,8,21,15,10,12,23,16,8,14,5,16,16,30,14,13,8,-20,26,12,6,18,8,52,38,33,36,13,11,6,41,3,6,15,5,-20,-20,5,18,6,10,49,24,48,9,11,-20,23,11,13,10,7,47,31,7,44,44,58,51,57,57,-20,4,3,7,18,109,-20,25,22,13,8,8,-20,11,11,38,4,8,-20,14,31,9,8,31,31,3,7,28,3,8,10,21,-20,-20,16,-20,-20,12,7,9,-20,13,-20,15,11,7,3,24,17,5,3,14,7,6,12,4,15,11,-20,81,9,10,10,90,18,12,21,7,7,11,16,11,16,17,9,11,8,3,10,5,5,8,5,7,54,8,3,9,3,17,9,6,6,16,5,5,5,3,9,26,14,-20,13,-20,2,-20,9,3,12,9,16,20,14,6,33,18,20,2,94,33,15,6,3,11,6,4,5,28,-20,8,17,6,17,5,14,20,9,11,10,10,4,10,9,18,9,7,8,10,15,8,10,10,5,-20,12,14,3,10,9,11,10,10,4,11,62,39,31,20,6,-20,-20,4,6,6,7,20,4,7,14,9,-20,17,-20,25,3,5,-20,7,12,8,55,4,9,13,-20,-20,17,-20,3,10,60,53,36,58,21,33,52,7,6,50,39,12,9,27,3,4,32,10,-20,11,20,16,-20,-20,11,7,-20,7,17,-20,18,22,-20,6,-20,22,19,-20,-20,11,11,7,8,-20,19,11,10,34,9,-20,10,-20,-20,4,66,4,17,-20,17,15,-20,11,6,-20,19,7,23,61,53,50,32,38,11,17,9,23,13,8,28,3,8,8,11,13,5,13,4,24,21,23,27,11,5,43,4,7,5,11,21,-20,-20,-20,-20,-20,7,14,10,25,25,14,57,30,53,48,31,16,11,34,21,37,10,-20,28,18,15,19,60,37,18,8,17,27,29,26,-20,16,8,11,45,19,23,32,18,29,17,28,3,21,10,43,21,16,23,13,17,10,8,13,-20,17,7,10,15,13,3,20,12,9,18,11,22,10,15,10,-20,16,22,5,-20,8,4,15,8,-20,8,19,3,9,4,6,4,17,9,12,8,8,3,14,13,22,6,9,6,5,17,8,9,12,-20,11,17,8,12,17,8,7,7,11,16,-20,14,18,11,10,-20,11,15,3,11,10,11,13,15,16,10,16,20,18,6,16,4,12,11,10,12,3,-20,-20,10,7,11,14,9,12,13,21,3,6,14,9,13,9,3,8,9,4,17,10,11,10,-20,11,15,19,-20,12,15,13,18,8,11,-20,8,-20,10,4,15,-20,5,-20,13,9,3,-20,5,10,14,19,6,13,7,7,12,12,8,17,7,11,11,12,15,4,6,8,19,21,20,15,9,8,10,-20,10,14,-20,6,-20,24,6,3,18,10,19,10,15,3,16,17,15,11,17,7,10,10,8,12,6,8,3,8,14,5,-20,-20,16,7,20,4,20,23,18,10,7,7,13,17,9,8,3,14,4,7,3,11,7,9,-20,-20,4,14,11,75,7,28,21,16,12,12,15,17,9,12,18,16,6,18,12,17,25,24,9,15,15,8,22,8,14,15,10,15,33,5,6,9,25,4,-20,4,8,17,30,9,18,12,10,-20,20,13,12,7,7,14,3,6,10,6,-20,4,9,-20,7,10,14,-20,-20,14,-20,3,13,-20,6,13,9,8,4,5,9,11,14,6,-20,11,12,5,-20,3,17,4,-20,-20,5,-20,3,-20,7,8,4,15,8,4,-20,14,8,9,15,15,8,7,18,17,4,6,6,10,14,7,8,34,10,8,12,4,5,11,14,13,10,-20,9,-20,6,12,3,7,15,5,-20,11,10,11,5,3,4,6,-20,6,9,-20,6,3,12,9,13,7,8,5,3,-20,-20,-20,-20,-20,-20,-20,6,5,-20,6,8,-20,-20,5,-20,-20,-20,4,-20,-20,6,-20,2,-20,5,3,-20,-20,3,-20,-20,7,5,-20,6,6,12,8,3,-20,-20,5,4,13,4,-20,8,7,5,-20,6,5,9,-20,4,-20,-20,-20,-20,8,4,3,5,8,-20,47,33,10,23,34,12,26,17,27,35,32,27,51,59,41,38,28,34
"chr1,17387016",3,9,7,-20,13,-20,9,3,3,3,11,3,67,36,32,18,45,13,81,77,64,13,84,44,56,36,34,41,19,4,7,13,7,8,90,60,42,32,20,4,10,37,18,14,16,50,7,58,7,15,16,37,65,32,28,16,53,11,34,30,30,34,42,33,21,27,38,73,56,21,39,31,28,41,33,57,40,6,11,6,8,14,24,-20,5,51,30,57,39,18,21,42,35,61,50,44,12,69,6,53,37,41,3,8,32,58,-20,39,67,7,13,6,24,50,-20,5,35,7,4,8,8,7,6,6,59,3,-20,24,15,6,30,9,11,4,35,66,47,9,9,7,4,4,11,7,55,10,2,22,7,8,8,16,21,10,22,5,4,31,37,18,6,3,11,-20,-20,-20,6,-20,8,9,44,36,18,18,2,31,43,7,14,47,15,-20,17,-20,12,-20,9,30,3,13,25,11,-20,4,-20,17,13,11,41,6,6,18,11,12,30,13,11,50,-20,28,27,-20,43,15,-20,6,31,-20,9,-20,9,-20,12,17,-20,21,3,-20,-20,26,19,-20,55,18,4,7,-20,17,9,8,28,10,7,24,10,25,13,7,8,-20,7,13,12,8,8,21,17,10,13,24,15,10,13,5,17,16,31,15,14,8,-20,26,14,5,18,8,54,34,34,36,12,12,8,41,3,7,16,4,11,-20,4,16,6,11,49,24,45,8,11,-20,22,11,14,9,6,47,32,9,45,43,58,50,58,54,-20,5,4,8,18,105,13,25,18,14,8,8,-20,8,11,36,4,7,-20,13,33,9,8,32,30,3,7,26,3,8,11,21,10,-20,14,-20,-20,12,7,8,2,14,-20,15,12,6,3,23,16,5,4,12,7,6,12,4,15,10,-20,80,9,10,10,89,17,10,20,7,7,10,15,11,14,18,9,12,7,3,9,4,5,8,4,8,52,6,3,9,3,16,9,6,5,15,5,5,5,3,9,28,13,-20,13,-20,2,-20,8,3,11,8,16,18,13,6,32,16,22,2,87,31,12,4,3,9,6,5,7,29,-20,8,17,7,18,5,15,19,9,13,10,10,5,10,9,16,8,7,8,11,13,-20,11,10,5,-20,12,14,-20,10,8,11,11,9,4,10,65,40,30,20,6,-20,-20,4,6,6,7,19,4,7,16,9,-20,17,-20,25,-20,4,-20,8,12,8,55,4,9,14,-20,3,16,6,2,-20,58,52,38,57,21,34,54,7,6,56,38,12,10,27,3,4,30,10,-20,12,19,16,8,-20,11,7,-20,6,22,10,18,23,-20,6,3,22,18,-20,4,11,12,7,8,-20,20,11,9,35,11,5,11,-20,7,4,67,4,17,-20,15,14,-20,11,5,-20,21,7,23,60,53,51,34,37,11,18,9,20,12,8,26,3,8,8,11,13,5,11,4,25,22,23,26,17,6,45,4,7,6,13,23,-20,-20,-20,-20,-20,7,15,10,23,29,13,54,25,54,45,32,14,11,34,23,38,10,6,25,19,15,21,60,39,19,8,18,29,27,26,-20,14,9,11,46,19,19,33,17,29,18,25,3,20,11,46,23,16,25,13,21,10,5,13,5,16,7,10,14,14,2,21,12,9,18,11,22,10,16,9,8,16,21,7,-20,10,3,19,9,-20,8,20,3,10,-20,6,3,18,8,13,9,8,3,14,13,24,6,8,6,5,18,8,10,11,-20,11,15,8,11,19,9,7,6,11,16,-20,16,18,12,10,-20,11,15,3,11,9,11,13,16,19,9,17,19,23,7,16,4,15,10,13,13,4,-20,-20,10,7,11,15,10,16,13,22,3,7,14,9,14,9,3,8,8,4,17,12,11,10,-20,12,15,20,4,11,14,13,18,7,12,9,8,-20,8,6,15,-20,4,-20,13,9,3,-20,5,11,14,20,6,14,7,7,12,13,8,17,5,10,14,12,15,4,6,8,17,20,18,15,9,8,10,-20,11,15,-20,4,-20,24,5,4,18,10,20,10,14,3,18,17,15,10,18,7,9,10,8,11,6,7,-20,10,14,5,7,-20,14,9,18,4,22,23,18,12,7,7,14,19,-20,9,3,13,5,5,4,9,11,9,-20,-20,4,13,10,80,7,27,21,20,11,13,15,16,7,12,18,15,6,19,13,17,25,21,9,17,14,12,22,8,14,14,10,15,35,5,10,10,23,4,-20,3,8,19,31,9,19,13,8,5,20,13,12,6,7,13,3,7,8,6,-20,4,9,-20,7,11,16,-20,-20,15,-20,-20,13,-20,7,14,9,9,4,6,9,10,14,5,-20,11,14,4,-20,-20,16,4,-20,-20,5,-20,3,-20,7,7,4,14,7,4,-20,12,8,8,16,13,9,8,18,16,4,7,6,9,15,7,8,31,9,7,12,3,5,11,10,13,11,-20,10,7,6,11,3,7,14,5,-20,11,12,11,5,3,4,5,-20,6,10,-20,6,-20,12,9,15,7,8,6,4,-20,-20,6,3,6,-20,-20,6,6,-20,5,10,-20,-20,4,3,-20,-20,4,-20,-20,5,4,4,-20,5,4,-20,-20,3,-20,-20,7,5,3,6,7,11,7,-20,-20,3,4,4,8,5,-20,10,9,4,-20,6,6,10,-20,5,5,6,-20,-20,8,5,4,4,7,-20,47,33,10,26,33,10,27,16,27,38,53,27,51,57,40,37,29,32
