"chr,position",88,108,139,159,265,350,351,403,410,424,428,430,470,476,484,504,506,531,544,546,628,630,680,681,685,687,728,742,763,765,766,768,772,801,853,854,867,868,870,915,932,991,992,997,1002,1006,1061,1062,1063,1066,1070,1158,1166,1254,1257,1313,1317,1552,1612,1622,1651,1652,1676,1684,1739,1741,1756,1757,1793,1797,1819,1820,1829,1834,1835,1851,1852,1853,1872,1890,1925,1942,1943,1954,2016,2017,2031,2053,2057,2081,2091,2106,2108,2141,2159,2166,2171,2191,2202,2212,2239,2240,2276,2278,2285,2286,2317,2370,2412,4779,4807,4826,4840,4857,4884,4900,4939,4958,5023,5104,5151,5165,5210,5236,5249,5253,5276,5279,5349,5353,5395,5486,5577,5644,5651,5717,5718,5720,5726,5741,5748,5757,5768,5772,5776,5779,5784,5798,5800,5811,5822,5830,5831,5832,5836,5837,5856,5860,5865,5867,5874,5890,5893,5907,5921,5950,5984,5993,6008,6009,6010,6011,6012,6013,6016,6017,6019,6020,6021,6022,6023,6024,6025,6030,6034,6035,6036,6038,6039,6040,6041,6042,6043,6046,6064,6069,6070,6071,6073,6074,6076,6077,6085,6086,6087,6088,6090,6091,6092,6094,6095,6096,6097,6098,6099,6100,6101,6102,6104,6105,6106,6107,6108,6109,6111,6112,6113,6114,6115,6118,6119,6122,6123,6124,6125,6126,6128,6131,6132,6133,6134,6136,6137,6138,6140,6141,6142,6145,6148,6149,6150,6151,6153,6154,6163,6166,6169,6172,6173,6174,6177,6180,6184,6188,6189,6191,6192,6193,6194,6195,6198,6201,6202,6203,6209,6210,6214,6216,6217,6218,6220,6221,6231,6235,6237,6238,6240,6241,6242,6243,6244,6252,6255,6258,6268,6276,6284,6296,6390,6396,6413,6424,6434,6445,6680,6739,6740,6744,6749,6750,6805,6806,6814,6830,6897,6898,6900,6901,6903,6904,6907,6908,6909,6911,6913,6915,6917,6918,6919,6920,6922,6923,6924,6926,6927,6929,6931,6932,6933,6938,6940,6943,6944,6945,6951,6956,6957,6958,6959,6960,6961,6963,6966,6967,6968,6969,6970,6971,6973,6974,6975,6976,6979,6981,6982,6984,6986,6987,6989,6990,6992,6997,7000,7002,7003,7008,7013,7014,7025,7026,7028,7031,7033,7036,7058,7061,7062,7063,7064,7067,7068,7071,7072,7077,7081,7092,7094,7096,7102,7103,7106,7107,7109,7111,7117,7119,7120,7125,7126,7127,7130,7133,7138,7143,7147,7158,7160,7161,7162,7163,7164,7165,7169,7177,7181,7183,7186,7192,7199,7202,7203,7207,7208,7209,7213,7217,7218,7223,7231,7236,7244,7248,7250,7255,7258,7268,7273,7276,7280,7282,7287,7288,7296,7298,7305,7306,7307,7314,7316,7319,7320,7322,7323,7327,7328,7332,7333,7337,7342,7343,7344,7346,7347,7349,7350,7353,7354,7356,7358,7359,7372,7373,7377,7378,7382,7383,7384,7387,7394,7396,7404,7411,7413,7415,7416,7417,7418,7419,7424,7427,7430,7460,7461,7471,7475,7477,7514,7515,7516,7517,7520,7521,7523,7525,7529,7530,7566,7568,7717,7757,7767,7917,7947,8037,8057,8077,8132,8171,8214,8222,8227,8230,8231,8233,8234,8235,8236,8237,8238,8239,8240,8241,8242,8243,8244,8246,8247,8249,8256,8258,8259,8264,8283,8284,8285,8290,8297,8306,8307,8311,8312,8326,8334,8335,8337,8343,8351,8354,8357,8365,8366,8369,8376,8386,8387,8419,8420,8422,8424,8426,8427,8464,8483,8699,8723,9027,9057,9058,9067,9069,9070,9075,9078,9079,9081,9084,9085,9089,9091,9095,9099,9100,9102,9103,9104,9105,9106,9111,9113,9114,9115,9121,9125,9128,9130,9131,9133,9134,9298,9312,9314,9321,9323,9332,9336,9339,9343,9352,9353,9363,9369,9370,9371,9380,9381,9382,9383,9386,9388,9390,9391,9392,9394,9395,9399,9402,9404,9405,9407,9408,9409,9412,9413,9416,9421,9427,9433,9436,9437,9442,9450,9451,9452,9453,9454,9455,9470,9471,9476,9481,9503,9506,9507,9508,9509,9510,9511,9512,9513,9514,9515,9517,9518,9519,9520,9521,9522,9523,9524,9525,9526,9527,9528,9529,9530,9531,9532,9533,9534,9535,9536,9537,9539,9540,9541,9542,9543,9544,9545,9546,9547,9548,9549,9550,9551,9552,9553,9554,9555,9556,9557,9558,9559,9560,9561,9562,9564,9565,9567,9568,9569,9571,9573,9574,9576,9577,9578,9579,9581,9582,9583,9584,9585,9586,9587,9588,9589,9590,9591,9592,9593,9594,9595,9596,9597,9598,9599,9600,9601,9602,9606,9607,9608,9609,9610,9611,9612,9613,9615,9616,9617,9619,9620,9621,9622,9624,9625,9626,9627,9628,9629,9630,9631,9632,9633,9634,9635,9636,9637,9638,9639,9640,9641,9642,9643,9644,9645,9646,9647,9648,9649,9651,9653,9655,9656,9657,9658,9659,9660,9661,9663,9664,9665,9666,9667,9668,9669,9670,9671,9672,9673,9676,9677,9678,9679,9680,9681,9682,9683,9684,9685,9686,9687,9689,9690,9691,9692,9693,9694,9695,9696,9697,9698,9699,9700,9701,9703,9704,9705,9706,9707,9708,9709,9710,9711,9712,9713,9714,9716,9717,9718,9719,9720,9721,9722,9723,9725,9726,9727,9728,9729,9730,9731,9732,9733,9735,9736,9737,9738,9739,9741,9743,9744,9745,9747,9748,9749,9754,9755,9756,9757,9758,9759,9761,9762,9764,9766,9768,9769,9770,9771,9772,9774,9775,9776,9777,9778,9779,9780,9781,9782,9783,9784,9785,9786,9787,9788,9789,9790,9791,9792,9793,9794,9795,9796,9797,9798,9799,9800,9801,9802,9803,9804,9805,9806,9807,9808,9809,9810,9811,9812,9813,9814,9815,9816,9817,9819,9820,9821,9822,9823,9824,9825,9826,9827,9828,9830,9831,9832,9833,9834,9835,9836,9837,9838,9839,9840,9841,9843,9844,9845,9846,9847,9848,9849,9850,9851,9852,9853,9854,9855,9856,9857,9858,9859,9860,9861,9862,9864,9866,9867,9868,9869,9870,9871,9873,9874,9875,9876,9877,9878,9879,9880,9881,9882,9883,9885,9886,9887,9888,9890,9891,9892,9894,9895,9897,9898,9899,9900,9901,9902,9903,9904,9905,9906,9908,9909,9910,9911,9912,9914,9915,9917,9918,9920,9921,9924,9925,9926,9927,9928,9929,9930,9932,9933,9935,9937,9938,9939,9941,9942,9943,9944,9945,9946,9947,9948,9949,9950,9951,9952,9953,9955,9956,9957,9958,9959,9960,9962,9963,9964,9965,9966,9968,9969,9970,9971,9972,9973,9974,9975,9976,9978,9979,9980,9981,9982,9983,9984,9985,9986,9987,9988,9990,9991,9993,9995,9996,9997,9998,9999,10001,10002,10004,10005,10006,10008,10009,10010,10011,10012,10013,10014,10015,10017,10018,10020,10022,10023,10027,14312,14313,14314,14315,14318,14319,15560,15591,15592,15593,18694,18696,19949,19950,19951
"chr1,16766236",5,3,-20,-20,16,-20,9,-20,6,-20,-20,8,36,28,7,9,30,13,69,64,52,-20,49,40,56,31,24,31,14,5,12,-20,8,14,72,56,31,25,-20,5,-20,39,16,12,14,43,12,53,8,18,11,25,40,20,26,21,53,25,30,28,30,27,36,31,17,10,30,53,47,11,37,23,12,30,35,58,18,7,13,12,-20,21,17,8,13,30,29,51,33,16,17,26,24,31,25,30,13,49,2,44,34,27,5,12,25,39,-20,29,32,7,10,3,28,40,-20,3,40,14,4,9,6,10,23,-20,47,4,-20,33,6,7,31,7,-20,6,24,50,40,-20,-20,14,7,-20,9,15,42,-20,-20,31,-20,11,7,14,12,19,44,5,6,20,47,15,-20,-20,-20,-20,-20,9,8,-20,6,16,47,48,16,19,10,24,13,10,14,78,32,7,10,-20,21,8,8,17,5,9,21,11,4,5,13,16,11,10,18,12,14,29,23,29,34,16,17,58,-20,16,55,19,34,15,9,8,40,17,19,15,4,14,13,47,8,17,4,7,11,37,42,30,30,53,19,17,-20,19,13,11,27,15,13,18,12,12,13,22,16,12,16,24,13,9,9,19,14,11,24,21,14,17,25,6,7,14,22,12,23,20,13,27,8,21,26,12,49,45,18,32,15,19,3,20,-20,10,9,-20,5,20,-20,18,6,13,45,32,45,-20,-20,-20,17,4,3,-20,4,37,41,-20,49,46,51,38,47,39,4,7,-20,7,11,48,8,16,13,16,6,8,-20,9,9,20,8,8,-20,6,30,8,8,34,57,4,10,20,14,6,11,6,-20,9,15,10,5,7,9,15,3,15,-20,4,14,7,11,-20,13,11,7,4,11,6,8,8,11,15,6,61,4,7,7,26,6,-20,10,-20,5,11,14,9,13,7,4,14,8,12,7,6,3,4,-20,10,24,9,5,12,7,21,-20,4,6,9,13,10,14,4,4,6,-20,-20,5,-20,8,9,5,20,8,7,7,17,12,13,5,18,14,7,104,16,16,6,6,3,7,-20,4,12,6,5,7,12,15,3,20,5,29,11,5,4,9,5,12,23,4,8,6,20,16,9,19,4,9,5,11,7,-20,7,11,6,11,5,8,6,59,26,10,19,5,8,2,12,9,9,8,15,9,-20,17,7,17,20,6,7,9,5,9,7,10,6,50,5,11,4,10,4,8,17,10,12,46,39,43,46,8,36,45,-20,8,38,38,14,8,34,10,-20,17,21,-20,5,32,4,3,11,11,4,7,10,10,7,16,15,4,8,5,8,12,8,8,-20,5,9,20,6,21,-20,3,24,13,8,4,9,18,12,23,11,-20,15,3,18,8,11,11,13,25,16,14,54,44,26,40,33,16,32,9,32,11,15,25,5,10,8,6,12,13,11,14,20,16,-20,22,16,9,37,-20,16,7,7,26,21,13,22,12,23,6,10,12,31,34,19,56,26,41,36,42,20,24,29,18,49,21,15,18,25,35,13,50,34,20,4,25,18,77,19,9,19,-20,14,33,22,16,28,19,29,19,29,8,31,-20,63,18,25,21,26,7,14,20,16,15,13,-20,12,14,5,9,12,13,7,14,7,16,11,14,17,11,15,9,14,9,15,10,12,13,17,16,8,16,10,12,7,14,12,10,11,-20,7,8,-20,22,15,9,12,18,13,12,17,13,11,9,10,15,11,8,6,6,14,9,22,13,9,9,15,-20,11,12,14,13,6,8,16,7,10,7,21,8,15,8,8,8,8,12,6,11,11,12,26,13,6,9,4,12,11,5,11,13,10,4,9,9,14,7,11,12,7,3,11,6,-20,13,15,-20,8,3,15,11,5,-20,13,5,5,15,10,8,14,5,-20,10,5,6,-20,11,9,14,-20,9,9,12,8,11,8,11,9,10,5,9,6,15,-20,7,7,6,-20,9,3,-20,5,3,13,7,9,10,9,8,7,14,15,5,17,15,6,10,13,23,-20,20,6,14,25,14,-20,13,7,9,18,-20,19,9,3,17,8,6,7,9,-20,9,9,14,8,8,13,8,8,12,12,5,6,8,-20,5,10,9,7,6,19,17,8,8,-20,6,8,4,30,-20,17,20,12,20,23,22,20,30,14,20,17,15,11,11,19,17,21,18,19,11,13,21,14,9,9,16,13,40,8,15,13,15,11,24,16,11,17,20,18,6,15,3,-20,8,4,8,11,-20,10,6,7,8,6,4,2,15,4,9,14,-20,7,8,-20,10,-20,7,18,-20,15,9,4,9,9,12,13,27,8,4,-20,10,9,9,8,7,-20,-20,-20,4,3,-20,4,13,4,7,4,9,9,8,10,8,10,6,7,8,11,7,8,-20,4,13,4,11,11,7,33,7,11,10,7,16,6,5,25,10,8,6,6,-20,3,5,6,19,5,-20,4,9,11,12,7,6,3,-20,6,8,13,-20,3,16,15,9,12,10,-20,7,7,4,-20,-20,-20,5,-20,-20,-20,8,-20,8,7,3,7,-20,7,-20,3,2,8,3,4,4,-20,8,4,-20,-20,3,-20,-20,6,5,5,-20,7,3,-20,3,-20,5,3,3,3,-20,5,6,3,6,4,4,4,8,-20,-20,4,5,8,-20,6,6,6,5,6,-20,16,26,-20,20,14,14,20,22,51,37,58,52,70,37,34,30,46,33
"chr1,16766243",-20,-20,-20,-20,15,-20,-20,-20,-20,-20,-20,6,35,27,7,8,27,11,59,63,50,-20,44,37,53,32,23,32,13,5,12,-20,9,9,69,55,31,24,-20,4,9,36,15,13,12,42,12,56,7,18,11,26,37,18,21,21,51,23,28,26,30,25,33,31,16,7,32,52,43,11,37,21,6,31,34,52,19,8,11,11,-20,22,15,8,11,31,27,51,31,16,14,25,21,30,21,26,8,45,-20,42,30,28,5,7,24,37,-20,28,31,6,-20,-20,31,37,-20,-20,36,11,4,8,6,9,18,-20,47,-20,-20,32,7,-20,31,5,-20,-20,23,50,36,-20,-20,4,7,-20,7,-20,36,-20,-20,25,-20,12,6,15,13,21,43,5,6,20,49,11,-20,-20,-20,-20,-20,-20,-20,-20,6,16,45,42,20,19,10,21,15,11,13,78,33,7,11,5,21,8,10,14,5,9,12,9,-20,5,13,14,-20,10,21,12,14,29,23,28,28,-20,12,57,-20,15,46,22,33,14,9,8,36,18,21,13,4,12,13,37,7,17,4,4,10,35,38,21,31,48,18,8,-20,21,13,11,26,14,14,13,10,16,13,22,13,11,14,21,13,7,9,-20,14,10,25,23,-20,17,21,6,6,14,19,13,20,18,13,29,-20,20,29,14,55,40,21,39,13,20,6,18,-20,10,5,-20,6,20,-20,17,6,11,41,24,46,-20,-20,-20,15,-20,-20,-20,-20,35,40,-20,44,46,49,37,44,35,3,-20,-20,6,9,35,8,14,15,14,5,7,-20,9,7,19,8,8,7,6,27,8,8,35,53,3,9,15,-20,-20,10,-20,-20,8,15,9,4,7,9,15,-20,12,-20,4,12,7,10,-20,11,10,8,-20,8,6,9,8,10,14,-20,66,4,5,5,-20,6,-20,8,2,4,6,13,7,13,6,4,16,7,10,6,6,-20,5,-20,8,22,8,5,10,7,17,-20,4,6,8,14,9,12,4,4,-20,-20,8,3,-20,8,8,4,19,6,7,7,15,12,13,-20,14,11,6,108,13,13,6,5,3,7,-20,4,-20,-20,4,8,12,13,3,19,3,25,13,4,4,8,4,11,23,-20,8,5,20,16,9,13,3,9,5,13,8,-20,5,11,6,11,5,7,4,51,26,-20,10,5,7,2,11,8,8,8,12,9,-20,13,7,18,17,4,7,9,5,10,9,10,7,47,4,11,4,10,3,6,15,8,11,44,34,41,41,8,30,42,-20,7,34,35,12,7,34,9,-20,14,19,-20,4,31,3,-20,11,10,3,4,8,7,5,14,14,5,8,7,6,11,5,7,-20,5,9,19,5,20,-20,3,24,13,10,-20,9,-20,12,18,11,-20,14,-20,19,6,10,11,10,18,14,13,48,43,27,36,32,18,31,5,24,11,11,21,3,5,6,6,12,10,8,12,14,13,10,18,16,5,31,-20,15,6,-20,19,18,-20,16,-20,23,6,9,10,33,36,18,49,23,43,41,40,22,18,25,14,49,23,16,16,27,31,12,43,35,19,3,22,17,-20,22,9,17,-20,14,30,21,18,32,21,31,20,34,9,31,7,58,20,23,19,24,7,15,16,11,10,14,-20,12,10,5,8,12,10,6,11,4,14,7,15,15,7,13,8,7,8,12,10,12,12,15,16,-20,14,4,-20,6,10,9,6,6,9,6,8,6,20,13,-20,11,16,12,-20,14,11,11,5,10,12,10,6,6,7,13,8,19,11,9,5,14,-20,9,11,10,-20,6,7,13,5,7,6,22,7,9,6,6,6,10,9,6,10,7,10,18,8,6,9,-20,11,9,5,7,11,9,3,5,5,10,8,10,-20,-20,-20,9,6,-20,-20,14,-20,7,-20,11,9,-20,6,11,4,5,11,9,6,11,-20,-20,7,-20,5,-20,9,9,12,-20,5,-20,7,6,10,4,10,6,10,5,6,5,15,-20,5,6,5,-20,7,3,-20,5,5,7,-20,9,8,9,7,7,14,13,3,15,12,-20,7,-20,17,-20,17,6,12,22,12,-20,9,5,9,12,5,13,6,3,15,-20,4,6,8,7,-20,6,9,7,7,13,-20,8,9,9,4,-20,-20,4,5,9,9,7,-20,17,13,6,6,-20,7,8,3,24,-20,15,18,9,17,17,17,16,22,8,-20,17,14,10,10,15,15,18,12,15,8,-20,21,10,7,7,15,-20,28,5,12,10,14,11,17,11,10,13,14,17,4,12,3,-20,8,-20,7,11,-20,8,6,6,8,5,6,2,12,3,5,11,-20,6,8,-20,10,4,8,13,7,-20,7,-20,-20,5,9,10,25,9,-20,6,-20,7,7,7,7,-20,-20,-20,4,-20,-20,-20,10,4,-20,3,4,-20,8,5,6,10,5,6,7,8,-20,8,5,4,12,-20,10,9,7,33,7,7,8,6,16,6,3,17,10,-20,4,6,3,3,4,7,18,5,-20,-20,6,11,9,6,3,4,-20,6,7,12,-20,3,17,13,6,9,-20,-20,7,-20,-20,-20,-20,-20,9,-20,-20,-20,7,-20,-20,7,-20,5,-20,5,5,-20,4,-20,4,-20,-20,-20,5,5,-20,-20,-20,-20,-20,-20,3,5,-20,-20,-20,6,-20,-20,-20,3,3,4,3,-20,-20,-20,5,-20,6,-20,10,-20,-20,-20,7,-20,-20,4,-20,-20,4,4,-20,11,22,7,20,17,13,17,24,50,36,52,74,69,37,32,28,46,33
"chr1,16766244",-20,-20,-20,-20,15,-20,-20,-20,-20,-20,-20,6,34,27,8,8,29,11,61,64,52,-20,45,37,55,32,22,32,13,5,12,-20,11,9,68,56,31,25,-20,4,9,37,16,13,11,43,13,56,8,19,11,26,37,16,21,20,51,24,29,28,31,26,33,31,14,7,31,55,44,11,37,21,7,32,34,54,20,8,9,11,-20,22,15,8,10,31,28,51,32,16,14,25,24,28,21,26,8,45,-20,45,31,28,5,7,24,37,-20,33,33,6,-20,-20,32,41,-20,-20,36,11,3,8,6,9,18,-20,49,-20,-20,34,7,-20,31,5,-20,-20,21,52,36,-20,-20,3,7,-20,7,-20,42,-20,-20,25,-20,12,6,15,12,21,44,5,6,20,52,12,-20,-20,-20,-20,-20,-20,-20,-20,6,15,44,41,22,19,10,21,16,11,10,81,35,7,11,5,21,8,10,15,4,9,12,10,-20,5,13,14,-20,10,21,12,14,29,26,29,28,-20,14,57,-20,17,46,22,32,14,11,8,38,17,22,-20,4,12,13,40,7,17,6,4,12,35,39,22,32,48,20,7,-20,21,14,12,25,11,14,13,8,16,13,21,12,11,14,24,13,7,8,19,14,11,26,23,-20,19,23,6,5,14,20,12,19,18,13,31,10,19,27,14,55,41,21,39,13,20,6,19,-20,10,5,-20,6,18,-20,18,6,11,41,24,49,-20,-20,-20,16,-20,-20,-20,-20,36,44,-20,43,48,48,36,44,37,3,7,-20,6,9,34,8,12,16,15,-20,7,3,9,7,19,8,-20,7,5,27,8,-20,35,54,-20,9,16,14,-20,10,-20,-20,8,15,9,4,7,9,16,4,11,-20,4,-20,7,10,10,12,10,8,-20,8,6,9,8,10,14,-20,66,4,7,5,25,6,-20,8,2,4,6,13,7,12,-20,4,17,8,10,7,6,-20,5,-20,8,22,8,5,11,7,18,-20,4,6,8,14,9,12,4,4,-20,-20,8,3,-20,9,8,4,20,6,7,6,13,10,13,-20,14,12,6,109,12,12,6,5,3,7,-20,4,-20,7,3,8,12,14,3,19,3,23,14,4,4,8,4,11,23,-20,8,5,19,16,11,10,3,9,5,13,8,-20,5,12,6,11,5,7,4,52,28,-20,11,5,7,2,11,8,8,8,14,7,-20,12,5,19,16,4,7,9,5,10,9,10,7,48,4,10,-20,10,3,6,17,8,-20,44,35,45,40,8,30,45,-20,6,33,36,12,6,34,11,-20,14,20,-20,-20,32,-20,-20,11,10,3,4,9,6,5,14,13,4,8,7,6,10,5,7,-20,5,9,17,5,21,-20,4,27,12,10,-20,9,20,12,18,12,-20,14,-20,18,6,10,12,14,20,16,13,48,45,27,38,32,17,28,5,25,9,9,20,3,5,6,6,12,9,8,11,14,13,8,16,16,5,30,-20,15,6,-20,19,19,-20,15,11,23,6,9,10,33,37,20,51,25,43,41,39,23,17,25,13,50,24,19,16,27,31,14,47,36,19,3,25,17,82,22,9,17,-20,15,32,22,19,32,20,32,19,39,10,32,-20,58,21,23,19,25,7,14,15,11,9,14,-20,11,10,5,8,12,9,6,12,4,14,7,15,15,7,13,9,7,8,12,10,11,12,15,16,-20,15,4,-20,7,11,9,6,5,9,6,7,7,19,13,8,11,15,11,-20,14,11,11,5,10,13,10,7,6,7,12,8,20,11,9,5,14,-20,9,10,10,-20,6,7,13,5,7,5,24,7,-20,6,6,6,9,10,6,9,7,10,18,8,7,8,-20,11,9,5,7,9,9,3,6,4,10,8,10,8,-20,-20,8,6,-20,11,12,-20,5,-20,9,9,-20,6,10,4,5,11,9,5,11,-20,-20,7,-20,5,-20,9,9,12,-20,4,-20,6,4,10,4,9,6,10,5,6,5,15,-20,5,6,5,-20,7,3,-20,5,5,7,-20,9,7,9,6,7,13,13,3,15,12,-20,7,-20,17,-20,17,6,12,24,12,-20,9,5,9,12,5,13,6,3,15,-20,-20,6,7,7,-20,6,9,7,7,12,8,8,9,9,-20,-20,3,4,5,9,9,7,-20,17,12,6,5,-20,6,8,3,23,-20,14,16,9,17,17,16,14,23,-20,14,16,11,9,10,15,13,17,14,16,7,-20,21,10,7,7,15,-20,28,5,12,11,15,11,16,11,9,12,13,17,4,11,3,-20,8,-20,7,11,-20,8,6,6,7,5,6,-20,12,3,5,11,-20,6,8,-20,10,-20,8,12,-20,-20,7,-20,-20,5,9,10,25,8,-20,6,9,7,7,7,7,-20,-20,-20,4,-20,-20,-20,10,4,-20,3,4,-20,9,5,6,10,5,5,-20,8,-20,8,5,4,12,-20,9,8,6,30,7,7,7,6,17,6,3,14,10,-20,4,6,3,4,5,7,18,5,-20,-20,6,10,9,7,3,5,-20,6,7,12,-20,3,15,13,-20,10,10,-20,8,7,5,-20,-20,-20,10,-20,5,-20,6,-20,9,8,4,6,4,5,4,-20,3,6,4,-20,4,-20,6,4,-20,-20,4,-20,-20,-20,3,-20,-20,5,-20,6,4,-20,4,5,-20,5,-20,5,6,-20,6,5,6,5,12,-20,-20,-20,8,7,-20,4,4,5,5,5,-20,12,22,8,20,17,12,18,24,48,37,51,74,70,39,34,29,48,33
"chr1,16766248",-20,-20,-20,-20,14,-20,-20,-20,-20,-20,-20,5,32,25,9,8,30,13,62,58,52,-20,44,34,51,33,22,31,12,5,11,-20,11,9,67,54,32,23,-20,5,7,39,16,13,12,44,11,58,8,20,11,28,40,19,22,20,55,22,28,29,31,28,32,29,10,8,29,53,41,12,33,18,9,30,33,54,20,7,11,12,-20,24,13,8,10,30,29,50,33,17,11,25,23,24,21,25,8,44,3,42,31,32,5,7,24,38,-20,33,31,7,-20,-20,-20,37,3,-20,34,11,-20,7,8,9,16,-20,47,-20,-20,29,8,-20,31,5,-20,-20,21,53,36,-20,-20,-20,6,-20,5,-20,42,-20,-20,22,-20,12,6,-20,10,21,43,5,5,17,54,11,-20,-20,-20,-20,-20,-20,-20,-20,4,18,47,44,28,18,11,23,15,11,11,81,36,7,14,5,20,8,10,15,3,9,13,10,-20,-20,15,13,-20,11,17,12,12,28,-20,28,28,-20,11,60,-20,15,42,22,30,13,11,8,39,13,24,14,-20,10,13,41,-20,15,5,-20,11,32,42,24,30,50,17,3,-20,20,14,12,24,8,14,9,8,15,15,14,12,-20,13,18,12,-20,4,12,12,8,26,24,-20,18,19,8,-20,17,19,-20,16,16,14,25,11,21,23,15,56,-20,25,42,13,20,8,19,-20,10,-20,-20,7,19,-20,19,6,10,44,27,49,-20,-20,-20,16,-20,-20,-20,-20,38,44,-20,45,48,48,36,43,36,3,6,-20,-20,8,27,10,10,15,15,-20,-20,3,10,8,21,7,8,6,5,23,8,-20,35,49,-20,8,18,12,-20,9,-20,-20,7,15,9,5,6,9,14,4,12,-20,2,-20,7,11,10,12,10,8,-20,8,5,9,8,9,12,-20,69,4,7,6,23,6,-20,8,-20,4,6,10,7,12,-20,4,12,7,10,8,5,-20,6,-20,8,19,8,5,11,5,22,-20,5,-20,6,12,8,10,-20,4,-20,-20,7,-20,-20,6,7,4,19,5,8,7,13,-20,13,5,15,12,6,114,10,11,6,5,3,5,-20,4,-20,8,3,8,11,11,3,17,3,21,-20,4,4,8,-20,10,23,-20,8,3,13,15,11,6,3,9,5,13,-20,-20,5,10,6,-20,-20,7,-20,50,28,-20,6,5,7,2,10,10,8,7,13,8,-20,11,-20,18,15,4,7,9,5,10,9,10,7,46,4,11,-20,9,3,6,17,8,10,43,34,43,36,10,28,43,-20,6,33,37,11,5,32,9,-20,-20,18,-20,-20,27,-20,-20,9,7,3,5,11,5,4,13,13,-20,8,7,6,10,-20,8,4,3,9,17,3,20,-20,4,27,11,10,-20,9,18,12,16,12,-20,13,-20,18,-20,9,9,-20,20,17,13,46,41,23,37,31,17,21,5,19,7,10,18,-20,9,7,6,10,8,7,11,14,12,9,14,14,-20,30,-20,14,6,2,22,17,-20,13,11,22,6,9,9,34,35,20,55,25,39,37,40,25,15,23,14,57,22,13,15,25,30,14,45,34,17,3,24,16,85,22,8,-20,-20,14,31,22,18,32,19,30,18,38,10,26,-20,56,21,17,16,11,8,13,15,12,8,12,4,11,9,8,9,12,6,6,13,4,13,9,16,12,4,7,8,6,7,11,9,11,12,13,14,-20,13,4,5,6,12,8,5,-20,8,6,6,8,17,12,-20,11,16,10,-20,10,11,-20,5,10,14,9,8,7,7,13,7,22,11,8,5,16,-20,9,13,9,-20,6,7,13,5,8,5,24,7,11,6,6,6,8,9,6,10,7,9,18,9,7,7,-20,12,9,3,6,9,8,3,6,4,11,8,9,8,-20,-20,8,-20,-20,9,12,-20,6,-20,9,7,-20,4,10,4,4,11,9,4,10,-20,-20,6,-20,4,-20,9,8,12,-20,-20,-20,5,3,10,3,10,6,11,5,6,6,15,-20,5,6,5,-20,7,3,-20,5,5,5,-20,7,7,8,6,6,13,13,4,15,12,-20,7,-20,13,-20,17,7,13,22,12,-20,8,5,10,10,4,14,7,3,15,6,-20,5,6,7,-20,4,8,7,6,12,7,-20,10,9,5,-20,3,5,7,8,9,7,-20,16,13,6,6,-20,6,8,3,24,-20,15,16,8,15,13,14,13,19,7,14,14,11,9,9,15,14,18,15,15,8,11,16,11,7,7,14,-20,25,5,12,11,16,9,15,11,9,11,10,17,4,12,3,-20,8,-20,5,8,-20,6,6,6,6,5,6,-20,11,3,5,9,-20,4,8,-20,10,-20,10,13,5,-20,7,-20,-20,6,9,8,22,8,-20,5,8,7,7,9,7,-20,-20,-20,4,-20,-20,-20,8,4,-20,3,-20,5,9,5,6,10,-20,3,-20,7,-20,7,4,3,14,-20,9,7,6,28,6,5,8,7,16,6,-20,11,10,-20,4,6,2,4,7,5,18,-20,-20,4,6,9,10,7,3,5,-20,6,7,9,-20,3,15,13,7,11,9,-20,7,-20,-20,-20,-20,-20,-20,-20,-20,-20,7,7,9,-20,-20,4,4,4,-20,-20,3,8,4,-20,5,-20,5,3,-20,-20,6,-20,-20,-20,3,5,-20,3,3,5,4,4,5,4,-20,4,-20,-20,5,3,6,5,5,5,10,-20,-20,-20,9,7,-20,4,6,3,5,4,-20,10,-20,8,20,17,12,16,23,44,37,52,74,67,39,34,28,47,31
"chr1,16766252",-20,-20,-20,-20,13,-20,-20,-20,-20,-20,-20,5,28,18,9,8,24,13,60,59,48,-20,41,34,50,32,21,25,12,5,10,-20,11,9,62,53,29,22,-20,4,6,36,16,13,12,44,11,57,8,20,11,25,40,18,20,18,53,20,27,28,31,28,32,25,8,7,26,50,37,12,32,17,9,26,30,54,20,7,11,11,-20,22,13,8,8,28,29,45,33,16,12,23,23,23,21,24,8,41,3,39,33,30,5,6,23,34,-20,30,28,6,-20,2,-20,32,3,-20,32,11,-20,7,8,9,15,-20,43,-20,-20,28,-20,-20,31,6,-20,-20,21,53,32,-20,-20,-20,7,-20,5,-20,39,-20,-20,21,-20,10,6,-20,10,22,41,4,6,19,50,11,-20,-20,-20,-20,-20,-20,-20,-20,4,19,47,43,35,19,11,24,15,11,-20,80,37,6,13,5,20,8,-20,15,3,8,13,10,-20,-20,14,13,-20,11,13,10,9,28,-20,28,29,-20,11,61,-20,-20,39,22,24,13,11,6,37,13,25,11,-20,9,13,41,-20,15,5,-20,11,32,41,22,30,49,14,3,-20,21,17,13,20,6,14,9,7,15,16,14,9,8,11,18,11,-20,4,9,14,9,24,23,-20,17,18,8,2,16,18,-20,16,13,13,25,11,-20,22,14,55,-20,21,41,12,20,-20,19,-20,9,-20,-20,7,19,-20,19,6,11,43,29,46,-20,-20,-20,15,-20,-20,-20,-20,33,40,-20,44,50,45,35,40,35,3,5,-20,-20,7,23,10,8,16,14,-20,-20,4,12,8,20,7,6,5,5,18,7,-20,35,44,-20,7,17,10,-20,7,-20,-20,6,15,9,5,3,9,13,7,12,-20,2,-20,6,11,11,12,10,8,-20,8,5,8,8,9,13,-20,73,4,7,-20,20,7,-20,6,-20,-20,5,8,7,10,-20,4,10,7,9,8,4,-20,6,-20,7,16,7,5,11,-20,22,-20,5,-20,5,12,7,8,-20,-20,-20,-20,7,-20,-20,6,7,4,16,5,7,7,13,-20,13,5,14,11,5,114,10,8,-20,4,3,3,-20,-20,-20,8,3,7,9,9,3,16,3,18,-20,3,3,8,-20,11,23,-20,-20,-20,11,15,-20,6,3,5,5,12,-20,-20,5,10,6,8,-20,7,-20,49,26,5,4,5,7,2,9,10,8,7,10,8,-20,10,-20,16,-20,4,5,8,5,10,9,10,6,42,3,11,-20,9,3,6,16,7,8,41,33,40,37,10,26,41,-20,-20,32,37,10,5,31,9,-20,-20,16,-20,-20,25,-20,-20,8,6,3,5,-20,-20,-20,-20,12,-20,8,6,6,9,-20,8,-20,3,7,15,3,20,-20,3,26,10,11,-20,8,-20,12,14,11,-20,14,-20,18,-20,9,8,-20,17,17,12,40,40,22,33,29,19,20,5,17,7,9,17,-20,8,7,5,10,8,6,7,11,11,9,14,13,-20,29,-20,12,-20,2,21,15,-20,13,10,21,6,9,9,35,33,21,49,22,36,37,38,25,16,25,-20,54,17,10,16,26,28,14,40,33,14,3,25,17,76,21,8,-20,-20,16,30,22,14,32,17,29,18,37,10,23,6,53,21,14,13,11,-20,12,15,12,-20,12,-20,10,9,8,10,11,6,5,13,4,12,8,16,10,4,7,7,6,7,10,9,11,10,14,12,-20,13,4,2,6,11,7,-20,-20,7,5,6,-20,17,12,6,11,16,10,-20,6,11,-20,5,10,12,9,-20,7,7,13,6,23,10,8,5,13,-20,7,13,8,-20,6,7,11,2,8,5,24,6,9,5,-20,4,-20,-20,5,10,6,8,18,8,7,6,-20,12,9,3,6,8,6,3,5,-20,8,7,9,8,-20,-20,8,-20,-20,8,12,4,6,-20,7,7,-20,-20,10,4,3,9,8,4,11,-20,-20,5,-20,4,-20,8,7,11,-20,-20,-20,5,3,9,-20,9,-20,11,4,6,6,14,-20,4,5,5,-20,6,-20,-20,5,5,4,-20,7,7,8,6,5,13,10,4,10,11,-20,-20,-20,11,-20,16,6,13,19,13,-20,6,-20,10,8,4,12,-20,3,12,5,-20,4,6,7,-20,4,-20,7,6,10,6,-20,10,7,5,-20,-20,-20,7,6,8,7,-20,14,11,6,5,-20,6,8,-20,21,-20,15,15,6,15,12,14,13,16,6,13,13,10,-20,7,16,12,16,15,16,8,-20,13,10,7,6,14,-20,23,5,10,9,14,8,15,8,9,11,10,17,-20,11,3,3,8,-20,5,6,-20,6,6,5,6,5,7,2,11,3,5,9,-20,4,8,-20,8,-20,10,12,4,7,7,-20,-20,5,7,7,19,7,-20,5,7,7,7,10,7,-20,-20,-20,-20,-20,-20,3,8,4,-20,-20,-20,5,11,5,6,11,-20,-20,-20,6,4,6,4,3,13,-20,7,6,5,27,5,5,7,7,14,6,-20,11,10,-20,4,5,-20,4,7,5,17,-20,-20,4,4,9,10,-20,3,5,-20,6,5,9,-20,-20,15,13,7,11,8,-20,7,7,5,-20,-20,-20,11,-20,-20,-20,6,6,7,4,-20,-20,4,-20,3,-20,4,7,6,-20,-20,-20,-20,-20,-20,-20,-20,-20,-20,-20,-20,6,-20,4,3,7,-20,-20,-20,4,-20,-20,-20,-20,5,3,5,4,-20,3,8,3,-20,-20,9,-20,-20,4,6,4,5,5,-20,8,-20,7,18,15,12,15,23,40,36,44,74,66,39,32,26,46,31
"chr1,16766255",-20,-20,-20,-20,12,-20,-20,-20,-20,-20,-20,5,26,16,8,8,24,13,57,57,45,-20,38,31,48,31,21,23,11,5,9,-20,11,9,59,52,25,22,-20,4,4,33,15,13,12,43,10,52,8,18,10,-20,38,16,19,20,53,20,25,26,31,27,32,24,8,7,25,49,34,10,31,16,8,24,29,49,20,-20,8,11,-20,22,12,7,-20,28,28,45,31,15,12,23,19,23,21,24,8,39,3,38,31,28,3,6,22,33,-20,27,26,-20,-20,-20,-20,32,3,-20,32,10,-20,6,8,8,13,-20,40,-20,-20,26,-20,-20,30,6,-20,-20,21,49,30,-20,-20,-20,7,-20,5,-20,38,-20,-20,21,-20,10,4,-20,10,22,41,3,6,18,51,11,-20,-20,-20,-20,-20,-20,-20,-20,4,19,47,44,35,19,11,26,13,10,-20,79,37,5,13,5,19,8,-20,15,3,8,12,10,-20,-20,14,13,-20,11,-20,10,9,27,-20,28,28,-20,11,60,-20,14,38,22,24,12,-20,5,36,13,26,11,-20,8,13,40,-20,15,5,-20,10,29,40,23,30,49,13,3,-20,24,20,14,19,6,15,9,8,13,15,13,9,7,11,16,11,-20,4,9,16,10,24,24,-20,15,18,-20,2,17,17,-20,14,13,13,-20,-20,-20,22,14,54,-20,21,43,11,19,-20,19,-20,9,-20,-20,-20,-20,-20,19,5,10,41,28,-20,-20,-20,-20,15,-20,-20,-20,-20,33,36,-20,44,47,45,31,38,32,3,5,-20,-20,6,19,8,8,17,13,-20,-20,5,13,7,19,6,6,5,5,16,6,-20,35,42,-20,7,16,8,-20,6,-20,-20,6,15,7,5,3,8,12,7,11,-20,-20,-20,6,10,11,12,10,8,-20,8,5,8,4,8,13,-20,75,4,7,-20,20,7,-20,6,-20,-20,5,8,7,9,-20,4,10,7,9,8,4,-20,6,-20,-20,10,7,-20,11,-20,23,-20,-20,-20,5,12,7,8,-20,-20,-20,-20,7,-20,-20,6,6,4,16,-20,6,6,12,-20,13,2,14,10,5,111,8,8,-20,4,-20,3,-20,-20,5,9,3,6,8,9,3,16,-20,15,-20,3,3,6,-20,11,24,-20,-20,-20,11,15,10,5,3,3,5,12,-20,-20,5,10,6,8,-20,7,-20,44,25,3,4,5,7,2,7,11,6,5,10,7,-20,9,-20,16,-20,4,5,8,5,10,9,10,6,41,3,10,-20,9,-20,6,14,7,6,41,30,38,35,9,26,39,-20,-20,31,36,10,5,28,8,-20,-20,16,-20,-20,25,-20,-20,8,6,-20,5,-20,-20,-20,-20,12,-20,8,7,5,8,-20,8,-20,3,7,16,3,19,-20,-20,25,10,12,-20,7,-20,9,11,11,-20,13,-20,17,-20,8,8,-20,16,16,12,36,38,21,29,28,19,20,4,14,4,6,17,-20,7,7,5,10,5,-20,7,11,11,8,14,12,-20,28,-20,10,-20,2,19,15,-20,10,9,20,6,9,9,35,33,20,47,23,37,33,36,29,15,24,-20,57,17,10,14,27,29,13,40,33,14,3,23,17,72,20,8,-20,-20,16,28,23,14,33,17,-20,16,33,-20,22,6,57,19,12,13,11,-20,12,15,12,-20,12,-20,10,9,8,9,11,6,5,13,4,12,8,15,9,3,7,7,6,7,9,8,11,10,13,12,-20,11,4,2,6,11,7,-20,-20,7,-20,5,-20,15,11,6,11,15,9,-20,5,9,-20,5,10,11,8,-20,-20,6,13,4,22,10,8,5,-20,-20,6,12,8,-20,6,6,10,-20,7,-20,23,5,8,4,-20,4,-20,-20,4,9,6,8,18,7,7,6,-20,12,8,3,5,8,6,3,4,-20,7,-20,9,8,4,-20,7,-20,-20,8,11,4,6,-20,7,7,-20,-20,9,-20,3,7,8,4,12,-20,-20,5,-20,4,-20,8,5,9,4,-20,-20,5,3,8,-20,8,-20,7,4,6,6,13,-20,4,4,5,-20,6,-20,-20,5,5,3,-20,7,7,8,5,4,-20,10,4,10,10,-20,-20,4,9,-20,15,6,13,16,12,-20,6,-20,10,8,3,10,4,-20,11,5,-20,4,4,6,-20,4,-20,6,5,8,6,-20,8,7,3,4,-20,-20,5,-20,8,6,-20,13,11,6,5,-20,6,7,-20,20,-20,13,14,6,14,11,13,11,15,5,9,12,8,-20,5,16,10,15,15,16,7,-20,12,10,7,6,13,-20,22,5,8,9,-20,7,14,6,8,10,8,16,-20,11,-20,3,8,2,5,5,-20,6,6,3,-20,4,7,2,10,3,5,8,-20,4,7,-20,7,-20,10,11,4,6,7,-20,-20,4,6,6,17,7,-20,-20,5,5,7,11,5,-20,-20,-20,-20,-20,-20,3,7,4,-20,-20,-20,4,10,5,6,11,-20,-20,-20,5,4,3,-20,3,13,3,6,6,5,24,5,4,7,7,13,5,-20,10,9,3,4,5,-20,-20,7,5,16,3,-20,4,-20,9,10,-20,3,5,-20,6,5,8,4,-20,-20,10,7,10,6,-20,-20,6,-20,-20,-20,-20,10,-20,-20,-20,5,6,6,5,-20,5,3,-20,5,-20,3,5,6,-20,-20,3,-20,-20,-20,-20,5,-20,-20,-20,-20,5,-20,-20,3,5,-20,4,5,3,-20,-20,-20,-20,4,-20,5,4,-20,3,8,-20,-20,-20,-20,6,-20,-20,5,-20,-20,5,-20,3,-20,7,18,15,11,13,23,37,35,44,74,64,36,31,24,44,28
"chr1,16766258",-20,-20,-20,-20,12,-20,-20,-20,-20,-20,-20,5,26,14,8,7,23,12,56,52,40,-20,37,33,48,28,19,23,9,4,8,-20,11,8,59,51,25,22,-20,4,4,32,15,13,12,40,9,51,8,18,10,-20,37,14,19,19,51,19,23,25,30,26,32,24,8,7,23,45,34,8,29,16,8,23,29,49,20,-20,-20,10,-20,22,10,4,6,26,26,43,31,15,11,21,19,20,21,23,8,37,3,36,32,26,3,5,21,32,-20,27,26,4,-20,-20,-20,30,-20,-20,29,9,-20,6,8,7,13,-20,37,-20,-20,26,-20,-20,28,6,-20,-20,18,46,29,-20,-20,-20,6,-20,5,-20,38,-20,-20,18,-20,10,4,-20,10,22,41,-20,6,18,49,-20,-20,-20,-20,-20,-20,-20,-20,-20,3,16,49,43,35,19,10,25,12,10,-20,-20,37,4,12,5,9,6,-20,-20,3,7,11,-20,-20,-20,12,14,-20,12,-20,10,8,26,-20,29,28,-20,11,61,-20,14,36,22,23,12,-20,5,35,13,26,10,-20,8,-20,-20,-20,13,-20,3,10,29,39,22,29,49,14,3,-20,27,20,16,19,5,15,9,10,12,14,13,9,7,11,16,11,-20,4,8,16,10,23,20,-20,14,18,7,2,17,17,-20,13,-20,-20,-20,-20,-20,22,12,55,-20,21,39,10,19,7,19,-20,9,-20,-20,6,-20,-20,18,-20,10,-20,-20,-20,-20,-20,-20,14,-20,-20,-20,-20,32,34,-20,42,46,44,32,39,30,3,5,-20,-20,5,15,8,8,15,13,-20,-20,5,13,6,17,6,-20,5,5,15,6,-20,35,41,-20,6,15,7,3,6,-20,-20,5,15,7,-20,-20,8,11,7,11,-20,-20,-20,5,7,11,11,10,7,-20,4,5,8,3,7,12,-20,75,4,-20,-20,17,6,-20,-20,-20,-20,5,7,5,8,-20,-20,10,6,7,8,4,-20,6,-20,5,9,7,-20,10,-20,25,-20,-20,-20,-20,13,6,7,-20,-20,-20,-20,-20,-20,-20,6,6,4,18,-20,6,6,10,-20,12,2,14,10,-20,110,7,8,-20,4,-20,3,5,-20,4,9,-20,6,8,9,3,15,-20,12,-20,3,3,6,-20,10,24,-20,-20,-20,11,14,-20,-20,3,3,5,12,-20,-20,7,10,6,8,-20,6,-20,43,24,-20,4,5,-20,2,7,12,6,5,9,7,-20,-20,-20,15,-20,-20,4,8,5,10,8,11,6,39,3,9,-20,-20,-20,6,13,7,5,38,29,38,33,9,24,39,-20,-20,29,31,10,4,29,6,-20,-20,16,-20,-20,18,-20,-20,7,6,-20,-20,-20,-20,-20,-20,12,-20,8,7,4,7,-20,8,-20,3,-20,18,-20,17,-20,-20,24,10,12,-20,7,-20,-20,10,9,-20,12,-20,16,-20,8,8,-20,16,-20,11,36,37,19,27,27,19,18,4,10,-20,5,12,-20,6,6,4,10,-20,-20,7,10,11,-20,-20,7,-20,24,-20,9,-20,-20,16,15,-20,9,8,16,-20,9,7,37,34,21,48,23,37,33,-20,28,16,23,-20,56,17,9,14,28,31,-20,-20,30,14,-20,23,16,68,20,9,-20,-20,16,27,21,13,33,20,-20,16,33,-20,22,-20,57,21,11,11,-20,-20,14,-20,12,-20,11,-20,9,8,7,-20,8,-20,5,11,4,-20,8,-20,9,-20,6,7,5,6,7,5,11,9,15,-20,-20,11,4,2,6,-20,10,-20,-20,6,-20,5,-20,15,10,6,11,-20,9,-20,5,9,-20,-20,10,10,8,-20,-20,-20,11,4,23,8,8,5,-20,-20,-20,10,8,-20,6,5,7,-20,7,-20,24,5,8,4,-20,-20,-20,-20,4,-20,6,-20,18,7,7,6,-20,10,7,3,4,6,5,3,-20,-20,6,-20,8,8,3,-20,6,-20,-20,7,8,4,6,-20,6,6,-20,-20,8,-20,3,6,6,-20,13,-20,-20,4,-20,4,-20,8,5,7,4,-20,-20,5,3,7,-20,7,-20,-20,3,5,6,12,-20,-20,3,5,-20,4,-20,-20,4,5,3,-20,6,6,8,4,4,-20,9,4,9,9,-20,-20,3,9,-20,12,6,13,15,11,-20,5,-20,9,8,-20,8,4,-20,-20,-20,-20,4,4,6,4,3,-20,6,4,8,6,5,5,7,-20,4,-20,-20,5,-20,8,6,-20,-20,9,6,-20,-20,6,7,-20,20,-20,10,13,4,12,9,13,10,14,5,7,11,8,-20,5,17,-20,14,12,17,7,-20,-20,9,5,5,14,-20,18,5,-20,7,-20,6,12,-20,8,-20,8,15,-20,9,-20,-20,7,2,4,-20,-20,6,5,-20,-20,4,7,2,10,3,5,8,-20,-20,7,-20,5,-20,10,9,4,5,7,-20,-20,4,6,-20,18,-20,-20,-20,4,5,7,12,-20,-20,-20,-20,-20,-20,-20,3,7,4,-20,-20,-20,3,10,5,6,7,-20,-20,-20,5,-20,-20,-20,3,13,3,6,5,5,24,5,-20,7,5,13,5,-20,8,9,3,4,4,-20,-20,7,3,15,-20,-20,4,-20,8,9,-20,3,6,-20,-20,4,8,-20,-20,-20,9,7,9,6,-20,7,7,-20,-20,-20,-20,-20,-20,-20,-20,5,5,3,5,-20,-20,-20,-20,6,-20,6,-20,5,-20,-20,-20,-20,-20,-20,-20,5,-20,-20,-20,-20,5,-20,3,3,4,-20,4,5,-20,-20,-20,-20,-20,3,-20,-20,4,-20,-20,-20,-20,-20,-20,7,5,-20,-20,5,-20,-20,4,-20,3,-20,7,15,-20,-20,13,-20,-20,34,44,74,64,36,28,21,41,27
"chr1,16766259",-20,-20,-20,-20,12,-20,-20,-20,-20,-20,-20,5,23,-20,-20,7,21,-20,52,50,39,-20,36,31,45,27,18,22,9,4,8,-20,-20,-20,59,51,24,22,-20,4,4,-20,-20,-20,-20,40,-20,54,8,-20,-20,-20,37,13,18,20,51,-20,23,23,30,27,32,21,8,7,23,45,31,7,29,15,8,23,28,48,20,-20,8,10,-20,18,-20,4,-20,25,24,44,30,-20,-20,19,18,19,20,22,8,36,3,36,31,26,3,5,21,31,-20,26,26,-20,-20,-20,-20,-20,-20,-20,24,-20,-20,6,8,7,13,-20,36,-20,-20,-20,-20,-20,26,6,-20,-20,16,44,29,-20,-20,-20,6,-20,5,-20,37,-20,-20,18,-20,-20,-20,-20,-20,22,42,-20,6,18,49,-20,-20,-20,-20,-20,-20,-20,-20,-20,3,16,47,41,34,18,10,22,11,10,-20,-20,38,-20,12,5,9,-20,-20,-20,-20,7,11,9,-20,-20,12,15,-20,12,-20,10,-20,26,-20,26,28,-20,11,61,-20,-20,34,21,-20,-20,-20,-20,-20,-20,26,-20,-20,-20,-20,-20,-20,13,-20,3,-20,29,37,22,-20,49,14,-20,-20,28,20,16,19,-20,15,-20,10,-20,13,-20,9,-20,12,-20,11,-20,-20,-20,15,10,25,20,-20,14,18,-20,-20,17,16,-20,-20,-20,-20,-20,-20,-20,22,13,56,-20,21,40,-20,19,6,19,-20,9,-20,-20,6,-20,-20,-20,-20,10,-20,-20,-20,-20,-20,-20,-20,-20,-20,-20,-20,31,33,-20,42,44,42,32,37,-20,3,5,-20,-20,5,15,8,6,15,13,-20,-20,5,13,6,-20,-20,-20,-20,5,15,6,-20,-20,-20,-20,6,-20,-20,-20,5,-20,-20,-20,15,7,-20,-20,8,11,6,12,-20,-20,-20,-20,-20,11,11,10,7,-20,4,-20,7,-20,7,12,-20,75,3,-20,-20,-20,6,-20,-20,-20,-20,5,7,5,8,-20,-20,10,6,-20,8,4,-20,6,-20,-20,-20,-20,-20,10,-20,24,-20,-20,-20,-20,13,6,7,-20,-20,-20,-20,-20,-20,-20,-20,6,4,18,-20,-20,6,10,-20,12,2,-20,10,-20,111,-20,-20,-20,4,-20,-20,-20,-20,4,9,-20,6,8,-20,-20,15,-20,11,-20,3,-20,6,-20,10,24,-20,-20,-20,-20,14,-20,-20,3,3,-20,12,-20,-20,7,10,6,8,-20,6,-20,42,24,-20,-20,5,-20,-20,7,13,6,-20,9,7,-20,-20,-20,-20,-20,-20,-20,-20,5,10,-20,11,6,39,-20,-20,-20,-20,-20,-20,-20,7,5,36,30,38,31,-20,24,37,-20,-20,26,30,10,4,28,-20,-20,-20,16,-20,-20,-20,-20,-20,-20,6,-20,-20,-20,-20,-20,-20,11,-20,8,7,-20,-20,-20,8,-20,-20,-20,18,-20,16,-20,-20,22,10,13,-20,-20,-20,-20,10,9,-20,12,-20,16,-20,-20,7,-20,14,-20,10,36,35,19,27,27,19,17,-20,10,-20,-20,12,-20,-20,-20,-20,10,-20,-20,-20,9,-20,-20,-20,6,-20,-20,-20,9,-20,-20,-20,-20,-20,9,8,15,-20,-20,7,37,33,21,45,22,37,-20,-20,27,-20,22,-20,57,17,9,-20,28,31,-20,-20,-20,14,-20,19,17,-20,20,10,-20,-20,15,-20,21,13,33,20,-20,15,33,-20,21,-20,61,18,11,-20,-20,-20,15,-20,12,-20,10,-20,9,8,-20,-20,8,-20,-20,-20,-20,-20,8,-20,-20,-20,-20,-20,4,6,7,4,11,9,15,-20,-20,11,4,-20,6,-20,10,-20,-20,5,-20,5,-20,15,-20,-20,10,-20,9,-20,5,7,-20,-20,10,10,7,-20,-20,-20,11,-20,20,8,7,5,-20,-20,-20,10,8,-20,-20,-20,-20,-20,7,-20,24,4,-20,4,-20,-20,-20,-20,4,-20,6,-20,18,7,7,6,-20,10,-20,3,4,6,5,3,-20,-20,6,-20,-20,-20,-20,-20,6,-20,-20,-20,8,4,6,-20,6,6,-20,-20,6,-20,3,6,-20,-20,13,-20,-20,4,-20,4,-20,-20,5,6,4,-20,-20,5,3,-20,-20,7,-20,-20,-20,-20,-20,-20,-20,-20,-20,5,-20,3,-20,-20,-20,-20,-20,-20,6,6,8,4,-20,-20,9,4,9,9,-20,-20,3,-20,-20,12,-20,-20,-20,11,-20,5,-20,9,7,-20,7,4,-20,-20,-20,-20,4,4,-20,4,-20,-20,6,4,6,6,5,4,7,-20,-20,-20,-20,5,-20,8,-20,-20,-20,-20,6,-20,-20,-20,-20,-20,19,-20,11,13,4,12,-20,-20,10,13,5,7,-20,-20,-20,5,17,-20,-20,12,17,7,-20,-20,9,5,-20,14,-20,-20,5,-20,-20,-20,5,12,5,8,-20,-20,15,-20,-20,-20,-20,-20,-20,4,-20,-20,6,-20,-20,-20,4,7,-20,10,-20,5,8,-20,-20,7,-20,-20,-20,10,8,-20,5,7,-20,4,-20,6,-20,18,5,-20,-20,-20,5,7,12,-20,-20,-20,-20,-20,-20,-20,3,7,-20,-20,-20,-20,3,10,5,6,7,-20,-20,-20,5,-20,-20,-20,-20,13,-20,6,5,5,23,-20,-20,7,5,-20,5,-20,8,9,3,4,4,-20,-20,7,3,15,-20,-20,-20,-20,8,-20,-20,-20,6,-20,-20,-20,8,-20,-20,-20,9,-20,9,4,-20,7,6,-20,-20,-20,-20,11,-20,-20,-20,-20,-20,-20,-20,-20,-20,-20,-20,7,-20,6,-20,5,-20,-20,-20,-20,-20,-20,-20,-20,-20,-20,-20,-20,4,-20,-20,-20,4,-20,-20,-20,-20,-20,-20,-20,-20,-20,-20,-20,-20,-20,-20,-20,-20,-20,-20,-20,-20,-20,-20,-20,-20,-20,5,-20,-20,-20,7,-20,-20,-20,11,-20,-20,33,-20,-20,-20,35,26,-20,-20,-20
"chr1,16766260",-20,-20,-20,-20,12,-20,-20,-20,-20,-20,-20,4,23,14,-20,7,23,11,53,48,39,-20,36,32,46,27,18,20,9,4,8,-20,11,8,58,51,25,21,-20,4,4,31,15,13,12,40,9,54,8,18,-20,-20,37,13,19,20,51,-20,22,22,29,27,32,21,6,7,23,43,31,7,27,15,8,23,28,48,19,-20,8,10,-20,19,10,4,6,25,23,44,29,15,11,18,18,19,19,22,7,36,3,36,31,25,3,4,20,31,-20,27,26,3,-20,-20,-20,30,-20,-20,24,8,-20,7,8,6,13,-20,37,-20,-20,22,-20,-20,26,6,-20,-20,16,42,29,-20,-20,-20,5,-20,5,-20,37,-20,-20,18,-20,11,4,-20,10,22,43,-20,6,-20,49,-20,-20,-20,-20,-20,-20,-20,-20,-20,3,16,50,42,31,18,10,21,11,10,-20,70,38,4,11,5,9,6,-20,-20,-20,6,10,9,-20,-20,12,15,-20,12,-20,10,7,27,-20,23,28,-20,11,61,-20,15,34,22,23,-20,-20,5,35,-20,25,9,-20,-20,-20,-20,-20,13,-20,3,-20,29,36,22,27,48,14,-20,-20,28,20,16,19,-20,16,8,10,12,13,-20,9,-20,12,16,11,-20,-20,8,16,11,23,20,-20,14,18,7,-20,17,16,-20,13,-20,-20,-20,-20,-20,22,13,57,-20,21,40,10,18,6,17,-20,9,-20,-20,6,-20,-20,17,-20,10,-20,-20,-20,-20,-20,-20,-20,-20,-20,-20,-20,30,32,-20,42,44,42,31,38,28,3,5,-20,-20,4,13,7,6,15,11,-20,-20,5,13,6,-20,6,-20,5,5,15,6,-20,34,39,-20,6,15,6,3,5,-20,-20,4,15,7,-20,-20,8,11,6,12,-20,-20,-20,5,6,-20,11,9,6,-20,4,5,6,3,7,13,-20,73,3,7,-20,14,-20,-20,-20,-20,-20,5,7,5,6,-20,-20,10,6,7,8,4,-20,6,-20,6,7,7,-20,10,-20,24,-20,-20,-20,-20,13,6,7,-20,-20,-20,-20,-20,-20,-20,5,5,4,17,-20,6,6,10,-20,12,2,13,10,-20,110,7,8,-20,4,-20,-20,-20,-20,4,9,-20,6,7,9,3,15,-20,9,-20,3,3,6,-20,10,24,-20,-20,-20,-20,14,-20,-20,3,3,-20,13,-20,-20,7,10,6,7,-20,6,-20,41,24,-20,-20,5,-20,2,7,13,6,4,8,7,-20,-20,-20,15,-20,-20,-20,8,5,10,8,-20,6,39,3,6,-20,-20,-20,5,13,7,5,36,30,38,30,9,24,35,-20,-20,27,31,10,4,28,6,-20,-20,16,-20,-20,16,-20,-20,6,6,-20,-20,-20,-20,-20,-20,11,-20,7,7,4,7,-20,8,-20,3,-20,17,-20,16,-20,-20,23,10,13,-20,7,-20,8,9,9,-20,14,-20,16,-20,8,7,-20,14,-20,10,36,36,19,27,27,20,17,4,10,-20,5,12,-20,6,6,4,10,-20,-20,7,8,11,-20,10,6,-20,23,-20,9,-20,-20,15,15,-20,8,6,16,-20,9,7,35,33,21,45,22,38,-20,-20,27,15,22,-20,59,17,9,14,28,30,-20,-20,30,13,-20,21,17,66,20,9,-20,-20,15,-20,21,13,33,21,-20,15,33,-20,21,-20,62,17,11,10,-20,-20,15,-20,12,-20,10,-20,9,8,7,-20,8,-20,5,11,3,-20,-20,-20,-20,-20,6,7,5,6,7,4,10,9,15,-20,-20,11,4,-20,6,-20,10,-20,-20,5,-20,5,-20,15,9,6,10,-20,8,-20,5,7,-20,-20,10,10,7,-20,-20,-20,9,4,22,8,6,5,-20,-20,6,-20,-20,-20,6,5,-20,-20,7,-20,24,4,7,4,-20,-20,-20,-20,4,-20,6,7,18,7,7,6,-20,10,6,3,4,6,5,3,-20,-20,-20,-20,8,-20,3,-20,6,-20,-20,7,8,-20,6,-20,6,6,-20,-20,6,-20,3,-20,6,-20,13,-20,-20,4,-20,4,-20,8,4,5,-20,-20,-20,5,3,7,-20,7,-20,-20,-20,5,5,8,-20,-20,3,5,-20,3,-20,-20,4,5,-20,-20,4,6,8,4,4,-20,9,-20,9,8,-20,-20,3,9,-20,12,6,13,15,11,-20,5,-20,9,7,-20,7,4,-20,-20,-20,-20,4,4,6,4,3,-20,5,3,6,6,5,4,7,-20,3,-20,-20,5,-20,7,5,-20,-20,8,6,-20,-20,6,-20,-20,18,-20,10,13,4,12,5,13,9,12,5,7,10,7,-20,5,18,10,14,12,18,7,-20,-20,9,5,3,14,-20,17,5,-20,7,-20,5,11,5,8,10,8,14,-20,9,-20,-20,7,-20,4,-20,-20,6,5,-20,-20,-20,7,2,10,3,5,8,-20,-20,7,-20,-20,-20,10,8,4,4,7,-20,4,4,5,-20,17,5,-20,-20,4,5,7,13,-20,-20,-20,-20,-20,-20,-20,3,7,4,-20,-20,-20,3,10,5,6,6,-20,-20,-20,5,3,-20,-20,3,14,-20,6,5,5,22,-20,4,7,5,13,-20,-20,7,9,3,4,4,-20,-20,7,3,15,-20,-20,4,-20,-20,9,-20,3,5,-20,-20,4,9,-20,-20,-20,8,7,9,5,-20,7,6,-20,-20,-20,-20,12,-20,-20,-20,4,-20,5,4,-20,5,-20,-20,6,-20,6,-20,5,-20,-20,-20,-20,-20,-20,-20,-20,-20,-20,-20,-20,4,-20,-20,-20,-20,-20,-20,3,-20,-20,-20,-20,-20,-20,-20,5,4,-20,-20,-20,-20,-20,-20,-20,5,-20,-20,5,-20,-20,4,-20,3,-20,7,15,-20,10,-20,22,34,31,44,74,65,36,27,20,40,24
"chr1,16766266",-20,-20,-20,-20,13,-20,-20,-20,-20,-20,-20,4,19,14,-20,7,-20,11,46,46,33,-20,27,26,39,22,17,20,7,-20,8,-20,-20,-20,53,45,22,18,-20,-20,3,23,14,-20,-20,36,-20,51,-20,-20,-20,-20,-20,12,16,21,54,-20,22,20,28,21,30,19,5,5,22,40,27,7,24,15,8,19,26,42,17,-20,7,10,-20,17,-20,-20,-20,18,21,42,26,-20,10,17,-20,19,17,19,-20,32,-20,-20,29,23,-20,-20,20,29,-20,24,23,-20,-20,-20,-20,28,-20,-20,21,-20,-20,8,8,-20,12,-20,35,-20,-20,-20,-20,-20,23,6,-20,-20,-20,40,25,-20,-20,-20,5,-20,5,-20,35,-20,-20,15,-20,13,-20,-20,-20,22,43,-20,6,-20,46,-20,-20,-20,-20,-20,-20,-20,-20,-20,-20,15,52,42,32,-20,9,19,11,10,-20,-20,38,-20,-20,5,20,-20,-20,-20,-20,6,-20,8,-20,-20,12,13,-20,12,-20,10,-20,21,-20,17,27,-20,-20,61,-20,-20,28,22,-20,-20,-20,-20,-20,-20,21,-20,-20,-20,-20,-20,-20,10,-20,-20,-20,27,-20,-20,-20,44,18,-20,-20,28,21,15,18,-20,14,-20,10,-20,13,-20,-20,-20,14,-20,9,-20,-20,-20,16,12,24,19,-20,11,16,-20,-20,14,15,-20,-20,-20,-20,-20,-20,-20,23,-20,55,-20,25,40,8,17,7,-20,-20,10,-20,-20,5,-20,-20,-20,-20,-20,-20,-20,-20,-20,-20,-20,-20,-20,-20,-20,-20,30,31,-20,40,39,39,28,35,-20,-20,-20,-20,-20,3,7,-20,5,14,-20,-20,-20,5,12,5,-20,-20,-20,-20,4,15,6,-20,-20,-20,-20,5,-20,-20,-20,4,-20,-20,-20,15,5,-20,-20,7,11,6,13,-20,-20,-20,-20,-20,-20,9,9,6,-20,-20,-20,-20,-20,5,12,-20,70,3,-20,-20,11,-20,-20,-20,-20,-20,5,6,5,-20,-20,-20,-20,5,4,6,-20,-20,-20,-20,-20,-20,-20,-20,9,-20,23,-20,-20,-20,-20,13,5,7,-20,-20,-20,-20,-20,-20,-20,-20,-20,-20,16,-20,-20,-20,7,-20,11,-20,-20,-20,-20,103,-20,-20,-20,4,-20,-20,-20,-20,-20,8,-20,-20,-20,-20,-20,14,-20,4,-20,3,-20,-20,-20,10,22,-20,-20,-20,-20,11,-20,-20,-20,-20,-20,11,-20,-20,6,8,-20,7,-20,5,-20,39,22,-20,-20,-20,7,-20,6,13,5,-20,6,6,-20,-20,-20,-20,-20,-20,-20,-20,-20,8,-20,12,6,33,-20,-20,-20,-20,-20,-20,-20,7,-20,31,26,34,27,-20,20,33,-20,-20,24,27,10,4,23,-20,-20,-20,15,-20,-20,-20,-20,-20,-20,-20,-20,-20,-20,-20,-20,-20,9,-20,7,7,-20,-20,-20,10,-20,-20,-20,17,-20,12,-20,-20,-20,8,12,-20,-20,-20,-20,4,7,-20,14,-20,14,-20,-20,7,-20,8,-20,10,34,32,19,26,26,17,17,-20,7,-20,-20,11,-20,-20,-20,-20,10,-20,-20,-20,-20,-20,-20,-20,-20,-20,-20,-20,8,-20,-20,-20,13,-20,-20,-20,11,-20,-20,6,35,32,17,41,19,37,-20,-20,27,15,-20,-20,59,15,-20,-20,26,25,-20,-20,-20,-20,-20,-20,17,-20,21,9,-20,-20,-20,-20,20,-20,32,21,-20,14,-20,-20,-20,-20,60,17,9,-20,-20,-20,15,-20,11,-20,-20,-20,-20,6,-20,-20,5,-20,-20,9,-20,-20,-20,-20,-20,-20,6,-20,-20,6,-20,-20,8,9,15,-20,-20,-20,4,-20,4,-20,11,-20,-20,5,-20,-20,-20,13,-20,-20,9,-20,7,-20,4,6,-20,-20,-20,-20,7,-20,-20,-20,-20,-20,22,8,-20,4,-20,-20,-20,-20,-20,-20,-20,-20,-20,-20,6,-20,22,4,-20,-20,-20,-20,-20,-20,-20,-20,6,-20,14,7,5,5,-20,6,-20,-20,-20,6,5,3,-20,-20,-20,-20,-20,-20,-20,-20,5,-20,-20,7,6,-20,5,-20,5,5,-20,-20,-20,-20,3,-20,-20,-20,11,-20,-20,4,-20,3,-20,-20,-20,4,-20,-20,-20,-20,-20,-20,-20,7,-20,-20,-20,-20,-20,-20,-20,-20,-20,5,-20,3,-20,-20,-20,-20,-20,-20,4,-20,7,-20,-20,-20,9,4,-20,7,-20,-20,-20,-20,-20,-20,-20,-20,-20,11,-20,4,-20,-20,-20,-20,-20,4,-20,6,-20,-20,4,3,-20,-20,-20,-20,4,3,5,5,4,-20,6,-20,-20,-20,-20,-20,-20,7,-20,-20,-20,-20,6,-20,-20,-20,-20,-20,9,-20,10,12,4,13,-20,-20,8,-20,-20,-20,-20,-20,-20,4,15,-20,-20,10,17,-20,-20,-20,8,4,-20,14,-20,-20,4,-20,-20,-20,4,11,-20,7,-20,-20,12,-20,-20,-20,-20,-20,-20,4,-20,-20,-20,-20,-20,-20,-20,7,-20,9,-20,5,8,-20,-20,7,-20,-20,-20,9,7,-20,-20,6,-20,4,-20,5,-20,15,5,-20,-20,-20,5,6,12,-20,-20,-20,-20,-20,-20,-20,-20,7,-20,-20,-20,-20,-20,9,-20,6,6,-20,-20,-20,5,-20,-20,-20,-20,14,-20,6,-20,4,19,-20,-20,6,5,-20,-20,-20,7,7,-20,4,3,-20,-20,6,3,-20,-20,-20,-20,-20,6,-20,-20,-20,5,-20,-20,-20,9,-20,-20,-20,6,-20,9,-20,-20,6,6,-20,-20,-20,-20,11,-20,-20,-20,-20,5,-20,-20,-20,-20,-20,-20,4,-20,5,-20,5,-20,-20,-20,-20,-20,-20,-20,-20,-20,-20,-20,-20,5,-20,-20,-20,-20,-20,-20,-20,-20,-20,-20,-20,-20,-20,-20,-20,-20,-20,-20,-20,-20,-20,-20,-20,-20,-20,-20,-20,-20,-20,-20,-20,-20,-20,6,-20,-20,-20,-20,-20,-20,28,-20,-20,-20,-20,24,-20,-20,-20
"chr1,16766276",-20,-20,-20,-20,11,-20,-20,-20,-20,-20,-20,-20,-20,-20,-20,-20,-20,-20,-20,-20,-20,-20,-20,-20,-20,-20,-20,-20,-20,-20,-20,-20,14,8,-20,-20,-20,-20,-20,-20,-20,-20,-20,-20,14,-20,8,53,-20,-20,9,-20,-20,-20,-20,24,60,-20,-20,-20,-20,-20,-20,-20,-20,-20,-20,-20,-20,-20,-20,-20,-20,-20,-20,-20,-20,-20,-20,-20,-20,-20,-20,-20,8,-20,-20,-20,-20,-20,-20,-20,-20,-20,-20,-20,-20,-20,-20,-20,-20,-20,-20,-20,-20,-20,-20,-20,-20,3,13,-20,-20,-20,-20,-20,-20,7,-20,8,-20,-20,14,-20,-20,-20,-20,25,-20,-20,-20,5,-20,-20,-20,-20,-20,-20,-20,-20,6,-20,4,-20,-20,-20,-20,-20,-20,12,-20,-20,-20,20,50,3,8,-20,-20,-20,-20,-20,-20,-20,-20,-20,-20,-20,-20,16,50,-20,32,-20,8,25,-20,-20,-20,56,37,-20,-20,4,20,5,-20,-20,-20,-20,-20,-20,-20,-20,12,11,-20,11,-20,-20,-20,22,-20,19,26,-20,-20,60,-20,-20,-20,-20,-20,-20,-20,7,46,-20,17,11,4,-20,-20,-20,-20,-20,-20,-20,12,29,-20,-20,22,-20,20,-20,-20,24,20,15,-20,-20,16,-20,11,12,12,-20,-20,-20,14,-20,-20,-20,-20,-20,12,14,24,18,-20,-20,-20,9,-20,-20,-20,-20,15,-20,-20,-20,-20,-20,19,12,63,-20,18,37,-20,19,7,-20,-20,14,-20,-20,-20,-20,-20,-20,-20,-20,-20,-20,-20,-20,-20,-20,-20,-20,-20,-20,-20,-20,-20,-20,-20,-20,-20,-20,-20,-20,-20,-20,-20,-20,-20,-20,-20,-20,15,-20,-20,3,5,12,-20,-20,7,-20,-20,-20,-20,-20,-20,33,-20,-20,-20,-20,7,-20,-20,-20,-20,-20,-20,-20,5,-20,-20,-20,5,15,-20,-20,-20,6,8,-20,-20,6,-20,-20,-20,-20,-20,-20,-20,13,4,74,-20,7,-20,-20,-20,-20,-20,-20,-20,-20,-20,-20,-20,-20,-20,-20,-20,-20,-20,-20,-20,-20,-20,7,5,7,-20,-20,-20,26,-20,-20,-20,-20,12,-20,-20,-20,6,-20,-20,-20,-20,-20,5,-20,-20,17,-20,6,-20,-20,-20,-20,-20,-20,-20,-20,97,6,8,-20,-20,-20,-20,-20,-20,-20,9,-20,-20,-20,7,-20,16,-20,-20,-20,-20,-20,-20,-20,9,20,-20,-20,-20,-20,-20,-20,-20,-20,-20,-20,11,-20,-20,7,-20,-20,-20,-20,-20,-20,-20,-20,-20,-20,-20,-20,3,-20,13,-20,-20,-20,-20,-20,-20,-20,14,-20,-20,-20,9,-20,-20,7,12,-20,-20,-20,9,-20,-20,-20,6,-20,6,-20,-20,-20,-20,-20,8,-20,-20,-20,-20,-20,-20,-20,-20,-20,6,-20,-20,-20,-20,-20,-20,-20,-20,-20,-20,-20,6,-20,6,6,-20,-20,-20,6,5,-20,-20,-20,10,-20,4,-20,18,-20,-20,-20,-20,-20,-20,8,-20,-20,-20,8,-20,-20,-20,10,-20,-20,-20,10,-20,-20,-20,-20,-20,-20,-20,-20,-20,-20,27,-20,-20,-20,-20,-20,-20,-20,8,-20,-20,-20,4,-20,-20,-20,-20,9,9,-20,-20,25,-20,-20,-20,-20,16,-20,-20,-20,-20,-20,-20,5,-20,36,36,-20,-20,-20,35,-20,-20,30,-20,-20,-20,61,-20,-20,13,27,22,-20,-20,34,-20,-20,-20,17,-20,22,7,-20,-20,-20,-20,19,-20,29,23,-20,-20,-20,-20,-20,-20,53,16,-20,16,-20,-20,14,-20,-20,-20,-20,-20,-20,-20,-20,-20,-20,-20,5,-20,4,-20,-20,-20,-20,-20,-20,-20,-20,-20,-20,-20,-20,-20,15,-20,-20,-20,-20,-20,-20,-20,11,-20,-20,-20,-20,-20,-20,17,-20,-20,-20,-20,-20,-20,-20,-20,-20,-20,-20,-20,-20,-20,-20,8,-20,-20,22,-20,-20,-20,-20,4,-20,-20,-20,-20,-20,-20,-20,-20,-20,-20,18,-20,-20,-20,-20,6,-20,8,-20,-20,-20,6,15,-20,-20,-20,-20,-20,-20,-20,-20,-20,-20,-20,-20,-20,-20,-20,-20,-20,-20,-20,-20,-20,-20,-20,-20,-20,-20,-20,-20,-20,-20,-20,-20,-20,-20,-20,6,-20,8,-20,-20,-20,-20,-20,-20,-20,-20,-20,-20,-20,-20,-20,-20,-20,-20,-20,-20,-20,-20,-20,5,12,-20,4,3,-20,-20,-20,-20,-20,3,5,-20,-20,-20,-20,-20,-20,-20,-20,-20,-20,-20,-20,-20,-20,-20,-20,-20,-20,-20,-20,-20,-20,-20,-20,-20,-20,-20,-20,-20,-20,-20,-20,-20,-20,-20,-20,-20,-20,4,-20,-20,-20,-20,-20,-20,-20,-20,-20,3,-20,-20,-20,6,-20,-20,-20,-20,8,-20,-20,-20,-20,-20,-20,-20,-20,-20,-20,-20,15,8,9,-20,-20,-20,-20,-20,9,-20,-20,18,9,-20,-20,16,-20,-20,-20,-20,-20,-20,13,-20,15,-20,-20,7,-20,-20,13,-20,-20,7,8,-20,-20,-20,-20,-20,5,-20,-20,-20,-20,-20,-20,-20,-20,-20,6,-20,-20,-20,-20,-20,-20,4,-20,-20,-20,-20,-20,-20,-20,-20,-20,-20,-20,4,-20,-20,14,5,-20,-20,-20,-20,3,12,-20,-20,-20,-20,-20,-20,-20,-20,-20,4,-20,-20,-20,-20,9,-20,-20,7,-20,-20,-20,-20,-20,-20,-20,-20,14,-20,-20,-20,-20,-20,7,-20,-20,-20,5,-20,-20,-20,-20,-20,-20,-20,-20,-20,-20,-20,-20,-20,-20,-20,6,-20,11,-20,-20,8,-20,6,-20,8,8,4,-20,-20,6,-20,-20,-20,-20,-20,-20,-20,-20,-20,9,-20,-20,-20,-20,-20,-20,-20,-20,-20,-20,-20,5,-20,7,-20,5,-20,-20,-20,-20,-20,-20,-20,-20,-20,-20,-20,5,6,-20,-20,-20,-20,-20,-20,-20,-20,-20,-20,-20,-20,-20,-20,-20,-20,-20,-20,-20,-20,-20,-20,-20,-20,-20,-20,-20,-20,-20,-20,-20,-20,-20,-20,11,-20,-20,-20,19,40,-20,31,-20,-20,-20,-20,22,36,28
"chr1,16766277",-20,-20,-20,-20,11,-20,-20,-20,-20,-20,-20,6,-20,15,9,-20,33,11,52,56,-20,-20,36,32,45,25,-20,22,9,-20,9,-20,14,8,53,51,23,22,-20,4,-20,-20,-20,-20,15,42,10,52,6,-20,11,30,-20,17,-20,24,62,-20,21,20,31,-20,34,25,15,8,22,41,26,5,30,17,11,23,28,45,-20,-20,-20,-20,5,18,12,3,8,-20,20,36,25,16,12,18,-20,17,25,27,7,31,6,37,27,26,-20,5,24,38,-20,32,25,3,-20,-20,-20,31,-20,-20,25,7,-20,8,9,7,13,3,32,-20,-20,27,-20,-20,24,5,-20,-20,18,41,26,-20,-20,-20,6,-20,4,-20,35,-20,-20,24,-20,12,-20,-20,-20,20,52,3,-20,18,-20,-20,-20,-20,-20,-20,-20,-20,-20,-20,4,16,51,-20,30,12,8,29,-20,-20,-20,62,37,-20,-20,6,20,6,17,-20,-20,6,14,-20,-20,-20,11,10,-20,13,-20,-20,-20,22,-20,18,26,-20,-20,58,-20,-20,38,-20,21,-20,-20,7,47,-20,16,11,5,-20,-20,-20,-20,-20,-20,6,-20,28,-20,-20,22,40,20,9,-20,23,20,15,19,-20,16,10,11,13,12,-20,23,9,13,-20,-20,-20,-20,-20,11,14,24,18,-20,-20,-20,9,4,17,15,-20,15,-20,-20,-20,-20,24,18,12,64,41,20,38,-20,19,7,19,-20,14,-20,-20,-20,-20,-20,-20,-20,16,-20,44,-20,-20,-20,-20,-20,-20,-20,-20,-20,36,30,-20,38,43,41,33,37,31,-20,6,-20,-20,-20,-20,8,6,15,-20,-20,3,4,12,-20,-20,7,-20,-20,-20,20,7,8,33,34,-20,6,-20,8,-20,6,-20,-20,-20,-20,-20,5,-20,-20,-20,4,15,-20,-20,-20,6,8,-20,-20,6,-20,-20,4,-20,-20,-20,6,13,4,74,-20,-20,-20,11,6,-20,-20,-20,-20,-20,8,5,9,-20,-20,-20,-20,3,6,-20,-20,6,-20,7,5,7,-20,11,-20,23,-20,-20,-20,-20,12,5,9,-20,6,-20,-20,8,-20,-20,5,8,-20,17,-20,6,-20,6,-20,9,6,-20,8,-20,95,6,9,-20,-20,-20,5,-20,-20,-20,9,5,-20,6,8,-20,16,-20,-20,-20,4,-20,8,-20,9,21,-20,-20,-20,-20,11,-20,13,-20,-20,5,11,-20,-20,7,-20,-20,9,-20,-20,-20,42,21,4,-20,-20,6,3,6,13,-20,5,8,7,-20,9,7,12,-20,-20,-20,9,5,-20,7,12,-20,33,4,9,-20,-20,-20,7,-20,6,-20,35,-20,36,-20,8,23,28,-20,-20,33,30,8,-20,22,6,-20,-20,-20,-20,-20,-20,-20,-20,-20,6,-20,6,15,-20,6,-20,13,-20,5,3,8,-20,-20,10,-20,4,7,18,-20,17,-20,-20,-20,10,-20,-20,-20,-20,8,-20,10,-20,10,-20,-20,-20,10,9,-20,12,19,15,30,29,17,27,-20,27,-20,-20,10,-20,-20,14,-20,8,-20,-20,-20,4,-20,-20,10,-20,9,9,8,7,25,-20,-20,-20,-20,16,-20,-20,8,-20,-20,5,5,7,36,35,-20,44,-20,35,-20,-20,30,16,27,-20,59,-20,-20,13,26,22,18,43,34,17,4,-20,18,66,22,7,-20,-20,-20,-20,19,14,29,23,-20,19,-20,-20,-20,-20,51,15,17,16,-20,-20,14,-20,10,-20,11,-20,11,-20,-20,8,5,7,5,9,-20,-20,9,15,-20,-20,6,-20,6,9,7,-20,-20,10,14,-20,-20,-20,5,-20,5,4,11,-20,-20,8,-20,-20,-20,17,-20,-20,11,13,8,-20,7,7,-20,-20,-20,14,-20,7,-20,8,12,-20,23,10,-20,5,-20,4,-20,10,9,-20,-20,-20,8,5,9,-20,18,6,-20,3,10,6,-20,8,5,-20,-20,6,15,7,6,-20,-20,6,-20,-20,-20,8,9,-20,-20,4,7,-20,-20,8,-20,-20,5,6,-20,4,6,5,6,-20,-20,-20,-20,-20,-20,-20,3,-20,6,-20,8,5,-20,-20,-20,3,-20,-20,4,-20,-20,5,-20,4,-20,6,-20,7,-20,-20,4,-20,5,12,-20,4,3,-20,-20,-20,-20,-20,3,4,-20,-20,5,7,-20,-20,4,-20,9,3,-20,-20,-20,-20,-20,-20,-20,13,6,-20,-20,-20,-20,4,-20,-20,-20,3,8,-20,-20,6,-20,-20,-20,-20,-20,-20,4,-20,5,-20,6,4,-20,-20,-20,-20,3,-20,-20,-20,6,6,-20,-20,12,8,6,-20,-20,-20,-20,-20,-20,-20,11,12,5,15,8,9,-20,12,6,6,-20,9,-20,-20,18,10,-20,12,16,7,13,-20,8,4,-20,14,-20,15,5,9,7,-20,5,13,-20,-20,7,8,13,-20,-20,-20,-20,5,-20,3,5,-20,5,-20,-20,-20,-20,6,-20,4,-20,6,-20,-20,4,6,5,5,-20,9,6,-20,4,-20,-20,7,4,6,-20,13,5,-20,-20,-20,6,3,12,3,4,-20,-20,-20,-20,-20,-20,8,4,3,-20,-20,-20,9,-20,-20,7,-20,-20,-20,6,-20,-20,3,-20,13,-20,7,-20,4,22,7,-20,7,-20,5,-20,3,7,-20,-20,-20,3,-20,-20,7,-20,15,-20,-20,-20,6,-20,12,-20,-20,8,-20,6,-20,7,8,4,-20,6,6,-20,-20,-20,-20,8,-20,-20,-20,-20,9,-20,-20,-20,-20,-20,-20,7,3,-20,-20,-20,4,-20,7,7,5,-20,-20,-20,6,-20,-20,-20,8,-20,-20,-20,4,7,-20,-20,-20,3,-20,-20,-20,-20,-20,-20,-20,3,5,-20,-20,-20,6,4,-20,-20,-20,-20,6,-20,-20,-20,-20,-20,-20,-20,-20,4,-20,-20,11,-20,13,13,20,43,30,31,-20,-20,-20,26,22,36,30
"chr1,16766282",-20,-20,-20,-20,12,-20,-20,-20,-20,-20,-20,6,22,17,9,-20,33,13,57,61,-20,-20,37,33,48,26,-20,23,9,-20,9,-20,15,8,57,56,27,24,3,7,-20,22,-20,16,15,48,11,49,7,19,11,31,-20,19,25,25,60,-20,23,21,32,24,38,27,15,9,24,45,32,5,32,17,14,23,29,50,-20,-20,-20,10,5,21,14,-20,8,-20,24,40,-20,17,14,20,-20,18,28,30,7,35,6,38,29,28,-20,5,26,41,-20,35,26,3,-20,-20,-20,31,-20,-20,30,7,-20,8,10,8,15,3,36,-20,-20,33,-20,-20,28,5,-20,-20,21,44,29,-20,-20,-20,6,-20,5,-20,36,-20,-20,25,-20,11,-20,-20,10,20,52,3,10,18,-20,-20,-20,-20,-20,-20,-20,-20,-20,-20,4,14,48,-20,31,12,4,27,-20,9,13,62,38,-20,-20,5,18,8,20,-20,-20,8,14,-20,-20,5,10,8,-20,14,-20,-20,-20,19,-20,16,23,-20,-20,54,-20,-20,39,-20,23,-20,-20,10,50,-20,14,12,7,-20,-20,-20,-20,-20,-20,8,17,26,-20,-20,24,40,16,9,-20,18,14,11,19,10,14,14,8,13,13,-20,26,11,14,-20,-20,-20,8,-20,11,14,21,11,-20,-20,-20,12,7,18,15,-20,15,10,16,-20,-20,27,10,10,63,53,22,38,-20,16,8,19,-20,14,10,-20,-20,-20,-20,-20,-20,16,-20,54,-20,-20,-20,-20,16,-20,-20,-20,-20,38,32,-20,38,47,43,37,39,31,-20,7,5,5,-20,-20,8,-20,15,-20,-20,3,4,14,-20,-20,7,-20,-20,-20,22,7,8,35,35,-20,6,-20,8,-20,6,-20,-20,-20,-20,-20,4,-20,-20,-20,4,15,-20,-20,-20,-20,8,-20,-20,7,-20,-20,4,-20,-20,-20,6,12,4,72,-20,7,-20,11,6,-20,-20,-20,-20,-20,9,5,9,-20,-20,-20,-20,5,5,-20,-20,6,-20,7,-20,-20,-20,10,-20,16,-20,-20,-20,-20,9,5,9,-20,6,-20,-20,8,-20,-20,5,8,-20,15,-20,6,-20,6,-20,10,6,-20,8,-20,93,6,9,-20,5,-20,5,-20,-20,-20,10,5,-20,-20,9,-20,14,-20,-20,-20,4,-20,9,-20,7,21,-20,-20,-20,-20,11,-20,17,-20,-20,5,11,-20,-20,8,-20,-20,9,-20,-20,-20,42,-20,4,6,-20,6,3,6,12,-20,5,9,7,-20,9,8,12,-20,-20,-20,9,6,-20,7,12,-20,35,5,8,-20,-20,3,-20,-20,6,-20,38,-20,39,-20,8,24,-20,-20,-20,36,31,8,-20,-20,6,-20,-20,-20,-20,-20,-20,-20,-20,-20,6,-20,6,16,11,6,-20,13,-20,6,3,9,6,-20,9,-20,4,8,18,-20,18,-20,-20,-20,-20,9,-20,-20,-20,9,-20,10,-20,7,-20,-20,-20,10,10,-20,13,21,15,32,-20,19,27,-20,25,-20,-20,-20,-20,-20,15,-20,8,8,-20,-20,4,-20,-20,11,-20,-20,9,8,7,25,-20,-20,-20,2,-20,-20,-20,7,6,-20,5,5,7,36,31,16,45,-20,34,39,-20,33,18,29,-20,58,-20,14,17,25,16,18,47,34,19,3,-20,19,67,25,6,-20,-20,-20,-20,19,16,28,22,-20,21,-20,-20,-20,-20,49,13,21,19,-20,-20,11,-20,10,-20,11,-20,11,-20,-20,8,5,7,6,9,-20,-20,9,14,-20,-20,6,-20,7,9,-20,-20,-20,11,13,-20,-20,10,5,2,6,4,11,-20,3,8,-20,-20,-20,13,-20,-20,11,13,8,-20,7,7,-20,-20,-20,14,-20,7,-20,8,12,-20,23,10,-20,5,-20,4,-20,10,9,-20,-20,-20,9,6,9,-20,17,6,-20,4,11,6,-20,8,6,-20,-20,7,15,-20,6,-20,-20,6,-20,-20,-20,8,9,-20,-20,4,7,-20,-20,8,-20,-20,5,6,-20,4,6,5,6,-20,-20,-20,-20,-20,6,-20,-20,-20,6,-20,8,4,-20,-20,-20,3,3,7,3,3,-20,5,4,4,-20,7,-20,7,-20,7,5,-20,6,12,-20,4,3,-20,-20,4,-20,-20,3,4,-20,-20,5,-20,-20,-20,4,-20,9,3,-20,-20,-20,-20,-20,-20,-20,14,-20,-20,-20,-20,-20,4,-20,8,-20,4,8,-20,-20,6,-20,-20,-20,4,-20,-20,4,-20,6,-20,7,4,-20,-20,-20,-20,3,-20,-20,-20,6,6,-20,-20,12,8,6,-20,-20,6,-20,-20,-20,-20,-20,15,-20,14,8,9,-20,12,5,6,-20,9,-20,-20,18,-20,-20,11,19,6,13,-20,8,4,-20,14,-20,-20,5,9,6,-20,5,13,-20,-20,-20,8,13,-20,-20,-20,-20,5,-20,3,6,-20,5,-20,-20,-20,-20,6,-20,5,3,6,8,-20,4,6,6,-20,-20,9,7,-20,4,-20,-20,7,4,6,-20,15,5,-20,-20,-20,5,3,13,-20,6,-20,-20,-20,-20,-20,-20,-20,5,3,-20,-20,-20,8,-20,-20,6,-20,-20,-20,6,-20,-20,4,-20,14,-20,8,-20,5,22,7,-20,7,-20,5,-20,3,9,-20,-20,-20,3,3,-20,-20,-20,16,-20,-20,4,6,-20,12,-20,-20,8,-20,6,3,7,8,5,-20,6,6,-20,-20,-20,4,7,-20,8,-20,3,10,-20,-20,3,-20,5,-20,-20,4,-20,-20,-20,3,-20,8,7,5,-20,-20,-20,5,-20,-20,3,7,-20,-20,6,6,-20,-20,-20,-20,3,-20,-20,5,-20,5,-20,-20,-20,7,-20,7,-20,6,4,-20,-20,-20,-20,7,6,-20,-20,6,5,4,-20,-20,4,-20,-20,11,-20,13,15,-20,50,32,31,-20,-20,-20,29,24,38,30
"chr1,16766290",-20,-20,-20,-20,12,-20,-20,-20,-20,-20,-20,5,-20,-20,-20,-20,35,-20,57,65,-20,-20,38,33,54,27,-20,-20,7,-20,9,-20,12,9,-20,51,-20,24,5,7,-20,22,-20,17,17,49,11,52,8,18,12,33,-20,19,23,25,65,-20,24,21,-20,-20,40,27,-20,-20,24,48,35,4,32,19,16,24,26,51,-20,-20,-20,11,6,-20,-20,4,9,-20,25,-20,-20,-20,-20,-20,-20,-20,-20,-20,8,-20,6,38,-20,31,-20,5,27,43,-20,-20,-20,3,-20,2,-20,-20,-20,-20,30,7,-20,8,12,10,11,3,40,-20,-20,36,-20,-20,-20,6,-20,-20,27,52,33,-20,-20,-20,7,-20,5,-20,39,-20,-20,27,-20,10,-20,-20,8,18,52,-20,10,-20,-20,-20,-20,-20,-20,-20,-20,-20,-20,-20,4,15,46,-20,32,13,3,26,-20,10,12,62,40,-20,13,4,20,8,22,-20,5,9,14,-20,-20,5,9,8,11,17,-20,-20,-20,16,-20,14,22,-20,-20,50,-20,-20,40,-20,27,-20,-20,13,50,-20,13,12,9,10,-20,-20,12,-20,9,10,16,28,-20,-20,26,-20,19,11,-20,17,13,11,23,12,16,14,7,14,14,-20,26,-20,15,-20,-20,-20,8,-20,9,16,18,10,17,-20,-20,13,7,20,16,-20,17,10,15,-20,14,30,10,12,65,57,21,42,-20,16,8,19,-20,18,10,-20,-20,-20,-20,-20,-20,18,-20,67,-20,-20,-20,-20,-20,-20,-20,-20,-20,39,30,-20,40,48,42,38,38,36,-20,7,-20,6,-20,-20,8,6,16,-20,-20,3,4,14,-20,-20,7,-20,-20,-20,23,7,7,36,-20,-20,6,-20,7,-20,6,-20,-20,-20,-20,-20,4,-20,-20,-20,4,18,-20,-20,-20,-20,9,-20,-20,8,-20,-20,4,-20,-20,-20,-20,10,4,72,-20,7,-20,-20,-20,-20,-20,-20,-20,-20,8,5,9,-20,-20,18,-20,5,4,-20,-20,6,-20,7,-20,-20,-20,8,-20,20,-20,-20,-20,-20,9,5,8,-20,6,-20,-20,9,-20,-20,-20,7,-20,15,-20,5,-20,6,-20,11,6,-20,8,-20,95,5,9,-20,5,-20,5,-20,-20,-20,9,5,-20,6,10,-20,14,-20,-20,12,4,-20,9,-20,8,20,-20,-20,-20,-20,-20,-20,22,-20,-20,5,12,-20,-20,8,-20,-20,8,-20,-20,-20,48,-20,4,8,-20,6,3,6,13,-20,6,10,7,-20,13,8,12,-20,-20,-20,8,6,-20,7,12,-20,37,4,6,5,-20,-20,7,-20,7,-20,40,-20,40,-20,9,26,-20,-20,-20,38,30,8,-20,-20,6,-20,-20,-20,-20,-20,-20,-20,-20,-20,7,-20,6,16,14,6,-20,12,-20,4,5,8,6,-20,11,-20,3,6,14,3,20,-20,-20,-20,14,9,-20,-20,-20,7,-20,9,-20,5,-20,-20,-20,10,9,22,-20,24,14,33,-20,-20,-20,-20,25,-20,-20,-20,-20,-20,16,-20,9,7,-20,-20,-20,-20,-20,12,12,10,-20,7,7,27,-20,-20,-20,2,-20,-20,-20,8,7,-20,-20,5,10,33,29,15,-20,-20,35,41,-20,35,17,32,-20,58,-20,19,18,20,14,22,51,37,18,3,-20,15,-20,23,6,-20,-20,-20,-20,19,19,32,22,-20,24,37,10,-20,-20,58,12,23,21,20,-20,11,-20,9,-20,11,-20,13,-20,-20,7,5,6,5,10,-20,-20,9,-20,-20,3,6,-20,7,9,-20,-20,-20,12,17,-20,-20,10,5,2,6,-20,13,-20,-20,8,-20,-20,-20,13,-20,-20,14,-20,8,-20,7,7,-20,-20,-20,14,-20,8,-20,10,12,-20,23,10,-20,5,-20,3,-20,-20,-20,-20,-20,-20,11,5,8,-20,16,7,-20,-20,9,5,-20,7,8,-20,-20,-20,15,-20,6,-20,-20,-20,-20,-20,-20,10,9,-20,-20,4,7,-20,-20,9,-20,-20,5,8,-20,-20,5,5,7,-20,-20,-20,-20,-20,-20,-20,-20,-20,5,-20,14,5,-20,-20,-20,-20,3,8,3,-20,-20,5,5,4,-20,6,-20,7,-20,6,5,-20,6,13,-20,4,3,-20,-20,5,-20,-20,3,4,-20,-20,6,-20,-20,-20,-20,-20,9,-20,-20,-20,-20,-20,-20,-20,-20,18,-20,-20,-20,-20,-20,4,-20,-20,-20,4,11,-20,-20,-20,-20,6,-20,4,-20,5,4,-20,7,-20,7,-20,-20,3,-20,-20,4,-20,-20,-20,6,6,-20,-20,14,7,7,5,-20,6,-20,-20,-20,-20,-20,-20,-20,16,8,-20,-20,-20,7,-20,-20,9,-20,-20,19,-20,-20,10,19,-20,15,-20,8,4,-20,13,-20,-20,-20,7,-20,-20,5,14,-20,-20,-20,8,14,4,-20,-20,-20,5,-20,3,6,-20,6,-20,-20,-20,-20,6,-20,4,-20,7,8,-20,5,5,6,5,-20,9,8,6,4,-20,-20,7,4,6,-20,18,5,-20,-20,-20,5,4,12,-20,6,-20,-20,-20,-20,-20,-20,8,5,4,-20,-20,-20,7,-20,-20,8,-20,-20,-20,6,4,-20,4,-20,12,-20,8,-20,5,-20,8,-20,8,-20,5,-20,5,7,-20,-20,-20,-20,3,-20,-20,-20,17,-20,-20,5,8,-20,-20,-20,-20,8,-20,7,-20,6,8,5,-20,6,7,-20,-20,-20,-20,-20,-20,-20,-20,-20,8,-20,-20,-20,-20,-20,-20,4,-20,-20,-20,-20,3,-20,6,-20,3,-20,-20,-20,-20,-20,-20,-20,-20,-20,-20,-20,7,4,-20,-20,-20,-20,-20,-20,-20,-20,-20,-20,-20,-20,-20,-20,-20,-20,-20,-20,-20,-20,-20,-20,-20,-20,-20,-20,7,-20,-20,-20,-20,4,-20,-20,11,-20,13,16,-20,53,36,26,-20,-20,-20,30,-20,40,32
"chr1,16766296",-20,-20,-20,-20,13,-20,-20,-20,-20,-20,-20,5,26,-20,11,-20,36,15,62,71,-20,-20,45,32,-20,27,-20,23,7,-20,9,-20,14,9,-20,57,-20,24,6,8,-20,-20,12,19,18,-20,12,58,10,18,12,-20,-20,19,25,24,68,-20,25,-20,-20,-20,-20,27,16,12,24,49,-20,3,-20,19,20,26,29,-20,-20,-20,-20,11,7,-20,14,4,9,-20,-20,-20,-20,-20,17,25,-20,21,34,35,-20,-20,6,37,-20,31,-20,5,29,43,-20,35,28,3,-20,2,-20,-20,-20,-20,31,8,-20,8,12,10,11,3,-20,-20,-20,37,-20,-20,-20,6,-20,-20,30,51,34,-20,-20,-20,7,-20,6,-20,-20,-20,-20,26,-20,9,-20,-20,8,16,49,-20,10,-20,-20,-20,-20,-20,-20,-20,-20,-20,-20,-20,4,12,46,-20,31,16,5,23,-20,11,11,65,25,-20,18,4,20,9,25,18,5,8,15,-20,-20,6,9,9,11,17,-20,6,-20,14,-20,17,22,-20,-20,48,-20,-20,43,-20,31,13,17,13,53,-20,16,12,12,11,13,-20,12,-20,13,16,17,31,-20,-20,25,-20,19,11,-20,13,14,10,23,12,16,13,8,16,14,16,27,-20,18,-20,-20,-20,11,-20,10,15,19,13,16,12,-20,17,8,22,-20,-20,20,12,15,26,15,31,10,14,69,72,21,44,-20,15,10,-20,-20,17,13,-20,6,-20,24,-20,4,22,-20,74,52,-20,-20,-20,-20,-20,-20,-20,-20,-20,31,-20,-20,48,46,41,-20,38,-20,-20,-20,6,-20,-20,8,7,16,-20,-20,3,-20,17,-20,-20,7,-20,-20,-20,28,7,7,37,37,-20,5,-20,7,-20,7,-20,-20,-20,-20,-20,4,-20,-20,-20,4,18,-20,-20,-20,-20,9,-20,-20,8,-20,-20,3,5,-20,-20,-20,9,3,74,-20,5,-20,12,-20,-20,-20,-20,-20,-20,8,-20,9,-20,-20,21,-20,5,3,-20,-20,7,-20,6,5,-20,-20,6,-20,22,-20,-20,-20,-20,9,6,8,-20,6,-20,-20,11,-20,-20,-20,6,-20,13,-20,-20,-20,-20,-20,11,5,-20,8,-20,98,-20,11,-20,5,-20,-20,-20,-20,-20,9,5,-20,5,10,-20,15,-20,-20,15,6,-20,10,-20,8,18,-20,-20,-20,15,-20,-20,22,-20,-20,5,11,-20,-20,8,-20,-20,8,-20,-20,-20,51,-20,4,12,-20,-20,-20,-20,12,-20,6,10,7,-20,16,10,11,-20,-20,-20,6,6,-20,7,11,-20,39,4,5,5,-20,-20,7,-20,7,-20,46,-20,45,-20,9,28,-20,-20,-20,39,29,7,-20,-20,6,-20,-20,-20,-20,-20,-20,-20,-20,-20,7,-20,8,16,15,-20,-20,12,-20,4,7,8,6,-20,14,-20,-20,6,14,-20,21,-20,-20,-20,18,8,-20,-20,-20,7,-20,9,-20,4,-20,-20,-20,9,9,24,-20,27,17,33,-20,-20,28,-20,26,-20,-20,-20,-20,-20,17,3,10,8,-20,-20,-20,-20,-20,13,-20,12,-20,6,7,29,-20,-20,-20,2,-20,-20,-20,-20,7,-20,-20,6,11,28,30,16,-20,-20,35,45,-20,35,21,33,15,60,-20,20,-20,21,15,26,56,39,20,4,-20,15,85,19,5,-20,-20,-20,-20,19,18,35,22,-20,26,39,13,15,-20,58,11,22,26,22,-20,11,-20,11,-20,12,-20,14,-20,-20,8,5,6,5,-20,-20,-20,9,-20,-20,4,6,-20,8,10,-20,-20,-20,-20,16,-20,-20,10,6,2,-20,5,14,-20,-20,9,-20,-20,-20,14,-20,-20,-20,-20,-20,-20,7,7,-20,-20,-20,16,-20,8,-20,11,12,-20,22,10,-20,5,-20,4,-20,-20,-20,-20,-20,-20,11,5,9,-20,16,7,-20,-20,8,9,-20,7,7,-20,-20,-20,15,-20,6,-20,-20,-20,-20,-20,-20,10,-20,-20,-20,6,7,-20,-20,8,-20,-20,-20,-20,-20,6,5,4,8,-20,-20,-20,-20,-20,-20,-20,-20,-20,5,-20,15,5,-20,-20,-20,-20,3,8,3,-20,-20,5,5,4,-20,7,-20,8,-20,-20,5,-20,7,13,-20,-20,2,-20,-20,5,-20,-20,3,4,-20,-20,7,-20,-20,-20,-20,-20,9,-20,-20,-20,-20,-20,-20,-20,-20,18,-20,-20,-20,-20,-20,-20,-20,-20,-20,4,12,-20,-20,-20,-20,8,-20,4,-20,-20,4,-20,7,-20,9,-20,5,3,-20,-20,7,-20,-20,-20,5,5,-20,-20,13,8,7,5,-20,6,-20,-20,-20,-20,-20,-20,-20,19,10,-20,-20,-20,8,-20,-20,11,-20,-20,21,-20,-20,12,18,-20,16,-20,-20,4,-20,17,-20,-20,-20,9,-20,-20,5,14,-20,-20,-20,10,13,4,-20,4,-20,4,-20,-20,6,-20,4,-20,-20,-20,-20,6,-20,4,-20,6,7,-20,5,6,-20,-20,-20,10,9,6,4,-20,-20,7,4,6,-20,20,5,-20,-20,-20,-20,3,12,-20,6,-20,-20,-20,-20,-20,-20,9,5,4,-20,-20,-20,8,-20,-20,10,-20,6,-20,7,4,-20,4,-20,10,-20,9,3,5,-20,8,-20,9,-20,-20,-20,6,-20,-20,-20,-20,-20,3,-20,-20,-20,-20,-20,-20,5,9,-20,-20,-20,-20,8,-20,7,-20,9,8,4,-20,7,8,-20,3,-20,4,8,4,6,5,5,8,-20,-20,-20,-20,3,-20,6,4,-20,-20,-20,-20,-20,5,5,2,-20,-20,-20,6,4,-20,4,7,-20,-20,7,8,5,5,-20,4,-20,8,-20,5,-20,5,5,5,-20,7,-20,10,4,-20,3,-20,-20,-20,-20,7,-20,-20,-20,6,4,8,-20,-20,-20,24,-20,-20,-20,15,-20,-20,55,39,-20,-20,-20,-20,33,-20,42,34
"chr1,16766299",-20,-20,-20,-20,13,-20,-20,-20,-20,-20,-20,5,26,-20,11,-20,36,-20,64,69,-20,-20,47,34,-20,27,-20,22,6,-20,10,-20,14,9,-20,57,-20,22,6,-20,-20,-20,11,19,19,-20,13,56,10,18,11,-20,-20,19,25,23,69,-20,25,-20,-20,-20,-20,26,18,13,23,49,-20,-20,-20,21,19,28,28,-20,-20,-20,-20,11,7,-20,14,4,9,-20,-20,-20,-20,-20,16,27,-20,19,34,35,-20,-20,6,37,-20,31,-20,6,29,43,-20,38,28,-20,-20,3,-20,-20,-20,-20,-20,9,-20,9,11,10,11,-20,-20,-20,-20,39,-20,-20,-20,6,-20,-20,-20,48,36,-20,-20,-20,7,-20,9,-20,-20,-20,-20,26,-20,11,-20,-20,7,15,46,-20,8,-20,-20,-20,-20,-20,-20,-20,-20,-20,-20,-20,4,11,44,-20,30,15,4,24,-20,11,11,64,23,-20,18,4,23,9,25,17,5,8,17,-20,-20,5,10,12,9,16,-20,6,-20,14,-20,17,20,-20,-20,49,-20,-20,45,-20,31,-20,17,14,53,-20,16,12,13,12,16,-20,12,-20,13,16,17,30,-20,-20,27,-20,19,11,-20,13,15,11,22,12,16,13,10,15,13,18,29,-20,20,-20,-20,-20,11,-20,9,15,21,16,17,15,-20,18,8,22,-20,-20,21,12,15,25,16,32,11,14,69,74,21,40,-20,15,10,-20,-20,16,13,-20,8,-20,24,-20,4,22,-20,72,49,-20,-20,-20,-20,-20,-20,-20,-20,-20,-20,-20,-20,-20,43,38,-20,39,-20,-20,-20,6,-20,-20,7,7,15,-20,-20,3,-20,17,-20,-20,7,-20,-20,-20,31,7,6,37,34,-20,5,-20,8,-20,7,-20,-20,-20,12,-20,4,-20,-20,-20,4,18,-20,-20,-20,-20,9,-20,-20,8,-20,-20,3,-20,-20,-20,5,9,3,69,-20,5,-20,11,-20,-20,-20,-20,-20,-20,7,-20,9,-20,-20,20,-20,5,4,-20,-20,7,-20,5,5,-20,-20,6,-20,24,-20,-20,-20,-20,10,6,8,-20,5,-20,-20,11,-20,-20,-20,7,-20,12,-20,-20,-20,-20,12,10,5,-20,8,-20,96,-20,10,-20,5,-20,6,-20,-20,-20,8,5,-20,-20,9,-20,15,-20,4,14,6,-20,10,-20,8,16,-20,-20,-20,15,-20,-20,22,-20,-20,5,11,-20,-20,8,-20,-20,-20,-20,-20,-20,48,-20,4,12,-20,-20,-20,-20,12,-20,6,9,7,-20,15,10,11,-20,-20,-20,5,6,-20,7,11,-20,-20,5,3,5,-20,-20,8,-20,8,-20,46,-20,-20,-20,9,27,-20,-20,-20,40,32,7,-20,-20,6,-20,-20,-20,-20,-20,-20,-20,-20,9,7,-20,9,16,20,-20,-20,10,5,4,7,-20,6,-20,14,-20,-20,6,15,3,22,-20,-20,-20,19,8,-20,-20,-20,-20,-20,9,-20,4,-20,-20,-20,9,-20,23,-20,26,17,35,-20,-20,28,-20,27,-20,-20,-20,-20,-20,19,3,11,8,-20,-20,-20,-20,-20,13,-20,-20,-20,5,6,29,-20,-20,-20,2,-20,-20,-20,-20,8,-20,-20,7,11,29,27,18,47,-20,34,45,-20,35,23,31,-20,58,-20,20,-20,20,16,28,59,37,24,4,-20,13,86,18,5,-20,-20,-20,-20,20,19,36,25,-20,31,41,13,15,-20,59,10,25,26,21,-20,10,-20,-20,-20,12,-20,13,-20,-20,-20,5,7,5,-20,-20,-20,9,-20,-20,-20,6,-20,8,10,-20,-20,-20,-20,15,-20,-20,-20,6,2,8,5,15,-20,-20,11,-20,-20,-20,19,-20,-20,-20,-20,-20,-20,7,7,-20,-20,-20,17,-20,8,-20,11,12,-20,21,9,-20,5,-20,4,-20,-20,-20,-20,-20,-20,11,5,9,-20,16,-20,-20,-20,8,9,-20,7,8,-20,-20,-20,17,-20,6,-20,-20,-20,-20,-20,-20,11,10,-20,-20,6,7,-20,-20,7,-20,-20,-20,-20,-20,7,5,4,8,-20,-20,-20,-20,-20,-20,-20,-20,-20,-20,-20,16,5,-20,-20,-20,-20,3,-20,3,-20,-20,5,5,3,-20,7,-20,-20,-20,-20,6,-20,7,13,-20,-20,2,-20,-20,5,-20,-20,3,4,-20,-20,7,-20,-20,-20,-20,-20,9,4,-20,-20,-20,-20,-20,-20,-20,16,-20,-20,-20,-20,-20,-20,-20,-20,-20,4,11,-20,-20,-20,-20,8,-20,-20,-20,-20,4,-20,8,-20,8,-20,5,3,-20,-20,7,-20,-20,-20,5,4,-20,-20,-20,8,7,-20,-20,6,-20,-20,-20,-20,-20,-20,-20,24,11,-20,-20,-20,8,-20,-20,11,-20,-20,21,-20,-20,14,21,-20,18,-20,10,4,-20,19,-20,-20,-20,10,-20,-20,5,14,-20,-20,-20,10,13,4,-20,4,-20,4,-20,-20,-20,-20,4,-20,-20,-20,-20,6,-20,4,-20,6,5,-20,5,5,-20,-20,-20,10,9,-20,4,-20,-20,7,5,5,-20,22,5,-20,-20,-20,6,4,12,-20,6,-20,-20,-20,-20,-20,-20,9,5,4,-20,-20,-20,11,-20,-20,10,-20,6,-20,8,-20,-20,4,-20,10,-20,9,3,5,-20,8,-20,-20,-20,-20,-20,8,-20,-20,-20,-20,-20,3,-20,-20,-20,-20,-20,-20,5,9,-20,-20,-20,-20,8,-20,7,-20,11,8,-20,-20,8,9,-20,-20,-20,-20,5,6,5,5,4,7,2,6,3,-20,-20,-20,4,-20,-20,2,-20,3,-20,5,6,5,-20,-20,-20,-20,4,-20,-20,-20,-20,-20,6,9,7,6,-20,-20,-20,-20,-20,4,-20,7,6,5,-20,6,-20,-20,-20,-20,-20,-20,-20,-20,-20,-20,8,-20,-20,6,3,8,-20,-20,-20,26,-20,-20,-20,16,-20,-20,56,41,-20,-20,-20,-20,33,-20,-20,36
"chr1,16766303",-20,-20,-20,-20,12,-20,-20,-20,-20,-20,-20,4,-20,-20,-20,-20,35,-20,58,-20,-20,-20,48,30,-20,25,-20,-20,5,-20,9,-20,14,-20,-20,54,-20,23,6,-20,-20,-20,10,17,19,-20,11,57,9,16,14,-20,-20,18,-20,22,67,-20,22,-20,-20,-20,-20,27,-20,-20,23,45,-20,-20,-20,19,17,27,-20,-20,-20,-20,-20,9,7,-20,-20,4,9,-20,-20,-20,-20,-20,-20,-20,-20,-20,-20,-20,-20,-20,5,37,-20,32,-20,6,28,-20,-20,-20,-20,-20,-20,3,-20,-20,-20,-20,-20,7,-20,11,10,9,10,-20,-20,-20,-20,-20,-20,-20,-20,4,-20,-20,-20,52,32,-20,-20,-20,6,-20,12,-20,-20,-20,-20,26,-20,10,-20,-20,7,15,47,-20,8,-20,-20,-20,-20,-20,-20,-20,-20,-20,-20,-20,4,14,45,-20,29,11,4,24,-20,11,10,77,18,-20,18,4,23,8,23,18,5,5,17,-20,-20,5,10,14,9,16,-20,5,-20,13,-20,17,21,-20,-20,46,-20,-20,40,-20,23,-20,18,13,53,-20,16,11,16,9,15,-20,11,-20,11,16,-20,31,-20,-20,-20,-20,15,12,-20,11,13,10,21,12,16,13,10,17,13,-20,28,-20,19,-20,-20,-20,11,-20,10,16,16,-20,18,12,-20,17,10,19,-20,-20,20,11,15,22,18,-20,12,14,69,72,24,37,-20,15,11,-20,-20,16,13,-20,9,-20,23,-20,4,21,-20,72,44,-20,-20,-20,-20,-20,-20,-20,-20,-20,-20,-20,-20,-20,-20,-20,-20,-20,-20,-20,-20,5,-20,-20,7,7,-20,-20,-20,3,-20,17,-20,-20,6,-20,-20,-20,29,7,-20,35,-20,-20,-20,-20,8,-20,7,-20,-20,5,12,-20,4,-20,-20,-20,4,18,-20,-20,-20,-20,9,-20,-20,7,-20,-20,3,-20,-20,-20,-20,9,3,67,-20,5,-20,-20,-20,-20,-20,-20,-20,-20,7,-20,9,10,-20,20,-20,5,-20,-20,-20,8,4,5,5,-20,-20,6,-20,25,-20,-20,-20,-20,10,6,6,-20,5,-20,-20,11,-20,-20,-20,6,-20,12,-20,-20,-20,-20,9,7,4,-20,8,-20,92,-20,9,-20,4,-20,6,-20,-20,-20,8,5,-20,-20,8,-20,15,-20,4,10,5,-20,10,-20,9,15,-20,-20,-20,12,-20,-20,20,-20,-20,5,12,-20,-20,7,-20,-20,-20,-20,-20,-20,45,-20,4,10,-20,-20,-20,-20,12,-20,6,8,6,-20,16,7,10,9,-20,-20,-20,5,-20,-20,11,-20,-20,-20,-20,5,-20,-20,8,-20,7,-20,43,-20,-20,-20,7,25,-20,-20,-20,40,-20,7,-20,-20,6,-20,-20,-20,-20,-20,-20,-20,-20,-20,6,-20,9,15,20,-20,-20,7,4,4,-20,10,4,-20,12,-20,-20,5,14,3,22,-20,-20,-20,21,9,-20,-20,-20,-20,-20,9,-20,3,-20,-20,-20,8,-20,22,-20,23,15,36,-20,-20,-20,-20,27,-20,-20,-20,-20,-20,18,3,11,8,-20,-20,-20,-20,-20,12,-20,-20,-20,-20,5,29,-20,-20,-20,-20,-20,-20,-20,-20,8,-20,-20,-20,-20,27,20,18,-20,-20,35,43,-20,37,21,30,-20,-20,-20,20,-20,21,14,25,56,37,22,5,-20,13,-20,17,6,-20,-20,-20,-20,21,19,35,26,-20,27,38,12,18,-20,66,9,28,25,21,-20,10,-20,-20,-20,10,-20,11,-20,-20,-20,5,7,6,-20,-20,-20,8,-20,-20,-20,5,-20,8,8,-20,-20,-20,-20,17,-20,-20,-20,5,-20,8,-20,14,-20,-20,9,-20,-20,-20,20,-20,-20,-20,-20,-20,-20,7,6,-20,-20,-20,16,-20,8,-20,-20,11,-20,21,8,-20,4,-20,3,-20,-20,-20,-20,-20,-20,10,5,9,-20,15,7,-20,-20,7,9,-20,6,8,-20,-20,-20,13,-20,5,-20,-20,-20,-20,-20,-20,11,10,-20,-20,5,7,-20,-20,6,-20,-20,-20,-20,-20,-20,5,3,7,-20,-20,-20,-20,-20,-20,-20,-20,-20,-20,-20,15,-20,-20,-20,-20,3,3,-20,3,-20,-20,4,5,4,-20,5,-20,6,-20,-20,6,-20,6,13,-20,-20,2,-20,-20,5,-20,-20,3,4,-20,-20,7,-20,-20,-20,-20,-20,-20,4,-20,-20,-20,-20,-20,-20,-20,16,-20,-20,-20,-20,-20,-20,-20,-20,-20,4,11,-20,2,-20,-20,7,-20,3,-20,-20,4,-20,-20,-20,-20,-20,5,-20,-20,-20,7,-20,-20,-20,-20,4,-20,-20,-20,7,3,-20,-20,6,-20,-20,-20,-20,-20,-20,-20,24,11,-20,-20,-20,7,-20,-20,9,-20,-20,20,-20,-20,14,20,-20,16,-20,10,3,-20,20,-20,-20,-20,8,-20,-20,5,15,-20,-20,-20,10,13,4,-20,4,-20,3,-20,-20,-20,-20,4,-20,-20,-20,-20,6,-20,3,-20,6,-20,-20,4,5,-20,-20,-20,9,7,-20,4,-20,-20,7,4,4,-20,22,5,-20,-20,-20,5,5,13,-20,5,-20,-20,-20,-20,-20,-20,7,4,4,-20,-20,-20,11,-20,-20,11,-20,5,-20,7,-20,-20,4,-20,10,-20,-20,3,3,-20,8,-20,-20,-20,-20,-20,7,-20,-20,-20,-20,-20,3,-20,-20,-20,-20,-20,-20,5,8,-20,-20,-20,-20,7,-20,7,-20,11,8,-20,-20,7,8,-20,-20,-20,-20,-20,-20,-20,-20,-20,9,-20,-20,-20,-20,-20,-20,-20,-20,-20,-20,-20,-20,-20,5,-20,5,-20,-20,-20,-20,-20,-20,-20,-20,-20,-20,-20,-20,5,-20,-20,-20,-20,-20,-20,-20,-20,-20,-20,-20,-20,-20,-20,-20,-20,-20,-20,-20,-20,-20,-20,-20,-20,-20,-20,5,-20,-20,-20,-20,-20,-20,-20,-20,-20,15,-20,-20,55,41,-20,-20,-20,-20,31,-20,-20,36
"chr1,16766305",-20,-20,-20,-20,11,-20,-20,-20,-20,-20,-20,4,27,-20,11,-20,35,-20,61,-20,-20,-20,-20,32,-20,24,-20,21,5,-20,10,-20,15,-20,-20,58,-20,24,7,-20,-20,-20,10,17,19,-20,11,56,10,17,16,-20,-20,18,-20,24,67,-20,22,-20,-20,-20,-20,28,20,15,24,47,-20,-20,-20,21,17,-20,-20,-20,-20,-20,-20,-20,7,-20,13,4,9,-20,-20,-20,-20,-20,15,-20,-20,17,30,37,-20,-20,6,-20,-20,33,-20,6,29,-20,-20,38,25,-20,-20,3,-20,-20,-20,-20,-20,8,-20,11,10,9,11,-20,-20,-20,-20,-20,-20,-20,-20,4,-20,-20,-20,53,35,-20,-20,-20,6,-20,12,-20,-20,-20,-20,25,-20,10,-20,-20,7,15,46,-20,8,-20,-20,-20,-20,-20,-20,-20,-20,-20,-20,-20,4,14,46,-20,30,-20,4,27,-20,11,10,80,17,-20,18,3,22,8,23,19,-20,6,19,-20,-20,-20,9,15,9,15,-20,5,-20,12,-20,16,22,-20,-20,50,-20,-20,41,-20,26,-20,18,14,56,-20,16,12,16,9,15,-20,12,-20,11,16,21,31,-20,-20,-20,-20,14,12,-20,11,13,9,22,-20,15,13,12,17,14,-20,28,-20,19,-20,-20,-20,11,-20,13,16,16,-20,18,14,-20,17,11,19,-20,-20,22,11,15,22,16,-20,13,14,71,73,24,36,-20,15,11,-20,-20,16,14,-20,9,-20,23,-20,4,20,-20,73,46,-20,-20,-20,-20,-20,-20,-20,-20,-20,-20,-20,-20,-20,-20,-20,-20,-20,-20,-20,-20,-20,-20,-20,7,7,14,-20,-20,3,-20,17,-20,-20,7,-20,-20,-20,30,7,-20,37,30,-20,-20,-20,8,-20,9,-20,-20,6,12,-20,4,-20,-20,-20,4,18,-20,-20,-20,-20,9,-20,-20,7,-20,-20,3,5,-20,-20,-20,8,3,67,-20,5,-20,10,-20,-20,-20,-20,-20,-20,7,-20,9,10,-20,19,-20,5,-20,-20,-20,8,4,4,5,-20,-20,7,-20,26,-20,-20,-20,-20,10,6,6,-20,5,-20,-20,11,-20,-20,-20,6,-20,11,-20,-20,-20,-20,9,7,4,-20,8,-20,89,-20,9,-20,4,-20,6,-20,-20,-20,-20,5,-20,-20,9,-20,15,-20,4,9,5,-20,10,-20,9,14,-20,-20,-20,12,-20,-20,18,-20,-20,5,11,-20,-20,7,-20,-20,-20,-20,-20,-20,44,-20,4,10,-20,-20,-20,-20,12,-20,6,7,6,-20,16,7,10,-20,-20,-20,-20,5,-20,-20,11,-20,-20,4,-20,5,-20,-20,8,-20,7,-20,44,-20,-20,-20,8,26,-20,-20,-20,42,-20,7,-20,-20,6,-20,-20,-20,-20,-20,-20,-20,-20,-20,6,-20,10,16,20,-20,-20,7,4,4,-20,10,5,-20,14,-20,-20,5,14,3,23,-20,-20,-20,20,9,-20,-20,-20,-20,-20,-20,-20,3,-20,-20,-20,8,-20,23,-20,-20,15,-20,-20,-20,24,-20,27,-20,-20,-20,-20,-20,18,3,11,-20,-20,-20,-20,-20,-20,11,-20,-20,-20,-20,5,27,-20,-20,-20,-20,-20,-20,-20,-20,7,-20,-20,-20,-20,27,19,17,-20,-20,39,44,-20,39,24,31,-20,59,-20,21,-20,23,14,25,61,38,23,5,-20,13,79,17,7,-20,-20,-20,-20,21,20,35,24,-20,30,-20,13,18,-20,70,9,29,26,23,-20,10,-20,-20,-20,11,-20,10,-20,-20,-20,6,8,7,-20,-20,-20,8,-20,-20,-20,5,-20,-20,7,-20,-20,-20,-20,14,-20,-20,-20,5,-20,8,5,14,-20,-20,10,-20,-20,-20,20,-20,-20,-20,-20,-20,-20,7,6,-20,-20,-20,16,-20,9,-20,-20,11,-20,21,8,-20,6,-20,3,-20,-20,-20,-20,-20,-20,11,6,9,-20,14,7,-20,-20,7,9,-20,6,8,-20,-20,-20,13,-20,5,-20,-20,-20,-20,-20,-20,11,10,-20,-20,5,6,-20,-20,6,-20,-20,-20,-20,-20,7,5,3,7,-20,-20,-20,-20,5,-20,-20,-20,-20,-20,-20,15,-20,-20,-20,-20,3,3,-20,3,-20,-20,4,5,4,-20,5,-20,-20,-20,-20,5,-20,6,13,-20,-20,2,-20,-20,5,-20,-20,3,4,-20,-20,7,-20,-20,-20,-20,-20,-20,4,-20,-20,-20,-20,-20,-20,-20,16,-20,-20,-20,-20,-20,-20,-20,-20,-20,4,11,-20,2,-20,-20,7,-20,3,-20,-20,4,-20,-20,-20,-20,-20,5,-20,-20,-20,8,-20,-20,-20,-20,4,-20,-20,-20,7,3,-20,-20,6,-20,-20,-20,-20,-20,-20,-20,24,12,-20,-20,-20,7,-20,-20,9,-20,-20,22,-20,-20,13,20,-20,16,-20,10,4,-20,20,-20,-20,-20,8,-20,-20,5,16,-20,-20,-20,10,13,4,-20,4,-20,4,-20,-20,5,-20,4,-20,-20,-20,-20,6,-20,3,-20,6,-20,-20,4,5,-20,-20,-20,9,-20,-20,6,-20,-20,7,-20,4,-20,22,-20,-20,-20,-20,5,6,13,-20,5,-20,-20,-20,-20,-20,-20,7,4,4,-20,-20,-20,11,-20,-20,11,-20,5,-20,7,-20,-20,4,-20,9,-20,-20,4,3,-20,7,-20,-20,-20,-20,-20,7,-20,-20,-20,-20,-20,3,-20,-20,-20,-20,-20,-20,5,9,-20,-20,-20,-20,7,3,-20,-20,11,8,-20,-20,-20,8,-20,3,-20,4,6,6,-20,4,3,10,-20,5,-20,-20,-20,-20,-20,5,-20,2,-20,-20,-20,-20,6,5,-20,-20,3,-20,5,-20,4,-20,-20,-20,5,6,-20,7,-20,3,-20,6,-20,4,3,6,5,5,-20,6,-20,8,4,7,-20,-20,8,-20,-20,-20,7,-20,-20,5,-20,8,-20,-20,-20,25,-20,-20,-20,15,-20,-20,57,41,-20,-20,-20,-20,33,-20,-20,42
"chr1,16766312",-20,-20,-20,-20,9,-20,-20,-20,-20,-20,-20,-20,-20,-20,-20,-20,33,-20,-20,-20,-20,-20,-20,-20,-20,22,-20,-20,5,-20,-20,-20,14,-20,-20,-20,-20,24,-20,-20,-20,-20,9,12,20,-20,10,53,-20,15,16,-20,-20,18,-20,24,68,-20,-20,-20,-20,-20,-20,21,-20,-20,-20,-20,-20,-20,-20,-20,17,-20,-20,-20,-20,-20,-20,-20,7,-20,-20,4,8,-20,-20,-20,-20,-20,-20,-20,-20,-20,-20,-20,-20,-20,6,-20,-20,36,-20,5,26,-20,-20,-20,-20,-20,-20,3,-20,-20,-20,-20,-20,-20,-20,12,9,-20,11,-20,-20,-20,-20,-20,-20,-20,-20,4,-20,-20,-20,46,-20,-20,-20,-20,6,-20,13,-20,-20,-20,-20,27,-20,10,-20,8,6,12,44,-20,9,-20,-20,-20,-20,-20,-20,-20,-20,-20,-20,-20,5,13,45,-20,30,-20,7,27,-20,11,10,69,19,-20,18,3,20,9,20,-20,-20,9,17,-20,-20,5,10,20,9,15,-20,-20,-20,12,-20,13,20,-20,18,48,-20,-20,-20,-20,22,-20,15,13,-20,-20,16,10,15,10,15,-20,9,-20,8,15,21,29,-20,-20,-20,-20,13,8,5,10,13,11,-20,9,19,13,11,16,14,-20,22,-20,20,11,-20,-20,10,-20,13,21,19,15,20,-20,-20,13,8,19,15,11,21,10,10,21,15,-20,18,13,72,67,24,32,-20,15,11,-20,-20,18,15,-20,-20,7,18,-20,3,12,-20,72,35,-20,-20,-20,-20,-20,-20,-20,-20,-20,-20,-20,-20,-20,-20,-20,-20,-20,-20,-20,-20,-20,-20,-20,7,6,13,-20,-20,3,-20,17,-20,-20,6,-20,-20,-20,-20,6,-20,-20,-20,-20,-20,-20,8,-20,9,-20,-20,-20,8,-20,4,-20,-20,-20,3,17,-20,-20,-20,-20,7,-20,-20,6,-20,-20,-20,-20,-20,-20,-20,9,3,66,-20,-20,-20,-20,-20,-20,-20,-20,-20,-20,3,3,9,4,-20,13,-20,-20,-20,-20,-20,7,4,3,5,-20,-20,7,-20,31,-20,-20,-20,-20,7,6,-20,-20,4,-20,-20,11,-20,-20,-20,6,-20,9,-20,-20,-20,-20,8,6,4,-20,-20,-20,89,-20,4,-20,4,-20,5,-20,-20,-20,9,5,-20,3,7,-20,15,-20,3,9,4,-20,8,-20,9,12,-20,-20,-20,11,-20,-20,14,-20,-20,-20,11,-20,-20,7,-20,-20,-20,-20,-20,-20,-20,-20,3,7,-20,-20,3,-20,11,-20,4,3,5,-20,7,8,-20,5,-20,-20,-20,3,-20,-20,11,-20,-20,-20,-20,5,-20,3,6,-20,7,-20,-20,-20,-20,-20,6,-20,-20,-20,-20,-20,-20,7,-20,-20,-20,-20,-20,-20,-20,-20,-20,-20,-20,-20,6,-20,9,15,17,-20,-20,8,-20,4,7,-20,4,-20,13,-20,-20,-20,14,2,23,-20,-20,-20,16,11,-20,-20,-20,-20,-20,5,-20,3,-20,-20,-20,5,-20,20,-20,-20,-20,-20,-20,-20,-20,-20,27,-20,-20,-20,-20,-20,18,3,-20,-20,-20,-20,-20,-20,-20,11,-20,-20,-20,-20,5,24,-20,-20,-20,-20,-20,-20,-20,-20,7,-20,-20,-20,-20,25,14,-20,-20,-20,40,39,-20,38,-20,32,-20,59,-20,17,-20,26,19,24,54,-20,21,5,-20,17,-20,14,4,-20,-20,-20,-20,18,20,36,21,-20,28,-20,11,18,-20,73,13,30,26,17,-20,12,-20,-20,-20,11,-20,-20,-20,-20,-20,5,8,5,-20,-20,-20,8,-20,-20,3,-20,-20,-20,6,-20,-20,-20,-20,15,-20,-20,-20,-20,-20,8,-20,14,-20,7,10,-20,-20,-20,18,-20,-20,-20,-20,-20,-20,7,-20,-20,-20,-20,15,-20,8,-20,-20,10,-20,21,8,-20,6,-20,-20,-20,-20,-20,-20,-20,-20,-20,6,-20,-20,13,4,-20,-20,8,10,-20,6,7,-20,-20,-20,12,-20,-20,-20,-20,-20,-20,-20,-20,10,10,-20,-20,4,4,-20,-20,6,-20,-20,-20,-20,-20,-20,5,-20,6,-20,-20,-20,-20,5,-20,-20,-20,-20,-20,-20,14,-20,-20,-20,-20,3,3,-20,-20,-20,-20,-20,6,4,-20,4,-20,-20,-20,-20,5,-20,-20,12,-20,-20,-20,-20,-20,5,-20,-20,3,-20,-20,-20,-20,-20,-20,-20,-20,-20,-20,-20,-20,-20,-20,-20,-20,-20,-20,16,-20,-20,-20,-20,-20,-20,-20,-20,-20,4,-20,-20,2,-20,-20,-20,-20,4,-20,-20,3,-20,-20,-20,7,-20,5,-20,-20,-20,8,-20,-20,-20,-20,-20,-20,-20,-20,7,3,-20,-20,-20,-20,-20,-20,-20,-20,-20,-20,24,-20,-20,-20,-20,-20,-20,-20,-20,-20,-20,23,-20,-20,14,19,-20,-20,-20,-20,-20,-20,19,-20,-20,-20,8,-20,-20,4,18,-20,-20,-20,10,11,4,-20,5,-20,4,-20,-20,5,-20,4,-20,-20,-20,-20,6,-20,2,-20,6,-20,-20,4,-20,-20,-20,-20,8,-20,-20,6,-20,-20,-20,-20,4,-20,21,-20,-20,-20,-20,-20,7,13,-20,5,-20,-20,-20,-20,-20,-20,6,3,4,-20,-20,-20,11,-20,-20,10,-20,4,-20,-20,-20,-20,-20,-20,7,-20,-20,4,3,-20,7,-20,-20,-20,-20,-20,8,-20,-20,-20,-20,-20,3,-20,-20,-20,-20,-20,-20,5,8,-20,-20,-20,-20,6,-20,-20,-20,11,9,-20,-20,-20,6,-20,-20,-20,-20,-20,-20,-20,-20,-20,-20,-20,-20,-20,-20,-20,-20,-20,-20,-20,-20,-20,-20,-20,5,3,6,-20,-20,-20,-20,-20,-20,-20,-20,-20,-20,-20,9,4,-20,-20,-20,-20,-20,-20,-20,-20,-20,-20,5,-20,-20,-20,-20,-20,-20,-20,-20,-20,-20,-20,-20,-20,-20,-20,5,-20,-20,-20,-20,-20,24,-20,-20,-20,16,-20,-20,56,-20,-20,-20,-20,-20,-20,-20,-20,-20
"chr1,16766324",-20,-20,-20,-20,9,-20,-20,-20,-20,-20,-20,-20,-20,-20,-20,-20,34,-20,-20,-20,-20,-20,-20,-20,-20,20,-20,-20,-20,-20,-20,-20,14,-20,-20,-20,-20,-20,-20,-20,-20,-20,14,13,20,-20,-20,58,-20,14,13,-20,-20,-20,-20,25,68,-20,-20,-20,-20,-20,-20,20,-20,-20,-20,-20,-20,-20,-20,-20,16,-20,-20,-20,-20,-20,-20,-20,7,-20,-20,3,8,-20,-20,-20,-20,-20,-20,-20,-20,-20,-20,-20,-20,-20,-20,-20,-20,-20,-20,4,-20,-20,-20,-20,-20,-20,-20,-20,-20,-20,-20,-20,-20,-20,-20,11,8,-20,11,-20,-20,-20,-20,-20,-20,-20,-20,4,-20,-20,-20,-20,-20,-20,-20,-20,6,-20,13,-20,-20,-20,-20,24,-20,10,-20,11,7,12,44,-20,9,-20,-20,-20,-20,-20,-20,-20,-20,-20,-20,-20,-20,9,42,-20,23,-20,7,31,-20,9,-20,62,17,-20,18,4,21,9,17,-20,-20,10,14,20,-20,3,7,20,7,13,-20,-20,-20,12,-20,16,23,11,-20,47,-20,-20,-20,-20,29,-20,14,12,-20,-20,15,-20,17,10,10,-20,10,-20,9,17,-20,28,-20,-20,-20,-20,12,12,-20,14,14,15,-20,8,17,10,12,-20,13,-20,25,-20,26,-20,-20,-20,10,-20,13,25,21,15,17,-20,-20,15,10,-20,13,9,19,10,7,22,14,-20,14,12,70,60,19,27,-20,14,13,-20,-20,24,18,-20,-20,8,18,-20,3,14,-20,67,45,-20,-20,-20,-20,-20,-20,-20,-20,-20,-20,-20,-20,-20,-20,-20,-20,-20,-20,-20,-20,-20,-20,-20,-20,6,14,-20,-20,-20,-20,21,-20,-20,-20,-20,-20,-20,-20,-20,-20,-20,-20,-20,-20,-20,-20,-20,7,-20,-20,3,-20,-20,-20,-20,-20,-20,-20,16,-20,-20,5,-20,-20,-20,-20,6,-20,-20,-20,-20,-20,-20,-20,13,-20,65,-20,-20,-20,9,-20,-20,-20,-20,-20,-20,4,-20,-20,7,-20,9,-20,-20,-20,-20,-20,6,-20,-20,-20,-20,-20,-20,-20,27,-20,-20,-20,-20,7,-20,-20,-20,4,-20,-20,-20,-20,-20,-20,6,-20,11,-20,-20,-20,-20,7,8,-20,-20,-20,-20,91,-20,3,-20,3,-20,3,-20,-20,-20,8,5,-20,-20,5,-20,15,-20,-20,9,-20,-20,-20,-20,8,11,-20,-20,-20,9,-20,-20,11,-20,-20,-20,11,-20,-20,7,-20,-20,-20,-20,-20,-20,-20,-20,-20,7,-20,-20,-20,-20,8,-20,-20,8,-20,-20,8,6,-20,9,-20,-20,-20,3,-20,-20,11,-20,-20,-20,-20,5,-20,-20,-20,-20,6,-20,-20,-20,-20,-20,-20,-20,-20,-20,-20,-20,-20,-20,-20,-20,-20,-20,-20,-20,-20,-20,-20,-20,-20,-20,-20,-20,-20,16,22,-20,-20,5,3,6,6,-20,5,-20,17,-20,-20,-20,13,4,-20,-20,-20,-20,14,9,-20,-20,-20,-20,-20,-20,-20,5,-20,-20,-20,-20,-20,20,-20,-20,-20,-20,-20,-20,-20,-20,27,-20,-20,-20,-20,-20,-20,-20,-20,-20,-20,-20,-20,-20,-20,-20,-20,-20,-20,-20,-20,-20,-20,-20,-20,-20,-20,-20,-20,-20,-20,-20,-20,-20,-20,25,8,17,-20,-20,46,30,-20,34,20,-20,-20,61,-20,14,-20,28,17,22,58,-20,24,5,16,18,-20,14,4,8,3,-20,-20,20,19,36,22,-20,30,-20,9,15,-20,82,18,32,30,15,-20,13,-20,12,-20,9,-20,-20,-20,-20,-20,-20,8,-20,-20,-20,-20,-20,-20,-20,3,-20,-20,-20,6,-20,-20,-20,-20,17,-20,-20,-20,-20,-20,6,-20,15,-20,-20,10,-20,-20,-20,17,-20,-20,-20,-20,-20,-20,-20,-20,-20,-20,-20,-20,-20,-20,-20,-20,9,-20,17,-20,-20,-20,-20,-20,-20,-20,-20,-20,-20,-20,-20,6,-20,-20,15,-20,-20,-20,8,11,-20,-20,-20,-20,-20,-20,12,-20,-20,-20,-20,-20,-20,-20,-20,10,8,-20,-20,-20,-20,-20,-20,5,-20,-20,-20,-20,-20,-20,-20,-20,6,-20,-20,-20,-20,-20,-20,-20,-20,-20,-20,-20,13,-20,-20,-20,-20,-20,3,-20,-20,-20,-20,-20,6,3,-20,4,-20,-20,-20,-20,5,-20,-20,12,-20,-20,-20,-20,-20,-20,-20,-20,-20,-20,-20,-20,-20,-20,-20,-20,-20,-20,-20,-20,-20,-20,-20,-20,-20,-20,-20,-20,-20,-20,-20,-20,-20,-20,-20,-20,-20,3,-20,-20,2,-20,-20,-20,-20,4,-20,-20,-20,-20,-20,-20,-20,-20,5,-20,-20,-20,8,-20,-20,-20,-20,-20,-20,-20,-20,4,-20,-20,-20,-20,-20,-20,-20,-20,-20,-20,-20,27,-20,-20,-20,-20,-20,-20,-20,-20,-20,-20,22,-20,-20,14,18,-20,-20,-20,-20,-20,-20,19,-20,-20,-20,-20,-20,-20,3,16,-20,-20,-20,10,-20,-20,-20,4,-20,-20,-20,-20,-20,-20,3,-20,-20,-20,-20,6,-20,2,-20,-20,-20,-20,4,-20,-20,-20,-20,-20,-20,-20,-20,-20,-20,-20,-20,-20,-20,18,-20,-20,-20,-20,-20,7,11,-20,5,-20,-20,-20,-20,-20,-20,4,-20,-20,-20,-20,-20,11,-20,-20,9,-20,4,-20,-20,-20,-20,-20,-20,8,-20,-20,3,-20,-20,7,-20,-20,-20,-20,-20,8,-20,-20,-20,-20,-20,-20,-20,-20,-20,-20,-20,-20,-20,-20,-20,-20,-20,-20,6,3,-20,-20,11,-20,-20,-20,-20,-20,-20,5,-20,4,-20,-20,-20,-20,-20,7,-20,3,-20,-20,-20,-20,2,-20,3,-20,-20,-20,-20,-20,-20,7,-20,-20,-20,-20,-20,-20,-20,6,-20,-20,-20,6,8,5,-20,-20,-20,-20,-20,-20,-20,8,-20,4,-20,-20,5,6,-20,4,-20,-20,7,-20,2,-20,-20,-20,-20,3,-20,-20,-20,-20,-20,30,-20,-20,-20,-20,-20,-20,-20,-20,-20,-20,-20,-20,-20,-20,-20,-20
"chr1,16766329",-20,-20,-20,-20,10,-20,-20,-20,-20,-20,-20,-20,-20,-20,-20,-20,33,-20,46,59,37,-20,40,23,53,19,20,-20,-20,-20,6,-20,11,7,49,49,24,20,-20,8,-20,20,13,11,17,43,-20,54,11,13,11,29,38,16,20,26,71,23,23,20,28,25,29,19,23,15,20,37,37,5,30,18,16,29,24,49,16,7,-20,10,7,-20,-20,3,7,28,27,33,25,-20,-20,-20,27,-20,24,-20,7,35,7,43,22,30,-20,4,25,35,-20,-20,-20,-20,13,-20,35,26,-20,-20,34,9,-20,11,7,9,7,-20,38,-20,-20,41,7,-20,18,4,-20,-20,39,45,35,-20,-20,5,6,-20,13,-20,32,-20,-20,24,-20,8,-20,11,-20,10,43,-20,8,12,51,12,-20,-20,-20,-20,-20,-20,-20,-20,-20,8,46,48,16,16,7,28,11,8,10,59,15,-20,15,4,23,8,19,19,-20,10,13,20,-20,3,8,21,7,11,24,-20,-20,12,16,17,21,9,22,42,-20,19,29,24,28,17,14,12,38,8,15,-20,17,9,10,30,9,9,7,17,19,28,43,17,29,30,11,11,6,14,15,14,20,8,17,8,14,15,12,24,24,14,26,11,9,-20,9,9,13,24,22,15,17,17,19,14,10,19,12,8,18,10,7,22,14,22,13,12,70,57,19,29,9,15,14,16,-20,25,17,-20,4,-20,17,15,-20,14,33,63,43,-20,-20,-20,15,-20,-20,-20,6,34,24,-20,35,47,35,32,30,31,-20,7,-20,-20,-20,-20,-20,6,13,8,-20,-20,-20,19,7,7,5,-20,-20,-20,29,-20,-20,23,-20,-20,-20,13,9,-20,7,-20,-20,-20,7,5,-20,5,4,5,-20,15,-20,-20,5,-20,5,5,-20,10,-20,-20,-20,-20,-20,-20,-20,12,-20,64,-20,-20,-20,9,-20,-20,-20,-20,-20,-20,7,-20,-20,10,-20,8,-20,-20,4,-20,-20,5,5,-20,-20,-20,-20,5,-20,31,-20,5,-20,4,10,7,-20,-20,4,-20,-20,10,-20,-20,4,5,-20,11,-20,5,-20,-20,12,9,-20,5,-20,-20,93,-20,3,7,-20,-20,3,-20,-20,4,9,5,-20,3,5,-20,12,-20,-20,14,5,-20,9,-20,8,7,-20,-20,-20,10,-20,-20,14,-20,-20,-20,13,-20,-20,7,10,-20,5,-20,-20,-20,39,21,-20,-20,-20,-20,2,-20,8,-20,5,10,6,-20,9,6,5,11,-20,-20,-20,-20,-20,5,11,-20,32,-20,-20,5,7,3,7,9,5,8,38,27,40,39,9,21,28,5,-20,34,28,7,-20,25,-20,-20,20,10,-20,-20,16,-20,-20,-20,3,-20,13,13,21,4,7,3,-20,6,-20,11,5,-20,18,-20,-20,-20,12,-20,27,-20,-20,19,14,9,-20,-20,-20,-20,-20,-20,-20,6,9,12,-20,5,7,17,14,22,11,33,36,-20,-20,25,25,19,6,20,-20,-20,18,-20,8,9,-20,10,-20,7,-20,11,15,10,12,-20,-20,23,-20,7,-20,-20,19,9,-20,9,8,8,5,6,14,24,8,16,32,21,44,28,35,34,17,29,-20,60,22,14,16,29,17,19,53,32,23,5,15,18,65,13,4,8,-20,16,44,20,19,35,22,26,30,45,8,14,11,85,18,30,29,13,7,13,13,12,11,7,-20,9,-20,9,7,6,7,5,11,6,13,5,18,-20,3,7,7,11,6,7,11,6,12,15,10,10,9,8,-20,6,6,15,-20,8,9,5,-20,14,17,-20,-20,13,9,9,13,5,-20,11,7,9,17,7,9,9,11,8,10,17,8,7,6,12,5,-20,18,5,13,8,8,10,5,11,-20,14,-20,10,11,7,11,8,5,8,14,16,13,12,-20,-20,-20,5,9,7,-20,6,10,8,-20,6,5,5,6,5,5,7,6,-20,8,-20,6,3,-20,6,-20,8,-20,-20,5,10,6,-20,-20,-20,-20,14,5,-20,-20,-20,-20,3,7,-20,5,-20,-20,6,3,-20,4,-20,6,-20,6,5,5,5,11,-20,-20,-20,-20,-20,4,-20,-20,-20,-20,-20,-20,6,11,-20,-20,-20,8,7,5,7,8,-20,5,5,8,-20,13,7,9,10,7,-20,5,7,4,-20,3,13,-20,2,-20,-20,7,-20,4,8,7,-20,8,6,-20,10,6,5,-20,5,5,8,-20,-20,5,-20,-20,-20,-20,8,4,-20,4,-20,-20,6,-20,-20,-20,7,15,7,25,15,14,7,11,8,6,11,13,6,4,21,7,13,12,16,9,16,8,6,5,5,18,-20,18,13,8,9,8,3,15,-20,11,9,10,12,5,8,4,9,4,-20,-20,-20,-20,3,-20,-20,-20,-20,6,-20,-20,-20,7,-20,-20,3,4,11,-20,-20,6,6,6,7,6,6,8,5,-20,4,17,4,-20,-20,-20,-20,7,11,-20,5,-20,-20,-20,-20,-20,-20,4,-20,5,-20,-20,-20,11,-20,-20,10,-20,4,-20,6,5,-20,-20,-20,9,-20,5,3,-20,22,7,-20,5,-20,-20,-20,8,8,6,9,-20,-20,-20,-20,-20,-20,16,-20,-20,4,8,6,7,9,-20,6,-20,6,-20,11,8,5,11,9,8,10,6,-20,4,-20,-20,-20,6,-20,7,-20,-20,3,-20,-20,-20,3,-20,-20,-20,-20,-20,-20,-20,5,5,-20,3,-20,-20,-20,-20,-20,5,-20,-20,-20,7,8,-20,4,-20,-20,-20,-20,-20,-20,8,5,-20,-20,-20,5,-20,-20,4,-20,-20,-20,-20,-20,4,-20,-20,-20,2,-20,-20,-20,5,11,-20,-20,7,-20,13,17,27,38,35,23,79,59,31,28,32,42,41
"chr1,16766343",-20,-20,-20,-20,11,-20,-20,-20,-20,-20,-20,-20,-20,-20,-20,-20,-20,-20,-20,-20,-20,-20,-20,-20,-20,-20,-20,-20,-20,-20,-20,-20,-20,-20,-20,-20,-20,-20,-20,-20,-20,-20,-20,-20,-20,-20,-20,52,-20,-20,-20,-20,-20,-20,-20,27,76,-20,-20,-20,-20,-20,-20,-20,-20,-20,-20,-20,-20,-20,-20,-20,-20,-20,-20,-20,-20,-20,-20,-20,-20,-20,-20,-20,-20,-20,-20,-20,-20,-20,-20,-20,-20,-20,-20,-20,-20,-20,-20,-20,-20,-20,-20,-20,-20,-20,-20,-20,-20,-20,-20,-20,-20,-20,-20,-20,-20,-20,-20,13,-20,-20,8,-20,-20,-20,-20,-20,-20,-20,-20,4,-20,-20,-20,-20,-20,-20,-20,-20,6,-20,11,-20,-20,-20,-20,-20,-20,9,-20,-20,-20,9,49,-20,7,-20,-20,-20,-20,-20,-20,-20,-20,-20,-20,-20,-20,10,45,-20,16,-20,7,31,-20,-20,-20,-20,15,-20,-20,5,14,-20,-20,-20,-20,-20,-20,-20,-20,-20,10,18,-20,13,-20,-20,-20,10,-20,18,27,-20,-20,42,-20,-20,-20,-20,-20,-20,-20,-20,-20,-20,15,-20,-20,-20,-20,-20,-20,-20,-20,-20,-20,26,-20,-20,-20,-20,6,-20,-20,12,16,16,-20,-20,16,-20,15,-20,11,-20,-20,-20,27,-20,-20,-20,-20,-20,15,21,21,18,-20,-20,-20,-20,-20,-20,-20,-20,-20,-20,-20,-20,-20,-20,18,12,58,-20,17,29,-20,11,14,-20,-20,28,-20,-20,-20,-20,-20,-20,-20,-20,-20,-20,-20,-20,-20,-20,-20,-20,-20,-20,-20,-20,-20,-20,-20,-20,-20,-20,-20,-20,-20,-20,-20,-20,-20,-20,-20,-20,11,-20,-20,-20,3,21,-20,-20,-20,-20,-20,-20,-20,-20,-20,-20,-20,-20,-20,-20,-20,-20,-20,-20,-20,-20,-20,-20,-20,-20,-20,-20,-20,16,-20,-20,-20,-20,-20,-20,-20,9,-20,-20,-20,-20,-20,-20,-20,11,-20,65,-20,-20,-20,5,-20,-20,-20,-20,-20,-20,7,-20,-20,26,-20,3,-20,-20,-20,-20,-20,-20,-20,-20,-20,-20,-20,-20,-20,27,-20,-20,-20,-20,9,-20,-20,-20,-20,-20,-20,-20,-20,-20,-20,-20,-20,9,-20,-20,-20,-20,11,9,-20,-20,-20,-20,91,-20,4,-20,4,-20,-20,-20,-20,-20,7,-20,-20,-20,8,-20,10,-20,-20,-20,-20,-20,-20,-20,11,8,-20,-20,-20,12,-20,-20,5,-20,-20,-20,11,-20,-20,7,-20,-20,-20,-20,-20,-20,-20,-20,-20,4,-20,-20,-20,-20,11,-20,-20,17,-20,-20,5,7,-20,7,-20,-20,-20,-20,-20,-20,9,-20,-20,-20,-20,-20,-20,-20,-20,-20,6,-20,-20,-20,-20,-20,-20,-20,-20,-20,-20,-20,-20,-20,-20,-20,-20,-20,-20,-20,-20,-20,-20,-20,-20,-20,-20,-20,-20,-20,-20,-20,-20,-20,-20,5,8,-20,-20,-20,20,-20,-20,-20,12,-20,-20,-20,-20,-20,-20,8,-20,-20,-20,-20,-20,-20,-20,7,-20,-20,-20,-20,-20,-20,-20,-20,-20,-20,-20,-20,-20,-20,26,-20,-20,-20,-20,-20,-20,-20,-20,-20,-20,-20,-20,-20,-20,-20,-20,-20,-20,-20,-20,-20,-20,-20,-20,-20,-20,-20,-20,-20,-20,-20,-20,-20,-20,22,11,18,-20,-20,40,-20,-20,32,-20,-20,-20,58,-20,-20,-20,27,13,-20,-20,-20,-20,7,-20,19,39,17,3,-20,-20,-20,-20,19,-20,36,21,-20,-20,-20,-20,-20,-20,80,19,-20,-20,-20,-20,12,-20,-20,-20,-20,-20,-20,-20,-20,-20,-20,-20,-20,-20,-20,-20,-20,-20,-20,-20,-20,-20,-20,-20,-20,-20,-20,-20,16,-20,-20,-20,-20,-20,-20,-20,17,-20,-20,-20,-20,-20,-20,17,-20,-20,-20,-20,-20,-20,-20,-20,-20,-20,-20,-20,-20,-20,-20,-20,-20,-20,16,-20,-20,-20,-20,-20,-20,-20,-20,-20,-20,-20,-20,-20,-20,-20,10,-20,-20,-20,-20,-20,-20,-20,-20,-20,-20,-20,10,-20,-20,-20,-20,-20,-20,-20,-20,-20,-20,-20,-20,-20,-20,-20,-20,-20,-20,-20,-20,-20,-20,-20,-20,-20,-20,-20,-20,-20,-20,-20,-20,-20,-20,-20,-20,-20,16,-20,-20,-20,-20,-20,-20,-20,-20,-20,-20,-20,-20,-20,-20,-20,-20,-20,-20,-20,-20,-20,-20,-20,-20,-20,-20,-20,-20,-20,-20,-20,-20,-20,-20,-20,-20,-20,-20,-20,-20,-20,-20,-20,-20,-20,-20,-20,-20,-20,-20,-20,-20,-20,-20,-20,-20,-20,-20,-20,-20,-20,-20,-20,-20,-20,-20,-20,-20,-20,-20,-20,-20,-20,-20,-20,-20,-20,-20,-20,-20,-20,-20,-20,-20,-20,-20,-20,-20,-20,-20,-20,-20,-20,-20,-20,-20,-20,-20,-20,-20,-20,-20,24,-20,-20,-20,-20,-20,-20,-20,-20,-20,-20,19,-20,-20,-20,14,-20,-20,-20,-20,-20,-20,15,-20,-20,-20,-20,-20,-20,-20,16,-20,-20,-20,-20,-20,-20,-20,-20,-20,-20,-20,-20,-20,-20,-20,-20,-20,-20,-20,4,-20,-20,-20,-20,-20,-20,-20,-20,-20,-20,-20,-20,-20,-20,-20,-20,-20,-20,-20,-20,-20,16,-20,-20,-20,-20,-20,6,8,-20,-20,-20,-20,-20,-20,-20,-20,-20,-20,-20,-20,-20,-20,10,-20,-20,10,-20,-20,-20,-20,-20,-20,-20,-20,9,-20,-20,-20,-20,-20,-20,-20,-20,-20,-20,-20,-20,-20,-20,-20,-20,-20,-20,-20,-20,-20,-20,-20,-20,-20,-20,-20,-20,-20,-20,6,-20,-20,-20,12,-20,-20,-20,-20,-20,-20,-20,-20,-20,-20,-20,-20,5,-20,-20,-20,-20,3,-20,7,-20,2,-20,-20,3,-20,4,5,-20,6,5,-20,-20,-20,3,-20,-20,5,-20,-20,-20,-20,-20,10,-20,3,-20,7,4,-20,-20,3,4,13,-20,3,-20,2,-20,-20,-20,4,-20,-20,-20,-20,-20,-20,-20,-20,-20,-20,-20,6,-20,-20,-20,-20,-20,-20,-20,-20,-20,-20,-20,-20,-20,-20,-20,-20,-20,-20,-20
"chr1,16766351",-20,-20,-20,-20,12,-20,-20,-20,-20,-20,-20,-20,-20,-20,-20,-20,-20,-20,-20,-20,22,-20,-20,-20,-20,-20,-20,-20,-20,-20,-20,-20,-20,-20,-20,-20,-20,-20,11,6,-20,14,-20,-20,-20,26,-20,52,10,-20,-20,14,21,10,-20,26,75,-20,-20,-20,-20,-20,-20,-20,-20,-20,-20,-20,-20,-20,-20,-20,10,-20,15,-20,-20,5,-20,6,-20,-20,-20,-20,-20,-20,-20,-20,-20,-20,-20,-20,-20,-20,-20,-20,5,-20,-20,-20,-20,-20,-20,-20,-20,-20,-20,-20,-20,-20,8,-20,-20,-20,-20,-20,-20,5,-20,14,-20,6,8,-20,-20,-20,-20,-20,-20,-20,-20,3,-20,-20,-20,-20,-20,-20,-20,4,6,-20,13,-20,-20,-20,-20,-20,-20,12,-20,-20,-20,9,49,-20,9,-20,18,-20,-20,-20,-20,-20,-20,-20,-20,-20,-20,14,51,34,20,-20,7,25,-20,-20,-20,29,14,-20,-20,6,13,-20,-20,-20,-20,-20,-20,18,-20,-20,10,20,-20,13,-20,-20,-20,10,-20,16,27,-20,-20,40,-20,14,-20,15,-20,10,-20,-20,-20,-20,16,4,-20,-20,-20,17,-20,-20,-20,-20,13,32,27,11,19,-20,5,-20,-20,14,19,16,12,-20,17,-20,14,8,11,-20,-20,9,26,-20,4,-20,-20,-20,15,21,18,17,-20,-20,-20,-20,-20,11,-20,-20,-20,-20,-20,-20,-20,14,22,11,50,-20,21,35,-20,12,13,12,-20,26,-20,-20,-20,-20,-20,11,-20,-20,-20,-20,-20,-20,-20,-20,10,-20,-20,-20,5,-20,-20,-20,-20,25,-20,-20,-20,-20,-20,-20,-20,-20,-20,-20,-20,-20,-20,-20,-20,-20,3,19,-20,-20,-20,-20,-20,-20,-20,-20,-20,17,-20,-20,-20,7,-20,-20,-20,-20,-20,-20,-20,-20,-20,-20,-20,-20,3,16,-20,-20,-20,-20,-20,-20,-20,10,-20,-20,-20,-20,-20,-20,-20,11,-20,59,-20,-20,-20,6,-20,-20,-20,-20,-20,-20,7,-20,-20,26,-20,3,-20,-20,-20,-20,-20,-20,-20,-20,-20,-20,-20,-20,-20,26,-20,-20,-20,-20,8,-20,-20,-20,-20,-20,-20,-20,-20,-20,-20,-20,-20,8,-20,-20,-20,-20,11,8,-20,-20,-20,-20,88,-20,4,-20,-20,-20,-20,-20,-20,-20,7,-20,-20,-20,8,-20,10,-20,-20,13,-20,-20,-20,-20,11,8,-20,-20,-20,12,-20,-20,5,-20,-20,-20,11,-20,-20,7,-20,-20,-20,-20,-20,-20,-20,-20,-20,4,-20,-20,-20,-20,11,-20,-20,17,-20,-20,5,7,-20,7,-20,-20,-20,-20,-20,-20,10,-20,-20,-20,-20,-20,-20,-20,-20,6,7,6,-20,-20,-20,-20,5,-20,-20,-20,-20,-20,-20,-20,-20,-20,-20,-20,14,-20,-20,-20,-20,-20,-20,-20,-20,-20,-20,-20,-20,-20,-20,-20,-20,4,10,-20,-20,-20,19,-20,-20,-20,12,-20,15,-20,-20,9,-20,9,-20,-20,-20,-20,-20,-20,-20,7,-20,-20,-20,-20,-20,-20,-20,14,7,-20,-20,-20,-20,-20,14,15,5,14,-20,-20,9,-20,-20,5,-20,7,-20,5,-20,5,7,6,6,-20,-20,11,-20,5,-20,-20,9,5,-20,5,4,-20,-20,5,11,20,11,18,16,14,42,-20,19,28,10,15,-20,54,15,-20,10,25,14,-20,-20,18,-20,5,-20,20,39,16,4,-20,-20,-20,29,19,-20,37,21,16,-20,-20,-20,-20,-20,77,17,-20,-20,-20,-20,13,-20,8,5,-20,-20,5,-20,-20,-20,-20,-20,-20,6,5,8,-20,10,8,-20,-20,5,8,-20,-20,-20,-20,6,17,-20,-20,-20,6,-20,-20,-20,19,-20,5,-20,-20,-20,7,16,-20,-20,7,-20,5,-20,-20,-20,-20,7,5,7,-20,-20,6,7,-20,9,15,4,-20,-20,-20,-20,-20,11,-20,-20,-20,7,-20,-20,-20,5,12,-20,-20,10,-20,6,-20,-20,6,-20,14,-20,11,-20,-20,-20,-20,7,5,-20,5,-20,-20,-20,-20,-20,-20,-20,-20,-20,5,6,-20,6,-20,-20,-20,-20,-20,-20,7,-20,-20,4,8,6,-20,-20,-20,-20,18,-20,-20,-20,-20,-20,-20,5,-20,-20,-20,-20,-20,-20,-20,-20,-20,-20,-20,-20,-20,-20,-20,-20,-20,-20,-20,-20,-20,-20,-20,-20,-20,-20,-20,-20,-20,7,-20,-20,-20,-20,-20,-20,5,6,-20,-20,-20,5,-20,9,-20,-20,5,-20,-20,5,-20,-20,-20,-20,10,-20,-20,-20,-20,6,-20,-20,6,-20,-20,-20,-20,-20,6,5,-20,-20,-20,-20,5,-20,-20,-20,-20,-20,-20,-20,6,-20,-20,-20,-20,-20,-20,-20,-20,-20,-20,11,-20,24,12,12,-20,5,6,5,7,8,-20,-20,19,6,10,-20,15,5,8,5,4,-20,5,17,-20,13,9,-20,5,-20,-20,14,-20,8,7,-20,-20,-20,5,-20,7,-20,-20,-20,-20,-20,-20,-20,-20,-20,-20,-20,-20,-20,-20,-20,-20,-20,-20,-20,6,-20,-20,-20,5,5,-20,-20,-20,-20,-20,-20,-20,17,-20,-20,-20,-20,-20,6,6,-20,-20,-20,-20,-20,-20,-20,-20,-20,-20,-20,-20,-20,-20,9,-20,-20,11,-20,-20,-20,-20,-20,-20,-20,-20,8,-20,4,-20,-20,16,-20,-20,-20,-20,-20,-20,6,6,-20,8,-20,-20,-20,-20,-20,-20,10,-20,-20,-20,-20,-20,-20,-20,-20,-20,-20,-20,-20,13,-20,-20,6,-20,5,-20,11,-20,-20,-20,-20,4,6,4,12,-20,3,3,4,9,3,2,-20,-20,5,-20,6,5,3,6,4,-20,-20,-20,6,-20,-20,6,6,4,-20,-20,13,8,-20,4,3,10,4,-20,-20,3,3,15,3,4,3,5,-20,3,-20,5,5,-20,-20,-20,4,-20,-20,-20,-20,-20,-20,6,-20,-20,-20,-20,-20,5,6,11,20,29,23,-20,53,29,18,15,25,23,25
"chr1,16766365",-20,-20,-20,-20,9,-20,-20,-20,-20,-20,-20,-20,-20,-20,-20,-20,-20,-20,-20,-20,-20,-20,-20,-20,-20,-20,-20,-20,-20,-20,-20,-20,-20,-20,-20,-20,-20,-20,-20,-20,-20,-20,-20,-20,-20,-20,-20,53,-20,-20,-20,-20,-20,-20,-20,27,81,-20,-20,-20,-20,-20,-20,-20,-20,-20,-20,-20,-20,-20,-20,-20,-20,-20,-20,-20,-20,-20,-20,-20,-20,-20,-20,-20,-20,-20,-20,-20,-20,-20,-20,-20,-20,-20,-20,-20,-20,-20,-20,-20,-20,-20,-20,-20,-20,-20,-20,-20,-20,-20,-20,-20,-20,-20,-20,-20,-20,-20,-20,11,-20,-20,-20,-20,-20,-20,-20,-20,-20,-20,-20,-20,-20,-20,-20,-20,-20,-20,-20,-20,7,-20,14,-20,-20,-20,-20,-20,-20,9,-20,-20,-20,7,49,-20,6,-20,-20,-20,-20,-20,-20,-20,-20,-20,-20,-20,-20,14,41,-20,22,-20,8,28,-20,-20,-20,-20,17,-20,-20,4,15,-20,-20,-20,-20,-20,-20,-20,-20,-20,14,20,-20,6,-20,-20,-20,15,-20,18,30,-20,-20,50,-20,-20,-20,-20,-20,-20,-20,-20,-20,-20,16,-20,-20,-20,-20,-20,-20,-20,-20,-20,-20,38,-20,-20,-20,-20,4,-20,-20,15,17,14,-20,-20,20,-20,16,-20,14,-20,-20,-20,31,-20,-20,-20,-20,-20,14,17,18,21,-20,-20,-20,-20,-20,-20,-20,-20,-20,-20,-20,-20,-20,-20,27,10,55,-20,22,38,-20,20,12,-20,-20,25,-20,-20,-20,-20,-20,-20,-20,-20,-20,-20,-20,-20,-20,-20,-20,-20,-20,-20,-20,-20,-20,-20,-20,-20,-20,-20,-20,-20,-20,-20,-20,5,-20,-20,-20,-20,11,-20,-20,-20,3,15,-20,-20,-20,-20,-20,-20,-20,-20,-20,-20,-20,-20,-20,-20,-20,-20,-20,-20,-20,-20,-20,-20,-20,-20,-20,-20,-20,12,-20,-20,-20,-20,-20,-20,-20,12,-20,-20,-20,-20,-20,-20,-20,13,-20,61,-20,-20,-20,5,-20,-20,-20,-20,-20,3,15,-20,-20,27,-20,8,-20,-20,-20,-20,-20,-20,-20,-20,-20,-20,-20,-20,-20,18,-20,-20,-20,-20,13,-20,-20,-20,-20,-20,-20,-20,-20,-20,-20,-20,-20,6,-20,-20,-20,-20,14,9,-20,-20,-20,-20,93,-20,-20,-20,6,-20,-20,-20,-20,-20,6,-20,-20,-20,20,-20,13,-20,-20,21,-20,-20,-20,-20,13,7,-20,-20,-20,20,-20,-20,12,-20,-20,-20,14,-20,-20,7,-20,-20,-20,-20,-20,-20,-20,-20,-20,6,-20,-20,-20,-20,11,-20,-20,22,-20,-20,8,16,-20,8,-20,-20,-20,-20,-20,-20,12,-20,-20,-20,-20,-20,-20,-20,-20,-20,8,-20,-20,-20,-20,-20,-20,-20,-20,-20,-20,-20,-20,-20,-20,-20,-20,-20,-20,-20,-20,-20,-20,-20,-20,-20,-20,-20,-20,-20,-20,-20,-20,-20,-20,5,9,-20,-20,-20,20,-20,-20,-20,9,-20,-20,-20,-20,-20,-20,7,-20,-20,-20,-20,-20,-20,-20,8,-20,-20,-20,-20,-20,-20,-20,-20,-20,-20,-20,-20,-20,-20,13,-20,-20,-20,-20,-20,-20,-20,-20,-20,-20,-20,-20,-20,-20,-20,-20,-20,-20,-20,-20,-20,-20,-20,-20,-20,-20,-20,-20,-20,-20,-20,-20,-20,-20,23,14,16,-20,-20,43,-20,-20,30,-20,-20,-20,49,-20,6,-20,30,14,-20,-20,-20,-20,5,-20,21,70,15,5,-20,-20,-20,-20,20,-20,32,20,-20,-20,-20,-20,-20,-20,78,21,-20,-20,-20,-20,14,-20,-20,-20,-20,-20,-20,-20,-20,-20,-20,-20,-20,-20,-20,-20,-20,-20,-20,-20,-20,-20,-20,-20,-20,-20,-20,-20,15,-20,-20,-20,-20,-20,-20,-20,15,-20,-20,-20,-20,-20,-20,16,-20,-20,-20,-20,-20,-20,-20,-20,-20,-20,-20,-20,-20,-20,-20,-20,-20,-20,13,-20,-20,-20,-20,-20,-20,-20,-20,-20,-20,-20,-20,-20,-20,-20,12,-20,-20,-20,-20,-20,-20,4,-20,-20,-20,-20,12,-20,-20,-20,-20,-20,-20,-20,-20,-20,-20,-20,-20,-20,-20,-20,-20,-20,-20,-20,-20,-20,-20,-20,-20,-20,-20,-20,-20,-20,-20,-20,-20,-20,-20,-20,-20,-20,16,-20,-20,-20,-20,-20,-20,-20,-20,-20,-20,-20,-20,-20,-20,-20,-20,-20,-20,-20,-20,-20,-20,-20,-20,-20,-20,-20,-20,-20,-20,-20,-20,-20,-20,-20,-20,-20,-20,-20,-20,-20,-20,-20,-20,-20,-20,-20,-20,-20,-20,-20,-20,-20,-20,-20,-20,-20,-20,-20,-20,-20,-20,-20,-20,-20,-20,-20,-20,-20,-20,-20,-20,-20,-20,-20,-20,-20,-20,-20,-20,-20,-20,-20,-20,-20,-20,-20,-20,-20,-20,-20,-20,-20,-20,-20,-20,-20,-20,-20,-20,-20,-20,23,-20,-20,-20,-20,-20,-20,-20,-20,-20,-20,16,-20,-20,-20,16,-20,-20,-20,-20,-20,-20,17,-20,-20,-20,-20,-20,-20,-20,16,-20,-20,-20,-20,-20,-20,-20,-20,-20,-20,-20,-20,-20,-20,-20,-20,-20,-20,-20,-20,-20,-20,-20,-20,-20,-20,-20,-20,-20,-20,-20,-20,-20,-20,-20,-20,-20,-20,-20,-20,-20,17,-20,-20,-20,-20,-20,8,5,-20,-20,-20,-20,-20,-20,-20,-20,-20,-20,-20,-20,-20,-20,9,-20,-20,11,-20,-20,-20,-20,3,-20,-20,-20,7,-20,-20,-20,-20,-20,-20,-20,-20,-20,-20,-20,-20,-20,-20,-20,-20,-20,-20,-20,-20,-20,-20,-20,-20,-20,-20,-20,-20,-20,-20,6,-20,-20,-20,10,-20,-20,-20,-20,-20,-20,14,3,-20,5,-20,5,-20,3,10,-20,5,-20,8,14,-20,4,-20,6,4,5,-20,6,4,7,-20,-20,-20,-20,13,3,-20,8,11,5,-20,-20,17,7,5,7,6,16,-20,-20,-20,4,5,13,7,4,5,3,7,-20,7,5,6,-20,-20,6,5,4,-20,-20,3,6,-20,8,-20,-20,-20,-20,-20,-20,-20,-20,-20,-20,-20,-20,-20,-20,-20,-20,-20,-20,-20
"chr1,16766383",-20,-20,-20,-20,8,-20,-20,-20,-20,-20,-20,-20,-20,-20,-20,-20,-20,-20,-20,-20,-20,-20,-20,-20,-20,-20,-20,-20,-20,-20,-20,-20,-20,-20,-20,-20,-20,-20,-20,-20,-20,-20,-20,-20,-20,-20,-20,55,-20,-20,-20,-20,-20,-20,-20,22,71,-20,-20,-20,-20,-20,-20,-20,-20,-20,-20,-20,-20,-20,-20,-20,-20,-20,-20,-20,-20,-20,-20,-20,-20,-20,-20,-20,-20,-20,-20,-20,-20,-20,-20,-20,-20,-20,-20,-20,-20,-20,-20,-20,-20,-20,-20,-20,-20,-20,-20,-20,-20,-20,-20,-20,-20,-20,-20,-20,-20,-20,-20,11,-20,-20,4,-20,-20,-20,-20,-20,-20,-20,-20,-20,-20,-20,-20,-20,-20,-20,-20,-20,6,-20,15,-20,-20,-20,-20,-20,-20,8,-20,-20,-20,9,41,-20,-20,-20,-20,-20,-20,-20,-20,-20,-20,-20,-20,-20,-20,11,47,-20,26,-20,4,28,-20,-20,-20,-20,15,-20,-20,4,14,-20,-20,-20,-20,-20,-20,-20,-20,-20,13,15,-20,8,-20,-20,-20,15,-20,-20,34,-20,-20,52,-20,-20,-20,-20,-20,-20,-20,-20,-20,-20,12,-20,-20,-20,-20,-20,-20,-20,-20,-20,-20,38,-20,-20,-20,-20,2,-20,-20,21,17,13,-20,-20,16,-20,14,-20,-20,-20,-20,-20,25,-20,-20,-20,-20,-20,11,15,-20,15,-20,-20,-20,-20,-20,-20,-20,-20,-20,-20,-20,-20,-20,-20,26,-20,55,-20,27,40,-20,17,15,-20,-20,22,-20,-20,-20,-20,-20,-20,-20,-20,-20,-20,-20,-20,-20,-20,-20,-20,-20,-20,-20,-20,-20,-20,-20,-20,-20,-20,-20,-20,-20,-20,-20,-20,-20,-20,-20,-20,11,-20,-20,-20,3,12,-20,-20,-20,-20,-20,-20,-20,-20,-20,-20,-20,-20,-20,-20,-20,-20,-20,-20,-20,-20,-20,-20,-20,-20,-20,-20,2,12,-20,-20,-20,-20,-20,-20,-20,14,-20,-20,-20,-20,-20,-20,-20,17,-20,63,-20,-20,-20,7,-20,-20,-20,-20,-20,-20,-20,-20,-20,-20,-20,-20,-20,-20,-20,-20,-20,-20,-20,-20,-20,-20,-20,-20,-20,10,-20,-20,-20,-20,13,-20,-20,-20,-20,-20,-20,-20,-20,-20,-20,-20,-20,5,-20,-20,-20,-20,-20,10,-20,-20,-20,-20,104,-20,-20,-20,-20,-20,-20,-20,-20,-20,7,-20,-20,-20,-20,-20,12,-20,-20,9,-20,-20,-20,-20,13,8,-20,-20,-20,16,-20,-20,-20,-20,-20,-20,12,-20,-20,5,-20,-20,-20,-20,-20,-20,-20,-20,-20,-20,-20,-20,-20,-20,12,-20,-20,-20,-20,-20,4,-20,-20,-20,-20,-20,-20,-20,-20,-20,12,-20,-20,-20,-20,-20,-20,-20,-20,-20,9,-20,-20,-20,-20,-20,-20,-20,-20,-20,-20,-20,-20,-20,-20,-20,-20,-20,-20,-20,-20,-20,-20,-20,-20,-20,-20,-20,-20,-20,-20,-20,-20,-20,-20,7,8,-20,-20,-20,16,-20,-20,-20,9,-20,-20,-20,-20,-20,-20,9,-20,-20,-20,-20,-20,-20,-20,10,-20,-20,-20,-20,-20,-20,-20,-20,-20,-20,-20,-20,-20,-20,12,-20,-20,-20,-20,-20,-20,-20,-20,-20,-20,-20,-20,-20,-20,-20,-20,-20,-20,-20,-20,-20,-20,-20,-20,-20,-20,-20,-20,-20,-20,-20,-20,-20,-20,27,19,18,-20,-20,45,-20,-20,25,-20,-20,-20,-20,-20,-20,-20,25,10,-20,-20,-20,-20,5,-20,20,49,10,3,-20,-20,-20,-20,21,-20,34,18,-20,-20,-20,-20,-20,-20,57,22,-20,-20,-20,-20,-20,-20,-20,-20,-20,-20,-20,-20,-20,-20,-20,-20,-20,-20,-20,-20,-20,-20,-20,-20,-20,-20,-20,-20,-20,-20,-20,-20,13,-20,-20,-20,-20,-20,-20,-20,13,-20,-20,-20,-20,-20,-20,14,-20,-20,-20,-20,-20,-20,-20,-20,-20,-20,-20,-20,-20,-20,-20,-20,-20,-20,15,-20,-20,-20,-20,-20,-20,-20,-20,-20,-20,-20,-20,-20,-20,-20,12,-20,-20,-20,-20,-20,-20,-20,-20,-20,-20,-20,12,-20,-20,-20,-20,-20,-20,-20,-20,-20,-20,-20,-20,-20,-20,-20,-20,-20,-20,-20,-20,-20,-20,-20,-20,-20,-20,-20,-20,-20,-20,-20,-20,-20,-20,-20,-20,-20,9,-20,-20,-20,-20,-20,-20,-20,-20,-20,-20,-20,-20,-20,-20,-20,-20,-20,-20,-20,-20,-20,-20,-20,-20,-20,-20,-20,-20,-20,-20,-20,-20,-20,-20,-20,-20,-20,-20,-20,-20,-20,-20,-20,-20,-20,-20,-20,-20,-20,-20,-20,-20,-20,-20,-20,-20,-20,-20,-20,-20,-20,-20,-20,-20,-20,-20,-20,-20,-20,-20,-20,-20,-20,-20,-20,-20,-20,-20,-20,-20,-20,-20,-20,-20,-20,-20,-20,-20,-20,-20,-20,-20,-20,-20,-20,-20,-20,-20,-20,-20,-20,-20,18,-20,-20,-20,-20,-20,-20,-20,-20,-20,-20,17,-20,-20,-20,12,-20,-20,-20,-20,-20,-20,18,-20,-20,-20,-20,-20,-20,-20,15,-20,-20,-20,-20,-20,-20,-20,-20,-20,-20,-20,-20,-20,-20,-20,-20,-20,-20,-20,-20,-20,-20,-20,-20,-20,-20,-20,-20,-20,-20,-20,-20,-20,-20,-20,-20,-20,-20,-20,-20,-20,14,-20,-20,-20,-20,-20,9,-20,-20,-20,-20,-20,-20,-20,-20,-20,-20,-20,-20,-20,-20,-20,8,-20,-20,10,-20,-20,-20,-20,-20,-20,-20,-20,6,-20,-20,-20,-20,-20,-20,-20,-20,-20,-20,-20,-20,-20,-20,-20,-20,-20,-20,-20,-20,-20,-20,-20,-20,-20,-20,-20,-20,-20,-20,4,-20,-20,-20,11,-20,-20,-20,-20,-20,-20,6,3,-20,5,-20,3,-20,-20,8,-20,4,-20,-20,7,-20,-20,-20,3,-20,-20,4,-20,-20,3,-20,-20,-20,-20,7,-20,-20,-20,6,-20,-20,-20,9,3,5,-20,-20,-20,-20,-20,-20,3,-20,-20,3,-20,-20,-20,-20,-20,5,-20,-20,-20,-20,-20,-20,-20,-20,-20,-20,6,-20,-20,-20,-20,-20,-20,-20,-20,-20,-20,-20,-20,-20,-20,-20,-20,-20,-20,-20,-20,-20
"chr1,16766398",-20,-20,-20,-20,8,-20,-20,-20,-20,-20,-20,-20,-20,-20,-20,-20,-20,-20,-20,-20,-20,-20,-20,-20,-20,-20,-20,-20,-20,-20,-20,-20,-20,-20,-20,-20,-20,-20,-20,-20,-20,-20,-20,-20,-20,-20,-20,55,-20,-20,-20,-20,-20,-20,-20,24,62,-20,-20,-20,-20,-20,-20,-20,-20,-20,-20,-20,-20,-20,-20,-20,-20,-20,-20,-20,-20,-20,-20,-20,-20,-20,-20,-20,-20,-20,-20,-20,-20,-20,-20,-20,-20,-20,-20,-20,-20,-20,-20,-20,-20,-20,-20,-20,-20,-20,-20,-20,-20,-20,-20,-20,-20,-20,-20,-20,-20,-20,-20,11,-20,-20,5,-20,-20,-20,-20,-20,-20,-20,-20,-20,-20,-20,-20,-20,-20,-20,-20,-20,7,-20,11,-20,-20,-20,-20,-20,-20,9,-20,-20,-20,12,45,-20,5,-20,-20,-20,-20,-20,-20,-20,-20,-20,-20,-20,-20,17,53,-20,-20,-20,-20,27,-20,-20,-20,-20,13,-20,-20,-20,17,-20,-20,-20,-20,-20,-20,-20,-20,-20,17,18,-20,7,-20,-20,-20,15,-20,17,36,-20,-20,62,-20,-20,-20,-20,-20,-20,-20,-20,-20,-20,17,-20,-20,-20,-20,-20,-20,-20,-20,-20,-20,33,-20,-20,-20,-20,2,-20,6,-20,21,10,-20,-20,12,-20,-20,-20,-20,-20,-20,-20,23,-20,-20,-20,-20,-20,15,7,14,14,-20,-20,-20,-20,-20,-20,-20,-20,-20,-20,-20,-20,-20,-20,22,-20,52,-20,23,48,-20,19,8,-20,-20,20,-20,-20,-20,-20,-20,-20,-20,-20,-20,31,-20,-20,-20,-20,-20,-20,-20,-20,-20,-20,-20,-20,-20,-20,-20,-20,-20,-20,-20,-20,-20,8,-20,-20,-20,-20,14,-20,-20,-20,4,8,-20,-20,-20,-20,-20,-20,-20,-20,-20,-20,-20,-20,-20,-20,-20,-20,-20,-20,-20,-20,-20,-20,-20,-20,-20,-20,3,10,-20,-20,-20,-20,-20,-20,-20,14,-20,-20,-20,-20,-20,-20,-20,21,-20,60,-20,-20,-20,7,-20,-20,-20,-20,-20,-20,-20,-20,-20,2,-20,-20,-20,-20,-20,-20,-20,-20,-20,-20,-20,-20,-20,-20,-20,-20,-20,-20,-20,-20,13,-20,-20,-20,-20,-20,-20,-20,-20,-20,-20,-20,-20,4,-20,-20,-20,-20,-20,12,-20,-20,-20,-20,113,-20,-20,-20,-20,-20,-20,-20,-20,-20,9,-20,-20,-20,-20,-20,14,-20,-20,-20,-20,-20,-20,-20,15,9,-20,-20,-20,-20,-20,-20,-20,-20,-20,-20,10,-20,-20,12,-20,-20,-20,-20,-20,-20,-20,-20,4,-20,-20,-20,-20,-20,14,-20,-20,-20,-20,-20,-20,-20,-20,-20,-20,-20,-20,-20,-20,-20,11,-20,-20,-20,-20,-20,-20,-20,-20,-20,7,-20,-20,-20,-20,-20,-20,-20,-20,-20,-20,-20,-20,-20,-20,-20,-20,-20,-20,-20,-20,-20,-20,-20,-20,-20,-20,-20,-20,-20,-20,-20,-20,-20,-20,5,-20,-20,-20,-20,11,-20,-20,-20,15,-20,-20,-20,-20,-20,-20,-20,-20,-20,-20,-20,-20,-20,-20,-20,-20,-20,-20,-20,-20,-20,-20,-20,-20,-20,-20,-20,-20,-20,14,-20,-20,-20,-20,-20,-20,-20,-20,-20,-20,-20,-20,-20,-20,-20,-20,-20,-20,-20,-20,-20,-20,-20,-20,-20,-20,-20,-20,-20,-20,-20,-20,-20,-20,28,28,19,-20,-20,45,-20,-20,25,-20,-20,-20,45,-20,-20,-20,26,10,-20,-20,-20,-20,7,-20,23,-20,18,9,-20,-20,-20,-20,21,-20,31,17,-20,-20,-20,-20,-20,-20,58,14,-20,-20,-20,-20,19,-20,-20,-20,-20,-20,-20,-20,-20,-20,-20,-20,-20,-20,-20,-20,-20,-20,-20,-20,-20,-20,-20,-20,-20,-20,-20,-20,12,-20,-20,-20,-20,-20,-20,-20,12,-20,-20,-20,-20,-20,-20,10,-20,-20,-20,-20,-20,-20,-20,-20,-20,-20,-20,-20,-20,-20,-20,-20,-20,-20,17,-20,-20,-20,-20,-20,-20,-20,-20,-20,-20,-20,-20,-20,-20,-20,13,-20,-20,-20,-20,-20,-20,-20,-20,-20,-20,-20,15,-20,-20,-20,-20,-20,-20,-20,-20,-20,-20,-20,-20,-20,-20,-20,-20,-20,-20,-20,-20,-20,-20,-20,-20,-20,-20,-20,-20,-20,-20,-20,-20,-20,-20,-20,-20,-20,9,-20,-20,-20,-20,-20,-20,-20,-20,-20,-20,-20,-20,-20,-20,-20,-20,-20,-20,-20,-20,-20,-20,-20,-20,-20,-20,-20,-20,-20,-20,-20,-20,-20,-20,-20,-20,-20,-20,-20,-20,-20,-20,-20,-20,-20,-20,-20,-20,-20,-20,-20,-20,-20,-20,-20,-20,-20,-20,-20,-20,-20,-20,-20,-20,-20,-20,-20,-20,-20,-20,-20,-20,-20,-20,-20,-20,-20,-20,-20,-20,-20,-20,-20,-20,-20,-20,-20,-20,-20,-20,-20,-20,-20,-20,-20,-20,-20,-20,-20,-20,-20,-20,15,-20,-20,-20,-20,-20,-20,-20,-20,-20,-20,13,-20,-20,-20,7,-20,-20,-20,-20,-20,-20,12,-20,-20,-20,-20,-20,-20,-20,20,-20,-20,-20,-20,-20,-20,-20,-20,-20,-20,-20,-20,-20,-20,-20,-20,-20,-20,-20,-20,-20,-20,-20,-20,-20,-20,-20,-20,-20,-20,-20,-20,-20,-20,-20,-20,-20,-20,-20,-20,-20,11,-20,-20,-20,-20,-20,8,7,-20,-20,-20,-20,-20,-20,-20,-20,-20,-20,-20,-20,-20,-20,6,-20,-20,6,-20,-20,-20,-20,-20,-20,-20,-20,5,-20,-20,-20,-20,-20,-20,-20,-20,-20,-20,-20,-20,-20,-20,-20,-20,-20,-20,-20,-20,-20,-20,-20,-20,-20,-20,-20,-20,-20,-20,4,-20,-20,-20,-20,-20,-20,-20,-20,-20,-20,-20,-20,-20,-20,-20,-20,-20,-20,-20,-20,-20,-20,-20,5,-20,-20,-20,-20,-20,-20,3,-20,3,5,-20,-20,-20,-20,-20,-20,-20,-20,-20,-20,-20,-20,4,4,-20,-20,-20,-20,-20,-20,-20,-20,3,-20,-20,-20,3,-20,-20,-20,-20,-20,-20,-20,-20,-20,-20,4,-20,-20,-20,-20,-20,3,-20,-20,-20,-20,-20,-20,-20,-20,-20,-20,-20,-20,-20,-20,-20,-20,-20,-20,-20
"chr1,16766414",-20,-20,-20,-20,8,-20,-20,-20,-20,-20,-20,-20,-20,-20,-20,-20,-20,-20,-20,-20,-20,-20,-20,-20,-20,-20,-20,-20,-20,-20,-20,-20,-20,-20,-20,-20,-20,-20,-20,-20,-20,-20,-20,-20,-20,-20,-20,-20,-20,-20,-20,-20,-20,-20,-20,20,58,-20,-20,-20,-20,-20,-20,-20,-20,-20,-20,-20,-20,-20,-20,-20,-20,-20,-20,-20,-20,-20,-20,-20,-20,-20,-20,-20,-20,-20,-20,-20,-20,-20,-20,-20,-20,-20,-20,-20,-20,-20,-20,-20,-20,-20,-20,-20,-20,-20,-20,-20,-20,-20,-20,-20,-20,-20,-20,-20,-20,-20,-20,6,-20,-20,-20,-20,-20,-20,-20,-20,-20,-20,-20,-20,-20,-20,-20,-20,-20,-20,-20,-20,8,-20,10,-20,-20,-20,-20,-20,-20,13,-20,-20,-20,16,45,-20,-20,-20,-20,-20,-20,-20,-20,-20,-20,-20,-20,-20,-20,18,53,-20,28,-20,-20,-20,-20,-20,-20,-20,15,-20,-20,4,19,-20,-20,-20,-20,-20,-20,-20,-20,-20,17,20,4,9,7,-20,-20,16,-20,-20,37,-20,-20,58,5,-20,-20,-20,-20,-20,-20,-20,-20,-20,-20,-20,-20,-20,-20,-20,3,-20,-20,-20,-20,29,-20,-20,-20,-20,-20,-20,-20,21,-20,-20,-20,-20,20,-20,12,-20,-20,-20,-20,-20,-20,-20,-20,-20,-20,-20,-20,6,-20,11,-20,-20,-20,-20,-20,-20,-20,-20,-20,4,-20,-20,-20,-20,17,-20,47,-20,26,56,-20,19,8,-20,-20,22,-20,-20,-20,-20,10,-20,-20,-20,-20,31,-20,-20,-20,-20,-20,-20,-20,-20,-20,-20,-20,-20,-20,-20,-20,-20,-20,-20,-20,-20,-20,7,-20,7,-20,-20,-20,-20,-20,-20,4,5,-20,-20,-20,-20,-20,-20,-20,-20,-20,-20,-20,-20,-20,-20,-20,-20,-20,4,-20,-20,-20,-20,-20,-20,-20,-20,-20,11,-20,-20,-20,-20,-20,-20,-20,12,-20,-20,-20,-20,-20,-20,-20,20,-20,60,-20,-20,-20,7,-20,-20,-20,-20,-20,-20,-20,-20,-20,-20,-20,-20,-20,-20,-20,-20,-20,-20,-20,-20,5,-20,-20,-20,-20,-20,-20,-20,-20,-20,12,-20,-20,-20,-20,-20,-20,-20,-20,-20,-20,-20,-20,-20,-20,-20,-20,-20,5,10,3,-20,-20,-20,112,-20,-20,-20,-20,-20,-20,-20,-20,-20,8,-20,-20,-20,-20,-20,12,-20,-20,9,-20,-20,-20,-20,13,10,-20,-20,-20,-20,-20,-20,-20,-20,-20,-20,11,-20,-20,15,-20,-20,-20,-20,-20,-20,-20,-20,4,-20,-20,-20,-20,-20,15,-20,-20,5,-20,-20,-20,-20,-20,-20,-20,-20,3,-20,-20,-20,12,-20,-20,-20,-20,-20,3,-20,-20,-20,7,-20,-20,-20,-20,-20,-20,-20,-20,-20,-20,-20,-20,-20,-20,-20,-20,-20,-20,-20,-20,-20,-20,-20,-20,-20,-20,-20,-20,-20,-20,-20,-20,-20,-20,4,11,-20,-20,-20,-20,-20,-20,-20,13,-20,-20,-20,-20,-20,-20,7,-20,-20,-20,-20,-20,-20,-20,-20,-20,-20,7,-20,-20,8,-20,-20,-20,-20,-20,-20,-20,-20,-20,-20,-20,-20,-20,-20,-20,-20,-20,-20,-20,-20,-20,-20,-20,-20,-20,-20,-20,-20,-20,-20,-20,-20,-20,-20,-20,-20,-20,-20,-20,-20,-20,-20,-20,26,26,19,-20,-20,43,-20,-20,-20,-20,-20,-20,42,-20,-20,-20,22,-20,-20,-20,-20,-20,10,-20,28,52,17,15,-20,6,-20,-20,25,-20,42,20,-20,-20,-20,-20,7,8,63,24,13,-20,13,5,17,-20,-20,-20,-20,-20,-20,-20,-20,-20,-20,-20,-20,-20,-20,-20,-20,-20,-20,-20,-20,-20,-20,-20,-20,-20,-20,-20,14,-20,-20,-20,-20,-20,-20,-20,13,-20,-20,-20,-20,-20,-20,11,-20,-20,-20,-20,-20,-20,-20,-20,-20,-20,-20,-20,-20,-20,-20,-20,-20,-20,15,-20,-20,-20,-20,-20,-20,-20,-20,-20,-20,-20,-20,-20,-20,-20,15,-20,-20,-20,-20,-20,-20,-20,-20,-20,-20,-20,20,-20,-20,-20,-20,-20,-20,-20,-20,-20,-20,-20,-20,-20,-20,-20,-20,-20,-20,-20,-20,-20,-20,-20,-20,-20,-20,-20,-20,-20,-20,-20,-20,-20,-20,-20,-20,-20,9,-20,-20,-20,-20,-20,-20,-20,-20,-20,-20,-20,-20,-20,-20,-20,-20,-20,-20,-20,-20,-20,-20,-20,-20,-20,-20,-20,-20,-20,-20,-20,-20,-20,-20,-20,-20,-20,-20,-20,-20,-20,-20,-20,-20,-20,-20,-20,-20,-20,-20,-20,-20,-20,-20,-20,-20,-20,-20,-20,-20,-20,-20,-20,-20,-20,-20,-20,-20,-20,-20,-20,-20,-20,-20,-20,-20,-20,-20,-20,-20,-20,-20,-20,-20,-20,-20,-20,-20,-20,-20,-20,-20,-20,-20,-20,-20,-20,-20,-20,-20,-20,-20,19,-20,-20,-20,-20,-20,-20,-20,-20,-20,-20,14,-20,-20,-20,8,-20,-20,-20,-20,-20,-20,17,-20,-20,-20,-20,-20,-20,-20,17,-20,-20,-20,-20,-20,-20,-20,-20,-20,-20,-20,-20,-20,-20,-20,-20,-20,-20,-20,-20,-20,-20,-20,-20,-20,-20,-20,-20,-20,-20,-20,-20,-20,-20,-20,-20,-20,-20,-20,3,-20,11,-20,-20,-20,-20,-20,7,5,-20,-20,-20,-20,-20,-20,-20,-20,-20,-20,-20,-20,-20,-20,6,-20,-20,3,-20,-20,-20,-20,-20,-20,-20,-20,9,-20,-20,-20,-20,-20,-20,-20,-20,-20,-20,-20,-20,-20,-20,-20,-20,-20,-20,-20,-20,-20,-20,-20,-20,-20,-20,-20,-20,-20,-20,4,-20,-20,-20,10,-20,-20,-20,-20,-20,-20,7,-20,7,6,-20,-20,-20,7,6,-20,4,-20,-20,7,4,5,-20,-20,4,-20,5,-20,7,10,-20,-20,-20,7,2,-20,3,-20,5,-20,5,-20,5,-20,6,-20,-20,-20,-20,-20,-20,2,7,3,-20,-20,6,-20,-20,-20,-20,-20,-20,-20,-20,-20,-20,4,-20,3,-20,6,4,3,-20,-20,-20,-20,-20,-20,-20,-20,-20,-20,-20,-20,-20,-20,-20,-20,-20,-20,-20
"chr1,16766417",-20,-20,-20,-20,9,-20,-20,-20,-20,-20,-20,-20,-20,-20,-20,-20,-20,-20,-20,-20,-20,-20,-20,-20,-20,-20,-20,-20,-20,-20,-20,-20,-20,-20,-20,-20,-20,-20,-20,-20,-20,-20,-20,-20,-20,-20,-20,53,-20,-20,-20,-20,-20,-20,-20,20,57,-20,-20,-20,-20,-20,-20,-20,-20,-20,-20,-20,-20,-20,-20,-20,-20,-20,-20,-20,-20,-20,-20,-20,-20,-20,-20,-20,-20,-20,-20,-20,-20,-20,-20,-20,-20,-20,-20,-20,-20,-20,-20,-20,-20,-20,-20,-20,-20,-20,-20,-20,-20,-20,-20,-20,-20,-20,-20,-20,-20,-20,-20,9,-20,-20,-20,-20,-20,-20,-20,-20,-20,-20,-20,-20,-20,-20,-20,-20,-20,-20,-20,-20,9,-20,10,-20,-20,-20,-20,-20,-20,13,-20,-20,-20,16,51,-20,7,-20,-20,-20,-20,-20,-20,-20,-20,-20,-20,-20,-20,17,57,-20,30,-20,10,30,-20,-20,-20,-20,17,-20,-20,5,19,-20,-20,-20,-20,-20,-20,-20,-20,-20,17,21,4,9,-20,-20,-20,14,-20,27,38,-20,-20,62,5,-20,-20,-20,-20,-20,-20,-20,-20,-20,21,-20,-20,-20,-20,-20,-20,-20,-20,-20,-20,27,-20,-20,-20,-20,8,-20,-20,24,20,12,-20,-20,21,-20,14,-20,-20,-20,-20,-20,19,-20,-20,-20,-20,-20,11,6,27,13,-20,-20,-20,-20,-20,-20,-20,-20,-20,3,-20,-20,-20,-20,17,17,46,-20,28,56,-20,19,10,-20,-20,22,-20,-20,-20,-20,10,-20,-20,-20,-20,23,-20,-20,-20,-20,-20,-20,-20,-20,-20,-20,-20,-20,-20,-20,-20,-20,-20,-20,-20,-20,-20,6,-20,7,-20,-20,16,-20,-20,-20,4,5,-20,-20,-20,-20,-20,-20,-20,-20,-20,-20,-20,-20,-20,-20,-20,-20,-20,4,-20,-20,-20,-20,-20,-20,-20,-20,-20,10,-20,-20,-20,-20,-20,-20,-20,12,-20,-20,-20,-20,-20,-20,-20,18,-20,63,-20,-20,-20,-20,-20,-20,-20,-20,-20,-20,-20,-20,-20,-20,-20,-20,-20,-20,-20,-20,-20,-20,-20,-20,5,-20,-20,-20,-20,8,-20,-20,-20,-20,12,-20,-20,-20,-20,-20,-20,-20,-20,-20,-20,-20,-20,-20,-20,-20,-20,-20,5,10,3,-20,-20,-20,109,-20,-20,-20,-20,-20,-20,-20,-20,-20,8,-20,-20,-20,-20,-20,12,-20,-20,-20,-20,-20,-20,-20,13,9,-20,-20,-20,-20,-20,-20,-20,-20,-20,-20,10,-20,-20,17,-20,-20,-20,-20,-20,-20,-20,-20,4,-20,-20,-20,-20,-20,15,-20,-20,-20,-20,-20,-20,-20,-20,-20,-20,-20,-20,-20,-20,-20,10,-20,-20,-20,-20,-20,-20,-20,-20,-20,8,-20,-20,-20,-20,-20,-20,-20,-20,-20,-20,-20,-20,-20,-20,-20,-20,-20,-20,-20,-20,-20,-20,-20,-20,-20,-20,-20,-20,-20,-20,-20,-20,-20,-20,4,12,-20,-20,-20,9,-20,-20,-20,14,-20,-20,-20,-20,-20,-20,7,-20,-20,-20,-20,-20,-20,-20,12,-20,-20,7,-20,-20,-20,-20,-20,-20,-20,-20,-20,-20,-20,17,-20,-20,-20,-20,-20,-20,-20,-20,-20,-20,-20,-20,-20,-20,-20,-20,-20,-20,-20,-20,-20,-20,-20,-20,-20,-20,-20,-20,-20,-20,-20,-20,-20,-20,25,25,20,-20,-20,41,-20,-20,23,-20,-20,-20,45,-20,-20,-20,25,-20,-20,-20,-20,-20,9,-20,28,-20,18,14,-20,-20,-20,-20,25,-20,40,19,-20,-20,-20,-20,-20,-20,63,29,13,-20,-20,-20,19,-20,-20,-20,-20,-20,-20,-20,-20,-20,-20,-20,-20,-20,-20,-20,-20,-20,-20,-20,-20,-20,-20,-20,-20,-20,-20,-20,14,-20,-20,-20,-20,-20,-20,-20,13,-20,-20,-20,-20,-20,-20,11,-20,-20,-20,-20,-20,-20,-20,-20,-20,-20,-20,-20,-20,-20,-20,-20,-20,-20,15,-20,-20,-20,-20,-20,-20,-20,-20,-20,-20,-20,-20,-20,-20,-20,16,-20,-20,-20,-20,-20,-20,-20,-20,-20,-20,-20,19,-20,-20,-20,-20,-20,-20,-20,-20,-20,-20,-20,-20,-20,-20,-20,-20,-20,-20,-20,-20,-20,-20,-20,-20,-20,-20,-20,-20,-20,-20,-20,-20,-20,-20,-20,-20,-20,10,-20,-20,-20,-20,-20,-20,-20,-20,-20,-20,-20,-20,-20,-20,-20,-20,-20,-20,-20,-20,-20,-20,-20,-20,-20,-20,-20,-20,-20,-20,-20,-20,-20,-20,-20,-20,-20,-20,-20,-20,-20,-20,-20,-20,-20,-20,-20,-20,-20,-20,-20,-20,-20,-20,-20,-20,-20,-20,-20,-20,-20,-20,-20,-20,-20,-20,-20,-20,-20,-20,-20,-20,-20,-20,-20,-20,-20,-20,-20,-20,-20,-20,-20,-20,-20,-20,-20,-20,-20,-20,-20,-20,-20,-20,-20,-20,-20,-20,-20,-20,-20,-20,18,-20,-20,-20,-20,-20,-20,-20,-20,-20,-20,15,-20,-20,-20,8,-20,-20,-20,-20,-20,-20,17,-20,-20,-20,-20,-20,-20,-20,18,-20,-20,-20,-20,-20,-20,-20,-20,-20,-20,-20,-20,-20,-20,-20,-20,-20,-20,-20,-20,-20,-20,-20,-20,-20,-20,-20,-20,-20,-20,-20,-20,-20,-20,-20,-20,-20,-20,-20,-20,-20,11,-20,-20,-20,-20,-20,7,5,-20,-20,-20,-20,-20,-20,-20,-20,-20,-20,-20,-20,-20,-20,7,-20,-20,3,-20,-20,-20,-20,-20,-20,-20,-20,8,-20,-20,-20,-20,-20,-20,-20,-20,-20,-20,-20,-20,-20,-20,-20,-20,-20,-20,-20,-20,-20,-20,-20,-20,-20,-20,-20,-20,-20,-20,4,-20,-20,-20,11,-20,-20,-20,-20,-20,-20,-20,-20,-20,-20,-20,-20,-20,-20,8,-20,-20,-20,-20,-20,-20,-20,-20,-20,-20,-20,4,-20,5,-20,-20,-20,-20,-20,-20,-20,-20,-20,-20,-20,-20,-20,5,5,-20,-20,-20,-20,-20,-20,-20,-20,-20,-20,-20,-20,-20,-20,-20,-20,-20,-20,-20,-20,-20,-20,-20,-20,-20,-20,-20,-20,-20,-20,-20,-20,-20,-20,-20,-20,-20,-20,-20,-20,-20,-20,-20,-20,-20,-20,-20,-20,-20
"chr1,16766430",-20,-20,-20,-20,11,-20,-20,-20,-20,-20,-20,4,20,14,13,6,14,12,52,44,31,-20,40,18,34,25,-20,32,5,3,3,3,8,6,36,24,19,11,8,7,8,11,5,5,22,43,4,55,-20,13,10,11,15,-20,-20,19,52,-20,19,19,21,19,15,26,10,6,12,33,46,10,22,12,10,21,19,25,10,6,8,-20,3,17,15,4,-20,25,15,38,22,17,11,16,14,19,11,15,-20,27,-20,22,15,17,-20,-20,-20,23,-20,23,16,-20,16,-20,-20,21,-20,-20,23,8,7,9,5,-20,3,-20,49,-20,-20,11,7,-20,24,3,-20,-20,16,36,22,-20,-20,5,10,-20,9,-20,21,-20,-20,15,-20,15,6,9,7,16,53,5,5,23,46,7,-20,-20,-20,-20,-20,-20,-20,-20,-20,13,60,13,28,7,10,33,9,11,10,24,18,6,-20,3,20,-20,-20,17,5,9,8,9,3,6,17,22,-20,10,9,-20,-20,14,14,27,37,-20,9,70,7,5,41,7,10,6,4,6,27,6,18,-20,-20,6,-20,18,4,9,7,4,-20,25,34,9,23,19,11,10,6,21,19,14,14,17,23,8,16,14,15,12,14,4,19,14,7,11,7,11,14,4,29,18,12,7,7,6,12,-20,-20,7,10,4,-20,21,7,-20,14,12,45,26,22,53,2,21,12,-20,10,18,5,-20,13,9,-20,-20,4,6,27,33,34,-20,-20,-20,6,-20,-20,-20,4,12,25,-20,11,24,31,30,20,20,-20,3,-20,7,-20,30,-20,4,14,-20,-20,3,4,4,-20,14,-20,5,-20,5,18,6,-20,-20,22,4,-20,12,6,-20,-20,5,4,-20,8,5,-20,-20,-20,6,3,12,5,7,5,5,4,5,-20,9,-20,-20,4,7,3,5,4,18,-20,69,4,6,4,14,-20,-20,-20,-20,-20,10,7,5,5,6,4,6,-20,7,4,3,-20,2,-20,7,13,-20,-20,3,-20,15,6,-20,11,9,9,3,5,-20,-20,-20,-20,3,4,-20,-20,-20,5,-20,-20,4,5,6,7,7,5,12,7,5,99,5,3,4,5,-20,-20,6,3,3,6,-20,7,3,10,-20,12,5,9,5,7,3,6,-20,15,10,5,-20,-20,4,8,6,5,-20,3,5,8,-20,-20,21,-20,4,5,5,3,3,34,28,-20,-20,3,3,3,6,14,7,-20,6,5,-20,8,9,5,3,-20,-20,3,5,-20,6,9,-20,33,5,5,-20,5,-20,-20,6,9,6,22,27,34,22,3,28,22,5,-20,25,-20,4,5,-20,-20,17,6,10,9,-20,7,-20,-20,11,8,-20,3,10,7,4,6,4,6,5,12,-20,11,4,6,-20,-20,6,14,6,30,4,-20,-20,7,9,-20,-20,-20,-20,10,4,6,-20,11,14,4,-20,-20,8,20,5,9,31,29,23,19,18,17,15,4,18,4,-20,12,-20,-20,3,-20,12,-20,12,3,15,10,9,13,6,4,23,-20,10,5,-20,10,9,-20,10,6,6,-20,5,4,29,22,18,26,10,37,10,16,21,5,11,12,46,11,3,4,22,15,11,29,11,6,8,23,24,68,23,15,6,4,12,15,22,8,40,20,9,10,5,-20,15,11,60,32,10,15,14,7,18,11,8,6,10,-20,-20,6,9,15,14,5,-20,6,-20,9,6,8,8,6,-20,-20,11,6,-20,6,-20,-20,13,5,7,6,5,4,-20,5,10,8,6,6,4,-20,-20,12,7,7,7,-20,7,7,9,9,3,3,5,11,3,-20,4,4,-20,4,16,8,-20,4,6,-20,5,-20,-20,5,4,7,7,5,4,5,15,4,7,8,12,-20,-20,6,3,5,-20,3,18,3,3,-20,4,4,-20,-20,-20,-20,5,-20,5,5,8,4,4,6,-20,-20,3,7,-20,-20,-20,5,-20,-20,7,-20,6,-20,6,10,3,-20,9,2,11,-20,-20,-20,-20,-20,-20,5,-20,3,6,-20,-20,-20,-20,5,-20,6,-20,5,3,10,3,10,2,6,5,-20,-20,-20,-20,3,-20,3,-20,-20,5,-20,-20,5,-20,4,-20,5,-20,8,-20,4,13,9,-20,10,4,4,6,3,-20,9,-20,-20,2,4,-20,4,-20,6,-20,7,-20,-20,5,6,6,4,3,9,6,-20,3,3,-20,4,-20,-20,4,-20,-20,-20,-20,-20,8,7,-20,-20,4,-20,6,4,9,-20,7,9,-20,18,9,7,6,8,5,12,7,-20,10,10,15,9,-20,8,11,-20,4,8,3,10,4,15,6,7,11,7,7,-20,-20,19,9,7,9,-20,10,6,4,6,3,6,-20,-20,3,-20,5,-20,5,-20,10,-20,-20,6,-20,3,7,5,5,5,5,3,4,4,-20,-20,4,-20,-20,5,5,-20,6,12,4,7,-20,-20,-20,6,8,5,3,-20,4,-20,3,3,-20,-20,3,-20,5,-20,-20,9,4,4,-20,-20,5,3,3,-20,-20,3,-20,9,7,5,4,-20,24,3,6,-20,-20,6,-20,7,8,10,6,-20,-20,-20,-20,-20,-20,7,-20,-20,-20,7,6,8,-20,-20,4,-20,3,-20,10,-20,-20,7,3,-20,-20,-20,-20,5,10,4,-20,-20,-20,8,4,-20,-20,-20,7,-20,3,-20,-20,-20,-20,4,-20,6,-20,5,-20,-20,-20,-20,-20,-20,-20,4,-20,-20,8,3,4,-20,-20,-20,-20,-20,4,-20,-20,4,-20,-20,-20,-20,-20,3,-20,-20,-20,-20,-20,-20,-20,3,-20,-20,-20,6,-20,-20,4,-20,5,11,-20,15,22,-20,13,16,-20,21,74,116,40,15,24,-20,30,-20
"chr1,16766431",-20,-20,-20,-20,11,-20,-20,-20,-20,-20,-20,4,-20,-20,-20,-20,-20,-20,-20,-20,-20,-20,-20,-20,-20,-20,-20,-20,-20,3,3,-20,-20,-20,-20,-20,-20,10,-20,-20,-20,-20,4,5,21,-20,-20,55,-20,13,11,-20,-20,-20,-20,19,52,-20,-20,-20,-20,-20,-20,-20,-20,-20,-20,-20,-20,-20,-20,-20,-20,-20,-20,-20,-20,-20,-20,-20,3,-20,-20,-20,-20,-20,-20,-20,-20,-20,-20,-20,-20,-20,-20,-20,-20,-20,-20,-20,-20,-20,-20,-20,-20,-20,-20,-20,-20,-20,-20,-20,-20,-20,-20,-20,-20,-20,7,9,-20,-20,3,-20,-20,-20,-20,10,-20,-20,-20,3,-20,-20,-20,-20,-20,-20,-20,-20,10,-20,9,-20,-20,-20,-20,-20,-20,15,-20,9,-20,16,54,-20,5,-20,-20,6,-20,-20,-20,-20,-20,-20,-20,-20,-20,13,59,12,26,7,12,33,9,10,10,-20,18,-20,-20,3,23,-20,-20,17,-20,9,8,-20,3,6,18,22,-20,11,9,-20,-20,14,15,27,34,3,9,68,7,-20,-20,-20,10,-20,5,6,-20,-20,18,-20,-20,-20,-20,-20,4,6,7,4,-20,25,-20,-20,-20,-20,12,11,5,21,17,14,-20,16,25,8,15,-20,15,11,14,4,20,14,-20,11,7,11,14,5,29,18,12,7,7,6,11,-20,-20,7,10,3,-20,20,7,-20,14,12,47,21,22,51,2,21,12,-20,-20,18,4,-20,-20,8,-20,-20,4,6,27,33,32,-20,-20,-20,-20,-20,-20,-20,-20,-20,-20,-20,-20,-20,-20,-20,-20,-20,-20,3,-20,7,-20,32,-20,4,15,-20,-20,-20,4,4,-20,-20,-20,-20,-20,-20,-20,-20,-20,-20,-20,4,-20,-20,-20,-20,-20,5,4,-20,-20,5,-20,-20,-20,-20,4,12,-20,-20,5,5,-20,5,-20,9,-20,-20,-20,-20,3,-20,-20,18,-20,69,-20,-20,-20,-20,-20,-20,-20,-20,-20,-20,7,5,5,-20,4,6,-20,-20,-20,-20,-20,2,-20,-20,13,-20,-20,4,-20,15,-20,-20,-20,-20,9,3,5,5,-20,-20,-20,-20,4,-20,-20,-20,-20,-20,-20,-20,-20,-20,-20,7,-20,-20,7,5,98,5,3,-20,-20,-20,-20,-20,3,3,-20,-20,-20,-20,10,-20,12,-20,9,5,-20,-20,-20,-20,15,10,5,-20,-20,5,8,-20,6,-20,-20,-20,8,-20,-20,21,-20,-20,-20,-20,-20,-20,-20,-20,-20,-20,3,-20,-20,-20,13,-20,-20,6,-20,-20,8,9,-20,3,-20,-20,-20,-20,-20,-20,-20,-20,-20,-20,-20,-20,5,-20,-20,-20,9,-20,-20,-20,-20,-20,-20,-20,-20,-20,-20,-20,-20,4,-20,-20,-20,18,6,9,9,-20,-20,-20,-20,-20,-20,-20,3,-20,8,4,-20,-20,9,-20,12,-20,10,-20,6,-20,-20,-20,14,6,-20,4,-20,-20,-20,9,-20,-20,-20,-20,10,-20,6,-20,-20,13,3,-20,-20,8,-20,-20,-20,-20,-20,-20,-20,17,17,-20,4,-20,4,-20,-20,-20,-20,3,-20,-20,-20,-20,-20,-20,-20,-20,-20,6,4,-20,-20,-20,-20,-20,-20,-20,-20,-20,-20,7,-20,-20,4,29,23,19,-20,-20,36,10,-20,22,-20,-20,11,47,-20,-20,-20,22,15,9,31,-20,5,8,-20,24,-20,22,15,6,4,10,-20,22,-20,40,21,-20,8,5,-20,15,11,56,32,10,15,13,7,18,-20,-20,-20,10,-20,-20,-20,-20,-20,13,-20,-20,6,-20,-20,-20,-20,-20,6,-20,-20,-20,-20,-20,-20,-20,-20,13,-20,7,-20,-20,-20,-20,5,10,-20,-20,-20,4,-20,-20,12,7,-20,-20,-20,-20,-20,-20,-20,4,-20,-20,-20,-20,3,4,-20,2,-20,15,-20,-20,4,-20,-20,5,-20,-20,-20,-20,7,-20,-20,-20,5,15,-20,-20,-20,-20,-20,-20,6,3,-20,-20,3,18,-20,3,-20,-20,4,-20,-20,-20,-20,-20,-20,-20,-20,8,4,-20,-20,-20,-20,-20,-20,-20,-20,-20,5,-20,-20,-20,-20,-20,-20,-20,-20,-20,-20,-20,2,11,-20,-20,-20,-20,-20,-20,-20,-20,3,-20,-20,-20,-20,3,-20,-20,-20,-20,5,-20,-20,-20,-20,2,-20,-20,-20,-20,-20,-20,3,-20,-20,-20,-20,-20,-20,-20,5,-20,4,-20,-20,-20,-20,-20,4,12,-20,-20,-20,-20,-20,-20,3,-20,-20,-20,-20,2,4,-20,4,-20,-20,-20,-20,-20,-20,5,-20,-20,4,3,-20,6,-20,-20,-20,-20,4,-20,-20,4,-20,-20,-20,-20,-20,8,-20,-20,-20,4,-20,-20,-20,-20,-20,-20,-20,-20,18,-20,-20,-20,-20,5,-20,-20,-20,-20,-20,16,-20,-20,-20,11,-20,-20,-20,3,10,4,15,6,-20,11,-20,-20,-20,-20,19,-20,-20,-20,-20,-20,6,-20,-20,-20,-20,-20,-20,-20,-20,-20,-20,5,-20,-20,-20,-20,-20,-20,-20,-20,5,5,-20,5,3,4,-20,-20,-20,4,-20,-20,5,5,-20,-20,12,-20,-20,-20,-20,-20,6,8,5,3,-20,4,-20,-20,-20,-20,-20,-20,-20,5,-20,-20,9,4,-20,-20,-20,-20,3,-20,-20,-20,3,-20,10,7,-20,-20,-20,-20,-20,6,-20,-20,6,-20,8,8,-20,6,-20,-20,-20,-20,-20,-20,-20,-20,-20,-20,-20,-20,-20,-20,-20,5,-20,-20,-20,10,-20,-20,-20,-20,-20,-20,-20,-20,5,-20,-20,-20,-20,-20,8,4,-20,-20,-20,8,-20,-20,-20,-20,-20,-20,5,-20,-20,-20,6,-20,-20,-20,-20,-20,-20,-20,-20,-20,-20,-20,-20,2,-20,-20,-20,-20,-20,-20,-20,-20,-20,-20,-20,-20,-20,-20,-20,-20,-20,-20,-20,-20,-20,-20,-20,-20,-20,-20,-20,-20,-20,-20,-20,-20,-20,-20,-20,-20,-20,-20,-20,-20,-20,63,-20,-20,-20,-20,-20,-20,-20
"chr1,16766432",-20,-20,-20,-20,8,-20,-20,-20,-20,-20,-20,4,-20,-20,-20,-20,-20,-20,-20,-20,-20,-20,-20,-20,-20,-20,-20,-20,-20,3,3,-20,-20,-20,-20,-20,-20,-20,-20,-20,-20,-20,4,5,21,-20,-20,55,-20,-20,10,-20,-20,-20,-20,19,54,-20,-20,-20,-20,-20,-20,-20,-20,-20,-20,-20,-20,-20,-20,-20,-20,-20,-20,-20,-20,-20,-20,-20,5,-20,-20,-20,-20,-20,-20,-20,-20,-20,-20,-20,-20,-20,-20,-20,-20,-20,-20,-20,-20,-20,-20,-20,-20,-20,-20,-20,-20,-20,-20,-20,-20,-20,-20,-20,-20,-20,7,9,-20,-20,3,-20,-20,-20,-20,-20,-20,-20,-20,3,-20,-20,-20,-20,-20,-20,-20,-20,10,-20,9,-20,-20,-20,-20,-20,-20,15,-20,9,-20,16,53,-20,5,-20,-20,-20,-20,-20,-20,-20,-20,-20,-20,-20,-20,15,59,12,27,7,12,33,9,10,11,-20,16,-20,-20,3,23,-20,-20,17,-20,9,8,-20,3,6,17,22,-20,11,9,-20,-20,14,-20,27,33,3,9,78,7,-20,-20,-20,14,5,-20,7,-20,6,18,-20,-20,-20,-20,-20,4,6,7,4,-20,25,-20,-20,-20,-20,12,11,6,21,17,15,-20,16,23,8,15,-20,15,-20,14,4,19,14,-20,11,-20,11,15,5,29,19,12,7,7,6,11,-20,-20,-20,10,3,4,22,7,-20,14,12,48,21,24,48,2,21,12,-20,-20,18,4,-20,-20,8,-20,-20,4,6,30,33,33,-20,-20,-20,-20,-20,-20,-20,-20,-20,-20,-20,-20,-20,-20,-20,-20,-20,-20,4,-20,7,-20,35,-20,5,16,-20,-20,-20,4,3,-20,-20,-20,-20,-20,-20,-20,-20,-20,-20,-20,4,-20,-20,-20,-20,-20,5,4,-20,-20,5,-20,-20,-20,-20,4,12,-20,-20,5,5,-20,5,-20,9,-20,-20,-20,-20,3,-20,-20,18,-20,67,-20,-20,-20,-20,-20,-20,-20,-20,-20,-20,8,5,5,-20,4,6,-20,-20,-20,-20,-20,-20,-20,-20,14,-20,-20,4,-20,15,-20,-20,-20,-20,9,3,-20,5,-20,6,-20,-20,4,-20,-20,-20,-20,-20,-20,-20,-20,-20,4,7,-20,-20,7,5,100,5,-20,-20,-20,-20,-20,-20,3,4,6,-20,-20,-20,10,-20,12,-20,9,-20,-20,-20,-20,-20,14,9,5,-20,-20,7,8,-20,6,-20,-20,-20,8,-20,-20,21,-20,-20,-20,-20,-20,-20,-20,-20,-20,-20,3,-20,-20,-20,13,-20,-20,6,-20,-20,8,9,-20,4,-20,-20,-20,-20,-20,-20,-20,-20,-20,-20,-20,-20,5,-20,-20,-20,9,-20,-20,-20,-20,-20,-20,-20,-20,-20,-20,-20,-20,4,-20,-20,-20,18,6,9,10,-20,-20,-20,-20,-20,-20,-20,3,-20,8,4,-20,-20,9,5,12,-20,10,-20,6,-20,-20,-20,14,6,-20,4,-20,-20,7,9,-20,-20,-20,-20,11,-20,6,11,-20,14,3,-20,-20,8,-20,-20,-20,-20,-20,-20,-20,16,17,-20,4,-20,3,-20,-20,-20,-20,3,-20,-20,-20,-20,-20,-20,-20,-20,-20,-20,4,-20,-20,-20,-20,-20,-20,-20,-20,-20,-20,7,-20,-20,4,28,23,17,-20,-20,35,10,-20,22,-20,-20,-20,47,-20,-20,-20,21,15,10,31,-20,5,8,-20,24,-20,22,15,6,4,11,-20,22,-20,40,21,-20,8,5,-20,15,11,56,34,11,15,14,7,18,-20,-20,-20,10,-20,-20,-20,-20,-20,13,-20,-20,6,-20,-20,6,-20,-20,5,-20,-20,-20,-20,-20,-20,-20,-20,12,-20,7,-20,-20,-20,-20,5,10,-20,-20,-20,4,-20,-20,11,7,-20,-20,-20,-20,-20,-20,-20,4,-20,-20,-20,-20,3,4,-20,3,-20,13,-20,-20,4,-20,-20,5,-20,-20,-20,-20,7,-20,-20,-20,5,15,-20,-20,-20,-20,-20,-20,6,-20,-20,-20,3,17,-20,3,-20,-20,4,-20,-20,-20,-20,-20,-20,-20,-20,8,4,-20,-20,-20,-20,-20,-20,-20,-20,-20,5,-20,-20,-20,-20,-20,3,-20,-20,-20,-20,-20,2,9,-20,-20,-20,-20,-20,-20,5,-20,4,-20,-20,-20,-20,3,-20,-20,-20,-20,5,-20,-20,-20,-20,-20,-20,-20,-20,-20,-20,-20,3,-20,-20,-20,-20,-20,-20,-20,5,-20,3,-20,-20,-20,-20,-20,4,12,-20,-20,-20,-20,-20,-20,3,-20,-20,-20,-20,2,4,-20,4,-20,-20,-20,-20,-20,-20,5,-20,-20,5,3,-20,6,-20,-20,-20,-20,4,-20,-20,4,-20,-20,-20,-20,-20,-20,-20,-20,-20,4,-20,-20,-20,-20,-20,-20,-20,-20,18,-20,-20,-20,-20,-20,-20,-20,-20,-20,-20,16,-20,-20,-20,11,6,-20,-20,3,10,-20,15,6,-20,11,-20,-20,-20,-20,18,-20,-20,-20,-20,-20,6,-20,-20,-20,-20,-20,-20,-20,-20,-20,-20,5,-20,-20,-20,-20,-20,-20,-20,-20,5,5,-20,5,3,4,-20,-20,-20,3,-20,-20,5,5,-20,-20,11,-20,-20,-20,-20,-20,7,8,5,3,-20,4,-20,-20,-20,-20,-20,-20,-20,5,-20,-20,8,4,-20,-20,-20,-20,3,-20,-20,-20,3,-20,10,7,-20,-20,-20,-20,3,6,-20,-20,-20,-20,8,8,-20,6,-20,-20,-20,-20,-20,-20,-20,-20,-20,-20,-20,-20,-20,-20,-20,4,-20,-20,-20,9,-20,-20,-20,-20,-20,-20,-20,-20,5,-20,-20,-20,-20,-20,7,4,-20,-20,-20,9,-20,-20,-20,-20,-20,-20,5,-20,6,-20,7,-20,-20,-20,-20,-20,-20,-20,-20,-20,-20,6,-20,4,-20,-20,-20,-20,-20,-20,-20,-20,-20,-20,-20,-20,-20,-20,-20,-20,-20,-20,-20,-20,-20,-20,-20,-20,-20,-20,6,-20,-20,-20,-20,-20,-20,-20,-20,-20,-20,-20,-20,-20,-20,62,-20,-20,-20,-20,-20,28,-20
"chr1,16766435",-20,-20,-20,-20,8,-20,-20,-20,-20,-20,-20,4,19,14,12,5,16,14,59,48,33,-20,38,20,37,23,-20,29,5,3,3,-20,10,6,39,24,20,8,7,7,8,11,5,5,20,43,5,53,-20,14,13,12,17,-20,-20,18,52,-20,18,19,21,22,18,23,8,6,13,36,46,8,24,11,10,23,24,25,9,6,7,3,5,19,13,4,-20,24,17,39,23,17,9,19,15,18,13,13,-20,30,-20,20,19,16,-20,7,-20,23,-20,24,17,-20,16,-20,-20,20,-20,-20,24,8,7,8,5,-20,3,-20,52,-20,-20,11,7,-20,24,3,-20,-20,18,38,22,-20,-20,5,9,-20,-20,-20,21,-20,-20,14,-20,16,6,12,8,16,52,5,5,28,48,6,-20,-20,-20,-20,-20,-20,-20,-20,-20,15,61,14,28,8,12,31,9,12,11,34,16,7,-20,3,23,-20,-20,17,6,8,10,-20,3,8,16,22,6,10,9,3,-20,14,15,29,32,4,9,80,7,-20,44,9,-20,7,6,6,27,8,18,-20,-20,5,-20,20,5,9,-20,4,-20,26,34,9,25,25,13,11,8,21,17,16,14,18,23,9,17,15,16,12,13,-20,19,13,7,14,7,12,14,4,29,17,12,7,6,6,10,-20,-20,8,11,3,6,22,7,-20,14,13,49,19,23,49,3,21,12,-20,11,18,4,-20,12,13,-20,-20,5,6,33,44,40,-20,-20,-20,7,-20,-20,-20,5,16,26,-20,11,25,31,34,24,21,4,4,-20,-20,-20,41,-20,6,14,16,-20,5,4,3,-20,14,-20,5,-20,5,17,7,3,24,22,4,-20,13,6,6,-20,7,4,-20,9,8,-20,-20,-20,8,4,12,4,6,6,5,4,6,-20,10,-20,-20,5,7,4,4,5,17,-20,68,4,6,4,15,-20,-20,-20,2,-20,11,-20,6,5,7,4,12,-20,6,5,-20,-20,-20,-20,7,16,-20,-20,6,-20,18,6,-20,10,9,9,3,8,5,3,6,-20,3,5,-20,-20,-20,6,5,-20,4,7,7,4,8,4,12,8,4,100,5,-20,4,-20,7,-20,6,3,5,7,-20,7,3,10,-20,13,8,9,6,7,4,9,-20,14,8,5,-20,-20,10,8,7,7,-20,3,5,8,6,-20,21,-20,4,4,6,-20,-20,33,27,-20,-20,3,3,3,-20,10,-20,-20,6,-20,4,10,10,5,4,-20,-20,-20,5,-20,6,10,-20,37,4,5,-20,5,-20,-20,7,9,8,23,28,36,22,3,30,24,5,-20,27,-20,4,5,-20,-20,18,8,10,-20,-20,11,-20,-20,9,8,-20,3,7,8,6,-20,4,9,5,11,-20,8,-20,6,-20,-20,6,14,8,32,4,-20,-20,7,10,5,-20,-20,-20,11,5,7,11,12,14,5,6,-20,9,24,-20,9,28,31,23,20,21,17,16,5,18,4,-20,13,3,-20,4,3,11,-20,14,6,15,11,11,14,6,4,22,-20,10,4,-20,12,9,-20,11,6,8,-20,6,4,26,24,18,28,9,36,11,17,20,-20,13,12,44,12,3,-20,19,17,10,34,11,6,9,17,26,63,24,15,7,3,13,19,21,12,39,22,10,9,5,-20,14,11,58,44,15,15,15,8,19,11,8,6,11,5,-20,7,9,16,14,5,-20,6,-20,8,-20,8,8,6,2,-20,11,6,-20,6,-20,-20,12,5,7,7,5,4,-20,5,14,9,9,6,4,-20,-20,11,6,7,7,-20,7,6,9,10,5,-20,6,10,4,4,4,-20,3,-20,15,8,-20,4,6,-20,5,-20,6,-20,4,7,7,5,3,5,15,4,7,8,11,-20,-20,6,5,5,-20,3,18,3,3,-20,5,4,-20,-20,-20,-20,5,-20,5,5,8,4,4,6,-20,-20,3,7,-20,-20,-20,5,-20,-20,8,-20,8,3,-20,10,3,-20,8,-20,8,-20,-20,-20,-20,-20,-20,-20,-20,4,6,-20,-20,-20,3,6,-20,6,-20,5,3,9,-20,10,2,6,5,-20,-20,-20,-20,3,-20,3,8,-20,5,3,-20,3,-20,3,-20,-20,-20,8,-20,5,13,9,4,9,4,-20,6,4,-20,9,3,-20,4,3,-20,4,-20,6,-20,7,-20,-20,5,7,5,5,3,8,6,-20,3,-20,-20,4,-20,-20,5,-20,-20,-20,-20,-20,9,7,3,-20,4,-20,6,5,9,-20,8,8,-20,18,8,8,7,9,6,12,9,7,12,10,14,9,13,7,11,-20,5,8,3,10,4,17,6,7,10,7,8,-20,-20,20,10,-20,10,-20,12,6,5,5,-20,5,-20,-20,-20,-20,5,-20,6,-20,10,-20,-20,6,-20,3,8,5,5,5,5,3,5,-20,-20,-20,3,-20,-20,5,5,-20,5,10,3,7,-20,-20,-20,7,8,6,3,-20,4,-20,3,4,-20,-20,3,-20,5,-20,-20,8,4,5,-20,3,6,3,3,-20,-20,3,-20,10,7,6,4,-20,27,-20,6,-20,-20,7,-20,9,8,10,7,-20,-20,4,-20,-20,-20,9,-20,-20,-20,7,7,8,-20,-20,4,-20,3,-20,11,-20,-20,9,3,-20,-20,-20,-20,6,7,3,-20,-20,-20,9,4,-20,4,-20,10,-20,6,-20,-20,-20,-20,4,-20,6,-20,7,-20,-20,-20,-20,-20,-20,-20,5,3,-20,8,4,5,-20,-20,-20,-20,-20,4,3,-20,6,-20,-20,-20,-20,-20,-20,-20,-20,-20,-20,-20,-20,-20,5,3,-20,-20,-20,5,-20,4,3,8,12,-20,16,23,-20,14,17,-20,20,65,125,45,20,23,24,32,21
"chr1,16766442",-20,-20,-20,-20,8,-20,-20,-20,-20,-20,-20,3,18,18,10,4,18,14,63,44,35,-20,41,23,42,23,-20,28,6,4,-20,-20,10,8,41,25,20,9,10,10,9,12,9,5,19,42,5,54,9,15,15,15,18,14,9,17,49,-20,19,19,21,25,16,23,8,6,13,36,49,9,21,13,10,26,23,30,9,8,8,5,6,18,13,5,-20,23,20,44,23,17,11,20,17,19,16,13,10,33,-20,23,24,16,-20,10,-20,22,3,23,17,-20,18,-20,26,23,9,-20,24,11,8,8,8,-20,3,-20,49,-20,-20,20,8,-20,25,4,-20,-20,18,39,22,-20,-20,6,9,-20,10,-20,27,-20,-20,12,-20,15,6,14,9,16,53,6,8,29,50,6,-20,-20,-20,-20,-20,-20,-20,-20,-20,15,64,23,23,9,13,29,10,15,13,42,16,7,-20,3,25,-20,-20,15,7,-20,14,-20,3,8,15,19,7,10,12,4,-20,15,15,28,35,5,12,80,7,-20,40,13,18,8,8,10,32,10,19,-20,-20,7,-20,24,8,8,-20,7,10,29,33,9,25,-20,13,12,9,21,17,17,14,17,20,10,18,13,18,13,15,-20,19,11,7,15,6,13,15,4,28,17,12,7,16,6,7,-20,-20,9,15,-20,-20,21,10,-20,16,13,51,18,21,64,4,23,12,10,11,21,7,4,13,16,-20,-20,7,8,33,44,46,-20,-20,-20,-20,-20,-20,-20,7,17,27,-20,16,26,30,34,26,29,4,4,-20,9,-20,53,-20,-20,15,16,-20,6,3,3,-20,14,-20,6,4,6,21,7,3,26,27,4,-20,13,7,7,5,-20,7,-20,11,9,3,5,-20,9,4,10,3,4,6,3,6,7,-20,10,-20,-20,5,8,3,4,5,20,3,70,5,6,4,18,7,-20,-20,2,-20,10,13,5,6,13,4,15,-20,9,6,-20,-20,-20,-20,8,19,-20,-20,5,-20,20,6,-20,8,12,7,3,9,5,3,8,4,6,4,-20,-20,3,6,4,-20,7,6,-20,5,9,5,11,8,4,100,-20,8,5,-20,7,-20,5,3,8,7,-20,8,4,10,-20,13,8,12,12,8,4,10,-20,13,8,6,-20,-20,12,7,7,9,-20,3,5,9,6,3,20,-20,4,6,6,-20,-20,33,27,-20,6,3,3,4,8,11,9,-20,7,-20,4,11,10,5,7,-20,7,-20,6,-20,6,9,-20,42,6,5,3,5,-20,-20,6,7,-20,21,27,36,24,8,30,24,5,-20,32,29,5,7,-20,-20,20,-20,11,10,3,14,-20,-20,9,7,-20,3,9,12,7,-20,-20,12,3,12,-20,9,-20,9,-20,-20,7,12,8,29,4,3,12,9,11,5,-20,-20,-20,16,6,7,14,13,17,6,-20,3,-20,26,-20,10,31,35,27,21,22,17,19,6,18,6,-20,19,4,4,5,5,14,-20,17,6,21,17,14,16,7,6,28,3,15,5,-20,16,11,-20,15,-20,11,6,7,4,26,29,17,33,9,35,15,18,19,-20,12,16,47,13,6,-20,17,14,13,38,11,8,10,12,24,63,23,15,6,4,13,20,21,14,39,20,-20,13,10,-20,14,10,57,43,15,16,15,-20,20,13,10,6,15,5,8,-20,10,23,19,-20,-20,8,-20,10,-20,9,9,8,4,6,12,6,-20,5,-20,5,13,7,11,7,5,7,-20,5,13,12,9,7,-20,-20,11,11,8,8,12,-20,10,9,12,11,6,4,6,10,-20,-20,7,-20,-20,-20,16,11,14,5,9,-20,6,7,9,7,5,8,7,7,6,6,15,-20,8,9,15,8,-20,10,-20,12,-20,-20,23,3,5,-20,7,6,13,-20,-20,-20,5,-20,4,6,10,4,4,7,-20,-20,3,10,-20,7,-20,5,-20,-20,11,-20,8,4,-20,12,4,-20,10,4,8,4,-20,-20,4,-20,-20,-20,-20,5,8,-20,-20,-20,5,6,-20,6,3,4,3,12,-20,10,5,7,5,-20,-20,-20,3,3,3,6,12,-20,4,-20,5,6,3,4,-20,-20,12,8,-20,7,13,11,6,9,5,7,9,-20,-20,11,5,4,4,3,-20,4,-20,9,7,9,-20,3,-20,9,5,10,3,10,8,-20,4,4,2,4,4,6,9,-20,-20,-20,-20,4,10,7,7,-20,4,-20,9,6,12,-20,11,14,11,17,11,15,7,12,11,13,11,10,13,11,12,13,16,12,10,8,8,11,5,12,5,19,9,11,10,10,9,-20,5,20,11,11,13,6,14,6,6,6,-20,8,8,-20,8,-20,6,5,6,4,11,5,4,7,-20,4,11,6,10,-20,-20,5,6,4,-20,5,8,-20,-20,6,6,4,9,10,4,8,-20,4,-20,8,8,-20,-20,-20,7,-20,4,4,-20,6,4,-20,7,7,-20,11,6,6,-20,3,8,3,3,-20,-20,4,-20,10,11,8,4,3,31,5,8,7,3,9,-20,9,14,11,8,8,-20,6,-20,4,3,11,-20,-20,-20,8,7,13,3,6,5,5,4,-20,12,5,9,-20,6,-20,-20,4,-20,8,9,9,3,3,-20,9,-20,-20,3,4,8,3,7,3,-20,-20,-20,5,-20,5,-20,5,-20,-20,-20,6,-20,-20,-20,3,3,-20,8,-20,-20,3,-20,-20,-20,6,5,-20,-20,6,-20,-20,-20,-20,3,-20,-20,4,-20,-20,-20,-20,-20,5,3,-20,-20,9,6,-20,5,5,8,14,4,18,20,7,14,17,-20,22,71,123,48,22,24,27,35,24
"chr1,16766451",-20,-20,-20,-20,7,-20,-20,-20,-20,-20,-20,3,17,19,9,4,24,15,65,47,37,-20,41,23,43,24,18,27,7,5,-20,3,11,8,45,26,21,10,11,10,9,-20,9,6,14,43,5,58,11,13,14,18,22,16,15,20,48,-20,18,21,23,28,16,24,8,8,13,39,44,14,24,13,10,29,25,30,8,8,7,7,6,20,12,4,3,23,22,44,22,18,11,18,17,23,16,12,12,34,-20,26,26,17,-20,10,20,26,3,23,16,8,17,-20,28,26,9,-20,26,11,7,7,8,-20,4,3,51,-20,-20,20,-20,-20,26,4,-20,-20,15,37,22,-20,-20,8,8,-20,8,-20,29,-20,-20,15,-20,11,6,14,9,17,52,-20,7,32,57,6,-20,-20,-20,-20,-20,-20,-20,-20,4,18,62,24,21,11,15,27,9,19,10,50,18,7,9,3,24,3,-20,14,7,10,15,8,4,11,15,20,8,8,16,6,5,17,21,29,35,5,17,80,11,-20,41,13,18,12,8,11,42,9,21,-20,5,7,6,21,7,6,10,10,10,26,35,9,23,-20,14,12,10,18,16,20,16,15,19,9,18,15,17,14,17,6,19,14,7,15,8,11,17,4,29,17,12,7,22,7,6,12,11,10,17,7,7,22,12,-20,18,14,50,23,21,69,5,23,15,13,11,22,-20,5,10,16,-20,-20,6,10,37,52,47,-20,3,-20,10,-20,-20,-20,6,18,23,-20,21,31,27,36,24,31,5,4,3,10,-20,59,-20,9,16,15,4,-20,4,3,-20,14,-20,7,-20,5,27,9,5,30,25,6,-20,12,11,9,-20,14,-20,6,14,8,5,-20,-20,8,6,9,-20,6,8,4,7,8,-20,9,3,-20,5,8,-20,6,4,24,3,76,6,6,4,22,-20,-20,-20,2,-20,11,20,6,5,14,5,16,-20,8,6,4,-20,-20,-20,7,22,-20,2,-20,-20,23,-20,4,9,13,7,4,10,5,4,9,4,8,3,2,5,3,5,4,-20,6,9,10,6,10,7,10,8,3,97,-20,8,-20,3,-20,6,6,4,10,8,-20,10,-20,8,-20,16,7,14,14,12,4,10,-20,-20,9,6,-20,-20,13,8,7,11,-20,5,6,14,-20,3,20,-20,5,8,6,3,3,33,26,6,9,3,3,5,-20,10,10,-20,9,-20,-20,13,10,6,10,-20,10,-20,6,-20,7,9,-20,42,6,5,3,5,3,-20,-20,7,-20,26,31,38,27,10,29,29,5,-20,35,34,8,7,30,-20,15,7,10,12,3,15,3,-20,8,6,-20,5,7,10,7,5,4,14,5,14,-20,11,3,8,-20,-20,-20,12,8,34,5,3,14,10,10,6,3,5,-20,18,-20,-20,17,13,15,7,-20,3,8,25,7,12,32,35,26,21,22,17,22,6,24,7,-20,21,5,5,5,5,15,5,17,7,23,18,16,15,8,5,30,-20,15,-20,-20,14,9,-20,15,10,11,-20,6,4,26,30,16,34,9,38,21,17,19,-20,12,18,45,14,9,-20,17,13,13,44,16,8,9,13,28,72,25,15,6,12,14,24,19,17,35,20,11,13,24,-20,16,11,61,45,16,17,18,5,17,10,11,7,15,6,8,7,10,24,20,8,-20,8,-20,10,-20,13,10,8,4,6,13,6,8,5,-20,7,11,7,12,7,-20,7,5,5,11,13,10,8,8,-20,12,11,7,13,10,-20,5,10,12,10,9,4,5,12,4,-20,5,7,7,7,16,10,14,4,10,-20,8,7,9,8,4,7,6,8,7,5,13,5,10,7,11,8,-20,12,6,11,-20,7,24,4,4,5,7,7,13,-20,4,3,5,3,5,7,11,4,6,8,-20,-20,4,9,-20,7,5,6,-20,5,9,-20,7,-20,10,12,4,-20,10,3,9,6,-20,-20,4,-20,-20,-20,-20,5,7,6,-20,-20,4,6,-20,6,3,4,3,9,4,13,5,8,-20,4,-20,-20,3,4,4,7,12,3,6,-20,-20,6,3,4,-20,6,-20,9,-20,7,10,12,7,10,7,7,10,5,-20,16,-20,4,6,3,-20,4,-20,10,7,8,-20,3,3,8,6,10,4,10,8,-20,6,3,-20,3,4,-20,-20,-20,-20,-20,-20,4,14,7,7,6,4,-20,8,6,17,-20,10,17,12,18,13,15,8,16,11,14,8,9,12,10,11,15,16,14,8,8,8,10,5,10,5,19,11,10,9,12,8,-20,6,20,10,10,14,8,14,8,5,6,-20,8,-20,3,8,-20,7,5,8,4,13,5,5,7,-20,4,11,7,11,10,8,5,5,7,5,-20,8,7,7,7,7,-20,9,6,6,8,-20,4,6,8,8,7,5,-20,8,-20,4,4,-20,6,4,-20,7,8,-20,11,6,5,-20,-20,5,3,5,-20,-20,4,-20,12,12,7,5,5,31,4,7,8,4,9,-20,10,13,12,8,10,-20,7,-20,6,5,13,-20,-20,5,6,9,13,4,8,5,5,4,-20,10,5,9,20,6,-20,5,4,-20,9,10,11,6,-20,-20,11,-20,-20,-20,4,11,6,8,4,-20,-20,-20,3,-20,4,-20,6,-20,-20,-20,11,-20,-20,3,5,3,-20,-20,3,-20,4,-20,3,3,6,-20,6,-20,5,4,5,-20,-20,5,-20,6,4,-20,-20,6,-20,3,11,4,-20,-20,10,7,-20,5,-20,13,15,6,21,21,7,18,16,28,24,71,119,48,20,23,28,36,26
"chr1,16766456",-20,-20,-20,6,7,-20,-20,-20,-20,-20,-20,4,17,24,11,6,26,13,64,43,37,-20,34,21,39,22,17,25,10,7,-20,3,11,8,45,27,19,10,10,8,9,13,11,6,18,41,5,61,10,12,16,17,25,14,15,20,48,-20,19,20,20,32,15,26,9,8,15,38,40,15,22,11,10,28,25,30,10,8,7,7,6,17,10,4,-20,22,19,41,27,15,9,17,17,24,14,10,12,32,-20,25,23,18,-20,10,19,24,-20,22,16,8,14,-20,27,21,9,3,26,11,7,8,8,3,5,3,46,-20,-20,20,10,4,27,5,4,-20,15,37,20,-20,-20,7,8,-20,7,3,26,-20,-20,16,-20,11,6,15,8,17,55,-20,8,32,53,5,-20,4,-20,-20,-20,-20,-20,-20,5,17,60,21,21,11,16,28,10,21,10,46,17,7,9,-20,27,4,-20,17,7,11,18,8,4,11,-20,19,10,9,22,5,6,16,19,30,36,6,19,73,12,-20,41,12,28,12,11,11,43,10,20,4,6,7,6,22,7,7,11,11,11,23,33,9,22,16,13,16,10,18,15,19,18,18,19,10,17,19,16,14,16,6,18,14,7,14,9,13,12,4,29,19,14,8,23,7,6,13,11,13,19,8,11,23,13,-20,19,17,51,28,17,73,5,22,12,13,11,23,7,5,10,16,-20,9,8,11,41,60,50,-20,3,-20,-20,-20,-20,-20,8,18,22,-20,20,29,25,34,21,29,5,4,3,10,-20,59,-20,11,15,15,4,7,5,-20,-20,14,-20,9,4,5,26,8,5,28,24,9,-20,12,11,10,5,14,7,6,17,10,5,-20,-20,8,8,10,-20,6,9,5,6,8,3,9,4,6,5,8,-20,7,4,20,3,74,8,7,3,24,8,-20,3,-20,-20,10,21,5,6,16,5,20,-20,6,5,5,3,5,-20,7,27,-20,-20,8,-20,24,10,5,8,12,7,5,10,6,4,9,4,8,3,3,4,-20,5,7,3,6,6,11,8,10,9,14,8,4,90,6,9,-20,2,-20,6,6,3,10,9,3,11,4,8,-20,14,6,18,13,11,4,10,-20,11,8,7,-20,-20,13,6,7,13,-20,4,4,14,6,5,19,4,5,8,6,-20,3,36,21,6,9,4,3,6,9,10,10,7,10,5,6,13,12,7,13,-20,10,6,5,-20,7,9,-20,43,6,5,3,6,3,-20,7,7,9,25,33,38,28,10,29,28,5,-20,33,34,7,7,29,-20,14,8,9,13,4,18,4,-20,10,6,-20,6,7,13,7,4,4,16,6,18,-20,12,4,8,-20,-20,-20,12,8,32,-20,4,14,11,8,6,3,6,-20,19,6,11,18,12,17,8,-20,-20,11,26,8,12,33,35,27,21,21,15,22,6,24,7,-20,23,5,5,8,5,15,5,16,7,24,18,15,15,8,5,28,5,18,-20,-20,12,9,5,11,9,14,6,7,4,27,32,15,30,9,36,23,14,19,9,13,18,48,15,12,11,18,12,17,44,21,9,10,14,26,75,26,18,7,15,16,24,19,18,31,21,10,16,-20,-20,21,11,69,50,19,17,19,7,17,10,12,9,15,6,8,7,10,25,20,-20,-20,8,7,10,-20,13,9,8,-20,7,13,5,9,5,-20,8,11,6,13,7,7,7,5,5,11,13,11,7,6,-20,13,10,7,13,10,4,6,11,8,10,9,5,5,13,3,3,5,8,7,7,17,9,14,4,-20,5,9,7,10,8,4,7,6,10,6,6,13,6,10,9,9,9,4,11,7,11,-20,7,23,3,-20,4,7,7,12,-20,4,3,5,3,5,6,10,4,6,8,-20,-20,4,8,-20,7,4,6,3,5,8,-20,7,3,9,12,4,-20,9,-20,9,6,-20,3,3,-20,-20,8,-20,5,7,7,3,-20,4,7,-20,6,3,4,3,9,4,13,5,8,-20,4,-20,-20,-20,4,4,7,12,3,5,5,-20,-20,5,4,-20,4,11,10,-20,8,10,14,-20,12,7,8,11,6,-20,17,-20,4,6,-20,-20,4,-20,9,7,7,-20,3,3,8,6,10,6,11,8,3,5,-20,-20,-20,5,-20,9,-20,5,-20,-20,4,14,7,8,5,4,-20,9,6,20,-20,10,17,11,18,12,13,10,16,11,13,7,7,12,9,12,15,15,14,8,9,8,11,5,11,5,16,9,10,10,13,8,3,6,20,10,9,13,7,14,9,5,6,-20,7,7,4,7,-20,7,5,8,-20,13,5,-20,7,-20,4,10,6,11,10,7,5,5,6,7,-20,10,6,7,7,7,8,10,7,5,7,-20,4,7,7,8,7,5,-20,8,-20,5,3,-20,5,4,-20,6,8,-20,11,7,3,4,-20,5,3,4,2,-20,4,-20,12,11,6,4,5,30,4,8,9,-20,9,-20,10,13,11,8,9,-20,6,-20,6,6,16,3,-20,5,7,9,14,5,9,4,6,4,-20,10,5,7,18,6,-20,4,5,4,11,10,13,-20,3,-20,10,-20,-20,-20,3,12,7,-20,-20,4,2,-20,-20,-20,4,10,6,-20,-20,-20,12,-20,3,4,5,3,-20,9,3,8,4,-20,4,5,7,5,8,-20,7,3,7,-20,5,7,7,6,7,4,3,8,-20,4,18,6,-20,-20,12,7,-20,6,-20,14,16,7,21,15,10,18,16,26,23,71,89,48,23,23,32,36,28
