"chr,position",88,108,139,159,265,350,351,403,410,424,428,430,470,476,484,504,506,531,544,546,628,630,680,681,685,687,728,742,763,765,766,768,772,801,853,854,867,868,870,915,932,991,992,997,1002,1006,1061,1062,1063,1066,1070,1158,1166,1254,1257,1313,1317,1552,1612,1622,1651,1652,1676,1684,1739,1741,1756,1757,1793,1797,1819,1820,1829,1834,1835,1851,1852,1853,1872,1890,1925,1942,1943,1954,2016,2017,2031,2053,2057,2081,2091,2106,2108,2141,2159,2166,2171,2191,2202,2212,2239,2240,2276,2278,2285,2286,2317,2370,2412,4779,4807,4826,4840,4857,4884,4900,4939,4958,5023,5104,5151,5165,5210,5236,5249,5253,5276,5279,5349,5353,5395,5486,5577,5644,5651,5717,5718,5720,5726,5741,5748,5757,5768,5772,5776,5779,5784,5798,5800,5811,5822,5830,5831,5832,5836,5837,5856,5860,5865,5867,5874,5890,5893,5907,5921,5950,5984,5993,6008,6009,6010,6011,6012,6013,6016,6017,6019,6020,6021,6022,6023,6024,6025,6030,6034,6035,6036,6038,6039,6040,6041,6042,6043,6046,6064,6069,6070,6071,6073,6074,6076,6077,6085,6086,6087,6088,6090,6091,6092,6094,6095,6096,6097,6098,6099,6100,6101,6102,6104,6105,6106,6107,6108,6109,6111,6112,6113,6114,6115,6118,6119,6122,6123,6124,6125,6126,6128,6131,6132,6133,6134,6136,6137,6138,6140,6141,6142,6145,6148,6149,6150,6151,6153,6154,6163,6166,6169,6172,6173,6174,6177,6180,6184,6188,6189,6191,6192,6193,6194,6195,6198,6201,6202,6203,6209,6210,6214,6216,6217,6218,6220,6221,6231,6235,6237,6238,6240,6241,6242,6243,6244,6252,6255,6258,6268,6276,6284,6296,6390,6396,6413,6424,6434,6445,6680,6739,6740,6744,6749,6750,6805,6806,6814,6830,6897,6898,6900,6901,6903,6904,6907,6908,6909,6911,6913,6915,6917,6918,6919,6920,6922,6923,6924,6926,6927,6929,6931,6932,6933,6938,6940,6943,6944,6945,6951,6956,6957,6958,6959,6960,6961,6963,6966,6967,6968,6969,6970,6971,6973,6974,6975,6976,6979,6981,6982,6984,6986,6987,6989,6990,6992,6997,7000,7002,7003,7008,7013,7014,7025,7026,7028,7031,7033,7036,7058,7061,7062,7063,7064,7067,7068,7071,7072,7077,7081,7092,7094,7096,7102,7103,7106,7107,7109,7111,7117,7119,7120,7125,7126,7127,7130,7133,7138,7143,7147,7158,7160,7161,7162,7163,7164,7165,7169,7177,7181,7183,7186,7192,7199,7202,7203,7207,7208,7209,7213,7217,7218,7223,7231,7236,7244,7248,7250,7255,7258,7268,7273,7276,7280,7282,7287,7288,7296,7298,7305,7306,7307,7314,7316,7319,7320,7322,7323,7327,7328,7332,7333,7337,7342,7343,7344,7346,7347,7349,7350,7353,7354,7356,7358,7359,7372,7373,7377,7378,7382,7383,7384,7387,7394,7396,7404,7411,7413,7415,7416,7417,7418,7419,7424,7427,7430,7460,7461,7471,7475,7477,7514,7515,7516,7517,7520,7521,7523,7525,7529,7530,7566,7568,7717,7757,7767,7917,7947,8037,8057,8077,8132,8171,8214,8222,8227,8230,8231,8233,8234,8235,8236,8237,8238,8239,8240,8241,8242,8243,8244,8246,8247,8249,8256,8258,8259,8264,8283,8284,8285,8290,8297,8306,8307,8311,8312,8326,8334,8335,8337,8343,8351,8354,8357,8365,8366,8369,8376,8386,8387,8419,8420,8422,8424,8426,8427,8464,8483,8699,8723,9027,9057,9058,9067,9069,9070,9075,9078,9079,9081,9084,9085,9089,9091,9095,9099,9100,9102,9103,9104,9105,9106,9111,9113,9114,9115,9121,9125,9128,9130,9131,9133,9134,9298,9312,9314,9321,9323,9332,9336,9339,9343,9352,9353,9363,9369,9370,9371,9380,9381,9382,9383,9386,9388,9390,9391,9392,9394,9395,9399,9402,9404,9405,9407,9408,9409,9412,9413,9416,9421,9427,9433,9436,9437,9442,9450,9451,9452,9453,9454,9455,9470,9471,9476,9481,9503,9506,9507,9508,9509,9510,9511,9512,9513,9514,9515,9517,9518,9519,9520,9521,9522,9523,9524,9525,9526,9527,9528,9529,9530,9531,9532,9533,9534,9535,9536,9537,9539,9540,9541,9542,9543,9544,9545,9546,9547,9548,9549,9550,9551,9552,9553,9554,9555,9556,9557,9558,9559,9560,9561,9562,9564,9565,9567,9568,9569,9571,9573,9574,9576,9577,9578,9579,9581,9582,9583,9584,9585,9586,9587,9588,9589,9590,9591,9592,9593,9594,9595,9596,9597,9598,9599,9600,9601,9602,9606,9607,9608,9609,9610,9611,9612,9613,9615,9616,9617,9619,9620,9621,9622,9624,9625,9626,9627,9628,9629,9630,9631,9632,9633,9634,9635,9636,9637,9638,9639,9640,9641,9642,9643,9644,9645,9646,9647,9648,9649,9651,9653,9655,9656,9657,9658,9659,9660,9661,9663,9664,9665,9666,9667,9668,9669,9670,9671,9672,9673,9676,9677,9678,9679,9680,9681,9682,9683,9684,9685,9686,9687,9689,9690,9691,9692,9693,9694,9695,9696,9697,9698,9699,9700,9701,9703,9704,9705,9706,9707,9708,9709,9710,9711,9712,9713,9714,9716,9717,9718,9719,9720,9721,9722,9723,9725,9726,9727,9728,9729,9730,9731,9732,9733,9735,9736,9737,9738,9739,9741,9743,9744,9745,9747,9748,9749,9754,9755,9756,9757,9758,9759,9761,9762,9764,9766,9768,9769,9770,9771,9772,9774,9775,9776,9777,9778,9779,9780,9781,9782,9783,9784,9785,9786,9787,9788,9789,9790,9791,9792,9793,9794,9795,9796,9797,9798,9799,9800,9801,9802,9803,9804,9805,9806,9807,9808,9809,9810,9811,9812,9813,9814,9815,9816,9817,9819,9820,9821,9822,9823,9824,9825,9826,9827,9828,9830,9831,9832,9833,9834,9835,9836,9837,9838,9839,9840,9841,9843,9844,9845,9846,9847,9848,9849,9850,9851,9852,9853,9854,9855,9856,9857,9858,9859,9860,9861,9862,9864,9866,9867,9868,9869,9870,9871,9873,9874,9875,9876,9877,9878,9879,9880,9881,9882,9883,9885,9886,9887,9888,9890,9891,9892,9894,9895,9897,9898,9899,9900,9901,9902,9903,9904,9905,9906,9908,9909,9910,9911,9912,9914,9915,9917,9918,9920,9921,9924,9925,9926,9927,9928,9929,9930,9932,9933,9935,9937,9938,9939,9941,9942,9943,9944,9945,9946,9947,9948,9949,9950,9951,9952,9953,9955,9956,9957,9958,9959,9960,9962,9963,9964,9965,9966,9968,9969,9970,9971,9972,9973,9974,9975,9976,9978,9979,9980,9981,9982,9983,9984,9985,9986,9987,9988,9990,9991,9993,9995,9996,9997,9998,9999,10001,10002,10004,10005,10006,10008,10009,10010,10011,10012,10013,10014,10015,10017,10018,10020,10022,10023,10027,14312,14313,14314,14315,14318,14319,15560,15591,15592,15593,18694,18696,19949,19950,19951
"chr4,2178993",8,10,4,13,10,14,11,10,8,6,10,13,44,25,21,26,44,29,88,74,56,9,60,44,69,22,19,33,33,10,15,8,24,15,81,62,45,33,24,-20,10,50,40,19,24,44,12,65,11,30,35,38,40,25,27,17,58,50,36,23,34,41,39,19,43,35,20,71,64,18,53,29,20,27,30,50,32,10,17,11,15,29,33,15,12,37,26,62,47,35,30,25,60,33,40,37,26,56,7,54,32,34,8,-20,38,66,8,32,31,-20,15,6,42,32,9,9,45,14,4,5,20,-20,9,10,58,10,10,46,9,-20,30,9,13,-20,38,43,45,12,7,12,10,4,10,11,41,14,6,35,11,-20,16,18,48,34,55,16,12,41,93,30,14,6,16,9,10,11,14,10,14,24,63,60,50,21,16,45,12,21,36,106,59,31,41,8,64,16,31,38,23,23,66,38,8,16,23,26,47,40,48,-20,25,13,52,57,82,42,50,100,29,32,95,38,92,35,38,18,78,32,37,24,26,36,53,36,40,34,43,46,32,39,44,28,40,81,17,22,34,24,28,38,28,38,29,44,20,36,35,27,39,26,35,38,13,29,30,40,26,39,37,32,30,36,43,32,26,14,20,35,69,53,44,33,32,46,57,30,45,80,40,90,23,17,13,29,7,38,19,8,24,24,20,33,-20,39,88,68,75,12,9,8,28,11,6,10,15,33,45,10,38,39,53,54,33,66,14,14,8,17,26,211,16,29,10,26,18,15,13,34,10,34,16,18,12,14,32,16,15,38,85,22,15,30,22,29,20,18,12,-20,24,16,20,8,5,31,21,12,10,18,51,37,22,22,16,22,2,18,25,12,9,28,11,14,11,67,18,7,14,78,16,9,9,13,8,31,10,30,24,12,13,13,12,-20,24,18,22,-20,8,21,113,18,24,9,19,18,43,18,20,27,17,16,19,7,14,31,11,12,17,9,9,11,12,15,16,18,20,33,19,16,28,24,41,13,152,38,16,-20,13,16,12,10,14,18,15,11,14,17,9,16,22,16,64,14,11,10,14,13,14,17,11,18,8,21,21,9,20,16,12,10,25,15,-20,17,14,9,18,11,14,19,54,36,29,12,21,-20,10,26,19,16,15,-20,12,22,22,17,33,17,10,30,17,19,8,16,15,17,64,13,18,15,35,14,15,23,13,8,40,57,52,65,11,50,54,5,8,53,56,-20,23,44,11,23,40,32,20,9,27,14,-20,34,8,7,36,41,63,12,16,11,13,27,36,35,45,22,18,12,15,10,26,28,42,14,14,31,51,26,21,15,43,18,108,6,26,26,32,37,28,16,18,50,36,41,29,52,82,42,44,39,35,58,13,41,13,15,29,7,14,16,17,19,17,14,19,37,24,29,32,33,16,67,14,6,20,29,28,17,31,28,14,19,7,14,14,45,23,13,83,42,43,52,31,20,48,30,55,63,27,57,39,39,50,24,100,45,46,11,44,43,129,34,10,20,22,34,39,32,16,31,38,23,57,66,13,40,29,97,34,75,60,32,33,16,27,27,11,10,23,13,6,-20,-20,22,14,-20,10,23,19,19,20,22,18,13,13,17,10,-20,17,-20,16,12,13,18,25,19,10,21,20,13,15,15,14,14,14,22,26,16,16,-20,-20,17,25,16,12,11,6,10,12,13,15,10,8,15,13,7,22,15,15,9,14,-20,13,26,22,12,23,25,14,23,12,-20,19,21,28,21,17,18,10,14,14,15,14,-20,10,7,10,9,14,17,9,9,13,16,15,17,14,17,4,9,16,16,11,6,14,16,18,9,5,22,7,18,15,10,12,9,21,-20,9,19,12,-20,9,-20,16,15,9,-20,16,8,-20,13,13,-20,10,22,14,7,13,-20,14,13,-20,19,30,8,8,20,14,12,-20,9,12,15,16,23,5,17,11,13,22,10,15,11,7,-20,17,17,21,31,36,10,23,5,22,35,18,13,11,10,19,18,8,22,11,10,35,13,22,8,6,13,15,12,25,20,18,18,6,18,8,17,15,11,12,11,11,11,18,9,15,19,23,20,22,12,9,-20,6,111,16,25,18,29,18,43,29,22,28,18,28,18,18,25,13,29,20,20,17,18,34,51,16,30,20,23,20,18,44,20,23,30,14,13,31,18,19,15,22,24,10,18,8,7,17,11,9,7,6,-20,14,12,20,15,-20,13,11,16,-20,12,9,13,-20,13,12,19,13,26,6,-20,13,15,22,-20,13,21,-20,-20,21,12,12,-20,-20,8,13,11,6,6,6,14,-20,7,-20,-20,8,10,18,19,17,22,18,-20,13,18,18,14,17,25,-20,-20,9,13,22,16,27,54,-20,25,19,18,16,13,18,37,16,-20,-20,14,10,12,5,7,25,5,12,15,12,13,25,17,15,8,11,-20,12,10,14,6,19,4,21,13,21,6,7,13,-20,3,7,13,18,9,11,9,8,12,-20,22,12,23,16,-20,11,9,15,29,14,13,-20,10,31,7,8,7,17,12,8,24,13,11,18,15,11,3,11,8,16,-20,17,9,11,15,12,12,12,5,-20,14,7,7,5,-20,23,27,9,12,15,7,5,20,10,68,30,14,28,26,22,28,35,61,41,73,68,119,51,73,55,39,53
"chr4,2178995",8,10,4,13,10,13,11,10,8,6,-20,13,45,26,22,23,43,31,91,74,56,9,61,44,70,23,-20,34,33,10,15,8,24,14,82,60,47,34,23,-20,-20,51,40,19,24,45,12,66,10,30,32,36,40,23,28,17,57,51,36,25,33,39,39,19,48,34,22,72,60,19,53,29,21,28,33,49,31,-20,14,11,15,30,34,14,12,38,27,62,47,32,28,24,60,33,39,39,24,54,-20,52,30,35,8,-20,39,66,8,32,33,-20,13,5,43,31,9,9,46,11,4,5,20,-20,9,10,58,10,10,47,8,-20,29,9,13,-20,38,45,45,12,7,11,10,3,9,9,41,14,-20,33,11,-20,19,18,45,33,54,15,11,41,92,29,14,6,14,9,10,12,14,10,15,23,64,60,51,21,16,46,12,20,35,111,57,30,40,9,62,13,34,38,21,24,67,36,9,16,22,26,47,44,47,-20,25,14,51,63,78,42,50,96,28,32,95,39,91,31,38,20,77,33,40,24,30,33,51,37,40,32,43,49,35,39,45,29,43,78,17,22,32,24,30,40,27,37,28,41,21,36,33,30,39,26,36,41,12,29,29,38,26,38,38,33,31,34,44,31,26,14,19,36,72,54,45,34,29,45,63,31,43,78,40,92,24,19,13,30,7,38,20,8,25,24,19,33,-20,39,90,59,74,12,7,8,29,11,5,10,14,32,45,10,38,39,57,51,33,65,13,14,8,17,25,208,17,29,10,26,18,14,13,35,10,34,17,17,12,14,32,17,15,37,89,23,14,31,22,28,20,18,13,-20,26,16,20,7,6,29,21,13,11,18,54,35,22,22,16,23,2,18,24,12,8,27,10,12,12,64,18,7,14,77,16,9,8,13,9,31,10,31,24,13,14,12,11,-20,23,18,22,-20,8,21,110,18,25,8,19,21,43,18,19,28,17,14,18,7,14,34,9,12,17,9,9,11,13,15,16,17,19,33,19,15,28,23,41,12,152,41,14,-20,13,15,10,11,14,18,14,11,13,17,8,16,21,17,63,14,11,9,14,13,13,17,11,18,8,20,21,7,18,15,12,11,25,16,9,16,15,9,18,11,14,19,55,35,29,13,20,-20,10,26,19,16,15,-20,12,22,23,18,33,17,8,29,17,18,8,15,13,17,66,11,18,14,34,14,14,25,13,9,38,55,53,61,10,50,53,5,8,57,55,-20,21,46,12,23,42,32,21,9,29,14,7,34,8,7,35,42,62,12,17,12,13,26,38,36,45,23,15,12,15,10,26,27,41,14,14,29,47,26,22,15,42,19,108,6,26,26,32,37,28,17,17,50,35,40,30,55,83,41,45,43,36,58,12,40,13,15,30,7,14,17,17,19,17,14,18,36,24,29,33,31,17,65,13,6,19,26,27,17,29,25,13,17,6,14,14,45,22,13,83,43,44,52,33,19,51,31,48,60,28,58,39,41,52,24,97,44,48,11,43,45,124,35,13,20,22,35,40,30,17,32,39,23,60,61,13,41,30,100,35,75,59,31,35,16,25,27,10,9,21,13,6,11,-20,23,12,-20,8,22,19,19,20,22,16,12,13,17,8,-20,17,-20,12,10,13,15,23,17,10,20,20,13,13,15,15,14,14,21,25,14,15,-20,-20,17,25,13,10,11,7,10,12,12,14,10,8,14,12,7,20,14,15,9,14,-20,12,26,22,11,22,24,14,24,12,-20,20,20,26,22,16,18,9,13,14,15,13,-20,8,7,10,9,13,17,8,8,13,15,13,17,14,17,3,8,14,15,10,6,15,16,18,10,5,19,6,18,15,9,12,8,20,-20,7,18,12,-20,8,-20,15,15,7,-20,16,8,-20,11,12,-20,10,22,12,8,13,6,14,13,5,18,28,7,9,16,12,12,-20,8,12,16,14,22,4,15,11,13,20,10,14,11,7,-20,16,15,19,28,35,10,21,5,22,35,15,12,10,10,18,17,8,19,11,9,30,12,22,7,6,13,15,10,24,19,15,20,6,17,7,16,14,10,10,10,11,11,18,8,14,19,21,19,21,12,9,-20,6,108,16,24,18,29,16,38,29,21,27,19,26,17,17,25,14,27,18,19,17,18,34,48,15,30,20,22,18,16,42,17,21,29,13,13,30,16,19,14,20,22,9,15,7,7,17,10,9,7,5,-20,15,12,18,15,-20,12,11,16,-20,12,8,13,12,13,12,19,12,27,7,-20,13,13,22,-20,13,20,-20,-20,20,11,12,8,-20,7,12,10,7,6,6,11,-20,6,-20,4,7,10,18,18,17,20,18,-20,12,18,18,13,15,21,-20,10,10,12,20,12,27,53,-20,25,19,18,15,13,16,36,14,-20,-20,12,10,12,5,7,24,5,11,15,11,12,25,17,15,8,10,-20,11,9,15,6,18,4,20,11,20,8,7,12,5,3,6,13,18,9,12,-20,9,11,11,20,10,24,16,-20,12,8,15,29,17,14,-20,6,28,7,8,6,17,10,8,27,14,10,18,14,12,-20,10,8,14,-20,15,10,11,12,9,11,12,6,-20,15,6,6,5,4,21,23,7,12,16,6,4,19,10,64,33,14,27,27,22,29,37,59,39,65,47,119,50,75,56,40,53
"chr4,2178998",8,10,4,13,10,12,11,10,8,6,10,13,43,27,23,20,45,30,90,73,57,9,60,43,70,25,20,35,29,10,15,9,22,14,80,59,50,34,23,-20,-20,51,39,22,21,46,12,72,10,30,39,35,41,23,30,18,60,49,34,25,31,38,38,20,46,33,24,75,60,19,53,29,21,27,34,55,28,8,14,11,15,29,33,14,12,37,28,64,47,33,30,23,58,34,37,36,24,53,9,53,30,35,8,-20,39,65,8,33,33,-20,13,5,45,31,9,10,46,11,4,-20,19,-20,9,9,58,11,10,48,8,-20,27,9,14,-20,39,45,47,11,7,11,9,4,9,9,39,14,6,36,11,-20,19,22,44,36,59,15,12,41,89,30,14,6,14,9,10,12,12,9,15,22,67,63,53,21,16,46,12,22,33,114,55,31,39,-20,67,13,38,38,22,19,63,35,9,18,21,26,49,43,45,-20,27,16,52,58,81,39,53,99,29,33,95,37,94,30,38,20,76,30,40,23,31,33,48,39,42,31,44,47,35,41,46,28,44,75,15,23,30,22,31,40,26,38,27,41,18,38,33,32,39,26,34,39,14,29,31,34,25,34,36,32,24,34,47,30,29,12,-20,35,72,49,44,37,32,45,62,33,46,78,39,97,25,18,13,31,7,39,26,11,26,24,19,37,11,38,93,59,77,11,7,8,29,10,5,11,13,34,43,10,39,40,57,48,32,66,16,14,9,17,24,201,16,32,10,27,18,13,13,35,11,33,16,16,11,13,33,18,15,39,87,24,15,28,22,28,19,19,12,-20,26,15,20,7,7,29,19,13,11,17,50,36,19,22,15,25,-20,18,25,11,7,24,10,12,12,66,19,7,15,79,17,11,8,11,9,31,10,30,23,12,13,12,11,-20,19,16,21,-20,8,22,111,18,25,8,21,22,40,21,20,27,18,14,18,7,11,34,8,12,17,9,10,11,13,15,16,16,17,35,18,15,29,21,40,12,149,40,15,-20,12,16,10,11,13,17,14,9,13,18,9,16,22,17,64,14,11,9,14,14,13,18,12,19,6,19,18,8,16,17,12,11,22,13,9,16,16,10,20,10,15,19,54,37,28,13,18,-20,10,25,20,15,15,-20,11,21,23,18,33,16,8,29,19,17,9,13,13,17,68,11,20,15,35,14,14,26,13,9,38,52,55,65,13,47,52,5,7,54,53,-20,20,48,12,23,43,31,23,9,27,14,7,33,8,7,35,36,61,14,16,14,12,25,37,35,45,22,15,12,16,10,27,25,43,14,13,31,47,25,23,14,42,18,106,6,27,25,31,34,25,16,16,50,33,41,29,57,81,43,45,42,32,58,11,38,13,14,29,7,14,15,17,14,17,12,19,37,23,29,32,31,16,65,12,6,19,26,25,17,28,25,13,17,6,14,14,43,25,15,90,42,43,47,35,19,48,34,48,63,28,58,40,50,52,23,97,46,49,12,42,44,125,37,14,17,22,40,42,29,13,36,36,22,56,50,13,43,29,103,35,76,63,34,35,17,24,27,-20,9,21,12,6,11,-20,23,13,-20,9,25,21,18,20,20,16,13,13,17,7,-20,17,-20,11,10,13,15,23,17,11,22,20,13,12,15,15,14,15,22,24,15,15,-20,-20,15,24,13,10,11,7,10,8,12,13,10,8,14,12,7,20,15,16,8,14,-20,12,26,23,11,22,25,13,26,12,-20,18,20,25,22,16,18,9,12,14,15,16,-20,8,7,10,9,14,17,8,8,14,15,13,17,13,16,3,7,14,15,12,7,17,15,17,11,5,19,6,18,15,9,12,8,20,-20,7,17,12,-20,10,-20,15,15,7,-20,15,8,-20,11,12,-20,10,21,12,8,13,6,14,14,5,17,25,8,10,17,12,13,-20,8,13,16,15,24,4,15,13,14,21,10,15,11,7,-20,16,15,19,29,36,9,21,5,22,35,15,12,10,10,18,17,8,20,11,9,30,12,21,7,7,13,15,10,24,19,14,20,6,18,8,16,14,10,11,11,11,11,18,8,13,20,20,19,20,11,9,-20,6,107,17,22,17,29,15,41,29,21,26,19,26,17,16,24,14,28,18,20,17,17,33,49,14,28,20,21,19,16,41,18,22,29,14,13,31,16,20,14,20,22,9,14,8,7,18,10,9,7,5,-20,15,13,18,-20,-20,12,10,17,-20,12,7,12,14,13,12,19,13,25,7,-20,14,14,22,-20,13,19,-20,-20,19,12,12,8,-20,-20,14,10,7,6,5,11,-20,6,-20,4,7,10,17,18,18,20,17,-20,12,18,18,15,16,21,-20,10,10,12,20,12,27,51,-20,24,19,17,14,13,16,37,14,-20,-20,13,10,13,5,7,24,5,9,15,11,12,25,15,15,8,10,-20,10,9,16,6,17,4,18,11,21,6,7,13,3,3,10,11,21,8,12,4,9,11,9,18,8,21,13,-20,11,8,16,27,15,15,-20,-20,29,6,7,-20,16,10,6,24,14,11,16,8,11,-20,11,7,13,-20,14,10,12,14,13,7,11,6,-20,10,6,6,-20,5,20,24,6,13,12,6,3,21,10,63,33,14,28,26,22,31,37,60,41,52,61,117,53,72,56,44,52
"chr4,2178999",8,10,5,13,11,12,10,10,8,6,10,13,43,27,23,20,44,30,88,74,56,9,58,42,70,26,21,35,31,10,16,9,22,14,81,58,50,34,22,-20,-20,51,39,19,23,46,11,70,11,29,38,35,41,23,27,17,60,50,34,26,32,38,37,20,45,33,24,73,61,19,55,29,20,26,34,52,26,8,14,11,15,31,33,14,13,37,28,63,47,33,30,23,59,34,37,36,23,54,8,52,30,35,8,-20,39,65,8,32,33,-20,13,5,43,31,9,10,50,11,4,-20,21,-20,9,8,59,11,10,48,9,-20,25,9,13,-20,39,43,50,11,7,11,7,3,9,9,39,13,6,35,11,-20,19,23,46,36,59,15,11,40,91,30,13,6,12,9,10,12,12,7,15,22,68,63,53,21,16,46,13,21,34,117,55,29,39,9,67,12,40,38,21,19,64,35,9,18,21,26,47,44,45,-20,27,16,50,58,80,39,53,95,28,34,95,36,93,32,39,20,76,30,40,24,31,31,48,40,42,31,41,48,36,41,47,29,43,75,17,23,30,22,31,41,26,39,25,41,20,38,31,33,38,23,34,39,14,30,31,34,24,34,35,31,24,34,50,27,29,13,21,35,72,48,43,38,32,44,61,33,46,78,39,96,24,18,13,31,8,39,26,9,26,24,19,38,11,40,89,58,74,10,4,8,29,7,5,10,12,33,41,10,41,41,57,49,33,66,17,14,9,17,24,200,14,32,10,26,18,13,12,35,10,33,16,17,11,13,35,18,15,39,88,24,15,29,22,27,19,21,12,-20,25,16,20,7,7,28,19,13,11,17,49,36,20,22,15,23,-20,18,25,11,7,24,9,12,11,66,19,7,15,80,16,10,8,11,9,31,10,31,22,12,14,14,11,-20,19,17,20,-20,-20,22,110,17,25,8,20,21,41,21,19,27,18,14,18,7,11,34,8,11,17,10,10,10,13,15,14,16,17,36,18,15,30,21,40,12,150,40,16,-20,12,16,11,11,12,18,14,9,14,18,10,16,20,17,64,14,12,8,14,14,15,19,12,19,6,19,19,8,15,17,12,11,21,13,8,15,16,10,20,10,15,19,54,36,27,14,18,-20,9,25,20,15,15,-20,12,21,23,18,34,16,8,29,19,17,8,13,14,17,67,11,20,15,35,14,14,26,12,9,38,53,56,66,12,48,51,4,7,54,53,-20,19,48,11,23,43,31,21,-20,27,14,8,32,8,7,36,34,61,14,16,15,12,24,35,35,44,22,14,12,16,11,26,24,44,14,13,32,48,25,23,15,43,17,107,6,27,25,30,34,25,16,16,53,34,41,29,57,84,43,45,42,33,58,10,38,12,15,30,7,14,15,17,15,16,12,19,36,23,26,29,29,16,61,11,6,19,24,27,15,29,25,13,17,6,13,14,42,28,14,90,43,43,45,36,19,46,34,48,60,27,59,42,50,52,23,100,46,50,12,42,44,126,37,14,18,22,40,41,31,15,36,36,22,56,50,13,43,27,108,35,74,63,38,32,18,23,28,10,9,20,13,6,11,-20,22,13,-20,10,26,20,18,19,22,16,14,14,16,7,-20,17,-20,13,11,13,14,25,16,11,24,16,13,13,14,14,14,15,19,24,12,15,-20,-20,15,25,12,11,10,7,10,8,13,13,10,8,14,11,7,18,15,15,9,15,-20,12,26,23,10,21,24,13,26,12,-20,17,17,23,22,14,18,9,13,13,15,14,-20,8,7,9,9,12,16,8,9,14,15,13,18,13,15,3,7,12,15,11,7,17,16,19,11,5,20,7,17,14,9,11,8,20,-20,7,15,12,-20,11,-20,14,15,7,-20,12,9,-20,11,12,-20,10,19,11,8,13,5,15,13,-20,16,25,8,10,17,12,13,-20,7,13,15,15,25,4,15,13,14,22,10,15,11,7,-20,16,15,17,28,34,9,21,5,24,34,16,12,10,11,17,17,9,18,11,8,30,12,20,6,7,13,15,9,21,18,14,19,6,19,9,16,14,9,12,10,11,11,18,8,13,20,19,18,18,11,9,-20,6,105,16,22,16,28,15,40,29,21,27,20,26,15,16,22,11,27,18,20,18,17,33,50,14,29,20,21,19,14,42,19,21,27,15,12,29,16,20,15,20,20,8,15,8,7,19,11,8,7,4,-20,14,13,18,14,-20,13,10,17,-20,12,7,11,14,11,11,18,13,24,7,-20,15,14,19,-20,11,19,-20,-20,19,12,12,8,-20,-20,13,9,7,6,5,10,-20,6,-20,4,8,10,15,17,18,19,17,-20,12,17,19,14,16,22,-20,10,10,11,20,12,27,48,-20,22,20,16,14,13,15,37,12,-20,-20,13,10,12,5,6,26,5,9,13,11,12,22,12,14,9,9,-20,10,10,16,6,17,4,19,11,20,7,6,13,3,2,9,11,18,8,11,6,6,11,7,18,8,21,14,7,11,6,-20,25,15,13,-20,5,26,5,8,5,14,8,6,24,12,-20,17,8,9,-20,13,7,11,-20,15,12,11,13,14,-20,12,6,-20,12,6,7,-20,5,19,23,5,12,13,6,5,19,10,62,35,14,28,25,23,31,37,60,41,44,61,119,53,72,57,43,52
"chr4,2179000",8,10,5,13,11,12,10,11,8,6,10,13,42,28,24,20,44,30,90,74,55,9,60,41,71,27,21,36,30,10,16,9,23,13,82,58,50,31,22,-20,9,51,38,19,23,46,12,71,11,29,39,36,41,23,29,17,62,50,33,24,32,38,38,20,46,33,24,76,61,19,55,27,20,27,34,53,26,8,15,10,14,31,33,13,12,37,28,63,46,34,30,24,57,33,36,36,23,54,9,53,30,34,10,-20,39,65,8,33,33,-20,13,4,47,30,9,10,53,11,4,-20,21,-20,9,8,58,10,10,48,-20,-20,25,9,13,-20,40,42,50,-20,7,12,7,3,9,9,41,13,6,35,11,-20,18,23,45,34,59,14,11,40,91,28,13,6,12,9,10,12,12,7,14,22,68,63,55,20,16,46,14,19,34,117,56,29,39,9,65,14,41,38,20,17,64,35,9,17,21,27,48,44,45,-20,27,16,49,58,80,39,56,95,29,31,94,36,93,30,39,20,79,30,40,24,31,31,47,41,43,32,40,48,35,40,48,29,41,75,17,23,30,23,30,41,26,41,25,41,19,36,31,34,36,24,34,40,13,30,31,34,25,34,35,31,22,34,51,28,29,13,20,35,72,48,41,38,33,45,61,33,46,78,40,94,24,18,12,31,8,38,25,9,25,24,19,38,11,41,89,60,75,10,4,8,29,8,5,10,12,33,40,9,41,39,58,49,33,63,17,14,8,17,23,201,15,33,10,26,18,13,12,35,10,33,16,17,11,13,35,19,15,40,89,24,15,29,22,28,19,22,11,-20,25,15,21,7,8,29,19,13,11,17,50,36,20,25,15,24,-20,18,25,12,7,23,8,11,12,64,19,7,15,82,15,11,8,11,9,32,10,31,22,14,14,15,10,-20,19,17,21,-20,8,21,109,17,24,8,18,21,41,21,19,27,17,14,18,7,12,33,7,10,17,10,10,10,13,14,14,16,17,36,18,15,31,21,40,12,152,40,16,-20,11,16,11,11,12,18,14,9,14,18,9,16,20,17,63,14,12,8,14,14,15,19,11,19,6,19,18,8,15,17,12,11,22,13,8,15,15,11,19,10,14,19,54,35,27,14,17,-20,9,26,19,15,14,-20,12,20,23,17,34,16,8,30,20,18,8,13,14,17,65,10,21,15,35,14,14,26,12,9,40,50,56,66,13,47,50,4,6,53,54,-20,18,49,12,23,46,30,22,7,27,14,8,31,8,7,36,34,61,15,16,15,13,24,35,34,44,22,14,12,15,11,26,23,42,13,13,33,43,25,22,14,43,16,105,6,27,24,31,35,24,17,16,55,34,40,30,57,82,44,45,41,33,58,10,37,12,15,31,7,13,15,17,15,16,12,18,36,23,23,30,29,17,62,10,6,19,23,27,16,28,25,12,17,6,13,14,42,28,14,91,43,43,45,36,18,47,34,45,62,27,60,42,52,54,23,99,45,51,12,42,42,126,31,13,18,22,41,43,31,15,36,35,23,55,61,13,42,27,109,33,74,64,40,33,18,23,28,10,9,18,13,6,10,-20,22,14,-20,10,26,19,17,19,23,14,14,14,15,7,-20,17,-20,13,10,13,14,25,13,12,23,16,13,12,14,14,15,15,19,24,12,15,-20,-20,15,24,11,12,10,7,10,8,13,14,10,8,13,11,7,19,15,15,8,14,-20,12,25,23,10,20,24,13,25,12,-20,17,18,23,22,14,18,9,13,12,16,14,-20,8,5,7,9,12,15,8,8,14,15,13,18,13,16,4,7,12,15,11,7,15,15,19,10,4,20,7,17,14,9,11,8,19,-20,7,14,12,-20,11,-20,13,15,7,-20,12,9,-20,11,11,-20,10,19,11,8,13,5,15,13,4,14,24,8,10,15,11,13,-20,7,13,15,15,25,4,16,12,13,22,10,15,11,6,-20,16,15,17,27,32,9,21,5,21,35,16,12,10,11,17,17,9,18,11,8,30,12,20,6,7,13,15,9,21,17,13,18,6,19,9,16,14,9,12,10,11,11,18,8,13,20,18,18,19,11,9,-20,6,105,16,22,17,28,14,39,29,21,25,20,26,15,16,22,12,25,18,20,18,17,33,49,15,28,19,22,18,14,40,19,20,26,16,12,28,16,20,15,19,17,8,15,8,7,19,10,8,7,3,-20,14,11,18,14,-20,11,11,17,-20,12,7,11,12,10,11,18,11,24,6,-20,14,14,21,-20,11,18,-20,-20,18,12,12,8,-20,-20,12,8,6,6,5,10,-20,6,-20,4,8,10,12,17,18,18,17,-20,12,17,19,12,16,22,-20,10,10,11,20,12,27,47,-20,22,19,16,14,10,13,36,12,-20,-20,13,10,12,5,5,26,5,9,14,11,12,22,12,13,9,8,-20,10,10,16,6,17,4,15,11,20,7,6,13,3,3,7,12,18,9,10,6,7,9,7,19,8,20,15,7,12,5,15,24,15,14,-20,-20,25,5,8,5,13,10,6,21,14,9,15,8,10,-20,14,5,13,-20,16,12,10,13,13,7,12,4,-20,11,6,5,3,4,19,25,7,14,12,6,5,19,9,62,35,14,28,26,24,31,37,60,41,44,61,119,53,72,57,43,52
"chr4,2179001",8,10,5,-20,10,11,10,10,8,6,10,13,42,28,24,20,43,29,88,74,57,8,59,42,71,28,21,35,30,10,15,9,23,14,80,58,50,30,22,-20,9,51,37,18,23,45,12,71,10,27,39,35,41,22,28,16,62,47,33,23,31,41,39,20,47,34,24,76,62,19,54,28,20,27,34,50,26,7,14,11,13,31,33,13,12,34,28,62,44,34,31,24,58,32,36,35,24,54,10,54,30,34,11,-20,40,64,9,32,33,-20,14,5,45,29,9,10,52,11,4,-20,20,-20,9,8,58,10,10,47,10,-20,23,9,11,-20,40,43,49,9,7,11,7,3,9,9,41,13,6,33,12,-20,18,24,34,35,57,14,11,44,90,29,13,5,12,9,10,12,12,9,14,22,68,63,67,19,16,48,14,19,35,116,57,29,39,9,65,13,41,37,24,17,64,35,9,17,21,26,49,44,45,-20,27,17,48,58,79,38,61,95,29,33,94,37,94,33,37,21,83,28,40,23,31,32,46,39,45,33,41,49,32,40,50,27,40,75,16,23,30,22,29,41,26,41,25,41,20,37,31,34,31,23,34,38,13,30,31,34,25,34,35,31,22,34,49,28,30,12,21,35,72,48,40,38,33,41,61,30,46,77,40,93,24,19,12,32,8,37,26,9,26,24,18,37,11,42,89,60,76,9,5,8,26,8,5,10,12,32,44,9,42,40,56,48,33,65,17,14,8,17,23,196,15,33,10,26,17,13,12,35,10,33,16,17,11,13,36,20,14,40,88,24,14,29,22,28,19,22,11,-20,25,14,21,7,8,29,19,13,11,17,50,35,19,25,15,24,-20,18,25,12,7,22,9,11,11,64,19,7,14,84,15,11,8,10,9,32,9,30,22,13,14,14,10,-20,19,17,-20,-20,8,21,108,17,24,8,17,21,40,21,18,27,18,14,16,7,12,33,8,10,17,10,11,10,13,14,14,16,17,36,16,16,31,21,39,12,152,40,16,-20,11,17,12,12,12,16,13,10,14,18,8,16,20,17,61,14,13,8,14,14,15,19,11,19,6,19,19,8,16,17,12,11,22,12,8,15,16,11,19,10,15,19,55,36,26,15,17,-20,9,24,18,15,14,-20,12,19,20,19,34,14,8,29,19,18,7,13,14,16,66,10,20,17,34,15,14,26,12,9,37,50,54,65,14,45,48,4,6,54,53,-20,17,49,12,23,46,30,23,7,30,14,8,30,9,7,38,34,61,15,16,15,13,24,34,34,44,21,15,12,15,11,25,24,42,13,13,33,44,25,22,15,43,14,103,6,26,24,31,34,23,16,16,55,34,40,30,58,82,42,42,41,33,58,-20,39,13,15,31,-20,13,15,16,15,16,15,18,35,23,24,31,29,17,59,11,8,19,24,26,17,28,26,12,17,6,13,14,41,28,14,88,44,46,47,37,20,47,34,45,61,26,60,42,52,53,21,96,46,51,12,37,42,123,31,14,18,22,41,43,31,15,36,33,23,54,57,11,37,26,104,34,73,64,40,32,18,23,27,10,9,18,14,6,11,-20,22,14,-20,-20,26,19,18,20,25,14,13,14,15,8,-20,16,-20,13,10,13,14,25,14,12,22,16,13,12,15,14,14,15,19,23,13,14,-20,-20,17,23,11,12,10,7,10,8,15,13,12,8,13,11,7,19,15,15,8,14,-20,13,26,23,10,20,24,13,24,13,-20,17,18,24,22,14,16,9,13,12,16,14,-20,7,8,7,8,12,17,8,9,14,16,12,17,13,16,5,7,12,17,10,7,16,15,19,10,4,21,7,18,14,9,11,8,20,-20,7,14,12,-20,11,-20,13,15,8,-20,12,9,-20,11,11,-20,10,19,11,8,13,5,15,13,-20,14,28,8,10,15,11,13,-20,8,13,16,15,26,3,16,12,14,22,10,15,12,6,-20,17,15,17,28,33,9,21,5,21,36,16,12,11,11,17,17,9,18,11,8,31,11,21,7,7,13,14,9,20,17,13,19,6,18,9,16,16,9,12,10,11,11,18,8,13,20,19,18,19,11,9,-20,6,106,16,21,17,29,14,39,29,20,25,20,28,16,16,23,12,25,18,21,18,16,35,49,17,28,20,22,19,14,40,20,21,26,15,12,28,16,21,15,19,17,9,15,8,7,20,10,10,8,4,-20,13,12,19,14,-20,11,11,20,-20,13,7,11,12,10,10,18,11,25,6,-20,12,13,21,-20,10,18,-20,-20,18,12,12,8,-20,-20,12,8,6,6,5,10,-20,6,-20,4,7,10,12,18,18,19,18,-20,12,16,19,13,16,22,-20,10,10,11,20,13,27,49,-20,23,18,16,14,12,13,37,12,-20,-20,14,9,12,5,4,25,5,9,14,11,12,23,11,13,9,8,-20,11,10,16,6,17,4,15,11,18,4,6,12,3,-20,9,12,19,9,10,6,7,8,7,16,10,22,13,6,12,-20,13,21,16,11,-20,-20,21,5,8,7,12,-20,5,22,14,9,16,9,9,-20,12,6,12,-20,14,12,8,13,14,5,12,5,-20,12,6,7,3,5,18,24,7,13,12,5,5,23,9,62,35,14,28,26,24,31,37,63,38,44,61,119,55,72,58,42,52
"chr4,2179002",8,9,4,-20,10,11,10,9,8,6,10,13,42,28,24,20,40,29,91,74,58,8,60,42,71,29,20,35,30,11,16,9,23,14,81,58,47,32,22,-20,9,49,39,18,23,42,12,68,9,27,41,33,41,22,28,17,62,49,33,23,32,38,39,20,46,33,25,76,58,20,53,27,20,29,33,52,25,7,14,11,13,30,33,13,12,35,27,59,46,35,31,24,57,32,36,35,24,54,10,53,30,35,11,-20,40,63,9,33,33,-20,14,5,44,28,9,10,51,11,4,-20,20,-20,9,8,58,10,10,47,10,-20,22,9,11,-20,39,43,51,9,6,11,7,3,9,9,38,13,6,33,12,-20,18,24,33,33,57,14,11,44,90,27,13,5,12,9,10,12,12,9,14,21,67,63,71,24,16,48,13,19,34,117,57,30,38,10,65,14,40,37,24,17,55,34,9,16,21,27,49,44,44,-20,27,18,48,60,79,39,61,91,29,34,92,37,93,34,36,21,84,28,40,24,31,32,46,38,45,31,41,46,34,38,48,29,40,75,17,23,30,22,29,41,26,41,25,40,22,34,32,34,30,23,34,38,14,28,31,35,25,34,34,31,23,32,49,29,26,12,21,35,72,47,41,39,33,41,60,30,46,77,40,94,24,18,12,32,8,35,25,9,27,24,19,37,11,42,97,60,78,9,5,8,26,8,5,10,12,32,44,9,42,40,56,48,32,65,17,14,8,17,23,194,15,33,10,26,17,13,12,35,10,33,17,17,10,13,37,21,14,40,89,26,14,29,21,28,19,22,11,-20,26,15,22,8,9,29,19,12,10,17,49,35,20,25,15,24,-20,20,25,12,6,22,10,11,11,63,19,7,14,85,15,12,8,-20,9,32,10,29,23,13,14,14,10,-20,19,17,19,-20,8,21,109,17,22,9,17,21,40,21,18,27,17,13,16,7,11,35,8,10,16,10,11,10,13,14,14,15,16,36,16,16,30,21,38,12,152,40,16,-20,11,17,12,12,12,15,13,10,14,18,9,16,19,17,60,13,13,9,14,14,15,20,11,19,6,19,20,8,16,17,13,11,20,13,7,15,16,11,18,10,14,19,58,37,26,16,17,-20,9,24,18,15,14,-20,12,19,22,18,34,14,8,29,20,19,7,12,14,16,65,10,20,17,34,15,14,26,12,9,37,49,52,63,14,45,48,4,6,53,53,-20,17,47,12,23,46,30,23,7,30,13,8,32,9,7,38,32,61,15,15,15,13,24,33,34,43,22,15,12,15,10,25,24,42,13,13,32,45,25,24,15,44,16,105,6,26,24,30,32,23,16,15,54,35,39,31,57,81,41,41,39,33,58,10,40,13,15,29,7,12,15,16,15,16,15,18,35,23,25,31,29,17,60,11,8,19,24,26,17,28,26,12,17,6,13,14,40,28,-20,87,46,46,46,36,19,46,33,45,60,26,57,45,52,53,21,95,45,53,12,37,42,122,32,14,17,23,41,44,31,15,36,31,21,54,57,11,35,26,111,34,72,64,40,32,18,23,27,10,9,18,14,6,11,-20,22,14,-20,10,24,19,18,20,26,13,14,14,15,8,-20,16,-20,13,10,13,12,25,14,12,22,16,13,12,15,14,14,13,19,23,13,13,-20,-20,17,23,11,13,-20,7,10,7,15,13,12,8,12,10,7,19,15,15,8,14,-20,14,26,22,9,20,24,13,24,13,-20,17,18,25,22,14,17,9,13,11,16,14,-20,7,8,7,8,12,17,8,9,14,16,12,17,13,16,5,7,12,17,11,7,17,15,19,10,4,21,7,18,14,9,11,9,20,-20,7,14,12,-20,11,-20,13,15,8,-20,12,9,-20,11,10,-20,11,19,11,8,13,5,15,13,5,14,28,8,11,14,11,13,-20,8,12,16,15,25,3,16,12,14,22,10,15,12,6,-20,17,15,17,28,31,9,20,5,21,36,16,11,11,11,17,17,9,18,11,8,31,12,21,7,7,12,15,9,20,17,13,18,6,18,9,16,16,9,12,10,10,11,18,8,13,20,19,18,19,11,9,-20,6,104,16,21,17,29,14,38,29,20,27,20,28,16,16,23,11,25,18,20,18,16,35,49,17,28,20,22,19,14,40,20,21,27,16,12,28,15,21,15,19,16,9,15,8,7,20,10,10,8,4,-20,13,12,19,14,-20,11,11,20,-20,13,7,11,12,10,10,18,11,24,6,-20,13,13,21,-20,11,18,-20,-20,18,12,12,8,-20,-20,12,8,6,6,5,10,-20,6,-20,4,7,10,12,18,17,19,18,-20,12,16,19,13,16,20,-20,10,10,11,20,13,27,48,-20,22,18,16,14,12,13,37,12,-20,-20,14,9,12,5,4,24,5,9,14,11,12,22,11,13,9,8,-20,11,10,16,7,17,4,15,11,20,5,6,11,3,4,8,12,18,9,10,5,4,7,7,14,10,23,12,6,12,6,13,22,14,14,-20,-20,20,7,7,5,13,9,6,22,13,8,17,9,9,-20,12,6,12,-20,14,13,8,11,16,4,11,4,-20,10,7,7,3,5,17,21,5,11,11,5,5,23,9,61,35,14,28,26,25,30,36,64,38,44,61,111,55,70,58,41,52
"chr4,2179013",6,6,4,9,10,9,9,6,4,7,9,13,44,29,22,20,46,31,99,75,62,8,69,42,72,34,25,34,30,9,15,8,22,13,81,64,51,32,17,-20,11,45,39,24,17,40,7,73,9,23,35,33,39,22,25,17,64,47,34,31,35,42,44,20,44,32,27,82,61,21,55,32,16,31,31,45,25,6,12,9,12,29,36,12,11,37,27,61,47,34,30,25,53,33,35,32,20,53,11,48,30,32,10,-20,40,57,9,27,33,-20,13,5,47,31,11,9,51,11,4,3,20,-20,9,7,56,10,8,44,7,-20,22,10,9,-20,37,45,47,8,6,11,3,3,9,4,35,12,8,36,13,-20,17,22,35,30,56,16,13,40,79,25,11,4,9,9,7,8,-20,9,15,21,72,53,75,25,15,50,14,20,28,116,53,32,35,9,64,14,42,41,23,19,59,34,11,9,18,28,45,42,45,-20,25,18,54,60,79,37,68,95,24,33,86,38,70,37,35,23,75,30,39,24,28,29,54,41,38,31,38,44,35,38,41,26,44,71,14,24,29,20,29,36,30,40,22,43,21,34,36,36,28,21,35,30,16,25,32,30,29,26,36,27,17,32,53,32,29,12,22,32,61,48,39,41,35,39,58,26,49,81,40,89,24,21,8,31,-20,37,26,11,27,26,17,35,9,37,90,58,81,9,6,7,27,7,4,14,11,30,43,8,41,32,54,49,31,70,20,15,10,17,25,183,15,30,12,24,16,16,11,36,10,34,19,17,9,11,40,19,12,38,85,23,15,27,21,27,19,21,10,-20,24,14,24,9,-20,30,14,14,-20,18,50,36,18,22,14,23,2,20,21,11,7,22,12,8,13,56,21,7,14,85,14,12,9,11,10,33,13,32,24,14,13,13,10,-20,15,15,16,-20,7,22,111,16,19,8,15,21,38,19,18,22,21,16,18,7,12,35,8,9,18,10,12,12,10,14,16,15,17,34,20,18,27,17,36,15,142,37,20,-20,11,18,12,12,9,15,10,12,14,17,12,14,17,15,60,13,11,-20,14,15,13,20,11,16,5,16,21,5,9,17,14,13,18,12,6,16,19,14,20,8,14,20,63,37,26,22,21,-20,7,23,18,14,14,-20,15,19,24,20,30,19,7,27,17,18,8,14,13,14,60,10,20,17,32,14,12,26,13,8,35,50,48,63,15,40,46,6,8,54,59,-20,17,47,13,20,50,28,17,-20,35,14,7,30,7,7,42,30,58,13,19,17,17,23,35,32,35,25,18,12,18,13,25,26,44,12,11,38,45,21,22,14,48,19,106,8,28,27,34,30,20,17,15,54,28,36,33,58,77,39,41,40,35,54,12,38,12,16,30,-20,13,10,15,12,15,12,18,36,26,22,21,24,17,52,13,8,18,22,27,16,25,29,11,16,5,11,14,40,22,14,94,47,43,47,36,19,46,35,48,60,20,52,46,48,58,22,105,45,52,13,40,35,134,35,14,21,17,41,49,35,16,36,33,24,47,63,14,30,26,121,32,64,61,39,30,19,18,22,10,8,20,13,6,12,-20,21,13,-20,11,27,18,16,18,26,13,15,12,14,4,-20,17,-20,9,11,12,9,22,17,17,17,16,11,13,16,10,14,14,20,22,14,14,-20,-20,12,23,11,16,9,7,11,6,15,13,14,6,11,8,8,16,12,16,8,15,-20,12,22,21,8,19,23,15,21,13,-20,14,23,27,20,11,14,8,10,9,18,18,-20,7,8,6,6,10,15,9,6,13,15,9,16,12,11,8,8,8,19,12,8,18,11,15,11,3,14,7,18,11,10,12,10,21,8,6,12,9,-20,12,-20,13,15,-20,-20,11,11,-20,13,9,-20,11,17,11,10,13,3,14,9,6,18,28,7,9,18,7,13,-20,6,12,12,13,25,4,15,11,10,23,11,20,9,6,-20,16,18,15,22,29,8,18,5,17,31,12,13,10,13,15,15,12,16,11,8,22,10,19,6,8,12,14,-20,19,18,13,21,6,17,11,12,17,10,12,7,11,8,17,11,12,17,14,14,17,10,9,-20,8,105,15,21,17,28,15,34,27,19,21,18,25,15,14,20,9,23,21,18,13,15,28,47,22,27,20,19,17,13,39,19,22,24,13,14,26,14,18,11,17,14,6,13,8,8,17,8,9,5,4,-20,14,11,18,14,-20,9,7,19,-20,12,8,12,12,8,10,12,11,21,6,-20,13,15,17,3,9,19,-20,-20,15,13,13,10,-20,4,11,8,5,6,7,9,-20,5,6,4,8,8,10,16,17,16,15,-20,10,15,15,13,17,18,-20,8,10,11,21,13,20,52,-20,19,15,13,16,10,9,32,10,-20,-20,14,9,13,4,6,21,6,14,11,9,11,22,10,12,10,8,-20,10,15,13,7,16,3,13,12,24,7,6,14,4,6,8,12,15,11,12,-20,5,10,7,17,5,25,16,9,18,-20,12,20,14,11,-20,4,22,9,5,8,10,10,6,19,9,9,12,10,12,-20,10,6,16,4,18,15,5,12,12,6,14,7,-20,6,7,7,-20,-20,14,16,6,9,9,6,-20,20,11,67,32,15,28,25,26,35,35,63,37,49,47,110,54,72,53,39,54
"chr4,2179014",6,6,4,9,10,9,9,7,4,7,10,13,44,31,21,20,47,31,100,73,65,8,67,41,73,35,24,35,30,11,15,8,22,13,84,65,53,30,17,-20,11,44,39,24,18,40,7,71,9,22,34,33,38,23,27,17,65,48,36,31,36,40,45,20,44,32,26,82,59,22,56,32,16,30,32,45,26,6,16,9,12,29,35,13,13,35,27,60,47,34,32,25,53,33,35,32,22,52,11,47,30,32,10,-20,39,55,9,27,33,-20,13,5,47,32,11,9,51,12,4,3,20,-20,9,7,55,-20,8,47,7,-20,22,10,9,-20,38,42,48,8,6,10,4,3,9,4,34,12,8,37,12,-20,17,21,35,30,57,14,14,43,75,24,12,4,9,9,6,8,9,9,15,23,69,52,76,25,15,49,15,20,27,112,54,30,36,9,65,13,42,41,22,19,60,34,11,9,17,28,38,41,45,-20,22,18,55,59,80,36,66,96,23,33,86,37,72,37,34,21,74,30,37,23,28,29,54,44,38,32,38,44,34,38,40,27,45,71,12,25,29,20,29,37,30,39,19,42,21,32,37,34,28,22,35,30,17,25,32,30,29,26,35,27,17,33,53,33,29,12,23,32,59,48,39,41,35,41,57,26,49,79,40,90,24,21,8,31,9,37,27,11,27,28,18,36,9,36,90,58,81,10,6,7,27,7,4,14,11,30,43,9,41,33,55,49,31,70,20,14,10,17,25,182,15,30,12,24,16,18,12,36,11,34,19,17,9,11,40,19,10,38,84,24,14,28,21,26,19,21,10,-20,24,14,24,9,-20,31,14,14,10,18,49,36,19,23,13,23,2,20,21,11,8,22,12,8,13,55,21,7,15,89,14,11,9,11,10,33,13,33,24,16,13,13,-20,-20,15,15,-20,-20,6,22,112,16,19,8,15,21,38,20,18,22,21,16,19,7,13,34,8,9,18,11,12,12,10,14,16,15,17,34,20,18,28,16,38,-20,141,36,21,-20,12,19,12,12,9,16,10,12,15,18,12,15,17,15,60,13,11,4,15,14,13,20,11,17,5,17,21,4,9,16,13,12,17,12,6,17,19,14,19,8,14,20,64,37,26,22,22,-20,8,22,18,14,14,-20,16,20,24,21,30,19,7,27,17,18,8,15,13,14,61,11,20,17,31,14,12,26,13,8,35,50,47,63,14,41,48,5,9,55,58,-20,18,45,13,21,51,28,16,9,36,15,7,30,7,7,42,30,57,13,19,17,17,22,34,32,34,25,18,12,17,13,25,25,45,12,11,38,45,21,24,14,49,19,105,8,28,26,34,29,19,16,15,50,28,37,32,58,73,39,41,42,35,54,12,38,12,16,30,8,12,10,15,12,15,12,19,38,26,23,21,25,17,53,13,8,18,22,28,17,25,29,12,16,5,13,15,40,22,13,93,45,43,48,38,20,45,35,49,58,19,52,47,49,57,24,105,47,52,13,40,35,136,35,14,21,20,43,49,33,18,39,33,22,47,63,13,32,26,123,30,64,61,39,30,19,19,23,10,8,21,13,5,12,-20,22,13,-20,11,27,19,16,18,26,13,15,12,13,4,-20,17,-20,10,11,12,9,23,19,17,17,16,11,13,16,10,14,14,20,23,15,12,-20,-20,14,23,11,16,-20,7,10,6,15,14,14,6,11,8,8,19,12,16,8,15,-20,14,24,21,7,21,21,15,20,12,-20,14,24,27,20,10,13,8,10,9,18,18,-20,8,8,6,6,10,15,9,6,13,15,9,16,12,11,9,8,8,19,12,8,18,11,15,11,3,14,8,19,11,11,13,10,21,9,6,12,9,-20,12,-20,15,15,8,-20,11,12,-20,13,10,-20,13,17,10,10,14,3,14,9,6,18,28,7,9,18,7,14,-20,6,14,12,13,25,4,16,11,10,25,10,21,9,6,-20,16,18,15,22,29,9,19,5,17,31,14,14,11,15,15,16,13,16,11,8,22,10,20,6,8,12,14,10,18,18,13,21,6,16,11,13,17,10,12,7,11,8,17,10,12,16,14,15,17,10,10,-20,8,103,15,21,19,28,16,34,28,19,19,18,26,15,14,20,-20,25,20,18,12,16,28,49,22,27,21,19,17,14,39,20,21,24,13,14,27,15,18,13,18,14,6,13,8,8,17,8,-20,5,4,-20,15,11,18,14,-20,9,7,20,-20,12,9,12,12,8,10,13,10,22,6,-20,13,15,18,3,10,20,-20,-20,15,14,14,10,-20,4,10,8,5,6,8,9,-20,5,6,4,8,8,11,16,16,16,15,-20,10,16,15,14,18,19,-20,8,11,12,20,14,20,50,-20,19,16,14,18,10,9,34,10,-20,-20,14,9,13,4,6,22,6,14,11,9,11,22,10,12,10,8,-20,10,15,13,7,15,3,13,12,25,9,6,15,4,6,9,13,15,11,12,-20,5,12,7,13,7,27,15,11,20,-20,14,19,14,12,-20,2,23,11,5,8,11,9,6,20,8,10,14,9,12,-20,10,6,16,4,18,14,7,13,13,-20,16,-20,-20,7,7,6,-20,-20,14,14,5,11,10,6,-20,17,11,65,32,16,28,25,26,35,34,63,38,-20,47,109,51,71,53,39,55
"chr4,2179015",6,6,4,8,10,7,9,6,4,6,10,13,42,31,21,20,47,30,99,73,66,7,67,42,70,37,24,36,30,11,15,8,22,13,82,66,53,31,16,-20,11,45,38,24,16,41,8,69,8,25,35,33,37,20,27,18,63,48,38,31,36,39,45,20,44,32,25,82,59,22,55,32,16,30,32,44,25,6,16,9,12,29,36,13,13,38,28,59,47,34,32,25,54,34,34,33,19,52,11,48,29,33,10,-20,39,52,9,27,33,-20,13,5,48,31,11,9,53,11,4,3,19,-20,9,7,55,10,8,46,6,-20,22,10,9,-20,41,44,49,8,6,9,4,3,9,4,36,12,5,38,11,-20,16,22,35,29,58,15,14,43,74,23,12,4,9,9,-20,7,9,9,15,23,67,53,74,26,15,49,14,19,27,113,54,30,35,9,65,12,42,41,21,19,60,34,11,9,17,28,36,42,45,-20,22,18,52,59,77,36,66,97,23,31,85,38,75,37,34,22,73,29,35,23,28,30,55,43,40,32,38,44,31,38,41,27,46,71,14,25,29,14,30,39,30,38,19,46,21,34,36,35,28,22,35,30,17,24,31,30,29,24,32,29,19,33,51,34,29,12,21,32,53,47,38,40,36,42,57,26,48,79,39,88,24,22,11,30,9,36,27,11,27,28,18,35,9,32,90,58,81,9,6,7,27,7,4,14,11,31,42,9,41,33,54,50,30,69,20,14,10,17,25,181,15,29,12,24,18,18,12,36,11,34,19,17,9,9,40,19,11,38,78,24,15,27,21,25,19,20,10,-20,23,14,24,8,-20,31,14,14,10,18,48,36,19,23,13,22,2,20,21,11,8,22,12,8,13,53,22,7,15,89,13,13,9,11,10,33,13,33,24,16,13,13,10,-20,15,15,19,-20,5,22,112,16,19,8,14,21,37,20,18,22,21,15,18,7,13,35,7,9,19,11,11,12,10,14,15,15,16,32,20,18,28,16,37,-20,138,37,20,-20,12,19,12,12,9,16,-20,11,15,18,13,15,17,15,58,11,11,4,15,14,13,20,12,17,5,16,22,-20,9,17,13,11,17,12,6,17,19,14,19,8,14,19,63,37,25,21,21,-20,8,23,18,14,13,-20,17,20,24,19,30,19,-20,27,17,19,8,15,12,13,58,11,19,16,30,14,12,28,13,8,35,49,49,63,14,41,47,5,9,55,57,-20,18,44,13,21,49,28,15,-20,36,15,7,30,7,8,42,29,56,12,18,16,17,23,34,32,33,24,18,12,17,11,25,25,46,12,12,39,45,21,24,13,49,20,102,8,28,26,34,29,19,17,14,50,29,37,31,58,73,38,42,41,33,54,12,38,13,16,34,10,12,10,15,13,15,13,19,37,25,23,21,25,18,51,13,-20,18,19,28,17,25,29,12,16,5,12,14,40,22,13,95,46,44,50,39,20,45,35,48,57,19,53,46,48,58,24,105,45,52,13,41,36,137,35,14,21,20,43,48,33,18,39,34,22,48,62,13,32,25,124,33,64,62,40,29,21,18,20,10,8,20,13,5,12,-20,21,13,-20,11,26,19,15,17,26,12,15,12,13,4,-20,15,-20,10,10,12,9,22,17,16,17,16,11,13,13,10,14,14,20,23,15,13,-20,-20,12,23,11,16,7,7,9,6,14,13,14,6,11,7,8,19,11,16,8,15,-20,14,24,21,7,21,21,14,20,13,-20,14,24,27,20,10,14,8,10,9,18,17,-20,7,8,6,6,10,15,9,6,13,15,9,16,11,11,9,8,8,15,12,7,17,11,15,11,3,13,8,18,11,10,12,10,20,9,6,11,8,-20,12,-20,15,14,8,-20,11,12,-20,13,10,-20,13,17,10,10,14,3,14,9,6,18,25,7,9,18,7,14,-20,6,14,12,13,25,4,16,11,9,23,9,21,9,6,-20,16,17,14,22,26,9,18,5,17,30,14,15,11,15,13,16,13,16,10,8,22,10,19,6,8,12,13,9,18,18,12,21,6,16,9,12,16,9,12,7,11,8,17,10,12,16,13,15,17,10,10,-20,8,104,15,21,18,28,16,34,27,19,20,17,26,15,14,20,10,25,19,18,12,15,28,49,22,26,21,18,16,14,38,20,21,23,12,12,26,15,18,13,17,14,7,13,8,8,17,8,9,5,4,-20,14,10,17,14,-20,9,7,20,-20,12,9,12,11,8,10,13,11,21,-20,-20,13,14,18,-20,10,19,-20,-20,15,14,14,10,-20,4,10,8,5,6,8,8,-20,5,6,4,8,8,11,13,16,16,14,-20,10,16,14,14,18,18,-20,8,11,11,19,14,20,50,-20,19,15,15,18,10,9,33,9,-20,-20,14,9,13,4,6,22,6,14,11,9,11,22,8,12,10,8,-20,10,15,13,7,15,3,12,12,25,-20,4,18,4,7,9,14,16,11,11,-20,7,13,8,16,8,26,15,11,17,4,-20,19,14,12,-20,3,23,12,5,8,11,9,6,22,6,9,13,9,13,-20,10,5,17,4,19,15,7,11,12,6,15,7,-20,7,8,5,-20,-20,14,13,5,12,10,5,-20,21,11,63,32,16,29,25,26,34,34,62,38,-20,47,109,51,71,51,39,55
"chr4,2179020",5,8,6,6,11,6,8,6,6,6,9,14,40,28,22,20,51,29,97,77,68,9,68,44,70,38,24,36,31,8,13,7,21,14,77,68,49,30,16,-20,12,48,38,27,17,43,7,69,8,28,38,33,36,21,27,18,61,47,37,32,35,39,45,21,47,33,24,88,58,20,52,33,15,30,32,46,25,6,14,10,15,29,37,14,13,38,28,64,47,33,33,25,56,34,33,33,21,54,10,51,27,30,10,-20,38,48,10,29,37,-20,14,6,48,30,9,10,51,15,4,-20,21,-20,10,7,53,13,8,43,6,-20,23,11,9,-20,40,46,50,8,5,10,4,4,8,5,35,12,6,38,11,-20,17,21,40,29,57,15,13,51,79,25,12,4,10,9,8,7,8,9,17,20,68,55,70,25,14,50,15,21,27,88,56,28,36,6,66,12,42,45,19,18,57,29,11,8,17,28,22,41,46,-20,20,18,50,56,78,39,66,90,23,32,78,41,82,39,40,26,71,30,33,25,30,32,49,42,38,26,35,42,32,39,44,25,45,70,14,27,29,15,29,38,31,37,21,48,21,32,34,39,24,22,34,32,16,23,30,40,31,25,31,27,19,31,49,34,27,11,22,31,50,44,34,37,34,39,55,24,52,84,40,84,22,22,12,29,7,36,24,11,27,29,18,38,9,34,96,54,79,7,6,6,24,7,5,14,10,30,40,9,37,30,52,47,31,70,19,15,9,15,22,174,12,28,12,24,17,14,10,28,11,31,20,16,8,9,39,17,10,40,73,24,15,24,22,23,20,20,-20,-20,24,14,21,7,7,33,12,18,9,16,47,36,16,22,11,21,3,18,21,10,8,20,12,9,13,60,17,7,15,84,12,14,7,13,12,33,14,32,25,-20,15,-20,10,-20,16,16,19,-20,5,21,107,13,20,8,16,20,36,20,17,19,21,16,16,7,13,36,7,14,20,10,11,13,8,12,14,16,17,34,21,17,25,18,34,16,125,35,23,-20,11,17,12,12,8,16,-20,11,15,19,16,12,17,14,59,15,11,4,15,14,13,19,11,18,4,16,23,8,7,16,12,11,17,13,6,16,17,14,22,7,13,16,59,38,25,22,22,-20,7,23,16,14,14,-20,16,19,20,21,31,16,7,27,17,19,8,16,10,13,60,12,18,16,30,12,11,29,13,12,34,47,48,63,13,40,46,5,9,54,52,-20,17,43,12,20,52,24,13,8,35,16,8,30,9,9,38,28,50,12,18,16,19,21,33,30,30,24,15,12,16,11,21,24,48,9,13,43,41,18,20,12,46,19,98,-20,28,25,37,29,17,17,14,48,31,37,28,56,69,36,39,45,31,54,12,41,15,17,36,10,13,10,14,13,16,14,18,40,26,23,21,25,19,54,14,7,18,19,30,15,26,29,13,17,6,12,12,41,20,13,95,45,39,50,34,20,45,35,48,58,21,50,45,51,55,24,108,43,52,13,37,38,135,33,13,21,18,39,52,34,20,37,38,22,43,70,14,-20,21,126,37,64,59,38,30,25,-20,22,11,7,19,14,5,14,-20,21,13,-20,11,26,17,15,22,26,14,15,14,14,6,-20,16,-20,11,11,12,11,21,16,14,18,16,11,13,12,11,13,15,20,20,15,13,-20,-20,11,23,12,16,7,6,9,6,16,16,13,4,9,-20,8,20,8,17,6,15,-20,14,24,21,7,20,24,14,18,14,-20,14,24,27,19,11,13,9,10,12,18,19,-20,7,8,6,7,10,15,10,7,13,15,10,16,11,15,9,9,-20,16,13,7,18,13,15,11,3,14,10,18,11,9,11,10,20,9,7,12,8,-20,11,-20,14,14,5,-20,13,12,-20,15,11,-20,11,16,13,-20,13,-20,14,7,7,21,25,7,9,16,7,12,-20,6,14,14,12,26,4,18,-20,-20,24,9,20,9,6,-20,14,18,17,22,27,9,21,6,17,29,13,15,12,15,13,16,12,17,11,9,24,10,20,-20,9,10,13,9,21,19,14,21,6,15,9,12,13,10,12,8,13,8,17,9,13,16,15,18,16,-20,10,-20,10,102,12,19,21,29,14,33,28,19,19,19,27,16,12,20,13,24,22,17,12,14,30,46,22,29,21,17,16,17,40,22,22,23,11,12,27,15,17,12,14,16,7,11,8,9,18,7,8,7,4,-20,13,11,16,14,-20,10,7,19,-20,13,9,13,12,9,10,14,11,19,3,-20,11,15,16,-20,11,19,-20,-20,13,14,14,11,-20,4,11,8,5,6,8,8,-20,8,6,4,8,8,11,14,17,15,14,-20,12,16,14,13,20,19,-20,9,12,11,20,13,20,49,-20,19,15,15,18,10,11,36,10,-20,-20,13,9,13,4,5,24,7,19,10,9,12,22,7,11,12,8,-20,10,15,12,7,15,3,13,12,21,7,4,21,-20,8,9,11,14,10,12,5,10,13,6,14,6,28,16,-20,-20,3,14,17,12,10,-20,4,18,12,3,-20,-20,9,4,20,5,7,11,11,10,-20,10,6,15,4,16,14,-20,-20,14,8,-20,9,3,-20,8,4,6,-20,10,14,5,-20,10,5,3,17,10,64,29,16,30,28,24,32,35,62,40,55,47,104,50,72,49,44,56
"chr4,2179021",5,8,5,6,11,6,8,6,6,6,9,13,40,27,22,21,51,29,99,78,67,9,66,45,71,38,24,36,31,8,13,9,21,14,77,68,50,30,15,-20,12,48,40,23,17,42,7,69,8,28,40,33,37,21,27,19,61,44,38,34,34,41,46,21,48,34,24,88,56,20,53,33,15,30,32,46,25,6,14,10,15,28,35,14,12,39,28,65,47,34,33,25,58,34,34,33,20,54,10,49,28,30,10,-20,38,47,10,29,37,-20,13,6,50,30,9,9,54,15,4,-20,20,-20,9,7,52,13,7,43,6,-20,22,11,9,-20,41,45,51,8,5,-20,4,4,8,5,34,12,6,38,11,-20,16,20,40,32,55,15,14,51,85,27,12,4,10,9,-20,7,8,-20,17,19,68,58,65,28,14,51,16,21,30,87,56,28,37,6,66,12,41,47,20,18,57,28,10,8,17,28,21,40,44,-20,20,18,50,54,78,39,57,90,23,32,79,41,82,40,41,26,71,30,31,24,30,31,46,41,39,27,35,41,32,38,41,25,45,70,13,27,29,15,29,39,32,38,22,51,20,31,34,40,24,-20,35,32,16,21,30,40,30,23,31,26,19,34,52,35,28,13,22,31,48,44,31,37,34,38,49,21,52,84,40,90,21,22,12,29,7,33,-20,11,27,29,18,38,9,33,96,54,79,7,6,6,24,7,5,13,10,28,41,9,36,30,53,46,33,70,19,15,9,15,21,175,12,30,13,24,17,14,10,30,13,32,19,16,7,8,39,16,10,40,73,24,15,25,22,21,20,21,10,-20,25,16,21,7,6,34,12,18,9,16,41,35,17,24,12,21,3,18,21,10,9,20,12,9,13,61,16,7,15,86,12,12,8,13,12,34,14,31,25,17,15,16,10,-20,15,16,18,-20,5,22,102,11,20,8,16,21,36,20,17,18,21,16,16,7,13,36,7,14,20,10,11,13,8,12,14,16,18,33,21,17,25,18,34,16,127,35,24,-20,11,17,12,12,9,16,10,11,16,18,17,12,16,14,59,15,11,4,15,14,13,20,11,17,4,16,22,8,8,16,11,10,17,12,6,16,17,14,22,7,13,16,59,38,25,21,22,-20,7,24,15,14,14,3,16,17,20,22,32,16,7,27,17,19,8,15,-20,13,60,12,17,15,29,12,11,29,13,12,34,45,48,63,13,41,47,5,9,53,50,-20,17,43,12,21,51,24,13,8,36,16,8,31,9,9,36,27,50,12,18,15,19,22,32,30,31,23,16,12,15,11,21,23,49,9,13,45,40,16,21,11,43,19,96,7,27,25,37,31,15,17,14,48,31,36,28,55,69,38,37,44,29,57,12,41,16,17,36,-20,13,10,14,13,15,14,18,39,26,20,21,25,18,53,14,7,19,18,30,15,25,29,13,17,6,11,12,36,19,11,95,48,40,51,34,19,44,35,51,58,21,50,43,50,51,26,114,44,51,13,36,38,136,34,13,21,18,38,52,35,20,40,36,23,45,78,12,31,22,129,40,64,56,34,29,25,17,21,11,7,19,14,5,14,-20,21,13,-20,11,26,17,15,21,26,14,15,14,14,6,-20,16,-20,11,11,12,10,21,15,14,18,16,12,14,12,11,12,15,20,20,14,14,-20,-20,11,23,11,13,7,6,9,6,16,16,13,4,9,6,8,20,8,17,6,15,-20,14,24,21,7,20,24,14,18,13,-20,14,24,27,19,11,12,9,10,12,18,19,-20,7,8,6,7,10,15,10,7,13,15,10,16,11,15,9,9,6,16,12,7,18,13,15,11,3,14,10,18,11,8,11,10,20,9,7,12,8,-20,11,-20,14,14,5,-20,13,12,-20,15,11,-20,11,16,13,10,14,5,14,7,7,21,25,7,9,15,7,12,-20,6,14,14,11,26,4,18,12,8,23,9,18,9,6,-20,14,17,17,22,28,9,21,6,16,29,13,15,13,15,13,16,12,17,11,9,21,-20,20,6,-20,10,12,9,22,19,13,21,6,15,9,13,13,10,12,8,13,8,17,9,13,16,15,18,16,7,10,-20,10,103,12,19,20,28,14,33,28,19,19,19,27,16,12,20,13,25,22,17,12,14,30,44,22,28,21,17,16,16,40,22,22,23,11,12,26,15,17,12,14,16,7,11,8,9,18,7,8,7,4,-20,13,10,15,14,-20,10,7,19,-20,13,-20,13,12,9,10,14,11,19,3,-20,11,15,16,-20,11,19,-20,-20,13,14,14,11,-20,4,11,8,5,6,8,7,-20,8,6,-20,8,8,11,14,17,15,14,-20,12,14,14,13,19,19,-20,9,12,11,19,13,18,49,-20,19,15,15,18,10,11,36,10,-20,-20,13,9,11,4,5,23,7,19,9,-20,12,20,7,11,12,7,-20,10,15,11,7,15,3,13,12,21,5,4,22,3,8,11,11,14,10,12,6,9,12,6,13,8,28,17,12,17,4,11,15,13,8,-20,-20,17,13,3,8,10,7,4,18,5,8,13,11,11,-20,-20,5,12,5,17,12,8,8,15,6,17,8,3,6,8,5,6,-20,13,14,5,7,10,5,3,17,10,64,29,16,31,25,25,32,35,64,41,55,47,101,50,71,49,43,56
"chr4,2179022",5,8,5,7,11,6,8,6,6,5,9,13,39,27,22,20,51,29,100,77,68,9,67,45,71,38,24,36,32,8,13,9,21,14,78,68,50,31,15,-20,12,49,43,24,17,42,7,72,8,28,40,33,36,22,26,18,63,45,38,34,36,41,46,21,49,34,23,89,54,20,52,33,17,31,32,46,25,6,14,10,15,28,35,14,14,40,28,64,47,35,32,24,59,35,33,33,20,54,10,49,28,30,10,-20,39,47,10,29,36,-20,14,6,51,32,9,9,53,15,4,-20,21,-20,9,7,53,12,7,42,6,-20,21,11,9,-20,41,46,52,8,5,10,4,4,8,5,37,12,7,37,11,-20,16,20,40,31,56,15,14,55,89,28,10,4,11,9,8,7,8,9,17,19,68,61,72,31,15,52,16,20,31,92,58,28,40,6,65,11,41,47,20,21,58,26,10,8,18,28,22,41,45,-20,20,18,53,55,78,39,58,90,23,36,80,40,82,41,39,26,70,31,31,24,30,33,45,40,39,27,33,41,33,39,45,23,46,70,12,28,29,13,30,39,32,41,21,51,20,32,34,40,25,25,35,32,16,22,31,44,31,27,33,26,19,34,52,34,27,13,23,32,45,44,34,37,33,36,53,21,54,84,44,90,22,23,12,27,7,33,28,11,28,29,18,38,11,33,96,54,81,-20,6,6,23,7,5,14,10,28,41,9,36,30,52,49,33,70,19,15,9,15,21,175,12,30,13,23,16,14,10,30,13,32,19,17,7,8,39,18,10,40,71,24,15,25,22,22,20,21,10,-20,25,16,21,7,6,34,12,18,8,18,43,35,17,22,10,21,3,18,22,10,9,-20,12,9,13,63,16,7,15,85,12,12,-20,12,12,35,13,31,25,18,14,15,10,-20,15,16,16,-20,5,22,106,12,20,7,16,22,35,19,16,18,22,16,17,7,12,36,8,15,22,10,11,13,9,12,14,16,18,32,23,17,25,17,31,16,126,32,23,-20,11,17,12,12,10,15,10,11,16,17,17,12,17,14,58,17,11,4,14,14,13,20,10,17,4,16,22,8,9,16,11,10,18,12,6,16,17,14,22,7,13,16,60,38,25,21,22,-20,7,25,15,14,14,3,17,17,18,22,32,18,8,27,17,18,8,15,10,13,58,12,17,15,29,12,11,29,13,13,36,45,49,62,13,41,48,5,9,52,50,-20,17,42,12,22,51,24,14,-20,33,18,-20,29,9,9,35,27,51,12,17,17,20,22,29,31,30,23,16,12,16,11,21,22,48,9,13,46,40,21,21,11,45,19,95,6,25,25,37,30,17,16,14,44,33,36,28,55,67,37,36,45,29,54,12,42,15,17,36,10,13,10,13,13,16,14,18,39,26,20,21,25,19,54,14,7,19,17,29,15,25,29,12,17,6,11,12,40,21,-20,97,47,40,50,34,19,43,35,52,57,21,53,45,54,51,26,115,45,50,13,37,37,136,35,13,21,15,43,51,33,23,42,40,22,45,78,12,30,23,132,39,65,58,35,27,25,16,21,11,7,19,14,5,14,-20,21,13,-20,11,25,17,17,21,25,14,15,14,14,6,-20,16,-20,11,11,12,11,21,16,14,18,17,12,13,13,11,11,15,22,20,15,14,-20,-20,11,23,11,14,7,6,9,6,16,15,13,4,9,6,8,20,8,17,6,15,-20,14,23,21,7,20,24,14,18,13,-20,14,24,27,18,11,12,9,10,12,18,19,-20,7,8,6,7,10,15,10,7,13,15,10,16,11,15,9,9,6,16,13,7,18,13,14,11,3,14,10,18,11,8,11,10,20,9,7,12,8,-20,11,-20,14,14,6,-20,13,12,-20,14,11,-20,11,18,13,10,14,5,14,7,7,21,25,7,10,15,7,12,-20,6,14,14,12,26,4,18,12,8,20,9,17,9,6,-20,14,17,17,22,28,9,21,6,16,29,13,15,13,15,13,16,12,17,11,9,21,10,20,6,9,10,12,9,22,19,13,21,6,15,9,12,13,10,12,8,13,9,17,9,13,16,15,18,16,7,10,-20,10,102,12,19,20,30,14,33,28,19,19,20,28,16,13,20,13,25,22,17,11,14,30,45,22,28,21,17,16,16,40,22,22,23,11,11,26,15,17,12,14,16,7,11,8,9,18,7,8,7,4,-20,13,9,15,14,-20,10,7,19,-20,13,-20,13,11,9,10,14,10,19,3,-20,11,15,16,-20,11,18,-20,-20,14,14,14,10,-20,3,11,8,5,5,8,7,-20,8,6,-20,8,9,11,14,18,15,14,-20,12,14,14,13,19,18,-20,10,11,11,19,14,18,48,-20,19,15,15,18,10,11,36,10,-20,-20,13,9,11,4,5,23,7,19,9,9,12,20,-20,12,12,7,-20,10,15,13,7,15,3,13,12,21,7,4,21,3,8,8,12,14,10,11,5,9,12,6,14,5,29,17,13,17,-20,13,18,12,11,-20,2,19,13,3,8,11,7,5,20,3,8,16,11,13,-20,8,5,14,5,16,13,6,10,15,6,21,10,3,6,6,5,5,-20,12,14,5,6,11,4,3,15,10,64,29,16,32,25,25,32,33,64,41,53,47,101,51,72,51,43,56
"chr4,2179025",5,6,5,6,11,6,8,5,6,6,9,11,39,27,22,22,49,29,97,79,66,8,66,44,72,37,24,35,30,9,12,10,18,12,79,68,46,31,15,-20,14,50,36,24,17,42,7,71,9,30,43,32,36,20,31,19,62,43,38,34,38,42,44,21,48,33,20,85,56,21,52,33,15,32,32,47,27,6,13,10,15,27,35,14,14,41,28,64,45,34,30,24,59,35,34,34,20,53,8,48,24,30,10,-20,39,47,10,29,37,-20,14,6,51,32,8,9,53,15,4,-20,20,-20,8,7,51,12,7,41,5,-20,20,11,8,-20,41,48,51,8,5,10,4,4,8,4,38,12,7,38,10,-20,15,22,42,33,55,14,14,54,89,29,9,4,10,8,8,6,9,9,17,21,68,63,71,34,14,54,18,20,30,97,55,27,39,6,66,11,42,48,22,24,62,27,10,11,18,27,26,42,48,-20,21,17,53,56,79,37,57,86,23,36,77,40,83,40,40,24,68,29,29,24,28,34,39,42,39,29,36,38,31,40,44,25,48,72,13,31,30,13,30,36,31,40,19,51,21,37,34,37,25,23,35,33,16,22,28,44,30,28,34,26,23,35,50,35,29,13,23,34,43,45,36,42,33,38,50,22,52,80,44,96,21,24,13,28,7,40,28,13,30,29,21,36,11,31,98,54,89,7,6,6,23,7,6,13,10,28,41,9,36,29,51,49,33,72,21,16,9,15,22,173,13,29,13,24,17,14,9,29,14,34,19,17,9,7,37,18,11,39,69,23,15,28,20,21,20,21,11,-20,26,13,21,8,6,32,12,18,8,18,44,34,18,23,10,20,-20,20,22,10,9,19,12,8,13,67,16,8,14,89,12,13,7,12,12,35,12,32,25,21,13,18,10,-20,14,16,17,-20,5,20,104,12,18,7,16,20,35,20,16,18,25,16,16,9,11,38,9,15,22,10,11,13,9,10,14,17,18,32,22,17,24,18,31,16,125,32,22,-20,11,18,11,12,10,16,9,11,17,17,19,12,17,14,57,16,9,7,13,14,12,21,9,15,3,18,21,11,8,15,12,10,18,12,6,16,17,15,22,7,13,16,59,38,25,22,22,-20,6,25,14,13,13,5,16,17,19,23,32,19,8,28,16,17,8,15,12,14,59,12,17,15,29,10,11,29,14,12,36,47,50,60,13,41,47,5,9,51,50,-20,15,40,10,22,53,25,13,7,36,18,7,30,9,8,36,23,48,12,19,17,19,21,29,31,29,23,16,12,17,11,20,23,50,8,13,47,39,23,19,12,45,18,93,6,27,27,37,30,16,16,12,41,29,31,29,56,66,39,40,44,35,54,12,42,16,17,36,10,12,10,14,13,16,15,17,34,25,18,20,25,19,53,14,7,18,18,29,14,23,27,13,17,6,11,11,35,22,12,100,46,38,50,34,20,43,34,52,60,21,56,47,54,54,29,117,48,53,13,44,37,139,35,13,21,13,45,53,34,20,43,45,22,48,84,13,30,24,141,38,69,59,37,30,24,16,19,11,7,21,14,5,13,-20,21,13,-20,11,25,17,17,21,25,14,15,14,14,6,-20,16,-20,11,10,12,11,21,16,14,17,17,12,12,12,11,8,15,22,25,15,13,-20,-20,11,22,10,14,7,6,10,6,16,15,13,4,9,6,7,20,7,17,6,15,-20,14,24,20,6,20,24,14,17,13,-20,14,24,24,18,11,12,9,11,10,18,18,-20,7,8,5,6,10,14,10,6,12,14,10,15,11,15,9,9,6,14,13,7,18,13,14,10,3,14,10,16,9,8,11,9,20,9,7,12,8,-20,11,-20,13,14,6,-20,13,12,-20,14,11,-20,11,17,13,10,14,5,12,7,-20,20,23,5,10,14,8,12,-20,6,14,12,12,25,4,18,12,8,20,9,18,8,6,-20,13,16,17,22,27,8,22,5,16,28,13,14,13,15,13,15,12,17,11,9,21,10,19,5,9,9,12,9,18,19,14,20,6,14,9,10,-20,10,13,8,12,9,16,9,12,16,14,18,16,7,9,-20,11,102,12,18,20,26,13,30,28,19,19,22,27,15,13,19,12,24,21,15,10,13,29,43,22,28,22,19,16,17,39,22,22,22,11,10,25,15,16,12,13,16,7,11,8,8,17,7,8,6,4,-20,13,9,14,14,-20,10,7,19,-20,13,8,13,11,9,9,13,10,18,3,-20,10,14,16,-20,9,18,-20,-20,13,13,14,11,-20,4,10,8,-20,5,8,7,-20,8,6,-20,8,8,11,13,17,15,14,-20,11,15,13,13,19,18,-20,-20,10,12,18,12,17,43,-20,17,14,14,18,10,9,35,10,-20,-20,13,9,11,4,5,23,7,19,9,9,11,20,7,12,12,7,-20,10,15,13,7,-20,3,13,11,21,6,4,22,3,9,8,13,15,9,10,6,10,13,6,15,7,28,16,12,15,-20,11,19,12,10,-20,4,14,13,4,7,13,7,6,17,-20,6,13,10,11,-20,8,4,13,5,16,14,7,9,17,9,20,9,3,4,6,4,4,4,11,12,4,-20,10,5,5,19,10,64,33,16,32,24,27,31,33,65,43,53,47,97,51,69,50,43,57
"chr4,2179037",6,6,5,6,11,6,8,6,8,7,9,8,38,29,22,26,47,27,98,78,59,8,65,46,80,39,23,36,27,9,12,8,17,11,79,65,45,27,15,-20,16,52,29,24,16,43,6,73,13,46,48,31,40,18,35,19,61,42,39,33,40,35,42,25,46,33,25,88,60,19,51,32,18,32,34,49,23,6,13,10,16,27,39,15,15,42,25,67,50,32,39,27,67,35,35,33,20,57,8,53,27,29,8,-20,43,52,12,24,37,-20,13,6,52,29,8,10,52,17,5,3,21,-20,8,7,38,14,6,42,7,-20,19,12,6,-20,40,51,53,7,3,10,6,4,9,4,42,12,8,36,13,-20,14,21,35,35,48,15,13,49,79,36,8,4,9,-20,8,5,8,8,16,19,64,59,70,37,14,52,24,18,28,99,47,31,-20,10,90,12,48,50,27,28,64,25,9,10,21,29,39,41,44,-20,22,18,50,56,71,35,52,87,23,33,77,36,60,39,45,29,67,34,35,25,29,40,38,46,33,29,31,32,34,42,45,25,54,74,14,36,35,13,37,38,31,44,18,52,35,38,37,35,35,21,27,37,16,21,-20,-20,35,33,32,33,23,33,55,44,35,12,23,28,55,47,38,52,38,-20,53,23,50,-20,-20,-20,18,28,15,25,6,49,30,16,26,-20,20,36,15,38,89,67,101,7,8,5,22,8,6,13,11,30,35,9,35,31,53,44,39,70,20,16,13,17,20,147,12,26,14,17,18,15,7,25,12,35,18,18,11,8,33,19,9,40,88,22,15,29,23,23,19,20,11,-20,25,13,20,9,-20,33,12,18,8,15,41,38,16,23,10,20,-20,22,19,11,9,21,12,9,11,63,16,8,12,83,13,14,10,11,13,32,16,28,23,23,12,22,8,-20,12,14,14,-20,6,19,102,12,17,6,13,23,32,21,15,19,24,19,16,8,15,40,10,16,23,9,12,12,9,13,12,16,17,27,23,14,25,19,29,14,113,29,24,-20,7,21,10,10,9,20,8,14,17,15,21,13,17,11,51,20,9,8,14,15,15,19,11,12,5,21,19,17,20,16,11,10,14,11,6,16,16,15,22,6,12,15,56,39,27,26,20,-20,6,23,14,14,13,12,16,14,22,28,31,22,7,27,17,21,8,14,-20,13,50,12,18,15,24,9,13,28,15,11,33,49,45,60,13,43,46,7,7,45,51,-20,13,38,10,26,52,20,12,-20,39,18,-20,32,13,6,36,27,54,10,22,14,19,22,23,33,45,22,18,11,18,9,21,23,52,6,14,46,42,23,18,15,45,18,92,6,25,29,37,28,14,14,12,42,31,35,26,55,63,41,45,47,46,52,11,43,15,18,32,10,13,10,14,14,15,15,16,33,25,18,21,29,20,54,13,6,19,19,33,13,23,29,12,17,6,13,10,41,23,12,100,43,44,58,32,21,38,28,-20,61,20,61,48,73,68,-20,-20,49,55,18,48,49,139,36,19,23,19,55,54,37,25,56,51,22,49,90,14,31,33,158,41,63,68,43,35,32,16,17,10,8,22,15,6,14,-20,21,14,-20,11,23,16,14,22,24,15,16,15,15,7,-20,20,-20,12,10,13,12,21,15,12,17,15,11,11,11,12,8,16,18,26,17,12,-20,-20,12,23,9,16,8,-20,8,8,17,15,13,4,8,6,8,21,8,16,7,15,-20,12,23,20,10,18,21,13,22,13,-20,13,24,21,18,8,11,7,12,9,19,18,-20,6,8,5,8,8,14,10,7,12,14,9,13,11,15,10,9,7,13,13,9,17,12,13,10,2,14,10,18,9,6,11,8,17,10,8,10,7,-20,11,-20,15,13,7,-20,14,14,-20,14,11,-20,13,16,11,9,13,5,11,6,6,21,22,4,10,14,7,12,-20,7,14,12,12,24,4,17,13,8,17,10,22,6,4,-20,15,17,21,21,23,9,22,5,15,30,15,13,13,16,12,13,13,17,11,10,23,11,16,6,9,9,12,10,19,18,14,17,7,14,11,11,14,7,13,8,12,9,17,8,12,19,14,17,14,7,8,-20,11,86,12,16,22,24,13,31,26,16,20,21,27,14,12,21,12,26,21,16,12,15,23,41,20,28,21,19,18,19,35,21,20,23,10,12,27,17,13,14,17,16,8,11,9,8,15,8,12,6,4,-20,12,9,17,15,-20,11,7,19,-20,14,8,11,11,9,8,13,11,19,5,-20,9,13,14,5,12,20,-20,-20,16,12,13,12,-20,4,12,7,7,6,8,7,-20,7,7,-20,7,7,12,15,20,19,13,-20,10,17,16,13,20,18,-20,11,12,13,20,15,17,44,-20,18,15,14,19,11,8,37,12,-20,-20,14,10,11,-20,5,21,7,20,-20,9,13,19,9,12,12,7,-20,10,15,11,7,15,3,10,14,19,-20,5,24,6,11,10,16,16,9,14,11,11,15,10,17,10,30,18,16,12,7,14,20,8,10,4,-20,11,14,4,13,13,-20,7,15,5,7,16,16,8,-20,8,6,13,5,19,20,9,8,19,13,23,16,5,4,8,7,8,4,14,11,5,5,11,7,11,19,11,57,34,16,27,27,24,30,30,69,41,41,41,77,53,66,53,42,55
"chr4,2179046",6,7,5,6,10,7,8,7,8,7,-20,8,38,34,22,25,45,25,100,75,62,8,65,43,75,42,22,34,27,12,11,7,17,11,80,65,46,31,15,-20,17,53,29,25,16,41,6,76,13,47,46,29,40,19,37,16,59,47,37,33,41,38,40,25,46,29,26,85,61,19,51,35,19,34,39,51,22,5,14,11,18,27,33,14,16,39,28,63,50,30,41,28,63,34,31,37,29,51,8,50,30,32,12,-20,42,51,13,25,41,-20,13,7,52,30,7,10,52,18,5,4,19,-20,8,7,40,15,6,45,8,-20,19,13,6,-20,36,47,60,9,3,8,7,5,9,5,40,13,8,39,15,-20,14,24,43,33,52,14,12,42,87,38,9,4,8,6,8,5,11,9,18,19,61,63,77,41,11,52,25,19,29,115,33,35,45,12,92,13,49,49,26,26,61,26,6,8,18,28,38,33,45,-20,20,19,44,54,62,34,50,85,18,34,75,37,67,44,39,29,70,29,32,27,31,41,38,51,29,31,30,34,33,40,41,27,52,64,16,34,34,13,34,32,33,47,14,54,35,37,36,36,40,24,27,37,14,22,30,36,34,36,31,30,27,32,53,45,36,12,24,28,50,46,43,48,33,39,60,25,52,80,44,112,25,27,15,25,6,48,29,16,27,37,19,37,15,37,83,65,108,7,7,7,24,9,9,11,10,32,37,8,29,32,49,45,34,68,18,15,13,19,18,147,10,26,14,17,18,15,4,23,12,35,21,18,11,9,36,19,10,38,97,22,14,26,27,27,23,19,10,-20,18,14,21,9,8,34,7,17,7,15,38,37,15,22,13,19,3,22,19,12,10,20,11,9,12,55,15,8,9,83,15,14,10,14,13,34,22,26,19,28,12,21,8,-20,12,14,15,-20,6,15,100,14,16,7,11,24,32,19,15,17,25,17,17,6,16,38,10,16,20,9,13,13,12,12,11,15,18,24,22,14,24,20,31,11,101,27,32,-20,7,18,11,11,9,20,6,13,11,14,27,12,15,11,55,24,9,9,14,15,16,19,13,13,5,25,22,18,29,16,11,9,15,13,6,16,18,16,22,6,10,13,57,35,25,25,17,-20,7,19,13,13,16,18,16,13,26,23,29,27,7,29,18,23,7,15,15,14,49,12,19,14,25,9,14,30,18,11,35,52,49,59,15,39,48,8,7,50,50,-20,15,36,11,25,51,19,11,9,40,19,8,32,14,6,34,30,50,10,23,15,17,19,24,26,43,23,18,10,20,9,24,19,46,7,15,43,41,22,18,16,47,20,86,8,22,28,35,29,12,16,12,41,31,32,25,56,61,35,48,46,42,47,14,45,16,18,32,9,15,10,15,15,16,17,15,35,26,19,20,32,19,56,13,6,20,20,32,17,21,30,10,18,9,12,10,42,26,15,98,45,48,65,35,21,35,29,71,60,22,69,52,80,70,33,130,45,54,19,43,47,132,34,18,24,20,53,52,33,24,61,52,20,51,95,11,28,32,152,41,61,65,38,34,33,12,17,10,7,21,14,7,17,-20,18,14,-20,11,23,15,14,20,23,15,15,15,15,7,-20,18,-20,11,12,13,13,24,15,12,19,16,-20,11,11,11,8,18,24,25,20,14,-20,-20,12,23,11,15,10,2,10,11,16,16,12,3,8,7,10,23,6,16,6,13,-20,10,24,20,9,19,20,15,22,13,-20,15,27,22,18,11,12,9,12,6,17,16,-20,8,9,5,8,7,12,12,6,12,15,9,13,11,16,10,9,10,14,13,8,18,13,15,10,2,14,11,20,9,7,12,9,19,10,10,10,9,-20,11,-20,15,16,9,-20,17,16,-20,16,12,-20,14,14,11,9,12,5,11,6,6,22,23,4,12,15,8,12,-20,10,14,13,12,26,6,-20,15,8,23,11,23,8,5,-20,16,16,21,22,24,11,19,5,17,30,17,14,12,15,12,14,13,19,11,11,25,11,17,8,11,11,12,11,21,17,15,18,7,15,11,11,14,7,13,8,13,9,17,7,10,18,17,18,17,7,7,-20,11,88,13,17,22,26,15,30,24,21,22,23,28,14,13,24,13,28,23,19,11,15,25,41,19,28,19,17,18,18,33,22,20,28,11,12,31,18,13,15,17,15,8,10,9,8,14,7,14,8,4,-20,12,9,18,15,-20,12,8,21,-20,15,8,11,11,9,8,15,11,20,5,-20,9,14,14,5,12,21,-20,-20,18,12,16,13,-20,4,10,6,8,6,7,10,-20,8,7,-20,8,9,12,14,22,20,12,-20,13,18,16,13,23,22,-20,11,12,14,22,15,20,47,-20,20,18,16,18,10,12,39,11,-20,-20,15,11,11,-20,5,20,8,23,9,11,12,17,12,12,13,8,-20,9,15,12,7,20,-20,10,16,17,9,4,27,5,15,17,16,14,6,17,8,14,23,9,22,13,26,23,12,11,11,23,16,8,14,5,4,19,12,4,16,13,11,8,17,7,6,17,18,-20,-20,5,10,14,7,16,18,11,8,19,12,21,15,8,6,6,11,10,8,16,10,-20,6,14,8,11,21,11,54,34,15,26,23,22,27,30,70,42,40,41,71,48,65,52,42,55
"chr4,2179050",8,8,4,6,11,7,7,7,8,6,-20,8,37,37,25,24,45,27,98,78,55,7,63,44,76,42,23,34,24,12,11,7,15,11,76,62,47,31,13,-20,16,54,30,22,17,41,7,77,11,45,45,28,43,-20,38,16,58,51,37,31,42,38,41,27,46,33,25,81,65,20,51,35,18,34,38,54,24,6,13,13,19,28,32,15,14,43,29,64,50,30,39,31,67,29,31,37,31,51,7,46,33,33,11,-20,42,52,16,23,41,-20,11,7,55,31,7,11,54,18,-20,4,19,-20,7,7,41,15,7,45,9,-20,18,13,6,-20,40,48,61,9,6,8,7,5,8,8,41,12,10,40,15,-20,14,24,49,35,52,15,12,42,99,37,9,4,8,6,7,5,11,10,12,19,61,62,84,41,9,49,24,19,27,109,34,35,47,13,77,13,50,49,27,26,59,30,7,7,16,33,36,33,51,-20,16,20,45,53,60,31,50,90,21,33,75,35,63,44,35,30,68,30,32,27,31,40,40,52,30,31,31,31,33,43,41,24,53,67,16,35,35,15,36,33,32,46,16,53,32,37,35,43,41,22,28,32,16,21,28,40,34,35,30,30,27,32,55,46,37,12,26,29,52,44,43,48,37,37,53,28,50,77,44,107,22,27,15,24,6,48,31,16,27,37,19,36,15,37,87,65,107,7,8,7,23,10,9,10,10,29,44,7,30,32,47,47,31,72,18,13,14,19,17,144,12,27,13,18,18,17,3,20,12,40,21,15,11,9,34,17,11,43,93,22,15,28,25,26,22,20,11,-20,20,17,20,8,8,33,-20,16,7,13,36,38,16,25,13,17,3,28,20,11,10,21,10,7,12,61,15,7,10,82,16,14,11,13,13,35,26,25,16,29,11,22,8,-20,10,14,-20,-20,6,14,101,15,14,7,8,26,30,20,14,18,26,18,16,6,17,38,10,16,20,9,12,14,12,12,11,15,18,24,27,13,24,19,34,10,101,27,32,-20,7,19,10,10,7,21,5,12,12,12,29,10,16,11,54,26,11,9,16,17,16,20,14,14,5,28,22,21,31,18,11,11,17,12,6,18,18,17,21,6,11,14,63,34,24,26,17,-20,7,19,12,13,16,19,16,10,26,23,29,26,-20,28,16,22,5,15,16,11,54,15,20,13,25,9,16,31,18,10,35,52,49,56,13,41,48,8,7,53,50,-20,14,36,11,27,49,19,10,8,40,20,-20,30,14,6,36,29,49,11,23,16,17,18,23,27,44,24,19,10,21,10,21,21,46,9,15,43,40,21,17,16,46,19,85,8,22,25,35,28,9,16,11,40,35,33,26,59,66,38,50,44,43,48,15,47,16,19,33,11,18,12,14,16,15,17,15,35,26,20,19,29,20,57,15,7,22,19,33,18,22,29,14,19,9,12,10,41,28,16,98,47,50,67,36,22,36,29,73,61,23,65,50,86,76,35,134,46,54,17,45,51,129,32,19,24,22,55,55,31,24,68,48,21,50,108,15,26,33,151,41,57,61,40,30,35,18,18,9,9,23,15,8,17,-20,18,17,-20,12,21,14,16,20,25,14,14,13,15,6,-20,16,-20,12,14,13,12,24,15,13,22,13,9,11,11,14,9,20,27,27,23,13,-20,-20,12,23,9,15,11,2,9,12,17,15,13,3,8,8,9,25,6,16,6,13,-20,11,24,20,12,18,20,14,24,12,-20,16,30,25,18,11,12,9,16,9,16,16,-20,8,9,6,8,9,15,12,6,14,16,7,12,12,17,10,9,11,14,13,9,19,12,17,11,2,16,12,21,7,7,13,9,20,10,11,11,8,-20,11,-20,15,13,11,-20,18,17,-20,18,11,-20,14,16,10,9,11,6,11,7,7,20,26,6,12,15,8,11,3,9,15,14,11,28,5,18,17,8,24,11,23,9,7,-20,17,18,21,22,26,11,21,5,17,27,19,17,12,16,10,15,13,21,10,12,25,13,19,8,11,10,12,10,20,17,13,19,7,15,12,10,13,7,15,9,13,10,17,8,11,17,17,17,17,7,-20,-20,12,87,11,17,25,27,18,30,25,21,22,26,30,15,14,25,13,29,23,19,14,19,26,44,20,28,18,19,19,17,31,23,19,29,14,15,32,19,13,16,19,17,10,10,10,8,13,6,14,10,4,-20,12,12,18,15,-20,13,9,22,-20,15,8,12,11,10,8,15,10,21,5,-20,9,14,15,5,11,21,-20,-20,18,12,14,13,-20,4,11,6,9,6,6,8,-20,8,7,-20,7,10,13,14,22,20,12,-20,14,19,18,14,23,22,-20,11,11,14,22,14,20,51,-20,22,18,15,17,10,12,39,11,-20,-20,16,11,11,-20,5,19,8,21,9,12,12,18,10,14,15,8,-20,8,15,13,5,23,-20,10,16,18,9,4,26,7,14,17,18,15,6,19,8,14,24,9,24,12,21,21,12,8,16,25,15,9,13,3,5,19,11,3,17,12,13,8,18,7,7,20,18,8,-20,6,11,13,11,15,22,11,7,19,13,23,14,8,7,7,13,10,9,15,14,-20,-20,12,9,11,20,15,51,36,16,26,24,22,28,30,72,42,39,40,69,51,64,51,41,55
"chr4,2179051",8,8,4,6,11,7,7,7,8,6,10,8,39,38,25,24,46,27,99,79,58,6,59,42,75,42,23,32,24,12,11,7,15,11,74,63,46,31,13,-20,15,55,30,22,17,42,7,77,11,45,45,27,44,19,36,16,58,51,37,31,44,38,41,27,47,33,25,83,64,22,53,35,17,33,37,53,24,6,13,13,18,28,31,15,13,43,29,65,50,30,39,31,67,32,30,37,31,49,7,47,32,32,11,-20,43,50,16,23,41,-20,10,7,55,30,7,11,54,17,4,4,19,-20,7,7,41,15,7,45,10,-20,18,13,6,-20,39,48,61,9,6,8,7,5,9,8,42,12,10,41,15,-20,14,22,48,37,53,14,13,42,99,38,9,4,8,6,7,5,11,10,14,19,62,63,88,42,9,51,24,20,27,112,35,35,47,13,77,13,50,46,27,26,55,29,7,7,15,33,37,33,51,-20,16,20,45,54,62,29,52,91,21,34,72,34,65,46,35,30,69,28,34,26,31,37,40,52,30,31,31,30,33,43,39,24,53,67,17,39,36,16,36,33,32,46,16,52,33,37,35,44,41,23,28,31,17,20,30,41,34,35,32,30,27,32,55,47,37,12,26,29,51,45,43,50,37,38,53,28,50,78,46,109,24,27,15,24,6,48,32,16,27,39,19,37,15,38,84,75,109,7,8,7,23,10,9,10,10,30,43,7,31,33,46,47,32,72,18,13,14,19,20,141,12,26,13,19,17,17,4,19,10,39,21,15,11,9,33,17,11,44,94,23,15,28,24,25,22,20,11,-20,21,18,21,7,9,32,7,18,7,13,34,38,16,25,13,17,3,28,20,11,10,22,11,7,12,62,15,8,10,82,16,14,11,12,13,36,29,25,16,28,11,22,8,-20,10,13,-20,-20,6,14,101,15,14,7,8,27,30,21,14,18,26,18,16,5,17,37,10,16,20,9,12,15,12,13,11,15,18,24,27,13,25,18,34,10,105,27,34,-20,7,19,9,10,7,21,5,12,12,12,29,10,16,11,55,27,11,9,17,17,16,20,14,14,5,30,21,21,32,18,10,11,18,13,6,18,18,17,22,6,12,14,66,34,25,26,17,-20,7,19,12,12,16,19,16,10,27,24,29,26,8,28,16,22,5,15,15,11,55,15,22,12,25,9,16,30,18,10,35,51,52,57,13,41,47,8,7,50,50,-20,14,36,11,27,48,20,10,-20,41,20,-20,31,14,6,36,27,49,11,23,16,17,16,23,27,44,24,19,10,21,10,21,22,46,10,15,44,40,21,17,17,46,19,87,8,21,25,35,27,10,16,11,41,36,33,26,59,69,39,50,46,43,46,15,46,16,19,33,11,18,12,14,16,14,17,15,36,26,20,19,29,20,57,15,7,22,19,33,18,22,29,14,20,9,12,10,43,28,16,96,47,49,67,37,21,36,29,72,60,23,65,50,85,76,35,134,45,55,17,44,49,131,31,19,-20,22,53,55,28,24,68,48,21,47,122,15,27,33,150,41,58,60,39,28,35,17,18,9,9,23,15,8,17,-20,17,17,-20,12,21,14,16,20,24,14,14,13,15,5,-20,17,-20,12,13,12,12,24,15,13,21,13,9,11,12,14,9,20,27,27,23,12,-20,-20,12,23,9,15,11,2,9,12,17,15,13,3,8,8,9,25,6,16,6,13,-20,11,24,20,12,18,20,14,24,12,-20,16,30,25,18,12,12,9,16,9,17,15,-20,-20,8,6,8,9,15,12,6,14,16,7,12,12,17,10,9,11,14,14,9,19,12,17,11,2,16,12,21,7,7,13,9,20,10,10,11,8,-20,11,-20,15,12,12,-20,18,17,-20,18,11,-20,13,16,10,9,11,6,11,7,8,19,26,6,11,15,8,11,3,9,15,13,11,28,5,18,17,8,24,11,23,9,7,-20,17,18,22,22,26,12,21,5,17,27,19,16,12,15,10,15,13,23,10,12,26,13,19,8,11,9,12,10,19,16,13,19,7,15,12,10,13,7,14,9,13,10,18,8,11,17,17,16,17,7,7,-20,12,88,11,17,25,27,18,29,25,21,22,26,30,15,14,25,13,29,23,20,14,19,26,44,19,27,18,19,19,17,31,23,18,28,14,15,32,19,12,16,19,17,10,10,10,8,12,6,14,10,4,-20,12,12,17,15,-20,13,9,22,-20,15,9,12,11,10,8,14,10,21,5,-20,9,14,15,5,11,21,-20,-20,18,12,14,13,-20,4,11,6,9,5,6,8,-20,8,8,-20,6,10,13,14,22,19,13,-20,14,19,18,14,23,22,-20,11,11,14,22,14,19,50,-20,21,17,14,18,9,10,39,11,-20,-20,16,11,11,-20,5,19,8,21,9,12,12,18,10,14,15,6,-20,7,15,13,5,23,-20,10,16,18,8,4,25,7,15,17,18,14,6,18,8,15,25,8,24,15,23,23,12,8,16,26,15,9,14,5,5,17,11,3,18,12,12,9,18,8,7,22,18,7,-20,6,12,12,11,16,23,13,7,18,12,24,14,-20,7,7,14,10,10,12,13,4,7,17,9,10,20,15,51,36,16,26,24,22,28,31,73,44,39,41,69,51,63,51,40,56
"chr4,2179053",8,9,4,6,13,7,7,8,9,7,11,8,39,38,25,27,47,28,101,79,60,6,63,42,75,43,24,31,25,12,11,7,15,12,73,62,45,31,12,-20,14,54,27,23,17,43,7,79,11,43,45,29,44,19,38,17,59,49,38,33,43,37,41,29,46,34,25,83,64,21,52,36,16,32,39,56,27,6,13,15,21,29,31,16,13,43,29,64,49,29,39,33,69,32,29,39,34,49,7,47,33,34,11,-20,42,50,16,23,42,-20,10,7,56,31,7,11,56,17,4,4,18,-20,7,9,42,14,7,45,10,-20,20,13,6,-20,39,51,62,9,6,8,7,5,9,8,41,12,10,40,16,-20,14,22,48,37,57,14,13,50,99,38,9,4,8,6,7,7,11,9,14,16,63,60,93,45,8,52,24,21,27,113,35,36,47,13,80,13,48,46,27,26,58,32,7,8,15,31,35,31,51,-20,12,21,45,55,61,29,52,93,21,35,70,34,66,47,33,31,74,28,35,26,28,36,38,52,30,32,27,34,34,41,44,25,53,69,17,41,36,16,34,31,31,47,18,50,33,37,34,44,41,23,29,32,17,21,30,41,35,34,32,27,31,31,54,47,36,13,26,26,49,46,44,50,37,36,53,28,50,74,45,107,26,27,14,24,6,47,31,17,26,36,19,36,13,40,88,77,107,-20,8,7,20,10,9,10,10,31,44,7,31,32,46,46,31,74,18,13,14,18,20,140,12,27,13,18,15,17,-20,21,9,40,20,16,11,9,35,18,11,42,97,22,16,28,23,25,22,19,12,-20,21,20,20,7,10,29,7,18,8,13,35,37,15,26,13,17,3,28,21,11,10,24,12,7,12,62,15,8,11,83,17,13,12,13,13,36,32,27,16,29,11,22,8,-20,11,12,12,-20,7,13,103,17,15,8,8,29,31,20,13,17,26,19,14,5,17,36,10,16,19,9,11,15,13,13,11,15,18,26,26,13,24,18,33,8,101,30,35,-20,7,19,9,10,7,22,5,11,12,12,28,10,15,10,56,27,12,9,17,19,18,21,15,14,6,32,20,21,31,17,10,11,18,14,6,18,19,18,21,6,12,13,66,34,25,25,17,-20,7,20,12,13,16,20,16,9,25,24,28,27,-20,28,16,22,5,14,17,11,55,15,22,13,23,9,15,33,18,11,34,52,52,54,13,41,49,8,7,52,50,-20,16,36,11,26,49,18,10,9,41,20,8,30,14,6,34,27,47,11,23,15,19,17,23,27,44,25,19,10,22,10,-20,21,46,10,15,45,40,21,17,17,46,21,85,8,22,24,33,29,10,16,10,41,36,32,27,58,67,36,50,50,42,49,14,45,17,19,33,10,18,12,14,16,15,18,15,35,27,20,20,29,21,59,15,8,22,21,33,19,23,29,14,21,10,12,10,47,28,15,100,46,50,64,39,20,34,27,72,60,25,64,46,84,77,35,136,45,54,17,45,51,130,30,21,22,22,54,53,29,26,68,47,21,47,114,15,26,33,155,42,56,58,40,27,37,17,21,9,10,22,15,8,17,-20,18,17,-20,12,21,14,17,18,26,14,15,14,16,5,-20,18,-20,13,13,13,12,25,15,13,21,13,9,14,11,14,10,21,28,27,23,12,-20,-20,14,23,10,15,11,3,9,12,17,15,13,3,-20,-20,9,26,6,18,6,13,-20,11,24,20,12,18,20,14,25,12,-20,16,32,27,19,12,12,9,16,9,19,17,-20,8,8,6,8,8,15,12,6,15,16,7,13,13,18,10,10,12,14,14,9,19,11,19,13,2,16,12,22,7,7,14,9,21,10,10,10,8,-20,12,-20,15,11,13,-20,18,17,-20,18,12,-20,13,17,11,10,12,6,11,10,8,19,28,6,11,16,8,11,3,9,16,14,12,28,5,19,17,9,25,12,24,10,7,-20,18,18,23,26,28,12,21,5,17,27,18,16,13,16,10,16,14,24,10,13,29,16,19,8,11,9,12,9,19,16,15,20,7,15,12,11,13,7,14,9,13,10,18,8,11,18,17,16,18,7,7,-20,10,90,12,18,26,28,19,31,24,21,23,25,31,16,13,25,13,30,23,22,15,19,27,45,19,30,18,20,20,17,36,25,19,29,15,16,33,20,13,16,20,18,9,10,11,8,12,6,14,10,7,-20,12,12,18,16,-20,13,10,22,-20,15,9,12,11,10,8,15,10,21,8,-20,9,14,15,5,11,21,-20,-20,20,12,15,13,-20,5,11,6,9,5,7,8,-20,8,9,2,6,10,14,14,24,19,14,-20,14,19,19,14,24,22,-20,13,11,14,22,15,19,55,-20,23,17,14,17,9,-20,39,12,-20,-20,16,12,11,-20,6,19,8,24,9,12,11,16,10,15,15,6,-20,7,14,14,5,23,-20,8,18,18,8,4,25,8,16,17,15,15,6,19,8,12,25,8,21,14,23,20,11,9,16,25,15,9,14,5,5,16,11,3,17,14,13,9,18,9,7,24,18,8,-20,5,11,12,11,19,22,12,6,20,14,23,14,7,9,7,16,11,10,17,12,-20,7,17,8,11,23,14,50,34,15,26,24,22,28,30,74,44,39,41,69,47,62,49,39,57
"chr4,2179060",8,7,3,-20,13,7,9,8,7,7,12,8,39,33,25,28,44,28,100,80,65,4,65,41,77,43,31,31,25,11,11,8,16,14,71,64,43,33,11,-20,13,53,26,25,16,42,7,82,12,45,43,29,50,22,38,15,61,49,39,33,44,38,37,31,41,32,27,81,65,18,52,37,15,38,43,55,28,-20,14,15,20,29,34,13,14,41,27,65,44,30,44,32,67,33,34,39,33,52,7,46,30,38,11,-20,44,57,11,24,39,-20,9,6,62,31,6,11,57,16,5,4,15,-20,8,8,47,13,8,47,11,-20,22,10,6,-20,41,54,58,8,-20,7,7,4,8,8,43,11,11,39,14,-20,16,25,45,43,62,15,15,48,94,43,9,3,8,4,7,7,11,8,15,19,62,66,104,44,7,46,26,19,26,116,34,39,50,13,80,15,46,39,32,25,70,29,7,9,18,33,33,30,47,-20,12,21,48,54,63,31,51,90,26,33,69,33,72,49,32,31,75,29,40,26,28,40,43,49,33,29,30,47,33,39,47,26,52,74,19,39,36,18,30,31,34,49,18,48,34,32,28,50,41,25,31,33,16,17,30,42,35,36,35,27,32,31,55,44,35,14,26,33,50,42,44,53,42,35,48,31,48,76,50,108,25,29,14,25,6,45,31,18,19,29,20,35,12,43,92,79,97,6,9,6,21,8,9,10,12,31,44,5,31,30,49,47,30,74,20,13,15,17,21,144,14,23,13,23,14,20,4,22,7,38,18,18,11,10,36,17,10,43,93,24,18,29,22,25,19,22,10,-20,21,20,19,6,10,33,4,20,6,11,34,36,17,26,14,15,4,26,24,10,11,24,14,7,11,58,16,9,13,87,17,13,12,12,10,30,36,24,17,37,10,25,6,-20,11,12,13,-20,8,13,98,17,13,8,6,32,33,19,15,16,26,16,17,4,16,39,12,16,20,10,10,16,15,15,13,15,18,24,32,13,25,17,29,10,96,32,38,-20,9,17,9,11,7,21,4,11,14,13,31,11,16,15,61,32,11,11,16,16,17,22,18,15,6,37,22,23,35,16,8,13,18,15,5,12,18,16,21,7,11,12,68,33,23,23,21,-20,8,21,9,16,15,20,15,8,27,29,31,24,9,28,17,21,7,15,16,11,54,10,23,11,22,-20,14,33,18,12,38,50,53,59,14,40,48,7,6,53,50,-20,15,39,11,27,46,15,9,11,41,20,8,28,13,5,42,26,57,12,27,14,18,13,24,29,42,25,19,8,24,9,19,20,45,10,17,43,36,23,18,15,47,20,84,7,21,24,35,27,10,16,13,40,40,36,30,54,65,37,50,47,47,52,15,46,14,17,27,9,15,12,12,16,14,17,13,36,27,20,-20,28,21,56,15,8,20,23,30,18,22,27,14,20,-20,13,11,44,32,15,98,43,51,67,41,23,34,29,74,56,31,65,42,78,76,36,134,45,54,17,46,48,118,36,21,26,34,55,54,29,29,69,50,21,45,112,13,28,32,149,40,49,56,39,27,36,15,21,7,9,18,15,9,15,-20,20,14,-20,12,20,12,17,17,24,13,15,13,15,7,-20,19,-20,13,13,13,12,21,15,12,18,11,7,14,12,13,11,20,25,27,22,11,-20,-20,16,19,9,15,11,3,7,13,16,14,13,-20,5,8,8,27,6,14,6,13,-20,14,20,17,10,14,14,14,24,13,-20,16,31,26,15,13,11,9,13,11,20,16,-20,-20,6,6,7,7,15,14,7,14,13,7,11,12,16,10,11,11,13,16,9,15,9,17,12,-20,16,11,21,8,6,12,10,20,11,10,10,6,-20,9,-20,16,10,14,-20,16,14,-20,18,10,-20,16,17,11,7,9,5,9,10,8,18,26,5,11,17,9,9,3,8,16,16,11,26,5,16,16,8,23,12,26,11,7,2,18,15,22,23,27,11,21,5,14,26,18,16,12,16,8,16,13,20,8,8,25,10,20,7,11,10,10,8,16,15,14,18,6,16,11,10,14,-20,14,8,13,7,16,9,10,14,15,16,14,7,6,-20,12,92,11,22,25,26,17,29,24,17,21,23,29,15,14,23,14,28,22,21,15,16,23,42,18,25,13,19,20,16,38,23,12,24,13,15,33,19,11,16,21,15,9,9,11,8,12,6,12,9,7,-20,10,12,17,14,-20,16,9,20,-20,16,-20,11,9,9,10,16,10,21,8,-20,10,12,13,5,11,19,-20,-20,15,12,14,11,-20,6,9,-20,10,5,6,6,-20,7,10,-20,6,11,12,14,21,16,10,-20,14,18,19,15,24,19,-20,12,11,10,24,17,19,51,-20,21,17,12,16,10,9,39,9,-20,-20,15,11,11,-20,6,16,6,24,-20,11,8,17,10,15,14,6,-20,6,14,11,4,22,-20,7,17,17,9,4,23,8,17,14,16,15,8,21,6,10,25,9,25,14,19,18,10,9,18,29,16,10,14,5,7,17,-20,4,17,14,15,6,20,11,10,24,15,9,3,4,12,13,13,21,22,12,6,20,15,15,11,8,10,11,18,8,12,18,17,-20,11,16,8,12,20,14,37,33,14,26,24,24,28,27,72,44,37,41,67,53,65,50,38,56
"chr4,2179065",8,8,3,6,13,8,9,8,7,7,10,8,41,34,28,27,44,28,103,77,62,4,65,40,75,48,35,27,22,11,12,9,15,15,73,67,43,31,11,-20,15,55,25,25,11,45,5,82,11,44,43,32,52,23,37,16,56,51,38,32,49,37,38,33,44,32,26,85,65,17,52,36,16,37,41,52,27,-20,14,15,20,23,29,13,14,43,29,64,46,25,43,30,65,29,33,43,35,54,-20,47,29,39,13,-20,47,52,11,26,38,-20,10,6,63,33,6,9,54,17,5,4,15,-20,9,8,45,12,8,48,14,-20,21,9,6,-20,40,49,56,9,-20,8,7,4,9,9,48,10,12,37,14,-20,16,27,44,39,62,13,15,50,96,43,9,3,8,4,8,7,11,8,16,16,56,61,97,41,6,41,27,19,22,124,33,40,44,12,75,15,45,38,27,26,68,29,8,12,18,39,32,30,49,-20,11,21,49,55,63,30,49,72,24,31,62,35,71,52,31,27,79,28,43,23,27,43,43,51,33,29,29,47,35,42,50,24,50,74,20,37,34,19,35,31,35,43,18,47,32,32,27,54,38,25,33,35,18,19,29,42,32,33,35,28,33,26,49,42,34,15,24,36,53,41,39,59,43,32,43,30,46,72,45,102,31,30,15,24,7,40,29,17,16,27,19,35,9,46,96,81,104,6,9,6,23,9,-20,10,14,31,42,6,34,29,50,45,29,71,20,13,13,14,21,143,12,21,16,26,10,22,3,21,9,38,17,17,10,10,34,18,9,45,96,25,18,32,21,24,19,23,11,-20,23,21,20,6,11,30,5,21,6,11,35,35,19,28,15,14,4,24,25,10,11,23,14,8,10,56,17,11,13,88,17,14,12,12,9,26,35,24,17,33,9,26,5,-20,14,13,14,-20,7,12,96,18,15,8,7,30,34,20,14,18,25,13,17,4,16,36,13,17,20,9,10,14,15,13,13,16,17,26,31,14,26,21,30,11,99,29,31,-20,9,17,10,12,7,22,4,10,14,13,33,12,16,15,60,29,11,12,15,16,18,22,16,12,7,-20,26,23,37,15,7,12,18,16,5,12,18,15,25,7,10,11,68,34,25,26,22,-20,8,22,9,16,14,21,14,8,28,28,32,23,9,28,15,20,8,15,14,13,55,10,25,10,18,8,14,32,21,14,40,50,54,58,15,40,49,7,7,51,48,-20,15,39,11,27,51,18,9,11,42,20,8,28,12,6,40,20,56,12,28,16,16,13,20,27,40,23,19,8,27,10,20,24,44,10,17,41,35,23,20,15,47,19,78,7,21,22,34,27,10,18,16,42,42,38,30,54,64,38,50,46,42,48,15,47,14,18,26,8,16,12,12,15,14,17,13,36,27,21,19,31,21,59,16,10,20,25,32,19,23,27,14,20,8,13,12,46,32,15,99,41,51,70,43,24,37,32,68,58,31,64,42,77,69,-20,-20,46,52,17,45,47,110,38,22,27,32,55,56,30,30,66,47,22,46,113,14,28,32,156,39,46,52,37,27,37,16,22,7,8,18,14,11,17,-20,21,14,-20,12,22,14,18,16,25,14,16,14,17,7,-20,19,-20,14,13,13,11,21,16,12,19,12,6,14,13,13,12,22,23,28,24,12,-20,-20,16,21,9,16,11,-20,7,12,16,14,13,-20,-20,9,10,28,5,14,7,13,-20,14,20,17,10,14,15,15,24,13,-20,16,31,28,16,15,11,9,15,12,21,16,-20,7,6,7,7,8,15,14,7,14,15,7,10,11,16,11,11,11,13,16,9,14,11,17,13,-20,17,12,21,9,6,11,12,23,11,12,9,6,-20,9,-20,16,12,14,-20,15,15,-20,18,10,-20,17,17,11,8,11,5,12,10,8,20,29,9,13,17,9,-20,3,8,16,15,12,26,5,17,16,10,25,12,29,11,7,2,18,15,22,24,27,12,23,5,16,25,18,16,13,16,8,16,14,20,8,8,26,10,21,8,10,11,10,8,16,14,15,19,7,15,11,10,17,6,15,8,14,7,18,9,9,17,16,15,15,7,6,-20,12,92,11,22,25,26,18,29,24,18,21,25,30,15,15,22,14,28,24,21,15,16,23,44,21,24,12,19,19,17,41,23,12,26,12,15,33,19,14,16,23,15,8,9,12,8,15,6,12,9,7,-20,10,12,17,14,-20,16,9,21,-20,16,8,11,10,10,10,16,10,25,9,-20,11,12,13,6,11,19,-20,-20,15,11,15,10,-20,7,9,-20,10,5,6,6,-20,7,11,-20,6,11,13,15,21,20,11,-20,17,19,19,14,24,19,-20,13,11,10,27,17,20,54,-20,23,17,12,20,10,10,40,9,-20,-20,16,11,11,-20,5,19,7,24,-20,12,8,18,10,16,14,6,-20,7,14,11,4,20,-20,7,18,18,9,4,23,9,14,11,19,16,7,-20,6,10,30,11,24,13,17,20,10,9,18,33,16,12,18,3,6,18,9,4,17,14,12,6,25,13,11,24,13,9,3,-20,12,13,13,23,25,11,8,18,15,17,10,9,11,12,18,10,13,18,16,3,13,17,7,12,23,13,39,33,13,23,24,24,27,27,74,45,37,41,70,49,67,48,37,59
"chr4,2179066",8,8,3,6,14,8,9,8,7,7,10,8,40,34,29,27,44,28,105,76,61,4,66,37,76,49,34,29,22,11,11,9,16,15,75,67,44,32,11,-20,15,55,25,23,9,44,6,81,12,44,43,32,51,21,35,16,58,51,38,29,50,38,39,33,39,35,26,85,64,19,50,35,16,37,41,51,28,-20,14,15,20,23,29,13,14,43,29,63,45,25,45,32,67,31,34,43,34,54,7,47,31,40,13,-20,48,51,11,28,35,-20,10,6,63,33,6,9,55,17,5,4,15,-20,9,8,44,13,8,48,14,-20,21,9,6,-20,40,50,56,9,-20,-20,8,4,9,9,48,10,12,38,13,-20,16,27,44,39,63,12,15,55,95,44,9,3,8,4,8,-20,12,8,15,16,58,70,96,42,5,39,27,19,19,130,33,36,42,13,60,15,44,36,27,25,61,29,7,12,16,38,34,29,49,-20,11,22,54,56,58,28,51,81,23,31,62,35,72,54,31,27,78,28,43,22,25,44,42,51,32,29,27,44,36,39,47,26,54,74,21,37,32,18,36,30,35,44,18,47,30,31,28,54,40,24,31,35,17,18,29,42,33,33,35,27,34,25,46,43,34,14,23,35,49,41,37,59,40,33,39,28,46,69,44,99,30,30,15,24,7,39,29,17,16,27,20,35,8,45,97,81,104,6,9,6,24,8,8,10,13,32,42,6,34,29,50,46,29,70,20,13,12,18,21,151,12,21,16,26,10,22,3,21,8,38,16,18,10,11,34,18,9,42,95,25,19,32,22,25,19,23,10,-20,22,22,20,6,11,32,5,19,6,11,33,33,19,28,15,15,4,24,25,9,11,22,15,8,9,56,17,12,14,88,17,13,13,12,9,27,35,23,17,34,10,26,5,-20,14,11,-20,-20,7,11,95,18,16,8,7,32,35,20,14,19,26,13,17,4,16,36,12,17,20,-20,10,12,15,13,13,16,17,27,-20,14,27,23,28,11,102,29,32,-20,9,17,10,13,9,21,4,10,14,12,32,12,16,14,62,31,11,12,15,16,18,22,17,12,7,-20,24,23,37,16,7,12,19,16,5,11,18,14,27,8,-20,11,68,35,25,27,22,-20,8,22,9,16,14,21,13,8,28,29,31,23,9,28,15,20,8,16,14,13,55,9,24,10,18,8,13,32,21,14,40,48,56,58,15,40,49,7,7,49,48,-20,14,38,11,26,52,16,9,11,43,19,-20,28,12,6,40,20,53,12,29,16,17,13,19,25,40,23,19,8,27,10,21,24,42,10,17,42,34,22,20,15,47,19,77,-20,21,22,34,28,9,17,17,41,40,39,29,54,64,37,50,46,42,45,14,45,15,18,24,8,15,12,12,15,14,16,13,36,27,21,19,31,20,58,15,10,19,25,31,19,22,27,14,20,8,13,12,45,32,15,98,41,51,70,42,24,40,33,69,60,31,62,40,77,65,32,137,46,48,17,43,46,110,37,22,27,32,53,55,30,28,66,46,23,46,111,13,26,30,154,36,46,53,35,26,36,15,22,7,8,16,14,11,16,-20,21,14,-20,11,23,14,18,16,24,14,16,13,16,7,-20,18,-20,14,13,13,11,20,16,12,19,12,6,14,12,12,12,22,23,29,24,12,-20,-20,14,19,9,16,11,5,8,12,15,14,13,-20,-20,9,10,26,5,14,7,13,-20,14,18,16,11,14,15,15,24,13,-20,15,30,26,16,15,12,9,14,12,21,16,-20,8,6,7,7,8,15,14,7,14,14,7,10,11,15,11,11,11,13,15,9,15,11,17,13,-20,17,12,21,10,6,11,12,22,11,12,8,6,-20,9,-20,16,12,14,-20,15,15,-20,15,10,-20,17,16,11,8,11,5,12,10,8,20,28,9,13,17,9,8,3,8,16,15,11,24,5,17,16,10,24,12,29,10,7,2,18,15,21,24,26,12,22,5,15,24,18,16,12,15,8,15,13,19,8,8,26,10,21,-20,-20,10,9,8,16,14,15,19,7,15,11,9,17,6,15,8,14,7,17,9,9,17,16,14,15,7,7,-20,12,90,11,21,24,26,18,28,22,18,21,23,29,14,14,23,14,28,23,21,15,16,23,43,21,24,12,19,19,16,40,20,12,24,12,15,33,19,14,16,23,15,8,9,12,8,14,6,12,9,7,-20,10,12,17,14,-20,16,9,21,-20,16,9,10,10,10,10,16,10,25,9,-20,11,12,13,6,11,19,-20,-20,15,11,15,9,-20,7,9,-20,10,4,6,6,-20,7,11,-20,6,11,13,15,21,20,11,-20,17,19,18,14,25,19,-20,12,11,10,27,16,19,57,-20,23,17,13,19,10,10,40,8,-20,-20,16,11,11,-20,5,19,7,24,-20,13,8,18,10,16,14,6,-20,7,13,11,4,20,-20,6,18,20,9,4,23,9,14,14,18,16,7,19,5,10,30,11,25,11,18,19,10,9,18,34,15,12,17,4,6,18,9,4,15,12,14,6,25,13,12,23,15,7,3,3,14,13,-20,-20,22,10,8,-20,15,15,11,9,11,11,19,10,13,19,17,4,13,-20,6,12,-20,13,40,32,13,23,23,25,27,27,73,46,37,41,71,48,70,48,37,60
"chr4,2179067",8,8,3,6,13,6,9,7,7,7,10,8,40,34,29,26,45,28,105,76,62,4,65,39,73,49,33,30,22,11,11,9,16,15,75,68,43,33,9,-20,15,54,25,23,9,44,6,80,12,43,43,31,51,21,34,15,57,49,37,29,51,38,39,33,41,36,26,84,64,19,51,33,16,35,42,50,30,-20,14,14,20,23,29,11,14,42,29,64,46,25,44,32,63,31,36,43,34,56,7,43,30,38,13,-20,47,52,9,29,36,-20,10,6,62,33,6,9,56,14,5,4,14,-20,7,7,44,12,8,47,14,-20,21,9,6,-20,35,52,57,8,-20,8,8,4,9,9,46,10,12,38,13,-20,17,26,44,40,64,12,15,55,95,44,8,3,6,-20,7,-20,11,8,15,16,56,68,96,42,5,40,28,19,18,130,33,37,42,13,60,15,43,36,27,25,61,28,7,12,17,39,34,30,46,-20,11,23,54,56,59,31,51,82,22,31,60,35,72,54,31,26,78,27,43,23,24,44,40,51,32,29,27,45,35,39,47,26,54,74,22,37,32,19,36,29,35,43,18,47,30,29,28,54,40,24,31,34,17,20,29,42,33,33,35,26,34,25,47,43,30,15,23,35,49,41,37,58,38,34,40,30,45,69,46,97,29,30,15,24,7,37,28,17,17,27,19,34,8,45,99,82,100,6,7,6,23,8,8,10,12,33,41,6,33,30,50,46,30,70,20,13,12,18,21,149,12,21,17,25,10,21,3,21,8,38,17,18,10,11,34,18,9,42,94,25,19,32,22,25,19,23,11,-20,23,21,20,6,11,32,5,20,6,11,33,33,18,28,15,15,4,24,23,9,12,22,15,8,9,56,17,11,14,89,17,13,13,12,9,26,35,22,17,34,10,25,5,-20,14,11,13,-20,5,9,96,18,16,8,7,32,34,19,13,19,26,14,17,4,16,36,12,15,21,8,10,13,15,12,13,16,16,27,31,14,27,24,29,11,99,27,32,-20,9,17,10,13,9,22,4,10,15,12,32,12,15,13,64,29,11,12,16,16,17,20,17,12,7,37,24,23,38,16,7,12,19,16,5,11,18,14,27,8,10,10,68,35,23,26,22,-20,8,22,9,16,14,21,13,8,28,28,32,23,9,28,15,20,8,16,14,12,53,9,24,11,18,8,12,31,20,14,40,48,53,58,15,40,48,7,6,49,50,-20,13,38,11,23,49,17,9,11,42,19,-20,27,13,6,40,19,53,12,29,16,17,12,18,25,41,23,19,8,28,10,21,25,42,10,17,42,34,22,20,16,46,19,78,7,21,23,34,29,8,17,17,41,39,38,29,53,65,37,49,46,43,45,14,45,15,18,24,8,15,12,12,14,14,16,13,34,27,21,19,28,19,54,14,9,16,24,30,19,22,25,13,19,7,12,11,41,33,15,102,41,51,72,43,24,38,33,68,61,32,62,40,77,62,32,134,45,48,17,42,47,114,37,22,27,32,49,56,30,29,66,47,23,48,121,13,27,30,153,36,47,52,35,26,38,14,22,6,-20,16,13,11,17,-20,20,11,-20,9,23,12,18,15,24,14,16,13,16,7,-20,18,-20,14,12,13,10,19,15,11,18,12,-20,14,13,12,13,21,23,29,23,12,-20,-20,14,19,9,16,10,5,8,12,15,14,13,-20,-20,9,10,26,5,11,7,13,-20,14,18,15,11,14,15,14,24,13,-20,14,28,25,16,15,11,10,15,11,20,16,-20,8,6,6,7,8,15,13,6,12,14,7,10,11,14,11,10,10,13,14,9,12,11,16,13,-20,17,12,20,10,6,11,12,21,11,11,8,6,-20,9,-20,15,10,14,-20,15,15,-20,15,10,-20,17,15,9,8,10,5,12,9,8,20,25,9,-20,17,9,8,3,8,15,15,10,25,4,17,15,9,24,12,27,10,7,2,18,15,22,24,26,12,21,5,13,20,18,16,11,15,7,15,12,18,7,7,25,9,21,7,10,10,9,8,16,13,15,20,7,15,11,9,17,4,14,7,12,7,16,8,9,17,16,14,12,8,-20,-20,12,91,11,21,23,24,18,28,21,17,21,22,29,13,13,22,13,24,22,21,15,14,23,43,19,23,13,19,19,16,40,20,11,23,12,15,31,21,13,16,22,14,8,9,12,8,14,6,11,10,6,-20,10,11,16,14,-20,15,9,20,-20,14,9,11,11,9,10,15,8,25,9,-20,11,12,11,6,11,19,-20,-20,17,11,15,8,-20,7,8,-20,9,4,6,6,-20,7,11,-20,6,11,13,15,20,19,10,-20,15,19,19,14,25,19,-20,14,10,10,29,16,18,58,-20,22,17,12,19,10,9,38,8,-20,-20,15,11,11,-20,4,19,7,24,-20,13,8,17,10,15,13,5,-20,7,13,11,4,20,-20,6,17,18,9,5,21,8,-20,14,16,15,7,19,-20,10,31,11,22,13,17,17,9,9,18,31,14,12,19,4,6,18,9,5,13,12,13,3,26,12,12,23,14,9,-20,3,13,14,13,20,25,10,6,16,12,-20,9,9,11,9,17,10,13,18,16,3,13,15,6,10,21,13,41,33,12,22,23,24,26,28,71,46,37,41,71,48,69,44,38,62
"chr4,2179069",8,8,3,7,15,6,8,7,7,7,10,8,39,34,30,25,43,28,101,79,63,4,67,40,74,49,35,29,25,11,11,9,15,16,72,69,42,33,9,-20,15,53,26,23,9,45,6,84,12,45,44,31,51,22,35,18,58,49,37,33,53,41,38,33,44,35,27,85,68,19,49,33,16,37,42,50,30,-20,14,13,18,24,29,11,14,40,31,67,46,26,43,32,62,31,37,43,35,54,7,43,30,38,13,-20,46,49,9,29,38,-20,10,6,62,34,6,9,56,14,5,4,13,-20,7,8,47,12,8,45,14,-20,21,9,6,-20,34,53,56,8,-20,8,8,4,8,9,46,10,12,41,12,-20,17,25,42,44,62,12,15,61,94,50,8,3,6,-20,8,-20,12,-20,17,16,57,70,95,41,5,39,28,20,18,129,32,37,43,13,57,14,44,35,27,25,65,28,6,12,16,39,34,29,42,-20,10,22,54,52,58,32,51,74,25,30,58,35,77,52,30,27,78,27,44,25,25,44,38,52,29,29,27,45,36,39,48,28,54,72,21,37,33,19,37,28,34,43,17,47,30,30,28,55,40,25,29,33,16,21,29,42,33,32,33,27,33,25,49,42,30,15,25,34,48,42,35,57,38,35,41,31,45,69,45,96,30,30,16,25,6,37,28,17,17,27,19,35,8,43,97,82,100,5,7,6,26,8,8,10,12,34,42,6,34,32,51,46,30,73,19,12,12,18,22,149,11,23,17,26,10,21,4,22,8,35,16,17,9,13,36,18,9,41,109,24,19,31,22,25,19,24,11,-20,25,23,21,6,-20,30,5,19,6,12,32,34,18,27,15,15,4,26,23,7,12,22,15,9,9,59,17,11,13,90,17,13,13,12,8,27,34,21,16,34,10,25,5,-20,14,11,15,-20,5,9,96,18,17,8,7,33,35,20,13,18,26,14,18,4,16,41,12,16,21,8,10,13,15,12,12,18,16,27,30,13,27,25,28,10,102,27,30,-20,8,17,10,15,9,23,4,10,17,12,32,12,15,13,65,30,11,11,15,16,17,19,16,12,7,37,24,23,40,18,7,11,21,16,5,12,16,16,28,8,10,12,73,36,25,26,22,-20,8,23,10,17,14,21,13,8,28,26,34,24,9,28,16,21,8,15,14,13,54,11,23,11,18,8,12,30,19,14,42,49,52,58,15,39,49,7,7,50,51,-20,13,38,11,24,49,18,9,11,44,19,8,26,13,6,40,19,54,12,29,15,17,12,20,24,41,22,17,8,29,10,22,26,43,9,17,41,34,22,20,15,46,18,81,7,21,23,33,28,8,18,17,42,42,39,29,52,64,35,49,45,43,46,13,46,16,18,24,8,16,11,12,16,13,17,12,33,27,21,20,29,20,54,15,9,16,24,31,19,22,25,13,19,7,12,11,42,31,15,104,40,50,71,43,22,40,33,67,60,32,62,40,77,62,34,137,45,48,16,43,48,113,37,22,26,31,48,58,31,29,69,46,23,50,122,13,28,30,150,40,46,50,36,26,37,15,22,6,8,16,13,11,19,-20,19,11,-20,9,23,12,18,15,24,14,15,13,16,7,-20,18,-20,14,12,13,10,20,15,12,18,12,7,14,14,12,14,21,23,28,23,12,-20,-20,14,19,9,16,10,5,8,12,15,14,13,-20,-20,10,10,25,6,11,7,13,-20,14,18,15,10,15,15,14,24,13,-20,15,28,25,15,15,11,-20,16,12,22,16,-20,9,6,6,7,8,15,13,6,12,15,7,11,11,14,11,10,11,13,14,9,13,11,17,13,-20,16,14,20,10,6,11,13,21,12,11,8,6,-20,9,-20,15,10,14,-20,15,15,-20,16,10,-20,17,15,9,8,10,5,12,9,7,20,25,10,13,17,9,8,3,8,15,15,10,25,4,19,15,9,25,12,27,10,7,2,18,15,22,23,25,13,22,5,13,20,18,16,12,16,8,16,12,17,8,7,25,9,23,7,10,10,9,8,16,13,14,21,7,15,11,9,17,4,14,7,12,7,16,9,9,17,16,13,12,8,7,-20,12,88,11,22,25,24,19,28,23,17,25,22,29,13,13,22,14,24,22,20,15,14,22,43,20,24,13,19,21,16,42,20,11,23,13,15,31,21,13,15,22,16,8,9,12,9,15,6,11,10,6,-20,10,11,18,14,-20,15,9,20,-20,14,9,11,12,10,10,15,8,27,9,-20,11,12,11,6,12,18,-20,-20,18,11,14,8,-20,8,8,-20,9,4,6,6,-20,6,11,-20,6,11,14,15,20,18,10,-20,15,19,20,14,25,20,-20,16,10,10,29,16,17,59,-20,22,18,14,20,10,9,38,8,-20,-20,15,11,11,-20,4,24,8,24,-20,13,-20,18,10,16,13,5,-20,7,13,11,4,18,-20,7,18,18,9,5,20,9,11,11,15,16,7,18,7,10,28,10,23,13,16,18,8,9,15,32,13,12,17,4,6,16,9,5,12,10,12,5,26,12,11,24,12,8,3,-20,13,11,10,21,23,10,8,17,11,15,6,8,10,10,19,9,12,20,17,3,13,13,6,11,21,13,41,33,13,22,24,24,27,28,75,48,49,41,70,49,67,45,39,62
"chr4,2179081",6,8,4,4,15,9,-20,9,7,8,13,10,42,40,32,29,45,24,103,71,67,5,65,36,69,54,35,30,26,11,11,8,13,18,69,67,43,30,12,-20,14,48,24,16,10,49,5,80,12,47,34,31,44,26,40,18,59,46,37,31,48,39,34,28,47,37,26,82,68,23,47,32,21,35,40,52,30,6,12,14,17,21,32,14,14,42,32,67,45,23,42,32,57,30,37,41,31,60,8,40,34,39,10,-20,43,51,9,30,41,-20,11,6,59,36,4,9,58,15,3,6,6,-20,9,7,41,10,6,49,13,-20,24,10,5,-20,35,54,54,5,4,7,7,3,10,10,45,5,11,41,10,-20,11,22,45,42,66,11,17,53,101,53,6,5,4,-20,10,11,12,11,18,16,56,73,87,34,4,38,38,19,26,133,29,38,45,11,52,20,34,36,24,30,65,29,4,15,16,37,36,26,39,-20,7,21,52,52,59,44,43,73,21,27,68,36,83,54,29,24,73,26,42,22,19,45,37,49,25,28,25,42,37,37,45,25,52,57,21,39,41,18,34,22,34,41,21,46,26,30,30,50,51,24,33,31,18,17,31,44,31,36,36,29,30,22,45,43,24,12,29,36,49,40,36,53,38,36,37,33,50,69,45,93,28,27,19,28,7,36,21,15,16,27,16,31,6,36,81,82,106,6,8,5,25,12,11,8,12,39,39,6,41,35,49,39,34,76,18,15,12,18,23,147,12,24,18,25,12,20,3,19,8,37,15,19,7,15,40,15,-20,39,110,20,17,32,24,28,15,29,15,-20,23,21,17,5,11,30,-20,16,8,11,27,31,16,22,15,14,4,32,23,11,13,21,15,9,9,72,18,11,14,87,17,12,15,12,6,29,32,20,19,30,11,19,3,-20,13,8,13,-20,10,11,89,17,13,8,11,31,35,16,12,16,27,13,19,-20,14,38,13,12,17,8,7,13,15,10,8,18,15,34,27,10,24,27,26,11,103,26,32,-20,6,14,9,13,13,23,6,12,17,11,29,10,13,13,64,35,7,10,14,15,15,20,15,11,7,32,26,22,36,17,9,9,19,15,4,15,14,17,30,7,12,12,74,34,23,28,20,-20,7,28,9,19,14,17,13,7,22,20,32,20,9,27,14,17,8,16,-20,12,57,12,19,9,14,-20,13,32,16,13,42,48,52,61,14,39,51,9,8,49,52,-20,12,42,11,26,47,18,6,13,45,17,7,25,12,6,33,22,56,11,28,15,18,12,17,24,39,20,14,3,26,10,22,28,40,7,18,40,37,24,19,16,43,19,79,6,17,25,33,32,10,18,15,33,43,39,30,56,61,34,45,44,49,46,13,45,14,18,28,7,12,8,11,14,13,16,12,32,23,23,22,27,19,59,16,10,14,21,31,22,22,19,11,16,6,14,9,44,33,-20,101,40,51,72,44,28,39,33,74,60,30,58,41,65,58,35,149,44,43,14,48,50,120,37,21,27,34,41,57,32,28,72,45,27,48,114,15,26,32,134,47,41,53,28,24,36,13,19,6,8,15,16,9,19,-20,13,8,-20,18,17,9,19,15,20,11,16,13,14,6,-20,14,-20,17,16,8,9,13,12,11,18,10,4,14,14,11,14,19,22,31,23,11,-20,-20,16,15,13,20,11,7,11,14,15,9,14,-20,6,9,11,22,8,11,6,9,-20,20,19,14,9,15,14,19,22,10,-20,15,26,20,15,13,10,15,19,15,23,15,-20,11,8,4,9,-20,15,12,9,10,16,4,9,7,12,12,8,9,13,16,7,18,10,14,12,-20,13,11,24,11,8,12,17,21,11,14,10,9,-20,8,-20,13,11,14,-20,17,15,-20,19,10,-20,18,14,10,6,10,8,11,7,9,20,26,10,18,14,8,-20,4,10,15,18,12,24,6,22,13,8,27,12,29,14,7,-20,18,14,18,20,29,12,25,6,14,18,14,15,14,17,8,13,10,16,9,9,23,8,21,7,9,13,10,7,20,10,16,22,5,13,13,10,15,8,13,6,10,9,12,9,10,23,15,14,11,7,7,-20,12,93,11,21,26,23,21,19,23,23,24,27,32,9,-20,20,17,21,17,26,21,15,19,37,24,20,13,23,18,18,47,23,18,21,17,16,24,17,15,14,21,13,10,6,10,9,17,8,10,12,7,-20,15,11,16,15,-20,18,-20,20,-20,13,8,8,12,12,7,18,-20,19,10,-20,10,10,13,7,10,15,-20,-20,19,7,15,10,-20,8,10,-20,13,4,6,5,-20,5,8,-20,5,11,16,18,21,19,5,-20,14,13,17,17,18,19,-20,16,11,6,27,15,14,68,-20,14,16,14,21,12,9,35,7,-20,-20,13,9,8,-20,4,20,8,22,-20,12,8,17,12,13,12,5,-20,-20,13,13,-20,16,3,5,13,17,6,7,17,9,7,11,18,15,5,19,4,6,24,8,20,7,14,11,8,10,-20,23,12,9,15,-20,5,17,9,4,7,10,9,5,24,9,4,16,9,11,-20,-20,13,13,9,20,17,9,7,15,14,12,9,9,8,10,18,10,9,17,19,-20,9,15,6,11,16,10,41,30,12,21,22,25,21,26,78,45,44,-20,55,48,54,43,41,60
"chr4,2179087",6,8,4,6,19,-20,10,9,6,9,13,10,41,36,30,30,43,25,110,67,71,8,62,37,74,55,35,28,25,11,10,8,13,18,65,65,43,26,15,-20,15,46,25,17,22,46,6,78,14,48,33,30,48,29,37,17,58,42,36,29,51,40,35,31,46,39,27,85,63,22,45,33,20,33,39,52,30,6,11,13,17,22,28,13,14,43,35,68,45,23,44,32,49,30,39,44,31,61,8,42,34,38,10,-20,45,50,10,26,42,-20,9,8,61,35,-20,9,56,16,3,5,7,-20,9,7,37,10,6,54,13,-20,25,11,6,-20,36,54,55,6,5,-20,9,3,10,11,47,5,13,43,12,-20,12,20,47,43,65,11,14,55,97,55,4,-20,5,4,10,15,12,11,17,18,54,71,83,32,4,36,39,19,33,118,29,39,43,11,53,23,39,40,24,30,73,30,5,15,15,37,35,31,42,-20,7,20,49,56,55,48,43,67,22,29,73,36,80,50,30,23,67,24,42,23,19,45,39,48,29,26,26,44,34,38,46,28,54,58,22,43,41,22,29,22,35,39,21,42,30,26,28,54,50,24,29,37,19,19,30,46,31,36,37,28,31,29,46,42,23,12,27,34,57,37,36,57,39,39,38,33,54,76,44,88,28,26,20,27,-20,39,18,14,13,27,16,30,6,34,87,81,107,5,8,7,21,14,10,8,13,40,40,6,43,35,52,40,37,77,17,16,11,17,25,153,12,21,19,26,11,21,5,19,8,34,14,21,8,13,41,13,11,37,110,17,17,36,24,29,14,30,13,-20,22,21,18,5,10,28,5,17,6,10,27,28,19,22,14,14,4,30,22,8,13,20,16,10,8,71,17,11,15,89,18,12,17,12,6,29,30,19,19,30,10,17,3,-20,12,10,15,-20,9,12,81,16,15,7,11,29,37,16,12,15,29,13,19,8,14,36,13,12,16,8,8,12,14,7,9,18,18,33,25,-20,25,28,29,11,103,27,30,-20,8,13,9,13,13,21,6,11,16,12,26,10,15,14,66,31,7,10,12,15,14,21,15,11,7,27,25,23,30,19,8,10,19,15,3,15,13,18,28,6,12,13,79,33,23,27,19,-20,7,27,11,18,13,14,12,7,19,17,32,20,10,27,14,17,8,13,13,12,55,13,18,12,13,7,12,34,16,14,41,46,52,60,13,39,47,9,10,51,53,-20,11,42,11,26,47,18,7,-20,47,17,-20,26,12,7,33,23,51,13,29,16,17,10,17,23,43,17,14,3,27,11,23,30,36,10,17,40,40,26,18,15,39,16,84,6,17,23,33,34,11,19,15,36,47,39,27,58,58,35,43,45,49,45,13,47,14,19,27,7,12,8,11,15,14,16,12,34,24,21,22,26,20,64,16,10,15,23,31,22,25,19,13,17,6,14,9,46,38,12,105,37,53,70,-20,28,35,33,77,56,29,57,41,67,60,36,156,42,39,15,47,52,119,34,20,25,34,45,56,31,32,74,42,30,46,119,12,27,30,130,44,48,49,28,23,37,11,18,6,10,14,16,10,19,-20,17,8,-20,18,19,9,19,17,20,11,16,14,15,6,-20,14,-20,16,16,8,10,14,13,11,17,10,5,14,14,11,15,21,25,29,23,10,-20,-20,18,13,14,20,11,7,14,13,13,9,14,-20,6,9,10,21,8,12,7,10,-20,19,20,14,10,15,11,19,23,10,-20,13,27,22,18,13,10,18,19,17,22,15,-20,10,8,4,8,12,13,12,9,9,15,5,10,7,13,13,12,9,15,16,7,18,10,14,9,-20,16,11,24,11,8,14,19,21,10,14,9,9,-20,7,-20,12,11,16,-20,17,15,-20,20,10,-20,15,12,9,6,9,8,11,7,9,20,27,13,17,15,8,7,4,10,16,17,12,25,6,23,13,8,26,10,30,14,8,-20,18,13,20,17,29,12,26,5,16,18,15,15,14,18,8,13,11,17,9,10,24,6,19,7,9,13,11,7,20,12,16,26,5,14,14,10,14,8,13,6,11,10,10,9,12,22,15,16,10,8,8,-20,12,93,13,23,26,24,22,20,24,23,26,27,31,10,17,23,20,21,19,26,22,15,19,42,26,17,14,21,21,16,49,23,19,24,16,14,25,15,14,16,22,13,10,6,10,10,18,8,11,14,8,-20,15,14,18,14,-20,20,6,20,-20,13,8,8,14,12,10,18,8,21,11,-20,10,10,13,7,12,14,-20,-20,20,7,18,14,-20,8,11,-20,13,3,6,4,-20,5,7,-20,5,10,18,19,22,20,5,-20,17,12,19,15,19,17,-20,16,10,7,26,15,15,68,-20,13,14,15,21,12,11,36,7,-20,-20,14,10,9,-20,4,22,8,19,-20,12,8,18,11,12,11,5,-20,-20,13,14,3,19,3,5,13,11,4,6,16,12,5,7,16,14,5,18,4,-20,20,8,17,4,14,9,9,4,11,17,11,8,11,-20,5,14,8,4,-20,11,4,4,20,7,7,16,7,7,-20,-20,10,12,4,17,15,9,7,15,9,12,10,8,4,8,14,10,-20,17,22,5,9,13,10,9,11,10,42,28,14,23,27,22,20,31,83,45,45,-20,50,51,49,45,44,62
"chr4,2179088",6,8,4,6,19,8,10,9,6,9,13,10,41,34,31,30,43,25,113,66,70,7,63,37,76,55,35,28,25,11,10,8,13,17,63,66,43,27,14,-20,15,44,25,17,22,48,7,81,13,48,32,31,47,29,-20,18,57,45,34,29,49,42,35,31,46,38,27,85,62,23,44,34,20,33,40,52,30,6,11,13,17,22,26,13,14,43,36,67,45,23,46,33,47,30,39,46,31,61,8,43,34,35,10,-20,44,46,10,26,42,-20,9,8,60,37,-20,9,55,16,3,5,7,-20,9,7,37,10,6,53,13,-20,25,11,6,-20,35,54,55,6,5,9,10,3,10,11,47,5,13,43,12,-20,12,19,48,43,67,11,16,58,98,54,4,-20,5,4,10,15,12,11,17,18,52,73,83,32,5,36,37,19,35,130,27,39,43,11,55,23,39,41,24,30,70,29,5,15,15,36,35,31,42,-20,6,20,52,56,59,50,41,66,22,29,73,37,81,52,30,23,67,25,43,23,19,46,39,46,29,26,26,45,34,39,46,-20,54,58,21,43,42,23,29,21,34,41,21,43,30,25,28,51,50,24,27,39,18,20,30,45,31,36,36,28,32,29,46,41,22,13,28,35,57,37,38,56,38,38,39,32,55,76,45,90,26,26,19,28,-20,40,18,14,13,27,16,32,6,34,90,81,107,5,8,7,21,14,9,7,13,39,40,7,43,37,52,40,36,73,17,16,11,17,27,153,12,20,19,26,11,21,5,20,8,36,14,22,8,13,45,14,10,36,108,17,21,35,24,29,13,31,-20,-20,23,20,18,5,11,28,5,17,6,-20,27,28,21,22,15,13,4,30,22,8,13,19,16,10,8,71,16,11,15,89,18,12,18,12,6,32,31,18,18,32,10,16,3,-20,12,10,14,-20,9,12,81,16,15,6,11,27,36,17,13,15,29,13,19,8,14,37,13,12,16,8,8,12,14,7,9,18,18,32,25,9,26,29,29,11,103,27,29,-20,8,15,9,13,13,21,6,12,16,13,25,10,15,14,66,32,7,11,12,15,14,22,15,11,7,29,25,22,29,19,8,11,19,15,3,15,13,17,28,6,11,12,80,31,23,28,20,-20,7,27,12,20,12,12,12,6,21,16,31,23,9,28,14,17,8,14,12,12,58,13,17,12,13,8,13,33,16,15,41,46,53,60,13,39,48,-20,10,52,52,-20,11,43,10,26,45,18,7,12,49,17,-20,26,14,7,33,23,49,12,29,18,18,10,17,23,44,20,14,-20,27,12,23,29,36,10,18,43,45,27,17,15,39,16,87,6,20,21,33,34,11,18,15,37,46,39,27,58,58,35,42,45,48,45,13,47,15,21,27,7,13,-20,11,14,14,16,12,34,24,21,22,26,20,63,16,10,15,23,32,22,25,19,13,17,6,14,9,46,37,14,107,35,53,71,47,28,34,34,75,54,29,58,42,67,62,36,158,41,40,15,47,52,123,35,20,24,34,44,56,32,32,74,42,30,46,119,12,29,30,134,45,47,47,29,27,38,12,18,6,10,14,16,10,19,-20,17,8,-20,18,19,9,19,17,20,11,16,14,15,6,-20,13,-20,16,17,9,10,14,13,11,17,10,5,14,14,11,15,21,25,29,23,10,-20,-20,18,13,13,20,11,7,13,13,13,9,14,-20,6,9,10,21,8,12,7,10,-20,20,20,14,10,15,11,19,23,10,-20,13,27,22,18,13,10,18,18,17,22,15,-20,10,8,5,8,12,13,12,9,8,15,5,10,7,13,13,12,9,15,15,7,18,9,14,9,-20,16,11,24,11,8,14,19,21,11,14,9,9,-20,7,-20,12,11,16,-20,17,15,-20,19,10,-20,15,12,9,6,9,8,10,7,9,20,27,13,17,15,8,7,4,10,16,17,12,25,6,23,13,8,26,10,30,13,8,-20,19,13,20,17,29,12,26,5,16,18,15,16,13,18,8,13,11,17,9,10,24,6,19,7,9,13,11,7,20,12,16,26,5,13,13,10,14,8,13,6,11,10,11,9,12,22,15,16,10,8,8,-20,12,95,13,23,26,24,21,20,24,23,26,26,32,10,17,24,20,21,19,25,22,15,19,42,26,18,14,21,21,16,49,25,19,24,16,14,25,15,13,16,22,13,10,6,10,10,18,-20,11,14,8,-20,14,14,18,13,-20,20,6,20,-20,13,8,8,13,12,10,18,8,21,11,-20,10,10,13,10,12,14,-20,-20,20,7,18,13,-20,8,11,-20,13,3,6,4,-20,5,7,-20,5,10,17,18,22,20,5,-20,17,12,19,15,21,17,-20,15,10,8,26,15,15,68,-20,13,14,15,20,12,11,36,8,-20,-20,14,10,9,-20,4,22,8,19,-20,12,8,18,9,12,11,5,-20,-20,-20,14,3,18,3,5,13,10,5,7,18,12,7,9,16,14,5,19,-20,-20,19,8,18,-20,19,10,8,5,12,18,12,9,11,-20,4,16,10,4,3,11,5,4,22,8,6,18,6,9,-20,-20,9,12,5,16,13,9,7,12,11,12,10,8,7,8,13,-20,7,16,21,5,8,13,10,10,12,10,42,29,12,25,27,22,21,31,80,45,45,-20,51,52,49,45,43,61
"chr4,2179091",5,8,4,5,17,7,9,9,5,9,13,9,43,36,28,32,43,24,112,67,67,9,65,36,76,56,34,28,24,12,10,8,14,17,63,64,41,26,15,-20,15,44,24,17,24,47,7,82,13,46,32,29,50,25,36,17,54,45,35,29,48,43,35,30,44,42,28,85,56,23,46,37,21,33,39,51,31,6,11,13,16,20,25,13,14,41,33,64,49,22,44,33,47,29,37,44,31,64,8,36,35,37,10,-20,44,49,10,28,41,-20,8,8,56,37,-20,9,55,17,4,6,7,-20,11,7,39,10,7,53,14,-20,24,11,6,-20,37,54,57,5,5,9,11,3,10,11,46,5,13,40,12,-20,12,21,59,43,68,10,18,54,103,53,4,-20,5,3,10,17,11,10,17,16,50,72,79,32,-20,40,38,20,36,126,25,42,44,10,54,23,38,37,27,29,70,30,6,17,15,37,35,29,42,-20,6,19,55,56,59,50,41,66,-20,26,79,37,76,51,-20,21,66,-20,44,22,19,48,43,49,26,25,26,49,33,36,45,28,51,43,21,46,-20,23,-20,20,31,42,22,39,29,27,28,50,50,23,26,41,16,20,31,46,30,34,34,26,32,28,48,38,23,12,30,34,58,38,35,-20,37,38,39,32,52,82,46,87,27,27,17,25,7,38,19,14,15,25,16,34,6,35,94,83,105,4,9,6,23,14,10,7,12,40,40,7,43,37,54,39,35,76,17,16,10,17,27,151,14,23,18,27,9,21,5,19,8,35,14,21,9,14,44,14,10,35,115,15,19,35,25,29,12,31,14,-20,21,22,17,6,11,28,5,17,7,10,27,28,22,22,13,14,4,30,23,8,13,19,16,10,8,68,18,11,15,84,19,12,18,12,6,31,31,17,19,32,10,16,3,-20,12,10,-20,-20,9,12,82,16,14,5,10,28,37,17,12,14,27,14,18,10,14,36,13,13,17,8,8,12,14,7,8,17,17,33,23,9,27,31,28,11,106,29,29,-20,9,15,10,13,13,20,6,13,16,13,26,8,15,13,69,31,8,12,11,15,13,21,15,11,6,28,25,21,25,18,8,11,19,15,4,15,14,18,27,5,10,13,78,33,21,28,19,-20,7,27,11,20,13,10,13,8,19,17,32,23,10,29,12,16,7,14,12,12,54,13,19,11,14,10,13,34,16,15,40,49,53,59,14,42,42,11,-20,52,52,-20,11,40,12,24,50,18,8,13,48,19,8,26,14,7,33,23,49,14,28,20,-20,12,12,24,47,20,13,-20,29,11,24,29,36,9,18,41,48,28,18,15,36,18,88,-20,20,20,32,35,10,18,15,39,49,36,26,60,59,37,41,45,50,48,13,48,19,21,28,7,14,8,-20,14,12,17,11,33,25,21,23,25,19,68,14,10,16,22,33,23,26,18,13,16,6,14,10,45,37,16,103,36,50,68,47,31,35,36,72,56,28,57,42,63,62,34,154,40,39,14,49,52,122,36,21,23,33,41,56,34,29,69,44,30,45,117,12,29,30,-20,45,48,48,28,28,37,12,21,7,10,14,14,9,20,-20,18,8,-20,19,19,9,16,17,18,11,16,13,15,6,-20,13,-20,16,18,8,11,13,13,11,17,11,4,13,14,11,15,21,28,27,25,11,-20,-20,17,15,13,19,11,8,14,12,13,10,15,-20,6,9,9,21,8,16,-20,11,-20,20,21,15,10,16,10,19,24,10,-20,14,28,22,18,14,10,18,18,17,22,15,-20,11,8,6,9,11,14,11,10,9,15,5,12,7,12,13,12,9,16,16,7,18,8,15,9,-20,16,11,25,12,10,14,19,20,11,15,9,8,-20,8,-20,13,10,16,-20,17,15,-20,22,10,-20,16,11,9,7,9,8,10,8,8,21,32,13,17,15,7,7,4,11,16,18,12,24,7,24,12,8,27,9,30,13,9,3,17,13,20,15,29,10,26,4,15,17,15,15,15,17,7,14,11,18,8,11,24,6,18,7,9,12,10,7,20,12,16,24,4,12,12,13,14,8,13,7,8,10,11,9,13,22,14,15,10,8,-20,-20,12,92,13,24,26,24,19,20,27,22,27,27,30,9,20,22,19,21,21,25,22,14,16,40,27,16,13,21,21,19,47,23,20,25,16,14,24,14,12,16,20,13,10,6,11,10,18,8,11,15,8,-20,13,16,19,13,-20,20,6,19,-20,14,8,8,13,10,11,16,8,20,11,-20,10,11,13,10,12,13,-20,-20,19,8,18,13,-20,8,12,-20,13,4,6,4,-20,5,7,-20,5,11,17,19,24,21,5,-20,16,12,18,17,22,18,-20,14,11,8,24,15,14,66,-20,15,14,15,21,12,14,34,8,-20,-20,15,10,7,-20,5,23,8,19,-20,13,8,16,9,11,11,-20,-20,8,-20,13,-20,20,3,6,13,-20,5,6,16,12,6,5,13,15,5,16,-20,4,13,8,13,-20,14,8,7,3,7,18,13,7,9,-20,2,16,10,4,5,-20,4,4,22,8,5,14,7,7,-20,3,11,10,5,13,13,-20,7,10,11,10,10,8,3,5,12,11,9,16,21,4,7,-20,-20,11,11,10,42,31,12,25,27,24,21,34,82,46,45,-20,48,49,47,46,46,62
"chr4,2179093",5,8,4,4,16,7,10,8,5,10,13,9,45,36,28,32,42,23,116,69,69,10,70,37,77,56,36,28,25,12,8,8,14,18,62,62,41,26,14,-20,13,45,25,16,25,48,8,85,13,43,32,29,50,25,36,18,55,49,36,29,48,42,34,30,45,42,29,82,58,23,46,38,21,34,38,49,32,6,11,12,17,20,24,13,13,42,33,66,49,22,44,32,47,29,37,46,30,65,8,38,37,35,10,-20,46,51,10,29,40,-20,8,8,53,36,-20,9,56,17,4,6,8,-20,11,8,38,11,7,51,14,-20,25,11,6,-20,37,56,58,5,5,10,11,3,10,12,47,5,13,41,12,-20,11,21,59,44,68,14,18,56,97,54,5,-20,5,5,9,17,11,11,17,16,50,75,77,33,-20,36,37,20,34,126,24,43,42,10,52,23,37,36,28,31,71,31,6,18,16,36,41,31,40,-20,6,19,56,58,61,49,41,71,22,26,77,38,70,50,26,21,66,25,44,22,19,47,41,47,26,25,27,49,32,38,45,29,53,43,21,45,43,26,31,19,32,43,20,40,28,27,26,51,50,22,27,41,15,20,31,39,29,32,37,25,33,28,49,40,23,12,31,35,59,36,35,58,37,37,43,31,52,81,48,89,29,27,17,25,6,38,19,13,15,24,16,33,6,34,90,97,104,4,9,6,24,14,10,7,11,38,40,7,44,37,54,41,36,77,17,15,-20,18,27,151,14,24,18,28,9,21,4,19,8,37,15,22,9,14,44,13,10,34,117,15,19,35,25,28,12,30,17,-20,24,22,18,6,12,28,5,18,8,11,27,26,20,23,12,14,4,30,24,8,13,19,17,10,8,68,18,11,15,80,20,12,18,12,6,30,29,17,19,29,10,15,3,-20,12,10,15,-20,9,11,83,16,14,6,11,26,35,17,12,13,26,15,19,10,14,35,13,12,17,8,10,11,14,8,8,17,17,35,23,9,28,31,28,11,106,28,28,-20,10,16,10,13,13,20,5,13,17,14,25,8,15,13,70,30,8,12,11,16,14,22,17,11,6,26,26,21,23,18,8,11,21,15,4,13,15,18,27,5,10,13,73,35,19,27,18,-20,7,27,11,20,11,9,13,8,19,17,32,20,10,30,12,17,7,13,13,12,56,13,19,11,13,10,14,35,15,15,41,52,55,60,14,40,45,11,10,54,51,-20,-20,41,12,24,48,18,10,13,49,18,8,29,14,7,32,25,48,14,27,22,17,12,12,24,46,20,15,-20,28,11,23,30,36,9,18,42,48,28,17,15,36,18,87,6,20,20,32,35,10,18,15,38,49,36,23,58,58,37,41,44,50,47,13,48,18,21,28,7,14,8,9,14,11,16,11,32,24,23,21,28,18,67,15,10,16,22,33,22,25,17,13,17,5,14,9,47,40,-20,104,38,50,66,50,31,33,36,73,55,28,59,42,61,63,34,150,40,39,14,49,52,121,36,24,25,33,45,57,37,30,69,44,32,43,113,12,29,33,133,42,48,49,28,29,38,12,18,7,10,14,14,9,19,-20,18,8,-20,18,18,9,18,18,19,10,16,13,14,6,-20,13,-20,15,18,8,13,14,13,11,17,13,4,12,14,12,16,23,28,25,25,10,-20,-20,16,15,13,17,10,8,14,13,13,9,15,-20,6,11,9,20,8,16,9,11,-20,21,21,16,10,15,11,20,24,10,-20,14,28,21,17,14,10,18,18,17,22,16,-20,11,8,6,7,11,13,11,10,9,14,4,11,6,12,13,12,10,16,17,7,18,8,15,8,-20,16,11,26,12,10,14,20,20,11,15,9,8,-20,8,-20,13,10,16,-20,16,15,-20,22,10,-20,18,12,9,8,8,8,10,7,8,21,31,13,16,14,6,7,4,11,16,18,12,25,7,23,-20,8,27,9,30,13,9,3,17,14,20,13,29,10,25,4,15,17,14,14,15,17,7,14,11,17,8,11,22,6,17,-20,10,12,10,7,22,11,17,24,4,10,12,13,14,7,13,7,8,10,11,9,13,22,14,14,10,8,7,-20,12,93,13,25,25,23,19,20,26,22,26,28,29,9,19,20,19,22,21,25,23,13,16,37,27,16,13,20,21,19,46,25,20,24,17,14,24,14,11,16,20,17,11,5,12,10,17,-20,12,15,8,-20,13,15,18,14,-20,16,6,19,-20,14,8,-20,13,9,11,15,8,20,11,-20,11,9,14,10,12,13,-20,-20,19,8,17,13,-20,8,12,-20,13,4,6,4,-20,5,6,-20,5,11,16,17,24,20,4,-20,16,15,17,17,22,19,-20,13,11,9,23,15,13,66,-20,15,13,15,21,10,14,32,8,-20,-20,16,10,6,-20,6,22,8,19,-20,13,8,16,9,11,11,2,-20,10,-20,12,-20,20,-20,6,13,10,5,6,14,12,-20,7,13,14,4,18,-20,3,20,8,13,-20,13,7,7,4,8,17,12,8,9,-20,3,15,9,3,6,10,4,4,19,8,7,-20,7,7,-20,3,10,9,4,12,12,8,4,13,11,11,10,8,4,6,9,10,9,18,18,4,8,9,10,10,11,10,42,31,12,25,27,23,23,34,81,46,45,-20,48,50,47,47,41,62
"chr4,2179100",5,10,4,4,13,7,10,8,5,10,13,10,46,36,30,33,41,22,114,69,67,10,69,36,74,52,38,29,26,12,10,8,16,17,61,61,37,26,14,-20,14,45,17,14,25,45,10,79,16,39,25,30,48,29,38,18,54,47,37,27,48,43,34,32,41,43,26,79,55,23,47,33,20,32,35,51,38,6,10,15,17,19,24,13,12,45,32,70,48,21,41,33,48,30,36,46,32,61,8,37,38,34,8,-20,42,52,10,28,36,-20,8,8,47,36,-20,-20,51,17,4,6,6,-20,10,8,36,11,7,48,15,-20,23,11,5,-20,39,57,56,5,5,10,12,4,9,11,47,5,13,39,14,-20,8,18,58,38,65,15,18,55,98,54,5,6,6,5,9,17,9,11,16,24,53,78,65,24,-20,40,36,19,34,110,21,42,40,10,50,27,37,33,24,33,71,30,8,20,14,43,38,28,34,-20,7,16,48,58,59,48,40,68,23,25,76,35,65,47,22,21,62,25,45,23,17,61,41,50,31,16,25,50,31,39,41,28,52,43,19,40,36,26,28,17,30,38,22,38,29,25,25,51,49,-20,32,43,14,16,29,38,26,28,37,25,31,26,45,40,23,12,29,32,57,35,33,56,38,38,38,33,51,86,44,85,29,27,15,25,6,36,15,11,12,24,16,28,-20,36,87,111,88,5,10,6,23,14,10,7,11,43,43,6,43,38,48,44,35,79,15,16,9,21,31,154,14,25,18,27,10,21,4,17,11,36,15,21,8,15,41,13,8,33,98,16,17,34,24,30,15,25,17,-20,24,19,19,6,10,29,5,17,8,11,27,30,22,20,13,11,4,30,23,9,14,21,17,11,8,68,17,12,14,80,19,10,20,12,6,31,25,16,19,31,9,13,3,-20,12,9,15,-20,9,11,79,17,16,6,10,23,33,16,12,10,27,15,21,10,13,31,14,12,17,-20,-20,12,13,10,10,18,17,33,19,10,29,32,28,12,111,22,22,-20,11,16,10,13,13,20,6,14,18,14,19,8,13,12,70,30,8,12,13,16,12,20,17,10,6,22,23,19,17,16,8,10,22,14,4,13,15,18,26,4,11,13,75,34,19,25,19,-20,7,27,10,20,12,5,14,9,24,18,32,20,11,31,9,18,6,13,13,11,56,13,18,11,16,9,13,30,16,13,44,54,57,62,12,43,46,11,10,54,49,-20,10,40,11,21,44,21,9,13,50,18,-20,30,14,-20,28,25,44,16,26,20,15,12,14,20,44,21,18,-20,27,9,23,31,31,9,18,40,47,22,15,13,36,16,90,6,20,21,32,33,21,17,15,35,45,36,21,54,53,36,37,45,49,46,15,44,17,20,27,8,14,-20,9,16,10,13,11,33,21,25,20,28,19,65,15,10,17,24,34,22,25,19,13,18,5,15,-20,43,45,16,96,37,47,63,53,34,36,34,69,55,30,49,36,52,60,28,138,37,35,12,47,43,116,36,24,25,33,34,52,38,27,68,41,31,44,101,12,29,29,126,41,44,49,24,23,35,13,17,7,10,14,14,9,19,-20,18,8,-20,17,14,8,18,18,15,11,17,13,14,6,-20,12,-20,14,19,9,13,11,14,9,15,13,4,11,14,10,15,22,27,28,24,10,-20,-20,15,16,13,16,10,7,14,13,11,9,13,-20,6,11,11,19,9,15,10,15,-20,22,25,17,11,13,10,18,20,10,-20,14,24,23,15,15,10,18,18,16,22,14,-20,11,8,7,7,12,12,10,9,8,15,6,9,7,11,12,12,10,17,17,5,15,6,13,6,-20,18,10,28,12,10,15,20,21,12,18,11,7,-20,6,-20,12,11,15,-20,16,14,-20,24,10,-20,18,13,10,7,8,8,9,6,8,21,31,12,14,13,6,6,4,12,16,19,13,22,8,22,11,6,25,-20,29,15,9,-20,17,14,20,13,30,11,24,4,12,17,13,12,15,16,6,13,10,17,8,11,21,7,16,7,10,11,10,7,21,11,18,23,4,10,10,14,13,9,11,8,8,10,11,10,12,20,15,12,10,9,7,-20,12,92,13,24,24,24,21,20,26,22,27,28,30,9,20,19,21,19,19,25,23,14,16,39,26,15,13,17,21,20,48,23,21,25,17,15,24,14,12,15,20,18,11,5,11,11,16,9,12,15,8,-20,13,15,18,14,-20,15,4,-20,-20,13,9,9,13,9,11,15,8,20,10,-20,10,8,15,9,12,13,-20,-20,20,6,18,12,-20,8,12,-20,11,-20,7,4,-20,5,7,-20,4,11,15,19,23,21,4,-20,17,14,15,15,21,19,-20,12,12,10,23,13,13,62,-20,13,11,16,21,12,16,33,7,-20,-20,13,10,7,-20,6,19,9,19,-20,13,9,19,10,11,12,2,-20,10,13,12,-20,20,3,7,15,9,7,7,12,12,7,7,10,13,4,17,3,5,16,9,16,-20,18,9,6,6,8,14,11,4,5,-20,-20,20,9,4,7,10,-20,-20,15,8,6,8,9,5,-20,5,7,-20,3,9,15,10,4,8,11,13,12,5,5,4,8,13,9,16,21,4,6,6,11,8,12,13,41,29,14,24,25,20,19,34,77,42,37,-20,52,46,43,49,37,64
"chr4,2179106",6,10,4,4,12,7,10,10,5,9,13,10,45,34,32,37,40,23,113,72,67,10,67,35,72,53,42,30,26,15,9,8,16,16,62,64,41,24,15,-20,12,47,18,17,26,47,12,77,16,32,25,31,48,29,37,19,49,49,39,26,44,39,33,31,42,46,26,78,54,21,45,34,20,33,35,51,39,6,9,13,16,18,25,15,13,47,31,75,47,18,41,33,51,30,40,47,30,59,7,41,39,35,8,-20,39,54,9,29,36,-20,7,5,42,35,-20,8,52,16,4,8,7,-20,9,7,33,11,6,50,15,-20,25,9,5,-20,39,58,57,5,5,9,11,5,9,10,46,4,13,37,12,-20,8,21,54,41,69,14,15,50,101,47,6,5,7,5,9,18,11,10,16,22,45,86,73,26,-20,39,31,19,32,135,22,41,38,10,40,22,32,25,21,32,69,29,6,19,11,44,26,25,35,-20,4,15,46,54,59,49,33,56,22,31,81,35,67,51,18,20,57,21,45,21,12,57,39,44,31,15,22,49,35,38,39,31,57,42,21,32,31,24,23,10,30,33,25,36,25,26,23,55,44,25,36,42,16,14,32,32,21,26,42,19,30,26,40,29,18,11,32,32,49,36,30,54,33,38,33,29,49,85,42,75,28,24,13,22,5,34,18,11,13,18,18,33,-20,35,79,89,76,5,8,7,24,16,10,6,11,41,42,6,40,40,49,44,35,79,14,15,6,20,30,160,15,28,17,28,11,19,5,17,11,36,17,20,8,15,36,10,8,33,105,16,17,37,24,29,16,25,17,-20,25,21,18,5,6,27,4,17,10,11,28,31,21,20,14,15,4,28,22,11,14,21,12,12,8,70,15,13,14,75,19,9,21,13,6,31,14,17,21,26,8,15,-20,-20,14,9,15,-20,9,10,81,17,17,5,9,25,35,16,15,9,24,15,26,10,12,32,14,13,17,8,7,12,14,10,10,15,17,34,14,9,28,35,29,-20,112,22,21,-20,11,16,8,13,13,21,6,13,19,14,19,9,13,12,70,32,7,11,15,16,12,18,18,11,7,16,21,20,14,15,10,10,23,13,5,12,15,19,26,4,9,12,71,34,17,22,20,-20,7,27,11,22,14,-20,14,10,24,-20,29,20,11,31,9,16,6,11,11,11,60,12,19,9,12,9,14,33,15,14,46,57,61,59,12,43,48,10,8,54,41,-20,10,40,11,19,44,24,7,15,44,17,-20,31,14,8,26,21,36,15,26,19,15,10,14,20,38,21,18,3,25,7,24,26,29,9,19,36,38,17,14,15,31,14,86,5,18,20,32,33,21,-20,13,29,49,34,18,53,53,39,39,48,39,49,14,44,17,20,26,6,13,8,9,15,9,15,9,30,20,22,20,29,18,65,14,8,15,22,29,20,23,16,16,19,4,15,10,40,39,15,92,29,45,56,52,30,34,33,67,56,31,45,38,41,60,24,126,33,32,7,36,36,109,42,22,-20,32,27,52,39,26,69,38,34,40,93,12,28,26,115,46,42,42,25,20,34,12,16,8,10,12,14,10,17,-20,18,7,-20,15,14,7,18,17,12,10,14,13,16,5,-20,10,-20,19,16,9,11,11,15,7,15,11,5,12,10,12,14,21,25,25,24,11,-20,-20,14,15,13,12,8,7,13,13,10,9,11,3,6,12,11,18,11,14,-20,16,-20,20,23,17,12,13,13,17,18,8,-20,15,21,19,14,15,10,17,22,19,19,12,2,11,6,7,7,12,11,8,8,9,12,7,11,11,10,8,12,12,14,15,5,15,6,13,7,-20,19,9,28,13,10,14,16,18,-20,18,11,7,-20,5,-20,11,10,13,-20,15,13,-20,22,9,-20,14,13,9,7,8,8,8,6,7,19,24,14,12,12,6,4,-20,10,14,20,14,20,8,22,11,5,26,9,25,13,7,-20,16,14,16,13,26,11,24,3,15,15,13,9,15,14,6,10,9,16,8,9,21,7,16,6,10,11,9,8,20,14,17,21,2,8,10,13,10,6,11,7,7,9,9,8,9,19,18,11,10,11,6,-20,11,88,14,23,23,21,20,23,23,23,24,29,28,9,18,18,20,19,20,25,23,14,16,34,23,14,12,16,20,23,48,21,19,24,20,14,23,15,15,14,21,18,10,4,11,12,15,8,11,16,6,-20,13,17,17,15,-20,15,4,16,-20,11,9,8,14,10,10,18,7,20,9,-20,9,7,15,9,12,13,-20,-20,20,7,19,11,-20,8,12,-20,10,5,8,5,-20,5,7,-20,5,-20,15,19,19,20,3,-20,18,14,15,14,19,18,-20,12,11,10,23,11,13,61,-20,15,10,15,20,8,17,31,7,-20,-20,15,9,7,2,5,18,8,12,-20,14,11,16,11,11,10,2,-20,8,12,12,-20,21,3,7,15,9,7,7,7,11,6,7,8,14,6,16,4,5,17,7,17,3,16,9,5,6,9,15,14,5,6,-20,2,17,7,3,7,8,3,3,15,-20,6,7,8,4,-20,8,7,9,4,11,13,15,-20,14,15,17,13,3,4,4,9,11,8,17,22,5,6,7,-20,7,11,13,39,28,14,24,26,19,19,32,69,42,38,-20,53,49,41,55,39,64
"chr4,2179111",6,11,4,-20,13,8,10,10,5,9,12,11,48,35,30,38,38,23,112,74,64,10,64,34,71,51,39,28,24,15,10,10,16,18,58,65,41,22,15,-20,14,45,17,17,27,48,11,74,16,34,29,31,51,31,38,21,49,48,39,25,44,39,31,31,43,45,26,75,54,20,42,32,20,33,40,56,39,6,9,13,16,18,26,14,13,46,32,71,47,18,43,36,55,27,38,48,30,63,8,44,43,35,8,-20,37,55,11,32,37,-20,7,5,44,36,-20,8,56,16,4,8,7,-20,10,6,35,12,5,53,16,-20,23,10,6,-20,36,58,59,5,5,10,13,5,8,12,47,4,14,36,11,-20,8,22,53,47,69,18,16,50,100,47,6,5,7,5,10,18,11,9,16,21,45,88,79,24,4,41,27,19,35,135,23,39,36,13,35,22,30,25,16,30,64,31,7,20,11,43,23,29,36,-20,6,14,43,47,63,48,26,58,21,31,82,36,67,52,14,18,58,16,38,25,11,56,39,50,32,13,24,51,35,38,44,32,56,43,19,30,31,29,27,12,30,34,25,33,21,25,30,54,39,24,38,40,18,14,30,35,20,25,39,18,33,30,37,29,15,11,29,32,36,34,26,48,32,42,31,31,55,72,36,71,28,23,11,23,6,32,17,11,13,15,17,33,-20,33,70,73,67,5,9,7,24,16,12,-20,12,41,41,6,42,39,46,44,37,82,10,14,6,21,30,160,15,28,14,26,13,19,5,19,-20,36,17,21,8,17,34,11,9,34,106,16,17,35,26,31,15,23,20,-20,28,19,15,4,6,26,5,16,11,10,30,29,19,18,15,14,4,28,22,12,15,22,14,12,7,67,13,13,15,79,19,7,20,15,-20,31,12,16,20,23,9,14,-20,-20,15,9,16,-20,9,9,80,18,16,7,10,19,35,16,16,8,25,15,26,9,12,33,15,14,17,6,7,12,14,10,10,14,15,38,12,9,30,35,28,11,119,24,19,-20,11,17,9,12,14,23,7,13,20,13,18,11,12,13,70,28,8,10,18,15,13,17,18,11,7,14,21,23,-20,16,10,10,23,13,5,13,14,16,24,5,9,13,70,32,18,18,15,-20,8,25,11,22,14,-20,11,11,21,11,30,23,10,30,10,14,6,11,11,10,62,12,23,10,13,9,15,32,16,14,45,56,61,62,12,47,52,10,9,52,41,-20,9,40,10,18,42,24,7,15,43,17,7,31,15,10,25,19,31,15,27,22,12,12,20,16,37,21,15,3,24,6,25,25,29,10,19,36,40,17,15,16,31,15,87,6,17,19,31,33,22,23,13,25,53,38,16,53,53,41,40,46,39,50,16,44,20,23,26,6,12,9,10,15,8,17,9,32,21,24,20,30,18,63,14,9,13,24,30,22,24,14,17,19,4,18,10,36,42,17,89,31,46,52,52,33,35,33,65,57,34,42,35,30,55,20,117,32,31,6,36,31,106,40,18,20,29,20,50,35,21,71,31,35,39,86,10,29,23,112,44,41,46,26,16,29,13,16,10,10,12,13,10,19,-20,17,10,-20,16,15,8,21,17,12,10,13,13,15,5,-20,11,-20,19,18,7,11,13,12,6,17,13,7,12,11,13,12,23,25,27,25,-20,-20,-20,16,14,12,12,11,7,12,14,10,8,11,3,6,14,14,16,12,13,10,15,-20,20,26,18,12,16,14,18,18,8,-20,17,19,24,13,16,11,16,23,20,17,15,2,9,7,7,8,12,11,7,8,10,13,8,13,11,11,8,11,13,12,17,5,17,6,15,7,-20,18,9,28,12,10,16,16,19,8,19,12,8,-20,7,-20,13,10,12,-20,17,13,-20,23,11,-20,15,12,9,8,8,9,-20,6,8,20,24,15,14,11,6,7,-20,10,15,24,15,21,-20,23,12,5,26,9,26,14,8,-20,16,12,18,14,27,10,24,3,16,15,15,10,17,14,6,10,8,17,9,10,23,8,16,8,9,11,10,7,23,14,17,21,2,8,11,13,12,6,16,9,7,10,10,9,10,18,17,12,11,10,7,-20,9,88,15,21,22,19,21,25,23,24,25,30,27,13,18,18,20,19,19,26,23,14,17,35,21,14,12,16,21,24,47,22,20,25,21,14,21,16,16,14,23,22,10,4,11,13,15,8,11,17,6,-20,12,16,19,15,-20,15,4,14,-20,11,6,8,15,10,12,21,8,21,9,-20,9,5,14,-20,13,13,-20,-20,20,8,17,10,-20,8,13,-20,11,6,7,4,-20,6,7,-20,4,13,15,20,21,19,4,-20,18,13,14,13,19,19,-20,11,11,11,23,12,14,66,-20,15,11,15,19,9,18,31,6,-20,-20,15,10,6,2,5,19,8,13,3,14,11,16,11,13,10,2,-20,8,11,12,4,21,3,10,15,9,-20,-20,7,8,4,10,-20,13,5,15,6,5,15,8,15,5,-20,9,-20,-20,9,-20,18,6,-20,-20,3,-20,8,-20,9,8,4,4,11,7,-20,6,8,-20,-20,8,-20,10,-20,-20,-20,13,-20,13,-20,-20,-20,-20,5,-20,10,-20,-20,19,-20,5,-20,-20,-20,9,12,12,38,23,14,24,26,20,16,31,69,43,35,10,55,50,44,57,38,61
"chr4,2179113",7,11,4,4,13,8,10,10,5,10,12,11,50,35,31,39,37,24,114,74,65,10,66,36,70,51,39,27,24,15,12,10,19,18,57,66,39,23,17,-20,14,47,20,17,28,50,11,73,17,32,25,32,51,31,38,21,52,48,40,24,42,38,31,31,42,46,26,75,55,21,42,30,20,32,40,58,39,6,9,13,16,17,26,14,13,47,33,71,47,19,43,36,54,29,38,48,31,62,7,46,44,38,8,-20,37,55,11,32,38,-20,8,5,40,35,-20,7,55,18,6,8,7,-20,10,6,36,12,4,53,16,-20,24,10,6,-20,40,60,59,5,5,10,13,5,8,13,46,4,14,32,12,-20,8,22,51,46,70,17,15,50,97,47,6,5,8,5,10,18,11,10,17,21,45,85,78,24,4,42,27,19,36,150,23,38,36,12,20,23,30,25,16,26,64,31,8,20,13,43,23,30,36,-20,6,15,46,48,62,48,31,62,24,31,79,34,70,48,13,19,65,18,39,23,12,57,43,48,34,13,25,50,36,38,43,35,55,43,20,30,30,32,28,11,27,35,23,33,20,25,29,52,37,25,39,40,17,14,29,37,20,24,37,20,32,30,36,29,20,11,29,32,35,36,27,48,35,42,30,32,55,72,35,71,29,23,12,24,7,31,18,11,13,13,18,35,-20,31,69,73,71,5,10,7,26,15,12,-20,11,41,41,6,42,39,49,45,38,80,10,14,6,19,30,162,16,30,13,26,15,20,5,18,13,35,15,20,8,16,36,11,9,34,110,16,16,35,26,31,16,24,19,-20,28,19,15,4,-20,27,6,16,10,-20,29,29,19,17,15,14,4,26,21,12,14,22,13,13,7,67,14,14,15,83,19,7,20,14,-20,30,11,17,20,22,9,12,3,-20,15,9,15,-20,9,9,79,18,15,8,10,19,35,16,16,8,27,14,26,9,10,33,14,14,16,-20,7,11,15,10,10,14,16,37,14,8,29,35,29,11,118,25,19,-20,11,16,9,12,13,25,8,14,19,13,15,11,11,11,69,29,8,10,18,15,13,18,18,11,7,12,23,23,16,16,10,10,23,12,5,13,14,16,24,5,9,13,69,32,18,16,15,-20,8,24,11,21,14,-20,12,11,23,11,30,22,10,30,11,14,6,11,12,10,64,12,23,-20,13,9,15,33,16,14,45,55,61,61,12,48,52,10,9,53,43,-20,9,38,10,19,44,24,7,14,45,18,6,29,15,11,23,18,32,15,28,21,12,12,19,17,33,21,14,3,23,6,25,26,29,10,20,36,40,16,16,15,32,16,90,-20,19,21,30,33,23,23,14,26,54,36,15,53,52,41,40,47,41,52,16,40,19,22,27,6,13,9,10,15,8,17,8,32,21,25,21,31,18,61,15,9,14,24,30,24,24,15,17,19,4,18,10,36,45,17,90,30,46,52,51,33,35,33,60,58,34,40,37,31,55,21,121,30,29,6,35,31,108,40,16,20,31,21,48,35,27,68,32,35,40,86,10,32,23,120,44,45,48,26,17,32,14,16,10,10,14,14,12,17,-20,17,10,-20,16,16,8,21,16,12,10,14,12,15,5,-20,11,-20,20,19,7,11,13,13,4,17,15,7,12,13,13,12,23,25,27,26,12,-20,-20,17,14,12,12,11,7,12,14,10,7,12,4,5,14,13,16,13,14,10,16,-20,20,22,18,12,16,14,19,18,7,-20,18,19,23,13,16,11,16,23,21,17,17,2,9,-20,7,8,12,12,7,8,10,14,8,13,11,11,8,10,13,12,18,6,17,6,15,7,-20,19,9,27,12,9,15,16,18,9,19,12,8,-20,7,-20,13,9,12,-20,16,11,-20,23,12,-20,15,13,9,8,8,9,8,7,8,19,25,15,14,11,6,8,-20,10,15,24,17,22,8,23,12,5,26,9,27,14,9,-20,17,12,18,14,27,11,24,3,15,16,15,10,15,14,6,10,8,18,9,10,24,8,16,8,10,11,11,6,23,14,19,19,2,8,10,13,13,6,15,10,7,11,11,9,10,19,17,12,10,10,7,-20,9,88,16,21,22,20,20,25,23,24,25,30,27,14,18,18,18,18,19,26,22,14,17,35,20,14,13,16,21,26,47,23,20,25,21,15,21,16,16,14,23,21,10,4,12,12,15,7,10,17,6,-20,12,16,20,16,-20,15,5,14,-20,11,6,8,15,10,12,21,8,22,9,-20,10,5,14,9,12,13,-20,-20,21,8,18,10,-20,7,15,3,11,6,7,4,-20,6,7,-20,4,13,15,20,21,19,4,-20,18,13,14,12,19,19,-20,11,11,11,23,12,15,68,-20,15,12,15,19,9,18,33,6,-20,-20,17,10,6,2,5,22,9,13,5,16,11,16,11,13,10,3,-20,8,10,11,3,20,2,10,15,8,6,-20,-20,-20,6,10,-20,15,5,12,5,5,11,6,16,5,18,8,5,6,10,16,19,7,-20,-20,2,14,7,-20,8,10,5,4,13,7,-20,7,7,-20,-20,7,7,9,2,10,12,13,4,12,10,14,14,-20,5,3,11,11,7,20,18,6,6,7,7,8,12,12,39,23,14,24,26,21,17,31,68,43,35,10,56,49,43,62,41,59
"chr4,2179116",7,11,3,4,13,8,10,10,5,10,12,11,51,36,32,38,36,25,115,76,64,10,66,40,70,50,38,28,25,13,12,10,20,17,58,61,37,23,17,-20,14,48,20,17,31,48,10,75,17,37,27,33,52,29,38,19,46,46,35,23,42,36,32,33,45,45,29,73,55,20,41,29,20,31,40,60,38,6,4,13,14,17,26,13,11,48,32,73,49,21,41,37,54,28,37,48,28,61,7,47,45,37,8,-20,37,55,12,34,39,-20,7,5,39,36,4,7,53,17,6,8,7,-20,10,6,36,12,4,51,16,-20,25,10,6,-20,37,62,56,5,5,10,12,-20,8,13,45,4,13,32,11,-20,8,19,53,46,70,16,15,48,104,46,5,5,7,-20,9,18,11,10,19,21,46,83,77,19,4,42,26,22,35,150,22,40,33,15,20,25,32,24,16,25,64,35,8,21,14,43,22,32,37,-20,7,16,51,47,60,46,30,72,24,33,80,32,67,48,13,19,68,18,46,24,15,60,42,48,33,15,25,41,35,42,42,36,52,47,20,27,31,35,28,10,28,35,21,33,21,25,28,49,35,25,41,39,17,15,30,36,20,25,38,18,32,31,36,32,20,11,31,34,33,40,26,51,36,41,25,30,56,68,36,77,29,22,11,25,7,31,18,10,12,12,18,34,-20,32,84,78,73,4,10,7,26,15,13,-20,12,40,43,6,46,41,49,43,39,80,10,15,6,20,30,161,16,31,13,26,17,19,6,17,11,37,17,20,8,16,37,12,8,33,111,17,16,35,27,31,17,25,20,-20,29,21,15,4,-20,27,7,15,12,10,28,32,18,18,15,16,4,26,23,12,13,22,14,12,8,68,14,16,14,81,19,6,20,15,-20,31,12,15,21,22,10,11,3,-20,15,9,17,-20,9,9,77,18,15,8,9,18,37,15,18,9,27,14,26,9,9,33,17,13,14,6,7,11,15,10,10,14,18,38,14,8,29,37,26,11,120,24,20,-20,10,16,9,13,13,25,9,15,18,11,18,10,11,14,74,31,8,10,18,15,14,20,17,10,7,14,22,21,12,16,10,10,24,12,5,12,14,16,23,5,9,14,72,32,18,15,14,-20,7,24,11,21,14,-20,10,12,23,8,30,21,10,31,11,14,6,10,11,11,64,9,24,11,14,10,15,31,16,16,46,58,62,60,12,49,50,10,8,55,44,-20,8,38,10,19,42,23,9,16,46,19,7,30,15,9,20,20,36,15,27,22,12,11,21,18,35,21,14,4,23,7,26,26,31,10,20,31,39,17,16,16,33,15,93,8,20,20,33,31,38,23,14,24,53,38,16,53,51,42,39,46,42,50,17,37,17,22,22,6,13,9,10,14,8,16,8,29,21,24,21,29,17,59,15,9,14,24,30,23,22,15,17,17,4,17,9,36,41,16,89,32,45,54,51,33,38,33,61,63,34,38,38,31,55,21,119,35,31,5,35,34,107,42,16,20,31,23,45,35,29,71,33,33,40,86,10,32,23,120,51,47,45,28,17,35,13,15,10,-20,13,14,12,16,-20,16,10,-20,16,16,8,20,14,11,8,14,12,13,5,-20,11,-20,18,19,7,9,13,11,3,17,14,6,12,13,14,12,22,24,26,25,11,-20,-20,16,14,12,12,11,7,11,14,9,5,12,5,5,14,13,14,13,13,11,16,-20,18,22,18,12,14,14,18,18,7,-20,18,17,23,13,16,11,16,23,21,16,17,2,9,7,7,8,12,12,6,7,10,14,8,13,11,9,7,9,13,12,17,6,17,6,15,7,4,18,7,26,12,9,15,16,18,8,19,14,8,-20,7,-20,11,9,12,-20,15,10,-20,23,11,-20,14,13,9,8,7,8,8,7,8,18,26,15,14,11,6,7,-20,10,12,23,17,22,8,22,12,5,24,9,26,14,9,-20,17,12,15,15,28,-20,22,-20,16,16,13,9,14,12,6,10,7,18,9,10,23,8,16,8,10,11,10,6,21,14,17,19,-20,8,10,12,13,6,15,10,7,11,11,9,9,19,17,12,10,10,6,-20,9,87,16,20,20,20,19,25,22,23,23,30,24,13,19,17,17,18,20,25,23,13,17,33,20,13,13,16,18,25,45,21,20,25,21,15,21,15,16,12,22,21,10,4,12,12,16,7,10,16,6,-20,11,16,20,15,-20,14,5,13,-20,11,5,7,15,10,12,20,8,21,9,-20,10,4,13,9,11,12,-20,-20,21,7,17,10,-20,8,13,3,11,6,6,4,-20,5,7,-20,4,13,14,19,22,19,4,-20,18,11,13,11,17,18,-20,11,9,10,23,12,15,67,-20,16,11,12,17,9,17,32,6,-20,-20,17,9,6,2,5,19,8,13,5,16,10,16,11,13,8,3,-20,8,10,11,3,20,2,10,15,8,7,-20,7,9,8,9,-20,17,5,13,5,6,16,8,17,6,16,9,6,3,11,12,19,8,7,-20,-20,16,7,3,8,12,5,4,16,5,5,8,8,-20,-20,10,6,8,4,6,11,13,6,13,7,18,10,-20,5,3,8,8,9,20,19,5,5,6,6,7,14,11,35,23,13,23,25,22,17,33,67,43,29,26,63,52,47,61,42,61
"chr4,2179129",7,9,2,4,12,8,10,9,-20,8,11,10,57,33,35,39,36,21,120,79,68,9,65,36,72,45,41,27,25,11,12,8,18,18,66,64,38,23,17,-20,15,41,21,15,32,47,12,67,16,36,28,33,53,34,33,18,44,52,37,25,38,35,30,30,45,42,30,68,61,19,46,32,17,28,36,60,40,5,6,13,14,16,26,12,13,47,35,75,46,22,41,32,47,37,40,48,28,62,8,52,45,39,9,-20,29,58,9,38,34,-20,6,4,40,37,4,7,47,13,5,12,5,-20,10,8,40,10,4,56,16,-20,27,9,6,-20,38,58,56,6,5,9,11,4,9,12,50,5,10,30,11,-20,11,20,40,43,69,16,14,38,94,42,6,6,6,4,8,19,11,11,19,21,49,86,57,16,5,42,32,19,35,137,25,39,30,15,18,24,30,25,17,23,56,40,7,20,13,35,19,32,31,-20,6,17,48,43,56,46,31,71,23,35,72,29,73,43,14,18,68,17,56,24,14,65,37,51,34,14,23,35,33,38,42,37,55,50,17,21,33,36,34,14,27,38,20,33,21,25,30,38,39,-20,36,42,18,16,25,32,18,26,32,17,29,30,32,30,23,11,24,35,34,39,26,51,31,40,27,27,53,85,33,73,28,17,15,25,10,25,17,10,15,8,15,34,-20,28,81,72,74,4,8,7,-20,16,12,4,12,43,42,6,52,45,52,47,40,74,9,15,3,17,34,163,16,28,15,29,15,21,8,15,10,40,16,19,6,14,38,10,9,34,117,19,16,36,28,31,15,24,21,-20,31,22,15,4,5,25,10,14,13,13,30,33,16,24,15,19,5,26,24,14,13,24,15,12,6,65,15,16,14,79,18,5,25,14,3,27,16,17,20,25,10,18,3,-20,13,9,15,-20,8,7,78,19,15,10,10,15,36,15,19,16,20,19,27,9,9,29,14,8,14,3,8,10,16,13,12,12,15,43,20,9,30,36,27,13,127,27,12,-20,10,15,9,14,14,31,8,14,18,11,17,10,8,14,74,27,10,9,19,16,14,17,16,11,8,18,21,20,12,17,8,9,22,13,5,15,16,17,21,7,11,16,72,29,17,17,13,-20,9,21,11,17,14,-20,10,13,32,7,26,25,9,30,14,15,9,9,8,8,67,9,29,11,15,9,16,29,13,12,48,56,65,60,13,51,48,9,9,58,41,-20,9,46,13,16,41,25,11,16,46,20,7,33,13,9,18,18,37,16,24,23,13,10,18,20,29,21,14,3,21,9,27,22,30,11,18,31,46,16,17,15,32,18,99,8,19,20,26,31,39,22,14,24,52,37,16,57,52,45,41,43,46,56,18,37,18,22,23,7,13,8,10,13,7,18,9,32,19,30,22,27,15,53,15,10,15,27,28,25,22,16,22,15,-20,17,10,28,50,19,90,32,47,50,47,36,37,32,59,62,29,47,35,19,52,25,102,34,30,6,35,31,105,44,14,17,30,22,42,40,26,60,38,33,35,60,7,33,21,118,52,38,44,30,19,34,13,14,13,10,11,12,12,18,-20,17,10,-20,16,16,11,24,12,10,12,13,11,14,3,-20,10,-20,16,19,8,10,15,11,-20,19,18,8,10,13,18,12,22,26,20,26,-20,-20,-20,15,15,12,12,14,7,11,16,6,6,13,5,5,14,13,11,13,13,12,17,-20,20,21,18,8,17,13,18,15,8,-20,17,17,22,9,19,12,15,19,22,17,20,-20,8,8,6,10,12,14,5,7,9,16,8,13,12,8,9,11,15,9,19,-20,16,4,16,8,5,19,6,28,17,11,18,16,21,8,18,15,9,-20,9,-20,12,10,12,-20,13,11,-20,25,11,-20,13,11,8,9,9,6,8,7,7,14,25,16,14,11,10,7,-20,13,14,21,15,25,7,20,11,6,21,10,26,14,10,-20,17,11,15,15,28,9,22,3,14,16,12,12,10,9,6,10,6,17,9,8,23,8,18,8,10,10,12,6,20,15,16,23,4,9,12,13,16,6,15,9,4,9,13,10,10,16,16,10,10,7,6,-20,7,92,20,22,16,20,19,25,23,24,24,27,22,14,20,18,16,20,17,27,21,15,16,36,21,12,14,16,20,23,44,20,22,25,21,14,19,11,16,13,18,22,12,5,10,11,17,7,4,15,7,-20,12,18,19,14,-20,14,8,15,-20,9,5,7,14,8,13,18,7,23,8,-20,10,4,12,9,9,12,-20,-20,17,6,16,9,-20,9,13,3,8,4,6,-20,-20,3,8,-20,4,11,14,20,21,18,5,-20,16,10,13,14,17,17,-20,10,8,8,18,9,15,71,2,16,10,14,20,8,15,26,5,-20,-20,16,6,4,2,10,22,7,12,6,18,10,15,9,13,11,4,-20,9,11,9,3,20,4,9,13,8,7,8,7,8,4,11,-20,15,5,21,6,5,19,7,14,4,14,9,3,5,10,11,16,7,10,-20,-20,17,5,4,6,13,11,6,13,9,4,5,12,4,-20,9,3,9,6,6,11,11,4,12,9,14,11,-20,6,5,10,4,7,24,19,4,5,6,-20,9,15,11,42,25,14,24,25,25,24,36,58,45,41,26,68,64,42,60,45,59
"chr4,2179133",7,9,3,4,12,9,10,9,-20,8,11,10,53,32,37,38,38,25,119,80,69,9,66,37,69,44,41,28,23,10,13,8,18,20,65,64,36,23,17,-20,15,40,20,13,31,46,15,68,13,36,32,34,51,36,33,17,45,53,37,29,36,35,31,30,47,39,27,69,60,19,45,33,17,30,37,60,41,5,6,13,14,18,24,14,12,44,37,74,46,22,39,33,46,35,37,49,29,62,8,50,45,36,9,-20,32,56,10,41,33,-20,7,4,40,37,4,7,49,15,5,13,-20,-20,11,8,41,10,4,51,16,-20,28,9,6,-20,38,59,55,6,5,11,11,5,10,12,45,5,10,29,11,-20,11,18,42,44,68,16,13,37,90,36,6,6,8,4,9,22,10,11,21,18,49,91,53,16,6,44,31,17,32,128,25,41,29,15,17,24,30,27,13,21,44,41,7,19,11,36,20,32,28,-20,5,17,53,43,61,43,35,67,20,35,73,29,66,45,12,16,69,17,53,23,16,62,36,49,32,16,21,27,34,39,43,40,54,48,16,22,33,34,35,17,27,33,20,32,20,24,31,33,40,27,34,43,16,16,22,33,16,27,30,16,29,32,34,30,23,11,28,33,35,39,26,48,30,34,27,25,52,87,31,73,31,23,14,29,10,25,17,9,15,8,13,32,4,28,75,67,74,4,8,6,29,15,12,4,10,42,44,7,49,45,50,51,39,72,10,15,3,16,35,163,18,29,18,28,14,23,8,15,9,36,15,19,5,14,38,10,10,36,111,19,16,39,29,31,14,23,20,-20,32,22,15,5,-20,23,9,15,13,13,29,34,19,23,16,19,5,26,24,14,11,21,15,14,6,72,14,16,14,79,18,6,24,14,3,28,16,16,20,25,10,17,3,-20,13,9,-20,-20,9,8,76,19,16,9,10,15,35,16,18,14,19,17,27,9,7,29,16,9,15,-20,8,10,16,12,11,14,16,43,20,9,31,38,29,13,126,25,13,-20,10,13,12,14,14,32,8,15,17,11,18,10,6,14,75,24,10,8,18,15,14,18,15,11,6,19,20,19,11,18,8,10,23,13,4,15,17,18,20,7,11,17,71,27,17,17,14,-20,8,20,12,17,15,-20,10,13,33,7,26,28,9,29,13,13,10,9,9,7,65,9,28,12,16,10,17,28,13,12,48,54,66,61,13,47,46,9,9,59,42,-20,9,47,12,15,40,23,10,18,43,21,-20,32,10,9,14,22,32,14,24,23,13,8,15,19,31,19,13,4,21,11,25,23,26,12,16,33,46,16,15,15,31,18,96,9,19,21,25,30,39,22,13,25,50,41,17,58,51,47,37,42,39,51,18,36,19,22,23,8,13,8,10,12,7,17,11,31,17,31,22,28,16,56,15,13,16,26,29,25,22,17,22,15,-20,18,10,30,55,18,83,-20,47,44,45,37,37,32,55,64,30,47,39,20,50,24,107,36,28,6,34,32,103,43,14,17,22,22,42,37,25,61,38,33,34,59,7,37,23,123,52,37,46,28,18,37,13,14,13,11,11,13,12,19,-20,19,10,-20,15,17,11,25,11,8,11,13,12,15,3,-20,6,-20,18,19,8,11,15,10,-20,22,18,8,11,14,19,12,22,25,19,27,10,-20,-20,15,15,12,10,15,9,11,17,6,7,13,5,6,13,13,10,14,13,12,16,-20,19,21,16,8,19,13,17,14,7,-20,16,16,23,7,22,13,14,18,25,18,20,-20,10,9,7,10,12,16,5,7,9,16,9,15,11,10,12,11,14,9,18,5,17,5,17,8,5,19,6,30,17,11,18,17,23,8,18,15,9,-20,11,-20,12,10,11,-20,12,11,-20,23,11,-20,14,13,8,10,9,6,8,7,8,14,29,16,14,11,11,7,-20,12,19,23,14,28,10,20,11,7,22,10,26,14,10,-20,17,11,13,16,28,10,23,3,15,16,12,13,11,10,6,10,7,18,9,9,26,9,18,9,11,10,13,5,19,15,16,23,4,9,11,14,17,7,16,11,5,9,13,9,11,15,15,10,10,6,7,-20,7,93,20,23,17,19,18,24,24,26,23,27,22,18,21,21,18,19,18,26,21,15,16,37,24,12,14,16,19,23,46,24,23,23,23,15,18,11,16,14,18,24,13,6,10,11,16,7,4,14,7,-20,13,17,17,15,-20,14,8,16,-20,9,5,7,14,8,13,17,7,26,9,-20,8,5,13,8,9,12,-20,-20,17,6,16,9,-20,10,12,3,8,4,7,5,-20,3,9,-20,4,12,14,21,22,18,6,-20,18,11,11,15,18,17,-20,10,7,8,18,9,14,68,2,16,10,15,20,8,15,28,3,-20,-20,16,7,6,2,10,25,9,13,7,18,9,14,9,17,11,4,-20,9,14,9,4,20,6,9,14,9,5,7,12,8,5,10,7,18,5,21,7,7,17,8,14,4,12,-20,3,4,10,12,13,9,12,-20,-20,21,5,3,6,14,10,6,15,10,5,5,10,4,-20,10,-20,-20,6,6,-20,12,4,10,8,16,10,-20,-20,8,9,-20,6,26,15,-20,5,7,-20,8,13,10,47,25,14,24,22,25,25,37,61,45,41,26,71,57,38,59,46,59
