"chr,position",88,108,139,159,265,350,351,403,410,424,428,430,470,476,484,504,506,531,544,546,628,630,680,681,685,687,728,742,763,765,766,768,772,801,853,854,867,868,870,915,932,991,992,997,1002,1006,1061,1062,1063,1066,1070,1158,1166,1254,1257,1313,1317,1552,1612,1622,1651,1652,1676,1684,1739,1741,1756,1757,1793,1797,1819,1820,1829,1834,1835,1851,1852,1853,1872,1890,1925,1942,1943,1954,2016,2017,2031,2053,2057,2081,2091,2106,2108,2141,2159,2166,2171,2191,2202,2212,2239,2240,2276,2278,2285,2286,2317,2370,2412,4779,4807,4826,4840,4857,4884,4900,4939,4958,5023,5104,5151,5165,5210,5236,5249,5253,5276,5279,5349,5353,5395,5486,5577,5644,5651,5717,5718,5720,5726,5741,5748,5757,5768,5772,5776,5779,5784,5798,5800,5811,5822,5830,5831,5832,5836,5837,5856,5860,5865,5867,5874,5890,5893,5907,5921,5950,5984,5993,6008,6009,6010,6011,6012,6013,6016,6017,6019,6020,6021,6022,6023,6024,6025,6030,6034,6035,6036,6038,6039,6040,6041,6042,6043,6046,6064,6069,6070,6071,6073,6074,6076,6077,6085,6086,6087,6088,6090,6091,6092,6094,6095,6096,6097,6098,6099,6100,6101,6102,6104,6105,6106,6107,6108,6109,6111,6112,6113,6114,6115,6118,6119,6122,6123,6124,6125,6126,6128,6131,6132,6133,6134,6136,6137,6138,6140,6141,6142,6145,6148,6149,6150,6151,6153,6154,6163,6166,6169,6172,6173,6174,6177,6180,6184,6188,6189,6191,6192,6193,6194,6195,6198,6201,6202,6203,6209,6210,6214,6216,6217,6218,6220,6221,6231,6235,6237,6238,6240,6241,6242,6243,6244,6252,6255,6258,6268,6276,6284,6296,6390,6396,6413,6424,6434,6445,6680,6739,6740,6744,6749,6750,6805,6806,6814,6830,6897,6898,6900,6901,6903,6904,6907,6908,6909,6911,6913,6915,6917,6918,6919,6920,6922,6923,6924,6926,6927,6929,6931,6932,6933,6938,6940,6943,6944,6945,6951,6956,6957,6958,6959,6960,6961,6963,6966,6967,6968,6969,6970,6971,6973,6974,6975,6976,6979,6981,6982,6984,6986,6987,6989,6990,6992,6997,7000,7002,7003,7008,7013,7014,7025,7026,7028,7031,7033,7036,7058,7061,7062,7063,7064,7067,7068,7071,7072,7077,7081,7092,7094,7096,7102,7103,7106,7107,7109,7111,7117,7119,7120,7125,7126,7127,7130,7133,7138,7143,7147,7158,7160,7161,7162,7163,7164,7165,7169,7177,7181,7183,7186,7192,7199,7202,7203,7207,7208,7209,7213,7217,7218,7223,7231,7236,7244,7248,7250,7255,7258,7268,7273,7276,7280,7282,7287,7288,7296,7298,7305,7306,7307,7314,7316,7319,7320,7322,7323,7327,7328,7332,7333,7337,7342,7343,7344,7346,7347,7349,7350,7353,7354,7356,7358,7359,7372,7373,7377,7378,7382,7383,7384,7387,7394,7396,7404,7411,7413,7415,7416,7417,7418,7419,7424,7427,7430,7460,7461,7471,7475,7477,7514,7515,7516,7517,7520,7521,7523,7525,7529,7530,7566,7568,7717,7757,7767,7917,7947,8037,8057,8077,8132,8171,8214,8222,8227,8230,8231,8233,8234,8235,8236,8237,8238,8239,8240,8241,8242,8243,8244,8246,8247,8249,8256,8258,8259,8264,8283,8284,8285,8290,8297,8306,8307,8311,8312,8326,8334,8335,8337,8343,8351,8354,8357,8365,8366,8369,8376,8386,8387,8419,8420,8422,8424,8426,8427,8464,8483,8699,8723,9027,9057,9058,9067,9069,9070,9075,9078,9079,9081,9084,9085,9089,9091,9095,9099,9100,9102,9103,9104,9105,9106,9111,9113,9114,9115,9121,9125,9128,9130,9131,9133,9134,9298,9312,9314,9321,9323,9332,9336,9339,9343,9352,9353,9363,9369,9370,9371,9380,9381,9382,9383,9386,9388,9390,9391,9392,9394,9395,9399,9402,9404,9405,9407,9408,9409,9412,9413,9416,9421,9427,9433,9436,9437,9442,9450,9451,9452,9453,9454,9455,9470,9471,9476,9481,9503,9506,9507,9508,9509,9510,9511,9512,9513,9514,9515,9517,9518,9519,9520,9521,9522,9523,9524,9525,9526,9527,9528,9529,9530,9531,9532,9533,9534,9535,9536,9537,9539,9540,9541,9542,9543,9544,9545,9546,9547,9548,9549,9550,9551,9552,9553,9554,9555,9556,9557,9558,9559,9560,9561,9562,9564,9565,9567,9568,9569,9571,9573,9574,9576,9577,9578,9579,9581,9582,9583,9584,9585,9586,9587,9588,9589,9590,9591,9592,9593,9594,9595,9596,9597,9598,9599,9600,9601,9602,9606,9607,9608,9609,9610,9611,9612,9613,9615,9616,9617,9619,9620,9621,9622,9624,9625,9626,9627,9628,9629,9630,9631,9632,9633,9634,9635,9636,9637,9638,9639,9640,9641,9642,9643,9644,9645,9646,9647,9648,9649,9651,9653,9655,9656,9657,9658,9659,9660,9661,9663,9664,9665,9666,9667,9668,9669,9670,9671,9672,9673,9676,9677,9678,9679,9680,9681,9682,9683,9684,9685,9686,9687,9689,9690,9691,9692,9693,9694,9695,9696,9697,9698,9699,9700,9701,9703,9704,9705,9706,9707,9708,9709,9710,9711,9712,9713,9714,9716,9717,9718,9719,9720,9721,9722,9723,9725,9726,9727,9728,9729,9730,9731,9732,9733,9735,9736,9737,9738,9739,9741,9743,9744,9745,9747,9748,9749,9754,9755,9756,9757,9758,9759,9761,9762,9764,9766,9768,9769,9770,9771,9772,9774,9775,9776,9777,9778,9779,9780,9781,9782,9783,9784,9785,9786,9787,9788,9789,9790,9791,9792,9793,9794,9795,9796,9797,9798,9799,9800,9801,9802,9803,9804,9805,9806,9807,9808,9809,9810,9811,9812,9813,9814,9815,9816,9817,9819,9820,9821,9822,9823,9824,9825,9826,9827,9828,9830,9831,9832,9833,9834,9835,9836,9837,9838,9839,9840,9841,9843,9844,9845,9846,9847,9848,9849,9850,9851,9852,9853,9854,9855,9856,9857,9858,9859,9860,9861,9862,9864,9866,9867,9868,9869,9870,9871,9873,9874,9875,9876,9877,9878,9879,9880,9881,9882,9883,9885,9886,9887,9888,9890,9891,9892,9894,9895,9897,9898,9899,9900,9901,9902,9903,9904,9905,9906,9908,9909,9910,9911,9912,9914,9915,9917,9918,9920,9921,9924,9925,9926,9927,9928,9929,9930,9932,9933,9935,9937,9938,9939,9941,9942,9943,9944,9945,9946,9947,9948,9949,9950,9951,9952,9953,9955,9956,9957,9958,9959,9960,9962,9963,9964,9965,9966,9968,9969,9970,9971,9972,9973,9974,9975,9976,9978,9979,9980,9981,9982,9983,9984,9985,9986,9987,9988,9990,9991,9993,9995,9996,9997,9998,9999,10001,10002,10004,10005,10006,10008,10009,10010,10011,10012,10013,10014,10015,10017,10018,10020,10022,10023,10027,14312,14313,14314,14315,14318,14319,15560,15591,15592,15593,18694,18696,19949,19950,19951
"chr4,7890541",4,9,9,6,10,8,-20,4,10,4,5,8,33,36,15,12,31,16,103,67,51,2,61,22,79,43,28,24,23,17,12,13,13,14,70,52,42,28,10,8,5,41,23,24,14,41,10,64,-20,42,33,28,47,27,38,22,62,45,33,35,41,44,36,41,15,11,30,61,58,25,39,24,11,40,25,53,22,4,12,14,14,16,18,5,12,37,26,70,42,27,25,29,32,38,32,37,12,60,9,46,33,42,9,9,31,62,6,36,43,11,11,3,35,40,10,5,39,10,5,7,4,4,14,9,40,7,8,50,14,12,30,9,7,10,28,53,53,8,10,12,7,5,11,5,47,11,3,29,5,7,6,23,17,34,45,15,11,23,95,15,3,8,10,10,4,13,7,4,15,14,80,63,74,23,12,31,42,14,30,120,24,21,22,20,19,7,31,37,11,16,28,18,4,7,21,44,55,29,45,18,16,27,58,26,55,36,73,59,11,29,100,24,54,33,17,26,58,33,23,18,23,19,25,50,22,17,27,27,51,42,37,33,44,60,21,26,27,35,24,23,32,23,43,38,19,25,24,25,33,22,28,30,14,18,16,33,25,10,29,21,22,27,21,21,26,23,22,22,29,30,24,46,46,32,40,24,45,48,37,41,16,26,5,31,5,28,17,3,9,23,16,28,13,25,62,42,80,8,7,4,28,3,5,-20,17,39,44,5,42,44,37,48,34,58,13,13,11,18,31,184,22,30,15,24,8,14,12,13,18,38,12,20,13,13,35,16,21,42,76,24,9,35,39,33,17,14,13,15,36,14,18,8,10,33,10,6,8,12,25,16,14,18,17,18,12,16,17,14,10,20,13,12,15,69,13,17,10,73,12,26,21,11,14,18,11,30,29,15,17,21,13,-20,10,8,-20,13,4,14,107,11,10,26,17,18,32,12,12,19,22,14,14,15,26,31,16,5,13,2,9,18,9,13,14,16,18,33,18,7,33,18,20,15,148,31,13,17,13,10,14,21,11,17,11,7,20,8,15,9,19,15,92,15,6,10,16,17,18,28,21,8,11,11,23,13,10,20,14,12,20,10,3,19,10,17,22,17,16,13,67,32,30,8,15,14,7,15,13,13,18,20,18,11,12,12,39,16,9,25,16,16,7,11,14,11,48,5,26,8,17,11,20,38,13,18,46,53,49,51,12,49,50,8,11,52,42,8,7,44,7,13,41,13,16,-20,29,13,-20,17,21,8,18,42,28,12,15,14,12,18,17,29,34,32,10,11,21,12,14,27,29,14,9,35,33,22,9,13,28,11,128,10,30,16,12,23,12,17,14,19,51,26,20,54,47,54,32,44,35,60,9,41,14,16,31,10,13,12,8,15,16,13,10,34,19,19,14,18,8,40,11,16,14,6,21,19,16,18,17,24,8,10,16,37,37,20,73,34,36,50,50,26,31,22,30,50,34,50,31,39,32,34,105,53,29,6,40,22,86,31,10,17,25,31,47,14,21,52,33,25,37,69,13,38,12,99,28,27,47,27,8,22,21,23,19,16,8,8,9,18,11,20,9,4,14,11,22,20,-20,9,15,6,12,18,6,11,4,9,17,9,12,13,11,13,11,16,11,8,15,16,7,14,8,17,13,17,9,16,16,14,16,19,13,32,4,5,12,9,15,14,7,12,14,16,19,11,7,11,13,7,17,11,11,5,9,14,13,14,13,23,13,26,15,13,9,12,17,15,17,15,17,13,6,5,3,8,12,17,8,10,13,18,7,7,10,12,13,4,14,7,6,21,10,11,10,11,5,4,13,19,8,8,15,13,12,7,7,10,13,13,15,6,15,5,10,8,13,7,-20,11,13,19,20,16,10,11,10,-20,14,3,11,12,27,8,12,16,13,4,12,11,13,15,14,21,-20,11,5,5,18,10,14,7,12,12,14,10,21,17,12,9,11,12,19,25,21,11,13,14,10,9,14,25,11,9,11,5,16,7,20,13,16,-20,13,7,20,11,8,8,2,8,15,10,10,11,10,10,15,3,11,19,7,3,8,10,25,26,8,78,10,25,15,21,17,22,23,24,36,23,18,13,24,10,18,10,20,26,23,15,20,24,13,24,9,11,18,19,42,15,18,24,21,18,16,16,14,10,12,28,16,7,6,6,9,5,5,18,-20,8,9,13,19,7,6,6,7,12,12,7,7,10,6,12,18,9,12,13,13,8,8,15,12,5,11,7,12,7,18,7,13,9,16,17,10,9,4,9,3,-20,-20,4,9,5,6,11,7,5,20,16,13,10,9,7,17,13,8,13,11,8,8,9,22,12,14,41,-20,7,12,15,11,11,9,-20,12,13,3,8,9,9,7,8,15,4,10,-20,11,12,10,8,9,7,-20,-20,-20,13,4,5,12,12,12,6,6,-20,10,10,8,6,-20,8,18,3,13,-20,8,7,6,15,-20,12,6,5,-20,5,3,13,8,5,-20,4,15,4,-20,5,10,-20,7,5,7,5,17,12,3,4,5,6,-20,-20,16,12,-20,-20,9,5,12,-20,9,3,-20,9,-20,-20,14,12,8,-20,6,10,3,10,7,47,30,8,37,26,16,38,38,60,48,54,127,102,53,65,53,50,54
"chr4,7890542",4,9,9,6,10,8,4,4,10,4,5,9,33,37,15,12,31,17,101,67,51,2,63,23,78,43,28,25,23,18,13,13,13,15,70,50,41,28,10,8,6,40,23,23,14,41,9,63,7,41,32,28,47,27,38,21,60,45,33,34,40,45,36,35,15,11,31,60,58,25,37,24,10,39,25,53,22,4,13,15,14,16,19,5,12,37,25,71,42,27,25,29,31,39,31,36,12,60,9,45,31,42,9,9,30,60,7,36,42,12,11,4,35,39,10,5,40,10,5,7,4,4,15,9,40,7,8,47,14,12,31,9,7,10,29,53,52,8,10,13,7,5,11,5,47,12,4,29,5,7,6,22,17,34,46,15,11,23,96,14,3,8,12,10,4,13,7,-20,15,14,82,63,73,21,12,30,41,14,30,120,22,21,25,19,19,7,32,37,12,16,26,17,4,7,21,44,55,30,45,18,16,27,57,26,55,35,72,59,11,30,102,23,55,36,17,28,58,32,23,-20,23,19,25,48,24,16,28,27,48,42,37,34,42,60,23,25,27,35,24,23,32,23,45,38,19,25,24,25,33,20,26,31,14,21,16,33,26,10,29,21,23,25,21,21,25,22,21,22,28,30,25,46,45,30,40,25,43,47,37,41,17,26,5,31,5,29,17,3,9,23,16,28,13,25,62,42,82,8,7,4,27,3,6,-20,17,38,46,5,43,43,37,49,34,58,14,13,10,17,31,186,21,30,14,25,8,14,12,13,18,38,12,19,13,14,35,15,20,41,74,25,10,35,38,32,17,15,13,15,36,15,19,8,10,32,10,6,8,12,26,16,14,19,17,18,12,16,15,14,10,19,13,12,15,68,13,17,10,72,12,26,20,11,14,18,12,30,29,13,17,22,12,10,-20,9,4,13,4,14,106,12,10,26,17,18,32,12,11,19,22,14,14,14,27,30,16,5,13,2,9,18,9,13,14,17,18,32,18,7,33,18,20,-20,148,32,13,17,13,10,14,21,11,18,10,7,21,8,14,9,19,15,92,17,7,10,17,17,18,27,21,8,10,10,23,12,11,20,14,12,21,10,3,19,10,17,22,17,15,12,67,32,30,9,15,14,7,15,13,14,18,22,17,11,12,12,40,15,9,25,17,16,7,11,13,11,49,5,26,9,16,11,21,41,13,18,45,54,49,49,12,50,50,8,11,54,43,8,7,43,7,13,43,13,16,8,-20,12,14,18,22,10,17,42,27,13,14,13,12,18,16,29,34,32,12,10,21,12,15,28,27,14,9,35,32,22,9,13,29,12,128,10,32,16,12,24,12,17,14,19,50,25,21,56,47,54,32,44,35,60,9,40,14,17,31,11,13,12,9,16,16,14,11,35,19,18,14,18,8,41,11,16,15,6,20,22,16,19,17,25,8,10,16,36,37,19,70,37,36,50,48,25,-20,22,30,48,34,50,-20,41,31,34,104,51,29,4,41,22,85,31,10,17,25,31,48,14,21,50,33,25,37,69,13,41,13,96,29,27,45,30,8,22,21,23,19,16,8,8,9,18,12,20,10,4,14,13,23,20,-20,9,15,6,12,18,6,11,4,10,17,9,12,14,11,15,11,16,11,8,15,16,7,14,8,17,13,17,9,17,16,15,16,20,14,32,4,5,13,9,15,14,8,12,15,17,19,11,7,11,13,7,18,12,12,7,9,15,13,14,13,23,13,27,15,12,9,11,17,14,18,15,18,13,6,5,3,9,13,16,8,10,13,18,7,7,11,12,13,4,14,7,6,21,10,12,10,11,5,4,12,19,8,8,15,14,12,7,7,10,13,13,15,6,15,5,10,8,14,7,-20,10,13,20,20,16,11,12,11,-20,14,5,12,12,27,8,12,17,14,6,12,11,13,15,14,19,-20,11,5,5,18,10,14,7,12,12,14,10,21,18,13,9,11,12,20,26,23,11,13,14,10,9,14,26,10,9,11,5,15,7,20,13,16,-20,14,7,20,11,8,8,2,8,15,10,10,11,10,10,15,3,11,20,9,3,8,10,24,26,8,77,10,25,15,21,17,22,24,24,37,23,19,13,25,11,18,10,20,27,23,15,20,24,13,24,9,11,19,19,42,17,18,24,21,18,16,16,14,10,12,29,17,8,6,7,9,5,5,17,-20,8,12,14,20,7,-20,7,7,12,13,8,7,10,6,12,19,9,12,15,13,8,8,15,14,5,12,7,12,9,17,7,13,9,16,18,10,9,4,9,3,-20,-20,4,9,5,7,13,8,6,20,15,13,10,9,8,18,14,8,14,11,8,9,10,23,12,15,42,-20,7,12,15,11,11,9,-20,13,13,4,8,9,9,7,8,17,4,11,7,11,12,10,8,9,8,-20,7,-20,13,4,6,13,13,12,6,6,-20,11,8,8,-20,-20,7,21,3,11,-20,5,7,5,15,-20,10,3,4,-20,6,3,14,8,4,-20,4,15,4,-20,5,9,7,7,4,7,5,14,11,4,3,6,6,-20,5,16,10,-20,-20,9,5,13,5,8,-20,-20,6,-20,-20,13,11,6,-20,6,10,-20,9,7,48,30,8,37,26,17,38,36,58,46,54,110,97,51,63,52,51,53
"chr4,7890544",5,9,9,6,10,8,4,4,10,-20,5,9,32,37,15,12,30,17,104,68,53,3,63,22,79,41,28,24,23,19,13,15,14,15,73,52,41,29,10,8,6,38,23,22,14,40,9,62,7,39,33,25,47,25,35,23,64,46,32,36,41,44,36,34,15,11,33,60,59,25,39,22,10,37,27,54,23,4,13,15,14,17,19,5,12,38,26,71,43,26,26,29,30,39,31,36,11,59,9,46,33,42,9,9,30,61,7,35,42,12,11,4,36,39,11,5,40,10,5,7,4,-20,16,9,41,6,9,48,14,10,32,9,7,10,30,53,51,8,10,13,7,5,11,5,49,12,4,30,5,7,6,19,17,34,47,15,12,23,95,17,3,7,12,10,5,13,7,4,15,14,85,63,73,22,12,29,43,16,31,120,22,20,25,19,19,7,32,37,13,18,26,18,5,6,18,45,55,27,43,18,17,27,60,26,55,35,74,62,11,31,96,25,51,37,17,25,58,32,21,19,23,18,23,49,24,16,28,26,49,42,35,35,43,60,25,26,28,36,26,24,32,24,44,41,22,24,24,25,34,18,24,29,13,22,16,30,26,12,28,20,23,25,20,20,26,22,21,23,33,30,26,46,43,31,41,26,45,67,38,43,16,27,5,32,5,29,19,3,9,25,16,28,13,25,56,46,84,8,7,4,26,3,6,-20,18,41,47,5,45,41,37,51,34,61,15,11,11,15,31,186,21,27,16,27,8,15,12,13,18,38,12,17,13,15,35,16,20,41,76,25,10,35,38,34,17,14,13,15,35,14,19,8,10,31,9,7,8,13,22,16,13,18,17,17,13,16,16,15,10,20,14,13,15,68,13,18,10,71,12,26,22,10,13,16,13,30,29,12,17,21,12,10,11,9,4,14,5,16,107,13,10,26,17,16,31,12,13,19,23,14,14,15,29,30,16,5,13,-20,10,18,9,12,14,16,18,33,19,7,33,18,19,14,149,31,12,17,11,10,14,21,10,16,12,7,21,8,14,9,19,15,92,16,7,-20,18,17,18,26,21,8,11,10,24,12,13,20,14,12,22,10,3,17,10,17,21,18,16,12,63,32,30,10,15,15,7,17,14,14,19,24,18,10,11,14,39,14,10,26,16,15,7,13,12,12,49,5,29,9,16,11,21,42,13,18,43,54,47,49,12,49,49,8,11,54,42,8,7,41,7,13,43,13,16,8,31,12,14,19,23,9,17,42,26,13,15,12,15,20,17,31,34,32,13,11,21,12,14,27,28,13,9,35,31,21,9,12,29,12,130,10,33,16,12,23,11,18,14,18,51,23,21,57,48,55,32,44,33,58,10,40,13,16,32,11,13,12,9,15,16,15,11,35,19,18,14,18,8,41,11,17,15,6,20,23,16,20,17,25,8,10,15,36,38,20,72,37,36,54,48,27,27,23,29,48,34,44,32,43,31,33,108,50,31,4,41,22,84,31,10,18,27,29,47,15,21,56,33,28,37,66,12,39,13,102,24,26,45,32,8,22,22,23,17,17,8,8,9,19,12,20,10,4,14,13,23,19,-20,9,15,5,12,17,6,11,3,10,17,9,13,14,11,15,11,16,11,8,15,16,7,14,8,17,11,17,9,18,15,15,16,20,15,33,4,5,14,9,15,14,8,11,14,17,19,11,7,11,13,6,18,11,12,7,9,14,13,14,13,23,12,27,15,13,9,13,18,15,17,15,18,14,6,5,3,9,13,16,8,9,14,18,7,8,10,11,13,4,15,8,6,21,10,12,10,11,5,5,13,19,8,9,15,13,13,8,7,10,12,13,15,6,15,5,10,8,14,7,-20,11,12,20,19,16,12,12,12,-20,14,5,12,12,26,8,12,16,14,6,12,11,13,15,14,19,-20,11,5,5,18,10,13,7,13,12,15,9,20,18,13,9,11,12,20,26,23,11,13,14,10,9,15,26,11,8,11,5,15,7,20,13,16,-20,13,7,18,10,8,8,2,8,15,10,10,11,10,11,16,-20,10,19,9,3,8,10,23,27,8,83,10,24,15,20,17,22,23,23,37,23,18,11,26,11,18,9,20,27,23,15,20,24,13,25,9,10,18,18,42,17,18,25,20,18,17,16,15,10,12,29,18,8,-20,7,9,5,5,18,-20,8,12,14,21,7,6,6,7,12,13,8,7,9,5,11,19,9,12,15,13,8,8,15,14,5,11,8,12,9,17,9,13,10,14,18,-20,9,4,9,3,-20,-20,4,9,5,6,14,8,6,20,16,12,10,9,9,18,14,8,13,11,8,8,10,23,12,15,42,-20,7,13,15,11,11,9,-20,13,13,4,8,9,9,7,8,17,4,12,7,11,12,10,8,9,8,-20,7,-20,13,3,6,13,13,12,6,6,-20,12,8,7,5,-20,7,16,3,11,-20,5,6,5,13,-20,11,7,-20,-20,6,-20,13,7,5,-20,-20,14,4,2,5,9,7,5,4,7,-20,13,13,3,-20,6,5,-20,-20,16,11,-20,-20,9,5,13,4,6,-20,-20,6,-20,-20,13,11,7,-20,-20,11,-20,9,7,48,31,8,37,27,17,38,36,59,45,54,110,100,52,64,53,50,51
"chr4,7890547",5,10,10,6,10,8,4,5,9,3,7,10,32,37,16,12,30,19,104,69,55,3,64,23,79,40,27,24,19,19,12,15,15,15,73,52,41,28,12,8,6,38,22,27,15,41,10,62,8,36,31,29,48,25,38,23,64,45,29,33,40,47,33,35,13,10,31,61,60,25,38,22,9,37,28,54,23,4,13,16,14,16,19,6,14,38,25,71,43,28,27,30,29,39,30,36,12,60,7,43,32,45,7,9,31,59,6,34,44,12,12,4,35,39,11,5,37,11,5,7,4,4,16,9,43,7,-20,52,12,10,32,9,-20,10,30,54,51,8,10,12,7,5,11,3,47,11,4,31,6,7,6,18,17,35,48,15,13,22,96,18,3,8,13,10,6,14,7,3,15,15,87,63,73,22,11,30,42,18,35,132,23,20,23,17,16,7,32,36,14,18,26,19,5,7,20,45,56,27,40,18,16,27,61,26,55,35,74,61,10,29,95,25,54,37,16,23,58,33,20,19,23,16,22,44,22,15,26,26,50,41,36,33,46,58,25,27,26,34,24,23,31,23,45,41,23,24,24,22,29,16,23,31,14,20,15,29,26,12,27,21,22,26,22,20,26,22,20,24,34,30,26,47,40,29,42,24,45,69,39,48,18,29,5,32,6,29,20,3,9,25,16,28,12,22,57,60,85,8,7,7,26,3,6,-20,19,40,48,5,48,41,37,52,34,64,16,11,10,14,31,181,20,28,16,27,7,14,13,13,19,37,12,17,15,14,33,17,20,42,74,25,9,37,37,34,16,13,13,16,33,14,20,8,10,31,10,7,8,13,22,17,13,17,16,17,13,18,15,15,10,21,14,13,15,71,13,20,11,71,12,27,20,11,13,16,12,29,31,13,17,19,13,10,9,9,4,14,6,16,107,13,10,26,18,13,34,14,13,19,23,14,16,15,28,31,16,5,13,2,10,18,9,12,14,16,18,35,17,7,33,22,20,13,146,29,13,18,10,10,15,20,12,16,-20,7,23,8,15,9,19,13,94,18,7,10,18,17,18,25,21,9,11,9,25,13,12,21,13,12,22,10,-20,16,10,19,22,18,17,12,60,33,31,12,15,15,8,18,14,13,19,24,19,10,11,12,42,14,10,26,16,15,6,13,12,11,49,4,27,9,17,10,21,39,13,18,43,55,50,52,14,51,49,8,8,49,41,8,8,41,7,14,42,12,17,8,31,14,13,19,23,-20,19,42,24,13,15,13,15,18,13,29,37,32,13,-20,20,12,14,27,28,13,11,36,29,22,9,13,31,14,132,11,35,15,11,26,11,17,14,17,51,25,22,54,47,56,34,44,31,55,10,40,14,16,33,12,13,12,10,18,16,16,12,35,20,19,12,17,7,42,11,18,14,8,22,23,17,21,16,25,8,10,15,38,44,20,73,41,38,52,43,26,26,23,31,46,33,47,34,44,30,33,108,47,33,5,40,21,86,34,9,20,28,30,49,15,22,56,32,29,38,66,12,40,13,98,24,26,45,31,7,22,22,23,17,16,-20,8,9,18,12,20,11,4,13,14,23,17,-20,8,14,6,15,17,6,11,3,10,17,9,13,13,11,15,12,16,10,8,15,17,7,14,8,20,13,19,9,17,13,16,16,21,17,32,4,9,13,9,14,14,9,11,14,17,19,11,6,11,15,6,17,13,14,7,11,16,13,15,13,23,13,27,15,14,10,12,19,16,17,17,18,15,6,5,3,9,13,17,8,10,15,19,7,-20,9,13,12,4,15,10,7,21,10,12,10,10,4,5,12,19,8,9,14,13,12,8,8,10,12,13,15,6,14,6,11,7,13,7,-20,11,12,18,19,19,13,12,11,-20,14,7,12,12,30,7,13,14,14,10,12,11,13,15,14,18,-20,12,6,5,18,11,13,7,14,13,15,10,20,19,14,8,13,11,21,28,23,12,12,13,10,9,15,26,10,8,11,6,15,-20,19,13,16,-20,15,7,17,12,9,6,2,11,15,10,13,11,9,11,15,-20,10,18,9,4,8,9,22,28,8,83,10,24,15,20,18,20,23,23,41,25,19,12,27,12,19,8,19,27,22,15,20,23,15,26,10,11,19,18,44,17,19,27,19,19,17,15,15,11,14,28,18,7,6,7,9,5,5,18,-20,8,10,14,22,7,6,7,7,12,15,7,8,9,7,11,17,9,12,16,14,9,9,13,15,4,12,8,10,11,17,9,14,11,13,18,10,8,5,10,3,-20,-20,4,10,5,6,16,8,6,20,17,14,10,9,10,19,15,10,13,11,9,8,13,23,11,15,44,-20,8,13,16,14,11,11,-20,13,14,4,8,11,9,7,8,21,4,13,7,11,12,10,7,9,8,-20,6,-20,13,3,7,16,13,12,8,7,-20,14,-20,8,4,-20,8,19,4,9,-20,6,9,4,13,-20,10,6,-20,-20,5,-20,13,8,3,-20,3,13,4,2,7,11,8,6,5,-20,-20,14,12,4,-20,6,6,4,-20,16,9,4,-20,9,-20,13,6,6,-20,3,6,-20,-20,14,12,8,-20,6,11,6,-20,8,44,30,8,36,28,18,38,38,62,44,64,124,97,52,59,51,49,51
"chr4,7890549",5,11,10,6,10,7,4,5,9,3,7,11,34,38,15,12,30,19,106,69,55,3,66,23,81,40,28,24,18,19,12,15,15,15,73,52,42,29,12,8,6,38,27,27,14,42,10,62,8,37,31,30,47,23,37,23,63,43,31,34,40,49,33,37,13,10,31,63,61,25,39,22,9,36,29,50,24,4,13,16,14,16,18,6,14,40,25,71,43,30,27,30,31,39,31,36,12,60,7,43,33,45,7,10,30,62,6,35,40,12,12,4,36,40,11,6,37,12,5,7,4,4,16,9,43,7,11,54,12,10,31,9,6,10,31,55,48,8,10,12,7,5,11,3,46,11,4,30,6,7,6,19,16,35,47,15,13,22,95,18,3,8,13,10,6,14,7,3,14,15,90,62,79,22,12,26,43,18,36,140,23,19,24,17,16,7,31,36,14,18,26,21,5,7,19,45,56,28,42,17,16,27,62,24,57,31,74,61,9,27,95,25,51,36,16,22,57,32,20,19,23,15,26,46,20,12,26,28,47,41,35,37,48,58,24,27,26,32,24,-20,32,23,-20,41,24,24,24,23,29,15,23,31,13,20,18,28,23,13,26,19,22,27,24,20,23,23,19,26,35,30,24,46,42,30,42,24,46,68,39,47,18,30,5,31,6,31,19,-20,10,25,17,26,11,23,61,60,81,8,8,7,26,3,6,-20,18,37,49,5,49,41,38,50,34,63,18,11,10,13,33,186,20,28,16,28,7,14,13,11,17,36,13,17,15,13,33,16,20,41,77,25,9,36,38,32,16,13,13,16,35,14,19,7,10,31,11,7,8,13,23,18,18,17,16,16,13,18,15,15,9,21,17,13,15,70,13,20,10,72,12,28,21,11,15,16,11,28,32,12,17,19,14,9,8,9,4,15,6,16,110,13,11,26,17,12,33,13,13,18,23,13,16,15,28,31,16,5,13,2,10,18,9,13,14,16,17,34,18,7,34,21,20,14,148,31,12,16,10,9,15,20,12,18,12,7,25,8,15,8,19,12,96,19,7,10,19,17,18,24,23,9,11,9,25,13,13,21,13,11,20,10,-20,16,9,19,23,18,18,12,59,32,31,11,15,15,8,18,14,14,19,26,19,10,10,10,42,17,10,26,17,15,8,12,12,11,50,4,27,9,17,10,21,42,13,17,42,53,50,51,13,52,50,8,9,51,41,7,8,43,8,14,39,13,17,7,32,14,13,18,23,-20,16,42,21,13,14,13,15,18,13,29,37,33,13,11,21,12,13,27,26,13,12,37,29,22,9,13,29,14,132,12,35,15,10,26,12,16,13,16,48,25,23,56,47,55,34,43,32,55,10,39,14,16,33,11,13,12,10,18,14,16,12,34,20,19,12,17,7,45,11,18,14,8,22,23,16,20,16,24,8,11,15,39,44,19,72,40,39,48,43,27,25,24,33,47,36,45,31,44,30,34,108,45,32,5,42,21,87,35,9,20,27,31,48,15,22,58,32,29,35,67,11,-20,13,99,25,30,45,31,9,22,22,23,17,16,9,8,9,18,14,19,11,4,13,14,22,17,-20,8,14,7,16,17,6,11,3,10,17,9,13,14,11,15,12,15,9,-20,15,17,7,14,8,20,13,19,9,17,13,15,16,21,17,33,4,9,13,8,14,14,11,11,14,18,19,11,6,11,16,6,17,13,14,8,11,16,14,15,12,23,13,24,14,14,10,12,19,16,17,16,19,15,6,5,3,9,13,17,8,11,15,19,7,-20,9,14,12,4,14,10,7,21,10,12,10,11,4,6,12,19,8,9,13,13,12,8,8,11,12,13,15,6,14,6,10,7,13,7,-20,11,11,18,19,18,13,12,11,-20,13,7,12,12,30,7,14,15,14,10,12,11,13,15,14,19,-20,12,6,5,18,11,14,7,14,13,15,10,20,19,14,8,13,11,21,28,24,12,13,13,10,9,15,26,10,8,10,6,15,8,19,13,16,-20,15,6,17,12,9,6,2,11,15,10,13,11,9,11,14,-20,10,18,9,4,-20,10,22,30,8,85,10,25,15,20,19,20,23,23,41,25,19,11,27,13,19,8,19,27,22,16,20,23,15,26,10,11,19,18,44,17,19,27,19,19,17,15,16,11,13,28,19,7,-20,9,9,4,5,17,-20,8,10,14,23,7,6,7,7,13,17,7,9,9,8,11,17,9,12,16,14,8,9,13,15,4,12,8,10,11,18,9,15,11,14,18,10,8,6,11,3,-20,-20,4,10,5,6,16,8,6,20,18,14,10,9,10,19,16,10,13,12,9,8,13,23,11,15,44,-20,8,13,16,14,11,11,-20,13,14,4,8,11,9,7,8,22,4,13,7,11,12,9,7,-20,8,-20,6,-20,13,4,7,16,-20,12,8,8,-20,16,9,8,5,-20,7,16,4,10,-20,5,8,4,10,-20,11,6,-20,-20,-20,-20,13,7,-20,-20,4,12,3,2,-20,11,9,7,6,5,-20,13,10,4,-20,5,6,4,-20,15,-20,4,3,8,5,15,6,6,-20,-20,5,-20,-20,12,14,4,-20,9,11,-20,10,8,45,29,9,36,27,17,38,37,62,46,64,124,92,51,61,50,49,53
"chr4,7890552",5,12,12,6,8,7,5,6,9,3,7,9,32,37,15,12,27,19,108,73,58,3,64,20,84,40,27,24,18,19,12,15,17,15,71,51,41,26,12,8,7,38,-20,27,12,44,10,62,8,38,27,32,50,25,34,23,64,44,28,33,38,50,33,38,12,10,30,61,62,25,37,20,8,32,31,47,25,4,13,16,14,16,18,6,16,39,25,72,42,30,26,33,29,38,31,37,12,59,8,42,32,45,7,11,32,61,6,33,42,12,11,4,33,41,11,6,40,12,-20,8,5,3,13,9,45,6,10,54,12,12,32,10,7,10,32,54,49,7,-20,13,7,6,10,3,42,10,4,37,5,9,8,20,15,34,48,15,14,22,92,30,4,11,13,12,6,14,5,3,14,15,91,65,77,21,12,32,42,18,37,140,22,20,24,16,15,7,31,34,14,18,27,21,5,6,19,46,56,29,42,18,16,29,53,22,56,30,82,66,10,28,92,25,50,37,15,21,61,31,16,-20,23,14,26,45,19,10,27,27,46,41,34,35,49,59,22,25,26,31,24,21,31,23,42,44,22,25,24,25,30,17,25,28,13,20,16,28,25,12,27,16,21,27,24,21,23,24,17,27,33,34,26,45,35,31,41,25,47,69,37,43,18,29,5,30,6,31,19,-20,9,25,-20,26,12,24,64,57,87,8,8,7,24,4,6,-20,17,34,51,4,50,42,36,50,37,65,17,11,10,13,32,186,19,29,15,28,7,14,15,11,18,36,13,16,15,14,37,16,21,41,75,27,8,34,40,34,16,13,13,16,35,14,19,8,9,30,11,7,9,14,20,18,17,15,14,17,14,20,15,15,9,21,17,13,14,72,13,20,10,69,12,-20,21,11,13,16,10,28,32,9,18,19,15,7,8,9,4,15,6,16,112,13,8,27,17,12,31,13,13,18,21,13,16,15,28,31,16,7,14,2,10,18,9,13,12,16,16,35,17,8,33,21,22,13,150,31,12,18,10,9,14,21,12,17,10,7,24,9,14,10,19,12,94,18,7,9,19,15,19,23,24,9,10,11,25,12,14,20,12,11,21,10,2,15,11,19,26,18,18,12,58,32,28,12,16,17,8,17,14,14,19,24,19,10,11,9,43,17,10,27,17,14,8,12,12,12,47,5,27,9,17,10,19,42,13,15,43,51,50,49,14,51,50,7,9,50,40,7,8,45,8,17,40,12,18,7,32,-20,11,18,24,8,16,42,21,16,13,13,16,18,13,29,35,33,14,10,20,14,13,26,26,13,11,35,28,20,9,13,27,13,135,12,34,13,12,29,13,14,14,17,48,26,23,56,48,55,34,44,29,56,11,38,12,15,35,12,12,12,13,18,11,18,14,35,20,18,12,19,8,49,11,18,13,7,21,23,17,19,19,26,8,11,15,37,48,19,66,40,43,48,41,25,25,23,36,47,37,42,-20,41,28,36,109,46,28,5,43,22,88,35,9,19,26,33,47,15,25,59,33,31,36,63,11,43,12,97,25,28,45,31,9,20,20,22,18,16,8,10,11,17,14,17,11,4,12,13,23,16,-20,8,14,-20,14,18,6,12,3,10,16,10,12,13,8,14,11,15,10,8,14,20,7,16,9,21,14,19,9,17,14,12,16,22,16,35,4,9,11,8,13,13,12,12,16,18,20,11,6,11,17,7,14,13,15,-20,11,15,16,13,11,23,12,24,16,11,10,13,20,16,17,16,20,14,6,5,3,9,12,17,8,11,15,17,7,8,9,14,12,4,14,8,7,18,10,11,11,10,4,7,14,21,8,7,13,14,12,8,8,13,13,14,13,6,17,8,9,7,16,8,-20,-20,11,17,21,18,13,-20,10,-20,13,8,11,13,34,6,14,15,14,9,10,11,15,17,17,19,-20,13,7,5,21,12,14,7,14,-20,16,11,19,18,13,9,14,10,19,30,22,11,14,14,10,11,14,25,-20,8,11,6,18,9,19,13,16,-20,15,7,16,12,-20,4,-20,12,15,8,13,10,8,9,14,-20,10,19,11,4,9,10,22,29,8,86,9,25,17,18,21,24,26,24,41,24,18,12,29,-20,18,6,19,26,21,20,20,24,15,26,10,11,20,17,45,18,19,28,19,18,18,14,15,11,14,26,19,7,6,9,11,4,8,14,-20,8,10,14,24,7,6,7,7,14,17,7,9,8,8,11,17,10,14,17,13,10,9,14,15,3,12,9,10,12,16,9,16,11,15,18,11,8,-20,11,3,-20,-20,4,11,6,8,16,8,5,19,21,14,10,11,10,19,17,11,13,10,9,8,14,25,11,16,46,-20,7,14,16,15,11,10,-20,13,15,4,8,12,-20,7,7,21,4,13,7,9,10,10,8,-20,8,-20,6,-20,13,5,7,15,12,12,7,9,2,16,11,9,5,-20,6,19,4,10,-20,-20,8,4,11,-20,9,6,-20,4,-20,-20,13,6,5,-20,-20,13,5,-20,7,12,8,6,5,4,-20,10,13,5,-20,5,5,4,5,15,-20,-20,4,10,5,-20,5,6,-20,4,5,-20,-20,13,13,5,-20,-20,10,-20,10,8,43,28,9,35,28,17,35,38,64,46,64,125,92,49,58,49,47,53
"chr4,7890553",5,12,12,6,8,7,5,6,9,-20,7,10,33,37,15,12,26,19,107,75,57,3,64,22,85,39,27,22,19,18,12,15,17,15,72,48,42,27,12,7,7,38,28,27,12,43,10,65,11,38,27,33,50,25,37,23,63,43,28,35,37,53,32,39,11,10,30,61,63,27,37,21,8,32,31,48,25,4,13,16,14,16,18,6,16,40,25,72,39,30,26,33,29,38,30,37,12,57,8,43,32,45,6,11,32,62,6,33,41,12,11,4,33,40,11,6,40,12,-20,8,5,3,13,8,44,6,10,55,12,11,34,10,7,10,33,54,51,7,10,13,7,6,10,3,40,10,4,35,5,9,8,20,15,33,50,15,14,20,91,30,4,11,13,12,6,14,5,-20,15,15,88,68,79,22,11,32,43,19,36,138,22,20,24,20,15,7,30,34,14,18,27,22,5,5,20,46,56,29,41,22,16,30,54,20,55,31,82,67,10,28,95,26,51,37,16,21,60,31,16,17,23,14,28,47,19,12,26,28,48,42,37,36,48,59,24,25,25,31,24,21,31,23,44,42,24,25,32,29,29,17,27,28,13,19,15,29,24,14,27,17,21,27,24,22,22,24,-20,28,33,35,26,46,36,32,40,26,46,69,37,41,18,29,5,30,6,31,19,-20,8,24,18,27,12,26,64,53,87,8,8,7,25,4,6,-20,17,35,53,4,50,42,37,51,37,66,17,12,9,13,33,188,19,29,15,28,7,13,14,11,18,37,13,16,15,14,36,16,21,41,74,27,8,35,41,33,16,13,13,16,36,14,19,7,9,30,12,7,10,14,20,17,18,15,14,17,14,20,16,13,9,21,17,13,14,72,12,20,10,70,12,32,21,11,14,16,10,28,33,8,19,18,15,7,8,9,4,15,6,17,112,13,9,27,16,12,32,12,13,17,21,13,15,15,28,30,16,7,14,2,10,18,9,13,12,16,16,35,17,8,33,22,20,13,150,31,10,18,10,9,14,21,12,17,11,7,24,8,13,10,19,12,93,18,7,8,19,14,19,23,24,9,10,11,26,12,14,20,12,11,21,10,2,15,11,19,27,18,18,12,59,32,31,12,16,17,8,18,14,14,18,24,19,12,11,8,43,16,10,27,17,14,8,12,11,11,47,5,28,9,16,10,19,44,13,15,45,50,53,51,14,50,49,7,9,51,40,7,8,45,8,17,41,13,19,7,32,14,12,18,25,-20,19,42,22,17,13,13,16,18,13,30,35,33,14,9,20,13,13,25,26,13,12,37,27,21,10,13,28,13,134,13,34,13,11,28,13,14,14,16,50,27,22,57,47,55,34,42,29,54,11,40,12,15,35,12,12,13,13,18,11,18,13,35,20,18,12,19,8,48,11,17,13,7,22,23,17,19,20,26,8,11,14,38,46,19,70,39,43,47,43,22,24,23,37,48,36,38,29,42,25,37,111,47,29,6,42,22,89,34,9,19,27,35,46,14,23,61,31,31,36,63,11,43,11,98,23,28,46,34,9,21,20,20,18,16,8,10,11,17,12,17,11,4,12,13,23,15,-20,8,14,7,14,18,6,12,3,10,17,10,12,13,8,13,8,15,10,9,13,20,7,16,9,21,14,19,9,17,14,12,15,22,16,34,4,9,11,8,13,13,12,12,16,18,19,11,6,11,17,7,13,13,15,11,11,15,16,13,11,22,12,24,16,12,10,13,20,16,15,16,20,15,6,5,3,9,13,17,8,11,15,17,7,8,9,14,12,4,14,8,7,18,10,11,11,10,4,7,14,21,8,7,13,14,12,8,8,13,13,14,14,6,17,8,9,7,16,8,-20,9,11,17,21,18,13,12,11,-20,12,8,12,13,34,6,14,15,14,9,8,10,16,17,17,19,-20,13,6,5,21,12,16,7,14,15,16,11,19,18,13,9,14,10,18,30,22,11,14,12,10,11,14,25,10,8,11,6,18,9,19,13,16,-20,15,7,16,12,11,4,2,12,15,8,13,10,8,9,14,-20,10,19,11,4,9,10,22,29,8,87,9,25,17,18,20,24,26,24,41,24,17,12,28,14,18,6,19,26,21,20,19,24,15,26,10,11,20,17,45,18,18,28,18,18,18,15,16,11,14,24,20,7,6,9,11,4,8,13,-20,9,10,14,24,7,6,7,7,14,17,7,9,8,8,11,18,10,14,18,13,10,9,14,15,3,12,9,10,13,16,9,16,11,15,18,12,8,-20,10,3,-20,-20,4,11,6,8,17,8,5,19,21,14,10,11,10,19,17,11,13,11,10,8,14,25,11,16,46,-20,7,14,16,15,12,10,-20,13,15,4,8,12,9,7,7,21,-20,13,8,9,11,10,8,10,8,3,6,-20,15,5,7,15,15,12,7,10,-20,16,9,-20,5,-20,5,18,4,11,-20,5,9,7,12,-20,5,5,-20,5,-20,5,9,6,4,-20,-20,11,6,3,8,13,8,6,5,6,-20,8,9,4,-20,5,5,-20,-20,16,7,-20,4,11,-20,16,4,7,-20,4,5,-20,4,13,13,5,-20,7,10,-20,8,8,44,30,9,33,29,18,35,37,66,45,76,125,94,49,56,51,49,55
"chr4,7890560",6,11,13,6,8,10,5,-20,9,-20,6,11,34,35,14,12,25,16,109,75,59,3,62,24,89,36,27,23,20,18,14,14,15,16,74,51,40,30,15,7,9,38,29,27,16,43,10,63,13,36,31,30,53,27,36,21,62,47,30,36,35,50,30,39,12,10,30,59,62,25,38,23,7,31,30,46,24,6,13,19,14,16,19,6,15,35,23,68,39,29,26,30,29,39,27,38,11,59,10,38,34,49,5,12,32,65,7,34,38,9,10,4,33,38,10,8,36,13,6,8,4,4,13,6,43,7,9,56,13,8,37,10,7,11,35,48,54,8,9,14,5,6,10,3,38,11,4,38,5,-20,10,19,18,40,47,16,14,15,101,33,4,11,14,12,8,13,5,4,15,17,84,68,72,19,12,37,43,21,37,135,22,22,24,18,17,7,34,40,16,20,32,20,5,9,21,49,54,25,41,24,15,31,53,29,58,32,78,70,10,31,105,27,46,42,17,22,55,33,20,18,24,16,33,45,25,17,30,19,45,42,38,35,49,69,24,22,27,34,23,23,27,22,42,41,22,26,34,30,32,18,26,29,13,19,16,25,22,14,28,18,32,27,30,23,21,24,23,30,36,36,28,48,37,34,50,27,47,75,45,47,22,24,7,31,6,32,23,-20,10,23,19,26,12,28,67,60,91,8,7,8,22,4,7,-20,16,32,56,4,50,41,36,50,36,65,18,13,9,12,33,181,22,34,19,27,17,11,13,13,17,38,15,14,13,13,33,18,21,39,75,28,8,33,43,34,14,14,13,17,35,12,17,9,7,24,12,9,11,13,19,17,18,15,13,18,15,20,17,13,9,19,16,14,16,74,13,21,11,69,13,31,22,11,11,15,11,26,30,12,18,16,16,8,8,10,4,15,6,17,107,12,9,23,18,12,34,12,16,19,22,12,17,15,28,30,15,8,13,2,11,17,7,12,11,16,15,29,17,10,33,22,23,12,153,28,9,20,11,9,15,20,11,17,11,6,24,8,14,10,18,13,87,17,8,10,16,15,20,21,22,-20,10,13,27,12,16,21,13,12,22,10,3,15,11,18,28,16,20,11,63,32,34,14,15,19,8,18,13,13,18,26,19,11,12,8,41,19,10,29,18,14,8,11,12,12,50,5,31,8,19,10,20,39,14,14,41,50,54,50,16,47,45,6,8,52,36,8,9,47,10,17,44,15,20,9,35,15,13,18,23,-20,21,42,20,16,14,13,20,25,17,28,34,32,14,6,21,13,14,26,27,14,13,40,31,20,9,15,31,12,125,15,33,12,11,27,10,-20,15,23,53,26,21,57,48,56,33,40,38,45,11,37,12,16,36,11,12,14,13,18,13,18,14,31,20,19,10,17,7,49,11,16,13,11,23,22,15,17,19,24,8,11,13,33,58,19,69,39,44,47,44,25,24,22,41,50,35,47,28,42,23,43,110,41,36,5,43,27,98,33,8,17,27,36,48,18,32,63,30,30,35,62,12,41,15,109,29,30,47,36,10,20,21,19,16,16,9,11,11,16,12,19,11,4,9,12,25,15,-20,10,15,7,15,17,6,11,8,10,16,9,13,13,10,11,8,17,11,10,15,19,6,18,10,21,15,19,11,19,14,10,18,22,14,33,4,9,10,9,12,11,12,13,16,17,16,12,5,11,21,-20,15,14,14,10,12,14,17,11,12,22,10,26,13,14,11,11,20,14,13,17,22,14,6,5,3,10,11,15,8,11,15,19,4,8,9,13,13,4,17,8,8,15,10,9,11,9,4,9,12,18,8,7,12,15,11,8,8,12,14,13,14,6,14,9,8,6,15,7,-20,8,10,18,21,18,14,14,11,-20,14,9,12,13,34,5,13,16,14,9,9,9,-20,16,18,16,3,9,7,4,18,12,17,6,15,16,15,12,18,18,16,9,14,12,18,28,20,10,14,12,11,10,13,25,9,9,13,8,15,10,18,13,17,-20,18,7,14,12,10,4,3,11,16,9,14,10,8,9,13,3,10,18,12,4,10,10,19,27,9,97,10,25,17,19,19,22,25,27,41,26,15,12,30,11,17,6,17,25,22,21,20,20,14,27,10,12,21,16,47,17,18,27,20,18,19,15,15,10,15,26,20,7,6,9,10,4,-20,13,3,10,8,12,24,8,5,7,10,13,18,6,12,7,8,12,20,9,17,16,12,10,10,16,17,3,13,10,11,14,17,7,17,12,16,21,10,7,7,10,3,-20,-20,4,10,5,8,14,6,6,18,20,17,9,12,11,20,16,12,12,11,10,8,16,24,10,16,51,-20,7,15,14,14,11,10,3,12,17,4,8,11,8,5,7,19,-20,15,6,10,11,8,9,9,9,3,5,3,15,5,7,15,15,12,-20,9,2,18,12,9,5,-20,5,16,5,11,-20,4,8,-20,14,-20,5,9,-20,7,-20,5,7,6,-20,-20,4,13,6,-20,7,8,9,5,9,6,3,7,11,-20,-20,8,3,5,5,14,6,3,5,16,4,17,6,12,-20,6,5,3,6,10,12,6,-20,10,10,7,11,8,43,31,10,28,30,19,33,35,68,44,80,116,99,49,53,53,46,56
"chr4,7890570",6,11,14,5,7,9,-20,-20,9,-20,5,10,35,28,13,14,28,19,104,76,49,4,64,28,86,38,25,26,21,15,15,16,21,16,73,48,38,30,16,8,10,35,27,26,20,47,12,65,18,35,29,31,53,29,36,21,63,46,33,37,32,47,27,43,12,11,35,57,59,25,39,22,-20,30,30,43,24,7,13,20,11,15,21,8,15,34,22,68,39,30,22,33,28,38,29,37,11,56,10,39,35,51,5,12,36,70,7,27,44,10,11,3,34,38,10,8,49,11,5,6,6,3,12,6,47,7,9,55,16,8,38,9,6,10,36,52,60,5,8,15,5,6,10,4,38,11,4,41,6,7,8,17,15,38,43,16,14,22,110,48,-20,12,14,14,9,12,5,4,16,20,88,68,77,27,13,37,43,20,44,159,26,19,24,16,20,-20,31,42,20,21,31,20,6,9,19,37,54,26,47,26,12,31,57,29,60,39,76,63,15,31,105,28,42,42,19,20,62,33,20,-20,22,16,36,43,26,19,28,19,48,40,38,34,55,63,24,23,32,38,25,23,29,24,50,38,21,26,36,34,32,20,28,28,11,18,18,24,25,15,30,20,44,31,28,21,21,22,23,24,36,31,29,49,36,33,50,22,50,81,45,53,22,24,9,30,6,29,26,4,10,23,17,30,15,30,77,53,94,8,5,8,25,4,7,-20,16,33,56,4,50,40,40,51,38,62,18,12,9,12,36,181,23,36,19,32,18,14,13,14,18,39,15,15,14,12,34,18,22,35,87,26,6,34,42,31,15,12,14,18,35,12,18,10,10,23,13,9,9,15,19,19,16,16,12,18,16,16,16,13,8,16,19,12,16,67,13,21,9,65,12,31,22,12,10,16,9,25,30,13,16,15,13,7,9,12,-20,15,6,18,94,12,10,25,18,9,34,12,17,18,25,12,18,13,25,33,14,8,13,3,12,17,6,13,13,15,13,29,15,9,28,26,20,12,147,29,9,21,13,9,16,20,10,14,14,5,22,8,11,8,16,13,82,20,6,-20,17,15,23,22,23,9,7,13,24,14,20,18,12,11,23,9,3,15,13,18,31,13,19,12,65,31,31,22,16,15,7,17,15,14,16,31,19,9,17,9,41,15,7,28,17,13,9,9,11,12,54,5,26,7,18,11,19,41,14,16,42,50,52,51,15,44,44,6,8,47,36,8,9,47,8,15,44,23,18,10,39,13,12,18,24,10,22,19,26,17,15,16,21,25,20,27,43,31,17,6,18,12,16,24,28,15,11,42,31,22,9,14,36,11,121,17,34,13,16,29,12,14,15,26,55,26,20,54,49,56,33,39,41,47,10,36,11,16,37,11,11,14,12,18,14,19,13,33,20,16,10,13,7,52,13,17,12,10,27,21,15,15,21,27,7,8,12,29,59,18,75,37,50,45,50,27,26,26,50,51,34,47,-20,37,22,43,100,39,35,6,36,26,106,38,6,16,23,33,48,20,34,62,26,28,32,69,11,40,13,120,27,33,42,34,11,20,20,21,17,14,8,13,12,20,14,18,14,4,10,11,27,15,-20,10,13,8,16,20,6,11,9,9,15,8,11,13,9,11,10,17,13,11,17,18,3,17,11,20,16,22,12,19,14,9,17,25,13,34,4,9,10,11,12,12,12,12,16,19,19,11,5,13,21,7,13,18,13,9,10,14,16,10,13,21,10,26,17,19,10,9,22,17,11,15,22,15,7,5,4,10,12,12,7,11,16,19,4,5,10,13,13,5,15,9,8,15,11,8,10,8,4,10,10,18,5,7,14,16,11,8,6,13,12,11,14,7,15,10,7,6,14,6,-20,-20,10,16,21,18,15,13,12,-20,12,10,13,13,32,5,12,16,14,10,9,9,15,15,20,17,3,8,8,4,16,10,16,6,13,15,14,11,18,18,16,8,14,13,18,28,19,10,15,13,11,10,12,24,-20,8,11,9,15,9,18,13,18,-20,19,8,13,12,11,5,3,12,-20,10,15,14,8,8,12,-20,7,17,11,4,10,10,21,26,7,103,11,27,18,17,17,22,27,26,43,26,16,13,30,15,19,5,15,25,22,20,19,19,13,27,10,12,20,16,49,16,16,27,19,17,19,14,15,10,15,25,21,7,6,10,10,5,7,12,3,11,8,11,22,8,6,6,10,14,17,6,12,7,7,12,17,9,13,16,10,9,9,13,15,-20,15,11,11,14,19,6,16,13,18,20,-20,6,8,10,-20,3,-20,4,10,6,8,14,6,6,15,21,18,9,13,13,21,17,12,9,14,10,7,19,23,8,13,49,-20,9,16,12,13,9,11,6,12,18,4,8,10,8,6,7,20,-20,15,7,11,11,8,8,8,-20,3,5,3,13,5,8,14,16,12,7,7,-20,20,11,9,8,3,4,14,6,13,6,4,12,7,13,-20,11,14,-20,-20,-20,10,8,4,-20,5,3,11,5,-20,5,8,6,6,11,6,5,6,8,3,4,6,4,8,4,-20,6,4,5,15,9,20,5,15,3,7,5,4,-20,8,12,5,-20,9,12,8,12,8,40,31,8,28,31,17,31,33,69,47,74,103,104,49,50,59,48,60
"chr4,7890573",6,13,15,5,9,9,6,4,9,-20,4,10,33,26,12,14,31,20,106,79,47,3,64,30,86,37,25,28,21,16,14,16,21,16,71,46,38,30,16,7,11,35,31,28,20,48,12,64,18,38,28,30,49,28,35,18,61,39,32,36,32,46,28,45,13,13,36,56,60,25,39,21,-20,30,29,42,24,7,13,19,12,18,21,8,15,34,23,67,39,30,21,32,29,38,31,38,12,54,9,37,34,47,5,12,34,71,7,27,44,10,11,3,32,37,10,8,51,13,5,6,6,3,13,6,47,7,11,53,17,8,37,9,6,9,35,52,62,5,8,15,4,6,10,4,40,12,4,41,6,6,8,18,15,41,43,14,12,21,110,48,-20,12,14,14,9,13,5,4,14,20,92,67,86,28,11,36,44,21,38,155,22,19,25,15,20,-20,33,40,20,21,31,21,6,8,17,38,48,26,47,25,11,33,54,28,60,38,71,59,15,32,101,29,44,38,20,20,63,32,20,21,22,15,36,45,26,18,26,20,48,41,37,33,56,56,25,22,29,38,25,23,29,21,49,39,20,24,36,32,35,20,28,27,12,18,18,24,25,18,30,20,43,30,27,23,22,23,23,24,36,34,27,47,37,32,48,19,53,88,46,55,21,27,10,27,6,27,28,5,10,23,16,28,17,30,79,62,81,6,5,8,24,4,6,-20,17,32,54,4,49,40,39,52,37,62,17,13,9,11,36,183,23,35,19,32,18,15,11,14,17,37,15,17,13,11,35,18,19,35,85,25,7,32,41,32,13,12,14,18,33,12,18,10,10,24,13,9,9,15,21,19,15,14,11,17,17,16,18,13,9,17,20,12,13,64,13,21,9,62,12,28,23,12,10,17,10,25,31,11,15,12,13,6,9,12,5,17,6,18,92,12,10,24,17,9,34,10,15,17,26,13,17,13,25,34,15,8,10,3,12,17,6,12,12,14,14,30,13,9,28,27,20,12,146,29,9,24,13,9,16,19,10,13,13,5,22,8,11,10,17,12,83,20,5,9,17,15,23,22,24,9,7,14,23,16,20,18,12,11,23,10,3,15,14,18,31,12,17,11,65,32,31,23,17,15,7,17,15,16,15,31,19,9,17,11,42,16,7,26,17,12,-20,9,12,12,55,6,26,6,18,11,18,38,14,16,44,50,48,49,15,45,44,6,8,46,36,-20,8,45,8,15,44,23,18,10,37,13,10,18,22,10,22,19,28,14,14,16,21,25,23,23,43,30,16,-20,17,13,16,23,29,14,11,44,35,24,8,13,36,12,117,15,36,13,16,30,13,14,16,26,57,21,23,54,48,54,36,40,36,45,10,36,11,16,39,11,9,14,10,19,14,19,14,33,20,16,10,14,7,53,13,16,10,10,27,21,16,15,21,27,7,8,12,29,57,-20,75,37,52,44,47,26,26,26,50,51,31,46,30,39,21,44,102,38,35,6,40,27,110,35,7,17,23,34,47,21,31,59,28,29,30,81,11,41,14,122,32,30,43,34,11,20,20,16,18,15,8,14,12,21,14,18,14,-20,11,12,27,16,-20,10,12,8,16,21,6,10,9,9,15,8,11,14,9,11,10,18,13,11,17,17,3,17,11,19,15,21,12,18,14,11,17,26,13,35,3,8,10,10,12,12,13,13,17,18,19,11,5,13,21,7,13,19,12,9,10,15,15,10,13,21,10,27,17,19,10,10,22,16,9,15,23,16,7,5,4,10,12,12,8,11,16,20,4,7,10,12,13,5,15,10,8,15,10,8,10,8,5,10,11,15,5,7,13,16,12,8,6,13,11,11,14,7,15,10,7,6,14,9,-20,10,10,16,21,19,15,14,11,-20,12,10,12,14,32,5,12,16,14,10,8,9,15,17,20,17,3,8,8,4,16,11,15,6,13,12,14,11,16,17,16,8,14,12,17,28,19,9,15,13,11,11,12,24,10,8,11,9,15,9,17,13,18,-20,17,8,12,14,11,5,3,12,-20,10,15,13,7,10,13,-20,9,18,11,3,11,10,20,25,-20,103,11,27,18,17,17,23,27,26,43,28,14,13,28,15,18,5,15,25,21,20,18,20,13,26,11,13,20,16,48,14,15,28,18,17,20,13,16,10,16,26,21,7,7,10,11,5,7,12,3,11,9,12,22,8,6,5,9,14,19,7,12,8,8,12,16,11,13,15,9,10,8,13,14,3,15,11,10,14,20,6,16,13,18,20,10,6,8,10,-20,-20,-20,3,9,6,7,15,6,6,16,21,16,-20,13,13,21,17,12,9,14,10,7,19,22,9,13,50,-20,9,18,12,14,10,11,6,12,18,4,8,11,8,6,7,21,-20,15,7,11,9,8,8,8,10,3,5,3,13,4,8,14,15,12,7,6,2,21,12,-20,9,3,4,17,6,16,6,4,16,7,15,-20,11,13,-20,-20,7,10,9,4,4,6,4,11,5,-20,3,8,5,6,14,7,8,9,9,4,4,5,3,6,5,16,9,4,4,12,10,20,5,16,5,9,5,4,10,5,14,5,5,13,12,10,12,8,42,29,8,28,32,19,32,32,70,48,74,103,107,52,48,59,49,58
"chr4,7890582",4,13,11,5,9,7,6,-20,6,-20,4,16,33,27,11,12,31,18,97,78,50,6,62,30,82,40,27,28,22,16,14,17,19,13,70,50,36,33,14,6,11,32,32,23,22,48,14,63,16,34,27,31,47,25,37,20,54,38,31,39,32,44,28,42,12,15,38,54,58,28,40,19,-20,30,30,39,22,6,13,18,10,15,22,8,14,34,23,63,40,29,19,31,37,31,32,35,13,58,9,40,30,42,5,12,34,61,6,25,42,10,10,3,34,36,10,-20,47,12,4,6,6,4,12,5,48,7,10,54,16,8,40,9,6,8,31,48,63,4,8,12,-20,6,11,-20,42,15,3,43,5,6,7,16,16,36,43,13,13,25,116,50,5,12,12,14,9,12,5,4,12,20,80,69,75,27,14,37,33,21,45,141,23,19,27,16,21,-20,37,45,21,17,30,21,6,8,20,25,39,28,44,23,14,31,54,30,65,36,66,60,14,-20,93,28,44,42,21,20,-20,39,22,18,21,13,32,43,-20,20,26,20,50,37,35,35,57,64,21,19,32,39,27,-20,29,21,47,39,19,26,34,-20,44,24,26,26,10,19,15,23,24,24,29,19,47,31,32,22,23,22,-20,26,36,30,27,44,30,34,48,25,52,82,40,70,22,23,-20,30,6,26,27,3,15,25,13,30,18,32,83,59,80,6,4,8,-20,4,6,-20,14,30,54,-20,46,42,37,59,35,55,15,15,7,7,36,163,21,36,15,26,20,19,14,14,17,35,17,15,10,11,35,15,20,33,87,24,8,32,44,31,11,12,13,18,35,10,18,10,9,27,8,9,9,11,21,20,15,18,10,18,17,12,15,14,8,18,20,14,12,70,16,21,9,64,16,28,21,11,10,16,9,26,33,18,13,13,15,5,10,11,4,16,5,18,94,13,9,27,17,9,33,10,13,16,24,12,18,13,23,31,14,8,12,3,-20,14,4,13,14,14,14,25,12,8,27,28,16,13,146,29,11,23,13,8,14,19,11,13,14,5,20,8,12,12,18,14,78,25,5,10,17,14,23,22,23,9,8,16,23,16,22,18,12,11,21,10,3,14,13,16,29,12,17,11,71,34,30,26,14,14,7,18,12,13,13,32,16,8,-20,13,41,17,7,25,15,13,9,10,10,10,58,4,26,7,18,11,19,38,13,13,44,49,46,51,14,43,42,7,8,42,39,8,9,52,9,14,42,20,17,10,41,10,10,16,22,11,20,26,29,16,15,16,19,25,24,25,40,27,15,8,19,10,15,24,30,13,11,44,37,25,8,15,-20,11,111,16,39,12,-20,31,16,18,15,27,48,22,23,49,51,55,36,39,31,45,11,34,10,15,33,11,8,14,8,21,14,19,13,29,19,15,9,13,7,52,13,16,11,10,23,21,16,17,21,25,7,7,11,31,63,19,80,37,54,49,43,26,27,-20,49,47,31,37,-20,37,23,46,89,38,34,6,46,30,115,28,7,16,24,39,48,22,32,54,28,30,36,92,9,49,14,124,29,32,42,40,19,17,18,15,14,12,9,11,11,18,13,-20,12,-20,10,12,25,14,-20,9,11,7,-20,21,6,11,8,10,11,7,10,14,10,9,9,12,10,-20,15,15,3,16,11,19,13,20,12,17,14,10,16,23,12,33,3,9,11,10,12,12,15,12,16,17,17,11,5,11,21,8,12,21,15,8,11,15,15,9,13,20,9,26,15,17,-20,9,21,16,10,13,22,16,6,4,-20,10,11,12,8,9,16,20,3,5,9,13,12,5,14,10,8,16,10,7,7,9,6,9,10,12,6,6,12,13,14,8,6,15,11,8,13,7,13,9,5,6,11,11,-20,10,10,15,20,17,15,14,11,-20,10,10,11,14,32,4,11,14,11,-20,6,7,16,15,18,16,3,8,-20,-20,12,12,15,-20,11,11,13,10,16,18,16,8,11,11,16,27,19,11,15,14,10,10,11,23,9,7,11,7,14,9,16,11,-20,-20,17,8,12,13,11,5,2,10,8,6,15,12,6,9,13,2,10,16,10,4,11,10,22,22,7,97,11,25,19,17,17,25,25,23,40,22,11,12,25,14,19,5,14,22,18,20,15,22,13,25,10,11,17,17,47,12,17,26,17,13,18,13,16,10,15,25,19,6,7,10,11,5,8,13,3,10,9,11,21,7,8,5,10,13,19,5,14,8,6,-20,19,10,11,16,8,9,7,12,15,-20,13,11,9,13,20,8,17,11,17,20,9,6,7,10,-20,-20,-20,4,6,5,8,16,5,8,13,19,14,9,13,12,18,18,12,9,12,11,8,19,21,9,13,45,-20,8,19,13,14,9,10,7,11,19,3,7,10,9,5,6,17,-20,13,8,7,8,8,7,8,12,3,4,3,10,5,9,14,12,9,8,-20,4,15,14,7,8,5,6,14,5,19,4,3,18,8,14,-20,11,-20,-20,5,10,12,11,5,6,6,8,-20,5,-20,5,9,8,5,-20,-20,8,9,9,5,4,-20,3,8,-20,16,12,6,5,13,11,19,6,21,4,10,6,7,13,11,8,4,6,15,12,10,12,7,33,38,7,26,31,18,31,35,73,48,71,99,87,51,41,65,47,55
"chr4,7890583",4,13,12,5,9,7,6,-20,6,-20,4,16,33,27,10,12,30,-20,98,78,50,6,61,30,81,40,27,28,23,16,14,17,19,14,69,49,36,32,15,8,11,34,33,19,22,48,13,62,16,34,27,31,46,27,38,20,54,40,31,37,32,44,28,42,12,17,38,53,56,28,41,19,-20,29,30,39,20,8,14,18,10,14,22,8,15,34,24,63,38,28,18,31,38,31,33,30,13,57,9,38,28,42,5,13,34,63,6,25,42,10,10,3,36,35,10,9,48,12,4,6,6,4,12,5,49,7,10,55,16,9,40,10,6,8,30,48,64,4,8,12,-20,6,11,-20,40,15,5,42,6,6,7,16,15,36,43,13,13,24,123,52,5,12,14,14,10,13,5,4,12,20,79,66,76,28,14,38,32,21,45,144,23,20,27,16,21,-20,37,44,21,17,30,21,6,8,20,23,41,27,47,22,13,31,53,29,64,36,66,64,14,30,-20,-20,49,42,20,20,-20,39,22,17,17,13,33,42,-20,20,26,20,49,37,35,35,58,64,21,19,33,41,26,-20,29,21,53,39,19,26,34,-20,44,22,26,26,10,19,16,26,25,24,29,19,47,31,31,22,23,21,25,27,37,31,27,42,30,35,48,25,52,81,38,70,21,23,-20,28,5,26,28,3,17,25,13,30,18,32,83,59,78,6,5,8,24,4,6,-20,14,27,53,-20,45,42,38,59,35,55,15,14,6,8,36,159,20,38,15,26,24,19,14,13,17,36,16,15,12,10,31,15,19,35,86,23,8,31,44,30,13,13,13,18,31,9,18,9,9,27,9,9,9,11,22,19,15,18,11,18,16,12,15,15,9,18,20,14,12,69,16,21,8,65,15,28,21,10,10,16,9,25,33,20,13,12,15,5,9,11,4,16,5,18,94,13,9,27,18,-20,33,11,13,16,23,11,18,13,23,31,12,8,12,4,-20,15,4,13,12,13,14,25,12,8,28,28,16,13,144,29,11,23,13,9,14,19,11,12,13,5,19,8,12,11,18,14,78,25,5,10,17,13,24,23,23,10,8,15,23,15,22,18,12,11,22,10,3,14,13,16,29,12,18,10,71,32,31,26,15,14,7,18,12,14,13,32,14,9,-20,13,41,17,-20,25,14,13,9,10,10,10,56,5,25,8,18,10,19,37,13,14,44,51,46,50,17,43,42,8,8,42,40,9,9,53,9,13,43,20,18,-20,41,10,-20,17,21,11,20,28,30,15,15,16,19,25,23,25,39,27,16,8,19,11,15,23,31,13,10,43,37,25,8,14,36,12,109,15,39,11,-20,31,17,16,15,25,47,22,23,46,50,53,36,41,32,44,11,37,12,15,36,11,8,16,-20,21,16,19,13,30,19,15,11,13,8,54,13,18,11,10,24,21,16,19,25,26,7,8,14,31,63,-20,82,37,55,48,44,24,27,-20,49,47,31,39,29,37,23,44,90,37,36,6,47,29,119,28,7,16,25,41,48,23,32,56,27,29,35,89,8,49,14,121,29,32,40,40,19,17,17,14,15,13,9,12,11,18,13,-20,12,-20,11,12,25,15,-20,9,12,8,14,22,7,12,8,10,10,7,10,15,10,10,9,12,11,-20,15,15,6,16,11,20,13,21,13,17,14,11,16,24,13,33,3,10,12,10,12,12,15,13,16,18,18,12,5,11,22,9,13,21,16,8,12,17,15,9,14,20,9,26,15,18,-20,-20,21,16,10,13,21,18,6,5,-20,11,11,12,8,9,16,20,3,6,9,13,12,6,13,12,8,17,10,7,8,9,7,9,10,12,7,6,13,14,15,9,7,17,11,9,13,7,13,9,6,6,11,12,-20,10,10,15,20,18,15,14,11,3,12,10,12,14,35,4,11,14,11,-20,6,9,17,17,19,16,3,8,-20,6,12,12,16,-20,11,12,13,10,17,18,17,8,13,12,18,29,20,11,16,14,11,10,11,24,9,7,11,7,15,9,16,11,-20,-20,20,8,15,13,10,5,3,10,8,6,15,12,6,-20,14,3,10,17,12,5,11,10,21,22,7,97,11,25,18,17,18,25,26,25,43,24,12,14,25,15,19,7,15,22,18,21,17,23,13,26,10,11,18,17,48,14,17,27,19,14,19,13,17,11,15,25,19,7,7,10,11,6,8,14,3,10,9,11,21,8,8,5,11,13,19,7,14,8,6,10,19,10,11,18,8,9,8,14,15,-20,14,12,9,14,20,9,17,12,18,21,9,6,7,12,-20,5,-20,4,6,5,11,17,6,10,13,19,14,9,13,12,18,19,12,11,12,11,8,20,21,9,15,48,-20,9,19,12,16,9,12,8,12,19,4,7,10,9,5,6,18,-20,13,8,8,8,8,7,8,12,4,4,3,10,6,9,14,12,9,8,11,3,18,14,8,8,5,5,16,7,19,7,4,21,9,16,3,11,12,5,8,10,10,10,5,5,6,6,11,6,-20,7,10,6,4,16,8,9,11,10,5,3,7,4,8,6,16,10,6,3,13,13,19,5,21,5,-20,8,7,13,11,12,5,6,15,12,9,13,7,32,38,7,27,31,18,30,34,72,49,71,99,86,51,40,64,45,55
"chr4,7890584",4,13,12,5,9,7,6,-20,6,-20,4,16,33,27,10,12,29,18,97,77,50,6,59,31,81,40,27,29,22,14,14,15,19,14,71,49,37,30,15,8,11,36,33,19,22,48,13,60,18,33,29,33,47,27,41,21,56,43,30,37,33,43,29,45,12,17,38,49,55,28,41,19,8,31,32,39,20,8,14,18,10,15,24,8,15,33,26,62,37,28,18,31,37,31,32,28,13,57,9,37,28,42,5,13,35,63,6,25,42,10,10,3,35,36,10,9,51,12,4,6,6,4,12,5,49,7,10,54,16,9,39,10,6,8,33,50,67,-20,8,12,-20,6,11,-20,46,15,5,46,6,6,7,16,15,40,43,13,14,26,118,53,5,12,14,14,10,13,5,4,12,21,80,66,81,29,14,41,32,21,46,142,23,19,27,15,22,-20,39,46,21,17,31,22,6,8,20,23,41,27,47,23,14,32,55,27,68,36,66,66,15,30,102,29,51,43,20,18,76,30,22,18,17,14,32,42,30,20,27,21,49,38,39,35,59,64,21,19,32,41,26,26,29,21,-20,38,19,27,34,31,49,24,27,24,10,19,17,25,27,25,29,19,47,32,31,22,23,21,25,31,38,31,28,41,30,34,49,25,50,81,39,70,19,24,10,27,7,26,28,3,17,22,13,30,18,30,83,58,78,6,5,8,27,4,6,-20,14,29,51,-20,44,42,37,59,34,55,13,13,6,8,36,156,18,40,15,26,24,19,15,12,17,36,16,15,11,10,31,14,20,35,85,23,8,31,43,30,13,13,12,18,34,8,18,9,9,26,8,9,9,11,21,19,16,18,11,17,16,12,15,15,9,18,20,14,12,68,16,21,8,62,15,27,21,10,10,17,9,25,32,18,12,12,15,5,9,11,-20,16,5,19,94,12,9,27,17,10,32,11,13,16,23,12,19,14,23,31,12,8,12,4,9,15,4,13,12,13,14,25,11,8,27,28,17,13,145,29,11,23,12,9,14,19,11,11,14,5,19,8,13,11,17,13,80,25,5,10,16,13,24,23,24,11,8,15,24,15,24,17,12,11,22,10,3,14,12,16,28,11,18,10,69,32,30,27,14,14,7,18,12,14,14,34,14,9,21,13,41,18,9,26,14,13,9,11,-20,10,55,5,25,8,19,8,18,35,13,15,43,51,45,50,17,43,44,8,8,42,40,9,9,51,9,13,42,21,17,10,43,10,-20,17,23,11,21,28,31,17,14,17,18,23,23,24,39,28,18,8,19,10,15,23,33,12,10,44,37,25,8,14,35,12,108,14,39,10,15,32,18,18,14,25,46,21,24,46,51,52,37,40,34,41,11,37,12,15,36,11,8,16,10,21,16,19,14,31,19,15,11,13,8,54,13,18,11,10,23,21,16,19,25,26,7,-20,14,32,63,20,86,37,57,48,45,25,27,29,49,46,33,41,32,36,23,46,91,38,36,6,47,26,117,31,7,16,26,41,48,23,33,58,27,30,35,89,8,50,14,122,32,31,45,43,18,17,18,14,16,13,9,12,11,18,13,17,13,-20,11,12,25,15,-20,9,12,8,14,22,7,12,8,10,11,7,10,15,10,11,9,12,11,10,17,15,6,16,11,20,14,23,13,17,14,11,16,25,13,32,3,10,12,10,12,11,15,13,16,18,18,13,5,11,22,9,13,21,16,9,12,17,15,9,13,20,9,26,15,18,10,10,21,15,11,13,22,17,6,5,-20,11,11,12,8,9,16,20,3,6,-20,13,12,6,13,11,8,17,10,7,8,9,7,9,10,12,7,6,13,14,15,9,6,17,11,9,14,7,13,9,6,6,11,12,-20,10,10,15,20,18,15,14,11,3,12,9,13,14,35,4,11,14,11,10,6,9,18,17,18,16,3,8,8,6,13,12,16,7,11,12,13,10,17,18,16,8,14,12,18,29,19,11,16,14,12,10,11,22,9,7,11,7,15,9,16,11,20,-20,21,8,15,13,11,5,3,10,8,6,15,12,6,9,14,3,10,18,13,5,11,10,20,22,7,95,11,25,19,17,18,25,26,25,43,25,12,14,25,15,19,-20,14,22,18,21,17,23,13,27,11,10,18,16,48,14,17,27,19,14,19,13,17,11,15,25,18,7,7,9,11,6,8,14,3,10,9,11,21,8,8,5,12,13,19,7,14,8,6,11,19,12,11,18,8,9,8,14,15,-20,15,12,9,14,20,9,17,12,18,21,9,6,8,12,-20,5,-20,4,6,5,11,17,6,10,13,20,14,9,13,12,18,19,12,11,12,11,8,21,21,9,15,48,-20,9,19,12,16,9,12,8,12,18,4,7,10,9,5,6,18,-20,13,8,8,9,-20,7,8,12,4,4,3,10,6,9,14,11,9,8,10,3,17,14,8,8,6,7,15,7,18,7,4,23,10,15,3,11,12,5,8,10,7,10,5,6,6,5,12,6,-20,-20,9,7,6,17,8,11,11,8,8,-20,6,5,8,5,15,13,5,4,12,16,16,6,24,5,8,9,7,14,9,11,4,5,15,14,11,11,14,27,38,7,29,30,19,32,33,73,51,71,99,99,51,39,66,47,61
"chr4,7890585",4,12,12,5,9,6,6,-20,-20,-20,4,16,34,27,10,13,29,18,95,77,50,6,60,30,81,40,27,29,22,15,14,15,19,14,72,50,36,31,15,8,11,36,34,19,22,48,13,60,18,33,30,33,46,27,40,21,57,42,30,37,33,43,30,45,12,18,38,51,55,28,40,18,7,31,32,41,19,-20,14,17,-20,15,25,8,15,32,29,62,39,28,18,31,37,30,33,27,13,57,9,37,28,42,5,13,35,63,6,26,42,10,10,3,39,36,10,9,52,12,4,6,6,4,12,5,49,7,10,54,16,9,41,9,6,8,33,50,70,4,8,12,-20,6,11,-20,47,15,5,45,6,6,7,17,16,41,44,13,13,26,116,53,5,12,14,14,10,13,5,4,12,22,79,68,63,30,12,42,31,22,46,148,23,20,27,15,39,-20,37,44,22,17,33,22,6,9,20,24,41,27,46,23,14,32,55,28,65,36,69,65,15,31,104,30,52,43,20,18,78,29,22,17,18,14,32,43,29,21,25,22,50,38,39,35,59,75,21,18,32,41,27,26,29,20,53,35,18,27,34,29,48,24,27,24,10,19,18,25,26,26,26,18,48,32,31,23,23,20,24,31,39,31,29,41,30,35,52,23,51,84,38,73,19,24,10,27,7,26,28,3,17,21,15,30,18,31,90,58,82,6,5,8,27,4,6,-20,14,30,48,-20,44,42,38,58,33,55,13,15,5,8,36,157,18,40,15,27,25,19,15,13,17,34,16,15,11,10,30,14,21,36,86,24,8,31,39,30,12,12,12,18,33,8,17,8,9,26,7,9,9,11,19,19,16,18,12,17,16,12,15,15,9,18,20,14,11,68,15,21,8,64,14,27,21,10,-20,17,10,26,31,18,11,11,14,5,9,12,4,17,5,19,96,12,9,27,16,12,33,12,14,15,22,14,18,13,23,31,12,8,12,4,9,15,4,13,13,13,14,25,12,9,27,28,18,12,142,28,10,22,13,9,14,20,12,11,14,5,18,8,12,11,16,12,80,25,5,10,16,13,24,22,24,11,8,15,25,15,24,16,12,10,22,10,3,14,12,16,29,12,18,11,68,33,31,27,14,14,6,18,13,13,15,34,14,9,23,13,42,18,9,28,14,13,11,11,11,10,58,5,24,9,19,7,18,36,13,15,44,49,46,52,16,44,44,8,8,42,39,9,9,51,9,13,40,21,17,11,43,10,10,16,23,11,20,28,30,17,14,17,17,23,23,23,39,28,18,8,19,11,15,23,33,12,10,43,36,25,9,14,35,12,109,15,39,10,16,32,17,18,14,25,46,20,25,47,54,53,37,41,34,43,11,37,12,15,35,11,8,16,10,21,16,19,14,31,19,15,11,13,-20,52,13,18,12,10,23,21,16,18,25,26,7,8,13,31,61,20,87,38,57,51,46,24,27,-20,52,48,34,40,33,38,24,46,91,40,37,6,48,26,117,31,7,16,26,41,47,23,33,58,28,29,36,89,-20,51,14,123,32,31,45,43,18,17,18,14,16,13,7,12,11,17,13,17,13,-20,11,12,24,15,-20,8,12,8,13,21,7,12,8,10,11,7,10,15,9,11,9,12,11,10,17,15,6,16,11,20,14,23,12,17,14,11,16,25,13,31,2,10,12,10,11,11,14,13,16,18,18,13,-20,9,22,9,13,21,15,9,12,17,15,9,13,19,10,25,15,18,10,10,21,16,11,13,22,18,6,5,-20,11,11,13,8,9,16,20,-20,6,9,13,12,6,12,12,8,17,10,7,8,9,7,9,10,12,7,6,13,14,14,9,6,17,11,9,14,7,13,9,5,6,11,12,-20,10,10,15,19,18,15,14,11,3,12,9,13,14,33,4,11,14,11,11,6,9,18,17,18,15,3,8,8,6,12,12,16,7,11,12,13,10,17,18,17,8,14,12,18,29,19,11,16,14,12,10,11,24,9,7,11,6,15,9,17,11,20,-20,20,8,15,13,11,5,3,10,8,6,15,12,6,9,14,3,10,19,12,5,11,10,20,22,7,95,11,25,18,17,18,25,26,25,42,25,12,14,26,15,19,7,15,22,18,21,17,23,13,27,11,11,18,17,48,14,17,26,19,14,18,13,17,11,15,25,19,7,7,9,11,6,8,14,3,10,9,11,21,8,8,4,12,13,19,7,14,8,6,11,18,11,11,18,8,9,7,14,15,-20,15,12,9,14,20,9,17,12,18,21,9,6,8,12,-20,5,-20,4,6,5,11,17,7,10,12,20,14,8,13,13,19,18,12,11,12,11,8,21,21,9,15,48,-20,9,19,12,16,9,12,8,12,18,4,7,10,9,5,6,18,-20,13,8,8,9,9,7,8,12,4,4,3,10,6,9,14,12,9,8,10,3,19,15,8,8,7,9,18,7,20,7,5,22,10,17,3,13,13,-20,-20,10,12,12,5,-20,6,6,12,-20,-20,7,9,9,6,18,8,-20,13,9,8,-20,6,6,8,5,21,13,6,5,14,15,18,6,23,5,8,8,8,15,9,12,5,7,17,14,11,14,14,25,38,7,29,30,19,32,32,72,51,71,99,100,51,39,67,48,60
"chr4,7890590",4,11,12,6,9,8,7,-20,5,-20,3,17,36,29,10,11,29,16,95,78,48,7,59,32,82,42,27,30,22,15,14,16,19,15,75,50,39,31,14,7,14,34,32,19,22,46,14,-20,19,33,33,35,44,27,42,17,56,44,27,35,34,43,29,45,12,17,37,52,56,26,39,23,6,29,31,39,18,8,14,17,10,15,24,7,15,29,29,62,38,27,19,29,38,29,31,29,11,54,9,37,27,44,7,13,37,63,5,24,40,9,14,3,40,35,9,7,53,13,5,6,6,4,15,5,49,7,10,52,14,7,42,9,6,8,34,49,73,5,8,12,-20,5,10,5,51,16,6,47,7,8,6,19,17,43,43,12,13,26,118,55,4,12,15,14,12,13,5,4,12,23,78,64,54,26,13,45,33,17,46,146,24,21,30,15,43,-20,37,45,24,16,36,23,7,7,19,23,43,27,43,24,18,31,53,28,65,39,67,62,15,28,101,30,52,48,17,12,84,25,23,19,18,14,34,39,18,20,20,19,49,42,41,36,60,87,19,13,26,38,24,22,30,20,44,26,21,26,30,30,46,25,23,19,12,17,16,23,23,21,24,21,47,29,23,21,20,19,-20,32,41,29,35,37,20,34,48,27,49,89,40,78,21,23,10,26,7,27,30,5,15,23,16,30,19,31,90,65,75,6,7,8,28,4,6,-20,15,31,47,-20,45,42,39,57,34,54,10,14,5,6,33,155,17,41,13,27,26,20,12,12,15,33,13,15,11,9,31,14,20,38,78,22,9,29,40,29,12,11,11,18,32,9,17,8,8,25,7,7,8,10,17,15,16,20,12,17,17,14,14,16,9,18,18,13,11,64,16,21,8,60,12,26,21,10,10,15,11,24,30,16,8,12,14,5,9,12,3,17,5,16,95,11,10,24,15,15,32,11,14,17,18,14,17,13,22,30,13,8,13,4,10,15,5,14,13,14,11,26,9,9,26,29,19,11,138,29,6,24,13,9,14,21,12,12,15,6,17,7,11,12,16,12,77,25,5,9,17,13,23,22,24,10,9,19,24,15,24,15,9,10,22,12,3,14,9,14,28,12,10,9,66,34,31,28,13,14,6,16,15,12,15,30,15,10,20,12,44,16,9,28,15,13,11,11,11,10,58,5,24,9,14,6,16,31,13,15,45,49,48,55,13,40,42,9,8,42,38,9,9,50,9,7,39,20,15,12,40,11,9,14,23,10,14,32,33,18,14,19,12,21,23,26,38,28,19,8,19,10,14,23,36,12,12,43,29,21,8,13,33,11,105,13,40,10,16,33,13,18,14,24,44,18,24,46,57,49,36,41,24,34,11,34,10,14,34,10,9,13,10,20,17,19,14,31,17,17,11,13,8,53,12,19,11,9,23,23,18,16,27,28,8,8,12,32,61,18,84,24,58,54,42,26,-20,26,52,52,38,35,31,41,25,39,91,37,36,7,49,29,106,29,8,17,22,42,44,27,38,56,28,30,37,77,7,53,17,119,26,34,43,43,17,22,19,14,15,12,7,11,11,18,11,17,13,-20,11,12,25,13,-20,8,11,7,12,22,7,13,9,11,12,10,9,15,9,13,12,12,10,11,19,15,-20,17,15,22,14,24,13,18,14,11,14,26,14,35,3,10,13,10,14,12,15,13,14,17,18,14,5,11,21,10,12,20,17,9,13,16,16,12,11,17,13,27,19,16,11,9,21,18,13,15,23,18,4,7,-20,12,13,13,8,8,14,17,-20,7,10,12,10,6,12,13,9,16,11,6,7,8,7,10,9,13,8,6,12,15,14,9,5,16,11,12,12,7,14,9,5,-20,10,12,-20,10,11,14,18,20,16,14,12,3,13,11,14,15,30,4,11,13,10,16,6,11,19,16,21,13,3,8,9,6,11,10,16,7,9,14,15,10,16,20,14,7,15,12,18,27,21,11,16,14,14,13,10,24,9,4,12,6,17,9,16,12,20,-20,23,10,16,13,11,5,3,10,8,6,15,12,7,9,15,5,10,20,12,5,11,9,17,22,8,95,10,23,20,17,16,24,22,24,40,22,14,14,26,17,19,8,18,22,16,22,19,21,15,28,10,11,18,17,48,14,17,25,19,14,20,12,15,11,15,21,20,7,7,9,13,6,7,14,3,9,8,10,21,8,7,5,12,14,18,10,14,7,7,11,16,10,11,20,8,9,8,13,16,-20,15,13,9,15,20,9,17,12,18,22,9,6,10,12,-20,7,-20,4,6,6,11,16,8,11,12,20,12,9,13,14,18,18,13,12,12,11,8,22,22,11,14,43,-20,10,19,10,15,9,13,9,12,15,4,8,11,7,5,9,19,-20,11,-20,8,11,10,8,7,13,5,4,3,9,6,7,15,14,9,8,10,3,16,11,11,6,6,10,13,-20,20,4,4,21,9,17,3,13,11,4,5,11,-20,11,4,8,5,5,12,5,-20,5,8,-20,5,19,6,8,13,8,8,-20,6,6,4,-20,20,-20,7,-20,11,15,20,8,23,4,7,8,6,12,5,9,4,7,15,15,8,14,14,26,38,7,27,30,18,30,32,71,48,71,93,101,48,37,65,51,63
"chr4,7890593",4,10,13,5,9,6,7,-20,4,-20,3,17,34,29,10,12,29,15,96,78,49,6,61,34,81,44,27,32,21,14,12,15,20,15,74,52,36,31,15,6,14,32,32,20,23,45,15,-20,19,32,28,35,43,28,38,15,55,41,28,34,37,42,30,43,15,18,34,51,58,26,39,24,6,28,30,42,19,7,12,17,10,16,25,7,13,23,29,63,37,28,20,28,37,29,32,28,11,51,9,39,28,46,7,14,38,64,3,24,41,8,14,3,42,39,9,7,50,12,5,5,6,4,15,5,51,7,10,52,13,7,40,9,5,8,36,48,75,4,7,10,-20,5,10,5,49,13,6,52,7,8,6,18,19,43,45,11,14,29,120,59,3,12,-20,14,12,12,-20,4,12,23,79,63,51,30,13,42,37,16,45,140,25,23,32,17,43,8,36,44,27,15,43,26,6,8,17,24,45,27,44,24,20,29,52,33,64,37,65,53,17,28,98,31,54,50,17,11,87,29,26,-20,16,13,32,39,17,22,20,17,45,42,39,34,57,82,20,16,26,37,24,22,31,20,43,26,22,-20,26,27,54,26,24,22,12,17,18,22,24,23,27,24,47,29,29,23,24,19,-20,32,48,33,35,42,15,31,47,27,49,99,44,82,21,23,10,25,7,26,31,6,15,23,18,30,21,33,96,68,72,6,7,8,27,4,6,-20,14,33,46,-20,46,42,42,54,35,54,12,14,6,7,33,151,17,41,-20,28,25,20,12,12,14,37,13,15,11,9,32,13,21,39,79,21,9,30,39,31,13,11,11,15,31,9,18,8,8,26,7,6,8,10,15,15,16,20,11,17,18,14,14,16,10,20,21,13,11,66,16,22,8,57,13,26,19,10,10,15,13,24,28,18,7,12,15,6,9,12,3,17,5,14,90,12,10,20,16,17,33,13,13,18,19,14,18,13,21,28,13,7,13,-20,8,14,4,13,12,14,12,28,11,10,25,29,19,9,139,29,10,24,13,9,13,20,10,12,13,6,18,5,-20,12,16,10,80,27,5,9,16,13,22,22,22,10,9,21,23,14,23,14,8,10,21,13,3,14,11,15,26,12,10,8,68,34,32,28,12,14,6,13,14,11,14,25,15,11,22,16,42,19,9,27,15,13,12,11,10,9,56,5,22,9,14,6,16,30,13,15,48,49,50,53,14,42,42,9,6,42,37,9,9,52,8,7,39,22,15,10,-20,11,-20,14,22,11,13,33,37,19,13,19,15,19,23,30,40,28,20,8,17,9,14,26,37,13,13,41,28,19,8,13,34,10,101,12,38,10,17,31,13,18,11,25,37,18,23,48,57,47,37,40,24,32,10,31,10,13,33,10,9,14,9,22,17,19,14,28,17,15,11,12,7,48,12,19,11,9,21,22,18,14,27,28,7,8,12,34,61,18,85,26,58,57,42,-20,-20,26,53,54,39,33,32,47,28,42,94,35,38,7,50,31,98,30,8,-20,23,46,45,27,37,54,31,30,37,79,7,51,21,122,30,37,43,43,20,23,16,14,15,12,6,10,11,16,10,17,12,-20,11,12,24,10,-20,8,11,6,12,21,7,12,9,10,11,9,9,15,9,14,12,12,-20,11,18,15,-20,17,16,22,13,21,13,18,12,11,13,23,14,34,3,9,12,9,13,-20,15,12,14,17,18,14,-20,11,21,9,11,20,16,9,14,16,16,12,11,14,14,27,19,16,10,9,21,-20,13,14,23,19,4,7,-20,10,11,13,8,6,13,15,4,7,10,11,10,6,11,12,9,16,11,5,7,8,7,11,8,12,8,6,11,15,15,8,5,16,11,12,11,7,14,7,5,7,10,12,2,10,9,13,19,19,16,12,12,3,14,10,14,14,29,4,11,12,10,16,6,11,16,16,21,13,3,7,9,5,10,10,16,6,9,13,13,9,13,20,13,6,15,10,19,23,19,10,13,13,14,13,9,24,8,4,12,6,17,9,16,8,19,-20,23,10,15,13,10,5,3,9,8,6,13,12,7,9,13,5,10,20,12,5,9,9,17,23,6,96,10,23,20,14,16,23,21,23,38,21,14,14,26,17,20,-20,18,21,16,21,19,20,14,26,9,11,18,16,45,12,13,23,19,14,20,11,11,10,15,19,17,8,7,8,12,5,7,13,3,9,8,7,19,7,7,5,12,14,16,10,13,7,7,12,15,10,11,19,7,9,8,12,-20,-20,13,13,8,15,18,8,17,12,17,20,7,6,10,11,-20,-20,-20,4,6,7,10,16,-20,11,12,20,13,9,13,14,18,17,12,12,12,9,8,21,22,9,11,41,-20,10,18,10,15,9,13,9,11,15,4,8,11,7,5,9,20,-20,11,8,8,10,10,8,7,13,5,3,3,9,6,7,15,15,9,8,-20,3,16,14,11,6,6,9,13,8,21,4,-20,26,3,17,-20,12,11,4,6,10,-20,11,4,7,5,5,13,5,2,-20,9,7,5,21,6,8,10,4,7,-20,5,6,6,4,16,12,6,4,-20,14,17,8,22,4,7,7,7,10,7,13,-20,6,11,14,8,12,14,27,43,8,29,30,19,29,32,72,48,71,93,100,45,35,67,52,61
"chr4,7890604",4,9,12,7,8,7,6,-20,3,3,3,18,35,26,11,12,33,16,100,80,48,9,66,32,78,43,28,36,19,15,13,16,21,15,69,56,38,39,15,7,15,40,37,22,26,50,12,63,20,43,37,32,43,29,42,18,56,42,29,38,34,40,28,42,14,21,33,52,58,28,40,28,7,27,31,39,22,9,13,19,12,17,27,7,17,28,32,66,39,25,19,20,37,29,33,24,15,51,9,34,27,46,4,15,43,64,4,25,44,6,13,5,49,38,8,8,51,14,5,5,6,4,15,5,56,9,9,53,13,9,43,10,5,8,38,48,77,4,8,10,-20,4,10,3,45,14,6,50,6,10,6,20,25,46,43,8,17,31,125,69,4,12,15,13,15,13,-20,3,12,24,80,68,66,-20,15,47,28,21,45,156,31,25,39,15,56,13,40,57,30,23,47,34,7,11,20,28,62,28,45,21,22,23,55,46,69,41,56,53,20,27,102,34,54,50,26,14,88,35,33,18,24,24,38,38,19,35,25,21,45,40,39,36,60,78,20,27,32,35,27,31,32,32,34,39,33,36,33,30,56,26,21,27,11,21,24,34,-20,34,30,31,48,32,37,31,28,17,25,37,57,44,40,50,23,33,51,31,49,98,50,100,22,29,13,23,6,31,33,10,20,28,-20,29,20,36,97,89,91,7,7,7,24,5,6,-20,15,34,44,-20,47,46,45,57,34,55,12,14,11,8,32,136,17,41,15,32,23,22,12,17,17,38,15,17,13,11,29,12,17,36,83,22,12,31,40,28,15,10,11,13,35,11,16,12,-20,29,6,4,10,11,21,16,14,22,11,22,19,12,12,14,10,19,21,14,9,63,15,21,10,51,12,22,17,8,8,16,28,26,28,26,8,18,14,9,12,13,4,18,6,13,85,12,12,18,19,23,34,12,14,15,21,14,15,11,16,25,15,6,13,3,8,12,8,17,13,10,12,30,21,10,28,31,18,9,130,24,18,23,14,8,15,21,10,12,10,7,18,5,20,12,22,8,77,28,5,12,17,11,22,21,22,12,9,28,25,15,27,9,9,11,19,12,-20,13,14,17,27,10,12,11,71,33,37,29,13,15,7,12,13,15,13,24,12,12,23,18,45,19,10,27,15,11,11,12,10,11,50,5,26,8,19,7,18,26,12,15,47,53,54,53,16,42,37,9,5,47,36,10,9,51,8,16,34,23,13,10,45,11,8,17,21,11,21,35,49,20,12,17,16,21,20,30,43,26,21,8,16,9,14,25,44,14,15,44,37,28,8,13,39,10,99,14,31,11,18,33,14,18,13,31,38,-20,25,49,53,42,38,35,41,31,9,31,13,14,32,10,8,14,9,23,19,16,15,27,19,18,12,14,7,53,12,20,12,11,22,24,20,14,24,27,6,7,13,-20,56,16,78,29,52,57,41,21,29,24,68,54,41,44,37,61,44,44,112,41,41,13,55,46,120,30,10,21,23,56,49,27,41,57,40,30,40,91,6,50,29,152,36,48,53,48,30,22,16,19,14,17,7,14,14,16,10,19,9,-20,10,11,26,10,-20,10,15,10,16,21,6,13,11,10,8,11,9,15,11,16,12,13,7,12,19,15,10,18,15,23,11,22,11,19,11,11,16,29,11,36,6,9,10,11,11,15,15,15,14,18,19,15,6,13,21,10,12,23,15,12,15,16,15,14,12,15,16,17,20,20,8,10,22,16,16,14,22,18,-20,7,-20,10,13,13,8,-20,13,16,6,7,10,11,10,9,12,12,9,12,12,6,7,9,6,12,8,12,9,7,10,13,17,8,5,17,11,12,11,8,15,7,7,7,12,11,4,10,11,15,18,19,18,13,10,3,15,10,15,10,30,4,10,11,10,17,5,15,17,19,25,12,5,6,11,6,9,10,20,5,9,15,14,12,15,21,14,6,19,13,21,23,20,10,13,11,12,14,9,23,8,4,13,8,18,9,14,9,24,-20,25,10,13,9,10,4,3,11,8,7,13,10,9,10,14,7,12,25,15,6,12,9,19,21,7,97,9,26,20,16,17,27,22,28,39,25,15,13,26,18,20,-20,18,19,15,24,19,19,15,28,11,13,17,20,48,12,16,22,19,14,21,15,12,12,18,18,15,10,8,10,12,7,7,12,3,12,7,8,19,6,9,6,12,14,17,12,15,6,8,14,18,12,12,20,8,11,10,14,16,6,16,13,11,19,19,9,19,12,17,21,7,5,11,11,-20,7,-20,4,6,8,10,17,7,11,14,21,13,7,14,14,18,19,11,15,15,7,9,22,24,11,10,41,-20,11,20,11,13,6,12,10,10,13,6,10,13,8,5,9,21,-20,17,7,5,10,8,9,9,12,5,4,3,12,7,7,15,16,9,9,11,3,15,16,10,-20,5,9,16,7,26,5,-20,28,4,19,6,12,6,5,5,13,12,13,5,-20,-20,6,13,8,2,4,11,5,5,21,7,4,14,5,9,-20,-20,9,7,6,21,13,7,5,11,15,16,8,21,-20,5,8,-20,10,9,10,3,6,13,14,9,16,14,28,45,9,30,34,20,31,31,66,56,58,106,93,52,42,75,57,64
"chr4,7890612",4,9,12,-20,8,7,6,-20,-20,6,3,18,36,25,12,13,37,16,100,86,53,10,68,34,72,44,30,35,21,18,14,17,19,14,66,61,38,37,14,7,16,45,35,22,26,50,12,61,20,43,33,29,44,33,34,24,58,46,28,40,36,45,28,39,11,22,35,48,57,28,44,29,9,27,30,43,22,10,11,20,12,17,28,7,14,28,32,61,41,24,20,20,43,26,29,23,16,51,13,40,28,44,3,16,41,63,4,24,42,5,14,5,55,40,8,8,49,14,6,3,6,5,11,4,58,8,10,49,13,9,44,10,6,6,40,51,78,4,6,11,-20,3,10,4,47,11,6,47,6,12,6,20,31,44,39,8,20,34,131,70,5,11,13,13,15,12,-20,3,10,22,77,80,65,43,17,53,28,21,41,182,24,23,35,15,55,13,44,52,30,23,50,28,7,13,20,34,62,31,42,20,20,23,51,49,80,34,56,53,19,29,111,34,51,47,26,12,92,34,34,20,25,26,47,35,21,36,23,21,47,38,40,36,62,71,18,31,38,31,25,30,31,27,31,45,31,37,33,28,54,32,20,27,12,20,23,33,36,34,38,37,46,31,39,35,33,16,-20,34,57,38,39,58,26,36,45,32,47,93,54,98,22,29,14,24,5,36,30,10,23,22,17,32,17,35,99,88,95,6,6,7,27,3,7,-20,15,36,43,-20,45,42,41,55,36,53,11,15,11,8,27,131,17,41,13,33,21,22,10,17,17,42,16,17,13,12,29,11,16,39,82,21,12,32,40,26,16,10,8,16,31,10,17,11,9,28,7,4,11,11,20,-20,16,20,14,24,20,12,12,12,10,19,23,15,9,63,16,19,11,52,12,19,17,8,7,17,31,27,30,31,8,19,13,8,14,13,-20,17,5,12,79,12,12,17,18,27,34,12,16,16,23,14,15,12,16,26,15,6,12,3,9,9,8,15,14,13,10,34,23,10,26,29,19,10,132,25,22,24,15,10,11,23,8,12,8,6,20,6,26,14,22,10,73,30,5,11,16,10,22,23,23,13,13,28,24,15,30,12,9,9,20,13,-20,13,14,13,29,9,13,11,71,34,36,25,12,14,8,14,14,16,16,26,13,14,29,17,45,24,9,28,17,10,-20,13,10,13,49,4,26,8,15,6,16,27,12,15,49,48,50,53,20,44,37,7,6,46,38,9,8,51,8,19,32,27,12,11,47,12,-20,15,21,10,22,34,47,19,12,16,16,21,21,28,42,26,21,10,15,7,12,23,46,18,15,43,40,27,9,18,40,11,94,11,27,11,16,32,15,15,13,35,38,-20,28,48,55,38,43,32,45,29,9,32,15,13,28,9,9,12,10,21,18,14,15,28,18,18,12,13,5,48,13,20,11,15,22,26,21,15,22,21,6,6,12,29,57,13,81,31,53,55,37,20,31,27,70,61,43,45,41,66,49,42,104,45,44,14,65,45,124,28,12,19,24,52,46,31,38,48,41,33,44,91,6,45,28,164,33,49,56,45,31,21,14,17,14,18,11,15,16,16,9,14,10,-20,11,11,24,11,-20,9,13,10,17,19,4,14,11,10,8,12,12,16,11,16,12,14,8,12,16,12,10,21,16,21,10,22,11,19,11,10,15,30,10,33,6,10,10,9,13,14,16,15,15,20,18,12,3,11,21,9,12,20,16,12,16,16,12,11,11,17,14,15,20,20,7,12,18,17,17,13,19,18,5,6,-20,10,12,11,6,10,10,15,6,7,9,8,12,8,13,12,7,11,8,6,6,9,4,12,6,11,10,7,11,11,15,8,5,15,9,13,13,6,15,7,7,5,11,10,4,11,10,15,16,23,16,11,10,5,13,12,18,15,31,4,11,11,9,18,4,16,16,21,23,11,3,7,10,4,10,10,22,7,11,17,13,11,14,22,13,5,21,11,17,21,21,7,14,10,13,14,8,22,7,4,12,8,17,6,15,6,22,-20,23,9,14,9,9,5,2,13,10,7,12,10,7,10,13,8,10,22,15,6,11,9,19,19,9,93,8,24,18,13,15,28,22,24,36,27,12,11,25,17,17,6,18,16,13,22,18,18,17,22,9,9,18,19,37,11,22,19,18,12,18,16,13,11,15,14,14,11,9,10,10,6,8,9,3,11,8,8,17,8,10,6,14,13,17,12,11,9,8,14,17,12,12,21,8,10,11,13,15,5,14,16,13,18,16,10,17,12,15,19,7,5,12,10,-20,8,-20,3,4,8,10,18,6,12,13,20,16,-20,12,12,18,18,10,16,14,6,8,20,22,10,9,41,-20,12,19,11,16,7,12,10,11,12,6,7,17,8,6,8,21,-20,22,7,6,9,11,7,9,12,5,4,3,12,7,8,12,17,7,8,13,-20,10,19,11,5,7,14,13,7,23,7,4,28,6,22,4,10,8,7,4,15,15,14,8,10,-20,7,17,9,3,-20,-20,6,4,23,8,5,18,7,-20,-20,-20,8,9,6,22,15,7,7,13,12,17,9,21,7,8,14,9,-20,15,13,-20,9,19,11,8,13,14,30,47,10,32,33,20,28,31,62,54,53,106,90,51,41,75,54,64
"chr4,7890616",4,9,12,6,7,7,6,4,-20,6,3,19,35,27,12,14,35,19,98,90,53,11,67,35,69,42,30,34,21,16,16,17,19,12,66,62,39,37,13,8,16,45,35,21,24,49,15,61,21,41,34,27,44,36,35,27,64,48,26,41,36,44,29,38,13,20,37,46,56,30,43,29,9,29,32,44,22,10,10,20,12,18,29,-20,15,27,32,64,41,23,21,18,47,27,29,23,16,51,13,43,27,42,3,16,42,60,3,25,43,5,15,5,51,40,8,8,46,14,6,4,6,5,11,4,61,7,10,50,13,8,43,9,6,6,39,49,76,4,6,10,-20,3,8,4,50,11,7,45,5,12,6,19,31,45,43,9,20,35,134,71,5,10,13,12,15,12,-20,3,10,24,76,81,65,45,17,55,26,23,41,188,23,21,33,13,55,13,40,50,30,24,52,31,8,13,19,34,46,30,38,16,22,21,52,48,84,31,45,59,19,26,110,34,52,44,27,12,93,34,32,20,24,25,42,40,21,37,24,20,53,38,42,36,63,69,17,31,39,31,28,28,29,26,25,48,31,36,31,24,53,34,17,27,13,22,23,34,36,35,36,39,45,28,39,35,33,17,24,33,59,33,38,54,27,40,42,32,48,93,50,99,22,26,14,25,6,33,26,12,23,19,16,37,17,35,103,87,87,6,6,7,25,3,7,-20,13,39,45,-20,44,40,40,53,35,55,10,14,11,7,24,128,17,41,12,34,19,20,10,18,16,41,16,17,14,12,30,12,17,40,80,20,12,34,39,24,16,9,8,16,32,9,16,12,10,28,7,5,11,11,22,17,18,21,13,25,19,12,13,13,9,17,22,14,9,62,18,18,12,51,11,19,17,9,8,15,33,26,29,31,9,19,13,8,14,13,3,18,5,12,73,12,12,17,18,29,36,10,16,17,26,16,16,11,19,26,-20,6,12,4,9,8,8,15,13,12,10,34,27,11,27,28,20,10,128,24,25,24,16,9,10,24,8,12,-20,6,21,6,29,15,22,10,72,34,5,10,15,11,22,25,24,13,13,35,23,17,33,11,11,10,17,12,-20,13,16,12,28,9,13,11,67,33,38,26,13,14,6,15,15,17,18,26,13,15,28,17,43,24,9,27,18,10,9,12,10,13,51,4,24,9,14,6,15,28,12,14,49,52,51,54,20,45,37,7,6,45,38,9,8,52,10,17,31,29,11,11,47,15,8,16,22,10,22,29,48,20,13,19,17,22,20,26,42,27,23,10,14,7,10,21,49,18,13,42,39,27,10,18,43,11,95,12,24,11,17,33,16,16,14,35,37,22,29,49,55,39,42,32,47,29,10,33,13,13,26,9,10,11,10,22,18,13,15,25,15,19,12,13,5,46,13,19,13,15,21,26,21,15,19,21,6,5,10,34,55,11,74,36,58,57,38,22,36,28,69,64,43,45,45,66,48,42,103,51,43,14,58,44,119,26,11,19,26,52,49,31,37,46,42,35,40,84,6,45,27,159,31,47,55,43,31,21,12,19,12,19,-20,15,16,15,-20,14,10,-20,11,11,22,11,-20,9,13,9,16,18,3,13,11,10,8,12,12,15,11,16,11,13,8,11,16,12,11,21,17,19,10,22,12,19,9,9,14,31,11,34,8,10,10,9,13,14,16,13,15,20,18,12,3,10,19,9,11,19,16,12,15,18,14,10,11,16,14,15,18,19,9,11,15,16,16,15,18,18,5,6,-20,10,12,10,6,10,10,13,6,7,9,8,11,8,13,12,7,11,7,7,6,7,4,11,6,10,10,6,11,10,15,8,5,14,9,13,13,6,15,6,7,5,11,10,4,11,10,15,15,21,17,13,10,5,12,13,18,15,30,4,11,11,8,18,4,16,15,20,23,11,3,7,9,4,9,10,22,7,11,17,13,11,12,18,14,5,20,11,16,21,21,7,13,9,13,14,8,20,7,4,12,8,16,6,14,6,22,-20,23,9,12,10,9,5,2,13,11,7,13,10,7,10,13,8,10,21,15,6,10,9,18,18,8,99,7,24,18,14,11,26,22,22,37,28,12,11,23,18,19,6,18,15,13,21,17,19,16,24,9,8,18,19,39,11,23,19,18,11,19,16,13,11,15,14,15,11,8,10,10,6,8,9,3,11,7,8,17,9,10,7,14,12,17,11,11,9,8,14,16,12,12,20,8,10,10,13,14,5,14,16,13,18,16,10,16,11,16,18,7,4,12,10,-20,8,-20,3,4,8,10,18,7,12,13,18,16,7,13,12,16,17,10,16,14,6,6,20,23,11,9,39,-20,12,18,12,17,7,12,11,11,11,6,7,16,7,5,8,20,-20,21,7,5,9,11,7,9,12,5,5,3,13,7,8,12,17,7,8,11,4,8,19,9,6,10,15,12,7,22,6,7,27,7,24,7,11,10,7,5,16,20,15,9,12,-20,7,18,9,4,-20,8,7,6,24,10,6,21,8,9,-20,-20,10,10,8,22,18,7,-20,13,13,18,7,13,7,11,17,11,11,16,16,3,11,15,11,11,19,14,29,46,10,31,33,-20,29,31,65,53,53,106,87,53,41,77,54,68
"chr4,7890623",4,9,10,6,-20,7,8,5,-20,7,-20,21,38,25,15,15,37,18,96,87,61,12,67,35,68,40,27,34,20,17,14,15,19,13,66,63,37,35,13,9,15,47,34,17,19,49,15,59,20,41,34,27,43,39,37,26,66,52,25,43,35,41,28,41,13,20,33,45,57,31,40,29,15,31,32,44,24,11,10,20,13,19,29,6,18,29,31,69,40,25,24,18,49,28,24,23,17,49,11,39,26,43,4,19,42,56,3,25,42,5,13,10,54,42,7,9,47,18,10,3,7,6,11,-20,60,8,11,48,15,9,47,9,8,7,38,48,79,4,7,9,4,3,9,7,51,12,8,45,6,16,5,19,31,44,40,12,20,40,126,70,6,10,14,10,15,10,-20,3,10,22,76,73,69,46,16,52,23,20,37,221,24,21,32,12,59,15,38,53,27,18,59,35,9,13,19,31,49,29,37,19,19,19,51,49,83,32,41,63,19,28,105,34,57,41,28,13,99,35,30,-20,24,30,43,43,22,35,20,19,54,37,43,36,66,73,15,28,38,26,28,28,30,29,26,45,28,30,33,24,54,34,17,24,12,19,23,37,36,38,36,39,49,29,38,38,33,17,26,31,54,34,35,56,28,41,41,28,49,81,47,95,23,26,16,27,5,40,26,12,24,18,18,40,15,35,109,83,85,6,11,9,27,3,10,-20,14,40,43,3,44,41,39,50,34,56,10,16,11,7,26,126,18,42,15,35,23,20,7,19,17,37,18,15,15,11,32,13,16,39,80,18,12,33,42,22,17,7,9,17,25,9,17,12,11,29,5,6,9,11,23,16,19,20,13,21,19,12,15,14,9,16,22,14,8,64,18,15,13,57,12,17,17,8,8,16,36,24,26,34,11,17,13,9,12,13,3,17,5,12,74,13,14,16,18,30,36,10,16,17,26,17,17,12,19,24,11,7,11,4,8,9,10,15,12,13,10,35,28,12,25,28,21,10,130,27,29,22,16,9,14,23,8,13,8,6,21,6,30,15,20,12,71,32,6,10,16,10,25,28,24,11,14,38,21,16,40,11,12,10,18,13,3,12,16,15,30,9,11,11,64,34,38,25,12,14,6,16,14,21,18,24,12,16,29,22,41,28,8,25,17,10,7,12,12,16,52,4,23,9,15,6,14,29,13,12,49,53,50,58,23,45,35,6,6,46,39,6,8,54,13,17,32,32,10,12,49,13,-20,17,21,9,24,31,48,17,13,21,17,19,22,25,39,20,20,11,17,8,11,18,49,16,13,42,37,26,10,17,44,11,94,12,24,12,18,33,19,15,12,37,35,22,29,55,54,40,42,32,47,38,12,35,12,15,28,-20,11,12,12,27,18,16,16,29,17,19,18,15,6,45,13,21,10,17,22,28,20,17,22,24,4,7,8,37,50,11,78,32,59,57,38,22,40,26,67,71,40,42,47,60,51,38,100,53,40,13,53,43,118,26,13,18,25,50,46,33,41,41,48,41,41,82,6,39,26,158,34,51,58,38,33,20,14,22,15,18,11,16,17,18,9,13,13,-20,11,8,21,14,-20,12,14,11,18,19,4,13,15,11,12,12,13,18,15,16,12,13,11,12,17,13,11,24,20,21,12,25,10,19,14,14,13,30,12,35,9,12,9,9,14,19,16,13,14,21,18,11,5,10,18,10,10,20,16,16,17,17,16,10,12,14,13,12,26,21,11,12,15,16,15,18,16,21,8,7,4,14,14,10,9,10,11,14,8,10,8,11,10,9,15,14,8,12,9,9,8,10,7,11,9,15,11,-20,10,15,17,9,6,17,7,12,15,5,13,8,9,7,10,12,5,10,11,13,14,20,20,15,13,7,14,14,18,19,34,8,14,12,10,19,5,16,16,20,22,14,3,10,10,-20,10,12,26,8,13,15,14,14,16,19,20,7,22,10,17,24,18,7,15,10,15,15,6,20,6,5,16,13,20,9,16,7,20,-20,26,9,14,10,9,9,5,12,14,9,13,12,10,12,14,8,11,22,19,6,11,8,21,16,8,100,6,29,18,14,15,31,23,26,39,31,13,15,28,21,22,8,17,18,15,20,22,24,20,24,14,9,21,20,42,15,23,22,24,13,23,19,17,10,18,15,18,10,10,9,11,9,11,16,-20,12,10,11,17,10,9,8,16,17,16,10,9,9,9,16,20,11,16,22,-20,12,15,12,17,5,17,17,12,19,16,11,15,12,16,20,9,4,14,13,3,11,-20,-20,7,8,9,19,9,16,15,24,19,6,19,15,16,20,10,17,17,7,5,23,25,12,14,43,-20,11,19,13,17,10,12,14,13,11,8,9,15,6,5,6,20,3,21,9,6,9,11,7,8,13,6,5,-20,13,7,9,13,17,9,9,15,8,12,20,10,11,11,16,18,6,24,7,7,29,-20,24,11,14,15,7,10,14,27,14,10,14,4,5,18,-20,3,7,9,10,6,23,9,9,22,9,10,3,-20,14,11,13,21,17,12,9,12,12,16,8,19,7,10,18,10,10,16,12,-20,10,13,10,11,22,15,29,45,11,33,36,20,27,32,61,52,60,106,89,53,42,78,52,72
"chr4,7890631",-20,8,9,5,6,7,7,-20,-20,8,-20,23,37,26,15,17,38,18,100,86,59,13,64,36,61,39,21,33,20,17,13,17,19,11,65,59,36,33,15,10,15,44,33,18,28,50,15,55,22,44,35,32,47,43,41,26,73,59,26,40,33,43,30,42,16,20,30,39,54,31,38,30,15,29,36,45,22,11,10,21,12,19,30,9,19,31,27,68,36,25,21,17,49,32,28,23,16,52,11,39,27,38,3,19,41,59,3,22,39,5,12,11,54,40,8,7,42,16,9,-20,7,5,11,-20,62,8,10,49,18,10,42,9,7,8,39,48,69,5,7,7,4,3,7,7,52,13,8,47,9,16,6,17,35,48,37,12,18,39,133,60,8,8,13,10,13,10,-20,4,8,24,77,76,75,51,21,48,26,21,37,246,29,23,35,9,62,15,39,53,30,24,70,40,12,10,21,34,50,31,39,22,19,19,50,46,86,32,33,67,18,28,104,34,60,44,33,12,101,36,31,-20,24,32,33,40,30,38,21,19,52,36,42,39,65,73,16,31,36,26,32,24,31,32,25,46,26,32,28,22,55,34,22,24,11,18,24,42,35,38,40,41,49,24,33,35,33,16,21,25,64,35,36,62,32,45,44,29,51,97,48,105,25,23,16,27,5,47,23,12,23,21,19,43,17,29,98,94,84,4,11,8,25,-20,10,3,14,38,41,3,46,40,39,50,37,56,12,16,12,10,26,136,20,39,16,29,22,19,8,19,17,36,19,16,13,11,29,15,18,38,78,17,14,31,40,21,16,8,9,19,28,9,14,13,11,27,5,6,12,10,22,17,18,18,14,22,18,14,16,13,9,18,22,16,8,60,18,16,13,55,12,16,15,11,9,16,36,24,27,35,14,22,13,8,16,14,6,18,5,15,71,16,16,16,18,31,36,13,18,19,26,17,15,14,19,22,11,7,10,4,10,7,12,16,12,13,10,37,31,14,25,29,23,10,130,29,30,23,16,10,12,22,9,15,7,6,20,13,38,14,20,13,64,32,8,9,19,9,20,29,25,11,12,38,24,15,40,11,13,10,18,14,-20,8,15,16,29,9,10,10,64,35,39,24,12,12,6,17,19,20,18,22,13,16,29,23,43,27,8,28,14,12,5,-20,17,16,49,3,22,9,18,5,14,30,14,12,46,46,51,59,22,44,33,5,5,48,38,8,8,51,13,18,32,31,-20,12,47,12,-20,18,17,11,22,31,54,18,10,22,16,17,23,27,42,22,20,-20,14,7,17,17,50,15,12,39,42,29,10,17,45,10,94,14,25,17,17,31,17,17,15,37,33,27,30,50,55,40,37,28,48,36,10,32,11,10,31,9,12,13,12,28,18,14,17,25,15,21,16,14,6,43,12,16,10,17,22,26,20,17,19,20,6,7,7,41,47,10,76,34,62,60,38,22,34,29,64,72,38,45,-20,59,50,32,99,51,36,12,53,42,129,29,16,22,28,49,43,32,36,41,48,43,43,86,6,42,27,168,36,48,53,39,34,20,11,23,16,17,10,14,19,14,9,14,14,-20,9,7,14,12,-20,11,13,12,17,17,5,12,15,7,11,11,11,17,16,15,12,12,10,12,15,12,11,22,16,18,12,28,10,16,13,16,11,27,9,33,9,12,8,9,12,17,14,11,14,19,13,11,6,11,13,10,9,21,13,17,19,-20,15,11,12,12,15,9,19,18,10,13,14,16,12,17,17,18,9,5,5,13,15,11,11,10,10,17,9,13,7,11,8,8,14,15,8,-20,9,8,7,9,6,12,-20,16,8,4,11,15,18,8,8,16,5,10,12,6,11,7,7,8,10,13,6,14,9,14,14,21,18,13,11,9,12,14,17,18,33,8,16,15,10,19,5,14,15,19,20,10,3,9,9,5,11,12,28,6,10,16,14,13,14,17,23,-20,21,5,15,23,17,-20,12,8,14,15,6,13,4,6,18,13,17,8,14,6,18,-20,24,-20,12,-20,9,11,6,13,12,8,10,7,10,9,10,8,11,21,20,7,12,8,21,15,8,93,6,24,-20,11,14,33,21,24,35,27,16,15,28,20,22,9,14,15,11,19,20,26,19,24,12,8,19,20,33,15,23,18,24,10,21,18,15,10,19,15,17,12,10,11,10,10,12,16,-20,12,9,12,16,10,7,8,16,17,18,11,9,5,9,13,19,11,12,22,10,11,14,11,16,6,16,17,11,18,12,13,14,11,15,21,-20,3,12,12,3,11,-20,-20,7,7,9,16,9,14,13,27,20,4,20,16,15,17,10,15,14,7,8,22,26,13,16,41,-20,10,18,12,17,11,11,13,10,9,-20,9,15,5,5,4,20,4,19,8,6,6,12,7,7,12,4,3,-20,12,5,9,13,17,10,9,16,9,10,19,6,12,11,16,18,6,24,7,10,24,10,25,11,15,16,7,9,17,31,17,12,14,4,8,-20,10,3,13,10,12,5,21,13,12,25,15,9,-20,-20,12,10,15,22,22,10,8,15,8,18,8,14,9,10,14,-20,12,19,13,2,9,11,8,11,21,16,29,47,11,34,31,21,27,32,57,57,48,120,79,53,41,77,49,70
"chr4,7890633",-20,8,10,6,6,8,7,-20,-20,8,-20,21,38,25,14,16,40,18,101,87,59,13,63,41,59,39,23,33,20,16,15,17,20,11,63,63,36,35,16,11,15,43,35,20,26,50,14,60,22,45,33,32,47,45,42,27,74,56,27,39,34,40,30,43,16,19,29,37,54,35,39,30,15,28,36,44,20,12,12,23,12,19,30,10,20,31,30,69,39,25,22,17,50,31,27,24,17,55,11,38,26,37,3,19,39,57,4,22,39,5,13,11,56,41,8,8,44,16,9,-20,7,5,12,-20,60,8,10,49,18,10,45,8,7,8,42,48,68,5,7,7,5,3,7,8,53,14,9,47,9,17,7,17,35,45,36,11,18,39,133,57,8,8,13,10,13,12,4,4,8,22,78,76,79,56,20,43,27,21,37,247,30,22,35,9,62,15,39,51,30,24,69,40,13,9,21,34,51,32,41,22,18,19,48,44,88,32,32,67,18,28,111,34,64,45,34,12,104,37,28,18,23,33,33,41,30,39,23,18,54,35,40,38,62,73,18,34,38,24,32,25,33,33,26,45,26,33,29,22,55,34,24,24,12,20,23,42,36,41,39,42,51,23,30,35,33,17,21,25,70,35,38,62,33,43,40,31,51,106,46,105,22,21,16,26,5,45,23,14,23,21,18,43,18,31,98,91,87,4,11,8,-20,3,11,3,15,37,45,3,45,40,40,49,38,56,12,17,12,10,27,138,19,40,18,30,22,20,7,19,15,38,19,16,14,12,29,15,18,38,77,17,14,33,38,20,17,9,10,18,28,-20,14,13,12,26,5,6,12,11,23,17,18,18,16,23,19,14,16,12,8,18,22,17,8,61,18,17,14,57,12,16,15,11,9,-20,38,22,24,34,13,25,13,8,16,13,6,20,5,14,71,16,16,17,17,32,36,13,19,19,28,18,14,15,20,20,12,8,9,4,10,7,13,16,12,14,10,37,-20,14,26,28,22,10,126,29,30,23,17,10,13,24,9,16,7,7,21,13,38,13,20,13,64,30,8,9,20,9,20,28,25,11,11,-20,24,15,40,12,12,10,17,14,-20,9,14,15,31,9,10,10,66,37,39,26,12,12,6,18,19,20,19,23,14,16,29,23,42,26,10,27,14,12,5,9,16,15,50,3,22,9,18,5,15,29,14,12,46,46,52,59,22,46,31,5,5,48,39,8,8,54,13,18,31,33,10,12,49,12,-20,17,17,11,21,32,57,-20,12,22,13,15,22,26,45,21,21,9,15,7,17,16,52,14,14,37,47,29,11,17,47,10,95,-20,27,15,17,31,20,17,15,36,32,27,29,52,52,40,38,28,45,39,11,31,11,10,32,9,13,13,13,28,20,14,17,29,16,26,16,15,6,45,13,16,10,18,23,27,22,18,20,20,6,7,7,41,-20,10,79,34,62,61,39,22,35,29,63,73,37,42,50,59,50,33,98,51,35,12,51,41,129,29,16,22,37,49,44,36,36,44,48,43,44,86,6,41,27,167,36,50,51,40,36,19,11,25,15,18,10,15,18,15,9,15,14,-20,9,8,15,13,-20,12,14,12,18,17,5,12,15,7,11,12,14,17,16,15,15,12,10,12,14,13,11,23,19,19,14,28,10,19,12,16,13,27,9,36,9,12,9,9,12,16,14,10,14,20,15,12,6,11,15,12,9,22,14,17,19,18,16,12,13,13,15,10,19,19,11,12,14,17,14,17,16,19,10,5,5,12,15,10,11,11,12,18,11,13,7,11,8,8,13,15,8,9,9,8,8,10,6,12,9,19,8,4,11,15,18,8,8,17,5,10,13,7,12,6,7,8,10,13,7,14,9,15,15,25,18,15,12,10,12,15,17,19,35,8,17,15,10,19,7,16,15,19,20,10,3,9,9,6,11,12,29,6,10,-20,15,13,15,17,24,-20,22,7,15,24,17,8,12,9,15,15,6,15,3,6,18,13,18,8,15,6,21,-20,24,9,13,9,9,11,6,12,12,8,10,8,10,9,12,9,11,21,20,7,13,8,22,15,8,96,6,24,18,15,15,35,21,27,36,28,16,15,29,22,24,10,14,15,11,19,20,29,20,27,15,9,20,19,36,15,24,18,26,13,25,19,15,10,19,16,16,12,11,12,10,10,13,17,-20,13,9,12,16,11,8,8,17,18,17,11,9,5,9,14,21,11,12,22,10,12,14,11,19,6,16,20,14,19,11,13,14,12,18,21,8,4,14,12,3,12,-20,-20,7,7,9,16,10,16,14,25,20,4,20,15,15,17,11,15,14,9,10,22,26,14,16,43,-20,9,20,13,18,13,11,15,10,9,8,9,17,5,5,4,21,4,19,8,6,6,12,8,8,14,4,4,-20,12,5,9,14,17,12,10,18,9,11,23,7,13,11,17,22,6,24,-20,11,22,13,29,11,17,19,10,9,18,32,19,13,14,5,6,20,10,4,15,12,13,6,24,14,12,26,13,-20,-20,-20,14,12,-20,-20,26,11,8,16,13,22,10,17,9,11,14,10,12,20,13,4,11,-20,8,10,-20,16,29,45,10,34,30,20,24,33,59,56,48,72,80,52,41,76,49,71
"chr4,7890634",-20,8,12,6,6,8,7,-20,-20,8,-20,21,37,25,13,17,38,17,99,86,60,13,64,40,62,40,24,33,20,16,15,17,21,11,63,61,38,35,15,11,15,43,34,20,26,49,15,58,22,45,33,32,47,44,43,27,72,55,27,39,34,37,30,45,16,19,30,36,54,35,39,28,15,26,36,43,19,12,12,23,12,18,31,9,20,31,29,69,39,25,22,18,49,31,27,23,17,54,11,38,25,37,3,19,40,55,4,22,39,5,13,11,55,40,8,8,45,16,9,-20,6,5,12,-20,59,8,10,48,16,11,45,8,7,8,42,48,69,5,7,7,5,-20,6,8,56,14,9,47,9,17,7,17,35,44,38,11,18,39,138,57,8,8,13,10,13,12,-20,4,-20,21,81,80,79,58,21,44,28,22,36,247,30,22,37,9,65,16,41,52,31,24,69,40,13,9,20,35,55,33,41,20,19,20,50,46,86,34,34,64,19,30,117,35,66,47,33,17,105,37,28,17,23,32,32,41,27,40,24,19,55,37,41,39,62,73,19,39,36,24,33,23,33,33,25,43,26,32,27,23,55,33,24,23,12,21,23,43,36,42,37,42,51,24,30,35,38,17,21,25,70,34,38,61,32,43,38,31,50,104,43,106,23,21,18,28,5,45,22,14,24,23,18,40,18,33,102,91,87,4,11,8,27,3,10,3,14,37,45,3,46,40,40,49,39,55,12,17,12,10,28,136,19,40,18,30,22,20,7,18,15,38,19,16,14,11,30,15,18,39,81,17,14,32,38,20,17,10,10,17,28,9,14,13,12,25,5,6,12,11,26,17,17,17,16,23,19,20,16,12,8,18,22,17,9,61,18,17,14,57,13,17,15,11,9,17,38,22,25,32,13,24,13,8,16,13,6,19,5,15,73,15,16,16,18,33,36,14,19,20,28,18,14,16,20,20,12,7,9,4,10,7,13,16,12,14,11,36,31,14,27,30,22,10,125,29,30,24,17,10,13,26,9,16,8,7,22,13,38,13,23,13,64,32,8,10,20,9,20,26,25,12,11,-20,24,16,40,12,12,11,17,14,-20,9,14,15,31,9,10,9,67,40,39,26,12,12,6,17,19,20,19,23,14,16,30,23,43,26,10,26,14,12,4,9,16,18,51,3,22,9,21,4,15,29,14,12,47,45,52,57,23,46,32,5,5,46,39,8,8,54,13,18,33,34,11,13,48,12,-20,17,17,10,23,32,59,19,12,22,13,17,24,30,44,21,21,9,15,7,17,17,50,15,13,38,48,31,11,17,46,10,95,16,27,16,17,30,20,17,15,35,35,28,29,54,54,40,38,28,43,40,11,32,12,11,34,9,13,12,14,28,20,15,16,29,14,27,16,15,6,45,14,16,10,18,22,26,22,19,20,20,6,7,7,41,40,11,83,33,62,62,44,23,36,30,62,72,38,43,46,59,55,-20,-20,52,35,11,53,41,131,30,18,22,42,46,43,36,33,43,48,40,46,95,6,39,29,164,42,49,53,38,36,22,11,24,15,18,10,15,18,15,9,14,15,-20,9,8,15,13,-20,12,14,12,18,18,5,13,15,7,11,12,14,19,17,15,15,12,10,12,14,13,11,23,19,19,14,28,-20,19,11,15,13,27,9,36,9,12,10,8,12,16,14,10,15,20,16,12,6,12,15,12,9,21,14,17,19,17,16,12,13,13,14,10,19,19,11,11,14,17,14,16,16,20,-20,5,5,12,15,10,10,11,11,18,11,13,7,11,8,8,13,15,8,9,9,8,8,10,6,12,9,19,8,4,10,14,18,9,8,17,-20,10,13,7,12,6,7,8,10,13,7,15,9,15,15,26,18,15,11,10,12,15,17,19,33,8,18,15,10,19,7,16,15,19,20,11,3,9,10,6,12,12,29,6,11,17,15,13,15,16,25,-20,22,7,16,23,18,8,11,9,15,15,6,15,3,-20,18,13,18,8,15,6,21,-20,24,9,11,9,9,11,6,12,12,8,11,8,10,9,12,9,11,23,21,7,13,8,22,15,8,94,6,24,19,15,15,35,21,27,36,28,17,15,29,22,23,10,14,15,11,19,20,30,20,27,15,9,20,19,35,16,24,17,26,13,25,19,15,10,19,16,15,12,11,12,10,11,12,17,-20,13,9,12,16,11,8,9,17,18,17,11,9,5,-20,14,21,11,12,22,9,12,14,10,19,7,16,20,14,19,12,13,15,12,16,21,8,4,14,12,4,12,-20,-20,7,7,9,16,10,16,14,26,20,4,20,14,15,17,11,15,14,9,10,22,26,15,16,44,-20,9,20,12,17,13,11,14,10,9,8,9,17,5,5,4,21,4,18,8,-20,6,12,8,8,14,4,4,-20,12,5,9,14,17,12,10,18,9,11,21,7,13,11,18,21,5,-20,9,11,28,13,29,12,19,20,11,9,19,34,20,13,16,5,6,20,10,4,15,15,14,9,26,13,11,26,13,9,-20,3,13,13,15,24,29,11,10,16,13,19,11,17,10,13,17,10,12,20,13,4,13,12,9,12,27,16,29,45,10,32,30,20,24,31,59,54,51,72,87,51,42,77,49,71
"chr4,7890637",-20,8,11,6,6,8,7,-20,-20,8,-20,21,37,25,13,18,39,17,104,87,62,13,61,41,64,40,26,33,21,17,15,17,23,10,66,61,38,33,15,11,15,44,33,20,21,46,16,59,21,43,33,32,46,44,39,29,75,56,29,40,33,38,29,48,17,20,32,38,55,37,42,26,15,27,37,45,20,10,12,21,13,18,31,7,22,30,29,70,37,21,20,19,50,33,27,23,15,50,11,40,23,36,3,19,41,53,4,19,37,4,13,11,57,42,8,7,46,16,9,-20,6,5,12,-20,58,6,10,46,15,11,45,8,7,7,42,48,74,6,6,7,5,-20,5,9,60,14,9,48,9,17,-20,17,35,42,41,11,18,38,134,56,8,8,13,8,13,13,4,4,10,24,81,84,79,59,21,39,29,22,36,246,31,21,40,10,63,16,39,51,32,23,63,39,13,9,20,31,56,36,38,20,18,19,51,44,87,34,38,63,19,28,117,35,66,43,32,18,107,38,29,16,25,31,32,43,24,36,23,19,57,37,39,40,62,76,22,40,36,35,35,23,32,40,21,45,28,32,29,22,56,35,26,23,11,23,25,42,36,41,38,36,42,25,28,33,41,17,21,25,67,36,40,59,31,41,37,31,52,108,38,101,21,19,17,28,5,44,24,16,23,26,18,40,21,34,101,84,86,4,10,-20,26,4,10,3,12,36,45,3,46,36,41,51,40,55,13,16,11,13,29,134,18,42,17,29,23,20,7,18,17,36,22,17,12,13,29,16,20,41,78,17,14,30,40,20,17,10,9,17,29,9,15,13,12,25,5,7,12,11,29,17,17,18,16,21,19,22,16,12,8,19,24,17,8,60,19,15,14,56,13,15,18,15,9,17,39,21,26,34,13,24,14,9,16,13,6,18,5,15,70,13,17,16,17,32,35,13,19,22,28,18,16,15,20,20,12,7,9,4,9,6,14,16,15,13,11,36,33,16,28,31,22,10,126,28,31,23,17,10,13,24,9,15,8,6,23,12,39,13,22,15,60,32,-20,10,20,9,20,25,23,11,11,38,26,14,39,12,13,8,18,14,-20,8,16,14,33,9,10,9,70,42,36,27,13,11,7,18,18,17,20,22,14,17,26,24,42,25,10,25,14,13,4,9,16,19,49,3,23,9,23,4,15,31,12,11,47,45,52,60,21,48,30,5,5,50,39,8,8,50,13,18,33,35,10,13,48,11,8,15,18,10,24,33,59,19,11,21,14,16,21,30,47,21,21,10,15,7,17,18,47,15,13,37,50,32,10,17,46,12,94,15,26,19,17,29,20,17,16,34,35,28,28,55,53,39,40,26,47,38,11,32,11,11,32,9,13,11,14,29,19,15,15,29,12,27,16,15,6,44,12,16,11,19,20,26,22,19,20,20,5,7,7,42,34,11,80,34,62,65,42,21,33,29,60,69,38,44,48,64,62,33,108,54,36,11,55,38,131,25,18,23,41,47,43,35,36,42,50,45,51,92,6,39,28,166,41,50,52,39,36,21,11,24,15,18,10,16,18,16,9,14,15,-20,8,8,15,13,-20,12,12,12,18,17,5,12,14,7,10,11,13,19,16,15,15,14,10,14,14,13,11,21,19,19,14,29,-20,17,11,16,13,28,9,33,9,11,11,8,10,16,13,10,14,20,17,12,6,11,15,12,9,22,14,17,19,13,16,13,11,13,14,10,20,19,11,14,12,15,13,15,16,20,9,5,5,12,15,10,10,11,11,17,11,13,7,11,8,8,13,15,8,9,9,8,8,9,6,12,9,19,8,4,10,14,17,9,8,16,-20,10,12,5,12,-20,7,7,10,12,7,14,8,14,14,23,18,-20,10,12,12,15,17,19,32,8,18,14,10,19,7,15,15,19,20,11,3,10,10,6,12,11,28,6,10,16,14,13,15,15,25,-20,22,7,17,23,17,9,11,8,15,16,6,15,4,-20,18,13,18,8,13,6,20,-20,23,10,11,9,9,11,6,12,11,8,11,8,9,10,12,9,9,22,19,7,12,7,21,16,7,94,6,23,19,15,13,36,20,27,36,27,16,15,27,23,24,10,14,14,11,19,20,32,20,27,15,10,20,15,35,16,23,15,24,13,23,18,15,9,17,16,16,12,11,12,11,11,11,17,-20,13,9,11,16,11,8,9,16,18,16,11,11,5,9,13,18,11,12,22,10,12,14,10,20,7,16,19,13,19,11,13,16,11,17,18,7,4,14,12,4,12,-20,-20,7,7,9,15,11,16,11,25,19,3,19,15,15,17,10,15,15,9,-20,22,26,14,16,43,-20,8,20,12,17,12,10,15,12,8,8,8,17,5,4,4,21,4,20,7,5,5,10,7,8,13,3,5,-20,11,5,8,14,15,12,9,17,9,11,23,6,17,11,18,20,4,25,8,10,28,12,29,13,20,20,11,10,19,31,20,11,15,5,7,-20,-20,-20,15,15,14,10,25,13,8,27,15,8,-20,3,14,13,14,24,26,11,9,18,14,21,12,16,9,12,18,10,13,20,15,4,11,15,9,14,28,16,30,45,11,34,29,19,23,31,61,56,50,54,87,51,42,76,48,70
"chr4,7890639",-20,7,11,5,6,8,7,-20,-20,8,-20,21,36,24,13,18,40,18,103,87,63,13,60,41,64,40,25,35,21,17,15,17,22,10,63,60,39,34,15,11,15,43,33,21,21,46,15,58,21,42,32,31,47,46,38,29,74,55,28,40,37,37,29,49,17,19,34,36,55,36,41,25,16,27,37,46,20,10,12,22,11,19,31,7,22,30,28,70,37,21,20,19,48,32,28,23,14,50,12,40,22,38,3,17,42,56,4,21,37,4,13,11,57,39,8,7,47,16,10,-20,6,5,12,-20,57,6,10,49,15,10,45,7,7,7,39,47,74,6,5,6,5,-20,5,-20,59,14,9,47,9,14,-20,17,35,41,42,11,19,38,135,44,8,8,12,8,12,13,4,4,11,24,80,83,79,58,21,41,29,21,35,247,31,21,40,10,62,16,39,52,33,25,71,39,13,9,20,31,55,36,38,18,18,18,51,44,87,33,37,70,17,26,117,39,70,49,32,19,109,36,32,-20,24,33,32,42,26,34,23,20,56,37,40,44,64,75,23,44,36,32,36,23,32,41,22,45,30,33,28,23,56,35,26,22,12,21,25,43,35,42,38,37,41,23,28,33,41,19,20,25,65,36,39,59,32,43,39,32,50,108,38,97,22,19,17,26,5,41,25,15,23,26,18,39,19,35,97,77,89,4,10,-20,24,4,10,3,11,36,42,3,45,37,42,52,41,55,13,16,12,13,29,133,18,40,17,28,24,19,7,19,17,39,22,17,12,15,31,16,23,41,76,15,14,-20,40,21,17,11,8,17,28,9,14,13,12,29,5,8,11,11,31,17,17,20,17,20,19,22,15,11,8,19,23,18,8,58,20,16,13,57,13,15,19,15,10,17,38,21,26,36,12,26,13,9,17,13,6,20,5,16,71,12,15,15,17,32,35,13,19,22,30,18,17,14,20,21,10,7,9,4,9,6,14,16,15,12,11,37,33,16,28,31,22,8,129,27,36,22,17,10,12,24,9,15,8,6,24,12,40,13,22,15,63,35,-20,10,18,9,20,25,23,13,11,38,27,14,39,11,12,8,18,15,-20,8,17,14,33,10,10,8,72,42,35,26,13,11,7,18,17,17,19,22,14,16,28,26,42,25,10,26,13,13,5,9,17,20,49,3,25,9,23,4,14,32,12,10,48,46,52,60,22,48,30,4,5,49,38,8,7,50,13,18,33,33,9,13,45,10,-20,16,18,11,24,32,57,19,11,22,13,15,21,29,48,20,19,-20,17,7,17,16,46,14,13,35,50,30,10,16,46,12,96,16,24,20,16,28,21,17,17,34,35,29,28,52,52,38,38,25,47,40,11,31,12,11,30,9,-20,11,14,29,19,13,16,29,11,27,16,15,5,44,10,15,11,19,20,25,21,18,20,20,5,6,8,42,31,11,81,33,60,66,46,22,32,31,56,71,42,45,50,64,63,34,113,54,38,13,56,39,134,25,18,24,44,45,43,36,37,41,51,46,54,103,6,39,28,164,42,48,52,42,36,21,10,23,16,18,10,16,19,16,9,15,15,-20,8,8,15,13,-20,12,12,11,18,17,4,11,14,7,10,11,13,19,16,14,13,14,9,14,14,13,11,21,20,19,14,26,9,17,11,16,13,27,10,32,9,11,11,8,10,15,13,10,13,19,16,12,6,11,15,12,9,22,12,18,18,13,16,13,10,12,15,9,19,19,11,14,12,15,14,14,16,20,9,5,5,12,15,9,-20,11,12,18,11,13,7,11,7,8,12,15,8,8,9,8,8,9,6,12,9,18,8,4,10,14,17,8,7,16,-20,9,12,5,10,-20,7,7,10,12,7,13,8,15,15,24,18,13,10,12,12,14,17,19,33,8,18,14,10,-20,7,15,14,18,20,11,3,10,10,6,14,11,27,6,11,15,12,11,15,14,25,-20,22,7,18,23,17,8,10,9,15,15,6,13,3,-20,18,13,18,-20,12,6,22,-20,23,9,10,-20,7,11,6,11,11,8,11,8,10,10,11,-20,8,22,20,7,11,7,22,16,7,95,6,23,18,15,14,36,20,27,35,27,15,14,25,23,25,10,14,14,11,19,20,31,20,27,15,10,20,15,34,15,23,13,22,14,22,16,15,9,17,17,16,12,11,12,11,10,10,16,-20,13,9,11,16,11,8,9,15,19,16,11,11,5,10,13,18,11,12,20,10,12,14,10,20,7,15,18,13,19,11,13,16,11,17,16,7,3,14,12,4,12,-20,-20,7,7,9,14,10,16,11,24,19,3,19,12,14,17,10,13,15,9,12,22,26,14,16,40,-20,9,20,12,17,12,10,15,12,8,8,8,17,5,4,4,22,4,19,7,5,5,10,7,8,13,3,5,-20,11,5,8,14,15,12,8,16,9,11,21,5,16,11,15,19,5,25,9,11,23,9,29,13,19,20,9,-20,19,27,20,10,13,-20,7,21,9,3,16,14,14,10,22,13,6,23,14,7,-20,3,12,12,12,20,23,12,7,19,14,18,12,11,9,10,17,8,11,20,16,-20,9,13,9,12,24,16,30,45,11,37,29,18,23,35,62,55,50,53,94,52,45,77,50,67
"chr4,7890640",-20,7,10,6,6,8,7,6,-20,8,-20,21,36,23,13,18,40,18,102,87,66,13,60,41,63,40,26,35,21,17,15,17,21,10,61,59,39,33,15,11,15,45,31,24,21,47,15,60,21,42,32,31,47,-20,-20,29,74,-20,30,38,39,38,30,49,17,20,34,37,54,34,40,25,16,27,37,44,21,10,13,22,11,20,32,7,22,29,28,71,37,21,20,19,48,32,27,22,15,50,12,39,20,39,3,17,42,57,6,21,37,4,13,11,57,39,9,7,46,-20,10,-20,-20,5,13,-20,57,6,10,44,15,10,45,7,7,7,39,45,73,6,5,6,6,-20,5,9,59,14,9,47,9,14,-20,-20,-20,-20,41,-20,19,38,135,44,8,8,13,8,-20,13,-20,4,11,24,82,79,78,-20,21,40,29,21,35,238,31,22,40,10,63,16,39,51,35,23,70,39,14,9,20,31,53,38,33,17,18,18,52,44,87,31,37,65,17,28,116,39,70,52,31,20,107,35,32,17,24,34,-20,42,26,34,25,22,55,37,39,43,63,77,23,45,36,32,35,24,29,42,21,45,29,33,31,23,60,33,26,23,12,21,25,39,-20,42,35,37,39,24,28,33,41,19,21,26,62,36,38,60,32,43,-20,-20,50,108,38,97,23,18,17,26,-20,41,25,15,23,26,-20,40,19,34,96,76,91,4,10,-20,25,4,10,3,12,34,44,3,45,36,42,52,41,56,13,16,12,11,26,132,18,41,17,27,24,19,7,19,18,38,22,16,12,15,30,16,23,41,75,15,15,28,40,21,-20,11,-20,17,28,-20,14,13,12,28,5,8,11,-20,32,-20,17,20,17,20,19,24,15,-20,9,18,23,19,8,-20,20,-20,13,58,13,15,19,15,10,18,37,21,26,35,11,25,13,9,17,12,6,20,5,17,70,11,-20,15,19,31,35,-20,20,-20,30,19,17,-20,20,21,10,8,9,4,9,6,14,16,15,12,12,37,34,16,28,31,22,-20,129,28,36,22,16,10,13,23,10,15,8,6,25,12,-20,13,21,16,67,35,-20,10,18,9,20,26,22,13,11,37,26,14,39,11,-20,8,18,15,-20,8,17,15,33,10,10,9,72,42,34,24,13,11,7,-20,17,17,18,24,14,15,29,27,41,27,10,26,12,13,5,9,17,20,49,-20,26,9,24,4,14,32,12,10,48,47,52,59,23,48,32,4,5,48,37,8,7,50,13,18,36,-20,9,11,-20,11,8,16,18,-20,24,32,56,18,-20,22,13,15,20,29,46,19,19,10,16,7,17,17,46,15,13,37,50,31,10,16,48,12,95,17,23,21,16,29,21,17,17,34,34,28,27,53,53,38,37,25,46,40,13,31,12,10,31,9,13,11,14,28,19,13,16,29,12,28,16,17,5,45,10,15,11,19,20,25,21,19,21,20,5,6,8,-20,-20,12,84,33,60,68,46,22,33,31,55,72,42,43,49,63,62,33,109,56,38,13,-20,40,134,25,21,26,44,46,43,36,39,41,50,46,55,101,6,39,28,166,42,48,53,44,37,21,10,26,17,18,11,16,19,16,9,15,14,-20,8,8,15,15,-20,12,12,12,18,17,4,11,15,7,10,11,13,19,16,14,13,13,9,14,14,15,12,21,20,18,14,26,9,17,12,15,13,27,10,30,9,11,11,8,10,17,12,10,13,19,16,12,6,11,15,12,9,21,12,18,18,13,17,13,10,14,15,9,19,19,11,14,13,15,14,14,16,20,9,5,5,12,16,9,-20,11,12,18,12,14,7,11,7,8,13,15,8,8,10,8,8,9,6,12,9,18,8,4,10,14,17,8,7,16,-20,9,12,5,10,-20,7,8,11,14,7,14,8,15,15,24,18,13,10,13,-20,14,18,-20,33,8,18,14,11,19,7,15,14,18,20,11,3,11,10,6,14,11,27,6,11,15,12,12,15,14,25,-20,22,7,18,23,17,8,11,9,15,16,6,13,3,-20,18,13,17,8,12,6,23,-20,23,10,10,-20,-20,11,6,11,12,8,12,8,10,9,11,9,8,22,21,7,11,7,22,16,7,93,6,23,18,16,14,36,20,27,35,28,-20,14,26,23,25,11,-20,-20,12,19,20,31,20,27,14,-20,20,15,34,15,23,13,22,14,22,16,16,9,18,17,16,12,11,-20,12,11,10,16,-20,13,9,11,17,11,8,9,16,20,18,11,12,6,10,13,18,11,13,20,10,13,13,11,20,7,15,17,13,19,11,14,16,12,17,16,7,3,14,12,4,12,-20,-20,7,7,9,15,10,17,11,24,20,3,19,12,14,17,10,13,15,-20,12,21,26,14,16,41,-20,9,20,-20,17,12,10,17,12,8,8,8,17,5,4,4,23,4,19,7,5,-20,10,7,9,13,3,5,-20,11,5,8,14,15,13,8,17,9,11,22,6,14,11,17,18,5,22,7,11,25,10,29,13,19,20,10,10,19,28,20,10,13,5,6,21,8,2,14,15,13,10,22,13,9,23,15,8,-20,3,13,12,14,21,22,-20,7,18,14,-20,11,13,9,10,18,9,11,20,13,-20,11,12,8,12,25,16,30,46,11,37,28,17,23,35,65,54,50,54,90,-20,-20,77,49,66
"chr4,7890643",-20,6,12,7,-20,8,7,7,-20,9,-20,19,37,22,12,20,36,19,101,85,67,14,56,40,63,40,25,30,20,15,15,16,20,9,60,59,40,35,15,11,15,39,30,23,22,49,12,60,22,38,32,34,46,46,33,27,74,53,30,37,39,37,31,49,15,20,35,37,56,34,42,25,16,28,36,47,23,10,14,22,11,21,31,-20,23,30,28,72,38,23,21,21,49,32,28,22,15,49,12,40,20,38,3,18,41,56,5,17,35,4,13,10,59,40,8,8,47,18,10,-20,8,5,13,-20,58,-20,11,47,15,10,44,7,7,8,38,45,73,7,6,5,6,-20,7,9,53,15,8,48,10,14,-20,19,34,38,36,10,17,38,134,44,10,9,11,8,14,15,5,6,10,25,81,80,78,58,20,44,29,22,32,244,30,20,37,10,59,19,39,47,34,21,72,40,12,9,19,30,54,42,32,16,20,19,52,46,87,29,38,64,17,26,112,35,64,55,31,20,102,34,34,-20,25,35,29,42,24,34,27,20,52,38,41,43,62,77,25,45,38,32,36,24,28,45,24,46,31,39,31,25,61,35,29,23,12,21,26,40,35,41,35,36,37,25,28,32,39,20,20,27,64,37,37,68,34,43,42,28,49,103,37,100,22,17,16,25,5,41,24,16,23,26,14,41,18,35,101,76,94,5,10,-20,23,6,10,3,12,37,43,4,45,37,46,50,39,55,12,16,13,11,25,129,17,40,17,25,24,19,7,19,18,39,23,16,12,14,30,15,23,40,79,16,14,29,38,21,17,11,-20,16,31,-20,15,13,12,31,4,9,12,11,31,19,16,20,17,20,17,26,15,9,9,17,23,19,8,59,20,17,13,58,13,15,20,14,10,16,36,22,24,32,11,25,14,9,16,11,-20,21,7,17,71,11,15,14,20,27,34,14,20,22,29,20,17,14,19,22,11,9,10,-20,9,7,13,16,15,11,13,37,33,16,27,32,21,7,130,27,34,22,16,10,20,22,12,15,8,7,26,13,36,13,22,16,65,31,5,10,18,9,21,25,20,14,11,36,28,-20,39,9,11,8,17,15,-20,7,17,15,34,8,10,9,74,41,34,26,12,11,7,17,18,19,20,25,13,16,25,25,40,29,11,26,12,13,6,9,15,20,49,3,25,9,24,5,12,36,12,10,48,46,49,57,22,48,31,4,5,46,37,8,8,50,12,17,36,30,9,11,42,10,-20,15,17,-20,23,35,58,17,12,23,13,17,18,30,49,19,18,10,-20,5,17,19,47,16,13,36,48,29,10,18,52,13,90,15,20,21,17,28,19,16,17,35,36,29,27,54,52,39,35,24,48,38,15,31,11,10,33,-20,13,12,14,26,19,13,16,32,15,32,17,19,6,47,10,17,10,20,21,21,21,20,23,21,5,6,8,42,40,12,84,30,63,68,46,24,34,32,51,73,44,43,49,64,58,33,112,57,40,12,57,40,134,26,22,25,44,47,40,35,38,42,50,44,56,91,6,38,28,152,44,48,52,47,37,21,9,27,17,18,11,16,18,16,8,16,13,-20,8,6,16,16,-20,13,12,11,19,17,4,11,16,7,10,12,14,21,16,15,13,16,9,17,13,15,12,21,19,20,14,25,10,16,12,16,14,26,10,28,9,11,9,8,10,18,-20,10,14,19,17,13,7,12,15,13,8,24,12,16,17,11,19,13,12,15,16,9,20,20,12,16,14,15,15,13,17,21,11,5,5,12,15,9,8,11,11,17,12,14,9,11,9,8,13,15,9,8,10,8,8,10,7,15,9,18,9,3,15,12,16,9,7,18,-20,11,12,5,11,-20,8,8,12,14,6,16,8,16,17,24,15,12,8,13,12,12,18,19,39,9,18,12,11,18,8,17,14,20,21,11,3,11,12,7,17,12,27,6,13,16,12,11,15,16,25,-20,22,7,17,21,15,9,15,9,15,17,6,12,-20,-20,19,15,21,8,12,6,23,-20,22,10,11,11,-20,12,7,11,12,8,14,8,12,9,9,10,7,22,21,8,12,8,22,16,8,94,6,24,21,18,14,38,20,29,33,28,17,16,26,21,27,12,14,14,13,20,22,34,21,26,15,11,20,15,35,14,25,14,24,17,23,17,15,8,18,16,14,15,10,10,12,11,10,17,-20,13,7,10,16,11,8,8,15,21,17,10,13,8,-20,13,18,11,13,18,10,13,14,11,21,8,15,19,14,18,12,13,16,11,16,16,7,4,15,13,4,13,-20,-20,8,8,11,14,9,16,12,24,20,5,19,12,15,17,11,13,14,10,12,21,25,14,17,41,-20,10,23,13,17,12,12,18,12,8,7,8,17,5,4,4,25,4,19,7,5,6,10,8,9,14,3,5,-20,11,7,7,15,14,14,9,16,9,12,20,6,14,12,16,21,5,20,-20,13,23,9,27,12,22,22,11,9,18,26,19,9,13,4,-20,21,10,3,15,13,13,11,15,-20,-20,24,12,5,-20,3,10,11,12,17,21,12,8,16,12,21,14,12,9,9,15,10,11,20,11,2,7,11,9,12,24,16,30,48,11,35,25,16,24,35,64,54,50,54,86,56,49,73,48,66
"chr4,7890648",-20,6,12,7,6,8,8,9,4,9,-20,20,37,25,11,20,36,17,102,81,64,15,58,43,63,37,23,30,19,16,15,16,19,9,63,53,41,36,15,11,14,38,28,19,22,49,15,60,21,39,33,29,47,46,36,27,74,52,33,37,39,33,33,47,15,21,34,38,52,35,42,29,16,26,34,45,23,10,14,21,11,20,31,-20,21,32,29,73,43,20,21,20,51,30,28,28,14,52,14,44,22,35,3,18,39,54,5,16,32,4,11,10,62,43,8,10,46,20,10,-20,8,5,12,3,59,6,10,46,15,11,44,7,7,8,36,45,74,7,7,6,6,-20,7,9,56,15,10,50,9,14,-20,20,37,38,41,11,19,37,137,44,12,9,11,9,13,15,5,6,11,21,80,80,76,54,19,48,29,20,30,226,28,21,37,12,84,18,36,50,32,22,78,40,14,9,19,30,55,41,35,20,20,19,52,49,82,29,39,75,17,27,118,35,62,54,32,21,109,38,37,17,28,35,29,44,24,34,31,20,52,41,38,41,56,77,27,48,35,30,36,22,27,45,22,44,30,39,31,24,52,39,28,25,15,22,25,42,33,40,34,40,30,24,30,28,43,20,21,31,68,34,35,65,35,39,50,34,52,98,34,99,21,17,16,28,6,41,24,17,24,29,17,42,16,33,100,76,99,5,10,6,26,6,10,3,11,35,43,4,41,37,46,49,41,49,10,19,14,12,24,129,18,43,16,24,24,18,7,21,17,37,24,16,12,15,33,14,24,41,84,17,14,29,40,18,20,11,8,18,31,9,19,13,11,31,6,8,12,9,34,18,16,21,17,21,16,22,15,9,12,15,22,18,8,56,20,17,14,61,14,16,19,13,10,16,32,22,26,27,10,26,12,11,17,11,6,20,5,15,73,11,15,16,18,28,33,16,18,25,28,20,16,14,18,20,11,9,11,5,8,7,14,16,17,11,13,40,28,18,26,28,21,10,141,27,32,23,18,10,19,21,10,17,6,8,25,13,33,14,23,16,62,33,5,10,18,12,21,25,20,14,12,30,26,14,37,11,12,8,19,14,6,8,20,13,34,9,10,8,77,42,34,25,12,11,7,16,17,21,20,27,14,16,27,20,40,25,10,26,13,12,7,7,15,19,50,3,23,9,25,4,10,37,15,11,49,46,47,60,19,50,33,4,5,51,41,8,-20,54,13,19,32,29,10,11,43,11,9,17,17,9,24,36,53,19,13,27,14,20,16,28,51,19,17,8,16,5,17,18,48,15,14,37,47,30,11,19,51,14,93,16,19,22,19,28,17,14,17,30,38,28,25,58,53,38,34,21,53,40,14,32,12,10,31,11,13,13,13,26,18,14,16,31,14,33,18,22,5,42,10,17,11,19,19,20,19,17,23,20,5,7,8,40,41,13,84,28,64,68,51,22,35,33,52,76,44,45,54,66,57,33,118,60,39,12,59,38,134,24,20,-20,43,48,40,33,41,45,57,40,59,78,5,42,31,155,42,49,53,55,42,22,11,27,18,18,11,17,19,17,8,18,11,-20,8,6,15,17,-20,13,12,11,16,18,4,12,16,7,12,14,13,21,16,17,12,19,8,17,15,17,12,21,18,20,12,24,13,15,13,19,14,27,9,28,9,9,8,8,10,19,-20,9,14,18,16,13,7,12,15,13,8,24,10,15,15,12,18,13,13,15,16,12,23,19,11,16,12,15,15,11,18,20,12,5,6,12,15,10,9,10,9,17,13,14,9,9,9,8,11,14,7,9,10,8,9,11,8,15,10,20,9,3,16,12,16,10,7,17,5,12,13,5,12,5,7,9,13,14,6,17,9,15,16,21,13,12,8,14,14,11,18,20,36,9,15,12,11,14,8,17,15,21,21,10,3,11,11,7,17,11,26,6,13,14,12,11,16,15,25,7,22,7,16,20,14,8,15,10,16,18,6,12,-20,6,19,14,22,8,13,6,23,-20,22,10,12,9,7,12,7,8,13,8,12,8,12,8,11,10,6,21,21,7,12,12,22,15,9,91,6,25,20,18,14,37,22,29,28,26,18,15,24,21,26,12,14,15,14,22,23,36,21,25,14,10,19,16,36,14,26,14,24,17,24,16,15,10,17,17,12,15,11,10,12,11,10,17,-20,-20,7,9,13,13,9,7,17,23,16,10,12,9,8,13,18,12,14,17,9,13,14,11,21,8,16,18,15,17,13,12,16,11,17,16,7,4,13,12,4,14,-20,-20,8,8,11,12,9,16,12,22,18,7,19,10,14,15,8,13,14,10,12,21,25,14,17,42,-20,10,25,13,14,14,11,18,12,8,6,8,15,5,4,4,21,4,18,8,6,7,9,9,9,14,3,5,-20,11,7,7,12,16,14,7,15,9,11,24,5,15,13,19,14,4,20,9,13,22,9,28,15,24,22,12,10,18,22,18,8,14,4,5,19,11,-20,17,11,12,10,17,9,8,20,17,6,-20,5,11,13,-20,17,23,13,10,16,12,18,14,10,6,5,12,11,9,16,10,4,7,12,10,10,26,16,31,49,11,37,25,16,23,34,62,54,40,55,88,57,46,74,47,68
"chr4,7890658",-20,6,10,8,7,9,6,9,5,9,-20,20,32,26,11,25,38,19,101,80,61,15,58,43,57,41,24,31,22,17,19,13,18,9,68,52,39,36,15,12,12,41,28,21,24,49,14,60,17,42,41,26,45,42,39,26,80,51,31,40,40,33,36,44,16,18,33,44,48,32,39,33,18,34,33,47,21,9,17,17,11,22,34,7,19,33,31,77,41,17,22,23,58,27,27,32,14,53,12,46,25,33,5,15,41,59,5,18,33,4,11,11,66,44,8,7,44,18,10,-20,7,5,15,4,58,7,9,44,16,8,44,6,5,9,35,49,73,8,-20,4,7,-20,7,12,53,14,10,44,9,12,3,25,34,42,36,15,-20,44,131,47,-20,6,12,7,13,15,4,5,14,19,80,83,74,50,17,47,23,19,22,232,30,23,37,13,82,15,35,47,33,24,82,40,13,-20,16,30,49,37,30,23,17,18,46,52,85,31,62,67,17,26,105,34,62,48,31,25,104,32,41,20,31,35,39,40,28,42,30,21,-20,41,40,41,55,63,31,50,39,29,38,20,28,44,23,51,30,38,34,27,46,35,37,28,16,23,24,42,36,31,37,38,35,21,28,33,42,19,20,29,70,39,38,65,35,36,49,28,55,120,34,82,18,18,16,33,-20,42,19,-20,19,26,20,39,20,29,92,74,104,6,9,5,-20,6,9,4,12,36,41,4,38,32,48,47,38,50,10,18,16,13,23,128,18,42,18,21,19,21,-20,23,18,32,21,19,15,14,34,11,24,41,75,16,15,33,38,16,20,13,9,19,31,9,19,14,12,32,7,10,10,10,32,18,15,21,18,24,17,20,14,9,17,14,19,17,7,54,19,18,14,64,13,11,19,13,10,17,30,25,25,24,10,25,10,12,17,10,-20,23,6,14,75,12,15,18,17,25,33,15,15,25,26,21,17,16,20,20,14,6,11,5,11,10,14,15,17,12,13,43,24,19,25,31,18,11,137,27,20,19,18,12,18,22,12,17,8,9,23,12,23,13,21,16,60,31,6,9,18,9,17,24,17,18,13,27,24,13,34,10,12,9,18,15,5,8,19,12,29,11,8,8,72,44,35,21,11,11,7,18,19,21,18,29,15,14,23,20,40,25,10,29,15,13,8,5,15,21,50,-20,25,10,27,7,13,36,14,13,45,45,45,55,17,54,36,4,5,53,43,8,7,54,11,20,33,32,10,11,44,12,6,16,20,8,30,32,54,14,14,28,17,-20,18,29,54,20,18,8,14,6,18,18,48,17,14,30,47,29,13,16,49,15,91,14,20,23,23,29,16,18,17,37,36,-20,25,54,54,39,35,20,52,37,13,30,13,10,33,11,14,13,11,26,19,15,13,31,14,33,21,20,4,41,9,18,11,18,18,20,19,19,19,18,5,7,7,48,42,16,88,27,60,65,54,21,35,37,60,71,40,47,54,66,60,36,120,62,37,12,55,39,138,24,20,25,51,43,37,35,43,43,57,41,58,80,7,34,36,155,47,53,50,51,37,26,11,28,15,18,13,14,15,18,7,17,11,3,9,6,13,18,-20,12,14,10,13,19,4,14,17,8,11,14,12,21,18,17,13,20,7,14,16,14,16,17,17,16,14,22,11,14,12,21,11,26,9,27,11,8,7,-20,10,17,-20,8,13,19,17,12,8,12,13,13,7,29,8,13,15,10,18,12,13,16,16,12,24,17,10,14,12,14,17,14,15,18,14,5,6,12,14,9,10,9,9,17,14,14,7,12,7,8,11,16,6,11,13,7,8,11,8,14,9,18,9,4,17,11,17,9,9,16,5,11,15,5,10,4,8,9,10,15,6,18,9,15,12,24,14,13,8,15,16,13,17,19,31,10,13,10,10,16,9,19,12,18,18,11,3,10,9,6,14,10,23,6,13,13,10,11,15,15,27,6,19,7,16,22,14,8,13,11,15,16,7,12,4,5,22,13,19,5,-20,6,21,-20,20,10,13,9,5,13,8,7,10,11,10,9,13,8,10,10,6,24,20,11,10,12,23,15,10,92,7,22,21,18,15,34,19,27,27,25,18,15,20,20,27,13,13,16,13,17,19,34,21,24,16,8,15,16,32,15,28,12,20,16,25,13,14,9,16,19,13,14,12,8,10,13,9,18,-20,13,7,9,12,11,10,6,16,21,14,11,12,9,6,11,13,11,9,17,11,12,13,10,21,9,16,19,15,14,13,12,12,12,16,18,6,4,11,12,5,13,-20,-20,6,8,9,12,9,16,14,18,17,8,16,11,12,15,7,13,12,9,14,21,22,14,15,37,-20,10,23,10,15,14,14,18,15,7,5,8,15,4,4,5,23,5,16,7,8,7,9,7,8,16,3,5,-20,11,6,-20,8,16,13,7,14,-20,11,21,-20,17,11,18,19,3,19,-20,13,13,10,23,14,23,21,13,10,11,20,16,7,13,6,3,17,12,-20,16,15,11,11,13,6,8,16,16,11,-20,6,7,13,7,19,23,11,8,17,11,19,15,14,5,8,6,12,8,13,11,5,-20,12,8,10,22,19,33,48,11,38,26,17,25,38,56,56,29,56,85,56,55,74,49,66
"chr4,7890662",-20,7,11,8,8,9,7,9,6,9,-20,20,31,27,11,25,35,19,99,80,63,15,57,43,55,41,27,31,21,16,20,16,18,8,64,51,41,34,17,11,11,42,29,20,24,52,13,68,16,42,37,28,45,44,40,27,78,48,28,40,40,31,38,42,14,19,35,49,48,34,39,34,17,34,35,49,21,10,17,22,11,21,31,6,20,32,30,74,41,17,21,24,59,29,27,31,13,53,14,46,26,32,5,14,41,60,4,18,34,4,14,11,66,45,8,7,41,17,10,-20,7,4,19,4,56,6,10,41,13,9,41,6,5,8,33,53,70,7,7,5,7,3,7,11,55,16,10,44,9,12,-20,28,38,39,38,15,17,41,131,44,10,6,13,8,12,15,4,6,14,18,76,84,70,49,19,45,23,19,23,220,33,24,-20,14,65,14,34,50,32,24,78,38,13,13,18,28,48,34,33,24,18,19,44,55,88,32,67,67,16,26,104,33,64,46,32,26,106,33,42,22,33,36,39,41,30,42,30,19,51,39,39,40,57,66,30,50,38,28,37,22,28,43,22,51,32,37,31,25,42,39,38,31,16,24,-20,-20,37,35,36,40,-20,19,29,32,43,19,19,25,65,38,36,69,40,36,45,31,54,-20,-20,-20,19,17,15,32,7,42,19,16,19,-20,21,39,20,29,78,74,101,5,9,5,29,6,8,4,12,35,40,4,39,36,50,46,41,54,10,18,17,13,23,130,17,41,21,24,14,22,9,25,17,33,20,20,15,15,37,13,24,41,76,14,14,33,36,17,20,14,9,16,32,9,19,13,12,33,8,10,10,10,31,18,14,23,18,24,14,22,17,9,17,15,20,16,7,55,20,17,15,68,14,10,21,13,10,17,28,25,26,22,11,26,9,12,17,10,6,25,6,15,84,14,-20,19,17,24,33,15,15,24,26,21,15,18,19,20,16,6,9,6,11,10,14,15,17,13,13,43,23,19,24,32,19,10,146,28,21,19,19,13,18,24,12,16,8,8,23,12,25,12,22,17,60,30,5,8,18,10,17,25,16,16,13,27,23,10,31,9,12,10,18,14,5,7,19,13,29,12,8,8,70,47,33,21,12,10,7,19,21,22,18,29,16,13,20,21,40,20,10,26,14,11,8,6,15,21,48,-20,23,10,29,7,14,39,14,13,47,47,44,54,18,54,37,5,6,53,41,7,7,58,11,20,34,30,11,10,38,11,-20,15,19,-20,29,33,53,-20,14,26,17,17,20,28,61,25,15,8,14,6,16,20,49,15,15,31,50,29,13,15,43,14,92,14,20,23,23,26,16,20,18,34,37,28,23,53,55,39,35,18,49,38,14,30,13,10,34,11,14,12,13,26,19,15,12,32,14,34,20,20,4,46,9,18,10,16,18,19,22,20,20,18,7,7,9,48,43,16,81,30,60,66,53,22,33,35,-20,71,42,48,55,66,57,-20,-20,63,40,12,52,39,134,23,20,25,52,41,39,38,42,45,59,44,58,89,7,40,37,157,48,56,51,49,39,29,11,29,15,19,13,14,14,17,7,18,10,3,9,8,14,19,-20,12,14,10,14,20,5,14,16,8,10,15,11,20,19,18,13,18,8,14,15,14,18,17,17,16,12,22,11,13,14,21,12,25,9,28,12,8,7,7,10,17,-20,8,14,19,17,11,9,14,12,12,6,25,12,14,14,11,16,15,13,16,16,13,22,16,9,16,11,10,17,14,14,18,14,5,8,12,14,9,10,9,8,18,14,14,8,13,7,10,12,15,5,11,13,8,8,11,8,12,9,18,9,4,17,9,17,9,9,16,-20,11,15,5,11,3,8,9,9,15,6,18,8,15,15,25,14,13,7,15,16,15,16,19,32,10,13,10,10,20,8,20,11,19,19,12,3,11,9,6,14,10,23,8,12,13,11,10,16,15,24,6,18,7,17,21,14,9,15,11,16,18,7,13,4,5,21,13,19,6,13,-20,19,-20,22,11,15,7,4,15,7,7,10,9,9,10,13,9,10,12,6,26,19,11,11,14,23,16,9,95,7,22,20,19,16,37,21,26,27,25,19,14,20,22,26,13,13,16,15,18,18,37,22,24,15,8,17,16,32,16,27,13,19,16,26,13,16,9,15,17,14,15,13,8,10,13,9,18,-20,11,7,9,13,11,11,6,14,22,16,11,11,11,6,12,13,11,10,18,12,13,13,9,22,10,15,19,16,14,10,12,12,13,16,18,6,5,11,12,7,13,-20,-20,7,9,9,13,9,18,14,19,16,8,16,11,12,16,8,12,12,8,15,20,26,14,15,35,-20,10,23,10,15,14,14,18,16,6,5,-20,16,4,5,5,25,5,19,8,8,7,10,7,7,16,4,5,-20,11,6,6,8,17,13,7,16,11,12,21,-20,14,9,16,21,5,18,10,13,13,10,26,15,26,15,14,7,9,16,15,7,15,5,-20,15,12,-20,13,18,-20,12,15,6,7,16,17,9,-20,7,6,13,9,20,20,11,6,20,10,18,15,12,-20,8,6,14,6,17,9,7,8,12,10,13,26,18,34,43,11,37,28,16,28,36,56,56,34,56,85,53,56,69,54,64
"chr4,7890679",3,6,9,8,6,10,6,13,7,8,-20,20,34,30,11,24,33,17,104,73,66,12,62,47,58,41,26,26,20,18,21,15,21,12,67,51,36,35,21,10,15,45,28,18,20,45,14,66,11,30,26,28,46,50,35,27,73,46,31,42,43,39,36,36,17,16,34,46,53,34,45,37,16,33,38,52,24,9,19,25,12,20,29,7,21,34,33,77,42,15,24,22,58,34,21,35,14,56,14,43,32,36,7,15,41,68,8,22,27,5,15,11,66,47,6,9,31,-20,9,5,6,4,21,-20,59,6,10,41,11,10,34,7,8,8,30,50,65,7,8,4,6,4,8,11,59,13,11,39,7,13,3,25,29,35,52,16,17,36,150,32,13,6,13,8,9,15,5,8,18,17,88,78,59,46,18,45,14,21,24,-20,38,26,30,16,53,8,32,42,27,16,67,38,13,15,18,32,47,30,28,35,15,21,45,51,98,30,63,70,12,25,124,31,67,53,26,24,110,24,33,21,31,34,34,42,27,36,28,22,49,39,41,38,62,55,35,46,33,42,34,16,24,32,33,50,20,41,26,29,30,37,39,26,16,23,20,34,29,33,61,23,29,25,20,24,34,24,22,21,46,33,28,59,32,-20,43,28,53,108,27,66,16,13,11,36,7,33,15,9,12,18,20,36,20,26,67,33,76,5,10,5,32,7,9,6,11,35,43,4,38,39,50,46,46,61,10,14,17,15,22,132,18,42,20,22,15,23,10,23,16,37,25,21,14,14,38,15,26,39,73,20,13,33,34,18,21,23,-20,20,34,-20,20,14,10,40,10,11,13,9,27,16,16,18,20,22,14,24,20,9,-20,16,20,15,8,57,19,18,17,74,15,13,18,15,8,14,29,26,23,12,13,-20,8,16,17,14,7,23,8,15,91,15,19,19,22,25,33,19,-20,28,29,21,16,18,19,18,15,8,6,5,14,10,17,13,16,11,12,46,20,18,24,30,22,13,163,30,21,16,-20,15,18,23,13,15,7,8,22,12,21,15,20,20,63,28,6,7,21,14,14,28,15,14,-20,21,21,10,22,10,-20,11,24,17,6,7,-20,13,27,15,10,8,66,45,33,20,12,16,6,20,22,21,21,24,17,12,16,13,41,16,12,28,19,10,-20,-20,18,23,43,-20,27,9,25,9,13,42,12,10,42,44,47,60,18,58,38,-20,6,53,40,6,7,50,11,14,29,26,18,14,36,15,8,-20,15,8,26,27,43,13,14,24,14,-20,26,23,55,22,12,4,12,-20,-20,19,43,16,16,-20,43,23,14,19,44,17,95,11,17,19,20,20,15,16,19,41,41,-20,21,63,51,37,26,18,-20,35,13,30,15,9,35,10,14,13,13,24,17,16,13,36,16,32,20,20,6,46,7,23,11,17,17,16,23,20,25,20,7,7,10,44,42,15,76,-20,50,57,57,20,33,34,48,69,39,44,47,45,43,33,100,59,37,8,41,29,116,28,17,24,49,30,42,42,40,35,49,42,54,84,8,42,36,136,41,50,38,45,39,21,-20,30,13,21,16,14,15,15,6,16,9,5,9,10,14,20,-20,13,14,12,13,17,7,16,15,8,12,17,14,19,19,21,13,17,10,14,12,16,18,18,16,14,15,18,13,13,14,20,14,22,9,28,11,10,6,8,12,15,-20,-20,18,18,16,9,9,12,12,12,-20,23,11,13,16,13,16,18,15,14,15,12,28,12,9,16,11,10,19,13,15,18,14,5,7,12,11,9,9,11,8,19,14,13,7,12,6,10,13,17,4,10,14,6,10,11,7,13,8,20,9,4,19,8,15,10,9,17,6,14,13,4,14,4,9,12,11,13,7,17,8,18,16,25,13,15,7,15,16,15,-20,19,33,-20,15,13,10,20,8,20,10,20,17,12,5,12,-20,6,15,8,26,7,14,20,13,12,18,15,23,6,17,6,15,23,18,9,14,12,13,16,8,15,3,8,19,13,23,6,12,9,17,-20,25,10,14,9,5,15,9,8,10,10,10,8,15,7,9,11,5,29,18,11,15,14,23,17,11,100,10,25,20,21,17,39,23,24,28,26,20,13,21,23,26,15,15,20,17,19,21,33,24,24,17,8,20,18,31,18,26,15,19,18,24,16,15,10,15,18,17,17,13,11,10,14,9,19,-20,9,6,10,14,11,9,7,13,19,14,14,9,-20,8,14,12,9,15,17,13,13,15,12,24,6,15,19,18,17,10,12,-20,15,16,23,8,6,10,9,7,12,-20,-20,10,8,8,11,10,18,15,20,18,7,15,10,17,17,11,12,10,9,14,18,29,13,16,34,2,9,22,9,14,14,13,20,16,4,5,10,16,5,6,6,28,6,20,8,7,8,10,7,6,13,4,6,-20,11,5,4,9,17,14,7,13,10,15,25,6,8,7,12,-20,8,13,12,10,15,4,23,12,21,-20,11,-20,7,9,21,9,15,6,4,17,9,3,-20,-20,6,10,22,-20,10,14,16,11,5,6,8,10,8,20,14,9,5,15,8,-20,7,16,-20,8,5,11,7,19,15,13,-20,-20,11,9,25,19,32,42,13,38,29,17,29,35,57,62,53,71,89,46,64,59,57,53
"chr4,7890683",3,6,8,8,6,10,6,13,7,9,-20,16,34,34,12,24,31,18,108,71,68,12,62,45,59,40,26,27,24,18,21,15,21,14,65,51,34,34,20,8,16,43,28,18,24,44,13,66,12,32,24,29,45,50,-20,27,71,46,29,42,41,41,34,37,20,16,35,47,52,31,47,36,15,36,37,55,24,8,18,25,12,21,29,7,20,37,33,81,39,15,24,22,56,33,22,35,14,58,14,43,32,37,7,15,39,70,8,23,26,5,15,11,65,50,6,8,35,15,11,5,6,4,21,6,58,6,11,41,10,8,31,6,8,8,27,51,65,7,8,4,6,5,8,11,60,12,9,39,8,13,3,28,28,35,52,17,14,32,144,31,14,6,10,8,7,17,5,8,18,15,91,80,54,45,18,42,16,21,23,239,40,26,30,16,51,8,31,39,25,17,67,38,12,15,18,30,48,28,30,35,17,21,41,49,93,32,62,72,12,-20,124,30,67,60,24,23,106,24,30,22,30,32,35,40,27,42,31,23,45,42,40,37,62,59,34,45,25,40,33,17,25,34,33,52,21,39,25,29,29,35,40,26,15,21,21,35,29,37,59,25,31,24,23,25,38,23,22,23,46,37,31,59,32,29,41,28,52,122,27,71,17,14,12,38,7,33,17,9,13,18,22,33,21,31,68,33,71,5,8,5,35,7,9,6,11,34,47,4,38,37,48,48,44,63,11,14,17,17,22,133,18,42,-20,23,16,21,11,23,-20,36,25,21,15,16,39,15,27,38,68,22,13,35,37,19,21,21,8,19,34,9,21,15,10,39,10,11,13,12,28,16,17,18,19,22,13,28,23,8,18,15,20,15,8,60,19,18,17,72,14,14,17,15,8,13,28,28,24,14,15,26,7,16,18,14,8,24,8,15,91,15,20,19,21,24,31,19,19,29,30,20,16,19,17,19,15,8,6,6,14,10,18,12,18,12,12,46,19,18,25,31,22,13,161,31,20,17,18,14,18,23,13,16,7,8,21,13,16,17,20,20,63,29,7,6,22,15,13,27,15,14,16,23,20,11,24,10,9,10,24,18,6,7,21,12,24,13,11,9,68,41,33,20,12,15,6,23,22,23,21,27,20,13,16,13,40,15,10,28,19,9,14,10,18,23,42,-20,25,9,26,9,15,42,11,11,44,48,45,63,16,59,37,-20,6,57,39,5,7,49,11,12,33,26,18,13,37,17,8,18,14,8,25,27,41,11,15,25,16,13,27,28,56,24,11,4,13,6,15,20,43,16,18,28,41,25,15,18,43,18,97,11,18,19,20,19,17,14,20,40,39,-20,19,64,50,36,25,16,40,37,14,30,13,9,32,10,14,12,11,26,15,18,13,35,16,32,20,20,5,45,7,21,13,17,16,18,24,18,22,19,7,6,7,43,44,14,-20,27,56,58,58,19,31,32,44,73,42,44,51,43,43,34,98,62,39,6,42,24,116,29,17,22,47,31,45,40,43,33,46,43,54,83,8,44,44,116,42,49,40,42,37,22,12,29,12,20,16,13,17,15,6,16,8,5,9,11,14,20,-20,13,13,13,14,16,6,15,17,8,12,18,15,19,18,20,13,16,10,14,13,16,15,17,14,13,16,17,12,12,13,20,14,21,8,28,11,10,6,8,12,15,-20,-20,20,19,15,8,9,13,12,12,8,21,11,12,14,12,18,18,15,14,17,12,28,14,10,15,12,-20,18,13,16,17,14,5,7,12,11,7,9,11,8,18,14,12,6,12,7,9,13,15,3,9,14,6,9,11,6,15,9,20,8,4,20,7,14,9,8,16,-20,13,13,4,14,7,8,12,11,12,7,18,8,18,16,25,14,15,6,15,16,15,15,20,31,8,15,13,9,20,8,19,10,18,18,13,5,12,12,5,15,8,25,7,14,19,13,13,18,14,22,6,14,6,14,21,17,10,12,13,14,16,8,14,3,8,17,13,22,6,13,9,17,-20,23,10,10,9,5,16,8,9,10,10,12,8,15,8,9,10,4,28,19,10,15,13,23,17,13,98,11,26,21,22,18,40,22,22,27,24,20,12,22,23,27,14,15,19,17,18,20,34,25,23,17,8,19,19,28,16,26,14,17,20,23,15,14,10,14,18,18,16,14,11,11,13,9,19,3,9,6,10,14,10,9,7,13,20,15,13,8,11,8,14,11,10,15,16,12,13,15,12,25,6,14,16,18,16,10,12,13,14,16,21,-20,6,11,7,7,10,-20,-20,10,8,6,10,9,15,16,19,19,7,15,11,16,17,12,12,10,8,14,20,30,13,14,33,3,8,22,13,12,14,11,19,14,4,5,10,15,5,8,6,28,6,20,8,6,9,12,7,6,15,3,6,-20,12,4,5,9,17,14,8,18,10,12,24,9,8,10,11,23,8,17,14,11,15,4,29,12,20,13,14,8,6,11,-20,12,18,7,4,21,6,3,11,22,6,11,25,-20,11,14,17,11,-20,6,-20,13,10,25,10,8,7,18,8,17,-20,15,10,8,5,9,8,25,17,14,8,16,13,11,28,20,34,41,13,37,28,18,29,34,56,61,52,72,94,49,62,59,59,54
"chr4,7890686",3,6,8,8,6,10,6,15,7,9,4,16,32,33,13,24,32,18,109,76,68,12,62,45,59,42,27,28,23,19,21,15,21,14,63,50,34,34,20,8,14,47,29,18,24,45,11,67,12,31,24,29,48,49,36,26,71,46,30,43,42,40,33,37,20,14,35,48,53,31,45,36,15,35,35,53,24,7,17,25,12,21,26,7,20,39,32,84,39,15,25,21,57,34,21,35,14,55,14,44,33,39,6,15,39,66,8,23,28,8,16,11,59,53,5,8,31,17,11,5,6,4,23,7,56,6,11,41,10,8,29,6,8,8,26,54,64,7,8,5,6,5,8,12,60,11,8,38,8,12,3,29,20,37,52,17,13,33,158,32,14,6,-20,7,8,17,5,8,20,15,100,79,52,47,17,42,16,21,23,235,38,26,35,19,50,9,31,36,25,17,65,40,12,15,17,27,52,29,35,35,17,20,41,47,93,35,65,77,12,26,123,32,71,59,23,27,100,24,32,22,30,31,29,43,28,43,31,25,49,39,39,38,62,48,32,44,23,42,32,19,25,35,33,47,21,38,25,31,31,35,40,26,13,20,23,36,30,39,58,23,36,25,19,26,36,22,21,24,48,37,32,56,36,31,43,31,55,126,25,73,17,16,10,38,8,33,17,9,12,17,21,36,21,32,68,35,74,5,8,5,33,8,9,6,12,33,48,3,38,41,45,47,47,60,12,13,14,18,23,131,19,38,26,23,18,22,12,24,17,35,27,20,14,18,40,16,26,36,67,21,13,34,40,20,19,21,-20,19,32,10,21,15,10,39,10,11,13,11,31,15,18,17,18,22,14,28,24,8,18,15,19,14,8,60,20,19,17,73,14,14,17,15,9,12,27,27,26,14,15,25,7,16,18,14,9,24,8,15,92,16,21,20,20,22,31,17,19,28,29,18,17,18,18,19,17,8,6,5,16,9,18,11,17,17,13,46,19,18,23,30,22,13,171,31,22,17,17,14,18,24,12,16,7,8,21,14,16,17,20,20,62,25,7,6,22,15,13,26,16,14,15,25,19,11,21,10,9,10,24,19,8,7,22,13,24,13,11,9,69,42,34,20,12,16,6,25,22,23,22,29,22,12,16,12,40,15,11,25,19,10,13,10,18,25,41,-20,24,8,26,9,15,40,11,10,43,47,45,60,15,57,38,3,6,58,38,5,7,50,13,10,34,27,21,12,40,18,9,18,12,8,25,26,41,12,14,23,16,13,27,32,58,25,10,5,12,6,15,20,43,16,18,28,44,25,15,19,43,16,100,12,19,20,17,20,18,14,22,44,39,33,18,66,48,38,23,18,40,37,14,31,14,9,34,10,13,12,11,26,16,18,12,33,16,32,20,21,5,44,8,20,12,18,16,18,25,18,22,18,6,6,7,45,46,13,78,25,57,57,60,22,28,32,48,73,44,44,51,43,46,35,103,64,38,6,40,24,120,33,17,23,42,35,47,38,50,37,48,45,52,96,9,45,46,116,37,48,43,44,40,23,14,29,12,20,16,13,19,14,6,17,10,5,11,11,14,19,-20,13,14,13,14,16,6,15,16,9,11,17,16,19,18,20,13,16,10,15,13,16,15,16,14,13,16,16,11,11,15,20,14,22,7,29,11,10,6,8,10,15,-20,-20,20,19,16,7,9,14,12,13,8,21,12,12,12,12,18,18,15,13,16,11,26,14,10,15,12,-20,18,13,15,18,14,5,7,12,9,7,9,11,8,19,14,11,6,12,7,9,13,16,3,9,13,6,11,12,6,16,9,20,7,4,21,6,14,8,8,17,6,13,13,4,14,7,8,12,11,12,6,17,7,18,15,25,15,15,6,15,14,15,14,20,32,8,15,13,9,17,8,19,10,19,17,14,5,12,14,5,15,-20,24,6,14,20,13,13,18,14,22,6,15,6,14,23,18,10,11,13,14,16,-20,15,3,8,18,13,22,6,12,9,16,-20,20,10,10,9,5,17,8,9,10,11,12,8,15,8,9,9,4,27,19,11,16,13,22,18,13,99,11,26,21,22,19,40,21,22,30,24,19,13,22,22,27,14,14,19,17,18,19,35,25,23,18,8,19,19,27,16,27,14,17,21,24,18,15,11,15,18,17,16,14,12,10,13,9,18,3,11,7,11,14,9,9,7,13,21,16,13,8,12,8,14,11,10,15,16,13,13,14,12,25,6,14,17,18,13,11,13,13,15,16,20,8,6,11,7,7,8,-20,-20,10,8,6,10,9,16,16,19,18,6,15,10,15,17,12,12,10,8,14,18,32,12,14,33,3,8,22,12,12,15,11,19,14,5,5,10,13,5,8,6,28,6,20,8,6,9,10,7,6,15,3,6,-20,12,4,5,8,16,15,7,17,11,13,22,9,8,9,9,21,-20,19,13,9,19,5,27,10,15,12,12,10,6,14,22,13,15,7,5,22,5,3,12,17,5,11,22,5,12,15,15,13,5,7,8,10,10,26,14,11,6,16,8,19,-20,18,11,-20,5,9,7,25,17,14,9,18,17,11,26,22,36,40,13,35,27,17,30,36,54,59,52,87,90,50,63,58,54,51
"chr4,7890687",3,6,8,8,6,10,5,14,7,9,5,16,32,33,13,25,32,18,110,75,68,13,63,44,60,42,27,29,23,18,21,15,21,16,64,48,31,34,20,9,14,46,29,20,22,45,12,68,12,31,26,28,49,49,36,25,71,46,30,43,43,38,33,34,20,14,34,48,51,31,45,35,16,35,36,53,24,8,17,25,12,19,28,7,21,39,33,83,39,15,25,20,56,35,22,35,14,55,14,44,33,38,6,15,38,67,8,23,29,8,15,11,59,53,5,8,29,17,11,5,8,4,23,7,56,5,12,42,11,9,29,5,8,10,26,54,63,9,9,6,6,6,8,13,60,12,8,39,7,13,3,31,21,38,53,17,13,33,157,32,14,6,9,7,6,18,5,9,20,12,101,79,52,45,15,39,16,21,24,235,38,26,36,19,50,9,32,36,25,16,64,40,11,14,16,26,52,29,35,35,17,21,43,48,92,36,67,81,12,26,124,32,73,58,23,27,103,24,32,22,30,31,31,43,30,43,31,26,49,39,38,38,61,40,33,44,24,43,33,-20,25,36,33,47,21,38,28,32,31,36,39,26,13,21,23,36,29,43,61,24,36,25,20,27,36,23,23,25,51,37,32,56,35,31,43,31,59,135,26,74,17,16,10,38,8,29,17,9,12,17,21,37,20,32,68,35,74,5,8,5,35,9,9,6,11,35,48,3,39,42,45,48,48,61,12,13,13,19,23,131,20,39,26,25,18,22,13,24,17,36,27,21,14,18,41,17,27,36,72,22,13,33,37,20,20,20,-20,19,33,9,21,15,10,39,10,11,13,11,32,15,18,17,18,22,14,26,24,8,18,15,18,14,8,59,19,20,17,73,15,15,17,16,-20,12,27,28,26,15,14,25,7,16,17,14,9,25,8,15,93,16,21,20,20,22,30,17,20,28,29,18,17,18,18,19,16,8,5,5,16,9,18,12,17,17,13,46,19,18,23,30,22,13,173,31,20,18,17,14,18,24,12,16,6,8,21,14,16,17,20,21,62,25,7,6,21,16,13,26,17,14,15,26,20,11,22,9,9,10,24,16,8,8,22,13,25,14,11,9,68,41,34,18,12,15,6,25,21,23,22,29,21,12,17,11,37,16,11,26,18,10,13,10,18,25,42,-20,25,9,27,9,15,41,11,10,43,47,46,59,15,57,37,4,6,59,36,6,7,49,13,10,34,25,23,13,41,17,9,20,13,9,25,26,41,13,15,24,14,14,26,33,57,25,12,5,12,6,15,21,42,16,19,29,43,25,15,19,43,16,100,12,20,20,17,20,18,16,21,43,39,35,19,67,48,39,24,18,42,39,14,30,15,9,36,11,13,13,11,26,16,19,13,34,17,34,20,19,6,46,9,20,13,18,17,19,26,18,22,18,6,6,8,46,46,13,81,25,57,57,60,22,29,33,47,71,44,43,50,43,42,34,103,61,40,6,39,24,118,34,16,23,42,35,45,37,50,37,48,44,54,96,10,45,46,116,38,48,45,44,42,23,14,29,12,22,18,13,20,15,7,17,11,6,11,11,14,21,-20,16,14,14,14,16,6,16,16,9,11,17,18,21,17,22,10,17,11,14,14,18,16,16,14,14,17,17,12,12,16,20,14,22,-20,29,11,10,7,8,10,16,-20,-20,20,18,16,7,8,13,12,13,9,22,13,12,12,12,17,18,15,12,16,12,26,15,10,15,11,8,17,13,15,18,14,5,8,11,8,7,9,11,8,19,15,11,6,15,7,9,14,17,3,-20,13,-20,12,13,6,16,9,22,7,4,21,6,13,8,8,18,6,13,13,5,16,8,8,12,11,12,6,17,7,18,15,25,14,15,6,15,14,15,15,20,33,9,15,13,9,18,8,18,11,20,17,13,6,13,14,6,15,-20,24,6,14,20,14,13,20,14,22,6,16,7,16,25,20,11,13,14,15,16,8,15,3,8,18,12,22,7,13,9,17,-20,20,10,10,9,6,19,8,9,12,12,12,7,16,8,8,9,5,27,20,11,17,13,22,18,13,98,11,30,23,22,20,41,22,24,32,26,20,13,23,23,27,17,15,23,17,18,20,35,26,22,19,8,19,21,28,18,29,16,18,21,24,18,16,12,15,18,18,17,15,13,11,13,9,18,3,11,7,9,14,9,9,8,13,21,16,14,8,12,8,14,11,10,16,16,13,13,16,12,25,6,14,17,18,13,11,14,13,15,14,20,9,6,11,7,7,10,-20,-20,10,8,6,10,9,17,16,18,18,7,15,10,15,16,12,12,10,10,17,18,33,12,14,34,3,8,22,12,12,15,13,18,15,5,5,10,15,6,8,3,28,6,20,8,6,9,12,7,8,15,-20,6,-20,12,4,6,8,16,16,7,15,8,13,22,-20,7,8,6,21,8,18,14,8,19,5,27,10,18,11,12,10,6,14,20,12,13,6,7,24,4,2,9,19,7,13,-20,-20,10,16,16,12,4,7,8,11,10,23,13,11,6,15,6,18,-20,18,11,-20,4,9,7,24,18,12,8,16,17,12,24,23,36,39,13,35,27,17,30,36,53,59,52,87,90,49,63,58,54,53
"chr4,7890688",3,7,9,7,6,9,6,14,7,9,7,16,32,33,13,24,33,18,111,74,71,12,62,43,59,42,27,28,23,18,21,15,20,16,63,50,33,35,21,8,14,47,28,16,22,43,11,69,12,31,26,27,48,49,34,26,71,44,30,43,43,38,35,35,20,14,35,48,51,32,45,35,16,35,36,52,24,9,17,27,13,19,28,7,21,40,33,86,39,16,25,22,56,35,22,34,15,58,14,43,34,38,6,15,38,68,9,22,28,8,13,11,57,54,7,8,30,17,12,5,8,4,21,8,57,6,12,43,15,11,29,5,9,10,26,54,62,9,10,6,9,8,9,12,59,12,9,36,8,13,3,32,22,40,54,17,13,33,158,32,14,6,10,9,6,20,6,9,19,12,102,81,51,45,15,40,16,21,23,235,37,26,36,18,50,9,29,37,26,16,63,40,11,14,15,26,52,28,40,34,19,22,43,47,92,35,70,81,12,27,124,32,74,59,24,26,110,24,34,22,28,31,32,44,30,42,31,25,47,38,38,39,64,41,33,43,24,42,33,18,25,36,33,47,21,38,31,32,32,37,40,28,13,21,24,36,29,43,61,21,36,25,20,27,36,24,23,25,52,36,33,54,36,31,43,33,59,135,24,74,19,16,10,38,8,29,17,9,12,17,21,36,21,32,68,35,72,5,9,5,32,10,9,6,11,35,47,3,39,42,46,48,52,61,12,14,13,21,22,131,20,39,25,24,19,20,13,24,17,37,27,21,14,18,41,17,27,35,69,22,12,32,39,21,20,21,9,20,32,9,22,15,10,39,10,12,13,11,32,15,18,17,18,22,14,26,23,8,19,15,18,14,8,59,19,20,16,74,15,15,18,16,9,12,26,28,26,13,15,24,7,16,17,14,-20,25,8,16,93,16,21,20,20,22,31,18,21,28,29,18,18,18,18,20,15,8,5,5,16,9,18,11,17,17,13,46,19,18,23,30,23,13,175,31,21,18,18,14,18,24,12,15,6,8,21,14,15,17,20,21,61,24,7,6,21,16,15,26,18,14,15,26,21,11,22,9,9,10,24,16,8,7,23,13,25,14,12,9,73,41,34,18,12,16,6,25,21,23,22,29,21,13,18,13,38,16,11,26,19,11,13,11,18,25,41,-20,25,9,27,9,15,41,11,10,44,47,44,59,15,59,38,3,6,60,36,7,6,47,13,10,33,25,23,13,42,19,8,20,13,9,25,27,41,13,15,25,13,14,26,33,60,25,12,5,12,6,15,19,42,16,19,29,43,26,16,19,41,16,99,13,20,20,17,19,16,16,22,41,41,33,19,66,46,39,24,18,39,40,15,30,14,9,38,11,13,13,11,26,16,18,13,36,20,36,21,25,6,53,10,20,12,18,17,19,26,18,21,17,8,6,8,45,46,14,81,25,57,57,61,21,27,33,48,73,42,42,53,38,42,34,110,64,40,6,38,24,115,34,16,23,41,35,47,37,50,37,49,42,55,96,10,46,46,123,38,46,47,44,43,23,14,30,12,22,20,13,21,18,8,17,11,6,13,11,13,21,-20,16,15,14,13,17,6,18,16,9,11,16,18,23,17,23,10,18,12,15,13,19,14,15,13,13,19,20,13,13,18,22,15,24,8,31,10,10,7,8,13,16,11,-20,19,17,18,8,8,12,13,13,9,-20,12,11,14,14,17,15,14,14,16,12,25,15,10,15,14,8,17,13,16,19,15,3,8,11,-20,8,10,11,8,19,15,11,-20,15,7,10,14,16,3,8,13,8,12,13,6,15,8,21,-20,4,23,7,15,9,10,19,6,11,13,5,15,9,8,11,11,12,7,18,7,19,16,24,14,15,6,15,15,13,15,22,33,9,16,13,11,15,8,17,12,22,20,14,8,13,13,7,15,11,24,7,14,19,13,15,20,14,24,6,19,7,16,26,22,11,13,15,14,14,8,15,3,8,18,13,22,7,13,8,17,-20,21,9,10,11,7,19,8,9,14,13,12,7,17,9,10,9,5,31,21,11,18,13,23,18,13,99,11,31,22,22,21,42,23,24,32,26,22,12,23,23,27,16,16,22,18,17,20,37,25,24,19,8,20,21,30,18,29,16,19,22,23,18,15,12,16,19,20,18,17,13,11,13,9,20,3,12,7,10,14,9,9,8,13,21,16,12,9,12,8,14,12,10,16,16,13,12,16,12,24,7,15,16,19,12,11,15,13,15,16,19,10,5,9,7,7,11,-20,-20,11,7,6,11,9,17,15,18,18,7,14,11,15,16,11,11,10,10,16,19,31,11,14,37,3,7,22,13,12,17,13,18,15,5,5,8,15,7,9,4,27,6,20,8,7,8,13,7,11,15,-20,6,-20,12,4,6,8,15,18,7,13,10,12,20,9,-20,-20,8,23,8,18,13,8,18,5,24,9,14,6,10,8,6,14,19,11,13,6,6,23,5,2,9,19,6,12,21,5,11,16,13,11,6,7,7,10,9,23,12,11,7,19,-20,-20,-20,16,11,7,6,9,7,26,17,11,9,20,15,11,22,22,36,39,13,35,28,17,30,37,54,58,52,100,90,49,64,58,57,52
"chr4,7890690",3,7,9,7,6,9,6,14,7,9,8,15,30,34,13,24,33,20,115,74,70,13,59,42,60,42,27,28,25,19,21,14,20,16,63,49,34,36,21,8,13,47,27,16,22,43,12,68,12,29,23,28,49,49,36,26,71,45,29,43,42,39,37,36,19,14,36,49,53,34,44,32,16,37,36,54,25,9,17,27,13,22,28,7,21,40,33,85,38,15,24,23,58,35,22,34,15,59,15,43,34,38,5,15,39,67,9,23,28,9,14,11,55,56,7,8,28,17,13,5,8,4,22,8,58,6,12,43,15,11,29,5,10,9,24,53,61,9,10,6,9,9,9,14,57,14,9,37,8,13,3,32,22,40,55,17,13,37,154,36,14,5,10,9,6,20,6,9,20,12,103,81,52,44,15,41,16,20,23,227,36,27,33,18,50,8,29,36,26,15,66,39,12,17,15,27,52,28,43,38,20,21,43,46,91,35,70,78,13,26,127,35,77,63,25,28,113,24,31,20,28,33,33,44,32,41,35,24,48,39,38,-20,64,46,32,43,24,45,32,18,25,35,33,46,22,38,35,32,32,35,39,30,13,23,26,36,30,44,61,21,36,25,20,27,36,24,23,25,51,35,35,54,35,29,45,33,58,135,25,71,17,18,10,37,8,29,17,10,12,18,21,39,22,32,68,35,73,5,7,5,31,9,9,6,13,34,47,3,38,44,46,48,52,62,12,14,15,22,22,137,20,40,24,24,19,20,13,24,18,37,27,20,14,18,43,17,27,33,70,23,14,31,39,21,20,22,-20,19,35,10,22,15,11,39,11,12,13,12,33,15,17,18,18,21,16,28,24,9,19,15,19,14,8,60,19,20,16,77,16,16,19,16,10,13,27,29,26,13,15,22,8,17,20,14,9,27,8,16,92,19,21,20,20,24,31,19,21,29,29,20,19,18,19,20,15,8,5,5,15,9,19,10,17,17,15,45,19,20,22,28,22,13,179,33,16,17,16,14,18,24,12,16,5,8,20,15,14,17,20,23,62,22,8,6,22,17,14,26,19,13,16,23,21,11,21,9,9,11,24,16,8,7,23,14,25,14,12,9,71,42,34,18,12,16,6,26,20,22,22,30,22,12,16,12,38,17,11,27,18,11,13,11,18,26,42,7,26,10,27,9,15,41,13,9,44,49,46,56,15,60,39,3,6,61,36,6,6,48,13,10,32,23,23,14,43,19,8,20,14,10,25,28,42,11,15,26,14,14,26,35,61,25,13,5,12,6,14,21,41,16,18,29,42,26,17,19,40,17,100,12,19,20,17,20,16,16,22,40,40,35,19,69,44,38,25,19,36,41,15,34,14,9,42,11,15,13,11,29,15,20,13,38,20,37,21,25,6,56,12,21,12,18,18,19,29,18,23,17,8,6,8,45,46,14,78,25,56,60,62,22,28,33,49,72,41,43,53,37,43,35,115,65,41,7,38,23,116,34,16,23,39,38,48,37,48,38,48,40,52,96,11,46,48,130,37,48,48,44,45,24,12,30,12,22,20,13,21,19,8,17,12,6,13,11,13,23,-20,16,16,14,15,18,6,18,16,10,11,16,19,23,17,24,9,18,12,16,13,19,15,15,14,13,19,20,13,13,19,22,15,24,9,30,10,14,7,8,14,17,11,-20,18,17,18,7,8,12,15,12,9,22,12,11,14,14,17,15,15,15,14,13,26,16,10,15,14,7,17,13,15,19,15,3,8,11,9,8,10,11,8,20,15,11,7,15,8,10,13,16,3,8,13,8,12,13,6,15,8,22,8,4,23,7,15,9,10,20,6,10,13,5,15,9,8,11,11,12,7,18,7,19,16,25,14,16,5,15,15,13,16,23,33,9,16,13,11,14,7,18,12,21,20,14,8,13,14,7,15,11,25,7,14,19,14,16,20,16,24,6,19,7,15,28,21,11,13,15,14,14,8,15,3,8,19,13,23,8,14,8,17,-20,22,8,11,12,7,19,8,9,14,13,13,7,19,9,11,9,5,33,21,11,18,13,24,18,14,100,12,33,23,20,21,43,23,25,32,27,21,12,23,24,27,16,15,24,18,17,23,38,25,24,19,9,21,21,32,21,27,16,19,22,24,18,16,12,16,19,21,18,19,13,11,13,10,20,3,12,8,10,14,10,9,8,14,23,16,12,9,14,7,13,12,11,16,16,14,12,15,12,22,7,16,15,19,13,10,15,13,15,16,20,12,6,9,7,7,11,-20,-20,11,7,6,13,9,17,16,18,18,7,14,10,15,16,12,10,12,10,17,21,31,11,14,38,3,7,21,13,13,17,15,18,15,5,5,8,15,7,-20,4,28,6,20,8,7,7,13,7,11,15,-20,6,-20,12,4,6,8,15,17,7,15,11,14,22,-20,7,9,9,23,8,18,13,8,18,4,25,9,23,10,10,10,7,13,21,13,18,7,5,21,6,3,11,17,8,11,23,-20,10,15,15,10,7,6,8,10,8,25,13,10,8,20,7,21,4,17,14,-20,5,9,9,29,19,13,9,24,15,12,22,24,36,39,13,36,27,17,30,38,55,59,52,109,93,49,65,54,55,48
"chr4,7890693",3,7,9,8,5,9,8,14,8,9,8,16,28,31,13,24,33,22,113,74,73,13,59,43,62,43,25,25,24,20,21,13,19,17,59,48,35,35,-20,9,13,50,27,16,25,43,12,70,12,29,23,28,48,48,35,28,70,46,29,43,40,40,36,36,16,14,38,50,51,35,43,32,17,38,38,56,24,9,19,28,13,23,29,7,21,45,32,85,38,14,23,24,57,36,21,35,17,60,15,44,36,37,5,13,36,66,9,24,29,9,15,11,54,54,8,8,29,18,13,5,8,4,21,8,57,6,12,45,15,11,30,5,10,11,21,55,57,9,10,7,9,9,9,14,61,14,-20,35,8,13,4,32,29,39,53,21,13,35,160,34,15,5,10,9,6,21,7,9,19,12,101,86,50,43,15,40,16,18,22,229,37,28,33,17,49,10,28,35,26,16,64,39,13,18,15,27,48,28,43,38,18,25,46,46,87,35,69,82,14,28,132,36,78,63,24,28,110,25,33,20,28,31,34,45,33,44,34,28,52,38,39,42,66,47,32,44,25,46,40,18,24,36,32,44,24,35,36,37,34,34,41,36,14,21,28,35,30,43,61,18,32,26,18,30,37,23,25,25,49,35,36,59,33,33,48,34,57,134,28,73,19,20,9,35,9,29,20,9,12,18,21,39,22,34,76,57,78,5,8,4,32,10,10,5,14,34,48,5,37,46,46,51,53,63,11,15,15,22,23,138,21,38,25,23,17,21,18,24,18,33,28,20,14,19,42,17,27,30,71,23,13,29,41,19,20,23,11,19,33,-20,21,15,13,41,13,15,13,12,38,16,17,20,19,20,16,32,25,9,19,15,19,14,9,61,20,19,16,79,15,16,18,16,11,13,29,30,28,14,15,20,9,20,19,15,8,28,8,16,94,20,22,20,19,25,31,18,20,29,29,19,18,19,19,20,14,8,5,6,15,9,19,10,17,17,13,50,19,19,23,29,24,13,178,33,17,17,17,12,20,25,12,16,5,7,20,18,14,17,20,25,62,21,9,6,23,17,15,26,18,14,15,26,24,11,22,9,9,10,24,15,8,6,23,15,25,14,13,9,72,45,32,16,14,16,6,29,20,23,24,27,21,12,15,14,39,14,12,28,18,11,13,11,18,27,46,7,29,10,30,8,15,44,12,9,43,53,45,57,16,57,40,4,6,63,36,6,7,49,13,11,32,22,24,15,42,18,9,20,15,11,26,28,45,9,14,25,14,16,26,33,65,25,13,5,11,6,14,23,41,15,19,31,45,26,18,21,42,17,98,13,20,22,16,18,17,16,22,42,39,35,20,65,41,37,24,22,43,40,15,35,15,9,42,12,15,13,11,28,15,20,15,41,20,40,21,26,6,58,12,22,13,17,18,19,31,18,25,17,8,8,9,42,46,16,78,25,56,57,61,20,28,34,47,69,40,48,53,41,43,35,119,66,39,10,37,25,113,37,17,25,40,38,48,37,47,40,58,40,52,96,11,47,48,131,40,51,51,45,46,28,12,29,12,21,20,14,21,18,11,17,12,6,16,11,16,23,-20,16,16,16,15,18,6,18,16,11,12,16,21,23,17,23,9,18,13,17,14,19,16,15,15,13,23,22,13,13,19,24,15,24,9,29,9,14,7,10,13,17,11,4,17,16,19,7,8,12,15,13,11,21,13,11,15,14,17,16,15,15,15,15,27,16,11,15,14,7,17,13,14,21,15,3,8,11,10,9,11,12,8,22,14,11,7,16,8,10,14,16,3,8,12,8,12,13,6,14,9,22,8,4,24,7,14,9,10,21,5,10,14,5,15,10,8,12,10,12,7,19,7,19,15,25,-20,-20,-20,16,14,13,16,23,32,10,16,13,12,18,7,18,12,21,19,14,8,13,15,7,16,11,24,7,14,20,14,16,22,17,25,6,20,8,14,30,21,11,13,15,14,14,8,18,3,9,20,15,23,9,14,8,17,-20,23,8,11,13,7,19,8,9,14,13,13,7,22,9,11,9,5,35,21,11,19,13,24,18,14,97,12,33,23,21,21,42,23,25,31,26,24,13,22,25,26,15,18,25,18,17,25,37,24,25,20,9,21,24,32,21,30,16,19,22,24,18,16,12,16,19,22,18,20,13,11,13,10,20,3,12,9,10,14,10,9,8,16,23,16,12,10,14,8,12,12,11,16,16,15,12,15,12,23,7,17,15,20,13,10,15,13,14,17,20,12,6,9,7,7,12,-20,3,11,6,8,13,9,19,16,18,17,7,14,12,16,16,13,10,11,11,17,21,32,11,15,37,3,7,21,12,13,18,15,18,15,6,5,8,15,7,9,4,27,6,19,8,7,7,13,7,11,15,-20,6,-20,12,4,6,10,14,18,7,19,12,17,24,10,-20,10,8,23,10,16,12,9,22,-20,23,10,22,11,11,10,10,12,20,15,14,7,8,20,-20,3,8,20,6,12,22,9,12,15,19,9,8,9,8,10,7,21,16,12,8,20,7,19,3,20,15,9,4,10,10,27,17,13,10,23,15,14,23,25,37,39,13,36,27,16,31,38,54,59,66,121,98,49,66,55,55,55
"chr4,7890694",3,8,9,8,5,9,8,14,8,8,8,-20,28,31,13,24,33,22,114,72,72,13,59,43,63,43,25,25,24,20,19,13,18,19,59,47,34,35,19,9,13,49,27,15,24,40,12,70,12,29,22,28,47,47,36,27,67,46,29,43,40,41,36,36,15,14,38,50,50,35,43,32,17,38,38,54,24,9,19,28,13,22,29,7,21,45,32,85,38,14,23,23,57,37,21,35,17,61,15,44,34,37,5,13,36,66,9,22,29,9,15,11,55,54,8,8,29,18,13,6,-20,5,24,-20,56,6,12,44,14,11,28,6,10,12,21,55,57,9,10,7,9,9,10,14,60,14,9,34,8,14,4,32,29,40,53,20,13,35,158,36,15,5,10,9,7,21,8,9,21,12,104,85,51,42,15,40,16,18,22,-20,37,26,33,16,49,11,28,35,26,16,64,39,13,17,16,-20,45,29,43,38,19,24,46,46,85,35,69,87,15,28,132,34,80,63,26,28,110,25,33,21,28,31,36,42,31,45,36,30,54,36,37,41,62,42,32,43,25,42,39,18,23,34,30,43,25,34,36,37,38,34,40,38,13,21,31,35,30,42,61,18,31,26,19,30,37,22,25,25,50,33,37,58,35,32,47,33,57,134,28,75,20,20,9,36,9,29,20,9,10,18,21,37,21,33,75,57,77,5,8,4,32,10,10,5,14,33,48,6,36,45,45,52,51,62,11,14,14,21,23,136,21,41,24,22,17,22,18,25,18,-20,28,20,13,18,43,17,25,29,69,23,12,-20,41,18,-20,22,11,19,32,-20,20,15,12,40,14,-20,13,13,38,16,17,20,18,20,16,32,25,9,-20,14,18,14,8,61,21,19,16,80,15,16,17,16,11,13,-20,30,28,14,15,-20,8,20,19,15,8,27,8,15,93,20,-20,19,18,-20,32,17,-20,-20,27,19,18,18,18,19,14,-20,5,-20,15,9,18,10,17,17,12,52,17,19,23,29,24,14,176,33,-20,17,-20,12,20,25,12,16,5,7,20,18,14,16,20,25,61,-20,9,-20,22,16,16,26,17,14,14,-20,23,11,-20,-20,-20,10,20,16,-20,6,-20,15,25,14,13,9,70,45,32,-20,13,16,6,-20,18,-20,22,26,21,10,15,-20,38,13,12,28,18,11,-20,11,18,27,47,7,29,10,30,8,14,44,12,-20,43,53,43,57,16,56,40,4,6,62,38,6,7,50,13,11,35,22,25,14,41,16,9,20,15,11,26,28,45,-20,-20,25,14,16,25,34,65,25,13,-20,11,-20,-20,24,40,-20,-20,30,46,25,20,21,39,-20,97,-20,21,21,16,17,17,16,22,42,-20,35,20,65,43,37,24,21,44,40,16,35,15,9,42,11,15,13,12,28,15,21,15,40,20,38,20,26,6,59,12,22,13,17,18,19,31,19,26,16,8,-20,10,44,47,15,78,23,54,55,60,20,28,34,48,67,40,47,52,42,43,35,119,67,42,-20,38,24,116,-20,-20,24,39,38,46,38,46,40,58,40,51,107,12,47,46,135,40,51,52,45,47,28,12,29,12,19,21,13,21,17,11,17,12,6,16,11,16,22,-20,16,16,16,15,18,7,17,15,11,15,16,21,23,17,21,9,-20,13,17,13,18,15,15,16,12,23,21,13,14,19,23,15,22,9,29,-20,14,-20,10,13,16,12,3,17,16,19,8,8,11,14,14,10,-20,13,11,14,14,17,16,14,14,15,15,-20,17,11,15,15,7,18,13,14,21,-20,3,8,11,10,9,11,12,8,-20,14,12,7,15,8,-20,13,17,4,8,13,8,12,13,6,14,9,22,8,4,25,7,14,-20,10,21,5,10,15,5,16,10,8,11,10,12,7,19,7,19,15,25,13,16,5,16,14,13,17,22,31,-20,16,14,12,18,7,17,12,21,18,15,7,13,15,7,16,11,24,8,15,18,13,16,22,18,25,6,20,8,13,30,21,10,13,14,14,15,-20,18,3,9,-20,16,22,10,14,7,16,-20,23,8,12,13,7,-20,8,9,14,14,14,7,22,9,11,9,5,35,21,11,19,13,24,18,14,96,12,32,23,19,21,41,23,25,31,29,24,13,20,26,26,15,18,26,18,15,26,36,23,25,20,9,21,24,33,22,30,15,18,21,24,15,16,12,15,18,21,18,20,12,11,12,10,20,3,12,9,-20,14,10,10,8,16,21,16,14,11,13,8,-20,12,10,19,16,14,12,15,12,21,-20,16,14,20,13,10,14,13,14,16,20,12,6,9,7,6,12,-20,3,11,6,8,13,10,19,16,-20,18,7,16,11,16,17,13,13,13,11,17,21,31,10,-20,36,3,7,23,12,14,19,14,18,14,7,5,7,15,7,9,4,27,6,19,8,7,-20,13,7,11,14,-20,6,-20,12,4,6,11,14,19,8,21,-20,17,23,11,-20,10,-20,-20,10,18,-20,9,23,4,25,-20,24,-20,11,11,10,-20,19,15,-20,8,4,20,6,4,8,-20,-20,13,24,-20,10,17,-20,9,10,-20,-20,-20,7,24,15,-20,8,17,7,-20,3,21,-20,-20,4,8,-20,30,-20,13,-20,20,14,12,-20,24,39,38,13,35,25,16,29,38,50,57,65,121,98,46,66,51,55,52
"chr4,7890697",3,8,9,8,5,8,7,14,7,8,8,16,26,30,12,24,32,23,112,70,69,14,58,43,63,43,24,23,24,17,20,12,17,18,57,47,32,36,20,8,13,50,27,18,24,38,12,71,12,29,23,28,48,44,33,27,67,45,31,43,40,42,35,33,14,13,40,53,47,36,43,32,16,38,38,54,23,7,17,28,14,23,28,7,19,42,34,81,34,13,22,23,56,37,21,36,16,60,15,45,34,38,5,12,34,69,9,23,27,8,15,10,59,53,8,8,30,17,13,6,8,6,24,10,54,5,12,46,14,9,27,6,10,11,19,54,55,9,10,7,8,8,10,15,62,13,9,32,8,12,4,32,30,-20,51,21,11,34,145,38,14,5,9,9,7,20,8,9,22,14,107,94,54,44,15,43,18,29,25,245,40,30,32,16,49,10,29,35,27,17,67,40,11,18,17,27,42,30,45,37,20,25,42,53,84,37,68,87,15,29,131,34,75,64,26,31,111,22,32,21,27,33,45,47,29,45,39,31,51,39,39,41,64,42,32,44,27,48,39,18,21,37,35,43,26,34,35,38,44,35,44,37,13,21,30,40,30,39,62,18,32,25,19,28,37,26,23,31,49,35,36,60,38,34,45,34,59,129,30,73,20,17,8,36,9,24,19,10,10,17,21,39,22,35,74,52,83,4,8,4,32,11,10,5,13,35,47,7,34,41,44,52,52,63,10,15,13,26,25,133,21,42,22,22,18,23,18,25,19,33,27,18,13,19,42,17,27,29,68,24,13,30,40,21,20,24,10,19,30,-20,21,13,14,38,14,15,14,15,39,16,17,20,19,16,15,34,24,10,19,14,20,13,8,61,21,18,15,84,16,16,18,16,11,13,28,30,26,14,15,21,8,20,17,15,6,28,7,17,95,19,23,21,17,24,30,18,20,34,27,20,19,21,20,19,14,8,5,-20,14,8,18,7,17,17,13,51,18,17,18,32,24,14,181,33,17,18,17,11,19,26,13,15,6,6,19,18,15,17,22,27,58,19,10,7,22,16,15,26,16,13,14,30,24,10,27,10,8,10,22,16,8,6,19,14,24,15,12,8,67,45,30,16,14,16,6,29,18,24,24,25,20,10,17,16,37,15,11,28,18,11,13,11,17,24,48,7,27,9,30,9,14,44,13,9,43,51,45,55,14,54,38,4,6,61,39,6,8,48,14,11,37,24,25,14,40,16,9,20,14,10,26,27,45,10,16,26,14,17,25,34,68,25,15,-20,11,6,14,26,36,14,18,29,47,29,19,21,37,-20,96,13,21,21,16,17,15,12,21,42,41,34,19,68,42,35,25,21,57,39,16,32,13,7,40,12,14,14,12,27,13,22,15,40,18,38,19,25,6,57,11,21,13,15,16,16,29,18,26,19,6,8,10,48,45,15,78,21,56,55,63,18,27,34,48,68,39,47,48,42,47,35,115,66,42,13,39,25,119,36,16,24,39,41,48,40,45,40,55,41,54,108,13,49,50,135,38,50,50,44,48,30,13,28,12,18,22,12,19,18,11,16,12,6,16,11,17,21,-20,14,14,16,12,18,7,17,15,11,15,15,19,22,17,20,9,20,15,16,14,17,17,15,16,12,23,21,11,14,19,23,15,20,9,27,8,13,7,10,12,14,11,3,17,16,19,7,8,11,15,14,9,18,13,10,15,14,17,16,14,13,14,15,27,16,12,16,13,7,18,12,12,22,16,-20,8,10,8,8,11,10,6,21,12,11,6,16,7,8,12,17,4,8,11,9,11,13,6,13,8,22,8,4,25,8,14,9,10,19,5,11,15,5,16,10,8,11,10,11,6,16,6,17,14,26,12,16,5,16,13,15,18,22,31,10,15,15,12,21,7,16,11,19,17,14,7,13,16,6,17,11,20,8,15,19,13,15,19,17,23,6,18,7,13,28,20,11,13,15,15,15,7,18,3,9,18,13,22,10,14,8,14,-20,21,8,12,15,7,19,8,8,14,14,13,6,20,8,11,9,4,32,20,10,19,13,21,18,14,92,11,29,22,19,19,40,22,24,31,27,23,12,18,24,26,18,16,27,18,15,26,36,21,22,18,9,19,23,29,21,30,15,17,22,22,15,14,11,14,18,23,17,19,11,11,10,9,21,3,9,9,11,12,10,9,10,15,23,18,13,9,14,8,12,10,10,19,15,14,11,15,12,22,7,15,14,19,11,9,14,12,14,15,20,11,7,8,7,6,12,-20,3,10,5,8,12,10,20,14,17,19,7,18,12,16,14,13,12,10,11,17,21,31,9,14,37,3,7,23,11,14,19,15,19,15,-20,-20,7,13,7,9,4,25,6,16,8,7,7,13,6,11,15,-20,6,-20,9,3,5,11,11,19,8,18,11,16,27,12,-20,10,8,20,10,18,12,7,21,4,23,8,22,11,9,10,10,11,18,16,17,8,7,21,4,3,7,20,6,11,24,7,11,18,17,9,10,7,8,10,6,24,14,14,8,20,7,16,3,19,16,10,4,6,-20,29,19,14,10,20,16,12,20,24,40,39,13,33,23,16,30,39,51,54,64,130,100,49,65,51,54,54
"chr4,7890698",3,8,9,8,5,9,7,14,7,8,8,15,26,31,11,23,30,23,110,69,70,14,56,44,65,41,27,23,23,17,20,13,17,18,57,47,32,36,19,8,13,50,27,18,24,39,12,76,12,30,25,29,47,45,34,27,68,44,31,40,41,42,36,33,15,14,40,52,46,36,44,32,16,38,37,54,24,7,17,28,14,23,28,7,19,42,34,83,33,14,22,23,55,36,21,36,16,60,15,45,33,38,5,12,34,69,9,24,26,8,15,10,58,52,8,8,31,17,13,6,8,6,24,10,57,5,12,44,14,9,27,6,10,11,19,54,56,9,-20,7,8,8,10,15,60,13,9,32,8,12,4,31,36,46,51,21,11,34,145,37,14,5,9,9,7,20,8,9,23,14,107,89,57,45,15,43,18,29,25,238,37,31,32,15,49,10,29,37,29,17,67,37,10,19,17,28,42,32,46,37,20,25,42,52,84,37,78,91,15,28,133,34,77,62,26,34,111,22,30,22,27,29,45,46,30,45,38,31,50,40,40,42,63,42,32,44,27,48,40,20,21,39,34,44,27,35,35,38,45,36,45,37,14,21,30,42,30,40,62,19,31,25,20,28,37,26,23,31,49,36,36,59,37,34,45,34,60,128,31,73,17,17,9,35,9,23,19,9,10,17,21,38,22,35,77,55,85,4,8,4,33,11,10,5,12,37,47,7,34,39,45,52,52,63,10,15,13,25,25,132,21,41,22,24,20,23,18,24,19,33,29,19,12,19,42,17,27,29,65,25,14,30,40,21,19,24,-20,19,31,9,21,12,14,38,14,14,15,15,39,16,17,20,19,16,15,34,25,10,19,14,21,13,8,61,21,17,15,85,16,16,17,16,12,12,26,29,26,16,15,-20,9,19,17,15,6,29,7,17,95,19,23,21,17,24,30,17,-20,34,27,20,20,21,20,20,14,8,5,7,14,7,18,8,17,16,13,51,18,17,17,32,24,14,182,32,17,18,17,10,19,25,13,15,6,6,19,18,17,17,22,27,54,19,10,6,22,16,15,26,16,12,14,28,22,9,27,10,8,10,22,16,8,6,20,14,24,15,12,8,67,43,28,16,15,16,6,30,18,24,24,24,21,9,16,16,37,16,11,28,19,11,15,11,18,24,48,7,27,10,30,9,12,44,15,9,44,51,44,58,14,54,38,4,6,61,39,6,8,48,14,12,37,22,25,14,40,16,9,20,15,11,26,28,45,11,17,28,16,18,26,34,67,25,14,-20,11,-20,15,28,36,14,17,28,46,32,19,21,37,18,96,14,21,21,16,17,16,12,22,42,42,34,19,67,43,35,24,21,56,39,16,32,12,7,40,12,14,14,12,27,13,22,15,40,18,39,19,25,6,56,11,21,13,15,-20,16,28,18,27,19,6,8,10,47,45,15,75,21,57,56,63,19,27,33,48,67,36,47,46,42,47,35,120,69,44,14,39,25,121,38,16,23,39,41,45,39,45,40,54,40,52,112,13,49,52,136,38,49,48,46,48,30,13,28,12,17,22,12,20,18,11,16,12,6,16,11,17,21,-20,14,14,16,12,18,7,17,15,11,15,15,19,22,17,21,9,20,15,16,14,17,17,15,16,12,24,21,11,13,19,23,14,20,9,27,8,13,7,10,12,14,10,3,17,15,19,6,7,11,15,14,9,19,13,10,15,14,17,16,14,13,13,15,27,15,12,16,13,7,17,12,12,22,16,-20,8,10,8,8,11,10,6,21,12,11,6,16,7,8,12,17,4,7,11,9,11,12,6,13,8,21,8,4,26,8,13,9,10,19,5,11,14,5,16,10,8,11,10,11,6,16,6,15,14,27,12,16,5,16,13,15,18,22,30,10,14,15,12,21,7,16,11,19,16,14,7,13,16,6,17,11,20,8,15,19,13,15,19,17,23,6,18,7,13,28,20,11,13,15,15,15,8,18,3,9,18,11,22,10,14,8,14,-20,21,8,12,15,7,20,8,8,14,14,13,6,20,8,11,9,4,32,20,-20,19,13,21,17,15,93,11,29,22,19,20,40,22,24,31,27,23,12,18,24,26,18,16,27,17,15,24,36,21,23,18,9,20,23,29,21,30,15,17,21,22,16,14,10,14,19,23,17,19,11,11,10,9,20,3,9,9,11,12,10,9,10,15,23,18,14,9,14,8,12,11,10,19,15,14,11,15,12,22,7,15,14,19,11,9,14,12,14,15,20,12,7,8,7,6,12,-20,3,10,5,8,12,-20,20,14,17,19,7,18,12,15,14,13,12,-20,11,17,21,31,9,14,37,3,7,23,11,14,19,16,19,15,-20,-20,7,13,7,9,4,25,6,16,8,7,7,13,6,11,15,-20,6,-20,9,3,5,11,11,19,8,17,9,16,28,12,4,9,7,23,10,17,10,7,18,-20,24,6,18,9,9,9,11,11,20,18,15,7,6,21,3,-20,8,20,6,10,22,9,12,19,18,10,8,7,8,9,7,23,14,13,10,13,7,16,5,19,15,-20,4,7,9,30,17,14,11,18,15,11,21,24,39,39,13,32,24,16,29,39,51,53,64,118,99,49,64,51,53,55
"chr4,7890700",4,8,10,8,5,9,8,14,7,8,8,15,27,31,11,23,31,23,106,69,69,15,55,44,66,42,28,21,24,17,21,13,18,19,61,47,31,34,19,8,13,50,26,18,22,40,12,77,11,30,27,31,46,43,33,27,66,44,30,41,43,42,36,33,16,13,40,53,49,36,45,31,18,37,35,55,24,7,18,27,14,22,29,8,19,43,35,84,33,16,22,23,54,35,22,36,16,59,15,43,34,37,6,14,34,69,9,24,26,8,16,9,57,52,9,10,32,17,14,7,9,6,25,10,57,6,12,44,16,10,28,6,10,10,20,57,55,9,11,7,8,8,10,15,62,12,9,35,7,13,5,31,35,47,51,21,11,34,151,37,15,5,11,9,8,22,-20,10,21,15,111,89,59,44,16,44,18,30,25,227,37,32,33,16,50,10,29,38,30,18,64,38,9,19,18,26,44,33,47,37,22,24,44,53,85,39,79,91,15,27,132,34,77,61,26,34,134,23,30,22,39,32,45,48,36,44,43,31,48,40,43,41,63,43,33,48,28,48,40,23,23,41,36,44,27,35,34,38,49,33,54,37,14,22,28,40,31,40,59,19,30,24,19,27,38,26,24,31,50,37,39,61,37,33,45,34,59,126,32,71,16,18,8,35,8,22,20,9,10,16,20,39,22,35,74,55,-20,4,8,5,34,13,10,6,12,39,47,8,34,39,43,53,51,64,10,15,13,27,24,135,20,43,23,25,20,22,18,21,19,35,28,20,12,17,42,20,27,29,72,25,15,27,40,22,19,24,-20,19,32,9,21,13,16,38,16,15,14,14,40,16,17,19,17,15,15,36,26,11,18,14,20,13,8,61,23,17,15,86,15,16,18,16,12,13,25,30,26,15,16,21,12,19,17,17,6,28,7,17,99,19,22,21,16,23,31,18,18,37,27,20,21,21,20,20,14,7,5,7,14,7,18,8,16,18,13,49,20,17,17,32,23,14,183,31,16,18,16,10,20,25,14,14,6,6,19,18,17,18,24,28,56,17,11,8,22,16,16,26,15,14,14,27,22,10,26,10,8,10,22,16,8,6,20,14,25,15,12,10,67,43,26,16,14,16,6,31,18,22,24,23,20,8,16,15,38,17,11,31,19,11,15,10,18,24,49,7,28,10,30,10,11,45,13,9,45,51,47,57,14,53,37,4,5,63,39,7,8,48,15,12,39,21,25,14,36,15,10,25,14,10,26,27,44,11,-20,28,15,19,25,34,67,27,13,-20,12,7,15,28,33,14,17,29,46,32,20,22,37,-20,99,13,21,21,16,15,18,12,21,42,43,34,19,66,44,36,25,24,57,39,16,32,14,7,39,12,14,-20,13,26,13,23,14,38,17,40,20,28,6,57,12,21,14,16,17,16,29,18,28,19,6,9,8,45,47,15,78,21,60,56,65,22,27,34,47,67,43,45,48,40,49,37,119,63,46,14,40,25,119,38,16,23,38,42,44,37,47,40,55,42,53,111,13,48,52,137,37,50,53,48,48,29,13,26,12,18,24,14,19,19,11,16,12,6,16,10,15,23,-20,13,14,14,14,18,7,17,15,11,15,17,21,23,16,20,10,20,16,16,14,17,17,16,18,13,24,20,11,13,20,22,14,19,9,30,8,13,7,10,13,13,10,6,17,15,20,7,7,10,15,14,9,21,14,9,15,15,18,17,13,14,15,16,27,16,13,16,13,-20,14,12,12,21,16,-20,-20,11,10,8,14,10,7,21,12,12,6,18,8,-20,12,-20,4,8,11,8,11,13,6,13,9,21,9,4,26,9,13,-20,11,19,5,11,14,5,16,10,7,11,10,11,5,18,7,15,14,26,12,16,5,15,14,16,18,22,31,10,15,16,12,21,7,16,11,19,16,15,7,13,14,6,16,11,21,9,15,19,13,14,20,19,26,6,17,6,14,28,21,10,12,15,16,13,7,18,-20,9,20,11,22,9,13,8,13,-20,20,8,12,15,8,20,-20,7,14,14,13,6,20,8,12,8,4,32,19,11,19,13,21,17,15,96,11,30,23,19,20,39,23,24,31,25,23,13,18,24,26,22,16,32,19,15,27,37,22,23,18,9,19,24,30,22,32,15,16,21,23,16,14,11,17,18,23,17,19,11,12,10,9,22,3,9,10,13,13,10,9,10,15,23,18,14,9,15,10,12,10,9,20,16,15,10,17,13,22,8,15,15,18,15,10,14,12,15,14,20,13,7,8,7,6,11,-20,3,10,5,-20,12,11,22,13,17,20,8,19,12,16,14,14,-20,9,11,18,23,31,8,15,40,3,6,21,12,14,22,18,19,17,-20,-20,7,13,7,9,7,24,6,15,8,7,8,14,6,11,16,-20,6,-20,9,3,5,11,11,19,8,17,12,17,26,14,4,-20,12,23,11,18,8,7,22,-20,24,6,21,-20,10,11,11,-20,22,18,18,9,7,25,5,-20,7,21,-20,10,22,8,10,20,20,9,10,8,8,7,8,25,15,16,10,17,-20,19,6,21,17,10,5,7,10,32,20,17,10,21,16,11,22,24,39,40,11,30,25,17,29,39,52,54,64,117,104,48,54,51,53,57
"chr4,7890704",4,-20,10,7,5,10,7,14,7,6,8,16,30,32,11,22,30,23,108,72,72,13,55,41,66,41,30,21,26,17,20,13,19,19,60,48,27,31,19,8,14,48,24,18,27,40,12,80,11,26,35,31,46,39,29,27,70,45,29,42,42,44,37,33,16,13,40,55,48,34,46,31,18,37,35,59,23,8,19,26,14,23,29,8,17,43,35,81,31,16,23,22,54,34,21,37,15,61,14,44,35,34,6,14,34,70,9,25,28,9,18,10,54,53,9,10,33,15,14,7,9,6,25,10,56,5,12,43,14,10,29,6,10,10,23,60,53,9,11,7,8,8,10,15,63,12,9,37,7,15,6,34,32,44,51,22,11,31,159,38,15,5,11,9,8,23,9,10,20,16,109,88,54,42,19,49,16,30,28,225,34,31,32,16,50,9,34,40,29,13,57,30,8,20,17,29,43,34,45,28,24,25,52,55,83,39,81,96,16,28,130,33,76,61,27,34,134,26,31,22,42,31,45,47,33,46,45,34,49,34,46,42,63,43,34,47,27,47,42,24,20,40,31,48,29,35,32,37,47,30,57,39,15,23,28,35,31,40,61,17,32,26,23,27,43,28,22,30,44,41,36,58,33,33,46,38,58,123,34,77,14,18,10,34,8,14,20,10,13,16,19,38,20,37,79,51,86,4,8,4,36,14,9,5,15,39,45,8,36,41,40,54,51,63,11,15,13,26,27,130,21,42,23,24,22,20,20,21,18,34,28,-20,12,17,45,19,28,27,67,26,14,26,38,22,20,26,10,18,33,8,19,13,16,39,16,15,12,15,39,21,17,18,20,13,13,38,26,12,19,16,19,12,8,64,22,18,13,88,14,16,17,17,13,14,23,28,26,15,18,20,11,20,17,17,6,27,7,19,100,19,21,21,17,26,33,19,17,38,25,20,24,22,20,22,13,7,4,-20,15,9,18,9,16,19,15,50,22,17,17,31,25,13,188,32,16,16,16,10,19,26,14,15,6,5,20,18,19,19,20,27,59,17,11,9,21,17,15,24,16,15,15,27,22,11,21,10,8,10,23,16,8,6,20,12,23,14,12,10,65,44,24,16,13,17,4,34,18,22,22,23,23,8,17,17,36,17,11,31,19,11,16,12,18,25,51,7,28,9,31,14,17,45,14,10,46,47,46,57,13,56,37,4,5,57,37,8,8,50,15,16,37,22,24,16,35,13,9,24,15,12,35,29,42,11,17,28,13,25,24,33,67,28,13,-20,12,8,15,28,31,14,17,30,43,32,21,23,35,20,94,12,20,17,16,15,18,14,22,43,44,33,19,65,44,41,22,24,57,41,16,34,12,7,39,13,15,18,13,26,13,23,13,40,19,41,21,29,6,59,13,20,13,16,21,16,29,18,29,20,7,9,10,46,47,15,72,23,65,55,66,22,26,34,48,64,46,45,43,47,48,36,125,61,45,14,40,28,125,40,16,22,37,42,43,39,45,40,62,43,60,106,13,46,48,131,39,50,59,42,48,36,14,26,12,18,23,14,19,19,11,17,12,7,16,12,16,24,-20,13,13,14,13,20,7,16,14,10,15,16,22,23,17,21,11,19,17,14,13,16,16,15,19,15,24,19,11,13,20,23,13,20,9,31,7,13,7,10,13,13,10,6,16,15,19,7,8,11,13,15,10,21,14,9,12,15,19,15,14,15,14,16,28,16,13,14,11,9,15,14,12,21,14,-20,8,11,10,8,14,-20,6,21,12,12,5,19,11,8,14,18,4,10,11,8,10,12,6,13,9,21,8,3,26,9,14,9,11,16,5,10,14,4,15,10,5,11,9,11,5,19,6,16,14,26,12,16,5,15,15,16,17,22,31,10,15,15,13,21,7,15,11,18,15,15,6,13,14,6,17,12,21,9,16,19,12,15,20,20,26,6,18,6,15,28,21,10,14,15,16,12,8,17,4,9,20,11,23,9,13,9,12,-20,20,8,14,15,8,20,9,7,14,13,14,6,20,8,11,8,4,31,20,11,18,14,24,19,16,101,12,30,23,18,19,38,23,23,29,26,24,12,17,24,27,22,15,32,18,13,27,36,22,23,18,8,19,22,29,22,33,14,16,22,23,16,14,12,17,22,22,17,19,11,11,10,9,22,3,10,10,12,15,10,8,10,15,23,19,14,9,14,10,11,11,9,22,16,15,10,15,10,22,8,15,13,18,15,11,14,11,18,15,20,13,7,8,7,6,12,-20,3,10,5,8,12,12,21,13,17,18,10,18,11,18,17,14,9,9,11,18,23,31,9,15,42,3,6,18,12,14,22,18,17,18,-20,4,6,13,-20,9,7,23,6,14,9,7,8,16,6,10,15,-20,5,-20,8,3,5,11,10,19,7,19,10,18,27,15,4,10,-20,22,11,22,10,9,23,9,25,9,28,14,9,12,13,17,25,20,19,10,8,27,6,3,6,23,8,13,22,-20,13,22,25,10,10,7,7,8,10,22,13,17,10,16,13,16,6,20,17,9,5,-20,10,27,20,19,10,24,17,9,21,26,40,35,11,31,27,15,33,41,53,53,68,120,105,49,57,49,53,58
"chr4,7890706",4,8,10,7,5,10,7,14,7,6,8,15,29,33,10,21,28,23,110,72,70,13,54,39,67,41,30,21,26,17,18,14,20,20,61,47,29,30,20,8,14,50,26,18,21,39,12,77,11,25,34,28,44,42,30,26,68,44,29,43,42,43,40,33,16,13,39,53,48,35,45,34,19,38,33,59,23,9,19,25,14,23,29,8,18,42,35,83,31,16,22,22,53,34,20,40,15,62,14,45,33,34,6,16,34,71,10,25,29,9,18,11,51,53,9,10,33,15,15,7,9,6,25,10,54,5,12,43,14,11,29,6,12,11,24,60,52,9,11,7,8,8,10,16,60,12,9,38,7,15,6,35,32,42,54,23,11,32,154,38,15,6,11,9,8,25,10,10,21,15,107,93,56,42,18,52,15,32,27,206,32,29,31,15,51,9,30,38,28,13,57,29,8,22,17,-20,44,33,43,27,25,27,53,56,84,35,83,97,16,29,140,34,77,62,27,33,134,29,34,23,42,32,45,50,34,44,44,34,51,34,47,41,61,43,36,47,26,47,43,24,21,41,-20,46,29,35,33,37,50,27,53,39,16,23,27,35,31,40,61,18,33,25,24,27,43,28,24,31,41,41,37,60,32,30,45,36,58,116,34,75,14,18,11,34,8,12,20,10,13,18,19,36,19,36,83,51,82,4,8,4,36,14,10,5,15,40,45,8,36,40,40,58,49,63,12,14,14,26,25,132,20,46,24,27,21,20,21,21,16,34,28,19,12,17,45,21,28,27,67,25,14,25,36,24,20,26,10,17,32,8,19,12,16,38,17,-20,11,14,39,23,17,21,21,14,13,38,25,13,17,16,19,12,9,63,23,18,13,86,15,16,19,17,13,14,-20,28,27,15,18,20,12,20,18,17,6,26,8,19,95,18,21,21,17,-20,34,19,17,39,26,20,23,22,21,22,13,7,4,6,14,10,18,9,17,19,15,51,24,17,16,31,25,13,188,32,15,17,16,12,19,26,14,18,6,5,20,18,18,19,18,28,59,18,12,8,23,17,17,21,15,15,14,27,22,12,21,10,9,9,21,16,8,6,20,12,22,14,11,9,64,45,23,16,13,17,4,35,19,18,22,20,23,8,19,17,37,17,11,32,19,11,16,12,17,24,53,7,28,9,31,15,17,45,14,10,47,47,44,56,12,55,39,4,5,56,36,8,8,49,16,16,36,24,25,16,33,13,9,25,15,13,34,29,40,10,17,29,13,23,25,35,70,28,14,-20,11,8,15,27,30,-20,18,31,45,31,20,22,35,20,96,13,21,17,14,18,19,14,21,44,46,32,18,65,44,39,21,24,57,40,17,34,12,7,40,13,15,17,13,26,13,23,12,40,19,39,21,29,7,62,15,21,13,16,21,17,-20,18,29,20,7,9,10,49,44,15,76,23,65,56,69,20,26,35,46,62,48,43,43,47,46,36,125,62,44,14,39,28,123,39,14,23,34,40,41,39,47,38,62,42,63,104,13,-20,-20,145,36,49,59,44,41,36,14,25,11,21,20,13,20,18,11,17,12,7,16,12,16,24,-20,13,13,15,13,20,7,16,13,11,15,17,23,24,17,21,11,20,17,14,14,15,15,15,20,15,24,20,11,14,20,24,12,22,9,32,7,13,8,10,13,11,9,6,17,15,19,-20,8,13,13,15,10,21,13,8,11,17,20,16,15,15,14,16,28,16,13,13,13,8,15,14,12,22,15,5,7,11,10,8,15,-20,7,21,12,13,6,19,11,8,14,19,4,9,11,8,11,12,6,12,9,21,8,3,27,9,14,9,11,17,5,10,13,4,15,10,6,11,9,11,5,18,6,16,14,26,12,16,6,15,18,16,17,22,33,10,15,14,11,21,7,15,11,19,15,14,6,13,14,6,17,13,21,9,17,19,12,14,21,21,27,6,16,6,-20,28,21,10,14,14,16,12,8,18,4,11,21,11,23,10,13,9,12,-20,23,8,14,14,8,22,10,7,14,13,14,7,20,8,11,8,-20,31,21,12,18,15,24,19,16,100,11,28,23,19,20,38,25,24,28,26,24,12,18,24,27,22,15,32,19,14,27,35,21,23,18,7,20,24,28,22,33,15,16,24,23,17,13,12,18,22,22,17,19,11,10,10,9,22,3,10,11,12,15,10,8,11,15,23,20,14,9,14,10,11,11,10,22,16,16,11,15,10,23,8,17,-20,17,15,11,15,11,17,15,19,14,8,8,6,6,12,-20,3,10,5,8,12,12,21,15,-20,19,10,18,11,18,17,13,11,9,11,19,25,32,9,-20,42,3,6,18,13,15,21,18,18,19,-20,4,6,13,6,9,7,23,-20,14,9,7,9,17,6,10,16,-20,5,-20,8,3,6,11,-20,19,7,17,10,17,30,14,4,10,14,21,12,22,7,7,22,9,25,7,25,14,10,12,11,18,27,19,20,10,9,29,7,3,10,20,-20,13,23,10,13,23,26,12,9,-20,-20,10,9,23,10,17,12,16,13,-20,6,24,16,9,6,6,9,28,21,18,9,23,17,9,21,26,40,34,11,31,28,15,33,39,50,51,68,120,106,48,55,47,54,56
"chr4,7890709",4,8,11,8,5,11,8,15,7,4,8,16,29,31,13,22,28,21,113,69,72,14,57,39,67,41,29,23,28,19,19,14,22,21,59,48,28,32,19,9,16,52,24,16,23,39,13,81,13,24,35,34,44,45,33,23,67,44,28,43,42,42,41,33,18,13,39,59,46,35,47,33,20,39,31,59,22,9,18,25,12,23,30,8,18,42,36,85,30,18,22,23,53,34,21,40,14,65,11,46,35,35,7,14,36,71,10,26,30,9,17,10,53,51,8,10,33,17,14,7,11,6,26,11,55,5,11,44,14,11,32,6,10,11,23,56,51,11,11,7,8,9,8,15,64,11,9,39,9,15,6,36,35,47,52,24,11,33,168,43,15,8,12,12,8,24,8,9,21,16,112,97,51,39,18,53,13,32,28,204,31,32,30,19,50,9,33,38,28,13,54,24,10,23,18,30,46,31,41,27,26,30,60,63,81,38,85,98,16,28,138,34,77,59,28,36,133,31,34,24,41,31,48,51,32,44,43,37,48,35,47,43,64,48,36,45,25,48,43,23,21,42,33,47,29,34,35,36,50,24,52,43,15,21,30,34,29,38,59,18,34,27,26,28,41,27,25,30,31,39,37,61,33,29,47,37,59,105,33,73,14,19,11,35,8,13,19,11,13,17,20,36,17,35,81,55,88,4,8,5,39,15,11,5,15,40,44,8,35,39,43,62,48,65,12,15,14,27,26,132,20,44,25,27,21,20,22,22,15,36,28,18,12,18,45,21,29,26,72,25,14,25,36,24,19,28,11,17,36,-20,19,12,15,42,17,15,12,15,37,23,16,23,21,13,14,40,24,13,18,16,17,12,9,64,24,18,13,80,15,16,19,17,11,14,19,26,27,17,18,21,12,19,19,16,6,27,8,20,101,20,20,20,18,23,35,19,17,38,26,19,24,21,21,23,15,7,4,6,14,10,18,9,16,18,15,55,27,19,16,33,24,15,189,32,15,18,16,13,19,25,14,21,6,5,19,18,20,20,17,29,60,17,15,8,23,17,17,21,16,17,14,26,20,12,23,11,9,10,23,14,8,6,21,12,22,15,11,10,66,45,26,-20,12,17,-20,35,20,19,22,20,22,8,20,-20,36,17,10,32,18,11,16,13,17,25,54,7,25,9,34,15,17,46,15,10,46,47,45,59,10,54,35,6,6,56,37,9,8,52,16,16,37,23,25,18,31,13,9,23,15,12,36,32,36,11,17,29,15,24,28,36,67,27,13,-20,14,8,16,30,30,12,18,30,43,35,20,22,35,19,96,13,21,20,15,20,17,15,23,45,47,33,16,64,45,37,21,26,57,42,16,37,12,6,38,13,14,18,14,25,12,23,13,43,21,40,22,30,7,63,16,20,13,14,23,16,-20,18,29,20,8,9,10,49,45,16,73,24,63,54,65,20,24,36,46,66,47,44,42,46,44,35,128,61,46,14,39,31,122,44,14,23,28,49,42,38,47,37,61,42,62,110,13,49,49,153,39,47,59,45,42,37,14,23,11,20,19,16,21,22,10,18,12,7,16,12,16,24,-20,12,17,15,13,20,7,15,13,11,14,19,24,22,17,21,11,18,16,14,14,15,14,13,18,15,25,21,15,15,22,26,12,22,8,32,9,13,11,11,12,14,9,6,16,14,18,8,9,12,14,15,10,22,12,9,10,18,19,16,15,13,17,19,28,15,12,13,12,7,14,12,11,24,17,5,8,10,10,8,16,8,7,20,13,15,6,18,9,8,15,21,4,-20,11,8,12,11,7,12,10,22,8,3,28,-20,14,9,12,18,4,10,11,-20,17,10,7,12,10,11,5,18,6,16,15,23,12,18,-20,13,17,16,14,18,30,10,15,15,11,21,7,15,12,18,18,14,6,13,14,6,16,11,21,8,17,17,10,17,21,23,27,6,16,7,15,27,20,-20,15,15,14,12,8,18,4,12,22,12,24,12,12,11,12,-20,23,8,14,15,9,20,10,6,-20,14,15,7,20,8,10,-20,-20,32,20,11,19,16,24,19,17,101,11,29,22,18,19,39,25,25,27,25,25,14,16,24,25,22,14,31,23,17,24,35,22,22,18,8,22,23,32,27,30,15,16,24,22,18,17,12,18,25,21,18,18,14,11,10,8,22,3,11,11,11,16,7,7,11,14,23,18,14,12,13,10,10,12,10,22,15,16,11,14,10,25,9,18,14,17,17,11,14,11,17,17,21,17,8,8,6,5,11,-20,3,10,6,8,11,12,23,18,21,18,12,19,11,15,18,13,11,-20,12,20,26,33,9,16,43,3,4,18,13,14,19,17,20,19,8,4,6,11,6,8,6,25,6,10,9,8,10,15,6,9,16,-20,6,-20,9,3,6,11,9,19,8,17,11,15,30,16,7,12,-20,22,12,24,8,7,24,9,27,9,22,12,7,-20,-20,18,-20,-20,18,10,8,29,7,-20,5,21,9,12,20,10,14,-20,26,-20,9,8,7,10,7,24,14,17,11,17,14,20,10,27,15,8,-20,7,10,27,-20,18,8,23,15,12,19,27,38,34,12,32,31,14,35,39,48,50,72,125,103,47,57,44,54,60
"chr4,7890716",4,9,12,7,7,11,10,14,8,4,9,14,28,34,14,19,29,21,115,71,61,15,54,41,77,39,29,20,25,17,17,15,20,21,60,43,28,35,19,9,17,50,27,15,25,40,13,81,12,27,38,35,46,40,36,19,61,45,32,41,45,47,42,31,18,12,37,62,46,32,51,34,18,42,31,57,23,8,19,23,12,23,25,8,18,41,35,83,25,20,20,25,47,32,24,39,14,65,12,41,37,36,7,14,40,71,10,25,28,9,18,10,52,52,10,10,39,18,14,8,11,6,27,12,59,5,11,42,14,13,34,6,9,11,23,59,51,13,12,7,11,11,9,15,66,11,8,41,9,17,6,36,35,51,51,24,9,28,177,49,14,11,11,11,8,25,8,9,20,13,117,95,56,34,19,54,11,36,30,222,31,35,28,18,61,10,33,35,20,12,50,24,8,25,20,30,40,29,41,27,29,30,58,60,68,34,87,99,16,30,136,34,79,56,31,32,139,29,34,19,40,30,52,48,33,47,42,34,46,35,41,45,59,53,29,33,29,39,40,22,21,35,34,53,29,34,33,32,46,27,52,47,15,23,31,32,28,39,61,22,36,28,30,30,38,24,26,31,34,44,34,47,39,27,47,38,59,100,32,75,16,19,10,35,8,16,20,9,11,16,20,28,16,34,81,55,87,6,9,5,39,16,10,6,14,38,44,8,38,39,46,62,47,67,15,16,13,26,27,149,20,44,25,26,19,24,24,23,17,39,25,20,12,20,48,22,28,27,76,24,17,29,38,25,19,28,-20,15,39,-20,16,10,16,44,20,18,14,15,40,20,17,24,20,12,14,46,25,14,21,19,18,11,11,64,25,18,11,89,17,19,19,16,11,-20,21,27,30,20,16,22,12,18,19,16,8,25,7,18,104,18,22,19,20,26,34,21,16,39,24,20,31,23,18,22,14,7,5,7,15,11,20,9,17,18,15,49,26,19,17,33,26,16,192,32,10,18,14,11,18,24,15,21,5,6,21,16,16,19,21,29,65,17,16,9,22,18,18,20,15,17,13,24,23,13,23,10,9,8,22,14,8,7,23,13,21,15,15,10,64,46,26,16,13,14,-20,34,19,16,21,19,23,8,19,16,35,16,9,30,18,13,17,13,-20,25,50,8,27,8,31,15,21,51,16,10,45,46,44,59,10,53,38,7,5,53,41,10,9,51,13,17,39,23,24,18,31,13,-20,24,17,13,33,33,32,11,18,29,14,23,27,33,68,28,14,3,14,8,18,28,29,12,18,32,42,36,22,17,36,21,103,14,22,16,16,23,19,16,23,52,48,32,13,66,47,37,20,28,56,43,15,40,10,8,38,13,12,19,13,24,12,25,13,48,22,41,22,28,8,66,17,21,11,12,26,15,29,19,34,23,8,8,11,49,41,17,81,21,61,48,69,24,22,34,46,68,45,48,43,39,38,35,116,56,48,12,35,38,119,52,10,19,26,50,43,37,39,41,62,42,53,102,17,49,53,151,39,50,60,42,43,35,18,21,11,21,18,16,21,22,9,18,16,7,14,13,17,23,-20,13,20,16,13,21,8,16,13,10,16,19,24,22,18,22,12,20,17,15,18,15,14,16,17,15,31,21,15,15,22,27,12,21,9,31,7,15,12,9,12,15,8,7,17,18,20,7,11,14,16,16,10,25,13,8,10,16,16,18,14,13,17,21,31,14,9,13,14,7,15,10,12,29,18,6,7,13,11,8,18,7,8,26,15,17,8,19,9,11,15,22,3,10,12,7,11,11,8,16,9,22,8,3,27,9,13,-20,13,19,4,11,11,6,18,10,9,11,13,12,6,20,6,16,15,27,11,17,-20,13,19,15,15,19,31,11,17,16,11,21,7,17,12,18,21,16,6,11,16,6,15,13,21,8,15,20,12,19,26,26,29,6,17,7,17,27,20,12,14,17,14,11,10,18,4,13,20,13,24,14,12,13,14,-20,27,8,14,16,10,22,10,6,11,18,13,7,19,8,11,9,7,34,20,13,19,17,24,19,17,101,11,34,24,19,23,37,24,29,26,27,24,14,17,25,25,24,12,30,24,19,27,36,24,22,19,8,22,26,35,28,32,15,20,24,23,16,17,13,19,27,22,18,18,14,11,10,10,22,3,14,10,13,17,8,7,11,15,25,18,17,12,13,12,11,15,11,24,16,16,11,16,11,29,9,19,14,16,20,12,15,12,17,17,23,19,9,9,7,5,13,-20,4,10,6,9,12,11,24,19,18,17,12,19,11,14,21,13,10,12,12,21,25,34,11,18,46,3,5,19,14,12,19,19,18,17,10,3,6,11,7,8,6,29,5,11,9,9,9,16,8,11,17,-20,6,3,7,3,7,11,12,23,8,21,12,16,29,21,7,8,14,16,13,25,4,6,23,13,20,9,25,13,9,13,15,20,23,16,16,10,8,28,7,-20,6,21,11,11,21,9,13,24,22,11,8,9,4,14,12,20,11,17,15,16,12,19,10,25,14,11,5,5,7,22,22,17,9,20,11,12,22,25,40,36,13,30,32,17,34,34,47,55,80,125,105,45,58,47,56,58
"chr4,7890718",4,9,12,7,10,11,10,15,8,5,9,13,29,36,14,19,28,20,116,69,64,15,58,42,77,41,32,21,26,17,17,17,21,19,60,43,28,38,19,11,17,55,31,15,24,40,13,81,12,27,38,35,45,38,36,19,59,45,33,41,49,44,40,31,18,14,36,65,50,33,53,34,18,43,31,58,22,7,19,24,13,23,23,8,17,40,36,81,26,21,20,25,48,34,23,39,13,66,14,41,38,38,7,14,39,69,10,27,32,10,18,8,53,56,11,10,40,18,12,9,11,7,27,12,60,6,11,44,14,13,32,8,9,11,23,59,45,12,12,7,11,11,8,14,66,12,9,40,9,17,6,36,35,50,54,24,11,24,181,47,14,12,10,12,10,27,12,9,21,13,118,94,56,35,18,51,14,36,31,219,32,35,28,17,60,7,33,36,20,12,47,25,9,25,20,30,39,25,41,27,29,30,58,62,72,35,88,99,16,30,136,36,79,56,30,34,137,29,34,19,40,31,53,48,35,47,44,34,47,37,40,43,60,49,28,34,28,40,39,22,22,31,33,53,29,34,33,30,44,28,52,47,15,22,31,32,28,40,62,25,36,27,32,30,39,25,29,29,36,43,35,47,38,29,44,39,61,101,34,73,17,21,10,33,8,16,19,9,11,16,20,29,16,32,81,55,81,7,9,5,41,16,10,6,15,38,45,8,38,41,45,63,47,68,15,16,13,26,25,152,21,45,25,25,19,24,23,22,18,41,25,20,12,20,49,19,29,28,75,24,17,29,39,25,17,30,-20,18,37,9,16,10,15,44,19,17,14,15,41,20,15,23,21,12,15,44,26,14,19,19,19,10,13,69,22,18,10,92,17,19,19,16,10,13,20,28,31,20,16,21,12,18,19,16,8,25,7,20,106,18,23,19,21,27,35,21,16,38,25,20,30,24,17,22,15,7,5,7,14,10,20,10,17,18,14,49,24,20,17,33,26,16,188,34,10,19,15,10,17,23,15,21,5,6,20,17,16,20,23,28,64,16,16,9,24,17,16,18,15,17,13,25,25,13,22,11,8,8,22,14,8,8,22,12,21,15,15,10,63,49,27,16,13,14,-20,35,22,16,20,20,23,8,19,16,38,16,-20,29,18,14,17,13,15,24,53,8,28,7,33,15,21,51,18,10,46,45,45,56,9,53,35,7,5,55,41,10,9,53,13,16,40,24,24,18,31,13,9,24,17,14,32,33,31,11,18,29,15,23,29,35,68,28,14,3,13,8,17,27,30,12,18,32,39,36,21,17,35,20,102,15,22,17,15,22,20,17,25,51,46,32,13,65,48,37,19,30,55,44,13,40,10,8,38,13,11,20,14,23,12,24,11,43,23,42,21,28,9,64,17,22,11,15,29,16,30,18,33,24,10,8,11,51,42,17,79,23,60,49,72,23,24,34,48,66,45,49,44,39,41,35,115,53,45,13,35,39,114,58,10,21,23,52,42,38,39,40,66,41,54,102,17,47,53,154,37,50,57,38,45,35,18,19,12,20,18,16,22,21,9,17,16,7,13,17,17,24,-20,11,20,17,12,21,8,16,14,10,16,20,23,22,18,21,12,20,16,15,17,15,14,17,16,11,33,21,17,15,20,27,12,21,9,29,8,15,12,10,12,15,8,9,18,19,20,10,11,13,16,16,9,25,13,8,12,16,17,19,14,13,17,25,31,15,9,15,16,10,15,12,13,29,19,6,7,13,11,7,18,10,8,28,15,18,9,20,9,12,14,22,4,11,12,7,10,10,7,15,9,21,8,-20,27,7,14,9,13,20,4,12,11,5,19,10,9,11,13,12,6,20,6,16,15,28,12,16,-20,11,25,15,16,18,33,11,17,16,11,21,6,17,13,18,20,15,7,11,16,6,15,13,21,10,15,20,12,18,28,27,28,6,18,7,17,27,20,12,14,18,16,11,10,18,4,13,19,12,24,14,11,13,15,-20,27,8,14,16,11,23,10,6,10,18,14,7,19,7,13,9,7,34,20,13,19,17,24,20,17,101,12,35,26,19,23,38,24,27,25,27,25,15,16,25,25,23,12,30,25,18,28,38,24,21,19,8,22,27,34,30,34,15,19,26,22,17,19,13,19,28,20,18,18,15,10,10,10,22,3,15,9,13,17,8,7,10,15,25,17,18,12,13,10,12,14,12,25,16,15,13,15,11,31,8,19,13,22,20,14,15,14,16,17,23,19,9,9,6,5,14,-20,4,11,6,10,12,12,23,20,15,16,12,18,12,13,21,14,10,11,13,21,26,33,13,18,45,3,5,21,15,13,19,21,18,20,10,2,6,11,7,8,6,28,5,11,9,9,9,16,9,11,17,-20,7,-20,8,-20,7,13,11,23,8,22,9,17,30,21,6,9,14,19,14,24,6,5,28,13,23,10,25,13,9,14,15,18,24,17,16,10,8,32,6,-20,7,22,10,12,23,9,13,25,22,13,8,9,4,14,11,20,11,16,16,14,10,18,10,25,15,9,-20,5,8,23,20,16,8,21,10,13,20,25,40,37,13,29,31,17,35,33,46,54,81,126,102,44,57,47,55,57
"chr4,7890722",4,10,12,7,10,10,9,14,6,4,9,14,28,35,14,19,28,20,116,69,59,14,57,40,77,42,32,22,26,17,18,17,21,19,68,42,28,39,19,11,17,59,30,20,24,40,13,85,11,26,41,34,44,39,35,20,60,45,34,40,50,43,42,30,18,14,36,66,48,34,52,34,13,43,31,55,20,8,18,23,12,22,24,8,16,39,39,75,26,21,18,24,50,33,24,40,10,68,13,42,42,35,6,12,38,68,13,28,31,10,18,5,52,54,10,9,43,15,10,9,10,6,26,10,59,5,9,49,13,11,31,7,8,10,24,60,48,12,10,7,9,11,8,13,66,9,8,41,9,14,6,34,34,51,54,21,12,26,179,48,13,11,9,11,9,26,12,9,21,13,117,100,57,44,19,47,15,35,30,220,31,35,26,19,60,7,34,34,21,13,44,23,10,24,21,29,39,26,51,26,31,31,58,61,77,39,86,97,15,31,139,35,76,61,29,33,131,30,30,19,41,28,53,45,34,47,43,35,42,36,41,40,56,50,27,34,29,39,38,24,22,30,34,50,28,37,36,31,47,29,53,46,15,23,31,31,28,40,62,24,37,26,33,31,39,23,26,28,34,44,41,52,41,29,39,39,59,105,40,70,16,21,9,35,9,18,18,7,10,15,19,32,16,33,77,54,81,7,5,4,41,15,8,6,15,35,45,7,40,43,44,62,49,64,15,14,16,27,23,152,21,43,26,29,22,23,24,21,18,38,23,21,12,21,49,18,31,28,73,24,18,29,37,25,18,32,12,18,37,9,16,10,14,45,18,18,15,15,37,20,15,22,21,13,16,46,27,14,21,19,20,10,13,68,22,18,10,90,17,19,19,17,11,11,19,27,33,19,15,17,12,18,19,17,-20,25,6,20,102,18,21,20,21,26,35,23,15,41,24,21,32,24,21,21,16,5,5,7,15,10,19,9,19,18,15,48,25,20,18,33,24,16,194,33,11,19,16,11,14,25,16,20,5,7,20,17,17,20,24,27,62,14,15,10,23,16,13,17,14,17,14,26,27,15,22,10,9,8,24,14,8,6,22,13,19,16,15,10,67,50,25,15,13,14,-20,34,23,16,21,20,24,9,18,16,37,15,9,31,18,13,17,13,15,23,55,8,28,7,35,13,22,49,17,11,46,44,44,58,8,50,35,7,5,51,38,10,8,51,14,16,39,25,22,16,32,13,9,25,18,12,31,30,29,11,20,29,16,22,32,34,63,28,14,2,12,7,16,27,32,12,16,35,37,33,21,18,34,24,102,14,22,20,16,23,19,16,25,55,47,33,14,64,47,36,21,32,51,44,13,37,10,6,35,10,11,18,11,19,10,21,11,43,18,40,17,25,8,67,17,19,11,13,27,15,30,15,29,20,10,5,11,51,54,17,77,22,64,52,75,23,22,36,45,63,47,51,40,40,41,36,120,57,52,12,32,38,114,58,9,19,25,50,44,40,38,38,63,39,52,110,18,45,56,153,38,43,59,35,43,37,17,19,10,18,18,14,20,18,9,17,13,7,12,16,17,20,-20,9,19,15,11,19,8,16,12,9,13,19,22,21,14,19,9,20,15,13,14,13,13,13,14,13,30,16,17,13,16,23,12,22,8,28,8,14,12,11,11,12,8,9,17,18,20,10,10,14,16,14,9,22,14,6,10,16,16,19,13,13,17,23,25,14,8,14,13,9,17,11,12,25,16,5,6,9,9,7,15,8,-20,26,13,14,8,19,9,10,13,18,3,9,9,4,9,7,5,15,7,18,7,-20,26,5,10,6,13,19,3,11,8,5,17,9,8,9,12,9,5,20,5,16,15,29,9,14,-20,11,24,14,14,17,29,6,14,14,9,19,6,16,11,17,18,14,7,9,15,5,14,11,15,9,14,20,10,16,22,25,23,4,18,7,14,24,19,12,12,17,13,10,10,16,-20,10,18,11,19,12,8,12,12,-20,25,7,14,15,9,19,8,5,9,16,14,5,15,5,12,9,6,32,16,11,18,17,23,20,17,98,12,29,23,19,19,35,22,24,21,23,25,10,13,23,20,21,11,27,21,18,24,34,21,17,14,7,19,23,31,28,34,10,14,24,20,15,16,13,16,25,18,18,18,15,10,8,8,16,3,13,6,11,14,7,7,9,11,21,17,18,12,13,9,9,11,12,21,14,15,11,11,10,29,8,19,11,22,19,13,14,14,17,14,22,17,8,7,4,4,13,-20,4,8,6,10,11,10,20,17,10,17,11,12,11,13,18,14,11,9,13,20,24,28,11,13,39,3,5,19,15,13,16,21,17,19,8,3,4,9,6,7,6,26,4,11,7,8,9,15,8,11,15,-20,8,-20,7,-20,7,12,11,21,8,23,10,16,29,20,8,11,15,18,16,26,7,5,25,14,23,10,25,11,9,15,16,18,26,15,16,8,11,28,-20,-20,7,22,12,12,21,7,14,27,23,12,7,11,4,15,11,20,10,15,15,14,10,24,10,25,14,12,7,5,6,23,18,13,11,21,11,12,22,24,38,39,14,29,31,17,36,33,48,54,81,126,93,44,59,48,56,59
"chr4,7890723",4,10,12,7,10,10,9,14,6,4,9,14,27,35,14,19,28,20,120,69,59,14,58,40,78,41,32,23,26,17,18,17,21,19,66,43,30,39,19,10,17,59,30,20,23,41,13,86,12,26,41,35,44,39,35,20,60,44,34,40,50,43,43,30,18,15,36,66,50,34,52,33,13,41,31,56,21,8,18,23,12,22,24,8,16,40,39,76,26,21,17,24,49,33,24,41,10,72,13,43,42,36,6,12,38,70,13,29,31,10,18,5,53,56,10,9,42,14,10,9,10,6,26,10,59,5,9,54,13,11,30,7,8,10,24,61,49,12,10,7,9,11,8,13,67,9,8,41,9,14,6,34,34,50,52,21,12,26,180,48,13,11,9,11,9,26,12,9,21,13,119,103,53,43,21,47,15,35,31,201,31,35,27,19,37,7,36,34,21,13,42,25,11,24,21,30,39,27,52,26,32,30,59,63,81,39,97,101,15,30,139,37,77,61,29,33,132,29,32,19,43,27,53,46,34,47,43,35,43,37,42,40,56,50,27,35,30,38,38,24,22,31,37,50,29,38,36,31,46,30,53,45,15,24,31,33,30,40,60,24,37,29,33,31,38,24,28,27,32,44,41,51,41,28,39,38,60,102,41,69,16,21,9,33,9,18,18,7,11,16,19,32,16,34,77,54,82,7,5,4,41,15,8,6,14,35,46,7,41,44,44,64,49,64,15,14,15,28,23,152,21,43,25,30,22,23,25,20,18,44,23,22,12,21,49,18,31,28,73,24,18,29,37,25,18,32,12,17,38,9,16,10,14,45,18,18,15,15,37,19,15,22,21,13,17,48,26,14,21,19,20,10,14,67,23,19,10,92,17,18,19,18,11,12,19,27,33,20,15,17,12,19,20,17,8,25,6,21,103,18,22,20,20,27,36,23,15,42,24,22,32,24,21,21,16,5,6,8,15,11,19,10,19,18,15,50,25,20,19,33,24,15,196,33,11,20,16,11,14,25,16,20,5,7,20,18,17,20,24,26,62,13,15,11,21,16,12,17,15,17,14,24,27,15,23,10,9,8,24,13,8,6,21,13,19,16,15,10,66,49,25,14,13,14,-20,33,24,16,22,20,25,7,18,16,38,15,9,32,18,13,18,13,16,25,55,8,28,7,35,13,22,47,17,11,47,45,43,59,8,50,35,7,5,52,38,10,8,51,13,14,40,26,23,16,33,13,9,25,18,13,31,31,29,11,20,30,17,22,32,35,61,28,14,2,13,7,14,28,32,13,16,35,37,31,22,18,34,24,104,14,21,20,16,23,20,16,25,55,48,33,14,64,48,36,21,31,49,44,12,37,10,6,35,10,11,19,11,19,10,21,11,43,18,40,17,25,8,67,17,19,11,13,27,15,30,15,29,19,10,5,11,51,54,17,79,22,64,52,70,24,21,36,46,64,48,51,43,39,40,36,123,58,52,12,32,39,115,59,9,19,24,50,44,40,37,36,63,38,52,114,18,44,54,146,38,43,61,32,42,36,17,19,9,18,18,14,20,18,9,17,13,7,12,16,17,21,-20,10,19,15,11,19,8,16,12,9,13,19,22,20,14,19,9,20,15,13,14,13,13,13,14,13,30,15,17,13,16,22,12,22,8,28,8,14,12,11,11,12,8,9,17,17,20,10,10,13,16,14,9,22,14,6,10,16,16,19,13,13,17,23,25,14,8,14,14,9,17,11,12,25,16,5,6,9,9,7,17,8,7,26,13,14,8,19,9,10,13,18,3,9,9,4,-20,7,5,15,7,18,7,-20,26,5,10,6,13,19,3,11,8,5,17,9,8,9,12,9,5,20,5,16,15,29,9,14,-20,10,24,14,14,15,28,6,14,14,9,19,6,16,11,17,18,14,7,8,15,5,14,11,15,9,14,20,10,16,22,24,23,4,18,7,14,24,19,12,12,17,13,10,10,16,-20,10,18,11,21,12,8,12,12,-20,25,6,15,15,9,19,7,5,9,16,14,5,15,5,12,9,6,32,16,11,18,17,23,20,17,100,13,29,23,19,19,35,21,24,21,23,24,10,13,23,20,21,11,27,21,18,24,33,21,17,15,7,18,24,31,28,34,10,14,24,20,15,16,13,15,25,18,18,18,-20,10,8,8,16,3,13,6,10,14,7,7,9,11,21,17,18,12,13,10,9,11,12,21,14,15,11,11,10,29,8,19,10,22,19,13,14,14,17,14,22,17,8,7,4,4,12,-20,4,8,6,10,11,10,20,16,10,16,11,12,11,13,18,14,10,9,14,20,24,28,11,13,39,3,5,19,15,13,16,21,17,19,8,3,4,9,6,7,6,27,4,11,7,8,8,15,8,11,15,-20,8,-20,7,-20,7,11,11,21,8,22,-20,17,29,19,10,9,15,18,16,22,8,5,29,14,22,9,26,13,10,14,17,18,27,13,14,11,10,30,8,5,8,23,14,10,21,7,12,27,23,11,7,12,4,15,11,21,12,16,12,13,10,23,10,27,14,13,7,5,6,22,20,16,10,21,12,12,23,24,38,39,14,29,31,17,35,33,48,54,74,126,93,45,59,47,55,60
"chr4,7890724",5,11,12,7,11,10,10,15,7,3,9,14,26,36,12,19,28,19,121,73,58,14,59,43,78,41,34,24,26,17,18,17,22,20,70,42,30,38,18,10,18,59,30,20,23,42,13,86,11,25,39,35,43,39,34,20,60,46,35,39,51,44,44,30,18,16,38,64,50,33,52,34,16,40,31,57,22,8,23,24,12,22,23,9,17,40,42,73,27,21,16,24,50,32,25,43,11,73,13,44,43,36,7,13,38,70,13,31,32,10,18,5,54,55,10,10,43,16,10,9,10,7,26,11,58,5,9,54,13,12,31,9,9,10,24,62,48,12,10,8,9,11,8,16,66,9,8,41,8,15,5,33,33,50,53,20,10,26,180,48,13,11,9,11,10,27,12,10,20,13,120,103,53,43,21,44,15,35,31,184,33,35,27,19,37,8,34,33,21,13,42,25,12,24,21,30,39,26,51,26,33,30,57,61,80,41,99,102,15,29,139,36,77,64,28,33,133,29,32,19,43,27,52,48,35,46,43,36,43,36,41,38,56,50,26,34,28,38,37,24,21,31,37,53,29,38,36,32,47,32,53,45,15,23,31,32,30,40,59,24,37,30,33,30,38,25,28,26,35,43,40,51,40,28,32,36,61,98,40,69,15,21,9,34,9,18,18,7,11,16,17,32,16,36,77,47,85,7,6,4,42,17,8,6,14,36,45,7,39,45,45,65,49,63,15,14,14,28,23,155,20,45,25,30,21,23,25,19,17,45,23,23,11,21,50,18,32,27,72,24,18,31,38,26,19,33,12,17,39,9,16,-20,13,45,18,18,15,15,36,20,16,21,21,13,17,50,27,13,21,19,20,10,14,68,24,19,8,92,16,19,19,18,11,12,19,28,33,20,15,16,12,18,21,17,7,26,6,22,104,18,20,20,21,27,36,23,15,41,25,22,32,24,22,23,17,-20,6,8,15,11,19,10,19,18,17,49,25,20,20,33,26,15,200,33,11,21,16,11,14,25,16,21,5,7,20,18,17,20,23,25,64,14,15,11,21,16,13,16,15,17,14,23,27,15,23,10,9,8,24,13,6,6,23,13,19,16,15,10,68,50,25,14,12,14,-20,34,25,16,22,21,26,7,19,17,39,16,9,32,18,13,18,13,15,25,55,9,29,8,35,13,22,47,17,11,48,47,43,60,8,50,38,7,7,53,39,10,8,51,12,13,39,26,23,16,33,13,9,25,18,13,31,31,28,-20,20,32,19,23,32,35,61,29,14,2,15,7,14,27,32,12,16,35,39,32,22,18,33,25,105,14,22,19,16,23,23,17,25,55,48,32,14,66,48,35,22,32,49,44,13,40,11,7,37,10,12,20,13,20,10,22,11,47,18,42,17,26,9,71,19,21,12,15,27,16,33,17,29,21,9,5,11,50,54,17,79,22,64,52,69,24,21,36,46,64,47,51,42,39,40,35,121,59,52,12,32,39,112,58,9,19,23,49,43,39,37,35,62,37,51,117,18,45,53,146,37,43,60,32,40,37,17,20,9,18,18,14,20,18,9,17,14,9,13,17,18,22,-20,10,19,13,12,20,8,18,12,9,13,19,22,20,15,20,11,20,16,14,16,15,15,14,16,14,30,14,18,13,17,24,14,24,-20,30,8,14,14,13,11,13,8,10,18,18,21,9,12,14,16,16,10,21,14,6,9,16,16,21,13,16,18,22,23,17,8,16,16,9,17,12,12,26,19,5,6,9,13,8,18,9,7,27,13,17,8,20,10,10,13,19,3,9,11,4,10,7,5,15,8,18,7,4,26,6,-20,6,13,19,3,11,8,6,19,9,9,11,14,9,6,19,6,18,17,29,10,14,-20,12,24,15,15,15,29,6,14,14,10,19,5,17,11,17,19,15,9,9,15,5,15,12,15,12,16,21,10,17,22,25,24,4,18,7,17,26,21,15,12,17,15,10,11,16,-20,10,23,13,21,11,8,12,13,-20,27,6,17,15,9,19,8,6,10,16,14,6,15,6,14,8,6,32,17,11,19,16,23,20,17,102,13,31,24,22,20,37,22,26,23,24,25,12,13,23,20,22,14,28,23,21,28,35,23,19,15,8,18,26,31,29,34,10,14,25,20,16,16,13,16,25,19,17,19,15,10,8,8,16,3,13,6,10,14,7,7,9,11,21,18,22,12,13,10,9,12,13,21,16,14,11,11,10,30,8,20,12,24,19,13,14,13,17,14,23,16,8,7,5,4,12,-20,4,8,7,10,11,12,21,17,10,16,11,14,11,15,18,15,11,10,14,21,24,28,12,15,43,3,5,19,15,13,17,21,17,19,8,3,4,9,6,7,7,28,4,11,7,9,9,16,8,11,16,-20,8,-20,8,-20,7,12,12,20,9,21,10,16,33,21,8,10,15,18,15,24,8,4,30,13,21,9,22,11,10,14,19,18,28,14,17,10,16,28,8,-20,7,22,12,11,17,7,13,26,26,12,6,11,5,13,11,24,13,15,14,14,10,20,10,25,15,12,6,6,8,24,19,13,10,21,12,11,22,22,38,39,14,29,31,17,35,33,47,53,74,126,93,43,59,49,57,60
"chr4,7890730",6,12,13,6,11,9,8,17,7,4,10,13,25,34,13,18,27,19,115,73,59,13,63,41,81,39,34,24,25,18,18,15,22,22,72,42,31,41,16,8,18,59,28,19,22,42,12,85,10,23,45,32,42,38,35,20,53,37,33,41,50,40,45,29,18,13,39,63,51,33,53,35,16,42,27,58,20,8,24,23,9,21,22,6,16,39,41,75,33,20,17,24,50,33,24,43,9,70,12,44,40,39,7,14,40,65,13,29,30,10,17,5,56,54,10,13,48,17,11,9,10,7,26,11,55,5,9,60,10,15,29,7,11,9,26,63,49,11,10,9,9,12,8,16,65,8,8,43,6,16,5,33,39,51,50,20,9,25,174,44,11,10,10,10,10,26,13,11,23,16,128,97,53,44,21,45,15,36,38,180,33,35,29,18,59,9,33,31,21,13,34,30,13,22,21,30,42,24,53,32,37,29,59,64,76,41,83,97,17,28,138,34,77,69,28,31,131,30,31,20,44,29,45,51,44,55,43,39,43,38,41,37,57,46,25,36,30,49,39,21,22,32,42,49,30,34,37,34,45,31,52,41,14,22,36,37,33,39,59,24,40,32,32,31,36,26,-20,27,34,48,38,52,45,27,33,37,58,91,42,78,16,24,10,35,11,18,17,8,12,15,19,31,13,38,82,48,80,-20,7,4,41,16,9,6,13,39,46,7,40,44,45,67,47,63,14,15,15,25,21,154,19,48,25,30,24,24,24,21,18,45,23,20,10,24,52,19,32,31,74,24,22,29,38,30,20,36,13,14,33,-20,17,9,13,48,18,18,14,-20,36,19,19,21,19,15,16,50,25,14,21,20,22,7,15,71,24,20,9,92,19,17,19,17,9,13,18,29,34,19,16,14,14,20,18,18,7,25,6,18,106,16,19,19,22,20,35,23,15,39,26,22,32,22,21,22,15,7,6,8,15,11,18,12,21,16,17,47,23,19,21,35,27,15,209,31,7,21,14,11,14,24,14,20,4,8,21,14,17,21,22,26,68,12,15,13,18,18,16,15,13,15,14,21,26,15,22,10,9,8,24,12,6,6,24,14,23,16,17,10,67,49,24,14,11,14,-20,36,20,15,22,24,24,7,15,17,34,17,9,32,17,13,20,13,13,26,59,9,28,10,33,13,21,46,17,12,52,49,40,59,8,50,38,7,8,54,41,8,9,55,15,13,42,30,26,15,33,12,9,30,18,13,31,33,30,10,21,29,17,26,29,34,72,31,13,3,15,7,14,30,30,10,17,37,39,33,22,20,38,24,101,11,23,22,16,23,25,18,23,50,47,32,13,67,46,35,23,32,48,48,12,40,13,7,33,9,12,21,14,22,9,21,10,49,18,41,17,27,9,69,18,21,13,17,28,16,33,17,27,22,9,5,12,46,56,18,81,24,59,55,68,21,22,35,44,64,45,48,40,43,41,42,128,58,51,12,30,35,114,61,9,20,20,51,44,40,36,39,59,37,58,125,16,44,55,158,38,42,67,32,40,41,19,20,7,17,22,14,17,19,9,15,14,10,13,18,21,21,-20,12,20,16,12,19,7,18,12,8,13,20,22,20,15,20,10,21,16,14,15,14,15,13,15,13,32,12,18,13,16,25,14,23,8,29,8,14,13,12,11,13,8,11,18,18,20,9,11,14,15,18,12,21,15,6,9,18,16,19,13,17,19,25,24,17,8,17,16,8,17,14,12,27,18,5,6,9,14,7,16,10,6,26,13,15,8,20,10,10,12,20,3,9,12,5,11,-20,7,17,8,18,7,-20,24,7,9,6,11,19,-20,11,7,5,19,10,9,12,13,11,5,18,5,19,14,26,12,14,-20,10,22,15,15,13,29,6,13,11,9,19,-20,17,13,16,22,15,10,11,17,5,14,11,14,12,15,22,10,18,21,26,20,-20,18,6,17,23,20,13,12,18,14,9,11,17,4,9,19,13,20,11,7,11,12,-20,27,6,17,14,10,18,7,6,10,16,14,7,14,5,15,8,7,28,15,12,18,15,22,21,18,100,14,32,25,22,21,31,23,26,24,25,23,13,11,24,18,21,17,31,23,19,28,33,24,21,17,9,16,24,31,30,37,11,13,26,21,19,13,12,16,23,19,14,17,14,10,8,7,16,3,13,8,9,12,7,7,9,12,20,15,22,12,13,11,10,12,14,21,18,13,11,14,11,31,8,18,13,25,20,15,12,11,17,14,21,16,10,8,-20,4,13,-20,4,9,7,10,12,11,22,18,8,15,11,12,10,15,17,16,11,9,13,18,26,29,14,13,46,-20,5,18,14,13,17,22,16,19,8,3,4,10,6,8,8,28,3,12,6,10,12,16,8,11,16,-20,8,-20,8,-20,7,12,15,24,11,24,8,18,33,17,13,6,15,19,16,29,10,4,36,12,-20,9,26,12,10,14,15,19,30,14,17,10,16,30,9,-20,6,22,12,11,24,7,15,27,28,11,4,11,5,13,17,21,10,13,13,14,11,24,11,20,14,8,6,5,10,24,18,14,11,14,15,10,23,21,37,41,15,29,31,16,35,34,50,50,74,112,96,45,57,47,55,61
"chr4,7890738",4,12,10,6,12,8,11,19,8,4,10,15,25,37,13,17,24,19,107,73,60,13,61,46,75,36,32,24,25,18,15,14,19,23,71,43,30,39,15,8,18,59,28,18,19,44,11,91,11,26,48,36,44,31,30,22,52,37,32,39,51,40,46,28,18,11,37,66,57,28,49,38,16,40,26,53,23,7,21,24,8,22,21,6,14,38,36,72,37,20,16,20,50,32,21,44,9,73,12,41,45,40,8,14,36,65,12,28,31,10,16,5,56,52,10,14,44,17,11,10,10,8,25,11,57,6,9,57,10,14,28,7,11,10,28,61,47,12,11,9,9,12,8,15,63,7,10,40,6,15,7,27,48,50,47,23,12,24,176,45,11,10,11,11,11,23,13,11,22,16,123,95,58,47,17,50,16,45,38,183,31,36,31,16,61,9,32,30,19,13,38,24,14,21,20,34,42,25,55,32,40,29,67,71,75,36,75,88,18,27,140,32,83,72,33,30,148,31,32,17,40,29,46,51,46,47,44,43,42,37,38,35,60,59,22,36,32,53,42,22,21,30,41,55,29,34,38,34,47,29,49,51,14,22,35,36,34,42,61,24,37,34,30,31,36,30,30,24,34,47,40,55,40,23,36,37,57,87,40,74,17,27,11,38,11,18,17,10,13,16,16,33,13,36,77,57,83,7,7,4,39,18,8,7,12,42,43,7,43,45,45,65,44,64,14,13,15,27,22,166,19,50,24,32,56,26,22,18,17,37,21,22,10,21,52,17,32,28,67,27,20,33,38,27,19,33,12,15,36,10,17,11,14,49,16,17,14,19,44,23,19,20,20,12,18,44,26,16,20,19,20,6,15,66,24,19,11,92,20,17,16,10,9,11,17,30,34,16,15,15,13,19,21,16,8,26,9,16,111,14,21,20,21,24,32,25,17,38,22,24,35,24,18,28,16,6,-20,9,16,13,16,12,16,14,18,49,21,20,21,33,26,15,222,28,4,18,15,10,13,21,13,18,3,8,19,13,19,23,20,28,70,9,15,13,18,18,16,17,13,15,15,15,25,15,19,11,7,8,24,13,6,5,25,13,23,15,20,12,59,44,21,13,11,15,-20,30,22,16,21,22,24,7,15,17,34,16,8,32,17,13,21,15,-20,21,59,9,28,12,31,12,20,40,18,12,53,55,41,59,8,46,42,8,8,53,40,8,9,55,14,18,44,30,27,15,34,12,9,31,16,10,28,29,36,9,21,32,17,25,28,32,71,32,12,4,15,7,13,31,31,12,17,37,37,33,20,19,37,22,97,11,23,19,22,24,24,16,20,51,44,32,14,62,48,31,22,32,51,51,12,42,13,5,32,8,11,21,13,20,7,25,9,47,19,37,19,26,11,71,17,23,12,16,26,16,36,17,26,22,9,7,11,46,54,17,82,27,56,46,63,18,26,34,42,63,44,50,39,41,40,36,134,55,52,12,34,34,114,62,12,22,21,60,45,35,31,46,60,34,54,105,16,36,54,149,38,43,71,36,42,46,21,22,6,16,21,15,15,17,11,12,14,9,16,17,22,20,-20,11,22,15,12,19,7,17,12,9,14,20,21,18,16,22,8,19,17,11,16,15,14,13,14,15,31,13,19,12,17,27,15,21,11,28,8,15,11,12,12,13,8,11,20,19,17,11,11,16,14,18,12,21,18,6,9,19,17,17,12,17,20,24,28,16,7,15,17,8,16,15,12,26,18,6,7,10,18,8,18,11,5,26,11,14,8,20,11,11,12,22,3,9,13,5,10,6,7,17,8,15,6,-20,23,9,9,5,11,18,-20,10,7,4,19,10,9,13,13,11,5,18,7,15,12,22,13,14,3,8,23,14,18,13,27,6,13,13,11,19,3,16,15,17,26,15,12,12,17,6,14,12,14,13,15,22,9,19,23,28,24,-20,17,6,17,22,24,12,13,17,13,8,13,16,3,9,20,15,20,11,6,11,9,-20,27,5,20,17,12,18,7,8,10,20,14,6,16,5,-20,6,7,26,15,12,16,16,22,18,18,98,14,31,25,19,22,31,22,25,24,26,24,14,13,22,16,21,19,31,24,21,29,25,25,19,17,8,18,24,29,28,36,13,10,22,18,20,17,12,18,22,19,14,15,13,9,7,6,15,-20,14,9,10,11,8,6,8,12,21,17,22,11,14,11,9,11,13,22,23,13,10,14,12,31,7,18,13,23,21,16,14,9,16,13,25,16,10,6,7,-20,12,-20,5,9,8,11,13,13,20,17,11,19,11,13,9,20,21,17,11,8,12,15,29,28,14,14,42,-20,6,15,16,14,17,26,16,20,9,3,6,7,7,9,9,27,3,10,8,10,13,17,8,10,14,-20,6,3,9,-20,7,13,15,22,10,26,12,15,34,20,15,10,14,19,15,28,11,6,37,13,23,10,22,13,11,15,18,17,31,9,13,10,15,24,10,5,9,20,14,9,23,5,15,25,23,11,9,10,4,12,15,27,10,13,15,18,11,32,12,25,9,9,5,7,10,20,23,11,9,19,14,10,23,20,33,39,16,27,35,17,34,34,51,52,71,124,88,46,50,57,60,63
"chr4,7890743",4,14,10,5,12,8,11,20,7,3,10,15,28,40,15,15,25,16,104,71,59,11,62,48,74,35,32,25,27,21,14,14,22,23,70,43,31,38,14,9,18,55,27,22,20,41,10,92,10,30,45,35,47,30,33,24,53,36,30,44,49,45,45,27,17,10,36,68,56,31,50,37,16,44,22,51,22,8,23,23,8,21,23,5,14,39,36,74,37,19,14,18,51,30,21,45,10,75,12,40,47,39,9,14,41,65,11,29,33,9,16,5,53,53,9,13,43,16,10,10,8,8,23,12,57,7,8,58,10,15,31,7,12,9,27,61,48,11,11,10,8,13,6,17,65,6,12,39,5,16,8,22,49,53,49,23,11,24,178,44,9,9,13,12,9,23,13,9,20,17,123,97,60,48,18,51,22,45,39,194,30,36,30,20,65,8,30,28,19,15,41,21,15,18,20,32,44,26,55,30,42,28,75,63,79,38,78,95,19,25,142,33,84,65,32,28,151,33,33,17,40,25,49,50,45,44,44,46,42,34,38,34,62,59,21,36,28,52,43,18,19,29,48,56,27,28,42,30,48,28,49,49,12,23,35,42,35,42,54,28,38,39,29,27,37,30,28,25,41,50,43,64,44,23,38,35,59,83,41,74,16,27,10,39,11,19,19,10,13,17,15,31,13,36,83,65,92,6,8,4,37,17,8,8,11,43,45,6,40,44,43,70,46,63,14,13,15,27,24,163,20,48,23,33,54,27,23,18,18,37,20,23,12,20,51,18,30,28,62,26,18,30,38,31,19,32,11,15,36,11,16,13,14,41,17,16,14,18,46,19,19,19,20,13,18,40,27,17,20,20,22,8,15,62,25,17,11,92,21,17,15,11,9,10,15,28,34,13,17,19,13,20,23,17,9,24,7,14,112,14,23,19,18,20,32,25,18,37,22,23,36,25,19,27,14,4,7,8,16,13,18,13,17,16,17,48,19,20,21,34,28,14,224,28,8,18,16,10,7,22,10,20,4,8,16,15,20,25,18,28,76,10,16,13,18,20,16,17,13,13,15,14,22,17,19,11,7,8,27,14,6,6,25,13,25,15,21,12,55,48,22,15,12,15,-20,33,21,17,20,22,23,7,17,12,33,13,6,33,15,13,20,15,-20,22,61,10,27,14,30,14,20,36,18,12,53,55,41,60,8,44,44,8,10,52,43,8,11,55,15,22,38,30,27,14,35,14,8,37,18,10,28,28,39,11,20,29,16,27,28,30,71,34,13,5,14,7,14,28,30,11,18,37,35,31,22,20,32,22,100,9,25,17,22,26,24,18,20,49,42,32,16,66,48,31,21,34,51,57,12,44,12,5,32,8,13,19,13,20,8,24,8,45,19,33,19,25,10,73,17,23,14,17,27,19,39,18,25,20,9,7,10,46,52,16,77,27,56,44,65,19,26,31,40,63,44,58,41,42,39,42,138,48,55,12,34,31,122,56,14,19,21,60,44,32,34,50,56,32,53,115,17,36,54,154,38,46,82,35,37,48,24,19,5,17,21,15,17,16,14,11,15,9,16,17,24,17,-20,10,22,17,13,21,7,17,12,8,14,20,22,15,17,20,-20,16,17,9,16,14,13,15,13,14,34,15,18,12,17,25,15,23,11,31,9,16,11,12,12,12,9,11,17,20,18,11,12,16,15,17,12,21,19,5,13,19,15,17,12,16,18,23,27,16,7,13,18,8,18,17,14,25,16,6,7,10,17,10,17,13,5,31,10,15,7,21,9,11,12,21,-20,9,14,6,11,7,7,15,8,15,6,-20,20,12,9,4,11,16,-20,9,6,4,20,13,10,12,11,8,5,17,8,15,11,24,14,16,3,7,23,16,17,14,22,5,13,15,11,18,2,15,15,16,23,15,13,12,16,5,11,12,16,13,14,23,7,19,24,25,25,-20,17,8,19,25,25,13,10,15,14,9,12,17,5,8,19,13,18,14,7,11,9,-20,28,4,21,15,13,18,6,11,13,23,12,6,14,5,19,7,7,29,15,13,15,16,20,21,18,94,14,31,25,18,22,31,23,24,24,24,21,13,13,22,13,19,17,29,25,21,28,26,24,23,17,7,20,27,31,30,35,13,8,20,20,20,17,14,17,22,18,10,15,15,8,7,6,14,-20,14,8,10,12,8,7,8,12,19,16,23,10,14,11,9,14,16,22,29,13,10,14,15,29,8,18,13,24,22,16,13,9,17,13,26,16,10,8,6,-20,13,-20,5,8,7,9,13,13,21,16,12,19,9,13,10,21,20,15,11,8,11,16,30,32,14,13,45,-20,6,14,18,14,17,25,14,22,9,3,8,7,7,9,10,24,4,9,9,13,14,17,7,9,13,-20,6,4,9,-20,7,11,15,20,13,24,7,15,30,20,14,8,8,18,13,27,11,4,33,7,24,7,20,8,9,13,14,15,22,10,12,7,16,23,10,-20,7,19,11,10,22,6,10,26,17,11,9,11,3,11,13,27,11,10,13,16,8,32,9,25,9,9,6,7,11,19,26,9,9,15,9,12,25,23,34,41,14,26,39,17,34,34,49,50,71,124,106,47,48,61,63,64
"chr4,7890746",4,13,12,5,12,7,11,19,7,3,10,14,28,37,15,15,27,16,105,73,59,12,58,48,76,33,36,26,27,21,14,17,23,23,67,43,30,40,14,9,17,57,32,25,22,41,10,93,10,33,51,35,47,31,32,25,57,37,29,44,47,46,45,31,18,10,35,71,55,31,50,37,16,44,23,53,21,8,23,23,8,21,23,4,13,36,35,73,37,19,14,19,50,30,22,43,12,76,11,40,46,40,9,14,41,68,11,29,33,9,16,5,49,49,9,11,46,15,10,10,8,8,23,12,58,7,8,57,10,14,31,7,13,10,27,62,48,11,10,11,8,12,6,16,67,6,11,41,6,16,-20,24,48,53,48,22,11,24,176,42,8,8,13,11,10,21,13,9,20,17,121,104,59,38,18,54,20,44,36,201,31,34,31,21,67,8,31,26,20,14,41,21,15,18,20,28,47,26,60,30,38,29,70,64,83,33,76,88,18,23,145,33,87,60,34,28,149,36,33,17,38,23,47,49,45,40,47,40,41,32,36,35,65,70,18,30,28,44,42,20,20,30,44,52,25,28,48,27,47,27,52,48,11,24,35,42,34,39,51,33,39,37,29,25,38,28,30,24,40,48,45,63,46,23,38,42,54,84,46,73,16,27,10,37,11,22,19,10,12,16,15,30,13,38,85,84,88,6,8,4,35,16,8,8,11,42,43,6,43,44,43,68,48,63,15,12,13,26,24,169,18,51,23,32,54,28,23,18,18,42,20,21,13,19,54,20,30,28,57,28,18,29,37,31,19,34,11,16,35,11,15,13,16,40,15,17,13,18,47,19,18,19,21,13,18,40,28,17,20,20,22,8,15,63,25,17,11,93,19,15,16,12,11,10,16,27,34,16,17,18,12,20,22,17,9,24,-20,15,112,13,22,19,18,23,35,25,19,36,22,23,35,25,19,28,15,5,7,8,18,13,17,13,16,17,16,44,18,17,21,37,30,12,224,29,7,17,17,10,7,23,11,18,4,8,15,14,18,24,18,29,79,10,16,12,18,20,16,18,13,13,15,17,24,17,17,11,6,8,25,15,6,6,25,14,25,16,22,13,55,48,22,14,13,14,-20,36,20,17,20,23,23,7,15,12,32,15,5,33,15,13,20,15,11,24,59,11,27,13,30,13,20,33,16,12,55,56,43,60,12,45,42,10,11,54,41,8,10,52,16,22,39,30,23,14,35,15,8,36,17,10,27,-20,43,10,19,27,18,30,24,28,73,33,13,5,14,8,13,30,30,10,18,37,37,32,20,21,32,22,101,9,25,17,23,27,21,17,20,43,46,30,16,68,48,31,22,34,51,56,11,42,12,5,34,8,12,19,13,18,8,23,8,46,19,33,20,24,10,75,17,25,13,16,27,19,40,19,26,21,11,6,10,48,54,16,79,27,56,43,67,19,26,30,41,61,44,56,38,42,36,43,140,50,55,12,37,31,124,55,13,18,23,59,45,30,36,49,62,32,49,124,17,34,52,151,38,44,81,35,33,48,23,18,7,17,21,15,17,17,14,9,18,8,16,16,28,17,-20,10,21,17,13,22,7,16,12,8,13,18,22,17,17,18,8,14,18,9,15,11,13,14,13,14,33,16,17,11,17,24,15,20,13,31,10,16,11,12,13,11,9,11,18,21,18,11,12,16,14,17,12,19,17,6,14,19,-20,16,12,16,18,22,26,16,7,13,18,8,18,19,16,25,16,6,6,10,17,9,16,13,7,31,9,15,7,20,10,11,13,21,3,7,15,6,10,6,7,16,9,14,6,-20,20,12,9,4,11,18,-20,9,6,4,20,14,11,12,10,8,5,16,8,15,11,24,15,16,3,6,21,16,17,13,23,5,14,15,12,18,2,15,14,16,23,17,13,14,-20,5,11,12,15,13,12,23,7,18,23,27,25,-20,16,8,19,27,25,13,10,15,15,8,13,18,5,8,19,13,18,14,6,11,9,-20,28,-20,21,16,13,20,6,11,14,23,11,9,14,5,17,7,7,30,16,13,15,13,20,21,17,96,14,32,26,19,21,33,22,24,24,26,21,14,13,22,13,20,18,29,25,20,27,27,23,23,17,7,21,29,31,31,34,12,8,20,19,20,17,13,16,22,18,-20,16,15,8,8,8,14,2,14,8,10,13,6,6,8,12,18,14,23,11,14,10,9,15,17,21,29,14,10,14,15,29,8,17,13,22,22,17,13,9,15,13,27,17,10,8,6,-20,13,-20,5,7,7,9,12,13,21,18,12,20,7,15,10,22,19,15,12,9,10,15,26,30,14,14,45,-20,5,13,18,15,16,26,14,21,9,3,9,8,7,9,10,24,4,8,8,12,13,17,6,10,13,-20,6,4,9,-20,7,11,14,20,13,21,7,15,31,18,12,8,9,18,14,30,11,3,34,-20,24,7,22,12,9,11,16,11,24,9,12,8,10,22,11,-20,8,19,11,8,23,6,11,26,15,7,9,11,6,8,13,25,9,10,14,18,8,29,9,27,7,9,5,7,12,21,25,11,7,13,8,11,22,24,36,42,14,25,37,17,35,34,50,50,71,109,103,46,49,65,66,65
"chr4,7890749",4,13,12,5,12,7,11,19,7,3,10,14,30,37,15,15,27,16,103,75,61,11,61,49,71,30,36,27,27,20,14,15,23,23,69,43,32,39,13,10,17,55,33,26,23,42,10,93,9,36,50,34,48,34,29,25,59,38,28,43,48,46,45,31,18,10,35,70,56,31,50,35,19,44,27,54,19,9,23,23,9,22,23,4,13,37,35,74,32,20,14,20,52,32,22,40,12,77,11,41,42,39,9,14,39,69,11,31,31,9,16,5,47,49,9,11,47,15,10,10,8,8,22,12,57,5,8,57,10,14,33,6,13,10,27,62,46,11,10,11,8,12,6,16,63,6,10,38,6,16,8,25,51,51,50,22,11,26,180,44,8,8,14,11,10,21,13,9,20,17,125,103,58,37,17,46,21,44,37,199,33,32,35,22,65,9,32,28,21,18,39,21,15,19,19,29,43,26,63,29,43,28,65,75,83,38,76,90,18,24,138,31,91,64,35,28,145,34,33,16,37,21,47,49,44,41,49,41,43,32,39,34,66,81,18,29,29,43,43,21,21,28,42,49,31,28,48,28,48,24,54,49,10,23,34,43,34,39,50,35,39,38,33,25,35,29,29,25,36,53,44,71,45,24,35,42,53,90,50,70,16,24,12,38,10,26,19,10,13,17,12,30,12,38,83,93,85,6,7,3,30,16,8,8,12,41,45,6,42,45,40,69,50,64,14,12,13,24,26,166,19,50,23,33,54,29,23,19,18,39,19,24,12,20,52,20,31,25,58,28,18,31,36,31,17,35,-20,15,36,11,11,14,16,39,16,17,13,17,46,19,19,18,21,16,18,40,27,17,19,20,22,8,15,67,24,15,11,90,19,15,17,12,13,11,16,28,31,12,17,17,12,21,21,17,9,24,7,16,114,13,22,17,18,22,32,23,20,36,24,23,35,25,19,30,15,5,7,8,18,13,17,14,16,17,16,42,18,18,22,37,29,12,220,30,7,17,15,11,7,22,12,17,4,7,17,14,16,25,17,30,79,11,16,12,18,18,17,18,12,13,16,15,26,16,15,9,6,8,24,15,5,5,24,14,22,15,22,13,54,48,21,14,14,14,-20,36,20,15,19,24,22,6,14,10,32,13,5,30,15,13,18,15,10,25,61,11,26,13,29,13,21,37,15,11,54,53,45,61,12,46,41,10,10,55,38,8,10,54,15,22,38,29,23,15,34,14,7,35,17,10,28,24,47,10,22,28,17,31,25,31,72,35,12,5,14,8,14,30,29,9,17,38,34,30,22,20,30,21,104,11,24,16,23,31,23,19,19,38,46,31,17,64,46,30,21,37,49,53,11,42,12,6,35,10,12,19,14,17,8,23,8,46,18,32,18,23,10,70,17,25,13,15,27,19,41,20,26,21,11,5,11,48,53,14,75,29,54,43,67,19,24,28,39,57,46,50,35,44,34,45,144,50,55,11,36,32,131,57,13,18,22,58,46,29,39,49,64,32,51,123,16,36,48,154,37,49,85,36,33,50,22,18,6,17,21,16,19,18,14,9,18,8,15,19,28,17,-20,10,21,17,13,21,7,16,12,8,12,16,22,18,17,18,8,14,18,9,14,11,13,13,13,14,33,16,17,11,17,23,16,20,13,32,10,16,11,12,13,11,9,11,17,21,18,13,12,16,14,15,13,18,17,6,18,19,15,16,12,15,19,22,23,16,7,13,18,8,18,18,16,25,15,6,6,10,17,9,16,13,7,31,9,15,7,21,10,11,13,21,3,7,15,6,11,6,7,16,8,14,6,4,20,12,9,4,10,18,-20,9,6,4,20,14,11,12,12,7,5,16,8,15,11,24,15,16,3,6,21,17,17,13,23,5,14,15,12,17,-20,13,14,16,23,17,12,14,17,5,10,12,15,13,12,23,7,18,23,27,25,-20,16,8,18,27,25,13,9,13,14,8,13,19,5,8,17,13,17,14,6,11,9,-20,28,-20,21,16,13,20,6,11,14,23,11,9,14,5,17,6,7,30,16,13,15,11,21,20,16,103,14,32,25,18,20,32,20,25,25,26,21,14,13,21,13,20,19,29,24,20,27,28,23,23,16,7,21,29,31,31,34,12,9,20,19,20,17,13,16,20,18,10,16,15,8,8,8,14,2,14,8,10,13,6,6,8,11,18,14,23,11,14,10,9,14,17,22,29,13,9,14,15,30,8,17,12,22,23,16,12,9,16,11,27,17,10,8,6,-20,13,-20,5,7,7,9,12,13,20,18,12,19,7,15,10,22,18,15,12,9,10,15,26,30,14,14,44,-20,6,13,18,15,16,25,14,19,9,3,9,-20,7,9,9,24,4,8,8,12,14,17,6,10,13,-20,6,4,9,-20,7,11,14,20,13,21,6,14,29,17,10,8,7,20,14,28,10,5,31,9,25,6,22,12,8,11,15,15,25,9,10,5,8,22,10,6,5,22,9,8,22,5,10,22,16,7,9,9,6,7,11,25,9,10,13,16,7,29,6,27,5,6,6,6,14,20,20,9,10,15,9,8,23,24,35,42,14,24,38,17,34,31,50,50,76,105,103,46,49,65,63,61
"chr4,7890754",6,13,11,5,13,6,12,18,7,4,11,15,29,39,16,13,27,16,98,73,64,12,62,47,74,30,35,27,24,19,14,17,23,24,66,42,35,38,11,9,20,52,-20,25,26,44,-20,94,9,30,50,37,47,35,27,24,68,35,30,46,46,45,44,31,18,9,31,66,59,31,50,31,17,41,28,53,19,9,20,25,10,21,22,5,20,38,39,75,32,21,14,21,47,33,22,40,13,75,10,43,41,38,9,14,38,68,11,30,34,9,20,5,48,45,10,11,49,17,10,11,8,10,19,12,58,5,8,54,12,14,37,6,13,12,29,61,43,11,10,11,8,15,8,16,66,7,12,38,7,18,11,25,51,52,54,24,11,23,183,45,8,9,-20,12,11,22,14,10,19,19,122,108,64,40,17,43,23,42,38,195,28,32,36,21,65,12,34,31,19,24,40,20,15,20,19,27,46,26,59,30,44,28,65,77,83,39,89,89,19,23,-20,31,92,65,36,26,146,33,36,14,38,22,55,49,46,41,41,43,41,34,35,33,68,80,20,27,30,-20,44,22,21,29,39,51,32,28,50,31,51,24,52,56,-20,22,34,46,35,39,39,37,42,36,35,28,37,30,-20,24,38,53,42,78,42,21,32,38,55,86,47,72,17,24,13,33,9,28,20,10,15,16,12,31,10,38,83,96,85,5,8,2,28,17,8,7,13,42,46,7,43,46,40,72,54,63,12,12,16,28,24,171,17,52,22,32,85,30,25,31,20,41,21,24,13,21,51,21,32,24,67,30,19,33,36,32,18,36,14,16,36,10,12,14,20,38,16,16,12,17,46,18,19,19,23,17,16,42,25,18,18,22,21,10,13,70,25,13,11,90,19,17,18,12,11,12,22,28,31,16,16,21,12,21,22,17,-20,23,6,17,106,15,21,14,18,21,32,23,24,37,24,22,36,27,18,29,-20,7,9,7,17,12,16,14,16,17,14,43,-20,22,22,37,29,15,240,26,9,18,14,10,7,21,11,16,-20,6,16,16,15,25,-20,31,77,13,15,13,18,18,17,18,14,11,16,15,26,17,17,10,6,7,26,15,6,5,23,16,22,12,22,13,57,47,22,17,-20,14,6,37,20,13,19,25,22,6,15,9,33,-20,5,27,13,11,16,16,11,23,58,11,25,14,26,14,20,33,15,8,50,55,42,62,12,47,41,12,11,51,37,10,11,49,14,25,36,34,17,14,36,16,7,36,17,10,35,-20,42,10,19,30,20,30,23,31,76,34,15,5,13,6,15,33,28,10,16,39,35,33,22,20,-20,29,118,11,26,17,20,35,22,18,21,45,44,26,18,64,43,29,17,38,49,57,13,44,12,6,33,9,11,19,17,17,9,21,11,48,18,32,18,25,9,73,18,25,14,16,29,21,44,19,28,25,14,6,12,49,52,13,69,30,55,40,65,21,27,28,38,56,43,50,36,41,41,40,145,53,61,11,40,31,-20,-20,-20,16,-20,56,44,28,35,50,60,28,54,122,18,38,44,149,36,48,82,37,33,52,24,16,9,19,19,16,21,18,13,10,17,9,15,20,30,16,-20,11,22,20,15,20,7,13,13,9,13,17,27,18,17,19,9,15,20,11,14,12,13,14,12,14,30,17,15,14,18,18,17,20,13,33,11,16,11,13,12,12,10,11,19,20,20,13,13,17,15,19,15,21,17,-20,18,20,13,19,13,16,20,23,27,17,8,13,19,9,17,19,16,28,15,6,8,10,16,10,17,13,8,32,10,16,7,18,13,13,12,19,4,7,14,6,13,5,7,15,9,12,6,4,19,11,8,7,8,18,-20,9,6,4,20,14,10,15,11,8,5,16,8,17,11,23,13,17,-20,7,21,15,18,13,25,-20,14,17,14,20,3,13,14,16,24,15,12,16,19,-20,-20,13,15,14,12,24,8,19,23,29,23,-20,20,9,18,22,27,14,10,12,16,9,13,19,6,9,17,12,17,15,7,11,10,-20,30,-20,23,16,12,22,7,12,16,24,14,9,15,5,20,7,8,28,18,10,14,12,23,19,17,101,12,34,25,21,19,35,22,28,27,27,24,14,20,23,12,19,20,31,23,19,27,31,23,22,15,8,23,27,34,38,34,13,11,21,23,21,-20,16,16,23,17,9,16,15,-20,-20,9,14,2,12,8,11,16,9,6,9,12,19,15,24,9,16,13,10,15,20,21,30,12,9,14,16,30,7,18,12,24,23,17,14,9,15,10,26,16,11,8,5,-20,13,-20,6,9,7,9,12,13,18,18,12,19,6,15,-20,23,20,18,12,9,12,16,23,32,13,16,52,-20,8,13,20,13,-20,26,16,21,12,3,11,8,7,8,12,27,4,8,8,15,16,16,7,10,11,-20,7,5,12,-20,7,12,14,22,14,17,6,12,25,19,11,-20,9,18,15,29,12,5,30,6,22,6,-20,10,-20,8,12,12,26,7,11,5,10,27,10,-20,4,20,8,6,-20,5,-20,25,16,7,9,8,6,-20,9,28,-20,10,11,16,8,30,4,23,6,7,6,5,13,19,20,8,6,16,8,8,25,25,35,42,12,-20,-20,-20,36,27,51,49,81,112,-20,46,48,59,64,-20
"chr4,7890760",6,13,10,6,13,5,11,20,6,5,9,15,32,39,16,12,26,15,100,78,67,14,66,47,73,30,32,24,25,21,13,16,22,27,67,42,32,39,10,9,22,54,32,24,22,47,9,97,11,26,61,38,45,36,28,24,70,34,32,43,48,47,44,32,19,10,32,66,59,29,50,28,17,43,26,52,19,10,21,23,10,20,22,6,19,34,40,76,33,20,13,21,43,34,24,35,14,76,13,41,43,41,11,14,37,65,11,29,33,9,19,5,42,44,10,11,52,17,10,8,10,9,15,12,61,5,8,56,10,17,38,9,13,14,31,60,45,11,10,12,9,15,8,17,69,7,12,40,7,18,11,21,53,54,53,25,13,20,177,42,8,11,12,14,13,23,14,11,20,16,126,104,62,35,17,44,21,41,41,199,28,32,37,19,69,13,31,35,20,23,41,24,15,24,16,32,35,27,61,30,45,31,68,71,85,34,100,92,17,23,154,32,93,60,35,33,157,33,38,14,45,25,68,54,43,34,47,40,38,36,40,33,74,80,22,32,34,44,41,25,25,30,42,53,31,31,50,30,52,20,49,53,8,23,30,46,31,35,42,38,35,33,32,28,31,31,33,26,38,51,43,82,37,23,33,39,53,73,43,73,20,26,13,30,10,34,18,13,15,16,10,30,11,31,81,95,88,6,8,3,29,19,10,7,14,45,46,7,42,45,40,73,55,68,13,11,15,34,23,183,14,53,20,29,85,29,24,28,18,43,23,20,12,21,51,21,28,25,70,29,20,30,37,29,20,39,14,15,34,-20,12,13,20,38,15,16,13,19,58,20,22,21,26,15,16,38,27,17,20,24,20,10,14,68,26,13,12,82,23,21,22,12,13,17,22,27,31,23,16,21,12,21,21,17,-20,21,6,18,99,16,23,13,18,22,32,23,26,40,24,23,40,24,19,31,14,8,8,7,17,11,18,14,17,17,16,42,13,20,25,34,30,16,253,25,9,19,12,9,7,19,12,18,-20,6,18,21,16,24,20,31,84,14,16,13,20,18,17,20,16,11,16,18,28,18,18,13,10,5,25,15,8,7,25,15,23,13,23,14,56,45,25,21,14,15,7,37,21,15,22,28,21,7,12,7,31,24,5,31,13,13,22,16,10,21,60,13,27,13,26,15,22,34,15,10,49,58,43,65,12,47,41,11,10,49,39,13,11,50,14,26,32,34,14,15,35,17,7,36,16,10,37,-20,44,11,19,29,20,32,27,26,76,33,14,5,12,7,18,33,33,12,17,38,32,34,22,20,37,31,121,12,27,17,26,36,25,14,21,45,42,23,21,66,46,29,19,39,64,64,15,48,13,9,39,9,12,20,20,18,8,19,11,49,18,35,22,27,10,76,19,26,14,17,32,24,47,21,30,27,15,7,14,48,48,-20,75,31,59,49,62,22,28,33,37,59,41,52,34,47,41,39,151,52,62,12,37,29,141,61,15,16,-20,55,41,32,26,55,63,-20,55,112,16,37,35,153,39,45,86,40,28,51,27,18,9,18,20,16,23,20,13,12,17,9,15,21,31,15,-20,12,23,22,16,22,8,14,11,11,15,16,29,18,17,18,10,16,19,11,15,13,12,15,12,15,29,20,14,-20,17,20,18,20,16,34,12,16,12,14,11,13,11,13,19,22,26,13,14,17,16,19,16,23,16,4,20,21,12,20,13,19,20,23,28,16,10,11,20,10,16,19,18,30,17,6,9,10,16,11,16,12,8,31,11,17,7,24,14,12,14,22,5,6,16,7,13,5,10,16,8,13,8,4,19,11,9,9,8,19,-20,10,7,4,22,14,11,15,12,8,5,19,-20,18,8,23,12,16,7,7,21,17,19,15,27,12,14,18,15,16,4,13,14,19,28,18,14,20,19,8,11,14,19,13,13,23,7,20,24,27,27,-20,22,8,22,22,30,13,11,14,15,10,16,19,7,9,17,12,18,16,8,10,13,-20,29,-20,21,19,12,19,6,13,18,24,14,10,15,6,20,11,10,28,20,13,14,10,24,17,18,106,11,36,31,22,22,39,22,30,30,28,28,14,20,24,14,20,22,35,22,25,29,34,24,25,16,9,28,30,37,38,38,15,12,20,23,21,20,17,20,23,17,10,15,15,8,8,9,14,-20,13,10,16,15,12,6,9,14,22,15,24,11,15,13,10,15,22,19,31,13,9,14,21,32,8,22,15,23,25,17,17,9,19,10,25,16,11,8,6,-20,14,-20,5,9,7,9,11,19,20,18,16,23,7,15,15,24,19,22,13,11,15,16,26,33,14,17,58,-20,8,13,21,15,18,29,16,23,12,3,10,8,7,-20,12,26,-20,9,8,17,17,17,10,12,9,-20,8,6,16,7,7,18,12,23,14,14,6,13,21,17,10,10,9,18,14,26,7,6,26,5,19,5,25,9,7,9,9,13,24,7,9,5,10,28,9,7,4,17,6,6,18,4,9,21,13,6,9,8,6,9,8,27,6,12,11,16,8,24,7,23,6,5,5,5,14,16,17,6,7,15,8,6,22,26,34,40,12,-20,-20,-20,-20,26,52,53,80,113,104,48,46,70,65,68
