"chr,position",88,108,139,159,265,350,351,403,410,424,428,430,470,476,484,504,506,531,544,546,628,630,680,681,685,687,728,742,763,765,766,768,772,801,853,854,867,868,870,915,932,991,992,997,1002,1006,1061,1062,1063,1066,1070,1158,1166,1254,1257,1313,1317,1552,1612,1622,1651,1652,1676,1684,1739,1741,1756,1757,1793,1797,1819,1820,1829,1834,1835,1851,1852,1853,1872,1890,1925,1942,1943,1954,2016,2017,2031,2053,2057,2081,2091,2106,2108,2141,2159,2166,2171,2191,2202,2212,2239,2240,2276,2278,2285,2286,2317,2370,2412,4779,4807,4826,4840,4857,4884,4900,4939,4958,5023,5104,5151,5165,5210,5236,5249,5253,5276,5279,5349,5353,5395,5486,5577,5644,5651,5717,5718,5720,5726,5741,5748,5757,5768,5772,5776,5779,5784,5798,5800,5811,5822,5830,5831,5832,5836,5837,5856,5860,5865,5867,5874,5890,5893,5907,5921,5950,5984,5993,6008,6009,6010,6011,6012,6013,6016,6017,6019,6020,6021,6022,6023,6024,6025,6030,6034,6035,6036,6038,6039,6040,6041,6042,6043,6046,6064,6069,6070,6071,6073,6074,6076,6077,6085,6086,6087,6088,6090,6091,6092,6094,6095,6096,6097,6098,6099,6100,6101,6102,6104,6105,6106,6107,6108,6109,6111,6112,6113,6114,6115,6118,6119,6122,6123,6124,6125,6126,6128,6131,6132,6133,6134,6136,6137,6138,6140,6141,6142,6145,6148,6149,6150,6151,6153,6154,6163,6166,6169,6172,6173,6174,6177,6180,6184,6188,6189,6191,6192,6193,6194,6195,6198,6201,6202,6203,6209,6210,6214,6216,6217,6218,6220,6221,6231,6235,6237,6238,6240,6241,6242,6243,6244,6252,6255,6258,6268,6276,6284,6296,6390,6396,6413,6424,6434,6445,6680,6739,6740,6744,6749,6750,6805,6806,6814,6830,6897,6898,6900,6901,6903,6904,6907,6908,6909,6911,6913,6915,6917,6918,6919,6920,6922,6923,6924,6926,6927,6929,6931,6932,6933,6938,6940,6943,6944,6945,6951,6956,6957,6958,6959,6960,6961,6963,6966,6967,6968,6969,6970,6971,6973,6974,6975,6976,6979,6981,6982,6984,6986,6987,6989,6990,6992,6997,7000,7002,7003,7008,7013,7014,7025,7026,7028,7031,7033,7036,7058,7061,7062,7063,7064,7067,7068,7071,7072,7077,7081,7092,7094,7096,7102,7103,7106,7107,7109,7111,7117,7119,7120,7125,7126,7127,7130,7133,7138,7143,7147,7158,7160,7161,7162,7163,7164,7165,7169,7177,7181,7183,7186,7192,7199,7202,7203,7207,7208,7209,7213,7217,7218,7223,7231,7236,7244,7248,7250,7255,7258,7268,7273,7276,7280,7282,7287,7288,7296,7298,7305,7306,7307,7314,7316,7319,7320,7322,7323,7327,7328,7332,7333,7337,7342,7343,7344,7346,7347,7349,7350,7353,7354,7356,7358,7359,7372,7373,7377,7378,7382,7383,7384,7387,7394,7396,7404,7411,7413,7415,7416,7417,7418,7419,7424,7427,7430,7460,7461,7471,7475,7477,7514,7515,7516,7517,7520,7521,7523,7525,7529,7530,7566,7568,7717,7757,7767,7917,7947,8037,8057,8077,8132,8171,8214,8222,8227,8230,8231,8233,8234,8235,8236,8237,8238,8239,8240,8241,8242,8243,8244,8246,8247,8249,8256,8258,8259,8264,8283,8284,8285,8290,8297,8306,8307,8311,8312,8326,8334,8335,8337,8343,8351,8354,8357,8365,8366,8369,8376,8386,8387,8419,8420,8422,8424,8426,8427,8464,8483,8699,8723,9027,9057,9058,9067,9069,9070,9075,9078,9079,9081,9084,9085,9089,9091,9095,9099,9100,9102,9103,9104,9105,9106,9111,9113,9114,9115,9121,9125,9128,9130,9131,9133,9134,9298,9312,9314,9321,9323,9332,9336,9339,9343,9352,9353,9363,9369,9370,9371,9380,9381,9382,9383,9386,9388,9390,9391,9392,9394,9395,9399,9402,9404,9405,9407,9408,9409,9412,9413,9416,9421,9427,9433,9436,9437,9442,9450,9451,9452,9453,9454,9455,9470,9471,9476,9481,9503,9506,9507,9508,9509,9510,9511,9512,9513,9514,9515,9517,9518,9519,9520,9521,9522,9523,9524,9525,9526,9527,9528,9529,9530,9531,9532,9533,9534,9535,9536,9537,9539,9540,9541,9542,9543,9544,9545,9546,9547,9548,9549,9550,9551,9552,9553,9554,9555,9556,9557,9558,9559,9560,9561,9562,9564,9565,9567,9568,9569,9571,9573,9574,9576,9577,9578,9579,9581,9582,9583,9584,9585,9586,9587,9588,9589,9590,9591,9592,9593,9594,9595,9596,9597,9598,9599,9600,9601,9602,9606,9607,9608,9609,9610,9611,9612,9613,9615,9616,9617,9619,9620,9621,9622,9624,9625,9626,9627,9628,9629,9630,9631,9632,9633,9634,9635,9636,9637,9638,9639,9640,9641,9642,9643,9644,9645,9646,9647,9648,9649,9651,9653,9655,9656,9657,9658,9659,9660,9661,9663,9664,9665,9666,9667,9668,9669,9670,9671,9672,9673,9676,9677,9678,9679,9680,9681,9682,9683,9684,9685,9686,9687,9689,9690,9691,9692,9693,9694,9695,9696,9697,9698,9699,9700,9701,9703,9704,9705,9706,9707,9708,9709,9710,9711,9712,9713,9714,9716,9717,9718,9719,9720,9721,9722,9723,9725,9726,9727,9728,9729,9730,9731,9732,9733,9735,9736,9737,9738,9739,9741,9743,9744,9745,9747,9748,9749,9754,9755,9756,9757,9758,9759,9761,9762,9764,9766,9768,9769,9770,9771,9772,9774,9775,9776,9777,9778,9779,9780,9781,9782,9783,9784,9785,9786,9787,9788,9789,9790,9791,9792,9793,9794,9795,9796,9797,9798,9799,9800,9801,9802,9803,9804,9805,9806,9807,9808,9809,9810,9811,9812,9813,9814,9815,9816,9817,9819,9820,9821,9822,9823,9824,9825,9826,9827,9828,9830,9831,9832,9833,9834,9835,9836,9837,9838,9839,9840,9841,9843,9844,9845,9846,9847,9848,9849,9850,9851,9852,9853,9854,9855,9856,9857,9858,9859,9860,9861,9862,9864,9866,9867,9868,9869,9870,9871,9873,9874,9875,9876,9877,9878,9879,9880,9881,9882,9883,9885,9886,9887,9888,9890,9891,9892,9894,9895,9897,9898,9899,9900,9901,9902,9903,9904,9905,9906,9908,9909,9910,9911,9912,9914,9915,9917,9918,9920,9921,9924,9925,9926,9927,9928,9929,9930,9932,9933,9935,9937,9938,9939,9941,9942,9943,9944,9945,9946,9947,9948,9949,9950,9951,9952,9953,9955,9956,9957,9958,9959,9960,9962,9963,9964,9965,9966,9968,9969,9970,9971,9972,9973,9974,9975,9976,9978,9979,9980,9981,9982,9983,9984,9985,9986,9987,9988,9990,9991,9993,9995,9996,9997,9998,9999,10001,10002,10004,10005,10006,10008,10009,10010,10011,10012,10013,10014,10015,10017,10018,10020,10022,10023,10027,14312,14313,14314,14315,14318,14319,15560,15591,15592,15593,18694,18696,19949,19950,19951
"chr1,25278969",7,8,9,9,-20,8,7,5,11,11,3,12,43,37,21,15,34,17,119,75,69,11,70,37,67,31,17,36,34,13,8,17,27,-20,80,61,46,35,17,9,12,37,16,14,28,49,-20,69,12,18,26,34,48,30,23,24,74,-20,38,38,38,36,50,33,24,16,39,59,64,26,42,24,25,28,30,64,23,7,17,18,8,18,25,12,11,42,53,66,41,26,13,41,39,43,37,40,16,57,4,45,37,34,6,17,39,59,15,43,44,9,18,-20,37,33,11,9,44,14,8,4,10,4,7,7,43,7,-20,53,14,22,24,7,8,5,33,51,40,12,10,12,15,10,8,17,43,11,12,44,10,7,4,14,43,50,48,18,4,24,71,21,8,11,8,11,4,16,10,8,20,23,86,74,15,49,10,38,13,22,21,67,17,28,25,6,15,5,9,27,13,63,38,23,-20,11,21,18,18,27,22,60,9,17,41,18,61,28,46,55,12,-20,86,27,23,47,17,13,60,14,19,20,12,15,27,39,16,16,10,16,36,22,36,26,58,39,13,11,17,15,13,19,38,27,14,15,18,32,19,17,17,20,25,19,13,9,9,20,17,10,32,22,20,27,14,9,15,-20,-20,21,14,28,14,41,14,-20,19,18,57,67,37,62,7,10,8,32,8,20,16,11,10,22,13,27,8,20,57,50,83,6,10,4,12,14,10,-20,15,37,41,7,61,39,53,57,43,57,17,7,7,12,34,130,18,27,13,28,22,7,11,18,20,37,15,25,11,17,39,15,20,29,38,21,12,51,15,34,20,26,7,17,15,13,17,15,11,38,9,14,10,17,12,6,12,22,17,10,10,16,25,7,11,13,15,9,12,80,11,5,13,77,26,16,20,11,-20,18,21,23,16,13,12,-20,9,18,22,10,12,14,9,11,117,12,16,13,9,7,22,16,13,27,23,10,24,14,15,23,13,3,15,10,18,17,15,10,16,17,27,44,10,16,28,29,22,21,195,42,10,21,13,13,9,12,8,23,9,11,22,10,10,10,27,12,81,14,8,10,16,12,9,21,-20,7,15,15,27,21,14,9,5,14,29,12,9,7,11,21,22,25,12,16,65,47,15,11,16,-20,5,19,17,16,16,12,13,14,22,13,29,19,12,16,15,16,13,10,11,13,59,11,22,14,6,8,17,22,13,17,61,45,59,55,19,45,45,-20,6,48,49,6,6,32,16,10,40,8,-20,10,28,12,8,9,17,8,15,9,26,6,24,-20,11,16,14,22,47,23,18,9,12,9,16,11,34,14,7,31,15,24,24,17,-20,12,111,11,19,10,-20,19,17,18,10,18,31,24,24,61,64,33,33,32,18,23,18,45,15,10,26,5,16,12,17,15,7,25,9,32,27,27,35,15,13,56,13,13,10,-20,25,20,24,31,26,25,9,12,11,42,30,-20,72,19,45,42,37,22,33,27,21,48,41,24,-20,24,17,23,86,46,18,6,41,25,112,23,9,19,6,15,40,39,39,29,42,26,29,58,10,31,19,101,27,39,37,17,25,21,14,18,20,13,20,12,12,14,21,18,16,18,10,15,17,16,19,16,17,9,15,21,10,22,16,-20,15,16,29,15,17,21,10,15,17,12,18,11,9,21,19,22,25,11,16,10,13,-20,32,19,17,27,8,9,19,15,10,13,7,-20,13,9,11,21,15,17,20,12,19,14,10,12,12,17,15,13,13,17,18,23,16,19,9,12,15,8,6,19,11,23,5,7,8,16,9,14,8,13,13,18,8,8,17,19,8,10,11,16,-20,9,17,-20,19,10,4,19,-20,15,-20,9,9,17,17,11,7,10,5,17,14,9,13,9,12,4,10,18,4,9,12,16,21,14,15,8,6,-20,9,20,9,13,25,7,17,-20,11,6,-20,13,9,10,7,13,5,10,17,9,14,-20,28,13,13,17,8,13,29,11,31,10,28,7,18,14,14,19,19,17,10,8,7,20,16,-20,15,15,26,12,7,9,10,15,19,7,16,10,10,7,7,6,14,16,11,15,3,12,11,6,12,17,19,9,13,17,10,19,7,113,12,18,26,17,12,18,22,30,30,27,21,18,26,14,25,16,30,23,18,19,31,33,20,24,17,13,19,17,52,24,10,26,22,20,25,20,18,18,28,18,20,12,13,8,24,14,9,19,7,18,6,13,23,16,7,12,24,20,10,8,12,12,12,-20,16,16,9,21,12,8,16,12,13,9,14,20,12,21,13,6,19,10,-20,16,12,10,5,9,12,3,13,4,-20,10,8,18,15,18,11,16,12,19,8,12,18,28,15,10,8,5,15,7,23,15,-20,62,15,15,21,18,21,7,21,19,22,5,12,7,13,-20,8,5,27,5,13,11,17,11,15,10,8,10,4,9,9,20,5,-20,17,11,16,13,9,3,23,20,21,-20,4,5,15,3,18,10,8,25,-20,12,-20,23,-20,6,-20,8,-20,13,6,8,5,11,24,5,4,5,19,7,13,16,-20,-20,13,4,8,6,4,6,9,12,11,4,-20,-20,14,11,-20,11,20,4,4,-20,-20,7,21,21,11,-20,7,18,3,16,19,-20,23,19,31,26,20,24,33,61,46,91,73,73,39,40,66,51,42
"chr1,25278974",7,9,9,9,7,8,7,5,10,12,4,12,43,37,20,15,38,16,122,75,70,11,71,36,67,30,18,36,34,12,8,19,28,8,79,61,45,34,16,10,12,39,15,15,29,48,9,68,12,18,25,33,49,32,24,23,73,44,37,37,41,40,50,35,24,16,41,57,62,26,39,24,25,33,32,67,22,7,17,20,8,18,25,12,13,43,51,74,40,25,13,40,37,39,36,39,16,56,4,44,35,36,6,16,37,57,15,44,45,10,19,-20,41,31,10,8,46,15,8,4,10,4,7,8,45,7,7,49,14,22,25,7,9,5,37,52,45,11,10,13,15,10,8,16,48,11,13,46,10,7,4,16,45,49,48,18,6,25,75,21,9,12,9,11,4,17,10,8,19,24,86,72,17,46,13,39,13,18,20,70,15,27,23,5,17,6,9,23,14,66,41,24,-20,13,21,16,17,25,24,59,9,19,41,17,65,27,45,56,12,30,83,27,24,44,15,13,64,11,19,19,14,14,24,40,21,17,13,16,35,27,37,30,54,38,12,7,17,17,13,18,36,27,13,16,18,32,21,19,18,22,23,16,12,8,11,19,17,11,30,25,18,27,15,10,14,10,27,19,14,29,18,38,14,37,19,15,56,67,38,58,-20,11,7,31,8,20,16,11,11,25,14,27,8,20,54,47,82,6,10,4,12,15,11,8,15,34,43,7,63,40,53,54,43,61,15,8,8,13,33,132,19,28,12,29,23,7,12,17,19,35,17,26,11,17,37,15,19,29,37,21,14,53,14,34,20,29,8,18,16,14,19,15,11,38,10,17,10,17,12,6,12,20,17,11,10,16,25,9,8,14,15,9,12,82,12,5,13,80,26,17,19,10,12,20,22,22,16,13,12,5,11,18,23,10,12,14,9,13,123,12,16,13,8,8,21,16,13,27,23,11,24,15,15,25,13,3,15,10,20,19,15,11,19,17,26,45,11,18,27,29,22,21,197,44,11,19,15,14,8,12,8,24,10,11,22,13,9,9,26,11,81,13,8,10,17,12,8,20,10,8,15,16,27,20,14,9,5,15,32,12,10,5,10,22,23,25,14,16,65,48,15,10,16,20,5,19,17,16,17,11,12,15,20,13,30,17,12,18,14,17,13,10,11,13,61,11,22,15,6,8,18,22,13,17,61,46,63,52,19,48,49,-20,6,49,49,7,5,36,17,8,37,9,7,9,31,11,9,8,20,9,16,9,24,6,23,19,13,15,12,21,48,22,19,9,13,9,17,10,35,15,9,34,15,23,23,16,26,11,111,13,19,10,9,21,17,18,10,22,33,26,25,60,64,35,31,33,18,24,17,43,14,10,25,4,16,12,17,13,7,26,9,33,26,28,35,15,14,54,13,15,10,21,27,20,28,32,27,25,10,12,11,40,29,9,76,18,46,44,36,23,35,26,22,47,43,25,33,23,14,27,89,43,19,6,42,22,112,18,9,20,7,14,43,38,36,29,41,24,30,63,11,30,21,98,28,45,36,18,27,19,14,19,21,14,23,12,12,14,19,19,16,19,11,15,16,17,19,15,16,9,15,21,10,21,17,8,14,16,29,16,18,22,10,15,17,15,19,12,9,21,19,23,26,12,16,9,15,12,30,18,17,28,8,10,18,15,10,13,7,9,13,9,12,21,16,17,21,12,19,15,10,12,12,18,14,13,14,18,17,23,19,19,9,14,15,8,6,21,11,26,5,8,8,16,9,14,7,13,12,18,10,8,17,21,9,10,13,18,-20,9,17,-20,19,10,4,17,-20,18,-20,9,9,18,17,11,8,11,5,19,17,-20,13,10,14,4,10,17,4,11,12,16,21,14,14,8,5,7,9,20,9,14,25,7,17,10,13,6,3,14,9,10,7,13,5,10,16,7,14,11,28,13,13,18,8,12,28,11,31,11,29,7,17,15,14,20,20,19,10,7,7,19,17,6,16,14,27,11,6,9,10,17,21,7,18,12,10,7,7,6,14,19,11,14,2,14,12,6,12,17,19,8,13,16,10,22,7,118,12,17,27,18,12,22,22,29,31,27,22,17,27,12,26,17,34,22,18,20,32,34,18,24,17,11,17,15,48,25,11,25,22,23,23,21,16,19,28,19,21,13,12,8,25,13,9,17,7,18,7,12,23,16,7,12,24,20,10,8,12,12,13,-20,16,17,9,23,11,9,16,13,14,9,14,20,14,21,12,6,23,11,3,15,11,10,5,9,12,4,13,4,2,10,8,17,14,19,11,15,13,20,7,12,17,27,14,11,8,5,15,7,25,15,9,65,16,14,22,19,21,10,21,19,22,5,13,7,11,8,7,5,27,4,13,10,17,11,14,9,8,8,-20,9,9,22,5,3,16,12,16,13,9,4,22,17,23,4,4,5,14,3,19,-20,9,25,5,12,-20,20,8,6,7,7,9,14,-20,7,5,11,25,6,3,-20,20,6,14,16,-20,9,15,4,6,5,4,6,10,10,11,-20,3,-20,16,13,6,11,15,5,4,7,-20,-20,20,23,10,7,8,20,-20,16,19,9,24,18,31,25,19,24,36,59,48,95,58,77,41,41,67,47,45
"chr1,25278976",7,10,9,9,7,9,8,5,10,14,7,11,43,35,19,15,38,16,121,75,66,13,71,37,67,27,17,36,35,12,8,19,29,9,80,58,44,30,16,11,14,39,15,15,29,49,-20,62,12,18,27,33,49,31,23,24,72,44,36,37,42,38,49,34,24,14,40,58,63,24,40,25,24,33,31,64,22,6,17,20,9,17,24,13,14,44,51,72,41,23,12,38,36,39,37,39,18,56,4,42,35,36,6,16,36,58,15,44,44,12,20,-20,42,32,12,8,44,15,8,4,11,5,8,9,42,7,6,48,15,26,23,8,9,6,37,52,42,12,10,13,16,10,8,17,47,13,12,46,12,8,4,15,45,49,47,17,6,27,71,20,10,13,9,11,4,18,12,9,20,25,83,72,17,45,14,36,12,19,20,70,14,28,25,5,16,6,9,23,14,67,41,24,-20,10,21,14,17,25,23,57,8,20,40,17,64,27,44,55,12,29,79,27,25,52,16,13,64,11,18,18,14,14,23,37,21,17,14,15,31,28,37,31,54,38,12,7,16,17,12,18,37,31,13,20,17,31,21,20,18,23,22,16,13,9,12,19,15,11,31,25,18,27,15,10,15,10,25,19,13,27,19,37,15,37,18,15,55,67,32,63,7,11,7,32,8,20,16,11,10,25,15,24,8,19,49,47,87,6,10,4,11,16,12,9,14,32,44,7,59,40,53,52,44,60,15,9,7,15,34,131,19,25,12,29,23,7,11,15,18,36,19,25,12,17,39,15,19,29,37,21,14,52,12,35,20,29,8,17,16,14,19,16,10,40,9,17,9,18,11,6,11,21,17,11,12,16,25,9,8,13,15,9,12,78,11,5,13,77,27,18,19,10,12,20,22,23,17,14,12,6,11,18,22,10,12,13,9,14,123,11,16,13,9,9,19,17,15,28,24,11,23,15,15,25,11,3,15,10,21,19,15,10,17,16,26,44,12,17,27,29,21,20,198,43,11,20,14,14,7,12,8,24,-20,10,21,13,8,9,25,11,85,14,8,10,19,10,9,21,10,8,15,15,31,20,13,10,5,14,32,12,11,5,10,21,23,25,14,15,65,45,14,11,16,20,4,16,18,16,17,12,11,13,22,13,29,17,13,20,13,17,13,10,12,13,58,13,23,14,5,8,18,22,13,17,60,46,63,49,20,47,49,-20,5,49,47,9,6,36,16,8,37,8,-20,9,28,12,-20,8,19,9,16,9,23,6,23,20,12,16,13,21,46,23,19,8,13,9,17,10,32,14,11,33,15,23,22,16,30,13,110,13,19,11,9,19,17,18,10,22,33,26,25,62,65,34,30,34,16,24,17,47,15,12,25,4,16,11,20,12,10,24,9,35,34,34,39,16,14,57,16,15,10,22,27,20,31,32,32,29,10,12,10,39,28,9,76,19,48,44,37,22,33,26,23,44,42,24,-20,21,14,26,88,43,21,6,43,23,105,18,7,21,6,14,40,38,36,27,42,23,28,63,11,28,21,94,28,45,32,17,26,21,14,22,22,16,23,12,14,18,19,20,15,19,12,15,15,18,19,19,17,9,14,23,11,24,18,9,19,17,30,16,21,22,10,16,17,17,21,12,9,21,20,23,26,12,19,11,16,12,29,18,17,29,11,15,19,15,11,14,8,8,13,8,11,20,16,19,21,13,19,18,10,17,12,19,15,16,12,18,19,26,19,19,9,13,15,8,7,21,12,28,5,8,9,16,9,14,7,14,12,18,10,8,19,23,12,10,13,18,-20,9,17,-20,20,10,5,17,9,20,-20,9,9,19,18,13,8,10,5,18,18,-20,14,12,14,4,10,18,4,12,12,14,22,14,14,9,8,7,9,20,10,14,27,7,17,11,13,6,3,12,9,9,7,13,5,10,16,7,15,11,29,13,14,18,10,12,29,13,32,12,31,9,17,15,20,20,21,19,10,7,8,19,17,6,18,16,28,12,8,12,12,17,21,7,18,14,10,7,7,6,14,21,12,14,2,13,12,7,13,20,21,8,14,14,10,21,6,118,11,17,27,17,11,22,22,31,36,27,23,19,29,13,28,17,36,22,17,22,33,35,19,26,17,12,18,16,49,27,11,26,24,24,26,21,18,19,29,19,27,13,12,8,27,14,9,18,7,18,7,15,22,17,8,14,25,22,10,8,12,13,13,-20,16,20,8,23,11,9,17,14,14,9,14,20,15,21,12,6,23,11,5,15,10,9,5,9,13,4,14,5,2,10,8,18,14,20,11,17,15,20,6,12,19,30,15,11,9,5,15,8,25,16,9,72,17,15,23,23,22,10,19,19,23,5,12,9,12,9,7,5,26,5,14,11,17,12,14,10,10,8,-20,10,-20,25,5,3,18,13,18,13,10,3,22,19,21,6,3,3,15,3,18,-20,-20,25,4,13,-20,20,-20,7,5,7,8,14,-20,7,5,3,25,6,-20,-20,20,7,14,19,-20,10,15,4,6,4,4,6,8,11,10,4,-20,-20,16,13,4,12,13,4,4,-20,-20,-20,20,24,10,6,8,17,-20,13,19,9,23,17,31,25,17,23,36,58,47,98,58,79,40,41,65,46,43
"chr1,25278982",5,10,9,10,6,9,8,4,10,14,7,12,42,35,20,15,40,18,113,72,67,13,71,34,66,26,18,36,32,13,8,18,31,8,76,50,47,29,15,12,12,33,16,15,27,48,5,59,12,17,30,33,45,29,20,22,68,38,36,37,43,42,50,36,19,16,40,59,62,24,42,26,26,28,30,62,21,5,17,19,10,18,22,12,14,42,47,73,44,21,12,37,37,41,37,37,15,53,3,46,33,34,6,16,37,55,15,45,37,11,22,-20,42,35,12,8,46,15,8,3,9,5,8,9,41,-20,4,49,16,26,24,7,8,6,35,53,41,13,9,13,14,8,7,15,46,13,13,45,12,8,3,15,42,48,44,18,6,27,65,21,9,11,9,13,4,17,12,9,19,24,82,71,33,43,15,34,11,17,18,69,18,27,25,5,16,6,9,24,20,86,38,25,-20,11,23,15,16,23,23,58,9,20,33,16,61,27,44,54,12,27,76,29,25,56,17,10,61,10,21,17,16,14,25,38,19,16,14,17,35,29,35,30,53,43,11,8,16,15,12,18,30,33,13,20,14,31,22,20,17,-20,20,16,12,11,16,18,16,11,28,25,23,26,12,11,16,14,24,18,13,28,18,36,15,35,16,14,52,73,37,62,8,11,9,32,7,22,13,12,10,22,14,27,8,19,57,47,80,6,9,4,12,15,11,9,14,30,43,7,61,38,55,55,40,58,16,9,7,14,31,134,20,23,12,28,24,5,11,15,17,33,18,26,11,18,43,15,18,29,37,22,13,54,13,35,20,27,7,16,15,16,19,16,13,41,11,20,8,18,11,6,12,21,16,12,12,18,24,9,7,12,14,8,12,76,11,5,16,76,29,18,18,10,11,21,22,22,18,13,12,10,12,18,22,10,12,13,10,15,124,11,17,14,9,8,19,18,14,30,24,11,26,15,15,27,13,2,15,10,22,21,15,10,18,19,26,43,14,-20,31,28,22,18,197,42,11,20,14,13,6,12,9,25,9,11,26,12,9,9,26,10,85,12,7,10,18,11,7,20,10,9,13,15,30,19,13,11,5,14,30,11,13,7,9,25,24,28,14,17,58,47,15,15,16,22,3,20,18,19,16,13,12,14,23,11,29,14,12,19,14,18,13,11,11,12,58,14,23,14,7,6,19,21,16,15,61,47,62,50,20,46,48,-20,3,49,41,8,6,35,17,8,-20,8,6,9,27,13,9,9,19,9,14,9,22,8,23,20,12,16,12,20,47,22,19,9,14,10,17,10,30,14,11,37,14,21,19,15,32,13,110,15,20,11,10,21,12,19,9,22,32,27,23,59,64,34,29,35,16,21,18,50,16,11,24,3,15,10,18,10,10,23,8,36,33,31,38,15,12,52,16,18,10,23,26,19,32,32,32,28,10,10,10,37,30,9,67,19,50,47,38,-20,-20,22,19,40,41,21,33,16,14,26,94,43,20,5,44,28,110,16,7,21,5,14,44,39,33,27,37,20,26,79,11,28,21,94,31,46,30,17,22,20,14,20,20,15,23,11,14,17,21,19,14,17,13,14,15,15,17,19,15,10,12,21,11,25,17,8,22,16,30,14,18,21,10,17,18,16,20,11,8,21,18,24,23,5,18,11,14,13,26,16,15,27,12,15,18,15,9,14,9,9,13,6,11,18,17,18,21,13,17,15,10,15,12,19,16,15,12,16,19,27,18,18,8,13,14,7,7,19,13,27,5,8,10,16,8,12,8,12,12,20,9,9,18,23,11,8,12,18,-20,9,18,5,18,10,5,17,10,17,-20,7,8,18,16,12,8,8,5,17,18,8,13,11,13,3,11,18,4,11,12,15,22,14,14,9,8,-20,9,20,10,13,28,5,-20,10,13,5,3,11,9,10,-20,10,5,11,13,6,15,12,25,13,14,15,10,12,29,12,27,11,29,10,16,15,21,18,20,17,8,8,6,19,14,5,19,15,28,12,9,12,10,18,20,8,18,-20,9,6,7,6,-20,19,13,12,4,13,12,8,14,20,21,6,14,12,9,21,7,118,12,15,26,15,11,20,20,25,30,26,23,21,30,13,27,14,36,21,17,22,32,30,19,29,15,13,17,19,47,22,11,22,26,23,24,21,19,16,28,19,26,12,12,8,26,12,8,19,7,20,6,14,19,16,7,14,24,22,10,7,12,12,13,-20,14,19,9,24,9,9,20,14,12,8,14,20,13,22,11,5,23,10,6,16,9,9,5,8,13,5,13,6,-20,8,9,18,12,19,9,16,16,20,8,13,19,27,15,11,10,4,14,8,21,17,9,65,18,17,22,21,23,9,21,18,20,5,10,9,11,7,7,6,23,8,11,11,15,10,14,10,9,7,-20,10,5,24,5,3,17,13,17,11,5,-20,25,13,23,4,-20,3,-20,3,18,8,7,22,3,14,-20,17,9,9,-20,5,6,17,-20,8,7,6,23,6,3,7,21,8,10,18,-20,9,17,4,5,3,4,5,10,13,8,-20,5,-20,16,14,-20,11,12,4,3,9,-20,-20,17,23,10,5,8,17,-20,19,19,9,23,15,32,26,19,24,37,55,48,102,58,81,40,41,66,45,40
"chr1,25278996",5,8,9,11,6,7,6,3,12,13,-20,10,28,28,19,14,37,14,108,72,62,10,63,35,66,24,19,31,27,13,7,18,32,9,70,49,50,27,17,11,12,39,10,14,31,51,7,62,10,20,27,29,43,32,18,26,63,36,34,32,39,43,47,35,14,16,36,55,51,21,41,22,18,28,32,64,20,5,12,18,8,15,15,14,9,39,44,67,38,19,8,32,39,29,33,28,10,53,3,49,33,30,5,12,34,54,11,36,28,14,19,-20,42,35,9,8,39,13,8,3,11,8,8,10,40,5,4,45,15,22,21,6,9,5,32,42,33,13,6,11,12,6,6,14,45,14,11,43,9,7,4,10,45,50,44,19,5,29,76,11,9,10,6,12,6,13,-20,4,15,21,83,76,51,38,11,22,11,21,22,90,23,34,26,3,16,6,9,14,15,41,20,22,-20,11,13,19,13,16,10,34,3,25,36,12,81,20,41,57,4,27,78,31,29,55,15,7,69,-20,16,15,18,9,26,36,19,15,9,18,28,32,33,32,46,32,4,7,9,9,10,11,25,33,13,10,4,36,21,19,13,22,13,15,13,10,17,3,15,11,28,19,28,16,-20,9,11,17,21,14,15,17,11,30,12,30,12,9,46,72,31,70,10,12,9,32,6,16,13,11,6,23,15,27,6,15,44,48,64,5,9,5,13,11,9,9,19,29,42,6,58,38,49,53,35,54,18,10,2,11,25,145,17,21,14,27,21,5,12,11,17,26,19,25,10,12,36,14,17,27,44,25,14,43,14,35,17,28,9,15,15,19,22,16,10,46,14,19,10,21,11,5,12,19,18,14,12,20,19,11,5,13,15,9,9,70,13,6,16,77,30,21,15,10,10,21,9,23,20,12,9,8,11,16,22,10,-20,13,8,16,121,14,15,12,8,4,22,15,13,29,24,13,24,14,16,30,12,3,14,-20,24,21,16,10,15,19,26,37,11,19,30,29,21,17,202,42,-20,18,14,14,4,13,9,27,9,15,26,11,5,11,28,10,86,7,5,10,19,12,7,21,9,10,11,11,31,15,6,13,6,10,29,13,12,7,-20,24,25,28,14,17,56,47,11,11,14,22,4,23,18,22,16,11,12,15,16,10,29,7,10,24,14,16,13,12,9,12,54,14,20,14,8,5,22,21,16,14,60,43,61,46,13,51,41,6,2,49,46,7,7,38,12,8,32,-20,7,9,26,14,6,7,20,8,9,13,25,-20,23,19,11,14,9,13,54,29,12,7,17,-20,14,15,27,15,14,38,12,22,18,15,33,15,109,16,22,6,7,16,4,19,14,16,22,31,23,58,60,26,22,40,9,10,17,46,18,8,27,3,14,12,12,7,12,24,6,33,30,31,34,15,10,48,16,15,5,18,24,14,35,26,29,27,7,8,10,33,28,9,65,22,43,47,36,21,27,18,12,41,39,12,34,12,14,22,82,38,10,11,32,21,101,11,8,23,9,15,46,36,18,20,28,24,26,71,10,-20,23,93,27,43,23,7,19,17,9,20,16,17,15,11,14,14,21,19,13,12,12,11,12,14,16,18,15,11,11,23,11,25,14,7,21,11,27,10,14,23,9,17,17,17,12,-20,4,16,19,20,18,-20,15,8,13,14,19,13,13,28,14,14,18,10,10,15,8,9,10,7,10,18,20,18,16,12,20,13,9,14,11,15,16,10,13,14,18,25,15,16,8,12,12,5,6,19,11,32,6,6,10,14,5,10,7,8,11,19,8,7,18,19,10,6,10,18,3,9,12,5,16,9,5,15,11,20,-20,7,5,15,10,13,-20,6,4,19,20,4,13,13,16,5,15,14,3,14,12,16,20,13,11,10,9,9,11,15,10,14,22,5,16,9,13,4,4,14,10,12,6,9,2,11,13,6,15,13,21,14,9,17,9,10,25,15,25,10,24,8,11,16,20,17,16,14,8,10,7,20,10,4,16,13,23,8,7,11,11,12,17,13,14,12,10,3,10,6,9,17,11,15,4,16,12,6,13,14,19,5,14,13,10,18,8,115,12,16,21,12,10,19,15,18,26,28,22,19,26,12,24,16,37,23,20,24,30,30,14,28,14,13,17,16,42,23,11,18,18,20,21,18,18,12,20,16,20,12,13,7,24,11,10,17,5,19,8,15,16,12,8,11,23,17,11,8,11,8,13,-20,14,18,7,24,10,8,18,12,9,7,13,16,10,21,7,5,24,8,8,15,8,7,5,8,12,4,11,5,-20,12,9,16,9,19,8,15,18,18,10,9,17,21,14,9,10,4,11,9,19,18,9,48,16,16,20,17,21,-20,19,18,18,5,11,5,11,6,6,-20,26,7,7,11,13,8,15,11,9,5,4,12,5,22,5,-20,13,13,16,10,13,4,24,20,28,5,-20,5,12,3,18,-20,5,18,4,-20,-20,13,4,11,-20,4,7,17,-20,4,7,-20,25,7,6,6,17,5,10,15,8,11,10,6,-20,4,4,-20,10,8,6,8,5,4,17,10,14,10,17,5,4,8,3,8,11,18,12,3,8,17,-20,20,20,8,17,12,29,29,22,19,33,46,48,76,72,96,43,48,65,45,41
"chr1,25278999",5,8,9,12,6,6,7,3,13,13,6,8,28,29,19,14,38,14,104,70,62,12,64,32,64,23,18,33,27,12,6,17,33,9,71,48,49,28,17,12,13,40,11,14,28,54,7,64,9,19,26,30,43,33,17,23,63,34,37,31,37,45,45,33,12,15,34,53,54,21,37,24,18,29,30,65,21,6,12,17,9,12,13,14,9,41,42,67,35,20,8,30,41,29,31,30,11,52,4,51,35,26,5,12,35,54,12,38,28,14,20,4,43,35,10,8,40,14,8,4,12,8,8,10,39,5,5,43,15,22,22,6,10,5,32,44,33,13,6,11,10,7,5,13,45,13,10,42,11,6,6,10,44,47,41,18,5,30,87,10,10,10,6,12,6,12,12,4,16,20,81,70,51,38,11,24,11,20,22,86,24,34,25,2,17,6,7,14,15,41,19,21,-20,10,13,18,14,16,10,34,4,24,33,10,83,22,39,57,5,28,76,31,31,54,14,7,70,-20,15,14,17,9,28,37,19,17,9,18,27,33,34,34,46,30,3,7,7,9,10,11,26,27,14,11,4,38,23,19,13,21,14,13,13,9,18,5,15,11,28,20,24,16,-20,9,12,17,19,13,15,17,11,24,12,29,12,8,42,75,30,71,10,12,11,30,6,15,13,11,6,18,17,27,6,14,44,55,63,5,9,5,12,10,8,9,19,28,43,6,55,37,49,52,32,51,18,10,2,9,27,142,17,21,15,29,20,6,13,12,17,26,18,25,10,16,35,15,17,25,48,25,14,41,14,35,17,28,9,15,15,18,21,18,9,42,14,21,9,22,11,4,12,19,20,13,9,20,19,11,-20,13,15,9,8,72,12,7,16,75,30,21,15,8,8,21,11,21,19,12,9,9,10,17,21,10,10,13,9,15,118,14,14,12,8,4,22,17,13,30,23,13,26,14,17,29,12,4,13,7,25,21,15,10,15,19,26,37,14,18,28,31,21,17,201,43,-20,18,14,14,5,12,9,26,9,16,28,11,6,11,30,9,85,9,7,11,19,12,8,21,9,10,12,10,31,15,5,14,6,13,27,14,11,8,10,25,26,29,14,16,56,48,11,12,15,22,5,23,18,22,16,13,11,16,16,10,29,9,14,25,14,16,13,12,10,13,54,14,21,14,7,5,21,19,16,15,59,47,64,46,13,51,43,6,3,48,45,7,7,37,12,7,34,-20,9,9,27,14,6,7,20,9,7,12,25,5,20,19,11,14,10,12,56,28,11,7,16,9,15,15,29,14,14,36,12,22,16,16,34,14,110,14,22,5,-20,16,4,21,14,18,25,29,24,58,59,25,20,40,9,10,16,48,19,8,28,4,14,12,12,7,12,27,8,32,31,33,35,15,10,53,16,16,5,18,24,13,39,26,30,29,8,10,10,31,28,10,67,21,44,51,34,21,23,16,12,40,39,12,30,11,14,23,77,39,12,11,30,18,99,11,9,20,8,15,46,32,17,18,29,24,27,68,9,31,25,94,27,44,23,7,19,19,10,20,18,16,14,11,14,14,22,21,15,13,12,12,13,13,17,17,16,13,12,24,11,26,15,7,23,11,28,11,15,24,9,17,17,17,12,10,4,17,20,20,17,6,16,8,13,15,19,13,13,27,15,13,16,10,12,16,8,9,9,8,10,17,20,18,17,12,19,14,8,15,12,15,15,11,14,12,18,26,13,15,9,14,11,6,7,23,11,35,6,7,10,14,5,10,6,9,12,19,8,7,18,20,12,7,10,20,4,9,12,8,16,9,5,16,13,20,-20,7,6,14,10,14,9,6,3,19,19,4,13,13,16,5,16,14,3,13,12,18,21,12,12,10,10,9,12,14,10,-20,22,5,16,8,14,4,4,14,10,12,7,11,2,12,15,6,15,12,21,14,9,17,9,10,26,15,25,10,25,8,13,19,21,15,16,14,8,11,7,22,10,4,16,14,24,8,8,12,11,12,18,14,14,12,12,3,11,6,8,17,11,15,4,17,15,6,13,16,21,5,15,13,10,19,-20,118,11,16,22,14,10,18,16,20,28,27,23,18,28,12,25,16,39,22,21,24,30,30,17,27,14,11,17,15,45,22,11,18,19,21,22,17,18,12,20,18,20,12,13,8,23,11,10,16,-20,20,8,15,15,13,8,11,25,17,11,11,12,10,13,-20,13,18,7,26,10,9,19,14,9,9,13,15,12,26,8,5,27,9,8,15,8,7,6,8,12,4,11,5,-20,12,11,16,11,19,8,15,18,21,10,10,19,21,14,7,11,4,11,9,19,18,10,48,20,19,19,17,21,8,19,20,19,5,11,5,14,4,6,-20,26,7,8,12,14,9,15,12,9,5,-20,12,5,22,5,2,14,15,17,9,13,5,23,19,29,4,-20,5,11,3,19,7,5,17,3,16,-20,11,6,11,-20,4,6,16,-20,4,5,-20,24,8,-20,8,21,4,10,12,8,8,14,7,-20,4,4,-20,11,5,6,8,4,5,16,11,14,8,17,5,4,7,3,9,10,17,12,4,6,16,-20,24,20,8,17,12,31,29,22,20,35,47,50,63,72,95,42,47,69,46,38
"chr1,25279002",5,9,9,13,4,5,8,3,13,13,7,8,25,29,19,12,40,12,103,70,63,14,65,33,63,21,19,31,27,10,5,17,33,9,71,47,48,28,17,11,15,37,11,12,30,54,7,64,8,20,25,28,41,30,17,24,59,32,37,30,35,44,40,35,12,16,33,54,57,21,38,24,20,30,29,64,20,6,12,18,10,12,12,13,10,41,38,67,37,19,9,27,41,27,32,30,11,50,4,50,35,26,4,15,37,53,12,37,26,12,19,4,43,35,11,10,42,15,8,5,12,8,8,11,39,6,5,42,15,23,22,6,8,6,32,44,31,14,6,11,10,9,6,12,49,12,9,43,11,7,7,10,50,46,40,18,5,30,86,12,10,10,7,13,6,13,12,4,13,15,82,69,52,38,12,26,11,20,20,82,25,34,25,2,16,6,7,15,15,42,18,20,-20,10,11,17,13,14,12,34,5,23,34,10,80,24,39,58,7,27,75,31,30,55,16,8,68,7,19,12,18,11,32,35,20,16,10,16,26,35,33,36,50,31,3,6,7,9,10,11,26,28,14,11,4,39,24,20,13,18,16,14,14,8,18,8,14,12,32,21,25,15,-20,10,12,16,18,12,15,14,12,29,15,30,12,7,42,73,31,70,10,12,11,28,6,14,13,10,6,18,20,29,7,13,45,56,64,6,-20,5,11,10,8,11,18,29,43,5,53,40,48,52,33,52,16,10,2,9,27,141,17,22,14,29,19,5,10,11,16,25,17,27,9,17,33,15,17,24,53,25,14,45,14,35,18,27,-20,15,14,19,21,18,10,40,14,21,9,21,11,4,12,18,20,12,9,20,18,11,6,14,14,10,10,70,13,7,15,75,30,21,15,8,7,22,11,21,20,12,10,10,11,18,21,13,-20,11,9,14,117,15,14,13,6,4,22,18,14,32,24,13,26,13,15,26,12,3,13,6,23,21,16,9,16,17,25,39,15,18,27,31,22,17,202,44,-20,17,15,15,5,12,9,26,9,16,27,11,6,11,28,10,84,9,7,9,19,11,6,21,8,10,12,10,31,15,7,12,6,13,28,16,12,8,11,25,26,27,12,17,58,46,10,10,16,21,5,24,17,23,15,12,9,17,16,9,31,10,14,24,14,17,13,12,9,15,51,14,21,14,12,6,21,19,16,15,60,47,64,44,13,50,40,6,4,50,45,8,7,38,12,6,35,-20,9,8,29,15,5,7,20,8,7,14,27,5,21,19,12,12,12,12,57,30,12,6,16,9,15,17,30,13,14,37,12,21,17,16,35,14,110,14,21,4,6,17,4,19,14,19,26,28,24,60,60,24,20,38,8,11,16,39,19,7,28,4,10,12,12,7,12,25,8,32,31,34,34,16,9,49,16,17,5,18,25,14,46,28,33,31,9,10,10,26,28,10,69,21,44,49,37,20,22,15,13,39,43,14,30,12,14,25,79,36,12,10,25,17,97,12,9,21,8,14,47,32,17,19,27,24,30,68,8,33,24,93,26,50,24,7,18,19,12,20,18,17,15,11,15,14,24,19,15,13,12,13,15,11,18,16,16,12,10,24,10,26,15,8,24,12,24,12,16,24,9,16,15,18,12,11,4,18,18,21,18,7,17,-20,15,14,17,14,13,27,15,14,15,10,13,14,8,7,10,8,10,17,21,16,17,15,20,15,8,15,10,15,15,11,15,11,19,27,12,16,11,14,10,7,7,23,14,34,-20,7,10,15,4,8,6,8,13,17,10,9,18,22,12,7,11,22,4,8,12,9,19,9,4,17,13,21,-20,7,8,14,10,14,9,6,4,20,17,4,13,14,18,5,15,12,3,13,13,20,21,14,11,9,11,10,13,13,11,12,22,6,16,8,14,4,4,14,10,13,7,11,2,11,15,-20,16,13,21,15,8,20,9,11,28,16,26,9,25,9,16,20,20,14,16,13,8,13,7,21,11,4,17,14,24,7,9,13,12,13,18,14,13,13,15,3,11,7,6,18,11,14,4,15,15,6,13,16,20,6,16,13,10,21,9,117,12,16,21,14,11,20,16,22,28,31,23,18,28,13,24,15,38,22,22,25,32,31,15,29,11,11,18,17,46,21,11,17,17,22,22,20,19,12,20,20,22,12,12,10,23,11,11,19,5,20,8,15,16,15,8,12,24,17,13,12,18,12,13,-20,15,20,7,26,11,9,19,15,9,8,15,16,12,25,5,4,29,10,8,16,8,6,6,8,12,4,11,5,3,13,11,18,11,20,7,16,17,20,11,10,21,21,17,7,11,4,11,9,21,19,9,48,21,20,20,16,21,8,24,19,17,5,9,7,15,4,6,2,22,8,10,12,16,9,15,11,9,3,4,13,6,22,6,2,14,19,19,9,11,4,25,21,30,4,-20,7,13,4,17,7,5,18,3,15,-20,12,4,10,-20,5,6,17,-20,-20,4,2,24,8,8,6,-20,4,12,12,9,8,13,7,-20,4,4,-20,12,6,5,6,5,5,16,9,17,8,16,4,3,7,3,9,10,15,12,5,10,17,-20,22,20,8,18,10,31,29,21,20,33,47,50,72,72,99,41,47,71,49,39
"chr1,25279006",-20,10,9,13,4,5,8,4,13,11,7,8,22,26,18,11,42,11,99,69,65,14,65,32,64,18,16,33,29,10,6,16,33,10,68,41,47,25,17,11,15,35,12,14,30,52,-20,62,7,18,22,28,42,26,15,27,61,31,39,32,35,45,37,31,12,12,33,55,59,23,38,24,19,31,31,62,22,7,12,16,10,13,10,12,10,42,30,71,37,18,8,28,41,27,27,29,12,50,4,51,35,26,4,13,37,51,12,34,25,11,19,4,44,35,11,10,42,14,8,5,12,8,8,11,33,6,5,42,14,22,22,6,8,6,35,40,31,14,6,10,9,8,6,11,48,13,8,42,11,9,7,10,58,44,44,17,6,30,85,11,10,10,6,12,6,14,12,4,13,15,86,67,51,39,12,26,11,17,20,83,25,36,26,3,17,6,7,14,16,42,17,21,-20,9,11,16,12,11,12,32,5,24,43,-20,80,26,37,64,6,21,72,28,29,56,14,8,69,7,20,10,16,11,32,33,19,19,9,16,22,35,30,36,48,31,3,8,8,11,10,11,25,28,14,12,5,41,19,21,13,20,20,14,15,8,18,8,13,14,31,21,24,23,10,11,11,18,17,11,14,14,10,29,17,28,14,7,43,80,29,71,11,12,13,27,6,15,13,-20,6,18,21,26,6,17,46,52,56,5,8,5,12,10,8,12,18,30,38,6,57,39,49,47,34,54,16,10,3,9,28,143,17,23,11,30,18,-20,11,12,15,30,18,24,10,15,35,15,18,24,52,24,14,43,14,34,18,26,8,14,12,18,21,18,10,42,14,21,10,19,11,4,11,19,20,12,10,22,18,11,5,16,14,12,10,66,11,8,15,75,30,20,13,8,8,21,13,22,21,10,10,11,11,17,21,14,8,10,10,14,114,15,14,12,6,5,22,16,14,32,24,12,23,14,15,26,13,3,13,6,25,20,17,10,14,18,25,41,15,19,28,32,21,16,201,41,4,17,-20,15,7,14,10,25,9,17,27,11,5,11,29,11,81,9,6,-20,18,11,6,21,7,11,14,10,29,14,7,12,7,12,29,16,13,8,11,24,25,27,11,19,56,48,12,10,14,22,5,24,16,21,14,11,10,15,14,6,30,10,13,24,14,18,13,11,9,14,50,13,20,13,12,9,20,20,16,14,59,47,65,45,11,47,43,6,4,46,44,8,7,39,12,6,-20,-20,10,8,29,14,5,-20,21,7,7,16,21,3,21,21,13,14,10,12,55,29,10,6,18,-20,16,16,29,15,13,35,11,18,19,16,35,14,105,15,23,5,6,17,4,19,16,17,24,29,22,61,61,25,20,37,11,9,16,42,21,8,29,4,11,13,13,8,10,24,8,33,31,33,34,16,9,50,16,17,5,17,25,13,46,28,33,30,9,10,10,26,29,-20,66,21,42,51,38,-20,21,15,13,35,43,12,28,11,10,30,74,36,12,10,24,19,88,12,8,23,10,13,47,26,18,16,29,21,30,63,6,30,21,89,28,50,26,9,21,19,13,20,17,14,15,13,15,14,20,17,15,13,11,13,15,12,18,16,16,12,10,22,10,26,15,7,24,13,24,12,16,24,9,14,14,18,12,10,5,17,19,21,18,7,16,8,15,14,16,14,13,25,15,14,15,11,14,15,-20,9,10,8,9,18,21,16,16,13,19,15,8,14,10,15,13,11,13,11,18,28,12,16,11,14,10,7,8,24,14,34,6,7,10,15,4,7,6,9,13,17,11,10,17,23,12,7,12,22,4,8,11,9,19,9,5,17,13,24,-20,7,8,14,10,13,9,7,4,20,18,4,13,14,17,5,16,12,3,13,13,20,21,14,11,9,11,10,13,12,11,14,21,7,17,8,14,4,4,14,10,13,6,11,-20,11,16,7,16,13,21,15,8,20,9,12,29,15,27,9,24,10,15,20,21,14,16,13,8,13,7,22,11,4,17,13,24,8,9,13,12,13,17,14,13,14,15,3,11,8,6,18,11,14,4,15,15,6,13,16,22,6,15,12,10,24,10,114,12,16,21,14,11,20,17,20,28,31,23,18,28,13,24,16,37,22,21,26,31,30,16,28,10,12,18,17,45,21,11,17,17,22,23,19,20,11,19,22,23,11,12,9,24,11,11,19,8,20,7,15,13,15,8,13,23,17,14,12,17,12,12,-20,15,21,7,27,11,10,20,14,9,8,16,16,12,25,5,4,31,11,-20,16,8,6,6,8,12,4,11,5,3,13,11,18,11,20,8,16,18,19,11,10,22,21,19,7,10,4,12,10,21,19,7,48,21,21,19,15,20,8,21,19,18,5,9,7,15,5,6,2,24,8,8,11,16,9,15,10,9,3,4,13,6,23,6,6,14,19,18,9,12,3,26,22,32,4,-20,5,9,-20,17,6,5,15,4,18,5,13,4,9,-20,4,7,14,-20,-20,-20,-20,25,9,9,4,18,4,14,13,9,4,19,6,-20,3,3,-20,12,3,7,12,5,6,19,8,11,8,16,5,3,7,4,7,8,16,12,-20,9,14,3,25,19,8,19,9,31,30,20,-20,34,44,48,80,63,95,39,47,71,47,38
"chr1,25279009",5,8,10,11,3,4,8,3,15,12,6,5,19,25,18,11,40,11,98,70,59,13,63,31,63,17,16,33,29,10,6,16,31,9,66,43,49,25,16,12,15,37,13,14,28,54,8,57,-20,18,25,27,41,25,15,26,60,28,41,33,34,43,37,29,12,11,32,56,56,23,38,25,22,30,29,60,22,7,12,16,11,12,9,13,10,43,28,67,35,18,8,28,41,26,23,27,12,49,3,52,33,25,5,14,38,49,16,31,24,11,18,5,46,35,11,11,44,14,8,5,14,8,8,13,36,6,5,39,13,19,21,6,8,8,33,36,33,13,6,-20,9,-20,7,11,49,14,8,43,10,10,7,11,61,40,44,15,8,33,79,11,9,10,7,10,6,14,10,4,12,14,83,72,49,31,11,25,11,16,18,99,25,35,29,2,17,6,5,14,16,41,18,-20,-20,9,12,15,13,11,13,30,5,24,53,9,81,26,36,64,6,23,68,24,28,47,14,8,66,7,19,9,15,10,32,35,18,18,10,17,20,36,31,31,48,32,3,10,8,11,12,12,25,29,14,13,-20,41,20,21,13,-20,20,15,15,10,19,9,12,14,30,20,24,21,9,14,10,19,-20,10,14,16,12,27,16,28,12,7,42,83,32,71,12,11,13,27,6,15,14,10,7,18,20,26,5,20,45,53,57,5,9,5,-20,9,8,12,17,32,33,6,54,41,48,48,36,52,16,9,3,9,26,140,16,21,11,29,19,-20,10,10,13,25,19,21,10,16,33,15,18,24,52,24,13,40,14,33,17,24,8,15,11,15,22,17,9,43,15,21,12,17,10,4,12,17,18,13,10,20,19,11,5,17,14,11,11,71,12,9,14,74,30,20,12,7,8,21,14,24,20,10,11,12,12,20,21,12,8,10,10,16,107,18,15,12,6,6,23,14,15,33,24,10,23,13,15,25,13,3,12,-20,25,20,17,11,14,18,26,42,14,21,30,31,19,16,200,40,3,17,15,16,8,14,8,25,9,17,27,11,5,12,30,-20,75,10,6,9,17,-20,6,21,8,12,14,7,28,14,7,11,7,11,32,16,12,9,11,25,25,27,11,18,57,49,10,10,14,22,5,22,14,24,14,11,11,15,14,7,31,9,12,25,12,15,12,11,8,13,51,13,20,14,12,9,21,19,15,13,57,48,62,44,11,45,40,6,4,46,41,7,6,38,12,6,-20,4,10,8,25,14,5,5,21,7,7,16,19,3,21,20,13,15,-20,13,57,29,9,6,16,-20,16,16,30,14,15,36,11,18,16,15,34,14,103,14,23,3,6,14,4,20,16,18,24,30,22,62,62,25,18,37,12,-20,15,39,20,9,28,5,11,14,12,8,10,24,8,35,33,32,33,15,7,47,14,18,5,17,26,12,45,30,30,31,10,11,10,27,27,10,70,20,48,47,43,19,21,13,14,33,45,12,29,11,11,29,70,39,12,9,25,19,92,15,9,23,9,12,48,25,15,14,28,21,31,69,6,34,19,90,28,51,26,10,22,19,13,18,17,14,12,12,15,13,20,16,13,13,12,12,17,10,17,17,-20,10,10,23,10,24,15,7,24,13,23,14,16,20,9,14,14,19,13,11,6,17,-20,21,18,8,17,9,15,15,14,13,13,24,13,13,13,13,12,14,6,9,10,8,7,18,18,15,16,12,18,14,10,17,11,12,13,11,13,12,19,28,12,11,11,15,11,7,8,21,13,34,5,6,8,13,-20,6,6,9,11,16,11,11,16,23,11,7,12,22,4,8,11,9,17,8,5,16,14,23,-20,7,9,14,10,12,9,7,5,20,17,4,14,14,17,4,16,10,3,15,13,20,23,11,10,9,11,-20,11,12,11,14,20,4,17,8,13,4,4,14,10,14,7,11,3,9,16,8,12,16,21,16,6,18,-20,12,28,15,23,-20,22,11,15,19,18,14,19,11,9,14,8,23,12,5,16,12,25,7,7,13,13,10,17,14,14,16,17,3,11,10,6,17,11,12,3,15,14,6,13,15,20,5,15,12,-20,24,10,108,12,17,22,14,12,20,16,24,28,31,23,17,28,14,23,17,37,21,19,26,30,30,16,29,10,10,18,17,47,23,11,18,17,22,21,20,20,11,18,25,24,10,12,10,26,10,10,19,8,18,7,17,13,15,9,13,23,16,14,13,17,13,12,-20,12,19,-20,26,11,11,19,13,9,7,14,14,12,25,3,4,31,11,7,14,8,5,6,8,12,3,11,5,3,13,11,18,9,19,-20,18,20,16,11,9,21,21,17,6,11,4,11,10,20,19,9,48,22,22,19,16,21,8,19,19,18,4,9,8,15,8,6,2,23,8,7,12,14,8,15,12,10,3,4,12,7,20,4,6,14,22,17,10,12,-20,26,24,33,4,-20,6,-20,-20,18,8,5,17,3,17,5,12,-20,9,-20,4,7,18,3,5,5,-20,24,8,11,8,19,5,13,14,10,4,16,5,-20,4,-20,-20,11,3,9,-20,5,6,17,9,11,-20,20,5,3,5,5,7,-20,13,12,5,7,15,4,24,18,-20,20,9,27,27,18,19,34,45,46,80,63,100,40,48,72,48,37
"chr1,25279014",5,8,10,11,3,6,8,2,15,13,7,7,18,25,17,10,41,10,93,67,59,12,66,31,62,16,13,34,28,11,6,16,30,9,67,45,47,27,16,12,15,35,14,17,22,53,8,57,8,16,25,29,46,24,16,25,56,26,39,36,35,42,38,28,11,10,33,56,59,21,33,27,27,33,27,60,21,9,15,16,11,12,8,13,10,46,31,66,38,17,8,26,44,23,24,27,15,47,3,53,32,26,5,15,38,46,16,31,23,11,19,5,50,36,11,11,52,10,7,6,13,9,9,12,36,6,5,39,15,21,22,6,8,9,33,36,36,13,9,11,9,8,10,10,52,13,7,43,9,8,8,12,60,40,46,16,9,36,78,12,8,10,8,11,6,13,10,4,13,16,83,72,50,39,9,24,11,15,19,101,29,35,33,2,18,6,5,12,16,38,19,21,-20,10,-20,15,12,12,13,28,4,25,52,9,80,27,36,58,7,22,80,25,28,47,12,10,66,6,19,9,17,9,33,36,19,20,10,16,17,35,34,31,44,38,3,8,8,11,12,11,25,27,17,15,4,44,20,22,14,19,20,17,17,10,18,10,13,15,33,21,26,20,9,15,11,19,18,11,14,15,13,27,16,26,13,11,42,81,30,71,11,11,12,29,6,13,14,11,7,19,19,26,5,20,44,45,64,5,5,-20,11,10,8,13,17,31,32,6,54,41,46,43,36,53,15,9,4,8,24,140,16,21,10,31,18,4,10,10,14,24,17,21,11,16,37,17,18,26,49,24,-20,39,13,33,17,18,7,15,11,-20,22,18,10,44,15,20,13,16,11,4,13,16,21,14,9,24,19,12,7,16,15,12,11,68,16,8,11,67,30,20,12,8,7,21,13,22,19,10,13,12,10,21,19,14,9,10,9,16,104,15,16,11,6,10,22,17,16,34,24,11,23,12,18,26,12,3,11,6,28,21,18,12,15,18,24,41,14,20,30,30,20,15,198,40,5,19,15,17,8,15,8,26,10,19,29,11,4,15,31,10,74,8,6,-20,16,8,5,20,8,12,15,7,29,15,7,10,6,10,35,16,13,10,12,24,29,24,10,17,55,50,12,10,14,22,5,21,14,21,13,14,12,16,14,7,29,11,12,26,10,17,12,13,8,11,52,13,21,13,15,10,20,21,13,13,56,48,63,42,12,45,40,7,4,49,41,7,6,41,12,9,29,9,9,7,27,13,4,5,21,8,11,17,18,3,20,17,15,15,10,15,55,28,10,7,16,8,16,16,30,15,15,37,10,18,16,14,36,14,98,13,22,4,7,14,4,18,17,17,34,33,24,65,65,27,16,36,13,7,15,36,22,9,28,5,13,15,12,8,11,24,9,34,32,35,32,19,9,48,14,19,5,18,29,12,48,30,32,34,9,12,9,29,26,9,69,21,49,47,47,18,21,14,13,39,45,12,31,10,11,30,79,43,13,9,27,19,98,18,8,20,11,9,47,26,18,16,25,23,33,69,5,35,19,89,24,51,26,11,23,16,9,17,16,14,13,13,17,12,20,17,13,14,11,9,19,10,16,17,18,10,11,21,10,23,14,7,26,13,24,14,16,20,7,14,14,19,13,11,-20,17,22,20,18,10,17,8,15,15,15,14,16,24,13,12,13,13,12,16,7,9,11,11,6,16,18,13,15,11,18,14,9,17,12,15,10,11,13,12,20,26,14,13,-20,14,11,9,9,21,13,33,5,6,7,13,3,7,7,10,10,16,12,9,16,25,11,7,11,20,5,7,13,9,17,8,5,16,15,23,-20,7,11,15,10,12,9,8,6,-20,17,4,14,14,19,4,17,11,3,14,13,20,22,11,11,9,11,10,12,11,10,14,22,7,17,10,13,4,4,14,10,14,8,12,3,9,15,7,10,14,21,13,6,18,9,10,28,15,24,13,21,11,15,18,18,14,20,10,7,14,9,23,13,5,16,12,25,7,7,15,12,13,16,13,14,16,17,3,10,11,4,18,12,14,4,18,13,6,13,16,21,4,15,11,11,26,10,107,12,19,22,16,11,21,-20,24,27,31,23,20,28,14,23,18,35,20,19,24,30,28,15,33,13,11,18,17,46,24,13,18,15,21,21,19,22,13,18,25,22,9,11,10,25,9,9,18,9,18,8,17,14,15,11,13,23,17,13,12,17,14,12,-20,12,21,9,29,12,13,20,12,9,8,15,15,14,28,7,4,31,-20,7,16,8,6,6,8,12,4,11,6,3,12,13,18,8,20,9,20,20,17,12,9,22,20,17,5,12,4,11,10,21,18,9,46,22,23,20,16,21,8,20,18,17,5,9,8,15,10,6,-20,23,9,7,12,13,7,15,13,11,4,4,14,7,20,5,7,16,23,17,10,9,7,25,24,37,3,-20,9,11,-20,15,9,5,18,3,18,4,15,4,8,-20,4,8,23,3,4,5,4,23,9,11,7,18,4,11,14,9,-20,17,8,3,-20,-20,-20,9,4,11,10,6,8,16,10,15,11,20,6,-20,5,6,8,13,12,8,6,7,18,5,24,17,7,20,8,25,28,17,17,35,49,42,75,46,102,37,47,73,50,38
"chr1,25279017",5,7,10,11,3,6,-20,2,14,13,7,6,18,22,17,10,39,10,93,64,58,12,67,29,62,16,13,28,29,11,6,17,29,9,63,43,45,26,16,12,15,34,15,18,20,53,8,56,9,18,26,28,45,24,16,26,59,22,38,35,33,40,38,27,10,10,32,55,56,20,35,26,27,31,28,58,21,9,13,16,11,11,7,13,9,45,31,65,37,14,8,26,44,22,24,27,14,46,3,52,31,25,4,15,39,45,16,30,22,11,19,5,49,40,11,11,52,11,7,6,14,9,9,12,33,6,5,40,14,21,21,6,8,9,33,35,36,13,9,11,9,8,9,10,52,12,6,42,9,8,8,13,60,49,45,17,9,37,83,15,7,10,8,11,6,13,10,4,13,15,83,73,49,40,10,24,11,15,20,98,29,36,34,2,21,-20,5,13,15,38,27,19,-20,10,6,14,11,13,13,12,4,25,52,10,80,28,41,54,7,22,76,22,25,45,15,9,67,10,20,9,18,9,34,33,18,19,10,14,-20,34,37,29,42,36,3,8,8,12,10,10,26,29,15,18,4,43,18,23,14,18,20,14,17,13,18,10,15,15,31,20,24,23,11,14,11,19,20,10,15,15,14,25,18,23,14,12,42,84,28,70,10,11,12,31,6,12,15,11,7,17,20,27,7,21,44,46,70,5,5,4,11,10,8,12,18,31,34,6,56,44,45,42,36,51,13,9,4,8,23,138,14,20,10,32,17,4,11,10,13,25,17,21,11,17,36,17,19,27,49,25,14,40,13,33,17,18,7,16,12,13,23,18,11,45,14,22,13,15,11,4,14,15,19,14,9,24,19,12,6,17,14,13,11,67,16,8,12,68,29,20,12,8,6,20,11,22,19,10,16,17,10,21,19,13,8,10,9,15,102,15,15,11,5,10,23,17,17,34,25,11,24,12,18,24,12,3,11,6,28,20,19,12,14,20,24,40,13,19,29,31,18,14,193,42,5,20,14,18,8,15,7,27,-20,19,28,12,5,17,31,9,76,9,6,8,16,10,5,21,8,12,17,9,29,19,7,11,7,9,33,16,12,11,12,22,28,23,10,16,52,50,13,10,15,23,5,20,14,20,14,14,11,16,11,7,27,13,10,27,11,17,12,12,9,13,51,13,22,12,17,11,20,23,12,13,54,48,65,39,12,44,38,7,4,53,38,5,6,42,12,11,29,10,8,8,28,12,4,5,21,8,11,15,15,3,20,19,14,16,10,16,56,27,10,6,16,8,15,16,31,14,16,34,10,17,16,14,35,15,100,12,21,4,6,14,3,17,16,15,33,32,23,67,65,26,16,35,15,8,14,36,22,8,28,5,12,15,12,7,11,24,9,34,32,35,31,18,8,46,12,18,5,18,29,12,48,30,32,34,-20,12,9,28,24,7,70,22,48,47,49,18,22,13,12,38,42,10,29,12,11,29,79,41,12,10,28,22,100,20,9,20,10,9,44,27,20,17,26,22,28,70,3,34,19,85,22,52,27,14,23,19,9,17,15,14,13,13,16,12,19,17,13,13,11,9,19,10,16,16,18,9,10,21,10,23,13,7,26,14,24,15,16,18,7,13,13,19,14,-20,-20,17,22,18,18,9,17,8,15,15,15,13,16,22,13,12,13,12,12,17,7,9,11,11,7,18,18,13,15,11,17,14,9,17,12,15,10,11,13,13,19,26,13,13,10,16,11,8,9,19,13,33,5,6,7,13,3,7,7,10,10,16,12,9,16,25,11,6,11,20,5,5,13,9,17,8,5,15,15,23,-20,7,11,16,10,12,9,8,6,18,17,4,14,14,19,4,18,10,3,14,13,20,21,12,11,9,11,10,12,10,10,14,22,-20,17,10,13,4,4,14,10,14,8,12,-20,8,15,7,10,13,21,12,6,18,9,10,27,15,24,13,21,11,15,18,18,14,19,10,7,14,9,22,13,5,15,12,25,7,7,15,12,13,16,13,13,16,17,3,10,11,4,18,12,14,4,18,13,6,13,16,21,4,15,10,11,29,10,106,13,18,22,17,10,20,16,24,27,31,22,20,28,14,23,18,35,20,19,24,30,29,16,33,13,11,19,17,46,25,12,18,15,21,21,19,23,13,18,25,22,9,11,10,25,8,9,18,9,18,8,17,13,15,11,13,23,17,12,12,17,14,11,-20,-20,21,10,29,12,14,20,12,9,8,15,15,14,27,7,4,33,10,7,16,8,6,6,8,12,4,10,6,3,12,13,18,7,20,9,19,20,17,12,9,21,16,17,5,12,4,11,9,21,18,9,47,21,23,19,15,20,7,21,17,17,5,9,8,14,10,6,-20,22,9,7,12,12,6,15,13,11,4,4,14,7,21,5,7,16,23,16,10,10,7,23,25,38,3,-20,7,12,6,16,5,5,14,3,16,5,14,4,8,-20,3,-20,18,3,4,4,3,20,9,11,7,16,4,11,9,10,4,19,6,3,-20,2,2,6,-20,8,7,5,7,20,10,12,12,20,9,4,3,7,8,10,13,11,6,7,17,8,24,17,7,19,8,25,29,18,15,34,49,42,75,46,102,37,46,70,48,40
"chr1,25279021",4,8,9,12,3,6,8,2,13,11,10,6,17,21,16,10,37,9,94,67,55,12,67,27,60,15,13,28,28,11,4,15,30,11,61,41,46,26,17,12,16,33,17,18,19,51,-20,52,9,17,29,26,45,23,15,22,56,-20,39,32,31,36,36,25,10,10,34,56,55,21,34,27,28,32,28,58,20,10,12,17,10,9,7,11,8,43,31,65,38,14,8,25,43,22,23,25,14,48,3,50,31,26,3,16,40,44,16,31,21,11,19,6,52,42,11,11,48,11,7,6,13,8,9,13,27,6,5,39,14,21,23,6,8,10,32,32,32,13,9,10,-20,-20,10,11,54,12,5,44,9,8,8,12,61,45,42,17,9,33,83,16,7,10,7,11,5,11,9,4,13,16,80,71,52,38,10,21,10,14,19,95,28,34,34,3,21,6,5,12,14,33,27,18,-20,10,5,13,11,14,11,10,5,26,52,12,79,28,41,56,7,21,77,22,25,47,14,9,-20,10,17,7,18,9,33,33,16,16,7,14,15,34,37,29,44,34,-20,6,8,12,9,10,22,30,13,17,6,45,16,24,11,18,20,14,15,13,20,10,14,15,30,17,24,25,13,13,9,19,-20,11,15,12,13,23,19,26,14,11,36,78,25,67,11,12,12,31,6,8,13,11,8,15,19,27,7,19,45,46,73,5,3,5,11,10,8,13,18,30,37,6,58,42,42,43,36,49,13,11,5,7,20,134,15,21,12,31,12,4,11,10,14,27,17,21,9,18,35,18,16,26,52,25,10,38,12,33,18,19,-20,17,11,13,21,18,10,48,14,21,13,15,11,4,13,15,20,15,10,26,18,10,7,17,14,12,13,62,-20,9,11,67,27,20,10,8,6,21,11,22,17,9,16,16,10,21,18,13,8,9,9,17,103,16,18,11,4,11,23,14,16,34,27,11,23,10,17,24,10,3,11,6,29,19,18,12,16,19,23,41,17,19,28,32,18,15,197,42,6,20,14,18,-20,12,-20,28,10,17,26,11,7,14,31,9,73,10,6,8,16,9,4,20,8,11,14,11,32,18,7,11,-20,9,32,16,10,12,11,21,27,21,10,15,52,47,12,12,17,21,5,21,12,19,14,16,11,17,12,8,28,14,10,26,13,17,12,12,-20,16,50,13,20,10,16,9,20,24,13,12,50,42,64,40,11,43,37,7,5,53,39,5,5,42,12,12,24,10,9,8,26,11,3,5,23,8,12,16,15,3,17,18,15,18,10,17,58,27,10,6,18,9,18,17,29,15,15,31,10,18,15,15,32,15,101,15,22,-20,6,13,3,17,14,15,33,32,25,64,62,24,16,31,13,-20,11,36,21,8,28,5,11,14,12,7,10,22,10,34,33,33,30,19,7,43,11,18,5,17,28,12,47,29,31,35,10,12,9,29,26,8,71,24,50,45,44,-20,-20,14,12,35,42,10,-20,13,12,29,78,-20,12,11,28,22,96,20,8,21,10,9,46,26,19,17,24,22,25,66,3,35,17,92,19,48,27,14,21,19,9,17,14,13,15,11,14,12,20,16,15,13,11,9,19,9,16,14,18,8,10,21,10,24,11,6,26,16,20,13,17,18,8,11,13,18,12,11,-20,18,22,18,22,8,17,10,14,17,17,12,14,23,13,12,13,13,10,17,7,8,13,12,7,19,17,13,15,11,16,12,9,19,11,13,9,11,12,12,20,24,13,13,10,15,-20,8,8,19,14,33,6,6,7,11,4,7,6,9,10,17,10,7,14,27,12,5,11,18,5,4,12,9,17,8,6,14,14,23,-20,6,11,16,11,12,8,8,6,17,18,4,13,14,20,3,19,10,-20,14,13,19,22,10,9,9,10,10,12,12,10,11,22,8,14,10,13,4,5,13,10,14,8,12,-20,8,14,7,9,14,21,11,7,17,8,7,27,15,23,15,21,11,16,18,17,14,18,11,7,13,-20,23,12,6,16,12,23,7,7,13,11,14,17,13,13,15,17,3,11,11,5,18,11,15,-20,17,13,7,13,15,21,4,13,12,11,30,9,99,11,20,21,17,11,23,16,24,26,30,22,17,27,13,22,18,33,21,17,26,28,26,14,33,12,11,18,16,44,25,11,19,13,19,21,19,21,12,16,24,19,10,12,10,25,7,9,17,9,13,8,19,13,15,11,13,23,16,12,12,16,14,10,6,8,20,10,30,11,15,20,11,10,7,15,15,14,26,-20,4,32,8,7,13,7,5,6,9,12,4,9,6,-20,11,14,17,7,19,10,20,20,15,16,9,22,14,19,6,10,-20,11,9,22,18,-20,45,21,22,19,16,19,7,22,19,19,7,-20,9,13,10,6,-20,24,9,8,12,10,6,14,13,11,4,-20,13,8,19,7,-20,17,23,16,9,10,5,21,23,37,-20,4,9,11,5,15,5,8,11,3,17,6,10,5,6,3,4,4,17,3,5,4,6,-20,5,10,4,18,5,12,10,-20,-20,19,6,3,-20,3,2,7,4,-20,9,5,8,21,10,15,9,20,10,4,2,8,6,11,10,12,5,-20,17,-20,27,17,7,19,-20,22,28,20,15,31,47,43,75,46,102,36,47,63,46,41
"chr1,25279032",3,8,10,12,5,4,10,5,16,13,10,6,21,17,14,10,34,9,99,73,58,10,56,30,64,15,16,30,31,9,6,14,31,9,53,39,49,29,18,13,11,32,15,21,16,49,-20,54,8,20,29,32,50,20,13,21,48,21,37,31,31,36,38,25,9,10,34,59,50,19,31,26,28,23,28,61,21,11,14,17,9,9,-20,11,8,46,28,53,38,15,7,22,44,22,23,22,14,50,3,52,26,23,4,15,32,43,16,21,15,10,17,7,52,44,10,11,49,11,7,6,13,8,10,13,25,5,6,45,15,18,20,6,7,11,31,31,33,14,9,8,7,9,9,11,54,11,5,44,-20,8,9,12,63,53,41,16,7,34,86,23,7,9,9,10,3,13,10,3,13,-20,81,69,52,34,9,23,14,13,21,93,28,31,34,3,19,7,6,12,14,36,36,18,-20,9,6,13,15,14,11,13,7,21,48,11,-20,35,42,52,8,21,81,-20,26,45,13,8,53,14,13,-20,15,6,35,31,12,11,8,14,-20,35,42,29,46,36,-20,5,8,-20,10,11,24,27,11,20,6,47,19,21,7,20,23,13,16,14,20,9,12,15,33,14,22,24,15,13,10,21,20,13,11,13,10,26,21,26,14,9,39,79,23,59,12,12,11,29,6,9,15,11,11,-20,18,29,8,19,51,58,60,4,4,5,10,12,8,13,21,34,35,6,54,37,34,43,32,50,11,11,5,5,18,129,13,19,13,27,13,3,8,10,12,27,15,18,10,17,33,16,12,28,56,19,14,39,11,31,17,19,10,20,14,16,21,17,11,47,12,20,12,18,6,4,17,12,21,15,9,20,14,8,6,15,12,12,14,61,17,13,11,69,22,19,12,7,5,-20,9,23,19,11,-20,17,8,20,14,12,8,13,9,14,94,14,14,11,4,12,22,12,17,33,27,12,21,10,19,22,10,3,11,5,29,16,13,13,15,19,21,35,17,18,24,34,17,14,182,38,5,20,15,16,9,15,7,24,7,16,25,14,7,14,29,9,65,13,6,7,20,9,6,23,11,13,12,13,31,16,7,12,5,10,35,13,12,11,12,21,28,17,8,16,47,43,16,13,16,22,6,23,12,15,12,15,12,17,17,11,29,12,10,24,12,15,10,12,-20,16,41,15,18,10,12,12,21,22,12,13,48,39,63,44,12,46,35,8,4,55,39,7,5,43,13,12,-20,13,9,8,30,10,3,5,22,7,-20,15,15,-20,15,17,14,15,-20,18,56,31,12,-20,16,-20,16,18,31,16,15,31,9,15,13,10,-20,12,108,15,22,5,6,11,-20,17,15,13,27,29,27,57,62,20,14,29,16,10,11,31,24,10,26,4,10,15,12,8,9,22,9,36,31,35,32,17,9,42,13,18,4,14,27,14,44,28,30,32,13,15,9,37,29,8,69,30,46,49,46,17,21,15,12,40,37,9,-20,10,11,32,80,37,14,12,25,20,94,19,9,19,10,12,46,22,22,20,17,21,26,59,2,33,16,96,16,40,24,15,17,19,13,16,11,13,11,10,15,13,17,16,12,12,13,8,18,7,18,16,16,7,11,19,9,24,10,5,24,14,19,13,16,17,7,12,14,16,15,11,8,15,18,17,19,9,21,11,13,17,14,13,13,15,13,14,11,13,10,17,8,9,12,13,8,15,18,14,16,12,14,9,10,20,12,13,8,11,12,10,20,22,16,13,13,16,9,9,8,17,14,31,6,6,6,11,8,9,4,10,14,15,9,7,15,23,11,5,10,19,6,5,11,13,17,7,6,15,14,27,-20,7,11,15,11,10,7,7,7,16,20,4,9,14,18,3,17,8,-20,12,16,16,22,10,10,8,9,-20,12,15,6,-20,23,12,11,12,12,3,5,16,9,14,7,12,3,7,17,7,7,14,16,10,10,17,9,6,26,16,23,15,22,11,18,16,15,14,15,9,9,14,11,23,11,5,16,11,19,7,5,12,10,10,20,14,13,17,16,6,8,11,-20,19,8,14,3,15,12,6,12,16,23,6,14,10,14,23,9,92,12,19,24,13,9,24,13,23,21,26,21,18,24,13,22,17,32,20,17,24,26,26,12,31,14,12,18,16,42,21,13,17,15,18,21,19,19,10,14,23,19,11,12,8,21,6,7,16,8,13,8,18,13,11,11,12,21,17,12,13,15,11,7,-20,9,20,10,28,9,13,18,10,9,8,16,14,14,27,6,5,30,-20,8,13,5,6,5,-20,11,5,6,5,4,9,16,17,6,21,13,22,24,15,16,10,27,14,19,6,10,-20,9,9,23,14,8,49,23,23,18,15,19,7,20,19,18,7,10,9,12,10,6,-20,22,8,7,13,13,6,12,11,11,3,4,11,8,16,7,7,17,21,13,8,11,5,23,26,31,4,-20,14,17,8,15,7,7,-20,-20,19,4,-20,-20,6,4,5,6,22,-20,-20,-20,5,20,8,7,7,22,-20,13,9,6,-20,20,10,5,5,4,5,11,4,8,8,7,8,17,8,14,8,23,9,5,4,8,5,15,11,-20,6,6,16,11,22,17,7,17,7,26,28,20,14,31,53,46,98,52,103,38,50,66,49,46
"chr1,25279045",4,7,10,10,6,4,13,5,15,12,11,8,20,16,8,10,34,7,103,73,56,15,61,27,62,16,18,28,30,11,9,14,26,14,48,40,44,29,17,12,8,36,24,20,17,55,-20,54,13,21,23,32,52,17,16,20,49,21,41,32,31,38,38,26,5,10,35,55,64,15,33,25,27,22,25,50,23,11,12,17,11,10,-20,10,9,50,24,53,36,8,7,19,43,15,20,20,14,58,3,45,29,20,-20,11,32,50,17,16,13,10,18,9,55,42,10,12,55,12,6,6,12,-20,10,14,22,4,7,49,15,19,23,6,9,10,28,30,35,13,4,8,6,7,8,10,58,-20,5,41,9,9,8,12,48,55,37,14,10,33,93,30,8,10,11,11,3,16,9,-20,13,11,76,65,44,36,8,23,10,13,18,93,26,24,31,3,17,8,5,15,17,33,43,16,-20,9,6,11,15,14,13,12,10,22,40,9,77,32,36,70,9,20,90,25,22,40,13,8,55,18,12,-20,15,4,35,32,10,8,8,12,-20,37,40,25,50,35,-20,6,5,6,15,9,27,22,12,23,5,48,21,18,-20,18,20,14,15,15,18,9,9,11,30,14,16,21,14,14,8,20,19,18,11,9,9,26,21,23,14,9,45,73,23,67,12,14,12,30,7,7,12,12,13,12,16,28,9,19,53,65,62,-20,3,4,-20,11,8,10,20,34,35,6,49,42,34,47,34,53,10,10,7,5,17,128,17,16,14,29,11,5,6,11,12,28,14,21,11,18,25,17,12,29,49,21,16,42,13,27,16,15,9,23,14,13,21,18,13,47,6,18,10,13,5,-20,18,22,24,15,10,22,14,6,8,18,14,14,17,51,12,13,12,73,21,18,11,6,8,17,10,21,17,16,16,22,7,19,11,14,6,11,8,16,92,15,17,9,-20,13,25,14,19,35,29,12,18,9,18,22,10,-20,10,2,27,13,8,12,11,21,19,36,14,19,21,39,15,11,163,31,6,20,15,19,7,15,8,21,6,18,26,14,7,15,30,10,63,13,7,10,19,9,4,24,11,12,12,16,29,15,8,13,6,10,34,18,14,-20,16,24,29,19,10,20,42,45,19,8,16,20,6,25,-20,13,13,15,12,20,17,17,28,15,9,27,11,14,9,14,8,19,34,17,19,12,12,12,18,31,13,-20,41,38,61,42,9,46,33,9,5,54,38,7,8,44,11,11,21,12,-20,6,29,-20,3,6,23,4,14,18,8,-20,11,21,13,12,4,17,50,30,11,6,14,8,16,14,32,13,19,28,5,12,16,-20,23,14,92,16,23,6,7,12,-20,16,15,13,34,-20,23,51,60,18,10,30,14,12,15,30,22,10,27,5,9,14,13,10,12,21,8,37,31,31,29,18,10,49,11,19,5,13,27,13,39,27,33,30,15,15,8,37,44,-20,83,35,53,49,48,18,19,15,9,38,40,7,-20,10,9,28,78,39,20,15,28,23,93,18,8,17,13,16,42,25,22,31,16,-20,26,61,3,29,18,98,20,41,24,15,17,20,16,17,10,14,10,10,17,14,16,16,13,11,11,8,17,8,17,14,13,7,13,21,8,17,10,6,22,14,16,16,15,16,7,12,16,17,12,9,6,16,14,12,20,12,19,16,9,16,15,11,13,12,14,12,11,13,11,16,12,11,12,12,7,16,22,14,18,11,14,11,9,20,12,10,7,11,12,14,20,21,16,9,13,16,-20,8,-20,19,14,31,7,4,6,8,9,9,3,6,12,14,9,6,11,22,12,3,11,22,6,5,10,13,19,6,8,9,14,27,3,6,13,11,8,10,7,6,6,16,18,5,11,12,18,4,18,7,-20,15,17,12,14,10,11,6,9,9,12,14,7,13,22,14,11,11,17,-20,7,16,8,13,6,10,4,10,13,6,7,13,17,10,9,16,8,6,21,16,21,14,20,11,18,18,15,16,14,-20,11,15,10,21,11,5,15,10,17,7,4,13,11,8,22,16,12,16,15,6,9,10,7,19,9,12,4,15,10,5,9,15,24,8,13,9,16,26,11,76,15,15,22,18,10,26,13,20,23,27,18,19,21,8,20,20,35,19,14,19,21,23,12,31,14,10,14,16,43,24,11,18,15,16,22,17,18,10,15,25,22,11,10,6,19,7,8,19,10,13,7,18,12,12,8,12,23,15,11,15,14,10,8,6,11,18,6,27,8,15,14,10,8,8,19,10,-20,25,8,6,27,7,10,10,4,6,6,-20,11,6,3,5,4,7,14,12,6,20,12,21,23,14,15,10,27,14,16,8,10,-20,10,9,19,17,8,48,22,22,17,14,16,11,18,19,20,7,12,9,12,10,-20,-20,13,9,10,12,15,8,13,10,11,5,4,11,8,17,6,8,15,21,20,6,12,-20,25,24,37,4,7,14,20,9,18,-20,6,24,-20,23,4,18,7,6,4,4,6,22,4,-20,-20,5,23,4,13,5,21,6,14,8,4,6,20,11,5,8,4,4,8,4,9,7,8,10,17,9,16,13,26,9,-20,5,7,8,20,13,14,-20,5,17,9,20,15,-20,13,6,30,25,22,17,36,59,47,108,62,105,38,50,66,48,51
"chr1,25279046",5,7,11,11,6,5,14,5,15,12,11,9,19,17,8,9,33,7,103,70,56,16,58,30,63,16,19,28,31,11,9,14,26,15,47,39,44,27,17,12,8,34,23,23,16,55,-20,57,13,22,23,33,52,17,-20,20,51,19,42,33,31,38,36,26,5,10,33,55,64,15,32,27,28,22,25,50,22,11,12,17,11,10,-20,10,8,49,24,52,36,9,7,19,41,15,21,18,14,57,3,45,29,20,-20,11,35,50,16,16,13,10,18,9,53,40,10,12,52,12,6,6,12,12,9,14,22,5,7,49,15,18,23,6,9,9,30,30,36,13,4,8,6,7,9,10,59,-20,5,41,9,9,9,13,48,57,38,14,10,32,92,29,8,10,11,11,3,16,10,-20,12,-20,75,66,43,35,8,21,10,14,19,94,26,24,31,3,16,8,5,15,18,33,43,-20,-20,8,6,11,15,14,10,12,10,22,40,9,77,32,37,66,9,19,92,26,22,40,13,8,55,17,12,-20,15,4,35,32,4,8,7,11,18,37,40,25,50,35,-20,6,5,5,15,9,27,22,11,23,5,46,21,16,8,18,20,15,15,16,16,9,9,11,30,14,19,21,14,13,8,21,20,18,11,10,9,26,21,-20,13,9,46,71,21,66,12,14,12,32,7,7,12,12,12,10,17,31,9,18,53,65,64,-20,4,-20,9,11,-20,11,21,35,35,6,49,42,34,47,34,55,10,10,6,4,17,127,17,16,-20,28,11,5,5,11,11,28,13,20,11,17,26,17,11,31,49,22,16,42,12,27,17,15,-20,23,-20,15,22,18,12,46,6,19,10,13,5,-20,18,23,25,15,-20,22,14,7,-20,18,15,14,17,51,12,13,12,71,20,18,11,6,8,17,10,21,17,17,15,22,7,18,12,13,6,11,9,16,90,15,17,8,4,13,24,14,19,35,29,11,19,9,17,21,10,-20,10,2,27,13,8,11,-20,21,19,37,14,19,21,39,14,12,164,30,6,19,16,19,7,16,8,20,6,18,27,15,8,16,30,10,62,13,7,10,19,10,5,24,11,12,-20,16,31,15,8,13,6,-20,36,18,13,10,16,24,29,20,10,19,43,46,20,8,16,19,6,27,19,13,15,15,12,20,17,18,27,15,9,28,-20,14,-20,15,-20,-20,36,18,19,12,13,10,18,32,14,7,40,38,60,42,9,45,34,9,6,53,37,7,-20,42,11,11,-20,13,6,-20,-20,-20,3,6,23,-20,14,19,8,6,10,20,12,11,4,17,49,29,11,6,15,-20,16,14,32,15,19,29,5,12,17,11,-20,14,92,16,22,6,-20,12,-20,15,15,11,35,29,23,50,61,18,10,29,14,-20,14,30,22,11,27,5,9,14,14,10,12,20,8,37,30,31,29,18,11,49,11,20,5,13,28,13,39,27,32,29,16,15,8,36,46,9,78,33,51,49,-20,-20,-20,15,9,-20,40,7,17,10,9,26,76,38,20,15,-20,21,96,18,8,17,14,16,43,25,22,30,16,-20,25,61,3,29,18,97,21,42,24,15,17,20,16,19,10,15,10,11,20,14,15,16,14,11,13,8,17,9,17,16,13,7,14,21,8,17,10,7,19,14,17,16,16,19,7,12,16,18,12,9,6,15,13,12,20,12,19,17,9,16,17,12,13,13,14,12,11,13,10,16,12,11,12,12,8,16,22,14,-20,11,14,11,-20,20,12,10,8,11,13,14,18,22,17,10,13,16,12,8,10,19,14,30,7,3,-20,8,9,10,3,7,12,14,9,6,11,23,12,3,12,22,6,5,11,13,18,6,8,9,14,27,3,6,13,12,8,10,7,6,6,16,18,5,14,12,17,4,19,8,-20,15,17,13,14,11,11,7,9,9,12,15,7,13,22,15,12,11,17,-20,6,16,8,13,6,9,-20,10,13,6,7,13,16,10,9,16,8,6,21,18,21,14,20,12,17,17,15,16,14,-20,11,18,10,21,11,5,17,10,17,7,4,13,13,9,22,16,12,16,15,6,9,10,7,18,9,13,4,15,10,6,8,15,23,12,13,9,15,24,11,78,14,16,23,17,10,27,13,22,22,27,18,19,20,8,21,19,36,19,14,19,19,25,-20,29,14,10,15,17,44,24,11,18,17,15,22,17,17,10,15,25,22,11,10,6,19,7,8,19,10,13,8,18,12,12,8,11,23,15,11,15,14,10,8,6,11,18,6,27,8,15,14,10,8,8,18,10,13,27,8,7,28,7,9,10,4,7,5,4,11,6,3,5,5,7,14,12,6,21,12,21,23,14,15,10,27,15,16,8,10,-20,9,9,19,16,8,49,24,21,18,14,16,11,20,19,-20,7,12,9,12,10,-20,-20,13,9,11,13,15,8,12,10,11,5,4,11,8,17,6,8,15,21,20,6,12,3,22,25,40,4,6,14,17,9,18,-20,6,25,-20,25,3,17,5,6,3,4,5,21,3,-20,-20,6,25,5,10,5,18,4,13,10,4,6,21,12,5,-20,4,3,8,5,9,7,6,8,18,8,-20,16,27,9,8,6,6,7,18,14,14,-20,5,19,8,18,15,-20,12,5,32,25,22,16,36,59,47,108,67,105,35,49,66,48,50
"chr1,25279047",5,7,11,11,6,5,14,5,15,12,11,9,19,16,8,8,34,7,108,72,58,16,58,31,62,14,16,26,31,11,10,15,25,14,44,39,45,26,17,12,8,37,23,23,16,55,-20,55,14,22,23,33,54,18,16,20,51,22,44,33,30,39,37,23,5,10,34,56,63,16,31,27,28,24,25,49,23,11,12,17,11,11,-20,10,8,50,23,55,35,8,7,19,42,15,19,16,14,58,3,46,29,21,-20,11,35,49,14,14,13,10,17,9,54,40,10,12,53,12,6,6,12,12,9,14,19,5,7,49,15,17,23,6,9,9,30,29,36,13,4,8,6,7,9,10,61,10,5,40,9,9,9,12,47,57,39,14,11,32,97,29,8,10,11,11,3,15,9,-20,13,10,75,65,42,35,8,21,10,14,19,96,26,24,31,3,16,7,4,17,17,33,42,-20,-20,8,8,11,16,14,10,11,10,23,38,9,80,34,38,68,8,20,89,28,22,40,13,7,55,17,12,3,15,4,33,30,4,8,6,10,18,38,41,26,50,35,-20,6,5,5,15,10,30,21,11,23,6,46,21,15,8,19,20,15,14,16,17,9,9,11,30,13,20,22,14,13,8,21,20,18,11,10,8,26,21,24,13,10,45,72,23,70,11,14,12,30,7,7,12,12,11,10,17,30,9,18,53,62,64,-20,4,5,9,11,8,11,21,34,37,6,49,44,34,49,34,54,10,10,6,4,17,126,17,16,13,27,14,6,6,11,12,28,13,20,11,17,27,16,10,30,48,23,16,43,12,25,17,16,9,23,14,17,20,18,13,45,6,18,10,-20,5,-20,18,24,24,15,10,24,14,8,8,19,15,15,18,52,12,13,12,72,21,18,11,7,8,18,10,19,17,18,16,23,7,18,12,15,6,11,9,16,91,15,16,9,4,13,24,14,19,35,30,11,19,9,17,21,-20,-20,10,2,27,13,8,12,12,20,18,37,14,19,21,39,15,11,159,32,6,18,16,19,7,16,8,20,6,18,26,16,8,16,30,11,61,13,8,9,21,12,5,23,12,12,12,16,33,14,8,13,6,10,37,18,14,10,16,25,29,20,12,19,43,47,20,8,16,19,7,27,19,13,15,15,13,20,17,18,28,15,9,29,12,14,9,15,9,19,38,18,19,11,13,12,18,32,13,7,40,40,59,40,9,43,35,9,6,53,37,8,8,41,11,11,19,13,6,7,29,9,3,6,22,-20,14,19,7,6,12,22,11,11,4,15,48,30,12,6,14,8,16,14,31,16,18,30,5,12,17,11,24,14,95,15,22,6,-20,12,-20,16,14,-20,37,29,23,51,63,18,10,31,14,14,14,29,22,11,27,5,9,14,14,10,11,20,8,37,29,31,29,18,11,49,11,20,5,13,27,13,38,27,32,29,16,15,8,36,46,-20,84,35,51,50,45,16,20,15,9,39,39,8,17,10,9,26,74,42,21,15,25,22,95,18,8,17,15,16,45,24,21,31,17,28,23,59,3,30,19,97,21,41,26,15,17,21,16,19,10,16,10,11,20,14,14,16,13,11,13,8,17,9,16,16,13,7,13,21,8,17,10,7,19,13,17,15,16,19,7,12,16,18,12,9,6,16,14,11,20,12,19,17,9,16,17,12,12,13,13,12,11,13,11,16,12,11,12,11,-20,15,22,14,16,11,14,11,9,19,12,10,8,10,13,14,19,22,17,10,13,16,12,8,10,19,14,31,7,3,5,8,9,10,3,7,12,14,10,6,11,23,12,3,12,22,6,5,11,13,19,6,8,9,14,27,3,6,13,12,8,10,7,5,7,15,18,5,14,12,17,4,18,8,-20,15,17,13,14,11,11,7,9,9,12,-20,7,13,22,15,12,11,16,-20,6,16,8,13,6,9,4,10,13,6,-20,13,16,10,9,16,9,6,21,18,20,14,20,12,18,17,15,15,14,8,11,18,10,21,11,5,17,10,17,7,4,13,12,9,22,16,11,16,15,6,9,10,7,18,9,13,4,15,10,6,8,15,24,12,13,9,15,25,11,78,14,16,24,17,11,27,13,22,23,26,18,19,19,8,21,19,35,19,14,18,19,25,12,30,14,10,15,17,44,24,11,18,18,15,22,17,18,10,15,24,23,11,-20,6,19,7,8,19,10,13,8,19,12,12,8,11,23,15,11,15,14,10,8,5,11,18,6,27,8,15,14,10,8,8,19,9,13,26,8,7,28,7,9,10,4,7,5,3,10,6,3,5,5,7,14,12,6,21,12,21,23,15,15,10,27,15,16,8,10,-20,9,9,18,17,8,48,24,21,18,14,16,11,20,19,20,7,12,9,12,10,-20,-20,13,9,11,13,15,8,12,10,11,5,4,11,8,18,6,7,15,19,20,6,12,3,23,22,38,4,6,14,19,9,17,-20,4,26,-20,22,3,18,7,6,3,4,6,22,4,3,3,12,26,6,12,5,20,6,12,10,5,6,20,10,5,8,4,4,9,4,9,8,8,8,17,6,18,15,27,9,7,6,5,7,21,14,17,-20,6,17,7,17,14,-20,14,5,32,25,23,15,36,61,48,108,67,105,35,49,64,50,51
"chr1,25279054",5,7,8,10,8,5,12,5,15,10,11,9,16,18,4,8,36,7,105,74,57,14,59,28,65,15,15,25,29,11,9,12,25,14,47,39,45,23,16,12,9,39,25,22,15,52,10,57,14,21,22,34,57,16,14,23,47,24,45,33,33,37,36,24,4,10,33,58,61,15,30,28,29,26,23,53,23,13,12,19,12,12,-20,10,11,50,24,57,34,9,6,17,40,15,20,12,17,59,-20,49,30,20,5,11,34,53,11,15,11,12,18,9,59,38,10,10,52,11,6,7,11,12,9,15,23,7,5,45,14,16,28,7,9,10,31,32,39,13,3,8,5,9,8,10,55,8,6,39,9,9,10,12,41,57,35,13,8,30,110,27,7,10,11,11,3,12,10,-20,12,12,68,62,40,34,8,19,14,15,18,102,23,22,28,4,20,8,5,16,19,31,41,13,-20,8,6,12,20,13,14,14,11,20,36,9,78,33,39,74,6,18,84,29,20,34,14,6,57,15,9,3,12,4,34,34,4,6,4,8,15,38,41,24,56,32,3,6,4,12,15,9,29,16,9,17,6,43,23,12,8,18,18,12,13,15,16,10,10,8,29,13,20,25,18,14,8,23,19,18,11,8,7,27,17,22,13,9,46,76,19,65,11,14,14,32,7,8,13,7,12,17,16,28,12,21,45,71,64,-20,2,4,9,11,8,12,20,39,37,6,44,41,34,50,34,51,9,12,6,-20,17,122,18,15,11,31,13,6,6,10,11,29,12,17,10,17,28,17,11,31,41,23,18,41,12,21,14,16,8,22,16,18,20,17,13,40,5,19,9,11,5,-20,15,21,25,17,10,24,14,8,7,19,18,13,18,52,14,11,13,67,18,16,10,8,8,17,8,21,-20,19,14,21,8,19,13,18,8,11,10,14,84,15,17,10,5,12,26,16,17,35,26,10,20,10,18,18,10,3,8,-20,24,12,-20,12,12,21,18,38,9,18,21,38,17,9,158,31,5,19,17,16,10,18,-20,19,7,19,23,14,6,17,30,12,61,11,7,-20,19,11,5,22,12,9,10,16,34,13,7,11,7,8,38,17,12,9,11,21,27,22,11,20,45,45,19,6,15,-20,7,30,-20,14,15,13,11,19,16,15,24,15,12,29,9,14,8,14,9,18,36,17,20,12,9,11,18,33,11,-20,40,43,60,44,9,45,36,8,6,57,38,8,6,42,-20,9,20,15,2,7,-20,9,3,-20,22,4,10,22,8,6,15,23,9,-20,3,14,54,30,11,6,13,6,19,10,31,12,17,30,4,12,15,13,22,14,96,12,23,4,7,-20,-20,20,14,7,37,24,24,49,58,13,11,31,12,11,15,29,22,12,27,4,8,14,14,12,11,19,8,37,31,30,26,21,10,50,13,19,5,14,29,14,40,28,33,32,16,14,5,36,48,-20,79,36,55,53,44,-20,22,21,7,36,35,14,19,12,9,23,77,42,19,15,25,22,94,17,10,16,15,19,42,21,20,32,19,28,20,48,4,27,18,106,20,40,24,14,20,20,16,21,9,15,10,10,18,14,17,19,11,10,13,7,23,9,16,17,12,-20,14,20,12,17,10,9,21,15,15,16,17,22,7,11,16,18,11,11,7,14,15,16,18,12,16,16,10,18,18,12,11,13,12,11,13,14,10,16,12,12,12,13,10,16,22,14,12,13,15,13,8,18,9,12,8,8,12,14,20,23,19,11,12,15,11,-20,10,18,14,33,8,2,5,8,10,8,4,7,12,15,13,6,14,19,14,4,11,20,6,6,12,15,17,6,6,7,13,30,4,7,14,14,8,8,7,5,6,15,17,-20,14,15,20,5,16,8,-20,15,19,16,15,9,13,6,9,9,12,16,7,14,21,14,15,11,16,3,7,17,15,12,5,10,4,9,16,5,6,15,13,11,7,22,8,6,24,17,21,14,20,11,16,16,16,12,15,7,10,19,11,20,11,5,16,10,15,9,4,15,13,13,23,14,11,17,15,6,10,9,5,19,11,13,4,13,10,7,7,14,25,12,13,14,12,26,11,77,16,15,20,16,13,25,13,24,25,29,17,15,21,9,22,23,38,20,14,21,21,28,12,27,13,10,16,16,41,27,13,17,20,14,22,18,20,11,14,23,23,13,9,6,22,8,-20,21,12,15,5,18,13,13,7,13,19,16,10,15,14,11,9,5,8,20,7,27,8,16,14,10,10,9,18,8,14,25,10,7,26,7,10,11,3,7,7,-20,9,6,4,5,5,9,10,13,7,22,11,21,23,14,15,10,27,16,17,9,11,-20,8,10,18,16,10,53,24,23,18,15,17,16,18,19,19,9,12,-20,13,9,5,-20,13,9,11,13,17,9,11,9,10,8,3,12,9,17,7,7,16,18,18,3,11,4,23,25,35,-20,6,10,20,9,20,-20,6,27,-20,21,-20,24,7,4,5,4,6,19,6,5,-20,6,22,4,9,7,24,9,14,13,4,7,25,11,5,11,2,7,10,3,9,5,8,6,19,8,18,10,31,7,7,9,6,6,18,12,16,-20,8,19,7,18,13,-20,13,4,36,25,23,17,36,65,50,98,66,100,33,48,64,52,46
"chr1,25279060",5,5,8,8,8,5,13,4,13,11,12,9,15,16,5,5,34,5,100,79,53,14,57,29,64,16,14,26,28,10,10,14,25,14,39,42,43,26,17,10,9,38,25,23,13,50,8,58,15,25,20,38,56,16,-20,23,47,-20,46,31,35,43,32,20,3,10,35,63,59,14,35,30,27,28,25,51,22,13,9,18,13,13,-20,11,10,51,24,52,33,10,5,14,45,14,20,10,16,60,5,53,32,22,3,11,31,53,10,14,11,11,18,9,61,38,9,7,56,11,3,7,12,12,9,12,26,7,5,47,12,13,31,7,9,10,30,34,44,10,3,9,4,9,8,9,58,8,8,41,9,9,9,13,42,54,31,12,11,40,111,28,6,9,11,11,4,12,7,-20,12,13,74,56,16,35,5,14,15,14,15,94,27,18,26,-20,20,7,4,18,10,12,38,17,-20,8,-20,10,17,15,13,15,9,21,38,7,78,32,38,76,4,17,90,28,20,30,11,7,61,9,11,4,8,3,31,36,3,5,7,-20,-20,40,41,22,54,34,3,4,5,12,13,8,28,9,6,12,-20,41,22,8,6,18,15,-20,13,10,11,6,8,4,28,5,14,22,12,8,4,24,18,16,7,9,6,27,13,20,6,11,50,79,34,59,10,11,12,31,6,7,15,7,12,17,13,30,12,16,45,73,65,-20,3,4,7,-20,7,14,18,36,35,5,43,39,32,49,31,49,8,10,7,-20,20,120,18,14,14,33,10,6,4,9,9,25,13,20,10,16,28,18,11,30,44,22,19,42,11,20,14,17,7,25,17,-20,21,15,-20,42,4,18,12,12,2,-20,16,26,23,18,10,24,13,-20,7,19,18,16,17,49,16,12,12,58,18,15,9,7,-20,19,6,23,20,17,13,17,9,19,15,17,8,11,8,12,82,14,17,10,5,8,27,18,17,34,25,10,21,-20,17,22,-20,4,9,3,25,13,11,11,13,22,18,35,6,21,23,35,16,9,146,30,8,18,17,14,10,18,10,21,8,22,25,14,10,21,33,11,61,9,7,11,15,12,7,21,9,9,10,16,36,14,5,13,8,8,37,21,12,10,14,21,26,20,12,19,43,45,18,4,14,-20,8,30,18,11,14,14,10,21,14,15,22,14,9,30,10,15,9,16,9,16,39,14,21,13,5,11,16,35,10,8,43,43,58,40,10,44,35,5,5,57,38,8,-20,41,9,7,19,12,3,-20,28,10,3,-20,22,-20,8,23,3,8,16,23,8,-20,-20,14,50,29,7,5,16,6,18,10,35,14,19,29,-20,10,14,13,24,12,94,15,22,3,8,-20,-20,18,13,-20,36,23,25,46,60,15,11,28,5,3,16,26,20,13,25,4,8,11,13,10,10,17,9,40,33,28,26,19,9,46,12,18,5,12,25,17,36,24,31,32,14,17,6,31,50,-20,81,36,59,53,46,17,23,21,4,40,27,13,18,-20,10,20,75,43,17,15,20,22,88,7,12,17,11,20,42,18,23,31,15,28,14,44,4,28,19,106,14,36,16,11,24,18,16,19,9,13,11,10,18,16,20,15,9,10,14,10,24,7,19,16,12,-20,14,20,9,16,7,9,19,14,14,16,17,18,7,13,15,16,11,11,7,13,15,14,13,13,15,16,9,15,17,12,13,10,11,11,12,12,9,17,12,11,12,14,-20,15,22,12,12,12,16,12,8,16,10,11,9,9,11,14,18,21,20,12,12,15,11,8,8,10,14,31,8,2,7,6,9,7,4,7,12,14,12,6,16,17,13,4,11,19,6,6,11,14,19,7,7,7,12,29,4,6,14,13,7,6,-20,5,6,9,16,-20,13,14,18,4,15,8,-20,15,18,17,13,7,10,6,9,8,14,11,7,12,22,13,15,13,14,3,5,17,16,11,6,11,4,8,15,4,7,15,12,11,7,18,8,5,22,17,19,13,16,11,16,15,14,14,11,12,5,17,9,19,10,-20,16,8,16,6,4,15,11,13,22,14,11,15,14,5,10,8,5,16,10,10,4,13,9,7,7,11,23,12,10,13,12,28,11,79,14,20,17,16,15,24,14,23,24,29,14,15,25,8,21,22,36,19,12,19,21,24,14,27,13,9,13,14,37,26,15,13,18,12,19,17,17,8,14,22,23,14,10,7,21,10,7,17,12,12,5,16,9,13,6,11,16,14,10,16,14,11,9,5,10,20,-20,27,9,15,13,10,9,10,17,8,14,21,11,7,25,6,9,11,-20,5,6,-20,7,6,4,4,7,8,12,12,5,23,11,17,24,12,15,10,25,14,16,9,11,4,7,10,15,15,10,51,23,21,19,11,12,17,16,15,18,8,12,10,14,8,6,3,14,8,13,10,16,10,11,9,10,6,3,10,7,17,8,8,11,17,18,4,-20,3,24,28,34,-20,7,9,21,8,19,-20,3,27,-20,21,-20,30,5,-20,4,6,-20,17,-20,5,-20,5,26,5,9,7,21,10,12,17,5,7,24,11,-20,10,3,6,9,4,12,7,8,5,18,8,15,14,24,6,7,6,7,4,20,14,17,-20,-20,20,-20,16,13,-20,11,5,35,26,23,19,36,63,49,114,54,103,35,51,65,53,50
"chr1,25279061",5,5,8,8,8,5,13,4,13,11,12,9,15,16,5,5,36,4,103,79,49,14,54,31,63,16,15,25,28,11,10,14,24,14,37,43,43,26,20,10,9,36,26,23,13,50,9,60,15,25,20,38,57,16,15,24,48,22,49,32,32,44,31,20,3,9,32,64,63,14,37,31,27,28,25,50,22,13,9,18,13,12,-20,11,10,52,24,53,32,10,5,13,43,15,19,9,15,61,5,54,33,22,4,11,32,52,9,14,9,11,18,9,61,36,-20,7,57,11,3,7,12,12,9,12,29,8,5,48,12,13,31,7,9,10,29,33,45,10,3,9,4,9,8,9,60,8,8,42,9,9,9,11,42,54,33,12,11,40,110,27,6,9,11,11,4,12,7,-20,11,11,76,59,15,28,5,13,-20,13,15,96,26,15,25,-20,19,8,4,17,-20,12,37,16,-20,7,6,11,16,-20,14,14,-20,23,36,7,79,32,27,80,3,-20,92,27,19,28,10,6,60,-20,11,3,7,3,30,36,4,7,6,8,15,43,41,23,55,34,3,3,6,8,13,-20,28,8,6,12,-20,41,25,8,5,17,16,-20,12,9,8,5,8,3,26,4,14,24,9,8,4,24,17,15,7,-20,-20,24,13,20,7,10,50,81,35,54,10,11,12,29,6,7,17,6,12,18,13,29,12,16,43,65,65,-20,3,4,-20,11,7,14,16,37,35,5,45,40,32,48,30,50,8,11,8,-20,20,116,18,14,14,35,10,6,4,9,-20,25,13,20,10,17,30,18,12,31,45,23,19,43,12,20,14,17,8,25,16,17,21,15,14,42,4,18,12,12,2,-20,16,26,24,17,10,22,14,-20,7,20,17,15,16,50,16,12,12,59,18,15,-20,7,-20,19,5,20,20,17,14,15,8,19,15,18,-20,12,8,11,81,14,17,-20,4,5,26,18,17,32,24,10,21,-20,17,22,9,4,9,3,26,12,-20,11,13,22,16,36,5,22,22,36,16,8,145,29,9,17,17,15,10,19,11,23,-20,21,25,15,10,21,34,12,58,11,7,12,16,13,7,21,9,11,10,16,36,15,5,14,8,8,37,22,11,10,14,19,26,20,12,20,46,45,20,3,15,19,8,30,19,11,13,15,10,20,13,15,23,15,9,29,9,14,9,15,9,17,38,14,21,12,6,11,16,35,10,8,45,42,56,42,-20,42,36,5,5,58,40,8,6,40,11,8,21,12,3,7,27,10,-20,5,23,4,7,22,3,-20,16,22,7,-20,-20,16,47,29,7,5,15,6,18,10,35,14,18,28,3,11,13,13,26,12,95,15,22,3,8,7,-20,19,14,-20,35,25,25,44,56,14,11,29,5,3,16,25,20,13,25,4,8,11,13,10,10,17,9,40,33,29,27,19,9,46,11,18,5,13,26,17,36,23,31,31,14,17,6,32,50,10,81,33,59,52,46,-20,25,20,5,-20,27,11,-20,8,9,20,77,45,16,15,21,22,88,7,12,15,7,21,41,19,20,30,16,28,15,40,5,26,18,108,13,35,-20,12,23,16,16,20,9,13,10,10,18,16,20,15,9,10,14,10,23,7,19,16,12,8,14,20,9,16,7,9,19,14,14,16,17,18,7,13,14,16,11,11,7,13,15,14,13,13,15,16,9,15,17,12,13,11,11,11,12,12,9,17,12,11,12,14,10,15,22,12,13,12,16,12,8,16,10,11,9,9,10,14,17,21,21,12,12,15,10,8,8,10,14,31,8,2,7,6,9,-20,4,7,14,13,12,6,16,16,13,4,11,19,6,6,11,14,19,7,7,7,12,29,4,6,14,13,7,6,6,4,6,9,16,-20,13,14,18,4,15,8,-20,15,18,15,13,7,10,6,9,8,14,11,7,12,22,13,15,13,14,4,5,17,16,11,7,10,4,8,15,4,7,15,12,11,8,18,8,5,22,17,18,13,16,11,16,15,14,14,11,12,5,18,9,19,10,-20,16,8,16,6,4,15,10,13,22,14,12,15,14,5,10,8,5,16,10,10,4,12,9,6,7,11,22,12,10,13,12,28,11,80,14,20,17,15,15,24,13,23,23,29,14,15,24,8,21,22,35,19,12,19,21,24,13,28,14,9,13,14,37,26,15,13,18,12,20,17,18,8,14,22,23,14,10,7,21,9,7,17,11,12,5,18,9,13,6,11,16,14,9,16,14,11,9,5,10,20,7,27,9,15,13,10,9,10,17,7,13,21,11,7,25,6,9,11,-20,5,6,-20,7,6,4,4,7,8,12,12,5,22,11,18,23,12,15,10,25,14,14,9,11,4,7,10,15,15,10,52,23,20,19,11,14,17,16,15,18,8,11,-20,14,8,6,3,13,8,13,10,16,10,11,9,10,6,-20,-20,7,17,8,8,11,17,18,4,-20,4,23,25,35,-20,6,10,17,9,19,-20,4,30,-20,19,-20,-20,5,-20,4,6,7,17,6,5,-20,6,24,5,10,8,22,-20,14,14,4,7,22,10,7,9,3,5,12,5,11,10,9,7,17,7,12,16,27,8,8,7,7,5,19,15,16,-20,6,22,5,16,13,-20,11,-20,35,27,23,19,36,64,49,114,54,103,35,50,64,49,50
"chr1,25279066",8,7,8,8,11,6,13,5,13,11,12,9,17,16,6,6,32,5,98,78,51,14,54,30,60,17,15,27,27,10,10,12,23,14,40,43,43,30,19,13,10,39,31,25,11,49,-20,60,15,23,23,39,54,16,-20,21,47,-20,49,33,31,46,31,20,3,6,32,65,65,13,37,30,32,31,24,45,20,14,10,18,16,11,-20,11,10,53,26,54,32,8,6,10,45,14,19,11,17,64,6,52,35,21,4,11,32,52,10,14,13,13,15,9,62,38,9,7,54,14,-20,7,12,12,11,12,29,9,5,51,11,13,35,7,10,11,33,36,48,10,3,8,6,9,10,-20,58,8,9,41,10,9,8,10,40,53,28,11,12,36,103,32,7,11,12,12,5,12,7,-20,13,12,75,55,13,26,5,18,15,13,14,98,25,15,25,-20,18,7,4,17,4,11,37,18,-20,7,7,12,18,15,-20,-20,9,21,-20,6,73,38,25,80,2,14,91,-20,-20,20,8,8,59,10,12,3,7,3,29,32,4,-20,6,7,-20,40,43,21,58,34,4,4,6,8,15,6,28,7,9,12,-20,41,24,8,5,16,-20,-20,12,9,5,6,12,3,20,5,14,24,12,7,4,24,17,13,-20,-20,-20,27,13,-20,9,13,53,78,33,53,8,12,13,31,6,7,16,8,12,17,14,30,12,-20,40,64,67,-20,3,3,10,10,7,14,17,33,35,7,48,36,33,48,31,48,8,10,9,-20,-20,118,19,13,-20,34,10,6,4,11,7,24,12,20,8,18,30,18,14,30,45,20,18,44,15,18,15,19,7,26,15,18,21,15,15,42,5,17,13,-20,-20,-20,14,26,23,17,-20,24,14,7,10,20,16,15,16,51,13,13,12,64,17,15,9,6,-20,20,5,18,18,17,16,13,8,17,14,17,6,12,7,12,79,14,17,8,4,7,26,17,14,32,25,8,18,10,16,22,8,4,9,2,25,13,9,11,12,23,-20,36,5,23,24,38,18,8,138,29,7,18,17,15,10,19,9,22,-20,21,24,13,11,20,36,11,57,13,6,12,16,14,7,20,9,11,-20,13,35,16,5,14,8,9,37,21,10,13,14,19,26,20,12,21,47,43,20,6,12,19,8,32,20,11,14,15,12,18,13,16,25,13,10,29,10,16,11,17,-20,19,44,15,20,13,6,12,15,34,9,8,47,45,58,42,10,45,34,6,5,59,41,8,8,41,-20,10,21,11,-20,8,25,11,4,-20,22,4,7,-20,-20,8,17,23,6,-20,-20,17,43,28,7,4,16,5,16,7,37,12,17,27,5,11,14,13,25,13,91,16,23,2,8,11,-20,19,16,-20,33,26,24,45,55,12,9,31,7,3,17,25,21,16,24,4,9,11,12,10,13,14,10,41,35,28,28,18,11,52,11,19,5,13,29,19,37,26,33,32,13,21,7,35,49,8,84,33,58,48,49,17,26,20,3,38,24,-20,20,10,9,20,76,49,15,11,21,25,96,7,13,17,8,19,40,18,-20,32,17,30,14,39,6,24,18,111,15,35,19,12,25,16,20,20,10,16,9,10,20,18,20,16,10,-20,16,10,27,7,21,15,13,9,14,19,12,16,10,10,23,12,15,17,17,20,9,13,14,19,10,11,7,16,16,11,14,13,16,16,8,15,15,12,13,13,12,12,13,13,8,20,14,11,13,14,11,14,22,16,14,14,15,11,10,18,9,15,9,9,10,13,19,21,23,12,10,16,10,8,10,12,15,34,7,3,8,7,10,9,5,9,13,15,15,8,15,16,13,7,12,17,6,7,13,16,22,6,6,8,10,29,4,7,13,14,7,11,9,5,7,9,14,-20,15,14,19,4,15,8,-20,17,19,15,13,7,11,8,10,-20,15,12,9,11,23,14,-20,13,14,-20,5,16,17,11,6,11,4,10,15,5,7,16,14,9,9,20,8,6,22,19,17,14,14,11,16,19,15,13,14,13,6,18,8,22,11,3,18,8,17,7,6,17,11,13,21,15,14,14,14,6,11,8,9,17,10,10,6,14,9,7,8,15,22,14,11,16,12,27,11,86,14,26,18,17,15,23,13,23,23,29,17,18,25,10,23,23,36,17,13,19,24,28,14,28,16,10,15,15,37,27,17,14,23,14,21,17,18,10,15,23,23,15,10,8,23,11,7,19,11,15,6,20,10,12,8,15,17,15,9,15,15,11,8,5,13,21,8,22,10,18,13,10,9,8,20,6,13,20,11,-20,27,7,9,10,-20,5,7,-20,6,6,4,4,10,9,12,12,6,26,11,17,25,12,19,13,27,14,16,11,10,5,7,10,14,15,11,53,24,21,20,12,21,17,17,17,19,8,11,12,15,10,4,3,15,10,17,11,20,11,13,9,10,8,-20,10,7,18,9,8,15,22,18,4,9,6,22,22,33,-20,-20,7,21,6,19,-20,2,34,-20,21,-20,29,5,-20,3,5,6,20,6,3,-20,10,24,6,8,6,21,8,10,14,4,8,19,7,6,10,3,7,8,-20,11,6,9,8,19,8,12,15,28,9,8,7,6,5,11,16,18,-20,8,24,3,16,13,-20,-20,7,35,26,25,21,32,61,50,135,54,103,38,51,62,51,52
"chr1,25279069",7,7,8,7,11,6,13,5,13,11,12,9,18,16,-20,5,33,5,98,78,48,14,56,30,60,18,17,28,27,9,11,12,23,14,45,49,44,31,18,12,11,36,33,25,12,49,8,63,15,22,22,41,59,14,17,22,47,20,50,33,33,45,34,20,4,6,32,69,64,12,37,30,32,30,22,47,20,13,9,15,16,11,-20,11,10,51,26,55,33,8,6,10,42,13,20,10,17,66,6,49,34,20,4,11,32,54,10,15,14,13,14,9,59,35,9,7,57,15,-20,7,12,13,10,12,32,9,5,53,10,13,36,7,10,11,31,33,51,8,-20,8,6,9,10,10,57,7,9,47,10,8,9,15,39,53,32,11,11,36,112,35,7,11,12,12,5,11,7,-20,13,12,81,53,14,26,5,16,14,11,13,100,27,12,24,2,19,7,4,17,4,12,37,18,-20,8,7,12,20,15,19,11,9,22,33,5,77,39,23,78,2,14,95,30,12,21,8,9,69,8,15,5,7,-20,27,34,5,6,6,7,18,40,43,21,59,32,5,-20,7,8,15,6,28,5,7,16,-20,41,25,8,6,15,14,10,12,8,5,6,12,3,21,6,12,25,12,7,3,24,17,14,8,9,7,27,13,25,11,12,53,76,33,55,10,12,14,33,7,8,15,8,12,18,13,31,14,15,51,65,71,-20,3,3,-20,10,7,14,16,35,36,7,49,35,36,49,32,49,8,9,10,3,23,118,21,13,17,34,11,6,4,11,7,27,13,18,8,18,31,18,14,30,47,22,20,43,15,18,14,19,7,26,16,18,21,16,15,43,6,19,13,12,-20,-20,14,26,24,17,9,26,14,7,11,20,17,14,16,50,12,13,12,64,17,16,9,6,8,22,5,20,18,17,16,13,7,17,14,17,7,12,7,11,78,16,17,7,4,7,26,17,14,33,25,8,17,13,16,24,8,4,9,2,24,13,11,11,13,24,19,35,5,24,24,38,18,8,136,31,6,17,18,15,10,19,9,22,9,22,25,12,10,20,35,12,59,12,6,13,15,14,7,19,10,11,10,15,36,14,4,14,8,9,37,22,10,13,15,20,29,20,13,19,47,44,20,8,15,18,-20,32,22,11,14,18,12,18,15,14,28,13,10,30,11,18,-20,17,10,19,44,13,21,16,6,12,15,35,9,6,47,48,54,44,10,43,35,6,6,59,40,8,8,41,10,9,-20,11,-20,-20,26,12,4,5,23,4,7,18,-20,8,17,23,5,7,-20,18,43,29,9,4,16,6,17,7,39,12,17,25,7,10,15,13,26,13,95,16,23,-20,8,11,-20,21,15,7,36,25,24,48,59,13,8,30,7,-20,16,25,21,16,24,4,9,10,11,11,13,15,10,40,35,28,27,18,11,50,11,19,5,13,28,19,37,26,30,33,13,21,6,36,49,-20,81,36,60,48,50,-20,27,20,3,40,21,-20,21,13,10,21,81,49,14,11,27,24,99,7,13,17,10,21,39,18,21,35,19,30,14,43,6,25,17,106,15,37,20,12,25,18,20,20,10,16,9,10,19,18,21,16,10,9,15,10,25,7,18,14,13,9,15,19,11,16,10,8,22,11,15,17,15,19,9,13,12,18,10,11,7,14,16,12,14,12,15,16,-20,14,15,11,13,13,13,11,11,13,8,19,13,11,13,13,11,12,20,16,14,14,14,11,12,19,9,15,10,9,10,13,19,20,23,12,9,16,-20,8,10,12,15,33,7,3,8,6,10,9,5,9,13,15,15,8,15,13,13,7,10,17,6,7,13,16,21,6,6,8,9,27,4,6,13,14,7,11,9,5,7,9,14,6,14,14,19,4,14,7,-20,17,19,14,13,6,11,8,10,9,13,12,8,12,21,14,15,15,13,-20,5,16,17,11,7,11,4,10,14,5,7,15,14,9,8,20,8,7,22,19,16,13,13,11,16,19,15,13,12,13,7,18,8,21,11,3,17,7,17,7,6,17,11,12,21,15,14,15,14,6,11,9,9,17,10,10,6,13,9,7,8,15,22,14,11,16,12,27,10,85,15,26,18,17,15,23,13,21,23,27,15,18,24,11,21,22,35,18,12,19,23,28,14,28,16,10,16,15,37,26,17,14,22,13,19,16,17,10,15,23,23,14,10,8,22,11,7,19,10,14,6,19,11,12,8,15,15,15,9,14,16,12,7,5,13,20,8,22,10,18,13,9,9,8,20,6,14,19,11,8,23,7,8,9,-20,5,6,-20,6,6,-20,4,10,9,12,11,6,24,11,17,24,10,19,13,27,14,15,10,10,5,5,9,14,15,12,48,22,21,20,11,20,17,16,17,15,7,9,11,15,10,4,3,14,10,17,10,17,11,13,9,10,8,-20,10,6,17,9,8,15,22,19,3,9,5,21,22,30,-20,-20,6,17,6,21,6,3,30,-20,21,-20,32,5,-20,-20,4,6,18,6,4,-20,10,22,7,-20,6,23,9,11,17,4,8,15,7,7,10,-20,6,7,5,11,5,9,-20,-20,7,13,12,30,10,8,6,6,4,16,14,19,-20,9,23,3,16,13,-20,14,7,32,27,26,21,33,60,45,136,78,106,41,52,66,49,54
"chr1,25279093",6,8,11,8,14,5,12,8,9,10,8,10,12,18,5,5,31,7,96,78,46,12,57,35,65,27,21,28,26,7,12,13,27,16,43,59,39,35,18,8,12,33,38,27,19,41,-20,69,14,19,22,46,58,16,-20,23,46,23,44,38,31,38,37,23,8,9,28,66,67,12,37,33,26,31,23,45,23,11,10,14,15,9,6,14,8,48,23,59,32,8,6,10,47,8,16,15,16,72,7,50,35,20,-20,12,37,60,9,16,15,7,12,5,47,31,7,9,61,14,-20,7,6,12,13,8,33,9,6,52,12,14,39,7,7,9,30,36,61,8,-20,8,6,8,11,9,51,-20,10,36,7,8,10,14,30,60,35,11,11,27,91,24,7,9,11,10,4,10,7,-20,9,9,75,49,10,21,4,11,13,13,14,72,24,15,21,-20,17,6,4,16,7,20,27,20,-20,7,5,20,17,28,17,27,8,17,16,7,63,37,16,85,-20,11,82,31,8,29,5,11,61,4,10,7,-20,8,15,26,12,10,8,4,-20,33,40,21,65,31,12,4,9,10,7,8,32,5,6,12,-20,38,23,5,13,13,20,8,14,3,8,7,15,-20,-20,10,-20,16,11,-20,12,22,14,17,4,-20,-20,32,6,24,14,11,60,59,32,64,13,13,11,34,11,20,14,8,17,19,8,28,12,14,78,64,72,3,8,2,-20,9,7,12,15,40,30,6,58,38,44,54,39,45,6,-20,7,4,24,102,16,18,15,36,16,8,5,-20,8,28,8,15,8,13,32,14,15,30,48,-20,17,34,19,15,12,14,6,29,22,18,23,13,17,35,8,18,15,13,9,-20,14,23,29,12,8,22,15,4,12,18,15,15,18,45,17,13,8,61,11,14,-20,5,-20,15,9,24,12,15,11,6,7,9,13,19,8,15,8,6,72,-20,19,6,3,-20,25,14,17,38,15,6,16,14,13,23,6,-20,6,-20,-20,8,10,8,11,19,20,37,10,19,15,35,19,9,131,30,5,18,14,17,12,15,11,14,7,15,22,10,9,18,40,13,51,16,7,9,14,15,9,23,12,10,12,7,31,16,8,12,5,6,36,20,-20,10,19,16,20,16,12,19,53,48,21,7,13,18,8,25,22,10,15,18,13,15,13,6,29,7,12,26,9,15,12,13,13,14,48,10,24,16,11,11,12,39,8,5,44,50,48,52,12,40,39,5,7,62,41,6,7,38,7,16,21,-20,9,7,24,10,3,5,18,4,5,21,6,11,19,29,9,6,-20,20,36,23,-20,6,15,8,13,8,43,10,17,20,13,3,14,16,20,12,95,11,19,11,5,10,8,18,17,13,36,28,18,51,61,10,7,34,9,7,13,20,20,16,16,4,11,10,8,14,10,13,12,40,29,20,25,18,13,58,-20,16,5,12,27,20,34,23,27,23,12,18,7,33,48,-20,90,32,63,44,40,22,32,25,10,44,23,7,-20,14,13,21,89,46,10,7,22,20,80,11,12,22,13,31,44,16,23,29,16,28,12,47,9,21,20,102,14,25,26,13,23,14,24,15,11,12,12,6,19,15,18,16,8,9,10,11,21,2,21,13,10,9,19,10,16,15,11,7,15,12,16,18,12,17,8,11,6,15,11,11,8,15,13,15,15,15,10,11,-20,10,18,14,13,13,11,7,13,13,8,17,11,10,12,14,12,10,12,10,13,12,13,10,12,16,10,15,-20,7,8,11,13,17,21,14,8,11,11,10,11,16,16,24,4,5,6,7,13,11,5,8,11,13,18,10,13,9,8,7,12,13,3,8,14,13,18,7,8,14,11,24,5,7,13,12,9,9,7,5,10,6,8,6,13,11,16,5,12,10,3,14,16,15,13,10,13,7,8,6,17,14,9,14,30,14,15,13,13,6,5,9,14,10,6,15,4,15,12,5,5,14,16,10,10,16,9,9,23,15,15,10,18,11,13,18,9,11,11,13,12,18,8,19,14,-20,17,5,20,6,5,14,13,12,24,11,13,17,12,5,7,14,12,12,11,6,5,11,7,4,6,15,25,16,8,12,12,28,10,83,15,28,20,16,13,27,13,23,22,29,13,17,23,11,23,16,28,20,12,17,17,26,19,23,19,6,18,14,35,21,17,18,22,12,22,15,15,13,15,23,20,9,11,9,21,12,6,18,13,12,7,18,11,13,4,13,15,12,8,12,19,12,8,5,15,17,8,19,13,21,10,7,14,5,22,9,12,13,13,5,13,8,6,-20,4,5,9,-20,6,5,-20,-20,11,6,16,12,6,24,9,13,16,13,15,18,25,16,16,10,11,6,7,9,13,12,12,43,20,22,19,8,20,20,17,16,15,9,10,8,14,9,5,4,11,7,18,9,19,9,10,-20,9,9,-20,-20,8,12,9,9,21,19,21,4,14,-20,22,26,33,5,6,6,17,9,25,10,4,24,-20,20,-20,27,-20,6,7,10,9,27,6,4,4,9,18,6,14,6,34,11,11,24,6,10,12,5,-20,7,3,9,10,-20,25,10,8,7,13,10,11,10,24,10,5,-20,5,3,14,22,11,2,12,25,7,20,9,-20,16,6,34,24,24,24,33,74,35,119,78,91,41,58,61,43,59
"chr1,25279133",5,9,9,7,16,7,8,10,7,-20,6,16,25,32,10,8,34,7,116,81,59,13,69,38,74,37,26,38,23,9,9,14,27,20,69,66,44,41,12,6,12,43,43,23,28,43,12,74,15,16,29,34,51,21,21,23,59,27,46,35,44,45,43,35,14,16,24,68,72,13,46,37,17,29,35,67,23,9,9,19,11,16,12,15,-20,46,27,63,37,15,15,30,47,35,31,35,12,75,7,57,45,28,7,9,35,62,8,22,27,8,8,2,53,21,7,8,51,13,-20,7,3,9,13,3,56,11,5,56,15,12,39,6,11,11,33,48,75,10,4,16,5,5,7,5,39,4,8,31,14,9,11,-20,45,58,44,10,5,25,79,26,5,10,11,9,3,14,7,-20,13,14,99,67,25,25,6,-20,12,13,25,75,18,20,25,6,26,6,23,28,-20,18,35,31,5,11,6,19,29,29,23,36,-20,21,37,16,57,34,29,94,14,18,80,29,22,47,10,14,59,13,15,11,10,13,22,33,30,21,11,7,32,32,33,23,64,47,15,-20,10,21,18,11,35,12,11,31,13,28,18,16,31,16,41,-20,16,14,19,19,18,19,-20,17,22,11,15,12,23,16,20,23,14,27,13,46,6,33,31,-20,54,86,22,79,14,18,11,27,9,21,14,8,12,23,14,25,4,25,83,69,76,4,9,-20,17,8,12,9,11,51,38,11,58,40,53,63,50,65,8,10,9,-20,31,127,16,23,14,31,19,11,11,19,8,21,11,23,5,13,37,16,17,27,46,25,18,31,23,22,12,17,10,20,34,24,21,13,18,37,5,26,11,12,10,-20,15,30,31,11,7,36,20,10,17,18,13,17,21,61,22,16,16,66,10,13,15,8,13,19,14,29,15,7,12,17,6,10,15,11,11,18,6,8,81,16,20,4,8,14,36,11,17,39,15,7,20,21,15,31,6,8,7,-20,17,12,9,9,14,16,18,35,19,16,20,36,26,9,126,25,7,20,16,15,8,12,11,18,7,12,21,9,11,20,30,12,65,11,9,-20,13,16,10,21,11,12,7,14,27,10,7,16,6,7,25,15,10,9,21,12,16,19,13,20,58,49,21,11,10,21,8,26,21,15,12,11,18,12,11,9,22,9,9,23,8,16,15,10,13,12,57,-20,22,15,18,10,17,45,7,8,46,61,42,64,14,45,47,5,9,57,53,5,13,38,13,21,39,-20,14,-20,-20,17,7,-20,13,-20,-20,32,12,9,22,18,15,12,11,29,40,21,20,9,16,12,17,19,45,13,16,22,18,10,19,17,26,15,109,13,23,17,9,18,7,23,26,17,35,31,18,53,64,22,13,48,21,-20,15,28,14,15,15,5,12,10,6,10,16,7,9,40,29,18,27,19,16,64,3,20,8,16,30,20,34,21,27,20,5,16,11,53,58,8,88,24,56,45,29,24,33,29,-20,54,25,22,37,23,24,27,95,45,24,-20,41,28,120,18,14,24,20,27,44,24,43,25,25,33,29,64,16,-20,14,110,20,37,42,-20,14,9,20,21,15,15,12,6,22,11,14,19,8,6,10,14,11,-20,22,11,7,10,20,4,16,15,14,13,17,14,21,19,12,18,6,14,7,16,7,3,7,12,17,14,13,14,9,14,8,8,25,12,8,11,12,8,14,7,4,15,8,13,7,12,14,8,8,16,11,12,19,9,13,12,13,17,14,13,9,11,14,9,19,13,4,10,14,12,13,17,13,23,-20,11,-20,9,10,15,6,8,12,15,16,9,15,7,10,8,13,13,-20,9,16,12,15,7,7,9,9,14,6,10,9,16,12,10,8,5,6,7,6,6,13,-20,12,-20,13,12,5,14,11,15,10,11,11,10,8,6,18,15,12,15,34,9,-20,8,16,8,-20,7,16,12,9,15,6,21,10,6,7,6,20,9,9,16,14,7,16,15,17,9,20,11,12,27,11,13,17,15,12,11,8,13,13,4,-20,4,20,5,5,12,14,9,23,13,15,18,6,7,7,12,13,10,9,5,5,10,7,5,9,16,14,-20,8,13,15,28,8,97,12,24,19,15,12,27,16,28,21,32,12,17,28,11,30,14,20,25,17,12,14,36,25,23,20,6,21,15,34,20,16,17,25,15,24,16,21,16,20,18,19,7,12,7,18,9,7,21,10,16,11,13,16,18,9,12,11,13,7,7,11,11,11,4,12,25,9,16,16,18,11,9,13,6,24,10,14,10,11,8,16,12,6,13,5,-20,11,2,-20,4,6,3,15,7,15,7,7,21,10,10,20,13,11,19,16,19,11,14,11,7,8,7,16,16,16,49,24,15,18,11,22,23,15,13,15,10,9,8,9,8,4,3,11,6,22,5,19,14,9,12,9,10,4,3,6,13,5,9,21,11,22,6,15,4,27,22,27,7,5,6,15,13,16,8,4,21,6,22,6,20,12,11,-20,5,5,22,5,7,5,-20,17,9,10,-20,19,-20,16,14,6,6,10,4,7,8,6,6,9,7,17,13,3,-20,28,11,-20,10,22,5,7,6,3,11,23,24,12,7,10,20,3,17,11,9,23,9,29,22,16,28,35,67,44,78,111,108,41,58,47,39,49
"chr1,25279140",5,-20,9,7,15,6,-20,10,7,8,7,19,27,36,10,10,32,10,118,75,61,11,61,42,75,38,26,42,24,8,9,14,25,20,73,69,44,41,11,6,13,42,38,23,31,41,12,74,14,13,28,37,50,20,19,24,61,31,44,34,44,43,46,35,13,15,26,71,66,12,46,39,18,32,36,71,23,9,9,19,11,17,15,15,14,46,30,61,41,17,15,34,48,40,34,37,10,71,7,58,42,32,7,9,34,61,9,21,28,8,6,-20,56,19,8,7,49,12,-20,8,-20,8,13,-20,55,9,4,50,17,13,38,4,11,11,33,48,73,10,5,17,5,5,8,7,36,6,8,29,14,10,14,19,45,61,46,12,3,21,72,22,6,10,9,10,3,15,6,3,16,15,96,68,32,35,8,22,10,13,24,77,15,22,28,5,27,5,28,30,12,22,33,29,6,9,-20,19,28,28,24,32,9,22,42,16,55,30,35,99,14,14,78,27,25,50,12,12,57,10,13,11,10,18,23,36,28,18,10,7,29,34,34,23,60,48,15,20,11,22,18,12,33,12,11,37,16,29,15,14,31,18,38,19,16,14,19,25,17,22,24,21,24,11,15,16,22,15,19,22,17,27,17,48,6,35,39,20,48,80,21,75,16,16,9,30,9,22,14,7,13,21,13,25,4,27,77,61,79,5,9,7,16,9,12,8,8,54,38,10,61,37,51,59,54,58,8,10,9,-20,32,133,14,26,15,29,19,11,13,19,9,23,12,23,5,12,37,16,18,27,45,23,22,28,26,23,11,18,10,23,36,25,19,13,18,36,5,24,11,12,11,3,14,26,28,9,7,38,20,9,16,17,13,16,18,63,23,20,15,62,11,14,15,9,12,18,16,28,13,10,13,17,6,15,16,10,11,20,6,7,79,15,19,4,8,12,36,10,18,40,15,7,19,21,19,30,7,8,8,3,19,14,10,11,13,16,18,35,17,17,19,34,26,8,132,30,9,20,18,16,7,12,12,18,7,-20,18,9,15,21,27,10,69,11,9,6,13,15,12,19,12,12,7,13,30,10,7,16,-20,7,26,13,11,10,16,13,18,17,12,20,63,50,22,15,8,21,7,24,21,13,12,7,18,13,9,-20,22,15,9,25,7,16,16,-20,-20,12,58,12,25,17,17,10,16,45,8,8,52,60,40,65,16,44,44,5,9,57,55,5,13,37,12,21,41,6,12,11,29,15,8,-20,13,-20,7,33,13,9,22,21,18,14,11,25,40,20,22,8,16,12,17,19,48,11,15,23,16,13,19,17,26,14,117,13,21,23,9,20,8,24,26,17,34,34,18,55,64,25,18,51,24,28,15,25,15,15,15,5,12,11,6,11,15,7,8,40,28,17,27,21,16,61,3,21,9,17,30,22,35,19,26,24,6,16,14,51,58,8,86,21,54,45,29,24,33,26,21,55,28,24,37,23,29,35,92,44,25,-20,45,31,108,18,14,26,19,20,42,23,42,28,21,33,32,64,16,31,15,106,17,35,42,16,17,13,18,23,17,14,13,6,21,12,13,14,7,7,10,15,15,-20,22,11,8,10,19,5,16,17,15,14,18,14,21,15,11,19,6,14,6,16,7,5,8,13,19,16,12,16,9,12,8,9,24,11,-20,10,12,9,15,8,5,17,8,13,10,12,14,7,4,18,12,11,18,9,13,12,13,17,16,12,10,11,14,10,18,14,5,10,13,11,12,20,14,24,-20,12,9,9,10,15,6,8,13,17,16,11,15,8,12,10,11,12,-20,9,17,13,17,7,6,8,8,13,6,10,9,17,14,10,-20,6,7,7,6,7,13,16,13,8,13,13,5,15,11,16,11,10,10,11,8,5,21,15,11,16,32,10,18,10,14,8,-20,9,19,12,9,16,8,23,12,7,7,6,20,8,10,16,15,7,18,14,17,11,19,11,13,26,11,12,16,15,12,9,9,14,13,4,22,4,19,-20,6,13,14,10,24,12,15,21,8,7,6,12,14,10,7,5,5,11,9,5,11,14,14,13,7,13,17,26,10,102,9,23,16,12,12,28,16,29,21,31,12,14,30,11,31,14,16,25,19,12,14,36,25,21,19,8,20,17,35,20,15,16,29,14,25,18,22,16,19,16,19,10,13,7,18,9,6,19,8,17,12,13,17,15,10,13,10,14,7,6,11,11,12,6,9,27,9,13,16,19,11,8,14,7,22,10,13,12,10,9,14,10,9,12,5,-20,12,2,-20,3,7,3,15,7,14,10,-20,22,12,11,21,13,12,22,16,19,11,11,12,8,11,9,16,15,17,48,22,14,20,11,20,19,15,14,15,10,9,9,10,11,4,3,12,5,20,6,19,14,11,12,7,11,4,-20,6,14,5,9,25,10,19,6,17,6,27,25,23,8,6,8,14,13,14,10,4,21,-20,25,5,20,8,15,-20,4,5,22,-20,8,4,7,-20,8,10,6,18,10,17,14,5,7,16,-20,6,9,7,6,10,6,14,10,-20,-20,28,12,12,10,20,5,7,8,4,9,20,26,13,6,7,13,-20,16,11,9,25,9,28,25,16,25,33,67,43,71,143,110,39,56,48,37,53
"chr1,25279144",4,12,8,7,14,7,-20,10,7,8,7,19,29,38,10,11,29,11,112,76,59,8,62,39,78,39,24,42,22,7,11,15,27,17,77,74,43,40,13,5,13,43,37,23,32,33,13,76,12,13,26,37,49,22,-20,27,62,32,43,31,46,43,45,34,13,15,26,74,67,14,44,40,15,34,41,69,21,9,9,19,9,18,16,17,14,45,30,63,45,21,16,34,48,44,40,39,10,70,8,57,42,35,7,9,33,59,8,25,29,8,6,-20,55,21,9,6,48,12,-20,-20,-20,7,12,-20,52,8,4,52,15,12,35,3,9,12,34,48,77,10,5,17,5,5,9,7,34,6,6,29,14,10,14,19,48,60,47,15,4,22,70,21,4,9,10,7,-20,12,6,3,17,14,99,74,33,36,8,22,11,13,26,72,14,24,25,7,28,6,28,33,11,22,38,29,6,10,12,19,24,26,26,34,9,19,42,16,56,26,34,91,16,14,81,26,25,50,15,11,54,12,11,13,12,20,27,37,36,18,10,10,28,35,36,21,64,54,14,21,11,24,18,13,30,12,14,39,16,27,17,16,32,17,39,20,16,15,20,24,15,22,24,21,23,11,16,17,22,15,22,23,18,27,18,49,7,36,36,20,48,85,21,71,15,16,10,31,7,21,15,7,13,21,12,25,3,28,83,62,79,6,-20,7,15,9,11,8,10,54,40,11,60,41,49,60,51,59,9,10,12,5,32,132,11,29,16,33,17,12,13,19,10,22,12,22,6,12,41,16,19,29,51,29,21,29,26,22,13,18,9,25,38,22,19,13,19,34,7,26,11,12,11,3,13,24,28,9,7,36,21,10,18,15,12,16,18,61,24,19,16,62,11,14,15,9,12,20,16,28,16,11,12,17,6,16,16,12,11,20,7,8,78,16,19,4,9,11,36,10,19,41,15,7,17,21,18,28,8,8,8,4,20,14,9,14,14,17,19,36,17,19,19,31,27,8,131,30,8,22,18,16,8,11,14,20,7,14,18,10,14,21,28,10,67,11,9,5,14,15,13,20,14,13,7,13,30,10,7,16,7,7,28,13,11,10,16,13,18,16,14,21,69,48,22,15,9,22,8,24,18,13,11,6,19,13,10,10,23,18,10,26,8,16,14,10,13,10,59,11,26,19,17,11,15,43,8,8,54,61,42,63,16,47,46,4,9,55,55,4,11,37,12,21,45,6,12,11,31,14,8,-20,13,7,6,33,13,9,24,21,17,14,11,24,39,21,24,8,16,12,18,21,49,12,15,24,15,12,21,18,25,14,117,12,20,23,9,20,10,24,24,-20,34,31,15,53,61,27,20,53,26,27,13,25,16,16,16,4,10,11,5,11,13,8,10,39,28,17,23,18,16,59,4,20,7,18,30,20,34,17,25,23,4,16,14,51,57,-20,85,24,60,49,27,22,34,26,24,57,26,27,42,26,28,34,92,48,23,-20,38,31,113,18,13,25,17,20,42,24,48,33,20,31,33,64,16,32,13,105,19,39,46,19,19,13,18,21,16,15,13,7,17,14,12,14,6,7,10,14,14,5,21,11,9,9,20,4,16,17,14,14,18,14,20,14,11,17,-20,13,5,14,6,6,9,13,20,16,11,14,7,9,-20,10,23,10,9,10,12,9,17,7,5,16,10,12,10,13,14,7,3,18,13,10,18,8,15,14,12,17,18,13,7,12,13,10,20,12,5,11,13,11,11,18,11,23,-20,12,-20,7,9,16,6,8,14,17,16,11,17,-20,11,10,10,11,-20,10,17,13,14,7,6,8,9,13,4,10,8,18,16,8,8,5,7,7,6,6,11,16,12,7,12,13,6,13,14,16,11,10,9,11,8,5,22,14,10,16,31,7,19,9,13,8,-20,8,19,15,9,16,7,23,14,8,-20,6,20,10,9,16,16,5,18,14,17,12,20,10,13,27,7,13,15,15,11,8,9,13,13,4,21,4,19,-20,6,12,13,10,22,15,15,20,8,7,6,11,14,9,8,5,5,11,9,5,12,17,14,12,7,11,16,27,9,105,9,25,16,12,13,26,14,29,20,28,12,14,28,10,30,14,15,23,19,12,13,35,24,21,16,8,21,17,33,19,13,15,28,14,24,19,22,17,16,17,15,9,14,7,20,10,6,18,7,16,12,11,17,15,10,12,9,14,7,5,14,12,12,6,9,27,9,12,18,19,12,10,15,8,21,10,12,13,8,7,15,11,9,12,5,-20,12,2,-20,3,7,3,14,7,14,10,8,21,13,11,21,14,13,22,16,19,11,11,12,10,10,11,16,13,17,49,21,16,21,-20,23,21,16,13,16,10,8,9,9,11,3,3,12,8,18,5,17,16,10,14,6,9,4,3,6,12,5,9,26,10,14,7,17,7,26,29,18,8,7,7,12,12,10,7,-20,20,-20,25,5,17,7,16,-20,3,-20,23,-20,8,3,6,12,8,7,9,17,8,15,15,4,6,15,-20,5,9,5,-20,11,7,15,9,-20,4,27,11,9,11,21,2,9,7,4,11,18,27,14,-20,5,18,-20,15,12,9,24,8,28,23,16,24,33,65,41,64,134,107,37,54,47,35,51
"chr1,25279149",3,12,8,6,14,9,6,11,7,7,6,19,31,39,11,14,27,13,113,83,60,7,62,41,73,36,25,46,23,8,12,16,27,16,76,78,40,40,13,6,13,43,36,25,32,35,13,74,11,17,28,35,49,24,19,28,61,31,39,35,47,43,48,35,17,16,27,78,66,14,42,38,15,32,40,71,22,9,10,18,9,18,16,18,15,43,29,66,48,21,18,36,51,45,42,41,11,64,9,59,44,34,7,10,33,63,8,28,34,7,7,-20,52,23,-20,6,48,12,-20,9,-20,5,12,-20,52,8,4,53,14,12,33,3,9,12,32,48,78,10,7,17,5,5,8,8,33,6,6,31,14,11,15,16,49,54,46,15,7,25,69,22,4,9,10,7,5,13,8,3,19,14,96,74,35,38,5,23,14,13,26,67,16,25,23,7,27,7,29,34,12,18,38,28,6,10,12,20,24,25,27,33,10,19,43,19,51,22,32,86,14,15,92,25,24,51,16,10,56,12,11,16,12,21,28,39,38,27,13,11,33,37,38,20,62,53,16,18,14,25,24,14,28,16,13,37,16,31,18,16,39,17,38,23,16,15,22,24,15,21,26,21,23,10,20,18,22,15,22,23,19,27,20,54,10,35,36,23,49,87,18,75,16,16,12,31,7,24,16,7,11,22,13,26,-20,28,78,62,76,7,9,6,17,9,13,8,10,54,38,11,59,42,50,59,52,56,9,12,13,7,31,132,14,33,16,32,18,12,14,19,12,22,12,21,8,11,43,17,19,32,49,29,21,29,27,22,15,19,9,25,38,23,19,14,19,34,-20,26,10,13,11,4,15,22,31,10,7,32,21,10,18,13,13,15,17,60,23,21,17,63,12,14,15,7,13,21,17,27,16,12,12,19,5,19,16,12,11,20,6,9,77,15,21,4,10,9,36,10,19,45,13,8,18,21,19,30,8,8,8,4,23,12,9,15,13,19,21,34,17,20,22,34,29,8,131,32,11,22,17,17,8,11,14,21,6,14,19,10,14,21,27,12,67,10,8,8,12,14,12,21,16,13,7,14,29,11,14,17,7,9,25,13,12,10,16,9,18,17,15,20,72,49,20,16,7,22,8,23,17,16,11,6,18,13,10,9,21,13,10,23,8,16,14,10,14,13,59,10,30,17,18,10,15,44,8,9,55,61,42,63,17,54,44,4,8,55,56,4,12,38,12,19,45,8,10,12,28,12,9,-20,14,-20,6,29,14,10,23,19,18,16,14,26,40,20,22,9,18,12,16,21,47,14,16,25,18,11,21,18,24,16,118,14,20,21,9,19,8,24,24,16,35,32,15,54,62,28,22,53,29,31,13,25,17,14,17,4,11,11,5,10,13,9,10,37,30,17,20,17,17,60,4,19,7,18,29,21,36,17,25,23,4,18,15,55,59,9,86,24,57,49,27,22,36,28,25,56,29,27,44,23,31,36,88,45,23,-20,39,39,117,26,14,24,19,24,42,29,49,35,20,33,35,61,16,35,12,109,20,44,49,19,20,13,17,19,16,14,13,6,17,13,14,14,6,7,8,14,14,4,21,9,8,9,19,4,16,18,13,14,19,14,20,14,10,20,-20,14,5,14,7,7,9,12,22,16,11,14,8,7,9,11,23,8,9,10,12,10,19,6,5,16,8,11,12,13,16,8,4,19,13,10,19,10,16,14,12,18,17,13,8,13,12,9,20,13,4,14,13,11,11,19,11,24,-20,12,10,9,8,15,6,7,15,20,15,11,18,10,11,10,10,11,-20,10,16,13,15,7,6,8,10,13,4,10,8,16,17,8,8,8,6,7,8,6,8,16,12,7,13,14,5,13,13,16,11,9,10,10,10,5,22,13,10,15,33,8,18,10,15,8,-20,10,20,15,10,16,7,22,15,8,7,6,20,11,9,16,16,5,18,13,17,13,20,9,13,29,7,14,18,16,12,7,8,14,13,4,20,5,19,-20,7,12,12,8,22,15,15,22,10,7,6,11,14,9,7,5,7,11,9,4,12,17,15,-20,7,10,17,28,8,105,10,29,15,12,10,24,14,29,20,28,14,15,28,11,31,13,17,24,19,13,15,34,24,19,17,8,20,17,32,20,13,15,26,15,25,16,22,18,17,18,15,9,14,7,23,10,6,17,7,16,12,12,18,14,11,12,9,13,8,6,16,13,14,6,10,27,9,13,20,19,12,11,16,8,24,10,12,14,8,5,16,12,10,13,6,3,11,3,3,3,7,3,14,7,14,10,8,20,11,10,21,13,13,22,16,17,11,12,11,10,10,11,15,13,18,47,20,16,22,10,21,23,15,13,17,10,8,10,9,11,3,3,11,7,17,4,18,16,10,14,6,9,4,3,7,11,5,9,26,10,14,7,16,8,24,25,22,6,6,7,14,12,8,7,6,21,-20,19,5,16,7,13,-20,5,5,24,-20,8,4,9,17,8,8,8,18,6,18,13,7,4,13,-20,7,7,6,-20,15,6,11,9,7,6,23,8,-20,11,20,3,8,6,4,11,17,25,14,3,6,16,-20,16,14,10,26,9,24,25,16,24,32,59,41,58,129,108,37,54,52,37,52
"chr1,25279161",-20,12,6,6,13,11,8,13,6,7,6,20,37,40,15,15,28,17,124,82,67,9,64,45,71,38,28,45,27,10,14,12,32,16,82,80,46,47,12,6,13,44,35,19,32,37,13,69,10,17,40,33,49,24,21,31,65,35,39,38,48,50,48,38,18,13,31,71,71,18,41,42,17,32,40,70,20,8,9,15,8,20,20,16,12,40,28,73,52,26,19,39,46,52,45,42,10,65,8,52,47,34,6,7,36,64,11,29,38,6,7,-20,46,20,10,5,43,13,3,9,4,5,14,-20,52,6,4,50,16,11,28,4,9,13,35,51,73,8,7,18,7,2,13,8,31,7,4,35,14,12,17,19,61,-20,48,17,8,20,87,28,5,9,10,5,-20,13,7,-20,18,14,98,77,31,39,8,25,18,14,24,81,18,31,28,5,33,6,31,40,15,18,41,28,7,6,15,20,27,24,27,23,9,20,48,17,65,24,32,86,18,17,95,25,30,43,16,8,51,11,20,17,14,19,30,42,31,25,20,11,30,32,37,25,63,52,14,25,14,28,24,18,28,18,15,41,15,32,19,20,36,17,41,26,17,18,20,28,10,18,28,17,25,12,20,17,22,17,21,25,22,30,24,55,16,36,36,28,46,103,28,84,13,21,10,29,-20,16,18,8,12,27,13,23,2,24,75,72,72,8,12,6,17,8,13,6,12,52,37,11,67,48,54,60,50,60,9,13,15,9,34,134,18,36,14,29,17,12,15,19,12,18,13,21,6,13,49,15,21,35,43,30,26,29,36,23,14,18,9,22,38,22,21,15,17,30,11,28,8,14,11,7,18,23,34,13,6,36,22,14,22,19,13,13,20,64,24,24,20,71,13,13,15,6,14,20,17,30,17,11,13,15,6,24,15,13,16,20,6,9,79,16,23,5,12,8,31,13,20,45,14,9,18,19,18,35,7,8,8,3,20,16,8,15,15,22,21,35,18,21,25,31,30,10,147,34,15,21,18,19,9,12,11,23,8,12,23,11,7,20,24,14,68,10,9,11,11,16,11,21,19,12,8,12,30,-20,11,16,10,9,28,14,14,7,14,9,19,18,14,17,78,54,23,15,7,21,11,23,16,16,13,9,21,16,11,7,22,9,7,23,7,16,16,11,16,20,54,11,32,15,18,13,18,40,10,9,54,60,51,63,18,58,44,4,11,57,59,6,12,34,12,16,48,9,10,13,29,12,9,10,16,-20,10,33,15,10,21,17,20,13,16,24,38,20,25,10,18,14,18,24,42,15,15,26,16,13,24,19,27,19,121,16,23,18,9,21,12,19,26,13,43,36,16,66,75,32,23,56,31,38,10,22,17,12,20,8,10,10,4,13,13,13,10,35,29,17,20,19,19,62,3,17,7,16,25,15,33,20,24,23,6,14,14,55,62,11,81,26,49,46,31,22,38,23,27,51,30,28,46,26,28,35,86,42,23,-20,45,41,134,26,15,22,27,22,46,31,49,36,22,33,34,72,16,38,15,119,21,48,47,24,26,15,18,17,20,12,15,6,15,11,11,17,9,9,9,13,10,5,18,12,9,10,16,6,11,18,13,13,16,16,19,12,12,17,-20,12,5,13,8,8,10,12,22,13,12,15,7,9,-20,11,20,8,-20,11,11,10,20,6,8,13,8,13,12,12,14,7,5,16,12,10,19,12,14,11,12,15,19,12,11,15,13,10,17,13,5,14,11,10,11,20,14,24,-20,11,-20,11,10,16,7,8,12,18,11,12,16,11,11,9,10,10,-20,8,14,11,13,8,5,9,11,10,5,9,7,11,17,8,12,7,7,8,9,4,10,13,11,11,15,14,4,15,8,12,12,10,8,13,11,7,18,14,10,13,33,8,15,6,13,6,-20,9,15,17,9,14,7,23,14,10,7,4,20,11,9,12,18,7,18,15,17,12,19,9,13,30,6,15,19,12,13,8,8,14,12,6,23,5,18,6,7,10,9,5,23,17,12,20,8,8,5,13,14,9,7,5,8,11,9,3,12,17,14,13,-20,10,16,22,11,105,8,25,15,12,7,25,13,25,19,24,15,15,24,13,28,-20,16,23,19,11,12,34,20,19,13,9,19,20,31,18,13,18,24,13,21,16,22,20,19,19,15,6,14,6,19,9,-20,16,7,14,12,12,17,14,14,10,11,13,8,6,15,14,13,7,9,27,8,17,19,18,17,12,16,6,21,12,11,14,9,5,20,14,10,13,8,4,10,4,4,3,6,3,13,8,13,10,6,19,12,10,20,13,16,20,14,18,13,11,12,10,9,10,16,13,15,47,24,13,22,8,23,20,15,18,18,8,8,8,8,13,-20,-20,13,7,15,5,20,14,10,15,8,7,6,3,6,10,3,11,23,10,14,6,16,6,23,33,24,6,4,6,16,11,6,12,3,18,-20,16,5,12,-20,11,5,4,4,24,-20,8,-20,6,15,6,10,7,17,5,16,14,7,-20,13,3,4,8,3,3,14,4,12,10,10,5,22,-20,19,12,21,4,4,6,5,5,10,17,15,3,9,13,6,11,12,12,29,9,23,25,17,23,30,56,41,57,129,104,39,53,58,36,50
"chr1,25279164",-20,13,6,6,11,11,8,13,-20,8,6,21,37,41,16,15,25,19,125,82,67,9,67,45,71,37,26,47,28,-20,15,12,32,16,85,79,47,47,13,3,13,44,34,19,32,40,12,71,11,16,44,32,50,24,19,29,69,34,37,39,50,51,48,39,20,14,31,69,68,18,40,40,18,34,40,75,19,8,9,15,8,22,19,17,11,40,28,73,53,26,18,41,45,51,44,38,10,66,8,53,47,35,6,7,37,65,11,30,38,5,-20,-20,43,19,10,6,43,13,3,9,4,-20,14,-20,53,6,4,50,16,11,25,4,9,13,36,51,71,8,7,18,6,2,13,9,31,7,3,36,13,13,18,17,57,-20,48,17,8,20,88,26,4,8,9,5,-20,13,7,3,19,17,99,78,31,36,8,25,19,12,24,81,19,31,26,5,33,7,31,40,15,19,41,25,6,6,17,19,26,23,27,15,10,-20,50,19,65,23,33,86,16,19,94,26,30,48,16,7,51,11,21,17,14,19,31,45,31,26,22,11,31,32,34,25,62,52,12,25,15,28,27,19,28,19,18,42,17,32,20,19,38,18,39,24,18,21,21,28,11,18,28,18,23,13,19,18,22,17,21,24,22,28,25,57,17,39,37,30,43,108,31,89,16,20,10,28,8,11,17,8,11,28,13,23,2,26,70,70,71,8,13,7,17,8,13,7,12,52,36,11,65,48,52,61,49,61,8,14,15,8,32,133,19,37,13,30,16,15,13,18,11,-20,14,22,8,11,51,15,20,38,51,31,27,31,36,24,15,19,8,22,37,21,21,15,16,31,10,27,10,15,8,7,19,22,33,15,6,38,20,15,20,22,14,14,21,64,25,25,21,70,14,14,17,6,16,19,17,30,18,11,14,15,7,23,15,14,16,20,7,10,79,16,24,5,13,6,32,12,21,47,14,9,19,19,-20,36,7,8,7,3,20,16,-20,15,13,22,21,35,17,23,26,27,27,10,153,31,16,19,17,18,9,11,11,21,-20,13,23,12,7,24,27,15,70,12,9,10,-20,16,11,22,20,11,7,12,31,14,14,16,10,9,27,16,15,7,12,10,19,17,14,18,74,54,21,15,7,22,11,24,16,17,15,8,20,17,8,7,26,8,7,24,7,15,17,10,14,21,55,11,31,15,20,13,19,40,11,9,54,55,49,62,17,55,45,4,11,55,60,6,11,36,13,16,49,9,10,15,30,12,9,11,18,9,10,35,16,10,18,16,20,13,17,26,35,21,25,10,18,15,20,22,43,15,16,26,15,13,25,19,28,17,121,17,23,16,9,22,11,21,25,-20,43,39,16,64,75,33,23,53,33,37,10,-20,17,12,21,8,11,10,4,13,10,13,9,35,28,17,21,21,19,63,2,17,7,16,24,16,32,20,26,24,6,13,14,55,62,13,76,24,47,43,28,23,37,24,27,54,27,28,47,27,29,36,86,43,23,-20,48,42,133,26,14,23,26,27,48,33,48,38,22,34,35,75,18,36,13,119,21,49,48,22,25,17,17,17,20,12,14,7,16,11,11,18,8,-20,12,14,10,6,18,12,9,10,17,6,11,18,13,13,16,17,20,12,12,14,-20,12,5,12,8,8,11,13,22,12,11,15,7,9,8,11,21,9,10,12,10,10,21,6,8,12,8,13,12,12,14,8,6,15,11,10,19,11,12,10,12,13,20,12,11,15,12,10,17,13,5,13,12,10,13,19,13,25,-20,11,-20,10,10,16,6,7,12,17,11,12,16,10,11,10,9,10,-20,8,14,11,13,8,5,9,11,11,5,9,7,11,17,8,11,7,7,9,11,4,9,13,10,11,16,13,4,15,-20,12,11,10,7,13,11,7,18,12,11,13,33,8,-20,-20,14,6,-20,10,17,17,11,14,7,21,14,-20,8,3,19,11,8,12,17,7,18,15,18,12,20,7,12,29,7,15,20,11,11,9,-20,14,12,6,22,5,21,5,7,10,9,5,22,17,12,20,8,8,5,13,14,7,7,5,8,10,9,3,12,16,14,13,7,10,16,24,11,103,8,22,15,12,7,25,13,25,20,25,13,15,25,13,28,-20,16,23,19,10,13,31,20,20,13,10,20,19,31,19,13,18,24,13,22,17,23,20,19,19,14,6,14,7,20,8,7,15,7,12,12,12,17,14,12,8,11,13,8,8,15,14,13,8,8,27,8,17,19,18,16,13,16,6,22,12,11,15,9,7,19,14,10,13,7,4,10,4,4,4,6,4,13,7,13,10,5,18,12,10,20,12,13,19,14,19,13,10,12,10,9,10,16,12,15,48,24,14,22,8,21,20,15,15,19,8,8,8,9,13,-20,-20,12,7,15,4,18,14,11,15,7,6,6,3,6,10,-20,11,23,9,14,6,17,4,21,29,23,6,5,6,15,13,5,13,3,18,-20,19,7,11,-20,-20,4,4,5,17,-20,8,-20,8,14,5,11,6,18,3,14,15,8,-20,14,3,4,8,-20,3,13,-20,-20,-20,9,6,22,8,17,14,18,4,-20,6,5,-20,13,21,15,-20,8,16,6,10,13,12,30,9,25,26,15,21,30,56,42,35,-20,106,38,51,58,39,48
"chr1,25279174",2,11,6,6,12,10,8,13,6,9,6,20,37,39,24,16,25,21,121,86,73,9,69,42,69,33,25,50,29,10,12,12,28,15,84,71,47,43,14,5,12,50,26,17,32,44,14,73,14,17,44,30,42,23,27,29,73,38,43,36,46,48,46,41,23,15,32,68,68,19,36,35,16,34,43,82,22,8,9,15,5,24,22,16,11,40,28,76,57,29,20,47,47,52,48,37,8,67,7,51,47,39,6,6,42,68,10,34,36,4,8,-20,41,21,13,6,40,9,3,9,4,-20,12,-20,49,6,4,51,17,11,29,-20,10,13,36,54,65,8,7,19,6,-20,13,8,31,7,5,29,11,13,17,15,63,-20,48,20,11,29,86,27,7,7,9,4,-20,11,6,4,20,18,104,81,32,34,8,26,18,19,32,115,24,26,45,6,29,-20,37,40,17,17,35,27,6,6,18,20,19,21,30,12,13,21,53,24,65,20,34,92,22,22,99,23,32,52,16,10,48,16,27,-20,16,18,39,43,32,30,24,10,28,30,36,22,62,53,13,22,18,32,28,22,27,24,19,36,15,33,21,22,28,19,39,25,17,19,21,25,13,19,27,20,24,17,23,20,42,19,22,28,20,31,33,52,14,38,42,29,42,97,37,94,20,20,11,28,5,16,15,7,9,30,14,25,3,26,72,67,77,9,13,7,16,8,12,7,14,52,37,9,65,51,47,59,50,63,9,15,11,10,32,142,-20,44,11,31,11,16,13,16,12,-20,18,25,9,14,50,17,22,37,52,31,26,35,35,25,17,19,11,23,35,23,21,13,14,33,12,26,10,18,11,7,18,27,30,17,7,40,22,15,17,24,15,15,22,66,29,23,20,70,13,12,19,8,18,16,14,30,18,16,14,19,8,23,14,15,15,19,7,12,79,16,25,5,13,9,32,11,23,47,15,11,22,15,-20,36,-20,9,8,4,18,17,-20,17,16,21,21,34,19,21,26,24,28,10,156,33,21,19,17,15,9,12,15,21,9,17,25,16,10,22,29,15,70,15,9,10,-20,16,12,22,21,11,9,11,33,14,15,16,11,9,30,22,14,5,14,13,18,16,14,18,73,57,20,16,6,22,13,25,17,15,15,6,19,20,9,8,22,10,7,21,8,14,16,13,20,20,58,10,34,13,23,12,18,41,12,10,54,57,51,60,16,53,48,3,11,55,66,6,11,37,15,10,51,10,12,15,30,13,8,10,16,8,10,34,21,12,17,16,18,13,18,26,34,20,26,10,15,15,20,28,42,15,15,29,18,11,25,18,32,17,117,16,22,14,8,19,16,22,23,82,40,41,20,67,75,40,25,52,32,41,10,-20,18,11,20,8,11,9,5,14,10,15,10,34,25,18,22,22,18,58,2,17,7,16,20,17,31,19,25,25,5,10,13,48,57,13,76,29,48,32,38,17,34,27,25,61,31,34,50,29,32,39,87,56,25,2,48,45,122,28,13,20,30,28,51,35,55,37,26,35,35,78,19,41,15,114,18,51,43,25,27,21,16,16,18,11,12,7,18,10,10,16,9,9,12,15,11,7,16,12,10,10,20,6,8,19,12,13,16,14,18,10,13,15,-20,13,6,11,7,9,10,9,23,11,13,15,7,11,7,11,20,9,10,11,11,9,20,4,9,12,7,16,11,11,14,9,6,13,12,9,18,12,10,8,12,12,20,13,11,14,12,13,17,14,4,15,12,10,12,19,13,21,5,11,11,10,11,14,6,6,12,17,9,10,17,11,11,10,8,10,-20,7,12,11,11,8,5,-20,11,12,-20,8,7,12,16,4,13,8,6,10,12,3,9,11,9,10,16,16,3,18,-20,12,11,12,7,10,10,7,19,13,9,12,32,6,-20,-20,16,6,5,13,19,18,10,16,11,22,12,-20,10,3,18,10,10,11,19,7,18,15,18,11,21,6,14,29,9,16,19,10,13,10,7,12,13,7,16,3,21,5,-20,9,9,5,22,16,15,19,9,7,4,11,10,6,6,4,9,11,9,3,13,17,13,13,7,10,17,25,11,108,9,22,15,14,8,23,14,25,21,23,12,13,23,11,26,-20,15,22,20,11,11,27,20,22,9,8,19,23,29,20,9,19,19,13,21,17,23,20,20,18,15,5,14,7,20,9,7,14,9,15,11,11,15,13,12,7,11,13,7,8,14,13,13,11,7,27,9,20,18,15,17,14,17,8,21,12,10,15,10,7,17,15,10,12,8,5,9,5,4,5,6,5,12,9,13,11,6,18,13,11,18,10,14,19,14,21,12,9,13,9,10,8,15,14,13,48,23,13,20,9,18,22,15,16,17,8,6,8,9,11,-20,-20,14,6,12,5,19,13,13,14,9,5,5,3,5,10,-20,11,25,6,13,9,15,5,21,27,24,3,7,8,15,11,9,12,5,18,-20,19,5,17,-20,11,7,4,7,21,-20,7,-20,7,18,3,15,-20,18,3,14,16,6,-20,19,4,6,7,-20,8,12,-20,13,8,11,7,16,10,-20,13,16,3,5,10,8,4,18,12,20,8,7,15,8,15,12,12,29,9,25,28,16,20,30,60,43,35,-20,100,30,45,61,41,51
"chr1,25279177",2,11,8,5,11,10,8,13,6,9,6,20,39,38,23,18,24,22,122,88,74,10,66,43,69,32,24,50,29,10,13,12,27,14,86,70,46,44,14,6,12,50,26,13,31,43,13,73,13,20,45,28,40,23,27,29,74,37,45,32,47,46,45,41,23,15,32,71,68,20,35,35,16,35,43,83,23,8,9,16,5,24,21,16,11,39,30,81,58,30,20,46,44,53,49,37,8,67,6,50,46,41,7,7,43,69,10,36,37,4,8,3,44,22,13,6,36,11,3,9,4,3,11,-20,50,6,3,50,16,11,28,-20,11,13,36,52,68,8,7,19,6,-20,13,8,35,7,6,29,10,13,17,18,64,40,48,20,12,30,88,27,7,7,9,4,-20,14,6,5,21,18,111,82,30,35,8,24,18,18,32,114,24,28,48,6,29,6,37,41,21,17,35,26,6,5,18,20,18,21,30,11,12,21,53,25,72,19,33,90,22,22,100,24,28,53,17,10,50,14,28,19,18,16,42,46,34,30,24,10,28,30,36,23,61,51,13,24,18,32,28,26,27,25,20,35,15,33,21,22,30,20,39,29,16,19,21,30,14,19,27,18,23,18,24,21,41,18,22,28,20,30,32,52,14,33,44,31,42,92,37,101,19,19,12,28,4,17,12,8,9,32,16,26,4,25,72,59,73,9,15,7,17,8,11,-20,13,51,37,9,65,50,48,60,50,63,9,15,11,10,29,149,17,45,11,31,12,16,13,16,12,15,18,25,9,14,50,16,21,37,50,31,28,36,34,25,17,19,12,23,35,27,20,12,14,33,12,26,10,18,14,7,17,28,30,20,7,40,23,14,18,24,16,12,22,66,28,25,20,71,13,12,19,9,19,16,13,29,18,17,14,19,8,23,14,14,15,19,7,12,83,16,25,5,13,9,32,11,22,46,15,12,22,15,17,37,10,9,8,5,17,17,10,17,18,22,21,36,17,23,26,25,28,10,154,35,19,20,17,17,8,13,15,21,9,18,27,16,10,21,29,15,70,15,9,10,11,16,12,21,24,9,8,12,32,14,18,17,11,10,29,22,14,5,13,13,17,19,16,18,74,58,20,15,7,21,12,26,16,17,15,7,20,21,9,6,21,9,7,20,7,12,16,13,20,20,59,10,34,13,23,12,18,39,11,11,54,57,53,59,16,53,46,3,11,57,67,6,11,39,15,9,51,10,12,15,28,15,9,12,16,10,10,46,24,13,18,16,19,13,18,26,32,22,30,9,16,16,20,26,40,17,16,28,19,16,25,18,32,17,120,17,21,14,8,17,16,23,21,80,38,40,21,66,76,40,25,52,32,45,10,18,17,11,22,9,10,10,5,14,11,15,11,33,26,17,22,22,18,59,2,19,7,15,21,19,32,19,24,25,5,10,13,48,61,12,77,29,46,34,39,17,35,27,25,58,31,32,48,31,33,41,91,55,25,4,48,44,120,30,14,19,33,30,48,34,55,42,29,35,34,77,19,40,14,116,19,51,42,25,29,26,16,16,17,11,12,7,18,10,10,16,9,9,12,18,11,7,16,12,10,11,20,8,7,18,11,13,19,15,18,11,13,20,-20,12,7,10,7,8,11,9,23,13,12,16,8,10,8,11,23,9,10,10,13,10,20,5,9,13,7,15,12,11,14,9,6,12,13,9,18,12,10,8,12,12,20,14,12,14,12,14,19,13,5,14,12,8,12,18,14,21,5,11,12,10,11,14,6,6,11,17,9,11,17,11,11,10,8,10,3,7,13,11,11,9,5,-20,11,12,5,8,7,14,16,4,13,8,5,9,12,3,10,11,9,10,17,16,3,18,8,13,11,12,8,12,10,9,19,13,9,13,30,6,15,5,16,6,5,14,19,18,10,18,12,22,14,-20,10,3,19,10,10,11,20,8,18,15,18,11,21,6,15,29,10,16,19,10,13,9,8,12,13,7,16,3,22,5,5,9,10,5,21,17,15,19,9,7,4,11,10,6,5,4,10,12,10,3,13,17,13,13,7,10,19,26,10,111,9,21,16,14,10,24,15,25,21,23,12,13,23,11,26,11,15,22,20,13,11,28,20,22,9,8,18,24,30,20,9,17,19,14,20,17,23,19,20,16,16,5,14,7,20,9,6,14,9,16,11,11,17,11,12,8,11,13,7,8,13,14,13,11,7,28,9,21,18,14,19,15,16,8,20,13,9,15,11,7,17,15,11,12,8,5,10,5,5,5,6,5,12,9,13,11,7,18,14,11,18,10,15,18,15,22,12,11,13,9,10,8,16,14,13,49,24,13,21,9,18,22,15,17,18,8,7,11,9,11,-20,-20,15,6,12,5,18,13,12,14,10,5,6,3,5,12,-20,11,25,8,13,10,13,5,20,27,22,3,6,8,12,11,11,11,5,21,-20,20,6,17,-20,7,7,4,7,20,-20,6,-20,5,19,-20,14,4,20,4,15,15,7,2,17,5,6,6,-20,9,13,-20,12,9,10,8,17,10,21,13,13,5,6,7,8,6,15,13,20,9,9,14,7,14,12,12,30,9,25,27,16,18,31,58,43,34,106,100,32,46,60,43,52
"chr1,25279182",3,11,8,5,10,10,8,15,6,9,6,21,40,37,25,16,25,21,120,92,74,11,69,44,71,32,24,57,29,10,15,11,27,14,87,74,44,46,17,7,14,51,26,12,37,48,14,80,13,21,46,28,41,21,27,29,74,37,44,35,48,47,44,41,24,13,31,72,67,22,36,33,18,39,44,80,23,8,9,16,5,26,24,16,14,40,31,74,61,29,19,51,44,55,50,37,11,67,5,50,45,43,5,7,44,69,10,37,39,5,8,-20,44,24,11,-20,41,11,3,9,4,7,12,-20,49,5,3,51,17,12,29,7,11,13,38,55,67,8,7,20,6,-20,13,8,34,7,-20,32,10,14,17,14,66,47,46,21,12,32,87,29,8,-20,9,5,3,15,6,6,19,14,117,83,27,34,7,25,18,18,33,130,24,31,49,6,47,5,35,34,22,18,34,26,5,7,18,22,16,22,35,13,15,22,57,29,73,20,31,90,20,25,106,25,28,56,17,12,49,13,30,21,16,17,42,44,36,34,25,12,27,34,39,23,62,50,15,26,18,30,26,27,25,25,22,35,17,33,20,20,32,18,38,32,16,16,21,30,17,20,25,18,24,21,22,23,64,16,23,27,23,33,35,55,16,34,49,34,37,104,40,106,20,19,12,25,4,18,12,9,10,33,14,23,6,28,66,57,77,8,16,7,16,9,12,6,13,53,37,9,65,52,50,58,51,62,9,15,11,12,29,155,17,44,12,29,19,15,13,14,13,15,17,24,10,14,51,17,20,39,49,31,28,37,33,26,19,17,12,21,35,26,19,13,14,33,11,26,10,19,15,7,18,29,32,22,7,42,25,14,18,25,17,13,20,65,30,26,20,75,15,12,18,10,17,17,15,30,18,16,13,17,7,24,14,14,13,19,9,13,85,17,24,5,13,11,30,11,23,44,18,12,21,16,17,39,11,10,8,4,16,18,11,17,19,21,21,34,16,24,27,25,27,10,152,35,16,18,17,16,9,14,14,23,9,18,28,16,12,21,28,14,63,18,9,12,12,15,14,21,25,10,10,12,35,14,22,16,12,10,28,20,13,5,14,13,16,22,14,20,76,55,20,19,7,22,14,26,18,17,14,10,22,19,10,9,19,10,7,20,9,12,17,13,17,20,58,12,32,14,27,12,18,36,9,11,54,56,52,65,16,53,45,3,11,57,67,6,11,37,15,13,55,14,12,16,30,15,9,12,16,11,9,50,24,12,18,17,22,12,17,23,37,21,30,8,14,16,19,24,41,17,16,30,19,18,24,18,35,18,121,19,21,15,8,18,16,21,21,82,45,41,20,71,73,39,26,51,33,45,10,17,19,13,23,9,11,10,5,15,12,17,11,37,26,19,25,23,17,63,2,21,-20,16,20,19,33,19,25,24,5,11,14,50,58,12,81,28,46,33,43,19,35,25,23,61,32,32,51,32,31,40,100,57,26,4,54,44,118,31,15,23,29,30,44,33,51,50,34,36,33,74,19,40,13,130,20,49,39,24,35,25,16,19,16,13,12,8,20,11,12,17,12,9,13,21,14,8,16,16,10,15,17,8,8,17,11,13,19,16,17,11,13,21,-20,12,7,10,5,10,11,9,23,14,12,17,8,10,8,10,24,9,10,10,11,10,21,6,9,13,8,14,12,11,15,9,8,14,13,9,20,12,10,8,11,14,22,16,12,14,14,13,19,15,5,15,13,8,12,17,15,23,7,12,12,13,9,14,6,7,14,16,10,10,18,11,11,10,9,11,4,7,13,11,14,9,5,-20,13,14,8,-20,9,18,15,5,14,8,6,9,12,3,11,11,10,11,18,16,3,20,11,14,11,10,9,14,9,9,20,16,9,13,30,7,15,6,19,6,5,14,21,19,12,18,12,21,18,10,11,3,17,10,10,12,21,8,18,18,20,11,22,7,15,31,13,16,19,11,12,10,10,13,14,8,18,3,22,5,5,9,10,5,17,17,15,21,10,9,5,11,11,7,6,4,10,11,11,4,12,17,14,16,7,12,20,27,10,114,10,23,13,14,12,25,15,22,22,25,11,15,23,15,27,13,15,20,20,14,13,31,18,22,9,7,17,27,33,18,10,19,17,15,19,19,26,20,19,18,16,5,15,7,19,9,6,15,8,16,11,12,17,11,14,8,12,13,7,8,14,14,15,11,7,26,8,21,18,14,19,16,17,8,21,14,9,15,12,8,18,16,12,13,8,5,10,6,5,5,8,6,11,10,13,12,7,17,15,11,18,10,17,17,14,24,12,11,14,13,11,9,15,15,14,52,23,13,21,10,18,22,15,18,17,9,7,12,9,13,-20,-20,16,6,10,7,19,13,11,15,10,5,6,4,5,12,-20,10,23,9,12,10,10,3,23,28,23,3,7,9,15,11,14,12,5,21,-20,21,6,22,3,10,8,-20,8,17,3,5,4,4,17,3,12,-20,21,4,13,14,6,3,18,5,5,9,-20,11,16,-20,12,14,8,5,15,10,22,13,17,7,5,7,7,9,19,13,19,9,7,15,7,14,13,12,29,9,25,29,16,18,32,58,45,52,121,112,32,45,55,44,57
