"chr,position",88,108,139,159,265,350,351,403,410,424,428,430,470,476,484,504,506,531,544,546,628,630,680,681,685,687,728,742,763,765,766,768,772,801,853,854,867,868,870,915,932,991,992,997,1002,1006,1061,1062,1063,1066,1070,1158,1166,1254,1257,1313,1317,1552,1612,1622,1651,1652,1676,1684,1739,1741,1756,1757,1793,1797,1819,1820,1829,1834,1835,1851,1852,1853,1872,1890,1925,1942,1943,1954,2016,2017,2031,2053,2057,2081,2091,2106,2108,2141,2159,2166,2171,2191,2202,2212,2239,2240,2276,2278,2285,2286,2317,2370,2412,4779,4807,4826,4840,4857,4884,4900,4939,4958,5023,5104,5151,5165,5210,5236,5249,5253,5276,5279,5349,5353,5395,5486,5577,5644,5651,5717,5718,5720,5726,5741,5748,5757,5768,5772,5776,5779,5784,5798,5800,5811,5822,5830,5831,5832,5836,5837,5856,5860,5865,5867,5874,5890,5893,5907,5921,5950,5984,5993,6008,6009,6010,6011,6012,6013,6016,6017,6019,6020,6021,6022,6023,6024,6025,6030,6034,6035,6036,6038,6039,6040,6041,6042,6043,6046,6064,6069,6070,6071,6073,6074,6076,6077,6085,6086,6087,6088,6090,6091,6092,6094,6095,6096,6097,6098,6099,6100,6101,6102,6104,6105,6106,6107,6108,6109,6111,6112,6113,6114,6115,6118,6119,6122,6123,6124,6125,6126,6128,6131,6132,6133,6134,6136,6137,6138,6140,6141,6142,6145,6148,6149,6150,6151,6153,6154,6163,6166,6169,6172,6173,6174,6177,6180,6184,6188,6189,6191,6192,6193,6194,6195,6198,6201,6202,6203,6209,6210,6214,6216,6217,6218,6220,6221,6231,6235,6237,6238,6240,6241,6242,6243,6244,6252,6255,6258,6268,6276,6284,6296,6390,6396,6413,6424,6434,6445,6680,6739,6740,6744,6749,6750,6805,6806,6814,6830,6897,6898,6900,6901,6903,6904,6907,6908,6909,6911,6913,6915,6917,6918,6919,6920,6922,6923,6924,6926,6927,6929,6931,6932,6933,6938,6940,6943,6944,6945,6951,6956,6957,6958,6959,6960,6961,6963,6966,6967,6968,6969,6970,6971,6973,6974,6975,6976,6979,6981,6982,6984,6986,6987,6989,6990,6992,6997,7000,7002,7003,7008,7013,7014,7025,7026,7028,7031,7033,7036,7058,7061,7062,7063,7064,7067,7068,7071,7072,7077,7081,7092,7094,7096,7102,7103,7106,7107,7109,7111,7117,7119,7120,7125,7126,7127,7130,7133,7138,7143,7147,7158,7160,7161,7162,7163,7164,7165,7169,7177,7181,7183,7186,7192,7199,7202,7203,7207,7208,7209,7213,7217,7218,7223,7231,7236,7244,7248,7250,7255,7258,7268,7273,7276,7280,7282,7287,7288,7296,7298,7305,7306,7307,7314,7316,7319,7320,7322,7323,7327,7328,7332,7333,7337,7342,7343,7344,7346,7347,7349,7350,7353,7354,7356,7358,7359,7372,7373,7377,7378,7382,7383,7384,7387,7394,7396,7404,7411,7413,7415,7416,7417,7418,7419,7424,7427,7430,7460,7461,7471,7475,7477,7514,7515,7516,7517,7520,7521,7523,7525,7529,7530,7566,7568,7717,7757,7767,7917,7947,8037,8057,8077,8132,8171,8214,8222,8227,8230,8231,8233,8234,8235,8236,8237,8238,8239,8240,8241,8242,8243,8244,8246,8247,8249,8256,8258,8259,8264,8283,8284,8285,8290,8297,8306,8307,8311,8312,8326,8334,8335,8337,8343,8351,8354,8357,8365,8366,8369,8376,8386,8387,8419,8420,8422,8424,8426,8427,8464,8483,8699,8723,9027,9057,9058,9067,9069,9070,9075,9078,9079,9081,9084,9085,9089,9091,9095,9099,9100,9102,9103,9104,9105,9106,9111,9113,9114,9115,9121,9125,9128,9130,9131,9133,9134,9298,9312,9314,9321,9323,9332,9336,9339,9343,9352,9353,9363,9369,9370,9371,9380,9381,9382,9383,9386,9388,9390,9391,9392,9394,9395,9399,9402,9404,9405,9407,9408,9409,9412,9413,9416,9421,9427,9433,9436,9437,9442,9450,9451,9452,9453,9454,9455,9470,9471,9476,9481,9503,9506,9507,9508,9509,9510,9511,9512,9513,9514,9515,9517,9518,9519,9520,9521,9522,9523,9524,9525,9526,9527,9528,9529,9530,9531,9532,9533,9534,9535,9536,9537,9539,9540,9541,9542,9543,9544,9545,9546,9547,9548,9549,9550,9551,9552,9553,9554,9555,9556,9557,9558,9559,9560,9561,9562,9564,9565,9567,9568,9569,9571,9573,9574,9576,9577,9578,9579,9581,9582,9583,9584,9585,9586,9587,9588,9589,9590,9591,9592,9593,9594,9595,9596,9597,9598,9599,9600,9601,9602,9606,9607,9608,9609,9610,9611,9612,9613,9615,9616,9617,9619,9620,9621,9622,9624,9625,9626,9627,9628,9629,9630,9631,9632,9633,9634,9635,9636,9637,9638,9639,9640,9641,9642,9643,9644,9645,9646,9647,9648,9649,9651,9653,9655,9656,9657,9658,9659,9660,9661,9663,9664,9665,9666,9667,9668,9669,9670,9671,9672,9673,9676,9677,9678,9679,9680,9681,9682,9683,9684,9685,9686,9687,9689,9690,9691,9692,9693,9694,9695,9696,9697,9698,9699,9700,9701,9703,9704,9705,9706,9707,9708,9709,9710,9711,9712,9713,9714,9716,9717,9718,9719,9720,9721,9722,9723,9725,9726,9727,9728,9729,9730,9731,9732,9733,9735,9736,9737,9738,9739,9741,9743,9744,9745,9747,9748,9749,9754,9755,9756,9757,9758,9759,9761,9762,9764,9766,9768,9769,9770,9771,9772,9774,9775,9776,9777,9778,9779,9780,9781,9782,9783,9784,9785,9786,9787,9788,9789,9790,9791,9792,9793,9794,9795,9796,9797,9798,9799,9800,9801,9802,9803,9804,9805,9806,9807,9808,9809,9810,9811,9812,9813,9814,9815,9816,9817,9819,9820,9821,9822,9823,9824,9825,9826,9827,9828,9830,9831,9832,9833,9834,9835,9836,9837,9838,9839,9840,9841,9843,9844,9845,9846,9847,9848,9849,9850,9851,9852,9853,9854,9855,9856,9857,9858,9859,9860,9861,9862,9864,9866,9867,9868,9869,9870,9871,9873,9874,9875,9876,9877,9878,9879,9880,9881,9882,9883,9885,9886,9887,9888,9890,9891,9892,9894,9895,9897,9898,9899,9900,9901,9902,9903,9904,9905,9906,9908,9909,9910,9911,9912,9914,9915,9917,9918,9920,9921,9924,9925,9926,9927,9928,9929,9930,9932,9933,9935,9937,9938,9939,9941,9942,9943,9944,9945,9946,9947,9948,9949,9950,9951,9952,9953,9955,9956,9957,9958,9959,9960,9962,9963,9964,9965,9966,9968,9969,9970,9971,9972,9973,9974,9975,9976,9978,9979,9980,9981,9982,9983,9984,9985,9986,9987,9988,9990,9991,9993,9995,9996,9997,9998,9999,10001,10002,10004,10005,10006,10008,10009,10010,10011,10012,10013,10014,10015,10017,10018,10020,10022,10023,10027,14312,14313,14314,14315,14318,14319,15560,15591,15592,15593,18694,18696,19949,19950,19951
"chr2,2063891",12,7,8,16,7,6,17,18,20,15,5,10,17,28,6,13,31,9,56,56,37,8,48,25,41,17,20,23,25,6,-20,5,10,14,49,32,25,22,17,17,18,24,3,11,-20,49,10,50,12,13,12,34,35,14,16,6,59,18,19,21,24,27,30,20,29,22,26,39,29,17,20,24,18,29,20,47,9,12,16,23,17,11,22,16,20,29,18,37,42,11,5,14,21,23,20,21,15,39,9,33,27,32,3,11,22,36,13,20,29,9,16,8,34,23,14,9,56,24,6,12,13,7,12,7,35,5,7,40,14,12,20,9,5,7,24,29,31,13,11,16,4,8,12,18,28,8,9,22,10,9,17,9,16,25,21,3,21,15,61,8,8,10,7,11,7,21,8,-20,6,12,42,70,31,44,10,28,12,30,8,52,4,12,12,2,19,9,-20,33,17,7,13,13,-20,8,8,21,19,12,34,11,8,13,18,18,43,24,22,25,7,16,36,20,36,25,10,17,42,10,8,17,9,8,17,27,11,27,9,6,20,24,29,18,45,20,6,5,15,15,12,9,24,-20,5,16,11,24,8,7,24,11,5,31,8,5,9,13,11,4,16,12,13,8,7,6,15,14,25,15,22,11,9,25,19,13,23,9,43,49,21,30,12,13,-20,26,4,17,11,11,3,11,9,-20,-20,10,-20,-20,28,-20,9,14,17,5,19,7,7,25,23,10,29,27,29,36,28,51,-20,4,3,5,15,68,17,17,18,19,12,9,4,15,8,21,5,11,7,10,27,9,11,31,46,19,11,24,17,12,6,16,9,15,16,8,14,12,7,8,5,14,5,7,10,13,-20,9,15,8,11,18,8,9,-20,16,9,9,7,39,10,4,16,14,-20,10,-20,7,9,9,7,14,19,11,5,18,3,10,5,6,4,6,4,11,56,11,8,8,4,10,20,4,13,10,-20,8,12,5,8,9,3,11,7,2,5,16,10,11,9,10,12,16,15,11,7,13,18,9,86,14,14,10,10,-20,12,14,4,10,9,11,4,7,-20,11,18,7,50,21,17,15,13,11,23,16,6,5,3,14,14,7,11,12,5,7,23,10,3,20,17,13,15,8,11,10,40,29,10,15,6,6,7,15,8,4,-20,14,9,9,22,-20,12,24,20,9,3,-20,5,7,10,8,42,19,16,-20,7,-20,5,30,5,11,31,38,42,36,8,35,30,12,7,32,40,5,8,20,-20,9,16,12,10,-20,17,7,8,19,14,7,7,17,16,11,8,16,3,17,11,11,23,13,9,7,6,5,9,12,38,-20,11,14,-20,4,12,10,35,13,31,7,15,10,27,14,-20,11,11,10,18,18,28,40,37,17,21,27,7,16,5,32,16,16,20,7,20,10,13,8,-20,17,12,12,24,18,22,8,5,36,-20,17,4,17,16,13,17,22,20,24,14,12,18,22,21,3,53,18,30,48,43,16,12,28,17,40,28,10,18,15,10,11,54,21,17,-20,19,15,37,7,-20,9,12,16,44,18,10,28,24,24,23,-20,-20,17,8,52,13,21,13,10,11,10,31,11,6,13,20,13,20,23,14,14,20,10,10,10,12,14,21,14,20,11,23,19,9,7,20,8,14,12,12,19,9,9,11,5,22,14,21,9,17,10,13,17,15,26,15,15,12,10,20,14,12,12,18,16,10,7,13,6,5,18,6,20,10,24,17,14,10,20,10,15,18,12,10,13,9,12,7,20,9,22,29,8,16,13,7,10,15,13,8,14,-20,12,5,4,8,5,6,5,11,20,11,10,6,8,17,13,19,6,6,8,7,7,11,9,6,10,15,22,11,3,9,7,16,12,9,4,10,16,13,6,-20,8,8,9,12,5,4,9,8,7,11,10,5,9,15,6,11,9,7,14,47,5,21,10,12,8,12,11,9,21,15,-20,11,-20,-20,7,13,11,18,9,8,12,8,10,9,9,22,6,22,5,12,11,17,7,9,3,9,9,5,18,11,5,13,9,13,17,14,15,10,12,26,14,12,19,6,15,8,8,7,7,8,15,9,8,8,6,4,20,13,11,5,7,3,14,5,55,8,14,15,10,10,15,15,12,27,21,24,15,12,9,14,20,20,13,15,19,19,22,15,9,18,5,18,10,25,17,17,18,25,15,23,16,11,15,17,13,12,9,6,10,20,3,15,13,5,29,12,14,43,17,10,8,24,16,23,27,17,10,19,16,13,24,17,30,18,22,18,34,13,12,12,17,16,42,15,15,14,12,26,9,9,15,11,-20,9,11,12,10,9,11,13,17,9,25,21,24,20,20,17,13,27,25,12,12,13,12,8,20,19,26,21,45,21,12,20,14,21,17,19,26,28,9,14,15,12,11,6,10,21,6,18,13,24,6,8,17,-20,7,7,11,8,9,8,9,24,16,22,9,10,4,9,13,16,-20,-20,4,5,6,6,-20,-20,11,-20,13,5,8,-20,-20,-20,-20,-20,5,4,-20,-20,5,-20,-20,-20,4,11,-20,-20,8,6,-20,13,4,-20,-20,3,-20,5,3,-20,4,4,-20,10,7,4,3,11,-20,-20,4,-20,5,16,13,-20,-20,-20,6,-20,15,14,21,-20,7,18,22,22,26,23,51,38,112,165,79,43,27,56,39,58
"chr2,2063896",10,5,8,17,5,5,16,17,19,17,5,11,17,27,6,13,30,8,54,54,36,7,45,24,40,16,21,22,24,6,-20,3,10,14,48,32,24,21,16,16,16,25,-20,10,9,51,9,48,10,15,11,32,33,14,17,6,67,16,21,19,26,25,31,19,27,18,26,41,31,15,20,25,16,27,19,48,8,13,14,22,17,10,21,13,18,27,19,36,43,11,5,13,23,21,17,21,15,38,9,33,25,31,3,10,22,36,12,18,24,10,16,8,38,23,14,9,54,24,7,10,11,9,12,6,35,5,6,42,15,10,21,12,5,7,23,27,34,11,8,14,3,-20,12,16,25,7,9,22,10,7,19,10,19,25,20,3,20,14,60,8,7,11,5,10,5,18,6,-20,6,14,45,68,33,44,7,28,13,30,7,49,7,9,9,2,21,9,-20,32,15,7,16,14,-20,8,7,23,21,11,33,6,8,13,17,15,44,22,20,24,7,12,36,18,40,26,9,20,43,6,-20,16,6,7,17,26,-20,18,9,6,-20,23,29,19,48,23,6,5,13,16,10,8,22,-20,3,13,14,20,8,7,21,12,-20,30,8,5,10,11,14,5,14,9,13,8,7,5,13,13,23,15,21,11,10,21,-20,11,22,9,43,46,20,30,11,9,-20,24,4,16,9,11,3,11,10,-20,-20,9,-20,-20,28,-20,9,14,-20,4,17,7,7,22,24,7,30,26,30,36,27,51,-20,4,3,5,15,62,17,17,20,16,14,9,3,14,9,21,5,12,7,10,30,-20,9,33,46,15,13,20,17,11,7,15,8,16,16,9,13,12,6,9,5,14,4,-20,11,12,8,8,14,7,10,18,7,8,-20,18,9,7,7,31,10,4,15,12,-20,10,10,7,9,11,6,14,19,10,5,15,3,10,6,6,4,7,4,14,53,-20,10,8,3,9,17,5,15,10,-20,8,11,-20,8,9,3,11,7,-20,5,18,10,11,10,9,12,15,13,12,8,14,20,8,85,14,12,10,10,-20,11,11,4,10,8,11,5,6,-20,11,18,9,52,22,14,15,11,11,26,18,6,6,3,10,13,6,8,12,4,-20,24,10,3,20,18,13,15,8,11,10,39,29,7,14,5,6,6,14,10,3,-20,13,9,11,19,15,11,24,19,9,3,2,5,7,10,7,43,19,17,-20,6,-20,5,31,4,13,35,34,42,37,8,38,27,11,-20,33,40,-20,6,19,5,10,17,14,11,-20,16,7,9,18,12,-20,-20,18,14,11,9,14,3,14,13,11,23,13,10,6,-20,6,10,-20,37,-20,12,14,-20,4,11,11,37,13,27,-20,11,10,25,14,3,9,9,9,19,19,30,42,35,18,19,26,7,18,6,31,16,16,20,6,20,8,13,8,-20,18,10,10,21,17,22,8,5,36,-20,14,-20,17,21,13,15,21,19,26,15,11,17,19,18,3,48,15,30,53,47,16,-20,29,15,41,27,11,18,14,9,12,45,21,16,-20,17,16,33,7,-20,10,9,18,45,18,10,26,27,25,23,-20,-20,17,8,50,12,19,12,9,13,11,32,11,6,14,20,14,20,22,15,15,21,10,9,10,11,14,16,14,20,10,22,18,5,7,20,6,15,12,13,18,8,9,10,5,20,12,19,9,15,10,8,16,17,24,15,16,14,9,20,13,12,12,18,15,10,7,12,6,4,18,6,17,10,23,15,14,11,20,10,17,18,11,8,10,8,11,8,22,11,23,29,7,15,14,7,10,14,11,6,13,-20,11,4,4,9,5,6,6,11,20,9,12,6,8,16,13,19,7,5,5,7,7,9,7,5,8,16,23,10,3,10,9,15,12,8,3,10,14,13,6,-20,8,8,9,10,5,4,8,8,6,11,10,6,9,16,-20,13,8,7,18,42,7,20,9,13,8,13,11,11,19,17,4,11,-20,-20,6,13,11,17,7,8,13,8,9,9,9,21,-20,22,6,11,10,16,7,9,3,9,9,5,15,13,5,12,-20,16,17,14,13,9,12,27,14,14,19,7,16,8,6,7,7,7,15,9,6,9,5,4,20,11,11,5,7,3,13,5,49,7,14,17,10,10,15,15,11,23,20,22,15,11,6,15,20,17,12,14,18,19,22,16,9,19,4,17,11,22,18,18,15,26,15,21,15,10,15,15,11,11,9,6,10,22,3,15,12,5,29,8,14,39,15,10,8,22,16,24,28,15,10,20,12,13,22,18,30,18,23,17,32,13,11,11,15,15,40,15,13,14,13,26,9,8,13,10,-20,10,11,11,10,8,10,12,16,8,25,21,21,17,21,16,13,28,27,11,12,12,12,8,19,19,27,23,46,20,10,22,13,20,17,20,22,27,8,13,17,12,11,6,-20,21,6,19,15,25,7,8,16,-20,7,7,8,8,9,8,8,23,15,21,10,-20,4,6,14,15,-20,-20,-20,-20,6,7,-20,3,8,4,14,4,6,-20,-20,-20,-20,-20,5,4,-20,-20,-20,-20,-20,-20,-20,10,-20,-20,10,5,-20,14,-20,-20,-20,3,-20,5,-20,4,5,4,-20,8,8,3,5,11,-20,-20,4,-20,4,-20,11,-20,3,-20,5,-20,16,14,21,-20,7,17,24,21,26,23,-20,37,95,164,74,41,29,53,42,58
"chr2,2063904",11,5,7,18,5,-20,15,14,18,18,4,11,14,18,-20,9,35,4,56,50,35,5,40,19,38,14,19,21,22,5,-20,4,10,14,44,28,23,25,16,16,19,-20,-20,10,8,51,11,-20,10,12,10,32,33,12,15,5,64,17,22,18,26,25,26,23,20,17,25,42,31,13,19,23,23,24,17,43,7,13,14,24,14,10,17,15,20,24,18,32,45,11,5,-20,22,18,16,18,15,39,8,31,18,30,3,10,21,31,13,15,19,9,16,9,35,21,15,10,48,24,7,9,12,8,11,6,34,4,5,43,15,9,17,14,5,7,24,27,36,11,7,14,3,9,12,16,21,6,7,20,9,7,18,9,17,23,-20,-20,18,18,59,-20,7,11,5,10,4,18,5,-20,7,14,43,73,29,42,6,30,13,38,3,51,8,-20,9,-20,21,5,-20,27,15,7,19,17,-20,7,7,22,21,11,32,7,7,13,16,15,-20,18,21,24,-20,-20,41,-20,43,24,8,16,42,-20,-20,14,-20,8,16,28,9,15,8,6,14,23,26,16,51,23,5,-20,10,14,-20,5,22,-20,-20,-20,-20,19,5,-20,-20,-20,-20,31,8,-20,9,8,12,4,9,7,14,8,-20,3,12,11,22,13,-20,10,11,24,-20,10,17,6,47,37,21,31,11,9,-20,21,4,18,9,9,3,8,9,-20,-20,9,-20,-20,27,-20,10,15,-20,4,17,7,7,24,26,7,30,29,32,31,25,42,2,4,-20,5,16,54,17,17,-20,15,15,9,-20,14,9,17,5,13,8,8,28,8,6,35,39,15,14,20,16,12,8,14,-20,16,15,9,13,11,6,11,6,13,4,5,10,10,7,8,16,8,9,18,7,9,-20,16,10,7,6,29,11,4,15,11,-20,6,10,-20,9,11,5,14,18,6,5,12,4,11,-20,4,3,7,4,15,50,9,11,8,6,6,16,4,16,9,2,-20,12,-20,8,7,-20,11,7,-20,4,13,8,11,-20,9,12,16,-20,10,7,13,19,8,75,14,10,8,8,-20,10,10,4,10,7,13,10,7,-20,10,18,11,51,21,14,16,12,10,29,22,5,8,2,9,-20,5,6,13,-20,7,23,10,4,20,15,13,19,6,12,9,39,25,6,9,4,8,4,12,-20,3,-20,9,-20,12,-20,9,-20,-20,20,8,6,2,6,8,9,9,39,16,16,-20,5,3,4,29,4,13,34,34,39,38,9,39,27,12,7,35,35,5,7,20,4,8,13,14,9,-20,16,8,11,16,13,6,4,23,-20,11,10,14,-20,-20,12,10,19,11,10,5,5,5,9,-20,39,-20,12,14,-20,-20,11,11,-20,13,22,7,-20,10,24,15,3,9,-20,9,20,-20,29,41,32,15,16,26,-20,18,6,30,16,16,16,6,20,8,14,8,-20,17,11,9,20,16,20,-20,5,36,-20,14,-20,18,21,14,14,24,17,27,14,11,18,17,19,3,51,12,30,56,-20,11,8,30,12,32,-20,9,-20,14,-20,12,40,17,13,-20,10,17,31,-20,-20,10,9,17,44,19,12,27,27,23,20,-20,-20,15,10,42,12,19,12,6,12,10,35,11,6,14,18,16,18,23,13,15,21,9,8,13,15,13,14,14,21,11,23,19,5,8,22,7,15,11,15,17,8,8,13,6,22,12,21,10,19,11,9,17,14,21,15,16,14,8,18,11,14,12,17,15,10,8,11,5,5,19,6,17,13,23,13,15,11,20,9,15,18,12,9,11,7,12,9,21,12,24,27,7,13,16,8,9,15,16,6,15,3,11,5,6,11,5,8,6,12,20,9,12,6,9,17,13,19,7,7,6,8,7,9,7,5,9,-20,24,11,4,12,10,14,13,6,3,10,12,13,5,-20,8,7,9,12,6,4,8,8,7,13,13,7,10,15,6,12,8,7,18,46,8,20,10,13,8,14,11,11,17,16,-20,12,-20,-20,8,12,12,19,8,8,13,9,9,10,9,20,6,23,8,12,10,16,7,11,3,-20,10,7,15,13,6,14,9,17,19,15,12,11,11,28,15,14,19,8,17,8,7,8,8,8,16,8,6,9,5,3,21,12,13,-20,8,-20,15,-20,42,8,13,18,11,10,14,15,11,21,22,24,17,11,-20,17,19,22,12,13,17,21,19,14,-20,18,4,19,13,24,19,18,18,28,15,16,16,10,15,15,10,10,8,7,13,25,-20,15,12,5,29,9,15,40,14,10,8,21,16,24,28,15,10,25,16,12,22,17,28,19,24,22,35,11,12,12,13,15,38,14,14,13,14,27,8,8,13,10,-20,10,11,11,10,8,10,13,18,8,25,22,24,20,17,16,16,29,28,11,13,12,12,8,19,20,29,22,54,18,9,26,14,20,17,22,24,28,8,13,16,11,11,6,8,21,6,19,15,25,8,8,17,10,7,6,9,7,9,-20,8,23,15,21,10,6,4,5,15,11,-20,-20,-20,-20,5,3,-20,3,7,3,7,-20,11,-20,-20,-20,-20,-20,-20,4,-20,-20,5,-20,-20,-20,-20,10,-20,-20,-20,4,-20,15,3,-20,-20,3,-20,7,-20,5,4,-20,-20,13,-20,-20,6,8,-20,-20,-20,-20,6,15,9,-20,-20,-20,-20,-20,-20,14,22,-20,6,19,21,18,24,21,-20,39,95,186,75,41,32,55,37,58
"chr2,2063905",11,5,7,19,5,5,15,15,18,18,4,11,15,17,-20,9,34,4,55,49,35,5,41,21,39,15,21,22,20,5,-20,4,10,14,44,30,19,25,17,16,19,28,-20,10,7,55,11,46,10,12,11,32,32,12,16,4,63,16,22,18,27,23,25,22,20,16,25,41,31,14,20,23,21,24,15,42,7,13,14,23,13,10,16,15,20,24,18,31,46,11,4,8,22,18,15,17,15,39,8,32,18,30,-20,9,21,33,13,15,19,9,16,9,35,21,15,10,50,24,7,9,12,8,11,6,34,4,5,41,15,9,17,14,5,7,24,27,37,11,7,14,3,9,12,16,21,5,7,21,9,7,18,9,17,23,18,3,18,18,49,8,7,11,5,10,4,18,5,-20,7,14,41,76,29,45,6,30,13,39,3,47,11,-20,9,-20,21,5,-20,28,15,7,22,17,-20,8,7,21,21,10,32,8,7,12,16,13,-20,17,21,26,6,11,42,20,43,23,8,15,39,8,-20,13,8,7,16,26,9,16,8,7,14,21,26,16,50,26,-20,5,11,15,8,4,22,-20,-20,-20,17,21,5,-20,17,11,-20,31,8,-20,9,7,12,4,9,6,14,8,-20,3,12,11,22,12,24,10,14,24,20,8,17,6,48,37,21,31,11,9,-20,21,4,20,10,9,3,8,9,-20,-20,9,-20,-20,27,-20,10,15,-20,4,17,7,7,24,24,7,29,27,32,32,25,43,2,4,-20,5,16,53,17,17,22,16,15,9,-20,14,9,18,5,12,7,7,28,8,6,35,40,15,14,23,16,11,8,13,7,17,14,9,13,11,6,11,6,13,3,6,10,10,-20,8,16,8,9,18,7,9,-20,17,10,7,6,29,11,4,17,10,-20,6,9,10,9,11,5,14,18,5,5,11,4,9,8,-20,3,7,4,15,51,10,11,8,6,4,16,3,16,8,-20,13,12,-20,-20,7,-20,11,7,-20,4,14,8,11,8,8,12,16,18,10,7,11,19,8,75,14,10,8,8,-20,10,10,4,-20,7,13,10,7,-20,10,17,11,52,23,14,16,12,10,30,21,4,7,2,9,14,5,5,13,7,7,25,10,4,20,15,13,19,6,12,9,38,25,6,9,3,8,4,13,10,3,-20,9,-20,12,17,10,10,20,20,8,6,2,6,8,9,9,40,15,16,-20,4,3,4,28,4,13,35,32,39,38,9,39,28,12,7,36,33,5,7,20,-20,8,14,13,9,-20,16,8,11,14,14,6,7,24,12,10,10,15,-20,14,12,11,19,11,10,5,4,-20,9,11,36,-20,12,14,-20,-20,10,11,38,14,21,7,9,11,23,13,3,9,9,6,19,15,28,41,32,14,15,25,-20,20,6,30,16,16,17,6,20,8,14,8,-20,17,11,9,20,16,20,-20,5,36,-20,14,-20,18,19,14,14,24,17,27,14,11,18,17,18,3,52,12,30,56,45,11,7,30,13,34,-20,9,16,13,-20,12,40,16,12,-20,10,16,31,-20,-20,10,9,17,46,17,12,26,27,24,21,-20,-20,15,10,44,11,18,12,6,12,10,35,11,6,14,18,16,18,23,15,15,22,9,8,13,15,13,14,14,21,12,23,20,5,8,22,7,15,11,15,17,8,8,13,6,22,12,21,10,19,11,9,17,15,22,15,17,14,8,18,11,13,12,17,15,10,8,12,5,5,19,6,17,14,23,13,15,11,20,9,16,18,12,9,11,7,12,9,22,12,24,27,7,13,16,8,9,15,16,6,15,3,11,5,6,11,5,8,6,12,18,9,12,6,9,17,13,19,7,7,6,8,7,9,7,5,9,16,25,11,4,11,10,15,13,6,3,10,12,13,5,-20,8,-20,9,12,6,4,8,8,7,13,13,7,10,15,6,13,8,7,17,46,8,20,10,13,8,14,11,11,17,17,-20,12,-20,-20,8,12,12,19,8,8,13,9,9,10,9,20,6,22,8,12,10,16,7,11,3,9,10,6,15,13,5,14,9,17,19,15,12,11,10,28,15,14,19,8,17,8,7,8,8,8,16,8,6,9,6,3,21,12,13,-20,8,-20,15,-20,43,8,13,18,11,10,15,15,11,21,22,24,17,11,7,17,19,22,12,13,17,21,18,14,8,18,4,19,12,24,19,18,18,28,15,16,16,10,14,15,10,10,8,7,14,25,-20,14,12,5,29,9,15,39,14,10,8,21,15,24,27,15,10,25,16,12,22,17,28,19,23,21,34,11,12,12,13,15,39,14,14,12,14,27,8,8,13,10,-20,10,11,10,11,8,10,13,18,8,25,22,24,20,17,16,16,29,29,10,13,12,12,8,19,19,29,23,54,18,9,26,14,20,17,22,24,28,-20,13,15,12,11,6,8,21,5,19,16,24,8,9,17,10,7,6,9,7,9,9,8,22,15,21,10,5,5,6,16,12,-20,-20,-20,5,4,4,-20,3,6,2,8,3,12,-20,-20,-20,-20,-20,5,4,-20,-20,-20,-20,-20,-20,-20,-20,-20,-20,7,3,-20,15,-20,-20,-20,-20,4,5,-20,6,3,-20,-20,12,8,-20,4,7,-20,-20,-20,-20,6,15,10,-20,-20,-20,10,-20,21,14,22,-20,-20,20,21,18,24,22,-20,39,95,186,75,42,33,57,37,58
"chr2,2063908",10,4,6,21,4,5,14,16,18,18,-20,12,15,16,-20,6,34,3,59,48,34,-20,41,22,37,16,21,21,20,5,-20,4,8,14,44,30,20,24,15,17,18,27,-20,10,5,53,10,-20,10,14,13,31,32,12,17,4,62,17,22,18,25,24,24,23,18,13,25,39,30,14,20,23,22,22,13,45,7,13,14,21,12,10,15,15,20,26,19,33,45,10,4,7,22,15,13,16,15,40,8,33,18,30,-20,9,21,33,10,14,19,8,18,-20,35,21,16,11,51,24,7,9,12,8,8,6,32,4,4,41,13,7,16,13,5,7,24,27,37,11,-20,15,3,9,12,13,21,5,7,25,-20,5,16,7,19,23,17,3,17,19,46,9,-20,11,-20,9,4,16,5,-20,7,16,45,73,27,44,7,26,13,39,3,46,11,-20,11,-20,22,-20,-20,29,13,6,23,17,-20,6,7,20,23,9,32,8,9,11,14,12,-20,17,21,23,5,12,38,-20,49,22,6,15,39,7,-20,13,7,3,18,24,7,14,7,4,-20,-20,24,15,53,26,-20,3,12,13,8,-20,19,-20,-20,-20,18,21,-20,-20,-20,9,-20,30,10,-20,7,8,10,4,11,7,14,8,-20,3,12,10,21,12,27,9,13,23,17,8,17,5,48,41,20,32,12,9,-20,23,4,20,10,9,-20,15,8,-20,-20,7,-20,-20,33,-20,10,15,16,-20,13,6,5,25,27,6,29,29,33,31,24,43,2,4,-20,-20,14,50,17,16,21,16,15,8,-20,14,-20,16,5,15,-20,7,26,8,7,37,39,13,14,23,16,9,9,14,8,17,12,10,13,10,6,11,6,13,3,5,5,10,-20,-20,14,8,8,16,7,9,-20,17,10,6,6,27,12,3,20,10,-20,6,9,9,7,11,3,14,17,5,5,11,-20,10,7,3,3,7,4,13,52,10,11,7,6,-20,13,-20,17,8,2,13,11,-20,-20,8,-20,10,6,-20,5,14,8,12,8,9,11,16,9,11,7,12,17,7,73,15,9,8,9,-20,10,9,4,9,7,12,9,7,-20,10,18,12,56,23,13,15,11,9,29,21,-20,8,2,7,12,5,-20,13,7,7,25,9,4,22,15,12,18,6,12,8,38,24,4,8,3,9,3,13,9,3,-20,6,9,13,14,6,10,16,20,7,6,2,6,8,-20,7,40,14,13,-20,3,3,4,27,4,14,35,32,36,37,9,38,28,11,6,35,35,5,7,21,-20,5,16,12,8,-20,14,8,11,15,13,5,5,22,9,11,11,15,-20,12,13,14,20,12,13,5,4,5,10,10,38,-20,12,13,-20,-20,10,11,36,13,20,6,9,10,22,11,3,9,8,3,18,15,28,43,33,13,14,23,-20,16,6,27,16,16,17,5,20,8,13,8,-20,16,11,8,18,15,18,-20,5,35,-20,13,-20,18,21,10,13,21,15,25,14,12,17,18,18,4,50,10,30,58,44,10,-20,32,12,29,-20,8,16,13,-20,11,41,12,12,-20,9,17,28,-20,-20,10,8,18,47,15,11,23,26,23,22,-20,-20,18,11,45,4,17,12,-20,12,-20,38,10,5,12,18,14,15,24,-20,14,19,9,7,11,15,13,12,14,21,12,24,20,5,8,21,8,17,13,12,16,8,8,13,4,23,14,18,9,20,10,7,17,16,22,12,16,15,7,18,10,12,11,17,11,9,8,12,4,6,19,6,17,15,22,12,13,10,16,10,16,15,13,10,12,5,14,9,21,11,24,27,7,13,15,8,8,14,16,6,16,-20,14,5,5,11,5,8,5,11,17,8,12,6,-20,16,11,19,7,7,6,9,6,9,8,5,8,15,22,9,4,11,10,15,11,6,4,10,11,-20,5,-20,8,6,10,13,5,4,7,7,8,13,13,5,10,13,7,13,11,9,17,39,10,20,11,10,8,13,10,11,16,16,-20,9,-20,-20,8,12,10,19,8,-20,14,9,7,10,9,19,6,19,8,12,8,16,7,10,3,10,9,5,17,13,5,15,7,14,17,15,13,10,10,26,15,13,16,9,17,7,9,8,8,8,16,8,5,8,6,4,20,11,13,-20,8,-20,13,-20,42,7,14,18,10,10,18,16,9,20,23,22,18,11,7,16,19,21,11,12,16,21,18,14,6,18,4,19,11,22,17,18,16,25,14,16,15,9,14,14,9,11,7,8,14,25,-20,12,12,5,29,10,-20,38,14,11,8,21,12,26,25,14,10,22,16,12,21,17,25,17,25,21,35,13,12,12,14,11,41,15,12,11,14,25,9,8,14,11,-20,11,10,-20,11,7,11,13,18,8,24,19,23,19,16,16,14,27,28,11,13,12,12,7,17,18,29,19,55,20,8,28,15,18,16,22,24,29,8,13,14,11,11,6,7,20,6,19,16,23,8,10,17,10,7,6,10,6,9,9,8,23,14,21,11,6,4,6,15,12,-20,-20,-20,3,5,5,-20,3,7,3,5,3,12,-20,-20,-20,-20,-20,4,-20,3,-20,-20,-20,-20,-20,-20,10,-20,-20,8,4,-20,13,3,-20,-20,4,4,6,-20,6,4,-20,-20,13,7,-20,3,7,-20,-20,-20,-20,6,12,10,-20,-20,-20,10,-20,20,15,22,-20,5,21,22,17,23,20,-20,39,95,186,68,40,33,54,39,56
"chr2,2063910",10,4,6,22,4,5,14,16,18,18,-20,10,15,16,-20,6,35,3,59,50,37,-20,40,23,38,17,24,22,18,5,-20,4,7,15,43,31,19,25,15,17,18,27,-20,10,5,56,10,35,9,14,14,30,31,12,16,4,61,17,19,17,28,23,24,25,18,13,28,42,30,12,20,25,22,24,13,47,8,13,14,21,12,11,13,17,20,27,19,33,44,10,4,8,23,14,14,15,15,39,8,33,18,28,-20,9,20,32,9,13,19,8,18,8,35,22,16,11,50,24,7,10,12,7,7,6,32,4,-20,41,13,7,15,12,5,7,26,27,36,11,-20,16,3,9,12,13,20,5,7,26,-20,5,16,6,19,25,17,3,17,19,42,9,-20,11,-20,9,4,16,5,-20,7,16,46,75,27,35,7,21,13,37,3,47,12,-20,12,-20,22,-20,-20,33,12,5,24,16,-20,6,6,19,22,9,33,8,7,11,13,10,-20,17,21,22,5,12,36,17,50,24,5,15,37,9,-20,12,7,3,17,22,-20,17,7,4,13,18,23,14,52,25,-20,2,13,10,7,-20,18,-20,-20,-20,18,20,-20,-20,-20,8,-20,29,-20,-20,6,7,8,3,11,7,12,8,-20,4,13,12,22,11,24,8,14,23,18,8,-20,6,46,41,20,32,12,9,-20,22,4,20,10,9,-20,14,8,-20,-20,7,-20,-20,33,-20,10,16,17,-20,13,6,6,24,27,6,30,28,35,29,24,44,2,4,-20,-20,14,50,17,15,20,15,15,7,-20,13,8,15,6,14,7,7,26,8,7,36,37,14,14,23,17,9,9,13,9,17,11,10,13,10,5,11,5,15,3,5,5,10,8,7,14,9,8,16,6,10,-20,17,8,6,6,26,12,4,19,10,-20,6,9,7,7,10,-20,14,16,5,5,11,-20,11,8,3,-20,6,4,13,53,10,12,7,6,-20,13,-20,16,7,2,13,12,-20,-20,8,-20,10,6,-20,6,14,7,10,8,8,11,16,8,10,6,12,15,8,75,17,9,8,9,-20,10,9,5,8,7,13,10,7,-20,10,18,12,58,22,14,15,10,9,29,21,-20,8,3,6,13,5,-20,13,7,7,26,10,4,22,13,13,18,5,12,8,40,22,4,9,4,9,3,12,9,3,-20,7,9,13,11,7,9,16,21,7,6,2,6,8,9,8,39,13,13,-20,-20,3,4,28,4,14,36,30,36,37,-20,41,28,11,6,31,36,5,-20,23,-20,5,15,13,7,-20,15,8,10,16,13,6,5,21,9,11,11,15,-20,12,12,16,21,11,13,5,4,-20,10,9,39,-20,12,13,-20,-20,9,11,36,14,21,6,-20,10,21,12,4,11,8,3,17,14,28,41,30,10,12,23,-20,15,6,29,16,16,19,5,20,9,13,8,-20,16,11,7,18,15,16,-20,5,35,-20,13,-20,18,21,11,13,20,14,25,14,12,18,18,18,4,52,9,31,56,44,10,-20,31,12,28,-20,8,16,13,-20,11,41,10,9,-20,9,17,29,-20,-20,9,9,20,49,14,11,24,24,23,22,-20,-20,18,10,44,-20,12,12,-20,12,-20,38,10,5,12,18,14,15,24,-20,15,19,10,7,11,16,13,12,14,22,12,24,23,5,8,22,8,17,14,12,15,7,10,14,4,22,14,20,9,20,10,7,17,16,24,13,16,15,8,19,11,12,11,17,12,11,8,12,4,6,19,6,17,14,23,12,13,11,16,10,16,15,14,10,13,5,13,9,22,11,24,27,7,13,15,8,8,13,16,6,16,-20,14,5,6,11,-20,8,5,11,16,8,13,6,10,16,12,19,7,7,7,9,6,9,8,5,8,15,22,9,4,12,10,15,12,6,4,10,11,9,-20,-20,8,6,10,13,5,4,6,7,8,13,13,5,11,12,7,13,10,9,17,37,10,19,11,9,8,13,10,11,15,16,-20,9,-20,-20,8,12,10,19,8,9,14,9,7,11,9,19,6,18,8,12,9,18,7,10,3,10,9,5,17,14,6,15,7,14,17,15,13,10,11,26,15,14,17,9,20,7,9,8,8,8,16,9,5,9,6,4,20,11,13,-20,8,-20,14,-20,40,7,14,18,10,11,18,16,9,20,21,22,18,11,8,16,19,21,11,12,15,21,18,14,6,18,5,19,12,22,17,19,16,25,14,16,15,10,14,14,-20,11,7,8,14,26,-20,12,12,5,31,10,-20,39,14,11,8,21,12,25,25,14,10,23,16,11,22,18,24,17,25,21,35,13,12,12,14,8,41,15,12,11,15,24,9,-20,14,11,-20,11,9,-20,11,7,11,13,18,9,23,19,23,19,17,16,15,26,28,11,13,12,11,7,16,18,29,19,57,21,8,29,14,19,16,23,25,30,9,13,14,11,11,6,7,20,7,21,16,23,8,10,17,10,7,6,10,6,9,9,8,23,15,21,11,7,4,6,16,11,-20,-20,-20,3,5,5,-20,4,8,-20,6,3,12,-20,3,-20,-20,-20,4,-20,-20,-20,-20,-20,-20,-20,-20,-20,-20,-20,8,4,-20,11,3,-20,-20,5,4,6,3,7,-20,-20,-20,12,7,-20,-20,8,-20,-20,-20,2,6,12,9,-20,3,-20,12,-20,20,15,22,-20,5,21,22,-20,20,20,-20,39,100,195,71,40,33,55,41,54
"chr2,2063912",10,4,6,22,4,4,14,16,17,17,-20,10,15,16,-20,-20,35,3,60,51,38,-20,42,23,33,17,26,19,18,5,-20,4,6,15,43,33,20,24,14,17,16,25,-20,10,4,56,10,30,8,14,14,33,30,12,-20,5,64,16,21,17,29,22,24,25,18,13,28,41,29,12,19,24,22,24,13,47,9,12,14,20,12,11,13,17,19,28,21,33,45,9,4,8,21,11,12,16,15,42,9,32,19,28,-20,8,18,31,9,13,17,8,18,6,35,21,15,11,49,24,-20,12,12,8,8,6,31,-20,-20,-20,14,7,15,13,5,7,25,25,33,11,-20,16,3,9,12,13,20,5,7,27,9,-20,16,6,22,25,-20,3,17,19,40,10,-20,11,-20,8,4,16,5,-20,7,16,46,75,20,35,7,19,13,37,3,45,11,-20,12,-20,23,-20,-20,30,10,4,25,17,-20,5,4,19,24,8,33,-20,7,11,11,8,-20,20,20,22,5,12,43,17,51,25,3,14,39,13,-20,12,8,3,17,22,-20,15,8,-20,14,15,22,-20,53,27,-20,3,13,8,6,-20,18,-20,-20,-20,18,-20,-20,-20,-20,5,-20,31,10,2,5,9,7,3,11,7,12,8,-20,3,14,11,22,11,22,9,13,21,13,6,13,6,46,46,21,29,13,9,-20,21,4,20,11,9,3,14,8,-20,-20,7,-20,-20,32,-20,10,16,15,-20,13,6,5,25,27,6,30,29,39,29,24,45,2,4,-20,-20,17,51,17,15,19,14,15,5,-20,13,8,15,6,12,7,7,25,8,7,36,35,12,16,20,17,7,9,13,9,17,10,8,13,9,5,11,6,16,3,4,5,12,7,6,12,11,8,18,6,10,-20,17,8,7,6,26,12,4,18,11,-20,6,10,7,7,10,-20,12,18,4,6,11,2,12,8,-20,3,6,4,14,51,9,12,6,6,-20,13,-20,14,7,2,13,11,-20,-20,8,-20,8,7,-20,6,14,7,10,9,8,9,16,9,10,6,12,15,8,75,17,7,6,9,-20,10,8,4,8,-20,14,10,7,-20,10,18,12,56,16,14,13,10,8,29,20,2,8,3,5,13,6,-20,12,7,7,26,8,4,22,13,12,18,4,12,8,40,21,3,5,-20,8,3,12,-20,-20,-20,8,9,13,7,4,8,16,21,7,6,-20,6,8,-20,8,37,12,13,-20,-20,3,4,26,4,13,36,33,35,36,9,40,26,11,6,30,36,5,7,26,-20,4,15,8,7,-20,15,7,11,16,11,6,5,25,10,10,11,14,-20,10,-20,16,21,11,11,5,4,6,10,9,40,-20,10,-20,-20,-20,9,11,37,15,20,6,8,10,22,12,4,11,-20,-20,17,15,28,39,30,9,11,22,-20,14,6,28,16,15,19,5,20,9,13,8,-20,16,11,-20,18,14,15,-20,5,34,-20,12,-20,18,21,13,13,21,13,23,14,13,14,18,19,4,46,9,33,59,46,8,-20,32,10,26,-20,5,16,13,-20,9,40,10,12,-20,9,20,26,-20,-20,9,10,21,48,14,11,21,23,21,22,-20,-20,17,12,42,-20,12,12,-20,12,10,37,11,5,12,17,16,15,23,-20,15,19,10,7,11,16,13,12,14,21,12,24,22,5,8,22,8,17,14,12,15,7,13,15,-20,23,13,21,9,19,11,7,17,16,23,13,16,15,8,19,11,12,11,17,12,12,8,12,4,6,19,6,15,14,23,12,13,12,14,10,13,15,13,11,12,5,13,9,22,11,22,27,7,15,15,7,7,14,17,6,16,-20,12,4,6,11,-20,-20,5,10,16,7,12,6,10,15,12,19,7,6,7,8,6,9,8,5,8,14,22,9,4,12,10,15,11,6,4,9,11,8,-20,3,8,-20,10,13,5,3,5,7,8,13,13,4,11,11,7,13,11,9,17,38,10,17,11,8,8,12,10,11,16,16,-20,8,-20,-20,8,11,10,18,8,10,14,9,7,11,9,19,6,18,8,12,8,17,6,9,3,10,9,6,17,15,5,15,7,14,17,13,12,10,11,26,14,14,17,9,21,7,9,9,8,8,14,9,6,9,7,4,20,11,12,-20,8,-20,14,4,37,7,14,18,11,12,18,15,9,19,20,22,18,10,8,16,19,22,11,12,15,21,18,14,5,18,4,19,12,21,18,19,16,25,15,16,15,10,14,14,9,12,7,9,15,24,-20,11,12,4,30,10,-20,38,13,11,8,21,13,25,25,13,10,23,16,12,22,19,21,16,25,21,34,14,12,12,14,8,40,16,11,10,15,27,9,9,14,12,-20,11,9,-20,11,7,10,13,18,8,23,19,23,19,17,17,15,26,28,11,15,12,11,7,15,18,28,19,57,22,8,31,14,19,15,23,25,30,9,13,14,11,11,6,7,20,-20,22,16,23,8,11,17,10,7,6,11,6,9,9,8,21,15,21,9,9,3,5,17,11,-20,-20,-20,-20,5,5,-20,3,7,3,6,-20,11,-20,-20,-20,-20,-20,4,-20,-20,-20,-20,-20,-20,-20,-20,10,-20,-20,8,5,-20,12,3,-20,-20,-20,4,7,-20,7,-20,-20,-20,14,6,-20,4,7,-20,-20,-20,-20,6,12,11,-20,3,-20,12,3,23,15,22,-20,5,20,23,19,20,21,-20,39,100,180,72,40,34,54,41,55
"chr2,2063915",11,4,6,22,4,4,14,16,20,18,-20,10,15,15,-20,-20,34,3,58,48,37,-20,40,23,35,16,26,19,19,5,-20,4,6,15,41,33,17,25,14,16,17,28,-20,10,4,57,11,29,7,12,15,32,30,11,-20,5,65,16,20,17,29,24,24,25,18,10,27,39,30,11,19,25,22,23,12,47,9,12,14,20,10,11,13,17,19,28,20,32,46,8,4,8,20,11,12,16,15,41,10,31,19,28,-20,8,18,31,9,12,16,8,17,6,35,20,15,11,49,25,7,15,12,-20,8,6,30,-20,-20,34,-20,-20,14,14,-20,7,25,25,30,11,-20,16,3,11,12,12,20,5,7,29,9,-20,16,6,22,32,15,3,15,17,39,10,-20,12,-20,8,4,16,5,-20,-20,16,46,76,23,33,6,18,12,37,3,45,12,-20,11,-20,27,-20,-20,30,10,-20,27,17,-20,5,4,19,24,7,34,-20,7,-20,11,8,-20,21,17,19,5,-20,43,17,50,25,3,-20,39,14,-20,10,7,-20,17,20,10,14,8,3,10,15,22,14,54,27,-20,3,15,8,6,-20,17,-20,-20,-20,19,18,-20,-20,-20,5,-20,29,10,2,5,6,6,3,10,7,11,8,-20,3,14,-20,21,9,21,9,13,23,15,-20,12,5,42,54,21,27,11,9,-20,20,4,20,11,9,3,18,7,-20,-20,6,-20,-20,34,-20,9,16,-20,-20,14,6,5,26,27,6,30,27,39,25,24,-20,-20,5,-20,-20,18,48,17,14,21,15,12,-20,-20,13,7,14,6,14,7,7,25,8,7,35,38,12,16,21,16,7,9,13,9,16,10,9,12,9,5,11,6,17,3,4,-20,12,7,6,-20,12,8,18,6,12,-20,18,8,7,7,26,12,4,19,11,-20,5,-20,8,7,11,-20,11,17,-20,6,10,2,12,9,-20,-20,5,6,14,48,9,12,6,6,-20,12,-20,18,7,2,14,10,-20,-20,8,-20,8,7,-20,7,14,7,8,8,8,9,16,12,11,6,12,16,8,-20,17,7,-20,8,-20,10,8,4,9,7,13,9,7,-20,10,17,12,57,15,14,12,9,8,28,20,2,8,4,-20,13,6,-20,13,7,7,24,7,4,20,13,12,18,3,12,8,42,19,-20,5,3,7,3,12,8,-20,-20,7,9,14,7,-20,8,16,22,7,6,-20,6,8,-20,8,38,13,13,-20,-20,3,4,28,5,16,35,33,34,34,-20,40,25,10,6,29,36,-20,7,24,3,3,15,8,8,-20,14,7,10,15,11,-20,5,25,11,10,13,15,-20,10,12,16,22,10,13,-20,4,6,9,8,40,-20,9,11,-20,-20,9,11,36,15,20,6,-20,10,19,11,4,11,7,-20,18,15,29,38,30,9,11,23,-20,12,6,29,16,15,19,-20,21,10,13,7,-20,16,10,-20,17,13,14,-20,5,32,-20,11,-20,18,20,13,13,22,13,24,14,13,15,17,19,4,44,9,32,57,45,-20,-20,30,10,-20,-20,5,-20,12,-20,7,39,10,14,-20,8,20,25,-20,-20,8,10,18,47,14,9,21,22,22,21,-20,-20,17,11,41,-20,9,12,-20,10,10,41,11,5,11,19,16,15,24,-20,15,18,11,7,11,16,13,12,15,21,11,22,23,5,8,24,8,16,14,14,16,7,13,15,-20,23,13,20,9,19,12,6,16,16,24,14,16,15,8,18,11,12,12,16,12,12,8,12,5,6,19,6,15,14,23,12,12,12,14,10,13,15,14,10,12,5,13,9,22,11,22,27,6,15,14,8,7,13,17,6,16,-20,12,-20,6,11,-20,8,4,-20,16,-20,11,6,-20,16,12,19,7,6,7,8,6,9,-20,5,8,14,24,11,4,12,10,-20,12,6,5,8,10,8,-20,3,8,-20,-20,13,4,3,5,7,8,13,13,4,10,11,7,13,11,10,18,42,10,17,11,9,8,10,9,12,16,16,-20,8,-20,-20,-20,11,10,18,8,10,15,9,7,11,9,19,6,18,8,15,8,18,5,9,3,9,9,6,17,15,5,15,7,14,17,13,12,10,11,27,14,14,20,10,22,-20,10,8,7,8,15,10,6,11,-20,-20,20,11,12,3,8,-20,14,3,34,7,14,18,10,12,18,14,10,20,21,23,18,11,8,15,18,23,11,12,14,20,17,15,5,18,5,21,13,20,18,19,15,26,15,15,15,10,14,14,10,12,7,10,15,23,-20,12,13,4,30,10,13,40,11,10,8,21,12,25,24,13,10,23,15,12,21,18,21,16,24,21,34,13,12,12,14,8,39,16,11,10,15,28,9,9,13,11,3,11,9,-20,11,7,10,14,18,8,21,19,23,19,17,17,15,27,28,12,15,11,11,7,13,18,27,18,60,21,8,31,14,19,15,23,26,30,9,-20,12,9,11,6,7,19,-20,24,15,23,8,11,17,10,7,6,10,6,9,-20,8,21,15,20,9,9,-20,-20,16,10,-20,-20,-20,-20,5,4,-20,3,-20,-20,5,-20,10,-20,3,-20,-20,3,4,-20,-20,-20,-20,-20,-20,-20,-20,-20,-20,-20,-20,3,-20,14,3,-20,-20,5,4,6,-20,-20,-20,-20,-20,15,6,-20,-20,-20,-20,-20,-20,-20,5,14,9,-20,-20,-20,12,3,23,15,21,-20,5,21,23,19,19,21,-20,36,98,180,68,39,37,56,44,58
"chr2,2063918",11,4,6,22,4,4,12,16,19,18,-20,10,16,14,-20,-20,36,3,61,55,39,-20,44,25,38,17,27,19,20,5,-20,4,6,16,45,35,19,24,15,16,17,30,-20,10,-20,58,10,24,7,14,14,33,31,11,13,6,67,16,19,17,29,26,25,25,22,10,30,41,31,13,19,24,23,24,12,48,10,13,14,21,10,11,12,18,18,30,22,37,52,8,4,8,20,11,18,18,14,42,10,33,21,29,-20,9,19,34,8,13,15,8,17,6,35,21,15,11,52,25,7,14,12,8,8,6,32,-20,-20,37,12,-20,13,14,-20,-20,24,27,31,11,-20,15,3,11,12,10,20,5,6,29,9,5,15,6,22,32,13,4,18,17,38,11,-20,13,-20,8,4,16,-20,-20,8,15,46,78,22,33,6,19,12,37,4,51,10,-20,11,-20,27,-20,-20,31,9,4,28,17,-20,4,-20,17,24,8,36,10,7,-20,11,8,-20,20,16,18,5,10,43,18,48,25,3,14,46,15,-20,11,9,-20,16,20,10,15,9,5,11,14,-20,-20,57,31,-20,3,15,7,6,-20,17,-20,-20,-20,19,17,-20,-20,-20,4,-20,30,10,2,5,7,10,3,10,7,11,9,-20,3,14,14,23,8,22,9,13,25,16,-20,12,5,41,56,21,25,12,9,-20,16,4,19,13,9,2,19,7,-20,-20,7,-20,-20,35,-20,9,16,-20,-20,13,5,5,26,28,6,32,30,43,25,26,46,-20,5,-20,-20,19,53,17,14,20,16,12,6,-20,13,7,14,6,12,7,8,26,9,7,35,39,12,16,21,16,7,10,15,8,17,12,10,11,10,5,10,7,15,4,4,-20,11,8,7,12,12,8,20,6,12,-20,17,10,7,6,23,12,4,19,11,-20,5,9,8,5,11,-20,9,18,-20,6,11,2,11,9,5,-20,5,6,14,48,9,12,5,-20,5,14,-20,20,7,2,14,13,-20,-20,6,-20,-20,6,-20,7,14,8,11,8,8,9,16,12,11,7,12,19,8,78,17,8,5,8,-20,9,9,5,8,-20,14,10,7,-20,11,18,12,58,14,14,13,9,8,29,22,2,8,4,4,12,8,-20,13,7,7,24,8,4,20,14,12,19,3,12,9,41,20,-20,-20,5,7,4,13,9,-20,-20,9,9,14,7,-20,9,14,22,7,6,-20,6,8,10,7,41,13,14,-20,-20,3,4,30,5,16,38,37,35,36,8,40,27,11,6,29,36,-20,6,26,3,4,14,8,9,-20,14,8,11,14,12,7,-20,26,11,11,14,15,-20,10,10,16,24,9,13,5,4,6,11,6,40,-20,9,12,-20,-20,9,14,35,15,21,6,8,10,18,9,5,12,8,-20,20,18,28,39,31,9,13,23,-20,14,5,29,16,15,21,-20,21,9,13,6,-20,14,9,-20,-20,11,13,-20,5,29,-20,9,-20,17,24,12,13,20,13,24,14,13,16,17,18,4,48,9,32,57,47,-20,-20,30,10,-20,-20,5,15,13,-20,7,39,11,15,-20,10,18,19,-20,-20,9,10,18,47,15,8,25,21,22,22,-20,-20,17,13,46,3,9,13,-20,10,10,41,11,7,9,18,15,16,25,-20,14,17,11,7,11,17,11,12,15,23,10,21,24,5,8,23,8,16,13,15,17,7,15,14,-20,25,18,24,9,20,13,6,16,17,24,15,15,14,8,20,10,11,12,15,12,11,8,13,5,6,17,4,15,14,23,12,12,11,13,11,15,16,13,12,15,5,13,8,22,11,24,27,5,15,15,10,8,12,17,6,16,-20,11,5,6,11,-20,8,3,7,14,-20,11,6,10,16,12,19,7,6,6,9,5,11,-20,6,8,14,23,10,5,12,10,16,12,7,5,7,11,9,4,3,8,7,9,13,5,3,6,7,9,14,12,4,10,12,6,11,11,10,18,40,15,16,9,9,7,11,7,11,15,17,-20,8,-20,-20,8,11,10,18,6,10,13,9,7,11,10,19,6,17,9,14,8,18,5,9,3,9,9,6,14,14,5,15,7,14,17,12,12,11,11,23,11,14,19,10,21,-20,10,8,7,8,14,10,6,11,8,-20,20,12,12,2,8,-20,14,3,33,7,14,18,10,12,17,15,10,19,22,22,17,-20,9,15,18,23,11,13,14,22,19,15,-20,18,5,20,12,23,17,20,15,26,15,15,14,10,13,14,10,11,7,10,15,25,-20,11,13,4,31,10,13,39,11,9,8,18,13,25,25,13,13,23,15,12,21,18,22,17,23,22,34,13,15,12,14,9,38,17,11,11,15,28,9,8,14,13,4,11,8,-20,11,8,11,15,17,9,20,20,23,19,16,17,16,25,28,12,15,12,11,5,14,17,27,19,60,23,9,34,17,17,15,23,28,30,9,13,13,9,11,6,8,15,8,24,15,22,9,11,-20,9,7,7,11,6,9,9,9,21,15,20,9,8,-20,8,18,13,3,4,2,-20,7,8,-20,3,5,-20,7,-20,12,-20,3,-20,-20,3,8,-20,-20,-20,-20,-20,-20,-20,-20,10,-20,-20,8,4,-20,13,4,-20,-20,5,4,7,-20,-20,-20,-20,-20,15,6,-20,-20,8,-20,-20,-20,-20,6,13,9,-20,-20,-20,12,3,22,14,20,-20,5,24,25,19,17,23,-20,39,98,161,70,38,37,59,44,62
"chr2,2063919",11,3,6,22,4,4,12,16,20,18,-20,10,16,13,-20,-20,35,3,60,57,41,-20,44,25,39,19,26,19,20,5,-20,4,6,16,45,36,20,24,15,16,17,28,-20,10,-20,59,10,25,7,14,16,34,32,11,13,6,67,17,19,17,28,26,25,25,23,10,31,41,31,13,17,24,23,24,12,48,10,13,14,21,10,11,12,18,18,31,22,37,52,8,4,8,20,11,18,18,15,42,10,33,22,30,-20,9,18,34,8,13,14,8,17,5,36,22,15,10,52,24,7,15,12,8,8,6,32,-20,-20,37,11,-20,14,14,-20,-20,24,27,34,11,-20,16,3,11,12,10,21,5,6,29,9,5,15,6,23,32,13,4,17,17,37,11,-20,13,-20,7,4,16,-20,-20,8,15,44,79,22,32,6,18,12,37,4,50,10,-20,13,-20,26,-20,-20,27,9,4,28,18,-20,4,-20,17,24,8,35,10,7,-20,11,8,-20,20,16,18,5,10,43,19,48,24,-20,14,46,15,-20,10,11,-20,16,19,9,14,7,5,-20,14,-20,16,57,30,-20,3,15,7,6,-20,17,-20,-20,-20,18,16,-20,-20,-20,-20,-20,29,10,2,6,7,10,3,10,7,12,-20,-20,4,14,14,23,8,22,8,13,24,15,-20,9,5,38,55,22,24,12,9,-20,17,4,19,13,9,2,19,6,-20,-20,7,-20,-20,36,-20,9,17,14,-20,13,5,5,26,28,6,33,31,43,24,25,46,-20,5,-20,-20,19,53,17,14,21,17,12,6,-20,13,7,14,6,13,7,8,26,9,7,33,41,11,16,20,-20,7,10,15,8,17,12,10,11,10,5,11,7,16,4,4,5,11,8,7,12,12,-20,18,6,12,-20,16,10,7,6,22,11,4,19,11,-20,5,9,8,5,11,-20,9,18,-20,6,10,2,11,9,5,-20,-20,6,13,45,9,12,5,-20,5,15,4,20,7,-20,14,12,-20,-20,6,-20,-20,7,-20,7,14,9,10,8,-20,9,16,12,11,7,12,20,8,76,17,9,5,9,-20,9,9,5,8,7,14,10,7,-20,11,18,12,58,13,14,13,9,8,29,22,2,8,4,4,12,8,-20,14,7,8,24,8,4,21,14,12,20,3,12,9,40,20,-20,-20,6,7,4,13,9,-20,-20,10,9,15,7,3,9,14,22,6,7,-20,6,8,10,7,41,13,14,-20,-20,3,3,30,5,15,38,37,35,36,8,41,27,11,7,30,35,-20,6,26,3,4,13,8,-20,-20,13,8,11,13,12,7,-20,26,11,10,15,13,-20,10,-20,17,24,9,13,5,4,6,11,-20,41,-20,9,12,-20,-20,9,14,33,15,21,5,8,10,17,8,5,12,8,-20,20,19,28,39,31,9,12,24,-20,14,5,28,14,14,20,-20,19,9,12,6,-20,11,9,-20,-20,10,13,-20,5,27,-20,9,-20,17,25,11,13,20,13,24,14,13,16,17,18,4,48,9,32,59,45,-20,-20,30,10,21,-20,-20,13,13,-20,6,39,11,15,-20,10,17,19,-20,-20,9,10,17,47,15,8,24,21,22,23,-20,-20,17,14,52,-20,9,15,-20,10,10,41,11,7,9,18,14,14,24,-20,14,17,11,7,10,17,10,11,15,23,10,21,24,5,8,23,9,16,14,14,17,7,14,14,-20,25,17,23,9,20,13,6,16,17,24,15,13,14,8,20,10,11,12,16,12,11,7,13,5,6,17,4,14,13,23,12,12,11,12,11,15,16,12,13,14,6,13,8,22,11,24,26,5,14,15,10,8,12,17,6,17,-20,11,5,6,11,-20,8,3,7,14,-20,11,6,10,16,12,19,7,6,6,9,5,11,-20,6,8,14,23,10,5,12,10,17,12,7,5,7,11,9,4,3,8,7,9,13,5,3,6,7,9,14,12,4,11,12,7,11,11,10,17,40,15,16,9,9,7,11,7,11,15,17,-20,8,-20,-20,7,11,10,17,6,10,13,9,7,10,9,19,6,17,9,14,8,18,5,9,3,9,9,6,14,14,5,15,7,14,17,12,12,11,11,23,11,14,19,10,21,-20,10,8,7,8,14,10,6,12,8,-20,20,12,11,-20,8,-20,14,3,33,7,14,18,11,12,17,15,10,19,22,21,17,-20,9,15,17,23,12,13,14,22,18,15,-20,18,5,20,12,24,16,20,14,26,15,15,14,10,13,14,10,12,7,10,14,25,-20,11,13,5,29,10,12,38,11,9,8,18,14,25,26,13,13,24,15,12,21,18,22,17,23,22,32,13,15,12,14,9,38,16,11,11,15,28,9,8,13,13,4,12,8,-20,11,8,11,15,17,9,20,20,23,19,15,16,16,23,28,12,15,13,11,5,14,19,28,20,60,24,9,33,16,17,16,23,28,30,9,13,13,9,11,6,8,15,7,24,14,22,9,11,-20,9,7,7,11,6,9,9,9,21,14,20,9,9,-20,-20,15,12,-20,5,3,-20,7,7,-20,3,5,-20,7,-20,13,-20,4,-20,-20,4,9,-20,-20,-20,-20,-20,-20,-20,-20,11,-20,-20,8,6,-20,14,-20,-20,-20,5,3,8,-20,-20,-20,-20,-20,14,5,3,-20,8,-20,-20,-20,-20,5,14,7,-20,-20,-20,12,3,21,14,19,-20,5,25,26,20,17,23,-20,39,97,175,72,38,38,59,43,65
"chr2,2063920",11,3,5,22,-20,3,9,15,17,15,-20,10,16,13,-20,-20,36,3,61,58,41,-20,43,24,39,19,25,20,20,5,-20,4,6,15,45,37,20,22,14,13,17,30,-20,10,-20,58,10,26,5,13,16,34,32,11,12,6,65,16,19,17,29,26,25,26,22,10,31,41,31,13,18,24,22,24,13,46,10,13,13,17,9,11,12,18,17,32,22,36,52,8,4,8,19,11,17,18,13,42,9,31,20,29,-20,9,17,34,8,13,14,7,15,5,35,23,13,10,51,23,7,15,12,8,8,6,32,-20,-20,37,9,-20,13,11,-20,-20,24,27,36,10,-20,15,3,11,11,5,21,5,5,28,8,3,-20,6,24,32,13,4,18,17,35,11,-20,12,-20,6,3,16,-20,-20,8,15,43,79,22,32,6,21,12,37,4,51,10,-20,13,-20,26,-20,-20,27,9,-20,28,16,-20,4,-20,17,25,8,35,-20,7,-20,11,8,-20,21,16,18,5,10,43,19,46,21,-20,14,46,15,-20,10,11,4,16,20,9,14,7,4,10,-20,-20,15,57,30,-20,3,13,6,6,-20,17,-20,-20,-20,18,16,-20,-20,-20,4,-20,30,10,2,6,7,9,3,10,7,11,9,-20,4,14,16,22,8,22,9,13,23,15,-20,9,5,37,54,21,24,12,9,-20,17,4,19,13,9,2,19,6,-20,-20,7,-20,-20,36,-20,9,16,-20,-20,13,5,5,26,28,6,31,31,42,24,25,46,-20,5,-20,-20,19,53,17,14,21,18,12,7,-20,13,7,14,6,-20,7,8,27,9,7,33,39,11,16,21,-20,7,10,15,8,16,12,11,12,10,5,12,7,17,4,5,-20,11,8,7,12,12,7,18,6,13,-20,16,10,7,6,22,10,4,19,11,-20,5,9,8,5,11,-20,9,17,-20,6,10,2,11,9,5,-20,5,6,13,45,9,12,5,-20,5,15,4,19,7,-20,14,12,-20,-20,6,-20,-20,8,-20,-20,14,9,10,9,-20,8,16,12,11,7,12,20,7,76,17,9,4,9,-20,7,9,5,8,7,14,10,6,-20,11,17,12,59,13,13,14,9,8,28,22,2,9,4,4,13,9,-20,13,7,8,24,7,4,21,14,12,21,3,12,8,39,20,-20,-20,6,6,4,12,-20,-20,-20,10,9,15,7,3,9,14,19,6,7,-20,5,8,10,7,41,12,13,-20,-20,3,3,28,6,16,37,35,35,36,7,41,25,8,7,30,33,-20,6,26,3,4,15,8,11,-20,13,8,10,13,12,7,-20,25,11,10,14,14,-20,11,10,17,24,9,13,5,4,6,10,6,42,-20,8,11,-20,-20,8,13,33,15,20,5,8,10,17,8,5,12,8,3,21,18,28,38,31,9,12,24,-20,13,5,28,14,14,19,-20,19,9,12,6,-20,11,8,-20,-20,8,8,-20,3,21,-20,8,-20,15,23,11,13,18,12,25,14,-20,14,17,18,4,43,9,32,58,47,-20,-20,30,10,-20,-20,5,13,14,-20,6,38,11,15,-20,10,16,19,-20,-20,9,11,17,45,16,8,25,19,23,24,-20,-20,20,14,53,3,9,15,-20,10,10,39,11,7,8,18,13,14,20,-20,14,16,10,6,10,16,9,11,15,21,10,18,23,3,8,23,8,16,14,14,15,7,14,12,-20,24,17,23,9,19,11,5,15,16,20,13,13,13,7,20,10,11,11,16,12,11,6,11,5,6,15,4,12,12,22,11,12,11,13,9,15,15,12,13,14,6,13,8,22,11,21,24,4,14,15,10,8,12,15,6,15,-20,11,4,6,10,-20,8,3,6,14,-20,11,5,10,15,12,17,7,6,6,8,5,11,-20,4,8,13,22,10,5,11,10,16,12,7,5,7,10,9,4,3,8,7,9,12,5,3,6,7,8,14,12,4,9,11,7,11,11,10,16,38,15,15,9,7,7,10,7,11,15,13,-20,7,-20,-20,7,9,10,17,5,10,13,9,7,10,9,19,6,15,9,14,8,18,5,7,3,9,8,6,12,13,5,15,6,14,13,10,11,10,11,19,10,13,19,9,19,-20,10,8,6,8,14,8,5,11,7,-20,19,12,9,-20,8,-20,14,3,33,7,13,17,12,9,16,14,9,18,21,21,17,-20,7,15,14,21,10,13,14,19,16,14,-20,18,5,20,12,23,15,20,14,25,14,14,14,9,11,13,10,12,6,10,14,23,-20,11,12,3,27,10,12,37,10,7,8,17,13,24,26,13,13,23,15,12,18,17,21,17,22,22,28,10,14,12,14,9,37,16,8,11,15,27,8,8,13,12,4,11,8,-20,10,8,10,15,17,8,19,19,23,19,13,15,13,21,26,12,15,11,10,5,12,18,27,18,55,23,6,32,13,16,15,23,28,30,8,10,13,9,9,5,8,15,7,23,13,22,8,10,-20,8,4,6,11,6,9,-20,9,21,10,19,8,10,-20,-20,18,10,3,-20,3,4,7,8,-20,3,6,-20,6,-20,13,-20,4,-20,-20,4,8,-20,-20,-20,-20,-20,-20,-20,-20,11,-20,3,7,5,-20,16,-20,-20,-20,5,-20,-20,-20,-20,6,-20,-20,13,-20,-20,-20,9,-20,-20,-20,-20,6,12,6,-20,-20,-20,12,3,23,14,19,-20,5,25,25,19,17,24,-20,39,98,177,72,38,35,59,43,64
"chr2,2063921",12,3,5,22,4,3,9,15,17,16,-20,10,16,13,-20,-20,36,3,62,59,40,-20,42,23,39,19,25,22,20,5,-20,4,6,16,44,37,20,22,14,13,17,29,-20,10,-20,60,10,26,5,13,16,34,32,11,11,6,65,17,19,18,29,26,24,25,22,10,30,41,33,13,19,24,22,23,14,47,10,13,13,16,9,12,12,18,17,34,22,36,52,8,6,10,22,12,18,18,13,42,9,31,19,30,-20,9,17,34,8,13,14,7,14,5,35,23,13,10,48,23,7,15,12,8,8,6,32,-20,-20,37,9,-20,14,12,-20,-20,23,27,36,10,-20,15,3,12,11,5,21,5,-20,29,8,3,-20,-20,25,33,13,4,17,17,35,11,-20,12,-20,6,3,16,-20,-20,8,15,43,78,22,32,6,21,11,38,4,53,9,-20,14,-20,27,-20,-20,26,9,-20,28,17,-20,4,-20,17,25,7,35,10,7,7,11,8,-20,22,16,19,5,-20,43,18,45,22,-20,14,46,16,-20,10,11,4,16,18,9,15,6,3,11,-20,-20,15,56,30,-20,3,13,5,6,-20,17,-20,-20,-20,18,17,-20,-20,-20,4,-20,32,10,2,7,7,9,4,10,7,12,9,-20,-20,14,16,23,8,22,9,13,26,16,-20,10,5,37,54,20,25,12,8,-20,17,3,19,13,9,-20,19,6,-20,-20,7,-20,-20,36,-20,9,15,15,-20,12,5,5,26,27,6,30,31,44,23,24,47,-20,5,-20,-20,19,52,16,14,21,18,12,7,-20,13,7,13,6,-20,7,8,26,8,6,34,39,11,16,21,-20,7,10,16,8,16,14,11,12,9,5,12,7,15,4,4,5,11,7,7,12,12,8,18,6,13,-20,16,10,7,-20,21,10,4,20,13,-20,5,9,8,5,11,-20,9,17,-20,6,11,2,11,9,5,-20,-20,6,13,45,9,12,5,-20,5,15,3,20,7,-20,14,12,-20,-20,6,-20,-20,9,-20,-20,14,9,10,9,8,8,15,12,11,7,12,20,7,76,17,10,4,8,-20,7,8,5,8,7,14,10,6,-20,12,16,11,58,13,13,14,9,8,28,22,2,9,5,4,12,9,-20,13,6,8,24,7,4,21,13,12,21,3,11,8,38,20,-20,-20,7,6,4,11,9,-20,-20,10,9,15,7,3,9,14,19,5,7,-20,5,8,10,7,40,12,13,-20,-20,3,3,30,6,16,37,36,35,36,6,40,25,8,7,29,33,-20,6,25,3,-20,15,9,11,-20,13,8,10,13,12,7,-20,26,11,10,13,15,-20,11,9,17,24,9,13,5,4,6,-20,5,44,-20,8,11,-20,-20,7,13,35,15,22,-20,8,9,16,-20,5,12,8,4,20,19,27,38,30,10,12,25,-20,15,5,28,13,14,19,-20,18,9,12,6,-20,11,-20,-20,13,8,8,-20,-20,22,-20,8,-20,15,23,11,13,18,12,24,14,13,14,17,19,4,43,9,33,56,42,-20,-20,28,10,-20,-20,-20,12,14,3,5,38,11,13,-20,10,16,19,-20,-20,9,11,17,45,17,8,25,18,23,23,-20,-20,20,14,52,3,9,15,-20,10,10,39,11,7,8,18,13,14,19,-20,14,16,11,6,10,16,9,11,16,19,10,17,22,3,8,22,8,16,14,14,15,7,14,12,5,24,17,23,8,19,11,5,15,16,20,13,13,13,6,20,9,10,11,15,12,11,6,11,5,6,15,4,12,12,23,11,12,11,13,9,15,15,12,13,14,6,13,8,22,11,21,24,4,-20,15,10,8,12,17,6,15,-20,11,4,6,10,-20,8,3,6,14,-20,11,4,10,15,13,18,7,6,6,8,5,11,-20,4,8,14,22,10,5,12,10,15,12,7,5,7,10,11,4,3,8,7,9,12,5,3,6,7,8,14,12,4,9,11,7,11,11,10,16,38,15,14,9,7,7,10,7,11,15,13,-20,7,-20,-20,7,8,10,17,5,10,13,10,7,10,8,20,6,15,9,14,8,18,5,8,3,9,8,6,12,13,5,15,6,14,13,10,11,10,11,19,10,13,19,9,19,-20,10,8,6,9,14,8,5,11,7,-20,18,12,9,-20,8,-20,14,3,32,7,13,16,11,9,17,14,9,18,21,20,17,-20,7,15,14,21,10,13,14,19,18,14,-20,18,5,20,12,23,15,20,14,25,14,14,14,9,11,13,9,12,6,10,14,23,-20,11,12,3,27,10,12,37,10,7,8,17,13,24,24,13,13,23,15,12,18,17,20,16,22,22,28,10,14,12,14,8,36,17,8,11,15,27,8,7,13,11,4,11,8,-20,10,8,11,15,17,8,20,18,23,19,13,14,13,20,26,11,15,10,10,5,12,18,27,18,54,23,6,32,13,16,15,23,27,27,8,10,13,9,8,5,8,14,7,23,13,21,8,10,-20,8,4,6,11,6,9,8,9,21,10,19,8,10,-20,9,17,14,-20,3,3,5,8,10,-20,3,6,-20,6,-20,14,-20,5,-20,-20,4,7,-20,-20,-20,-20,-20,-20,-20,-20,11,-20,3,9,5,-20,17,-20,-20,-20,3,-20,8,-20,5,5,-20,-20,13,-20,-20,-20,9,-20,-20,-20,-20,-20,10,7,-20,3,-20,12,3,24,14,19,-20,5,25,27,19,15,24,-20,40,97,166,72,38,37,58,43,60
"chr2,2063922",12,3,5,22,4,3,9,13,16,16,-20,9,15,14,-20,-20,36,3,62,59,40,-20,42,22,39,20,24,22,20,5,-20,4,6,15,44,37,20,22,14,13,17,28,-20,10,-20,60,9,25,4,13,15,34,33,13,11,6,65,17,20,17,30,27,24,25,21,-20,31,42,32,12,20,24,21,24,13,47,10,13,12,16,9,12,13,17,17,33,24,35,52,8,-20,10,22,12,17,18,13,44,9,31,19,30,-20,9,17,34,8,13,14,7,14,5,36,23,13,10,47,22,7,15,11,8,-20,6,32,-20,-20,36,9,-20,14,12,-20,-20,24,27,35,10,-20,15,3,12,10,5,21,5,-20,29,8,-20,-20,-20,24,32,13,4,17,19,35,13,-20,10,-20,6,3,16,-20,-20,9,14,41,78,22,32,5,21,11,38,4,58,9,-20,16,-20,27,-20,-20,26,9,-20,25,16,-20,4,-20,17,25,7,36,11,7,7,11,7,-20,23,16,19,5,-20,43,19,44,22,-20,13,46,16,-20,10,11,4,14,19,8,15,6,3,10,-20,-20,15,56,30,-20,3,13,4,6,-20,17,-20,-20,-20,17,17,-20,-20,-20,-20,-20,32,10,2,7,7,9,3,8,9,11,9,-20,3,13,16,23,7,22,-20,15,26,17,-20,9,5,36,54,18,25,12,8,-20,17,3,19,12,9,-20,19,6,-20,-20,7,-20,-20,36,-20,9,15,15,-20,12,5,5,26,27,6,30,31,44,22,25,45,-20,5,-20,-20,19,52,17,14,20,18,12,7,-20,13,7,13,6,-20,7,8,26,9,6,35,39,11,17,21,-20,7,9,16,8,16,14,11,13,10,5,13,7,16,4,4,5,11,7,7,12,12,8,18,6,12,-20,17,11,7,-20,21,10,4,20,13,-20,5,9,8,5,11,-20,9,17,-20,6,11,2,10,9,6,-20,-20,6,13,46,9,12,5,6,5,15,3,20,7,-20,14,12,-20,-20,6,-20,-20,9,-20,-20,14,9,10,9,8,8,16,15,11,7,12,20,7,77,18,11,4,8,-20,7,8,5,8,7,14,10,6,-20,12,17,11,58,13,13,14,9,9,27,22,2,9,4,4,12,9,-20,12,6,8,24,7,4,21,13,11,20,3,11,8,37,20,-20,4,7,6,4,11,9,-20,-20,10,9,15,7,3,9,14,19,6,7,-20,5,8,-20,-20,40,12,12,-20,-20,4,3,30,6,16,37,35,34,35,6,40,25,7,7,29,32,-20,6,26,3,-20,-20,9,-20,-20,11,8,10,12,12,7,-20,26,11,10,14,16,-20,12,9,17,23,9,13,-20,4,6,-20,5,43,-20,8,12,-20,-20,7,13,36,15,21,-20,8,9,16,7,5,12,8,4,21,19,27,37,29,10,12,24,-20,17,5,26,12,13,19,-20,18,9,12,5,-20,11,-20,-20,13,-20,8,-20,-20,22,-20,8,-20,15,22,11,12,17,10,23,14,12,14,17,19,-20,43,9,33,55,45,-20,-20,29,10,-20,-20,-20,13,14,4,8,38,11,13,-20,10,16,19,-20,-20,9,11,17,45,17,7,24,18,23,26,-20,-20,18,13,52,3,9,15,-20,10,10,39,10,7,8,18,13,13,19,-20,13,16,10,6,10,16,9,11,16,20,10,17,23,3,8,21,8,16,14,14,15,7,14,10,5,24,16,23,8,19,11,4,15,16,18,12,12,13,6,18,8,10,11,13,11,10,6,10,5,6,15,4,12,12,22,11,11,11,13,9,14,15,12,13,13,6,13,7,21,11,21,24,4,-20,15,10,8,12,17,6,15,4,10,4,6,10,-20,8,3,6,13,-20,11,4,9,14,13,18,7,6,6,8,5,10,-20,4,8,14,22,10,5,12,9,14,12,7,5,7,9,10,4,3,8,7,9,12,5,3,6,6,8,14,12,4,9,11,7,11,10,10,15,38,14,13,9,7,7,10,7,11,15,13,-20,6,-20,-20,7,8,10,15,5,10,12,10,7,10,8,19,6,15,9,13,8,17,5,8,3,8,8,6,12,13,5,14,6,14,13,9,9,10,11,19,-20,12,19,8,19,-20,10,8,5,8,14,8,5,10,7,-20,18,12,9,-20,8,-20,14,3,31,7,13,15,11,9,16,14,9,17,20,20,16,-20,7,15,14,19,10,11,14,17,18,13,-20,18,5,20,12,22,14,18,14,25,14,14,13,9,11,13,9,12,6,10,12,22,-20,11,12,3,27,10,11,37,-20,7,9,17,13,24,25,12,13,23,14,11,16,17,20,16,20,20,28,-20,13,10,14,8,36,16,8,11,14,27,8,7,13,11,4,11,8,-20,10,7,10,15,16,7,20,18,22,19,13,13,13,20,26,11,15,10,8,5,12,18,27,18,53,22,8,32,13,16,15,23,27,28,8,9,14,9,8,5,8,14,7,23,12,21,8,10,-20,8,4,6,11,6,9,8,9,18,10,18,8,11,-20,9,18,13,-20,4,3,5,7,9,-20,3,7,-20,6,4,11,-20,5,-20,-20,4,9,-20,-20,-20,-20,-20,-20,-20,-20,12,-20,4,-20,5,-20,18,-20,-20,-20,3,-20,8,-20,5,3,-20,-20,14,-20,3,-20,-20,-20,-20,-20,-20,6,11,5,-20,-20,-20,13,3,22,14,19,-20,5,25,27,19,16,24,-20,40,98,167,72,38,38,59,44,63
"chr2,2063923",12,3,5,22,4,3,8,13,16,16,-20,11,15,13,-20,-20,36,-20,63,59,41,-20,43,22,39,20,24,24,20,5,-20,5,6,15,42,36,21,23,14,13,17,-20,-20,9,-20,60,9,23,4,14,15,35,32,13,10,6,66,19,21,17,31,26,24,26,22,11,31,42,32,12,19,24,21,24,14,47,11,13,12,16,9,12,13,16,17,32,24,35,53,8,-20,10,22,13,17,18,13,45,9,32,19,30,-20,9,17,32,-20,13,15,7,13,5,37,23,13,10,47,22,7,15,11,8,8,6,32,-20,-20,36,9,-20,13,12,-20,-20,24,26,34,10,-20,15,-20,12,10,5,21,5,-20,29,8,-20,-20,-20,25,32,13,4,17,19,35,14,-20,10,-20,5,3,14,-20,-20,9,14,41,75,21,32,4,21,10,38,4,57,9,-20,15,-20,27,-20,-20,26,9,-20,28,16,-20,4,-20,17,25,7,36,10,7,-20,-20,6,-20,23,16,19,7,-20,43,19,44,23,-20,12,46,17,-20,9,11,4,12,19,-20,15,6,-20,11,-20,-20,-20,58,29,-20,3,13,4,6,-20,16,-20,-20,-20,18,-20,-20,-20,-20,-20,-20,33,10,2,5,7,9,-20,8,11,10,9,-20,3,13,14,22,7,22,9,15,25,17,-20,9,5,37,60,18,26,12,10,-20,17,3,19,12,9,-20,19,7,11,-20,7,-20,-20,38,-20,9,15,16,-20,12,5,6,26,27,6,30,31,45,24,23,44,-20,5,-20,-20,19,52,17,13,19,18,12,7,-20,13,7,13,6,-20,7,8,25,9,6,35,37,11,17,21,-20,6,9,15,8,16,15,11,13,10,5,14,6,16,4,4,-20,11,7,7,12,12,7,18,6,12,-20,17,11,8,-20,21,10,4,19,13,-20,5,8,8,5,11,-20,8,17,-20,6,9,2,11,9,6,-20,-20,6,14,46,9,12,-20,6,7,16,4,20,6,-20,13,12,-20,-20,7,-20,-20,9,-20,7,14,9,9,9,8,8,16,16,12,7,12,20,7,76,19,11,4,8,-20,7,8,5,8,7,14,10,6,-20,13,17,11,57,13,13,14,9,10,27,22,2,9,4,4,12,10,-20,13,6,8,24,7,4,20,13,11,21,3,11,8,38,19,-20,-20,7,6,4,11,11,-20,-20,10,9,15,8,3,9,16,19,6,8,-20,5,8,10,-20,39,12,11,-20,3,4,3,30,6,15,36,34,34,35,6,39,25,7,7,30,31,-20,-20,25,4,-20,16,8,11,-20,12,8,10,12,12,7,-20,26,12,10,14,15,-20,11,9,17,23,9,13,5,4,6,10,7,42,-20,8,11,-20,-20,7,13,37,15,21,-20,8,9,16,-20,5,12,8,4,20,19,25,37,28,10,13,23,-20,17,-20,26,11,13,19,-20,18,8,12,-20,-20,11,-20,-20,13,-20,-20,-20,-20,21,-20,-20,-20,15,22,11,12,17,10,23,14,12,14,17,18,3,42,9,33,55,45,-20,-20,29,10,-20,-20,-20,12,10,4,9,36,11,15,-20,10,17,19,-20,-20,9,12,17,45,18,7,24,18,23,26,-20,-20,19,13,52,3,9,15,-20,10,10,39,10,7,8,18,13,12,19,-20,13,16,10,6,10,15,9,11,16,20,10,17,23,3,8,20,8,16,13,14,14,7,14,10,5,24,16,22,8,19,11,4,16,14,18,12,12,13,6,18,8,9,11,13,11,10,6,10,5,6,14,4,10,12,21,11,11,11,13,9,14,14,12,13,13,6,13,7,21,11,21,24,4,-20,15,10,8,12,17,5,14,4,10,4,6,10,-20,8,3,6,11,-20,11,4,9,14,13,18,7,6,6,8,5,10,-20,4,8,14,22,10,5,12,9,14,12,7,5,7,8,10,4,3,8,7,9,12,5,3,6,6,8,14,12,4,9,11,7,11,11,10,15,38,14,14,9,7,7,9,7,10,15,13,-20,6,-20,-20,7,7,10,14,5,10,12,10,7,10,8,19,6,15,9,13,7,17,4,8,3,8,8,6,12,12,5,13,6,14,13,9,9,10,11,19,10,12,19,8,19,-20,10,7,5,8,14,8,5,10,7,-20,18,12,9,-20,8,-20,14,3,32,7,13,15,11,8,15,14,9,17,20,20,16,-20,7,15,14,19,10,11,14,16,17,14,-20,18,4,21,12,21,15,18,14,25,13,14,13,-20,11,13,9,12,6,10,12,22,4,11,12,3,27,10,10,37,9,7,9,17,12,24,25,12,13,23,15,11,15,17,18,16,20,20,28,10,13,10,14,8,36,17,8,11,14,26,8,7,11,11,4,11,8,-20,10,-20,10,15,16,7,20,18,22,19,14,13,13,20,25,11,15,10,8,5,12,18,27,17,52,22,8,32,13,14,15,22,27,28,8,9,14,9,8,5,8,13,7,23,11,20,8,10,-20,10,4,6,11,6,8,8,9,19,10,18,8,8,-20,9,17,13,3,4,3,4,7,10,-20,3,7,-20,6,3,14,-20,5,-20,-20,4,8,-20,-20,-20,-20,-20,-20,-20,-20,13,-20,4,8,4,-20,17,-20,-20,-20,3,-20,8,-20,6,4,-20,-20,12,-20,-20,-20,9,-20,-20,-20,-20,4,13,5,-20,-20,-20,12,3,21,14,19,-20,5,25,27,18,16,25,-20,40,98,166,74,38,38,59,44,63
"chr2,2063924",13,3,4,22,4,3,8,13,16,16,-20,11,13,14,-20,-20,35,-20,62,59,42,-20,44,22,39,20,24,25,20,5,-20,5,6,15,42,36,21,23,14,13,17,29,-20,-20,-20,60,9,-20,4,14,15,36,32,11,10,6,66,19,21,17,31,24,25,27,21,11,29,42,32,12,19,24,22,24,14,48,11,13,12,16,9,12,12,16,17,33,24,35,52,6,-20,9,22,13,17,17,13,45,11,31,18,30,-20,9,17,34,-20,13,15,7,14,5,36,23,13,10,46,22,7,15,11,8,8,6,33,-20,-20,36,9,-20,14,12,-20,-20,24,26,36,9,-20,15,-20,12,10,5,21,5,-20,29,8,-20,-20,-20,25,32,-20,4,17,19,35,14,-20,10,-20,5,3,14,-20,-20,-20,14,41,76,18,32,4,21,10,37,4,58,9,-20,17,-20,27,-20,-20,28,10,-20,29,15,-20,4,-20,17,25,7,38,10,7,-20,-20,6,-20,21,18,-20,7,-20,42,18,45,22,-20,12,47,17,-20,10,11,4,12,19,8,14,7,-20,10,-20,-20,17,59,32,-20,3,15,4,6,-20,16,-20,-20,-20,19,17,-20,-20,-20,-20,-20,34,10,3,6,7,10,-20,-20,11,10,9,-20,4,15,14,20,7,21,-20,15,25,18,-20,9,5,37,60,18,26,12,10,-20,18,3,19,12,9,3,19,7,12,-20,7,-20,-20,39,-20,9,15,14,-20,12,5,6,26,27,6,30,30,45,24,24,45,-20,5,-20,-20,19,51,18,13,20,16,12,7,-20,13,7,-20,6,-20,7,9,24,10,6,34,38,10,17,20,-20,6,9,15,8,15,13,11,13,10,5,13,6,16,4,4,-20,11,7,7,13,12,7,16,6,12,-20,17,11,8,-20,21,11,4,19,14,-20,5,8,8,6,11,-20,-20,17,-20,6,9,2,11,9,6,-20,-20,6,14,46,9,12,7,6,7,16,4,20,6,-20,14,12,-20,-20,8,-20,-20,9,-20,7,14,9,9,9,8,6,17,15,12,7,12,20,7,76,18,11,4,8,-20,6,8,5,8,7,14,10,7,-20,13,17,11,56,13,13,14,9,10,27,23,2,9,4,-20,12,9,-20,15,-20,8,24,7,4,20,14,11,21,3,11,8,38,19,-20,-20,7,6,5,11,11,-20,-20,10,9,15,8,3,10,15,19,6,9,-20,5,8,10,-20,40,12,11,-20,3,4,3,30,6,16,37,35,35,35,6,39,25,7,7,30,31,-20,6,25,4,-20,16,9,-20,-20,12,8,10,12,12,7,5,26,12,-20,14,15,-20,13,11,17,23,9,13,-20,4,6,10,7,43,-20,7,11,-20,-20,7,14,36,15,21,-20,8,9,16,7,5,12,8,4,20,18,25,38,28,10,13,25,-20,17,-20,24,9,12,17,-20,16,5,12,-20,-20,-20,-20,-20,13,-20,-20,-20,-20,-20,-20,-20,-20,16,22,10,12,17,10,23,14,13,14,17,18,3,44,9,34,58,45,-20,-20,29,10,-20,-20,-20,12,10,6,9,36,11,16,-20,8,17,19,-20,-20,9,12,17,46,17,7,24,18,24,27,-20,-20,19,13,52,3,9,15,-20,10,10,38,10,7,9,18,13,11,19,-20,13,15,10,6,10,16,9,11,16,20,10,17,23,3,8,20,8,16,13,14,14,7,14,10,5,24,16,22,8,19,12,4,16,14,18,12,12,13,6,18,-20,9,10,13,11,10,6,10,5,6,14,3,10,12,21,11,10,11,13,9,14,14,12,14,13,6,13,7,21,11,20,24,4,-20,15,10,8,12,17,5,14,4,10,4,6,10,-20,8,3,6,12,-20,11,4,9,15,15,18,7,6,6,8,5,10,-20,4,8,14,22,10,5,12,9,13,12,7,5,7,8,11,4,3,8,7,9,11,5,5,6,6,8,14,12,4,9,11,7,11,11,10,15,40,15,14,9,7,7,9,7,10,14,13,-20,6,-20,-20,7,7,10,15,5,12,12,10,7,10,8,19,6,15,8,13,7,18,4,7,3,9,7,7,11,12,5,15,6,14,13,9,9,10,11,20,10,12,18,8,20,-20,11,7,5,8,14,8,5,10,-20,-20,18,12,9,-20,8,-20,14,3,33,7,13,15,12,8,15,14,9,18,21,19,15,-20,7,15,15,19,10,11,15,18,18,15,-20,18,4,21,12,23,17,17,14,25,13,15,13,9,11,13,8,12,6,11,14,22,4,11,14,3,28,10,10,37,9,7,9,18,12,22,25,12,13,23,15,11,15,17,20,16,20,20,28,10,13,10,14,8,37,17,8,11,14,26,8,7,11,11,5,11,8,-20,10,-20,10,15,16,7,21,18,22,19,14,13,13,20,26,11,15,10,9,5,13,18,27,17,52,22,7,32,14,13,15,22,27,29,9,9,13,9,8,5,8,14,7,23,11,21,8,11,-20,10,4,6,10,6,8,8,9,19,10,16,8,9,-20,8,18,13,3,-20,3,4,7,9,-20,4,7,-20,5,3,10,-20,4,-20,-20,4,-20,-20,-20,-20,-20,-20,-20,-20,-20,13,-20,4,9,5,-20,16,-20,-20,-20,3,-20,7,-20,5,4,-20,-20,13,-20,3,-20,12,-20,-20,-20,-20,5,10,5,-20,-20,-20,10,3,22,13,19,-20,5,25,27,20,16,24,-20,39,98,183,71,39,38,60,43,63
"chr2,2063925",11,3,-20,20,4,3,6,11,16,16,-20,11,12,16,-20,-20,35,-20,63,61,45,-20,42,22,38,21,24,24,19,5,-20,5,6,14,40,36,21,23,14,12,-20,29,-20,-20,-20,62,9,-20,-20,14,15,37,31,11,9,6,66,19,21,17,32,24,25,27,23,11,30,42,34,11,20,24,22,24,13,46,12,12,10,14,7,12,13,15,17,34,24,36,52,6,-20,9,22,13,17,17,-20,44,11,31,16,31,-20,9,17,34,-20,13,15,7,11,5,36,24,11,10,47,20,8,14,11,8,6,6,33,-20,-20,34,9,-20,14,12,-20,-20,23,27,35,9,-20,15,-20,11,9,5,21,4,-20,29,7,-20,-20,-20,25,34,-20,4,17,19,34,14,-20,-20,-20,5,-20,10,-20,-20,9,13,45,75,18,32,4,20,9,37,4,58,-20,-20,17,-20,27,-20,-20,28,10,-20,29,15,-20,4,-20,17,23,7,38,8,8,-20,-20,-20,-20,21,18,-20,7,-20,41,18,43,21,-20,12,44,17,-20,10,11,4,12,18,9,13,7,-20,10,-20,-20,17,59,32,-20,3,14,-20,6,-20,16,-20,-20,-20,19,-20,-20,-20,-20,-20,-20,35,9,4,5,8,10,-20,8,11,-20,9,-20,4,15,14,21,9,20,9,16,24,18,-20,-20,6,37,60,18,25,12,10,3,16,3,19,12,9,3,19,7,12,5,7,37,18,39,-20,9,12,-20,-20,11,5,6,26,26,-20,30,33,47,26,24,45,-20,5,-20,-20,-20,54,17,13,18,18,12,8,-20,13,7,-20,6,-20,8,9,26,10,6,35,39,10,17,20,-20,6,8,15,8,15,13,11,13,11,5,13,5,16,4,4,-20,11,6,7,13,12,7,14,6,12,-20,18,11,8,-20,21,10,4,19,14,-20,5,7,8,6,11,-20,8,16,-20,6,10,2,11,9,6,-20,-20,6,14,45,9,12,7,6,7,16,4,22,6,2,14,12,-20,-20,8,-20,-20,9,-20,-20,15,8,9,9,8,6,17,15,12,7,11,21,7,75,18,12,4,8,-20,6,8,5,8,7,14,10,8,-20,13,17,11,57,12,13,13,9,9,25,23,-20,9,4,-20,12,9,-20,15,6,7,22,7,4,20,15,11,19,-20,11,7,38,18,-20,-20,7,6,5,11,11,-20,-20,10,9,15,8,4,10,16,19,5,9,-20,5,9,10,-20,40,12,12,-20,3,3,3,30,6,16,35,35,36,35,6,38,24,6,6,31,32,-20,6,25,4,-20,17,9,9,-20,12,8,10,11,12,7,5,31,12,9,14,15,-20,12,11,16,24,9,13,4,4,6,10,5,42,-20,7,12,-20,-20,-20,14,33,13,20,-20,8,10,16,7,5,12,8,4,20,19,25,39,28,10,13,26,-20,16,-20,23,8,12,17,-20,14,5,11,-20,-20,-20,-20,-20,11,-20,-20,-20,-20,-20,-20,-20,-20,14,21,10,11,17,8,21,14,12,14,17,17,-20,44,-20,33,57,44,-20,-20,29,10,-20,-20,-20,12,11,6,9,37,10,16,-20,8,17,-20,-20,-20,9,12,17,47,16,7,23,19,23,25,20,-20,19,13,49,-20,9,14,-20,10,9,38,10,7,8,15,10,10,18,-20,13,15,9,6,8,15,6,11,16,19,7,14,22,-20,7,20,7,15,13,14,13,7,13,10,5,22,15,20,7,17,12,3,13,14,18,10,12,12,6,17,8,8,8,13,11,9,6,10,5,4,13,3,10,12,21,10,10,11,12,9,14,13,11,14,13,6,13,7,19,9,19,20,4,-20,14,10,8,12,17,4,13,4,10,4,5,10,-20,7,3,6,10,-20,11,3,9,15,13,16,6,6,6,9,5,8,-20,4,6,13,22,8,5,12,6,12,10,7,5,7,8,10,3,3,7,7,9,10,5,5,5,6,7,13,12,3,9,11,7,10,11,9,15,39,14,14,8,5,5,8,6,9,12,12,-20,6,-20,-20,7,5,9,15,5,12,12,10,7,9,9,17,6,14,8,13,7,17,3,7,-20,9,5,7,11,12,5,15,6,13,12,8,9,9,11,19,11,12,17,8,20,-20,9,7,5,8,13,7,5,9,7,-20,18,12,9,-20,-20,-20,14,3,34,6,13,14,12,8,14,12,9,18,20,19,12,-20,7,15,14,19,8,11,14,15,17,14,-20,18,4,18,11,21,16,17,13,25,12,14,13,8,8,11,8,11,6,11,12,20,4,11,14,3,26,10,10,34,9,7,8,16,11,20,23,12,12,22,12,11,14,15,18,14,20,18,26,10,12,10,13,7,36,15,8,11,13,25,8,6,11,11,5,9,8,-20,9,6,10,13,15,6,21,17,21,17,13,13,10,19,25,10,15,9,8,5,13,18,27,16,50,19,7,31,14,-20,15,20,24,29,8,7,13,9,7,4,7,14,5,20,10,21,8,11,-20,8,4,6,10,6,6,8,9,19,11,17,8,10,-20,-20,15,14,3,4,-20,3,7,10,-20,-20,6,-20,5,3,12,-20,4,-20,-20,4,9,-20,-20,-20,-20,-20,-20,-20,-20,12,-20,4,9,5,-20,14,-20,-20,-20,-20,-20,6,-20,6,-20,-20,-20,14,-20,-20,-20,12,-20,-20,5,-20,4,10,7,-20,-20,-20,12,3,20,12,19,13,-20,23,26,20,15,24,-20,41,98,183,69,38,40,61,42,65
"chr2,2063933",9,-20,-20,18,-20,3,4,12,13,13,-20,11,11,15,-20,-20,33,-20,58,61,46,-20,41,21,33,20,25,26,21,-20,-20,5,5,12,39,36,21,24,15,10,-20,25,-20,-20,-20,64,9,-20,-20,13,16,32,33,11,9,7,57,18,21,15,32,23,22,24,22,11,30,41,36,13,21,22,24,23,15,42,11,12,9,13,6,12,13,14,-20,30,23,43,52,-20,-20,8,22,12,16,14,-20,43,11,26,20,28,4,7,19,28,-20,14,9,7,13,3,36,23,12,-20,45,18,8,14,9,5,-20,6,31,-20,-20,31,8,-20,14,13,-20,-20,28,26,30,8,-20,12,-20,-20,5,-20,21,4,-20,24,-20,-20,-20,-20,27,35,-20,3,15,19,-20,21,-20,7,-20,3,-20,6,-20,-20,10,15,41,71,19,33,3,19,9,31,3,54,-20,-20,-20,-20,38,-20,-20,27,13,-20,31,16,-20,5,-20,16,24,7,42,10,10,-20,-20,-20,-20,23,13,-20,7,-20,42,18,33,22,-20,11,47,17,-20,-20,11,4,13,-20,8,16,9,-20,-20,-20,-20,15,59,32,-20,3,13,-20,5,-20,21,-20,-20,-20,21,-20,-20,-20,-20,-20,-20,34,9,6,5,7,9,-20,8,-20,11,9,-20,4,15,16,22,9,20,8,17,25,22,-20,7,6,30,51,12,25,10,7,3,16,4,18,9,8,4,19,8,13,6,10,44,19,37,-20,9,13,13,-20,9,3,8,26,25,-20,31,37,43,25,25,43,-20,4,-20,-20,19,57,14,-20,20,15,10,8,-20,10,5,-20,6,-20,8,9,26,13,6,34,40,10,17,18,14,5,8,16,8,15,13,10,14,11,5,13,7,15,4,5,4,10,7,7,13,12,6,16,-20,12,-20,14,10,7,-20,21,9,4,21,10,-20,5,6,6,6,9,-20,8,15,-20,-20,12,2,10,9,7,-20,-20,6,13,40,9,13,7,4,8,16,4,22,-20,-20,15,13,-20,-20,6,-20,-20,9,-20,7,17,8,7,10,-20,7,16,15,10,8,13,20,-20,74,18,15,-20,9,-20,-20,7,5,7,7,16,13,9,-20,14,18,11,55,10,14,10,10,11,23,23,-20,9,4,-20,11,10,-20,15,5,6,20,10,4,18,13,10,19,-20,9,7,34,17,-20,-20,8,7,5,12,11,-20,-20,10,10,15,9,5,8,12,18,6,8,-20,5,9,10,-20,41,10,12,4,-20,4,-20,28,6,15,35,36,34,38,4,37,22,6,6,31,33,-20,4,25,4,-20,16,10,10,-20,-20,9,-20,13,12,6,7,32,15,8,13,13,-20,16,12,19,23,10,16,-20,3,5,10,7,39,-20,-20,11,-20,-20,7,15,30,12,19,-20,9,14,14,-20,5,12,8,6,-20,-20,26,39,27,12,12,27,-20,20,-20,19,8,8,17,-20,16,6,9,-20,-20,-20,-20,-20,-20,-20,-20,-20,-20,-20,-20,-20,-20,13,16,9,6,9,5,15,10,11,10,12,15,3,40,-20,33,56,44,-20,-20,29,8,-20,-20,-20,-20,9,5,10,33,12,19,3,9,20,-20,-20,-20,8,11,19,48,16,-20,18,16,23,25,20,-20,25,13,49,-20,8,13,-20,8,8,40,9,8,6,17,8,9,20,-20,13,14,6,3,11,20,4,9,10,16,5,11,17,4,5,19,9,17,13,15,12,7,10,12,5,21,15,18,7,17,11,3,9,15,14,10,10,10,6,15,9,6,7,11,11,8,5,6,4,5,12,3,9,11,17,12,9,10,13,8,11,14,10,12,12,6,13,6,16,8,18,15,4,12,10,7,7,12,19,4,13,4,10,4,5,9,-20,7,-20,5,6,-20,9,3,8,9,12,13,-20,5,5,9,5,7,5,4,5,11,22,7,8,13,6,12,6,6,5,7,7,10,-20,3,5,8,8,11,6,4,4,5,6,12,11,-20,9,11,6,9,7,10,18,39,12,14,7,5,4,8,6,8,10,10,-20,4,-20,-20,6,5,8,15,5,10,10,8,4,9,9,15,5,12,6,14,6,16,4,7,-20,9,5,6,7,12,7,18,5,13,13,6,8,8,8,20,9,9,18,8,18,5,10,4,4,8,8,8,-20,7,-20,5,10,10,9,-20,9,-20,14,6,27,-20,14,13,11,7,18,10,10,14,17,19,14,-20,9,13,11,18,9,10,11,17,16,12,-20,19,4,19,11,21,15,17,-20,25,9,13,11,5,6,11,8,10,-20,11,11,20,4,9,15,3,25,6,-20,29,11,7,8,14,10,18,23,9,13,20,7,8,11,14,20,13,17,17,19,9,-20,10,13,5,37,15,7,12,12,25,7,8,10,11,5,12,9,-20,8,8,10,13,16,5,17,16,20,16,12,11,10,14,25,10,13,8,8,3,12,10,23,16,47,16,7,31,15,-20,17,19,19,29,11,8,11,8,7,-20,7,15,6,23,10,17,9,13,-20,9,4,6,8,7,6,7,6,19,10,12,7,11,-20,12,14,12,2,7,-20,4,8,-20,4,-20,-20,-20,9,3,-20,-20,4,-20,-20,4,8,4,-20,-20,-20,-20,-20,-20,-20,12,-20,5,13,-20,3,14,-20,-20,-20,5,3,-20,-20,-20,-20,-20,-20,15,-20,7,-20,10,-20,-20,7,-20,-20,-20,-20,4,-20,-20,10,-20,20,12,18,13,8,22,25,20,19,26,-20,41,120,181,66,31,43,62,43,65
"chr2,2063934",9,-20,-20,19,-20,3,4,12,13,13,-20,11,10,16,-20,-20,34,-20,58,60,45,-20,39,21,31,23,25,26,20,-20,-20,5,5,12,41,35,21,25,14,10,-20,26,-20,-20,-20,65,10,-20,-20,14,16,33,33,11,-20,7,57,18,20,15,33,23,22,24,22,10,30,41,37,13,21,22,24,23,15,40,11,11,9,13,6,13,13,14,-20,31,24,43,53,-20,-20,8,22,12,16,13,-20,42,13,26,19,28,4,7,19,28,-20,14,8,7,13,3,34,23,12,-20,45,18,9,14,9,5,-20,6,29,-20,-20,31,8,-20,15,13,-20,-20,28,26,30,8,-20,12,-20,10,5,-20,21,4,-20,24,-20,-20,-20,-20,27,35,-20,3,15,19,-20,21,-20,7,-20,3,-20,6,-20,-20,10,15,42,71,17,33,3,19,9,32,3,55,-20,-20,18,-20,38,-20,-20,27,13,-20,31,15,-20,6,-20,15,24,7,41,10,9,-20,-20,-20,-20,23,12,-20,8,-20,40,17,31,22,-20,12,47,17,-20,9,11,4,13,-20,8,16,9,-20,10,-20,-20,15,57,32,-20,3,13,-20,6,-20,21,-20,-20,-20,21,16,-20,-20,-20,-20,-20,30,11,5,5,7,9,-20,8,9,13,10,-20,4,14,17,22,9,22,8,17,25,23,-20,7,7,30,51,12,25,10,7,3,16,4,17,9,8,4,19,7,14,7,11,46,19,38,-20,9,13,-20,-20,10,3,8,26,24,-20,32,38,45,25,25,44,-20,5,-20,-20,18,56,13,-20,19,15,12,8,-20,9,5,-20,6,-20,8,9,26,13,6,35,39,10,17,16,13,5,8,15,7,15,13,10,14,11,-20,13,7,15,4,5,4,9,7,7,13,12,6,16,4,12,-20,14,10,7,-20,21,9,4,20,11,-20,5,6,6,6,9,-20,8,15,-20,-20,12,2,9,9,8,-20,-20,6,13,41,9,13,7,4,8,18,4,22,-20,-20,15,12,-20,-20,6,-20,-20,9,-20,7,18,9,7,10,6,7,16,15,10,7,14,19,-20,75,18,15,-20,9,-20,-20,6,5,9,-20,16,13,9,-20,14,18,11,54,9,14,10,10,11,23,23,-20,9,4,-20,11,10,-20,15,5,6,20,10,4,18,13,10,19,-20,9,7,34,16,-20,5,8,7,5,12,11,-20,-20,11,10,15,9,5,-20,14,18,6,8,-20,5,9,-20,-20,40,10,12,4,-20,4,-20,28,6,15,34,38,33,38,4,37,23,5,6,31,30,-20,4,25,4,-20,15,10,11,-20,-20,-20,8,13,11,6,7,32,16,-20,13,13,-20,16,13,19,23,10,16,5,-20,5,11,7,38,-20,-20,11,-20,-20,7,15,29,12,20,-20,10,13,13,-20,5,13,9,6,16,17,27,40,28,12,12,25,-20,20,-20,19,8,8,16,-20,17,7,9,-20,-20,-20,-20,-20,-20,-20,-20,-20,-20,-20,-20,-20,-20,13,17,9,6,9,5,14,10,8,10,11,15,3,38,-20,33,55,47,-20,-20,28,8,-20,-20,-20,-20,9,5,10,34,14,18,3,9,20,-20,-20,-20,8,10,18,49,16,-20,18,15,22,25,20,-20,25,13,47,-20,9,-20,-20,8,8,43,9,8,6,16,8,9,20,-20,13,14,6,3,11,21,4,9,10,16,5,11,17,4,5,19,9,16,14,15,12,7,10,12,5,21,16,20,7,17,11,3,9,15,15,10,10,10,7,15,9,6,6,11,11,8,5,6,4,5,11,3,9,11,18,11,9,10,13,8,11,14,10,12,14,6,13,6,16,8,19,15,4,12,10,8,7,12,19,4,13,4,10,4,5,9,-20,7,-20,5,6,-20,9,3,8,9,12,12,-20,5,5,9,5,7,5,4,5,11,22,7,9,14,-20,12,6,6,5,7,7,-20,-20,3,5,-20,8,12,6,4,5,5,6,12,11,-20,9,11,6,9,7,10,18,39,12,14,7,5,4,9,6,-20,10,10,-20,4,-20,-20,6,5,8,14,5,11,10,7,4,9,11,15,5,12,6,15,6,16,4,7,-20,9,5,6,7,12,7,18,5,13,13,6,8,8,8,21,9,8,18,9,19,5,10,4,4,8,8,8,-20,7,-20,5,-20,10,9,-20,9,-20,16,6,28,-20,14,13,12,7,18,11,10,16,17,19,14,-20,9,13,11,18,10,10,11,17,16,12,-20,19,4,18,11,22,15,17,10,25,10,13,11,4,6,11,8,10,-20,11,11,20,4,9,15,3,25,5,-20,29,11,7,9,15,10,18,23,9,13,20,6,8,11,14,20,13,17,17,19,10,-20,10,13,5,35,16,7,12,11,23,7,8,10,11,5,12,9,-20,8,9,10,13,16,5,16,16,21,15,13,11,9,14,25,10,13,9,8,3,12,10,23,18,47,16,8,31,16,-20,17,21,19,28,11,8,11,9,7,-20,7,15,6,23,10,19,9,13,-20,9,6,6,8,7,6,7,6,19,10,12,7,10,-20,12,14,14,2,5,3,4,8,11,4,2,6,-20,-20,3,-20,-20,4,-20,-20,4,8,3,-20,-20,-20,-20,-20,-20,-20,13,-20,4,12,4,3,15,-20,-20,-20,5,4,-20,-20,-20,-20,2,-20,17,3,7,-20,9,-20,3,8,-20,-20,-20,-20,5,-20,-20,8,-20,24,11,18,12,8,23,27,19,22,26,-20,40,109,182,65,30,43,62,44,67
"chr2,2063937",10,-20,-20,19,-20,3,-20,13,13,14,-20,11,10,15,-20,4,36,-20,59,61,45,-20,40,19,33,23,25,25,20,-20,-20,4,5,12,39,35,19,24,15,10,-20,25,-20,-20,-20,62,10,-20,-20,14,15,33,36,12,-20,9,60,18,20,15,31,24,20,23,22,11,28,40,39,11,21,23,24,26,14,39,13,11,9,13,6,13,12,14,-20,30,26,44,49,-20,-20,8,24,11,15,13,-20,42,13,26,18,26,4,7,19,28,-20,12,7,6,12,3,34,24,13,-20,40,16,10,14,9,5,-20,6,28,-20,-20,29,9,-20,17,14,-20,-20,28,25,28,8,-20,13,-20,10,5,-20,21,4,-20,23,-20,-20,-20,-20,27,34,-20,3,13,17,-20,22,-20,7,-20,3,-20,6,-20,-20,10,17,39,65,18,31,-20,18,10,32,3,55,-20,-20,19,-20,36,-20,-20,29,15,-20,30,16,3,-20,-20,18,22,8,41,10,11,-20,-20,-20,-20,22,13,-20,8,-20,40,18,32,21,-20,10,47,17,-20,8,11,4,14,-20,9,16,9,3,9,-20,-20,16,55,30,-20,4,14,-20,6,-20,23,-20,-20,-20,18,16,-20,-20,-20,-20,-20,32,12,5,5,7,9,-20,6,9,12,10,-20,4,16,17,21,9,23,6,17,24,24,-20,6,7,31,50,12,27,8,6,3,16,4,18,5,8,4,19,5,15,7,12,51,19,39,-20,9,13,11,-20,9,3,8,24,25,-20,31,37,44,26,25,46,-20,5,2,-20,18,55,13,-20,19,15,14,8,-20,9,6,-20,6,-20,7,9,26,13,5,35,37,10,18,15,11,4,8,17,7,16,12,10,13,11,-20,13,8,16,4,6,-20,8,6,6,13,13,5,16,3,12,-20,13,10,7,-20,19,9,3,20,12,-20,5,6,6,6,9,-20,8,15,-20,-20,14,2,9,10,9,-20,-20,7,13,40,-20,13,7,4,8,18,4,22,-20,-20,15,12,-20,-20,6,-20,-20,9,-20,7,18,8,7,10,5,9,16,14,11,7,14,18,-20,78,16,17,-20,10,-20,-20,7,5,9,7,16,13,9,-20,14,18,12,54,9,14,10,10,11,23,23,-20,9,4,-20,11,12,-20,15,4,6,22,12,4,18,11,10,17,-20,10,7,32,15,-20,7,7,8,5,12,11,-20,-20,12,10,15,9,6,8,13,17,6,8,-20,6,9,11,-20,41,10,12,5,-20,4,-20,25,6,14,34,37,34,36,4,36,22,5,6,32,30,4,4,25,4,-20,14,9,11,-20,-20,10,8,12,12,6,6,31,18,8,15,13,-20,17,12,20,25,10,15,6,-20,5,10,5,36,-20,-20,12,-20,-20,6,14,28,13,20,-20,9,13,11,-20,4,14,8,6,14,17,28,40,28,12,12,25,-20,23,-20,18,8,8,15,-20,18,7,8,-20,-20,-20,-20,-20,-20,-20,-20,-20,-20,-20,-20,-20,-20,14,17,-20,6,9,5,13,10,7,10,9,12,-20,36,-20,34,53,46,-20,-20,27,9,-20,-20,-20,-20,10,7,10,33,14,19,3,8,22,-20,-20,-20,8,10,16,50,15,-20,18,15,25,26,17,-20,26,13,48,-20,8,-20,-20,7,8,49,9,8,7,16,9,9,19,-20,11,16,6,3,11,22,4,10,10,16,5,11,18,4,5,19,9,18,13,16,12,7,10,13,4,21,16,18,6,17,11,3,9,15,14,10,10,10,7,15,9,6,5,12,11,7,3,6,5,6,11,3,9,12,18,10,8,9,12,8,11,14,11,12,13,7,13,5,15,8,20,14,5,11,10,6,8,13,20,4,12,5,10,4,5,9,-20,7,-20,5,6,-20,8,3,8,9,12,12,-20,5,5,9,5,7,4,3,5,10,23,7,9,14,-20,12,6,6,6,7,6,10,-20,3,6,7,8,12,6,-20,5,5,6,12,11,-20,8,11,6,-20,7,10,18,39,11,14,8,5,3,9,6,8,11,9,-20,5,-20,-20,6,7,7,13,7,12,10,7,4,9,11,15,4,11,6,16,6,15,4,6,-20,8,4,7,6,12,7,18,5,13,13,6,8,8,8,22,9,8,18,9,20,6,10,4,4,9,8,8,-20,7,-20,-20,10,9,8,-20,10,-20,16,7,26,-20,15,13,13,7,18,12,11,16,16,19,14,-20,10,13,8,18,-20,9,11,17,16,14,-20,19,4,18,11,22,15,16,9,24,10,13,11,4,6,11,8,10,-20,11,11,20,4,9,14,3,25,5,-20,29,12,7,9,14,10,17,20,9,14,19,6,8,11,16,18,13,19,17,19,11,-20,9,12,-20,36,16,6,-20,12,25,7,8,10,11,5,12,9,-20,8,9,9,13,15,5,15,16,20,13,13,11,9,12,24,12,13,8,8,3,11,9,20,17,46,19,-20,31,16,-20,18,21,20,26,10,8,11,8,6,-20,7,16,6,23,10,19,9,13,-20,9,6,6,8,7,7,7,6,17,11,12,7,11,-20,13,14,14,2,4,3,4,7,10,7,-20,5,-20,8,3,-20,-20,4,-20,-20,-20,7,3,-20,-20,4,-20,-20,-20,-20,18,-20,-20,15,4,4,18,-20,-20,-20,6,4,-20,-20,-20,-20,2,-20,17,3,6,-20,8,-20,3,8,-20,-20,-20,-20,-20,-20,-20,8,-20,24,10,19,11,8,22,28,20,22,27,-20,41,108,182,64,27,43,62,45,65
"chr2,2063942",10,-20,-20,19,-20,-20,-20,15,14,16,-20,11,10,15,3,4,32,-20,56,59,45,-20,38,20,33,25,26,25,20,-20,-20,4,-20,12,38,36,20,28,16,9,-20,27,-20,-20,-20,61,13,-20,-20,17,15,32,33,12,-20,11,60,16,20,14,31,26,20,25,19,12,27,41,41,11,22,23,29,22,15,38,14,12,10,-20,6,15,12,12,-20,32,26,44,48,-20,5,7,27,11,16,10,-20,44,13,23,18,24,4,7,19,27,-20,12,10,6,10,3,37,25,13,-20,-20,-20,12,14,9,-20,3,-20,27,-20,-20,29,-20,-20,14,16,-20,-20,28,25,31,7,-20,14,-20,10,5,-20,17,-20,-20,-20,-20,-20,-20,-20,32,35,-20,3,12,15,-20,23,-20,13,-20,-20,-20,5,-20,-20,10,18,39,-20,19,22,-20,13,9,42,4,55,-20,-20,23,-20,36,-20,-20,30,15,-20,30,15,3,5,-20,18,23,8,41,9,9,-20,-20,-20,-20,20,13,-20,8,-20,38,17,30,23,-20,11,48,17,-20,-20,9,4,15,-20,9,17,12,4,10,-20,-20,16,55,29,-20,4,14,-20,5,-20,24,-20,-20,-20,19,15,-20,-20,-20,-20,-20,30,10,5,5,7,9,-20,4,-20,12,9,-20,4,17,-20,23,9,24,7,14,26,23,-20,6,11,29,45,11,28,7,7,5,16,-20,17,5,8,4,18,4,15,8,13,52,19,38,-20,11,14,-20,-20,11,-20,8,20,24,-20,32,38,45,29,25,41,-20,7,-20,-20,18,53,12,-20,20,13,12,7,-20,8,7,-20,6,-20,6,8,26,13,6,36,36,8,19,-20,-20,4,8,17,7,16,11,10,13,11,-20,13,10,17,4,7,-20,3,6,8,13,14,4,18,-20,14,-20,14,10,7,-20,19,8,3,19,13,-20,-20,6,6,7,8,3,8,14,-20,-20,14,3,11,9,9,-20,-20,8,15,39,7,14,7,-20,10,19,4,22,-20,-20,17,13,-20,-20,7,-20,-20,6,-20,-20,17,11,6,12,-20,8,14,14,11,8,14,17,-20,78,17,16,-20,9,-20,-20,7,5,9,-20,16,13,9,-20,15,18,12,55,13,15,12,10,10,24,23,-20,9,4,-20,-20,11,-20,15,4,6,25,13,4,18,11,10,19,-20,10,7,32,17,-20,7,8,8,5,11,11,-20,-20,12,9,15,10,5,9,13,15,7,7,-20,7,8,10,-20,36,11,12,5,4,3,-20,25,6,14,30,37,32,39,4,37,23,5,7,32,27,4,4,27,5,3,14,7,12,-20,-20,10,9,10,11,6,5,32,26,8,13,13,-20,16,13,19,24,11,16,7,-20,-20,10,5,35,-20,-20,15,-20,-20,6,14,28,13,23,-20,9,17,9,-20,-20,14,8,5,15,18,27,40,29,11,10,25,-20,24,-20,18,13,9,13,-20,20,8,7,-20,-20,-20,-20,-20,-20,-20,-20,-20,-20,-20,-20,-20,-20,16,-20,-20,-20,-20,-20,-20,-20,8,10,7,14,3,32,-20,32,54,46,-20,-20,25,8,-20,-20,-20,-20,8,7,10,26,12,18,3,7,23,-20,-20,-20,6,10,18,49,17,-20,11,14,23,29,17,-20,30,13,47,-20,8,-20,-20,7,7,53,8,8,8,13,11,9,21,-20,10,18,5,3,11,22,-20,10,9,18,8,13,19,5,4,21,9,20,12,16,12,6,12,16,4,19,16,18,8,19,11,4,10,17,13,11,-20,11,8,20,10,8,7,13,10,-20,3,7,7,8,10,3,9,14,16,11,8,8,13,7,13,12,11,14,14,10,15,6,15,-20,22,19,4,-20,12,5,8,13,19,4,13,6,9,5,5,-20,-20,7,3,-20,6,-20,-20,-20,-20,7,10,-20,-20,-20,-20,7,-20,-20,3,3,6,11,21,-20,10,17,-20,11,-20,-20,6,7,7,10,-20,3,6,7,9,11,6,-20,5,7,7,12,-20,-20,10,10,7,-20,-20,10,17,43,12,13,8,6,3,10,5,9,11,9,-20,6,-20,-20,-20,8,8,16,7,11,11,9,4,9,11,14,5,11,7,17,6,16,5,6,-20,9,4,7,8,13,7,19,5,13,14,4,9,8,9,24,8,-20,17,9,20,5,9,3,4,8,7,7,-20,-20,-20,4,12,7,7,-20,10,-20,15,7,25,-20,14,14,15,8,21,10,10,17,18,19,16,-20,10,13,8,21,12,9,13,18,19,14,-20,18,5,18,11,23,17,11,9,25,10,16,-20,5,12,11,11,12,-20,12,11,19,4,11,15,3,28,5,-20,28,-20,8,8,12,10,21,19,8,14,18,-20,-20,-20,16,19,12,15,18,19,12,-20,9,-20,6,30,16,7,11,12,25,7,6,10,11,5,12,7,-20,8,10,8,14,16,6,16,14,22,-20,15,11,9,-20,25,12,13,9,9,-20,9,11,20,16,46,20,9,32,16,-20,18,20,19,25,13,6,10,6,6,-20,9,15,6,21,12,20,8,15,-20,-20,7,6,7,7,8,5,6,13,9,-20,8,14,-20,15,16,14,3,4,3,4,8,10,7,-20,10,-20,10,4,-20,-20,4,-20,-20,5,6,5,-20,-20,3,-20,-20,4,-20,18,-20,5,16,-20,5,17,-20,-20,-20,6,6,-20,-20,-20,-20,3,-20,17,-20,6,-20,12,-20,4,9,-20,-20,-20,-20,5,-20,-20,-20,-20,28,-20,19,12,8,19,30,19,22,28,-20,37,112,173,60,26,44,65,48,68
"chr2,2063945",12,-20,-20,23,-20,-20,-20,18,17,15,-20,12,10,15,-20,4,29,-20,53,56,42,-20,38,19,32,25,25,21,20,-20,4,4,-20,13,34,34,20,29,17,9,-20,27,-20,-20,-20,59,13,-20,-20,18,16,31,33,12,-20,14,58,-20,18,14,31,25,19,25,18,9,26,42,41,10,21,23,26,22,14,38,14,12,11,-20,7,14,12,12,-20,30,27,43,45,-20,5,-20,27,12,16,9,-20,45,13,21,16,23,4,7,19,24,-20,12,9,6,10,3,37,27,13,-20,-20,-20,13,13,9,-20,3,-20,27,-20,-20,29,-20,-20,11,16,-20,-20,27,25,31,-20,-20,16,-20,10,-20,-20,16,-20,-20,-20,-20,-20,-20,-20,29,37,-20,3,13,13,-20,26,-20,14,-20,-20,-20,-20,-20,-20,10,14,37,-20,16,20,3,9,6,41,4,54,-20,-20,24,-20,41,-20,-20,28,16,-20,32,15,-20,5,-20,17,23,8,39,9,6,-20,-20,-20,-20,22,13,-20,6,-20,39,15,28,23,-20,8,48,17,-20,7,5,-20,17,-20,9,19,12,-20,-20,-20,-20,14,53,31,-20,3,14,-20,2,-20,22,-20,-20,-20,20,12,-20,-20,-20,-20,-20,31,10,4,5,6,5,-20,3,5,12,10,-20,4,16,-20,23,9,23,7,13,22,24,-20,5,9,28,45,11,28,7,7,4,15,-20,15,5,6,6,18,4,17,6,13,60,28,41,-20,13,16,-20,-20,11,-20,7,20,22,-20,32,37,44,28,23,-20,-20,7,-20,-20,18,49,12,-20,23,13,12,7,-20,5,6,-20,6,-20,7,8,25,12,6,37,37,6,19,-20,-20,4,8,16,8,16,11,10,13,10,-20,15,10,17,4,7,-20,-20,6,8,-20,16,4,18,-20,12,-20,16,10,7,-20,17,9,3,19,10,-20,-20,6,6,6,8,-20,9,13,3,-20,14,3,11,9,9,-20,-20,8,16,39,7,14,7,-20,10,18,4,22,-20,-20,18,13,-20,-20,7,-20,-20,5,-20,-20,17,10,6,11,-20,8,14,13,11,9,12,18,-20,-20,15,15,-20,9,-20,-20,7,5,9,8,16,13,9,-20,15,18,12,56,13,17,11,9,10,25,24,-20,8,5,-20,-20,11,-20,15,4,6,26,13,4,22,12,10,19,-20,9,7,30,17,-20,5,8,9,5,11,11,-20,-20,12,9,13,13,4,9,14,16,7,7,-20,7,8,11,-20,35,11,12,-20,4,3,-20,26,4,13,30,36,32,38,-20,36,21,-20,7,33,27,4,4,28,5,-20,13,-20,11,-20,-20,10,-20,8,11,6,4,32,27,8,13,11,-20,17,13,19,24,13,14,-20,-20,6,9,6,37,-20,-20,15,-20,-20,6,14,29,12,22,-20,8,18,5,-20,-20,12,8,-20,15,18,26,38,28,11,10,21,-20,23,-20,18,12,7,13,-20,20,-20,7,-20,-20,-20,-20,-20,-20,-20,-20,-20,-20,-20,-20,-20,-20,19,-20,-20,-20,-20,-20,-20,-20,8,11,6,11,-20,30,-20,32,54,48,-20,-20,25,5,-20,-20,-20,-20,5,4,11,25,12,17,4,5,26,-20,-20,-20,5,9,19,48,17,-20,11,12,26,33,18,-20,31,12,45,-20,6,-20,-20,7,-20,55,8,8,8,15,11,9,20,-20,12,19,5,3,10,20,-20,11,10,19,8,14,19,5,3,20,9,19,12,16,11,6,13,16,5,19,16,19,8,19,10,5,12,18,14,12,-20,11,9,20,-20,8,6,12,11,-20,3,7,8,8,11,-20,9,14,14,-20,8,8,12,7,12,12,11,13,14,11,15,6,14,-20,23,19,3,-20,12,5,7,14,21,4,14,5,10,-20,5,-20,-20,7,3,-20,6,-20,-20,-20,-20,10,12,-20,-20,-20,-20,8,-20,-20,5,3,6,12,23,-20,11,18,-20,10,-20,-20,6,-20,-20,10,-20,3,6,6,-20,11,8,-20,5,7,7,12,-20,-20,10,10,7,-20,-20,12,20,44,12,13,9,6,-20,10,5,11,12,10,-20,7,-20,-20,-20,7,8,15,6,11,11,9,5,8,10,16,4,11,7,23,5,16,-20,6,2,9,4,8,8,15,7,19,5,13,15,4,11,12,9,29,7,-20,17,11,21,5,9,4,4,8,8,7,-20,-20,-20,4,12,8,7,-20,-20,-20,14,7,25,-20,15,14,14,8,21,15,10,16,18,20,16,-20,11,14,9,23,12,10,13,24,20,15,-20,15,6,16,11,24,20,11,9,25,10,16,-20,5,12,14,11,12,-20,13,14,19,4,10,-20,3,29,6,-20,31,11,8,9,12,9,21,19,7,14,17,-20,-20,-20,16,18,12,15,18,20,12,-20,9,10,6,32,16,7,11,11,25,7,6,9,10,5,11,5,-20,8,9,8,14,14,6,13,13,21,-20,15,11,10,-20,25,11,13,9,9,-20,10,11,20,15,45,20,7,29,15,-20,18,22,19,23,14,6,11,6,6,-20,11,15,6,23,13,20,8,15,-20,9,7,6,7,7,8,-20,6,-20,9,-20,9,-20,-20,13,14,13,-20,-20,-20,-20,8,11,-20,-20,-20,-20,-20,-20,-20,-20,4,-20,-20,7,-20,-20,-20,-20,3,-20,-20,-20,-20,16,-20,6,14,-20,-20,14,-20,-20,-20,6,-20,-20,-20,-20,-20,3,-20,15,-20,-20,-20,-20,-20,5,-20,-20,-20,-20,-20,-20,-20,-20,-20,-20,30,5,17,13,8,19,30,20,22,28,-20,37,112,178,50,23,43,65,49,70
"chr2,2063946",12,-20,-20,23,-20,-20,-20,19,14,15,-20,12,10,15,4,4,30,-20,55,59,45,-20,41,20,32,24,25,22,20,-20,4,4,-20,13,37,34,20,28,19,9,-20,27,-20,-20,-20,62,13,-20,-20,18,16,32,34,10,6,14,57,14,20,14,33,25,21,27,19,10,26,43,41,10,22,23,29,22,15,39,14,12,12,-20,8,15,13,12,-20,31,27,42,45,-20,5,9,28,11,16,9,-20,43,12,20,14,23,4,8,20,26,-20,12,9,6,11,3,39,27,13,-20,-20,-20,13,13,9,6,3,-20,27,-20,-20,29,10,-20,11,16,-20,-20,29,26,31,-20,-20,17,-20,10,-20,-20,15,-20,-20,-20,-20,-20,-20,-20,29,37,-20,3,13,13,-20,26,-20,14,-20,-20,-20,-20,-20,-20,10,14,37,-20,16,21,3,-20,8,40,4,57,-20,-20,24,-20,41,-20,-20,28,16,-20,32,16,-20,4,-20,17,26,8,40,9,7,-20,-20,-20,-20,22,13,-20,7,-20,39,16,28,23,-20,8,49,15,-20,7,5,-20,19,-20,9,17,12,-20,10,-20,-20,15,53,32,-20,-20,14,-20,2,-20,23,-20,-20,-20,19,14,-20,-20,-20,-20,-20,30,10,4,5,6,6,-20,3,5,13,10,-20,4,15,16,24,9,22,7,13,21,24,-20,5,11,27,46,11,28,7,7,4,15,-20,15,6,6,-20,18,4,17,6,13,61,28,38,-20,13,16,11,-20,10,-20,7,21,23,-20,34,36,44,28,25,41,-20,7,-20,-20,17,50,12,-20,22,14,15,7,-20,5,6,-20,6,-20,7,8,24,12,6,37,37,6,19,-20,-20,4,8,16,9,16,11,11,14,9,-20,15,-20,17,4,7,-20,-20,6,7,13,16,5,20,-20,12,-20,16,12,7,-20,18,9,3,19,11,-20,-20,7,6,7,7,-20,9,12,-20,-20,14,3,12,9,10,-20,-20,8,16,40,8,14,9,-20,10,21,4,22,-20,-20,19,13,-20,-20,7,2,-20,6,-20,-20,16,10,6,11,-20,8,15,14,11,9,13,18,-20,75,14,15,-20,8,-20,-20,7,5,9,7,15,13,9,-20,15,18,12,55,13,16,11,9,11,26,24,-20,8,6,-20,-20,11,3,15,4,6,26,13,4,21,12,10,19,-20,9,7,31,17,-20,5,8,9,6,11,12,-20,-20,14,9,13,12,3,9,14,16,7,7,-20,7,8,12,-20,37,11,12,-20,4,3,-20,27,6,12,31,34,38,41,4,36,22,8,7,34,28,4,5,29,6,3,14,-20,12,-20,-20,11,9,8,11,7,4,31,27,8,13,11,-20,17,13,20,25,12,14,-20,-20,6,8,6,37,-20,-20,15,-20,-20,6,14,29,13,23,-20,8,18,7,-20,-20,13,8,-20,14,-20,26,41,27,11,10,21,-20,23,-20,19,14,9,16,-20,19,9,7,-20,-20,-20,-20,-20,-20,-20,-20,-20,-20,-20,-20,-20,-20,18,-20,-20,-20,-20,-20,-20,-20,9,12,6,11,3,31,-20,33,54,48,-20,-20,25,5,-20,-20,-20,-20,5,4,11,26,12,17,4,5,26,-20,-20,-20,4,9,19,44,17,-20,11,11,28,33,18,-20,31,13,44,-20,9,-20,-20,6,-20,52,9,8,9,16,11,10,20,-20,13,19,5,4,10,20,-20,13,10,23,8,15,19,6,4,20,9,19,14,17,11,6,13,16,5,19,17,22,8,19,10,10,13,18,15,13,-20,15,9,20,-20,9,6,14,10,-20,4,7,8,8,13,-20,10,14,15,-20,8,9,14,7,13,12,11,13,15,13,15,7,15,-20,23,19,4,-20,12,5,7,13,22,4,14,5,10,6,5,-20,-20,7,3,-20,7,-20,-20,-20,-20,10,11,-20,-20,-20,-20,8,-20,-20,5,3,6,13,23,-20,11,17,-20,11,-20,-20,7,-20,8,10,-20,4,6,6,10,13,8,3,5,7,8,14,-20,-20,11,10,8,-20,-20,12,19,44,14,15,9,6,-20,12,4,12,12,11,-20,8,-20,-20,-20,8,8,15,6,11,11,9,5,8,11,16,4,11,8,23,8,16,-20,7,3,9,4,8,8,15,7,22,6,13,15,4,11,14,9,29,7,-20,17,11,21,5,9,6,4,8,7,7,-20,-20,-20,5,13,8,7,-20,9,-20,14,7,26,-20,15,15,15,7,22,15,12,21,19,20,18,-20,13,14,12,23,14,11,14,24,21,15,-20,15,7,16,11,25,20,11,9,25,10,15,-20,7,12,14,12,13,-20,13,14,19,4,10,17,4,28,6,-20,31,11,8,10,13,10,22,21,10,14,18,-20,-20,-20,16,20,13,15,19,21,14,-20,-20,10,7,32,16,7,11,12,25,9,5,9,10,5,11,5,-20,8,9,8,14,14,7,12,13,22,-20,15,12,12,-20,26,11,13,10,9,-20,10,12,19,15,45,21,7,31,17,-20,19,22,19,24,14,6,11,6,6,-20,11,15,6,22,13,21,8,16,-20,9,7,7,8,7,9,4,7,-20,10,-20,9,12,-20,15,16,16,-20,5,3,4,8,11,6,-20,11,-20,10,5,-20,-20,2,-20,-20,8,10,5,-20,-20,2,-20,-20,3,-20,15,-20,4,17,3,4,15,4,4,-20,6,10,-20,-20,-20,-20,3,-20,17,-20,6,-20,13,3,5,9,-20,-20,-20,-20,6,-20,-20,-20,-20,31,5,18,14,8,19,31,18,24,28,-20,37,112,192,48,23,44,65,49,67
"chr2,2063947",13,-20,-20,23,-20,-20,-20,19,16,15,-20,13,10,15,4,4,30,-20,56,60,46,-20,43,20,33,23,24,23,21,-20,4,4,-20,13,37,34,21,28,19,9,-20,26,-20,-20,-20,62,13,-20,-20,18,13,34,34,10,-20,14,57,14,21,14,33,26,20,26,19,12,25,40,40,11,20,22,29,21,15,38,14,12,12,-20,8,15,13,12,-20,30,28,43,45,6,4,9,28,11,16,9,-20,41,13,22,15,23,4,10,20,25,-20,13,9,6,13,4,42,26,14,-20,-20,-20,16,14,10,-20,5,-20,23,-20,-20,29,10,-20,11,17,-20,-20,27,25,29,-20,-20,18,-20,11,-20,-20,14,-20,-20,-20,-20,-20,-20,-20,28,37,-20,3,11,13,-20,26,-20,14,-20,-20,-20,-20,-20,-20,9,13,36,-20,14,20,-20,9,8,39,4,60,-20,-20,24,-20,41,-20,-20,29,16,-20,33,16,4,4,-20,17,27,8,40,-20,7,-20,-20,-20,-20,22,12,-20,7,-20,39,16,27,24,-20,7,48,15,-20,7,5,-20,19,-20,9,18,12,-20,10,-20,-20,14,52,36,-20,4,14,-20,2,-20,23,-20,-20,-20,19,14,-20,-20,-20,-20,-20,29,10,4,5,5,6,-20,3,3,14,10,-20,4,16,17,24,9,24,7,12,24,24,-20,5,11,29,43,11,28,7,7,4,15,-20,14,6,5,6,18,4,16,6,13,61,28,38,-20,14,18,10,-20,11,-20,7,21,22,-20,34,36,43,29,25,42,-20,7,3,-20,17,50,12,-20,23,15,15,7,-20,4,6,-20,6,-20,7,9,25,12,6,37,34,4,19,-20,-20,4,8,17,9,16,10,10,15,8,-20,14,10,17,4,7,-20,-20,6,7,13,16,5,20,-20,12,-20,16,12,7,-20,17,9,3,19,11,-20,-20,7,6,6,7,-20,9,12,-20,-20,14,-20,13,10,10,-20,-20,8,16,36,8,14,9,-20,7,20,4,22,-20,-20,19,14,-20,-20,-20,2,-20,6,-20,-20,16,10,6,11,-20,8,14,14,11,9,12,18,-20,79,14,15,-20,9,-20,-20,7,5,9,7,15,13,9,-20,15,17,12,55,13,16,10,9,11,27,24,-20,8,6,-20,-20,11,-20,15,4,6,26,13,4,22,12,11,19,-20,8,7,33,17,-20,6,8,9,6,11,12,-20,-20,12,9,13,12,3,9,13,17,7,7,-20,7,8,12,-20,35,13,12,-20,-20,3,-20,27,6,12,31,34,39,42,7,36,20,8,8,36,28,4,5,28,6,3,13,-20,12,-20,-20,11,-20,8,11,7,4,36,27,8,13,11,-20,18,15,19,25,11,14,7,-20,6,7,6,37,-20,-20,15,-20,-20,6,13,28,13,26,-20,9,18,7,-20,-20,12,8,-20,13,19,27,40,26,10,10,23,-20,23,-20,19,14,9,16,-20,19,9,9,-20,-20,-20,-20,-20,-20,-20,-20,-20,-20,-20,-20,-20,-20,20,-20,-20,-20,-20,-20,-20,-20,9,11,6,11,3,30,-20,32,55,46,-20,-20,25,-20,-20,-20,-20,-20,4,-20,12,27,12,17,4,5,26,-20,-20,-20,4,9,19,46,17,-20,11,11,29,33,17,-20,30,13,43,-20,10,-20,-20,6,-20,53,9,9,10,17,10,9,21,-20,14,19,6,5,11,20,-20,13,11,22,-20,15,19,7,4,21,10,19,14,17,12,6,14,16,5,19,18,22,9,20,11,11,13,19,16,15,-20,15,9,20,-20,9,8,15,13,-20,4,7,9,8,14,-20,10,14,15,-20,8,9,14,8,14,13,12,15,16,13,17,8,16,-20,23,19,5,-20,12,7,8,13,22,5,14,6,10,6,5,-20,-20,9,3,-20,8,-20,-20,-20,-20,10,11,-20,-20,-20,3,9,-20,-20,5,3,6,13,23,-20,13,17,-20,11,-20,-20,8,-20,8,9,-20,4,6,7,10,13,8,3,5,7,8,15,-20,-20,11,10,9,-20,-20,13,20,46,14,15,10,7,-20,13,4,11,12,13,-20,8,-20,-20,-20,8,8,14,6,11,11,9,6,8,11,16,4,11,8,23,8,17,-20,7,3,9,4,9,8,15,7,21,7,13,15,4,11,14,10,30,7,-20,17,10,22,5,9,6,4,9,7,7,-20,-20,-20,6,13,8,7,-20,11,-20,14,7,26,-20,15,16,14,8,22,16,13,22,19,20,18,-20,14,14,14,24,15,11,14,27,21,15,-20,15,7,18,11,26,19,12,9,26,9,17,-20,7,13,14,12,13,-20,13,14,19,4,12,18,4,29,6,-20,33,11,10,10,13,11,22,21,10,16,17,-20,-20,-20,16,20,14,15,19,23,16,-20,8,10,8,33,16,7,11,12,26,9,7,10,10,5,12,5,-20,9,10,9,13,15,7,13,14,24,-20,15,12,12,-20,28,11,15,10,9,-20,10,13,19,15,51,23,8,32,17,-20,19,24,19,25,17,6,11,6,5,-20,13,16,6,23,14,21,9,16,-20,9,7,7,8,7,10,4,7,-20,10,-20,9,13,-20,16,13,18,3,5,3,3,8,11,-20,-20,12,-20,12,4,-20,-20,3,-20,-20,6,8,5,-20,-20,5,-20,-20,3,-20,13,-20,5,16,-20,3,15,4,4,-20,5,9,-20,-20,-20,-20,3,-20,17,-20,6,-20,12,-20,5,10,-20,-20,-20,-20,6,-20,-20,-20,-20,27,5,18,14,8,19,31,18,25,28,-20,38,112,170,48,23,45,67,49,68
"chr2,2063948",12,-20,-20,22,-20,-20,-20,19,16,14,-20,12,10,15,5,4,28,-20,60,60,45,-20,43,20,33,24,23,22,-20,-20,4,4,-20,13,39,31,21,28,18,9,-20,-20,-20,-20,-20,63,13,-20,-20,18,13,35,34,10,6,14,55,15,22,13,33,27,21,26,19,11,25,41,39,11,21,22,28,20,15,35,15,11,10,-20,8,14,13,12,-20,31,28,42,47,7,4,10,29,11,17,9,-20,40,13,22,17,24,4,10,18,25,-20,13,9,6,11,4,42,26,14,-20,-20,-20,16,14,9,7,5,-20,22,-20,-20,29,10,-20,12,17,-20,-20,27,26,29,-20,-20,18,-20,10,-20,-20,14,-20,-20,-20,-20,-20,-20,-20,28,37,-20,3,11,13,-20,26,-20,14,-20,-20,-20,-20,-20,-20,10,13,37,-20,14,20,-20,9,8,39,4,59,-20,-20,25,-20,41,-20,-20,29,17,-20,33,16,3,4,-20,17,27,8,40,9,7,-20,-20,-20,-20,22,12,-20,7,-20,38,-20,28,25,-20,8,49,15,-20,7,4,-20,19,-20,10,19,11,-20,13,-20,-20,16,51,36,-20,4,13,-20,-20,-20,23,-20,-20,-20,16,15,-20,-20,-20,-20,-20,30,11,4,5,5,-20,-20,3,3,14,10,-20,4,17,17,25,7,22,7,12,24,23,-20,5,11,28,42,11,27,7,9,4,-20,-20,14,6,5,6,21,4,16,9,14,61,28,42,-20,13,18,10,-20,11,-20,7,22,20,-20,33,37,41,30,23,38,-20,7,3,-20,16,52,12,-20,23,16,14,7,-20,4,6,-20,6,-20,7,9,26,12,6,39,34,3,19,-20,-20,3,8,16,9,16,11,9,16,8,-20,14,10,17,4,7,-20,-20,7,7,13,16,5,20,-20,12,-20,16,12,7,-20,17,8,3,18,11,-20,-20,7,6,6,8,-20,9,12,-20,-20,14,3,14,10,10,-20,-20,8,16,36,8,14,-20,-20,7,20,4,22,-20,-20,19,15,-20,-20,7,2,-20,6,-20,-20,16,10,7,11,-20,8,11,14,11,9,11,17,-20,77,14,15,-20,9,-20,-20,7,5,9,7,15,13,9,-20,15,17,11,52,13,12,10,9,11,26,24,-20,8,6,-20,-20,11,-20,15,4,6,26,13,4,21,12,11,19,-20,8,7,33,16,-20,5,8,9,6,13,12,-20,-20,14,9,13,13,3,-20,14,17,7,7,-20,7,8,12,-20,36,13,12,7,4,3,-20,28,6,13,31,34,38,44,7,36,20,8,8,36,29,4,5,28,7,3,12,-20,12,-20,-20,11,-20,8,11,6,4,33,27,8,13,11,-20,18,15,19,25,10,13,8,-20,6,7,6,37,-20,-20,16,-20,-20,6,13,28,13,26,-20,9,17,7,-20,-20,13,7,-20,13,19,28,39,27,10,10,23,-20,25,-20,21,13,8,15,-20,17,9,8,-20,-20,-20,-20,-20,-20,-20,-20,-20,-20,-20,-20,-20,-20,19,-20,-20,-20,-20,-20,-20,-20,9,11,5,10,-20,29,-20,33,54,46,-20,-20,25,-20,-20,-20,-20,-20,4,-20,12,28,13,18,4,6,27,-20,-20,-20,4,9,19,46,17,-20,11,11,29,33,17,-20,31,12,41,-20,10,-20,-20,6,-20,53,9,9,10,17,10,8,19,-20,13,19,5,5,11,20,-20,12,11,22,8,14,17,7,4,21,10,19,14,16,12,5,14,16,5,18,17,21,9,19,10,11,13,19,16,14,-20,12,8,20,-20,9,8,15,13,-20,4,7,9,8,14,-20,8,14,15,-20,8,9,14,8,14,13,12,15,16,13,17,8,15,-20,23,19,5,-20,12,7,8,13,21,5,13,6,10,6,4,-20,-20,9,-20,-20,7,-20,-20,-20,-20,10,11,-20,-20,-20,3,9,-20,-20,5,3,6,13,22,-20,13,17,-20,11,-20,-20,8,-20,8,9,-20,4,5,7,-20,13,8,3,4,7,8,15,-20,-20,11,8,9,-20,-20,13,20,41,14,15,10,6,-20,13,4,-20,11,13,-20,8,-20,-20,-20,8,8,14,6,11,9,8,5,8,11,16,4,10,8,23,8,18,-20,7,3,9,3,9,8,15,7,22,7,13,15,4,11,14,10,30,7,-20,16,10,20,5,9,6,4,9,5,7,-20,-20,7,6,13,8,7,-20,11,-20,14,7,24,-20,14,16,15,8,21,17,13,20,19,19,18,-20,14,13,14,23,15,11,13,27,20,14,-20,15,7,17,10,26,20,11,8,22,9,16,-20,7,13,12,12,13,-20,13,13,18,4,12,18,4,28,6,-20,32,11,10,9,13,11,22,19,9,16,17,-20,-20,-20,16,19,13,15,19,20,16,-20,8,9,6,33,16,7,11,12,25,9,7,10,10,5,12,5,-20,9,10,9,13,14,7,12,14,24,-20,15,12,12,-20,28,11,15,10,8,-20,9,13,19,15,51,21,8,30,17,-20,18,24,17,24,16,6,11,6,5,-20,12,14,5,23,13,22,9,16,-20,8,7,8,8,7,10,-20,7,-20,10,-20,8,14,-20,16,14,17,3,5,2,4,8,10,6,-20,12,-20,11,4,-20,-20,3,-20,-20,6,9,4,-20,-20,3,-20,-20,3,-20,14,-20,4,18,-20,3,15,4,4,-20,6,10,-20,-20,-20,-20,5,-20,18,-20,5,-20,13,4,5,11,-20,-20,-20,-20,6,-20,-20,-20,-20,30,5,18,14,8,19,30,18,25,30,-20,37,106,170,47,24,45,67,50,68
"chr2,2063949",12,-20,-20,23,-20,-20,-20,20,15,17,-20,13,10,16,5,4,29,-20,60,60,47,-20,42,22,33,24,23,23,21,-20,4,4,-20,14,38,31,21,28,18,9,-20,25,-20,-20,-20,63,12,-20,-20,17,13,35,34,10,7,15,55,14,23,13,34,28,21,26,20,10,25,40,39,10,22,22,29,20,16,35,14,11,13,-20,8,15,13,12,-20,31,28,42,47,7,4,9,29,11,17,9,-20,40,12,21,17,24,4,11,19,25,-20,13,9,6,12,4,42,26,14,-20,-20,-20,16,14,9,7,5,-20,22,-20,-20,29,11,-20,12,17,-20,-20,26,27,32,-20,-20,18,-20,10,-20,-20,14,-20,-20,-20,-20,-20,-20,-20,29,36,-20,3,11,13,-20,27,-20,14,-20,-20,-20,-20,-20,-20,10,13,37,-20,14,18,-20,9,8,38,4,60,-20,-20,25,-20,41,-20,-20,30,17,-20,33,17,3,4,-20,17,24,8,40,-20,7,-20,-20,-20,-20,21,16,-20,7,-20,39,15,26,26,-20,8,48,16,-20,6,4,-20,21,-20,10,18,11,-20,13,-20,-20,16,51,36,-20,4,14,-20,-20,-20,23,-20,-20,-20,17,15,-20,-20,-20,-20,-20,30,10,4,5,5,6,-20,3,3,14,10,-20,4,17,16,24,7,22,7,13,24,23,-20,5,11,29,42,11,28,7,9,4,14,-20,14,6,-20,6,19,4,16,9,14,61,28,43,-20,13,19,10,-20,12,-20,6,22,20,-20,33,35,41,32,24,43,-20,7,3,-20,16,52,12,-20,21,15,15,7,-20,4,6,-20,6,-20,6,9,25,11,6,39,32,3,19,-20,-20,3,9,16,9,15,10,9,17,7,-20,15,10,17,4,7,-20,-20,7,7,13,16,5,22,-20,12,-20,16,11,7,-20,17,8,3,17,11,-20,-20,6,5,6,8,-20,10,12,-20,-20,14,3,15,10,10,-20,-20,8,16,36,8,14,9,-20,7,20,4,22,-20,-20,19,15,-20,-20,7,2,-20,6,-20,-20,16,10,7,12,-20,8,13,14,11,9,11,17,-20,76,15,15,-20,9,-20,-20,8,5,9,-20,15,13,9,-20,16,17,12,53,14,12,10,8,11,26,26,-20,8,6,-20,-20,11,3,14,3,6,26,13,4,22,12,11,19,-20,8,6,34,16,-20,5,8,9,6,13,11,-20,-20,14,9,13,12,4,9,14,16,7,7,-20,7,8,11,-20,38,13,12,7,4,3,-20,27,6,13,30,33,38,43,7,36,19,8,9,36,30,4,5,28,7,3,13,-20,13,-20,-20,10,9,-20,11,6,4,33,27,8,13,10,-20,18,16,19,25,10,13,8,-20,6,7,6,37,-20,-20,16,-20,-20,6,13,27,13,26,-20,9,18,7,-20,-20,12,6,-20,14,19,28,40,27,10,10,25,-20,25,-20,20,14,9,17,-20,17,10,10,-20,-20,-20,-20,-20,-20,-20,-20,-20,-20,-20,-20,-20,-20,19,-20,-20,-20,-20,-20,-20,-20,9,12,-20,10,-20,31,-20,33,54,44,-20,-20,24,-20,-20,-20,-20,-20,4,-20,12,28,13,18,4,6,26,-20,-20,-20,4,9,19,46,17,-20,11,11,29,35,17,-20,30,12,41,-20,10,-20,-20,6,-20,53,9,9,-20,17,10,7,17,-20,15,22,5,5,13,20,-20,12,11,23,8,15,18,-20,4,20,9,20,14,20,13,-20,14,18,6,18,17,21,9,18,10,11,13,19,17,15,-20,13,8,18,-20,-20,8,15,14,-20,4,7,10,8,14,-20,10,14,15,-20,7,9,13,8,15,13,12,15,17,12,17,8,16,-20,23,19,7,-20,12,7,8,13,21,5,13,6,10,6,8,-20,-20,9,-20,-20,7,-20,-20,-20,-20,11,11,-20,-20,-20,-20,9,-20,-20,6,3,6,14,23,-20,13,17,-20,11,-20,-20,8,-20,8,9,-20,4,5,7,-20,14,8,3,4,7,8,15,-20,-20,11,8,9,-20,-20,13,20,43,15,15,11,8,3,13,4,11,11,13,-20,8,-20,-20,-20,9,-20,14,6,12,9,9,5,8,11,16,4,11,8,23,8,18,-20,6,3,9,5,9,8,15,7,23,7,13,17,5,11,14,13,30,7,-20,16,10,22,5,9,8,4,9,5,8,-20,-20,7,7,13,-20,8,-20,11,-20,13,7,23,-20,14,16,15,9,22,17,14,23,20,21,18,-20,14,13,15,27,15,11,14,28,21,14,-20,15,7,18,10,27,22,13,9,23,9,17,-20,9,13,13,12,13,-20,13,13,19,4,12,18,4,29,6,-20,31,12,10,11,13,12,22,20,9,16,17,-20,-20,-20,17,21,15,19,18,23,15,-20,8,10,6,32,16,6,12,12,24,9,-20,10,9,6,12,5,-20,11,9,9,13,13,9,15,15,25,-20,16,12,12,-20,28,11,15,12,8,-20,9,12,20,15,53,22,8,33,18,-20,17,24,16,25,16,6,12,6,6,-20,13,14,6,23,13,23,9,16,-20,8,7,8,8,7,10,4,7,-20,10,-20,8,12,-20,15,15,18,-20,4,-20,-20,8,11,5,-20,13,-20,12,4,-20,-20,-20,-20,-20,7,8,5,-20,-20,3,-20,-20,3,-20,14,-20,4,19,3,5,15,5,3,-20,6,11,-20,-20,-20,-20,-20,-20,-20,-20,6,-20,13,3,6,10,-20,-20,-20,-20,5,-20,-20,-20,-20,33,-20,18,14,8,19,31,17,24,30,-20,37,112,169,46,25,45,69,50,65
"chr2,2063954",15,-20,-20,24,-20,-20,-20,19,17,17,-20,13,10,15,6,4,27,-20,59,62,45,-20,44,21,30,23,22,24,21,-20,4,4,-20,13,36,32,21,25,17,8,-20,24,-20,-20,-20,61,13,-20,-20,17,13,36,29,6,-20,15,53,12,24,13,36,30,20,25,18,11,25,39,37,10,21,22,22,19,16,35,13,11,-20,-20,8,15,11,13,-20,31,28,41,47,7,-20,11,28,11,-20,8,-20,41,14,22,14,26,4,11,19,23,-20,13,-20,5,12,4,42,26,14,-20,-20,-20,16,14,9,-20,5,-20,22,-20,-20,25,-20,-20,12,16,-20,-20,24,26,36,-20,-20,17,-20,11,-20,-20,18,-20,-20,-20,-20,-20,-20,-20,29,37,-20,3,9,13,-20,27,-20,16,-20,-20,-20,-20,-20,-20,8,12,36,-20,12,20,-20,7,8,30,3,61,-20,-20,24,-20,36,-20,-20,28,-20,-20,35,16,-20,4,-20,17,23,4,32,9,-20,-20,-20,-20,-20,21,15,-20,8,-20,38,14,22,26,-20,9,48,18,-20,6,4,8,22,-20,-20,17,12,-20,11,-20,-20,13,52,42,-20,3,15,-20,-20,-20,23,-20,-20,-20,14,-20,-20,-20,-20,-20,-20,30,11,-20,3,-20,6,-20,-20,-20,9,8,-20,3,18,-20,24,8,26,6,13,22,35,-20,5,10,25,39,10,25,5,8,4,12,-20,9,6,-20,7,16,4,15,9,14,66,38,44,-20,15,19,-20,-20,12,-20,6,22,19,-20,35,37,43,30,25,-20,-20,8,4,5,19,50,9,-20,20,14,11,7,-20,4,7,-20,6,-20,5,9,28,11,6,36,39,-20,20,-20,-20,2,10,15,9,16,-20,9,17,5,-20,15,11,18,4,7,-20,-20,7,7,14,19,5,22,-20,12,-20,17,11,6,-20,17,-20,3,17,12,-20,-20,-20,5,7,8,-20,10,11,-20,-20,16,3,15,11,10,-20,-20,8,17,31,9,15,8,-20,7,19,4,21,-20,-20,20,15,-20,-20,6,3,-20,6,-20,-20,14,10,7,14,-20,8,14,15,11,10,9,17,-20,-20,18,16,-20,9,-20,-20,8,5,9,8,14,13,9,-20,15,17,12,57,13,12,12,8,8,24,26,-20,8,6,-20,-20,12,3,13,4,6,25,13,4,24,11,11,18,-20,8,5,35,15,-20,5,8,9,6,14,10,-20,-20,14,9,14,11,4,10,16,16,7,7,-20,7,8,10,-20,38,14,11,8,-20,-20,-20,25,5,11,30,34,40,41,-20,34,18,-20,10,36,30,4,6,28,6,3,12,3,13,-20,-20,11,10,-20,11,7,5,31,27,8,13,13,-20,21,18,20,26,10,13,-20,-20,7,7,6,37,-20,-20,15,-20,-20,6,12,28,12,26,-20,6,15,6,-20,-20,11,7,-20,13,16,30,36,26,-20,11,24,-20,26,-20,22,13,-20,18,-20,17,11,10,-20,-20,-20,-20,-20,-20,-20,-20,-20,-20,-20,-20,-20,-20,19,-20,-20,-20,-20,-20,-20,-20,9,12,4,10,-20,28,-20,33,52,44,-20,-20,25,4,-20,-20,-20,-20,4,-20,12,22,9,21,4,6,28,-20,-20,-20,4,9,22,45,18,-20,10,11,30,35,17,-20,29,12,41,-20,9,-20,-20,8,-20,55,8,8,10,17,11,7,16,-20,15,19,6,5,15,21,-20,12,12,23,9,15,18,7,4,21,8,19,14,20,15,5,15,18,7,17,17,20,9,19,9,-20,13,18,17,13,-20,13,7,16,-20,9,8,16,13,-20,4,10,11,8,9,-20,10,14,17,8,7,9,11,9,15,13,13,15,17,13,17,8,15,-20,23,22,-20,-20,12,7,9,12,21,8,12,6,10,7,9,-20,-20,9,-20,-20,7,-20,-20,-20,-20,11,11,-20,-20,-20,-20,8,-20,-20,6,3,6,15,25,-20,14,17,-20,10,-20,-20,8,-20,7,9,-20,4,4,7,-20,14,7,3,4,6,9,13,-20,-20,11,7,10,-20,-20,13,20,44,15,13,10,8,-20,14,-20,10,7,13,-20,8,-20,-20,-20,9,7,15,6,12,9,9,5,9,11,14,4,10,8,25,7,21,4,6,-20,9,6,9,10,14,8,22,8,11,17,7,12,14,13,32,7,-20,16,10,23,6,10,8,4,9,5,10,-20,-20,-20,7,12,9,10,-20,10,-20,12,7,21,-20,14,15,14,10,25,17,14,21,21,22,18,-20,15,14,15,26,15,10,15,27,23,15,-20,14,7,18,11,28,22,14,10,22,10,17,-20,9,13,-20,13,11,-20,12,13,18,4,12,-20,4,26,7,-20,31,11,10,10,12,12,20,17,10,15,17,-20,-20,-20,16,18,14,18,18,22,16,-20,8,9,7,31,14,5,11,11,26,10,8,10,7,6,10,6,-20,11,10,8,12,13,8,16,15,23,-20,17,11,11,-20,30,10,15,13,8,-20,10,12,18,14,52,21,8,33,19,-20,17,23,22,25,18,7,12,6,8,-20,13,13,6,22,14,26,9,16,-20,9,7,8,8,7,9,-20,7,14,10,-20,8,-20,-20,15,14,18,-20,-20,-20,-20,8,11,-20,-20,8,-20,-20,-20,-20,-20,-20,-20,-20,-20,-20,-20,-20,-20,-20,-20,-20,-20,-20,-20,-20,-20,17,-20,-20,14,-20,-20,-20,-20,-20,-20,-20,-20,-20,-20,-20,15,-20,-20,-20,-20,-20,6,11,-20,-20,-20,-20,-20,-20,-20,-20,-20,30,-20,17,14,7,18,32,17,23,30,-20,39,105,163,37,26,45,64,47,63
"chr2,2063955",15,-20,-20,24,-20,-20,-20,19,17,17,-20,13,11,15,7,4,27,-20,63,64,46,-20,44,21,30,22,20,24,21,-20,5,3,-20,13,37,33,21,25,18,8,-20,26,-20,-20,-20,62,13,-20,-20,16,13,36,30,6,-20,15,55,13,22,16,38,29,19,25,18,12,24,39,37,12,25,23,24,18,17,35,13,11,-20,-20,8,16,11,12,-20,31,27,43,50,6,4,11,28,10,17,10,-20,42,14,23,14,27,4,11,19,25,-20,14,10,6,12,4,39,25,14,-20,-20,-20,16,13,9,-20,5,-20,23,-20,-20,25,12,-20,12,16,-20,-20,24,27,37,-20,-20,17,-20,11,-20,-20,19,-20,-20,-20,-20,-20,-20,-20,29,36,-20,3,10,13,-20,26,-20,16,-20,-20,-20,-20,-20,-20,8,12,36,-20,12,20,-20,8,9,29,4,60,-20,-20,25,-20,34,-20,-20,26,17,-20,39,16,-20,4,-20,18,23,7,33,9,8,-20,-20,-20,-20,21,19,-20,8,-20,38,13,28,24,-20,10,50,17,-20,6,4,8,24,-20,11,17,12,-20,14,-20,-20,15,52,48,-20,-20,15,-20,-20,-20,24,-20,-20,-20,14,15,-20,-20,-20,-20,-20,29,11,4,3,4,6,-20,3,4,9,8,-20,3,19,17,24,8,26,6,15,22,35,-20,6,10,27,38,11,25,5,8,5,14,-20,9,6,-20,7,18,4,15,8,14,70,38,43,-20,15,19,10,-20,-20,-20,6,23,21,-20,38,37,42,32,26,40,-20,8,4,5,20,47,9,-20,21,14,11,7,-20,4,7,-20,6,-20,5,9,30,9,6,36,39,-20,20,-20,-20,2,9,16,9,16,-20,10,18,6,-20,16,11,18,3,7,-20,4,7,8,14,19,6,22,-20,12,-20,17,11,8,-20,17,10,3,17,12,-20,-20,-20,5,7,8,-20,10,11,-20,-20,16,3,15,10,10,-20,-20,8,17,32,9,16,8,-20,7,18,5,20,-20,-20,20,16,-20,-20,6,3,-20,6,-20,-20,14,10,7,14,-20,8,15,15,11,12,10,17,-20,73,18,15,-20,9,-20,-20,8,5,9,8,14,13,9,-20,15,17,12,55,13,12,12,8,8,25,26,-20,7,6,-20,-20,12,3,12,4,6,25,13,3,24,10,12,19,-20,8,5,37,16,-20,5,8,9,6,15,9,-20,-20,18,9,14,11,4,10,16,16,7,7,-20,7,8,11,-20,38,14,11,8,-20,3,-20,25,5,11,30,37,39,40,7,35,20,8,10,36,29,4,6,28,5,3,12,5,14,-20,-20,11,10,7,11,7,5,31,28,9,13,13,-20,21,18,19,26,10,13,8,-20,7,7,6,37,-20,-20,16,-20,-20,6,12,30,12,27,-20,5,15,7,-20,-20,13,7,-20,13,16,28,35,27,9,11,25,-20,26,-20,24,13,-20,18,-20,17,11,10,-20,-20,-20,-20,-20,-20,-20,-20,-20,-20,-20,-20,-20,-20,20,-20,-20,-20,-20,-20,-20,-20,9,12,6,10,-20,27,-20,33,51,45,-20,-20,25,4,-20,-20,-20,-20,6,2,12,22,10,21,4,6,28,-20,-20,-20,4,9,22,45,19,-20,10,10,31,35,19,-20,31,12,42,-20,10,-20,-20,9,-20,54,8,8,10,17,11,7,17,-20,15,19,6,5,15,21,-20,12,12,24,10,15,18,7,4,21,9,21,14,20,15,5,15,18,8,17,18,20,10,19,10,-20,13,17,17,14,-20,15,8,17,-20,9,8,15,13,-20,4,11,11,9,11,-20,11,14,16,7,7,10,12,9,15,13,13,16,16,14,17,8,18,-20,23,21,-20,-20,12,7,10,12,21,9,12,6,10,7,9,-20,-20,9,-20,-20,7,6,-20,-20,-20,11,11,-20,-20,-20,-20,9,-20,-20,6,3,6,15,25,-20,14,17,-20,10,-20,-20,8,-20,7,10,-20,7,4,7,9,14,7,3,4,7,9,13,-20,-20,12,7,10,-20,-20,13,20,44,18,14,12,8,-20,13,-20,10,7,13,-20,8,-20,-20,-20,9,7,17,6,12,8,9,5,9,11,14,5,11,8,25,9,21,4,6,-20,9,6,9,10,14,8,23,8,11,17,7,12,15,13,32,7,-20,16,10,23,6,11,9,4,9,5,10,-20,-20,-20,7,12,9,10,-20,9,-20,13,8,21,-20,14,14,15,9,25,17,14,22,21,22,18,-20,15,14,15,26,15,10,15,28,23,15,-20,13,7,18,11,29,21,15,10,22,10,17,-20,9,14,-20,13,12,-20,12,13,18,4,12,19,4,26,7,-20,32,11,11,10,12,13,20,17,10,15,17,-20,-20,-20,16,19,14,18,18,22,16,-20,10,9,7,32,14,5,11,10,26,11,8,11,7,6,10,6,-20,11,11,7,12,13,9,16,15,23,-20,17,11,12,-20,30,10,15,14,8,-20,11,13,18,14,53,23,10,33,19,-20,15,24,22,25,18,7,12,6,8,-20,13,13,6,22,14,28,10,16,-20,9,7,8,8,7,12,3,7,14,9,-20,8,15,-20,15,14,18,3,3,-20,5,8,10,5,-20,12,5,11,4,-20,-20,-20,-20,-20,5,8,5,-20,-20,5,-20,-20,-20,-20,13,-20,3,18,-20,4,13,5,5,-20,5,11,-20,-20,-20,-20,4,-20,16,-20,4,-20,11,5,6,11,-20,-20,-20,-20,5,-20,-20,-20,-20,32,-20,17,15,7,18,35,17,24,31,-20,37,105,146,35,27,45,63,47,65
"chr2,2063957",14,-20,-20,24,-20,-20,-20,19,17,16,-20,13,13,16,7,5,28,-20,63,60,44,-20,44,20,31,24,20,24,20,-20,5,3,-20,13,38,34,21,27,18,7,-20,25,-20,-20,-20,61,12,-20,-20,17,13,36,31,6,6,15,58,11,23,16,39,28,19,25,20,12,25,39,38,12,24,23,24,20,17,35,13,10,-20,-20,8,18,11,12,-20,31,28,43,49,7,4,11,28,10,18,11,-20,42,14,23,15,27,4,11,19,24,-20,13,9,6,12,4,39,25,12,-20,-20,-20,16,13,9,-20,5,-20,22,-20,-20,26,13,-20,13,16,-20,-20,24,29,37,-20,-20,17,-20,11,-20,-20,20,-20,-20,-20,-20,-20,-20,-20,28,36,-20,3,9,13,-20,25,-20,16,-20,-20,-20,-20,-20,-20,8,12,36,-20,11,23,-20,8,9,28,4,55,-20,-20,25,-20,35,-20,-20,26,16,-20,41,15,3,4,-20,19,20,7,32,9,8,-20,-20,-20,-20,21,22,-20,9,-20,37,13,32,24,-20,11,50,16,-20,-20,4,8,24,-20,12,18,12,-20,12,-20,-20,14,52,48,-20,4,15,-20,-20,-20,26,-20,-20,-20,14,17,-20,-20,-20,-20,-20,28,11,4,3,4,6,-20,3,4,9,8,-20,3,19,17,24,9,25,7,16,21,35,-20,5,10,29,37,11,25,5,8,5,14,3,7,6,-20,7,18,4,15,8,13,65,38,42,-20,15,19,9,-20,12,-20,6,21,20,-20,38,37,42,33,26,40,-20,7,4,5,21,49,10,-20,20,14,11,5,-20,3,7,-20,5,-20,6,-20,25,9,5,35,36,-20,20,-20,-20,3,9,16,9,16,10,-20,17,7,-20,16,10,18,3,7,-20,-20,7,8,15,19,6,22,-20,11,-20,18,10,8,-20,20,11,3,17,10,-20,-20,-20,5,7,7,-20,10,11,-20,-20,15,3,15,10,10,-20,-20,8,16,31,9,16,-20,-20,6,18,5,20,-20,-20,20,15,-20,-20,5,4,-20,6,-20,-20,14,10,7,13,-20,8,14,14,11,12,10,16,-20,72,20,16,-20,10,-20,-20,8,5,9,8,14,13,9,-20,14,15,11,55,13,12,12,8,9,24,26,-20,7,6,-20,-20,12,3,12,4,6,26,13,3,24,10,13,20,-20,8,5,35,16,-20,5,8,9,6,14,9,-20,-20,18,8,14,11,5,10,16,16,6,7,-20,7,8,-20,-20,37,12,11,8,-20,3,-20,27,5,11,28,38,38,37,7,35,21,8,-20,38,29,4,6,27,5,3,13,5,14,-20,-20,11,10,7,9,6,5,50,28,9,14,14,-20,23,20,19,25,10,13,-20,-20,7,-20,6,39,-20,-20,14,-20,-20,5,13,32,12,29,-20,5,15,8,-20,-20,13,7,3,12,15,29,34,28,10,10,24,-20,26,-20,24,13,-20,18,-20,17,11,10,-20,-20,-20,-20,-20,-20,-20,-20,-20,-20,-20,-20,-20,-20,20,-20,-20,-20,-20,-20,-20,-20,9,12,6,7,-20,30,-20,33,53,45,-20,-20,24,4,-20,-20,-20,-20,6,2,12,24,11,22,4,8,28,-20,-20,-20,4,8,21,43,18,-20,9,9,31,34,20,5,33,11,41,-20,10,-20,-20,9,-20,54,8,8,10,17,11,7,17,-20,15,19,6,5,15,20,-20,12,12,24,10,15,18,7,4,21,9,21,14,20,15,5,15,18,8,17,18,19,11,19,10,-20,12,17,17,13,-20,15,8,17,10,9,8,13,13,-20,-20,11,11,9,11,-20,10,13,17,7,6,9,12,9,13,12,12,16,15,14,19,8,18,-20,23,21,-20,-20,11,7,10,11,21,8,12,6,10,7,9,-20,-20,8,-20,-20,7,6,-20,-20,-20,12,11,-20,-20,-20,-20,9,-20,-20,6,3,6,15,25,-20,14,17,-20,10,-20,-20,8,-20,6,10,-20,7,4,7,9,14,7,3,3,6,9,13,-20,-20,11,7,10,-20,-20,13,20,44,18,14,12,7,-20,14,-20,10,7,13,-20,8,-20,-20,-20,9,7,18,6,12,7,9,5,8,11,14,-20,11,8,25,9,21,4,6,-20,9,6,9,10,14,8,23,8,11,17,7,11,15,12,32,7,-20,17,10,22,6,11,9,4,9,5,10,-20,-20,-20,7,12,9,10,-20,9,-20,13,8,21,-20,14,15,15,8,25,17,14,22,19,22,18,-20,15,14,15,27,14,8,15,28,20,15,-20,12,6,17,11,28,21,13,10,22,10,17,-20,9,14,-20,12,12,-20,12,13,17,4,12,19,4,26,6,-20,33,10,10,10,11,14,20,15,10,14,16,-20,-20,-20,16,18,14,18,18,22,17,-20,10,10,7,32,13,5,11,10,27,11,9,11,8,6,10,5,-20,11,11,6,12,13,9,16,15,23,-20,17,9,12,-20,29,10,15,13,8,-20,12,13,18,13,54,23,10,32,19,-20,15,24,22,24,18,6,12,6,8,-20,13,12,6,22,14,28,10,16,-20,9,7,8,8,7,12,3,7,13,9,-20,8,14,-20,15,16,17,2,4,-20,-20,8,11,5,-20,12,5,10,4,-20,-20,-20,-20,-20,5,6,5,-20,-20,-20,-20,-20,3,-20,13,-20,3,17,3,3,15,5,6,-20,6,10,-20,-20,-20,-20,5,-20,18,-20,5,-20,13,5,-20,11,-20,-20,-20,-20,5,-20,-20,-20,-20,36,-20,19,14,7,19,34,-20,25,31,-20,39,103,131,37,27,44,63,48,68
"chr2,2063958",14,-20,-20,23,-20,-20,-20,19,17,15,-20,13,13,16,7,5,27,-20,60,60,43,-20,41,19,32,22,20,24,19,-20,5,4,-20,13,36,33,21,27,18,7,-20,28,-20,-20,-20,60,13,-20,-20,17,13,35,30,6,-20,14,59,11,23,16,38,26,18,24,21,12,23,39,38,13,22,22,-20,20,17,35,13,8,-20,-20,8,17,11,12,-20,29,26,45,48,7,-20,11,26,8,18,10,-20,41,14,23,15,27,4,11,18,24,-20,12,-20,6,12,4,39,25,12,-20,-20,-20,16,14,10,-20,5,-20,22,-20,-20,26,13,-20,14,16,-20,-20,24,28,37,-20,-20,17,-20,12,-20,-20,19,-20,-20,-20,-20,-20,-20,-20,29,38,-20,3,9,13,-20,26,-20,16,-20,-20,-20,-20,-20,-20,8,12,35,-20,10,24,-20,9,10,28,4,53,-20,-20,25,-20,35,-20,-20,26,16,-20,41,16,-20,4,-20,19,21,7,30,9,8,-20,-20,-20,-20,21,22,-20,9,-20,38,13,36,24,-20,10,50,16,-20,6,4,8,24,-20,12,18,12,3,12,-20,-20,13,53,48,-20,4,15,-20,-20,-20,27,-20,-20,-20,13,17,-20,-20,-20,-20,-20,28,11,4,3,4,6,-20,3,4,9,8,-20,3,19,16,25,10,25,7,16,23,36,-20,5,10,29,37,11,22,4,8,5,14,3,7,6,-20,7,18,4,16,8,13,65,38,44,-20,15,19,9,-20,13,-20,5,21,20,-20,37,37,42,31,26,-20,-20,7,4,6,22,47,9,-20,20,14,11,6,-20,3,8,-20,5,-20,6,9,23,8,5,35,36,-20,20,-20,-20,3,9,17,9,15,10,10,17,7,-20,16,10,17,3,7,-20,-20,7,8,15,19,6,20,-20,11,-20,18,11,8,-20,20,11,3,17,9,-20,-20,-20,5,6,7,-20,10,11,-20,-20,15,3,15,10,10,-20,-20,7,17,29,9,16,8,-20,5,18,5,21,-20,-20,20,15,-20,-20,-20,4,-20,6,-20,-20,14,10,7,12,-20,9,14,14,11,11,9,17,-20,72,20,15,-20,10,-20,-20,8,5,9,8,14,13,9,-20,14,13,10,54,13,12,12,8,9,23,26,-20,7,6,-20,-20,12,3,12,4,6,27,13,3,24,10,13,21,-20,8,5,35,16,-20,5,8,9,6,14,9,-20,-20,18,8,14,10,5,10,15,17,5,7,-20,7,8,-20,-20,37,11,11,8,-20,4,-20,26,5,11,29,37,38,38,6,33,20,-20,10,39,29,4,7,26,5,3,13,5,13,-20,-20,11,9,7,9,6,5,52,29,9,14,14,-20,21,19,16,25,11,16,-20,-20,7,7,7,39,-20,-20,15,-20,-20,5,13,30,12,29,-20,4,15,8,-20,-20,13,7,-20,13,15,29,33,27,12,10,23,-20,26,-20,22,14,10,18,-20,16,11,10,-20,-20,-20,-20,-20,-20,-20,-20,-20,-20,-20,-20,-20,-20,18,-20,-20,-20,-20,-20,-20,-20,9,12,6,7,-20,30,-20,32,53,42,-20,-20,24,4,-20,-20,-20,-20,6,2,11,24,11,22,4,8,27,-20,-20,-20,5,8,21,39,17,-20,8,9,30,37,20,5,33,12,39,-20,11,-20,-20,9,5,53,8,8,10,18,10,7,17,-20,14,20,6,6,15,20,-20,12,12,22,10,15,17,7,3,20,8,20,14,20,15,5,16,18,8,17,18,19,11,19,10,-20,12,16,17,12,-20,15,8,17,9,10,8,14,12,-20,-20,11,11,9,11,-20,10,14,17,7,6,8,12,9,13,12,13,16,15,15,19,8,17,-20,23,20,-20,-20,11,7,10,11,21,-20,12,6,10,-20,11,-20,-20,7,-20,-20,7,-20,-20,-20,-20,11,11,-20,-20,-20,-20,9,-20,-20,6,5,7,14,25,-20,14,16,-20,-20,-20,-20,8,-20,6,10,-20,8,4,7,9,14,7,3,-20,6,9,13,-20,-20,11,7,9,-20,-20,12,19,42,18,14,11,7,-20,14,-20,10,7,13,-20,8,-20,-20,-20,9,7,18,5,12,7,9,5,8,11,14,-20,11,8,24,9,21,4,6,3,9,6,8,9,14,8,23,8,9,16,7,10,14,12,32,7,-20,18,10,21,6,11,8,4,9,5,10,-20,-20,-20,8,12,8,9,-20,9,-20,14,8,21,-20,14,14,15,8,23,17,14,22,19,20,18,-20,15,14,13,27,14,7,15,29,21,15,-20,12,6,15,10,24,20,13,10,22,10,17,-20,9,14,-20,12,13,-20,12,13,16,4,12,-20,4,26,6,-20,32,10,10,10,10,14,20,16,9,13,15,-20,-20,-20,16,16,13,17,18,22,18,-20,10,11,7,30,13,5,11,-20,26,11,9,11,7,6,10,5,-20,11,10,7,12,13,9,17,15,21,-20,17,10,12,-20,28,10,13,12,7,-20,12,13,17,13,54,23,11,31,18,-20,15,23,22,23,18,6,11,6,8,-20,13,12,6,22,13,28,10,16,-20,9,7,-20,8,6,11,-20,7,12,9,-20,7,14,-20,-20,12,17,-20,-20,-20,-20,8,11,-20,-20,12,-20,-20,-20,-20,-20,-20,-20,-20,5,5,5,-20,-20,-20,-20,-20,-20,-20,13,-20,-20,16,-20,4,12,6,6,-20,7,-20,-20,-20,-20,-20,5,-20,19,-20,3,-20,11,4,5,11,-20,-20,-20,-20,-20,-20,-20,-20,-20,28,-20,20,14,7,19,32,17,25,30,-20,39,94,130,38,24,45,63,47,70
"chr2,2063962",14,-20,-20,23,-20,-20,-20,18,19,13,-20,12,13,15,9,6,27,-20,59,59,44,-20,40,21,32,23,20,23,19,6,6,4,8,12,38,33,19,27,20,6,-20,31,-20,-20,-20,56,12,-20,5,17,9,33,27,6,9,14,58,10,22,14,37,27,19,18,21,13,28,37,35,13,26,24,23,20,15,34,15,7,-20,12,6,18,11,14,-20,30,23,42,46,8,-20,11,26,9,17,10,23,42,13,22,14,27,5,14,18,27,5,11,-20,5,11,5,38,22,12,10,-20,20,16,14,11,7,5,5,23,-20,-20,26,-20,-20,14,17,-20,-20,23,27,34,-20,-20,17,-20,14,-20,-20,21,-20,-20,22,-20,-20,-20,6,25,37,-20,3,8,11,36,26,-20,16,-20,-20,-20,-20,-20,-20,9,12,39,-20,12,21,2,-20,9,26,6,55,-20,-20,25,-20,34,-20,-20,27,17,-20,43,14,-20,4,-20,16,21,7,23,9,8,-20,-20,11,-20,21,22,-20,-20,-20,37,13,37,23,12,10,49,16,-20,6,4,-20,23,-20,14,19,11,-20,13,-20,23,13,52,53,-20,-20,15,13,-20,-20,27,-20,-20,-20,13,17,-20,-20,-20,-20,-20,28,11,4,5,7,7,-20,3,-20,9,9,-20,3,19,-20,24,10,25,8,17,22,49,-20,5,9,26,32,8,24,4,8,-20,13,4,7,5,-20,8,18,3,16,8,-20,70,38,44,-20,15,19,9,-20,11,-20,6,17,22,-20,37,36,42,33,22,-20,-20,7,4,6,21,38,10,8,18,14,11,5,-20,3,8,-20,4,-20,7,8,25,7,5,35,38,-20,23,15,10,3,9,17,8,14,10,10,18,7,4,15,12,17,3,7,-20,-20,8,7,-20,18,5,20,3,-20,-20,18,12,8,5,16,11,3,17,14,-20,-20,6,6,6,9,-20,10,9,-20,-20,15,-20,16,-20,11,-20,-20,7,14,31,9,16,8,5,5,16,5,20,-20,3,20,14,-20,-20,-20,-20,-20,6,-20,-20,14,9,8,12,-20,7,14,12,11,11,10,18,-20,-20,22,15,5,9,-20,8,8,6,9,-20,14,12,9,-20,14,12,12,55,12,11,10,-20,9,23,25,5,7,6,4,-20,13,-20,12,5,5,25,13,3,24,9,13,20,6,8,5,37,14,-20,5,8,9,6,14,9,-20,-20,16,8,14,11,3,10,18,16,5,7,-20,5,8,10,-20,38,10,9,9,2,-20,4,24,5,10,31,34,37,38,-20,28,22,-20,10,37,29,4,7,23,5,3,14,6,14,-20,-20,12,10,-20,9,5,5,53,27,9,12,14,-20,22,24,17,23,11,16,-20,-20,5,7,8,39,-20,-20,15,-20,-20,6,13,30,11,28,-20,4,15,9,-20,-20,13,7,-20,12,14,29,32,24,12,10,22,-20,29,-20,23,14,9,16,-20,16,12,9,-20,-20,-20,-20,-20,-20,-20,-20,-20,-20,-20,-20,-20,-20,20,21,18,6,15,9,17,11,10,12,5,7,-20,-20,11,31,49,41,-20,-20,24,4,-20,-20,-20,-20,6,2,12,27,11,27,4,8,29,-20,-20,-20,5,9,21,41,17,-20,7,9,32,36,23,5,32,12,39,-20,11,22,-20,10,6,51,9,8,10,17,9,7,15,-20,13,22,7,6,16,21,-20,11,12,23,9,15,16,8,3,20,13,19,13,21,13,4,15,20,8,16,15,19,10,18,11,-20,12,16,16,14,8,14,9,20,8,10,8,13,12,13,-20,12,13,8,13,-20,9,16,22,8,6,8,12,8,13,10,14,15,14,15,20,8,16,9,27,20,8,6,10,8,8,10,21,10,12,7,8,-20,11,8,3,7,-20,-20,7,-20,7,7,9,12,10,12,10,7,6,9,8,13,6,5,8,14,24,8,15,15,5,-20,4,9,8,3,-20,11,-20,10,3,7,-20,14,7,3,-20,6,9,14,12,3,11,7,9,12,15,13,19,41,17,13,11,7,-20,13,-20,11,7,13,-20,8,-20,-20,-20,9,8,16,5,11,8,9,5,8,11,14,-20,13,7,24,9,19,7,8,3,8,6,8,10,12,8,26,11,10,16,8,9,13,12,32,8,10,20,10,21,6,11,8,3,9,5,9,5,12,-20,8,13,8,10,-20,8,-20,16,8,19,7,14,12,14,9,24,17,15,22,19,18,18,-20,16,16,16,26,15,6,14,29,19,14,-20,13,6,16,9,23,21,13,9,21,11,17,-20,7,13,-20,12,13,7,11,13,17,4,12,20,5,24,9,12,28,10,10,9,11,15,18,13,10,12,17,7,11,16,16,19,13,18,20,23,17,-20,10,11,9,31,14,4,11,10,25,10,9,13,7,7,9,7,-20,10,11,7,12,13,12,15,17,18,11,15,9,12,20,28,13,11,12,10,5,16,16,20,13,53,24,16,32,21,-20,15,22,27,22,17,6,13,6,7,10,16,14,7,21,14,30,11,15,-20,10,7,6,7,4,11,-20,5,13,9,11,8,-20,-20,-20,-20,19,-20,-20,-20,-20,8,7,6,-20,12,-20,12,-20,-20,-20,-20,-20,-20,-20,-20,-20,-20,-20,-20,-20,-20,-20,-20,-20,-20,-20,-20,-20,-20,-20,-20,-20,-20,-20,-20,-20,-20,-20,-20,-20,-20,16,-20,-20,-20,12,-20,5,10,-20,-20,-20,-20,-20,-20,-20,-20,-20,30,8,20,14,7,18,29,16,26,30,-20,37,84,130,37,25,43,65,47,70
"chr2,2063967",14,-20,-20,21,-20,-20,-20,17,17,11,-20,12,13,17,12,6,28,-20,59,61,46,-20,44,20,35,23,22,26,18,6,6,4,8,10,39,36,18,26,18,5,-20,33,7,-20,7,54,12,-20,6,19,11,33,28,6,10,15,61,11,21,15,39,28,24,18,24,13,27,37,38,14,26,23,25,23,16,35,16,7,13,12,7,18,12,14,-20,30,24,44,44,9,4,11,27,12,19,11,23,39,13,22,19,28,5,14,16,26,5,12,14,5,9,4,35,24,11,10,34,19,15,15,9,7,5,5,23,-20,-20,24,16,-20,19,13,-20,-20,23,27,35,-20,-20,16,-20,13,-20,-20,21,-20,-20,33,-20,-20,-20,8,27,34,-20,3,8,14,43,26,-20,18,-20,-20,-20,-20,-20,-20,10,13,42,-20,12,25,4,10,10,27,9,65,-20,-20,26,-20,34,-20,-20,29,17,-20,42,14,3,5,-20,22,20,8,21,9,8,-20,-20,-20,-20,20,24,-20,10,-20,41,12,40,22,14,13,54,17,-20,6,8,8,24,16,14,18,14,8,17,-20,27,12,51,51,-20,3,16,13,-20,-20,28,-20,-20,-20,14,19,-20,-20,-20,-20,-20,30,13,5,6,7,6,3,-20,5,13,10,-20,4,25,18,23,11,23,9,18,24,52,6,6,10,27,42,9,24,5,12,4,18,6,7,6,-20,7,23,3,15,9,17,67,36,42,-20,13,19,8,-20,10,-20,6,21,23,-20,37,40,43,35,23,41,-20,6,5,7,22,39,10,8,17,13,12,6,-20,-20,10,-20,4,-20,7,7,25,7,5,35,41,-20,20,16,11,3,9,19,-20,16,10,11,18,7,5,16,12,15,3,7,-20,-20,8,7,13,17,6,20,-20,9,-20,20,11,9,6,17,11,4,17,18,-20,-20,6,6,8,9,-20,10,8,-20,-20,15,-20,17,10,11,-20,-20,6,15,32,9,16,8,5,5,16,4,20,7,3,20,12,6,-20,5,-20,-20,6,4,-20,14,11,8,13,-20,7,16,10,12,13,10,19,-20,68,25,15,7,10,-20,8,8,6,9,9,12,11,10,-20,15,14,12,53,14,10,12,8,9,23,24,6,7,6,-20,12,13,-20,11,5,5,25,13,3,17,10,13,20,6,7,6,41,18,-20,3,8,9,6,17,9,3,-20,17,8,15,13,2,10,21,11,4,7,-20,6,8,10,6,35,10,9,9,2,-20,4,22,-20,12,32,32,39,39,7,29,21,7,11,37,28,4,9,23,6,3,15,10,17,-20,-20,11,10,7,9,4,6,53,27,9,13,14,-20,24,23,19,24,11,21,8,-20,5,6,12,39,-20,7,15,-20,-20,5,13,30,10,29,-20,5,15,10,-20,6,14,7,-20,14,14,27,33,27,14,12,23,-20,27,-20,22,15,7,14,-20,15,14,9,-20,-20,-20,-20,-20,-20,-20,-20,-20,-20,-20,-20,-20,-20,20,22,16,7,14,10,17,11,10,9,5,6,3,29,14,30,49,39,-20,-20,24,4,-20,-20,-20,-20,6,-20,11,30,17,31,4,8,30,-20,-20,-20,5,10,21,37,18,6,10,11,30,37,23,5,31,13,42,-20,13,24,-20,10,6,50,8,7,9,17,9,7,16,-20,12,21,7,6,16,21,5,9,12,23,8,18,13,8,4,21,14,13,12,21,14,5,14,21,9,14,13,17,9,18,11,11,11,17,13,14,8,14,9,18,8,10,8,13,13,12,-20,11,12,9,11,-20,10,15,23,8,6,8,13,7,16,9,14,15,14,14,18,7,16,9,25,17,8,6,10,8,10,9,20,11,9,7,8,7,11,8,3,7,-20,-20,8,10,8,7,9,12,8,12,9,7,6,10,9,13,7,4,7,11,20,8,12,16,5,7,4,9,-20,5,4,13,-20,10,3,7,6,12,6,3,3,4,9,14,12,3,11,6,8,11,16,11,16,40,17,13,10,7,-20,13,-20,11,6,11,-20,7,-20,-20,-20,9,8,17,5,11,9,8,4,7,11,14,5,14,7,24,9,16,6,9,3,9,6,7,10,11,8,25,10,9,14,8,9,13,11,35,7,11,18,10,20,6,10,8,3,8,5,9,5,11,9,8,12,7,10,-20,9,-20,16,-20,21,8,13,12,14,8,24,16,15,22,17,17,19,-20,17,17,16,24,14,7,14,26,21,13,-20,10,7,15,10,21,19,12,8,16,11,17,8,7,12,11,11,12,7,8,13,18,4,12,16,3,22,9,12,27,10,10,10,10,14,16,14,10,11,17,8,9,19,16,19,13,17,21,22,19,15,10,9,10,33,13,4,11,8,24,9,9,11,7,7,10,5,-20,6,11,7,12,11,12,15,14,18,11,13,8,14,20,26,12,9,12,9,6,16,17,18,13,52,23,17,31,19,-20,14,20,27,20,15,7,12,8,8,11,17,13,5,21,14,29,11,14,-20,11,5,8,5,5,11,4,4,7,8,12,9,14,-20,17,14,18,-20,-20,-20,4,8,8,6,-20,11,5,12,-20,-20,-20,-20,-20,-20,-20,5,-20,-20,-20,-20,-20,-20,-20,-20,12,-20,3,17,-20,-20,15,-20,-20,-20,7,8,-20,-20,-20,-20,5,-20,15,-20,5,-20,14,5,5,-20,-20,-20,-20,-20,6,-20,-20,4,-20,28,10,20,14,6,20,28,17,26,30,-20,37,74,125,35,27,43,67,45,67
"chr2,2063968",14,-20,-20,20,-20,-20,-20,17,16,11,-20,12,12,16,12,9,28,-20,59,63,43,-20,41,20,36,23,22,26,18,6,6,4,8,9,38,36,18,25,18,5,-20,32,7,-20,7,53,13,-20,6,18,11,33,29,6,10,15,60,12,20,14,39,28,22,17,23,13,27,36,38,13,26,23,23,23,15,34,17,5,13,12,8,18,11,14,-20,30,23,43,42,9,-20,10,26,12,22,11,24,39,13,21,19,27,5,12,17,29,5,13,13,5,9,4,37,25,11,11,34,20,14,15,8,6,4,5,22,-20,-20,22,-20,-20,18,12,-20,-20,23,27,37,-20,-20,15,-20,13,-20,-20,19,-20,-20,33,-20,-20,14,8,27,34,-20,3,-20,14,43,26,-20,17,-20,-20,-20,-20,-20,-20,10,12,41,-20,13,25,4,10,10,27,10,65,-20,-20,25,-20,34,-20,-20,27,-20,-20,42,14,-20,4,-20,23,18,8,21,9,8,-20,-20,-20,-20,21,24,-20,9,-20,42,12,39,21,14,15,54,16,-20,6,9,8,24,16,14,19,-20,8,16,-20,28,12,52,51,-20,3,17,13,-20,-20,26,-20,-20,-20,14,19,-20,-20,-20,-20,-20,30,12,5,6,7,6,3,-20,5,13,11,-20,4,24,-20,23,-20,22,9,17,25,49,6,7,10,28,42,9,22,5,11,-20,17,6,8,7,-20,-20,23,3,15,9,-20,67,35,42,-20,13,16,8,-20,10,-20,6,22,23,-20,34,39,41,35,23,-20,-20,6,5,7,22,38,10,8,17,12,10,6,-20,-20,10,-20,4,-20,7,6,23,7,5,37,45,-20,21,16,11,3,9,19,8,16,-20,-20,17,7,5,15,12,15,3,7,-20,-20,8,8,14,17,6,20,-20,9,-20,19,11,9,6,17,11,4,17,18,-20,-20,6,6,8,9,-20,10,8,-20,-20,15,-20,17,-20,11,-20,-20,5,14,30,9,16,8,5,4,16,4,20,7,3,20,11,6,-20,4,-20,-20,6,4,-20,13,12,8,12,-20,7,15,10,12,13,10,19,-20,-20,27,16,7,10,-20,8,8,6,9,9,13,10,10,-20,15,14,12,52,14,7,12,8,8,20,24,6,7,-20,-20,12,13,-20,11,5,5,25,13,-20,17,11,13,20,6,7,6,39,17,-20,3,8,8,6,16,9,3,-20,16,8,15,14,-20,10,22,11,-20,7,-20,6,8,-20,6,34,10,9,9,3,-20,4,22,-20,12,30,33,37,39,-20,27,20,7,10,35,27,4,9,22,6,3,15,10,16,-20,-20,11,10,7,9,4,6,51,27,8,13,14,-20,22,23,19,23,11,-20,-20,-20,5,6,12,39,-20,7,15,-20,-20,4,13,30,10,28,-20,5,15,9,-20,-20,14,7,-20,15,14,27,32,26,13,11,22,-20,27,-20,22,15,7,14,3,15,14,8,-20,-20,-20,-20,-20,-20,-20,-20,-20,-20,-20,-20,-20,-20,21,21,16,7,14,9,17,11,10,9,8,6,3,30,14,30,48,38,-20,-20,23,4,-20,-20,-20,-20,6,-20,9,32,17,31,4,8,30,-20,-20,-20,5,11,21,37,17,7,10,-20,31,37,-20,5,31,13,42,-20,13,25,-20,9,6,48,8,7,9,16,9,8,16,-20,11,20,7,6,16,20,5,9,10,22,10,18,12,8,4,21,14,13,12,22,13,4,14,20,9,14,13,17,9,17,10,13,10,16,13,14,8,14,9,17,7,9,7,13,13,12,9,10,12,10,11,-20,9,15,22,9,6,8,12,8,16,9,14,15,13,14,16,7,16,9,23,16,8,6,10,8,10,8,19,12,9,7,8,7,11,8,3,7,-20,-20,7,-20,8,7,9,12,9,12,9,7,6,10,9,13,7,4,8,11,20,8,12,16,5,7,4,9,7,4,4,13,-20,10,3,7,4,12,6,3,3,4,9,14,12,3,11,-20,8,11,16,11,16,38,17,12,9,7,-20,13,-20,11,6,11,-20,7,-20,-20,-20,10,8,17,5,10,9,9,4,8,10,13,4,12,7,24,8,16,5,9,3,10,6,7,9,11,8,24,9,8,12,8,9,13,11,34,6,11,17,9,19,6,10,10,3,6,5,8,5,11,8,8,12,7,10,-20,9,-20,16,8,22,8,13,12,14,8,23,16,13,21,17,16,19,-20,17,16,16,23,11,7,12,24,22,12,-20,8,7,14,9,20,19,12,8,15,10,17,8,7,12,11,11,12,7,8,13,17,4,11,-20,3,22,9,12,28,10,10,10,10,11,15,15,11,10,17,8,9,19,16,19,12,17,22,23,21,15,10,8,10,32,14,3,11,9,23,9,9,8,7,6,10,5,-20,6,9,7,10,12,12,14,14,18,11,12,8,12,23,24,12,10,12,9,6,15,16,14,12,52,23,17,32,19,15,14,19,27,20,15,9,11,8,8,11,16,12,5,19,14,27,11,13,-20,11,6,8,5,4,11,-20,3,6,7,12,9,-20,-20,19,-20,19,-20,-20,-20,-20,7,7,-20,-20,11,-20,12,-20,-20,-20,-20,-20,-20,-20,-20,-20,-20,-20,-20,-20,-20,-20,-20,-20,-20,-20,-20,-20,-20,14,-20,-20,-20,-20,-20,-20,-20,-20,-20,-20,-20,16,-20,-20,-20,13,-20,-20,-20,-20,-20,-20,-20,6,-20,-20,-20,-20,25,11,20,14,6,19,28,17,26,28,-20,36,74,119,32,27,43,67,43,67
"chr2,2063974",15,-20,-20,21,5,-20,-20,16,19,12,-20,13,10,17,14,12,27,-20,59,64,47,6,44,20,33,26,19,27,19,6,8,4,7,13,42,36,18,25,20,10,-20,28,10,-20,8,50,14,-20,7,17,14,34,31,8,10,16,55,11,20,15,39,28,23,18,24,16,26,37,39,13,25,24,25,22,16,35,19,6,12,12,9,19,13,13,18,31,24,43,41,10,6,13,27,13,25,11,26,42,13,21,20,29,5,12,17,28,3,14,17,7,12,5,42,26,12,12,37,21,13,16,8,8,4,5,19,-20,-20,24,18,-20,20,14,-20,-20,24,30,37,-20,-20,17,4,15,-20,-20,19,9,-20,35,-20,-20,17,11,29,40,-20,3,7,14,49,26,-20,19,-20,-20,-20,-20,-20,-20,10,10,47,49,15,25,6,13,9,26,10,68,-20,-20,27,-20,32,-20,-20,31,20,-20,48,16,3,7,4,27,21,8,20,16,10,-20,-20,-20,-20,22,27,-20,12,4,43,10,41,22,15,17,55,17,-20,6,10,12,27,16,15,24,15,8,-20,-20,30,12,50,51,-20,3,17,18,-20,-20,27,-20,-20,-20,13,23,-20,-20,-20,-20,-20,30,12,9,7,9,8,6,-20,6,15,9,-20,8,25,17,22,11,23,10,23,22,50,9,9,17,29,47,10,23,4,14,4,20,7,8,9,-20,7,26,3,12,11,17,67,33,39,-20,13,16,8,-20,11,-20,6,23,24,-20,36,37,41,38,23,40,-20,6,-20,7,25,46,10,10,16,11,12,6,9,-20,10,-20,4,-20,7,6,26,9,5,36,47,-20,20,18,11,-20,9,20,6,14,11,-20,18,6,5,16,13,14,4,6,11,7,8,6,13,16,6,18,3,9,-20,19,14,10,7,18,9,4,15,18,-20,-20,7,7,8,10,4,-20,8,-20,-20,20,-20,16,11,11,3,-20,5,14,34,10,16,9,5,9,15,4,20,7,3,18,12,5,10,5,3,-20,6,4,-20,13,12,7,12,-20,8,15,8,13,12,10,19,-20,69,26,11,7,10,-20,7,9,6,9,6,11,9,10,-20,14,14,13,53,-20,7,12,-20,10,21,26,6,6,7,6,13,13,-20,11,5,5,24,12,3,18,14,13,21,4,7,6,43,16,-20,8,9,9,8,16,8,3,-20,22,7,16,19,10,10,21,11,5,7,-20,6,8,10,6,38,9,-20,10,4,6,4,24,6,12,30,35,40,41,8,28,22,7,10,38,26,7,10,23,6,4,18,13,16,-20,8,9,11,7,12,4,7,51,27,8,13,14,-20,25,24,22,31,11,22,7,-20,6,6,15,41,-20,8,16,-20,-20,4,13,28,11,30,-20,5,13,9,6,-20,16,7,6,15,14,26,32,26,13,12,24,-20,35,-20,21,15,11,18,3,17,14,11,-20,-20,-20,-20,-20,-20,-20,-20,-20,-20,-20,-20,-20,-20,22,26,17,7,14,10,20,13,13,12,9,6,4,30,19,30,47,39,-20,7,23,4,-20,-20,10,10,7,6,11,38,18,38,5,9,37,-20,-20,-20,-20,12,23,36,19,9,13,11,30,38,36,5,36,15,51,-20,16,28,-20,9,10,50,10,8,11,20,11,8,18,16,12,20,8,7,17,19,7,11,14,22,11,23,14,9,5,20,15,16,16,25,13,5,15,20,11,14,13,21,10,20,12,13,13,15,16,15,9,13,9,17,7,11,8,19,16,13,11,10,12,12,12,-20,12,16,24,9,7,9,13,9,18,10,15,15,13,15,16,9,18,8,25,22,8,6,9,9,10,12,16,13,9,7,9,7,13,8,3,8,-20,-20,7,11,9,8,9,11,10,11,11,7,7,10,8,15,7,4,9,14,21,9,12,17,6,6,6,13,7,7,5,12,4,10,4,6,5,15,7,3,3,5,9,16,13,5,9,4,9,12,17,13,16,42,18,12,10,10,3,13,-20,11,6,11,-20,9,-20,-20,-20,10,8,20,-20,11,10,8,5,9,-20,11,4,15,8,23,11,15,7,9,-20,12,6,7,10,9,6,26,10,10,14,8,11,14,16,35,8,14,16,10,21,6,12,10,3,7,5,12,7,11,9,8,15,11,8,-20,9,-20,16,8,27,-20,13,10,16,-20,24,17,13,27,18,18,20,-20,16,16,17,23,14,8,13,25,23,14,-20,11,7,17,11,25,20,18,11,15,10,18,9,10,14,11,13,14,7,9,14,20,4,14,20,4,23,11,14,31,11,10,9,13,13,18,15,12,11,20,9,13,25,17,19,12,18,22,25,21,14,12,10,12,32,14,4,11,10,20,15,9,8,8,6,10,6,-20,5,11,8,12,12,13,18,15,17,12,18,9,12,25,26,13,11,13,10,7,15,18,15,16,52,24,19,34,21,15,17,22,29,23,15,11,12,10,10,10,18,12,7,19,14,30,13,14,-20,11,8,8,6,5,14,5,4,9,6,15,9,17,-20,21,-20,24,-20,-20,-20,-20,6,14,-20,-20,14,9,20,-20,-20,-20,-20,-20,-20,-20,9,-20,-20,-20,-20,-20,-20,-20,-20,-20,-20,3,17,-20,-20,17,-20,-20,-20,-20,7,-20,-20,-20,-20,-20,-20,13,-20,6,-20,14,7,4,-20,-20,-20,-20,-20,-20,-20,-20,5,-20,24,12,19,18,6,20,26,18,24,29,57,36,78,119,32,27,43,66,41,64
"chr2,2063975",15,-20,-20,20,5,-20,-20,16,19,12,-20,13,11,18,14,13,28,-20,58,62,44,6,43,20,35,26,18,26,20,6,9,4,7,13,42,37,18,25,20,-20,-20,27,9,-20,8,50,14,-20,7,17,14,34,31,8,11,16,56,-20,19,15,39,28,22,18,26,16,26,38,37,13,27,24,25,22,17,35,18,6,12,12,9,18,12,13,18,31,24,44,41,10,6,14,26,13,25,11,26,42,13,22,21,29,5,12,17,27,3,14,17,7,12,5,43,26,10,12,37,23,13,16,8,9,4,5,18,-20,-20,23,18,-20,20,14,-20,-20,23,29,36,-20,-20,17,4,15,-20,-20,19,9,-20,35,-20,-20,17,11,29,39,-20,3,7,17,49,26,-20,19,-20,-20,-20,-20,-20,-20,10,10,43,50,15,24,6,12,9,26,10,66,-20,-20,27,-20,32,-20,-20,33,20,-20,48,15,3,8,-20,-20,21,8,24,15,10,-20,-20,-20,-20,21,28,-20,11,4,42,10,37,23,14,16,55,17,-20,-20,10,12,29,16,15,24,17,10,18,-20,29,-20,48,51,-20,3,16,18,-20,-20,26,-20,-20,-20,13,23,-20,-20,-20,-20,-20,30,12,9,-20,11,8,6,-20,7,14,-20,-20,-20,25,16,22,12,22,10,22,22,51,10,-20,-20,28,44,-20,23,-20,12,-20,18,-20,-20,-20,-20,7,26,3,12,11,19,66,33,40,-20,12,15,-20,-20,11,-20,6,23,24,-20,36,37,42,38,22,42,-20,6,-20,7,25,47,10,10,16,10,12,6,9,-20,10,-20,4,-20,7,6,27,9,5,36,46,-20,20,18,11,-20,9,20,6,14,11,9,17,6,5,16,12,14,4,-20,13,-20,8,6,-20,15,5,18,3,9,-20,19,14,9,7,18,9,4,15,18,-20,-20,8,6,8,10,4,-20,8,-20,-20,19,-20,16,11,11,-20,-20,5,14,33,10,16,9,5,10,17,4,20,8,3,17,12,6,10,5,3,-20,6,4,-20,13,12,7,11,5,8,14,9,13,13,10,18,-20,69,27,-20,7,10,-20,7,10,6,10,6,12,9,10,-20,14,14,13,55,-20,7,12,-20,10,20,27,-20,6,7,7,13,13,-20,11,5,5,24,12,3,17,14,13,20,4,7,7,43,16,-20,8,9,9,8,16,8,3,-20,24,7,15,19,10,10,21,11,5,7,-20,5,7,9,6,37,9,-20,10,4,6,4,23,6,12,30,37,40,40,8,28,22,6,10,36,26,7,10,23,6,4,17,14,16,-20,8,8,11,7,13,4,9,51,27,8,13,14,-20,24,25,20,-20,12,22,6,-20,6,-20,14,41,-20,8,-20,-20,-20,4,12,30,11,30,-20,-20,13,9,6,-20,16,7,6,15,-20,25,31,24,13,12,22,-20,35,-20,21,15,11,19,3,16,14,11,-20,-20,-20,-20,-20,-20,-20,-20,-20,-20,-20,-20,-20,-20,22,26,17,7,14,10,20,13,13,12,-20,6,-20,28,19,31,46,39,-20,-20,23,-20,-20,-20,11,-20,6,-20,11,38,18,38,4,8,37,-20,-20,-20,-20,13,23,36,17,10,-20,12,30,39,36,5,36,15,50,-20,16,30,-20,9,10,50,-20,8,10,20,12,8,18,16,12,20,8,7,17,19,7,10,14,22,12,23,14,9,5,21,15,16,16,24,13,5,15,19,11,14,13,21,10,19,12,13,13,15,16,15,9,13,9,16,7,11,8,19,16,13,11,10,12,12,12,-20,12,16,24,9,7,9,13,9,18,-20,15,15,13,15,16,9,18,9,24,22,-20,6,9,9,10,12,16,12,9,7,9,7,13,8,3,8,-20,3,7,11,9,8,9,11,10,11,11,7,7,10,8,15,7,4,9,14,21,9,12,17,6,6,6,13,7,7,5,12,4,10,4,6,5,15,7,3,3,5,9,16,13,5,-20,4,9,12,17,13,16,42,18,12,10,10,3,13,-20,11,6,11,-20,9,-20,-20,-20,10,6,20,-20,11,10,8,5,9,10,11,4,15,8,23,11,15,8,9,-20,12,6,7,10,9,6,26,10,10,14,8,11,14,16,35,8,14,16,10,21,6,12,10,3,7,5,12,7,11,9,8,15,11,8,-20,9,-20,16,8,28,8,13,10,16,-20,24,17,13,27,18,18,21,-20,16,16,16,23,15,8,13,25,23,14,-20,11,6,17,10,25,20,18,11,15,10,18,9,10,14,11,13,13,7,9,14,20,4,14,20,4,23,11,14,31,11,10,9,13,13,18,16,12,11,20,10,12,25,17,19,12,17,22,25,22,14,11,10,12,31,13,4,11,10,20,15,9,8,8,6,10,6,-20,5,11,8,12,12,13,18,15,17,13,18,9,12,25,25,13,10,13,10,7,15,18,15,16,52,24,19,35,21,15,17,22,29,23,15,11,12,-20,10,12,17,12,7,17,14,30,13,14,-20,11,8,10,6,5,14,5,4,9,6,15,9,18,-20,21,-20,22,-20,-20,-20,-20,6,15,-20,-20,-20,-20,20,-20,-20,-20,-20,-20,-20,-20,10,-20,-20,-20,-20,-20,-20,-20,-20,-20,-20,3,18,-20,-20,-20,-20,-20,-20,-20,6,4,-20,-20,-20,-20,-20,12,-20,7,-20,16,6,3,-20,-20,-20,-20,-20,-20,-20,-20,-20,-20,27,13,19,16,6,21,26,18,24,30,58,36,78,119,36,26,43,67,41,65
"chr2,2063976",15,-20,-20,20,5,-20,-20,15,19,12,-20,13,12,18,14,14,28,-20,57,64,43,6,44,19,36,26,19,26,20,6,9,4,7,15,41,37,19,23,24,10,-20,29,9,-20,-20,48,13,-20,8,18,15,34,32,10,11,16,60,10,19,15,39,26,23,18,26,16,27,37,41,13,27,24,26,22,17,36,18,7,13,12,10,18,13,13,18,30,24,43,39,10,6,14,27,16,24,12,27,42,14,22,22,28,5,12,18,29,-20,16,17,7,12,6,43,26,11,12,37,23,13,17,8,10,-20,5,19,-20,-20,25,18,-20,19,15,-20,-20,24,28,36,-20,-20,17,5,15,-20,-20,17,9,-20,35,-20,-20,18,11,31,39,-20,3,7,17,49,26,-20,20,-20,-20,-20,-20,-20,-20,11,10,43,50,19,25,6,13,12,26,10,70,-20,-20,27,-20,32,-20,-20,33,21,-20,49,15,3,8,-20,27,21,8,25,16,10,-20,-20,-20,-20,21,29,-20,12,4,43,10,39,23,15,17,56,16,-20,6,10,11,29,16,16,23,17,10,19,-20,30,12,47,51,-20,4,18,18,-20,-20,27,-20,-20,-20,13,24,-20,-20,-20,-20,-20,32,12,9,-20,14,9,6,-20,-20,15,10,-20,8,23,16,22,12,22,10,22,23,53,11,9,19,28,48,9,23,-20,14,4,19,7,9,9,-20,7,26,3,12,11,19,65,35,40,-20,12,16,8,-20,11,-20,6,23,24,-20,37,37,40,38,22,42,-20,6,-20,7,25,47,10,10,16,11,12,6,-20,-20,10,-20,5,-20,7,6,29,9,5,37,47,-20,20,18,11,-20,9,20,6,15,12,9,18,6,5,15,13,14,4,7,14,7,7,6,12,15,5,18,3,8,-20,19,14,9,7,19,9,4,15,18,-20,-20,7,7,8,10,4,9,8,-20,-20,19,-20,16,11,11,3,-20,5,13,33,-20,17,9,5,10,17,4,20,8,3,16,12,6,10,6,3,-20,6,4,-20,13,12,7,12,5,8,14,10,13,13,9,18,-20,67,27,-20,8,10,-20,7,9,6,10,6,12,9,10,-20,14,14,13,55,-20,8,12,5,10,20,27,7,6,7,7,13,13,-20,11,5,5,24,12,3,18,11,13,20,4,7,7,43,16,-20,10,9,9,8,17,8,3,-20,26,7,15,21,10,10,21,11,5,7,-20,6,7,8,6,37,9,-20,10,4,6,4,24,6,12,31,36,37,42,8,27,22,6,10,37,27,7,10,22,6,4,20,14,16,-20,8,-20,9,7,12,4,10,52,28,8,14,14,-20,24,25,21,29,11,22,6,-20,6,6,15,43,-20,8,16,-20,-20,3,12,33,11,30,-20,5,13,9,6,-20,16,7,6,15,13,25,32,25,13,13,22,-20,35,-20,23,14,11,17,3,16,14,11,-20,-20,-20,-20,-20,-20,-20,-20,-20,-20,-20,-20,-20,-20,25,25,16,8,15,11,21,12,13,12,10,6,5,34,19,31,46,39,-20,7,24,4,-20,-20,11,9,6,8,11,38,18,39,4,8,37,-20,-20,-20,-20,13,24,38,17,10,15,13,27,39,36,5,37,14,53,-20,16,30,-20,9,11,51,10,8,10,20,12,9,18,17,12,20,9,7,18,19,7,11,13,22,11,22,13,9,5,21,17,18,16,25,13,5,16,20,12,14,13,22,10,18,12,13,15,15,16,16,9,13,10,17,8,11,8,19,16,14,13,10,12,12,12,-20,12,17,24,10,7,9,13,9,19,9,15,15,13,15,17,9,19,9,24,24,8,6,9,9,10,12,16,13,9,7,9,8,13,8,4,9,-20,4,8,11,9,8,10,10,10,11,11,7,7,11,8,15,7,4,9,14,23,9,12,17,6,6,6,13,7,7,5,12,4,10,5,6,5,15,7,4,4,5,9,17,14,5,9,3,10,12,18,13,15,43,18,13,11,10,5,13,-20,11,7,11,-20,10,-20,-20,4,11,6,21,-20,10,10,8,5,10,10,11,4,16,8,23,10,15,9,9,-20,12,6,7,10,9,6,26,10,10,14,8,11,14,16,35,-20,14,16,10,21,6,12,11,3,7,5,12,9,13,9,8,15,12,8,-20,9,-20,16,8,30,7,13,11,16,9,24,17,13,28,19,19,21,-20,16,16,15,23,15,8,14,24,23,14,-20,11,6,16,12,25,20,18,11,16,11,17,9,10,14,10,13,13,7,9,14,20,4,15,21,4,26,11,15,31,12,11,8,15,15,18,17,12,11,21,11,13,28,18,20,14,18,22,26,22,14,12,10,12,33,13,4,11,10,20,15,9,8,8,6,11,7,-20,5,11,8,14,14,13,19,15,17,14,18,10,12,26,25,14,10,13,11,7,16,20,15,16,52,25,20,37,21,17,18,26,29,24,15,11,14,-20,10,12,18,12,8,16,14,32,14,15,-20,11,10,10,7,5,15,5,4,9,6,15,9,18,-20,25,-20,25,-20,-20,-20,-20,5,16,-20,-20,15,9,19,-20,-20,-20,-20,-20,-20,-20,10,-20,-20,-20,-20,-20,-20,-20,-20,14,-20,5,18,-20,-20,19,-20,-20,-20,-20,7,4,-20,-20,-20,-20,-20,14,-20,4,-20,17,7,3,-20,-20,-20,-20,-20,-20,-20,-20,6,-20,29,13,19,20,6,20,26,18,24,31,58,37,78,119,36,27,43,69,42,66
"chr2,2063981",15,-20,-20,20,5,-20,-20,15,19,11,-20,14,12,23,15,20,28,-20,60,63,44,6,45,20,37,24,17,27,20,6,9,4,7,16,40,37,19,21,24,10,-20,30,10,9,8,45,14,-20,8,17,16,39,34,9,12,19,61,10,19,15,35,29,22,17,28,16,31,36,44,12,28,24,28,25,21,37,17,8,13,11,10,17,15,13,18,32,24,42,41,12,8,16,26,20,26,13,30,45,14,23,22,27,5,12,18,32,-20,18,18,7,12,7,39,27,12,12,37,23,12,17,8,13,7,5,22,-20,-20,27,18,-20,18,14,-20,-20,24,31,35,-20,-20,18,8,15,-20,-20,20,10,-20,39,3,-20,18,11,32,39,-20,3,-20,17,60,26,-20,20,-20,-20,-20,-20,-20,-20,10,11,44,50,21,21,7,12,14,17,9,68,-20,-20,30,3,28,-20,-20,39,22,-20,45,14,3,9,-20,27,21,8,25,15,10,-20,-20,-20,-20,21,31,-20,12,5,50,11,38,22,15,17,57,14,-20,-20,10,13,29,21,16,22,18,12,19,-20,36,-20,46,51,-20,3,18,18,-20,-20,27,-20,-20,-20,12,22,-20,-20,-20,-20,-20,38,13,12,-20,15,12,6,7,8,14,10,-20,8,25,17,22,12,27,10,24,25,52,11,10,20,31,49,14,25,-20,15,4,22,7,11,8,-20,7,26,3,16,11,24,64,48,39,-20,13,17,-20,-20,11,-20,7,22,24,-20,37,36,40,39,25,43,-20,6,-20,7,25,51,10,11,15,12,11,6,9,10,9,15,5,15,7,9,30,9,6,35,45,-20,20,20,10,6,9,20,6,16,13,-20,18,7,5,14,13,15,4,7,18,10,8,6,13,14,6,16,3,9,-20,20,13,9,8,20,8,3,13,18,-20,-20,8,7,9,9,-20,7,8,-20,-20,23,-20,18,11,11,3,-20,6,13,38,9,15,8,5,-20,16,5,18,8,3,16,12,6,9,7,5,-20,5,4,-20,11,11,8,13,4,7,15,12,13,12,10,15,-20,73,26,-20,9,10,-20,7,10,6,10,6,14,9,10,-20,14,15,13,51,-20,8,12,5,10,20,27,7,6,6,10,12,12,-20,11,5,5,25,12,-20,18,13,12,18,6,8,8,44,18,-20,12,9,9,8,18,8,3,-20,32,-20,12,20,15,10,31,11,5,6,-20,7,5,7,7,38,8,-20,10,4,5,4,22,5,12,30,33,39,41,8,27,25,6,11,38,29,6,11,22,6,-20,18,15,16,2,10,9,7,8,13,4,10,52,28,8,13,11,-20,23,25,20,29,12,22,7,-20,6,7,15,39,-20,8,16,-20,-20,5,12,33,12,30,-20,7,13,9,7,7,13,6,7,16,13,24,31,32,13,18,23,-20,34,-20,25,14,11,18,3,17,14,10,-20,-20,-20,-20,-20,-20,-20,-20,-20,-20,-20,-20,-20,-20,25,25,17,8,15,11,21,12,13,13,11,12,-20,35,20,33,49,39,-20,7,24,5,-20,33,14,-20,7,11,12,43,17,41,4,9,36,-20,-20,-20,7,17,26,38,17,11,18,16,30,38,40,6,41,13,57,-20,20,30,-20,9,11,48,11,8,12,20,14,9,18,16,11,22,12,5,18,18,8,10,13,23,11,23,14,12,6,23,16,19,15,23,13,5,16,20,12,15,13,22,10,20,13,15,15,15,18,16,9,13,10,16,9,11,8,19,15,14,14,-20,13,12,12,-20,12,19,24,13,6,9,14,10,18,9,15,15,13,14,19,9,19,9,23,23,9,7,9,9,10,12,16,12,11,7,9,7,12,9,4,9,3,4,6,11,9,8,10,10,10,13,11,7,7,11,-20,15,7,4,9,14,24,8,12,17,6,6,6,13,7,-20,5,13,4,10,5,6,5,15,7,4,3,5,9,17,14,5,9,-20,10,12,18,13,15,40,19,14,11,10,5,12,-20,11,8,10,-20,10,-20,-20,4,12,6,21,-20,11,10,9,5,11,10,11,-20,16,7,23,10,18,9,10,4,12,6,7,11,10,5,27,10,10,12,10,12,14,16,37,8,15,16,10,21,6,12,11,3,8,5,12,10,13,10,8,17,12,6,-20,9,-20,16,7,34,7,13,12,16,9,24,19,12,28,20,19,20,-20,15,15,16,24,15,8,14,24,21,14,-20,11,7,16,12,26,22,19,13,16,11,18,9,10,14,8,13,13,7,9,13,19,4,15,20,4,26,13,15,28,12,10,9,15,15,18,18,13,12,22,10,13,29,17,21,13,18,24,26,22,14,12,11,14,33,13,5,11,8,20,14,9,8,8,6,11,7,-20,5,12,8,14,15,13,20,15,17,12,19,11,12,27,24,13,10,13,11,7,16,19,15,17,53,24,22,34,20,19,20,25,30,26,14,11,14,10,9,12,19,12,8,15,14,30,13,15,-20,12,10,9,9,5,15,6,4,10,6,16,9,19,-20,29,-20,28,-20,-20,-20,7,6,20,5,-20,20,8,-20,-20,-20,-20,-20,-20,7,-20,13,-20,-20,-20,-20,-20,-20,-20,-20,18,-20,6,22,-20,-20,20,-20,-20,-20,4,-20,4,-20,-20,-20,-20,-20,16,-20,6,-20,15,5,-20,-20,-20,-20,-20,-20,-20,2,-20,8,-20,24,14,18,21,4,20,26,18,23,32,61,40,78,122,38,28,45,68,41,70
"chr2,2063982",16,-20,-20,20,5,-20,12,15,20,11,-20,14,12,23,16,20,29,-20,62,63,45,7,44,20,36,24,18,25,20,6,9,4,7,16,40,36,19,21,24,9,-20,31,10,11,8,44,13,-20,8,17,17,39,35,9,-20,19,60,10,19,15,35,29,23,17,28,16,30,36,43,12,29,25,29,24,22,39,17,9,13,11,10,18,16,13,18,32,23,41,40,13,8,16,26,19,26,13,30,45,14,25,23,27,5,12,18,32,3,20,18,7,12,7,37,27,12,12,37,23,11,17,9,13,7,5,23,-20,-20,27,18,-20,18,14,-20,-20,25,31,35,-20,-20,18,9,15,-20,-20,20,9,-20,39,3,-20,18,11,31,41,-20,3,8,17,59,26,-20,21,-20,-20,-20,-20,-20,-20,10,11,45,51,21,21,7,12,14,17,9,73,-20,-20,29,3,28,-20,-20,38,22,-20,46,15,4,10,-20,27,21,8,26,14,10,-20,-20,-20,-20,21,32,-20,12,5,49,11,38,24,15,17,56,14,-20,-20,11,13,26,21,16,23,19,12,20,-20,35,12,47,53,-20,3,18,18,8,-20,27,-20,-20,-20,12,23,-20,-20,-20,-20,-20,37,13,15,-20,15,12,6,7,8,14,10,-20,8,25,17,23,13,26,10,25,25,52,13,12,21,31,47,14,24,5,15,4,22,7,11,8,-20,7,25,3,16,11,25,66,48,34,-20,13,17,9,-20,11,-20,7,22,24,-20,37,36,40,38,26,43,-20,6,-20,7,25,51,10,11,16,14,11,7,8,10,9,15,5,16,7,9,30,9,6,35,45,-20,19,20,10,6,9,22,6,16,13,9,18,6,5,14,13,15,3,7,18,10,7,6,13,14,6,16,3,9,-20,20,13,9,8,21,8,3,13,19,-20,-20,8,7,9,9,-20,6,8,-20,-20,22,-20,18,11,11,3,-20,6,13,38,9,15,8,5,-20,17,6,18,8,3,16,12,6,9,7,4,-20,5,4,-20,11,11,9,13,4,7,15,12,13,12,10,14,-20,70,27,-20,9,10,-20,7,10,6,10,-20,14,9,10,-20,14,13,12,51,-20,7,12,5,10,20,27,7,6,6,10,12,13,-20,11,5,5,24,12,-20,18,13,12,19,8,8,9,44,18,-20,12,9,8,8,17,8,3,-20,31,8,12,23,15,12,30,11,5,6,-20,7,5,7,7,38,8,-20,10,4,5,4,22,5,12,31,33,39,41,8,28,26,7,11,40,29,6,11,22,6,4,19,16,16,2,10,9,7,8,13,5,10,53,27,8,-20,11,-20,23,27,20,29,12,21,6,-20,6,7,15,38,-20,8,16,-20,-20,5,12,33,12,30,-20,7,13,9,7,-20,13,6,7,16,13,24,30,30,15,17,25,-20,33,-20,25,13,11,18,3,17,14,11,-20,-20,-20,-20,-20,-20,-20,-20,-20,-20,-20,-20,-20,-20,25,25,19,8,16,12,22,12,13,13,11,-20,5,37,21,32,49,37,-20,7,24,5,-20,33,14,-20,7,12,12,46,-20,41,5,-20,36,-20,-20,-20,7,20,26,39,17,10,18,16,30,37,44,-20,41,13,57,-20,21,30,-20,9,11,49,12,8,12,20,14,9,18,16,11,22,12,-20,18,19,9,11,14,23,10,21,14,12,6,23,17,18,15,23,14,5,16,21,12,16,12,22,10,21,14,15,14,15,18,16,9,13,10,17,9,11,-20,19,14,12,14,-20,13,12,12,-20,12,19,24,13,6,9,15,10,18,9,16,16,13,15,19,9,19,9,21,23,-20,7,9,9,10,12,16,13,11,8,9,8,14,9,4,9,3,4,6,11,9,8,10,10,-20,14,11,8,7,11,-20,15,7,4,9,15,26,8,12,17,6,6,6,13,7,-20,6,13,5,10,5,6,5,16,7,4,4,5,10,17,14,5,9,-20,10,12,18,14,15,40,19,14,11,10,5,13,-20,11,8,-20,-20,-20,-20,-20,4,12,6,21,-20,11,11,10,6,11,10,11,3,17,8,23,11,18,9,10,4,12,6,7,12,10,5,27,10,10,12,10,11,14,16,38,8,15,16,10,21,6,12,11,3,8,5,14,10,13,10,8,17,13,6,-20,10,-20,16,7,34,7,13,12,16,9,24,19,12,28,20,20,19,-20,16,15,16,24,16,8,15,25,21,14,-20,10,7,16,12,28,22,19,13,17,10,18,10,10,14,8,13,13,7,9,13,19,4,15,22,5,27,13,15,29,12,10,9,15,14,19,19,13,15,23,10,13,29,17,21,13,19,23,26,22,15,13,12,14,34,12,5,12,9,22,14,11,-20,8,6,12,7,-20,5,12,8,16,15,13,20,15,17,13,19,11,12,27,25,13,10,13,11,7,18,21,16,17,52,25,22,38,20,20,20,26,32,27,14,11,14,10,9,12,19,13,8,15,14,30,13,15,-20,12,10,9,9,5,15,6,4,10,6,18,9,-20,-20,23,-20,27,-20,-20,-20,-20,6,18,-20,-20,17,7,-20,-20,-20,-20,-20,-20,7,-20,12,-20,-20,-20,-20,-20,-20,-20,-20,18,-20,5,25,-20,-20,20,-20,-20,-20,-20,-20,4,-20,-20,-20,-20,-20,16,-20,7,-20,14,5,-20,-20,-20,-20,-20,-20,-20,2,-20,8,-20,21,14,18,21,4,21,26,18,24,31,61,40,78,122,38,27,46,66,41,67
"chr2,2063983",16,-20,-20,19,5,-20,12,14,20,11,-20,13,13,22,16,20,29,-20,61,62,44,7,45,20,37,24,18,23,20,6,10,4,7,16,40,37,17,20,24,8,-20,31,10,13,8,44,14,-20,9,16,17,38,37,11,12,20,60,10,19,15,34,29,22,17,27,16,29,33,45,14,30,25,28,25,22,41,16,9,13,11,10,19,16,13,18,34,24,41,40,14,8,18,28,19,26,13,30,43,14,25,24,27,5,12,20,32,3,19,18,7,12,7,39,28,12,12,37,23,12,17,9,13,7,5,24,-20,-20,26,17,-20,18,14,-20,-20,25,32,36,-20,-20,18,9,15,-20,-20,21,9,-20,39,3,-20,18,13,30,41,-20,3,8,17,59,26,-20,21,-20,-20,-20,-20,-20,-20,10,11,45,50,21,21,7,12,14,16,9,72,-20,-20,28,4,27,-20,-20,41,22,-20,45,16,4,10,-20,26,20,9,27,14,10,-20,-20,-20,-20,21,29,-20,12,5,48,11,34,22,16,17,56,13,-20,-20,11,13,26,22,16,23,19,12,20,-20,36,11,47,55,-20,3,18,18,9,-20,26,-20,-20,-20,12,23,-20,-20,-20,-20,-20,38,14,16,-20,15,13,6,7,8,14,10,-20,8,24,17,23,13,26,10,26,28,52,14,12,21,33,44,14,23,4,16,6,23,7,11,8,-20,8,25,3,16,11,27,67,48,35,-20,13,16,9,-20,11,-20,7,22,25,-20,36,34,40,38,25,43,-20,7,-20,8,25,51,10,11,18,14,12,7,-20,10,9,15,5,15,8,8,30,9,6,35,44,-20,19,20,10,6,10,22,6,16,12,-20,17,6,5,14,13,15,3,9,19,10,7,6,13,14,6,18,3,9,-20,20,14,9,8,21,8,-20,13,19,-20,-20,8,7,9,8,10,6,8,-20,-20,23,-20,19,11,11,3,-20,6,13,37,8,15,8,5,-20,18,6,18,9,3,16,12,6,9,8,4,-20,6,4,-20,11,10,9,13,4,7,15,16,13,12,10,14,-20,70,27,-20,10,10,-20,7,10,6,10,7,14,9,10,-20,14,13,12,51,-20,7,12,5,10,19,27,7,6,6,10,12,13,-20,11,5,5,24,12,-20,18,13,13,19,8,8,10,44,18,-20,-20,9,8,8,18,8,3,-20,32,7,12,25,17,12,32,11,5,6,-20,9,5,6,7,39,7,-20,10,4,5,4,20,5,12,32,32,39,42,8,28,26,7,11,40,29,6,11,22,7,4,-20,-20,17,2,-20,9,7,8,13,5,10,54,28,8,14,11,-20,23,27,17,27,12,20,5,-20,6,7,15,40,-20,8,15,-20,-20,5,12,32,12,33,-20,7,13,9,7,8,13,6,7,15,13,24,30,32,15,19,25,-20,34,-20,27,14,12,19,4,17,14,11,-20,-20,-20,-20,-20,-20,-20,-20,-20,-20,-20,-20,-20,-20,25,25,19,8,16,12,21,12,13,13,14,11,5,38,22,32,50,41,-20,7,26,6,-20,35,14,10,7,12,12,47,17,41,5,10,36,-20,-20,-20,7,18,26,39,17,10,19,18,29,38,49,6,41,13,61,-20,21,30,-20,9,12,48,12,8,12,20,14,9,18,16,11,21,12,6,18,18,9,11,14,23,10,23,14,12,6,23,17,19,15,23,14,5,16,21,12,16,13,22,10,20,14,15,15,14,18,16,9,13,10,17,9,11,8,19,14,13,14,12,13,12,12,-20,12,18,21,13,6,8,15,10,18,8,16,16,13,15,18,9,19,9,22,23,9,7,8,9,10,11,15,13,11,8,9,8,14,9,4,9,3,4,6,11,9,8,-20,10,10,14,11,8,7,11,9,15,7,4,8,14,26,8,12,17,6,6,6,13,7,7,6,12,5,10,5,6,5,16,7,4,4,5,10,18,14,5,9,-20,10,12,18,14,14,37,19,14,11,10,5,12,-20,11,9,10,-20,-20,-20,-20,4,12,6,21,-20,11,11,10,5,11,10,11,3,16,8,22,11,17,9,10,4,12,5,7,12,10,5,27,10,10,12,11,11,13,16,38,8,15,16,10,21,6,12,11,3,8,5,14,-20,13,10,8,17,13,6,-20,10,-20,16,7,36,7,13,12,16,9,24,19,12,28,19,19,19,-20,16,15,16,25,16,8,15,25,20,14,-20,10,6,16,12,29,19,19,13,16,9,18,10,10,13,8,13,13,7,9,13,18,4,14,22,5,27,13,15,29,12,10,9,15,14,18,19,13,15,23,10,13,29,17,20,13,19,24,26,22,15,13,12,14,33,12,5,12,9,22,14,11,7,7,6,12,7,-20,5,12,8,16,15,13,20,15,17,13,19,12,12,27,25,13,10,13,11,7,18,21,16,16,52,26,22,38,20,20,20,26,31,27,14,11,14,10,9,12,19,13,8,15,13,30,12,15,-20,12,10,7,9,5,15,6,4,10,6,18,9,18,-20,27,-20,28,-20,-20,-20,-20,6,20,6,-20,20,-20,-20,-20,-20,-20,-20,-20,7,-20,-20,-20,-20,-20,-20,-20,-20,-20,-20,19,-20,7,-20,-20,-20,20,-20,-20,-20,5,5,5,-20,-20,-20,-20,-20,19,-20,7,-20,16,5,-20,-20,-20,-20,-20,-20,-20,2,-20,9,-20,24,14,18,21,4,21,26,18,25,27,61,40,94,121,38,27,47,65,42,67
"chr2,2063984",16,-20,-20,19,7,-20,12,16,20,11,-20,13,15,23,16,20,30,6,59,62,47,8,46,19,38,23,17,24,20,6,10,4,7,16,40,35,18,21,24,9,-20,33,10,13,10,43,14,-20,9,14,16,38,37,10,13,20,58,11,19,14,34,29,22,17,27,16,29,33,45,14,30,25,31,25,24,41,16,9,13,11,10,19,16,13,18,35,24,44,40,14,8,20,28,19,26,12,30,46,14,25,24,27,5,12,19,32,4,19,17,7,12,7,39,27,13,13,37,24,12,17,9,13,7,5,25,-20,-20,26,17,-20,19,14,-20,-20,24,32,36,-20,-20,18,9,15,6,9,22,9,-20,40,4,7,18,13,28,37,-20,3,8,18,59,25,-20,21,-20,6,-20,10,-20,-20,10,11,45,50,21,21,7,13,14,17,10,72,-20,-20,28,-20,27,-20,-20,40,22,-20,42,16,5,10,7,26,18,9,27,14,10,-20,-20,-20,-20,22,32,-20,15,6,48,11,33,24,16,17,55,13,-20,-20,12,14,26,21,15,21,19,11,19,-20,36,11,47,55,-20,3,16,18,9,-20,26,-20,-20,-20,11,22,-20,-20,-20,-20,-20,35,14,16,-20,15,13,7,9,10,13,11,-20,8,25,17,25,13,24,10,26,27,52,14,12,22,33,45,14,24,4,16,6,24,7,11,8,-20,8,19,3,17,11,28,61,48,35,-20,13,15,9,-20,11,-20,7,22,26,-20,36,37,40,39,25,44,-20,7,-20,8,25,51,10,11,18,14,15,7,8,10,9,15,5,16,8,7,31,9,6,35,44,-20,19,21,10,6,11,23,6,15,13,-20,17,6,5,14,12,15,3,9,19,10,7,6,12,13,6,20,5,9,-20,20,15,9,8,22,8,-20,12,19,-20,-20,8,7,9,8,11,6,8,-20,-20,22,-20,19,11,11,4,-20,6,13,39,8,15,8,5,-20,18,6,18,9,3,16,12,6,9,8,4,-20,6,-20,-20,11,10,9,13,4,7,15,16,13,12,10,14,-20,71,27,-20,10,10,-20,8,10,5,10,7,14,9,9,-20,14,13,12,52,-20,7,11,5,10,19,27,7,6,6,11,12,13,-20,11,5,5,24,10,-20,18,13,13,19,8,8,10,44,19,-20,-20,9,8,8,19,8,3,-20,33,7,13,26,18,10,31,11,5,-20,-20,8,4,7,7,39,7,-20,10,4,5,4,21,5,12,32,31,38,41,8,28,27,8,11,40,27,6,12,22,7,4,19,17,17,2,12,9,7,7,13,5,10,54,28,8,12,11,-20,23,27,16,28,12,18,5,-20,6,6,16,40,-20,9,15,-20,-20,6,12,34,12,33,-20,7,13,9,7,8,13,6,7,16,13,24,31,32,16,20,25,-20,34,-20,30,15,12,20,4,17,14,12,-20,-20,-20,-20,-20,-20,-20,-20,-20,-20,-20,-20,-20,-20,28,26,20,7,17,11,22,12,13,13,13,11,5,37,22,32,52,40,-20,7,25,6,-20,35,14,10,6,12,12,48,17,41,5,10,39,-20,-20,-20,6,19,24,42,17,10,20,18,30,38,49,6,39,14,61,-20,22,30,-20,9,12,48,13,7,13,23,14,10,19,16,11,23,13,6,19,17,9,11,14,24,10,21,14,13,6,23,20,19,14,25,15,6,17,22,12,16,14,23,9,20,15,15,16,14,18,16,9,12,10,17,9,11,8,19,14,12,14,12,15,12,12,-20,12,20,24,16,7,8,15,10,18,8,16,17,14,14,18,8,19,11,24,24,10,9,9,9,10,12,15,15,11,9,9,8,14,9,5,10,3,4,7,12,9,8,11,10,10,15,11,9,7,11,11,15,8,4,8,15,26,9,12,17,6,6,6,13,7,8,7,12,5,10,5,6,5,16,7,4,4,5,10,17,14,5,9,-20,10,12,18,14,15,40,19,15,11,11,5,13,-20,12,9,10,-20,10,-20,-20,5,12,6,21,-20,11,11,11,5,12,12,11,5,18,9,21,11,18,9,10,4,12,6,7,14,10,5,27,10,10,13,11,13,14,15,38,8,14,17,11,21,6,12,11,3,8,5,14,11,13,10,9,19,14,6,-20,10,-20,15,7,36,8,14,12,15,10,24,20,12,31,21,19,20,-20,17,16,17,26,18,9,15,25,21,14,-20,10,6,18,12,31,21,20,13,17,10,18,10,10,15,8,13,13,7,9,13,18,4,14,22,5,29,13,15,30,14,10,10,15,14,20,19,14,15,22,10,14,28,16,22,13,19,24,25,21,14,14,12,14,32,12,5,12,12,22,15,12,8,7,6,12,7,-20,6,12,8,16,16,14,20,15,18,13,18,13,12,28,25,14,12,13,11,8,18,22,16,17,51,27,22,38,20,21,20,26,31,27,14,11,14,11,9,12,19,14,8,15,13,30,14,14,15,12,10,8,9,6,15,6,4,10,6,20,9,18,-20,27,-20,28,-20,-20,-20,-20,6,20,7,-20,21,-20,-20,-20,-20,-20,-20,-20,7,-20,-20,-20,-20,-20,-20,-20,-20,-20,-20,20,-20,7,25,-20,-20,19,-20,-20,-20,-20,-20,7,-20,-20,-20,-20,-20,16,-20,6,-20,17,5,-20,-20,-20,-20,-20,8,-20,-20,-20,9,-20,24,14,19,21,3,20,25,18,25,28,61,40,94,122,38,27,47,68,42,67
"chr2,2063986",16,-20,-20,20,7,-20,13,15,20,10,-20,12,15,23,18,20,29,6,60,62,47,8,47,19,38,21,18,22,20,6,10,4,7,16,39,35,18,19,24,9,-20,34,10,13,10,42,14,-20,10,15,16,35,37,12,13,19,59,11,18,14,32,28,23,17,28,15,27,31,45,15,30,25,29,25,24,42,16,11,13,12,10,19,16,13,18,34,23,46,41,15,8,23,28,19,29,12,30,47,14,26,23,26,5,12,18,32,4,18,17,7,12,6,40,29,13,13,37,21,12,18,9,12,7,5,25,-20,-20,26,17,-20,20,12,-20,-20,24,33,38,-20,-20,18,9,15,6,9,23,9,-20,40,4,7,18,12,28,39,-20,3,7,18,61,24,-20,21,-20,6,-20,10,-20,-20,11,15,49,46,22,21,7,13,13,19,10,71,-20,-20,27,-20,27,-20,-20,39,23,-20,44,16,5,11,7,28,18,10,27,14,11,-20,-20,-20,-20,22,32,-20,13,6,49,-20,32,28,16,16,55,12,-20,-20,13,15,24,21,15,20,19,11,20,-20,38,12,47,54,-20,3,15,19,11,-20,26,-20,-20,-20,11,24,-20,-20,-20,-20,-20,34,15,15,-20,16,13,7,10,11,13,11,-20,8,26,17,23,12,24,10,27,26,55,14,13,23,31,42,15,23,4,16,6,24,7,10,10,-20,8,19,3,18,11,28,62,48,36,-20,13,16,9,-20,11,-20,7,22,25,-20,37,36,40,39,26,41,-20,8,9,8,24,54,11,12,18,14,22,7,8,10,9,14,-20,-20,8,7,31,9,6,33,41,-20,18,20,10,6,11,24,6,16,13,9,16,6,5,12,13,15,4,9,20,12,7,-20,12,13,6,20,4,8,-20,21,15,10,8,23,8,-20,12,20,-20,-20,8,7,9,8,-20,6,9,-20,-20,21,-20,18,11,10,4,-20,6,13,39,8,15,9,5,-20,18,6,19,10,3,15,12,6,9,8,4,-20,6,4,-20,11,11,9,12,-20,8,15,16,12,13,10,14,-20,71,26,-20,10,10,-20,8,9,5,10,-20,14,8,9,5,14,12,12,49,-20,7,11,5,9,18,27,7,6,6,11,12,13,-20,11,5,5,25,11,-20,18,11,13,19,8,8,10,43,19,-20,-20,9,9,7,18,8,3,-20,35,6,14,27,20,10,30,10,5,6,-20,8,4,7,7,37,6,-20,10,4,5,4,22,5,12,31,30,38,39,8,25,28,7,11,40,29,6,12,21,7,4,19,17,17,2,12,9,7,7,13,5,10,54,27,8,13,10,-20,22,28,16,27,12,18,5,-20,6,6,16,41,-20,9,-20,-20,-20,6,13,34,11,33,-20,7,13,9,7,8,13,6,7,16,13,24,31,32,17,20,25,-20,34,-20,31,15,12,21,4,18,14,12,-20,-20,-20,-20,-20,-20,-20,-20,-20,-20,-20,-20,-20,-20,28,28,20,7,16,11,22,12,12,14,13,11,5,37,23,34,54,41,6,8,25,6,-20,37,15,10,8,13,12,49,18,41,5,11,39,-20,-20,-20,6,18,24,44,17,10,19,19,30,38,51,6,36,14,59,-20,24,30,-20,9,12,47,13,7,14,23,14,11,19,17,11,21,12,6,19,16,9,11,14,23,10,21,14,13,5,24,19,19,14,25,15,6,17,20,12,15,14,22,9,20,15,15,16,14,17,16,9,12,10,17,9,11,8,19,14,11,15,12,15,14,14,-20,12,20,24,16,7,9,15,10,18,8,16,18,14,14,17,8,19,10,23,24,10,9,9,9,10,12,14,15,11,9,8,-20,14,9,5,9,3,-20,7,12,9,8,11,11,10,13,11,9,7,11,11,15,8,3,7,15,26,9,12,16,6,5,6,13,6,-20,6,12,5,10,5,6,5,16,7,4,4,5,11,16,14,5,9,-20,9,12,18,13,14,40,19,16,11,11,-20,13,-20,12,9,10,-20,9,-20,-20,5,12,7,21,-20,11,11,11,5,12,12,9,5,18,9,20,11,18,9,10,4,12,6,7,14,10,5,27,10,-20,13,11,12,14,17,38,9,16,17,11,21,6,12,11,3,8,5,14,11,13,9,9,19,14,6,-20,10,-20,14,7,36,8,13,12,15,10,24,20,13,32,22,19,19,-20,16,16,17,26,18,9,15,26,21,15,-20,10,6,18,12,31,20,21,13,15,10,18,10,10,16,8,13,13,7,10,13,17,4,13,22,5,26,13,15,29,14,10,10,15,14,21,20,14,15,22,10,14,28,16,22,13,19,24,24,20,14,14,12,15,32,11,5,12,13,24,15,12,8,8,6,13,8,-20,6,12,-20,16,16,14,20,14,18,13,18,13,12,28,25,14,12,13,11,8,19,22,15,18,51,27,22,40,20,22,20,28,32,27,14,11,14,12,9,12,19,14,8,13,14,30,15,14,15,12,10,8,9,6,15,6,4,10,6,19,9,19,-20,27,-20,27,-20,-20,-20,8,5,20,-20,-20,19,-20,-20,-20,-20,-20,-20,-20,7,-20,-20,-20,-20,-20,-20,-20,-20,-20,-20,20,-20,-20,25,-20,-20,21,-20,-20,-20,-20,4,7,-20,-20,-20,-20,-20,21,-20,6,-20,14,4,-20,-20,-20,-20,-20,8,-20,-20,-20,9,-20,22,14,19,21,-20,20,25,17,26,27,64,38,93,122,42,28,48,65,40,66
"chr2,2063988",16,-20,-20,21,8,3,13,17,20,11,-20,13,16,23,18,19,28,6,64,61,50,8,49,19,38,21,14,23,17,6,11,4,6,16,39,35,19,19,24,10,-20,34,12,13,12,41,13,-20,10,15,17,37,37,13,12,19,57,13,19,14,33,29,24,16,31,16,28,31,47,15,30,23,30,25,24,42,16,11,13,12,10,20,16,12,18,34,22,48,40,15,8,23,28,22,29,13,30,50,15,26,25,26,5,12,20,33,4,19,19,7,12,6,40,30,13,13,37,21,12,18,9,12,7,5,25,-20,-20,26,16,-20,21,13,-20,-20,25,35,39,7,-20,17,9,15,7,-20,25,9,-20,41,4,7,18,12,26,39,-20,3,7,18,62,26,-20,21,-20,6,-20,11,-20,-20,11,15,50,47,23,21,8,13,13,19,11,70,4,-20,27,3,27,-20,-20,38,23,-20,43,15,5,11,7,29,17,9,28,13,11,-20,-20,-20,-20,18,31,-20,14,6,48,11,32,27,20,19,53,10,-20,8,13,15,25,23,-20,21,20,11,19,-20,38,13,48,54,-20,3,16,19,12,-20,26,-20,5,-20,11,24,-20,-20,-20,-20,-20,32,15,15,-20,16,12,7,10,14,15,11,-20,8,27,16,25,12,23,9,26,26,56,14,14,24,31,45,15,23,6,19,7,23,7,17,10,5,9,19,4,18,11,29,63,48,37,-20,13,15,9,-20,11,-20,7,23,25,4,37,36,40,39,28,38,-20,8,8,7,23,56,10,13,17,15,22,7,-20,10,10,14,-20,15,8,7,31,8,7,34,40,-20,18,20,10,6,11,25,7,16,14,9,17,6,5,12,13,14,4,9,21,15,7,6,11,13,6,20,6,9,-20,20,14,10,9,22,7,4,12,21,-20,-20,9,7,-20,7,16,6,-20,-20,-20,21,-20,18,11,10,4,-20,6,12,42,8,15,9,5,-20,17,6,20,12,3,15,11,6,9,8,4,-20,7,4,-20,11,11,10,12,-20,8,15,16,12,13,11,14,-20,73,26,-20,10,9,-20,8,8,5,10,7,14,8,-20,6,14,12,13,49,-20,7,10,6,8,18,23,7,6,6,-20,11,13,-20,11,5,5,25,11,-20,18,11,13,19,8,8,11,43,20,-20,-20,9,8,6,18,8,3,-20,37,6,13,28,19,10,30,10,5,6,-20,8,5,7,-20,36,6,8,10,4,6,4,22,5,12,32,31,39,40,8,25,27,7,11,40,30,6,12,24,8,5,19,17,17,2,13,9,7,9,13,5,8,50,27,7,13,11,-20,23,28,16,25,14,18,5,-20,6,6,15,42,-20,10,20,-20,-20,6,13,32,11,30,3,7,12,9,8,7,13,5,7,15,13,23,32,32,18,20,25,-20,33,-20,31,15,12,21,4,18,14,12,-20,-20,-20,-20,-20,-20,-20,-20,-20,-20,-20,-20,-20,-20,28,28,20,6,16,11,22,12,12,14,13,12,5,40,25,34,50,37,6,8,23,6,-20,37,15,11,10,15,15,56,19,39,5,12,35,-20,-20,-20,6,17,23,45,17,10,22,22,31,39,53,6,38,12,56,-20,31,31,-20,10,12,47,13,8,15,23,15,11,19,17,11,21,12,6,19,18,9,12,14,23,11,22,14,14,5,24,19,19,14,25,15,6,18,20,12,13,14,22,9,20,15,15,16,15,17,16,10,12,-20,17,9,11,8,19,14,11,15,12,15,14,14,-20,12,20,25,16,7,9,14,9,18,8,16,18,14,14,17,8,19,10,23,23,10,9,9,9,10,12,14,15,11,9,8,8,14,8,5,9,3,-20,8,12,9,8,10,11,10,13,11,9,7,11,11,16,8,3,7,15,26,9,12,17,5,5,6,13,6,8,6,12,5,10,5,6,5,15,7,4,4,5,11,17,13,5,9,3,9,12,18,13,14,40,19,17,11,11,5,13,-20,13,8,10,-20,11,-20,-20,5,12,7,21,-20,11,10,13,5,12,11,9,6,18,9,20,11,18,9,10,5,12,6,7,16,10,5,27,10,10,13,11,11,15,17,38,9,16,17,11,21,6,12,10,3,8,5,14,11,13,9,9,19,14,6,-20,-20,-20,14,6,36,8,13,13,15,10,23,20,13,32,22,19,19,-20,16,16,19,26,18,9,15,27,21,16,-20,10,6,18,12,32,19,21,13,16,10,18,10,10,16,8,12,13,7,11,13,17,4,13,22,5,26,13,15,29,14,10,10,16,14,21,20,15,15,21,10,14,28,16,23,14,18,24,23,21,16,13,14,15,33,11,5,12,12,25,15,12,10,8,6,13,8,-20,6,13,8,16,16,14,20,13,18,13,19,12,11,28,23,14,12,13,11,8,19,22,16,17,52,26,23,41,21,22,20,28,32,27,14,10,14,12,9,12,19,14,8,13,14,29,15,14,15,12,10,8,9,5,15,6,4,12,6,19,9,21,-20,26,-20,28,-20,-20,-20,-20,5,19,-20,-20,20,-20,24,-20,-20,-20,-20,-20,-20,-20,-20,-20,-20,-20,-20,-20,-20,-20,-20,21,-20,-20,23,-20,-20,22,-20,-20,-20,-20,-20,9,-20,-20,-20,-20,-20,18,-20,7,-20,13,4,-20,-20,-20,-20,-20,8,-20,-20,-20,9,-20,22,14,19,22,3,19,24,17,26,28,65,38,94,122,44,28,48,67,37,68
"chr2,2063989",15,-20,-20,21,9,3,13,18,20,10,-20,13,16,23,19,21,26,6,63,63,49,8,49,18,37,21,15,23,17,6,11,4,6,16,39,34,20,19,25,10,-20,34,11,13,13,40,12,-20,10,15,17,37,37,13,12,20,55,12,19,14,33,28,25,16,31,16,28,31,47,16,31,23,30,26,24,44,16,11,13,12,10,20,16,13,19,34,23,49,39,15,8,23,28,22,29,12,30,49,15,27,25,26,5,12,20,33,4,19,19,7,12,6,41,30,13,13,36,21,12,18,10,12,7,5,26,-20,-20,26,16,-20,21,14,-20,-20,24,35,39,7,-20,17,10,15,7,9,25,10,-20,40,4,7,18,12,26,36,-20,3,7,18,65,27,-20,21,-20,6,-20,11,-20,-20,11,15,51,47,22,20,8,14,13,20,11,71,4,-20,27,3,27,-20,-20,40,23,-20,43,15,5,11,7,28,17,9,28,14,11,-20,-20,-20,-20,17,31,-20,14,6,50,12,32,30,20,18,55,-20,-20,-20,13,15,24,23,-20,21,20,11,18,-20,39,13,50,54,-20,3,17,19,12,-20,25,-20,5,-20,-20,25,-20,-20,-20,-20,-20,32,15,16,-20,17,12,7,11,14,16,11,-20,8,28,17,25,12,23,10,26,27,56,14,14,24,30,42,16,25,6,19,7,24,7,19,10,5,9,19,4,16,11,29,61,48,37,-20,13,15,8,-20,11,-20,7,23,26,4,37,36,40,40,28,43,-20,8,8,7,22,56,10,12,16,15,24,7,8,10,10,14,-20,14,8,7,31,7,7,34,39,-20,18,20,10,6,11,24,7,16,14,-20,17,6,4,12,13,11,4,9,21,15,7,6,12,13,6,20,6,9,-20,19,15,10,9,22,7,4,12,21,-20,-20,9,7,9,7,17,6,-20,-20,-20,24,-20,18,11,10,4,-20,6,12,43,8,15,9,5,-20,18,7,20,13,3,15,11,6,8,8,4,-20,7,4,-20,11,11,10,12,-20,8,15,16,12,14,13,15,-20,73,27,-20,10,9,-20,8,8,5,9,6,14,8,9,6,14,12,12,49,-20,7,10,6,8,18,25,7,6,6,-20,11,13,-20,11,5,6,25,11,-20,18,11,13,18,8,8,11,45,22,-20,-20,9,8,6,19,8,3,-20,37,6,13,28,20,10,31,10,5,6,-20,8,5,7,6,37,6,8,10,4,6,4,19,5,12,32,29,41,40,8,26,26,7,11,38,30,6,12,24,8,5,19,17,17,2,13,9,7,9,13,5,8,51,27,6,13,11,-20,23,29,17,25,14,21,5,-20,6,6,15,42,-20,-20,19,-20,-20,5,13,30,9,32,3,7,12,9,8,7,12,5,6,14,13,22,32,33,18,20,26,-20,33,-20,31,15,13,21,4,19,14,12,-20,-20,-20,-20,-20,-20,-20,-20,-20,-20,-20,-20,-20,-20,28,28,20,7,16,13,22,11,13,13,13,12,5,42,25,33,48,39,6,8,22,7,-20,37,15,12,11,15,15,56,20,38,5,13,36,-20,-20,-20,6,18,23,47,17,10,22,24,31,39,-20,6,38,12,58,18,30,30,-20,9,12,46,13,8,15,22,15,11,20,16,11,22,12,6,19,18,10,12,14,23,11,22,14,14,5,24,19,19,15,25,16,6,17,20,13,14,15,23,9,21,14,15,17,15,17,16,10,12,10,17,9,11,8,18,16,12,15,12,15,14,14,-20,12,20,26,15,6,9,14,9,18,8,17,18,14,14,17,-20,-20,11,23,23,10,9,9,9,10,12,16,15,11,9,8,8,14,8,5,9,3,-20,9,12,9,9,12,11,10,13,11,9,7,11,11,16,8,3,-20,15,26,9,12,17,5,5,6,13,6,8,6,12,5,10,5,6,5,15,7,4,4,5,11,18,13,5,9,3,9,12,18,14,14,41,19,17,11,11,6,13,-20,13,8,10,-20,11,-20,-20,5,13,7,21,-20,11,12,13,5,12,13,9,6,19,10,20,11,18,9,10,5,12,7,7,16,10,5,30,10,10,13,11,12,15,17,39,9,17,18,11,21,6,12,10,4,8,6,13,11,13,9,9,20,14,6,4,10,-20,14,6,37,9,13,14,15,10,24,21,13,32,22,19,19,-20,18,16,19,26,19,9,15,27,22,16,-20,10,6,18,13,33,20,22,13,16,10,19,10,10,16,8,12,13,9,11,13,16,-20,13,22,5,26,13,15,30,14,10,10,16,14,22,20,15,15,22,10,15,28,17,23,14,17,25,23,22,16,15,14,17,33,12,5,12,11,25,15,12,10,8,6,14,8,-20,6,13,8,16,16,15,22,15,19,13,19,12,11,29,24,15,13,13,11,9,20,22,16,18,57,26,23,42,20,22,20,28,33,27,15,10,14,12,9,12,19,15,8,13,14,29,15,14,15,12,10,8,9,5,15,6,4,12,6,19,9,21,-20,26,-20,28,-20,-20,-20,-20,5,16,-20,-20,19,-20,24,-20,-20,-20,-20,-20,-20,-20,-20,-20,-20,-20,-20,-20,-20,-20,-20,22,-20,-20,23,-20,-20,21,-20,-20,-20,-20,3,11,-20,-20,-20,-20,-20,18,-20,-20,-20,12,4,-20,-20,-20,-20,-20,8,-20,-20,-20,9,-20,23,14,17,-20,4,19,24,17,26,28,65,38,94,122,47,28,48,68,40,67
"chr2,2063990",15,-20,-20,23,9,3,13,18,20,11,-20,13,16,23,19,22,26,6,62,63,50,7,51,17,36,21,15,23,18,5,11,4,6,16,38,35,20,18,25,10,-20,33,11,13,13,40,11,-20,10,15,16,37,38,13,12,20,57,13,19,14,32,27,25,15,31,16,28,31,47,16,29,23,30,26,25,44,15,11,13,12,10,19,16,13,19,34,22,49,41,15,10,23,29,21,29,13,32,50,15,27,26,27,6,12,20,32,4,19,21,8,12,6,42,30,13,13,36,21,12,18,10,12,7,5,27,-20,-20,26,16,-20,20,15,-20,-20,24,36,37,8,-20,17,10,15,7,9,25,11,-20,42,4,7,19,12,26,37,-20,3,7,17,69,25,-20,21,-20,6,-20,11,-20,-20,12,15,51,48,24,20,8,15,13,20,11,76,4,-20,26,3,23,-20,-20,41,-20,-20,41,15,5,-20,7,-20,17,9,28,14,11,-20,-20,-20,-20,17,32,-20,15,6,49,12,32,30,20,18,59,8,-20,7,12,14,26,23,-20,21,18,-20,18,-20,42,13,49,53,-20,3,17,18,12,-20,25,-20,5,-20,10,26,-20,-20,-20,-20,-20,32,15,16,8,17,12,7,11,14,17,10,-20,8,31,17,24,12,23,8,26,27,55,14,13,24,30,40,16,27,6,19,7,24,7,18,8,5,10,16,4,16,11,29,65,49,36,-20,13,17,-20,-20,11,-20,7,23,26,4,37,36,40,41,28,42,-20,8,8,7,22,57,10,13,16,15,24,7,9,10,10,15,-20,14,8,8,31,6,7,33,38,-20,18,20,9,7,11,24,7,16,12,-20,17,6,4,12,12,10,-20,9,22,15,7,6,12,13,7,20,6,9,-20,19,15,10,9,23,7,3,12,21,-20,-20,9,7,9,7,-20,6,-20,-20,-20,23,-20,18,10,10,4,-20,6,11,43,8,15,9,5,-20,18,7,20,13,3,15,11,6,8,8,4,-20,7,5,-20,10,-20,10,12,-20,8,15,-20,12,14,13,15,-20,73,27,-20,11,9,-20,8,8,5,9,6,14,8,9,-20,14,13,11,49,-20,7,10,6,8,19,25,7,6,6,-20,12,13,-20,11,4,6,26,10,-20,18,11,14,18,9,7,11,44,20,-20,-20,9,8,6,19,8,3,-20,38,7,13,28,20,11,31,10,5,6,-20,8,5,-20,6,37,6,8,10,3,6,4,19,5,12,34,30,40,41,9,25,29,7,11,38,30,6,12,24,8,5,20,17,17,2,13,9,7,10,13,5,8,51,27,6,12,11,-20,23,30,17,25,15,19,5,-20,6,6,14,42,-20,10,19,-20,-20,5,13,31,8,33,3,7,12,9,7,7,13,5,6,14,12,22,32,35,19,19,25,-20,33,-20,31,15,13,21,4,19,15,12,-20,-20,-20,-20,-20,-20,-20,-20,-20,-20,-20,-20,-20,-20,28,29,20,7,15,13,22,11,13,14,13,12,6,44,25,36,50,37,6,8,23,7,-20,39,16,12,10,15,16,55,21,36,5,12,36,-20,-20,-20,5,19,-20,45,17,10,22,24,29,39,-20,6,39,12,58,18,30,29,-20,9,12,46,13,8,15,22,15,12,20,16,11,22,12,6,20,18,11,12,14,23,11,22,14,14,5,24,19,19,15,25,16,6,18,20,13,13,15,25,9,22,15,16,17,15,17,16,11,12,10,18,9,11,8,18,15,13,15,12,15,14,14,-20,12,21,26,15,6,9,14,9,18,8,17,18,14,13,17,8,20,10,22,23,10,9,9,9,10,12,15,15,11,8,8,8,14,8,5,9,3,-20,10,12,9,9,12,11,10,13,11,9,7,11,11,16,8,4,7,15,26,9,12,16,5,6,7,13,6,9,7,12,5,10,5,6,5,15,7,4,4,5,11,18,13,7,9,4,9,12,18,14,14,41,19,17,12,12,6,13,-20,12,8,10,-20,11,-20,-20,5,14,7,21,-20,11,12,13,6,12,13,9,6,19,10,20,11,18,9,10,5,11,7,8,16,10,5,29,10,10,14,11,12,15,17,39,9,17,18,11,22,6,12,11,4,8,6,14,11,13,9,9,21,14,6,4,10,-20,15,6,37,9,13,14,15,10,24,22,13,32,23,19,20,-20,19,16,19,26,19,9,15,27,23,16,-20,10,7,18,13,34,20,22,13,16,10,19,11,10,16,8,13,13,9,11,14,18,-20,13,22,5,26,13,15,31,14,9,10,16,14,22,20,15,15,23,10,15,28,17,23,14,19,25,23,23,16,16,14,18,34,13,6,12,12,26,15,13,10,8,6,15,8,-20,6,13,8,16,17,15,22,15,19,13,19,12,11,29,25,15,13,13,11,10,20,21,16,17,57,26,23,43,21,22,22,28,35,27,15,10,14,12,9,12,19,15,8,13,14,28,14,14,14,12,10,8,10,6,16,6,5,12,6,19,9,21,-20,24,-20,29,-20,-20,-20,10,6,18,-20,-20,20,-20,20,-20,-20,-20,-20,-20,-20,-20,-20,3,-20,-20,-20,-20,-20,-20,-20,22,-20,-20,21,-20,-20,21,-20,-20,-20,-20,3,-20,-20,-20,-20,-20,-20,17,-20,6,-20,12,4,-20,-20,-20,-20,-20,8,-20,-20,-20,9,7,22,14,17,-20,4,19,24,17,26,28,66,37,94,122,50,27,47,68,41,67
"chr2,2064000",13,-20,-20,23,12,4,15,17,21,11,5,14,15,25,20,24,24,-20,62,62,51,10,51,19,40,23,15,20,19,5,11,5,6,18,33,40,22,16,25,11,13,35,10,-20,15,42,15,14,10,15,19,34,37,17,12,22,63,12,18,13,32,31,23,17,32,17,29,32,46,16,30,25,24,23,28,45,19,10,14,12,11,20,20,10,17,34,22,44,40,19,8,24,27,21,29,13,25,47,16,24,30,29,7,14,19,34,-20,19,24,7,14,7,36,33,16,10,36,20,11,19,10,10,7,5,23,-20,3,19,-20,11,22,14,4,5,26,38,39,-20,10,19,10,14,9,14,26,15,6,40,5,10,21,13,23,34,11,-20,-20,12,71,22,6,18,4,8,-20,14,-20,-20,10,-20,56,50,24,21,8,16,17,21,11,77,12,5,-20,-20,23,5,-20,37,26,9,40,22,4,13,-20,-20,21,9,23,15,9,5,21,-20,37,13,31,19,16,7,48,12,29,28,28,17,64,5,6,7,14,13,25,27,18,23,17,14,18,18,39,-20,43,53,3,6,17,16,-20,10,28,5,9,5,6,27,9,9,18,3,11,28,14,-20,-20,-20,12,9,-20,15,15,13,-20,-20,30,-20,27,15,28,-20,-20,30,53,16,-20,-20,31,-20,17,31,5,22,-20,24,7,-20,-20,-20,12,16,-20,18,12,28,58,36,31,-20,12,15,10,-20,13,6,7,21,26,7,35,38,37,41,32,45,-20,8,-20,10,23,66,11,14,15,14,-20,6,8,-20,10,14,4,13,8,8,35,7,9,33,40,4,17,18,9,9,9,23,5,13,14,10,15,6,3,13,10,10,4,9,-20,19,5,9,-20,12,7,26,7,11,-20,20,17,10,9,22,6,3,12,23,-20,-20,9,5,9,8,-20,5,8,-20,4,-20,-20,16,7,10,4,-20,5,8,47,8,13,10,-20,-20,19,9,15,12,4,15,12,6,7,9,4,4,9,7,-20,8,11,11,13,-20,7,13,-20,12,17,13,13,-20,-20,24,-20,10,10,-20,6,9,5,10,8,13,10,8,-20,14,13,12,46,-20,7,9,5,8,14,25,8,6,6,-20,11,11,-20,11,5,-20,24,12,-20,18,12,15,21,10,4,10,46,20,3,-20,8,8,6,19,5,3,-20,-20,8,9,-20,-20,11,-20,9,5,-20,-20,8,5,-20,7,39,7,8,11,3,-20,3,21,5,11,29,32,42,40,-20,29,32,7,12,36,28,6,12,26,8,-20,-20,-20,12,-20,14,9,5,13,14,6,8,51,24,7,-20,9,5,19,27,-20,-20,15,19,5,4,5,5,13,42,-20,11,20,-20,-20,7,12,33,7,37,3,8,13,-20,9,-20,13,6,12,14,15,18,30,37,20,25,26,6,36,4,34,15,15,26,4,21,16,11,6,-20,14,6,6,6,8,6,-20,-20,15,-20,7,-20,29,30,18,8,19,15,19,14,15,16,-20,14,8,46,23,40,47,37,9,11,23,11,12,33,19,11,14,18,16,-20,24,29,4,17,36,40,9,-20,5,19,22,40,15,14,-20,20,32,34,64,6,37,10,69,22,30,23,9,10,-20,44,13,9,15,24,14,12,22,15,11,25,12,6,20,16,13,11,13,22,14,21,13,15,6,25,17,20,18,23,19,6,18,19,15,13,14,26,10,21,16,16,17,13,16,21,9,14,10,20,10,13,10,17,16,12,16,12,15,13,15,-20,16,21,26,17,9,9,15,10,17,10,18,15,13,14,21,8,23,12,22,25,11,11,7,9,12,12,15,14,12,8,7,9,13,9,6,10,6,4,9,14,10,9,11,12,11,13,15,8,7,11,10,16,10,6,8,14,25,14,13,16,6,7,10,13,5,10,-20,13,6,-20,6,7,5,14,7,-20,6,5,11,14,13,8,9,5,9,13,22,16,13,44,20,20,13,13,8,12,-20,13,7,9,-20,11,-20,-20,-20,14,10,21,7,11,13,12,7,12,11,11,6,19,10,22,11,17,10,8,5,12,8,7,19,9,5,32,10,7,13,-20,12,15,17,43,-20,17,21,10,20,6,13,11,-20,9,6,15,13,13,-20,8,24,15,3,4,11,-20,14,5,39,8,14,11,14,16,25,17,15,33,24,18,21,-20,18,15,17,23,20,8,14,26,24,15,4,9,6,17,14,34,18,23,14,17,10,19,10,11,17,8,18,15,8,11,15,-20,-20,14,23,7,25,11,14,33,15,12,17,15,14,24,21,17,18,23,13,17,32,18,27,14,21,25,23,23,14,17,16,21,31,16,8,12,14,27,16,13,9,8,7,14,8,12,8,15,9,15,18,16,25,17,17,13,21,13,9,32,27,16,16,13,12,13,20,23,17,14,51,27,25,42,26,21,25,26,33,26,17,10,12,13,9,12,17,17,-20,12,10,31,15,16,13,13,10,8,10,7,17,6,4,11,6,19,6,19,-20,30,-20,-20,4,-20,-20,10,-20,-20,-20,-20,22,-20,-20,-20,-20,-20,-20,-20,-20,-20,-20,-20,-20,-20,-20,-20,-20,-20,-20,-20,-20,-20,-20,-20,-20,-20,-20,-20,-20,-20,-20,14,-20,-20,-20,-20,-20,16,-20,-20,-20,-20,-20,-20,-20,-20,-20,-20,-20,-20,-20,-20,8,7,23,15,11,29,4,19,25,15,28,28,62,37,92,121,57,28,42,66,40,65
"chr2,2064002",14,-20,-20,23,13,4,15,18,20,12,5,14,16,25,20,24,25,10,61,65,51,10,54,19,40,23,15,20,18,5,11,6,5,18,32,40,22,16,25,11,13,36,10,15,15,42,15,15,10,15,19,32,38,16,13,22,64,14,19,15,33,33,26,17,33,17,27,31,47,16,30,24,24,24,29,45,19,10,14,13,11,21,19,10,17,32,20,45,43,19,9,25,27,21,32,14,28,46,16,25,29,29,7,14,20,34,-20,20,25,7,14,7,37,33,17,10,38,20,13,19,10,11,7,5,25,6,3,19,14,11,23,14,4,5,28,39,40,9,10,21,10,14,9,13,26,15,6,40,6,10,22,13,24,32,13,-20,11,17,75,22,6,18,4,8,-20,14,-20,-20,10,15,55,49,25,23,9,17,17,22,11,78,12,5,29,6,23,5,4,37,27,9,41,21,6,14,9,27,21,9,22,15,10,5,21,-20,37,15,36,20,16,9,52,13,31,27,29,18,63,6,6,8,14,14,25,28,21,23,17,15,17,18,36,15,41,53,4,6,18,15,15,11,30,7,9,5,6,28,10,9,21,3,11,26,14,17,10,18,13,9,16,15,16,13,-20,8,30,17,25,13,30,12,29,30,51,16,15,32,32,40,18,29,5,23,7,24,7,25,9,5,12,17,5,18,12,26,53,39,31,-20,13,15,11,-20,14,6,7,24,22,7,33,38,42,41,32,46,-20,8,8,10,23,67,11,12,15,14,24,6,8,12,11,14,4,13,7,7,38,6,9,33,40,4,17,17,10,10,8,25,6,13,14,10,15,7,3,13,9,10,4,9,24,19,6,9,11,11,7,26,7,9,-20,20,17,10,8,23,6,3,12,23,-20,-20,10,5,9,8,-20,4,8,-20,-20,-20,-20,17,7,8,4,-20,5,8,47,8,13,10,5,-20,19,9,15,12,5,13,11,6,7,9,4,4,9,-20,-20,10,11,12,13,-20,7,12,-20,12,16,13,14,3,79,24,-20,10,10,-20,6,9,5,9,8,13,9,-20,-20,12,15,12,46,-20,7,9,5,8,13,23,8,6,6,-20,11,11,-20,10,5,-20,25,12,-20,18,12,15,21,10,4,10,47,20,4,-20,8,8,6,19,5,3,-20,-20,8,9,-20,-20,11,-20,9,5,-20,-20,8,4,-20,7,39,7,8,11,4,7,3,20,5,11,30,33,42,40,9,29,34,7,12,39,30,6,12,27,8,5,-20,17,11,-20,13,8,5,13,13,6,8,46,24,7,10,9,5,18,26,20,27,15,18,5,4,5,5,13,42,-20,11,22,-20,-20,7,13,32,7,39,4,8,13,14,10,7,13,6,14,13,15,18,30,38,22,26,26,7,36,4,33,15,15,26,4,21,16,12,6,-20,12,5,6,6,7,6,-20,-20,13,-20,7,-20,29,30,18,9,19,15,18,14,15,16,19,14,-20,47,23,41,49,36,9,11,23,12,12,33,19,11,14,19,18,62,26,30,4,18,36,40,9,-20,5,20,23,38,16,15,23,23,31,33,63,6,35,10,71,22,31,23,9,12,14,43,13,9,15,25,14,12,22,15,12,25,12,6,20,16,13,11,13,21,14,21,13,15,6,25,18,20,18,23,21,6,18,19,15,13,14,25,11,21,16,16,18,12,17,20,10,13,11,20,10,13,10,19,17,11,17,13,15,13,15,-20,16,21,27,17,9,9,15,10,17,10,20,16,15,14,21,8,22,11,22,27,11,11,7,9,12,13,15,15,12,7,7,9,13,9,6,10,6,4,9,14,10,8,12,12,11,13,15,8,7,10,10,16,9,6,8,14,25,15,13,16,5,7,10,13,5,10,11,13,6,11,6,8,5,14,7,4,6,6,11,14,13,9,9,5,9,13,22,16,13,42,20,20,13,14,8,11,-20,13,7,9,-20,11,-20,-20,7,14,10,22,7,12,13,12,7,11,13,11,6,19,10,22,10,16,10,7,5,12,7,7,19,9,4,32,10,7,13,11,12,15,17,43,9,18,21,9,20,5,12,11,3,9,8,16,12,13,9,9,24,15,3,5,11,-20,14,4,40,7,15,10,14,15,26,17,14,34,24,19,23,8,18,14,19,22,20,8,14,26,24,15,4,8,6,17,15,34,18,23,14,16,10,19,10,11,17,8,18,15,8,10,13,16,-20,15,23,7,25,12,14,32,15,12,17,16,14,24,20,18,18,22,13,17,32,18,28,14,20,23,23,23,14,17,17,21,31,17,8,12,13,27,17,14,10,8,7,14,8,11,7,15,9,14,19,16,27,17,17,13,21,13,9,33,27,16,16,13,13,13,20,22,17,14,53,26,24,41,25,21,25,26,33,26,17,10,12,13,9,12,17,17,9,12,10,32,15,17,13,13,11,8,12,7,18,5,4,12,7,18,6,21,-20,28,-20,28,4,-20,-20,10,6,17,-20,-20,19,-20,-20,-20,-20,-20,-20,-20,-20,10,-20,5,-20,-20,7,-20,-20,-20,-20,21,-20,-20,22,-20,-20,19,-20,-20,-20,-20,-20,14,-20,-20,-20,-20,-20,16,-20,6,-20,12,-20,-20,8,-20,-20,20,-20,-20,-20,-20,8,6,22,15,12,28,5,18,24,15,28,28,64,37,86,120,57,29,43,63,39,66
"chr2,2064003",14,-20,-20,23,13,4,15,18,21,12,5,15,15,25,19,24,26,10,62,66,51,10,56,18,42,23,15,21,18,5,11,6,5,18,35,40,22,16,25,11,14,36,10,15,14,42,14,15,11,15,19,32,36,17,13,22,67,13,18,15,33,33,27,18,32,17,28,32,47,17,31,24,25,24,29,45,19,10,15,13,11,22,19,10,17,34,20,46,42,19,9,24,27,21,31,14,28,47,16,25,30,28,7,14,20,34,-20,20,25,7,14,7,39,34,17,10,37,20,13,18,10,12,8,7,26,6,3,19,14,11,23,14,4,6,28,39,40,9,10,22,10,14,9,14,26,15,6,41,7,10,22,14,23,32,11,-20,11,17,77,24,6,18,6,8,-20,14,-20,-20,11,15,55,47,26,23,9,16,17,22,11,75,12,5,29,6,23,-20,5,39,26,7,41,22,6,14,9,27,21,10,22,13,9,-20,21,-20,36,15,36,20,16,9,56,13,31,27,29,18,63,7,6,8,14,14,25,28,20,23,17,15,18,18,36,18,40,61,4,6,20,14,15,11,30,7,9,4,6,28,11,9,21,3,12,26,14,17,10,18,13,9,17,15,16,13,-20,8,30,18,26,13,30,14,29,29,50,16,16,32,32,40,18,29,5,22,7,26,7,26,10,5,12,17,5,19,11,26,52,39,31,-20,13,15,11,-20,14,6,7,24,24,7,33,39,42,43,31,44,-20,8,8,10,23,69,11,12,14,14,24,6,8,12,11,13,4,13,7,7,38,7,8,33,40,4,17,17,10,10,8,25,-20,13,14,10,15,7,3,13,9,10,4,10,24,20,6,9,12,11,7,26,-20,9,-20,20,17,10,9,23,6,3,12,25,-20,-20,11,5,9,8,-20,4,8,-20,4,-20,-20,17,7,8,4,-20,5,8,48,8,13,10,5,-20,19,8,15,13,5,12,11,5,7,10,4,4,9,7,-20,10,11,12,13,-20,7,12,-20,12,18,13,14,3,80,24,-20,10,10,-20,6,9,5,9,-20,13,9,8,-20,12,15,12,48,-20,7,9,5,8,13,21,8,8,6,-20,10,11,-20,10,5,-20,24,12,-20,18,12,15,19,10,4,10,47,21,4,-20,8,8,6,19,5,3,-20,-20,8,9,-20,-20,11,-20,9,5,-20,-20,9,4,-20,7,38,7,8,11,4,6,3,20,5,11,30,34,42,41,9,29,32,7,12,39,29,6,12,27,8,5,20,17,11,-20,13,8,5,15,13,6,8,46,24,7,-20,9,5,18,26,18,27,16,17,5,4,6,-20,13,45,-20,11,23,-20,-20,7,13,31,7,40,4,8,14,14,10,7,14,6,15,13,16,18,30,40,22,27,27,7,36,4,33,15,15,26,4,22,16,12,6,-20,12,5,6,6,7,6,-20,-20,14,-20,7,-20,30,30,18,10,19,15,18,14,15,17,19,16,8,48,23,41,47,37,9,11,22,12,12,35,19,11,14,19,18,62,25,30,4,18,36,39,9,-20,5,18,25,38,16,14,23,22,31,34,63,6,35,9,73,23,31,23,11,12,14,44,14,9,15,25,14,12,22,15,13,26,13,6,20,16,13,11,13,21,14,21,13,15,6,24,18,20,18,22,21,6,18,19,15,13,14,25,9,22,17,17,17,11,18,20,10,13,11,20,10,13,10,22,16,11,17,14,15,14,15,-20,16,21,28,17,9,9,15,10,17,10,19,16,15,14,21,8,23,11,22,27,11,-20,7,9,12,13,15,15,12,7,7,9,14,9,6,10,6,4,10,14,10,8,12,12,11,13,15,8,7,10,10,16,9,6,8,14,25,15,13,15,6,7,10,13,5,10,11,13,6,12,6,8,5,14,7,4,6,6,11,14,13,9,9,5,9,13,22,16,13,41,20,20,13,14,8,11,-20,13,7,9,-20,11,-20,-20,7,14,10,22,7,11,13,12,7,11,13,11,6,19,10,22,11,17,10,7,5,12,7,7,19,10,4,32,11,7,13,11,12,15,17,45,9,18,22,9,20,4,12,11,3,9,9,16,12,13,9,9,24,15,3,5,11,-20,14,5,43,7,15,10,14,16,26,17,15,34,25,19,23,8,18,14,19,23,20,8,14,26,24,15,5,9,7,17,13,34,18,23,14,16,10,19,10,11,17,8,18,16,8,10,13,17,-20,15,23,7,25,11,14,32,15,12,17,16,14,24,20,18,18,22,13,17,32,18,28,14,20,23,23,23,14,17,18,21,32,17,8,12,13,27,18,14,10,8,7,14,8,12,7,15,9,14,20,16,27,17,17,13,21,13,9,32,27,17,17,13,13,13,21,24,19,14,53,28,26,44,26,22,25,27,34,27,17,10,12,13,9,12,17,17,9,12,10,32,15,17,13,13,11,8,12,7,18,5,4,12,7,18,6,21,-20,28,-20,28,5,-20,-20,10,6,15,-20,-20,17,-20,-20,-20,-20,-20,-20,-20,-20,-20,-20,-20,-20,-20,-20,-20,-20,-20,-20,21,-20,-20,19,-20,-20,20,-20,-20,-20,-20,-20,14,-20,-20,-20,-20,-20,15,-20,4,-20,-20,-20,-20,8,-20,4,19,-20,-20,-20,-20,8,7,21,15,11,29,5,19,24,15,29,28,64,36,87,104,57,29,40,62,39,68
"chr2,2064004",14,-20,-20,23,13,4,15,18,20,12,5,15,15,26,20,24,25,10,64,63,50,10,56,17,41,23,13,21,18,5,11,6,6,18,37,38,22,16,25,11,14,36,-20,15,-20,42,14,15,12,16,19,32,36,17,12,23,65,-20,16,15,33,33,26,18,32,17,29,31,46,17,31,25,24,26,29,45,19,10,15,13,11,22,19,10,16,35,20,45,42,19,9,23,26,20,32,13,28,48,15,25,29,30,7,14,19,35,-20,20,23,7,14,7,37,36,17,10,37,18,13,19,8,12,8,6,26,7,3,19,14,11,23,13,5,6,29,41,40,9,10,21,10,14,9,14,27,15,6,41,7,11,22,13,23,-20,13,-20,-20,17,78,24,7,18,6,8,6,14,-20,-20,11,-20,55,47,25,22,9,17,18,21,11,75,12,6,-20,-20,17,5,5,37,23,7,38,-20,-20,-20,-20,-20,20,10,22,14,9,5,21,-20,36,14,33,20,15,10,55,13,30,-20,-20,17,63,7,6,-20,14,-20,25,-20,-20,-20,-20,-20,-20,18,36,-20,41,61,4,6,21,-20,-20,11,29,6,9,5,6,28,11,9,21,3,12,-20,14,-20,-20,-20,13,-20,-20,15,15,-20,-20,8,30,17,25,13,29,-20,28,31,50,19,-20,-20,32,-20,17,29,-20,23,-20,26,7,-20,-20,-20,-20,18,5,19,11,27,53,39,29,-20,12,13,11,-20,14,6,8,26,23,7,32,39,41,42,31,47,-20,8,-20,10,23,68,11,14,14,14,-20,6,-20,-20,11,14,5,13,6,7,36,7,8,34,40,4,17,17,10,10,8,25,6,13,14,10,15,8,3,13,-20,11,4,10,23,20,5,9,12,11,7,26,-20,9,-20,20,17,10,9,23,6,3,12,27,-20,2,11,5,9,9,-20,4,8,-20,4,-20,-20,17,5,8,4,-20,5,8,48,7,13,10,5,-20,19,8,15,13,5,13,11,6,8,10,4,4,9,-20,-20,10,11,12,13,-20,7,12,-20,12,18,13,14,3,82,23,-20,10,10,-20,6,9,6,9,-20,14,9,8,-20,12,15,13,48,-20,7,10,5,8,13,20,8,8,6,-20,10,11,-20,9,5,-20,23,12,-20,18,12,15,19,10,4,10,46,21,5,-20,8,8,6,19,5,3,-20,-20,8,9,-20,-20,13,-20,9,5,7,-20,9,4,10,7,38,7,8,11,4,-20,3,20,5,11,30,34,42,41,9,28,33,7,12,39,32,6,12,25,8,7,-20,-20,11,-20,14,8,5,11,14,6,8,46,25,7,10,-20,5,17,26,-20,-20,17,-20,5,4,6,5,-20,45,-20,11,23,-20,-20,7,12,31,7,40,4,8,13,13,10,-20,13,6,14,13,-20,18,30,41,22,25,28,8,36,-20,33,15,16,27,4,21,15,12,5,-20,11,5,6,6,7,6,-20,-20,14,-20,7,-20,29,30,18,9,21,14,18,13,15,17,-20,16,-20,46,24,41,47,-20,10,10,22,12,12,35,-20,13,15,18,18,66,26,-20,3,19,36,42,9,-20,6,20,24,38,15,17,-20,21,30,34,57,6,-20,9,-20,22,31,23,12,11,-20,42,14,9,15,25,14,13,22,15,13,26,13,6,20,16,13,10,14,20,12,20,12,15,6,22,18,20,18,22,22,7,18,18,14,13,14,25,9,20,16,17,17,11,18,20,8,13,12,20,10,13,10,23,16,11,17,14,15,14,15,-20,15,21,28,18,9,9,14,10,17,9,18,16,15,14,21,8,23,11,21,27,11,-20,-20,9,12,13,15,15,12,7,7,9,16,9,6,9,6,4,10,14,10,8,12,11,11,13,15,8,7,10,10,15,9,6,8,14,24,15,12,15,6,7,10,13,-20,10,10,13,6,12,6,8,5,14,7,4,6,5,11,14,12,9,8,5,8,13,21,15,13,43,19,20,13,14,8,11,-20,13,7,11,-20,11,-20,-20,7,14,9,22,7,11,13,12,7,11,13,11,6,19,10,21,10,17,10,7,5,12,7,5,19,10,4,31,11,7,12,11,12,15,17,44,7,19,23,9,19,4,12,11,3,8,9,16,12,13,9,9,23,15,3,5,10,-20,16,-20,43,7,15,11,14,16,26,17,15,34,25,18,23,-20,18,13,19,23,20,8,14,26,24,15,5,9,7,17,13,34,18,23,14,15,10,20,9,11,17,8,18,16,8,10,12,15,-20,15,22,7,25,12,13,30,15,12,17,15,14,24,20,17,18,22,13,17,32,18,29,14,19,22,23,23,14,17,18,21,32,17,8,13,13,26,18,14,10,8,7,14,8,-20,7,15,9,14,20,16,27,16,17,13,21,13,9,33,26,17,17,13,13,13,21,24,17,14,53,27,26,43,26,23,25,27,34,26,17,10,12,13,9,11,17,17,-20,12,10,35,15,17,13,13,11,8,12,7,18,6,4,12,7,18,6,-20,-20,-20,-20,-20,5,-20,-20,-20,-20,-20,-20,-20,-20,-20,-20,3,-20,-20,-20,-20,-20,11,-20,5,-20,-20,8,-20,-20,-20,-20,-20,-20,-20,-20,-20,-20,-20,-20,-20,4,-20,-20,13,-20,-20,-20,-20,-20,-20,-20,5,-20,-20,-20,-20,5,-20,-20,19,-20,-20,-20,-20,-20,-20,21,15,12,-20,5,19,24,16,29,27,63,37,85,104,57,28,40,62,40,69
"chr2,2064005",15,-20,-20,22,13,5,15,18,21,13,5,15,16,26,20,24,25,11,65,65,50,10,56,18,42,24,15,21,18,5,11,6,6,20,37,39,23,16,26,11,18,34,10,15,14,43,14,17,13,16,17,32,37,17,13,23,66,14,17,15,33,33,27,18,33,18,29,32,47,17,32,26,24,26,29,45,19,10,15,13,11,22,19,10,18,36,21,45,42,19,9,24,27,22,32,14,30,49,16,25,30,29,7,15,20,35,-20,20,24,7,14,7,39,36,17,11,38,18,13,21,8,13,9,6,27,7,4,19,14,11,23,13,5,7,29,42,39,9,10,22,10,14,10,14,27,16,6,42,7,11,25,12,22,33,12,-20,10,17,78,21,7,18,7,8,6,14,-20,-20,11,16,55,43,26,23,9,18,18,22,12,76,12,6,30,-20,17,5,5,38,22,7,41,20,7,14,9,29,20,10,22,14,9,6,21,-20,36,14,36,20,16,10,54,13,34,28,-20,18,62,7,6,8,15,13,25,30,19,23,18,16,19,18,37,19,41,60,4,7,23,14,15,11,29,5,9,5,6,27,12,9,21,3,12,29,14,18,9,18,13,9,17,15,15,13,-20,8,30,18,26,14,28,15,29,30,50,19,20,32,33,39,18,30,6,24,7,25,7,29,10,6,10,18,6,19,11,27,54,39,31,-20,12,15,11,-20,14,7,9,26,23,7,32,39,41,43,31,46,-20,9,8,10,22,68,11,14,14,14,24,6,8,12,11,14,5,13,6,7,37,7,8,34,39,4,17,15,10,10,8,24,6,11,14,10,15,8,3,14,9,11,4,10,24,21,5,9,12,11,7,24,-20,9,-20,20,17,10,10,23,6,3,11,27,-20,2,11,5,9,9,-20,4,8,-20,4,-20,-20,17,5,8,4,-20,6,8,48,7,13,10,5,-20,19,8,15,15,5,13,11,6,8,10,5,4,9,-20,-20,10,11,12,13,-20,7,14,-20,13,18,13,15,6,82,24,-20,11,10,-20,6,9,6,9,-20,14,9,8,-20,12,16,13,50,-20,9,10,5,8,13,21,8,8,6,-20,10,11,-20,10,5,-20,23,12,-20,20,12,15,18,10,4,10,47,21,5,-20,7,8,6,19,5,3,-20,-20,8,9,-20,-20,13,-20,9,5,6,-20,9,4,-20,8,38,7,8,11,5,8,3,19,5,11,30,34,42,41,9,27,31,7,12,40,32,7,12,26,8,7,20,17,11,2,14,8,5,11,14,6,8,46,27,7,10,10,5,17,26,19,27,17,17,5,4,6,5,14,45,-20,11,23,-20,-20,7,13,31,7,40,3,8,13,14,10,7,13,5,15,13,16,18,30,40,24,28,28,8,36,5,34,16,16,27,4,23,17,13,6,-20,11,4,6,7,7,7,-20,-20,15,-20,7,-20,30,31,20,10,25,16,18,13,15,17,18,16,8,48,23,42,48,38,10,11,22,12,14,35,20,13,15,19,18,67,27,27,5,19,36,41,9,-20,6,21,26,39,16,17,23,23,31,32,63,6,34,9,71,25,33,25,12,12,13,43,14,9,15,25,14,13,22,15,14,27,13,6,20,17,14,10,14,19,13,20,12,16,6,23,18,20,19,24,22,7,18,17,15,13,14,25,9,20,16,17,18,13,18,20,10,15,13,24,11,13,10,23,17,14,18,14,15,14,15,-20,15,21,28,20,9,9,14,10,17,9,17,16,15,14,21,8,24,11,21,29,11,13,-20,9,13,14,15,15,12,7,7,10,16,9,6,10,6,4,11,15,11,8,12,12,12,14,19,8,7,10,10,15,9,6,8,16,25,15,12,15,6,7,10,15,5,10,10,13,7,12,6,8,5,14,7,4,7,5,12,14,13,10,8,5,-20,13,21,15,14,43,19,21,14,15,8,11,-20,12,8,11,-20,10,-20,-20,8,14,10,24,8,11,14,12,7,12,13,11,6,20,10,22,11,17,10,8,5,12,9,5,20,10,4,32,12,7,13,12,11,15,17,46,7,21,24,10,20,5,13,12,4,8,-20,16,13,13,11,9,24,17,4,5,10,-20,16,5,44,7,15,11,14,18,25,17,15,34,25,18,23,7,18,14,19,24,21,8,14,26,24,15,5,10,7,18,13,34,18,23,15,15,10,20,12,11,18,8,19,17,9,10,11,15,-20,17,23,8,26,12,13,32,16,13,19,17,14,25,21,17,18,26,15,18,35,18,30,14,19,22,23,23,14,19,18,24,36,18,8,12,13,28,18,14,11,8,7,15,8,-20,6,15,10,14,23,16,27,18,19,15,21,13,9,37,29,17,18,15,13,12,21,24,18,16,54,28,26,43,26,25,25,28,37,26,17,10,14,13,9,11,17,19,-20,12,10,35,15,18,12,13,12,8,12,7,18,7,5,12,10,20,6,21,-20,27,-20,25,-20,-20,-20,11,6,17,-20,-20,19,-20,-20,3,-20,-20,-20,-20,-20,11,-20,5,-20,-20,-20,-20,-20,-20,-20,20,-20,-20,21,-20,-20,21,-20,-20,4,-20,-20,13,-20,-20,-20,-20,-20,15,-20,-20,-20,10,-20,-20,8,-20,5,20,-20,-20,-20,-20,7,-20,22,15,12,28,6,18,24,16,29,24,64,37,85,104,57,28,39,60,41,69
"chr2,2064006",16,-20,-20,22,14,-20,15,18,22,13,5,15,16,27,20,24,25,11,66,64,50,10,57,18,42,24,15,20,17,5,12,6,6,20,36,38,24,16,26,11,17,36,10,15,15,43,14,18,13,16,19,30,38,17,13,23,66,16,17,16,32,31,27,18,33,19,29,35,47,17,31,26,25,28,28,44,19,11,15,13,11,22,19,10,18,36,21,46,42,19,9,24,28,22,31,14,30,50,16,25,30,29,7,15,20,34,-20,20,27,7,14,7,38,35,17,11,38,18,13,22,8,13,9,6,27,7,4,19,14,11,23,13,5,7,30,41,38,10,10,23,11,14,10,14,26,17,6,41,7,11,25,13,21,34,13,-20,10,16,77,19,7,19,7,8,6,15,-20,-20,11,16,56,43,26,24,8,18,19,22,14,77,12,6,31,8,17,5,5,38,22,7,41,22,7,14,9,30,20,10,22,14,10,6,21,-20,37,14,37,20,16,10,54,13,34,28,29,18,63,7,6,9,15,15,25,30,21,23,17,16,19,19,36,18,43,60,4,7,23,15,16,11,29,6,9,6,-20,27,12,9,21,3,12,29,13,18,10,18,13,9,17,15,14,13,-20,9,30,19,26,14,29,16,30,31,50,18,20,32,35,40,20,30,6,24,7,24,7,33,10,6,10,18,8,19,10,28,54,39,31,-20,12,15,11,-20,14,7,9,26,23,7,35,39,41,43,31,48,-20,9,8,10,24,70,11,14,14,14,24,6,9,12,11,15,5,13,6,7,37,7,8,32,39,4,16,16,10,10,8,26,6,11,13,10,15,8,3,14,10,11,4,10,24,21,5,10,11,11,7,24,-20,9,-20,19,17,10,9,23,6,3,12,30,-20,2,11,5,9,10,-20,4,8,-20,4,-20,-20,18,5,8,4,-20,6,8,51,6,12,10,5,-20,19,8,15,15,5,11,11,6,8,11,5,4,9,-20,-20,10,11,12,13,-20,7,14,-20,13,17,13,15,6,83,25,-20,11,10,-20,6,9,6,-20,8,14,9,8,-20,12,16,13,51,-20,10,9,5,8,14,21,8,8,6,-20,10,11,-20,11,6,-20,23,12,-20,20,12,15,18,10,4,10,47,21,5,-20,7,8,6,18,5,3,-20,-20,9,9,-20,-20,14,-20,11,5,6,-20,9,4,10,8,38,7,8,11,5,-20,3,18,5,11,28,34,41,40,10,27,33,8,12,39,32,7,13,26,8,7,20,17,11,2,14,8,6,13,13,6,8,46,27,8,11,10,5,17,25,19,27,17,17,5,4,6,5,14,45,-20,11,-20,-20,-20,7,14,-20,7,41,3,8,13,14,10,7,14,5,15,13,-20,18,29,41,24,27,28,8,36,5,35,16,16,27,4,22,17,14,6,-20,11,4,6,9,7,9,-20,-20,15,-20,7,-20,30,32,20,10,25,17,18,13,15,17,18,16,8,46,23,43,48,38,10,10,21,12,15,33,20,11,15,19,18,68,26,27,5,19,36,42,10,-20,6,21,26,37,16,17,23,23,31,32,65,6,33,9,73,25,33,25,12,12,13,45,14,9,-20,25,14,12,22,16,15,27,13,6,20,19,14,10,14,21,14,20,12,16,6,22,18,18,19,25,22,8,18,17,15,15,14,25,10,20,16,17,19,14,18,20,10,15,13,24,11,13,10,23,19,13,18,15,15,15,15,-20,15,21,28,22,10,9,14,11,17,9,18,15,16,14,22,8,25,11,21,30,11,13,5,9,13,14,18,16,13,7,7,10,16,9,6,10,6,4,12,15,12,7,12,13,12,13,18,9,7,10,10,15,9,6,8,16,26,15,12,14,6,7,9,15,4,13,12,13,8,12,6,9,6,14,7,4,8,5,12,14,12,10,8,5,8,12,21,15,14,43,19,21,14,15,8,11,-20,12,8,11,-20,10,-20,-20,8,15,10,24,8,11,14,12,8,12,13,13,6,21,10,24,11,17,10,9,5,12,9,5,20,10,4,32,12,8,13,12,12,15,17,48,7,21,25,10,20,5,13,12,4,8,9,16,12,13,11,10,25,17,4,5,10,-20,16,5,44,7,16,11,14,20,26,17,17,35,25,19,24,9,18,14,19,24,22,8,14,27,24,16,6,10,7,18,13,35,18,23,16,15,11,21,12,11,18,8,19,17,9,9,11,15,-20,17,23,8,26,12,13,31,16,13,18,18,15,25,23,17,17,27,15,18,35,18,30,15,19,24,23,22,14,20,19,25,36,19,8,12,13,31,18,14,11,10,7,16,9,11,6,15,10,14,22,16,27,18,21,15,23,13,9,37,29,18,18,16,13,12,21,24,19,17,56,28,27,44,26,25,25,29,39,24,17,11,14,13,9,11,17,19,10,12,11,35,15,18,12,13,12,8,12,7,18,7,5,12,13,20,6,-20,-20,26,-20,25,5,-20,-20,10,5,17,-20,5,18,-20,-20,-20,-20,-20,-20,-20,-20,12,-20,5,-20,-20,-20,-20,-20,-20,-20,18,-20,-20,21,-20,-20,21,-20,-20,-20,-20,-20,12,-20,-20,-20,-20,-20,15,-20,-20,-20,11,-20,-20,8,-20,4,18,-20,-20,-20,-20,8,-20,21,15,12,29,7,18,25,16,29,25,64,37,85,104,57,28,38,60,39,67
"chr2,2064008",16,-20,-20,18,14,5,14,17,22,13,5,15,17,27,21,25,25,12,62,67,49,10,57,16,43,24,16,18,18,5,12,6,6,20,36,39,23,17,26,10,17,37,10,15,15,44,14,18,13,16,23,32,37,18,14,23,66,15,17,16,32,34,25,19,33,22,29,35,47,18,35,26,24,30,27,44,18,10,15,13,11,24,19,10,18,34,22,44,43,21,9,26,28,26,33,14,30,47,16,26,31,29,7,15,19,34,5,22,29,7,13,7,38,36,16,12,37,18,13,21,7,12,9,7,27,7,4,19,-20,11,24,13,5,8,28,42,38,10,10,21,11,14,10,13,27,17,6,42,7,12,25,13,22,34,14,-20,9,16,84,18,7,19,7,8,6,15,-20,-20,11,16,55,43,26,25,8,18,18,22,14,74,14,6,30,8,15,5,5,37,23,7,44,20,7,15,9,33,18,13,20,13,10,6,20,-20,36,15,34,21,15,11,59,15,36,28,27,18,62,8,7,9,16,14,25,30,25,22,16,16,20,19,39,20,40,60,4,8,22,15,17,13,29,6,10,7,6,26,12,10,20,3,13,29,13,19,10,21,13,9,18,15,13,13,-20,-20,29,-20,28,14,30,-20,-20,33,51,19,21,32,37,40,21,30,6,23,8,26,-20,33,10,6,10,20,7,19,10,28,55,40,31,-20,12,14,12,-20,14,7,9,24,22,7,35,38,40,43,32,46,-20,9,9,10,24,71,11,15,14,15,24,6,9,12,12,15,5,11,6,7,38,7,8,34,46,4,17,16,10,10,7,26,6,11,12,11,16,9,3,14,9,11,4,10,26,21,7,10,12,12,7,24,7,9,-20,19,17,10,8,24,6,3,11,31,-20,3,11,5,9,10,-20,5,8,-20,4,-20,-20,18,5,8,4,-20,6,10,52,7,12,11,5,-20,19,8,15,15,5,11,11,6,8,11,7,4,9,8,5,10,12,12,13,3,8,14,-20,12,18,12,16,6,83,25,-20,11,10,-20,6,9,6,9,-20,14,9,8,-20,12,15,14,50,-20,11,10,5,8,14,21,8,8,6,-20,9,12,-20,12,7,-20,23,12,-20,18,13,15,17,11,4,10,47,22,5,-20,8,7,6,17,6,3,-20,-20,9,9,-20,-20,14,-20,10,5,6,-20,9,6,10,8,40,7,8,11,6,8,3,-20,5,10,31,34,42,42,10,29,33,8,11,41,31,7,13,27,8,7,-20,17,10,3,15,8,6,13,13,-20,7,46,27,8,12,10,5,15,25,19,25,18,17,5,4,6,5,14,44,-20,11,24,-20,-20,7,13,33,7,42,3,9,13,14,9,7,13,5,15,14,16,18,30,40,24,29,29,8,36,5,33,16,16,28,4,22,17,14,6,-20,11,4,6,9,7,9,-20,-20,15,-20,7,-20,30,32,20,12,25,17,18,13,15,17,19,16,8,45,22,43,47,37,12,11,20,12,16,33,22,13,15,21,17,-20,27,27,5,-20,40,42,12,-20,6,24,25,38,17,17,24,24,31,32,65,-20,32,9,72,26,33,26,11,12,13,42,13,9,17,22,14,13,21,17,15,27,13,6,20,19,14,11,11,20,14,19,12,16,6,22,17,19,16,25,23,9,17,17,15,14,14,25,11,18,16,17,19,13,18,20,10,14,12,23,11,13,10,22,19,12,19,15,15,14,14,-20,15,21,28,22,10,9,14,10,17,9,17,16,16,14,20,8,24,11,21,30,11,12,-20,9,13,14,18,16,12,7,6,10,16,8,8,10,6,4,12,15,12,6,11,13,12,13,18,9,7,10,10,15,8,6,8,16,26,15,12,15,5,6,9,15,4,13,12,13,8,11,5,9,6,13,7,4,8,5,12,15,12,10,8,-20,7,12,21,13,14,44,18,21,13,15,8,11,-20,12,8,11,-20,10,-20,-20,8,15,10,24,8,10,13,12,8,12,13,12,6,21,10,24,12,16,10,9,5,12,9,5,19,10,4,31,13,8,12,12,11,15,16,48,7,21,24,9,19,5,12,12,4,8,9,16,13,13,11,9,26,17,4,5,10,-20,16,5,45,7,15,11,14,19,24,17,17,31,24,19,24,9,18,14,20,24,22,8,14,27,24,16,6,10,7,18,13,35,17,23,16,15,13,21,12,11,18,8,18,16,9,9,11,14,-20,17,24,8,26,11,13,31,16,12,18,18,15,23,23,17,17,27,15,18,36,18,30,15,19,24,22,21,14,20,19,25,37,19,8,12,13,31,17,14,11,10,7,15,9,12,6,15,10,14,23,16,27,17,20,15,23,13,10,37,29,18,18,16,13,12,21,24,19,17,56,26,26,41,25,25,25,28,40,23,17,11,14,13,9,11,17,19,11,12,12,37,15,18,12,13,12,9,11,7,18,7,5,12,12,21,6,-20,-20,28,-20,25,3,-20,-20,11,5,17,-20,5,18,-20,-20,-20,-20,-20,-20,-20,-20,12,-20,-20,-20,-20,-20,-20,-20,-20,-20,13,-20,-20,-20,-20,-20,22,-20,-20,-20,-20,-20,12,-20,-20,-20,-20,-20,15,-20,-20,-20,-20,-20,-20,7,-20,4,18,-20,-20,-20,-20,-20,-20,21,15,11,31,7,18,24,15,31,27,61,37,85,104,57,29,38,61,39,65
"chr2,2064011",16,-20,-20,18,14,5,16,17,22,12,5,15,15,27,22,25,24,12,65,66,47,10,56,16,45,24,17,20,18,5,12,6,7,19,36,38,25,17,26,10,17,38,10,15,14,43,13,21,13,15,24,31,38,20,15,25,66,16,17,16,32,33,26,22,33,23,29,36,47,18,35,24,24,31,27,42,19,10,15,13,11,25,19,9,17,34,23,44,43,20,10,28,27,25,34,14,30,49,16,27,31,32,7,15,20,35,4,22,31,7,13,7,39,38,16,11,37,18,13,19,7,12,9,6,29,7,4,20,14,11,25,13,5,8,27,42,39,10,10,21,13,13,11,14,27,17,7,41,7,12,25,13,21,34,15,-20,10,22,83,18,8,19,7,8,6,14,3,-20,11,16,57,38,26,25,8,17,19,19,15,85,15,7,31,-20,15,4,5,36,22,9,44,20,7,14,9,35,19,13,19,15,9,9,22,-20,33,12,33,24,15,14,60,16,38,27,26,21,63,8,7,9,18,14,25,32,25,23,16,17,22,19,37,20,40,60,4,10,22,16,17,13,30,8,10,9,6,27,17,10,18,-20,13,29,13,19,10,21,12,10,19,15,13,13,-20,11,30,18,29,14,28,18,33,37,52,20,25,32,38,42,25,28,6,25,8,31,8,32,12,6,9,27,7,21,9,26,55,44,31,-20,12,14,15,-20,14,7,9,24,21,7,35,41,40,44,33,48,-20,9,9,10,25,73,11,14,14,15,23,8,9,12,12,15,5,11,6,8,41,8,8,35,46,4,18,17,11,12,7,25,6,11,12,10,16,11,-20,14,10,10,4,10,25,21,7,10,12,14,7,22,7,9,-20,20,17,11,9,28,5,3,10,32,-20,4,12,4,9,10,-20,5,7,-20,4,-20,-20,18,5,8,4,-20,6,10,54,7,11,11,5,-20,20,8,15,15,5,11,11,5,9,11,7,4,9,8,5,9,12,12,14,4,8,16,-20,12,17,12,17,6,86,26,-20,12,9,-20,6,9,6,9,9,14,9,8,-20,12,15,15,49,-20,10,10,6,8,14,24,7,9,5,-20,9,13,-20,12,7,-20,22,11,-20,18,13,14,18,11,4,11,47,23,-20,-20,8,7,6,17,6,2,-20,-20,9,10,-20,-20,13,-20,10,5,6,-20,9,6,11,8,41,7,9,10,6,8,4,20,5,10,30,34,41,44,10,27,33,8,11,41,36,7,13,27,8,7,20,16,9,3,15,8,7,14,13,4,7,46,27,9,13,10,4,14,23,19,26,17,18,5,4,6,6,14,42,-20,11,23,-20,-20,7,14,34,8,44,3,10,12,14,9,7,-20,4,16,15,17,18,31,41,25,31,29,7,35,5,31,16,16,28,4,21,17,14,6,-20,11,4,7,9,7,9,-20,-20,16,-20,7,-20,30,27,20,12,25,16,15,10,15,16,19,17,10,47,23,43,47,38,12,10,20,13,17,40,23,14,15,22,18,73,30,30,5,17,39,46,14,-20,8,24,25,37,18,17,26,25,31,34,67,9,30,9,74,26,34,31,11,12,13,42,13,9,17,22,14,12,21,17,15,27,13,6,20,18,14,11,11,20,14,20,10,15,6,21,17,19,15,25,23,9,16,16,15,14,14,25,11,18,17,17,19,14,16,20,10,14,11,22,11,14,9,24,19,12,20,15,15,14,14,3,15,21,27,22,10,9,14,10,17,9,17,16,16,14,20,8,20,10,18,31,10,12,6,8,13,14,18,16,13,7,5,10,15,8,8,10,6,4,12,16,9,6,10,13,11,12,17,9,7,10,10,15,8,6,8,16,26,15,12,14,4,6,9,15,4,14,12,12,8,11,5,9,6,12,7,4,8,5,12,14,12,10,7,-20,8,11,20,13,14,44,18,21,13,14,9,11,-20,13,8,15,-20,11,-20,-20,9,15,10,24,8,9,13,12,8,11,13,12,6,22,10,24,12,15,10,10,-20,12,9,5,19,9,3,30,13,8,12,12,11,15,15,48,7,22,24,9,16,5,12,12,4,8,9,16,12,11,11,-20,26,18,4,5,10,-20,15,5,48,7,16,12,13,20,23,21,17,33,24,19,24,8,18,13,20,24,22,8,14,27,23,16,6,9,7,18,13,36,17,23,16,15,13,21,12,11,21,8,18,14,10,9,11,14,-20,17,24,8,25,11,13,31,16,12,18,18,15,23,23,17,17,26,15,17,35,17,30,15,19,24,22,21,13,20,19,25,37,19,8,12,12,31,17,14,11,10,7,15,8,12,6,14,10,12,24,15,28,17,18,16,22,13,11,36,29,18,18,15,13,12,21,26,19,17,53,25,26,42,25,25,25,28,41,23,17,11,14,13,9,11,17,19,10,10,12,37,15,18,12,13,13,9,11,7,18,7,5,12,11,21,6,-20,-20,28,-20,25,-20,-20,-20,10,5,15,-20,-20,20,-20,20,-20,-20,-20,-20,-20,-20,9,-20,4,-20,-20,-20,-20,-20,-20,-20,21,-20,-20,-20,-20,-20,22,-20,-20,-20,-20,-20,15,-20,-20,-20,-20,-20,14,-20,-20,-20,-20,-20,-20,6,-20,4,-20,-20,-20,-20,-20,-20,-20,20,15,11,33,7,18,25,14,31,27,60,37,88,104,54,30,40,62,37,68
"chr2,2064018",18,-20,-20,22,16,9,24,21,27,15,10,15,19,30,22,27,25,17,69,64,55,15,55,16,44,26,15,22,21,-20,12,6,8,22,37,36,25,20,33,12,22,41,12,15,14,46,12,21,12,14,24,28,37,21,16,23,62,19,18,15,36,32,29,24,32,26,29,37,44,18,37,23,28,31,28,47,18,9,18,13,13,23,21,15,22,34,22,43,43,21,9,29,28,27,35,18,38,50,16,26,33,33,7,14,21,32,7,22,32,6,19,8,38,37,16,10,33,15,17,18,9,13,10,5,34,7,5,21,19,12,24,15,10,11,27,50,37,15,13,25,16,18,20,18,32,20,12,38,10,17,26,14,16,30,18,-20,11,23,89,15,9,22,20,12,13,26,5,-20,10,13,60,34,22,25,9,21,17,11,18,81,13,7,28,10,11,-20,5,38,23,10,44,23,6,14,9,34,14,14,18,18,10,9,25,-20,28,13,32,24,18,15,60,16,35,26,26,20,61,8,9,9,20,18,24,30,30,20,19,19,22,19,37,21,34,59,5,10,25,20,20,13,30,7,12,8,6,32,19,11,25,-20,12,28,14,19,11,22,13,9,24,15,15,15,-20,10,28,17,30,15,27,21,32,36,49,21,28,27,38,39,24,28,6,25,7,36,8,31,14,6,10,26,8,23,8,23,57,44,28,-20,18,15,15,7,17,11,8,24,22,10,31,40,39,45,31,45,3,7,8,11,22,79,11,14,14,14,20,11,8,13,13,11,5,9,4,7,40,11,8,38,49,5,16,17,10,13,9,23,6,11,11,12,17,13,-20,16,-20,9,4,11,28,22,7,10,11,12,6,20,7,7,-20,21,16,-20,11,29,5,4,8,32,-20,5,14,3,9,10,-20,5,10,-20,4,-20,-20,17,5,9,5,7,6,9,57,6,11,11,3,-20,20,8,10,14,5,9,11,4,9,12,7,5,10,8,4,8,11,9,14,3,8,18,-20,12,17,13,17,6,84,27,-20,14,9,-20,8,8,6,9,7,14,8,7,-20,11,16,20,47,-20,12,11,5,8,16,24,6,9,5,-20,10,11,-20,10,7,3,20,10,-20,22,15,15,21,11,4,11,49,24,-20,-20,6,8,4,18,6,3,-20,-20,9,10,-20,-20,13,-20,13,6,6,-20,9,7,13,7,39,8,10,11,8,9,5,15,5,8,32,35,43,49,11,31,34,9,13,44,39,6,15,26,8,7,26,16,8,3,17,9,-20,15,14,4,8,75,18,10,11,10,4,13,19,19,24,20,18,5,5,5,6,15,42,-20,9,28,-20,3,8,14,39,7,47,3,13,8,16,9,7,12,3,18,12,14,18,32,40,25,34,33,7,34,6,40,18,19,37,-20,25,18,15,12,-20,17,5,10,14,18,14,-20,-20,27,-20,10,-20,33,33,19,15,22,19,16,11,13,17,21,16,11,47,27,40,48,36,12,10,21,15,22,37,28,14,18,24,17,77,30,31,8,21,37,48,14,-20,9,24,21,37,16,18,31,24,30,30,70,6,27,7,77,27,36,32,13,12,13,50,13,9,17,24,22,16,26,19,18,28,14,10,21,23,19,14,15,20,16,23,12,18,8,26,20,20,18,27,25,11,17,16,15,19,12,25,14,20,17,22,23,18,19,23,10,20,13,24,14,14,11,25,22,14,24,23,15,19,16,3,17,21,28,25,13,10,18,13,22,14,21,15,17,15,26,-20,27,11,22,35,14,14,-20,11,15,14,23,20,20,8,6,10,19,10,9,12,-20,4,13,17,13,6,10,15,13,12,20,9,7,9,13,14,11,6,10,18,29,18,11,19,7,13,12,18,7,14,11,12,9,11,7,10,6,17,6,5,10,6,12,14,10,13,7,5,8,12,22,15,16,44,16,21,18,15,11,12,-20,13,10,15,-20,12,-20,-20,10,17,11,28,10,10,15,15,10,14,15,14,7,27,10,22,14,17,10,10,6,15,10,5,23,8,3,32,16,10,14,-20,12,16,18,53,9,20,28,9,15,-20,12,13,5,-20,8,16,13,13,10,10,-20,23,7,5,10,-20,15,5,56,5,20,15,14,25,25,22,21,35,31,22,26,12,19,18,21,24,25,8,14,31,27,17,13,12,7,19,14,42,20,27,20,20,19,23,11,14,22,8,22,16,14,9,11,15,-20,18,27,11,25,11,15,38,22,13,20,22,17,22,27,21,18,29,11,21,38,21,32,18,22,29,26,23,14,24,22,27,50,27,9,12,13,32,17,18,16,10,5,17,10,13,9,15,11,15,29,15,33,18,21,12,29,16,12,40,30,25,24,18,17,13,24,28,21,19,54,29,28,46,26,-20,26,33,51,28,20,12,16,17,14,11,17,22,9,7,16,-20,19,21,11,17,19,8,11,8,18,8,6,18,15,23,11,-20,-20,26,-20,23,-20,-20,-20,9,5,-20,-20,-20,16,-20,16,-20,-20,-20,-20,-20,-20,7,-20,-20,-20,-20,-20,-20,-20,-20,-20,-20,-20,-20,-20,-20,-20,23,-20,-20,-20,-20,-20,-20,-20,-20,-20,-20,-20,11,-20,-20,-20,-20,-20,-20,-20,-20,5,-20,-20,-20,-20,-20,-20,-20,-20,14,11,36,10,17,23,18,32,27,57,34,90,107,67,32,39,60,39,61
"chr2,2064019",18,-20,-20,20,17,9,23,21,26,15,10,15,19,30,23,27,25,17,70,64,55,15,55,15,43,26,15,22,22,-20,11,6,8,22,38,36,26,20,33,12,22,41,12,15,14,46,13,26,10,14,24,28,37,21,17,23,62,18,18,17,38,34,28,25,33,25,28,37,41,19,39,23,28,33,27,47,18,10,18,13,13,24,22,15,22,34,20,45,43,22,10,29,28,27,37,20,34,51,16,26,32,33,7,14,21,32,7,22,34,6,19,8,36,39,16,10,33,16,17,17,9,13,10,10,34,8,6,22,19,13,25,15,11,12,28,52,40,15,13,24,16,18,20,18,33,20,-20,38,10,17,26,13,16,28,18,-20,11,23,89,13,9,22,20,12,13,26,5,-20,10,13,65,33,24,25,8,21,17,11,17,82,14,7,28,11,11,-20,5,37,23,10,43,23,6,14,9,34,14,14,18,18,10,9,-20,-20,29,12,32,24,18,15,60,14,35,25,24,20,61,8,9,9,20,18,22,35,31,19,19,20,20,20,36,22,35,59,5,11,26,21,20,14,29,8,11,8,6,32,19,10,-20,-20,13,28,15,19,11,22,13,9,24,17,15,-20,-20,10,29,17,30,15,27,21,32,36,49,22,32,27,40,46,25,28,6,25,7,36,8,33,14,6,10,26,8,23,8,24,58,44,24,-20,18,15,14,7,17,11,8,24,22,10,32,40,39,44,31,45,4,8,8,11,23,82,12,14,14,-20,20,11,8,13,13,13,5,9,4,7,40,11,8,37,48,5,16,15,8,13,10,23,6,10,11,13,17,13,-20,16,9,10,4,11,29,22,8,10,11,13,6,22,7,8,-20,21,16,12,10,29,6,4,8,34,-20,5,14,4,9,10,-20,5,10,-20,4,-20,-20,18,5,9,5,7,6,10,58,6,13,12,3,-20,20,8,10,14,6,9,11,4,10,12,7,5,10,8,4,8,11,9,15,3,8,19,-20,12,17,13,16,6,88,28,-20,14,9,-20,8,8,6,9,-20,14,9,9,-20,11,16,19,48,-20,12,10,5,8,16,24,6,9,5,-20,10,11,-20,10,8,4,20,10,-20,22,15,15,20,11,4,11,49,24,-20,-20,6,8,4,18,6,3,-20,-20,9,10,-20,-20,13,-20,12,6,6,-20,9,7,13,6,38,8,10,11,9,9,5,-20,5,8,31,35,44,50,11,31,34,9,12,44,39,6,15,27,8,-20,24,-20,8,3,18,9,6,15,14,4,8,73,18,10,11,10,4,13,19,19,24,20,17,5,7,5,6,15,41,-20,9,26,-20,3,8,13,39,7,47,-20,13,8,16,10,7,11,3,18,12,13,18,32,40,25,35,32,7,34,6,41,18,20,36,8,24,17,14,12,-20,17,5,10,14,18,14,-20,-20,27,-20,10,-20,32,33,19,15,22,18,16,11,13,17,23,16,11,48,28,40,46,36,13,10,23,16,23,37,28,14,18,24,17,80,32,31,7,23,37,51,14,-20,9,25,20,38,16,18,31,24,30,27,67,5,27,8,72,28,34,32,13,14,12,50,13,9,18,24,22,16,26,19,18,28,14,10,21,23,19,14,14,20,16,23,12,18,8,26,20,20,18,27,25,11,17,16,16,19,12,25,14,20,17,21,23,18,18,23,10,20,13,24,14,14,11,24,22,13,24,23,15,19,17,3,17,22,28,26,13,11,18,13,22,14,21,14,17,15,25,9,26,15,22,35,15,14,5,11,15,14,23,20,20,8,6,10,19,10,9,12,-20,5,13,17,13,6,10,15,13,12,20,9,7,9,13,14,11,6,10,18,29,18,11,19,7,11,12,17,-20,14,11,12,9,11,7,10,6,17,6,4,-20,6,12,14,10,13,6,5,7,12,22,15,16,44,16,21,18,15,12,12,-20,13,10,15,-20,12,-20,-20,9,17,11,28,10,9,15,15,10,14,15,14,7,27,10,22,14,17,10,10,6,15,10,5,23,8,3,-20,17,10,14,-20,12,16,18,53,9,21,28,9,15,-20,12,13,5,10,8,16,13,13,9,10,33,22,7,5,10,-20,16,5,56,5,20,15,14,25,25,22,21,35,31,22,26,12,19,18,21,25,25,8,14,31,27,16,13,12,7,19,14,42,21,27,20,20,18,23,11,14,23,8,22,17,14,9,11,15,-20,18,27,11,25,11,15,38,22,13,20,22,16,23,27,21,18,30,12,22,38,21,32,18,22,29,26,23,14,23,22,27,50,27,9,12,13,32,17,18,16,10,5,17,10,13,9,15,11,15,28,16,33,18,21,15,29,16,12,41,30,25,24,18,17,14,25,28,21,18,54,28,28,46,26,28,26,33,51,28,20,12,17,17,14,11,17,22,-20,7,16,43,19,21,11,18,19,8,11,8,18,8,6,18,15,27,11,-20,-20,-20,-20,23,-20,-20,-20,11,5,-20,-20,-20,18,-20,19,-20,-20,-20,-20,-20,-20,9,-20,7,5,5,-20,-20,4,-20,-20,-20,-20,-20,-20,-20,-20,25,-20,-20,-20,-20,-20,-20,-20,-20,-20,-20,-20,14,3,-20,-20,-20,3,-20,-20,-20,-20,-20,-20,-20,-20,-20,-20,-20,-20,14,11,36,10,16,22,17,32,26,57,34,91,106,69,32,40,62,39,59
"chr2,2064021",17,-20,-20,22,17,9,24,21,26,15,10,17,18,33,23,27,24,17,70,62,58,16,57,15,44,27,15,22,22,-20,10,6,8,22,39,35,26,20,33,12,21,42,14,15,14,45,14,28,12,13,23,27,37,22,17,23,62,19,18,17,39,36,29,24,35,26,27,40,42,20,39,23,28,33,27,47,18,10,20,13,13,24,23,15,22,31,20,44,44,23,11,29,28,28,38,22,33,51,16,27,31,32,7,14,21,32,7,24,35,6,19,8,37,39,16,11,31,14,17,17,9,13,10,10,34,8,6,22,20,13,25,15,11,12,28,57,37,15,13,24,16,17,20,18,36,21,12,36,10,17,24,14,16,28,18,-20,11,23,84,12,10,23,20,12,13,26,6,-20,10,15,67,35,24,25,8,21,17,12,19,80,15,7,29,12,-20,-20,5,38,22,10,43,23,6,14,9,34,18,15,18,18,10,10,27,-20,30,13,34,26,17,18,62,15,36,26,24,21,65,9,9,9,20,17,20,35,31,20,19,20,23,22,36,22,37,59,5,11,27,20,22,14,29,8,11,8,5,32,19,10,27,-20,14,32,18,19,11,24,14,12,25,19,14,17,-20,11,29,16,30,17,28,22,32,36,49,24,32,29,45,46,25,31,6,25,7,36,9,35,15,6,8,26,9,25,-20,23,55,41,24,-20,18,13,17,7,17,11,9,24,23,10,33,39,40,45,30,47,4,9,8,11,23,85,12,14,14,14,20,11,8,12,13,11,5,9,4,7,39,11,8,39,48,6,17,13,8,13,10,23,7,11,11,13,16,13,-20,15,10,10,4,11,29,23,8,10,11,13,6,22,6,7,-20,20,17,14,10,32,7,6,8,36,6,5,15,5,9,10,-20,5,10,-20,4,-20,-20,18,5,9,5,7,6,10,59,6,13,14,-20,-20,21,7,10,14,6,9,12,4,10,12,7,5,9,8,4,8,11,10,14,3,8,19,-20,12,17,14,15,6,88,28,-20,14,9,-20,7,8,6,9,7,13,9,9,-20,11,17,20,49,-20,13,9,5,8,16,24,6,8,5,-20,11,10,-20,10,8,5,21,10,-20,22,15,15,18,11,4,11,49,26,-20,-20,6,8,4,18,7,3,4,-20,9,9,-20,-20,13,-20,12,6,5,-20,12,7,13,6,39,8,10,11,10,9,5,15,6,8,31,37,47,50,13,33,36,9,12,43,39,6,15,28,8,8,24,16,8,4,19,9,5,19,15,4,9,76,18,10,10,13,4,13,18,21,24,20,18,5,7,5,6,16,38,-20,10,29,-20,4,8,13,40,8,51,-20,13,7,17,10,7,11,3,18,12,14,18,33,40,27,35,32,7,34,6,42,19,20,36,-20,26,17,15,12,-20,16,5,9,13,18,14,-20,-20,25,-20,10,-20,32,31,18,15,20,16,16,10,16,17,23,16,11,48,28,39,50,37,14,11,25,18,23,39,29,14,19,27,17,83,32,31,7,24,34,52,13,-20,11,25,23,39,16,18,31,24,28,26,67,5,28,8,75,28,35,31,15,14,13,50,13,9,18,25,22,17,26,19,18,28,15,10,21,23,20,14,14,20,16,23,13,18,8,25,20,20,18,28,26,11,16,16,16,19,12,25,14,22,17,22,23,18,19,22,10,18,13,24,15,14,11,24,22,13,24,23,15,18,17,3,17,23,28,28,14,11,18,13,21,14,22,14,17,15,25,9,27,16,22,35,16,13,5,11,14,14,21,20,21,8,6,10,19,9,9,12,10,5,13,17,12,6,9,15,12,12,20,8,7,9,12,14,11,6,10,17,29,17,11,19,7,12,11,13,8,14,12,12,9,11,7,10,5,17,7,4,10,6,12,14,8,12,6,6,7,10,18,15,16,46,16,21,18,16,12,14,-20,13,11,15,-20,12,-20,-20,9,17,12,31,11,9,15,15,10,14,15,13,7,28,10,22,14,17,11,12,6,15,10,5,23,8,3,33,19,10,14,18,12,16,18,52,10,21,29,9,15,-20,12,13,5,9,8,16,12,10,9,10,40,23,7,4,10,-20,16,5,59,4,20,15,14,25,25,22,21,35,31,23,26,12,19,18,21,25,25,8,14,31,24,16,13,13,8,19,14,42,20,27,20,21,19,23,11,15,25,9,22,17,14,9,11,15,7,18,27,11,25,11,14,39,22,13,20,22,15,23,27,20,18,31,13,21,37,21,32,18,22,31,26,23,14,24,22,27,50,26,9,12,13,33,17,18,16,10,5,17,11,13,9,15,10,15,28,16,32,18,21,17,29,16,12,39,29,25,24,18,17,14,24,30,22,18,54,28,28,47,27,28,26,33,50,27,19,14,17,17,14,10,17,24,9,7,16,50,21,21,12,18,19,8,11,8,18,8,6,18,15,26,11,-20,-20,26,-20,25,-20,-20,-20,10,5,-20,-20,-20,20,-20,18,-20,-20,-20,-20,-20,-20,9,-20,7,-20,5,-20,-20,4,-20,-20,-20,-20,-20,-20,-20,-20,24,-20,-20,-20,-20,-20,-20,-20,-20,-20,-20,-20,14,4,-20,-20,-20,3,-20,-20,-20,-20,-20,-20,-20,-20,-20,-20,-20,-20,13,11,35,10,16,22,18,30,27,54,34,91,106,72,35,39,62,40,64
